condition_id,split,direction,input_speed_rpm,output_torque_nm,oil_temperature_deg_c,source_path,source_size_bytes,source_sha256
speed_100rpm__torque_0Nm__temperature_25degC,train,Fw,100.0,0.0,25.0,data/polished_dataset/forward/25degree/100rpm/100.0rpm0.0Nm25.0deg.csv,18431418,bc93264a1af0a183cc8cced0c64b97f350862cda920693c47a968de57d0d7c3e
speed_100rpm__torque_0Nm__temperature_35degC,train,Fw,100.0,0.0,35.0,data/polished_dataset/forward/35degree/100rpm/100.0rpm0.0Nm35.0deg.csv,18832583,735a2e4719b4b0361a8082a98091fb9b10bd2acc840d1256574337f1139dd980
speed_100rpm__torque_100Nm__temperature_25degC,train,Fw,100.0,100.0,25.0,data/polished_dataset/forward/25degree/100rpm/100.0rpm100.0Nm25.0deg.csv,18161060,e9bb3a0b88fab5a37e5fdd4da12c7109ce63b26946f047816f484f953840b40d
speed_100rpm__torque_200Nm__temperature_25degC,train,Fw,100.0,200.0,25.0,data/polished_dataset/forward/25degree/100rpm/100.0rpm200.0Nm25.0deg.csv,18279225,b107dd0117a3fb0d775fe9ef11dea4e16b0c531d45e6444ed555cc3afa9d0ed1
speed_100rpm__torque_200Nm__temperature_30degC,train,Fw,100.0,200.0,30.0,data/polished_dataset/forward/30degree/100rpm/100.0rpm200.0Nm30.0deg.csv,18214027,ee678fbb52abd67991fcd26804c7daff83d5f1f5a326c0749fca7ec613677d13
speed_100rpm__torque_200Nm__temperature_35degC,train,Fw,100.0,200.0,35.0,data/polished_dataset/forward/35degree/100rpm/100.0rpm200.0Nm35.0deg.csv,18670217,01d30a01f3e9bbc1fc706ca200c13f276d86d4803f802808a870eddbefdc2c1d
speed_100rpm__torque_300Nm__temperature_25degC,train,Fw,100.0,300.0,25.0,data/polished_dataset/forward/25degree/100rpm/100.0rpm300.0Nm25.0deg.csv,18263086,b98e9fa90fe21ba5a652f2493e79fe93d1e77de91d66831475dd36d91e420577
speed_100rpm__torque_300Nm__temperature_35degC,train,Fw,100.0,300.0,35.0,data/polished_dataset/forward/35degree/100rpm/100.0rpm300.0Nm35.0deg.csv,18729184,9d73233e97f0b8936eb1dd7feaa19687a86541284fa1def91eef05832f7e9be7
speed_100rpm__torque_400Nm__temperature_25degC,train,Fw,100.0,400.0,25.0,data/polished_dataset/forward/25degree/100rpm/100.0rpm400.0Nm25.0deg.csv,18257535,3d7013ab75b37525bbda171d6f5b231f8e2ea7bb470cc2a7ebbff65b28e1f603
speed_100rpm__torque_400Nm__temperature_35degC,train,Fw,100.0,400.0,35.0,data/polished_dataset/forward/35degree/100rpm/100.0rpm400.0Nm35.0deg.csv,18809664,9e0702fa03ee4c89f7cc95e52971c8ed1e1a68b1593b0120f606617f13c98917
speed_100rpm__torque_500Nm__temperature_25degC,train,Fw,100.0,500.0,25.0,data/polished_dataset/forward/25degree/100rpm/100.0rpm500.0Nm25.0deg.csv,18375007,4ca1dfbcdcc90cdee1677eae8d3baa107efdfdbef4f0687da9583413494edd3e
speed_100rpm__torque_600Nm__temperature_30degC,train,Fw,100.0,600.0,30.0,data/polished_dataset/forward/30degree/100rpm/100.0rpm600.0Nm30.0deg.csv,18323919,5ea1dbfc59b12da4a095dd584aa37df69322aa462c4289f67e49e58f72c930f5
speed_100rpm__torque_700Nm__temperature_25degC,train,Fw,100.0,700.0,25.0,data/polished_dataset/forward/25degree/100rpm/100.0rpm700.0Nm25.0deg.csv,18415745,74ae459ddce15c729ecfcbaa73a1fab6174525e19899ed2f4461a74f73e933ea
speed_100rpm__torque_700Nm__temperature_30degC,train,Fw,100.0,700.0,30.0,data/polished_dataset/forward/30degree/100rpm/100.0rpm700.0Nm30.0deg.csv,18287173,813ee773efb7b2169a15998196672a7ccdac234684544454a5e0956269bb1fc8
speed_100rpm__torque_700Nm__temperature_35degC,train,Fw,100.0,700.0,35.0,data/polished_dataset/forward/35degree/100rpm/100.0rpm700.0Nm35.0deg.csv,18842396,416c6b87e6055ee3fda9f9dd614a83cfcfc126243eadc09797a782c1eb3e0907
speed_100rpm__torque_800Nm__temperature_30degC,train,Fw,100.0,800.0,30.0,data/polished_dataset/forward/30degree/100rpm/100.0rpm800.0Nm30.0deg.csv,18301389,5fa0e240dfbac5f494411a1070c07f1a9443155cae08e47e50921ecdcfa5a0dd
speed_100rpm__torque_900Nm__temperature_25degC,train,Fw,100.0,900.0,25.0,data/polished_dataset/forward/25degree/100rpm/100.0rpm900.0Nm25.0deg.csv,18454370,1ca9faa688ec083c78dc6d1ff9c1bdf00b00e845399cb1fe1700b5bddeb84573
speed_100rpm__torque_1000Nm__temperature_25degC,train,Fw,100.0,1000.0,25.0,data/polished_dataset/forward/25degree/100rpm/100.0rpm1000.0Nm25.0deg.csv,18183296,9f4ba55a3d216b2f0737991552acbf5fa1414b219d644a0f9a401ed22886d8b3
speed_100rpm__torque_1000Nm__temperature_35degC,train,Fw,100.0,1000.0,35.0,data/polished_dataset/forward/35degree/100rpm/100.0rpm1000.0Nm35.0deg.csv,18617057,8477afab8c2d53ec28b996ff042ec898b45996daf66a976c68bcf744280f7d0c
speed_100rpm__torque_1100Nm__temperature_35degC,train,Fw,100.0,1100.0,35.0,data/polished_dataset/forward/35degree/100rpm/100.0rpm1100.0Nm35.0deg.csv,18537389,5a645e46941432f140f9d60e8745eff07dd4e96c11cdead8e631ede57e556b3c
speed_100rpm__torque_1200Nm__temperature_25degC,train,Fw,100.0,1200.0,25.0,data/polished_dataset/forward/25degree/100rpm/100.0rpm1200.0Nm25.0deg.csv,18317195,66ac085ea9ab8009e24f0ab733cc6054cf540dcfa59921c4d7a0608b26921a8f
speed_100rpm__torque_1200Nm__temperature_30degC,train,Fw,100.0,1200.0,30.0,data/polished_dataset/forward/30degree/100rpm/100.0rpm1200.0Nm30.0deg.csv,18421122,dc3f7df18eb8f27854e5a7da304c67da316178380bbe9c4e40b57585c291e676
speed_100rpm__torque_1300Nm__temperature_25degC,train,Fw,100.0,1300.0,25.0,data/polished_dataset/forward/25degree/100rpm/100.0rpm1300.0Nm25.0deg.csv,18287248,41dd68cdbab44935ba98e8b5fbc57bb8e3928571928d272da6d36eb8ae41cfcd
speed_100rpm__torque_1300Nm__temperature_30degC,train,Fw,100.0,1300.0,30.0,data/polished_dataset/forward/30degree/100rpm/100.0rpm1300.0Nm30.0deg.csv,18344590,9182e359301271b576398eed4941d1fd99f02456603962ef047626394e7c725d
speed_100rpm__torque_1300Nm__temperature_35degC,train,Fw,100.0,1300.0,35.0,data/polished_dataset/forward/35degree/100rpm/100.0rpm1300.0Nm35.0deg.csv,18629196,8fedd225fcd71a165a93018bd00018db834daf0211f5907a8649c3a34b165e00
speed_100rpm__torque_1400Nm__temperature_25degC,train,Fw,100.0,1400.0,25.0,data/polished_dataset/forward/25degree/100rpm/100.0rpm1400.0Nm25.0deg.csv,18282341,b94f53023537398691092200090b5c62a6c4273afdcb8595307b1c07b5e95296
speed_100rpm__torque_1400Nm__temperature_30degC,train,Fw,100.0,1400.0,30.0,data/polished_dataset/forward/30degree/100rpm/100.0rpm1400.0Nm30.0deg.csv,18278221,27310447868e5d6fdc398ff808ae5c1d728caff65f40fcc778af734ab7a7d80b
speed_100rpm__torque_1400Nm__temperature_35degC,train,Fw,100.0,1400.0,35.0,data/polished_dataset/forward/35degree/100rpm/100.0rpm1400.0Nm35.0deg.csv,18561989,5331b1e09f18f644052f8fec21b69cf6955b75a8df7840ba012b2263db966746
speed_100rpm__torque_1500Nm__temperature_25degC,train,Fw,100.0,1500.0,25.0,data/polished_dataset/forward/25degree/100rpm/100.0rpm1500.0Nm25.0deg.csv,18346011,2cb79c423b7f1fed54e702692325b80d25dba5f8cd08abc3b7683aedaa55f15a
speed_100rpm__torque_1500Nm__temperature_30degC,train,Fw,100.0,1500.0,30.0,data/polished_dataset/forward/30degree/100rpm/100.0rpm1500.0Nm30.0deg.csv,18102040,c443d159a04575dbd8c1f8b527d0a28d1e3055cdd5ac580a3fba5a7759677513
speed_100rpm__torque_1500Nm__temperature_35degC,train,Fw,100.0,1500.0,35.0,data/polished_dataset/forward/35degree/100rpm/100.0rpm1500.0Nm35.0deg.csv,18533465,b5f442757aafdd5bca64161f3ef31c241f7bc4d2174ec114201bad603fa02918
speed_100rpm__torque_1600Nm__temperature_25degC,train,Fw,100.0,1600.0,25.0,data/polished_dataset/forward/25degree/100rpm/100.0rpm1600.0Nm25.0deg.csv,18388189,115c163cc03869ba9beb42cbfdd1734ee53b0f81ca418dbe04b8c8f124bdc3ab
speed_100rpm__torque_1700Nm__temperature_25degC,train,Fw,100.0,1700.0,25.0,data/polished_dataset/forward/25degree/100rpm/100.0rpm1700.0Nm25.0deg.csv,18347296,c46a2c710e6ac59c0c59db877ecbbe76ff3e187faa9f00c6c3f1166d3b112eaf
speed_100rpm__torque_1700Nm__temperature_30degC,train,Fw,100.0,1700.0,30.0,data/polished_dataset/forward/30degree/100rpm/100.0rpm1700.0Nm30.0deg.csv,18405649,fe946ad511ec8ea65ef69bdf6b1cb3f675c60d3069e28bbc5d2642e50307aed3
speed_100rpm__torque_1800Nm__temperature_25degC,train,Fw,100.0,1800.0,25.0,data/polished_dataset/forward/25degree/100rpm/100.0rpm1800.0Nm25.0deg.csv,18302292,02b351479a4ba3d1b08eabc49fd2cc7462fff80f16c21e41479a699a9a2280bc
speed_100rpm__torque_1800Nm__temperature_30degC,train,Fw,100.0,1800.0,30.0,data/polished_dataset/forward/30degree/100rpm/100.0rpm1800.0Nm30.0deg.csv,18161219,097acac5cdca9a3707270cb836e05382286a5387fe00c9e49718c200734c0c71
speed_200rpm__torque_0Nm__temperature_25degC,train,Fw,200.0,0.0,25.0,data/polished_dataset/forward/25degree/200rpm/200.0rpm0.0Nm25.0deg.csv,9179399,fa1b5856221357a4077838125eda70ba55203026faccc723af1602e6a14643a5
speed_200rpm__torque_0Nm__temperature_30degC,train,Fw,200.0,0.0,30.0,data/polished_dataset/forward/30degree/200rpm/200.0rpm0.0Nm30.0deg.csv,9166915,0c224ffb206d5b6a2705333dbfdabc3e9a1bdd86b73d00d9a39bb73f9604ab09
speed_200rpm__torque_0Nm__temperature_35degC,train,Fw,200.0,0.0,35.0,data/polished_dataset/forward/35degree/200rpm/200.0rpm0.0Nm35.0deg.csv,9376070,01341c1c66f184d6c1ef4745a3176ad551960052a56b0719a5a4d3c8a6a2cdde
speed_200rpm__torque_100Nm__temperature_25degC,train,Fw,200.0,100.0,25.0,data/polished_dataset/forward/25degree/200rpm/200.0rpm100.0Nm25.0deg.csv,9085768,1b44d9a89a933a8e4ae92fbbb5f55c4f297f595acbd7b824b6dda9456faa0999
speed_200rpm__torque_100Nm__temperature_35degC,train,Fw,200.0,100.0,35.0,data/polished_dataset/forward/35degree/200rpm/200.0rpm100.0Nm35.0deg.csv,9370814,38f681ae547dbf9adbb5e88fa1fb12d7435a047fe3935f2ee2e382c98ea4477d
speed_200rpm__torque_200Nm__temperature_25degC,train,Fw,200.0,200.0,25.0,data/polished_dataset/forward/25degree/200rpm/200.0rpm200.0Nm25.0deg.csv,9156826,9956a74675e380790f3f3e0239fb0ad4afc86c88a52733932f453a6f95147e25
speed_200rpm__torque_200Nm__temperature_35degC,train,Fw,200.0,200.0,35.0,data/polished_dataset/forward/35degree/200rpm/200.0rpm200.0Nm35.0deg.csv,9292178,aa007646fcf2b9e84de37ec5d064888affa3e3bf1c1ac3a0f177d303f111a5bf
speed_200rpm__torque_300Nm__temperature_30degC,train,Fw,200.0,300.0,30.0,data/polished_dataset/forward/30degree/200rpm/200.0rpm300.0Nm30.0deg.csv,9169381,7d70f401f6bb424246cee4a50fc222fc3856210ce0b4f68cfc8add085bba66a5
speed_200rpm__torque_300Nm__temperature_35degC,train,Fw,200.0,300.0,35.0,data/polished_dataset/forward/35degree/200rpm/200.0rpm300.0Nm35.0deg.csv,9409935,ea912805430974639cadd7460693cef8136fb35164431dca01033c7c996780dc
speed_200rpm__torque_400Nm__temperature_25degC,train,Fw,200.0,400.0,25.0,data/polished_dataset/forward/25degree/200rpm/200.0rpm400.0Nm25.0deg.csv,9177634,b123076371ec5cf502643673d91b37eb1719937a3709fdbd1776e8e65f32d67c
speed_200rpm__torque_400Nm__temperature_30degC,train,Fw,200.0,400.0,30.0,data/polished_dataset/forward/30degree/200rpm/200.0rpm400.0Nm30.0deg.csv,9215200,ca45b25b32937595047b9fd542ebc9f95b18a5776749e1863e3d5f4d2baf6356
speed_200rpm__torque_400Nm__temperature_35degC,train,Fw,200.0,400.0,35.0,data/polished_dataset/forward/35degree/200rpm/200.0rpm400.0Nm35.0deg.csv,9331769,175486b36e92452cc706bad66676f63c01bf5c598e5557e9c75d022b3d4da10f
speed_200rpm__torque_500Nm__temperature_25degC,train,Fw,200.0,500.0,25.0,data/polished_dataset/forward/25degree/200rpm/200.0rpm500.0Nm25.0deg.csv,9173827,7f2276c86480b2d9cc43275daa9544dba8dc663cd4e3b9b8ef597c480848f9f0
speed_200rpm__torque_500Nm__temperature_30degC,train,Fw,200.0,500.0,30.0,data/polished_dataset/forward/30degree/200rpm/200.0rpm500.0Nm30.0deg.csv,9170601,29f88bca449aa85424f34fd2a39c2cff224f03cc5a91eb4d60e983af1d2014d0
speed_200rpm__torque_500Nm__temperature_35degC,train,Fw,200.0,500.0,35.0,data/polished_dataset/forward/35degree/200rpm/200.0rpm500.0Nm35.0deg.csv,9320256,8ff38dca94cf01da1ccb89b5d6bb27c6ebeb172f20cff384b17999cf1269eff7
speed_200rpm__torque_600Nm__temperature_25degC,train,Fw,200.0,600.0,25.0,data/polished_dataset/forward/25degree/200rpm/200.0rpm600.0Nm25.0deg.csv,9239477,cf7a94d42a049e057650cf4d33fe11e5627bb86929a80e653514702603d54484
speed_200rpm__torque_600Nm__temperature_35degC,train,Fw,200.0,600.0,35.0,data/polished_dataset/forward/35degree/200rpm/200.0rpm600.0Nm35.0deg.csv,9372185,cadf65866b7404579bc0192673725d60f225ac8225a3eb5e4e585799d9d9cc20
speed_200rpm__torque_700Nm__temperature_25degC,train,Fw,200.0,700.0,25.0,data/polished_dataset/forward/25degree/200rpm/200.0rpm700.0Nm25.0deg.csv,9174684,c5e2838061e0259145737bb5bc8975bee2410cfab6d82b30027348e82d18562e
speed_200rpm__torque_700Nm__temperature_35degC,train,Fw,200.0,700.0,35.0,data/polished_dataset/forward/35degree/200rpm/200.0rpm700.0Nm35.0deg.csv,9380255,2e8ee92377c6a05990f2e0af1712ec3daeadff67f529244fb74267aa41f52f12
speed_200rpm__torque_800Nm__temperature_25degC,train,Fw,200.0,800.0,25.0,data/polished_dataset/forward/25degree/200rpm/200.0rpm800.0Nm25.0deg.csv,9214048,1c18f33f12fdbfc0a28cda1b21e87149978f6d7c9d0cbdcbac631ab01029fbaa
speed_200rpm__torque_800Nm__temperature_30degC,train,Fw,200.0,800.0,30.0,data/polished_dataset/forward/30degree/200rpm/200.0rpm800.0Nm30.0deg.csv,9173345,095176ac6f6e1cc7a3ecc8faef9438b13eab246f31a8fd72c3eb177fa48e6ea1
speed_200rpm__torque_800Nm__temperature_35degC,train,Fw,200.0,800.0,35.0,data/polished_dataset/forward/35degree/200rpm/200.0rpm800.0Nm35.0deg.csv,9360991,7f8cde38adf0e20715b631c5bcdf5a318e1103504f90ab59be33828af7b07017
speed_200rpm__torque_900Nm__temperature_35degC,train,Fw,200.0,900.0,35.0,data/polished_dataset/forward/35degree/200rpm/200.0rpm900.0Nm35.0deg.csv,9384047,77e11870f04152b31fedc613b6e7f01df628c51173ffe32818e3d8487f515045
speed_200rpm__torque_1000Nm__temperature_25degC,train,Fw,200.0,1000.0,25.0,data/polished_dataset/forward/25degree/200rpm/200.0rpm1000.0Nm25.0deg.csv,9169359,a0541d5909fca9bd1aedb9d0385e6d1b0d0b67bd797876f9f185580891528934
speed_200rpm__torque_1000Nm__temperature_35degC,train,Fw,200.0,1000.0,35.0,data/polished_dataset/forward/35degree/200rpm/200.0rpm1000.0Nm35.0deg.csv,9261116,5594c4722d67598a4a04023b569515793f6db8282fabb1ea07470ab923563ec4
speed_200rpm__torque_1100Nm__temperature_25degC,train,Fw,200.0,1100.0,25.0,data/polished_dataset/forward/25degree/200rpm/200.0rpm1100.0Nm25.0deg.csv,9096128,68ce2fe49e3d8c26b8dc0539ac3dee8ff3df1539644b02be9b9ee0062e09444d
speed_200rpm__torque_1100Nm__temperature_30degC,train,Fw,200.0,1100.0,30.0,data/polished_dataset/forward/30degree/200rpm/200.0rpm1100.0Nm30.0deg.csv,9119431,3032b8be61c6e151caa5a29071a6789b1232bfecb7c1d5d425fd5307d7546083
speed_200rpm__torque_1200Nm__temperature_25degC,train,Fw,200.0,1200.0,25.0,data/polished_dataset/forward/25degree/200rpm/200.0rpm1200.0Nm25.0deg.csv,9128035,49e4408488ad31479afc7894342201893d4e69355efeb1b671b83132d52182cc
speed_200rpm__torque_1200Nm__temperature_30degC,train,Fw,200.0,1200.0,30.0,data/polished_dataset/forward/30degree/200rpm/200.0rpm1200.0Nm30.0deg.csv,9212005,7355093c02a0e72317625cf2b3af12236293d6d258a300ee0a8fbeab19e87cb3
speed_200rpm__torque_1200Nm__temperature_35degC,train,Fw,200.0,1200.0,35.0,data/polished_dataset/forward/35degree/200rpm/200.0rpm1200.0Nm35.0deg.csv,9321761,e5a2433d0eb184d006f255ca9eef23a2fd830f484e4c641c51e3e8e9cd602f64
speed_200rpm__torque_1300Nm__temperature_25degC,train,Fw,200.0,1300.0,25.0,data/polished_dataset/forward/25degree/200rpm/200.0rpm1300.0Nm25.0deg.csv,9098874,7b65c3d06b195764bc80c3fe9761bafecd592eb7f8c8015e30d7355824c7a686
speed_200rpm__torque_1300Nm__temperature_30degC,train,Fw,200.0,1300.0,30.0,data/polished_dataset/forward/30degree/200rpm/200.0rpm1300.0Nm30.0deg.csv,9169816,87e9b41094e09e00fd107e2f50791004846611ed7d2282d5e0463e8eb3f24d9f
speed_200rpm__torque_1300Nm__temperature_35degC,train,Fw,200.0,1300.0,35.0,data/polished_dataset/forward/35degree/200rpm/200.0rpm1300.0Nm35.0deg.csv,9369595,907682aa0ecd6b6303ea63df510166b9fea94ba160fb88b17a33ebbf729d8662
speed_200rpm__torque_1400Nm__temperature_25degC,train,Fw,200.0,1400.0,25.0,data/polished_dataset/forward/25degree/200rpm/200.0rpm1400.0Nm25.0deg.csv,9147713,bcf39869b9442cace41dc007cd4e66a7f54829591bf41dc1ae5814c08590e970
speed_200rpm__torque_1400Nm__temperature_30degC,train,Fw,200.0,1400.0,30.0,data/polished_dataset/forward/30degree/200rpm/200.0rpm1400.0Nm30.0deg.csv,9163980,328ef0c98e8f5140d7b46e03277bb84300ee5bea99c74c7491374744cb454e88
speed_200rpm__torque_1400Nm__temperature_35degC,train,Fw,200.0,1400.0,35.0,data/polished_dataset/forward/35degree/200rpm/200.0rpm1400.0Nm35.0deg.csv,9275159,b2c3fbc552e96c4b1f37a42ee58cb631f061ed8c401bbd37929de6efae405537
speed_200rpm__torque_1500Nm__temperature_25degC,train,Fw,200.0,1500.0,25.0,data/polished_dataset/forward/25degree/200rpm/200.0rpm1500.0Nm25.0deg.csv,9165662,e17cdc22ccecb3b843f673f73affefed3164a03ccb5f16da21130cef8351345d
speed_200rpm__torque_1500Nm__temperature_30degC,train,Fw,200.0,1500.0,30.0,data/polished_dataset/forward/30degree/200rpm/200.0rpm1500.0Nm30.0deg.csv,9107754,fd85423ce8e1a06d127d381c1bd1082c20ea6c0c77a6f0b92ecceefa98243ed4
speed_200rpm__torque_1500Nm__temperature_35degC,train,Fw,200.0,1500.0,35.0,data/polished_dataset/forward/35degree/200rpm/200.0rpm1500.0Nm35.0deg.csv,9265386,ff4f33ff86d12885ddc0b7632ff78083d5b9d2c7e0bd9a28a6e6bca453970216
speed_200rpm__torque_1600Nm__temperature_25degC,train,Fw,200.0,1600.0,25.0,data/polished_dataset/forward/25degree/200rpm/200.0rpm1600.0Nm25.0deg.csv,9182337,faf92bac1caad1f2a3948ad06808543b2250e09272e5e2ba4887c2036ae616d5
speed_200rpm__torque_1600Nm__temperature_30degC,train,Fw,200.0,1600.0,30.0,data/polished_dataset/forward/30degree/200rpm/200.0rpm1600.0Nm30.0deg.csv,9089996,0608fea1ebad6af03de5a7237ab1a38202e87b49ca9199ed9834ac17b2656ef7
speed_200rpm__torque_1600Nm__temperature_35degC,train,Fw,200.0,1600.0,35.0,data/polished_dataset/forward/35degree/200rpm/200.0rpm1600.0Nm35.0deg.csv,9335479,b9577763d988eadc926181fcfe1a01bb213652a338279c4701c61a7089b92c82
speed_200rpm__torque_1700Nm__temperature_25degC,train,Fw,200.0,1700.0,25.0,data/polished_dataset/forward/25degree/200rpm/200.0rpm1700.0Nm25.0deg.csv,9079693,cc1f9cb32bc3aeb6f32d1d6034b8e03bfe7a188a2d523cc83e3cd5e13e3df703
speed_200rpm__torque_1700Nm__temperature_30degC,train,Fw,200.0,1700.0,30.0,data/polished_dataset/forward/30degree/200rpm/200.0rpm1700.0Nm30.0deg.csv,9153604,e692fd101b99353ade32ba8e512008d6394eafcb9bb4ed18cab2a91233e123b4
speed_200rpm__torque_1800Nm__temperature_25degC,train,Fw,200.0,1800.0,25.0,data/polished_dataset/forward/25degree/200rpm/200.0rpm1800.0Nm25.0deg.csv,9095871,207080eb70a84b757366f2adaffc76a1449a06f12d0f1756a3c544c02d2c67d0
speed_200rpm__torque_1800Nm__temperature_30degC,train,Fw,200.0,1800.0,30.0,data/polished_dataset/forward/30degree/200rpm/200.0rpm1800.0Nm30.0deg.csv,9039891,aa590dfe0a2cbfa570fca353021335057ed2c88f0baeae50134f38615211b275
speed_200rpm__torque_1800Nm__temperature_35degC,train,Fw,200.0,1800.0,35.0,data/polished_dataset/forward/35degree/200rpm/200.0rpm1800.0Nm35.0deg.csv,9230424,c604e7c9a425aa69055de4619547fea3b292babdc2fe3761c63d73083d9276fb
speed_300rpm__torque_0Nm__temperature_25degC,train,Fw,300.0,0.0,25.0,data/polished_dataset/forward/25degree/300rpm/300.0rpm0.0Nm25.0deg.csv,6114170,57118e7c5e1571841e13520e7f6ec72499a79b7e2c457308105ab37c14be0fcf
speed_300rpm__torque_0Nm__temperature_30degC,train,Fw,300.0,0.0,30.0,data/polished_dataset/forward/30degree/300rpm/300.0rpm0.0Nm30.0deg.csv,6138644,cfe5b2d970065a565194243f88cd5020807c9fb3bdafa6ce05e819a6d3e2592f
speed_300rpm__torque_0Nm__temperature_35degC,train,Fw,300.0,0.0,35.0,data/polished_dataset/forward/35degree/300rpm/300.0rpm0.0Nm35.0deg.csv,6226481,3fc9e44550d16f3146fd0bd6a03f060b50de6f2e0db7a5962eabf84f55ad0c32
speed_300rpm__torque_100Nm__temperature_25degC,train,Fw,300.0,100.0,25.0,data/polished_dataset/forward/25degree/300rpm/300.0rpm100.0Nm25.0deg.csv,6085549,0e16ea41ee68b0b2399bc4043292ee31a0f353f61f6bfdc69cc2c50c80003568
speed_300rpm__torque_100Nm__temperature_30degC,train,Fw,300.0,100.0,30.0,data/polished_dataset/forward/30degree/300rpm/300.0rpm100.0Nm30.0deg.csv,6075713,662b3ef162b4a257520ff2b6d82943a9f8578febbba5dd0fdfda2bf5624227e3
speed_300rpm__torque_200Nm__temperature_25degC,train,Fw,300.0,200.0,25.0,data/polished_dataset/forward/25degree/300rpm/300.0rpm200.0Nm25.0deg.csv,6111246,e9e06ed0fb7cd4aafaf90d623246cca7f5166f4ba0d4b230b5546998a59a78ae
speed_300rpm__torque_200Nm__temperature_35degC,train,Fw,300.0,200.0,35.0,data/polished_dataset/forward/35degree/300rpm/300.0rpm200.0Nm35.0deg.csv,6251146,7476fa07baa9394f71388eec9c4bfa4475d7ff8fd58ffbf7e5fd6532a08055e0
speed_300rpm__torque_300Nm__temperature_25degC,train,Fw,300.0,300.0,25.0,data/polished_dataset/forward/25degree/300rpm/300.0rpm300.0Nm25.0deg.csv,6155135,394d92f0a4475adbb492572f064dfc34dda37d50e44b8e1c1028d8f38f0bc4ff
speed_300rpm__torque_300Nm__temperature_30degC,train,Fw,300.0,300.0,30.0,data/polished_dataset/forward/30degree/300rpm/300.0rpm300.0Nm30.0deg.csv,6116182,fd1243f4f4a6bddaa0fe01e42f3001d50fb7a9efa52708b6e768f69ef09e102a
speed_300rpm__torque_300Nm__temperature_35degC,train,Fw,300.0,300.0,35.0,data/polished_dataset/forward/35degree/300rpm/300.0rpm300.0Nm35.0deg.csv,6261781,ebcc2d4bdfcd0286d047638e069a530deb4c32d2ba6bb58b9f28d31a3bf66183
speed_300rpm__torque_400Nm__temperature_25degC,train,Fw,300.0,400.0,25.0,data/polished_dataset/forward/25degree/300rpm/300.0rpm400.0Nm25.0deg.csv,6119570,99709c29d0f9a7840a99079c27ee0d966f66e8fe2f6aba7dcbb1844bf19bba32
speed_300rpm__torque_400Nm__temperature_30degC,train,Fw,300.0,400.0,30.0,data/polished_dataset/forward/30degree/300rpm/300.0rpm400.0Nm30.0deg.csv,6122099,d98ffb723811b6b13850ad521d57cb32cb27c603fa7941b94718fe94dc2ae80e
speed_300rpm__torque_400Nm__temperature_35degC,train,Fw,300.0,400.0,35.0,data/polished_dataset/forward/35degree/300rpm/300.0rpm400.0Nm35.0deg.csv,6247416,40cb26f98b97b9b65b4d5a1aa292011e647919110f82f5e7f841f99b2a6e258e
speed_300rpm__torque_500Nm__temperature_30degC,train,Fw,300.0,500.0,30.0,data/polished_dataset/forward/30degree/300rpm/300.0rpm500.0Nm30.0deg.csv,6152991,1909f7aa4d2a021e2b294ca1301c07aa4d67cee1e1958235ab326a69bf6c5207
speed_300rpm__torque_500Nm__temperature_35degC,train,Fw,300.0,500.0,35.0,data/polished_dataset/forward/35degree/300rpm/300.0rpm500.0Nm35.0deg.csv,6246695,003996b2eabaa88429b56483c192c9bd492e32bff3841504f5653b49e594faa0
speed_300rpm__torque_600Nm__temperature_25degC,train,Fw,300.0,600.0,25.0,data/polished_dataset/forward/25degree/300rpm/300.0rpm600.0Nm25.0deg.csv,6128109,c68b98ba53fbb68b081b203abf72907a037327acbe898431c8fdbaf5ac3d92eb
speed_300rpm__torque_600Nm__temperature_30degC,train,Fw,300.0,600.0,30.0,data/polished_dataset/forward/30degree/300rpm/300.0rpm600.0Nm30.0deg.csv,6177339,5986c6bd8d8020f2274f33c123311cbc8b1a65a853a3846f0ecaeeeaf1bf2eaf
speed_300rpm__torque_600Nm__temperature_35degC,train,Fw,300.0,600.0,35.0,data/polished_dataset/forward/35degree/300rpm/300.0rpm600.0Nm35.0deg.csv,6255336,3cfaab07b5e2b81979e45c30c90b49a2c24a48348902993c879baeedb0b5812f
speed_300rpm__torque_700Nm__temperature_25degC,train,Fw,300.0,700.0,25.0,data/polished_dataset/forward/25degree/300rpm/300.0rpm700.0Nm25.0deg.csv,6135182,ce55787d07542a0866eae8a0852083e2b4e9a7005d3baecf73cd28a8a8c0c0c9
speed_300rpm__torque_700Nm__temperature_30degC,train,Fw,300.0,700.0,30.0,data/polished_dataset/forward/30degree/300rpm/300.0rpm700.0Nm30.0deg.csv,6268033,a68e6107216be1e589aa0881441c58bdd3f9be063147830a1619d51189263ca6
speed_300rpm__torque_700Nm__temperature_35degC,train,Fw,300.0,700.0,35.0,data/polished_dataset/forward/35degree/300rpm/300.0rpm700.0Nm35.0deg.csv,6272498,52dbc6a3f14352c4abe598d1a40f56a49575189dc36d71f8ccaab2335c3911a4
speed_300rpm__torque_800Nm__temperature_30degC,train,Fw,300.0,800.0,30.0,data/polished_dataset/forward/30degree/300rpm/300.0rpm800.0Nm30.0deg.csv,6103662,2d59f4e30effd896359cb143351f3e885db627a1798ecb6c76225940b8defa7d
speed_300rpm__torque_800Nm__temperature_35degC,train,Fw,300.0,800.0,35.0,data/polished_dataset/forward/35degree/300rpm/300.0rpm800.0Nm35.0deg.csv,6283103,b514928355cb9f2a429a40a73f7550c69e3c47f5c73b117dcdf2bb1749169177
speed_300rpm__torque_900Nm__temperature_25degC,train,Fw,300.0,900.0,25.0,data/polished_dataset/forward/25degree/300rpm/300.0rpm900.0Nm25.0deg.csv,6119822,1bfc1357e6dc26ae40c5a42fea9b917b38a302ac047d270271efea113f186282
speed_300rpm__torque_900Nm__temperature_30degC,train,Fw,300.0,900.0,30.0,data/polished_dataset/forward/30degree/300rpm/300.0rpm900.0Nm30.0deg.csv,6121970,c9097d441c878dc376a39d395998e2a1b2272bcf8488311dfee34dd22bdda3dd
speed_300rpm__torque_900Nm__temperature_35degC,train,Fw,300.0,900.0,35.0,data/polished_dataset/forward/35degree/300rpm/300.0rpm900.0Nm35.0deg.csv,6285926,1bf719c292233685976cc2de073b12bbdfd8e5eaa0cc60a83a8bc31ee451dc2e
speed_300rpm__torque_1000Nm__temperature_30degC,train,Fw,300.0,1000.0,30.0,data/polished_dataset/forward/30degree/300rpm/300.0rpm1000.0Nm30.0deg.csv,6060190,4e9a76b3f15dc7058ca25529f0f5c51057a7dfd74827ef99b2f1cc62429c3af6
speed_300rpm__torque_1000Nm__temperature_35degC,train,Fw,300.0,1000.0,35.0,data/polished_dataset/forward/35degree/300rpm/300.0rpm1000.0Nm35.0deg.csv,6217634,a1c2acb2759dc62023f436e56093ea4fcc29331d00f6e2c7bb4ce75098d3fc81
speed_300rpm__torque_1200Nm__temperature_30degC,train,Fw,300.0,1200.0,30.0,data/polished_dataset/forward/30degree/300rpm/300.0rpm1200.0Nm30.0deg.csv,6077648,d359cf5a575c01a4be6e89f625221a1d006042b0befbe95f836c9274ba89add7
speed_300rpm__torque_1200Nm__temperature_35degC,train,Fw,300.0,1200.0,35.0,data/polished_dataset/forward/35degree/300rpm/300.0rpm1200.0Nm35.0deg.csv,6253331,ae92b620ab5e35d6385ea250705434b78b987d4cfd85717e323444187528a1b1
speed_300rpm__torque_1300Nm__temperature_25degC,train,Fw,300.0,1300.0,25.0,data/polished_dataset/forward/25degree/300rpm/300.0rpm1300.0Nm25.0deg.csv,6069389,af3e67125b16790a461961f87a23611e0ab013f7b17c5dfbbffb7326b8f9582f
speed_300rpm__torque_1300Nm__temperature_30degC,train,Fw,300.0,1300.0,30.0,data/polished_dataset/forward/30degree/300rpm/300.0rpm1300.0Nm30.0deg.csv,6094801,9b12a84e3e4c112d935e8e6097ab0aca0d6431351fd58a438e58cb80cd0379c4
speed_300rpm__torque_1300Nm__temperature_35degC,train,Fw,300.0,1300.0,35.0,data/polished_dataset/forward/35degree/300rpm/300.0rpm1300.0Nm35.0deg.csv,6219253,18fa25dc1700fcb44a064a999f05276efeff3826c948267cf963095fb3afd351
speed_300rpm__torque_1400Nm__temperature_25degC,train,Fw,300.0,1400.0,25.0,data/polished_dataset/forward/25degree/300rpm/300.0rpm1400.0Nm25.0deg.csv,6071857,03ce200e3db85883b97bf56dbf325a326cb1dd7ede1e0afda823ec4eeb0c90f9
speed_300rpm__torque_1400Nm__temperature_35degC,train,Fw,300.0,1400.0,35.0,data/polished_dataset/forward/35degree/300rpm/300.0rpm1400.0Nm35.0deg.csv,6252258,5a32f05ae5d2dba71d704ac16f0073fe27bc90a18f545732d588b64a58386c5d
speed_300rpm__torque_1500Nm__temperature_25degC,train,Fw,300.0,1500.0,25.0,data/polished_dataset/forward/25degree/300rpm/300.0rpm1500.0Nm25.0deg.csv,6141332,a46d32088ad45f6bf65113d5248d0287ede22e40f3ec9e20cf709dc191c92a62
speed_300rpm__torque_1500Nm__temperature_30degC,train,Fw,300.0,1500.0,30.0,data/polished_dataset/forward/30degree/300rpm/300.0rpm1500.0Nm30.0deg.csv,6048540,fcd5e163462bdde5511081b28f5d26bbd8ccc4c0ef3c386cc07a05eb113260ca
speed_300rpm__torque_1500Nm__temperature_35degC,train,Fw,300.0,1500.0,35.0,data/polished_dataset/forward/35degree/300rpm/300.0rpm1500.0Nm35.0deg.csv,6239509,392fb13af721171d1c186eb0267b6aec0eac225079058f22b53500b5370990ac
speed_300rpm__torque_1600Nm__temperature_25degC,train,Fw,300.0,1600.0,25.0,data/polished_dataset/forward/25degree/300rpm/300.0rpm1600.0Nm25.0deg.csv,6096857,d46d8896c1e087649224d467bdb8b799c6cbd65a2c37aac16982b5d4f9fb53cf
speed_300rpm__torque_1600Nm__temperature_30degC,train,Fw,300.0,1600.0,30.0,data/polished_dataset/forward/30degree/300rpm/300.0rpm1600.0Nm30.0deg.csv,6072206,fb7b3ced158c8065f4649f262ebd660f285795b559c92930a26513946def6a50
speed_300rpm__torque_1600Nm__temperature_35degC,train,Fw,300.0,1600.0,35.0,data/polished_dataset/forward/35degree/300rpm/300.0rpm1600.0Nm35.0deg.csv,6230172,f836f7ca15ae37d0eec75f844ebe43841d72fd63a878a401fc8c5c783e4bb235
speed_300rpm__torque_1700Nm__temperature_25degC,train,Fw,300.0,1700.0,25.0,data/polished_dataset/forward/25degree/300rpm/300.0rpm1700.0Nm25.0deg.csv,6088873,556f30a8a7a95bf6e65202e24ef857c347d63f20196a76f8ff77f7cd0594b73c
speed_300rpm__torque_1700Nm__temperature_30degC,train,Fw,300.0,1700.0,30.0,data/polished_dataset/forward/30degree/300rpm/300.0rpm1700.0Nm30.0deg.csv,6045227,0ec455b00f3a04a9b47c826b9226508da74b3c957590565964956b8f5e4046b3
speed_300rpm__torque_1700Nm__temperature_35degC,train,Fw,300.0,1700.0,35.0,data/polished_dataset/forward/35degree/300rpm/300.0rpm1700.0Nm35.0deg.csv,6208723,4ee07e77785ab13b68b55caa7092cd897b3a1b94258a44c1243155b059afc7f2
speed_300rpm__torque_1800Nm__temperature_25degC,train,Fw,300.0,1800.0,25.0,data/polished_dataset/forward/25degree/300rpm/300.0rpm1800.0Nm25.0deg.csv,6068413,68550a032207ee1a03fa540087c378d04ff6171bd5408ce84cc2e946dffa7f68
speed_300rpm__torque_1800Nm__temperature_30degC,train,Fw,300.0,1800.0,30.0,data/polished_dataset/forward/30degree/300rpm/300.0rpm1800.0Nm30.0deg.csv,6044496,3613f3115c9320a8696703a673219f81d03844484203c7b52b26535718e541a6
speed_300rpm__torque_1800Nm__temperature_35degC,train,Fw,300.0,1800.0,35.0,data/polished_dataset/forward/35degree/300rpm/300.0rpm1800.0Nm35.0deg.csv,6201398,44fcae2ad26d3ed07a08bde23e8027290dcc89f285fc5ca8cd0b7ca6a687dc20
speed_400rpm__torque_0Nm__temperature_25degC,train,Fw,400.0,0.0,25.0,data/polished_dataset/forward/25degree/400rpm/400.0rpm0.0Nm25.0deg.csv,4591567,e13e2d7f8138b03de4629f1d24a8834140324f7c04ce97a72bd604c9eca23d53
speed_400rpm__torque_100Nm__temperature_30degC,train,Fw,400.0,100.0,30.0,data/polished_dataset/forward/30degree/400rpm/400.0rpm100.0Nm30.0deg.csv,4555050,5517134683c0a667e8d4b67a32caa0cdfab43f4de6f16576d0aa1932e24eec11
speed_400rpm__torque_100Nm__temperature_35degC,train,Fw,400.0,100.0,35.0,data/polished_dataset/forward/35degree/400rpm/400.0rpm100.0Nm35.0deg.csv,4688652,7b44fada0af3ebb4c5ce280ee95181b77bc8116064ef1b687ffe640506f46ffb
speed_400rpm__torque_200Nm__temperature_35degC,train,Fw,400.0,200.0,35.0,data/polished_dataset/forward/35degree/400rpm/400.0rpm200.0Nm35.0deg.csv,4675526,394a7226d6cf3dc7755f1b745f70c26258917af68617fa589160c056563b2ab1
speed_400rpm__torque_300Nm__temperature_30degC,train,Fw,400.0,300.0,30.0,data/polished_dataset/forward/30degree/400rpm/400.0rpm300.0Nm30.0deg.csv,4610033,e3d416527adb49dbc26f20081c47419506d38e011882dbf8afdab1cef2705919
speed_400rpm__torque_300Nm__temperature_35degC,train,Fw,400.0,300.0,35.0,data/polished_dataset/forward/35degree/400rpm/400.0rpm300.0Nm35.0deg.csv,4689964,37a57a9287b915053a6e65fbf4243dd02761f64f16b610d7b2b186d30855bf01
speed_400rpm__torque_500Nm__temperature_25degC,train,Fw,400.0,500.0,25.0,data/polished_dataset/forward/25degree/400rpm/400.0rpm500.0Nm25.0deg.csv,4589642,0001d3d70b7391567110c4a71ff506918c7577f0fb64db6d4cb9c9bb1e1cb847
speed_400rpm__torque_500Nm__temperature_30degC,train,Fw,400.0,500.0,30.0,data/polished_dataset/forward/30degree/400rpm/400.0rpm500.0Nm30.0deg.csv,4639619,c7ae5ccead85f138ed5ecf6dc16862f5760ac9a7e17b6e3f14240260f66e6d6e
speed_400rpm__torque_600Nm__temperature_30degC,train,Fw,400.0,600.0,30.0,data/polished_dataset/forward/30degree/400rpm/400.0rpm600.0Nm30.0deg.csv,4624281,944c9176cf537988793362937d58041bd37e42d0258260347770a9093a48896a
speed_400rpm__torque_700Nm__temperature_35degC,train,Fw,400.0,700.0,35.0,data/polished_dataset/forward/35degree/400rpm/400.0rpm700.0Nm35.0deg.csv,4695932,5477c042a0d88f621b3058ebc5a263170d94a5fba8e615190cc705b9efac6d32
speed_400rpm__torque_800Nm__temperature_25degC,train,Fw,400.0,800.0,25.0,data/polished_dataset/forward/25degree/400rpm/400.0rpm800.0Nm25.0deg.csv,4594953,a0fa45cdfbd4a482e04bea64596dd18d6ada7158175bc293a6b8ddf9799de3e6
speed_400rpm__torque_800Nm__temperature_30degC,train,Fw,400.0,800.0,30.0,data/polished_dataset/forward/30degree/400rpm/400.0rpm800.0Nm30.0deg.csv,4573649,1a1035d1b92b6760ce0a2a945593fc96150f113b4fc9ba8a4e427e714f5e368c
speed_400rpm__torque_800Nm__temperature_35degC,train,Fw,400.0,800.0,35.0,data/polished_dataset/forward/35degree/400rpm/400.0rpm800.0Nm35.0deg.csv,4675509,1484af2c4b96ac092ca90006eaf54ee2fe43d34417784c16213545300173946e
speed_400rpm__torque_1000Nm__temperature_35degC,train,Fw,400.0,1000.0,35.0,data/polished_dataset/forward/35degree/400rpm/400.0rpm1000.0Nm35.0deg.csv,4631382,b2355c26fbda5e93dbe2f072e9a23696d3fc6bb76196a11a17f58c9584b6e673
speed_400rpm__torque_1100Nm__temperature_25degC,train,Fw,400.0,1100.0,25.0,data/polished_dataset/forward/25degree/400rpm/400.0rpm1100.0Nm25.0deg.csv,4536703,6d906f2a23110f99e84e6986481379a1ee3d54a544cf97ae51deae33d828d992
speed_400rpm__torque_1100Nm__temperature_30degC,train,Fw,400.0,1100.0,30.0,data/polished_dataset/forward/30degree/400rpm/400.0rpm1100.0Nm30.0deg.csv,4554608,e931908965b4a119b4729dfdb9aca563c829b33253857b0cd90d3ad8901d55d1
speed_400rpm__torque_1100Nm__temperature_35degC,train,Fw,400.0,1100.0,35.0,data/polished_dataset/forward/35degree/400rpm/400.0rpm1100.0Nm35.0deg.csv,4631116,ea00cbf9ef14944029b48bb8eb70748529a77239636e7ddcb4d8143860a23b96
speed_400rpm__torque_1200Nm__temperature_25degC,train,Fw,400.0,1200.0,25.0,data/polished_dataset/forward/25degree/400rpm/400.0rpm1200.0Nm25.0deg.csv,4587987,5226f4bbfd307ad50794867ad8b7c669d9c45fcd9b0f5904a0df1d0fcae62cf9
speed_400rpm__torque_1200Nm__temperature_30degC,train,Fw,400.0,1200.0,30.0,data/polished_dataset/forward/30degree/400rpm/400.0rpm1200.0Nm30.0deg.csv,4567053,b0e31bae5121b2b2836aeb28f48561572f77054818e21d453297e46e25d11d50
speed_400rpm__torque_1200Nm__temperature_35degC,train,Fw,400.0,1200.0,35.0,data/polished_dataset/forward/35degree/400rpm/400.0rpm1200.0Nm35.0deg.csv,4679450,a71aa46115f55ac9f9b3f9858b8ab69a277397397da411f7ac62e583c34fc72c
speed_400rpm__torque_1300Nm__temperature_25degC,train,Fw,400.0,1300.0,25.0,data/polished_dataset/forward/25degree/400rpm/400.0rpm1300.0Nm25.0deg.csv,4574510,6ce63e1dc2a5b4662204b362de080d5976f85a3f20c46a4a1e96628a4387f91d
speed_400rpm__torque_1300Nm__temperature_35degC,train,Fw,400.0,1300.0,35.0,data/polished_dataset/forward/35degree/400rpm/400.0rpm1300.0Nm35.0deg.csv,4680663,d6f54cb79637763e0485f51db2567be4b13f9e2bff6fa899dbc94e7fec0c3883
speed_400rpm__torque_1400Nm__temperature_30degC,train,Fw,400.0,1400.0,30.0,data/polished_dataset/forward/30degree/400rpm/400.0rpm1400.0Nm30.0deg.csv,4562014,38731244f7643d31e1b6cdaaab4add553753b4e867e0de5c84e57850174de9f2
speed_400rpm__torque_1400Nm__temperature_35degC,train,Fw,400.0,1400.0,35.0,data/polished_dataset/forward/35degree/400rpm/400.0rpm1400.0Nm35.0deg.csv,4668147,7288d314321943cb5eefc04f82e9dadf7a37c11c7595ad017bc4cd54914c2450
speed_400rpm__torque_1500Nm__temperature_25degC,train,Fw,400.0,1500.0,25.0,data/polished_dataset/forward/25degree/400rpm/400.0rpm1500.0Nm25.0deg.csv,4579030,10a40e2b723f0c3407e987f0b689c9fd42adaec76de35992a68f38d74d36f2b9
speed_400rpm__torque_1500Nm__temperature_30degC,train,Fw,400.0,1500.0,30.0,data/polished_dataset/forward/30degree/400rpm/400.0rpm1500.0Nm30.0deg.csv,4545340,c50940d8c625c2f46880aa9a7d6e2242973931040aa3a589f12ebf240ca8c366
speed_400rpm__torque_1500Nm__temperature_35degC,train,Fw,400.0,1500.0,35.0,data/polished_dataset/forward/35degree/400rpm/400.0rpm1500.0Nm35.0deg.csv,4635670,31c29197368cc754bc32dd3e32b09985cfb62b5d80246fad77f1b20e8e528f09
speed_400rpm__torque_1600Nm__temperature_25degC,train,Fw,400.0,1600.0,25.0,data/polished_dataset/forward/25degree/400rpm/400.0rpm1600.0Nm25.0deg.csv,4562217,6b3d37dd1d80350a8670cbc6c37384c2647aecaa25bbe0742ca65f39658e1e67
speed_400rpm__torque_1600Nm__temperature_30degC,train,Fw,400.0,1600.0,30.0,data/polished_dataset/forward/30degree/400rpm/400.0rpm1600.0Nm30.0deg.csv,4557751,c3339d6c40921f388450deabbda06ffb3c4666f1b4f510b1d71840d87d4496f6
speed_400rpm__torque_1700Nm__temperature_25degC,train,Fw,400.0,1700.0,25.0,data/polished_dataset/forward/25degree/400rpm/400.0rpm1700.0Nm25.0deg.csv,4575760,d4161b8711573e74258ad9eb0dad35c69fbc1cf157deba73623aa1e56751e232
speed_400rpm__torque_1700Nm__temperature_30degC,train,Fw,400.0,1700.0,30.0,data/polished_dataset/forward/30degree/400rpm/400.0rpm1700.0Nm30.0deg.csv,4533542,f953e834b86252a50394efed5752b70a8a4078029c7afd1a288831184a1d45c3
speed_400rpm__torque_1700Nm__temperature_35degC,train,Fw,400.0,1700.0,35.0,data/polished_dataset/forward/35degree/400rpm/400.0rpm1700.0Nm35.0deg.csv,4678182,e18cb503d87eefe568a9fe5620e8e47f1b41d1885f9475ad205238b4dfade574
speed_400rpm__torque_1800Nm__temperature_25degC,train,Fw,400.0,1800.0,25.0,data/polished_dataset/forward/25degree/400rpm/400.0rpm1800.0Nm25.0deg.csv,4557592,3bbbf2412c386e6e475f539b2e9c2af6276f8d46294b2ea18df8587cf3f652ec
speed_400rpm__torque_1800Nm__temperature_30degC,train,Fw,400.0,1800.0,30.0,data/polished_dataset/forward/30degree/400rpm/400.0rpm1800.0Nm30.0deg.csv,4548237,94e03f2260ca86696b47a734fceae00b5fdc98868ba60e562c36883eb69183d0
speed_500rpm__torque_0Nm__temperature_25degC,train,Fw,500.0,0.0,25.0,data/polished_dataset/forward/25degree/500rpm/500.0rpm0.0Nm25.0deg.csv,3672217,121031f2b1ae45a2f2fb0ef7783efdaeea19a0f164c2be7e53298eeac099c5d2
speed_500rpm__torque_0Nm__temperature_35degC,train,Fw,500.0,0.0,35.0,data/polished_dataset/forward/35degree/500rpm/500.0rpm0.0Nm35.0deg.csv,3739372,69c29001cbadf256bb6edfb1753edc3439e3e3a936e586ec524a5b8a2ef1fa64
speed_500rpm__torque_100Nm__temperature_35degC,train,Fw,500.0,100.0,35.0,data/polished_dataset/forward/35degree/500rpm/500.0rpm100.0Nm35.0deg.csv,3750676,1abe1a806f613bd1aa76925ac8c13e3fe1edc4e22ab782a5c439c8cafa285b71
speed_500rpm__torque_200Nm__temperature_25degC,train,Fw,500.0,200.0,25.0,data/polished_dataset/forward/25degree/500rpm/500.0rpm200.0Nm25.0deg.csv,3644925,3db5fa95cd586149f880967e584d23e58db64a3e23c998c6c9c16a6c4f4d50d7
speed_500rpm__torque_200Nm__temperature_30degC,train,Fw,500.0,200.0,30.0,data/polished_dataset/forward/30degree/500rpm/500.0rpm200.0Nm30.0deg.csv,3649889,4dc065d501b522a727b4b47b67b38e0c4d76ec8cc660652de9fb07bbd39deb5c
speed_500rpm__torque_300Nm__temperature_25degC,train,Fw,500.0,300.0,25.0,data/polished_dataset/forward/25degree/500rpm/500.0rpm300.0Nm25.0deg.csv,3694898,5f760e53737701b98f2e1300d4f30ed850a3b7f7e3731c6f037aa421cea759bd
speed_500rpm__torque_300Nm__temperature_30degC,train,Fw,500.0,300.0,30.0,data/polished_dataset/forward/30degree/500rpm/500.0rpm300.0Nm30.0deg.csv,3694933,88403003bd464267af3abc64b479496feb2ef5aa8dffcf4ce0f5919a3274cadb
speed_500rpm__torque_400Nm__temperature_25degC,train,Fw,500.0,400.0,25.0,data/polished_dataset/forward/25degree/500rpm/500.0rpm400.0Nm25.0deg.csv,3693497,0a76098f16d9e9ea4821a79f9509c6de0f7311c54528d436658c23af79754394
speed_500rpm__torque_400Nm__temperature_35degC,train,Fw,500.0,400.0,35.0,data/polished_dataset/forward/35degree/500rpm/500.0rpm400.0Nm35.0deg.csv,3749889,d539e7b2b6e2cc05b2a8d3b9095a6b2da39676816fbed0469ab92d8ff117a19e
speed_500rpm__torque_500Nm__temperature_25degC,train,Fw,500.0,500.0,25.0,data/polished_dataset/forward/25degree/500rpm/500.0rpm500.0Nm25.0deg.csv,3669250,aceba5c205649807b50f42e6446a94a6802e3ef9709ec0615a96bc297dfb1a2f
speed_500rpm__torque_500Nm__temperature_30degC,train,Fw,500.0,500.0,30.0,data/polished_dataset/forward/30degree/500rpm/500.0rpm500.0Nm30.0deg.csv,3675806,cdde51b41ab1a96c87f6ca653204ad45469b185123e69d5e997423614ad34eba
speed_500rpm__torque_500Nm__temperature_35degC,train,Fw,500.0,500.0,35.0,data/polished_dataset/forward/35degree/500rpm/500.0rpm500.0Nm35.0deg.csv,3749813,5dbe340b25e53e039fb050e2765c7471401821f17c32d9a99434d40b299582e8
speed_500rpm__torque_600Nm__temperature_25degC,train,Fw,500.0,600.0,25.0,data/polished_dataset/forward/25degree/500rpm/500.0rpm600.0Nm25.0deg.csv,3702627,83f16e256f2e82d4537d808830b9f6ab30bf278c16d58d6aac6320c98f6ce63a
speed_500rpm__torque_700Nm__temperature_30degC,train,Fw,500.0,700.0,30.0,data/polished_dataset/forward/30degree/500rpm/500.0rpm700.0Nm30.0deg.csv,3712350,ef77f766ffe0d61223bb50ec294acc15d73679171193907fd76bebe5079cdb33
speed_500rpm__torque_800Nm__temperature_25degC,train,Fw,500.0,800.0,25.0,data/polished_dataset/forward/25degree/500rpm/500.0rpm800.0Nm25.0deg.csv,3674718,2149cbace5888553f47104b2f6459e5f54382ca3bafdd1161c28b42098fb1a53
speed_500rpm__torque_800Nm__temperature_30degC,train,Fw,500.0,800.0,30.0,data/polished_dataset/forward/30degree/500rpm/500.0rpm800.0Nm30.0deg.csv,3700840,ba66dc2ad290119246697723094d91045b9aa96aa48cf8d785bebdc842ddc15b
speed_500rpm__torque_800Nm__temperature_35degC,train,Fw,500.0,800.0,35.0,data/polished_dataset/forward/35degree/500rpm/500.0rpm800.0Nm35.0deg.csv,3738693,fe65ccc7d15f06ceb02aa96bb0fd36d0e89d3e25deecce4fb30766c5b773c6b6
speed_500rpm__torque_900Nm__temperature_25degC,train,Fw,500.0,900.0,25.0,data/polished_dataset/forward/25degree/500rpm/500.0rpm900.0Nm25.0deg.csv,3680362,f3cd1b612359212e73f4741802d544e17e578bb7b47c73ddfc7c2e57efddc377
speed_500rpm__torque_900Nm__temperature_35degC,train,Fw,500.0,900.0,35.0,data/polished_dataset/forward/35degree/500rpm/500.0rpm900.0Nm35.0deg.csv,3753732,72490e598abc9c976f41b3e39dfd9ba8d38871e7297eaaaf770bbe5f730b30cc
speed_500rpm__torque_1000Nm__temperature_25degC,train,Fw,500.0,1000.0,25.0,data/polished_dataset/forward/25degree/500rpm/500.0rpm1000.0Nm25.0deg.csv,3634612,764d3cff36df7ed5b8d135700941cf7fe264d3b4939db1ff3151cac2713e2311
speed_500rpm__torque_1000Nm__temperature_30degC,train,Fw,500.0,1000.0,30.0,data/polished_dataset/forward/30degree/500rpm/500.0rpm1000.0Nm30.0deg.csv,3644028,8618369bec514056079c4c3313cb3e16b79dd1db6e5ab9d99d4345b2b25966aa
speed_500rpm__torque_1000Nm__temperature_35degC,train,Fw,500.0,1000.0,35.0,data/polished_dataset/forward/35degree/500rpm/500.0rpm1000.0Nm35.0deg.csv,3718397,9ff1aa220d6d49ac8288bf9ef81a8ae613f1ee384b74a9c9fb6c1754ad701428
speed_500rpm__torque_1100Nm__temperature_25degC,train,Fw,500.0,1100.0,25.0,data/polished_dataset/forward/25degree/500rpm/500.0rpm1100.0Nm25.0deg.csv,3634009,acf53513474725703f417d6b7da9509a384a11a43f77c8ed30d963915cf52b70
speed_500rpm__torque_1100Nm__temperature_35degC,train,Fw,500.0,1100.0,35.0,data/polished_dataset/forward/35degree/500rpm/500.0rpm1100.0Nm35.0deg.csv,3728180,4e1ffe4c9b84d397e0d4b85dfa8bf00f807c2427a711b5b3ece79b0599095126
speed_500rpm__torque_1200Nm__temperature_30degC,train,Fw,500.0,1200.0,30.0,data/polished_dataset/forward/30degree/500rpm/500.0rpm1200.0Nm30.0deg.csv,3692113,7eaf272e22db04f552110fcc2de1865bc10293ca6e8820e9af8e14ee5190271c
speed_500rpm__torque_1200Nm__temperature_35degC,train,Fw,500.0,1200.0,35.0,data/polished_dataset/forward/35degree/500rpm/500.0rpm1200.0Nm35.0deg.csv,3738826,262bc40ae368030d165c3ac6a2d2a27335fcfbd45c361ace96543091a12ed177
speed_500rpm__torque_1300Nm__temperature_25degC,train,Fw,500.0,1300.0,25.0,data/polished_dataset/forward/25degree/500rpm/500.0rpm1300.0Nm25.0deg.csv,3663487,5e779f90ce42523e388c641316edc626128497bdd51b121801d946c26c458c1f
speed_500rpm__torque_1300Nm__temperature_30degC,train,Fw,500.0,1300.0,30.0,data/polished_dataset/forward/30degree/500rpm/500.0rpm1300.0Nm30.0deg.csv,3677989,b9455728067eaa39a73e3096fb547180a7ba844eeb8efdcb1b5ef7b07f954634
speed_500rpm__torque_1300Nm__temperature_35degC,train,Fw,500.0,1300.0,35.0,data/polished_dataset/forward/35degree/500rpm/500.0rpm1300.0Nm35.0deg.csv,3712556,7e3cd3d9857db61c5267bee1d38676435ca34540a9a0d436779c1d7970d871f9
speed_500rpm__torque_1400Nm__temperature_25degC,train,Fw,500.0,1400.0,25.0,data/polished_dataset/forward/25degree/500rpm/500.0rpm1400.0Nm25.0deg.csv,3662454,da94ec08ebd3988a9f6c98e47fd57f02378dd06d50b73cec77ae47306a21d865
speed_500rpm__torque_1400Nm__temperature_30degC,train,Fw,500.0,1400.0,30.0,data/polished_dataset/forward/30degree/500rpm/500.0rpm1400.0Nm30.0deg.csv,3693676,3e8b7558e324a531b547f4c5de54d0519606fb1cd0eb4c0e27f8765c747b7c94
speed_500rpm__torque_1500Nm__temperature_25degC,train,Fw,500.0,1500.0,25.0,data/polished_dataset/forward/25degree/500rpm/500.0rpm1500.0Nm25.0deg.csv,3649419,8f2dcc553bc2435b0afabdff565b746c1ca3f36c729c4c5de4651e93577d9f01
speed_500rpm__torque_1500Nm__temperature_30degC,train,Fw,500.0,1500.0,30.0,data/polished_dataset/forward/30degree/500rpm/500.0rpm1500.0Nm30.0deg.csv,3754898,d2b1c65d1d0e9034939a989472a559c4cffd5491903da33a8c49345163f199ae
speed_500rpm__torque_1500Nm__temperature_35degC,train,Fw,500.0,1500.0,35.0,data/polished_dataset/forward/35degree/500rpm/500.0rpm1500.0Nm35.0deg.csv,3740756,3aeaaba8e1ad694027cb2a81818016f107068068c9b5ed81066935598dc672f9
speed_500rpm__torque_1600Nm__temperature_25degC,train,Fw,500.0,1600.0,25.0,data/polished_dataset/forward/25degree/500rpm/500.0rpm1600.0Nm25.0deg.csv,3678318,4da382c4f6b83cfd3451500325ecd06714500d5e90d029e103dc970bac7409df
speed_500rpm__torque_1600Nm__temperature_35degC,train,Fw,500.0,1600.0,35.0,data/polished_dataset/forward/35degree/500rpm/500.0rpm1600.0Nm35.0deg.csv,3747672,f3df9e38cb9ccf8d7f39d56b4c84153e86a6761b5650d946904ff612870dbe48
speed_500rpm__torque_1700Nm__temperature_30degC,train,Fw,500.0,1700.0,30.0,data/polished_dataset/forward/30degree/500rpm/500.0rpm1700.0Nm30.0deg.csv,3732488,1fc41da21bdb5e22c5874105862fbbc4d1a4717fa64a813df9c74569c9abad77
speed_500rpm__torque_1700Nm__temperature_35degC,train,Fw,500.0,1700.0,35.0,data/polished_dataset/forward/35degree/500rpm/500.0rpm1700.0Nm35.0deg.csv,3724398,b003ada7c9ee6472255a95e73974ef2d9a6cb637ab64c701cbcd75a4b2faf4af
speed_500rpm__torque_1800Nm__temperature_30degC,train,Fw,500.0,1800.0,30.0,data/polished_dataset/forward/30degree/500rpm/500.0rpm1800.0Nm30.0deg.csv,3720007,9cb8cdce30dec83cb73444158fb640f5777aafcc1f0e390bc21a000f4c719383
speed_500rpm__torque_1800Nm__temperature_35degC,train,Fw,500.0,1800.0,35.0,data/polished_dataset/forward/35degree/500rpm/500.0rpm1800.0Nm35.0deg.csv,3741420,7c04f07b083015ab857eb996578b9730a5f783770e1205eb93cfb6cdc08e6029
speed_600rpm__torque_0Nm__temperature_25degC,train,Fw,600.0,0.0,25.0,data/polished_dataset/forward/25degree/600rpm/600.0rpm0.0Nm25.0deg.csv,3072204,2f146c90752d1b71cc1a741f3f3a1efbb14f3fd5fbdc1e05af5167984eaea748
speed_600rpm__torque_0Nm__temperature_30degC,train,Fw,600.0,0.0,30.0,data/polished_dataset/forward/30degree/600rpm/600.0rpm0.0Nm30.0deg.csv,3071185,8726f823057554d9bb78ec7e494b0fad3ce7b1f30bcef1585557021946c8cf44
speed_600rpm__torque_100Nm__temperature_25degC,train,Fw,600.0,100.0,25.0,data/polished_dataset/forward/25degree/600rpm/600.0rpm100.0Nm25.0deg.csv,3057911,88c86d70b9a3439c6e60075e008b97ea39d7e0b1211a93eac39b2a25e62d2771
speed_600rpm__torque_200Nm__temperature_25degC,train,Fw,600.0,200.0,25.0,data/polished_dataset/forward/25degree/600rpm/600.0rpm200.0Nm25.0deg.csv,3042753,8102592d88e7eb2d41e8b48c5275b3a4181837e36ca9e4f232015f0791f3a4b5
speed_600rpm__torque_200Nm__temperature_30degC,train,Fw,600.0,200.0,30.0,data/polished_dataset/forward/30degree/600rpm/600.0rpm200.0Nm30.0deg.csv,3061833,4b7bf168cb1da141d4336e0beb99b8f6c74b166a8cf127435a19fa7995dd5776
speed_600rpm__torque_300Nm__temperature_25degC,train,Fw,600.0,300.0,25.0,data/polished_dataset/forward/25degree/600rpm/600.0rpm300.0Nm25.0deg.csv,3047739,8df49418cf3d96865d3541619f18afc96f9ec0f8340fc82abb0918e092d94d4c
speed_600rpm__torque_300Nm__temperature_30degC,train,Fw,600.0,300.0,30.0,data/polished_dataset/forward/30degree/600rpm/600.0rpm300.0Nm30.0deg.csv,3054796,5b6ec03958d4d22c63f41ac33ac0fc7317a69b60ae629b39440d04c81d0a1a88
speed_600rpm__torque_300Nm__temperature_35degC,train,Fw,600.0,300.0,35.0,data/polished_dataset/forward/35degree/600rpm/600.0rpm300.0Nm35.0deg.csv,3109001,13410dfc3f61e681a2a7e83975803dd782788e80ce9f426a75a9664d554786dc
speed_600rpm__torque_400Nm__temperature_25degC,train,Fw,600.0,400.0,25.0,data/polished_dataset/forward/25degree/600rpm/600.0rpm400.0Nm25.0deg.csv,3094096,653c67f5c17612d2dd936d876fe33f391b31ebdc343e27befb383a0991496c40
speed_600rpm__torque_500Nm__temperature_25degC,train,Fw,600.0,500.0,25.0,data/polished_dataset/forward/25degree/600rpm/600.0rpm500.0Nm25.0deg.csv,3060882,7a625e588b166bc3d91df5feaf3c9832fe8f5db735a574a3b591683e838abfbd
speed_600rpm__torque_600Nm__temperature_25degC,train,Fw,600.0,600.0,25.0,data/polished_dataset/forward/25degree/600rpm/600.0rpm600.0Nm25.0deg.csv,3077596,b60743a463d9a1643d06e9b9658da470d66571325971ad28aea4ec972a090036
speed_600rpm__torque_600Nm__temperature_30degC,train,Fw,600.0,600.0,30.0,data/polished_dataset/forward/30degree/600rpm/600.0rpm600.0Nm30.0deg.csv,3068110,b9050c0189925f14c9a0512873cf992972be25123b28e471480948f0b1569499
speed_600rpm__torque_600Nm__temperature_35degC,train,Fw,600.0,600.0,35.0,data/polished_dataset/forward/35degree/600rpm/600.0rpm600.0Nm35.0deg.csv,3136291,2cb3d227344817b3e618389bf4d11774dad75c1a05d856ebb59a08cac9b514fb
speed_600rpm__torque_700Nm__temperature_25degC,train,Fw,600.0,700.0,25.0,data/polished_dataset/forward/25degree/600rpm/600.0rpm700.0Nm25.0deg.csv,3060491,e116474d6a14f2a6e4e0b998daa9cf374d037b391b988ff0fb5f69e5103cdf3e
speed_600rpm__torque_700Nm__temperature_30degC,train,Fw,600.0,700.0,30.0,data/polished_dataset/forward/30degree/600rpm/600.0rpm700.0Nm30.0deg.csv,3090895,c9f7c7ae58c0db18f9d87deda8340440cd1b6474b57713890f7d6d8ceca1c9fc
speed_600rpm__torque_800Nm__temperature_25degC,train,Fw,600.0,800.0,25.0,data/polished_dataset/forward/25degree/600rpm/600.0rpm800.0Nm25.0deg.csv,3075675,34878f0aaf204eb702341e2281f43ebeaddf802f0b5fa8d83d7621fa6508258a
speed_600rpm__torque_800Nm__temperature_30degC,train,Fw,600.0,800.0,30.0,data/polished_dataset/forward/30degree/600rpm/600.0rpm800.0Nm30.0deg.csv,3058765,22c10ed166845b1ae4cf0990ccb91779c524158c946d1c78092ea370f1cad6f3
speed_600rpm__torque_900Nm__temperature_25degC,train,Fw,600.0,900.0,25.0,data/polished_dataset/forward/25degree/600rpm/600.0rpm900.0Nm25.0deg.csv,3058167,904cf196b88cc29def15b9e743071d104bb0de956e07696beb8ffcb4cb88a39f
speed_600rpm__torque_900Nm__temperature_30degC,train,Fw,600.0,900.0,30.0,data/polished_dataset/forward/30degree/600rpm/600.0rpm900.0Nm30.0deg.csv,3055411,8810d348dedf324865ef6c0269ebffae8285412ff266e6001c5f0422ca445d20
speed_600rpm__torque_900Nm__temperature_35degC,train,Fw,600.0,900.0,35.0,data/polished_dataset/forward/35degree/600rpm/600.0rpm900.0Nm35.0deg.csv,3132052,00637dcd23d202e99543f836f76cad34ad1b5fd92309edaaef9abfc59e7108a4
speed_600rpm__torque_1000Nm__temperature_25degC,train,Fw,600.0,1000.0,25.0,data/polished_dataset/forward/25degree/600rpm/600.0rpm1000.0Nm25.0deg.csv,3024806,2fd8e4269163f1c5ad056faa1699e951646d8dd982d8bd095adda8d0c2aeb009
speed_600rpm__torque_1000Nm__temperature_35degC,train,Fw,600.0,1000.0,35.0,data/polished_dataset/forward/35degree/600rpm/600.0rpm1000.0Nm35.0deg.csv,3090556,a08ad422f5f6275ee41b8bf5a06955cfb2737a1e05abb3c4b5a20e5dbbffeba6
speed_600rpm__torque_1100Nm__temperature_30degC,train,Fw,600.0,1100.0,30.0,data/polished_dataset/forward/30degree/600rpm/600.0rpm1100.0Nm30.0deg.csv,3059106,a0123dba9d3db0bc77d2fa6b5690001a63b9225f4824343b3ecb88176c49b28c
speed_600rpm__torque_1200Nm__temperature_25degC,train,Fw,600.0,1200.0,25.0,data/polished_dataset/forward/25degree/600rpm/600.0rpm1200.0Nm25.0deg.csv,3076141,962b5e2807cc587f5b4f0be563fd0e9a061302860b29271dee6363216130cb7f
speed_600rpm__torque_1200Nm__temperature_30degC,train,Fw,600.0,1200.0,30.0,data/polished_dataset/forward/30degree/600rpm/600.0rpm1200.0Nm30.0deg.csv,3069887,b913d2fd88c9569122046c68d4ccbabb18404444fc9872cd93a4f165da76fc30
speed_600rpm__torque_1200Nm__temperature_35degC,train,Fw,600.0,1200.0,35.0,data/polished_dataset/forward/35degree/600rpm/600.0rpm1200.0Nm35.0deg.csv,3106870,b5be4e34be1b820576bd940b5c28a8c6ea202c1739d02c322cec01f38e424eb4
speed_600rpm__torque_1300Nm__temperature_25degC,train,Fw,600.0,1300.0,25.0,data/polished_dataset/forward/25degree/600rpm/600.0rpm1300.0Nm25.0deg.csv,3048901,6dbca90d34e2c6d9995284fc98efb58ed76bc1d151466d2145cc7fd911f37941
speed_600rpm__torque_1400Nm__temperature_30degC,train,Fw,600.0,1400.0,30.0,data/polished_dataset/forward/30degree/600rpm/600.0rpm1400.0Nm30.0deg.csv,3082324,cc6409cba883b5ec374ca021a5553a3336e83f5edeb7a93bad6d7af1326a346a
speed_600rpm__torque_1500Nm__temperature_30degC,train,Fw,600.0,1500.0,30.0,data/polished_dataset/forward/30degree/600rpm/600.0rpm1500.0Nm30.0deg.csv,3133380,8386abd5f902c979ebd397fc20b9356a6daf38148ddc86e711baa306632a8a11
speed_600rpm__torque_1500Nm__temperature_35degC,train,Fw,600.0,1500.0,35.0,data/polished_dataset/forward/35degree/600rpm/600.0rpm1500.0Nm35.0deg.csv,3121939,58cdf5bfee46b6bd52d3e382330d3b96952596b1b97998f5f39a805074746b17
speed_600rpm__torque_1600Nm__temperature_25degC,train,Fw,600.0,1600.0,25.0,data/polished_dataset/forward/25degree/600rpm/600.0rpm1600.0Nm25.0deg.csv,3059236,9de835fa77866c4c8b2d3a48719e3c167d61a108af72994026c43bc8e09331b9
speed_600rpm__torque_1600Nm__temperature_35degC,train,Fw,600.0,1600.0,35.0,data/polished_dataset/forward/35degree/600rpm/600.0rpm1600.0Nm35.0deg.csv,3114616,5cd3ebeff8a2317e5ef614d1506742434f4c1e5f3e420ce22356f818dfe389ed
speed_600rpm__torque_1700Nm__temperature_30degC,train,Fw,600.0,1700.0,30.0,data/polished_dataset/forward/30degree/600rpm/600.0rpm1700.0Nm30.0deg.csv,3107755,f62f8bc70d45063d343d1527bb9017a59dfd59d5e85056ef2f411bebdb35ad0d
speed_600rpm__torque_1700Nm__temperature_35degC,train,Fw,600.0,1700.0,35.0,data/polished_dataset/forward/35degree/600rpm/600.0rpm1700.0Nm35.0deg.csv,3113815,ec7ad5446163dfb2cc9293b8fea5bcc8676a9df3effcc4ca78970890d03134e5
speed_600rpm__torque_1800Nm__temperature_25degC,train,Fw,600.0,1800.0,25.0,data/polished_dataset/forward/25degree/600rpm/600.0rpm1800.0Nm25.0deg.csv,3043717,578601257cca8fe7f1c2bcaf8bfe95f638b83549d65d8ec3031793c7c665fb7f
speed_600rpm__torque_1800Nm__temperature_30degC,train,Fw,600.0,1800.0,30.0,data/polished_dataset/forward/30degree/600rpm/600.0rpm1800.0Nm30.0deg.csv,3103538,57e6441075b37372c683b59f586c050ddc4f44252bc2e3238b2425e4f8fe1e69
speed_600rpm__torque_1800Nm__temperature_35degC,train,Fw,600.0,1800.0,35.0,data/polished_dataset/forward/35degree/600rpm/600.0rpm1800.0Nm35.0deg.csv,3099628,944a639a5460a1b2adcbe1c4e629d8602f4bb58c2b8a22782f4a1e943d0c9cce
speed_700rpm__torque_0Nm__temperature_25degC,train,Fw,700.0,0.0,25.0,data/polished_dataset/forward/25degree/700rpm/700.0rpm0.0Nm25.0deg.csv,2618614,898f2649a74f3cc00bf75e3a999cbfccdd65545bd77d8e9b055f743e2ded3f28
speed_700rpm__torque_0Nm__temperature_30degC,train,Fw,700.0,0.0,30.0,data/polished_dataset/forward/30degree/700rpm/700.0rpm0.0Nm30.0deg.csv,2629060,0242eb3f55e2d55d6f306e8cc6bfa22da183ceb8127ca1cc48a5b882c20ff572
speed_700rpm__torque_0Nm__temperature_35degC,train,Fw,700.0,0.0,35.0,data/polished_dataset/forward/35degree/700rpm/700.0rpm0.0Nm35.0deg.csv,2684403,8c5026c07a35aac40911d54d1b25c558d38d962fa7eb941909a95ec8da31dc3c
speed_700rpm__torque_100Nm__temperature_25degC,train,Fw,700.0,100.0,25.0,data/polished_dataset/forward/25degree/700rpm/700.0rpm100.0Nm25.0deg.csv,2613329,205a4893607a2092aa3f5cbd80d2a421970c2f7351c41271db2f46dae0b68995
speed_700rpm__torque_100Nm__temperature_30degC,train,Fw,700.0,100.0,30.0,data/polished_dataset/forward/30degree/700rpm/700.0rpm100.0Nm30.0deg.csv,2599209,0ddef130087cb72efde335e4ede7c84425a8dce11da617de67581daa0d7d7be3
speed_700rpm__torque_100Nm__temperature_35degC,train,Fw,700.0,100.0,35.0,data/polished_dataset/forward/35degree/700rpm/700.0rpm100.0Nm35.0deg.csv,2652137,a855b905383e09f1f5fa6fae77ee1f052e07735b72ea1771ddd16a8d6938f15d
speed_700rpm__torque_200Nm__temperature_25degC,train,Fw,700.0,200.0,25.0,data/polished_dataset/forward/25degree/700rpm/700.0rpm200.0Nm25.0deg.csv,2599040,c1c5985bc3d8842ea0fbb3f4e1ab4fc35b1f567e8076f32e94ef5b720ccb83bc
speed_700rpm__torque_200Nm__temperature_35degC,train,Fw,700.0,200.0,35.0,data/polished_dataset/forward/35degree/700rpm/700.0rpm200.0Nm35.0deg.csv,2665242,c2359111f45574f261a32c95a725ccc5d38dfad1010cbc5a1cbce251047387cd
speed_700rpm__torque_300Nm__temperature_25degC,train,Fw,700.0,300.0,25.0,data/polished_dataset/forward/25degree/700rpm/700.0rpm300.0Nm25.0deg.csv,2623529,774226cfeacc9530b406a5550a2acd2d1253423dc2c25cb3401790d31e674f81
speed_700rpm__torque_300Nm__temperature_30degC,train,Fw,700.0,300.0,30.0,data/polished_dataset/forward/30degree/700rpm/700.0rpm300.0Nm30.0deg.csv,2625065,a343ccf73d779f785f955e6fc1c4930db7d87ddf4a15aac586bad0db43dfbabb
speed_700rpm__torque_300Nm__temperature_35degC,train,Fw,700.0,300.0,35.0,data/polished_dataset/forward/35degree/700rpm/700.0rpm300.0Nm35.0deg.csv,2693140,7fe35e9c006c5eac8cbb4799ee143d0038864958554969b1262c6c4ed9587790
speed_700rpm__torque_400Nm__temperature_35degC,train,Fw,700.0,400.0,35.0,data/polished_dataset/forward/35degree/700rpm/700.0rpm400.0Nm35.0deg.csv,2687375,658d245f8354eb647f5353e96765e4404938db42bd6d50f296b70868803d3a5a
speed_700rpm__torque_500Nm__temperature_25degC,train,Fw,700.0,500.0,25.0,data/polished_dataset/forward/25degree/700rpm/700.0rpm500.0Nm25.0deg.csv,2627092,36ac98f192bb5c7c0ac30c0912891b6afb1be457b610abd09ce39776a038e224
speed_700rpm__torque_500Nm__temperature_35degC,train,Fw,700.0,500.0,35.0,data/polished_dataset/forward/35degree/700rpm/700.0rpm500.0Nm35.0deg.csv,2683898,63fab6136da3745e5dd5f66bb262c71dd2ce688788e8ba688ac8f0bb01cedafb
speed_700rpm__torque_600Nm__temperature_35degC,train,Fw,700.0,600.0,35.0,data/polished_dataset/forward/35degree/700rpm/700.0rpm600.0Nm35.0deg.csv,2694196,77bfdc1894e706b716a47e54150bed0bff8da5d221208f906f9bb14772f83e9d
speed_700rpm__torque_700Nm__temperature_25degC,train,Fw,700.0,700.0,25.0,data/polished_dataset/forward/25degree/700rpm/700.0rpm700.0Nm25.0deg.csv,2612631,929c87ebdd963b163ee4b30b3100ad8491f2594eaebffefa8227e015b19f2b9c
speed_700rpm__torque_700Nm__temperature_30degC,train,Fw,700.0,700.0,30.0,data/polished_dataset/forward/30degree/700rpm/700.0rpm700.0Nm30.0deg.csv,2656302,e26c75aea533950dbafda9223832fe80891d0ae24234fa56af5c2deeffc25fc0
speed_700rpm__torque_800Nm__temperature_25degC,train,Fw,700.0,800.0,25.0,data/polished_dataset/forward/25degree/700rpm/700.0rpm800.0Nm25.0deg.csv,2633505,d8dd1f8a3c24959b3d92e0268b2a23327da62ca5984448d230ffc6fe23ca6925
speed_700rpm__torque_800Nm__temperature_30degC,train,Fw,700.0,800.0,30.0,data/polished_dataset/forward/30degree/700rpm/700.0rpm800.0Nm30.0deg.csv,2631365,15c0cec20e5eb0f677f153ac0b6c0a8452904cf177a6c4fe88fb1326573f83a0
speed_700rpm__torque_800Nm__temperature_35degC,train,Fw,700.0,800.0,35.0,data/polished_dataset/forward/35degree/700rpm/700.0rpm800.0Nm35.0deg.csv,2681319,f5585dcba78934ff8511ad24a882bbf3b36ba53e8318b626b5245ed1fe657824
speed_700rpm__torque_900Nm__temperature_30degC,train,Fw,700.0,900.0,30.0,data/polished_dataset/forward/30degree/700rpm/700.0rpm900.0Nm30.0deg.csv,2657066,48046b2d6a48466c050cc6d21a027486513dc2aef6e7be5c355ef89e280549f9
speed_700rpm__torque_900Nm__temperature_35degC,train,Fw,700.0,900.0,35.0,data/polished_dataset/forward/35degree/700rpm/700.0rpm900.0Nm35.0deg.csv,2669039,47073e706b1e6b26092969fffbabfb603509f0bc6407d757156274392639be99
speed_700rpm__torque_1000Nm__temperature_30degC,train,Fw,700.0,1000.0,30.0,data/polished_dataset/forward/30degree/700rpm/700.0rpm1000.0Nm30.0deg.csv,2679337,9e2dc949cd606374f34845d45a9f5121de93615129ea34485ec00ba13c2fb39a
speed_700rpm__torque_1100Nm__temperature_25degC,train,Fw,700.0,1100.0,25.0,data/polished_dataset/forward/25degree/700rpm/700.0rpm1100.0Nm25.0deg.csv,2604285,505ad07254107a8806d143c8a11b8f2fad0f01c9e886f6e816deac96eae49426
speed_700rpm__torque_1100Nm__temperature_30degC,train,Fw,700.0,1100.0,30.0,data/polished_dataset/forward/30degree/700rpm/700.0rpm1100.0Nm30.0deg.csv,2673757,46c6c4577ff7fbc9a330e11f009a056b2fa4599b9083e71d25b554058d55d833
speed_700rpm__torque_1100Nm__temperature_35degC,train,Fw,700.0,1100.0,35.0,data/polished_dataset/forward/35degree/700rpm/700.0rpm1100.0Nm35.0deg.csv,2678628,6fad974638e23583e44b2bb6a87f673000c537c128eb069cc162655089499fa7
speed_700rpm__torque_1200Nm__temperature_25degC,train,Fw,700.0,1200.0,25.0,data/polished_dataset/forward/25degree/700rpm/700.0rpm1200.0Nm25.0deg.csv,2614343,2d4419bcdeae1ff70abe175b06d74454664613412efc2c91c6152ab1dc1ce767
speed_700rpm__torque_1200Nm__temperature_30degC,train,Fw,700.0,1200.0,30.0,data/polished_dataset/forward/30degree/700rpm/700.0rpm1200.0Nm30.0deg.csv,2652766,b665b23bcf1e3d6b286bdcfeb43bdfa7e7d528bd7898d9f9960abd9b2c70d7e8
speed_700rpm__torque_1300Nm__temperature_25degC,train,Fw,700.0,1300.0,25.0,data/polished_dataset/forward/25degree/700rpm/700.0rpm1300.0Nm25.0deg.csv,2606477,9f0f495b7802adea01fcc59fd250f0fe43d23e64f377c9a0e5bbe602d61be35b
speed_700rpm__torque_1300Nm__temperature_30degC,train,Fw,700.0,1300.0,30.0,data/polished_dataset/forward/30degree/700rpm/700.0rpm1300.0Nm30.0deg.csv,2652399,622aad1b0dd72b98ff4f901b014a473c00658cdf6ef664146427baff60d25199
speed_700rpm__torque_1300Nm__temperature_35degC,train,Fw,700.0,1300.0,35.0,data/polished_dataset/forward/35degree/700rpm/700.0rpm1300.0Nm35.0deg.csv,2654849,4461024057ac199969a2e74b0f5798fea3eda4727ef566d2f38912d5f1c0ea5e
speed_700rpm__torque_1400Nm__temperature_35degC,train,Fw,700.0,1400.0,35.0,data/polished_dataset/forward/35degree/700rpm/700.0rpm1400.0Nm35.0deg.csv,2661091,702515b62c614708d8105bbbabbc464c57d3c5c91cf104001db2a4d584541d3e
speed_700rpm__torque_1500Nm__temperature_25degC,train,Fw,700.0,1500.0,25.0,data/polished_dataset/forward/25degree/700rpm/700.0rpm1500.0Nm25.0deg.csv,2602567,9e7ad89d8e964b85fe6daa426ad40b5c02bc2286aa1fb66cc23f827f4a0287bd
speed_700rpm__torque_1500Nm__temperature_30degC,train,Fw,700.0,1500.0,30.0,data/polished_dataset/forward/30degree/700rpm/700.0rpm1500.0Nm30.0deg.csv,2626268,84bc5aca229b3e423a05c29f789ee4673f4298b762a96132099c95595f7bd75d
speed_700rpm__torque_1500Nm__temperature_35degC,train,Fw,700.0,1500.0,35.0,data/polished_dataset/forward/35degree/700rpm/700.0rpm1500.0Nm35.0deg.csv,2680467,0c96f2c4ffb46b5b8555488b96551332d2e358c2b748596c85c3d43e44c7c6db
speed_700rpm__torque_1600Nm__temperature_25degC,train,Fw,700.0,1600.0,25.0,data/polished_dataset/forward/25degree/700rpm/700.0rpm1600.0Nm25.0deg.csv,2608295,8f7145c3cffdf7b612fe8921017e6dcdb7b19e738b977f130b61a8a75df16d2f
speed_700rpm__torque_1700Nm__temperature_30degC,train,Fw,700.0,1700.0,30.0,data/polished_dataset/forward/30degree/700rpm/700.0rpm1700.0Nm30.0deg.csv,2680852,c9f9a65acd61321290e5b75f0b9da89464a606d9d00bb83db79b5b42e50cc43e
speed_700rpm__torque_1700Nm__temperature_35degC,train,Fw,700.0,1700.0,35.0,data/polished_dataset/forward/35degree/700rpm/700.0rpm1700.0Nm35.0deg.csv,2653371,120bbc1066794ec7cee01aa413112179ef12272a88f183524486ab5c44afbb8b
speed_800rpm__torque_0Nm__temperature_25degC,train,Fw,800.0,0.0,25.0,data/polished_dataset/forward/25degree/800rpm/800.0rpm0.0Nm25.0deg.csv,2296708,6882e0db836bc356d50f98b0b125174ec341022adbcf2add77af94169932fa68
speed_800rpm__torque_0Nm__temperature_30degC,train,Fw,800.0,0.0,30.0,data/polished_dataset/forward/30degree/800rpm/800.0rpm0.0Nm30.0deg.csv,2286869,d8f44f79cd3d76dff4bf3be37881a75835e717c0785890349b7081c7380b0283
speed_800rpm__torque_100Nm__temperature_25degC,train,Fw,800.0,100.0,25.0,data/polished_dataset/forward/25degree/800rpm/800.0rpm100.0Nm25.0deg.csv,2295274,a1c92a0af9f250b0b287db84952551e375c8ff648a1db0cb36ac4f1277cb8c11
speed_800rpm__torque_100Nm__temperature_30degC,train,Fw,800.0,100.0,30.0,data/polished_dataset/forward/30degree/800rpm/800.0rpm100.0Nm30.0deg.csv,2281666,82d13ec9819a4080c32878288297c319161ceaed1adc0834ec76b3cadf12eebd
speed_800rpm__torque_200Nm__temperature_35degC,train,Fw,800.0,200.0,35.0,data/polished_dataset/forward/35degree/800rpm/800.0rpm200.0Nm35.0deg.csv,2341370,7e74fb37cf349e2812966aca394fab15378d7ee942ab08a8f0f684170ecd55cf
speed_800rpm__torque_300Nm__temperature_25degC,train,Fw,800.0,300.0,25.0,data/polished_dataset/forward/25degree/800rpm/800.0rpm300.0Nm25.0deg.csv,2287559,4923dea5173f22ca8c509f8a4e48780327fdc69cc885061f0a73101bc8b44144
speed_800rpm__torque_300Nm__temperature_30degC,train,Fw,800.0,300.0,30.0,data/polished_dataset/forward/30degree/800rpm/800.0rpm300.0Nm30.0deg.csv,2288050,f69341aab3f4c82e538927c43869462b4852859bbdbe2213e5506f416008d3b0
speed_800rpm__torque_300Nm__temperature_35degC,train,Fw,800.0,300.0,35.0,data/polished_dataset/forward/35degree/800rpm/800.0rpm300.0Nm35.0deg.csv,2344867,e985e2af40738e0b0d0b7a77fb059dd0dafba5f427c9e2b11acde8be505dac3f
speed_800rpm__torque_400Nm__temperature_30degC,train,Fw,800.0,400.0,30.0,data/polished_dataset/forward/30degree/800rpm/800.0rpm400.0Nm30.0deg.csv,2316147,1a219ca3cd94e4439cd7a583b42fc2d6217090b6df129d9598bc3254bda45f4a
speed_800rpm__torque_400Nm__temperature_35degC,train,Fw,800.0,400.0,35.0,data/polished_dataset/forward/35degree/800rpm/800.0rpm400.0Nm35.0deg.csv,2330944,9251f697c4122871ac631da54c399e2ad548110d67a0352d02c7f4aeba2b450e
speed_800rpm__torque_500Nm__temperature_25degC,train,Fw,800.0,500.0,25.0,data/polished_dataset/forward/25degree/800rpm/800.0rpm500.0Nm25.0deg.csv,2302662,6ab4729feee27ac83139f8947a9c27299418c40f0bd65f889dabd9430a9f686f
speed_800rpm__torque_500Nm__temperature_30degC,train,Fw,800.0,500.0,30.0,data/polished_dataset/forward/30degree/800rpm/800.0rpm500.0Nm30.0deg.csv,2287880,5a707415e0a6aa451adbf00f8330e98a0b22c3f11b3d53872b975192b69a6adf
speed_800rpm__torque_500Nm__temperature_35degC,train,Fw,800.0,500.0,35.0,data/polished_dataset/forward/35degree/800rpm/800.0rpm500.0Nm35.0deg.csv,2344498,c04bec3cda225081712719ace17a6431043d7fd38fd8ba8a316b4898fa9b5495
speed_800rpm__torque_600Nm__temperature_30degC,train,Fw,800.0,600.0,30.0,data/polished_dataset/forward/30degree/800rpm/800.0rpm600.0Nm30.0deg.csv,2279439,34286cc20d26740baea69aa0f3f6ec87718629e6fb38263eaff4a67d0f6e3fbc
speed_800rpm__torque_700Nm__temperature_25degC,train,Fw,800.0,700.0,25.0,data/polished_dataset/forward/25degree/800rpm/800.0rpm700.0Nm25.0deg.csv,2307081,4998ac6f0febc1fb90037e84eb75ec8b7d6762c32520b72c0420a1292d656210
speed_800rpm__torque_700Nm__temperature_35degC,train,Fw,800.0,700.0,35.0,data/polished_dataset/forward/35degree/800rpm/800.0rpm700.0Nm35.0deg.csv,2352138,dcbe3382a4573cc3a0c4ad207b2aa4de2e6dd6b6eeda9804683f7fa6362074d7
speed_800rpm__torque_800Nm__temperature_30degC,train,Fw,800.0,800.0,30.0,data/polished_dataset/forward/30degree/800rpm/800.0rpm800.0Nm30.0deg.csv,2294951,b4d05ae7f698fafc71a42a8c9b84f63993c3adc016cbfd05b9abdde574f650c3
speed_800rpm__torque_900Nm__temperature_25degC,train,Fw,800.0,900.0,25.0,data/polished_dataset/forward/25degree/800rpm/800.0rpm900.0Nm25.0deg.csv,2320028,3e815488304d7258beebbc64cb5572a646aaad651b7f24013594b2e0b8a24c2b
speed_800rpm__torque_1000Nm__temperature_25degC,train,Fw,800.0,1000.0,25.0,data/polished_dataset/forward/25degree/800rpm/800.0rpm1000.0Nm25.0deg.csv,2283093,93f266199f0faff2978d6f3081881f681c72efed023795b8155b2fe38ff6d820
speed_800rpm__torque_1000Nm__temperature_30degC,train,Fw,800.0,1000.0,30.0,data/polished_dataset/forward/30degree/800rpm/800.0rpm1000.0Nm30.0deg.csv,2332279,d9d362d25dfd9691ccc2c015b0f917f69812d4caddf5e9297b62c875a8e0cbfe
speed_800rpm__torque_1000Nm__temperature_35degC,train,Fw,800.0,1000.0,35.0,data/polished_dataset/forward/35degree/800rpm/800.0rpm1000.0Nm35.0deg.csv,2331045,9b5cbaab5f54aea4e3280ee5767d63a2cd52606686647578ea2458ef584e1118
speed_800rpm__torque_1100Nm__temperature_25degC,train,Fw,800.0,1100.0,25.0,data/polished_dataset/forward/25degree/800rpm/800.0rpm1100.0Nm25.0deg.csv,2277039,0ffb81a07dd6af3a958b4896d752f4b151371ab5c3fd1b2bb475c2704f483204
speed_800rpm__torque_1100Nm__temperature_30degC,train,Fw,800.0,1100.0,30.0,data/polished_dataset/forward/30degree/800rpm/800.0rpm1100.0Nm30.0deg.csv,2334413,d690d7445349ebd72a5c579369961b93dd03face5bf076daf396ccd6a74dace0
speed_800rpm__torque_1200Nm__temperature_35degC,train,Fw,800.0,1200.0,35.0,data/polished_dataset/forward/35degree/800rpm/800.0rpm1200.0Nm35.0deg.csv,2323493,269df9924b6afdaa895a55d27ae39d31350bd7d96b718b0b621e55e53bff2851
speed_800rpm__torque_1300Nm__temperature_25degC,train,Fw,800.0,1300.0,25.0,data/polished_dataset/forward/25degree/800rpm/800.0rpm1300.0Nm25.0deg.csv,2289592,e512e15e4d6aebd5b5d3e131251baf376fada5ce7c72ecbde830524ebfe31305
speed_800rpm__torque_1300Nm__temperature_30degC,train,Fw,800.0,1300.0,30.0,data/polished_dataset/forward/30degree/800rpm/800.0rpm1300.0Nm30.0deg.csv,2281377,d74a61dd2b7f93b0c886147c5233859663397f7e84aec158e73d1a908394ee45
speed_800rpm__torque_1300Nm__temperature_35degC,train,Fw,800.0,1300.0,35.0,data/polished_dataset/forward/35degree/800rpm/800.0rpm1300.0Nm35.0deg.csv,2333552,2e2252cbdd17d53b517f3b586860fc5e98a28e3dd507b8c8ef754eba097ff179
speed_800rpm__torque_1400Nm__temperature_25degC,train,Fw,800.0,1400.0,25.0,data/polished_dataset/forward/25degree/800rpm/800.0rpm1400.0Nm25.0deg.csv,2272509,56015d915536e5458e2cea6242a61222d29f5ee1c7c7c7c34d9d55aa11d9b96a
speed_800rpm__torque_1400Nm__temperature_30degC,train,Fw,800.0,1400.0,30.0,data/polished_dataset/forward/30degree/800rpm/800.0rpm1400.0Nm30.0deg.csv,2270868,bd153e4e8cc01787c7871414616b0d0a13c561f1fb36ef7e3d6872fb77f0591f
speed_800rpm__torque_1400Nm__temperature_35degC,train,Fw,800.0,1400.0,35.0,data/polished_dataset/forward/35degree/800rpm/800.0rpm1400.0Nm35.0deg.csv,2345019,39b6a18e831f1d300aa46e0b9eea3425d1ae3073c703b5aad21cc0618d83f79a
speed_800rpm__torque_1500Nm__temperature_30degC,train,Fw,800.0,1500.0,30.0,data/polished_dataset/forward/30degree/800rpm/800.0rpm1500.0Nm30.0deg.csv,2280266,a68a19214ff3eee4f61deee0c27527634846dbe8a4a5df75070fdccdc9f583ad
speed_800rpm__torque_1500Nm__temperature_35degC,train,Fw,800.0,1500.0,35.0,data/polished_dataset/forward/35degree/800rpm/800.0rpm1500.0Nm35.0deg.csv,2337132,1f98f5ba098d4da74807b3188ef7d17f7a801c2f16d1bfa062629cb5f45f3933
speed_800rpm__torque_1600Nm__temperature_30degC,train,Fw,800.0,1600.0,30.0,data/polished_dataset/forward/30degree/800rpm/800.0rpm1600.0Nm30.0deg.csv,2305993,66b0a7db5eec571bfae8cf43fcaa52de99c117e335f7515d680616e1bf192745
speed_800rpm__torque_1600Nm__temperature_35degC,train,Fw,800.0,1600.0,35.0,data/polished_dataset/forward/35degree/800rpm/800.0rpm1600.0Nm35.0deg.csv,2318870,cbbce58cd137e20472d2e359f17ec6d50b057529cbcc689c617910bb72da49e1
speed_800rpm__torque_1700Nm__temperature_35degC,train,Fw,800.0,1700.0,35.0,data/polished_dataset/forward/35degree/800rpm/800.0rpm1700.0Nm35.0deg.csv,2347494,679cb4ebc13f8010c8b2e68127650f095579962706c55285feab831495d52265
speed_800rpm__torque_1800Nm__temperature_25degC,train,Fw,800.0,1800.0,25.0,data/polished_dataset/forward/25degree/800rpm/800.0rpm1800.0Nm25.0deg.csv,2284834,4d4da827ed8c57999a12b9e427c5157dd12bfcb346137132759b8a1b33439fdc
speed_900rpm__torque_0Nm__temperature_25degC,train,Fw,900.0,0.0,25.0,data/polished_dataset/forward/25degree/900rpm/900.0rpm0.0Nm25.0deg.csv,2043589,01418f6afd801417d36778fdc2f5a1d0ccedb1534698d599e53b7cd93583e3a3
speed_900rpm__torque_0Nm__temperature_35degC,train,Fw,900.0,0.0,35.0,data/polished_dataset/forward/35degree/900rpm/900.0rpm0.0Nm35.0deg.csv,2086729,d13f518a1eb5747c37a7c6d7c6d772693ce77fbb16e2fce27b617acef23de19c
speed_900rpm__torque_100Nm__temperature_25degC,train,Fw,900.0,100.0,25.0,data/polished_dataset/forward/25degree/900rpm/900.0rpm100.0Nm25.0deg.csv,2030584,dfe35a367b6db9956f6c20c464caf0946a64e47596ca10a5f5b480cf2cfcab53
speed_900rpm__torque_100Nm__temperature_30degC,train,Fw,900.0,100.0,30.0,data/polished_dataset/forward/30degree/900rpm/900.0rpm100.0Nm30.0deg.csv,2077603,747e364af98c858ab589898420b785aa1eea9ea50aac5756d3d04b46b90600b5
speed_900rpm__torque_200Nm__temperature_25degC,train,Fw,900.0,200.0,25.0,data/polished_dataset/forward/25degree/900rpm/900.0rpm200.0Nm25.0deg.csv,2051557,129202d1dc9f611647442fa8319c15288c0e53c2d0f0e798fc283628f77320b3
speed_900rpm__torque_200Nm__temperature_35degC,train,Fw,900.0,200.0,35.0,data/polished_dataset/forward/35degree/900rpm/900.0rpm200.0Nm35.0deg.csv,2079293,df5a6bae5b9d02771f00270b9da23316db42130051812f8a347864a9565a0cf4
speed_900rpm__torque_300Nm__temperature_25degC,train,Fw,900.0,300.0,25.0,data/polished_dataset/forward/25degree/900rpm/900.0rpm300.0Nm25.0deg.csv,2054227,95683fe862f8ea8707c28a00ef6b9e568c074794d0039009c19e670da6f702b6
speed_900rpm__torque_400Nm__temperature_25degC,train,Fw,900.0,400.0,25.0,data/polished_dataset/forward/25degree/900rpm/900.0rpm400.0Nm25.0deg.csv,2030876,a3f94d33e6319d70417a8094b450d079f52168158f25c40c821f628562c4b95c
speed_900rpm__torque_400Nm__temperature_30degC,train,Fw,900.0,400.0,30.0,data/polished_dataset/forward/30degree/900rpm/900.0rpm400.0Nm30.0deg.csv,2074895,10d71a2e0b62f8646ebdd9ef0b52146d8f556e76d61e937cfa62790fb9165d76
speed_900rpm__torque_400Nm__temperature_35degC,train,Fw,900.0,400.0,35.0,data/polished_dataset/forward/35degree/900rpm/900.0rpm400.0Nm35.0deg.csv,2085758,047874dd2035cccd491ab832e9f6a0dfec4543e81682fb8dc235e0fcaf1d1512
speed_900rpm__torque_500Nm__temperature_30degC,train,Fw,900.0,500.0,30.0,data/polished_dataset/forward/30degree/900rpm/900.0rpm500.0Nm30.0deg.csv,2038371,ac1c64f081aec0b0ae24f7e642be5517c1cfbf1bb0c280420bd564b1964b3be1
speed_900rpm__torque_500Nm__temperature_35degC,train,Fw,900.0,500.0,35.0,data/polished_dataset/forward/35degree/900rpm/900.0rpm500.0Nm35.0deg.csv,2090517,741914f35e1e7a59329084ea3a17f867ef2a40a580ae0b7e87ce3a0e23e5e1ac
speed_900rpm__torque_600Nm__temperature_25degC,train,Fw,900.0,600.0,25.0,data/polished_dataset/forward/25degree/900rpm/900.0rpm600.0Nm25.0deg.csv,2042706,fb9f3a6bdbee2b7787c78fb354b47de617c657fe4bab248f5327c278dc2811ab
speed_900rpm__torque_600Nm__temperature_30degC,train,Fw,900.0,600.0,30.0,data/polished_dataset/forward/30degree/900rpm/900.0rpm600.0Nm30.0deg.csv,2031531,e2ddce5117cc1ba3d90c83ddafde4eeed6eb4858fa7da042ab06e844fa3696f7
speed_900rpm__torque_600Nm__temperature_35degC,train,Fw,900.0,600.0,35.0,data/polished_dataset/forward/35degree/900rpm/900.0rpm600.0Nm35.0deg.csv,2089452,bfd372ae5736a9c75c8b8e8116cd886ed25fe9465b0adb7af669ae333d683066
speed_900rpm__torque_700Nm__temperature_30degC,train,Fw,900.0,700.0,30.0,data/polished_dataset/forward/30degree/900rpm/900.0rpm700.0Nm30.0deg.csv,2043222,be3fe7d99edd94923305cf993fc04be75a1a8d03ca4af435bb8b2d7a2d600aa4
speed_900rpm__torque_700Nm__temperature_35degC,train,Fw,900.0,700.0,35.0,data/polished_dataset/forward/35degree/900rpm/900.0rpm700.0Nm35.0deg.csv,2079729,9ecd6c12a7273c9c230d082cf9b19763a07a96f715d8098774506ff6e36c3de1
speed_900rpm__torque_800Nm__temperature_25degC,train,Fw,900.0,800.0,25.0,data/polished_dataset/forward/25degree/900rpm/900.0rpm800.0Nm25.0deg.csv,2050941,5affeb2d45728d4f095b04bead92fc957516207f841950938d0428f6895f998b
speed_900rpm__torque_800Nm__temperature_35degC,train,Fw,900.0,800.0,35.0,data/polished_dataset/forward/35degree/900rpm/900.0rpm800.0Nm35.0deg.csv,2083342,7f67fb341c50d1c23db5e5ef96c8c07686cd855821d274b6c6424e73bb8e03c4
speed_900rpm__torque_900Nm__temperature_30degC,train,Fw,900.0,900.0,30.0,data/polished_dataset/forward/30degree/900rpm/900.0rpm900.0Nm30.0deg.csv,2055947,d3d8e358791f2d69a0ee93fbb4088a3ad1c1707b91d9b1b2ad31f7392260a6e1
speed_900rpm__torque_900Nm__temperature_35degC,train,Fw,900.0,900.0,35.0,data/polished_dataset/forward/35degree/900rpm/900.0rpm900.0Nm35.0deg.csv,2088702,f16327d0f5e82b3311252eea2d5726ecd94d4e86b60310356caafbffe30d9a7d
speed_900rpm__torque_1000Nm__temperature_25degC,train,Fw,900.0,1000.0,25.0,data/polished_dataset/forward/25degree/900rpm/900.0rpm1000.0Nm25.0deg.csv,2049730,1dbf4ba9ee98b1a5974ce6977b8a390554b957a81f2ce861900e66619db52fd3
speed_900rpm__torque_1000Nm__temperature_35degC,train,Fw,900.0,1000.0,35.0,data/polished_dataset/forward/35degree/900rpm/900.0rpm1000.0Nm35.0deg.csv,2060877,b821d7cbdfbeb12127ce5bf2f10753d5e25ca59d670c11a5d490162ea9d4a566
speed_900rpm__torque_1100Nm__temperature_30degC,train,Fw,900.0,1100.0,30.0,data/polished_dataset/forward/30degree/900rpm/900.0rpm1100.0Nm30.0deg.csv,2025686,e030d4df369b3b3b63267ffe1075b0da61ca07ae189b8f7e251ad4e78bbd76e7
speed_900rpm__torque_1100Nm__temperature_35degC,train,Fw,900.0,1100.0,35.0,data/polished_dataset/forward/35degree/900rpm/900.0rpm1100.0Nm35.0deg.csv,2064004,029f458ec9276c1d8f46a8a99efa7b78ce78792d2ceca2e7cf2d34978698d307
speed_900rpm__torque_1200Nm__temperature_25degC,train,Fw,900.0,1200.0,25.0,data/polished_dataset/forward/25degree/900rpm/900.0rpm1200.0Nm25.0deg.csv,2050110,2d2b9cb92dbb8cbd9731138db9ef0589919d4a667a27360757d16f9a33184eff
speed_900rpm__torque_1200Nm__temperature_30degC,train,Fw,900.0,1200.0,30.0,data/polished_dataset/forward/30degree/900rpm/900.0rpm1200.0Nm30.0deg.csv,2058531,9145defa784a6c335bc4ad5fec652dea5d475ddb0f2dbfcc5972dff4a44ca6e8
speed_900rpm__torque_1300Nm__temperature_30degC,train,Fw,900.0,1300.0,30.0,data/polished_dataset/forward/30degree/900rpm/900.0rpm1300.0Nm30.0deg.csv,2027278,0359c1c61ba59c5c8f8d7ce8ad45b093f3bec5e829dc7f8e8db51b2a172c0ac3
speed_900rpm__torque_1300Nm__temperature_35degC,train,Fw,900.0,1300.0,35.0,data/polished_dataset/forward/35degree/900rpm/900.0rpm1300.0Nm35.0deg.csv,2068675,5db8606929ba3fac76694c5d55e34aa6b1ed5a89ba70527ec746b8ca3f9b1d32
speed_900rpm__torque_1400Nm__temperature_25degC,train,Fw,900.0,1400.0,25.0,data/polished_dataset/forward/25degree/900rpm/900.0rpm1400.0Nm25.0deg.csv,2040670,d1483d6987730513265a21b66997d92495bd670484425c461947dbe93452c4b8
speed_900rpm__torque_1400Nm__temperature_35degC,train,Fw,900.0,1400.0,35.0,data/polished_dataset/forward/35degree/900rpm/900.0rpm1400.0Nm35.0deg.csv,2069489,9ef04e023af50c8960b27f027e032587f4d7f189253b5a05b80a638a42ba1104
speed_900rpm__torque_1500Nm__temperature_25degC,train,Fw,900.0,1500.0,25.0,data/polished_dataset/forward/25degree/900rpm/900.0rpm1500.0Nm25.0deg.csv,2040325,5b6054fe29ec5083a44d85e22cb477f1e36b10d41ca3fc6d11deedf488d00758
speed_900rpm__torque_1600Nm__temperature_30degC,train,Fw,900.0,1600.0,30.0,data/polished_dataset/forward/30degree/900rpm/900.0rpm1600.0Nm30.0deg.csv,2022380,13eae93deae9066bdf79c821b6e8abd0c97dabe10ea8d0e73d7c78c3b5181847
speed_900rpm__torque_1700Nm__temperature_30degC,train,Fw,900.0,1700.0,30.0,data/polished_dataset/forward/30degree/900rpm/900.0rpm1700.0Nm30.0deg.csv,2032957,bf90afff932a467a76945f66332b6edc2de131ddcb8493728d4a251c0c33490f
speed_900rpm__torque_1700Nm__temperature_35degC,train,Fw,900.0,1700.0,35.0,data/polished_dataset/forward/35degree/900rpm/900.0rpm1700.0Nm35.0deg.csv,2062214,1404e11be3cb3859c53ddf5f1cc6d756942e8dd89348b7d06d805904d44bc52c
speed_900rpm__torque_1800Nm__temperature_25degC,train,Fw,900.0,1800.0,25.0,data/polished_dataset/forward/25degree/900rpm/900.0rpm1800.0Nm25.0deg.csv,2030780,333d7c29109ad38d222e0ca9f446b922a464f06fcd793d90ab6c9e1d32bd8af3
speed_900rpm__torque_1800Nm__temperature_30degC,train,Fw,900.0,1800.0,30.0,data/polished_dataset/forward/30degree/900rpm/900.0rpm1800.0Nm30.0deg.csv,2030188,ad1ac099a1333a6e81dc8a5093b172a620fb57c12aa3d1fbb4fc4f89b50d4834
speed_900rpm__torque_1800Nm__temperature_35degC,train,Fw,900.0,1800.0,35.0,data/polished_dataset/forward/35degree/900rpm/900.0rpm1800.0Nm35.0deg.csv,2068352,664f48590a46f47f3fd332b6d15b9a95d7be0e7a2a48e1abd50eefab2fbaf176
speed_1000rpm__torque_0Nm__temperature_30degC,train,Fw,1000.0,0.0,30.0,data/polished_dataset/forward/30degree/1000rpm/1000.0rpm0.0Nm30.0deg.csv,1832235,9282c29945d616ffc802277f9a041e82623b98656127087a8d36cf040b3de60a
speed_1000rpm__torque_0Nm__temperature_35degC,train,Fw,1000.0,0.0,35.0,data/polished_dataset/forward/35degree/1000rpm/1000.0rpm0.0Nm35.0deg.csv,1874140,ba349940af09e8af80b56caacc512ecd61953ac16f9f37c4c1c395a79bf11ca0
speed_1000rpm__torque_100Nm__temperature_25degC,train,Fw,1000.0,100.0,25.0,data/polished_dataset/forward/25degree/1000rpm/1000.0rpm100.0Nm25.0deg.csv,1825933,a20bd532f1c67184cf9329e5f62d0bd63dbd734b81d463e1fab5df957656a252
speed_1000rpm__torque_100Nm__temperature_30degC,train,Fw,1000.0,100.0,30.0,data/polished_dataset/forward/30degree/1000rpm/1000.0rpm100.0Nm30.0deg.csv,1870591,494b0107cac07273046a47bcc3ddb7e41b138e0aba3c3f68d31d92b373516cb4
speed_1000rpm__torque_100Nm__temperature_35degC,train,Fw,1000.0,100.0,35.0,data/polished_dataset/forward/35degree/1000rpm/1000.0rpm100.0Nm35.0deg.csv,1865243,15bfa695a8d9a9bb4f1712889dd4b5db4440a34ffe922dc8eb7bb981b2a855e5
speed_1000rpm__torque_200Nm__temperature_25degC,train,Fw,1000.0,200.0,25.0,data/polished_dataset/forward/25degree/1000rpm/1000.0rpm200.0Nm25.0deg.csv,1832362,3970dcd3e704cb4f4a37e7212a7ec39e220524ea5ee4a83a90ba569c36a4f988
speed_1000rpm__torque_200Nm__temperature_30degC,train,Fw,1000.0,200.0,30.0,data/polished_dataset/forward/30degree/1000rpm/1000.0rpm200.0Nm30.0deg.csv,1868836,f000714194f95de2ea64bd60b8e1a77ff673223ed35683574e4126f392859398
speed_1000rpm__torque_200Nm__temperature_35degC,train,Fw,1000.0,200.0,35.0,data/polished_dataset/forward/35degree/1000rpm/1000.0rpm200.0Nm35.0deg.csv,1871869,9503e195e35700004a038d699bca63796adcf705accc1505afd66b9f5873010d
speed_1000rpm__torque_300Nm__temperature_35degC,train,Fw,1000.0,300.0,35.0,data/polished_dataset/forward/35degree/1000rpm/1000.0rpm300.0Nm35.0deg.csv,1866346,68ba64cd23e2c5ae5f83e2bc717d8a628921884d3a447230c5bf50da11ad24a8
speed_1000rpm__torque_400Nm__temperature_25degC,train,Fw,1000.0,400.0,25.0,data/polished_dataset/forward/25degree/1000rpm/1000.0rpm400.0Nm25.0deg.csv,1840416,2d7a5ce0a8bca88183eb42417cb5b3423a758409a893046e92a58bee53f0bfa1
speed_1000rpm__torque_400Nm__temperature_30degC,train,Fw,1000.0,400.0,30.0,data/polished_dataset/forward/30degree/1000rpm/1000.0rpm400.0Nm30.0deg.csv,1878777,bd2bc8224f6ff52384aa25e33d0709f99874b4094de31d73826f6ede73833bba
speed_1000rpm__torque_400Nm__temperature_35degC,train,Fw,1000.0,400.0,35.0,data/polished_dataset/forward/35degree/1000rpm/1000.0rpm400.0Nm35.0deg.csv,1876797,560ecfbb7faddbd1b948004b9011cadf4e16371586ed60be4435d16c7bde0b0d
speed_1000rpm__torque_500Nm__temperature_25degC,train,Fw,1000.0,500.0,25.0,data/polished_dataset/forward/25degree/1000rpm/1000.0rpm500.0Nm25.0deg.csv,1842461,ce1b124d43eb267a4bf755b86980909fc3402e154a670a5e433f72e2911dcff5
speed_1000rpm__torque_500Nm__temperature_30degC,train,Fw,1000.0,500.0,30.0,data/polished_dataset/forward/30degree/1000rpm/1000.0rpm500.0Nm30.0deg.csv,1833134,4c353469a498943f7ac1bd6c20c838beda67510a03256a9286c71b2a6251f2e4
speed_1000rpm__torque_500Nm__temperature_35degC,train,Fw,1000.0,500.0,35.0,data/polished_dataset/forward/35degree/1000rpm/1000.0rpm500.0Nm35.0deg.csv,1867174,11e684901d3aca24c0a3cad849353548eb4f5baa8db025a1523341bc3f4390bb
speed_1000rpm__torque_600Nm__temperature_35degC,train,Fw,1000.0,600.0,35.0,data/polished_dataset/forward/35degree/1000rpm/1000.0rpm600.0Nm35.0deg.csv,1879865,1f5393093399a20a4b6772b8d63dc6031dcbad8a84caff1b34ef81856bbaed29
speed_1000rpm__torque_700Nm__temperature_25degC,train,Fw,1000.0,700.0,25.0,data/polished_dataset/forward/25degree/1000rpm/1000.0rpm700.0Nm25.0deg.csv,1828149,07bfd724e583ed85916bcebb57d5886a3df920690d134dbb6e0de39aceaca6f6
speed_1000rpm__torque_700Nm__temperature_30degC,train,Fw,1000.0,700.0,30.0,data/polished_dataset/forward/30degree/1000rpm/1000.0rpm700.0Nm30.0deg.csv,1856867,50bd3d30993f3784dff3d0dbb2bb684e0a1779460f99a5c7e74a4fad9add76f9
speed_1000rpm__torque_900Nm__temperature_25degC,train,Fw,1000.0,900.0,25.0,data/polished_dataset/forward/25degree/1000rpm/1000.0rpm900.0Nm25.0deg.csv,1843010,2b0e53c635d8f251591b2d45c2248214beca2e6922a37db2d537ce16e8bba722
speed_1000rpm__torque_900Nm__temperature_30degC,train,Fw,1000.0,900.0,30.0,data/polished_dataset/forward/30degree/1000rpm/1000.0rpm900.0Nm30.0deg.csv,1854312,978f6c25d79fc0ae745aa8d7c991398252eff998650bbd23d58d4d87dc02568a
speed_1000rpm__torque_1000Nm__temperature_25degC,train,Fw,1000.0,1000.0,25.0,data/polished_dataset/forward/25degree/1000rpm/1000.0rpm1000.0Nm25.0deg.csv,1825393,f2e816ebf72cdcd921586cf821b18adf79dd50eae27af49272087a36235af387
speed_1000rpm__torque_1000Nm__temperature_30degC,train,Fw,1000.0,1000.0,30.0,data/polished_dataset/forward/30degree/1000rpm/1000.0rpm1000.0Nm30.0deg.csv,1824640,6636bd4d5a634d522d9a3958f000ec108e2699ca30ba11e166656760f896d138
speed_1000rpm__torque_1000Nm__temperature_35degC,train,Fw,1000.0,1000.0,35.0,data/polished_dataset/forward/35degree/1000rpm/1000.0rpm1000.0Nm35.0deg.csv,1869010,7891fdced7c67a81df4edb7f99a682f28c1f5228fa77f669105c9c8ecc8ca452
speed_1000rpm__torque_1100Nm__temperature_25degC,train,Fw,1000.0,1100.0,25.0,data/polished_dataset/forward/25degree/1000rpm/1000.0rpm1100.0Nm25.0deg.csv,1846062,cc02ef8b8a238b8fc74757e25814f99d472e9713c4d121b4f304975f50e54568
speed_1000rpm__torque_1200Nm__temperature_25degC,train,Fw,1000.0,1200.0,25.0,data/polished_dataset/forward/25degree/1000rpm/1000.0rpm1200.0Nm25.0deg.csv,1829646,04b4262d01fca542f68e835148b2f664224fbeaa1d30640c61ca4b1b054165e7
speed_1000rpm__torque_1200Nm__temperature_30degC,train,Fw,1000.0,1200.0,30.0,data/polished_dataset/forward/30degree/1000rpm/1000.0rpm1200.0Nm30.0deg.csv,1876469,83e792cb2232fb30a8708cc5df6e79958127deace737c331ad07c90b783945c4
speed_1000rpm__torque_1200Nm__temperature_35degC,train,Fw,1000.0,1200.0,35.0,data/polished_dataset/forward/35degree/1000rpm/1000.0rpm1200.0Nm35.0deg.csv,1863976,04a964c9e8dccd6e4437086d85dfd84a2acc8fa9e8695f178d06703cc2dd471b
speed_1000rpm__torque_1300Nm__temperature_25degC,train,Fw,1000.0,1300.0,25.0,data/polished_dataset/forward/25degree/1000rpm/1000.0rpm1300.0Nm25.0deg.csv,1826992,f8cf7677c39a911618f843dec38b7da970a64c3da99ff1316a87c560ecc1568b
speed_1000rpm__torque_1300Nm__temperature_30degC,train,Fw,1000.0,1300.0,30.0,data/polished_dataset/forward/30degree/1000rpm/1000.0rpm1300.0Nm30.0deg.csv,1844846,1c80e5511de872dd543dee688da15a30e0c082ee130e5a492398f503f3e4f1d8
speed_1000rpm__torque_1300Nm__temperature_35degC,train,Fw,1000.0,1300.0,35.0,data/polished_dataset/forward/35degree/1000rpm/1000.0rpm1300.0Nm35.0deg.csv,1854463,a68bd380115235584208385585938233ea6f43927a1ecb4cd2fae5e689e7a227
speed_1000rpm__torque_1400Nm__temperature_25degC,train,Fw,1000.0,1400.0,25.0,data/polished_dataset/forward/25degree/1000rpm/1000.0rpm1400.0Nm25.0deg.csv,1817942,dfa437eb83a9243e0fefff7a075da308c282beea3b30abeaafef74d36edb7af8
speed_1000rpm__torque_1400Nm__temperature_30degC,train,Fw,1000.0,1400.0,30.0,data/polished_dataset/forward/30degree/1000rpm/1000.0rpm1400.0Nm30.0deg.csv,1825846,2e60622f30d272cef64f4dac658a614d92af5c788b2c20b79b7a7678d1813afb
speed_1000rpm__torque_1500Nm__temperature_25degC,train,Fw,1000.0,1500.0,25.0,data/polished_dataset/forward/25degree/1000rpm/1000.0rpm1500.0Nm25.0deg.csv,1841821,96547f566d779c14e2a58d92f6c9820e79d0221cc0b33b1c7e06beeb85139a1a
speed_1000rpm__torque_1500Nm__temperature_30degC,train,Fw,1000.0,1500.0,30.0,data/polished_dataset/forward/30degree/1000rpm/1000.0rpm1500.0Nm30.0deg.csv,1825676,fa9e1ac6afe4782d14b93768780eb66c00f9550454ad69e1b8172a4f3460e35d
speed_1000rpm__torque_1500Nm__temperature_35degC,train,Fw,1000.0,1500.0,35.0,data/polished_dataset/forward/35degree/1000rpm/1000.0rpm1500.0Nm35.0deg.csv,1874339,cbad50d9be74b68e0bb8e824b9f2ccbc7182e34b70ec8be96aef20f518efa67d
speed_1000rpm__torque_1600Nm__temperature_30degC,train,Fw,1000.0,1600.0,30.0,data/polished_dataset/forward/30degree/1000rpm/1000.0rpm1600.0Nm30.0deg.csv,1821974,5b57dbf154b12f00f525c563c11b1e3fbbfba84a9538934a483d1ead691efdd0
speed_1000rpm__torque_1600Nm__temperature_35degC,train,Fw,1000.0,1600.0,35.0,data/polished_dataset/forward/35degree/1000rpm/1000.0rpm1600.0Nm35.0deg.csv,1868719,cf6c378f6422f9a49eb8a172475670afa732ed8bea2cb7e6bf00032a68ec4bf0
speed_1000rpm__torque_1700Nm__temperature_30degC,train,Fw,1000.0,1700.0,30.0,data/polished_dataset/forward/30degree/1000rpm/1000.0rpm1700.0Nm30.0deg.csv,1837273,8ba9d7be6927f8907caa4bed5215829feb39bdd5068ff19a4f21923e824d64b0
speed_1000rpm__torque_1700Nm__temperature_35degC,train,Fw,1000.0,1700.0,35.0,data/polished_dataset/forward/35degree/1000rpm/1000.0rpm1700.0Nm35.0deg.csv,1863889,4cc942c2833c39bfcf49846be2068897b05d91935719884fee050c848a68cbc4
speed_1000rpm__torque_1800Nm__temperature_25degC,train,Fw,1000.0,1800.0,25.0,data/polished_dataset/forward/25degree/1000rpm/1000.0rpm1800.0Nm25.0deg.csv,1808659,65b850c77796c83ce3c68b2d86badde1b59dc442b689e578254c928878b1a8e0
speed_1000rpm__torque_1800Nm__temperature_35degC,train,Fw,1000.0,1800.0,35.0,data/polished_dataset/forward/35degree/1000rpm/1000.0rpm1800.0Nm35.0deg.csv,1870846,a8e7484aa47f3491c92bcb094b77c0859f46a3beef4476c8114af5732265dc9a
speed_1100rpm__torque_0Nm__temperature_25degC,train,Fw,1100.0,0.0,25.0,data/polished_dataset/forward/25degree/1100rpm/1100.0rpm0.0Nm25.0deg.csv,1682835,c5e33dd4073105ad1ee74046bcd16c56a72cbf5b196829af8542624cdc4e64bd
speed_1100rpm__torque_0Nm__temperature_30degC,train,Fw,1100.0,0.0,30.0,data/polished_dataset/forward/30degree/1100rpm/1100.0rpm0.0Nm30.0deg.csv,1685418,6bf19274430c56537d41ed17469e7217b28e8da13ef68f58c8c9e8ec272511bf
speed_1100rpm__torque_100Nm__temperature_25degC,train,Fw,1100.0,100.0,25.0,data/polished_dataset/forward/25degree/1100rpm/1100.0rpm100.0Nm25.0deg.csv,1658243,a5eb0397e0ab9b1fe122817eb01bd4d1226b0889c2f6cc7c8f5e8d4ed0759ed4
speed_1100rpm__torque_100Nm__temperature_30degC,train,Fw,1100.0,100.0,30.0,data/polished_dataset/forward/30degree/1100rpm/1100.0rpm100.0Nm30.0deg.csv,1655884,e4d51587f270067daf50fb8b02cc0dfb5a41f42c89d93143fc024007e0ddee0f
speed_1100rpm__torque_100Nm__temperature_35degC,train,Fw,1100.0,100.0,35.0,data/polished_dataset/forward/35degree/1100rpm/1100.0rpm100.0Nm35.0deg.csv,1700587,311a4cbcd1fc7b49ff835c5560c87b8b6257204d25fb1852cb7ba6aa9735082f
speed_1100rpm__torque_200Nm__temperature_25degC,train,Fw,1100.0,200.0,25.0,data/polished_dataset/forward/25degree/1100rpm/1100.0rpm200.0Nm25.0deg.csv,1672378,efe59050826916bb28e15080dcbedef89a50ca21892e240cd7e6ec2a483ad1d5
speed_1100rpm__torque_200Nm__temperature_30degC,train,Fw,1100.0,200.0,30.0,data/polished_dataset/forward/30degree/1100rpm/1100.0rpm200.0Nm30.0deg.csv,1678719,45d136c485968d04112c6ac5b0450611843f52fa19e2cdc7c419dd4111151003
speed_1100rpm__torque_200Nm__temperature_35degC,train,Fw,1100.0,200.0,35.0,data/polished_dataset/forward/35degree/1100rpm/1100.0rpm200.0Nm35.0deg.csv,1698721,0f3f5987c526f58997842c8be11f998f911a35d9a0fe0dfc65a8120a4f8bc1c2
speed_1100rpm__torque_300Nm__temperature_30degC,train,Fw,1100.0,300.0,30.0,data/polished_dataset/forward/30degree/1100rpm/1100.0rpm300.0Nm30.0deg.csv,1715325,a713a5dcf088d7b011ad016cd2ff290722fbd2f2cb904a9354c034486779d73c
speed_1100rpm__torque_300Nm__temperature_35degC,train,Fw,1100.0,300.0,35.0,data/polished_dataset/forward/35degree/1100rpm/1100.0rpm300.0Nm35.0deg.csv,1697209,cc3cc9a1ec3a0277876e3f3a503837f44f8623fa32c48ff602b8bfd0a64a6990
speed_1100rpm__torque_400Nm__temperature_25degC,train,Fw,1100.0,400.0,25.0,data/polished_dataset/forward/25degree/1100rpm/1100.0rpm400.0Nm25.0deg.csv,1686170,e650564e63cd46a4857e2c508c1806ca5416b07f4193d547f37e2fb532721ff8
speed_1100rpm__torque_400Nm__temperature_30degC,train,Fw,1100.0,400.0,30.0,data/polished_dataset/forward/30degree/1100rpm/1100.0rpm400.0Nm30.0deg.csv,1698959,b289f7aa44219275e4326d64876af69a6bf1d6b074d80709b653f881de8e90e2
speed_1100rpm__torque_400Nm__temperature_35degC,train,Fw,1100.0,400.0,35.0,data/polished_dataset/forward/35degree/1100rpm/1100.0rpm400.0Nm35.0deg.csv,1707552,0ba29bfac245ba931b5a962aba878047f4006a572f23c0764c546b317d738c2a
speed_1100rpm__torque_500Nm__temperature_35degC,train,Fw,1100.0,500.0,35.0,data/polished_dataset/forward/35degree/1100rpm/1100.0rpm500.0Nm35.0deg.csv,1708403,ed011cec5870a9bf23dda3a0111477ac8ebbb47e0ff9797f70dadd1237f399f7
speed_1100rpm__torque_600Nm__temperature_35degC,train,Fw,1100.0,600.0,35.0,data/polished_dataset/forward/35degree/1100rpm/1100.0rpm600.0Nm35.0deg.csv,1711812,de413124d4c47df6f5019e36ff6a5fc66dd738657371a346e04b4b06feaa5ba5
speed_1100rpm__torque_700Nm__temperature_25degC,train,Fw,1100.0,700.0,25.0,data/polished_dataset/forward/25degree/1100rpm/1100.0rpm700.0Nm25.0deg.csv,1684882,98c852ef12f25bcc4eb7d7d81498b87b758356bd6eaf4bef6bc37fa7ae772645
speed_1100rpm__torque_700Nm__temperature_30degC,train,Fw,1100.0,700.0,30.0,data/polished_dataset/forward/30degree/1100rpm/1100.0rpm700.0Nm30.0deg.csv,1683009,d535b8972bae2932708be25ffc39ef31f7fc64477b8e55c6b4e2b883fc87c372
speed_1100rpm__torque_700Nm__temperature_35degC,train,Fw,1100.0,700.0,35.0,data/polished_dataset/forward/35degree/1100rpm/1100.0rpm700.0Nm35.0deg.csv,1712007,6ecbccf8f20d54df7886dba8940db4be833698f0f3fcd349d43f597f888aec6a
speed_1100rpm__torque_800Nm__temperature_25degC,train,Fw,1100.0,800.0,25.0,data/polished_dataset/forward/25degree/1100rpm/1100.0rpm800.0Nm25.0deg.csv,1680861,7a913da96cf3d634eba046d6169d07296160488e5cd7101a124bf9a94335a24f
speed_1100rpm__torque_800Nm__temperature_35degC,train,Fw,1100.0,800.0,35.0,data/polished_dataset/forward/35degree/1100rpm/1100.0rpm800.0Nm35.0deg.csv,1706542,2d13ba05eecbae88747376082e432557508d96e7097499e1556dfcacc3847bd9
speed_1100rpm__torque_900Nm__temperature_25degC,train,Fw,1100.0,900.0,25.0,data/polished_dataset/forward/25degree/1100rpm/1100.0rpm900.0Nm25.0deg.csv,1671906,009d5d5f7ba273d61854c96a670b860d1fb29d75c107f40f0062cd14d936fb46
speed_1100rpm__torque_900Nm__temperature_30degC,train,Fw,1100.0,900.0,30.0,data/polished_dataset/forward/30degree/1100rpm/1100.0rpm900.0Nm30.0deg.csv,1672134,1d29241b9bf20ab73b9f61755855eca529840213ce021905500f8569c46c0f80
speed_1100rpm__torque_1000Nm__temperature_35degC,train,Fw,1100.0,1000.0,35.0,data/polished_dataset/forward/35degree/1100rpm/1100.0rpm1000.0Nm35.0deg.csv,1693669,41bad8716d326a8d4040278b47f63bfe6ab6e22189208b2bbde16c7f847e65e6
speed_1100rpm__torque_1100Nm__temperature_25degC,train,Fw,1100.0,1100.0,25.0,data/polished_dataset/forward/25degree/1100rpm/1100.0rpm1100.0Nm25.0deg.csv,1656824,071d99d3192dcadd0a6baba42a918dbc866a2f79b24c4e2fe4c00617d1cd7ad3
speed_1100rpm__torque_1100Nm__temperature_30degC,train,Fw,1100.0,1100.0,30.0,data/polished_dataset/forward/30degree/1100rpm/1100.0rpm1100.0Nm30.0deg.csv,1668539,0c61ab4a8b5c4483001dda534b1c2d37aaaaf7c955e24ca6506b43ad9353d92a
speed_1100rpm__torque_1100Nm__temperature_35degC,train,Fw,1100.0,1100.0,35.0,data/polished_dataset/forward/35degree/1100rpm/1100.0rpm1100.0Nm35.0deg.csv,1686879,0af3f9a42f5447b3732e265065d9fd204c946219a1c358b740b2ef903ac9c40b
speed_1100rpm__torque_1200Nm__temperature_25degC,train,Fw,1100.0,1200.0,25.0,data/polished_dataset/forward/25degree/1100rpm/1100.0rpm1200.0Nm25.0deg.csv,1673497,a8072aca1b4ed0ed6d8f0b62a1aa9c25579f84a1e0a39246ca68a69ccf80cdb6
speed_1100rpm__torque_1200Nm__temperature_35degC,train,Fw,1100.0,1200.0,35.0,data/polished_dataset/forward/35degree/1100rpm/1100.0rpm1200.0Nm35.0deg.csv,1705209,091973d5aa7b4fb4cb93af4e5102d319b25c206555b8db50960b7177952d4976
speed_1100rpm__torque_1300Nm__temperature_25degC,train,Fw,1100.0,1300.0,25.0,data/polished_dataset/forward/25degree/1100rpm/1100.0rpm1300.0Nm25.0deg.csv,1675352,4ae3e480a0d358636a3f8b152cd40bd7c53715399d7c4fbfabb6ab9218343c0c
speed_1100rpm__torque_1300Nm__temperature_30degC,train,Fw,1100.0,1300.0,30.0,data/polished_dataset/forward/30degree/1100rpm/1100.0rpm1300.0Nm30.0deg.csv,1686811,d4ef685f844da1223b52e3be75b96c35ac276e17032cd06dd4fe5fcf5f18dda5
speed_1100rpm__torque_1300Nm__temperature_35degC,train,Fw,1100.0,1300.0,35.0,data/polished_dataset/forward/35degree/1100rpm/1100.0rpm1300.0Nm35.0deg.csv,1702613,f75a0962513043675983038b8e69630f8eb912f01bef9bcb6bfbf4301be5f1f8
speed_1100rpm__torque_1400Nm__temperature_30degC,train,Fw,1100.0,1400.0,30.0,data/polished_dataset/forward/30degree/1100rpm/1100.0rpm1400.0Nm30.0deg.csv,1659055,05a84cd78c5058bc172adf0789912a5039588dfe315429867300820845c49b9b
speed_1100rpm__torque_1500Nm__temperature_30degC,train,Fw,1100.0,1500.0,30.0,data/polished_dataset/forward/30degree/1100rpm/1100.0rpm1500.0Nm30.0deg.csv,1661254,56f628e694f5ae40c11c74dc189da59aa27e5b26bdc60d850533c9dd93bc9201
speed_1100rpm__torque_1600Nm__temperature_25degC,train,Fw,1100.0,1600.0,25.0,data/polished_dataset/forward/25degree/1100rpm/1100.0rpm1600.0Nm25.0deg.csv,1664773,dbff02a4e78ff909797e69ee32d04b59aa461086c4a152ff144a5adc1be7fcb5
speed_1100rpm__torque_1600Nm__temperature_35degC,train,Fw,1100.0,1600.0,35.0,data/polished_dataset/forward/35degree/1100rpm/1100.0rpm1600.0Nm35.0deg.csv,1704484,8b44ee70d8233cf3478aebfee03474fe029820ff2135d3c8b8428f466cf73b9e
speed_1100rpm__torque_1700Nm__temperature_25degC,train,Fw,1100.0,1700.0,25.0,data/polished_dataset/forward/25degree/1100rpm/1100.0rpm1700.0Nm25.0deg.csv,1649461,915409c988aac3a4ee3b6d763dbd029bd2771c25c3329cf29412ae84ff0592ee
speed_1100rpm__torque_1700Nm__temperature_30degC,train,Fw,1100.0,1700.0,30.0,data/polished_dataset/forward/30degree/1100rpm/1100.0rpm1700.0Nm30.0deg.csv,1661235,2541c8f4033157ed43cad66cb3a58e2f4a3c1cc5d7f4c676b5ca41df857e5095
speed_1100rpm__torque_1700Nm__temperature_35degC,train,Fw,1100.0,1700.0,35.0,data/polished_dataset/forward/35degree/1100rpm/1100.0rpm1700.0Nm35.0deg.csv,1699951,fcf3f47a9c38880c4ff9c73194b73c14740c8913a1aeda3a0388289bec6de0fb
speed_1100rpm__torque_1800Nm__temperature_25degC,train,Fw,1100.0,1800.0,25.0,data/polished_dataset/forward/25degree/1100rpm/1100.0rpm1800.0Nm25.0deg.csv,1658285,2adaf7ee07c8086bf66b6920d7ca1bb2c436ab2e99026fddef19d712fa82302f
speed_1300rpm__torque_0Nm__temperature_25degC,train,Fw,1300.0,0.0,25.0,data/polished_dataset/forward/25degree/1300rpm/1300.0rpm0.0Nm25.0deg.csv,1415893,173975eb1598955160bb3230e92532be322e95073d553a086aed621f097aa4b4
speed_1300rpm__torque_0Nm__temperature_30degC,train,Fw,1300.0,0.0,30.0,data/polished_dataset/forward/30degree/1300rpm/1300.0rpm0.0Nm30.0deg.csv,1413485,bc0776b9a9d4a30b3df2444aed82be23130a79c6b126fc28f1d4b03d55d31e0b
speed_1300rpm__torque_100Nm__temperature_25degC,train,Fw,1300.0,100.0,25.0,data/polished_dataset/forward/25degree/1300rpm/1300.0rpm100.0Nm25.0deg.csv,1409078,f066aaf02a6bdd545d53aaefa95d70fcda80422cdcc052a2734ced83d8f9f774
speed_1300rpm__torque_100Nm__temperature_30degC,train,Fw,1300.0,100.0,30.0,data/polished_dataset/forward/30degree/1300rpm/1300.0rpm100.0Nm30.0deg.csv,1404967,261c4353d567aec55dd716be61a0da5001991fb33eaddb256e356a5eeabcdf25
speed_1300rpm__torque_100Nm__temperature_35degC,train,Fw,1300.0,100.0,35.0,data/polished_dataset/forward/35degree/1300rpm/1300.0rpm100.0Nm35.0deg.csv,1444304,bc1fbb50266a0431da266924c954e28cc24f77113898104a7a7fa0ad7c0ad240
speed_1300rpm__torque_200Nm__temperature_25degC,train,Fw,1300.0,200.0,25.0,data/polished_dataset/forward/25degree/1300rpm/1300.0rpm200.0Nm25.0deg.csv,1421112,389892e218f98525cf7e9ab9ac770d464c897e4b637fa021cdc55446969ba7f5
speed_1300rpm__torque_200Nm__temperature_30degC,train,Fw,1300.0,200.0,30.0,data/polished_dataset/forward/30degree/1300rpm/1300.0rpm200.0Nm30.0deg.csv,1414471,d1e25dc7009111018f6743d6de034a425fa487a292e794fc15a6cc59c4afcb10
speed_1300rpm__torque_300Nm__temperature_30degC,train,Fw,1300.0,300.0,30.0,data/polished_dataset/forward/30degree/1300rpm/1300.0rpm300.0Nm30.0deg.csv,1446829,35931e4cb17ecb731dc01ef07a5a439c1c9fa90f9faddaf6edb5851d46c29823
speed_1300rpm__torque_400Nm__temperature_25degC,train,Fw,1300.0,400.0,25.0,data/polished_dataset/forward/25degree/1300rpm/1300.0rpm400.0Nm25.0deg.csv,1379508,3fcedb7f10cb8ec58a238c87d735fe4fb944a696343a1ebcb0f3aa0043a0b850
speed_1300rpm__torque_400Nm__temperature_30degC,train,Fw,1300.0,400.0,30.0,data/polished_dataset/forward/30degree/1300rpm/1300.0rpm400.0Nm30.0deg.csv,1406599,ff3df34bed01f7e195466c4a92aa561ff7587d4ce77e2ab4ddc66709c8cc9e4c
speed_1300rpm__torque_400Nm__temperature_35degC,train,Fw,1300.0,400.0,35.0,data/polished_dataset/forward/35degree/1300rpm/1300.0rpm400.0Nm35.0deg.csv,1437031,dd181bf9aff6b110697aee468eb0e3caaa04cbdc3e9ee7dff31262bf597a72e3
speed_1300rpm__torque_500Nm__temperature_25degC,train,Fw,1300.0,500.0,25.0,data/polished_dataset/forward/25degree/1300rpm/1300.0rpm500.0Nm25.0deg.csv,1365076,f1dced069cbddcf6de59b0be7f157b505646f305188042b3df01d3a879bdc893
speed_1300rpm__torque_500Nm__temperature_30degC,train,Fw,1300.0,500.0,30.0,data/polished_dataset/forward/30degree/1300rpm/1300.0rpm500.0Nm30.0deg.csv,1417586,34dbc453878164bf33f526926aa9ae5e26adc32b8676628c1f91dbd4efa2b1e5
speed_1300rpm__torque_500Nm__temperature_35degC,train,Fw,1300.0,500.0,35.0,data/polished_dataset/forward/35degree/1300rpm/1300.0rpm500.0Nm35.0deg.csv,1433938,5573043a67ad5119e3d9654bcac32cdefd7e5988752b64837bec2ccc628b39f3
speed_1300rpm__torque_600Nm__temperature_30degC,train,Fw,1300.0,600.0,30.0,data/polished_dataset/forward/30degree/1300rpm/1300.0rpm600.0Nm30.0deg.csv,1410333,f83d64a4829bf8e344478edbdf2824703e240e1d4bff372fab435a01f6053006
speed_1300rpm__torque_600Nm__temperature_35degC,train,Fw,1300.0,600.0,35.0,data/polished_dataset/forward/35degree/1300rpm/1300.0rpm600.0Nm35.0deg.csv,1455934,fe8fe6281ce998bbf3de0516d850b2da4ba01e56fe0e4a09d2aa57eccee981b2
speed_1300rpm__torque_700Nm__temperature_25degC,train,Fw,1300.0,700.0,25.0,data/polished_dataset/forward/25degree/1300rpm/1300.0rpm700.0Nm25.0deg.csv,1418310,9dacfc9cbc84358e9488e33fa748eace4b11b7c5ae01bec48f573a50c1a177b5
speed_1300rpm__torque_700Nm__temperature_30degC,train,Fw,1300.0,700.0,30.0,data/polished_dataset/forward/30degree/1300rpm/1300.0rpm700.0Nm30.0deg.csv,1434620,be8605e64fbca5b12057d3fcb270c7eae68a2920f628312e5faaa028e92c99f5
speed_1300rpm__torque_700Nm__temperature_35degC,train,Fw,1300.0,700.0,35.0,data/polished_dataset/forward/35degree/1300rpm/1300.0rpm700.0Nm35.0deg.csv,1450862,b7e76e54b665bcc62bb505501b5670d56d4390fe7b56400eeb7bc53b1555632e
speed_1300rpm__torque_800Nm__temperature_30degC,train,Fw,1300.0,800.0,30.0,data/polished_dataset/forward/30degree/1300rpm/1300.0rpm800.0Nm30.0deg.csv,1446246,5c5636671b3d55f6188791cb6ccc3ecbccf7e7ecef7c86647baab0146ca5c9a8
speed_1300rpm__torque_800Nm__temperature_35degC,train,Fw,1300.0,800.0,35.0,data/polished_dataset/forward/35degree/1300rpm/1300.0rpm800.0Nm35.0deg.csv,1447551,3dc92b0516aab0f699a8488745089978510fb63708ea637ff78f939852939d93
speed_1300rpm__torque_900Nm__temperature_25degC,train,Fw,1300.0,900.0,25.0,data/polished_dataset/forward/25degree/1300rpm/1300.0rpm900.0Nm25.0deg.csv,1414196,00951adb2bdedec99f82e7dc3104cc1302fbca294d146495a755b3f253ff9cae
speed_1300rpm__torque_900Nm__temperature_30degC,train,Fw,1300.0,900.0,30.0,data/polished_dataset/forward/30degree/1300rpm/1300.0rpm900.0Nm30.0deg.csv,1415954,5eda28a43f17f19aebc1b9b69ea61739b27b68a405e0063aa22e3fa0dbb5900e
speed_1300rpm__torque_900Nm__temperature_35degC,train,Fw,1300.0,900.0,35.0,data/polished_dataset/forward/35degree/1300rpm/1300.0rpm900.0Nm35.0deg.csv,1443505,bad59511d421ecee1d81bbcd556329655cd07a57bc6f28acd3b5c645fb20ac12
speed_1300rpm__torque_1000Nm__temperature_25degC,train,Fw,1300.0,1000.0,25.0,data/polished_dataset/forward/25degree/1300rpm/1300.0rpm1000.0Nm25.0deg.csv,1402069,3fe43ce5abb47f7441b7b7f1ecc8f839bd1622ce188ef70a5c2d284c1b84c60f
speed_1300rpm__torque_1000Nm__temperature_30degC,train,Fw,1300.0,1000.0,30.0,data/polished_dataset/forward/30degree/1300rpm/1300.0rpm1000.0Nm30.0deg.csv,1402126,46b00ee3b26956be83db04177777a23d48f1ba5d85413c7d30f3d4f712784570
speed_1300rpm__torque_1000Nm__temperature_35degC,train,Fw,1300.0,1000.0,35.0,data/polished_dataset/forward/35degree/1300rpm/1300.0rpm1000.0Nm35.0deg.csv,1426670,4e77d1e6be4b95c78f147898ada26c42d2c397bca7b944bbe0480b1f1bb49bb6
speed_1300rpm__torque_1100Nm__temperature_25degC,train,Fw,1300.0,1100.0,25.0,data/polished_dataset/forward/25degree/1300rpm/1300.0rpm1100.0Nm25.0deg.csv,1398013,a747c1451288f1378c3eb1e7152917113b611e92be377c9ea631f85b85397a34
speed_1300rpm__torque_1100Nm__temperature_30degC,train,Fw,1300.0,1100.0,30.0,data/polished_dataset/forward/30degree/1300rpm/1300.0rpm1100.0Nm30.0deg.csv,1440105,be538a303d6d31ce338f13a98b81736b352e3da81abaf266eb94a15848642967
speed_1300rpm__torque_1200Nm__temperature_25degC,train,Fw,1300.0,1200.0,25.0,data/polished_dataset/forward/25degree/1300rpm/1300.0rpm1200.0Nm25.0deg.csv,1402639,4f482d999b673945db5da2c9c4633815520c1a8ea52da2c2cdf90ee394a01784
speed_1300rpm__torque_1200Nm__temperature_35degC,train,Fw,1300.0,1200.0,35.0,data/polished_dataset/forward/35degree/1300rpm/1300.0rpm1200.0Nm35.0deg.csv,1438255,f0d6a9847ccc9fae8bd3232fa22a535e1689102800ea2553684398d3c65baa1e
speed_1300rpm__torque_1300Nm__temperature_25degC,train,Fw,1300.0,1300.0,25.0,data/polished_dataset/forward/25degree/1300rpm/1300.0rpm1300.0Nm25.0deg.csv,1416415,589fe0362007778fb1b87b30c59d742d84258dfdda9bdb42999cc532dbc4315d
speed_1300rpm__torque_1300Nm__temperature_30degC,train,Fw,1300.0,1300.0,30.0,data/polished_dataset/forward/30degree/1300rpm/1300.0rpm1300.0Nm30.0deg.csv,1403580,0a38f20a207d4ed4f6afd443e38d1e2379d60e60515b40aac1426c19c9389858
speed_1300rpm__torque_1400Nm__temperature_25degC,train,Fw,1300.0,1400.0,25.0,data/polished_dataset/forward/25degree/1300rpm/1300.0rpm1400.0Nm25.0deg.csv,1416586,f70a095c61cbc5c8709c755719ce4861624e367101019feae7de4e5a3d6f9aaa
speed_1300rpm__torque_1400Nm__temperature_30degC,train,Fw,1300.0,1400.0,30.0,data/polished_dataset/forward/30degree/1300rpm/1300.0rpm1400.0Nm30.0deg.csv,1393202,00c1f7b354943b4c3ae3337f0e9179f776a5b1fa656e15fdd52ec6cb809a59ea
speed_1300rpm__torque_1400Nm__temperature_35degC,train,Fw,1300.0,1400.0,35.0,data/polished_dataset/forward/35degree/1300rpm/1300.0rpm1400.0Nm35.0deg.csv,1436033,e1cd6859b7b1d3c6bfed25d7d3ba9c719b69ac01e614ae0a17f57b2a2f537692
speed_1300rpm__torque_1500Nm__temperature_25degC,train,Fw,1300.0,1500.0,25.0,data/polished_dataset/forward/25degree/1300rpm/1300.0rpm1500.0Nm25.0deg.csv,1409775,d956685fe3d741a4115501a5943e879de7fc07349f4d9f30a5b138238004b213
speed_1300rpm__torque_1500Nm__temperature_30degC,train,Fw,1300.0,1500.0,30.0,data/polished_dataset/forward/30degree/1300rpm/1300.0rpm1500.0Nm30.0deg.csv,1419684,e2f9c448df030de05125fc50c94c1358b5130f2a4c4946a44ad2c5c031f5533f
speed_1300rpm__torque_1500Nm__temperature_35degC,train,Fw,1300.0,1500.0,35.0,data/polished_dataset/forward/35degree/1300rpm/1300.0rpm1500.0Nm35.0deg.csv,1431259,84872b2867c5a352621ce62677e4a4aa5f0aec02d5cf23e32ad397bfbf197f99
speed_1300rpm__torque_1600Nm__temperature_25degC,train,Fw,1300.0,1600.0,25.0,data/polished_dataset/forward/25degree/1300rpm/1300.0rpm1600.0Nm25.0deg.csv,1409463,33930188d781fc7e5955c7ec5d60ca5e815d314ead601377c1364f851da80458
speed_1300rpm__torque_1600Nm__temperature_30degC,train,Fw,1300.0,1600.0,30.0,data/polished_dataset/forward/30degree/1300rpm/1300.0rpm1600.0Nm30.0deg.csv,1428920,13ece0bba1e2304da1184f01ae9a07a455d3b7874b27a21320431ca7a5a4e6be
speed_1300rpm__torque_1600Nm__temperature_35degC,train,Fw,1300.0,1600.0,35.0,data/polished_dataset/forward/35degree/1300rpm/1300.0rpm1600.0Nm35.0deg.csv,1436841,7ed099f139d770c0524da66cdd193026f50ba3ee445982ae5d43e62468d90733
speed_1300rpm__torque_1700Nm__temperature_25degC,train,Fw,1300.0,1700.0,25.0,data/polished_dataset/forward/25degree/1300rpm/1300.0rpm1700.0Nm25.0deg.csv,1406117,eaf8399352b6aa571593d45356fc0eb21552d2ed8fa5d3cf44f1271b2ab43b32
speed_1300rpm__torque_1700Nm__temperature_30degC,train,Fw,1300.0,1700.0,30.0,data/polished_dataset/forward/30degree/1300rpm/1300.0rpm1700.0Nm30.0deg.csv,1419482,64b90865054a1883538a45fc1ca45c0ff6c4385ba38d5a5095df5e8c9d49b75d
speed_1300rpm__torque_1700Nm__temperature_35degC,train,Fw,1300.0,1700.0,35.0,data/polished_dataset/forward/35degree/1300rpm/1300.0rpm1700.0Nm35.0deg.csv,1440954,dd6c185c3060430226aa791eb9c500bdab983eaf20b831bd1125b6cd91c2acbd
speed_1300rpm__torque_1800Nm__temperature_25degC,train,Fw,1300.0,1800.0,25.0,data/polished_dataset/forward/25degree/1300rpm/1300.0rpm1800.0Nm25.0deg.csv,1415119,aa790d741942b2dd4995a2023fb30a4dcae7a6c35e6acf9b1fbfd0255b254a21
speed_1300rpm__torque_1800Nm__temperature_35degC,train,Fw,1300.0,1800.0,35.0,data/polished_dataset/forward/35degree/1300rpm/1300.0rpm1800.0Nm35.0deg.csv,1435484,b215ea84f093cce51663e2ffab9c786777ab7349af46aefefd69cc8e9640131f
speed_1400rpm__torque_0Nm__temperature_30degC,train,Fw,1400.0,0.0,30.0,data/polished_dataset/forward/30degree/1400rpm/1400.0rpm0.0Nm30.0deg.csv,1308767,fb6a67d9950eae75a7626a9472ad45239547c891a8a89a8f8c568b307e9f48ec
speed_1400rpm__torque_0Nm__temperature_35degC,train,Fw,1400.0,0.0,35.0,data/polished_dataset/forward/35degree/1400rpm/1400.0rpm0.0Nm35.0deg.csv,1335503,3697ecc18370b45f7adc32c03ceb15291fda331a713da1b8f78914c7f5e92bb6
speed_1400rpm__torque_100Nm__temperature_25degC,train,Fw,1400.0,100.0,25.0,data/polished_dataset/forward/25degree/1400rpm/1400.0rpm100.0Nm25.0deg.csv,1308197,278853215a7de05058952baae9d90fbecddc5beebce64748c809c95662835ec6
speed_1400rpm__torque_100Nm__temperature_30degC,train,Fw,1400.0,100.0,30.0,data/polished_dataset/forward/30degree/1400rpm/1400.0rpm100.0Nm30.0deg.csv,1300522,28298f15203f5470c0039d60579d947c167695fd56646bb3075bf25189f81dde
speed_1400rpm__torque_100Nm__temperature_35degC,train,Fw,1400.0,100.0,35.0,data/polished_dataset/forward/35degree/1400rpm/1400.0rpm100.0Nm35.0deg.csv,1339131,c47b32a743a2b56ad474970cf6cdc25b7a01a81141c403621015d63c904bb062
speed_1400rpm__torque_200Nm__temperature_30degC,train,Fw,1400.0,200.0,30.0,data/polished_dataset/forward/30degree/1400rpm/1400.0rpm200.0Nm30.0deg.csv,1337279,3d5f46c0ece5cac66e0f5eecc27666120ba3cdb989b01666df309f09e423b03c
speed_1400rpm__torque_200Nm__temperature_35degC,train,Fw,1400.0,200.0,35.0,data/polished_dataset/forward/35degree/1400rpm/1400.0rpm200.0Nm35.0deg.csv,1335985,2f494d49459750a6f51e9aab64cd1e67a7e4d66bf04a9443f231919b40c0d93b
speed_1400rpm__torque_300Nm__temperature_35degC,train,Fw,1400.0,300.0,35.0,data/polished_dataset/forward/35degree/1400rpm/1400.0rpm300.0Nm35.0deg.csv,1333473,3e253b37b5ca03e666b31e5a7ddf87740adc4babb6dd074e315cd7bae907c5c8
speed_1400rpm__torque_400Nm__temperature_25degC,train,Fw,1400.0,400.0,25.0,data/polished_dataset/forward/25degree/1400rpm/1400.0rpm400.0Nm25.0deg.csv,1261906,61826956a9f0aaa7029bcee505a40f6f0109a4600d64f53acc7af1450424b90a
speed_1400rpm__torque_400Nm__temperature_30degC,train,Fw,1400.0,400.0,30.0,data/polished_dataset/forward/30degree/1400rpm/1400.0rpm400.0Nm30.0deg.csv,1321827,e47009fb7ffd0450627ff91b467ecfcd4550c0e36f280d34181e5a00814b9ee3
speed_1400rpm__torque_400Nm__temperature_35degC,train,Fw,1400.0,400.0,35.0,data/polished_dataset/forward/35degree/1400rpm/1400.0rpm400.0Nm35.0deg.csv,1341991,e92898bb2855880ddacbd5b2f1cde18057dd3b0ea9261d02ac99a139679586c2
speed_1400rpm__torque_500Nm__temperature_25degC,train,Fw,1400.0,500.0,25.0,data/polished_dataset/forward/25degree/1400rpm/1400.0rpm500.0Nm25.0deg.csv,1308879,87f6a05360e4747e9826ec0d97c3ac63308da9bfab713d08187aa7071d3cd945
speed_1400rpm__torque_500Nm__temperature_35degC,train,Fw,1400.0,500.0,35.0,data/polished_dataset/forward/35degree/1400rpm/1400.0rpm500.0Nm35.0deg.csv,1337651,e2c51c7d6f86b82a4c069aef7ca759367b980a09ff676347d717e2e03d909011
speed_1400rpm__torque_600Nm__temperature_30degC,train,Fw,1400.0,600.0,30.0,data/polished_dataset/forward/30degree/1400rpm/1400.0rpm600.0Nm30.0deg.csv,1310489,ca65202d817df4aed2372e25e5cf3b443711bced1fb9f3cb6f4a5d111783ee47
speed_1400rpm__torque_600Nm__temperature_35degC,train,Fw,1400.0,600.0,35.0,data/polished_dataset/forward/35degree/1400rpm/1400.0rpm600.0Nm35.0deg.csv,1341014,64aeaa3b43af49c91aea8e330c8f7ed432381958880a17ad160f2f0e3eee863c
speed_1400rpm__torque_700Nm__temperature_25degC,train,Fw,1400.0,700.0,25.0,data/polished_dataset/forward/25degree/1400rpm/1400.0rpm700.0Nm25.0deg.csv,1311572,5cbad43946bc4ae7ad7f09b283caf43dfd337d119b40567b90c246dec82987e6
speed_1400rpm__torque_700Nm__temperature_30degC,train,Fw,1400.0,700.0,30.0,data/polished_dataset/forward/30degree/1400rpm/1400.0rpm700.0Nm30.0deg.csv,1323812,e689061491cde8b93d68c76391a6a16cd315c2962abc5bf3a6dc9e7a3357d048
speed_1400rpm__torque_700Nm__temperature_35degC,train,Fw,1400.0,700.0,35.0,data/polished_dataset/forward/35degree/1400rpm/1400.0rpm700.0Nm35.0deg.csv,1339380,39f484ebe2163cc746624c2b6655b63859511e72c00eb53d9d1a8bee9a12a557
speed_1400rpm__torque_800Nm__temperature_30degC,train,Fw,1400.0,800.0,30.0,data/polished_dataset/forward/30degree/1400rpm/1400.0rpm800.0Nm30.0deg.csv,1349005,1951e87346937567cf1676909314bb4e1fee27a36a7943d6790dc64e4db389b6
speed_1400rpm__torque_900Nm__temperature_25degC,train,Fw,1400.0,900.0,25.0,data/polished_dataset/forward/25degree/1400rpm/1400.0rpm900.0Nm25.0deg.csv,1311400,b45f7280aa9e97f7042a4b4d9bab3cbffcd66b72c4a5b5c1e10f6ccbdeea65b8
speed_1400rpm__torque_900Nm__temperature_35degC,train,Fw,1400.0,900.0,35.0,data/polished_dataset/forward/35degree/1400rpm/1400.0rpm900.0Nm35.0deg.csv,1345868,bbbb9a7f1fe573fa9fadfc932a16eb9b00abd88e8279777faf3d564c844f4f71
speed_1400rpm__torque_1000Nm__temperature_25degC,train,Fw,1400.0,1000.0,25.0,data/polished_dataset/forward/25degree/1400rpm/1400.0rpm1000.0Nm25.0deg.csv,1305533,6940bd2908f550a3167c8941ace8959524fa8537a13cb31b16ca504918c4e7c9
speed_1400rpm__torque_1000Nm__temperature_30degC,train,Fw,1400.0,1000.0,30.0,data/polished_dataset/forward/30degree/1400rpm/1400.0rpm1000.0Nm30.0deg.csv,1332814,88c3410f5ded4fc53196396fa3c99d424c6e85ce6034a3e76a17b58d29f68b01
speed_1400rpm__torque_1000Nm__temperature_35degC,train,Fw,1400.0,1000.0,35.0,data/polished_dataset/forward/35degree/1400rpm/1400.0rpm1000.0Nm35.0deg.csv,1334009,a95cda537e1575ea8557b56efdcce38f8771cf283b98835149fe92bdff6336de
speed_1400rpm__torque_1100Nm__temperature_25degC,train,Fw,1400.0,1100.0,25.0,data/polished_dataset/forward/25degree/1400rpm/1400.0rpm1100.0Nm25.0deg.csv,1298201,e99a1305a772b5cc01517744582921e433b5d6f55071982704f2d57b96f13202
speed_1400rpm__torque_1100Nm__temperature_30degC,train,Fw,1400.0,1100.0,30.0,data/polished_dataset/forward/30degree/1400rpm/1400.0rpm1100.0Nm30.0deg.csv,1301226,7440910063eb415c625ba357871904df48327f82735bcfcf78c822b5b272ec34
speed_1400rpm__torque_1200Nm__temperature_25degC,train,Fw,1400.0,1200.0,25.0,data/polished_dataset/forward/25degree/1400rpm/1400.0rpm1200.0Nm25.0deg.csv,1306569,52e914b3b2827b0c97774ca2b9e92083373f730eda620824cd1209c8929ec71d
speed_1400rpm__torque_1200Nm__temperature_30degC,train,Fw,1400.0,1200.0,30.0,data/polished_dataset/forward/30degree/1400rpm/1400.0rpm1200.0Nm30.0deg.csv,1300005,593ea7ac79dbbe3fb65070704ddd0204d140444fce7915b04940da86c1b42222
speed_1400rpm__torque_1200Nm__temperature_35degC,train,Fw,1400.0,1200.0,35.0,data/polished_dataset/forward/35degree/1400rpm/1400.0rpm1200.0Nm35.0deg.csv,1326017,f4f5f2c94fdc7b754999f8a6cfecd51977a6caabb88e7ff1b20d4ef60aaca00d
speed_1400rpm__torque_1300Nm__temperature_30degC,train,Fw,1400.0,1300.0,30.0,data/polished_dataset/forward/30degree/1400rpm/1400.0rpm1300.0Nm30.0deg.csv,1334990,2b7d9ff49d54090978ef5d5b9afdd86514eebf55a6183452a5b5ae845d65364b
speed_1400rpm__torque_1300Nm__temperature_35degC,train,Fw,1400.0,1300.0,35.0,data/polished_dataset/forward/35degree/1400rpm/1400.0rpm1300.0Nm35.0deg.csv,1342313,dd89b3ee9707f2df0f1f6a187687c43f6fab1e6da9da19fda7999c5707ef6b8c
speed_1400rpm__torque_1400Nm__temperature_30degC,train,Fw,1400.0,1400.0,30.0,data/polished_dataset/forward/30degree/1400rpm/1400.0rpm1400.0Nm30.0deg.csv,1298741,21b41f5bddf96376c6b38d3ace1a316a04028899ffa7c5cf6bd1f47b58c5597b
speed_1400rpm__torque_1500Nm__temperature_30degC,train,Fw,1400.0,1500.0,30.0,data/polished_dataset/forward/30degree/1400rpm/1400.0rpm1500.0Nm30.0deg.csv,1304604,99d0357c219c1179f18cc11d54caa1dfdbc84a905611d8fb35a0ad30f7a866b1
speed_1400rpm__torque_1600Nm__temperature_25degC,train,Fw,1400.0,1600.0,25.0,data/polished_dataset/forward/25degree/1400rpm/1400.0rpm1600.0Nm25.0deg.csv,1321736,010d5c24d93015aabdb5875ba72957d863c4a232f2d79ed1e94914b3eb6ed320
speed_1400rpm__torque_1600Nm__temperature_30degC,train,Fw,1400.0,1600.0,30.0,data/polished_dataset/forward/30degree/1400rpm/1400.0rpm1600.0Nm30.0deg.csv,1333278,9a9898591994d908aadc77b11595d8c536d6718f6a569981481f5f743e585eee
speed_1400rpm__torque_1600Nm__temperature_35degC,train,Fw,1400.0,1600.0,35.0,data/polished_dataset/forward/35degree/1400rpm/1400.0rpm1600.0Nm35.0deg.csv,1334776,f2f1742c04c5ec2fb63a138269bd5f4304e0a8e37a73cfc6c6c3845de2c91ab1
speed_1400rpm__torque_1700Nm__temperature_25degC,train,Fw,1400.0,1700.0,25.0,data/polished_dataset/forward/25degree/1400rpm/1400.0rpm1700.0Nm25.0deg.csv,1309174,2960bdb98b49ca569c24cd68f1c05cee42b04b3ca790b635c46c45b52e44fe1d
speed_1400rpm__torque_1700Nm__temperature_30degC,train,Fw,1400.0,1700.0,30.0,data/polished_dataset/forward/30degree/1400rpm/1400.0rpm1700.0Nm30.0deg.csv,1333769,fd67e058b50e6e734f7024398c8f5673595340edabc8a4ae6dac6ac5a7861df5
speed_1400rpm__torque_1800Nm__temperature_25degC,train,Fw,1400.0,1800.0,25.0,data/polished_dataset/forward/25degree/1400rpm/1400.0rpm1800.0Nm25.0deg.csv,1307435,bc1ebd3e26af4fbd50f1a53e4941144a15002cf83a46113fb3060be9e364bd73
speed_1400rpm__torque_1800Nm__temperature_30degC,train,Fw,1400.0,1800.0,30.0,data/polished_dataset/forward/30degree/1400rpm/1400.0rpm1800.0Nm30.0deg.csv,1314163,71facd1e6f6f7cdcc455a725cd9d6d93a10aa4bc6d1ac0f21ed8c47d04f85fdd
speed_1500rpm__torque_0Nm__temperature_30degC,train,Fw,1500.0,0.0,30.0,data/polished_dataset/forward/30degree/1500rpm/1500.0rpm0.0Nm30.0deg.csv,1216754,4ba930289ae7ef7802753571f9f4193b27ba5939f035963f6acffc9851cab6f5
speed_1500rpm__torque_0Nm__temperature_35degC,train,Fw,1500.0,0.0,35.0,data/polished_dataset/forward/35degree/1500rpm/1500.0rpm0.0Nm35.0deg.csv,1246342,2fdc1d2900346a84d146b1be79cc514e9b7548c6be74e825cc8d66f4f974046f
speed_1500rpm__torque_100Nm__temperature_25degC,train,Fw,1500.0,100.0,25.0,data/polished_dataset/forward/25degree/1500rpm/1500.0rpm100.0Nm25.0deg.csv,1223220,7e6f8ca22de3ca839d57790a0cf1aa5459ea88a45453ff4eb1e069a0de006a47
speed_1500rpm__torque_100Nm__temperature_35degC,train,Fw,1500.0,100.0,35.0,data/polished_dataset/forward/35degree/1500rpm/1500.0rpm100.0Nm35.0deg.csv,1248535,6f8edf5971a878476fc78c7477b3b1a4e74edc4eed5756f092977781a99bec58
speed_1500rpm__torque_200Nm__temperature_25degC,train,Fw,1500.0,200.0,25.0,data/polished_dataset/forward/25degree/1500rpm/1500.0rpm200.0Nm25.0deg.csv,1225550,99e2ed18f9f0e792c7d627bec22598c6f778574a4415ef39b0ad852d57e869db
speed_1500rpm__torque_200Nm__temperature_35degC,train,Fw,1500.0,200.0,35.0,data/polished_dataset/forward/35degree/1500rpm/1500.0rpm200.0Nm35.0deg.csv,1245747,2734b0d12baa719cf129d7dc313876b15261e92f9ae5942f738594b5c5a474b3
speed_1500rpm__torque_400Nm__temperature_25degC,train,Fw,1500.0,400.0,25.0,data/polished_dataset/forward/25degree/1500rpm/1500.0rpm400.0Nm25.0deg.csv,1215056,dcee2e021765538e5428069f1a6653bfd7b2043713027dd398e79ca75e65adfe
speed_1500rpm__torque_400Nm__temperature_30degC,train,Fw,1500.0,400.0,30.0,data/polished_dataset/forward/30degree/1500rpm/1500.0rpm400.0Nm30.0deg.csv,1218862,7e4750fde0285f8d7652f03fd3ef872f140119bccc412e0611e28f5949477f9b
speed_1500rpm__torque_400Nm__temperature_35degC,train,Fw,1500.0,400.0,35.0,data/polished_dataset/forward/35degree/1500rpm/1500.0rpm400.0Nm35.0deg.csv,1250064,aede59b94430914f72ec3c1dd592a1e4900d2da961ee1a69c9eec1f59642268c
speed_1500rpm__torque_500Nm__temperature_35degC,train,Fw,1500.0,500.0,35.0,data/polished_dataset/forward/35degree/1500rpm/1500.0rpm500.0Nm35.0deg.csv,1241430,aad95c52000e468fd6c767688bc8a663327a93b005cb6d02b6701da911175749
speed_1500rpm__torque_600Nm__temperature_25degC,train,Fw,1500.0,600.0,25.0,data/polished_dataset/forward/25degree/1500rpm/1500.0rpm600.0Nm25.0deg.csv,1228135,949143f2e3b2250746e78c1209b15ba96c7b8db39fb8090d96630b8ddd1b0887
speed_1500rpm__torque_600Nm__temperature_30degC,train,Fw,1500.0,600.0,30.0,data/polished_dataset/forward/30degree/1500rpm/1500.0rpm600.0Nm30.0deg.csv,1234684,43ebc8ee1e260365a0cba8c3fe8eec3b0696517d7ebecef0765abab40fba9a62
speed_1500rpm__torque_600Nm__temperature_35degC,train,Fw,1500.0,600.0,35.0,data/polished_dataset/forward/35degree/1500rpm/1500.0rpm600.0Nm35.0deg.csv,1257559,d5ccd970cb4b66bbc97163548939d7aa1b5a4854c2128d39346224baca724c29
speed_1500rpm__torque_700Nm__temperature_25degC,train,Fw,1500.0,700.0,25.0,data/polished_dataset/forward/25degree/1500rpm/1500.0rpm700.0Nm25.0deg.csv,1224158,b1c97f590380997e171589d84eca522eab0a073c2fd4572d2a7fd7f48cc667fd
speed_1500rpm__torque_700Nm__temperature_30degC,train,Fw,1500.0,700.0,30.0,data/polished_dataset/forward/30degree/1500rpm/1500.0rpm700.0Nm30.0deg.csv,1253371,096171629d8ee5daa180ee610b9e31365afe3955cc2b6b93f08fec79f19758de
speed_1500rpm__torque_700Nm__temperature_35degC,train,Fw,1500.0,700.0,35.0,data/polished_dataset/forward/35degree/1500rpm/1500.0rpm700.0Nm35.0deg.csv,1252076,7439d9da065bd7554fcfb7c4722ed789b87c130862072cfe253d7fb045cff808
speed_1500rpm__torque_800Nm__temperature_25degC,train,Fw,1500.0,800.0,25.0,data/polished_dataset/forward/25degree/1500rpm/1500.0rpm800.0Nm25.0deg.csv,1228760,0cdf187c5b6f25f4d9b70f5ff472ae82878f6a5ecd1c744bda66c11f0a50609f
speed_1500rpm__torque_800Nm__temperature_35degC,train,Fw,1500.0,800.0,35.0,data/polished_dataset/forward/35degree/1500rpm/1500.0rpm800.0Nm35.0deg.csv,1250885,53b7f161c8e340e078cb1bd810f2475f38e38065ad62acfdc89fe51bd28f34a3
speed_1500rpm__torque_900Nm__temperature_25degC,train,Fw,1500.0,900.0,25.0,data/polished_dataset/forward/25degree/1500rpm/1500.0rpm900.0Nm25.0deg.csv,1227765,e963acebcdfb0cee5837c3808d91da762cf82790de84b6c5d761e1ffe5db7880
speed_1500rpm__torque_1000Nm__temperature_25degC,train,Fw,1500.0,1000.0,25.0,data/polished_dataset/forward/25degree/1500rpm/1500.0rpm1000.0Nm25.0deg.csv,1219098,228ccbf9fb2dacc427c26ea2f47c18e68c0eb7c6f83a1fbe0021ca9a9e5014dd
speed_1500rpm__torque_1000Nm__temperature_35degC,train,Fw,1500.0,1000.0,35.0,data/polished_dataset/forward/35degree/1500rpm/1500.0rpm1000.0Nm35.0deg.csv,1248634,4e23b9eb61c6981867a5262c0d47e8e00f3f3291e2a9acaebb5e5328957ac0e9
speed_1500rpm__torque_1100Nm__temperature_30degC,train,Fw,1500.0,1100.0,30.0,data/polished_dataset/forward/30degree/1500rpm/1500.0rpm1100.0Nm30.0deg.csv,1231552,576be126b37377269edca4c20fcdd916daf11341c3441a1c5f35b2330610ba52
speed_1500rpm__torque_1200Nm__temperature_25degC,train,Fw,1500.0,1200.0,25.0,data/polished_dataset/forward/25degree/1500rpm/1500.0rpm1200.0Nm25.0deg.csv,1218911,511184e97d031a26f5fc3111cf57540838ce024cce9e44f634dc4bf4cdb009ac
speed_1500rpm__torque_1200Nm__temperature_35degC,train,Fw,1500.0,1200.0,35.0,data/polished_dataset/forward/35degree/1500rpm/1500.0rpm1200.0Nm35.0deg.csv,1243832,e8908a463b201773bfe13e2d3c816919da6a0ce89ce3411ad0f1e1c2993efb38
speed_1500rpm__torque_1300Nm__temperature_30degC,train,Fw,1500.0,1300.0,30.0,data/polished_dataset/forward/30degree/1500rpm/1500.0rpm1300.0Nm30.0deg.csv,1214594,8ce426a6a22e27ce57f53e4768cbcc42504d321c1ed476e51a8c200abb7ab357
speed_1500rpm__torque_1300Nm__temperature_35degC,train,Fw,1500.0,1300.0,35.0,data/polished_dataset/forward/35degree/1500rpm/1500.0rpm1300.0Nm35.0deg.csv,1248904,ed9b23451ff5dd15ce127d8a6029f1c7c9e00573a11cfe620466d6a2c03cab2d
speed_1500rpm__torque_1500Nm__temperature_25degC,train,Fw,1500.0,1500.0,25.0,data/polished_dataset/forward/25degree/1500rpm/1500.0rpm1500.0Nm25.0deg.csv,1217195,15f57a29164cf45a6339dc15fd7dfeda8fd656d63b981c4017927aa08671a1fa
speed_1500rpm__torque_1500Nm__temperature_30degC,train,Fw,1500.0,1500.0,30.0,data/polished_dataset/forward/30degree/1500rpm/1500.0rpm1500.0Nm30.0deg.csv,1220204,95e76c4526baf1037ac9b01e142e14cc2ba1c6c5ac1340bc728b15d7b4a23eca
speed_1500rpm__torque_1500Nm__temperature_35degC,train,Fw,1500.0,1500.0,35.0,data/polished_dataset/forward/35degree/1500rpm/1500.0rpm1500.0Nm35.0deg.csv,1245181,8bd008c52d25e49ec97d1b0ab0b5fce930457c9d02bc3bbc57d2251cf0a56ab5
speed_1500rpm__torque_1600Nm__temperature_35degC,train,Fw,1500.0,1600.0,35.0,data/polished_dataset/forward/35degree/1500rpm/1500.0rpm1600.0Nm35.0deg.csv,1243667,1cfbfd18aed42744c272779866da408dfbd849e07c99300dd8a5e1941bc8639e
speed_1500rpm__torque_1700Nm__temperature_35degC,train,Fw,1500.0,1700.0,35.0,data/polished_dataset/forward/35degree/1500rpm/1500.0rpm1700.0Nm35.0deg.csv,1243481,5f1ff9a352ae3ebe94782cb06c4059a702f78423f10465f1d5020a847b82bb17
speed_1500rpm__torque_1800Nm__temperature_25degC,train,Fw,1500.0,1800.0,25.0,data/polished_dataset/forward/25degree/1500rpm/1500.0rpm1800.0Nm25.0deg.csv,1223621,ae04ea45957cb6f6f1da82b03c8b300cd1d15c649f00505eba2ee0c9434ab498
speed_1600rpm__torque_0Nm__temperature_35degC,train,Fw,1600.0,0.0,35.0,data/polished_dataset/forward/35degree/1600rpm/1600.0rpm0.0Nm35.0deg.csv,1169321,6bdbb2ad7b4fee54c4062cfe311fae5060d2a180e17e2668f6bcdec1ea26d5e8
speed_1600rpm__torque_100Nm__temperature_25degC,train,Fw,1600.0,100.0,25.0,data/polished_dataset/forward/25degree/1600rpm/1600.0rpm100.0Nm25.0deg.csv,1145467,3f6a1f11a8f6750d17b32088e0e25481c996a80565e1ed81c884b325609a64e8
speed_1600rpm__torque_100Nm__temperature_30degC,train,Fw,1600.0,100.0,30.0,data/polished_dataset/forward/30degree/1600rpm/1600.0rpm100.0Nm30.0deg.csv,1149479,4d9c9310396beb61b0331022a9c2e4cd4218616d8c856b73ce12b43226ffc2ef
speed_1600rpm__torque_100Nm__temperature_35degC,train,Fw,1600.0,100.0,35.0,data/polished_dataset/forward/35degree/1600rpm/1600.0rpm100.0Nm35.0deg.csv,1164771,dbbb56184240a66806fbfb6aaa0cc8fbdaadfd5c216e89e02d8376863bd4d4a9
speed_1600rpm__torque_200Nm__temperature_25degC,train,Fw,1600.0,200.0,25.0,data/polished_dataset/forward/25degree/1600rpm/1600.0rpm200.0Nm25.0deg.csv,1150063,f45ff743e606bc446fa40baab01e5f3aa647a3252ef1d408f9f2e7eabb330534
speed_1600rpm__torque_200Nm__temperature_35degC,train,Fw,1600.0,200.0,35.0,data/polished_dataset/forward/35degree/1600rpm/1600.0rpm200.0Nm35.0deg.csv,1169195,e6335bfcd5688d4f1bdb3d6186a79a805d0e6b6479de3aba271ff3a6717e42e4
speed_1600rpm__torque_300Nm__temperature_25degC,train,Fw,1600.0,300.0,25.0,data/polished_dataset/forward/25degree/1600rpm/1600.0rpm300.0Nm25.0deg.csv,1151696,814f2e7171bdd63606d90756ee59f99cc8f8d67af4e59a9ab054ec1787d6582b
speed_1600rpm__torque_400Nm__temperature_35degC,train,Fw,1600.0,400.0,35.0,data/polished_dataset/forward/35degree/1600rpm/1600.0rpm400.0Nm35.0deg.csv,1174262,8e2223c5b9626c67db048d594258bfbf75080df2e5f51fe4387f71f113d65000
speed_1600rpm__torque_500Nm__temperature_25degC,train,Fw,1600.0,500.0,25.0,data/polished_dataset/forward/25degree/1600rpm/1600.0rpm500.0Nm25.0deg.csv,1147354,a0d70860552b96745280fd69e2b31cb7216f621515b93cf42f3354eb9eb927a4
speed_1600rpm__torque_600Nm__temperature_25degC,train,Fw,1600.0,600.0,25.0,data/polished_dataset/forward/25degree/1600rpm/1600.0rpm600.0Nm25.0deg.csv,1159123,06391fd9efbb136f60b92a06c8513830979761f0ac59992617cfccf2bf66236e
speed_1600rpm__torque_600Nm__temperature_30degC,train,Fw,1600.0,600.0,30.0,data/polished_dataset/forward/30degree/1600rpm/1600.0rpm600.0Nm30.0deg.csv,1153647,4fc5392ff074c66bc8be2f7862aa1ab90f83d1c1c1bd3f0315b817b25f428efc
speed_1600rpm__torque_700Nm__temperature_25degC,train,Fw,1600.0,700.0,25.0,data/polished_dataset/forward/25degree/1600rpm/1600.0rpm700.0Nm25.0deg.csv,1155366,5fb48139c6e4f09883274cedeb0f300db6941d2782933534401d7940d672521c
speed_1600rpm__torque_700Nm__temperature_35degC,train,Fw,1600.0,700.0,35.0,data/polished_dataset/forward/35degree/1600rpm/1600.0rpm700.0Nm35.0deg.csv,1175512,2cae36c05667822c77b99016d765bfe92a85841cd330015c09e67b165cf86344
speed_1600rpm__torque_800Nm__temperature_30degC,train,Fw,1600.0,800.0,30.0,data/polished_dataset/forward/30degree/1600rpm/1600.0rpm800.0Nm30.0deg.csv,1157459,9cf252d5a679e99caddee8e754a5cdc98c7a7e5d0b5e34f663698914c6579653
speed_1600rpm__torque_800Nm__temperature_35degC,train,Fw,1600.0,800.0,35.0,data/polished_dataset/forward/35degree/1600rpm/1600.0rpm800.0Nm35.0deg.csv,1167348,bd7de118e5a25895ce03fda67f6218bbceee6830036b0a01b27cd08f9e8ec755
speed_1600rpm__torque_900Nm__temperature_25degC,train,Fw,1600.0,900.0,25.0,data/polished_dataset/forward/25degree/1600rpm/1600.0rpm900.0Nm25.0deg.csv,1152309,601194b614495d4624495330b799010da77e73632a13b2380435d5cc58f38c66
speed_1600rpm__torque_900Nm__temperature_30degC,train,Fw,1600.0,900.0,30.0,data/polished_dataset/forward/30degree/1600rpm/1600.0rpm900.0Nm30.0deg.csv,1144473,02ce01a8a3a4dd26c55a780a84ca19a6ca1b0e9246da43b789653e778531e467
speed_1600rpm__torque_900Nm__temperature_35degC,train,Fw,1600.0,900.0,35.0,data/polished_dataset/forward/35degree/1600rpm/1600.0rpm900.0Nm35.0deg.csv,1167566,a7c39da685507cea1bdfb580a0df001602392c98c52f1d9e64ef894678588147
speed_1600rpm__torque_1000Nm__temperature_25degC,train,Fw,1600.0,1000.0,25.0,data/polished_dataset/forward/25degree/1600rpm/1600.0rpm1000.0Nm25.0deg.csv,1143378,f0a4e83b7d366927a162a2041df881b14d07def5798ac192904a3c3ae936d835
speed_1600rpm__torque_1000Nm__temperature_30degC,train,Fw,1600.0,1000.0,30.0,data/polished_dataset/forward/30degree/1600rpm/1600.0rpm1000.0Nm30.0deg.csv,1143527,7c552534fdffb084e3f21a949111ff74700386486852fb46cb00992354aac9c4
speed_1600rpm__torque_1000Nm__temperature_35degC,train,Fw,1600.0,1000.0,35.0,data/polished_dataset/forward/35degree/1600rpm/1600.0rpm1000.0Nm35.0deg.csv,1161958,da5a0e1d04f02a6995300b1ed66e1c04b5e4262de45c234ff5d26b051b720ae5
speed_1600rpm__torque_1100Nm__temperature_25degC,train,Fw,1600.0,1100.0,25.0,data/polished_dataset/forward/25degree/1600rpm/1600.0rpm1100.0Nm25.0deg.csv,1145710,b715c0cf7b16cc12f59251657e63a6bc3240af2abf2e0efd57977c8d132493b1
speed_1600rpm__torque_1100Nm__temperature_30degC,train,Fw,1600.0,1100.0,30.0,data/polished_dataset/forward/30degree/1600rpm/1600.0rpm1100.0Nm30.0deg.csv,1137624,f69b88baddd4a0ad68a4a45aa80fd21b29629606c9361caf99630653c75ef263
speed_1600rpm__torque_1100Nm__temperature_35degC,train,Fw,1600.0,1100.0,35.0,data/polished_dataset/forward/35degree/1600rpm/1600.0rpm1100.0Nm35.0deg.csv,1162031,1ac16317df65d9186cfabc8f126e0fb713269671772e1ccc7f70977813747fec
speed_1600rpm__torque_1200Nm__temperature_25degC,train,Fw,1600.0,1200.0,25.0,data/polished_dataset/forward/25degree/1600rpm/1600.0rpm1200.0Nm25.0deg.csv,1143378,903a9e72dcb3b7d62adab270ba997a2658cd2576e34e7e0fe12daafc741855f5
speed_1600rpm__torque_1200Nm__temperature_30degC,train,Fw,1600.0,1200.0,30.0,data/polished_dataset/forward/30degree/1600rpm/1600.0rpm1200.0Nm30.0deg.csv,1138487,528e75c61d7ea24f7bf4f29d8a9163cca41e3e703a19e1ec9b8ba2f33a3fb8bb
speed_1600rpm__torque_1200Nm__temperature_35degC,train,Fw,1600.0,1200.0,35.0,data/polished_dataset/forward/35degree/1600rpm/1600.0rpm1200.0Nm35.0deg.csv,1160916,af945022a6efb0817f71e8355456511ca2cbcf0db6928bf528afb13e1ce30c2f
speed_1600rpm__torque_1300Nm__temperature_25degC,train,Fw,1600.0,1300.0,25.0,data/polished_dataset/forward/25degree/1600rpm/1600.0rpm1300.0Nm25.0deg.csv,1139447,2de7d5596123b68be109284da008001c0046374155bd43d6537f3f733583dbad
speed_1600rpm__torque_1300Nm__temperature_30degC,train,Fw,1600.0,1300.0,30.0,data/polished_dataset/forward/30degree/1600rpm/1600.0rpm1300.0Nm30.0deg.csv,1152822,970e6fc2deb8f2e5c2a42214d6108bac2fc088bdde07e8b7381c28878efba9f7
speed_1600rpm__torque_1400Nm__temperature_25degC,train,Fw,1600.0,1400.0,25.0,data/polished_dataset/forward/25degree/1600rpm/1600.0rpm1400.0Nm25.0deg.csv,1141590,77167954e96749f51b27f61b38c0998a06e9216254093cca7998cd8ca53a9e68
speed_1600rpm__torque_1400Nm__temperature_30degC,train,Fw,1600.0,1400.0,30.0,data/polished_dataset/forward/30degree/1600rpm/1600.0rpm1400.0Nm30.0deg.csv,1141748,351f7c6d5426e4adc5643e8b372fe3d855a83dd6a5d20b9bc1dbd278e5ba8ca7
speed_1600rpm__torque_1400Nm__temperature_35degC,train,Fw,1600.0,1400.0,35.0,data/polished_dataset/forward/35degree/1600rpm/1600.0rpm1400.0Nm35.0deg.csv,1164880,3e733f7dfd0420a88e098d590f079c9a13f7e53bcda8f75f0c3f8296fc17ef64
speed_1600rpm__torque_1500Nm__temperature_25degC,train,Fw,1600.0,1500.0,25.0,data/polished_dataset/forward/25degree/1600rpm/1600.0rpm1500.0Nm25.0deg.csv,1145812,66f8b687d32e99f9aca7a6a703fec25aad25db9680480b055c80a7c4b9291618
speed_1600rpm__torque_1500Nm__temperature_30degC,train,Fw,1600.0,1500.0,30.0,data/polished_dataset/forward/30degree/1600rpm/1600.0rpm1500.0Nm30.0deg.csv,1142972,274ed5926358948500cd97012780f947739ee2658772311337235fa9fa64399b
speed_1600rpm__torque_1500Nm__temperature_35degC,train,Fw,1600.0,1500.0,35.0,data/polished_dataset/forward/35degree/1600rpm/1600.0rpm1500.0Nm35.0deg.csv,1165574,e86526ae476b860ab0c88cf5a58436848978542ecadc6a5e2e146a2be11a6885
speed_1600rpm__torque_1600Nm__temperature_25degC,train,Fw,1600.0,1600.0,25.0,data/polished_dataset/forward/25degree/1600rpm/1600.0rpm1600.0Nm25.0deg.csv,1142431,b2c7611657e64320effda0223b0c4fedb01b007f07c2bd79fb00dc7e62957f20
speed_1600rpm__torque_1600Nm__temperature_35degC,train,Fw,1600.0,1600.0,35.0,data/polished_dataset/forward/35degree/1600rpm/1600.0rpm1600.0Nm35.0deg.csv,1160645,f71d8733453f27787447ecf5363e1a3b412e79ceaf26060eec5b46ad21e7a328
speed_1600rpm__torque_1700Nm__temperature_25degC,train,Fw,1600.0,1700.0,25.0,data/polished_dataset/forward/25degree/1600rpm/1600.0rpm1700.0Nm25.0deg.csv,1136744,3702b14e42b68e3ebc267653cd39aec1464559dd26081e7df4698e175766f5b7
speed_1600rpm__torque_1800Nm__temperature_25degC,train,Fw,1600.0,1800.0,25.0,data/polished_dataset/forward/25degree/1600rpm/1600.0rpm1800.0Nm25.0deg.csv,1143299,df7ae70a12a64b99e5f406a8900a7c3d1259f082b8cccbb5ab7e5986611a8481
speed_1600rpm__torque_1800Nm__temperature_30degC,train,Fw,1600.0,1800.0,30.0,data/polished_dataset/forward/30degree/1600rpm/1600.0rpm1800.0Nm30.0deg.csv,1140881,e5988dcf6a8b00ebe20600a82357d726523ef276b811b55c0e39c301723f564c
speed_1600rpm__torque_1800Nm__temperature_35degC,train,Fw,1600.0,1800.0,35.0,data/polished_dataset/forward/35degree/1600rpm/1600.0rpm1800.0Nm35.0deg.csv,1167098,64a957aac6e93aaa12b4e7be9d4f7c04af2a3ed15ec1e83d14f2444ee6108543
speed_1700rpm__torque_0Nm__temperature_30degC,train,Fw,1700.0,0.0,30.0,data/polished_dataset/forward/30degree/1700rpm/1700.0rpm0.0Nm30.0deg.csv,1080342,44d8e49815bbafb2f659714485f404eceef0bb856ddddfcd44f5440095c168c5
speed_1700rpm__torque_0Nm__temperature_35degC,train,Fw,1700.0,0.0,35.0,data/polished_dataset/forward/35degree/1700rpm/1700.0rpm0.0Nm35.0deg.csv,1100738,26fc180968d189584c24a4297303612d924d81cf564497860108f07dd2f17b85
speed_1700rpm__torque_100Nm__temperature_25degC,train,Fw,1700.0,100.0,25.0,data/polished_dataset/forward/25degree/1700rpm/1700.0rpm100.0Nm25.0deg.csv,1081375,90278bbd1a2960b68f0b5dff61adc09cfa77cd185471f925b10b2791ee4ad6d2
speed_1700rpm__torque_100Nm__temperature_30degC,train,Fw,1700.0,100.0,30.0,data/polished_dataset/forward/30degree/1700rpm/1700.0rpm100.0Nm30.0deg.csv,1088082,0da80283cb0ec6c63ac42cc8546ae3d50a7484519a6339bc6702dce954952b72
speed_1700rpm__torque_100Nm__temperature_35degC,train,Fw,1700.0,100.0,35.0,data/polished_dataset/forward/35degree/1700rpm/1700.0rpm100.0Nm35.0deg.csv,1103812,e25f59c288d53304ed0f9ffe9cb73a68806f98ff3f201afd97e009a5ac898dfa
speed_1700rpm__torque_300Nm__temperature_30degC,train,Fw,1700.0,300.0,30.0,data/polished_dataset/forward/30degree/1700rpm/1700.0rpm300.0Nm30.0deg.csv,1092022,d9dbe9f840272088b72bb9efba2f820fe1bb4302de1d458871707181972c1f78
speed_1700rpm__torque_400Nm__temperature_25degC,train,Fw,1700.0,400.0,25.0,data/polished_dataset/forward/25degree/1700rpm/1700.0rpm400.0Nm25.0deg.csv,1080998,03f3871f6b32acdb1674fbf3d4efedbd1d094a15264c01faedf4bc97b2ddbd20
speed_1700rpm__torque_400Nm__temperature_35degC,train,Fw,1700.0,400.0,35.0,data/polished_dataset/forward/35degree/1700rpm/1700.0rpm400.0Nm35.0deg.csv,1093459,516e6833e944e3268ad3938d200ab7949650c1d619f4e1024ba43b51a85cf9d8
speed_1700rpm__torque_500Nm__temperature_25degC,train,Fw,1700.0,500.0,25.0,data/polished_dataset/forward/25degree/1700rpm/1700.0rpm500.0Nm25.0deg.csv,1081661,b5a47baccd03f3ac40f6c73025fc6fb4856ae654ac0f9e6ee45d3900cb17bb7b
speed_1700rpm__torque_500Nm__temperature_30degC,train,Fw,1700.0,500.0,30.0,data/polished_dataset/forward/30degree/1700rpm/1700.0rpm500.0Nm30.0deg.csv,1090969,8972f0d58fca1ac752d023f6b8683142fe8239194343eb4bf1a651f029adf14b
speed_1700rpm__torque_600Nm__temperature_30degC,train,Fw,1700.0,600.0,30.0,data/polished_dataset/forward/30degree/1700rpm/1700.0rpm600.0Nm30.0deg.csv,1110670,478b520fc2621379ea8ec57a3fcd46ea278fc6377ef772068207da166ed25676
speed_1700rpm__torque_600Nm__temperature_35degC,train,Fw,1700.0,600.0,35.0,data/polished_dataset/forward/35degree/1700rpm/1700.0rpm600.0Nm35.0deg.csv,1106793,a564c19da81e1b0848d17dab72557e6e91fce45c990265788bf302beaf2d1b50
speed_1700rpm__torque_700Nm__temperature_25degC,train,Fw,1700.0,700.0,25.0,data/polished_dataset/forward/25degree/1700rpm/1700.0rpm700.0Nm25.0deg.csv,1082611,def53fe94e02bd80a91e89365e7c7fe6afd5c0bdadedb7c614f0b187bce494b0
speed_1700rpm__torque_700Nm__temperature_35degC,train,Fw,1700.0,700.0,35.0,data/polished_dataset/forward/35degree/1700rpm/1700.0rpm700.0Nm35.0deg.csv,1110454,e3734751d64dcc9452981f54db5526552ad5546f2812743f4e174bde1da34340
speed_1700rpm__torque_800Nm__temperature_25degC,train,Fw,1700.0,800.0,25.0,data/polished_dataset/forward/25degree/1700rpm/1700.0rpm800.0Nm25.0deg.csv,1084864,695da29fc55f756b8fea37efacef0133438eaa3a759749604cd64d05e529a92d
speed_1700rpm__torque_800Nm__temperature_35degC,train,Fw,1700.0,800.0,35.0,data/polished_dataset/forward/35degree/1700rpm/1700.0rpm800.0Nm35.0deg.csv,1107098,cd051dc0cc432cd8b1f9a61c2ef36503643b503d6c501059c96fa503805094d6
speed_1700rpm__torque_900Nm__temperature_25degC,train,Fw,1700.0,900.0,25.0,data/polished_dataset/forward/25degree/1700rpm/1700.0rpm900.0Nm25.0deg.csv,1084506,f98cc6ef88bc95cc5103d2409f9368c308f69bdbcdc49e5f6f8b24989da38d52
speed_1700rpm__torque_900Nm__temperature_30degC,train,Fw,1700.0,900.0,30.0,data/polished_dataset/forward/30degree/1700rpm/1700.0rpm900.0Nm30.0deg.csv,1086498,5938c5c35d5512dae06b7b45983d547beb888d29d796dfab01e0cfa56727e38e
speed_1700rpm__torque_900Nm__temperature_35degC,train,Fw,1700.0,900.0,35.0,data/polished_dataset/forward/35degree/1700rpm/1700.0rpm900.0Nm35.0deg.csv,1104352,f9cbd95e9dfcdcb6917f93737cc0ed0fcb2659c67728c55e7854bbf6d96a2b2b
speed_1700rpm__torque_1000Nm__temperature_25degC,train,Fw,1700.0,1000.0,25.0,data/polished_dataset/forward/25degree/1700rpm/1700.0rpm1000.0Nm25.0deg.csv,1073774,d3091eabe4ff4541a77ef3497948fc0cc4d2bb141627578c24a0b1f43f3d0f4b
speed_1700rpm__torque_1000Nm__temperature_30degC,train,Fw,1700.0,1000.0,30.0,data/polished_dataset/forward/30degree/1700rpm/1700.0rpm1000.0Nm30.0deg.csv,1098223,6f8ba47ea660f10acbafb95b65b14f138dcffe3f3c18321fc2e7c384caf1b115
speed_1700rpm__torque_1000Nm__temperature_35degC,train,Fw,1700.0,1000.0,35.0,data/polished_dataset/forward/35degree/1700rpm/1700.0rpm1000.0Nm35.0deg.csv,1101282,d1c812409e23ea8638defe381b7b6fe177c3d8dddb166ba82337de56c923037f
speed_1700rpm__torque_1100Nm__temperature_25degC,train,Fw,1700.0,1100.0,25.0,data/polished_dataset/forward/25degree/1700rpm/1700.0rpm1100.0Nm25.0deg.csv,1073116,7f24e9562e0109da8153a1b6e2a2e2066f0304349e2bdd88dc3cf40301f06953
speed_1700rpm__torque_1100Nm__temperature_35degC,train,Fw,1700.0,1100.0,35.0,data/polished_dataset/forward/35degree/1700rpm/1700.0rpm1100.0Nm35.0deg.csv,1098961,66abbf53344d8306dc9f4c37295dcf39456599c8c4842c3c44cd4c389bf21ec6
speed_1700rpm__torque_1200Nm__temperature_30degC,train,Fw,1700.0,1200.0,30.0,data/polished_dataset/forward/30degree/1700rpm/1700.0rpm1200.0Nm30.0deg.csv,1094684,db670ebaed899e37049a05f83c4fc9452a0b02ecc8a6885a42e5390dc751c020
speed_1700rpm__torque_1200Nm__temperature_35degC,train,Fw,1700.0,1200.0,35.0,data/polished_dataset/forward/35degree/1700rpm/1700.0rpm1200.0Nm35.0deg.csv,1089996,b964877eb289a19253489d19577b602d99820e88a26f2114330f0bda8429cf1d
speed_1700rpm__torque_1300Nm__temperature_25degC,train,Fw,1700.0,1300.0,25.0,data/polished_dataset/forward/25degree/1700rpm/1700.0rpm1300.0Nm25.0deg.csv,1077847,2762e05e690be2ecacd812e7a2b9920f904d0c60349a3fd48f8eb5759442b2ab
speed_1700rpm__torque_1300Nm__temperature_30degC,train,Fw,1700.0,1300.0,30.0,data/polished_dataset/forward/30degree/1700rpm/1700.0rpm1300.0Nm30.0deg.csv,1074256,db612de9f684c4ba367998d3e0ca9fd6247b8e40bcb6e61d027759128edf2464
speed_1700rpm__torque_1400Nm__temperature_30degC,train,Fw,1700.0,1400.0,30.0,data/polished_dataset/forward/30degree/1700rpm/1700.0rpm1400.0Nm30.0deg.csv,1068379,1efc9312f23d0d445a282d6597b434f0ebc23ea9b30cda4d48f1e623c8b1f55c
speed_1700rpm__torque_1400Nm__temperature_35degC,train,Fw,1700.0,1400.0,35.0,data/polished_dataset/forward/35degree/1700rpm/1700.0rpm1400.0Nm35.0deg.csv,1098085,b54d4cb5cf855d3a6f8f738f4cf30f8be2e7ca09c5885b27f0a9148cfd255d32
speed_1700rpm__torque_1500Nm__temperature_25degC,train,Fw,1700.0,1500.0,25.0,data/polished_dataset/forward/25degree/1700rpm/1700.0rpm1500.0Nm25.0deg.csv,1071899,0496733501bf1ad7631c2f91da74a6b626e1b2e352dce3d3ad26f86a627323db
speed_1700rpm__torque_1500Nm__temperature_30degC,train,Fw,1700.0,1500.0,30.0,data/polished_dataset/forward/30degree/1700rpm/1700.0rpm1500.0Nm30.0deg.csv,1099857,24138acb54a49a320fed3f6e785d8a39842985b99ed0b8730693e1fd36fb3d04
speed_1700rpm__torque_1500Nm__temperature_35degC,train,Fw,1700.0,1500.0,35.0,data/polished_dataset/forward/35degree/1700rpm/1700.0rpm1500.0Nm35.0deg.csv,1097197,6098533655ca8e09a30d20157bab83a8dd965aed57b209dd07f0db95acd2109f
speed_1700rpm__torque_1600Nm__temperature_30degC,train,Fw,1700.0,1600.0,30.0,data/polished_dataset/forward/30degree/1700rpm/1700.0rpm1600.0Nm30.0deg.csv,1098216,89f0b33fd3785648f181479556ae4bfc543f48114559bef0f04fb652d732a36d
speed_1700rpm__torque_1600Nm__temperature_35degC,train,Fw,1700.0,1600.0,35.0,data/polished_dataset/forward/35degree/1700rpm/1700.0rpm1600.0Nm35.0deg.csv,1094511,4c325e8732b561e108d5737f2d97ec75a8d80c51b7834d6049b6f3d7723b5047
speed_1700rpm__torque_1700Nm__temperature_25degC,train,Fw,1700.0,1700.0,25.0,data/polished_dataset/forward/25degree/1700rpm/1700.0rpm1700.0Nm25.0deg.csv,1072884,3f067460ec886a2523f26c24082ab935bf44504cee2342532750b0b8078ddc94
speed_1700rpm__torque_1700Nm__temperature_30degC,train,Fw,1700.0,1700.0,30.0,data/polished_dataset/forward/30degree/1700rpm/1700.0rpm1700.0Nm30.0deg.csv,1073163,a5777c08264a839a684f3eab4360db2b4c01b44304c8c51e781eb6b932300f6e
speed_1700rpm__torque_1800Nm__temperature_25degC,train,Fw,1700.0,1800.0,25.0,data/polished_dataset/forward/25degree/1700rpm/1700.0rpm1800.0Nm25.0deg.csv,1075877,eff56eeb074a08cec05358776beb3d6e4fc449f1bbee5b89d9f5ca8ed85b8bd4
speed_1700rpm__torque_1800Nm__temperature_30degC,train,Fw,1700.0,1800.0,30.0,data/polished_dataset/forward/30degree/1700rpm/1700.0rpm1800.0Nm30.0deg.csv,1081789,b102d0e1097ef74873bc8ac99973845f2b57deea0741b66ca2945d14b3523f4a
speed_1800rpm__torque_0Nm__temperature_30degC,train,Fw,1800.0,0.0,30.0,data/polished_dataset/forward/30degree/1800rpm/1800.0rpm0.0Nm30.0deg.csv,1016740,d2e7d2f1b838ad95363c405a4f02583b86af594c2f0b749da0ab2daf8f78d64e
speed_1800rpm__torque_100Nm__temperature_25degC,train,Fw,1800.0,100.0,25.0,data/polished_dataset/forward/25degree/1800rpm/1800.0rpm100.0Nm25.0deg.csv,1027804,697f8c5241ca5fdcb52ddd72bc3b15fc1995a4a980833d9f87914aadbd1b2815
speed_1800rpm__torque_100Nm__temperature_30degC,train,Fw,1800.0,100.0,30.0,data/polished_dataset/forward/30degree/1800rpm/1800.0rpm100.0Nm30.0deg.csv,1012242,948a90cc1e8d09cab478450ab29766f1612f7ef421cac4dce60464d9a953d1d5
speed_1800rpm__torque_100Nm__temperature_35degC,train,Fw,1800.0,100.0,35.0,data/polished_dataset/forward/35degree/1800rpm/1800.0rpm100.0Nm35.0deg.csv,1038236,4a9cf27098093e8dfe3609894ae001079a62fa2e4b538a9df316c9465b84ae56
speed_1800rpm__torque_200Nm__temperature_30degC,train,Fw,1800.0,200.0,30.0,data/polished_dataset/forward/30degree/1800rpm/1800.0rpm200.0Nm30.0deg.csv,1027195,c98b57c9413db52769b8ecaed3736b6959ac5467e778056446ba69bd344bfcac
speed_1800rpm__torque_300Nm__temperature_25degC,train,Fw,1800.0,300.0,25.0,data/polished_dataset/forward/25degree/1800rpm/1800.0rpm300.0Nm25.0deg.csv,1029557,933ce5c6e8804768ed56078af525108be8bd9172bb00a7c3e06088e08a240115
speed_1800rpm__torque_300Nm__temperature_30degC,train,Fw,1800.0,300.0,30.0,data/polished_dataset/forward/30degree/1800rpm/1800.0rpm300.0Nm30.0deg.csv,1025727,2e98675237bd96f589bb819ba12f47336b38ec70fb307a9674e28222f3562795
speed_1800rpm__torque_300Nm__temperature_35degC,train,Fw,1800.0,300.0,35.0,data/polished_dataset/forward/35degree/1800rpm/1800.0rpm300.0Nm35.0deg.csv,1039658,1483f261c7c2d470a61984069a751966cb68328133290df0a6ffa13d04703ded
speed_1800rpm__torque_400Nm__temperature_25degC,train,Fw,1800.0,400.0,25.0,data/polished_dataset/forward/25degree/1800rpm/1800.0rpm400.0Nm25.0deg.csv,1016419,9a8d77b7c59f850728849cc4f6b8694bd96654031b86ee29f20bf9715649598f
speed_1800rpm__torque_400Nm__temperature_30degC,train,Fw,1800.0,400.0,30.0,data/polished_dataset/forward/30degree/1800rpm/1800.0rpm400.0Nm30.0deg.csv,1029880,ada3e9344012ebff1c9887d9c2ec3b9f25111f8cc88ad1cae4f3e7ee3ec4d0c3
speed_1800rpm__torque_500Nm__temperature_25degC,train,Fw,1800.0,500.0,25.0,data/polished_dataset/forward/25degree/1800rpm/1800.0rpm500.0Nm25.0deg.csv,1022224,dfb065e27821d9ac8791e47facb4d1c5525e195a5a2002d8c48efeba9029f0e2
speed_1800rpm__torque_500Nm__temperature_30degC,train,Fw,1800.0,500.0,30.0,data/polished_dataset/forward/30degree/1800rpm/1800.0rpm500.0Nm30.0deg.csv,1018091,72fcfd56bbe74ceca0ba4572760fdd2702ba6d8e622fe4c0e3da52a24d85d452
speed_1800rpm__torque_500Nm__temperature_35degC,train,Fw,1800.0,500.0,35.0,data/polished_dataset/forward/35degree/1800rpm/1800.0rpm500.0Nm35.0deg.csv,1042928,704f673a9bdfeb81ce960af03d9180324916f03f7d4d71cc3173648ad2344fbf
speed_1800rpm__torque_600Nm__temperature_35degC,train,Fw,1800.0,600.0,35.0,data/polished_dataset/forward/35degree/1800rpm/1800.0rpm600.0Nm35.0deg.csv,1042648,7d59567ad5b9a2e111eb26d268d01418ccb23ff34dfa9ba738077ab3cf665217
speed_1800rpm__torque_700Nm__temperature_25degC,train,Fw,1800.0,700.0,25.0,data/polished_dataset/forward/25degree/1800rpm/1800.0rpm700.0Nm25.0deg.csv,1024145,65dbb1066959a013581e96d9d7e5bd91f6b45f2253e3b776fc090d25f60320ce
speed_1800rpm__torque_700Nm__temperature_35degC,train,Fw,1800.0,700.0,35.0,data/polished_dataset/forward/35degree/1800rpm/1800.0rpm700.0Nm35.0deg.csv,1052251,c7579689f1669eb83fe62b8ef7262b07650bfb5b00f28b7efacd2add367e5dda
speed_1800rpm__torque_800Nm__temperature_25degC,train,Fw,1800.0,800.0,25.0,data/polished_dataset/forward/25degree/1800rpm/1800.0rpm800.0Nm25.0deg.csv,1023555,03d3808a0b699da1c415a972120a26e03eacc4ff0483cf42cbf9545be5a16a75
speed_1800rpm__torque_800Nm__temperature_30degC,train,Fw,1800.0,800.0,30.0,data/polished_dataset/forward/30degree/1800rpm/1800.0rpm800.0Nm30.0deg.csv,1026365,8a3a7f03a457869d8e1329240eed4b5bf4cd130bdae9b805e8271aca092fa2d2
speed_1800rpm__torque_800Nm__temperature_35degC,train,Fw,1800.0,800.0,35.0,data/polished_dataset/forward/35degree/1800rpm/1800.0rpm800.0Nm35.0deg.csv,1046702,4e0a6ed1a3c6a0dc46b180d73e4d8c2758ee8c8fffac37ac28a13f8cd71f2307
speed_1800rpm__torque_900Nm__temperature_25degC,train,Fw,1800.0,900.0,25.0,data/polished_dataset/forward/25degree/1800rpm/1800.0rpm900.0Nm25.0deg.csv,1025146,321dff68245f5488f80c559a406015f7b01e243da59db1a2c12d00d5bf633370
speed_1800rpm__torque_900Nm__temperature_30degC,train,Fw,1800.0,900.0,30.0,data/polished_dataset/forward/30degree/1800rpm/1800.0rpm900.0Nm30.0deg.csv,1018506,4f53cad3787906236c161326a5e6ee78fec4acc7cee09441d7a7853d30c6d68e
speed_1800rpm__torque_1000Nm__temperature_25degC,train,Fw,1800.0,1000.0,25.0,data/polished_dataset/forward/25degree/1800rpm/1800.0rpm1000.0Nm25.0deg.csv,1018615,dbf3cf44a0ab79c45abfeab7e8f80e2593f7aa905a98e3d61940267ebdbb571c
speed_1800rpm__torque_1000Nm__temperature_30degC,train,Fw,1800.0,1000.0,30.0,data/polished_dataset/forward/30degree/1800rpm/1800.0rpm1000.0Nm30.0deg.csv,1019879,c7eea4eae079f8be1d24d04c5f4d3bd39c439161c22a37928ed2967dbe32a786
speed_1800rpm__torque_1100Nm__temperature_25degC,train,Fw,1800.0,1100.0,25.0,data/polished_dataset/forward/25degree/1800rpm/1800.0rpm1100.0Nm25.0deg.csv,1016824,5ce3b606fe9c2a06e90dddd2fdefe8a873b8962cfa75cd64badb83928e290f1b
speed_1800rpm__torque_1100Nm__temperature_30degC,train,Fw,1800.0,1100.0,30.0,data/polished_dataset/forward/30degree/1800rpm/1800.0rpm1100.0Nm30.0deg.csv,1016024,3a676a5d1747d2492a1e14debb389f2e835fa39fbe1ed21b7e6d9ffab589da8a
speed_1800rpm__torque_1100Nm__temperature_35degC,train,Fw,1800.0,1100.0,35.0,data/polished_dataset/forward/35degree/1800rpm/1800.0rpm1100.0Nm35.0deg.csv,1030421,b4a9353e24bcc6d38d11399c283e298f3b95864df58f21eecfa8198ccdf4a232
speed_1800rpm__torque_1200Nm__temperature_25degC,train,Fw,1800.0,1200.0,25.0,data/polished_dataset/forward/25degree/1800rpm/1800.0rpm1200.0Nm25.0deg.csv,1018158,6f8dafd778cd7aedd79e7e88de0c93bf0f0ecc5da8bcd0202ffd51df9e56246e
speed_1800rpm__torque_1200Nm__temperature_30degC,train,Fw,1800.0,1200.0,30.0,data/polished_dataset/forward/30degree/1800rpm/1800.0rpm1200.0Nm30.0deg.csv,1012733,ab96a5078429d17f171fb372b09925da5f3df56ca856cbd2c45eb2ed31e7f8ef
speed_1800rpm__torque_1300Nm__temperature_25degC,train,Fw,1800.0,1300.0,25.0,data/polished_dataset/forward/25degree/1800rpm/1800.0rpm1300.0Nm25.0deg.csv,1014128,d3b2cc5d64ec6e566652fdc6be958dfca41261b9e8f1a91e0f51e082f2ba8224
speed_1800rpm__torque_1300Nm__temperature_30degC,train,Fw,1800.0,1300.0,30.0,data/polished_dataset/forward/30degree/1800rpm/1800.0rpm1300.0Nm30.0deg.csv,1007192,8ec78d304433c7d36df936b0e6d3434fed90bee1f78ef6b50bdc78767c027c8e
speed_1800rpm__torque_1400Nm__temperature_25degC,train,Fw,1800.0,1400.0,25.0,data/polished_dataset/forward/25degree/1800rpm/1800.0rpm1400.0Nm25.0deg.csv,1019065,f87d410e639ee78c7f1a9cbec1c43a0ea592a7f343b558c972cb3b477f3e5ae1
speed_1800rpm__torque_1400Nm__temperature_30degC,train,Fw,1800.0,1400.0,30.0,data/polished_dataset/forward/30degree/1800rpm/1800.0rpm1400.0Nm30.0deg.csv,1026836,a2abd49056094cda35a3f558497792cde4f196d065d3e01ad9be1689c2e1b5c9
speed_1800rpm__torque_1500Nm__temperature_25degC,train,Fw,1800.0,1500.0,25.0,data/polished_dataset/forward/25degree/1800rpm/1800.0rpm1500.0Nm25.0deg.csv,1014613,7c94088d09c264daca5832f9ac20fb89a9cb06d99bfd560aec09b69a7641fb23
speed_1800rpm__torque_1500Nm__temperature_30degC,train,Fw,1800.0,1500.0,30.0,data/polished_dataset/forward/30degree/1800rpm/1800.0rpm1500.0Nm30.0deg.csv,1028965,8b31c7130d21720f7efbc1791be9cabd3ab9b6750e4cf711c406c1825d900bb2
speed_1800rpm__torque_1500Nm__temperature_35degC,train,Fw,1800.0,1500.0,35.0,data/polished_dataset/forward/35degree/1800rpm/1800.0rpm1500.0Nm35.0deg.csv,1028401,5396a5792b83c487fdf6647ad83edf872483d5f2b13b479a67d6ab7b43c0cf5b
speed_1800rpm__torque_1600Nm__temperature_25degC,train,Fw,1800.0,1600.0,25.0,data/polished_dataset/forward/25degree/1800rpm/1800.0rpm1600.0Nm25.0deg.csv,1018919,d7592721b46b78eedd5dc7d5330b565f205212b414d2825e7a1085badf4fb1cd
speed_1800rpm__torque_1600Nm__temperature_30degC,train,Fw,1800.0,1600.0,30.0,data/polished_dataset/forward/30degree/1800rpm/1800.0rpm1600.0Nm30.0deg.csv,1014142,7ce317d8bce5fd4d983d43f291d393b693c5d45fa4a27092e06b2087103128b0
speed_1800rpm__torque_1600Nm__temperature_35degC,train,Fw,1800.0,1600.0,35.0,data/polished_dataset/forward/35degree/1800rpm/1800.0rpm1600.0Nm35.0deg.csv,1030195,d72a4a32743b011467e552b09ff9a82ceed50f722487c38368c459eda99a7f95
speed_1800rpm__torque_1700Nm__temperature_25degC,train,Fw,1800.0,1700.0,25.0,data/polished_dataset/forward/25degree/1800rpm/1800.0rpm1700.0Nm25.0deg.csv,1020919,4a434804535a67dc948fd26aa643071b9d91b2d0147b0285d0b5411a0ccf2bd2
speed_1800rpm__torque_1700Nm__temperature_35degC,train,Fw,1800.0,1700.0,35.0,data/polished_dataset/forward/35degree/1800rpm/1800.0rpm1700.0Nm35.0deg.csv,1038959,d0d1785ae3f8f200c8cb435d0d3a4c8f51eebb8ab9d799be59a1c94463865719
speed_1800rpm__torque_1800Nm__temperature_25degC,train,Fw,1800.0,1800.0,25.0,data/polished_dataset/forward/25degree/1800rpm/1800.0rpm1800.0Nm25.0deg.csv,1016241,d33c4c8019a87717cf44a5ba016041045a042cc34a48da9c7855398ec0a25376
speed_1800rpm__torque_1800Nm__temperature_30degC,train,Fw,1800.0,1800.0,30.0,data/polished_dataset/forward/30degree/1800rpm/1800.0rpm1800.0Nm30.0deg.csv,1019170,673ff822d4b2ee5c1d7cf2944a6c91ce8af70c8c1e5b248fc75981fc201611ab
speed_1800rpm__torque_1800Nm__temperature_35degC,train,Fw,1800.0,1800.0,35.0,data/polished_dataset/forward/35degree/1800rpm/1800.0rpm1800.0Nm35.0deg.csv,1032726,4b7d47e39a99cfe3e17faa23e229c43e24fe694b8343bcf35ea3db7a2579add6
speed_100rpm__torque_0Nm__temperature_30degC,validation,Fw,100.0,0.0,30.0,data/polished_dataset/forward/30degree/100rpm/100.0rpm0.0Nm30.0deg.csv,18103797,0232b3db70d5806532b92eac54cc672db8d1e857251fc3c5af29c2daed28d83d
speed_100rpm__torque_500Nm__temperature_30degC,validation,Fw,100.0,500.0,30.0,data/polished_dataset/forward/30degree/100rpm/100.0rpm500.0Nm30.0deg.csv,18221497,5e984e2581e80e1a590dea3dee0407b2270e4ece81017d11298b13cb130accbc
speed_100rpm__torque_600Nm__temperature_25degC,validation,Fw,100.0,600.0,25.0,data/polished_dataset/forward/25degree/100rpm/100.0rpm600.0Nm25.0deg.csv,18425931,4bd04fe50025dd8b562a7600d0a6c43df06e755f695904e97823d0abd53e945a
speed_100rpm__torque_800Nm__temperature_25degC,validation,Fw,100.0,800.0,25.0,data/polished_dataset/forward/25degree/100rpm/100.0rpm800.0Nm25.0deg.csv,18429930,6bf7a11fd8e4710860401e2d74718c43ce3080a7f0de4fc000a75249b3998ec2
speed_100rpm__torque_800Nm__temperature_35degC,validation,Fw,100.0,800.0,35.0,data/polished_dataset/forward/35degree/100rpm/100.0rpm800.0Nm35.0deg.csv,18838565,f45ea502d308a822a6d928267e154ef7b6a1e5593cd770bc17cd67e6d5d7e9b4
speed_100rpm__torque_900Nm__temperature_30degC,validation,Fw,100.0,900.0,30.0,data/polished_dataset/forward/30degree/100rpm/100.0rpm900.0Nm30.0deg.csv,18371122,db175b9353157e9f048d141f6f48dffa2eb9e1125d3945ca473a13a7b43ce157
speed_100rpm__torque_1100Nm__temperature_25degC,validation,Fw,100.0,1100.0,25.0,data/polished_dataset/forward/25degree/100rpm/100.0rpm1100.0Nm25.0deg.csv,18305025,d32c5f7a58076cf6c656665430b57c314bece12c3bc074747d33e6c0382146d8
speed_100rpm__torque_1200Nm__temperature_35degC,validation,Fw,100.0,1200.0,35.0,data/polished_dataset/forward/35degree/100rpm/100.0rpm1200.0Nm35.0deg.csv,18782451,9627196c69ecdc8c30c1de7792eb5b0580051bc53d63e1dde16e0b7bdbb23e29
speed_100rpm__torque_1600Nm__temperature_30degC,validation,Fw,100.0,1600.0,30.0,data/polished_dataset/forward/30degree/100rpm/100.0rpm1600.0Nm30.0deg.csv,18238876,994114eef7389e50cbac3646a9c79f89cd8d9219406756c46359afb77ffb7dcc
speed_100rpm__torque_1600Nm__temperature_35degC,validation,Fw,100.0,1600.0,35.0,data/polished_dataset/forward/35degree/100rpm/100.0rpm1600.0Nm35.0deg.csv,18690001,3fe138c2a9e88292d6047fa1123caa02b6ab54fc3a2760d0ab55846e224169cc
speed_100rpm__torque_1700Nm__temperature_35degC,validation,Fw,100.0,1700.0,35.0,data/polished_dataset/forward/35degree/100rpm/100.0rpm1700.0Nm35.0deg.csv,18652163,269ebc338d3be1c1ad3491eaab6b8da0c17d8b65a14d0f86d5118b5878e78b2d
speed_100rpm__torque_1800Nm__temperature_35degC,validation,Fw,100.0,1800.0,35.0,data/polished_dataset/forward/35degree/100rpm/100.0rpm1800.0Nm35.0deg.csv,18607549,dc9be63a2e3e791da5fb1e11e9c912d551ac2c153c6df6ac151b60b95568275a
speed_200rpm__torque_600Nm__temperature_30degC,validation,Fw,200.0,600.0,30.0,data/polished_dataset/forward/30degree/200rpm/200.0rpm600.0Nm30.0deg.csv,9159784,c321c0d7692d12e4a543738034f1c142bc2c4eeb56e2e381a1fedbf753e52385
speed_200rpm__torque_700Nm__temperature_30degC,validation,Fw,200.0,700.0,30.0,data/polished_dataset/forward/30degree/200rpm/200.0rpm700.0Nm30.0deg.csv,9194620,548d45668dc6ca7df05cc0a49298b2b10ed215dc17cb6c6cc92ba841ef673a92
speed_200rpm__torque_900Nm__temperature_30degC,validation,Fw,200.0,900.0,30.0,data/polished_dataset/forward/30degree/200rpm/200.0rpm900.0Nm30.0deg.csv,9182708,e69aea837761ce24ba5952580d067af1e908a6cb3d1e1e76a3ad85dc327c2869
speed_200rpm__torque_1000Nm__temperature_30degC,validation,Fw,200.0,1000.0,30.0,data/polished_dataset/forward/30degree/200rpm/200.0rpm1000.0Nm30.0deg.csv,9083652,b58a52da6f281403fe043b89cbe440782a999bdceb9633779edebcf8d591a74f
speed_200rpm__torque_1100Nm__temperature_35degC,validation,Fw,200.0,1100.0,35.0,data/polished_dataset/forward/35degree/200rpm/200.0rpm1100.0Nm35.0deg.csv,9353113,f8a33e0c4ebc0f1d0e73f5c6d3af693dcec587c738bec6082c80ddda2fd31baa
speed_200rpm__torque_1700Nm__temperature_35degC,validation,Fw,200.0,1700.0,35.0,data/polished_dataset/forward/35degree/200rpm/200.0rpm1700.0Nm35.0deg.csv,9337068,28a5d8d1edcbb77e9b97fd93f8097780e742347a0a3cec29d088e08e80c34c42
speed_300rpm__torque_500Nm__temperature_25degC,validation,Fw,300.0,500.0,25.0,data/polished_dataset/forward/25degree/300rpm/300.0rpm500.0Nm25.0deg.csv,6088144,307d69da1c1538ef69a03fd5110d5d5c8fe00e16be6efe4282ce4a0b6b445b25
speed_300rpm__torque_1100Nm__temperature_25degC,validation,Fw,300.0,1100.0,25.0,data/polished_dataset/forward/25degree/300rpm/300.0rpm1100.0Nm25.0deg.csv,6065169,9805697b0689ed1a34b0bd94bf4fca6cfb40d43a9b71bfb2aa602aed42d35847
speed_300rpm__torque_1100Nm__temperature_30degC,validation,Fw,300.0,1100.0,30.0,data/polished_dataset/forward/30degree/300rpm/300.0rpm1100.0Nm30.0deg.csv,6054082,de0cbbe03e3159db7d6ea8526012938a63048da35f0bfe540998290902874758
speed_300rpm__torque_1100Nm__temperature_35degC,validation,Fw,300.0,1100.0,35.0,data/polished_dataset/forward/35degree/300rpm/300.0rpm1100.0Nm35.0deg.csv,6177396,baf5035677092e69f585df375136827abeea2e8bfdbc799802bc145704591b7c
speed_300rpm__torque_1200Nm__temperature_25degC,validation,Fw,300.0,1200.0,25.0,data/polished_dataset/forward/25degree/300rpm/300.0rpm1200.0Nm25.0deg.csv,6094368,cbe190c5bc1fe9efab2c2f4530feea8a759f65232a82e14723d075ed4cdab711
speed_300rpm__torque_1400Nm__temperature_30degC,validation,Fw,300.0,1400.0,30.0,data/polished_dataset/forward/30degree/300rpm/300.0rpm1400.0Nm30.0deg.csv,6068056,7ee3b355e3568fee42a27064587fba6c546be8e665faf4c799b2a93ae7522f09
speed_400rpm__torque_0Nm__temperature_35degC,validation,Fw,400.0,0.0,35.0,data/polished_dataset/forward/35degree/400rpm/400.0rpm0.0Nm35.0deg.csv,4683870,fa1f2f837d89091a564ea163f8f291f3d2e81607995bd2242335ecfda9b61ecd
speed_400rpm__torque_100Nm__temperature_25degC,validation,Fw,400.0,100.0,25.0,data/polished_dataset/forward/25degree/400rpm/400.0rpm100.0Nm25.0deg.csv,4574513,2e0a5daac2fa42349e246124fe7713b1fee98633de3a985e75039da3f4813944
speed_400rpm__torque_200Nm__temperature_25degC,validation,Fw,400.0,200.0,25.0,data/polished_dataset/forward/25degree/400rpm/400.0rpm200.0Nm25.0deg.csv,4544744,5447fc39cac844b2e85dbd98a2d9cee407aef10ea7ad87e86c324cbe1b025991
speed_400rpm__torque_200Nm__temperature_30degC,validation,Fw,400.0,200.0,30.0,data/polished_dataset/forward/30degree/400rpm/400.0rpm200.0Nm30.0deg.csv,4630821,f69a117d52a82cf3edffa45b94d308eb3e243dd3ff0c9d745a887cfc737ca53c
speed_400rpm__torque_400Nm__temperature_30degC,validation,Fw,400.0,400.0,30.0,data/polished_dataset/forward/30degree/400rpm/400.0rpm400.0Nm30.0deg.csv,4600477,6798767daea4c327ca896f29fbd135181972f17f2594617ccba852ec3acc4493
speed_400rpm__torque_400Nm__temperature_35degC,validation,Fw,400.0,400.0,35.0,data/polished_dataset/forward/35degree/400rpm/400.0rpm400.0Nm35.0deg.csv,4706129,7dafb391a3747aae32c5c31a15410dfde16088a8f27a3d2bebded0fb1dbc1034
speed_400rpm__torque_500Nm__temperature_35degC,validation,Fw,400.0,500.0,35.0,data/polished_dataset/forward/35degree/400rpm/400.0rpm500.0Nm35.0deg.csv,4692489,f7d0a28a02753ca0ecd2ab0378712e7aaab12827df51b8a1fb2bc15d35f41a88
speed_400rpm__torque_600Nm__temperature_25degC,validation,Fw,400.0,600.0,25.0,data/polished_dataset/forward/25degree/400rpm/400.0rpm600.0Nm25.0deg.csv,4579353,2e2d340d5b82feb6faceb34b711fe3fc9511ae84bda729690ed7d9892ef3d837
speed_400rpm__torque_900Nm__temperature_25degC,validation,Fw,400.0,900.0,25.0,data/polished_dataset/forward/25degree/400rpm/400.0rpm900.0Nm25.0deg.csv,4614787,c5c59f5ca345cf051fc94647839d33ed407e3d56f9e81cdbb0f6630c0eb16fe1
speed_400rpm__torque_900Nm__temperature_35degC,validation,Fw,400.0,900.0,35.0,data/polished_dataset/forward/35degree/400rpm/400.0rpm900.0Nm35.0deg.csv,4690358,f0c6c6cba02450491e47309517e492dae4823a1382818cb1b87026be90214a1d
speed_400rpm__torque_1000Nm__temperature_30degC,validation,Fw,400.0,1000.0,30.0,data/polished_dataset/forward/30degree/400rpm/400.0rpm1000.0Nm30.0deg.csv,4518966,ce0b1578bf22586f295c2de5be91f3c051eb747d04cb9009bec6fb4990b89710
speed_400rpm__torque_1300Nm__temperature_30degC,validation,Fw,400.0,1300.0,30.0,data/polished_dataset/forward/30degree/400rpm/400.0rpm1300.0Nm30.0deg.csv,4561101,656caca2b26bd1d4a6cd5dd09adcf7fcdf5492eae24c2a47a4e85baaae4c94cb
speed_400rpm__torque_1800Nm__temperature_35degC,validation,Fw,400.0,1800.0,35.0,data/polished_dataset/forward/35degree/400rpm/400.0rpm1800.0Nm35.0deg.csv,4651794,39fdb602caceda8f855d851950e3f9bf04c9f3b6490baf4acfef8e8a3f9ef781
speed_500rpm__torque_0Nm__temperature_30degC,validation,Fw,500.0,0.0,30.0,data/polished_dataset/forward/30degree/500rpm/500.0rpm0.0Nm30.0deg.csv,3682652,a9db7144f302561001bd8af17614bb6de4bc7ee3c08ceb698dcf44b0576f46c8
speed_500rpm__torque_100Nm__temperature_25degC,validation,Fw,500.0,100.0,25.0,data/polished_dataset/forward/25degree/500rpm/500.0rpm100.0Nm25.0deg.csv,3651255,dea9f7307c13c8ee5b2c3760770d763075546468e79c81b6298f3f026cf12ed9
speed_500rpm__torque_100Nm__temperature_30degC,validation,Fw,500.0,100.0,30.0,data/polished_dataset/forward/30degree/500rpm/500.0rpm100.0Nm30.0deg.csv,3642460,3cc553e19fc79c3b2ab80993f0daf69b618e95761167a0e61c96510fd0b60b52
speed_500rpm__torque_200Nm__temperature_35degC,validation,Fw,500.0,200.0,35.0,data/polished_dataset/forward/35degree/500rpm/500.0rpm200.0Nm35.0deg.csv,3738432,e817d4d6ac34122c900eee4a5126e45eb8d4af35cec668f4b8f60b9d8328d920
speed_500rpm__torque_400Nm__temperature_30degC,validation,Fw,500.0,400.0,30.0,data/polished_dataset/forward/30degree/500rpm/500.0rpm400.0Nm30.0deg.csv,3654721,e4fadfdedb72812daa47bbfc31d5155d7e17bb2288e68224b8953513aa877d1e
speed_500rpm__torque_600Nm__temperature_30degC,validation,Fw,500.0,600.0,30.0,data/polished_dataset/forward/30degree/500rpm/500.0rpm600.0Nm30.0deg.csv,3651133,8a5e5308a22cef9e57838e18eaaa29d9412bf1f488ba93a4fb178d4103311b17
speed_500rpm__torque_700Nm__temperature_35degC,validation,Fw,500.0,700.0,35.0,data/polished_dataset/forward/35degree/500rpm/500.0rpm700.0Nm35.0deg.csv,3738929,38d8b005fe3004acc15755e0841937c3fef90c2ab32c0b80a045df415f23a452
speed_500rpm__torque_1100Nm__temperature_30degC,validation,Fw,500.0,1100.0,30.0,data/polished_dataset/forward/30degree/500rpm/500.0rpm1100.0Nm30.0deg.csv,3669423,6d70405c54037768e244fd7c5675e7efbe56c47a84e2b2af244e623ad8344bda
speed_500rpm__torque_1800Nm__temperature_25degC,validation,Fw,500.0,1800.0,25.0,data/polished_dataset/forward/25degree/500rpm/500.0rpm1800.0Nm25.0deg.csv,3628053,a3ac913aa49dfb601a537763c6cf49d4ac73055ff3db2ad28cb927111c239196
speed_600rpm__torque_0Nm__temperature_35degC,validation,Fw,600.0,0.0,35.0,data/polished_dataset/forward/35degree/600rpm/600.0rpm0.0Nm35.0deg.csv,3116451,bfc5dc106b16cbccc7d05b511b3f67188a64d587557b0d07a38ac40b4a705c99
speed_600rpm__torque_400Nm__temperature_30degC,validation,Fw,600.0,400.0,30.0,data/polished_dataset/forward/30degree/600rpm/600.0rpm400.0Nm30.0deg.csv,3043373,7581cbff978c0cb678c324a7650417c8a9661cec8047857389fb3f38159f334e
speed_600rpm__torque_400Nm__temperature_35degC,validation,Fw,600.0,400.0,35.0,data/polished_dataset/forward/35degree/600rpm/600.0rpm400.0Nm35.0deg.csv,3124095,46f441cc9f5b9c98c3e15dd9c5ce34a80ed19da7c8f7fe3b93905cea172ad1c4
speed_600rpm__torque_800Nm__temperature_35degC,validation,Fw,600.0,800.0,35.0,data/polished_dataset/forward/35degree/600rpm/600.0rpm800.0Nm35.0deg.csv,3120557,5ccb78a56f636ea8c9dd9b197b1182b2eea4b34db2b997d17b89621c2ec85882
speed_600rpm__torque_1100Nm__temperature_25degC,validation,Fw,600.0,1100.0,25.0,data/polished_dataset/forward/25degree/600rpm/600.0rpm1100.0Nm25.0deg.csv,3052040,d958a5de64de81075ba883fa1a3a0ddb7ce26a7c52e3e5021cad505f33b09a09
speed_600rpm__torque_1100Nm__temperature_35degC,validation,Fw,600.0,1100.0,35.0,data/polished_dataset/forward/35degree/600rpm/600.0rpm1100.0Nm35.0deg.csv,3108997,ce907c5a35a98e1e2f2c657acc5b8128fd1344e285ced18a66e43fab0e04cb02
speed_600rpm__torque_1300Nm__temperature_35degC,validation,Fw,600.0,1300.0,35.0,data/polished_dataset/forward/35degree/600rpm/600.0rpm1300.0Nm35.0deg.csv,3083406,5c6d11b4bb4a738b2ee6f6161af1d46a10deb50013587231c2d5952883177d3c
speed_600rpm__torque_1400Nm__temperature_25degC,validation,Fw,600.0,1400.0,25.0,data/polished_dataset/forward/25degree/600rpm/600.0rpm1400.0Nm25.0deg.csv,3034680,118e8deea80b478072e2d7d4bb5a4224e880e9dc895c77908baebe9d4935c957
speed_600rpm__torque_1400Nm__temperature_35degC,validation,Fw,600.0,1400.0,35.0,data/polished_dataset/forward/35degree/600rpm/600.0rpm1400.0Nm35.0deg.csv,3125382,729a44ea18818f2a28c0991745a64db71926dcc23039d6c17f4af53e57f4f63c
speed_600rpm__torque_1500Nm__temperature_25degC,validation,Fw,600.0,1500.0,25.0,data/polished_dataset/forward/25degree/600rpm/600.0rpm1500.0Nm25.0deg.csv,3064595,5ab0fd112123f573f25f89b1781ffe97ff80bb8f4d6ca32131bba854cb0a79e8
speed_600rpm__torque_1600Nm__temperature_30degC,validation,Fw,600.0,1600.0,30.0,data/polished_dataset/forward/30degree/600rpm/600.0rpm1600.0Nm30.0deg.csv,3125776,dbba5e46b51f4a2eef02c58282ac87e65f57fcbc311a7086bef8422b9378867e
speed_700rpm__torque_400Nm__temperature_25degC,validation,Fw,700.0,400.0,25.0,data/polished_dataset/forward/25degree/700rpm/700.0rpm400.0Nm25.0deg.csv,2623245,26d2822ad60b79784c8a00b7eef041a9c7d6121fe09b50e7208fc876fe74a60a
speed_700rpm__torque_400Nm__temperature_30degC,validation,Fw,700.0,400.0,30.0,data/polished_dataset/forward/30degree/700rpm/700.0rpm400.0Nm30.0deg.csv,2632439,b3b5971d14907db96c78e4f9f65d71ef64fb705ed08bca7141c7a0bac23beb95
speed_700rpm__torque_500Nm__temperature_30degC,validation,Fw,700.0,500.0,30.0,data/polished_dataset/forward/30degree/700rpm/700.0rpm500.0Nm30.0deg.csv,2626920,c2d9fb9507f545b69c0962f84244c6e9d9237d6f33e4f779c307e2b0ec8e8c91
speed_700rpm__torque_600Nm__temperature_25degC,validation,Fw,700.0,600.0,25.0,data/polished_dataset/forward/25degree/700rpm/700.0rpm600.0Nm25.0deg.csv,2635897,b9571a2b8452ac6dc95e65a5397a4d8451b5acc4593b0e8cc310133b439fc1cf
speed_700rpm__torque_600Nm__temperature_30degC,validation,Fw,700.0,600.0,30.0,data/polished_dataset/forward/30degree/700rpm/700.0rpm600.0Nm30.0deg.csv,2620544,21bc344cdcd5ab1133df417cbe2ee1f4f5db3d6c509652cec7b3c06571bad01b
speed_700rpm__torque_900Nm__temperature_25degC,validation,Fw,700.0,900.0,25.0,data/polished_dataset/forward/25degree/700rpm/700.0rpm900.0Nm25.0deg.csv,2623040,98e4ed437dec5241e6ff0c4cfff641c2bf534e67f8bf67ab8a0c2d14d0c24bda
speed_700rpm__torque_1000Nm__temperature_35degC,validation,Fw,700.0,1000.0,35.0,data/polished_dataset/forward/35degree/700rpm/700.0rpm1000.0Nm35.0deg.csv,2667507,fb1e742326e2cab8d5fe2d0b25ad1ba46bcfc4b7ed4ad4d83b62b4cc709bb0d9
speed_700rpm__torque_1400Nm__temperature_25degC,validation,Fw,700.0,1400.0,25.0,data/polished_dataset/forward/25degree/700rpm/700.0rpm1400.0Nm25.0deg.csv,2609300,e654fd26886f85e2497618cb12c0dfda04bf75770d950ed5292302cea5054614
speed_700rpm__torque_1600Nm__temperature_30degC,validation,Fw,700.0,1600.0,30.0,data/polished_dataset/forward/30degree/700rpm/700.0rpm1600.0Nm30.0deg.csv,2621029,d5f0eafce38bb0ad305197349bfa4580eec786f12ca2691b078f019a7c6dd4da
speed_700rpm__torque_1700Nm__temperature_25degC,validation,Fw,700.0,1700.0,25.0,data/polished_dataset/forward/25degree/700rpm/700.0rpm1700.0Nm25.0deg.csv,2594677,174c6033fb2bb7c7be2d749c7f9381c1339760993400fbe953a51a5b9a88d1bf
speed_700rpm__torque_1800Nm__temperature_25degC,validation,Fw,700.0,1800.0,25.0,data/polished_dataset/forward/25degree/700rpm/700.0rpm1800.0Nm25.0deg.csv,2590486,8237f1b30f472d3714cc1a32923cc50766298b0e23b48c6411835519b453b834
speed_700rpm__torque_1800Nm__temperature_35degC,validation,Fw,700.0,1800.0,35.0,data/polished_dataset/forward/35degree/700rpm/700.0rpm1800.0Nm35.0deg.csv,2673241,083b85e6b2c4f8aeab09b1a5bd59aadd061312a7ceb419e301c682290cb507b1
speed_800rpm__torque_200Nm__temperature_30degC,validation,Fw,800.0,200.0,30.0,data/polished_dataset/forward/30degree/800rpm/800.0rpm200.0Nm30.0deg.csv,2277406,7cb5b4287b17156e17f1601f68adfe7f96dd0ec26e46f47b61c7cce501d3e467
speed_800rpm__torque_400Nm__temperature_25degC,validation,Fw,800.0,400.0,25.0,data/polished_dataset/forward/25degree/800rpm/800.0rpm400.0Nm25.0deg.csv,2296826,43c9774618d72694230951db0ac2fdd7ceb54af7f0e56b3106414a8b37ce9e9e
speed_800rpm__torque_600Nm__temperature_35degC,validation,Fw,800.0,600.0,35.0,data/polished_dataset/forward/35degree/800rpm/800.0rpm600.0Nm35.0deg.csv,2337025,1173a20d5fd4fa83f4aa6e87e9ac52f11af32c9c40c2200001062313d6322599
speed_800rpm__torque_700Nm__temperature_30degC,validation,Fw,800.0,700.0,30.0,data/polished_dataset/forward/30degree/800rpm/800.0rpm700.0Nm30.0deg.csv,2329766,bc42040cb273028580f63fee0ebe3b4489a8a8f30529c82fa34bdfddc04984a4
speed_800rpm__torque_800Nm__temperature_25degC,validation,Fw,800.0,800.0,25.0,data/polished_dataset/forward/25degree/800rpm/800.0rpm800.0Nm25.0deg.csv,2296895,01c9083605de99744a8c652f7176b6db6cae700aae8b309a0a6ac395421935ee
speed_800rpm__torque_900Nm__temperature_30degC,validation,Fw,800.0,900.0,30.0,data/polished_dataset/forward/30degree/800rpm/800.0rpm900.0Nm30.0deg.csv,2317905,61e2d0b171a6942026095fcdb5c35ce97c42367257f38f142453a0dc5c33b46a
speed_800rpm__torque_900Nm__temperature_35degC,validation,Fw,800.0,900.0,35.0,data/polished_dataset/forward/35degree/800rpm/800.0rpm900.0Nm35.0deg.csv,2353553,ed1454b956fa81de1e10c6a4ee7f3dd82c7c0fab5a37e608a07c61bfbccceaa5
speed_800rpm__torque_1100Nm__temperature_35degC,validation,Fw,800.0,1100.0,35.0,data/polished_dataset/forward/35degree/800rpm/800.0rpm1100.0Nm35.0deg.csv,2326293,5523d900c630a991ca20a4c1c6d764c833c9deb27a0d41eb656187e73f0013cb
speed_800rpm__torque_1200Nm__temperature_25degC,validation,Fw,800.0,1200.0,25.0,data/polished_dataset/forward/25degree/800rpm/800.0rpm1200.0Nm25.0deg.csv,2275280,8dfe454fc8a6d1b4ffc939c9ff8197766b1452951d0ebb20696fd1a94f15b2df
speed_800rpm__torque_1500Nm__temperature_25degC,validation,Fw,800.0,1500.0,25.0,data/polished_dataset/forward/25degree/800rpm/800.0rpm1500.0Nm25.0deg.csv,2285908,53fac9c5b9f00b6ceed5cb6339d37b54d0c3391d53734f6ebf60e4ce27502d61
speed_800rpm__torque_1600Nm__temperature_25degC,validation,Fw,800.0,1600.0,25.0,data/polished_dataset/forward/25degree/800rpm/800.0rpm1600.0Nm25.0deg.csv,2285047,76386375461c6187be996b15846e3c6aac5aa94e454340905d9ca6f475f4ac1b
speed_800rpm__torque_1700Nm__temperature_25degC,validation,Fw,800.0,1700.0,25.0,data/polished_dataset/forward/25degree/800rpm/800.0rpm1700.0Nm25.0deg.csv,2291002,892c720cda29ba7d739d1f2c07199267d4f9a86520b5617b5a58d8fb360771db
speed_800rpm__torque_1700Nm__temperature_30degC,validation,Fw,800.0,1700.0,30.0,data/polished_dataset/forward/30degree/800rpm/800.0rpm1700.0Nm30.0deg.csv,2333147,ba49a5f89b193f44f87591b39e1d62e90dced0259aba4d120ab94cc9eb59f2f0
speed_800rpm__torque_1800Nm__temperature_30degC,validation,Fw,800.0,1800.0,30.0,data/polished_dataset/forward/30degree/800rpm/800.0rpm1800.0Nm30.0deg.csv,2313161,a0d60e560f1ea31057e06026cab16d5b0c381fb3e470591ee9fc8f445ba909b2
speed_900rpm__torque_200Nm__temperature_30degC,validation,Fw,900.0,200.0,30.0,data/polished_dataset/forward/30degree/900rpm/900.0rpm200.0Nm30.0deg.csv,2073452,ebd41a5007182bc06a85599e4a9b1ffe7f008822ff65cc60791e6c40418bc155
speed_900rpm__torque_300Nm__temperature_30degC,validation,Fw,900.0,300.0,30.0,data/polished_dataset/forward/30degree/900rpm/900.0rpm300.0Nm30.0deg.csv,2091486,adc097d7251da25f81ac27d176d0f8b3773f164f59d2615e876a868f182cec60
speed_900rpm__torque_300Nm__temperature_35degC,validation,Fw,900.0,300.0,35.0,data/polished_dataset/forward/35degree/900rpm/900.0rpm300.0Nm35.0deg.csv,2085177,f24e0d8741057d5727ed1e6ca80db1ff2837184d08c66b5e573f14c4b5e4f895
speed_900rpm__torque_500Nm__temperature_25degC,validation,Fw,900.0,500.0,25.0,data/polished_dataset/forward/25degree/900rpm/900.0rpm500.0Nm25.0deg.csv,2034487,7d259c2c03a461f668ea5a0587d40afddb2747920b721cb4ebffdc0253b58899
speed_900rpm__torque_800Nm__temperature_30degC,validation,Fw,900.0,800.0,30.0,data/polished_dataset/forward/30degree/900rpm/900.0rpm800.0Nm30.0deg.csv,2096558,50e25d88fd8424383fdf125441d170c80516879f68c121dadfaa306d24451e75
speed_900rpm__torque_900Nm__temperature_25degC,validation,Fw,900.0,900.0,25.0,data/polished_dataset/forward/25degree/900rpm/900.0rpm900.0Nm25.0deg.csv,2033320,928ba1f350ba1292068ceb204c345e2cac0be298f2f02cda613617e812077cab
speed_900rpm__torque_1000Nm__temperature_30degC,validation,Fw,900.0,1000.0,30.0,data/polished_dataset/forward/30degree/900rpm/900.0rpm1000.0Nm30.0deg.csv,2081941,8dc9109d1c9f68039f6f2123c81af60328f19012d17b31f1588d3d31af25cbfc
speed_900rpm__torque_1100Nm__temperature_25degC,validation,Fw,900.0,1100.0,25.0,data/polished_dataset/forward/25degree/900rpm/900.0rpm1100.0Nm25.0deg.csv,2045276,3d949dde69a30b247073e28f3a9226a5301961b128771c158a279735f473f09b
speed_900rpm__torque_1200Nm__temperature_35degC,validation,Fw,900.0,1200.0,35.0,data/polished_dataset/forward/35degree/900rpm/900.0rpm1200.0Nm35.0deg.csv,2067366,16410cb0449ca5c14caca5e83fb6190ccc363a9e6cbb8a40f0acac5aa8bdb7c7
speed_900rpm__torque_1300Nm__temperature_25degC,validation,Fw,900.0,1300.0,25.0,data/polished_dataset/forward/25degree/900rpm/900.0rpm1300.0Nm25.0deg.csv,2036471,d5b99f1f0c252d618339a75f54d78ecfbd280daa357eb3182eb608df6275a1b8
speed_900rpm__torque_1400Nm__temperature_30degC,validation,Fw,900.0,1400.0,30.0,data/polished_dataset/forward/30degree/900rpm/900.0rpm1400.0Nm30.0deg.csv,2081800,e36b476d40d63fb7bb3ed59a9df26c2cf3006a81aab0aefead84b7e8a401e24b
speed_900rpm__torque_1500Nm__temperature_30degC,validation,Fw,900.0,1500.0,30.0,data/polished_dataset/forward/30degree/900rpm/900.0rpm1500.0Nm30.0deg.csv,2047914,bcfdf7dcdf0a7f22363115ee93c2d45b23bbab9633b13a8efd2eb80d198253b4
speed_900rpm__torque_1600Nm__temperature_25degC,validation,Fw,900.0,1600.0,25.0,data/polished_dataset/forward/25degree/900rpm/900.0rpm1600.0Nm25.0deg.csv,2022658,ac82210875fe5b48efe1b671b17b6a53151270225e6798f33a48485f3b6cf60a
speed_900rpm__torque_1600Nm__temperature_35degC,validation,Fw,900.0,1600.0,35.0,data/polished_dataset/forward/35degree/900rpm/900.0rpm1600.0Nm35.0deg.csv,2061005,6ad62da9dbc12a2ef81252a6b7d13184f035ed0624c21363c12bb76701515ab2
speed_900rpm__torque_1700Nm__temperature_25degC,validation,Fw,900.0,1700.0,25.0,data/polished_dataset/forward/25degree/900rpm/900.0rpm1700.0Nm25.0deg.csv,2035367,6f63dba2ec3d4a8aa205d171ea8f7a380bc8150d0946ad852338c111076e2502
speed_1000rpm__torque_0Nm__temperature_25degC,validation,Fw,1000.0,0.0,25.0,data/polished_dataset/forward/25degree/1000rpm/1000.0rpm0.0Nm25.0deg.csv,1846888,878bc4299418760a88cb4922a9de0988b37e1670af3c1ef549fccb671c916311
speed_1000rpm__torque_300Nm__temperature_25degC,validation,Fw,1000.0,300.0,25.0,data/polished_dataset/forward/25degree/1000rpm/1000.0rpm300.0Nm25.0deg.csv,1830702,b466f15f5b3b63357ef5af6520b96066da5840ac913f5349202d01ac1cd8de04
speed_1000rpm__torque_300Nm__temperature_30degC,validation,Fw,1000.0,300.0,30.0,data/polished_dataset/forward/30degree/1000rpm/1000.0rpm300.0Nm30.0deg.csv,1869237,517f8eea628e0411c875b79d5101988906d4b24b757353cc6551b8403569aafd
speed_1000rpm__torque_600Nm__temperature_25degC,validation,Fw,1000.0,600.0,25.0,data/polished_dataset/forward/25degree/1000rpm/1000.0rpm600.0Nm25.0deg.csv,1840472,8cd3535ac7ee3e07b8586fa73d5a9bc836ad5c27985bc121a5cd45bbff9d02da
speed_1000rpm__torque_700Nm__temperature_35degC,validation,Fw,1000.0,700.0,35.0,data/polished_dataset/forward/35degree/1000rpm/1000.0rpm700.0Nm35.0deg.csv,1869539,7cf8348c6a3b21c3811025b7229dfc09d2896f30323789b2f181f03849f40dda
speed_1000rpm__torque_800Nm__temperature_25degC,validation,Fw,1000.0,800.0,25.0,data/polished_dataset/forward/25degree/1000rpm/1000.0rpm800.0Nm25.0deg.csv,1842569,17724e644d910f592008d1ca71a10f3ed02a0ae884f6ed7f9775e93eb8024e26
speed_1000rpm__torque_800Nm__temperature_30degC,validation,Fw,1000.0,800.0,30.0,data/polished_dataset/forward/30degree/1000rpm/1000.0rpm800.0Nm30.0deg.csv,1837137,f2b7a099449d51446399ee70430cdebe87c943d0c578cbaa71229fb427d60ea0
speed_1000rpm__torque_800Nm__temperature_35degC,validation,Fw,1000.0,800.0,35.0,data/polished_dataset/forward/35degree/1000rpm/1000.0rpm800.0Nm35.0deg.csv,1894030,830591804cd56efed064c44568b853438367e961f059355cfc79088ea15258a9
speed_1000rpm__torque_1100Nm__temperature_30degC,validation,Fw,1000.0,1100.0,30.0,data/polished_dataset/forward/30degree/1000rpm/1000.0rpm1100.0Nm30.0deg.csv,1840019,2cbf60a71c0e9cabf4d612f797d923785b53b8ce8d78a5cbdafa75370f2d0120
speed_1000rpm__torque_1100Nm__temperature_35degC,validation,Fw,1000.0,1100.0,35.0,data/polished_dataset/forward/35degree/1000rpm/1000.0rpm1100.0Nm35.0deg.csv,1859211,1b868f3dab51c93469d6117c5765cbfbcb724efe57ef43699a1eaa287ab4a888
speed_1000rpm__torque_1600Nm__temperature_25degC,validation,Fw,1000.0,1600.0,25.0,data/polished_dataset/forward/25degree/1000rpm/1000.0rpm1600.0Nm25.0deg.csv,1820387,f51e5877dc985dfced830068962dd38a1e8446d4cc3375bcb6c6dff1cad34411
speed_1000rpm__torque_1700Nm__temperature_25degC,validation,Fw,1000.0,1700.0,25.0,data/polished_dataset/forward/25degree/1000rpm/1000.0rpm1700.0Nm25.0deg.csv,1827934,ba74a2e61a8b7dbe623f1ee3eb92cff64fa3e7fd3b7c9c12a7f2fa11dd8a7ca6
speed_1100rpm__torque_0Nm__temperature_35degC,validation,Fw,1100.0,0.0,35.0,data/polished_dataset/forward/35degree/1100rpm/1100.0rpm0.0Nm35.0deg.csv,1709548,1fcaebda95e77047d19653b26ed82795e0ffb448edcbac718834de3ba63dcc69
speed_1100rpm__torque_500Nm__temperature_25degC,validation,Fw,1100.0,500.0,25.0,data/polished_dataset/forward/25degree/1100rpm/1100.0rpm500.0Nm25.0deg.csv,1667782,6ad523c509b83e2a4f0c061db3c28d4be6626d32c61821489087a75cb852b48c
speed_1100rpm__torque_600Nm__temperature_25degC,validation,Fw,1100.0,600.0,25.0,data/polished_dataset/forward/25degree/1100rpm/1100.0rpm600.0Nm25.0deg.csv,1688885,e77225a267a9efaf3f2a98168d865d456b5f7be005e399b44294fed07aa75d95
speed_1100rpm__torque_600Nm__temperature_30degC,validation,Fw,1100.0,600.0,30.0,data/polished_dataset/forward/30degree/1100rpm/1100.0rpm600.0Nm30.0deg.csv,1668431,8c1aa16116976b7745a47937bb8b1522467430254e4b0606c14649e2d513c827
speed_1100rpm__torque_900Nm__temperature_35degC,validation,Fw,1100.0,900.0,35.0,data/polished_dataset/forward/35degree/1100rpm/1100.0rpm900.0Nm35.0deg.csv,1706015,e1198b10e8dc6811309ba356bc1bc25843196dda2461aba003a8fb633da96ec4
speed_1100rpm__torque_1000Nm__temperature_25degC,validation,Fw,1100.0,1000.0,25.0,data/polished_dataset/forward/25degree/1100rpm/1100.0rpm1000.0Nm25.0deg.csv,1663592,495100c87faeba1cf6f01bf423c202096db636edadce10faeb23c2901bf87901
speed_1100rpm__torque_1400Nm__temperature_25degC,validation,Fw,1100.0,1400.0,25.0,data/polished_dataset/forward/25degree/1100rpm/1100.0rpm1400.0Nm25.0deg.csv,1663808,217394e66be731f4e14f288a9c531d8bcf488652ce2ace02647172cfb7db5ea2
speed_1100rpm__torque_1500Nm__temperature_25degC,validation,Fw,1100.0,1500.0,25.0,data/polished_dataset/forward/25degree/1100rpm/1100.0rpm1500.0Nm25.0deg.csv,1655048,4da8003857af7a4bf165028c034063eaa733308fd6c40942b73b1789430993b5
speed_1100rpm__torque_1500Nm__temperature_35degC,validation,Fw,1100.0,1500.0,35.0,data/polished_dataset/forward/35degree/1100rpm/1100.0rpm1500.0Nm35.0deg.csv,1685507,62649c236e5fbd888082989a8731c9196854782dca56d6e1aa6e02076310d479
speed_1100rpm__torque_1600Nm__temperature_30degC,validation,Fw,1100.0,1600.0,30.0,data/polished_dataset/forward/30degree/1100rpm/1100.0rpm1600.0Nm30.0deg.csv,1701326,e03cbafa065825d10261f09fd257ee889bae59d678d95e916f061e697169123e
speed_1100rpm__torque_1800Nm__temperature_30degC,validation,Fw,1100.0,1800.0,30.0,data/polished_dataset/forward/30degree/1100rpm/1100.0rpm1800.0Nm30.0deg.csv,1655964,58477ef00af4643d08b9b36f8ccc7b234ac3cc7da956fa407ed1dca51b83d77e
speed_1100rpm__torque_1800Nm__temperature_35degC,validation,Fw,1100.0,1800.0,35.0,data/polished_dataset/forward/35degree/1100rpm/1100.0rpm1800.0Nm35.0deg.csv,1691814,89784fdd99878cdf6447c2da069b23a1d147fb98aa0cae8d7cf10201ad54085c
speed_1300rpm__torque_0Nm__temperature_35degC,validation,Fw,1300.0,0.0,35.0,data/polished_dataset/forward/35degree/1300rpm/1300.0rpm0.0Nm35.0deg.csv,1443872,f40373dec44a4ce8193e407ed33f5c847d315f32a6e58cddbe1bf5d2f2c0120f
speed_1300rpm__torque_200Nm__temperature_35degC,validation,Fw,1300.0,200.0,35.0,data/polished_dataset/forward/35degree/1300rpm/1300.0rpm200.0Nm35.0deg.csv,1428744,fbfe01572623dc2e3b9f936aab1858b2f0c342e6d55346a09ba55d42fb56af51
speed_1300rpm__torque_600Nm__temperature_25degC,validation,Fw,1300.0,600.0,25.0,data/polished_dataset/forward/25degree/1300rpm/1300.0rpm600.0Nm25.0deg.csv,1416553,df36be8ddb303491204064e26038ea143e0d5fef8296c6daf8963e537b0b155b
speed_1300rpm__torque_800Nm__temperature_25degC,validation,Fw,1300.0,800.0,25.0,data/polished_dataset/forward/25degree/1300rpm/1300.0rpm800.0Nm25.0deg.csv,1418479,091500fdbc35aaf11218b61e549c9a201441e8b69038b9c914d9152182a21e0f
speed_1300rpm__torque_1200Nm__temperature_30degC,validation,Fw,1300.0,1200.0,30.0,data/polished_dataset/forward/30degree/1300rpm/1300.0rpm1200.0Nm30.0deg.csv,1406214,33b541dee4343143747aed63f45009975f2e098e49652713b86475889b750d48
speed_1300rpm__torque_1300Nm__temperature_35degC,validation,Fw,1300.0,1300.0,35.0,data/polished_dataset/forward/35degree/1300rpm/1300.0rpm1300.0Nm35.0deg.csv,1427435,345d87611bf3a6088773ecbe1d57f8ba27a0cdb3cb6fb25076175178ea3a2f73
speed_1300rpm__torque_1800Nm__temperature_30degC,validation,Fw,1300.0,1800.0,30.0,data/polished_dataset/forward/30degree/1300rpm/1300.0rpm1800.0Nm30.0deg.csv,1441430,b6da9f97874fa9a4c9174e7089218959c5cd7197b233557cbd0876447e119edf
speed_1400rpm__torque_0Nm__temperature_25degC,validation,Fw,1400.0,0.0,25.0,data/polished_dataset/forward/25degree/1400rpm/1400.0rpm0.0Nm25.0deg.csv,1314913,e1345473ba2cea2077d22676698eee0172bead65e64379b2bf56ffe7d33ab97c
speed_1400rpm__torque_200Nm__temperature_25degC,validation,Fw,1400.0,200.0,25.0,data/polished_dataset/forward/25degree/1400rpm/1400.0rpm200.0Nm25.0deg.csv,1319264,36b1f2a8e7d03957dfaceb679bdf626b00a12ea3626b620baccbf6f0c0015f4c
speed_1400rpm__torque_300Nm__temperature_30degC,validation,Fw,1400.0,300.0,30.0,data/polished_dataset/forward/30degree/1400rpm/1400.0rpm300.0Nm30.0deg.csv,1319644,6e3f964ee7bccdc8e966f7ea5bf414344f16ef38c0ee92d94202ac1d14bf634b
speed_1400rpm__torque_500Nm__temperature_30degC,validation,Fw,1400.0,500.0,30.0,data/polished_dataset/forward/30degree/1400rpm/1400.0rpm500.0Nm30.0deg.csv,1313076,373264715e3624e3534329e11a051360447caeb8734ad16dbc2b8abf96850118
speed_1400rpm__torque_1100Nm__temperature_35degC,validation,Fw,1400.0,1100.0,35.0,data/polished_dataset/forward/35degree/1400rpm/1400.0rpm1100.0Nm35.0deg.csv,1330430,b70b6e75fc38593345690cb9f500cef9b0df87a542fcc0a69af47809b28a1d51
speed_1400rpm__torque_1300Nm__temperature_25degC,validation,Fw,1400.0,1300.0,25.0,data/polished_dataset/forward/25degree/1400rpm/1400.0rpm1300.0Nm25.0deg.csv,1307369,e32b987f95b0ef135d1bcafcf28ff0bba88c7c3587709539165897a7b765abe9
speed_1400rpm__torque_1400Nm__temperature_25degC,validation,Fw,1400.0,1400.0,25.0,data/polished_dataset/forward/25degree/1400rpm/1400.0rpm1400.0Nm25.0deg.csv,1304066,60022a1c36334ebfa5caa7ac70cbd88df623d4a85b27afd50a97a288e17a92b9
speed_1400rpm__torque_1400Nm__temperature_35degC,validation,Fw,1400.0,1400.0,35.0,data/polished_dataset/forward/35degree/1400rpm/1400.0rpm1400.0Nm35.0deg.csv,1328351,e36ee9ba6ff1dbda4bf01f5cc76089802fa83f5975c90dfdfe66ed01ef5a31a7
speed_1400rpm__torque_1500Nm__temperature_25degC,validation,Fw,1400.0,1500.0,25.0,data/polished_dataset/forward/25degree/1400rpm/1400.0rpm1500.0Nm25.0deg.csv,1303883,2aa52a7455c4c96a2581b3242306fe070759776ca904f9b405ac4f93e5ee5708
speed_1400rpm__torque_1500Nm__temperature_35degC,validation,Fw,1400.0,1500.0,35.0,data/polished_dataset/forward/35degree/1400rpm/1400.0rpm1500.0Nm35.0deg.csv,1330399,94c0b1f10c9d75367a06696a2027ac1c5685ed074fd63b3ece5fc9776c493d4e
speed_1400rpm__torque_1700Nm__temperature_35degC,validation,Fw,1400.0,1700.0,35.0,data/polished_dataset/forward/35degree/1400rpm/1400.0rpm1700.0Nm35.0deg.csv,1331037,33d3cfce9b5b250d7ac33bc84d6d80e770dce2699359e2573db8d9d54ad32225
speed_1400rpm__torque_1800Nm__temperature_35degC,validation,Fw,1400.0,1800.0,35.0,data/polished_dataset/forward/35degree/1400rpm/1400.0rpm1800.0Nm35.0deg.csv,1333234,9e33440c64c42a2ca83be33b68a7a0bb35713b07c397326df7ad6266f84c5dd2
speed_1500rpm__torque_0Nm__temperature_25degC,validation,Fw,1500.0,0.0,25.0,data/polished_dataset/forward/25degree/1500rpm/1500.0rpm0.0Nm25.0deg.csv,1223059,bfab1081df235204c2f004984ab1311a0f5d3d33b2f4425df50da335bd1ff790
speed_1500rpm__torque_100Nm__temperature_30degC,validation,Fw,1500.0,100.0,30.0,data/polished_dataset/forward/30degree/1500rpm/1500.0rpm100.0Nm30.0deg.csv,1225992,372e57f29b1f66da867e0753c31caa324543a22da16481ee75bd2fae4f50b9ea
speed_1500rpm__torque_300Nm__temperature_30degC,validation,Fw,1500.0,300.0,30.0,data/polished_dataset/forward/30degree/1500rpm/1500.0rpm300.0Nm30.0deg.csv,1220756,06c3866d0a036aa033479efd01e59c82b3cf7ee9b719293f9ece70f429e50834
speed_1500rpm__torque_300Nm__temperature_35degC,validation,Fw,1500.0,300.0,35.0,data/polished_dataset/forward/35degree/1500rpm/1500.0rpm300.0Nm35.0deg.csv,1244804,209f4117f2c102ea69e5cce1d2dcbf7319877fa71587cef5834e17f9db49316c
speed_1500rpm__torque_500Nm__temperature_25degC,validation,Fw,1500.0,500.0,25.0,data/polished_dataset/forward/25degree/1500rpm/1500.0rpm500.0Nm25.0deg.csv,1229980,9acd6adbafd9b81965bd4316142c6a54c7ad1f025047b4608c0f4290907b458a
speed_1500rpm__torque_500Nm__temperature_30degC,validation,Fw,1500.0,500.0,30.0,data/polished_dataset/forward/30degree/1500rpm/1500.0rpm500.0Nm30.0deg.csv,1245714,9b3ca8471337438c58cca05ae5b61703e6bd7148880b5d83dd06e6219b81a4a4
speed_1500rpm__torque_900Nm__temperature_30degC,validation,Fw,1500.0,900.0,30.0,data/polished_dataset/forward/30degree/1500rpm/1500.0rpm900.0Nm30.0deg.csv,1235960,077bb80074c77a5daf9c4522ee1fc8cbf72da4a6770c00ad5da177a6e4adc7d1
speed_1500rpm__torque_900Nm__temperature_35degC,validation,Fw,1500.0,900.0,35.0,data/polished_dataset/forward/35degree/1500rpm/1500.0rpm900.0Nm35.0deg.csv,1247331,a207318f05f7ba33190604f3326e4c5d39d6312bcc4fe685eb8af57a19d89660
speed_1500rpm__torque_1000Nm__temperature_30degC,validation,Fw,1500.0,1000.0,30.0,data/polished_dataset/forward/30degree/1500rpm/1500.0rpm1000.0Nm30.0deg.csv,1214878,b3c2c9945f1b44459b2474158b5c2e385522b22fbce18ef7611a284dd060316a
speed_1500rpm__torque_1100Nm__temperature_25degC,validation,Fw,1500.0,1100.0,25.0,data/polished_dataset/forward/25degree/1500rpm/1500.0rpm1100.0Nm25.0deg.csv,1227087,8ae4d1072fefbd57955ae52d3051c9f6711a4bd409059849973316dbd7829cf1
speed_1500rpm__torque_1100Nm__temperature_35degC,validation,Fw,1500.0,1100.0,35.0,data/polished_dataset/forward/35degree/1500rpm/1500.0rpm1100.0Nm35.0deg.csv,1240868,2e4d118426420daa361f07395d67d18887999f03ef6d83be201fb3aa015ffca1
speed_1500rpm__torque_1200Nm__temperature_30degC,validation,Fw,1500.0,1200.0,30.0,data/polished_dataset/forward/30degree/1500rpm/1500.0rpm1200.0Nm30.0deg.csv,1226690,859b25af8ae58bdc0fd41db98a42b03d71fe9db10c5b24b6c66bf31a151160f6
speed_1500rpm__torque_1300Nm__temperature_25degC,validation,Fw,1500.0,1300.0,25.0,data/polished_dataset/forward/25degree/1500rpm/1500.0rpm1300.0Nm25.0deg.csv,1219232,63b4e7bc130820ac5893dcd6846b9503201d2217d58d71dce2fb5bdc9ab4080c
speed_1500rpm__torque_1400Nm__temperature_25degC,validation,Fw,1500.0,1400.0,25.0,data/polished_dataset/forward/25degree/1500rpm/1500.0rpm1400.0Nm25.0deg.csv,1218800,d76e6d3745585d51feffdc43ac1b74af46c7050a706b321a513f0189171b6d13
speed_1500rpm__torque_1400Nm__temperature_30degC,validation,Fw,1500.0,1400.0,30.0,data/polished_dataset/forward/30degree/1500rpm/1500.0rpm1400.0Nm30.0deg.csv,1252183,bc50184f8eaed92b350fddcd1d39eaa788cb9156cd8aeefaa291c38d0fdc5132
speed_1500rpm__torque_1600Nm__temperature_25degC,validation,Fw,1500.0,1600.0,25.0,data/polished_dataset/forward/25degree/1500rpm/1500.0rpm1600.0Nm25.0deg.csv,1217306,2733d518553d3d966f43a700f47c4c46918d14d16bfdf2944dbfd65d67788e80
speed_1500rpm__torque_1600Nm__temperature_30degC,validation,Fw,1500.0,1600.0,30.0,data/polished_dataset/forward/30degree/1500rpm/1500.0rpm1600.0Nm30.0deg.csv,1223512,8796bd306f545e8acd853b27bd9434e74ef75994e1bc7f70f01dce14378a00e6
speed_1500rpm__torque_1700Nm__temperature_25degC,validation,Fw,1500.0,1700.0,25.0,data/polished_dataset/forward/25degree/1500rpm/1500.0rpm1700.0Nm25.0deg.csv,1222398,b0eeae921bd28a7b991d9ed5f03585d4074c9e818223b152a96e811754ba1b47
speed_1500rpm__torque_1700Nm__temperature_30degC,validation,Fw,1500.0,1700.0,30.0,data/polished_dataset/forward/30degree/1500rpm/1500.0rpm1700.0Nm30.0deg.csv,1209704,bd8bf86ec3121e989db733e3b837253a490a3a85c94f296554152341e6b0d679
speed_1500rpm__torque_1800Nm__temperature_30degC,validation,Fw,1500.0,1800.0,30.0,data/polished_dataset/forward/30degree/1500rpm/1500.0rpm1800.0Nm30.0deg.csv,1224540,1b284f7cbc7873ffce41ed7e590d3fff0bd0e4bb181cbf10119a70c050d29c1a
speed_1500rpm__torque_1800Nm__temperature_35degC,validation,Fw,1500.0,1800.0,35.0,data/polished_dataset/forward/35degree/1500rpm/1500.0rpm1800.0Nm35.0deg.csv,1242455,e11f43843843817f35c9dd0800798877bd26f7fa1977e0608393f7a5a25b7750
speed_1600rpm__torque_200Nm__temperature_30degC,validation,Fw,1600.0,200.0,30.0,data/polished_dataset/forward/30degree/1600rpm/1600.0rpm200.0Nm30.0deg.csv,1154581,9b51243b9f7a4c9aa428ecf39b2fe23fcac51f6edbf762c21a465d8cd9f0d641
speed_1600rpm__torque_300Nm__temperature_30degC,validation,Fw,1600.0,300.0,30.0,data/polished_dataset/forward/30degree/1600rpm/1600.0rpm300.0Nm30.0deg.csv,1149785,3f061e7746060cc89f8a75841c9ddb03bcde17d7bed8a1457eed289ee1dd2ac5
speed_1600rpm__torque_300Nm__temperature_35degC,validation,Fw,1600.0,300.0,35.0,data/polished_dataset/forward/35degree/1600rpm/1600.0rpm300.0Nm35.0deg.csv,1167968,af64a1e95899b00e96ec581d6e92f2feb42a91d277b3447402b89ff29612bac2
speed_1600rpm__torque_400Nm__temperature_25degC,validation,Fw,1600.0,400.0,25.0,data/polished_dataset/forward/25degree/1600rpm/1600.0rpm400.0Nm25.0deg.csv,1149392,22e91f7b5e6e5ceb8da91ca908c9e7cae56b115caebf99d4566189dbe8a1ada2
speed_1600rpm__torque_400Nm__temperature_30degC,validation,Fw,1600.0,400.0,30.0,data/polished_dataset/forward/30degree/1600rpm/1600.0rpm400.0Nm30.0deg.csv,1150564,748d849708c10fa19a947c8cb25f43adb3e2bb64ac6f18dc528eb2ca910b1aa9
speed_1600rpm__torque_500Nm__temperature_30degC,validation,Fw,1600.0,500.0,30.0,data/polished_dataset/forward/30degree/1600rpm/1600.0rpm500.0Nm30.0deg.csv,1158536,e16275a9cd4f290352b890e6f6202f6b116baadf8a47011cc2c2adb6d929783b
speed_1600rpm__torque_500Nm__temperature_35degC,validation,Fw,1600.0,500.0,35.0,data/polished_dataset/forward/35degree/1600rpm/1600.0rpm500.0Nm35.0deg.csv,1166815,06c917ad4c3f46a99e9ad7c2960e2a59a543d371540f61e275fe41223f96006a
speed_1600rpm__torque_700Nm__temperature_30degC,validation,Fw,1600.0,700.0,30.0,data/polished_dataset/forward/30degree/1600rpm/1600.0rpm700.0Nm30.0deg.csv,1144798,590157eab54c6b9417d942dc288bc7b1698f5c813a896629e8a1da052b9461f2
speed_1600rpm__torque_800Nm__temperature_25degC,validation,Fw,1600.0,800.0,25.0,data/polished_dataset/forward/25degree/1600rpm/1600.0rpm800.0Nm25.0deg.csv,1162016,c83bc5056c39931b41f88ad0ce7c1766627110cab9036b42e4cf8151f74704f5
speed_1600rpm__torque_1300Nm__temperature_35degC,validation,Fw,1600.0,1300.0,35.0,data/polished_dataset/forward/35degree/1600rpm/1600.0rpm1300.0Nm35.0deg.csv,1162355,0debfe6ef4dfbef448902fce8a6bebe36998b1a296324f7e1c235d664df36565
speed_1600rpm__torque_1700Nm__temperature_30degC,validation,Fw,1600.0,1700.0,30.0,data/polished_dataset/forward/30degree/1600rpm/1600.0rpm1700.0Nm30.0deg.csv,1130400,79093c61f7409742594de685cee0294678147620a19b0c036db222c4c6ffff43
speed_1700rpm__torque_0Nm__temperature_25degC,validation,Fw,1700.0,0.0,25.0,data/polished_dataset/forward/25degree/1700rpm/1700.0rpm0.0Nm25.0deg.csv,1079240,bb5f331df89990e5901a24c9d1c502021c34b9862557a1923142095547a68982
speed_1700rpm__torque_200Nm__temperature_25degC,validation,Fw,1700.0,200.0,25.0,data/polished_dataset/forward/25degree/1700rpm/1700.0rpm200.0Nm25.0deg.csv,1077021,9d49600ecc3dfb09d9673650c7342e0d26c8eb524010f129d70d0f2c23d14a0d
speed_1700rpm__torque_200Nm__temperature_35degC,validation,Fw,1700.0,200.0,35.0,data/polished_dataset/forward/35degree/1700rpm/1700.0rpm200.0Nm35.0deg.csv,1092394,11ace77c7f4d46b632e381be2d21e2dd448af41a35d1185db968d7bd6906083d
speed_1700rpm__torque_300Nm__temperature_25degC,validation,Fw,1700.0,300.0,25.0,data/polished_dataset/forward/25degree/1700rpm/1700.0rpm300.0Nm25.0deg.csv,1081703,05e5016f3dc929d6085421c2b05c14b4ec21c78a42fe9308a66016400973ca39
speed_1700rpm__torque_300Nm__temperature_35degC,validation,Fw,1700.0,300.0,35.0,data/polished_dataset/forward/35degree/1700rpm/1700.0rpm300.0Nm35.0deg.csv,1101193,f8b9c469584c2e6ef56e435a354130c6d7926ee67ec4092be29717b35b87711e
speed_1700rpm__torque_600Nm__temperature_25degC,validation,Fw,1700.0,600.0,25.0,data/polished_dataset/forward/25degree/1700rpm/1700.0rpm600.0Nm25.0deg.csv,1083687,d73049228bcbe4a2befbca4cf66f1693f33934d20bd341e4e04adcb128d0e2cb
speed_1700rpm__torque_700Nm__temperature_30degC,validation,Fw,1700.0,700.0,30.0,data/polished_dataset/forward/30degree/1700rpm/1700.0rpm700.0Nm30.0deg.csv,1094019,4699aa305cdc38d037a74b41aae0e055f5d30bb6375994727c54533b90bb40e7
speed_1700rpm__torque_1100Nm__temperature_30degC,validation,Fw,1700.0,1100.0,30.0,data/polished_dataset/forward/30degree/1700rpm/1700.0rpm1100.0Nm30.0deg.csv,1073602,2a4338b7fff58d0c027dc5e190ad9af9f2e02643782b65bf2216bb2cac371600
speed_1700rpm__torque_1300Nm__temperature_35degC,validation,Fw,1700.0,1300.0,35.0,data/polished_dataset/forward/35degree/1700rpm/1700.0rpm1300.0Nm35.0deg.csv,1101275,ecea08fcafa7bc1e44e481b9ded11c2d15de3861229b8b2fa9a44d94d0c2145a
speed_1700rpm__torque_1400Nm__temperature_25degC,validation,Fw,1700.0,1400.0,25.0,data/polished_dataset/forward/25degree/1700rpm/1700.0rpm1400.0Nm25.0deg.csv,1073963,f481b0fa484262c2ef91d36b735f461ef981d9e00fcd205324ba30dfa01c6637
speed_1700rpm__torque_1700Nm__temperature_35degC,validation,Fw,1700.0,1700.0,35.0,data/polished_dataset/forward/35degree/1700rpm/1700.0rpm1700.0Nm35.0deg.csv,1093822,3665301850bc5064c7aadc62fbae881c2843f28fac84a1dd7235d3260105e6e5
speed_1800rpm__torque_0Nm__temperature_25degC,validation,Fw,1800.0,0.0,25.0,data/polished_dataset/forward/25degree/1800rpm/1800.0rpm0.0Nm25.0deg.csv,1018775,45d7c6551498431d6de3affe446f13d96d066207e7aca9b04b8e1a4804847b43
speed_1800rpm__torque_0Nm__temperature_35degC,validation,Fw,1800.0,0.0,35.0,data/polished_dataset/forward/35degree/1800rpm/1800.0rpm0.0Nm35.0deg.csv,1042109,55da9fceea031201f6657de670665e0a7cb9802ceda93d12b079533dba4060a5
speed_1800rpm__torque_200Nm__temperature_25degC,validation,Fw,1800.0,200.0,25.0,data/polished_dataset/forward/25degree/1800rpm/1800.0rpm200.0Nm25.0deg.csv,1019998,4243ec62c3967d4dddd3cecb5eee442be143475dfa97cc2cacdaf65be042f695
speed_1800rpm__torque_400Nm__temperature_35degC,validation,Fw,1800.0,400.0,35.0,data/polished_dataset/forward/35degree/1800rpm/1800.0rpm400.0Nm35.0deg.csv,1044229,7e8c21f923d627c4341e4d34397cba53b298c595269792a1295585da54e261f4
speed_1800rpm__torque_600Nm__temperature_25degC,validation,Fw,1800.0,600.0,25.0,data/polished_dataset/forward/25degree/1800rpm/1800.0rpm600.0Nm25.0deg.csv,1023993,4e44588f53f8514606cbd2de05395ee188d1388aa5a128e9a0254a6c5eec05e9
speed_1800rpm__torque_1000Nm__temperature_35degC,validation,Fw,1800.0,1000.0,35.0,data/polished_dataset/forward/35degree/1800rpm/1800.0rpm1000.0Nm35.0deg.csv,1033006,1338ad0461cc21ddc66f6961803f373bf25682366b8d9545b26560b0c79d2896
speed_1800rpm__torque_1200Nm__temperature_35degC,validation,Fw,1800.0,1200.0,35.0,data/polished_dataset/forward/35degree/1800rpm/1800.0rpm1200.0Nm35.0deg.csv,1039086,2c91094d367afbd119266e13cf457640d34284f90b4f3d29863243a377a1b5f7
speed_1800rpm__torque_1300Nm__temperature_35degC,validation,Fw,1800.0,1300.0,35.0,data/polished_dataset/forward/35degree/1800rpm/1800.0rpm1300.0Nm35.0deg.csv,1037907,1b8bd84bfeeab368ea557d87a1bfeac8714e005f88dd6a8dbf7334f89115f0f1
speed_1800rpm__torque_1400Nm__temperature_35degC,validation,Fw,1800.0,1400.0,35.0,data/polished_dataset/forward/35degree/1800rpm/1800.0rpm1400.0Nm35.0deg.csv,1035602,c05707919e8a5d4e72e7b9014ccd5614117ad2b9693e09fef1344a4e5b92d141
speed_1800rpm__torque_1700Nm__temperature_30degC,validation,Fw,1800.0,1700.0,30.0,data/polished_dataset/forward/30degree/1800rpm/1800.0rpm1700.0Nm30.0deg.csv,1015484,c783d1821916d2f32125ce51b1f6339050fc4925aeea8305a0b6fb860dad1ef8
speed_100rpm__torque_100Nm__temperature_30degC,test,Fw,100.0,100.0,30.0,data/polished_dataset/forward/30degree/100rpm/100.0rpm100.0Nm30.0deg.csv,18236401,9f8523c07f7fce165502e69840c62995e23c299212e139c16857f19ba0063e22
speed_100rpm__torque_100Nm__temperature_35degC,test,Fw,100.0,100.0,35.0,data/polished_dataset/forward/35degree/100rpm/100.0rpm100.0Nm35.0deg.csv,18706890,fcd7a3bc2a983555bdf610bffd17eb0d4a439b726692885d632c1c3f9a43a8de
speed_100rpm__torque_300Nm__temperature_30degC,test,Fw,100.0,300.0,30.0,data/polished_dataset/forward/30degree/100rpm/100.0rpm300.0Nm30.0deg.csv,18226917,73eaa3dd8a70740cf83f04488404870f949515328b9f0775853ab364f9b0fdfd
speed_100rpm__torque_400Nm__temperature_30degC,test,Fw,100.0,400.0,30.0,data/polished_dataset/forward/30degree/100rpm/100.0rpm400.0Nm30.0deg.csv,18265553,0801f5406a7987871f85d870296a1153b1f1a7ce286671e926934c322f57cbe5
speed_100rpm__torque_500Nm__temperature_35degC,test,Fw,100.0,500.0,35.0,data/polished_dataset/forward/35degree/100rpm/100.0rpm500.0Nm35.0deg.csv,18821839,b7569ea6d137b374b829eb9a62696945167c8db9efca4168cb03e332ef27c265
speed_100rpm__torque_600Nm__temperature_35degC,test,Fw,100.0,600.0,35.0,data/polished_dataset/forward/35degree/100rpm/100.0rpm600.0Nm35.0deg.csv,18774968,8687a4666fd49e2c3c96cd06ccbe2f5df4a2f1f00c67448c7cef8ac50b0748c4
speed_100rpm__torque_900Nm__temperature_35degC,test,Fw,100.0,900.0,35.0,data/polished_dataset/forward/35degree/100rpm/100.0rpm900.0Nm35.0deg.csv,18837241,0033ad844cd1aa016954b2fdd0f14fd63408814079fb466073c1fded308fef87
speed_100rpm__torque_1000Nm__temperature_30degC,test,Fw,100.0,1000.0,30.0,data/polished_dataset/forward/30degree/100rpm/100.0rpm1000.0Nm30.0deg.csv,18188925,a4d7c6376cb9884a5c9d570ade6c25fefd677c642859992190fcebae65672b8a
speed_100rpm__torque_1100Nm__temperature_30degC,test,Fw,100.0,1100.0,30.0,data/polished_dataset/forward/30degree/100rpm/100.0rpm1100.0Nm30.0deg.csv,18248715,ef0f0c99b5ceecb1a1393acff3746596639704faad52e1747e5ca8949889720b
speed_200rpm__torque_100Nm__temperature_30degC,test,Fw,200.0,100.0,30.0,data/polished_dataset/forward/30degree/200rpm/200.0rpm100.0Nm30.0deg.csv,9120208,aeb73d7800aeb45dabbce1f102eac5144b47ac955e0ffcc81925c3cf49093b72
speed_200rpm__torque_200Nm__temperature_30degC,test,Fw,200.0,200.0,30.0,data/polished_dataset/forward/30degree/200rpm/200.0rpm200.0Nm30.0deg.csv,9144675,b6d185d5f0ef690d519e071be20639621892b3299ec30f84a7b740dca6286d85
speed_200rpm__torque_300Nm__temperature_25degC,test,Fw,200.0,300.0,25.0,data/polished_dataset/forward/25degree/200rpm/200.0rpm300.0Nm25.0deg.csv,9224236,ccfc4b3b8f034b4c74e140e720c84c4ddaa8b374ed5ed038f133eb7fbd25ecfa
speed_200rpm__torque_900Nm__temperature_25degC,test,Fw,200.0,900.0,25.0,data/polished_dataset/forward/25degree/200rpm/200.0rpm900.0Nm25.0deg.csv,9221933,cf1fb3efcf453bb76a1aa33ade12bf3d78573d94a4f7489f3404e72c8d8ef24c
speed_300rpm__torque_100Nm__temperature_35degC,test,Fw,300.0,100.0,35.0,data/polished_dataset/forward/35degree/300rpm/300.0rpm100.0Nm35.0deg.csv,6223840,bb221e2820fbe2b7e0c22679a9f1ae20f2bef5034d8bfce633d5dc736df4c0aa
speed_300rpm__torque_200Nm__temperature_30degC,test,Fw,300.0,200.0,30.0,data/polished_dataset/forward/30degree/300rpm/300.0rpm200.0Nm30.0deg.csv,6169474,171fe7e0ce5c77ae7beb33aa520fbb14978c0af46a8f0b1ebbb87bdbe876fd87
speed_300rpm__torque_800Nm__temperature_25degC,test,Fw,300.0,800.0,25.0,data/polished_dataset/forward/25degree/300rpm/300.0rpm800.0Nm25.0deg.csv,6099724,87e4271290229748b3753f4ed22222cbc48eff494adbc30d02bec9580e1c6871
speed_300rpm__torque_1000Nm__temperature_25degC,test,Fw,300.0,1000.0,25.0,data/polished_dataset/forward/25degree/300rpm/300.0rpm1000.0Nm25.0deg.csv,6098023,8f42a76d094047852e6f80413faead60143a9e3f40a03d5e3e553186228dc878
speed_400rpm__torque_0Nm__temperature_30degC,test,Fw,400.0,0.0,30.0,data/polished_dataset/forward/30degree/400rpm/400.0rpm0.0Nm30.0deg.csv,4574051,4059349ae7d7c78d7a9a0f8f2be9137c3247aa26016ccf5cf7b91090da4580f9
speed_400rpm__torque_300Nm__temperature_25degC,test,Fw,400.0,300.0,25.0,data/polished_dataset/forward/25degree/400rpm/400.0rpm300.0Nm25.0deg.csv,4593808,3bc5491e2d94b003fb08eaa130457e5f9bec8b9cbc4a4177f84ef80eb3c95887
speed_400rpm__torque_400Nm__temperature_25degC,test,Fw,400.0,400.0,25.0,data/polished_dataset/forward/25degree/400rpm/400.0rpm400.0Nm25.0deg.csv,4611338,3e61b768da7c296c0503ab661062caac83c6fd3a1ccaab752b25cf417363d6d1
speed_400rpm__torque_600Nm__temperature_35degC,test,Fw,400.0,600.0,35.0,data/polished_dataset/forward/35degree/400rpm/400.0rpm600.0Nm35.0deg.csv,4702033,341ffd46d402e18762723127f319a7d4465f6dfc39769ee899c6171f678f8548
speed_400rpm__torque_700Nm__temperature_25degC,test,Fw,400.0,700.0,25.0,data/polished_dataset/forward/25degree/400rpm/400.0rpm700.0Nm25.0deg.csv,4610355,a6bfb86eb55b01210726d11fe01630e256c2a9c0ec59731b10102493fdb5bfd6
speed_400rpm__torque_700Nm__temperature_30degC,test,Fw,400.0,700.0,30.0,data/polished_dataset/forward/30degree/400rpm/400.0rpm700.0Nm30.0deg.csv,4571975,f5ed1661e11bcd4ea61343c1bb66c76328c2dae5ca3a69219a4881545808b4ce
speed_400rpm__torque_900Nm__temperature_30degC,test,Fw,400.0,900.0,30.0,data/polished_dataset/forward/30degree/400rpm/400.0rpm900.0Nm30.0deg.csv,4607719,1ca35d017953612ab5b2e692988ebfabbb42e7a29f75f09a7536c0124ec2f702
speed_400rpm__torque_1000Nm__temperature_25degC,test,Fw,400.0,1000.0,25.0,data/polished_dataset/forward/25degree/400rpm/400.0rpm1000.0Nm25.0deg.csv,4544915,85f2bafb6ce152a689020649dc46f100c07a047ab2ac9ed6520742ca470423ff
speed_400rpm__torque_1400Nm__temperature_25degC,test,Fw,400.0,1400.0,25.0,data/polished_dataset/forward/25degree/400rpm/400.0rpm1400.0Nm25.0deg.csv,4573461,4afe31024a9f792f1421e6fd518386341974d52745a779a74f85c75d892179c9
speed_400rpm__torque_1600Nm__temperature_35degC,test,Fw,400.0,1600.0,35.0,data/polished_dataset/forward/35degree/400rpm/400.0rpm1600.0Nm35.0deg.csv,4662029,1a1da03acecb87bf958b335fc864cd47e859f2c731b99e7dfe82ea9d024eb9d9
speed_500rpm__torque_300Nm__temperature_35degC,test,Fw,500.0,300.0,35.0,data/polished_dataset/forward/35degree/500rpm/500.0rpm300.0Nm35.0deg.csv,3750985,5f910daf230997e7c580afe95c0e57832aaaf4b9546c0a67e75a76907e92bbc3
speed_500rpm__torque_700Nm__temperature_25degC,test,Fw,500.0,700.0,25.0,data/polished_dataset/forward/25degree/500rpm/500.0rpm700.0Nm25.0deg.csv,3685521,cebc92195a13b56fdbfb3efb8ae2abd4897b6cf5be514dafcd52abdfabf8b2f6
speed_500rpm__torque_900Nm__temperature_30degC,test,Fw,500.0,900.0,30.0,data/polished_dataset/forward/30degree/500rpm/500.0rpm900.0Nm30.0deg.csv,3691521,dad80cc35aa7bd1d61c872411ea05dca64769f58348b1c4199e3c4af24d6d4f9
speed_500rpm__torque_1200Nm__temperature_25degC,test,Fw,500.0,1200.0,25.0,data/polished_dataset/forward/25degree/500rpm/500.0rpm1200.0Nm25.0deg.csv,3692530,a52571645b93d3df98e452963ea8d8720e93c215916cb2cdf33ca715d8b4d139
speed_500rpm__torque_1400Nm__temperature_35degC,test,Fw,500.0,1400.0,35.0,data/polished_dataset/forward/35degree/500rpm/500.0rpm1400.0Nm35.0deg.csv,3704190,8313ee2451c0ab8a6370ffb5919d1bb603062a9c298683c86407aba6919a1c52
speed_500rpm__torque_1600Nm__temperature_30degC,test,Fw,500.0,1600.0,30.0,data/polished_dataset/forward/30degree/500rpm/500.0rpm1600.0Nm30.0deg.csv,3748968,fede7ec7c540daf79ad074a41203ec271020e87ee359cf64bc535b8c4f0f38f8
speed_500rpm__torque_1700Nm__temperature_25degC,test,Fw,500.0,1700.0,25.0,data/polished_dataset/forward/25degree/500rpm/500.0rpm1700.0Nm25.0deg.csv,3686633,64257ac16477c46182051c9182649a45885caa25a9c886bcda62d459087d9edc
speed_600rpm__torque_100Nm__temperature_30degC,test,Fw,600.0,100.0,30.0,data/polished_dataset/forward/30degree/600rpm/600.0rpm100.0Nm30.0deg.csv,3045112,eaf1ded100bd316ce50ba125cae2f29443d602e762c09d61dcab54c12f8e7fc0
speed_600rpm__torque_100Nm__temperature_35degC,test,Fw,600.0,100.0,35.0,data/polished_dataset/forward/35degree/600rpm/600.0rpm100.0Nm35.0deg.csv,3112622,331f37027f3d34cecab7653deb852b27b7c8bc4c7aab4d6928c321ffd7888515
speed_600rpm__torque_200Nm__temperature_35degC,test,Fw,600.0,200.0,35.0,data/polished_dataset/forward/35degree/600rpm/600.0rpm200.0Nm35.0deg.csv,3122835,a1bae5cf6ca7b77f4c4f76a0fb7ddced03ccfff65f9ee4836efb42cb95826709
speed_600rpm__torque_500Nm__temperature_30degC,test,Fw,600.0,500.0,30.0,data/polished_dataset/forward/30degree/600rpm/600.0rpm500.0Nm30.0deg.csv,3065711,c0d47aa3ea71c799f3af7b6e51d5fd83376f041a40d1512abe05b2e37fec41de
speed_600rpm__torque_500Nm__temperature_35degC,test,Fw,600.0,500.0,35.0,data/polished_dataset/forward/35degree/600rpm/600.0rpm500.0Nm35.0deg.csv,3121885,79bb7f6c004b590e48b0632123cc5c4e50fccabe3add28594cc472ce85df9ae4
speed_600rpm__torque_700Nm__temperature_35degC,test,Fw,600.0,700.0,35.0,data/polished_dataset/forward/35degree/600rpm/600.0rpm700.0Nm35.0deg.csv,3134238,63930292f1f21ce3753f03245bd8df56d1942e752fadd8a83c9d36220ae3cb1a
speed_600rpm__torque_1000Nm__temperature_30degC,test,Fw,600.0,1000.0,30.0,data/polished_dataset/forward/30degree/600rpm/600.0rpm1000.0Nm30.0deg.csv,3048929,8f23e68ff5b4a9dc244e7ec335e544e629e76cfaf535ffa112a6a74a123b812a
speed_600rpm__torque_1300Nm__temperature_30degC,test,Fw,600.0,1300.0,30.0,data/polished_dataset/forward/30degree/600rpm/600.0rpm1300.0Nm30.0deg.csv,3067678,c791c38c84934eddf64bea27001760c784071c21300d93427500c2de0e4d1598
speed_600rpm__torque_1700Nm__temperature_25degC,test,Fw,600.0,1700.0,25.0,data/polished_dataset/forward/25degree/600rpm/600.0rpm1700.0Nm25.0deg.csv,3043084,2d13409baee2fabd9a54036fcc0e9fe8fc31ee9035b1eb009edede7d26762870
speed_700rpm__torque_200Nm__temperature_30degC,test,Fw,700.0,200.0,30.0,data/polished_dataset/forward/30degree/700rpm/700.0rpm200.0Nm30.0deg.csv,2600091,2c35de268ee44768d5dd4945e42939e18ca7ec97c509a2c54f0e26446815cb75
speed_700rpm__torque_700Nm__temperature_35degC,test,Fw,700.0,700.0,35.0,data/polished_dataset/forward/35degree/700rpm/700.0rpm700.0Nm35.0deg.csv,2674703,d655da9884f116ff4fe552c304826f85e2e1aefe94eb393d943ed81e1d54e876
speed_700rpm__torque_1000Nm__temperature_25degC,test,Fw,700.0,1000.0,25.0,data/polished_dataset/forward/25degree/700rpm/700.0rpm1000.0Nm25.0deg.csv,2599341,6788164feeacd2b2867cf4471d487c2a6a7ad5e2ed6fc4bef19030aab754ddc5
speed_700rpm__torque_1200Nm__temperature_35degC,test,Fw,700.0,1200.0,35.0,data/polished_dataset/forward/35degree/700rpm/700.0rpm1200.0Nm35.0deg.csv,2674507,32b7e293a47a6dccfc91545b13302aeb4b51504427934d24ce8d41d5520958b2
speed_700rpm__torque_1400Nm__temperature_30degC,test,Fw,700.0,1400.0,30.0,data/polished_dataset/forward/30degree/700rpm/700.0rpm1400.0Nm30.0deg.csv,2638286,2e74091d17d5db0e358e5f659bdc3c8e2b85622c321ed9eae68f0ac8048e981a
speed_700rpm__torque_1600Nm__temperature_35degC,test,Fw,700.0,1600.0,35.0,data/polished_dataset/forward/35degree/700rpm/700.0rpm1600.0Nm35.0deg.csv,2674986,9c2504714cab9e0fdc25f367f5ef7a8ff8f90d11af0722622db876d24037b0cd
speed_700rpm__torque_1800Nm__temperature_30degC,test,Fw,700.0,1800.0,30.0,data/polished_dataset/forward/30degree/700rpm/700.0rpm1800.0Nm30.0deg.csv,2660945,eb0aebb418a3ae329e9489654feedab3d501d2b3b612a41226ab49c40ddb3169
speed_800rpm__torque_0Nm__temperature_35degC,test,Fw,800.0,0.0,35.0,data/polished_dataset/forward/35degree/800rpm/800.0rpm0.0Nm35.0deg.csv,2348641,d86a16874b238fa8c6bb30e146193f82a0e1488ac91b51cbb87b60c52eea8e59
speed_800rpm__torque_100Nm__temperature_35degC,test,Fw,800.0,100.0,35.0,data/polished_dataset/forward/35degree/800rpm/800.0rpm100.0Nm35.0deg.csv,2324657,068c6e6f7d9f7d4de7e754a8ea0165b9689194b6329b648784185edf76a5ca88
speed_800rpm__torque_600Nm__temperature_25degC,test,Fw,800.0,600.0,25.0,data/polished_dataset/forward/25degree/800rpm/800.0rpm600.0Nm25.0deg.csv,2310407,f9e8b58d0fa83e54827e1cf9ffc4817f70cc88710a61fb97e3e45b59fc062147
speed_800rpm__torque_800Nm__temperature_35degC,test,Fw,800.0,800.0,35.0,data/polished_dataset/forward/35degree/800rpm/800.0rpm800.0Nm35.0deg.csv,2354471,6566847f4e4c0eac552f71fb26bdc3dfd832186b127c32247d71d75a6462c4a8
speed_800rpm__torque_1200Nm__temperature_30degC,test,Fw,800.0,1200.0,30.0,data/polished_dataset/forward/30degree/800rpm/800.0rpm1200.0Nm30.0deg.csv,2332485,9dfe5426f8830be9751eb0ac753a19e16622c6010d3f42b8a3073a297ed0b16f
speed_800rpm__torque_1800Nm__temperature_35degC,test,Fw,800.0,1800.0,35.0,data/polished_dataset/forward/35degree/800rpm/800.0rpm1800.0Nm35.0deg.csv,2336792,54a0140949b676fe6acb448e208fc05d69bb4cca1ec52ca6eda0edb406b7cd5d
speed_900rpm__torque_0Nm__temperature_30degC,test,Fw,900.0,0.0,30.0,data/polished_dataset/forward/30degree/900rpm/900.0rpm0.0Nm30.0deg.csv,2032476,7907094334d4f3dbb340d7f4aa27bf7a479f823709ecea7a4c7c6979dd42e7ed
speed_900rpm__torque_100Nm__temperature_35degC,test,Fw,900.0,100.0,35.0,data/polished_dataset/forward/35degree/900rpm/900.0rpm100.0Nm35.0deg.csv,2079621,648f3bda9aa0ffc739944fdcc1d3b6466e06944b889318db88db78c10978404b
speed_900rpm__torque_700Nm__temperature_25degC,test,Fw,900.0,700.0,25.0,data/polished_dataset/forward/25degree/900rpm/900.0rpm700.0Nm25.0deg.csv,2030508,b3306092838bfb6ccbf419c6c175b829590c221dee8d9d10eb1f211ecde53a71
speed_900rpm__torque_1500Nm__temperature_35degC,test,Fw,900.0,1500.0,35.0,data/polished_dataset/forward/35degree/900rpm/900.0rpm1500.0Nm35.0deg.csv,2058670,c0cab3bcb720eb59418aca943deb69d5873ac88fcc3cf0694ac8f22e4cbceb0c
speed_1000rpm__torque_600Nm__temperature_30degC,test,Fw,1000.0,600.0,30.0,data/polished_dataset/forward/30degree/1000rpm/1000.0rpm600.0Nm30.0deg.csv,1850534,964f45996a25cc91c947415374f14c85db25ff46999991745e19183ce186fec9
speed_1000rpm__torque_900Nm__temperature_35degC,test,Fw,1000.0,900.0,35.0,data/polished_dataset/forward/35degree/1000rpm/1000.0rpm900.0Nm35.0deg.csv,1884060,58b4846039485eb4247ca562c49bf1fa2c798acbbb6ede24bc486ad48657ae9f
speed_1000rpm__torque_1400Nm__temperature_35degC,test,Fw,1000.0,1400.0,35.0,data/polished_dataset/forward/35degree/1000rpm/1000.0rpm1400.0Nm35.0deg.csv,1867644,230dda7ba666f9c44e92232959b6bb84673265157e85c2a3be85c3adf4a6d62a
speed_1000rpm__torque_1800Nm__temperature_30degC,test,Fw,1000.0,1800.0,30.0,data/polished_dataset/forward/30degree/1000rpm/1000.0rpm1800.0Nm30.0deg.csv,1815128,74d006788a6e387959985f967901f732075c05f5977de2a590a277128d7b6118
speed_1100rpm__torque_300Nm__temperature_25degC,test,Fw,1100.0,300.0,25.0,data/polished_dataset/forward/25degree/1100rpm/1100.0rpm300.0Nm25.0deg.csv,1669459,68fb5507c5b2bf160c1caa7a5e08027b7247e3d73b9fa2e615261c4a87b6269b
speed_1100rpm__torque_500Nm__temperature_30degC,test,Fw,1100.0,500.0,30.0,data/polished_dataset/forward/30degree/1100rpm/1100.0rpm500.0Nm30.0deg.csv,1668618,50bf867a5f7bba20451eb5aebae9127b2d4ac3b568226347662d01f834cfcc6b
speed_1100rpm__torque_800Nm__temperature_30degC,test,Fw,1100.0,800.0,30.0,data/polished_dataset/forward/30degree/1100rpm/1100.0rpm800.0Nm30.0deg.csv,1685108,940d04f2c58b39214c2638e73525b1e449d5e9614dec0d52f2da090a29a66bb9
speed_1100rpm__torque_1000Nm__temperature_30degC,test,Fw,1100.0,1000.0,30.0,data/polished_dataset/forward/30degree/1100rpm/1100.0rpm1000.0Nm30.0deg.csv,1677659,2acb34ee65c98be3c80604c8b73b5e25a77fd41fc4fe90318705d2ea91f25146
speed_1100rpm__torque_1200Nm__temperature_30degC,test,Fw,1100.0,1200.0,30.0,data/polished_dataset/forward/30degree/1100rpm/1100.0rpm1200.0Nm30.0deg.csv,1661192,ab9ab828c6f6e8ccf8986fa5b4db320360c8141664426c0581fe65a98045479a
speed_1100rpm__torque_1400Nm__temperature_35degC,test,Fw,1100.0,1400.0,35.0,data/polished_dataset/forward/35degree/1100rpm/1100.0rpm1400.0Nm35.0deg.csv,1697860,ec7da757619fd98f2d414649c51104c653997ce05b92d6d37835b9631d942e86
speed_1300rpm__torque_300Nm__temperature_25degC,test,Fw,1300.0,300.0,25.0,data/polished_dataset/forward/25degree/1300rpm/1300.0rpm300.0Nm25.0deg.csv,1414578,2fbfce970aa703c8f6576ec83752db8c6c1cfebb8240f0b39deb0688b774eb96
speed_1300rpm__torque_300Nm__temperature_35degC,test,Fw,1300.0,300.0,35.0,data/polished_dataset/forward/35degree/1300rpm/1300.0rpm300.0Nm35.0deg.csv,1450453,6f94971fc40533ec0e0e5a57a64cf2d1b1c012069a0fcb302aef93e20f1fad90
speed_1300rpm__torque_1100Nm__temperature_35degC,test,Fw,1300.0,1100.0,35.0,data/polished_dataset/forward/35degree/1300rpm/1300.0rpm1100.0Nm35.0deg.csv,1439506,99ae6dbe3e9062a1359a71820205d67450f29214abe9a6ec8844cc554c0eaac7
speed_1400rpm__torque_300Nm__temperature_25degC,test,Fw,1400.0,300.0,25.0,data/polished_dataset/forward/25degree/1400rpm/1400.0rpm300.0Nm25.0deg.csv,1316246,443de0f881605f88b98cf53df7318bfa822299e785016bfb245b4f6fd99821a3
speed_1400rpm__torque_600Nm__temperature_25degC,test,Fw,1400.0,600.0,25.0,data/polished_dataset/forward/25degree/1400rpm/1400.0rpm600.0Nm25.0deg.csv,1320602,91ab074e735dafeff20986fda0eab2e446fb396db1651bed295c0a70d6b9fbd7
speed_1400rpm__torque_800Nm__temperature_25degC,test,Fw,1400.0,800.0,25.0,data/polished_dataset/forward/25degree/1400rpm/1400.0rpm800.0Nm25.0deg.csv,1312160,9beaf51be2050bd49ee1946d8c44985ef740db1e503c94277cdc63d2a4a803f1
speed_1400rpm__torque_900Nm__temperature_30degC,test,Fw,1400.0,900.0,30.0,data/polished_dataset/forward/30degree/1400rpm/1400.0rpm900.0Nm30.0deg.csv,1346301,428bcd6925060b0cb5d8825ca87579de8da07f172580f9fa9f95f96351daadd7
speed_1500rpm__torque_200Nm__temperature_30degC,test,Fw,1500.0,200.0,30.0,data/polished_dataset/forward/30degree/1500rpm/1500.0rpm200.0Nm30.0deg.csv,1212853,6c7381d93999e6f61243cecd3f11158637176fe22fe7c4dd71a099dcfcff80e8
speed_1500rpm__torque_300Nm__temperature_25degC,test,Fw,1500.0,300.0,25.0,data/polished_dataset/forward/25degree/1500rpm/1500.0rpm300.0Nm25.0deg.csv,1242542,3d57c0855ac411cce6fd57985d20e193772e14058f7aec584d44f374af289854
speed_1500rpm__torque_800Nm__temperature_30degC,test,Fw,1500.0,800.0,30.0,data/polished_dataset/forward/30degree/1500rpm/1500.0rpm800.0Nm30.0deg.csv,1261008,1119773fc649b61830bfa715bd0b3be436af6fffdc420136adb6aa88f2d63c3d
speed_1500rpm__torque_1400Nm__temperature_35degC,test,Fw,1500.0,1400.0,35.0,data/polished_dataset/forward/35degree/1500rpm/1500.0rpm1400.0Nm35.0deg.csv,1247113,a2fbf7fe878ead825649f8c4eb48ec669dd544fbd71bde3d9a8171695c107a27
speed_1600rpm__torque_0Nm__temperature_25degC,test,Fw,1600.0,0.0,25.0,data/polished_dataset/forward/25degree/1600rpm/1600.0rpm0.0Nm25.0deg.csv,1145368,534d20dff25d932ff06b6b399e1dd8fbb089a93644a3ce116a9816b538531afb
speed_1600rpm__torque_0Nm__temperature_30degC,test,Fw,1600.0,0.0,30.0,data/polished_dataset/forward/30degree/1600rpm/1600.0rpm0.0Nm30.0deg.csv,1140749,9f71097ae694fcd685b3e2c27163016c0c14740863883102c70d84e6d8144118
speed_1600rpm__torque_600Nm__temperature_35degC,test,Fw,1600.0,600.0,35.0,data/polished_dataset/forward/35degree/1600rpm/1600.0rpm600.0Nm35.0deg.csv,1176914,2a7699e65ad24665577c0a6bc88692603fd27b09c2747182920922343d84350e
speed_1600rpm__torque_1600Nm__temperature_30degC,test,Fw,1600.0,1600.0,30.0,data/polished_dataset/forward/30degree/1600rpm/1600.0rpm1600.0Nm30.0deg.csv,1144774,a046da629ce57a1243957423fa588e86b8db5513549b310ee89f011179c82626
speed_1600rpm__torque_1700Nm__temperature_35degC,test,Fw,1600.0,1700.0,35.0,data/polished_dataset/forward/35degree/1600rpm/1600.0rpm1700.0Nm35.0deg.csv,1163716,bb7fd384b780d7b85b3d76a47ec06be6cd6deb289028484b330b7481a2294f3d
speed_1700rpm__torque_200Nm__temperature_30degC,test,Fw,1700.0,200.0,30.0,data/polished_dataset/forward/30degree/1700rpm/1700.0rpm200.0Nm30.0deg.csv,1103158,fc7bc118414cc50bbe3f5a7d3b23b9278f18690a3f315cd44137b538aae5c5d2
speed_1700rpm__torque_400Nm__temperature_30degC,test,Fw,1700.0,400.0,30.0,data/polished_dataset/forward/30degree/1700rpm/1700.0rpm400.0Nm30.0deg.csv,1081690,6f72c06bf790f9a50e58eb04f52d7ebff95a2c32badbda77658e15e7b88845fb
speed_1700rpm__torque_500Nm__temperature_35degC,test,Fw,1700.0,500.0,35.0,data/polished_dataset/forward/35degree/1700rpm/1700.0rpm500.0Nm35.0deg.csv,1104273,761644e612d9291b1f4b970af859f39cabeb82a06532740faead5e991a243b0a
speed_1700rpm__torque_800Nm__temperature_30degC,test,Fw,1700.0,800.0,30.0,data/polished_dataset/forward/30degree/1700rpm/1700.0rpm800.0Nm30.0deg.csv,1107156,483d2665655f0372635ca25bf1541f15556c66ee916eae106e7764341d3d4170
speed_1700rpm__torque_1200Nm__temperature_25degC,test,Fw,1700.0,1200.0,25.0,data/polished_dataset/forward/25degree/1700rpm/1700.0rpm1200.0Nm25.0deg.csv,1070456,92578ded856d9e94ee06f49e2d407d5df1bb9a5731a2759a089871884f11edcb
speed_1700rpm__torque_1600Nm__temperature_25degC,test,Fw,1700.0,1600.0,25.0,data/polished_dataset/forward/25degree/1700rpm/1700.0rpm1600.0Nm25.0deg.csv,1069307,774f121bb4af92a59d68dd468582ee7c0cf9653a9930c87faf61654b2e120727
speed_1700rpm__torque_1800Nm__temperature_35degC,test,Fw,1700.0,1800.0,35.0,data/polished_dataset/forward/35degree/1700rpm/1700.0rpm1800.0Nm35.0deg.csv,1094947,dac903e34e3b4dcfceab6ef85e127966e441b8e3d562d73d2e70d81f5fb6435a
speed_1800rpm__torque_200Nm__temperature_35degC,test,Fw,1800.0,200.0,35.0,data/polished_dataset/forward/35degree/1800rpm/1800.0rpm200.0Nm35.0deg.csv,1038514,6d9905cae77cf5f3076b74af80f903d45beb4f2a04536dc47c6a7a47869b6f30
speed_1800rpm__torque_600Nm__temperature_30degC,test,Fw,1800.0,600.0,30.0,data/polished_dataset/forward/30degree/1800rpm/1800.0rpm600.0Nm30.0deg.csv,1023264,7112995d0e40d51a7a5d083661559503d083553ff496fafbadec350c8296c291
speed_1800rpm__torque_700Nm__temperature_30degC,test,Fw,1800.0,700.0,30.0,data/polished_dataset/forward/30degree/1800rpm/1800.0rpm700.0Nm30.0deg.csv,1027160,a787ce52c3a4cd85833477ba064f4e58e675145b75c679c7c6d47f5e89c6650d
speed_1800rpm__torque_900Nm__temperature_35degC,test,Fw,1800.0,900.0,35.0,data/polished_dataset/forward/35degree/1800rpm/1800.0rpm900.0Nm35.0deg.csv,1037631,8d3bff3eea03ecdffdd462fe4b11808fecfe2c0ccb28ec2bb52be8fe509e61cd
