W0419 05:15:21.851000 22476 site-packages\torch\utils\flop_counter.py:29] triton not found; flop counting will not work for triton kernels
[INFO] Loading exact-paper config | config\paper_reimplementation\rcim_ml_compensation\exact_model_bank\campaigns\2026-04-19_track1_ert_residual_cellwise_closure_campaign\105_track1_ert_phase_162_closure_attempt_03.yaml
[INFO] Exact-paper output directory | output/validation_checks/paper_reimplementation_rcim_exact_model_bank/2026-04-19-05-15-22__track1_ert_phase_162_closure_attempt_03_campaign_run
[INFO] Building exact-paper dataset bundle
[INFO] Exact-paper dataset ready | rows=969 targets=1 families=1 scope_mode=phases_only
[INFO] Exact-paper target scope | kinds=phase harmonics=162 preview=fft_y_Fw_filtered_phase_162
[INFO] Exact-paper search settings | mode=paper_reference_grid_search grid_search_n_jobs=24 grid_search_verbose=2 grid_search_pre_dispatch=24 families=ERT
[INFO] Fitting family bank | ERT
[INFO] Family fit started | family=ERT estimator=ExtraTreesRegressor targets=1 threadpool_limit=1 joblib_cpu_limit=system_default os_cpu_count=32
[INFO] Family target scope | family=ERT kinds=phase harmonics=162 preview=fft_y_Fw_filtered_phase_162
[INFO] Grid search configured | family=ERT candidates=250 parameter_count=4 n_jobs=24 verbose=2 pre_dispatch=24
W0419 05:15:28.571000 22660 site-packages\torch\utils\flop_counter.py:29] triton not found; flop counting will not work for triton kernels
W0419 05:15:28.738000 37356 site-packages\torch\utils\flop_counter.py:29] triton not found; flop counting will not work for triton kernels
W0419 05:15:28.833000 38244 site-packages\torch\utils\flop_counter.py:29] triton not found; flop counting will not work for triton kernels
W0419 05:15:28.911000 30196 site-packages\torch\utils\flop_counter.py:29] triton not found; flop counting will not work for triton kernels
W0419 05:15:28.951000 34844 site-packages\torch\utils\flop_counter.py:29] triton not found; flop counting will not work for triton kernels
W0419 05:15:28.965000 34464 site-packages\torch\utils\flop_counter.py:29] triton not found; flop counting will not work for triton kernels
W0419 05:15:29.027000 17672 site-packages\torch\utils\flop_counter.py:29] triton not found; flop counting will not work for triton kernels
W0419 05:15:29.030000 17832 site-packages\torch\utils\flop_counter.py:29] triton not found; flop counting will not work for triton kernels
W0419 05:15:29.107000 29912 site-packages\torch\utils\flop_counter.py:29] triton not found; flop counting will not work for triton kernels
W0419 05:15:29.148000 35760 site-packages\torch\utils\flop_counter.py:29] triton not found; flop counting will not work for triton kernels
W0419 05:15:29.210000 34284 site-packages\torch\utils\flop_counter.py:29] triton not found; flop counting will not work for triton kernels
W0419 05:15:29.324000 22584 site-packages\torch\utils\flop_counter.py:29] triton not found; flop counting will not work for triton kernels
W0419 05:15:29.467000 23644 site-packages\torch\utils\flop_counter.py:29] triton not found; flop counting will not work for triton kernels
W0419 05:15:29.479000 23172 site-packages\torch\utils\flop_counter.py:29] triton not found; flop counting will not work for triton kernels
W0419 05:15:29.491000 33936 site-packages\torch\utils\flop_counter.py:29] triton not found; flop counting will not work for triton kernels
W0419 05:15:29.520000 34704 site-packages\torch\utils\flop_counter.py:29] triton not found; flop counting will not work for triton kernels
W0419 05:15:29.520000 17060 site-packages\torch\utils\flop_counter.py:29] triton not found; flop counting will not work for triton kernels
W0419 05:15:29.526000 36748 site-packages\torch\utils\flop_counter.py:29] triton not found; flop counting will not work for triton kernels
W0419 05:15:29.531000 6096 site-packages\torch\utils\flop_counter.py:29] triton not found; flop counting will not work for triton kernels
W0419 05:15:29.541000 12672 site-packages\torch\utils\flop_counter.py:29] triton not found; flop counting will not work for triton kernels
W0419 05:15:29.541000 14676 site-packages\torch\utils\flop_counter.py:29] triton not found; flop counting will not work for triton kernels
W0419 05:15:29.541000 15668 site-packages\torch\utils\flop_counter.py:29] triton not found; flop counting will not work for triton kernels
W0419 05:15:29.556000 13280 site-packages\torch\utils\flop_counter.py:29] triton not found; flop counting will not work for triton kernels
W0419 05:15:29.556000 31820 site-packages\torch\utils\flop_counter.py:29] triton not found; flop counting will not work for triton kernels
[CV] END estimator__criterion=squared_error, estimator__max_depth=14, estimator__min_samples_split=2, estimator__n_estimators=20; total time=   0.0s
[CV] END estimator__criterion=squared_error, estimator__max_depth=14, estimator__min_samples_split=2, estimator__n_estimators=100; total time=   0.0s
[CV] END estimator__criterion=squared_error, estimator__max_depth=14, estimator__min_samples_split=3, estimator__n_estimators=20; total time=   0.0s
[CV] END estimator__criterion=squared_error, estimator__max_depth=14, estimator__min_samples_split=3, estimator__n_estimators=20; total time=   0.0s
[CV] END estimator__criterion=squared_error, estimator__max_depth=14, estimator__min_samples_split=3, estimator__n_estimators=20; total time=   0.0s
[CV] END estimator__criterion=squared_error, estimator__max_depth=14, estimator__min_samples_split=3, estimator__n_estimators=40; total time=   0.0s
[CV] END estimator__criterion=squared_error, estimator__max_depth=14, estimator__min_samples_split=3, estimator__n_estimators=40; total time=   0.0s
[CV] END estimator__criterion=squared_error, estimator__max_depth=14, estimator__min_samples_split=3, estimator__n_estimators=60; total time=   0.0s
[CV] END estimator__criterion=squared_error, estimator__max_depth=14, estimator__min_samples_split=3, estimator__n_estimators=80; total time=   0.0s
[CV] END estimator__criterion=squared_error, estimator__max_depth=14, estimator__min_samples_split=4, estimator__n_estimators=20; total time=   0.0s
[CV] END estimator__criterion=squared_error, estimator__max_depth=14, estimator__min_samples_split=4, estimator__n_estimators=20; total time=   0.0s
[CV] END estimator__criterion=squared_error, estimator__max_depth=14, estimator__min_samples_split=4, estimator__n_estimators=40; total time=   0.0s
[CV] END estimator__criterion=squared_error, estimator__max_depth=14, estimator__min_samples_split=4, estimator__n_estimators=80; total time=   0.0s
[CV] END estimator__criterion=squared_error, estimator__max_depth=14, estimator__min_samples_split=5, estimator__n_estimators=40; total time=   0.0s
[CV] END estimator__criterion=squared_error, estimator__max_depth=14, estimator__min_samples_split=5, estimator__n_estimators=40; total time=   0.0s
[CV] END estimator__criterion=squared_error, estimator__max_depth=14, estimator__min_samples_split=6, estimator__n_estimators=20; total time=   0.0s
[CV] END estimator__criterion=squared_error, estimator__max_depth=14, estimator__min_samples_split=6, estimator__n_estimators=20; total time=   0.0s
[CV] END estimator__criterion=squared_error, estimator__max_depth=14, estimator__min_samples_split=6, estimator__n_estimators=60; total time=   0.0s
[CV] END estimator__criterion=squared_error, estimator__max_depth=14, estimator__min_samples_split=6, estimator__n_estimators=60; total time=   0.0s
[CV] END estimator__criterion=squared_error, estimator__max_depth=15, estimator__min_samples_split=3, estimator__n_estimators=20; total time=   0.0s
[CV] END estimator__criterion=squared_error, estimator__max_depth=15, estimator__min_samples_split=3, estimator__n_estimators=20; total time=   0.0s
[CV] END estimator__criterion=squared_error, estimator__max_depth=15, estimator__min_samples_split=3, estimator__n_estimators=20; total time=   0.0s
[CV] END estimator__criterion=squared_error, estimator__max_depth=15, estimator__min_samples_split=3, estimator__n_estimators=40; total time=   0.0s
[CV] END estimator__criterion=squared_error, estimator__max_depth=15, estimator__min_samples_split=5, estimator__n_estimators=100; total time=   0.0s
[CV] END estimator__criterion=squared_error, estimator__max_depth=15, estimator__min_samples_split=5, estimator__n_estimators=100; total time=   0.0s
[CV] END estimator__criterion=squared_error, estimator__max_depth=15, estimator__min_samples_split=5, estimator__n_estimators=100; total time=   0.0s
[CV] END estimator__criterion=squared_error, estimator__max_depth=15, estimator__min_samples_split=5, estimator__n_estimators=100; total time=   0.0s
[CV] END estimator__criterion=squared_error, estimator__max_depth=16, estimator__min_samples_split=6, estimator__n_estimators=20; total time=   0.0s
[CV] END estimator__criterion=squared_error, estimator__max_depth=16, estimator__min_samples_split=6, estimator__n_estimators=20; total time=   0.0s
[CV] END estimator__criterion=squared_error, estimator__max_depth=16, estimator__min_samples_split=6, estimator__n_estimators=20; total time=   0.0s
[CV] END estimator__criterion=squared_error, estimator__max_depth=16, estimator__min_samples_split=6, estimator__n_estimators=40; total time=   0.0s
[CV] END estimator__criterion=squared_error, estimator__max_depth=17, estimator__min_samples_split=2, estimator__n_estimators=40; total time=   0.0s
[CV] END estimator__criterion=squared_error, estimator__max_depth=17, estimator__min_samples_split=2, estimator__n_estimators=60; total time=   0.0s
[CV] END estimator__criterion=squared_error, estimator__max_depth=17, estimator__min_samples_split=2, estimator__n_estimators=60; total time=   0.0s
[CV] END estimator__criterion=squared_error, estimator__max_depth=17, estimator__min_samples_split=2, estimator__n_estimators=60; total time=   0.0s
[CV] END estimator__criterion=squared_error, estimator__max_depth=17, estimator__min_samples_split=6, estimator__n_estimators=40; total time=   0.0s
[CV] END estimator__criterion=squared_error, estimator__max_depth=17, estimator__min_samples_split=6, estimator__n_estimators=60; total time=   0.0s
[CV] END estimator__criterion=squared_error, estimator__max_depth=17, estimator__min_samples_split=6, estimator__n_estimators=60; total time=   0.0s
[CV] END estimator__criterion=squared_error, estimator__max_depth=17, estimator__min_samples_split=6, estimator__n_estimators=60; total time=   0.0s
[CV] END estimator__criterion=squared_error, estimator__max_depth=18, estimator__min_samples_split=4, estimator__n_estimators=40; total time=   0.0s
[CV] END estimator__criterion=squared_error, estimator__max_depth=18, estimator__min_samples_split=4, estimator__n_estimators=40; total time=   0.0s
[CV] END estimator__criterion=squared_error, estimator__max_depth=18, estimator__min_samples_split=4, estimator__n_estimators=40; total time=   0.0s
[CV] END estimator__criterion=squared_error, estimator__max_depth=18, estimator__min_samples_split=4, estimator__n_estimators=40; total time=   0.0s
[CV] END estimator__criterion=squared_error, estimator__max_depth=18, estimator__min_samples_split=6, estimator__n_estimators=100; total time=   0.0s
[CV] END estimator__criterion=squared_error, estimator__max_depth=18, estimator__min_samples_split=6, estimator__n_estimators=100; total time=   0.0s
[CV] END estimator__criterion=squared_error, estimator__max_depth=18, estimator__min_samples_split=6, estimator__n_estimators=100; total time=   0.0s
[CV] END estimator__criterion=squared_error, estimator__max_depth=18, estimator__min_samples_split=6, estimator__n_estimators=100; total time=   0.0s
[CV] END estimator__criterion=absolute_error, estimator__max_depth=14, estimator__min_samples_split=6, estimator__n_estimators=60; total time=   0.2s
[CV] END estimator__criterion=absolute_error, estimator__max_depth=14, estimator__min_samples_split=6, estimator__n_estimators=60; total time=   0.2s
[CV] END estimator__criterion=absolute_error, estimator__max_depth=14, estimator__min_samples_split=6, estimator__n_estimators=60; total time=   0.1s
[CV] END estimator__criterion=absolute_error, estimator__max_depth=14, estimator__min_samples_split=6, estimator__n_estimators=60; total time=   0.2s
[CV] END estimator__criterion=absolute_error, estimator__max_depth=14, estimator__min_samples_split=6, estimator__n_estimators=80; total time=   0.3s
[CV] END estimator__criterion=absolute_error, estimator__max_depth=14, estimator__min_samples_split=6, estimator__n_estimators=80; total time=   0.2s
[CV] END estimator__criterion=absolute_error, estimator__max_depth=14, estimator__min_samples_split=6, estimator__n_estimators=80; total time=   0.3s
[CV] END estimator__criterion=absolute_error, estimator__max_depth=14, estimator__min_samples_split=6, estimator__n_estimators=80; total time=   0.2s[CV] END estimator__criterion=squared_error, estimator__max_depth=14, estimator__min_samples_split=2, estimator__n_estimators=20; total time=   0.0s
[CV] END estimator__criterion=squared_error, estimator__max_depth=14, estimator__min_samples_split=3, estimator__n_estimators=20; total time=   0.0s
[CV] END estimator__criterion=squared_error, estimator__max_depth=14, estimator__min_samples_split=3, estimator__n_estimators=20; total time=   0.0s
[CV] END estimator__criterion=squared_error, estimator__max_depth=14, estimator__min_samples_split=3, estimator__n_estimators=40; total time=   0.0s
[CV] END estimator__criterion=squared_error, estimator__max_depth=14, estimator__min_samples_split=3, estimator__n_estimators=40; total time=   0.0s
[CV] END estimator__criterion=squared_error, estimator__max_depth=14, estimator__min_samples_split=3, estimator__n_estimators=60; total time=   0.0s
[CV] END estimator__criterion=squared_error, estimator__max_depth=14, estimator__min_samples_split=3, estimator__n_estimators=80; total time=   0.0s
[CV] END estimator__criterion=squared_error, estimator__max_depth=14, estimator__min_samples_split=4, estimator__n_estimators=20; total time=   0.0s
[CV] END estimator__criterion=squared_error, estimator__max_depth=14, estimator__min_samples_split=4, estimator__n_estimators=40; total time=   0.0s
[CV] END estimator__criterion=squared_error, estimator__max_depth=14, estimator__min_samples_split=4, estimator__n_estimators=60; total time=   0.0s
[CV] END estimator__criterion=squared_error, estimator__max_depth=14, estimator__min_samples_split=4, estimator__n_estimators=100; total time=   0.0s
[CV] END estimator__criterion=squared_error, estimator__max_depth=14, estimator__min_samples_split=5, estimator__n_estimators=20; total time=   0.0s
[CV] END estimator__criterion=squared_error, estimator__max_depth=14, estimator__min_samples_split=6, estimator__n_estimators=20; total time=   0.0s
[CV] END estimator__criterion=squared_error, estimator__max_depth=14, estimator__min_samples_split=6, estimator__n_estimators=40; total time=   0.0s
[CV] END estimator__criterion=squared_error, estimator__max_depth=14, estimator__min_samples_split=6, estimator__n_estimators=80; total time=   0.0s
[CV] END estimator__criterion=squared_error, estimator__max_depth=14, estimator__min_samples_split=6, estimator__n_estimators=80; total time=   0.0s
[CV] END estimator__criterion=squared_error, estimator__max_depth=15, estimator__min_samples_split=4, estimator__n_estimators=80; total time=   0.0s
[CV] END estimator__criterion=squared_error, estimator__max_depth=15, estimator__min_samples_split=4, estimator__n_estimators=80; total time=   0.0s
[CV] END estimator__criterion=squared_error, estimator__max_depth=15, estimator__min_samples_split=4, estimator__n_estimators=80; total time=   0.0s
[CV] END estimator__criterion=squared_error, estimator__max_depth=15, estimator__min_samples_split=4, estimator__n_estimators=100; total time=   0.0s
[CV] END estimator__criterion=squared_error, estimator__max_depth=16, estimator__min_samples_split=4, estimator__n_estimators=80; total time=   0.0s
[CV] END estimator__criterion=squared_error, estimator__max_depth=16, estimator__min_samples_split=4, estimator__n_estimators=80; total time=   0.0s
[CV] END estimator__criterion=squared_error, estimator__max_depth=16, estimator__min_samples_split=4, estimator__n_estimators=80; total time=   0.0s
[CV] END estimator__criterion=squared_error, estimator__max_depth=16, estimator__min_samples_split=4, estimator__n_estimators=80; total time=   0.0s
[CV] END estimator__criterion=squared_error, estimator__max_depth=17, estimator__min_samples_split=4, estimator__n_estimators=100; total time=   0.0s
[CV] END estimator__criterion=squared_error, estimator__max_depth=17, estimator__min_samples_split=4, estimator__n_estimators=100; total time=   0.0s
[CV] END estimator__criterion=squared_error, estimator__max_depth=17, estimator__min_samples_split=5, estimator__n_estimators=20; total time=   0.0s
[CV] END estimator__criterion=squared_error, estimator__max_depth=17, estimator__min_samples_split=5, estimator__n_estimators=20; total time=   0.0s
[CV] END estimator__criterion=squared_error, estimator__max_depth=18, estimator__min_samples_split=3, estimator__n_estimators=20; total time=   0.0s
[CV] END estimator__criterion=squared_error, estimator__max_depth=18, estimator__min_samples_split=3, estimator__n_estimators=20; total time=   0.0s
[CV] END estimator__criterion=squared_error, estimator__max_depth=18, estimator__min_samples_split=3, estimator__n_estimators=40; total time=   0.0s
[CV] END estimator__criterion=squared_error, estimator__max_depth=18, estimator__min_samples_split=3, estimator__n_estimators=40; total time=   0.0s
[CV] END estimator__criterion=squared_error, estimator__max_depth=18, estimator__min_samples_split=5, estimator__n_estimators=60; total time=   0.0s
[CV] END estimator__criterion=squared_error, estimator__max_depth=18, estimator__min_samples_split=5, estimator__n_estimators=60; total time=   0.0s
[CV] END estimator__criterion=squared_error, estimator__max_depth=18, estimator__min_samples_split=5, estimator__n_estimators=80; total time=   0.0s
[CV] END estimator__criterion=squared_error, estimator__max_depth=18, estimator__min_samples_split=5, estimator__n_estimators=80; total time=   0.0s
[CV] END estimator__criterion=absolute_error, estimator__max_depth=14, estimator__min_samples_split=4, estimator__n_estimators=80; total time=   0.3s
[CV] END estimator__criterion=absolute_error, estimator__max_depth=14, estimator__min_samples_split=4, estimator__n_estimators=80; total time=   0.2s
[CV] END estimator__criterion=absolute_error, estimator__max_depth=14, estimator__min_samples_split=4, estimator__n_estimators=80; total time=   0.2s
[CV] END estimator__criterion=absolute_error, estimator__max_depth=14, estimator__min_samples_split=4, estimator__n_estimators=100; total time=   0.3s
[CV] END estimator__criterion=absolute_error, estimator__max_depth=15, estimator__min_samples_split=6, estimator__n_estimators=100; total time=   0.3s
[CV] END estimator__criterion=absolute_error, estimator__max_depth=15, estimator__min_samples_split=6, estimator__n_estimators=100; total time=   0.3s
[CV] END estimator__criterion=absolute_error, estimator__max_depth=15, estimator__min_samples_split=6, estimator__n_estimators=100; total time=   0.3s
[CV] END estimator__criterion=absolute_error, estimator__max_depth=16, estimator__min_samples_split=2, estimator__n_estimators=20; total time=   0.0s
[CV] END estimator__criterion=absolute_error, estimator__max_depth=16, estimator__min_samples_split=2, estimator__n_estimators=20; total time=   0.0s
[CV] END estimator__criterion=absolute_error, estimator__max_depth=16, estimator__min_samples_split=2, estimator__n_estimators=20; total time=   0.0s
[CV] END estimator__criterion=absolute_error, estimator__max_depth=16, estimator__min_samples_split=2, estimator__n_estimators=20; total time=   0.0s
[CV] END estimator__criterion=absolute_error, estimator__max_depth=16, estimator__min_samples_split=2, estimator__n_estimators=20; total time=   0.0s
[CV] END estimator__criterion=absolute_error, estimator__max_depth=17, estimator__min_samples_split=2, estimator__n_estimators=100; total time=   0.4s
[CV] END estimator__criterion=absolute_error, estimator__max_depth=17, estimator__min_samples_split=3, estimator__n_estimators=20; total time=   0.0s
[CV] END estimator__criterion=absolute_error, estimator__max_depth=17, estimator__min_samples_split=3, estimator__n_estimators=20; total time=   0.0s
[CV] END estimator__criterion=absolute_error, estimator__max_depth=17, estimator__min_samples_split=3, estimator__n_estimators=20; total time=   0.0s
[CV] END estimator__criterion=absolute_error, estimator__max_depth=17, estimator__min_samples_split=3, estimator__n_estimators=20; total time=   0.0s
[CV] END estimator__criterion=absolute_error, estimator__max_depth=17, estimator__min_samples_split=3, estimator__n_estimators=20; total time=   0.0s
[CV] END estimator__criterion=absolute_error, estimator__max_depth=17, estimator__min_samples_split=3, estimator__n_estimators=40; total time=   0.1s[CV] END estimator__criterion=squared_error, estimator__max_depth=14, estimator__min_samples_split=2, estimator__n_estimators=40; total time=   0.0s
[CV] END estimator__criterion=squared_error, estimator__max_depth=14, estimator__min_samples_split=3, estimator__n_estimators=60; total time=   0.0s
[CV] END estimator__criterion=squared_error, estimator__max_depth=14, estimator__min_samples_split=3, estimator__n_estimators=80; total time=   0.0s
[CV] END estimator__criterion=squared_error, estimator__max_depth=14, estimator__min_samples_split=4, estimator__n_estimators=20; total time=   0.0s
[CV] END estimator__criterion=squared_error, estimator__max_depth=14, estimator__min_samples_split=4, estimator__n_estimators=20; total time=   0.0s
[CV] END estimator__criterion=squared_error, estimator__max_depth=14, estimator__min_samples_split=4, estimator__n_estimators=40; total time=   0.0s
[CV] END estimator__criterion=squared_error, estimator__max_depth=14, estimator__min_samples_split=4, estimator__n_estimators=80; total time=   0.0s
[CV] END estimator__criterion=squared_error, estimator__max_depth=14, estimator__min_samples_split=5, estimator__n_estimators=60; total time=   0.0s
[CV] END estimator__criterion=squared_error, estimator__max_depth=14, estimator__min_samples_split=5, estimator__n_estimators=60; total time=   0.0s
[CV] END estimator__criterion=squared_error, estimator__max_depth=14, estimator__min_samples_split=6, estimator__n_estimators=40; total time=   0.0s
[CV] END estimator__criterion=squared_error, estimator__max_depth=14, estimator__min_samples_split=6, estimator__n_estimators=40; total time=   0.0s
[CV] END estimator__criterion=squared_error, estimator__max_depth=15, estimator__min_samples_split=2, estimator__n_estimators=40; total time=   0.0s
[CV] END estimator__criterion=squared_error, estimator__max_depth=15, estimator__min_samples_split=2, estimator__n_estimators=40; total time=   0.0s
[CV] END estimator__criterion=squared_error, estimator__max_depth=15, estimator__min_samples_split=2, estimator__n_estimators=40; total time=   0.0s
[CV] END estimator__criterion=squared_error, estimator__max_depth=15, estimator__min_samples_split=2, estimator__n_estimators=60; total time=   0.0s
[CV] END estimator__criterion=squared_error, estimator__max_depth=15, estimator__min_samples_split=6, estimator__n_estimators=60; total time=   0.0s
[CV] END estimator__criterion=squared_error, estimator__max_depth=15, estimator__min_samples_split=6, estimator__n_estimators=60; total time=   0.0s
[CV] END estimator__criterion=squared_error, estimator__max_depth=15, estimator__min_samples_split=6, estimator__n_estimators=60; total time=   0.0s
[CV] END estimator__criterion=squared_error, estimator__max_depth=15, estimator__min_samples_split=6, estimator__n_estimators=60; total time=   0.0s
[CV] END estimator__criterion=squared_error, estimator__max_depth=16, estimator__min_samples_split=4, estimator__n_estimators=40; total time=   0.0s
[CV] END estimator__criterion=squared_error, estimator__max_depth=16, estimator__min_samples_split=4, estimator__n_estimators=40; total time=   0.0s
[CV] END estimator__criterion=squared_error, estimator__max_depth=16, estimator__min_samples_split=4, estimator__n_estimators=60; total time=   0.0s
[CV] END estimator__criterion=squared_error, estimator__max_depth=16, estimator__min_samples_split=4, estimator__n_estimators=60; total time=   0.0s
[CV] END estimator__criterion=squared_error, estimator__max_depth=17, estimator__min_samples_split=2, estimator__n_estimators=60; total time=   0.0s
[CV] END estimator__criterion=squared_error, estimator__max_depth=17, estimator__min_samples_split=2, estimator__n_estimators=60; total time=   0.0s
[CV] END estimator__criterion=squared_error, estimator__max_depth=17, estimator__min_samples_split=2, estimator__n_estimators=80; total time=   0.0s
[CV] END estimator__criterion=squared_error, estimator__max_depth=17, estimator__min_samples_split=2, estimator__n_estimators=80; total time=   0.0s
[CV] END estimator__criterion=squared_error, estimator__max_depth=18, estimator__min_samples_split=2, estimator__n_estimators=20; total time=   0.0s
[CV] END estimator__criterion=squared_error, estimator__max_depth=18, estimator__min_samples_split=2, estimator__n_estimators=40; total time=   0.0s
[CV] END estimator__criterion=squared_error, estimator__max_depth=18, estimator__min_samples_split=2, estimator__n_estimators=40; total time=   0.0s
[CV] END estimator__criterion=squared_error, estimator__max_depth=18, estimator__min_samples_split=2, estimator__n_estimators=40; total time=   0.0s
[CV] END estimator__criterion=squared_error, estimator__max_depth=18, estimator__min_samples_split=5, estimator__n_estimators=40; total time=   0.0s
[CV] END estimator__criterion=squared_error, estimator__max_depth=18, estimator__min_samples_split=5, estimator__n_estimators=60; total time=   0.0s
[CV] END estimator__criterion=squared_error, estimator__max_depth=18, estimator__min_samples_split=5, estimator__n_estimators=60; total time=   0.0s
[CV] END estimator__criterion=squared_error, estimator__max_depth=18, estimator__min_samples_split=5, estimator__n_estimators=60; total time=   0.0s
[CV] END estimator__criterion=absolute_error, estimator__max_depth=14, estimator__min_samples_split=3, estimator__n_estimators=60; total time=   0.2s
[CV] END estimator__criterion=absolute_error, estimator__max_depth=14, estimator__min_samples_split=3, estimator__n_estimators=80; total time=   0.3s
[CV] END estimator__criterion=absolute_error, estimator__max_depth=14, estimator__min_samples_split=3, estimator__n_estimators=80; total time=   0.2s
[CV] END estimator__criterion=absolute_error, estimator__max_depth=14, estimator__min_samples_split=3, estimator__n_estimators=80; total time=   0.3s
[CV] END estimator__criterion=absolute_error, estimator__max_depth=15, estimator__min_samples_split=5, estimator__n_estimators=40; total time=   0.1s
[CV] END estimator__criterion=absolute_error, estimator__max_depth=15, estimator__min_samples_split=5, estimator__n_estimators=40; total time=   0.1s
[CV] END estimator__criterion=absolute_error, estimator__max_depth=15, estimator__min_samples_split=5, estimator__n_estimators=40; total time=   0.1s
[CV] END estimator__criterion=absolute_error, estimator__max_depth=15, estimator__min_samples_split=5, estimator__n_estimators=60; total time=   0.2s
[CV] END estimator__criterion=absolute_error, estimator__max_depth=15, estimator__min_samples_split=5, estimator__n_estimators=60; total time=   0.2s
[CV] END estimator__criterion=absolute_error, estimator__max_depth=15, estimator__min_samples_split=5, estimator__n_estimators=60; total time=   0.2s
[CV] END estimator__criterion=absolute_error, estimator__max_depth=15, estimator__min_samples_split=5, estimator__n_estimators=60; total time=   0.2s
[CV] END estimator__criterion=absolute_error, estimator__max_depth=15, estimator__min_samples_split=5, estimator__n_estimators=60; total time=   0.2s
[CV] END estimator__criterion=absolute_error, estimator__max_depth=17, estimator__min_samples_split=2, estimator__n_estimators=40; total time=   0.1s
[CV] END estimator__criterion=absolute_error, estimator__max_depth=17, estimator__min_samples_split=2, estimator__n_estimators=40; total time=   0.1s
[CV] END estimator__criterion=absolute_error, estimator__max_depth=17, estimator__min_samples_split=2, estimator__n_estimators=60; total time=   0.2s
[CV] END estimator__criterion=absolute_error, estimator__max_depth=17, estimator__min_samples_split=2, estimator__n_estimators=60; total time=   0.2s
[CV] END estimator__criterion=absolute_error, estimator__max_depth=17, estimator__min_samples_split=2, estimator__n_estimators=60; total time=   0.2s
[CV] END estimator__criterion=absolute_error, estimator__max_depth=17, estimator__min_samples_split=2, estimator__n_estimators=60; total time=   0.2s
[CV] END estimator__criterion=absolute_error, estimator__max_depth=17, estimator__min_samples_split=2, estimator__n_estimators=60; total time=   0.2s
[CV] END estimator__criterion=absolute_error, estimator__max_depth=17, estimator__min_samples_split=2, estimator__n_estimators=80; total time=   0.3s[CV] END estimator__criterion=squared_error, estimator__max_depth=14, estimator__min_samples_split=2, estimator__n_estimators=60; total time=   0.0s
[CV] END estimator__criterion=squared_error, estimator__max_depth=15, estimator__min_samples_split=4, estimator__n_estimators=20; total time=   0.0s
[CV] END estimator__criterion=squared_error, estimator__max_depth=15, estimator__min_samples_split=4, estimator__n_estimators=20; total time=   0.0s
[CV] END estimator__criterion=squared_error, estimator__max_depth=15, estimator__min_samples_split=4, estimator__n_estimators=20; total time=   0.0s
[CV] END estimator__criterion=squared_error, estimator__max_depth=15, estimator__min_samples_split=4, estimator__n_estimators=20; total time=   0.0s
[CV] END estimator__criterion=squared_error, estimator__max_depth=15, estimator__min_samples_split=6, estimator__n_estimators=20; total time=   0.0s
[CV] END estimator__criterion=squared_error, estimator__max_depth=15, estimator__min_samples_split=6, estimator__n_estimators=20; total time=   0.0s
[CV] END estimator__criterion=squared_error, estimator__max_depth=15, estimator__min_samples_split=6, estimator__n_estimators=40; total time=   0.0s
[CV] END estimator__criterion=squared_error, estimator__max_depth=15, estimator__min_samples_split=6, estimator__n_estimators=40; total time=   0.0s
[CV] END estimator__criterion=squared_error, estimator__max_depth=16, estimator__min_samples_split=2, estimator__n_estimators=40; total time=   0.0s
[CV] END estimator__criterion=squared_error, estimator__max_depth=16, estimator__min_samples_split=2, estimator__n_estimators=40; total time=   0.0s
[CV] END estimator__criterion=squared_error, estimator__max_depth=16, estimator__min_samples_split=2, estimator__n_estimators=40; total time=   0.0s
[CV] END estimator__criterion=squared_error, estimator__max_depth=16, estimator__min_samples_split=2, estimator__n_estimators=40; total time=   0.0s
[CV] END estimator__criterion=squared_error, estimator__max_depth=16, estimator__min_samples_split=5, estimator__n_estimators=100; total time=   0.0s
[CV] END estimator__criterion=squared_error, estimator__max_depth=16, estimator__min_samples_split=5, estimator__n_estimators=100; total time=   0.0s
[CV] END estimator__criterion=squared_error, estimator__max_depth=16, estimator__min_samples_split=6, estimator__n_estimators=20; total time=   0.0s
[CV] END estimator__criterion=squared_error, estimator__max_depth=16, estimator__min_samples_split=6, estimator__n_estimators=20; total time=   0.0s
[CV] END estimator__criterion=squared_error, estimator__max_depth=17, estimator__min_samples_split=3, estimator__n_estimators=100; total time=   0.0s
[CV] END estimator__criterion=squared_error, estimator__max_depth=17, estimator__min_samples_split=4, estimator__n_estimators=20; total time=   0.0s
[CV] END estimator__criterion=squared_error, estimator__max_depth=17, estimator__min_samples_split=4, estimator__n_estimators=20; total time=   0.0s
[CV] END estimator__criterion=squared_error, estimator__max_depth=17, estimator__min_samples_split=4, estimator__n_estimators=20; total time=   0.0s
[CV] END estimator__criterion=squared_error, estimator__max_depth=17, estimator__min_samples_split=6, estimator__n_estimators=60; total time=   0.0s
[CV] END estimator__criterion=squared_error, estimator__max_depth=17, estimator__min_samples_split=6, estimator__n_estimators=60; total time=   0.0s
[CV] END estimator__criterion=squared_error, estimator__max_depth=17, estimator__min_samples_split=6, estimator__n_estimators=80; total time=   0.0s
[CV] END estimator__criterion=squared_error, estimator__max_depth=17, estimator__min_samples_split=6, estimator__n_estimators=80; total time=   0.0s
[CV] END estimator__criterion=squared_error, estimator__max_depth=18, estimator__min_samples_split=5, estimator__n_estimators=100; total time=   0.0s
[CV] END estimator__criterion=squared_error, estimator__max_depth=18, estimator__min_samples_split=5, estimator__n_estimators=100; total time=   0.0s
[CV] END estimator__criterion=squared_error, estimator__max_depth=18, estimator__min_samples_split=5, estimator__n_estimators=100; total time=   0.0s
[CV] END estimator__criterion=squared_error, estimator__max_depth=18, estimator__min_samples_split=5, estimator__n_estimators=100; total time=   0.0s
[CV] END estimator__criterion=absolute_error, estimator__max_depth=14, estimator__min_samples_split=6, estimator__n_estimators=20; total time=   0.0s
[CV] END estimator__criterion=absolute_error, estimator__max_depth=14, estimator__min_samples_split=6, estimator__n_estimators=20; total time=   0.0s
[CV] END estimator__criterion=absolute_error, estimator__max_depth=14, estimator__min_samples_split=6, estimator__n_estimators=40; total time=   0.1s
[CV] END estimator__criterion=absolute_error, estimator__max_depth=14, estimator__min_samples_split=6, estimator__n_estimators=40; total time=   0.1s
[CV] END estimator__criterion=absolute_error, estimator__max_depth=14, estimator__min_samples_split=6, estimator__n_estimators=40; total time=   0.1s
[CV] END estimator__criterion=absolute_error, estimator__max_depth=14, estimator__min_samples_split=6, estimator__n_estimators=40; total time=   0.1s
[CV] END estimator__criterion=absolute_error, estimator__max_depth=14, estimator__min_samples_split=6, estimator__n_estimators=40; total time=   0.1s
[CV] END estimator__criterion=absolute_error, estimator__max_depth=14, estimator__min_samples_split=6, estimator__n_estimators=60; total time=   0.2s
[CV] END estimator__criterion=absolute_error, estimator__max_depth=15, estimator__min_samples_split=6, estimator__n_estimators=60; total time=   0.2s
[CV] END estimator__criterion=absolute_error, estimator__max_depth=15, estimator__min_samples_split=6, estimator__n_estimators=80; total time=   0.2s
[CV] END estimator__criterion=absolute_error, estimator__max_depth=15, estimator__min_samples_split=6, estimator__n_estimators=80; total time=   0.2s
[CV] END estimator__criterion=absolute_error, estimator__max_depth=15, estimator__min_samples_split=6, estimator__n_estimators=80; total time=   0.2s
[CV] END estimator__criterion=absolute_error, estimator__max_depth=15, estimator__min_samples_split=6, estimator__n_estimators=80; total time=   0.2s
[CV] END estimator__criterion=absolute_error, estimator__max_depth=15, estimator__min_samples_split=6, estimator__n_estimators=80; total time=   0.2s
[CV] END estimator__criterion=absolute_error, estimator__max_depth=15, estimator__min_samples_split=6, estimator__n_estimators=100; total time=   0.3s
[CV] END estimator__criterion=absolute_error, estimator__max_depth=15, estimator__min_samples_split=6, estimator__n_estimators=100; total time=   0.3s
[CV] END estimator__criterion=absolute_error, estimator__max_depth=17, estimator__min_samples_split=5, estimator__n_estimators=40; total time=   0.1s
[CV] END estimator__criterion=absolute_error, estimator__max_depth=17, estimator__min_samples_split=5, estimator__n_estimators=60; total time=   0.2s
[CV] END estimator__criterion=absolute_error, estimator__max_depth=17, estimator__min_samples_split=5, estimator__n_estimators=80; total time=   0.2s
[CV] END estimator__criterion=absolute_error, estimator__max_depth=17, estimator__min_samples_split=6, estimator__n_estimators=20; total time=   0.0s
[CV] END estimator__criterion=absolute_error, estimator__max_depth=17, estimator__min_samples_split=6, estimator__n_estimators=20; total time=   0.0s
[CV] END estimator__criterion=absolute_error, estimator__max_depth=17, estimator__min_samples_split=6, estimator__n_estimators=40; total time=   0.1s
[CV] END estimator__criterion=absolute_error, estimator__max_depth=18, estimator__min_samples_split=2, estimator__n_estimators=20; total time=   0.0s
[CV] END estimator__criterion=absolute_error, estimator__max_depth=18, estimator__min_samples_split=2, estimator__n_estimators=20; total time=   0.0s
[CV] END estimator__criterion=absolute_error, estimator__max_depth=18, estimator__min_samples_split=2, estimator__n_estimators=80; total time=   0.4s
[CV] END estimator__criterion=absolute_error, estimator__max_depth=18, estimator__min_samples_split=2, estimator__n_estimators=100; total time=   0.5s[CV] END estimator__criterion=squared_error, estimator__max_depth=14, estimator__min_samples_split=2, estimator__n_estimators=20; total time=   0.0s
[CV] END estimator__criterion=squared_error, estimator__max_depth=14, estimator__min_samples_split=3, estimator__n_estimators=100; total time=   0.0s
[CV] END estimator__criterion=squared_error, estimator__max_depth=14, estimator__min_samples_split=4, estimator__n_estimators=40; total time=   0.0s
[CV] END estimator__criterion=squared_error, estimator__max_depth=14, estimator__min_samples_split=4, estimator__n_estimators=60; total time=   0.0s
[CV] END estimator__criterion=squared_error, estimator__max_depth=14, estimator__min_samples_split=5, estimator__n_estimators=20; total time=   0.0s
[CV] END estimator__criterion=squared_error, estimator__max_depth=14, estimator__min_samples_split=5, estimator__n_estimators=20; total time=   0.0s
[CV] END estimator__criterion=squared_error, estimator__max_depth=14, estimator__min_samples_split=5, estimator__n_estimators=80; total time=   0.0s
[CV] END estimator__criterion=squared_error, estimator__max_depth=14, estimator__min_samples_split=5, estimator__n_estimators=80; total time=   0.0s
[CV] END estimator__criterion=squared_error, estimator__max_depth=15, estimator__min_samples_split=2, estimator__n_estimators=20; total time=   0.0s
[CV] END estimator__criterion=squared_error, estimator__max_depth=15, estimator__min_samples_split=2, estimator__n_estimators=20; total time=   0.0s
[CV] END estimator__criterion=squared_error, estimator__max_depth=15, estimator__min_samples_split=2, estimator__n_estimators=40; total time=   0.0s
[CV] END estimator__criterion=squared_error, estimator__max_depth=15, estimator__min_samples_split=2, estimator__n_estimators=40; total time=   0.0s
[CV] END estimator__criterion=squared_error, estimator__max_depth=15, estimator__min_samples_split=5, estimator__n_estimators=20; total time=   0.0s
[CV] END estimator__criterion=squared_error, estimator__max_depth=15, estimator__min_samples_split=5, estimator__n_estimators=40; total time=   0.0s
[CV] END estimator__criterion=squared_error, estimator__max_depth=15, estimator__min_samples_split=5, estimator__n_estimators=40; total time=   0.0s
[CV] END estimator__criterion=squared_error, estimator__max_depth=15, estimator__min_samples_split=5, estimator__n_estimators=40; total time=   0.0s
[CV] END estimator__criterion=squared_error, estimator__max_depth=15, estimator__min_samples_split=6, estimator__n_estimators=100; total time=   0.0s
[CV] END estimator__criterion=squared_error, estimator__max_depth=15, estimator__min_samples_split=6, estimator__n_estimators=100; total time=   0.0s
[CV] END estimator__criterion=squared_error, estimator__max_depth=16, estimator__min_samples_split=2, estimator__n_estimators=20; total time=   0.0s
[CV] END estimator__criterion=squared_error, estimator__max_depth=16, estimator__min_samples_split=2, estimator__n_estimators=20; total time=   0.0s
[CV] END estimator__criterion=squared_error, estimator__max_depth=16, estimator__min_samples_split=5, estimator__n_estimators=60; total time=   0.0s
[CV] END estimator__criterion=squared_error, estimator__max_depth=16, estimator__min_samples_split=5, estimator__n_estimators=60; total time=   0.0s
[CV] END estimator__criterion=squared_error, estimator__max_depth=16, estimator__min_samples_split=5, estimator__n_estimators=60; total time=   0.0s
[CV] END estimator__criterion=squared_error, estimator__max_depth=16, estimator__min_samples_split=5, estimator__n_estimators=60; total time=   0.0s
[CV] END estimator__criterion=squared_error, estimator__max_depth=17, estimator__min_samples_split=4, estimator__n_estimators=40; total time=   0.0s
[CV] END estimator__criterion=squared_error, estimator__max_depth=17, estimator__min_samples_split=4, estimator__n_estimators=40; total time=   0.0s
[CV] END estimator__criterion=squared_error, estimator__max_depth=17, estimator__min_samples_split=4, estimator__n_estimators=40; total time=   0.0s
[CV] END estimator__criterion=squared_error, estimator__max_depth=17, estimator__min_samples_split=4, estimator__n_estimators=60; total time=   0.0s
[CV] END estimator__criterion=squared_error, estimator__max_depth=18, estimator__min_samples_split=2, estimator__n_estimators=60; total time=   0.0s
[CV] END estimator__criterion=squared_error, estimator__max_depth=18, estimator__min_samples_split=2, estimator__n_estimators=60; total time=   0.0s
[CV] END estimator__criterion=squared_error, estimator__max_depth=18, estimator__min_samples_split=2, estimator__n_estimators=60; total time=   0.0s
[CV] END estimator__criterion=squared_error, estimator__max_depth=18, estimator__min_samples_split=2, estimator__n_estimators=80; total time=   0.0s
[CV] END estimator__criterion=absolute_error, estimator__max_depth=14, estimator__min_samples_split=2, estimator__n_estimators=100; total time=   0.4s
[CV] END estimator__criterion=absolute_error, estimator__max_depth=14, estimator__min_samples_split=2, estimator__n_estimators=100; total time=   0.4s
[CV] END estimator__criterion=absolute_error, estimator__max_depth=14, estimator__min_samples_split=3, estimator__n_estimators=20; total time=   0.0s
[CV] END estimator__criterion=absolute_error, estimator__max_depth=14, estimator__min_samples_split=3, estimator__n_estimators=20; total time=   0.0s
[CV] END estimator__criterion=absolute_error, estimator__max_depth=15, estimator__min_samples_split=4, estimator__n_estimators=80; total time=   0.3s
[CV] END estimator__criterion=absolute_error, estimator__max_depth=15, estimator__min_samples_split=4, estimator__n_estimators=80; total time=   0.3s
[CV] END estimator__criterion=absolute_error, estimator__max_depth=15, estimator__min_samples_split=4, estimator__n_estimators=80; total time=   0.3s
[CV] END estimator__criterion=absolute_error, estimator__max_depth=15, estimator__min_samples_split=4, estimator__n_estimators=80; total time=   0.3s
[CV] END estimator__criterion=absolute_error, estimator__max_depth=15, estimator__min_samples_split=4, estimator__n_estimators=100; total time=   0.3s
[CV] END estimator__criterion=absolute_error, estimator__max_depth=15, estimator__min_samples_split=4, estimator__n_estimators=100; total time=   0.3s
[CV] END estimator__criterion=absolute_error, estimator__max_depth=15, estimator__min_samples_split=4, estimator__n_estimators=100; total time=   0.4s
[CV] END estimator__criterion=absolute_error, estimator__max_depth=15, estimator__min_samples_split=4, estimator__n_estimators=100; total time=   0.4s
[CV] END estimator__criterion=absolute_error, estimator__max_depth=17, estimator__min_samples_split=5, estimator__n_estimators=60; total time=   0.2s
[CV] END estimator__criterion=absolute_error, estimator__max_depth=17, estimator__min_samples_split=5, estimator__n_estimators=80; total time=   0.2s
[CV] END estimator__criterion=absolute_error, estimator__max_depth=17, estimator__min_samples_split=6, estimator__n_estimators=20; total time=   0.0s
[CV] END estimator__criterion=absolute_error, estimator__max_depth=17, estimator__min_samples_split=6, estimator__n_estimators=40; total time=   0.1s
[CV] END estimator__criterion=absolute_error, estimator__max_depth=17, estimator__min_samples_split=6, estimator__n_estimators=40; total time=   0.1s
[CV] END estimator__criterion=absolute_error, estimator__max_depth=18, estimator__min_samples_split=2, estimator__n_estimators=40; total time=   0.1s
[CV] END estimator__criterion=absolute_error, estimator__max_depth=18, estimator__min_samples_split=2, estimator__n_estimators=60; total time=   0.2s
[CV] END estimator__criterion=absolute_error, estimator__max_depth=18, estimator__min_samples_split=3, estimator__n_estimators=80; total time=   0.3s
[CV] END estimator__criterion=absolute_error, estimator__max_depth=18, estimator__min_samples_split=3, estimator__n_estimators=80; total time=   0.3s
[CV] END estimator__criterion=absolute_error, estimator__max_depth=18, estimator__min_samples_split=6, estimator__n_estimators=20; total time=   0.0s
[CV] END estimator__criterion=absolute_error, estimator__max_depth=18, estimator__min_samples_split=6, estimator__n_estimators=20; total time=   0.0s[CV] END estimator__criterion=squared_error, estimator__max_depth=14, estimator__min_samples_split=2, estimator__n_estimators=20; total time=   0.0s
[CV] END estimator__criterion=squared_error, estimator__max_depth=14, estimator__min_samples_split=3, estimator__n_estimators=40; total time=   0.0s
[CV] END estimator__criterion=squared_error, estimator__max_depth=14, estimator__min_samples_split=3, estimator__n_estimators=60; total time=   0.0s
[CV] END estimator__criterion=squared_error, estimator__max_depth=14, estimator__min_samples_split=3, estimator__n_estimators=80; total time=   0.0s
[CV] END estimator__criterion=squared_error, estimator__max_depth=14, estimator__min_samples_split=3, estimator__n_estimators=100; total time=   0.0s
[CV] END estimator__criterion=squared_error, estimator__max_depth=14, estimator__min_samples_split=4, estimator__n_estimators=60; total time=   0.0s
[CV] END estimator__criterion=squared_error, estimator__max_depth=14, estimator__min_samples_split=5, estimator__n_estimators=20; total time=   0.0s
[CV] END estimator__criterion=squared_error, estimator__max_depth=14, estimator__min_samples_split=5, estimator__n_estimators=20; total time=   0.0s
[CV] END estimator__criterion=squared_error, estimator__max_depth=14, estimator__min_samples_split=5, estimator__n_estimators=80; total time=   0.0s
[CV] END estimator__criterion=squared_error, estimator__max_depth=14, estimator__min_samples_split=5, estimator__n_estimators=80; total time=   0.0s
[CV] END estimator__criterion=squared_error, estimator__max_depth=14, estimator__min_samples_split=6, estimator__n_estimators=100; total time=   0.0s
[CV] END estimator__criterion=squared_error, estimator__max_depth=15, estimator__min_samples_split=2, estimator__n_estimators=20; total time=   0.0s
[CV] END estimator__criterion=squared_error, estimator__max_depth=15, estimator__min_samples_split=2, estimator__n_estimators=20; total time=   0.0s
[CV] END estimator__criterion=squared_error, estimator__max_depth=15, estimator__min_samples_split=2, estimator__n_estimators=20; total time=   0.0s
[CV] END estimator__criterion=squared_error, estimator__max_depth=15, estimator__min_samples_split=5, estimator__n_estimators=80; total time=   0.0s
[CV] END estimator__criterion=squared_error, estimator__max_depth=15, estimator__min_samples_split=5, estimator__n_estimators=80; total time=   0.0s
[CV] END estimator__criterion=squared_error, estimator__max_depth=15, estimator__min_samples_split=5, estimator__n_estimators=80; total time=   0.0s
[CV] END estimator__criterion=squared_error, estimator__max_depth=15, estimator__min_samples_split=5, estimator__n_estimators=80; total time=   0.0s
[CV] END estimator__criterion=squared_error, estimator__max_depth=16, estimator__min_samples_split=4, estimator__n_estimators=100; total time=   0.0s
[CV] END estimator__criterion=squared_error, estimator__max_depth=16, estimator__min_samples_split=4, estimator__n_estimators=100; total time=   0.0s
[CV] END estimator__criterion=squared_error, estimator__max_depth=16, estimator__min_samples_split=4, estimator__n_estimators=100; total time=   0.0s
[CV] END estimator__criterion=squared_error, estimator__max_depth=16, estimator__min_samples_split=4, estimator__n_estimators=100; total time=   0.0s
[CV] END estimator__criterion=squared_error, estimator__max_depth=17, estimator__min_samples_split=6, estimator__n_estimators=20; total time=   0.0s
[CV] END estimator__criterion=squared_error, estimator__max_depth=17, estimator__min_samples_split=6, estimator__n_estimators=20; total time=   0.0s
[CV] END estimator__criterion=squared_error, estimator__max_depth=17, estimator__min_samples_split=6, estimator__n_estimators=20; total time=   0.0s
[CV] END estimator__criterion=squared_error, estimator__max_depth=17, estimator__min_samples_split=6, estimator__n_estimators=20; total time=   0.0s
[CV] END estimator__criterion=squared_error, estimator__max_depth=18, estimator__min_samples_split=2, estimator__n_estimators=100; total time=   0.0s
[CV] END estimator__criterion=squared_error, estimator__max_depth=18, estimator__min_samples_split=3, estimator__n_estimators=20; total time=   0.0s
[CV] END estimator__criterion=squared_error, estimator__max_depth=18, estimator__min_samples_split=3, estimator__n_estimators=20; total time=   0.0s
[CV] END estimator__criterion=squared_error, estimator__max_depth=18, estimator__min_samples_split=3, estimator__n_estimators=20; total time=   0.0s
[CV] END estimator__criterion=squared_error, estimator__max_depth=18, estimator__min_samples_split=6, estimator__n_estimators=20; total time=   0.0s
[CV] END estimator__criterion=squared_error, estimator__max_depth=18, estimator__min_samples_split=6, estimator__n_estimators=20; total time=   0.0s
[CV] END estimator__criterion=squared_error, estimator__max_depth=18, estimator__min_samples_split=6, estimator__n_estimators=20; total time=   0.0s
[CV] END estimator__criterion=squared_error, estimator__max_depth=18, estimator__min_samples_split=6, estimator__n_estimators=20; total time=   0.0s
[CV] END estimator__criterion=absolute_error, estimator__max_depth=14, estimator__min_samples_split=2, estimator__n_estimators=20; total time=   0.0s
[CV] END estimator__criterion=absolute_error, estimator__max_depth=14, estimator__min_samples_split=2, estimator__n_estimators=20; total time=   0.0s
[CV] END estimator__criterion=absolute_error, estimator__max_depth=14, estimator__min_samples_split=2, estimator__n_estimators=40; total time=   0.1s
[CV] END estimator__criterion=absolute_error, estimator__max_depth=14, estimator__min_samples_split=2, estimator__n_estimators=40; total time=   0.1s
[CV] END estimator__criterion=absolute_error, estimator__max_depth=15, estimator__min_samples_split=2, estimator__n_estimators=60; total time=   0.3s
[CV] END estimator__criterion=absolute_error, estimator__max_depth=15, estimator__min_samples_split=2, estimator__n_estimators=60; total time=   0.2s
[CV] END estimator__criterion=absolute_error, estimator__max_depth=15, estimator__min_samples_split=2, estimator__n_estimators=60; total time=   0.2s
[CV] END estimator__criterion=absolute_error, estimator__max_depth=15, estimator__min_samples_split=2, estimator__n_estimators=60; total time=   0.3s
[CV] END estimator__criterion=absolute_error, estimator__max_depth=15, estimator__min_samples_split=2, estimator__n_estimators=60; total time=   0.3s
[CV] END estimator__criterion=absolute_error, estimator__max_depth=15, estimator__min_samples_split=2, estimator__n_estimators=80; total time=   0.4s
[CV] END estimator__criterion=absolute_error, estimator__max_depth=15, estimator__min_samples_split=2, estimator__n_estimators=80; total time=   0.3s
[CV] END estimator__criterion=absolute_error, estimator__max_depth=15, estimator__min_samples_split=2, estimator__n_estimators=80; total time=   0.3s
[CV] END estimator__criterion=absolute_error, estimator__max_depth=17, estimator__min_samples_split=2, estimator__n_estimators=80; total time=   0.4s
[CV] END estimator__criterion=absolute_error, estimator__max_depth=17, estimator__min_samples_split=2, estimator__n_estimators=80; total time=   0.3s
[CV] END estimator__criterion=absolute_error, estimator__max_depth=17, estimator__min_samples_split=2, estimator__n_estimators=80; total time=   0.3s
[CV] END estimator__criterion=absolute_error, estimator__max_depth=17, estimator__min_samples_split=2, estimator__n_estimators=80; total time=   0.3s
[CV] END estimator__criterion=absolute_error, estimator__max_depth=17, estimator__min_samples_split=2, estimator__n_estimators=100; total time=   0.4s
[CV] END estimator__criterion=absolute_error, estimator__max_depth=17, estimator__min_samples_split=2, estimator__n_estimators=100; total time=   0.5s
[CV] END estimator__criterion=absolute_error, estimator__max_depth=17, estimator__min_samples_split=2, estimator__n_estimators=100; total time=   0.4s
[CV] END estimator__criterion=absolute_error, estimator__max_depth=17, estimator__min_samples_split=2, estimator__n_estimators=100; total time=   0.4s
[CV] END estimator__criterion=absolute_error, estimator__max_depth=18, estimator__min_samples_split=6, estimator__n_estimators=40; total time=   0.1s[CV] END estimator__criterion=squared_error, estimator__max_depth=14, estimator__min_samples_split=2, estimator__n_estimators=40; total time=   0.0s
[CV] END estimator__criterion=squared_error, estimator__max_depth=14, estimator__min_samples_split=3, estimator__n_estimators=80; total time=   0.0s
[CV] END estimator__criterion=squared_error, estimator__max_depth=14, estimator__min_samples_split=3, estimator__n_estimators=100; total time=   0.0s
[CV] END estimator__criterion=squared_error, estimator__max_depth=14, estimator__min_samples_split=4, estimator__n_estimators=80; total time=   0.0s
[CV] END estimator__criterion=squared_error, estimator__max_depth=14, estimator__min_samples_split=5, estimator__n_estimators=40; total time=   0.0s
[CV] END estimator__criterion=squared_error, estimator__max_depth=14, estimator__min_samples_split=5, estimator__n_estimators=60; total time=   0.0s
[CV] END estimator__criterion=squared_error, estimator__max_depth=14, estimator__min_samples_split=6, estimator__n_estimators=40; total time=   0.0s
[CV] END estimator__criterion=squared_error, estimator__max_depth=14, estimator__min_samples_split=6, estimator__n_estimators=40; total time=   0.0s
[CV] END estimator__criterion=squared_error, estimator__max_depth=14, estimator__min_samples_split=6, estimator__n_estimators=100; total time=   0.0s
[CV] END estimator__criterion=squared_error, estimator__max_depth=14, estimator__min_samples_split=6, estimator__n_estimators=100; total time=   0.0s
[CV] END estimator__criterion=squared_error, estimator__max_depth=14, estimator__min_samples_split=6, estimator__n_estimators=100; total time=   0.0s
[CV] END estimator__criterion=squared_error, estimator__max_depth=14, estimator__min_samples_split=6, estimator__n_estimators=100; total time=   0.0s
[CV] END estimator__criterion=squared_error, estimator__max_depth=16, estimator__min_samples_split=2, estimator__n_estimators=80; total time=   0.0s
[CV] END estimator__criterion=squared_error, estimator__max_depth=16, estimator__min_samples_split=2, estimator__n_estimators=80; total time=   0.0s
[CV] END estimator__criterion=squared_error, estimator__max_depth=16, estimator__min_samples_split=2, estimator__n_estimators=100; total time=   0.0s
[CV] END estimator__criterion=squared_error, estimator__max_depth=16, estimator__min_samples_split=2, estimator__n_estimators=100; total time=   0.0s
[CV] END estimator__criterion=squared_error, estimator__max_depth=17, estimator__min_samples_split=4, estimator__n_estimators=20; total time=   0.0s
[CV] END estimator__criterion=squared_error, estimator__max_depth=17, estimator__min_samples_split=4, estimator__n_estimators=20; total time=   0.0s
[CV] END estimator__criterion=squared_error, estimator__max_depth=17, estimator__min_samples_split=4, estimator__n_estimators=40; total time=   0.0s
[CV] END estimator__criterion=squared_error, estimator__max_depth=17, estimator__min_samples_split=4, estimator__n_estimators=40; total time=   0.0s
[CV] END estimator__criterion=squared_error, estimator__max_depth=17, estimator__min_samples_split=5, estimator__n_estimators=100; total time=   0.0s
[CV] END estimator__criterion=squared_error, estimator__max_depth=17, estimator__min_samples_split=5, estimator__n_estimators=100; total time=   0.0s
[CV] END estimator__criterion=squared_error, estimator__max_depth=17, estimator__min_samples_split=5, estimator__n_estimators=100; total time=   0.0s
[CV] END estimator__criterion=squared_error, estimator__max_depth=17, estimator__min_samples_split=6, estimator__n_estimators=20; total time=   0.0s
[CV] END estimator__criterion=squared_error, estimator__max_depth=18, estimator__min_samples_split=5, estimator__n_estimators=40; total time=   0.0s
[CV] END estimator__criterion=squared_error, estimator__max_depth=18, estimator__min_samples_split=5, estimator__n_estimators=40; total time=   0.0s
[CV] END estimator__criterion=squared_error, estimator__max_depth=18, estimator__min_samples_split=5, estimator__n_estimators=40; total time=   0.0s
[CV] END estimator__criterion=squared_error, estimator__max_depth=18, estimator__min_samples_split=5, estimator__n_estimators=40; total time=   0.0s
[CV] END estimator__criterion=absolute_error, estimator__max_depth=14, estimator__min_samples_split=2, estimator__n_estimators=40; total time=   0.1s
[CV] END estimator__criterion=absolute_error, estimator__max_depth=14, estimator__min_samples_split=2, estimator__n_estimators=40; total time=   0.1s
[CV] END estimator__criterion=absolute_error, estimator__max_depth=14, estimator__min_samples_split=2, estimator__n_estimators=40; total time=   0.1s
[CV] END estimator__criterion=absolute_error, estimator__max_depth=14, estimator__min_samples_split=2, estimator__n_estimators=60; total time=   0.2s
[CV] END estimator__criterion=absolute_error, estimator__max_depth=15, estimator__min_samples_split=3, estimator__n_estimators=40; total time=   0.1s
[CV] END estimator__criterion=absolute_error, estimator__max_depth=15, estimator__min_samples_split=3, estimator__n_estimators=60; total time=   0.2s
[CV] END estimator__criterion=absolute_error, estimator__max_depth=15, estimator__min_samples_split=3, estimator__n_estimators=60; total time=   0.2s
[CV] END estimator__criterion=absolute_error, estimator__max_depth=15, estimator__min_samples_split=3, estimator__n_estimators=60; total time=   0.2s
[CV] END estimator__criterion=absolute_error, estimator__max_depth=15, estimator__min_samples_split=3, estimator__n_estimators=60; total time=   0.2s
[CV] END estimator__criterion=absolute_error, estimator__max_depth=15, estimator__min_samples_split=3, estimator__n_estimators=60; total time=   0.2s
[CV] END estimator__criterion=absolute_error, estimator__max_depth=15, estimator__min_samples_split=3, estimator__n_estimators=80; total time=   0.3s
[CV] END estimator__criterion=absolute_error, estimator__max_depth=15, estimator__min_samples_split=3, estimator__n_estimators=80; total time=   0.3s
[CV] END estimator__criterion=absolute_error, estimator__max_depth=16, estimator__min_samples_split=6, estimator__n_estimators=40; total time=   0.1s
[CV] END estimator__criterion=absolute_error, estimator__max_depth=16, estimator__min_samples_split=6, estimator__n_estimators=60; total time=   0.2s
[CV] END estimator__criterion=absolute_error, estimator__max_depth=16, estimator__min_samples_split=6, estimator__n_estimators=60; total time=   0.2s
[CV] END estimator__criterion=absolute_error, estimator__max_depth=16, estimator__min_samples_split=6, estimator__n_estimators=60; total time=   0.2s
[CV] END estimator__criterion=absolute_error, estimator__max_depth=16, estimator__min_samples_split=6, estimator__n_estimators=60; total time=   0.1s
[CV] END estimator__criterion=absolute_error, estimator__max_depth=16, estimator__min_samples_split=6, estimator__n_estimators=60; total time=   0.2s
[CV] END estimator__criterion=absolute_error, estimator__max_depth=16, estimator__min_samples_split=6, estimator__n_estimators=80; total time=   0.3s
[CV] END estimator__criterion=absolute_error, estimator__max_depth=16, estimator__min_samples_split=6, estimator__n_estimators=80; total time=   0.3s
[CV] END estimator__criterion=absolute_error, estimator__max_depth=18, estimator__min_samples_split=2, estimator__n_estimators=40; total time=   0.1s
[CV] END estimator__criterion=absolute_error, estimator__max_depth=18, estimator__min_samples_split=2, estimator__n_estimators=40; total time=   0.1s
[CV] END estimator__criterion=absolute_error, estimator__max_depth=18, estimator__min_samples_split=3, estimator__n_estimators=40; total time=   0.1s
[CV] END estimator__criterion=absolute_error, estimator__max_depth=18, estimator__min_samples_split=3, estimator__n_estimators=40; total time=   0.1s
[CV] END estimator__criterion=absolute_error, estimator__max_depth=18, estimator__min_samples_split=4, estimator__n_estimators=40; total time=   0.1s
[CV] END estimator__criterion=absolute_error, estimator__max_depth=18, estimator__min_samples_split=4, estimator__n_estimators=60; total time=   0.2s
[CV] END estimator__criterion=absolute_error, estimator__max_depth=18, estimator__min_samples_split=5, estimator__n_estimators=100; total time=   0.4s[CV] END estimator__criterion=squared_error, estimator__max_depth=14, estimator__min_samples_split=2, estimator__n_estimators=80; total time=   0.0s
[CV] END estimator__criterion=squared_error, estimator__max_depth=14, estimator__min_samples_split=4, estimator__n_estimators=40; total time=   0.0s
[CV] END estimator__criterion=squared_error, estimator__max_depth=14, estimator__min_samples_split=4, estimator__n_estimators=80; total time=   0.0s
[CV] END estimator__criterion=squared_error, estimator__max_depth=14, estimator__min_samples_split=5, estimator__n_estimators=40; total time=   0.0s
[CV] END estimator__criterion=squared_error, estimator__max_depth=14, estimator__min_samples_split=5, estimator__n_estimators=40; total time=   0.0s
[CV] END estimator__criterion=squared_error, estimator__max_depth=14, estimator__min_samples_split=6, estimator__n_estimators=20; total time=   0.0s
[CV] END estimator__criterion=squared_error, estimator__max_depth=14, estimator__min_samples_split=6, estimator__n_estimators=20; total time=   0.0s
[CV] END estimator__criterion=squared_error, estimator__max_depth=14, estimator__min_samples_split=6, estimator__n_estimators=60; total time=   0.0s
[CV] END estimator__criterion=squared_error, estimator__max_depth=14, estimator__min_samples_split=6, estimator__n_estimators=60; total time=   0.0s
[CV] END estimator__criterion=squared_error, estimator__max_depth=15, estimator__min_samples_split=2, estimator__n_estimators=60; total time=   0.0s
[CV] END estimator__criterion=squared_error, estimator__max_depth=15, estimator__min_samples_split=2, estimator__n_estimators=60; total time=   0.0s
[CV] END estimator__criterion=squared_error, estimator__max_depth=15, estimator__min_samples_split=2, estimator__n_estimators=60; total time=   0.0s
[CV] END estimator__criterion=squared_error, estimator__max_depth=15, estimator__min_samples_split=2, estimator__n_estimators=60; total time=   0.0s
[CV] END estimator__criterion=squared_error, estimator__max_depth=16, estimator__min_samples_split=2, estimator__n_estimators=60; total time=   0.0s
[CV] END estimator__criterion=squared_error, estimator__max_depth=16, estimator__min_samples_split=2, estimator__n_estimators=60; total time=   0.0s
[CV] END estimator__criterion=squared_error, estimator__max_depth=16, estimator__min_samples_split=2, estimator__n_estimators=60; total time=   0.0s
[CV] END estimator__criterion=squared_error, estimator__max_depth=16, estimator__min_samples_split=2, estimator__n_estimators=60; total time=   0.0s
[CV] END estimator__criterion=squared_error, estimator__max_depth=17, estimator__min_samples_split=2, estimator__n_estimators=20; total time=   0.0s
[CV] END estimator__criterion=squared_error, estimator__max_depth=17, estimator__min_samples_split=2, estimator__n_estimators=20; total time=   0.0s
[CV] END estimator__criterion=squared_error, estimator__max_depth=17, estimator__min_samples_split=2, estimator__n_estimators=20; total time=   0.0s
[CV] END estimator__criterion=squared_error, estimator__max_depth=17, estimator__min_samples_split=2, estimator__n_estimators=20; total time=   0.0s
[CV] END estimator__criterion=squared_error, estimator__max_depth=17, estimator__min_samples_split=3, estimator__n_estimators=100; total time=   0.0s
[CV] END estimator__criterion=squared_error, estimator__max_depth=17, estimator__min_samples_split=3, estimator__n_estimators=100; total time=   0.0s
[CV] END estimator__criterion=squared_error, estimator__max_depth=17, estimator__min_samples_split=3, estimator__n_estimators=100; total time=   0.0s
[CV] END estimator__criterion=squared_error, estimator__max_depth=17, estimator__min_samples_split=3, estimator__n_estimators=100; total time=   0.0s
[CV] END estimator__criterion=squared_error, estimator__max_depth=18, estimator__min_samples_split=4, estimator__n_estimators=100; total time=   0.0s
[CV] END estimator__criterion=squared_error, estimator__max_depth=18, estimator__min_samples_split=4, estimator__n_estimators=100; total time=   0.0s
[CV] END estimator__criterion=squared_error, estimator__max_depth=18, estimator__min_samples_split=4, estimator__n_estimators=100; total time=   0.0s
[CV] END estimator__criterion=squared_error, estimator__max_depth=18, estimator__min_samples_split=5, estimator__n_estimators=20; total time=   0.0s
[CV] END estimator__criterion=absolute_error, estimator__max_depth=14, estimator__min_samples_split=4, estimator__n_estimators=40; total time=   0.1s
[CV] END estimator__criterion=absolute_error, estimator__max_depth=14, estimator__min_samples_split=4, estimator__n_estimators=60; total time=   0.2s
[CV] END estimator__criterion=absolute_error, estimator__max_depth=14, estimator__min_samples_split=4, estimator__n_estimators=60; total time=   0.2s
[CV] END estimator__criterion=absolute_error, estimator__max_depth=14, estimator__min_samples_split=4, estimator__n_estimators=60; total time=   0.2s
[CV] END estimator__criterion=absolute_error, estimator__max_depth=15, estimator__min_samples_split=4, estimator__n_estimators=100; total time=   0.5s
[CV] END estimator__criterion=absolute_error, estimator__max_depth=15, estimator__min_samples_split=5, estimator__n_estimators=20; total time=   0.0s
[CV] END estimator__criterion=absolute_error, estimator__max_depth=15, estimator__min_samples_split=5, estimator__n_estimators=20; total time=   0.0s
[CV] END estimator__criterion=absolute_error, estimator__max_depth=15, estimator__min_samples_split=5, estimator__n_estimators=20; total time=   0.0s
[CV] END estimator__criterion=absolute_error, estimator__max_depth=15, estimator__min_samples_split=5, estimator__n_estimators=20; total time=   0.0s
[CV] END estimator__criterion=absolute_error, estimator__max_depth=15, estimator__min_samples_split=5, estimator__n_estimators=20; total time=   0.0s
[CV] END estimator__criterion=absolute_error, estimator__max_depth=15, estimator__min_samples_split=5, estimator__n_estimators=40; total time=   0.1s
[CV] END estimator__criterion=absolute_error, estimator__max_depth=15, estimator__min_samples_split=5, estimator__n_estimators=40; total time=   0.1s
[CV] END estimator__criterion=absolute_error, estimator__max_depth=16, estimator__min_samples_split=4, estimator__n_estimators=60; total time=   0.2s
[CV] END estimator__criterion=absolute_error, estimator__max_depth=16, estimator__min_samples_split=4, estimator__n_estimators=60; total time=   0.2s
[CV] END estimator__criterion=absolute_error, estimator__max_depth=16, estimator__min_samples_split=4, estimator__n_estimators=60; total time=   0.2s
[CV] END estimator__criterion=absolute_error, estimator__max_depth=16, estimator__min_samples_split=4, estimator__n_estimators=60; total time=   0.2s
[CV] END estimator__criterion=absolute_error, estimator__max_depth=16, estimator__min_samples_split=4, estimator__n_estimators=80; total time=   0.2s
[CV] END estimator__criterion=absolute_error, estimator__max_depth=16, estimator__min_samples_split=4, estimator__n_estimators=80; total time=   0.3s
[CV] END estimator__criterion=absolute_error, estimator__max_depth=16, estimator__min_samples_split=4, estimator__n_estimators=80; total time=   0.3s
[CV] END estimator__criterion=absolute_error, estimator__max_depth=16, estimator__min_samples_split=4, estimator__n_estimators=80; total time=   0.3s
[CV] END estimator__criterion=absolute_error, estimator__max_depth=17, estimator__min_samples_split=6, estimator__n_estimators=80; total time=   0.2s
[CV] END estimator__criterion=absolute_error, estimator__max_depth=17, estimator__min_samples_split=6, estimator__n_estimators=80; total time=   0.3s
[CV] END estimator__criterion=absolute_error, estimator__max_depth=18, estimator__min_samples_split=3, estimator__n_estimators=100; total time=   0.3s
[CV] END estimator__criterion=absolute_error, estimator__max_depth=18, estimator__min_samples_split=3, estimator__n_estimators=100; total time=   0.4s
[CV] END estimator__criterion=absolute_error, estimator__max_depth=18, estimator__min_samples_split=6, estimator__n_estimators=60; total time=   0.2s
[CV] END estimator__criterion=absolute_error, estimator__max_depth=18, estimator__min_samples_split=6, estimator__n_estimators=60; total time=   0.1s[CV] END estimator__criterion=squared_error, estimator__max_depth=14, estimator__min_samples_split=2, estimator__n_estimators=60; total time=   0.0s
[CV] END estimator__criterion=squared_error, estimator__max_depth=14, estimator__min_samples_split=4, estimator__n_estimators=100; total time=   0.0s
[CV] END estimator__criterion=squared_error, estimator__max_depth=14, estimator__min_samples_split=4, estimator__n_estimators=100; total time=   0.0s
[CV] END estimator__criterion=squared_error, estimator__max_depth=14, estimator__min_samples_split=6, estimator__n_estimators=80; total time=   0.0s
[CV] END estimator__criterion=squared_error, estimator__max_depth=14, estimator__min_samples_split=6, estimator__n_estimators=80; total time=   0.0s
[CV] END estimator__criterion=squared_error, estimator__max_depth=15, estimator__min_samples_split=5, estimator__n_estimators=40; total time=   0.0s
[CV] END estimator__criterion=squared_error, estimator__max_depth=15, estimator__min_samples_split=5, estimator__n_estimators=40; total time=   0.0s
[CV] END estimator__criterion=squared_error, estimator__max_depth=15, estimator__min_samples_split=5, estimator__n_estimators=60; total time=   0.0s
[CV] END estimator__criterion=squared_error, estimator__max_depth=15, estimator__min_samples_split=5, estimator__n_estimators=60; total time=   0.0s
[CV] END estimator__criterion=squared_error, estimator__max_depth=16, estimator__min_samples_split=3, estimator__n_estimators=20; total time=   0.0s
[CV] END estimator__criterion=squared_error, estimator__max_depth=16, estimator__min_samples_split=3, estimator__n_estimators=20; total time=   0.0s
[CV] END estimator__criterion=squared_error, estimator__max_depth=16, estimator__min_samples_split=3, estimator__n_estimators=20; total time=   0.0s
[CV] END estimator__criterion=squared_error, estimator__max_depth=16, estimator__min_samples_split=3, estimator__n_estimators=20; total time=   0.0s
[CV] END estimator__criterion=squared_error, estimator__max_depth=16, estimator__min_samples_split=4, estimator__n_estimators=60; total time=   0.0s
[CV] END estimator__criterion=squared_error, estimator__max_depth=16, estimator__min_samples_split=4, estimator__n_estimators=60; total time=   0.0s
[CV] END estimator__criterion=squared_error, estimator__max_depth=16, estimator__min_samples_split=4, estimator__n_estimators=60; total time=   0.0s
[CV] END estimator__criterion=squared_error, estimator__max_depth=16, estimator__min_samples_split=4, estimator__n_estimators=80; total time=   0.0s
[CV] END estimator__criterion=squared_error, estimator__max_depth=17, estimator__min_samples_split=3, estimator__n_estimators=80; total time=   0.0s
[CV] END estimator__criterion=squared_error, estimator__max_depth=17, estimator__min_samples_split=3, estimator__n_estimators=80; total time=   0.0s
[CV] END estimator__criterion=squared_error, estimator__max_depth=17, estimator__min_samples_split=3, estimator__n_estimators=80; total time=   0.0s
[CV] END estimator__criterion=squared_error, estimator__max_depth=17, estimator__min_samples_split=3, estimator__n_estimators=80; total time=   0.0s
[CV] END estimator__criterion=squared_error, estimator__max_depth=18, estimator__min_samples_split=4, estimator__n_estimators=20; total time=   0.0s
[CV] END estimator__criterion=squared_error, estimator__max_depth=18, estimator__min_samples_split=4, estimator__n_estimators=20; total time=   0.0s
[CV] END estimator__criterion=squared_error, estimator__max_depth=18, estimator__min_samples_split=4, estimator__n_estimators=20; total time=   0.0s
[CV] END estimator__criterion=squared_error, estimator__max_depth=18, estimator__min_samples_split=4, estimator__n_estimators=40; total time=   0.0s
[CV] END estimator__criterion=squared_error, estimator__max_depth=18, estimator__min_samples_split=6, estimator__n_estimators=20; total time=   0.0s
[CV] END estimator__criterion=squared_error, estimator__max_depth=18, estimator__min_samples_split=6, estimator__n_estimators=40; total time=   0.0s
[CV] END estimator__criterion=squared_error, estimator__max_depth=18, estimator__min_samples_split=6, estimator__n_estimators=40; total time=   0.0s
[CV] END estimator__criterion=squared_error, estimator__max_depth=18, estimator__min_samples_split=6, estimator__n_estimators=40; total time=   0.0s
[CV] END estimator__criterion=absolute_error, estimator__max_depth=14, estimator__min_samples_split=3, estimator__n_estimators=20; total time=   0.0s
[CV] END estimator__criterion=absolute_error, estimator__max_depth=14, estimator__min_samples_split=3, estimator__n_estimators=20; total time=   0.0s
[CV] END estimator__criterion=absolute_error, estimator__max_depth=14, estimator__min_samples_split=3, estimator__n_estimators=20; total time=   0.0s
[CV] END estimator__criterion=absolute_error, estimator__max_depth=14, estimator__min_samples_split=3, estimator__n_estimators=40; total time=   0.1s
[CV] END estimator__criterion=absolute_error, estimator__max_depth=15, estimator__min_samples_split=2, estimator__n_estimators=80; total time=   0.3s
[CV] END estimator__criterion=absolute_error, estimator__max_depth=15, estimator__min_samples_split=2, estimator__n_estimators=80; total time=   0.3s
[CV] END estimator__criterion=absolute_error, estimator__max_depth=15, estimator__min_samples_split=2, estimator__n_estimators=100; total time=   0.4s
[CV] END estimator__criterion=absolute_error, estimator__max_depth=15, estimator__min_samples_split=2, estimator__n_estimators=100; total time=   0.4s
[CV] END estimator__criterion=absolute_error, estimator__max_depth=15, estimator__min_samples_split=2, estimator__n_estimators=100; total time=   0.4s
[CV] END estimator__criterion=absolute_error, estimator__max_depth=15, estimator__min_samples_split=2, estimator__n_estimators=100; total time=   0.4s
[CV] END estimator__criterion=absolute_error, estimator__max_depth=15, estimator__min_samples_split=2, estimator__n_estimators=100; total time=   0.4s
[CV] END estimator__criterion=absolute_error, estimator__max_depth=15, estimator__min_samples_split=3, estimator__n_estimators=20; total time=   0.0s
[CV] END estimator__criterion=absolute_error, estimator__max_depth=17, estimator__min_samples_split=4, estimator__n_estimators=40; total time=   0.1s
[CV] END estimator__criterion=absolute_error, estimator__max_depth=17, estimator__min_samples_split=4, estimator__n_estimators=40; total time=   0.1s
[CV] END estimator__criterion=absolute_error, estimator__max_depth=17, estimator__min_samples_split=4, estimator__n_estimators=40; total time=   0.1s
[CV] END estimator__criterion=absolute_error, estimator__max_depth=17, estimator__min_samples_split=4, estimator__n_estimators=40; total time=   0.1s
[CV] END estimator__criterion=absolute_error, estimator__max_depth=17, estimator__min_samples_split=4, estimator__n_estimators=60; total time=   0.2s
[CV] END estimator__criterion=absolute_error, estimator__max_depth=17, estimator__min_samples_split=4, estimator__n_estimators=60; total time=   0.2s
[CV] END estimator__criterion=absolute_error, estimator__max_depth=17, estimator__min_samples_split=4, estimator__n_estimators=60; total time=   0.2s
[CV] END estimator__criterion=absolute_error, estimator__max_depth=17, estimator__min_samples_split=4, estimator__n_estimators=60; total time=   0.2s
[CV] END estimator__criterion=absolute_error, estimator__max_depth=18, estimator__min_samples_split=2, estimator__n_estimators=100; total time=   0.4s
[CV] END estimator__criterion=absolute_error, estimator__max_depth=18, estimator__min_samples_split=2, estimator__n_estimators=100; total time=   0.4s
[CV] END estimator__criterion=absolute_error, estimator__max_depth=18, estimator__min_samples_split=5, estimator__n_estimators=40; total time=   0.1s
[CV] END estimator__criterion=absolute_error, estimator__max_depth=18, estimator__min_samples_split=5, estimator__n_estimators=40; total time=   0.1s
[CV] END estimator__criterion=absolute_error, estimator__max_depth=18, estimator__min_samples_split=6, estimator__n_estimators=80; total time=   0.2s
[CV] END estimator__criterion=absolute_error, estimator__max_depth=18, estimator__min_samples_split=6, estimator__n_estimators=100; total time=   0.3sFitting 5 folds for each of 250 candidates, totalling 1250 fits
[DONE] Family fit complete | family=ERT elapsed=17.58s best_score=0.7552750021186758 best_params={'estimator__criterion': 'absolute_error', 'estimator__max_depth': 14, 'estimator__min_samples_split': 4, 'estimator__n_estimators': 40}
[INFO] Evaluating family bank
[INFO] Family evaluation started | family=ERT targets=1
[DONE] Family evaluation complete | family=ERT elapsed=0.00s mean_component_mape=12.086% mean_component_mae=0.292401
[INFO] Evaluation complete | winner=ERT mean_component_mape=12.086%
[INFO] Exporting ONNX family bank
[INFO] Family ONNX export started | family=ERT targets=1 estimator=ExtraTreesRegressor
[WARN] Target ONNX export failed | family=ERT target=fft_y_Fw_filtered_phase_162 error='NoneType' object is not callable
[DONE] Family ONNX export complete | family=ERT elapsed=0.00s exported=0 failed=1
[INFO] ONNX export complete | exported=0 failed=1
[DONE] Exact paper validation summary written | output/validation_checks/paper_reimplementation_rcim_exact_model_bank/2026-04-19-05-15-22__track1_ert_phase_162_closure_attempt_03_campaign_run/validation_summary.yaml
[DONE] Exact paper Markdown report written | doc/reports/analysis/validation_checks/2026-04-19-05-15-39_paper_reimplementation_rcim_exact_model_bank_track1_ert_phase_162_closure_attempt_03_campaign_run_exact_paper_model_bank_report.md
[CV] END estimator__criterion=squared_error, estimator__max_depth=14, estimator__min_samples_split=2, estimator__n_estimators=100; total time=   0.0s
[CV] END estimator__criterion=squared_error, estimator__max_depth=15, estimator__min_samples_split=5, estimator__n_estimators=100; total time=   0.0s
[CV] END estimator__criterion=squared_error, estimator__max_depth=15, estimator__min_samples_split=6, estimator__n_estimators=20; total time=   0.0s
[CV] END estimator__criterion=squared_error, estimator__max_depth=15, estimator__min_samples_split=6, estimator__n_estimators=20; total time=   0.0s
[CV] END estimator__criterion=squared_error, estimator__max_depth=15, estimator__min_samples_split=6, estimator__n_estimators=20; total time=   0.0s
[CV] END estimator__criterion=squared_error, estimator__max_depth=16, estimator__min_samples_split=2, estimator__n_estimators=60; total time=   0.0s
[CV] END estimator__criterion=squared_error, estimator__max_depth=16, estimator__min_samples_split=2, estimator__n_estimators=80; total time=   0.0s
[CV] END estimator__criterion=squared_error, estimator__max_depth=16, estimator__min_samples_split=2, estimator__n_estimators=80; total time=   0.0s
[CV] END estimator__criterion=squared_error, estimator__max_depth=16, estimator__min_samples_split=2, estimator__n_estimators=80; total time=   0.0s
[CV] END estimator__criterion=squared_error, estimator__max_depth=17, estimator__min_samples_split=2, estimator__n_estimators=80; total time=   0.0s
[CV] END estimator__criterion=squared_error, estimator__max_depth=17, estimator__min_samples_split=2, estimator__n_estimators=80; total time=   0.0s
[CV] END estimator__criterion=squared_error, estimator__max_depth=17, estimator__min_samples_split=2, estimator__n_estimators=80; total time=   0.0s
[CV] END estimator__criterion=squared_error, estimator__max_depth=17, estimator__min_samples_split=2, estimator__n_estimators=100; total time=   0.0s
[CV] END estimator__criterion=squared_error, estimator__max_depth=18, estimator__min_samples_split=3, estimator__n_estimators=40; total time=   0.0s
[CV] END estimator__criterion=squared_error, estimator__max_depth=18, estimator__min_samples_split=3, estimator__n_estimators=40; total time=   0.0s
[CV] END estimator__criterion=squared_error, estimator__max_depth=18, estimator__min_samples_split=3, estimator__n_estimators=40; total time=   0.0s
[CV] END estimator__criterion=squared_error, estimator__max_depth=18, estimator__min_samples_split=3, estimator__n_estimators=60; total time=   0.0s
[CV] END estimator__criterion=squared_error, estimator__max_depth=18, estimator__min_samples_split=6, estimator__n_estimators=80; total time=   0.0s
[CV] END estimator__criterion=squared_error, estimator__max_depth=18, estimator__min_samples_split=6, estimator__n_estimators=80; total time=   0.0s
[CV] END estimator__criterion=squared_error, estimator__max_depth=18, estimator__min_samples_split=6, estimator__n_estimators=80; total time=   0.0s
[CV] END estimator__criterion=squared_error, estimator__max_depth=18, estimator__min_samples_split=6, estimator__n_estimators=80; total time=   0.0s
[CV] END estimator__criterion=absolute_error, estimator__max_depth=14, estimator__min_samples_split=5, estimator__n_estimators=100; total time=   0.4s
[CV] END estimator__criterion=absolute_error, estimator__max_depth=14, estimator__min_samples_split=5, estimator__n_estimators=100; total time=   0.3s
[CV] END estimator__criterion=absolute_error, estimator__max_depth=14, estimator__min_samples_split=5, estimator__n_estimators=100; total time=   0.3s
[CV] END estimator__criterion=absolute_error, estimator__max_depth=14, estimator__min_samples_split=5, estimator__n_estimators=100; total time=   0.3s
[CV] END estimator__criterion=absolute_error, estimator__max_depth=14, estimator__min_samples_split=5, estimator__n_estimators=100; total time=   0.4s
[CV] END estimator__criterion=absolute_error, estimator__max_depth=14, estimator__min_samples_split=6, estimator__n_estimators=20; total time=   0.0s
[CV] END estimator__criterion=absolute_error, estimator__max_depth=14, estimator__min_samples_split=6, estimator__n_estimators=20; total time=   0.0s
[CV] END estimator__criterion=absolute_error, estimator__max_depth=14, estimator__min_samples_split=6, estimator__n_estimators=20; total time=   0.0s
[CV] END estimator__criterion=absolute_error, estimator__max_depth=16, estimator__min_samples_split=4, estimator__n_estimators=80; total time=   0.2s
[CV] END estimator__criterion=absolute_error, estimator__max_depth=16, estimator__min_samples_split=4, estimator__n_estimators=100; total time=   0.3s
[CV] END estimator__criterion=absolute_error, estimator__max_depth=16, estimator__min_samples_split=4, estimator__n_estimators=100; total time=   0.3s
[CV] END estimator__criterion=absolute_error, estimator__max_depth=16, estimator__min_samples_split=4, estimator__n_estimators=100; total time=   0.3s
[CV] END estimator__criterion=absolute_error, estimator__max_depth=16, estimator__min_samples_split=4, estimator__n_estimators=100; total time=   0.3s
[CV] END estimator__criterion=absolute_error, estimator__max_depth=16, estimator__min_samples_split=4, estimator__n_estimators=100; total time=   0.4s
[CV] END estimator__criterion=absolute_error, estimator__max_depth=16, estimator__min_samples_split=5, estimator__n_estimators=20; total time=   0.0s
[CV] END estimator__criterion=absolute_error, estimator__max_depth=16, estimator__min_samples_split=5, estimator__n_estimators=20; total time=   0.0s
[CV] END estimator__criterion=absolute_error, estimator__max_depth=18, estimator__min_samples_split=2, estimator__n_estimators=40; total time=   0.1s
[CV] END estimator__criterion=absolute_error, estimator__max_depth=18, estimator__min_samples_split=2, estimator__n_estimators=40; total time=   0.1s
[CV] END estimator__criterion=absolute_error, estimator__max_depth=18, estimator__min_samples_split=3, estimator__n_estimators=20; total time=   0.0s
[CV] END estimator__criterion=absolute_error, estimator__max_depth=18, estimator__min_samples_split=3, estimator__n_estimators=40; total time=   0.1s
[CV] END estimator__criterion=absolute_error, estimator__max_depth=18, estimator__min_samples_split=4, estimator__n_estimators=20; total time=   0.0s
[CV] END estimator__criterion=absolute_error, estimator__max_depth=18, estimator__min_samples_split=4, estimator__n_estimators=20; total time=   0.0s
[CV] END estimator__criterion=absolute_error, estimator__max_depth=18, estimator__min_samples_split=4, estimator__n_estimators=80; total time=   0.3s
[CV] END estimator__criterion=absolute_error, estimator__max_depth=18, estimator__min_samples_split=4, estimator__n_estimators=80; total time=   0.3s
[CV] END estimator__criterion=squared_error, estimator__max_depth=14, estimator__min_samples_split=2, estimator__n_estimators=60; total time=   0.0s
[CV] END estimator__criterion=squared_error, estimator__max_depth=14, estimator__min_samples_split=5, estimator__n_estimators=100; total time=   0.0s
[CV] END estimator__criterion=squared_error, estimator__max_depth=14, estimator__min_samples_split=5, estimator__n_estimators=100; total time=   0.0s
[CV] END estimator__criterion=squared_error, estimator__max_depth=15, estimator__min_samples_split=2, estimator__n_estimators=80; total time=   0.0s
[CV] END estimator__criterion=squared_error, estimator__max_depth=15, estimator__min_samples_split=2, estimator__n_estimators=100; total time=   0.0s
[CV] END estimator__criterion=squared_error, estimator__max_depth=15, estimator__min_samples_split=2, estimator__n_estimators=100; total time=   0.1s
[CV] END estimator__criterion=squared_error, estimator__max_depth=15, estimator__min_samples_split=2, estimator__n_estimators=100; total time=   0.0s
[CV] END estimator__criterion=squared_error, estimator__max_depth=16, estimator__min_samples_split=5, estimator__n_estimators=80; total time=   0.0s
[CV] END estimator__criterion=squared_error, estimator__max_depth=16, estimator__min_samples_split=5, estimator__n_estimators=100; total time=   0.0s
[CV] END estimator__criterion=squared_error, estimator__max_depth=16, estimator__min_samples_split=5, estimator__n_estimators=100; total time=   0.0s
[CV] END estimator__criterion=squared_error, estimator__max_depth=16, estimator__min_samples_split=5, estimator__n_estimators=100; total time=   0.0s
[CV] END estimator__criterion=squared_error, estimator__max_depth=17, estimator__min_samples_split=6, estimator__n_estimators=100; total time=   0.0s
[CV] END estimator__criterion=squared_error, estimator__max_depth=17, estimator__min_samples_split=6, estimator__n_estimators=100; total time=   0.0s
[CV] END estimator__criterion=squared_error, estimator__max_depth=17, estimator__min_samples_split=6, estimator__n_estimators=100; total time=   0.0s
[CV] END estimator__criterion=squared_error, estimator__max_depth=17, estimator__min_samples_split=6, estimator__n_estimators=100; total time=   0.0s
[CV] END estimator__criterion=absolute_error, estimator__max_depth=14, estimator__min_samples_split=2, estimator__n_estimators=80; total time=   0.3s
[CV] END estimator__criterion=absolute_error, estimator__max_depth=14, estimator__min_samples_split=2, estimator__n_estimators=100; total time=   0.5s
[CV] END estimator__criterion=absolute_error, estimator__max_depth=14, estimator__min_samples_split=2, estimator__n_estimators=100; total time=   0.5s
[CV] END estimator__criterion=absolute_error, estimator__max_depth=14, estimator__min_samples_split=2, estimator__n_estimators=100; total time=   0.4s
[CV] END estimator__criterion=absolute_error, estimator__max_depth=16, estimator__min_samples_split=3, estimator__n_estimators=100; total time=   0.5s
[CV] END estimator__criterion=absolute_error, estimator__max_depth=16, estimator__min_samples_split=3, estimator__n_estimators=100; total time=   0.5s
[CV] END estimator__criterion=absolute_error, estimator__max_depth=16, estimator__min_samples_split=3, estimator__n_estimators=100; total time=   0.4s
[CV] END estimator__criterion=absolute_error, estimator__max_depth=16, estimator__min_samples_split=3, estimator__n_estimators=100; total time=   0.4s
[CV] END estimator__criterion=absolute_error, estimator__max_depth=16, estimator__min_samples_split=3, estimator__n_estimators=100; total time=   0.4s
[CV] END estimator__criterion=absolute_error, estimator__max_depth=16, estimator__min_samples_split=4, estimator__n_estimators=20; total time=   0.0s
[CV] END estimator__criterion=absolute_error, estimator__max_depth=16, estimator__min_samples_split=4, estimator__n_estimators=20; total time=   0.0s
[CV] END estimator__criterion=absolute_error, estimator__max_depth=16, estimator__min_samples_split=4, estimator__n_estimators=20; total time=   0.0s
[CV] END estimator__criterion=absolute_error, estimator__max_depth=17, estimator__min_samples_split=5, estimator__n_estimators=100; total time=   0.4s
[CV] END estimator__criterion=absolute_error, estimator__max_depth=17, estimator__min_samples_split=6, estimator__n_estimators=100; total time=   0.3s
[CV] END estimator__criterion=absolute_error, estimator__max_depth=17, estimator__min_samples_split=6, estimator__n_estimators=100; total time=   0.3s
[CV] END estimator__criterion=absolute_error, estimator__max_depth=18, estimator__min_samples_split=4, estimator__n_estimators=40; total time=   0.1s
[CV] END estimator__criterion=absolute_error, estimator__max_depth=18, estimator__min_samples_split=4, estimator__n_estimators=40; total time=   0.1s
[CV] END estimator__criterion=absolute_error, estimator__max_depth=18, estimator__min_samples_split=5, estimator__n_estimators=20; total time=   0.0s
[CV] END estimator__criterion=absolute_error, estimator__max_depth=18, estimator__min_samples_split=5, estimator__n_estimators=40; total time=   0.1s
[CV] END estimator__criterion=absolute_error, estimator__max_depth=18, estimator__min_samples_split=6, estimator__n_estimators=40; total time=   0.1s
[CV] END estimator__criterion=absolute_error, estimator__max_depth=18, estimator__min_samples_split=6, estimator__n_estimators=40; total time=   0.1s
[CV] END estimator__criterion=squared_error, estimator__max_depth=14, estimator__min_samples_split=2, estimator__n_estimators=100; total time=   0.0s
[CV] END estimator__criterion=squared_error, estimator__max_depth=15, estimator__min_samples_split=3, estimator__n_estimators=60; total time=   0.0s
[CV] END estimator__criterion=squared_error, estimator__max_depth=15, estimator__min_samples_split=3, estimator__n_estimators=80; total time=   0.0s
[CV] END estimator__criterion=squared_error, estimator__max_depth=15, estimator__min_samples_split=3, estimator__n_estimators=80; total time=   0.0s
[CV] END estimator__criterion=squared_error, estimator__max_depth=15, estimator__min_samples_split=3, estimator__n_estimators=80; total time=   0.0s
[CV] END estimator__criterion=squared_error, estimator__max_depth=16, estimator__min_samples_split=4, estimator__n_estimators=20; total time=   0.0s
[CV] END estimator__criterion=squared_error, estimator__max_depth=16, estimator__min_samples_split=4, estimator__n_estimators=20; total time=   0.0s
[CV] END estimator__criterion=squared_error, estimator__max_depth=16, estimator__min_samples_split=4, estimator__n_estimators=20; total time=   0.0s
[CV] END estimator__criterion=squared_error, estimator__max_depth=16, estimator__min_samples_split=4, estimator__n_estimators=20; total time=   0.0s
[CV] END estimator__criterion=squared_error, estimator__max_depth=16, estimator__min_samples_split=5, estimator__n_estimators=20; total time=   0.0s
[CV] END estimator__criterion=squared_error, estimator__max_depth=16, estimator__min_samples_split=5, estimator__n_estimators=20; total time=   0.0s
[CV] END estimator__criterion=squared_error, estimator__max_depth=16, estimator__min_samples_split=5, estimator__n_estimators=40; total time=   0.0s
[CV] END estimator__criterion=squared_error, estimator__max_depth=16, estimator__min_samples_split=5, estimator__n_estimators=40; total time=   0.0s
[CV] END estimator__criterion=squared_error, estimator__max_depth=17, estimator__min_samples_split=2, estimator__n_estimators=40; total time=   0.0s
[CV] END estimator__criterion=squared_error, estimator__max_depth=17, estimator__min_samples_split=2, estimator__n_estimators=40; total time=   0.0s
[CV] END estimator__criterion=squared_error, estimator__max_depth=17, estimator__min_samples_split=2, estimator__n_estimators=40; total time=   0.0s
[CV] END estimator__criterion=squared_error, estimator__max_depth=17, estimator__min_samples_split=2, estimator__n_estimators=40; total time=   0.0s
[CV] END estimator__criterion=squared_error, estimator__max_depth=17, estimator__min_samples_split=5, estimator__n_estimators=20; total time=   0.0s
[CV] END estimator__criterion=squared_error, estimator__max_depth=17, estimator__min_samples_split=5, estimator__n_estimators=20; total time=   0.0s
[CV] END estimator__criterion=squared_error, estimator__max_depth=17, estimator__min_samples_split=5, estimator__n_estimators=20; total time=   0.0s
[CV] END estimator__criterion=squared_error, estimator__max_depth=17, estimator__min_samples_split=5, estimator__n_estimators=40; total time=   0.0s
[CV] END estimator__criterion=squared_error, estimator__max_depth=17, estimator__min_samples_split=6, estimator__n_estimators=80; total time=   0.0s
[CV] END estimator__criterion=squared_error, estimator__max_depth=17, estimator__min_samples_split=6, estimator__n_estimators=80; total time=   0.0s
[CV] END estimator__criterion=squared_error, estimator__max_depth=17, estimator__min_samples_split=6, estimator__n_estimators=80; total time=   0.0s
[CV] END estimator__criterion=squared_error, estimator__max_depth=17, estimator__min_samples_split=6, estimator__n_estimators=100; total time=   0.0s
[CV] END estimator__criterion=squared_error, estimator__max_depth=18, estimator__min_samples_split=6, estimator__n_estimators=100; total time=   0.0s
[CV] END estimator__criterion=absolute_error, estimator__max_depth=14, estimator__min_samples_split=2, estimator__n_estimators=20; total time=   0.0s
[CV] END estimator__criterion=absolute_error, estimator__max_depth=14, estimator__min_samples_split=2, estimator__n_estimators=20; total time=   0.0s
[CV] END estimator__criterion=absolute_error, estimator__max_depth=14, estimator__min_samples_split=2, estimator__n_estimators=20; total time=   0.0s
[CV] END estimator__criterion=absolute_error, estimator__max_depth=14, estimator__min_samples_split=6, estimator__n_estimators=80; total time=   0.2s
[CV] END estimator__criterion=absolute_error, estimator__max_depth=14, estimator__min_samples_split=6, estimator__n_estimators=100; total time=   0.3s
[CV] END estimator__criterion=absolute_error, estimator__max_depth=14, estimator__min_samples_split=6, estimator__n_estimators=100; total time=   0.3s
[CV] END estimator__criterion=absolute_error, estimator__max_depth=14, estimator__min_samples_split=6, estimator__n_estimators=100; total time=   0.3s
[CV] END estimator__criterion=absolute_error, estimator__max_depth=14, estimator__min_samples_split=6, estimator__n_estimators=100; total time=   0.4s
[CV] END estimator__criterion=absolute_error, estimator__max_depth=14, estimator__min_samples_split=6, estimator__n_estimators=100; total time=   0.3s
[CV] END estimator__criterion=absolute_error, estimator__max_depth=15, estimator__min_samples_split=2, estimator__n_estimators=20; total time=   0.0s
[CV] END estimator__criterion=absolute_error, estimator__max_depth=15, estimator__min_samples_split=2, estimator__n_estimators=20; total time=   0.0s
[CV] END estimator__criterion=absolute_error, estimator__max_depth=16, estimator__min_samples_split=5, estimator__n_estimators=60; total time=   0.2s
[CV] END estimator__criterion=absolute_error, estimator__max_depth=16, estimator__min_samples_split=5, estimator__n_estimators=60; total time=   0.2s
[CV] END estimator__criterion=absolute_error, estimator__max_depth=16, estimator__min_samples_split=5, estimator__n_estimators=60; total time=   0.2s
[CV] END estimator__criterion=absolute_error, estimator__max_depth=16, estimator__min_samples_split=5, estimator__n_estimators=60; total time=   0.2s
[CV] END estimator__criterion=absolute_error, estimator__max_depth=16, estimator__min_samples_split=5, estimator__n_estimators=60; total time=   0.2s
[CV] END estimator__criterion=absolute_error, estimator__max_depth=16, estimator__min_samples_split=5, estimator__n_estimators=80; total time=   0.3s
[CV] END estimator__criterion=absolute_error, estimator__max_depth=16, estimator__min_samples_split=5, estimator__n_estimators=80; total time=   0.2s
[CV] END estimator__criterion=absolute_error, estimator__max_depth=16, estimator__min_samples_split=5, estimator__n_estimators=80; total time=   0.2s
[CV] END estimator__criterion=absolute_error, estimator__max_depth=18, estimator__min_samples_split=2, estimator__n_estimators=20; total time=   0.0s
[CV] END estimator__criterion=absolute_error, estimator__max_depth=18, estimator__min_samples_split=2, estimator__n_estimators=20; total time=   0.0s
[CV] END estimator__criterion=absolute_error, estimator__max_depth=18, estimator__min_samples_split=2, estimator__n_estimators=80; total time=   0.3s
[CV] END estimator__criterion=absolute_error, estimator__max_depth=18, estimator__min_samples_split=2, estimator__n_estimators=80; total time=   0.3s
[CV] END estimator__criterion=absolute_error, estimator__max_depth=18, estimator__min_samples_split=4, estimator__n_estimators=80; total time=   0.3s
[CV] END estimator__criterion=absolute_error, estimator__max_depth=18, estimator__min_samples_split=4, estimator__n_estimators=100; total time=   0.4s
[CV] END estimator__criterion=squared_error, estimator__max_depth=14, estimator__min_samples_split=2, estimator__n_estimators=40; total time=   0.0s
[CV] END estimator__criterion=squared_error, estimator__max_depth=15, estimator__min_samples_split=4, estimator__n_estimators=40; total time=   0.0s
[CV] END estimator__criterion=squared_error, estimator__max_depth=15, estimator__min_samples_split=4, estimator__n_estimators=60; total time=   0.0s
[CV] END estimator__criterion=squared_error, estimator__max_depth=15, estimator__min_samples_split=4, estimator__n_estimators=60; total time=   0.0s
[CV] END estimator__criterion=squared_error, estimator__max_depth=15, estimator__min_samples_split=4, estimator__n_estimators=60; total time=   0.0s
[CV] END estimator__criterion=squared_error, estimator__max_depth=16, estimator__min_samples_split=2, estimator__n_estimators=100; total time=   0.0s
[CV] END estimator__criterion=squared_error, estimator__max_depth=16, estimator__min_samples_split=2, estimator__n_estimators=100; total time=   0.0s
[CV] END estimator__criterion=squared_error, estimator__max_depth=16, estimator__min_samples_split=2, estimator__n_estimators=100; total time=   0.0s
[CV] END estimator__criterion=squared_error, estimator__max_depth=16, estimator__min_samples_split=3, estimator__n_estimators=20; total time=   0.0s
[CV] END estimator__criterion=squared_error, estimator__max_depth=17, estimator__min_samples_split=3, estimator__n_estimators=60; total time=   0.0s
[CV] END estimator__criterion=squared_error, estimator__max_depth=17, estimator__min_samples_split=3, estimator__n_estimators=60; total time=   0.0s
[CV] END estimator__criterion=squared_error, estimator__max_depth=17, estimator__min_samples_split=3, estimator__n_estimators=60; total time=   0.0s
[CV] END estimator__criterion=squared_error, estimator__max_depth=17, estimator__min_samples_split=3, estimator__n_estimators=80; total time=   0.0s
[CV] END estimator__criterion=squared_error, estimator__max_depth=18, estimator__min_samples_split=2, estimator__n_estimators=80; total time=   0.0s
[CV] END estimator__criterion=squared_error, estimator__max_depth=18, estimator__min_samples_split=2, estimator__n_estimators=80; total time=   0.0s
[CV] END estimator__criterion=squared_error, estimator__max_depth=18, estimator__min_samples_split=2, estimator__n_estimators=80; total time=   0.0s
[CV] END estimator__criterion=squared_error, estimator__max_depth=18, estimator__min_samples_split=2, estimator__n_estimators=80; total time=   0.0s
[CV] END estimator__criterion=absolute_error, estimator__max_depth=14, estimator__min_samples_split=3, estimator__n_estimators=60; total time=   0.2s
[CV] END estimator__criterion=absolute_error, estimator__max_depth=14, estimator__min_samples_split=3, estimator__n_estimators=60; total time=   0.2s
[CV] END estimator__criterion=absolute_error, estimator__max_depth=14, estimator__min_samples_split=3, estimator__n_estimators=60; total time=   0.2s
[CV] END estimator__criterion=absolute_error, estimator__max_depth=14, estimator__min_samples_split=3, estimator__n_estimators=60; total time=   0.2s
[CV] END estimator__criterion=absolute_error, estimator__max_depth=15, estimator__min_samples_split=4, estimator__n_estimators=40; total time=   0.1s
[CV] END estimator__criterion=absolute_error, estimator__max_depth=15, estimator__min_samples_split=4, estimator__n_estimators=40; total time=   0.1s
[CV] END estimator__criterion=absolute_error, estimator__max_depth=15, estimator__min_samples_split=4, estimator__n_estimators=60; total time=   0.2s
[CV] END estimator__criterion=absolute_error, estimator__max_depth=15, estimator__min_samples_split=4, estimator__n_estimators=60; total time=   0.2s
[CV] END estimator__criterion=absolute_error, estimator__max_depth=15, estimator__min_samples_split=4, estimator__n_estimators=60; total time=   0.2s
[CV] END estimator__criterion=absolute_error, estimator__max_depth=15, estimator__min_samples_split=4, estimator__n_estimators=60; total time=   0.2s
[CV] END estimator__criterion=absolute_error, estimator__max_depth=15, estimator__min_samples_split=4, estimator__n_estimators=60; total time=   0.2s
[CV] END estimator__criterion=absolute_error, estimator__max_depth=15, estimator__min_samples_split=4, estimator__n_estimators=80; total time=   0.3s
[CV] END estimator__criterion=absolute_error, estimator__max_depth=17, estimator__min_samples_split=2, estimator__n_estimators=20; total time=   0.0s
[CV] END estimator__criterion=absolute_error, estimator__max_depth=17, estimator__min_samples_split=2, estimator__n_estimators=20; total time=   0.0s
[CV] END estimator__criterion=absolute_error, estimator__max_depth=17, estimator__min_samples_split=2, estimator__n_estimators=20; total time=   0.0s
[CV] END estimator__criterion=absolute_error, estimator__max_depth=17, estimator__min_samples_split=2, estimator__n_estimators=20; total time=   0.0s
[CV] END estimator__criterion=absolute_error, estimator__max_depth=17, estimator__min_samples_split=2, estimator__n_estimators=20; total time=   0.0s
[CV] END estimator__criterion=absolute_error, estimator__max_depth=17, estimator__min_samples_split=2, estimator__n_estimators=40; total time=   0.1s
[CV] END estimator__criterion=absolute_error, estimator__max_depth=17, estimator__min_samples_split=2, estimator__n_estimators=40; total time=   0.1s
[CV] END estimator__criterion=absolute_error, estimator__max_depth=17, estimator__min_samples_split=2, estimator__n_estimators=40; total time=   0.1s
[CV] END estimator__criterion=absolute_error, estimator__max_depth=17, estimator__min_samples_split=5, estimator__n_estimators=40; total time=   0.1s
[CV] END estimator__criterion=absolute_error, estimator__max_depth=17, estimator__min_samples_split=5, estimator__n_estimators=60; total time=   0.2s
[CV] END estimator__criterion=absolute_error, estimator__max_depth=17, estimator__min_samples_split=5, estimator__n_estimators=80; total time=   0.2s
[CV] END estimator__criterion=absolute_error, estimator__max_depth=17, estimator__min_samples_split=6, estimator__n_estimators=20; total time=   0.0s
[CV] END estimator__criterion=absolute_error, estimator__max_depth=17, estimator__min_samples_split=6, estimator__n_estimators=60; total time=   0.2s
[CV] END estimator__criterion=absolute_error, estimator__max_depth=17, estimator__min_samples_split=6, estimator__n_estimators=60; total time=   0.2s
[CV] END estimator__criterion=absolute_error, estimator__max_depth=18, estimator__min_samples_split=2, estimator__n_estimators=100; total time=   0.4s
[CV] END estimator__criterion=absolute_error, estimator__max_depth=18, estimator__min_samples_split=2, estimator__n_estimators=100; total time=   0.4s
[CV] END estimator__criterion=absolute_error, estimator__max_depth=18, estimator__min_samples_split=5, estimator__n_estimators=60; total time=   0.2s
[CV] END estimator__criterion=absolute_error, estimator__max_depth=18, estimator__min_samples_split=5, estimator__n_estimators=60; total time=   0.2s
[CV] END estimator__criterion=absolute_error, estimator__max_depth=18, estimator__min_samples_split=6, estimator__n_estimators=40; total time=   0.1s
[CV] END estimator__criterion=squared_error, estimator__max_depth=14, estimator__min_samples_split=2, estimator__n_estimators=60; total time=   0.0s
[CV] END estimator__criterion=squared_error, estimator__max_depth=15, estimator__min_samples_split=3, estimator__n_estimators=60; total time=   0.0s
[CV] END estimator__criterion=squared_error, estimator__max_depth=15, estimator__min_samples_split=3, estimator__n_estimators=60; total time=   0.0s
[CV] END estimator__criterion=squared_error, estimator__max_depth=15, estimator__min_samples_split=3, estimator__n_estimators=60; total time=   0.0s
[CV] END estimator__criterion=squared_error, estimator__max_depth=15, estimator__min_samples_split=3, estimator__n_estimators=60; total time=   0.0s
[CV] END estimator__criterion=squared_error, estimator__max_depth=16, estimator__min_samples_split=3, estimator__n_estimators=40; total time=   0.0s
[CV] END estimator__criterion=squared_error, estimator__max_depth=16, estimator__min_samples_split=3, estimator__n_estimators=40; total time=   0.0s
[CV] END estimator__criterion=squared_error, estimator__max_depth=16, estimator__min_samples_split=3, estimator__n_estimators=40; total time=   0.0s
[CV] END estimator__criterion=squared_error, estimator__max_depth=16, estimator__min_samples_split=3, estimator__n_estimators=40; total time=   0.0s
[CV] END estimator__criterion=squared_error, estimator__max_depth=16, estimator__min_samples_split=6, estimator__n_estimators=60; total time=   0.0s
[CV] END estimator__criterion=squared_error, estimator__max_depth=16, estimator__min_samples_split=6, estimator__n_estimators=60; total time=   0.0s
[CV] END estimator__criterion=squared_error, estimator__max_depth=16, estimator__min_samples_split=6, estimator__n_estimators=60; total time=   0.0s
[CV] END estimator__criterion=squared_error, estimator__max_depth=16, estimator__min_samples_split=6, estimator__n_estimators=60; total time=   0.0s
[CV] END estimator__criterion=squared_error, estimator__max_depth=17, estimator__min_samples_split=4, estimator__n_estimators=80; total time=   0.0s
[CV] END estimator__criterion=squared_error, estimator__max_depth=17, estimator__min_samples_split=4, estimator__n_estimators=80; total time=   0.0s
[CV] END estimator__criterion=squared_error, estimator__max_depth=17, estimator__min_samples_split=4, estimator__n_estimators=80; total time=   0.0s
[CV] END estimator__criterion=squared_error, estimator__max_depth=17, estimator__min_samples_split=4, estimator__n_estimators=80; total time=   0.0s
[CV] END estimator__criterion=squared_error, estimator__max_depth=18, estimator__min_samples_split=4, estimator__n_estimators=80; total time=   0.0s
[CV] END estimator__criterion=squared_error, estimator__max_depth=18, estimator__min_samples_split=4, estimator__n_estimators=80; total time=   0.0s
[CV] END estimator__criterion=squared_error, estimator__max_depth=18, estimator__min_samples_split=4, estimator__n_estimators=100; total time=   0.0s
[CV] END estimator__criterion=squared_error, estimator__max_depth=18, estimator__min_samples_split=4, estimator__n_estimators=100; total time=   0.0s
[CV] END estimator__criterion=absolute_error, estimator__max_depth=14, estimator__min_samples_split=4, estimator__n_estimators=20; total time=   0.0s
[CV] END estimator__criterion=absolute_error, estimator__max_depth=14, estimator__min_samples_split=4, estimator__n_estimators=20; total time=   0.0s
[CV] END estimator__criterion=absolute_error, estimator__max_depth=14, estimator__min_samples_split=4, estimator__n_estimators=20; total time=   0.0s
[CV] END estimator__criterion=absolute_error, estimator__max_depth=14, estimator__min_samples_split=4, estimator__n_estimators=20; total time=   0.0s
[CV] END estimator__criterion=absolute_error, estimator__max_depth=15, estimator__min_samples_split=2, estimator__n_estimators=20; total time=   0.0s
[CV] END estimator__criterion=absolute_error, estimator__max_depth=15, estimator__min_samples_split=2, estimator__n_estimators=20; total time=   0.0s
[CV] END estimator__criterion=absolute_error, estimator__max_depth=15, estimator__min_samples_split=2, estimator__n_estimators=20; total time=   0.0s
[CV] END estimator__criterion=absolute_error, estimator__max_depth=15, estimator__min_samples_split=2, estimator__n_estimators=40; total time=   0.1s
[CV] END estimator__criterion=absolute_error, estimator__max_depth=15, estimator__min_samples_split=2, estimator__n_estimators=40; total time=   0.1s
[CV] END estimator__criterion=absolute_error, estimator__max_depth=15, estimator__min_samples_split=2, estimator__n_estimators=40; total time=   0.1s
[CV] END estimator__criterion=absolute_error, estimator__max_depth=15, estimator__min_samples_split=2, estimator__n_estimators=40; total time=   0.1s
[CV] END estimator__criterion=absolute_error, estimator__max_depth=15, estimator__min_samples_split=2, estimator__n_estimators=40; total time=   0.1s
[CV] END estimator__criterion=absolute_error, estimator__max_depth=16, estimator__min_samples_split=2, estimator__n_estimators=40; total time=   0.1s
[CV] END estimator__criterion=absolute_error, estimator__max_depth=16, estimator__min_samples_split=2, estimator__n_estimators=40; total time=   0.1s
[CV] END estimator__criterion=absolute_error, estimator__max_depth=16, estimator__min_samples_split=2, estimator__n_estimators=40; total time=   0.1s
[CV] END estimator__criterion=absolute_error, estimator__max_depth=16, estimator__min_samples_split=2, estimator__n_estimators=40; total time=   0.1s
[CV] END estimator__criterion=absolute_error, estimator__max_depth=16, estimator__min_samples_split=2, estimator__n_estimators=40; total time=   0.1s
[CV] END estimator__criterion=absolute_error, estimator__max_depth=16, estimator__min_samples_split=2, estimator__n_estimators=60; total time=   0.2s
[CV] END estimator__criterion=absolute_error, estimator__max_depth=16, estimator__min_samples_split=2, estimator__n_estimators=60; total time=   0.2s
[CV] END estimator__criterion=absolute_error, estimator__max_depth=16, estimator__min_samples_split=2, estimator__n_estimators=60; total time=   0.2s
[CV] END estimator__criterion=absolute_error, estimator__max_depth=17, estimator__min_samples_split=3, estimator__n_estimators=100; total time=   0.5s
[CV] END estimator__criterion=absolute_error, estimator__max_depth=17, estimator__min_samples_split=3, estimator__n_estimators=100; total time=   0.5s
[CV] END estimator__criterion=absolute_error, estimator__max_depth=17, estimator__min_samples_split=4, estimator__n_estimators=20; total time=   0.0s
[CV] END estimator__criterion=absolute_error, estimator__max_depth=17, estimator__min_samples_split=4, estimator__n_estimators=20; total time=   0.0s
[CV] END estimator__criterion=absolute_error, estimator__max_depth=17, estimator__min_samples_split=4, estimator__n_estimators=20; total time=   0.0s
[CV] END estimator__criterion=absolute_error, estimator__max_depth=17, estimator__min_samples_split=4, estimator__n_estimators=20; total time=   0.0s
[CV] END estimator__criterion=absolute_error, estimator__max_depth=17, estimator__min_samples_split=4, estimator__n_estimators=20; total time=   0.0s
[CV] END estimator__criterion=absolute_error, estimator__max_depth=17, estimator__min_samples_split=4, estimator__n_estimators=40; total time=   0.1s
[CV] END estimator__criterion=absolute_error, estimator__max_depth=18, estimator__min_samples_split=2, estimator__n_estimators=80; total time=   0.3s
[CV] END estimator__criterion=absolute_error, estimator__max_depth=18, estimator__min_samples_split=2, estimator__n_estimators=80; total time=   0.3s
[CV] END estimator__criterion=absolute_error, estimator__max_depth=18, estimator__min_samples_split=4, estimator__n_estimators=100; total time=   0.4s
[CV] END estimator__criterion=absolute_error, estimator__max_depth=18, estimator__min_samples_split=4, estimator__n_estimators=100; total time=   0.3s
[CV] END estimator__criterion=absolute_error, estimator__max_depth=16, estimator__min_samples_split=5, estimator__n_estimators=20; total time=   0.0s
[CV] END estimator__criterion=absolute_error, estimator__max_depth=16, estimator__min_samples_split=5, estimator__n_estimators=20; total time=   0.0s
[CV] END estimator__criterion=absolute_error, estimator__max_depth=16, estimator__min_samples_split=5, estimator__n_estimators=20; total time=   0.0s
[CV] END estimator__criterion=absolute_error, estimator__max_depth=16, estimator__min_samples_split=5, estimator__n_estimators=40; total time=   0.1s
[CV] END estimator__criterion=absolute_error, estimator__max_depth=16, estimator__min_samples_split=5, estimator__n_estimators=40; total time=   0.1s
[CV] END estimator__criterion=absolute_error, estimator__max_depth=16, estimator__min_samples_split=5, estimator__n_estimators=40; total time=   0.1s
[CV] END estimator__criterion=absolute_error, estimator__max_depth=16, estimator__min_samples_split=5, estimator__n_estimators=40; total time=   0.1s
[CV] END estimator__criterion=absolute_error, estimator__max_depth=16, estimator__min_samples_split=5, estimator__n_estimators=40; total time=   0.1s
[CV] END estimator__criterion=absolute_error, estimator__max_depth=17, estimator__min_samples_split=4, estimator__n_estimators=60; total time=   0.2s
[CV] END estimator__criterion=absolute_error, estimator__max_depth=17, estimator__min_samples_split=4, estimator__n_estimators=80; total time=   0.3s
[CV] END estimator__criterion=absolute_error, estimator__max_depth=17, estimator__min_samples_split=4, estimator__n_estimators=80; total time=   0.3s
[CV] END estimator__criterion=absolute_error, estimator__max_depth=17, estimator__min_samples_split=4, estimator__n_estimators=80; total time=   0.3s
[CV] END estimator__criterion=absolute_error, estimator__max_depth=17, estimator__min_samples_split=4, estimator__n_estimators=80; total time=   0.3s
[CV] END estimator__criterion=absolute_error, estimator__max_depth=17, estimator__min_samples_split=4, estimator__n_estimators=80; total time=   0.3s
[CV] END estimator__criterion=absolute_error, estimator__max_depth=17, estimator__min_samples_split=4, estimator__n_estimators=100; total time=   0.4s
[CV] END estimator__criterion=absolute_error, estimator__max_depth=17, estimator__min_samples_split=4, estimator__n_estimators=100; total time=   0.4s
[CV] END estimator__criterion=absolute_error, estimator__max_depth=17, estimator__min_samples_split=3, estimator__n_estimators=40; total time=   0.1s
[CV] END estimator__criterion=absolute_error, estimator__max_depth=17, estimator__min_samples_split=5, estimator__n_estimators=80; total time=   0.3s
[CV] END estimator__criterion=absolute_error, estimator__max_depth=17, estimator__min_samples_split=6, estimator__n_estimators=20; total time=   0.0s
[CV] END estimator__criterion=absolute_error, estimator__max_depth=17, estimator__min_samples_split=6, estimator__n_estimators=60; total time=   0.2s
[CV] END estimator__criterion=absolute_error, estimator__max_depth=17, estimator__min_samples_split=6, estimator__n_estimators=80; total time=   0.3s
[CV] END estimator__criterion=absolute_error, estimator__max_depth=18, estimator__min_samples_split=3, estimator__n_estimators=60; total time=   0.2s
[CV] END estimator__criterion=absolute_error, estimator__max_depth=18, estimator__min_samples_split=3, estimator__n_estimators=60; total time=   0.2s
[CV] END estimator__criterion=absolute_error, estimator__max_depth=18, estimator__min_samples_split=5, estimator__n_estimators=20; total time=   0.0s
[CV] END estimator__criterion=absolute_error, estimator__max_depth=18, estimator__min_samples_split=5, estimator__n_estimators=20; total time=   0.0s
[CV] END estimator__criterion=absolute_error, estimator__max_depth=18, estimator__min_samples_split=5, estimator__n_estimators=60; total time=   0.2s
[CV] END estimator__criterion=absolute_error, estimator__max_depth=18, estimator__min_samples_split=5, estimator__n_estimators=60; total time=   0.2s
[CV] END estimator__criterion=squared_error, estimator__max_depth=14, estimator__min_samples_split=2, estimator__n_estimators=40; total time=   0.0s
[CV] END estimator__criterion=squared_error, estimator__max_depth=14, estimator__min_samples_split=3, estimator__n_estimators=100; total time=   0.0s
[CV] END estimator__criterion=squared_error, estimator__max_depth=14, estimator__min_samples_split=4, estimator__n_estimators=60; total time=   0.0s
[CV] END estimator__criterion=squared_error, estimator__max_depth=14, estimator__min_samples_split=4, estimator__n_estimators=100; total time=   0.0s
[CV] END estimator__criterion=squared_error, estimator__max_depth=14, estimator__min_samples_split=5, estimator__n_estimators=100; total time=   0.0s
[CV] END estimator__criterion=squared_error, estimator__max_depth=14, estimator__min_samples_split=5, estimator__n_estimators=100; total time=   0.0s
[CV] END estimator__criterion=squared_error, estimator__max_depth=15, estimator__min_samples_split=3, estimator__n_estimators=40; total time=   0.0s
[CV] END estimator__criterion=squared_error, estimator__max_depth=15, estimator__min_samples_split=3, estimator__n_estimators=40; total time=   0.0s
[CV] END estimator__criterion=squared_error, estimator__max_depth=15, estimator__min_samples_split=3, estimator__n_estimators=40; total time=   0.0s
[CV] END estimator__criterion=squared_error, estimator__max_depth=15, estimator__min_samples_split=3, estimator__n_estimators=40; total time=   0.0s
[CV] END estimator__criterion=squared_error, estimator__max_depth=15, estimator__min_samples_split=6, estimator__n_estimators=80; total time=   0.0s
[CV] END estimator__criterion=squared_error, estimator__max_depth=15, estimator__min_samples_split=6, estimator__n_estimators=80; total time=   0.0s
[CV] END estimator__criterion=squared_error, estimator__max_depth=15, estimator__min_samples_split=6, estimator__n_estimators=80; total time=   0.0s
[CV] END estimator__criterion=squared_error, estimator__max_depth=15, estimator__min_samples_split=6, estimator__n_estimators=80; total time=   0.0s
[CV] END estimator__criterion=squared_error, estimator__max_depth=16, estimator__min_samples_split=5, estimator__n_estimators=40; total time=   0.0s
[CV] END estimator__criterion=squared_error, estimator__max_depth=16, estimator__min_samples_split=5, estimator__n_estimators=40; total time=   0.0s
[CV] END estimator__criterion=squared_error, estimator__max_depth=16, estimator__min_samples_split=5, estimator__n_estimators=40; total time=   0.0s
[CV] END estimator__criterion=squared_error, estimator__max_depth=16, estimator__min_samples_split=5, estimator__n_estimators=60; total time=   0.0s
[CV] END estimator__criterion=squared_error, estimator__max_depth=17, estimator__min_samples_split=3, estimator__n_estimators=20; total time=   0.0s
[CV] END estimator__criterion=squared_error, estimator__max_depth=17, estimator__min_samples_split=3, estimator__n_estimators=40; total time=   0.0s
[CV] END estimator__criterion=squared_error, estimator__max_depth=17, estimator__min_samples_split=3, estimator__n_estimators=40; total time=   0.0s
[CV] END estimator__criterion=squared_error, estimator__max_depth=17, estimator__min_samples_split=3, estimator__n_estimators=40; total time=   0.0s
[CV] END estimator__criterion=squared_error, estimator__max_depth=17, estimator__min_samples_split=5, estimator__n_estimators=60; total time=   0.0s
[CV] END estimator__criterion=squared_error, estimator__max_depth=17, estimator__min_samples_split=5, estimator__n_estimators=60; total time=   0.0s
[CV] END estimator__criterion=squared_error, estimator__max_depth=17, estimator__min_samples_split=5, estimator__n_estimators=60; total time=   0.0s
[CV] END estimator__criterion=squared_error, estimator__max_depth=17, estimator__min_samples_split=5, estimator__n_estimators=60; total time=   0.0s
[CV] END estimator__criterion=squared_error, estimator__max_depth=18, estimator__min_samples_split=3, estimator__n_estimators=80; total time=   0.0s
[CV] END estimator__criterion=squared_error, estimator__max_depth=18, estimator__min_samples_split=3, estimator__n_estimators=100; total time=   0.0s
[CV] END estimator__criterion=squared_error, estimator__max_depth=18, estimator__min_samples_split=3, estimator__n_estimators=100; total time=   0.0s
[CV] END estimator__criterion=squared_error, estimator__max_depth=18, estimator__min_samples_split=3, estimator__n_estimators=100; total time=   0.0s
[CV] END estimator__criterion=absolute_error, estimator__max_depth=14, estimator__min_samples_split=4, estimator__n_estimators=60; total time=   0.2s
[CV] END estimator__criterion=absolute_error, estimator__max_depth=14, estimator__min_samples_split=4, estimator__n_estimators=60; total time=   0.2s
[CV] END estimator__criterion=absolute_error, estimator__max_depth=14, estimator__min_samples_split=4, estimator__n_estimators=80; total time=   0.3s
[CV] END estimator__criterion=absolute_error, estimator__max_depth=14, estimator__min_samples_split=4, estimator__n_estimators=80; total time=   0.3s
[CV] END estimator__criterion=absolute_error, estimator__max_depth=15, estimator__min_samples_split=5, estimator__n_estimators=80; total time=   0.3s
[CV] END estimator__criterion=absolute_error, estimator__max_depth=15, estimator__min_samples_split=5, estimator__n_estimators=80; total time=   0.3s
[CV] END estimator__criterion=absolute_error, estimator__max_depth=15, estimator__min_samples_split=5, estimator__n_estimators=80; total time=   0.3s
[CV] END estimator__criterion=absolute_error, estimator__max_depth=15, estimator__min_samples_split=5, estimator__n_estimators=80; total time=   0.3s
[CV] END estimator__criterion=absolute_error, estimator__max_depth=15, estimator__min_samples_split=5, estimator__n_estimators=80; total time=   0.3s
[CV] END estimator__criterion=absolute_error, estimator__max_depth=15, estimator__min_samples_split=5, estimator__n_estimators=100; total time=   0.3s
[CV] END estimator__criterion=absolute_error, estimator__max_depth=15, estimator__min_samples_split=5, estimator__n_estimators=100; total time=   0.4s
[CV] END estimator__criterion=absolute_error, estimator__max_depth=15, estimator__min_samples_split=5, estimator__n_estimators=100; total time=   0.4s
[CV] END estimator__criterion=absolute_error, estimator__max_depth=17, estimator__min_samples_split=5, estimator__n_estimators=100; total time=   0.4s
[CV] END estimator__criterion=absolute_error, estimator__max_depth=17, estimator__min_samples_split=6, estimator__n_estimators=100; total time=   0.4s
[CV] END estimator__criterion=absolute_error, estimator__max_depth=18, estimator__min_samples_split=2, estimator__n_estimators=20; total time=   0.0s
[CV] END estimator__criterion=absolute_error, estimator__max_depth=18, estimator__min_samples_split=3, estimator__n_estimators=80; total time=   0.3s
[CV] END estimator__criterion=absolute_error, estimator__max_depth=18, estimator__min_samples_split=3, estimator__n_estimators=80; total time=   0.3s
[CV] END estimator__criterion=absolute_error, estimator__max_depth=18, estimator__min_samples_split=5, estimator__n_estimators=100; total time=   0.4s
[CV] END estimator__criterion=absolute_error, estimator__max_depth=18, estimator__min_samples_split=6, estimator__n_estimators=20; total time=   0.0s
[CV] END estimator__criterion=squared_error, estimator__max_depth=14, estimator__min_samples_split=2, estimator__n_estimators=80; total time=   0.0s
[CV] END estimator__criterion=squared_error, estimator__max_depth=15, estimator__min_samples_split=4, estimator__n_estimators=100; total time=   0.0s
[CV] END estimator__criterion=squared_error, estimator__max_depth=15, estimator__min_samples_split=4, estimator__n_estimators=100; total time=   0.0s
[CV] END estimator__criterion=squared_error, estimator__max_depth=15, estimator__min_samples_split=4, estimator__n_estimators=100; total time=   0.0s
[CV] END estimator__criterion=squared_error, estimator__max_depth=15, estimator__min_samples_split=4, estimator__n_estimators=100; total time=   0.0s
[CV] END estimator__criterion=squared_error, estimator__max_depth=16, estimator__min_samples_split=6, estimator__n_estimators=40; total time=   0.0s
[CV] END estimator__criterion=squared_error, estimator__max_depth=16, estimator__min_samples_split=6, estimator__n_estimators=40; total time=   0.0s
[CV] END estimator__criterion=squared_error, estimator__max_depth=16, estimator__min_samples_split=6, estimator__n_estimators=40; total time=   0.0s
[CV] END estimator__criterion=squared_error, estimator__max_depth=16, estimator__min_samples_split=6, estimator__n_estimators=40; total time=   0.0s
[CV] END estimator__criterion=squared_error, estimator__max_depth=17, estimator__min_samples_split=3, estimator__n_estimators=20; total time=   0.0s
[CV] END estimator__criterion=squared_error, estimator__max_depth=17, estimator__min_samples_split=3, estimator__n_estimators=20; total time=   0.0s
[CV] END estimator__criterion=squared_error, estimator__max_depth=17, estimator__min_samples_split=3, estimator__n_estimators=20; total time=   0.0s
[CV] END estimator__criterion=squared_error, estimator__max_depth=17, estimator__min_samples_split=3, estimator__n_estimators=20; total time=   0.0s
[CV] END estimator__criterion=squared_error, estimator__max_depth=17, estimator__min_samples_split=4, estimator__n_estimators=60; total time=   0.0s
[CV] END estimator__criterion=squared_error, estimator__max_depth=17, estimator__min_samples_split=4, estimator__n_estimators=60; total time=   0.0s
[CV] END estimator__criterion=squared_error, estimator__max_depth=17, estimator__min_samples_split=4, estimator__n_estimators=60; total time=   0.0s
[CV] END estimator__criterion=squared_error, estimator__max_depth=17, estimator__min_samples_split=4, estimator__n_estimators=60; total time=   0.0s
[CV] END estimator__criterion=squared_error, estimator__max_depth=18, estimator__min_samples_split=3, estimator__n_estimators=60; total time=   0.0s
[CV] END estimator__criterion=squared_error, estimator__max_depth=18, estimator__min_samples_split=3, estimator__n_estimators=60; total time=   0.0s
[CV] END estimator__criterion=squared_error, estimator__max_depth=18, estimator__min_samples_split=3, estimator__n_estimators=60; total time=   0.0s
[CV] END estimator__criterion=squared_error, estimator__max_depth=18, estimator__min_samples_split=3, estimator__n_estimators=60; total time=   0.0s
[CV] END estimator__criterion=absolute_error, estimator__max_depth=14, estimator__min_samples_split=2, estimator__n_estimators=80; total time=   0.3s
[CV] END estimator__criterion=absolute_error, estimator__max_depth=14, estimator__min_samples_split=2, estimator__n_estimators=80; total time=   0.3s
[CV] END estimator__criterion=absolute_error, estimator__max_depth=14, estimator__min_samples_split=2, estimator__n_estimators=80; total time=   0.3s
[CV] END estimator__criterion=absolute_error, estimator__max_depth=14, estimator__min_samples_split=2, estimator__n_estimators=80; total time=   0.3s
[CV] END estimator__criterion=absolute_error, estimator__max_depth=15, estimator__min_samples_split=5, estimator__n_estimators=100; total time=   0.3s
[CV] END estimator__criterion=absolute_error, estimator__max_depth=15, estimator__min_samples_split=5, estimator__n_estimators=100; total time=   0.3s
[CV] END estimator__criterion=absolute_error, estimator__max_depth=15, estimator__min_samples_split=6, estimator__n_estimators=20; total time=   0.0s
[CV] END estimator__criterion=absolute_error, estimator__max_depth=15, estimator__min_samples_split=6, estimator__n_estimators=20; total time=   0.0s
[CV] END estimator__criterion=absolute_error, estimator__max_depth=15, estimator__min_samples_split=6, estimator__n_estimators=20; total time=   0.0s
[CV] END estimator__criterion=absolute_error, estimator__max_depth=15, estimator__min_samples_split=6, estimator__n_estimators=20; total time=   0.0s
[CV] END estimator__criterion=absolute_error, estimator__max_depth=15, estimator__min_samples_split=6, estimator__n_estimators=20; total time=   0.0s
[CV] END estimator__criterion=absolute_error, estimator__max_depth=15, estimator__min_samples_split=6, estimator__n_estimators=40; total time=   0.1s
[CV] END estimator__criterion=absolute_error, estimator__max_depth=16, estimator__min_samples_split=5, estimator__n_estimators=80; total time=   0.3s
[CV] END estimator__criterion=absolute_error, estimator__max_depth=16, estimator__min_samples_split=5, estimator__n_estimators=80; total time=   0.3s
[CV] END estimator__criterion=absolute_error, estimator__max_depth=16, estimator__min_samples_split=5, estimator__n_estimators=100; total time=   0.4s
[CV] END estimator__criterion=absolute_error, estimator__max_depth=16, estimator__min_samples_split=5, estimator__n_estimators=100; total time=   0.4s
[CV] END estimator__criterion=absolute_error, estimator__max_depth=16, estimator__min_samples_split=5, estimator__n_estimators=100; total time=   0.4s
[CV] END estimator__criterion=absolute_error, estimator__max_depth=16, estimator__min_samples_split=5, estimator__n_estimators=100; total time=   0.3s
[CV] END estimator__criterion=absolute_error, estimator__max_depth=16, estimator__min_samples_split=5, estimator__n_estimators=100; total time=   0.4s
[CV] END estimator__criterion=absolute_error, estimator__max_depth=16, estimator__min_samples_split=6, estimator__n_estimators=20; total time=   0.0s
[CV] END estimator__criterion=absolute_error, estimator__max_depth=18, estimator__min_samples_split=4, estimator__n_estimators=40; total time=   0.1s
[CV] END estimator__criterion=absolute_error, estimator__max_depth=18, estimator__min_samples_split=4, estimator__n_estimators=40; total time=   0.1s
[CV] END estimator__criterion=absolute_error, estimator__max_depth=18, estimator__min_samples_split=5, estimator__n_estimators=40; total time=   0.1s
[CV] END estimator__criterion=absolute_error, estimator__max_depth=18, estimator__min_samples_split=5, estimator__n_estimators=40; total time=   0.1s
[CV] END estimator__criterion=absolute_error, estimator__max_depth=18, estimator__min_samples_split=6, estimator__n_estimators=40; total time=   0.1s
[CV] END estimator__criterion=absolute_error, estimator__max_depth=18, estimator__min_samples_split=6, estimator__n_estimators=60; total time=   0.1s
[CV] END estimator__criterion=absolute_error, estimator__max_depth=18, estimator__min_samples_split=5, estimator__n_estimators=60; total time=   0.2s
[CV] END estimator__criterion=absolute_error, estimator__max_depth=18, estimator__min_samples_split=5, estimator__n_estimators=80; total time=   0.3s
[CV] END estimator__criterion=squared_error, estimator__max_depth=14, estimator__min_samples_split=2, estimator__n_estimators=60; total time=   0.0s
[CV] END estimator__criterion=squared_error, estimator__max_depth=15, estimator__min_samples_split=3, estimator__n_estimators=80; total time=   0.0s
[CV] END estimator__criterion=squared_error, estimator__max_depth=15, estimator__min_samples_split=3, estimator__n_estimators=80; total time=   0.0s
[CV] END estimator__criterion=squared_error, estimator__max_depth=15, estimator__min_samples_split=3, estimator__n_estimators=100; total time=   0.0s
[CV] END estimator__criterion=squared_error, estimator__max_depth=15, estimator__min_samples_split=3, estimator__n_estimators=100; total time=   0.0s
[CV] END estimator__criterion=squared_error, estimator__max_depth=16, estimator__min_samples_split=5, estimator__n_estimators=80; total time=   0.0s
[CV] END estimator__criterion=squared_error, estimator__max_depth=16, estimator__min_samples_split=5, estimator__n_estimators=80; total time=   0.0s
[CV] END estimator__criterion=squared_error, estimator__max_depth=16, estimator__min_samples_split=5, estimator__n_estimators=80; total time=   0.0s
[CV] END estimator__criterion=squared_error, estimator__max_depth=16, estimator__min_samples_split=5, estimator__n_estimators=80; total time=   0.0s
[CV] END estimator__criterion=squared_error, estimator__max_depth=17, estimator__min_samples_split=5, estimator__n_estimators=40; total time=   0.0s
[CV] END estimator__criterion=squared_error, estimator__max_depth=17, estimator__min_samples_split=5, estimator__n_estimators=40; total time=   0.0s
[CV] END estimator__criterion=squared_error, estimator__max_depth=17, estimator__min_samples_split=5, estimator__n_estimators=40; total time=   0.0s
[CV] END estimator__criterion=squared_error, estimator__max_depth=17, estimator__min_samples_split=5, estimator__n_estimators=40; total time=   0.0s
[CV] END estimator__criterion=squared_error, estimator__max_depth=18, estimator__min_samples_split=2, estimator__n_estimators=100; total time=   0.1s
[CV] END estimator__criterion=squared_error, estimator__max_depth=18, estimator__min_samples_split=2, estimator__n_estimators=100; total time=   0.0s
[CV] END estimator__criterion=squared_error, estimator__max_depth=18, estimator__min_samples_split=2, estimator__n_estimators=100; total time=   0.0s
[CV] END estimator__criterion=squared_error, estimator__max_depth=18, estimator__min_samples_split=2, estimator__n_estimators=100; total time=   0.1s
[CV] END estimator__criterion=absolute_error, estimator__max_depth=14, estimator__min_samples_split=5, estimator__n_estimators=60; total time=   0.2s
[CV] END estimator__criterion=absolute_error, estimator__max_depth=14, estimator__min_samples_split=5, estimator__n_estimators=60; total time=   0.2s
[CV] END estimator__criterion=absolute_error, estimator__max_depth=14, estimator__min_samples_split=5, estimator__n_estimators=60; total time=   0.2s
[CV] END estimator__criterion=absolute_error, estimator__max_depth=14, estimator__min_samples_split=5, estimator__n_estimators=80; total time=   0.3s
[CV] END estimator__criterion=absolute_error, estimator__max_depth=14, estimator__min_samples_split=5, estimator__n_estimators=80; total time=   0.2s
[CV] END estimator__criterion=absolute_error, estimator__max_depth=14, estimator__min_samples_split=5, estimator__n_estimators=80; total time=   0.3s
[CV] END estimator__criterion=absolute_error, estimator__max_depth=14, estimator__min_samples_split=5, estimator__n_estimators=80; total time=   0.3s
[CV] END estimator__criterion=absolute_error, estimator__max_depth=14, estimator__min_samples_split=5, estimator__n_estimators=80; total time=   0.3s
[CV] END estimator__criterion=absolute_error, estimator__max_depth=16, estimator__min_samples_split=6, estimator__n_estimators=20; total time=   0.0s
[CV] END estimator__criterion=absolute_error, estimator__max_depth=16, estimator__min_samples_split=6, estimator__n_estimators=20; total time=   0.0s
[CV] END estimator__criterion=absolute_error, estimator__max_depth=16, estimator__min_samples_split=6, estimator__n_estimators=20; total time=   0.0s
[CV] END estimator__criterion=absolute_error, estimator__max_depth=16, estimator__min_samples_split=6, estimator__n_estimators=20; total time=   0.0s
[CV] END estimator__criterion=absolute_error, estimator__max_depth=16, estimator__min_samples_split=6, estimator__n_estimators=40; total time=   0.1s
[CV] END estimator__criterion=absolute_error, estimator__max_depth=16, estimator__min_samples_split=6, estimator__n_estimators=40; total time=   0.1s
[CV] END estimator__criterion=absolute_error, estimator__max_depth=16, estimator__min_samples_split=6, estimator__n_estimators=40; total time=   0.1s
[CV] END estimator__criterion=absolute_error, estimator__max_depth=16, estimator__min_samples_split=6, estimator__n_estimators=40; total time=   0.1s
[CV] END estimator__criterion=absolute_error, estimator__max_depth=17, estimator__min_samples_split=4, estimator__n_estimators=100; total time=   0.3s
[CV] END estimator__criterion=absolute_error, estimator__max_depth=17, estimator__min_samples_split=4, estimator__n_estimators=100; total time=   0.3s
[CV] END estimator__criterion=absolute_error, estimator__max_depth=17, estimator__min_samples_split=4, estimator__n_estimators=100; total time=   0.3s
[CV] END estimator__criterion=absolute_error, estimator__max_depth=17, estimator__min_samples_split=5, estimator__n_estimators=20; total time=   0.0s
[CV] END estimator__criterion=absolute_error, estimator__max_depth=17, estimator__min_samples_split=5, estimator__n_estimators=20; total time=   0.0s
[CV] END estimator__criterion=absolute_error, estimator__max_depth=17, estimator__min_samples_split=5, estimator__n_estimators=20; total time=   0.0s
[CV] END estimator__criterion=absolute_error, estimator__max_depth=17, estimator__min_samples_split=5, estimator__n_estimators=20; total time=   0.0s
[CV] END estimator__criterion=absolute_error, estimator__max_depth=17, estimator__min_samples_split=5, estimator__n_estimators=20; total time=   0.0s
[CV] END estimator__criterion=absolute_error, estimator__max_depth=18, estimator__min_samples_split=3, estimator__n_estimators=60; total time=   0.2s
[CV] END estimator__criterion=absolute_error, estimator__max_depth=18, estimator__min_samples_split=3, estimator__n_estimators=60; total time=   0.2s
[CV] END estimator__criterion=absolute_error, estimator__max_depth=18, estimator__min_samples_split=4, estimator__n_estimators=100; total time=   0.3s
[CV] END estimator__criterion=absolute_error, estimator__max_depth=18, estimator__min_samples_split=4, estimator__n_estimators=100; total time=   0.4s
[CV] END estimator__criterion=squared_error, estimator__max_depth=14, estimator__min_samples_split=2, estimator__n_estimators=40; total time=   0.0s
[CV] END estimator__criterion=squared_error, estimator__max_depth=14, estimator__min_samples_split=4, estimator__n_estimators=80; total time=   0.0s
[CV] END estimator__criterion=squared_error, estimator__max_depth=14, estimator__min_samples_split=5, estimator__n_estimators=60; total time=   0.0s
[CV] END estimator__criterion=squared_error, estimator__max_depth=14, estimator__min_samples_split=5, estimator__n_estimators=60; total time=   0.0s
[CV] END estimator__criterion=squared_error, estimator__max_depth=14, estimator__min_samples_split=6, estimator__n_estimators=60; total time=   0.0s
[CV] END estimator__criterion=squared_error, estimator__max_depth=14, estimator__min_samples_split=6, estimator__n_estimators=80; total time=   0.0s
[CV] END estimator__criterion=squared_error, estimator__max_depth=15, estimator__min_samples_split=3, estimator__n_estimators=100; total time=   0.0s
[CV] END estimator__criterion=squared_error, estimator__max_depth=15, estimator__min_samples_split=3, estimator__n_estimators=100; total time=   0.0s
[CV] END estimator__criterion=squared_error, estimator__max_depth=15, estimator__min_samples_split=3, estimator__n_estimators=100; total time=   0.0s
[CV] END estimator__criterion=squared_error, estimator__max_depth=15, estimator__min_samples_split=4, estimator__n_estimators=20; total time=   0.0s
[CV] END estimator__criterion=squared_error, estimator__max_depth=16, estimator__min_samples_split=4, estimator__n_estimators=100; total time=   0.0s
[CV] END estimator__criterion=squared_error, estimator__max_depth=16, estimator__min_samples_split=5, estimator__n_estimators=20; total time=   0.0s
[CV] END estimator__criterion=squared_error, estimator__max_depth=16, estimator__min_samples_split=5, estimator__n_estimators=20; total time=   0.0s
[CV] END estimator__criterion=squared_error, estimator__max_depth=16, estimator__min_samples_split=5, estimator__n_estimators=20; total time=   0.0s
[CV] END estimator__criterion=squared_error, estimator__max_depth=16, estimator__min_samples_split=6, estimator__n_estimators=100; total time=   0.0s
[CV] END estimator__criterion=squared_error, estimator__max_depth=16, estimator__min_samples_split=6, estimator__n_estimators=100; total time=   0.0s
[CV] END estimator__criterion=squared_error, estimator__max_depth=16, estimator__min_samples_split=6, estimator__n_estimators=100; total time=   0.0s
[CV] END estimator__criterion=squared_error, estimator__max_depth=17, estimator__min_samples_split=2, estimator__n_estimators=20; total time=   0.0s
[CV] END estimator__criterion=squared_error, estimator__max_depth=18, estimator__min_samples_split=2, estimator__n_estimators=40; total time=   0.0s
[CV] END estimator__criterion=squared_error, estimator__max_depth=18, estimator__min_samples_split=2, estimator__n_estimators=40; total time=   0.0s
[CV] END estimator__criterion=squared_error, estimator__max_depth=18, estimator__min_samples_split=2, estimator__n_estimators=60; total time=   0.0s
[CV] END estimator__criterion=squared_error, estimator__max_depth=18, estimator__min_samples_split=2, estimator__n_estimators=60; total time=   0.0s
[CV] END estimator__criterion=squared_error, estimator__max_depth=18, estimator__min_samples_split=6, estimator__n_estimators=40; total time=   0.0s
[CV] END estimator__criterion=squared_error, estimator__max_depth=18, estimator__min_samples_split=6, estimator__n_estimators=40; total time=   0.0s
[CV] END estimator__criterion=squared_error, estimator__max_depth=18, estimator__min_samples_split=6, estimator__n_estimators=60; total time=   0.0s
[CV] END estimator__criterion=squared_error, estimator__max_depth=18, estimator__min_samples_split=6, estimator__n_estimators=60; total time=   0.0s
[CV] END estimator__criterion=absolute_error, estimator__max_depth=14, estimator__min_samples_split=3, estimator__n_estimators=100; total time=   0.4s
[CV] END estimator__criterion=absolute_error, estimator__max_depth=14, estimator__min_samples_split=3, estimator__n_estimators=100; total time=   0.3s
[CV] END estimator__criterion=absolute_error, estimator__max_depth=14, estimator__min_samples_split=3, estimator__n_estimators=100; total time=   0.4s
[CV] END estimator__criterion=absolute_error, estimator__max_depth=14, estimator__min_samples_split=4, estimator__n_estimators=20; total time=   0.0s
[CV] END estimator__criterion=absolute_error, estimator__max_depth=15, estimator__min_samples_split=6, estimator__n_estimators=40; total time=   0.1s
[CV] END estimator__criterion=absolute_error, estimator__max_depth=15, estimator__min_samples_split=6, estimator__n_estimators=40; total time=   0.1s
[CV] END estimator__criterion=absolute_error, estimator__max_depth=15, estimator__min_samples_split=6, estimator__n_estimators=40; total time=   0.1s
[CV] END estimator__criterion=absolute_error, estimator__max_depth=15, estimator__min_samples_split=6, estimator__n_estimators=40; total time=   0.1s
[CV] END estimator__criterion=absolute_error, estimator__max_depth=15, estimator__min_samples_split=6, estimator__n_estimators=60; total time=   0.2s
[CV] END estimator__criterion=absolute_error, estimator__max_depth=15, estimator__min_samples_split=6, estimator__n_estimators=60; total time=   0.1s
[CV] END estimator__criterion=absolute_error, estimator__max_depth=15, estimator__min_samples_split=6, estimator__n_estimators=60; total time=   0.2s
[CV] END estimator__criterion=absolute_error, estimator__max_depth=15, estimator__min_samples_split=6, estimator__n_estimators=60; total time=   0.2s
[CV] END estimator__criterion=absolute_error, estimator__max_depth=16, estimator__min_samples_split=6, estimator__n_estimators=80; total time=   0.2s
[CV] END estimator__criterion=absolute_error, estimator__max_depth=16, estimator__min_samples_split=6, estimator__n_estimators=80; total time=   0.2s
[CV] END estimator__criterion=absolute_error, estimator__max_depth=16, estimator__min_samples_split=6, estimator__n_estimators=80; total time=   0.2s
[CV] END estimator__criterion=absolute_error, estimator__max_depth=16, estimator__min_samples_split=6, estimator__n_estimators=100; total time=   0.3s
[CV] END estimator__criterion=absolute_error, estimator__max_depth=16, estimator__min_samples_split=6, estimator__n_estimators=100; total time=   0.4s
[CV] END estimator__criterion=absolute_error, estimator__max_depth=16, estimator__min_samples_split=6, estimator__n_estimators=100; total time=   0.4s
[CV] END estimator__criterion=absolute_error, estimator__max_depth=16, estimator__min_samples_split=6, estimator__n_estimators=100; total time=   0.3s
[CV] END estimator__criterion=absolute_error, estimator__max_depth=16, estimator__min_samples_split=6, estimator__n_estimators=100; total time=   0.4s
[CV] END estimator__criterion=absolute_error, estimator__max_depth=18, estimator__min_samples_split=5, estimator__n_estimators=20; total time=   0.0s
[CV] END estimator__criterion=absolute_error, estimator__max_depth=18, estimator__min_samples_split=5, estimator__n_estimators=20; total time=   0.0s
[CV] END estimator__criterion=absolute_error, estimator__max_depth=18, estimator__min_samples_split=5, estimator__n_estimators=80; total time=   0.3s
[CV] END estimator__criterion=absolute_error, estimator__max_depth=18, estimator__min_samples_split=5, estimator__n_estimators=80; total time=   0.2s
[CV] END estimator__criterion=absolute_error, estimator__max_depth=18, estimator__min_samples_split=2, estimator__n_estimators=60; total time=   0.2s
[CV] END estimator__criterion=absolute_error, estimator__max_depth=18, estimator__min_samples_split=2, estimator__n_estimators=60; total time=   0.2s
[CV] END estimator__criterion=absolute_error, estimator__max_depth=18, estimator__min_samples_split=3, estimator__n_estimators=100; total time=   0.4s
[CV] END estimator__criterion=absolute_error, estimator__max_depth=18, estimator__min_samples_split=4, estimator__n_estimators=20; total time=   0.0s
[CV] END estimator__criterion=absolute_error, estimator__max_depth=18, estimator__min_samples_split=5, estimator__n_estimators=80; total time=   0.3s
[CV] END estimator__criterion=absolute_error, estimator__max_depth=18, estimator__min_samples_split=5, estimator__n_estimators=80; total time=   0.2s
[CV] END estimator__criterion=squared_error, estimator__max_depth=14, estimator__min_samples_split=2, estimator__n_estimators=20; total time=   0.0s
[CV] END estimator__criterion=squared_error, estimator__max_depth=14, estimator__min_samples_split=3, estimator__n_estimators=60; total time=   0.0s
[CV] END estimator__criterion=squared_error, estimator__max_depth=14, estimator__min_samples_split=3, estimator__n_estimators=100; total time=   0.0s
[CV] END estimator__criterion=squared_error, estimator__max_depth=14, estimator__min_samples_split=4, estimator__n_estimators=60; total time=   0.0s
[CV] END estimator__criterion=squared_error, estimator__max_depth=14, estimator__min_samples_split=4, estimator__n_estimators=100; total time=   0.0s
[CV] END estimator__criterion=squared_error, estimator__max_depth=14, estimator__min_samples_split=5, estimator__n_estimators=80; total time=   0.0s
[CV] END estimator__criterion=squared_error, estimator__max_depth=14, estimator__min_samples_split=5, estimator__n_estimators=100; total time=   0.0s
[CV] END estimator__criterion=squared_error, estimator__max_depth=15, estimator__min_samples_split=2, estimator__n_estimators=80; total time=   0.0s
[CV] END estimator__criterion=squared_error, estimator__max_depth=15, estimator__min_samples_split=2, estimator__n_estimators=80; total time=   0.0s
[CV] END estimator__criterion=squared_error, estimator__max_depth=15, estimator__min_samples_split=2, estimator__n_estimators=80; total time=   0.0s
[CV] END estimator__criterion=squared_error, estimator__max_depth=15, estimator__min_samples_split=2, estimator__n_estimators=80; total time=   0.0s
[CV] END estimator__criterion=squared_error, estimator__max_depth=16, estimator__min_samples_split=3, estimator__n_estimators=60; total time=   0.0s
[CV] END estimator__criterion=squared_error, estimator__max_depth=16, estimator__min_samples_split=3, estimator__n_estimators=60; total time=   0.0s
[CV] END estimator__criterion=squared_error, estimator__max_depth=16, estimator__min_samples_split=3, estimator__n_estimators=80; total time=   0.0s
[CV] END estimator__criterion=squared_error, estimator__max_depth=16, estimator__min_samples_split=3, estimator__n_estimators=80; total time=   0.0s
[CV] END estimator__criterion=squared_error, estimator__max_depth=17, estimator__min_samples_split=3, estimator__n_estimators=40; total time=   0.0s
[CV] END estimator__criterion=squared_error, estimator__max_depth=17, estimator__min_samples_split=3, estimator__n_estimators=40; total time=   0.0s
[CV] END estimator__criterion=squared_error, estimator__max_depth=17, estimator__min_samples_split=3, estimator__n_estimators=60; total time=   0.0s
[CV] END estimator__criterion=squared_error, estimator__max_depth=17, estimator__min_samples_split=3, estimator__n_estimators=60; total time=   0.0s
[CV] END estimator__criterion=squared_error, estimator__max_depth=17, estimator__min_samples_split=6, estimator__n_estimators=40; total time=   0.0s
[CV] END estimator__criterion=squared_error, estimator__max_depth=17, estimator__min_samples_split=6, estimator__n_estimators=40; total time=   0.0s
[CV] END estimator__criterion=squared_error, estimator__max_depth=17, estimator__min_samples_split=6, estimator__n_estimators=40; total time=   0.0s
[CV] END estimator__criterion=squared_error, estimator__max_depth=17, estimator__min_samples_split=6, estimator__n_estimators=40; total time=   0.0s
[CV] END estimator__criterion=squared_error, estimator__max_depth=18, estimator__min_samples_split=3, estimator__n_estimators=80; total time=   0.0s
[CV] END estimator__criterion=squared_error, estimator__max_depth=18, estimator__min_samples_split=3, estimator__n_estimators=80; total time=   0.0s
[CV] END estimator__criterion=squared_error, estimator__max_depth=18, estimator__min_samples_split=3, estimator__n_estimators=80; total time=   0.0s
[CV] END estimator__criterion=squared_error, estimator__max_depth=18, estimator__min_samples_split=3, estimator__n_estimators=80; total time=   0.0s
[CV] END estimator__criterion=absolute_error, estimator__max_depth=14, estimator__min_samples_split=3, estimator__n_estimators=80; total time=   0.3s
[CV] END estimator__criterion=absolute_error, estimator__max_depth=14, estimator__min_samples_split=3, estimator__n_estimators=80; total time=   0.3s
[CV] END estimator__criterion=absolute_error, estimator__max_depth=14, estimator__min_samples_split=3, estimator__n_estimators=100; total time=   0.4s
[CV] END estimator__criterion=absolute_error, estimator__max_depth=14, estimator__min_samples_split=3, estimator__n_estimators=100; total time=   0.5s
[CV] END estimator__criterion=absolute_error, estimator__max_depth=16, estimator__min_samples_split=2, estimator__n_estimators=60; total time=   0.2s
[CV] END estimator__criterion=absolute_error, estimator__max_depth=16, estimator__min_samples_split=2, estimator__n_estimators=60; total time=   0.2s
[CV] END estimator__criterion=absolute_error, estimator__max_depth=16, estimator__min_samples_split=2, estimator__n_estimators=80; total time=   0.3s
[CV] END estimator__criterion=absolute_error, estimator__max_depth=16, estimator__min_samples_split=2, estimator__n_estimators=80; total time=   0.3s
[CV] END estimator__criterion=absolute_error, estimator__max_depth=16, estimator__min_samples_split=2, estimator__n_estimators=80; total time=   0.3s
[CV] END estimator__criterion=absolute_error, estimator__max_depth=16, estimator__min_samples_split=2, estimator__n_estimators=80; total time=   0.3s
[CV] END estimator__criterion=absolute_error, estimator__max_depth=16, estimator__min_samples_split=2, estimator__n_estimators=80; total time=   0.3s
[CV] END estimator__criterion=absolute_error, estimator__max_depth=16, estimator__min_samples_split=2, estimator__n_estimators=100; total time=   0.4s
[CV] END estimator__criterion=absolute_error, estimator__max_depth=17, estimator__min_samples_split=5, estimator__n_estimators=80; total time=   0.3s
[CV] END estimator__criterion=absolute_error, estimator__max_depth=17, estimator__min_samples_split=6, estimator__n_estimators=40; total time=   0.1s
[CV] END estimator__criterion=absolute_error, estimator__max_depth=17, estimator__min_samples_split=6, estimator__n_estimators=40; total time=   0.1s
[CV] END estimator__criterion=absolute_error, estimator__max_depth=18, estimator__min_samples_split=2, estimator__n_estimators=60; total time=   0.2s
[CV] END estimator__criterion=absolute_error, estimator__max_depth=18, estimator__min_samples_split=2, estimator__n_estimators=60; total time=   0.2s
[CV] END estimator__criterion=absolute_error, estimator__max_depth=18, estimator__min_samples_split=4, estimator__n_estimators=20; total time=   0.0s
[CV] END estimator__criterion=absolute_error, estimator__max_depth=18, estimator__min_samples_split=4, estimator__n_estimators=20; total time=   0.0s
[CV] END estimator__criterion=absolute_error, estimator__max_depth=18, estimator__min_samples_split=4, estimator__n_estimators=80; total time=   0.2s
[CV] END estimator__criterion=absolute_error, estimator__max_depth=18, estimator__min_samples_split=4, estimator__n_estimators=80; total time=   0.3s
[CV] END estimator__criterion=absolute_error, estimator__max_depth=18, estimator__min_samples_split=6, estimator__n_estimators=100; total time=   0.3s
[CV] END estimator__criterion=squared_error, estimator__max_depth=14, estimator__min_samples_split=2, estimator__n_estimators=80; total time=   0.0s
[CV] END estimator__criterion=squared_error, estimator__max_depth=15, estimator__min_samples_split=2, estimator__n_estimators=100; total time=   0.0s
[CV] END estimator__criterion=squared_error, estimator__max_depth=15, estimator__min_samples_split=2, estimator__n_estimators=100; total time=   0.0s
[CV] END estimator__criterion=squared_error, estimator__max_depth=15, estimator__min_samples_split=3, estimator__n_estimators=20; total time=   0.0s
[CV] END estimator__criterion=squared_error, estimator__max_depth=15, estimator__min_samples_split=3, estimator__n_estimators=20; total time=   0.0s
[CV] END estimator__criterion=squared_error, estimator__max_depth=16, estimator__min_samples_split=2, estimator__n_estimators=20; total time=   0.0s
[CV] END estimator__criterion=squared_error, estimator__max_depth=16, estimator__min_samples_split=2, estimator__n_estimators=20; total time=   0.0s
[CV] END estimator__criterion=squared_error, estimator__max_depth=16, estimator__min_samples_split=2, estimator__n_estimators=20; total time=   0.0s
[CV] END estimator__criterion=squared_error, estimator__max_depth=16, estimator__min_samples_split=2, estimator__n_estimators=40; total time=   0.0s
[CV] END estimator__criterion=squared_error, estimator__max_depth=16, estimator__min_samples_split=4, estimator__n_estimators=20; total time=   0.0s
[CV] END estimator__criterion=squared_error, estimator__max_depth=16, estimator__min_samples_split=4, estimator__n_estimators=40; total time=   0.0s
[CV] END estimator__criterion=squared_error, estimator__max_depth=16, estimator__min_samples_split=4, estimator__n_estimators=40; total time=   0.0s
[CV] END estimator__criterion=squared_error, estimator__max_depth=16, estimator__min_samples_split=4, estimator__n_estimators=40; total time=   0.0s
[CV] END estimator__criterion=squared_error, estimator__max_depth=16, estimator__min_samples_split=6, estimator__n_estimators=60; total time=   0.0s
[CV] END estimator__criterion=squared_error, estimator__max_depth=16, estimator__min_samples_split=6, estimator__n_estimators=80; total time=   0.0s
[CV] END estimator__criterion=squared_error, estimator__max_depth=16, estimator__min_samples_split=6, estimator__n_estimators=80; total time=   0.0s
[CV] END estimator__criterion=squared_error, estimator__max_depth=16, estimator__min_samples_split=6, estimator__n_estimators=80; total time=   0.0s
[CV] END estimator__criterion=squared_error, estimator__max_depth=17, estimator__min_samples_split=5, estimator__n_estimators=60; total time=   0.0s
[CV] END estimator__criterion=squared_error, estimator__max_depth=17, estimator__min_samples_split=5, estimator__n_estimators=80; total time=   0.0s
[CV] END estimator__criterion=squared_error, estimator__max_depth=17, estimator__min_samples_split=5, estimator__n_estimators=80; total time=   0.0s
[CV] END estimator__criterion=squared_error, estimator__max_depth=17, estimator__min_samples_split=5, estimator__n_estimators=80; total time=   0.0s
[CV] END estimator__criterion=squared_error, estimator__max_depth=18, estimator__min_samples_split=4, estimator__n_estimators=60; total time=   0.0s
[CV] END estimator__criterion=squared_error, estimator__max_depth=18, estimator__min_samples_split=4, estimator__n_estimators=80; total time=   0.0s
[CV] END estimator__criterion=squared_error, estimator__max_depth=18, estimator__min_samples_split=4, estimator__n_estimators=80; total time=   0.0s
[CV] END estimator__criterion=squared_error, estimator__max_depth=18, estimator__min_samples_split=4, estimator__n_estimators=80; total time=   0.0s
[CV] END estimator__criterion=absolute_error, estimator__max_depth=14, estimator__min_samples_split=4, estimator__n_estimators=40; total time=   0.1s
[CV] END estimator__criterion=absolute_error, estimator__max_depth=14, estimator__min_samples_split=4, estimator__n_estimators=40; total time=   0.1s
[CV] END estimator__criterion=absolute_error, estimator__max_depth=14, estimator__min_samples_split=4, estimator__n_estimators=40; total time=   0.1s
[CV] END estimator__criterion=absolute_error, estimator__max_depth=14, estimator__min_samples_split=4, estimator__n_estimators=40; total time=   0.1s
[CV] END estimator__criterion=absolute_error, estimator__max_depth=15, estimator__min_samples_split=3, estimator__n_estimators=80; total time=   0.3s
[CV] END estimator__criterion=absolute_error, estimator__max_depth=15, estimator__min_samples_split=3, estimator__n_estimators=80; total time=   0.3s
[CV] END estimator__criterion=absolute_error, estimator__max_depth=15, estimator__min_samples_split=3, estimator__n_estimators=80; total time=   0.3s
[CV] END estimator__criterion=absolute_error, estimator__max_depth=15, estimator__min_samples_split=3, estimator__n_estimators=100; total time=   0.4s
[CV] END estimator__criterion=absolute_error, estimator__max_depth=15, estimator__min_samples_split=3, estimator__n_estimators=100; total time=   0.4s
[CV] END estimator__criterion=absolute_error, estimator__max_depth=15, estimator__min_samples_split=3, estimator__n_estimators=100; total time=   0.4s
[CV] END estimator__criterion=absolute_error, estimator__max_depth=15, estimator__min_samples_split=3, estimator__n_estimators=100; total time=   0.4s
[CV] END estimator__criterion=absolute_error, estimator__max_depth=15, estimator__min_samples_split=3, estimator__n_estimators=100; total time=   0.5s
[CV] END estimator__criterion=absolute_error, estimator__max_depth=17, estimator__min_samples_split=5, estimator__n_estimators=40; total time=   0.1s
[CV] END estimator__criterion=absolute_error, estimator__max_depth=17, estimator__min_samples_split=5, estimator__n_estimators=60; total time=   0.2s
[CV] END estimator__criterion=absolute_error, estimator__max_depth=17, estimator__min_samples_split=5, estimator__n_estimators=100; total time=   0.4s
[CV] END estimator__criterion=absolute_error, estimator__max_depth=17, estimator__min_samples_split=6, estimator__n_estimators=100; total time=   0.3s
[CV] END estimator__criterion=absolute_error, estimator__max_depth=17, estimator__min_samples_split=6, estimator__n_estimators=100; total time=   0.4s
[CV] END estimator__criterion=absolute_error, estimator__max_depth=18, estimator__min_samples_split=4, estimator__n_estimators=60; total time=   0.2s
[CV] END estimator__criterion=absolute_error, estimator__max_depth=18, estimator__min_samples_split=4, estimator__n_estimators=60; total time=   0.2s
[CV] END estimator__criterion=absolute_error, estimator__max_depth=18, estimator__min_samples_split=6, estimator__n_estimators=20; total time=   0.0s
[CV] END estimator__criterion=absolute_error, estimator__max_depth=18, estimator__min_samples_split=6, estimator__n_estimators=20; total time=   0.0s
[CV] END estimator__criterion=absolute_error, estimator__max_depth=18, estimator__min_samples_split=6, estimator__n_estimators=100; total time=   0.3s
[CV] END estimator__criterion=squared_error, estimator__max_depth=14, estimator__min_samples_split=2, estimator__n_estimators=100; total time=   0.0s
[CV] END estimator__criterion=squared_error, estimator__max_depth=15, estimator__min_samples_split=5, estimator__n_estimators=60; total time=   0.0s
[CV] END estimator__criterion=squared_error, estimator__max_depth=15, estimator__min_samples_split=5, estimator__n_estimators=60; total time=   0.0s
[CV] END estimator__criterion=squared_error, estimator__max_depth=15, estimator__min_samples_split=5, estimator__n_estimators=60; total time=   0.0s
[CV] END estimator__criterion=squared_error, estimator__max_depth=15, estimator__min_samples_split=5, estimator__n_estimators=80; total time=   0.0s
[CV] END estimator__criterion=squared_error, estimator__max_depth=16, estimator__min_samples_split=3, estimator__n_estimators=80; total time=   0.0s
[CV] END estimator__criterion=squared_error, estimator__max_depth=16, estimator__min_samples_split=3, estimator__n_estimators=80; total time=   0.0s
[CV] END estimator__criterion=squared_error, estimator__max_depth=16, estimator__min_samples_split=3, estimator__n_estimators=80; total time=   0.0s
[CV] END estimator__criterion=squared_error, estimator__max_depth=16, estimator__min_samples_split=3, estimator__n_estimators=100; total time=   0.0s
[CV] END estimator__criterion=squared_error, estimator__max_depth=17, estimator__min_samples_split=4, estimator__n_estimators=80; total time=   0.0s
[CV] END estimator__criterion=squared_error, estimator__max_depth=17, estimator__min_samples_split=4, estimator__n_estimators=100; total time=   0.0s
[CV] END estimator__criterion=squared_error, estimator__max_depth=17, estimator__min_samples_split=4, estimator__n_estimators=100; total time=   0.0s
[CV] END estimator__criterion=squared_error, estimator__max_depth=17, estimator__min_samples_split=4, estimator__n_estimators=100; total time=   0.0s
[CV] END estimator__criterion=squared_error, estimator__max_depth=18, estimator__min_samples_split=5, estimator__n_estimators=20; total time=   0.0s
[CV] END estimator__criterion=squared_error, estimator__max_depth=18, estimator__min_samples_split=5, estimator__n_estimators=20; total time=   0.0s
[CV] END estimator__criterion=squared_error, estimator__max_depth=18, estimator__min_samples_split=5, estimator__n_estimators=20; total time=   0.0s
[CV] END estimator__criterion=squared_error, estimator__max_depth=18, estimator__min_samples_split=5, estimator__n_estimators=20; total time=   0.0s
[CV] END estimator__criterion=squared_error, estimator__max_depth=18, estimator__min_samples_split=6, estimator__n_estimators=60; total time=   0.0s
[CV] END estimator__criterion=squared_error, estimator__max_depth=18, estimator__min_samples_split=6, estimator__n_estimators=60; total time=   0.0s
[CV] END estimator__criterion=squared_error, estimator__max_depth=18, estimator__min_samples_split=6, estimator__n_estimators=60; total time=   0.0s
[CV] END estimator__criterion=squared_error, estimator__max_depth=18, estimator__min_samples_split=6, estimator__n_estimators=80; total time=   0.0s
[CV] END estimator__criterion=absolute_error, estimator__max_depth=14, estimator__min_samples_split=4, estimator__n_estimators=100; total time=   0.3s
[CV] END estimator__criterion=absolute_error, estimator__max_depth=14, estimator__min_samples_split=4, estimator__n_estimators=100; total time=   0.3s
[CV] END estimator__criterion=absolute_error, estimator__max_depth=14, estimator__min_samples_split=4, estimator__n_estimators=100; total time=   0.4s
[CV] END estimator__criterion=absolute_error, estimator__max_depth=14, estimator__min_samples_split=4, estimator__n_estimators=100; total time=   0.3s
[CV] END estimator__criterion=absolute_error, estimator__max_depth=14, estimator__min_samples_split=5, estimator__n_estimators=20; total time=   0.0s
[CV] END estimator__criterion=absolute_error, estimator__max_depth=14, estimator__min_samples_split=5, estimator__n_estimators=20; total time=   0.0s
[CV] END estimator__criterion=absolute_error, estimator__max_depth=14, estimator__min_samples_split=5, estimator__n_estimators=20; total time=   0.0s
[CV] END estimator__criterion=absolute_error, estimator__max_depth=14, estimator__min_samples_split=5, estimator__n_estimators=20; total time=   0.0s
[CV] END estimator__criterion=absolute_error, estimator__max_depth=16, estimator__min_samples_split=4, estimator__n_estimators=20; total time=   0.0s
[CV] END estimator__criterion=absolute_error, estimator__max_depth=16, estimator__min_samples_split=4, estimator__n_estimators=20; total time=   0.0s
[CV] END estimator__criterion=absolute_error, estimator__max_depth=16, estimator__min_samples_split=4, estimator__n_estimators=40; total time=   0.1s
[CV] END estimator__criterion=absolute_error, estimator__max_depth=16, estimator__min_samples_split=4, estimator__n_estimators=40; total time=   0.1s
[CV] END estimator__criterion=absolute_error, estimator__max_depth=16, estimator__min_samples_split=4, estimator__n_estimators=40; total time=   0.1s
[CV] END estimator__criterion=absolute_error, estimator__max_depth=16, estimator__min_samples_split=4, estimator__n_estimators=40; total time=   0.1s
[CV] END estimator__criterion=absolute_error, estimator__max_depth=16, estimator__min_samples_split=4, estimator__n_estimators=40; total time=   0.1s
[CV] END estimator__criterion=absolute_error, estimator__max_depth=16, estimator__min_samples_split=4, estimator__n_estimators=60; total time=   0.2s
[CV] END estimator__criterion=absolute_error, estimator__max_depth=17, estimator__min_samples_split=3, estimator__n_estimators=40; total time=   0.1s
[CV] END estimator__criterion=absolute_error, estimator__max_depth=17, estimator__min_samples_split=3, estimator__n_estimators=40; total time=   0.1s
[CV] END estimator__criterion=absolute_error, estimator__max_depth=17, estimator__min_samples_split=3, estimator__n_estimators=40; total time=   0.1s
[CV] END estimator__criterion=absolute_error, estimator__max_depth=17, estimator__min_samples_split=3, estimator__n_estimators=60; total time=   0.2s
[CV] END estimator__criterion=absolute_error, estimator__max_depth=17, estimator__min_samples_split=3, estimator__n_estimators=60; total time=   0.2s
[CV] END estimator__criterion=absolute_error, estimator__max_depth=17, estimator__min_samples_split=3, estimator__n_estimators=60; total time=   0.2s
[CV] END estimator__criterion=absolute_error, estimator__max_depth=17, estimator__min_samples_split=3, estimator__n_estimators=60; total time=   0.2s
[CV] END estimator__criterion=absolute_error, estimator__max_depth=17, estimator__min_samples_split=3, estimator__n_estimators=60; total time=   0.2s
[CV] END estimator__criterion=absolute_error, estimator__max_depth=18, estimator__min_samples_split=3, estimator__n_estimators=20; total time=   0.0s
[CV] END estimator__criterion=absolute_error, estimator__max_depth=18, estimator__min_samples_split=3, estimator__n_estimators=20; total time=   0.0s
[CV] END estimator__criterion=absolute_error, estimator__max_depth=18, estimator__min_samples_split=3, estimator__n_estimators=40; total time=   0.1s
[CV] END estimator__criterion=absolute_error, estimator__max_depth=18, estimator__min_samples_split=3, estimator__n_estimators=40; total time=   0.1s
[CV] END estimator__criterion=absolute_error, estimator__max_depth=18, estimator__min_samples_split=4, estimator__n_estimators=60; total time=   0.2s
[CV] END estimator__criterion=absolute_error, estimator__max_depth=18, estimator__min_samples_split=4, estimator__n_estimators=60; total time=   0.2s
[CV] END estimator__criterion=absolute_error, estimator__max_depth=18, estimator__min_samples_split=6, estimator__n_estimators=60; total time=   0.2s
[CV] END estimator__criterion=absolute_error, estimator__max_depth=18, estimator__min_samples_split=6, estimator__n_estimators=60; total time=   0.1s
[CV] END estimator__criterion=absolute_error, estimator__max_depth=18, estimator__min_samples_split=5, estimator__n_estimators=100; total time=   0.3s
[CV] END estimator__criterion=squared_error, estimator__max_depth=14, estimator__min_samples_split=2, estimator__n_estimators=100; total time=   0.1s
[CV] END estimator__criterion=squared_error, estimator__max_depth=15, estimator__min_samples_split=5, estimator__n_estimators=20; total time=   0.0s
[CV] END estimator__criterion=squared_error, estimator__max_depth=15, estimator__min_samples_split=5, estimator__n_estimators=20; total time=   0.0s
[CV] END estimator__criterion=squared_error, estimator__max_depth=15, estimator__min_samples_split=5, estimator__n_estimators=20; total time=   0.0s
[CV] END estimator__criterion=squared_error, estimator__max_depth=15, estimator__min_samples_split=5, estimator__n_estimators=20; total time=   0.0s
[CV] END estimator__criterion=squared_error, estimator__max_depth=15, estimator__min_samples_split=6, estimator__n_estimators=40; total time=   0.0s
[CV] END estimator__criterion=squared_error, estimator__max_depth=15, estimator__min_samples_split=6, estimator__n_estimators=40; total time=   0.0s
[CV] END estimator__criterion=squared_error, estimator__max_depth=15, estimator__min_samples_split=6, estimator__n_estimators=40; total time=   0.0s
[CV] END estimator__criterion=squared_error, estimator__max_depth=15, estimator__min_samples_split=6, estimator__n_estimators=60; total time=   0.0s
[CV] END estimator__criterion=squared_error, estimator__max_depth=16, estimator__min_samples_split=3, estimator__n_estimators=100; total time=   0.0s
[CV] END estimator__criterion=squared_error, estimator__max_depth=16, estimator__min_samples_split=3, estimator__n_estimators=100; total time=   0.0s
[CV] END estimator__criterion=squared_error, estimator__max_depth=16, estimator__min_samples_split=3, estimator__n_estimators=100; total time=   0.0s
[CV] END estimator__criterion=squared_error, estimator__max_depth=16, estimator__min_samples_split=3, estimator__n_estimators=100; total time=   0.0s
[CV] END estimator__criterion=squared_error, estimator__max_depth=17, estimator__min_samples_split=5, estimator__n_estimators=80; total time=   0.0s
[CV] END estimator__criterion=squared_error, estimator__max_depth=17, estimator__min_samples_split=5, estimator__n_estimators=80; total time=   0.0s
[CV] END estimator__criterion=squared_error, estimator__max_depth=17, estimator__min_samples_split=5, estimator__n_estimators=100; total time=   0.0s
[CV] END estimator__criterion=squared_error, estimator__max_depth=17, estimator__min_samples_split=5, estimator__n_estimators=100; total time=   0.0s
[CV] END estimator__criterion=squared_error, estimator__max_depth=18, estimator__min_samples_split=5, estimator__n_estimators=80; total time=   0.0s
[CV] END estimator__criterion=squared_error, estimator__max_depth=18, estimator__min_samples_split=5, estimator__n_estimators=80; total time=   0.0s
[CV] END estimator__criterion=squared_error, estimator__max_depth=18, estimator__min_samples_split=5, estimator__n_estimators=80; total time=   0.0s
[CV] END estimator__criterion=squared_error, estimator__max_depth=18, estimator__min_samples_split=5, estimator__n_estimators=100; total time=   0.0s
[CV] END estimator__criterion=absolute_error, estimator__max_depth=14, estimator__min_samples_split=5, estimator__n_estimators=20; total time=   0.0s
[CV] END estimator__criterion=absolute_error, estimator__max_depth=14, estimator__min_samples_split=5, estimator__n_estimators=40; total time=   0.1s
[CV] END estimator__criterion=absolute_error, estimator__max_depth=14, estimator__min_samples_split=5, estimator__n_estimators=40; total time=   0.1s
[CV] END estimator__criterion=absolute_error, estimator__max_depth=14, estimator__min_samples_split=5, estimator__n_estimators=40; total time=   0.1s
[CV] END estimator__criterion=absolute_error, estimator__max_depth=14, estimator__min_samples_split=5, estimator__n_estimators=40; total time=   0.1s
[CV] END estimator__criterion=absolute_error, estimator__max_depth=14, estimator__min_samples_split=5, estimator__n_estimators=40; total time=   0.1s
[CV] END estimator__criterion=absolute_error, estimator__max_depth=14, estimator__min_samples_split=5, estimator__n_estimators=60; total time=   0.2s
[CV] END estimator__criterion=absolute_error, estimator__max_depth=14, estimator__min_samples_split=5, estimator__n_estimators=60; total time=   0.2s
[CV] END estimator__criterion=absolute_error, estimator__max_depth=16, estimator__min_samples_split=3, estimator__n_estimators=20; total time=   0.0s
[CV] END estimator__criterion=absolute_error, estimator__max_depth=16, estimator__min_samples_split=3, estimator__n_estimators=40; total time=   0.1s
[CV] END estimator__criterion=absolute_error, estimator__max_depth=16, estimator__min_samples_split=3, estimator__n_estimators=40; total time=   0.1s
[CV] END estimator__criterion=absolute_error, estimator__max_depth=16, estimator__min_samples_split=3, estimator__n_estimators=40; total time=   0.1s
[CV] END estimator__criterion=absolute_error, estimator__max_depth=16, estimator__min_samples_split=3, estimator__n_estimators=40; total time=   0.1s
[CV] END estimator__criterion=absolute_error, estimator__max_depth=16, estimator__min_samples_split=3, estimator__n_estimators=40; total time=   0.1s
[CV] END estimator__criterion=absolute_error, estimator__max_depth=16, estimator__min_samples_split=3, estimator__n_estimators=60; total time=   0.2s
[CV] END estimator__criterion=absolute_error, estimator__max_depth=16, estimator__min_samples_split=3, estimator__n_estimators=60; total time=   0.2s
[CV] END estimator__criterion=absolute_error, estimator__max_depth=17, estimator__min_samples_split=3, estimator__n_estimators=80; total time=   0.3s
[CV] END estimator__criterion=absolute_error, estimator__max_depth=17, estimator__min_samples_split=3, estimator__n_estimators=80; total time=   0.3s
[CV] END estimator__criterion=absolute_error, estimator__max_depth=17, estimator__min_samples_split=3, estimator__n_estimators=80; total time=   0.3s
[CV] END estimator__criterion=absolute_error, estimator__max_depth=17, estimator__min_samples_split=3, estimator__n_estimators=80; total time=   0.3s
[CV] END estimator__criterion=absolute_error, estimator__max_depth=17, estimator__min_samples_split=3, estimator__n_estimators=80; total time=   0.3s
[CV] END estimator__criterion=absolute_error, estimator__max_depth=17, estimator__min_samples_split=3, estimator__n_estimators=100; total time=   0.4s
[CV] END estimator__criterion=absolute_error, estimator__max_depth=17, estimator__min_samples_split=3, estimator__n_estimators=100; total time=   0.3s
[CV] END estimator__criterion=absolute_error, estimator__max_depth=17, estimator__min_samples_split=3, estimator__n_estimators=100; total time=   0.4s
[CV] END estimator__criterion=absolute_error, estimator__max_depth=18, estimator__min_samples_split=6, estimator__n_estimators=80; total time=   0.3s
[CV] END estimator__criterion=absolute_error, estimator__max_depth=18, estimator__min_samples_split=6, estimator__n_estimators=80; total time=   0.2s
[CV] END estimator__criterion=squared_error, estimator__max_depth=14, estimator__min_samples_split=2, estimator__n_estimators=80; total time=   0.0s
[CV] END estimator__criterion=squared_error, estimator__max_depth=15, estimator__min_samples_split=4, estimator__n_estimators=60; total time=   0.0s
[CV] END estimator__criterion=squared_error, estimator__max_depth=15, estimator__min_samples_split=4, estimator__n_estimators=60; total time=   0.0s
[CV] END estimator__criterion=squared_error, estimator__max_depth=15, estimator__min_samples_split=4, estimator__n_estimators=80; total time=   0.0s
[CV] END estimator__criterion=squared_error, estimator__max_depth=15, estimator__min_samples_split=4, estimator__n_estimators=80; total time=   0.0s
[CV] END estimator__criterion=squared_error, estimator__max_depth=16, estimator__min_samples_split=3, estimator__n_estimators=40; total time=   0.0s
[CV] END estimator__criterion=squared_error, estimator__max_depth=16, estimator__min_samples_split=3, estimator__n_estimators=60; total time=   0.0s
[CV] END estimator__criterion=squared_error, estimator__max_depth=16, estimator__min_samples_split=3, estimator__n_estimators=60; total time=   0.0s
[CV] END estimator__criterion=squared_error, estimator__max_depth=16, estimator__min_samples_split=3, estimator__n_estimators=60; total time=   0.0s
[CV] END estimator__criterion=squared_error, estimator__max_depth=16, estimator__min_samples_split=6, estimator__n_estimators=80; total time=   0.0s
[CV] END estimator__criterion=squared_error, estimator__max_depth=16, estimator__min_samples_split=6, estimator__n_estimators=80; total time=   0.0s
[CV] END estimator__criterion=squared_error, estimator__max_depth=16, estimator__min_samples_split=6, estimator__n_estimators=100; total time=   0.0s
[CV] END estimator__criterion=squared_error, estimator__max_depth=16, estimator__min_samples_split=6, estimator__n_estimators=100; total time=   0.0s
[CV] END estimator__criterion=squared_error, estimator__max_depth=18, estimator__min_samples_split=2, estimator__n_estimators=20; total time=   0.0s
[CV] END estimator__criterion=squared_error, estimator__max_depth=18, estimator__min_samples_split=2, estimator__n_estimators=20; total time=   0.0s
[CV] END estimator__criterion=squared_error, estimator__max_depth=18, estimator__min_samples_split=2, estimator__n_estimators=20; total time=   0.0s
[CV] END estimator__criterion=squared_error, estimator__max_depth=18, estimator__min_samples_split=2, estimator__n_estimators=20; total time=   0.0s
[CV] END estimator__criterion=squared_error, estimator__max_depth=18, estimator__min_samples_split=3, estimator__n_estimators=100; total time=   0.0s
[CV] END estimator__criterion=squared_error, estimator__max_depth=18, estimator__min_samples_split=3, estimator__n_estimators=100; total time=   0.0s
[CV] END estimator__criterion=squared_error, estimator__max_depth=18, estimator__min_samples_split=4, estimator__n_estimators=20; total time=   0.0s
[CV] END estimator__criterion=squared_error, estimator__max_depth=18, estimator__min_samples_split=4, estimator__n_estimators=20; total time=   0.0s
[CV] END estimator__criterion=absolute_error, estimator__max_depth=14, estimator__min_samples_split=2, estimator__n_estimators=60; total time=   0.2s
[CV] END estimator__criterion=absolute_error, estimator__max_depth=14, estimator__min_samples_split=2, estimator__n_estimators=60; total time=   0.2s
[CV] END estimator__criterion=absolute_error, estimator__max_depth=14, estimator__min_samples_split=2, estimator__n_estimators=60; total time=   0.2s
[CV] END estimator__criterion=absolute_error, estimator__max_depth=14, estimator__min_samples_split=2, estimator__n_estimators=60; total time=   0.2s
[CV] END estimator__criterion=absolute_error, estimator__max_depth=15, estimator__min_samples_split=4, estimator__n_estimators=20; total time=   0.0s
[CV] END estimator__criterion=absolute_error, estimator__max_depth=15, estimator__min_samples_split=4, estimator__n_estimators=20; total time=   0.0s
[CV] END estimator__criterion=absolute_error, estimator__max_depth=15, estimator__min_samples_split=4, estimator__n_estimators=20; total time=   0.0s
[CV] END estimator__criterion=absolute_error, estimator__max_depth=15, estimator__min_samples_split=4, estimator__n_estimators=20; total time=   0.0s
[CV] END estimator__criterion=absolute_error, estimator__max_depth=15, estimator__min_samples_split=4, estimator__n_estimators=20; total time=   0.0s
[CV] END estimator__criterion=absolute_error, estimator__max_depth=15, estimator__min_samples_split=4, estimator__n_estimators=40; total time=   0.1s
[CV] END estimator__criterion=absolute_error, estimator__max_depth=15, estimator__min_samples_split=4, estimator__n_estimators=40; total time=   0.1s
[CV] END estimator__criterion=absolute_error, estimator__max_depth=15, estimator__min_samples_split=4, estimator__n_estimators=40; total time=   0.1s
[CV] END estimator__criterion=absolute_error, estimator__max_depth=16, estimator__min_samples_split=3, estimator__n_estimators=60; total time=   0.2s
[CV] END estimator__criterion=absolute_error, estimator__max_depth=16, estimator__min_samples_split=3, estimator__n_estimators=60; total time=   0.2s
[CV] END estimator__criterion=absolute_error, estimator__max_depth=16, estimator__min_samples_split=3, estimator__n_estimators=60; total time=   0.2s
[CV] END estimator__criterion=absolute_error, estimator__max_depth=16, estimator__min_samples_split=3, estimator__n_estimators=80; total time=   0.3s
[CV] END estimator__criterion=absolute_error, estimator__max_depth=16, estimator__min_samples_split=3, estimator__n_estimators=80; total time=   0.3s
[CV] END estimator__criterion=absolute_error, estimator__max_depth=16, estimator__min_samples_split=3, estimator__n_estimators=80; total time=   0.2s
[CV] END estimator__criterion=absolute_error, estimator__max_depth=16, estimator__min_samples_split=3, estimator__n_estimators=80; total time=   0.3s
[CV] END estimator__criterion=absolute_error, estimator__max_depth=16, estimator__min_samples_split=3, estimator__n_estimators=80; total time=   0.3s
[CV] END estimator__criterion=absolute_error, estimator__max_depth=17, estimator__min_samples_split=5, estimator__n_estimators=100; total time=   0.3s
[CV] END estimator__criterion=absolute_error, estimator__max_depth=17, estimator__min_samples_split=6, estimator__n_estimators=60; total time=   0.2s
[CV] END estimator__criterion=absolute_error, estimator__max_depth=17, estimator__min_samples_split=6, estimator__n_estimators=60; total time=   0.2s
[CV] END estimator__criterion=absolute_error, estimator__max_depth=18, estimator__min_samples_split=3, estimator__n_estimators=20; total time=   0.0s
[CV] END estimator__criterion=absolute_error, estimator__max_depth=18, estimator__min_samples_split=3, estimator__n_estimators=20; total time=   0.0s
[CV] END estimator__criterion=absolute_error, estimator__max_depth=18, estimator__min_samples_split=3, estimator__n_estimators=100; total time=   0.4s
[CV] END estimator__criterion=absolute_error, estimator__max_depth=18, estimator__min_samples_split=3, estimator__n_estimators=100; total time=   0.3s
[CV] END estimator__criterion=absolute_error, estimator__max_depth=18, estimator__min_samples_split=6, estimator__n_estimators=80; total time=   0.2s
[CV] END estimator__criterion=absolute_error, estimator__max_depth=18, estimator__min_samples_split=6, estimator__n_estimators=80; total time=   0.2s
[CV] END estimator__criterion=squared_error, estimator__max_depth=14, estimator__min_samples_split=2, estimator__n_estimators=80; total time=   0.0s
[CV] END estimator__criterion=squared_error, estimator__max_depth=15, estimator__min_samples_split=4, estimator__n_estimators=40; total time=   0.0s
[CV] END estimator__criterion=squared_error, estimator__max_depth=15, estimator__min_samples_split=4, estimator__n_estimators=40; total time=   0.0s
[CV] END estimator__criterion=squared_error, estimator__max_depth=15, estimator__min_samples_split=4, estimator__n_estimators=40; total time=   0.0s
[CV] END estimator__criterion=squared_error, estimator__max_depth=15, estimator__min_samples_split=4, estimator__n_estimators=40; total time=   0.0s
[CV] END estimator__criterion=squared_error, estimator__max_depth=15, estimator__min_samples_split=6, estimator__n_estimators=80; total time=   0.0s
[CV] END estimator__criterion=squared_error, estimator__max_depth=15, estimator__min_samples_split=6, estimator__n_estimators=100; total time=   0.0s
[CV] END estimator__criterion=squared_error, estimator__max_depth=15, estimator__min_samples_split=6, estimator__n_estimators=100; total time=   0.0s
[CV] END estimator__criterion=squared_error, estimator__max_depth=15, estimator__min_samples_split=6, estimator__n_estimators=100; total time=   0.0s
[CV] END estimator__criterion=squared_error, estimator__max_depth=17, estimator__min_samples_split=2, estimator__n_estimators=100; total time=   0.0s
[CV] END estimator__criterion=squared_error, estimator__max_depth=17, estimator__min_samples_split=2, estimator__n_estimators=100; total time=   0.0s
[CV] END estimator__criterion=squared_error, estimator__max_depth=17, estimator__min_samples_split=2, estimator__n_estimators=100; total time=   0.0s
[CV] END estimator__criterion=squared_error, estimator__max_depth=17, estimator__min_samples_split=2, estimator__n_estimators=100; total time=   0.0s
[CV] END estimator__criterion=squared_error, estimator__max_depth=18, estimator__min_samples_split=4, estimator__n_estimators=60; total time=   0.0s
[CV] END estimator__criterion=squared_error, estimator__max_depth=18, estimator__min_samples_split=4, estimator__n_estimators=60; total time=   0.0s
[CV] END estimator__criterion=squared_error, estimator__max_depth=18, estimator__min_samples_split=4, estimator__n_estimators=60; total time=   0.0s
[CV] END estimator__criterion=squared_error, estimator__max_depth=18, estimator__min_samples_split=4, estimator__n_estimators=60; total time=   0.0s
[CV] END estimator__criterion=absolute_error, estimator__max_depth=14, estimator__min_samples_split=3, estimator__n_estimators=40; total time=   0.1s
[CV] END estimator__criterion=absolute_error, estimator__max_depth=14, estimator__min_samples_split=3, estimator__n_estimators=40; total time=   0.1s
[CV] END estimator__criterion=absolute_error, estimator__max_depth=14, estimator__min_samples_split=3, estimator__n_estimators=40; total time=   0.1s
[CV] END estimator__criterion=absolute_error, estimator__max_depth=14, estimator__min_samples_split=3, estimator__n_estimators=40; total time=   0.1s
[CV] END estimator__criterion=absolute_error, estimator__max_depth=15, estimator__min_samples_split=3, estimator__n_estimators=20; total time=   0.0s
[CV] END estimator__criterion=absolute_error, estimator__max_depth=15, estimator__min_samples_split=3, estimator__n_estimators=20; total time=   0.0s
[CV] END estimator__criterion=absolute_error, estimator__max_depth=15, estimator__min_samples_split=3, estimator__n_estimators=20; total time=   0.0s
[CV] END estimator__criterion=absolute_error, estimator__max_depth=15, estimator__min_samples_split=3, estimator__n_estimators=20; total time=   0.0s
[CV] END estimator__criterion=absolute_error, estimator__max_depth=15, estimator__min_samples_split=3, estimator__n_estimators=40; total time=   0.1s
[CV] END estimator__criterion=absolute_error, estimator__max_depth=15, estimator__min_samples_split=3, estimator__n_estimators=40; total time=   0.1s
[CV] END estimator__criterion=absolute_error, estimator__max_depth=15, estimator__min_samples_split=3, estimator__n_estimators=40; total time=   0.1s
[CV] END estimator__criterion=absolute_error, estimator__max_depth=15, estimator__min_samples_split=3, estimator__n_estimators=40; total time=   0.1s
[CV] END estimator__criterion=absolute_error, estimator__max_depth=16, estimator__min_samples_split=2, estimator__n_estimators=100; total time=   0.4s
[CV] END estimator__criterion=absolute_error, estimator__max_depth=16, estimator__min_samples_split=2, estimator__n_estimators=100; total time=   0.5s
[CV] END estimator__criterion=absolute_error, estimator__max_depth=16, estimator__min_samples_split=2, estimator__n_estimators=100; total time=   0.4s
[CV] END estimator__criterion=absolute_error, estimator__max_depth=16, estimator__min_samples_split=2, estimator__n_estimators=100; total time=   0.4s
[CV] END estimator__criterion=absolute_error, estimator__max_depth=16, estimator__min_samples_split=3, estimator__n_estimators=20; total time=   0.0s
[CV] END estimator__criterion=absolute_error, estimator__max_depth=16, estimator__min_samples_split=3, estimator__n_estimators=20; total time=   0.0s
[CV] END estimator__criterion=absolute_error, estimator__max_depth=16, estimator__min_samples_split=3, estimator__n_estimators=20; total time=   0.0s
[CV] END estimator__criterion=absolute_error, estimator__max_depth=16, estimator__min_samples_split=3, estimator__n_estimators=20; total time=   0.0s
[CV] END estimator__criterion=absolute_error, estimator__max_depth=17, estimator__min_samples_split=5, estimator__n_estimators=40; total time=   0.1s
[CV] END estimator__criterion=absolute_error, estimator__max_depth=17, estimator__min_samples_split=5, estimator__n_estimators=40; total time=   0.1s
[CV] END estimator__criterion=absolute_error, estimator__max_depth=17, estimator__min_samples_split=5, estimator__n_estimators=60; total time=   0.2s
[CV] END estimator__criterion=absolute_error, estimator__max_depth=17, estimator__min_samples_split=5, estimator__n_estimators=100; total time=   0.3s
[CV] END estimator__criterion=absolute_error, estimator__max_depth=17, estimator__min_samples_split=6, estimator__n_estimators=80; total time=   0.3s
[CV] END estimator__criterion=absolute_error, estimator__max_depth=17, estimator__min_samples_split=6, estimator__n_estimators=80; total time=   0.3s
[CV] END estimator__criterion=absolute_error, estimator__max_depth=18, estimator__min_samples_split=3, estimator__n_estimators=60; total time=   0.2s
[CV] END estimator__criterion=absolute_error, estimator__max_depth=18, estimator__min_samples_split=3, estimator__n_estimators=80; total time=   0.3s
[CV] END estimator__criterion=absolute_error, estimator__max_depth=18, estimator__min_samples_split=5, estimator__n_estimators=100; total time=   0.4s
[CV] END estimator__criterion=absolute_error, estimator__max_depth=18, estimator__min_samples_split=5, estimator__n_estimators=100; total time=   0.3s
[CV] END estimator__criterion=absolute_error, estimator__max_depth=18, estimator__min_samples_split=6, estimator__n_estimators=100; total time=   0.3s
[CV] END estimator__criterion=absolute_error, estimator__max_depth=18, estimator__min_samples_split=6, estimator__n_estimators=100; total time=   0.3s
