group_id,surface,family,composite_score,raw_score,shape_score,offset_score,robust_score,mae,rmse,mean_pct,p95_pct,centered_mae,centered_rmse,abs_offset,signed_offset,p2p_error,max_mean_pct,std_mean_pct,max_mae,collage_path,onnx_model_path,python_model_path
polished_dataset__actual_values,backward,periodic_gru_sequence,0.005714285714285714,0.0,0.0,0.02857142857142857,0.0,0.0012625017802450034,0.001583403350040666,2.653550861214793,5.4895373206558356,0.0011372986983631623,0.0014262275793343825,0.0005022666032504005,8.348508887609221e-05,0.0022622157981807486,5.968306725297,1.4004923004723762,0.004805542948,output/validation_checks/track2_familywise_onnx_report/periodic_gru_sequence/2026-07-09-09-05-16__track2_periodic_gru_sequence_familywise_onnx_report/collages/polished_dataset__actual_values/backward_12_curve_collage.png,models/polished_dataset/actual_values/exported/periodic_gru_sequence/backward/2026-07-09-01-09-21__te_periodic_gru_sequence_bw__polished_actual_values/onnx/model.onnx,models/polished_dataset/actual_values/exported/periodic_gru_sequence/backward/2026-07-09-01-09-21__te_periodic_gru_sequence_bw__polished_actual_values/python/periodic_gru_sequence-epoch=257-val_mae=0.00127934.ckpt
polished_dataset__actual_values,backward,wave3_2_harmonic_residual_offset,0.12523809523809523,0.03809523809523809,0.1238095238095238,0.17142857142857143,0.26666666666666666,0.0021529076195738297,0.0026070748499673175,4.080231674641602,10.49759048671752,0.002056687876653105,0.0024783223078979643,0.0005419445953530083,0.00023731110067209529,0.005475525920740031,17.412444886725,3.277592321341536,0.018534531261,output/validation_checks/track2_familywise_onnx_report/wave3_2_harmonic_residual_offset/2026-07-11-11-07-57__track2_wave3_2_harmonic_residual_offset_familywise_onnx_report/collages/polished_dataset__actual_values/backward_12_curve_collage.png,models/polished_dataset/actual_values/exported/wave3_2_harmonic_residual_offset/backward/2026-07-11-06-13-40__te_wave3_2_harmonic_residual_offset_bw__polished_actual_values/onnx/model.onnx,models/polished_dataset/actual_values/exported/wave3_2_harmonic_residual_offset/backward/2026-07-11-06-13-40__te_wave3_2_harmonic_residual_offset_bw__polished_actual_values/python/harmonic_residual_offset_probe-epoch=205-val_mae=0.00185299.ckpt
polished_dataset__actual_values,backward,wave3_3_raw_offset_curve_aware,0.1261904761904762,0.06666666666666667,0.19999999999999998,0.08571428571428572,0.1714285714285714,0.0021750404277475813,0.0026319786509672424,4.118983866642599,10.422458116195322,0.002086351643046128,0.0025157316867934474,0.0005156415939536239,-9.093484985587279e-05,0.005350911125981625,17.239487939097,3.264271527728343,0.018350428685,output/validation_checks/track2_familywise_onnx_report/wave3_3_raw_offset_curve_aware/2026-07-12-09-53-26__track2_wave3_3_raw_offset_curve_aware_familywise_onnx_report/collages/polished_dataset__actual_values/backward_12_curve_collage.png,models/polished_dataset/actual_values/exported/wave3_3_raw_offset_curve_aware/backward/2026-07-12-02-57-47__te_wave3_3_raw_offset_curve_aware_bw__polished_actual_values/onnx/model.onnx,models/polished_dataset/actual_values/exported/wave3_3_raw_offset_curve_aware/backward/2026-07-12-02-57-47__te_wave3_3_raw_offset_curve_aware_bw__polished_actual_values/python/curve_aware_harmonic_residual_offset_probe-epoch=199-val_mae=0.00184997.ckpt
polished_dataset__actual_values,backward,wave3_3_curve_aware_pointwise_control,0.1776190476190476,0.10476190476190476,0.19047619047619047,0.2857142857142857,0.21904761904761905,0.0021905211130018795,0.002635616275216606,4.141634378477765,10.372101970734395,0.0020837259504769717,0.002500780242096283,0.0005609555313776371,0.00015552672145931505,0.0054009498494548445,17.280874497364,3.292597932267168,0.018394482261,output/validation_checks/track2_familywise_onnx_report/wave3_3_curve_aware_pointwise_control/2026-07-11-16-39-41__track2_wave3_3_curve_aware_pointwise_control_familywise_onnx_report/collages/polished_dataset__actual_values/backward_12_curve_collage.png,models/polished_dataset/actual_values/exported/wave3_3_curve_aware_pointwise_control/backward/2026-07-11-14-43-50__te_wave3_3_curve_aware_pointwise_control_bw__polished_actual_values/onnx/model.onnx,models/polished_dataset/actual_values/exported/wave3_3_curve_aware_pointwise_control/backward/2026-07-11-14-43-50__te_wave3_3_curve_aware_pointwise_control_bw__polished_actual_values/python/curve_aware_harmonic_residual_offset_probe-epoch=175-val_mae=0.00184976.ckpt
polished_dataset__actual_values,backward,wave3_3_raw_centered_shape_curve_aware,0.1857142857142857,0.1714285714285714,0.1714285714285714,0.34285714285714286,0.15238095238095237,0.0021968981830399704,0.002650434141983759,4.176290168067425,10.4472593929636,0.0020809023348368314,0.002504344295695496,0.000575076469244845,-5.694408837243174e-06,0.005379834042074397,17.265896973479,3.2355187814917676,0.018378539561,output/validation_checks/track2_familywise_onnx_report/wave3_3_raw_centered_shape_curve_aware/2026-07-12-00-15-41__track2_wave3_3_raw_centered_shape_curve_aware_familywise_onnx_report/collages/polished_dataset__actual_values/backward_12_curve_collage.png,models/polished_dataset/actual_values/exported/wave3_3_raw_centered_shape_curve_aware/backward/2026-07-11-20-41-54__te_wave3_3_raw_centered_shape_curve_aware_bw__polished_actual_values/onnx/model.onnx,models/polished_dataset/actual_values/exported/wave3_3_raw_centered_shape_curve_aware/backward/2026-07-11-20-41-54__te_wave3_3_raw_centered_shape_curve_aware_bw__polished_actual_values/python/curve_aware_harmonic_residual_offset_probe-epoch=186-val_mae=0.00185514.ckpt
polished_dataset__actual_values,backward,periodic_temporal_convolution,0.1961904761904762,0.20952380952380953,0.0857142857142857,0.5142857142857142,0.14285714285714288,0.0021926155045268072,0.0026533525171980664,4.2381541676469805,10.628498614376744,0.0020694488635350427,0.0024872728292924763,0.0006156113668915603,-3.8027750072016305e-05,0.00486117903888721,15.704053907605,3.135768717874725,0.016716048778,output/validation_checks/track2_familywise_onnx_report/periodic_temporal_convolution/2026-07-08-23-45-38__track2_periodic_temporal_convolution_familywise_onnx_report/collages/polished_dataset__actual_values/backward_12_curve_collage.png,models/polished_dataset/actual_values/exported/periodic_temporal_convolution/backward/2026-07-08-21-27-59__te_periodic_temporal_convolution_bw__polished_actual_values/onnx/model.onnx,models/polished_dataset/actual_values/exported/periodic_temporal_convolution/backward/2026-07-08-21-27-59__te_periodic_temporal_convolution_bw__polished_actual_values/python/periodic_temporal_convolution-epoch=093-val_mae=0.00186606.ckpt
polished_dataset__actual_values,backward,wave4_1_smooth_l1_robust_loss,0.2595238095238095,0.1619047619047619,0.2571428571428571,0.45714285714285713,0.30476190476190473,0.0022003096979323965,0.0026463678578430403,4.148481565176287,10.461820932977945,0.0020935155786251172,0.002506980387241405,0.0005996811256089126,0.00032682977359993286,0.005636920457076717,17.420709752357,3.328385145830172,0.018543328728,output/validation_checks/track2_familywise_onnx_report/wave4_1_smooth_l1_robust_loss/2026-07-13-09-08-55__track2_wave4_1_smooth_l1_robust_loss_familywise_onnx_report/collages/polished_dataset__actual_values/backward_12_curve_collage.png,models/polished_dataset/actual_values/exported/wave4_1_smooth_l1_robust_loss/backward/2026-07-13-01-50-39__te_wave4_1_smooth_l1_robust_loss_bw__polished_actual_values/onnx/model.onnx,models/polished_dataset/actual_values/exported/wave4_1_smooth_l1_robust_loss/backward/2026-07-13-01-50-39__te_wave4_1_smooth_l1_robust_loss_bw__polished_actual_values/python/curve_aware_harmonic_residual_offset_probe-epoch=128-val_mae=0.00189374.ckpt
polished_dataset__actual_values,backward,wave3_3_full_curve_composite,0.27285714285714285,0.27619047619047615,0.29523809523809524,0.3142857142857143,0.3428571428571428,0.002249774913908816,0.002745959245745019,4.292134637325907,10.69966657945759,0.0021544790619775116,0.002620113072419572,0.0005742473644405154,9.612154814557057e-05,0.004188694597960034,16.924054547769,3.320085949927038,0.018014668251,output/validation_checks/track2_familywise_onnx_report/wave3_3_full_curve_composite/2026-07-12-15-30-02__track2_wave3_3_full_curve_composite_familywise_onnx_report/collages/polished_dataset__actual_values/backward_12_curve_collage.png,models/polished_dataset/actual_values/exported/wave3_3_full_curve_composite/backward/2026-07-12-13-09-19__te_wave3_3_full_curve_composite_bw__polished_actual_values/onnx/model.onnx,models/polished_dataset/actual_values/exported/wave3_3_full_curve_composite/backward/2026-07-12-13-09-19__te_wave3_3_full_curve_composite_bw__polished_actual_values/python/curve_aware_harmonic_residual_offset_probe-epoch=143-val_mae=0.00194357.ckpt
polished_dataset__actual_values,backward,wave4_2_quantile_p10_p50_p90,0.2814285714285714,0.07619047619047618,0.32380952380952377,0.4,0.4857142857142857,0.00217904821923588,0.0026415201160565668,4.0643410049254705,10.739877086055456,0.0020987241395942166,0.0024977792889284657,0.0005898878888349273,8.974557509213547e-05,0.006195450556449632,17.568387395438,3.4414666083307965,0.018700522959,output/validation_checks/track2_familywise_onnx_report/wave4_2_quantile_p10_p50_p90/2026-07-14-18-14-36__track2_wave4_2_quantile_p10_p50_p90_familywise_onnx_report/collages/polished_dataset__actual_values/backward_12_curve_collage.png,models/polished_dataset/actual_values/exported/wave4_2_quantile_p10_p50_p90/backward/2026-07-14-17-11-13__te_wave4_2_quantile_p10_p50_p90_bw__polished_actual_values/onnx/model.onnx,models/polished_dataset/actual_values/exported/wave4_2_quantile_p10_p50_p90/backward/2026-07-14-17-11-13__te_wave4_2_quantile_p10_p50_p90_bw__polished_actual_values/python/curve_aware_harmonic_residual_offset_probe-epoch=123-val_mae=0.00178818.ckpt
polished_dataset__actual_values,backward,residual_harmonic_gru_sequence_dense240,0.28476190476190477,0.3238095238095238,0.45714285714285713,0.14285714285714285,0.20952380952380953,0.002268049117839976,0.002774681462567879,4.363650129693439,10.598573752772628,0.002206052627528528,0.0026750073822151194,0.000530056737755907,0.00028009849575086007,0.005885086476213318,17.50564442642,3.20752471568552,0.018633736731,output/validation_checks/track2_familywise_onnx_report/residual_harmonic_gru_sequence_dense240/2026-07-09-13-29-35__track2_residual_harmonic_gru_sequence_dense240_familywise_onnx_report/collages/polished_dataset__actual_values/backward_12_curve_collage.png,models/polished_dataset/actual_values/exported/residual_harmonic_gru_sequence_dense240/backward/2026-07-09-12-19-38__te_residual_harmonic_gru_sequence_dense240_bw__polished_actual_values/onnx/model.onnx,models/polished_dataset/actual_values/exported/residual_harmonic_gru_sequence_dense240/backward/2026-07-09-12-19-38__te_residual_harmonic_gru_sequence_dense240_bw__polished_actual_values/python/residual_harmonic_gru_sequence-epoch=180-val_mae=0.00194153.ckpt
polished_dataset__actual_values,backward,wave4_1_log_cosh_robust_loss,0.28476190476190477,0.21904761904761905,0.27619047619047615,0.5428571428571428,0.2380952380952381,0.002218090087750602,0.002673358229163664,4.191716375106556,10.475288883232821,0.002106790906219525,0.0025212278431052757,0.0006417237584468814,0.00020492212147950982,0.005395525846595658,17.201208639142,3.3101780668266554,0.018309682604,output/validation_checks/track2_familywise_onnx_report/wave4_1_log_cosh_robust_loss/2026-07-13-11-52-34__track2_wave4_1_log_cosh_robust_loss_familywise_onnx_report/collages/polished_dataset__actual_values/backward_12_curve_collage.png,models/polished_dataset/actual_values/exported/wave4_1_log_cosh_robust_loss/backward/2026-07-13-10-23-44__te_wave4_1_log_cosh_robust_loss_bw__polished_actual_values/onnx/model.onnx,models/polished_dataset/actual_values/exported/wave4_1_log_cosh_robust_loss/backward/2026-07-13-10-23-44__te_wave4_1_log_cosh_robust_loss_bw__polished_actual_values/python/curve_aware_harmonic_residual_offset_probe-epoch=127-val_mae=0.00187102.ckpt
polished_dataset__actual_values,backward,residual_harmonic_lstm_sequence_dense240,0.3342857142857143,0.41904761904761906,0.5238095238095238,0.0,0.44761904761904764,0.002354491184644651,0.002850614668133268,4.508139531405722,10.769292359657799,0.0022781066829020116,0.0027554288475837552,0.0005009298276478737,0.00016118389424883152,0.005896427597419577,17.754664356897,3.2740200043760037,0.018898803912,output/validation_checks/track2_familywise_onnx_report/residual_harmonic_lstm_sequence_dense240/2026-07-10-09-24-21__track2_residual_harmonic_lstm_sequence_dense240_familywise_onnx_report/collages/polished_dataset__actual_values/backward_12_curve_collage.png,models/polished_dataset/actual_values/exported/residual_harmonic_lstm_sequence_dense240/backward/2026-07-10-02-54-22__te_residual_harmonic_lstm_sequence_dense240_bw__polished_actual_values/onnx/model.onnx,models/polished_dataset/actual_values/exported/residual_harmonic_lstm_sequence_dense240/backward/2026-07-10-02-54-22__te_residual_harmonic_lstm_sequence_dense240_bw__polished_actual_values/python/residual_harmonic_lstm_sequence-epoch=126-val_mae=0.00198495.ckpt
polished_dataset__actual_values,backward,wave4_2_gaussian_nll,0.3414285714285714,0.30476190476190473,0.15238095238095237,0.6571428571428571,0.638095238095238,0.0023272877220834928,0.002757790517703029,4.211448885984202,10.768977922728036,0.0020622811111870097,0.0024680817514114526,0.0007428464030330638,0.00023230270257593226,0.005875619156211813,27.807000445453,4.194595495767315,0.0243567405,output/validation_checks/track2_familywise_onnx_report/wave4_2_gaussian_nll/2026-07-15-00-50-22__track2_wave4_2_gaussian_nll_familywise_onnx_report/collages/polished_dataset__actual_values/backward_12_curve_collage.png,models/polished_dataset/actual_values/exported/wave4_2_gaussian_nll/backward/2026-07-14-21-40-47__te_wave4_2_gaussian_nll_bw__polished_actual_values/onnx/model.onnx,models/polished_dataset/actual_values/exported/wave4_2_gaussian_nll/backward/2026-07-14-21-40-47__te_wave4_2_gaussian_nll_bw__polished_actual_values/python/curve_aware_harmonic_residual_offset_probe-epoch=255-val_mae=0.00180572.ckpt
polished_dataset__actual_values,backward,residual_harmonic_gru_sequence_dense360,0.3547619047619047,0.4476190476190476,0.5047619047619047,0.2571428571428571,0.24761904761904763,0.00235861823324006,0.0028747266536965923,4.56782459039648,10.675878506680986,0.002266916557559687,0.0027529991733035567,0.0005582795051593801,3.3854786422014815e-05,0.005903376898594557,17.529310669688,3.1515872356020185,0.018658928065,output/validation_checks/track2_familywise_onnx_report/residual_harmonic_gru_sequence_dense360/2026-07-09-21-12-15__track2_residual_harmonic_gru_sequence_dense360_familywise_onnx_report/collages/polished_dataset__actual_values/backward_12_curve_collage.png,models/polished_dataset/actual_values/exported/residual_harmonic_gru_sequence_dense360/backward/2026-07-09-17-49-07__te_residual_harmonic_gru_sequence_dense360_bw__polished_actual_values/onnx/model.onnx,models/polished_dataset/actual_values/exported/residual_harmonic_gru_sequence_dense360/backward/2026-07-09-17-49-07__te_residual_harmonic_gru_sequence_dense360_bw__polished_actual_values/python/residual_harmonic_gru_sequence-epoch=116-val_mae=0.00195966.ckpt
polished_dataset__actual_values,backward,residual_harmonic_gru_sequence_sparse_rcim,0.37952380952380954,0.36190476190476195,0.4857142857142857,0.37142857142857144,0.41904761904761906,0.0022938287362318705,0.00279161733277561,4.399320008465073,10.716288094085932,0.0022018934064372965,0.002662046121120058,0.0005891244225239588,0.0002495920180022449,0.0061650115859130045,17.814258371243,3.2750121314919047,0.018962238262,output/validation_checks/track2_familywise_onnx_report/residual_harmonic_gru_sequence_sparse_rcim/2026-07-09-11-17-17__track2_residual_harmonic_gru_sequence_sparse_rcim_familywise_onnx_report/collages/polished_dataset__actual_values/backward_12_curve_collage.png,models/polished_dataset/actual_values/exported/residual_harmonic_gru_sequence_sparse_rcim/backward/2026-07-09-08-55-01__te_residual_harmonic_gru_sequence_sparse_rcim_bw__polished_actual_values/onnx/model.onnx,models/polished_dataset/actual_values/exported/residual_harmonic_gru_sequence_sparse_rcim/backward/2026-07-09-08-55-01__te_residual_harmonic_gru_sequence_sparse_rcim_bw__polished_actual_values/python/residual_harmonic_gru_sequence-epoch=200-val_mae=0.00195317.ckpt
polished_dataset__actual_values,backward,gru_sequence,0.4233333333333333,0.5142857142857142,0.6666666666666666,0.05714285714285714,0.5047619047619047,0.002401549147490546,0.0029230891990154194,4.643387270563288,11.0251004641336,0.0023427117383570456,0.0028302117130661066,0.0005029801238214313,-2.3112576415854445e-05,0.008234576706680409,17.995539005991,3.2469903428108795,0.019155200917,output/validation_checks/track2_familywise_onnx_report/gru_sequence/2026-07-08-15-30-01__track2_gru_sequence_familywise_onnx_report/collages/polished_dataset__actual_values/backward_12_curve_collage.png,models/polished_dataset/actual_values/exported/gru_sequence/backward/2026-07-08-14-10-34__te_gru_sequence_bw__polished_actual_values/onnx/model.onnx,models/polished_dataset/actual_values/exported/gru_sequence/backward/2026-07-08-14-10-34__te_gru_sequence_bw__polished_actual_values/python/gru_sequence-epoch=172-val_mae=0.00214390.ckpt
polished_dataset__actual_values,backward,wave4_1_mae_robust_loss,0.42904761904761907,0.30476190476190473,0.41904761904761906,0.6285714285714286,0.638095238095238,0.0023165508451625186,0.0027806936012550664,4.206233193244135,10.792603150042828,0.0021149498743976685,0.0025325464468649718,0.0007358888135522373,0.00016517265946031678,0.0060638555584406045,26.333187719681,4.096390859517738,0.023065796726,output/validation_checks/track2_familywise_onnx_report/wave4_1_mae_robust_loss/2026-07-12-20-30-49__track2_wave4_1_mae_robust_loss_familywise_onnx_report/collages/polished_dataset__actual_values/backward_12_curve_collage.png,models/polished_dataset/actual_values/exported/wave4_1_mae_robust_loss/backward/2026-07-12-19-08-24__te_wave4_1_mae_robust_loss_bw__polished_actual_values/onnx/model.onnx,models/polished_dataset/actual_values/exported/wave4_1_mae_robust_loss/backward/2026-07-12-19-08-24__te_wave4_1_mae_robust_loss_bw__polished_actual_values/python/curve_aware_harmonic_residual_offset_probe-epoch=173-val_mae=0.00178689.ckpt
polished_dataset__actual_values,backward,residual_harmonic_lstm_sequence_dense360,0.43380952380952376,0.5047619047619047,0.5142857142857142,0.5714285714285714,0.2571428571428572,0.002407357812499796,0.0029096838090753646,4.654605903693205,10.620863222581203,0.0022674477138004104,0.002737732915000982,0.0006679260225279522,-4.4692311031981324e-05,0.005941947543760762,17.607880574406,3.1656735594746745,0.018742561143,output/validation_checks/track2_familywise_onnx_report/residual_harmonic_lstm_sequence_dense360/2026-07-10-12-52-29__track2_residual_harmonic_lstm_sequence_dense360_familywise_onnx_report/collages/polished_dataset__actual_values/backward_12_curve_collage.png,models/polished_dataset/actual_values/exported/residual_harmonic_lstm_sequence_dense360/backward/2026-07-10-07-24-50__te_residual_harmonic_lstm_sequence_dense360_bw__polished_actual_values/onnx/model.onnx,models/polished_dataset/actual_values/exported/residual_harmonic_lstm_sequence_dense360/backward/2026-07-10-07-24-50__te_residual_harmonic_lstm_sequence_dense360_bw__polished_actual_values/python/residual_harmonic_lstm_sequence-epoch=105-val_mae=0.00199856.ckpt
polished_dataset__actual_values,backward,lstm_sequence,0.45666666666666667,0.5619047619047618,0.7142857142857143,0.11428571428571428,0.4761904761904762,0.0024236552555666566,0.0029462278460132833,4.687507038365374,11.019999321079736,0.0023523541490316144,0.0028404588663024396,0.0005269682484127249,-6.30174308554035e-05,0.00830831384457192,17.988278872254,3.2460601659430885,0.019147472928,output/validation_checks/track2_familywise_onnx_report/lstm_sequence/2026-07-08-23-29-14__track2_lstm_sequence_familywise_onnx_report/collages/polished_dataset__actual_values/backward_12_curve_collage.png,models/polished_dataset/actual_values/exported/lstm_sequence/backward/2026-07-08-18-02-26__te_lstm_sequence_bw__polished_actual_values/onnx/model.onnx,models/polished_dataset/actual_values/exported/lstm_sequence/backward/2026-07-08-18-02-26__te_lstm_sequence_bw__polished_actual_values/python/lstm_sequence-epoch=240-val_mae=0.00214547.ckpt
polished_dataset__actual_values,backward,periodic_mlp_harmonic,0.45952380952380956,0.49523809523809526,0.29523809523809524,0.8285714285714286,0.6095238095238096,0.0024827030127134897,0.002913649405186525,4.320852924680937,10.51930549773965,0.002071516896588688,0.0024786518192555585,0.0009729454272635366,0.0005027482164513783,0.007753129831473145,35.383580832741,4.397143252175537,0.031352852837,output/validation_checks/track2_familywise_onnx_report/periodic_mlp_harmonic/2026-07-08-09-46-27__track2_periodic_mlp_harmonic_familywise_onnx_report/collages/polished_dataset__actual_values/backward_12_curve_collage.png,models/polished_dataset/actual_values/exported/periodic_mlp_harmonic/backward/2026-07-08-03-31-01__te_periodic_mlp_harmonic_bw__polished_actual_values/onnx/model.onnx,models/polished_dataset/actual_values/exported/periodic_mlp_harmonic/backward/2026-07-08-03-31-01__te_periodic_mlp_harmonic_bw__polished_actual_values/python/periodic_mlp-epoch=128-val_mae=0.00117146.ckpt
polished_dataset__actual_values,backward,temporal_convolution,0.48190476190476195,0.6476190476190476,0.7047619047619048,0.2,0.4380952380952381,0.0024525818972738547,0.0029775127650047977,4.757386655706384,11.027752618622749,0.002370846369039546,0.0028615165294490976,0.0005456472484888451,-4.645241585254293e-05,0.007628806547801743,17.978059427091,3.2050866628596895,0.019136594925,output/validation_checks/track2_familywise_onnx_report/temporal_convolution/2026-07-08-13-07-11__track2_temporal_convolution_familywise_onnx_report/collages/polished_dataset__actual_values/backward_12_curve_collage.png,models/polished_dataset/actual_values/exported/temporal_convolution/backward/2026-07-08-10-34-09__te_temporal_convolution_bw__polished_actual_values/onnx/model.onnx,models/polished_dataset/actual_values/exported/temporal_convolution/backward/2026-07-08-10-34-09__te_temporal_convolution_bw__polished_actual_values/python/temporal_convolution-epoch=123-val_mae=0.00219843.ckpt
polished_dataset__actual_values,backward,wave5_1_harmonic_prior_pointwise_control,0.4942857142857143,0.5238095238095238,0.3904761904761904,0.6857142857142857,0.7714285714285714,0.0024775910011601786,0.0029171610104731234,4.504658632307473,10.722213065628065,0.002105520151638824,0.002520495237933768,0.0008934935556976872,0.00019564826821051714,0.006198391623601833,36.316684468007,4.662850077999831,0.031810552927,output/validation_checks/track2_familywise_onnx_report/wave5_1_harmonic_prior_pointwise_control/2026-07-16-09-56-10__track2_wave5_1_harmonic_prior_pointwise_control_familywise_onnx_report/collages/polished_dataset__actual_values/backward_12_curve_collage.png,models/polished_dataset/actual_values/exported/wave5_1_harmonic_prior_pointwise_control/backward/2026-07-16-03-08-07__te_wave5_1_harmonic_prior_pointwise_control_bw__polished_actual_values/onnx/model.onnx,models/polished_dataset/actual_values/exported/wave5_1_harmonic_prior_pointwise_control/backward/2026-07-16-03-08-07__te_wave5_1_harmonic_prior_pointwise_control_bw__polished_actual_values/python/wave3_harmonic_prior_residual-epoch=113-val_mae=0.00189638.ckpt
polished_dataset__actual_values,backward,wave3_1_sequential_residual_offset_probe,0.5176190476190476,0.5904761904761905,0.6761904761904761,0.42857142857142855,0.5142857142857143,0.0024290560899174955,0.002964340801083162,4.708537933261173,11.06991596131541,0.002346567834570952,0.0028393593578213273,0.0005975871501901065,1.8806194047107033e-05,0.008196800955239327,17.995654634782,3.2299166668156665,0.019155323997,output/validation_checks/track2_familywise_onnx_report/wave3_1_sequential_residual_offset_probe/2026-07-10-13-15-16__track2_wave3_1_sequential_residual_offset_probe_familywise_onnx_report/collages/polished_dataset__actual_values/backward_12_curve_collage.png,models/polished_dataset/actual_values/exported/wave3_1_sequential_residual_offset_probe/backward/2026-07-10-11-35-18__te_wave3_1_sequential_residual_offset_probe_bw__polished_actual_values/onnx/model.onnx,models/polished_dataset/actual_values/exported/wave3_1_sequential_residual_offset_probe/backward/2026-07-10-11-35-18__te_wave3_1_sequential_residual_offset_probe_bw__polished_actual_values/python/sequential_residual_offset_probe-epoch=197-val_mae=0.00215382.ckpt
polished_dataset__actual_values,backward,wave3_2_clean_sequential_residual_offset,0.5271428571428571,0.6761904761904761,0.7523809523809524,0.22857142857142856,0.5523809523809523,0.002471502933669107,0.0029795109572682164,4.774357530947133,11.059451096245366,0.002376828567526512,0.002860808216128872,0.0005522436427889126,3.076931246180211e-05,0.008687882444529022,18.007309337009,3.2503917984607544,0.019167729747,output/validation_checks/track2_familywise_onnx_report/wave3_2_clean_sequential_residual_offset/2026-07-11-10-22-05__track2_wave3_2_clean_sequential_residual_offset_familywise_onnx_report/collages/polished_dataset__actual_values/backward_12_curve_collage.png,models/polished_dataset/actual_values/exported/wave3_2_clean_sequential_residual_offset/backward/2026-07-10-22-37-04__te_wave3_2_clean_sequential_residual_offset_bw__polished_actual_values/onnx/model.onnx,models/polished_dataset/actual_values/exported/wave3_2_clean_sequential_residual_offset/backward/2026-07-10-22-37-04__te_wave3_2_clean_sequential_residual_offset_bw__polished_actual_values/python/sequential_residual_offset_probe-epoch=127-val_mae=0.00219453.ckpt
polished_dataset__actual_values,backward,wave5_1_harmonic_prior_smooth_l1_structured,0.5338095238095238,0.6095238095238095,0.38095238095238093,0.7714285714285715,0.8285714285714286,0.0025162783263260845,0.002965066931675408,4.613288927783818,10.864506621134055,0.002141005513402986,0.002564060723501442,0.0009308163199762475,0.0002810135664678948,0.005836592470122343,36.766228464306,4.606721617087575,0.032204318033,output/validation_checks/track2_familywise_onnx_report/wave5_1_harmonic_prior_smooth_l1_structured/2026-07-16-10-14-11__track2_wave5_1_harmonic_prior_smooth_l1_structured_familywise_onnx_report/collages/polished_dataset__actual_values/backward_12_curve_collage.png,models/polished_dataset/actual_values/exported/wave5_1_harmonic_prior_smooth_l1_structured/backward/2026-07-16-06-57-05__te_wave5_1_harmonic_prior_smooth_l1_structured_bw__polished_actual_values/onnx/model.onnx,models/polished_dataset/actual_values/exported/wave5_1_harmonic_prior_smooth_l1_structured/backward/2026-07-16-06-57-05__te_wave5_1_harmonic_prior_smooth_l1_structured_bw__polished_actual_values/python/wave3_harmonic_prior_residual-epoch=101-val_mae=0.00192977.ckpt
polished_dataset__actual_values,backward,periodic_lstm_sequence,0.5528571428571428,0.6857142857142856,0.3142857142857143,0.8571428571428571,0.8952380952380952,0.002538775770520228,0.0029741397156317086,4.718691502940611,11.49340171233589,0.002113958775684085,0.0025262874850521563,0.000998746695212666,0.0005170199880560281,0.005407082212301209,36.940089771268,4.564516745713289,0.032356606833,output/validation_checks/track2_familywise_onnx_report/periodic_lstm_sequence/2026-07-09-10-24-20__track2_periodic_lstm_sequence_familywise_onnx_report/collages/polished_dataset__actual_values/backward_12_curve_collage.png,models/polished_dataset/actual_values/exported/periodic_lstm_sequence/backward/2026-07-09-05-16-31__te_periodic_lstm_sequence_bw__polished_actual_values/onnx/model.onnx,models/polished_dataset/actual_values/exported/periodic_lstm_sequence/backward/2026-07-09-05-16-31__te_periodic_lstm_sequence_bw__polished_actual_values/python/periodic_lstm_sequence-epoch=053-val_mae=0.00197877.ckpt
polished_dataset__actual_values,backward,wave4_4_gru_latent_offset_residual,0.5728571428571428,0.8190476190476191,0.580952380952381,0.6,0.5714285714285714,0.00254741274020657,0.0030981498680164293,5.0457245748639945,11.66915360245204,0.0024058568350862433,0.0029183771672831546,0.000680843851956609,-0.00021107978314245096,0.005017151007121627,18.20947733997,3.2142553098982893,0.019045241834,output/validation_checks/track2_familywise_onnx_report/wave4_4_gru_latent_offset_residual/2026-07-15-22-18-25__track2_wave4_4_gru_latent_offset_residual_familywise_onnx_report/collages/polished_dataset__actual_values/backward_12_curve_collage.png,models/polished_dataset/actual_values/exported/wave4_4_gru_latent_offset_residual/backward/2026-07-15-19-13-13__te_wave4_4_gru_latent_offset_residual_bw__polished_actual_values/onnx/model.onnx,models/polished_dataset/actual_values/exported/wave4_4_gru_latent_offset_residual/backward/2026-07-15-19-13-13__te_wave4_4_gru_latent_offset_residual_bw__polished_actual_values/python/latent_state_hysteresis_probe-epoch=140-val_mae=0.00222826.ckpt
polished_dataset__actual_values,backward,wave4_4_causal_tcn_latent_offset_residual,0.5866666666666667,0.780952380952381,0.6666666666666666,0.4857142857142857,0.6666666666666666,0.0025289088267180233,0.0030791119450441578,4.972744074875417,11.6536467809987,0.0024366966164194068,0.0029435123126673214,0.0006017660832560547,-0.00024127798718457668,0.00511047354418824,18.142054186971,3.315590788698733,0.018974724145,output/validation_checks/track2_familywise_onnx_report/wave4_4_causal_tcn_latent_offset_residual/2026-07-15-23-45-15__track2_wave4_4_causal_tcn_latent_offset_residual_familywise_onnx_report/collages/polished_dataset__actual_values/backward_12_curve_collage.png,models/polished_dataset/actual_values/exported/wave4_4_causal_tcn_latent_offset_residual/backward/2026-07-15-22-54-23__te_wave4_4_causal_tcn_latent_offset_residual_bw__polished_actual_values/onnx/model.onnx,models/polished_dataset/actual_values/exported/wave4_4_causal_tcn_latent_offset_residual/backward/2026-07-15-22-54-23__te_wave4_4_causal_tcn_latent_offset_residual_bw__polished_actual_values/python/latent_state_hysteresis_probe-epoch=078-val_mae=0.00222665.ckpt
polished_dataset__actual_values,backward,residual_harmonic_lstm_sequence_sparse_rcim,0.6842857142857143,0.8190476190476191,0.6095238095238095,0.8857142857142857,0.8666666666666666,0.0026771811649323966,0.003168438441320125,4.956591941494699,11.180734438168635,0.002296682953052204,0.0027627161273294995,0.0009988425845065107,0.00030148819081692035,0.006932227563316082,36.280874635895,4.58003797055228,0.031779186337,output/validation_checks/track2_familywise_onnx_report/residual_harmonic_lstm_sequence_sparse_rcim/2026-07-09-23-54-09__track2_residual_harmonic_lstm_sequence_sparse_rcim_familywise_onnx_report/collages/polished_dataset__actual_values/backward_12_curve_collage.png,models/polished_dataset/actual_values/exported/residual_harmonic_lstm_sequence_sparse_rcim/backward/2026-07-09-22-37-02__te_residual_harmonic_lstm_sequence_sparse_rcim_bw__polished_actual_values/onnx/model.onnx,models/polished_dataset/actual_values/exported/residual_harmonic_lstm_sequence_sparse_rcim/backward/2026-07-09-22-37-02__te_residual_harmonic_lstm_sequence_sparse_rcim_bw__polished_actual_values/python/residual_harmonic_lstm_sequence-epoch=010-val_mae=0.00215380.ckpt
polished_dataset__actual_values,backward,tree,0.7019047619047619,0.8380952380952381,0.8571428571428572,0.7142857142857143,0.6095238095238095,0.002758957427539118,0.003293097650749311,4.935116281827901,10.730590283452262,0.0024061831919817453,0.002920316396271734,0.0009105169746533639,0.00029419293749127556,0.00968336174852819,31.201229463835,4.027062519342827,0.027646934897,output/validation_checks/track2_familywise_onnx_report/tree/2026-07-07-14-58-29__track2_tree_familywise_onnx_report/collages/polished_dataset__actual_values/backward_12_curve_collage.png,models/polished_dataset/actual_values/exported/tree/backward/2026-07-07-09-58-04__te_tree_bw__polished_actual_values/onnx/model.onnx,models/polished_dataset/actual_values/exported/tree/backward/2026-07-07-09-58-04__te_tree_bw__polished_actual_values/python/tree_model.pkl
polished_dataset__actual_values,backward,residual_harmonic_mlp,0.7161904761904763,0.8190476190476191,0.8476190476190476,0.8,0.6380952380952382,0.002770243131111198,0.003274812616193668,4.913960317917762,10.607448680823003,0.0024091007808660927,0.002889832534460426,0.0009704847279594398,0.0006735527881612691,0.010929864832197633,35.425966882134,4.324044117996714,0.03139041047,output/validation_checks/track2_familywise_onnx_report/residual_harmonic_mlp/2026-07-07-15-28-55__track2_residual_harmonic_mlp_familywise_onnx_report/collages/polished_dataset__actual_values/backward_12_curve_collage.png,models/polished_dataset/actual_values/exported/residual_harmonic_mlp/backward/2026-07-07-14-15-24__te_residual_harmonic_mlp_bw__polished_actual_values/onnx/model.onnx,models/polished_dataset/actual_values/exported/residual_harmonic_mlp/backward/2026-07-07-14-15-24__te_residual_harmonic_mlp_bw__polished_actual_values/python/residual_harmonic_mlp-epoch=075-val_mae=0.00160615.ckpt
polished_dataset__actual_values,backward,feedforward,0.72,0.8285714285714286,0.9142857142857143,0.7428571428571429,0.5714285714285715,0.0027692032432322356,0.0032930303353500964,4.918810606996791,10.603477283145448,0.0024284149075233744,0.0029190830781147116,0.0009196686222521776,4.87380925059338e-05,0.011131662024281662,34.123311546799,4.272176505620213,0.030236147389,output/validation_checks/track2_familywise_onnx_report/feedforward/2026-07-08-00-22-03__track2_feedforward_familywise_onnx_report/collages/polished_dataset__actual_values/backward_12_curve_collage.png,models/polished_dataset/actual_values/exported/feedforward/backward/2026-07-07-19-17-09__te_feedforward_bw__polished_actual_values/onnx/model.onnx,models/polished_dataset/actual_values/exported/feedforward/backward/2026-07-07-19-17-09__te_feedforward_bw__polished_actual_values/python/feedforward-epoch=074-val_mae=0.00164741.ckpt
polished_dataset__actual_values,backward,periodic_mlp,0.758095238095238,0.8857142857142857,0.8761904761904762,0.9142857142857143,0.6095238095238096,0.0027872522073434922,0.003328511419504303,4.952746746652859,10.61865904329146,0.002423608108517023,0.0029142736667639277,0.0010361454177445384,-0.00024912443912153106,0.011063886242559516,34.618246365591,4.307422823678811,0.030674701605,output/validation_checks/track2_familywise_onnx_report/periodic_mlp/2026-07-08-08-36-53__track2_periodic_mlp_familywise_onnx_report/collages/polished_dataset__actual_values/backward_12_curve_collage.png,models/polished_dataset/actual_values/exported/periodic_mlp/backward/2026-07-07-22-12-18__te_periodic_mlp_bw__polished_actual_values/onnx/model.onnx,models/polished_dataset/actual_values/exported/periodic_mlp/backward/2026-07-07-22-12-18__te_periodic_mlp_bw__polished_actual_values/python/periodic_mlp-epoch=076-val_mae=0.00167645.ckpt
polished_dataset__actual_values,backward,harmonic_regression,0.7657142857142857,0.9428571428571427,0.7999999999999999,0.9428571428571428,0.7238095238095239,0.002965522791172649,0.0035105674568570856,5.369198358896964,10.974064786673264,0.002402366833806959,0.0028864257735989308,0.0015066938618471055,-0.00011844534019975516,0.010750421571503195,35.015551621117,4.258853175886538,0.03102674775,output/validation_checks/track2_familywise_onnx_report/harmonic_regression/2026-07-08-09-24-54__track2_harmonic_regression_familywise_onnx_report/collages/polished_dataset__actual_values/backward_12_curve_collage.png,models/polished_dataset/actual_values/exported/harmonic_regression/backward/2026-07-08-00-32-21__te_harmonic_regression_bw__polished_actual_values/onnx/model.onnx,models/polished_dataset/actual_values/exported/harmonic_regression/backward/2026-07-08-00-32-21__te_harmonic_regression_bw__polished_actual_values/python/harmonic_regression-epoch=054-val_mae=0.00182643.ckpt
polished_dataset__actual_values,backward,wave4_3_mixture_density_k2,0.8742857142857142,0.9714285714285714,0.9714285714285714,0.9714285714285714,0.9714285714285714,0.01988272110069564,0.024875006549431748,46.088824565120724,64.56366449552509,0.019177950880988493,0.024049882601541943,0.005265140193140396,-0.001380295930144013,0.08726911416383797,73.181226763482,10.387850115267511,0.031343601283,output/validation_checks/track2_familywise_onnx_report/wave4_3_mixture_density_k2/2026-07-15-09-53-26__track2_wave4_3_mixture_density_k2_familywise_onnx_report/collages/polished_dataset__actual_values/backward_12_curve_collage.png,models/polished_dataset/actual_values/exported/wave4_3_mixture_density_k2/backward/2026-07-15-06-02-16__te_wave4_3_mixture_density_k2_bw__polished_actual_values/onnx/model.onnx,models/polished_dataset/actual_values/exported/wave4_3_mixture_density_k2/backward/2026-07-15-06-02-16__te_wave4_3_mixture_density_k2_bw__polished_actual_values/python/curve_aware_harmonic_residual_offset_probe-epoch=129-val_mae=0.00180093.ckpt
polished_dataset__actual_values,backward,wave4_3_mixture_density_k3,0.9,1.0,1.0,1.0,1.0,0.031030144851283973,0.03835215204385953,71.99903525219868,85.12094422656958,0.02809169832289492,0.034916431627950474,0.014742153721965825,-0.014403106505619755,0.15823322124568687,95.549576697471,11.29334137110252,0.047918473918,output/validation_checks/track2_familywise_onnx_report/wave4_3_mixture_density_k3/2026-07-15-17-24-28__track2_wave4_3_mixture_density_k3_familywise_onnx_report/collages/polished_dataset__actual_values/backward_12_curve_collage.png,models/polished_dataset/actual_values/exported/wave4_3_mixture_density_k3/backward/2026-07-15-15-39-35__te_wave4_3_mixture_density_k3_bw__polished_actual_values/onnx/model.onnx,models/polished_dataset/actual_values/exported/wave4_3_mixture_density_k3/backward/2026-07-15-15-39-35__te_wave4_3_mixture_density_k3_bw__polished_actual_values/python/curve_aware_harmonic_residual_offset_probe-epoch=076-val_mae=0.00181385.ckpt
polished_dataset__actual_values,forward,periodic_gru_sequence,0.09857142857142856,0.009523809523809523,0.019047619047619046,0.2857142857142857,0.21904761904761905,0.0016615455046764063,0.001981987727959309,3.5941399625396673,8.944349469658917,0.0013993589752955052,0.0016903808772438117,0.000755916342281111,-0.0002540154811055354,0.002597244570788462,12.383688806084,2.6181313279680443,0.008648695017,output/validation_checks/track2_familywise_onnx_report/periodic_gru_sequence/2026-07-09-09-05-16__track2_periodic_gru_sequence_familywise_onnx_report/collages/polished_dataset__actual_values/forward_12_curve_collage.png,models/polished_dataset/actual_values/exported/periodic_gru_sequence/forward/2026-07-09-00-29-12__te_periodic_gru_sequence_fw__polished_actual_values/onnx/model.onnx,models/polished_dataset/actual_values/exported/periodic_gru_sequence/forward/2026-07-09-00-29-12__te_periodic_gru_sequence_fw__polished_actual_values/python/periodic_gru_sequence-epoch=200-val_mae=0.00150079.ckpt
polished_dataset__actual_values,forward,wave4_1_mae_robust_loss,0.12476190476190475,0.019047619047619046,0.1619047619047619,0.02857142857142857,0.3904761904761905,0.0016650359925292687,0.002010924265366731,3.577914520811836,9.041546419864604,0.001492123085715608,0.001804986481312329,0.000682524269205397,-0.0003233846062272742,0.004215883503493387,13.326889476055,2.6570609811036072,0.009374417966,output/validation_checks/track2_familywise_onnx_report/wave4_1_mae_robust_loss/2026-07-12-20-30-49__track2_wave4_1_mae_robust_loss_familywise_onnx_report/collages/polished_dataset__actual_values/forward_12_curve_collage.png,models/polished_dataset/actual_values/exported/wave4_1_mae_robust_loss/forward/2026-07-12-18-19-09__te_wave4_1_mae_robust_loss_fw__polished_actual_values/onnx/model.onnx,models/polished_dataset/actual_values/exported/wave4_1_mae_robust_loss/forward/2026-07-12-18-19-09__te_wave4_1_mae_robust_loss_fw__polished_actual_values/python/curve_aware_harmonic_residual_offset_probe-epoch=202-val_mae=0.00173420.ckpt
polished_dataset__actual_values,forward,wave4_2_quantile_p10_p50_p90,0.12857142857142856,0.05714285714285714,0.14285714285714285,0.08571428571428572,0.3333333333333333,0.0017098178554365265,0.002056602613930714,3.698232916076938,9.058983330173268,0.0014996010195319682,0.0018173608689727625,0.0007050036024556761,-0.00013495138731497508,0.0038182730952394193,13.160403444991,2.593955236159061,0.009289268074,output/validation_checks/track2_familywise_onnx_report/wave4_2_quantile_p10_p50_p90/2026-07-14-18-14-36__track2_wave4_2_quantile_p10_p50_p90_familywise_onnx_report/collages/polished_dataset__actual_values/forward_12_curve_collage.png,models/polished_dataset/actual_values/exported/wave4_2_quantile_p10_p50_p90/forward/2026-07-14-16-15-03__te_wave4_2_quantile_p10_p50_p90_fw__polished_actual_values/onnx/model.onnx,models/polished_dataset/actual_values/exported/wave4_2_quantile_p10_p50_p90/forward/2026-07-14-16-15-03__te_wave4_2_quantile_p10_p50_p90_fw__polished_actual_values/python/curve_aware_harmonic_residual_offset_probe-epoch=250-val_mae=0.00176755.ckpt
polished_dataset__actual_values,forward,wave3_3_curve_aware_pointwise_control,0.15,0.09523809523809523,0.24761904761904763,0.0,0.29523809523809524,0.0017487489015906258,0.002109081672514793,3.799364997415665,9.130494432162665,0.001554804699009864,0.0018853468002655678,0.000678049224095337,0.00017649957913455693,0.003708279265847523,12.700663054375,2.5499392711493933,0.008965140267,output/validation_checks/track2_familywise_onnx_report/wave3_3_curve_aware_pointwise_control/2026-07-11-16-39-41__track2_wave3_3_curve_aware_pointwise_control_familywise_onnx_report/collages/polished_dataset__actual_values/forward_12_curve_collage.png,models/polished_dataset/actual_values/exported/wave3_3_curve_aware_pointwise_control/forward/2026-07-11-13-46-39__te_wave3_3_curve_aware_pointwise_control_fw__polished_actual_values/onnx/model.onnx,models/polished_dataset/actual_values/exported/wave3_3_curve_aware_pointwise_control/forward/2026-07-11-13-46-39__te_wave3_3_curve_aware_pointwise_control_fw__polished_actual_values/python/curve_aware_harmonic_residual_offset_probe-epoch=256-val_mae=0.00183289.ckpt
polished_dataset__actual_values,forward,wave4_1_smooth_l1_robust_loss,0.1638095238095238,0.14285714285714285,0.21904761904761905,0.11428571428571428,0.2380952380952381,0.0017583345306652373,0.0021227478751531513,3.825260270836064,9.159987924452158,0.0015545965489971872,0.001887647817730729,0.000705073921675634,6.411061077355861e-05,0.003631873771373648,12.419011071601,2.5267743053665606,0.008766327849,output/validation_checks/track2_familywise_onnx_report/wave4_1_smooth_l1_robust_loss/2026-07-13-09-08-55__track2_wave4_1_smooth_l1_robust_loss_familywise_onnx_report/collages/polished_dataset__actual_values/forward_12_curve_collage.png,models/polished_dataset/actual_values/exported/wave4_1_smooth_l1_robust_loss/forward/2026-07-13-00-54-21__te_wave4_1_smooth_l1_robust_loss_fw__polished_actual_values/onnx/model.onnx,models/polished_dataset/actual_values/exported/wave4_1_smooth_l1_robust_loss/forward/2026-07-13-00-54-21__te_wave4_1_smooth_l1_robust_loss_fw__polished_actual_values/python/curve_aware_harmonic_residual_offset_probe-epoch=218-val_mae=0.00183482.ckpt
polished_dataset__actual_values,forward,wave4_1_log_cosh_robust_loss,0.18333333333333335,0.10476190476190476,0.24761904761904763,0.2,0.2380952380952381,0.0017489222581531059,0.0021102320659495714,3.79686675588519,9.128050549173047,0.0015509277456414571,0.0018809475170589204,0.0007257640418774969,-9.995260015540926e-05,0.003920033064496238,12.679247978578,2.5454605840959026,0.008925298792,output/validation_checks/track2_familywise_onnx_report/wave4_1_log_cosh_robust_loss/2026-07-13-11-52-34__track2_wave4_1_log_cosh_robust_loss_familywise_onnx_report/collages/polished_dataset__actual_values/forward_12_curve_collage.png,models/polished_dataset/actual_values/exported/wave4_1_log_cosh_robust_loss/forward/2026-07-13-09-34-38__te_wave4_1_log_cosh_robust_loss_fw__polished_actual_values/onnx/model.onnx,models/polished_dataset/actual_values/exported/wave4_1_log_cosh_robust_loss/forward/2026-07-13-09-34-38__te_wave4_1_log_cosh_robust_loss_fw__polished_actual_values/python/curve_aware_harmonic_residual_offset_probe-epoch=193-val_mae=0.00182691.ckpt
polished_dataset__actual_values,forward,wave3_2_harmonic_residual_offset,0.21,0.1714285714285714,0.19999999999999998,0.2571428571428571,0.3619047619047619,0.0017753764524572804,0.0021360009276724743,3.8593221682389025,9.256143746007105,0.0015522409014152435,0.0018806849741203515,0.0007551305910031421,-0.0002047758807663295,0.0036706208091345617,12.82870490233,2.5768748483007675,0.00902737811,output/validation_checks/track2_familywise_onnx_report/wave3_2_harmonic_residual_offset/2026-07-11-11-07-57__track2_wave3_2_harmonic_residual_offset_familywise_onnx_report/collages/polished_dataset__actual_values/forward_12_curve_collage.png,models/polished_dataset/actual_values/exported/wave3_2_harmonic_residual_offset/forward/2026-07-11-05-29-51__te_wave3_2_harmonic_residual_offset_fw__polished_actual_values/onnx/model.onnx,models/polished_dataset/actual_values/exported/wave3_2_harmonic_residual_offset/forward/2026-07-11-05-29-51__te_wave3_2_harmonic_residual_offset_fw__polished_actual_values/python/harmonic_residual_offset_probe-epoch=205-val_mae=0.00184965.ckpt
polished_dataset__actual_values,forward,wave4_2_gaussian_nll,0.2719047619047619,0.20952380952380953,0.2571428571428571,0.3142857142857143,0.5142857142857143,0.0017938053489924498,0.0021460850610802674,3.898920341025081,9.846751657185752,0.001530886639700994,0.0018535117231705735,0.0007746601640889378,7.05093463937581e-06,0.0043012358414125625,13.155119714741,2.7560259967960676,0.009285931999,output/validation_checks/track2_familywise_onnx_report/wave4_2_gaussian_nll/2026-07-15-00-50-22__track2_wave4_2_gaussian_nll_familywise_onnx_report/collages/polished_dataset__actual_values/forward_12_curve_collage.png,models/polished_dataset/actual_values/exported/wave4_2_gaussian_nll/forward/2026-07-14-20-42-59__te_wave4_2_gaussian_nll_fw__polished_actual_values/onnx/model.onnx,models/polished_dataset/actual_values/exported/wave4_2_gaussian_nll/forward/2026-07-14-20-42-59__te_wave4_2_gaussian_nll_fw__polished_actual_values/python/curve_aware_harmonic_residual_offset_probe-epoch=258-val_mae=0.00181578.ckpt
polished_dataset__actual_values,forward,residual_harmonic_lstm_sequence_sparse_rcim,0.32809523809523805,0.26666666666666666,0.5523809523809523,0.17142857142857143,0.3142857142857143,0.0018580384495751187,0.002254590685348266,4.031307219857304,8.991271758857254,0.001671191264612741,0.00203697179222662,0.0007255860662710964,-0.0002179423882298437,0.004963656522158999,13.847961315758,2.497333430510211,0.009774994823,output/validation_checks/track2_familywise_onnx_report/residual_harmonic_lstm_sequence_sparse_rcim/2026-07-09-23-54-09__track2_residual_harmonic_lstm_sequence_sparse_rcim_familywise_onnx_report/collages/polished_dataset__actual_values/forward_12_curve_collage.png,models/polished_dataset/actual_values/exported/residual_harmonic_lstm_sequence_sparse_rcim/forward/2026-07-09-21-46-24__te_residual_harmonic_lstm_sequence_sparse_rcim_fw__polished_actual_values/onnx/model.onnx,models/polished_dataset/actual_values/exported/residual_harmonic_lstm_sequence_sparse_rcim/forward/2026-07-09-21-46-24__te_residual_harmonic_lstm_sequence_sparse_rcim_fw__polished_actual_values/python/residual_harmonic_lstm_sequence-epoch=219-val_mae=0.00195141.ckpt
polished_dataset__actual_values,forward,wave3_3_full_curve_composite,0.3280952380952381,0.3523809523809524,0.29523809523809524,0.5428571428571428,0.3047619047619048,0.0018900855870938218,0.002275601227483285,4.145505977529916,9.240422536813051,0.001622041105304824,0.0019744081337408057,0.0008592938408801133,-7.403839211351719e-05,0.0025803323162836025,12.717322838219,2.547817248064886,0.008943735525,output/validation_checks/track2_familywise_onnx_report/wave3_3_full_curve_composite/2026-07-12-15-30-02__track2_wave3_3_full_curve_composite_familywise_onnx_report/collages/polished_dataset__actual_values/forward_12_curve_collage.png,models/polished_dataset/actual_values/exported/wave3_3_full_curve_composite/forward/2026-07-12-12-13-42__te_wave3_3_full_curve_composite_fw__polished_actual_values/onnx/model.onnx,models/polished_dataset/actual_values/exported/wave3_3_full_curve_composite/forward/2026-07-12-12-13-42__te_wave3_3_full_curve_composite_fw__polished_actual_values/python/curve_aware_harmonic_residual_offset_probe-epoch=211-val_mae=0.00198008.ckpt
polished_dataset__actual_values,forward,residual_harmonic_gru_sequence_dense360,0.36428571428571427,0.40952380952380957,0.5333333333333333,0.22857142857142856,0.3333333333333333,0.0019030670709456155,0.0023070984263712487,4.144966094763851,9.009294486504551,0.0017109186262123735,0.0020878141598098896,0.0007488887647838519,-0.00013693656133665873,0.0042322197466273795,14.075085868816,2.4728961071410347,0.009864125187,output/validation_checks/track2_familywise_onnx_report/residual_harmonic_gru_sequence_dense360/2026-07-09-21-12-15__track2_residual_harmonic_gru_sequence_dense360_familywise_onnx_report/collages/polished_dataset__actual_values/forward_12_curve_collage.png,models/polished_dataset/actual_values/exported/residual_harmonic_gru_sequence_dense360/forward/2026-07-09-17-18-37__te_residual_harmonic_gru_sequence_dense360_fw__polished_actual_values/onnx/model.onnx,models/polished_dataset/actual_values/exported/residual_harmonic_gru_sequence_dense360/forward/2026-07-09-17-18-37__te_residual_harmonic_gru_sequence_dense360_fw__polished_actual_values/python/residual_harmonic_gru_sequence-epoch=156-val_mae=0.00195537.ckpt
polished_dataset__actual_values,forward,periodic_temporal_convolution,0.37761904761904763,0.29523809523809524,0.0857142857142857,0.8,0.8571428571428571,0.0018864067565943065,0.0022373240841764975,4.16034631993697,10.34163404511483,0.001505820578000467,0.001827349355944777,0.0009602078891633186,-0.0005502651569416392,0.002522419004526455,17.899552169531,2.992553580129433,0.008916954801,output/validation_checks/track2_familywise_onnx_report/periodic_temporal_convolution/2026-07-08-23-45-38__track2_periodic_temporal_convolution_familywise_onnx_report/collages/polished_dataset__actual_values/forward_12_curve_collage.png,models/polished_dataset/actual_values/exported/periodic_temporal_convolution/forward/2026-07-08-21-06-17__te_periodic_temporal_convolution_fw__polished_actual_values/onnx/model.onnx,models/polished_dataset/actual_values/exported/periodic_temporal_convolution/forward/2026-07-08-21-06-17__te_periodic_temporal_convolution_fw__polished_actual_values/python/periodic_temporal_convolution-epoch=087-val_mae=0.00193888.ckpt
polished_dataset__actual_values,forward,residual_harmonic_gru_sequence_dense240,0.3780952380952381,0.3142857142857143,0.4761904761904762,0.42857142857142855,0.41904761904761906,0.0018867346084598324,0.0022730413818331107,4.1169239390218015,9.087787694787862,0.0016387091433547381,0.00199143735811195,0.0008371381210272233,-0.0005067716582719346,0.004318145292636473,14.065179033687,2.5486395198138383,0.009869010091,output/validation_checks/track2_familywise_onnx_report/residual_harmonic_gru_sequence_dense240/2026-07-09-13-29-35__track2_residual_harmonic_gru_sequence_dense240_familywise_onnx_report/collages/polished_dataset__actual_values/forward_12_curve_collage.png,models/polished_dataset/actual_values/exported/residual_harmonic_gru_sequence_dense240/forward/2026-07-09-11-57-58__te_residual_harmonic_gru_sequence_dense240_fw__polished_actual_values/onnx/model.onnx,models/polished_dataset/actual_values/exported/residual_harmonic_gru_sequence_dense240/forward/2026-07-09-11-57-58__te_residual_harmonic_gru_sequence_dense240_fw__polished_actual_values/python/residual_harmonic_gru_sequence-epoch=120-val_mae=0.00196886.ckpt
polished_dataset__actual_values,forward,periodic_mlp_harmonic,0.3852380952380952,0.27619047619047615,0.2857142857142857,0.7428571428571429,0.5428571428571428,0.0018996790044715215,0.0022392701988709286,3.891149533219965,10.012623160102034,0.0015071331306626098,0.0018123959190753194,0.0009429576935921187,-0.00024029293295008461,0.005792866918636719,13.774888407868,2.5645238528068077,0.009317466481,output/validation_checks/track2_familywise_onnx_report/periodic_mlp_harmonic/2026-07-08-09-46-27__track2_periodic_mlp_harmonic_familywise_onnx_report/collages/polished_dataset__actual_values/forward_12_curve_collage.png,models/polished_dataset/actual_values/exported/periodic_mlp_harmonic/forward/2026-07-08-03-17-38__te_periodic_mlp_harmonic_fw__polished_actual_values/onnx/model.onnx,models/polished_dataset/actual_values/exported/periodic_mlp_harmonic/forward/2026-07-08-03-17-38__te_periodic_mlp_harmonic_fw__polished_actual_values/python/periodic_mlp-epoch=045-val_mae=0.00131065.ckpt
polished_dataset__actual_values,forward,residual_harmonic_gru_sequence_sparse_rcim,0.3933333333333333,0.42857142857142855,0.5238095238095237,0.37142857142857144,0.3333333333333333,0.0019063856848809497,0.0023003623095402908,4.154336991157664,8.966839051936581,0.0016679865985625229,0.002029624823054098,0.0008058797379065417,-0.00013491701549718017,0.0049089515375089834,13.823735325695,2.5456185077310756,0.009757894188,output/validation_checks/track2_familywise_onnx_report/residual_harmonic_gru_sequence_sparse_rcim/2026-07-09-11-17-17__track2_residual_harmonic_gru_sequence_sparse_rcim_familywise_onnx_report/collages/polished_dataset__actual_values/forward_12_curve_collage.png,models/polished_dataset/actual_values/exported/residual_harmonic_gru_sequence_sparse_rcim/forward/2026-07-09-08-19-20__te_residual_harmonic_gru_sequence_sparse_rcim_fw__polished_actual_values/onnx/model.onnx,models/polished_dataset/actual_values/exported/residual_harmonic_gru_sequence_sparse_rcim/forward/2026-07-09-08-19-20__te_residual_harmonic_gru_sequence_sparse_rcim_fw__polished_actual_values/python/residual_harmonic_gru_sequence-epoch=170-val_mae=0.00195142.ckpt
polished_dataset__actual_values,forward,wave5_1_harmonic_prior_pointwise_control,0.4104761904761905,0.37142857142857144,0.29523809523809524,0.6857142857142857,0.638095238095238,0.0018950671995486583,0.002271901733305485,4.174279319957506,9.573674193157178,0.0015759020161443863,0.0019180389266204659,0.0009313129215697556,-0.00016069824590642174,0.003652499818999786,15.34450042659,2.740796373294384,0.008639558548,output/validation_checks/track2_familywise_onnx_report/wave5_1_harmonic_prior_pointwise_control/2026-07-16-09-56-10__track2_wave5_1_harmonic_prior_pointwise_control_familywise_onnx_report/collages/polished_dataset__actual_values/forward_12_curve_collage.png,models/polished_dataset/actual_values/exported/wave5_1_harmonic_prior_pointwise_control/forward/2026-07-16-02-44-33__te_wave5_1_harmonic_prior_pointwise_control_fw__polished_actual_values/onnx/model.onnx,models/polished_dataset/actual_values/exported/wave5_1_harmonic_prior_pointwise_control/forward/2026-07-16-02-44-33__te_wave5_1_harmonic_prior_pointwise_control_fw__polished_actual_values/python/wave3_harmonic_prior_residual-epoch=119-val_mae=0.00192899.ckpt
polished_dataset__actual_values,forward,periodic_lstm_sequence,0.4114285714285715,0.40952380952380957,0.047619047619047616,0.9142857142857143,0.8666666666666667,0.0019187433064877506,0.002246398700723113,4.2162493490147215,10.61308219981857,0.0014435804298650531,0.0017482465424921506,0.0010126879255076204,0.00015114658399035359,0.0035692538812872954,17.200130397377,3.1198965143758763,0.009005090241,output/validation_checks/track2_familywise_onnx_report/periodic_lstm_sequence/2026-07-09-10-24-20__track2_periodic_lstm_sequence_familywise_onnx_report/collages/polished_dataset__actual_values/forward_12_curve_collage.png,models/polished_dataset/actual_values/exported/periodic_lstm_sequence/forward/2026-07-09-05-06-07__te_periodic_lstm_sequence_fw__polished_actual_values/onnx/model.onnx,models/polished_dataset/actual_values/exported/periodic_lstm_sequence/forward/2026-07-09-05-06-07__te_periodic_lstm_sequence_fw__polished_actual_values/python/periodic_lstm_sequence-epoch=017-val_mae=0.00196587.ckpt
polished_dataset__actual_values,forward,gru_sequence,0.4399999999999999,0.6857142857142856,0.6857142857142856,0.05714285714285714,0.3428571428571428,0.0020774367326451444,0.0025231036049098484,4.562673222125309,9.358063303665027,0.0019064236224597907,0.002326933371479712,0.0007038063739952586,-1.9025810583102035e-05,0.008205915971484502,13.695637297202,2.3820671129692608,0.00966747239,output/validation_checks/track2_familywise_onnx_report/gru_sequence/2026-07-08-15-30-01__track2_gru_sequence_familywise_onnx_report/collages/polished_dataset__actual_values/forward_12_curve_collage.png,models/polished_dataset/actual_values/exported/gru_sequence/forward/2026-07-08-13-44-26__te_gru_sequence_fw__polished_actual_values/onnx/model.onnx,models/polished_dataset/actual_values/exported/gru_sequence/forward/2026-07-08-13-44-26__te_gru_sequence_fw__polished_actual_values/python/gru_sequence-epoch=149-val_mae=0.00216525.ckpt
polished_dataset__actual_values,forward,wave5_1_harmonic_prior_smooth_l1_structured,0.4419047619047619,0.45714285714285713,0.29523809523809524,0.6285714285714286,0.8095238095238094,0.001916073372222537,0.002276404332049767,4.226243762150639,10.150286305103604,0.0015625427562450888,0.0018915034025100768,0.0009196701888055496,5.650300317576294e-05,0.0038394540434819645,17.419671028598,2.966265765265105,0.009025271924,output/validation_checks/track2_familywise_onnx_report/wave5_1_harmonic_prior_smooth_l1_structured/2026-07-16-10-14-11__track2_wave5_1_harmonic_prior_smooth_l1_structured_familywise_onnx_report/collages/polished_dataset__actual_values/forward_12_curve_collage.png,models/polished_dataset/actual_values/exported/wave5_1_harmonic_prior_smooth_l1_structured/forward/2026-07-16-06-39-53__te_wave5_1_harmonic_prior_smooth_l1_structured_fw__polished_actual_values/onnx/model.onnx,models/polished_dataset/actual_values/exported/wave5_1_harmonic_prior_smooth_l1_structured/forward/2026-07-16-06-39-53__te_wave5_1_harmonic_prior_smooth_l1_structured_fw__polished_actual_values/python/wave3_harmonic_prior_residual-epoch=071-val_mae=0.00193329.ckpt
polished_dataset__actual_values,forward,lstm_sequence,0.46190476190476193,0.6571428571428571,0.7238095238095239,0.14285714285714285,0.3238095238095238,0.002071452276224453,0.0025213533912270877,4.543291979644202,9.394491270798639,0.0019144309476934677,0.002333896826992579,0.0007067756734365342,5.795180286684835e-05,0.007963926273223478,13.683341788131,2.335769230640653,0.00965879324,output/validation_checks/track2_familywise_onnx_report/lstm_sequence/2026-07-08-23-29-14__track2_lstm_sequence_familywise_onnx_report/collages/polished_dataset__actual_values/forward_12_curve_collage.png,models/polished_dataset/actual_values/exported/lstm_sequence/forward/2026-07-08-17-20-19__te_lstm_sequence_fw__polished_actual_values/onnx/model.onnx,models/polished_dataset/actual_values/exported/lstm_sequence/forward/2026-07-08-17-20-19__te_lstm_sequence_fw__polished_actual_values/python/lstm_sequence-epoch=210-val_mae=0.00215124.ckpt
polished_dataset__actual_values,forward,residual_harmonic_lstm_sequence_dense360,0.4914285714285714,0.6,0.5428571428571428,0.4,0.6761904761904761,0.001962877487097998,0.0023511339766414175,4.308066406269531,9.765429709319694,0.0016830022203115904,0.0020492425362791137,0.0008202297159890055,7.447721153707694e-05,0.004364488097198773,15.352789215679,2.7469406752442613,0.00968233366,output/validation_checks/track2_familywise_onnx_report/residual_harmonic_lstm_sequence_dense360/2026-07-10-12-52-29__track2_residual_harmonic_lstm_sequence_dense360_familywise_onnx_report/collages/polished_dataset__actual_values/forward_12_curve_collage.png,models/polished_dataset/actual_values/exported/residual_harmonic_lstm_sequence_dense360/forward/2026-07-10-06-59-39__te_residual_harmonic_lstm_sequence_dense360_fw__polished_actual_values/onnx/model.onnx,models/polished_dataset/actual_values/exported/residual_harmonic_lstm_sequence_dense360/forward/2026-07-10-06-59-39__te_residual_harmonic_lstm_sequence_dense360_fw__polished_actual_values/python/residual_harmonic_lstm_sequence-epoch=062-val_mae=0.00203211.ckpt
polished_dataset__actual_values,forward,wave3_3_raw_centered_shape_curve_aware,0.49333333333333335,0.4952380952380952,0.3428571428571428,0.7714285714285715,0.8000000000000002,0.0019263813763160684,0.0022953340833798764,4.247000141720969,10.409904913743759,0.0015714831153637752,0.0019081540127014846,0.00094571988226015,-0.0004581584147587373,0.0041460324710351415,16.240931247141,2.888817171348163,0.008848446053,output/validation_checks/track2_familywise_onnx_report/wave3_3_raw_centered_shape_curve_aware/2026-07-12-00-15-41__track2_wave3_3_raw_centered_shape_curve_aware_familywise_onnx_report/collages/polished_dataset__actual_values/forward_12_curve_collage.png,models/polished_dataset/actual_values/exported/wave3_3_raw_centered_shape_curve_aware/forward/2026-07-11-20-11-00__te_wave3_3_raw_centered_shape_curve_aware_fw__polished_actual_values/onnx/model.onnx,models/polished_dataset/actual_values/exported/wave3_3_raw_centered_shape_curve_aware/forward/2026-07-11-20-11-00__te_wave3_3_raw_centered_shape_curve_aware_fw__polished_actual_values/python/curve_aware_harmonic_residual_offset_probe-epoch=095-val_mae=0.00193478.ckpt
polished_dataset__actual_values,forward,tree,0.4961904761904761,0.6761904761904761,0.7904761904761904,0.34285714285714286,0.10476190476190476,0.002119538833008741,0.0025993939944016194,4.340979151373892,8.661890437593332,0.0019194837968845777,0.002369949789175825,0.0007993258221494254,0.0001884125636575969,0.008543052176391938,13.214067606271,2.220470097805879,0.00969775641,output/validation_checks/track2_familywise_onnx_report/tree/2026-07-07-14-58-29__track2_tree_familywise_onnx_report/collages/polished_dataset__actual_values/forward_12_curve_collage.png,models/polished_dataset/actual_values/exported/tree/forward/2026-07-07-09-55-31__te_tree_fw__polished_actual_values/onnx/model.onnx,models/polished_dataset/actual_values/exported/tree/forward/2026-07-07-09-55-31__te_tree_fw__polished_actual_values/python/tree_model.pkl
polished_dataset__actual_values,forward,wave3_3_raw_offset_curve_aware,0.5080952380952382,0.5428571428571428,0.36190476190476195,0.8285714285714286,0.7142857142857143,0.0019403822047788562,0.0023132609399974385,4.284150905276024,9.624472135731619,0.0015858565844811701,0.0019280480158159676,0.0009690486952761762,-2.517507151180116e-05,0.0038556200105813333,17.007493949552,2.8500356370809277,0.008979378637,output/validation_checks/track2_familywise_onnx_report/wave3_3_raw_offset_curve_aware/2026-07-12-09-53-26__track2_wave3_3_raw_offset_curve_aware_familywise_onnx_report/collages/polished_dataset__actual_values/forward_12_curve_collage.png,models/polished_dataset/actual_values/exported/wave3_3_raw_offset_curve_aware/forward/2026-07-12-02-24-38__te_wave3_3_raw_offset_curve_aware_fw__polished_actual_values/onnx/model.onnx,models/polished_dataset/actual_values/exported/wave3_3_raw_offset_curve_aware/forward/2026-07-12-02-24-38__te_wave3_3_raw_offset_curve_aware_fw__polished_actual_values/python/curve_aware_harmonic_residual_offset_probe-epoch=103-val_mae=0.00192801.ckpt
polished_dataset__actual_values,forward,wave3_2_clean_sequential_residual_offset,0.529047619047619,0.7333333333333334,0.6761904761904761,0.45714285714285713,0.3619047619047619,0.002137858897326458,0.0025893838653816437,4.710435123723088,9.504231408428963,0.0019108466186909204,0.002329511896175861,0.0008409682603729844,-0.0002210540337218703,0.007859987777483184,13.734278597953,2.370564988316596,0.0096947485,output/validation_checks/track2_familywise_onnx_report/wave3_2_clean_sequential_residual_offset/2026-07-11-10-22-05__track2_wave3_2_clean_sequential_residual_offset_familywise_onnx_report/collages/polished_dataset__actual_values/forward_12_curve_collage.png,models/polished_dataset/actual_values/exported/wave3_2_clean_sequential_residual_offset/forward/2026-07-10-22-06-08__te_wave3_2_clean_sequential_residual_offset_fw__polished_actual_values/onnx/model.onnx,models/polished_dataset/actual_values/exported/wave3_2_clean_sequential_residual_offset/forward/2026-07-10-22-06-08__te_wave3_2_clean_sequential_residual_offset_fw__polished_actual_values/python/sequential_residual_offset_probe-epoch=153-val_mae=0.00216939.ckpt
polished_dataset__actual_values,forward,residual_harmonic_lstm_sequence_dense240,0.5338095238095237,0.5714285714285714,0.4761904761904761,0.7142857142857143,0.7333333333333334,0.001961525164737381,0.002347152265652415,4.307988008348928,10.294758245638937,0.0016297031986273814,0.0019857888673717686,0.0009378337349007637,-0.0004348238053268242,0.0047646638590958905,15.043132551446,2.8578418406050314,0.009703074524,output/validation_checks/track2_familywise_onnx_report/residual_harmonic_lstm_sequence_dense240/2026-07-10-09-24-21__track2_residual_harmonic_lstm_sequence_dense240_familywise_onnx_report/collages/polished_dataset__actual_values/forward_12_curve_collage.png,models/polished_dataset/actual_values/exported/residual_harmonic_lstm_sequence_dense240/forward/2026-07-10-02-31-07__te_residual_harmonic_lstm_sequence_dense240_fw__polished_actual_values/onnx/model.onnx,models/polished_dataset/actual_values/exported/residual_harmonic_lstm_sequence_dense240/forward/2026-07-10-02-31-07__te_residual_harmonic_lstm_sequence_dense240_fw__polished_actual_values/python/residual_harmonic_lstm_sequence-epoch=055-val_mae=0.00202504.ckpt
polished_dataset__actual_values,forward,residual_harmonic_mlp,0.5504761904761906,0.7428571428571429,0.8095238095238096,0.5142857142857142,0.10476190476190476,0.0021913940637488657,0.0026487117666819534,4.5243826546970105,8.798905574034,0.0019486279480949453,0.0023675910620742434,0.0008590143207527792,-7.701659621138049e-05,0.009716141700191656,13.266148859673,2.1811573791599526,0.009735978653,output/validation_checks/track2_familywise_onnx_report/residual_harmonic_mlp/2026-07-07-15-28-55__track2_residual_harmonic_mlp_familywise_onnx_report/collages/polished_dataset__actual_values/forward_12_curve_collage.png,models/polished_dataset/actual_values/exported/residual_harmonic_mlp/forward/2026-07-07-13-50-19__te_residual_harmonic_mlp_fw__polished_actual_values/onnx/model.onnx,models/polished_dataset/actual_values/exported/residual_harmonic_mlp/forward/2026-07-07-13-50-19__te_residual_harmonic_mlp_fw__polished_actual_values/python/residual_harmonic_mlp-epoch=052-val_mae=0.00163893.ckpt
polished_dataset__actual_values,forward,periodic_mlp,0.5842857142857143,0.8095238095238096,0.8761904761904762,0.4857142857142857,0.12380952380952381,0.002211833341436158,0.002668647155386832,4.573098217944419,8.898161589278525,0.001969397408636842,0.002392700583940592,0.0008453089899226189,2.519984537675101e-05,0.01020208524671034,13.189701191514,2.244245359420428,0.009679873986,output/validation_checks/track2_familywise_onnx_report/periodic_mlp/2026-07-08-08-36-53__track2_periodic_mlp_familywise_onnx_report/collages/polished_dataset__actual_values/forward_12_curve_collage.png,models/polished_dataset/actual_values/exported/periodic_mlp/forward/2026-07-07-21-58-17__te_periodic_mlp_fw__polished_actual_values/onnx/model.onnx,models/polished_dataset/actual_values/exported/periodic_mlp/forward/2026-07-07-21-58-17__te_periodic_mlp_fw__polished_actual_values/python/periodic_mlp-epoch=048-val_mae=0.00168924.ckpt
polished_dataset__actual_values,forward,feedforward,0.5971428571428572,0.7142857142857143,0.8571428571428572,0.6571428571428571,0.15238095238095237,0.0021811809125222483,0.002646277989557074,4.491239484071918,8.951276533105899,0.00194929533863126,0.002373801801236189,0.0009303590902665785,-0.0006015026666225699,0.010252913889853516,13.307893214122,2.1978579846729596,0.009766614684,output/validation_checks/track2_familywise_onnx_report/feedforward/2026-07-08-00-22-03__track2_feedforward_familywise_onnx_report/collages/polished_dataset__actual_values/forward_12_curve_collage.png,models/polished_dataset/actual_values/exported/feedforward/forward/2026-07-07-18-43-03__te_feedforward_fw__polished_actual_values/onnx/model.onnx,models/polished_dataset/actual_values/exported/feedforward/forward/2026-07-07-18-43-03__te_feedforward_fw__polished_actual_values/python/feedforward-epoch=181-val_mae=0.00161552.ckpt
polished_dataset__actual_values,forward,wave4_4_gru_latent_offset_residual,0.6490476190476191,0.8476190476190476,0.8190476190476191,0.6,0.4857142857142857,0.002209611749660259,0.0026811722749966287,4.884732682274114,9.768406856678128,0.0019819744987986452,0.00242898400781072,0.0008891069601261373,-0.0005047851536636946,0.005484040461742552,14.379987873273,2.455658934618467,0.009847493357,output/validation_checks/track2_familywise_onnx_report/wave4_4_gru_latent_offset_residual/2026-07-15-22-18-25__track2_wave4_4_gru_latent_offset_residual_familywise_onnx_report/collages/polished_dataset__actual_values/forward_12_curve_collage.png,models/polished_dataset/actual_values/exported/wave4_4_gru_latent_offset_residual/forward/2026-07-15-18-51-23__te_wave4_4_gru_latent_offset_residual_fw__polished_actual_values/onnx/model.onnx,models/polished_dataset/actual_values/exported/wave4_4_gru_latent_offset_residual/forward/2026-07-15-18-51-23__te_wave4_4_gru_latent_offset_residual_fw__polished_actual_values/python/latent_state_hysteresis_probe-epoch=113-val_mae=0.00224746.ckpt
polished_dataset__actual_values,forward,wave4_4_causal_tcn_latent_offset_residual,0.651904761904762,0.8190476190476191,0.8190476190476191,0.5714285714285714,0.580952380952381,0.0022090557591417813,0.0026796470641244686,4.881831236469429,10.613508813990938,0.001972104587270219,0.0024142759553646962,0.0008627123131815038,-0.0003333449969631393,0.006471931634732755,14.310325888478,2.5112705117155087,0.009799788454,output/validation_checks/track2_familywise_onnx_report/wave4_4_causal_tcn_latent_offset_residual/2026-07-15-23-45-15__track2_wave4_4_causal_tcn_latent_offset_residual_familywise_onnx_report/collages/polished_dataset__actual_values/forward_12_curve_collage.png,models/polished_dataset/actual_values/exported/wave4_4_causal_tcn_latent_offset_residual/forward/2026-07-15-22-40-16__te_wave4_4_causal_tcn_latent_offset_residual_fw__polished_actual_values/onnx/model.onnx,models/polished_dataset/actual_values/exported/wave4_4_causal_tcn_latent_offset_residual/forward/2026-07-15-22-40-16__te_wave4_4_causal_tcn_latent_offset_residual_fw__polished_actual_values/python/latent_state_hysteresis_probe-epoch=038-val_mae=0.00225416.ckpt
polished_dataset__actual_values,forward,wave3_1_sequential_residual_offset_probe,0.7347619047619047,0.8952380952380952,0.7142857142857143,0.8857142857142857,0.8571428571428571,0.0022406816531692895,0.0027002426875330898,4.972870729354911,11.549846167421162,0.001914408770917854,0.002333235395600622,0.0010097498212574623,-0.0003201605663016238,0.007983273931604345,17.431853213851,2.8004405704942195,0.009696892172,output/validation_checks/track2_familywise_onnx_report/wave3_1_sequential_residual_offset_probe/2026-07-10-13-15-16__track2_wave3_1_sequential_residual_offset_probe_familywise_onnx_report/collages/polished_dataset__actual_values/forward_12_curve_collage.png,models/polished_dataset/actual_values/exported/wave3_1_sequential_residual_offset_probe/forward/2026-07-10-11-09-33__te_wave3_1_sequential_residual_offset_probe_fw__polished_actual_values/onnx/model.onnx,models/polished_dataset/actual_values/exported/wave3_1_sequential_residual_offset_probe/forward/2026-07-10-11-09-33__te_wave3_1_sequential_residual_offset_probe_fw__polished_actual_values/python/sequential_residual_offset_probe-epoch=097-val_mae=0.00219045.ckpt
polished_dataset__actual_values,forward,temporal_convolution,0.7576190476190476,0.9238095238095237,0.8285714285714286,0.8571428571428571,0.7428571428571429,0.002269330280024088,0.002767865206233291,5.02895784558998,11.537645327281641,0.0019659044798705522,0.002430972878039541,0.0010049549662083496,2.81071667110903e-05,0.00713900600821944,15.341156820503,2.704244031076421,0.009646547473,output/validation_checks/track2_familywise_onnx_report/temporal_convolution/2026-07-08-13-07-11__track2_temporal_convolution_familywise_onnx_report/collages/polished_dataset__actual_values/forward_12_curve_collage.png,models/polished_dataset/actual_values/exported/temporal_convolution/forward/2026-07-08-10-20-02__te_temporal_convolution_fw__polished_actual_values/onnx/model.onnx,models/polished_dataset/actual_values/exported/temporal_convolution/forward/2026-07-08-10-20-02__te_temporal_convolution_fw__polished_actual_values/python/temporal_convolution-epoch=064-val_mae=0.00227215.ckpt
polished_dataset__actual_values,forward,harmonic_regression,0.7971428571428572,0.9238095238095237,0.8190476190476191,0.9428571428571428,0.9142857142857143,0.0023550650812273243,0.0028156412402588565,4.908848676200057,10.791169962947365,0.0019380397565668065,0.002358179604936661,0.0011405610011817847,5.1178320216011486e-05,0.010399773355020443,21.75531767968,3.0022582807316,0.009685256584,output/validation_checks/track2_familywise_onnx_report/harmonic_regression/2026-07-08-09-24-54__track2_harmonic_regression_familywise_onnx_report/collages/polished_dataset__actual_values/forward_12_curve_collage.png,models/polished_dataset/actual_values/exported/harmonic_regression/forward/2026-07-08-00-15-14__te_harmonic_regression_fw__polished_actual_values/onnx/model.onnx,models/polished_dataset/actual_values/exported/harmonic_regression/forward/2026-07-08-00-15-14__te_harmonic_regression_fw__polished_actual_values/python/harmonic_regression-epoch=073-val_mae=0.00182314.ckpt
polished_dataset__actual_values,forward,wave4_3_mixture_density_k2,0.8771428571428571,0.9714285714285714,0.9714285714285714,0.9714285714285714,0.9904761904761905,0.005174191248533451,0.006329305447468931,12.159996549713325,21.195129738916354,0.004645334940255208,0.005752192218590133,0.00218058819962548,0.001978447699735639,0.01429835631948663,43.091597123091,5.954773856117112,0.0162779866,output/validation_checks/track2_familywise_onnx_report/wave4_3_mixture_density_k2/2026-07-15-09-53-26__track2_wave4_3_mixture_density_k2_familywise_onnx_report/collages/polished_dataset__actual_values/forward_12_curve_collage.png,models/polished_dataset/actual_values/exported/wave4_3_mixture_density_k2/forward/2026-07-15-05-01-50__te_wave4_3_mixture_density_k2_fw__polished_actual_values/onnx/model.onnx,models/polished_dataset/actual_values/exported/wave4_3_mixture_density_k2/forward/2026-07-15-05-01-50__te_wave4_3_mixture_density_k2_fw__polished_actual_values/python/curve_aware_harmonic_residual_offset_probe-epoch=256-val_mae=0.00172453.ckpt
polished_dataset__actual_values,forward,wave4_3_mixture_density_k3,0.8971428571428571,1.0,1.0,1.0,0.980952380952381,0.012586681024038005,0.015596547973528132,29.635260279325397,33.471551334685515,0.012086110223629643,0.015036535955926997,0.004018007091742508,-0.004018007091742508,0.05296119887585519,42.402192355346,3.319077722141973,0.016017561776,output/validation_checks/track2_familywise_onnx_report/wave4_3_mixture_density_k3/2026-07-15-17-24-28__track2_wave4_3_mixture_density_k3_familywise_onnx_report/collages/polished_dataset__actual_values/forward_12_curve_collage.png,models/polished_dataset/actual_values/exported/wave4_3_mixture_density_k3/forward/2026-07-15-14-39-00__te_wave4_3_mixture_density_k3_fw__polished_actual_values/onnx/model.onnx,models/polished_dataset/actual_values/exported/wave4_3_mixture_density_k3/forward/2026-07-15-14-39-00__te_wave4_3_mixture_density_k3_fw__polished_actual_values/python/curve_aware_harmonic_residual_offset_probe-epoch=240-val_mae=0.00161545.ckpt
polished_dataset__setpoints,backward,periodic_lstm_sequence,0.02857142857142857,0.0,0.0,0.14285714285714285,0.0,0.001670675969811525,0.0019942778380275523,3.281545159855137,7.046517130881899,0.0012631429223427728,0.0015595543646804407,0.0009480287796142166,0.0003522218449752656,0.003177043757069499,32.915877993193,3.498904686504883,0.028831714524,output/validation_checks/track2_familywise_onnx_report/periodic_lstm_sequence/2026-07-09-10-24-20__track2_periodic_lstm_sequence_familywise_onnx_report/collages/polished_dataset__setpoints/backward_12_curve_collage.png,models/polished_dataset/setpoints/exported/periodic_lstm_sequence/backward/2026-07-09-03-56-20__te_periodic_lstm_sequence_bw__polished_setpoints/onnx/model.onnx,models/polished_dataset/setpoints/exported/periodic_lstm_sequence/backward/2026-07-09-03-56-20__te_periodic_lstm_sequence_bw__polished_setpoints/python/periodic_lstm_sequence-epoch=208-val_mae=0.00138862.ckpt
polished_dataset__setpoints,backward,periodic_mlp_harmonic,0.17523809523809522,0.047619047619047616,0.22857142857142856,0.37142857142857144,0.07619047619047618,0.0024703424592527152,0.0028910544807757596,4.276644300516131,9.955735524024881,0.002026084453863779,0.002420042362458804,0.0009960498315827787,0.00013723913044498572,0.008406866828234806,34.509257097191,4.390810243839174,0.030578127872,output/validation_checks/track2_familywise_onnx_report/periodic_mlp_harmonic/2026-07-08-09-46-27__track2_periodic_mlp_harmonic_familywise_onnx_report/collages/polished_dataset__setpoints/backward_12_curve_collage.png,models/polished_dataset/setpoints/exported/periodic_mlp_harmonic/backward/2026-07-08-02-29-32__te_periodic_mlp_harmonic_bw__polished_setpoints/onnx/model.onnx,models/polished_dataset/setpoints/exported/periodic_mlp_harmonic/backward/2026-07-08-02-29-32__te_periodic_mlp_harmonic_bw__polished_setpoints/python/periodic_mlp-epoch=081-val_mae=0.00121896.ckpt
polished_dataset__setpoints,backward,wave4_1_mae_robust_loss,0.18047619047619048,0.03809523809523809,0.19999999999999998,0.0,0.6857142857142858,0.0024509899112748774,0.002872740027483597,4.398431669434137,10.886829329406071,0.0020598011781555584,0.002464703342944163,0.0009029192451463436,0.0004921659372116685,0.006462631368776783,37.179199580989,4.8163809483147055,0.032566048178,output/validation_checks/track2_familywise_onnx_report/wave4_1_mae_robust_loss/2026-07-12-20-30-49__track2_wave4_1_mae_robust_loss_familywise_onnx_report/collages/polished_dataset__setpoints/backward_12_curve_collage.png,models/polished_dataset/setpoints/exported/wave4_1_mae_robust_loss/backward/2026-07-12-16-51-03__te_wave4_1_mae_robust_loss_bw__polished_setpoints/onnx/model.onnx,models/polished_dataset/setpoints/exported/wave4_1_mae_robust_loss/backward/2026-07-12-16-51-03__te_wave4_1_mae_robust_loss_bw__polished_setpoints/python/curve_aware_harmonic_residual_offset_probe-epoch=088-val_mae=0.00183184.ckpt
polished_dataset__setpoints,backward,wave4_2_quantile_p10_p50_p90,0.20047619047619045,0.0857142857142857,0.18095238095238095,0.08571428571428572,0.6857142857142856,0.002476395530040433,0.0029042760795353704,4.468392184540192,10.934559622763885,0.0020771658741198947,0.002485772097216501,0.0009363670530511771,0.0003080581321279186,0.005987558720083511,36.666505210599,4.761500831106788,0.032116968323,output/validation_checks/track2_familywise_onnx_report/wave4_2_quantile_p10_p50_p90/2026-07-14-18-14-36__track2_wave4_2_quantile_p10_p50_p90_familywise_onnx_report/collages/polished_dataset__setpoints/backward_12_curve_collage.png,models/polished_dataset/setpoints/exported/wave4_2_quantile_p10_p50_p90/backward/2026-07-14-13-54-54__te_wave4_2_quantile_p10_p50_p90_bw__polished_setpoints/onnx/model.onnx,models/polished_dataset/setpoints/exported/wave4_2_quantile_p10_p50_p90/backward/2026-07-14-13-54-54__te_wave4_2_quantile_p10_p50_p90_bw__polished_setpoints/python/curve_aware_harmonic_residual_offset_probe-epoch=063-val_mae=0.00181729.ckpt
polished_dataset__setpoints,backward,wave3_2_harmonic_residual_offset,0.24523809523809523,0.13333333333333333,0.2571428571428571,0.2857142857142857,0.4761904761904762,0.0025137673112972337,0.0029600198797092776,4.5941752854308575,10.863816062874424,0.002126801516165903,0.002545650632051586,0.000977346714262335,0.0003778361620239995,0.005712531742942024,36.021463260364,4.592782889358083,0.03155196242,output/validation_checks/track2_familywise_onnx_report/wave3_2_harmonic_residual_offset/2026-07-11-11-07-57__track2_wave3_2_harmonic_residual_offset_familywise_onnx_report/collages/polished_dataset__setpoints/backward_12_curve_collage.png,models/polished_dataset/setpoints/exported/wave3_2_harmonic_residual_offset/backward/2026-07-11-01-14-42__te_wave3_2_harmonic_residual_offset_bw__polished_setpoints/onnx/model.onnx,models/polished_dataset/setpoints/exported/wave3_2_harmonic_residual_offset/backward/2026-07-11-01-14-42__te_wave3_2_harmonic_residual_offset_bw__polished_setpoints/python/harmonic_residual_offset_probe-epoch=120-val_mae=0.00193287.ckpt
polished_dataset__setpoints,backward,wave5_1_harmonic_prior_pointwise_control,0.26285714285714284,0.19047619047619047,0.20952380952380953,0.5142857142857142,0.3238095238095238,0.002528483896109593,0.0029639802519509763,4.637983929019474,10.756897930469723,0.002080635370142778,0.0024903234619142946,0.0010265683894410767,-0.00014742805840300217,0.006059951493838564,35.287830553464,4.572282389376873,0.030909357997,output/validation_checks/track2_familywise_onnx_report/wave5_1_harmonic_prior_pointwise_control/2026-07-16-09-56-10__track2_wave5_1_harmonic_prior_pointwise_control_familywise_onnx_report/collages/polished_dataset__setpoints/backward_12_curve_collage.png,models/polished_dataset/setpoints/exported/wave5_1_harmonic_prior_pointwise_control/backward/2026-07-16-01-39-54__te_wave5_1_harmonic_prior_pointwise_control_bw__polished_setpoints/onnx/model.onnx,models/polished_dataset/setpoints/exported/wave5_1_harmonic_prior_pointwise_control/backward/2026-07-16-01-39-54__te_wave5_1_harmonic_prior_pointwise_control_bw__polished_setpoints/python/wave3_harmonic_prior_residual-epoch=074-val_mae=0.00194037.ckpt
polished_dataset__setpoints,backward,residual_harmonic_lstm_sequence_dense360,0.26619047619047614,0.3142857142857143,0.38095238095238093,0.11428571428571428,0.3142857142857143,0.0025605193021558267,0.0030179456402557726,4.717397951108233,10.769104083094168,0.0021811186083743545,0.0026164194576307085,0.0009405177065581879,0.00023423839312775347,0.0064284455983532945,35.649050303179,4.506698565260193,0.031225758025,output/validation_checks/track2_familywise_onnx_report/residual_harmonic_lstm_sequence_dense360/2026-07-10-12-52-29__track2_residual_harmonic_lstm_sequence_dense360_familywise_onnx_report/collages/polished_dataset__setpoints/backward_12_curve_collage.png,models/polished_dataset/setpoints/exported/residual_harmonic_lstm_sequence_dense360/backward/2026-07-10-05-51-16__te_residual_harmonic_lstm_sequence_dense360_bw__polished_setpoints/onnx/model.onnx,models/polished_dataset/setpoints/exported/residual_harmonic_lstm_sequence_dense360/backward/2026-07-10-05-51-16__te_residual_harmonic_lstm_sequence_dense360_bw__polished_setpoints/python/residual_harmonic_lstm_sequence-epoch=102-val_mae=0.00199077.ckpt
polished_dataset__setpoints,backward,wave3_3_raw_centered_shape_curve_aware,0.2704761904761905,0.2476190476190476,0.1619047619047619,0.6,0.29523809523809524,0.0025390665453219868,0.0029787710730343198,4.657395268264951,10.709259659694316,0.0020948649390095087,0.002507892564860906,0.0010499155459964143,-8.463297231664105e-05,0.005563156281107482,35.321792757335,4.566966663451663,0.030939106211,output/validation_checks/track2_familywise_onnx_report/wave3_3_raw_centered_shape_curve_aware/2026-07-12-00-15-41__track2_wave3_3_raw_centered_shape_curve_aware_familywise_onnx_report/collages/polished_dataset__setpoints/backward_12_curve_collage.png,models/polished_dataset/setpoints/exported/wave3_3_raw_centered_shape_curve_aware/backward/2026-07-11-18-25-23__te_wave3_3_raw_centered_shape_curve_aware_bw__polished_setpoints/onnx/model.onnx,models/polished_dataset/setpoints/exported/wave3_3_raw_centered_shape_curve_aware/backward/2026-07-11-18-25-23__te_wave3_3_raw_centered_shape_curve_aware_bw__polished_setpoints/python/curve_aware_harmonic_residual_offset_probe-epoch=121-val_mae=0.00193931.ckpt
polished_dataset__setpoints,backward,periodic_gru_sequence,0.2861904761904762,0.13333333333333333,0.047619047619047616,0.6857142857142857,0.7047619047619048,0.0024893706163869535,0.0029277226771705525,4.631533490109958,11.377737531190032,0.002050857478789949,0.0024605000807588,0.0010532153214438593,-6.346154405950647e-07,0.004867453170826342,36.33191651654,4.631886464443929,0.031823895001,output/validation_checks/track2_familywise_onnx_report/periodic_gru_sequence/2026-07-09-09-05-16__track2_periodic_gru_sequence_familywise_onnx_report/collages/polished_dataset__setpoints/backward_12_curve_collage.png,models/polished_dataset/setpoints/exported/periodic_gru_sequence/backward/2026-07-08-23-18-30__te_periodic_gru_sequence_bw__polished_setpoints/onnx/model.onnx,models/polished_dataset/setpoints/exported/periodic_gru_sequence/backward/2026-07-08-23-18-30__te_periodic_gru_sequence_bw__polished_setpoints/python/periodic_gru_sequence-epoch=064-val_mae=0.00189811.ckpt
polished_dataset__setpoints,backward,wave5_1_harmonic_prior_smooth_l1_structured,0.29428571428571426,0.23809523809523805,0.27619047619047615,0.3142857142857143,0.580952380952381,0.002536287453347101,0.002981660980224376,4.6515700270326334,10.888852053122704,0.0021329614916501013,0.002554890850631177,0.0009838539921833828,0.00039062609848570016,0.00558756390757403,36.451380987064,4.596013372402222,0.03192853646,output/validation_checks/track2_familywise_onnx_report/wave5_1_harmonic_prior_smooth_l1_structured/2026-07-16-10-14-11__track2_wave5_1_harmonic_prior_smooth_l1_structured_familywise_onnx_report/collages/polished_dataset__setpoints/backward_12_curve_collage.png,models/polished_dataset/setpoints/exported/wave5_1_harmonic_prior_smooth_l1_structured/backward/2026-07-16-05-43-29__te_wave5_1_harmonic_prior_smooth_l1_structured_bw__polished_setpoints/onnx/model.onnx,models/polished_dataset/setpoints/exported/wave5_1_harmonic_prior_smooth_l1_structured/backward/2026-07-16-05-43-29__te_wave5_1_harmonic_prior_smooth_l1_structured_bw__polished_setpoints/python/wave3_harmonic_prior_residual-epoch=090-val_mae=0.00199981.ckpt
polished_dataset__setpoints,backward,residual_harmonic_gru_sequence_dense240,0.33285714285714285,0.41904761904761906,0.49523809523809526,0.02857142857142857,0.4666666666666666,0.0025927025769683955,0.0030593303961789315,4.777879456628658,10.905250496056388,0.0022240101590391996,0.0026730945010065613,0.0009082981437028766,0.0002533448872762167,0.0065691578183372686,36.160025427142,4.552799074272707,0.031673331956,output/validation_checks/track2_familywise_onnx_report/residual_harmonic_gru_sequence_dense240/2026-07-09-13-29-35__track2_residual_harmonic_gru_sequence_dense240_familywise_onnx_report/collages/polished_dataset__setpoints/backward_12_curve_collage.png,models/polished_dataset/setpoints/exported/residual_harmonic_gru_sequence_dense240/backward/2026-07-09-11-12-09__te_residual_harmonic_gru_sequence_dense240_bw__polished_setpoints/onnx/model.onnx,models/polished_dataset/setpoints/exported/residual_harmonic_gru_sequence_dense240/backward/2026-07-09-11-12-09__te_residual_harmonic_gru_sequence_dense240_bw__polished_setpoints/python/residual_harmonic_gru_sequence-epoch=069-val_mae=0.00196095.ckpt
polished_dataset__setpoints,backward,wave4_1_smooth_l1_robust_loss,0.3376190476190476,0.1714285714285714,0.23809523809523805,0.6571428571428571,0.5904761904761905,0.00252258221054796,0.0029671725251785544,4.608491540772378,10.754401564473676,0.0021127865138123045,0.0025262290352503873,0.0010531922910299457,0.0007214995142910994,0.005803382151111207,36.865057049106,4.662534509406547,0.032290884083,output/validation_checks/track2_familywise_onnx_report/wave4_1_smooth_l1_robust_loss/2026-07-13-09-08-55__track2_wave4_1_smooth_l1_robust_loss_familywise_onnx_report/collages/polished_dataset__setpoints/backward_12_curve_collage.png,models/polished_dataset/setpoints/exported/wave4_1_smooth_l1_robust_loss/backward/2026-07-12-23-26-15__te_wave4_1_smooth_l1_robust_loss_bw__polished_setpoints/onnx/model.onnx,models/polished_dataset/setpoints/exported/wave4_1_smooth_l1_robust_loss/backward/2026-07-12-23-26-15__te_wave4_1_smooth_l1_robust_loss_bw__polished_setpoints/python/curve_aware_harmonic_residual_offset_probe-epoch=115-val_mae=0.00193797.ckpt
polished_dataset__setpoints,backward,wave4_1_log_cosh_robust_loss,0.3657142857142857,0.36190476190476195,0.3238095238095238,0.42857142857142855,0.6285714285714286,0.0025768844955916716,0.003038929364576737,4.750310323934752,10.910400158705713,0.0021913094378591897,0.0026258524087614085,0.0010106743287808674,0.00046808817195983864,0.005569521633120492,36.733784763179,4.572336889212752,0.032175899908,output/validation_checks/track2_familywise_onnx_report/wave4_1_log_cosh_robust_loss/2026-07-13-11-52-34__track2_wave4_1_log_cosh_robust_loss_familywise_onnx_report/collages/polished_dataset__setpoints/backward_12_curve_collage.png,models/polished_dataset/setpoints/exported/wave4_1_log_cosh_robust_loss/backward/2026-07-13-08-11-55__te_wave4_1_log_cosh_robust_loss_bw__polished_setpoints/onnx/model.onnx,models/polished_dataset/setpoints/exported/wave4_1_log_cosh_robust_loss/backward/2026-07-13-08-11-55__te_wave4_1_log_cosh_robust_loss_bw__polished_setpoints/python/curve_aware_harmonic_residual_offset_probe-epoch=044-val_mae=0.00196637.ckpt
polished_dataset__setpoints,backward,wave3_3_raw_offset_curve_aware,0.37333333333333335,0.29523809523809524,0.22857142857142856,0.7714285714285715,0.5333333333333333,0.002560858414072663,0.003002354191772137,4.711076700886163,10.783016266552467,0.002101981079299432,0.0025214525834319646,0.0011031528297294963,0.0002511327549712505,0.005874466525633482,36.337688692084,4.612823717427934,0.031828950972,output/validation_checks/track2_familywise_onnx_report/wave3_3_raw_offset_curve_aware/2026-07-12-09-53-26__track2_wave3_3_raw_offset_curve_aware_familywise_onnx_report/collages/polished_dataset__setpoints/backward_12_curve_collage.png,models/polished_dataset/setpoints/exported/wave3_3_raw_offset_curve_aware/backward/2026-07-12-00-59-31__te_wave3_3_raw_offset_curve_aware_bw__polished_setpoints/onnx/model.onnx,models/polished_dataset/setpoints/exported/wave3_3_raw_offset_curve_aware/backward/2026-07-12-00-59-31__te_wave3_3_raw_offset_curve_aware_bw__polished_setpoints/python/curve_aware_harmonic_residual_offset_probe-epoch=112-val_mae=0.00201121.ckpt
polished_dataset__setpoints,backward,wave3_3_curve_aware_pointwise_control,0.38523809523809527,0.38095238095238093,0.26666666666666666,0.8,0.37142857142857144,0.00258580476414698,0.003038371791322146,4.77815198280406,10.807320783249573,0.0021393626278344525,0.0025621345629050804,0.001111998308866811,0.000369107800559194,0.00555186692756561,35.93054316261,4.516349996887776,0.031472323581,output/validation_checks/track2_familywise_onnx_report/wave3_3_curve_aware_pointwise_control/2026-07-11-16-39-41__track2_wave3_3_curve_aware_pointwise_control_familywise_onnx_report/collages/polished_dataset__setpoints/backward_12_curve_collage.png,models/polished_dataset/setpoints/exported/wave3_3_curve_aware_pointwise_control/backward/2026-07-11-12-11-04__te_wave3_3_curve_aware_pointwise_control_bw__polished_setpoints/onnx/model.onnx,models/polished_dataset/setpoints/exported/wave3_3_curve_aware_pointwise_control/backward/2026-07-11-12-11-04__te_wave3_3_curve_aware_pointwise_control_bw__polished_setpoints/python/curve_aware_harmonic_residual_offset_probe-epoch=130-val_mae=0.00195353.ckpt
polished_dataset__setpoints,backward,periodic_temporal_convolution,0.4057142857142857,0.41904761904761906,0.20952380952380953,0.8571428571428571,0.5142857142857142,0.002591381157304195,0.0030390394429201805,4.862397890154931,11.26603108801029,0.0021278405602237305,0.0025415430527055216,0.0011416638544320269,-0.00021184401875232634,0.005465691828074806,36.332993737599,4.502352806116902,0.031824838562,output/validation_checks/track2_familywise_onnx_report/periodic_temporal_convolution/2026-07-08-23-45-38__track2_periodic_temporal_convolution_familywise_onnx_report/collages/polished_dataset__setpoints/backward_12_curve_collage.png,models/polished_dataset/setpoints/exported/periodic_temporal_convolution/backward/2026-07-08-20-12-10__te_periodic_temporal_convolution_bw__polished_setpoints/onnx/model.onnx,models/polished_dataset/setpoints/exported/periodic_temporal_convolution/backward/2026-07-08-20-12-10__te_periodic_temporal_convolution_bw__polished_setpoints/python/periodic_temporal_convolution-epoch=048-val_mae=0.00196877.ckpt
polished_dataset__setpoints,backward,tree,0.4076190476190476,0.4761904761904761,0.7047619047619048,0.2571428571428571,0.09523809523809523,0.002683795668871157,0.0031817405045485186,4.7163283755854355,10.570029486052007,0.002319219844447937,0.0027891363095845145,0.0009651027643227581,0.0002890326930634364,0.012320246885250758,35.207940520808,4.37428238178779,0.031197220628,output/validation_checks/track2_familywise_onnx_report/tree/2026-07-07-14-58-29__track2_tree_familywise_onnx_report/collages/polished_dataset__setpoints/backward_12_curve_collage.png,models/polished_dataset/setpoints/exported/tree/backward/2026-07-07-09-37-16__te_tree_bw__polished_setpoints/onnx/model.onnx,models/polished_dataset/setpoints/exported/tree/backward/2026-07-07-09-37-16__te_tree_bw__polished_setpoints/python/tree_model.pkl
polished_dataset__setpoints,backward,residual_harmonic_gru_sequence_dense360,0.4261904761904762,0.5238095238095238,0.5714285714285714,0.34285714285714286,0.3523809523809524,0.002664591151954534,0.0031606890742008216,4.962513212906108,10.895453017262565,0.002297539142702675,0.002770180882865586,0.0009933201315313561,0.0004335746421961395,0.00674562217442299,35.827427966433,4.461041013859975,0.031382002797,output/validation_checks/track2_familywise_onnx_report/residual_harmonic_gru_sequence_dense360/2026-07-09-21-12-15__track2_residual_harmonic_gru_sequence_dense360_familywise_onnx_report/collages/polished_dataset__setpoints/backward_12_curve_collage.png,models/polished_dataset/setpoints/exported/residual_harmonic_gru_sequence_dense360/backward/2026-07-09-16-10-44__te_residual_harmonic_gru_sequence_dense360_bw__polished_setpoints/onnx/model.onnx,models/polished_dataset/setpoints/exported/residual_harmonic_gru_sequence_dense360/backward/2026-07-09-16-10-44__te_residual_harmonic_gru_sequence_dense360_bw__polished_setpoints/python/residual_harmonic_gru_sequence-epoch=064-val_mae=0.00200024.ckpt
polished_dataset__setpoints,backward,wave3_3_full_curve_composite,0.4342857142857143,0.5333333333333333,0.38095238095238093,0.5428571428571428,0.5714285714285715,0.0026699935666717484,0.0031490462686114733,4.988297528741089,11.084275137524289,0.002251016730655491,0.002702374121722571,0.0010329663120421538,0.0006605771544770579,0.005256187966455051,36.819160901884,4.505405666209669,0.032250682675,output/validation_checks/track2_familywise_onnx_report/wave3_3_full_curve_composite/2026-07-12-15-30-02__track2_wave3_3_full_curve_composite_familywise_onnx_report/collages/polished_dataset__setpoints/backward_12_curve_collage.png,models/polished_dataset/setpoints/exported/wave3_3_full_curve_composite/backward/2026-07-12-10-55-22__te_wave3_3_full_curve_composite_bw__polished_setpoints/onnx/model.onnx,models/polished_dataset/setpoints/exported/wave3_3_full_curve_composite/backward/2026-07-12-10-55-22__te_wave3_3_full_curve_composite_bw__polished_setpoints/python/curve_aware_harmonic_residual_offset_probe-epoch=078-val_mae=0.00203714.ckpt
polished_dataset__setpoints,backward,residual_harmonic_lstm_sequence_dense240,0.45380952380952383,0.5238095238095238,0.40952380952380957,0.8285714285714286,0.26666666666666666,0.002670585920354928,0.0031443996318728583,4.98414733457146,10.86461890929607,0.0022228202576629343,0.0026609184525719955,0.0011153058426092424,-0.00024686317096222875,0.006368026809217012,35.52820520898,4.447633135648771,0.031119907248,output/validation_checks/track2_familywise_onnx_report/residual_harmonic_lstm_sequence_dense240/2026-07-10-09-24-21__track2_residual_harmonic_lstm_sequence_dense240_familywise_onnx_report/collages/polished_dataset__setpoints/backward_12_curve_collage.png,models/polished_dataset/setpoints/exported/residual_harmonic_lstm_sequence_dense240/backward/2026-07-10-01-19-43__te_residual_harmonic_lstm_sequence_dense240_bw__polished_setpoints/onnx/model.onnx,models/polished_dataset/setpoints/exported/residual_harmonic_lstm_sequence_dense240/backward/2026-07-10-01-19-43__te_residual_harmonic_lstm_sequence_dense240_bw__polished_setpoints/python/residual_harmonic_lstm_sequence-epoch=073-val_mae=0.00200521.ckpt
polished_dataset__setpoints,backward,residual_harmonic_mlp,0.5014285714285714,0.6952380952380953,0.7333333333333334,0.4857142857142857,0.05714285714285714,0.0027629989449594176,0.0032566576616755633,4.911667016096265,10.606561631761194,0.002359008897037768,0.002828965663387019,0.001022456626159949,0.0007104851906344922,0.012106120953908527,34.434845676901,4.265570317418484,0.030512193044,output/validation_checks/track2_familywise_onnx_report/residual_harmonic_mlp/2026-07-07-15-28-55__track2_residual_harmonic_mlp_familywise_onnx_report/collages/polished_dataset__setpoints/backward_12_curve_collage.png,models/polished_dataset/setpoints/exported/residual_harmonic_mlp/backward/2026-07-07-12-36-55__te_residual_harmonic_mlp_bw__polished_setpoints/onnx/model.onnx,models/polished_dataset/setpoints/exported/residual_harmonic_mlp/backward/2026-07-07-12-36-55__te_residual_harmonic_mlp_bw__polished_setpoints/python/residual_harmonic_mlp-epoch=093-val_mae=0.00162645.ckpt
polished_dataset__setpoints,backward,residual_harmonic_gru_sequence_sparse_rcim,0.5095238095238095,0.580952380952381,0.4952380952380952,0.7142857142857143,0.5142857142857142,0.0026867817134605143,0.0031578529622234516,4.989317334348816,11.037796649094618,0.0022383759766855596,0.0026846300871796935,0.0010806896163631646,3.2986950396170636e-05,0.006501271526274727,36.273337760017,4.558054025304853,0.031772584628,output/validation_checks/track2_familywise_onnx_report/residual_harmonic_gru_sequence_sparse_rcim/2026-07-09-11-17-17__track2_residual_harmonic_gru_sequence_sparse_rcim_familywise_onnx_report/collages/polished_dataset__setpoints/backward_12_curve_collage.png,models/polished_dataset/setpoints/exported/residual_harmonic_gru_sequence_sparse_rcim/backward/2026-07-09-07-04-00__te_residual_harmonic_gru_sequence_sparse_rcim_bw__polished_setpoints/onnx/model.onnx,models/polished_dataset/setpoints/exported/residual_harmonic_gru_sequence_sparse_rcim/backward/2026-07-09-07-04-00__te_residual_harmonic_gru_sequence_sparse_rcim_bw__polished_setpoints/python/residual_harmonic_gru_sequence-epoch=058-val_mae=0.00205854.ckpt
polished_dataset__setpoints,backward,gru_sequence,0.5104761904761904,0.6476190476190476,0.7619047619047619,0.05714285714285714,0.6857142857142856,0.002719263303887211,0.0032251778472333526,5.050570065886241,11.319466075386204,0.0023721435571945363,0.0028473175189806608,0.0009270753540798877,0.0003009374509315894,0.009020106379621405,36.613212763455,4.5705615200960095,0.03207028834,output/validation_checks/track2_familywise_onnx_report/gru_sequence/2026-07-08-15-30-01__track2_gru_sequence_familywise_onnx_report/collages/polished_dataset__setpoints/backward_12_curve_collage.png,models/polished_dataset/setpoints/exported/gru_sequence/backward/2026-07-08-12-47-20__te_gru_sequence_bw__polished_setpoints/onnx/model.onnx,models/polished_dataset/setpoints/exported/gru_sequence/backward/2026-07-08-12-47-20__te_gru_sequence_bw__polished_setpoints/python/gru_sequence-epoch=088-val_mae=0.00218293.ckpt
polished_dataset__setpoints,backward,lstm_sequence,0.5157142857142858,0.7428571428571429,0.7714285714285715,0.17142857142857143,0.41904761904761906,0.0027391674091293925,0.003246388151784652,5.109787403047243,11.310544694219038,0.002377424241807322,0.002852720911440776,0.0009584472892748449,1.1118028974478029e-05,0.008768397767933957,35.628252028277,4.499690996132957,0.031207540376,output/validation_checks/track2_familywise_onnx_report/lstm_sequence/2026-07-08-23-29-14__track2_lstm_sequence_familywise_onnx_report/collages/polished_dataset__setpoints/backward_12_curve_collage.png,models/polished_dataset/setpoints/exported/lstm_sequence/backward/2026-07-08-16-21-04__te_lstm_sequence_bw__polished_setpoints/onnx/model.onnx,models/polished_dataset/setpoints/exported/lstm_sequence/backward/2026-07-08-16-21-04__te_lstm_sequence_bw__polished_setpoints/python/lstm_sequence-epoch=070-val_mae=0.00219971.ckpt
polished_dataset__setpoints,backward,wave3_1_sequential_residual_offset_probe,0.5204761904761904,0.6857142857142856,0.6952380952380953,0.22857142857142856,0.6285714285714286,0.002719851362579222,0.0032264753115751254,5.053670910955678,11.311655029355018,0.0023605027746009992,0.00283128513426332,0.0009611739296905817,0.0002143958570695426,0.008899423569326903,36.563542662688,4.5663189299537725,0.032026781247,output/validation_checks/track2_familywise_onnx_report/wave3_1_sequential_residual_offset_probe/2026-07-10-13-15-16__track2_wave3_1_sequential_residual_offset_probe_familywise_onnx_report/collages/polished_dataset__setpoints/backward_12_curve_collage.png,models/polished_dataset/setpoints/exported/wave3_1_sequential_residual_offset_probe/backward/2026-07-10-10-05-23__te_wave3_1_sequential_residual_offset_probe_bw__polished_setpoints/onnx/model.onnx,models/polished_dataset/setpoints/exported/wave3_1_sequential_residual_offset_probe/backward/2026-07-10-10-05-23__te_wave3_1_sequential_residual_offset_probe_bw__polished_setpoints/python/sequential_residual_offset_probe-epoch=137-val_mae=0.00216898.ckpt
polished_dataset__setpoints,backward,residual_harmonic_lstm_sequence_sparse_rcim,0.5257142857142857,0.638095238095238,0.5047619047619047,0.8857142857142857,0.29523809523809524,0.00270281657381142,0.003182690734797255,5.05209155415514,11.11327385648722,0.002223503886905051,0.0026675042747378846,0.0011716158566678252,0.0005263568572070592,0.00679756697834509,34.521033904792,4.447294397763879,0.030237704576,output/validation_checks/track2_familywise_onnx_report/residual_harmonic_lstm_sequence_sparse_rcim/2026-07-09-23-54-09__track2_residual_harmonic_lstm_sequence_sparse_rcim_familywise_onnx_report/collages/polished_dataset__setpoints/backward_12_curve_collage.png,models/polished_dataset/setpoints/exported/residual_harmonic_lstm_sequence_sparse_rcim/backward/2026-07-09-20-17-04__te_residual_harmonic_lstm_sequence_sparse_rcim_bw__polished_setpoints/onnx/model.onnx,models/polished_dataset/setpoints/exported/residual_harmonic_lstm_sequence_sparse_rcim/backward/2026-07-09-20-17-04__te_residual_harmonic_lstm_sequence_sparse_rcim_bw__polished_setpoints/python/residual_harmonic_lstm_sequence-epoch=088-val_mae=0.00204480.ckpt
polished_dataset__setpoints,backward,wave3_2_clean_sequential_residual_offset,0.5552380952380953,0.7142857142857143,0.7047619047619048,0.4,0.5714285714285714,0.0027290583338969022,0.0032359141979875655,5.077663082673768,11.315206544392506,0.002371737007509845,0.002844730826289045,0.0010042345029539492,0.0002133002679348061,0.008658502140067557,36.307785049229,4.546027505405912,0.031802757738,output/validation_checks/track2_familywise_onnx_report/wave3_2_clean_sequential_residual_offset/2026-07-11-10-22-05__track2_wave3_2_clean_sequential_residual_offset_familywise_onnx_report/collages/polished_dataset__setpoints/backward_12_curve_collage.png,models/polished_dataset/setpoints/exported/wave3_2_clean_sequential_residual_offset/backward/2026-07-10-14-35-10__te_wave3_2_clean_sequential_residual_offset_bw__polished_setpoints/onnx/model.onnx,models/polished_dataset/setpoints/exported/wave3_2_clean_sequential_residual_offset/backward/2026-07-10-14-35-10__te_wave3_2_clean_sequential_residual_offset_bw__polished_setpoints/python/sequential_residual_offset_probe-epoch=089-val_mae=0.00218161.ckpt
polished_dataset__setpoints,backward,periodic_mlp,0.5638095238095239,0.6857142857142858,0.8190476190476191,0.5714285714285714,0.1714285714285714,0.0027621414626780136,0.00326368040982722,4.893918536580804,10.587285849174659,0.002375424279213613,0.0028538091097718584,0.0010412554828070424,0.0005982847543936096,0.011367958446189345,35.719789567224,4.3583596505390725,0.031650762283,output/validation_checks/track2_familywise_onnx_report/periodic_mlp/2026-07-08-08-36-53__track2_periodic_mlp_familywise_onnx_report/collages/polished_dataset__setpoints/backward_12_curve_collage.png,models/polished_dataset/setpoints/exported/periodic_mlp/backward/2026-07-07-21-11-38__te_periodic_mlp_bw__polished_setpoints/onnx/model.onnx,models/polished_dataset/setpoints/exported/periodic_mlp/backward/2026-07-07-21-11-38__te_periodic_mlp_bw__polished_setpoints/python/periodic_mlp-epoch=055-val_mae=0.00165461.ckpt
polished_dataset__setpoints,backward,temporal_convolution,0.5685714285714286,0.7714285714285715,0.7428571428571429,0.45714285714285713,0.41904761904761906,0.002748667341480284,0.0032546135178801124,5.136303167213927,11.315057716462238,0.002370878114528767,0.0028470827433494258,0.0010109846003010159,0.00038957556435102226,0.009899506878548679,35.536015168257,4.477270575388095,0.031126748157,output/validation_checks/track2_familywise_onnx_report/temporal_convolution/2026-07-08-13-07-11__track2_temporal_convolution_familywise_onnx_report/collages/polished_dataset__setpoints/backward_12_curve_collage.png,models/polished_dataset/setpoints/exported/temporal_convolution/backward/2026-07-08-09-14-19__te_temporal_convolution_bw__polished_setpoints/onnx/model.onnx,models/polished_dataset/setpoints/exported/temporal_convolution/backward/2026-07-08-09-14-19__te_temporal_convolution_bw__polished_setpoints/python/temporal_convolution-epoch=125-val_mae=0.00222200.ckpt
polished_dataset__setpoints,backward,feedforward,0.5857142857142857,0.7333333333333334,0.8380952380952381,0.6285714285714286,0.13333333333333333,0.0027805550414126768,0.003290636822279418,4.940194581588418,10.60903463749571,0.002392204245705796,0.0028743559307074914,0.0010511842101051455,0.0005664820092439518,0.01112893742027425,35.485813193814,4.330642377885832,0.031443439377,output/validation_checks/track2_familywise_onnx_report/feedforward/2026-07-08-00-22-03__track2_feedforward_familywise_onnx_report/collages/polished_dataset__setpoints/backward_12_curve_collage.png,models/polished_dataset/setpoints/exported/feedforward/backward/2026-07-07-17-41-33__te_feedforward_bw__polished_setpoints/onnx/model.onnx,models/polished_dataset/setpoints/exported/feedforward/backward/2026-07-07-17-41-33__te_feedforward_bw__polished_setpoints/python/feedforward-epoch=057-val_mae=0.00164066.ckpt
polished_dataset__setpoints,backward,wave4_4_causal_tcn_latent_offset_residual,0.6142857142857142,0.8571428571428571,0.7714285714285714,0.2,0.8857142857142857,0.0027838013505065494,0.0033022925677183355,5.387956178671006,11.522455206235055,0.0024138032047768335,0.002912829246013819,0.0009606088576488776,0.00047631570452804826,0.006619059504257475,47.90211479458,5.457106853835387,0.030410540159,output/validation_checks/track2_familywise_onnx_report/wave4_4_causal_tcn_latent_offset_residual/2026-07-15-23-45-15__track2_wave4_4_causal_tcn_latent_offset_residual_familywise_onnx_report/collages/polished_dataset__setpoints/backward_12_curve_collage.png,models/polished_dataset/setpoints/exported/wave4_4_causal_tcn_latent_offset_residual/backward/2026-07-15-21-50-42__te_wave4_4_causal_tcn_latent_offset_residual_bw__polished_setpoints/onnx/model.onnx,models/polished_dataset/setpoints/exported/wave4_4_causal_tcn_latent_offset_residual/backward/2026-07-15-21-50-42__te_wave4_4_causal_tcn_latent_offset_residual_bw__polished_setpoints/python/latent_state_hysteresis_probe-epoch=074-val_mae=0.00224017.ckpt
polished_dataset__setpoints,backward,wave4_4_gru_latent_offset_residual,0.7242857142857142,0.8857142857142857,0.7714285714285714,0.7428571428571429,0.8571428571428571,0.002836003098383179,0.0033775268790971528,5.522047215979782,11.5139090274408,0.002443316705737971,0.0029520295555528634,0.00109029267345947,5.4587538716063916e-05,0.006518627054979431,47.526928655569,5.392875421764852,0.030172354159,output/validation_checks/track2_familywise_onnx_report/wave4_4_gru_latent_offset_residual/2026-07-15-22-18-25__track2_wave4_4_gru_latent_offset_residual_familywise_onnx_report/collages/polished_dataset__setpoints/backward_12_curve_collage.png,models/polished_dataset/setpoints/exported/wave4_4_gru_latent_offset_residual/backward/2026-07-15-17-34-55__te_wave4_4_gru_latent_offset_residual_bw__polished_setpoints/onnx/model.onnx,models/polished_dataset/setpoints/exported/wave4_4_gru_latent_offset_residual/backward/2026-07-15-17-34-55__te_wave4_4_gru_latent_offset_residual_bw__polished_setpoints/python/latent_state_hysteresis_probe-epoch=036-val_mae=0.00226526.ckpt
polished_dataset__setpoints,backward,harmonic_regression,0.7752380952380953,0.9428571428571427,0.7047619047619048,0.9714285714285714,0.9714285714285714,0.01740820509169616,0.017823221714448105,37.67548128142645,77.69353741929088,0.002351289406120364,0.0028227914819898706,0.017259111966243516,0.002070799619268478,0.011906010813037667,88.566888904951,22.089212883663127,0.052371611834,output/validation_checks/track2_familywise_onnx_report/harmonic_regression/2026-07-08-09-24-54__track2_harmonic_regression_familywise_onnx_report/collages/polished_dataset__setpoints/backward_12_curve_collage.png,models/polished_dataset/setpoints/exported/harmonic_regression/backward/2026-07-07-23-39-40__te_harmonic_regression_bw__polished_setpoints/onnx/model.onnx,models/polished_dataset/setpoints/exported/harmonic_regression/backward/2026-07-07-23-39-40__te_harmonic_regression_bw__polished_setpoints/python/harmonic_regression-epoch=044-val_mae=0.01715066.ckpt
polished_dataset__setpoints,backward,wave4_3_mixture_density_k2,0.8357142857142856,0.9142857142857143,0.9428571428571427,0.9142857142857143,0.9333333333333332,0.013117600992962388,0.01572111458273093,30.408166667296655,60.543118640830954,0.008996229799345884,0.011239034550957337,0.00963074648761773,-0.007702864961064546,0.017014944728369764,81.473903226917,14.15784524345075,0.031535905086,output/validation_checks/track2_familywise_onnx_report/wave4_3_mixture_density_k2/2026-07-15-09-53-26__track2_wave4_3_mixture_density_k2_familywise_onnx_report/collages/polished_dataset__setpoints/backward_12_curve_collage.png,models/polished_dataset/setpoints/exported/wave4_3_mixture_density_k2/backward/2026-07-15-02-51-55__te_wave4_3_mixture_density_k2_bw__polished_setpoints/onnx/model.onnx,models/polished_dataset/setpoints/exported/wave4_3_mixture_density_k2/backward/2026-07-15-02-51-55__te_wave4_3_mixture_density_k2_bw__polished_setpoints/python/curve_aware_harmonic_residual_offset_probe-epoch=173-val_mae=0.00181733.ckpt
polished_dataset__setpoints,backward,wave4_3_mixture_density_k3,0.8614285714285714,0.9714285714285714,0.9714285714285714,0.9428571428571428,0.9238095238095237,0.018190837819193065,0.022434181227922026,41.69824718682454,61.031127213066924,0.0161728928177718,0.019942608761555673,0.009637273207938847,-0.009033382845492748,0.07491769063214652,69.574983893319,11.072575867045932,0.030721474334,output/validation_checks/track2_familywise_onnx_report/wave4_3_mixture_density_k3/2026-07-15-17-24-28__track2_wave4_3_mixture_density_k3_familywise_onnx_report/collages/polished_dataset__setpoints/backward_12_curve_collage.png,models/polished_dataset/setpoints/exported/wave4_3_mixture_density_k3/backward/2026-07-15-12-55-40__te_wave4_3_mixture_density_k3_bw__polished_setpoints/onnx/model.onnx,models/polished_dataset/setpoints/exported/wave4_3_mixture_density_k3/backward/2026-07-15-12-55-40__te_wave4_3_mixture_density_k3_bw__polished_setpoints/python/curve_aware_harmonic_residual_offset_probe-epoch=166-val_mae=0.00183407.ckpt
polished_dataset__setpoints,backward,wave4_2_gaussian_nll,0.9,1.0,1.0,1.0,1.0,0.08945177124734603,0.1103131594571514,205.33986743046606,267.5312350833597,0.0738740171697419,0.09157316986448279,0.05313811494897601,-0.051109250008627455,0.40100545466052706,291.572612742056,37.23847649368576,0.133058096981,output/validation_checks/track2_familywise_onnx_report/wave4_2_gaussian_nll/2026-07-15-00-50-22__track2_wave4_2_gaussian_nll_familywise_onnx_report/collages/polished_dataset__setpoints/backward_12_curve_collage.png,models/polished_dataset/setpoints/exported/wave4_2_gaussian_nll/backward/2026-07-14-19-52-54__te_wave4_2_gaussian_nll_bw__polished_setpoints/onnx/model.onnx,models/polished_dataset/setpoints/exported/wave4_2_gaussian_nll/backward/2026-07-14-19-52-54__te_wave4_2_gaussian_nll_bw__polished_setpoints/python/curve_aware_harmonic_residual_offset_probe-epoch=000-val_mae=0.08419463.ckpt
polished_dataset__setpoints,forward,periodic_gru_sequence,0.12095238095238095,0.02857142857142857,0.047619047619047616,0.22857142857142856,0.3523809523809524,0.0018024272405047978,0.0021307071088057326,3.9463199519821357,8.937163091499867,0.001421000856632938,0.0017175014126688435,0.0009433797540496159,0.00011056227748608667,0.0031017478395369835,19.669333339845,3.096727813613753,0.008696817812,output/validation_checks/track2_familywise_onnx_report/periodic_gru_sequence/2026-07-09-09-05-16__track2_periodic_gru_sequence_familywise_onnx_report/collages/polished_dataset__setpoints/forward_12_curve_collage.png,models/polished_dataset/setpoints/exported/periodic_gru_sequence/forward/2026-07-08-22-57-44__te_periodic_gru_sequence_fw__polished_setpoints/onnx/model.onnx,models/polished_dataset/setpoints/exported/periodic_gru_sequence/forward/2026-07-08-22-57-44__te_periodic_gru_sequence_fw__polished_setpoints/python/periodic_gru_sequence-epoch=091-val_mae=0.00183161.ckpt
polished_dataset__setpoints,forward,wave4_1_mae_robust_loss,0.16523809523809524,0.0,0.21904761904761905,0.0,0.5904761904761905,0.0017515702468697944,0.002089740234110185,3.801520324953752,9.577632995268345,0.0014792590898218391,0.001795458374179468,0.000722233994625654,3.715715636282366e-05,0.004238863329228479,21.106480031945,3.160445929256921,0.009451322044,output/validation_checks/track2_familywise_onnx_report/wave4_1_mae_robust_loss/2026-07-12-20-30-49__track2_wave4_1_mae_robust_loss_familywise_onnx_report/collages/polished_dataset__setpoints/forward_12_curve_collage.png,models/polished_dataset/setpoints/exported/wave4_1_mae_robust_loss/forward/2026-07-12-16-19-34__te_wave4_1_mae_robust_loss_fw__polished_setpoints/onnx/model.onnx,models/polished_dataset/setpoints/exported/wave4_1_mae_robust_loss/forward/2026-07-12-16-19-34__te_wave4_1_mae_robust_loss_fw__polished_setpoints/python/curve_aware_harmonic_residual_offset_probe-epoch=105-val_mae=0.00179190.ckpt
polished_dataset__setpoints,forward,wave4_2_quantile_p10_p50_p90,0.21095238095238095,0.05714285714285714,0.24761904761904763,0.14285714285714285,0.5619047619047619,0.0018246743501222087,0.0021799269418054266,3.978924118333018,9.469820782079152,0.001506203338523764,0.0018287431399307958,0.0008981834056770073,-0.0004227543700023044,0.00417368790396722,21.327244487553,3.1591456199961403,0.009590740917,output/validation_checks/track2_familywise_onnx_report/wave4_2_quantile_p10_p50_p90/2026-07-14-18-14-36__track2_wave4_2_quantile_p10_p50_p90_familywise_onnx_report/collages/polished_dataset__setpoints/forward_12_curve_collage.png,models/polished_dataset/setpoints/exported/wave4_2_quantile_p10_p50_p90/forward/2026-07-14-13-15-27__te_wave4_2_quantile_p10_p50_p90_fw__polished_setpoints/onnx/model.onnx,models/polished_dataset/setpoints/exported/wave4_2_quantile_p10_p50_p90/forward/2026-07-14-13-15-27__te_wave4_2_quantile_p10_p50_p90_fw__polished_setpoints/python/curve_aware_harmonic_residual_offset_probe-epoch=157-val_mae=0.00180121.ckpt
polished_dataset__setpoints,forward,periodic_lstm_sequence,0.23857142857142857,0.09523809523809523,0.019047619047619046,0.6857142857142857,0.5047619047619047,0.0019144231604792832,0.002237860270457142,4.209574142754122,10.391403161881202,0.0014087543256443905,0.0017034333817071406,0.0011000036603133149,0.00010012926900891729,0.00307227124721976,19.4531846789,3.1098647737353744,0.008880111913,output/validation_checks/track2_familywise_onnx_report/periodic_lstm_sequence/2026-07-09-10-24-20__track2_periodic_lstm_sequence_familywise_onnx_report/collages/polished_dataset__setpoints/forward_12_curve_collage.png,models/polished_dataset/setpoints/exported/periodic_lstm_sequence/forward/2026-07-09-03-42-29__te_periodic_lstm_sequence_fw__polished_setpoints/onnx/model.onnx,models/polished_dataset/setpoints/exported/periodic_lstm_sequence/forward/2026-07-09-03-42-29__te_periodic_lstm_sequence_fw__polished_setpoints/python/periodic_lstm_sequence-epoch=047-val_mae=0.00186699.ckpt
polished_dataset__setpoints,forward,wave4_1_smooth_l1_robust_loss,0.24333333333333332,0.1714285714285714,0.20952380952380953,0.5142857142857142,0.21904761904761905,0.001946618891692182,0.0023073062292667595,4.278793612716803,9.488777541947739,0.0015322631550620954,0.0018573840972691633,0.0010292855461654206,0.00014962501017121117,0.0036567813603323885,17.897984536859,3.015554935279117,0.009475251718,output/validation_checks/track2_familywise_onnx_report/wave4_1_smooth_l1_robust_loss/2026-07-13-09-08-55__track2_wave4_1_smooth_l1_robust_loss_familywise_onnx_report/collages/polished_dataset__setpoints/forward_12_curve_collage.png,models/polished_dataset/setpoints/exported/wave4_1_smooth_l1_robust_loss/forward/2026-07-12-23-00-14__te_wave4_1_smooth_l1_robust_loss_fw__polished_setpoints/onnx/model.onnx,models/polished_dataset/setpoints/exported/wave4_1_smooth_l1_robust_loss/forward/2026-07-12-23-00-14__te_wave4_1_smooth_l1_robust_loss_fw__polished_setpoints/python/curve_aware_harmonic_residual_offset_probe-epoch=079-val_mae=0.00192933.ckpt
polished_dataset__setpoints,forward,residual_harmonic_lstm_sequence_dense240,0.2471428571428571,0.21904761904761905,0.4666666666666666,0.05714285714285714,0.19047619047619047,0.001961342917804222,0.00234830135685544,4.305672373580507,9.38720984785047,0.001668976371518571,0.002028565006661151,0.0008700488921258652,2.9620348295201393e-05,0.0038891364171286112,18.724258075702,2.905932444492291,0.009937759819,output/validation_checks/track2_familywise_onnx_report/residual_harmonic_lstm_sequence_dense240/2026-07-10-09-24-21__track2_residual_harmonic_lstm_sequence_dense240_familywise_onnx_report/collages/polished_dataset__setpoints/forward_12_curve_collage.png,models/polished_dataset/setpoints/exported/residual_harmonic_lstm_sequence_dense240/forward/2026-07-10-00-54-03__te_residual_harmonic_lstm_sequence_dense240_fw__polished_setpoints/onnx/model.onnx,models/polished_dataset/setpoints/exported/residual_harmonic_lstm_sequence_dense240/forward/2026-07-10-00-54-03__te_residual_harmonic_lstm_sequence_dense240_fw__polished_setpoints/python/residual_harmonic_lstm_sequence-epoch=067-val_mae=0.00199481.ckpt
polished_dataset__setpoints,forward,residual_harmonic_lstm_sequence_dense360,0.28047619047619043,0.23809523809523805,0.3428571428571428,0.2571428571428571,0.40952380952380957,0.0019619438768061787,0.0023419458146378335,4.317353842028423,9.7399668411566,0.0016228042012503682,0.001972499436054929,0.0009441839890653844,-0.00011226002783343366,0.003539284309663344,20.453322037247,2.956659799266572,0.00974071769,output/validation_checks/track2_familywise_onnx_report/residual_harmonic_lstm_sequence_dense360/2026-07-10-12-52-29__track2_residual_harmonic_lstm_sequence_dense360_familywise_onnx_report/collages/polished_dataset__setpoints/forward_12_curve_collage.png,models/polished_dataset/setpoints/exported/residual_harmonic_lstm_sequence_dense360/forward/2026-07-10-05-27-52__te_residual_harmonic_lstm_sequence_dense360_fw__polished_setpoints/onnx/model.onnx,models/polished_dataset/setpoints/exported/residual_harmonic_lstm_sequence_dense360/forward/2026-07-10-05-27-52__te_residual_harmonic_lstm_sequence_dense360_fw__polished_setpoints/python/residual_harmonic_lstm_sequence-epoch=089-val_mae=0.00201259.ckpt
polished_dataset__setpoints,forward,residual_harmonic_gru_sequence_dense240,0.28904761904761905,0.3142857142857143,0.49523809523809526,0.11428571428571428,0.19999999999999998,0.0019888612843895477,0.0023867581835689327,4.3672411063371035,9.621435911773824,0.001683543266458342,0.0020510578590627834,0.0008849642812043847,9.035766729480106e-05,0.003884925155725796,18.226820465195,2.8722358644176422,0.009835464395,output/validation_checks/track2_familywise_onnx_report/residual_harmonic_gru_sequence_dense240/2026-07-09-13-29-35__track2_residual_harmonic_gru_sequence_dense240_familywise_onnx_report/collages/polished_dataset__setpoints/forward_12_curve_collage.png,models/polished_dataset/setpoints/exported/residual_harmonic_gru_sequence_dense240/forward/2026-07-09-10-52-16__te_residual_harmonic_gru_sequence_dense240_fw__polished_setpoints/onnx/model.onnx,models/polished_dataset/setpoints/exported/residual_harmonic_gru_sequence_dense240/forward/2026-07-09-10-52-16__te_residual_harmonic_gru_sequence_dense240_fw__polished_setpoints/python/residual_harmonic_gru_sequence-epoch=110-val_mae=0.00198772.ckpt
polished_dataset__setpoints,forward,wave3_2_harmonic_residual_offset,0.29238095238095235,0.13333333333333333,0.3142857142857143,0.2857142857142857,0.6571428571428571,0.0019365562171399847,0.0023050056974992265,4.261944808814693,10.396117297390937,0.0015820524237518641,0.001917134021513184,0.0009495235889492666,-8.687203965725832e-07,0.003933568161737639,21.080201603443,3.107767058796878,0.009562799843,output/validation_checks/track2_familywise_onnx_report/wave3_2_harmonic_residual_offset/2026-07-11-11-07-57__track2_wave3_2_harmonic_residual_offset_familywise_onnx_report/collages/polished_dataset__setpoints/forward_12_curve_collage.png,models/polished_dataset/setpoints/exported/wave3_2_harmonic_residual_offset/forward/2026-07-11-00-52-59__te_wave3_2_harmonic_residual_offset_fw__polished_setpoints/onnx/model.onnx,models/polished_dataset/setpoints/exported/wave3_2_harmonic_residual_offset/forward/2026-07-11-00-52-59__te_wave3_2_harmonic_residual_offset_fw__polished_setpoints/python/harmonic_residual_offset_probe-epoch=085-val_mae=0.00188607.ckpt
polished_dataset__setpoints,forward,periodic_mlp_harmonic,0.2971428571428571,0.11428571428571428,0.2857142857142857,0.45714285714285713,0.5523809523809523,0.0019375317693537516,0.0022763384252554777,3.9877644948894586,10.01732255835825,0.0014899279904624658,0.0017975661040688538,0.0010082003198218332,0.00010220835292390982,0.006883184333710233,20.792827608199,3.05737398494033,0.009043624465,output/validation_checks/track2_familywise_onnx_report/periodic_mlp_harmonic/2026-07-08-09-46-27__track2_periodic_mlp_harmonic_familywise_onnx_report/collages/polished_dataset__setpoints/forward_12_curve_collage.png,models/polished_dataset/setpoints/exported/periodic_mlp_harmonic/forward/2026-07-08-02-15-59__te_periodic_mlp_harmonic_fw__polished_setpoints/onnx/model.onnx,models/polished_dataset/setpoints/exported/periodic_mlp_harmonic/forward/2026-07-08-02-15-59__te_periodic_mlp_harmonic_fw__polished_setpoints/python/periodic_mlp-epoch=051-val_mae=0.00120808.ckpt
polished_dataset__setpoints,forward,periodic_temporal_convolution,0.3104761904761905,0.28571428571428575,0.03809523809523809,0.8,0.5333333333333333,0.001985412918260394,0.0023363893539669646,4.405752979758051,10.341172452339393,0.0014745816011444487,0.0017907319773200244,0.001174948039276676,-0.0005385486821044813,0.0026553561378386803,19.21115120645,3.2203296358345037,0.008684143948,output/validation_checks/track2_familywise_onnx_report/periodic_temporal_convolution/2026-07-08-23-45-38__track2_periodic_temporal_convolution_familywise_onnx_report/collages/polished_dataset__setpoints/forward_12_curve_collage.png,models/polished_dataset/setpoints/exported/periodic_temporal_convolution/forward/2026-07-08-19-59-14__te_periodic_temporal_convolution_fw__polished_setpoints/onnx/model.onnx,models/polished_dataset/setpoints/exported/periodic_temporal_convolution/forward/2026-07-08-19-59-14__te_periodic_temporal_convolution_fw__polished_setpoints/python/periodic_temporal_convolution-epoch=040-val_mae=0.00194544.ckpt
polished_dataset__setpoints,forward,residual_harmonic_gru_sequence_dense360,0.37,0.30476190476190473,0.38095238095238093,0.4857142857142857,0.5238095238095238,0.0019857131741588554,0.0023734164475014484,4.380941073465381,9.479737398618118,0.001620330342412831,0.001972928970761933,0.0010253142863960582,-0.00033562704325715254,0.0038113894502748735,23.13064508801,3.067260472361705,0.00964762707,output/validation_checks/track2_familywise_onnx_report/residual_harmonic_gru_sequence_dense360/2026-07-09-21-12-15__track2_residual_harmonic_gru_sequence_dense360_familywise_onnx_report/collages/polished_dataset__setpoints/forward_12_curve_collage.png,models/polished_dataset/setpoints/exported/residual_harmonic_gru_sequence_dense360/forward/2026-07-09-15-45-26__te_residual_harmonic_gru_sequence_dense360_fw__polished_setpoints/onnx/model.onnx,models/polished_dataset/setpoints/exported/residual_harmonic_gru_sequence_dense360/forward/2026-07-09-15-45-26__te_residual_harmonic_gru_sequence_dense360_fw__polished_setpoints/python/residual_harmonic_gru_sequence-epoch=120-val_mae=0.00200154.ckpt
polished_dataset__setpoints,forward,wave4_1_log_cosh_robust_loss,0.3914285714285714,0.4476190476190476,0.29523809523809524,0.6,0.5238095238095238,0.002047575296053144,0.0024201749739427895,4.519097778708715,11.168351423278702,0.0016001777654411197,0.0019439699156054255,0.0010612135439356744,0.00016377322432407012,0.003511970492836554,18.870096484286,3.0848355340626386,0.009505465724,output/validation_checks/track2_familywise_onnx_report/wave4_1_log_cosh_robust_loss/2026-07-13-11-52-34__track2_wave4_1_log_cosh_robust_loss_familywise_onnx_report/collages/polished_dataset__setpoints/forward_12_curve_collage.png,models/polished_dataset/setpoints/exported/wave4_1_log_cosh_robust_loss/forward/2026-07-13-07-40-29__te_wave4_1_log_cosh_robust_loss_fw__polished_setpoints/onnx/model.onnx,models/polished_dataset/setpoints/exported/wave4_1_log_cosh_robust_loss/forward/2026-07-13-07-40-29__te_wave4_1_log_cosh_robust_loss_fw__polished_setpoints/python/curve_aware_harmonic_residual_offset_probe-epoch=089-val_mae=0.00196005.ckpt
polished_dataset__setpoints,forward,tree,0.39428571428571424,0.4666666666666666,0.6761904761904761,0.17142857142857143,0.19999999999999998,0.0020980228936667723,0.002536478404370673,4.313533216145866,8.754130427742634,0.0018141909881885627,0.0022156991117760843,0.0009089890574233892,0.00011393210625398922,0.01085323501509265,20.069516343691,2.7619591237180177,0.009690799112,output/validation_checks/track2_familywise_onnx_report/tree/2026-07-07-14-58-29__track2_tree_familywise_onnx_report/collages/polished_dataset__setpoints/forward_12_curve_collage.png,models/polished_dataset/setpoints/exported/tree/forward/2026-07-07-09-34-40__te_tree_fw__polished_setpoints/onnx/model.onnx,models/polished_dataset/setpoints/exported/tree/forward/2026-07-07-09-34-40__te_tree_fw__polished_setpoints/python/tree_model.pkl
polished_dataset__setpoints,forward,residual_harmonic_gru_sequence_sparse_rcim,0.3957142857142857,0.37142857142857144,0.5428571428571428,0.3142857142857143,0.45714285714285713,0.0020009908869146166,0.0023986775874594883,4.391962890910753,9.679064545245133,0.0016694889086846685,0.0020351617141069226,0.0009551085796228876,-8.526021790868774e-05,0.004847124258812983,20.587313132822,3.0268308371679673,0.009829576535,output/validation_checks/track2_familywise_onnx_report/residual_harmonic_gru_sequence_sparse_rcim/2026-07-09-11-17-17__track2_residual_harmonic_gru_sequence_sparse_rcim_familywise_onnx_report/collages/polished_dataset__setpoints/forward_12_curve_collage.png,models/polished_dataset/setpoints/exported/residual_harmonic_gru_sequence_sparse_rcim/forward/2026-07-09-06-39-47__te_residual_harmonic_gru_sequence_sparse_rcim_fw__polished_setpoints/onnx/model.onnx,models/polished_dataset/setpoints/exported/residual_harmonic_gru_sequence_sparse_rcim/forward/2026-07-09-06-39-47__te_residual_harmonic_gru_sequence_sparse_rcim_fw__polished_setpoints/python/residual_harmonic_gru_sequence-epoch=116-val_mae=0.00198454.ckpt
polished_dataset__setpoints,forward,wave3_3_curve_aware_pointwise_control,0.4004761904761905,0.3238095238095238,0.3142857142857143,0.6285714285714286,0.6666666666666666,0.0019920864581318416,0.0023723708837714353,4.3827307634522406,10.697989026059446,0.0015950781682050209,0.001932309091862005,0.0010800520184820785,-0.00013428589699347051,0.003597766363818664,20.54366961224,3.1109447617768287,0.009966096239,output/validation_checks/track2_familywise_onnx_report/wave3_3_curve_aware_pointwise_control/2026-07-11-16-39-41__track2_wave3_3_curve_aware_pointwise_control_familywise_onnx_report/collages/polished_dataset__setpoints/forward_12_curve_collage.png,models/polished_dataset/setpoints/exported/wave3_3_curve_aware_pointwise_control/forward/2026-07-11-11-40-50__te_wave3_3_curve_aware_pointwise_control_fw__polished_setpoints/onnx/model.onnx,models/polished_dataset/setpoints/exported/wave3_3_curve_aware_pointwise_control/forward/2026-07-11-11-40-50__te_wave3_3_curve_aware_pointwise_control_fw__polished_setpoints/python/curve_aware_harmonic_residual_offset_probe-epoch=094-val_mae=0.00191479.ckpt
polished_dataset__setpoints,forward,wave3_3_raw_offset_curve_aware,0.4176190476190476,0.4857142857142857,0.23809523809523805,0.8857142857142857,0.39999999999999997,0.0020483373144276366,0.0024333644490813376,4.52963984466317,9.845598655825503,0.0015778470145229847,0.0019172375333635105,0.001236363843167041,-0.0005151167553327932,0.0035172448100638577,19.568025324554,3.043764742113298,0.009573774121,output/validation_checks/track2_familywise_onnx_report/wave3_3_raw_offset_curve_aware/2026-07-12-09-53-26__track2_wave3_3_raw_offset_curve_aware_familywise_onnx_report/collages/polished_dataset__setpoints/forward_12_curve_collage.png,models/polished_dataset/setpoints/exported/wave3_3_raw_offset_curve_aware/forward/2026-07-12-00-23-59__te_wave3_3_raw_offset_curve_aware_fw__polished_setpoints/onnx/model.onnx,models/polished_dataset/setpoints/exported/wave3_3_raw_offset_curve_aware/forward/2026-07-12-00-23-59__te_wave3_3_raw_offset_curve_aware_fw__polished_setpoints/python/curve_aware_harmonic_residual_offset_probe-epoch=119-val_mae=0.00195047.ckpt
polished_dataset__setpoints,forward,wave3_3_raw_centered_shape_curve_aware,0.4195238095238095,0.41904761904761906,0.22857142857142856,0.7714285714285715,0.6761904761904761,0.002038911511781999,0.002413611857789731,4.507004053197957,11.165739093441731,0.001576817982406012,0.001915299642507693,0.0011515581170933587,-0.0002510888946477745,0.003557671641756315,19.963269045002,3.1651863142432433,0.009728730404,output/validation_checks/track2_familywise_onnx_report/wave3_3_raw_centered_shape_curve_aware/2026-07-12-00-15-41__track2_wave3_3_raw_centered_shape_curve_aware_familywise_onnx_report/collages/polished_dataset__setpoints/forward_12_curve_collage.png,models/polished_dataset/setpoints/exported/wave3_3_raw_centered_shape_curve_aware/forward/2026-07-11-18-01-02__te_wave3_3_raw_centered_shape_curve_aware_fw__polished_setpoints/onnx/model.onnx,models/polished_dataset/setpoints/exported/wave3_3_raw_centered_shape_curve_aware/forward/2026-07-11-18-01-02__te_wave3_3_raw_centered_shape_curve_aware_fw__polished_setpoints/python/curve_aware_harmonic_residual_offset_probe-epoch=068-val_mae=0.00194145.ckpt
polished_dataset__setpoints,forward,wave3_3_full_curve_composite,0.4323809523809523,0.5619047619047618,0.3142857142857143,0.6571428571428571,0.5238095238095238,0.00208369315955738,0.0024739370865901503,4.609883006491431,11.166890897216497,0.0016532532640384028,0.002008597543600679,0.0010854717798222898,0.0001771025368689294,0.002806307077698875,18.725859099325,3.100815106635727,0.009871559121,output/validation_checks/track2_familywise_onnx_report/wave3_3_full_curve_composite/2026-07-12-15-30-02__track2_wave3_3_full_curve_composite_familywise_onnx_report/collages/polished_dataset__setpoints/forward_12_curve_collage.png,models/polished_dataset/setpoints/exported/wave3_3_full_curve_composite/forward/2026-07-12-10-22-30__te_wave3_3_full_curve_composite_fw__polished_setpoints/onnx/model.onnx,models/polished_dataset/setpoints/exported/wave3_3_full_curve_composite/forward/2026-07-12-10-22-30__te_wave3_3_full_curve_composite_fw__polished_setpoints/python/curve_aware_harmonic_residual_offset_probe-epoch=107-val_mae=0.00203018.ckpt
polished_dataset__setpoints,forward,residual_harmonic_lstm_sequence_sparse_rcim,0.4480952380952381,0.49523809523809526,0.49523809523809526,0.5428571428571428,0.4476190476190476,0.002050885752995768,0.002446036894787099,4.522489482185061,10.3515888664212,0.001657797421270672,0.0020189938998719267,0.0010478418626650192,-0.00014494509030311538,0.004786015583958942,19.780786981941,2.9577988374696225,0.009715297512,output/validation_checks/track2_familywise_onnx_report/residual_harmonic_lstm_sequence_sparse_rcim/2026-07-09-23-54-09__track2_residual_harmonic_lstm_sequence_sparse_rcim_familywise_onnx_report/collages/polished_dataset__setpoints/forward_12_curve_collage.png,models/polished_dataset/setpoints/exported/residual_harmonic_lstm_sequence_sparse_rcim/forward/2026-07-09-19-52-09__te_residual_harmonic_lstm_sequence_sparse_rcim_fw__polished_setpoints/onnx/model.onnx,models/polished_dataset/setpoints/exported/residual_harmonic_lstm_sequence_sparse_rcim/forward/2026-07-09-19-52-09__te_residual_harmonic_lstm_sequence_sparse_rcim_fw__polished_setpoints/python/residual_harmonic_lstm_sequence-epoch=068-val_mae=0.00202292.ckpt
polished_dataset__setpoints,forward,wave5_1_harmonic_prior_pointwise_control,0.44904761904761903,0.5619047619047618,0.24761904761904763,0.8285714285714286,0.5619047619047619,0.002088904354929871,0.0024673799176203066,4.633386049225981,11.37429946656691,0.0015868316019893656,0.0019271685908703886,0.0012065101246759252,9.584688744872954e-05,0.0034840690650162287,18.49600289593,3.138556081274182,0.009596781204,output/validation_checks/track2_familywise_onnx_report/wave5_1_harmonic_prior_pointwise_control/2026-07-16-09-56-10__track2_wave5_1_harmonic_prior_pointwise_control_familywise_onnx_report/collages/polished_dataset__setpoints/forward_12_curve_collage.png,models/polished_dataset/setpoints/exported/wave5_1_harmonic_prior_pointwise_control/forward/2026-07-16-01-19-11__te_wave5_1_harmonic_prior_pointwise_control_fw__polished_setpoints/onnx/model.onnx,models/polished_dataset/setpoints/exported/wave5_1_harmonic_prior_pointwise_control/forward/2026-07-16-01-19-11__te_wave5_1_harmonic_prior_pointwise_control_fw__polished_setpoints/python/wave3_harmonic_prior_residual-epoch=084-val_mae=0.00195891.ckpt
polished_dataset__setpoints,forward,periodic_mlp,0.4552380952380953,0.580952380952381,0.8666666666666667,0.08571428571428572,0.12380952380952381,0.002180358305534304,0.002638679080557646,4.506169364295452,8.818541337124797,0.0019338404069414062,0.0023552773800981737,0.0008732785352444714,0.0001962523286575645,0.011534829643933335,19.575169225667,2.6091000415975008,0.009689073038,output/validation_checks/track2_familywise_onnx_report/periodic_mlp/2026-07-08-08-36-53__track2_periodic_mlp_familywise_onnx_report/collages/polished_dataset__setpoints/forward_12_curve_collage.png,models/polished_dataset/setpoints/exported/periodic_mlp/forward/2026-07-07-20-52-32__te_periodic_mlp_fw__polished_setpoints/onnx/model.onnx,models/polished_dataset/setpoints/exported/periodic_mlp/forward/2026-07-07-20-52-32__te_periodic_mlp_fw__polished_setpoints/python/periodic_mlp-epoch=089-val_mae=0.00162401.ckpt
polished_dataset__setpoints,forward,residual_harmonic_mlp,0.4704761904761905,0.6476190476190476,0.8190476190476191,0.02857142857142857,0.3238095238095238,0.002201175279712181,0.0026482579794180915,4.568725144136706,8.93226016041921,0.0019276747079897674,0.002342654212290358,0.0008626034106505355,-0.0004132828843659465,0.01095817598645226,22.219225911176,2.7520406354936324,0.009698495919,output/validation_checks/track2_familywise_onnx_report/residual_harmonic_mlp/2026-07-07-15-28-55__track2_residual_harmonic_mlp_familywise_onnx_report/collages/polished_dataset__setpoints/forward_12_curve_collage.png,models/polished_dataset/setpoints/exported/residual_harmonic_mlp/forward/2026-07-07-12-02-44__te_residual_harmonic_mlp_fw__polished_setpoints/onnx/model.onnx,models/polished_dataset/setpoints/exported/residual_harmonic_mlp/forward/2026-07-07-12-02-44__te_residual_harmonic_mlp_fw__polished_setpoints/python/residual_harmonic_mlp-epoch=122-val_mae=0.00159866.ckpt
polished_dataset__setpoints,forward,wave5_1_harmonic_prior_smooth_l1_structured,0.49238095238095236,0.6,0.27619047619047615,0.8571428571428571,0.6952380952380951,0.0021045771706036712,0.0024702912569399896,4.676598260471008,11.917016888041958,0.001561906466465387,0.0018937299163422872,0.0012235290872595075,-0.0002745659836279183,0.003935252179217059,19.622276428553,3.323649227609663,0.009703496917,output/validation_checks/track2_familywise_onnx_report/wave5_1_harmonic_prior_smooth_l1_structured/2026-07-16-10-14-11__track2_wave5_1_harmonic_prior_smooth_l1_structured_familywise_onnx_report/collages/polished_dataset__setpoints/forward_12_curve_collage.png,models/polished_dataset/setpoints/exported/wave5_1_harmonic_prior_smooth_l1_structured/forward/2026-07-16-05-26-56__te_wave5_1_harmonic_prior_smooth_l1_structured_fw__polished_setpoints/onnx/model.onnx,models/polished_dataset/setpoints/exported/wave5_1_harmonic_prior_smooth_l1_structured/forward/2026-07-16-05-26-56__te_wave5_1_harmonic_prior_smooth_l1_structured_fw__polished_setpoints/python/wave3_harmonic_prior_residual-epoch=095-val_mae=0.00197140.ckpt
polished_dataset__setpoints,forward,gru_sequence,0.4990476190476191,0.6476190476190476,0.6761904761904761,0.34285714285714286,0.4285714285714286,0.002164238356016478,0.0026223868738162463,4.782778268733204,9.796495802158097,0.0018909938561798892,0.002315321278868588,0.0009559975570537205,-0.0002876494014502147,0.008607604329299648,20.847117224857,2.838776701456194,0.00966736036,output/validation_checks/track2_familywise_onnx_report/gru_sequence/2026-07-08-15-30-01__track2_gru_sequence_familywise_onnx_report/collages/polished_dataset__setpoints/forward_12_curve_collage.png,models/polished_dataset/setpoints/exported/gru_sequence/forward/2026-07-08-12-18-02__te_gru_sequence_fw__polished_setpoints/onnx/model.onnx,models/polished_dataset/setpoints/exported/gru_sequence/forward/2026-07-08-12-18-02__te_gru_sequence_fw__polished_setpoints/python/gru_sequence-epoch=152-val_mae=0.00216223.ckpt
polished_dataset__setpoints,forward,wave3_1_sequential_residual_offset_probe,0.5076190476190476,0.7142857142857143,0.6952380952380953,0.37142857142857144,0.3142857142857143,0.002220346451616919,0.0026765465682000488,4.920284588884236,9.784257876539332,0.0019045355976213452,0.002328377282309997,0.0009753281172173208,8.536503663224932e-05,0.008076473393302877,19.686411750289,2.837464907121134,0.009658093196,output/validation_checks/track2_familywise_onnx_report/wave3_1_sequential_residual_offset_probe/2026-07-10-13-15-16__track2_wave3_1_sequential_residual_offset_probe_familywise_onnx_report/collages/polished_dataset__setpoints/forward_12_curve_collage.png,models/polished_dataset/setpoints/exported/wave3_1_sequential_residual_offset_probe/forward/2026-07-10-09-39-31__te_wave3_1_sequential_residual_offset_probe_fw__polished_setpoints/onnx/model.onnx,models/polished_dataset/setpoints/exported/wave3_1_sequential_residual_offset_probe/forward/2026-07-10-09-39-31__te_wave3_1_sequential_residual_offset_probe_fw__polished_setpoints/python/sequential_residual_offset_probe-epoch=111-val_mae=0.00217538.ckpt
polished_dataset__setpoints,forward,lstm_sequence,0.5280952380952381,0.7428571428571429,0.6761904761904761,0.4,0.41904761904761906,0.002222338122386252,0.0026823664349455894,4.922429475260919,9.87932931970061,0.0019052778916973459,0.002328154937135441,0.000990574941363486,0.000290193023474193,0.007869366959494074,20.341605184602,2.8681442002423507,0.009646396094,output/validation_checks/track2_familywise_onnx_report/lstm_sequence/2026-07-08-23-29-14__track2_lstm_sequence_familywise_onnx_report/collages/polished_dataset__setpoints/forward_12_curve_collage.png,models/polished_dataset/setpoints/exported/lstm_sequence/forward/2026-07-08-16-05-59__te_lstm_sequence_fw__polished_setpoints/onnx/model.onnx,models/polished_dataset/setpoints/exported/lstm_sequence/forward/2026-07-08-16-05-59__te_lstm_sequence_fw__polished_setpoints/python/lstm_sequence-epoch=078-val_mae=0.00219094.ckpt
polished_dataset__setpoints,forward,wave4_4_gru_latent_offset_residual,0.5566666666666666,0.8095238095238096,0.7809523809523808,0.2,0.5428571428571428,0.002266068402036818,0.0027205761626965873,5.037581453558596,10.929252860016224,0.0019478713469070288,0.002377287100015347,0.0009227833775202517,-0.00026437894718455367,0.00546311457597767,20.079153296466,2.96105880081901,0.009848390337,output/validation_checks/track2_familywise_onnx_report/wave4_4_gru_latent_offset_residual/2026-07-15-22-18-25__track2_wave4_4_gru_latent_offset_residual_familywise_onnx_report/collages/polished_dataset__setpoints/forward_12_curve_collage.png,models/polished_dataset/setpoints/exported/wave4_4_gru_latent_offset_residual/forward/2026-07-15-17-03-49__te_wave4_4_gru_latent_offset_residual_fw__polished_setpoints/onnx/model.onnx,models/polished_dataset/setpoints/exported/wave4_4_gru_latent_offset_residual/forward/2026-07-15-17-03-49__te_wave4_4_gru_latent_offset_residual_fw__polished_setpoints/python/latent_state_hysteresis_probe-epoch=164-val_mae=0.00221821.ckpt
polished_dataset__setpoints,forward,wave3_2_clean_sequential_residual_offset,0.5628571428571428,0.7714285714285715,0.7142857142857143,0.5714285714285714,0.29523809523809524,0.002253161988280515,0.0027153116604777027,5.000464013454472,10.589164404015019,0.0019113880549874373,0.0023364148504979357,0.0010549733344584194,2.8653256821916305e-05,0.008037813401606399,18.302534705274,2.790459817558326,0.009673072859,output/validation_checks/track2_familywise_onnx_report/wave3_2_clean_sequential_residual_offset/2026-07-11-10-22-05__track2_wave3_2_clean_sequential_residual_offset_familywise_onnx_report/collages/polished_dataset__setpoints/forward_12_curve_collage.png,models/polished_dataset/setpoints/exported/wave3_2_clean_sequential_residual_offset/forward/2026-07-10-14-12-44__te_wave3_2_clean_sequential_residual_offset_fw__polished_setpoints/onnx/model.onnx,models/polished_dataset/setpoints/exported/wave3_2_clean_sequential_residual_offset/forward/2026-07-10-14-12-44__te_wave3_2_clean_sequential_residual_offset_fw__polished_setpoints/python/sequential_residual_offset_probe-epoch=092-val_mae=0.00219799.ckpt
polished_dataset__setpoints,forward,temporal_convolution,0.6052380952380952,0.8476190476190476,0.7714285714285714,0.7142857142857143,0.1523809523809524,0.002296954939341944,0.002769887787195661,5.109915230650675,9.806836760277129,0.0019231905334253917,0.002363755418215289,0.0011298447917858093,-0.00020130453952999026,0.007101239052426536,17.273068182577,2.693436514601046,0.00970201887,output/validation_checks/track2_familywise_onnx_report/temporal_convolution/2026-07-08-13-07-11__track2_temporal_convolution_familywise_onnx_report/collages/polished_dataset__setpoints/forward_12_curve_collage.png,models/polished_dataset/setpoints/exported/temporal_convolution/forward/2026-07-08-09-01-27__te_temporal_convolution_fw__polished_setpoints/onnx/model.onnx,models/polished_dataset/setpoints/exported/temporal_convolution/forward/2026-07-08-09-01-27__te_temporal_convolution_fw__polished_setpoints/python/temporal_convolution-epoch=042-val_mae=0.00225272.ckpt
polished_dataset__setpoints,forward,wave4_4_causal_tcn_latent_offset_residual,0.6371428571428571,0.8571428571428571,0.7142857142857143,0.42857142857142855,0.8666666666666667,0.002307361056875313,0.0027629084765499303,5.147983623052437,11.985929200063415,0.0019176935496824541,0.0023489053210045173,0.0010031245502347495,4.736957003667428e-05,0.00654806368824211,22.034381553286,3.571227407083874,0.009731241288,output/validation_checks/track2_familywise_onnx_report/wave4_4_causal_tcn_latent_offset_residual/2026-07-15-23-45-15__track2_wave4_4_causal_tcn_latent_offset_residual_familywise_onnx_report/collages/polished_dataset__setpoints/forward_12_curve_collage.png,models/polished_dataset/setpoints/exported/wave4_4_causal_tcn_latent_offset_residual/forward/2026-07-15-21-27-08__te_wave4_4_causal_tcn_latent_offset_residual_fw__polished_setpoints/onnx/model.onnx,models/polished_dataset/setpoints/exported/wave4_4_causal_tcn_latent_offset_residual/forward/2026-07-15-21-27-08__te_wave4_4_causal_tcn_latent_offset_residual_fw__polished_setpoints/python/latent_state_hysteresis_probe-epoch=107-val_mae=0.00221473.ckpt
polished_dataset__setpoints,forward,feedforward,0.6652380952380952,0.8571428571428571,0.8761904761904762,0.7428571428571429,0.2571428571428572,0.002406584487879331,0.002884837130512624,5.036381172459984,10.659394921240674,0.001975351037437204,0.0024068184817341563,0.0011512681310673234,0.0005843599725617437,0.009923413248179714,16.211811576578,2.7890465087094998,0.009690146805,output/validation_checks/track2_familywise_onnx_report/feedforward/2026-07-08-00-22-03__track2_feedforward_familywise_onnx_report/collages/polished_dataset__setpoints/forward_12_curve_collage.png,models/polished_dataset/setpoints/exported/feedforward/forward/2026-07-07-17-25-58__te_feedforward_fw__polished_setpoints/onnx/model.onnx,models/polished_dataset/setpoints/exported/feedforward/forward/2026-07-07-17-25-58__te_feedforward_fw__polished_setpoints/python/feedforward-epoch=042-val_mae=0.00168289.ckpt
polished_dataset__setpoints,forward,harmonic_regression,0.8047619047619048,0.9238095238095237,0.7999999999999999,0.9714285714285714,0.9714285714285714,0.017219659708937577,0.0174938067041714,38.403646577955854,78.94829912452025,0.0019226259063909903,0.002338839049888017,0.01701384767055493,-0.002228403860751821,0.011495924174232642,102.697228503434,25.49764402483915,0.040049764121,output/validation_checks/track2_familywise_onnx_report/harmonic_regression/2026-07-08-09-24-54__track2_harmonic_regression_familywise_onnx_report/collages/polished_dataset__setpoints/forward_12_curve_collage.png,models/polished_dataset/setpoints/exported/harmonic_regression/forward/2026-07-07-23-29-07__te_harmonic_regression_fw__polished_setpoints/onnx/model.onnx,models/polished_dataset/setpoints/exported/harmonic_regression/forward/2026-07-07-23-29-07__te_harmonic_regression_fw__polished_setpoints/python/harmonic_regression-epoch=032-val_mae=0.01714993.ckpt
polished_dataset__setpoints,forward,wave4_3_mixture_density_k2,0.8438095238095238,0.9333333333333332,0.9428571428571427,0.9428571428571428,0.9238095238095237,0.017215146549198746,0.021523551913058173,40.41207622290755,60.35947254676244,0.015894527188880597,0.019866709143466225,0.006788806009727964,0.00475312417744379,0.07170749819575577,79.173840380613,11.936066221615336,0.02990816769,output/validation_checks/track2_familywise_onnx_report/wave4_3_mixture_density_k2/2026-07-15-09-53-26__track2_wave4_3_mixture_density_k2_familywise_onnx_report/collages/polished_dataset__setpoints/forward_12_curve_collage.png,models/polished_dataset/setpoints/exported/wave4_3_mixture_density_k2/forward/2026-07-15-02-19-32__te_wave4_3_mixture_density_k2_fw__polished_setpoints/onnx/model.onnx,models/polished_dataset/setpoints/exported/wave4_3_mixture_density_k2/forward/2026-07-15-02-19-32__te_wave4_3_mixture_density_k2_fw__polished_setpoints/python/curve_aware_harmonic_residual_offset_probe-epoch=101-val_mae=0.00184963.ckpt
polished_dataset__setpoints,forward,wave4_3_mixture_density_k3,0.8571428571428571,0.9714285714285714,0.9714285714285714,0.9142857142857143,0.9333333333333332,0.020326123807460426,0.02538464324371362,47.445923495438585,68.89826554913175,0.019723965155843983,0.0246964484721079,0.004816266341179182,0.004207221010855709,0.09968898571067257,82.69569761349,11.292063414728528,0.033687462206,output/validation_checks/track2_familywise_onnx_report/wave4_3_mixture_density_k3/2026-07-15-17-24-28__track2_wave4_3_mixture_density_k3_familywise_onnx_report/collages/polished_dataset__setpoints/forward_12_curve_collage.png,models/polished_dataset/setpoints/exported/wave4_3_mixture_density_k3/forward/2026-07-15-12-21-49__te_wave4_3_mixture_density_k3_fw__polished_setpoints/onnx/model.onnx,models/polished_dataset/setpoints/exported/wave4_3_mixture_density_k3/forward/2026-07-15-12-21-49__te_wave4_3_mixture_density_k3_fw__polished_setpoints/python/curve_aware_harmonic_residual_offset_probe-epoch=140-val_mae=0.00184649.ckpt
polished_dataset__setpoints,forward,wave4_2_gaussian_nll,0.9,1.0,1.0,1.0,1.0,0.08440458036068836,0.10409586768771784,196.5552684474448,267.08038216659884,0.0811613932697128,0.1007701040148748,0.021862118179563076,0.02039482416496201,0.4810149586919579,314.160297036681,38.31559448559596,0.126406385522,output/validation_checks/track2_familywise_onnx_report/wave4_2_gaussian_nll/2026-07-15-00-50-22__track2_wave4_2_gaussian_nll_familywise_onnx_report/collages/polished_dataset__setpoints/forward_12_curve_collage.png,models/polished_dataset/setpoints/exported/wave4_2_gaussian_nll/forward/2026-07-14-19-42-55__te_wave4_2_gaussian_nll_fw__polished_setpoints/onnx/model.onnx,models/polished_dataset/setpoints/exported/wave4_2_gaussian_nll/forward/2026-07-14-19-42-55__te_wave4_2_gaussian_nll_fw__polished_setpoints/python/curve_aware_harmonic_residual_offset_probe-epoch=001-val_mae=0.08819758.ckpt
