W0428 01:02:22.904000 2944 site-packages\torch\utils\flop_counter.py:29] triton not found; flop counting will not work for triton kernels
[INFO] Loading original-dataset exact config | R:\config\paper_reimplementation\rcim_ml_compensation\original_dataset_exact_model_bank\campaigns\track1\exact_paper\forward_final_open_cells\gbm\2026-04-28_track1_forward_gbm_ampl_h162_final_open_cells\001_track1_forward_gbm_ampl_h162_final_open_cells_attempt_01.yaml
[INFO] Building original-dataset exact bundle
[INFO] Original-dataset exact bundle ready | direction=forward rows=969 targets=1 families=1
[INFO] Family fit started | family=GBM estimator=GradientBoostingRegressor targets=1 threadpool_limit=1 joblib_cpu_limit=system_default os_cpu_count=32
[INFO] Family target scope | family=GBM kinds=ampl harmonics=162 preview=fft_y_Fw_filtered_ampl_162
[INFO] Grid search configured | family=GBM candidates=500 parameter_count=5 n_jobs=-1 verbose=2 pre_dispatch=2*n_jobs
W0428 01:03:06.075000 18056 site-packages\torch\utils\flop_counter.py:29] triton not found; flop counting will not work for triton kernels
W0428 01:03:06.111000 13416 site-packages\torch\utils\flop_counter.py:29] triton not found; flop counting will not work for triton kernels
W0428 01:03:06.213000 36912 site-packages\torch\utils\flop_counter.py:29] triton not found; flop counting will not work for triton kernels
W0428 01:03:06.264000 29884 site-packages\torch\utils\flop_counter.py:29] triton not found; flop counting will not work for triton kernels
W0428 01:03:06.403000 8476 site-packages\torch\utils\flop_counter.py:29] triton not found; flop counting will not work for triton kernels
W0428 01:03:06.552000 23156 site-packages\torch\utils\flop_counter.py:29] triton not found; flop counting will not work for triton kernels
W0428 01:03:06.555000 46068 site-packages\torch\utils\flop_counter.py:29] triton not found; flop counting will not work for triton kernels
W0428 01:03:06.569000 27892 site-packages\torch\utils\flop_counter.py:29] triton not found; flop counting will not work for triton kernels
W0428 01:03:06.635000 24780 site-packages\torch\utils\flop_counter.py:29] triton not found; flop counting will not work for triton kernels
W0428 01:03:06.655000 6464 site-packages\torch\utils\flop_counter.py:29] triton not found; flop counting will not work for triton kernels
W0428 01:03:06.737000 17840 site-packages\torch\utils\flop_counter.py:29] triton not found; flop counting will not work for triton kernels
W0428 01:03:06.803000 26768 site-packages\torch\utils\flop_counter.py:29] triton not found; flop counting will not work for triton kernels
W0428 01:03:06.876000 1312 site-packages\torch\utils\flop_counter.py:29] triton not found; flop counting will not work for triton kernels
W0428 01:03:07.232000 27852 site-packages\torch\utils\flop_counter.py:29] triton not found; flop counting will not work for triton kernels
W0428 01:03:07.234000 40720 site-packages\torch\utils\flop_counter.py:29] triton not found; flop counting will not work for triton kernels
W0428 01:03:07.234000 41208 site-packages\torch\utils\flop_counter.py:29] triton not found; flop counting will not work for triton kernels
W0428 01:03:07.252000 42656 site-packages\torch\utils\flop_counter.py:29] triton not found; flop counting will not work for triton kernels
W0428 01:03:07.334000 40648 site-packages\torch\utils\flop_counter.py:29] triton not found; flop counting will not work for triton kernels
W0428 01:03:07.401000 33876 site-packages\torch\utils\flop_counter.py:29] triton not found; flop counting will not work for triton kernels
W0428 01:03:07.401000 30096 site-packages\torch\utils\flop_counter.py:29] triton not found; flop counting will not work for triton kernels
W0428 01:03:07.418000 17232 site-packages\torch\utils\flop_counter.py:29] triton not found; flop counting will not work for triton kernels
W0428 01:03:07.420000 30204 site-packages\torch\utils\flop_counter.py:29] triton not found; flop counting will not work for triton kernels
W0428 01:03:07.441000 1072 site-packages\torch\utils\flop_counter.py:29] triton not found; flop counting will not work for triton kernels
W0428 01:03:07.443000 38964 site-packages\torch\utils\flop_counter.py:29] triton not found; flop counting will not work for triton kernels
W0428 01:03:07.443000 40052 site-packages\torch\utils\flop_counter.py:29] triton not found; flop counting will not work for triton kernels
W0428 01:03:07.447000 41924 site-packages\torch\utils\flop_counter.py:29] triton not found; flop counting will not work for triton kernels
W0428 01:03:07.451000 45664 site-packages\torch\utils\flop_counter.py:29] triton not found; flop counting will not work for triton kernels
W0428 01:03:07.457000 10992 site-packages\torch\utils\flop_counter.py:29] triton not found; flop counting will not work for triton kernels
W0428 01:03:07.459000 45036 site-packages\torch\utils\flop_counter.py:29] triton not found; flop counting will not work for triton kernels
W0428 01:03:07.463000 32168 site-packages\torch\utils\flop_counter.py:29] triton not found; flop counting will not work for triton kernels
W0428 01:03:07.470000 40580 site-packages\torch\utils\flop_counter.py:29] triton not found; flop counting will not work for triton kernels
W0428 01:03:07.476000 4052 site-packages\torch\utils\flop_counter.py:29] triton not found; flop counting will not work for triton kernels
[CV] END estimator__criterion=squared_error, estimator__learning_rate=0.001, estimator__max_depth=14, estimator__min_samples_split=10, estimator__n_estimators=20; total time=   0.0s
[CV] END estimator__criterion=squared_error, estimator__learning_rate=0.001, estimator__max_depth=14, estimator__min_samples_split=12, estimator__n_estimators=36; total time=   0.0s
[CV] END estimator__criterion=squared_error, estimator__learning_rate=0.001, estimator__max_depth=14, estimator__min_samples_split=12, estimator__n_estimators=52; total time=   0.0s
[CV] END estimator__criterion=squared_error, estimator__learning_rate=0.001, estimator__max_depth=14, estimator__min_samples_split=12, estimator__n_estimators=52; total time=   0.0s
[CV] END estimator__criterion=squared_error, estimator__learning_rate=0.001, estimator__max_depth=14, estimator__min_samples_split=12, estimator__n_estimators=68; total time=   0.0s
[CV] END estimator__criterion=squared_error, estimator__learning_rate=0.001, estimator__max_depth=14, estimator__min_samples_split=12, estimator__n_estimators=68; total time=   0.0s
[CV] END estimator__criterion=squared_error, estimator__learning_rate=0.001, estimator__max_depth=14, estimator__min_samples_split=12, estimator__n_estimators=84; total time=   0.0s
[CV] END estimator__criterion=squared_error, estimator__learning_rate=0.001, estimator__max_depth=14, estimator__min_samples_split=14, estimator__n_estimators=20; total time=   0.0s
[CV] END estimator__criterion=squared_error, estimator__learning_rate=0.001, estimator__max_depth=14, estimator__min_samples_split=14, estimator__n_estimators=36; total time=   0.0s
[CV] END estimator__criterion=squared_error, estimator__learning_rate=0.001, estimator__max_depth=14, estimator__min_samples_split=14, estimator__n_estimators=52; total time=   0.0s
[CV] END estimator__criterion=squared_error, estimator__learning_rate=0.001, estimator__max_depth=14, estimator__min_samples_split=14, estimator__n_estimators=68; total time=   0.0s
[CV] END estimator__criterion=squared_error, estimator__learning_rate=0.001, estimator__max_depth=14, estimator__min_samples_split=14, estimator__n_estimators=84; total time=   0.0s
[CV] END estimator__criterion=squared_error, estimator__learning_rate=0.001, estimator__max_depth=14, estimator__min_samples_split=16, estimator__n_estimators=20; total time=   0.0s
[CV] END estimator__criterion=squared_error, estimator__learning_rate=0.001, estimator__max_depth=14, estimator__min_samples_split=16, estimator__n_estimators=36; total time=   0.0s
[CV] END estimator__criterion=squared_error, estimator__learning_rate=0.001, estimator__max_depth=14, estimator__min_samples_split=16, estimator__n_estimators=68; total time=   0.0s
[CV] END estimator__criterion=squared_error, estimator__learning_rate=0.001, estimator__max_depth=14, estimator__min_samples_split=18, estimator__n_estimators=20; total time=   0.0s
[CV] END estimator__criterion=squared_error, estimator__learning_rate=0.001, estimator__max_depth=14, estimator__min_samples_split=18, estimator__n_estimators=20; total time=   0.0s
[CV] END estimator__criterion=squared_error, estimator__learning_rate=0.001, estimator__max_depth=14, estimator__min_samples_split=18, estimator__n_estimators=52; total time=   0.0s
[CV] END estimator__criterion=squared_error, estimator__learning_rate=0.001, estimator__max_depth=14, estimator__min_samples_split=18, estimator__n_estimators=84; total time=   0.0s
[CV] END estimator__criterion=squared_error, estimator__learning_rate=0.001, estimator__max_depth=15, estimator__min_samples_split=10, estimator__n_estimators=52; total time=   0.0s
[CV] END estimator__criterion=squared_error, estimator__learning_rate=0.001, estimator__max_depth=15, estimator__min_samples_split=12, estimator__n_estimators=20; total time=   0.0s
[CV] END estimator__criterion=squared_error, estimator__learning_rate=0.001, estimator__max_depth=15, estimator__min_samples_split=12, estimator__n_estimators=36; total time=   0.0s
[CV] END estimator__criterion=squared_error, estimator__learning_rate=0.001, estimator__max_depth=15, estimator__min_samples_split=12, estimator__n_estimators=84; total time=   0.0s
[CV] END estimator__criterion=squared_error, estimator__learning_rate=0.001, estimator__max_depth=15, estimator__min_samples_split=14, estimator__n_estimators=52; total time=   0.0s
[CV] END estimator__criterion=squared_error, estimator__learning_rate=0.001, estimator__max_depth=15, estimator__min_samples_split=16, estimator__n_estimators=52; total time=   0.0s
[CV] END estimator__criterion=squared_error, estimator__learning_rate=0.001, estimator__max_depth=15, estimator__min_samples_split=16, estimator__n_estimators=52; total time=   0.0s
[CV] END estimator__criterion=squared_error, estimator__learning_rate=0.001, estimator__max_depth=15, estimator__min_samples_split=18, estimator__n_estimators=36; total time=   0.0s
[CV] END estimator__criterion=squared_error, estimator__learning_rate=0.001, estimator__max_depth=15, estimator__min_samples_split=18, estimator__n_estimators=52; total time=   0.0s
[CV] END estimator__criterion=squared_error, estimator__learning_rate=0.001, estimator__max_depth=16, estimator__min_samples_split=10, estimator__n_estimators=84; total time=   0.0s
[CV] END estimator__criterion=squared_error, estimator__learning_rate=0.001, estimator__max_depth=16, estimator__min_samples_split=10, estimator__n_estimators=84; total time=   0.0s
[CV] END estimator__criterion=squared_error, estimator__learning_rate=0.001, estimator__max_depth=16, estimator__min_samples_split=16, estimator__n_estimators=20; total time=   0.0s
[CV] END estimator__criterion=squared_error, estimator__learning_rate=0.001, estimator__max_depth=16, estimator__min_samples_split=16, estimator__n_estimators=20; total time=   0.0s
[CV] END estimator__criterion=squared_error, estimator__learning_rate=0.001, estimator__max_depth=16, estimator__min_samples_split=16, estimator__n_estimators=36; total time=   0.0s
[CV] END estimator__criterion=squared_error, estimator__learning_rate=0.001, estimator__max_depth=16, estimator__min_samples_split=16, estimator__n_estimators=36; total time=   0.0s
[CV] END estimator__criterion=squared_error, estimator__learning_rate=0.001, estimator__max_depth=17, estimator__min_samples_split=14, estimator__n_estimators=52; total time=   0.0s
[CV] END estimator__criterion=squared_error, estimator__learning_rate=0.001, estimator__max_depth=17, estimator__min_samples_split=14, estimator__n_estimators=52; total time=   0.0s
[CV] END estimator__criterion=squared_error, estimator__learning_rate=0.001, estimator__max_depth=17, estimator__min_samples_split=14, estimator__n_estimators=52; total time=   0.0s
[CV] END estimator__criterion=squared_error, estimator__learning_rate=0.001, estimator__max_depth=17, estimator__min_samples_split=14, estimator__n_estimators=52; total time=   0.0s
[CV] END estimator__criterion=squared_error, estimator__learning_rate=0.001, estimator__max_depth=18, estimator__min_samples_split=14, estimator__n_estimators=20; total time=   0.0s
[CV] END estimator__criterion=squared_error, estimator__learning_rate=0.001, estimator__max_depth=18, estimator__min_samples_split=14, estimator__n_estimators=20; total time=   0.0s
[CV] END estimator__criterion=squared_error, estimator__learning_rate=0.001, estimator__max_depth=18, estimator__min_samples_split=14, estimator__n_estimators=20; total time=   0.0s
[CV] END estimator__criterion=squared_error, estimator__learning_rate=0.001, estimator__max_depth=18, estimator__min_samples_split=14, estimator__n_estimators=36; total time=   0.0s
[CV] END estimator__criterion=squared_error, estimator__learning_rate=0.001, estimator__max_depth=18, estimator__min_samples_split=18, estimator__n_estimators=84; total time=   0.0s
[CV] END estimator__criterion=squared_error, estimator__learning_rate=0.01, estimator__max_depth=14, estimator__min_samples_split=10, estimator__n_estimators=20; total time=   0.0s
[CV] END estimator__criterion=squared_error, estimator__learning_rate=0.01, estimator__max_depth=14, estimator__min_samples_split=10, estimator__n_estimators=20; total time=   0.0s[CV] END estimator__criterion=squared_error, estimator__learning_rate=0.001, estimator__max_depth=14, estimator__min_samples_split=10, estimator__n_estimators=20; total time=   0.0s
[CV] END estimator__criterion=squared_error, estimator__learning_rate=0.001, estimator__max_depth=14, estimator__min_samples_split=12, estimator__n_estimators=36; total time=   0.0s
[CV] END estimator__criterion=squared_error, estimator__learning_rate=0.001, estimator__max_depth=14, estimator__min_samples_split=12, estimator__n_estimators=36; total time=   0.0s
[CV] END estimator__criterion=squared_error, estimator__learning_rate=0.001, estimator__max_depth=14, estimator__min_samples_split=12, estimator__n_estimators=52; total time=   0.0s
[CV] END estimator__criterion=squared_error, estimator__learning_rate=0.001, estimator__max_depth=14, estimator__min_samples_split=12, estimator__n_estimators=52; total time=   0.0s
[CV] END estimator__criterion=squared_error, estimator__learning_rate=0.001, estimator__max_depth=14, estimator__min_samples_split=12, estimator__n_estimators=68; total time=   0.0s
[CV] END estimator__criterion=squared_error, estimator__learning_rate=0.001, estimator__max_depth=14, estimator__min_samples_split=12, estimator__n_estimators=84; total time=   0.0s
[CV] END estimator__criterion=squared_error, estimator__learning_rate=0.001, estimator__max_depth=14, estimator__min_samples_split=12, estimator__n_estimators=84; total time=   0.0s
[CV] END estimator__criterion=squared_error, estimator__learning_rate=0.001, estimator__max_depth=14, estimator__min_samples_split=14, estimator__n_estimators=36; total time=   0.0s
[CV] END estimator__criterion=squared_error, estimator__learning_rate=0.001, estimator__max_depth=14, estimator__min_samples_split=14, estimator__n_estimators=52; total time=   0.0s
[CV] END estimator__criterion=squared_error, estimator__learning_rate=0.001, estimator__max_depth=14, estimator__min_samples_split=14, estimator__n_estimators=68; total time=   0.0s
[CV] END estimator__criterion=squared_error, estimator__learning_rate=0.001, estimator__max_depth=14, estimator__min_samples_split=14, estimator__n_estimators=84; total time=   0.0s
[CV] END estimator__criterion=squared_error, estimator__learning_rate=0.001, estimator__max_depth=14, estimator__min_samples_split=16, estimator__n_estimators=52; total time=   0.0s
[CV] END estimator__criterion=squared_error, estimator__learning_rate=0.001, estimator__max_depth=14, estimator__min_samples_split=16, estimator__n_estimators=84; total time=   0.0s
[CV] END estimator__criterion=squared_error, estimator__learning_rate=0.001, estimator__max_depth=14, estimator__min_samples_split=18, estimator__n_estimators=52; total time=   0.0s
[CV] END estimator__criterion=squared_error, estimator__learning_rate=0.001, estimator__max_depth=14, estimator__min_samples_split=18, estimator__n_estimators=84; total time=   0.0s
[CV] END estimator__criterion=squared_error, estimator__learning_rate=0.001, estimator__max_depth=15, estimator__min_samples_split=10, estimator__n_estimators=68; total time=   0.0s
[CV] END estimator__criterion=squared_error, estimator__learning_rate=0.001, estimator__max_depth=15, estimator__min_samples_split=12, estimator__n_estimators=36; total time=   0.0s
[CV] END estimator__criterion=squared_error, estimator__learning_rate=0.001, estimator__max_depth=15, estimator__min_samples_split=12, estimator__n_estimators=68; total time=   0.0s
[CV] END estimator__criterion=squared_error, estimator__learning_rate=0.001, estimator__max_depth=15, estimator__min_samples_split=14, estimator__n_estimators=36; total time=   0.0s
[CV] END estimator__criterion=squared_error, estimator__learning_rate=0.001, estimator__max_depth=15, estimator__min_samples_split=14, estimator__n_estimators=68; total time=   0.0s
[CV] END estimator__criterion=squared_error, estimator__learning_rate=0.001, estimator__max_depth=15, estimator__min_samples_split=14, estimator__n_estimators=84; total time=   0.0s
[CV] END estimator__criterion=squared_error, estimator__learning_rate=0.001, estimator__max_depth=15, estimator__min_samples_split=18, estimator__n_estimators=52; total time=   0.0s
[CV] END estimator__criterion=squared_error, estimator__learning_rate=0.001, estimator__max_depth=15, estimator__min_samples_split=18, estimator__n_estimators=52; total time=   0.0s
[CV] END estimator__criterion=squared_error, estimator__learning_rate=0.001, estimator__max_depth=16, estimator__min_samples_split=12, estimator__n_estimators=20; total time=   0.0s
[CV] END estimator__criterion=squared_error, estimator__learning_rate=0.001, estimator__max_depth=16, estimator__min_samples_split=12, estimator__n_estimators=20; total time=   0.0s
[CV] END estimator__criterion=squared_error, estimator__learning_rate=0.001, estimator__max_depth=16, estimator__min_samples_split=12, estimator__n_estimators=52; total time=   0.0s
[CV] END estimator__criterion=squared_error, estimator__learning_rate=0.001, estimator__max_depth=16, estimator__min_samples_split=12, estimator__n_estimators=52; total time=   0.0s
[CV] END estimator__criterion=squared_error, estimator__learning_rate=0.001, estimator__max_depth=16, estimator__min_samples_split=14, estimator__n_estimators=84; total time=   0.0s
[CV] END estimator__criterion=squared_error, estimator__learning_rate=0.001, estimator__max_depth=16, estimator__min_samples_split=16, estimator__n_estimators=20; total time=   0.0s
[CV] END estimator__criterion=squared_error, estimator__learning_rate=0.001, estimator__max_depth=16, estimator__min_samples_split=16, estimator__n_estimators=20; total time=   0.0s
[CV] END estimator__criterion=squared_error, estimator__learning_rate=0.001, estimator__max_depth=16, estimator__min_samples_split=16, estimator__n_estimators=20; total time=   0.0s
[CV] END estimator__criterion=squared_error, estimator__learning_rate=0.001, estimator__max_depth=17, estimator__min_samples_split=16, estimator__n_estimators=20; total time=   0.0s
[CV] END estimator__criterion=squared_error, estimator__learning_rate=0.001, estimator__max_depth=17, estimator__min_samples_split=16, estimator__n_estimators=20; total time=   0.0s
[CV] END estimator__criterion=squared_error, estimator__learning_rate=0.001, estimator__max_depth=17, estimator__min_samples_split=16, estimator__n_estimators=20; total time=   0.0s
[CV] END estimator__criterion=squared_error, estimator__learning_rate=0.001, estimator__max_depth=17, estimator__min_samples_split=16, estimator__n_estimators=36; total time=   0.0s
[CV] END estimator__criterion=squared_error, estimator__learning_rate=0.001, estimator__max_depth=18, estimator__min_samples_split=10, estimator__n_estimators=52; total time=   0.0s
[CV] END estimator__criterion=squared_error, estimator__learning_rate=0.001, estimator__max_depth=18, estimator__min_samples_split=10, estimator__n_estimators=52; total time=   0.0s
[CV] END estimator__criterion=squared_error, estimator__learning_rate=0.001, estimator__max_depth=18, estimator__min_samples_split=10, estimator__n_estimators=52; total time=   0.0s
[CV] END estimator__criterion=squared_error, estimator__learning_rate=0.001, estimator__max_depth=18, estimator__min_samples_split=10, estimator__n_estimators=68; total time=   0.0s
[CV] END estimator__criterion=squared_error, estimator__learning_rate=0.01, estimator__max_depth=14, estimator__min_samples_split=14, estimator__n_estimators=20; total time=   0.0s
[CV] END estimator__criterion=squared_error, estimator__learning_rate=0.01, estimator__max_depth=14, estimator__min_samples_split=14, estimator__n_estimators=20; total time=   0.0s
[CV] END estimator__criterion=squared_error, estimator__learning_rate=0.01, estimator__max_depth=14, estimator__min_samples_split=14, estimator__n_estimators=20; total time=   0.0s
[CV] END estimator__criterion=squared_error, estimator__learning_rate=0.01, estimator__max_depth=14, estimator__min_samples_split=14, estimator__n_estimators=20; total time=   0.0s
[CV] END estimator__criterion=squared_error, estimator__learning_rate=0.01, estimator__max_depth=14, estimator__min_samples_split=18, estimator__n_estimators=36; total time=   0.0s[CV] END estimator__criterion=squared_error, estimator__learning_rate=0.001, estimator__max_depth=14, estimator__min_samples_split=10, estimator__n_estimators=20; total time=   0.0s
[CV] END estimator__criterion=squared_error, estimator__learning_rate=0.001, estimator__max_depth=14, estimator__min_samples_split=12, estimator__n_estimators=52; total time=   0.0s
[CV] END estimator__criterion=squared_error, estimator__learning_rate=0.001, estimator__max_depth=14, estimator__min_samples_split=12, estimator__n_estimators=68; total time=   0.0s
[CV] END estimator__criterion=squared_error, estimator__learning_rate=0.001, estimator__max_depth=14, estimator__min_samples_split=12, estimator__n_estimators=84; total time=   0.0s
[CV] END estimator__criterion=squared_error, estimator__learning_rate=0.001, estimator__max_depth=14, estimator__min_samples_split=14, estimator__n_estimators=20; total time=   0.0s
[CV] END estimator__criterion=squared_error, estimator__learning_rate=0.001, estimator__max_depth=14, estimator__min_samples_split=14, estimator__n_estimators=20; total time=   0.0s
[CV] END estimator__criterion=squared_error, estimator__learning_rate=0.001, estimator__max_depth=14, estimator__min_samples_split=14, estimator__n_estimators=36; total time=   0.0s
[CV] END estimator__criterion=squared_error, estimator__learning_rate=0.001, estimator__max_depth=14, estimator__min_samples_split=14, estimator__n_estimators=52; total time=   0.0s
[CV] END estimator__criterion=squared_error, estimator__learning_rate=0.001, estimator__max_depth=14, estimator__min_samples_split=14, estimator__n_estimators=68; total time=   0.0s
[CV] END estimator__criterion=squared_error, estimator__learning_rate=0.001, estimator__max_depth=14, estimator__min_samples_split=14, estimator__n_estimators=84; total time=   0.0s
[CV] END estimator__criterion=squared_error, estimator__learning_rate=0.001, estimator__max_depth=14, estimator__min_samples_split=16, estimator__n_estimators=36; total time=   0.0s
[CV] END estimator__criterion=squared_error, estimator__learning_rate=0.001, estimator__max_depth=14, estimator__min_samples_split=16, estimator__n_estimators=68; total time=   0.0s
[CV] END estimator__criterion=squared_error, estimator__learning_rate=0.001, estimator__max_depth=14, estimator__min_samples_split=18, estimator__n_estimators=20; total time=   0.0s
[CV] END estimator__criterion=squared_error, estimator__learning_rate=0.001, estimator__max_depth=14, estimator__min_samples_split=18, estimator__n_estimators=36; total time=   0.0s
[CV] END estimator__criterion=squared_error, estimator__learning_rate=0.001, estimator__max_depth=14, estimator__min_samples_split=18, estimator__n_estimators=68; total time=   0.0s
[CV] END estimator__criterion=squared_error, estimator__learning_rate=0.001, estimator__max_depth=15, estimator__min_samples_split=10, estimator__n_estimators=36; total time=   0.0s
[CV] END estimator__criterion=squared_error, estimator__learning_rate=0.001, estimator__max_depth=15, estimator__min_samples_split=10, estimator__n_estimators=68; total time=   0.0s
[CV] END estimator__criterion=squared_error, estimator__learning_rate=0.001, estimator__max_depth=15, estimator__min_samples_split=12, estimator__n_estimators=52; total time=   0.0s
[CV] END estimator__criterion=squared_error, estimator__learning_rate=0.001, estimator__max_depth=15, estimator__min_samples_split=12, estimator__n_estimators=84; total time=   0.0s
[CV] END estimator__criterion=squared_error, estimator__learning_rate=0.001, estimator__max_depth=15, estimator__min_samples_split=16, estimator__n_estimators=20; total time=   0.0s
[CV] END estimator__criterion=squared_error, estimator__learning_rate=0.001, estimator__max_depth=15, estimator__min_samples_split=16, estimator__n_estimators=20; total time=   0.0s
[CV] END estimator__criterion=squared_error, estimator__learning_rate=0.001, estimator__max_depth=15, estimator__min_samples_split=16, estimator__n_estimators=68; total time=   0.0s
[CV] END estimator__criterion=squared_error, estimator__learning_rate=0.001, estimator__max_depth=15, estimator__min_samples_split=16, estimator__n_estimators=68; total time=   0.0s
[CV] END estimator__criterion=squared_error, estimator__learning_rate=0.001, estimator__max_depth=16, estimator__min_samples_split=10, estimator__n_estimators=36; total time=   0.0s
[CV] END estimator__criterion=squared_error, estimator__learning_rate=0.001, estimator__max_depth=16, estimator__min_samples_split=10, estimator__n_estimators=36; total time=   0.0s
[CV] END estimator__criterion=squared_error, estimator__learning_rate=0.001, estimator__max_depth=16, estimator__min_samples_split=12, estimator__n_estimators=52; total time=   0.0s
[CV] END estimator__criterion=squared_error, estimator__learning_rate=0.001, estimator__max_depth=16, estimator__min_samples_split=12, estimator__n_estimators=52; total time=   0.0s
[CV] END estimator__criterion=squared_error, estimator__learning_rate=0.001, estimator__max_depth=16, estimator__min_samples_split=16, estimator__n_estimators=36; total time=   0.0s
[CV] END estimator__criterion=squared_error, estimator__learning_rate=0.001, estimator__max_depth=16, estimator__min_samples_split=16, estimator__n_estimators=36; total time=   0.0s
[CV] END estimator__criterion=squared_error, estimator__learning_rate=0.001, estimator__max_depth=16, estimator__min_samples_split=16, estimator__n_estimators=36; total time=   0.0s
[CV] END estimator__criterion=squared_error, estimator__learning_rate=0.001, estimator__max_depth=16, estimator__min_samples_split=16, estimator__n_estimators=52; total time=   0.0s
[CV] END estimator__criterion=squared_error, estimator__learning_rate=0.001, estimator__max_depth=17, estimator__min_samples_split=16, estimator__n_estimators=52; total time=   0.0s
[CV] END estimator__criterion=squared_error, estimator__learning_rate=0.001, estimator__max_depth=17, estimator__min_samples_split=16, estimator__n_estimators=68; total time=   0.0s
[CV] END estimator__criterion=squared_error, estimator__learning_rate=0.001, estimator__max_depth=17, estimator__min_samples_split=16, estimator__n_estimators=68; total time=   0.0s
[CV] END estimator__criterion=squared_error, estimator__learning_rate=0.001, estimator__max_depth=17, estimator__min_samples_split=16, estimator__n_estimators=68; total time=   0.0s
[CV] END estimator__criterion=squared_error, estimator__learning_rate=0.001, estimator__max_depth=18, estimator__min_samples_split=16, estimator__n_estimators=84; total time=   0.0s
[CV] END estimator__criterion=squared_error, estimator__learning_rate=0.001, estimator__max_depth=18, estimator__min_samples_split=16, estimator__n_estimators=84; total time=   0.0s
[CV] END estimator__criterion=squared_error, estimator__learning_rate=0.001, estimator__max_depth=18, estimator__min_samples_split=16, estimator__n_estimators=84; total time=   0.0s
[CV] END estimator__criterion=squared_error, estimator__learning_rate=0.001, estimator__max_depth=18, estimator__min_samples_split=16, estimator__n_estimators=84; total time=   0.0s
[CV] END estimator__criterion=squared_error, estimator__learning_rate=0.01, estimator__max_depth=15, estimator__min_samples_split=12, estimator__n_estimators=36; total time=   0.0s
[CV] END estimator__criterion=squared_error, estimator__learning_rate=0.01, estimator__max_depth=15, estimator__min_samples_split=12, estimator__n_estimators=52; total time=   0.0s
[CV] END estimator__criterion=squared_error, estimator__learning_rate=0.01, estimator__max_depth=15, estimator__min_samples_split=12, estimator__n_estimators=52; total time=   0.0s
[CV] END estimator__criterion=squared_error, estimator__learning_rate=0.01, estimator__max_depth=15, estimator__min_samples_split=12, estimator__n_estimators=52; total time=   0.0s
[CV] END estimator__criterion=squared_error, estimator__learning_rate=0.01, estimator__max_depth=16, estimator__min_samples_split=10, estimator__n_estimators=36; total time=   0.0s
[CV] END estimator__criterion=squared_error, estimator__learning_rate=0.01, estimator__max_depth=16, estimator__min_samples_split=10, estimator__n_estimators=52; total time=   0.0s[CV] END estimator__criterion=squared_error, estimator__learning_rate=0.001, estimator__max_depth=14, estimator__min_samples_split=10, estimator__n_estimators=20; total time=   0.0s
[CV] END estimator__criterion=squared_error, estimator__learning_rate=0.001, estimator__max_depth=14, estimator__min_samples_split=14, estimator__n_estimators=36; total time=   0.0s
[CV] END estimator__criterion=squared_error, estimator__learning_rate=0.001, estimator__max_depth=14, estimator__min_samples_split=14, estimator__n_estimators=52; total time=   0.0s
[CV] END estimator__criterion=squared_error, estimator__learning_rate=0.001, estimator__max_depth=14, estimator__min_samples_split=14, estimator__n_estimators=68; total time=   0.0s
[CV] END estimator__criterion=squared_error, estimator__learning_rate=0.001, estimator__max_depth=14, estimator__min_samples_split=14, estimator__n_estimators=84; total time=   0.0s
[CV] END estimator__criterion=squared_error, estimator__learning_rate=0.001, estimator__max_depth=14, estimator__min_samples_split=16, estimator__n_estimators=52; total time=   0.0s
[CV] END estimator__criterion=squared_error, estimator__learning_rate=0.001, estimator__max_depth=14, estimator__min_samples_split=16, estimator__n_estimators=84; total time=   0.0s
[CV] END estimator__criterion=squared_error, estimator__learning_rate=0.001, estimator__max_depth=14, estimator__min_samples_split=18, estimator__n_estimators=68; total time=   0.0s
[CV] END estimator__criterion=squared_error, estimator__learning_rate=0.001, estimator__max_depth=15, estimator__min_samples_split=10, estimator__n_estimators=36; total time=   0.0s
[CV] END estimator__criterion=squared_error, estimator__learning_rate=0.001, estimator__max_depth=15, estimator__min_samples_split=10, estimator__n_estimators=68; total time=   0.0s
[CV] END estimator__criterion=squared_error, estimator__learning_rate=0.001, estimator__max_depth=15, estimator__min_samples_split=12, estimator__n_estimators=36; total time=   0.0s
[CV] END estimator__criterion=squared_error, estimator__learning_rate=0.001, estimator__max_depth=15, estimator__min_samples_split=12, estimator__n_estimators=68; total time=   0.0s
[CV] END estimator__criterion=squared_error, estimator__learning_rate=0.001, estimator__max_depth=15, estimator__min_samples_split=14, estimator__n_estimators=52; total time=   0.0s
[CV] END estimator__criterion=squared_error, estimator__learning_rate=0.001, estimator__max_depth=15, estimator__min_samples_split=16, estimator__n_estimators=20; total time=   0.0s
[CV] END estimator__criterion=squared_error, estimator__learning_rate=0.001, estimator__max_depth=15, estimator__min_samples_split=16, estimator__n_estimators=36; total time=   0.0s
[CV] END estimator__criterion=squared_error, estimator__learning_rate=0.001, estimator__max_depth=15, estimator__min_samples_split=16, estimator__n_estimators=84; total time=   0.0s
[CV] END estimator__criterion=squared_error, estimator__learning_rate=0.001, estimator__max_depth=15, estimator__min_samples_split=16, estimator__n_estimators=84; total time=   0.0s
[CV] END estimator__criterion=squared_error, estimator__learning_rate=0.001, estimator__max_depth=16, estimator__min_samples_split=10, estimator__n_estimators=84; total time=   0.0s
[CV] END estimator__criterion=squared_error, estimator__learning_rate=0.001, estimator__max_depth=16, estimator__min_samples_split=12, estimator__n_estimators=20; total time=   0.0s
[CV] END estimator__criterion=squared_error, estimator__learning_rate=0.001, estimator__max_depth=16, estimator__min_samples_split=14, estimator__n_estimators=52; total time=   0.0s
[CV] END estimator__criterion=squared_error, estimator__learning_rate=0.001, estimator__max_depth=16, estimator__min_samples_split=14, estimator__n_estimators=52; total time=   0.0s
[CV] END estimator__criterion=squared_error, estimator__learning_rate=0.001, estimator__max_depth=17, estimator__min_samples_split=12, estimator__n_estimators=36; total time=   0.0s
[CV] END estimator__criterion=squared_error, estimator__learning_rate=0.001, estimator__max_depth=17, estimator__min_samples_split=12, estimator__n_estimators=36; total time=   0.0s
[CV] END estimator__criterion=squared_error, estimator__learning_rate=0.001, estimator__max_depth=17, estimator__min_samples_split=12, estimator__n_estimators=52; total time=   0.0s
[CV] END estimator__criterion=squared_error, estimator__learning_rate=0.001, estimator__max_depth=17, estimator__min_samples_split=12, estimator__n_estimators=52; total time=   0.0s
[CV] END estimator__criterion=squared_error, estimator__learning_rate=0.001, estimator__max_depth=18, estimator__min_samples_split=10, estimator__n_estimators=20; total time=   0.0s
[CV] END estimator__criterion=squared_error, estimator__learning_rate=0.001, estimator__max_depth=18, estimator__min_samples_split=10, estimator__n_estimators=20; total time=   0.0s
[CV] END estimator__criterion=squared_error, estimator__learning_rate=0.001, estimator__max_depth=18, estimator__min_samples_split=10, estimator__n_estimators=20; total time=   0.0s
[CV] END estimator__criterion=squared_error, estimator__learning_rate=0.001, estimator__max_depth=18, estimator__min_samples_split=10, estimator__n_estimators=20; total time=   0.0s
[CV] END estimator__criterion=squared_error, estimator__learning_rate=0.001, estimator__max_depth=18, estimator__min_samples_split=16, estimator__n_estimators=36; total time=   0.0s
[CV] END estimator__criterion=squared_error, estimator__learning_rate=0.001, estimator__max_depth=18, estimator__min_samples_split=16, estimator__n_estimators=36; total time=   0.0s
[CV] END estimator__criterion=squared_error, estimator__learning_rate=0.001, estimator__max_depth=18, estimator__min_samples_split=16, estimator__n_estimators=36; total time=   0.0s
[CV] END estimator__criterion=squared_error, estimator__learning_rate=0.001, estimator__max_depth=18, estimator__min_samples_split=16, estimator__n_estimators=36; total time=   0.0s
[CV] END estimator__criterion=squared_error, estimator__learning_rate=0.01, estimator__max_depth=14, estimator__min_samples_split=12, estimator__n_estimators=52; total time=   0.0s
[CV] END estimator__criterion=squared_error, estimator__learning_rate=0.01, estimator__max_depth=14, estimator__min_samples_split=12, estimator__n_estimators=68; total time=   0.0s
[CV] END estimator__criterion=squared_error, estimator__learning_rate=0.01, estimator__max_depth=14, estimator__min_samples_split=12, estimator__n_estimators=68; total time=   0.0s
[CV] END estimator__criterion=squared_error, estimator__learning_rate=0.01, estimator__max_depth=14, estimator__min_samples_split=12, estimator__n_estimators=68; total time=   0.0s
[CV] END estimator__criterion=squared_error, estimator__learning_rate=0.01, estimator__max_depth=15, estimator__min_samples_split=14, estimator__n_estimators=84; total time=   0.0s
[CV] END estimator__criterion=squared_error, estimator__learning_rate=0.01, estimator__max_depth=15, estimator__min_samples_split=16, estimator__n_estimators=20; total time=   0.0s
[CV] END estimator__criterion=squared_error, estimator__learning_rate=0.01, estimator__max_depth=15, estimator__min_samples_split=16, estimator__n_estimators=20; total time=   0.0s
[CV] END estimator__criterion=squared_error, estimator__learning_rate=0.01, estimator__max_depth=15, estimator__min_samples_split=16, estimator__n_estimators=20; total time=   0.0s
[CV] END estimator__criterion=squared_error, estimator__learning_rate=0.01, estimator__max_depth=16, estimator__min_samples_split=14, estimator__n_estimators=20; total time=   0.0s
[CV] END estimator__criterion=squared_error, estimator__learning_rate=0.01, estimator__max_depth=16, estimator__min_samples_split=14, estimator__n_estimators=20; total time=   0.0s
[CV] END estimator__criterion=squared_error, estimator__learning_rate=0.01, estimator__max_depth=16, estimator__min_samples_split=14, estimator__n_estimators=36; total time=   0.0s
[CV] END estimator__criterion=squared_error, estimator__learning_rate=0.01, estimator__max_depth=16, estimator__min_samples_split=14, estimator__n_estimators=36; total time=   0.0s[CV] END estimator__criterion=squared_error, estimator__learning_rate=0.001, estimator__max_depth=14, estimator__min_samples_split=10, estimator__n_estimators=20; total time=   0.0s
[CV] END estimator__criterion=squared_error, estimator__learning_rate=0.001, estimator__max_depth=14, estimator__min_samples_split=12, estimator__n_estimators=68; total time=   0.0s
[CV] END estimator__criterion=squared_error, estimator__learning_rate=0.001, estimator__max_depth=14, estimator__min_samples_split=12, estimator__n_estimators=84; total time=   0.0s
[CV] END estimator__criterion=squared_error, estimator__learning_rate=0.001, estimator__max_depth=14, estimator__min_samples_split=14, estimator__n_estimators=20; total time=   0.0s
[CV] END estimator__criterion=squared_error, estimator__learning_rate=0.001, estimator__max_depth=14, estimator__min_samples_split=14, estimator__n_estimators=20; total time=   0.0s
[CV] END estimator__criterion=squared_error, estimator__learning_rate=0.001, estimator__max_depth=14, estimator__min_samples_split=14, estimator__n_estimators=36; total time=   0.0s
[CV] END estimator__criterion=squared_error, estimator__learning_rate=0.001, estimator__max_depth=14, estimator__min_samples_split=14, estimator__n_estimators=52; total time=   0.0s
[CV] END estimator__criterion=squared_error, estimator__learning_rate=0.001, estimator__max_depth=14, estimator__min_samples_split=14, estimator__n_estimators=68; total time=   0.0s
[CV] END estimator__criterion=squared_error, estimator__learning_rate=0.001, estimator__max_depth=14, estimator__min_samples_split=14, estimator__n_estimators=84; total time=   0.0s
[CV] END estimator__criterion=squared_error, estimator__learning_rate=0.001, estimator__max_depth=14, estimator__min_samples_split=16, estimator__n_estimators=36; total time=   0.0s
[CV] END estimator__criterion=squared_error, estimator__learning_rate=0.001, estimator__max_depth=14, estimator__min_samples_split=16, estimator__n_estimators=68; total time=   0.0s
[CV] END estimator__criterion=squared_error, estimator__learning_rate=0.001, estimator__max_depth=14, estimator__min_samples_split=18, estimator__n_estimators=20; total time=   0.0s
[CV] END estimator__criterion=squared_error, estimator__learning_rate=0.001, estimator__max_depth=14, estimator__min_samples_split=18, estimator__n_estimators=36; total time=   0.0s
[CV] END estimator__criterion=squared_error, estimator__learning_rate=0.001, estimator__max_depth=14, estimator__min_samples_split=18, estimator__n_estimators=68; total time=   0.0s
[CV] END estimator__criterion=squared_error, estimator__learning_rate=0.001, estimator__max_depth=15, estimator__min_samples_split=10, estimator__n_estimators=20; total time=   0.0s
[CV] END estimator__criterion=squared_error, estimator__learning_rate=0.001, estimator__max_depth=15, estimator__min_samples_split=10, estimator__n_estimators=52; total time=   0.0s
[CV] END estimator__criterion=squared_error, estimator__learning_rate=0.001, estimator__max_depth=15, estimator__min_samples_split=10, estimator__n_estimators=84; total time=   0.0s
[CV] END estimator__criterion=squared_error, estimator__learning_rate=0.001, estimator__max_depth=15, estimator__min_samples_split=12, estimator__n_estimators=84; total time=   0.0s
[CV] END estimator__criterion=squared_error, estimator__learning_rate=0.001, estimator__max_depth=15, estimator__min_samples_split=14, estimator__n_estimators=68; total time=   0.0s
[CV] END estimator__criterion=squared_error, estimator__learning_rate=0.001, estimator__max_depth=15, estimator__min_samples_split=16, estimator__n_estimators=68; total time=   0.0s
[CV] END estimator__criterion=squared_error, estimator__learning_rate=0.001, estimator__max_depth=15, estimator__min_samples_split=16, estimator__n_estimators=68; total time=   0.0s
[CV] END estimator__criterion=squared_error, estimator__learning_rate=0.001, estimator__max_depth=16, estimator__min_samples_split=10, estimator__n_estimators=20; total time=   0.0s
[CV] END estimator__criterion=squared_error, estimator__learning_rate=0.001, estimator__max_depth=16, estimator__min_samples_split=10, estimator__n_estimators=36; total time=   0.0s
[CV] END estimator__criterion=squared_error, estimator__learning_rate=0.001, estimator__max_depth=16, estimator__min_samples_split=12, estimator__n_estimators=20; total time=   0.0s
[CV] END estimator__criterion=squared_error, estimator__learning_rate=0.001, estimator__max_depth=16, estimator__min_samples_split=12, estimator__n_estimators=20; total time=   0.0s
[CV] END estimator__criterion=squared_error, estimator__learning_rate=0.001, estimator__max_depth=16, estimator__min_samples_split=12, estimator__n_estimators=84; total time=   0.0s
[CV] END estimator__criterion=squared_error, estimator__learning_rate=0.001, estimator__max_depth=16, estimator__min_samples_split=12, estimator__n_estimators=84; total time=   0.0s
[CV] END estimator__criterion=squared_error, estimator__learning_rate=0.001, estimator__max_depth=17, estimator__min_samples_split=14, estimator__n_estimators=68; total time=   0.0s
[CV] END estimator__criterion=squared_error, estimator__learning_rate=0.001, estimator__max_depth=17, estimator__min_samples_split=14, estimator__n_estimators=84; total time=   0.0s
[CV] END estimator__criterion=squared_error, estimator__learning_rate=0.001, estimator__max_depth=17, estimator__min_samples_split=14, estimator__n_estimators=84; total time=   0.0s
[CV] END estimator__criterion=squared_error, estimator__learning_rate=0.001, estimator__max_depth=17, estimator__min_samples_split=14, estimator__n_estimators=84; total time=   0.0s
[CV] END estimator__criterion=squared_error, estimator__learning_rate=0.01, estimator__max_depth=14, estimator__min_samples_split=10, estimator__n_estimators=52; total time=   0.0s
[CV] END estimator__criterion=squared_error, estimator__learning_rate=0.01, estimator__max_depth=14, estimator__min_samples_split=10, estimator__n_estimators=52; total time=   0.0s
[CV] END estimator__criterion=squared_error, estimator__learning_rate=0.01, estimator__max_depth=14, estimator__min_samples_split=10, estimator__n_estimators=52; total time=   0.0s
[CV] END estimator__criterion=squared_error, estimator__learning_rate=0.01, estimator__max_depth=14, estimator__min_samples_split=10, estimator__n_estimators=52; total time=   0.0s
[CV] END estimator__criterion=squared_error, estimator__learning_rate=0.01, estimator__max_depth=15, estimator__min_samples_split=12, estimator__n_estimators=52; total time=   0.0s
[CV] END estimator__criterion=squared_error, estimator__learning_rate=0.01, estimator__max_depth=15, estimator__min_samples_split=12, estimator__n_estimators=52; total time=   0.0s
[CV] END estimator__criterion=squared_error, estimator__learning_rate=0.01, estimator__max_depth=15, estimator__min_samples_split=12, estimator__n_estimators=68; total time=   0.0s
[CV] END estimator__criterion=squared_error, estimator__learning_rate=0.01, estimator__max_depth=15, estimator__min_samples_split=12, estimator__n_estimators=68; total time=   0.0s
[CV] END estimator__criterion=squared_error, estimator__learning_rate=0.01, estimator__max_depth=16, estimator__min_samples_split=12, estimator__n_estimators=68; total time=   0.0s
[CV] END estimator__criterion=squared_error, estimator__learning_rate=0.01, estimator__max_depth=16, estimator__min_samples_split=12, estimator__n_estimators=68; total time=   0.0s
[CV] END estimator__criterion=squared_error, estimator__learning_rate=0.01, estimator__max_depth=16, estimator__min_samples_split=12, estimator__n_estimators=68; total time=   0.0s
[CV] END estimator__criterion=squared_error, estimator__learning_rate=0.01, estimator__max_depth=16, estimator__min_samples_split=12, estimator__n_estimators=68; total time=   0.0s
[CV] END estimator__criterion=squared_error, estimator__learning_rate=0.01, estimator__max_depth=17, estimator__min_samples_split=16, estimator__n_estimators=52; total time=   0.0s
[CV] END estimator__criterion=squared_error, estimator__learning_rate=0.01, estimator__max_depth=17, estimator__min_samples_split=16, estimator__n_estimators=52; total time=   0.0s[CV] END estimator__criterion=squared_error, estimator__learning_rate=0.001, estimator__max_depth=14, estimator__min_samples_split=10, estimator__n_estimators=52; total time=   0.0s
[CV] END estimator__criterion=squared_error, estimator__learning_rate=0.001, estimator__max_depth=14, estimator__min_samples_split=18, estimator__n_estimators=36; total time=   0.0s
[CV] END estimator__criterion=squared_error, estimator__learning_rate=0.001, estimator__max_depth=14, estimator__min_samples_split=18, estimator__n_estimators=84; total time=   0.0s
[CV] END estimator__criterion=squared_error, estimator__learning_rate=0.001, estimator__max_depth=15, estimator__min_samples_split=10, estimator__n_estimators=52; total time=   0.0s
[CV] END estimator__criterion=squared_error, estimator__learning_rate=0.001, estimator__max_depth=15, estimator__min_samples_split=10, estimator__n_estimators=84; total time=   0.0s
[CV] END estimator__criterion=squared_error, estimator__learning_rate=0.001, estimator__max_depth=15, estimator__min_samples_split=12, estimator__n_estimators=84; total time=   0.0s
[CV] END estimator__criterion=squared_error, estimator__learning_rate=0.001, estimator__max_depth=15, estimator__min_samples_split=14, estimator__n_estimators=52; total time=   0.0s
[CV] END estimator__criterion=squared_error, estimator__learning_rate=0.001, estimator__max_depth=15, estimator__min_samples_split=16, estimator__n_estimators=36; total time=   0.0s
[CV] END estimator__criterion=squared_error, estimator__learning_rate=0.001, estimator__max_depth=15, estimator__min_samples_split=16, estimator__n_estimators=36; total time=   0.0s
[CV] END estimator__criterion=squared_error, estimator__learning_rate=0.001, estimator__max_depth=15, estimator__min_samples_split=18, estimator__n_estimators=20; total time=   0.0s
[CV] END estimator__criterion=squared_error, estimator__learning_rate=0.001, estimator__max_depth=15, estimator__min_samples_split=18, estimator__n_estimators=20; total time=   0.0s
[CV] END estimator__criterion=squared_error, estimator__learning_rate=0.001, estimator__max_depth=15, estimator__min_samples_split=18, estimator__n_estimators=68; total time=   0.0s
[CV] END estimator__criterion=squared_error, estimator__learning_rate=0.001, estimator__max_depth=15, estimator__min_samples_split=18, estimator__n_estimators=68; total time=   0.0s
[CV] END estimator__criterion=squared_error, estimator__learning_rate=0.001, estimator__max_depth=16, estimator__min_samples_split=12, estimator__n_estimators=36; total time=   0.0s
[CV] END estimator__criterion=squared_error, estimator__learning_rate=0.001, estimator__max_depth=16, estimator__min_samples_split=12, estimator__n_estimators=36; total time=   0.0s
[CV] END estimator__criterion=squared_error, estimator__learning_rate=0.001, estimator__max_depth=16, estimator__min_samples_split=14, estimator__n_estimators=20; total time=   0.0s
[CV] END estimator__criterion=squared_error, estimator__learning_rate=0.001, estimator__max_depth=16, estimator__min_samples_split=14, estimator__n_estimators=36; total time=   0.0s
[CV] END estimator__criterion=squared_error, estimator__learning_rate=0.001, estimator__max_depth=16, estimator__min_samples_split=18, estimator__n_estimators=52; total time=   0.0s
[CV] END estimator__criterion=squared_error, estimator__learning_rate=0.001, estimator__max_depth=16, estimator__min_samples_split=18, estimator__n_estimators=68; total time=   0.0s
[CV] END estimator__criterion=squared_error, estimator__learning_rate=0.001, estimator__max_depth=16, estimator__min_samples_split=18, estimator__n_estimators=68; total time=   0.0s
[CV] END estimator__criterion=squared_error, estimator__learning_rate=0.001, estimator__max_depth=16, estimator__min_samples_split=18, estimator__n_estimators=68; total time=   0.0s
[CV] END estimator__criterion=squared_error, estimator__learning_rate=0.001, estimator__max_depth=18, estimator__min_samples_split=10, estimator__n_estimators=20; total time=   0.0s
[CV] END estimator__criterion=squared_error, estimator__learning_rate=0.001, estimator__max_depth=18, estimator__min_samples_split=10, estimator__n_estimators=36; total time=   0.0s
[CV] END estimator__criterion=squared_error, estimator__learning_rate=0.001, estimator__max_depth=18, estimator__min_samples_split=10, estimator__n_estimators=36; total time=   0.0s
[CV] END estimator__criterion=squared_error, estimator__learning_rate=0.001, estimator__max_depth=18, estimator__min_samples_split=10, estimator__n_estimators=36; total time=   0.0s
[CV] END estimator__criterion=squared_error, estimator__learning_rate=0.001, estimator__max_depth=18, estimator__min_samples_split=18, estimator__n_estimators=52; total time=   0.0s
[CV] END estimator__criterion=squared_error, estimator__learning_rate=0.001, estimator__max_depth=18, estimator__min_samples_split=18, estimator__n_estimators=52; total time=   0.0s
[CV] END estimator__criterion=squared_error, estimator__learning_rate=0.001, estimator__max_depth=18, estimator__min_samples_split=18, estimator__n_estimators=52; total time=   0.0s
[CV] END estimator__criterion=squared_error, estimator__learning_rate=0.001, estimator__max_depth=18, estimator__min_samples_split=18, estimator__n_estimators=68; total time=   0.0s
[CV] END estimator__criterion=squared_error, estimator__learning_rate=0.01, estimator__max_depth=15, estimator__min_samples_split=10, estimator__n_estimators=36; total time=   0.0s
[CV] END estimator__criterion=squared_error, estimator__learning_rate=0.01, estimator__max_depth=15, estimator__min_samples_split=10, estimator__n_estimators=36; total time=   0.0s
[CV] END estimator__criterion=squared_error, estimator__learning_rate=0.01, estimator__max_depth=15, estimator__min_samples_split=10, estimator__n_estimators=36; total time=   0.0s
[CV] END estimator__criterion=squared_error, estimator__learning_rate=0.01, estimator__max_depth=15, estimator__min_samples_split=10, estimator__n_estimators=36; total time=   0.0s
[CV] END estimator__criterion=squared_error, estimator__learning_rate=0.01, estimator__max_depth=15, estimator__min_samples_split=18, estimator__n_estimators=36; total time=   0.0s
[CV] END estimator__criterion=squared_error, estimator__learning_rate=0.01, estimator__max_depth=15, estimator__min_samples_split=18, estimator__n_estimators=36; total time=   0.0s
[CV] END estimator__criterion=squared_error, estimator__learning_rate=0.01, estimator__max_depth=15, estimator__min_samples_split=18, estimator__n_estimators=36; total time=   0.0s
[CV] END estimator__criterion=squared_error, estimator__learning_rate=0.01, estimator__max_depth=15, estimator__min_samples_split=18, estimator__n_estimators=36; total time=   0.0s
[CV] END estimator__criterion=squared_error, estimator__learning_rate=0.01, estimator__max_depth=16, estimator__min_samples_split=18, estimator__n_estimators=36; total time=   0.0s
[CV] END estimator__criterion=squared_error, estimator__learning_rate=0.01, estimator__max_depth=16, estimator__min_samples_split=18, estimator__n_estimators=52; total time=   0.0s
[CV] END estimator__criterion=squared_error, estimator__learning_rate=0.01, estimator__max_depth=16, estimator__min_samples_split=18, estimator__n_estimators=52; total time=   0.0s
[CV] END estimator__criterion=squared_error, estimator__learning_rate=0.01, estimator__max_depth=16, estimator__min_samples_split=18, estimator__n_estimators=52; total time=   0.0s
[CV] END estimator__criterion=squared_error, estimator__learning_rate=0.01, estimator__max_depth=17, estimator__min_samples_split=16, estimator__n_estimators=36; total time=   0.0s
[CV] END estimator__criterion=squared_error, estimator__learning_rate=0.01, estimator__max_depth=17, estimator__min_samples_split=16, estimator__n_estimators=52; total time=   0.0s
[CV] END estimator__criterion=squared_error, estimator__learning_rate=0.01, estimator__max_depth=17, estimator__min_samples_split=16, estimator__n_estimators=52; total time=   0.0s
[CV] END estimator__criterion=squared_error, estimator__learning_rate=0.01, estimator__max_depth=17, estimator__min_samples_split=16, estimator__n_estimators=52; total time=   0.0s[CV] END estimator__criterion=squared_error, estimator__learning_rate=0.001, estimator__max_depth=14, estimator__min_samples_split=10, estimator__n_estimators=36; total time=   0.0s
[CV] END estimator__criterion=squared_error, estimator__learning_rate=0.001, estimator__max_depth=14, estimator__min_samples_split=16, estimator__n_estimators=20; total time=   0.0s
[CV] END estimator__criterion=squared_error, estimator__learning_rate=0.001, estimator__max_depth=14, estimator__min_samples_split=16, estimator__n_estimators=36; total time=   0.0s
[CV] END estimator__criterion=squared_error, estimator__learning_rate=0.001, estimator__max_depth=14, estimator__min_samples_split=16, estimator__n_estimators=52; total time=   0.0s
[CV] END estimator__criterion=squared_error, estimator__learning_rate=0.001, estimator__max_depth=14, estimator__min_samples_split=16, estimator__n_estimators=84; total time=   0.0s
[CV] END estimator__criterion=squared_error, estimator__learning_rate=0.001, estimator__max_depth=14, estimator__min_samples_split=18, estimator__n_estimators=52; total time=   0.0s
[CV] END estimator__criterion=squared_error, estimator__learning_rate=0.001, estimator__max_depth=15, estimator__min_samples_split=10, estimator__n_estimators=20; total time=   0.0s
[CV] END estimator__criterion=squared_error, estimator__learning_rate=0.001, estimator__max_depth=15, estimator__min_samples_split=10, estimator__n_estimators=36; total time=   0.0s
[CV] END estimator__criterion=squared_error, estimator__learning_rate=0.001, estimator__max_depth=15, estimator__min_samples_split=10, estimator__n_estimators=84; total time=   0.0s
[CV] END estimator__criterion=squared_error, estimator__learning_rate=0.001, estimator__max_depth=15, estimator__min_samples_split=12, estimator__n_estimators=68; total time=   0.0s
[CV] END estimator__criterion=squared_error, estimator__learning_rate=0.001, estimator__max_depth=15, estimator__min_samples_split=14, estimator__n_estimators=20; total time=   0.0s
[CV] END estimator__criterion=squared_error, estimator__learning_rate=0.001, estimator__max_depth=15, estimator__min_samples_split=14, estimator__n_estimators=52; total time=   0.0s
[CV] END estimator__criterion=squared_error, estimator__learning_rate=0.001, estimator__max_depth=15, estimator__min_samples_split=16, estimator__n_estimators=36; total time=   0.0s
[CV] END estimator__criterion=squared_error, estimator__learning_rate=0.001, estimator__max_depth=15, estimator__min_samples_split=16, estimator__n_estimators=36; total time=   0.0s
[CV] END estimator__criterion=squared_error, estimator__learning_rate=0.001, estimator__max_depth=15, estimator__min_samples_split=16, estimator__n_estimators=84; total time=   0.0s
[CV] END estimator__criterion=squared_error, estimator__learning_rate=0.001, estimator__max_depth=15, estimator__min_samples_split=18, estimator__n_estimators=20; total time=   0.0s
[CV] END estimator__criterion=squared_error, estimator__learning_rate=0.001, estimator__max_depth=16, estimator__min_samples_split=10, estimator__n_estimators=68; total time=   0.0s
[CV] END estimator__criterion=squared_error, estimator__learning_rate=0.001, estimator__max_depth=16, estimator__min_samples_split=10, estimator__n_estimators=68; total time=   0.0s
[CV] END estimator__criterion=squared_error, estimator__learning_rate=0.001, estimator__max_depth=16, estimator__min_samples_split=14, estimator__n_estimators=68; total time=   0.0s
[CV] END estimator__criterion=squared_error, estimator__learning_rate=0.001, estimator__max_depth=16, estimator__min_samples_split=14, estimator__n_estimators=68; total time=   0.0s
[CV] END estimator__criterion=squared_error, estimator__learning_rate=0.001, estimator__max_depth=17, estimator__min_samples_split=16, estimator__n_estimators=36; total time=   0.0s
[CV] END estimator__criterion=squared_error, estimator__learning_rate=0.001, estimator__max_depth=17, estimator__min_samples_split=16, estimator__n_estimators=36; total time=   0.0s
[CV] END estimator__criterion=squared_error, estimator__learning_rate=0.001, estimator__max_depth=17, estimator__min_samples_split=16, estimator__n_estimators=36; total time=   0.0s
[CV] END estimator__criterion=squared_error, estimator__learning_rate=0.001, estimator__max_depth=17, estimator__min_samples_split=16, estimator__n_estimators=36; total time=   0.0s
[CV] END estimator__criterion=squared_error, estimator__learning_rate=0.001, estimator__max_depth=18, estimator__min_samples_split=12, estimator__n_estimators=68; total time=   0.0s
[CV] END estimator__criterion=squared_error, estimator__learning_rate=0.001, estimator__max_depth=18, estimator__min_samples_split=12, estimator__n_estimators=68; total time=   0.0s
[CV] END estimator__criterion=squared_error, estimator__learning_rate=0.001, estimator__max_depth=18, estimator__min_samples_split=12, estimator__n_estimators=68; total time=   0.0s
[CV] END estimator__criterion=squared_error, estimator__learning_rate=0.001, estimator__max_depth=18, estimator__min_samples_split=12, estimator__n_estimators=68; total time=   0.0s
[CV] END estimator__criterion=squared_error, estimator__learning_rate=0.01, estimator__max_depth=14, estimator__min_samples_split=16, estimator__n_estimators=20; total time=   0.0s
[CV] END estimator__criterion=squared_error, estimator__learning_rate=0.01, estimator__max_depth=14, estimator__min_samples_split=16, estimator__n_estimators=20; total time=   0.0s
[CV] END estimator__criterion=squared_error, estimator__learning_rate=0.01, estimator__max_depth=14, estimator__min_samples_split=16, estimator__n_estimators=20; total time=   0.0s
[CV] END estimator__criterion=squared_error, estimator__learning_rate=0.01, estimator__max_depth=14, estimator__min_samples_split=16, estimator__n_estimators=20; total time=   0.0s
[CV] END estimator__criterion=squared_error, estimator__learning_rate=0.01, estimator__max_depth=15, estimator__min_samples_split=10, estimator__n_estimators=68; total time=   0.0s
[CV] END estimator__criterion=squared_error, estimator__learning_rate=0.01, estimator__max_depth=15, estimator__min_samples_split=10, estimator__n_estimators=68; total time=   0.0s
[CV] END estimator__criterion=squared_error, estimator__learning_rate=0.01, estimator__max_depth=15, estimator__min_samples_split=10, estimator__n_estimators=84; total time=   0.0s
[CV] END estimator__criterion=squared_error, estimator__learning_rate=0.01, estimator__max_depth=15, estimator__min_samples_split=10, estimator__n_estimators=84; total time=   0.0s
[CV] END estimator__criterion=squared_error, estimator__learning_rate=0.01, estimator__max_depth=16, estimator__min_samples_split=14, estimator__n_estimators=68; total time=   0.0s
[CV] END estimator__criterion=squared_error, estimator__learning_rate=0.01, estimator__max_depth=16, estimator__min_samples_split=14, estimator__n_estimators=68; total time=   0.0s
[CV] END estimator__criterion=squared_error, estimator__learning_rate=0.01, estimator__max_depth=16, estimator__min_samples_split=14, estimator__n_estimators=68; total time=   0.0s
[CV] END estimator__criterion=squared_error, estimator__learning_rate=0.01, estimator__max_depth=16, estimator__min_samples_split=14, estimator__n_estimators=68; total time=   0.0s
[CV] END estimator__criterion=squared_error, estimator__learning_rate=0.01, estimator__max_depth=17, estimator__min_samples_split=16, estimator__n_estimators=20; total time=   0.0s
[CV] END estimator__criterion=squared_error, estimator__learning_rate=0.01, estimator__max_depth=17, estimator__min_samples_split=16, estimator__n_estimators=20; total time=   0.0s
[CV] END estimator__criterion=squared_error, estimator__learning_rate=0.01, estimator__max_depth=17, estimator__min_samples_split=16, estimator__n_estimators=20; total time=   0.0s
[CV] END estimator__criterion=squared_error, estimator__learning_rate=0.01, estimator__max_depth=17, estimator__min_samples_split=16, estimator__n_estimators=20; total time=   0.0s
[CV] END estimator__criterion=squared_error, estimator__learning_rate=0.01, estimator__max_depth=18, estimator__min_samples_split=10, estimator__n_estimators=84; total time=   0.0s[CV] END estimator__criterion=squared_error, estimator__learning_rate=0.001, estimator__max_depth=14, estimator__min_samples_split=10, estimator__n_estimators=52; total time=   0.0s
[CV] END estimator__criterion=squared_error, estimator__learning_rate=0.001, estimator__max_depth=15, estimator__min_samples_split=10, estimator__n_estimators=20; total time=   0.0s
[CV] END estimator__criterion=squared_error, estimator__learning_rate=0.001, estimator__max_depth=15, estimator__min_samples_split=10, estimator__n_estimators=52; total time=   0.0s
[CV] END estimator__criterion=squared_error, estimator__learning_rate=0.001, estimator__max_depth=15, estimator__min_samples_split=12, estimator__n_estimators=20; total time=   0.0s
[CV] END estimator__criterion=squared_error, estimator__learning_rate=0.001, estimator__max_depth=15, estimator__min_samples_split=12, estimator__n_estimators=20; total time=   0.0s
[CV] END estimator__criterion=squared_error, estimator__learning_rate=0.001, estimator__max_depth=15, estimator__min_samples_split=12, estimator__n_estimators=52; total time=   0.0s
[CV] END estimator__criterion=squared_error, estimator__learning_rate=0.001, estimator__max_depth=15, estimator__min_samples_split=12, estimator__n_estimators=84; total time=   0.0s
[CV] END estimator__criterion=squared_error, estimator__learning_rate=0.001, estimator__max_depth=15, estimator__min_samples_split=16, estimator__n_estimators=20; total time=   0.0s
[CV] END estimator__criterion=squared_error, estimator__learning_rate=0.001, estimator__max_depth=15, estimator__min_samples_split=16, estimator__n_estimators=20; total time=   0.0s
[CV] END estimator__criterion=squared_error, estimator__learning_rate=0.001, estimator__max_depth=15, estimator__min_samples_split=16, estimator__n_estimators=52; total time=   0.0s
[CV] END estimator__criterion=squared_error, estimator__learning_rate=0.001, estimator__max_depth=15, estimator__min_samples_split=16, estimator__n_estimators=68; total time=   0.0s
[CV] END estimator__criterion=squared_error, estimator__learning_rate=0.001, estimator__max_depth=16, estimator__min_samples_split=10, estimator__n_estimators=20; total time=   0.0s
[CV] END estimator__criterion=squared_error, estimator__learning_rate=0.001, estimator__max_depth=16, estimator__min_samples_split=10, estimator__n_estimators=20; total time=   0.0s
[CV] END estimator__criterion=squared_error, estimator__learning_rate=0.001, estimator__max_depth=16, estimator__min_samples_split=10, estimator__n_estimators=68; total time=   0.0s
[CV] END estimator__criterion=squared_error, estimator__learning_rate=0.001, estimator__max_depth=16, estimator__min_samples_split=10, estimator__n_estimators=68; total time=   0.0s
[CV] END estimator__criterion=squared_error, estimator__learning_rate=0.001, estimator__max_depth=16, estimator__min_samples_split=14, estimator__n_estimators=36; total time=   0.0s
[CV] END estimator__criterion=squared_error, estimator__learning_rate=0.001, estimator__max_depth=16, estimator__min_samples_split=14, estimator__n_estimators=36; total time=   0.0s
[CV] END estimator__criterion=squared_error, estimator__learning_rate=0.001, estimator__max_depth=17, estimator__min_samples_split=10, estimator__n_estimators=36; total time=   0.0s
[CV] END estimator__criterion=squared_error, estimator__learning_rate=0.001, estimator__max_depth=17, estimator__min_samples_split=10, estimator__n_estimators=52; total time=   0.0s
[CV] END estimator__criterion=squared_error, estimator__learning_rate=0.001, estimator__max_depth=17, estimator__min_samples_split=10, estimator__n_estimators=52; total time=   0.0s
[CV] END estimator__criterion=squared_error, estimator__learning_rate=0.001, estimator__max_depth=17, estimator__min_samples_split=10, estimator__n_estimators=52; total time=   0.0s
[CV] END estimator__criterion=squared_error, estimator__learning_rate=0.001, estimator__max_depth=18, estimator__min_samples_split=10, estimator__n_estimators=84; total time=   0.0s
[CV] END estimator__criterion=squared_error, estimator__learning_rate=0.001, estimator__max_depth=18, estimator__min_samples_split=10, estimator__n_estimators=84; total time=   0.0s
[CV] END estimator__criterion=squared_error, estimator__learning_rate=0.001, estimator__max_depth=18, estimator__min_samples_split=10, estimator__n_estimators=84; total time=   0.0s
[CV] END estimator__criterion=squared_error, estimator__learning_rate=0.001, estimator__max_depth=18, estimator__min_samples_split=10, estimator__n_estimators=84; total time=   0.0s
[CV] END estimator__criterion=squared_error, estimator__learning_rate=0.01, estimator__max_depth=14, estimator__min_samples_split=16, estimator__n_estimators=84; total time=   0.0s
[CV] END estimator__criterion=squared_error, estimator__learning_rate=0.01, estimator__max_depth=14, estimator__min_samples_split=18, estimator__n_estimators=20; total time=   0.0s
[CV] END estimator__criterion=squared_error, estimator__learning_rate=0.01, estimator__max_depth=14, estimator__min_samples_split=18, estimator__n_estimators=20; total time=   0.0s
[CV] END estimator__criterion=squared_error, estimator__learning_rate=0.01, estimator__max_depth=14, estimator__min_samples_split=18, estimator__n_estimators=20; total time=   0.0s
[CV] END estimator__criterion=squared_error, estimator__learning_rate=0.01, estimator__max_depth=15, estimator__min_samples_split=14, estimator__n_estimators=20; total time=   0.0s
[CV] END estimator__criterion=squared_error, estimator__learning_rate=0.01, estimator__max_depth=15, estimator__min_samples_split=14, estimator__n_estimators=36; total time=   0.0s
[CV] END estimator__criterion=squared_error, estimator__learning_rate=0.01, estimator__max_depth=15, estimator__min_samples_split=14, estimator__n_estimators=36; total time=   0.0s
[CV] END estimator__criterion=squared_error, estimator__learning_rate=0.01, estimator__max_depth=15, estimator__min_samples_split=14, estimator__n_estimators=36; total time=   0.0s
[CV] END estimator__criterion=squared_error, estimator__learning_rate=0.01, estimator__max_depth=16, estimator__min_samples_split=12, estimator__n_estimators=20; total time=   0.0s
[CV] END estimator__criterion=squared_error, estimator__learning_rate=0.01, estimator__max_depth=16, estimator__min_samples_split=12, estimator__n_estimators=20; total time=   0.0s
[CV] END estimator__criterion=squared_error, estimator__learning_rate=0.01, estimator__max_depth=16, estimator__min_samples_split=12, estimator__n_estimators=20; total time=   0.0s
[CV] END estimator__criterion=squared_error, estimator__learning_rate=0.01, estimator__max_depth=16, estimator__min_samples_split=12, estimator__n_estimators=20; total time=   0.0s
[CV] END estimator__criterion=squared_error, estimator__learning_rate=0.01, estimator__max_depth=16, estimator__min_samples_split=16, estimator__n_estimators=84; total time=   0.0s
[CV] END estimator__criterion=squared_error, estimator__learning_rate=0.01, estimator__max_depth=16, estimator__min_samples_split=16, estimator__n_estimators=84; total time=   0.0s
[CV] END estimator__criterion=squared_error, estimator__learning_rate=0.01, estimator__max_depth=16, estimator__min_samples_split=16, estimator__n_estimators=84; total time=   0.0s
[CV] END estimator__criterion=squared_error, estimator__learning_rate=0.01, estimator__max_depth=16, estimator__min_samples_split=18, estimator__n_estimators=20; total time=   0.0s
[CV] END estimator__criterion=squared_error, estimator__learning_rate=0.01, estimator__max_depth=17, estimator__min_samples_split=18, estimator__n_estimators=52; total time=   0.0s
[CV] END estimator__criterion=squared_error, estimator__learning_rate=0.01, estimator__max_depth=17, estimator__min_samples_split=18, estimator__n_estimators=52; total time=   0.0s
[CV] END estimator__criterion=squared_error, estimator__learning_rate=0.01, estimator__max_depth=17, estimator__min_samples_split=18, estimator__n_estimators=52; total time=   0.0s
[CV] END estimator__criterion=squared_error, estimator__learning_rate=0.01, estimator__max_depth=17, estimator__min_samples_split=18, estimator__n_estimators=68; total time=   0.0s[CV] END estimator__criterion=squared_error, estimator__learning_rate=0.001, estimator__max_depth=14, estimator__min_samples_split=10, estimator__n_estimators=68; total time=   0.0s
[CV] END estimator__criterion=squared_error, estimator__learning_rate=0.001, estimator__max_depth=14, estimator__min_samples_split=16, estimator__n_estimators=68; total time=   0.0s
[CV] END estimator__criterion=squared_error, estimator__learning_rate=0.001, estimator__max_depth=14, estimator__min_samples_split=18, estimator__n_estimators=36; total time=   0.0s
[CV] END estimator__criterion=squared_error, estimator__learning_rate=0.001, estimator__max_depth=14, estimator__min_samples_split=18, estimator__n_estimators=52; total time=   0.0s
[CV] END estimator__criterion=squared_error, estimator__learning_rate=0.001, estimator__max_depth=15, estimator__min_samples_split=10, estimator__n_estimators=20; total time=   0.0s
[CV] END estimator__criterion=squared_error, estimator__learning_rate=0.001, estimator__max_depth=15, estimator__min_samples_split=10, estimator__n_estimators=36; total time=   0.0s
[CV] END estimator__criterion=squared_error, estimator__learning_rate=0.001, estimator__max_depth=15, estimator__min_samples_split=10, estimator__n_estimators=84; total time=   0.0s
[CV] END estimator__criterion=squared_error, estimator__learning_rate=0.001, estimator__max_depth=15, estimator__min_samples_split=12, estimator__n_estimators=52; total time=   0.0s
[CV] END estimator__criterion=squared_error, estimator__learning_rate=0.001, estimator__max_depth=15, estimator__min_samples_split=14, estimator__n_estimators=20; total time=   0.0s
[CV] END estimator__criterion=squared_error, estimator__learning_rate=0.001, estimator__max_depth=15, estimator__min_samples_split=14, estimator__n_estimators=20; total time=   0.0s
[CV] END estimator__criterion=squared_error, estimator__learning_rate=0.001, estimator__max_depth=15, estimator__min_samples_split=14, estimator__n_estimators=52; total time=   0.0s
[CV] END estimator__criterion=squared_error, estimator__learning_rate=0.001, estimator__max_depth=15, estimator__min_samples_split=16, estimator__n_estimators=52; total time=   0.0s
[CV] END estimator__criterion=squared_error, estimator__learning_rate=0.001, estimator__max_depth=15, estimator__min_samples_split=16, estimator__n_estimators=52; total time=   0.0s
[CV] END estimator__criterion=squared_error, estimator__learning_rate=0.001, estimator__max_depth=15, estimator__min_samples_split=18, estimator__n_estimators=36; total time=   0.0s
[CV] END estimator__criterion=squared_error, estimator__learning_rate=0.001, estimator__max_depth=15, estimator__min_samples_split=18, estimator__n_estimators=36; total time=   0.0s
[CV] END estimator__criterion=squared_error, estimator__learning_rate=0.001, estimator__max_depth=16, estimator__min_samples_split=10, estimator__n_estimators=52; total time=   0.0s
[CV] END estimator__criterion=squared_error, estimator__learning_rate=0.001, estimator__max_depth=16, estimator__min_samples_split=10, estimator__n_estimators=68; total time=   0.0s
[CV] END estimator__criterion=squared_error, estimator__learning_rate=0.001, estimator__max_depth=16, estimator__min_samples_split=14, estimator__n_estimators=52; total time=   0.0s
[CV] END estimator__criterion=squared_error, estimator__learning_rate=0.001, estimator__max_depth=16, estimator__min_samples_split=14, estimator__n_estimators=52; total time=   0.0s
[CV] END estimator__criterion=squared_error, estimator__learning_rate=0.001, estimator__max_depth=17, estimator__min_samples_split=12, estimator__n_estimators=84; total time=   0.0s
[CV] END estimator__criterion=squared_error, estimator__learning_rate=0.001, estimator__max_depth=17, estimator__min_samples_split=12, estimator__n_estimators=84; total time=   0.0s
[CV] END estimator__criterion=squared_error, estimator__learning_rate=0.001, estimator__max_depth=17, estimator__min_samples_split=12, estimator__n_estimators=84; total time=   0.0s
[CV] END estimator__criterion=squared_error, estimator__learning_rate=0.001, estimator__max_depth=17, estimator__min_samples_split=12, estimator__n_estimators=84; total time=   0.0s
[CV] END estimator__criterion=squared_error, estimator__learning_rate=0.001, estimator__max_depth=18, estimator__min_samples_split=18, estimator__n_estimators=20; total time=   0.0s
[CV] END estimator__criterion=squared_error, estimator__learning_rate=0.001, estimator__max_depth=18, estimator__min_samples_split=18, estimator__n_estimators=36; total time=   0.0s
[CV] END estimator__criterion=squared_error, estimator__learning_rate=0.001, estimator__max_depth=18, estimator__min_samples_split=18, estimator__n_estimators=36; total time=   0.0s
[CV] END estimator__criterion=squared_error, estimator__learning_rate=0.001, estimator__max_depth=18, estimator__min_samples_split=18, estimator__n_estimators=36; total time=   0.0s
[CV] END estimator__criterion=squared_error, estimator__learning_rate=0.01, estimator__max_depth=14, estimator__min_samples_split=14, estimator__n_estimators=68; total time=   0.0s
[CV] END estimator__criterion=squared_error, estimator__learning_rate=0.01, estimator__max_depth=14, estimator__min_samples_split=14, estimator__n_estimators=68; total time=   0.0s
[CV] END estimator__criterion=squared_error, estimator__learning_rate=0.01, estimator__max_depth=14, estimator__min_samples_split=14, estimator__n_estimators=68; total time=   0.0s
[CV] END estimator__criterion=squared_error, estimator__learning_rate=0.01, estimator__max_depth=14, estimator__min_samples_split=14, estimator__n_estimators=84; total time=   0.0s
[CV] END estimator__criterion=squared_error, estimator__learning_rate=0.01, estimator__max_depth=15, estimator__min_samples_split=16, estimator__n_estimators=84; total time=   0.0s
[CV] END estimator__criterion=squared_error, estimator__learning_rate=0.01, estimator__max_depth=15, estimator__min_samples_split=16, estimator__n_estimators=84; total time=   0.0s
[CV] END estimator__criterion=squared_error, estimator__learning_rate=0.01, estimator__max_depth=15, estimator__min_samples_split=18, estimator__n_estimators=20; total time=   0.0s
[CV] END estimator__criterion=squared_error, estimator__learning_rate=0.01, estimator__max_depth=15, estimator__min_samples_split=18, estimator__n_estimators=20; total time=   0.0s
[CV] END estimator__criterion=squared_error, estimator__learning_rate=0.01, estimator__max_depth=17, estimator__min_samples_split=10, estimator__n_estimators=20; total time=   0.0s
[CV] END estimator__criterion=squared_error, estimator__learning_rate=0.01, estimator__max_depth=17, estimator__min_samples_split=10, estimator__n_estimators=20; total time=   0.0s
[CV] END estimator__criterion=squared_error, estimator__learning_rate=0.01, estimator__max_depth=17, estimator__min_samples_split=10, estimator__n_estimators=20; total time=   0.0s
[CV] END estimator__criterion=squared_error, estimator__learning_rate=0.01, estimator__max_depth=17, estimator__min_samples_split=10, estimator__n_estimators=20; total time=   0.0s
[CV] END estimator__criterion=squared_error, estimator__learning_rate=0.01, estimator__max_depth=17, estimator__min_samples_split=14, estimator__n_estimators=52; total time=   0.0s
[CV] END estimator__criterion=squared_error, estimator__learning_rate=0.01, estimator__max_depth=17, estimator__min_samples_split=14, estimator__n_estimators=52; total time=   0.0s
[CV] END estimator__criterion=squared_error, estimator__learning_rate=0.01, estimator__max_depth=17, estimator__min_samples_split=14, estimator__n_estimators=52; total time=   0.0s
[CV] END estimator__criterion=squared_error, estimator__learning_rate=0.01, estimator__max_depth=17, estimator__min_samples_split=14, estimator__n_estimators=52; total time=   0.0s
[CV] END estimator__criterion=squared_error, estimator__learning_rate=0.01, estimator__max_depth=18, estimator__min_samples_split=14, estimator__n_estimators=36; total time=   0.0s
[CV] END estimator__criterion=squared_error, estimator__learning_rate=0.01, estimator__max_depth=18, estimator__min_samples_split=14, estimator__n_estimators=52; total time=   0.0s[CV] END estimator__criterion=squared_error, estimator__learning_rate=0.001, estimator__max_depth=14, estimator__min_samples_split=10, estimator__n_estimators=52; total time=   0.0s
[CV] END estimator__criterion=squared_error, estimator__learning_rate=0.001, estimator__max_depth=14, estimator__min_samples_split=16, estimator__n_estimators=20; total time=   0.0s
[CV] END estimator__criterion=squared_error, estimator__learning_rate=0.001, estimator__max_depth=14, estimator__min_samples_split=16, estimator__n_estimators=20; total time=   0.0s
[CV] END estimator__criterion=squared_error, estimator__learning_rate=0.001, estimator__max_depth=14, estimator__min_samples_split=16, estimator__n_estimators=52; total time=   0.0s
[CV] END estimator__criterion=squared_error, estimator__learning_rate=0.001, estimator__max_depth=14, estimator__min_samples_split=16, estimator__n_estimators=84; total time=   0.0s
[CV] END estimator__criterion=squared_error, estimator__learning_rate=0.001, estimator__max_depth=14, estimator__min_samples_split=18, estimator__n_estimators=52; total time=   0.0s
[CV] END estimator__criterion=squared_error, estimator__learning_rate=0.001, estimator__max_depth=14, estimator__min_samples_split=18, estimator__n_estimators=84; total time=   0.0s
[CV] END estimator__criterion=squared_error, estimator__learning_rate=0.001, estimator__max_depth=15, estimator__min_samples_split=10, estimator__n_estimators=68; total time=   0.0s
[CV] END estimator__criterion=squared_error, estimator__learning_rate=0.001, estimator__max_depth=15, estimator__min_samples_split=12, estimator__n_estimators=36; total time=   0.0s
[CV] END estimator__criterion=squared_error, estimator__learning_rate=0.001, estimator__max_depth=15, estimator__min_samples_split=12, estimator__n_estimators=68; total time=   0.0s
[CV] END estimator__criterion=squared_error, estimator__learning_rate=0.001, estimator__max_depth=15, estimator__min_samples_split=14, estimator__n_estimators=36; total time=   0.0s
[CV] END estimator__criterion=squared_error, estimator__learning_rate=0.001, estimator__max_depth=15, estimator__min_samples_split=14, estimator__n_estimators=84; total time=   0.0s
[CV] END estimator__criterion=squared_error, estimator__learning_rate=0.001, estimator__max_depth=15, estimator__min_samples_split=14, estimator__n_estimators=84; total time=   0.0s
[CV] END estimator__criterion=squared_error, estimator__learning_rate=0.001, estimator__max_depth=15, estimator__min_samples_split=18, estimator__n_estimators=84; total time=   0.0s
[CV] END estimator__criterion=squared_error, estimator__learning_rate=0.001, estimator__max_depth=15, estimator__min_samples_split=18, estimator__n_estimators=84; total time=   0.0s
[CV] END estimator__criterion=squared_error, estimator__learning_rate=0.001, estimator__max_depth=16, estimator__min_samples_split=14, estimator__n_estimators=20; total time=   0.0s
[CV] END estimator__criterion=squared_error, estimator__learning_rate=0.001, estimator__max_depth=16, estimator__min_samples_split=14, estimator__n_estimators=20; total time=   0.0s
[CV] END estimator__criterion=squared_error, estimator__learning_rate=0.001, estimator__max_depth=16, estimator__min_samples_split=18, estimator__n_estimators=36; total time=   0.0s
[CV] END estimator__criterion=squared_error, estimator__learning_rate=0.001, estimator__max_depth=16, estimator__min_samples_split=18, estimator__n_estimators=36; total time=   0.0s
[CV] END estimator__criterion=squared_error, estimator__learning_rate=0.001, estimator__max_depth=16, estimator__min_samples_split=18, estimator__n_estimators=36; total time=   0.0s
[CV] END estimator__criterion=squared_error, estimator__learning_rate=0.001, estimator__max_depth=16, estimator__min_samples_split=18, estimator__n_estimators=36; total time=   0.0s
[CV] END estimator__criterion=squared_error, estimator__learning_rate=0.001, estimator__max_depth=17, estimator__min_samples_split=16, estimator__n_estimators=84; total time=   0.0s
[CV] END estimator__criterion=squared_error, estimator__learning_rate=0.001, estimator__max_depth=17, estimator__min_samples_split=16, estimator__n_estimators=84; total time=   0.0s
[CV] END estimator__criterion=squared_error, estimator__learning_rate=0.001, estimator__max_depth=17, estimator__min_samples_split=16, estimator__n_estimators=84; total time=   0.0s
[CV] END estimator__criterion=squared_error, estimator__learning_rate=0.001, estimator__max_depth=17, estimator__min_samples_split=18, estimator__n_estimators=20; total time=   0.0s
[CV] END estimator__criterion=squared_error, estimator__learning_rate=0.01, estimator__max_depth=14, estimator__min_samples_split=10, estimator__n_estimators=68; total time=   0.0s
[CV] END estimator__criterion=squared_error, estimator__learning_rate=0.01, estimator__max_depth=14, estimator__min_samples_split=10, estimator__n_estimators=68; total time=   0.0s
[CV] END estimator__criterion=squared_error, estimator__learning_rate=0.01, estimator__max_depth=14, estimator__min_samples_split=10, estimator__n_estimators=68; total time=   0.0s
[CV] END estimator__criterion=squared_error, estimator__learning_rate=0.01, estimator__max_depth=14, estimator__min_samples_split=10, estimator__n_estimators=68; total time=   0.0s
[CV] END estimator__criterion=squared_error, estimator__learning_rate=0.01, estimator__max_depth=15, estimator__min_samples_split=14, estimator__n_estimators=84; total time=   0.0s
[CV] END estimator__criterion=squared_error, estimator__learning_rate=0.01, estimator__max_depth=15, estimator__min_samples_split=14, estimator__n_estimators=84; total time=   0.0s
[CV] END estimator__criterion=squared_error, estimator__learning_rate=0.01, estimator__max_depth=15, estimator__min_samples_split=14, estimator__n_estimators=84; total time=   0.0s
[CV] END estimator__criterion=squared_error, estimator__learning_rate=0.01, estimator__max_depth=15, estimator__min_samples_split=14, estimator__n_estimators=84; total time=   0.0s
[CV] END estimator__criterion=squared_error, estimator__learning_rate=0.01, estimator__max_depth=16, estimator__min_samples_split=18, estimator__n_estimators=20; total time=   0.0s
[CV] END estimator__criterion=squared_error, estimator__learning_rate=0.01, estimator__max_depth=16, estimator__min_samples_split=18, estimator__n_estimators=20; total time=   0.0s
[CV] END estimator__criterion=squared_error, estimator__learning_rate=0.01, estimator__max_depth=16, estimator__min_samples_split=18, estimator__n_estimators=20; total time=   0.0s
[CV] END estimator__criterion=squared_error, estimator__learning_rate=0.01, estimator__max_depth=16, estimator__min_samples_split=18, estimator__n_estimators=20; total time=   0.0s
[CV] END estimator__criterion=squared_error, estimator__learning_rate=0.01, estimator__max_depth=17, estimator__min_samples_split=10, estimator__n_estimators=68; total time=   0.0s
[CV] END estimator__criterion=squared_error, estimator__learning_rate=0.01, estimator__max_depth=17, estimator__min_samples_split=10, estimator__n_estimators=68; total time=   0.0s
[CV] END estimator__criterion=squared_error, estimator__learning_rate=0.01, estimator__max_depth=17, estimator__min_samples_split=10, estimator__n_estimators=68; total time=   0.0s
[CV] END estimator__criterion=squared_error, estimator__learning_rate=0.01, estimator__max_depth=17, estimator__min_samples_split=10, estimator__n_estimators=68; total time=   0.0s
[CV] END estimator__criterion=squared_error, estimator__learning_rate=0.01, estimator__max_depth=18, estimator__min_samples_split=14, estimator__n_estimators=52; total time=   0.0s
[CV] END estimator__criterion=squared_error, estimator__learning_rate=0.01, estimator__max_depth=18, estimator__min_samples_split=14, estimator__n_estimators=52; total time=   0.0s
[CV] END estimator__criterion=squared_error, estimator__learning_rate=0.01, estimator__max_depth=18, estimator__min_samples_split=14, estimator__n_estimators=68; total time=   0.0s
[CV] END estimator__criterion=squared_error, estimator__learning_rate=0.01, estimator__max_depth=18, estimator__min_samples_split=14, estimator__n_estimators=68; total time=   0.0s[CV] END estimator__criterion=squared_error, estimator__learning_rate=0.001, estimator__max_depth=14, estimator__min_samples_split=10, estimator__n_estimators=36; total time=   0.0s
[CV] END estimator__criterion=squared_error, estimator__learning_rate=0.001, estimator__max_depth=14, estimator__min_samples_split=16, estimator__n_estimators=20; total time=   0.0s
[CV] END estimator__criterion=squared_error, estimator__learning_rate=0.001, estimator__max_depth=14, estimator__min_samples_split=16, estimator__n_estimators=36; total time=   0.0s
[CV] END estimator__criterion=squared_error, estimator__learning_rate=0.001, estimator__max_depth=14, estimator__min_samples_split=16, estimator__n_estimators=52; total time=   0.0s
[CV] END estimator__criterion=squared_error, estimator__learning_rate=0.001, estimator__max_depth=14, estimator__min_samples_split=16, estimator__n_estimators=84; total time=   0.0s
[CV] END estimator__criterion=squared_error, estimator__learning_rate=0.001, estimator__max_depth=14, estimator__min_samples_split=18, estimator__n_estimators=68; total time=   0.0s
[CV] END estimator__criterion=squared_error, estimator__learning_rate=0.001, estimator__max_depth=15, estimator__min_samples_split=10, estimator__n_estimators=20; total time=   0.0s
[CV] END estimator__criterion=squared_error, estimator__learning_rate=0.001, estimator__max_depth=15, estimator__min_samples_split=10, estimator__n_estimators=52; total time=   0.0s
[CV] END estimator__criterion=squared_error, estimator__learning_rate=0.001, estimator__max_depth=15, estimator__min_samples_split=12, estimator__n_estimators=20; total time=   0.0s
[CV] END estimator__criterion=squared_error, estimator__learning_rate=0.001, estimator__max_depth=15, estimator__min_samples_split=12, estimator__n_estimators=20; total time=   0.0s
[CV] END estimator__criterion=squared_error, estimator__learning_rate=0.001, estimator__max_depth=15, estimator__min_samples_split=12, estimator__n_estimators=52; total time=   0.0s
[CV] END estimator__criterion=squared_error, estimator__learning_rate=0.001, estimator__max_depth=15, estimator__min_samples_split=14, estimator__n_estimators=20; total time=   0.0s
[CV] END estimator__criterion=squared_error, estimator__learning_rate=0.001, estimator__max_depth=15, estimator__min_samples_split=14, estimator__n_estimators=36; total time=   0.0s
[CV] END estimator__criterion=squared_error, estimator__learning_rate=0.001, estimator__max_depth=15, estimator__min_samples_split=14, estimator__n_estimators=68; total time=   0.0s
[CV] END estimator__criterion=squared_error, estimator__learning_rate=0.001, estimator__max_depth=15, estimator__min_samples_split=14, estimator__n_estimators=68; total time=   0.0s
[CV] END estimator__criterion=squared_error, estimator__learning_rate=0.001, estimator__max_depth=15, estimator__min_samples_split=18, estimator__n_estimators=36; total time=   0.0s
[CV] END estimator__criterion=squared_error, estimator__learning_rate=0.001, estimator__max_depth=15, estimator__min_samples_split=18, estimator__n_estimators=36; total time=   0.0s
[CV] END estimator__criterion=squared_error, estimator__learning_rate=0.001, estimator__max_depth=16, estimator__min_samples_split=10, estimator__n_estimators=52; total time=   0.0s
[CV] END estimator__criterion=squared_error, estimator__learning_rate=0.001, estimator__max_depth=16, estimator__min_samples_split=10, estimator__n_estimators=52; total time=   0.0s
[CV] END estimator__criterion=squared_error, estimator__learning_rate=0.001, estimator__max_depth=16, estimator__min_samples_split=12, estimator__n_estimators=84; total time=   0.0s
[CV] END estimator__criterion=squared_error, estimator__learning_rate=0.001, estimator__max_depth=16, estimator__min_samples_split=12, estimator__n_estimators=84; total time=   0.0s
[CV] END estimator__criterion=squared_error, estimator__learning_rate=0.001, estimator__max_depth=17, estimator__min_samples_split=14, estimator__n_estimators=84; total time=   0.0s
[CV] END estimator__criterion=squared_error, estimator__learning_rate=0.001, estimator__max_depth=17, estimator__min_samples_split=14, estimator__n_estimators=84; total time=   0.0s
[CV] END estimator__criterion=squared_error, estimator__learning_rate=0.001, estimator__max_depth=17, estimator__min_samples_split=16, estimator__n_estimators=20; total time=   0.0s
[CV] END estimator__criterion=squared_error, estimator__learning_rate=0.001, estimator__max_depth=17, estimator__min_samples_split=16, estimator__n_estimators=20; total time=   0.0s
[CV] END estimator__criterion=squared_error, estimator__learning_rate=0.001, estimator__max_depth=18, estimator__min_samples_split=14, estimator__n_estimators=52; total time=   0.0s
[CV] END estimator__criterion=squared_error, estimator__learning_rate=0.001, estimator__max_depth=18, estimator__min_samples_split=14, estimator__n_estimators=68; total time=   0.0s
[CV] END estimator__criterion=squared_error, estimator__learning_rate=0.001, estimator__max_depth=18, estimator__min_samples_split=14, estimator__n_estimators=68; total time=   0.0s
[CV] END estimator__criterion=squared_error, estimator__learning_rate=0.001, estimator__max_depth=18, estimator__min_samples_split=14, estimator__n_estimators=68; total time=   0.0s
[CV] END estimator__criterion=squared_error, estimator__learning_rate=0.01, estimator__max_depth=14, estimator__min_samples_split=16, estimator__n_estimators=36; total time=   0.0s
[CV] END estimator__criterion=squared_error, estimator__learning_rate=0.01, estimator__max_depth=14, estimator__min_samples_split=16, estimator__n_estimators=36; total time=   0.0s
[CV] END estimator__criterion=squared_error, estimator__learning_rate=0.01, estimator__max_depth=14, estimator__min_samples_split=16, estimator__n_estimators=52; total time=   0.0s
[CV] END estimator__criterion=squared_error, estimator__learning_rate=0.01, estimator__max_depth=14, estimator__min_samples_split=16, estimator__n_estimators=52; total time=   0.0s
[CV] END estimator__criterion=squared_error, estimator__learning_rate=0.01, estimator__max_depth=15, estimator__min_samples_split=16, estimator__n_estimators=68; total time=   0.0s
[CV] END estimator__criterion=squared_error, estimator__learning_rate=0.01, estimator__max_depth=15, estimator__min_samples_split=16, estimator__n_estimators=68; total time=   0.0s
[CV] END estimator__criterion=squared_error, estimator__learning_rate=0.01, estimator__max_depth=15, estimator__min_samples_split=16, estimator__n_estimators=68; total time=   0.0s
[CV] END estimator__criterion=squared_error, estimator__learning_rate=0.01, estimator__max_depth=15, estimator__min_samples_split=16, estimator__n_estimators=68; total time=   0.0s
[CV] END estimator__criterion=squared_error, estimator__learning_rate=0.01, estimator__max_depth=17, estimator__min_samples_split=12, estimator__n_estimators=68; total time=   0.0s
[CV] END estimator__criterion=squared_error, estimator__learning_rate=0.01, estimator__max_depth=17, estimator__min_samples_split=12, estimator__n_estimators=84; total time=   0.0s
[CV] END estimator__criterion=squared_error, estimator__learning_rate=0.01, estimator__max_depth=17, estimator__min_samples_split=12, estimator__n_estimators=84; total time=   0.0s
[CV] END estimator__criterion=squared_error, estimator__learning_rate=0.01, estimator__max_depth=17, estimator__min_samples_split=12, estimator__n_estimators=84; total time=   0.0s
[CV] END estimator__criterion=squared_error, estimator__learning_rate=0.01, estimator__max_depth=18, estimator__min_samples_split=16, estimator__n_estimators=68; total time=   0.0s
[CV] END estimator__criterion=squared_error, estimator__learning_rate=0.01, estimator__max_depth=18, estimator__min_samples_split=16, estimator__n_estimators=68; total time=   0.0s
[CV] END estimator__criterion=squared_error, estimator__learning_rate=0.01, estimator__max_depth=18, estimator__min_samples_split=16, estimator__n_estimators=68; total time=   0.0s
[CV] END estimator__criterion=squared_error, estimator__learning_rate=0.01, estimator__max_depth=18, estimator__min_samples_split=16, estimator__n_estimators=68; total time=   0.0s[CV] END estimator__criterion=squared_error, estimator__learning_rate=0.001, estimator__max_depth=14, estimator__min_samples_split=12, estimator__n_estimators=20; total time=   0.0s
[CV] END estimator__criterion=squared_error, estimator__learning_rate=0.001, estimator__max_depth=16, estimator__min_samples_split=10, estimator__n_estimators=36; total time=   0.0s
[CV] END estimator__criterion=squared_error, estimator__learning_rate=0.001, estimator__max_depth=16, estimator__min_samples_split=10, estimator__n_estimators=36; total time=   0.0s
[CV] END estimator__criterion=squared_error, estimator__learning_rate=0.001, estimator__max_depth=16, estimator__min_samples_split=12, estimator__n_estimators=36; total time=   0.0s
[CV] END estimator__criterion=squared_error, estimator__learning_rate=0.001, estimator__max_depth=16, estimator__min_samples_split=12, estimator__n_estimators=52; total time=   0.0s
[CV] END estimator__criterion=squared_error, estimator__learning_rate=0.001, estimator__max_depth=16, estimator__min_samples_split=14, estimator__n_estimators=68; total time=   0.0s
[CV] END estimator__criterion=squared_error, estimator__learning_rate=0.001, estimator__max_depth=16, estimator__min_samples_split=14, estimator__n_estimators=68; total time=   0.0s
[CV] END estimator__criterion=squared_error, estimator__learning_rate=0.001, estimator__max_depth=17, estimator__min_samples_split=14, estimator__n_estimators=20; total time=   0.0s
[CV] END estimator__criterion=squared_error, estimator__learning_rate=0.001, estimator__max_depth=17, estimator__min_samples_split=14, estimator__n_estimators=20; total time=   0.0s
[CV] END estimator__criterion=squared_error, estimator__learning_rate=0.001, estimator__max_depth=17, estimator__min_samples_split=14, estimator__n_estimators=36; total time=   0.0s
[CV] END estimator__criterion=squared_error, estimator__learning_rate=0.001, estimator__max_depth=17, estimator__min_samples_split=14, estimator__n_estimators=36; total time=   0.0s
[CV] END estimator__criterion=squared_error, estimator__learning_rate=0.001, estimator__max_depth=17, estimator__min_samples_split=18, estimator__n_estimators=52; total time=   0.0s
[CV] END estimator__criterion=squared_error, estimator__learning_rate=0.001, estimator__max_depth=17, estimator__min_samples_split=18, estimator__n_estimators=52; total time=   0.0s
[CV] END estimator__criterion=squared_error, estimator__learning_rate=0.001, estimator__max_depth=17, estimator__min_samples_split=18, estimator__n_estimators=68; total time=   0.0s
[CV] END estimator__criterion=squared_error, estimator__learning_rate=0.001, estimator__max_depth=17, estimator__min_samples_split=18, estimator__n_estimators=68; total time=   0.0s
[CV] END estimator__criterion=squared_error, estimator__learning_rate=0.001, estimator__max_depth=18, estimator__min_samples_split=18, estimator__n_estimators=84; total time=   0.0s
[CV] END estimator__criterion=squared_error, estimator__learning_rate=0.001, estimator__max_depth=18, estimator__min_samples_split=18, estimator__n_estimators=84; total time=   0.0s
[CV] END estimator__criterion=squared_error, estimator__learning_rate=0.001, estimator__max_depth=18, estimator__min_samples_split=18, estimator__n_estimators=84; total time=   0.0s
[CV] END estimator__criterion=squared_error, estimator__learning_rate=0.001, estimator__max_depth=18, estimator__min_samples_split=18, estimator__n_estimators=84; total time=   0.0s
[CV] END estimator__criterion=squared_error, estimator__learning_rate=0.01, estimator__max_depth=15, estimator__min_samples_split=12, estimator__n_estimators=68; total time=   0.0s
[CV] END estimator__criterion=squared_error, estimator__learning_rate=0.01, estimator__max_depth=15, estimator__min_samples_split=12, estimator__n_estimators=68; total time=   0.0s
[CV] END estimator__criterion=squared_error, estimator__learning_rate=0.01, estimator__max_depth=15, estimator__min_samples_split=12, estimator__n_estimators=68; total time=   0.0s
[CV] END estimator__criterion=squared_error, estimator__learning_rate=0.01, estimator__max_depth=15, estimator__min_samples_split=12, estimator__n_estimators=84; total time=   0.0s
[CV] END estimator__criterion=squared_error, estimator__learning_rate=0.01, estimator__max_depth=16, estimator__min_samples_split=16, estimator__n_estimators=20; total time=   0.0s
[CV] END estimator__criterion=squared_error, estimator__learning_rate=0.01, estimator__max_depth=16, estimator__min_samples_split=16, estimator__n_estimators=20; total time=   0.0s
[CV] END estimator__criterion=squared_error, estimator__learning_rate=0.01, estimator__max_depth=16, estimator__min_samples_split=16, estimator__n_estimators=20; total time=   0.0s
[CV] END estimator__criterion=squared_error, estimator__learning_rate=0.01, estimator__max_depth=16, estimator__min_samples_split=16, estimator__n_estimators=36; total time=   0.0s
[CV] END estimator__criterion=squared_error, estimator__learning_rate=0.01, estimator__max_depth=16, estimator__min_samples_split=18, estimator__n_estimators=36; total time=   0.0s
[CV] END estimator__criterion=squared_error, estimator__learning_rate=0.01, estimator__max_depth=16, estimator__min_samples_split=18, estimator__n_estimators=36; total time=   0.0s
[CV] END estimator__criterion=squared_error, estimator__learning_rate=0.01, estimator__max_depth=16, estimator__min_samples_split=18, estimator__n_estimators=36; total time=   0.0s
[CV] END estimator__criterion=squared_error, estimator__learning_rate=0.01, estimator__max_depth=16, estimator__min_samples_split=18, estimator__n_estimators=36; total time=   0.0s
[CV] END estimator__criterion=squared_error, estimator__learning_rate=0.01, estimator__max_depth=17, estimator__min_samples_split=14, estimator__n_estimators=84; total time=   0.0s
[CV] END estimator__criterion=squared_error, estimator__learning_rate=0.01, estimator__max_depth=17, estimator__min_samples_split=14, estimator__n_estimators=84; total time=   0.0s
[CV] END estimator__criterion=squared_error, estimator__learning_rate=0.01, estimator__max_depth=17, estimator__min_samples_split=14, estimator__n_estimators=84; total time=   0.0s
[CV] END estimator__criterion=squared_error, estimator__learning_rate=0.01, estimator__max_depth=17, estimator__min_samples_split=16, estimator__n_estimators=20; total time=   0.0s
[CV] END estimator__criterion=squared_error, estimator__learning_rate=0.01, estimator__max_depth=18, estimator__min_samples_split=16, estimator__n_estimators=84; total time=   0.0s
[CV] END estimator__criterion=squared_error, estimator__learning_rate=0.01, estimator__max_depth=18, estimator__min_samples_split=18, estimator__n_estimators=20; total time=   0.0s
[CV] END estimator__criterion=squared_error, estimator__learning_rate=0.01, estimator__max_depth=18, estimator__min_samples_split=18, estimator__n_estimators=20; total time=   0.0s
[CV] END estimator__criterion=squared_error, estimator__learning_rate=0.01, estimator__max_depth=18, estimator__min_samples_split=18, estimator__n_estimators=20; total time=   0.0s
[CV] END estimator__criterion=squared_error, estimator__learning_rate=0.1, estimator__max_depth=14, estimator__min_samples_split=16, estimator__n_estimators=20; total time=   0.0s
[CV] END estimator__criterion=squared_error, estimator__learning_rate=0.1, estimator__max_depth=14, estimator__min_samples_split=16, estimator__n_estimators=20; total time=   0.0s
[CV] END estimator__criterion=squared_error, estimator__learning_rate=0.1, estimator__max_depth=14, estimator__min_samples_split=16, estimator__n_estimators=36; total time=   0.0s
[CV] END estimator__criterion=squared_error, estimator__learning_rate=0.1, estimator__max_depth=14, estimator__min_samples_split=16, estimator__n_estimators=36; total time=   0.0s
[CV] END estimator__criterion=squared_error, estimator__learning_rate=0.1, estimator__max_depth=15, estimator__min_samples_split=12, estimator__n_estimators=20; total time=   0.0s
[CV] END estimator__criterion=squared_error, estimator__learning_rate=0.1, estimator__max_depth=15, estimator__min_samples_split=12, estimator__n_estimators=20; total time=   0.0s[CV] END estimator__criterion=squared_error, estimator__learning_rate=0.001, estimator__max_depth=14, estimator__min_samples_split=12, estimator__n_estimators=20; total time=   0.0s
[CV] END estimator__criterion=squared_error, estimator__learning_rate=0.001, estimator__max_depth=16, estimator__min_samples_split=16, estimator__n_estimators=84; total time=   0.0s
[CV] END estimator__criterion=squared_error, estimator__learning_rate=0.001, estimator__max_depth=16, estimator__min_samples_split=16, estimator__n_estimators=84; total time=   0.0s
[CV] END estimator__criterion=squared_error, estimator__learning_rate=0.001, estimator__max_depth=16, estimator__min_samples_split=18, estimator__n_estimators=20; total time=   0.0s
[CV] END estimator__criterion=squared_error, estimator__learning_rate=0.001, estimator__max_depth=16, estimator__min_samples_split=18, estimator__n_estimators=20; total time=   0.0s
[CV] END estimator__criterion=squared_error, estimator__learning_rate=0.001, estimator__max_depth=17, estimator__min_samples_split=18, estimator__n_estimators=36; total time=   0.0s
[CV] END estimator__criterion=squared_error, estimator__learning_rate=0.001, estimator__max_depth=17, estimator__min_samples_split=18, estimator__n_estimators=36; total time=   0.0s
[CV] END estimator__criterion=squared_error, estimator__learning_rate=0.001, estimator__max_depth=17, estimator__min_samples_split=18, estimator__n_estimators=36; total time=   0.0s
[CV] END estimator__criterion=squared_error, estimator__learning_rate=0.001, estimator__max_depth=17, estimator__min_samples_split=18, estimator__n_estimators=36; total time=   0.0s
[CV] END estimator__criterion=squared_error, estimator__learning_rate=0.001, estimator__max_depth=18, estimator__min_samples_split=14, estimator__n_estimators=52; total time=   0.0s
[CV] END estimator__criterion=squared_error, estimator__learning_rate=0.001, estimator__max_depth=18, estimator__min_samples_split=14, estimator__n_estimators=52; total time=   0.0s
[CV] END estimator__criterion=squared_error, estimator__learning_rate=0.001, estimator__max_depth=18, estimator__min_samples_split=14, estimator__n_estimators=52; total time=   0.0s
[CV] END estimator__criterion=squared_error, estimator__learning_rate=0.001, estimator__max_depth=18, estimator__min_samples_split=14, estimator__n_estimators=52; total time=   0.0s
[CV] END estimator__criterion=squared_error, estimator__learning_rate=0.01, estimator__max_depth=14, estimator__min_samples_split=14, estimator__n_estimators=36; total time=   0.0s
[CV] END estimator__criterion=squared_error, estimator__learning_rate=0.01, estimator__max_depth=14, estimator__min_samples_split=14, estimator__n_estimators=36; total time=   0.0s
[CV] END estimator__criterion=squared_error, estimator__learning_rate=0.01, estimator__max_depth=14, estimator__min_samples_split=14, estimator__n_estimators=36; total time=   0.0s
[CV] END estimator__criterion=squared_error, estimator__learning_rate=0.01, estimator__max_depth=14, estimator__min_samples_split=14, estimator__n_estimators=36; total time=   0.0s
[CV] END estimator__criterion=squared_error, estimator__learning_rate=0.01, estimator__max_depth=15, estimator__min_samples_split=12, estimator__n_estimators=20; total time=   0.0s
[CV] END estimator__criterion=squared_error, estimator__learning_rate=0.01, estimator__max_depth=15, estimator__min_samples_split=12, estimator__n_estimators=20; total time=   0.0s
[CV] END estimator__criterion=squared_error, estimator__learning_rate=0.01, estimator__max_depth=15, estimator__min_samples_split=12, estimator__n_estimators=20; total time=   0.0s
[CV] END estimator__criterion=squared_error, estimator__learning_rate=0.01, estimator__max_depth=15, estimator__min_samples_split=12, estimator__n_estimators=20; total time=   0.0s
[CV] END estimator__criterion=squared_error, estimator__learning_rate=0.01, estimator__max_depth=15, estimator__min_samples_split=14, estimator__n_estimators=36; total time=   0.0s
[CV] END estimator__criterion=squared_error, estimator__learning_rate=0.01, estimator__max_depth=15, estimator__min_samples_split=14, estimator__n_estimators=36; total time=   0.0s
[CV] END estimator__criterion=squared_error, estimator__learning_rate=0.01, estimator__max_depth=15, estimator__min_samples_split=14, estimator__n_estimators=52; total time=   0.0s
[CV] END estimator__criterion=squared_error, estimator__learning_rate=0.01, estimator__max_depth=15, estimator__min_samples_split=14, estimator__n_estimators=52; total time=   0.0s
[CV] END estimator__criterion=squared_error, estimator__learning_rate=0.01, estimator__max_depth=16, estimator__min_samples_split=12, estimator__n_estimators=84; total time=   0.0s
[CV] END estimator__criterion=squared_error, estimator__learning_rate=0.01, estimator__max_depth=16, estimator__min_samples_split=14, estimator__n_estimators=20; total time=   0.0s
[CV] END estimator__criterion=squared_error, estimator__learning_rate=0.01, estimator__max_depth=16, estimator__min_samples_split=14, estimator__n_estimators=20; total time=   0.0s
[CV] END estimator__criterion=squared_error, estimator__learning_rate=0.01, estimator__max_depth=16, estimator__min_samples_split=14, estimator__n_estimators=20; total time=   0.0s
[CV] END estimator__criterion=squared_error, estimator__learning_rate=0.01, estimator__max_depth=17, estimator__min_samples_split=10, estimator__n_estimators=20; total time=   0.0s
[CV] END estimator__criterion=squared_error, estimator__learning_rate=0.01, estimator__max_depth=17, estimator__min_samples_split=10, estimator__n_estimators=36; total time=   0.0s
[CV] END estimator__criterion=squared_error, estimator__learning_rate=0.01, estimator__max_depth=17, estimator__min_samples_split=10, estimator__n_estimators=36; total time=   0.0s
[CV] END estimator__criterion=squared_error, estimator__learning_rate=0.01, estimator__max_depth=17, estimator__min_samples_split=10, estimator__n_estimators=36; total time=   0.0s
[CV] END estimator__criterion=squared_error, estimator__learning_rate=0.01, estimator__max_depth=17, estimator__min_samples_split=18, estimator__n_estimators=20; total time=   0.0s
[CV] END estimator__criterion=squared_error, estimator__learning_rate=0.01, estimator__max_depth=17, estimator__min_samples_split=18, estimator__n_estimators=36; total time=   0.0s
[CV] END estimator__criterion=squared_error, estimator__learning_rate=0.01, estimator__max_depth=17, estimator__min_samples_split=18, estimator__n_estimators=36; total time=   0.0s
[CV] END estimator__criterion=squared_error, estimator__learning_rate=0.01, estimator__max_depth=17, estimator__min_samples_split=18, estimator__n_estimators=36; total time=   0.0s
[CV] END estimator__criterion=squared_error, estimator__learning_rate=0.01, estimator__max_depth=18, estimator__min_samples_split=14, estimator__n_estimators=84; total time=   0.0s
[CV] END estimator__criterion=squared_error, estimator__learning_rate=0.01, estimator__max_depth=18, estimator__min_samples_split=14, estimator__n_estimators=84; total time=   0.0s
[CV] END estimator__criterion=squared_error, estimator__learning_rate=0.01, estimator__max_depth=18, estimator__min_samples_split=14, estimator__n_estimators=84; total time=   0.0s
[CV] END estimator__criterion=squared_error, estimator__learning_rate=0.01, estimator__max_depth=18, estimator__min_samples_split=14, estimator__n_estimators=84; total time=   0.0s
[CV] END estimator__criterion=squared_error, estimator__learning_rate=0.1, estimator__max_depth=15, estimator__min_samples_split=10, estimator__n_estimators=36; total time=   0.0s
[CV] END estimator__criterion=squared_error, estimator__learning_rate=0.1, estimator__max_depth=15, estimator__min_samples_split=10, estimator__n_estimators=36; total time=   0.0s
[CV] END estimator__criterion=squared_error, estimator__learning_rate=0.1, estimator__max_depth=15, estimator__min_samples_split=10, estimator__n_estimators=36; total time=   0.0s
[CV] END estimator__criterion=squared_error, estimator__learning_rate=0.1, estimator__max_depth=15, estimator__min_samples_split=10, estimator__n_estimators=36; total time=   0.0s[CV] END estimator__criterion=squared_error, estimator__learning_rate=0.001, estimator__max_depth=14, estimator__min_samples_split=10, estimator__n_estimators=52; total time=   0.0s
[CV] END estimator__criterion=squared_error, estimator__learning_rate=0.001, estimator__max_depth=14, estimator__min_samples_split=18, estimator__n_estimators=84; total time=   0.0s
[CV] END estimator__criterion=squared_error, estimator__learning_rate=0.001, estimator__max_depth=15, estimator__min_samples_split=10, estimator__n_estimators=68; total time=   0.0s
[CV] END estimator__criterion=squared_error, estimator__learning_rate=0.001, estimator__max_depth=15, estimator__min_samples_split=12, estimator__n_estimators=36; total time=   0.0s
[CV] END estimator__criterion=squared_error, estimator__learning_rate=0.001, estimator__max_depth=15, estimator__min_samples_split=12, estimator__n_estimators=68; total time=   0.0s
[CV] END estimator__criterion=squared_error, estimator__learning_rate=0.001, estimator__max_depth=15, estimator__min_samples_split=14, estimator__n_estimators=36; total time=   0.0s
[CV] END estimator__criterion=squared_error, estimator__learning_rate=0.001, estimator__max_depth=15, estimator__min_samples_split=14, estimator__n_estimators=68; total time=   0.0s
[CV] END estimator__criterion=squared_error, estimator__learning_rate=0.001, estimator__max_depth=15, estimator__min_samples_split=16, estimator__n_estimators=84; total time=   0.0s
[CV] END estimator__criterion=squared_error, estimator__learning_rate=0.001, estimator__max_depth=15, estimator__min_samples_split=16, estimator__n_estimators=84; total time=   0.0s
[CV] END estimator__criterion=squared_error, estimator__learning_rate=0.001, estimator__max_depth=16, estimator__min_samples_split=10, estimator__n_estimators=52; total time=   0.0s
[CV] END estimator__criterion=squared_error, estimator__learning_rate=0.001, estimator__max_depth=16, estimator__min_samples_split=10, estimator__n_estimators=52; total time=   0.0s
[CV] END estimator__criterion=squared_error, estimator__learning_rate=0.001, estimator__max_depth=16, estimator__min_samples_split=12, estimator__n_estimators=68; total time=   0.0s
[CV] END estimator__criterion=squared_error, estimator__learning_rate=0.001, estimator__max_depth=16, estimator__min_samples_split=12, estimator__n_estimators=68; total time=   0.0s
[CV] END estimator__criterion=squared_error, estimator__learning_rate=0.001, estimator__max_depth=17, estimator__min_samples_split=10, estimator__n_estimators=84; total time=   0.0s
[CV] END estimator__criterion=squared_error, estimator__learning_rate=0.001, estimator__max_depth=17, estimator__min_samples_split=10, estimator__n_estimators=84; total time=   0.0s
[CV] END estimator__criterion=squared_error, estimator__learning_rate=0.001, estimator__max_depth=17, estimator__min_samples_split=10, estimator__n_estimators=84; total time=   0.0s
[CV] END estimator__criterion=squared_error, estimator__learning_rate=0.001, estimator__max_depth=17, estimator__min_samples_split=10, estimator__n_estimators=84; total time=   0.0s
[CV] END estimator__criterion=squared_error, estimator__learning_rate=0.001, estimator__max_depth=18, estimator__min_samples_split=16, estimator__n_estimators=68; total time=   0.0s
[CV] END estimator__criterion=squared_error, estimator__learning_rate=0.001, estimator__max_depth=18, estimator__min_samples_split=16, estimator__n_estimators=68; total time=   0.0s
[CV] END estimator__criterion=squared_error, estimator__learning_rate=0.001, estimator__max_depth=18, estimator__min_samples_split=16, estimator__n_estimators=68; total time=   0.0s
[CV] END estimator__criterion=squared_error, estimator__learning_rate=0.001, estimator__max_depth=18, estimator__min_samples_split=16, estimator__n_estimators=84; total time=   0.0s
[CV] END estimator__criterion=squared_error, estimator__learning_rate=0.01, estimator__max_depth=15, estimator__min_samples_split=10, estimator__n_estimators=52; total time=   0.0s
[CV] END estimator__criterion=squared_error, estimator__learning_rate=0.01, estimator__max_depth=15, estimator__min_samples_split=10, estimator__n_estimators=68; total time=   0.0s
[CV] END estimator__criterion=squared_error, estimator__learning_rate=0.01, estimator__max_depth=15, estimator__min_samples_split=10, estimator__n_estimators=68; total time=   0.0s
[CV] END estimator__criterion=squared_error, estimator__learning_rate=0.01, estimator__max_depth=15, estimator__min_samples_split=10, estimator__n_estimators=68; total time=   0.0s
[CV] END estimator__criterion=squared_error, estimator__learning_rate=0.01, estimator__max_depth=16, estimator__min_samples_split=12, estimator__n_estimators=52; total time=   0.0s
[CV] END estimator__criterion=squared_error, estimator__learning_rate=0.01, estimator__max_depth=16, estimator__min_samples_split=12, estimator__n_estimators=52; total time=   0.0s
[CV] END estimator__criterion=squared_error, estimator__learning_rate=0.01, estimator__max_depth=16, estimator__min_samples_split=12, estimator__n_estimators=52; total time=   0.0s
[CV] END estimator__criterion=squared_error, estimator__learning_rate=0.01, estimator__max_depth=16, estimator__min_samples_split=12, estimator__n_estimators=68; total time=   0.0s
[CV] END estimator__criterion=squared_error, estimator__learning_rate=0.01, estimator__max_depth=17, estimator__min_samples_split=14, estimator__n_estimators=20; total time=   0.0s
[CV] END estimator__criterion=squared_error, estimator__learning_rate=0.01, estimator__max_depth=17, estimator__min_samples_split=14, estimator__n_estimators=20; total time=   0.0s
[CV] END estimator__criterion=squared_error, estimator__learning_rate=0.01, estimator__max_depth=17, estimator__min_samples_split=14, estimator__n_estimators=20; total time=   0.0s
[CV] END estimator__criterion=squared_error, estimator__learning_rate=0.01, estimator__max_depth=17, estimator__min_samples_split=14, estimator__n_estimators=36; total time=   0.0s
[CV] END estimator__criterion=squared_error, estimator__learning_rate=0.01, estimator__max_depth=17, estimator__min_samples_split=18, estimator__n_estimators=84; total time=   0.0s
[CV] END estimator__criterion=squared_error, estimator__learning_rate=0.01, estimator__max_depth=18, estimator__min_samples_split=10, estimator__n_estimators=20; total time=   0.0s
[CV] END estimator__criterion=squared_error, estimator__learning_rate=0.01, estimator__max_depth=18, estimator__min_samples_split=10, estimator__n_estimators=20; total time=   0.0s
[CV] END estimator__criterion=squared_error, estimator__learning_rate=0.01, estimator__max_depth=18, estimator__min_samples_split=10, estimator__n_estimators=20; total time=   0.0s
[CV] END estimator__criterion=squared_error, estimator__learning_rate=0.01, estimator__max_depth=18, estimator__min_samples_split=18, estimator__n_estimators=36; total time=   0.0s
[CV] END estimator__criterion=squared_error, estimator__learning_rate=0.01, estimator__max_depth=18, estimator__min_samples_split=18, estimator__n_estimators=36; total time=   0.0s
[CV] END estimator__criterion=squared_error, estimator__learning_rate=0.01, estimator__max_depth=18, estimator__min_samples_split=18, estimator__n_estimators=36; total time=   0.0s
[CV] END estimator__criterion=squared_error, estimator__learning_rate=0.01, estimator__max_depth=18, estimator__min_samples_split=18, estimator__n_estimators=52; total time=   0.0s
[CV] END estimator__criterion=squared_error, estimator__learning_rate=0.1, estimator__max_depth=14, estimator__min_samples_split=16, estimator__n_estimators=84; total time=   0.0s
[CV] END estimator__criterion=squared_error, estimator__learning_rate=0.1, estimator__max_depth=14, estimator__min_samples_split=16, estimator__n_estimators=84; total time=   0.0s
[CV] END estimator__criterion=squared_error, estimator__learning_rate=0.1, estimator__max_depth=14, estimator__min_samples_split=18, estimator__n_estimators=20; total time=   0.0s
[CV] END estimator__criterion=squared_error, estimator__learning_rate=0.1, estimator__max_depth=14, estimator__min_samples_split=18, estimator__n_estimators=20; total time=   0.0s[CV] END estimator__criterion=squared_error, estimator__learning_rate=0.001, estimator__max_depth=14, estimator__min_samples_split=10, estimator__n_estimators=68; total time=   0.0s
[CV] END estimator__criterion=squared_error, estimator__learning_rate=0.001, estimator__max_depth=14, estimator__min_samples_split=16, estimator__n_estimators=68; total time=   0.0s
[CV] END estimator__criterion=squared_error, estimator__learning_rate=0.001, estimator__max_depth=14, estimator__min_samples_split=18, estimator__n_estimators=20; total time=   0.0s
[CV] END estimator__criterion=squared_error, estimator__learning_rate=0.001, estimator__max_depth=14, estimator__min_samples_split=18, estimator__n_estimators=36; total time=   0.0s
[CV] END estimator__criterion=squared_error, estimator__learning_rate=0.001, estimator__max_depth=14, estimator__min_samples_split=18, estimator__n_estimators=68; total time=   0.0s
[CV] END estimator__criterion=squared_error, estimator__learning_rate=0.001, estimator__max_depth=15, estimator__min_samples_split=10, estimator__n_estimators=36; total time=   0.0s
[CV] END estimator__criterion=squared_error, estimator__learning_rate=0.001, estimator__max_depth=15, estimator__min_samples_split=10, estimator__n_estimators=84; total time=   0.0s
[CV] END estimator__criterion=squared_error, estimator__learning_rate=0.001, estimator__max_depth=15, estimator__min_samples_split=12, estimator__n_estimators=52; total time=   0.0s
[CV] END estimator__criterion=squared_error, estimator__learning_rate=0.001, estimator__max_depth=15, estimator__min_samples_split=14, estimator__n_estimators=20; total time=   0.0s
[CV] END estimator__criterion=squared_error, estimator__learning_rate=0.001, estimator__max_depth=15, estimator__min_samples_split=14, estimator__n_estimators=36; total time=   0.0s
[CV] END estimator__criterion=squared_error, estimator__learning_rate=0.001, estimator__max_depth=15, estimator__min_samples_split=14, estimator__n_estimators=84; total time=   0.0s
[CV] END estimator__criterion=squared_error, estimator__learning_rate=0.001, estimator__max_depth=15, estimator__min_samples_split=14, estimator__n_estimators=84; total time=   0.0s
[CV] END estimator__criterion=squared_error, estimator__learning_rate=0.001, estimator__max_depth=15, estimator__min_samples_split=18, estimator__n_estimators=68; total time=   0.0s
[CV] END estimator__criterion=squared_error, estimator__learning_rate=0.001, estimator__max_depth=15, estimator__min_samples_split=18, estimator__n_estimators=84; total time=   0.0s
[CV] END estimator__criterion=squared_error, estimator__learning_rate=0.001, estimator__max_depth=16, estimator__min_samples_split=12, estimator__n_estimators=68; total time=   0.0s
[CV] END estimator__criterion=squared_error, estimator__learning_rate=0.001, estimator__max_depth=16, estimator__min_samples_split=12, estimator__n_estimators=84; total time=   0.0s
[CV] END estimator__criterion=squared_error, estimator__learning_rate=0.001, estimator__max_depth=17, estimator__min_samples_split=12, estimator__n_estimators=84; total time=   0.0s
[CV] END estimator__criterion=squared_error, estimator__learning_rate=0.001, estimator__max_depth=17, estimator__min_samples_split=14, estimator__n_estimators=20; total time=   0.0s
[CV] END estimator__criterion=squared_error, estimator__learning_rate=0.001, estimator__max_depth=17, estimator__min_samples_split=14, estimator__n_estimators=20; total time=   0.0s
[CV] END estimator__criterion=squared_error, estimator__learning_rate=0.001, estimator__max_depth=17, estimator__min_samples_split=14, estimator__n_estimators=20; total time=   0.0s
[CV] END estimator__criterion=squared_error, estimator__learning_rate=0.001, estimator__max_depth=18, estimator__min_samples_split=10, estimator__n_estimators=68; total time=   0.0s
[CV] END estimator__criterion=squared_error, estimator__learning_rate=0.001, estimator__max_depth=18, estimator__min_samples_split=10, estimator__n_estimators=68; total time=   0.0s
[CV] END estimator__criterion=squared_error, estimator__learning_rate=0.001, estimator__max_depth=18, estimator__min_samples_split=10, estimator__n_estimators=68; total time=   0.0s
[CV] END estimator__criterion=squared_error, estimator__learning_rate=0.001, estimator__max_depth=18, estimator__min_samples_split=10, estimator__n_estimators=68; total time=   0.0s
[CV] END estimator__criterion=squared_error, estimator__learning_rate=0.01, estimator__max_depth=14, estimator__min_samples_split=14, estimator__n_estimators=52; total time=   0.0s
[CV] END estimator__criterion=squared_error, estimator__learning_rate=0.01, estimator__max_depth=14, estimator__min_samples_split=14, estimator__n_estimators=52; total time=   0.0s
[CV] END estimator__criterion=squared_error, estimator__learning_rate=0.01, estimator__max_depth=14, estimator__min_samples_split=14, estimator__n_estimators=68; total time=   0.0s
[CV] END estimator__criterion=squared_error, estimator__learning_rate=0.01, estimator__max_depth=14, estimator__min_samples_split=14, estimator__n_estimators=68; total time=   0.0s
[CV] END estimator__criterion=squared_error, estimator__learning_rate=0.01, estimator__max_depth=15, estimator__min_samples_split=16, estimator__n_estimators=68; total time=   0.0s
[CV] END estimator__criterion=squared_error, estimator__learning_rate=0.01, estimator__max_depth=15, estimator__min_samples_split=16, estimator__n_estimators=84; total time=   0.0s
[CV] END estimator__criterion=squared_error, estimator__learning_rate=0.01, estimator__max_depth=15, estimator__min_samples_split=16, estimator__n_estimators=84; total time=   0.0s
[CV] END estimator__criterion=squared_error, estimator__learning_rate=0.01, estimator__max_depth=15, estimator__min_samples_split=16, estimator__n_estimators=84; total time=   0.0s
[CV] END estimator__criterion=squared_error, estimator__learning_rate=0.01, estimator__max_depth=17, estimator__min_samples_split=14, estimator__n_estimators=52; total time=   0.0s
[CV] END estimator__criterion=squared_error, estimator__learning_rate=0.01, estimator__max_depth=17, estimator__min_samples_split=14, estimator__n_estimators=68; total time=   0.0s
[CV] END estimator__criterion=squared_error, estimator__learning_rate=0.01, estimator__max_depth=17, estimator__min_samples_split=14, estimator__n_estimators=68; total time=   0.0s
[CV] END estimator__criterion=squared_error, estimator__learning_rate=0.01, estimator__max_depth=17, estimator__min_samples_split=14, estimator__n_estimators=68; total time=   0.0s
[CV] END estimator__criterion=squared_error, estimator__learning_rate=0.01, estimator__max_depth=18, estimator__min_samples_split=18, estimator__n_estimators=68; total time=   0.0s
[CV] END estimator__criterion=squared_error, estimator__learning_rate=0.01, estimator__max_depth=18, estimator__min_samples_split=18, estimator__n_estimators=84; total time=   0.0s
[CV] END estimator__criterion=squared_error, estimator__learning_rate=0.01, estimator__max_depth=18, estimator__min_samples_split=18, estimator__n_estimators=84; total time=   0.0s
[CV] END estimator__criterion=squared_error, estimator__learning_rate=0.01, estimator__max_depth=18, estimator__min_samples_split=18, estimator__n_estimators=84; total time=   0.0s
[CV] END estimator__criterion=squared_error, estimator__learning_rate=0.1, estimator__max_depth=15, estimator__min_samples_split=14, estimator__n_estimators=52; total time=   0.0s
[CV] END estimator__criterion=squared_error, estimator__learning_rate=0.1, estimator__max_depth=15, estimator__min_samples_split=14, estimator__n_estimators=52; total time=   0.0s
[CV] END estimator__criterion=squared_error, estimator__learning_rate=0.1, estimator__max_depth=15, estimator__min_samples_split=14, estimator__n_estimators=52; total time=   0.0s
[CV] END estimator__criterion=squared_error, estimator__learning_rate=0.1, estimator__max_depth=15, estimator__min_samples_split=14, estimator__n_estimators=52; total time=   0.0s
[CV] END estimator__criterion=squared_error, estimator__learning_rate=0.1, estimator__max_depth=16, estimator__min_samples_split=14, estimator__n_estimators=68; total time=   0.0s[CV] END estimator__criterion=squared_error, estimator__learning_rate=0.001, estimator__max_depth=14, estimator__min_samples_split=10, estimator__n_estimators=84; total time=   0.0s
[CV] END estimator__criterion=squared_error, estimator__learning_rate=0.001, estimator__max_depth=17, estimator__min_samples_split=10, estimator__n_estimators=20; total time=   0.0s
[CV] END estimator__criterion=squared_error, estimator__learning_rate=0.001, estimator__max_depth=17, estimator__min_samples_split=10, estimator__n_estimators=20; total time=   0.0s
[CV] END estimator__criterion=squared_error, estimator__learning_rate=0.001, estimator__max_depth=17, estimator__min_samples_split=10, estimator__n_estimators=20; total time=   0.0s
[CV] END estimator__criterion=squared_error, estimator__learning_rate=0.001, estimator__max_depth=17, estimator__min_samples_split=10, estimator__n_estimators=20; total time=   0.0s
[CV] END estimator__criterion=squared_error, estimator__learning_rate=0.001, estimator__max_depth=17, estimator__min_samples_split=16, estimator__n_estimators=52; total time=   0.0s
[CV] END estimator__criterion=squared_error, estimator__learning_rate=0.001, estimator__max_depth=17, estimator__min_samples_split=16, estimator__n_estimators=52; total time=   0.0s
[CV] END estimator__criterion=squared_error, estimator__learning_rate=0.001, estimator__max_depth=17, estimator__min_samples_split=16, estimator__n_estimators=52; total time=   0.0s
[CV] END estimator__criterion=squared_error, estimator__learning_rate=0.001, estimator__max_depth=17, estimator__min_samples_split=16, estimator__n_estimators=52; total time=   0.0s
[CV] END estimator__criterion=squared_error, estimator__learning_rate=0.001, estimator__max_depth=18, estimator__min_samples_split=16, estimator__n_estimators=20; total time=   0.0s
[CV] END estimator__criterion=squared_error, estimator__learning_rate=0.001, estimator__max_depth=18, estimator__min_samples_split=16, estimator__n_estimators=20; total time=   0.0s
[CV] END estimator__criterion=squared_error, estimator__learning_rate=0.001, estimator__max_depth=18, estimator__min_samples_split=16, estimator__n_estimators=20; total time=   0.0s
[CV] END estimator__criterion=squared_error, estimator__learning_rate=0.001, estimator__max_depth=18, estimator__min_samples_split=16, estimator__n_estimators=20; total time=   0.0s
[CV] END estimator__criterion=squared_error, estimator__learning_rate=0.01, estimator__max_depth=14, estimator__min_samples_split=10, estimator__n_estimators=36; total time=   0.0s
[CV] END estimator__criterion=squared_error, estimator__learning_rate=0.01, estimator__max_depth=14, estimator__min_samples_split=10, estimator__n_estimators=36; total time=   0.0s
[CV] END estimator__criterion=squared_error, estimator__learning_rate=0.01, estimator__max_depth=14, estimator__min_samples_split=10, estimator__n_estimators=36; total time=   0.0s
[CV] END estimator__criterion=squared_error, estimator__learning_rate=0.01, estimator__max_depth=14, estimator__min_samples_split=10, estimator__n_estimators=52; total time=   0.0s
[CV] END estimator__criterion=squared_error, estimator__learning_rate=0.01, estimator__max_depth=14, estimator__min_samples_split=18, estimator__n_estimators=68; total time=   0.0s
[CV] END estimator__criterion=squared_error, estimator__learning_rate=0.01, estimator__max_depth=14, estimator__min_samples_split=18, estimator__n_estimators=84; total time=   0.0s
[CV] END estimator__criterion=squared_error, estimator__learning_rate=0.01, estimator__max_depth=14, estimator__min_samples_split=18, estimator__n_estimators=84; total time=   0.0s
[CV] END estimator__criterion=squared_error, estimator__learning_rate=0.01, estimator__max_depth=14, estimator__min_samples_split=18, estimator__n_estimators=84; total time=   0.0s
[CV] END estimator__criterion=squared_error, estimator__learning_rate=0.01, estimator__max_depth=16, estimator__min_samples_split=14, estimator__n_estimators=52; total time=   0.0s
[CV] END estimator__criterion=squared_error, estimator__learning_rate=0.01, estimator__max_depth=16, estimator__min_samples_split=14, estimator__n_estimators=52; total time=   0.0s
[CV] END estimator__criterion=squared_error, estimator__learning_rate=0.01, estimator__max_depth=16, estimator__min_samples_split=14, estimator__n_estimators=52; total time=   0.0s
[CV] END estimator__criterion=squared_error, estimator__learning_rate=0.01, estimator__max_depth=16, estimator__min_samples_split=14, estimator__n_estimators=52; total time=   0.0s
[CV] END estimator__criterion=squared_error, estimator__learning_rate=0.01, estimator__max_depth=17, estimator__min_samples_split=12, estimator__n_estimators=20; total time=   0.0s
[CV] END estimator__criterion=squared_error, estimator__learning_rate=0.01, estimator__max_depth=17, estimator__min_samples_split=12, estimator__n_estimators=20; total time=   0.0s
[CV] END estimator__criterion=squared_error, estimator__learning_rate=0.01, estimator__max_depth=17, estimator__min_samples_split=12, estimator__n_estimators=36; total time=   0.0s
[CV] END estimator__criterion=squared_error, estimator__learning_rate=0.01, estimator__max_depth=17, estimator__min_samples_split=12, estimator__n_estimators=36; total time=   0.0s
[CV] END estimator__criterion=squared_error, estimator__learning_rate=0.01, estimator__max_depth=17, estimator__min_samples_split=16, estimator__n_estimators=68; total time=   0.0s
[CV] END estimator__criterion=squared_error, estimator__learning_rate=0.01, estimator__max_depth=17, estimator__min_samples_split=16, estimator__n_estimators=68; total time=   0.0s
[CV] END estimator__criterion=squared_error, estimator__learning_rate=0.01, estimator__max_depth=17, estimator__min_samples_split=16, estimator__n_estimators=68; total time=   0.0s
[CV] END estimator__criterion=squared_error, estimator__learning_rate=0.01, estimator__max_depth=17, estimator__min_samples_split=16, estimator__n_estimators=84; total time=   0.0s
[CV] END estimator__criterion=squared_error, estimator__learning_rate=0.1, estimator__max_depth=14, estimator__min_samples_split=10, estimator__n_estimators=52; total time=   0.0s
[CV] END estimator__criterion=squared_error, estimator__learning_rate=0.1, estimator__max_depth=14, estimator__min_samples_split=10, estimator__n_estimators=52; total time=   0.0s
[CV] END estimator__criterion=squared_error, estimator__learning_rate=0.1, estimator__max_depth=14, estimator__min_samples_split=10, estimator__n_estimators=52; total time=   0.0s
[CV] END estimator__criterion=squared_error, estimator__learning_rate=0.1, estimator__max_depth=14, estimator__min_samples_split=10, estimator__n_estimators=52; total time=   0.0s
[CV] END estimator__criterion=squared_error, estimator__learning_rate=0.1, estimator__max_depth=15, estimator__min_samples_split=12, estimator__n_estimators=36; total time=   0.0s
[CV] END estimator__criterion=squared_error, estimator__learning_rate=0.1, estimator__max_depth=15, estimator__min_samples_split=12, estimator__n_estimators=36; total time=   0.0s
[CV] END estimator__criterion=squared_error, estimator__learning_rate=0.1, estimator__max_depth=15, estimator__min_samples_split=12, estimator__n_estimators=52; total time=   0.0s
[CV] END estimator__criterion=squared_error, estimator__learning_rate=0.1, estimator__max_depth=15, estimator__min_samples_split=12, estimator__n_estimators=52; total time=   0.0s
[CV] END estimator__criterion=squared_error, estimator__learning_rate=0.1, estimator__max_depth=16, estimator__min_samples_split=12, estimator__n_estimators=36; total time=   0.0s
[CV] END estimator__criterion=squared_error, estimator__learning_rate=0.1, estimator__max_depth=16, estimator__min_samples_split=12, estimator__n_estimators=36; total time=   0.0s
[CV] END estimator__criterion=squared_error, estimator__learning_rate=0.1, estimator__max_depth=16, estimator__min_samples_split=12, estimator__n_estimators=36; total time=   0.0s
[CV] END estimator__criterion=squared_error, estimator__learning_rate=0.1, estimator__max_depth=16, estimator__min_samples_split=12, estimator__n_estimators=52; total time=   0.0s
[CV] END estimator__criterion=squared_error, estimator__learning_rate=0.1, estimator__max_depth=17, estimator__min_samples_split=10, estimator__n_estimators=20; total time=   0.0s[CV] END estimator__criterion=squared_error, estimator__learning_rate=0.001, estimator__max_depth=14, estimator__min_samples_split=10, estimator__n_estimators=68; total time=   0.0s
[CV] END estimator__criterion=squared_error, estimator__learning_rate=0.001, estimator__max_depth=16, estimator__min_samples_split=14, estimator__n_estimators=52; total time=   0.0s
[CV] END estimator__criterion=squared_error, estimator__learning_rate=0.001, estimator__max_depth=16, estimator__min_samples_split=14, estimator__n_estimators=68; total time=   0.0s
[CV] END estimator__criterion=squared_error, estimator__learning_rate=0.001, estimator__max_depth=17, estimator__min_samples_split=14, estimator__n_estimators=36; total time=   0.0s
[CV] END estimator__criterion=squared_error, estimator__learning_rate=0.001, estimator__max_depth=17, estimator__min_samples_split=14, estimator__n_estimators=36; total time=   0.0s
[CV] END estimator__criterion=squared_error, estimator__learning_rate=0.001, estimator__max_depth=17, estimator__min_samples_split=14, estimator__n_estimators=36; total time=   0.0s
[CV] END estimator__criterion=squared_error, estimator__learning_rate=0.001, estimator__max_depth=17, estimator__min_samples_split=14, estimator__n_estimators=52; total time=   0.0s
[CV] END estimator__criterion=squared_error, estimator__learning_rate=0.001, estimator__max_depth=18, estimator__min_samples_split=12, estimator__n_estimators=52; total time=   0.0s
[CV] END estimator__criterion=squared_error, estimator__learning_rate=0.001, estimator__max_depth=18, estimator__min_samples_split=12, estimator__n_estimators=52; total time=   0.0s
[CV] END estimator__criterion=squared_error, estimator__learning_rate=0.001, estimator__max_depth=18, estimator__min_samples_split=12, estimator__n_estimators=52; total time=   0.0s
[CV] END estimator__criterion=squared_error, estimator__learning_rate=0.001, estimator__max_depth=18, estimator__min_samples_split=12, estimator__n_estimators=52; total time=   0.0s
[CV] END estimator__criterion=squared_error, estimator__learning_rate=0.01, estimator__max_depth=14, estimator__min_samples_split=12, estimator__n_estimators=68; total time=   0.0s
[CV] END estimator__criterion=squared_error, estimator__learning_rate=0.01, estimator__max_depth=14, estimator__min_samples_split=12, estimator__n_estimators=68; total time=   0.0s
[CV] END estimator__criterion=squared_error, estimator__learning_rate=0.01, estimator__max_depth=14, estimator__min_samples_split=12, estimator__n_estimators=84; total time=   0.0s
[CV] END estimator__criterion=squared_error, estimator__learning_rate=0.01, estimator__max_depth=14, estimator__min_samples_split=12, estimator__n_estimators=84; total time=   0.0s
[CV] END estimator__criterion=squared_error, estimator__learning_rate=0.01, estimator__max_depth=15, estimator__min_samples_split=16, estimator__n_estimators=52; total time=   0.0s
[CV] END estimator__criterion=squared_error, estimator__learning_rate=0.01, estimator__max_depth=15, estimator__min_samples_split=16, estimator__n_estimators=52; total time=   0.0s
[CV] END estimator__criterion=squared_error, estimator__learning_rate=0.01, estimator__max_depth=15, estimator__min_samples_split=16, estimator__n_estimators=52; total time=   0.0s
[CV] END estimator__criterion=squared_error, estimator__learning_rate=0.01, estimator__max_depth=15, estimator__min_samples_split=16, estimator__n_estimators=52; total time=   0.0s
[CV] END estimator__criterion=squared_error, estimator__learning_rate=0.01, estimator__max_depth=16, estimator__min_samples_split=14, estimator__n_estimators=84; total time=   0.0s
[CV] END estimator__criterion=squared_error, estimator__learning_rate=0.01, estimator__max_depth=16, estimator__min_samples_split=14, estimator__n_estimators=84; total time=   0.0s
[CV] END estimator__criterion=squared_error, estimator__learning_rate=0.01, estimator__max_depth=16, estimator__min_samples_split=16, estimator__n_estimators=20; total time=   0.0s
[CV] END estimator__criterion=squared_error, estimator__learning_rate=0.01, estimator__max_depth=16, estimator__min_samples_split=16, estimator__n_estimators=20; total time=   0.0s
[CV] END estimator__criterion=squared_error, estimator__learning_rate=0.01, estimator__max_depth=17, estimator__min_samples_split=12, estimator__n_estimators=52; total time=   0.0s
[CV] END estimator__criterion=squared_error, estimator__learning_rate=0.01, estimator__max_depth=17, estimator__min_samples_split=12, estimator__n_estimators=52; total time=   0.0s
[CV] END estimator__criterion=squared_error, estimator__learning_rate=0.01, estimator__max_depth=17, estimator__min_samples_split=12, estimator__n_estimators=52; total time=   0.0s
[CV] END estimator__criterion=squared_error, estimator__learning_rate=0.01, estimator__max_depth=17, estimator__min_samples_split=12, estimator__n_estimators=52; total time=   0.0s
[CV] END estimator__criterion=squared_error, estimator__learning_rate=0.01, estimator__max_depth=18, estimator__min_samples_split=12, estimator__n_estimators=20; total time=   0.0s
[CV] END estimator__criterion=squared_error, estimator__learning_rate=0.01, estimator__max_depth=18, estimator__min_samples_split=12, estimator__n_estimators=20; total time=   0.0s
[CV] END estimator__criterion=squared_error, estimator__learning_rate=0.01, estimator__max_depth=18, estimator__min_samples_split=12, estimator__n_estimators=20; total time=   0.0s
[CV] END estimator__criterion=squared_error, estimator__learning_rate=0.01, estimator__max_depth=18, estimator__min_samples_split=12, estimator__n_estimators=36; total time=   0.0s
[CV] END estimator__criterion=squared_error, estimator__learning_rate=0.01, estimator__max_depth=18, estimator__min_samples_split=16, estimator__n_estimators=20; total time=   0.0s
[CV] END estimator__criterion=squared_error, estimator__learning_rate=0.01, estimator__max_depth=18, estimator__min_samples_split=16, estimator__n_estimators=36; total time=   0.0s
[CV] END estimator__criterion=squared_error, estimator__learning_rate=0.01, estimator__max_depth=18, estimator__min_samples_split=16, estimator__n_estimators=36; total time=   0.0s
[CV] END estimator__criterion=squared_error, estimator__learning_rate=0.01, estimator__max_depth=18, estimator__min_samples_split=16, estimator__n_estimators=36; total time=   0.0s
[CV] END estimator__criterion=squared_error, estimator__learning_rate=0.1, estimator__max_depth=14, estimator__min_samples_split=12, estimator__n_estimators=36; total time=   0.0s
[CV] END estimator__criterion=squared_error, estimator__learning_rate=0.1, estimator__max_depth=14, estimator__min_samples_split=12, estimator__n_estimators=52; total time=   0.0s
[CV] END estimator__criterion=squared_error, estimator__learning_rate=0.1, estimator__max_depth=14, estimator__min_samples_split=12, estimator__n_estimators=52; total time=   0.0s
[CV] END estimator__criterion=squared_error, estimator__learning_rate=0.1, estimator__max_depth=14, estimator__min_samples_split=12, estimator__n_estimators=52; total time=   0.0s
[CV] END estimator__criterion=squared_error, estimator__learning_rate=0.1, estimator__max_depth=15, estimator__min_samples_split=10, estimator__n_estimators=68; total time=   0.0s
[CV] END estimator__criterion=squared_error, estimator__learning_rate=0.1, estimator__max_depth=15, estimator__min_samples_split=10, estimator__n_estimators=68; total time=   0.0s
[CV] END estimator__criterion=squared_error, estimator__learning_rate=0.1, estimator__max_depth=15, estimator__min_samples_split=10, estimator__n_estimators=68; total time=   0.0s
[CV] END estimator__criterion=squared_error, estimator__learning_rate=0.1, estimator__max_depth=15, estimator__min_samples_split=10, estimator__n_estimators=84; total time=   0.0s
[CV] END estimator__criterion=squared_error, estimator__learning_rate=0.1, estimator__max_depth=16, estimator__min_samples_split=14, estimator__n_estimators=52; total time=   0.0s
[CV] END estimator__criterion=squared_error, estimator__learning_rate=0.1, estimator__max_depth=16, estimator__min_samples_split=14, estimator__n_estimators=68; total time=   0.0s
[CV] END estimator__criterion=squared_error, estimator__learning_rate=0.1, estimator__max_depth=16, estimator__min_samples_split=14, estimator__n_estimators=68; total time=   0.0s[CV] END estimator__criterion=squared_error, estimator__learning_rate=0.001, estimator__max_depth=14, estimator__min_samples_split=12, estimator__n_estimators=20; total time=   0.0s
[CV] END estimator__criterion=squared_error, estimator__learning_rate=0.001, estimator__max_depth=16, estimator__min_samples_split=18, estimator__n_estimators=20; total time=   0.0s
[CV] END estimator__criterion=squared_error, estimator__learning_rate=0.001, estimator__max_depth=16, estimator__min_samples_split=18, estimator__n_estimators=20; total time=   0.0s
[CV] END estimator__criterion=squared_error, estimator__learning_rate=0.001, estimator__max_depth=16, estimator__min_samples_split=18, estimator__n_estimators=20; total time=   0.0s
[CV] END estimator__criterion=squared_error, estimator__learning_rate=0.001, estimator__max_depth=16, estimator__min_samples_split=18, estimator__n_estimators=36; total time=   0.0s
[CV] END estimator__criterion=squared_error, estimator__learning_rate=0.001, estimator__max_depth=17, estimator__min_samples_split=14, estimator__n_estimators=68; total time=   0.0s
[CV] END estimator__criterion=squared_error, estimator__learning_rate=0.001, estimator__max_depth=17, estimator__min_samples_split=14, estimator__n_estimators=68; total time=   0.0s
[CV] END estimator__criterion=squared_error, estimator__learning_rate=0.001, estimator__max_depth=17, estimator__min_samples_split=14, estimator__n_estimators=68; total time=   0.0s
[CV] END estimator__criterion=squared_error, estimator__learning_rate=0.001, estimator__max_depth=17, estimator__min_samples_split=14, estimator__n_estimators=68; total time=   0.0s
[CV] END estimator__criterion=squared_error, estimator__learning_rate=0.001, estimator__max_depth=18, estimator__min_samples_split=16, estimator__n_estimators=52; total time=   0.0s
[CV] END estimator__criterion=squared_error, estimator__learning_rate=0.001, estimator__max_depth=18, estimator__min_samples_split=16, estimator__n_estimators=52; total time=   0.0s
[CV] END estimator__criterion=squared_error, estimator__learning_rate=0.001, estimator__max_depth=18, estimator__min_samples_split=16, estimator__n_estimators=68; total time=   0.0s
[CV] END estimator__criterion=squared_error, estimator__learning_rate=0.001, estimator__max_depth=18, estimator__min_samples_split=16, estimator__n_estimators=68; total time=   0.0s
[CV] END estimator__criterion=squared_error, estimator__learning_rate=0.01, estimator__max_depth=14, estimator__min_samples_split=18, estimator__n_estimators=20; total time=   0.0s
[CV] END estimator__criterion=squared_error, estimator__learning_rate=0.01, estimator__max_depth=14, estimator__min_samples_split=18, estimator__n_estimators=20; total time=   0.0s
[CV] END estimator__criterion=squared_error, estimator__learning_rate=0.01, estimator__max_depth=14, estimator__min_samples_split=18, estimator__n_estimators=36; total time=   0.0s
[CV] END estimator__criterion=squared_error, estimator__learning_rate=0.01, estimator__max_depth=14, estimator__min_samples_split=18, estimator__n_estimators=36; total time=   0.0s
[CV] END estimator__criterion=squared_error, estimator__learning_rate=0.01, estimator__max_depth=15, estimator__min_samples_split=14, estimator__n_estimators=20; total time=   0.0s
[CV] END estimator__criterion=squared_error, estimator__learning_rate=0.01, estimator__max_depth=15, estimator__min_samples_split=14, estimator__n_estimators=20; total time=   0.0s
[CV] END estimator__criterion=squared_error, estimator__learning_rate=0.01, estimator__max_depth=15, estimator__min_samples_split=14, estimator__n_estimators=20; total time=   0.0s
[CV] END estimator__criterion=squared_error, estimator__learning_rate=0.01, estimator__max_depth=15, estimator__min_samples_split=14, estimator__n_estimators=20; total time=   0.0s
[CV] END estimator__criterion=squared_error, estimator__learning_rate=0.01, estimator__max_depth=16, estimator__min_samples_split=10, estimator__n_estimators=20; total time=   0.0s
[CV] END estimator__criterion=squared_error, estimator__learning_rate=0.01, estimator__max_depth=16, estimator__min_samples_split=10, estimator__n_estimators=20; total time=   0.0s
[CV] END estimator__criterion=squared_error, estimator__learning_rate=0.01, estimator__max_depth=16, estimator__min_samples_split=10, estimator__n_estimators=20; total time=   0.0s
[CV] END estimator__criterion=squared_error, estimator__learning_rate=0.01, estimator__max_depth=16, estimator__min_samples_split=10, estimator__n_estimators=20; total time=   0.0s
[CV] END estimator__criterion=squared_error, estimator__learning_rate=0.01, estimator__max_depth=16, estimator__min_samples_split=16, estimator__n_estimators=52; total time=   0.0s
[CV] END estimator__criterion=squared_error, estimator__learning_rate=0.01, estimator__max_depth=16, estimator__min_samples_split=16, estimator__n_estimators=68; total time=   0.0s
[CV] END estimator__criterion=squared_error, estimator__learning_rate=0.01, estimator__max_depth=16, estimator__min_samples_split=16, estimator__n_estimators=68; total time=   0.0s
[CV] END estimator__criterion=squared_error, estimator__learning_rate=0.01, estimator__max_depth=16, estimator__min_samples_split=16, estimator__n_estimators=68; total time=   0.0s
[CV] END estimator__criterion=squared_error, estimator__learning_rate=0.01, estimator__max_depth=18, estimator__min_samples_split=10, estimator__n_estimators=36; total time=   0.0s
[CV] END estimator__criterion=squared_error, estimator__learning_rate=0.01, estimator__max_depth=18, estimator__min_samples_split=10, estimator__n_estimators=36; total time=   0.0s
[CV] END estimator__criterion=squared_error, estimator__learning_rate=0.01, estimator__max_depth=18, estimator__min_samples_split=10, estimator__n_estimators=36; total time=   0.0s
[CV] END estimator__criterion=squared_error, estimator__learning_rate=0.01, estimator__max_depth=18, estimator__min_samples_split=10, estimator__n_estimators=52; total time=   0.0s
[CV] END estimator__criterion=squared_error, estimator__learning_rate=0.1, estimator__max_depth=14, estimator__min_samples_split=10, estimator__n_estimators=20; total time=   0.0s
[CV] END estimator__criterion=squared_error, estimator__learning_rate=0.1, estimator__max_depth=14, estimator__min_samples_split=10, estimator__n_estimators=20; total time=   0.0s
[CV] END estimator__criterion=squared_error, estimator__learning_rate=0.1, estimator__max_depth=14, estimator__min_samples_split=10, estimator__n_estimators=20; total time=   0.0s
[CV] END estimator__criterion=squared_error, estimator__learning_rate=0.1, estimator__max_depth=14, estimator__min_samples_split=10, estimator__n_estimators=36; total time=   0.0s
[CV] END estimator__criterion=squared_error, estimator__learning_rate=0.1, estimator__max_depth=14, estimator__min_samples_split=14, estimator__n_estimators=52; total time=   0.0s
[CV] END estimator__criterion=squared_error, estimator__learning_rate=0.1, estimator__max_depth=14, estimator__min_samples_split=14, estimator__n_estimators=52; total time=   0.0s
[CV] END estimator__criterion=squared_error, estimator__learning_rate=0.1, estimator__max_depth=14, estimator__min_samples_split=14, estimator__n_estimators=52; total time=   0.0s
[CV] END estimator__criterion=squared_error, estimator__learning_rate=0.1, estimator__max_depth=14, estimator__min_samples_split=14, estimator__n_estimators=68; total time=   0.0s
[CV] END estimator__criterion=squared_error, estimator__learning_rate=0.1, estimator__max_depth=15, estimator__min_samples_split=14, estimator__n_estimators=68; total time=   0.0s
[CV] END estimator__criterion=squared_error, estimator__learning_rate=0.1, estimator__max_depth=15, estimator__min_samples_split=14, estimator__n_estimators=84; total time=   0.0s
[CV] END estimator__criterion=squared_error, estimator__learning_rate=0.1, estimator__max_depth=15, estimator__min_samples_split=14, estimator__n_estimators=84; total time=   0.0s
[CV] END estimator__criterion=squared_error, estimator__learning_rate=0.1, estimator__max_depth=15, estimator__min_samples_split=14, estimator__n_estimators=84; total time=   0.0s
[CV] END estimator__criterion=squared_error, estimator__learning_rate=0.1, estimator__max_depth=17, estimator__min_samples_split=10, estimator__n_estimators=52; total time=   0.0s[CV] END estimator__criterion=squared_error, estimator__learning_rate=0.001, estimator__max_depth=14, estimator__min_samples_split=10, estimator__n_estimators=68; total time=   0.0s
[CV] END estimator__criterion=squared_error, estimator__learning_rate=0.001, estimator__max_depth=15, estimator__min_samples_split=18, estimator__n_estimators=68; total time=   0.0s
[CV] END estimator__criterion=squared_error, estimator__learning_rate=0.001, estimator__max_depth=15, estimator__min_samples_split=18, estimator__n_estimators=68; total time=   0.0s
[CV] END estimator__criterion=squared_error, estimator__learning_rate=0.001, estimator__max_depth=16, estimator__min_samples_split=12, estimator__n_estimators=68; total time=   0.0s
[CV] END estimator__criterion=squared_error, estimator__learning_rate=0.001, estimator__max_depth=16, estimator__min_samples_split=12, estimator__n_estimators=68; total time=   0.0s
[CV] END estimator__criterion=squared_error, estimator__learning_rate=0.001, estimator__max_depth=17, estimator__min_samples_split=12, estimator__n_estimators=20; total time=   0.0s
[CV] END estimator__criterion=squared_error, estimator__learning_rate=0.001, estimator__max_depth=17, estimator__min_samples_split=12, estimator__n_estimators=20; total time=   0.0s
[CV] END estimator__criterion=squared_error, estimator__learning_rate=0.001, estimator__max_depth=17, estimator__min_samples_split=12, estimator__n_estimators=20; total time=   0.0s
[CV] END estimator__criterion=squared_error, estimator__learning_rate=0.001, estimator__max_depth=17, estimator__min_samples_split=12, estimator__n_estimators=20; total time=   0.0s
[CV] END estimator__criterion=squared_error, estimator__learning_rate=0.001, estimator__max_depth=17, estimator__min_samples_split=16, estimator__n_estimators=68; total time=   0.0s
[CV] END estimator__criterion=squared_error, estimator__learning_rate=0.001, estimator__max_depth=17, estimator__min_samples_split=16, estimator__n_estimators=68; total time=   0.0s
[CV] END estimator__criterion=squared_error, estimator__learning_rate=0.001, estimator__max_depth=17, estimator__min_samples_split=16, estimator__n_estimators=84; total time=   0.0s
[CV] END estimator__criterion=squared_error, estimator__learning_rate=0.001, estimator__max_depth=17, estimator__min_samples_split=16, estimator__n_estimators=84; total time=   0.0s
[CV] END estimator__criterion=squared_error, estimator__learning_rate=0.01, estimator__max_depth=14, estimator__min_samples_split=12, estimator__n_estimators=36; total time=   0.0s
[CV] END estimator__criterion=squared_error, estimator__learning_rate=0.01, estimator__max_depth=14, estimator__min_samples_split=12, estimator__n_estimators=36; total time=   0.0s
[CV] END estimator__criterion=squared_error, estimator__learning_rate=0.01, estimator__max_depth=14, estimator__min_samples_split=12, estimator__n_estimators=36; total time=   0.0s
[CV] END estimator__criterion=squared_error, estimator__learning_rate=0.01, estimator__max_depth=14, estimator__min_samples_split=12, estimator__n_estimators=36; total time=   0.0s
[CV] END estimator__criterion=squared_error, estimator__learning_rate=0.01, estimator__max_depth=15, estimator__min_samples_split=10, estimator__n_estimators=20; total time=   0.0s
[CV] END estimator__criterion=squared_error, estimator__learning_rate=0.01, estimator__max_depth=15, estimator__min_samples_split=10, estimator__n_estimators=20; total time=   0.0s
[CV] END estimator__criterion=squared_error, estimator__learning_rate=0.01, estimator__max_depth=15, estimator__min_samples_split=10, estimator__n_estimators=20; total time=   0.0s
[CV] END estimator__criterion=squared_error, estimator__learning_rate=0.01, estimator__max_depth=15, estimator__min_samples_split=10, estimator__n_estimators=36; total time=   0.0s
[CV] END estimator__criterion=squared_error, estimator__learning_rate=0.01, estimator__max_depth=15, estimator__min_samples_split=16, estimator__n_estimators=20; total time=   0.0s
[CV] END estimator__criterion=squared_error, estimator__learning_rate=0.01, estimator__max_depth=15, estimator__min_samples_split=16, estimator__n_estimators=20; total time=   0.0s
[CV] END estimator__criterion=squared_error, estimator__learning_rate=0.01, estimator__max_depth=15, estimator__min_samples_split=16, estimator__n_estimators=36; total time=   0.0s
[CV] END estimator__criterion=squared_error, estimator__learning_rate=0.01, estimator__max_depth=15, estimator__min_samples_split=16, estimator__n_estimators=36; total time=   0.0s
[CV] END estimator__criterion=squared_error, estimator__learning_rate=0.01, estimator__max_depth=16, estimator__min_samples_split=10, estimator__n_estimators=84; total time=   0.0s
[CV] END estimator__criterion=squared_error, estimator__learning_rate=0.01, estimator__max_depth=16, estimator__min_samples_split=10, estimator__n_estimators=84; total time=   0.0s
[CV] END estimator__criterion=squared_error, estimator__learning_rate=0.01, estimator__max_depth=16, estimator__min_samples_split=10, estimator__n_estimators=84; total time=   0.0s
[CV] END estimator__criterion=squared_error, estimator__learning_rate=0.01, estimator__max_depth=16, estimator__min_samples_split=10, estimator__n_estimators=84; total time=   0.0s
[CV] END estimator__criterion=squared_error, estimator__learning_rate=0.01, estimator__max_depth=17, estimator__min_samples_split=18, estimator__n_estimators=84; total time=   0.0s
[CV] END estimator__criterion=squared_error, estimator__learning_rate=0.01, estimator__max_depth=17, estimator__min_samples_split=18, estimator__n_estimators=84; total time=   0.0s
[CV] END estimator__criterion=squared_error, estimator__learning_rate=0.01, estimator__max_depth=17, estimator__min_samples_split=18, estimator__n_estimators=84; total time=   0.0s
[CV] END estimator__criterion=squared_error, estimator__learning_rate=0.01, estimator__max_depth=17, estimator__min_samples_split=18, estimator__n_estimators=84; total time=   0.0s
[CV] END estimator__criterion=squared_error, estimator__learning_rate=0.1, estimator__max_depth=14, estimator__min_samples_split=14, estimator__n_estimators=84; total time=   0.0s
[CV] END estimator__criterion=squared_error, estimator__learning_rate=0.1, estimator__max_depth=14, estimator__min_samples_split=16, estimator__n_estimators=20; total time=   0.0s
[CV] END estimator__criterion=squared_error, estimator__learning_rate=0.1, estimator__max_depth=14, estimator__min_samples_split=16, estimator__n_estimators=20; total time=   0.0s
[CV] END estimator__criterion=squared_error, estimator__learning_rate=0.1, estimator__max_depth=14, estimator__min_samples_split=16, estimator__n_estimators=20; total time=   0.0s
[CV] END estimator__criterion=squared_error, estimator__learning_rate=0.1, estimator__max_depth=15, estimator__min_samples_split=12, estimator__n_estimators=84; total time=   0.0s
[CV] END estimator__criterion=squared_error, estimator__learning_rate=0.1, estimator__max_depth=15, estimator__min_samples_split=14, estimator__n_estimators=20; total time=   0.0s
[CV] END estimator__criterion=squared_error, estimator__learning_rate=0.1, estimator__max_depth=15, estimator__min_samples_split=14, estimator__n_estimators=20; total time=   0.0s
[CV] END estimator__criterion=squared_error, estimator__learning_rate=0.1, estimator__max_depth=15, estimator__min_samples_split=14, estimator__n_estimators=20; total time=   0.0s
[CV] END estimator__criterion=squared_error, estimator__learning_rate=0.1, estimator__max_depth=16, estimator__min_samples_split=10, estimator__n_estimators=84; total time=   0.0s
[CV] END estimator__criterion=squared_error, estimator__learning_rate=0.1, estimator__max_depth=16, estimator__min_samples_split=12, estimator__n_estimators=20; total time=   0.0s
[CV] END estimator__criterion=squared_error, estimator__learning_rate=0.1, estimator__max_depth=16, estimator__min_samples_split=12, estimator__n_estimators=20; total time=   0.0s
[CV] END estimator__criterion=squared_error, estimator__learning_rate=0.1, estimator__max_depth=16, estimator__min_samples_split=12, estimator__n_estimators=20; total time=   0.0s
[CV] END estimator__criterion=squared_error, estimator__learning_rate=0.1, estimator__max_depth=16, estimator__min_samples_split=18, estimator__n_estimators=84; total time=   0.0s[CV] END estimator__criterion=squared_error, estimator__learning_rate=0.001, estimator__max_depth=14, estimator__min_samples_split=10, estimator__n_estimators=84; total time=   0.0s
[CV] END estimator__criterion=squared_error, estimator__learning_rate=0.001, estimator__max_depth=15, estimator__min_samples_split=18, estimator__n_estimators=84; total time=   0.0s
[CV] END estimator__criterion=squared_error, estimator__learning_rate=0.001, estimator__max_depth=15, estimator__min_samples_split=18, estimator__n_estimators=84; total time=   0.0s
[CV] END estimator__criterion=squared_error, estimator__learning_rate=0.001, estimator__max_depth=16, estimator__min_samples_split=14, estimator__n_estimators=20; total time=   0.0s
[CV] END estimator__criterion=squared_error, estimator__learning_rate=0.001, estimator__max_depth=16, estimator__min_samples_split=14, estimator__n_estimators=20; total time=   0.0s
[CV] END estimator__criterion=squared_error, estimator__learning_rate=0.001, estimator__max_depth=16, estimator__min_samples_split=16, estimator__n_estimators=68; total time=   0.0s
[CV] END estimator__criterion=squared_error, estimator__learning_rate=0.001, estimator__max_depth=16, estimator__min_samples_split=16, estimator__n_estimators=68; total time=   0.0s
[CV] END estimator__criterion=squared_error, estimator__learning_rate=0.001, estimator__max_depth=16, estimator__min_samples_split=16, estimator__n_estimators=68; total time=   0.0s
[CV] END estimator__criterion=squared_error, estimator__learning_rate=0.001, estimator__max_depth=16, estimator__min_samples_split=16, estimator__n_estimators=68; total time=   0.0s
[CV] END estimator__criterion=squared_error, estimator__learning_rate=0.001, estimator__max_depth=18, estimator__min_samples_split=10, estimator__n_estimators=36; total time=   0.0s
[CV] END estimator__criterion=squared_error, estimator__learning_rate=0.001, estimator__max_depth=18, estimator__min_samples_split=10, estimator__n_estimators=36; total time=   0.0s
[CV] END estimator__criterion=squared_error, estimator__learning_rate=0.001, estimator__max_depth=18, estimator__min_samples_split=10, estimator__n_estimators=52; total time=   0.0s
[CV] END estimator__criterion=squared_error, estimator__learning_rate=0.001, estimator__max_depth=18, estimator__min_samples_split=10, estimator__n_estimators=52; total time=   0.0s
[CV] END estimator__criterion=squared_error, estimator__learning_rate=0.01, estimator__max_depth=14, estimator__min_samples_split=10, estimator__n_estimators=20; total time=   0.0s
[CV] END estimator__criterion=squared_error, estimator__learning_rate=0.01, estimator__max_depth=14, estimator__min_samples_split=10, estimator__n_estimators=20; total time=   0.0s
[CV] END estimator__criterion=squared_error, estimator__learning_rate=0.01, estimator__max_depth=14, estimator__min_samples_split=10, estimator__n_estimators=36; total time=   0.0s
[CV] END estimator__criterion=squared_error, estimator__learning_rate=0.01, estimator__max_depth=14, estimator__min_samples_split=10, estimator__n_estimators=36; total time=   0.0s
[CV] END estimator__criterion=squared_error, estimator__learning_rate=0.01, estimator__max_depth=14, estimator__min_samples_split=14, estimator__n_estimators=84; total time=   0.0s
[CV] END estimator__criterion=squared_error, estimator__learning_rate=0.01, estimator__max_depth=14, estimator__min_samples_split=14, estimator__n_estimators=84; total time=   0.0s
[CV] END estimator__criterion=squared_error, estimator__learning_rate=0.01, estimator__max_depth=14, estimator__min_samples_split=14, estimator__n_estimators=84; total time=   0.0s
[CV] END estimator__criterion=squared_error, estimator__learning_rate=0.01, estimator__max_depth=14, estimator__min_samples_split=14, estimator__n_estimators=84; total time=   0.0s
[CV] END estimator__criterion=squared_error, estimator__learning_rate=0.01, estimator__max_depth=16, estimator__min_samples_split=10, estimator__n_estimators=36; total time=   0.0s
[CV] END estimator__criterion=squared_error, estimator__learning_rate=0.01, estimator__max_depth=16, estimator__min_samples_split=10, estimator__n_estimators=36; total time=   0.0s
[CV] END estimator__criterion=squared_error, estimator__learning_rate=0.01, estimator__max_depth=16, estimator__min_samples_split=10, estimator__n_estimators=36; total time=   0.0s
[CV] END estimator__criterion=squared_error, estimator__learning_rate=0.01, estimator__max_depth=16, estimator__min_samples_split=10, estimator__n_estimators=36; total time=   0.0s
[CV] END estimator__criterion=squared_error, estimator__learning_rate=0.01, estimator__max_depth=16, estimator__min_samples_split=18, estimator__n_estimators=84; total time=   0.0s
[CV] END estimator__criterion=squared_error, estimator__learning_rate=0.01, estimator__max_depth=16, estimator__min_samples_split=18, estimator__n_estimators=84; total time=   0.0s
[CV] END estimator__criterion=squared_error, estimator__learning_rate=0.01, estimator__max_depth=16, estimator__min_samples_split=18, estimator__n_estimators=84; total time=   0.0s
[CV] END estimator__criterion=squared_error, estimator__learning_rate=0.01, estimator__max_depth=16, estimator__min_samples_split=18, estimator__n_estimators=84; total time=   0.0s
[CV] END estimator__criterion=squared_error, estimator__learning_rate=0.01, estimator__max_depth=18, estimator__min_samples_split=12, estimator__n_estimators=52; total time=   0.0s
[CV] END estimator__criterion=squared_error, estimator__learning_rate=0.01, estimator__max_depth=18, estimator__min_samples_split=12, estimator__n_estimators=68; total time=   0.0s
[CV] END estimator__criterion=squared_error, estimator__learning_rate=0.01, estimator__max_depth=18, estimator__min_samples_split=12, estimator__n_estimators=68; total time=   0.0s
[CV] END estimator__criterion=squared_error, estimator__learning_rate=0.01, estimator__max_depth=18, estimator__min_samples_split=12, estimator__n_estimators=68; total time=   0.0s
[CV] END estimator__criterion=squared_error, estimator__learning_rate=0.1, estimator__max_depth=14, estimator__min_samples_split=14, estimator__n_estimators=20; total time=   0.0s
[CV] END estimator__criterion=squared_error, estimator__learning_rate=0.1, estimator__max_depth=14, estimator__min_samples_split=14, estimator__n_estimators=36; total time=   0.0s
[CV] END estimator__criterion=squared_error, estimator__learning_rate=0.1, estimator__max_depth=14, estimator__min_samples_split=14, estimator__n_estimators=36; total time=   0.0s
[CV] END estimator__criterion=squared_error, estimator__learning_rate=0.1, estimator__max_depth=14, estimator__min_samples_split=14, estimator__n_estimators=36; total time=   0.0s
[CV] END estimator__criterion=squared_error, estimator__learning_rate=0.1, estimator__max_depth=15, estimator__min_samples_split=10, estimator__n_estimators=52; total time=   0.0s
[CV] END estimator__criterion=squared_error, estimator__learning_rate=0.1, estimator__max_depth=15, estimator__min_samples_split=10, estimator__n_estimators=52; total time=   0.0s
[CV] END estimator__criterion=squared_error, estimator__learning_rate=0.1, estimator__max_depth=15, estimator__min_samples_split=10, estimator__n_estimators=68; total time=   0.0s
[CV] END estimator__criterion=squared_error, estimator__learning_rate=0.1, estimator__max_depth=15, estimator__min_samples_split=10, estimator__n_estimators=68; total time=   0.0s
[CV] END estimator__criterion=squared_error, estimator__learning_rate=0.1, estimator__max_depth=16, estimator__min_samples_split=14, estimator__n_estimators=36; total time=   0.0s
[CV] END estimator__criterion=squared_error, estimator__learning_rate=0.1, estimator__max_depth=16, estimator__min_samples_split=14, estimator__n_estimators=36; total time=   0.0s
[CV] END estimator__criterion=squared_error, estimator__learning_rate=0.1, estimator__max_depth=16, estimator__min_samples_split=14, estimator__n_estimators=36; total time=   0.0s
[CV] END estimator__criterion=squared_error, estimator__learning_rate=0.1, estimator__max_depth=16, estimator__min_samples_split=14, estimator__n_estimators=36; total time=   0.0s
[CV] END estimator__criterion=squared_error, estimator__learning_rate=0.1, estimator__max_depth=17, estimator__min_samples_split=10, estimator__n_estimators=68; total time=   0.0s[CV] END estimator__criterion=squared_error, estimator__learning_rate=0.001, estimator__max_depth=14, estimator__min_samples_split=10, estimator__n_estimators=68; total time=   0.0s
[CV] END estimator__criterion=squared_error, estimator__learning_rate=0.001, estimator__max_depth=17, estimator__min_samples_split=12, estimator__n_estimators=52; total time=   0.0s
[CV] END estimator__criterion=squared_error, estimator__learning_rate=0.001, estimator__max_depth=17, estimator__min_samples_split=12, estimator__n_estimators=52; total time=   0.0s
[CV] END estimator__criterion=squared_error, estimator__learning_rate=0.001, estimator__max_depth=17, estimator__min_samples_split=12, estimator__n_estimators=52; total time=   0.0s
[CV] END estimator__criterion=squared_error, estimator__learning_rate=0.001, estimator__max_depth=17, estimator__min_samples_split=12, estimator__n_estimators=68; total time=   0.0s
[CV] END estimator__criterion=squared_error, estimator__learning_rate=0.001, estimator__max_depth=18, estimator__min_samples_split=12, estimator__n_estimators=20; total time=   0.0s
[CV] END estimator__criterion=squared_error, estimator__learning_rate=0.001, estimator__max_depth=18, estimator__min_samples_split=12, estimator__n_estimators=20; total time=   0.0s
[CV] END estimator__criterion=squared_error, estimator__learning_rate=0.001, estimator__max_depth=18, estimator__min_samples_split=12, estimator__n_estimators=36; total time=   0.0s
[CV] END estimator__criterion=squared_error, estimator__learning_rate=0.001, estimator__max_depth=18, estimator__min_samples_split=12, estimator__n_estimators=36; total time=   0.0s
[CV] END estimator__criterion=squared_error, estimator__learning_rate=0.001, estimator__max_depth=18, estimator__min_samples_split=18, estimator__n_estimators=20; total time=   0.0s
[CV] END estimator__criterion=squared_error, estimator__learning_rate=0.001, estimator__max_depth=18, estimator__min_samples_split=18, estimator__n_estimators=20; total time=   0.0s
[CV] END estimator__criterion=squared_error, estimator__learning_rate=0.001, estimator__max_depth=18, estimator__min_samples_split=18, estimator__n_estimators=20; total time=   0.0s
[CV] END estimator__criterion=squared_error, estimator__learning_rate=0.001, estimator__max_depth=18, estimator__min_samples_split=18, estimator__n_estimators=20; total time=   0.0s
[CV] END estimator__criterion=squared_error, estimator__learning_rate=0.01, estimator__max_depth=14, estimator__min_samples_split=12, estimator__n_estimators=52; total time=   0.0s
[CV] END estimator__criterion=squared_error, estimator__learning_rate=0.01, estimator__max_depth=14, estimator__min_samples_split=12, estimator__n_estimators=52; total time=   0.0s
[CV] END estimator__criterion=squared_error, estimator__learning_rate=0.01, estimator__max_depth=14, estimator__min_samples_split=12, estimator__n_estimators=52; total time=   0.0s
[CV] END estimator__criterion=squared_error, estimator__learning_rate=0.01, estimator__max_depth=14, estimator__min_samples_split=12, estimator__n_estimators=52; total time=   0.0s
[CV] END estimator__criterion=squared_error, estimator__learning_rate=0.01, estimator__max_depth=15, estimator__min_samples_split=12, estimator__n_estimators=36; total time=   0.0s
[CV] END estimator__criterion=squared_error, estimator__learning_rate=0.01, estimator__max_depth=15, estimator__min_samples_split=12, estimator__n_estimators=36; total time=   0.0s
[CV] END estimator__criterion=squared_error, estimator__learning_rate=0.01, estimator__max_depth=15, estimator__min_samples_split=12, estimator__n_estimators=36; total time=   0.0s
[CV] END estimator__criterion=squared_error, estimator__learning_rate=0.01, estimator__max_depth=15, estimator__min_samples_split=12, estimator__n_estimators=36; total time=   0.0s
[CV] END estimator__criterion=squared_error, estimator__learning_rate=0.01, estimator__max_depth=15, estimator__min_samples_split=18, estimator__n_estimators=20; total time=   0.0s
[CV] END estimator__criterion=squared_error, estimator__learning_rate=0.01, estimator__max_depth=15, estimator__min_samples_split=18, estimator__n_estimators=20; total time=   0.0s
[CV] END estimator__criterion=squared_error, estimator__learning_rate=0.01, estimator__max_depth=15, estimator__min_samples_split=18, estimator__n_estimators=20; total time=   0.0s
[CV] END estimator__criterion=squared_error, estimator__learning_rate=0.01, estimator__max_depth=15, estimator__min_samples_split=18, estimator__n_estimators=36; total time=   0.0s
[CV] END estimator__criterion=squared_error, estimator__learning_rate=0.01, estimator__max_depth=16, estimator__min_samples_split=16, estimator__n_estimators=68; total time=   0.0s
[CV] END estimator__criterion=squared_error, estimator__learning_rate=0.01, estimator__max_depth=16, estimator__min_samples_split=16, estimator__n_estimators=68; total time=   0.0s
[CV] END estimator__criterion=squared_error, estimator__learning_rate=0.01, estimator__max_depth=16, estimator__min_samples_split=16, estimator__n_estimators=84; total time=   0.0s
[CV] END estimator__criterion=squared_error, estimator__learning_rate=0.01, estimator__max_depth=16, estimator__min_samples_split=16, estimator__n_estimators=84; total time=   0.0s
[CV] END estimator__criterion=squared_error, estimator__learning_rate=0.01, estimator__max_depth=18, estimator__min_samples_split=10, estimator__n_estimators=68; total time=   0.0s
[CV] END estimator__criterion=squared_error, estimator__learning_rate=0.01, estimator__max_depth=18, estimator__min_samples_split=10, estimator__n_estimators=68; total time=   0.0s
[CV] END estimator__criterion=squared_error, estimator__learning_rate=0.01, estimator__max_depth=18, estimator__min_samples_split=10, estimator__n_estimators=68; total time=   0.0s
[CV] END estimator__criterion=squared_error, estimator__learning_rate=0.01, estimator__max_depth=18, estimator__min_samples_split=10, estimator__n_estimators=68; total time=   0.0s
[CV] END estimator__criterion=squared_error, estimator__learning_rate=0.1, estimator__max_depth=14, estimator__min_samples_split=12, estimator__n_estimators=68; total time=   0.0s
[CV] END estimator__criterion=squared_error, estimator__learning_rate=0.1, estimator__max_depth=14, estimator__min_samples_split=12, estimator__n_estimators=68; total time=   0.0s
[CV] END estimator__criterion=squared_error, estimator__learning_rate=0.1, estimator__max_depth=14, estimator__min_samples_split=12, estimator__n_estimators=68; total time=   0.0s
[CV] END estimator__criterion=squared_error, estimator__learning_rate=0.1, estimator__max_depth=14, estimator__min_samples_split=12, estimator__n_estimators=84; total time=   0.0s
[CV] END estimator__criterion=squared_error, estimator__learning_rate=0.1, estimator__max_depth=15, estimator__min_samples_split=16, estimator__n_estimators=20; total time=   0.0s
[CV] END estimator__criterion=squared_error, estimator__learning_rate=0.1, estimator__max_depth=15, estimator__min_samples_split=16, estimator__n_estimators=20; total time=   0.0s
[CV] END estimator__criterion=squared_error, estimator__learning_rate=0.1, estimator__max_depth=15, estimator__min_samples_split=16, estimator__n_estimators=20; total time=   0.0s
[CV] END estimator__criterion=squared_error, estimator__learning_rate=0.1, estimator__max_depth=15, estimator__min_samples_split=16, estimator__n_estimators=36; total time=   0.0s
[CV] END estimator__criterion=squared_error, estimator__learning_rate=0.1, estimator__max_depth=16, estimator__min_samples_split=10, estimator__n_estimators=68; total time=   0.0s
[CV] END estimator__criterion=squared_error, estimator__learning_rate=0.1, estimator__max_depth=16, estimator__min_samples_split=10, estimator__n_estimators=68; total time=   0.0s
[CV] END estimator__criterion=squared_error, estimator__learning_rate=0.1, estimator__max_depth=16, estimator__min_samples_split=10, estimator__n_estimators=68; total time=   0.0s
[CV] END estimator__criterion=squared_error, estimator__learning_rate=0.1, estimator__max_depth=16, estimator__min_samples_split=10, estimator__n_estimators=68; total time=   0.0s
[CV] END estimator__criterion=squared_error, estimator__learning_rate=0.1, estimator__max_depth=17, estimator__min_samples_split=14, estimator__n_estimators=20; total time=   0.0s[CV] END estimator__criterion=squared_error, estimator__learning_rate=0.001, estimator__max_depth=14, estimator__min_samples_split=10, estimator__n_estimators=36; total time=   0.0s
[CV] END estimator__criterion=squared_error, estimator__learning_rate=0.001, estimator__max_depth=15, estimator__min_samples_split=18, estimator__n_estimators=20; total time=   0.0s
[CV] END estimator__criterion=squared_error, estimator__learning_rate=0.001, estimator__max_depth=15, estimator__min_samples_split=18, estimator__n_estimators=20; total time=   0.0s
[CV] END estimator__criterion=squared_error, estimator__learning_rate=0.001, estimator__max_depth=16, estimator__min_samples_split=10, estimator__n_estimators=20; total time=   0.0s
[CV] END estimator__criterion=squared_error, estimator__learning_rate=0.001, estimator__max_depth=16, estimator__min_samples_split=10, estimator__n_estimators=20; total time=   0.0s
[CV] END estimator__criterion=squared_error, estimator__learning_rate=0.001, estimator__max_depth=16, estimator__min_samples_split=10, estimator__n_estimators=84; total time=   0.0s
[CV] END estimator__criterion=squared_error, estimator__learning_rate=0.001, estimator__max_depth=16, estimator__min_samples_split=10, estimator__n_estimators=84; total time=   0.0s
[CV] END estimator__criterion=squared_error, estimator__learning_rate=0.001, estimator__max_depth=17, estimator__min_samples_split=10, estimator__n_estimators=36; total time=   0.0s
[CV] END estimator__criterion=squared_error, estimator__learning_rate=0.001, estimator__max_depth=17, estimator__min_samples_split=10, estimator__n_estimators=36; total time=   0.0s
[CV] END estimator__criterion=squared_error, estimator__learning_rate=0.001, estimator__max_depth=17, estimator__min_samples_split=10, estimator__n_estimators=36; total time=   0.0s
[CV] END estimator__criterion=squared_error, estimator__learning_rate=0.001, estimator__max_depth=17, estimator__min_samples_split=10, estimator__n_estimators=36; total time=   0.0s
[CV] END estimator__criterion=squared_error, estimator__learning_rate=0.001, estimator__max_depth=17, estimator__min_samples_split=18, estimator__n_estimators=36; total time=   0.0s
[CV] END estimator__criterion=squared_error, estimator__learning_rate=0.001, estimator__max_depth=17, estimator__min_samples_split=18, estimator__n_estimators=52; total time=   0.0s
[CV] END estimator__criterion=squared_error, estimator__learning_rate=0.001, estimator__max_depth=17, estimator__min_samples_split=18, estimator__n_estimators=52; total time=   0.0s
[CV] END estimator__criterion=squared_error, estimator__learning_rate=0.001, estimator__max_depth=17, estimator__min_samples_split=18, estimator__n_estimators=52; total time=   0.0s
[CV] END estimator__criterion=squared_error, estimator__learning_rate=0.001, estimator__max_depth=18, estimator__min_samples_split=18, estimator__n_estimators=36; total time=   0.0s
[CV] END estimator__criterion=squared_error, estimator__learning_rate=0.001, estimator__max_depth=18, estimator__min_samples_split=18, estimator__n_estimators=36; total time=   0.0s
[CV] END estimator__criterion=squared_error, estimator__learning_rate=0.001, estimator__max_depth=18, estimator__min_samples_split=18, estimator__n_estimators=52; total time=   0.0s
[CV] END estimator__criterion=squared_error, estimator__learning_rate=0.001, estimator__max_depth=18, estimator__min_samples_split=18, estimator__n_estimators=52; total time=   0.0s
[CV] END estimator__criterion=squared_error, estimator__learning_rate=0.01, estimator__max_depth=14, estimator__min_samples_split=16, estimator__n_estimators=84; total time=   0.0s
[CV] END estimator__criterion=squared_error, estimator__learning_rate=0.01, estimator__max_depth=14, estimator__min_samples_split=16, estimator__n_estimators=84; total time=   0.0s
[CV] END estimator__criterion=squared_error, estimator__learning_rate=0.01, estimator__max_depth=14, estimator__min_samples_split=16, estimator__n_estimators=84; total time=   0.0s
[CV] END estimator__criterion=squared_error, estimator__learning_rate=0.01, estimator__max_depth=14, estimator__min_samples_split=16, estimator__n_estimators=84; total time=   0.0s
[CV] END estimator__criterion=squared_error, estimator__learning_rate=0.01, estimator__max_depth=16, estimator__min_samples_split=12, estimator__n_estimators=36; total time=   0.0s
[CV] END estimator__criterion=squared_error, estimator__learning_rate=0.01, estimator__max_depth=16, estimator__min_samples_split=12, estimator__n_estimators=36; total time=   0.0s
[CV] END estimator__criterion=squared_error, estimator__learning_rate=0.01, estimator__max_depth=16, estimator__min_samples_split=12, estimator__n_estimators=52; total time=   0.0s
[CV] END estimator__criterion=squared_error, estimator__learning_rate=0.01, estimator__max_depth=16, estimator__min_samples_split=12, estimator__n_estimators=52; total time=   0.0s
[CV] END estimator__criterion=squared_error, estimator__learning_rate=0.01, estimator__max_depth=17, estimator__min_samples_split=10, estimator__n_estimators=84; total time=   0.0s
[CV] END estimator__criterion=squared_error, estimator__learning_rate=0.01, estimator__max_depth=17, estimator__min_samples_split=10, estimator__n_estimators=84; total time=   0.0s
[CV] END estimator__criterion=squared_error, estimator__learning_rate=0.01, estimator__max_depth=17, estimator__min_samples_split=10, estimator__n_estimators=84; total time=   0.0s
[CV] END estimator__criterion=squared_error, estimator__learning_rate=0.01, estimator__max_depth=17, estimator__min_samples_split=10, estimator__n_estimators=84; total time=   0.0s
[CV] END estimator__criterion=squared_error, estimator__learning_rate=0.01, estimator__max_depth=18, estimator__min_samples_split=16, estimator__n_estimators=20; total time=   0.0s
[CV] END estimator__criterion=squared_error, estimator__learning_rate=0.01, estimator__max_depth=18, estimator__min_samples_split=16, estimator__n_estimators=20; total time=   0.0s
[CV] END estimator__criterion=squared_error, estimator__learning_rate=0.01, estimator__max_depth=18, estimator__min_samples_split=16, estimator__n_estimators=20; total time=   0.0s
[CV] END estimator__criterion=squared_error, estimator__learning_rate=0.01, estimator__max_depth=18, estimator__min_samples_split=16, estimator__n_estimators=20; total time=   0.0s
[CV] END estimator__criterion=squared_error, estimator__learning_rate=0.1, estimator__max_depth=14, estimator__min_samples_split=10, estimator__n_estimators=52; total time=   0.0s
[CV] END estimator__criterion=squared_error, estimator__learning_rate=0.1, estimator__max_depth=14, estimator__min_samples_split=10, estimator__n_estimators=68; total time=   0.0s
[CV] END estimator__criterion=squared_error, estimator__learning_rate=0.1, estimator__max_depth=14, estimator__min_samples_split=10, estimator__n_estimators=68; total time=   0.0s
[CV] END estimator__criterion=squared_error, estimator__learning_rate=0.1, estimator__max_depth=14, estimator__min_samples_split=10, estimator__n_estimators=68; total time=   0.0s
[CV] END estimator__criterion=squared_error, estimator__learning_rate=0.1, estimator__max_depth=15, estimator__min_samples_split=12, estimator__n_estimators=68; total time=   0.0s
[CV] END estimator__criterion=squared_error, estimator__learning_rate=0.1, estimator__max_depth=15, estimator__min_samples_split=12, estimator__n_estimators=68; total time=   0.0s
[CV] END estimator__criterion=squared_error, estimator__learning_rate=0.1, estimator__max_depth=15, estimator__min_samples_split=12, estimator__n_estimators=68; total time=   0.0s
[CV] END estimator__criterion=squared_error, estimator__learning_rate=0.1, estimator__max_depth=15, estimator__min_samples_split=12, estimator__n_estimators=68; total time=   0.0s
[CV] END estimator__criterion=squared_error, estimator__learning_rate=0.1, estimator__max_depth=16, estimator__min_samples_split=16, estimator__n_estimators=84; total time=   0.0s
[CV] END estimator__criterion=squared_error, estimator__learning_rate=0.1, estimator__max_depth=16, estimator__min_samples_split=16, estimator__n_estimators=84; total time=   0.0s[CV] END estimator__criterion=squared_error, estimator__learning_rate=0.001, estimator__max_depth=14, estimator__min_samples_split=10, estimator__n_estimators=36; total time=   0.0s
[CV] END estimator__criterion=squared_error, estimator__learning_rate=0.001, estimator__max_depth=15, estimator__min_samples_split=18, estimator__n_estimators=52; total time=   0.0s
[CV] END estimator__criterion=squared_error, estimator__learning_rate=0.001, estimator__max_depth=15, estimator__min_samples_split=18, estimator__n_estimators=52; total time=   0.0s
[CV] END estimator__criterion=squared_error, estimator__learning_rate=0.001, estimator__max_depth=16, estimator__min_samples_split=12, estimator__n_estimators=36; total time=   0.0s
[CV] END estimator__criterion=squared_error, estimator__learning_rate=0.001, estimator__max_depth=16, estimator__min_samples_split=12, estimator__n_estimators=36; total time=   0.0s
[CV] END estimator__criterion=squared_error, estimator__learning_rate=0.001, estimator__max_depth=16, estimator__min_samples_split=14, estimator__n_estimators=36; total time=   0.0s
[CV] END estimator__criterion=squared_error, estimator__learning_rate=0.001, estimator__max_depth=16, estimator__min_samples_split=14, estimator__n_estimators=36; total time=   0.0s
[CV] END estimator__criterion=squared_error, estimator__learning_rate=0.001, estimator__max_depth=16, estimator__min_samples_split=18, estimator__n_estimators=84; total time=   0.0s
[CV] END estimator__criterion=squared_error, estimator__learning_rate=0.001, estimator__max_depth=16, estimator__min_samples_split=18, estimator__n_estimators=84; total time=   0.0s
[CV] END estimator__criterion=squared_error, estimator__learning_rate=0.001, estimator__max_depth=16, estimator__min_samples_split=18, estimator__n_estimators=84; total time=   0.0s
[CV] END estimator__criterion=squared_error, estimator__learning_rate=0.001, estimator__max_depth=17, estimator__min_samples_split=10, estimator__n_estimators=20; total time=   0.0s
[CV] END estimator__criterion=squared_error, estimator__learning_rate=0.001, estimator__max_depth=18, estimator__min_samples_split=12, estimator__n_estimators=68; total time=   0.0s
[CV] END estimator__criterion=squared_error, estimator__learning_rate=0.001, estimator__max_depth=18, estimator__min_samples_split=12, estimator__n_estimators=84; total time=   0.0s
[CV] END estimator__criterion=squared_error, estimator__learning_rate=0.001, estimator__max_depth=18, estimator__min_samples_split=12, estimator__n_estimators=84; total time=   0.0s
[CV] END estimator__criterion=squared_error, estimator__learning_rate=0.001, estimator__max_depth=18, estimator__min_samples_split=12, estimator__n_estimators=84; total time=   0.0s
[CV] END estimator__criterion=squared_error, estimator__learning_rate=0.01, estimator__max_depth=14, estimator__min_samples_split=18, estimator__n_estimators=52; total time=   0.0s
[CV] END estimator__criterion=squared_error, estimator__learning_rate=0.01, estimator__max_depth=14, estimator__min_samples_split=18, estimator__n_estimators=52; total time=   0.0s
[CV] END estimator__criterion=squared_error, estimator__learning_rate=0.01, estimator__max_depth=14, estimator__min_samples_split=18, estimator__n_estimators=52; total time=   0.0s
[CV] END estimator__criterion=squared_error, estimator__learning_rate=0.01, estimator__max_depth=14, estimator__min_samples_split=18, estimator__n_estimators=52; total time=   0.0s
[CV] END estimator__criterion=squared_error, estimator__learning_rate=0.01, estimator__max_depth=15, estimator__min_samples_split=18, estimator__n_estimators=52; total time=   0.0s
[CV] END estimator__criterion=squared_error, estimator__learning_rate=0.01, estimator__max_depth=15, estimator__min_samples_split=18, estimator__n_estimators=68; total time=   0.0s
[CV] END estimator__criterion=squared_error, estimator__learning_rate=0.01, estimator__max_depth=15, estimator__min_samples_split=18, estimator__n_estimators=68; total time=   0.0s
[CV] END estimator__criterion=squared_error, estimator__learning_rate=0.01, estimator__max_depth=15, estimator__min_samples_split=18, estimator__n_estimators=68; total time=   0.0s
[CV] END estimator__criterion=squared_error, estimator__learning_rate=0.01, estimator__max_depth=17, estimator__min_samples_split=12, estimator__n_estimators=68; total time=   0.0s
[CV] END estimator__criterion=squared_error, estimator__learning_rate=0.01, estimator__max_depth=17, estimator__min_samples_split=12, estimator__n_estimators=68; total time=   0.0s
[CV] END estimator__criterion=squared_error, estimator__learning_rate=0.01, estimator__max_depth=17, estimator__min_samples_split=12, estimator__n_estimators=68; total time=   0.0s
[CV] END estimator__criterion=squared_error, estimator__learning_rate=0.01, estimator__max_depth=17, estimator__min_samples_split=12, estimator__n_estimators=68; total time=   0.0s
[CV] END estimator__criterion=squared_error, estimator__learning_rate=0.01, estimator__max_depth=18, estimator__min_samples_split=16, estimator__n_estimators=36; total time=   0.0s
[CV] END estimator__criterion=squared_error, estimator__learning_rate=0.01, estimator__max_depth=18, estimator__min_samples_split=16, estimator__n_estimators=36; total time=   0.0s
[CV] END estimator__criterion=squared_error, estimator__learning_rate=0.01, estimator__max_depth=18, estimator__min_samples_split=16, estimator__n_estimators=52; total time=   0.0s
[CV] END estimator__criterion=squared_error, estimator__learning_rate=0.01, estimator__max_depth=18, estimator__min_samples_split=16, estimator__n_estimators=52; total time=   0.0s
[CV] END estimator__criterion=squared_error, estimator__learning_rate=0.1, estimator__max_depth=14, estimator__min_samples_split=14, estimator__n_estimators=36; total time=   0.0s
[CV] END estimator__criterion=squared_error, estimator__learning_rate=0.1, estimator__max_depth=14, estimator__min_samples_split=14, estimator__n_estimators=36; total time=   0.0s
[CV] END estimator__criterion=squared_error, estimator__learning_rate=0.1, estimator__max_depth=14, estimator__min_samples_split=14, estimator__n_estimators=52; total time=   0.0s
[CV] END estimator__criterion=squared_error, estimator__learning_rate=0.1, estimator__max_depth=14, estimator__min_samples_split=14, estimator__n_estimators=52; total time=   0.0s
[CV] END estimator__criterion=squared_error, estimator__learning_rate=0.1, estimator__max_depth=15, estimator__min_samples_split=12, estimator__n_estimators=52; total time=   0.0s
[CV] END estimator__criterion=squared_error, estimator__learning_rate=0.1, estimator__max_depth=15, estimator__min_samples_split=12, estimator__n_estimators=52; total time=   0.0s
[CV] END estimator__criterion=squared_error, estimator__learning_rate=0.1, estimator__max_depth=15, estimator__min_samples_split=12, estimator__n_estimators=52; total time=   0.0s
[CV] END estimator__criterion=squared_error, estimator__learning_rate=0.1, estimator__max_depth=15, estimator__min_samples_split=12, estimator__n_estimators=68; total time=   0.0s
[CV] END estimator__criterion=squared_error, estimator__learning_rate=0.1, estimator__max_depth=16, estimator__min_samples_split=12, estimator__n_estimators=84; total time=   0.0s
[CV] END estimator__criterion=squared_error, estimator__learning_rate=0.1, estimator__max_depth=16, estimator__min_samples_split=12, estimator__n_estimators=84; total time=   0.0s
[CV] END estimator__criterion=squared_error, estimator__learning_rate=0.1, estimator__max_depth=16, estimator__min_samples_split=14, estimator__n_estimators=20; total time=   0.0s
[CV] END estimator__criterion=squared_error, estimator__learning_rate=0.1, estimator__max_depth=16, estimator__min_samples_split=14, estimator__n_estimators=20; total time=   0.0s
[CV] END estimator__criterion=squared_error, estimator__learning_rate=0.1, estimator__max_depth=17, estimator__min_samples_split=12, estimator__n_estimators=52; total time=   0.0s
[CV] END estimator__criterion=squared_error, estimator__learning_rate=0.1, estimator__max_depth=17, estimator__min_samples_split=12, estimator__n_estimators=68; total time=   0.0s
[CV] END estimator__criterion=squared_error, estimator__learning_rate=0.1, estimator__max_depth=17, estimator__min_samples_split=12, estimator__n_estimators=68; total time=   0.0s[CV] END estimator__criterion=squared_error, estimator__learning_rate=0.001, estimator__max_depth=14, estimator__min_samples_split=10, estimator__n_estimators=84; total time=   0.0s
[CV] END estimator__criterion=squared_error, estimator__learning_rate=0.001, estimator__max_depth=17, estimator__min_samples_split=10, estimator__n_estimators=68; total time=   0.0s
[CV] END estimator__criterion=squared_error, estimator__learning_rate=0.001, estimator__max_depth=17, estimator__min_samples_split=10, estimator__n_estimators=68; total time=   0.0s
[CV] END estimator__criterion=squared_error, estimator__learning_rate=0.001, estimator__max_depth=17, estimator__min_samples_split=10, estimator__n_estimators=68; total time=   0.0s
[CV] END estimator__criterion=squared_error, estimator__learning_rate=0.001, estimator__max_depth=17, estimator__min_samples_split=10, estimator__n_estimators=84; total time=   0.0s
[CV] END estimator__criterion=squared_error, estimator__learning_rate=0.001, estimator__max_depth=18, estimator__min_samples_split=16, estimator__n_estimators=36; total time=   0.0s
[CV] END estimator__criterion=squared_error, estimator__learning_rate=0.001, estimator__max_depth=18, estimator__min_samples_split=16, estimator__n_estimators=52; total time=   0.0s
[CV] END estimator__criterion=squared_error, estimator__learning_rate=0.001, estimator__max_depth=18, estimator__min_samples_split=16, estimator__n_estimators=52; total time=   0.0s
[CV] END estimator__criterion=squared_error, estimator__learning_rate=0.001, estimator__max_depth=18, estimator__min_samples_split=16, estimator__n_estimators=52; total time=   0.0s
[CV] END estimator__criterion=squared_error, estimator__learning_rate=0.01, estimator__max_depth=14, estimator__min_samples_split=16, estimator__n_estimators=20; total time=   0.0s
[CV] END estimator__criterion=squared_error, estimator__learning_rate=0.01, estimator__max_depth=14, estimator__min_samples_split=16, estimator__n_estimators=36; total time=   0.0s
[CV] END estimator__criterion=squared_error, estimator__learning_rate=0.01, estimator__max_depth=14, estimator__min_samples_split=16, estimator__n_estimators=36; total time=   0.0s
[CV] END estimator__criterion=squared_error, estimator__learning_rate=0.01, estimator__max_depth=14, estimator__min_samples_split=16, estimator__n_estimators=36; total time=   0.0s
[CV] END estimator__criterion=squared_error, estimator__learning_rate=0.01, estimator__max_depth=15, estimator__min_samples_split=12, estimator__n_estimators=84; total time=   0.0s
[CV] END estimator__criterion=squared_error, estimator__learning_rate=0.01, estimator__max_depth=15, estimator__min_samples_split=12, estimator__n_estimators=84; total time=   0.0s
[CV] END estimator__criterion=squared_error, estimator__learning_rate=0.01, estimator__max_depth=15, estimator__min_samples_split=12, estimator__n_estimators=84; total time=   0.0s
[CV] END estimator__criterion=squared_error, estimator__learning_rate=0.01, estimator__max_depth=15, estimator__min_samples_split=12, estimator__n_estimators=84; total time=   0.0s
[CV] END estimator__criterion=squared_error, estimator__learning_rate=0.01, estimator__max_depth=16, estimator__min_samples_split=16, estimator__n_estimators=52; total time=   0.0s
[CV] END estimator__criterion=squared_error, estimator__learning_rate=0.01, estimator__max_depth=16, estimator__min_samples_split=16, estimator__n_estimators=52; total time=   0.0s
[CV] END estimator__criterion=squared_error, estimator__learning_rate=0.01, estimator__max_depth=16, estimator__min_samples_split=16, estimator__n_estimators=52; total time=   0.0s
[CV] END estimator__criterion=squared_error, estimator__learning_rate=0.01, estimator__max_depth=16, estimator__min_samples_split=16, estimator__n_estimators=52; total time=   0.0s
[CV] END estimator__criterion=squared_error, estimator__learning_rate=0.01, estimator__max_depth=17, estimator__min_samples_split=16, estimator__n_estimators=36; total time=   0.0s
[CV] END estimator__criterion=squared_error, estimator__learning_rate=0.01, estimator__max_depth=17, estimator__min_samples_split=16, estimator__n_estimators=36; total time=   0.0s
[CV] END estimator__criterion=squared_error, estimator__learning_rate=0.01, estimator__max_depth=17, estimator__min_samples_split=16, estimator__n_estimators=36; total time=   0.0s
[CV] END estimator__criterion=squared_error, estimator__learning_rate=0.01, estimator__max_depth=17, estimator__min_samples_split=16, estimator__n_estimators=36; total time=   0.0s
[CV] END estimator__criterion=squared_error, estimator__learning_rate=0.01, estimator__max_depth=18, estimator__min_samples_split=14, estimator__n_estimators=36; total time=   0.0s
[CV] END estimator__criterion=squared_error, estimator__learning_rate=0.01, estimator__max_depth=18, estimator__min_samples_split=14, estimator__n_estimators=36; total time=   0.0s
[CV] END estimator__criterion=squared_error, estimator__learning_rate=0.01, estimator__max_depth=18, estimator__min_samples_split=14, estimator__n_estimators=36; total time=   0.0s
[CV] END estimator__criterion=squared_error, estimator__learning_rate=0.01, estimator__max_depth=18, estimator__min_samples_split=14, estimator__n_estimators=36; total time=   0.0s
[CV] END estimator__criterion=squared_error, estimator__learning_rate=0.1, estimator__max_depth=14, estimator__min_samples_split=12, estimator__n_estimators=20; total time=   0.0s
[CV] END estimator__criterion=squared_error, estimator__learning_rate=0.1, estimator__max_depth=14, estimator__min_samples_split=12, estimator__n_estimators=20; total time=   0.0s
[CV] END estimator__criterion=squared_error, estimator__learning_rate=0.1, estimator__max_depth=14, estimator__min_samples_split=12, estimator__n_estimators=20; total time=   0.0s
[CV] END estimator__criterion=squared_error, estimator__learning_rate=0.1, estimator__max_depth=14, estimator__min_samples_split=12, estimator__n_estimators=20; total time=   0.0s
[CV] END estimator__criterion=squared_error, estimator__learning_rate=0.1, estimator__max_depth=14, estimator__min_samples_split=14, estimator__n_estimators=84; total time=   0.0s
[CV] END estimator__criterion=squared_error, estimator__learning_rate=0.1, estimator__max_depth=14, estimator__min_samples_split=14, estimator__n_estimators=84; total time=   0.0s
[CV] END estimator__criterion=squared_error, estimator__learning_rate=0.1, estimator__max_depth=14, estimator__min_samples_split=14, estimator__n_estimators=84; total time=   0.0s
[CV] END estimator__criterion=squared_error, estimator__learning_rate=0.1, estimator__max_depth=14, estimator__min_samples_split=14, estimator__n_estimators=84; total time=   0.0s
[CV] END estimator__criterion=squared_error, estimator__learning_rate=0.1, estimator__max_depth=16, estimator__min_samples_split=10, estimator__n_estimators=52; total time=   0.0s
[CV] END estimator__criterion=squared_error, estimator__learning_rate=0.1, estimator__max_depth=16, estimator__min_samples_split=10, estimator__n_estimators=52; total time=   0.0s
[CV] END estimator__criterion=squared_error, estimator__learning_rate=0.1, estimator__max_depth=16, estimator__min_samples_split=10, estimator__n_estimators=52; total time=   0.0s
[CV] END estimator__criterion=squared_error, estimator__learning_rate=0.1, estimator__max_depth=16, estimator__min_samples_split=10, estimator__n_estimators=68; total time=   0.0s
[CV] END estimator__criterion=squared_error, estimator__learning_rate=0.1, estimator__max_depth=17, estimator__min_samples_split=10, estimator__n_estimators=84; total time=   0.0s
[CV] END estimator__criterion=squared_error, estimator__learning_rate=0.1, estimator__max_depth=17, estimator__min_samples_split=10, estimator__n_estimators=84; total time=   0.0s
[CV] END estimator__criterion=squared_error, estimator__learning_rate=0.1, estimator__max_depth=17, estimator__min_samples_split=12, estimator__n_estimators=20; total time=   0.0s
[CV] END estimator__criterion=squared_error, estimator__learning_rate=0.1, estimator__max_depth=17, estimator__min_samples_split=12, estimator__n_estimators=20; total time=   0.0s
[CV] END estimator__criterion=squared_error, estimator__learning_rate=0.1, estimator__max_depth=18, estimator__min_samples_split=10, estimator__n_estimators=52; total time=   0.0s[CV] END estimator__criterion=squared_error, estimator__learning_rate=0.001, estimator__max_depth=14, estimator__min_samples_split=12, estimator__n_estimators=36; total time=   0.0s
[CV] END estimator__criterion=squared_error, estimator__learning_rate=0.001, estimator__max_depth=17, estimator__min_samples_split=12, estimator__n_estimators=20; total time=   0.0s
[CV] END estimator__criterion=squared_error, estimator__learning_rate=0.001, estimator__max_depth=17, estimator__min_samples_split=12, estimator__n_estimators=36; total time=   0.0s
[CV] END estimator__criterion=squared_error, estimator__learning_rate=0.001, estimator__max_depth=17, estimator__min_samples_split=12, estimator__n_estimators=36; total time=   0.0s
[CV] END estimator__criterion=squared_error, estimator__learning_rate=0.001, estimator__max_depth=17, estimator__min_samples_split=12, estimator__n_estimators=36; total time=   0.0s
[CV] END estimator__criterion=squared_error, estimator__learning_rate=0.001, estimator__max_depth=17, estimator__min_samples_split=18, estimator__n_estimators=20; total time=   0.0s
[CV] END estimator__criterion=squared_error, estimator__learning_rate=0.001, estimator__max_depth=17, estimator__min_samples_split=18, estimator__n_estimators=20; total time=   0.0s
[CV] END estimator__criterion=squared_error, estimator__learning_rate=0.001, estimator__max_depth=17, estimator__min_samples_split=18, estimator__n_estimators=20; total time=   0.0s
[CV] END estimator__criterion=squared_error, estimator__learning_rate=0.001, estimator__max_depth=17, estimator__min_samples_split=18, estimator__n_estimators=20; total time=   0.0s
[CV] END estimator__criterion=squared_error, estimator__learning_rate=0.001, estimator__max_depth=18, estimator__min_samples_split=12, estimator__n_estimators=36; total time=   0.0s
[CV] END estimator__criterion=squared_error, estimator__learning_rate=0.001, estimator__max_depth=18, estimator__min_samples_split=12, estimator__n_estimators=36; total time=   0.0s
[CV] END estimator__criterion=squared_error, estimator__learning_rate=0.001, estimator__max_depth=18, estimator__min_samples_split=12, estimator__n_estimators=36; total time=   0.0s
[CV] END estimator__criterion=squared_error, estimator__learning_rate=0.001, estimator__max_depth=18, estimator__min_samples_split=12, estimator__n_estimators=52; total time=   0.0s
[CV] END estimator__criterion=squared_error, estimator__learning_rate=0.01, estimator__max_depth=14, estimator__min_samples_split=10, estimator__n_estimators=68; total time=   0.0s
[CV] END estimator__criterion=squared_error, estimator__learning_rate=0.01, estimator__max_depth=14, estimator__min_samples_split=10, estimator__n_estimators=84; total time=   0.0s
[CV] END estimator__criterion=squared_error, estimator__learning_rate=0.01, estimator__max_depth=14, estimator__min_samples_split=10, estimator__n_estimators=84; total time=   0.0s
[CV] END estimator__criterion=squared_error, estimator__learning_rate=0.01, estimator__max_depth=14, estimator__min_samples_split=10, estimator__n_estimators=84; total time=   0.0s
[CV] END estimator__criterion=squared_error, estimator__learning_rate=0.01, estimator__max_depth=15, estimator__min_samples_split=18, estimator__n_estimators=52; total time=   0.0s
[CV] END estimator__criterion=squared_error, estimator__learning_rate=0.01, estimator__max_depth=15, estimator__min_samples_split=18, estimator__n_estimators=52; total time=   0.0s
[CV] END estimator__criterion=squared_error, estimator__learning_rate=0.01, estimator__max_depth=15, estimator__min_samples_split=18, estimator__n_estimators=52; total time=   0.0s
[CV] END estimator__criterion=squared_error, estimator__learning_rate=0.01, estimator__max_depth=15, estimator__min_samples_split=18, estimator__n_estimators=52; total time=   0.0s
[CV] END estimator__criterion=squared_error, estimator__learning_rate=0.01, estimator__max_depth=17, estimator__min_samples_split=10, estimator__n_estimators=84; total time=   0.0s
[CV] END estimator__criterion=squared_error, estimator__learning_rate=0.01, estimator__max_depth=17, estimator__min_samples_split=12, estimator__n_estimators=20; total time=   0.0s
[CV] END estimator__criterion=squared_error, estimator__learning_rate=0.01, estimator__max_depth=17, estimator__min_samples_split=12, estimator__n_estimators=20; total time=   0.0s
[CV] END estimator__criterion=squared_error, estimator__learning_rate=0.01, estimator__max_depth=17, estimator__min_samples_split=12, estimator__n_estimators=20; total time=   0.0s
[CV] END estimator__criterion=squared_error, estimator__learning_rate=0.01, estimator__max_depth=17, estimator__min_samples_split=18, estimator__n_estimators=36; total time=   0.0s
[CV] END estimator__criterion=squared_error, estimator__learning_rate=0.01, estimator__max_depth=17, estimator__min_samples_split=18, estimator__n_estimators=36; total time=   0.0s
[CV] END estimator__criterion=squared_error, estimator__learning_rate=0.01, estimator__max_depth=17, estimator__min_samples_split=18, estimator__n_estimators=52; total time=   0.0s
[CV] END estimator__criterion=squared_error, estimator__learning_rate=0.01, estimator__max_depth=17, estimator__min_samples_split=18, estimator__n_estimators=52; total time=   0.0s
[CV] END estimator__criterion=squared_error, estimator__learning_rate=0.01, estimator__max_depth=18, estimator__min_samples_split=16, estimator__n_estimators=84; total time=   0.0s
[CV] END estimator__criterion=squared_error, estimator__learning_rate=0.01, estimator__max_depth=18, estimator__min_samples_split=16, estimator__n_estimators=84; total time=   0.0s
[CV] END estimator__criterion=squared_error, estimator__learning_rate=0.01, estimator__max_depth=18, estimator__min_samples_split=16, estimator__n_estimators=84; total time=   0.0s
[CV] END estimator__criterion=squared_error, estimator__learning_rate=0.01, estimator__max_depth=18, estimator__min_samples_split=16, estimator__n_estimators=84; total time=   0.0s
[CV] END estimator__criterion=squared_error, estimator__learning_rate=0.1, estimator__max_depth=15, estimator__min_samples_split=10, estimator__n_estimators=84; total time=   0.0s
[CV] END estimator__criterion=squared_error, estimator__learning_rate=0.1, estimator__max_depth=15, estimator__min_samples_split=10, estimator__n_estimators=84; total time=   0.0s
[CV] END estimator__criterion=squared_error, estimator__learning_rate=0.1, estimator__max_depth=15, estimator__min_samples_split=10, estimator__n_estimators=84; total time=   0.0s
[CV] END estimator__criterion=squared_error, estimator__learning_rate=0.1, estimator__max_depth=15, estimator__min_samples_split=10, estimator__n_estimators=84; total time=   0.0s
[CV] END estimator__criterion=squared_error, estimator__learning_rate=0.1, estimator__max_depth=16, estimator__min_samples_split=18, estimator__n_estimators=20; total time=   0.0s
[CV] END estimator__criterion=squared_error, estimator__learning_rate=0.1, estimator__max_depth=16, estimator__min_samples_split=18, estimator__n_estimators=20; total time=   0.0s
[CV] END estimator__criterion=squared_error, estimator__learning_rate=0.1, estimator__max_depth=16, estimator__min_samples_split=18, estimator__n_estimators=20; total time=   0.0s
[CV] END estimator__criterion=squared_error, estimator__learning_rate=0.1, estimator__max_depth=16, estimator__min_samples_split=18, estimator__n_estimators=20; total time=   0.0s
[CV] END estimator__criterion=squared_error, estimator__learning_rate=0.1, estimator__max_depth=17, estimator__min_samples_split=12, estimator__n_estimators=52; total time=   0.0s
[CV] END estimator__criterion=squared_error, estimator__learning_rate=0.1, estimator__max_depth=17, estimator__min_samples_split=12, estimator__n_estimators=52; total time=   0.0s
[CV] END estimator__criterion=squared_error, estimator__learning_rate=0.1, estimator__max_depth=17, estimator__min_samples_split=12, estimator__n_estimators=52; total time=   0.0s
[CV] END estimator__criterion=squared_error, estimator__learning_rate=0.1, estimator__max_depth=17, estimator__min_samples_split=12, estimator__n_estimators=52; total time=   0.0s
[CV] END estimator__criterion=squared_error, estimator__learning_rate=0.1, estimator__max_depth=18, estimator__min_samples_split=10, estimator__n_estimators=84; total time=   0.0s[CV] END estimator__criterion=squared_error, estimator__learning_rate=0.001, estimator__max_depth=14, estimator__min_samples_split=10, estimator__n_estimators=52; total time=   0.0s
[CV] END estimator__criterion=squared_error, estimator__learning_rate=0.001, estimator__max_depth=16, estimator__min_samples_split=14, estimator__n_estimators=84; total time=   0.0s
[CV] END estimator__criterion=squared_error, estimator__learning_rate=0.001, estimator__max_depth=16, estimator__min_samples_split=14, estimator__n_estimators=84; total time=   0.0s
[CV] END estimator__criterion=squared_error, estimator__learning_rate=0.001, estimator__max_depth=16, estimator__min_samples_split=14, estimator__n_estimators=84; total time=   0.0s
[CV] END estimator__criterion=squared_error, estimator__learning_rate=0.001, estimator__max_depth=16, estimator__min_samples_split=14, estimator__n_estimators=84; total time=   0.0s
[CV] END estimator__criterion=squared_error, estimator__learning_rate=0.001, estimator__max_depth=18, estimator__min_samples_split=14, estimator__n_estimators=84; total time=   0.0s
[CV] END estimator__criterion=squared_error, estimator__learning_rate=0.001, estimator__max_depth=18, estimator__min_samples_split=14, estimator__n_estimators=84; total time=   0.0s
[CV] END estimator__criterion=squared_error, estimator__learning_rate=0.001, estimator__max_depth=18, estimator__min_samples_split=14, estimator__n_estimators=84; total time=   0.0s
[CV] END estimator__criterion=squared_error, estimator__learning_rate=0.001, estimator__max_depth=18, estimator__min_samples_split=16, estimator__n_estimators=20; total time=   0.0s
[CV] END estimator__criterion=squared_error, estimator__learning_rate=0.01, estimator__max_depth=14, estimator__min_samples_split=18, estimator__n_estimators=68; total time=   0.0s
[CV] END estimator__criterion=squared_error, estimator__learning_rate=0.01, estimator__max_depth=14, estimator__min_samples_split=18, estimator__n_estimators=68; total time=   0.0s
[CV] END estimator__criterion=squared_error, estimator__learning_rate=0.01, estimator__max_depth=14, estimator__min_samples_split=18, estimator__n_estimators=68; total time=   0.0s
[CV] END estimator__criterion=squared_error, estimator__learning_rate=0.01, estimator__max_depth=14, estimator__min_samples_split=18, estimator__n_estimators=68; total time=   0.0s
[CV] END estimator__criterion=squared_error, estimator__learning_rate=0.01, estimator__max_depth=16, estimator__min_samples_split=10, estimator__n_estimators=52; total time=   0.0s
[CV] END estimator__criterion=squared_error, estimator__learning_rate=0.01, estimator__max_depth=16, estimator__min_samples_split=10, estimator__n_estimators=52; total time=   0.0s
[CV] END estimator__criterion=squared_error, estimator__learning_rate=0.01, estimator__max_depth=16, estimator__min_samples_split=10, estimator__n_estimators=68; total time=   0.0s
[CV] END estimator__criterion=squared_error, estimator__learning_rate=0.01, estimator__max_depth=16, estimator__min_samples_split=10, estimator__n_estimators=68; total time=   0.0s
[CV] END estimator__criterion=squared_error, estimator__learning_rate=0.01, estimator__max_depth=17, estimator__min_samples_split=14, estimator__n_estimators=36; total time=   0.0s
[CV] END estimator__criterion=squared_error, estimator__learning_rate=0.01, estimator__max_depth=17, estimator__min_samples_split=14, estimator__n_estimators=36; total time=   0.0s
[CV] END estimator__criterion=squared_error, estimator__learning_rate=0.01, estimator__max_depth=17, estimator__min_samples_split=14, estimator__n_estimators=36; total time=   0.0s
[CV] END estimator__criterion=squared_error, estimator__learning_rate=0.01, estimator__max_depth=17, estimator__min_samples_split=14, estimator__n_estimators=36; total time=   0.0s
[CV] END estimator__criterion=squared_error, estimator__learning_rate=0.01, estimator__max_depth=18, estimator__min_samples_split=12, estimator__n_estimators=36; total time=   0.0s
[CV] END estimator__criterion=squared_error, estimator__learning_rate=0.01, estimator__max_depth=18, estimator__min_samples_split=12, estimator__n_estimators=36; total time=   0.0s
[CV] END estimator__criterion=squared_error, estimator__learning_rate=0.01, estimator__max_depth=18, estimator__min_samples_split=12, estimator__n_estimators=36; total time=   0.0s
[CV] END estimator__criterion=squared_error, estimator__learning_rate=0.01, estimator__max_depth=18, estimator__min_samples_split=12, estimator__n_estimators=36; total time=   0.0s
[CV] END estimator__criterion=squared_error, estimator__learning_rate=0.01, estimator__max_depth=18, estimator__min_samples_split=18, estimator__n_estimators=84; total time=   0.0s
[CV] END estimator__criterion=squared_error, estimator__learning_rate=0.01, estimator__max_depth=18, estimator__min_samples_split=18, estimator__n_estimators=84; total time=   0.0s
[CV] END estimator__criterion=squared_error, estimator__learning_rate=0.1, estimator__max_depth=14, estimator__min_samples_split=10, estimator__n_estimators=20; total time=   0.0s
[CV] END estimator__criterion=squared_error, estimator__learning_rate=0.1, estimator__max_depth=14, estimator__min_samples_split=10, estimator__n_estimators=20; total time=   0.0s
[CV] END estimator__criterion=squared_error, estimator__learning_rate=0.1, estimator__max_depth=14, estimator__min_samples_split=18, estimator__n_estimators=52; total time=   0.0s
[CV] END estimator__criterion=squared_error, estimator__learning_rate=0.1, estimator__max_depth=14, estimator__min_samples_split=18, estimator__n_estimators=52; total time=   0.0s
[CV] END estimator__criterion=squared_error, estimator__learning_rate=0.1, estimator__max_depth=14, estimator__min_samples_split=18, estimator__n_estimators=52; total time=   0.0s
[CV] END estimator__criterion=squared_error, estimator__learning_rate=0.1, estimator__max_depth=14, estimator__min_samples_split=18, estimator__n_estimators=52; total time=   0.0s
[CV] END estimator__criterion=squared_error, estimator__learning_rate=0.1, estimator__max_depth=15, estimator__min_samples_split=18, estimator__n_estimators=36; total time=   0.0s
[CV] END estimator__criterion=squared_error, estimator__learning_rate=0.1, estimator__max_depth=15, estimator__min_samples_split=18, estimator__n_estimators=52; total time=   0.0s
[CV] END estimator__criterion=squared_error, estimator__learning_rate=0.1, estimator__max_depth=15, estimator__min_samples_split=18, estimator__n_estimators=52; total time=   0.0s
[CV] END estimator__criterion=squared_error, estimator__learning_rate=0.1, estimator__max_depth=15, estimator__min_samples_split=18, estimator__n_estimators=52; total time=   0.0s
[CV] END estimator__criterion=squared_error, estimator__learning_rate=0.1, estimator__max_depth=16, estimator__min_samples_split=18, estimator__n_estimators=68; total time=   0.0s
[CV] END estimator__criterion=squared_error, estimator__learning_rate=0.1, estimator__max_depth=16, estimator__min_samples_split=18, estimator__n_estimators=68; total time=   0.0s
[CV] END estimator__criterion=squared_error, estimator__learning_rate=0.1, estimator__max_depth=16, estimator__min_samples_split=18, estimator__n_estimators=68; total time=   0.0s
[CV] END estimator__criterion=squared_error, estimator__learning_rate=0.1, estimator__max_depth=16, estimator__min_samples_split=18, estimator__n_estimators=68; total time=   0.0s
[CV] END estimator__criterion=squared_error, estimator__learning_rate=0.1, estimator__max_depth=18, estimator__min_samples_split=12, estimator__n_estimators=20; total time=   0.0s
[CV] END estimator__criterion=squared_error, estimator__learning_rate=0.1, estimator__max_depth=18, estimator__min_samples_split=12, estimator__n_estimators=20; total time=   0.0s
[CV] END estimator__criterion=squared_error, estimator__learning_rate=0.1, estimator__max_depth=18, estimator__min_samples_split=12, estimator__n_estimators=20; total time=   0.0s
[CV] END estimator__criterion=squared_error, estimator__learning_rate=0.1, estimator__max_depth=18, estimator__min_samples_split=12, estimator__n_estimators=20; total time=   0.0s
[CV] END estimator__criterion=squared_error, estimator__learning_rate=0.1, estimator__max_depth=18, estimator__min_samples_split=16, estimator__n_estimators=20; total time=   0.0s[CV] END estimator__criterion=squared_error, estimator__learning_rate=0.001, estimator__max_depth=14, estimator__min_samples_split=12, estimator__n_estimators=36; total time=   0.0s
[CV] END estimator__criterion=squared_error, estimator__learning_rate=0.001, estimator__max_depth=16, estimator__min_samples_split=18, estimator__n_estimators=52; total time=   0.0s
[CV] END estimator__criterion=squared_error, estimator__learning_rate=0.001, estimator__max_depth=16, estimator__min_samples_split=18, estimator__n_estimators=52; total time=   0.0s
[CV] END estimator__criterion=squared_error, estimator__learning_rate=0.001, estimator__max_depth=16, estimator__min_samples_split=18, estimator__n_estimators=52; total time=   0.0s
[CV] END estimator__criterion=squared_error, estimator__learning_rate=0.001, estimator__max_depth=16, estimator__min_samples_split=18, estimator__n_estimators=52; total time=   0.0s
[CV] END estimator__criterion=squared_error, estimator__learning_rate=0.001, estimator__max_depth=17, estimator__min_samples_split=18, estimator__n_estimators=84; total time=   0.0s
[CV] END estimator__criterion=squared_error, estimator__learning_rate=0.001, estimator__max_depth=17, estimator__min_samples_split=18, estimator__n_estimators=84; total time=   0.0s
[CV] END estimator__criterion=squared_error, estimator__learning_rate=0.001, estimator__max_depth=17, estimator__min_samples_split=18, estimator__n_estimators=84; total time=   0.0s
[CV] END estimator__criterion=squared_error, estimator__learning_rate=0.001, estimator__max_depth=17, estimator__min_samples_split=18, estimator__n_estimators=84; total time=   0.0s
[CV] END estimator__criterion=squared_error, estimator__learning_rate=0.01, estimator__max_depth=14, estimator__min_samples_split=12, estimator__n_estimators=84; total time=   0.0s
[CV] END estimator__criterion=squared_error, estimator__learning_rate=0.01, estimator__max_depth=14, estimator__min_samples_split=12, estimator__n_estimators=84; total time=   0.0s
[CV] END estimator__criterion=squared_error, estimator__learning_rate=0.01, estimator__max_depth=14, estimator__min_samples_split=12, estimator__n_estimators=84; total time=   0.0s
[CV] END estimator__criterion=squared_error, estimator__learning_rate=0.01, estimator__max_depth=14, estimator__min_samples_split=14, estimator__n_estimators=20; total time=   0.0s
[CV] END estimator__criterion=squared_error, estimator__learning_rate=0.01, estimator__max_depth=15, estimator__min_samples_split=14, estimator__n_estimators=52; total time=   0.0s
[CV] END estimator__criterion=squared_error, estimator__learning_rate=0.01, estimator__max_depth=15, estimator__min_samples_split=14, estimator__n_estimators=52; total time=   0.0s
[CV] END estimator__criterion=squared_error, estimator__learning_rate=0.01, estimator__max_depth=15, estimator__min_samples_split=14, estimator__n_estimators=52; total time=   0.0s
[CV] END estimator__criterion=squared_error, estimator__learning_rate=0.01, estimator__max_depth=15, estimator__min_samples_split=14, estimator__n_estimators=68; total time=   0.0s
[CV] END estimator__criterion=squared_error, estimator__learning_rate=0.01, estimator__max_depth=16, estimator__min_samples_split=14, estimator__n_estimators=68; total time=   0.0s
[CV] END estimator__criterion=squared_error, estimator__learning_rate=0.01, estimator__max_depth=16, estimator__min_samples_split=14, estimator__n_estimators=84; total time=   0.0s
[CV] END estimator__criterion=squared_error, estimator__learning_rate=0.01, estimator__max_depth=16, estimator__min_samples_split=14, estimator__n_estimators=84; total time=   0.0s
[CV] END estimator__criterion=squared_error, estimator__learning_rate=0.01, estimator__max_depth=16, estimator__min_samples_split=14, estimator__n_estimators=84; total time=   0.0s
[CV] END estimator__criterion=squared_error, estimator__learning_rate=0.01, estimator__max_depth=17, estimator__min_samples_split=18, estimator__n_estimators=20; total time=   0.0s
[CV] END estimator__criterion=squared_error, estimator__learning_rate=0.01, estimator__max_depth=17, estimator__min_samples_split=18, estimator__n_estimators=20; total time=   0.0s
[CV] END estimator__criterion=squared_error, estimator__learning_rate=0.01, estimator__max_depth=17, estimator__min_samples_split=18, estimator__n_estimators=20; total time=   0.0s
[CV] END estimator__criterion=squared_error, estimator__learning_rate=0.01, estimator__max_depth=17, estimator__min_samples_split=18, estimator__n_estimators=20; total time=   0.0s
[CV] END estimator__criterion=squared_error, estimator__learning_rate=0.01, estimator__max_depth=18, estimator__min_samples_split=12, estimator__n_estimators=52; total time=   0.0s
[CV] END estimator__criterion=squared_error, estimator__learning_rate=0.01, estimator__max_depth=18, estimator__min_samples_split=12, estimator__n_estimators=52; total time=   0.0s
[CV] END estimator__criterion=squared_error, estimator__learning_rate=0.01, estimator__max_depth=18, estimator__min_samples_split=12, estimator__n_estimators=52; total time=   0.0s
[CV] END estimator__criterion=squared_error, estimator__learning_rate=0.01, estimator__max_depth=18, estimator__min_samples_split=12, estimator__n_estimators=52; total time=   0.0s
[CV] END estimator__criterion=squared_error, estimator__learning_rate=0.1, estimator__max_depth=14, estimator__min_samples_split=12, estimator__n_estimators=52; total time=   0.0s
[CV] END estimator__criterion=squared_error, estimator__learning_rate=0.1, estimator__max_depth=14, estimator__min_samples_split=12, estimator__n_estimators=52; total time=   0.0s
[CV] END estimator__criterion=squared_error, estimator__learning_rate=0.1, estimator__max_depth=14, estimator__min_samples_split=12, estimator__n_estimators=68; total time=   0.0s
[CV] END estimator__criterion=squared_error, estimator__learning_rate=0.1, estimator__max_depth=14, estimator__min_samples_split=12, estimator__n_estimators=68; total time=   0.0s
[CV] END estimator__criterion=squared_error, estimator__learning_rate=0.1, estimator__max_depth=15, estimator__min_samples_split=14, estimator__n_estimators=20; total time=   0.0s
[CV] END estimator__criterion=squared_error, estimator__learning_rate=0.1, estimator__max_depth=15, estimator__min_samples_split=14, estimator__n_estimators=20; total time=   0.0s
[CV] END estimator__criterion=squared_error, estimator__learning_rate=0.1, estimator__max_depth=15, estimator__min_samples_split=14, estimator__n_estimators=36; total time=   0.0s
[CV] END estimator__criterion=squared_error, estimator__learning_rate=0.1, estimator__max_depth=15, estimator__min_samples_split=14, estimator__n_estimators=36; total time=   0.0s
[CV] END estimator__criterion=squared_error, estimator__learning_rate=0.1, estimator__max_depth=15, estimator__min_samples_split=18, estimator__n_estimators=68; total time=   0.0s
[CV] END estimator__criterion=squared_error, estimator__learning_rate=0.1, estimator__max_depth=15, estimator__min_samples_split=18, estimator__n_estimators=68; total time=   0.0s
[CV] END estimator__criterion=squared_error, estimator__learning_rate=0.1, estimator__max_depth=15, estimator__min_samples_split=18, estimator__n_estimators=68; total time=   0.0s
[CV] END estimator__criterion=squared_error, estimator__learning_rate=0.1, estimator__max_depth=15, estimator__min_samples_split=18, estimator__n_estimators=84; total time=   0.0s
[CV] END estimator__criterion=squared_error, estimator__learning_rate=0.1, estimator__max_depth=17, estimator__min_samples_split=14, estimator__n_estimators=36; total time=   0.0s
[CV] END estimator__criterion=squared_error, estimator__learning_rate=0.1, estimator__max_depth=17, estimator__min_samples_split=14, estimator__n_estimators=52; total time=   0.0s
[CV] END estimator__criterion=squared_error, estimator__learning_rate=0.1, estimator__max_depth=17, estimator__min_samples_split=14, estimator__n_estimators=52; total time=   0.0s
[CV] END estimator__criterion=squared_error, estimator__learning_rate=0.1, estimator__max_depth=17, estimator__min_samples_split=14, estimator__n_estimators=52; total time=   0.0s
[CV] END estimator__criterion=squared_error, estimator__learning_rate=0.1, estimator__max_depth=18, estimator__min_samples_split=12, estimator__n_estimators=84; total time=   0.0s[CV] END estimator__criterion=squared_error, estimator__learning_rate=0.001, estimator__max_depth=14, estimator__min_samples_split=12, estimator__n_estimators=20; total time=   0.0s
[CV] END estimator__criterion=squared_error, estimator__learning_rate=0.001, estimator__max_depth=16, estimator__min_samples_split=18, estimator__n_estimators=68; total time=   0.0s
[CV] END estimator__criterion=squared_error, estimator__learning_rate=0.001, estimator__max_depth=16, estimator__min_samples_split=18, estimator__n_estimators=68; total time=   0.0s
[CV] END estimator__criterion=squared_error, estimator__learning_rate=0.001, estimator__max_depth=16, estimator__min_samples_split=18, estimator__n_estimators=84; total time=   0.0s
[CV] END estimator__criterion=squared_error, estimator__learning_rate=0.001, estimator__max_depth=16, estimator__min_samples_split=18, estimator__n_estimators=84; total time=   0.0s
[CV] END estimator__criterion=squared_error, estimator__learning_rate=0.001, estimator__max_depth=18, estimator__min_samples_split=12, estimator__n_estimators=84; total time=   0.0s
[CV] END estimator__criterion=squared_error, estimator__learning_rate=0.001, estimator__max_depth=18, estimator__min_samples_split=12, estimator__n_estimators=84; total time=   0.0s
[CV] END estimator__criterion=squared_error, estimator__learning_rate=0.001, estimator__max_depth=18, estimator__min_samples_split=14, estimator__n_estimators=20; total time=   0.0s
[CV] END estimator__criterion=squared_error, estimator__learning_rate=0.001, estimator__max_depth=18, estimator__min_samples_split=14, estimator__n_estimators=20; total time=   0.0s
[CV] END estimator__criterion=squared_error, estimator__learning_rate=0.01, estimator__max_depth=14, estimator__min_samples_split=14, estimator__n_estimators=36; total time=   0.0s
[CV] END estimator__criterion=squared_error, estimator__learning_rate=0.01, estimator__max_depth=14, estimator__min_samples_split=14, estimator__n_estimators=52; total time=   0.0s
[CV] END estimator__criterion=squared_error, estimator__learning_rate=0.01, estimator__max_depth=14, estimator__min_samples_split=14, estimator__n_estimators=52; total time=   0.0s
[CV] END estimator__criterion=squared_error, estimator__learning_rate=0.01, estimator__max_depth=14, estimator__min_samples_split=14, estimator__n_estimators=52; total time=   0.0s
[CV] END estimator__criterion=squared_error, estimator__learning_rate=0.01, estimator__max_depth=15, estimator__min_samples_split=14, estimator__n_estimators=68; total time=   0.0s
[CV] END estimator__criterion=squared_error, estimator__learning_rate=0.01, estimator__max_depth=15, estimator__min_samples_split=14, estimator__n_estimators=68; total time=   0.0s
[CV] END estimator__criterion=squared_error, estimator__learning_rate=0.01, estimator__max_depth=15, estimator__min_samples_split=14, estimator__n_estimators=68; total time=   0.0s
[CV] END estimator__criterion=squared_error, estimator__learning_rate=0.01, estimator__max_depth=15, estimator__min_samples_split=14, estimator__n_estimators=68; total time=   0.0s
[CV] END estimator__criterion=squared_error, estimator__learning_rate=0.01, estimator__max_depth=16, estimator__min_samples_split=16, estimator__n_estimators=36; total time=   0.0s
[CV] END estimator__criterion=squared_error, estimator__learning_rate=0.01, estimator__max_depth=16, estimator__min_samples_split=16, estimator__n_estimators=36; total time=   0.0s
[CV] END estimator__criterion=squared_error, estimator__learning_rate=0.01, estimator__max_depth=16, estimator__min_samples_split=16, estimator__n_estimators=36; total time=   0.0s
[CV] END estimator__criterion=squared_error, estimator__learning_rate=0.01, estimator__max_depth=16, estimator__min_samples_split=16, estimator__n_estimators=36; total time=   0.0s
[CV] END estimator__criterion=squared_error, estimator__learning_rate=0.01, estimator__max_depth=17, estimator__min_samples_split=10, estimator__n_estimators=52; total time=   0.0s
[CV] END estimator__criterion=squared_error, estimator__learning_rate=0.01, estimator__max_depth=17, estimator__min_samples_split=10, estimator__n_estimators=52; total time=   0.0s
[CV] END estimator__criterion=squared_error, estimator__learning_rate=0.01, estimator__max_depth=17, estimator__min_samples_split=10, estimator__n_estimators=52; total time=   0.0s
[CV] END estimator__criterion=squared_error, estimator__learning_rate=0.01, estimator__max_depth=17, estimator__min_samples_split=10, estimator__n_estimators=68; total time=   0.0s
[CV] END estimator__criterion=squared_error, estimator__learning_rate=0.01, estimator__max_depth=18, estimator__min_samples_split=12, estimator__n_estimators=84; total time=   0.0s
[CV] END estimator__criterion=squared_error, estimator__learning_rate=0.01, estimator__max_depth=18, estimator__min_samples_split=12, estimator__n_estimators=84; total time=   0.0s
[CV] END estimator__criterion=squared_error, estimator__learning_rate=0.01, estimator__max_depth=18, estimator__min_samples_split=12, estimator__n_estimators=84; total time=   0.0s
[CV] END estimator__criterion=squared_error, estimator__learning_rate=0.01, estimator__max_depth=18, estimator__min_samples_split=14, estimator__n_estimators=20; total time=   0.0s
[CV] END estimator__criterion=squared_error, estimator__learning_rate=0.1, estimator__max_depth=14, estimator__min_samples_split=16, estimator__n_estimators=68; total time=   0.0s
[CV] END estimator__criterion=squared_error, estimator__learning_rate=0.1, estimator__max_depth=14, estimator__min_samples_split=16, estimator__n_estimators=84; total time=   0.0s
[CV] END estimator__criterion=squared_error, estimator__learning_rate=0.1, estimator__max_depth=14, estimator__min_samples_split=16, estimator__n_estimators=84; total time=   0.0s
[CV] END estimator__criterion=squared_error, estimator__learning_rate=0.1, estimator__max_depth=14, estimator__min_samples_split=16, estimator__n_estimators=84; total time=   0.0s
[CV] END estimator__criterion=squared_error, estimator__learning_rate=0.1, estimator__max_depth=16, estimator__min_samples_split=14, estimator__n_estimators=20; total time=   0.0s
[CV] END estimator__criterion=squared_error, estimator__learning_rate=0.1, estimator__max_depth=16, estimator__min_samples_split=14, estimator__n_estimators=20; total time=   0.0s
[CV] END estimator__criterion=squared_error, estimator__learning_rate=0.1, estimator__max_depth=16, estimator__min_samples_split=14, estimator__n_estimators=20; total time=   0.0s
[CV] END estimator__criterion=squared_error, estimator__learning_rate=0.1, estimator__max_depth=16, estimator__min_samples_split=14, estimator__n_estimators=36; total time=   0.0s
[CV] END estimator__criterion=squared_error, estimator__learning_rate=0.1, estimator__max_depth=16, estimator__min_samples_split=18, estimator__n_estimators=36; total time=   0.0s
[CV] END estimator__criterion=squared_error, estimator__learning_rate=0.1, estimator__max_depth=16, estimator__min_samples_split=18, estimator__n_estimators=36; total time=   0.0s
[CV] END estimator__criterion=squared_error, estimator__learning_rate=0.1, estimator__max_depth=16, estimator__min_samples_split=18, estimator__n_estimators=52; total time=   0.0s
[CV] END estimator__criterion=squared_error, estimator__learning_rate=0.1, estimator__max_depth=16, estimator__min_samples_split=18, estimator__n_estimators=52; total time=   0.0s
[CV] END estimator__criterion=squared_error, estimator__learning_rate=0.1, estimator__max_depth=17, estimator__min_samples_split=18, estimator__n_estimators=36; total time=   0.0s
[CV] END estimator__criterion=squared_error, estimator__learning_rate=0.1, estimator__max_depth=17, estimator__min_samples_split=18, estimator__n_estimators=36; total time=   0.0s
[CV] END estimator__criterion=squared_error, estimator__learning_rate=0.1, estimator__max_depth=17, estimator__min_samples_split=18, estimator__n_estimators=36; total time=   0.0s
[CV] END estimator__criterion=squared_error, estimator__learning_rate=0.1, estimator__max_depth=17, estimator__min_samples_split=18, estimator__n_estimators=52; total time=   0.0s
[CV] END estimator__criterion=squared_error, estimator__learning_rate=0.1, estimator__max_depth=18, estimator__min_samples_split=16, estimator__n_estimators=52; total time=   0.0s[CV] END estimator__criterion=squared_error, estimator__learning_rate=0.001, estimator__max_depth=14, estimator__min_samples_split=10, estimator__n_estimators=36; total time=   0.0s
[CV] END estimator__criterion=squared_error, estimator__learning_rate=0.001, estimator__max_depth=17, estimator__min_samples_split=10, estimator__n_estimators=52; total time=   0.0s
[CV] END estimator__criterion=squared_error, estimator__learning_rate=0.001, estimator__max_depth=17, estimator__min_samples_split=10, estimator__n_estimators=52; total time=   0.0s
[CV] END estimator__criterion=squared_error, estimator__learning_rate=0.001, estimator__max_depth=17, estimator__min_samples_split=10, estimator__n_estimators=68; total time=   0.0s
[CV] END estimator__criterion=squared_error, estimator__learning_rate=0.001, estimator__max_depth=17, estimator__min_samples_split=10, estimator__n_estimators=68; total time=   0.0s
[CV] END estimator__criterion=squared_error, estimator__learning_rate=0.001, estimator__max_depth=18, estimator__min_samples_split=10, estimator__n_estimators=84; total time=   0.0s
[CV] END estimator__criterion=squared_error, estimator__learning_rate=0.001, estimator__max_depth=18, estimator__min_samples_split=12, estimator__n_estimators=20; total time=   0.0s
[CV] END estimator__criterion=squared_error, estimator__learning_rate=0.001, estimator__max_depth=18, estimator__min_samples_split=12, estimator__n_estimators=20; total time=   0.0s
[CV] END estimator__criterion=squared_error, estimator__learning_rate=0.001, estimator__max_depth=18, estimator__min_samples_split=12, estimator__n_estimators=20; total time=   0.0s
[CV] END estimator__criterion=squared_error, estimator__learning_rate=0.001, estimator__max_depth=18, estimator__min_samples_split=18, estimator__n_estimators=68; total time=   0.0s
[CV] END estimator__criterion=squared_error, estimator__learning_rate=0.001, estimator__max_depth=18, estimator__min_samples_split=18, estimator__n_estimators=68; total time=   0.0s
[CV] END estimator__criterion=squared_error, estimator__learning_rate=0.001, estimator__max_depth=18, estimator__min_samples_split=18, estimator__n_estimators=68; total time=   0.0s
[CV] END estimator__criterion=squared_error, estimator__learning_rate=0.001, estimator__max_depth=18, estimator__min_samples_split=18, estimator__n_estimators=68; total time=   0.0s
[CV] END estimator__criterion=squared_error, estimator__learning_rate=0.01, estimator__max_depth=14, estimator__min_samples_split=18, estimator__n_estimators=84; total time=   0.0s
[CV] END estimator__criterion=squared_error, estimator__learning_rate=0.01, estimator__max_depth=14, estimator__min_samples_split=18, estimator__n_estimators=84; total time=   0.0s
[CV] END estimator__criterion=squared_error, estimator__learning_rate=0.01, estimator__max_depth=15, estimator__min_samples_split=10, estimator__n_estimators=20; total time=   0.0s
[CV] END estimator__criterion=squared_error, estimator__learning_rate=0.01, estimator__max_depth=15, estimator__min_samples_split=10, estimator__n_estimators=20; total time=   0.0s
[CV] END estimator__criterion=squared_error, estimator__learning_rate=0.01, estimator__max_depth=15, estimator__min_samples_split=18, estimator__n_estimators=68; total time=   0.0s
[CV] END estimator__criterion=squared_error, estimator__learning_rate=0.01, estimator__max_depth=15, estimator__min_samples_split=18, estimator__n_estimators=68; total time=   0.0s
[CV] END estimator__criterion=squared_error, estimator__learning_rate=0.01, estimator__max_depth=15, estimator__min_samples_split=18, estimator__n_estimators=84; total time=   0.0s
[CV] END estimator__criterion=squared_error, estimator__learning_rate=0.01, estimator__max_depth=15, estimator__min_samples_split=18, estimator__n_estimators=84; total time=   0.0s
[CV] END estimator__criterion=squared_error, estimator__learning_rate=0.01, estimator__max_depth=17, estimator__min_samples_split=12, estimator__n_estimators=84; total time=   0.0s
[CV] END estimator__criterion=squared_error, estimator__learning_rate=0.01, estimator__max_depth=17, estimator__min_samples_split=12, estimator__n_estimators=84; total time=   0.0s
[CV] END estimator__criterion=squared_error, estimator__learning_rate=0.01, estimator__max_depth=17, estimator__min_samples_split=14, estimator__n_estimators=20; total time=   0.0s
[CV] END estimator__criterion=squared_error, estimator__learning_rate=0.01, estimator__max_depth=17, estimator__min_samples_split=14, estimator__n_estimators=20; total time=   0.0s
[CV] END estimator__criterion=squared_error, estimator__learning_rate=0.01, estimator__max_depth=18, estimator__min_samples_split=14, estimator__n_estimators=20; total time=   0.0s
[CV] END estimator__criterion=squared_error, estimator__learning_rate=0.01, estimator__max_depth=18, estimator__min_samples_split=14, estimator__n_estimators=20; total time=   0.0s
[CV] END estimator__criterion=squared_error, estimator__learning_rate=0.01, estimator__max_depth=18, estimator__min_samples_split=14, estimator__n_estimators=20; total time=   0.0s
[CV] END estimator__criterion=squared_error, estimator__learning_rate=0.01, estimator__max_depth=18, estimator__min_samples_split=14, estimator__n_estimators=20; total time=   0.0s
[CV] END estimator__criterion=squared_error, estimator__learning_rate=0.01, estimator__max_depth=18, estimator__min_samples_split=18, estimator__n_estimators=20; total time=   0.0s
[CV] END estimator__criterion=squared_error, estimator__learning_rate=0.01, estimator__max_depth=18, estimator__min_samples_split=18, estimator__n_estimators=20; total time=   0.0s
[CV] END estimator__criterion=squared_error, estimator__learning_rate=0.01, estimator__max_depth=18, estimator__min_samples_split=18, estimator__n_estimators=36; total time=   0.0s
[CV] END estimator__criterion=squared_error, estimator__learning_rate=0.01, estimator__max_depth=18, estimator__min_samples_split=18, estimator__n_estimators=36; total time=   0.0s
[CV] END estimator__criterion=squared_error, estimator__learning_rate=0.1, estimator__max_depth=14, estimator__min_samples_split=14, estimator__n_estimators=68; total time=   0.0s
[CV] END estimator__criterion=squared_error, estimator__learning_rate=0.1, estimator__max_depth=14, estimator__min_samples_split=14, estimator__n_estimators=68; total time=   0.0s
[CV] END estimator__criterion=squared_error, estimator__learning_rate=0.1, estimator__max_depth=14, estimator__min_samples_split=14, estimator__n_estimators=68; total time=   0.0s
[CV] END estimator__criterion=squared_error, estimator__learning_rate=0.1, estimator__max_depth=14, estimator__min_samples_split=14, estimator__n_estimators=68; total time=   0.0s
[CV] END estimator__criterion=squared_error, estimator__learning_rate=0.1, estimator__max_depth=15, estimator__min_samples_split=18, estimator__n_estimators=84; total time=   0.0s
[CV] END estimator__criterion=squared_error, estimator__learning_rate=0.1, estimator__max_depth=15, estimator__min_samples_split=18, estimator__n_estimators=84; total time=   0.0s
[CV] END estimator__criterion=squared_error, estimator__learning_rate=0.1, estimator__max_depth=15, estimator__min_samples_split=18, estimator__n_estimators=84; total time=   0.0s
[CV] END estimator__criterion=squared_error, estimator__learning_rate=0.1, estimator__max_depth=15, estimator__min_samples_split=18, estimator__n_estimators=84; total time=   0.0s
[CV] END estimator__criterion=squared_error, estimator__learning_rate=0.1, estimator__max_depth=17, estimator__min_samples_split=14, estimator__n_estimators=52; total time=   0.0s
[CV] END estimator__criterion=squared_error, estimator__learning_rate=0.1, estimator__max_depth=17, estimator__min_samples_split=14, estimator__n_estimators=52; total time=   0.0s
[CV] END estimator__criterion=squared_error, estimator__learning_rate=0.1, estimator__max_depth=17, estimator__min_samples_split=14, estimator__n_estimators=68; total time=   0.0s
[CV] END estimator__criterion=squared_error, estimator__learning_rate=0.1, estimator__max_depth=17, estimator__min_samples_split=14, estimator__n_estimators=68; total time=   0.0s
[CV] END estimator__criterion=squared_error, estimator__learning_rate=0.1, estimator__max_depth=18, estimator__min_samples_split=14, estimator__n_estimators=84; total time=   0.0s[CV] END estimator__criterion=squared_error, estimator__learning_rate=0.001, estimator__max_depth=14, estimator__min_samples_split=12, estimator__n_estimators=20; total time=   0.0s
[CV] END estimator__criterion=squared_error, estimator__learning_rate=0.001, estimator__max_depth=16, estimator__min_samples_split=16, estimator__n_estimators=52; total time=   0.0s
[CV] END estimator__criterion=squared_error, estimator__learning_rate=0.001, estimator__max_depth=16, estimator__min_samples_split=16, estimator__n_estimators=52; total time=   0.0s
[CV] END estimator__criterion=squared_error, estimator__learning_rate=0.001, estimator__max_depth=16, estimator__min_samples_split=16, estimator__n_estimators=52; total time=   0.0s
[CV] END estimator__criterion=squared_error, estimator__learning_rate=0.001, estimator__max_depth=16, estimator__min_samples_split=16, estimator__n_estimators=52; total time=   0.0s
[CV] END estimator__criterion=squared_error, estimator__learning_rate=0.001, estimator__max_depth=17, estimator__min_samples_split=18, estimator__n_estimators=68; total time=   0.0s
[CV] END estimator__criterion=squared_error, estimator__learning_rate=0.001, estimator__max_depth=17, estimator__min_samples_split=18, estimator__n_estimators=68; total time=   0.0s
[CV] END estimator__criterion=squared_error, estimator__learning_rate=0.001, estimator__max_depth=17, estimator__min_samples_split=18, estimator__n_estimators=68; total time=   0.0s
[CV] END estimator__criterion=squared_error, estimator__learning_rate=0.001, estimator__max_depth=17, estimator__min_samples_split=18, estimator__n_estimators=84; total time=   0.0s
[CV] END estimator__criterion=squared_error, estimator__learning_rate=0.01, estimator__max_depth=14, estimator__min_samples_split=10, estimator__n_estimators=84; total time=   0.0s
[CV] END estimator__criterion=squared_error, estimator__learning_rate=0.01, estimator__max_depth=14, estimator__min_samples_split=10, estimator__n_estimators=84; total time=   0.0s
[CV] END estimator__criterion=squared_error, estimator__learning_rate=0.01, estimator__max_depth=14, estimator__min_samples_split=12, estimator__n_estimators=20; total time=   0.0s
[CV] END estimator__criterion=squared_error, estimator__learning_rate=0.01, estimator__max_depth=14, estimator__min_samples_split=12, estimator__n_estimators=20; total time=   0.0s
[CV] END estimator__criterion=squared_error, estimator__learning_rate=0.01, estimator__max_depth=15, estimator__min_samples_split=10, estimator__n_estimators=84; total time=   0.0s
[CV] END estimator__criterion=squared_error, estimator__learning_rate=0.01, estimator__max_depth=15, estimator__min_samples_split=10, estimator__n_estimators=84; total time=   0.0s
[CV] END estimator__criterion=squared_error, estimator__learning_rate=0.01, estimator__max_depth=15, estimator__min_samples_split=10, estimator__n_estimators=84; total time=   0.0s
[CV] END estimator__criterion=squared_error, estimator__learning_rate=0.01, estimator__max_depth=15, estimator__min_samples_split=12, estimator__n_estimators=20; total time=   0.0s
[CV] END estimator__criterion=squared_error, estimator__learning_rate=0.01, estimator__max_depth=16, estimator__min_samples_split=12, estimator__n_estimators=84; total time=   0.0s
[CV] END estimator__criterion=squared_error, estimator__learning_rate=0.01, estimator__max_depth=16, estimator__min_samples_split=12, estimator__n_estimators=84; total time=   0.0s
[CV] END estimator__criterion=squared_error, estimator__learning_rate=0.01, estimator__max_depth=16, estimator__min_samples_split=12, estimator__n_estimators=84; total time=   0.0s
[CV] END estimator__criterion=squared_error, estimator__learning_rate=0.01, estimator__max_depth=16, estimator__min_samples_split=12, estimator__n_estimators=84; total time=   0.0s
[CV] END estimator__criterion=squared_error, estimator__learning_rate=0.01, estimator__max_depth=18, estimator__min_samples_split=10, estimator__n_estimators=20; total time=   0.0s
[CV] END estimator__criterion=squared_error, estimator__learning_rate=0.01, estimator__max_depth=18, estimator__min_samples_split=10, estimator__n_estimators=20; total time=   0.0s
[CV] END estimator__criterion=squared_error, estimator__learning_rate=0.01, estimator__max_depth=18, estimator__min_samples_split=10, estimator__n_estimators=36; total time=   0.0s
[CV] END estimator__criterion=squared_error, estimator__learning_rate=0.01, estimator__max_depth=18, estimator__min_samples_split=10, estimator__n_estimators=36; total time=   0.0s
[CV] END estimator__criterion=squared_error, estimator__learning_rate=0.01, estimator__max_depth=18, estimator__min_samples_split=16, estimator__n_estimators=52; total time=   0.0s
[CV] END estimator__criterion=squared_error, estimator__learning_rate=0.01, estimator__max_depth=18, estimator__min_samples_split=16, estimator__n_estimators=52; total time=   0.0s
[CV] END estimator__criterion=squared_error, estimator__learning_rate=0.01, estimator__max_depth=18, estimator__min_samples_split=16, estimator__n_estimators=52; total time=   0.0s
[CV] END estimator__criterion=squared_error, estimator__learning_rate=0.01, estimator__max_depth=18, estimator__min_samples_split=16, estimator__n_estimators=68; total time=   0.0s
[CV] END estimator__criterion=squared_error, estimator__learning_rate=0.1, estimator__max_depth=14, estimator__min_samples_split=16, estimator__n_estimators=52; total time=   0.0s
[CV] END estimator__criterion=squared_error, estimator__learning_rate=0.1, estimator__max_depth=14, estimator__min_samples_split=16, estimator__n_estimators=52; total time=   0.0s
[CV] END estimator__criterion=squared_error, estimator__learning_rate=0.1, estimator__max_depth=14, estimator__min_samples_split=16, estimator__n_estimators=52; total time=   0.0s
[CV] END estimator__criterion=squared_error, estimator__learning_rate=0.1, estimator__max_depth=14, estimator__min_samples_split=16, estimator__n_estimators=52; total time=   0.0s
[CV] END estimator__criterion=squared_error, estimator__learning_rate=0.1, estimator__max_depth=15, estimator__min_samples_split=16, estimator__n_estimators=36; total time=   0.0s
[CV] END estimator__criterion=squared_error, estimator__learning_rate=0.1, estimator__max_depth=15, estimator__min_samples_split=16, estimator__n_estimators=36; total time=   0.0s
[CV] END estimator__criterion=squared_error, estimator__learning_rate=0.1, estimator__max_depth=15, estimator__min_samples_split=16, estimator__n_estimators=36; total time=   0.0s
[CV] END estimator__criterion=squared_error, estimator__learning_rate=0.1, estimator__max_depth=15, estimator__min_samples_split=16, estimator__n_estimators=36; total time=   0.0s
[CV] END estimator__criterion=squared_error, estimator__learning_rate=0.1, estimator__max_depth=16, estimator__min_samples_split=12, estimator__n_estimators=68; total time=   0.0s
[CV] END estimator__criterion=squared_error, estimator__learning_rate=0.1, estimator__max_depth=16, estimator__min_samples_split=12, estimator__n_estimators=68; total time=   0.0s
[CV] END estimator__criterion=squared_error, estimator__learning_rate=0.1, estimator__max_depth=16, estimator__min_samples_split=12, estimator__n_estimators=68; total time=   0.0s
[CV] END estimator__criterion=squared_error, estimator__learning_rate=0.1, estimator__max_depth=16, estimator__min_samples_split=12, estimator__n_estimators=68; total time=   0.0s
[CV] END estimator__criterion=squared_error, estimator__learning_rate=0.1, estimator__max_depth=17, estimator__min_samples_split=14, estimator__n_estimators=68; total time=   0.0s
[CV] END estimator__criterion=squared_error, estimator__learning_rate=0.1, estimator__max_depth=17, estimator__min_samples_split=14, estimator__n_estimators=68; total time=   0.0s
[CV] END estimator__criterion=squared_error, estimator__learning_rate=0.1, estimator__max_depth=17, estimator__min_samples_split=14, estimator__n_estimators=68; total time=   0.0s
[CV] END estimator__criterion=squared_error, estimator__learning_rate=0.1, estimator__max_depth=17, estimator__min_samples_split=14, estimator__n_estimators=84; total time=   0.0s
[CV] END estimator__criterion=squared_error, estimator__learning_rate=0.1, estimator__max_depth=18, estimator__min_samples_split=16, estimator__n_estimators=84; total time=   0.0s[CV] END estimator__criterion=squared_error, estimator__learning_rate=0.001, estimator__max_depth=14, estimator__min_samples_split=10, estimator__n_estimators=84; total time=   0.0s
[CV] END estimator__criterion=squared_error, estimator__learning_rate=0.001, estimator__max_depth=17, estimator__min_samples_split=12, estimator__n_estimators=68; total time=   0.0s
[CV] END estimator__criterion=squared_error, estimator__learning_rate=0.001, estimator__max_depth=17, estimator__min_samples_split=12, estimator__n_estimators=68; total time=   0.0s
[CV] END estimator__criterion=squared_error, estimator__learning_rate=0.001, estimator__max_depth=17, estimator__min_samples_split=12, estimator__n_estimators=68; total time=   0.0s
[CV] END estimator__criterion=squared_error, estimator__learning_rate=0.001, estimator__max_depth=17, estimator__min_samples_split=12, estimator__n_estimators=68; total time=   0.0s
[CV] END estimator__criterion=squared_error, estimator__learning_rate=0.001, estimator__max_depth=18, estimator__min_samples_split=14, estimator__n_estimators=36; total time=   0.0s
[CV] END estimator__criterion=squared_error, estimator__learning_rate=0.001, estimator__max_depth=18, estimator__min_samples_split=14, estimator__n_estimators=36; total time=   0.0s
[CV] END estimator__criterion=squared_error, estimator__learning_rate=0.001, estimator__max_depth=18, estimator__min_samples_split=14, estimator__n_estimators=36; total time=   0.0s
[CV] END estimator__criterion=squared_error, estimator__learning_rate=0.001, estimator__max_depth=18, estimator__min_samples_split=14, estimator__n_estimators=36; total time=   0.0s
[CV] END estimator__criterion=squared_error, estimator__learning_rate=0.01, estimator__max_depth=14, estimator__min_samples_split=12, estimator__n_estimators=20; total time=   0.0s
[CV] END estimator__criterion=squared_error, estimator__learning_rate=0.01, estimator__max_depth=14, estimator__min_samples_split=12, estimator__n_estimators=20; total time=   0.0s
[CV] END estimator__criterion=squared_error, estimator__learning_rate=0.01, estimator__max_depth=14, estimator__min_samples_split=12, estimator__n_estimators=20; total time=   0.0s
[CV] END estimator__criterion=squared_error, estimator__learning_rate=0.01, estimator__max_depth=14, estimator__min_samples_split=12, estimator__n_estimators=36; total time=   0.0s
[CV] END estimator__criterion=squared_error, estimator__learning_rate=0.01, estimator__max_depth=14, estimator__min_samples_split=16, estimator__n_estimators=52; total time=   0.0s
[CV] END estimator__criterion=squared_error, estimator__learning_rate=0.01, estimator__max_depth=14, estimator__min_samples_split=16, estimator__n_estimators=52; total time=   0.0s
[CV] END estimator__criterion=squared_error, estimator__learning_rate=0.01, estimator__max_depth=14, estimator__min_samples_split=16, estimator__n_estimators=52; total time=   0.0s
[CV] END estimator__criterion=squared_error, estimator__learning_rate=0.01, estimator__max_depth=14, estimator__min_samples_split=16, estimator__n_estimators=68; total time=   0.0s
[CV] END estimator__criterion=squared_error, estimator__learning_rate=0.01, estimator__max_depth=15, estimator__min_samples_split=18, estimator__n_estimators=84; total time=   0.0s
[CV] END estimator__criterion=squared_error, estimator__learning_rate=0.01, estimator__max_depth=15, estimator__min_samples_split=18, estimator__n_estimators=84; total time=   0.0s
[CV] END estimator__criterion=squared_error, estimator__learning_rate=0.01, estimator__max_depth=15, estimator__min_samples_split=18, estimator__n_estimators=84; total time=   0.0s
[CV] END estimator__criterion=squared_error, estimator__learning_rate=0.01, estimator__max_depth=16, estimator__min_samples_split=10, estimator__n_estimators=20; total time=   0.0s
[CV] END estimator__criterion=squared_error, estimator__learning_rate=0.01, estimator__max_depth=17, estimator__min_samples_split=14, estimator__n_estimators=68; total time=   0.0s
[CV] END estimator__criterion=squared_error, estimator__learning_rate=0.01, estimator__max_depth=17, estimator__min_samples_split=14, estimator__n_estimators=68; total time=   0.0s
[CV] END estimator__criterion=squared_error, estimator__learning_rate=0.01, estimator__max_depth=17, estimator__min_samples_split=14, estimator__n_estimators=84; total time=   0.0s
[CV] END estimator__criterion=squared_error, estimator__learning_rate=0.01, estimator__max_depth=17, estimator__min_samples_split=14, estimator__n_estimators=84; total time=   0.0s
[CV] END estimator__criterion=squared_error, estimator__learning_rate=0.1, estimator__max_depth=14, estimator__min_samples_split=10, estimator__n_estimators=84; total time=   0.0s
[CV] END estimator__criterion=squared_error, estimator__learning_rate=0.1, estimator__max_depth=14, estimator__min_samples_split=10, estimator__n_estimators=84; total time=   0.0s
[CV] END estimator__criterion=squared_error, estimator__learning_rate=0.1, estimator__max_depth=14, estimator__min_samples_split=10, estimator__n_estimators=84; total time=   0.0s
[CV] END estimator__criterion=squared_error, estimator__learning_rate=0.1, estimator__max_depth=14, estimator__min_samples_split=12, estimator__n_estimators=20; total time=   0.0s
[CV] END estimator__criterion=squared_error, estimator__learning_rate=0.1, estimator__max_depth=15, estimator__min_samples_split=14, estimator__n_estimators=84; total time=   0.0s
[CV] END estimator__criterion=squared_error, estimator__learning_rate=0.1, estimator__max_depth=15, estimator__min_samples_split=14, estimator__n_estimators=84; total time=   0.0s
[CV] END estimator__criterion=squared_error, estimator__learning_rate=0.1, estimator__max_depth=15, estimator__min_samples_split=16, estimator__n_estimators=20; total time=   0.0s
[CV] END estimator__criterion=squared_error, estimator__learning_rate=0.1, estimator__max_depth=15, estimator__min_samples_split=16, estimator__n_estimators=20; total time=   0.0s
[CV] END estimator__criterion=squared_error, estimator__learning_rate=0.1, estimator__max_depth=16, estimator__min_samples_split=14, estimator__n_estimators=84; total time=   0.0s
[CV] END estimator__criterion=squared_error, estimator__learning_rate=0.1, estimator__max_depth=16, estimator__min_samples_split=14, estimator__n_estimators=84; total time=   0.0s
[CV] END estimator__criterion=squared_error, estimator__learning_rate=0.1, estimator__max_depth=16, estimator__min_samples_split=14, estimator__n_estimators=84; total time=   0.0s
[CV] END estimator__criterion=squared_error, estimator__learning_rate=0.1, estimator__max_depth=16, estimator__min_samples_split=16, estimator__n_estimators=20; total time=   0.0s
[CV] END estimator__criterion=squared_error, estimator__learning_rate=0.1, estimator__max_depth=17, estimator__min_samples_split=18, estimator__n_estimators=20; total time=   0.0s
[CV] END estimator__criterion=squared_error, estimator__learning_rate=0.1, estimator__max_depth=17, estimator__min_samples_split=18, estimator__n_estimators=20; total time=   0.0s
[CV] END estimator__criterion=squared_error, estimator__learning_rate=0.1, estimator__max_depth=17, estimator__min_samples_split=18, estimator__n_estimators=36; total time=   0.0s
[CV] END estimator__criterion=squared_error, estimator__learning_rate=0.1, estimator__max_depth=17, estimator__min_samples_split=18, estimator__n_estimators=36; total time=   0.0s
[CV] END estimator__criterion=squared_error, estimator__learning_rate=0.1, estimator__max_depth=18, estimator__min_samples_split=12, estimator__n_estimators=68; total time=   0.0s
[CV] END estimator__criterion=squared_error, estimator__learning_rate=0.1, estimator__max_depth=18, estimator__min_samples_split=12, estimator__n_estimators=68; total time=   0.0s
[CV] END estimator__criterion=squared_error, estimator__learning_rate=0.1, estimator__max_depth=18, estimator__min_samples_split=12, estimator__n_estimators=68; total time=   0.0s
[CV] END estimator__criterion=squared_error, estimator__learning_rate=0.1, estimator__max_depth=18, estimator__min_samples_split=12, estimator__n_estimators=84; total time=   0.0s
[CV] END estimator__criterion=squared_error, estimator__learning_rate=1.0, estimator__max_depth=14, estimator__min_samples_split=16, estimator__n_estimators=52; total time=   0.0s[CV] END estimator__criterion=squared_error, estimator__learning_rate=0.001, estimator__max_depth=14, estimator__min_samples_split=10, estimator__n_estimators=84; total time=   0.0s
[CV] END estimator__criterion=squared_error, estimator__learning_rate=0.001, estimator__max_depth=16, estimator__min_samples_split=16, estimator__n_estimators=68; total time=   0.0s
[CV] END estimator__criterion=squared_error, estimator__learning_rate=0.001, estimator__max_depth=16, estimator__min_samples_split=16, estimator__n_estimators=84; total time=   0.0s
[CV] END estimator__criterion=squared_error, estimator__learning_rate=0.001, estimator__max_depth=16, estimator__min_samples_split=16, estimator__n_estimators=84; total time=   0.0s
[CV] END estimator__criterion=squared_error, estimator__learning_rate=0.001, estimator__max_depth=16, estimator__min_samples_split=16, estimator__n_estimators=84; total time=   0.0s
[CV] END estimator__criterion=squared_error, estimator__learning_rate=0.001, estimator__max_depth=18, estimator__min_samples_split=14, estimator__n_estimators=68; total time=   0.0s
[CV] END estimator__criterion=squared_error, estimator__learning_rate=0.001, estimator__max_depth=18, estimator__min_samples_split=14, estimator__n_estimators=68; total time=   0.0s
[CV] END estimator__criterion=squared_error, estimator__learning_rate=0.001, estimator__max_depth=18, estimator__min_samples_split=14, estimator__n_estimators=84; total time=   0.0s
[CV] END estimator__criterion=squared_error, estimator__learning_rate=0.001, estimator__max_depth=18, estimator__min_samples_split=14, estimator__n_estimators=84; total time=   0.0s
[CV] END estimator__criterion=squared_error, estimator__learning_rate=0.01, estimator__max_depth=15, estimator__min_samples_split=10, estimator__n_estimators=52; total time=   0.0s
[CV] END estimator__criterion=squared_error, estimator__learning_rate=0.01, estimator__max_depth=15, estimator__min_samples_split=10, estimator__n_estimators=52; total time=   0.0s
[CV] END estimator__criterion=squared_error, estimator__learning_rate=0.01, estimator__max_depth=15, estimator__min_samples_split=10, estimator__n_estimators=52; total time=   0.0s
[CV] END estimator__criterion=squared_error, estimator__learning_rate=0.01, estimator__max_depth=15, estimator__min_samples_split=10, estimator__n_estimators=52; total time=   0.0s
[CV] END estimator__criterion=squared_error, estimator__learning_rate=0.01, estimator__max_depth=16, estimator__min_samples_split=10, estimator__n_estimators=68; total time=   0.0s
[CV] END estimator__criterion=squared_error, estimator__learning_rate=0.01, estimator__max_depth=16, estimator__min_samples_split=10, estimator__n_estimators=68; total time=   0.0s
[CV] END estimator__criterion=squared_error, estimator__learning_rate=0.01, estimator__max_depth=16, estimator__min_samples_split=10, estimator__n_estimators=68; total time=   0.0s
[CV] END estimator__criterion=squared_error, estimator__learning_rate=0.01, estimator__max_depth=16, estimator__min_samples_split=10, estimator__n_estimators=84; total time=   0.0s
[CV] END estimator__criterion=squared_error, estimator__learning_rate=0.01, estimator__max_depth=17, estimator__min_samples_split=16, estimator__n_estimators=84; total time=   0.0s
[CV] END estimator__criterion=squared_error, estimator__learning_rate=0.01, estimator__max_depth=17, estimator__min_samples_split=16, estimator__n_estimators=84; total time=   0.0s
[CV] END estimator__criterion=squared_error, estimator__learning_rate=0.01, estimator__max_depth=17, estimator__min_samples_split=16, estimator__n_estimators=84; total time=   0.0s
[CV] END estimator__criterion=squared_error, estimator__learning_rate=0.01, estimator__max_depth=17, estimator__min_samples_split=16, estimator__n_estimators=84; total time=   0.0s
[CV] END estimator__criterion=squared_error, estimator__learning_rate=0.1, estimator__max_depth=14, estimator__min_samples_split=14, estimator__n_estimators=20; total time=   0.0s
[CV] END estimator__criterion=squared_error, estimator__learning_rate=0.1, estimator__max_depth=14, estimator__min_samples_split=14, estimator__n_estimators=20; total time=   0.0s
[CV] END estimator__criterion=squared_error, estimator__learning_rate=0.1, estimator__max_depth=14, estimator__min_samples_split=14, estimator__n_estimators=20; total time=   0.0s
[CV] END estimator__criterion=squared_error, estimator__learning_rate=0.1, estimator__max_depth=14, estimator__min_samples_split=14, estimator__n_estimators=20; total time=   0.0s
[CV] END estimator__criterion=squared_error, estimator__learning_rate=0.1, estimator__max_depth=14, estimator__min_samples_split=18, estimator__n_estimators=84; total time=   0.0s
[CV] END estimator__criterion=squared_error, estimator__learning_rate=0.1, estimator__max_depth=14, estimator__min_samples_split=18, estimator__n_estimators=84; total time=   0.0s
[CV] END estimator__criterion=squared_error, estimator__learning_rate=0.1, estimator__max_depth=14, estimator__min_samples_split=18, estimator__n_estimators=84; total time=   0.0s
[CV] END estimator__criterion=squared_error, estimator__learning_rate=0.1, estimator__max_depth=15, estimator__min_samples_split=10, estimator__n_estimators=20; total time=   0.0s
[CV] END estimator__criterion=squared_error, estimator__learning_rate=0.1, estimator__max_depth=16, estimator__min_samples_split=10, estimator__n_estimators=84; total time=   0.0s
[CV] END estimator__criterion=squared_error, estimator__learning_rate=0.1, estimator__max_depth=16, estimator__min_samples_split=10, estimator__n_estimators=84; total time=   0.0s
[CV] END estimator__criterion=squared_error, estimator__learning_rate=0.1, estimator__max_depth=16, estimator__min_samples_split=10, estimator__n_estimators=84; total time=   0.0s
[CV] END estimator__criterion=squared_error, estimator__learning_rate=0.1, estimator__max_depth=16, estimator__min_samples_split=10, estimator__n_estimators=84; total time=   0.0s
[CV] END estimator__criterion=squared_error, estimator__learning_rate=0.1, estimator__max_depth=17, estimator__min_samples_split=16, estimator__n_estimators=84; total time=   0.0s
[CV] END estimator__criterion=squared_error, estimator__learning_rate=0.1, estimator__max_depth=17, estimator__min_samples_split=18, estimator__n_estimators=20; total time=   0.0s
[CV] END estimator__criterion=squared_error, estimator__learning_rate=0.1, estimator__max_depth=17, estimator__min_samples_split=18, estimator__n_estimators=20; total time=   0.0s
[CV] END estimator__criterion=squared_error, estimator__learning_rate=0.1, estimator__max_depth=17, estimator__min_samples_split=18, estimator__n_estimators=20; total time=   0.0s
[CV] END estimator__criterion=squared_error, estimator__learning_rate=0.1, estimator__max_depth=18, estimator__min_samples_split=14, estimator__n_estimators=20; total time=   0.0s
[CV] END estimator__criterion=squared_error, estimator__learning_rate=0.1, estimator__max_depth=18, estimator__min_samples_split=14, estimator__n_estimators=20; total time=   0.0s
[CV] END estimator__criterion=squared_error, estimator__learning_rate=0.1, estimator__max_depth=18, estimator__min_samples_split=14, estimator__n_estimators=20; total time=   0.0s
[CV] END estimator__criterion=squared_error, estimator__learning_rate=0.1, estimator__max_depth=18, estimator__min_samples_split=14, estimator__n_estimators=20; total time=   0.0s
[CV] END estimator__criterion=squared_error, estimator__learning_rate=0.1, estimator__max_depth=18, estimator__min_samples_split=18, estimator__n_estimators=68; total time=   0.0s
[CV] END estimator__criterion=squared_error, estimator__learning_rate=0.1, estimator__max_depth=18, estimator__min_samples_split=18, estimator__n_estimators=68; total time=   0.0s
[CV] END estimator__criterion=squared_error, estimator__learning_rate=0.1, estimator__max_depth=18, estimator__min_samples_split=18, estimator__n_estimators=84; total time=   0.0s
[CV] END estimator__criterion=squared_error, estimator__learning_rate=0.1, estimator__max_depth=18, estimator__min_samples_split=18, estimator__n_estimators=84; total time=   0.0s
[CV] END estimator__criterion=squared_error, estimator__learning_rate=1.0, estimator__max_depth=15, estimator__min_samples_split=12, estimator__n_estimators=52; total time=   0.0s
[CV] END estimator__criterion=squared_error, estimator__learning_rate=0.01, estimator__max_depth=14, estimator__min_samples_split=18, estimator__n_estimators=36; total time=   0.0s
[CV] END estimator__criterion=squared_error, estimator__learning_rate=0.01, estimator__max_depth=14, estimator__min_samples_split=18, estimator__n_estimators=36; total time=   0.0s
[CV] END estimator__criterion=squared_error, estimator__learning_rate=0.01, estimator__max_depth=14, estimator__min_samples_split=18, estimator__n_estimators=52; total time=   0.0s
[CV] END estimator__criterion=squared_error, estimator__learning_rate=0.01, estimator__max_depth=15, estimator__min_samples_split=16, estimator__n_estimators=36; total time=   0.0s
[CV] END estimator__criterion=squared_error, estimator__learning_rate=0.01, estimator__max_depth=15, estimator__min_samples_split=16, estimator__n_estimators=36; total time=   0.0s
[CV] END estimator__criterion=squared_error, estimator__learning_rate=0.01, estimator__max_depth=15, estimator__min_samples_split=16, estimator__n_estimators=36; total time=   0.0s
[CV] END estimator__criterion=squared_error, estimator__learning_rate=0.01, estimator__max_depth=15, estimator__min_samples_split=16, estimator__n_estimators=52; total time=   0.0s
[CV] END estimator__criterion=squared_error, estimator__learning_rate=0.01, estimator__max_depth=16, estimator__min_samples_split=14, estimator__n_estimators=36; total time=   0.0s
[CV] END estimator__criterion=squared_error, estimator__learning_rate=0.01, estimator__max_depth=16, estimator__min_samples_split=14, estimator__n_estimators=36; total time=   0.0s
[CV] END estimator__criterion=squared_error, estimator__learning_rate=0.01, estimator__max_depth=16, estimator__min_samples_split=14, estimator__n_estimators=36; total time=   0.0s
[CV] END estimator__criterion=squared_error, estimator__learning_rate=0.01, estimator__max_depth=16, estimator__min_samples_split=14, estimator__n_estimators=52; total time=   0.0s
[CV] END estimator__criterion=squared_error, estimator__learning_rate=0.01, estimator__max_depth=17, estimator__min_samples_split=10, estimator__n_estimators=36; total time=   0.0s
[CV] END estimator__criterion=squared_error, estimator__learning_rate=0.01, estimator__max_depth=17, estimator__min_samples_split=10, estimator__n_estimators=36; total time=   0.0s
[CV] END estimator__criterion=squared_error, estimator__learning_rate=0.01, estimator__max_depth=17, estimator__min_samples_split=10, estimator__n_estimators=52; total time=   0.0s
[CV] END estimator__criterion=squared_error, estimator__learning_rate=0.01, estimator__max_depth=17, estimator__min_samples_split=10, estimator__n_estimators=52; total time=   0.0s
[CV] END estimator__criterion=squared_error, estimator__learning_rate=0.01, estimator__max_depth=18, estimator__min_samples_split=10, estimator__n_estimators=68; total time=   0.0s
[CV] END estimator__criterion=squared_error, estimator__learning_rate=0.01, estimator__max_depth=18, estimator__min_samples_split=10, estimator__n_estimators=84; total time=   0.0s
[CV] END estimator__criterion=squared_error, estimator__learning_rate=0.01, estimator__max_depth=18, estimator__min_samples_split=10, estimator__n_estimators=84; total time=   0.0s
[CV] END estimator__criterion=squared_error, estimator__learning_rate=0.01, estimator__max_depth=18, estimator__min_samples_split=10, estimator__n_estimators=84; total time=   0.0s
[CV] END estimator__criterion=squared_error, estimator__learning_rate=0.1, estimator__max_depth=14, estimator__min_samples_split=18, estimator__n_estimators=20; total time=   0.0s
[CV] END estimator__criterion=squared_error, estimator__learning_rate=0.1, estimator__max_depth=14, estimator__min_samples_split=18, estimator__n_estimators=20; total time=   0.0s
[CV] END estimator__criterion=squared_error, estimator__learning_rate=0.1, estimator__max_depth=14, estimator__min_samples_split=18, estimator__n_estimators=20; total time=   0.0s
[CV] END estimator__criterion=squared_error, estimator__learning_rate=0.1, estimator__max_depth=14, estimator__min_samples_split=18, estimator__n_estimators=36; total time=   0.0s
[CV] END estimator__criterion=squared_error, estimator__learning_rate=0.1, estimator__max_depth=15, estimator__min_samples_split=14, estimator__n_estimators=36; total time=   0.0s
[CV] END estimator__criterion=squared_error, estimator__learning_rate=0.1, estimator__max_depth=15, estimator__min_samples_split=14, estimator__n_estimators=36; total time=   0.0s
[CV] END estimator__criterion=squared_error, estimator__learning_rate=0.1, estimator__max_depth=15, estimator__min_samples_split=14, estimator__n_estimators=36; total time=   0.0s
[CV] END estimator__criterion=squared_error, estimator__learning_rate=0.1, estimator__max_depth=15, estimator__min_samples_split=14, estimator__n_estimators=52; total time=   0.0s
[CV] END estimator__criterion=squared_error, estimator__learning_rate=0.1, estimator__max_depth=16, estimator__min_samples_split=12, estimator__n_estimators=52; total time=   0.0s
[CV] END estimator__criterion=squared_error, estimator__learning_rate=0.1, estimator__max_depth=16, estimator__min_samples_split=12, estimator__n_estimators=52; total time=   0.0s
[CV] END estimator__criterion=squared_error, estimator__learning_rate=0.1, estimator__max_depth=16, estimator__min_samples_split=12, estimator__n_estimators=52; total time=   0.0s
[CV] END estimator__criterion=squared_error, estimator__learning_rate=0.1, estimator__max_depth=16, estimator__min_samples_split=12, estimator__n_estimators=52; total time=   0.0s
[CV] END estimator__criterion=squared_error, estimator__learning_rate=0.1, estimator__max_depth=17, estimator__min_samples_split=12, estimator__n_estimators=68; total time=   0.0s
[CV] END estimator__criterion=squared_error, estimator__learning_rate=0.1, estimator__max_depth=17, estimator__min_samples_split=12, estimator__n_estimators=68; total time=   0.0s
[CV] END estimator__criterion=squared_error, estimator__learning_rate=0.1, estimator__max_depth=17, estimator__min_samples_split=12, estimator__n_estimators=84; total time=   0.0s
[CV] END estimator__criterion=squared_error, estimator__learning_rate=0.1, estimator__max_depth=17, estimator__min_samples_split=12, estimator__n_estimators=84; total time=   0.0s
[CV] END estimator__criterion=squared_error, estimator__learning_rate=0.1, estimator__max_depth=18, estimator__min_samples_split=14, estimator__n_estimators=84; total time=   0.0s
[CV] END estimator__criterion=squared_error, estimator__learning_rate=0.1, estimator__max_depth=18, estimator__min_samples_split=14, estimator__n_estimators=84; total time=   0.0s
[CV] END estimator__criterion=squared_error, estimator__learning_rate=0.1, estimator__max_depth=18, estimator__min_samples_split=14, estimator__n_estimators=84; total time=   0.0s
[CV] END estimator__criterion=squared_error, estimator__learning_rate=0.1, estimator__max_depth=18, estimator__min_samples_split=14, estimator__n_estimators=84; total time=   0.0s
[CV] END estimator__criterion=squared_error, estimator__learning_rate=1.0, estimator__max_depth=15, estimator__min_samples_split=10, estimator__n_estimators=20; total time=   0.0s
[CV] END estimator__criterion=squared_error, estimator__learning_rate=1.0, estimator__max_depth=15, estimator__min_samples_split=10, estimator__n_estimators=20; total time=   0.0s
[CV] END estimator__criterion=squared_error, estimator__learning_rate=1.0, estimator__max_depth=15, estimator__min_samples_split=10, estimator__n_estimators=20; total time=   0.0s
[CV] END estimator__criterion=squared_error, estimator__learning_rate=1.0, estimator__max_depth=15, estimator__min_samples_split=10, estimator__n_estimators=20; total time=   0.0s
[CV] END estimator__criterion=squared_error, estimator__learning_rate=1.0, estimator__max_depth=15, estimator__min_samples_split=14, estimator__n_estimators=52; total time=   0.0s
[CV] END estimator__criterion=squared_error, estimator__learning_rate=1.0, estimator__max_depth=15, estimator__min_samples_split=14, estimator__n_estimators=68; total time=   0.0s
[CV] END estimator__criterion=squared_error, estimator__learning_rate=1.0, estimator__max_depth=15, estimator__min_samples_split=14, estimator__n_estimators=68; total time=   0.0s
[CV] END estimator__criterion=squared_error, estimator__learning_rate=0.01, estimator__max_depth=14, estimator__min_samples_split=10, estimator__n_estimators=20; total time=   0.0s
[CV] END estimator__criterion=squared_error, estimator__learning_rate=0.01, estimator__max_depth=14, estimator__min_samples_split=16, estimator__n_estimators=68; total time=   0.0s
[CV] END estimator__criterion=squared_error, estimator__learning_rate=0.01, estimator__max_depth=14, estimator__min_samples_split=16, estimator__n_estimators=68; total time=   0.0s
[CV] END estimator__criterion=squared_error, estimator__learning_rate=0.01, estimator__max_depth=14, estimator__min_samples_split=16, estimator__n_estimators=68; total time=   0.0s
[CV] END estimator__criterion=squared_error, estimator__learning_rate=0.01, estimator__max_depth=14, estimator__min_samples_split=16, estimator__n_estimators=68; total time=   0.0s
[CV] END estimator__criterion=squared_error, estimator__learning_rate=0.01, estimator__max_depth=16, estimator__min_samples_split=12, estimator__n_estimators=20; total time=   0.0s
[CV] END estimator__criterion=squared_error, estimator__learning_rate=0.01, estimator__max_depth=16, estimator__min_samples_split=12, estimator__n_estimators=36; total time=   0.0s
[CV] END estimator__criterion=squared_error, estimator__learning_rate=0.01, estimator__max_depth=16, estimator__min_samples_split=12, estimator__n_estimators=36; total time=   0.0s
[CV] END estimator__criterion=squared_error, estimator__learning_rate=0.01, estimator__max_depth=16, estimator__min_samples_split=12, estimator__n_estimators=36; total time=   0.0s
[CV] END estimator__criterion=squared_error, estimator__learning_rate=0.01, estimator__max_depth=16, estimator__min_samples_split=18, estimator__n_estimators=68; total time=   0.0s
[CV] END estimator__criterion=squared_error, estimator__learning_rate=0.01, estimator__max_depth=16, estimator__min_samples_split=18, estimator__n_estimators=68; total time=   0.0s
[CV] END estimator__criterion=squared_error, estimator__learning_rate=0.01, estimator__max_depth=16, estimator__min_samples_split=18, estimator__n_estimators=68; total time=   0.0s
[CV] END estimator__criterion=squared_error, estimator__learning_rate=0.01, estimator__max_depth=16, estimator__min_samples_split=18, estimator__n_estimators=84; total time=   0.0s
[CV] END estimator__criterion=squared_error, estimator__learning_rate=0.01, estimator__max_depth=18, estimator__min_samples_split=12, estimator__n_estimators=68; total time=   0.0s
[CV] END estimator__criterion=squared_error, estimator__learning_rate=0.01, estimator__max_depth=18, estimator__min_samples_split=12, estimator__n_estimators=68; total time=   0.0s
[CV] END estimator__criterion=squared_error, estimator__learning_rate=0.01, estimator__max_depth=18, estimator__min_samples_split=12, estimator__n_estimators=84; total time=   0.0s
[CV] END estimator__criterion=squared_error, estimator__learning_rate=0.01, estimator__max_depth=18, estimator__min_samples_split=12, estimator__n_estimators=84; total time=   0.0s
[CV] END estimator__criterion=squared_error, estimator__learning_rate=0.1, estimator__max_depth=14, estimator__min_samples_split=16, estimator__n_estimators=68; total time=   0.0s
[CV] END estimator__criterion=squared_error, estimator__learning_rate=0.1, estimator__max_depth=14, estimator__min_samples_split=16, estimator__n_estimators=68; total time=   0.0s
[CV] END estimator__criterion=squared_error, estimator__learning_rate=0.1, estimator__max_depth=14, estimator__min_samples_split=16, estimator__n_estimators=68; total time=   0.0s
[CV] END estimator__criterion=squared_error, estimator__learning_rate=0.1, estimator__max_depth=14, estimator__min_samples_split=16, estimator__n_estimators=68; total time=   0.0s
[CV] END estimator__criterion=squared_error, estimator__learning_rate=0.1, estimator__max_depth=15, estimator__min_samples_split=18, estimator__n_estimators=20; total time=   0.0s
[CV] END estimator__criterion=squared_error, estimator__learning_rate=0.1, estimator__max_depth=15, estimator__min_samples_split=18, estimator__n_estimators=20; total time=   0.0s
[CV] END estimator__criterion=squared_error, estimator__learning_rate=0.1, estimator__max_depth=15, estimator__min_samples_split=18, estimator__n_estimators=20; total time=   0.0s
[CV] END estimator__criterion=squared_error, estimator__learning_rate=0.1, estimator__max_depth=15, estimator__min_samples_split=18, estimator__n_estimators=20; total time=   0.0s
[CV] END estimator__criterion=squared_error, estimator__learning_rate=0.1, estimator__max_depth=16, estimator__min_samples_split=12, estimator__n_estimators=68; total time=   0.0s
[CV] END estimator__criterion=squared_error, estimator__learning_rate=0.1, estimator__max_depth=16, estimator__min_samples_split=12, estimator__n_estimators=84; total time=   0.0s
[CV] END estimator__criterion=squared_error, estimator__learning_rate=0.1, estimator__max_depth=16, estimator__min_samples_split=12, estimator__n_estimators=84; total time=   0.0s
[CV] END estimator__criterion=squared_error, estimator__learning_rate=0.1, estimator__max_depth=16, estimator__min_samples_split=12, estimator__n_estimators=84; total time=   0.0s
[CV] END estimator__criterion=squared_error, estimator__learning_rate=0.1, estimator__max_depth=17, estimator__min_samples_split=16, estimator__n_estimators=52; total time=   0.0s
[CV] END estimator__criterion=squared_error, estimator__learning_rate=0.1, estimator__max_depth=17, estimator__min_samples_split=16, estimator__n_estimators=52; total time=   0.0s
[CV] END estimator__criterion=squared_error, estimator__learning_rate=0.1, estimator__max_depth=17, estimator__min_samples_split=16, estimator__n_estimators=52; total time=   0.0s
[CV] END estimator__criterion=squared_error, estimator__learning_rate=0.1, estimator__max_depth=17, estimator__min_samples_split=16, estimator__n_estimators=68; total time=   0.0s
[CV] END estimator__criterion=squared_error, estimator__learning_rate=0.1, estimator__max_depth=18, estimator__min_samples_split=16, estimator__n_estimators=36; total time=   0.0s
[CV] END estimator__criterion=squared_error, estimator__learning_rate=0.1, estimator__max_depth=18, estimator__min_samples_split=16, estimator__n_estimators=36; total time=   0.0s
[CV] END estimator__criterion=squared_error, estimator__learning_rate=0.1, estimator__max_depth=18, estimator__min_samples_split=16, estimator__n_estimators=36; total time=   0.0s
[CV] END estimator__criterion=squared_error, estimator__learning_rate=0.1, estimator__max_depth=18, estimator__min_samples_split=16, estimator__n_estimators=52; total time=   0.0s
[CV] END estimator__criterion=squared_error, estimator__learning_rate=1.0, estimator__max_depth=14, estimator__min_samples_split=12, estimator__n_estimators=68; total time=   0.0s
[CV] END estimator__criterion=squared_error, estimator__learning_rate=1.0, estimator__max_depth=14, estimator__min_samples_split=12, estimator__n_estimators=68; total time=   0.0s
[CV] END estimator__criterion=squared_error, estimator__learning_rate=1.0, estimator__max_depth=14, estimator__min_samples_split=12, estimator__n_estimators=68; total time=   0.0s
[CV] END estimator__criterion=squared_error, estimator__learning_rate=1.0, estimator__max_depth=14, estimator__min_samples_split=12, estimator__n_estimators=68; total time=   0.0s
[CV] END estimator__criterion=squared_error, estimator__learning_rate=1.0, estimator__max_depth=15, estimator__min_samples_split=16, estimator__n_estimators=36; total time=   0.0s
[CV] END estimator__criterion=squared_error, estimator__learning_rate=1.0, estimator__max_depth=15, estimator__min_samples_split=16, estimator__n_estimators=52; total time=   0.0s
[CV] END estimator__criterion=squared_error, estimator__learning_rate=1.0, estimator__max_depth=15, estimator__min_samples_split=16, estimator__n_estimators=52; total time=   0.0s
[CV] END estimator__criterion=squared_error, estimator__learning_rate=1.0, estimator__max_depth=15, estimator__min_samples_split=16, estimator__n_estimators=52; total time=   0.0s
[CV] END estimator__criterion=squared_error, estimator__learning_rate=1.0, estimator__max_depth=16, estimator__min_samples_split=14, estimator__n_estimators=68; total time=   0.0s
[CV] END estimator__criterion=squared_error, estimator__learning_rate=0.01, estimator__max_depth=16, estimator__min_samples_split=10, estimator__n_estimators=52; total time=   0.0s
[CV] END estimator__criterion=squared_error, estimator__learning_rate=0.01, estimator__max_depth=16, estimator__min_samples_split=10, estimator__n_estimators=52; total time=   0.0s
[CV] END estimator__criterion=squared_error, estimator__learning_rate=0.01, estimator__max_depth=17, estimator__min_samples_split=12, estimator__n_estimators=36; total time=   0.0s
[CV] END estimator__criterion=squared_error, estimator__learning_rate=0.01, estimator__max_depth=17, estimator__min_samples_split=12, estimator__n_estimators=36; total time=   0.0s
[CV] END estimator__criterion=squared_error, estimator__learning_rate=0.01, estimator__max_depth=17, estimator__min_samples_split=12, estimator__n_estimators=36; total time=   0.0s
[CV] END estimator__criterion=squared_error, estimator__learning_rate=0.01, estimator__max_depth=17, estimator__min_samples_split=12, estimator__n_estimators=52; total time=   0.0s
[CV] END estimator__criterion=squared_error, estimator__learning_rate=0.01, estimator__max_depth=18, estimator__min_samples_split=10, estimator__n_estimators=52; total time=   0.0s
[CV] END estimator__criterion=squared_error, estimator__learning_rate=0.01, estimator__max_depth=18, estimator__min_samples_split=10, estimator__n_estimators=52; total time=   0.0s
[CV] END estimator__criterion=squared_error, estimator__learning_rate=0.01, estimator__max_depth=18, estimator__min_samples_split=10, estimator__n_estimators=52; total time=   0.0s
[CV] END estimator__criterion=squared_error, estimator__learning_rate=0.01, estimator__max_depth=18, estimator__min_samples_split=10, estimator__n_estimators=52; total time=   0.0s
[CV] END estimator__criterion=squared_error, estimator__learning_rate=0.1, estimator__max_depth=14, estimator__min_samples_split=10, estimator__n_estimators=36; total time=   0.0s
[CV] END estimator__criterion=squared_error, estimator__learning_rate=0.1, estimator__max_depth=14, estimator__min_samples_split=10, estimator__n_estimators=36; total time=   0.0s
[CV] END estimator__criterion=squared_error, estimator__learning_rate=0.1, estimator__max_depth=14, estimator__min_samples_split=10, estimator__n_estimators=36; total time=   0.0s
[CV] END estimator__criterion=squared_error, estimator__learning_rate=0.1, estimator__max_depth=14, estimator__min_samples_split=10, estimator__n_estimators=36; total time=   0.0s
[CV] END estimator__criterion=squared_error, estimator__learning_rate=0.1, estimator__max_depth=14, estimator__min_samples_split=18, estimator__n_estimators=52; total time=   0.0s
[CV] END estimator__criterion=squared_error, estimator__learning_rate=0.1, estimator__max_depth=14, estimator__min_samples_split=18, estimator__n_estimators=68; total time=   0.0s
[CV] END estimator__criterion=squared_error, estimator__learning_rate=0.1, estimator__max_depth=14, estimator__min_samples_split=18, estimator__n_estimators=68; total time=   0.0s
[CV] END estimator__criterion=squared_error, estimator__learning_rate=0.1, estimator__max_depth=14, estimator__min_samples_split=18, estimator__n_estimators=68; total time=   0.0s
[CV] END estimator__criterion=squared_error, estimator__learning_rate=0.1, estimator__max_depth=16, estimator__min_samples_split=10, estimator__n_estimators=20; total time=   0.0s
[CV] END estimator__criterion=squared_error, estimator__learning_rate=0.1, estimator__max_depth=16, estimator__min_samples_split=10, estimator__n_estimators=36; total time=   0.0s
[CV] END estimator__criterion=squared_error, estimator__learning_rate=0.1, estimator__max_depth=16, estimator__min_samples_split=10, estimator__n_estimators=36; total time=   0.0s
[CV] END estimator__criterion=squared_error, estimator__learning_rate=0.1, estimator__max_depth=16, estimator__min_samples_split=10, estimator__n_estimators=36; total time=   0.0s
[CV] END estimator__criterion=squared_error, estimator__learning_rate=0.1, estimator__max_depth=16, estimator__min_samples_split=16, estimator__n_estimators=36; total time=   0.0s
[CV] END estimator__criterion=squared_error, estimator__learning_rate=0.1, estimator__max_depth=16, estimator__min_samples_split=16, estimator__n_estimators=36; total time=   0.0s
[CV] END estimator__criterion=squared_error, estimator__learning_rate=0.1, estimator__max_depth=16, estimator__min_samples_split=16, estimator__n_estimators=36; total time=   0.0s
[CV] END estimator__criterion=squared_error, estimator__learning_rate=0.1, estimator__max_depth=16, estimator__min_samples_split=16, estimator__n_estimators=36; total time=   0.0s
[CV] END estimator__criterion=squared_error, estimator__learning_rate=0.1, estimator__max_depth=17, estimator__min_samples_split=12, estimator__n_estimators=84; total time=   0.0s
[CV] END estimator__criterion=squared_error, estimator__learning_rate=0.1, estimator__max_depth=17, estimator__min_samples_split=12, estimator__n_estimators=84; total time=   0.0s
[CV] END estimator__criterion=squared_error, estimator__learning_rate=0.1, estimator__max_depth=17, estimator__min_samples_split=12, estimator__n_estimators=84; total time=   0.0s
[CV] END estimator__criterion=squared_error, estimator__learning_rate=0.1, estimator__max_depth=17, estimator__min_samples_split=14, estimator__n_estimators=20; total time=   0.0s
[CV] END estimator__criterion=squared_error, estimator__learning_rate=0.1, estimator__max_depth=18, estimator__min_samples_split=14, estimator__n_estimators=36; total time=   0.0s
[CV] END estimator__criterion=squared_error, estimator__learning_rate=0.1, estimator__max_depth=18, estimator__min_samples_split=14, estimator__n_estimators=36; total time=   0.0s
[CV] END estimator__criterion=squared_error, estimator__learning_rate=0.1, estimator__max_depth=18, estimator__min_samples_split=14, estimator__n_estimators=52; total time=   0.0s
[CV] END estimator__criterion=squared_error, estimator__learning_rate=0.1, estimator__max_depth=18, estimator__min_samples_split=14, estimator__n_estimators=52; total time=   0.0s
[CV] END estimator__criterion=squared_error, estimator__learning_rate=1.0, estimator__max_depth=14, estimator__min_samples_split=14, estimator__n_estimators=20; total time=   0.0s
[CV] END estimator__criterion=squared_error, estimator__learning_rate=1.0, estimator__max_depth=14, estimator__min_samples_split=14, estimator__n_estimators=20; total time=   0.0s
[CV] END estimator__criterion=squared_error, estimator__learning_rate=1.0, estimator__max_depth=14, estimator__min_samples_split=14, estimator__n_estimators=36; total time=   0.0s
[CV] END estimator__criterion=squared_error, estimator__learning_rate=1.0, estimator__max_depth=14, estimator__min_samples_split=14, estimator__n_estimators=36; total time=   0.0s
[CV] END estimator__criterion=squared_error, estimator__learning_rate=1.0, estimator__max_depth=15, estimator__min_samples_split=10, estimator__n_estimators=68; total time=   0.0s
[CV] END estimator__criterion=squared_error, estimator__learning_rate=1.0, estimator__max_depth=15, estimator__min_samples_split=10, estimator__n_estimators=68; total time=   0.0s
[CV] END estimator__criterion=squared_error, estimator__learning_rate=1.0, estimator__max_depth=15, estimator__min_samples_split=10, estimator__n_estimators=68; total time=   0.0s
[CV] END estimator__criterion=squared_error, estimator__learning_rate=1.0, estimator__max_depth=15, estimator__min_samples_split=10, estimator__n_estimators=68; total time=   0.0s
[CV] END estimator__criterion=squared_error, estimator__learning_rate=1.0, estimator__max_depth=16, estimator__min_samples_split=16, estimator__n_estimators=20; total time=   0.0s
[CV] END estimator__criterion=squared_error, estimator__learning_rate=1.0, estimator__max_depth=16, estimator__min_samples_split=16, estimator__n_estimators=20; total time=   0.0s
[CV] END estimator__criterion=squared_error, estimator__learning_rate=1.0, estimator__max_depth=16, estimator__min_samples_split=16, estimator__n_estimators=20; total time=   0.0s
[CV] END estimator__criterion=squared_error, estimator__learning_rate=1.0, estimator__max_depth=16, estimator__min_samples_split=16, estimator__n_estimators=20; total time=   0.0s
[CV] END estimator__criterion=squared_error, estimator__learning_rate=0.01, estimator__max_depth=18, estimator__min_samples_split=18, estimator__n_estimators=68; total time=   0.0s
[CV] END estimator__criterion=squared_error, estimator__learning_rate=0.01, estimator__max_depth=18, estimator__min_samples_split=18, estimator__n_estimators=68; total time=   0.0s
[CV] END estimator__criterion=squared_error, estimator__learning_rate=0.01, estimator__max_depth=18, estimator__min_samples_split=18, estimator__n_estimators=68; total time=   0.0s
[CV] END estimator__criterion=squared_error, estimator__learning_rate=0.01, estimator__max_depth=18, estimator__min_samples_split=18, estimator__n_estimators=68; total time=   0.0s
[CV] END estimator__criterion=squared_error, estimator__learning_rate=0.1, estimator__max_depth=15, estimator__min_samples_split=12, estimator__n_estimators=20; total time=   0.0s
[CV] END estimator__criterion=squared_error, estimator__learning_rate=0.1, estimator__max_depth=15, estimator__min_samples_split=12, estimator__n_estimators=36; total time=   0.0s
[CV] END estimator__criterion=squared_error, estimator__learning_rate=0.1, estimator__max_depth=15, estimator__min_samples_split=12, estimator__n_estimators=36; total time=   0.0s
[CV] END estimator__criterion=squared_error, estimator__learning_rate=0.1, estimator__max_depth=15, estimator__min_samples_split=12, estimator__n_estimators=36; total time=   0.0s
[CV] END estimator__criterion=squared_error, estimator__learning_rate=0.1, estimator__max_depth=16, estimator__min_samples_split=10, estimator__n_estimators=20; total time=   0.0s
[CV] END estimator__criterion=squared_error, estimator__learning_rate=0.1, estimator__max_depth=16, estimator__min_samples_split=10, estimator__n_estimators=20; total time=   0.0s
[CV] END estimator__criterion=squared_error, estimator__learning_rate=0.1, estimator__max_depth=16, estimator__min_samples_split=10, estimator__n_estimators=20; total time=   0.0s
[CV] END estimator__criterion=squared_error, estimator__learning_rate=0.1, estimator__max_depth=16, estimator__min_samples_split=10, estimator__n_estimators=20; total time=   0.0s
[CV] END estimator__criterion=squared_error, estimator__learning_rate=0.1, estimator__max_depth=16, estimator__min_samples_split=14, estimator__n_estimators=52; total time=   0.0s
[CV] END estimator__criterion=squared_error, estimator__learning_rate=0.1, estimator__max_depth=16, estimator__min_samples_split=14, estimator__n_estimators=52; total time=   0.0s
[CV] END estimator__criterion=squared_error, estimator__learning_rate=0.1, estimator__max_depth=16, estimator__min_samples_split=14, estimator__n_estimators=52; total time=   0.0s
[CV] END estimator__criterion=squared_error, estimator__learning_rate=0.1, estimator__max_depth=16, estimator__min_samples_split=14, estimator__n_estimators=52; total time=   0.0s
[CV] END estimator__criterion=squared_error, estimator__learning_rate=0.1, estimator__max_depth=17, estimator__min_samples_split=14, estimator__n_estimators=36; total time=   0.0s
[CV] END estimator__criterion=squared_error, estimator__learning_rate=0.1, estimator__max_depth=17, estimator__min_samples_split=14, estimator__n_estimators=36; total time=   0.0s
[CV] END estimator__criterion=squared_error, estimator__learning_rate=0.1, estimator__max_depth=17, estimator__min_samples_split=14, estimator__n_estimators=36; total time=   0.0s
[CV] END estimator__criterion=squared_error, estimator__learning_rate=0.1, estimator__max_depth=17, estimator__min_samples_split=14, estimator__n_estimators=36; total time=   0.0s
[CV] END estimator__criterion=squared_error, estimator__learning_rate=0.1, estimator__max_depth=18, estimator__min_samples_split=10, estimator__n_estimators=20; total time=   0.0s
[CV] END estimator__criterion=squared_error, estimator__learning_rate=0.1, estimator__max_depth=18, estimator__min_samples_split=10, estimator__n_estimators=20; total time=   0.0s
[CV] END estimator__criterion=squared_error, estimator__learning_rate=0.1, estimator__max_depth=18, estimator__min_samples_split=10, estimator__n_estimators=20; total time=   0.0s
[CV] END estimator__criterion=squared_error, estimator__learning_rate=0.1, estimator__max_depth=18, estimator__min_samples_split=10, estimator__n_estimators=36; total time=   0.0s
[CV] END estimator__criterion=squared_error, estimator__learning_rate=0.1, estimator__max_depth=18, estimator__min_samples_split=14, estimator__n_estimators=52; total time=   0.0s
[CV] END estimator__criterion=squared_error, estimator__learning_rate=0.1, estimator__max_depth=18, estimator__min_samples_split=14, estimator__n_estimators=52; total time=   0.0s
[CV] END estimator__criterion=squared_error, estimator__learning_rate=0.1, estimator__max_depth=18, estimator__min_samples_split=14, estimator__n_estimators=52; total time=   0.0s
[CV] END estimator__criterion=squared_error, estimator__learning_rate=0.1, estimator__max_depth=18, estimator__min_samples_split=14, estimator__n_estimators=68; total time=   0.0s
[CV] END estimator__criterion=squared_error, estimator__learning_rate=1.0, estimator__max_depth=14, estimator__min_samples_split=14, estimator__n_estimators=84; total time=   0.0s
[CV] END estimator__criterion=squared_error, estimator__learning_rate=1.0, estimator__max_depth=14, estimator__min_samples_split=14, estimator__n_estimators=84; total time=   0.0s
[CV] END estimator__criterion=squared_error, estimator__learning_rate=1.0, estimator__max_depth=14, estimator__min_samples_split=16, estimator__n_estimators=20; total time=   0.0s
[CV] END estimator__criterion=squared_error, estimator__learning_rate=1.0, estimator__max_depth=14, estimator__min_samples_split=16, estimator__n_estimators=20; total time=   0.0s
[CV] END estimator__criterion=squared_error, estimator__learning_rate=1.0, estimator__max_depth=15, estimator__min_samples_split=14, estimator__n_estimators=68; total time=   0.0s
[CV] END estimator__criterion=squared_error, estimator__learning_rate=1.0, estimator__max_depth=15, estimator__min_samples_split=14, estimator__n_estimators=68; total time=   0.0s
[CV] END estimator__criterion=squared_error, estimator__learning_rate=1.0, estimator__max_depth=15, estimator__min_samples_split=14, estimator__n_estimators=84; total time=   0.0s
[CV] END estimator__criterion=squared_error, estimator__learning_rate=1.0, estimator__max_depth=15, estimator__min_samples_split=14, estimator__n_estimators=84; total time=   0.0s
[CV] END estimator__criterion=squared_error, estimator__learning_rate=1.0, estimator__max_depth=17, estimator__min_samples_split=10, estimator__n_estimators=36; total time=   0.0s
[CV] END estimator__criterion=squared_error, estimator__learning_rate=1.0, estimator__max_depth=17, estimator__min_samples_split=10, estimator__n_estimators=36; total time=   0.0s
[CV] END estimator__criterion=squared_error, estimator__learning_rate=1.0, estimator__max_depth=17, estimator__min_samples_split=10, estimator__n_estimators=36; total time=   0.0s
[CV] END estimator__criterion=squared_error, estimator__learning_rate=1.0, estimator__max_depth=17, estimator__min_samples_split=10, estimator__n_estimators=36; total time=   0.0s
[CV] END estimator__criterion=squared_error, estimator__learning_rate=1.0, estimator__max_depth=17, estimator__min_samples_split=16, estimator__n_estimators=84; total time=   0.0s
[CV] END estimator__criterion=squared_error, estimator__learning_rate=1.0, estimator__max_depth=17, estimator__min_samples_split=16, estimator__n_estimators=84; total time=   0.0s
[CV] END estimator__criterion=squared_error, estimator__learning_rate=1.0, estimator__max_depth=17, estimator__min_samples_split=18, estimator__n_estimators=20; total time=   0.0s
[CV] END estimator__criterion=squared_error, estimator__learning_rate=1.0, estimator__max_depth=17, estimator__min_samples_split=18, estimator__n_estimators=20; total time=   0.0s
[CV] END estimator__criterion=squared_error, estimator__learning_rate=1.0, estimator__max_depth=18, estimator__min_samples_split=18, estimator__n_estimators=20; total time=   0.0s
[CV] END estimator__criterion=squared_error, estimator__learning_rate=1.0, estimator__max_depth=18, estimator__min_samples_split=18, estimator__n_estimators=20; total time=   0.0sFitting 5 folds for each of 500 candidates, totalling 2500 fits
[DONE] Family fit complete | family=GBM elapsed=13.26s best_score=-6.825725836058458 best_params={'estimator__criterion': 'squared_error', 'estimator__learning_rate': 0.01, 'estimator__max_depth': 14, 'estimator__min_samples_split': 18, 'estimator__n_estimators': 84}
[INFO] Family evaluation started | family=GBM targets=1
[DONE] Family evaluation complete | family=GBM elapsed=0.00s mean_component_mape=133.163% mean_component_mae=0.000424
[INFO] Family ONNX export started | family=GBM targets=1 estimator=GradientBoostingRegressor
[DONE] Family ONNX export complete | family=GBM elapsed=0.06s exported=1 failed=0
[DONE] Original-dataset exact validation complete | summary=output/validation_checks/paper_reimplementation_rcim_original_dataset_exact_model_bank_forward_final_open_cells/2026-04-28-01-02-23__track1_forward_gbm_ampl_h162_final_open_cells_attempt_01_campaign_run/validation_summary.yaml report=doc/reports/analysis/validation_checks/2026-04-28-01-03-11_paper_reimplementation_rcim_original_dataset_exact_model_bank_forward_final_open_cells_track1_forward_gbm_ampl_h162_final_open_cells_attempt_01_campaign_run_original_dataset_exact_model_bank_report.md
[CV] END estimator__criterion=squared_error, estimator__learning_rate=0.1, estimator__max_depth=16, estimator__min_samples_split=16, estimator__n_estimators=84; total time=   0.0s
[CV] END estimator__criterion=squared_error, estimator__learning_rate=0.1, estimator__max_depth=16, estimator__min_samples_split=16, estimator__n_estimators=84; total time=   0.0s
[CV] END estimator__criterion=squared_error, estimator__learning_rate=0.1, estimator__max_depth=18, estimator__min_samples_split=18, estimator__n_estimators=20; total time=   0.0s
[CV] END estimator__criterion=squared_error, estimator__learning_rate=0.1, estimator__max_depth=18, estimator__min_samples_split=18, estimator__n_estimators=20; total time=   0.0s
[CV] END estimator__criterion=squared_error, estimator__learning_rate=0.1, estimator__max_depth=18, estimator__min_samples_split=18, estimator__n_estimators=20; total time=   0.0s
[CV] END estimator__criterion=squared_error, estimator__learning_rate=0.1, estimator__max_depth=18, estimator__min_samples_split=18, estimator__n_estimators=36; total time=   0.0s
[CV] END estimator__criterion=squared_error, estimator__learning_rate=1.0, estimator__max_depth=14, estimator__min_samples_split=12, estimator__n_estimators=20; total time=   0.0s
[CV] END estimator__criterion=squared_error, estimator__learning_rate=1.0, estimator__max_depth=14, estimator__min_samples_split=12, estimator__n_estimators=36; total time=   0.0s
[CV] END estimator__criterion=squared_error, estimator__learning_rate=1.0, estimator__max_depth=14, estimator__min_samples_split=12, estimator__n_estimators=36; total time=   0.0s
[CV] END estimator__criterion=squared_error, estimator__learning_rate=1.0, estimator__max_depth=14, estimator__min_samples_split=12, estimator__n_estimators=36; total time=   0.0s
[CV] END estimator__criterion=squared_error, estimator__learning_rate=1.0, estimator__max_depth=14, estimator__min_samples_split=18, estimator__n_estimators=36; total time=   0.0s
[CV] END estimator__criterion=squared_error, estimator__learning_rate=1.0, estimator__max_depth=14, estimator__min_samples_split=18, estimator__n_estimators=52; total time=   0.0s
[CV] END estimator__criterion=squared_error, estimator__learning_rate=1.0, estimator__max_depth=14, estimator__min_samples_split=18, estimator__n_estimators=52; total time=   0.0s
[CV] END estimator__criterion=squared_error, estimator__learning_rate=1.0, estimator__max_depth=14, estimator__min_samples_split=18, estimator__n_estimators=52; total time=   0.0s
[CV] END estimator__criterion=squared_error, estimator__learning_rate=1.0, estimator__max_depth=15, estimator__min_samples_split=18, estimator__n_estimators=20; total time=   0.0s
[CV] END estimator__criterion=squared_error, estimator__learning_rate=1.0, estimator__max_depth=15, estimator__min_samples_split=18, estimator__n_estimators=36; total time=   0.0s
[CV] END estimator__criterion=squared_error, estimator__learning_rate=1.0, estimator__max_depth=15, estimator__min_samples_split=18, estimator__n_estimators=36; total time=   0.0s
[CV] END estimator__criterion=squared_error, estimator__learning_rate=1.0, estimator__max_depth=15, estimator__min_samples_split=18, estimator__n_estimators=36; total time=   0.0s
[CV] END estimator__criterion=squared_error, estimator__learning_rate=1.0, estimator__max_depth=16, estimator__min_samples_split=14, estimator__n_estimators=36; total time=   0.0s
[CV] END estimator__criterion=squared_error, estimator__learning_rate=1.0, estimator__max_depth=16, estimator__min_samples_split=14, estimator__n_estimators=52; total time=   0.0s
[CV] END estimator__criterion=squared_error, estimator__learning_rate=1.0, estimator__max_depth=16, estimator__min_samples_split=14, estimator__n_estimators=52; total time=   0.0s
[CV] END estimator__criterion=squared_error, estimator__learning_rate=1.0, estimator__max_depth=16, estimator__min_samples_split=14, estimator__n_estimators=52; total time=   0.0s
[CV] END estimator__criterion=squared_error, estimator__learning_rate=1.0, estimator__max_depth=17, estimator__min_samples_split=12, estimator__n_estimators=84; total time=   0.0s
[CV] END estimator__criterion=squared_error, estimator__learning_rate=1.0, estimator__max_depth=17, estimator__min_samples_split=12, estimator__n_estimators=84; total time=   0.0s
[CV] END estimator__criterion=squared_error, estimator__learning_rate=1.0, estimator__max_depth=17, estimator__min_samples_split=12, estimator__n_estimators=84; total time=   0.0s
[CV] END estimator__criterion=squared_error, estimator__learning_rate=1.0, estimator__max_depth=17, estimator__min_samples_split=12, estimator__n_estimators=84; total time=   0.0s
[CV] END estimator__criterion=squared_error, estimator__learning_rate=0.01, estimator__max_depth=16, estimator__min_samples_split=18, estimator__n_estimators=52; total time=   0.0s
[CV] END estimator__criterion=squared_error, estimator__learning_rate=0.01, estimator__max_depth=16, estimator__min_samples_split=18, estimator__n_estimators=52; total time=   0.0s
[CV] END estimator__criterion=squared_error, estimator__learning_rate=0.01, estimator__max_depth=16, estimator__min_samples_split=18, estimator__n_estimators=68; total time=   0.0s
[CV] END estimator__criterion=squared_error, estimator__learning_rate=0.01, estimator__max_depth=16, estimator__min_samples_split=18, estimator__n_estimators=68; total time=   0.0s
[CV] END estimator__criterion=squared_error, estimator__learning_rate=0.01, estimator__max_depth=17, estimator__min_samples_split=18, estimator__n_estimators=68; total time=   0.0s
[CV] END estimator__criterion=squared_error, estimator__learning_rate=0.01, estimator__max_depth=17, estimator__min_samples_split=18, estimator__n_estimators=68; total time=   0.0s
[CV] END estimator__criterion=squared_error, estimator__learning_rate=0.01, estimator__max_depth=17, estimator__min_samples_split=18, estimator__n_estimators=68; total time=   0.0s
[CV] END estimator__criterion=squared_error, estimator__learning_rate=0.01, estimator__max_depth=17, estimator__min_samples_split=18, estimator__n_estimators=68; total time=   0.0s
[CV] END estimator__criterion=squared_error, estimator__learning_rate=0.1, estimator__max_depth=14, estimator__min_samples_split=10, estimator__n_estimators=68; total time=   0.0s
[CV] END estimator__criterion=squared_error, estimator__learning_rate=0.1, estimator__max_depth=14, estimator__min_samples_split=10, estimator__n_estimators=68; total time=   0.0s
[CV] END estimator__criterion=squared_error, estimator__learning_rate=0.1, estimator__max_depth=14, estimator__min_samples_split=10, estimator__n_estimators=84; total time=   0.0s
[CV] END estimator__criterion=squared_error, estimator__learning_rate=0.1, estimator__max_depth=14, estimator__min_samples_split=10, estimator__n_estimators=84; total time=   0.0s
[CV] END estimator__criterion=squared_error, estimator__learning_rate=0.1, estimator__max_depth=15, estimator__min_samples_split=16, estimator__n_estimators=52; total time=   0.0s
[CV] END estimator__criterion=squared_error, estimator__learning_rate=0.1, estimator__max_depth=15, estimator__min_samples_split=16, estimator__n_estimators=68; total time=   0.0s
[CV] END estimator__criterion=squared_error, estimator__learning_rate=0.1, estimator__max_depth=15, estimator__min_samples_split=16, estimator__n_estimators=68; total time=   0.0s
[CV] END estimator__criterion=squared_error, estimator__learning_rate=0.1, estimator__max_depth=15, estimator__min_samples_split=16, estimator__n_estimators=68; total time=   0.0s
[CV] END estimator__criterion=squared_error, estimator__learning_rate=0.1, estimator__max_depth=16, estimator__min_samples_split=18, estimator__n_estimators=52; total time=   0.0s
[CV] END estimator__criterion=squared_error, estimator__learning_rate=0.1, estimator__max_depth=16, estimator__min_samples_split=18, estimator__n_estimators=52; total time=   0.0s
[CV] END estimator__criterion=squared_error, estimator__learning_rate=0.1, estimator__max_depth=16, estimator__min_samples_split=18, estimator__n_estimators=52; total time=   0.0s
[CV] END estimator__criterion=squared_error, estimator__learning_rate=0.1, estimator__max_depth=16, estimator__min_samples_split=18, estimator__n_estimators=68; total time=   0.0s
[CV] END estimator__criterion=squared_error, estimator__learning_rate=0.1, estimator__max_depth=18, estimator__min_samples_split=10, estimator__n_estimators=68; total time=   0.0s
[CV] END estimator__criterion=squared_error, estimator__learning_rate=0.1, estimator__max_depth=18, estimator__min_samples_split=10, estimator__n_estimators=68; total time=   0.0s
[CV] END estimator__criterion=squared_error, estimator__learning_rate=0.1, estimator__max_depth=18, estimator__min_samples_split=10, estimator__n_estimators=84; total time=   0.0s
[CV] END estimator__criterion=squared_error, estimator__learning_rate=0.1, estimator__max_depth=18, estimator__min_samples_split=10, estimator__n_estimators=84; total time=   0.0s
[CV] END estimator__criterion=squared_error, estimator__learning_rate=1.0, estimator__max_depth=14, estimator__min_samples_split=14, estimator__n_estimators=52; total time=   0.0s
[CV] END estimator__criterion=squared_error, estimator__learning_rate=1.0, estimator__max_depth=14, estimator__min_samples_split=14, estimator__n_estimators=52; total time=   0.0s
[CV] END estimator__criterion=squared_error, estimator__learning_rate=1.0, estimator__max_depth=14, estimator__min_samples_split=14, estimator__n_estimators=52; total time=   0.0s
[CV] END estimator__criterion=squared_error, estimator__learning_rate=1.0, estimator__max_depth=14, estimator__min_samples_split=14, estimator__n_estimators=52; total time=   0.0s
[CV] END estimator__criterion=squared_error, estimator__learning_rate=1.0, estimator__max_depth=15, estimator__min_samples_split=14, estimator__n_estimators=84; total time=   0.0s
[CV] END estimator__criterion=squared_error, estimator__learning_rate=1.0, estimator__max_depth=15, estimator__min_samples_split=14, estimator__n_estimators=84; total time=   0.0s
[CV] END estimator__criterion=squared_error, estimator__learning_rate=1.0, estimator__max_depth=15, estimator__min_samples_split=14, estimator__n_estimators=84; total time=   0.0s
[CV] END estimator__criterion=squared_error, estimator__learning_rate=1.0, estimator__max_depth=15, estimator__min_samples_split=16, estimator__n_estimators=20; total time=   0.0s
[CV] END estimator__criterion=squared_error, estimator__learning_rate=1.0, estimator__max_depth=16, estimator__min_samples_split=18, estimator__n_estimators=68; total time=   0.0s
[CV] END estimator__criterion=squared_error, estimator__learning_rate=1.0, estimator__max_depth=16, estimator__min_samples_split=18, estimator__n_estimators=84; total time=   0.0s
[CV] END estimator__criterion=squared_error, estimator__learning_rate=1.0, estimator__max_depth=16, estimator__min_samples_split=18, estimator__n_estimators=84; total time=   0.0s
[CV] END estimator__criterion=squared_error, estimator__learning_rate=1.0, estimator__max_depth=16, estimator__min_samples_split=18, estimator__n_estimators=84; total time=   0.0s
[CV] END estimator__criterion=squared_error, estimator__learning_rate=1.0, estimator__max_depth=18, estimator__min_samples_split=16, estimator__n_estimators=20; total time=   0.0s
[CV] END estimator__criterion=squared_error, estimator__learning_rate=1.0, estimator__max_depth=18, estimator__min_samples_split=16, estimator__n_estimators=20; total time=   0.0s
[CV] END estimator__criterion=squared_error, estimator__learning_rate=1.0, estimator__max_depth=18, estimator__min_samples_split=16, estimator__n_estimators=20; total time=   0.0s
[CV] END estimator__criterion=squared_error, estimator__learning_rate=1.0, estimator__max_depth=18, estimator__min_samples_split=16, estimator__n_estimators=36; total time=   0.0s
[CV] END estimator__criterion=squared_error, estimator__learning_rate=0.1, estimator__max_depth=15, estimator__min_samples_split=16, estimator__n_estimators=84; total time=   0.0s
[CV] END estimator__criterion=squared_error, estimator__learning_rate=0.1, estimator__max_depth=15, estimator__min_samples_split=16, estimator__n_estimators=84; total time=   0.0s
[CV] END estimator__criterion=squared_error, estimator__learning_rate=0.1, estimator__max_depth=15, estimator__min_samples_split=16, estimator__n_estimators=84; total time=   0.0s
[CV] END estimator__criterion=squared_error, estimator__learning_rate=0.1, estimator__max_depth=15, estimator__min_samples_split=18, estimator__n_estimators=20; total time=   0.0s
[CV] END estimator__criterion=squared_error, estimator__learning_rate=0.1, estimator__max_depth=17, estimator__min_samples_split=12, estimator__n_estimators=20; total time=   0.0s
[CV] END estimator__criterion=squared_error, estimator__learning_rate=0.1, estimator__max_depth=17, estimator__min_samples_split=12, estimator__n_estimators=20; total time=   0.0s
[CV] END estimator__criterion=squared_error, estimator__learning_rate=0.1, estimator__max_depth=17, estimator__min_samples_split=12, estimator__n_estimators=20; total time=   0.0s
[CV] END estimator__criterion=squared_error, estimator__learning_rate=0.1, estimator__max_depth=17, estimator__min_samples_split=12, estimator__n_estimators=36; total time=   0.0s
[CV] END estimator__criterion=squared_error, estimator__learning_rate=0.1, estimator__max_depth=17, estimator__min_samples_split=16, estimator__n_estimators=20; total time=   0.0s
[CV] END estimator__criterion=squared_error, estimator__learning_rate=0.1, estimator__max_depth=17, estimator__min_samples_split=16, estimator__n_estimators=36; total time=   0.0s
[CV] END estimator__criterion=squared_error, estimator__learning_rate=0.1, estimator__max_depth=17, estimator__min_samples_split=16, estimator__n_estimators=36; total time=   0.0s
[CV] END estimator__criterion=squared_error, estimator__learning_rate=0.1, estimator__max_depth=17, estimator__min_samples_split=16, estimator__n_estimators=36; total time=   0.0s
[CV] END estimator__criterion=squared_error, estimator__learning_rate=0.1, estimator__max_depth=18, estimator__min_samples_split=12, estimator__n_estimators=36; total time=   0.0s
[CV] END estimator__criterion=squared_error, estimator__learning_rate=0.1, estimator__max_depth=18, estimator__min_samples_split=12, estimator__n_estimators=52; total time=   0.0s
[CV] END estimator__criterion=squared_error, estimator__learning_rate=0.1, estimator__max_depth=18, estimator__min_samples_split=12, estimator__n_estimators=52; total time=   0.0s
[CV] END estimator__criterion=squared_error, estimator__learning_rate=0.1, estimator__max_depth=18, estimator__min_samples_split=12, estimator__n_estimators=52; total time=   0.0s
[CV] END estimator__criterion=squared_error, estimator__learning_rate=1.0, estimator__max_depth=14, estimator__min_samples_split=12, estimator__n_estimators=36; total time=   0.0s
[CV] END estimator__criterion=squared_error, estimator__learning_rate=1.0, estimator__max_depth=14, estimator__min_samples_split=12, estimator__n_estimators=36; total time=   0.0s
[CV] END estimator__criterion=squared_error, estimator__learning_rate=1.0, estimator__max_depth=14, estimator__min_samples_split=12, estimator__n_estimators=52; total time=   0.0s
[CV] END estimator__criterion=squared_error, estimator__learning_rate=1.0, estimator__max_depth=14, estimator__min_samples_split=12, estimator__n_estimators=52; total time=   0.0s
[CV] END estimator__criterion=squared_error, estimator__learning_rate=1.0, estimator__max_depth=15, estimator__min_samples_split=12, estimator__n_estimators=20; total time=   0.0s
[CV] END estimator__criterion=squared_error, estimator__learning_rate=1.0, estimator__max_depth=15, estimator__min_samples_split=12, estimator__n_estimators=20; total time=   0.0s
[CV] END estimator__criterion=squared_error, estimator__learning_rate=1.0, estimator__max_depth=15, estimator__min_samples_split=12, estimator__n_estimators=36; total time=   0.0s
[CV] END estimator__criterion=squared_error, estimator__learning_rate=1.0, estimator__max_depth=15, estimator__min_samples_split=12, estimator__n_estimators=36; total time=   0.0s
[CV] END estimator__criterion=squared_error, estimator__learning_rate=1.0, estimator__max_depth=15, estimator__min_samples_split=16, estimator__n_estimators=68; total time=   0.0s
[CV] END estimator__criterion=squared_error, estimator__learning_rate=1.0, estimator__max_depth=15, estimator__min_samples_split=16, estimator__n_estimators=68; total time=   0.0s
[CV] END estimator__criterion=squared_error, estimator__learning_rate=1.0, estimator__max_depth=15, estimator__min_samples_split=16, estimator__n_estimators=68; total time=   0.0s
[CV] END estimator__criterion=squared_error, estimator__learning_rate=1.0, estimator__max_depth=15, estimator__min_samples_split=16, estimator__n_estimators=84; total time=   0.0s
[CV] END estimator__criterion=squared_error, estimator__learning_rate=1.0, estimator__max_depth=17, estimator__min_samples_split=10, estimator__n_estimators=84; total time=   0.0s
[CV] END estimator__criterion=squared_error, estimator__learning_rate=1.0, estimator__max_depth=17, estimator__min_samples_split=10, estimator__n_estimators=84; total time=   0.0s
[CV] END estimator__criterion=squared_error, estimator__learning_rate=1.0, estimator__max_depth=17, estimator__min_samples_split=10, estimator__n_estimators=84; total time=   0.0s
[CV] END estimator__criterion=squared_error, estimator__learning_rate=1.0, estimator__max_depth=17, estimator__min_samples_split=12, estimator__n_estimators=20; total time=   0.0s
[CV] END estimator__criterion=squared_error, estimator__learning_rate=1.0, estimator__max_depth=18, estimator__min_samples_split=12, estimator__n_estimators=84; total time=   0.0s
[CV] END estimator__criterion=squared_error, estimator__learning_rate=1.0, estimator__max_depth=18, estimator__min_samples_split=14, estimator__n_estimators=20; total time=   0.0s
[CV] END estimator__criterion=squared_error, estimator__learning_rate=1.0, estimator__max_depth=18, estimator__min_samples_split=14, estimator__n_estimators=20; total time=   0.0s
[CV] END estimator__criterion=squared_error, estimator__learning_rate=1.0, estimator__max_depth=18, estimator__min_samples_split=14, estimator__n_estimators=20; total time=   0.0s
[CV] END estimator__criterion=squared_error, estimator__learning_rate=0.1, estimator__max_depth=18, estimator__min_samples_split=10, estimator__n_estimators=52; total time=   0.0s
[CV] END estimator__criterion=squared_error, estimator__learning_rate=0.1, estimator__max_depth=18, estimator__min_samples_split=10, estimator__n_estimators=52; total time=   0.0s
[CV] END estimator__criterion=squared_error, estimator__learning_rate=0.1, estimator__max_depth=18, estimator__min_samples_split=10, estimator__n_estimators=52; total time=   0.0s
[CV] END estimator__criterion=squared_error, estimator__learning_rate=1.0, estimator__max_depth=14, estimator__min_samples_split=10, estimator__n_estimators=68; total time=   0.0s
[CV] END estimator__criterion=squared_error, estimator__learning_rate=1.0, estimator__max_depth=14, estimator__min_samples_split=10, estimator__n_estimators=68; total time=   0.0s
[CV] END estimator__criterion=squared_error, estimator__learning_rate=1.0, estimator__max_depth=14, estimator__min_samples_split=10, estimator__n_estimators=68; total time=   0.0s
[CV] END estimator__criterion=squared_error, estimator__learning_rate=1.0, estimator__max_depth=14, estimator__min_samples_split=10, estimator__n_estimators=84; total time=   0.0s
[CV] END estimator__criterion=squared_error, estimator__learning_rate=1.0, estimator__max_depth=15, estimator__min_samples_split=14, estimator__n_estimators=36; total time=   0.0s
[CV] END estimator__criterion=squared_error, estimator__learning_rate=1.0, estimator__max_depth=15, estimator__min_samples_split=14, estimator__n_estimators=36; total time=   0.0s
[CV] END estimator__criterion=squared_error, estimator__learning_rate=1.0, estimator__max_depth=15, estimator__min_samples_split=14, estimator__n_estimators=36; total time=   0.0s
[CV] END estimator__criterion=squared_error, estimator__learning_rate=1.0, estimator__max_depth=15, estimator__min_samples_split=14, estimator__n_estimators=36; total time=   0.0s
[CV] END estimator__criterion=squared_error, estimator__learning_rate=1.0, estimator__max_depth=16, estimator__min_samples_split=12, estimator__n_estimators=20; total time=   0.0s
[CV] END estimator__criterion=squared_error, estimator__learning_rate=1.0, estimator__max_depth=16, estimator__min_samples_split=12, estimator__n_estimators=20; total time=   0.0s
[CV] END estimator__criterion=squared_error, estimator__learning_rate=1.0, estimator__max_depth=16, estimator__min_samples_split=12, estimator__n_estimators=20; total time=   0.0s
[CV] END estimator__criterion=squared_error, estimator__learning_rate=1.0, estimator__max_depth=16, estimator__min_samples_split=12, estimator__n_estimators=36; total time=   0.0s
[CV] END estimator__criterion=squared_error, estimator__learning_rate=1.0, estimator__max_depth=16, estimator__min_samples_split=16, estimator__n_estimators=36; total time=   0.0s
[CV] END estimator__criterion=squared_error, estimator__learning_rate=1.0, estimator__max_depth=16, estimator__min_samples_split=16, estimator__n_estimators=36; total time=   0.0s
[CV] END estimator__criterion=squared_error, estimator__learning_rate=1.0, estimator__max_depth=16, estimator__min_samples_split=16, estimator__n_estimators=52; total time=   0.0s
[CV] END estimator__criterion=squared_error, estimator__learning_rate=1.0, estimator__max_depth=16, estimator__min_samples_split=16, estimator__n_estimators=52; total time=   0.0s
[CV] END estimator__criterion=squared_error, estimator__learning_rate=1.0, estimator__max_depth=17, estimator__min_samples_split=14, estimator__n_estimators=20; total time=   0.0s
[CV] END estimator__criterion=squared_error, estimator__learning_rate=1.0, estimator__max_depth=17, estimator__min_samples_split=14, estimator__n_estimators=36; total time=   0.0s
[CV] END estimator__criterion=squared_error, estimator__learning_rate=1.0, estimator__max_depth=17, estimator__min_samples_split=14, estimator__n_estimators=36; total time=   0.0s
[CV] END estimator__criterion=squared_error, estimator__learning_rate=1.0, estimator__max_depth=17, estimator__min_samples_split=14, estimator__n_estimators=36; total time=   0.0s
[CV] END estimator__criterion=squared_error, estimator__learning_rate=1.0, estimator__max_depth=18, estimator__min_samples_split=10, estimator__n_estimators=52; total time=   0.0s
[CV] END estimator__criterion=squared_error, estimator__learning_rate=1.0, estimator__max_depth=18, estimator__min_samples_split=10, estimator__n_estimators=52; total time=   0.0s
[CV] END estimator__criterion=squared_error, estimator__learning_rate=1.0, estimator__max_depth=18, estimator__min_samples_split=10, estimator__n_estimators=68; total time=   0.0s
[CV] END estimator__criterion=squared_error, estimator__learning_rate=1.0, estimator__max_depth=18, estimator__min_samples_split=10, estimator__n_estimators=68; total time=   0.0s
[CV] END estimator__criterion=squared_error, estimator__learning_rate=1.0, estimator__max_depth=14, estimator__min_samples_split=16, estimator__n_estimators=52; total time=   0.0s
[CV] END estimator__criterion=squared_error, estimator__learning_rate=1.0, estimator__max_depth=14, estimator__min_samples_split=16, estimator__n_estimators=52; total time=   0.0s
[CV] END estimator__criterion=squared_error, estimator__learning_rate=1.0, estimator__max_depth=14, estimator__min_samples_split=16, estimator__n_estimators=52; total time=   0.0s
[CV] END estimator__criterion=squared_error, estimator__learning_rate=1.0, estimator__max_depth=15, estimator__min_samples_split=16, estimator__n_estimators=36; total time=   0.0s
[CV] END estimator__criterion=squared_error, estimator__learning_rate=1.0, estimator__max_depth=15, estimator__min_samples_split=16, estimator__n_estimators=36; total time=   0.0s
[CV] END estimator__criterion=squared_error, estimator__learning_rate=1.0, estimator__max_depth=15, estimator__min_samples_split=16, estimator__n_estimators=36; total time=   0.0s
[CV] END estimator__criterion=squared_error, estimator__learning_rate=1.0, estimator__max_depth=15, estimator__min_samples_split=16, estimator__n_estimators=36; total time=   0.0s
[CV] END estimator__criterion=squared_error, estimator__learning_rate=1.0, estimator__max_depth=16, estimator__min_samples_split=12, estimator__n_estimators=84; total time=   0.0s
[CV] END estimator__criterion=squared_error, estimator__learning_rate=1.0, estimator__max_depth=16, estimator__min_samples_split=12, estimator__n_estimators=84; total time=   0.0s
[CV] END estimator__criterion=squared_error, estimator__learning_rate=1.0, estimator__max_depth=16, estimator__min_samples_split=12, estimator__n_estimators=84; total time=   0.0s
[CV] END estimator__criterion=squared_error, estimator__learning_rate=1.0, estimator__max_depth=16, estimator__min_samples_split=14, estimator__n_estimators=20; total time=   0.0s
[CV] END estimator__criterion=squared_error, estimator__learning_rate=1.0, estimator__max_depth=17, estimator__min_samples_split=16, estimator__n_estimators=68; total time=   0.0s
[CV] END estimator__criterion=squared_error, estimator__learning_rate=1.0, estimator__max_depth=17, estimator__min_samples_split=16, estimator__n_estimators=84; total time=   0.0s
[CV] END estimator__criterion=squared_error, estimator__learning_rate=1.0, estimator__max_depth=17, estimator__min_samples_split=16, estimator__n_estimators=84; total time=   0.0s
[CV] END estimator__criterion=squared_error, estimator__learning_rate=1.0, estimator__max_depth=17, estimator__min_samples_split=16, estimator__n_estimators=84; total time=   0.0s
[CV] END estimator__criterion=squared_error, estimator__learning_rate=0.1, estimator__max_depth=15, estimator__min_samples_split=12, estimator__n_estimators=20; total time=   0.0s
[CV] END estimator__criterion=squared_error, estimator__learning_rate=0.1, estimator__max_depth=15, estimator__min_samples_split=12, estimator__n_estimators=20; total time=   0.0s
[CV] END estimator__criterion=squared_error, estimator__learning_rate=0.1, estimator__max_depth=15, estimator__min_samples_split=16, estimator__n_estimators=68; total time=   0.0s
[CV] END estimator__criterion=squared_error, estimator__learning_rate=0.1, estimator__max_depth=15, estimator__min_samples_split=16, estimator__n_estimators=68; total time=   0.0s
[CV] END estimator__criterion=squared_error, estimator__learning_rate=0.1, estimator__max_depth=15, estimator__min_samples_split=16, estimator__n_estimators=84; total time=   0.0s
[CV] END estimator__criterion=squared_error, estimator__learning_rate=0.1, estimator__max_depth=15, estimator__min_samples_split=16, estimator__n_estimators=84; total time=   0.0s
[CV] END estimator__criterion=squared_error, estimator__learning_rate=0.1, estimator__max_depth=17, estimator__min_samples_split=10, estimator__n_estimators=36; total time=   0.0s
[CV] END estimator__criterion=squared_error, estimator__learning_rate=0.1, estimator__max_depth=17, estimator__min_samples_split=10, estimator__n_estimators=36; total time=   0.0s
[CV] END estimator__criterion=squared_error, estimator__learning_rate=0.1, estimator__max_depth=17, estimator__min_samples_split=10, estimator__n_estimators=36; total time=   0.0s
[CV] END estimator__criterion=squared_error, estimator__learning_rate=0.1, estimator__max_depth=17, estimator__min_samples_split=10, estimator__n_estimators=52; total time=   0.0s
[CV] END estimator__criterion=squared_error, estimator__learning_rate=0.1, estimator__max_depth=17, estimator__min_samples_split=18, estimator__n_estimators=52; total time=   0.0s
[CV] END estimator__criterion=squared_error, estimator__learning_rate=0.1, estimator__max_depth=17, estimator__min_samples_split=18, estimator__n_estimators=52; total time=   0.0s
[CV] END estimator__criterion=squared_error, estimator__learning_rate=0.1, estimator__max_depth=17, estimator__min_samples_split=18, estimator__n_estimators=52; total time=   0.0s
[CV] END estimator__criterion=squared_error, estimator__learning_rate=0.1, estimator__max_depth=17, estimator__min_samples_split=18, estimator__n_estimators=52; total time=   0.0s
[CV] END estimator__criterion=squared_error, estimator__learning_rate=0.1, estimator__max_depth=18, estimator__min_samples_split=18, estimator__n_estimators=52; total time=   0.0s
[CV] END estimator__criterion=squared_error, estimator__learning_rate=0.1, estimator__max_depth=18, estimator__min_samples_split=18, estimator__n_estimators=68; total time=   0.0s
[CV] END estimator__criterion=squared_error, estimator__learning_rate=0.1, estimator__max_depth=18, estimator__min_samples_split=18, estimator__n_estimators=68; total time=   0.0s
[CV] END estimator__criterion=squared_error, estimator__learning_rate=0.1, estimator__max_depth=18, estimator__min_samples_split=18, estimator__n_estimators=68; total time=   0.0s
[CV] END estimator__criterion=squared_error, estimator__learning_rate=1.0, estimator__max_depth=15, estimator__min_samples_split=10, estimator__n_estimators=52; total time=   0.0s
[CV] END estimator__criterion=squared_error, estimator__learning_rate=1.0, estimator__max_depth=15, estimator__min_samples_split=10, estimator__n_estimators=52; total time=   0.0s
[CV] END estimator__criterion=squared_error, estimator__learning_rate=1.0, estimator__max_depth=15, estimator__min_samples_split=10, estimator__n_estimators=52; total time=   0.0s
[CV] END estimator__criterion=squared_error, estimator__learning_rate=1.0, estimator__max_depth=15, estimator__min_samples_split=10, estimator__n_estimators=68; total time=   0.0s
[CV] END estimator__criterion=squared_error, estimator__learning_rate=1.0, estimator__max_depth=16, estimator__min_samples_split=12, estimator__n_estimators=52; total time=   0.0s
[CV] END estimator__criterion=squared_error, estimator__learning_rate=1.0, estimator__max_depth=16, estimator__min_samples_split=12, estimator__n_estimators=68; total time=   0.0s
[CV] END estimator__criterion=squared_error, estimator__learning_rate=1.0, estimator__max_depth=16, estimator__min_samples_split=12, estimator__n_estimators=68; total time=   0.0s
[CV] END estimator__criterion=squared_error, estimator__learning_rate=1.0, estimator__max_depth=16, estimator__min_samples_split=12, estimator__n_estimators=68; total time=   0.0s
[CV] END estimator__criterion=squared_error, estimator__learning_rate=1.0, estimator__max_depth=17, estimator__min_samples_split=16, estimator__n_estimators=20; total time=   0.0s
[CV] END estimator__criterion=squared_error, estimator__learning_rate=1.0, estimator__max_depth=17, estimator__min_samples_split=16, estimator__n_estimators=20; total time=   0.0s
[CV] END estimator__criterion=squared_error, estimator__learning_rate=1.0, estimator__max_depth=17, estimator__min_samples_split=16, estimator__n_estimators=36; total time=   0.0s
[CV] END estimator__criterion=squared_error, estimator__learning_rate=1.0, estimator__max_depth=17, estimator__min_samples_split=16, estimator__n_estimators=36; total time=   0.0s
[CV] END estimator__criterion=squared_error, estimator__learning_rate=1.0, estimator__max_depth=18, estimator__min_samples_split=12, estimator__n_estimators=36; total time=   0.0s
[CV] END estimator__criterion=squared_error, estimator__learning_rate=1.0, estimator__max_depth=18, estimator__min_samples_split=12, estimator__n_estimators=36; total time=   0.0s
[CV] END estimator__criterion=squared_error, estimator__learning_rate=1.0, estimator__max_depth=18, estimator__min_samples_split=12, estimator__n_estimators=52; total time=   0.0s
[CV] END estimator__criterion=squared_error, estimator__learning_rate=1.0, estimator__max_depth=18, estimator__min_samples_split=12, estimator__n_estimators=52; total time=   0.0s
[CV] END estimator__criterion=squared_error, estimator__learning_rate=1.0, estimator__max_depth=18, estimator__min_samples_split=18, estimator__n_estimators=20; total time=   0.0s
[CV] END estimator__criterion=squared_error, estimator__learning_rate=1.0, estimator__max_depth=18, estimator__min_samples_split=18, estimator__n_estimators=20; total time=   0.0s
[CV] END estimator__criterion=squared_error, estimator__learning_rate=0.01, estimator__max_depth=17, estimator__min_samples_split=16, estimator__n_estimators=68; total time=   0.0s
[CV] END estimator__criterion=squared_error, estimator__learning_rate=0.01, estimator__max_depth=17, estimator__min_samples_split=16, estimator__n_estimators=68; total time=   0.0s
[CV] END estimator__criterion=squared_error, estimator__learning_rate=0.01, estimator__max_depth=18, estimator__min_samples_split=18, estimator__n_estimators=52; total time=   0.0s
[CV] END estimator__criterion=squared_error, estimator__learning_rate=0.01, estimator__max_depth=18, estimator__min_samples_split=18, estimator__n_estimators=52; total time=   0.0s
[CV] END estimator__criterion=squared_error, estimator__learning_rate=0.01, estimator__max_depth=18, estimator__min_samples_split=18, estimator__n_estimators=52; total time=   0.0s
[CV] END estimator__criterion=squared_error, estimator__learning_rate=0.01, estimator__max_depth=18, estimator__min_samples_split=18, estimator__n_estimators=52; total time=   0.0s
[CV] END estimator__criterion=squared_error, estimator__learning_rate=0.1, estimator__max_depth=15, estimator__min_samples_split=10, estimator__n_estimators=20; total time=   0.0s
[CV] END estimator__criterion=squared_error, estimator__learning_rate=0.1, estimator__max_depth=15, estimator__min_samples_split=10, estimator__n_estimators=20; total time=   0.0s
[CV] END estimator__criterion=squared_error, estimator__learning_rate=0.1, estimator__max_depth=15, estimator__min_samples_split=10, estimator__n_estimators=20; total time=   0.0s
[CV] END estimator__criterion=squared_error, estimator__learning_rate=0.1, estimator__max_depth=15, estimator__min_samples_split=10, estimator__n_estimators=20; total time=   0.0s
[CV] END estimator__criterion=squared_error, estimator__learning_rate=0.1, estimator__max_depth=15, estimator__min_samples_split=12, estimator__n_estimators=84; total time=   0.0s
[CV] END estimator__criterion=squared_error, estimator__learning_rate=0.1, estimator__max_depth=15, estimator__min_samples_split=12, estimator__n_estimators=84; total time=   0.0s
[CV] END estimator__criterion=squared_error, estimator__learning_rate=0.1, estimator__max_depth=15, estimator__min_samples_split=12, estimator__n_estimators=84; total time=   0.0s
[CV] END estimator__criterion=squared_error, estimator__learning_rate=0.1, estimator__max_depth=15, estimator__min_samples_split=12, estimator__n_estimators=84; total time=   0.0s
[CV] END estimator__criterion=squared_error, estimator__learning_rate=0.1, estimator__max_depth=17, estimator__min_samples_split=10, estimator__n_estimators=68; total time=   0.0s
[CV] END estimator__criterion=squared_error, estimator__learning_rate=0.1, estimator__max_depth=17, estimator__min_samples_split=10, estimator__n_estimators=84; total time=   0.0s
[CV] END estimator__criterion=squared_error, estimator__learning_rate=0.1, estimator__max_depth=17, estimator__min_samples_split=10, estimator__n_estimators=84; total time=   0.0s
[CV] END estimator__criterion=squared_error, estimator__learning_rate=0.1, estimator__max_depth=17, estimator__min_samples_split=10, estimator__n_estimators=84; total time=   0.0s
[CV] END estimator__criterion=squared_error, estimator__learning_rate=0.1, estimator__max_depth=18, estimator__min_samples_split=16, estimator__n_estimators=68; total time=   0.0s
[CV] END estimator__criterion=squared_error, estimator__learning_rate=0.1, estimator__max_depth=18, estimator__min_samples_split=16, estimator__n_estimators=68; total time=   0.0s
[CV] END estimator__criterion=squared_error, estimator__learning_rate=0.1, estimator__max_depth=18, estimator__min_samples_split=16, estimator__n_estimators=68; total time=   0.0s
[CV] END estimator__criterion=squared_error, estimator__learning_rate=0.1, estimator__max_depth=18, estimator__min_samples_split=16, estimator__n_estimators=68; total time=   0.0s
[CV] END estimator__criterion=squared_error, estimator__learning_rate=1.0, estimator__max_depth=14, estimator__min_samples_split=18, estimator__n_estimators=52; total time=   0.0s
[CV] END estimator__criterion=squared_error, estimator__learning_rate=1.0, estimator__max_depth=14, estimator__min_samples_split=18, estimator__n_estimators=52; total time=   0.0s
[CV] END estimator__criterion=squared_error, estimator__learning_rate=1.0, estimator__max_depth=14, estimator__min_samples_split=18, estimator__n_estimators=68; total time=   0.0s
[CV] END estimator__criterion=squared_error, estimator__learning_rate=1.0, estimator__max_depth=14, estimator__min_samples_split=18, estimator__n_estimators=68; total time=   0.0s
[CV] END estimator__criterion=squared_error, estimator__learning_rate=1.0, estimator__max_depth=16, estimator__min_samples_split=10, estimator__n_estimators=68; total time=   0.0s
[CV] END estimator__criterion=squared_error, estimator__learning_rate=1.0, estimator__max_depth=16, estimator__min_samples_split=10, estimator__n_estimators=68; total time=   0.0s
[CV] END estimator__criterion=squared_error, estimator__learning_rate=1.0, estimator__max_depth=16, estimator__min_samples_split=10, estimator__n_estimators=68; total time=   0.0s
[CV] END estimator__criterion=squared_error, estimator__learning_rate=1.0, estimator__max_depth=16, estimator__min_samples_split=10, estimator__n_estimators=68; total time=   0.0s
[CV] END estimator__criterion=squared_error, estimator__learning_rate=1.0, estimator__max_depth=17, estimator__min_samples_split=14, estimator__n_estimators=20; total time=   0.0s
[CV] END estimator__criterion=squared_error, estimator__learning_rate=1.0, estimator__max_depth=17, estimator__min_samples_split=14, estimator__n_estimators=20; total time=   0.0s
[CV] END estimator__criterion=squared_error, estimator__learning_rate=1.0, estimator__max_depth=17, estimator__min_samples_split=14, estimator__n_estimators=20; total time=   0.0s
[CV] END estimator__criterion=squared_error, estimator__learning_rate=1.0, estimator__max_depth=17, estimator__min_samples_split=14, estimator__n_estimators=20; total time=   0.0s
[CV] END estimator__criterion=squared_error, estimator__learning_rate=1.0, estimator__max_depth=17, estimator__min_samples_split=18, estimator__n_estimators=68; total time=   0.0s
[CV] END estimator__criterion=squared_error, estimator__learning_rate=1.0, estimator__max_depth=17, estimator__min_samples_split=18, estimator__n_estimators=68; total time=   0.0s
[CV] END estimator__criterion=squared_error, estimator__learning_rate=1.0, estimator__max_depth=17, estimator__min_samples_split=18, estimator__n_estimators=84; total time=   0.0s
[CV] END estimator__criterion=squared_error, estimator__learning_rate=1.0, estimator__max_depth=17, estimator__min_samples_split=18, estimator__n_estimators=84; total time=   0.0s
[CV] END estimator__criterion=squared_error, estimator__learning_rate=0.1, estimator__max_depth=17, estimator__min_samples_split=10, estimator__n_estimators=68; total time=   0.0s
[CV] END estimator__criterion=squared_error, estimator__learning_rate=0.1, estimator__max_depth=17, estimator__min_samples_split=10, estimator__n_estimators=68; total time=   0.0s
[CV] END estimator__criterion=squared_error, estimator__learning_rate=0.1, estimator__max_depth=17, estimator__min_samples_split=10, estimator__n_estimators=68; total time=   0.0s
[CV] END estimator__criterion=squared_error, estimator__learning_rate=0.1, estimator__max_depth=18, estimator__min_samples_split=16, estimator__n_estimators=68; total time=   0.0s
[CV] END estimator__criterion=squared_error, estimator__learning_rate=0.1, estimator__max_depth=18, estimator__min_samples_split=16, estimator__n_estimators=84; total time=   0.0s
[CV] END estimator__criterion=squared_error, estimator__learning_rate=0.1, estimator__max_depth=18, estimator__min_samples_split=16, estimator__n_estimators=84; total time=   0.0s
[CV] END estimator__criterion=squared_error, estimator__learning_rate=0.1, estimator__max_depth=18, estimator__min_samples_split=16, estimator__n_estimators=84; total time=   0.0s
[CV] END estimator__criterion=squared_error, estimator__learning_rate=1.0, estimator__max_depth=15, estimator__min_samples_split=10, estimator__n_estimators=36; total time=   0.0s
[CV] END estimator__criterion=squared_error, estimator__learning_rate=1.0, estimator__max_depth=15, estimator__min_samples_split=10, estimator__n_estimators=36; total time=   0.0s
[CV] END estimator__criterion=squared_error, estimator__learning_rate=1.0, estimator__max_depth=15, estimator__min_samples_split=10, estimator__n_estimators=52; total time=   0.0s
[CV] END estimator__criterion=squared_error, estimator__learning_rate=1.0, estimator__max_depth=15, estimator__min_samples_split=10, estimator__n_estimators=52; total time=   0.0s
[CV] END estimator__criterion=squared_error, estimator__learning_rate=1.0, estimator__max_depth=15, estimator__min_samples_split=18, estimator__n_estimators=84; total time=   0.0s
[CV] END estimator__criterion=squared_error, estimator__learning_rate=1.0, estimator__max_depth=16, estimator__min_samples_split=10, estimator__n_estimators=20; total time=   0.0s
[CV] END estimator__criterion=squared_error, estimator__learning_rate=1.0, estimator__max_depth=16, estimator__min_samples_split=10, estimator__n_estimators=20; total time=   0.0s
[CV] END estimator__criterion=squared_error, estimator__learning_rate=1.0, estimator__max_depth=16, estimator__min_samples_split=10, estimator__n_estimators=20; total time=   0.0s
[CV] END estimator__criterion=squared_error, estimator__learning_rate=1.0, estimator__max_depth=16, estimator__min_samples_split=16, estimator__n_estimators=68; total time=   0.0s
[CV] END estimator__criterion=squared_error, estimator__learning_rate=1.0, estimator__max_depth=16, estimator__min_samples_split=16, estimator__n_estimators=68; total time=   0.0s
[CV] END estimator__criterion=squared_error, estimator__learning_rate=1.0, estimator__max_depth=16, estimator__min_samples_split=16, estimator__n_estimators=68; total time=   0.0s
[CV] END estimator__criterion=squared_error, estimator__learning_rate=1.0, estimator__max_depth=16, estimator__min_samples_split=16, estimator__n_estimators=68; total time=   0.0s
[CV] END estimator__criterion=squared_error, estimator__learning_rate=1.0, estimator__max_depth=17, estimator__min_samples_split=18, estimator__n_estimators=84; total time=   0.0s
[CV] END estimator__criterion=squared_error, estimator__learning_rate=1.0, estimator__max_depth=17, estimator__min_samples_split=18, estimator__n_estimators=84; total time=   0.0s
[CV] END estimator__criterion=squared_error, estimator__learning_rate=1.0, estimator__max_depth=17, estimator__min_samples_split=18, estimator__n_estimators=84; total time=   0.0s
[CV] END estimator__criterion=squared_error, estimator__learning_rate=1.0, estimator__max_depth=18, estimator__min_samples_split=10, estimator__n_estimators=20; total time=   0.0s
[CV] END estimator__criterion=squared_error, estimator__learning_rate=1.0, estimator__max_depth=15, estimator__min_samples_split=12, estimator__n_estimators=52; total time=   0.0s
[CV] END estimator__criterion=squared_error, estimator__learning_rate=1.0, estimator__max_depth=15, estimator__min_samples_split=12, estimator__n_estimators=52; total time=   0.0s
[CV] END estimator__criterion=squared_error, estimator__learning_rate=1.0, estimator__max_depth=15, estimator__min_samples_split=12, estimator__n_estimators=52; total time=   0.0s
[CV] END estimator__criterion=squared_error, estimator__learning_rate=1.0, estimator__max_depth=16, estimator__min_samples_split=12, estimator__n_estimators=52; total time=   0.0s
[CV] END estimator__criterion=squared_error, estimator__learning_rate=1.0, estimator__max_depth=16, estimator__min_samples_split=12, estimator__n_estimators=52; total time=   0.0s
[CV] END estimator__criterion=squared_error, estimator__learning_rate=1.0, estimator__max_depth=16, estimator__min_samples_split=12, estimator__n_estimators=52; total time=   0.0s
[CV] END estimator__criterion=squared_error, estimator__learning_rate=1.0, estimator__max_depth=16, estimator__min_samples_split=12, estimator__n_estimators=52; total time=   0.0s
[CV] END estimator__criterion=squared_error, estimator__learning_rate=1.0, estimator__max_depth=17, estimator__min_samples_split=12, estimator__n_estimators=52; total time=   0.0s
[CV] END estimator__criterion=squared_error, estimator__learning_rate=1.0, estimator__max_depth=17, estimator__min_samples_split=12, estimator__n_estimators=52; total time=   0.0s
[CV] END estimator__criterion=squared_error, estimator__learning_rate=1.0, estimator__max_depth=17, estimator__min_samples_split=12, estimator__n_estimators=68; total time=   0.0s
[CV] END estimator__criterion=squared_error, estimator__learning_rate=1.0, estimator__max_depth=17, estimator__min_samples_split=12, estimator__n_estimators=68; total time=   0.0s
[CV] END estimator__criterion=squared_error, estimator__learning_rate=1.0, estimator__max_depth=18, estimator__min_samples_split=14, estimator__n_estimators=36; total time=   0.0s
[CV] END estimator__criterion=squared_error, estimator__learning_rate=1.0, estimator__max_depth=18, estimator__min_samples_split=14, estimator__n_estimators=36; total time=   0.0s
[CV] END estimator__criterion=squared_error, estimator__learning_rate=1.0, estimator__max_depth=18, estimator__min_samples_split=14, estimator__n_estimators=36; total time=   0.0s
[CV] END estimator__criterion=squared_error, estimator__learning_rate=1.0, estimator__max_depth=18, estimator__min_samples_split=14, estimator__n_estimators=52; total time=   0.0s
[CV] END estimator__criterion=squared_error, estimator__learning_rate=1.0, estimator__max_depth=17, estimator__min_samples_split=10, estimator__n_estimators=52; total time=   0.0s
[CV] END estimator__criterion=squared_error, estimator__learning_rate=1.0, estimator__max_depth=17, estimator__min_samples_split=10, estimator__n_estimators=52; total time=   0.0s
[CV] END estimator__criterion=squared_error, estimator__learning_rate=1.0, estimator__max_depth=17, estimator__min_samples_split=10, estimator__n_estimators=52; total time=   0.0s
[CV] END estimator__criterion=squared_error, estimator__learning_rate=1.0, estimator__max_depth=17, estimator__min_samples_split=10, estimator__n_estimators=52; total time=   0.0s
[CV] END estimator__criterion=squared_error, estimator__learning_rate=1.0, estimator__max_depth=18, estimator__min_samples_split=12, estimator__n_estimators=20; total time=   0.0s
[CV] END estimator__criterion=squared_error, estimator__learning_rate=1.0, estimator__max_depth=18, estimator__min_samples_split=12, estimator__n_estimators=20; total time=   0.0s
[CV] END estimator__criterion=squared_error, estimator__learning_rate=1.0, estimator__max_depth=18, estimator__min_samples_split=12, estimator__n_estimators=20; total time=   0.0s
[CV] END estimator__criterion=squared_error, estimator__learning_rate=1.0, estimator__max_depth=18, estimator__min_samples_split=12, estimator__n_estimators=20; total time=   0.0s
[CV] END estimator__criterion=squared_error, estimator__learning_rate=1.0, estimator__max_depth=18, estimator__min_samples_split=16, estimator__n_estimators=36; total time=   0.0s
[CV] END estimator__criterion=squared_error, estimator__learning_rate=1.0, estimator__max_depth=18, estimator__min_samples_split=16, estimator__n_estimators=36; total time=   0.0s
[CV] END estimator__criterion=squared_error, estimator__learning_rate=1.0, estimator__max_depth=18, estimator__min_samples_split=16, estimator__n_estimators=36; total time=   0.0s
[CV] END estimator__criterion=squared_error, estimator__learning_rate=1.0, estimator__max_depth=18, estimator__min_samples_split=16, estimator__n_estimators=36; total time=   0.0s
[CV] END estimator__criterion=squared_error, estimator__learning_rate=0.1, estimator__max_depth=18, estimator__min_samples_split=16, estimator__n_estimators=84; total time=   0.0s
[CV] END estimator__criterion=squared_error, estimator__learning_rate=0.1, estimator__max_depth=18, estimator__min_samples_split=18, estimator__n_estimators=20; total time=   0.0s
[CV] END estimator__criterion=squared_error, estimator__learning_rate=0.1, estimator__max_depth=18, estimator__min_samples_split=18, estimator__n_estimators=20; total time=   0.0s
[CV] END estimator__criterion=squared_error, estimator__learning_rate=1.0, estimator__max_depth=14, estimator__min_samples_split=18, estimator__n_estimators=84; total time=   0.0s
[CV] END estimator__criterion=squared_error, estimator__learning_rate=1.0, estimator__max_depth=14, estimator__min_samples_split=18, estimator__n_estimators=84; total time=   0.0s
[CV] END estimator__criterion=squared_error, estimator__learning_rate=1.0, estimator__max_depth=14, estimator__min_samples_split=18, estimator__n_estimators=84; total time=   0.0s
[CV] END estimator__criterion=squared_error, estimator__learning_rate=1.0, estimator__max_depth=14, estimator__min_samples_split=18, estimator__n_estimators=84; total time=   0.0s
[CV] END estimator__criterion=squared_error, estimator__learning_rate=1.0, estimator__max_depth=16, estimator__min_samples_split=14, estimator__n_estimators=52; total time=   0.0s
[CV] END estimator__criterion=squared_error, estimator__learning_rate=1.0, estimator__max_depth=16, estimator__min_samples_split=14, estimator__n_estimators=52; total time=   0.0s
[CV] END estimator__criterion=squared_error, estimator__learning_rate=1.0, estimator__max_depth=16, estimator__min_samples_split=14, estimator__n_estimators=68; total time=   0.0s
[CV] END estimator__criterion=squared_error, estimator__learning_rate=1.0, estimator__max_depth=16, estimator__min_samples_split=14, estimator__n_estimators=68; total time=   0.0s
[CV] END estimator__criterion=squared_error, estimator__learning_rate=1.0, estimator__max_depth=17, estimator__min_samples_split=14, estimator__n_estimators=84; total time=   0.0s
[CV] END estimator__criterion=squared_error, estimator__learning_rate=1.0, estimator__max_depth=17, estimator__min_samples_split=16, estimator__n_estimators=20; total time=   0.0s
[CV] END estimator__criterion=squared_error, estimator__learning_rate=1.0, estimator__max_depth=17, estimator__min_samples_split=16, estimator__n_estimators=20; total time=   0.0s
[CV] END estimator__criterion=squared_error, estimator__learning_rate=1.0, estimator__max_depth=17, estimator__min_samples_split=16, estimator__n_estimators=20; total time=   0.0s
[CV] END estimator__criterion=squared_error, estimator__learning_rate=1.0, estimator__max_depth=18, estimator__min_samples_split=12, estimator__n_estimators=52; total time=   0.0s
[CV] END estimator__criterion=squared_error, estimator__learning_rate=1.0, estimator__max_depth=18, estimator__min_samples_split=12, estimator__n_estimators=52; total time=   0.0s
[CV] END estimator__criterion=squared_error, estimator__learning_rate=1.0, estimator__max_depth=18, estimator__min_samples_split=12, estimator__n_estimators=52; total time=   0.0s
[CV] END estimator__criterion=squared_error, estimator__learning_rate=1.0, estimator__max_depth=18, estimator__min_samples_split=12, estimator__n_estimators=68; total time=   0.0s
[CV] END estimator__criterion=squared_error, estimator__learning_rate=0.1, estimator__max_depth=18, estimator__min_samples_split=10, estimator__n_estimators=84; total time=   0.0s
[CV] END estimator__criterion=squared_error, estimator__learning_rate=0.1, estimator__max_depth=18, estimator__min_samples_split=10, estimator__n_estimators=84; total time=   0.0s
[CV] END estimator__criterion=squared_error, estimator__learning_rate=0.1, estimator__max_depth=18, estimator__min_samples_split=12, estimator__n_estimators=20; total time=   0.0s
[CV] END estimator__criterion=squared_error, estimator__learning_rate=1.0, estimator__max_depth=14, estimator__min_samples_split=16, estimator__n_estimators=36; total time=   0.0s
[CV] END estimator__criterion=squared_error, estimator__learning_rate=1.0, estimator__max_depth=14, estimator__min_samples_split=16, estimator__n_estimators=36; total time=   0.0s
[CV] END estimator__criterion=squared_error, estimator__learning_rate=1.0, estimator__max_depth=14, estimator__min_samples_split=16, estimator__n_estimators=36; total time=   0.0s
[CV] END estimator__criterion=squared_error, estimator__learning_rate=1.0, estimator__max_depth=14, estimator__min_samples_split=16, estimator__n_estimators=36; total time=   0.0s
[CV] END estimator__criterion=squared_error, estimator__learning_rate=1.0, estimator__max_depth=15, estimator__min_samples_split=12, estimator__n_estimators=84; total time=   0.0s
[CV] END estimator__criterion=squared_error, estimator__learning_rate=1.0, estimator__max_depth=15, estimator__min_samples_split=12, estimator__n_estimators=84; total time=   0.0s
[CV] END estimator__criterion=squared_error, estimator__learning_rate=1.0, estimator__max_depth=15, estimator__min_samples_split=14, estimator__n_estimators=20; total time=   0.0s
[CV] END estimator__criterion=squared_error, estimator__learning_rate=1.0, estimator__max_depth=15, estimator__min_samples_split=14, estimator__n_estimators=20; total time=   0.0s
[CV] END estimator__criterion=squared_error, estimator__learning_rate=1.0, estimator__max_depth=16, estimator__min_samples_split=14, estimator__n_estimators=20; total time=   0.0s
[CV] END estimator__criterion=squared_error, estimator__learning_rate=1.0, estimator__max_depth=16, estimator__min_samples_split=14, estimator__n_estimators=20; total time=   0.0s
[CV] END estimator__criterion=squared_error, estimator__learning_rate=1.0, estimator__max_depth=16, estimator__min_samples_split=14, estimator__n_estimators=20; total time=   0.0s
[CV] END estimator__criterion=squared_error, estimator__learning_rate=1.0, estimator__max_depth=16, estimator__min_samples_split=14, estimator__n_estimators=20; total time=   0.0s
[CV] END estimator__criterion=squared_error, estimator__learning_rate=1.0, estimator__max_depth=16, estimator__min_samples_split=18, estimator__n_estimators=36; total time=   0.0s
[CV] END estimator__criterion=squared_error, estimator__learning_rate=1.0, estimator__max_depth=16, estimator__min_samples_split=18, estimator__n_estimators=36; total time=   0.0s
[CV] END estimator__criterion=squared_error, estimator__learning_rate=1.0, estimator__max_depth=16, estimator__min_samples_split=18, estimator__n_estimators=36; total time=   0.0s
[CV] END estimator__criterion=squared_error, estimator__learning_rate=1.0, estimator__max_depth=16, estimator__min_samples_split=18, estimator__n_estimators=52; total time=   0.0s
[CV] END estimator__criterion=squared_error, estimator__learning_rate=1.0, estimator__max_depth=17, estimator__min_samples_split=16, estimator__n_estimators=68; total time=   0.0s
[CV] END estimator__criterion=squared_error, estimator__learning_rate=1.0, estimator__max_depth=17, estimator__min_samples_split=16, estimator__n_estimators=68; total time=   0.0s
[CV] END estimator__criterion=squared_error, estimator__learning_rate=1.0, estimator__max_depth=17, estimator__min_samples_split=16, estimator__n_estimators=68; total time=   0.0s
[CV] END estimator__criterion=squared_error, estimator__learning_rate=1.0, estimator__max_depth=17, estimator__min_samples_split=16, estimator__n_estimators=68; total time=   0.0s
[CV] END estimator__criterion=squared_error, estimator__learning_rate=1.0, estimator__max_depth=18, estimator__min_samples_split=18, estimator__n_estimators=84; total time=   0.0s
[CV] END estimator__criterion=squared_error, estimator__learning_rate=0.1, estimator__max_depth=14, estimator__min_samples_split=18, estimator__n_estimators=68; total time=   0.0s
[CV] END estimator__criterion=squared_error, estimator__learning_rate=0.1, estimator__max_depth=14, estimator__min_samples_split=18, estimator__n_estimators=68; total time=   0.0s
[CV] END estimator__criterion=squared_error, estimator__learning_rate=0.1, estimator__max_depth=14, estimator__min_samples_split=18, estimator__n_estimators=84; total time=   0.0s
[CV] END estimator__criterion=squared_error, estimator__learning_rate=0.1, estimator__max_depth=14, estimator__min_samples_split=18, estimator__n_estimators=84; total time=   0.0s
[CV] END estimator__criterion=squared_error, estimator__learning_rate=0.1, estimator__max_depth=16, estimator__min_samples_split=12, estimator__n_estimators=20; total time=   0.0s
[CV] END estimator__criterion=squared_error, estimator__learning_rate=0.1, estimator__max_depth=16, estimator__min_samples_split=12, estimator__n_estimators=20; total time=   0.0s
[CV] END estimator__criterion=squared_error, estimator__learning_rate=0.1, estimator__max_depth=16, estimator__min_samples_split=12, estimator__n_estimators=36; total time=   0.0s
[CV] END estimator__criterion=squared_error, estimator__learning_rate=0.1, estimator__max_depth=16, estimator__min_samples_split=12, estimator__n_estimators=36; total time=   0.0s
[CV] END estimator__criterion=squared_error, estimator__learning_rate=0.1, estimator__max_depth=16, estimator__min_samples_split=16, estimator__n_estimators=52; total time=   0.0s
[CV] END estimator__criterion=squared_error, estimator__learning_rate=0.1, estimator__max_depth=16, estimator__min_samples_split=16, estimator__n_estimators=52; total time=   0.0s
[CV] END estimator__criterion=squared_error, estimator__learning_rate=0.1, estimator__max_depth=16, estimator__min_samples_split=16, estimator__n_estimators=68; total time=   0.0s
[CV] END estimator__criterion=squared_error, estimator__learning_rate=0.1, estimator__max_depth=16, estimator__min_samples_split=16, estimator__n_estimators=68; total time=   0.0s
[CV] END estimator__criterion=squared_error, estimator__learning_rate=0.1, estimator__max_depth=17, estimator__min_samples_split=18, estimator__n_estimators=68; total time=   0.0s
[CV] END estimator__criterion=squared_error, estimator__learning_rate=0.1, estimator__max_depth=17, estimator__min_samples_split=18, estimator__n_estimators=68; total time=   0.0s
[CV] END estimator__criterion=squared_error, estimator__learning_rate=0.1, estimator__max_depth=17, estimator__min_samples_split=18, estimator__n_estimators=68; total time=   0.0s
[CV] END estimator__criterion=squared_error, estimator__learning_rate=0.1, estimator__max_depth=17, estimator__min_samples_split=18, estimator__n_estimators=68; total time=   0.0s
[CV] END estimator__criterion=squared_error, estimator__learning_rate=1.0, estimator__max_depth=14, estimator__min_samples_split=12, estimator__n_estimators=20; total time=   0.0s
[CV] END estimator__criterion=squared_error, estimator__learning_rate=1.0, estimator__max_depth=14, estimator__min_samples_split=12, estimator__n_estimators=20; total time=   0.0s
[CV] END estimator__criterion=squared_error, estimator__learning_rate=1.0, estimator__max_depth=14, estimator__min_samples_split=12, estimator__n_estimators=20; total time=   0.0s
[CV] END estimator__criterion=squared_error, estimator__learning_rate=1.0, estimator__max_depth=14, estimator__min_samples_split=12, estimator__n_estimators=20; total time=   0.0s
[CV] END estimator__criterion=squared_error, estimator__learning_rate=1.0, estimator__max_depth=14, estimator__min_samples_split=16, estimator__n_estimators=52; total time=   0.0s
[CV] END estimator__criterion=squared_error, estimator__learning_rate=1.0, estimator__max_depth=14, estimator__min_samples_split=16, estimator__n_estimators=68; total time=   0.0s
[CV] END estimator__criterion=squared_error, estimator__learning_rate=1.0, estimator__max_depth=14, estimator__min_samples_split=16, estimator__n_estimators=68; total time=   0.0s
[CV] END estimator__criterion=squared_error, estimator__learning_rate=1.0, estimator__max_depth=14, estimator__min_samples_split=16, estimator__n_estimators=68; total time=   0.0s
[CV] END estimator__criterion=squared_error, estimator__learning_rate=1.0, estimator__max_depth=15, estimator__min_samples_split=16, estimator__n_estimators=84; total time=   0.0s
[CV] END estimator__criterion=squared_error, estimator__learning_rate=1.0, estimator__max_depth=15, estimator__min_samples_split=16, estimator__n_estimators=84; total time=   0.0s
[CV] END estimator__criterion=squared_error, estimator__learning_rate=1.0, estimator__max_depth=15, estimator__min_samples_split=16, estimator__n_estimators=84; total time=   0.0s
[CV] END estimator__criterion=squared_error, estimator__learning_rate=1.0, estimator__max_depth=15, estimator__min_samples_split=16, estimator__n_estimators=84; total time=   0.0s
[CV] END estimator__criterion=squared_error, estimator__learning_rate=1.0, estimator__max_depth=17, estimator__min_samples_split=12, estimator__n_estimators=36; total time=   0.0s
[CV] END estimator__criterion=squared_error, estimator__learning_rate=1.0, estimator__max_depth=17, estimator__min_samples_split=12, estimator__n_estimators=36; total time=   0.0s
[CV] END estimator__criterion=squared_error, estimator__learning_rate=1.0, estimator__max_depth=17, estimator__min_samples_split=12, estimator__n_estimators=36; total time=   0.0s
[CV] END estimator__criterion=squared_error, estimator__learning_rate=1.0, estimator__max_depth=17, estimator__min_samples_split=12, estimator__n_estimators=36; total time=   0.0s
[CV] END estimator__criterion=squared_error, estimator__learning_rate=1.0, estimator__max_depth=17, estimator__min_samples_split=18, estimator__n_estimators=52; total time=   0.0s
[CV] END estimator__criterion=squared_error, estimator__learning_rate=1.0, estimator__max_depth=17, estimator__min_samples_split=18, estimator__n_estimators=68; total time=   0.0s
[CV] END estimator__criterion=squared_error, estimator__learning_rate=1.0, estimator__max_depth=17, estimator__min_samples_split=18, estimator__n_estimators=68; total time=   0.0s
[CV] END estimator__criterion=squared_error, estimator__learning_rate=1.0, estimator__max_depth=17, estimator__min_samples_split=18, estimator__n_estimators=68; total time=   0.0s
[CV] END estimator__criterion=squared_error, estimator__learning_rate=1.0, estimator__max_depth=18, estimator__min_samples_split=18, estimator__n_estimators=84; total time=   0.0s
[CV] END estimator__criterion=squared_error, estimator__learning_rate=0.01, estimator__max_depth=18, estimator__min_samples_split=14, estimator__n_estimators=68; total time=   0.0s
[CV] END estimator__criterion=squared_error, estimator__learning_rate=0.01, estimator__max_depth=18, estimator__min_samples_split=14, estimator__n_estimators=68; total time=   0.0s
[CV] END estimator__criterion=squared_error, estimator__learning_rate=0.01, estimator__max_depth=18, estimator__min_samples_split=14, estimator__n_estimators=68; total time=   0.0s
[CV] END estimator__criterion=squared_error, estimator__learning_rate=0.01, estimator__max_depth=18, estimator__min_samples_split=14, estimator__n_estimators=84; total time=   0.0s
[CV] END estimator__criterion=squared_error, estimator__learning_rate=0.1, estimator__max_depth=14, estimator__min_samples_split=18, estimator__n_estimators=36; total time=   0.0s
[CV] END estimator__criterion=squared_error, estimator__learning_rate=0.1, estimator__max_depth=14, estimator__min_samples_split=18, estimator__n_estimators=36; total time=   0.0s
[CV] END estimator__criterion=squared_error, estimator__learning_rate=0.1, estimator__max_depth=14, estimator__min_samples_split=18, estimator__n_estimators=36; total time=   0.0s
[CV] END estimator__criterion=squared_error, estimator__learning_rate=0.1, estimator__max_depth=14, estimator__min_samples_split=18, estimator__n_estimators=36; total time=   0.0s
[CV] END estimator__criterion=squared_error, estimator__learning_rate=0.1, estimator__max_depth=15, estimator__min_samples_split=16, estimator__n_estimators=52; total time=   0.0s
[CV] END estimator__criterion=squared_error, estimator__learning_rate=0.1, estimator__max_depth=15, estimator__min_samples_split=16, estimator__n_estimators=52; total time=   0.0s
[CV] END estimator__criterion=squared_error, estimator__learning_rate=0.1, estimator__max_depth=15, estimator__min_samples_split=16, estimator__n_estimators=52; total time=   0.0s
[CV] END estimator__criterion=squared_error, estimator__learning_rate=0.1, estimator__max_depth=15, estimator__min_samples_split=16, estimator__n_estimators=52; total time=   0.0s
[CV] END estimator__criterion=squared_error, estimator__learning_rate=0.1, estimator__max_depth=16, estimator__min_samples_split=16, estimator__n_estimators=36; total time=   0.0s
[CV] END estimator__criterion=squared_error, estimator__learning_rate=0.1, estimator__max_depth=16, estimator__min_samples_split=16, estimator__n_estimators=52; total time=   0.0s
[CV] END estimator__criterion=squared_error, estimator__learning_rate=0.1, estimator__max_depth=16, estimator__min_samples_split=16, estimator__n_estimators=52; total time=   0.0s
[CV] END estimator__criterion=squared_error, estimator__learning_rate=0.1, estimator__max_depth=16, estimator__min_samples_split=16, estimator__n_estimators=52; total time=   0.0s
[CV] END estimator__criterion=squared_error, estimator__learning_rate=0.1, estimator__max_depth=17, estimator__min_samples_split=16, estimator__n_estimators=84; total time=   0.0s
[CV] END estimator__criterion=squared_error, estimator__learning_rate=0.1, estimator__max_depth=17, estimator__min_samples_split=16, estimator__n_estimators=84; total time=   0.0s
[CV] END estimator__criterion=squared_error, estimator__learning_rate=0.1, estimator__max_depth=17, estimator__min_samples_split=16, estimator__n_estimators=84; total time=   0.0s
[CV] END estimator__criterion=squared_error, estimator__learning_rate=0.1, estimator__max_depth=17, estimator__min_samples_split=16, estimator__n_estimators=84; total time=   0.0s
[CV] END estimator__criterion=squared_error, estimator__learning_rate=1.0, estimator__max_depth=14, estimator__min_samples_split=10, estimator__n_estimators=84; total time=   0.0s
[CV] END estimator__criterion=squared_error, estimator__learning_rate=1.0, estimator__max_depth=14, estimator__min_samples_split=10, estimator__n_estimators=84; total time=   0.0s
[CV] END estimator__criterion=squared_error, estimator__learning_rate=1.0, estimator__max_depth=14, estimator__min_samples_split=10, estimator__n_estimators=84; total time=   0.0s
[CV] END estimator__criterion=squared_error, estimator__learning_rate=1.0, estimator__max_depth=14, estimator__min_samples_split=10, estimator__n_estimators=84; total time=   0.0s
[CV] END estimator__criterion=squared_error, estimator__learning_rate=1.0, estimator__max_depth=15, estimator__min_samples_split=18, estimator__n_estimators=68; total time=   0.0s
[CV] END estimator__criterion=squared_error, estimator__learning_rate=1.0, estimator__max_depth=15, estimator__min_samples_split=18, estimator__n_estimators=68; total time=   0.0s
[CV] END estimator__criterion=squared_error, estimator__learning_rate=1.0, estimator__max_depth=15, estimator__min_samples_split=18, estimator__n_estimators=68; total time=   0.0s
[CV] END estimator__criterion=squared_error, estimator__learning_rate=1.0, estimator__max_depth=15, estimator__min_samples_split=18, estimator__n_estimators=68; total time=   0.0s
[CV] END estimator__criterion=squared_error, estimator__learning_rate=1.0, estimator__max_depth=17, estimator__min_samples_split=12, estimator__n_estimators=36; total time=   0.0s
[CV] END estimator__criterion=squared_error, estimator__learning_rate=1.0, estimator__max_depth=17, estimator__min_samples_split=12, estimator__n_estimators=52; total time=   0.0s
[CV] END estimator__criterion=squared_error, estimator__learning_rate=1.0, estimator__max_depth=17, estimator__min_samples_split=12, estimator__n_estimators=52; total time=   0.0s
[CV] END estimator__criterion=squared_error, estimator__learning_rate=1.0, estimator__max_depth=17, estimator__min_samples_split=12, estimator__n_estimators=52; total time=   0.0s
[CV] END estimator__criterion=squared_error, estimator__learning_rate=1.0, estimator__max_depth=18, estimator__min_samples_split=10, estimator__n_estimators=68; total time=   0.0s
[CV] END estimator__criterion=squared_error, estimator__learning_rate=1.0, estimator__max_depth=18, estimator__min_samples_split=10, estimator__n_estimators=68; total time=   0.0s
[CV] END estimator__criterion=squared_error, estimator__learning_rate=1.0, estimator__max_depth=18, estimator__min_samples_split=10, estimator__n_estimators=68; total time=   0.0s
[CV] END estimator__criterion=squared_error, estimator__learning_rate=1.0, estimator__max_depth=18, estimator__min_samples_split=10, estimator__n_estimators=84; total time=   0.0s
[CV] END estimator__criterion=squared_error, estimator__learning_rate=0.1, estimator__max_depth=16, estimator__min_samples_split=14, estimator__n_estimators=68; total time=   0.0s
[CV] END estimator__criterion=squared_error, estimator__learning_rate=0.1, estimator__max_depth=16, estimator__min_samples_split=14, estimator__n_estimators=84; total time=   0.0s
[CV] END estimator__criterion=squared_error, estimator__learning_rate=0.1, estimator__max_depth=16, estimator__min_samples_split=14, estimator__n_estimators=84; total time=   0.0s
[CV] END estimator__criterion=squared_error, estimator__learning_rate=0.1, estimator__max_depth=17, estimator__min_samples_split=18, estimator__n_estimators=84; total time=   0.0s
[CV] END estimator__criterion=squared_error, estimator__learning_rate=0.1, estimator__max_depth=17, estimator__min_samples_split=18, estimator__n_estimators=84; total time=   0.0s
[CV] END estimator__criterion=squared_error, estimator__learning_rate=0.1, estimator__max_depth=18, estimator__min_samples_split=10, estimator__n_estimators=20; total time=   0.0s
[CV] END estimator__criterion=squared_error, estimator__learning_rate=0.1, estimator__max_depth=18, estimator__min_samples_split=10, estimator__n_estimators=20; total time=   0.0s
[CV] END estimator__criterion=squared_error, estimator__learning_rate=0.1, estimator__max_depth=18, estimator__min_samples_split=18, estimator__n_estimators=84; total time=   0.0s
[CV] END estimator__criterion=squared_error, estimator__learning_rate=0.1, estimator__max_depth=18, estimator__min_samples_split=18, estimator__n_estimators=84; total time=   0.0s
[CV] END estimator__criterion=squared_error, estimator__learning_rate=0.1, estimator__max_depth=18, estimator__min_samples_split=18, estimator__n_estimators=84; total time=   0.0s
[CV] END estimator__criterion=squared_error, estimator__learning_rate=1.0, estimator__max_depth=14, estimator__min_samples_split=10, estimator__n_estimators=20; total time=   0.0s
[CV] END estimator__criterion=squared_error, estimator__learning_rate=1.0, estimator__max_depth=15, estimator__min_samples_split=10, estimator__n_estimators=84; total time=   0.0s
[CV] END estimator__criterion=squared_error, estimator__learning_rate=1.0, estimator__max_depth=15, estimator__min_samples_split=10, estimator__n_estimators=84; total time=   0.0s
[CV] END estimator__criterion=squared_error, estimator__learning_rate=1.0, estimator__max_depth=15, estimator__min_samples_split=10, estimator__n_estimators=84; total time=   0.0s
[CV] END estimator__criterion=squared_error, estimator__learning_rate=1.0, estimator__max_depth=15, estimator__min_samples_split=10, estimator__n_estimators=84; total time=   0.0s
[CV] END estimator__criterion=squared_error, estimator__learning_rate=1.0, estimator__max_depth=16, estimator__min_samples_split=16, estimator__n_estimators=20; total time=   0.0s
[CV] END estimator__criterion=squared_error, estimator__learning_rate=1.0, estimator__max_depth=16, estimator__min_samples_split=16, estimator__n_estimators=36; total time=   0.0s
[CV] END estimator__criterion=squared_error, estimator__learning_rate=1.0, estimator__max_depth=16, estimator__min_samples_split=16, estimator__n_estimators=36; total time=   0.0s
[CV] END estimator__criterion=squared_error, estimator__learning_rate=1.0, estimator__max_depth=16, estimator__min_samples_split=16, estimator__n_estimators=36; total time=   0.0s
[CV] END estimator__criterion=squared_error, estimator__learning_rate=1.0, estimator__max_depth=17, estimator__min_samples_split=12, estimator__n_estimators=20; total time=   0.0s
[CV] END estimator__criterion=squared_error, estimator__learning_rate=1.0, estimator__max_depth=17, estimator__min_samples_split=12, estimator__n_estimators=20; total time=   0.0s
[CV] END estimator__criterion=squared_error, estimator__learning_rate=1.0, estimator__max_depth=17, estimator__min_samples_split=12, estimator__n_estimators=20; total time=   0.0s
[CV] END estimator__criterion=squared_error, estimator__learning_rate=1.0, estimator__max_depth=17, estimator__min_samples_split=12, estimator__n_estimators=20; total time=   0.0s
[CV] END estimator__criterion=squared_error, estimator__learning_rate=1.0, estimator__max_depth=17, estimator__min_samples_split=14, estimator__n_estimators=84; total time=   0.0s
[CV] END estimator__criterion=squared_error, estimator__learning_rate=1.0, estimator__max_depth=17, estimator__min_samples_split=14, estimator__n_estimators=84; total time=   0.0s
[CV] END estimator__criterion=squared_error, estimator__learning_rate=1.0, estimator__max_depth=17, estimator__min_samples_split=14, estimator__n_estimators=84; total time=   0.0s
[CV] END estimator__criterion=squared_error, estimator__learning_rate=1.0, estimator__max_depth=17, estimator__min_samples_split=14, estimator__n_estimators=84; total time=   0.0s
[CV] END estimator__criterion=squared_error, estimator__learning_rate=1.0, estimator__max_depth=18, estimator__min_samples_split=18, estimator__n_estimators=84; total time=   0.0s
[CV] END estimator__criterion=squared_error, estimator__learning_rate=0.1, estimator__max_depth=17, estimator__min_samples_split=10, estimator__n_estimators=20; total time=   0.0s
[CV] END estimator__criterion=squared_error, estimator__learning_rate=0.1, estimator__max_depth=17, estimator__min_samples_split=10, estimator__n_estimators=36; total time=   0.0s
[CV] END estimator__criterion=squared_error, estimator__learning_rate=0.1, estimator__max_depth=17, estimator__min_samples_split=10, estimator__n_estimators=36; total time=   0.0s
[CV] END estimator__criterion=squared_error, estimator__learning_rate=0.1, estimator__max_depth=17, estimator__min_samples_split=16, estimator__n_estimators=20; total time=   0.0s
[CV] END estimator__criterion=squared_error, estimator__learning_rate=0.1, estimator__max_depth=17, estimator__min_samples_split=16, estimator__n_estimators=20; total time=   0.0s
[CV] END estimator__criterion=squared_error, estimator__learning_rate=0.1, estimator__max_depth=17, estimator__min_samples_split=16, estimator__n_estimators=20; total time=   0.0s
[CV] END estimator__criterion=squared_error, estimator__learning_rate=0.1, estimator__max_depth=17, estimator__min_samples_split=16, estimator__n_estimators=20; total time=   0.0s
[CV] END estimator__criterion=squared_error, estimator__learning_rate=0.1, estimator__max_depth=18, estimator__min_samples_split=10, estimator__n_estimators=36; total time=   0.0s
[CV] END estimator__criterion=squared_error, estimator__learning_rate=0.1, estimator__max_depth=18, estimator__min_samples_split=10, estimator__n_estimators=36; total time=   0.0s
[CV] END estimator__criterion=squared_error, estimator__learning_rate=0.1, estimator__max_depth=18, estimator__min_samples_split=10, estimator__n_estimators=36; total time=   0.0s
[CV] END estimator__criterion=squared_error, estimator__learning_rate=0.1, estimator__max_depth=18, estimator__min_samples_split=10, estimator__n_estimators=36; total time=   0.0s
[CV] END estimator__criterion=squared_error, estimator__learning_rate=0.1, estimator__max_depth=18, estimator__min_samples_split=18, estimator__n_estimators=52; total time=   0.0s
[CV] END estimator__criterion=squared_error, estimator__learning_rate=0.1, estimator__max_depth=18, estimator__min_samples_split=18, estimator__n_estimators=52; total time=   0.0s
[CV] END estimator__criterion=squared_error, estimator__learning_rate=0.1, estimator__max_depth=18, estimator__min_samples_split=18, estimator__n_estimators=52; total time=   0.0s
[CV] END estimator__criterion=squared_error, estimator__learning_rate=0.1, estimator__max_depth=18, estimator__min_samples_split=18, estimator__n_estimators=52; total time=   0.0s
[CV] END estimator__criterion=squared_error, estimator__learning_rate=1.0, estimator__max_depth=14, estimator__min_samples_split=18, estimator__n_estimators=20; total time=   0.0s
[CV] END estimator__criterion=squared_error, estimator__learning_rate=1.0, estimator__max_depth=14, estimator__min_samples_split=18, estimator__n_estimators=20; total time=   0.0s
[CV] END estimator__criterion=squared_error, estimator__learning_rate=1.0, estimator__max_depth=14, estimator__min_samples_split=18, estimator__n_estimators=20; total time=   0.0s
[CV] END estimator__criterion=squared_error, estimator__learning_rate=1.0, estimator__max_depth=14, estimator__min_samples_split=18, estimator__n_estimators=20; total time=   0.0s
[CV] END estimator__criterion=squared_error, estimator__learning_rate=1.0, estimator__max_depth=15, estimator__min_samples_split=12, estimator__n_estimators=68; total time=   0.0s
[CV] END estimator__criterion=squared_error, estimator__learning_rate=1.0, estimator__max_depth=15, estimator__min_samples_split=12, estimator__n_estimators=68; total time=   0.0s
[CV] END estimator__criterion=squared_error, estimator__learning_rate=1.0, estimator__max_depth=15, estimator__min_samples_split=12, estimator__n_estimators=68; total time=   0.0s
[CV] END estimator__criterion=squared_error, estimator__learning_rate=1.0, estimator__max_depth=15, estimator__min_samples_split=12, estimator__n_estimators=68; total time=   0.0s
[CV] END estimator__criterion=squared_error, estimator__learning_rate=1.0, estimator__max_depth=16, estimator__min_samples_split=14, estimator__n_estimators=36; total time=   0.0s
[CV] END estimator__criterion=squared_error, estimator__learning_rate=1.0, estimator__max_depth=16, estimator__min_samples_split=14, estimator__n_estimators=36; total time=   0.0s
[CV] END estimator__criterion=squared_error, estimator__learning_rate=1.0, estimator__max_depth=16, estimator__min_samples_split=14, estimator__n_estimators=36; total time=   0.0s
[CV] END estimator__criterion=squared_error, estimator__learning_rate=1.0, estimator__max_depth=16, estimator__min_samples_split=14, estimator__n_estimators=36; total time=   0.0s
[CV] END estimator__criterion=squared_error, estimator__learning_rate=1.0, estimator__max_depth=17, estimator__min_samples_split=10, estimator__n_estimators=68; total time=   0.0s
[CV] END estimator__criterion=squared_error, estimator__learning_rate=1.0, estimator__max_depth=17, estimator__min_samples_split=10, estimator__n_estimators=68; total time=   0.0s
[CV] END estimator__criterion=squared_error, estimator__learning_rate=1.0, estimator__max_depth=17, estimator__min_samples_split=10, estimator__n_estimators=84; total time=   0.0s
[CV] END estimator__criterion=squared_error, estimator__learning_rate=1.0, estimator__max_depth=17, estimator__min_samples_split=10, estimator__n_estimators=84; total time=   0.0s
[CV] END estimator__criterion=squared_error, estimator__learning_rate=1.0, estimator__max_depth=18, estimator__min_samples_split=14, estimator__n_estimators=52; total time=   0.0s
[CV] END estimator__criterion=squared_error, estimator__learning_rate=1.0, estimator__max_depth=18, estimator__min_samples_split=14, estimator__n_estimators=52; total time=   0.0s
[CV] END estimator__criterion=squared_error, estimator__learning_rate=1.0, estimator__max_depth=18, estimator__min_samples_split=14, estimator__n_estimators=52; total time=   0.0s
[CV] END estimator__criterion=squared_error, estimator__learning_rate=1.0, estimator__max_depth=18, estimator__min_samples_split=14, estimator__n_estimators=52; total time=   0.0s
[CV] END estimator__criterion=squared_error, estimator__learning_rate=0.1, estimator__max_depth=17, estimator__min_samples_split=14, estimator__n_estimators=20; total time=   0.0s
[CV] END estimator__criterion=squared_error, estimator__learning_rate=0.1, estimator__max_depth=17, estimator__min_samples_split=14, estimator__n_estimators=20; total time=   0.0s
[CV] END estimator__criterion=squared_error, estimator__learning_rate=0.1, estimator__max_depth=17, estimator__min_samples_split=14, estimator__n_estimators=20; total time=   0.0s
[CV] END estimator__criterion=squared_error, estimator__learning_rate=0.1, estimator__max_depth=18, estimator__min_samples_split=12, estimator__n_estimators=36; total time=   0.0s
[CV] END estimator__criterion=squared_error, estimator__learning_rate=0.1, estimator__max_depth=18, estimator__min_samples_split=12, estimator__n_estimators=36; total time=   0.0s
[CV] END estimator__criterion=squared_error, estimator__learning_rate=0.1, estimator__max_depth=18, estimator__min_samples_split=12, estimator__n_estimators=36; total time=   0.0s
[CV] END estimator__criterion=squared_error, estimator__learning_rate=0.1, estimator__max_depth=18, estimator__min_samples_split=12, estimator__n_estimators=36; total time=   0.0s
[CV] END estimator__criterion=squared_error, estimator__learning_rate=1.0, estimator__max_depth=14, estimator__min_samples_split=10, estimator__n_estimators=20; total time=   0.0s
[CV] END estimator__criterion=squared_error, estimator__learning_rate=1.0, estimator__max_depth=14, estimator__min_samples_split=10, estimator__n_estimators=20; total time=   0.0s
[CV] END estimator__criterion=squared_error, estimator__learning_rate=1.0, estimator__max_depth=14, estimator__min_samples_split=10, estimator__n_estimators=20; total time=   0.0s
[CV] END estimator__criterion=squared_error, estimator__learning_rate=1.0, estimator__max_depth=14, estimator__min_samples_split=10, estimator__n_estimators=20; total time=   0.0s
[CV] END estimator__criterion=squared_error, estimator__learning_rate=1.0, estimator__max_depth=14, estimator__min_samples_split=14, estimator__n_estimators=68; total time=   0.0s
[CV] END estimator__criterion=squared_error, estimator__learning_rate=1.0, estimator__max_depth=14, estimator__min_samples_split=14, estimator__n_estimators=68; total time=   0.0s
[CV] END estimator__criterion=squared_error, estimator__learning_rate=1.0, estimator__max_depth=14, estimator__min_samples_split=14, estimator__n_estimators=68; total time=   0.0s
[CV] END estimator__criterion=squared_error, estimator__learning_rate=1.0, estimator__max_depth=14, estimator__min_samples_split=14, estimator__n_estimators=68; total time=   0.0s
[CV] END estimator__criterion=squared_error, estimator__learning_rate=1.0, estimator__max_depth=15, estimator__min_samples_split=18, estimator__n_estimators=36; total time=   0.0s
[CV] END estimator__criterion=squared_error, estimator__learning_rate=1.0, estimator__max_depth=15, estimator__min_samples_split=18, estimator__n_estimators=36; total time=   0.0s
[CV] END estimator__criterion=squared_error, estimator__learning_rate=1.0, estimator__max_depth=15, estimator__min_samples_split=18, estimator__n_estimators=52; total time=   0.0s
[CV] END estimator__criterion=squared_error, estimator__learning_rate=1.0, estimator__max_depth=15, estimator__min_samples_split=18, estimator__n_estimators=52; total time=   0.0s
[CV] END estimator__criterion=squared_error, estimator__learning_rate=1.0, estimator__max_depth=16, estimator__min_samples_split=16, estimator__n_estimators=52; total time=   0.0s
[CV] END estimator__criterion=squared_error, estimator__learning_rate=1.0, estimator__max_depth=16, estimator__min_samples_split=16, estimator__n_estimators=52; total time=   0.0s
[CV] END estimator__criterion=squared_error, estimator__learning_rate=1.0, estimator__max_depth=16, estimator__min_samples_split=16, estimator__n_estimators=52; total time=   0.0s
[CV] END estimator__criterion=squared_error, estimator__learning_rate=1.0, estimator__max_depth=16, estimator__min_samples_split=16, estimator__n_estimators=68; total time=   0.0s
[CV] END estimator__criterion=squared_error, estimator__learning_rate=1.0, estimator__max_depth=17, estimator__min_samples_split=18, estimator__n_estimators=36; total time=   0.0s
[CV] END estimator__criterion=squared_error, estimator__learning_rate=1.0, estimator__max_depth=17, estimator__min_samples_split=18, estimator__n_estimators=36; total time=   0.0s
[CV] END estimator__criterion=squared_error, estimator__learning_rate=1.0, estimator__max_depth=17, estimator__min_samples_split=18, estimator__n_estimators=36; total time=   0.0s
[CV] END estimator__criterion=squared_error, estimator__learning_rate=1.0, estimator__max_depth=17, estimator__min_samples_split=18, estimator__n_estimators=36; total time=   0.0s
[CV] END estimator__criterion=squared_error, estimator__learning_rate=1.0, estimator__max_depth=18, estimator__min_samples_split=14, estimator__n_estimators=84; total time=   0.0s
[CV] END estimator__criterion=squared_error, estimator__learning_rate=1.0, estimator__max_depth=18, estimator__min_samples_split=14, estimator__n_estimators=84; total time=   0.0s
[CV] END estimator__criterion=squared_error, estimator__learning_rate=1.0, estimator__max_depth=18, estimator__min_samples_split=16, estimator__n_estimators=20; total time=   0.0s
[CV] END estimator__criterion=squared_error, estimator__learning_rate=1.0, estimator__max_depth=18, estimator__min_samples_split=16, estimator__n_estimators=20; total time=   0.0s
[CV] END estimator__criterion=squared_error, estimator__learning_rate=0.1, estimator__max_depth=16, estimator__min_samples_split=14, estimator__n_estimators=68; total time=   0.0s
[CV] END estimator__criterion=squared_error, estimator__learning_rate=0.1, estimator__max_depth=17, estimator__min_samples_split=16, estimator__n_estimators=36; total time=   0.0s
[CV] END estimator__criterion=squared_error, estimator__learning_rate=0.1, estimator__max_depth=17, estimator__min_samples_split=16, estimator__n_estimators=36; total time=   0.0s
[CV] END estimator__criterion=squared_error, estimator__learning_rate=0.1, estimator__max_depth=17, estimator__min_samples_split=16, estimator__n_estimators=52; total time=   0.0s
[CV] END estimator__criterion=squared_error, estimator__learning_rate=0.1, estimator__max_depth=17, estimator__min_samples_split=16, estimator__n_estimators=52; total time=   0.0s
[CV] END estimator__criterion=squared_error, estimator__learning_rate=0.1, estimator__max_depth=18, estimator__min_samples_split=14, estimator__n_estimators=20; total time=   0.0s
[CV] END estimator__criterion=squared_error, estimator__learning_rate=0.1, estimator__max_depth=18, estimator__min_samples_split=14, estimator__n_estimators=36; total time=   0.0s
[CV] END estimator__criterion=squared_error, estimator__learning_rate=0.1, estimator__max_depth=18, estimator__min_samples_split=14, estimator__n_estimators=36; total time=   0.0s
[CV] END estimator__criterion=squared_error, estimator__learning_rate=0.1, estimator__max_depth=18, estimator__min_samples_split=14, estimator__n_estimators=36; total time=   0.0s
[CV] END estimator__criterion=squared_error, estimator__learning_rate=1.0, estimator__max_depth=14, estimator__min_samples_split=10, estimator__n_estimators=52; total time=   0.0s
[CV] END estimator__criterion=squared_error, estimator__learning_rate=1.0, estimator__max_depth=14, estimator__min_samples_split=10, estimator__n_estimators=52; total time=   0.0s
[CV] END estimator__criterion=squared_error, estimator__learning_rate=1.0, estimator__max_depth=14, estimator__min_samples_split=10, estimator__n_estimators=68; total time=   0.0s
[CV] END estimator__criterion=squared_error, estimator__learning_rate=1.0, estimator__max_depth=14, estimator__min_samples_split=10, estimator__n_estimators=68; total time=   0.0s
[CV] END estimator__criterion=squared_error, estimator__learning_rate=1.0, estimator__max_depth=15, estimator__min_samples_split=14, estimator__n_estimators=20; total time=   0.0s
[CV] END estimator__criterion=squared_error, estimator__learning_rate=1.0, estimator__max_depth=15, estimator__min_samples_split=14, estimator__n_estimators=20; total time=   0.0s
[CV] END estimator__criterion=squared_error, estimator__learning_rate=1.0, estimator__max_depth=15, estimator__min_samples_split=14, estimator__n_estimators=20; total time=   0.0s
[CV] END estimator__criterion=squared_error, estimator__learning_rate=1.0, estimator__max_depth=15, estimator__min_samples_split=14, estimator__n_estimators=36; total time=   0.0s
[CV] END estimator__criterion=squared_error, estimator__learning_rate=1.0, estimator__max_depth=15, estimator__min_samples_split=18, estimator__n_estimators=52; total time=   0.0s
[CV] END estimator__criterion=squared_error, estimator__learning_rate=1.0, estimator__max_depth=15, estimator__min_samples_split=18, estimator__n_estimators=52; total time=   0.0s
[CV] END estimator__criterion=squared_error, estimator__learning_rate=1.0, estimator__max_depth=15, estimator__min_samples_split=18, estimator__n_estimators=52; total time=   0.0s
[CV] END estimator__criterion=squared_error, estimator__learning_rate=1.0, estimator__max_depth=15, estimator__min_samples_split=18, estimator__n_estimators=68; total time=   0.0s
[CV] END estimator__criterion=squared_error, estimator__learning_rate=1.0, estimator__max_depth=16, estimator__min_samples_split=18, estimator__n_estimators=84; total time=   0.0s
[CV] END estimator__criterion=squared_error, estimator__learning_rate=1.0, estimator__max_depth=16, estimator__min_samples_split=18, estimator__n_estimators=84; total time=   0.0s
[CV] END estimator__criterion=squared_error, estimator__learning_rate=1.0, estimator__max_depth=17, estimator__min_samples_split=10, estimator__n_estimators=20; total time=   0.0s
[CV] END estimator__criterion=squared_error, estimator__learning_rate=1.0, estimator__max_depth=17, estimator__min_samples_split=10, estimator__n_estimators=20; total time=   0.0s
[CV] END estimator__criterion=squared_error, estimator__learning_rate=1.0, estimator__max_depth=18, estimator__min_samples_split=10, estimator__n_estimators=36; total time=   0.0s
[CV] END estimator__criterion=squared_error, estimator__learning_rate=1.0, estimator__max_depth=18, estimator__min_samples_split=10, estimator__n_estimators=36; total time=   0.0s
[CV] END estimator__criterion=squared_error, estimator__learning_rate=1.0, estimator__max_depth=18, estimator__min_samples_split=10, estimator__n_estimators=36; total time=   0.0s
[CV] END estimator__criterion=squared_error, estimator__learning_rate=1.0, estimator__max_depth=18, estimator__min_samples_split=10, estimator__n_estimators=36; total time=   0.0s
[CV] END estimator__criterion=squared_error, estimator__learning_rate=1.0, estimator__max_depth=18, estimator__min_samples_split=18, estimator__n_estimators=36; total time=   0.0s
[CV] END estimator__criterion=squared_error, estimator__learning_rate=1.0, estimator__max_depth=18, estimator__min_samples_split=18, estimator__n_estimators=36; total time=   0.0s
[CV] END estimator__criterion=squared_error, estimator__learning_rate=1.0, estimator__max_depth=18, estimator__min_samples_split=18, estimator__n_estimators=36; total time=   0.0s
[CV] END estimator__criterion=squared_error, estimator__learning_rate=1.0, estimator__max_depth=18, estimator__min_samples_split=18, estimator__n_estimators=36; total time=   0.0s
[CV] END estimator__criterion=squared_error, estimator__learning_rate=0.1, estimator__max_depth=18, estimator__min_samples_split=16, estimator__n_estimators=20; total time=   0.0s
[CV] END estimator__criterion=squared_error, estimator__learning_rate=0.1, estimator__max_depth=18, estimator__min_samples_split=16, estimator__n_estimators=20; total time=   0.0s
[CV] END estimator__criterion=squared_error, estimator__learning_rate=0.1, estimator__max_depth=18, estimator__min_samples_split=16, estimator__n_estimators=20; total time=   0.0s
[CV] END estimator__criterion=squared_error, estimator__learning_rate=1.0, estimator__max_depth=14, estimator__min_samples_split=16, estimator__n_estimators=20; total time=   0.0s
[CV] END estimator__criterion=squared_error, estimator__learning_rate=1.0, estimator__max_depth=14, estimator__min_samples_split=16, estimator__n_estimators=20; total time=   0.0s
[CV] END estimator__criterion=squared_error, estimator__learning_rate=1.0, estimator__max_depth=14, estimator__min_samples_split=16, estimator__n_estimators=20; total time=   0.0s
[CV] END estimator__criterion=squared_error, estimator__learning_rate=1.0, estimator__max_depth=14, estimator__min_samples_split=16, estimator__n_estimators=36; total time=   0.0s
[CV] END estimator__criterion=squared_error, estimator__learning_rate=1.0, estimator__max_depth=15, estimator__min_samples_split=10, estimator__n_estimators=20; total time=   0.0s
[CV] END estimator__criterion=squared_error, estimator__learning_rate=1.0, estimator__max_depth=15, estimator__min_samples_split=10, estimator__n_estimators=36; total time=   0.0s
[CV] END estimator__criterion=squared_error, estimator__learning_rate=1.0, estimator__max_depth=15, estimator__min_samples_split=10, estimator__n_estimators=36; total time=   0.0s
[CV] END estimator__criterion=squared_error, estimator__learning_rate=1.0, estimator__max_depth=15, estimator__min_samples_split=10, estimator__n_estimators=36; total time=   0.0s
[CV] END estimator__criterion=squared_error, estimator__learning_rate=1.0, estimator__max_depth=15, estimator__min_samples_split=16, estimator__n_estimators=52; total time=   0.0s
[CV] END estimator__criterion=squared_error, estimator__learning_rate=1.0, estimator__max_depth=15, estimator__min_samples_split=16, estimator__n_estimators=52; total time=   0.0s
[CV] END estimator__criterion=squared_error, estimator__learning_rate=1.0, estimator__max_depth=15, estimator__min_samples_split=16, estimator__n_estimators=68; total time=   0.0s
[CV] END estimator__criterion=squared_error, estimator__learning_rate=1.0, estimator__max_depth=15, estimator__min_samples_split=16, estimator__n_estimators=68; total time=   0.0s
[CV] END estimator__criterion=squared_error, estimator__learning_rate=1.0, estimator__max_depth=16, estimator__min_samples_split=18, estimator__n_estimators=52; total time=   0.0s
[CV] END estimator__criterion=squared_error, estimator__learning_rate=1.0, estimator__max_depth=16, estimator__min_samples_split=18, estimator__n_estimators=52; total time=   0.0s
[CV] END estimator__criterion=squared_error, estimator__learning_rate=1.0, estimator__max_depth=16, estimator__min_samples_split=18, estimator__n_estimators=52; total time=   0.0s
[CV] END estimator__criterion=squared_error, estimator__learning_rate=1.0, estimator__max_depth=16, estimator__min_samples_split=18, estimator__n_estimators=52; total time=   0.0s
[CV] END estimator__criterion=squared_error, estimator__learning_rate=1.0, estimator__max_depth=18, estimator__min_samples_split=10, estimator__n_estimators=36; total time=   0.0s
[CV] END estimator__criterion=squared_error, estimator__learning_rate=1.0, estimator__max_depth=18, estimator__min_samples_split=10, estimator__n_estimators=52; total time=   0.0s
[CV] END estimator__criterion=squared_error, estimator__learning_rate=1.0, estimator__max_depth=18, estimator__min_samples_split=10, estimator__n_estimators=52; total time=   0.0s
[CV] END estimator__criterion=squared_error, estimator__learning_rate=1.0, estimator__max_depth=18, estimator__min_samples_split=10, estimator__n_estimators=52; total time=   0.0s
[CV] END estimator__criterion=squared_error, estimator__learning_rate=1.0, estimator__max_depth=18, estimator__min_samples_split=18, estimator__n_estimators=84; total time=   0.0s
[CV] END estimator__criterion=squared_error, estimator__learning_rate=1.0, estimator__max_depth=16, estimator__min_samples_split=14, estimator__n_estimators=68; total time=   0.0s
[CV] END estimator__criterion=squared_error, estimator__learning_rate=1.0, estimator__max_depth=16, estimator__min_samples_split=14, estimator__n_estimators=68; total time=   0.0s
[CV] END estimator__criterion=squared_error, estimator__learning_rate=1.0, estimator__max_depth=16, estimator__min_samples_split=14, estimator__n_estimators=84; total time=   0.0s
[CV] END estimator__criterion=squared_error, estimator__learning_rate=1.0, estimator__max_depth=17, estimator__min_samples_split=18, estimator__n_estimators=20; total time=   0.0s
[CV] END estimator__criterion=squared_error, estimator__learning_rate=1.0, estimator__max_depth=17, estimator__min_samples_split=18, estimator__n_estimators=20; total time=   0.0s
[CV] END estimator__criterion=squared_error, estimator__learning_rate=1.0, estimator__max_depth=17, estimator__min_samples_split=18, estimator__n_estimators=20; total time=   0.0s
[CV] END estimator__criterion=squared_error, estimator__learning_rate=1.0, estimator__max_depth=17, estimator__min_samples_split=18, estimator__n_estimators=36; total time=   0.0s
[CV] END estimator__criterion=squared_error, estimator__learning_rate=1.0, estimator__max_depth=18, estimator__min_samples_split=12, estimator__n_estimators=68; total time=   0.0s
[CV] END estimator__criterion=squared_error, estimator__learning_rate=1.0, estimator__max_depth=18, estimator__min_samples_split=12, estimator__n_estimators=68; total time=   0.0s
[CV] END estimator__criterion=squared_error, estimator__learning_rate=1.0, estimator__max_depth=18, estimator__min_samples_split=12, estimator__n_estimators=68; total time=   0.0s
[CV] END estimator__criterion=squared_error, estimator__learning_rate=1.0, estimator__max_depth=18, estimator__min_samples_split=12, estimator__n_estimators=68; total time=   0.0s
[CV] END estimator__criterion=squared_error, estimator__learning_rate=0.1, estimator__max_depth=17, estimator__min_samples_split=10, estimator__n_estimators=52; total time=   0.0s
[CV] END estimator__criterion=squared_error, estimator__learning_rate=0.1, estimator__max_depth=17, estimator__min_samples_split=10, estimator__n_estimators=52; total time=   0.0s
[CV] END estimator__criterion=squared_error, estimator__learning_rate=0.1, estimator__max_depth=17, estimator__min_samples_split=10, estimator__n_estimators=52; total time=   0.0s
[CV] END estimator__criterion=squared_error, estimator__learning_rate=0.1, estimator__max_depth=18, estimator__min_samples_split=12, estimator__n_estimators=52; total time=   0.0s
[CV] END estimator__criterion=squared_error, estimator__learning_rate=0.1, estimator__max_depth=18, estimator__min_samples_split=12, estimator__n_estimators=52; total time=   0.0s
[CV] END estimator__criterion=squared_error, estimator__learning_rate=0.1, estimator__max_depth=18, estimator__min_samples_split=12, estimator__n_estimators=68; total time=   0.0s
[CV] END estimator__criterion=squared_error, estimator__learning_rate=0.1, estimator__max_depth=18, estimator__min_samples_split=12, estimator__n_estimators=68; total time=   0.0s
[CV] END estimator__criterion=squared_error, estimator__learning_rate=1.0, estimator__max_depth=14, estimator__min_samples_split=14, estimator__n_estimators=68; total time=   0.0s
[CV] END estimator__criterion=squared_error, estimator__learning_rate=1.0, estimator__max_depth=14, estimator__min_samples_split=14, estimator__n_estimators=84; total time=   0.0s
[CV] END estimator__criterion=squared_error, estimator__learning_rate=1.0, estimator__max_depth=14, estimator__min_samples_split=14, estimator__n_estimators=84; total time=   0.0s
[CV] END estimator__criterion=squared_error, estimator__learning_rate=1.0, estimator__max_depth=14, estimator__min_samples_split=14, estimator__n_estimators=84; total time=   0.0s
[CV] END estimator__criterion=squared_error, estimator__learning_rate=1.0, estimator__max_depth=16, estimator__min_samples_split=10, estimator__n_estimators=84; total time=   0.0s
[CV] END estimator__criterion=squared_error, estimator__learning_rate=1.0, estimator__max_depth=16, estimator__min_samples_split=10, estimator__n_estimators=84; total time=   0.0s
[CV] END estimator__criterion=squared_error, estimator__learning_rate=1.0, estimator__max_depth=16, estimator__min_samples_split=12, estimator__n_estimators=20; total time=   0.0s
[CV] END estimator__criterion=squared_error, estimator__learning_rate=1.0, estimator__max_depth=16, estimator__min_samples_split=12, estimator__n_estimators=20; total time=   0.0s
[CV] END estimator__criterion=squared_error, estimator__learning_rate=1.0, estimator__max_depth=17, estimator__min_samples_split=12, estimator__n_estimators=68; total time=   0.0s
[CV] END estimator__criterion=squared_error, estimator__learning_rate=1.0, estimator__max_depth=17, estimator__min_samples_split=12, estimator__n_estimators=68; total time=   0.0s
[CV] END estimator__criterion=squared_error, estimator__learning_rate=1.0, estimator__max_depth=17, estimator__min_samples_split=12, estimator__n_estimators=68; total time=   0.0s
[CV] END estimator__criterion=squared_error, estimator__learning_rate=1.0, estimator__max_depth=17, estimator__min_samples_split=12, estimator__n_estimators=84; total time=   0.0s
[CV] END estimator__criterion=squared_error, estimator__learning_rate=1.0, estimator__max_depth=18, estimator__min_samples_split=16, estimator__n_estimators=52; total time=   0.0s
[CV] END estimator__criterion=squared_error, estimator__learning_rate=1.0, estimator__max_depth=18, estimator__min_samples_split=16, estimator__n_estimators=52; total time=   0.0s
[CV] END estimator__criterion=squared_error, estimator__learning_rate=1.0, estimator__max_depth=18, estimator__min_samples_split=16, estimator__n_estimators=52; total time=   0.0s
[CV] END estimator__criterion=squared_error, estimator__learning_rate=1.0, estimator__max_depth=18, estimator__min_samples_split=16, estimator__n_estimators=52; total time=   0.0s
[CV] END estimator__criterion=squared_error, estimator__learning_rate=0.1, estimator__max_depth=16, estimator__min_samples_split=18, estimator__n_estimators=84; total time=   0.0s
[CV] END estimator__criterion=squared_error, estimator__learning_rate=0.1, estimator__max_depth=16, estimator__min_samples_split=18, estimator__n_estimators=84; total time=   0.0s
[CV] END estimator__criterion=squared_error, estimator__learning_rate=0.1, estimator__max_depth=16, estimator__min_samples_split=18, estimator__n_estimators=84; total time=   0.0s
[CV] END estimator__criterion=squared_error, estimator__learning_rate=0.1, estimator__max_depth=18, estimator__min_samples_split=18, estimator__n_estimators=36; total time=   0.0s
[CV] END estimator__criterion=squared_error, estimator__learning_rate=0.1, estimator__max_depth=18, estimator__min_samples_split=18, estimator__n_estimators=36; total time=   0.0s
[CV] END estimator__criterion=squared_error, estimator__learning_rate=0.1, estimator__max_depth=18, estimator__min_samples_split=18, estimator__n_estimators=36; total time=   0.0s
[CV] END estimator__criterion=squared_error, estimator__learning_rate=0.1, estimator__max_depth=18, estimator__min_samples_split=18, estimator__n_estimators=36; total time=   0.0s
[CV] END estimator__criterion=squared_error, estimator__learning_rate=1.0, estimator__max_depth=14, estimator__min_samples_split=14, estimator__n_estimators=36; total time=   0.0s
[CV] END estimator__criterion=squared_error, estimator__learning_rate=1.0, estimator__max_depth=14, estimator__min_samples_split=14, estimator__n_estimators=36; total time=   0.0s
[CV] END estimator__criterion=squared_error, estimator__learning_rate=1.0, estimator__max_depth=14, estimator__min_samples_split=14, estimator__n_estimators=36; total time=   0.0s
[CV] END estimator__criterion=squared_error, estimator__learning_rate=1.0, estimator__max_depth=14, estimator__min_samples_split=14, estimator__n_estimators=52; total time=   0.0s
[CV] END estimator__criterion=squared_error, estimator__learning_rate=1.0, estimator__max_depth=15, estimator__min_samples_split=12, estimator__n_estimators=68; total time=   0.0s
[CV] END estimator__criterion=squared_error, estimator__learning_rate=1.0, estimator__max_depth=15, estimator__min_samples_split=12, estimator__n_estimators=84; total time=   0.0s
[CV] END estimator__criterion=squared_error, estimator__learning_rate=1.0, estimator__max_depth=15, estimator__min_samples_split=12, estimator__n_estimators=84; total time=   0.0s
[CV] END estimator__criterion=squared_error, estimator__learning_rate=1.0, estimator__max_depth=15, estimator__min_samples_split=12, estimator__n_estimators=84; total time=   0.0s
[CV] END estimator__criterion=squared_error, estimator__learning_rate=1.0, estimator__max_depth=16, estimator__min_samples_split=18, estimator__n_estimators=20; total time=   0.0s
[CV] END estimator__criterion=squared_error, estimator__learning_rate=1.0, estimator__max_depth=16, estimator__min_samples_split=18, estimator__n_estimators=20; total time=   0.0s
[CV] END estimator__criterion=squared_error, estimator__learning_rate=1.0, estimator__max_depth=16, estimator__min_samples_split=18, estimator__n_estimators=36; total time=   0.0s
[CV] END estimator__criterion=squared_error, estimator__learning_rate=1.0, estimator__max_depth=16, estimator__min_samples_split=18, estimator__n_estimators=36; total time=   0.0s
[CV] END estimator__criterion=squared_error, estimator__learning_rate=1.0, estimator__max_depth=17, estimator__min_samples_split=14, estimator__n_estimators=36; total time=   0.0s
[CV] END estimator__criterion=squared_error, estimator__learning_rate=1.0, estimator__max_depth=17, estimator__min_samples_split=14, estimator__n_estimators=36; total time=   0.0s
[CV] END estimator__criterion=squared_error, estimator__learning_rate=1.0, estimator__max_depth=17, estimator__min_samples_split=14, estimator__n_estimators=52; total time=   0.0s
[CV] END estimator__criterion=squared_error, estimator__learning_rate=1.0, estimator__max_depth=17, estimator__min_samples_split=14, estimator__n_estimators=52; total time=   0.0s
[CV] END estimator__criterion=squared_error, estimator__learning_rate=1.0, estimator__max_depth=18, estimator__min_samples_split=12, estimator__n_estimators=20; total time=   0.0s
[CV] END estimator__criterion=squared_error, estimator__learning_rate=1.0, estimator__max_depth=18, estimator__min_samples_split=12, estimator__n_estimators=36; total time=   0.0s
[CV] END estimator__criterion=squared_error, estimator__learning_rate=1.0, estimator__max_depth=18, estimator__min_samples_split=12, estimator__n_estimators=36; total time=   0.0s
[CV] END estimator__criterion=squared_error, estimator__learning_rate=1.0, estimator__max_depth=18, estimator__min_samples_split=12, estimator__n_estimators=36; total time=   0.0s
[CV] END estimator__criterion=squared_error, estimator__learning_rate=1.0, estimator__max_depth=18, estimator__min_samples_split=18, estimator__n_estimators=36; total time=   0.0s
[CV] END estimator__criterion=squared_error, estimator__learning_rate=1.0, estimator__max_depth=18, estimator__min_samples_split=18, estimator__n_estimators=52; total time=   0.0s
[CV] END estimator__criterion=squared_error, estimator__learning_rate=1.0, estimator__max_depth=18, estimator__min_samples_split=18, estimator__n_estimators=52; total time=   0.0s
[CV] END estimator__criterion=squared_error, estimator__learning_rate=1.0, estimator__max_depth=18, estimator__min_samples_split=18, estimator__n_estimators=52; total time=   0.0s
[CV] END estimator__criterion=squared_error, estimator__learning_rate=0.01, estimator__max_depth=18, estimator__min_samples_split=10, estimator__n_estimators=84; total time=   0.0s
[CV] END estimator__criterion=squared_error, estimator__learning_rate=0.01, estimator__max_depth=18, estimator__min_samples_split=12, estimator__n_estimators=20; total time=   0.0s
[CV] END estimator__criterion=squared_error, estimator__learning_rate=0.01, estimator__max_depth=18, estimator__min_samples_split=12, estimator__n_estimators=20; total time=   0.0s
[CV] END estimator__criterion=squared_error, estimator__learning_rate=0.1, estimator__max_depth=14, estimator__min_samples_split=12, estimator__n_estimators=36; total time=   0.0s
[CV] END estimator__criterion=squared_error, estimator__learning_rate=0.1, estimator__max_depth=14, estimator__min_samples_split=12, estimator__n_estimators=36; total time=   0.0s
[CV] END estimator__criterion=squared_error, estimator__learning_rate=0.1, estimator__max_depth=14, estimator__min_samples_split=12, estimator__n_estimators=36; total time=   0.0s
[CV] END estimator__criterion=squared_error, estimator__learning_rate=0.1, estimator__max_depth=14, estimator__min_samples_split=12, estimator__n_estimators=36; total time=   0.0s
[CV] END estimator__criterion=squared_error, estimator__learning_rate=0.1, estimator__max_depth=15, estimator__min_samples_split=10, estimator__n_estimators=36; total time=   0.0s
[CV] END estimator__criterion=squared_error, estimator__learning_rate=0.1, estimator__max_depth=15, estimator__min_samples_split=10, estimator__n_estimators=52; total time=   0.0s
[CV] END estimator__criterion=squared_error, estimator__learning_rate=0.1, estimator__max_depth=15, estimator__min_samples_split=10, estimator__n_estimators=52; total time=   0.0s
[CV] END estimator__criterion=squared_error, estimator__learning_rate=0.1, estimator__max_depth=15, estimator__min_samples_split=10, estimator__n_estimators=52; total time=   0.0s
[CV] END estimator__criterion=squared_error, estimator__learning_rate=0.1, estimator__max_depth=15, estimator__min_samples_split=18, estimator__n_estimators=52; total time=   0.0s
[CV] END estimator__criterion=squared_error, estimator__learning_rate=0.1, estimator__max_depth=15, estimator__min_samples_split=18, estimator__n_estimators=52; total time=   0.0s
[CV] END estimator__criterion=squared_error, estimator__learning_rate=0.1, estimator__max_depth=15, estimator__min_samples_split=18, estimator__n_estimators=68; total time=   0.0s
[CV] END estimator__criterion=squared_error, estimator__learning_rate=0.1, estimator__max_depth=15, estimator__min_samples_split=18, estimator__n_estimators=68; total time=   0.0s
[CV] END estimator__criterion=squared_error, estimator__learning_rate=0.1, estimator__max_depth=17, estimator__min_samples_split=12, estimator__n_estimators=36; total time=   0.0s
[CV] END estimator__criterion=squared_error, estimator__learning_rate=0.1, estimator__max_depth=17, estimator__min_samples_split=12, estimator__n_estimators=36; total time=   0.0s
[CV] END estimator__criterion=squared_error, estimator__learning_rate=0.1, estimator__max_depth=17, estimator__min_samples_split=12, estimator__n_estimators=36; total time=   0.0s
[CV] END estimator__criterion=squared_error, estimator__learning_rate=0.1, estimator__max_depth=17, estimator__min_samples_split=12, estimator__n_estimators=36; total time=   0.0s
[CV] END estimator__criterion=squared_error, estimator__learning_rate=0.1, estimator__max_depth=17, estimator__min_samples_split=18, estimator__n_estimators=68; total time=   0.0s
[CV] END estimator__criterion=squared_error, estimator__learning_rate=0.1, estimator__max_depth=17, estimator__min_samples_split=18, estimator__n_estimators=84; total time=   0.0s
[CV] END estimator__criterion=squared_error, estimator__learning_rate=0.1, estimator__max_depth=17, estimator__min_samples_split=18, estimator__n_estimators=84; total time=   0.0s
[CV] END estimator__criterion=squared_error, estimator__learning_rate=0.1, estimator__max_depth=17, estimator__min_samples_split=18, estimator__n_estimators=84; total time=   0.0s
[CV] END estimator__criterion=squared_error, estimator__learning_rate=1.0, estimator__max_depth=14, estimator__min_samples_split=12, estimator__n_estimators=84; total time=   0.0s
[CV] END estimator__criterion=squared_error, estimator__learning_rate=1.0, estimator__max_depth=14, estimator__min_samples_split=12, estimator__n_estimators=84; total time=   0.0s
[CV] END estimator__criterion=squared_error, estimator__learning_rate=1.0, estimator__max_depth=14, estimator__min_samples_split=12, estimator__n_estimators=84; total time=   0.0s
[CV] END estimator__criterion=squared_error, estimator__learning_rate=1.0, estimator__max_depth=14, estimator__min_samples_split=12, estimator__n_estimators=84; total time=   0.0s
[CV] END estimator__criterion=squared_error, estimator__learning_rate=1.0, estimator__max_depth=15, estimator__min_samples_split=18, estimator__n_estimators=20; total time=   0.0s
[CV] END estimator__criterion=squared_error, estimator__learning_rate=1.0, estimator__max_depth=15, estimator__min_samples_split=18, estimator__n_estimators=20; total time=   0.0s
[CV] END estimator__criterion=squared_error, estimator__learning_rate=1.0, estimator__max_depth=15, estimator__min_samples_split=18, estimator__n_estimators=20; total time=   0.0s
[CV] END estimator__criterion=squared_error, estimator__learning_rate=1.0, estimator__max_depth=15, estimator__min_samples_split=18, estimator__n_estimators=20; total time=   0.0s
[CV] END estimator__criterion=squared_error, estimator__learning_rate=1.0, estimator__max_depth=16, estimator__min_samples_split=12, estimator__n_estimators=36; total time=   0.0s
[CV] END estimator__criterion=squared_error, estimator__learning_rate=1.0, estimator__max_depth=16, estimator__min_samples_split=12, estimator__n_estimators=36; total time=   0.0s
[CV] END estimator__criterion=squared_error, estimator__learning_rate=1.0, estimator__max_depth=16, estimator__min_samples_split=12, estimator__n_estimators=36; total time=   0.0s
[CV] END estimator__criterion=squared_error, estimator__learning_rate=1.0, estimator__max_depth=16, estimator__min_samples_split=12, estimator__n_estimators=36; total time=   0.0s
[CV] END estimator__criterion=squared_error, estimator__learning_rate=1.0, estimator__max_depth=16, estimator__min_samples_split=18, estimator__n_estimators=68; total time=   0.0s
[CV] END estimator__criterion=squared_error, estimator__learning_rate=1.0, estimator__max_depth=16, estimator__min_samples_split=18, estimator__n_estimators=68; total time=   0.0s
[CV] END estimator__criterion=squared_error, estimator__learning_rate=1.0, estimator__max_depth=16, estimator__min_samples_split=18, estimator__n_estimators=68; total time=   0.0s
[CV] END estimator__criterion=squared_error, estimator__learning_rate=1.0, estimator__max_depth=16, estimator__min_samples_split=18, estimator__n_estimators=68; total time=   0.0s
[CV] END estimator__criterion=squared_error, estimator__learning_rate=1.0, estimator__max_depth=18, estimator__min_samples_split=10, estimator__n_estimators=84; total time=   0.0s
[CV] END estimator__criterion=squared_error, estimator__learning_rate=1.0, estimator__max_depth=18, estimator__min_samples_split=10, estimator__n_estimators=84; total time=   0.0s
[CV] END estimator__criterion=squared_error, estimator__learning_rate=1.0, estimator__max_depth=18, estimator__min_samples_split=10, estimator__n_estimators=84; total time=   0.0s
[CV] END estimator__criterion=squared_error, estimator__learning_rate=1.0, estimator__max_depth=18, estimator__min_samples_split=10, estimator__n_estimators=84; total time=   0.0s
[CV] END estimator__criterion=squared_error, estimator__learning_rate=0.01, estimator__max_depth=18, estimator__min_samples_split=14, estimator__n_estimators=52; total time=   0.0s
[CV] END estimator__criterion=squared_error, estimator__learning_rate=0.01, estimator__max_depth=18, estimator__min_samples_split=14, estimator__n_estimators=52; total time=   0.0s
[CV] END estimator__criterion=squared_error, estimator__learning_rate=0.1, estimator__max_depth=14, estimator__min_samples_split=12, estimator__n_estimators=84; total time=   0.0s
[CV] END estimator__criterion=squared_error, estimator__learning_rate=0.1, estimator__max_depth=14, estimator__min_samples_split=12, estimator__n_estimators=84; total time=   0.0s
[CV] END estimator__criterion=squared_error, estimator__learning_rate=0.1, estimator__max_depth=14, estimator__min_samples_split=12, estimator__n_estimators=84; total time=   0.0s
[CV] END estimator__criterion=squared_error, estimator__learning_rate=0.1, estimator__max_depth=14, estimator__min_samples_split=12, estimator__n_estimators=84; total time=   0.0s
[CV] END estimator__criterion=squared_error, estimator__learning_rate=0.1, estimator__max_depth=15, estimator__min_samples_split=18, estimator__n_estimators=36; total time=   0.0s
[CV] END estimator__criterion=squared_error, estimator__learning_rate=0.1, estimator__max_depth=15, estimator__min_samples_split=18, estimator__n_estimators=36; total time=   0.0s
[CV] END estimator__criterion=squared_error, estimator__learning_rate=0.1, estimator__max_depth=15, estimator__min_samples_split=18, estimator__n_estimators=36; total time=   0.0s
[CV] END estimator__criterion=squared_error, estimator__learning_rate=0.1, estimator__max_depth=15, estimator__min_samples_split=18, estimator__n_estimators=36; total time=   0.0s
[CV] END estimator__criterion=squared_error, estimator__learning_rate=0.1, estimator__max_depth=16, estimator__min_samples_split=16, estimator__n_estimators=20; total time=   0.0s
[CV] END estimator__criterion=squared_error, estimator__learning_rate=0.1, estimator__max_depth=16, estimator__min_samples_split=16, estimator__n_estimators=20; total time=   0.0s
[CV] END estimator__criterion=squared_error, estimator__learning_rate=0.1, estimator__max_depth=16, estimator__min_samples_split=16, estimator__n_estimators=20; total time=   0.0s
[CV] END estimator__criterion=squared_error, estimator__learning_rate=0.1, estimator__max_depth=16, estimator__min_samples_split=16, estimator__n_estimators=20; total time=   0.0s
[CV] END estimator__criterion=squared_error, estimator__learning_rate=0.1, estimator__max_depth=16, estimator__min_samples_split=18, estimator__n_estimators=84; total time=   0.0s
[CV] END estimator__criterion=squared_error, estimator__learning_rate=0.1, estimator__max_depth=17, estimator__min_samples_split=10, estimator__n_estimators=20; total time=   0.0s
[CV] END estimator__criterion=squared_error, estimator__learning_rate=0.1, estimator__max_depth=17, estimator__min_samples_split=10, estimator__n_estimators=20; total time=   0.0s
[CV] END estimator__criterion=squared_error, estimator__learning_rate=0.1, estimator__max_depth=17, estimator__min_samples_split=10, estimator__n_estimators=20; total time=   0.0s
[CV] END estimator__criterion=squared_error, estimator__learning_rate=0.1, estimator__max_depth=17, estimator__min_samples_split=16, estimator__n_estimators=68; total time=   0.0s
[CV] END estimator__criterion=squared_error, estimator__learning_rate=0.1, estimator__max_depth=17, estimator__min_samples_split=16, estimator__n_estimators=68; total time=   0.0s
[CV] END estimator__criterion=squared_error, estimator__learning_rate=0.1, estimator__max_depth=17, estimator__min_samples_split=16, estimator__n_estimators=68; total time=   0.0s
[CV] END estimator__criterion=squared_error, estimator__learning_rate=0.1, estimator__max_depth=17, estimator__min_samples_split=16, estimator__n_estimators=68; total time=   0.0s
[CV] END estimator__criterion=squared_error, estimator__learning_rate=1.0, estimator__max_depth=14, estimator__min_samples_split=10, estimator__n_estimators=36; total time=   0.0s
[CV] END estimator__criterion=squared_error, estimator__learning_rate=1.0, estimator__max_depth=14, estimator__min_samples_split=10, estimator__n_estimators=36; total time=   0.0s
[CV] END estimator__criterion=squared_error, estimator__learning_rate=1.0, estimator__max_depth=14, estimator__min_samples_split=10, estimator__n_estimators=36; total time=   0.0s
[CV] END estimator__criterion=squared_error, estimator__learning_rate=1.0, estimator__max_depth=14, estimator__min_samples_split=10, estimator__n_estimators=36; total time=   0.0s
[CV] END estimator__criterion=squared_error, estimator__learning_rate=1.0, estimator__max_depth=14, estimator__min_samples_split=16, estimator__n_estimators=68; total time=   0.0s
[CV] END estimator__criterion=squared_error, estimator__learning_rate=1.0, estimator__max_depth=14, estimator__min_samples_split=16, estimator__n_estimators=68; total time=   0.0s
[CV] END estimator__criterion=squared_error, estimator__learning_rate=1.0, estimator__max_depth=14, estimator__min_samples_split=16, estimator__n_estimators=84; total time=   0.0s
[CV] END estimator__criterion=squared_error, estimator__learning_rate=1.0, estimator__max_depth=14, estimator__min_samples_split=16, estimator__n_estimators=84; total time=   0.0s
[CV] END estimator__criterion=squared_error, estimator__learning_rate=1.0, estimator__max_depth=16, estimator__min_samples_split=10, estimator__n_estimators=52; total time=   0.0s
[CV] END estimator__criterion=squared_error, estimator__learning_rate=1.0, estimator__max_depth=16, estimator__min_samples_split=10, estimator__n_estimators=52; total time=   0.0s
[CV] END estimator__criterion=squared_error, estimator__learning_rate=1.0, estimator__max_depth=16, estimator__min_samples_split=10, estimator__n_estimators=52; total time=   0.0s
[CV] END estimator__criterion=squared_error, estimator__learning_rate=1.0, estimator__max_depth=16, estimator__min_samples_split=10, estimator__n_estimators=52; total time=   0.0s
[CV] END estimator__criterion=squared_error, estimator__learning_rate=1.0, estimator__max_depth=17, estimator__min_samples_split=10, estimator__n_estimators=52; total time=   0.0s
[CV] END estimator__criterion=squared_error, estimator__learning_rate=1.0, estimator__max_depth=17, estimator__min_samples_split=10, estimator__n_estimators=68; total time=   0.0s
[CV] END estimator__criterion=squared_error, estimator__learning_rate=1.0, estimator__max_depth=17, estimator__min_samples_split=10, estimator__n_estimators=68; total time=   0.0s
[CV] END estimator__criterion=squared_error, estimator__learning_rate=1.0, estimator__max_depth=17, estimator__min_samples_split=10, estimator__n_estimators=68; total time=   0.0s
[CV] END estimator__criterion=squared_error, estimator__learning_rate=1.0, estimator__max_depth=18, estimator__min_samples_split=14, estimator__n_estimators=68; total time=   0.0s
[CV] END estimator__criterion=squared_error, estimator__learning_rate=1.0, estimator__max_depth=18, estimator__min_samples_split=14, estimator__n_estimators=68; total time=   0.0s
[CV] END estimator__criterion=squared_error, estimator__learning_rate=1.0, estimator__max_depth=18, estimator__min_samples_split=14, estimator__n_estimators=68; total time=   0.0s
[CV] END estimator__criterion=squared_error, estimator__learning_rate=1.0, estimator__max_depth=18, estimator__min_samples_split=14, estimator__n_estimators=68; total time=   0.0s
[CV] END estimator__criterion=squared_error, estimator__learning_rate=1.0, estimator__max_depth=15, estimator__min_samples_split=14, estimator__n_estimators=68; total time=   0.0s
[CV] END estimator__criterion=squared_error, estimator__learning_rate=1.0, estimator__max_depth=16, estimator__min_samples_split=16, estimator__n_estimators=84; total time=   0.0s
[CV] END estimator__criterion=squared_error, estimator__learning_rate=1.0, estimator__max_depth=16, estimator__min_samples_split=18, estimator__n_estimators=20; total time=   0.0s
[CV] END estimator__criterion=squared_error, estimator__learning_rate=1.0, estimator__max_depth=16, estimator__min_samples_split=18, estimator__n_estimators=20; total time=   0.0s
[CV] END estimator__criterion=squared_error, estimator__learning_rate=1.0, estimator__max_depth=16, estimator__min_samples_split=18, estimator__n_estimators=20; total time=   0.0s
[CV] END estimator__criterion=squared_error, estimator__learning_rate=1.0, estimator__max_depth=17, estimator__min_samples_split=14, estimator__n_estimators=52; total time=   0.0s
[CV] END estimator__criterion=squared_error, estimator__learning_rate=1.0, estimator__max_depth=17, estimator__min_samples_split=14, estimator__n_estimators=52; total time=   0.0s
[CV] END estimator__criterion=squared_error, estimator__learning_rate=1.0, estimator__max_depth=17, estimator__min_samples_split=14, estimator__n_estimators=52; total time=   0.0s
[CV] END estimator__criterion=squared_error, estimator__learning_rate=1.0, estimator__max_depth=17, estimator__min_samples_split=14, estimator__n_estimators=68; total time=   0.0s
[CV] END estimator__criterion=squared_error, estimator__learning_rate=1.0, estimator__max_depth=18, estimator__min_samples_split=16, estimator__n_estimators=52; total time=   0.0s
[CV] END estimator__criterion=squared_error, estimator__learning_rate=1.0, estimator__max_depth=18, estimator__min_samples_split=16, estimator__n_estimators=68; total time=   0.0s
[CV] END estimator__criterion=squared_error, estimator__learning_rate=1.0, estimator__max_depth=18, estimator__min_samples_split=16, estimator__n_estimators=68; total time=   0.0s
[CV] END estimator__criterion=squared_error, estimator__learning_rate=1.0, estimator__max_depth=18, estimator__min_samples_split=16, estimator__n_estimators=68; total time=   0.0s
[CV] END estimator__criterion=squared_error, estimator__learning_rate=0.1, estimator__max_depth=17, estimator__min_samples_split=12, estimator__n_estimators=68; total time=   0.0s
[CV] END estimator__criterion=squared_error, estimator__learning_rate=0.1, estimator__max_depth=18, estimator__min_samples_split=14, estimator__n_estimators=68; total time=   0.0s
[CV] END estimator__criterion=squared_error, estimator__learning_rate=0.1, estimator__max_depth=18, estimator__min_samples_split=14, estimator__n_estimators=68; total time=   0.0s
[CV] END estimator__criterion=squared_error, estimator__learning_rate=0.1, estimator__max_depth=18, estimator__min_samples_split=14, estimator__n_estimators=68; total time=   0.0s
[CV] END estimator__criterion=squared_error, estimator__learning_rate=0.1, estimator__max_depth=18, estimator__min_samples_split=14, estimator__n_estimators=68; total time=   0.0s
[CV] END estimator__criterion=squared_error, estimator__learning_rate=1.0, estimator__max_depth=14, estimator__min_samples_split=16, estimator__n_estimators=84; total time=   0.0s
[CV] END estimator__criterion=squared_error, estimator__learning_rate=1.0, estimator__max_depth=14, estimator__min_samples_split=16, estimator__n_estimators=84; total time=   0.0s
[CV] END estimator__criterion=squared_error, estimator__learning_rate=1.0, estimator__max_depth=14, estimator__min_samples_split=16, estimator__n_estimators=84; total time=   0.0s
[CV] END estimator__criterion=squared_error, estimator__learning_rate=1.0, estimator__max_depth=14, estimator__min_samples_split=18, estimator__n_estimators=20; total time=   0.0s
[CV] END estimator__criterion=squared_error, estimator__learning_rate=1.0, estimator__max_depth=16, estimator__min_samples_split=10, estimator__n_estimators=20; total time=   0.0s
[CV] END estimator__criterion=squared_error, estimator__learning_rate=1.0, estimator__max_depth=16, estimator__min_samples_split=10, estimator__n_estimators=20; total time=   0.0s
[CV] END estimator__criterion=squared_error, estimator__learning_rate=1.0, estimator__max_depth=16, estimator__min_samples_split=10, estimator__n_estimators=36; total time=   0.0s
[CV] END estimator__criterion=squared_error, estimator__learning_rate=1.0, estimator__max_depth=16, estimator__min_samples_split=10, estimator__n_estimators=36; total time=   0.0s
[CV] END estimator__criterion=squared_error, estimator__learning_rate=1.0, estimator__max_depth=16, estimator__min_samples_split=16, estimator__n_estimators=84; total time=   0.0s
[CV] END estimator__criterion=squared_error, estimator__learning_rate=1.0, estimator__max_depth=16, estimator__min_samples_split=16, estimator__n_estimators=84; total time=   0.0s
[CV] END estimator__criterion=squared_error, estimator__learning_rate=1.0, estimator__max_depth=16, estimator__min_samples_split=16, estimator__n_estimators=84; total time=   0.0s
[CV] END estimator__criterion=squared_error, estimator__learning_rate=1.0, estimator__max_depth=16, estimator__min_samples_split=16, estimator__n_estimators=84; total time=   0.0s
[CV] END estimator__criterion=squared_error, estimator__learning_rate=1.0, estimator__max_depth=18, estimator__min_samples_split=12, estimator__n_estimators=84; total time=   0.0s
[CV] END estimator__criterion=squared_error, estimator__learning_rate=1.0, estimator__max_depth=18, estimator__min_samples_split=12, estimator__n_estimators=84; total time=   0.0s
[CV] END estimator__criterion=squared_error, estimator__learning_rate=1.0, estimator__max_depth=18, estimator__min_samples_split=12, estimator__n_estimators=84; total time=   0.0s
[CV] END estimator__criterion=squared_error, estimator__learning_rate=1.0, estimator__max_depth=18, estimator__min_samples_split=12, estimator__n_estimators=84; total time=   0.0s
[CV] END estimator__criterion=squared_error, estimator__learning_rate=0.1, estimator__max_depth=16, estimator__min_samples_split=10, estimator__n_estimators=36; total time=   0.0s
[CV] END estimator__criterion=squared_error, estimator__learning_rate=0.1, estimator__max_depth=16, estimator__min_samples_split=10, estimator__n_estimators=36; total time=   0.0s
[CV] END estimator__criterion=squared_error, estimator__learning_rate=0.1, estimator__max_depth=16, estimator__min_samples_split=10, estimator__n_estimators=52; total time=   0.0s
[CV] END estimator__criterion=squared_error, estimator__learning_rate=0.1, estimator__max_depth=16, estimator__min_samples_split=10, estimator__n_estimators=52; total time=   0.0s
[CV] END estimator__criterion=squared_error, estimator__learning_rate=0.1, estimator__max_depth=16, estimator__min_samples_split=18, estimator__n_estimators=20; total time=   0.0s
[CV] END estimator__criterion=squared_error, estimator__learning_rate=0.1, estimator__max_depth=16, estimator__min_samples_split=18, estimator__n_estimators=36; total time=   0.0s
[CV] END estimator__criterion=squared_error, estimator__learning_rate=0.1, estimator__max_depth=16, estimator__min_samples_split=18, estimator__n_estimators=36; total time=   0.0s
[CV] END estimator__criterion=squared_error, estimator__learning_rate=0.1, estimator__max_depth=16, estimator__min_samples_split=18, estimator__n_estimators=36; total time=   0.0s
[CV] END estimator__criterion=squared_error, estimator__learning_rate=0.1, estimator__max_depth=17, estimator__min_samples_split=14, estimator__n_estimators=84; total time=   0.0s
[CV] END estimator__criterion=squared_error, estimator__learning_rate=0.1, estimator__max_depth=17, estimator__min_samples_split=14, estimator__n_estimators=84; total time=   0.0s
[CV] END estimator__criterion=squared_error, estimator__learning_rate=0.1, estimator__max_depth=17, estimator__min_samples_split=14, estimator__n_estimators=84; total time=   0.0s
[CV] END estimator__criterion=squared_error, estimator__learning_rate=0.1, estimator__max_depth=17, estimator__min_samples_split=14, estimator__n_estimators=84; total time=   0.0s
[CV] END estimator__criterion=squared_error, estimator__learning_rate=1.0, estimator__max_depth=14, estimator__min_samples_split=10, estimator__n_estimators=36; total time=   0.0s
[CV] END estimator__criterion=squared_error, estimator__learning_rate=1.0, estimator__max_depth=14, estimator__min_samples_split=10, estimator__n_estimators=52; total time=   0.0s
[CV] END estimator__criterion=squared_error, estimator__learning_rate=1.0, estimator__max_depth=14, estimator__min_samples_split=10, estimator__n_estimators=52; total time=   0.0s
[CV] END estimator__criterion=squared_error, estimator__learning_rate=1.0, estimator__max_depth=14, estimator__min_samples_split=10, estimator__n_estimators=52; total time=   0.0s
[CV] END estimator__criterion=squared_error, estimator__learning_rate=1.0, estimator__max_depth=14, estimator__min_samples_split=18, estimator__n_estimators=68; total time=   0.0s
[CV] END estimator__criterion=squared_error, estimator__learning_rate=1.0, estimator__max_depth=14, estimator__min_samples_split=18, estimator__n_estimators=68; total time=   0.0s
[CV] END estimator__criterion=squared_error, estimator__learning_rate=1.0, estimator__max_depth=14, estimator__min_samples_split=18, estimator__n_estimators=68; total time=   0.0s
[CV] END estimator__criterion=squared_error, estimator__learning_rate=1.0, estimator__max_depth=14, estimator__min_samples_split=18, estimator__n_estimators=84; total time=   0.0s
[CV] END estimator__criterion=squared_error, estimator__learning_rate=1.0, estimator__max_depth=16, estimator__min_samples_split=12, estimator__n_estimators=68; total time=   0.0s
[CV] END estimator__criterion=squared_error, estimator__learning_rate=1.0, estimator__max_depth=16, estimator__min_samples_split=12, estimator__n_estimators=68; total time=   0.0s
[CV] END estimator__criterion=squared_error, estimator__learning_rate=1.0, estimator__max_depth=16, estimator__min_samples_split=12, estimator__n_estimators=84; total time=   0.0s
[CV] END estimator__criterion=squared_error, estimator__learning_rate=1.0, estimator__max_depth=16, estimator__min_samples_split=12, estimator__n_estimators=84; total time=   0.0s
[CV] END estimator__criterion=squared_error, estimator__learning_rate=1.0, estimator__max_depth=17, estimator__min_samples_split=18, estimator__n_estimators=52; total time=   0.0s
[CV] END estimator__criterion=squared_error, estimator__learning_rate=1.0, estimator__max_depth=17, estimator__min_samples_split=18, estimator__n_estimators=52; total time=   0.0s
[CV] END estimator__criterion=squared_error, estimator__learning_rate=1.0, estimator__max_depth=17, estimator__min_samples_split=18, estimator__n_estimators=52; total time=   0.0s
[CV] END estimator__criterion=squared_error, estimator__learning_rate=1.0, estimator__max_depth=17, estimator__min_samples_split=18, estimator__n_estimators=52; total time=   0.0s
[CV] END estimator__criterion=squared_error, estimator__learning_rate=1.0, estimator__max_depth=18, estimator__min_samples_split=18, estimator__n_estimators=52; total time=   0.0s
[CV] END estimator__criterion=squared_error, estimator__learning_rate=1.0, estimator__max_depth=18, estimator__min_samples_split=18, estimator__n_estimators=52; total time=   0.0s
[CV] END estimator__criterion=squared_error, estimator__learning_rate=1.0, estimator__max_depth=18, estimator__min_samples_split=18, estimator__n_estimators=68; total time=   0.0s
[CV] END estimator__criterion=squared_error, estimator__learning_rate=1.0, estimator__max_depth=18, estimator__min_samples_split=18, estimator__n_estimators=68; total time=   0.0s
[CV] END estimator__criterion=squared_error, estimator__learning_rate=0.1, estimator__max_depth=18, estimator__min_samples_split=12, estimator__n_estimators=84; total time=   0.0s
[CV] END estimator__criterion=squared_error, estimator__learning_rate=0.1, estimator__max_depth=18, estimator__min_samples_split=12, estimator__n_estimators=84; total time=   0.0s
[CV] END estimator__criterion=squared_error, estimator__learning_rate=0.1, estimator__max_depth=18, estimator__min_samples_split=12, estimator__n_estimators=84; total time=   0.0s
[CV] END estimator__criterion=squared_error, estimator__learning_rate=1.0, estimator__max_depth=15, estimator__min_samples_split=12, estimator__n_estimators=36; total time=   0.0s
[CV] END estimator__criterion=squared_error, estimator__learning_rate=1.0, estimator__max_depth=15, estimator__min_samples_split=12, estimator__n_estimators=36; total time=   0.0s
[CV] END estimator__criterion=squared_error, estimator__learning_rate=1.0, estimator__max_depth=15, estimator__min_samples_split=12, estimator__n_estimators=36; total time=   0.0s
[CV] END estimator__criterion=squared_error, estimator__learning_rate=1.0, estimator__max_depth=15, estimator__min_samples_split=12, estimator__n_estimators=52; total time=   0.0s
[CV] END estimator__criterion=squared_error, estimator__learning_rate=1.0, estimator__max_depth=16, estimator__min_samples_split=10, estimator__n_estimators=36; total time=   0.0s
[CV] END estimator__criterion=squared_error, estimator__learning_rate=1.0, estimator__max_depth=16, estimator__min_samples_split=10, estimator__n_estimators=36; total time=   0.0s
[CV] END estimator__criterion=squared_error, estimator__learning_rate=1.0, estimator__max_depth=16, estimator__min_samples_split=10, estimator__n_estimators=36; total time=   0.0s
[CV] END estimator__criterion=squared_error, estimator__learning_rate=1.0, estimator__max_depth=16, estimator__min_samples_split=10, estimator__n_estimators=52; total time=   0.0s
[CV] END estimator__criterion=squared_error, estimator__learning_rate=1.0, estimator__max_depth=17, estimator__min_samples_split=10, estimator__n_estimators=20; total time=   0.0s
[CV] END estimator__criterion=squared_error, estimator__learning_rate=1.0, estimator__max_depth=17, estimator__min_samples_split=10, estimator__n_estimators=20; total time=   0.0s
[CV] END estimator__criterion=squared_error, estimator__learning_rate=1.0, estimator__max_depth=17, estimator__min_samples_split=10, estimator__n_estimators=20; total time=   0.0s
[CV] END estimator__criterion=squared_error, estimator__learning_rate=1.0, estimator__max_depth=17, estimator__min_samples_split=10, estimator__n_estimators=36; total time=   0.0s
[CV] END estimator__criterion=squared_error, estimator__learning_rate=1.0, estimator__max_depth=17, estimator__min_samples_split=14, estimator__n_estimators=68; total time=   0.0s
[CV] END estimator__criterion=squared_error, estimator__learning_rate=1.0, estimator__max_depth=17, estimator__min_samples_split=14, estimator__n_estimators=68; total time=   0.0s
[CV] END estimator__criterion=squared_error, estimator__learning_rate=1.0, estimator__max_depth=17, estimator__min_samples_split=14, estimator__n_estimators=68; total time=   0.0s
[CV] END estimator__criterion=squared_error, estimator__learning_rate=1.0, estimator__max_depth=17, estimator__min_samples_split=14, estimator__n_estimators=68; total time=   0.0s
[CV] END estimator__criterion=squared_error, estimator__learning_rate=1.0, estimator__max_depth=18, estimator__min_samples_split=16, estimator__n_estimators=84; total time=   0.0s
[CV] END estimator__criterion=squared_error, estimator__learning_rate=1.0, estimator__max_depth=18, estimator__min_samples_split=16, estimator__n_estimators=84; total time=   0.0s
[CV] END estimator__criterion=squared_error, estimator__learning_rate=1.0, estimator__max_depth=18, estimator__min_samples_split=16, estimator__n_estimators=84; total time=   0.0s
[CV] END estimator__criterion=squared_error, estimator__learning_rate=1.0, estimator__max_depth=18, estimator__min_samples_split=18, estimator__n_estimators=20; total time=   0.0s
[CV] END estimator__criterion=squared_error, estimator__learning_rate=0.1, estimator__max_depth=18, estimator__min_samples_split=16, estimator__n_estimators=52; total time=   0.0s
[CV] END estimator__criterion=squared_error, estimator__learning_rate=0.1, estimator__max_depth=18, estimator__min_samples_split=16, estimator__n_estimators=52; total time=   0.0s
[CV] END estimator__criterion=squared_error, estimator__learning_rate=0.1, estimator__max_depth=18, estimator__min_samples_split=16, estimator__n_estimators=52; total time=   0.0s
[CV] END estimator__criterion=squared_error, estimator__learning_rate=1.0, estimator__max_depth=14, estimator__min_samples_split=18, estimator__n_estimators=36; total time=   0.0s
[CV] END estimator__criterion=squared_error, estimator__learning_rate=1.0, estimator__max_depth=14, estimator__min_samples_split=18, estimator__n_estimators=36; total time=   0.0s
[CV] END estimator__criterion=squared_error, estimator__learning_rate=1.0, estimator__max_depth=14, estimator__min_samples_split=18, estimator__n_estimators=36; total time=   0.0s
[CV] END estimator__criterion=squared_error, estimator__learning_rate=1.0, estimator__max_depth=14, estimator__min_samples_split=18, estimator__n_estimators=36; total time=   0.0s
[CV] END estimator__criterion=squared_error, estimator__learning_rate=1.0, estimator__max_depth=15, estimator__min_samples_split=16, estimator__n_estimators=20; total time=   0.0s
[CV] END estimator__criterion=squared_error, estimator__learning_rate=1.0, estimator__max_depth=15, estimator__min_samples_split=16, estimator__n_estimators=20; total time=   0.0s
[CV] END estimator__criterion=squared_error, estimator__learning_rate=1.0, estimator__max_depth=15, estimator__min_samples_split=16, estimator__n_estimators=20; total time=   0.0s
[CV] END estimator__criterion=squared_error, estimator__learning_rate=1.0, estimator__max_depth=15, estimator__min_samples_split=16, estimator__n_estimators=20; total time=   0.0s
[CV] END estimator__criterion=squared_error, estimator__learning_rate=1.0, estimator__max_depth=16, estimator__min_samples_split=10, estimator__n_estimators=68; total time=   0.0s
[CV] END estimator__criterion=squared_error, estimator__learning_rate=1.0, estimator__max_depth=16, estimator__min_samples_split=10, estimator__n_estimators=84; total time=   0.0s
[CV] END estimator__criterion=squared_error, estimator__learning_rate=1.0, estimator__max_depth=16, estimator__min_samples_split=10, estimator__n_estimators=84; total time=   0.0s
[CV] END estimator__criterion=squared_error, estimator__learning_rate=1.0, estimator__max_depth=16, estimator__min_samples_split=10, estimator__n_estimators=84; total time=   0.0s
[CV] END estimator__criterion=squared_error, estimator__learning_rate=1.0, estimator__max_depth=17, estimator__min_samples_split=16, estimator__n_estimators=52; total time=   0.0s
[CV] END estimator__criterion=squared_error, estimator__learning_rate=1.0, estimator__max_depth=17, estimator__min_samples_split=16, estimator__n_estimators=52; total time=   0.0s
[CV] END estimator__criterion=squared_error, estimator__learning_rate=1.0, estimator__max_depth=17, estimator__min_samples_split=16, estimator__n_estimators=52; total time=   0.0s
[CV] END estimator__criterion=squared_error, estimator__learning_rate=1.0, estimator__max_depth=17, estimator__min_samples_split=16, estimator__n_estimators=52; total time=   0.0s
[CV] END estimator__criterion=squared_error, estimator__learning_rate=1.0, estimator__max_depth=18, estimator__min_samples_split=16, estimator__n_estimators=68; total time=   0.0s
[CV] END estimator__criterion=squared_error, estimator__learning_rate=1.0, estimator__max_depth=18, estimator__min_samples_split=16, estimator__n_estimators=68; total time=   0.0s
[CV] END estimator__criterion=squared_error, estimator__learning_rate=1.0, estimator__max_depth=18, estimator__min_samples_split=16, estimator__n_estimators=84; total time=   0.0s
[CV] END estimator__criterion=squared_error, estimator__learning_rate=1.0, estimator__max_depth=18, estimator__min_samples_split=16, estimator__n_estimators=84; total time=   0.0s
[CV] END estimator__criterion=squared_error, estimator__learning_rate=0.1, estimator__max_depth=14, estimator__min_samples_split=16, estimator__n_estimators=36; total time=   0.0s
[CV] END estimator__criterion=squared_error, estimator__learning_rate=0.1, estimator__max_depth=14, estimator__min_samples_split=16, estimator__n_estimators=36; total time=   0.0s
[CV] END estimator__criterion=squared_error, estimator__learning_rate=0.1, estimator__max_depth=14, estimator__min_samples_split=16, estimator__n_estimators=36; total time=   0.0s
[CV] END estimator__criterion=squared_error, estimator__learning_rate=0.1, estimator__max_depth=14, estimator__min_samples_split=16, estimator__n_estimators=52; total time=   0.0s
[CV] END estimator__criterion=squared_error, estimator__learning_rate=0.1, estimator__max_depth=15, estimator__min_samples_split=14, estimator__n_estimators=68; total time=   0.0s
[CV] END estimator__criterion=squared_error, estimator__learning_rate=0.1, estimator__max_depth=15, estimator__min_samples_split=14, estimator__n_estimators=68; total time=   0.0s
[CV] END estimator__criterion=squared_error, estimator__learning_rate=0.1, estimator__max_depth=15, estimator__min_samples_split=14, estimator__n_estimators=68; total time=   0.0s
[CV] END estimator__criterion=squared_error, estimator__learning_rate=0.1, estimator__max_depth=15, estimator__min_samples_split=14, estimator__n_estimators=68; total time=   0.0s
[CV] END estimator__criterion=squared_error, estimator__learning_rate=0.1, estimator__max_depth=16, estimator__min_samples_split=16, estimator__n_estimators=68; total time=   0.0s
[CV] END estimator__criterion=squared_error, estimator__learning_rate=0.1, estimator__max_depth=16, estimator__min_samples_split=16, estimator__n_estimators=68; total time=   0.0s
[CV] END estimator__criterion=squared_error, estimator__learning_rate=0.1, estimator__max_depth=16, estimator__min_samples_split=16, estimator__n_estimators=68; total time=   0.0s
[CV] END estimator__criterion=squared_error, estimator__learning_rate=0.1, estimator__max_depth=16, estimator__min_samples_split=16, estimator__n_estimators=84; total time=   0.0s
[CV] END estimator__criterion=squared_error, estimator__learning_rate=0.1, estimator__max_depth=18, estimator__min_samples_split=10, estimator__n_estimators=52; total time=   0.0s
[CV] END estimator__criterion=squared_error, estimator__learning_rate=0.1, estimator__max_depth=18, estimator__min_samples_split=10, estimator__n_estimators=68; total time=   0.0s
[CV] END estimator__criterion=squared_error, estimator__learning_rate=0.1, estimator__max_depth=18, estimator__min_samples_split=10, estimator__n_estimators=68; total time=   0.0s
[CV] END estimator__criterion=squared_error, estimator__learning_rate=0.1, estimator__max_depth=18, estimator__min_samples_split=10, estimator__n_estimators=68; total time=   0.0s
[CV] END estimator__criterion=squared_error, estimator__learning_rate=1.0, estimator__max_depth=14, estimator__min_samples_split=12, estimator__n_estimators=84; total time=   0.0s
[CV] END estimator__criterion=squared_error, estimator__learning_rate=1.0, estimator__max_depth=14, estimator__min_samples_split=14, estimator__n_estimators=20; total time=   0.0s
[CV] END estimator__criterion=squared_error, estimator__learning_rate=1.0, estimator__max_depth=14, estimator__min_samples_split=14, estimator__n_estimators=20; total time=   0.0s
[CV] END estimator__criterion=squared_error, estimator__learning_rate=1.0, estimator__max_depth=14, estimator__min_samples_split=14, estimator__n_estimators=20; total time=   0.0s
[CV] END estimator__criterion=squared_error, estimator__learning_rate=1.0, estimator__max_depth=15, estimator__min_samples_split=10, estimator__n_estimators=84; total time=   0.0s
[CV] END estimator__criterion=squared_error, estimator__learning_rate=1.0, estimator__max_depth=15, estimator__min_samples_split=12, estimator__n_estimators=20; total time=   0.0s
[CV] END estimator__criterion=squared_error, estimator__learning_rate=1.0, estimator__max_depth=15, estimator__min_samples_split=12, estimator__n_estimators=20; total time=   0.0s
[CV] END estimator__criterion=squared_error, estimator__learning_rate=1.0, estimator__max_depth=15, estimator__min_samples_split=12, estimator__n_estimators=20; total time=   0.0s
[CV] END estimator__criterion=squared_error, estimator__learning_rate=1.0, estimator__max_depth=15, estimator__min_samples_split=18, estimator__n_estimators=84; total time=   0.0s
[CV] END estimator__criterion=squared_error, estimator__learning_rate=1.0, estimator__max_depth=15, estimator__min_samples_split=18, estimator__n_estimators=84; total time=   0.0s
[CV] END estimator__criterion=squared_error, estimator__learning_rate=1.0, estimator__max_depth=15, estimator__min_samples_split=18, estimator__n_estimators=84; total time=   0.0s
[CV] END estimator__criterion=squared_error, estimator__learning_rate=1.0, estimator__max_depth=15, estimator__min_samples_split=18, estimator__n_estimators=84; total time=   0.0s
[CV] END estimator__criterion=squared_error, estimator__learning_rate=1.0, estimator__max_depth=17, estimator__min_samples_split=16, estimator__n_estimators=36; total time=   0.0s
[CV] END estimator__criterion=squared_error, estimator__learning_rate=1.0, estimator__max_depth=17, estimator__min_samples_split=16, estimator__n_estimators=36; total time=   0.0s
[CV] END estimator__criterion=squared_error, estimator__learning_rate=1.0, estimator__max_depth=17, estimator__min_samples_split=16, estimator__n_estimators=36; total time=   0.0s
[CV] END estimator__criterion=squared_error, estimator__learning_rate=1.0, estimator__max_depth=17, estimator__min_samples_split=16, estimator__n_estimators=52; total time=   0.0s
[CV] END estimator__criterion=squared_error, estimator__learning_rate=1.0, estimator__max_depth=18, estimator__min_samples_split=14, estimator__n_estimators=68; total time=   0.0s
[CV] END estimator__criterion=squared_error, estimator__learning_rate=1.0, estimator__max_depth=18, estimator__min_samples_split=14, estimator__n_estimators=84; total time=   0.0s
[CV] END estimator__criterion=squared_error, estimator__learning_rate=1.0, estimator__max_depth=18, estimator__min_samples_split=14, estimator__n_estimators=84; total time=   0.0s
[CV] END estimator__criterion=squared_error, estimator__learning_rate=1.0, estimator__max_depth=18, estimator__min_samples_split=14, estimator__n_estimators=84; total time=   0.0s
[CV] END estimator__criterion=squared_error, estimator__learning_rate=0.1, estimator__max_depth=18, estimator__min_samples_split=16, estimator__n_estimators=20; total time=   0.0s
[CV] END estimator__criterion=squared_error, estimator__learning_rate=0.1, estimator__max_depth=18, estimator__min_samples_split=16, estimator__n_estimators=36; total time=   0.0s
[CV] END estimator__criterion=squared_error, estimator__learning_rate=0.1, estimator__max_depth=18, estimator__min_samples_split=16, estimator__n_estimators=36; total time=   0.0s
[CV] END estimator__criterion=squared_error, estimator__learning_rate=1.0, estimator__max_depth=14, estimator__min_samples_split=12, estimator__n_estimators=52; total time=   0.0s
[CV] END estimator__criterion=squared_error, estimator__learning_rate=1.0, estimator__max_depth=14, estimator__min_samples_split=12, estimator__n_estimators=52; total time=   0.0s
[CV] END estimator__criterion=squared_error, estimator__learning_rate=1.0, estimator__max_depth=14, estimator__min_samples_split=12, estimator__n_estimators=52; total time=   0.0s
[CV] END estimator__criterion=squared_error, estimator__learning_rate=1.0, estimator__max_depth=14, estimator__min_samples_split=12, estimator__n_estimators=68; total time=   0.0s
[CV] END estimator__criterion=squared_error, estimator__learning_rate=1.0, estimator__max_depth=15, estimator__min_samples_split=14, estimator__n_estimators=52; total time=   0.0s
[CV] END estimator__criterion=squared_error, estimator__learning_rate=1.0, estimator__max_depth=15, estimator__min_samples_split=14, estimator__n_estimators=52; total time=   0.0s
[CV] END estimator__criterion=squared_error, estimator__learning_rate=1.0, estimator__max_depth=15, estimator__min_samples_split=14, estimator__n_estimators=52; total time=   0.0s
[CV] END estimator__criterion=squared_error, estimator__learning_rate=1.0, estimator__max_depth=15, estimator__min_samples_split=14, estimator__n_estimators=52; total time=   0.0s
[CV] END estimator__criterion=squared_error, estimator__learning_rate=1.0, estimator__max_depth=16, estimator__min_samples_split=14, estimator__n_estimators=84; total time=   0.0s
[CV] END estimator__criterion=squared_error, estimator__learning_rate=1.0, estimator__max_depth=16, estimator__min_samples_split=14, estimator__n_estimators=84; total time=   0.0s
[CV] END estimator__criterion=squared_error, estimator__learning_rate=1.0, estimator__max_depth=16, estimator__min_samples_split=14, estimator__n_estimators=84; total time=   0.0s
[CV] END estimator__criterion=squared_error, estimator__learning_rate=1.0, estimator__max_depth=16, estimator__min_samples_split=14, estimator__n_estimators=84; total time=   0.0s
[CV] END estimator__criterion=squared_error, estimator__learning_rate=1.0, estimator__max_depth=18, estimator__min_samples_split=10, estimator__n_estimators=20; total time=   0.0s
[CV] END estimator__criterion=squared_error, estimator__learning_rate=1.0, estimator__max_depth=18, estimator__min_samples_split=10, estimator__n_estimators=20; total time=   0.0s
[CV] END estimator__criterion=squared_error, estimator__learning_rate=1.0, estimator__max_depth=18, estimator__min_samples_split=10, estimator__n_estimators=20; total time=   0.0s
[CV] END estimator__criterion=squared_error, estimator__learning_rate=1.0, estimator__max_depth=18, estimator__min_samples_split=10, estimator__n_estimators=20; total time=   0.0s
[CV] END estimator__criterion=squared_error, estimator__learning_rate=1.0, estimator__max_depth=18, estimator__min_samples_split=14, estimator__n_estimators=20; total time=   0.0s
[CV] END estimator__criterion=squared_error, estimator__learning_rate=1.0, estimator__max_depth=18, estimator__min_samples_split=14, estimator__n_estimators=20; total time=   0.0s
[CV] END estimator__criterion=squared_error, estimator__learning_rate=1.0, estimator__max_depth=18, estimator__min_samples_split=14, estimator__n_estimators=36; total time=   0.0s
[CV] END estimator__criterion=squared_error, estimator__learning_rate=1.0, estimator__max_depth=18, estimator__min_samples_split=14, estimator__n_estimators=36; total time=   0.0s
[CV] END estimator__criterion=squared_error, estimator__learning_rate=1.0, estimator__max_depth=18, estimator__min_samples_split=18, estimator__n_estimators=68; total time=   0.0s
[CV] END estimator__criterion=squared_error, estimator__learning_rate=1.0, estimator__max_depth=18, estimator__min_samples_split=18, estimator__n_estimators=68; total time=   0.0s
[CV] END estimator__criterion=squared_error, estimator__learning_rate=1.0, estimator__max_depth=18, estimator__min_samples_split=18, estimator__n_estimators=68; total time=   0.0s
[CV] END estimator__criterion=squared_error, estimator__learning_rate=1.0, estimator__max_depth=18, estimator__min_samples_split=18, estimator__n_estimators=84; total time=   0.0s
