W0429 05:58:45.287000 37020 site-packages\torch\utils\flop_counter.py:29] triton not found; flop counting will not work for triton kernels
[INFO] Loading original-dataset exact config | R:\config\paper_reimplementation\rcim_ml_compensation\original_dataset_exact_model_bank\campaigns\track1\exact_paper\forward_maxi_last_non_green_cells\lgbm\2026-04-29_track1_forward_lgbm_ampl_h162_maxi_last_non_green_cells\011_track1_forward_lgbm_ampl_h162_maxi_last_non_green_cells_attempt_11.yaml
[INFO] Building original-dataset exact bundle
[INFO] Original-dataset exact bundle ready | direction=forward rows=969 targets=1 families=1
[INFO] Family fit started | family=LGBM estimator=LGBMRegressor targets=1 threadpool_limit=1 joblib_cpu_limit=system_default os_cpu_count=32
[INFO] Family target scope | family=LGBM kinds=ampl harmonics=162 preview=fft_y_Fw_filtered_ampl_162
[INFO] Grid search configured | family=LGBM candidates=600 parameter_count=4 n_jobs=-1 verbose=2 pre_dispatch=2*n_jobs
W0429 05:59:31.578000 44124 site-packages\torch\utils\flop_counter.py:29] triton not found; flop counting will not work for triton kernels
W0429 05:59:31.587000 9368 site-packages\torch\utils\flop_counter.py:29] triton not found; flop counting will not work for triton kernels
W0429 05:59:31.670000 26172 site-packages\torch\utils\flop_counter.py:29] triton not found; flop counting will not work for triton kernels
W0429 05:59:31.786000 39256 site-packages\torch\utils\flop_counter.py:29] triton not found; flop counting will not work for triton kernels
W0429 05:59:31.877000 36340 site-packages\torch\utils\flop_counter.py:29] triton not found; flop counting will not work for triton kernels
W0429 05:59:31.891000 38020 site-packages\torch\utils\flop_counter.py:29] triton not found; flop counting will not work for triton kernels
W0429 05:59:31.907000 10668 site-packages\torch\utils\flop_counter.py:29] triton not found; flop counting will not work for triton kernels
W0429 05:59:32.011000 43872 site-packages\torch\utils\flop_counter.py:29] triton not found; flop counting will not work for triton kernels
W0429 05:59:32.110000 41796 site-packages\torch\utils\flop_counter.py:29] triton not found; flop counting will not work for triton kernels
W0429 05:59:32.130000 12380 site-packages\torch\utils\flop_counter.py:29] triton not found; flop counting will not work for triton kernels
W0429 05:59:32.214000 28424 site-packages\torch\utils\flop_counter.py:29] triton not found; flop counting will not work for triton kernels
W0429 05:59:32.242000 24660 site-packages\torch\utils\flop_counter.py:29] triton not found; flop counting will not work for triton kernels
W0429 05:59:32.378000 36988 site-packages\torch\utils\flop_counter.py:29] triton not found; flop counting will not work for triton kernels
W0429 05:59:32.420000 7852 site-packages\torch\utils\flop_counter.py:29] triton not found; flop counting will not work for triton kernels
W0429 05:59:32.570000 11540 site-packages\torch\utils\flop_counter.py:29] triton not found; flop counting will not work for triton kernels
W0429 05:59:32.606000 32412 site-packages\torch\utils\flop_counter.py:29] triton not found; flop counting will not work for triton kernels
W0429 05:59:32.682000 30812 site-packages\torch\utils\flop_counter.py:29] triton not found; flop counting will not work for triton kernels
W0429 05:59:32.826000 3764 site-packages\torch\utils\flop_counter.py:29] triton not found; flop counting will not work for triton kernels
W0429 05:59:32.902000 12988 site-packages\torch\utils\flop_counter.py:29] triton not found; flop counting will not work for triton kernels
W0429 05:59:32.998000 44040 site-packages\torch\utils\flop_counter.py:29] triton not found; flop counting will not work for triton kernels
W0429 05:59:33.028000 42028 site-packages\torch\utils\flop_counter.py:29] triton not found; flop counting will not work for triton kernels
W0429 05:59:33.028000 28484 site-packages\torch\utils\flop_counter.py:29] triton not found; flop counting will not work for triton kernels
W0429 05:59:33.032000 33900 site-packages\torch\utils\flop_counter.py:29] triton not found; flop counting will not work for triton kernels
W0429 05:59:33.037000 8548 site-packages\torch\utils\flop_counter.py:29] triton not found; flop counting will not work for triton kernels
W0429 05:59:33.040000 20416 site-packages\torch\utils\flop_counter.py:29] triton not found; flop counting will not work for triton kernels
W0429 05:59:33.041000 468 site-packages\torch\utils\flop_counter.py:29] triton not found; flop counting will not work for triton kernels
W0429 05:59:33.045000 28668 site-packages\torch\utils\flop_counter.py:29] triton not found; flop counting will not work for triton kernels
W0429 05:59:33.046000 9680 site-packages\torch\utils\flop_counter.py:29] triton not found; flop counting will not work for triton kernels
W0429 05:59:33.054000 41216 site-packages\torch\utils\flop_counter.py:29] triton not found; flop counting will not work for triton kernels
W0429 05:59:33.055000 16772 site-packages\torch\utils\flop_counter.py:29] triton not found; flop counting will not work for triton kernels
W0429 05:59:33.056000 14852 site-packages\torch\utils\flop_counter.py:29] triton not found; flop counting will not work for triton kernels
W0429 05:59:33.056000 36644 site-packages\torch\utils\flop_counter.py:29] triton not found; flop counting will not work for triton kernels
[CV] END estimator__learning_rate=0.01, estimator__max_depth=10, estimator__num_leaves=2, estimator__subsample=0.001; total time=   4.2s
[CV] END estimator__learning_rate=0.01, estimator__max_depth=10, estimator__num_leaves=4, estimator__subsample=0.2; total time=   0.0s
[CV] END estimator__learning_rate=0.01, estimator__max_depth=10, estimator__num_leaves=6, estimator__subsample=0.01; total time=   0.2s
[CV] END estimator__learning_rate=0.01, estimator__max_depth=10, estimator__num_leaves=6, estimator__subsample=0.2; total time=   0.2s
[CV] END estimator__learning_rate=0.01, estimator__max_depth=10, estimator__num_leaves=8, estimator__subsample=0.2; total time=   0.4s
[CV] END estimator__learning_rate=0.01, estimator__max_depth=10, estimator__num_leaves=10, estimator__subsample=0.1; total time=   1.0s
[CV] END estimator__learning_rate=0.01, estimator__max_depth=11, estimator__num_leaves=2, estimator__subsample=0.01; total time=   0.1s
[CV] END estimator__learning_rate=0.01, estimator__max_depth=11, estimator__num_leaves=2, estimator__subsample=0.1; total time=   0.1s
[CV] END estimator__learning_rate=0.01, estimator__max_depth=11, estimator__num_leaves=4, estimator__subsample=0.01; total time=   0.2s
[CV] END estimator__learning_rate=0.01, estimator__max_depth=11, estimator__num_leaves=4, estimator__subsample=0.2; total time=   0.3s
[CV] END estimator__learning_rate=0.01, estimator__max_depth=11, estimator__num_leaves=8, estimator__subsample=0.001; total time=   0.7s
[CV] END estimator__learning_rate=0.01, estimator__max_depth=11, estimator__num_leaves=10, estimator__subsample=0.2; total time=   0.7s
[CV] END estimator__learning_rate=0.01, estimator__max_depth=12, estimator__num_leaves=2, estimator__subsample=0.2; total time=   0.1s
[CV] END estimator__learning_rate=0.01, estimator__max_depth=12, estimator__num_leaves=4, estimator__subsample=0.01; total time=   0.2s
[CV] END estimator__learning_rate=0.01, estimator__max_depth=12, estimator__num_leaves=4, estimator__subsample=0.2; total time=   0.2s
[CV] END estimator__learning_rate=0.01, estimator__max_depth=12, estimator__num_leaves=6, estimator__subsample=0.2; total time=   0.4s
[CV] END estimator__learning_rate=0.01, estimator__max_depth=12, estimator__num_leaves=10, estimator__subsample=0.01; total time=   0.7s
[CV] END estimator__learning_rate=0.01, estimator__max_depth=13, estimator__num_leaves=2, estimator__subsample=0.001; total time=   0.0s
[CV] END estimator__learning_rate=0.01, estimator__max_depth=13, estimator__num_leaves=2, estimator__subsample=0.001; total time=   0.1s
[CV] END estimator__learning_rate=0.01, estimator__max_depth=13, estimator__num_leaves=2, estimator__subsample=0.1; total time=   0.1s
[CV] END estimator__learning_rate=0.01, estimator__max_depth=13, estimator__num_leaves=4, estimator__subsample=0.001; total time=   0.2s
[CV] END estimator__learning_rate=0.01, estimator__max_depth=13, estimator__num_leaves=4, estimator__subsample=0.2; total time=   0.3s
[CV] END estimator__learning_rate=0.01, estimator__max_depth=13, estimator__num_leaves=6, estimator__subsample=0.1; total time=   0.4s
[CV] END estimator__learning_rate=0.01, estimator__max_depth=13, estimator__num_leaves=10, estimator__subsample=0.01; total time=   0.7s
[CV] END estimator__learning_rate=0.01, estimator__max_depth=13, estimator__num_leaves=31, estimator__subsample=0.1; total time=   1.4s
[CV] END estimator__learning_rate=0.01, estimator__max_depth=14, estimator__num_leaves=8, estimator__subsample=0.01; total time=   0.6s
[CV] END estimator__learning_rate=0.01, estimator__max_depth=14, estimator__num_leaves=31, estimator__subsample=0.001; total time=   1.3s
[CV] END estimator__learning_rate=0.2, estimator__max_depth=10, estimator__num_leaves=6, estimator__subsample=0.001; total time=   0.4s
[CV] END estimator__learning_rate=0.2, estimator__max_depth=10, estimator__num_leaves=8, estimator__subsample=0.2; total time=   0.6s
[CV] END estimator__learning_rate=0.2, estimator__max_depth=10, estimator__num_leaves=31, estimator__subsample=0.01; total time=   1.4s
[CV] END estimator__learning_rate=0.2, estimator__max_depth=11, estimator__num_leaves=6, estimator__subsample=0.2; total time=   0.4s
[CV] END estimator__learning_rate=0.2, estimator__max_depth=11, estimator__num_leaves=10, estimator__subsample=0.1; total time=   0.7s
[CV] END estimator__learning_rate=0.2, estimator__max_depth=12, estimator__num_leaves=2, estimator__subsample=0.001; total time=   0.0s
[CV] END estimator__learning_rate=0.2, estimator__max_depth=12, estimator__num_leaves=2, estimator__subsample=0.01; total time=   0.1s
[CV] END estimator__learning_rate=0.2, estimator__max_depth=12, estimator__num_leaves=2, estimator__subsample=0.1; total time=   0.1s
[CV] END estimator__learning_rate=0.2, estimator__max_depth=12, estimator__num_leaves=4, estimator__subsample=0.01; total time=   0.2s
[CV] END estimator__learning_rate=0.2, estimator__max_depth=12, estimator__num_leaves=4, estimator__subsample=0.2; total time=   0.2s
[CV] END estimator__learning_rate=0.2, estimator__max_depth=12, estimator__num_leaves=6, estimator__subsample=0.1; total time=   0.4s
[CV] END estimator__learning_rate=0.2, estimator__max_depth=12, estimator__num_leaves=10, estimator__subsample=0.001; total time=   0.8s
[CV] END estimator__learning_rate=0.2, estimator__max_depth=12, estimator__num_leaves=31, estimator__subsample=0.2; total time=   1.6s
[CV] END estimator__learning_rate=0.2, estimator__max_depth=13, estimator__num_leaves=8, estimator__subsample=0.2; total time=   0.6s
[CV] END estimator__learning_rate=0.2, estimator__max_depth=13, estimator__num_leaves=31, estimator__subsample=0.01; total time=   1.5s
[CV] END estimator__learning_rate=0.2, estimator__max_depth=14, estimator__num_leaves=8, estimator__subsample=0.001; total time=   0.6s
[CV] END estimator__learning_rate=0.2, estimator__max_depth=14, estimator__num_leaves=10, estimator__subsample=0.1; total time=   0.8s
[CV] END estimator__learning_rate=0.39, estimator__max_depth=10, estimator__num_leaves=2, estimator__subsample=0.01; total time=   0.1s
[CV] END estimator__learning_rate=0.39, estimator__max_depth=10, estimator__num_leaves=4, estimator__subsample=0.001; total time=   0.2s
[CV] END estimator__learning_rate=0.39, estimator__max_depth=10, estimator__num_leaves=4, estimator__subsample=0.1; total time=   0.2s
[CV] END estimator__learning_rate=0.39, estimator__max_depth=10, estimator__num_leaves=6, estimator__subsample=0.001; total time=   0.4s
[CV] END estimator__learning_rate=0.39, estimator__max_depth=10, estimator__num_leaves=8, estimator__subsample=0.1; total time=   0.6s
[CV] END estimator__learning_rate=0.39, estimator__max_depth=10, estimator__num_leaves=31, estimator__subsample=0.01; total time=   1.4s
[CV] END estimator__learning_rate=0.39, estimator__max_depth=11, estimator__num_leaves=6, estimator__subsample=0.2; total time=   0.4s
[CV] END estimator__learning_rate=0.39, estimator__max_depth=11, estimator__num_leaves=10, estimator__subsample=0.01; total time=   0.8s
[CV] END estimator__learning_rate=0.39, estimator__max_depth=12, estimator__num_leaves=2, estimator__subsample=0.001; total time=   0.0s
[CV] END estimator__learning_rate=0.39, estimator__max_depth=12, estimator__num_leaves=2, estimator__subsample=0.01; total time=   0.1s
[CV] END estimator__learning_rate=0.39, estimator__max_depth=12, estimator__num_leaves=2, estimator__subsample=0.1; total time=   0.1s
[CV] END estimator__learning_rate=0.39, estimator__max_depth=12, estimator__num_leaves=4, estimator__subsample=0.01; total time=   0.2s
[CV] END estimator__learning_rate=0.39, estimator__max_depth=12, estimator__num_leaves=4, estimator__subsample=0.2; total time=   0.2s
[CV] END estimator__learning_rate=0.39, estimator__max_depth=12, estimator__num_leaves=6, estimator__subsample=0.1; total time=   0.4s
[CV] END estimator__learning_rate=0.39, estimator__max_depth=12, estimator__num_leaves=10, estimator__subsample=0.001; total time=   0.7s
[CV] END estimator__learning_rate=0.39, estimator__max_depth=12, estimator__num_leaves=31, estimator__subsample=0.2; total time=   1.5s[CV] END estimator__learning_rate=0.01, estimator__max_depth=10, estimator__num_leaves=2, estimator__subsample=0.2; total time=   4.4s
[CV] END estimator__learning_rate=0.01, estimator__max_depth=10, estimator__num_leaves=10, estimator__subsample=0.2; total time=   1.0s
[CV] END estimator__learning_rate=0.01, estimator__max_depth=11, estimator__num_leaves=2, estimator__subsample=0.2; total time=   0.1s
[CV] END estimator__learning_rate=0.01, estimator__max_depth=11, estimator__num_leaves=4, estimator__subsample=0.01; total time=   0.2s
[CV] END estimator__learning_rate=0.01, estimator__max_depth=11, estimator__num_leaves=4, estimator__subsample=0.2; total time=   0.3s
[CV] END estimator__learning_rate=0.01, estimator__max_depth=11, estimator__num_leaves=8, estimator__subsample=0.001; total time=   0.6s
[CV] END estimator__learning_rate=0.01, estimator__max_depth=11, estimator__num_leaves=10, estimator__subsample=0.1; total time=   0.7s
[CV] END estimator__learning_rate=0.01, estimator__max_depth=12, estimator__num_leaves=2, estimator__subsample=0.1; total time=   0.1s
[CV] END estimator__learning_rate=0.01, estimator__max_depth=12, estimator__num_leaves=2, estimator__subsample=0.2; total time=   0.1s
[CV] END estimator__learning_rate=0.01, estimator__max_depth=12, estimator__num_leaves=4, estimator__subsample=0.1; total time=   0.2s
[CV] END estimator__learning_rate=0.01, estimator__max_depth=12, estimator__num_leaves=6, estimator__subsample=0.001; total time=   0.4s
[CV] END estimator__learning_rate=0.01, estimator__max_depth=12, estimator__num_leaves=8, estimator__subsample=0.01; total time=   0.6s
[CV] END estimator__learning_rate=0.01, estimator__max_depth=12, estimator__num_leaves=10, estimator__subsample=0.2; total time=   0.7s
[CV] END estimator__learning_rate=0.01, estimator__max_depth=13, estimator__num_leaves=2, estimator__subsample=0.2; total time=   0.1s
[CV] END estimator__learning_rate=0.01, estimator__max_depth=13, estimator__num_leaves=4, estimator__subsample=0.1; total time=   0.2s
[CV] END estimator__learning_rate=0.01, estimator__max_depth=13, estimator__num_leaves=6, estimator__subsample=0.001; total time=   0.4s
[CV] END estimator__learning_rate=0.01, estimator__max_depth=13, estimator__num_leaves=8, estimator__subsample=0.01; total time=   0.6s
[CV] END estimator__learning_rate=0.01, estimator__max_depth=13, estimator__num_leaves=10, estimator__subsample=0.2; total time=   0.7s
[CV] END estimator__learning_rate=0.01, estimator__max_depth=14, estimator__num_leaves=2, estimator__subsample=0.2; total time=   0.1s
[CV] END estimator__learning_rate=0.01, estimator__max_depth=14, estimator__num_leaves=4, estimator__subsample=0.01; total time=   0.2s
[CV] END estimator__learning_rate=0.01, estimator__max_depth=14, estimator__num_leaves=6, estimator__subsample=0.001; total time=   0.4s
[CV] END estimator__learning_rate=0.01, estimator__max_depth=14, estimator__num_leaves=8, estimator__subsample=0.01; total time=   0.6s
[CV] END estimator__learning_rate=0.01, estimator__max_depth=14, estimator__num_leaves=10, estimator__subsample=0.2; total time=   0.7s
[CV] END estimator__learning_rate=0.2, estimator__max_depth=10, estimator__num_leaves=2, estimator__subsample=0.2; total time=   0.1s
[CV] END estimator__learning_rate=0.2, estimator__max_depth=10, estimator__num_leaves=4, estimator__subsample=0.01; total time=   0.2s
[CV] END estimator__learning_rate=0.2, estimator__max_depth=10, estimator__num_leaves=6, estimator__subsample=0.001; total time=   0.4s
[CV] END estimator__learning_rate=0.2, estimator__max_depth=10, estimator__num_leaves=8, estimator__subsample=0.01; total time=   0.6s
[CV] END estimator__learning_rate=0.2, estimator__max_depth=10, estimator__num_leaves=10, estimator__subsample=0.2; total time=   0.8s
[CV] END estimator__learning_rate=0.2, estimator__max_depth=11, estimator__num_leaves=2, estimator__subsample=0.2; total time=   0.1s
[CV] END estimator__learning_rate=0.2, estimator__max_depth=11, estimator__num_leaves=4, estimator__subsample=0.01; total time=   0.2s
[CV] END estimator__learning_rate=0.2, estimator__max_depth=11, estimator__num_leaves=6, estimator__subsample=0.001; total time=   0.4s
[CV] END estimator__learning_rate=0.2, estimator__max_depth=11, estimator__num_leaves=8, estimator__subsample=0.01; total time=   0.6s
[CV] END estimator__learning_rate=0.2, estimator__max_depth=11, estimator__num_leaves=10, estimator__subsample=0.2; total time=   0.8s
[CV] END estimator__learning_rate=0.2, estimator__max_depth=12, estimator__num_leaves=2, estimator__subsample=0.2; total time=   0.1s
[CV] END estimator__learning_rate=0.2, estimator__max_depth=12, estimator__num_leaves=4, estimator__subsample=0.01; total time=   0.2s
[CV] END estimator__learning_rate=0.2, estimator__max_depth=12, estimator__num_leaves=6, estimator__subsample=0.001; total time=   0.4s
[CV] END estimator__learning_rate=0.2, estimator__max_depth=12, estimator__num_leaves=8, estimator__subsample=0.01; total time=   0.6s
[CV] END estimator__learning_rate=0.2, estimator__max_depth=12, estimator__num_leaves=10, estimator__subsample=0.2; total time=   0.8s
[CV] END estimator__learning_rate=0.2, estimator__max_depth=13, estimator__num_leaves=2, estimator__subsample=0.2; total time=   0.1s
[CV] END estimator__learning_rate=0.2, estimator__max_depth=13, estimator__num_leaves=4, estimator__subsample=0.01; total time=   0.3s
[CV] END estimator__learning_rate=0.2, estimator__max_depth=13, estimator__num_leaves=6, estimator__subsample=0.001; total time=   0.4s
[CV] END estimator__learning_rate=0.2, estimator__max_depth=13, estimator__num_leaves=8, estimator__subsample=0.01; total time=   0.6s
[CV] END estimator__learning_rate=0.2, estimator__max_depth=13, estimator__num_leaves=10, estimator__subsample=0.2; total time=   0.8s
[CV] END estimator__learning_rate=0.2, estimator__max_depth=14, estimator__num_leaves=2, estimator__subsample=0.2; total time=   0.1s
[CV] END estimator__learning_rate=0.2, estimator__max_depth=14, estimator__num_leaves=4, estimator__subsample=0.1; total time=   0.2s
[CV] END estimator__learning_rate=0.2, estimator__max_depth=14, estimator__num_leaves=6, estimator__subsample=0.001; total time=   0.4s
[CV] END estimator__learning_rate=0.2, estimator__max_depth=14, estimator__num_leaves=8, estimator__subsample=0.01; total time=   0.6s
[CV] END estimator__learning_rate=0.2, estimator__max_depth=14, estimator__num_leaves=10, estimator__subsample=0.2; total time=   0.8s
[CV] END estimator__learning_rate=0.39, estimator__max_depth=10, estimator__num_leaves=2, estimator__subsample=0.2; total time=   0.1s
[CV] END estimator__learning_rate=0.39, estimator__max_depth=10, estimator__num_leaves=4, estimator__subsample=0.01; total time=   0.2s
[CV] END estimator__learning_rate=0.39, estimator__max_depth=10, estimator__num_leaves=4, estimator__subsample=0.2; total time=   0.2s
[CV] END estimator__learning_rate=0.39, estimator__max_depth=10, estimator__num_leaves=6, estimator__subsample=0.1; total time=   0.4s
[CV] END estimator__learning_rate=0.39, estimator__max_depth=10, estimator__num_leaves=10, estimator__subsample=0.001; total time=   0.8s
[CV] END estimator__learning_rate=0.39, estimator__max_depth=10, estimator__num_leaves=31, estimator__subsample=0.1; total time=   1.4s
[CV] END estimator__learning_rate=0.39, estimator__max_depth=11, estimator__num_leaves=8, estimator__subsample=0.01; total time=   0.6s
[CV] END estimator__learning_rate=0.39, estimator__max_depth=11, estimator__num_leaves=31, estimator__subsample=0.001; total time=   1.4s
[CV] END estimator__learning_rate=0.39, estimator__max_depth=12, estimator__num_leaves=6, estimator__subsample=0.01; total time=   0.4s
[CV] END estimator__learning_rate=0.39, estimator__max_depth=12, estimator__num_leaves=8, estimator__subsample=0.2; total time=   0.6s
[CV] END estimator__learning_rate=0.39, estimator__max_depth=12, estimator__num_leaves=31, estimator__subsample=0.1; total time=   1.5s
[CV] END estimator__learning_rate=0.39, estimator__max_depth=13, estimator__num_leaves=8, estimator__subsample=0.001; total time=   0.6s
[CV] END estimator__learning_rate=0.39, estimator__max_depth=13, estimator__num_leaves=10, estimator__subsample=0.1; total time=   0.8s[CV] END estimator__learning_rate=0.01, estimator__max_depth=10, estimator__num_leaves=2, estimator__subsample=0.01; total time=   4.4s
[CV] END estimator__learning_rate=0.01, estimator__max_depth=10, estimator__num_leaves=4, estimator__subsample=0.1; total time=   0.0s
[CV] END estimator__learning_rate=0.01, estimator__max_depth=10, estimator__num_leaves=6, estimator__subsample=0.001; total time=   0.2s
[CV] END estimator__learning_rate=0.01, estimator__max_depth=10, estimator__num_leaves=6, estimator__subsample=0.2; total time=   0.2s
[CV] END estimator__learning_rate=0.01, estimator__max_depth=10, estimator__num_leaves=8, estimator__subsample=0.1; total time=   0.3s
[CV] END estimator__learning_rate=0.01, estimator__max_depth=10, estimator__num_leaves=10, estimator__subsample=0.01; total time=   1.0s
[CV] END estimator__learning_rate=0.01, estimator__max_depth=11, estimator__num_leaves=2, estimator__subsample=0.001; total time=   0.1s
[CV] END estimator__learning_rate=0.01, estimator__max_depth=11, estimator__num_leaves=2, estimator__subsample=0.01; total time=   0.1s
[CV] END estimator__learning_rate=0.01, estimator__max_depth=11, estimator__num_leaves=2, estimator__subsample=0.2; total time=   0.1s
[CV] END estimator__learning_rate=0.01, estimator__max_depth=11, estimator__num_leaves=4, estimator__subsample=0.1; total time=   0.2s
[CV] END estimator__learning_rate=0.01, estimator__max_depth=11, estimator__num_leaves=6, estimator__subsample=0.001; total time=   0.4s
[CV] END estimator__learning_rate=0.01, estimator__max_depth=11, estimator__num_leaves=8, estimator__subsample=0.01; total time=   0.5s
[CV] END estimator__learning_rate=0.01, estimator__max_depth=11, estimator__num_leaves=10, estimator__subsample=0.2; total time=   0.7s
[CV] END estimator__learning_rate=0.01, estimator__max_depth=12, estimator__num_leaves=4, estimator__subsample=0.001; total time=   0.2s
[CV] END estimator__learning_rate=0.01, estimator__max_depth=12, estimator__num_leaves=4, estimator__subsample=0.1; total time=   0.2s
[CV] END estimator__learning_rate=0.01, estimator__max_depth=12, estimator__num_leaves=6, estimator__subsample=0.01; total time=   0.4s
[CV] END estimator__learning_rate=0.01, estimator__max_depth=12, estimator__num_leaves=8, estimator__subsample=0.2; total time=   0.6s
[CV] END estimator__learning_rate=0.01, estimator__max_depth=12, estimator__num_leaves=31, estimator__subsample=0.1; total time=   1.4s
[CV] END estimator__learning_rate=0.01, estimator__max_depth=13, estimator__num_leaves=6, estimator__subsample=0.2; total time=   0.4s
[CV] END estimator__learning_rate=0.01, estimator__max_depth=13, estimator__num_leaves=10, estimator__subsample=0.1; total time=   0.7s
[CV] END estimator__learning_rate=0.01, estimator__max_depth=14, estimator__num_leaves=2, estimator__subsample=0.001; total time=   0.0s
[CV] END estimator__learning_rate=0.01, estimator__max_depth=14, estimator__num_leaves=2, estimator__subsample=0.001; total time=   0.1s
[CV] END estimator__learning_rate=0.01, estimator__max_depth=14, estimator__num_leaves=2, estimator__subsample=0.1; total time=   0.1s
[CV] END estimator__learning_rate=0.01, estimator__max_depth=14, estimator__num_leaves=4, estimator__subsample=0.01; total time=   0.2s
[CV] END estimator__learning_rate=0.01, estimator__max_depth=14, estimator__num_leaves=4, estimator__subsample=0.2; total time=   0.2s
[CV] END estimator__learning_rate=0.01, estimator__max_depth=14, estimator__num_leaves=6, estimator__subsample=0.1; total time=   0.4s
[CV] END estimator__learning_rate=0.01, estimator__max_depth=14, estimator__num_leaves=10, estimator__subsample=0.001; total time=   0.7s
[CV] END estimator__learning_rate=0.01, estimator__max_depth=14, estimator__num_leaves=31, estimator__subsample=0.2; total time=   1.4s
[CV] END estimator__learning_rate=0.2, estimator__max_depth=10, estimator__num_leaves=8, estimator__subsample=0.01; total time=   0.6s
[CV] END estimator__learning_rate=0.2, estimator__max_depth=10, estimator__num_leaves=31, estimator__subsample=0.001; total time=   1.4s
[CV] END estimator__learning_rate=0.2, estimator__max_depth=11, estimator__num_leaves=6, estimator__subsample=0.01; total time=   0.4s
[CV] END estimator__learning_rate=0.2, estimator__max_depth=11, estimator__num_leaves=10, estimator__subsample=0.001; total time=   0.7s
[CV] END estimator__learning_rate=0.2, estimator__max_depth=11, estimator__num_leaves=31, estimator__subsample=0.1; total time=   1.5s
[CV] END estimator__learning_rate=0.2, estimator__max_depth=12, estimator__num_leaves=8, estimator__subsample=0.1; total time=   0.6s
[CV] END estimator__learning_rate=0.2, estimator__max_depth=12, estimator__num_leaves=31, estimator__subsample=0.001; total time=   1.5s
[CV] END estimator__learning_rate=0.2, estimator__max_depth=13, estimator__num_leaves=6, estimator__subsample=0.2; total time=   0.4s
[CV] END estimator__learning_rate=0.2, estimator__max_depth=13, estimator__num_leaves=10, estimator__subsample=0.01; total time=   0.7s
[CV] END estimator__learning_rate=0.2, estimator__max_depth=14, estimator__num_leaves=2, estimator__subsample=0.001; total time=   0.0s
[CV] END estimator__learning_rate=0.2, estimator__max_depth=14, estimator__num_leaves=2, estimator__subsample=0.01; total time=   0.1s
[CV] END estimator__learning_rate=0.2, estimator__max_depth=14, estimator__num_leaves=2, estimator__subsample=0.2; total time=   0.1s
[CV] END estimator__learning_rate=0.2, estimator__max_depth=14, estimator__num_leaves=4, estimator__subsample=0.01; total time=   0.2s
[CV] END estimator__learning_rate=0.2, estimator__max_depth=14, estimator__num_leaves=4, estimator__subsample=0.2; total time=   0.2s
[CV] END estimator__learning_rate=0.2, estimator__max_depth=14, estimator__num_leaves=6, estimator__subsample=0.1; total time=   0.4s
[CV] END estimator__learning_rate=0.2, estimator__max_depth=14, estimator__num_leaves=10, estimator__subsample=0.001; total time=   0.7s
[CV] END estimator__learning_rate=0.2, estimator__max_depth=14, estimator__num_leaves=31, estimator__subsample=0.1; total time=   1.5s
[CV] END estimator__learning_rate=0.39, estimator__max_depth=10, estimator__num_leaves=8, estimator__subsample=0.01; total time=   0.6s
[CV] END estimator__learning_rate=0.39, estimator__max_depth=10, estimator__num_leaves=31, estimator__subsample=0.001; total time=   1.4s
[CV] END estimator__learning_rate=0.39, estimator__max_depth=11, estimator__num_leaves=6, estimator__subsample=0.01; total time=   0.4s
[CV] END estimator__learning_rate=0.39, estimator__max_depth=11, estimator__num_leaves=8, estimator__subsample=0.2; total time=   0.6s
[CV] END estimator__learning_rate=0.39, estimator__max_depth=11, estimator__num_leaves=31, estimator__subsample=0.1; total time=   1.4s
[CV] END estimator__learning_rate=0.39, estimator__max_depth=12, estimator__num_leaves=8, estimator__subsample=0.001; total time=   0.6s
[CV] END estimator__learning_rate=0.39, estimator__max_depth=12, estimator__num_leaves=10, estimator__subsample=0.1; total time=   0.8s
[CV] END estimator__learning_rate=0.39, estimator__max_depth=13, estimator__num_leaves=2, estimator__subsample=0.01; total time=   0.1s
[CV] END estimator__learning_rate=0.39, estimator__max_depth=13, estimator__num_leaves=2, estimator__subsample=0.2; total time=   0.1s
[CV] END estimator__learning_rate=0.39, estimator__max_depth=13, estimator__num_leaves=4, estimator__subsample=0.1; total time=   0.2s
[CV] END estimator__learning_rate=0.39, estimator__max_depth=13, estimator__num_leaves=6, estimator__subsample=0.001; total time=   0.4s
[CV] END estimator__learning_rate=0.39, estimator__max_depth=13, estimator__num_leaves=8, estimator__subsample=0.01; total time=   0.6s
[CV] END estimator__learning_rate=0.39, estimator__max_depth=13, estimator__num_leaves=10, estimator__subsample=0.2; total time=   0.8s
[CV] END estimator__learning_rate=0.39, estimator__max_depth=14, estimator__num_leaves=2, estimator__subsample=0.1; total time=   0.1s
[CV] END estimator__learning_rate=0.39, estimator__max_depth=14, estimator__num_leaves=4, estimator__subsample=0.01; total time=   0.2s[CV] END estimator__learning_rate=0.01, estimator__max_depth=10, estimator__num_leaves=2, estimator__subsample=0.1; total time=   4.2s
[CV] END estimator__learning_rate=0.01, estimator__max_depth=10, estimator__num_leaves=4, estimator__subsample=0.2; total time=   0.0s
[CV] END estimator__learning_rate=0.01, estimator__max_depth=10, estimator__num_leaves=6, estimator__subsample=0.001; total time=   0.2s
[CV] END estimator__learning_rate=0.01, estimator__max_depth=10, estimator__num_leaves=6, estimator__subsample=0.2; total time=   0.2s
[CV] END estimator__learning_rate=0.01, estimator__max_depth=10, estimator__num_leaves=8, estimator__subsample=0.1; total time=   0.4s
[CV] END estimator__learning_rate=0.01, estimator__max_depth=10, estimator__num_leaves=10, estimator__subsample=0.1; total time=   0.9s
[CV] END estimator__learning_rate=0.01, estimator__max_depth=11, estimator__num_leaves=2, estimator__subsample=0.001; total time=   0.1s
[CV] END estimator__learning_rate=0.01, estimator__max_depth=11, estimator__num_leaves=2, estimator__subsample=0.1; total time=   0.1s
[CV] END estimator__learning_rate=0.01, estimator__max_depth=11, estimator__num_leaves=4, estimator__subsample=0.001; total time=   0.2s
[CV] END estimator__learning_rate=0.01, estimator__max_depth=11, estimator__num_leaves=4, estimator__subsample=0.1; total time=   0.3s
[CV] END estimator__learning_rate=0.01, estimator__max_depth=11, estimator__num_leaves=6, estimator__subsample=0.1; total time=   0.4s
[CV] END estimator__learning_rate=0.01, estimator__max_depth=11, estimator__num_leaves=10, estimator__subsample=0.001; total time=   0.7s
[CV] END estimator__learning_rate=0.01, estimator__max_depth=11, estimator__num_leaves=31, estimator__subsample=0.2; total time=   1.4s
[CV] END estimator__learning_rate=0.01, estimator__max_depth=12, estimator__num_leaves=8, estimator__subsample=0.1; total time=   0.6s
[CV] END estimator__learning_rate=0.01, estimator__max_depth=12, estimator__num_leaves=31, estimator__subsample=0.001; total time=   1.4s
[CV] END estimator__learning_rate=0.01, estimator__max_depth=13, estimator__num_leaves=6, estimator__subsample=0.01; total time=   0.4s
[CV] END estimator__learning_rate=0.01, estimator__max_depth=13, estimator__num_leaves=8, estimator__subsample=0.2; total time=   0.6s
[CV] END estimator__learning_rate=0.01, estimator__max_depth=13, estimator__num_leaves=31, estimator__subsample=0.01; total time=   1.4s
[CV] END estimator__learning_rate=0.01, estimator__max_depth=14, estimator__num_leaves=8, estimator__subsample=0.001; total time=   0.6s
[CV] END estimator__learning_rate=0.01, estimator__max_depth=14, estimator__num_leaves=10, estimator__subsample=0.1; total time=   0.7s
[CV] END estimator__learning_rate=0.2, estimator__max_depth=10, estimator__num_leaves=2, estimator__subsample=0.01; total time=   0.1s
[CV] END estimator__learning_rate=0.2, estimator__max_depth=10, estimator__num_leaves=2, estimator__subsample=0.2; total time=   0.1s
[CV] END estimator__learning_rate=0.2, estimator__max_depth=10, estimator__num_leaves=4, estimator__subsample=0.1; total time=   0.2s
[CV] END estimator__learning_rate=0.2, estimator__max_depth=10, estimator__num_leaves=6, estimator__subsample=0.001; total time=   0.4s
[CV] END estimator__learning_rate=0.2, estimator__max_depth=10, estimator__num_leaves=8, estimator__subsample=0.01; total time=   0.6s
[CV] END estimator__learning_rate=0.2, estimator__max_depth=10, estimator__num_leaves=10, estimator__subsample=0.2; total time=   0.8s
[CV] END estimator__learning_rate=0.2, estimator__max_depth=11, estimator__num_leaves=2, estimator__subsample=0.2; total time=   0.1s
[CV] END estimator__learning_rate=0.2, estimator__max_depth=11, estimator__num_leaves=4, estimator__subsample=0.1; total time=   0.2s
[CV] END estimator__learning_rate=0.2, estimator__max_depth=11, estimator__num_leaves=6, estimator__subsample=0.001; total time=   0.4s
[CV] END estimator__learning_rate=0.2, estimator__max_depth=11, estimator__num_leaves=8, estimator__subsample=0.01; total time=   0.6s
[CV] END estimator__learning_rate=0.2, estimator__max_depth=11, estimator__num_leaves=10, estimator__subsample=0.2; total time=   0.8s
[CV] END estimator__learning_rate=0.2, estimator__max_depth=12, estimator__num_leaves=2, estimator__subsample=0.2; total time=   0.1s
[CV] END estimator__learning_rate=0.2, estimator__max_depth=12, estimator__num_leaves=4, estimator__subsample=0.1; total time=   0.2s
[CV] END estimator__learning_rate=0.2, estimator__max_depth=12, estimator__num_leaves=6, estimator__subsample=0.001; total time=   0.4s
[CV] END estimator__learning_rate=0.2, estimator__max_depth=12, estimator__num_leaves=8, estimator__subsample=0.01; total time=   0.6s
[CV] END estimator__learning_rate=0.2, estimator__max_depth=12, estimator__num_leaves=10, estimator__subsample=0.2; total time=   0.8s
[CV] END estimator__learning_rate=0.2, estimator__max_depth=13, estimator__num_leaves=2, estimator__subsample=0.2; total time=   0.1s
[CV] END estimator__learning_rate=0.2, estimator__max_depth=13, estimator__num_leaves=4, estimator__subsample=0.01; total time=   0.2s
[CV] END estimator__learning_rate=0.2, estimator__max_depth=13, estimator__num_leaves=4, estimator__subsample=0.2; total time=   0.3s
[CV] END estimator__learning_rate=0.2, estimator__max_depth=13, estimator__num_leaves=6, estimator__subsample=0.2; total time=   0.4s
[CV] END estimator__learning_rate=0.2, estimator__max_depth=13, estimator__num_leaves=10, estimator__subsample=0.01; total time=   0.7s
[CV] END estimator__learning_rate=0.2, estimator__max_depth=13, estimator__num_leaves=31, estimator__subsample=0.2; total time=   1.5s
[CV] END estimator__learning_rate=0.2, estimator__max_depth=14, estimator__num_leaves=8, estimator__subsample=0.2; total time=   0.6s
[CV] END estimator__learning_rate=0.2, estimator__max_depth=14, estimator__num_leaves=31, estimator__subsample=0.01; total time=   1.5s
[CV] END estimator__learning_rate=0.39, estimator__max_depth=10, estimator__num_leaves=6, estimator__subsample=0.2; total time=   0.4s
[CV] END estimator__learning_rate=0.39, estimator__max_depth=10, estimator__num_leaves=10, estimator__subsample=0.1; total time=   0.7s
[CV] END estimator__learning_rate=0.39, estimator__max_depth=11, estimator__num_leaves=2, estimator__subsample=0.001; total time=   0.0s
[CV] END estimator__learning_rate=0.39, estimator__max_depth=11, estimator__num_leaves=2, estimator__subsample=0.001; total time=   0.1s
[CV] END estimator__learning_rate=0.39, estimator__max_depth=11, estimator__num_leaves=2, estimator__subsample=0.2; total time=   0.1s
[CV] END estimator__learning_rate=0.39, estimator__max_depth=11, estimator__num_leaves=4, estimator__subsample=0.01; total time=   0.2s
[CV] END estimator__learning_rate=0.39, estimator__max_depth=11, estimator__num_leaves=6, estimator__subsample=0.001; total time=   0.4s
[CV] END estimator__learning_rate=0.39, estimator__max_depth=11, estimator__num_leaves=8, estimator__subsample=0.001; total time=   0.6s
[CV] END estimator__learning_rate=0.39, estimator__max_depth=11, estimator__num_leaves=10, estimator__subsample=0.2; total time=   0.8s
[CV] END estimator__learning_rate=0.39, estimator__max_depth=12, estimator__num_leaves=2, estimator__subsample=0.2; total time=   0.1s
[CV] END estimator__learning_rate=0.39, estimator__max_depth=12, estimator__num_leaves=4, estimator__subsample=0.01; total time=   0.2s
[CV] END estimator__learning_rate=0.39, estimator__max_depth=12, estimator__num_leaves=4, estimator__subsample=0.2; total time=   0.2s
[CV] END estimator__learning_rate=0.39, estimator__max_depth=12, estimator__num_leaves=6, estimator__subsample=0.1; total time=   0.4s
[CV] END estimator__learning_rate=0.39, estimator__max_depth=12, estimator__num_leaves=10, estimator__subsample=0.001; total time=   0.7s
[CV] END estimator__learning_rate=0.39, estimator__max_depth=12, estimator__num_leaves=31, estimator__subsample=0.1; total time=   1.5s
[CV] END estimator__learning_rate=0.39, estimator__max_depth=13, estimator__num_leaves=8, estimator__subsample=0.1; total time=   0.6s
[CV] END estimator__learning_rate=0.39, estimator__max_depth=13, estimator__num_leaves=31, estimator__subsample=0.001; total time=   1.5s[CV] END estimator__learning_rate=0.01, estimator__max_depth=10, estimator__num_leaves=2, estimator__subsample=0.001; total time=   4.5s
[CV] END estimator__learning_rate=0.01, estimator__max_depth=10, estimator__num_leaves=4, estimator__subsample=0.2; total time=   0.0s
[CV] END estimator__learning_rate=0.01, estimator__max_depth=10, estimator__num_leaves=6, estimator__subsample=0.001; total time=   0.2s
[CV] END estimator__learning_rate=0.01, estimator__max_depth=10, estimator__num_leaves=6, estimator__subsample=0.2; total time=   0.2s
[CV] END estimator__learning_rate=0.01, estimator__max_depth=10, estimator__num_leaves=8, estimator__subsample=0.1; total time=   0.5s
[CV] END estimator__learning_rate=0.01, estimator__max_depth=10, estimator__num_leaves=10, estimator__subsample=0.1; total time=   0.9s
[CV] END estimator__learning_rate=0.01, estimator__max_depth=11, estimator__num_leaves=2, estimator__subsample=0.01; total time=   0.1s
[CV] END estimator__learning_rate=0.01, estimator__max_depth=11, estimator__num_leaves=2, estimator__subsample=0.2; total time=   0.1s
[CV] END estimator__learning_rate=0.01, estimator__max_depth=11, estimator__num_leaves=4, estimator__subsample=0.1; total time=   0.2s
[CV] END estimator__learning_rate=0.01, estimator__max_depth=11, estimator__num_leaves=6, estimator__subsample=0.001; total time=   0.4s
[CV] END estimator__learning_rate=0.01, estimator__max_depth=11, estimator__num_leaves=8, estimator__subsample=0.01; total time=   0.6s
[CV] END estimator__learning_rate=0.01, estimator__max_depth=11, estimator__num_leaves=10, estimator__subsample=0.2; total time=   0.8s
[CV] END estimator__learning_rate=0.01, estimator__max_depth=12, estimator__num_leaves=4, estimator__subsample=0.001; total time=   0.2s
[CV] END estimator__learning_rate=0.01, estimator__max_depth=12, estimator__num_leaves=4, estimator__subsample=0.1; total time=   0.2s
[CV] END estimator__learning_rate=0.01, estimator__max_depth=12, estimator__num_leaves=6, estimator__subsample=0.01; total time=   0.4s
[CV] END estimator__learning_rate=0.01, estimator__max_depth=12, estimator__num_leaves=8, estimator__subsample=0.2; total time=   0.5s
[CV] END estimator__learning_rate=0.01, estimator__max_depth=12, estimator__num_leaves=31, estimator__subsample=0.01; total time=   1.4s
[CV] END estimator__learning_rate=0.01, estimator__max_depth=13, estimator__num_leaves=6, estimator__subsample=0.2; total time=   0.4s
[CV] END estimator__learning_rate=0.01, estimator__max_depth=13, estimator__num_leaves=10, estimator__subsample=0.1; total time=   0.7s
[CV] END estimator__learning_rate=0.01, estimator__max_depth=14, estimator__num_leaves=2, estimator__subsample=0.001; total time=   0.0s
[CV] END estimator__learning_rate=0.01, estimator__max_depth=14, estimator__num_leaves=2, estimator__subsample=0.01; total time=   0.1s
[CV] END estimator__learning_rate=0.01, estimator__max_depth=14, estimator__num_leaves=2, estimator__subsample=0.2; total time=   0.1s
[CV] END estimator__learning_rate=0.01, estimator__max_depth=14, estimator__num_leaves=4, estimator__subsample=0.01; total time=   0.2s
[CV] END estimator__learning_rate=0.01, estimator__max_depth=14, estimator__num_leaves=6, estimator__subsample=0.001; total time=   0.4s
[CV] END estimator__learning_rate=0.01, estimator__max_depth=14, estimator__num_leaves=8, estimator__subsample=0.001; total time=   0.6s
[CV] END estimator__learning_rate=0.01, estimator__max_depth=14, estimator__num_leaves=10, estimator__subsample=0.2; total time=   0.7s
[CV] END estimator__learning_rate=0.2, estimator__max_depth=10, estimator__num_leaves=2, estimator__subsample=0.1; total time=   0.1s
[CV] END estimator__learning_rate=0.2, estimator__max_depth=10, estimator__num_leaves=4, estimator__subsample=0.001; total time=   0.2s
[CV] END estimator__learning_rate=0.2, estimator__max_depth=10, estimator__num_leaves=4, estimator__subsample=0.2; total time=   0.2s
[CV] END estimator__learning_rate=0.2, estimator__max_depth=10, estimator__num_leaves=6, estimator__subsample=0.1; total time=   0.5s
[CV] END estimator__learning_rate=0.2, estimator__max_depth=10, estimator__num_leaves=10, estimator__subsample=0.1; total time=   0.7s
[CV] END estimator__learning_rate=0.2, estimator__max_depth=11, estimator__num_leaves=2, estimator__subsample=0.001; total time=   0.0s
[CV] END estimator__learning_rate=0.2, estimator__max_depth=11, estimator__num_leaves=2, estimator__subsample=0.01; total time=   0.1s
[CV] END estimator__learning_rate=0.2, estimator__max_depth=11, estimator__num_leaves=2, estimator__subsample=0.2; total time=   0.1s
[CV] END estimator__learning_rate=0.2, estimator__max_depth=11, estimator__num_leaves=4, estimator__subsample=0.01; total time=   0.2s
[CV] END estimator__learning_rate=0.2, estimator__max_depth=11, estimator__num_leaves=6, estimator__subsample=0.001; total time=   0.4s
[CV] END estimator__learning_rate=0.2, estimator__max_depth=11, estimator__num_leaves=8, estimator__subsample=0.001; total time=   0.6s
[CV] END estimator__learning_rate=0.2, estimator__max_depth=11, estimator__num_leaves=10, estimator__subsample=0.2; total time=   0.8s
[CV] END estimator__learning_rate=0.2, estimator__max_depth=12, estimator__num_leaves=2, estimator__subsample=0.1; total time=   0.1s
[CV] END estimator__learning_rate=0.2, estimator__max_depth=12, estimator__num_leaves=4, estimator__subsample=0.01; total time=   0.2s
[CV] END estimator__learning_rate=0.2, estimator__max_depth=12, estimator__num_leaves=4, estimator__subsample=0.2; total time=   0.2s
[CV] END estimator__learning_rate=0.2, estimator__max_depth=12, estimator__num_leaves=6, estimator__subsample=0.01; total time=   0.4s
[CV] END estimator__learning_rate=0.2, estimator__max_depth=12, estimator__num_leaves=10, estimator__subsample=0.001; total time=   0.8s
[CV] END estimator__learning_rate=0.2, estimator__max_depth=12, estimator__num_leaves=31, estimator__subsample=0.1; total time=   1.5s
[CV] END estimator__learning_rate=0.2, estimator__max_depth=13, estimator__num_leaves=8, estimator__subsample=0.01; total time=   0.6s
[CV] END estimator__learning_rate=0.2, estimator__max_depth=13, estimator__num_leaves=31, estimator__subsample=0.001; total time=   1.5s
[CV] END estimator__learning_rate=0.2, estimator__max_depth=14, estimator__num_leaves=6, estimator__subsample=0.1; total time=   0.4s
[CV] END estimator__learning_rate=0.2, estimator__max_depth=14, estimator__num_leaves=10, estimator__subsample=0.001; total time=   0.7s
[CV] END estimator__learning_rate=0.2, estimator__max_depth=14, estimator__num_leaves=31, estimator__subsample=0.2; total time=   1.5s
[CV] END estimator__learning_rate=0.39, estimator__max_depth=10, estimator__num_leaves=8, estimator__subsample=0.1; total time=   0.6s
[CV] END estimator__learning_rate=0.39, estimator__max_depth=10, estimator__num_leaves=31, estimator__subsample=0.001; total time=   1.4s
[CV] END estimator__learning_rate=0.39, estimator__max_depth=11, estimator__num_leaves=6, estimator__subsample=0.1; total time=   0.4s
[CV] END estimator__learning_rate=0.39, estimator__max_depth=11, estimator__num_leaves=10, estimator__subsample=0.001; total time=   0.8s
[CV] END estimator__learning_rate=0.39, estimator__max_depth=11, estimator__num_leaves=31, estimator__subsample=0.1; total time=   1.5s
[CV] END estimator__learning_rate=0.39, estimator__max_depth=12, estimator__num_leaves=8, estimator__subsample=0.1; total time=   0.6s
[CV] END estimator__learning_rate=0.39, estimator__max_depth=12, estimator__num_leaves=31, estimator__subsample=0.001; total time=   1.5s
[CV] END estimator__learning_rate=0.39, estimator__max_depth=13, estimator__num_leaves=6, estimator__subsample=0.1; total time=   0.4s
[CV] END estimator__learning_rate=0.39, estimator__max_depth=13, estimator__num_leaves=10, estimator__subsample=0.01; total time=   0.7s
[CV] END estimator__learning_rate=0.39, estimator__max_depth=13, estimator__num_leaves=31, estimator__subsample=0.2; total time=   1.5s
[CV] END estimator__learning_rate=0.39, estimator__max_depth=14, estimator__num_leaves=8, estimator__subsample=0.1; total time=   0.6s[CV] END estimator__learning_rate=0.01, estimator__max_depth=10, estimator__num_leaves=2, estimator__subsample=0.1; total time=   4.1s
[CV] END estimator__learning_rate=0.01, estimator__max_depth=10, estimator__num_leaves=6, estimator__subsample=0.1; total time=   0.2s
[CV] END estimator__learning_rate=0.01, estimator__max_depth=10, estimator__num_leaves=8, estimator__subsample=0.01; total time=   0.3s
[CV] END estimator__learning_rate=0.01, estimator__max_depth=10, estimator__num_leaves=10, estimator__subsample=0.001; total time=   1.0s
[CV] END estimator__learning_rate=0.01, estimator__max_depth=10, estimator__num_leaves=31, estimator__subsample=0.2; total time=   1.4s
[CV] END estimator__learning_rate=0.01, estimator__max_depth=11, estimator__num_leaves=8, estimator__subsample=0.1; total time=   0.5s
[CV] END estimator__learning_rate=0.01, estimator__max_depth=11, estimator__num_leaves=31, estimator__subsample=0.001; total time=   1.4s
[CV] END estimator__learning_rate=0.01, estimator__max_depth=12, estimator__num_leaves=6, estimator__subsample=0.2; total time=   0.4s
[CV] END estimator__learning_rate=0.01, estimator__max_depth=12, estimator__num_leaves=10, estimator__subsample=0.01; total time=   0.7s
[CV] END estimator__learning_rate=0.01, estimator__max_depth=13, estimator__num_leaves=2, estimator__subsample=0.001; total time=   0.0s
[CV] END estimator__learning_rate=0.01, estimator__max_depth=13, estimator__num_leaves=2, estimator__subsample=0.01; total time=   0.1s
[CV] END estimator__learning_rate=0.01, estimator__max_depth=13, estimator__num_leaves=2, estimator__subsample=0.2; total time=   0.1s
[CV] END estimator__learning_rate=0.01, estimator__max_depth=13, estimator__num_leaves=4, estimator__subsample=0.01; total time=   0.2s
[CV] END estimator__learning_rate=0.01, estimator__max_depth=13, estimator__num_leaves=4, estimator__subsample=0.2; total time=   0.3s
[CV] END estimator__learning_rate=0.01, estimator__max_depth=13, estimator__num_leaves=8, estimator__subsample=0.001; total time=   0.6s
[CV] END estimator__learning_rate=0.01, estimator__max_depth=13, estimator__num_leaves=10, estimator__subsample=0.1; total time=   0.7s
[CV] END estimator__learning_rate=0.01, estimator__max_depth=14, estimator__num_leaves=2, estimator__subsample=0.01; total time=   0.1s
[CV] END estimator__learning_rate=0.01, estimator__max_depth=14, estimator__num_leaves=4, estimator__subsample=0.001; total time=   0.2s
[CV] END estimator__learning_rate=0.01, estimator__max_depth=14, estimator__num_leaves=4, estimator__subsample=0.1; total time=   0.2s
[CV] END estimator__learning_rate=0.01, estimator__max_depth=14, estimator__num_leaves=6, estimator__subsample=0.01; total time=   0.4s
[CV] END estimator__learning_rate=0.01, estimator__max_depth=14, estimator__num_leaves=8, estimator__subsample=0.2; total time=   0.6s
[CV] END estimator__learning_rate=0.01, estimator__max_depth=14, estimator__num_leaves=31, estimator__subsample=0.1; total time=   1.4s
[CV] END estimator__learning_rate=0.2, estimator__max_depth=10, estimator__num_leaves=8, estimator__subsample=0.001; total time=   0.6s
[CV] END estimator__learning_rate=0.2, estimator__max_depth=10, estimator__num_leaves=10, estimator__subsample=0.1; total time=   0.8s
[CV] END estimator__learning_rate=0.2, estimator__max_depth=11, estimator__num_leaves=2, estimator__subsample=0.01; total time=   0.1s
[CV] END estimator__learning_rate=0.2, estimator__max_depth=11, estimator__num_leaves=4, estimator__subsample=0.001; total time=   0.2s
[CV] END estimator__learning_rate=0.2, estimator__max_depth=11, estimator__num_leaves=4, estimator__subsample=0.1; total time=   0.2s
[CV] END estimator__learning_rate=0.2, estimator__max_depth=11, estimator__num_leaves=6, estimator__subsample=0.001; total time=   0.4s
[CV] END estimator__learning_rate=0.2, estimator__max_depth=11, estimator__num_leaves=8, estimator__subsample=0.2; total time=   0.6s
[CV] END estimator__learning_rate=0.2, estimator__max_depth=11, estimator__num_leaves=31, estimator__subsample=0.01; total time=   1.5s
[CV] END estimator__learning_rate=0.2, estimator__max_depth=12, estimator__num_leaves=8, estimator__subsample=0.001; total time=   0.6s
[CV] END estimator__learning_rate=0.2, estimator__max_depth=12, estimator__num_leaves=10, estimator__subsample=0.2; total time=   0.8s
[CV] END estimator__learning_rate=0.2, estimator__max_depth=13, estimator__num_leaves=2, estimator__subsample=0.1; total time=   0.1s
[CV] END estimator__learning_rate=0.2, estimator__max_depth=13, estimator__num_leaves=4, estimator__subsample=0.001; total time=   0.2s
[CV] END estimator__learning_rate=0.2, estimator__max_depth=13, estimator__num_leaves=4, estimator__subsample=0.2; total time=   0.2s
[CV] END estimator__learning_rate=0.2, estimator__max_depth=13, estimator__num_leaves=6, estimator__subsample=0.01; total time=   0.4s
[CV] END estimator__learning_rate=0.2, estimator__max_depth=13, estimator__num_leaves=8, estimator__subsample=0.2; total time=   0.6s
[CV] END estimator__learning_rate=0.2, estimator__max_depth=13, estimator__num_leaves=31, estimator__subsample=0.1; total time=   1.5s
[CV] END estimator__learning_rate=0.2, estimator__max_depth=14, estimator__num_leaves=8, estimator__subsample=0.001; total time=   0.6s
[CV] END estimator__learning_rate=0.2, estimator__max_depth=14, estimator__num_leaves=10, estimator__subsample=0.1; total time=   0.8s
[CV] END estimator__learning_rate=0.39, estimator__max_depth=10, estimator__num_leaves=2, estimator__subsample=0.01; total time=   0.1s
[CV] END estimator__learning_rate=0.39, estimator__max_depth=10, estimator__num_leaves=4, estimator__subsample=0.001; total time=   0.2s
[CV] END estimator__learning_rate=0.39, estimator__max_depth=10, estimator__num_leaves=4, estimator__subsample=0.1; total time=   0.2s
[CV] END estimator__learning_rate=0.39, estimator__max_depth=10, estimator__num_leaves=6, estimator__subsample=0.01; total time=   0.4s
[CV] END estimator__learning_rate=0.39, estimator__max_depth=10, estimator__num_leaves=8, estimator__subsample=0.1; total time=   0.6s
[CV] END estimator__learning_rate=0.39, estimator__max_depth=10, estimator__num_leaves=31, estimator__subsample=0.01; total time=   1.4s
[CV] END estimator__learning_rate=0.39, estimator__max_depth=11, estimator__num_leaves=6, estimator__subsample=0.2; total time=   0.4s
[CV] END estimator__learning_rate=0.39, estimator__max_depth=11, estimator__num_leaves=10, estimator__subsample=0.001; total time=   0.8s
[CV] END estimator__learning_rate=0.39, estimator__max_depth=11, estimator__num_leaves=31, estimator__subsample=0.2; total time=   1.5s
[CV] END estimator__learning_rate=0.39, estimator__max_depth=12, estimator__num_leaves=8, estimator__subsample=0.2; total time=   0.6s
[CV] END estimator__learning_rate=0.39, estimator__max_depth=12, estimator__num_leaves=31, estimator__subsample=0.01; total time=   1.5s
[CV] END estimator__learning_rate=0.39, estimator__max_depth=13, estimator__num_leaves=6, estimator__subsample=0.2; total time=   0.4s
[CV] END estimator__learning_rate=0.39, estimator__max_depth=13, estimator__num_leaves=10, estimator__subsample=0.1; total time=   0.7s
[CV] END estimator__learning_rate=0.39, estimator__max_depth=14, estimator__num_leaves=2, estimator__subsample=0.001; total time=   0.0s
[CV] END estimator__learning_rate=0.39, estimator__max_depth=14, estimator__num_leaves=2, estimator__subsample=0.01; total time=   0.1s
[CV] END estimator__learning_rate=0.39, estimator__max_depth=14, estimator__num_leaves=2, estimator__subsample=0.2; total time=   0.1s
[CV] END estimator__learning_rate=0.39, estimator__max_depth=14, estimator__num_leaves=4, estimator__subsample=0.01; total time=   0.2s
[CV] END estimator__learning_rate=0.39, estimator__max_depth=14, estimator__num_leaves=4, estimator__subsample=0.2; total time=   0.2s
[CV] END estimator__learning_rate=0.39, estimator__max_depth=14, estimator__num_leaves=6, estimator__subsample=0.1; total time=   0.4s
[CV] END estimator__learning_rate=0.39, estimator__max_depth=14, estimator__num_leaves=10, estimator__subsample=0.001; total time=   0.8s[CV] END estimator__learning_rate=0.01, estimator__max_depth=10, estimator__num_leaves=4, estimator__subsample=0.001; total time=   4.4s
[CV] END estimator__learning_rate=0.01, estimator__max_depth=10, estimator__num_leaves=10, estimator__subsample=0.1; total time=   1.0s
[CV] END estimator__learning_rate=0.01, estimator__max_depth=11, estimator__num_leaves=2, estimator__subsample=0.001; total time=   0.1s
[CV] END estimator__learning_rate=0.01, estimator__max_depth=11, estimator__num_leaves=2, estimator__subsample=0.1; total time=   0.1s
[CV] END estimator__learning_rate=0.01, estimator__max_depth=11, estimator__num_leaves=4, estimator__subsample=0.01; total time=   0.2s
[CV] END estimator__learning_rate=0.01, estimator__max_depth=11, estimator__num_leaves=4, estimator__subsample=0.2; total time=   0.3s
[CV] END estimator__learning_rate=0.01, estimator__max_depth=11, estimator__num_leaves=8, estimator__subsample=0.001; total time=   0.5s
[CV] END estimator__learning_rate=0.01, estimator__max_depth=11, estimator__num_leaves=10, estimator__subsample=0.1; total time=   0.8s
[CV] END estimator__learning_rate=0.01, estimator__max_depth=12, estimator__num_leaves=2, estimator__subsample=0.01; total time=   0.1s
[CV] END estimator__learning_rate=0.01, estimator__max_depth=12, estimator__num_leaves=2, estimator__subsample=0.2; total time=   0.1s
[CV] END estimator__learning_rate=0.01, estimator__max_depth=12, estimator__num_leaves=4, estimator__subsample=0.1; total time=   0.2s
[CV] END estimator__learning_rate=0.01, estimator__max_depth=12, estimator__num_leaves=6, estimator__subsample=0.001; total time=   0.4s
[CV] END estimator__learning_rate=0.01, estimator__max_depth=12, estimator__num_leaves=8, estimator__subsample=0.01; total time=   0.6s
[CV] END estimator__learning_rate=0.01, estimator__max_depth=12, estimator__num_leaves=10, estimator__subsample=0.2; total time=   0.7s
[CV] END estimator__learning_rate=0.01, estimator__max_depth=13, estimator__num_leaves=2, estimator__subsample=0.2; total time=   0.1s
[CV] END estimator__learning_rate=0.01, estimator__max_depth=13, estimator__num_leaves=4, estimator__subsample=0.01; total time=   0.2s
[CV] END estimator__learning_rate=0.01, estimator__max_depth=13, estimator__num_leaves=4, estimator__subsample=0.2; total time=   0.3s
[CV] END estimator__learning_rate=0.01, estimator__max_depth=13, estimator__num_leaves=6, estimator__subsample=0.2; total time=   0.4s
[CV] END estimator__learning_rate=0.01, estimator__max_depth=13, estimator__num_leaves=10, estimator__subsample=0.01; total time=   0.7s
[CV] END estimator__learning_rate=0.01, estimator__max_depth=14, estimator__num_leaves=2, estimator__subsample=0.001; total time=   0.0s
[CV] END estimator__learning_rate=0.01, estimator__max_depth=14, estimator__num_leaves=2, estimator__subsample=0.01; total time=   0.1s
[CV] END estimator__learning_rate=0.01, estimator__max_depth=14, estimator__num_leaves=2, estimator__subsample=0.1; total time=   0.1s
[CV] END estimator__learning_rate=0.01, estimator__max_depth=14, estimator__num_leaves=4, estimator__subsample=0.01; total time=   0.2s
[CV] END estimator__learning_rate=0.01, estimator__max_depth=14, estimator__num_leaves=4, estimator__subsample=0.2; total time=   0.2s
[CV] END estimator__learning_rate=0.01, estimator__max_depth=14, estimator__num_leaves=6, estimator__subsample=0.2; total time=   0.4s
[CV] END estimator__learning_rate=0.01, estimator__max_depth=14, estimator__num_leaves=10, estimator__subsample=0.01; total time=   0.7s
[CV] END estimator__learning_rate=0.01, estimator__max_depth=14, estimator__num_leaves=31, estimator__subsample=0.2; total time=   1.4s
[CV] END estimator__learning_rate=0.2, estimator__max_depth=10, estimator__num_leaves=8, estimator__subsample=0.1; total time=   0.6s
[CV] END estimator__learning_rate=0.2, estimator__max_depth=10, estimator__num_leaves=31, estimator__subsample=0.001; total time=   1.5s
[CV] END estimator__learning_rate=0.2, estimator__max_depth=11, estimator__num_leaves=6, estimator__subsample=0.1; total time=   0.4s
[CV] END estimator__learning_rate=0.2, estimator__max_depth=11, estimator__num_leaves=10, estimator__subsample=0.01; total time=   0.8s
[CV] END estimator__learning_rate=0.2, estimator__max_depth=11, estimator__num_leaves=31, estimator__subsample=0.2; total time=   1.5s
[CV] END estimator__learning_rate=0.2, estimator__max_depth=12, estimator__num_leaves=8, estimator__subsample=0.1; total time=   0.6s
[CV] END estimator__learning_rate=0.2, estimator__max_depth=12, estimator__num_leaves=31, estimator__subsample=0.01; total time=   1.5s
[CV] END estimator__learning_rate=0.2, estimator__max_depth=13, estimator__num_leaves=6, estimator__subsample=0.2; total time=   0.4s
[CV] END estimator__learning_rate=0.2, estimator__max_depth=13, estimator__num_leaves=10, estimator__subsample=0.01; total time=   0.7s
[CV] END estimator__learning_rate=0.2, estimator__max_depth=14, estimator__num_leaves=2, estimator__subsample=0.001; total time=   0.0s
[CV] END estimator__learning_rate=0.2, estimator__max_depth=14, estimator__num_leaves=2, estimator__subsample=0.01; total time=   0.1s
[CV] END estimator__learning_rate=0.2, estimator__max_depth=14, estimator__num_leaves=2, estimator__subsample=0.1; total time=   0.1s
[CV] END estimator__learning_rate=0.2, estimator__max_depth=14, estimator__num_leaves=4, estimator__subsample=0.01; total time=   0.2s
[CV] END estimator__learning_rate=0.2, estimator__max_depth=14, estimator__num_leaves=4, estimator__subsample=0.2; total time=   0.2s
[CV] END estimator__learning_rate=0.2, estimator__max_depth=14, estimator__num_leaves=6, estimator__subsample=0.1; total time=   0.4s
[CV] END estimator__learning_rate=0.2, estimator__max_depth=14, estimator__num_leaves=10, estimator__subsample=0.001; total time=   0.8s
[CV] END estimator__learning_rate=0.2, estimator__max_depth=14, estimator__num_leaves=31, estimator__subsample=0.2; total time=   1.5s
[CV] END estimator__learning_rate=0.39, estimator__max_depth=10, estimator__num_leaves=8, estimator__subsample=0.1; total time=   0.6s
[CV] END estimator__learning_rate=0.39, estimator__max_depth=10, estimator__num_leaves=31, estimator__subsample=0.001; total time=   1.5s
[CV] END estimator__learning_rate=0.39, estimator__max_depth=11, estimator__num_leaves=6, estimator__subsample=0.2; total time=   0.4s
[CV] END estimator__learning_rate=0.39, estimator__max_depth=11, estimator__num_leaves=10, estimator__subsample=0.01; total time=   0.8s
[CV] END estimator__learning_rate=0.39, estimator__max_depth=12, estimator__num_leaves=2, estimator__subsample=0.001; total time=   0.1s
[CV] END estimator__learning_rate=0.39, estimator__max_depth=12, estimator__num_leaves=2, estimator__subsample=0.01; total time=   0.1s
[CV] END estimator__learning_rate=0.39, estimator__max_depth=12, estimator__num_leaves=2, estimator__subsample=0.2; total time=   0.1s
[CV] END estimator__learning_rate=0.39, estimator__max_depth=12, estimator__num_leaves=4, estimator__subsample=0.01; total time=   0.2s
[CV] END estimator__learning_rate=0.39, estimator__max_depth=12, estimator__num_leaves=4, estimator__subsample=0.2; total time=   0.2s
[CV] END estimator__learning_rate=0.39, estimator__max_depth=12, estimator__num_leaves=6, estimator__subsample=0.1; total time=   0.4s
[CV] END estimator__learning_rate=0.39, estimator__max_depth=12, estimator__num_leaves=10, estimator__subsample=0.001; total time=   0.7s
[CV] END estimator__learning_rate=0.39, estimator__max_depth=12, estimator__num_leaves=31, estimator__subsample=0.2; total time=   1.5s
[CV] END estimator__learning_rate=0.39, estimator__max_depth=13, estimator__num_leaves=8, estimator__subsample=0.01; total time=   0.6s
[CV] END estimator__learning_rate=0.39, estimator__max_depth=13, estimator__num_leaves=31, estimator__subsample=0.001; total time=   1.5s
[CV] END estimator__learning_rate=0.39, estimator__max_depth=14, estimator__num_leaves=6, estimator__subsample=0.1; total time=   0.4s
[CV] END estimator__learning_rate=0.39, estimator__max_depth=14, estimator__num_leaves=10, estimator__subsample=0.001; total time=   0.8s[CV] END estimator__learning_rate=0.01, estimator__max_depth=10, estimator__num_leaves=2, estimator__subsample=0.1; total time=   4.2s
[CV] END estimator__learning_rate=0.01, estimator__max_depth=10, estimator__num_leaves=6, estimator__subsample=0.01; total time=   0.2s
[CV] END estimator__learning_rate=0.01, estimator__max_depth=10, estimator__num_leaves=8, estimator__subsample=0.001; total time=   0.3s
[CV] END estimator__learning_rate=0.01, estimator__max_depth=10, estimator__num_leaves=8, estimator__subsample=0.2; total time=   0.8s
[CV] END estimator__learning_rate=0.01, estimator__max_depth=10, estimator__num_leaves=31, estimator__subsample=0.1; total time=   1.4s
[CV] END estimator__learning_rate=0.01, estimator__max_depth=11, estimator__num_leaves=8, estimator__subsample=0.001; total time=   0.6s
[CV] END estimator__learning_rate=0.01, estimator__max_depth=11, estimator__num_leaves=10, estimator__subsample=0.1; total time=   0.7s
[CV] END estimator__learning_rate=0.01, estimator__max_depth=12, estimator__num_leaves=2, estimator__subsample=0.01; total time=   0.1s
[CV] END estimator__learning_rate=0.01, estimator__max_depth=12, estimator__num_leaves=2, estimator__subsample=0.2; total time=   0.1s
[CV] END estimator__learning_rate=0.01, estimator__max_depth=12, estimator__num_leaves=4, estimator__subsample=0.01; total time=   0.2s
[CV] END estimator__learning_rate=0.01, estimator__max_depth=12, estimator__num_leaves=6, estimator__subsample=0.001; total time=   0.4s
[CV] END estimator__learning_rate=0.01, estimator__max_depth=12, estimator__num_leaves=8, estimator__subsample=0.01; total time=   0.6s
[CV] END estimator__learning_rate=0.01, estimator__max_depth=12, estimator__num_leaves=10, estimator__subsample=0.2; total time=   0.7s
[CV] END estimator__learning_rate=0.01, estimator__max_depth=13, estimator__num_leaves=2, estimator__subsample=0.2; total time=   0.1s
[CV] END estimator__learning_rate=0.01, estimator__max_depth=13, estimator__num_leaves=4, estimator__subsample=0.01; total time=   0.2s
[CV] END estimator__learning_rate=0.01, estimator__max_depth=13, estimator__num_leaves=6, estimator__subsample=0.001; total time=   0.4s
[CV] END estimator__learning_rate=0.01, estimator__max_depth=13, estimator__num_leaves=8, estimator__subsample=0.001; total time=   0.6s
[CV] END estimator__learning_rate=0.01, estimator__max_depth=13, estimator__num_leaves=10, estimator__subsample=0.2; total time=   0.7s
[CV] END estimator__learning_rate=0.01, estimator__max_depth=14, estimator__num_leaves=2, estimator__subsample=0.1; total time=   0.1s
[CV] END estimator__learning_rate=0.01, estimator__max_depth=14, estimator__num_leaves=4, estimator__subsample=0.001; total time=   0.2s
[CV] END estimator__learning_rate=0.01, estimator__max_depth=14, estimator__num_leaves=4, estimator__subsample=0.2; total time=   0.2s
[CV] END estimator__learning_rate=0.01, estimator__max_depth=14, estimator__num_leaves=6, estimator__subsample=0.1; total time=   0.4s
[CV] END estimator__learning_rate=0.01, estimator__max_depth=14, estimator__num_leaves=10, estimator__subsample=0.001; total time=   0.7s
[CV] END estimator__learning_rate=0.01, estimator__max_depth=14, estimator__num_leaves=31, estimator__subsample=0.1; total time=   1.5s
[CV] END estimator__learning_rate=0.2, estimator__max_depth=10, estimator__num_leaves=8, estimator__subsample=0.1; total time=   0.6s
[CV] END estimator__learning_rate=0.2, estimator__max_depth=10, estimator__num_leaves=31, estimator__subsample=0.01; total time=   1.4s
[CV] END estimator__learning_rate=0.2, estimator__max_depth=11, estimator__num_leaves=6, estimator__subsample=0.1; total time=   0.4s
[CV] END estimator__learning_rate=0.2, estimator__max_depth=11, estimator__num_leaves=10, estimator__subsample=0.001; total time=   0.8s
[CV] END estimator__learning_rate=0.2, estimator__max_depth=11, estimator__num_leaves=31, estimator__subsample=0.2; total time=   1.5s
[CV] END estimator__learning_rate=0.2, estimator__max_depth=12, estimator__num_leaves=8, estimator__subsample=0.1; total time=   0.6s
[CV] END estimator__learning_rate=0.2, estimator__max_depth=12, estimator__num_leaves=31, estimator__subsample=0.01; total time=   1.5s
[CV] END estimator__learning_rate=0.2, estimator__max_depth=13, estimator__num_leaves=6, estimator__subsample=0.2; total time=   0.4s
[CV] END estimator__learning_rate=0.2, estimator__max_depth=13, estimator__num_leaves=10, estimator__subsample=0.1; total time=   0.7s
[CV] END estimator__learning_rate=0.2, estimator__max_depth=14, estimator__num_leaves=2, estimator__subsample=0.001; total time=   0.0s
[CV] END estimator__learning_rate=0.2, estimator__max_depth=14, estimator__num_leaves=2, estimator__subsample=0.001; total time=   0.1s
[CV] END estimator__learning_rate=0.2, estimator__max_depth=14, estimator__num_leaves=2, estimator__subsample=0.1; total time=   0.1s
[CV] END estimator__learning_rate=0.2, estimator__max_depth=14, estimator__num_leaves=4, estimator__subsample=0.01; total time=   0.2s
[CV] END estimator__learning_rate=0.2, estimator__max_depth=14, estimator__num_leaves=4, estimator__subsample=0.2; total time=   0.2s
[CV] END estimator__learning_rate=0.2, estimator__max_depth=14, estimator__num_leaves=6, estimator__subsample=0.01; total time=   0.4s
[CV] END estimator__learning_rate=0.2, estimator__max_depth=14, estimator__num_leaves=10, estimator__subsample=0.001; total time=   0.8s
[CV] END estimator__learning_rate=0.2, estimator__max_depth=14, estimator__num_leaves=31, estimator__subsample=0.1; total time=   1.5s
[CV] END estimator__learning_rate=0.39, estimator__max_depth=10, estimator__num_leaves=8, estimator__subsample=0.01; total time=   0.6s
[CV] END estimator__learning_rate=0.39, estimator__max_depth=10, estimator__num_leaves=31, estimator__subsample=0.001; total time=   1.5s
[CV] END estimator__learning_rate=0.39, estimator__max_depth=11, estimator__num_leaves=6, estimator__subsample=0.2; total time=   0.4s
[CV] END estimator__learning_rate=0.39, estimator__max_depth=11, estimator__num_leaves=10, estimator__subsample=0.1; total time=   0.8s
[CV] END estimator__learning_rate=0.39, estimator__max_depth=12, estimator__num_leaves=2, estimator__subsample=0.001; total time=   0.0s
[CV] END estimator__learning_rate=0.39, estimator__max_depth=12, estimator__num_leaves=2, estimator__subsample=0.01; total time=   0.1s
[CV] END estimator__learning_rate=0.39, estimator__max_depth=12, estimator__num_leaves=2, estimator__subsample=0.1; total time=   0.1s
[CV] END estimator__learning_rate=0.39, estimator__max_depth=12, estimator__num_leaves=4, estimator__subsample=0.01; total time=   0.2s
[CV] END estimator__learning_rate=0.39, estimator__max_depth=12, estimator__num_leaves=6, estimator__subsample=0.001; total time=   0.4s
[CV] END estimator__learning_rate=0.39, estimator__max_depth=12, estimator__num_leaves=8, estimator__subsample=0.001; total time=   0.6s
[CV] END estimator__learning_rate=0.39, estimator__max_depth=12, estimator__num_leaves=10, estimator__subsample=0.2; total time=   0.7s
[CV] END estimator__learning_rate=0.39, estimator__max_depth=13, estimator__num_leaves=2, estimator__subsample=0.1; total time=   0.1s
[CV] END estimator__learning_rate=0.39, estimator__max_depth=13, estimator__num_leaves=4, estimator__subsample=0.001; total time=   0.2s
[CV] END estimator__learning_rate=0.39, estimator__max_depth=13, estimator__num_leaves=4, estimator__subsample=0.1; total time=   0.2s
[CV] END estimator__learning_rate=0.39, estimator__max_depth=13, estimator__num_leaves=6, estimator__subsample=0.01; total time=   0.4s
[CV] END estimator__learning_rate=0.39, estimator__max_depth=13, estimator__num_leaves=8, estimator__subsample=0.2; total time=   0.6s
[CV] END estimator__learning_rate=0.39, estimator__max_depth=13, estimator__num_leaves=31, estimator__subsample=0.01; total time=   1.5s
[CV] END estimator__learning_rate=0.39, estimator__max_depth=14, estimator__num_leaves=8, estimator__subsample=0.001; total time=   0.6s
[CV] END estimator__learning_rate=0.39, estimator__max_depth=14, estimator__num_leaves=10, estimator__subsample=0.1; total time=   0.8s[CV] END estimator__learning_rate=0.01, estimator__max_depth=10, estimator__num_leaves=2, estimator__subsample=0.2; total time=   4.2s
[CV] END estimator__learning_rate=0.01, estimator__max_depth=10, estimator__num_leaves=6, estimator__subsample=0.1; total time=   0.2s
[CV] END estimator__learning_rate=0.01, estimator__max_depth=10, estimator__num_leaves=8, estimator__subsample=0.01; total time=   0.4s
[CV] END estimator__learning_rate=0.01, estimator__max_depth=10, estimator__num_leaves=10, estimator__subsample=0.01; total time=   1.0s
[CV] END estimator__learning_rate=0.01, estimator__max_depth=10, estimator__num_leaves=31, estimator__subsample=0.2; total time=   1.4s
[CV] END estimator__learning_rate=0.01, estimator__max_depth=11, estimator__num_leaves=8, estimator__subsample=0.2; total time=   0.5s
[CV] END estimator__learning_rate=0.01, estimator__max_depth=11, estimator__num_leaves=31, estimator__subsample=0.01; total time=   1.5s
[CV] END estimator__learning_rate=0.01, estimator__max_depth=12, estimator__num_leaves=8, estimator__subsample=0.001; total time=   0.6s
[CV] END estimator__learning_rate=0.01, estimator__max_depth=12, estimator__num_leaves=10, estimator__subsample=0.1; total time=   0.7s
[CV] END estimator__learning_rate=0.01, estimator__max_depth=13, estimator__num_leaves=2, estimator__subsample=0.01; total time=   0.1s
[CV] END estimator__learning_rate=0.01, estimator__max_depth=13, estimator__num_leaves=4, estimator__subsample=0.001; total time=   0.2s
[CV] END estimator__learning_rate=0.01, estimator__max_depth=13, estimator__num_leaves=4, estimator__subsample=0.1; total time=   0.2s
[CV] END estimator__learning_rate=0.01, estimator__max_depth=13, estimator__num_leaves=6, estimator__subsample=0.01; total time=   0.4s
[CV] END estimator__learning_rate=0.01, estimator__max_depth=13, estimator__num_leaves=8, estimator__subsample=0.2; total time=   0.6s
[CV] END estimator__learning_rate=0.01, estimator__max_depth=13, estimator__num_leaves=31, estimator__subsample=0.1; total time=   1.4s
[CV] END estimator__learning_rate=0.01, estimator__max_depth=14, estimator__num_leaves=6, estimator__subsample=0.2; total time=   0.4s
[CV] END estimator__learning_rate=0.01, estimator__max_depth=14, estimator__num_leaves=10, estimator__subsample=0.1; total time=   0.7s
[CV] END estimator__learning_rate=0.2, estimator__max_depth=10, estimator__num_leaves=2, estimator__subsample=0.001; total time=   0.0s
[CV] END estimator__learning_rate=0.2, estimator__max_depth=10, estimator__num_leaves=2, estimator__subsample=0.01; total time=   0.1s
[CV] END estimator__learning_rate=0.2, estimator__max_depth=10, estimator__num_leaves=2, estimator__subsample=0.2; total time=   0.1s
[CV] END estimator__learning_rate=0.2, estimator__max_depth=10, estimator__num_leaves=4, estimator__subsample=0.01; total time=   0.2s
[CV] END estimator__learning_rate=0.2, estimator__max_depth=10, estimator__num_leaves=4, estimator__subsample=0.2; total time=   0.2s
[CV] END estimator__learning_rate=0.2, estimator__max_depth=10, estimator__num_leaves=6, estimator__subsample=0.2; total time=   0.4s
[CV] END estimator__learning_rate=0.2, estimator__max_depth=10, estimator__num_leaves=10, estimator__subsample=0.001; total time=   0.7s
[CV] END estimator__learning_rate=0.2, estimator__max_depth=10, estimator__num_leaves=31, estimator__subsample=0.1; total time=   1.4s
[CV] END estimator__learning_rate=0.2, estimator__max_depth=11, estimator__num_leaves=8, estimator__subsample=0.01; total time=   0.6s
[CV] END estimator__learning_rate=0.2, estimator__max_depth=11, estimator__num_leaves=31, estimator__subsample=0.001; total time=   1.5s
[CV] END estimator__learning_rate=0.2, estimator__max_depth=12, estimator__num_leaves=6, estimator__subsample=0.1; total time=   0.5s
[CV] END estimator__learning_rate=0.2, estimator__max_depth=12, estimator__num_leaves=10, estimator__subsample=0.001; total time=   0.7s
[CV] END estimator__learning_rate=0.2, estimator__max_depth=12, estimator__num_leaves=31, estimator__subsample=0.2; total time=   1.5s
[CV] END estimator__learning_rate=0.2, estimator__max_depth=13, estimator__num_leaves=8, estimator__subsample=0.1; total time=   0.6s
[CV] END estimator__learning_rate=0.2, estimator__max_depth=13, estimator__num_leaves=31, estimator__subsample=0.001; total time=   1.6s
[CV] END estimator__learning_rate=0.2, estimator__max_depth=14, estimator__num_leaves=6, estimator__subsample=0.2; total time=   0.4s
[CV] END estimator__learning_rate=0.2, estimator__max_depth=14, estimator__num_leaves=10, estimator__subsample=0.01; total time=   0.7s
[CV] END estimator__learning_rate=0.39, estimator__max_depth=10, estimator__num_leaves=2, estimator__subsample=0.001; total time=   0.0s
[CV] END estimator__learning_rate=0.39, estimator__max_depth=10, estimator__num_leaves=2, estimator__subsample=0.001; total time=   0.1s
[CV] END estimator__learning_rate=0.39, estimator__max_depth=10, estimator__num_leaves=2, estimator__subsample=0.2; total time=   0.1s
[CV] END estimator__learning_rate=0.39, estimator__max_depth=10, estimator__num_leaves=4, estimator__subsample=0.01; total time=   0.2s
[CV] END estimator__learning_rate=0.39, estimator__max_depth=10, estimator__num_leaves=6, estimator__subsample=0.001; total time=   0.4s
[CV] END estimator__learning_rate=0.39, estimator__max_depth=10, estimator__num_leaves=8, estimator__subsample=0.001; total time=   0.6s
[CV] END estimator__learning_rate=0.39, estimator__max_depth=10, estimator__num_leaves=10, estimator__subsample=0.2; total time=   0.8s
[CV] END estimator__learning_rate=0.39, estimator__max_depth=11, estimator__num_leaves=2, estimator__subsample=0.1; total time=   0.1s
[CV] END estimator__learning_rate=0.39, estimator__max_depth=11, estimator__num_leaves=4, estimator__subsample=0.001; total time=   0.2s
[CV] END estimator__learning_rate=0.39, estimator__max_depth=11, estimator__num_leaves=4, estimator__subsample=0.2; total time=   0.3s
[CV] END estimator__learning_rate=0.39, estimator__max_depth=11, estimator__num_leaves=6, estimator__subsample=0.01; total time=   0.4s
[CV] END estimator__learning_rate=0.39, estimator__max_depth=11, estimator__num_leaves=10, estimator__subsample=0.001; total time=   0.8s
[CV] END estimator__learning_rate=0.39, estimator__max_depth=11, estimator__num_leaves=31, estimator__subsample=0.2; total time=   1.8s
[CV] END estimator__learning_rate=0.39, estimator__max_depth=12, estimator__num_leaves=10, estimator__subsample=0.1; total time=   0.7s
[CV] END estimator__learning_rate=0.39, estimator__max_depth=13, estimator__num_leaves=2, estimator__subsample=0.001; total time=   0.0s
[CV] END estimator__learning_rate=0.39, estimator__max_depth=13, estimator__num_leaves=2, estimator__subsample=0.01; total time=   0.1s
[CV] END estimator__learning_rate=0.39, estimator__max_depth=13, estimator__num_leaves=2, estimator__subsample=0.2; total time=   0.1s
[CV] END estimator__learning_rate=0.39, estimator__max_depth=13, estimator__num_leaves=4, estimator__subsample=0.01; total time=   0.2s
[CV] END estimator__learning_rate=0.39, estimator__max_depth=13, estimator__num_leaves=6, estimator__subsample=0.001; total time=   0.4s
[CV] END estimator__learning_rate=0.39, estimator__max_depth=13, estimator__num_leaves=8, estimator__subsample=0.001; total time=   0.6s
[CV] END estimator__learning_rate=0.39, estimator__max_depth=13, estimator__num_leaves=10, estimator__subsample=0.2; total time=   0.8s
[CV] END estimator__learning_rate=0.39, estimator__max_depth=14, estimator__num_leaves=2, estimator__subsample=0.2; total time=   0.1s
[CV] END estimator__learning_rate=0.39, estimator__max_depth=14, estimator__num_leaves=4, estimator__subsample=0.01; total time=   0.2s
[CV] END estimator__learning_rate=0.39, estimator__max_depth=14, estimator__num_leaves=6, estimator__subsample=0.001; total time=   0.4s
[CV] END estimator__learning_rate=0.39, estimator__max_depth=14, estimator__num_leaves=8, estimator__subsample=0.001; total time=   0.6s
[CV] END estimator__learning_rate=0.39, estimator__max_depth=14, estimator__num_leaves=10, estimator__subsample=0.2; total time=   0.7s[CV] END estimator__learning_rate=0.01, estimator__max_depth=10, estimator__num_leaves=4, estimator__subsample=0.01; total time=   4.7s
[CV] END estimator__learning_rate=0.01, estimator__max_depth=10, estimator__num_leaves=31, estimator__subsample=0.01; total time=   1.4s
[CV] END estimator__learning_rate=0.01, estimator__max_depth=11, estimator__num_leaves=6, estimator__subsample=0.01; total time=   0.4s
[CV] END estimator__learning_rate=0.01, estimator__max_depth=11, estimator__num_leaves=8, estimator__subsample=0.2; total time=   0.6s
[CV] END estimator__learning_rate=0.01, estimator__max_depth=11, estimator__num_leaves=31, estimator__subsample=0.01; total time=   1.4s
[CV] END estimator__learning_rate=0.01, estimator__max_depth=12, estimator__num_leaves=6, estimator__subsample=0.2; total time=   0.4s
[CV] END estimator__learning_rate=0.01, estimator__max_depth=12, estimator__num_leaves=10, estimator__subsample=0.1; total time=   0.7s
[CV] END estimator__learning_rate=0.01, estimator__max_depth=12, estimator__num_leaves=31, estimator__subsample=0.2; total time=   1.5s
[CV] END estimator__learning_rate=0.01, estimator__max_depth=13, estimator__num_leaves=8, estimator__subsample=0.2; total time=   0.6s
[CV] END estimator__learning_rate=0.01, estimator__max_depth=13, estimator__num_leaves=31, estimator__subsample=0.01; total time=   1.4s
[CV] END estimator__learning_rate=0.01, estimator__max_depth=14, estimator__num_leaves=6, estimator__subsample=0.2; total time=   0.5s
[CV] END estimator__learning_rate=0.01, estimator__max_depth=14, estimator__num_leaves=10, estimator__subsample=0.1; total time=   0.7s
[CV] END estimator__learning_rate=0.2, estimator__max_depth=10, estimator__num_leaves=2, estimator__subsample=0.001; total time=   0.0s
[CV] END estimator__learning_rate=0.2, estimator__max_depth=10, estimator__num_leaves=2, estimator__subsample=0.01; total time=   0.1s
[CV] END estimator__learning_rate=0.2, estimator__max_depth=10, estimator__num_leaves=2, estimator__subsample=0.2; total time=   0.1s
[CV] END estimator__learning_rate=0.2, estimator__max_depth=10, estimator__num_leaves=4, estimator__subsample=0.1; total time=   0.2s
[CV] END estimator__learning_rate=0.2, estimator__max_depth=10, estimator__num_leaves=6, estimator__subsample=0.001; total time=   0.4s
[CV] END estimator__learning_rate=0.2, estimator__max_depth=10, estimator__num_leaves=8, estimator__subsample=0.01; total time=   0.6s
[CV] END estimator__learning_rate=0.2, estimator__max_depth=10, estimator__num_leaves=10, estimator__subsample=0.2; total time=   0.8s
[CV] END estimator__learning_rate=0.2, estimator__max_depth=11, estimator__num_leaves=2, estimator__subsample=0.2; total time=   0.1s
[CV] END estimator__learning_rate=0.2, estimator__max_depth=11, estimator__num_leaves=4, estimator__subsample=0.1; total time=   0.2s
[CV] END estimator__learning_rate=0.2, estimator__max_depth=11, estimator__num_leaves=6, estimator__subsample=0.001; total time=   0.4s
[CV] END estimator__learning_rate=0.2, estimator__max_depth=11, estimator__num_leaves=8, estimator__subsample=0.01; total time=   0.6s
[CV] END estimator__learning_rate=0.2, estimator__max_depth=11, estimator__num_leaves=10, estimator__subsample=0.2; total time=   0.8s
[CV] END estimator__learning_rate=0.2, estimator__max_depth=12, estimator__num_leaves=2, estimator__subsample=0.2; total time=   0.1s
[CV] END estimator__learning_rate=0.2, estimator__max_depth=12, estimator__num_leaves=4, estimator__subsample=0.01; total time=   0.2s
[CV] END estimator__learning_rate=0.2, estimator__max_depth=12, estimator__num_leaves=6, estimator__subsample=0.001; total time=   0.4s
[CV] END estimator__learning_rate=0.2, estimator__max_depth=12, estimator__num_leaves=8, estimator__subsample=0.001; total time=   0.6s
[CV] END estimator__learning_rate=0.2, estimator__max_depth=12, estimator__num_leaves=10, estimator__subsample=0.2; total time=   0.8s
[CV] END estimator__learning_rate=0.2, estimator__max_depth=13, estimator__num_leaves=2, estimator__subsample=0.1; total time=   0.1s
[CV] END estimator__learning_rate=0.2, estimator__max_depth=13, estimator__num_leaves=4, estimator__subsample=0.001; total time=   0.2s
[CV] END estimator__learning_rate=0.2, estimator__max_depth=13, estimator__num_leaves=4, estimator__subsample=0.2; total time=   0.2s
[CV] END estimator__learning_rate=0.2, estimator__max_depth=13, estimator__num_leaves=6, estimator__subsample=0.01; total time=   0.4s
[CV] END estimator__learning_rate=0.2, estimator__max_depth=13, estimator__num_leaves=10, estimator__subsample=0.001; total time=   0.7s
[CV] END estimator__learning_rate=0.2, estimator__max_depth=13, estimator__num_leaves=31, estimator__subsample=0.1; total time=   1.6s
[CV] END estimator__learning_rate=0.2, estimator__max_depth=14, estimator__num_leaves=8, estimator__subsample=0.1; total time=   0.6s
[CV] END estimator__learning_rate=0.2, estimator__max_depth=14, estimator__num_leaves=31, estimator__subsample=0.001; total time=   1.6s
[CV] END estimator__learning_rate=0.39, estimator__max_depth=10, estimator__num_leaves=6, estimator__subsample=0.2; total time=   0.4s
[CV] END estimator__learning_rate=0.39, estimator__max_depth=10, estimator__num_leaves=10, estimator__subsample=0.01; total time=   0.8s
[CV] END estimator__learning_rate=0.39, estimator__max_depth=11, estimator__num_leaves=2, estimator__subsample=0.001; total time=   0.1s
[CV] END estimator__learning_rate=0.39, estimator__max_depth=11, estimator__num_leaves=2, estimator__subsample=0.01; total time=   0.1s
[CV] END estimator__learning_rate=0.39, estimator__max_depth=11, estimator__num_leaves=2, estimator__subsample=0.2; total time=   0.1s
[CV] END estimator__learning_rate=0.39, estimator__max_depth=11, estimator__num_leaves=4, estimator__subsample=0.1; total time=   0.2s
[CV] END estimator__learning_rate=0.39, estimator__max_depth=11, estimator__num_leaves=6, estimator__subsample=0.001; total time=   0.4s
[CV] END estimator__learning_rate=0.39, estimator__max_depth=11, estimator__num_leaves=8, estimator__subsample=0.01; total time=   0.6s
[CV] END estimator__learning_rate=0.39, estimator__max_depth=11, estimator__num_leaves=10, estimator__subsample=0.2; total time=   0.8s
[CV] END estimator__learning_rate=0.39, estimator__max_depth=12, estimator__num_leaves=2, estimator__subsample=0.2; total time=   0.1s
[CV] END estimator__learning_rate=0.39, estimator__max_depth=12, estimator__num_leaves=4, estimator__subsample=0.1; total time=   0.2s
[CV] END estimator__learning_rate=0.39, estimator__max_depth=12, estimator__num_leaves=6, estimator__subsample=0.001; total time=   0.4s
[CV] END estimator__learning_rate=0.39, estimator__max_depth=12, estimator__num_leaves=8, estimator__subsample=0.01; total time=   0.6s
[CV] END estimator__learning_rate=0.39, estimator__max_depth=12, estimator__num_leaves=10, estimator__subsample=0.2; total time=   0.8s
[CV] END estimator__learning_rate=0.39, estimator__max_depth=13, estimator__num_leaves=2, estimator__subsample=0.1; total time=   0.1s
[CV] END estimator__learning_rate=0.39, estimator__max_depth=13, estimator__num_leaves=4, estimator__subsample=0.001; total time=   0.2s
[CV] END estimator__learning_rate=0.39, estimator__max_depth=13, estimator__num_leaves=4, estimator__subsample=0.2; total time=   0.2s
[CV] END estimator__learning_rate=0.39, estimator__max_depth=13, estimator__num_leaves=6, estimator__subsample=0.01; total time=   0.4s
[CV] END estimator__learning_rate=0.39, estimator__max_depth=13, estimator__num_leaves=8, estimator__subsample=0.2; total time=   0.6s
[CV] END estimator__learning_rate=0.39, estimator__max_depth=13, estimator__num_leaves=31, estimator__subsample=0.1; total time=   1.5s
[CV] END estimator__learning_rate=0.39, estimator__max_depth=14, estimator__num_leaves=8, estimator__subsample=0.001; total time=   0.6s
[CV] END estimator__learning_rate=0.39, estimator__max_depth=14, estimator__num_leaves=10, estimator__subsample=0.1; total time=   0.8s
[CV] END estimator__learning_rate=0.58, estimator__max_depth=10, estimator__num_leaves=2, estimator__subsample=0.1; total time=   0.1s
[CV] END estimator__learning_rate=0.01, estimator__max_depth=10, estimator__num_leaves=2, estimator__subsample=0.001; total time=   4.1s
[CV] END estimator__learning_rate=0.01, estimator__max_depth=10, estimator__num_leaves=6, estimator__subsample=0.2; total time=   0.2s
[CV] END estimator__learning_rate=0.01, estimator__max_depth=10, estimator__num_leaves=8, estimator__subsample=0.1; total time=   0.4s
[CV] END estimator__learning_rate=0.01, estimator__max_depth=10, estimator__num_leaves=10, estimator__subsample=0.1; total time=   1.0s
[CV] END estimator__learning_rate=0.01, estimator__max_depth=11, estimator__num_leaves=2, estimator__subsample=0.001; total time=   0.1s
[CV] END estimator__learning_rate=0.01, estimator__max_depth=11, estimator__num_leaves=2, estimator__subsample=0.1; total time=   0.1s
[CV] END estimator__learning_rate=0.01, estimator__max_depth=11, estimator__num_leaves=4, estimator__subsample=0.001; total time=   0.2s
[CV] END estimator__learning_rate=0.01, estimator__max_depth=11, estimator__num_leaves=4, estimator__subsample=0.2; total time=   0.3s
[CV] END estimator__learning_rate=0.01, estimator__max_depth=11, estimator__num_leaves=6, estimator__subsample=0.2; total time=   0.4s
[CV] END estimator__learning_rate=0.01, estimator__max_depth=11, estimator__num_leaves=10, estimator__subsample=0.01; total time=   0.7s
[CV] END estimator__learning_rate=0.01, estimator__max_depth=12, estimator__num_leaves=2, estimator__subsample=0.001; total time=   0.0s
[CV] END estimator__learning_rate=0.01, estimator__max_depth=12, estimator__num_leaves=2, estimator__subsample=0.01; total time=   0.1s
[CV] END estimator__learning_rate=0.01, estimator__max_depth=12, estimator__num_leaves=2, estimator__subsample=0.1; total time=   0.1s
[CV] END estimator__learning_rate=0.01, estimator__max_depth=12, estimator__num_leaves=4, estimator__subsample=0.01; total time=   0.2s
[CV] END estimator__learning_rate=0.01, estimator__max_depth=12, estimator__num_leaves=4, estimator__subsample=0.2; total time=   0.2s
[CV] END estimator__learning_rate=0.01, estimator__max_depth=12, estimator__num_leaves=6, estimator__subsample=0.1; total time=   0.4s
[CV] END estimator__learning_rate=0.01, estimator__max_depth=12, estimator__num_leaves=10, estimator__subsample=0.001; total time=   0.7s
[CV] END estimator__learning_rate=0.01, estimator__max_depth=12, estimator__num_leaves=31, estimator__subsample=0.2; total time=   1.4s
[CV] END estimator__learning_rate=0.01, estimator__max_depth=13, estimator__num_leaves=8, estimator__subsample=0.1; total time=   0.6s
[CV] END estimator__learning_rate=0.01, estimator__max_depth=13, estimator__num_leaves=31, estimator__subsample=0.001; total time=   1.5s
[CV] END estimator__learning_rate=0.01, estimator__max_depth=14, estimator__num_leaves=6, estimator__subsample=0.1; total time=   0.4s
[CV] END estimator__learning_rate=0.01, estimator__max_depth=14, estimator__num_leaves=10, estimator__subsample=0.01; total time=   0.7s
[CV] END estimator__learning_rate=0.01, estimator__max_depth=14, estimator__num_leaves=31, estimator__subsample=0.2; total time=   1.5s
[CV] END estimator__learning_rate=0.2, estimator__max_depth=10, estimator__num_leaves=8, estimator__subsample=0.2; total time=   0.6s
[CV] END estimator__learning_rate=0.2, estimator__max_depth=10, estimator__num_leaves=31, estimator__subsample=0.01; total time=   1.5s
[CV] END estimator__learning_rate=0.2, estimator__max_depth=11, estimator__num_leaves=8, estimator__subsample=0.001; total time=   0.6s
[CV] END estimator__learning_rate=0.2, estimator__max_depth=11, estimator__num_leaves=10, estimator__subsample=0.2; total time=   0.7s
[CV] END estimator__learning_rate=0.2, estimator__max_depth=12, estimator__num_leaves=2, estimator__subsample=0.1; total time=   0.1s
[CV] END estimator__learning_rate=0.2, estimator__max_depth=12, estimator__num_leaves=4, estimator__subsample=0.001; total time=   0.2s
[CV] END estimator__learning_rate=0.2, estimator__max_depth=12, estimator__num_leaves=4, estimator__subsample=0.1; total time=   0.2s
[CV] END estimator__learning_rate=0.2, estimator__max_depth=12, estimator__num_leaves=6, estimator__subsample=0.01; total time=   0.4s
[CV] END estimator__learning_rate=0.2, estimator__max_depth=12, estimator__num_leaves=8, estimator__subsample=0.2; total time=   0.6s
[CV] END estimator__learning_rate=0.2, estimator__max_depth=12, estimator__num_leaves=31, estimator__subsample=0.1; total time=   1.5s
[CV] END estimator__learning_rate=0.2, estimator__max_depth=13, estimator__num_leaves=8, estimator__subsample=0.001; total time=   0.6s
[CV] END estimator__learning_rate=0.2, estimator__max_depth=13, estimator__num_leaves=10, estimator__subsample=0.1; total time=   0.7s
[CV] END estimator__learning_rate=0.2, estimator__max_depth=14, estimator__num_leaves=2, estimator__subsample=0.01; total time=   0.1s
[CV] END estimator__learning_rate=0.2, estimator__max_depth=14, estimator__num_leaves=4, estimator__subsample=0.001; total time=   0.2s
[CV] END estimator__learning_rate=0.2, estimator__max_depth=14, estimator__num_leaves=4, estimator__subsample=0.1; total time=   0.2s
[CV] END estimator__learning_rate=0.2, estimator__max_depth=14, estimator__num_leaves=6, estimator__subsample=0.01; total time=   0.4s
[CV] END estimator__learning_rate=0.2, estimator__max_depth=14, estimator__num_leaves=8, estimator__subsample=0.1; total time=   0.6s
[CV] END estimator__learning_rate=0.2, estimator__max_depth=14, estimator__num_leaves=31, estimator__subsample=0.01; total time=   1.5s
[CV] END estimator__learning_rate=0.39, estimator__max_depth=10, estimator__num_leaves=6, estimator__subsample=0.2; total time=   0.4s
[CV] END estimator__learning_rate=0.39, estimator__max_depth=10, estimator__num_leaves=10, estimator__subsample=0.01; total time=   0.7s
[CV] END estimator__learning_rate=0.39, estimator__max_depth=10, estimator__num_leaves=31, estimator__subsample=0.2; total time=   1.5s
[CV] END estimator__learning_rate=0.39, estimator__max_depth=11, estimator__num_leaves=8, estimator__subsample=0.1; total time=   0.6s
[CV] END estimator__learning_rate=0.39, estimator__max_depth=11, estimator__num_leaves=31, estimator__subsample=0.01; total time=   1.5s
[CV] END estimator__learning_rate=0.39, estimator__max_depth=12, estimator__num_leaves=8, estimator__subsample=0.001; total time=   0.6s
[CV] END estimator__learning_rate=0.39, estimator__max_depth=12, estimator__num_leaves=10, estimator__subsample=0.2; total time=   0.7s
[CV] END estimator__learning_rate=0.39, estimator__max_depth=13, estimator__num_leaves=2, estimator__subsample=0.01; total time=   0.1s
[CV] END estimator__learning_rate=0.39, estimator__max_depth=13, estimator__num_leaves=4, estimator__subsample=0.001; total time=   0.2s
[CV] END estimator__learning_rate=0.39, estimator__max_depth=13, estimator__num_leaves=4, estimator__subsample=0.1; total time=   0.2s
[CV] END estimator__learning_rate=0.39, estimator__max_depth=13, estimator__num_leaves=6, estimator__subsample=0.001; total time=   0.4s
[CV] END estimator__learning_rate=0.39, estimator__max_depth=13, estimator__num_leaves=8, estimator__subsample=0.2; total time=   0.6s
[CV] END estimator__learning_rate=0.39, estimator__max_depth=13, estimator__num_leaves=31, estimator__subsample=0.01; total time=   1.5s
[CV] END estimator__learning_rate=0.39, estimator__max_depth=14, estimator__num_leaves=6, estimator__subsample=0.2; total time=   0.4s
[CV] END estimator__learning_rate=0.39, estimator__max_depth=14, estimator__num_leaves=10, estimator__subsample=0.1; total time=   0.7s
[CV] END estimator__learning_rate=0.58, estimator__max_depth=10, estimator__num_leaves=2, estimator__subsample=0.001; total time=   0.0s
[CV] END estimator__learning_rate=0.58, estimator__max_depth=10, estimator__num_leaves=2, estimator__subsample=0.01; total time=   0.1s
[CV] END estimator__learning_rate=0.58, estimator__max_depth=10, estimator__num_leaves=2, estimator__subsample=0.2; total time=   0.1s
[CV] END estimator__learning_rate=0.58, estimator__max_depth=10, estimator__num_leaves=4, estimator__subsample=0.1; total time=   0.2s[CV] END estimator__learning_rate=0.01, estimator__max_depth=10, estimator__num_leaves=4, estimator__subsample=0.01; total time=   4.7s
[CV] END estimator__learning_rate=0.01, estimator__max_depth=10, estimator__num_leaves=31, estimator__subsample=0.01; total time=   1.4s
[CV] END estimator__learning_rate=0.01, estimator__max_depth=11, estimator__num_leaves=6, estimator__subsample=0.01; total time=   0.4s
[CV] END estimator__learning_rate=0.01, estimator__max_depth=11, estimator__num_leaves=8, estimator__subsample=0.2; total time=   0.6s
[CV] END estimator__learning_rate=0.01, estimator__max_depth=11, estimator__num_leaves=31, estimator__subsample=0.1; total time=   1.4s
[CV] END estimator__learning_rate=0.01, estimator__max_depth=12, estimator__num_leaves=8, estimator__subsample=0.001; total time=   0.6s
[CV] END estimator__learning_rate=0.01, estimator__max_depth=12, estimator__num_leaves=10, estimator__subsample=0.1; total time=   0.7s
[CV] END estimator__learning_rate=0.01, estimator__max_depth=13, estimator__num_leaves=2, estimator__subsample=0.01; total time=   0.1s
[CV] END estimator__learning_rate=0.01, estimator__max_depth=13, estimator__num_leaves=4, estimator__subsample=0.001; total time=   0.2s
[CV] END estimator__learning_rate=0.01, estimator__max_depth=13, estimator__num_leaves=4, estimator__subsample=0.1; total time=   0.2s
[CV] END estimator__learning_rate=0.01, estimator__max_depth=13, estimator__num_leaves=6, estimator__subsample=0.01; total time=   0.4s
[CV] END estimator__learning_rate=0.01, estimator__max_depth=13, estimator__num_leaves=8, estimator__subsample=0.2; total time=   0.6s
[CV] END estimator__learning_rate=0.01, estimator__max_depth=13, estimator__num_leaves=31, estimator__subsample=0.1; total time=   1.4s
[CV] END estimator__learning_rate=0.01, estimator__max_depth=14, estimator__num_leaves=8, estimator__subsample=0.001; total time=   0.6s
[CV] END estimator__learning_rate=0.01, estimator__max_depth=14, estimator__num_leaves=10, estimator__subsample=0.2; total time=   0.7s
[CV] END estimator__learning_rate=0.2, estimator__max_depth=10, estimator__num_leaves=2, estimator__subsample=0.1; total time=   0.1s
[CV] END estimator__learning_rate=0.2, estimator__max_depth=10, estimator__num_leaves=4, estimator__subsample=0.001; total time=   0.2s
[CV] END estimator__learning_rate=0.2, estimator__max_depth=10, estimator__num_leaves=4, estimator__subsample=0.2; total time=   0.2s
[CV] END estimator__learning_rate=0.2, estimator__max_depth=10, estimator__num_leaves=6, estimator__subsample=0.01; total time=   0.4s
[CV] END estimator__learning_rate=0.2, estimator__max_depth=10, estimator__num_leaves=10, estimator__subsample=0.001; total time=   0.7s
[CV] END estimator__learning_rate=0.2, estimator__max_depth=10, estimator__num_leaves=31, estimator__subsample=0.1; total time=   1.5s
[CV] END estimator__learning_rate=0.2, estimator__max_depth=11, estimator__num_leaves=8, estimator__subsample=0.1; total time=   0.6s
[CV] END estimator__learning_rate=0.2, estimator__max_depth=11, estimator__num_leaves=31, estimator__subsample=0.001; total time=   1.5s
[CV] END estimator__learning_rate=0.2, estimator__max_depth=12, estimator__num_leaves=6, estimator__subsample=0.2; total time=   0.4s
[CV] END estimator__learning_rate=0.2, estimator__max_depth=12, estimator__num_leaves=10, estimator__subsample=0.01; total time=   0.7s
[CV] END estimator__learning_rate=0.2, estimator__max_depth=13, estimator__num_leaves=2, estimator__subsample=0.001; total time=   0.0s
[CV] END estimator__learning_rate=0.2, estimator__max_depth=13, estimator__num_leaves=2, estimator__subsample=0.001; total time=   0.1s
[CV] END estimator__learning_rate=0.2, estimator__max_depth=13, estimator__num_leaves=2, estimator__subsample=0.1; total time=   0.1s
[CV] END estimator__learning_rate=0.2, estimator__max_depth=13, estimator__num_leaves=4, estimator__subsample=0.01; total time=   0.2s
[CV] END estimator__learning_rate=0.2, estimator__max_depth=13, estimator__num_leaves=4, estimator__subsample=0.2; total time=   0.2s
[CV] END estimator__learning_rate=0.2, estimator__max_depth=13, estimator__num_leaves=6, estimator__subsample=0.01; total time=   0.4s
[CV] END estimator__learning_rate=0.2, estimator__max_depth=13, estimator__num_leaves=10, estimator__subsample=0.001; total time=   0.7s
[CV] END estimator__learning_rate=0.2, estimator__max_depth=13, estimator__num_leaves=31, estimator__subsample=0.1; total time=   1.5s
[CV] END estimator__learning_rate=0.2, estimator__max_depth=14, estimator__num_leaves=8, estimator__subsample=0.01; total time=   0.6s
[CV] END estimator__learning_rate=0.2, estimator__max_depth=14, estimator__num_leaves=31, estimator__subsample=0.001; total time=   1.5s
[CV] END estimator__learning_rate=0.39, estimator__max_depth=10, estimator__num_leaves=6, estimator__subsample=0.1; total time=   0.5s
[CV] END estimator__learning_rate=0.39, estimator__max_depth=10, estimator__num_leaves=10, estimator__subsample=0.1; total time=   0.7s
[CV] END estimator__learning_rate=0.39, estimator__max_depth=11, estimator__num_leaves=2, estimator__subsample=0.001; total time=   0.1s
[CV] END estimator__learning_rate=0.39, estimator__max_depth=11, estimator__num_leaves=2, estimator__subsample=0.01; total time=   0.1s
[CV] END estimator__learning_rate=0.39, estimator__max_depth=11, estimator__num_leaves=2, estimator__subsample=0.2; total time=   0.1s
[CV] END estimator__learning_rate=0.39, estimator__max_depth=11, estimator__num_leaves=4, estimator__subsample=0.1; total time=   0.2s
[CV] END estimator__learning_rate=0.39, estimator__max_depth=11, estimator__num_leaves=6, estimator__subsample=0.001; total time=   0.4s
[CV] END estimator__learning_rate=0.39, estimator__max_depth=11, estimator__num_leaves=8, estimator__subsample=0.01; total time=   0.6s
[CV] END estimator__learning_rate=0.39, estimator__max_depth=11, estimator__num_leaves=10, estimator__subsample=0.2; total time=   0.8s
[CV] END estimator__learning_rate=0.39, estimator__max_depth=12, estimator__num_leaves=4, estimator__subsample=0.001; total time=   0.2s
[CV] END estimator__learning_rate=0.39, estimator__max_depth=12, estimator__num_leaves=4, estimator__subsample=0.2; total time=   0.2s
[CV] END estimator__learning_rate=0.39, estimator__max_depth=12, estimator__num_leaves=6, estimator__subsample=0.01; total time=   0.4s
[CV] END estimator__learning_rate=0.39, estimator__max_depth=12, estimator__num_leaves=8, estimator__subsample=0.2; total time=   0.6s
[CV] END estimator__learning_rate=0.39, estimator__max_depth=12, estimator__num_leaves=31, estimator__subsample=0.01; total time=   1.5s
[CV] END estimator__learning_rate=0.39, estimator__max_depth=13, estimator__num_leaves=8, estimator__subsample=0.001; total time=   0.6s
[CV] END estimator__learning_rate=0.39, estimator__max_depth=13, estimator__num_leaves=10, estimator__subsample=0.1; total time=   0.8s
[CV] END estimator__learning_rate=0.39, estimator__max_depth=14, estimator__num_leaves=2, estimator__subsample=0.01; total time=   0.1s
[CV] END estimator__learning_rate=0.39, estimator__max_depth=14, estimator__num_leaves=4, estimator__subsample=0.001; total time=   0.2s
[CV] END estimator__learning_rate=0.39, estimator__max_depth=14, estimator__num_leaves=4, estimator__subsample=0.1; total time=   0.2s
[CV] END estimator__learning_rate=0.39, estimator__max_depth=14, estimator__num_leaves=6, estimator__subsample=0.001; total time=   0.4s
[CV] END estimator__learning_rate=0.39, estimator__max_depth=14, estimator__num_leaves=8, estimator__subsample=0.1; total time=   0.6s
[CV] END estimator__learning_rate=0.39, estimator__max_depth=14, estimator__num_leaves=31, estimator__subsample=0.01; total time=   1.5s
[CV] END estimator__learning_rate=0.58, estimator__max_depth=10, estimator__num_leaves=6, estimator__subsample=0.2; total time=   0.4s
[CV] END estimator__learning_rate=0.58, estimator__max_depth=10, estimator__num_leaves=10, estimator__subsample=0.01; total time=   0.7s
[CV] END estimator__learning_rate=0.58, estimator__max_depth=11, estimator__num_leaves=2, estimator__subsample=0.001; total time=   0.0s[CV] END estimator__learning_rate=0.01, estimator__max_depth=10, estimator__num_leaves=2, estimator__subsample=0.1; total time=   4.3s
[CV] END estimator__learning_rate=0.01, estimator__max_depth=10, estimator__num_leaves=4, estimator__subsample=0.2; total time=   0.0s
[CV] END estimator__learning_rate=0.01, estimator__max_depth=10, estimator__num_leaves=6, estimator__subsample=0.01; total time=   0.2s
[CV] END estimator__learning_rate=0.01, estimator__max_depth=10, estimator__num_leaves=8, estimator__subsample=0.001; total time=   0.3s
[CV] END estimator__learning_rate=0.01, estimator__max_depth=10, estimator__num_leaves=8, estimator__subsample=0.2; total time=   0.5s
[CV] END estimator__learning_rate=0.01, estimator__max_depth=10, estimator__num_leaves=10, estimator__subsample=0.2; total time=   0.9s
[CV] END estimator__learning_rate=0.01, estimator__max_depth=11, estimator__num_leaves=2, estimator__subsample=0.2; total time=   0.1s
[CV] END estimator__learning_rate=0.01, estimator__max_depth=11, estimator__num_leaves=4, estimator__subsample=0.01; total time=   0.2s
[CV] END estimator__learning_rate=0.01, estimator__max_depth=11, estimator__num_leaves=6, estimator__subsample=0.001; total time=   0.4s
[CV] END estimator__learning_rate=0.01, estimator__max_depth=11, estimator__num_leaves=8, estimator__subsample=0.001; total time=   0.5s
[CV] END estimator__learning_rate=0.01, estimator__max_depth=11, estimator__num_leaves=10, estimator__subsample=0.2; total time=   0.7s
[CV] END estimator__learning_rate=0.01, estimator__max_depth=12, estimator__num_leaves=2, estimator__subsample=0.2; total time=   0.1s
[CV] END estimator__learning_rate=0.01, estimator__max_depth=12, estimator__num_leaves=4, estimator__subsample=0.01; total time=   0.2s
[CV] END estimator__learning_rate=0.01, estimator__max_depth=12, estimator__num_leaves=6, estimator__subsample=0.001; total time=   0.4s
[CV] END estimator__learning_rate=0.01, estimator__max_depth=12, estimator__num_leaves=8, estimator__subsample=0.001; total time=   0.5s
[CV] END estimator__learning_rate=0.01, estimator__max_depth=12, estimator__num_leaves=10, estimator__subsample=0.2; total time=   0.7s
[CV] END estimator__learning_rate=0.01, estimator__max_depth=13, estimator__num_leaves=2, estimator__subsample=0.1; total time=   0.1s
[CV] END estimator__learning_rate=0.01, estimator__max_depth=13, estimator__num_leaves=4, estimator__subsample=0.001; total time=   0.2s
[CV] END estimator__learning_rate=0.01, estimator__max_depth=13, estimator__num_leaves=4, estimator__subsample=0.2; total time=   0.2s
[CV] END estimator__learning_rate=0.01, estimator__max_depth=13, estimator__num_leaves=6, estimator__subsample=0.1; total time=   0.4s
[CV] END estimator__learning_rate=0.01, estimator__max_depth=13, estimator__num_leaves=10, estimator__subsample=0.001; total time=   0.7s
[CV] END estimator__learning_rate=0.01, estimator__max_depth=13, estimator__num_leaves=31, estimator__subsample=0.2; total time=   1.5s
[CV] END estimator__learning_rate=0.01, estimator__max_depth=14, estimator__num_leaves=8, estimator__subsample=0.1; total time=   0.5s
[CV] END estimator__learning_rate=0.01, estimator__max_depth=14, estimator__num_leaves=31, estimator__subsample=0.01; total time=   1.4s
[CV] END estimator__learning_rate=0.2, estimator__max_depth=10, estimator__num_leaves=6, estimator__subsample=0.1; total time=   0.4s
[CV] END estimator__learning_rate=0.2, estimator__max_depth=10, estimator__num_leaves=10, estimator__subsample=0.01; total time=   0.7s
[CV] END estimator__learning_rate=0.2, estimator__max_depth=10, estimator__num_leaves=31, estimator__subsample=0.2; total time=   1.5s
[CV] END estimator__learning_rate=0.2, estimator__max_depth=11, estimator__num_leaves=8, estimator__subsample=0.1; total time=   0.6s
[CV] END estimator__learning_rate=0.2, estimator__max_depth=11, estimator__num_leaves=31, estimator__subsample=0.01; total time=   1.5s
[CV] END estimator__learning_rate=0.2, estimator__max_depth=12, estimator__num_leaves=6, estimator__subsample=0.2; total time=   0.4s
[CV] END estimator__learning_rate=0.2, estimator__max_depth=12, estimator__num_leaves=10, estimator__subsample=0.01; total time=   0.8s
[CV] END estimator__learning_rate=0.2, estimator__max_depth=13, estimator__num_leaves=2, estimator__subsample=0.001; total time=   0.1s
[CV] END estimator__learning_rate=0.2, estimator__max_depth=13, estimator__num_leaves=2, estimator__subsample=0.01; total time=   0.1s
[CV] END estimator__learning_rate=0.2, estimator__max_depth=13, estimator__num_leaves=2, estimator__subsample=0.1; total time=   0.1s
[CV] END estimator__learning_rate=0.2, estimator__max_depth=13, estimator__num_leaves=4, estimator__subsample=0.01; total time=   0.2s
[CV] END estimator__learning_rate=0.2, estimator__max_depth=13, estimator__num_leaves=4, estimator__subsample=0.2; total time=   0.2s
[CV] END estimator__learning_rate=0.2, estimator__max_depth=13, estimator__num_leaves=6, estimator__subsample=0.1; total time=   0.4s
[CV] END estimator__learning_rate=0.2, estimator__max_depth=13, estimator__num_leaves=10, estimator__subsample=0.001; total time=   0.7s
[CV] END estimator__learning_rate=0.2, estimator__max_depth=13, estimator__num_leaves=31, estimator__subsample=0.1; total time=   1.5s
[CV] END estimator__learning_rate=0.2, estimator__max_depth=14, estimator__num_leaves=8, estimator__subsample=0.01; total time=   0.6s
[CV] END estimator__learning_rate=0.2, estimator__max_depth=14, estimator__num_leaves=31, estimator__subsample=0.001; total time=   1.5s
[CV] END estimator__learning_rate=0.39, estimator__max_depth=10, estimator__num_leaves=6, estimator__subsample=0.1; total time=   0.4s
[CV] END estimator__learning_rate=0.39, estimator__max_depth=10, estimator__num_leaves=10, estimator__subsample=0.001; total time=   0.8s
[CV] END estimator__learning_rate=0.39, estimator__max_depth=10, estimator__num_leaves=31, estimator__subsample=0.2; total time=   1.4s
[CV] END estimator__learning_rate=0.39, estimator__max_depth=11, estimator__num_leaves=8, estimator__subsample=0.1; total time=   0.6s
[CV] END estimator__learning_rate=0.39, estimator__max_depth=11, estimator__num_leaves=31, estimator__subsample=0.001; total time=   1.5s
[CV] END estimator__learning_rate=0.39, estimator__max_depth=12, estimator__num_leaves=6, estimator__subsample=0.2; total time=   0.4s
[CV] END estimator__learning_rate=0.39, estimator__max_depth=12, estimator__num_leaves=10, estimator__subsample=0.001; total time=   0.7s
[CV] END estimator__learning_rate=0.39, estimator__max_depth=12, estimator__num_leaves=31, estimator__subsample=0.2; total time=   1.5s
[CV] END estimator__learning_rate=0.39, estimator__max_depth=13, estimator__num_leaves=8, estimator__subsample=0.1; total time=   0.6s
[CV] END estimator__learning_rate=0.39, estimator__max_depth=13, estimator__num_leaves=31, estimator__subsample=0.01; total time=   1.5s
[CV] END estimator__learning_rate=0.39, estimator__max_depth=14, estimator__num_leaves=6, estimator__subsample=0.2; total time=   0.4s
[CV] END estimator__learning_rate=0.39, estimator__max_depth=14, estimator__num_leaves=10, estimator__subsample=0.01; total time=   0.7s
[CV] END estimator__learning_rate=0.58, estimator__max_depth=10, estimator__num_leaves=2, estimator__subsample=0.001; total time=   0.0s
[CV] END estimator__learning_rate=0.58, estimator__max_depth=10, estimator__num_leaves=2, estimator__subsample=0.01; total time=   0.1s
[CV] END estimator__learning_rate=0.58, estimator__max_depth=10, estimator__num_leaves=2, estimator__subsample=0.2; total time=   0.1s
[CV] END estimator__learning_rate=0.58, estimator__max_depth=10, estimator__num_leaves=4, estimator__subsample=0.01; total time=   0.2s
[CV] END estimator__learning_rate=0.58, estimator__max_depth=10, estimator__num_leaves=6, estimator__subsample=0.001; total time=   0.4s
[CV] END estimator__learning_rate=0.58, estimator__max_depth=10, estimator__num_leaves=8, estimator__subsample=0.001; total time=   0.6s
[CV] END estimator__learning_rate=0.58, estimator__max_depth=10, estimator__num_leaves=10, estimator__subsample=0.2; total time=   0.7s[CV] END estimator__learning_rate=0.01, estimator__max_depth=10, estimator__num_leaves=4, estimator__subsample=0.001; total time=   4.4s
[CV] END estimator__learning_rate=0.01, estimator__max_depth=10, estimator__num_leaves=10, estimator__subsample=0.01; total time=   1.0s
[CV] END estimator__learning_rate=0.01, estimator__max_depth=11, estimator__num_leaves=2, estimator__subsample=0.001; total time=   0.1s
[CV] END estimator__learning_rate=0.01, estimator__max_depth=11, estimator__num_leaves=2, estimator__subsample=0.01; total time=   0.1s
[CV] END estimator__learning_rate=0.01, estimator__max_depth=11, estimator__num_leaves=4, estimator__subsample=0.001; total time=   0.2s
[CV] END estimator__learning_rate=0.01, estimator__max_depth=11, estimator__num_leaves=4, estimator__subsample=0.1; total time=   0.3s
[CV] END estimator__learning_rate=0.01, estimator__max_depth=11, estimator__num_leaves=6, estimator__subsample=0.1; total time=   0.4s
[CV] END estimator__learning_rate=0.01, estimator__max_depth=11, estimator__num_leaves=10, estimator__subsample=0.01; total time=   0.7s
[CV] END estimator__learning_rate=0.01, estimator__max_depth=11, estimator__num_leaves=31, estimator__subsample=0.1; total time=   1.5s
[CV] END estimator__learning_rate=0.01, estimator__max_depth=12, estimator__num_leaves=8, estimator__subsample=0.1; total time=   0.6s
[CV] END estimator__learning_rate=0.01, estimator__max_depth=12, estimator__num_leaves=31, estimator__subsample=0.001; total time=   1.4s
[CV] END estimator__learning_rate=0.01, estimator__max_depth=13, estimator__num_leaves=6, estimator__subsample=0.2; total time=   0.4s
[CV] END estimator__learning_rate=0.01, estimator__max_depth=13, estimator__num_leaves=10, estimator__subsample=0.01; total time=   0.7s
[CV] END estimator__learning_rate=0.01, estimator__max_depth=13, estimator__num_leaves=31, estimator__subsample=0.2; total time=   1.4s
[CV] END estimator__learning_rate=0.01, estimator__max_depth=14, estimator__num_leaves=8, estimator__subsample=0.1; total time=   0.6s
[CV] END estimator__learning_rate=0.01, estimator__max_depth=14, estimator__num_leaves=31, estimator__subsample=0.001; total time=   1.4s
[CV] END estimator__learning_rate=0.2, estimator__max_depth=10, estimator__num_leaves=6, estimator__subsample=0.2; total time=   0.4s
[CV] END estimator__learning_rate=0.2, estimator__max_depth=10, estimator__num_leaves=10, estimator__subsample=0.01; total time=   0.7s
[CV] END estimator__learning_rate=0.2, estimator__max_depth=10, estimator__num_leaves=31, estimator__subsample=0.2; total time=   1.4s
[CV] END estimator__learning_rate=0.2, estimator__max_depth=11, estimator__num_leaves=8, estimator__subsample=0.1; total time=   0.6s
[CV] END estimator__learning_rate=0.2, estimator__max_depth=11, estimator__num_leaves=31, estimator__subsample=0.01; total time=   1.5s
[CV] END estimator__learning_rate=0.2, estimator__max_depth=12, estimator__num_leaves=6, estimator__subsample=0.2; total time=   0.6s
[CV] END estimator__learning_rate=0.2, estimator__max_depth=12, estimator__num_leaves=10, estimator__subsample=0.1; total time=   0.7s
[CV] END estimator__learning_rate=0.2, estimator__max_depth=13, estimator__num_leaves=2, estimator__subsample=0.001; total time=   0.1s
[CV] END estimator__learning_rate=0.2, estimator__max_depth=13, estimator__num_leaves=2, estimator__subsample=0.1; total time=   0.1s
[CV] END estimator__learning_rate=0.2, estimator__max_depth=13, estimator__num_leaves=4, estimator__subsample=0.001; total time=   0.2s
[CV] END estimator__learning_rate=0.2, estimator__max_depth=13, estimator__num_leaves=4, estimator__subsample=0.1; total time=   0.2s
[CV] END estimator__learning_rate=0.2, estimator__max_depth=13, estimator__num_leaves=6, estimator__subsample=0.01; total time=   0.4s
[CV] END estimator__learning_rate=0.2, estimator__max_depth=13, estimator__num_leaves=8, estimator__subsample=0.2; total time=   0.6s
[CV] END estimator__learning_rate=0.2, estimator__max_depth=13, estimator__num_leaves=31, estimator__subsample=0.01; total time=   1.5s
[CV] END estimator__learning_rate=0.2, estimator__max_depth=14, estimator__num_leaves=6, estimator__subsample=0.2; total time=   0.4s
[CV] END estimator__learning_rate=0.2, estimator__max_depth=14, estimator__num_leaves=10, estimator__subsample=0.1; total time=   0.7s
[CV] END estimator__learning_rate=0.39, estimator__max_depth=10, estimator__num_leaves=2, estimator__subsample=0.001; total time=   0.1s
[CV] END estimator__learning_rate=0.39, estimator__max_depth=10, estimator__num_leaves=2, estimator__subsample=0.01; total time=   0.1s
[CV] END estimator__learning_rate=0.39, estimator__max_depth=10, estimator__num_leaves=2, estimator__subsample=0.2; total time=   0.1s
[CV] END estimator__learning_rate=0.39, estimator__max_depth=10, estimator__num_leaves=4, estimator__subsample=0.1; total time=   0.2s
[CV] END estimator__learning_rate=0.39, estimator__max_depth=10, estimator__num_leaves=6, estimator__subsample=0.001; total time=   0.4s
[CV] END estimator__learning_rate=0.39, estimator__max_depth=10, estimator__num_leaves=8, estimator__subsample=0.01; total time=   0.6s
[CV] END estimator__learning_rate=0.39, estimator__max_depth=10, estimator__num_leaves=10, estimator__subsample=0.2; total time=   0.8s
[CV] END estimator__learning_rate=0.39, estimator__max_depth=11, estimator__num_leaves=2, estimator__subsample=0.2; total time=   0.1s
[CV] END estimator__learning_rate=0.39, estimator__max_depth=11, estimator__num_leaves=4, estimator__subsample=0.01; total time=   0.2s
[CV] END estimator__learning_rate=0.39, estimator__max_depth=11, estimator__num_leaves=4, estimator__subsample=0.2; total time=   0.2s
[CV] END estimator__learning_rate=0.39, estimator__max_depth=11, estimator__num_leaves=6, estimator__subsample=0.1; total time=   0.4s
[CV] END estimator__learning_rate=0.39, estimator__max_depth=11, estimator__num_leaves=10, estimator__subsample=0.01; total time=   0.8s
[CV] END estimator__learning_rate=0.39, estimator__max_depth=11, estimator__num_leaves=31, estimator__subsample=0.2; total time=   1.5s
[CV] END estimator__learning_rate=0.39, estimator__max_depth=12, estimator__num_leaves=8, estimator__subsample=0.1; total time=   0.6s
[CV] END estimator__learning_rate=0.39, estimator__max_depth=12, estimator__num_leaves=31, estimator__subsample=0.01; total time=   1.5s
[CV] END estimator__learning_rate=0.39, estimator__max_depth=13, estimator__num_leaves=8, estimator__subsample=0.001; total time=   0.6s
[CV] END estimator__learning_rate=0.39, estimator__max_depth=13, estimator__num_leaves=10, estimator__subsample=0.1; total time=   0.8s
[CV] END estimator__learning_rate=0.39, estimator__max_depth=14, estimator__num_leaves=2, estimator__subsample=0.01; total time=   0.1s
[CV] END estimator__learning_rate=0.39, estimator__max_depth=14, estimator__num_leaves=2, estimator__subsample=0.2; total time=   0.1s
[CV] END estimator__learning_rate=0.39, estimator__max_depth=14, estimator__num_leaves=4, estimator__subsample=0.1; total time=   0.2s
[CV] END estimator__learning_rate=0.39, estimator__max_depth=14, estimator__num_leaves=6, estimator__subsample=0.001; total time=   0.4s
[CV] END estimator__learning_rate=0.39, estimator__max_depth=14, estimator__num_leaves=8, estimator__subsample=0.01; total time=   0.6s
[CV] END estimator__learning_rate=0.39, estimator__max_depth=14, estimator__num_leaves=10, estimator__subsample=0.2; total time=   0.8s
[CV] END estimator__learning_rate=0.58, estimator__max_depth=10, estimator__num_leaves=2, estimator__subsample=0.2; total time=   0.1s
[CV] END estimator__learning_rate=0.58, estimator__max_depth=10, estimator__num_leaves=4, estimator__subsample=0.01; total time=   0.2s
[CV] END estimator__learning_rate=0.58, estimator__max_depth=10, estimator__num_leaves=6, estimator__subsample=0.001; total time=   0.4s
[CV] END estimator__learning_rate=0.58, estimator__max_depth=10, estimator__num_leaves=8, estimator__subsample=0.01; total time=   0.6s
[CV] END estimator__learning_rate=0.58, estimator__max_depth=10, estimator__num_leaves=10, estimator__subsample=0.2; total time=   0.8s[CV] END estimator__learning_rate=0.01, estimator__max_depth=10, estimator__num_leaves=2, estimator__subsample=0.001; total time=   4.6s
[CV] END estimator__learning_rate=0.01, estimator__max_depth=10, estimator__num_leaves=4, estimator__subsample=0.1; total time=   0.0s
[CV] END estimator__learning_rate=0.01, estimator__max_depth=10, estimator__num_leaves=4, estimator__subsample=0.2; total time=   0.1s
[CV] END estimator__learning_rate=0.01, estimator__max_depth=10, estimator__num_leaves=6, estimator__subsample=0.1; total time=   0.2s
[CV] END estimator__learning_rate=0.01, estimator__max_depth=10, estimator__num_leaves=8, estimator__subsample=0.01; total time=   0.3s
[CV] END estimator__learning_rate=0.01, estimator__max_depth=10, estimator__num_leaves=10, estimator__subsample=0.001; total time=   1.0s
[CV] END estimator__learning_rate=0.01, estimator__max_depth=10, estimator__num_leaves=31, estimator__subsample=0.1; total time=   1.5s
[CV] END estimator__learning_rate=0.01, estimator__max_depth=11, estimator__num_leaves=8, estimator__subsample=0.1; total time=   0.5s
[CV] END estimator__learning_rate=0.01, estimator__max_depth=11, estimator__num_leaves=31, estimator__subsample=0.001; total time=   1.4s
[CV] END estimator__learning_rate=0.01, estimator__max_depth=12, estimator__num_leaves=6, estimator__subsample=0.001; total time=   0.4s
[CV] END estimator__learning_rate=0.01, estimator__max_depth=12, estimator__num_leaves=8, estimator__subsample=0.1; total time=   0.5s
[CV] END estimator__learning_rate=0.01, estimator__max_depth=12, estimator__num_leaves=31, estimator__subsample=0.01; total time=   1.3s
[CV] END estimator__learning_rate=0.01, estimator__max_depth=13, estimator__num_leaves=6, estimator__subsample=0.01; total time=   0.4s
[CV] END estimator__learning_rate=0.01, estimator__max_depth=13, estimator__num_leaves=10, estimator__subsample=0.001; total time=   0.7s
[CV] END estimator__learning_rate=0.01, estimator__max_depth=13, estimator__num_leaves=31, estimator__subsample=0.1; total time=   1.5s
[CV] END estimator__learning_rate=0.01, estimator__max_depth=14, estimator__num_leaves=8, estimator__subsample=0.1; total time=   0.6s
[CV] END estimator__learning_rate=0.01, estimator__max_depth=14, estimator__num_leaves=31, estimator__subsample=0.01; total time=   1.3s
[CV] END estimator__learning_rate=0.2, estimator__max_depth=10, estimator__num_leaves=6, estimator__subsample=0.1; total time=   0.4s
[CV] END estimator__learning_rate=0.2, estimator__max_depth=10, estimator__num_leaves=10, estimator__subsample=0.001; total time=   0.8s
[CV] END estimator__learning_rate=0.2, estimator__max_depth=10, estimator__num_leaves=31, estimator__subsample=0.2; total time=   1.5s
[CV] END estimator__learning_rate=0.2, estimator__max_depth=11, estimator__num_leaves=8, estimator__subsample=0.2; total time=   0.6s
[CV] END estimator__learning_rate=0.2, estimator__max_depth=11, estimator__num_leaves=31, estimator__subsample=0.01; total time=   1.5s
[CV] END estimator__learning_rate=0.2, estimator__max_depth=12, estimator__num_leaves=8, estimator__subsample=0.001; total time=   0.6s
[CV] END estimator__learning_rate=0.2, estimator__max_depth=12, estimator__num_leaves=10, estimator__subsample=0.1; total time=   0.8s
[CV] END estimator__learning_rate=0.2, estimator__max_depth=13, estimator__num_leaves=2, estimator__subsample=0.01; total time=   0.1s
[CV] END estimator__learning_rate=0.2, estimator__max_depth=13, estimator__num_leaves=2, estimator__subsample=0.2; total time=   0.1s
[CV] END estimator__learning_rate=0.2, estimator__max_depth=13, estimator__num_leaves=4, estimator__subsample=0.1; total time=   0.2s
[CV] END estimator__learning_rate=0.2, estimator__max_depth=13, estimator__num_leaves=6, estimator__subsample=0.001; total time=   0.4s
[CV] END estimator__learning_rate=0.2, estimator__max_depth=13, estimator__num_leaves=8, estimator__subsample=0.01; total time=   0.6s
[CV] END estimator__learning_rate=0.2, estimator__max_depth=13, estimator__num_leaves=10, estimator__subsample=0.2; total time=   0.8s
[CV] END estimator__learning_rate=0.2, estimator__max_depth=14, estimator__num_leaves=2, estimator__subsample=0.2; total time=   0.1s
[CV] END estimator__learning_rate=0.2, estimator__max_depth=14, estimator__num_leaves=4, estimator__subsample=0.01; total time=   0.2s
[CV] END estimator__learning_rate=0.2, estimator__max_depth=14, estimator__num_leaves=6, estimator__subsample=0.001; total time=   0.4s
[CV] END estimator__learning_rate=0.2, estimator__max_depth=14, estimator__num_leaves=8, estimator__subsample=0.01; total time=   0.6s
[CV] END estimator__learning_rate=0.2, estimator__max_depth=14, estimator__num_leaves=10, estimator__subsample=0.2; total time=   0.8s
[CV] END estimator__learning_rate=0.39, estimator__max_depth=10, estimator__num_leaves=2, estimator__subsample=0.1; total time=   0.1s
[CV] END estimator__learning_rate=0.39, estimator__max_depth=10, estimator__num_leaves=4, estimator__subsample=0.01; total time=   0.2s
[CV] END estimator__learning_rate=0.39, estimator__max_depth=10, estimator__num_leaves=4, estimator__subsample=0.2; total time=   0.2s
[CV] END estimator__learning_rate=0.39, estimator__max_depth=10, estimator__num_leaves=6, estimator__subsample=0.01; total time=   0.4s
[CV] END estimator__learning_rate=0.39, estimator__max_depth=10, estimator__num_leaves=10, estimator__subsample=0.001; total time=   0.8s
[CV] END estimator__learning_rate=0.39, estimator__max_depth=10, estimator__num_leaves=31, estimator__subsample=0.1; total time=   1.5s
[CV] END estimator__learning_rate=0.39, estimator__max_depth=11, estimator__num_leaves=8, estimator__subsample=0.1; total time=   0.6s
[CV] END estimator__learning_rate=0.39, estimator__max_depth=11, estimator__num_leaves=31, estimator__subsample=0.001; total time=   1.4s
[CV] END estimator__learning_rate=0.39, estimator__max_depth=12, estimator__num_leaves=6, estimator__subsample=0.01; total time=   0.6s
[CV] END estimator__learning_rate=0.39, estimator__max_depth=12, estimator__num_leaves=10, estimator__subsample=0.01; total time=   0.7s
[CV] END estimator__learning_rate=0.39, estimator__max_depth=13, estimator__num_leaves=2, estimator__subsample=0.001; total time=   0.0s
[CV] END estimator__learning_rate=0.39, estimator__max_depth=13, estimator__num_leaves=2, estimator__subsample=0.001; total time=   0.1s
[CV] END estimator__learning_rate=0.39, estimator__max_depth=13, estimator__num_leaves=2, estimator__subsample=0.2; total time=   0.1s
[CV] END estimator__learning_rate=0.39, estimator__max_depth=13, estimator__num_leaves=4, estimator__subsample=0.01; total time=   0.2s
[CV] END estimator__learning_rate=0.39, estimator__max_depth=13, estimator__num_leaves=4, estimator__subsample=0.2; total time=   0.2s
[CV] END estimator__learning_rate=0.39, estimator__max_depth=13, estimator__num_leaves=6, estimator__subsample=0.1; total time=   0.4s
[CV] END estimator__learning_rate=0.39, estimator__max_depth=13, estimator__num_leaves=10, estimator__subsample=0.001; total time=   0.8s
[CV] END estimator__learning_rate=0.39, estimator__max_depth=13, estimator__num_leaves=31, estimator__subsample=0.2; total time=   1.5s
[CV] END estimator__learning_rate=0.39, estimator__max_depth=14, estimator__num_leaves=8, estimator__subsample=0.01; total time=   0.6s
[CV] END estimator__learning_rate=0.39, estimator__max_depth=14, estimator__num_leaves=31, estimator__subsample=0.001; total time=   1.6s
[CV] END estimator__learning_rate=0.58, estimator__max_depth=10, estimator__num_leaves=6, estimator__subsample=0.2; total time=   0.4s
[CV] END estimator__learning_rate=0.58, estimator__max_depth=10, estimator__num_leaves=10, estimator__subsample=0.01; total time=   0.7s
[CV] END estimator__learning_rate=0.58, estimator__max_depth=11, estimator__num_leaves=2, estimator__subsample=0.001; total time=   0.0s
[CV] END estimator__learning_rate=0.58, estimator__max_depth=11, estimator__num_leaves=2, estimator__subsample=0.01; total time=   0.1s
[CV] END estimator__learning_rate=0.58, estimator__max_depth=11, estimator__num_leaves=2, estimator__subsample=0.2; total time=   0.1s[CV] END estimator__learning_rate=0.01, estimator__max_depth=10, estimator__num_leaves=4, estimator__subsample=0.1; total time=   4.7s
[CV] END estimator__learning_rate=0.01, estimator__max_depth=10, estimator__num_leaves=31, estimator__subsample=0.001; total time=   1.4s
[CV] END estimator__learning_rate=0.01, estimator__max_depth=11, estimator__num_leaves=6, estimator__subsample=0.01; total time=   0.4s
[CV] END estimator__learning_rate=0.01, estimator__max_depth=11, estimator__num_leaves=8, estimator__subsample=0.2; total time=   0.6s
[CV] END estimator__learning_rate=0.01, estimator__max_depth=11, estimator__num_leaves=31, estimator__subsample=0.1; total time=   1.4s
[CV] END estimator__learning_rate=0.01, estimator__max_depth=12, estimator__num_leaves=8, estimator__subsample=0.001; total time=   0.6s
[CV] END estimator__learning_rate=0.01, estimator__max_depth=12, estimator__num_leaves=10, estimator__subsample=0.1; total time=   0.7s
[CV] END estimator__learning_rate=0.01, estimator__max_depth=13, estimator__num_leaves=2, estimator__subsample=0.01; total time=   0.1s
[CV] END estimator__learning_rate=0.01, estimator__max_depth=13, estimator__num_leaves=2, estimator__subsample=0.2; total time=   0.1s
[CV] END estimator__learning_rate=0.01, estimator__max_depth=13, estimator__num_leaves=4, estimator__subsample=0.1; total time=   0.2s
[CV] END estimator__learning_rate=0.01, estimator__max_depth=13, estimator__num_leaves=6, estimator__subsample=0.001; total time=   0.4s
[CV] END estimator__learning_rate=0.01, estimator__max_depth=13, estimator__num_leaves=8, estimator__subsample=0.01; total time=   0.6s
[CV] END estimator__learning_rate=0.01, estimator__max_depth=13, estimator__num_leaves=10, estimator__subsample=0.2; total time=   0.8s
[CV] END estimator__learning_rate=0.01, estimator__max_depth=14, estimator__num_leaves=2, estimator__subsample=0.2; total time=   0.1s
[CV] END estimator__learning_rate=0.01, estimator__max_depth=14, estimator__num_leaves=4, estimator__subsample=0.1; total time=   0.2s
[CV] END estimator__learning_rate=0.01, estimator__max_depth=14, estimator__num_leaves=6, estimator__subsample=0.001; total time=   0.4s
[CV] END estimator__learning_rate=0.01, estimator__max_depth=14, estimator__num_leaves=8, estimator__subsample=0.01; total time=   0.6s
[CV] END estimator__learning_rate=0.01, estimator__max_depth=14, estimator__num_leaves=10, estimator__subsample=0.2; total time=   0.7s
[CV] END estimator__learning_rate=0.2, estimator__max_depth=10, estimator__num_leaves=2, estimator__subsample=0.2; total time=   0.1s
[CV] END estimator__learning_rate=0.2, estimator__max_depth=10, estimator__num_leaves=4, estimator__subsample=0.01; total time=   0.2s
[CV] END estimator__learning_rate=0.2, estimator__max_depth=10, estimator__num_leaves=4, estimator__subsample=0.2; total time=   0.2s
[CV] END estimator__learning_rate=0.2, estimator__max_depth=10, estimator__num_leaves=6, estimator__subsample=0.2; total time=   0.4s
[CV] END estimator__learning_rate=0.2, estimator__max_depth=10, estimator__num_leaves=10, estimator__subsample=0.01; total time=   0.8s
[CV] END estimator__learning_rate=0.2, estimator__max_depth=11, estimator__num_leaves=2, estimator__subsample=0.001; total time=   0.1s
[CV] END estimator__learning_rate=0.2, estimator__max_depth=11, estimator__num_leaves=2, estimator__subsample=0.001; total time=   0.1s
[CV] END estimator__learning_rate=0.2, estimator__max_depth=11, estimator__num_leaves=2, estimator__subsample=0.1; total time=   0.1s
[CV] END estimator__learning_rate=0.2, estimator__max_depth=11, estimator__num_leaves=4, estimator__subsample=0.001; total time=   0.2s
[CV] END estimator__learning_rate=0.2, estimator__max_depth=11, estimator__num_leaves=4, estimator__subsample=0.2; total time=   0.2s
[CV] END estimator__learning_rate=0.2, estimator__max_depth=11, estimator__num_leaves=6, estimator__subsample=0.1; total time=   0.4s
[CV] END estimator__learning_rate=0.2, estimator__max_depth=11, estimator__num_leaves=10, estimator__subsample=0.01; total time=   0.7s
[CV] END estimator__learning_rate=0.2, estimator__max_depth=11, estimator__num_leaves=31, estimator__subsample=0.2; total time=   1.5s
[CV] END estimator__learning_rate=0.2, estimator__max_depth=12, estimator__num_leaves=8, estimator__subsample=0.2; total time=   0.6s
[CV] END estimator__learning_rate=0.2, estimator__max_depth=12, estimator__num_leaves=31, estimator__subsample=0.01; total time=   1.5s
[CV] END estimator__learning_rate=0.2, estimator__max_depth=13, estimator__num_leaves=8, estimator__subsample=0.001; total time=   0.6s
[CV] END estimator__learning_rate=0.2, estimator__max_depth=13, estimator__num_leaves=10, estimator__subsample=0.1; total time=   0.8s
[CV] END estimator__learning_rate=0.2, estimator__max_depth=14, estimator__num_leaves=2, estimator__subsample=0.1; total time=   0.1s
[CV] END estimator__learning_rate=0.2, estimator__max_depth=14, estimator__num_leaves=4, estimator__subsample=0.001; total time=   0.2s
[CV] END estimator__learning_rate=0.2, estimator__max_depth=14, estimator__num_leaves=4, estimator__subsample=0.1; total time=   0.2s
[CV] END estimator__learning_rate=0.2, estimator__max_depth=14, estimator__num_leaves=6, estimator__subsample=0.01; total time=   0.4s
[CV] END estimator__learning_rate=0.2, estimator__max_depth=14, estimator__num_leaves=8, estimator__subsample=0.2; total time=   0.6s
[CV] END estimator__learning_rate=0.2, estimator__max_depth=14, estimator__num_leaves=31, estimator__subsample=0.01; total time=   1.5s
[CV] END estimator__learning_rate=0.39, estimator__max_depth=10, estimator__num_leaves=8, estimator__subsample=0.001; total time=   0.6s
[CV] END estimator__learning_rate=0.39, estimator__max_depth=10, estimator__num_leaves=10, estimator__subsample=0.1; total time=   0.8s
[CV] END estimator__learning_rate=0.39, estimator__max_depth=11, estimator__num_leaves=2, estimator__subsample=0.01; total time=   0.1s
[CV] END estimator__learning_rate=0.39, estimator__max_depth=11, estimator__num_leaves=4, estimator__subsample=0.001; total time=   0.2s
[CV] END estimator__learning_rate=0.39, estimator__max_depth=11, estimator__num_leaves=4, estimator__subsample=0.1; total time=   0.3s
[CV] END estimator__learning_rate=0.39, estimator__max_depth=11, estimator__num_leaves=6, estimator__subsample=0.1; total time=   0.4s
[CV] END estimator__learning_rate=0.39, estimator__max_depth=11, estimator__num_leaves=10, estimator__subsample=0.01; total time=   0.7s
[CV] END estimator__learning_rate=0.39, estimator__max_depth=11, estimator__num_leaves=31, estimator__subsample=0.1; total time=   1.5s
[CV] END estimator__learning_rate=0.39, estimator__max_depth=12, estimator__num_leaves=8, estimator__subsample=0.01; total time=   0.6s
[CV] END estimator__learning_rate=0.39, estimator__max_depth=12, estimator__num_leaves=31, estimator__subsample=0.001; total time=   1.5s
[CV] END estimator__learning_rate=0.39, estimator__max_depth=13, estimator__num_leaves=6, estimator__subsample=0.1; total time=   0.4s
[CV] END estimator__learning_rate=0.39, estimator__max_depth=13, estimator__num_leaves=10, estimator__subsample=0.001; total time=   0.8s
[CV] END estimator__learning_rate=0.39, estimator__max_depth=13, estimator__num_leaves=31, estimator__subsample=0.2; total time=   1.6s
[CV] END estimator__learning_rate=0.39, estimator__max_depth=14, estimator__num_leaves=8, estimator__subsample=0.2; total time=   0.6s
[CV] END estimator__learning_rate=0.39, estimator__max_depth=14, estimator__num_leaves=31, estimator__subsample=0.01; total time=   1.5s
[CV] END estimator__learning_rate=0.58, estimator__max_depth=10, estimator__num_leaves=8, estimator__subsample=0.001; total time=   0.6s
[CV] END estimator__learning_rate=0.58, estimator__max_depth=10, estimator__num_leaves=10, estimator__subsample=0.1; total time=   0.8s
[CV] END estimator__learning_rate=0.58, estimator__max_depth=11, estimator__num_leaves=2, estimator__subsample=0.01; total time=   0.1s
[CV] END estimator__learning_rate=0.58, estimator__max_depth=11, estimator__num_leaves=4, estimator__subsample=0.001; total time=   0.2s[CV] END estimator__learning_rate=0.01, estimator__max_depth=10, estimator__num_leaves=4, estimator__subsample=0.001; total time=   4.7s
[CV] END estimator__learning_rate=0.01, estimator__max_depth=10, estimator__num_leaves=31, estimator__subsample=0.001; total time=   1.5s
[CV] END estimator__learning_rate=0.01, estimator__max_depth=11, estimator__num_leaves=6, estimator__subsample=0.2; total time=   0.4s
[CV] END estimator__learning_rate=0.01, estimator__max_depth=11, estimator__num_leaves=10, estimator__subsample=0.1; total time=   0.7s
[CV] END estimator__learning_rate=0.01, estimator__max_depth=12, estimator__num_leaves=2, estimator__subsample=0.001; total time=   0.0s
[CV] END estimator__learning_rate=0.01, estimator__max_depth=12, estimator__num_leaves=2, estimator__subsample=0.01; total time=   0.1s
[CV] END estimator__learning_rate=0.01, estimator__max_depth=12, estimator__num_leaves=2, estimator__subsample=0.1; total time=   0.1s
[CV] END estimator__learning_rate=0.01, estimator__max_depth=12, estimator__num_leaves=4, estimator__subsample=0.01; total time=   0.2s
[CV] END estimator__learning_rate=0.01, estimator__max_depth=12, estimator__num_leaves=4, estimator__subsample=0.2; total time=   0.2s
[CV] END estimator__learning_rate=0.01, estimator__max_depth=12, estimator__num_leaves=6, estimator__subsample=0.1; total time=   0.4s
[CV] END estimator__learning_rate=0.01, estimator__max_depth=12, estimator__num_leaves=10, estimator__subsample=0.001; total time=   0.9s
[CV] END estimator__learning_rate=0.01, estimator__max_depth=13, estimator__num_leaves=2, estimator__subsample=0.01; total time=   0.1s
[CV] END estimator__learning_rate=0.01, estimator__max_depth=13, estimator__num_leaves=2, estimator__subsample=0.1; total time=   0.1s
[CV] END estimator__learning_rate=0.01, estimator__max_depth=13, estimator__num_leaves=4, estimator__subsample=0.01; total time=   0.2s
[CV] END estimator__learning_rate=0.01, estimator__max_depth=13, estimator__num_leaves=4, estimator__subsample=0.2; total time=   0.3s
[CV] END estimator__learning_rate=0.01, estimator__max_depth=13, estimator__num_leaves=6, estimator__subsample=0.2; total time=   0.4s
[CV] END estimator__learning_rate=0.01, estimator__max_depth=13, estimator__num_leaves=10, estimator__subsample=0.01; total time=   0.7s
[CV] END estimator__learning_rate=0.01, estimator__max_depth=14, estimator__num_leaves=2, estimator__subsample=0.001; total time=   0.0s
[CV] END estimator__learning_rate=0.01, estimator__max_depth=14, estimator__num_leaves=2, estimator__subsample=0.01; total time=   0.1s
[CV] END estimator__learning_rate=0.01, estimator__max_depth=14, estimator__num_leaves=2, estimator__subsample=0.2; total time=   0.1s
[CV] END estimator__learning_rate=0.01, estimator__max_depth=14, estimator__num_leaves=4, estimator__subsample=0.01; total time=   0.2s
[CV] END estimator__learning_rate=0.01, estimator__max_depth=14, estimator__num_leaves=4, estimator__subsample=0.2; total time=   0.3s
[CV] END estimator__learning_rate=0.01, estimator__max_depth=14, estimator__num_leaves=6, estimator__subsample=0.2; total time=   0.4s
[CV] END estimator__learning_rate=0.01, estimator__max_depth=14, estimator__num_leaves=10, estimator__subsample=0.01; total time=   0.7s
[CV] END estimator__learning_rate=0.2, estimator__max_depth=10, estimator__num_leaves=2, estimator__subsample=0.001; total time=   0.0s
[CV] END estimator__learning_rate=0.2, estimator__max_depth=10, estimator__num_leaves=2, estimator__subsample=0.01; total time=   0.1s
[CV] END estimator__learning_rate=0.2, estimator__max_depth=10, estimator__num_leaves=2, estimator__subsample=0.1; total time=   0.1s
[CV] END estimator__learning_rate=0.2, estimator__max_depth=10, estimator__num_leaves=4, estimator__subsample=0.01; total time=   0.2s
[CV] END estimator__learning_rate=0.2, estimator__max_depth=10, estimator__num_leaves=6, estimator__subsample=0.001; total time=   0.4s
[CV] END estimator__learning_rate=0.2, estimator__max_depth=10, estimator__num_leaves=8, estimator__subsample=0.001; total time=   0.6s
[CV] END estimator__learning_rate=0.2, estimator__max_depth=10, estimator__num_leaves=10, estimator__subsample=0.2; total time=   0.8s
[CV] END estimator__learning_rate=0.2, estimator__max_depth=11, estimator__num_leaves=2, estimator__subsample=0.1; total time=   0.1s
[CV] END estimator__learning_rate=0.2, estimator__max_depth=11, estimator__num_leaves=4, estimator__subsample=0.01; total time=   0.2s
[CV] END estimator__learning_rate=0.2, estimator__max_depth=11, estimator__num_leaves=4, estimator__subsample=0.2; total time=   0.2s
[CV] END estimator__learning_rate=0.2, estimator__max_depth=11, estimator__num_leaves=6, estimator__subsample=0.1; total time=   0.4s
[CV] END estimator__learning_rate=0.2, estimator__max_depth=11, estimator__num_leaves=10, estimator__subsample=0.01; total time=   0.7s
[CV] END estimator__learning_rate=0.2, estimator__max_depth=11, estimator__num_leaves=31, estimator__subsample=0.2; total time=   1.5s
[CV] END estimator__learning_rate=0.2, estimator__max_depth=12, estimator__num_leaves=8, estimator__subsample=0.1; total time=   0.6s
[CV] END estimator__learning_rate=0.2, estimator__max_depth=12, estimator__num_leaves=31, estimator__subsample=0.001; total time=   1.5s
[CV] END estimator__learning_rate=0.2, estimator__max_depth=13, estimator__num_leaves=6, estimator__subsample=0.1; total time=   0.4s
[CV] END estimator__learning_rate=0.2, estimator__max_depth=13, estimator__num_leaves=10, estimator__subsample=0.01; total time=   0.7s
[CV] END estimator__learning_rate=0.2, estimator__max_depth=13, estimator__num_leaves=31, estimator__subsample=0.2; total time=   1.6s
[CV] END estimator__learning_rate=0.2, estimator__max_depth=14, estimator__num_leaves=10, estimator__subsample=0.001; total time=   0.7s
[CV] END estimator__learning_rate=0.2, estimator__max_depth=14, estimator__num_leaves=31, estimator__subsample=0.1; total time=   1.6s
[CV] END estimator__learning_rate=0.39, estimator__max_depth=10, estimator__num_leaves=8, estimator__subsample=0.1; total time=   0.6s
[CV] END estimator__learning_rate=0.39, estimator__max_depth=10, estimator__num_leaves=31, estimator__subsample=0.001; total time=   1.4s
[CV] END estimator__learning_rate=0.39, estimator__max_depth=11, estimator__num_leaves=6, estimator__subsample=0.01; total time=   0.4s
[CV] END estimator__learning_rate=0.39, estimator__max_depth=11, estimator__num_leaves=10, estimator__subsample=0.001; total time=   0.7s
[CV] END estimator__learning_rate=0.39, estimator__max_depth=11, estimator__num_leaves=31, estimator__subsample=0.1; total time=   1.5s
[CV] END estimator__learning_rate=0.39, estimator__max_depth=12, estimator__num_leaves=8, estimator__subsample=0.1; total time=   0.6s
[CV] END estimator__learning_rate=0.39, estimator__max_depth=12, estimator__num_leaves=31, estimator__subsample=0.001; total time=   1.5s
[CV] END estimator__learning_rate=0.39, estimator__max_depth=13, estimator__num_leaves=6, estimator__subsample=0.1; total time=   0.4s
[CV] END estimator__learning_rate=0.39, estimator__max_depth=13, estimator__num_leaves=10, estimator__subsample=0.01; total time=   0.8s
[CV] END estimator__learning_rate=0.39, estimator__max_depth=13, estimator__num_leaves=31, estimator__subsample=0.2; total time=   1.5s
[CV] END estimator__learning_rate=0.39, estimator__max_depth=14, estimator__num_leaves=8, estimator__subsample=0.2; total time=   0.6s
[CV] END estimator__learning_rate=0.39, estimator__max_depth=14, estimator__num_leaves=31, estimator__subsample=0.01; total time=   1.6s
[CV] END estimator__learning_rate=0.58, estimator__max_depth=10, estimator__num_leaves=8, estimator__subsample=0.001; total time=   0.6s
[CV] END estimator__learning_rate=0.58, estimator__max_depth=10, estimator__num_leaves=10, estimator__subsample=0.1; total time=   0.8s
[CV] END estimator__learning_rate=0.58, estimator__max_depth=11, estimator__num_leaves=2, estimator__subsample=0.01; total time=   0.1s
[CV] END estimator__learning_rate=0.58, estimator__max_depth=11, estimator__num_leaves=4, estimator__subsample=0.001; total time=   0.2s[CV] END estimator__learning_rate=0.01, estimator__max_depth=10, estimator__num_leaves=2, estimator__subsample=0.2; total time=   4.1s
[CV] END estimator__learning_rate=0.01, estimator__max_depth=10, estimator__num_leaves=6, estimator__subsample=0.01; total time=   0.2s
[CV] END estimator__learning_rate=0.01, estimator__max_depth=10, estimator__num_leaves=8, estimator__subsample=0.001; total time=   0.3s
[CV] END estimator__learning_rate=0.01, estimator__max_depth=10, estimator__num_leaves=10, estimator__subsample=0.001; total time=   0.9s
[CV] END estimator__learning_rate=0.01, estimator__max_depth=10, estimator__num_leaves=31, estimator__subsample=0.1; total time=   1.5s
[CV] END estimator__learning_rate=0.01, estimator__max_depth=11, estimator__num_leaves=8, estimator__subsample=0.1; total time=   0.6s
[CV] END estimator__learning_rate=0.01, estimator__max_depth=11, estimator__num_leaves=31, estimator__subsample=0.001; total time=   1.4s
[CV] END estimator__learning_rate=0.01, estimator__max_depth=12, estimator__num_leaves=6, estimator__subsample=0.1; total time=   0.4s
[CV] END estimator__learning_rate=0.01, estimator__max_depth=12, estimator__num_leaves=10, estimator__subsample=0.01; total time=   0.7s
[CV] END estimator__learning_rate=0.01, estimator__max_depth=12, estimator__num_leaves=31, estimator__subsample=0.2; total time=   1.5s
[CV] END estimator__learning_rate=0.01, estimator__max_depth=13, estimator__num_leaves=8, estimator__subsample=0.2; total time=   0.6s
[CV] END estimator__learning_rate=0.01, estimator__max_depth=13, estimator__num_leaves=31, estimator__subsample=0.01; total time=   1.5s
[CV] END estimator__learning_rate=0.01, estimator__max_depth=14, estimator__num_leaves=8, estimator__subsample=0.001; total time=   0.6s
[CV] END estimator__learning_rate=0.01, estimator__max_depth=14, estimator__num_leaves=10, estimator__subsample=0.1; total time=   0.7s
[CV] END estimator__learning_rate=0.2, estimator__max_depth=10, estimator__num_leaves=2, estimator__subsample=0.01; total time=   0.1s
[CV] END estimator__learning_rate=0.2, estimator__max_depth=10, estimator__num_leaves=4, estimator__subsample=0.001; total time=   0.2s
[CV] END estimator__learning_rate=0.2, estimator__max_depth=10, estimator__num_leaves=4, estimator__subsample=0.1; total time=   0.2s
[CV] END estimator__learning_rate=0.2, estimator__max_depth=10, estimator__num_leaves=6, estimator__subsample=0.01; total time=   0.4s
[CV] END estimator__learning_rate=0.2, estimator__max_depth=10, estimator__num_leaves=8, estimator__subsample=0.2; total time=   0.6s
[CV] END estimator__learning_rate=0.2, estimator__max_depth=10, estimator__num_leaves=31, estimator__subsample=0.1; total time=   1.4s
[CV] END estimator__learning_rate=0.2, estimator__max_depth=11, estimator__num_leaves=8, estimator__subsample=0.001; total time=   0.6s
[CV] END estimator__learning_rate=0.2, estimator__max_depth=11, estimator__num_leaves=10, estimator__subsample=0.1; total time=   0.8s
[CV] END estimator__learning_rate=0.2, estimator__max_depth=12, estimator__num_leaves=2, estimator__subsample=0.01; total time=   0.1s
[CV] END estimator__learning_rate=0.2, estimator__max_depth=12, estimator__num_leaves=2, estimator__subsample=0.2; total time=   0.1s
[CV] END estimator__learning_rate=0.2, estimator__max_depth=12, estimator__num_leaves=4, estimator__subsample=0.1; total time=   0.2s
[CV] END estimator__learning_rate=0.2, estimator__max_depth=12, estimator__num_leaves=6, estimator__subsample=0.001; total time=   0.4s
[CV] END estimator__learning_rate=0.2, estimator__max_depth=12, estimator__num_leaves=8, estimator__subsample=0.01; total time=   0.6s
[CV] END estimator__learning_rate=0.2, estimator__max_depth=12, estimator__num_leaves=10, estimator__subsample=0.2; total time=   0.8s
[CV] END estimator__learning_rate=0.2, estimator__max_depth=13, estimator__num_leaves=2, estimator__subsample=0.2; total time=   0.1s
[CV] END estimator__learning_rate=0.2, estimator__max_depth=13, estimator__num_leaves=4, estimator__subsample=0.01; total time=   0.3s
[CV] END estimator__learning_rate=0.2, estimator__max_depth=13, estimator__num_leaves=6, estimator__subsample=0.001; total time=   0.4s
[CV] END estimator__learning_rate=0.2, estimator__max_depth=13, estimator__num_leaves=8, estimator__subsample=0.01; total time=   0.6s
[CV] END estimator__learning_rate=0.2, estimator__max_depth=13, estimator__num_leaves=10, estimator__subsample=0.2; total time=   0.8s
[CV] END estimator__learning_rate=0.2, estimator__max_depth=14, estimator__num_leaves=2, estimator__subsample=0.2; total time=   0.1s
[CV] END estimator__learning_rate=0.2, estimator__max_depth=14, estimator__num_leaves=4, estimator__subsample=0.1; total time=   0.2s
[CV] END estimator__learning_rate=0.2, estimator__max_depth=14, estimator__num_leaves=6, estimator__subsample=0.001; total time=   0.4s
[CV] END estimator__learning_rate=0.2, estimator__max_depth=14, estimator__num_leaves=8, estimator__subsample=0.001; total time=   0.6s
[CV] END estimator__learning_rate=0.2, estimator__max_depth=14, estimator__num_leaves=10, estimator__subsample=0.2; total time=   0.7s
[CV] END estimator__learning_rate=0.39, estimator__max_depth=10, estimator__num_leaves=2, estimator__subsample=0.1; total time=   0.1s
[CV] END estimator__learning_rate=0.39, estimator__max_depth=10, estimator__num_leaves=4, estimator__subsample=0.001; total time=   0.2s
[CV] END estimator__learning_rate=0.39, estimator__max_depth=10, estimator__num_leaves=4, estimator__subsample=0.2; total time=   0.2s
[CV] END estimator__learning_rate=0.39, estimator__max_depth=10, estimator__num_leaves=6, estimator__subsample=0.01; total time=   0.4s
[CV] END estimator__learning_rate=0.39, estimator__max_depth=10, estimator__num_leaves=10, estimator__subsample=0.001; total time=   0.7s
[CV] END estimator__learning_rate=0.39, estimator__max_depth=10, estimator__num_leaves=31, estimator__subsample=0.1; total time=   1.5s
[CV] END estimator__learning_rate=0.39, estimator__max_depth=11, estimator__num_leaves=8, estimator__subsample=0.1; total time=   0.6s
[CV] END estimator__learning_rate=0.39, estimator__max_depth=11, estimator__num_leaves=31, estimator__subsample=0.001; total time=   1.5s
[CV] END estimator__learning_rate=0.39, estimator__max_depth=12, estimator__num_leaves=6, estimator__subsample=0.1; total time=   0.4s
[CV] END estimator__learning_rate=0.39, estimator__max_depth=12, estimator__num_leaves=10, estimator__subsample=0.01; total time=   0.7s
[CV] END estimator__learning_rate=0.39, estimator__max_depth=12, estimator__num_leaves=31, estimator__subsample=0.1; total time=   1.5s
[CV] END estimator__learning_rate=0.39, estimator__max_depth=13, estimator__num_leaves=8, estimator__subsample=0.1; total time=   0.6s
[CV] END estimator__learning_rate=0.39, estimator__max_depth=13, estimator__num_leaves=10, estimator__subsample=0.2; total time=   0.8s
[CV] END estimator__learning_rate=0.39, estimator__max_depth=14, estimator__num_leaves=4, estimator__subsample=0.001; total time=   0.2s
[CV] END estimator__learning_rate=0.39, estimator__max_depth=14, estimator__num_leaves=4, estimator__subsample=0.2; total time=   0.2s
[CV] END estimator__learning_rate=0.39, estimator__max_depth=14, estimator__num_leaves=6, estimator__subsample=0.01; total time=   0.4s
[CV] END estimator__learning_rate=0.39, estimator__max_depth=14, estimator__num_leaves=8, estimator__subsample=0.2; total time=   0.6s
[CV] END estimator__learning_rate=0.39, estimator__max_depth=14, estimator__num_leaves=31, estimator__subsample=0.1; total time=   1.5s
[CV] END estimator__learning_rate=0.58, estimator__max_depth=10, estimator__num_leaves=8, estimator__subsample=0.001; total time=   0.6s
[CV] END estimator__learning_rate=0.58, estimator__max_depth=10, estimator__num_leaves=10, estimator__subsample=0.2; total time=   0.7s
[CV] END estimator__learning_rate=0.58, estimator__max_depth=11, estimator__num_leaves=2, estimator__subsample=0.1; total time=   0.1s
[CV] END estimator__learning_rate=0.58, estimator__max_depth=11, estimator__num_leaves=4, estimator__subsample=0.001; total time=   0.2s[CV] END estimator__learning_rate=0.01, estimator__max_depth=10, estimator__num_leaves=2, estimator__subsample=0.2; total time=   4.1s
[CV] END estimator__learning_rate=0.01, estimator__max_depth=10, estimator__num_leaves=8, estimator__subsample=0.001; total time=   0.3s
[CV] END estimator__learning_rate=0.01, estimator__max_depth=10, estimator__num_leaves=8, estimator__subsample=0.2; total time=   0.8s
[CV] END estimator__learning_rate=0.01, estimator__max_depth=10, estimator__num_leaves=31, estimator__subsample=0.1; total time=   1.4s
[CV] END estimator__learning_rate=0.01, estimator__max_depth=11, estimator__num_leaves=6, estimator__subsample=0.2; total time=   0.4s
[CV] END estimator__learning_rate=0.01, estimator__max_depth=11, estimator__num_leaves=10, estimator__subsample=0.01; total time=   0.7s
[CV] END estimator__learning_rate=0.01, estimator__max_depth=12, estimator__num_leaves=2, estimator__subsample=0.001; total time=   0.0s
[CV] END estimator__learning_rate=0.01, estimator__max_depth=12, estimator__num_leaves=2, estimator__subsample=0.01; total time=   0.1s
[CV] END estimator__learning_rate=0.01, estimator__max_depth=12, estimator__num_leaves=2, estimator__subsample=0.1; total time=   0.1s
[CV] END estimator__learning_rate=0.01, estimator__max_depth=12, estimator__num_leaves=4, estimator__subsample=0.001; total time=   0.2s
[CV] END estimator__learning_rate=0.01, estimator__max_depth=12, estimator__num_leaves=4, estimator__subsample=0.2; total time=   0.2s
[CV] END estimator__learning_rate=0.01, estimator__max_depth=12, estimator__num_leaves=6, estimator__subsample=0.1; total time=   0.4s
[CV] END estimator__learning_rate=0.01, estimator__max_depth=12, estimator__num_leaves=10, estimator__subsample=0.001; total time=   0.7s
[CV] END estimator__learning_rate=0.01, estimator__max_depth=12, estimator__num_leaves=31, estimator__subsample=0.1; total time=   1.5s
[CV] END estimator__learning_rate=0.01, estimator__max_depth=13, estimator__num_leaves=8, estimator__subsample=0.1; total time=   0.6s
[CV] END estimator__learning_rate=0.01, estimator__max_depth=13, estimator__num_leaves=31, estimator__subsample=0.01; total time=   1.5s
[CV] END estimator__learning_rate=0.01, estimator__max_depth=14, estimator__num_leaves=8, estimator__subsample=0.001; total time=   0.6s
[CV] END estimator__learning_rate=0.01, estimator__max_depth=14, estimator__num_leaves=10, estimator__subsample=0.1; total time=   0.7s
[CV] END estimator__learning_rate=0.2, estimator__max_depth=10, estimator__num_leaves=2, estimator__subsample=0.1; total time=   0.1s
[CV] END estimator__learning_rate=0.2, estimator__max_depth=10, estimator__num_leaves=4, estimator__subsample=0.001; total time=   0.2s
[CV] END estimator__learning_rate=0.2, estimator__max_depth=10, estimator__num_leaves=4, estimator__subsample=0.1; total time=   0.2s
[CV] END estimator__learning_rate=0.2, estimator__max_depth=10, estimator__num_leaves=6, estimator__subsample=0.01; total time=   0.4s
[CV] END estimator__learning_rate=0.2, estimator__max_depth=10, estimator__num_leaves=10, estimator__subsample=0.001; total time=   0.7s
[CV] END estimator__learning_rate=0.2, estimator__max_depth=10, estimator__num_leaves=31, estimator__subsample=0.1; total time=   1.5s
[CV] END estimator__learning_rate=0.2, estimator__max_depth=11, estimator__num_leaves=8, estimator__subsample=0.1; total time=   0.6s
[CV] END estimator__learning_rate=0.2, estimator__max_depth=11, estimator__num_leaves=31, estimator__subsample=0.001; total time=   1.5s
[CV] END estimator__learning_rate=0.2, estimator__max_depth=12, estimator__num_leaves=6, estimator__subsample=0.2; total time=   0.4s
[CV] END estimator__learning_rate=0.2, estimator__max_depth=12, estimator__num_leaves=10, estimator__subsample=0.01; total time=   0.7s
[CV] END estimator__learning_rate=0.2, estimator__max_depth=12, estimator__num_leaves=31, estimator__subsample=0.2; total time=   1.5s
[CV] END estimator__learning_rate=0.2, estimator__max_depth=13, estimator__num_leaves=8, estimator__subsample=0.1; total time=   0.6s
[CV] END estimator__learning_rate=0.2, estimator__max_depth=13, estimator__num_leaves=31, estimator__subsample=0.01; total time=   1.5s
[CV] END estimator__learning_rate=0.2, estimator__max_depth=14, estimator__num_leaves=6, estimator__subsample=0.2; total time=   0.4s
[CV] END estimator__learning_rate=0.2, estimator__max_depth=14, estimator__num_leaves=10, estimator__subsample=0.1; total time=   0.7s
[CV] END estimator__learning_rate=0.39, estimator__max_depth=10, estimator__num_leaves=2, estimator__subsample=0.001; total time=   0.0s
[CV] END estimator__learning_rate=0.39, estimator__max_depth=10, estimator__num_leaves=2, estimator__subsample=0.01; total time=   0.1s
[CV] END estimator__learning_rate=0.39, estimator__max_depth=10, estimator__num_leaves=2, estimator__subsample=0.2; total time=   0.1s
[CV] END estimator__learning_rate=0.39, estimator__max_depth=10, estimator__num_leaves=4, estimator__subsample=0.01; total time=   0.2s
[CV] END estimator__learning_rate=0.39, estimator__max_depth=10, estimator__num_leaves=6, estimator__subsample=0.001; total time=   0.4s
[CV] END estimator__learning_rate=0.39, estimator__max_depth=10, estimator__num_leaves=8, estimator__subsample=0.01; total time=   0.6s
[CV] END estimator__learning_rate=0.39, estimator__max_depth=10, estimator__num_leaves=10, estimator__subsample=0.2; total time=   0.8s
[CV] END estimator__learning_rate=0.39, estimator__max_depth=11, estimator__num_leaves=2, estimator__subsample=0.1; total time=   0.1s
[CV] END estimator__learning_rate=0.39, estimator__max_depth=11, estimator__num_leaves=4, estimator__subsample=0.01; total time=   0.2s
[CV] END estimator__learning_rate=0.39, estimator__max_depth=11, estimator__num_leaves=4, estimator__subsample=0.2; total time=   0.2s
[CV] END estimator__learning_rate=0.39, estimator__max_depth=11, estimator__num_leaves=6, estimator__subsample=0.1; total time=   0.4s
[CV] END estimator__learning_rate=0.39, estimator__max_depth=11, estimator__num_leaves=10, estimator__subsample=0.01; total time=   0.8s
[CV] END estimator__learning_rate=0.39, estimator__max_depth=11, estimator__num_leaves=31, estimator__subsample=0.2; total time=   1.5s
[CV] END estimator__learning_rate=0.39, estimator__max_depth=12, estimator__num_leaves=8, estimator__subsample=0.1; total time=   0.6s
[CV] END estimator__learning_rate=0.39, estimator__max_depth=12, estimator__num_leaves=31, estimator__subsample=0.001; total time=   1.5s
[CV] END estimator__learning_rate=0.39, estimator__max_depth=13, estimator__num_leaves=6, estimator__subsample=0.2; total time=   0.4s
[CV] END estimator__learning_rate=0.39, estimator__max_depth=13, estimator__num_leaves=10, estimator__subsample=0.01; total time=   0.8s
[CV] END estimator__learning_rate=0.39, estimator__max_depth=14, estimator__num_leaves=2, estimator__subsample=0.001; total time=   0.0s
[CV] END estimator__learning_rate=0.39, estimator__max_depth=14, estimator__num_leaves=2, estimator__subsample=0.01; total time=   0.1s
[CV] END estimator__learning_rate=0.39, estimator__max_depth=14, estimator__num_leaves=2, estimator__subsample=0.1; total time=   0.1s
[CV] END estimator__learning_rate=0.39, estimator__max_depth=14, estimator__num_leaves=4, estimator__subsample=0.01; total time=   0.2s
[CV] END estimator__learning_rate=0.39, estimator__max_depth=14, estimator__num_leaves=4, estimator__subsample=0.2; total time=   0.2s
[CV] END estimator__learning_rate=0.39, estimator__max_depth=14, estimator__num_leaves=6, estimator__subsample=0.01; total time=   0.4s
[CV] END estimator__learning_rate=0.39, estimator__max_depth=14, estimator__num_leaves=10, estimator__subsample=0.001; total time=   0.7s
[CV] END estimator__learning_rate=0.39, estimator__max_depth=14, estimator__num_leaves=31, estimator__subsample=0.1; total time=   1.5s
[CV] END estimator__learning_rate=0.58, estimator__max_depth=10, estimator__num_leaves=8, estimator__subsample=0.01; total time=   0.6s
[CV] END estimator__learning_rate=0.58, estimator__max_depth=10, estimator__num_leaves=31, estimator__subsample=0.001; total time=   1.4s[CV] END estimator__learning_rate=0.01, estimator__max_depth=10, estimator__num_leaves=2, estimator__subsample=0.001; total time=   4.6s
[CV] END estimator__learning_rate=0.01, estimator__max_depth=10, estimator__num_leaves=4, estimator__subsample=0.1; total time=   0.0s
[CV] END estimator__learning_rate=0.01, estimator__max_depth=10, estimator__num_leaves=6, estimator__subsample=0.001; total time=   0.2s
[CV] END estimator__learning_rate=0.01, estimator__max_depth=10, estimator__num_leaves=6, estimator__subsample=0.1; total time=   0.2s
[CV] END estimator__learning_rate=0.01, estimator__max_depth=10, estimator__num_leaves=8, estimator__subsample=0.01; total time=   0.4s
[CV] END estimator__learning_rate=0.01, estimator__max_depth=10, estimator__num_leaves=10, estimator__subsample=0.01; total time=   0.9s
[CV] END estimator__learning_rate=0.01, estimator__max_depth=10, estimator__num_leaves=31, estimator__subsample=0.2; total time=   1.5s
[CV] END estimator__learning_rate=0.01, estimator__max_depth=11, estimator__num_leaves=10, estimator__subsample=0.01; total time=   0.7s
[CV] END estimator__learning_rate=0.01, estimator__max_depth=11, estimator__num_leaves=31, estimator__subsample=0.2; total time=   1.5s
[CV] END estimator__learning_rate=0.01, estimator__max_depth=12, estimator__num_leaves=8, estimator__subsample=0.2; total time=   0.5s
[CV] END estimator__learning_rate=0.01, estimator__max_depth=12, estimator__num_leaves=31, estimator__subsample=0.01; total time=   1.4s
[CV] END estimator__learning_rate=0.01, estimator__max_depth=13, estimator__num_leaves=6, estimator__subsample=0.1; total time=   0.4s
[CV] END estimator__learning_rate=0.01, estimator__max_depth=13, estimator__num_leaves=10, estimator__subsample=0.01; total time=   0.7s
[CV] END estimator__learning_rate=0.01, estimator__max_depth=13, estimator__num_leaves=31, estimator__subsample=0.2; total time=   1.4s
[CV] END estimator__learning_rate=0.01, estimator__max_depth=14, estimator__num_leaves=8, estimator__subsample=0.1; total time=   0.6s
[CV] END estimator__learning_rate=0.01, estimator__max_depth=14, estimator__num_leaves=31, estimator__subsample=0.001; total time=   1.5s
[CV] END estimator__learning_rate=0.2, estimator__max_depth=10, estimator__num_leaves=6, estimator__subsample=0.2; total time=   0.4s
[CV] END estimator__learning_rate=0.2, estimator__max_depth=10, estimator__num_leaves=10, estimator__subsample=0.01; total time=   0.8s
[CV] END estimator__learning_rate=0.2, estimator__max_depth=11, estimator__num_leaves=2, estimator__subsample=0.001; total time=   0.0s
[CV] END estimator__learning_rate=0.2, estimator__max_depth=11, estimator__num_leaves=2, estimator__subsample=0.01; total time=   0.1s
[CV] END estimator__learning_rate=0.2, estimator__max_depth=11, estimator__num_leaves=2, estimator__subsample=0.1; total time=   0.1s
[CV] END estimator__learning_rate=0.2, estimator__max_depth=11, estimator__num_leaves=4, estimator__subsample=0.01; total time=   0.2s
[CV] END estimator__learning_rate=0.2, estimator__max_depth=11, estimator__num_leaves=4, estimator__subsample=0.2; total time=   0.2s
[CV] END estimator__learning_rate=0.2, estimator__max_depth=11, estimator__num_leaves=6, estimator__subsample=0.2; total time=   0.4s
[CV] END estimator__learning_rate=0.2, estimator__max_depth=11, estimator__num_leaves=10, estimator__subsample=0.001; total time=   0.7s
[CV] END estimator__learning_rate=0.2, estimator__max_depth=11, estimator__num_leaves=31, estimator__subsample=0.2; total time=   1.5s
[CV] END estimator__learning_rate=0.2, estimator__max_depth=12, estimator__num_leaves=8, estimator__subsample=0.1; total time=   0.6s
[CV] END estimator__learning_rate=0.2, estimator__max_depth=12, estimator__num_leaves=31, estimator__subsample=0.001; total time=   1.5s
[CV] END estimator__learning_rate=0.2, estimator__max_depth=13, estimator__num_leaves=6, estimator__subsample=0.1; total time=   0.4s
[CV] END estimator__learning_rate=0.2, estimator__max_depth=13, estimator__num_leaves=10, estimator__subsample=0.01; total time=   0.7s
[CV] END estimator__learning_rate=0.2, estimator__max_depth=13, estimator__num_leaves=31, estimator__subsample=0.2; total time=   1.5s
[CV] END estimator__learning_rate=0.2, estimator__max_depth=14, estimator__num_leaves=8, estimator__subsample=0.2; total time=   0.6s
[CV] END estimator__learning_rate=0.2, estimator__max_depth=14, estimator__num_leaves=31, estimator__subsample=0.01; total time=   1.6s
[CV] END estimator__learning_rate=0.39, estimator__max_depth=10, estimator__num_leaves=8, estimator__subsample=0.001; total time=   0.6s
[CV] END estimator__learning_rate=0.39, estimator__max_depth=10, estimator__num_leaves=10, estimator__subsample=0.2; total time=   0.7s
[CV] END estimator__learning_rate=0.39, estimator__max_depth=11, estimator__num_leaves=2, estimator__subsample=0.1; total time=   0.1s
[CV] END estimator__learning_rate=0.39, estimator__max_depth=11, estimator__num_leaves=4, estimator__subsample=0.001; total time=   0.2s
[CV] END estimator__learning_rate=0.39, estimator__max_depth=11, estimator__num_leaves=4, estimator__subsample=0.1; total time=   0.2s
[CV] END estimator__learning_rate=0.39, estimator__max_depth=11, estimator__num_leaves=6, estimator__subsample=0.01; total time=   0.4s
[CV] END estimator__learning_rate=0.39, estimator__max_depth=11, estimator__num_leaves=8, estimator__subsample=0.2; total time=   0.6s
[CV] END estimator__learning_rate=0.39, estimator__max_depth=11, estimator__num_leaves=31, estimator__subsample=0.01; total time=   1.5s
[CV] END estimator__learning_rate=0.39, estimator__max_depth=12, estimator__num_leaves=8, estimator__subsample=0.001; total time=   0.6s
[CV] END estimator__learning_rate=0.39, estimator__max_depth=12, estimator__num_leaves=10, estimator__subsample=0.1; total time=   0.8s
[CV] END estimator__learning_rate=0.39, estimator__max_depth=13, estimator__num_leaves=2, estimator__subsample=0.01; total time=   0.1s
[CV] END estimator__learning_rate=0.39, estimator__max_depth=13, estimator__num_leaves=2, estimator__subsample=0.2; total time=   0.1s
[CV] END estimator__learning_rate=0.39, estimator__max_depth=13, estimator__num_leaves=4, estimator__subsample=0.1; total time=   0.2s
[CV] END estimator__learning_rate=0.39, estimator__max_depth=13, estimator__num_leaves=6, estimator__subsample=0.001; total time=   0.4s
[CV] END estimator__learning_rate=0.39, estimator__max_depth=13, estimator__num_leaves=8, estimator__subsample=0.01; total time=   0.6s
[CV] END estimator__learning_rate=0.39, estimator__max_depth=13, estimator__num_leaves=10, estimator__subsample=0.2; total time=   0.8s
[CV] END estimator__learning_rate=0.39, estimator__max_depth=14, estimator__num_leaves=2, estimator__subsample=0.2; total time=   0.1s
[CV] END estimator__learning_rate=0.39, estimator__max_depth=14, estimator__num_leaves=4, estimator__subsample=0.01; total time=   0.2s
[CV] END estimator__learning_rate=0.39, estimator__max_depth=14, estimator__num_leaves=6, estimator__subsample=0.001; total time=   0.4s
[CV] END estimator__learning_rate=0.39, estimator__max_depth=14, estimator__num_leaves=8, estimator__subsample=0.01; total time=   0.6s
[CV] END estimator__learning_rate=0.39, estimator__max_depth=14, estimator__num_leaves=10, estimator__subsample=0.2; total time=   0.8s
[CV] END estimator__learning_rate=0.58, estimator__max_depth=10, estimator__num_leaves=2, estimator__subsample=0.1; total time=   0.1s
[CV] END estimator__learning_rate=0.58, estimator__max_depth=10, estimator__num_leaves=4, estimator__subsample=0.001; total time=   0.2s
[CV] END estimator__learning_rate=0.58, estimator__max_depth=10, estimator__num_leaves=4, estimator__subsample=0.2; total time=   0.2s
[CV] END estimator__learning_rate=0.58, estimator__max_depth=10, estimator__num_leaves=6, estimator__subsample=0.01; total time=   0.4s
[CV] END estimator__learning_rate=0.58, estimator__max_depth=10, estimator__num_leaves=10, estimator__subsample=0.001; total time=   0.7s
[CV] END estimator__learning_rate=0.58, estimator__max_depth=10, estimator__num_leaves=31, estimator__subsample=0.1; total time=   1.5s[CV] END estimator__learning_rate=0.01, estimator__max_depth=10, estimator__num_leaves=2, estimator__subsample=0.01; total time=   4.3s
[CV] END estimator__learning_rate=0.01, estimator__max_depth=10, estimator__num_leaves=6, estimator__subsample=0.001; total time=   0.2s
[CV] END estimator__learning_rate=0.01, estimator__max_depth=10, estimator__num_leaves=6, estimator__subsample=0.1; total time=   0.2s
[CV] END estimator__learning_rate=0.01, estimator__max_depth=10, estimator__num_leaves=8, estimator__subsample=0.1; total time=   0.3s
[CV] END estimator__learning_rate=0.01, estimator__max_depth=10, estimator__num_leaves=10, estimator__subsample=0.01; total time=   1.0s
[CV] END estimator__learning_rate=0.01, estimator__max_depth=10, estimator__num_leaves=31, estimator__subsample=0.2; total time=   1.5s
[CV] END estimator__learning_rate=0.01, estimator__max_depth=11, estimator__num_leaves=10, estimator__subsample=0.001; total time=   0.7s
[CV] END estimator__learning_rate=0.01, estimator__max_depth=12, estimator__num_leaves=2, estimator__subsample=0.001; total time=   0.0s
[CV] END estimator__learning_rate=0.01, estimator__max_depth=12, estimator__num_leaves=2, estimator__subsample=0.001; total time=   0.1s
[CV] END estimator__learning_rate=0.01, estimator__max_depth=12, estimator__num_leaves=2, estimator__subsample=0.1; total time=   0.1s
[CV] END estimator__learning_rate=0.01, estimator__max_depth=12, estimator__num_leaves=4, estimator__subsample=0.001; total time=   0.2s
[CV] END estimator__learning_rate=0.01, estimator__max_depth=12, estimator__num_leaves=4, estimator__subsample=0.2; total time=   0.2s
[CV] END estimator__learning_rate=0.01, estimator__max_depth=12, estimator__num_leaves=6, estimator__subsample=0.01; total time=   0.4s
[CV] END estimator__learning_rate=0.01, estimator__max_depth=12, estimator__num_leaves=10, estimator__subsample=0.001; total time=   0.7s
[CV] END estimator__learning_rate=0.01, estimator__max_depth=12, estimator__num_leaves=31, estimator__subsample=0.1; total time=   1.4s
[CV] END estimator__learning_rate=0.01, estimator__max_depth=13, estimator__num_leaves=8, estimator__subsample=0.01; total time=   0.6s
[CV] END estimator__learning_rate=0.01, estimator__max_depth=13, estimator__num_leaves=31, estimator__subsample=0.001; total time=   1.4s
[CV] END estimator__learning_rate=0.01, estimator__max_depth=14, estimator__num_leaves=6, estimator__subsample=0.001; total time=   0.4s
[CV] END estimator__learning_rate=0.01, estimator__max_depth=14, estimator__num_leaves=8, estimator__subsample=0.2; total time=   0.6s
[CV] END estimator__learning_rate=0.01, estimator__max_depth=14, estimator__num_leaves=31, estimator__subsample=0.01; total time=   1.5s
[CV] END estimator__learning_rate=0.2, estimator__max_depth=10, estimator__num_leaves=8, estimator__subsample=0.001; total time=   0.6s
[CV] END estimator__learning_rate=0.2, estimator__max_depth=10, estimator__num_leaves=10, estimator__subsample=0.1; total time=   0.8s
[CV] END estimator__learning_rate=0.2, estimator__max_depth=11, estimator__num_leaves=2, estimator__subsample=0.1; total time=   0.1s
[CV] END estimator__learning_rate=0.2, estimator__max_depth=11, estimator__num_leaves=4, estimator__subsample=0.001; total time=   0.2s
[CV] END estimator__learning_rate=0.2, estimator__max_depth=11, estimator__num_leaves=4, estimator__subsample=0.1; total time=   0.2s
[CV] END estimator__learning_rate=0.2, estimator__max_depth=11, estimator__num_leaves=6, estimator__subsample=0.01; total time=   0.4s
[CV] END estimator__learning_rate=0.2, estimator__max_depth=11, estimator__num_leaves=8, estimator__subsample=0.2; total time=   0.6s
[CV] END estimator__learning_rate=0.2, estimator__max_depth=11, estimator__num_leaves=31, estimator__subsample=0.1; total time=   1.5s
[CV] END estimator__learning_rate=0.2, estimator__max_depth=12, estimator__num_leaves=8, estimator__subsample=0.001; total time=   0.6s
[CV] END estimator__learning_rate=0.2, estimator__max_depth=12, estimator__num_leaves=10, estimator__subsample=0.1; total time=   0.7s
[CV] END estimator__learning_rate=0.2, estimator__max_depth=13, estimator__num_leaves=2, estimator__subsample=0.01; total time=   0.1s
[CV] END estimator__learning_rate=0.2, estimator__max_depth=13, estimator__num_leaves=4, estimator__subsample=0.001; total time=   0.2s
[CV] END estimator__learning_rate=0.2, estimator__max_depth=13, estimator__num_leaves=4, estimator__subsample=0.1; total time=   0.2s
[CV] END estimator__learning_rate=0.2, estimator__max_depth=13, estimator__num_leaves=6, estimator__subsample=0.01; total time=   0.4s
[CV] END estimator__learning_rate=0.2, estimator__max_depth=13, estimator__num_leaves=8, estimator__subsample=0.1; total time=   0.6s
[CV] END estimator__learning_rate=0.2, estimator__max_depth=13, estimator__num_leaves=31, estimator__subsample=0.01; total time=   1.5s
[CV] END estimator__learning_rate=0.2, estimator__max_depth=14, estimator__num_leaves=6, estimator__subsample=0.2; total time=   0.4s
[CV] END estimator__learning_rate=0.2, estimator__max_depth=14, estimator__num_leaves=10, estimator__subsample=0.01; total time=   0.7s
[CV] END estimator__learning_rate=0.2, estimator__max_depth=14, estimator__num_leaves=31, estimator__subsample=0.2; total time=   1.5s
[CV] END estimator__learning_rate=0.39, estimator__max_depth=10, estimator__num_leaves=8, estimator__subsample=0.2; total time=   0.6s
[CV] END estimator__learning_rate=0.39, estimator__max_depth=10, estimator__num_leaves=31, estimator__subsample=0.01; total time=   1.4s
[CV] END estimator__learning_rate=0.39, estimator__max_depth=11, estimator__num_leaves=8, estimator__subsample=0.001; total time=   0.6s
[CV] END estimator__learning_rate=0.39, estimator__max_depth=11, estimator__num_leaves=10, estimator__subsample=0.1; total time=   0.8s
[CV] END estimator__learning_rate=0.39, estimator__max_depth=12, estimator__num_leaves=2, estimator__subsample=0.01; total time=   0.1s
[CV] END estimator__learning_rate=0.39, estimator__max_depth=12, estimator__num_leaves=2, estimator__subsample=0.2; total time=   0.1s
[CV] END estimator__learning_rate=0.39, estimator__max_depth=12, estimator__num_leaves=4, estimator__subsample=0.01; total time=   0.2s
[CV] END estimator__learning_rate=0.39, estimator__max_depth=12, estimator__num_leaves=6, estimator__subsample=0.001; total time=   0.4s
[CV] END estimator__learning_rate=0.39, estimator__max_depth=12, estimator__num_leaves=8, estimator__subsample=0.01; total time=   0.6s
[CV] END estimator__learning_rate=0.39, estimator__max_depth=12, estimator__num_leaves=10, estimator__subsample=0.2; total time=   0.8s
[CV] END estimator__learning_rate=0.39, estimator__max_depth=13, estimator__num_leaves=2, estimator__subsample=0.1; total time=   0.1s
[CV] END estimator__learning_rate=0.39, estimator__max_depth=13, estimator__num_leaves=4, estimator__subsample=0.001; total time=   0.2s
[CV] END estimator__learning_rate=0.39, estimator__max_depth=13, estimator__num_leaves=4, estimator__subsample=0.2; total time=   0.2s
[CV] END estimator__learning_rate=0.39, estimator__max_depth=13, estimator__num_leaves=6, estimator__subsample=0.01; total time=   0.4s
[CV] END estimator__learning_rate=0.39, estimator__max_depth=13, estimator__num_leaves=10, estimator__subsample=0.001; total time=   0.8s
[CV] END estimator__learning_rate=0.39, estimator__max_depth=13, estimator__num_leaves=31, estimator__subsample=0.1; total time=   1.5s
[CV] END estimator__learning_rate=0.39, estimator__max_depth=14, estimator__num_leaves=8, estimator__subsample=0.01; total time=   0.6s
[CV] END estimator__learning_rate=0.39, estimator__max_depth=14, estimator__num_leaves=31, estimator__subsample=0.001; total time=   1.5s
[CV] END estimator__learning_rate=0.58, estimator__max_depth=10, estimator__num_leaves=6, estimator__subsample=0.1; total time=   0.4s
[CV] END estimator__learning_rate=0.58, estimator__max_depth=10, estimator__num_leaves=10, estimator__subsample=0.001; total time=   0.7s
[CV] END estimator__learning_rate=0.58, estimator__max_depth=10, estimator__num_leaves=31, estimator__subsample=0.2; total time=   1.4s[CV] END estimator__learning_rate=0.01, estimator__max_depth=10, estimator__num_leaves=2, estimator__subsample=0.1; total time=   4.4s
[CV] END estimator__learning_rate=0.01, estimator__max_depth=10, estimator__num_leaves=10, estimator__subsample=0.2; total time=   1.0s
[CV] END estimator__learning_rate=0.01, estimator__max_depth=11, estimator__num_leaves=2, estimator__subsample=0.2; total time=   0.1s
[CV] END estimator__learning_rate=0.01, estimator__max_depth=11, estimator__num_leaves=4, estimator__subsample=0.01; total time=   0.2s
[CV] END estimator__learning_rate=0.01, estimator__max_depth=11, estimator__num_leaves=6, estimator__subsample=0.001; total time=   0.4s
[CV] END estimator__learning_rate=0.01, estimator__max_depth=11, estimator__num_leaves=8, estimator__subsample=0.01; total time=   0.5s
[CV] END estimator__learning_rate=0.01, estimator__max_depth=11, estimator__num_leaves=10, estimator__subsample=0.2; total time=   0.8s
[CV] END estimator__learning_rate=0.01, estimator__max_depth=12, estimator__num_leaves=4, estimator__subsample=0.001; total time=   0.2s
[CV] END estimator__learning_rate=0.01, estimator__max_depth=12, estimator__num_leaves=4, estimator__subsample=0.1; total time=   0.2s
[CV] END estimator__learning_rate=0.01, estimator__max_depth=12, estimator__num_leaves=6, estimator__subsample=0.01; total time=   0.4s
[CV] END estimator__learning_rate=0.01, estimator__max_depth=12, estimator__num_leaves=8, estimator__subsample=0.2; total time=   0.6s
[CV] END estimator__learning_rate=0.01, estimator__max_depth=12, estimator__num_leaves=31, estimator__subsample=0.1; total time=   1.4s
[CV] END estimator__learning_rate=0.01, estimator__max_depth=13, estimator__num_leaves=8, estimator__subsample=0.001; total time=   0.6s
[CV] END estimator__learning_rate=0.01, estimator__max_depth=13, estimator__num_leaves=10, estimator__subsample=0.1; total time=   0.7s
[CV] END estimator__learning_rate=0.01, estimator__max_depth=14, estimator__num_leaves=2, estimator__subsample=0.01; total time=   0.1s
[CV] END estimator__learning_rate=0.01, estimator__max_depth=14, estimator__num_leaves=4, estimator__subsample=0.001; total time=   0.2s
[CV] END estimator__learning_rate=0.01, estimator__max_depth=14, estimator__num_leaves=4, estimator__subsample=0.1; total time=   0.2s
[CV] END estimator__learning_rate=0.01, estimator__max_depth=14, estimator__num_leaves=6, estimator__subsample=0.01; total time=   0.5s
[CV] END estimator__learning_rate=0.01, estimator__max_depth=14, estimator__num_leaves=10, estimator__subsample=0.01; total time=   0.7s
[CV] END estimator__learning_rate=0.2, estimator__max_depth=10, estimator__num_leaves=2, estimator__subsample=0.001; total time=   0.0s
[CV] END estimator__learning_rate=0.2, estimator__max_depth=10, estimator__num_leaves=2, estimator__subsample=0.001; total time=   0.1s
[CV] END estimator__learning_rate=0.2, estimator__max_depth=10, estimator__num_leaves=2, estimator__subsample=0.1; total time=   0.1s
[CV] END estimator__learning_rate=0.2, estimator__max_depth=10, estimator__num_leaves=4, estimator__subsample=0.01; total time=   0.2s
[CV] END estimator__learning_rate=0.2, estimator__max_depth=10, estimator__num_leaves=4, estimator__subsample=0.2; total time=   0.2s
[CV] END estimator__learning_rate=0.2, estimator__max_depth=10, estimator__num_leaves=6, estimator__subsample=0.1; total time=   0.4s
[CV] END estimator__learning_rate=0.2, estimator__max_depth=10, estimator__num_leaves=10, estimator__subsample=0.01; total time=   0.7s
[CV] END estimator__learning_rate=0.2, estimator__max_depth=10, estimator__num_leaves=31, estimator__subsample=0.2; total time=   1.4s
[CV] END estimator__learning_rate=0.2, estimator__max_depth=11, estimator__num_leaves=8, estimator__subsample=0.01; total time=   0.6s
[CV] END estimator__learning_rate=0.2, estimator__max_depth=11, estimator__num_leaves=31, estimator__subsample=0.001; total time=   1.5s
[CV] END estimator__learning_rate=0.2, estimator__max_depth=12, estimator__num_leaves=6, estimator__subsample=0.1; total time=   0.4s
[CV] END estimator__learning_rate=0.2, estimator__max_depth=12, estimator__num_leaves=10, estimator__subsample=0.001; total time=   0.7s
[CV] END estimator__learning_rate=0.2, estimator__max_depth=12, estimator__num_leaves=31, estimator__subsample=0.1; total time=   1.6s
[CV] END estimator__learning_rate=0.2, estimator__max_depth=13, estimator__num_leaves=8, estimator__subsample=0.1; total time=   0.7s
[CV] END estimator__learning_rate=0.2, estimator__max_depth=13, estimator__num_leaves=31, estimator__subsample=0.1; total time=   1.5s
[CV] END estimator__learning_rate=0.2, estimator__max_depth=14, estimator__num_leaves=8, estimator__subsample=0.01; total time=   0.6s
[CV] END estimator__learning_rate=0.2, estimator__max_depth=14, estimator__num_leaves=10, estimator__subsample=0.2; total time=   0.7s
[CV] END estimator__learning_rate=0.39, estimator__max_depth=10, estimator__num_leaves=2, estimator__subsample=0.1; total time=   0.1s
[CV] END estimator__learning_rate=0.39, estimator__max_depth=10, estimator__num_leaves=4, estimator__subsample=0.01; total time=   0.2s
[CV] END estimator__learning_rate=0.39, estimator__max_depth=10, estimator__num_leaves=4, estimator__subsample=0.2; total time=   0.2s
[CV] END estimator__learning_rate=0.39, estimator__max_depth=10, estimator__num_leaves=6, estimator__subsample=0.1; total time=   0.4s
[CV] END estimator__learning_rate=0.39, estimator__max_depth=10, estimator__num_leaves=10, estimator__subsample=0.001; total time=   0.8s
[CV] END estimator__learning_rate=0.39, estimator__max_depth=10, estimator__num_leaves=31, estimator__subsample=0.2; total time=   1.4s
[CV] END estimator__learning_rate=0.39, estimator__max_depth=11, estimator__num_leaves=8, estimator__subsample=0.01; total time=   0.6s
[CV] END estimator__learning_rate=0.39, estimator__max_depth=11, estimator__num_leaves=31, estimator__subsample=0.001; total time=   1.5s
[CV] END estimator__learning_rate=0.39, estimator__max_depth=12, estimator__num_leaves=6, estimator__subsample=0.2; total time=   0.4s
[CV] END estimator__learning_rate=0.39, estimator__max_depth=12, estimator__num_leaves=10, estimator__subsample=0.01; total time=   0.7s
[CV] END estimator__learning_rate=0.39, estimator__max_depth=12, estimator__num_leaves=31, estimator__subsample=0.2; total time=   1.5s
[CV] END estimator__learning_rate=0.39, estimator__max_depth=13, estimator__num_leaves=8, estimator__subsample=0.1; total time=   0.7s
[CV] END estimator__learning_rate=0.39, estimator__max_depth=13, estimator__num_leaves=31, estimator__subsample=0.1; total time=   1.5s
[CV] END estimator__learning_rate=0.39, estimator__max_depth=14, estimator__num_leaves=8, estimator__subsample=0.01; total time=   0.6s
[CV] END estimator__learning_rate=0.39, estimator__max_depth=14, estimator__num_leaves=10, estimator__subsample=0.2; total time=   0.8s
[CV] END estimator__learning_rate=0.58, estimator__max_depth=10, estimator__num_leaves=2, estimator__subsample=0.2; total time=   0.1s
[CV] END estimator__learning_rate=0.58, estimator__max_depth=10, estimator__num_leaves=4, estimator__subsample=0.1; total time=   0.2s
[CV] END estimator__learning_rate=0.58, estimator__max_depth=10, estimator__num_leaves=6, estimator__subsample=0.001; total time=   0.4s
[CV] END estimator__learning_rate=0.58, estimator__max_depth=10, estimator__num_leaves=8, estimator__subsample=0.01; total time=   0.6s
[CV] END estimator__learning_rate=0.58, estimator__max_depth=10, estimator__num_leaves=10, estimator__subsample=0.2; total time=   0.8s
[CV] END estimator__learning_rate=0.58, estimator__max_depth=11, estimator__num_leaves=2, estimator__subsample=0.1; total time=   0.1s
[CV] END estimator__learning_rate=0.58, estimator__max_depth=11, estimator__num_leaves=4, estimator__subsample=0.01; total time=   0.2s
[CV] END estimator__learning_rate=0.58, estimator__max_depth=11, estimator__num_leaves=4, estimator__subsample=0.2; total time=   0.2s
[CV] END estimator__learning_rate=0.58, estimator__max_depth=11, estimator__num_leaves=6, estimator__subsample=0.1; total time=   0.4s[CV] END estimator__learning_rate=0.01, estimator__max_depth=10, estimator__num_leaves=4, estimator__subsample=0.01; total time=   4.7s
[CV] END estimator__learning_rate=0.01, estimator__max_depth=10, estimator__num_leaves=31, estimator__subsample=0.01; total time=   1.4s
[CV] END estimator__learning_rate=0.01, estimator__max_depth=11, estimator__num_leaves=6, estimator__subsample=0.1; total time=   0.4s
[CV] END estimator__learning_rate=0.01, estimator__max_depth=11, estimator__num_leaves=10, estimator__subsample=0.001; total time=   0.7s
[CV] END estimator__learning_rate=0.01, estimator__max_depth=11, estimator__num_leaves=31, estimator__subsample=0.2; total time=   1.7s
[CV] END estimator__learning_rate=0.01, estimator__max_depth=12, estimator__num_leaves=10, estimator__subsample=0.1; total time=   0.7s
[CV] END estimator__learning_rate=0.01, estimator__max_depth=13, estimator__num_leaves=2, estimator__subsample=0.001; total time=   0.0s
[CV] END estimator__learning_rate=0.01, estimator__max_depth=13, estimator__num_leaves=2, estimator__subsample=0.001; total time=   0.1s
[CV] END estimator__learning_rate=0.01, estimator__max_depth=13, estimator__num_leaves=2, estimator__subsample=0.1; total time=   0.1s
[CV] END estimator__learning_rate=0.01, estimator__max_depth=13, estimator__num_leaves=4, estimator__subsample=0.01; total time=   0.3s
[CV] END estimator__learning_rate=0.01, estimator__max_depth=13, estimator__num_leaves=6, estimator__subsample=0.001; total time=   0.4s
[CV] END estimator__learning_rate=0.01, estimator__max_depth=13, estimator__num_leaves=8, estimator__subsample=0.01; total time=   0.6s
[CV] END estimator__learning_rate=0.01, estimator__max_depth=13, estimator__num_leaves=10, estimator__subsample=0.2; total time=   0.7s
[CV] END estimator__learning_rate=0.01, estimator__max_depth=14, estimator__num_leaves=2, estimator__subsample=0.2; total time=   0.1s
[CV] END estimator__learning_rate=0.01, estimator__max_depth=14, estimator__num_leaves=4, estimator__subsample=0.1; total time=   0.2s
[CV] END estimator__learning_rate=0.01, estimator__max_depth=14, estimator__num_leaves=6, estimator__subsample=0.001; total time=   0.4s
[CV] END estimator__learning_rate=0.01, estimator__max_depth=14, estimator__num_leaves=8, estimator__subsample=0.01; total time=   0.6s
[CV] END estimator__learning_rate=0.01, estimator__max_depth=14, estimator__num_leaves=10, estimator__subsample=0.2; total time=   0.7s
[CV] END estimator__learning_rate=0.2, estimator__max_depth=10, estimator__num_leaves=4, estimator__subsample=0.001; total time=   0.2s
[CV] END estimator__learning_rate=0.2, estimator__max_depth=10, estimator__num_leaves=4, estimator__subsample=0.1; total time=   0.2s
[CV] END estimator__learning_rate=0.2, estimator__max_depth=10, estimator__num_leaves=6, estimator__subsample=0.01; total time=   0.4s
[CV] END estimator__learning_rate=0.2, estimator__max_depth=10, estimator__num_leaves=8, estimator__subsample=0.2; total time=   0.6s
[CV] END estimator__learning_rate=0.2, estimator__max_depth=10, estimator__num_leaves=31, estimator__subsample=0.01; total time=   1.5s
[CV] END estimator__learning_rate=0.2, estimator__max_depth=11, estimator__num_leaves=8, estimator__subsample=0.001; total time=   0.6s
[CV] END estimator__learning_rate=0.2, estimator__max_depth=11, estimator__num_leaves=10, estimator__subsample=0.1; total time=   0.8s
[CV] END estimator__learning_rate=0.2, estimator__max_depth=12, estimator__num_leaves=2, estimator__subsample=0.01; total time=   0.1s
[CV] END estimator__learning_rate=0.2, estimator__max_depth=12, estimator__num_leaves=4, estimator__subsample=0.001; total time=   0.2s
[CV] END estimator__learning_rate=0.2, estimator__max_depth=12, estimator__num_leaves=4, estimator__subsample=0.1; total time=   0.2s
[CV] END estimator__learning_rate=0.2, estimator__max_depth=12, estimator__num_leaves=6, estimator__subsample=0.001; total time=   0.4s
[CV] END estimator__learning_rate=0.2, estimator__max_depth=12, estimator__num_leaves=8, estimator__subsample=0.2; total time=   0.6s
[CV] END estimator__learning_rate=0.2, estimator__max_depth=12, estimator__num_leaves=31, estimator__subsample=0.01; total time=   1.5s
[CV] END estimator__learning_rate=0.2, estimator__max_depth=13, estimator__num_leaves=8, estimator__subsample=0.001; total time=   0.6s
[CV] END estimator__learning_rate=0.2, estimator__max_depth=13, estimator__num_leaves=10, estimator__subsample=0.1; total time=   0.8s
[CV] END estimator__learning_rate=0.2, estimator__max_depth=14, estimator__num_leaves=2, estimator__subsample=0.01; total time=   0.1s
[CV] END estimator__learning_rate=0.2, estimator__max_depth=14, estimator__num_leaves=4, estimator__subsample=0.001; total time=   0.2s
[CV] END estimator__learning_rate=0.2, estimator__max_depth=14, estimator__num_leaves=4, estimator__subsample=0.1; total time=   0.2s
[CV] END estimator__learning_rate=0.2, estimator__max_depth=14, estimator__num_leaves=6, estimator__subsample=0.001; total time=   0.4s
[CV] END estimator__learning_rate=0.2, estimator__max_depth=14, estimator__num_leaves=8, estimator__subsample=0.1; total time=   0.6s
[CV] END estimator__learning_rate=0.2, estimator__max_depth=14, estimator__num_leaves=31, estimator__subsample=0.001; total time=   1.5s
[CV] END estimator__learning_rate=0.39, estimator__max_depth=10, estimator__num_leaves=6, estimator__subsample=0.1; total time=   0.4s
[CV] END estimator__learning_rate=0.39, estimator__max_depth=10, estimator__num_leaves=10, estimator__subsample=0.01; total time=   0.8s
[CV] END estimator__learning_rate=0.39, estimator__max_depth=10, estimator__num_leaves=31, estimator__subsample=0.2; total time=   1.4s
[CV] END estimator__learning_rate=0.39, estimator__max_depth=11, estimator__num_leaves=8, estimator__subsample=0.1; total time=   0.6s
[CV] END estimator__learning_rate=0.39, estimator__max_depth=11, estimator__num_leaves=31, estimator__subsample=0.01; total time=   1.4s
[CV] END estimator__learning_rate=0.39, estimator__max_depth=12, estimator__num_leaves=6, estimator__subsample=0.2; total time=   0.4s
[CV] END estimator__learning_rate=0.39, estimator__max_depth=12, estimator__num_leaves=10, estimator__subsample=0.01; total time=   0.8s
[CV] END estimator__learning_rate=0.39, estimator__max_depth=12, estimator__num_leaves=31, estimator__subsample=0.2; total time=   1.5s
[CV] END estimator__learning_rate=0.39, estimator__max_depth=13, estimator__num_leaves=8, estimator__subsample=0.2; total time=   0.6s
[CV] END estimator__learning_rate=0.39, estimator__max_depth=13, estimator__num_leaves=31, estimator__subsample=0.01; total time=   1.5s
[CV] END estimator__learning_rate=0.39, estimator__max_depth=14, estimator__num_leaves=6, estimator__subsample=0.2; total time=   0.4s
[CV] END estimator__learning_rate=0.39, estimator__max_depth=14, estimator__num_leaves=10, estimator__subsample=0.1; total time=   0.7s
[CV] END estimator__learning_rate=0.58, estimator__max_depth=10, estimator__num_leaves=2, estimator__subsample=0.001; total time=   0.0s
[CV] END estimator__learning_rate=0.58, estimator__max_depth=10, estimator__num_leaves=2, estimator__subsample=0.001; total time=   0.1s
[CV] END estimator__learning_rate=0.58, estimator__max_depth=10, estimator__num_leaves=2, estimator__subsample=0.1; total time=   0.1s
[CV] END estimator__learning_rate=0.58, estimator__max_depth=10, estimator__num_leaves=4, estimator__subsample=0.01; total time=   0.2s
[CV] END estimator__learning_rate=0.58, estimator__max_depth=10, estimator__num_leaves=4, estimator__subsample=0.2; total time=   0.2s
[CV] END estimator__learning_rate=0.58, estimator__max_depth=10, estimator__num_leaves=6, estimator__subsample=0.1; total time=   0.4s
[CV] END estimator__learning_rate=0.58, estimator__max_depth=10, estimator__num_leaves=10, estimator__subsample=0.001; total time=   0.7s
[CV] END estimator__learning_rate=0.58, estimator__max_depth=10, estimator__num_leaves=31, estimator__subsample=0.1; total time=   1.4s
[CV] END estimator__learning_rate=0.58, estimator__max_depth=11, estimator__num_leaves=8, estimator__subsample=0.01; total time=   0.6s[CV] END estimator__learning_rate=0.01, estimator__max_depth=10, estimator__num_leaves=2, estimator__subsample=0.01; total time=   4.1s
[CV] END estimator__learning_rate=0.01, estimator__max_depth=10, estimator__num_leaves=8, estimator__subsample=0.01; total time=   0.3s
[CV] END estimator__learning_rate=0.01, estimator__max_depth=10, estimator__num_leaves=10, estimator__subsample=0.001; total time=   1.0s
[CV] END estimator__learning_rate=0.01, estimator__max_depth=10, estimator__num_leaves=31, estimator__subsample=0.2; total time=   1.4s
[CV] END estimator__learning_rate=0.01, estimator__max_depth=11, estimator__num_leaves=8, estimator__subsample=0.01; total time=   0.6s
[CV] END estimator__learning_rate=0.01, estimator__max_depth=11, estimator__num_leaves=31, estimator__subsample=0.001; total time=   1.5s
[CV] END estimator__learning_rate=0.01, estimator__max_depth=12, estimator__num_leaves=6, estimator__subsample=0.1; total time=   0.4s
[CV] END estimator__learning_rate=0.01, estimator__max_depth=12, estimator__num_leaves=10, estimator__subsample=0.001; total time=   0.7s
[CV] END estimator__learning_rate=0.01, estimator__max_depth=12, estimator__num_leaves=31, estimator__subsample=0.2; total time=   1.4s
[CV] END estimator__learning_rate=0.01, estimator__max_depth=13, estimator__num_leaves=8, estimator__subsample=0.01; total time=   0.6s
[CV] END estimator__learning_rate=0.01, estimator__max_depth=13, estimator__num_leaves=31, estimator__subsample=0.001; total time=   1.4s
[CV] END estimator__learning_rate=0.01, estimator__max_depth=14, estimator__num_leaves=6, estimator__subsample=0.01; total time=   0.4s
[CV] END estimator__learning_rate=0.01, estimator__max_depth=14, estimator__num_leaves=8, estimator__subsample=0.2; total time=   0.6s
[CV] END estimator__learning_rate=0.01, estimator__max_depth=14, estimator__num_leaves=31, estimator__subsample=0.1; total time=   1.4s
[CV] END estimator__learning_rate=0.2, estimator__max_depth=10, estimator__num_leaves=8, estimator__subsample=0.001; total time=   0.6s
[CV] END estimator__learning_rate=0.2, estimator__max_depth=10, estimator__num_leaves=10, estimator__subsample=0.2; total time=   0.7s
[CV] END estimator__learning_rate=0.2, estimator__max_depth=11, estimator__num_leaves=2, estimator__subsample=0.1; total time=   0.1s
[CV] END estimator__learning_rate=0.2, estimator__max_depth=11, estimator__num_leaves=4, estimator__subsample=0.001; total time=   0.2s
[CV] END estimator__learning_rate=0.2, estimator__max_depth=11, estimator__num_leaves=4, estimator__subsample=0.1; total time=   0.2s
[CV] END estimator__learning_rate=0.2, estimator__max_depth=11, estimator__num_leaves=6, estimator__subsample=0.01; total time=   0.4s
[CV] END estimator__learning_rate=0.2, estimator__max_depth=11, estimator__num_leaves=8, estimator__subsample=0.2; total time=   0.6s
[CV] END estimator__learning_rate=0.2, estimator__max_depth=11, estimator__num_leaves=31, estimator__subsample=0.01; total time=   1.5s
[CV] END estimator__learning_rate=0.2, estimator__max_depth=12, estimator__num_leaves=6, estimator__subsample=0.2; total time=   0.4s
[CV] END estimator__learning_rate=0.2, estimator__max_depth=12, estimator__num_leaves=10, estimator__subsample=0.1; total time=   0.7s
[CV] END estimator__learning_rate=0.2, estimator__max_depth=13, estimator__num_leaves=2, estimator__subsample=0.001; total time=   0.1s
[CV] END estimator__learning_rate=0.2, estimator__max_depth=13, estimator__num_leaves=2, estimator__subsample=0.01; total time=   0.1s
[CV] END estimator__learning_rate=0.2, estimator__max_depth=13, estimator__num_leaves=2, estimator__subsample=0.2; total time=   0.1s
[CV] END estimator__learning_rate=0.2, estimator__max_depth=13, estimator__num_leaves=4, estimator__subsample=0.1; total time=   0.2s
[CV] END estimator__learning_rate=0.2, estimator__max_depth=13, estimator__num_leaves=6, estimator__subsample=0.001; total time=   0.4s
[CV] END estimator__learning_rate=0.2, estimator__max_depth=13, estimator__num_leaves=8, estimator__subsample=0.001; total time=   0.6s
[CV] END estimator__learning_rate=0.2, estimator__max_depth=13, estimator__num_leaves=10, estimator__subsample=0.2; total time=   0.7s
[CV] END estimator__learning_rate=0.2, estimator__max_depth=14, estimator__num_leaves=2, estimator__subsample=0.1; total time=   0.1s
[CV] END estimator__learning_rate=0.2, estimator__max_depth=14, estimator__num_leaves=4, estimator__subsample=0.001; total time=   0.2s
[CV] END estimator__learning_rate=0.2, estimator__max_depth=14, estimator__num_leaves=4, estimator__subsample=0.2; total time=   0.2s
[CV] END estimator__learning_rate=0.2, estimator__max_depth=14, estimator__num_leaves=6, estimator__subsample=0.01; total time=   0.4s
[CV] END estimator__learning_rate=0.2, estimator__max_depth=14, estimator__num_leaves=8, estimator__subsample=0.2; total time=   0.6s
[CV] END estimator__learning_rate=0.2, estimator__max_depth=14, estimator__num_leaves=31, estimator__subsample=0.1; total time=   1.5s
[CV] END estimator__learning_rate=0.39, estimator__max_depth=10, estimator__num_leaves=8, estimator__subsample=0.001; total time=   0.6s
[CV] END estimator__learning_rate=0.39, estimator__max_depth=10, estimator__num_leaves=10, estimator__subsample=0.1; total time=   0.8s
[CV] END estimator__learning_rate=0.39, estimator__max_depth=11, estimator__num_leaves=2, estimator__subsample=0.01; total time=   0.1s
[CV] END estimator__learning_rate=0.39, estimator__max_depth=11, estimator__num_leaves=4, estimator__subsample=0.001; total time=   0.2s
[CV] END estimator__learning_rate=0.39, estimator__max_depth=11, estimator__num_leaves=4, estimator__subsample=0.1; total time=   0.2s
[CV] END estimator__learning_rate=0.39, estimator__max_depth=11, estimator__num_leaves=6, estimator__subsample=0.001; total time=   0.4s
[CV] END estimator__learning_rate=0.39, estimator__max_depth=11, estimator__num_leaves=8, estimator__subsample=0.2; total time=   0.6s
[CV] END estimator__learning_rate=0.39, estimator__max_depth=11, estimator__num_leaves=31, estimator__subsample=0.01; total time=   1.5s
[CV] END estimator__learning_rate=0.39, estimator__max_depth=12, estimator__num_leaves=6, estimator__subsample=0.2; total time=   0.5s
[CV] END estimator__learning_rate=0.39, estimator__max_depth=12, estimator__num_leaves=10, estimator__subsample=0.1; total time=   0.7s
[CV] END estimator__learning_rate=0.39, estimator__max_depth=13, estimator__num_leaves=2, estimator__subsample=0.001; total time=   0.1s
[CV] END estimator__learning_rate=0.39, estimator__max_depth=13, estimator__num_leaves=2, estimator__subsample=0.1; total time=   0.1s
[CV] END estimator__learning_rate=0.39, estimator__max_depth=13, estimator__num_leaves=4, estimator__subsample=0.01; total time=   0.2s
[CV] END estimator__learning_rate=0.39, estimator__max_depth=13, estimator__num_leaves=4, estimator__subsample=0.2; total time=   0.2s
[CV] END estimator__learning_rate=0.39, estimator__max_depth=13, estimator__num_leaves=6, estimator__subsample=0.01; total time=   0.4s
[CV] END estimator__learning_rate=0.39, estimator__max_depth=13, estimator__num_leaves=10, estimator__subsample=0.001; total time=   0.8s
[CV] END estimator__learning_rate=0.39, estimator__max_depth=13, estimator__num_leaves=31, estimator__subsample=0.1; total time=   1.5s
[CV] END estimator__learning_rate=0.39, estimator__max_depth=14, estimator__num_leaves=8, estimator__subsample=0.1; total time=   0.6s
[CV] END estimator__learning_rate=0.39, estimator__max_depth=14, estimator__num_leaves=31, estimator__subsample=0.001; total time=   1.5s
[CV] END estimator__learning_rate=0.58, estimator__max_depth=10, estimator__num_leaves=6, estimator__subsample=0.1; total time=   0.4s
[CV] END estimator__learning_rate=0.58, estimator__max_depth=10, estimator__num_leaves=10, estimator__subsample=0.01; total time=   0.7s
[CV] END estimator__learning_rate=0.58, estimator__max_depth=10, estimator__num_leaves=31, estimator__subsample=0.2; total time=   1.5s
[CV] END estimator__learning_rate=0.58, estimator__max_depth=11, estimator__num_leaves=8, estimator__subsample=0.2; total time=   0.6s[CV] END estimator__learning_rate=0.01, estimator__max_depth=10, estimator__num_leaves=4, estimator__subsample=0.1; total time=   4.7s
[CV] END estimator__learning_rate=0.01, estimator__max_depth=10, estimator__num_leaves=31, estimator__subsample=0.001; total time=   1.4s
[CV] END estimator__learning_rate=0.01, estimator__max_depth=11, estimator__num_leaves=6, estimator__subsample=0.01; total time=   0.4s
[CV] END estimator__learning_rate=0.01, estimator__max_depth=11, estimator__num_leaves=8, estimator__subsample=0.2; total time=   0.5s
[CV] END estimator__learning_rate=0.01, estimator__max_depth=11, estimator__num_leaves=31, estimator__subsample=0.01; total time=   1.4s
[CV] END estimator__learning_rate=0.01, estimator__max_depth=12, estimator__num_leaves=6, estimator__subsample=0.2; total time=   0.4s
[CV] END estimator__learning_rate=0.01, estimator__max_depth=12, estimator__num_leaves=10, estimator__subsample=0.01; total time=   0.7s
[CV] END estimator__learning_rate=0.01, estimator__max_depth=12, estimator__num_leaves=31, estimator__subsample=0.1; total time=   1.5s
[CV] END estimator__learning_rate=0.01, estimator__max_depth=13, estimator__num_leaves=8, estimator__subsample=0.1; total time=   0.6s
[CV] END estimator__learning_rate=0.01, estimator__max_depth=13, estimator__num_leaves=31, estimator__subsample=0.01; total time=   1.4s
[CV] END estimator__learning_rate=0.01, estimator__max_depth=14, estimator__num_leaves=6, estimator__subsample=0.1; total time=   0.4s
[CV] END estimator__learning_rate=0.01, estimator__max_depth=14, estimator__num_leaves=10, estimator__subsample=0.001; total time=   0.7s
[CV] END estimator__learning_rate=0.01, estimator__max_depth=14, estimator__num_leaves=31, estimator__subsample=0.2; total time=   1.4s
[CV] END estimator__learning_rate=0.2, estimator__max_depth=10, estimator__num_leaves=8, estimator__subsample=0.1; total time=   0.6s
[CV] END estimator__learning_rate=0.2, estimator__max_depth=10, estimator__num_leaves=31, estimator__subsample=0.001; total time=   1.5s
[CV] END estimator__learning_rate=0.2, estimator__max_depth=11, estimator__num_leaves=6, estimator__subsample=0.2; total time=   0.4s
[CV] END estimator__learning_rate=0.2, estimator__max_depth=11, estimator__num_leaves=10, estimator__subsample=0.1; total time=   0.7s
[CV] END estimator__learning_rate=0.2, estimator__max_depth=12, estimator__num_leaves=2, estimator__subsample=0.001; total time=   0.0s
[CV] END estimator__learning_rate=0.2, estimator__max_depth=12, estimator__num_leaves=2, estimator__subsample=0.001; total time=   0.1s
[CV] END estimator__learning_rate=0.2, estimator__max_depth=12, estimator__num_leaves=2, estimator__subsample=0.1; total time=   0.1s
[CV] END estimator__learning_rate=0.2, estimator__max_depth=12, estimator__num_leaves=4, estimator__subsample=0.001; total time=   0.2s
[CV] END estimator__learning_rate=0.2, estimator__max_depth=12, estimator__num_leaves=4, estimator__subsample=0.2; total time=   0.2s
[CV] END estimator__learning_rate=0.2, estimator__max_depth=12, estimator__num_leaves=6, estimator__subsample=0.01; total time=   0.4s
[CV] END estimator__learning_rate=0.2, estimator__max_depth=12, estimator__num_leaves=8, estimator__subsample=0.2; total time=   0.6s
[CV] END estimator__learning_rate=0.2, estimator__max_depth=12, estimator__num_leaves=31, estimator__subsample=0.1; total time=   1.5s
[CV] END estimator__learning_rate=0.2, estimator__max_depth=13, estimator__num_leaves=8, estimator__subsample=0.001; total time=   0.6s
[CV] END estimator__learning_rate=0.2, estimator__max_depth=13, estimator__num_leaves=10, estimator__subsample=0.2; total time=   0.7s
[CV] END estimator__learning_rate=0.2, estimator__max_depth=14, estimator__num_leaves=2, estimator__subsample=0.1; total time=   0.1s
[CV] END estimator__learning_rate=0.2, estimator__max_depth=14, estimator__num_leaves=4, estimator__subsample=0.001; total time=   0.2s
[CV] END estimator__learning_rate=0.2, estimator__max_depth=14, estimator__num_leaves=4, estimator__subsample=0.2; total time=   0.2s
[CV] END estimator__learning_rate=0.2, estimator__max_depth=14, estimator__num_leaves=6, estimator__subsample=0.01; total time=   0.4s
[CV] END estimator__learning_rate=0.2, estimator__max_depth=14, estimator__num_leaves=8, estimator__subsample=0.2; total time=   0.6s
[CV] END estimator__learning_rate=0.2, estimator__max_depth=14, estimator__num_leaves=31, estimator__subsample=0.1; total time=   1.5s
[CV] END estimator__learning_rate=0.39, estimator__max_depth=10, estimator__num_leaves=8, estimator__subsample=0.001; total time=   0.6s
[CV] END estimator__learning_rate=0.39, estimator__max_depth=10, estimator__num_leaves=10, estimator__subsample=0.1; total time=   0.8s
[CV] END estimator__learning_rate=0.39, estimator__max_depth=11, estimator__num_leaves=2, estimator__subsample=0.1; total time=   0.1s
[CV] END estimator__learning_rate=0.39, estimator__max_depth=11, estimator__num_leaves=4, estimator__subsample=0.001; total time=   0.2s
[CV] END estimator__learning_rate=0.39, estimator__max_depth=11, estimator__num_leaves=4, estimator__subsample=0.2; total time=   0.2s
[CV] END estimator__learning_rate=0.39, estimator__max_depth=11, estimator__num_leaves=6, estimator__subsample=0.01; total time=   0.4s
[CV] END estimator__learning_rate=0.39, estimator__max_depth=11, estimator__num_leaves=8, estimator__subsample=0.2; total time=   0.6s
[CV] END estimator__learning_rate=0.39, estimator__max_depth=11, estimator__num_leaves=31, estimator__subsample=0.1; total time=   1.5s
[CV] END estimator__learning_rate=0.39, estimator__max_depth=12, estimator__num_leaves=8, estimator__subsample=0.001; total time=   0.6s
[CV] END estimator__learning_rate=0.39, estimator__max_depth=12, estimator__num_leaves=10, estimator__subsample=0.1; total time=   0.8s
[CV] END estimator__learning_rate=0.39, estimator__max_depth=13, estimator__num_leaves=2, estimator__subsample=0.01; total time=   0.1s
[CV] END estimator__learning_rate=0.39, estimator__max_depth=13, estimator__num_leaves=4, estimator__subsample=0.001; total time=   0.2s
[CV] END estimator__learning_rate=0.39, estimator__max_depth=13, estimator__num_leaves=4, estimator__subsample=0.1; total time=   0.2s
[CV] END estimator__learning_rate=0.39, estimator__max_depth=13, estimator__num_leaves=6, estimator__subsample=0.01; total time=   0.4s
[CV] END estimator__learning_rate=0.39, estimator__max_depth=13, estimator__num_leaves=8, estimator__subsample=0.2; total time=   0.6s
[CV] END estimator__learning_rate=0.39, estimator__max_depth=13, estimator__num_leaves=31, estimator__subsample=0.01; total time=   1.6s
[CV] END estimator__learning_rate=0.39, estimator__max_depth=14, estimator__num_leaves=8, estimator__subsample=0.001; total time=   0.6s
[CV] END estimator__learning_rate=0.39, estimator__max_depth=14, estimator__num_leaves=10, estimator__subsample=0.1; total time=   0.8s
[CV] END estimator__learning_rate=0.58, estimator__max_depth=10, estimator__num_leaves=2, estimator__subsample=0.1; total time=   0.1s
[CV] END estimator__learning_rate=0.58, estimator__max_depth=10, estimator__num_leaves=4, estimator__subsample=0.001; total time=   0.2s
[CV] END estimator__learning_rate=0.58, estimator__max_depth=10, estimator__num_leaves=4, estimator__subsample=0.1; total time=   0.2s
[CV] END estimator__learning_rate=0.58, estimator__max_depth=10, estimator__num_leaves=6, estimator__subsample=0.01; total time=   0.4s
[CV] END estimator__learning_rate=0.58, estimator__max_depth=10, estimator__num_leaves=8, estimator__subsample=0.2; total time=   0.6s
[CV] END estimator__learning_rate=0.58, estimator__max_depth=10, estimator__num_leaves=31, estimator__subsample=0.1; total time=   1.4s
[CV] END estimator__learning_rate=0.58, estimator__max_depth=11, estimator__num_leaves=6, estimator__subsample=0.2; total time=   0.4s
[CV] END estimator__learning_rate=0.58, estimator__max_depth=11, estimator__num_leaves=10, estimator__subsample=0.01; total time=   0.8s
[CV] END estimator__learning_rate=0.58, estimator__max_depth=12, estimator__num_leaves=2, estimator__subsample=0.001; total time=   0.0s[CV] END estimator__learning_rate=0.01, estimator__max_depth=10, estimator__num_leaves=2, estimator__subsample=0.01; total time=   4.2s
[CV] END estimator__learning_rate=0.01, estimator__max_depth=10, estimator__num_leaves=6, estimator__subsample=0.01; total time=   0.2s
[CV] END estimator__learning_rate=0.01, estimator__max_depth=10, estimator__num_leaves=8, estimator__subsample=0.001; total time=   0.3s
[CV] END estimator__learning_rate=0.01, estimator__max_depth=10, estimator__num_leaves=10, estimator__subsample=0.001; total time=   1.0s
[CV] END estimator__learning_rate=0.01, estimator__max_depth=10, estimator__num_leaves=31, estimator__subsample=0.1; total time=   1.4s
[CV] END estimator__learning_rate=0.01, estimator__max_depth=11, estimator__num_leaves=8, estimator__subsample=0.01; total time=   0.6s
[CV] END estimator__learning_rate=0.01, estimator__max_depth=11, estimator__num_leaves=31, estimator__subsample=0.001; total time=   1.4s
[CV] END estimator__learning_rate=0.01, estimator__max_depth=12, estimator__num_leaves=6, estimator__subsample=0.01; total time=   0.4s
[CV] END estimator__learning_rate=0.01, estimator__max_depth=12, estimator__num_leaves=8, estimator__subsample=0.2; total time=   0.6s
[CV] END estimator__learning_rate=0.01, estimator__max_depth=12, estimator__num_leaves=31, estimator__subsample=0.01; total time=   1.4s
[CV] END estimator__learning_rate=0.01, estimator__max_depth=13, estimator__num_leaves=8, estimator__subsample=0.001; total time=   0.6s
[CV] END estimator__learning_rate=0.01, estimator__max_depth=13, estimator__num_leaves=10, estimator__subsample=0.2; total time=   0.7s
[CV] END estimator__learning_rate=0.01, estimator__max_depth=14, estimator__num_leaves=2, estimator__subsample=0.1; total time=   0.1s
[CV] END estimator__learning_rate=0.01, estimator__max_depth=14, estimator__num_leaves=4, estimator__subsample=0.001; total time=   0.2s
[CV] END estimator__learning_rate=0.01, estimator__max_depth=14, estimator__num_leaves=4, estimator__subsample=0.2; total time=   0.2s
[CV] END estimator__learning_rate=0.01, estimator__max_depth=14, estimator__num_leaves=6, estimator__subsample=0.01; total time=   0.4s
[CV] END estimator__learning_rate=0.01, estimator__max_depth=14, estimator__num_leaves=10, estimator__subsample=0.001; total time=   0.7s
[CV] END estimator__learning_rate=0.01, estimator__max_depth=14, estimator__num_leaves=31, estimator__subsample=0.1; total time=   1.5s
[CV] END estimator__learning_rate=0.2, estimator__max_depth=10, estimator__num_leaves=8, estimator__subsample=0.1; total time=   0.6s
[CV] END estimator__learning_rate=0.2, estimator__max_depth=10, estimator__num_leaves=31, estimator__subsample=0.001; total time=   1.4s
[CV] END estimator__learning_rate=0.2, estimator__max_depth=11, estimator__num_leaves=6, estimator__subsample=0.1; total time=   0.4s
[CV] END estimator__learning_rate=0.2, estimator__max_depth=11, estimator__num_leaves=10, estimator__subsample=0.001; total time=   0.8s
[CV] END estimator__learning_rate=0.2, estimator__max_depth=11, estimator__num_leaves=31, estimator__subsample=0.1; total time=   1.5s
[CV] END estimator__learning_rate=0.2, estimator__max_depth=12, estimator__num_leaves=8, estimator__subsample=0.01; total time=   0.6s
[CV] END estimator__learning_rate=0.2, estimator__max_depth=12, estimator__num_leaves=31, estimator__subsample=0.001; total time=   1.5s
[CV] END estimator__learning_rate=0.2, estimator__max_depth=13, estimator__num_leaves=6, estimator__subsample=0.1; total time=   0.4s
[CV] END estimator__learning_rate=0.2, estimator__max_depth=13, estimator__num_leaves=10, estimator__subsample=0.001; total time=   0.7s
[CV] END estimator__learning_rate=0.2, estimator__max_depth=13, estimator__num_leaves=31, estimator__subsample=0.2; total time=   1.5s
[CV] END estimator__learning_rate=0.2, estimator__max_depth=14, estimator__num_leaves=8, estimator__subsample=0.1; total time=   0.6s
[CV] END estimator__learning_rate=0.2, estimator__max_depth=14, estimator__num_leaves=31, estimator__subsample=0.01; total time=   1.5s
[CV] END estimator__learning_rate=0.39, estimator__max_depth=10, estimator__num_leaves=6, estimator__subsample=0.2; total time=   0.4s
[CV] END estimator__learning_rate=0.39, estimator__max_depth=10, estimator__num_leaves=10, estimator__subsample=0.01; total time=   0.8s
[CV] END estimator__learning_rate=0.39, estimator__max_depth=11, estimator__num_leaves=2, estimator__subsample=0.001; total time=   0.0s
[CV] END estimator__learning_rate=0.39, estimator__max_depth=11, estimator__num_leaves=2, estimator__subsample=0.01; total time=   0.1s
[CV] END estimator__learning_rate=0.39, estimator__max_depth=11, estimator__num_leaves=2, estimator__subsample=0.2; total time=   0.1s
[CV] END estimator__learning_rate=0.39, estimator__max_depth=11, estimator__num_leaves=4, estimator__subsample=0.01; total time=   0.2s
[CV] END estimator__learning_rate=0.39, estimator__max_depth=11, estimator__num_leaves=6, estimator__subsample=0.001; total time=   0.4s
[CV] END estimator__learning_rate=0.39, estimator__max_depth=11, estimator__num_leaves=8, estimator__subsample=0.01; total time=   0.6s
[CV] END estimator__learning_rate=0.39, estimator__max_depth=11, estimator__num_leaves=10, estimator__subsample=0.2; total time=   0.8s
[CV] END estimator__learning_rate=0.39, estimator__max_depth=12, estimator__num_leaves=4, estimator__subsample=0.001; total time=   0.2s
[CV] END estimator__learning_rate=0.39, estimator__max_depth=12, estimator__num_leaves=4, estimator__subsample=0.1; total time=   0.2s
[CV] END estimator__learning_rate=0.39, estimator__max_depth=12, estimator__num_leaves=6, estimator__subsample=0.001; total time=   0.4s
[CV] END estimator__learning_rate=0.39, estimator__max_depth=12, estimator__num_leaves=8, estimator__subsample=0.1; total time=   0.6s
[CV] END estimator__learning_rate=0.39, estimator__max_depth=12, estimator__num_leaves=31, estimator__subsample=0.01; total time=   1.5s
[CV] END estimator__learning_rate=0.39, estimator__max_depth=13, estimator__num_leaves=6, estimator__subsample=0.2; total time=   0.4s
[CV] END estimator__learning_rate=0.39, estimator__max_depth=13, estimator__num_leaves=10, estimator__subsample=0.01; total time=   0.8s
[CV] END estimator__learning_rate=0.39, estimator__max_depth=13, estimator__num_leaves=31, estimator__subsample=0.2; total time=   1.5s
[CV] END estimator__learning_rate=0.39, estimator__max_depth=14, estimator__num_leaves=8, estimator__subsample=0.2; total time=   0.6s
[CV] END estimator__learning_rate=0.39, estimator__max_depth=14, estimator__num_leaves=31, estimator__subsample=0.01; total time=   1.5s
[CV] END estimator__learning_rate=0.58, estimator__max_depth=10, estimator__num_leaves=6, estimator__subsample=0.2; total time=   0.4s
[CV] END estimator__learning_rate=0.58, estimator__max_depth=10, estimator__num_leaves=10, estimator__subsample=0.1; total time=   0.7s
[CV] END estimator__learning_rate=0.58, estimator__max_depth=11, estimator__num_leaves=2, estimator__subsample=0.001; total time=   0.0s
[CV] END estimator__learning_rate=0.58, estimator__max_depth=11, estimator__num_leaves=2, estimator__subsample=0.01; total time=   0.1s
[CV] END estimator__learning_rate=0.58, estimator__max_depth=11, estimator__num_leaves=2, estimator__subsample=0.2; total time=   0.1s
[CV] END estimator__learning_rate=0.58, estimator__max_depth=11, estimator__num_leaves=4, estimator__subsample=0.01; total time=   0.2s
[CV] END estimator__learning_rate=0.58, estimator__max_depth=11, estimator__num_leaves=6, estimator__subsample=0.001; total time=   0.4s
[CV] END estimator__learning_rate=0.58, estimator__max_depth=11, estimator__num_leaves=8, estimator__subsample=0.001; total time=   0.6s
[CV] END estimator__learning_rate=0.58, estimator__max_depth=11, estimator__num_leaves=10, estimator__subsample=0.2; total time=   0.8s
[CV] END estimator__learning_rate=0.58, estimator__max_depth=12, estimator__num_leaves=2, estimator__subsample=0.1; total time=   0.1s
[CV] END estimator__learning_rate=0.58, estimator__max_depth=12, estimator__num_leaves=4, estimator__subsample=0.001; total time=   0.2s[CV] END estimator__learning_rate=0.01, estimator__max_depth=10, estimator__num_leaves=2, estimator__subsample=0.2; total time=   4.5s
[CV] END estimator__learning_rate=0.01, estimator__max_depth=10, estimator__num_leaves=10, estimator__subsample=0.2; total time=   0.9s
[CV] END estimator__learning_rate=0.01, estimator__max_depth=11, estimator__num_leaves=2, estimator__subsample=0.1; total time=   0.1s
[CV] END estimator__learning_rate=0.01, estimator__max_depth=11, estimator__num_leaves=4, estimator__subsample=0.001; total time=   0.2s
[CV] END estimator__learning_rate=0.01, estimator__max_depth=11, estimator__num_leaves=4, estimator__subsample=0.2; total time=   0.3s
[CV] END estimator__learning_rate=0.01, estimator__max_depth=11, estimator__num_leaves=6, estimator__subsample=0.2; total time=   0.4s
[CV] END estimator__learning_rate=0.01, estimator__max_depth=11, estimator__num_leaves=10, estimator__subsample=0.1; total time=   0.7s
[CV] END estimator__learning_rate=0.01, estimator__max_depth=11, estimator__num_leaves=31, estimator__subsample=0.2; total time=   1.4s
[CV] END estimator__learning_rate=0.01, estimator__max_depth=12, estimator__num_leaves=8, estimator__subsample=0.01; total time=   0.5s
[CV] END estimator__learning_rate=0.01, estimator__max_depth=12, estimator__num_leaves=31, estimator__subsample=0.001; total time=   1.3s
[CV] END estimator__learning_rate=0.01, estimator__max_depth=13, estimator__num_leaves=6, estimator__subsample=0.001; total time=   0.4s
[CV] END estimator__learning_rate=0.01, estimator__max_depth=13, estimator__num_leaves=8, estimator__subsample=0.1; total time=   0.6s
[CV] END estimator__learning_rate=0.01, estimator__max_depth=13, estimator__num_leaves=31, estimator__subsample=0.001; total time=   1.4s
[CV] END estimator__learning_rate=0.01, estimator__max_depth=14, estimator__num_leaves=6, estimator__subsample=0.1; total time=   0.4s
[CV] END estimator__learning_rate=0.01, estimator__max_depth=14, estimator__num_leaves=10, estimator__subsample=0.001; total time=   0.7s
[CV] END estimator__learning_rate=0.01, estimator__max_depth=14, estimator__num_leaves=31, estimator__subsample=0.2; total time=   1.5s
[CV] END estimator__learning_rate=0.2, estimator__max_depth=10, estimator__num_leaves=8, estimator__subsample=0.1; total time=   0.6s
[CV] END estimator__learning_rate=0.2, estimator__max_depth=10, estimator__num_leaves=31, estimator__subsample=0.01; total time=   1.4s
[CV] END estimator__learning_rate=0.2, estimator__max_depth=11, estimator__num_leaves=6, estimator__subsample=0.2; total time=   0.4s
[CV] END estimator__learning_rate=0.2, estimator__max_depth=11, estimator__num_leaves=10, estimator__subsample=0.01; total time=   0.7s
[CV] END estimator__learning_rate=0.2, estimator__max_depth=12, estimator__num_leaves=2, estimator__subsample=0.001; total time=   0.0s
[CV] END estimator__learning_rate=0.2, estimator__max_depth=12, estimator__num_leaves=2, estimator__subsample=0.001; total time=   0.1s
[CV] END estimator__learning_rate=0.2, estimator__max_depth=12, estimator__num_leaves=2, estimator__subsample=0.1; total time=   0.1s
[CV] END estimator__learning_rate=0.2, estimator__max_depth=12, estimator__num_leaves=4, estimator__subsample=0.001; total time=   0.2s
[CV] END estimator__learning_rate=0.2, estimator__max_depth=12, estimator__num_leaves=4, estimator__subsample=0.2; total time=   0.2s
[CV] END estimator__learning_rate=0.2, estimator__max_depth=12, estimator__num_leaves=6, estimator__subsample=0.01; total time=   0.4s
[CV] END estimator__learning_rate=0.2, estimator__max_depth=12, estimator__num_leaves=10, estimator__subsample=0.001; total time=   0.7s
[CV] END estimator__learning_rate=0.2, estimator__max_depth=12, estimator__num_leaves=31, estimator__subsample=0.1; total time=   1.5s
[CV] END estimator__learning_rate=0.2, estimator__max_depth=13, estimator__num_leaves=8, estimator__subsample=0.01; total time=   0.6s
[CV] END estimator__learning_rate=0.2, estimator__max_depth=13, estimator__num_leaves=31, estimator__subsample=0.001; total time=   1.5s
[CV] END estimator__learning_rate=0.2, estimator__max_depth=14, estimator__num_leaves=6, estimator__subsample=0.1; total time=   0.4s
[CV] END estimator__learning_rate=0.2, estimator__max_depth=14, estimator__num_leaves=10, estimator__subsample=0.01; total time=   0.7s
[CV] END estimator__learning_rate=0.2, estimator__max_depth=14, estimator__num_leaves=31, estimator__subsample=0.2; total time=   1.6s
[CV] END estimator__learning_rate=0.39, estimator__max_depth=10, estimator__num_leaves=8, estimator__subsample=0.2; total time=   0.6s
[CV] END estimator__learning_rate=0.39, estimator__max_depth=10, estimator__num_leaves=31, estimator__subsample=0.01; total time=   1.4s
[CV] END estimator__learning_rate=0.39, estimator__max_depth=11, estimator__num_leaves=8, estimator__subsample=0.001; total time=   0.6s
[CV] END estimator__learning_rate=0.39, estimator__max_depth=11, estimator__num_leaves=10, estimator__subsample=0.1; total time=   0.8s
[CV] END estimator__learning_rate=0.39, estimator__max_depth=12, estimator__num_leaves=2, estimator__subsample=0.1; total time=   0.1s
[CV] END estimator__learning_rate=0.39, estimator__max_depth=12, estimator__num_leaves=4, estimator__subsample=0.001; total time=   0.2s
[CV] END estimator__learning_rate=0.39, estimator__max_depth=12, estimator__num_leaves=4, estimator__subsample=0.1; total time=   0.2s
[CV] END estimator__learning_rate=0.39, estimator__max_depth=12, estimator__num_leaves=6, estimator__subsample=0.01; total time=   0.4s
[CV] END estimator__learning_rate=0.39, estimator__max_depth=12, estimator__num_leaves=8, estimator__subsample=0.2; total time=   0.6s
[CV] END estimator__learning_rate=0.39, estimator__max_depth=12, estimator__num_leaves=31, estimator__subsample=0.1; total time=   1.5s
[CV] END estimator__learning_rate=0.39, estimator__max_depth=13, estimator__num_leaves=6, estimator__subsample=0.2; total time=   0.4s
[CV] END estimator__learning_rate=0.39, estimator__max_depth=13, estimator__num_leaves=10, estimator__subsample=0.1; total time=   0.8s
[CV] END estimator__learning_rate=0.39, estimator__max_depth=14, estimator__num_leaves=2, estimator__subsample=0.001; total time=   0.0s
[CV] END estimator__learning_rate=0.39, estimator__max_depth=14, estimator__num_leaves=2, estimator__subsample=0.01; total time=   0.1s
[CV] END estimator__learning_rate=0.39, estimator__max_depth=14, estimator__num_leaves=2, estimator__subsample=0.2; total time=   0.1s
[CV] END estimator__learning_rate=0.39, estimator__max_depth=14, estimator__num_leaves=4, estimator__subsample=0.1; total time=   0.2s
[CV] END estimator__learning_rate=0.39, estimator__max_depth=14, estimator__num_leaves=6, estimator__subsample=0.001; total time=   0.4s
[CV] END estimator__learning_rate=0.39, estimator__max_depth=14, estimator__num_leaves=8, estimator__subsample=0.001; total time=   0.6s
[CV] END estimator__learning_rate=0.39, estimator__max_depth=14, estimator__num_leaves=10, estimator__subsample=0.2; total time=   0.8s
[CV] END estimator__learning_rate=0.58, estimator__max_depth=10, estimator__num_leaves=2, estimator__subsample=0.1; total time=   0.1s
[CV] END estimator__learning_rate=0.58, estimator__max_depth=10, estimator__num_leaves=4, estimator__subsample=0.01; total time=   0.2s
[CV] END estimator__learning_rate=0.58, estimator__max_depth=10, estimator__num_leaves=4, estimator__subsample=0.2; total time=   0.2s
[CV] END estimator__learning_rate=0.58, estimator__max_depth=10, estimator__num_leaves=6, estimator__subsample=0.01; total time=   0.4s
[CV] END estimator__learning_rate=0.58, estimator__max_depth=10, estimator__num_leaves=10, estimator__subsample=0.001; total time=   0.7s
[CV] END estimator__learning_rate=0.58, estimator__max_depth=10, estimator__num_leaves=31, estimator__subsample=0.1; total time=   1.4s
[CV] END estimator__learning_rate=0.58, estimator__max_depth=11, estimator__num_leaves=8, estimator__subsample=0.1; total time=   0.6s
[CV] END estimator__learning_rate=0.58, estimator__max_depth=11, estimator__num_leaves=31, estimator__subsample=0.001; total time=   1.4s[CV] END estimator__learning_rate=0.01, estimator__max_depth=10, estimator__num_leaves=2, estimator__subsample=0.01; total time=   4.2s
[CV] END estimator__learning_rate=0.01, estimator__max_depth=10, estimator__num_leaves=8, estimator__subsample=0.2; total time=   0.5s
[CV] END estimator__learning_rate=0.01, estimator__max_depth=10, estimator__num_leaves=10, estimator__subsample=0.2; total time=   0.9s
[CV] END estimator__learning_rate=0.01, estimator__max_depth=11, estimator__num_leaves=2, estimator__subsample=0.01; total time=   0.1s
[CV] END estimator__learning_rate=0.01, estimator__max_depth=11, estimator__num_leaves=4, estimator__subsample=0.001; total time=   0.2s
[CV] END estimator__learning_rate=0.01, estimator__max_depth=11, estimator__num_leaves=4, estimator__subsample=0.1; total time=   0.3s
[CV] END estimator__learning_rate=0.01, estimator__max_depth=11, estimator__num_leaves=6, estimator__subsample=0.1; total time=   0.4s
[CV] END estimator__learning_rate=0.01, estimator__max_depth=11, estimator__num_leaves=10, estimator__subsample=0.001; total time=   0.7s
[CV] END estimator__learning_rate=0.01, estimator__max_depth=11, estimator__num_leaves=31, estimator__subsample=0.1; total time=   1.4s
[CV] END estimator__learning_rate=0.01, estimator__max_depth=12, estimator__num_leaves=8, estimator__subsample=0.01; total time=   0.6s
[CV] END estimator__learning_rate=0.01, estimator__max_depth=12, estimator__num_leaves=31, estimator__subsample=0.001; total time=   1.5s
[CV] END estimator__learning_rate=0.01, estimator__max_depth=13, estimator__num_leaves=6, estimator__subsample=0.1; total time=   0.4s
[CV] END estimator__learning_rate=0.01, estimator__max_depth=13, estimator__num_leaves=10, estimator__subsample=0.001; total time=   0.7s
[CV] END estimator__learning_rate=0.01, estimator__max_depth=13, estimator__num_leaves=31, estimator__subsample=0.2; total time=   1.4s
[CV] END estimator__learning_rate=0.01, estimator__max_depth=14, estimator__num_leaves=8, estimator__subsample=0.01; total time=   0.6s
[CV] END estimator__learning_rate=0.01, estimator__max_depth=14, estimator__num_leaves=31, estimator__subsample=0.001; total time=   1.4s
[CV] END estimator__learning_rate=0.2, estimator__max_depth=10, estimator__num_leaves=6, estimator__subsample=0.01; total time=   0.4s
[CV] END estimator__learning_rate=0.2, estimator__max_depth=10, estimator__num_leaves=8, estimator__subsample=0.2; total time=   0.6s
[CV] END estimator__learning_rate=0.2, estimator__max_depth=10, estimator__num_leaves=31, estimator__subsample=0.1; total time=   1.4s
[CV] END estimator__learning_rate=0.2, estimator__max_depth=11, estimator__num_leaves=8, estimator__subsample=0.001; total time=   0.6s
[CV] END estimator__learning_rate=0.2, estimator__max_depth=11, estimator__num_leaves=10, estimator__subsample=0.1; total time=   0.7s
[CV] END estimator__learning_rate=0.2, estimator__max_depth=12, estimator__num_leaves=2, estimator__subsample=0.01; total time=   0.1s
[CV] END estimator__learning_rate=0.2, estimator__max_depth=12, estimator__num_leaves=4, estimator__subsample=0.001; total time=   0.2s
[CV] END estimator__learning_rate=0.2, estimator__max_depth=12, estimator__num_leaves=4, estimator__subsample=0.1; total time=   0.2s
[CV] END estimator__learning_rate=0.2, estimator__max_depth=12, estimator__num_leaves=6, estimator__subsample=0.01; total time=   0.4s
[CV] END estimator__learning_rate=0.2, estimator__max_depth=12, estimator__num_leaves=8, estimator__subsample=0.2; total time=   0.6s
[CV] END estimator__learning_rate=0.2, estimator__max_depth=12, estimator__num_leaves=31, estimator__subsample=0.01; total time=   1.5s
[CV] END estimator__learning_rate=0.2, estimator__max_depth=13, estimator__num_leaves=6, estimator__subsample=0.2; total time=   0.4s
[CV] END estimator__learning_rate=0.2, estimator__max_depth=13, estimator__num_leaves=10, estimator__subsample=0.1; total time=   0.7s
[CV] END estimator__learning_rate=0.2, estimator__max_depth=14, estimator__num_leaves=2, estimator__subsample=0.001; total time=   0.0s
[CV] END estimator__learning_rate=0.2, estimator__max_depth=14, estimator__num_leaves=2, estimator__subsample=0.01; total time=   0.1s
[CV] END estimator__learning_rate=0.2, estimator__max_depth=14, estimator__num_leaves=2, estimator__subsample=0.2; total time=   0.1s
[CV] END estimator__learning_rate=0.2, estimator__max_depth=14, estimator__num_leaves=4, estimator__subsample=0.01; total time=   0.2s
[CV] END estimator__learning_rate=0.2, estimator__max_depth=14, estimator__num_leaves=6, estimator__subsample=0.001; total time=   0.4s
[CV] END estimator__learning_rate=0.2, estimator__max_depth=14, estimator__num_leaves=8, estimator__subsample=0.001; total time=   0.6s
[CV] END estimator__learning_rate=0.2, estimator__max_depth=14, estimator__num_leaves=10, estimator__subsample=0.2; total time=   0.8s
[CV] END estimator__learning_rate=0.39, estimator__max_depth=10, estimator__num_leaves=2, estimator__subsample=0.1; total time=   0.1s
[CV] END estimator__learning_rate=0.39, estimator__max_depth=10, estimator__num_leaves=4, estimator__subsample=0.001; total time=   0.2s
[CV] END estimator__learning_rate=0.39, estimator__max_depth=10, estimator__num_leaves=4, estimator__subsample=0.2; total time=   0.2s
[CV] END estimator__learning_rate=0.39, estimator__max_depth=10, estimator__num_leaves=6, estimator__subsample=0.01; total time=   0.4s
[CV] END estimator__learning_rate=0.39, estimator__max_depth=10, estimator__num_leaves=8, estimator__subsample=0.2; total time=   0.6s
[CV] END estimator__learning_rate=0.39, estimator__max_depth=10, estimator__num_leaves=31, estimator__subsample=0.01; total time=   1.5s
[CV] END estimator__learning_rate=0.39, estimator__max_depth=11, estimator__num_leaves=8, estimator__subsample=0.001; total time=   0.6s
[CV] END estimator__learning_rate=0.39, estimator__max_depth=11, estimator__num_leaves=10, estimator__subsample=0.2; total time=   0.7s
[CV] END estimator__learning_rate=0.39, estimator__max_depth=12, estimator__num_leaves=2, estimator__subsample=0.1; total time=   0.1s
[CV] END estimator__learning_rate=0.39, estimator__max_depth=12, estimator__num_leaves=4, estimator__subsample=0.001; total time=   0.2s
[CV] END estimator__learning_rate=0.39, estimator__max_depth=12, estimator__num_leaves=4, estimator__subsample=0.1; total time=   0.2s
[CV] END estimator__learning_rate=0.39, estimator__max_depth=12, estimator__num_leaves=6, estimator__subsample=0.01; total time=   0.4s
[CV] END estimator__learning_rate=0.39, estimator__max_depth=12, estimator__num_leaves=8, estimator__subsample=0.2; total time=   0.6s
[CV] END estimator__learning_rate=0.39, estimator__max_depth=12, estimator__num_leaves=31, estimator__subsample=0.01; total time=   1.8s
[CV] END estimator__learning_rate=0.39, estimator__max_depth=13, estimator__num_leaves=8, estimator__subsample=0.1; total time=   0.6s
[CV] END estimator__learning_rate=0.39, estimator__max_depth=13, estimator__num_leaves=31, estimator__subsample=0.001; total time=   1.5s
[CV] END estimator__learning_rate=0.39, estimator__max_depth=14, estimator__num_leaves=6, estimator__subsample=0.2; total time=   0.4s
[CV] END estimator__learning_rate=0.39, estimator__max_depth=14, estimator__num_leaves=10, estimator__subsample=0.01; total time=   0.7s
[CV] END estimator__learning_rate=0.39, estimator__max_depth=14, estimator__num_leaves=31, estimator__subsample=0.2; total time=   1.5s
[CV] END estimator__learning_rate=0.58, estimator__max_depth=10, estimator__num_leaves=8, estimator__subsample=0.1; total time=   0.6s
[CV] END estimator__learning_rate=0.58, estimator__max_depth=10, estimator__num_leaves=31, estimator__subsample=0.01; total time=   1.4s
[CV] END estimator__learning_rate=0.58, estimator__max_depth=11, estimator__num_leaves=6, estimator__subsample=0.01; total time=   0.4s
[CV] END estimator__learning_rate=0.58, estimator__max_depth=11, estimator__num_leaves=8, estimator__subsample=0.2; total time=   0.6s
[CV] END estimator__learning_rate=0.58, estimator__max_depth=11, estimator__num_leaves=31, estimator__subsample=0.1; total time=   1.5s[CV] END estimator__learning_rate=0.01, estimator__max_depth=10, estimator__num_leaves=4, estimator__subsample=0.01; total time=   4.7s
[CV] END estimator__learning_rate=0.01, estimator__max_depth=10, estimator__num_leaves=31, estimator__subsample=0.001; total time=   1.4s
[CV] END estimator__learning_rate=0.01, estimator__max_depth=11, estimator__num_leaves=6, estimator__subsample=0.1; total time=   0.4s
[CV] END estimator__learning_rate=0.01, estimator__max_depth=11, estimator__num_leaves=10, estimator__subsample=0.001; total time=   0.7s
[CV] END estimator__learning_rate=0.01, estimator__max_depth=11, estimator__num_leaves=31, estimator__subsample=0.1; total time=   1.5s
[CV] END estimator__learning_rate=0.01, estimator__max_depth=12, estimator__num_leaves=8, estimator__subsample=0.1; total time=   0.6s
[CV] END estimator__learning_rate=0.01, estimator__max_depth=12, estimator__num_leaves=31, estimator__subsample=0.001; total time=   1.4s
[CV] END estimator__learning_rate=0.01, estimator__max_depth=13, estimator__num_leaves=6, estimator__subsample=0.1; total time=   0.4s
[CV] END estimator__learning_rate=0.01, estimator__max_depth=13, estimator__num_leaves=10, estimator__subsample=0.001; total time=   0.7s
[CV] END estimator__learning_rate=0.01, estimator__max_depth=13, estimator__num_leaves=31, estimator__subsample=0.2; total time=   1.5s
[CV] END estimator__learning_rate=0.01, estimator__max_depth=14, estimator__num_leaves=8, estimator__subsample=0.2; total time=   0.6s
[CV] END estimator__learning_rate=0.01, estimator__max_depth=14, estimator__num_leaves=31, estimator__subsample=0.01; total time=   1.4s
[CV] END estimator__learning_rate=0.2, estimator__max_depth=10, estimator__num_leaves=8, estimator__subsample=0.001; total time=   0.6s
[CV] END estimator__learning_rate=0.2, estimator__max_depth=10, estimator__num_leaves=10, estimator__subsample=0.1; total time=   0.7s
[CV] END estimator__learning_rate=0.2, estimator__max_depth=11, estimator__num_leaves=2, estimator__subsample=0.01; total time=   0.1s
[CV] END estimator__learning_rate=0.2, estimator__max_depth=11, estimator__num_leaves=4, estimator__subsample=0.001; total time=   0.2s
[CV] END estimator__learning_rate=0.2, estimator__max_depth=11, estimator__num_leaves=4, estimator__subsample=0.2; total time=   0.2s
[CV] END estimator__learning_rate=0.2, estimator__max_depth=11, estimator__num_leaves=6, estimator__subsample=0.01; total time=   0.4s
[CV] END estimator__learning_rate=0.2, estimator__max_depth=11, estimator__num_leaves=8, estimator__subsample=0.2; total time=   0.6s
[CV] END estimator__learning_rate=0.2, estimator__max_depth=11, estimator__num_leaves=31, estimator__subsample=0.1; total time=   1.5s
[CV] END estimator__learning_rate=0.2, estimator__max_depth=12, estimator__num_leaves=8, estimator__subsample=0.001; total time=   0.6s
[CV] END estimator__learning_rate=0.2, estimator__max_depth=12, estimator__num_leaves=10, estimator__subsample=0.1; total time=   0.8s
[CV] END estimator__learning_rate=0.2, estimator__max_depth=13, estimator__num_leaves=2, estimator__subsample=0.01; total time=   0.1s
[CV] END estimator__learning_rate=0.2, estimator__max_depth=13, estimator__num_leaves=4, estimator__subsample=0.001; total time=   0.2s
[CV] END estimator__learning_rate=0.2, estimator__max_depth=13, estimator__num_leaves=4, estimator__subsample=0.1; total time=   0.2s
[CV] END estimator__learning_rate=0.2, estimator__max_depth=13, estimator__num_leaves=6, estimator__subsample=0.001; total time=   0.4s
[CV] END estimator__learning_rate=0.2, estimator__max_depth=13, estimator__num_leaves=8, estimator__subsample=0.2; total time=   0.6s
[CV] END estimator__learning_rate=0.2, estimator__max_depth=13, estimator__num_leaves=31, estimator__subsample=0.01; total time=   1.6s
[CV] END estimator__learning_rate=0.2, estimator__max_depth=14, estimator__num_leaves=8, estimator__subsample=0.001; total time=   0.6s
[CV] END estimator__learning_rate=0.2, estimator__max_depth=14, estimator__num_leaves=10, estimator__subsample=0.1; total time=   0.8s
[CV] END estimator__learning_rate=0.39, estimator__max_depth=10, estimator__num_leaves=2, estimator__subsample=0.1; total time=   0.1s
[CV] END estimator__learning_rate=0.39, estimator__max_depth=10, estimator__num_leaves=4, estimator__subsample=0.001; total time=   0.2s
[CV] END estimator__learning_rate=0.39, estimator__max_depth=10, estimator__num_leaves=4, estimator__subsample=0.1; total time=   0.2s
[CV] END estimator__learning_rate=0.39, estimator__max_depth=10, estimator__num_leaves=6, estimator__subsample=0.01; total time=   0.4s
[CV] END estimator__learning_rate=0.39, estimator__max_depth=10, estimator__num_leaves=8, estimator__subsample=0.2; total time=   0.6s
[CV] END estimator__learning_rate=0.39, estimator__max_depth=10, estimator__num_leaves=31, estimator__subsample=0.1; total time=   1.4s
[CV] END estimator__learning_rate=0.39, estimator__max_depth=11, estimator__num_leaves=8, estimator__subsample=0.001; total time=   0.6s
[CV] END estimator__learning_rate=0.39, estimator__max_depth=11, estimator__num_leaves=10, estimator__subsample=0.1; total time=   0.8s
[CV] END estimator__learning_rate=0.39, estimator__max_depth=12, estimator__num_leaves=2, estimator__subsample=0.01; total time=   0.1s
[CV] END estimator__learning_rate=0.39, estimator__max_depth=12, estimator__num_leaves=2, estimator__subsample=0.2; total time=   0.1s
[CV] END estimator__learning_rate=0.39, estimator__max_depth=12, estimator__num_leaves=4, estimator__subsample=0.1; total time=   0.2s
[CV] END estimator__learning_rate=0.39, estimator__max_depth=12, estimator__num_leaves=6, estimator__subsample=0.001; total time=   0.4s
[CV] END estimator__learning_rate=0.39, estimator__max_depth=12, estimator__num_leaves=8, estimator__subsample=0.01; total time=   0.6s
[CV] END estimator__learning_rate=0.39, estimator__max_depth=12, estimator__num_leaves=10, estimator__subsample=0.2; total time=   0.8s
[CV] END estimator__learning_rate=0.39, estimator__max_depth=13, estimator__num_leaves=2, estimator__subsample=0.1; total time=   0.1s
[CV] END estimator__learning_rate=0.39, estimator__max_depth=13, estimator__num_leaves=4, estimator__subsample=0.01; total time=   0.2s
[CV] END estimator__learning_rate=0.39, estimator__max_depth=13, estimator__num_leaves=4, estimator__subsample=0.2; total time=   0.2s
[CV] END estimator__learning_rate=0.39, estimator__max_depth=13, estimator__num_leaves=6, estimator__subsample=0.1; total time=   0.4s
[CV] END estimator__learning_rate=0.39, estimator__max_depth=13, estimator__num_leaves=10, estimator__subsample=0.001; total time=   0.7s
[CV] END estimator__learning_rate=0.39, estimator__max_depth=13, estimator__num_leaves=31, estimator__subsample=0.1; total time=   1.6s
[CV] END estimator__learning_rate=0.39, estimator__max_depth=14, estimator__num_leaves=8, estimator__subsample=0.1; total time=   0.6s
[CV] END estimator__learning_rate=0.39, estimator__max_depth=14, estimator__num_leaves=31, estimator__subsample=0.001; total time=   1.5s
[CV] END estimator__learning_rate=0.58, estimator__max_depth=10, estimator__num_leaves=6, estimator__subsample=0.2; total time=   0.4s
[CV] END estimator__learning_rate=0.58, estimator__max_depth=10, estimator__num_leaves=10, estimator__subsample=0.01; total time=   0.7s
[CV] END estimator__learning_rate=0.58, estimator__max_depth=10, estimator__num_leaves=31, estimator__subsample=0.2; total time=   1.4s
[CV] END estimator__learning_rate=0.58, estimator__max_depth=11, estimator__num_leaves=8, estimator__subsample=0.1; total time=   0.6s
[CV] END estimator__learning_rate=0.58, estimator__max_depth=11, estimator__num_leaves=31, estimator__subsample=0.01; total time=   1.5s
[CV] END estimator__learning_rate=0.58, estimator__max_depth=12, estimator__num_leaves=6, estimator__subsample=0.2; total time=   0.4s
[CV] END estimator__learning_rate=0.58, estimator__max_depth=12, estimator__num_leaves=10, estimator__subsample=0.01; total time=   0.7s
[CV] END estimator__learning_rate=0.58, estimator__max_depth=13, estimator__num_leaves=2, estimator__subsample=0.001; total time=   0.0s[CV] END estimator__learning_rate=0.01, estimator__max_depth=10, estimator__num_leaves=4, estimator__subsample=0.001; total time=   4.7s
[CV] END estimator__learning_rate=0.01, estimator__max_depth=10, estimator__num_leaves=31, estimator__subsample=0.01; total time=   1.5s
[CV] END estimator__learning_rate=0.01, estimator__max_depth=11, estimator__num_leaves=6, estimator__subsample=0.2; total time=   0.4s
[CV] END estimator__learning_rate=0.01, estimator__max_depth=11, estimator__num_leaves=10, estimator__subsample=0.01; total time=   0.7s
[CV] END estimator__learning_rate=0.01, estimator__max_depth=11, estimator__num_leaves=31, estimator__subsample=0.2; total time=   1.5s
[CV] END estimator__learning_rate=0.01, estimator__max_depth=12, estimator__num_leaves=8, estimator__subsample=0.1; total time=   0.6s
[CV] END estimator__learning_rate=0.01, estimator__max_depth=12, estimator__num_leaves=31, estimator__subsample=0.01; total time=   1.5s
[CV] END estimator__learning_rate=0.01, estimator__max_depth=13, estimator__num_leaves=8, estimator__subsample=0.001; total time=   0.6s
[CV] END estimator__learning_rate=0.01, estimator__max_depth=13, estimator__num_leaves=10, estimator__subsample=0.1; total time=   0.7s
[CV] END estimator__learning_rate=0.01, estimator__max_depth=14, estimator__num_leaves=2, estimator__subsample=0.1; total time=   0.1s
[CV] END estimator__learning_rate=0.01, estimator__max_depth=14, estimator__num_leaves=4, estimator__subsample=0.001; total time=   0.2s
[CV] END estimator__learning_rate=0.01, estimator__max_depth=14, estimator__num_leaves=4, estimator__subsample=0.1; total time=   0.2s
[CV] END estimator__learning_rate=0.01, estimator__max_depth=14, estimator__num_leaves=6, estimator__subsample=0.01; total time=   0.4s
[CV] END estimator__learning_rate=0.01, estimator__max_depth=14, estimator__num_leaves=8, estimator__subsample=0.2; total time=   0.5s
[CV] END estimator__learning_rate=0.01, estimator__max_depth=14, estimator__num_leaves=31, estimator__subsample=0.01; total time=   1.4s
[CV] END estimator__learning_rate=0.2, estimator__max_depth=10, estimator__num_leaves=6, estimator__subsample=0.2; total time=   0.4s
[CV] END estimator__learning_rate=0.2, estimator__max_depth=10, estimator__num_leaves=10, estimator__subsample=0.1; total time=   0.7s
[CV] END estimator__learning_rate=0.2, estimator__max_depth=11, estimator__num_leaves=2, estimator__subsample=0.001; total time=   0.0s
[CV] END estimator__learning_rate=0.2, estimator__max_depth=11, estimator__num_leaves=2, estimator__subsample=0.01; total time=   0.1s
[CV] END estimator__learning_rate=0.2, estimator__max_depth=11, estimator__num_leaves=2, estimator__subsample=0.2; total time=   0.1s
[CV] END estimator__learning_rate=0.2, estimator__max_depth=11, estimator__num_leaves=4, estimator__subsample=0.01; total time=   0.2s
[CV] END estimator__learning_rate=0.2, estimator__max_depth=11, estimator__num_leaves=4, estimator__subsample=0.2; total time=   0.2s
[CV] END estimator__learning_rate=0.2, estimator__max_depth=11, estimator__num_leaves=6, estimator__subsample=0.2; total time=   0.4s
[CV] END estimator__learning_rate=0.2, estimator__max_depth=11, estimator__num_leaves=10, estimator__subsample=0.01; total time=   0.9s
[CV] END estimator__learning_rate=0.2, estimator__max_depth=12, estimator__num_leaves=2, estimator__subsample=0.01; total time=   0.1s
[CV] END estimator__learning_rate=0.2, estimator__max_depth=12, estimator__num_leaves=2, estimator__subsample=0.2; total time=   0.1s
[CV] END estimator__learning_rate=0.2, estimator__max_depth=12, estimator__num_leaves=4, estimator__subsample=0.01; total time=   0.2s
[CV] END estimator__learning_rate=0.2, estimator__max_depth=12, estimator__num_leaves=4, estimator__subsample=0.2; total time=   0.2s
[CV] END estimator__learning_rate=0.2, estimator__max_depth=12, estimator__num_leaves=6, estimator__subsample=0.1; total time=   0.4s
[CV] END estimator__learning_rate=0.2, estimator__max_depth=12, estimator__num_leaves=10, estimator__subsample=0.01; total time=   0.7s
[CV] END estimator__learning_rate=0.2, estimator__max_depth=12, estimator__num_leaves=31, estimator__subsample=0.2; total time=   1.5s
[CV] END estimator__learning_rate=0.2, estimator__max_depth=13, estimator__num_leaves=8, estimator__subsample=0.1; total time=   0.6s
[CV] END estimator__learning_rate=0.2, estimator__max_depth=13, estimator__num_leaves=31, estimator__subsample=0.001; total time=   1.5s
[CV] END estimator__learning_rate=0.2, estimator__max_depth=14, estimator__num_leaves=6, estimator__subsample=0.1; total time=   0.4s
[CV] END estimator__learning_rate=0.2, estimator__max_depth=14, estimator__num_leaves=10, estimator__subsample=0.01; total time=   0.8s
[CV] END estimator__learning_rate=0.2, estimator__max_depth=14, estimator__num_leaves=31, estimator__subsample=0.2; total time=   1.5s
[CV] END estimator__learning_rate=0.39, estimator__max_depth=10, estimator__num_leaves=8, estimator__subsample=0.2; total time=   0.6s
[CV] END estimator__learning_rate=0.39, estimator__max_depth=10, estimator__num_leaves=31, estimator__subsample=0.1; total time=   1.4s
[CV] END estimator__learning_rate=0.39, estimator__max_depth=11, estimator__num_leaves=6, estimator__subsample=0.2; total time=   0.4s
[CV] END estimator__learning_rate=0.39, estimator__max_depth=11, estimator__num_leaves=10, estimator__subsample=0.1; total time=   0.7s
[CV] END estimator__learning_rate=0.39, estimator__max_depth=12, estimator__num_leaves=2, estimator__subsample=0.001; total time=   0.0s
[CV] END estimator__learning_rate=0.39, estimator__max_depth=12, estimator__num_leaves=2, estimator__subsample=0.001; total time=   0.1s
[CV] END estimator__learning_rate=0.39, estimator__max_depth=12, estimator__num_leaves=2, estimator__subsample=0.1; total time=   0.1s
[CV] END estimator__learning_rate=0.39, estimator__max_depth=12, estimator__num_leaves=4, estimator__subsample=0.001; total time=   0.2s
[CV] END estimator__learning_rate=0.39, estimator__max_depth=12, estimator__num_leaves=4, estimator__subsample=0.2; total time=   0.2s
[CV] END estimator__learning_rate=0.39, estimator__max_depth=12, estimator__num_leaves=6, estimator__subsample=0.1; total time=   0.4s
[CV] END estimator__learning_rate=0.39, estimator__max_depth=12, estimator__num_leaves=10, estimator__subsample=0.001; total time=   0.7s
[CV] END estimator__learning_rate=0.39, estimator__max_depth=12, estimator__num_leaves=31, estimator__subsample=0.1; total time=   1.5s
[CV] END estimator__learning_rate=0.39, estimator__max_depth=13, estimator__num_leaves=8, estimator__subsample=0.01; total time=   0.6s
[CV] END estimator__learning_rate=0.39, estimator__max_depth=13, estimator__num_leaves=31, estimator__subsample=0.001; total time=   1.5s
[CV] END estimator__learning_rate=0.39, estimator__max_depth=14, estimator__num_leaves=6, estimator__subsample=0.1; total time=   0.4s
[CV] END estimator__learning_rate=0.39, estimator__max_depth=14, estimator__num_leaves=10, estimator__subsample=0.001; total time=   0.8s
[CV] END estimator__learning_rate=0.39, estimator__max_depth=14, estimator__num_leaves=31, estimator__subsample=0.2; total time=   1.5s
[CV] END estimator__learning_rate=0.58, estimator__max_depth=10, estimator__num_leaves=8, estimator__subsample=0.1; total time=   0.6s
[CV] END estimator__learning_rate=0.58, estimator__max_depth=10, estimator__num_leaves=31, estimator__subsample=0.001; total time=   1.4s
[CV] END estimator__learning_rate=0.58, estimator__max_depth=11, estimator__num_leaves=6, estimator__subsample=0.01; total time=   0.4s
[CV] END estimator__learning_rate=0.58, estimator__max_depth=11, estimator__num_leaves=10, estimator__subsample=0.001; total time=   0.8s
[CV] END estimator__learning_rate=0.58, estimator__max_depth=11, estimator__num_leaves=31, estimator__subsample=0.1; total time=   1.5s
[CV] END estimator__learning_rate=0.58, estimator__max_depth=12, estimator__num_leaves=8, estimator__subsample=0.1; total time=   0.6s
[CV] END estimator__learning_rate=0.58, estimator__max_depth=12, estimator__num_leaves=31, estimator__subsample=0.001; total time=   1.5s[CV] END estimator__learning_rate=0.01, estimator__max_depth=10, estimator__num_leaves=4, estimator__subsample=0.001; total time=   4.7s
[CV] END estimator__learning_rate=0.01, estimator__max_depth=10, estimator__num_leaves=31, estimator__subsample=0.01; total time=   1.4s
[CV] END estimator__learning_rate=0.01, estimator__max_depth=11, estimator__num_leaves=6, estimator__subsample=0.01; total time=   0.4s
[CV] END estimator__learning_rate=0.01, estimator__max_depth=11, estimator__num_leaves=8, estimator__subsample=0.1; total time=   0.6s
[CV] END estimator__learning_rate=0.01, estimator__max_depth=11, estimator__num_leaves=31, estimator__subsample=0.01; total time=   1.5s
[CV] END estimator__learning_rate=0.01, estimator__max_depth=12, estimator__num_leaves=8, estimator__subsample=0.001; total time=   0.6s
[CV] END estimator__learning_rate=0.01, estimator__max_depth=12, estimator__num_leaves=10, estimator__subsample=0.2; total time=   0.7s
[CV] END estimator__learning_rate=0.01, estimator__max_depth=13, estimator__num_leaves=2, estimator__subsample=0.1; total time=   0.1s
[CV] END estimator__learning_rate=0.01, estimator__max_depth=13, estimator__num_leaves=4, estimator__subsample=0.001; total time=   0.2s
[CV] END estimator__learning_rate=0.01, estimator__max_depth=13, estimator__num_leaves=4, estimator__subsample=0.1; total time=   0.2s
[CV] END estimator__learning_rate=0.01, estimator__max_depth=13, estimator__num_leaves=6, estimator__subsample=0.01; total time=   0.4s
[CV] END estimator__learning_rate=0.01, estimator__max_depth=13, estimator__num_leaves=10, estimator__subsample=0.001; total time=   0.7s
[CV] END estimator__learning_rate=0.01, estimator__max_depth=13, estimator__num_leaves=31, estimator__subsample=0.1; total time=   1.5s
[CV] END estimator__learning_rate=0.01, estimator__max_depth=14, estimator__num_leaves=8, estimator__subsample=0.1; total time=   0.6s
[CV] END estimator__learning_rate=0.01, estimator__max_depth=14, estimator__num_leaves=31, estimator__subsample=0.001; total time=   1.4s
[CV] END estimator__learning_rate=0.2, estimator__max_depth=10, estimator__num_leaves=6, estimator__subsample=0.1; total time=   0.4s
[CV] END estimator__learning_rate=0.2, estimator__max_depth=10, estimator__num_leaves=10, estimator__subsample=0.001; total time=   0.8s
[CV] END estimator__learning_rate=0.2, estimator__max_depth=10, estimator__num_leaves=31, estimator__subsample=0.2; total time=   1.4s
[CV] END estimator__learning_rate=0.2, estimator__max_depth=11, estimator__num_leaves=8, estimator__subsample=0.1; total time=   0.6s
[CV] END estimator__learning_rate=0.2, estimator__max_depth=11, estimator__num_leaves=31, estimator__subsample=0.001; total time=   1.5s
[CV] END estimator__learning_rate=0.2, estimator__max_depth=12, estimator__num_leaves=6, estimator__subsample=0.1; total time=   0.4s
[CV] END estimator__learning_rate=0.2, estimator__max_depth=12, estimator__num_leaves=10, estimator__subsample=0.01; total time=   0.8s
[CV] END estimator__learning_rate=0.2, estimator__max_depth=12, estimator__num_leaves=31, estimator__subsample=0.2; total time=   1.5s
[CV] END estimator__learning_rate=0.2, estimator__max_depth=13, estimator__num_leaves=8, estimator__subsample=0.2; total time=   0.6s
[CV] END estimator__learning_rate=0.2, estimator__max_depth=13, estimator__num_leaves=31, estimator__subsample=0.001; total time=   1.5s
[CV] END estimator__learning_rate=0.2, estimator__max_depth=14, estimator__num_leaves=6, estimator__subsample=0.2; total time=   0.4s
[CV] END estimator__learning_rate=0.2, estimator__max_depth=14, estimator__num_leaves=10, estimator__subsample=0.01; total time=   0.8s
[CV] END estimator__learning_rate=0.39, estimator__max_depth=10, estimator__num_leaves=2, estimator__subsample=0.001; total time=   0.1s
[CV] END estimator__learning_rate=0.39, estimator__max_depth=10, estimator__num_leaves=2, estimator__subsample=0.01; total time=   0.1s
[CV] END estimator__learning_rate=0.39, estimator__max_depth=10, estimator__num_leaves=2, estimator__subsample=0.2; total time=   0.1s
[CV] END estimator__learning_rate=0.39, estimator__max_depth=10, estimator__num_leaves=4, estimator__subsample=0.1; total time=   0.2s
[CV] END estimator__learning_rate=0.39, estimator__max_depth=10, estimator__num_leaves=6, estimator__subsample=0.001; total time=   0.4s
[CV] END estimator__learning_rate=0.39, estimator__max_depth=10, estimator__num_leaves=8, estimator__subsample=0.01; total time=   0.6s
[CV] END estimator__learning_rate=0.39, estimator__max_depth=10, estimator__num_leaves=10, estimator__subsample=0.2; total time=   0.8s
[CV] END estimator__learning_rate=0.39, estimator__max_depth=11, estimator__num_leaves=2, estimator__subsample=0.1; total time=   0.1s
[CV] END estimator__learning_rate=0.39, estimator__max_depth=11, estimator__num_leaves=4, estimator__subsample=0.01; total time=   0.2s
[CV] END estimator__learning_rate=0.39, estimator__max_depth=11, estimator__num_leaves=4, estimator__subsample=0.2; total time=   0.2s
[CV] END estimator__learning_rate=0.39, estimator__max_depth=11, estimator__num_leaves=6, estimator__subsample=0.1; total time=   0.4s
[CV] END estimator__learning_rate=0.39, estimator__max_depth=11, estimator__num_leaves=10, estimator__subsample=0.001; total time=   0.8s
[CV] END estimator__learning_rate=0.39, estimator__max_depth=11, estimator__num_leaves=31, estimator__subsample=0.2; total time=   1.4s
[CV] END estimator__learning_rate=0.39, estimator__max_depth=12, estimator__num_leaves=8, estimator__subsample=0.01; total time=   0.6s
[CV] END estimator__learning_rate=0.39, estimator__max_depth=12, estimator__num_leaves=31, estimator__subsample=0.001; total time=   1.5s
[CV] END estimator__learning_rate=0.39, estimator__max_depth=13, estimator__num_leaves=6, estimator__subsample=0.2; total time=   0.4s
[CV] END estimator__learning_rate=0.39, estimator__max_depth=13, estimator__num_leaves=10, estimator__subsample=0.01; total time=   0.8s
[CV] END estimator__learning_rate=0.39, estimator__max_depth=14, estimator__num_leaves=2, estimator__subsample=0.001; total time=   0.0s
[CV] END estimator__learning_rate=0.39, estimator__max_depth=14, estimator__num_leaves=2, estimator__subsample=0.001; total time=   0.1s
[CV] END estimator__learning_rate=0.39, estimator__max_depth=14, estimator__num_leaves=2, estimator__subsample=0.1; total time=   0.1s
[CV] END estimator__learning_rate=0.39, estimator__max_depth=14, estimator__num_leaves=4, estimator__subsample=0.001; total time=   0.2s
[CV] END estimator__learning_rate=0.39, estimator__max_depth=14, estimator__num_leaves=4, estimator__subsample=0.2; total time=   0.2s
[CV] END estimator__learning_rate=0.39, estimator__max_depth=14, estimator__num_leaves=6, estimator__subsample=0.01; total time=   0.4s
[CV] END estimator__learning_rate=0.39, estimator__max_depth=14, estimator__num_leaves=10, estimator__subsample=0.001; total time=   0.7s
[CV] END estimator__learning_rate=0.39, estimator__max_depth=14, estimator__num_leaves=31, estimator__subsample=0.1; total time=   1.6s
[CV] END estimator__learning_rate=0.58, estimator__max_depth=10, estimator__num_leaves=8, estimator__subsample=0.1; total time=   0.6s
[CV] END estimator__learning_rate=0.58, estimator__max_depth=10, estimator__num_leaves=31, estimator__subsample=0.001; total time=   1.5s
[CV] END estimator__learning_rate=0.58, estimator__max_depth=11, estimator__num_leaves=6, estimator__subsample=0.2; total time=   0.4s
[CV] END estimator__learning_rate=0.58, estimator__max_depth=11, estimator__num_leaves=10, estimator__subsample=0.01; total time=   0.8s
[CV] END estimator__learning_rate=0.58, estimator__max_depth=11, estimator__num_leaves=31, estimator__subsample=0.2; total time=   1.5s
[CV] END estimator__learning_rate=0.58, estimator__max_depth=12, estimator__num_leaves=8, estimator__subsample=0.1; total time=   0.6s
[CV] END estimator__learning_rate=0.58, estimator__max_depth=12, estimator__num_leaves=31, estimator__subsample=0.01; total time=   1.5s
[CV] END estimator__learning_rate=0.58, estimator__max_depth=13, estimator__num_leaves=6, estimator__subsample=0.2; total time=   0.4s[CV] END estimator__learning_rate=0.01, estimator__max_depth=10, estimator__num_leaves=4, estimator__subsample=0.01; total time=   4.7s
[CV] END estimator__learning_rate=0.01, estimator__max_depth=10, estimator__num_leaves=31, estimator__subsample=0.001; total time=   1.4s
[CV] END estimator__learning_rate=0.01, estimator__max_depth=11, estimator__num_leaves=6, estimator__subsample=0.001; total time=   0.4s
[CV] END estimator__learning_rate=0.01, estimator__max_depth=11, estimator__num_leaves=8, estimator__subsample=0.1; total time=   0.6s
[CV] END estimator__learning_rate=0.01, estimator__max_depth=11, estimator__num_leaves=31, estimator__subsample=0.01; total time=   1.4s
[CV] END estimator__learning_rate=0.01, estimator__max_depth=12, estimator__num_leaves=6, estimator__subsample=0.2; total time=   0.4s
[CV] END estimator__learning_rate=0.01, estimator__max_depth=12, estimator__num_leaves=10, estimator__subsample=0.01; total time=   0.7s
[CV] END estimator__learning_rate=0.01, estimator__max_depth=12, estimator__num_leaves=31, estimator__subsample=0.2; total time=   1.4s
[CV] END estimator__learning_rate=0.01, estimator__max_depth=13, estimator__num_leaves=8, estimator__subsample=0.1; total time=   0.6s
[CV] END estimator__learning_rate=0.01, estimator__max_depth=13, estimator__num_leaves=31, estimator__subsample=0.001; total time=   1.5s
[CV] END estimator__learning_rate=0.01, estimator__max_depth=14, estimator__num_leaves=6, estimator__subsample=0.2; total time=   0.4s
[CV] END estimator__learning_rate=0.01, estimator__max_depth=14, estimator__num_leaves=10, estimator__subsample=0.01; total time=   0.7s
[CV] END estimator__learning_rate=0.01, estimator__max_depth=14, estimator__num_leaves=31, estimator__subsample=0.1; total time=   1.4s
[CV] END estimator__learning_rate=0.2, estimator__max_depth=10, estimator__num_leaves=8, estimator__subsample=0.01; total time=   0.6s
[CV] END estimator__learning_rate=0.2, estimator__max_depth=10, estimator__num_leaves=31, estimator__subsample=0.001; total time=   1.4s
[CV] END estimator__learning_rate=0.2, estimator__max_depth=11, estimator__num_leaves=6, estimator__subsample=0.01; total time=   0.4s
[CV] END estimator__learning_rate=0.2, estimator__max_depth=11, estimator__num_leaves=10, estimator__subsample=0.001; total time=   0.7s
[CV] END estimator__learning_rate=0.2, estimator__max_depth=11, estimator__num_leaves=31, estimator__subsample=0.1; total time=   1.5s
[CV] END estimator__learning_rate=0.2, estimator__max_depth=12, estimator__num_leaves=8, estimator__subsample=0.01; total time=   0.6s
[CV] END estimator__learning_rate=0.2, estimator__max_depth=12, estimator__num_leaves=31, estimator__subsample=0.001; total time=   1.5s
[CV] END estimator__learning_rate=0.2, estimator__max_depth=13, estimator__num_leaves=6, estimator__subsample=0.1; total time=   0.4s
[CV] END estimator__learning_rate=0.2, estimator__max_depth=13, estimator__num_leaves=10, estimator__subsample=0.001; total time=   0.7s
[CV] END estimator__learning_rate=0.2, estimator__max_depth=13, estimator__num_leaves=31, estimator__subsample=0.2; total time=   1.5s
[CV] END estimator__learning_rate=0.2, estimator__max_depth=14, estimator__num_leaves=8, estimator__subsample=0.1; total time=   0.6s
[CV] END estimator__learning_rate=0.2, estimator__max_depth=14, estimator__num_leaves=31, estimator__subsample=0.001; total time=   1.5s
[CV] END estimator__learning_rate=0.39, estimator__max_depth=10, estimator__num_leaves=6, estimator__subsample=0.2; total time=   0.4s
[CV] END estimator__learning_rate=0.39, estimator__max_depth=10, estimator__num_leaves=10, estimator__subsample=0.01; total time=   0.7s
[CV] END estimator__learning_rate=0.39, estimator__max_depth=10, estimator__num_leaves=31, estimator__subsample=0.2; total time=   1.5s
[CV] END estimator__learning_rate=0.39, estimator__max_depth=11, estimator__num_leaves=8, estimator__subsample=0.2; total time=   0.6s
[CV] END estimator__learning_rate=0.39, estimator__max_depth=11, estimator__num_leaves=31, estimator__subsample=0.01; total time=   1.5s
[CV] END estimator__learning_rate=0.39, estimator__max_depth=12, estimator__num_leaves=6, estimator__subsample=0.2; total time=   0.4s
[CV] END estimator__learning_rate=0.39, estimator__max_depth=12, estimator__num_leaves=10, estimator__subsample=0.01; total time=   0.9s
[CV] END estimator__learning_rate=0.39, estimator__max_depth=13, estimator__num_leaves=2, estimator__subsample=0.001; total time=   0.1s
[CV] END estimator__learning_rate=0.39, estimator__max_depth=13, estimator__num_leaves=2, estimator__subsample=0.2; total time=   0.1s
[CV] END estimator__learning_rate=0.39, estimator__max_depth=13, estimator__num_leaves=4, estimator__subsample=0.01; total time=   0.2s
[CV] END estimator__learning_rate=0.39, estimator__max_depth=13, estimator__num_leaves=6, estimator__subsample=0.001; total time=   0.4s
[CV] END estimator__learning_rate=0.39, estimator__max_depth=13, estimator__num_leaves=8, estimator__subsample=0.001; total time=   0.6s
[CV] END estimator__learning_rate=0.39, estimator__max_depth=13, estimator__num_leaves=10, estimator__subsample=0.2; total time=   0.7s
[CV] END estimator__learning_rate=0.39, estimator__max_depth=14, estimator__num_leaves=2, estimator__subsample=0.1; total time=   0.1s
[CV] END estimator__learning_rate=0.39, estimator__max_depth=14, estimator__num_leaves=4, estimator__subsample=0.001; total time=   0.2s
[CV] END estimator__learning_rate=0.39, estimator__max_depth=14, estimator__num_leaves=4, estimator__subsample=0.1; total time=   0.2s
[CV] END estimator__learning_rate=0.39, estimator__max_depth=14, estimator__num_leaves=6, estimator__subsample=0.01; total time=   0.4s
[CV] END estimator__learning_rate=0.39, estimator__max_depth=14, estimator__num_leaves=8, estimator__subsample=0.2; total time=   0.6s
[CV] END estimator__learning_rate=0.39, estimator__max_depth=14, estimator__num_leaves=31, estimator__subsample=0.1; total time=   1.5s
[CV] END estimator__learning_rate=0.58, estimator__max_depth=10, estimator__num_leaves=8, estimator__subsample=0.001; total time=   0.6s
[CV] END estimator__learning_rate=0.58, estimator__max_depth=10, estimator__num_leaves=10, estimator__subsample=0.1; total time=   0.8s
[CV] END estimator__learning_rate=0.58, estimator__max_depth=11, estimator__num_leaves=2, estimator__subsample=0.1; total time=   0.1s
[CV] END estimator__learning_rate=0.58, estimator__max_depth=11, estimator__num_leaves=4, estimator__subsample=0.001; total time=   0.2s
[CV] END estimator__learning_rate=0.58, estimator__max_depth=11, estimator__num_leaves=4, estimator__subsample=0.2; total time=   0.2s
[CV] END estimator__learning_rate=0.58, estimator__max_depth=11, estimator__num_leaves=6, estimator__subsample=0.01; total time=   0.4s
[CV] END estimator__learning_rate=0.58, estimator__max_depth=11, estimator__num_leaves=10, estimator__subsample=0.001; total time=   0.9s
[CV] END estimator__learning_rate=0.58, estimator__max_depth=12, estimator__num_leaves=2, estimator__subsample=0.01; total time=   0.1s
[CV] END estimator__learning_rate=0.58, estimator__max_depth=12, estimator__num_leaves=2, estimator__subsample=0.1; total time=   0.1s
[CV] END estimator__learning_rate=0.58, estimator__max_depth=12, estimator__num_leaves=4, estimator__subsample=0.001; total time=   0.2s
[CV] END estimator__learning_rate=0.58, estimator__max_depth=12, estimator__num_leaves=4, estimator__subsample=0.2; total time=   0.2s
[CV] END estimator__learning_rate=0.58, estimator__max_depth=12, estimator__num_leaves=6, estimator__subsample=0.1; total time=   0.5s
[CV] END estimator__learning_rate=0.58, estimator__max_depth=12, estimator__num_leaves=10, estimator__subsample=0.01; total time=   0.7s
[CV] END estimator__learning_rate=0.58, estimator__max_depth=12, estimator__num_leaves=31, estimator__subsample=0.2; total time=   1.5s
[CV] END estimator__learning_rate=0.58, estimator__max_depth=13, estimator__num_leaves=8, estimator__subsample=0.1; total time=   0.6s
[CV] END estimator__learning_rate=0.58, estimator__max_depth=13, estimator__num_leaves=31, estimator__subsample=0.001; total time=   1.5sFitting 5 folds for each of 600 candidates, totalling 3000 fits
[DONE] Family fit complete | family=LGBM elapsed=80.56s best_score=-3.9498188767222153 best_params={'estimator__learning_rate': 0.01, 'estimator__max_depth': 10, 'estimator__num_leaves': 10, 'estimator__subsample': 0.001}
[INFO] Family evaluation started | family=LGBM targets=1
[DONE] Family evaluation complete | family=LGBM elapsed=0.00s mean_component_mape=147.713% mean_component_mae=0.000499
[INFO] Family ONNX export started | family=LGBM targets=1 estimator=LGBMRegressor
[DONE] Family ONNX export complete | family=LGBM elapsed=0.04s exported=1 failed=0
[DONE] Original-dataset exact validation complete | summary=output/validation_checks/paper_reimplementation_rcim_original_dataset_exact_model_bank_forward_maxi_last_non_green_cells/2026-04-29-05-58-45__track1_forward_lgbm_ampl_h162_maxi_last_non_green_cells_attempt_11_campaign_run/validation_summary.yaml report=doc/reports/analysis/validation_checks/2026-04-29-06-00-44_paper_reimplementation_rcim_original_dataset_exact_model_bank_forward_maxi_last_non_green_cells_track1_forward_lgbm_ampl_h162_maxi_last_non_green_cells_attempt_11_campaign_run_original_dataset_exact_model_bank_report.md
[CV] END estimator__learning_rate=0.58, estimator__max_depth=12, estimator__num_leaves=6, estimator__subsample=0.01; total time=   0.4s
[CV] END estimator__learning_rate=0.58, estimator__max_depth=12, estimator__num_leaves=8, estimator__subsample=0.2; total time=   0.6s
[CV] END estimator__learning_rate=0.58, estimator__max_depth=12, estimator__num_leaves=31, estimator__subsample=0.01; total time=   1.5s
[CV] END estimator__learning_rate=0.58, estimator__max_depth=13, estimator__num_leaves=8, estimator__subsample=0.001; total time=   0.6s
[CV] END estimator__learning_rate=0.58, estimator__max_depth=13, estimator__num_leaves=10, estimator__subsample=0.1; total time=   0.8s
[CV] END estimator__learning_rate=0.58, estimator__max_depth=14, estimator__num_leaves=2, estimator__subsample=0.01; total time=   0.1s
[CV] END estimator__learning_rate=0.58, estimator__max_depth=14, estimator__num_leaves=4, estimator__subsample=0.001; total time=   0.2s
[CV] END estimator__learning_rate=0.58, estimator__max_depth=14, estimator__num_leaves=4, estimator__subsample=0.1; total time=   0.2s
[CV] END estimator__learning_rate=0.58, estimator__max_depth=14, estimator__num_leaves=6, estimator__subsample=0.001; total time=   0.4s
[CV] END estimator__learning_rate=0.58, estimator__max_depth=14, estimator__num_leaves=8, estimator__subsample=0.2; total time=   0.6s
[CV] END estimator__learning_rate=0.58, estimator__max_depth=14, estimator__num_leaves=31, estimator__subsample=0.01; total time=   1.5s
[CV] END estimator__learning_rate=0.77, estimator__max_depth=10, estimator__num_leaves=6, estimator__subsample=0.2; total time=   0.4s
[CV] END estimator__learning_rate=0.77, estimator__max_depth=10, estimator__num_leaves=10, estimator__subsample=0.1; total time=   0.7s
[CV] END estimator__learning_rate=0.77, estimator__max_depth=11, estimator__num_leaves=2, estimator__subsample=0.001; total time=   0.0s
[CV] END estimator__learning_rate=0.77, estimator__max_depth=11, estimator__num_leaves=2, estimator__subsample=0.01; total time=   0.1s
[CV] END estimator__learning_rate=0.77, estimator__max_depth=11, estimator__num_leaves=2, estimator__subsample=0.2; total time=   0.1s
[CV] END estimator__learning_rate=0.77, estimator__max_depth=11, estimator__num_leaves=4, estimator__subsample=0.01; total time=   0.2s
[CV] END estimator__learning_rate=0.77, estimator__max_depth=11, estimator__num_leaves=6, estimator__subsample=0.001; total time=   0.4s
[CV] END estimator__learning_rate=0.77, estimator__max_depth=11, estimator__num_leaves=8, estimator__subsample=0.001; total time=   0.6s
[CV] END estimator__learning_rate=0.77, estimator__max_depth=11, estimator__num_leaves=10, estimator__subsample=0.2; total time=   0.8s
[CV] END estimator__learning_rate=0.77, estimator__max_depth=12, estimator__num_leaves=2, estimator__subsample=0.2; total time=   0.1s
[CV] END estimator__learning_rate=0.77, estimator__max_depth=12, estimator__num_leaves=4, estimator__subsample=0.01; total time=   0.2s
[CV] END estimator__learning_rate=0.77, estimator__max_depth=12, estimator__num_leaves=4, estimator__subsample=0.2; total time=   0.2s
[CV] END estimator__learning_rate=0.77, estimator__max_depth=12, estimator__num_leaves=6, estimator__subsample=0.1; total time=   0.4s
[CV] END estimator__learning_rate=0.77, estimator__max_depth=12, estimator__num_leaves=10, estimator__subsample=0.01; total time=   0.8s
[CV] END estimator__learning_rate=0.77, estimator__max_depth=12, estimator__num_leaves=31, estimator__subsample=0.2; total time=   1.5s
[CV] END estimator__learning_rate=0.77, estimator__max_depth=13, estimator__num_leaves=8, estimator__subsample=0.1; total time=   0.6s
[CV] END estimator__learning_rate=0.77, estimator__max_depth=13, estimator__num_leaves=31, estimator__subsample=0.01; total time=   1.5s
[CV] END estimator__learning_rate=0.77, estimator__max_depth=14, estimator__num_leaves=6, estimator__subsample=0.2; total time=   0.4s
[CV] END estimator__learning_rate=0.77, estimator__max_depth=14, estimator__num_leaves=10, estimator__subsample=0.01; total time=   0.7s
[CV] END estimator__learning_rate=0.58, estimator__max_depth=11, estimator__num_leaves=2, estimator__subsample=0.001; total time=   0.1s
[CV] END estimator__learning_rate=0.58, estimator__max_depth=11, estimator__num_leaves=2, estimator__subsample=0.2; total time=   0.1s
[CV] END estimator__learning_rate=0.58, estimator__max_depth=11, estimator__num_leaves=4, estimator__subsample=0.01; total time=   0.2s
[CV] END estimator__learning_rate=0.58, estimator__max_depth=11, estimator__num_leaves=4, estimator__subsample=0.2; total time=   0.2s
[CV] END estimator__learning_rate=0.58, estimator__max_depth=11, estimator__num_leaves=6, estimator__subsample=0.1; total time=   0.4s
[CV] END estimator__learning_rate=0.58, estimator__max_depth=11, estimator__num_leaves=10, estimator__subsample=0.01; total time=   0.7s
[CV] END estimator__learning_rate=0.58, estimator__max_depth=11, estimator__num_leaves=31, estimator__subsample=0.2; total time=   1.5s
[CV] END estimator__learning_rate=0.58, estimator__max_depth=12, estimator__num_leaves=8, estimator__subsample=0.1; total time=   0.6s
[CV] END estimator__learning_rate=0.58, estimator__max_depth=12, estimator__num_leaves=31, estimator__subsample=0.001; total time=   1.5s
[CV] END estimator__learning_rate=0.58, estimator__max_depth=13, estimator__num_leaves=6, estimator__subsample=0.1; total time=   0.4s
[CV] END estimator__learning_rate=0.58, estimator__max_depth=13, estimator__num_leaves=10, estimator__subsample=0.01; total time=   0.7s
[CV] END estimator__learning_rate=0.58, estimator__max_depth=13, estimator__num_leaves=31, estimator__subsample=0.2; total time=   1.5s
[CV] END estimator__learning_rate=0.58, estimator__max_depth=14, estimator__num_leaves=8, estimator__subsample=0.2; total time=   0.6s
[CV] END estimator__learning_rate=0.58, estimator__max_depth=14, estimator__num_leaves=31, estimator__subsample=0.01; total time=   1.5s
[CV] END estimator__learning_rate=0.77, estimator__max_depth=10, estimator__num_leaves=6, estimator__subsample=0.2; total time=   0.4s
[CV] END estimator__learning_rate=0.77, estimator__max_depth=10, estimator__num_leaves=10, estimator__subsample=0.01; total time=   0.7s
[CV] END estimator__learning_rate=0.77, estimator__max_depth=11, estimator__num_leaves=2, estimator__subsample=0.001; total time=   0.0s
[CV] END estimator__learning_rate=0.77, estimator__max_depth=11, estimator__num_leaves=2, estimator__subsample=0.001; total time=   0.1s
[CV] END estimator__learning_rate=0.77, estimator__max_depth=11, estimator__num_leaves=2, estimator__subsample=0.2; total time=   0.1s
[CV] END estimator__learning_rate=0.77, estimator__max_depth=11, estimator__num_leaves=4, estimator__subsample=0.01; total time=   0.2s
[CV] END estimator__learning_rate=0.77, estimator__max_depth=11, estimator__num_leaves=4, estimator__subsample=0.2; total time=   0.3s
[CV] END estimator__learning_rate=0.77, estimator__max_depth=11, estimator__num_leaves=6, estimator__subsample=0.2; total time=   0.4s
[CV] END estimator__learning_rate=0.77, estimator__max_depth=11, estimator__num_leaves=10, estimator__subsample=0.1; total time=   0.7s
[CV] END estimator__learning_rate=0.77, estimator__max_depth=12, estimator__num_leaves=2, estimator__subsample=0.001; total time=   0.0s
[CV] END estimator__learning_rate=0.77, estimator__max_depth=12, estimator__num_leaves=2, estimator__subsample=0.01; total time=   0.1s
[CV] END estimator__learning_rate=0.77, estimator__max_depth=12, estimator__num_leaves=2, estimator__subsample=0.1; total time=   0.1s
[CV] END estimator__learning_rate=0.77, estimator__max_depth=12, estimator__num_leaves=4, estimator__subsample=0.01; total time=   0.2s
[CV] END estimator__learning_rate=0.77, estimator__max_depth=12, estimator__num_leaves=4, estimator__subsample=0.2; total time=   0.2s
[CV] END estimator__learning_rate=0.77, estimator__max_depth=12, estimator__num_leaves=6, estimator__subsample=0.1; total time=   0.4s
[CV] END estimator__learning_rate=0.77, estimator__max_depth=12, estimator__num_leaves=10, estimator__subsample=0.001; total time=   0.8s
[CV] END estimator__learning_rate=0.77, estimator__max_depth=12, estimator__num_leaves=31, estimator__subsample=0.2; total time=   1.5s
[CV] END estimator__learning_rate=0.77, estimator__max_depth=13, estimator__num_leaves=8, estimator__subsample=0.1; total time=   0.6s
[CV] END estimator__learning_rate=0.77, estimator__max_depth=13, estimator__num_leaves=31, estimator__subsample=0.001; total time=   1.5s
[CV] END estimator__learning_rate=0.77, estimator__max_depth=14, estimator__num_leaves=6, estimator__subsample=0.2; total time=   0.4s
[CV] END estimator__learning_rate=0.77, estimator__max_depth=14, estimator__num_leaves=10, estimator__subsample=0.01; total time=   0.7s
[CV] END estimator__learning_rate=0.58, estimator__max_depth=12, estimator__num_leaves=8, estimator__subsample=0.001; total time=   0.6s
[CV] END estimator__learning_rate=0.58, estimator__max_depth=12, estimator__num_leaves=10, estimator__subsample=0.1; total time=   0.8s
[CV] END estimator__learning_rate=0.58, estimator__max_depth=13, estimator__num_leaves=2, estimator__subsample=0.1; total time=   0.1s
[CV] END estimator__learning_rate=0.58, estimator__max_depth=13, estimator__num_leaves=4, estimator__subsample=0.001; total time=   0.2s
[CV] END estimator__learning_rate=0.58, estimator__max_depth=13, estimator__num_leaves=4, estimator__subsample=0.2; total time=   0.2s
[CV] END estimator__learning_rate=0.58, estimator__max_depth=13, estimator__num_leaves=6, estimator__subsample=0.01; total time=   0.4s
[CV] END estimator__learning_rate=0.58, estimator__max_depth=13, estimator__num_leaves=8, estimator__subsample=0.2; total time=   0.6s
[CV] END estimator__learning_rate=0.58, estimator__max_depth=13, estimator__num_leaves=31, estimator__subsample=0.1; total time=   1.5s
[CV] END estimator__learning_rate=0.58, estimator__max_depth=14, estimator__num_leaves=8, estimator__subsample=0.001; total time=   0.6s
[CV] END estimator__learning_rate=0.58, estimator__max_depth=14, estimator__num_leaves=10, estimator__subsample=0.2; total time=   0.8s
[CV] END estimator__learning_rate=0.77, estimator__max_depth=10, estimator__num_leaves=2, estimator__subsample=0.1; total time=   0.1s
[CV] END estimator__learning_rate=0.77, estimator__max_depth=10, estimator__num_leaves=4, estimator__subsample=0.001; total time=   0.2s
[CV] END estimator__learning_rate=0.77, estimator__max_depth=10, estimator__num_leaves=4, estimator__subsample=0.2; total time=   0.2s
[CV] END estimator__learning_rate=0.77, estimator__max_depth=10, estimator__num_leaves=6, estimator__subsample=0.01; total time=   0.4s
[CV] END estimator__learning_rate=0.77, estimator__max_depth=10, estimator__num_leaves=10, estimator__subsample=0.001; total time=   0.7s
[CV] END estimator__learning_rate=0.77, estimator__max_depth=10, estimator__num_leaves=31, estimator__subsample=0.1; total time=   1.5s
[CV] END estimator__learning_rate=0.77, estimator__max_depth=11, estimator__num_leaves=8, estimator__subsample=0.1; total time=   0.6s
[CV] END estimator__learning_rate=0.77, estimator__max_depth=11, estimator__num_leaves=31, estimator__subsample=0.001; total time=   1.5s
[CV] END estimator__learning_rate=0.77, estimator__max_depth=12, estimator__num_leaves=6, estimator__subsample=0.2; total time=   0.4s
[CV] END estimator__learning_rate=0.77, estimator__max_depth=12, estimator__num_leaves=10, estimator__subsample=0.01; total time=   0.8s
[CV] END estimator__learning_rate=0.77, estimator__max_depth=12, estimator__num_leaves=31, estimator__subsample=0.2; total time=   1.5s
[CV] END estimator__learning_rate=0.77, estimator__max_depth=13, estimator__num_leaves=8, estimator__subsample=0.1; total time=   0.6s
[CV] END estimator__learning_rate=0.77, estimator__max_depth=13, estimator__num_leaves=31, estimator__subsample=0.01; total time=   1.5s
[CV] END estimator__learning_rate=0.77, estimator__max_depth=14, estimator__num_leaves=6, estimator__subsample=0.2; total time=   0.4s
[CV] END estimator__learning_rate=0.77, estimator__max_depth=14, estimator__num_leaves=10, estimator__subsample=0.1; total time=   0.7s
[CV] END estimator__learning_rate=0.58, estimator__max_depth=10, estimator__num_leaves=6, estimator__subsample=0.001; total time=   0.4s
[CV] END estimator__learning_rate=0.58, estimator__max_depth=10, estimator__num_leaves=8, estimator__subsample=0.01; total time=   0.6s
[CV] END estimator__learning_rate=0.58, estimator__max_depth=10, estimator__num_leaves=10, estimator__subsample=0.2; total time=   0.8s
[CV] END estimator__learning_rate=0.58, estimator__max_depth=11, estimator__num_leaves=2, estimator__subsample=0.2; total time=   0.1s
[CV] END estimator__learning_rate=0.58, estimator__max_depth=11, estimator__num_leaves=4, estimator__subsample=0.1; total time=   0.2s
[CV] END estimator__learning_rate=0.58, estimator__max_depth=11, estimator__num_leaves=6, estimator__subsample=0.001; total time=   0.4s
[CV] END estimator__learning_rate=0.58, estimator__max_depth=11, estimator__num_leaves=8, estimator__subsample=0.01; total time=   0.6s
[CV] END estimator__learning_rate=0.58, estimator__max_depth=11, estimator__num_leaves=10, estimator__subsample=0.2; total time=   0.8s
[CV] END estimator__learning_rate=0.58, estimator__max_depth=12, estimator__num_leaves=2, estimator__subsample=0.2; total time=   0.1s
[CV] END estimator__learning_rate=0.58, estimator__max_depth=12, estimator__num_leaves=4, estimator__subsample=0.01; total time=   0.2s
[CV] END estimator__learning_rate=0.58, estimator__max_depth=12, estimator__num_leaves=4, estimator__subsample=0.2; total time=   0.3s
[CV] END estimator__learning_rate=0.58, estimator__max_depth=12, estimator__num_leaves=6, estimator__subsample=0.2; total time=   0.5s
[CV] END estimator__learning_rate=0.58, estimator__max_depth=12, estimator__num_leaves=10, estimator__subsample=0.1; total time=   0.7s
[CV] END estimator__learning_rate=0.58, estimator__max_depth=13, estimator__num_leaves=2, estimator__subsample=0.001; total time=   0.1s
[CV] END estimator__learning_rate=0.58, estimator__max_depth=13, estimator__num_leaves=2, estimator__subsample=0.01; total time=   0.1s
[CV] END estimator__learning_rate=0.58, estimator__max_depth=13, estimator__num_leaves=2, estimator__subsample=0.1; total time=   0.1s
[CV] END estimator__learning_rate=0.58, estimator__max_depth=13, estimator__num_leaves=4, estimator__subsample=0.01; total time=   0.2s
[CV] END estimator__learning_rate=0.58, estimator__max_depth=13, estimator__num_leaves=4, estimator__subsample=0.2; total time=   0.2s
[CV] END estimator__learning_rate=0.58, estimator__max_depth=13, estimator__num_leaves=6, estimator__subsample=0.1; total time=   0.4s
[CV] END estimator__learning_rate=0.58, estimator__max_depth=13, estimator__num_leaves=10, estimator__subsample=0.001; total time=   0.7s
[CV] END estimator__learning_rate=0.58, estimator__max_depth=13, estimator__num_leaves=31, estimator__subsample=0.1; total time=   1.5s
[CV] END estimator__learning_rate=0.58, estimator__max_depth=14, estimator__num_leaves=8, estimator__subsample=0.01; total time=   0.6s
[CV] END estimator__learning_rate=0.58, estimator__max_depth=14, estimator__num_leaves=31, estimator__subsample=0.001; total time=   1.5s
[CV] END estimator__learning_rate=0.77, estimator__max_depth=10, estimator__num_leaves=6, estimator__subsample=0.1; total time=   0.4s
[CV] END estimator__learning_rate=0.77, estimator__max_depth=10, estimator__num_leaves=10, estimator__subsample=0.01; total time=   0.7s
[CV] END estimator__learning_rate=0.77, estimator__max_depth=10, estimator__num_leaves=31, estimator__subsample=0.2; total time=   1.4s
[CV] END estimator__learning_rate=0.77, estimator__max_depth=11, estimator__num_leaves=8, estimator__subsample=0.1; total time=   0.6s
[CV] END estimator__learning_rate=0.77, estimator__max_depth=11, estimator__num_leaves=31, estimator__subsample=0.001; total time=   1.5s
[CV] END estimator__learning_rate=0.77, estimator__max_depth=12, estimator__num_leaves=6, estimator__subsample=0.2; total time=   0.4s
[CV] END estimator__learning_rate=0.77, estimator__max_depth=12, estimator__num_leaves=10, estimator__subsample=0.01; total time=   0.8s
[CV] END estimator__learning_rate=0.77, estimator__max_depth=12, estimator__num_leaves=31, estimator__subsample=0.2; total time=   1.5s
[CV] END estimator__learning_rate=0.77, estimator__max_depth=13, estimator__num_leaves=8, estimator__subsample=0.2; total time=   0.6s
[CV] END estimator__learning_rate=0.77, estimator__max_depth=13, estimator__num_leaves=31, estimator__subsample=0.01; total time=   1.5s
[CV] END estimator__learning_rate=0.77, estimator__max_depth=14, estimator__num_leaves=6, estimator__subsample=0.2; total time=   0.5s
[CV] END estimator__learning_rate=0.77, estimator__max_depth=14, estimator__num_leaves=10, estimator__subsample=0.1; total time=   0.7s
[CV] END estimator__learning_rate=0.58, estimator__max_depth=11, estimator__num_leaves=2, estimator__subsample=0.1; total time=   0.1s
[CV] END estimator__learning_rate=0.58, estimator__max_depth=11, estimator__num_leaves=4, estimator__subsample=0.001; total time=   0.2s
[CV] END estimator__learning_rate=0.58, estimator__max_depth=11, estimator__num_leaves=4, estimator__subsample=0.2; total time=   0.2s
[CV] END estimator__learning_rate=0.58, estimator__max_depth=11, estimator__num_leaves=6, estimator__subsample=0.1; total time=   0.4s
[CV] END estimator__learning_rate=0.58, estimator__max_depth=11, estimator__num_leaves=10, estimator__subsample=0.01; total time=   0.9s
[CV] END estimator__learning_rate=0.58, estimator__max_depth=12, estimator__num_leaves=2, estimator__subsample=0.001; total time=   0.1s
[CV] END estimator__learning_rate=0.58, estimator__max_depth=12, estimator__num_leaves=2, estimator__subsample=0.1; total time=   0.1s
[CV] END estimator__learning_rate=0.58, estimator__max_depth=12, estimator__num_leaves=4, estimator__subsample=0.001; total time=   0.2s
[CV] END estimator__learning_rate=0.58, estimator__max_depth=12, estimator__num_leaves=4, estimator__subsample=0.1; total time=   0.2s
[CV] END estimator__learning_rate=0.58, estimator__max_depth=12, estimator__num_leaves=6, estimator__subsample=0.01; total time=   0.4s
[CV] END estimator__learning_rate=0.58, estimator__max_depth=12, estimator__num_leaves=8, estimator__subsample=0.2; total time=   0.6s
[CV] END estimator__learning_rate=0.58, estimator__max_depth=12, estimator__num_leaves=31, estimator__subsample=0.1; total time=   1.5s
[CV] END estimator__learning_rate=0.58, estimator__max_depth=13, estimator__num_leaves=8, estimator__subsample=0.001; total time=   0.6s
[CV] END estimator__learning_rate=0.58, estimator__max_depth=13, estimator__num_leaves=10, estimator__subsample=0.2; total time=   0.8s
[CV] END estimator__learning_rate=0.58, estimator__max_depth=14, estimator__num_leaves=2, estimator__subsample=0.1; total time=   0.1s
[CV] END estimator__learning_rate=0.58, estimator__max_depth=14, estimator__num_leaves=4, estimator__subsample=0.001; total time=   0.2s
[CV] END estimator__learning_rate=0.58, estimator__max_depth=14, estimator__num_leaves=4, estimator__subsample=0.2; total time=   0.2s
[CV] END estimator__learning_rate=0.58, estimator__max_depth=14, estimator__num_leaves=6, estimator__subsample=0.01; total time=   0.4s
[CV] END estimator__learning_rate=0.58, estimator__max_depth=14, estimator__num_leaves=8, estimator__subsample=0.2; total time=   0.6s
[CV] END estimator__learning_rate=0.58, estimator__max_depth=14, estimator__num_leaves=31, estimator__subsample=0.1; total time=   1.5s
[CV] END estimator__learning_rate=0.77, estimator__max_depth=10, estimator__num_leaves=8, estimator__subsample=0.001; total time=   0.6s
[CV] END estimator__learning_rate=0.77, estimator__max_depth=10, estimator__num_leaves=10, estimator__subsample=0.2; total time=   0.7s
[CV] END estimator__learning_rate=0.77, estimator__max_depth=11, estimator__num_leaves=2, estimator__subsample=0.01; total time=   0.1s
[CV] END estimator__learning_rate=0.77, estimator__max_depth=11, estimator__num_leaves=4, estimator__subsample=0.001; total time=   0.2s
[CV] END estimator__learning_rate=0.77, estimator__max_depth=11, estimator__num_leaves=4, estimator__subsample=0.1; total time=   0.2s
[CV] END estimator__learning_rate=0.77, estimator__max_depth=11, estimator__num_leaves=6, estimator__subsample=0.01; total time=   0.4s
[CV] END estimator__learning_rate=0.77, estimator__max_depth=11, estimator__num_leaves=8, estimator__subsample=0.2; total time=   0.6s
[CV] END estimator__learning_rate=0.77, estimator__max_depth=11, estimator__num_leaves=31, estimator__subsample=0.01; total time=   1.5s
[CV] END estimator__learning_rate=0.77, estimator__max_depth=12, estimator__num_leaves=8, estimator__subsample=0.001; total time=   0.6s
[CV] END estimator__learning_rate=0.77, estimator__max_depth=12, estimator__num_leaves=10, estimator__subsample=0.1; total time=   0.8s
[CV] END estimator__learning_rate=0.77, estimator__max_depth=13, estimator__num_leaves=2, estimator__subsample=0.01; total time=   0.1s
[CV] END estimator__learning_rate=0.77, estimator__max_depth=13, estimator__num_leaves=4, estimator__subsample=0.001; total time=   0.2s
[CV] END estimator__learning_rate=0.77, estimator__max_depth=13, estimator__num_leaves=4, estimator__subsample=0.1; total time=   0.2s
[CV] END estimator__learning_rate=0.77, estimator__max_depth=13, estimator__num_leaves=6, estimator__subsample=0.001; total time=   0.4s
[CV] END estimator__learning_rate=0.77, estimator__max_depth=13, estimator__num_leaves=8, estimator__subsample=0.2; total time=   0.6s
[CV] END estimator__learning_rate=0.77, estimator__max_depth=13, estimator__num_leaves=31, estimator__subsample=0.01; total time=   1.5s
[CV] END estimator__learning_rate=0.77, estimator__max_depth=14, estimator__num_leaves=8, estimator__subsample=0.001; total time=   0.6s
[CV] END estimator__learning_rate=0.77, estimator__max_depth=14, estimator__num_leaves=10, estimator__subsample=0.1; total time=   0.7s
[CV] END estimator__learning_rate=0.58, estimator__max_depth=13, estimator__num_leaves=10, estimator__subsample=0.01; total time=   0.7s
[CV] END estimator__learning_rate=0.58, estimator__max_depth=14, estimator__num_leaves=2, estimator__subsample=0.001; total time=   0.0s
[CV] END estimator__learning_rate=0.58, estimator__max_depth=14, estimator__num_leaves=2, estimator__subsample=0.001; total time=   0.1s
[CV] END estimator__learning_rate=0.58, estimator__max_depth=14, estimator__num_leaves=2, estimator__subsample=0.1; total time=   0.1s
[CV] END estimator__learning_rate=0.58, estimator__max_depth=14, estimator__num_leaves=4, estimator__subsample=0.01; total time=   0.2s
[CV] END estimator__learning_rate=0.58, estimator__max_depth=14, estimator__num_leaves=6, estimator__subsample=0.001; total time=   0.4s
[CV] END estimator__learning_rate=0.58, estimator__max_depth=14, estimator__num_leaves=8, estimator__subsample=0.01; total time=   0.6s
[CV] END estimator__learning_rate=0.58, estimator__max_depth=14, estimator__num_leaves=10, estimator__subsample=0.2; total time=   0.8s
[CV] END estimator__learning_rate=0.77, estimator__max_depth=10, estimator__num_leaves=2, estimator__subsample=0.1; total time=   0.1s
[CV] END estimator__learning_rate=0.77, estimator__max_depth=10, estimator__num_leaves=4, estimator__subsample=0.01; total time=   0.2s
[CV] END estimator__learning_rate=0.77, estimator__max_depth=10, estimator__num_leaves=4, estimator__subsample=0.2; total time=   0.2s
[CV] END estimator__learning_rate=0.77, estimator__max_depth=10, estimator__num_leaves=6, estimator__subsample=0.01; total time=   0.4s
[CV] END estimator__learning_rate=0.77, estimator__max_depth=10, estimator__num_leaves=10, estimator__subsample=0.001; total time=   0.7s
[CV] END estimator__learning_rate=0.77, estimator__max_depth=10, estimator__num_leaves=31, estimator__subsample=0.1; total time=   1.4s
[CV] END estimator__learning_rate=0.77, estimator__max_depth=11, estimator__num_leaves=8, estimator__subsample=0.01; total time=   0.7s
[CV] END estimator__learning_rate=0.77, estimator__max_depth=11, estimator__num_leaves=31, estimator__subsample=0.01; total time=   1.5s
[CV] END estimator__learning_rate=0.77, estimator__max_depth=12, estimator__num_leaves=8, estimator__subsample=0.001; total time=   0.6s
[CV] END estimator__learning_rate=0.77, estimator__max_depth=12, estimator__num_leaves=10, estimator__subsample=0.1; total time=   0.8s
[CV] END estimator__learning_rate=0.77, estimator__max_depth=13, estimator__num_leaves=2, estimator__subsample=0.1; total time=   0.1s
[CV] END estimator__learning_rate=0.77, estimator__max_depth=13, estimator__num_leaves=4, estimator__subsample=0.001; total time=   0.2s
[CV] END estimator__learning_rate=0.77, estimator__max_depth=13, estimator__num_leaves=4, estimator__subsample=0.1; total time=   0.2s
[CV] END estimator__learning_rate=0.77, estimator__max_depth=13, estimator__num_leaves=6, estimator__subsample=0.01; total time=   0.4s
[CV] END estimator__learning_rate=0.77, estimator__max_depth=13, estimator__num_leaves=8, estimator__subsample=0.2; total time=   0.6s
[CV] END estimator__learning_rate=0.77, estimator__max_depth=13, estimator__num_leaves=31, estimator__subsample=0.01; total time=   1.5s
[CV] END estimator__learning_rate=0.77, estimator__max_depth=14, estimator__num_leaves=8, estimator__subsample=0.001; total time=   0.6s
[CV] END estimator__learning_rate=0.77, estimator__max_depth=14, estimator__num_leaves=10, estimator__subsample=0.1; total time=   0.7s
[CV] END estimator__learning_rate=0.58, estimator__max_depth=11, estimator__num_leaves=31, estimator__subsample=0.01; total time=   1.5s
[CV] END estimator__learning_rate=0.58, estimator__max_depth=12, estimator__num_leaves=6, estimator__subsample=0.2; total time=   0.4s
[CV] END estimator__learning_rate=0.58, estimator__max_depth=12, estimator__num_leaves=10, estimator__subsample=0.1; total time=   0.7s
[CV] END estimator__learning_rate=0.58, estimator__max_depth=13, estimator__num_leaves=2, estimator__subsample=0.001; total time=   0.0s
[CV] END estimator__learning_rate=0.58, estimator__max_depth=13, estimator__num_leaves=2, estimator__subsample=0.01; total time=   0.1s
[CV] END estimator__learning_rate=0.58, estimator__max_depth=13, estimator__num_leaves=2, estimator__subsample=0.2; total time=   0.1s
[CV] END estimator__learning_rate=0.58, estimator__max_depth=13, estimator__num_leaves=4, estimator__subsample=0.01; total time=   0.2s
[CV] END estimator__learning_rate=0.58, estimator__max_depth=13, estimator__num_leaves=4, estimator__subsample=0.2; total time=   0.2s
[CV] END estimator__learning_rate=0.58, estimator__max_depth=13, estimator__num_leaves=6, estimator__subsample=0.1; total time=   0.4s
[CV] END estimator__learning_rate=0.58, estimator__max_depth=13, estimator__num_leaves=10, estimator__subsample=0.001; total time=   0.8s
[CV] END estimator__learning_rate=0.58, estimator__max_depth=13, estimator__num_leaves=31, estimator__subsample=0.2; total time=   1.5s
[CV] END estimator__learning_rate=0.58, estimator__max_depth=14, estimator__num_leaves=8, estimator__subsample=0.1; total time=   0.6s
[CV] END estimator__learning_rate=0.58, estimator__max_depth=14, estimator__num_leaves=31, estimator__subsample=0.001; total time=   1.5s
[CV] END estimator__learning_rate=0.77, estimator__max_depth=10, estimator__num_leaves=6, estimator__subsample=0.2; total time=   0.4s
[CV] END estimator__learning_rate=0.77, estimator__max_depth=10, estimator__num_leaves=10, estimator__subsample=0.01; total time=   0.7s
[CV] END estimator__learning_rate=0.77, estimator__max_depth=10, estimator__num_leaves=31, estimator__subsample=0.2; total time=   1.4s
[CV] END estimator__learning_rate=0.77, estimator__max_depth=11, estimator__num_leaves=8, estimator__subsample=0.1; total time=   0.6s
[CV] END estimator__learning_rate=0.77, estimator__max_depth=11, estimator__num_leaves=31, estimator__subsample=0.001; total time=   1.5s
[CV] END estimator__learning_rate=0.77, estimator__max_depth=12, estimator__num_leaves=6, estimator__subsample=0.1; total time=   0.4s
[CV] END estimator__learning_rate=0.77, estimator__max_depth=12, estimator__num_leaves=10, estimator__subsample=0.01; total time=   0.8s
[CV] END estimator__learning_rate=0.77, estimator__max_depth=13, estimator__num_leaves=2, estimator__subsample=0.001; total time=   0.0s
[CV] END estimator__learning_rate=0.77, estimator__max_depth=13, estimator__num_leaves=2, estimator__subsample=0.001; total time=   0.1s
[CV] END estimator__learning_rate=0.77, estimator__max_depth=13, estimator__num_leaves=2, estimator__subsample=0.1; total time=   0.1s
[CV] END estimator__learning_rate=0.77, estimator__max_depth=13, estimator__num_leaves=4, estimator__subsample=0.001; total time=   0.2s
[CV] END estimator__learning_rate=0.77, estimator__max_depth=13, estimator__num_leaves=4, estimator__subsample=0.2; total time=   0.2s
[CV] END estimator__learning_rate=0.77, estimator__max_depth=13, estimator__num_leaves=6, estimator__subsample=0.01; total time=   0.4s
[CV] END estimator__learning_rate=0.77, estimator__max_depth=13, estimator__num_leaves=8, estimator__subsample=0.2; total time=   0.6s
[CV] END estimator__learning_rate=0.77, estimator__max_depth=13, estimator__num_leaves=31, estimator__subsample=0.1; total time=   1.5s
[CV] END estimator__learning_rate=0.77, estimator__max_depth=14, estimator__num_leaves=8, estimator__subsample=0.001; total time=   0.6s
[CV] END estimator__learning_rate=0.77, estimator__max_depth=14, estimator__num_leaves=10, estimator__subsample=0.2; total time=   0.7s
[CV] END estimator__learning_rate=0.39, estimator__max_depth=14, estimator__num_leaves=31, estimator__subsample=0.2; total time=   1.6s
[CV] END estimator__learning_rate=0.58, estimator__max_depth=10, estimator__num_leaves=8, estimator__subsample=0.2; total time=   0.7s
[CV] END estimator__learning_rate=0.58, estimator__max_depth=10, estimator__num_leaves=31, estimator__subsample=0.1; total time=   1.4s
[CV] END estimator__learning_rate=0.58, estimator__max_depth=11, estimator__num_leaves=8, estimator__subsample=0.01; total time=   0.6s
[CV] END estimator__learning_rate=0.58, estimator__max_depth=11, estimator__num_leaves=10, estimator__subsample=0.2; total time=   0.8s
[CV] END estimator__learning_rate=0.58, estimator__max_depth=12, estimator__num_leaves=2, estimator__subsample=0.2; total time=   0.1s
[CV] END estimator__learning_rate=0.58, estimator__max_depth=12, estimator__num_leaves=4, estimator__subsample=0.01; total time=   0.2s
[CV] END estimator__learning_rate=0.58, estimator__max_depth=12, estimator__num_leaves=6, estimator__subsample=0.001; total time=   0.4s
[CV] END estimator__learning_rate=0.58, estimator__max_depth=12, estimator__num_leaves=8, estimator__subsample=0.001; total time=   0.6s
[CV] END estimator__learning_rate=0.58, estimator__max_depth=12, estimator__num_leaves=10, estimator__subsample=0.2; total time=   0.8s
[CV] END estimator__learning_rate=0.58, estimator__max_depth=13, estimator__num_leaves=2, estimator__subsample=0.2; total time=   0.1s
[CV] END estimator__learning_rate=0.58, estimator__max_depth=13, estimator__num_leaves=4, estimator__subsample=0.01; total time=   0.2s
[CV] END estimator__learning_rate=0.58, estimator__max_depth=13, estimator__num_leaves=6, estimator__subsample=0.001; total time=   0.4s
[CV] END estimator__learning_rate=0.58, estimator__max_depth=13, estimator__num_leaves=8, estimator__subsample=0.001; total time=   0.6s
[CV] END estimator__learning_rate=0.58, estimator__max_depth=13, estimator__num_leaves=10, estimator__subsample=0.2; total time=   0.7s
[CV] END estimator__learning_rate=0.58, estimator__max_depth=14, estimator__num_leaves=2, estimator__subsample=0.1; total time=   0.1s
[CV] END estimator__learning_rate=0.58, estimator__max_depth=14, estimator__num_leaves=4, estimator__subsample=0.001; total time=   0.2s
[CV] END estimator__learning_rate=0.58, estimator__max_depth=14, estimator__num_leaves=4, estimator__subsample=0.2; total time=   0.2s
[CV] END estimator__learning_rate=0.58, estimator__max_depth=14, estimator__num_leaves=6, estimator__subsample=0.01; total time=   0.4s
[CV] END estimator__learning_rate=0.58, estimator__max_depth=14, estimator__num_leaves=10, estimator__subsample=0.001; total time=   0.8s
[CV] END estimator__learning_rate=0.58, estimator__max_depth=14, estimator__num_leaves=31, estimator__subsample=0.1; total time=   1.5s
[CV] END estimator__learning_rate=0.77, estimator__max_depth=10, estimator__num_leaves=8, estimator__subsample=0.1; total time=   0.6s
[CV] END estimator__learning_rate=0.77, estimator__max_depth=10, estimator__num_leaves=31, estimator__subsample=0.001; total time=   1.5s
[CV] END estimator__learning_rate=0.77, estimator__max_depth=11, estimator__num_leaves=6, estimator__subsample=0.2; total time=   0.4s
[CV] END estimator__learning_rate=0.77, estimator__max_depth=11, estimator__num_leaves=10, estimator__subsample=0.01; total time=   0.7s
[CV] END estimator__learning_rate=0.77, estimator__max_depth=11, estimator__num_leaves=31, estimator__subsample=0.2; total time=   1.4s
[CV] END estimator__learning_rate=0.77, estimator__max_depth=12, estimator__num_leaves=8, estimator__subsample=0.01; total time=   0.6s
[CV] END estimator__learning_rate=0.77, estimator__max_depth=12, estimator__num_leaves=31, estimator__subsample=0.001; total time=   1.5s
[CV] END estimator__learning_rate=0.77, estimator__max_depth=13, estimator__num_leaves=6, estimator__subsample=0.01; total time=   0.4s
[CV] END estimator__learning_rate=0.77, estimator__max_depth=13, estimator__num_leaves=8, estimator__subsample=0.2; total time=   0.6s
[CV] END estimator__learning_rate=0.77, estimator__max_depth=13, estimator__num_leaves=31, estimator__subsample=0.1; total time=   1.5s
[CV] END estimator__learning_rate=0.77, estimator__max_depth=14, estimator__num_leaves=8, estimator__subsample=0.001; total time=   0.6s
[CV] END estimator__learning_rate=0.77, estimator__max_depth=14, estimator__num_leaves=10, estimator__subsample=0.1; total time=   0.7s
[CV] END estimator__learning_rate=0.39, estimator__max_depth=14, estimator__num_leaves=31, estimator__subsample=0.001; total time=   1.5s
[CV] END estimator__learning_rate=0.58, estimator__max_depth=10, estimator__num_leaves=6, estimator__subsample=0.1; total time=   0.4s
[CV] END estimator__learning_rate=0.58, estimator__max_depth=10, estimator__num_leaves=10, estimator__subsample=0.01; total time=   0.7s
[CV] END estimator__learning_rate=0.58, estimator__max_depth=10, estimator__num_leaves=31, estimator__subsample=0.2; total time=   1.4s
[CV] END estimator__learning_rate=0.58, estimator__max_depth=11, estimator__num_leaves=8, estimator__subsample=0.1; total time=   0.6s
[CV] END estimator__learning_rate=0.58, estimator__max_depth=11, estimator__num_leaves=31, estimator__subsample=0.001; total time=   1.5s
[CV] END estimator__learning_rate=0.58, estimator__max_depth=12, estimator__num_leaves=6, estimator__subsample=0.1; total time=   0.4s
[CV] END estimator__learning_rate=0.58, estimator__max_depth=12, estimator__num_leaves=10, estimator__subsample=0.01; total time=   0.7s
[CV] END estimator__learning_rate=0.58, estimator__max_depth=12, estimator__num_leaves=31, estimator__subsample=0.2; total time=   1.5s
[CV] END estimator__learning_rate=0.58, estimator__max_depth=13, estimator__num_leaves=8, estimator__subsample=0.1; total time=   0.6s
[CV] END estimator__learning_rate=0.58, estimator__max_depth=13, estimator__num_leaves=31, estimator__subsample=0.01; total time=   1.5s
[CV] END estimator__learning_rate=0.58, estimator__max_depth=14, estimator__num_leaves=6, estimator__subsample=0.2; total time=   0.4s
[CV] END estimator__learning_rate=0.58, estimator__max_depth=14, estimator__num_leaves=10, estimator__subsample=0.1; total time=   0.8s
[CV] END estimator__learning_rate=0.77, estimator__max_depth=10, estimator__num_leaves=2, estimator__subsample=0.001; total time=   0.0s
[CV] END estimator__learning_rate=0.77, estimator__max_depth=10, estimator__num_leaves=2, estimator__subsample=0.01; total time=   0.1s
[CV] END estimator__learning_rate=0.77, estimator__max_depth=10, estimator__num_leaves=2, estimator__subsample=0.2; total time=   0.1s
[CV] END estimator__learning_rate=0.77, estimator__max_depth=10, estimator__num_leaves=4, estimator__subsample=0.01; total time=   0.2s
[CV] END estimator__learning_rate=0.77, estimator__max_depth=10, estimator__num_leaves=4, estimator__subsample=0.2; total time=   0.2s
[CV] END estimator__learning_rate=0.77, estimator__max_depth=10, estimator__num_leaves=6, estimator__subsample=0.1; total time=   0.4s
[CV] END estimator__learning_rate=0.77, estimator__max_depth=10, estimator__num_leaves=10, estimator__subsample=0.001; total time=   0.7s
[CV] END estimator__learning_rate=0.77, estimator__max_depth=10, estimator__num_leaves=31, estimator__subsample=0.2; total time=   1.4s
[CV] END estimator__learning_rate=0.77, estimator__max_depth=11, estimator__num_leaves=8, estimator__subsample=0.01; total time=   0.6s
[CV] END estimator__learning_rate=0.77, estimator__max_depth=11, estimator__num_leaves=31, estimator__subsample=0.001; total time=   1.4s
[CV] END estimator__learning_rate=0.77, estimator__max_depth=12, estimator__num_leaves=6, estimator__subsample=0.001; total time=   0.4s
[CV] END estimator__learning_rate=0.77, estimator__max_depth=12, estimator__num_leaves=8, estimator__subsample=0.2; total time=   0.6s
[CV] END estimator__learning_rate=0.77, estimator__max_depth=12, estimator__num_leaves=31, estimator__subsample=0.01; total time=   1.5s
[CV] END estimator__learning_rate=0.77, estimator__max_depth=13, estimator__num_leaves=8, estimator__subsample=0.001; total time=   0.7s
[CV] END estimator__learning_rate=0.77, estimator__max_depth=13, estimator__num_leaves=10, estimator__subsample=0.2; total time=   0.8s
[CV] END estimator__learning_rate=0.77, estimator__max_depth=14, estimator__num_leaves=2, estimator__subsample=0.2; total time=   0.1s
[CV] END estimator__learning_rate=0.77, estimator__max_depth=14, estimator__num_leaves=4, estimator__subsample=0.01; total time=   0.2s
[CV] END estimator__learning_rate=0.77, estimator__max_depth=14, estimator__num_leaves=6, estimator__subsample=0.001; total time=   0.4s
[CV] END estimator__learning_rate=0.77, estimator__max_depth=14, estimator__num_leaves=8, estimator__subsample=0.001; total time=   0.6s
[CV] END estimator__learning_rate=0.77, estimator__max_depth=14, estimator__num_leaves=10, estimator__subsample=0.2; total time=   0.7s
[CV] END estimator__learning_rate=0.58, estimator__max_depth=11, estimator__num_leaves=31, estimator__subsample=0.001; total time=   1.4s
[CV] END estimator__learning_rate=0.58, estimator__max_depth=12, estimator__num_leaves=6, estimator__subsample=0.01; total time=   0.4s
[CV] END estimator__learning_rate=0.58, estimator__max_depth=12, estimator__num_leaves=8, estimator__subsample=0.2; total time=   0.6s
[CV] END estimator__learning_rate=0.58, estimator__max_depth=12, estimator__num_leaves=31, estimator__subsample=0.1; total time=   1.5s
[CV] END estimator__learning_rate=0.58, estimator__max_depth=13, estimator__num_leaves=8, estimator__subsample=0.001; total time=   0.6s
[CV] END estimator__learning_rate=0.58, estimator__max_depth=13, estimator__num_leaves=10, estimator__subsample=0.1; total time=   0.8s
[CV] END estimator__learning_rate=0.58, estimator__max_depth=14, estimator__num_leaves=2, estimator__subsample=0.1; total time=   0.1s
[CV] END estimator__learning_rate=0.58, estimator__max_depth=14, estimator__num_leaves=4, estimator__subsample=0.001; total time=   0.2s
[CV] END estimator__learning_rate=0.58, estimator__max_depth=14, estimator__num_leaves=4, estimator__subsample=0.1; total time=   0.2s
[CV] END estimator__learning_rate=0.58, estimator__max_depth=14, estimator__num_leaves=6, estimator__subsample=0.01; total time=   0.4s
[CV] END estimator__learning_rate=0.58, estimator__max_depth=14, estimator__num_leaves=8, estimator__subsample=0.2; total time=   0.6s
[CV] END estimator__learning_rate=0.58, estimator__max_depth=14, estimator__num_leaves=31, estimator__subsample=0.1; total time=   1.5s
[CV] END estimator__learning_rate=0.77, estimator__max_depth=10, estimator__num_leaves=8, estimator__subsample=0.001; total time=   0.6s
[CV] END estimator__learning_rate=0.77, estimator__max_depth=10, estimator__num_leaves=10, estimator__subsample=0.1; total time=   0.8s
[CV] END estimator__learning_rate=0.77, estimator__max_depth=11, estimator__num_leaves=2, estimator__subsample=0.1; total time=   0.1s
[CV] END estimator__learning_rate=0.77, estimator__max_depth=11, estimator__num_leaves=4, estimator__subsample=0.001; total time=   0.2s
[CV] END estimator__learning_rate=0.77, estimator__max_depth=11, estimator__num_leaves=4, estimator__subsample=0.1; total time=   0.2s
[CV] END estimator__learning_rate=0.77, estimator__max_depth=11, estimator__num_leaves=6, estimator__subsample=0.01; total time=   0.4s
[CV] END estimator__learning_rate=0.77, estimator__max_depth=11, estimator__num_leaves=8, estimator__subsample=0.2; total time=   0.6s
[CV] END estimator__learning_rate=0.77, estimator__max_depth=11, estimator__num_leaves=31, estimator__subsample=0.1; total time=   1.4s
[CV] END estimator__learning_rate=0.77, estimator__max_depth=12, estimator__num_leaves=8, estimator__subsample=0.001; total time=   0.6s
[CV] END estimator__learning_rate=0.77, estimator__max_depth=12, estimator__num_leaves=10, estimator__subsample=0.1; total time=   0.8s
[CV] END estimator__learning_rate=0.77, estimator__max_depth=13, estimator__num_leaves=2, estimator__subsample=0.01; total time=   0.1s
[CV] END estimator__learning_rate=0.77, estimator__max_depth=13, estimator__num_leaves=2, estimator__subsample=0.2; total time=   0.1s
[CV] END estimator__learning_rate=0.77, estimator__max_depth=13, estimator__num_leaves=4, estimator__subsample=0.1; total time=   0.2s
[CV] END estimator__learning_rate=0.77, estimator__max_depth=13, estimator__num_leaves=6, estimator__subsample=0.001; total time=   0.4s
[CV] END estimator__learning_rate=0.77, estimator__max_depth=13, estimator__num_leaves=8, estimator__subsample=0.01; total time=   0.6s
[CV] END estimator__learning_rate=0.77, estimator__max_depth=13, estimator__num_leaves=10, estimator__subsample=0.2; total time=   0.8s
[CV] END estimator__learning_rate=0.77, estimator__max_depth=14, estimator__num_leaves=2, estimator__subsample=0.2; total time=   0.1s
[CV] END estimator__learning_rate=0.77, estimator__max_depth=14, estimator__num_leaves=4, estimator__subsample=0.1; total time=   0.2s
[CV] END estimator__learning_rate=0.77, estimator__max_depth=14, estimator__num_leaves=6, estimator__subsample=0.001; total time=   0.4s
[CV] END estimator__learning_rate=0.77, estimator__max_depth=14, estimator__num_leaves=8, estimator__subsample=0.01; total time=   0.6s
[CV] END estimator__learning_rate=0.77, estimator__max_depth=14, estimator__num_leaves=10, estimator__subsample=0.2; total time=   0.7s
[CV] END estimator__learning_rate=0.39, estimator__max_depth=14, estimator__num_leaves=31, estimator__subsample=0.1; total time=   1.5s
[CV] END estimator__learning_rate=0.58, estimator__max_depth=10, estimator__num_leaves=8, estimator__subsample=0.01; total time=   0.6s
[CV] END estimator__learning_rate=0.58, estimator__max_depth=10, estimator__num_leaves=31, estimator__subsample=0.001; total time=   1.4s
[CV] END estimator__learning_rate=0.58, estimator__max_depth=11, estimator__num_leaves=6, estimator__subsample=0.01; total time=   0.4s
[CV] END estimator__learning_rate=0.58, estimator__max_depth=11, estimator__num_leaves=8, estimator__subsample=0.2; total time=   0.6s
[CV] END estimator__learning_rate=0.58, estimator__max_depth=11, estimator__num_leaves=31, estimator__subsample=0.1; total time=   1.5s
[CV] END estimator__learning_rate=0.58, estimator__max_depth=12, estimator__num_leaves=8, estimator__subsample=0.001; total time=   0.6s
[CV] END estimator__learning_rate=0.58, estimator__max_depth=12, estimator__num_leaves=10, estimator__subsample=0.2; total time=   0.7s
[CV] END estimator__learning_rate=0.58, estimator__max_depth=13, estimator__num_leaves=2, estimator__subsample=0.1; total time=   0.1s
[CV] END estimator__learning_rate=0.58, estimator__max_depth=13, estimator__num_leaves=4, estimator__subsample=0.001; total time=   0.2s
[CV] END estimator__learning_rate=0.58, estimator__max_depth=13, estimator__num_leaves=4, estimator__subsample=0.1; total time=   0.2s
[CV] END estimator__learning_rate=0.58, estimator__max_depth=13, estimator__num_leaves=6, estimator__subsample=0.01; total time=   0.4s
[CV] END estimator__learning_rate=0.58, estimator__max_depth=13, estimator__num_leaves=8, estimator__subsample=0.2; total time=   0.6s
[CV] END estimator__learning_rate=0.58, estimator__max_depth=13, estimator__num_leaves=31, estimator__subsample=0.1; total time=   1.5s
[CV] END estimator__learning_rate=0.58, estimator__max_depth=14, estimator__num_leaves=8, estimator__subsample=0.001; total time=   0.6s
[CV] END estimator__learning_rate=0.58, estimator__max_depth=14, estimator__num_leaves=10, estimator__subsample=0.1; total time=   0.8s
[CV] END estimator__learning_rate=0.77, estimator__max_depth=10, estimator__num_leaves=2, estimator__subsample=0.1; total time=   0.1s
[CV] END estimator__learning_rate=0.77, estimator__max_depth=10, estimator__num_leaves=4, estimator__subsample=0.001; total time=   0.2s
[CV] END estimator__learning_rate=0.77, estimator__max_depth=10, estimator__num_leaves=4, estimator__subsample=0.2; total time=   0.2s
[CV] END estimator__learning_rate=0.77, estimator__max_depth=10, estimator__num_leaves=6, estimator__subsample=0.01; total time=   0.4s
[CV] END estimator__learning_rate=0.77, estimator__max_depth=10, estimator__num_leaves=8, estimator__subsample=0.2; total time=   0.6s
[CV] END estimator__learning_rate=0.77, estimator__max_depth=10, estimator__num_leaves=31, estimator__subsample=0.1; total time=   1.4s
[CV] END estimator__learning_rate=0.77, estimator__max_depth=11, estimator__num_leaves=8, estimator__subsample=0.001; total time=   0.6s
[CV] END estimator__learning_rate=0.77, estimator__max_depth=11, estimator__num_leaves=10, estimator__subsample=0.1; total time=   0.8s
[CV] END estimator__learning_rate=0.77, estimator__max_depth=12, estimator__num_leaves=2, estimator__subsample=0.01; total time=   0.1s
[CV] END estimator__learning_rate=0.77, estimator__max_depth=12, estimator__num_leaves=4, estimator__subsample=0.001; total time=   0.2s
[CV] END estimator__learning_rate=0.77, estimator__max_depth=12, estimator__num_leaves=4, estimator__subsample=0.1; total time=   0.2s
[CV] END estimator__learning_rate=0.77, estimator__max_depth=12, estimator__num_leaves=6, estimator__subsample=0.01; total time=   0.4s
[CV] END estimator__learning_rate=0.77, estimator__max_depth=12, estimator__num_leaves=8, estimator__subsample=0.2; total time=   0.6s
[CV] END estimator__learning_rate=0.77, estimator__max_depth=12, estimator__num_leaves=31, estimator__subsample=0.01; total time=   1.5s
[CV] END estimator__learning_rate=0.77, estimator__max_depth=13, estimator__num_leaves=8, estimator__subsample=0.001; total time=   0.6s
[CV] END estimator__learning_rate=0.77, estimator__max_depth=13, estimator__num_leaves=10, estimator__subsample=0.1; total time=   0.8s
[CV] END estimator__learning_rate=0.77, estimator__max_depth=14, estimator__num_leaves=2, estimator__subsample=0.01; total time=   0.1s
[CV] END estimator__learning_rate=0.77, estimator__max_depth=14, estimator__num_leaves=2, estimator__subsample=0.2; total time=   0.1s
[CV] END estimator__learning_rate=0.77, estimator__max_depth=14, estimator__num_leaves=4, estimator__subsample=0.1; total time=   0.2s
[CV] END estimator__learning_rate=0.77, estimator__max_depth=14, estimator__num_leaves=6, estimator__subsample=0.001; total time=   0.4s
[CV] END estimator__learning_rate=0.77, estimator__max_depth=14, estimator__num_leaves=8, estimator__subsample=0.01; total time=   0.6s
[CV] END estimator__learning_rate=0.77, estimator__max_depth=14, estimator__num_leaves=10, estimator__subsample=0.2; total time=   0.7s
[CV] END estimator__learning_rate=0.39, estimator__max_depth=14, estimator__num_leaves=4, estimator__subsample=0.2; total time=   0.3s
[CV] END estimator__learning_rate=0.39, estimator__max_depth=14, estimator__num_leaves=6, estimator__subsample=0.1; total time=   0.4s
[CV] END estimator__learning_rate=0.39, estimator__max_depth=14, estimator__num_leaves=10, estimator__subsample=0.01; total time=   0.7s
[CV] END estimator__learning_rate=0.39, estimator__max_depth=14, estimator__num_leaves=31, estimator__subsample=0.2; total time=   1.5s
[CV] END estimator__learning_rate=0.58, estimator__max_depth=10, estimator__num_leaves=8, estimator__subsample=0.1; total time=   0.6s
[CV] END estimator__learning_rate=0.58, estimator__max_depth=10, estimator__num_leaves=31, estimator__subsample=0.001; total time=   1.4s
[CV] END estimator__learning_rate=0.58, estimator__max_depth=11, estimator__num_leaves=6, estimator__subsample=0.2; total time=   0.4s
[CV] END estimator__learning_rate=0.58, estimator__max_depth=11, estimator__num_leaves=10, estimator__subsample=0.1; total time=   0.7s
[CV] END estimator__learning_rate=0.58, estimator__max_depth=11, estimator__num_leaves=31, estimator__subsample=0.2; total time=   1.5s
[CV] END estimator__learning_rate=0.58, estimator__max_depth=12, estimator__num_leaves=8, estimator__subsample=0.1; total time=   0.6s
[CV] END estimator__learning_rate=0.58, estimator__max_depth=12, estimator__num_leaves=31, estimator__subsample=0.01; total time=   1.5s
[CV] END estimator__learning_rate=0.58, estimator__max_depth=13, estimator__num_leaves=6, estimator__subsample=0.2; total time=   0.4s
[CV] END estimator__learning_rate=0.58, estimator__max_depth=13, estimator__num_leaves=10, estimator__subsample=0.01; total time=   0.7s
[CV] END estimator__learning_rate=0.58, estimator__max_depth=14, estimator__num_leaves=2, estimator__subsample=0.001; total time=   0.0s
[CV] END estimator__learning_rate=0.58, estimator__max_depth=14, estimator__num_leaves=2, estimator__subsample=0.01; total time=   0.1s
[CV] END estimator__learning_rate=0.58, estimator__max_depth=14, estimator__num_leaves=2, estimator__subsample=0.2; total time=   0.1s
[CV] END estimator__learning_rate=0.58, estimator__max_depth=14, estimator__num_leaves=4, estimator__subsample=0.01; total time=   0.2s
[CV] END estimator__learning_rate=0.58, estimator__max_depth=14, estimator__num_leaves=4, estimator__subsample=0.2; total time=   0.2s
[CV] END estimator__learning_rate=0.58, estimator__max_depth=14, estimator__num_leaves=6, estimator__subsample=0.1; total time=   0.4s
[CV] END estimator__learning_rate=0.58, estimator__max_depth=14, estimator__num_leaves=10, estimator__subsample=0.001; total time=   0.7s
[CV] END estimator__learning_rate=0.58, estimator__max_depth=14, estimator__num_leaves=31, estimator__subsample=0.1; total time=   1.5s
[CV] END estimator__learning_rate=0.77, estimator__max_depth=10, estimator__num_leaves=8, estimator__subsample=0.01; total time=   0.6s
[CV] END estimator__learning_rate=0.77, estimator__max_depth=10, estimator__num_leaves=31, estimator__subsample=0.001; total time=   1.4s
[CV] END estimator__learning_rate=0.77, estimator__max_depth=11, estimator__num_leaves=6, estimator__subsample=0.01; total time=   0.4s
[CV] END estimator__learning_rate=0.77, estimator__max_depth=11, estimator__num_leaves=8, estimator__subsample=0.2; total time=   0.6s
[CV] END estimator__learning_rate=0.77, estimator__max_depth=11, estimator__num_leaves=31, estimator__subsample=0.01; total time=   1.5s
[CV] END estimator__learning_rate=0.77, estimator__max_depth=12, estimator__num_leaves=6, estimator__subsample=0.2; total time=   0.4s
[CV] END estimator__learning_rate=0.77, estimator__max_depth=12, estimator__num_leaves=10, estimator__subsample=0.1; total time=   0.8s
[CV] END estimator__learning_rate=0.77, estimator__max_depth=13, estimator__num_leaves=2, estimator__subsample=0.001; total time=   0.1s
[CV] END estimator__learning_rate=0.77, estimator__max_depth=13, estimator__num_leaves=2, estimator__subsample=0.01; total time=   0.1s
[CV] END estimator__learning_rate=0.77, estimator__max_depth=13, estimator__num_leaves=2, estimator__subsample=0.2; total time=   0.1s
[CV] END estimator__learning_rate=0.77, estimator__max_depth=13, estimator__num_leaves=4, estimator__subsample=0.1; total time=   0.2s
[CV] END estimator__learning_rate=0.77, estimator__max_depth=13, estimator__num_leaves=6, estimator__subsample=0.001; total time=   0.4s
[CV] END estimator__learning_rate=0.77, estimator__max_depth=13, estimator__num_leaves=8, estimator__subsample=0.01; total time=   0.6s
[CV] END estimator__learning_rate=0.77, estimator__max_depth=13, estimator__num_leaves=10, estimator__subsample=0.2; total time=   0.8s
[CV] END estimator__learning_rate=0.77, estimator__max_depth=14, estimator__num_leaves=2, estimator__subsample=0.1; total time=   0.1s
[CV] END estimator__learning_rate=0.77, estimator__max_depth=14, estimator__num_leaves=4, estimator__subsample=0.001; total time=   0.3s
[CV] END estimator__learning_rate=0.77, estimator__max_depth=14, estimator__num_leaves=6, estimator__subsample=0.001; total time=   0.4s
[CV] END estimator__learning_rate=0.77, estimator__max_depth=14, estimator__num_leaves=8, estimator__subsample=0.01; total time=   0.6s
[CV] END estimator__learning_rate=0.77, estimator__max_depth=14, estimator__num_leaves=10, estimator__subsample=0.2; total time=   0.7s
[CV] END estimator__learning_rate=0.58, estimator__max_depth=10, estimator__num_leaves=2, estimator__subsample=0.01; total time=   0.1s
[CV] END estimator__learning_rate=0.58, estimator__max_depth=10, estimator__num_leaves=4, estimator__subsample=0.001; total time=   0.2s
[CV] END estimator__learning_rate=0.58, estimator__max_depth=10, estimator__num_leaves=4, estimator__subsample=0.1; total time=   0.2s
[CV] END estimator__learning_rate=0.58, estimator__max_depth=10, estimator__num_leaves=6, estimator__subsample=0.001; total time=   0.4s
[CV] END estimator__learning_rate=0.58, estimator__max_depth=10, estimator__num_leaves=8, estimator__subsample=0.2; total time=   0.6s
[CV] END estimator__learning_rate=0.58, estimator__max_depth=10, estimator__num_leaves=31, estimator__subsample=0.01; total time=   1.4s
[CV] END estimator__learning_rate=0.58, estimator__max_depth=11, estimator__num_leaves=6, estimator__subsample=0.2; total time=   0.4s
[CV] END estimator__learning_rate=0.58, estimator__max_depth=11, estimator__num_leaves=10, estimator__subsample=0.1; total time=   0.7s
[CV] END estimator__learning_rate=0.58, estimator__max_depth=12, estimator__num_leaves=2, estimator__subsample=0.001; total time=   0.0s
[CV] END estimator__learning_rate=0.58, estimator__max_depth=12, estimator__num_leaves=2, estimator__subsample=0.001; total time=   0.1s
[CV] END estimator__learning_rate=0.58, estimator__max_depth=12, estimator__num_leaves=2, estimator__subsample=0.1; total time=   0.1s
[CV] END estimator__learning_rate=0.58, estimator__max_depth=12, estimator__num_leaves=4, estimator__subsample=0.001; total time=   0.2s
[CV] END estimator__learning_rate=0.58, estimator__max_depth=12, estimator__num_leaves=4, estimator__subsample=0.1; total time=   0.2s
[CV] END estimator__learning_rate=0.58, estimator__max_depth=12, estimator__num_leaves=6, estimator__subsample=0.01; total time=   0.5s
[CV] END estimator__learning_rate=0.58, estimator__max_depth=12, estimator__num_leaves=10, estimator__subsample=0.001; total time=   0.7s
[CV] END estimator__learning_rate=0.58, estimator__max_depth=12, estimator__num_leaves=31, estimator__subsample=0.1; total time=   1.5s
[CV] END estimator__learning_rate=0.58, estimator__max_depth=13, estimator__num_leaves=8, estimator__subsample=0.01; total time=   0.6s
[CV] END estimator__learning_rate=0.58, estimator__max_depth=13, estimator__num_leaves=31, estimator__subsample=0.001; total time=   1.5s
[CV] END estimator__learning_rate=0.58, estimator__max_depth=14, estimator__num_leaves=6, estimator__subsample=0.1; total time=   0.4s
[CV] END estimator__learning_rate=0.58, estimator__max_depth=14, estimator__num_leaves=10, estimator__subsample=0.01; total time=   0.8s
[CV] END estimator__learning_rate=0.58, estimator__max_depth=14, estimator__num_leaves=31, estimator__subsample=0.2; total time=   1.5s
[CV] END estimator__learning_rate=0.77, estimator__max_depth=10, estimator__num_leaves=8, estimator__subsample=0.1; total time=   0.6s
[CV] END estimator__learning_rate=0.77, estimator__max_depth=10, estimator__num_leaves=31, estimator__subsample=0.01; total time=   1.8s
[CV] END estimator__learning_rate=0.77, estimator__max_depth=11, estimator__num_leaves=8, estimator__subsample=0.2; total time=   0.6s
[CV] END estimator__learning_rate=0.77, estimator__max_depth=11, estimator__num_leaves=31, estimator__subsample=0.01; total time=   1.4s
[CV] END estimator__learning_rate=0.77, estimator__max_depth=12, estimator__num_leaves=6, estimator__subsample=0.2; total time=   0.4s
[CV] END estimator__learning_rate=0.77, estimator__max_depth=12, estimator__num_leaves=10, estimator__subsample=0.01; total time=   0.8s
[CV] END estimator__learning_rate=0.77, estimator__max_depth=13, estimator__num_leaves=2, estimator__subsample=0.001; total time=   0.0s
[CV] END estimator__learning_rate=0.77, estimator__max_depth=13, estimator__num_leaves=2, estimator__subsample=0.01; total time=   0.1s
[CV] END estimator__learning_rate=0.77, estimator__max_depth=13, estimator__num_leaves=2, estimator__subsample=0.1; total time=   0.1s
[CV] END estimator__learning_rate=0.77, estimator__max_depth=13, estimator__num_leaves=4, estimator__subsample=0.01; total time=   0.2s
[CV] END estimator__learning_rate=0.77, estimator__max_depth=13, estimator__num_leaves=4, estimator__subsample=0.2; total time=   0.2s
[CV] END estimator__learning_rate=0.77, estimator__max_depth=13, estimator__num_leaves=6, estimator__subsample=0.01; total time=   0.4s
[CV] END estimator__learning_rate=0.77, estimator__max_depth=13, estimator__num_leaves=10, estimator__subsample=0.001; total time=   0.7s
[CV] END estimator__learning_rate=0.77, estimator__max_depth=13, estimator__num_leaves=31, estimator__subsample=0.1; total time=   1.5s
[CV] END estimator__learning_rate=0.77, estimator__max_depth=14, estimator__num_leaves=8, estimator__subsample=0.1; total time=   0.6s
[CV] END estimator__learning_rate=0.77, estimator__max_depth=14, estimator__num_leaves=31, estimator__subsample=0.001; total time=   1.1s
[CV] END estimator__learning_rate=0.58, estimator__max_depth=14, estimator__num_leaves=6, estimator__subsample=0.1; total time=   0.4s
[CV] END estimator__learning_rate=0.58, estimator__max_depth=14, estimator__num_leaves=10, estimator__subsample=0.001; total time=   0.8s
[CV] END estimator__learning_rate=0.58, estimator__max_depth=14, estimator__num_leaves=31, estimator__subsample=0.2; total time=   1.5s
[CV] END estimator__learning_rate=0.77, estimator__max_depth=10, estimator__num_leaves=8, estimator__subsample=0.1; total time=   0.6s
[CV] END estimator__learning_rate=0.77, estimator__max_depth=10, estimator__num_leaves=31, estimator__subsample=0.01; total time=   1.4s
[CV] END estimator__learning_rate=0.77, estimator__max_depth=11, estimator__num_leaves=6, estimator__subsample=0.2; total time=   0.4s
[CV] END estimator__learning_rate=0.77, estimator__max_depth=11, estimator__num_leaves=10, estimator__subsample=0.01; total time=   0.7s
[CV] END estimator__learning_rate=0.77, estimator__max_depth=11, estimator__num_leaves=31, estimator__subsample=0.2; total time=   1.5s
[CV] END estimator__learning_rate=0.77, estimator__max_depth=12, estimator__num_leaves=8, estimator__subsample=0.1; total time=   0.6s
[CV] END estimator__learning_rate=0.77, estimator__max_depth=12, estimator__num_leaves=31, estimator__subsample=0.001; total time=   1.5s
[CV] END estimator__learning_rate=0.77, estimator__max_depth=13, estimator__num_leaves=6, estimator__subsample=0.1; total time=   0.4s
[CV] END estimator__learning_rate=0.77, estimator__max_depth=13, estimator__num_leaves=10, estimator__subsample=0.001; total time=   0.7s
[CV] END estimator__learning_rate=0.77, estimator__max_depth=13, estimator__num_leaves=31, estimator__subsample=0.1; total time=   1.5s
[CV] END estimator__learning_rate=0.77, estimator__max_depth=14, estimator__num_leaves=8, estimator__subsample=0.01; total time=   0.6s
[CV] END estimator__learning_rate=0.77, estimator__max_depth=14, estimator__num_leaves=31, estimator__subsample=0.001; total time=   1.1s
[CV] END estimator__learning_rate=0.58, estimator__max_depth=11, estimator__num_leaves=10, estimator__subsample=0.001; total time=   0.7s
[CV] END estimator__learning_rate=0.58, estimator__max_depth=11, estimator__num_leaves=31, estimator__subsample=0.1; total time=   1.5s
[CV] END estimator__learning_rate=0.58, estimator__max_depth=12, estimator__num_leaves=8, estimator__subsample=0.1; total time=   0.6s
[CV] END estimator__learning_rate=0.58, estimator__max_depth=12, estimator__num_leaves=31, estimator__subsample=0.001; total time=   1.5s
[CV] END estimator__learning_rate=0.58, estimator__max_depth=13, estimator__num_leaves=6, estimator__subsample=0.2; total time=   0.4s
[CV] END estimator__learning_rate=0.58, estimator__max_depth=13, estimator__num_leaves=10, estimator__subsample=0.01; total time=   0.7s
[CV] END estimator__learning_rate=0.58, estimator__max_depth=13, estimator__num_leaves=31, estimator__subsample=0.2; total time=   1.5s
[CV] END estimator__learning_rate=0.58, estimator__max_depth=14, estimator__num_leaves=8, estimator__subsample=0.1; total time=   0.6s
[CV] END estimator__learning_rate=0.58, estimator__max_depth=14, estimator__num_leaves=31, estimator__subsample=0.01; total time=   1.5s
[CV] END estimator__learning_rate=0.77, estimator__max_depth=10, estimator__num_leaves=8, estimator__subsample=0.001; total time=   0.6s
[CV] END estimator__learning_rate=0.77, estimator__max_depth=10, estimator__num_leaves=10, estimator__subsample=0.1; total time=   0.8s
[CV] END estimator__learning_rate=0.77, estimator__max_depth=11, estimator__num_leaves=2, estimator__subsample=0.01; total time=   0.1s
[CV] END estimator__learning_rate=0.77, estimator__max_depth=11, estimator__num_leaves=2, estimator__subsample=0.2; total time=   0.1s
[CV] END estimator__learning_rate=0.77, estimator__max_depth=11, estimator__num_leaves=4, estimator__subsample=0.1; total time=   0.2s
[CV] END estimator__learning_rate=0.77, estimator__max_depth=11, estimator__num_leaves=6, estimator__subsample=0.001; total time=   0.4s
[CV] END estimator__learning_rate=0.77, estimator__max_depth=11, estimator__num_leaves=8, estimator__subsample=0.001; total time=   0.6s
[CV] END estimator__learning_rate=0.77, estimator__max_depth=11, estimator__num_leaves=10, estimator__subsample=0.2; total time=   0.8s
[CV] END estimator__learning_rate=0.77, estimator__max_depth=12, estimator__num_leaves=2, estimator__subsample=0.2; total time=   0.1s
[CV] END estimator__learning_rate=0.77, estimator__max_depth=12, estimator__num_leaves=4, estimator__subsample=0.01; total time=   0.2s
[CV] END estimator__learning_rate=0.77, estimator__max_depth=12, estimator__num_leaves=6, estimator__subsample=0.001; total time=   0.4s
[CV] END estimator__learning_rate=0.77, estimator__max_depth=12, estimator__num_leaves=8, estimator__subsample=0.01; total time=   0.6s
[CV] END estimator__learning_rate=0.77, estimator__max_depth=12, estimator__num_leaves=10, estimator__subsample=0.2; total time=   0.8s
[CV] END estimator__learning_rate=0.77, estimator__max_depth=13, estimator__num_leaves=2, estimator__subsample=0.2; total time=   0.1s
[CV] END estimator__learning_rate=0.77, estimator__max_depth=13, estimator__num_leaves=4, estimator__subsample=0.01; total time=   0.2s
[CV] END estimator__learning_rate=0.77, estimator__max_depth=13, estimator__num_leaves=4, estimator__subsample=0.2; total time=   0.2s
[CV] END estimator__learning_rate=0.77, estimator__max_depth=13, estimator__num_leaves=6, estimator__subsample=0.1; total time=   0.4s
[CV] END estimator__learning_rate=0.77, estimator__max_depth=13, estimator__num_leaves=10, estimator__subsample=0.001; total time=   0.8s
[CV] END estimator__learning_rate=0.77, estimator__max_depth=13, estimator__num_leaves=31, estimator__subsample=0.2; total time=   1.5s
[CV] END estimator__learning_rate=0.77, estimator__max_depth=14, estimator__num_leaves=8, estimator__subsample=0.1; total time=   0.6s
[CV] END estimator__learning_rate=0.77, estimator__max_depth=14, estimator__num_leaves=31, estimator__subsample=0.001; total time=   1.1s
[CV] END estimator__learning_rate=0.58, estimator__max_depth=11, estimator__num_leaves=6, estimator__subsample=0.01; total time=   0.4s
[CV] END estimator__learning_rate=0.58, estimator__max_depth=11, estimator__num_leaves=8, estimator__subsample=0.2; total time=   0.6s
[CV] END estimator__learning_rate=0.58, estimator__max_depth=11, estimator__num_leaves=31, estimator__subsample=0.01; total time=   1.5s
[CV] END estimator__learning_rate=0.58, estimator__max_depth=12, estimator__num_leaves=8, estimator__subsample=0.001; total time=   0.6s
[CV] END estimator__learning_rate=0.58, estimator__max_depth=12, estimator__num_leaves=10, estimator__subsample=0.1; total time=   0.8s
[CV] END estimator__learning_rate=0.58, estimator__max_depth=13, estimator__num_leaves=2, estimator__subsample=0.01; total time=   0.1s
[CV] END estimator__learning_rate=0.58, estimator__max_depth=13, estimator__num_leaves=2, estimator__subsample=0.2; total time=   0.1s
[CV] END estimator__learning_rate=0.58, estimator__max_depth=13, estimator__num_leaves=4, estimator__subsample=0.1; total time=   0.2s
[CV] END estimator__learning_rate=0.58, estimator__max_depth=13, estimator__num_leaves=6, estimator__subsample=0.001; total time=   0.4s
[CV] END estimator__learning_rate=0.58, estimator__max_depth=13, estimator__num_leaves=8, estimator__subsample=0.01; total time=   0.6s
[CV] END estimator__learning_rate=0.58, estimator__max_depth=13, estimator__num_leaves=10, estimator__subsample=0.2; total time=   0.8s
[CV] END estimator__learning_rate=0.58, estimator__max_depth=14, estimator__num_leaves=2, estimator__subsample=0.2; total time=   0.1s
[CV] END estimator__learning_rate=0.58, estimator__max_depth=14, estimator__num_leaves=4, estimator__subsample=0.01; total time=   0.2s
[CV] END estimator__learning_rate=0.58, estimator__max_depth=14, estimator__num_leaves=6, estimator__subsample=0.001; total time=   0.4s
[CV] END estimator__learning_rate=0.58, estimator__max_depth=14, estimator__num_leaves=8, estimator__subsample=0.001; total time=   0.6s
[CV] END estimator__learning_rate=0.58, estimator__max_depth=14, estimator__num_leaves=10, estimator__subsample=0.2; total time=   0.8s
[CV] END estimator__learning_rate=0.77, estimator__max_depth=10, estimator__num_leaves=2, estimator__subsample=0.1; total time=   0.1s
[CV] END estimator__learning_rate=0.77, estimator__max_depth=10, estimator__num_leaves=4, estimator__subsample=0.001; total time=   0.2s
[CV] END estimator__learning_rate=0.77, estimator__max_depth=10, estimator__num_leaves=4, estimator__subsample=0.1; total time=   0.2s
[CV] END estimator__learning_rate=0.77, estimator__max_depth=10, estimator__num_leaves=6, estimator__subsample=0.01; total time=   0.4s
[CV] END estimator__learning_rate=0.77, estimator__max_depth=10, estimator__num_leaves=8, estimator__subsample=0.2; total time=   0.6s
[CV] END estimator__learning_rate=0.77, estimator__max_depth=10, estimator__num_leaves=31, estimator__subsample=0.1; total time=   1.4s
[CV] END estimator__learning_rate=0.77, estimator__max_depth=11, estimator__num_leaves=8, estimator__subsample=0.001; total time=   0.6s
[CV] END estimator__learning_rate=0.77, estimator__max_depth=11, estimator__num_leaves=10, estimator__subsample=0.1; total time=   0.7s
[CV] END estimator__learning_rate=0.77, estimator__max_depth=12, estimator__num_leaves=2, estimator__subsample=0.01; total time=   0.1s
[CV] END estimator__learning_rate=0.77, estimator__max_depth=12, estimator__num_leaves=2, estimator__subsample=0.2; total time=   0.1s
[CV] END estimator__learning_rate=0.77, estimator__max_depth=12, estimator__num_leaves=4, estimator__subsample=0.01; total time=   0.2s
[CV] END estimator__learning_rate=0.77, estimator__max_depth=12, estimator__num_leaves=6, estimator__subsample=0.001; total time=   0.4s
[CV] END estimator__learning_rate=0.77, estimator__max_depth=12, estimator__num_leaves=8, estimator__subsample=0.001; total time=   0.6s
[CV] END estimator__learning_rate=0.77, estimator__max_depth=12, estimator__num_leaves=10, estimator__subsample=0.2; total time=   0.8s
[CV] END estimator__learning_rate=0.77, estimator__max_depth=13, estimator__num_leaves=2, estimator__subsample=0.1; total time=   0.1s
[CV] END estimator__learning_rate=0.77, estimator__max_depth=13, estimator__num_leaves=4, estimator__subsample=0.001; total time=   0.2s
[CV] END estimator__learning_rate=0.77, estimator__max_depth=13, estimator__num_leaves=4, estimator__subsample=0.2; total time=   0.3s
[CV] END estimator__learning_rate=0.77, estimator__max_depth=13, estimator__num_leaves=6, estimator__subsample=0.2; total time=   0.4s
[CV] END estimator__learning_rate=0.77, estimator__max_depth=13, estimator__num_leaves=10, estimator__subsample=0.01; total time=   0.7s
[CV] END estimator__learning_rate=0.77, estimator__max_depth=13, estimator__num_leaves=31, estimator__subsample=0.2; total time=   1.5s
[CV] END estimator__learning_rate=0.77, estimator__max_depth=14, estimator__num_leaves=8, estimator__subsample=0.1; total time=   0.6s
[CV] END estimator__learning_rate=0.77, estimator__max_depth=14, estimator__num_leaves=31, estimator__subsample=0.01; total time=   1.1s
[CV] END estimator__learning_rate=0.58, estimator__max_depth=11, estimator__num_leaves=8, estimator__subsample=0.1; total time=   0.6s
[CV] END estimator__learning_rate=0.58, estimator__max_depth=11, estimator__num_leaves=31, estimator__subsample=0.001; total time=   1.5s
[CV] END estimator__learning_rate=0.58, estimator__max_depth=12, estimator__num_leaves=6, estimator__subsample=0.1; total time=   0.4s
[CV] END estimator__learning_rate=0.58, estimator__max_depth=12, estimator__num_leaves=10, estimator__subsample=0.001; total time=   0.8s
[CV] END estimator__learning_rate=0.58, estimator__max_depth=12, estimator__num_leaves=31, estimator__subsample=0.2; total time=   1.5s
[CV] END estimator__learning_rate=0.58, estimator__max_depth=13, estimator__num_leaves=8, estimator__subsample=0.01; total time=   0.6s
[CV] END estimator__learning_rate=0.58, estimator__max_depth=13, estimator__num_leaves=31, estimator__subsample=0.001; total time=   1.5s
[CV] END estimator__learning_rate=0.58, estimator__max_depth=14, estimator__num_leaves=6, estimator__subsample=0.2; total time=   0.4s
[CV] END estimator__learning_rate=0.58, estimator__max_depth=14, estimator__num_leaves=10, estimator__subsample=0.01; total time=   0.8s
[CV] END estimator__learning_rate=0.77, estimator__max_depth=10, estimator__num_leaves=2, estimator__subsample=0.001; total time=   0.0s
[CV] END estimator__learning_rate=0.77, estimator__max_depth=10, estimator__num_leaves=2, estimator__subsample=0.01; total time=   0.1s
[CV] END estimator__learning_rate=0.77, estimator__max_depth=10, estimator__num_leaves=2, estimator__subsample=0.2; total time=   0.1s
[CV] END estimator__learning_rate=0.77, estimator__max_depth=10, estimator__num_leaves=4, estimator__subsample=0.01; total time=   0.2s
[CV] END estimator__learning_rate=0.77, estimator__max_depth=10, estimator__num_leaves=6, estimator__subsample=0.001; total time=   0.4s
[CV] END estimator__learning_rate=0.77, estimator__max_depth=10, estimator__num_leaves=8, estimator__subsample=0.001; total time=   0.6s
[CV] END estimator__learning_rate=0.77, estimator__max_depth=10, estimator__num_leaves=10, estimator__subsample=0.2; total time=   0.7s
[CV] END estimator__learning_rate=0.77, estimator__max_depth=11, estimator__num_leaves=2, estimator__subsample=0.1; total time=   0.1s
[CV] END estimator__learning_rate=0.77, estimator__max_depth=11, estimator__num_leaves=4, estimator__subsample=0.001; total time=   0.2s
[CV] END estimator__learning_rate=0.77, estimator__max_depth=11, estimator__num_leaves=4, estimator__subsample=0.2; total time=   0.2s
[CV] END estimator__learning_rate=0.77, estimator__max_depth=11, estimator__num_leaves=6, estimator__subsample=0.01; total time=   0.4s
[CV] END estimator__learning_rate=0.77, estimator__max_depth=11, estimator__num_leaves=10, estimator__subsample=0.001; total time=   0.7s
[CV] END estimator__learning_rate=0.77, estimator__max_depth=11, estimator__num_leaves=31, estimator__subsample=0.1; total time=   1.5s
[CV] END estimator__learning_rate=0.77, estimator__max_depth=12, estimator__num_leaves=8, estimator__subsample=0.01; total time=   0.6s
[CV] END estimator__learning_rate=0.77, estimator__max_depth=12, estimator__num_leaves=31, estimator__subsample=0.001; total time=   1.5s
[CV] END estimator__learning_rate=0.77, estimator__max_depth=13, estimator__num_leaves=6, estimator__subsample=0.1; total time=   0.4s
[CV] END estimator__learning_rate=0.77, estimator__max_depth=13, estimator__num_leaves=10, estimator__subsample=0.001; total time=   0.7s
[CV] END estimator__learning_rate=0.77, estimator__max_depth=13, estimator__num_leaves=31, estimator__subsample=0.1; total time=   1.5s
[CV] END estimator__learning_rate=0.77, estimator__max_depth=14, estimator__num_leaves=8, estimator__subsample=0.01; total time=   0.6s
[CV] END estimator__learning_rate=0.77, estimator__max_depth=14, estimator__num_leaves=31, estimator__subsample=0.001; total time=   1.1s
[CV] END estimator__learning_rate=0.58, estimator__max_depth=11, estimator__num_leaves=4, estimator__subsample=0.1; total time=   0.2s
[CV] END estimator__learning_rate=0.58, estimator__max_depth=11, estimator__num_leaves=6, estimator__subsample=0.001; total time=   0.4s
[CV] END estimator__learning_rate=0.58, estimator__max_depth=11, estimator__num_leaves=8, estimator__subsample=0.2; total time=   0.6s
[CV] END estimator__learning_rate=0.58, estimator__max_depth=11, estimator__num_leaves=31, estimator__subsample=0.01; total time=   1.5s
[CV] END estimator__learning_rate=0.58, estimator__max_depth=12, estimator__num_leaves=8, estimator__subsample=0.001; total time=   0.6s
[CV] END estimator__learning_rate=0.58, estimator__max_depth=12, estimator__num_leaves=10, estimator__subsample=0.1; total time=   0.8s
[CV] END estimator__learning_rate=0.58, estimator__max_depth=13, estimator__num_leaves=2, estimator__subsample=0.01; total time=   0.1s
[CV] END estimator__learning_rate=0.58, estimator__max_depth=13, estimator__num_leaves=4, estimator__subsample=0.001; total time=   0.2s
[CV] END estimator__learning_rate=0.58, estimator__max_depth=13, estimator__num_leaves=4, estimator__subsample=0.1; total time=   0.2s
[CV] END estimator__learning_rate=0.58, estimator__max_depth=13, estimator__num_leaves=6, estimator__subsample=0.001; total time=   0.4s
[CV] END estimator__learning_rate=0.58, estimator__max_depth=13, estimator__num_leaves=8, estimator__subsample=0.2; total time=   0.6s
[CV] END estimator__learning_rate=0.58, estimator__max_depth=13, estimator__num_leaves=31, estimator__subsample=0.01; total time=   1.5s
[CV] END estimator__learning_rate=0.58, estimator__max_depth=14, estimator__num_leaves=8, estimator__subsample=0.001; total time=   0.6s
[CV] END estimator__learning_rate=0.58, estimator__max_depth=14, estimator__num_leaves=10, estimator__subsample=0.1; total time=   0.8s
[CV] END estimator__learning_rate=0.77, estimator__max_depth=10, estimator__num_leaves=2, estimator__subsample=0.01; total time=   0.1s
[CV] END estimator__learning_rate=0.77, estimator__max_depth=10, estimator__num_leaves=4, estimator__subsample=0.001; total time=   0.2s
[CV] END estimator__learning_rate=0.77, estimator__max_depth=10, estimator__num_leaves=4, estimator__subsample=0.1; total time=   0.2s
[CV] END estimator__learning_rate=0.77, estimator__max_depth=10, estimator__num_leaves=6, estimator__subsample=0.001; total time=   0.4s
[CV] END estimator__learning_rate=0.77, estimator__max_depth=10, estimator__num_leaves=8, estimator__subsample=0.1; total time=   0.6s
[CV] END estimator__learning_rate=0.77, estimator__max_depth=10, estimator__num_leaves=31, estimator__subsample=0.01; total time=   1.4s
[CV] END estimator__learning_rate=0.77, estimator__max_depth=11, estimator__num_leaves=6, estimator__subsample=0.1; total time=   0.4s
[CV] END estimator__learning_rate=0.77, estimator__max_depth=11, estimator__num_leaves=10, estimator__subsample=0.001; total time=   0.7s
[CV] END estimator__learning_rate=0.77, estimator__max_depth=11, estimator__num_leaves=31, estimator__subsample=0.1; total time=   1.5s
[CV] END estimator__learning_rate=0.77, estimator__max_depth=12, estimator__num_leaves=8, estimator__subsample=0.1; total time=   0.6s
[CV] END estimator__learning_rate=0.77, estimator__max_depth=12, estimator__num_leaves=31, estimator__subsample=0.001; total time=   1.5s
[CV] END estimator__learning_rate=0.77, estimator__max_depth=13, estimator__num_leaves=6, estimator__subsample=0.1; total time=   0.4s
[CV] END estimator__learning_rate=0.77, estimator__max_depth=13, estimator__num_leaves=10, estimator__subsample=0.01; total time=   0.7s
[CV] END estimator__learning_rate=0.77, estimator__max_depth=13, estimator__num_leaves=31, estimator__subsample=0.2; total time=   1.5s
[CV] END estimator__learning_rate=0.77, estimator__max_depth=14, estimator__num_leaves=8, estimator__subsample=0.1; total time=   0.6s
[CV] END estimator__learning_rate=0.77, estimator__max_depth=14, estimator__num_leaves=31, estimator__subsample=0.001; total time=   1.1s
[CV] END estimator__learning_rate=0.58, estimator__max_depth=11, estimator__num_leaves=4, estimator__subsample=0.1; total time=   0.2s
[CV] END estimator__learning_rate=0.58, estimator__max_depth=11, estimator__num_leaves=6, estimator__subsample=0.2; total time=   0.4s
[CV] END estimator__learning_rate=0.58, estimator__max_depth=11, estimator__num_leaves=10, estimator__subsample=0.001; total time=   0.7s
[CV] END estimator__learning_rate=0.58, estimator__max_depth=11, estimator__num_leaves=31, estimator__subsample=0.1; total time=   1.5s
[CV] END estimator__learning_rate=0.58, estimator__max_depth=12, estimator__num_leaves=8, estimator__subsample=0.01; total time=   0.6s
[CV] END estimator__learning_rate=0.58, estimator__max_depth=12, estimator__num_leaves=31, estimator__subsample=0.001; total time=   1.5s
[CV] END estimator__learning_rate=0.58, estimator__max_depth=13, estimator__num_leaves=6, estimator__subsample=0.2; total time=   0.4s
[CV] END estimator__learning_rate=0.58, estimator__max_depth=13, estimator__num_leaves=10, estimator__subsample=0.1; total time=   0.7s
[CV] END estimator__learning_rate=0.58, estimator__max_depth=14, estimator__num_leaves=2, estimator__subsample=0.001; total time=   0.0s
[CV] END estimator__learning_rate=0.58, estimator__max_depth=14, estimator__num_leaves=2, estimator__subsample=0.01; total time=   0.1s
[CV] END estimator__learning_rate=0.58, estimator__max_depth=14, estimator__num_leaves=2, estimator__subsample=0.2; total time=   0.1s
[CV] END estimator__learning_rate=0.58, estimator__max_depth=14, estimator__num_leaves=4, estimator__subsample=0.01; total time=   0.2s
[CV] END estimator__learning_rate=0.58, estimator__max_depth=14, estimator__num_leaves=4, estimator__subsample=0.2; total time=   0.2s
[CV] END estimator__learning_rate=0.58, estimator__max_depth=14, estimator__num_leaves=6, estimator__subsample=0.1; total time=   0.4s
[CV] END estimator__learning_rate=0.58, estimator__max_depth=14, estimator__num_leaves=10, estimator__subsample=0.001; total time=   0.8s
[CV] END estimator__learning_rate=0.58, estimator__max_depth=14, estimator__num_leaves=31, estimator__subsample=0.2; total time=   1.5s
[CV] END estimator__learning_rate=0.77, estimator__max_depth=10, estimator__num_leaves=8, estimator__subsample=0.1; total time=   0.6s
[CV] END estimator__learning_rate=0.77, estimator__max_depth=10, estimator__num_leaves=31, estimator__subsample=0.001; total time=   1.4s
[CV] END estimator__learning_rate=0.77, estimator__max_depth=11, estimator__num_leaves=6, estimator__subsample=0.1; total time=   0.4s
[CV] END estimator__learning_rate=0.77, estimator__max_depth=11, estimator__num_leaves=10, estimator__subsample=0.001; total time=   0.7s
[CV] END estimator__learning_rate=0.77, estimator__max_depth=11, estimator__num_leaves=31, estimator__subsample=0.1; total time=   1.5s
[CV] END estimator__learning_rate=0.77, estimator__max_depth=12, estimator__num_leaves=8, estimator__subsample=0.1; total time=   0.6s
[CV] END estimator__learning_rate=0.77, estimator__max_depth=12, estimator__num_leaves=31, estimator__subsample=0.01; total time=   1.5s
[CV] END estimator__learning_rate=0.77, estimator__max_depth=13, estimator__num_leaves=6, estimator__subsample=0.1; total time=   0.4s
[CV] END estimator__learning_rate=0.77, estimator__max_depth=13, estimator__num_leaves=10, estimator__subsample=0.01; total time=   0.7s
[CV] END estimator__learning_rate=0.77, estimator__max_depth=13, estimator__num_leaves=31, estimator__subsample=0.2; total time=   1.5s
[CV] END estimator__learning_rate=0.77, estimator__max_depth=14, estimator__num_leaves=8, estimator__subsample=0.2; total time=   0.6s
[CV] END estimator__learning_rate=0.77, estimator__max_depth=14, estimator__num_leaves=31, estimator__subsample=0.01; total time=   1.1s
[CV] END estimator__learning_rate=0.58, estimator__max_depth=12, estimator__num_leaves=2, estimator__subsample=0.001; total time=   0.1s
[CV] END estimator__learning_rate=0.58, estimator__max_depth=12, estimator__num_leaves=2, estimator__subsample=0.01; total time=   0.1s
[CV] END estimator__learning_rate=0.58, estimator__max_depth=12, estimator__num_leaves=4, estimator__subsample=0.01; total time=   0.2s
[CV] END estimator__learning_rate=0.58, estimator__max_depth=12, estimator__num_leaves=4, estimator__subsample=0.2; total time=   0.2s
[CV] END estimator__learning_rate=0.58, estimator__max_depth=12, estimator__num_leaves=6, estimator__subsample=0.1; total time=   0.4s
[CV] END estimator__learning_rate=0.58, estimator__max_depth=12, estimator__num_leaves=10, estimator__subsample=0.01; total time=   0.7s
[CV] END estimator__learning_rate=0.58, estimator__max_depth=12, estimator__num_leaves=31, estimator__subsample=0.2; total time=   1.5s
[CV] END estimator__learning_rate=0.58, estimator__max_depth=13, estimator__num_leaves=8, estimator__subsample=0.2; total time=   0.6s
[CV] END estimator__learning_rate=0.58, estimator__max_depth=13, estimator__num_leaves=31, estimator__subsample=0.01; total time=   1.5s
[CV] END estimator__learning_rate=0.58, estimator__max_depth=14, estimator__num_leaves=6, estimator__subsample=0.2; total time=   0.4s
[CV] END estimator__learning_rate=0.58, estimator__max_depth=14, estimator__num_leaves=10, estimator__subsample=0.1; total time=   0.8s
[CV] END estimator__learning_rate=0.77, estimator__max_depth=10, estimator__num_leaves=2, estimator__subsample=0.001; total time=   0.0s
[CV] END estimator__learning_rate=0.77, estimator__max_depth=10, estimator__num_leaves=2, estimator__subsample=0.01; total time=   0.1s
[CV] END estimator__learning_rate=0.77, estimator__max_depth=10, estimator__num_leaves=2, estimator__subsample=0.2; total time=   0.1s
[CV] END estimator__learning_rate=0.77, estimator__max_depth=10, estimator__num_leaves=4, estimator__subsample=0.1; total time=   0.2s
[CV] END estimator__learning_rate=0.77, estimator__max_depth=10, estimator__num_leaves=6, estimator__subsample=0.001; total time=   0.4s
[CV] END estimator__learning_rate=0.77, estimator__max_depth=10, estimator__num_leaves=8, estimator__subsample=0.01; total time=   0.6s
[CV] END estimator__learning_rate=0.77, estimator__max_depth=10, estimator__num_leaves=10, estimator__subsample=0.2; total time=   0.8s
[CV] END estimator__learning_rate=0.77, estimator__max_depth=11, estimator__num_leaves=2, estimator__subsample=0.1; total time=   0.1s
[CV] END estimator__learning_rate=0.77, estimator__max_depth=11, estimator__num_leaves=4, estimator__subsample=0.001; total time=   0.2s
[CV] END estimator__learning_rate=0.77, estimator__max_depth=11, estimator__num_leaves=4, estimator__subsample=0.2; total time=   0.3s
[CV] END estimator__learning_rate=0.77, estimator__max_depth=11, estimator__num_leaves=6, estimator__subsample=0.1; total time=   0.4s
[CV] END estimator__learning_rate=0.77, estimator__max_depth=11, estimator__num_leaves=10, estimator__subsample=0.001; total time=   0.7s
[CV] END estimator__learning_rate=0.77, estimator__max_depth=11, estimator__num_leaves=31, estimator__subsample=0.2; total time=   1.5s
[CV] END estimator__learning_rate=0.77, estimator__max_depth=12, estimator__num_leaves=8, estimator__subsample=0.1; total time=   0.6s
[CV] END estimator__learning_rate=0.77, estimator__max_depth=12, estimator__num_leaves=31, estimator__subsample=0.001; total time=   1.5s
[CV] END estimator__learning_rate=0.77, estimator__max_depth=13, estimator__num_leaves=6, estimator__subsample=0.2; total time=   0.4s
[CV] END estimator__learning_rate=0.77, estimator__max_depth=13, estimator__num_leaves=10, estimator__subsample=0.001; total time=   0.8s
[CV] END estimator__learning_rate=0.77, estimator__max_depth=13, estimator__num_leaves=31, estimator__subsample=0.2; total time=   1.5s
[CV] END estimator__learning_rate=0.77, estimator__max_depth=14, estimator__num_leaves=8, estimator__subsample=0.1; total time=   0.6s
[CV] END estimator__learning_rate=0.77, estimator__max_depth=14, estimator__num_leaves=31, estimator__subsample=0.01; total time=   1.1s
[CV] END estimator__learning_rate=0.58, estimator__max_depth=10, estimator__num_leaves=2, estimator__subsample=0.01; total time=   0.1s
[CV] END estimator__learning_rate=0.58, estimator__max_depth=10, estimator__num_leaves=4, estimator__subsample=0.001; total time=   0.2s
[CV] END estimator__learning_rate=0.58, estimator__max_depth=10, estimator__num_leaves=4, estimator__subsample=0.1; total time=   0.2s
[CV] END estimator__learning_rate=0.58, estimator__max_depth=10, estimator__num_leaves=6, estimator__subsample=0.01; total time=   0.4s
[CV] END estimator__learning_rate=0.58, estimator__max_depth=10, estimator__num_leaves=8, estimator__subsample=0.2; total time=   0.6s
[CV] END estimator__learning_rate=0.58, estimator__max_depth=10, estimator__num_leaves=31, estimator__subsample=0.01; total time=   1.4s
[CV] END estimator__learning_rate=0.58, estimator__max_depth=11, estimator__num_leaves=8, estimator__subsample=0.001; total time=   0.6s
[CV] END estimator__learning_rate=0.58, estimator__max_depth=11, estimator__num_leaves=10, estimator__subsample=0.1; total time=   0.8s
[CV] END estimator__learning_rate=0.58, estimator__max_depth=12, estimator__num_leaves=2, estimator__subsample=0.01; total time=   0.1s
[CV] END estimator__learning_rate=0.58, estimator__max_depth=12, estimator__num_leaves=2, estimator__subsample=0.2; total time=   0.1s
[CV] END estimator__learning_rate=0.58, estimator__max_depth=12, estimator__num_leaves=4, estimator__subsample=0.01; total time=   0.2s
[CV] END estimator__learning_rate=0.58, estimator__max_depth=12, estimator__num_leaves=4, estimator__subsample=0.2; total time=   0.2s
[CV] END estimator__learning_rate=0.58, estimator__max_depth=12, estimator__num_leaves=6, estimator__subsample=0.2; total time=   0.4s
[CV] END estimator__learning_rate=0.58, estimator__max_depth=12, estimator__num_leaves=10, estimator__subsample=0.001; total time=   0.7s
[CV] END estimator__learning_rate=0.58, estimator__max_depth=12, estimator__num_leaves=31, estimator__subsample=0.2; total time=   1.5s
[CV] END estimator__learning_rate=0.58, estimator__max_depth=13, estimator__num_leaves=8, estimator__subsample=0.1; total time=   0.6s
[CV] END estimator__learning_rate=0.58, estimator__max_depth=13, estimator__num_leaves=31, estimator__subsample=0.01; total time=   1.5s
[CV] END estimator__learning_rate=0.58, estimator__max_depth=14, estimator__num_leaves=6, estimator__subsample=0.2; total time=   0.4s
[CV] END estimator__learning_rate=0.58, estimator__max_depth=14, estimator__num_leaves=10, estimator__subsample=0.01; total time=   0.8s
[CV] END estimator__learning_rate=0.77, estimator__max_depth=10, estimator__num_leaves=2, estimator__subsample=0.001; total time=   0.0s
[CV] END estimator__learning_rate=0.77, estimator__max_depth=10, estimator__num_leaves=2, estimator__subsample=0.001; total time=   0.1s
[CV] END estimator__learning_rate=0.77, estimator__max_depth=10, estimator__num_leaves=2, estimator__subsample=0.1; total time=   0.1s
[CV] END estimator__learning_rate=0.77, estimator__max_depth=10, estimator__num_leaves=4, estimator__subsample=0.01; total time=   0.2s
[CV] END estimator__learning_rate=0.77, estimator__max_depth=10, estimator__num_leaves=4, estimator__subsample=0.2; total time=   0.2s
[CV] END estimator__learning_rate=0.77, estimator__max_depth=10, estimator__num_leaves=6, estimator__subsample=0.1; total time=   0.4s
[CV] END estimator__learning_rate=0.77, estimator__max_depth=10, estimator__num_leaves=10, estimator__subsample=0.001; total time=   0.7s
[CV] END estimator__learning_rate=0.77, estimator__max_depth=10, estimator__num_leaves=31, estimator__subsample=0.1; total time=   1.4s
[CV] END estimator__learning_rate=0.77, estimator__max_depth=11, estimator__num_leaves=8, estimator__subsample=0.01; total time=   0.6s
[CV] END estimator__learning_rate=0.77, estimator__max_depth=11, estimator__num_leaves=10, estimator__subsample=0.2; total time=   0.8s
[CV] END estimator__learning_rate=0.77, estimator__max_depth=12, estimator__num_leaves=4, estimator__subsample=0.001; total time=   0.2s
[CV] END estimator__learning_rate=0.77, estimator__max_depth=12, estimator__num_leaves=4, estimator__subsample=0.1; total time=   0.2s
[CV] END estimator__learning_rate=0.77, estimator__max_depth=12, estimator__num_leaves=6, estimator__subsample=0.01; total time=   0.4s
[CV] END estimator__learning_rate=0.77, estimator__max_depth=12, estimator__num_leaves=8, estimator__subsample=0.2; total time=   0.6s
[CV] END estimator__learning_rate=0.77, estimator__max_depth=12, estimator__num_leaves=31, estimator__subsample=0.1; total time=   1.5s
[CV] END estimator__learning_rate=0.77, estimator__max_depth=13, estimator__num_leaves=8, estimator__subsample=0.001; total time=   0.6s
[CV] END estimator__learning_rate=0.77, estimator__max_depth=13, estimator__num_leaves=10, estimator__subsample=0.1; total time=   0.8s
[CV] END estimator__learning_rate=0.77, estimator__max_depth=14, estimator__num_leaves=2, estimator__subsample=0.01; total time=   0.1s
[CV] END estimator__learning_rate=0.77, estimator__max_depth=14, estimator__num_leaves=4, estimator__subsample=0.001; total time=   0.2s
[CV] END estimator__learning_rate=0.77, estimator__max_depth=14, estimator__num_leaves=4, estimator__subsample=0.1; total time=   0.2s
[CV] END estimator__learning_rate=0.77, estimator__max_depth=14, estimator__num_leaves=6, estimator__subsample=0.01; total time=   0.4s
[CV] END estimator__learning_rate=0.77, estimator__max_depth=14, estimator__num_leaves=8, estimator__subsample=0.2; total time=   0.6s
[CV] END estimator__learning_rate=0.77, estimator__max_depth=14, estimator__num_leaves=31, estimator__subsample=0.01; total time=   1.1s
[CV] END estimator__learning_rate=0.58, estimator__max_depth=10, estimator__num_leaves=4, estimator__subsample=0.001; total time=   0.2s
[CV] END estimator__learning_rate=0.58, estimator__max_depth=10, estimator__num_leaves=4, estimator__subsample=0.2; total time=   0.2s
[CV] END estimator__learning_rate=0.58, estimator__max_depth=10, estimator__num_leaves=6, estimator__subsample=0.01; total time=   0.4s
[CV] END estimator__learning_rate=0.58, estimator__max_depth=10, estimator__num_leaves=8, estimator__subsample=0.2; total time=   0.6s
[CV] END estimator__learning_rate=0.58, estimator__max_depth=10, estimator__num_leaves=31, estimator__subsample=0.01; total time=   1.4s
[CV] END estimator__learning_rate=0.58, estimator__max_depth=11, estimator__num_leaves=8, estimator__subsample=0.001; total time=   0.6s
[CV] END estimator__learning_rate=0.58, estimator__max_depth=11, estimator__num_leaves=10, estimator__subsample=0.1; total time=   0.8s
[CV] END estimator__learning_rate=0.58, estimator__max_depth=12, estimator__num_leaves=2, estimator__subsample=0.01; total time=   0.1s
[CV] END estimator__learning_rate=0.58, estimator__max_depth=12, estimator__num_leaves=2, estimator__subsample=0.2; total time=   0.1s
[CV] END estimator__learning_rate=0.58, estimator__max_depth=12, estimator__num_leaves=4, estimator__subsample=0.1; total time=   0.2s
[CV] END estimator__learning_rate=0.58, estimator__max_depth=12, estimator__num_leaves=6, estimator__subsample=0.001; total time=   0.4s
[CV] END estimator__learning_rate=0.58, estimator__max_depth=12, estimator__num_leaves=8, estimator__subsample=0.01; total time=   0.6s
[CV] END estimator__learning_rate=0.58, estimator__max_depth=12, estimator__num_leaves=10, estimator__subsample=0.2; total time=   0.8s
[CV] END estimator__learning_rate=0.58, estimator__max_depth=13, estimator__num_leaves=2, estimator__subsample=0.2; total time=   0.1s
[CV] END estimator__learning_rate=0.58, estimator__max_depth=13, estimator__num_leaves=4, estimator__subsample=0.01; total time=   0.2s
[CV] END estimator__learning_rate=0.58, estimator__max_depth=13, estimator__num_leaves=6, estimator__subsample=0.001; total time=   0.4s
[CV] END estimator__learning_rate=0.58, estimator__max_depth=13, estimator__num_leaves=8, estimator__subsample=0.01; total time=   0.6s
[CV] END estimator__learning_rate=0.58, estimator__max_depth=13, estimator__num_leaves=10, estimator__subsample=0.2; total time=   0.8s
[CV] END estimator__learning_rate=0.58, estimator__max_depth=14, estimator__num_leaves=2, estimator__subsample=0.1; total time=   0.1s
[CV] END estimator__learning_rate=0.58, estimator__max_depth=14, estimator__num_leaves=4, estimator__subsample=0.01; total time=   0.2s
[CV] END estimator__learning_rate=0.58, estimator__max_depth=14, estimator__num_leaves=4, estimator__subsample=0.2; total time=   0.2s
[CV] END estimator__learning_rate=0.58, estimator__max_depth=14, estimator__num_leaves=6, estimator__subsample=0.01; total time=   0.4s
[CV] END estimator__learning_rate=0.58, estimator__max_depth=14, estimator__num_leaves=10, estimator__subsample=0.001; total time=   0.8s
[CV] END estimator__learning_rate=0.58, estimator__max_depth=14, estimator__num_leaves=31, estimator__subsample=0.1; total time=   1.5s
[CV] END estimator__learning_rate=0.77, estimator__max_depth=10, estimator__num_leaves=8, estimator__subsample=0.01; total time=   0.6s
[CV] END estimator__learning_rate=0.77, estimator__max_depth=10, estimator__num_leaves=31, estimator__subsample=0.001; total time=   1.4s
[CV] END estimator__learning_rate=0.77, estimator__max_depth=11, estimator__num_leaves=6, estimator__subsample=0.01; total time=   0.4s
[CV] END estimator__learning_rate=0.77, estimator__max_depth=11, estimator__num_leaves=10, estimator__subsample=0.001; total time=   0.9s
[CV] END estimator__learning_rate=0.77, estimator__max_depth=12, estimator__num_leaves=2, estimator__subsample=0.001; total time=   0.1s
[CV] END estimator__learning_rate=0.77, estimator__max_depth=12, estimator__num_leaves=2, estimator__subsample=0.1; total time=   0.1s
[CV] END estimator__learning_rate=0.77, estimator__max_depth=12, estimator__num_leaves=4, estimator__subsample=0.001; total time=   0.2s
[CV] END estimator__learning_rate=0.77, estimator__max_depth=12, estimator__num_leaves=4, estimator__subsample=0.1; total time=   0.2s
[CV] END estimator__learning_rate=0.77, estimator__max_depth=12, estimator__num_leaves=6, estimator__subsample=0.01; total time=   0.4s
[CV] END estimator__learning_rate=0.77, estimator__max_depth=12, estimator__num_leaves=8, estimator__subsample=0.2; total time=   0.6s
[CV] END estimator__learning_rate=0.77, estimator__max_depth=12, estimator__num_leaves=31, estimator__subsample=0.1; total time=   1.5s
[CV] END estimator__learning_rate=0.77, estimator__max_depth=13, estimator__num_leaves=8, estimator__subsample=0.001; total time=   0.6s
[CV] END estimator__learning_rate=0.77, estimator__max_depth=13, estimator__num_leaves=10, estimator__subsample=0.1; total time=   0.7s
[CV] END estimator__learning_rate=0.77, estimator__max_depth=14, estimator__num_leaves=2, estimator__subsample=0.01; total time=   0.1s
[CV] END estimator__learning_rate=0.77, estimator__max_depth=14, estimator__num_leaves=4, estimator__subsample=0.001; total time=   0.2s
[CV] END estimator__learning_rate=0.77, estimator__max_depth=14, estimator__num_leaves=4, estimator__subsample=0.1; total time=   0.2s
[CV] END estimator__learning_rate=0.77, estimator__max_depth=14, estimator__num_leaves=6, estimator__subsample=0.001; total time=   0.4s
[CV] END estimator__learning_rate=0.77, estimator__max_depth=14, estimator__num_leaves=8, estimator__subsample=0.2; total time=   0.6s
[CV] END estimator__learning_rate=0.77, estimator__max_depth=14, estimator__num_leaves=31, estimator__subsample=0.01; total time=   1.1s
[CV] END estimator__learning_rate=0.58, estimator__max_depth=11, estimator__num_leaves=4, estimator__subsample=0.1; total time=   0.2s
[CV] END estimator__learning_rate=0.58, estimator__max_depth=11, estimator__num_leaves=6, estimator__subsample=0.001; total time=   0.4s
[CV] END estimator__learning_rate=0.58, estimator__max_depth=11, estimator__num_leaves=8, estimator__subsample=0.001; total time=   0.8s
[CV] END estimator__learning_rate=0.58, estimator__max_depth=11, estimator__num_leaves=31, estimator__subsample=0.01; total time=   1.4s
[CV] END estimator__learning_rate=0.58, estimator__max_depth=12, estimator__num_leaves=6, estimator__subsample=0.1; total time=   0.4s
[CV] END estimator__learning_rate=0.58, estimator__max_depth=12, estimator__num_leaves=10, estimator__subsample=0.001; total time=   0.7s
[CV] END estimator__learning_rate=0.58, estimator__max_depth=12, estimator__num_leaves=31, estimator__subsample=0.1; total time=   1.5s
[CV] END estimator__learning_rate=0.58, estimator__max_depth=13, estimator__num_leaves=8, estimator__subsample=0.1; total time=   0.6s
[CV] END estimator__learning_rate=0.58, estimator__max_depth=13, estimator__num_leaves=31, estimator__subsample=0.001; total time=   1.5s
[CV] END estimator__learning_rate=0.58, estimator__max_depth=14, estimator__num_leaves=6, estimator__subsample=0.1; total time=   0.4s
[CV] END estimator__learning_rate=0.58, estimator__max_depth=14, estimator__num_leaves=10, estimator__subsample=0.01; total time=   0.8s
[CV] END estimator__learning_rate=0.58, estimator__max_depth=14, estimator__num_leaves=31, estimator__subsample=0.2; total time=   1.5s
[CV] END estimator__learning_rate=0.77, estimator__max_depth=10, estimator__num_leaves=8, estimator__subsample=0.2; total time=   0.6s
[CV] END estimator__learning_rate=0.77, estimator__max_depth=10, estimator__num_leaves=31, estimator__subsample=0.01; total time=   1.4s
[CV] END estimator__learning_rate=0.77, estimator__max_depth=11, estimator__num_leaves=8, estimator__subsample=0.001; total time=   0.6s
[CV] END estimator__learning_rate=0.77, estimator__max_depth=11, estimator__num_leaves=10, estimator__subsample=0.1; total time=   0.8s
[CV] END estimator__learning_rate=0.77, estimator__max_depth=12, estimator__num_leaves=2, estimator__subsample=0.01; total time=   0.1s
[CV] END estimator__learning_rate=0.77, estimator__max_depth=12, estimator__num_leaves=2, estimator__subsample=0.1; total time=   0.1s
[CV] END estimator__learning_rate=0.77, estimator__max_depth=12, estimator__num_leaves=4, estimator__subsample=0.01; total time=   0.2s
[CV] END estimator__learning_rate=0.77, estimator__max_depth=12, estimator__num_leaves=4, estimator__subsample=0.2; total time=   0.2s
[CV] END estimator__learning_rate=0.77, estimator__max_depth=12, estimator__num_leaves=6, estimator__subsample=0.1; total time=   0.4s
[CV] END estimator__learning_rate=0.77, estimator__max_depth=12, estimator__num_leaves=10, estimator__subsample=0.001; total time=   0.8s
[CV] END estimator__learning_rate=0.77, estimator__max_depth=12, estimator__num_leaves=31, estimator__subsample=0.2; total time=   1.5s
[CV] END estimator__learning_rate=0.77, estimator__max_depth=13, estimator__num_leaves=8, estimator__subsample=0.1; total time=   0.6s
[CV] END estimator__learning_rate=0.77, estimator__max_depth=13, estimator__num_leaves=31, estimator__subsample=0.001; total time=   1.4s
[CV] END estimator__learning_rate=0.77, estimator__max_depth=14, estimator__num_leaves=6, estimator__subsample=0.01; total time=   0.4s
[CV] END estimator__learning_rate=0.77, estimator__max_depth=14, estimator__num_leaves=8, estimator__subsample=0.2; total time=   0.6s
[CV] END estimator__learning_rate=0.77, estimator__max_depth=14, estimator__num_leaves=31, estimator__subsample=0.1; total time=   1.1s
[CV] END estimator__learning_rate=0.39, estimator__max_depth=14, estimator__num_leaves=2, estimator__subsample=0.1; total time=   0.1s
[CV] END estimator__learning_rate=0.39, estimator__max_depth=14, estimator__num_leaves=4, estimator__subsample=0.001; total time=   0.2s
[CV] END estimator__learning_rate=0.39, estimator__max_depth=14, estimator__num_leaves=4, estimator__subsample=0.1; total time=   0.2s
[CV] END estimator__learning_rate=0.39, estimator__max_depth=14, estimator__num_leaves=6, estimator__subsample=0.01; total time=   0.4s
[CV] END estimator__learning_rate=0.39, estimator__max_depth=14, estimator__num_leaves=8, estimator__subsample=0.1; total time=   0.6s
[CV] END estimator__learning_rate=0.39, estimator__max_depth=14, estimator__num_leaves=31, estimator__subsample=0.01; total time=   1.5s
[CV] END estimator__learning_rate=0.58, estimator__max_depth=10, estimator__num_leaves=6, estimator__subsample=0.2; total time=   0.4s
[CV] END estimator__learning_rate=0.58, estimator__max_depth=10, estimator__num_leaves=10, estimator__subsample=0.1; total time=   0.7s
[CV] END estimator__learning_rate=0.58, estimator__max_depth=11, estimator__num_leaves=2, estimator__subsample=0.001; total time=   0.0s
[CV] END estimator__learning_rate=0.58, estimator__max_depth=11, estimator__num_leaves=2, estimator__subsample=0.01; total time=   0.1s
[CV] END estimator__learning_rate=0.58, estimator__max_depth=11, estimator__num_leaves=2, estimator__subsample=0.2; total time=   0.1s
[CV] END estimator__learning_rate=0.58, estimator__max_depth=11, estimator__num_leaves=4, estimator__subsample=0.01; total time=   0.2s
[CV] END estimator__learning_rate=0.58, estimator__max_depth=11, estimator__num_leaves=6, estimator__subsample=0.001; total time=   0.4s
[CV] END estimator__learning_rate=0.58, estimator__max_depth=11, estimator__num_leaves=8, estimator__subsample=0.01; total time=   0.6s
[CV] END estimator__learning_rate=0.58, estimator__max_depth=11, estimator__num_leaves=10, estimator__subsample=0.2; total time=   0.8s
[CV] END estimator__learning_rate=0.58, estimator__max_depth=12, estimator__num_leaves=2, estimator__subsample=0.1; total time=   0.1s
[CV] END estimator__learning_rate=0.58, estimator__max_depth=12, estimator__num_leaves=4, estimator__subsample=0.01; total time=   0.3s
[CV] END estimator__learning_rate=0.58, estimator__max_depth=12, estimator__num_leaves=6, estimator__subsample=0.001; total time=   0.4s
[CV] END estimator__learning_rate=0.58, estimator__max_depth=12, estimator__num_leaves=8, estimator__subsample=0.01; total time=   0.6s
[CV] END estimator__learning_rate=0.58, estimator__max_depth=12, estimator__num_leaves=10, estimator__subsample=0.2; total time=   0.8s
[CV] END estimator__learning_rate=0.58, estimator__max_depth=13, estimator__num_leaves=4, estimator__subsample=0.001; total time=   0.2s
[CV] END estimator__learning_rate=0.58, estimator__max_depth=13, estimator__num_leaves=4, estimator__subsample=0.1; total time=   0.2s
[CV] END estimator__learning_rate=0.58, estimator__max_depth=13, estimator__num_leaves=6, estimator__subsample=0.01; total time=   0.4s
[CV] END estimator__learning_rate=0.58, estimator__max_depth=13, estimator__num_leaves=8, estimator__subsample=0.2; total time=   0.6s
[CV] END estimator__learning_rate=0.58, estimator__max_depth=13, estimator__num_leaves=31, estimator__subsample=0.01; total time=   1.5s
[CV] END estimator__learning_rate=0.58, estimator__max_depth=14, estimator__num_leaves=8, estimator__subsample=0.001; total time=   0.6s
[CV] END estimator__learning_rate=0.58, estimator__max_depth=14, estimator__num_leaves=10, estimator__subsample=0.1; total time=   0.8s
[CV] END estimator__learning_rate=0.77, estimator__max_depth=10, estimator__num_leaves=2, estimator__subsample=0.01; total time=   0.1s
[CV] END estimator__learning_rate=0.77, estimator__max_depth=10, estimator__num_leaves=4, estimator__subsample=0.001; total time=   0.2s
[CV] END estimator__learning_rate=0.77, estimator__max_depth=10, estimator__num_leaves=4, estimator__subsample=0.1; total time=   0.2s
[CV] END estimator__learning_rate=0.77, estimator__max_depth=10, estimator__num_leaves=6, estimator__subsample=0.01; total time=   0.4s
[CV] END estimator__learning_rate=0.77, estimator__max_depth=10, estimator__num_leaves=8, estimator__subsample=0.2; total time=   0.6s
[CV] END estimator__learning_rate=0.77, estimator__max_depth=10, estimator__num_leaves=31, estimator__subsample=0.01; total time=   1.4s
[CV] END estimator__learning_rate=0.77, estimator__max_depth=11, estimator__num_leaves=6, estimator__subsample=0.2; total time=   0.4s
[CV] END estimator__learning_rate=0.77, estimator__max_depth=11, estimator__num_leaves=10, estimator__subsample=0.1; total time=   0.7s
[CV] END estimator__learning_rate=0.77, estimator__max_depth=12, estimator__num_leaves=2, estimator__subsample=0.001; total time=   0.0s
[CV] END estimator__learning_rate=0.77, estimator__max_depth=12, estimator__num_leaves=2, estimator__subsample=0.001; total time=   0.1s
[CV] END estimator__learning_rate=0.77, estimator__max_depth=12, estimator__num_leaves=2, estimator__subsample=0.1; total time=   0.1s
[CV] END estimator__learning_rate=0.77, estimator__max_depth=12, estimator__num_leaves=4, estimator__subsample=0.001; total time=   0.2s
[CV] END estimator__learning_rate=0.77, estimator__max_depth=12, estimator__num_leaves=4, estimator__subsample=0.2; total time=   0.2s
[CV] END estimator__learning_rate=0.77, estimator__max_depth=12, estimator__num_leaves=6, estimator__subsample=0.01; total time=   0.4s
[CV] END estimator__learning_rate=0.77, estimator__max_depth=12, estimator__num_leaves=10, estimator__subsample=0.001; total time=   0.8s
[CV] END estimator__learning_rate=0.77, estimator__max_depth=12, estimator__num_leaves=31, estimator__subsample=0.1; total time=   1.5s
[CV] END estimator__learning_rate=0.77, estimator__max_depth=13, estimator__num_leaves=8, estimator__subsample=0.01; total time=   0.6s
[CV] END estimator__learning_rate=0.77, estimator__max_depth=13, estimator__num_leaves=31, estimator__subsample=0.001; total time=   1.5s
[CV] END estimator__learning_rate=0.77, estimator__max_depth=14, estimator__num_leaves=6, estimator__subsample=0.01; total time=   0.4s
[CV] END estimator__learning_rate=0.77, estimator__max_depth=14, estimator__num_leaves=8, estimator__subsample=0.2; total time=   0.6s
[CV] END estimator__learning_rate=0.77, estimator__max_depth=14, estimator__num_leaves=31, estimator__subsample=0.1; total time=   1.1s
[CV] END estimator__learning_rate=0.58, estimator__max_depth=11, estimator__num_leaves=4, estimator__subsample=0.1; total time=   0.2s
[CV] END estimator__learning_rate=0.58, estimator__max_depth=11, estimator__num_leaves=6, estimator__subsample=0.1; total time=   0.4s
[CV] END estimator__learning_rate=0.58, estimator__max_depth=11, estimator__num_leaves=10, estimator__subsample=0.01; total time=   0.7s
[CV] END estimator__learning_rate=0.58, estimator__max_depth=11, estimator__num_leaves=31, estimator__subsample=0.2; total time=   1.5s
[CV] END estimator__learning_rate=0.58, estimator__max_depth=12, estimator__num_leaves=8, estimator__subsample=0.2; total time=   0.6s
[CV] END estimator__learning_rate=0.58, estimator__max_depth=12, estimator__num_leaves=31, estimator__subsample=0.01; total time=   1.5s
[CV] END estimator__learning_rate=0.58, estimator__max_depth=13, estimator__num_leaves=6, estimator__subsample=0.2; total time=   0.4s
[CV] END estimator__learning_rate=0.58, estimator__max_depth=13, estimator__num_leaves=10, estimator__subsample=0.1; total time=   0.7s
[CV] END estimator__learning_rate=0.58, estimator__max_depth=14, estimator__num_leaves=2, estimator__subsample=0.001; total time=   0.0s
[CV] END estimator__learning_rate=0.58, estimator__max_depth=14, estimator__num_leaves=2, estimator__subsample=0.01; total time=   0.1s
[CV] END estimator__learning_rate=0.58, estimator__max_depth=14, estimator__num_leaves=2, estimator__subsample=0.2; total time=   0.1s
[CV] END estimator__learning_rate=0.58, estimator__max_depth=14, estimator__num_leaves=4, estimator__subsample=0.1; total time=   0.2s
[CV] END estimator__learning_rate=0.58, estimator__max_depth=14, estimator__num_leaves=6, estimator__subsample=0.001; total time=   0.4s
[CV] END estimator__learning_rate=0.58, estimator__max_depth=14, estimator__num_leaves=8, estimator__subsample=0.01; total time=   0.6s
[CV] END estimator__learning_rate=0.58, estimator__max_depth=14, estimator__num_leaves=10, estimator__subsample=0.2; total time=   0.8s
[CV] END estimator__learning_rate=0.77, estimator__max_depth=10, estimator__num_leaves=2, estimator__subsample=0.2; total time=   0.1s
[CV] END estimator__learning_rate=0.77, estimator__max_depth=10, estimator__num_leaves=4, estimator__subsample=0.01; total time=   0.2s
[CV] END estimator__learning_rate=0.77, estimator__max_depth=10, estimator__num_leaves=6, estimator__subsample=0.001; total time=   0.5s
[CV] END estimator__learning_rate=0.77, estimator__max_depth=10, estimator__num_leaves=8, estimator__subsample=0.01; total time=   0.6s
[CV] END estimator__learning_rate=0.77, estimator__max_depth=10, estimator__num_leaves=10, estimator__subsample=0.2; total time=   0.8s
[CV] END estimator__learning_rate=0.77, estimator__max_depth=11, estimator__num_leaves=4, estimator__subsample=0.001; total time=   0.2s
[CV] END estimator__learning_rate=0.77, estimator__max_depth=11, estimator__num_leaves=4, estimator__subsample=0.1; total time=   0.2s
[CV] END estimator__learning_rate=0.77, estimator__max_depth=11, estimator__num_leaves=6, estimator__subsample=0.001; total time=   0.4s
[CV] END estimator__learning_rate=0.77, estimator__max_depth=11, estimator__num_leaves=8, estimator__subsample=0.2; total time=   0.6s
[CV] END estimator__learning_rate=0.77, estimator__max_depth=11, estimator__num_leaves=31, estimator__subsample=0.1; total time=   1.4s
[CV] END estimator__learning_rate=0.77, estimator__max_depth=12, estimator__num_leaves=6, estimator__subsample=0.2; total time=   0.4s
[CV] END estimator__learning_rate=0.77, estimator__max_depth=12, estimator__num_leaves=10, estimator__subsample=0.1; total time=   0.8s
[CV] END estimator__learning_rate=0.77, estimator__max_depth=13, estimator__num_leaves=2, estimator__subsample=0.001; total time=   0.0s
[CV] END estimator__learning_rate=0.77, estimator__max_depth=13, estimator__num_leaves=2, estimator__subsample=0.01; total time=   0.1s
[CV] END estimator__learning_rate=0.77, estimator__max_depth=13, estimator__num_leaves=2, estimator__subsample=0.2; total time=   0.1s
[CV] END estimator__learning_rate=0.77, estimator__max_depth=13, estimator__num_leaves=4, estimator__subsample=0.01; total time=   0.2s
[CV] END estimator__learning_rate=0.77, estimator__max_depth=13, estimator__num_leaves=6, estimator__subsample=0.001; total time=   0.4s
[CV] END estimator__learning_rate=0.77, estimator__max_depth=13, estimator__num_leaves=8, estimator__subsample=0.001; total time=   0.6s
[CV] END estimator__learning_rate=0.77, estimator__max_depth=13, estimator__num_leaves=10, estimator__subsample=0.2; total time=   0.8s
[CV] END estimator__learning_rate=0.77, estimator__max_depth=14, estimator__num_leaves=2, estimator__subsample=0.1; total time=   0.1s
[CV] END estimator__learning_rate=0.77, estimator__max_depth=14, estimator__num_leaves=4, estimator__subsample=0.001; total time=   0.2s
[CV] END estimator__learning_rate=0.77, estimator__max_depth=14, estimator__num_leaves=4, estimator__subsample=0.2; total time=   0.2s
[CV] END estimator__learning_rate=0.77, estimator__max_depth=14, estimator__num_leaves=6, estimator__subsample=0.01; total time=   0.4s
[CV] END estimator__learning_rate=0.77, estimator__max_depth=14, estimator__num_leaves=10, estimator__subsample=0.001; total time=   0.7s
[CV] END estimator__learning_rate=0.77, estimator__max_depth=14, estimator__num_leaves=31, estimator__subsample=0.1; total time=   1.0s
[CV] END estimator__learning_rate=0.39, estimator__max_depth=13, estimator__num_leaves=8, estimator__subsample=0.01; total time=   0.6s
[CV] END estimator__learning_rate=0.39, estimator__max_depth=13, estimator__num_leaves=31, estimator__subsample=0.001; total time=   1.5s
[CV] END estimator__learning_rate=0.39, estimator__max_depth=14, estimator__num_leaves=6, estimator__subsample=0.2; total time=   0.4s
[CV] END estimator__learning_rate=0.39, estimator__max_depth=14, estimator__num_leaves=10, estimator__subsample=0.01; total time=   0.7s
[CV] END estimator__learning_rate=0.58, estimator__max_depth=10, estimator__num_leaves=2, estimator__subsample=0.001; total time=   0.0s
[CV] END estimator__learning_rate=0.58, estimator__max_depth=10, estimator__num_leaves=2, estimator__subsample=0.01; total time=   0.1s
[CV] END estimator__learning_rate=0.58, estimator__max_depth=10, estimator__num_leaves=2, estimator__subsample=0.2; total time=   0.1s
[CV] END estimator__learning_rate=0.58, estimator__max_depth=10, estimator__num_leaves=4, estimator__subsample=0.01; total time=   0.2s
[CV] END estimator__learning_rate=0.58, estimator__max_depth=10, estimator__num_leaves=4, estimator__subsample=0.2; total time=   0.2s
[CV] END estimator__learning_rate=0.58, estimator__max_depth=10, estimator__num_leaves=6, estimator__subsample=0.1; total time=   0.4s
[CV] END estimator__learning_rate=0.58, estimator__max_depth=10, estimator__num_leaves=10, estimator__subsample=0.001; total time=   0.7s
[CV] END estimator__learning_rate=0.58, estimator__max_depth=10, estimator__num_leaves=31, estimator__subsample=0.2; total time=   1.4s
[CV] END estimator__learning_rate=0.58, estimator__max_depth=11, estimator__num_leaves=8, estimator__subsample=0.01; total time=   0.6s
[CV] END estimator__learning_rate=0.58, estimator__max_depth=11, estimator__num_leaves=10, estimator__subsample=0.2; total time=   0.8s
[CV] END estimator__learning_rate=0.58, estimator__max_depth=12, estimator__num_leaves=2, estimator__subsample=0.2; total time=   0.1s
[CV] END estimator__learning_rate=0.58, estimator__max_depth=12, estimator__num_leaves=4, estimator__subsample=0.1; total time=   0.2s
[CV] END estimator__learning_rate=0.58, estimator__max_depth=12, estimator__num_leaves=6, estimator__subsample=0.001; total time=   0.4s
[CV] END estimator__learning_rate=0.58, estimator__max_depth=12, estimator__num_leaves=8, estimator__subsample=0.01; total time=   0.6s
[CV] END estimator__learning_rate=0.58, estimator__max_depth=12, estimator__num_leaves=10, estimator__subsample=0.2; total time=   0.8s
[CV] END estimator__learning_rate=0.58, estimator__max_depth=13, estimator__num_leaves=2, estimator__subsample=0.2; total time=   0.1s
[CV] END estimator__learning_rate=0.58, estimator__max_depth=13, estimator__num_leaves=4, estimator__subsample=0.1; total time=   0.2s
[CV] END estimator__learning_rate=0.58, estimator__max_depth=13, estimator__num_leaves=6, estimator__subsample=0.001; total time=   0.4s
[CV] END estimator__learning_rate=0.58, estimator__max_depth=13, estimator__num_leaves=8, estimator__subsample=0.01; total time=   0.6s
[CV] END estimator__learning_rate=0.58, estimator__max_depth=13, estimator__num_leaves=10, estimator__subsample=0.2; total time=   0.8s
[CV] END estimator__learning_rate=0.58, estimator__max_depth=14, estimator__num_leaves=2, estimator__subsample=0.2; total time=   0.1s
[CV] END estimator__learning_rate=0.58, estimator__max_depth=14, estimator__num_leaves=4, estimator__subsample=0.1; total time=   0.2s
[CV] END estimator__learning_rate=0.58, estimator__max_depth=14, estimator__num_leaves=6, estimator__subsample=0.001; total time=   0.4s
[CV] END estimator__learning_rate=0.58, estimator__max_depth=14, estimator__num_leaves=8, estimator__subsample=0.01; total time=   0.6s
[CV] END estimator__learning_rate=0.58, estimator__max_depth=14, estimator__num_leaves=10, estimator__subsample=0.2; total time=   0.8s
[CV] END estimator__learning_rate=0.77, estimator__max_depth=10, estimator__num_leaves=2, estimator__subsample=0.2; total time=   0.1s
[CV] END estimator__learning_rate=0.77, estimator__max_depth=10, estimator__num_leaves=4, estimator__subsample=0.1; total time=   0.2s
[CV] END estimator__learning_rate=0.77, estimator__max_depth=10, estimator__num_leaves=6, estimator__subsample=0.001; total time=   0.4s
[CV] END estimator__learning_rate=0.77, estimator__max_depth=10, estimator__num_leaves=8, estimator__subsample=0.01; total time=   0.6s
[CV] END estimator__learning_rate=0.77, estimator__max_depth=10, estimator__num_leaves=10, estimator__subsample=0.2; total time=   0.7s
[CV] END estimator__learning_rate=0.77, estimator__max_depth=11, estimator__num_leaves=2, estimator__subsample=0.1; total time=   0.1s
[CV] END estimator__learning_rate=0.77, estimator__max_depth=11, estimator__num_leaves=4, estimator__subsample=0.01; total time=   0.2s
[CV] END estimator__learning_rate=0.77, estimator__max_depth=11, estimator__num_leaves=4, estimator__subsample=0.2; total time=   0.3s
[CV] END estimator__learning_rate=0.77, estimator__max_depth=11, estimator__num_leaves=6, estimator__subsample=0.2; total time=   0.4s
[CV] END estimator__learning_rate=0.77, estimator__max_depth=11, estimator__num_leaves=10, estimator__subsample=0.01; total time=   0.7s
[CV] END estimator__learning_rate=0.77, estimator__max_depth=12, estimator__num_leaves=2, estimator__subsample=0.001; total time=   0.0s
[CV] END estimator__learning_rate=0.77, estimator__max_depth=12, estimator__num_leaves=2, estimator__subsample=0.01; total time=   0.1s
[CV] END estimator__learning_rate=0.77, estimator__max_depth=12, estimator__num_leaves=2, estimator__subsample=0.1; total time=   0.1s
[CV] END estimator__learning_rate=0.77, estimator__max_depth=12, estimator__num_leaves=4, estimator__subsample=0.001; total time=   0.2s
[CV] END estimator__learning_rate=0.77, estimator__max_depth=12, estimator__num_leaves=4, estimator__subsample=0.2; total time=   0.2s
[CV] END estimator__learning_rate=0.77, estimator__max_depth=12, estimator__num_leaves=6, estimator__subsample=0.1; total time=   0.4s
[CV] END estimator__learning_rate=0.77, estimator__max_depth=12, estimator__num_leaves=10, estimator__subsample=0.001; total time=   0.7s
[CV] END estimator__learning_rate=0.77, estimator__max_depth=12, estimator__num_leaves=31, estimator__subsample=0.1; total time=   1.5s
[CV] END estimator__learning_rate=0.77, estimator__max_depth=13, estimator__num_leaves=8, estimator__subsample=0.1; total time=   0.6s
[CV] END estimator__learning_rate=0.77, estimator__max_depth=13, estimator__num_leaves=31, estimator__subsample=0.001; total time=   1.5s
[CV] END estimator__learning_rate=0.77, estimator__max_depth=14, estimator__num_leaves=6, estimator__subsample=0.2; total time=   0.4s
[CV] END estimator__learning_rate=0.77, estimator__max_depth=14, estimator__num_leaves=10, estimator__subsample=0.01; total time=   0.7s
[CV] END estimator__learning_rate=0.77, estimator__max_depth=14, estimator__num_leaves=31, estimator__subsample=0.2; total time=   0.9s
[CV] END estimator__learning_rate=0.58, estimator__max_depth=13, estimator__num_leaves=6, estimator__subsample=0.1; total time=   0.4s
[CV] END estimator__learning_rate=0.58, estimator__max_depth=13, estimator__num_leaves=10, estimator__subsample=0.001; total time=   0.8s
[CV] END estimator__learning_rate=0.58, estimator__max_depth=13, estimator__num_leaves=31, estimator__subsample=0.2; total time=   1.5s
[CV] END estimator__learning_rate=0.58, estimator__max_depth=14, estimator__num_leaves=8, estimator__subsample=0.1; total time=   0.6s
[CV] END estimator__learning_rate=0.58, estimator__max_depth=14, estimator__num_leaves=31, estimator__subsample=0.001; total time=   1.5s
[CV] END estimator__learning_rate=0.77, estimator__max_depth=10, estimator__num_leaves=6, estimator__subsample=0.2; total time=   0.4s
[CV] END estimator__learning_rate=0.77, estimator__max_depth=10, estimator__num_leaves=10, estimator__subsample=0.01; total time=   0.7s
[CV] END estimator__learning_rate=0.77, estimator__max_depth=11, estimator__num_leaves=2, estimator__subsample=0.001; total time=   0.0s
[CV] END estimator__learning_rate=0.77, estimator__max_depth=11, estimator__num_leaves=2, estimator__subsample=0.001; total time=   0.1s
[CV] END estimator__learning_rate=0.77, estimator__max_depth=11, estimator__num_leaves=2, estimator__subsample=0.1; total time=   0.1s
[CV] END estimator__learning_rate=0.77, estimator__max_depth=11, estimator__num_leaves=4, estimator__subsample=0.01; total time=   0.2s
[CV] END estimator__learning_rate=0.77, estimator__max_depth=11, estimator__num_leaves=4, estimator__subsample=0.2; total time=   0.2s
[CV] END estimator__learning_rate=0.77, estimator__max_depth=11, estimator__num_leaves=6, estimator__subsample=0.1; total time=   0.4s
[CV] END estimator__learning_rate=0.77, estimator__max_depth=11, estimator__num_leaves=10, estimator__subsample=0.01; total time=   0.7s
[CV] END estimator__learning_rate=0.77, estimator__max_depth=11, estimator__num_leaves=31, estimator__subsample=0.2; total time=   1.5s
[CV] END estimator__learning_rate=0.77, estimator__max_depth=12, estimator__num_leaves=8, estimator__subsample=0.2; total time=   0.6s
[CV] END estimator__learning_rate=0.77, estimator__max_depth=12, estimator__num_leaves=31, estimator__subsample=0.01; total time=   1.5s
[CV] END estimator__learning_rate=0.77, estimator__max_depth=13, estimator__num_leaves=6, estimator__subsample=0.2; total time=   0.5s
[CV] END estimator__learning_rate=0.77, estimator__max_depth=13, estimator__num_leaves=10, estimator__subsample=0.1; total time=   0.7s
[CV] END estimator__learning_rate=0.77, estimator__max_depth=14, estimator__num_leaves=2, estimator__subsample=0.001; total time=   0.1s
[CV] END estimator__learning_rate=0.77, estimator__max_depth=14, estimator__num_leaves=2, estimator__subsample=0.1; total time=   0.1s
[CV] END estimator__learning_rate=0.77, estimator__max_depth=14, estimator__num_leaves=4, estimator__subsample=0.01; total time=   0.2s
[CV] END estimator__learning_rate=0.77, estimator__max_depth=14, estimator__num_leaves=4, estimator__subsample=0.2; total time=   0.2s
[CV] END estimator__learning_rate=0.77, estimator__max_depth=14, estimator__num_leaves=6, estimator__subsample=0.1; total time=   0.4s
[CV] END estimator__learning_rate=0.77, estimator__max_depth=14, estimator__num_leaves=10, estimator__subsample=0.001; total time=   0.7s
[CV] END estimator__learning_rate=0.77, estimator__max_depth=14, estimator__num_leaves=31, estimator__subsample=0.2; total time=   1.0s
[CV] END estimator__learning_rate=0.58, estimator__max_depth=11, estimator__num_leaves=2, estimator__subsample=0.1; total time=   0.1s
[CV] END estimator__learning_rate=0.58, estimator__max_depth=11, estimator__num_leaves=4, estimator__subsample=0.01; total time=   0.2s
[CV] END estimator__learning_rate=0.58, estimator__max_depth=11, estimator__num_leaves=4, estimator__subsample=0.2; total time=   0.2s
[CV] END estimator__learning_rate=0.58, estimator__max_depth=11, estimator__num_leaves=6, estimator__subsample=0.1; total time=   0.4s
[CV] END estimator__learning_rate=0.58, estimator__max_depth=11, estimator__num_leaves=10, estimator__subsample=0.001; total time=   0.8s
[CV] END estimator__learning_rate=0.58, estimator__max_depth=11, estimator__num_leaves=31, estimator__subsample=0.2; total time=   1.5s
[CV] END estimator__learning_rate=0.58, estimator__max_depth=12, estimator__num_leaves=8, estimator__subsample=0.01; total time=   0.6s
[CV] END estimator__learning_rate=0.58, estimator__max_depth=12, estimator__num_leaves=31, estimator__subsample=0.001; total time=   1.5s
[CV] END estimator__learning_rate=0.58, estimator__max_depth=13, estimator__num_leaves=6, estimator__subsample=0.1; total time=   0.4s
[CV] END estimator__learning_rate=0.58, estimator__max_depth=13, estimator__num_leaves=10, estimator__subsample=0.01; total time=   0.7s
[CV] END estimator__learning_rate=0.58, estimator__max_depth=13, estimator__num_leaves=31, estimator__subsample=0.2; total time=   1.5s
[CV] END estimator__learning_rate=0.58, estimator__max_depth=14, estimator__num_leaves=8, estimator__subsample=0.1; total time=   0.6s
[CV] END estimator__learning_rate=0.58, estimator__max_depth=14, estimator__num_leaves=31, estimator__subsample=0.01; total time=   1.5s
[CV] END estimator__learning_rate=0.77, estimator__max_depth=10, estimator__num_leaves=6, estimator__subsample=0.2; total time=   0.4s
[CV] END estimator__learning_rate=0.77, estimator__max_depth=10, estimator__num_leaves=10, estimator__subsample=0.1; total time=   0.9s
[CV] END estimator__learning_rate=0.77, estimator__max_depth=11, estimator__num_leaves=2, estimator__subsample=0.01; total time=   0.1s
[CV] END estimator__learning_rate=0.77, estimator__max_depth=11, estimator__num_leaves=2, estimator__subsample=0.2; total time=   0.1s
[CV] END estimator__learning_rate=0.77, estimator__max_depth=11, estimator__num_leaves=4, estimator__subsample=0.01; total time=   0.2s
[CV] END estimator__learning_rate=0.77, estimator__max_depth=11, estimator__num_leaves=6, estimator__subsample=0.001; total time=   0.4s
[CV] END estimator__learning_rate=0.77, estimator__max_depth=11, estimator__num_leaves=8, estimator__subsample=0.01; total time=   0.6s
[CV] END estimator__learning_rate=0.77, estimator__max_depth=11, estimator__num_leaves=10, estimator__subsample=0.2; total time=   0.8s
[CV] END estimator__learning_rate=0.77, estimator__max_depth=12, estimator__num_leaves=2, estimator__subsample=0.2; total time=   0.1s
[CV] END estimator__learning_rate=0.77, estimator__max_depth=12, estimator__num_leaves=4, estimator__subsample=0.1; total time=   0.2s
[CV] END estimator__learning_rate=0.77, estimator__max_depth=12, estimator__num_leaves=6, estimator__subsample=0.001; total time=   0.4s
[CV] END estimator__learning_rate=0.77, estimator__max_depth=12, estimator__num_leaves=8, estimator__subsample=0.001; total time=   0.6s
[CV] END estimator__learning_rate=0.77, estimator__max_depth=12, estimator__num_leaves=10, estimator__subsample=0.2; total time=   0.8s
[CV] END estimator__learning_rate=0.77, estimator__max_depth=13, estimator__num_leaves=2, estimator__subsample=0.1; total time=   0.1s
[CV] END estimator__learning_rate=0.77, estimator__max_depth=13, estimator__num_leaves=4, estimator__subsample=0.01; total time=   0.2s
[CV] END estimator__learning_rate=0.77, estimator__max_depth=13, estimator__num_leaves=4, estimator__subsample=0.2; total time=   0.3s
[CV] END estimator__learning_rate=0.77, estimator__max_depth=13, estimator__num_leaves=6, estimator__subsample=0.2; total time=   0.4s
[CV] END estimator__learning_rate=0.77, estimator__max_depth=13, estimator__num_leaves=10, estimator__subsample=0.1; total time=   0.7s
[CV] END estimator__learning_rate=0.77, estimator__max_depth=14, estimator__num_leaves=2, estimator__subsample=0.001; total time=   0.0s
[CV] END estimator__learning_rate=0.77, estimator__max_depth=14, estimator__num_leaves=2, estimator__subsample=0.01; total time=   0.1s
[CV] END estimator__learning_rate=0.77, estimator__max_depth=14, estimator__num_leaves=2, estimator__subsample=0.1; total time=   0.1s
[CV] END estimator__learning_rate=0.77, estimator__max_depth=14, estimator__num_leaves=4, estimator__subsample=0.01; total time=   0.2s
[CV] END estimator__learning_rate=0.77, estimator__max_depth=14, estimator__num_leaves=4, estimator__subsample=0.2; total time=   0.2s
[CV] END estimator__learning_rate=0.77, estimator__max_depth=14, estimator__num_leaves=6, estimator__subsample=0.1; total time=   0.4s
[CV] END estimator__learning_rate=0.77, estimator__max_depth=14, estimator__num_leaves=10, estimator__subsample=0.001; total time=   0.7s
[CV] END estimator__learning_rate=0.77, estimator__max_depth=14, estimator__num_leaves=31, estimator__subsample=0.1; total time=   1.0s
[CV] END estimator__learning_rate=0.58, estimator__max_depth=12, estimator__num_leaves=4, estimator__subsample=0.2; total time=   0.2s
[CV] END estimator__learning_rate=0.58, estimator__max_depth=12, estimator__num_leaves=6, estimator__subsample=0.01; total time=   0.4s
[CV] END estimator__learning_rate=0.58, estimator__max_depth=12, estimator__num_leaves=10, estimator__subsample=0.001; total time=   0.7s
[CV] END estimator__learning_rate=0.58, estimator__max_depth=12, estimator__num_leaves=31, estimator__subsample=0.1; total time=   1.5s
[CV] END estimator__learning_rate=0.58, estimator__max_depth=13, estimator__num_leaves=8, estimator__subsample=0.1; total time=   0.6s
[CV] END estimator__learning_rate=0.58, estimator__max_depth=13, estimator__num_leaves=31, estimator__subsample=0.001; total time=   1.5s
[CV] END estimator__learning_rate=0.58, estimator__max_depth=14, estimator__num_leaves=6, estimator__subsample=0.2; total time=   0.4s
[CV] END estimator__learning_rate=0.58, estimator__max_depth=14, estimator__num_leaves=10, estimator__subsample=0.01; total time=   0.8s
[CV] END estimator__learning_rate=0.58, estimator__max_depth=14, estimator__num_leaves=31, estimator__subsample=0.2; total time=   1.5s
[CV] END estimator__learning_rate=0.77, estimator__max_depth=10, estimator__num_leaves=8, estimator__subsample=0.2; total time=   0.6s
[CV] END estimator__learning_rate=0.77, estimator__max_depth=10, estimator__num_leaves=31, estimator__subsample=0.001; total time=   1.4s
[CV] END estimator__learning_rate=0.77, estimator__max_depth=11, estimator__num_leaves=6, estimator__subsample=0.1; total time=   0.4s
[CV] END estimator__learning_rate=0.77, estimator__max_depth=11, estimator__num_leaves=10, estimator__subsample=0.01; total time=   0.7s
[CV] END estimator__learning_rate=0.77, estimator__max_depth=11, estimator__num_leaves=31, estimator__subsample=0.2; total time=   1.5s
[CV] END estimator__learning_rate=0.77, estimator__max_depth=12, estimator__num_leaves=8, estimator__subsample=0.1; total time=   0.6s
[CV] END estimator__learning_rate=0.77, estimator__max_depth=12, estimator__num_leaves=31, estimator__subsample=0.01; total time=   1.5s
[CV] END estimator__learning_rate=0.77, estimator__max_depth=13, estimator__num_leaves=6, estimator__subsample=0.2; total time=   0.4s
[CV] END estimator__learning_rate=0.77, estimator__max_depth=13, estimator__num_leaves=10, estimator__subsample=0.01; total time=   0.7s
[CV] END estimator__learning_rate=0.77, estimator__max_depth=14, estimator__num_leaves=2, estimator__subsample=0.001; total time=   0.0s
[CV] END estimator__learning_rate=0.77, estimator__max_depth=14, estimator__num_leaves=2, estimator__subsample=0.001; total time=   0.1s
[CV] END estimator__learning_rate=0.77, estimator__max_depth=14, estimator__num_leaves=2, estimator__subsample=0.1; total time=   0.1s
[CV] END estimator__learning_rate=0.77, estimator__max_depth=14, estimator__num_leaves=4, estimator__subsample=0.001; total time=   0.2s
[CV] END estimator__learning_rate=0.77, estimator__max_depth=14, estimator__num_leaves=4, estimator__subsample=0.1; total time=   0.2s
[CV] END estimator__learning_rate=0.77, estimator__max_depth=14, estimator__num_leaves=6, estimator__subsample=0.01; total time=   0.4s
[CV] END estimator__learning_rate=0.77, estimator__max_depth=14, estimator__num_leaves=10, estimator__subsample=0.001; total time=   0.7s
[CV] END estimator__learning_rate=0.77, estimator__max_depth=14, estimator__num_leaves=31, estimator__subsample=0.1; total time=   1.0s
[CV] END estimator__learning_rate=0.39, estimator__max_depth=14, estimator__num_leaves=6, estimator__subsample=0.1; total time=   0.4s
[CV] END estimator__learning_rate=0.39, estimator__max_depth=14, estimator__num_leaves=10, estimator__subsample=0.01; total time=   0.8s
[CV] END estimator__learning_rate=0.39, estimator__max_depth=14, estimator__num_leaves=31, estimator__subsample=0.2; total time=   1.5s
[CV] END estimator__learning_rate=0.58, estimator__max_depth=10, estimator__num_leaves=8, estimator__subsample=0.1; total time=   0.6s
[CV] END estimator__learning_rate=0.58, estimator__max_depth=10, estimator__num_leaves=31, estimator__subsample=0.01; total time=   1.5s
[CV] END estimator__learning_rate=0.58, estimator__max_depth=11, estimator__num_leaves=8, estimator__subsample=0.001; total time=   0.6s
[CV] END estimator__learning_rate=0.58, estimator__max_depth=11, estimator__num_leaves=10, estimator__subsample=0.1; total time=   0.8s
[CV] END estimator__learning_rate=0.58, estimator__max_depth=12, estimator__num_leaves=2, estimator__subsample=0.01; total time=   0.1s
[CV] END estimator__learning_rate=0.58, estimator__max_depth=12, estimator__num_leaves=4, estimator__subsample=0.001; total time=   0.2s
[CV] END estimator__learning_rate=0.58, estimator__max_depth=12, estimator__num_leaves=4, estimator__subsample=0.1; total time=   0.2s
[CV] END estimator__learning_rate=0.58, estimator__max_depth=12, estimator__num_leaves=6, estimator__subsample=0.001; total time=   0.4s
[CV] END estimator__learning_rate=0.58, estimator__max_depth=12, estimator__num_leaves=8, estimator__subsample=0.2; total time=   0.6s
[CV] END estimator__learning_rate=0.58, estimator__max_depth=12, estimator__num_leaves=31, estimator__subsample=0.01; total time=   1.5s
[CV] END estimator__learning_rate=0.58, estimator__max_depth=13, estimator__num_leaves=8, estimator__subsample=0.001; total time=   0.6s
[CV] END estimator__learning_rate=0.58, estimator__max_depth=13, estimator__num_leaves=10, estimator__subsample=0.1; total time=   0.8s
[CV] END estimator__learning_rate=0.58, estimator__max_depth=14, estimator__num_leaves=2, estimator__subsample=0.01; total time=   0.1s
[CV] END estimator__learning_rate=0.58, estimator__max_depth=14, estimator__num_leaves=4, estimator__subsample=0.001; total time=   0.2s
[CV] END estimator__learning_rate=0.58, estimator__max_depth=14, estimator__num_leaves=4, estimator__subsample=0.1; total time=   0.2s
[CV] END estimator__learning_rate=0.58, estimator__max_depth=14, estimator__num_leaves=6, estimator__subsample=0.01; total time=   0.4s
[CV] END estimator__learning_rate=0.58, estimator__max_depth=14, estimator__num_leaves=8, estimator__subsample=0.2; total time=   0.6s
[CV] END estimator__learning_rate=0.58, estimator__max_depth=14, estimator__num_leaves=31, estimator__subsample=0.01; total time=   1.5s
[CV] END estimator__learning_rate=0.77, estimator__max_depth=10, estimator__num_leaves=8, estimator__subsample=0.001; total time=   0.6s
[CV] END estimator__learning_rate=0.77, estimator__max_depth=10, estimator__num_leaves=10, estimator__subsample=0.1; total time=   0.7s
[CV] END estimator__learning_rate=0.77, estimator__max_depth=11, estimator__num_leaves=2, estimator__subsample=0.01; total time=   0.1s
[CV] END estimator__learning_rate=0.77, estimator__max_depth=11, estimator__num_leaves=2, estimator__subsample=0.2; total time=   0.1s
[CV] END estimator__learning_rate=0.77, estimator__max_depth=11, estimator__num_leaves=4, estimator__subsample=0.1; total time=   0.2s
[CV] END estimator__learning_rate=0.77, estimator__max_depth=11, estimator__num_leaves=6, estimator__subsample=0.001; total time=   0.4s
[CV] END estimator__learning_rate=0.77, estimator__max_depth=11, estimator__num_leaves=8, estimator__subsample=0.01; total time=   0.6s
[CV] END estimator__learning_rate=0.77, estimator__max_depth=11, estimator__num_leaves=10, estimator__subsample=0.2; total time=   0.8s
[CV] END estimator__learning_rate=0.77, estimator__max_depth=12, estimator__num_leaves=2, estimator__subsample=0.2; total time=   0.1s
[CV] END estimator__learning_rate=0.77, estimator__max_depth=12, estimator__num_leaves=4, estimator__subsample=0.1; total time=   0.2s
[CV] END estimator__learning_rate=0.77, estimator__max_depth=12, estimator__num_leaves=6, estimator__subsample=0.001; total time=   0.4s
[CV] END estimator__learning_rate=0.77, estimator__max_depth=12, estimator__num_leaves=8, estimator__subsample=0.01; total time=   0.6s
[CV] END estimator__learning_rate=0.77, estimator__max_depth=12, estimator__num_leaves=10, estimator__subsample=0.2; total time=   0.8s
[CV] END estimator__learning_rate=0.77, estimator__max_depth=13, estimator__num_leaves=2, estimator__subsample=0.2; total time=   0.1s
[CV] END estimator__learning_rate=0.77, estimator__max_depth=13, estimator__num_leaves=4, estimator__subsample=0.01; total time=   0.2s
[CV] END estimator__learning_rate=0.77, estimator__max_depth=13, estimator__num_leaves=6, estimator__subsample=0.001; total time=   0.4s
[CV] END estimator__learning_rate=0.77, estimator__max_depth=13, estimator__num_leaves=8, estimator__subsample=0.01; total time=   0.6s
[CV] END estimator__learning_rate=0.77, estimator__max_depth=13, estimator__num_leaves=10, estimator__subsample=0.2; total time=   0.8s
[CV] END estimator__learning_rate=0.77, estimator__max_depth=14, estimator__num_leaves=2, estimator__subsample=0.2; total time=   0.1s
[CV] END estimator__learning_rate=0.77, estimator__max_depth=14, estimator__num_leaves=4, estimator__subsample=0.01; total time=   0.2s
[CV] END estimator__learning_rate=0.77, estimator__max_depth=14, estimator__num_leaves=4, estimator__subsample=0.2; total time=   0.2s
[CV] END estimator__learning_rate=0.77, estimator__max_depth=14, estimator__num_leaves=6, estimator__subsample=0.1; total time=   0.4s
[CV] END estimator__learning_rate=0.77, estimator__max_depth=14, estimator__num_leaves=10, estimator__subsample=0.01; total time=   0.7s
[CV] END estimator__learning_rate=0.77, estimator__max_depth=14, estimator__num_leaves=31, estimator__subsample=0.2; total time=   0.9s
[CV] END estimator__learning_rate=0.58, estimator__max_depth=13, estimator__num_leaves=2, estimator__subsample=0.01; total time=   0.1s
[CV] END estimator__learning_rate=0.58, estimator__max_depth=13, estimator__num_leaves=2, estimator__subsample=0.1; total time=   0.1s
[CV] END estimator__learning_rate=0.58, estimator__max_depth=13, estimator__num_leaves=4, estimator__subsample=0.01; total time=   0.2s
[CV] END estimator__learning_rate=0.58, estimator__max_depth=13, estimator__num_leaves=4, estimator__subsample=0.2; total time=   0.2s
[CV] END estimator__learning_rate=0.58, estimator__max_depth=13, estimator__num_leaves=6, estimator__subsample=0.01; total time=   0.4s
[CV] END estimator__learning_rate=0.58, estimator__max_depth=13, estimator__num_leaves=10, estimator__subsample=0.001; total time=   0.7s
[CV] END estimator__learning_rate=0.58, estimator__max_depth=13, estimator__num_leaves=31, estimator__subsample=0.1; total time=   1.5s
[CV] END estimator__learning_rate=0.58, estimator__max_depth=14, estimator__num_leaves=8, estimator__subsample=0.01; total time=   0.6s
[CV] END estimator__learning_rate=0.58, estimator__max_depth=14, estimator__num_leaves=31, estimator__subsample=0.001; total time=   1.5s
[CV] END estimator__learning_rate=0.77, estimator__max_depth=10, estimator__num_leaves=6, estimator__subsample=0.1; total time=   0.4s
[CV] END estimator__learning_rate=0.77, estimator__max_depth=10, estimator__num_leaves=10, estimator__subsample=0.01; total time=   0.7s
[CV] END estimator__learning_rate=0.77, estimator__max_depth=10, estimator__num_leaves=31, estimator__subsample=0.2; total time=   1.5s
[CV] END estimator__learning_rate=0.77, estimator__max_depth=11, estimator__num_leaves=8, estimator__subsample=0.1; total time=   0.6s
[CV] END estimator__learning_rate=0.77, estimator__max_depth=11, estimator__num_leaves=31, estimator__subsample=0.01; total time=   1.7s
[CV] END estimator__learning_rate=0.77, estimator__max_depth=12, estimator__num_leaves=8, estimator__subsample=0.01; total time=   0.6s
[CV] END estimator__learning_rate=0.77, estimator__max_depth=12, estimator__num_leaves=10, estimator__subsample=0.2; total time=   0.8s
[CV] END estimator__learning_rate=0.77, estimator__max_depth=13, estimator__num_leaves=4, estimator__subsample=0.001; total time=   0.2s
[CV] END estimator__learning_rate=0.77, estimator__max_depth=13, estimator__num_leaves=4, estimator__subsample=0.1; total time=   0.2s
[CV] END estimator__learning_rate=0.77, estimator__max_depth=13, estimator__num_leaves=6, estimator__subsample=0.01; total time=   0.5s
[CV] END estimator__learning_rate=0.77, estimator__max_depth=13, estimator__num_leaves=10, estimator__subsample=0.01; total time=   0.7s
[CV] END estimator__learning_rate=0.77, estimator__max_depth=14, estimator__num_leaves=2, estimator__subsample=0.001; total time=   0.0s
[CV] END estimator__learning_rate=0.77, estimator__max_depth=14, estimator__num_leaves=2, estimator__subsample=0.01; total time=   0.1s
[CV] END estimator__learning_rate=0.77, estimator__max_depth=14, estimator__num_leaves=2, estimator__subsample=0.2; total time=   0.1s
[CV] END estimator__learning_rate=0.77, estimator__max_depth=14, estimator__num_leaves=4, estimator__subsample=0.01; total time=   0.2s
[CV] END estimator__learning_rate=0.77, estimator__max_depth=14, estimator__num_leaves=4, estimator__subsample=0.2; total time=   0.2s
[CV] END estimator__learning_rate=0.77, estimator__max_depth=14, estimator__num_leaves=6, estimator__subsample=0.1; total time=   0.4s
[CV] END estimator__learning_rate=0.77, estimator__max_depth=14, estimator__num_leaves=10, estimator__subsample=0.001; total time=   0.7s
[CV] END estimator__learning_rate=0.77, estimator__max_depth=14, estimator__num_leaves=31, estimator__subsample=0.2; total time=   1.0s
[CV] END estimator__learning_rate=0.58, estimator__max_depth=11, estimator__num_leaves=8, estimator__subsample=0.1; total time=   0.6s
[CV] END estimator__learning_rate=0.58, estimator__max_depth=11, estimator__num_leaves=31, estimator__subsample=0.001; total time=   1.5s
[CV] END estimator__learning_rate=0.58, estimator__max_depth=12, estimator__num_leaves=6, estimator__subsample=0.2; total time=   0.4s
[CV] END estimator__learning_rate=0.58, estimator__max_depth=12, estimator__num_leaves=10, estimator__subsample=0.01; total time=   0.7s
[CV] END estimator__learning_rate=0.58, estimator__max_depth=13, estimator__num_leaves=2, estimator__subsample=0.001; total time=   0.0s
[CV] END estimator__learning_rate=0.58, estimator__max_depth=13, estimator__num_leaves=2, estimator__subsample=0.001; total time=   0.1s
[CV] END estimator__learning_rate=0.58, estimator__max_depth=13, estimator__num_leaves=2, estimator__subsample=0.1; total time=   0.1s
[CV] END estimator__learning_rate=0.58, estimator__max_depth=13, estimator__num_leaves=4, estimator__subsample=0.001; total time=   0.2s
[CV] END estimator__learning_rate=0.58, estimator__max_depth=13, estimator__num_leaves=4, estimator__subsample=0.2; total time=   0.2s
[CV] END estimator__learning_rate=0.58, estimator__max_depth=13, estimator__num_leaves=6, estimator__subsample=0.01; total time=   0.4s
[CV] END estimator__learning_rate=0.58, estimator__max_depth=13, estimator__num_leaves=10, estimator__subsample=0.001; total time=   0.7s
[CV] END estimator__learning_rate=0.58, estimator__max_depth=13, estimator__num_leaves=31, estimator__subsample=0.1; total time=   1.5s
[CV] END estimator__learning_rate=0.58, estimator__max_depth=14, estimator__num_leaves=8, estimator__subsample=0.1; total time=   0.6s
[CV] END estimator__learning_rate=0.58, estimator__max_depth=14, estimator__num_leaves=31, estimator__subsample=0.001; total time=   1.5s
[CV] END estimator__learning_rate=0.77, estimator__max_depth=10, estimator__num_leaves=6, estimator__subsample=0.1; total time=   0.4s
[CV] END estimator__learning_rate=0.77, estimator__max_depth=10, estimator__num_leaves=10, estimator__subsample=0.001; total time=   0.7s
[CV] END estimator__learning_rate=0.77, estimator__max_depth=10, estimator__num_leaves=31, estimator__subsample=0.2; total time=   1.4s
[CV] END estimator__learning_rate=0.77, estimator__max_depth=11, estimator__num_leaves=8, estimator__subsample=0.1; total time=   0.6s
[CV] END estimator__learning_rate=0.77, estimator__max_depth=11, estimator__num_leaves=31, estimator__subsample=0.001; total time=   1.4s
[CV] END estimator__learning_rate=0.77, estimator__max_depth=12, estimator__num_leaves=6, estimator__subsample=0.01; total time=   0.4s
[CV] END estimator__learning_rate=0.77, estimator__max_depth=12, estimator__num_leaves=10, estimator__subsample=0.001; total time=   0.7s
[CV] END estimator__learning_rate=0.77, estimator__max_depth=12, estimator__num_leaves=31, estimator__subsample=0.1; total time=   1.5s
[CV] END estimator__learning_rate=0.77, estimator__max_depth=13, estimator__num_leaves=8, estimator__subsample=0.01; total time=   0.6s
[CV] END estimator__learning_rate=0.77, estimator__max_depth=13, estimator__num_leaves=31, estimator__subsample=0.001; total time=   1.5s
[CV] END estimator__learning_rate=0.77, estimator__max_depth=14, estimator__num_leaves=6, estimator__subsample=0.1; total time=   0.4s
[CV] END estimator__learning_rate=0.77, estimator__max_depth=14, estimator__num_leaves=10, estimator__subsample=0.01; total time=   0.7s
[CV] END estimator__learning_rate=0.77, estimator__max_depth=14, estimator__num_leaves=31, estimator__subsample=0.2; total time=   1.0s
