W0429 03:34:52.159000 12032 site-packages\torch\utils\flop_counter.py:29] triton not found; flop counting will not work for triton kernels
[INFO] Loading original-dataset exact config | R:\config\paper_reimplementation\rcim_ml_compensation\original_dataset_exact_model_bank\campaigns\track1\exact_paper\forward_maxi_last_non_green_cells\gbm\2026-04-29_track1_forward_gbm_ampl_h162_maxi_last_non_green_cells\012_track1_forward_gbm_ampl_h162_maxi_last_non_green_cells_attempt_12.yaml
[INFO] Building original-dataset exact bundle
[INFO] Original-dataset exact bundle ready | direction=forward rows=969 targets=1 families=1
[INFO] Family fit started | family=GBM estimator=GradientBoostingRegressor targets=1 threadpool_limit=1 joblib_cpu_limit=system_default os_cpu_count=32
[INFO] Family target scope | family=GBM kinds=ampl harmonics=162 preview=fft_y_Fw_filtered_ampl_162
[INFO] Grid search configured | family=GBM candidates=500 parameter_count=5 n_jobs=-1 verbose=2 pre_dispatch=2*n_jobs
W0429 03:35:35.832000 31672 site-packages\torch\utils\flop_counter.py:29] triton not found; flop counting will not work for triton kernels
W0429 03:35:35.888000 16576 site-packages\torch\utils\flop_counter.py:29] triton not found; flop counting will not work for triton kernels
W0429 03:35:35.918000 12372 site-packages\torch\utils\flop_counter.py:29] triton not found; flop counting will not work for triton kernels
W0429 03:35:35.948000 20072 site-packages\torch\utils\flop_counter.py:29] triton not found; flop counting will not work for triton kernels
W0429 03:35:36.019000 40608 site-packages\torch\utils\flop_counter.py:29] triton not found; flop counting will not work for triton kernels
W0429 03:35:36.111000 13340 site-packages\torch\utils\flop_counter.py:29] triton not found; flop counting will not work for triton kernels
W0429 03:35:36.246000 39828 site-packages\torch\utils\flop_counter.py:29] triton not found; flop counting will not work for triton kernels
W0429 03:35:36.283000 26768 site-packages\torch\utils\flop_counter.py:29] triton not found; flop counting will not work for triton kernels
W0429 03:35:36.387000 11496 site-packages\torch\utils\flop_counter.py:29] triton not found; flop counting will not work for triton kernels
W0429 03:35:36.424000 2408 site-packages\torch\utils\flop_counter.py:29] triton not found; flop counting will not work for triton kernels
W0429 03:35:36.432000 39708 site-packages\torch\utils\flop_counter.py:29] triton not found; flop counting will not work for triton kernels
W0429 03:35:36.522000 43812 site-packages\torch\utils\flop_counter.py:29] triton not found; flop counting will not work for triton kernels
W0429 03:35:36.669000 34376 site-packages\torch\utils\flop_counter.py:29] triton not found; flop counting will not work for triton kernels
W0429 03:35:36.682000 19272 site-packages\torch\utils\flop_counter.py:29] triton not found; flop counting will not work for triton kernels
W0429 03:35:36.877000 39052 site-packages\torch\utils\flop_counter.py:29] triton not found; flop counting will not work for triton kernels
W0429 03:35:36.898000 37100 site-packages\torch\utils\flop_counter.py:29] triton not found; flop counting will not work for triton kernels
W0429 03:35:36.923000 39764 site-packages\torch\utils\flop_counter.py:29] triton not found; flop counting will not work for triton kernels
W0429 03:35:36.955000 27124 site-packages\torch\utils\flop_counter.py:29] triton not found; flop counting will not work for triton kernels
W0429 03:35:37.081000 8412 site-packages\torch\utils\flop_counter.py:29] triton not found; flop counting will not work for triton kernels
W0429 03:35:37.094000 27192 site-packages\torch\utils\flop_counter.py:29] triton not found; flop counting will not work for triton kernels
W0429 03:35:37.104000 25992 site-packages\torch\utils\flop_counter.py:29] triton not found; flop counting will not work for triton kernels
W0429 03:35:37.128000 6800 site-packages\torch\utils\flop_counter.py:29] triton not found; flop counting will not work for triton kernels
W0429 03:35:37.132000 40856 site-packages\torch\utils\flop_counter.py:29] triton not found; flop counting will not work for triton kernels
W0429 03:35:37.135000 41420 site-packages\torch\utils\flop_counter.py:29] triton not found; flop counting will not work for triton kernels
W0429 03:35:37.135000 41936 site-packages\torch\utils\flop_counter.py:29] triton not found; flop counting will not work for triton kernels
W0429 03:35:37.137000 6288 site-packages\torch\utils\flop_counter.py:29] triton not found; flop counting will not work for triton kernels
W0429 03:35:37.139000 45112 site-packages\torch\utils\flop_counter.py:29] triton not found; flop counting will not work for triton kernels
W0429 03:35:37.141000 35588 site-packages\torch\utils\flop_counter.py:29] triton not found; flop counting will not work for triton kernels
W0429 03:35:37.141000 37600 site-packages\torch\utils\flop_counter.py:29] triton not found; flop counting will not work for triton kernels
W0429 03:35:37.147000 41692 site-packages\torch\utils\flop_counter.py:29] triton not found; flop counting will not work for triton kernels
W0429 03:35:37.151000 17840 site-packages\torch\utils\flop_counter.py:29] triton not found; flop counting will not work for triton kernels
W0429 03:35:37.151000 11804 site-packages\torch\utils\flop_counter.py:29] triton not found; flop counting will not work for triton kernels
[CV] END estimator__criterion=squared_error, estimator__learning_rate=0.001, estimator__max_depth=14, estimator__min_samples_split=10, estimator__n_estimators=36; total time=   0.0s
[CV] END estimator__criterion=squared_error, estimator__learning_rate=0.001, estimator__max_depth=14, estimator__min_samples_split=12, estimator__n_estimators=36; total time=   0.0s
[CV] END estimator__criterion=squared_error, estimator__learning_rate=0.001, estimator__max_depth=14, estimator__min_samples_split=12, estimator__n_estimators=36; total time=   0.0s
[CV] END estimator__criterion=squared_error, estimator__learning_rate=0.001, estimator__max_depth=14, estimator__min_samples_split=12, estimator__n_estimators=52; total time=   0.0s
[CV] END estimator__criterion=squared_error, estimator__learning_rate=0.001, estimator__max_depth=14, estimator__min_samples_split=12, estimator__n_estimators=52; total time=   0.0s
[CV] END estimator__criterion=squared_error, estimator__learning_rate=0.001, estimator__max_depth=14, estimator__min_samples_split=12, estimator__n_estimators=68; total time=   0.0s
[CV] END estimator__criterion=squared_error, estimator__learning_rate=0.001, estimator__max_depth=14, estimator__min_samples_split=12, estimator__n_estimators=84; total time=   0.0s
[CV] END estimator__criterion=squared_error, estimator__learning_rate=0.001, estimator__max_depth=14, estimator__min_samples_split=14, estimator__n_estimators=20; total time=   0.0s
[CV] END estimator__criterion=squared_error, estimator__learning_rate=0.001, estimator__max_depth=14, estimator__min_samples_split=14, estimator__n_estimators=36; total time=   0.0s
[CV] END estimator__criterion=squared_error, estimator__learning_rate=0.001, estimator__max_depth=14, estimator__min_samples_split=14, estimator__n_estimators=52; total time=   0.0s
[CV] END estimator__criterion=squared_error, estimator__learning_rate=0.001, estimator__max_depth=14, estimator__min_samples_split=14, estimator__n_estimators=68; total time=   0.0s
[CV] END estimator__criterion=squared_error, estimator__learning_rate=0.001, estimator__max_depth=14, estimator__min_samples_split=16, estimator__n_estimators=20; total time=   0.0s
[CV] END estimator__criterion=squared_error, estimator__learning_rate=0.001, estimator__max_depth=14, estimator__min_samples_split=16, estimator__n_estimators=20; total time=   0.0s
[CV] END estimator__criterion=squared_error, estimator__learning_rate=0.001, estimator__max_depth=14, estimator__min_samples_split=16, estimator__n_estimators=36; total time=   0.0s
[CV] END estimator__criterion=squared_error, estimator__learning_rate=0.001, estimator__max_depth=14, estimator__min_samples_split=16, estimator__n_estimators=68; total time=   0.0s
[CV] END estimator__criterion=squared_error, estimator__learning_rate=0.001, estimator__max_depth=14, estimator__min_samples_split=16, estimator__n_estimators=84; total time=   0.0s
[CV] END estimator__criterion=squared_error, estimator__learning_rate=0.001, estimator__max_depth=14, estimator__min_samples_split=18, estimator__n_estimators=52; total time=   0.0s
[CV] END estimator__criterion=squared_error, estimator__learning_rate=0.001, estimator__max_depth=15, estimator__min_samples_split=10, estimator__n_estimators=20; total time=   0.0s
[CV] END estimator__criterion=squared_error, estimator__learning_rate=0.001, estimator__max_depth=15, estimator__min_samples_split=10, estimator__n_estimators=36; total time=   0.0s
[CV] END estimator__criterion=squared_error, estimator__learning_rate=0.001, estimator__max_depth=15, estimator__min_samples_split=10, estimator__n_estimators=68; total time=   0.0s
[CV] END estimator__criterion=squared_error, estimator__learning_rate=0.001, estimator__max_depth=15, estimator__min_samples_split=12, estimator__n_estimators=36; total time=   0.0s
[CV] END estimator__criterion=squared_error, estimator__learning_rate=0.001, estimator__max_depth=15, estimator__min_samples_split=12, estimator__n_estimators=68; total time=   0.0s
[CV] END estimator__criterion=squared_error, estimator__learning_rate=0.001, estimator__max_depth=15, estimator__min_samples_split=14, estimator__n_estimators=36; total time=   0.0s
[CV] END estimator__criterion=squared_error, estimator__learning_rate=0.001, estimator__max_depth=15, estimator__min_samples_split=14, estimator__n_estimators=68; total time=   0.0s
[CV] END estimator__criterion=squared_error, estimator__learning_rate=0.001, estimator__max_depth=15, estimator__min_samples_split=16, estimator__n_estimators=52; total time=   0.0s
[CV] END estimator__criterion=squared_error, estimator__learning_rate=0.001, estimator__max_depth=15, estimator__min_samples_split=18, estimator__n_estimators=20; total time=   0.0s
[CV] END estimator__criterion=squared_error, estimator__learning_rate=0.001, estimator__max_depth=15, estimator__min_samples_split=18, estimator__n_estimators=20; total time=   0.0s
[CV] END estimator__criterion=squared_error, estimator__learning_rate=0.001, estimator__max_depth=16, estimator__min_samples_split=10, estimator__n_estimators=20; total time=   0.0s
[CV] END estimator__criterion=squared_error, estimator__learning_rate=0.001, estimator__max_depth=16, estimator__min_samples_split=10, estimator__n_estimators=20; total time=   0.0s
[CV] END estimator__criterion=squared_error, estimator__learning_rate=0.001, estimator__max_depth=16, estimator__min_samples_split=10, estimator__n_estimators=68; total time=   0.0s
[CV] END estimator__criterion=squared_error, estimator__learning_rate=0.001, estimator__max_depth=16, estimator__min_samples_split=10, estimator__n_estimators=68; total time=   0.0s
[CV] END estimator__criterion=squared_error, estimator__learning_rate=0.001, estimator__max_depth=16, estimator__min_samples_split=14, estimator__n_estimators=36; total time=   0.0s
[CV] END estimator__criterion=squared_error, estimator__learning_rate=0.001, estimator__max_depth=16, estimator__min_samples_split=14, estimator__n_estimators=36; total time=   0.0s
[CV] END estimator__criterion=squared_error, estimator__learning_rate=0.001, estimator__max_depth=16, estimator__min_samples_split=16, estimator__n_estimators=36; total time=   0.0s
[CV] END estimator__criterion=squared_error, estimator__learning_rate=0.001, estimator__max_depth=16, estimator__min_samples_split=16, estimator__n_estimators=36; total time=   0.0s
[CV] END estimator__criterion=squared_error, estimator__learning_rate=0.001, estimator__max_depth=17, estimator__min_samples_split=12, estimator__n_estimators=84; total time=   0.0s
[CV] END estimator__criterion=squared_error, estimator__learning_rate=0.001, estimator__max_depth=17, estimator__min_samples_split=14, estimator__n_estimators=20; total time=   0.0s
[CV] END estimator__criterion=squared_error, estimator__learning_rate=0.001, estimator__max_depth=17, estimator__min_samples_split=14, estimator__n_estimators=20; total time=   0.0s
[CV] END estimator__criterion=squared_error, estimator__learning_rate=0.001, estimator__max_depth=17, estimator__min_samples_split=14, estimator__n_estimators=20; total time=   0.0s
[CV] END estimator__criterion=squared_error, estimator__learning_rate=0.001, estimator__max_depth=18, estimator__min_samples_split=10, estimator__n_estimators=68; total time=   0.0s
[CV] END estimator__criterion=squared_error, estimator__learning_rate=0.001, estimator__max_depth=18, estimator__min_samples_split=10, estimator__n_estimators=68; total time=   0.0s
[CV] END estimator__criterion=squared_error, estimator__learning_rate=0.001, estimator__max_depth=18, estimator__min_samples_split=10, estimator__n_estimators=68; total time=   0.0s
[CV] END estimator__criterion=squared_error, estimator__learning_rate=0.001, estimator__max_depth=18, estimator__min_samples_split=10, estimator__n_estimators=68; total time=   0.0s
[CV] END estimator__criterion=squared_error, estimator__learning_rate=0.01, estimator__max_depth=14, estimator__min_samples_split=14, estimator__n_estimators=36; total time=   0.0s
[CV] END estimator__criterion=squared_error, estimator__learning_rate=0.01, estimator__max_depth=14, estimator__min_samples_split=14, estimator__n_estimators=52; total time=   0.0s[CV] END estimator__criterion=squared_error, estimator__learning_rate=0.001, estimator__max_depth=14, estimator__min_samples_split=10, estimator__n_estimators=52; total time=   0.0s
[CV] END estimator__criterion=squared_error, estimator__learning_rate=0.001, estimator__max_depth=14, estimator__min_samples_split=12, estimator__n_estimators=68; total time=   0.0s
[CV] END estimator__criterion=squared_error, estimator__learning_rate=0.001, estimator__max_depth=14, estimator__min_samples_split=12, estimator__n_estimators=84; total time=   0.0s
[CV] END estimator__criterion=squared_error, estimator__learning_rate=0.001, estimator__max_depth=14, estimator__min_samples_split=14, estimator__n_estimators=20; total time=   0.0s
[CV] END estimator__criterion=squared_error, estimator__learning_rate=0.001, estimator__max_depth=14, estimator__min_samples_split=14, estimator__n_estimators=20; total time=   0.0s
[CV] END estimator__criterion=squared_error, estimator__learning_rate=0.001, estimator__max_depth=14, estimator__min_samples_split=14, estimator__n_estimators=36; total time=   0.0s
[CV] END estimator__criterion=squared_error, estimator__learning_rate=0.001, estimator__max_depth=14, estimator__min_samples_split=14, estimator__n_estimators=52; total time=   0.0s
[CV] END estimator__criterion=squared_error, estimator__learning_rate=0.001, estimator__max_depth=14, estimator__min_samples_split=14, estimator__n_estimators=84; total time=   0.0s
[CV] END estimator__criterion=squared_error, estimator__learning_rate=0.001, estimator__max_depth=14, estimator__min_samples_split=16, estimator__n_estimators=20; total time=   0.0s
[CV] END estimator__criterion=squared_error, estimator__learning_rate=0.001, estimator__max_depth=14, estimator__min_samples_split=16, estimator__n_estimators=36; total time=   0.0s
[CV] END estimator__criterion=squared_error, estimator__learning_rate=0.001, estimator__max_depth=14, estimator__min_samples_split=16, estimator__n_estimators=52; total time=   0.0s
[CV] END estimator__criterion=squared_error, estimator__learning_rate=0.001, estimator__max_depth=14, estimator__min_samples_split=16, estimator__n_estimators=84; total time=   0.0s
[CV] END estimator__criterion=squared_error, estimator__learning_rate=0.001, estimator__max_depth=14, estimator__min_samples_split=18, estimator__n_estimators=52; total time=   0.0s
[CV] END estimator__criterion=squared_error, estimator__learning_rate=0.001, estimator__max_depth=14, estimator__min_samples_split=18, estimator__n_estimators=84; total time=   0.0s
[CV] END estimator__criterion=squared_error, estimator__learning_rate=0.001, estimator__max_depth=15, estimator__min_samples_split=10, estimator__n_estimators=68; total time=   0.0s
[CV] END estimator__criterion=squared_error, estimator__learning_rate=0.001, estimator__max_depth=15, estimator__min_samples_split=12, estimator__n_estimators=20; total time=   0.0s
[CV] END estimator__criterion=squared_error, estimator__learning_rate=0.001, estimator__max_depth=15, estimator__min_samples_split=12, estimator__n_estimators=36; total time=   0.0s
[CV] END estimator__criterion=squared_error, estimator__learning_rate=0.001, estimator__max_depth=15, estimator__min_samples_split=12, estimator__n_estimators=84; total time=   0.0s
[CV] END estimator__criterion=squared_error, estimator__learning_rate=0.001, estimator__max_depth=15, estimator__min_samples_split=14, estimator__n_estimators=68; total time=   0.0s
[CV] END estimator__criterion=squared_error, estimator__learning_rate=0.001, estimator__max_depth=15, estimator__min_samples_split=16, estimator__n_estimators=36; total time=   0.0s
[CV] END estimator__criterion=squared_error, estimator__learning_rate=0.001, estimator__max_depth=15, estimator__min_samples_split=16, estimator__n_estimators=84; total time=   0.0s
[CV] END estimator__criterion=squared_error, estimator__learning_rate=0.001, estimator__max_depth=16, estimator__min_samples_split=10, estimator__n_estimators=36; total time=   0.0s
[CV] END estimator__criterion=squared_error, estimator__learning_rate=0.001, estimator__max_depth=16, estimator__min_samples_split=10, estimator__n_estimators=36; total time=   0.0s
[CV] END estimator__criterion=squared_error, estimator__learning_rate=0.001, estimator__max_depth=16, estimator__min_samples_split=12, estimator__n_estimators=52; total time=   0.0s
[CV] END estimator__criterion=squared_error, estimator__learning_rate=0.001, estimator__max_depth=16, estimator__min_samples_split=12, estimator__n_estimators=52; total time=   0.0s
[CV] END estimator__criterion=squared_error, estimator__learning_rate=0.001, estimator__max_depth=16, estimator__min_samples_split=14, estimator__n_estimators=84; total time=   0.0s
[CV] END estimator__criterion=squared_error, estimator__learning_rate=0.001, estimator__max_depth=16, estimator__min_samples_split=14, estimator__n_estimators=84; total time=   0.0s
[CV] END estimator__criterion=squared_error, estimator__learning_rate=0.001, estimator__max_depth=17, estimator__min_samples_split=16, estimator__n_estimators=20; total time=   0.0s
[CV] END estimator__criterion=squared_error, estimator__learning_rate=0.001, estimator__max_depth=17, estimator__min_samples_split=16, estimator__n_estimators=20; total time=   0.0s
[CV] END estimator__criterion=squared_error, estimator__learning_rate=0.001, estimator__max_depth=17, estimator__min_samples_split=16, estimator__n_estimators=20; total time=   0.0s
[CV] END estimator__criterion=squared_error, estimator__learning_rate=0.001, estimator__max_depth=17, estimator__min_samples_split=16, estimator__n_estimators=36; total time=   0.0s
[CV] END estimator__criterion=squared_error, estimator__learning_rate=0.001, estimator__max_depth=18, estimator__min_samples_split=10, estimator__n_estimators=20; total time=   0.0s
[CV] END estimator__criterion=squared_error, estimator__learning_rate=0.001, estimator__max_depth=18, estimator__min_samples_split=10, estimator__n_estimators=20; total time=   0.0s
[CV] END estimator__criterion=squared_error, estimator__learning_rate=0.001, estimator__max_depth=18, estimator__min_samples_split=10, estimator__n_estimators=20; total time=   0.0s
[CV] END estimator__criterion=squared_error, estimator__learning_rate=0.001, estimator__max_depth=18, estimator__min_samples_split=10, estimator__n_estimators=20; total time=   0.0s
[CV] END estimator__criterion=squared_error, estimator__learning_rate=0.001, estimator__max_depth=18, estimator__min_samples_split=14, estimator__n_estimators=20; total time=   0.0s
[CV] END estimator__criterion=squared_error, estimator__learning_rate=0.001, estimator__max_depth=18, estimator__min_samples_split=14, estimator__n_estimators=20; total time=   0.0s
[CV] END estimator__criterion=squared_error, estimator__learning_rate=0.001, estimator__max_depth=18, estimator__min_samples_split=14, estimator__n_estimators=20; total time=   0.0s
[CV] END estimator__criterion=squared_error, estimator__learning_rate=0.001, estimator__max_depth=18, estimator__min_samples_split=14, estimator__n_estimators=36; total time=   0.0s
[CV] END estimator__criterion=squared_error, estimator__learning_rate=0.001, estimator__max_depth=18, estimator__min_samples_split=18, estimator__n_estimators=84; total time=   0.0s
[CV] END estimator__criterion=squared_error, estimator__learning_rate=0.001, estimator__max_depth=18, estimator__min_samples_split=18, estimator__n_estimators=84; total time=   0.0s
[CV] END estimator__criterion=squared_error, estimator__learning_rate=0.001, estimator__max_depth=18, estimator__min_samples_split=18, estimator__n_estimators=84; total time=   0.0s
[CV] END estimator__criterion=squared_error, estimator__learning_rate=0.001, estimator__max_depth=18, estimator__min_samples_split=18, estimator__n_estimators=84; total time=   0.0s
[CV] END estimator__criterion=squared_error, estimator__learning_rate=0.01, estimator__max_depth=15, estimator__min_samples_split=14, estimator__n_estimators=20; total time=   0.0s
[CV] END estimator__criterion=squared_error, estimator__learning_rate=0.01, estimator__max_depth=15, estimator__min_samples_split=14, estimator__n_estimators=20; total time=   0.0s[CV] END estimator__criterion=squared_error, estimator__learning_rate=0.001, estimator__max_depth=14, estimator__min_samples_split=10, estimator__n_estimators=20; total time=   0.0s
[CV] END estimator__criterion=squared_error, estimator__learning_rate=0.001, estimator__max_depth=14, estimator__min_samples_split=12, estimator__n_estimators=36; total time=   0.0s
[CV] END estimator__criterion=squared_error, estimator__learning_rate=0.001, estimator__max_depth=14, estimator__min_samples_split=12, estimator__n_estimators=52; total time=   0.0s
[CV] END estimator__criterion=squared_error, estimator__learning_rate=0.001, estimator__max_depth=14, estimator__min_samples_split=12, estimator__n_estimators=68; total time=   0.0s
[CV] END estimator__criterion=squared_error, estimator__learning_rate=0.001, estimator__max_depth=14, estimator__min_samples_split=12, estimator__n_estimators=68; total time=   0.0s
[CV] END estimator__criterion=squared_error, estimator__learning_rate=0.001, estimator__max_depth=14, estimator__min_samples_split=12, estimator__n_estimators=84; total time=   0.0s
[CV] END estimator__criterion=squared_error, estimator__learning_rate=0.001, estimator__max_depth=14, estimator__min_samples_split=14, estimator__n_estimators=36; total time=   0.0s
[CV] END estimator__criterion=squared_error, estimator__learning_rate=0.001, estimator__max_depth=14, estimator__min_samples_split=14, estimator__n_estimators=68; total time=   0.0s
[CV] END estimator__criterion=squared_error, estimator__learning_rate=0.001, estimator__max_depth=14, estimator__min_samples_split=14, estimator__n_estimators=84; total time=   0.0s
[CV] END estimator__criterion=squared_error, estimator__learning_rate=0.001, estimator__max_depth=14, estimator__min_samples_split=16, estimator__n_estimators=20; total time=   0.0s
[CV] END estimator__criterion=squared_error, estimator__learning_rate=0.001, estimator__max_depth=14, estimator__min_samples_split=16, estimator__n_estimators=36; total time=   0.0s
[CV] END estimator__criterion=squared_error, estimator__learning_rate=0.001, estimator__max_depth=14, estimator__min_samples_split=16, estimator__n_estimators=52; total time=   0.0s
[CV] END estimator__criterion=squared_error, estimator__learning_rate=0.001, estimator__max_depth=14, estimator__min_samples_split=16, estimator__n_estimators=84; total time=   0.0s
[CV] END estimator__criterion=squared_error, estimator__learning_rate=0.001, estimator__max_depth=14, estimator__min_samples_split=18, estimator__n_estimators=52; total time=   0.0s
[CV] END estimator__criterion=squared_error, estimator__learning_rate=0.001, estimator__max_depth=14, estimator__min_samples_split=18, estimator__n_estimators=84; total time=   0.0s
[CV] END estimator__criterion=squared_error, estimator__learning_rate=0.001, estimator__max_depth=15, estimator__min_samples_split=10, estimator__n_estimators=52; total time=   0.0s
[CV] END estimator__criterion=squared_error, estimator__learning_rate=0.001, estimator__max_depth=15, estimator__min_samples_split=12, estimator__n_estimators=20; total time=   0.0s
[CV] END estimator__criterion=squared_error, estimator__learning_rate=0.001, estimator__max_depth=15, estimator__min_samples_split=12, estimator__n_estimators=20; total time=   0.0s
[CV] END estimator__criterion=squared_error, estimator__learning_rate=0.001, estimator__max_depth=15, estimator__min_samples_split=12, estimator__n_estimators=52; total time=   0.0s
[CV] END estimator__criterion=squared_error, estimator__learning_rate=0.001, estimator__max_depth=15, estimator__min_samples_split=14, estimator__n_estimators=20; total time=   0.0s
[CV] END estimator__criterion=squared_error, estimator__learning_rate=0.001, estimator__max_depth=15, estimator__min_samples_split=14, estimator__n_estimators=36; total time=   0.0s
[CV] END estimator__criterion=squared_error, estimator__learning_rate=0.001, estimator__max_depth=15, estimator__min_samples_split=14, estimator__n_estimators=68; total time=   0.0s
[CV] END estimator__criterion=squared_error, estimator__learning_rate=0.001, estimator__max_depth=15, estimator__min_samples_split=16, estimator__n_estimators=36; total time=   0.0s
[CV] END estimator__criterion=squared_error, estimator__learning_rate=0.001, estimator__max_depth=15, estimator__min_samples_split=16, estimator__n_estimators=68; total time=   0.0s
[CV] END estimator__criterion=squared_error, estimator__learning_rate=0.001, estimator__max_depth=15, estimator__min_samples_split=18, estimator__n_estimators=68; total time=   0.0s
[CV] END estimator__criterion=squared_error, estimator__learning_rate=0.001, estimator__max_depth=15, estimator__min_samples_split=18, estimator__n_estimators=68; total time=   0.0s
[CV] END estimator__criterion=squared_error, estimator__learning_rate=0.001, estimator__max_depth=16, estimator__min_samples_split=12, estimator__n_estimators=52; total time=   0.0s
[CV] END estimator__criterion=squared_error, estimator__learning_rate=0.001, estimator__max_depth=16, estimator__min_samples_split=12, estimator__n_estimators=52; total time=   0.0s
[CV] END estimator__criterion=squared_error, estimator__learning_rate=0.001, estimator__max_depth=16, estimator__min_samples_split=16, estimator__n_estimators=20; total time=   0.0s
[CV] END estimator__criterion=squared_error, estimator__learning_rate=0.001, estimator__max_depth=16, estimator__min_samples_split=16, estimator__n_estimators=20; total time=   0.0s
[CV] END estimator__criterion=squared_error, estimator__learning_rate=0.001, estimator__max_depth=17, estimator__min_samples_split=10, estimator__n_estimators=52; total time=   0.0s
[CV] END estimator__criterion=squared_error, estimator__learning_rate=0.001, estimator__max_depth=17, estimator__min_samples_split=10, estimator__n_estimators=52; total time=   0.0s
[CV] END estimator__criterion=squared_error, estimator__learning_rate=0.001, estimator__max_depth=17, estimator__min_samples_split=10, estimator__n_estimators=68; total time=   0.0s
[CV] END estimator__criterion=squared_error, estimator__learning_rate=0.001, estimator__max_depth=17, estimator__min_samples_split=10, estimator__n_estimators=68; total time=   0.0s
[CV] END estimator__criterion=squared_error, estimator__learning_rate=0.001, estimator__max_depth=18, estimator__min_samples_split=12, estimator__n_estimators=84; total time=   0.0s
[CV] END estimator__criterion=squared_error, estimator__learning_rate=0.001, estimator__max_depth=18, estimator__min_samples_split=12, estimator__n_estimators=84; total time=   0.0s
[CV] END estimator__criterion=squared_error, estimator__learning_rate=0.001, estimator__max_depth=18, estimator__min_samples_split=14, estimator__n_estimators=20; total time=   0.0s
[CV] END estimator__criterion=squared_error, estimator__learning_rate=0.001, estimator__max_depth=18, estimator__min_samples_split=14, estimator__n_estimators=20; total time=   0.0s
[CV] END estimator__criterion=squared_error, estimator__learning_rate=0.01, estimator__max_depth=14, estimator__min_samples_split=14, estimator__n_estimators=36; total time=   0.0s
[CV] END estimator__criterion=squared_error, estimator__learning_rate=0.01, estimator__max_depth=14, estimator__min_samples_split=14, estimator__n_estimators=36; total time=   0.0s
[CV] END estimator__criterion=squared_error, estimator__learning_rate=0.01, estimator__max_depth=14, estimator__min_samples_split=14, estimator__n_estimators=36; total time=   0.0s
[CV] END estimator__criterion=squared_error, estimator__learning_rate=0.01, estimator__max_depth=14, estimator__min_samples_split=14, estimator__n_estimators=36; total time=   0.0s
[CV] END estimator__criterion=squared_error, estimator__learning_rate=0.01, estimator__max_depth=15, estimator__min_samples_split=12, estimator__n_estimators=52; total time=   0.0s
[CV] END estimator__criterion=squared_error, estimator__learning_rate=0.01, estimator__max_depth=15, estimator__min_samples_split=12, estimator__n_estimators=52; total time=   0.0s
[CV] END estimator__criterion=squared_error, estimator__learning_rate=0.01, estimator__max_depth=15, estimator__min_samples_split=12, estimator__n_estimators=68; total time=   0.0s[CV] END estimator__criterion=squared_error, estimator__learning_rate=0.001, estimator__max_depth=14, estimator__min_samples_split=10, estimator__n_estimators=20; total time=   0.0s
[CV] END estimator__criterion=squared_error, estimator__learning_rate=0.001, estimator__max_depth=14, estimator__min_samples_split=12, estimator__n_estimators=52; total time=   0.0s
[CV] END estimator__criterion=squared_error, estimator__learning_rate=0.001, estimator__max_depth=14, estimator__min_samples_split=12, estimator__n_estimators=52; total time=   0.0s
[CV] END estimator__criterion=squared_error, estimator__learning_rate=0.001, estimator__max_depth=14, estimator__min_samples_split=12, estimator__n_estimators=68; total time=   0.0s
[CV] END estimator__criterion=squared_error, estimator__learning_rate=0.001, estimator__max_depth=14, estimator__min_samples_split=12, estimator__n_estimators=84; total time=   0.0s
[CV] END estimator__criterion=squared_error, estimator__learning_rate=0.001, estimator__max_depth=14, estimator__min_samples_split=14, estimator__n_estimators=36; total time=   0.0s
[CV] END estimator__criterion=squared_error, estimator__learning_rate=0.001, estimator__max_depth=14, estimator__min_samples_split=14, estimator__n_estimators=52; total time=   0.0s
[CV] END estimator__criterion=squared_error, estimator__learning_rate=0.001, estimator__max_depth=14, estimator__min_samples_split=14, estimator__n_estimators=68; total time=   0.0s
[CV] END estimator__criterion=squared_error, estimator__learning_rate=0.001, estimator__max_depth=14, estimator__min_samples_split=14, estimator__n_estimators=84; total time=   0.0s
[CV] END estimator__criterion=squared_error, estimator__learning_rate=0.001, estimator__max_depth=14, estimator__min_samples_split=16, estimator__n_estimators=52; total time=   0.0s
[CV] END estimator__criterion=squared_error, estimator__learning_rate=0.001, estimator__max_depth=14, estimator__min_samples_split=16, estimator__n_estimators=68; total time=   0.0s
[CV] END estimator__criterion=squared_error, estimator__learning_rate=0.001, estimator__max_depth=14, estimator__min_samples_split=18, estimator__n_estimators=20; total time=   0.0s
[CV] END estimator__criterion=squared_error, estimator__learning_rate=0.001, estimator__max_depth=14, estimator__min_samples_split=18, estimator__n_estimators=52; total time=   0.0s
[CV] END estimator__criterion=squared_error, estimator__learning_rate=0.001, estimator__max_depth=14, estimator__min_samples_split=18, estimator__n_estimators=84; total time=   0.0s
[CV] END estimator__criterion=squared_error, estimator__learning_rate=0.001, estimator__max_depth=15, estimator__min_samples_split=10, estimator__n_estimators=52; total time=   0.0s
[CV] END estimator__criterion=squared_error, estimator__learning_rate=0.001, estimator__max_depth=15, estimator__min_samples_split=12, estimator__n_estimators=20; total time=   0.0s
[CV] END estimator__criterion=squared_error, estimator__learning_rate=0.001, estimator__max_depth=15, estimator__min_samples_split=12, estimator__n_estimators=36; total time=   0.0s
[CV] END estimator__criterion=squared_error, estimator__learning_rate=0.001, estimator__max_depth=15, estimator__min_samples_split=12, estimator__n_estimators=68; total time=   0.0s
[CV] END estimator__criterion=squared_error, estimator__learning_rate=0.001, estimator__max_depth=15, estimator__min_samples_split=14, estimator__n_estimators=20; total time=   0.0s
[CV] END estimator__criterion=squared_error, estimator__learning_rate=0.001, estimator__max_depth=15, estimator__min_samples_split=14, estimator__n_estimators=52; total time=   0.0s
[CV] END estimator__criterion=squared_error, estimator__learning_rate=0.001, estimator__max_depth=15, estimator__min_samples_split=16, estimator__n_estimators=20; total time=   0.0s
[CV] END estimator__criterion=squared_error, estimator__learning_rate=0.001, estimator__max_depth=15, estimator__min_samples_split=16, estimator__n_estimators=36; total time=   0.0s
[CV] END estimator__criterion=squared_error, estimator__learning_rate=0.001, estimator__max_depth=15, estimator__min_samples_split=16, estimator__n_estimators=68; total time=   0.0s
[CV] END estimator__criterion=squared_error, estimator__learning_rate=0.001, estimator__max_depth=15, estimator__min_samples_split=18, estimator__n_estimators=68; total time=   0.0s
[CV] END estimator__criterion=squared_error, estimator__learning_rate=0.001, estimator__max_depth=15, estimator__min_samples_split=18, estimator__n_estimators=84; total time=   0.0s
[CV] END estimator__criterion=squared_error, estimator__learning_rate=0.001, estimator__max_depth=16, estimator__min_samples_split=12, estimator__n_estimators=84; total time=   0.0s
[CV] END estimator__criterion=squared_error, estimator__learning_rate=0.001, estimator__max_depth=16, estimator__min_samples_split=12, estimator__n_estimators=84; total time=   0.0s
[CV] END estimator__criterion=squared_error, estimator__learning_rate=0.001, estimator__max_depth=16, estimator__min_samples_split=18, estimator__n_estimators=52; total time=   0.0s
[CV] END estimator__criterion=squared_error, estimator__learning_rate=0.001, estimator__max_depth=16, estimator__min_samples_split=18, estimator__n_estimators=68; total time=   0.0s
[CV] END estimator__criterion=squared_error, estimator__learning_rate=0.001, estimator__max_depth=16, estimator__min_samples_split=18, estimator__n_estimators=68; total time=   0.0s
[CV] END estimator__criterion=squared_error, estimator__learning_rate=0.001, estimator__max_depth=16, estimator__min_samples_split=18, estimator__n_estimators=68; total time=   0.0s
[CV] END estimator__criterion=squared_error, estimator__learning_rate=0.001, estimator__max_depth=18, estimator__min_samples_split=12, estimator__n_estimators=68; total time=   0.0s
[CV] END estimator__criterion=squared_error, estimator__learning_rate=0.001, estimator__max_depth=18, estimator__min_samples_split=12, estimator__n_estimators=84; total time=   0.0s
[CV] END estimator__criterion=squared_error, estimator__learning_rate=0.001, estimator__max_depth=18, estimator__min_samples_split=12, estimator__n_estimators=84; total time=   0.0s
[CV] END estimator__criterion=squared_error, estimator__learning_rate=0.001, estimator__max_depth=18, estimator__min_samples_split=12, estimator__n_estimators=84; total time=   0.0s
[CV] END estimator__criterion=squared_error, estimator__learning_rate=0.01, estimator__max_depth=15, estimator__min_samples_split=10, estimator__n_estimators=20; total time=   0.0s
[CV] END estimator__criterion=squared_error, estimator__learning_rate=0.01, estimator__max_depth=15, estimator__min_samples_split=10, estimator__n_estimators=20; total time=   0.0s
[CV] END estimator__criterion=squared_error, estimator__learning_rate=0.01, estimator__max_depth=15, estimator__min_samples_split=10, estimator__n_estimators=20; total time=   0.0s
[CV] END estimator__criterion=squared_error, estimator__learning_rate=0.01, estimator__max_depth=15, estimator__min_samples_split=10, estimator__n_estimators=36; total time=   0.0s
[CV] END estimator__criterion=squared_error, estimator__learning_rate=0.01, estimator__max_depth=16, estimator__min_samples_split=10, estimator__n_estimators=20; total time=   0.0s
[CV] END estimator__criterion=squared_error, estimator__learning_rate=0.01, estimator__max_depth=16, estimator__min_samples_split=10, estimator__n_estimators=20; total time=   0.0s
[CV] END estimator__criterion=squared_error, estimator__learning_rate=0.01, estimator__max_depth=16, estimator__min_samples_split=10, estimator__n_estimators=20; total time=   0.0s
[CV] END estimator__criterion=squared_error, estimator__learning_rate=0.01, estimator__max_depth=16, estimator__min_samples_split=10, estimator__n_estimators=20; total time=   0.0s
[CV] END estimator__criterion=squared_error, estimator__learning_rate=0.01, estimator__max_depth=16, estimator__min_samples_split=14, estimator__n_estimators=52; total time=   0.0s
[CV] END estimator__criterion=squared_error, estimator__learning_rate=0.01, estimator__max_depth=16, estimator__min_samples_split=14, estimator__n_estimators=52; total time=   0.0s[CV] END estimator__criterion=squared_error, estimator__learning_rate=0.001, estimator__max_depth=14, estimator__min_samples_split=10, estimator__n_estimators=36; total time=   0.0s
[CV] END estimator__criterion=squared_error, estimator__learning_rate=0.001, estimator__max_depth=14, estimator__min_samples_split=16, estimator__n_estimators=20; total time=   0.0s
[CV] END estimator__criterion=squared_error, estimator__learning_rate=0.001, estimator__max_depth=14, estimator__min_samples_split=16, estimator__n_estimators=36; total time=   0.0s
[CV] END estimator__criterion=squared_error, estimator__learning_rate=0.001, estimator__max_depth=14, estimator__min_samples_split=16, estimator__n_estimators=68; total time=   0.0s
[CV] END estimator__criterion=squared_error, estimator__learning_rate=0.001, estimator__max_depth=14, estimator__min_samples_split=16, estimator__n_estimators=84; total time=   0.0s
[CV] END estimator__criterion=squared_error, estimator__learning_rate=0.001, estimator__max_depth=14, estimator__min_samples_split=18, estimator__n_estimators=52; total time=   0.0s
[CV] END estimator__criterion=squared_error, estimator__learning_rate=0.001, estimator__max_depth=14, estimator__min_samples_split=18, estimator__n_estimators=84; total time=   0.0s
[CV] END estimator__criterion=squared_error, estimator__learning_rate=0.001, estimator__max_depth=15, estimator__min_samples_split=10, estimator__n_estimators=68; total time=   0.0s
[CV] END estimator__criterion=squared_error, estimator__learning_rate=0.001, estimator__max_depth=15, estimator__min_samples_split=12, estimator__n_estimators=20; total time=   0.0s
[CV] END estimator__criterion=squared_error, estimator__learning_rate=0.001, estimator__max_depth=15, estimator__min_samples_split=12, estimator__n_estimators=52; total time=   0.0s
[CV] END estimator__criterion=squared_error, estimator__learning_rate=0.001, estimator__max_depth=15, estimator__min_samples_split=14, estimator__n_estimators=20; total time=   0.0s
[CV] END estimator__criterion=squared_error, estimator__learning_rate=0.001, estimator__max_depth=15, estimator__min_samples_split=14, estimator__n_estimators=36; total time=   0.0s
[CV] END estimator__criterion=squared_error, estimator__learning_rate=0.001, estimator__max_depth=15, estimator__min_samples_split=14, estimator__n_estimators=68; total time=   0.0s
[CV] END estimator__criterion=squared_error, estimator__learning_rate=0.001, estimator__max_depth=15, estimator__min_samples_split=16, estimator__n_estimators=52; total time=   0.0s
[CV] END estimator__criterion=squared_error, estimator__learning_rate=0.001, estimator__max_depth=15, estimator__min_samples_split=18, estimator__n_estimators=36; total time=   0.0s
[CV] END estimator__criterion=squared_error, estimator__learning_rate=0.001, estimator__max_depth=15, estimator__min_samples_split=18, estimator__n_estimators=36; total time=   0.0s
[CV] END estimator__criterion=squared_error, estimator__learning_rate=0.001, estimator__max_depth=16, estimator__min_samples_split=10, estimator__n_estimators=52; total time=   0.0s
[CV] END estimator__criterion=squared_error, estimator__learning_rate=0.001, estimator__max_depth=16, estimator__min_samples_split=10, estimator__n_estimators=52; total time=   0.0s
[CV] END estimator__criterion=squared_error, estimator__learning_rate=0.001, estimator__max_depth=16, estimator__min_samples_split=12, estimator__n_estimators=84; total time=   0.0s
[CV] END estimator__criterion=squared_error, estimator__learning_rate=0.001, estimator__max_depth=16, estimator__min_samples_split=12, estimator__n_estimators=84; total time=   0.0s
[CV] END estimator__criterion=squared_error, estimator__learning_rate=0.001, estimator__max_depth=16, estimator__min_samples_split=18, estimator__n_estimators=20; total time=   0.0s
[CV] END estimator__criterion=squared_error, estimator__learning_rate=0.001, estimator__max_depth=16, estimator__min_samples_split=18, estimator__n_estimators=20; total time=   0.0s
[CV] END estimator__criterion=squared_error, estimator__learning_rate=0.001, estimator__max_depth=17, estimator__min_samples_split=12, estimator__n_estimators=20; total time=   0.0s
[CV] END estimator__criterion=squared_error, estimator__learning_rate=0.001, estimator__max_depth=17, estimator__min_samples_split=12, estimator__n_estimators=36; total time=   0.0s
[CV] END estimator__criterion=squared_error, estimator__learning_rate=0.001, estimator__max_depth=17, estimator__min_samples_split=12, estimator__n_estimators=36; total time=   0.0s
[CV] END estimator__criterion=squared_error, estimator__learning_rate=0.001, estimator__max_depth=17, estimator__min_samples_split=12, estimator__n_estimators=36; total time=   0.0s
[CV] END estimator__criterion=squared_error, estimator__learning_rate=0.001, estimator__max_depth=17, estimator__min_samples_split=18, estimator__n_estimators=84; total time=   0.0s
[CV] END estimator__criterion=squared_error, estimator__learning_rate=0.001, estimator__max_depth=17, estimator__min_samples_split=18, estimator__n_estimators=84; total time=   0.0s
[CV] END estimator__criterion=squared_error, estimator__learning_rate=0.001, estimator__max_depth=17, estimator__min_samples_split=18, estimator__n_estimators=84; total time=   0.0s
[CV] END estimator__criterion=squared_error, estimator__learning_rate=0.001, estimator__max_depth=17, estimator__min_samples_split=18, estimator__n_estimators=84; total time=   0.0s
[CV] END estimator__criterion=squared_error, estimator__learning_rate=0.01, estimator__max_depth=14, estimator__min_samples_split=14, estimator__n_estimators=52; total time=   0.0s
[CV] END estimator__criterion=squared_error, estimator__learning_rate=0.01, estimator__max_depth=14, estimator__min_samples_split=14, estimator__n_estimators=52; total time=   0.0s
[CV] END estimator__criterion=squared_error, estimator__learning_rate=0.01, estimator__max_depth=14, estimator__min_samples_split=14, estimator__n_estimators=68; total time=   0.0s
[CV] END estimator__criterion=squared_error, estimator__learning_rate=0.01, estimator__max_depth=14, estimator__min_samples_split=14, estimator__n_estimators=68; total time=   0.0s
[CV] END estimator__criterion=squared_error, estimator__learning_rate=0.01, estimator__max_depth=15, estimator__min_samples_split=16, estimator__n_estimators=20; total time=   0.0s
[CV] END estimator__criterion=squared_error, estimator__learning_rate=0.01, estimator__max_depth=15, estimator__min_samples_split=16, estimator__n_estimators=20; total time=   0.0s
[CV] END estimator__criterion=squared_error, estimator__learning_rate=0.01, estimator__max_depth=15, estimator__min_samples_split=16, estimator__n_estimators=36; total time=   0.0s
[CV] END estimator__criterion=squared_error, estimator__learning_rate=0.01, estimator__max_depth=15, estimator__min_samples_split=16, estimator__n_estimators=36; total time=   0.0s
[CV] END estimator__criterion=squared_error, estimator__learning_rate=0.01, estimator__max_depth=16, estimator__min_samples_split=10, estimator__n_estimators=36; total time=   0.0s
[CV] END estimator__criterion=squared_error, estimator__learning_rate=0.01, estimator__max_depth=16, estimator__min_samples_split=10, estimator__n_estimators=52; total time=   0.0s
[CV] END estimator__criterion=squared_error, estimator__learning_rate=0.01, estimator__max_depth=16, estimator__min_samples_split=10, estimator__n_estimators=52; total time=   0.0s
[CV] END estimator__criterion=squared_error, estimator__learning_rate=0.01, estimator__max_depth=16, estimator__min_samples_split=10, estimator__n_estimators=52; total time=   0.0s
[CV] END estimator__criterion=squared_error, estimator__learning_rate=0.01, estimator__max_depth=17, estimator__min_samples_split=10, estimator__n_estimators=84; total time=   0.0s
[CV] END estimator__criterion=squared_error, estimator__learning_rate=0.01, estimator__max_depth=17, estimator__min_samples_split=12, estimator__n_estimators=20; total time=   0.0s
[CV] END estimator__criterion=squared_error, estimator__learning_rate=0.01, estimator__max_depth=17, estimator__min_samples_split=12, estimator__n_estimators=20; total time=   0.0s[CV] END estimator__criterion=squared_error, estimator__learning_rate=0.001, estimator__max_depth=14, estimator__min_samples_split=10, estimator__n_estimators=52; total time=   0.0s
[CV] END estimator__criterion=squared_error, estimator__learning_rate=0.001, estimator__max_depth=14, estimator__min_samples_split=16, estimator__n_estimators=36; total time=   0.0s
[CV] END estimator__criterion=squared_error, estimator__learning_rate=0.001, estimator__max_depth=14, estimator__min_samples_split=16, estimator__n_estimators=68; total time=   0.0s
[CV] END estimator__criterion=squared_error, estimator__learning_rate=0.001, estimator__max_depth=14, estimator__min_samples_split=18, estimator__n_estimators=20; total time=   0.0s
[CV] END estimator__criterion=squared_error, estimator__learning_rate=0.001, estimator__max_depth=14, estimator__min_samples_split=18, estimator__n_estimators=20; total time=   0.0s
[CV] END estimator__criterion=squared_error, estimator__learning_rate=0.001, estimator__max_depth=14, estimator__min_samples_split=18, estimator__n_estimators=36; total time=   0.0s
[CV] END estimator__criterion=squared_error, estimator__learning_rate=0.001, estimator__max_depth=14, estimator__min_samples_split=18, estimator__n_estimators=84; total time=   0.0s
[CV] END estimator__criterion=squared_error, estimator__learning_rate=0.001, estimator__max_depth=15, estimator__min_samples_split=10, estimator__n_estimators=36; total time=   0.0s
[CV] END estimator__criterion=squared_error, estimator__learning_rate=0.001, estimator__max_depth=15, estimator__min_samples_split=10, estimator__n_estimators=84; total time=   0.0s
[CV] END estimator__criterion=squared_error, estimator__learning_rate=0.001, estimator__max_depth=15, estimator__min_samples_split=12, estimator__n_estimators=52; total time=   0.0s
[CV] END estimator__criterion=squared_error, estimator__learning_rate=0.001, estimator__max_depth=15, estimator__min_samples_split=14, estimator__n_estimators=20; total time=   0.0s
[CV] END estimator__criterion=squared_error, estimator__learning_rate=0.001, estimator__max_depth=15, estimator__min_samples_split=14, estimator__n_estimators=52; total time=   0.0s
[CV] END estimator__criterion=squared_error, estimator__learning_rate=0.001, estimator__max_depth=15, estimator__min_samples_split=16, estimator__n_estimators=20; total time=   0.0s
[CV] END estimator__criterion=squared_error, estimator__learning_rate=0.001, estimator__max_depth=15, estimator__min_samples_split=16, estimator__n_estimators=20; total time=   0.0s
[CV] END estimator__criterion=squared_error, estimator__learning_rate=0.001, estimator__max_depth=15, estimator__min_samples_split=16, estimator__n_estimators=52; total time=   0.0s
[CV] END estimator__criterion=squared_error, estimator__learning_rate=0.001, estimator__max_depth=15, estimator__min_samples_split=18, estimator__n_estimators=20; total time=   0.0s
[CV] END estimator__criterion=squared_error, estimator__learning_rate=0.001, estimator__max_depth=15, estimator__min_samples_split=18, estimator__n_estimators=20; total time=   0.0s
[CV] END estimator__criterion=squared_error, estimator__learning_rate=0.001, estimator__max_depth=15, estimator__min_samples_split=18, estimator__n_estimators=84; total time=   0.0s
[CV] END estimator__criterion=squared_error, estimator__learning_rate=0.001, estimator__max_depth=15, estimator__min_samples_split=18, estimator__n_estimators=84; total time=   0.0s
[CV] END estimator__criterion=squared_error, estimator__learning_rate=0.001, estimator__max_depth=16, estimator__min_samples_split=14, estimator__n_estimators=20; total time=   0.0s
[CV] END estimator__criterion=squared_error, estimator__learning_rate=0.001, estimator__max_depth=16, estimator__min_samples_split=14, estimator__n_estimators=36; total time=   0.0s
[CV] END estimator__criterion=squared_error, estimator__learning_rate=0.001, estimator__max_depth=16, estimator__min_samples_split=16, estimator__n_estimators=52; total time=   0.0s
[CV] END estimator__criterion=squared_error, estimator__learning_rate=0.001, estimator__max_depth=16, estimator__min_samples_split=16, estimator__n_estimators=52; total time=   0.0s
[CV] END estimator__criterion=squared_error, estimator__learning_rate=0.001, estimator__max_depth=17, estimator__min_samples_split=14, estimator__n_estimators=68; total time=   0.0s
[CV] END estimator__criterion=squared_error, estimator__learning_rate=0.001, estimator__max_depth=17, estimator__min_samples_split=14, estimator__n_estimators=84; total time=   0.0s
[CV] END estimator__criterion=squared_error, estimator__learning_rate=0.001, estimator__max_depth=17, estimator__min_samples_split=14, estimator__n_estimators=84; total time=   0.0s
[CV] END estimator__criterion=squared_error, estimator__learning_rate=0.001, estimator__max_depth=17, estimator__min_samples_split=14, estimator__n_estimators=84; total time=   0.0s
[CV] END estimator__criterion=squared_error, estimator__learning_rate=0.01, estimator__max_depth=14, estimator__min_samples_split=10, estimator__n_estimators=20; total time=   0.0s
[CV] END estimator__criterion=squared_error, estimator__learning_rate=0.01, estimator__max_depth=14, estimator__min_samples_split=10, estimator__n_estimators=20; total time=   0.0s
[CV] END estimator__criterion=squared_error, estimator__learning_rate=0.01, estimator__max_depth=14, estimator__min_samples_split=10, estimator__n_estimators=36; total time=   0.0s
[CV] END estimator__criterion=squared_error, estimator__learning_rate=0.01, estimator__max_depth=14, estimator__min_samples_split=10, estimator__n_estimators=36; total time=   0.0s
[CV] END estimator__criterion=squared_error, estimator__learning_rate=0.01, estimator__max_depth=14, estimator__min_samples_split=16, estimator__n_estimators=20; total time=   0.0s
[CV] END estimator__criterion=squared_error, estimator__learning_rate=0.01, estimator__max_depth=14, estimator__min_samples_split=16, estimator__n_estimators=20; total time=   0.0s
[CV] END estimator__criterion=squared_error, estimator__learning_rate=0.01, estimator__max_depth=14, estimator__min_samples_split=16, estimator__n_estimators=20; total time=   0.0s
[CV] END estimator__criterion=squared_error, estimator__learning_rate=0.01, estimator__max_depth=14, estimator__min_samples_split=16, estimator__n_estimators=20; total time=   0.0s
[CV] END estimator__criterion=squared_error, estimator__learning_rate=0.01, estimator__max_depth=15, estimator__min_samples_split=10, estimator__n_estimators=52; total time=   0.0s
[CV] END estimator__criterion=squared_error, estimator__learning_rate=0.01, estimator__max_depth=15, estimator__min_samples_split=10, estimator__n_estimators=52; total time=   0.0s
[CV] END estimator__criterion=squared_error, estimator__learning_rate=0.01, estimator__max_depth=15, estimator__min_samples_split=10, estimator__n_estimators=52; total time=   0.0s
[CV] END estimator__criterion=squared_error, estimator__learning_rate=0.01, estimator__max_depth=15, estimator__min_samples_split=10, estimator__n_estimators=52; total time=   0.0s
[CV] END estimator__criterion=squared_error, estimator__learning_rate=0.01, estimator__max_depth=16, estimator__min_samples_split=12, estimator__n_estimators=84; total time=   0.0s
[CV] END estimator__criterion=squared_error, estimator__learning_rate=0.01, estimator__max_depth=16, estimator__min_samples_split=12, estimator__n_estimators=84; total time=   0.0s
[CV] END estimator__criterion=squared_error, estimator__learning_rate=0.01, estimator__max_depth=16, estimator__min_samples_split=12, estimator__n_estimators=84; total time=   0.0s
[CV] END estimator__criterion=squared_error, estimator__learning_rate=0.01, estimator__max_depth=16, estimator__min_samples_split=12, estimator__n_estimators=84; total time=   0.0s
[CV] END estimator__criterion=squared_error, estimator__learning_rate=0.01, estimator__max_depth=17, estimator__min_samples_split=18, estimator__n_estimators=20; total time=   0.0s
[CV] END estimator__criterion=squared_error, estimator__learning_rate=0.01, estimator__max_depth=17, estimator__min_samples_split=18, estimator__n_estimators=36; total time=   0.0s[CV] END estimator__criterion=squared_error, estimator__learning_rate=0.001, estimator__max_depth=14, estimator__min_samples_split=10, estimator__n_estimators=20; total time=   0.0s
[CV] END estimator__criterion=squared_error, estimator__learning_rate=0.001, estimator__max_depth=14, estimator__min_samples_split=14, estimator__n_estimators=52; total time=   0.0s
[CV] END estimator__criterion=squared_error, estimator__learning_rate=0.001, estimator__max_depth=14, estimator__min_samples_split=14, estimator__n_estimators=68; total time=   0.0s
[CV] END estimator__criterion=squared_error, estimator__learning_rate=0.001, estimator__max_depth=14, estimator__min_samples_split=14, estimator__n_estimators=84; total time=   0.0s
[CV] END estimator__criterion=squared_error, estimator__learning_rate=0.001, estimator__max_depth=14, estimator__min_samples_split=16, estimator__n_estimators=52; total time=   0.0s
[CV] END estimator__criterion=squared_error, estimator__learning_rate=0.001, estimator__max_depth=14, estimator__min_samples_split=16, estimator__n_estimators=84; total time=   0.0s
[CV] END estimator__criterion=squared_error, estimator__learning_rate=0.001, estimator__max_depth=14, estimator__min_samples_split=18, estimator__n_estimators=36; total time=   0.0s
[CV] END estimator__criterion=squared_error, estimator__learning_rate=0.001, estimator__max_depth=14, estimator__min_samples_split=18, estimator__n_estimators=68; total time=   0.0s
[CV] END estimator__criterion=squared_error, estimator__learning_rate=0.001, estimator__max_depth=15, estimator__min_samples_split=10, estimator__n_estimators=20; total time=   0.0s
[CV] END estimator__criterion=squared_error, estimator__learning_rate=0.001, estimator__max_depth=15, estimator__min_samples_split=10, estimator__n_estimators=36; total time=   0.0s
[CV] END estimator__criterion=squared_error, estimator__learning_rate=0.001, estimator__max_depth=15, estimator__min_samples_split=10, estimator__n_estimators=84; total time=   0.0s
[CV] END estimator__criterion=squared_error, estimator__learning_rate=0.001, estimator__max_depth=15, estimator__min_samples_split=12, estimator__n_estimators=52; total time=   0.0s
[CV] END estimator__criterion=squared_error, estimator__learning_rate=0.001, estimator__max_depth=15, estimator__min_samples_split=12, estimator__n_estimators=84; total time=   0.0s
[CV] END estimator__criterion=squared_error, estimator__learning_rate=0.001, estimator__max_depth=15, estimator__min_samples_split=14, estimator__n_estimators=84; total time=   0.0s
[CV] END estimator__criterion=squared_error, estimator__learning_rate=0.001, estimator__max_depth=15, estimator__min_samples_split=16, estimator__n_estimators=68; total time=   0.0s
[CV] END estimator__criterion=squared_error, estimator__learning_rate=0.001, estimator__max_depth=15, estimator__min_samples_split=18, estimator__n_estimators=68; total time=   0.0s
[CV] END estimator__criterion=squared_error, estimator__learning_rate=0.001, estimator__max_depth=15, estimator__min_samples_split=18, estimator__n_estimators=68; total time=   0.0s
[CV] END estimator__criterion=squared_error, estimator__learning_rate=0.001, estimator__max_depth=16, estimator__min_samples_split=12, estimator__n_estimators=36; total time=   0.0s
[CV] END estimator__criterion=squared_error, estimator__learning_rate=0.001, estimator__max_depth=16, estimator__min_samples_split=12, estimator__n_estimators=52; total time=   0.0s
[CV] END estimator__criterion=squared_error, estimator__learning_rate=0.001, estimator__max_depth=16, estimator__min_samples_split=14, estimator__n_estimators=52; total time=   0.0s
[CV] END estimator__criterion=squared_error, estimator__learning_rate=0.001, estimator__max_depth=16, estimator__min_samples_split=14, estimator__n_estimators=68; total time=   0.0s
[CV] END estimator__criterion=squared_error, estimator__learning_rate=0.001, estimator__max_depth=17, estimator__min_samples_split=10, estimator__n_estimators=36; total time=   0.0s
[CV] END estimator__criterion=squared_error, estimator__learning_rate=0.001, estimator__max_depth=17, estimator__min_samples_split=10, estimator__n_estimators=52; total time=   0.0s
[CV] END estimator__criterion=squared_error, estimator__learning_rate=0.001, estimator__max_depth=17, estimator__min_samples_split=10, estimator__n_estimators=52; total time=   0.0s
[CV] END estimator__criterion=squared_error, estimator__learning_rate=0.001, estimator__max_depth=17, estimator__min_samples_split=10, estimator__n_estimators=52; total time=   0.0s
[CV] END estimator__criterion=squared_error, estimator__learning_rate=0.001, estimator__max_depth=18, estimator__min_samples_split=12, estimator__n_estimators=36; total time=   0.0s
[CV] END estimator__criterion=squared_error, estimator__learning_rate=0.001, estimator__max_depth=18, estimator__min_samples_split=12, estimator__n_estimators=36; total time=   0.0s
[CV] END estimator__criterion=squared_error, estimator__learning_rate=0.001, estimator__max_depth=18, estimator__min_samples_split=12, estimator__n_estimators=36; total time=   0.0s
[CV] END estimator__criterion=squared_error, estimator__learning_rate=0.001, estimator__max_depth=18, estimator__min_samples_split=12, estimator__n_estimators=52; total time=   0.0s
[CV] END estimator__criterion=squared_error, estimator__learning_rate=0.01, estimator__max_depth=14, estimator__min_samples_split=12, estimator__n_estimators=20; total time=   0.0s
[CV] END estimator__criterion=squared_error, estimator__learning_rate=0.01, estimator__max_depth=14, estimator__min_samples_split=12, estimator__n_estimators=20; total time=   0.0s
[CV] END estimator__criterion=squared_error, estimator__learning_rate=0.01, estimator__max_depth=14, estimator__min_samples_split=12, estimator__n_estimators=20; total time=   0.0s
[CV] END estimator__criterion=squared_error, estimator__learning_rate=0.01, estimator__max_depth=14, estimator__min_samples_split=12, estimator__n_estimators=36; total time=   0.0s
[CV] END estimator__criterion=squared_error, estimator__learning_rate=0.01, estimator__max_depth=14, estimator__min_samples_split=16, estimator__n_estimators=84; total time=   0.0s
[CV] END estimator__criterion=squared_error, estimator__learning_rate=0.01, estimator__max_depth=14, estimator__min_samples_split=16, estimator__n_estimators=84; total time=   0.0s
[CV] END estimator__criterion=squared_error, estimator__learning_rate=0.01, estimator__max_depth=14, estimator__min_samples_split=16, estimator__n_estimators=84; total time=   0.0s
[CV] END estimator__criterion=squared_error, estimator__learning_rate=0.01, estimator__max_depth=14, estimator__min_samples_split=16, estimator__n_estimators=84; total time=   0.0s
[CV] END estimator__criterion=squared_error, estimator__learning_rate=0.01, estimator__max_depth=15, estimator__min_samples_split=18, estimator__n_estimators=68; total time=   0.0s
[CV] END estimator__criterion=squared_error, estimator__learning_rate=0.01, estimator__max_depth=15, estimator__min_samples_split=18, estimator__n_estimators=68; total time=   0.0s
[CV] END estimator__criterion=squared_error, estimator__learning_rate=0.01, estimator__max_depth=15, estimator__min_samples_split=18, estimator__n_estimators=84; total time=   0.0s
[CV] END estimator__criterion=squared_error, estimator__learning_rate=0.01, estimator__max_depth=15, estimator__min_samples_split=18, estimator__n_estimators=84; total time=   0.0s
[CV] END estimator__criterion=squared_error, estimator__learning_rate=0.01, estimator__max_depth=17, estimator__min_samples_split=14, estimator__n_estimators=36; total time=   0.0s
[CV] END estimator__criterion=squared_error, estimator__learning_rate=0.01, estimator__max_depth=17, estimator__min_samples_split=14, estimator__n_estimators=36; total time=   0.0s
[CV] END estimator__criterion=squared_error, estimator__learning_rate=0.01, estimator__max_depth=17, estimator__min_samples_split=14, estimator__n_estimators=36; total time=   0.0s
[CV] END estimator__criterion=squared_error, estimator__learning_rate=0.01, estimator__max_depth=17, estimator__min_samples_split=14, estimator__n_estimators=36; total time=   0.0s[CV] END estimator__criterion=squared_error, estimator__learning_rate=0.001, estimator__max_depth=14, estimator__min_samples_split=10, estimator__n_estimators=20; total time=   0.0s
[CV] END estimator__criterion=squared_error, estimator__learning_rate=0.001, estimator__max_depth=14, estimator__min_samples_split=12, estimator__n_estimators=84; total time=   0.0s
[CV] END estimator__criterion=squared_error, estimator__learning_rate=0.001, estimator__max_depth=14, estimator__min_samples_split=14, estimator__n_estimators=20; total time=   0.0s
[CV] END estimator__criterion=squared_error, estimator__learning_rate=0.001, estimator__max_depth=14, estimator__min_samples_split=14, estimator__n_estimators=20; total time=   0.0s
[CV] END estimator__criterion=squared_error, estimator__learning_rate=0.001, estimator__max_depth=14, estimator__min_samples_split=14, estimator__n_estimators=36; total time=   0.0s
[CV] END estimator__criterion=squared_error, estimator__learning_rate=0.001, estimator__max_depth=14, estimator__min_samples_split=14, estimator__n_estimators=52; total time=   0.0s
[CV] END estimator__criterion=squared_error, estimator__learning_rate=0.001, estimator__max_depth=14, estimator__min_samples_split=14, estimator__n_estimators=68; total time=   0.0s
[CV] END estimator__criterion=squared_error, estimator__learning_rate=0.001, estimator__max_depth=14, estimator__min_samples_split=14, estimator__n_estimators=84; total time=   0.0s
[CV] END estimator__criterion=squared_error, estimator__learning_rate=0.001, estimator__max_depth=14, estimator__min_samples_split=16, estimator__n_estimators=52; total time=   0.0s
[CV] END estimator__criterion=squared_error, estimator__learning_rate=0.001, estimator__max_depth=14, estimator__min_samples_split=16, estimator__n_estimators=68; total time=   0.0s
[CV] END estimator__criterion=squared_error, estimator__learning_rate=0.001, estimator__max_depth=14, estimator__min_samples_split=18, estimator__n_estimators=20; total time=   0.0s
[CV] END estimator__criterion=squared_error, estimator__learning_rate=0.001, estimator__max_depth=14, estimator__min_samples_split=18, estimator__n_estimators=36; total time=   0.0s
[CV] END estimator__criterion=squared_error, estimator__learning_rate=0.001, estimator__max_depth=14, estimator__min_samples_split=18, estimator__n_estimators=68; total time=   0.0s
[CV] END estimator__criterion=squared_error, estimator__learning_rate=0.001, estimator__max_depth=15, estimator__min_samples_split=10, estimator__n_estimators=20; total time=   0.0s
[CV] END estimator__criterion=squared_error, estimator__learning_rate=0.001, estimator__max_depth=15, estimator__min_samples_split=10, estimator__n_estimators=52; total time=   0.0s
[CV] END estimator__criterion=squared_error, estimator__learning_rate=0.001, estimator__max_depth=15, estimator__min_samples_split=10, estimator__n_estimators=84; total time=   0.0s
[CV] END estimator__criterion=squared_error, estimator__learning_rate=0.001, estimator__max_depth=15, estimator__min_samples_split=12, estimator__n_estimators=84; total time=   0.0s
[CV] END estimator__criterion=squared_error, estimator__learning_rate=0.001, estimator__max_depth=15, estimator__min_samples_split=14, estimator__n_estimators=68; total time=   0.0s
[CV] END estimator__criterion=squared_error, estimator__learning_rate=0.001, estimator__max_depth=15, estimator__min_samples_split=16, estimator__n_estimators=52; total time=   0.0s
[CV] END estimator__criterion=squared_error, estimator__learning_rate=0.001, estimator__max_depth=15, estimator__min_samples_split=16, estimator__n_estimators=84; total time=   0.0s
[CV] END estimator__criterion=squared_error, estimator__learning_rate=0.001, estimator__max_depth=15, estimator__min_samples_split=18, estimator__n_estimators=20; total time=   0.0s
[CV] END estimator__criterion=squared_error, estimator__learning_rate=0.001, estimator__max_depth=16, estimator__min_samples_split=10, estimator__n_estimators=84; total time=   0.0s
[CV] END estimator__criterion=squared_error, estimator__learning_rate=0.001, estimator__max_depth=16, estimator__min_samples_split=10, estimator__n_estimators=84; total time=   0.0s
[CV] END estimator__criterion=squared_error, estimator__learning_rate=0.001, estimator__max_depth=16, estimator__min_samples_split=14, estimator__n_estimators=84; total time=   0.0s
[CV] END estimator__criterion=squared_error, estimator__learning_rate=0.001, estimator__max_depth=16, estimator__min_samples_split=14, estimator__n_estimators=84; total time=   0.0s
[CV] END estimator__criterion=squared_error, estimator__learning_rate=0.001, estimator__max_depth=17, estimator__min_samples_split=14, estimator__n_estimators=84; total time=   0.0s
[CV] END estimator__criterion=squared_error, estimator__learning_rate=0.001, estimator__max_depth=17, estimator__min_samples_split=14, estimator__n_estimators=84; total time=   0.0s
[CV] END estimator__criterion=squared_error, estimator__learning_rate=0.001, estimator__max_depth=17, estimator__min_samples_split=16, estimator__n_estimators=20; total time=   0.0s
[CV] END estimator__criterion=squared_error, estimator__learning_rate=0.001, estimator__max_depth=17, estimator__min_samples_split=16, estimator__n_estimators=20; total time=   0.0s
[CV] END estimator__criterion=squared_error, estimator__learning_rate=0.001, estimator__max_depth=18, estimator__min_samples_split=14, estimator__n_estimators=84; total time=   0.0s
[CV] END estimator__criterion=squared_error, estimator__learning_rate=0.001, estimator__max_depth=18, estimator__min_samples_split=14, estimator__n_estimators=84; total time=   0.0s
[CV] END estimator__criterion=squared_error, estimator__learning_rate=0.001, estimator__max_depth=18, estimator__min_samples_split=14, estimator__n_estimators=84; total time=   0.0s
[CV] END estimator__criterion=squared_error, estimator__learning_rate=0.001, estimator__max_depth=18, estimator__min_samples_split=16, estimator__n_estimators=20; total time=   0.0s
[CV] END estimator__criterion=squared_error, estimator__learning_rate=0.01, estimator__max_depth=14, estimator__min_samples_split=18, estimator__n_estimators=68; total time=   0.0s
[CV] END estimator__criterion=squared_error, estimator__learning_rate=0.01, estimator__max_depth=14, estimator__min_samples_split=18, estimator__n_estimators=84; total time=   0.0s
[CV] END estimator__criterion=squared_error, estimator__learning_rate=0.01, estimator__max_depth=14, estimator__min_samples_split=18, estimator__n_estimators=84; total time=   0.0s
[CV] END estimator__criterion=squared_error, estimator__learning_rate=0.01, estimator__max_depth=14, estimator__min_samples_split=18, estimator__n_estimators=84; total time=   0.0s
[CV] END estimator__criterion=squared_error, estimator__learning_rate=0.01, estimator__max_depth=16, estimator__min_samples_split=16, estimator__n_estimators=52; total time=   0.0s
[CV] END estimator__criterion=squared_error, estimator__learning_rate=0.01, estimator__max_depth=16, estimator__min_samples_split=16, estimator__n_estimators=52; total time=   0.0s
[CV] END estimator__criterion=squared_error, estimator__learning_rate=0.01, estimator__max_depth=16, estimator__min_samples_split=16, estimator__n_estimators=52; total time=   0.0s
[CV] END estimator__criterion=squared_error, estimator__learning_rate=0.01, estimator__max_depth=16, estimator__min_samples_split=16, estimator__n_estimators=52; total time=   0.0s
[CV] END estimator__criterion=squared_error, estimator__learning_rate=0.01, estimator__max_depth=17, estimator__min_samples_split=14, estimator__n_estimators=84; total time=   0.0s
[CV] END estimator__criterion=squared_error, estimator__learning_rate=0.01, estimator__max_depth=17, estimator__min_samples_split=14, estimator__n_estimators=84; total time=   0.0s
[CV] END estimator__criterion=squared_error, estimator__learning_rate=0.01, estimator__max_depth=17, estimator__min_samples_split=14, estimator__n_estimators=84; total time=   0.0s
[CV] END estimator__criterion=squared_error, estimator__learning_rate=0.01, estimator__max_depth=17, estimator__min_samples_split=16, estimator__n_estimators=20; total time=   0.0s[CV] END estimator__criterion=squared_error, estimator__learning_rate=0.001, estimator__max_depth=14, estimator__min_samples_split=10, estimator__n_estimators=36; total time=   0.0s
[CV] END estimator__criterion=squared_error, estimator__learning_rate=0.001, estimator__max_depth=14, estimator__min_samples_split=18, estimator__n_estimators=20; total time=   0.0s
[CV] END estimator__criterion=squared_error, estimator__learning_rate=0.001, estimator__max_depth=14, estimator__min_samples_split=18, estimator__n_estimators=36; total time=   0.0s
[CV] END estimator__criterion=squared_error, estimator__learning_rate=0.001, estimator__max_depth=14, estimator__min_samples_split=18, estimator__n_estimators=68; total time=   0.0s
[CV] END estimator__criterion=squared_error, estimator__learning_rate=0.001, estimator__max_depth=15, estimator__min_samples_split=10, estimator__n_estimators=20; total time=   0.0s
[CV] END estimator__criterion=squared_error, estimator__learning_rate=0.001, estimator__max_depth=15, estimator__min_samples_split=10, estimator__n_estimators=52; total time=   0.0s
[CV] END estimator__criterion=squared_error, estimator__learning_rate=0.001, estimator__max_depth=15, estimator__min_samples_split=10, estimator__n_estimators=84; total time=   0.0s
[CV] END estimator__criterion=squared_error, estimator__learning_rate=0.001, estimator__max_depth=15, estimator__min_samples_split=12, estimator__n_estimators=68; total time=   0.0s
[CV] END estimator__criterion=squared_error, estimator__learning_rate=0.001, estimator__max_depth=15, estimator__min_samples_split=14, estimator__n_estimators=36; total time=   0.0s
[CV] END estimator__criterion=squared_error, estimator__learning_rate=0.001, estimator__max_depth=15, estimator__min_samples_split=14, estimator__n_estimators=84; total time=   0.0s
[CV] END estimator__criterion=squared_error, estimator__learning_rate=0.001, estimator__max_depth=15, estimator__min_samples_split=16, estimator__n_estimators=84; total time=   0.0s
[CV] END estimator__criterion=squared_error, estimator__learning_rate=0.001, estimator__max_depth=15, estimator__min_samples_split=18, estimator__n_estimators=84; total time=   0.0s
[CV] END estimator__criterion=squared_error, estimator__learning_rate=0.001, estimator__max_depth=15, estimator__min_samples_split=18, estimator__n_estimators=84; total time=   0.0s
[CV] END estimator__criterion=squared_error, estimator__learning_rate=0.001, estimator__max_depth=16, estimator__min_samples_split=14, estimator__n_estimators=20; total time=   0.0s
[CV] END estimator__criterion=squared_error, estimator__learning_rate=0.001, estimator__max_depth=16, estimator__min_samples_split=14, estimator__n_estimators=20; total time=   0.0s
[CV] END estimator__criterion=squared_error, estimator__learning_rate=0.001, estimator__max_depth=16, estimator__min_samples_split=14, estimator__n_estimators=68; total time=   0.0s
[CV] END estimator__criterion=squared_error, estimator__learning_rate=0.001, estimator__max_depth=16, estimator__min_samples_split=14, estimator__n_estimators=68; total time=   0.0s
[CV] END estimator__criterion=squared_error, estimator__learning_rate=0.001, estimator__max_depth=17, estimator__min_samples_split=12, estimator__n_estimators=68; total time=   0.0s
[CV] END estimator__criterion=squared_error, estimator__learning_rate=0.001, estimator__max_depth=17, estimator__min_samples_split=12, estimator__n_estimators=68; total time=   0.0s
[CV] END estimator__criterion=squared_error, estimator__learning_rate=0.001, estimator__max_depth=17, estimator__min_samples_split=12, estimator__n_estimators=68; total time=   0.0s
[CV] END estimator__criterion=squared_error, estimator__learning_rate=0.001, estimator__max_depth=17, estimator__min_samples_split=12, estimator__n_estimators=68; total time=   0.0s
[CV] END estimator__criterion=squared_error, estimator__learning_rate=0.001, estimator__max_depth=18, estimator__min_samples_split=14, estimator__n_estimators=68; total time=   0.0s
[CV] END estimator__criterion=squared_error, estimator__learning_rate=0.001, estimator__max_depth=18, estimator__min_samples_split=14, estimator__n_estimators=68; total time=   0.0s
[CV] END estimator__criterion=squared_error, estimator__learning_rate=0.001, estimator__max_depth=18, estimator__min_samples_split=14, estimator__n_estimators=84; total time=   0.0s
[CV] END estimator__criterion=squared_error, estimator__learning_rate=0.001, estimator__max_depth=18, estimator__min_samples_split=14, estimator__n_estimators=84; total time=   0.0s
[CV] END estimator__criterion=squared_error, estimator__learning_rate=0.01, estimator__max_depth=14, estimator__min_samples_split=18, estimator__n_estimators=36; total time=   0.0s
[CV] END estimator__criterion=squared_error, estimator__learning_rate=0.01, estimator__max_depth=14, estimator__min_samples_split=18, estimator__n_estimators=36; total time=   0.0s
[CV] END estimator__criterion=squared_error, estimator__learning_rate=0.01, estimator__max_depth=14, estimator__min_samples_split=18, estimator__n_estimators=36; total time=   0.0s
[CV] END estimator__criterion=squared_error, estimator__learning_rate=0.01, estimator__max_depth=14, estimator__min_samples_split=18, estimator__n_estimators=52; total time=   0.0s
[CV] END estimator__criterion=squared_error, estimator__learning_rate=0.01, estimator__max_depth=15, estimator__min_samples_split=14, estimator__n_estimators=84; total time=   0.0s
[CV] END estimator__criterion=squared_error, estimator__learning_rate=0.01, estimator__max_depth=15, estimator__min_samples_split=16, estimator__n_estimators=20; total time=   0.0s
[CV] END estimator__criterion=squared_error, estimator__learning_rate=0.01, estimator__max_depth=15, estimator__min_samples_split=16, estimator__n_estimators=20; total time=   0.0s
[CV] END estimator__criterion=squared_error, estimator__learning_rate=0.01, estimator__max_depth=15, estimator__min_samples_split=16, estimator__n_estimators=20; total time=   0.0s
[CV] END estimator__criterion=squared_error, estimator__learning_rate=0.01, estimator__max_depth=16, estimator__min_samples_split=12, estimator__n_estimators=20; total time=   0.0s
[CV] END estimator__criterion=squared_error, estimator__learning_rate=0.01, estimator__max_depth=16, estimator__min_samples_split=12, estimator__n_estimators=20; total time=   0.0s
[CV] END estimator__criterion=squared_error, estimator__learning_rate=0.01, estimator__max_depth=16, estimator__min_samples_split=12, estimator__n_estimators=20; total time=   0.0s
[CV] END estimator__criterion=squared_error, estimator__learning_rate=0.01, estimator__max_depth=16, estimator__min_samples_split=12, estimator__n_estimators=20; total time=   0.0s
[CV] END estimator__criterion=squared_error, estimator__learning_rate=0.01, estimator__max_depth=16, estimator__min_samples_split=16, estimator__n_estimators=52; total time=   0.0s
[CV] END estimator__criterion=squared_error, estimator__learning_rate=0.01, estimator__max_depth=16, estimator__min_samples_split=16, estimator__n_estimators=68; total time=   0.0s
[CV] END estimator__criterion=squared_error, estimator__learning_rate=0.01, estimator__max_depth=16, estimator__min_samples_split=16, estimator__n_estimators=68; total time=   0.0s
[CV] END estimator__criterion=squared_error, estimator__learning_rate=0.01, estimator__max_depth=16, estimator__min_samples_split=16, estimator__n_estimators=68; total time=   0.0s
[CV] END estimator__criterion=squared_error, estimator__learning_rate=0.01, estimator__max_depth=17, estimator__min_samples_split=18, estimator__n_estimators=52; total time=   0.0s
[CV] END estimator__criterion=squared_error, estimator__learning_rate=0.01, estimator__max_depth=17, estimator__min_samples_split=18, estimator__n_estimators=52; total time=   0.0s
[CV] END estimator__criterion=squared_error, estimator__learning_rate=0.01, estimator__max_depth=17, estimator__min_samples_split=18, estimator__n_estimators=52; total time=   0.0s
[CV] END estimator__criterion=squared_error, estimator__learning_rate=0.01, estimator__max_depth=17, estimator__min_samples_split=18, estimator__n_estimators=68; total time=   0.0s[CV] END estimator__criterion=squared_error, estimator__learning_rate=0.001, estimator__max_depth=14, estimator__min_samples_split=10, estimator__n_estimators=68; total time=   0.0s
[CV] END estimator__criterion=squared_error, estimator__learning_rate=0.001, estimator__max_depth=14, estimator__min_samples_split=18, estimator__n_estimators=68; total time=   0.0s
[CV] END estimator__criterion=squared_error, estimator__learning_rate=0.001, estimator__max_depth=15, estimator__min_samples_split=10, estimator__n_estimators=20; total time=   0.0s
[CV] END estimator__criterion=squared_error, estimator__learning_rate=0.001, estimator__max_depth=15, estimator__min_samples_split=10, estimator__n_estimators=52; total time=   0.0s
[CV] END estimator__criterion=squared_error, estimator__learning_rate=0.001, estimator__max_depth=15, estimator__min_samples_split=10, estimator__n_estimators=84; total time=   0.0s
[CV] END estimator__criterion=squared_error, estimator__learning_rate=0.001, estimator__max_depth=15, estimator__min_samples_split=12, estimator__n_estimators=84; total time=   0.0s
[CV] END estimator__criterion=squared_error, estimator__learning_rate=0.001, estimator__max_depth=15, estimator__min_samples_split=14, estimator__n_estimators=52; total time=   0.0s
[CV] END estimator__criterion=squared_error, estimator__learning_rate=0.001, estimator__max_depth=15, estimator__min_samples_split=16, estimator__n_estimators=20; total time=   0.0s
[CV] END estimator__criterion=squared_error, estimator__learning_rate=0.001, estimator__max_depth=15, estimator__min_samples_split=16, estimator__n_estimators=36; total time=   0.0s
[CV] END estimator__criterion=squared_error, estimator__learning_rate=0.001, estimator__max_depth=15, estimator__min_samples_split=16, estimator__n_estimators=84; total time=   0.0s
[CV] END estimator__criterion=squared_error, estimator__learning_rate=0.001, estimator__max_depth=16, estimator__min_samples_split=10, estimator__n_estimators=36; total time=   0.0s
[CV] END estimator__criterion=squared_error, estimator__learning_rate=0.001, estimator__max_depth=16, estimator__min_samples_split=10, estimator__n_estimators=36; total time=   0.0s
[CV] END estimator__criterion=squared_error, estimator__learning_rate=0.001, estimator__max_depth=16, estimator__min_samples_split=12, estimator__n_estimators=36; total time=   0.0s
[CV] END estimator__criterion=squared_error, estimator__learning_rate=0.001, estimator__max_depth=16, estimator__min_samples_split=12, estimator__n_estimators=36; total time=   0.0s
[CV] END estimator__criterion=squared_error, estimator__learning_rate=0.001, estimator__max_depth=16, estimator__min_samples_split=14, estimator__n_estimators=52; total time=   0.0s
[CV] END estimator__criterion=squared_error, estimator__learning_rate=0.001, estimator__max_depth=16, estimator__min_samples_split=14, estimator__n_estimators=52; total time=   0.0s
[CV] END estimator__criterion=squared_error, estimator__learning_rate=0.001, estimator__max_depth=17, estimator__min_samples_split=10, estimator__n_estimators=20; total time=   0.0s
[CV] END estimator__criterion=squared_error, estimator__learning_rate=0.001, estimator__max_depth=17, estimator__min_samples_split=10, estimator__n_estimators=20; total time=   0.0s
[CV] END estimator__criterion=squared_error, estimator__learning_rate=0.001, estimator__max_depth=17, estimator__min_samples_split=10, estimator__n_estimators=20; total time=   0.0s
[CV] END estimator__criterion=squared_error, estimator__learning_rate=0.001, estimator__max_depth=17, estimator__min_samples_split=10, estimator__n_estimators=20; total time=   0.0s
[CV] END estimator__criterion=squared_error, estimator__learning_rate=0.001, estimator__max_depth=17, estimator__min_samples_split=16, estimator__n_estimators=84; total time=   0.0s
[CV] END estimator__criterion=squared_error, estimator__learning_rate=0.001, estimator__max_depth=17, estimator__min_samples_split=16, estimator__n_estimators=84; total time=   0.0s
[CV] END estimator__criterion=squared_error, estimator__learning_rate=0.001, estimator__max_depth=17, estimator__min_samples_split=16, estimator__n_estimators=84; total time=   0.0s
[CV] END estimator__criterion=squared_error, estimator__learning_rate=0.001, estimator__max_depth=17, estimator__min_samples_split=18, estimator__n_estimators=20; total time=   0.0s
[CV] END estimator__criterion=squared_error, estimator__learning_rate=0.001, estimator__max_depth=18, estimator__min_samples_split=18, estimator__n_estimators=68; total time=   0.0s
[CV] END estimator__criterion=squared_error, estimator__learning_rate=0.001, estimator__max_depth=18, estimator__min_samples_split=18, estimator__n_estimators=68; total time=   0.0s
[CV] END estimator__criterion=squared_error, estimator__learning_rate=0.001, estimator__max_depth=18, estimator__min_samples_split=18, estimator__n_estimators=68; total time=   0.0s
[CV] END estimator__criterion=squared_error, estimator__learning_rate=0.001, estimator__max_depth=18, estimator__min_samples_split=18, estimator__n_estimators=68; total time=   0.0s
[CV] END estimator__criterion=squared_error, estimator__learning_rate=0.01, estimator__max_depth=15, estimator__min_samples_split=10, estimator__n_estimators=84; total time=   0.0s
[CV] END estimator__criterion=squared_error, estimator__learning_rate=0.01, estimator__max_depth=15, estimator__min_samples_split=10, estimator__n_estimators=84; total time=   0.0s
[CV] END estimator__criterion=squared_error, estimator__learning_rate=0.01, estimator__max_depth=15, estimator__min_samples_split=10, estimator__n_estimators=84; total time=   0.0s
[CV] END estimator__criterion=squared_error, estimator__learning_rate=0.01, estimator__max_depth=15, estimator__min_samples_split=12, estimator__n_estimators=20; total time=   0.0s
[CV] END estimator__criterion=squared_error, estimator__learning_rate=0.01, estimator__max_depth=16, estimator__min_samples_split=16, estimator__n_estimators=68; total time=   0.0s
[CV] END estimator__criterion=squared_error, estimator__learning_rate=0.01, estimator__max_depth=16, estimator__min_samples_split=16, estimator__n_estimators=68; total time=   0.0s
[CV] END estimator__criterion=squared_error, estimator__learning_rate=0.01, estimator__max_depth=16, estimator__min_samples_split=16, estimator__n_estimators=84; total time=   0.0s
[CV] END estimator__criterion=squared_error, estimator__learning_rate=0.01, estimator__max_depth=16, estimator__min_samples_split=16, estimator__n_estimators=84; total time=   0.0s
[CV] END estimator__criterion=squared_error, estimator__learning_rate=0.01, estimator__max_depth=18, estimator__min_samples_split=12, estimator__n_estimators=20; total time=   0.0s
[CV] END estimator__criterion=squared_error, estimator__learning_rate=0.01, estimator__max_depth=18, estimator__min_samples_split=12, estimator__n_estimators=20; total time=   0.0s
[CV] END estimator__criterion=squared_error, estimator__learning_rate=0.01, estimator__max_depth=18, estimator__min_samples_split=12, estimator__n_estimators=20; total time=   0.0s
[CV] END estimator__criterion=squared_error, estimator__learning_rate=0.01, estimator__max_depth=18, estimator__min_samples_split=12, estimator__n_estimators=36; total time=   0.0s
[CV] END estimator__criterion=squared_error, estimator__learning_rate=0.01, estimator__max_depth=18, estimator__min_samples_split=18, estimator__n_estimators=36; total time=   0.0s
[CV] END estimator__criterion=squared_error, estimator__learning_rate=0.01, estimator__max_depth=18, estimator__min_samples_split=18, estimator__n_estimators=36; total time=   0.0s
[CV] END estimator__criterion=squared_error, estimator__learning_rate=0.01, estimator__max_depth=18, estimator__min_samples_split=18, estimator__n_estimators=36; total time=   0.0s
[CV] END estimator__criterion=squared_error, estimator__learning_rate=0.01, estimator__max_depth=18, estimator__min_samples_split=18, estimator__n_estimators=52; total time=   0.0s
[CV] END estimator__criterion=squared_error, estimator__learning_rate=0.1, estimator__max_depth=14, estimator__min_samples_split=14, estimator__n_estimators=84; total time=   0.0s[CV] END estimator__criterion=squared_error, estimator__learning_rate=0.001, estimator__max_depth=14, estimator__min_samples_split=10, estimator__n_estimators=52; total time=   0.0s
[CV] END estimator__criterion=squared_error, estimator__learning_rate=0.001, estimator__max_depth=15, estimator__min_samples_split=10, estimator__n_estimators=36; total time=   0.0s
[CV] END estimator__criterion=squared_error, estimator__learning_rate=0.001, estimator__max_depth=15, estimator__min_samples_split=10, estimator__n_estimators=68; total time=   0.0s
[CV] END estimator__criterion=squared_error, estimator__learning_rate=0.001, estimator__max_depth=15, estimator__min_samples_split=12, estimator__n_estimators=36; total time=   0.0s
[CV] END estimator__criterion=squared_error, estimator__learning_rate=0.001, estimator__max_depth=15, estimator__min_samples_split=12, estimator__n_estimators=68; total time=   0.0s
[CV] END estimator__criterion=squared_error, estimator__learning_rate=0.001, estimator__max_depth=15, estimator__min_samples_split=14, estimator__n_estimators=52; total time=   0.0s
[CV] END estimator__criterion=squared_error, estimator__learning_rate=0.001, estimator__max_depth=15, estimator__min_samples_split=16, estimator__n_estimators=20; total time=   0.0s
[CV] END estimator__criterion=squared_error, estimator__learning_rate=0.001, estimator__max_depth=15, estimator__min_samples_split=16, estimator__n_estimators=36; total time=   0.0s
[CV] END estimator__criterion=squared_error, estimator__learning_rate=0.001, estimator__max_depth=15, estimator__min_samples_split=16, estimator__n_estimators=52; total time=   0.0s
[CV] END estimator__criterion=squared_error, estimator__learning_rate=0.001, estimator__max_depth=15, estimator__min_samples_split=18, estimator__n_estimators=36; total time=   0.0s
[CV] END estimator__criterion=squared_error, estimator__learning_rate=0.001, estimator__max_depth=15, estimator__min_samples_split=18, estimator__n_estimators=36; total time=   0.0s
[CV] END estimator__criterion=squared_error, estimator__learning_rate=0.001, estimator__max_depth=16, estimator__min_samples_split=10, estimator__n_estimators=52; total time=   0.0s
[CV] END estimator__criterion=squared_error, estimator__learning_rate=0.001, estimator__max_depth=16, estimator__min_samples_split=10, estimator__n_estimators=68; total time=   0.0s
[CV] END estimator__criterion=squared_error, estimator__learning_rate=0.001, estimator__max_depth=16, estimator__min_samples_split=14, estimator__n_estimators=36; total time=   0.0s
[CV] END estimator__criterion=squared_error, estimator__learning_rate=0.001, estimator__max_depth=16, estimator__min_samples_split=14, estimator__n_estimators=36; total time=   0.0s
[CV] END estimator__criterion=squared_error, estimator__learning_rate=0.001, estimator__max_depth=16, estimator__min_samples_split=16, estimator__n_estimators=20; total time=   0.0s
[CV] END estimator__criterion=squared_error, estimator__learning_rate=0.001, estimator__max_depth=16, estimator__min_samples_split=16, estimator__n_estimators=20; total time=   0.0s
[CV] END estimator__criterion=squared_error, estimator__learning_rate=0.001, estimator__max_depth=17, estimator__min_samples_split=10, estimator__n_estimators=36; total time=   0.0s
[CV] END estimator__criterion=squared_error, estimator__learning_rate=0.001, estimator__max_depth=17, estimator__min_samples_split=10, estimator__n_estimators=36; total time=   0.0s
[CV] END estimator__criterion=squared_error, estimator__learning_rate=0.001, estimator__max_depth=17, estimator__min_samples_split=10, estimator__n_estimators=36; total time=   0.0s
[CV] END estimator__criterion=squared_error, estimator__learning_rate=0.001, estimator__max_depth=17, estimator__min_samples_split=10, estimator__n_estimators=36; total time=   0.0s
[CV] END estimator__criterion=squared_error, estimator__learning_rate=0.001, estimator__max_depth=18, estimator__min_samples_split=10, estimator__n_estimators=36; total time=   0.0s
[CV] END estimator__criterion=squared_error, estimator__learning_rate=0.001, estimator__max_depth=18, estimator__min_samples_split=10, estimator__n_estimators=36; total time=   0.0s
[CV] END estimator__criterion=squared_error, estimator__learning_rate=0.001, estimator__max_depth=18, estimator__min_samples_split=10, estimator__n_estimators=52; total time=   0.0s
[CV] END estimator__criterion=squared_error, estimator__learning_rate=0.001, estimator__max_depth=18, estimator__min_samples_split=10, estimator__n_estimators=52; total time=   0.0s
[CV] END estimator__criterion=squared_error, estimator__learning_rate=0.01, estimator__max_depth=14, estimator__min_samples_split=10, estimator__n_estimators=52; total time=   0.0s
[CV] END estimator__criterion=squared_error, estimator__learning_rate=0.01, estimator__max_depth=14, estimator__min_samples_split=10, estimator__n_estimators=52; total time=   0.0s
[CV] END estimator__criterion=squared_error, estimator__learning_rate=0.01, estimator__max_depth=14, estimator__min_samples_split=10, estimator__n_estimators=52; total time=   0.0s
[CV] END estimator__criterion=squared_error, estimator__learning_rate=0.01, estimator__max_depth=14, estimator__min_samples_split=10, estimator__n_estimators=52; total time=   0.0s
[CV] END estimator__criterion=squared_error, estimator__learning_rate=0.01, estimator__max_depth=15, estimator__min_samples_split=12, estimator__n_estimators=20; total time=   0.0s
[CV] END estimator__criterion=squared_error, estimator__learning_rate=0.01, estimator__max_depth=15, estimator__min_samples_split=12, estimator__n_estimators=20; total time=   0.0s
[CV] END estimator__criterion=squared_error, estimator__learning_rate=0.01, estimator__max_depth=15, estimator__min_samples_split=12, estimator__n_estimators=20; total time=   0.0s
[CV] END estimator__criterion=squared_error, estimator__learning_rate=0.01, estimator__max_depth=15, estimator__min_samples_split=12, estimator__n_estimators=20; total time=   0.0s
[CV] END estimator__criterion=squared_error, estimator__learning_rate=0.01, estimator__max_depth=15, estimator__min_samples_split=18, estimator__n_estimators=52; total time=   0.0s
[CV] END estimator__criterion=squared_error, estimator__learning_rate=0.01, estimator__max_depth=15, estimator__min_samples_split=18, estimator__n_estimators=68; total time=   0.0s
[CV] END estimator__criterion=squared_error, estimator__learning_rate=0.01, estimator__max_depth=15, estimator__min_samples_split=18, estimator__n_estimators=68; total time=   0.0s
[CV] END estimator__criterion=squared_error, estimator__learning_rate=0.01, estimator__max_depth=15, estimator__min_samples_split=18, estimator__n_estimators=68; total time=   0.0s
[CV] END estimator__criterion=squared_error, estimator__learning_rate=0.01, estimator__max_depth=17, estimator__min_samples_split=10, estimator__n_estimators=84; total time=   0.0s
[CV] END estimator__criterion=squared_error, estimator__learning_rate=0.01, estimator__max_depth=17, estimator__min_samples_split=10, estimator__n_estimators=84; total time=   0.0s
[CV] END estimator__criterion=squared_error, estimator__learning_rate=0.01, estimator__max_depth=17, estimator__min_samples_split=10, estimator__n_estimators=84; total time=   0.0s
[CV] END estimator__criterion=squared_error, estimator__learning_rate=0.01, estimator__max_depth=17, estimator__min_samples_split=10, estimator__n_estimators=84; total time=   0.0s
[CV] END estimator__criterion=squared_error, estimator__learning_rate=0.01, estimator__max_depth=18, estimator__min_samples_split=18, estimator__n_estimators=68; total time=   0.0s
[CV] END estimator__criterion=squared_error, estimator__learning_rate=0.01, estimator__max_depth=18, estimator__min_samples_split=18, estimator__n_estimators=68; total time=   0.0s
[CV] END estimator__criterion=squared_error, estimator__learning_rate=0.01, estimator__max_depth=18, estimator__min_samples_split=18, estimator__n_estimators=68; total time=   0.0s
[CV] END estimator__criterion=squared_error, estimator__learning_rate=0.01, estimator__max_depth=18, estimator__min_samples_split=18, estimator__n_estimators=68; total time=   0.0s[CV] END estimator__criterion=squared_error, estimator__learning_rate=0.001, estimator__max_depth=14, estimator__min_samples_split=12, estimator__n_estimators=20; total time=   0.0s
[CV] END estimator__criterion=squared_error, estimator__learning_rate=0.001, estimator__max_depth=16, estimator__min_samples_split=18, estimator__n_estimators=20; total time=   0.0s
[CV] END estimator__criterion=squared_error, estimator__learning_rate=0.001, estimator__max_depth=16, estimator__min_samples_split=18, estimator__n_estimators=20; total time=   0.0s
[CV] END estimator__criterion=squared_error, estimator__learning_rate=0.001, estimator__max_depth=16, estimator__min_samples_split=18, estimator__n_estimators=20; total time=   0.0s
[CV] END estimator__criterion=squared_error, estimator__learning_rate=0.001, estimator__max_depth=16, estimator__min_samples_split=18, estimator__n_estimators=36; total time=   0.0s
[CV] END estimator__criterion=squared_error, estimator__learning_rate=0.001, estimator__max_depth=17, estimator__min_samples_split=16, estimator__n_estimators=52; total time=   0.0s
[CV] END estimator__criterion=squared_error, estimator__learning_rate=0.001, estimator__max_depth=17, estimator__min_samples_split=16, estimator__n_estimators=52; total time=   0.0s
[CV] END estimator__criterion=squared_error, estimator__learning_rate=0.001, estimator__max_depth=17, estimator__min_samples_split=16, estimator__n_estimators=52; total time=   0.0s
[CV] END estimator__criterion=squared_error, estimator__learning_rate=0.001, estimator__max_depth=17, estimator__min_samples_split=16, estimator__n_estimators=52; total time=   0.0s
[CV] END estimator__criterion=squared_error, estimator__learning_rate=0.001, estimator__max_depth=18, estimator__min_samples_split=16, estimator__n_estimators=20; total time=   0.0s
[CV] END estimator__criterion=squared_error, estimator__learning_rate=0.001, estimator__max_depth=18, estimator__min_samples_split=16, estimator__n_estimators=20; total time=   0.0s
[CV] END estimator__criterion=squared_error, estimator__learning_rate=0.001, estimator__max_depth=18, estimator__min_samples_split=16, estimator__n_estimators=20; total time=   0.0s
[CV] END estimator__criterion=squared_error, estimator__learning_rate=0.001, estimator__max_depth=18, estimator__min_samples_split=16, estimator__n_estimators=20; total time=   0.0s
[CV] END estimator__criterion=squared_error, estimator__learning_rate=0.01, estimator__max_depth=14, estimator__min_samples_split=10, estimator__n_estimators=36; total time=   0.0s
[CV] END estimator__criterion=squared_error, estimator__learning_rate=0.01, estimator__max_depth=14, estimator__min_samples_split=10, estimator__n_estimators=36; total time=   0.0s
[CV] END estimator__criterion=squared_error, estimator__learning_rate=0.01, estimator__max_depth=14, estimator__min_samples_split=10, estimator__n_estimators=36; total time=   0.0s
[CV] END estimator__criterion=squared_error, estimator__learning_rate=0.01, estimator__max_depth=14, estimator__min_samples_split=10, estimator__n_estimators=52; total time=   0.0s
[CV] END estimator__criterion=squared_error, estimator__learning_rate=0.01, estimator__max_depth=14, estimator__min_samples_split=16, estimator__n_estimators=84; total time=   0.0s
[CV] END estimator__criterion=squared_error, estimator__learning_rate=0.01, estimator__max_depth=14, estimator__min_samples_split=18, estimator__n_estimators=20; total time=   0.0s
[CV] END estimator__criterion=squared_error, estimator__learning_rate=0.01, estimator__max_depth=14, estimator__min_samples_split=18, estimator__n_estimators=20; total time=   0.0s
[CV] END estimator__criterion=squared_error, estimator__learning_rate=0.01, estimator__max_depth=14, estimator__min_samples_split=18, estimator__n_estimators=20; total time=   0.0s
[CV] END estimator__criterion=squared_error, estimator__learning_rate=0.01, estimator__max_depth=15, estimator__min_samples_split=14, estimator__n_estimators=68; total time=   0.0s
[CV] END estimator__criterion=squared_error, estimator__learning_rate=0.01, estimator__max_depth=15, estimator__min_samples_split=14, estimator__n_estimators=68; total time=   0.0s
[CV] END estimator__criterion=squared_error, estimator__learning_rate=0.01, estimator__max_depth=15, estimator__min_samples_split=14, estimator__n_estimators=68; total time=   0.0s
[CV] END estimator__criterion=squared_error, estimator__learning_rate=0.01, estimator__max_depth=15, estimator__min_samples_split=14, estimator__n_estimators=68; total time=   0.0s
[CV] END estimator__criterion=squared_error, estimator__learning_rate=0.01, estimator__max_depth=16, estimator__min_samples_split=16, estimator__n_estimators=20; total time=   0.0s
[CV] END estimator__criterion=squared_error, estimator__learning_rate=0.01, estimator__max_depth=16, estimator__min_samples_split=16, estimator__n_estimators=20; total time=   0.0s
[CV] END estimator__criterion=squared_error, estimator__learning_rate=0.01, estimator__max_depth=16, estimator__min_samples_split=16, estimator__n_estimators=20; total time=   0.0s
[CV] END estimator__criterion=squared_error, estimator__learning_rate=0.01, estimator__max_depth=16, estimator__min_samples_split=16, estimator__n_estimators=36; total time=   0.0s
[CV] END estimator__criterion=squared_error, estimator__learning_rate=0.01, estimator__max_depth=17, estimator__min_samples_split=12, estimator__n_estimators=20; total time=   0.0s
[CV] END estimator__criterion=squared_error, estimator__learning_rate=0.01, estimator__max_depth=17, estimator__min_samples_split=12, estimator__n_estimators=20; total time=   0.0s
[CV] END estimator__criterion=squared_error, estimator__learning_rate=0.01, estimator__max_depth=17, estimator__min_samples_split=12, estimator__n_estimators=36; total time=   0.0s
[CV] END estimator__criterion=squared_error, estimator__learning_rate=0.01, estimator__max_depth=17, estimator__min_samples_split=12, estimator__n_estimators=36; total time=   0.0s
[CV] END estimator__criterion=squared_error, estimator__learning_rate=0.01, estimator__max_depth=17, estimator__min_samples_split=18, estimator__n_estimators=20; total time=   0.0s
[CV] END estimator__criterion=squared_error, estimator__learning_rate=0.01, estimator__max_depth=17, estimator__min_samples_split=18, estimator__n_estimators=20; total time=   0.0s
[CV] END estimator__criterion=squared_error, estimator__learning_rate=0.01, estimator__max_depth=17, estimator__min_samples_split=18, estimator__n_estimators=20; total time=   0.0s
[CV] END estimator__criterion=squared_error, estimator__learning_rate=0.01, estimator__max_depth=17, estimator__min_samples_split=18, estimator__n_estimators=20; total time=   0.0s
[CV] END estimator__criterion=squared_error, estimator__learning_rate=0.01, estimator__max_depth=18, estimator__min_samples_split=12, estimator__n_estimators=36; total time=   0.0s
[CV] END estimator__criterion=squared_error, estimator__learning_rate=0.01, estimator__max_depth=18, estimator__min_samples_split=12, estimator__n_estimators=36; total time=   0.0s
[CV] END estimator__criterion=squared_error, estimator__learning_rate=0.01, estimator__max_depth=18, estimator__min_samples_split=12, estimator__n_estimators=36; total time=   0.0s
[CV] END estimator__criterion=squared_error, estimator__learning_rate=0.01, estimator__max_depth=18, estimator__min_samples_split=12, estimator__n_estimators=36; total time=   0.0s
[CV] END estimator__criterion=squared_error, estimator__learning_rate=0.1, estimator__max_depth=14, estimator__min_samples_split=10, estimator__n_estimators=52; total time=   0.0s
[CV] END estimator__criterion=squared_error, estimator__learning_rate=0.1, estimator__max_depth=14, estimator__min_samples_split=10, estimator__n_estimators=52; total time=   0.0s
[CV] END estimator__criterion=squared_error, estimator__learning_rate=0.1, estimator__max_depth=14, estimator__min_samples_split=10, estimator__n_estimators=52; total time=   0.0s
[CV] END estimator__criterion=squared_error, estimator__learning_rate=0.1, estimator__max_depth=14, estimator__min_samples_split=10, estimator__n_estimators=52; total time=   0.0s[CV] END estimator__criterion=squared_error, estimator__learning_rate=0.001, estimator__max_depth=14, estimator__min_samples_split=10, estimator__n_estimators=36; total time=   0.0s
[CV] END estimator__criterion=squared_error, estimator__learning_rate=0.001, estimator__max_depth=14, estimator__min_samples_split=18, estimator__n_estimators=36; total time=   0.0s
[CV] END estimator__criterion=squared_error, estimator__learning_rate=0.001, estimator__max_depth=14, estimator__min_samples_split=18, estimator__n_estimators=68; total time=   0.0s
[CV] END estimator__criterion=squared_error, estimator__learning_rate=0.001, estimator__max_depth=15, estimator__min_samples_split=10, estimator__n_estimators=36; total time=   0.0s
[CV] END estimator__criterion=squared_error, estimator__learning_rate=0.001, estimator__max_depth=15, estimator__min_samples_split=10, estimator__n_estimators=68; total time=   0.0s
[CV] END estimator__criterion=squared_error, estimator__learning_rate=0.001, estimator__max_depth=15, estimator__min_samples_split=12, estimator__n_estimators=36; total time=   0.0s
[CV] END estimator__criterion=squared_error, estimator__learning_rate=0.001, estimator__max_depth=15, estimator__min_samples_split=12, estimator__n_estimators=68; total time=   0.0s
[CV] END estimator__criterion=squared_error, estimator__learning_rate=0.001, estimator__max_depth=15, estimator__min_samples_split=14, estimator__n_estimators=36; total time=   0.0s
[CV] END estimator__criterion=squared_error, estimator__learning_rate=0.001, estimator__max_depth=15, estimator__min_samples_split=14, estimator__n_estimators=84; total time=   0.0s
[CV] END estimator__criterion=squared_error, estimator__learning_rate=0.001, estimator__max_depth=15, estimator__min_samples_split=16, estimator__n_estimators=68; total time=   0.0s
[CV] END estimator__criterion=squared_error, estimator__learning_rate=0.001, estimator__max_depth=15, estimator__min_samples_split=18, estimator__n_estimators=52; total time=   0.0s
[CV] END estimator__criterion=squared_error, estimator__learning_rate=0.001, estimator__max_depth=15, estimator__min_samples_split=18, estimator__n_estimators=52; total time=   0.0s
[CV] END estimator__criterion=squared_error, estimator__learning_rate=0.001, estimator__max_depth=16, estimator__min_samples_split=12, estimator__n_estimators=36; total time=   0.0s
[CV] END estimator__criterion=squared_error, estimator__learning_rate=0.001, estimator__max_depth=16, estimator__min_samples_split=12, estimator__n_estimators=36; total time=   0.0s
[CV] END estimator__criterion=squared_error, estimator__learning_rate=0.001, estimator__max_depth=16, estimator__min_samples_split=14, estimator__n_estimators=20; total time=   0.0s
[CV] END estimator__criterion=squared_error, estimator__learning_rate=0.001, estimator__max_depth=16, estimator__min_samples_split=14, estimator__n_estimators=20; total time=   0.0s
[CV] END estimator__criterion=squared_error, estimator__learning_rate=0.001, estimator__max_depth=16, estimator__min_samples_split=14, estimator__n_estimators=84; total time=   0.0s
[CV] END estimator__criterion=squared_error, estimator__learning_rate=0.001, estimator__max_depth=16, estimator__min_samples_split=16, estimator__n_estimators=20; total time=   0.0s
[CV] END estimator__criterion=squared_error, estimator__learning_rate=0.001, estimator__max_depth=17, estimator__min_samples_split=12, estimator__n_estimators=52; total time=   0.0s
[CV] END estimator__criterion=squared_error, estimator__learning_rate=0.001, estimator__max_depth=17, estimator__min_samples_split=12, estimator__n_estimators=52; total time=   0.0s
[CV] END estimator__criterion=squared_error, estimator__learning_rate=0.001, estimator__max_depth=17, estimator__min_samples_split=12, estimator__n_estimators=52; total time=   0.0s
[CV] END estimator__criterion=squared_error, estimator__learning_rate=0.001, estimator__max_depth=17, estimator__min_samples_split=12, estimator__n_estimators=68; total time=   0.0s
[CV] END estimator__criterion=squared_error, estimator__learning_rate=0.001, estimator__max_depth=18, estimator__min_samples_split=14, estimator__n_estimators=52; total time=   0.0s
[CV] END estimator__criterion=squared_error, estimator__learning_rate=0.001, estimator__max_depth=18, estimator__min_samples_split=14, estimator__n_estimators=68; total time=   0.0s
[CV] END estimator__criterion=squared_error, estimator__learning_rate=0.001, estimator__max_depth=18, estimator__min_samples_split=14, estimator__n_estimators=68; total time=   0.0s
[CV] END estimator__criterion=squared_error, estimator__learning_rate=0.001, estimator__max_depth=18, estimator__min_samples_split=14, estimator__n_estimators=68; total time=   0.0s
[CV] END estimator__criterion=squared_error, estimator__learning_rate=0.01, estimator__max_depth=14, estimator__min_samples_split=18, estimator__n_estimators=20; total time=   0.0s
[CV] END estimator__criterion=squared_error, estimator__learning_rate=0.01, estimator__max_depth=14, estimator__min_samples_split=18, estimator__n_estimators=20; total time=   0.0s
[CV] END estimator__criterion=squared_error, estimator__learning_rate=0.01, estimator__max_depth=14, estimator__min_samples_split=18, estimator__n_estimators=36; total time=   0.0s
[CV] END estimator__criterion=squared_error, estimator__learning_rate=0.01, estimator__max_depth=14, estimator__min_samples_split=18, estimator__n_estimators=36; total time=   0.0s
[CV] END estimator__criterion=squared_error, estimator__learning_rate=0.01, estimator__max_depth=15, estimator__min_samples_split=12, estimator__n_estimators=84; total time=   0.0s
[CV] END estimator__criterion=squared_error, estimator__learning_rate=0.01, estimator__max_depth=15, estimator__min_samples_split=12, estimator__n_estimators=84; total time=   0.0s
[CV] END estimator__criterion=squared_error, estimator__learning_rate=0.01, estimator__max_depth=15, estimator__min_samples_split=12, estimator__n_estimators=84; total time=   0.0s
[CV] END estimator__criterion=squared_error, estimator__learning_rate=0.01, estimator__max_depth=15, estimator__min_samples_split=12, estimator__n_estimators=84; total time=   0.0s
[CV] END estimator__criterion=squared_error, estimator__learning_rate=0.01, estimator__max_depth=17, estimator__min_samples_split=10, estimator__n_estimators=52; total time=   0.0s
[CV] END estimator__criterion=squared_error, estimator__learning_rate=0.01, estimator__max_depth=17, estimator__min_samples_split=10, estimator__n_estimators=52; total time=   0.0s
[CV] END estimator__criterion=squared_error, estimator__learning_rate=0.01, estimator__max_depth=17, estimator__min_samples_split=10, estimator__n_estimators=52; total time=   0.0s
[CV] END estimator__criterion=squared_error, estimator__learning_rate=0.01, estimator__max_depth=17, estimator__min_samples_split=10, estimator__n_estimators=68; total time=   0.0s
[CV] END estimator__criterion=squared_error, estimator__learning_rate=0.01, estimator__max_depth=18, estimator__min_samples_split=12, estimator__n_estimators=52; total time=   0.0s
[CV] END estimator__criterion=squared_error, estimator__learning_rate=0.01, estimator__max_depth=18, estimator__min_samples_split=12, estimator__n_estimators=68; total time=   0.0s
[CV] END estimator__criterion=squared_error, estimator__learning_rate=0.01, estimator__max_depth=18, estimator__min_samples_split=12, estimator__n_estimators=68; total time=   0.0s
[CV] END estimator__criterion=squared_error, estimator__learning_rate=0.01, estimator__max_depth=18, estimator__min_samples_split=12, estimator__n_estimators=68; total time=   0.0s
[CV] END estimator__criterion=squared_error, estimator__learning_rate=0.1, estimator__max_depth=14, estimator__min_samples_split=14, estimator__n_estimators=52; total time=   0.0s
[CV] END estimator__criterion=squared_error, estimator__learning_rate=0.1, estimator__max_depth=14, estimator__min_samples_split=14, estimator__n_estimators=52; total time=   0.0s
[CV] END estimator__criterion=squared_error, estimator__learning_rate=0.1, estimator__max_depth=14, estimator__min_samples_split=14, estimator__n_estimators=52; total time=   0.0s[CV] END estimator__criterion=squared_error, estimator__learning_rate=0.001, estimator__max_depth=14, estimator__min_samples_split=10, estimator__n_estimators=52; total time=   0.0s
[CV] END estimator__criterion=squared_error, estimator__learning_rate=0.001, estimator__max_depth=15, estimator__min_samples_split=12, estimator__n_estimators=52; total time=   0.0s
[CV] END estimator__criterion=squared_error, estimator__learning_rate=0.001, estimator__max_depth=15, estimator__min_samples_split=12, estimator__n_estimators=84; total time=   0.0s
[CV] END estimator__criterion=squared_error, estimator__learning_rate=0.001, estimator__max_depth=15, estimator__min_samples_split=14, estimator__n_estimators=84; total time=   0.0s
[CV] END estimator__criterion=squared_error, estimator__learning_rate=0.001, estimator__max_depth=15, estimator__min_samples_split=16, estimator__n_estimators=68; total time=   0.0s
[CV] END estimator__criterion=squared_error, estimator__learning_rate=0.001, estimator__max_depth=15, estimator__min_samples_split=18, estimator__n_estimators=36; total time=   0.0s
[CV] END estimator__criterion=squared_error, estimator__learning_rate=0.001, estimator__max_depth=15, estimator__min_samples_split=18, estimator__n_estimators=52; total time=   0.0s
[CV] END estimator__criterion=squared_error, estimator__learning_rate=0.001, estimator__max_depth=16, estimator__min_samples_split=10, estimator__n_estimators=84; total time=   0.0s
[CV] END estimator__criterion=squared_error, estimator__learning_rate=0.001, estimator__max_depth=16, estimator__min_samples_split=12, estimator__n_estimators=20; total time=   0.0s
[CV] END estimator__criterion=squared_error, estimator__learning_rate=0.001, estimator__max_depth=16, estimator__min_samples_split=14, estimator__n_estimators=52; total time=   0.0s
[CV] END estimator__criterion=squared_error, estimator__learning_rate=0.001, estimator__max_depth=16, estimator__min_samples_split=14, estimator__n_estimators=52; total time=   0.0s
[CV] END estimator__criterion=squared_error, estimator__learning_rate=0.001, estimator__max_depth=16, estimator__min_samples_split=18, estimator__n_estimators=36; total time=   0.0s
[CV] END estimator__criterion=squared_error, estimator__learning_rate=0.001, estimator__max_depth=16, estimator__min_samples_split=18, estimator__n_estimators=36; total time=   0.0s
[CV] END estimator__criterion=squared_error, estimator__learning_rate=0.001, estimator__max_depth=16, estimator__min_samples_split=18, estimator__n_estimators=36; total time=   0.0s
[CV] END estimator__criterion=squared_error, estimator__learning_rate=0.001, estimator__max_depth=16, estimator__min_samples_split=18, estimator__n_estimators=36; total time=   0.0s
[CV] END estimator__criterion=squared_error, estimator__learning_rate=0.001, estimator__max_depth=17, estimator__min_samples_split=18, estimator__n_estimators=36; total time=   0.0s
[CV] END estimator__criterion=squared_error, estimator__learning_rate=0.001, estimator__max_depth=17, estimator__min_samples_split=18, estimator__n_estimators=36; total time=   0.0s
[CV] END estimator__criterion=squared_error, estimator__learning_rate=0.001, estimator__max_depth=17, estimator__min_samples_split=18, estimator__n_estimators=36; total time=   0.0s
[CV] END estimator__criterion=squared_error, estimator__learning_rate=0.001, estimator__max_depth=17, estimator__min_samples_split=18, estimator__n_estimators=36; total time=   0.0s
[CV] END estimator__criterion=squared_error, estimator__learning_rate=0.001, estimator__max_depth=18, estimator__min_samples_split=14, estimator__n_estimators=36; total time=   0.0s
[CV] END estimator__criterion=squared_error, estimator__learning_rate=0.001, estimator__max_depth=18, estimator__min_samples_split=14, estimator__n_estimators=36; total time=   0.0s
[CV] END estimator__criterion=squared_error, estimator__learning_rate=0.001, estimator__max_depth=18, estimator__min_samples_split=14, estimator__n_estimators=36; total time=   0.0s
[CV] END estimator__criterion=squared_error, estimator__learning_rate=0.001, estimator__max_depth=18, estimator__min_samples_split=14, estimator__n_estimators=36; total time=   0.0s
[CV] END estimator__criterion=squared_error, estimator__learning_rate=0.01, estimator__max_depth=14, estimator__min_samples_split=12, estimator__n_estimators=36; total time=   0.0s
[CV] END estimator__criterion=squared_error, estimator__learning_rate=0.01, estimator__max_depth=14, estimator__min_samples_split=12, estimator__n_estimators=36; total time=   0.0s
[CV] END estimator__criterion=squared_error, estimator__learning_rate=0.01, estimator__max_depth=14, estimator__min_samples_split=12, estimator__n_estimators=36; total time=   0.0s
[CV] END estimator__criterion=squared_error, estimator__learning_rate=0.01, estimator__max_depth=14, estimator__min_samples_split=12, estimator__n_estimators=36; total time=   0.0s
[CV] END estimator__criterion=squared_error, estimator__learning_rate=0.01, estimator__max_depth=14, estimator__min_samples_split=18, estimator__n_estimators=68; total time=   0.0s
[CV] END estimator__criterion=squared_error, estimator__learning_rate=0.01, estimator__max_depth=14, estimator__min_samples_split=18, estimator__n_estimators=68; total time=   0.0s
[CV] END estimator__criterion=squared_error, estimator__learning_rate=0.01, estimator__max_depth=14, estimator__min_samples_split=18, estimator__n_estimators=68; total time=   0.0s
[CV] END estimator__criterion=squared_error, estimator__learning_rate=0.01, estimator__max_depth=14, estimator__min_samples_split=18, estimator__n_estimators=68; total time=   0.0s
[CV] END estimator__criterion=squared_error, estimator__learning_rate=0.01, estimator__max_depth=16, estimator__min_samples_split=14, estimator__n_estimators=84; total time=   0.0s
[CV] END estimator__criterion=squared_error, estimator__learning_rate=0.01, estimator__max_depth=16, estimator__min_samples_split=14, estimator__n_estimators=84; total time=   0.0s
[CV] END estimator__criterion=squared_error, estimator__learning_rate=0.01, estimator__max_depth=16, estimator__min_samples_split=16, estimator__n_estimators=20; total time=   0.0s
[CV] END estimator__criterion=squared_error, estimator__learning_rate=0.01, estimator__max_depth=16, estimator__min_samples_split=16, estimator__n_estimators=20; total time=   0.0s
[CV] END estimator__criterion=squared_error, estimator__learning_rate=0.01, estimator__max_depth=17, estimator__min_samples_split=16, estimator__n_estimators=68; total time=   0.0s
[CV] END estimator__criterion=squared_error, estimator__learning_rate=0.01, estimator__max_depth=17, estimator__min_samples_split=16, estimator__n_estimators=68; total time=   0.0s
[CV] END estimator__criterion=squared_error, estimator__learning_rate=0.01, estimator__max_depth=17, estimator__min_samples_split=16, estimator__n_estimators=68; total time=   0.0s
[CV] END estimator__criterion=squared_error, estimator__learning_rate=0.01, estimator__max_depth=17, estimator__min_samples_split=16, estimator__n_estimators=84; total time=   0.0s
[CV] END estimator__criterion=squared_error, estimator__learning_rate=0.01, estimator__max_depth=18, estimator__min_samples_split=18, estimator__n_estimators=84; total time=   0.0s
[CV] END estimator__criterion=squared_error, estimator__learning_rate=0.01, estimator__max_depth=18, estimator__min_samples_split=18, estimator__n_estimators=84; total time=   0.0s
[CV] END estimator__criterion=squared_error, estimator__learning_rate=0.1, estimator__max_depth=14, estimator__min_samples_split=10, estimator__n_estimators=20; total time=   0.0s
[CV] END estimator__criterion=squared_error, estimator__learning_rate=0.1, estimator__max_depth=14, estimator__min_samples_split=10, estimator__n_estimators=20; total time=   0.0s
[CV] END estimator__criterion=squared_error, estimator__learning_rate=0.1, estimator__max_depth=15, estimator__min_samples_split=10, estimator__n_estimators=36; total time=   0.0s
[CV] END estimator__criterion=squared_error, estimator__learning_rate=0.1, estimator__max_depth=15, estimator__min_samples_split=10, estimator__n_estimators=52; total time=   0.0s[CV] END estimator__criterion=squared_error, estimator__learning_rate=0.001, estimator__max_depth=14, estimator__min_samples_split=10, estimator__n_estimators=68; total time=   0.0s
[CV] END estimator__criterion=squared_error, estimator__learning_rate=0.001, estimator__max_depth=15, estimator__min_samples_split=14, estimator__n_estimators=20; total time=   0.0s
[CV] END estimator__criterion=squared_error, estimator__learning_rate=0.001, estimator__max_depth=15, estimator__min_samples_split=14, estimator__n_estimators=52; total time=   0.0s
[CV] END estimator__criterion=squared_error, estimator__learning_rate=0.001, estimator__max_depth=15, estimator__min_samples_split=14, estimator__n_estimators=84; total time=   0.0s
[CV] END estimator__criterion=squared_error, estimator__learning_rate=0.001, estimator__max_depth=15, estimator__min_samples_split=16, estimator__n_estimators=84; total time=   0.0s
[CV] END estimator__criterion=squared_error, estimator__learning_rate=0.001, estimator__max_depth=16, estimator__min_samples_split=10, estimator__n_estimators=20; total time=   0.0s
[CV] END estimator__criterion=squared_error, estimator__learning_rate=0.001, estimator__max_depth=16, estimator__min_samples_split=10, estimator__n_estimators=36; total time=   0.0s
[CV] END estimator__criterion=squared_error, estimator__learning_rate=0.001, estimator__max_depth=16, estimator__min_samples_split=12, estimator__n_estimators=20; total time=   0.0s
[CV] END estimator__criterion=squared_error, estimator__learning_rate=0.001, estimator__max_depth=16, estimator__min_samples_split=12, estimator__n_estimators=20; total time=   0.0s
[CV] END estimator__criterion=squared_error, estimator__learning_rate=0.001, estimator__max_depth=16, estimator__min_samples_split=12, estimator__n_estimators=68; total time=   0.0s
[CV] END estimator__criterion=squared_error, estimator__learning_rate=0.001, estimator__max_depth=16, estimator__min_samples_split=12, estimator__n_estimators=84; total time=   0.0s
[CV] END estimator__criterion=squared_error, estimator__learning_rate=0.001, estimator__max_depth=16, estimator__min_samples_split=16, estimator__n_estimators=84; total time=   0.0s
[CV] END estimator__criterion=squared_error, estimator__learning_rate=0.001, estimator__max_depth=16, estimator__min_samples_split=16, estimator__n_estimators=84; total time=   0.0s
[CV] END estimator__criterion=squared_error, estimator__learning_rate=0.001, estimator__max_depth=17, estimator__min_samples_split=18, estimator__n_estimators=52; total time=   0.0s
[CV] END estimator__criterion=squared_error, estimator__learning_rate=0.001, estimator__max_depth=17, estimator__min_samples_split=18, estimator__n_estimators=52; total time=   0.0s
[CV] END estimator__criterion=squared_error, estimator__learning_rate=0.001, estimator__max_depth=17, estimator__min_samples_split=18, estimator__n_estimators=68; total time=   0.0s
[CV] END estimator__criterion=squared_error, estimator__learning_rate=0.001, estimator__max_depth=17, estimator__min_samples_split=18, estimator__n_estimators=68; total time=   0.0s
[CV] END estimator__criterion=squared_error, estimator__learning_rate=0.01, estimator__max_depth=14, estimator__min_samples_split=10, estimator__n_estimators=68; total time=   0.0s
[CV] END estimator__criterion=squared_error, estimator__learning_rate=0.01, estimator__max_depth=14, estimator__min_samples_split=10, estimator__n_estimators=84; total time=   0.0s
[CV] END estimator__criterion=squared_error, estimator__learning_rate=0.01, estimator__max_depth=14, estimator__min_samples_split=10, estimator__n_estimators=84; total time=   0.0s
[CV] END estimator__criterion=squared_error, estimator__learning_rate=0.01, estimator__max_depth=14, estimator__min_samples_split=10, estimator__n_estimators=84; total time=   0.0s
[CV] END estimator__criterion=squared_error, estimator__learning_rate=0.01, estimator__max_depth=15, estimator__min_samples_split=16, estimator__n_estimators=68; total time=   0.0s
[CV] END estimator__criterion=squared_error, estimator__learning_rate=0.01, estimator__max_depth=15, estimator__min_samples_split=16, estimator__n_estimators=84; total time=   0.0s
[CV] END estimator__criterion=squared_error, estimator__learning_rate=0.01, estimator__max_depth=15, estimator__min_samples_split=16, estimator__n_estimators=84; total time=   0.0s
[CV] END estimator__criterion=squared_error, estimator__learning_rate=0.01, estimator__max_depth=15, estimator__min_samples_split=16, estimator__n_estimators=84; total time=   0.0s
[CV] END estimator__criterion=squared_error, estimator__learning_rate=0.01, estimator__max_depth=17, estimator__min_samples_split=10, estimator__n_estimators=36; total time=   0.0s
[CV] END estimator__criterion=squared_error, estimator__learning_rate=0.01, estimator__max_depth=17, estimator__min_samples_split=10, estimator__n_estimators=36; total time=   0.0s
[CV] END estimator__criterion=squared_error, estimator__learning_rate=0.01, estimator__max_depth=17, estimator__min_samples_split=10, estimator__n_estimators=52; total time=   0.0s
[CV] END estimator__criterion=squared_error, estimator__learning_rate=0.01, estimator__max_depth=17, estimator__min_samples_split=10, estimator__n_estimators=52; total time=   0.0s
[CV] END estimator__criterion=squared_error, estimator__learning_rate=0.01, estimator__max_depth=18, estimator__min_samples_split=10, estimator__n_estimators=52; total time=   0.0s
[CV] END estimator__criterion=squared_error, estimator__learning_rate=0.01, estimator__max_depth=18, estimator__min_samples_split=10, estimator__n_estimators=52; total time=   0.0s
[CV] END estimator__criterion=squared_error, estimator__learning_rate=0.01, estimator__max_depth=18, estimator__min_samples_split=10, estimator__n_estimators=52; total time=   0.0s
[CV] END estimator__criterion=squared_error, estimator__learning_rate=0.01, estimator__max_depth=18, estimator__min_samples_split=10, estimator__n_estimators=52; total time=   0.0s
[CV] END estimator__criterion=squared_error, estimator__learning_rate=0.1, estimator__max_depth=14, estimator__min_samples_split=12, estimator__n_estimators=36; total time=   0.0s
[CV] END estimator__criterion=squared_error, estimator__learning_rate=0.1, estimator__max_depth=14, estimator__min_samples_split=12, estimator__n_estimators=36; total time=   0.0s
[CV] END estimator__criterion=squared_error, estimator__learning_rate=0.1, estimator__max_depth=14, estimator__min_samples_split=12, estimator__n_estimators=36; total time=   0.0s
[CV] END estimator__criterion=squared_error, estimator__learning_rate=0.1, estimator__max_depth=14, estimator__min_samples_split=12, estimator__n_estimators=36; total time=   0.0s
[CV] END estimator__criterion=squared_error, estimator__learning_rate=0.1, estimator__max_depth=15, estimator__min_samples_split=10, estimator__n_estimators=20; total time=   0.0s
[CV] END estimator__criterion=squared_error, estimator__learning_rate=0.1, estimator__max_depth=15, estimator__min_samples_split=10, estimator__n_estimators=20; total time=   0.0s
[CV] END estimator__criterion=squared_error, estimator__learning_rate=0.1, estimator__max_depth=15, estimator__min_samples_split=10, estimator__n_estimators=20; total time=   0.0s
[CV] END estimator__criterion=squared_error, estimator__learning_rate=0.1, estimator__max_depth=15, estimator__min_samples_split=10, estimator__n_estimators=20; total time=   0.0s
[CV] END estimator__criterion=squared_error, estimator__learning_rate=0.1, estimator__max_depth=15, estimator__min_samples_split=14, estimator__n_estimators=20; total time=   0.0s
[CV] END estimator__criterion=squared_error, estimator__learning_rate=0.1, estimator__max_depth=15, estimator__min_samples_split=14, estimator__n_estimators=20; total time=   0.0s
[CV] END estimator__criterion=squared_error, estimator__learning_rate=0.1, estimator__max_depth=15, estimator__min_samples_split=14, estimator__n_estimators=36; total time=   0.0s
[CV] END estimator__criterion=squared_error, estimator__learning_rate=0.1, estimator__max_depth=15, estimator__min_samples_split=14, estimator__n_estimators=36; total time=   0.0s[CV] END estimator__criterion=squared_error, estimator__learning_rate=0.001, estimator__max_depth=14, estimator__min_samples_split=10, estimator__n_estimators=68; total time=   0.0s
[CV] END estimator__criterion=squared_error, estimator__learning_rate=0.001, estimator__max_depth=15, estimator__min_samples_split=18, estimator__n_estimators=52; total time=   0.0s
[CV] END estimator__criterion=squared_error, estimator__learning_rate=0.001, estimator__max_depth=15, estimator__min_samples_split=18, estimator__n_estimators=52; total time=   0.0s
[CV] END estimator__criterion=squared_error, estimator__learning_rate=0.001, estimator__max_depth=16, estimator__min_samples_split=12, estimator__n_estimators=20; total time=   0.0s
[CV] END estimator__criterion=squared_error, estimator__learning_rate=0.001, estimator__max_depth=16, estimator__min_samples_split=12, estimator__n_estimators=20; total time=   0.0s
[CV] END estimator__criterion=squared_error, estimator__learning_rate=0.001, estimator__max_depth=16, estimator__min_samples_split=12, estimator__n_estimators=68; total time=   0.0s
[CV] END estimator__criterion=squared_error, estimator__learning_rate=0.001, estimator__max_depth=16, estimator__min_samples_split=12, estimator__n_estimators=68; total time=   0.0s
[CV] END estimator__criterion=squared_error, estimator__learning_rate=0.001, estimator__max_depth=16, estimator__min_samples_split=16, estimator__n_estimators=52; total time=   0.0s
[CV] END estimator__criterion=squared_error, estimator__learning_rate=0.001, estimator__max_depth=16, estimator__min_samples_split=16, estimator__n_estimators=52; total time=   0.0s
[CV] END estimator__criterion=squared_error, estimator__learning_rate=0.001, estimator__max_depth=17, estimator__min_samples_split=16, estimator__n_estimators=36; total time=   0.0s
[CV] END estimator__criterion=squared_error, estimator__learning_rate=0.001, estimator__max_depth=17, estimator__min_samples_split=16, estimator__n_estimators=36; total time=   0.0s
[CV] END estimator__criterion=squared_error, estimator__learning_rate=0.001, estimator__max_depth=17, estimator__min_samples_split=16, estimator__n_estimators=36; total time=   0.0s
[CV] END estimator__criterion=squared_error, estimator__learning_rate=0.001, estimator__max_depth=17, estimator__min_samples_split=16, estimator__n_estimators=36; total time=   0.0s
[CV] END estimator__criterion=squared_error, estimator__learning_rate=0.001, estimator__max_depth=18, estimator__min_samples_split=12, estimator__n_estimators=68; total time=   0.0s
[CV] END estimator__criterion=squared_error, estimator__learning_rate=0.001, estimator__max_depth=18, estimator__min_samples_split=12, estimator__n_estimators=68; total time=   0.0s
[CV] END estimator__criterion=squared_error, estimator__learning_rate=0.001, estimator__max_depth=18, estimator__min_samples_split=12, estimator__n_estimators=68; total time=   0.0s
[CV] END estimator__criterion=squared_error, estimator__learning_rate=0.001, estimator__max_depth=18, estimator__min_samples_split=12, estimator__n_estimators=68; total time=   0.0s
[CV] END estimator__criterion=squared_error, estimator__learning_rate=0.01, estimator__max_depth=14, estimator__min_samples_split=16, estimator__n_estimators=68; total time=   0.0s
[CV] END estimator__criterion=squared_error, estimator__learning_rate=0.01, estimator__max_depth=14, estimator__min_samples_split=16, estimator__n_estimators=68; total time=   0.0s
[CV] END estimator__criterion=squared_error, estimator__learning_rate=0.01, estimator__max_depth=14, estimator__min_samples_split=16, estimator__n_estimators=68; total time=   0.0s
[CV] END estimator__criterion=squared_error, estimator__learning_rate=0.01, estimator__max_depth=14, estimator__min_samples_split=16, estimator__n_estimators=68; total time=   0.0s
[CV] END estimator__criterion=squared_error, estimator__learning_rate=0.01, estimator__max_depth=15, estimator__min_samples_split=18, estimator__n_estimators=36; total time=   0.0s
[CV] END estimator__criterion=squared_error, estimator__learning_rate=0.01, estimator__max_depth=15, estimator__min_samples_split=18, estimator__n_estimators=36; total time=   0.0s
[CV] END estimator__criterion=squared_error, estimator__learning_rate=0.01, estimator__max_depth=15, estimator__min_samples_split=18, estimator__n_estimators=36; total time=   0.0s
[CV] END estimator__criterion=squared_error, estimator__learning_rate=0.01, estimator__max_depth=15, estimator__min_samples_split=18, estimator__n_estimators=36; total time=   0.0s
[CV] END estimator__criterion=squared_error, estimator__learning_rate=0.01, estimator__max_depth=16, estimator__min_samples_split=12, estimator__n_estimators=68; total time=   0.0s
[CV] END estimator__criterion=squared_error, estimator__learning_rate=0.01, estimator__max_depth=16, estimator__min_samples_split=12, estimator__n_estimators=68; total time=   0.0s
[CV] END estimator__criterion=squared_error, estimator__learning_rate=0.01, estimator__max_depth=16, estimator__min_samples_split=12, estimator__n_estimators=68; total time=   0.0s
[CV] END estimator__criterion=squared_error, estimator__learning_rate=0.01, estimator__max_depth=16, estimator__min_samples_split=12, estimator__n_estimators=68; total time=   0.0s
[CV] END estimator__criterion=squared_error, estimator__learning_rate=0.01, estimator__max_depth=17, estimator__min_samples_split=16, estimator__n_estimators=36; total time=   0.0s
[CV] END estimator__criterion=squared_error, estimator__learning_rate=0.01, estimator__max_depth=17, estimator__min_samples_split=16, estimator__n_estimators=52; total time=   0.0s
[CV] END estimator__criterion=squared_error, estimator__learning_rate=0.01, estimator__max_depth=17, estimator__min_samples_split=16, estimator__n_estimators=52; total time=   0.0s
[CV] END estimator__criterion=squared_error, estimator__learning_rate=0.01, estimator__max_depth=17, estimator__min_samples_split=16, estimator__n_estimators=52; total time=   0.0s
[CV] END estimator__criterion=squared_error, estimator__learning_rate=0.01, estimator__max_depth=18, estimator__min_samples_split=14, estimator__n_estimators=84; total time=   0.0s
[CV] END estimator__criterion=squared_error, estimator__learning_rate=0.01, estimator__max_depth=18, estimator__min_samples_split=14, estimator__n_estimators=84; total time=   0.0s
[CV] END estimator__criterion=squared_error, estimator__learning_rate=0.01, estimator__max_depth=18, estimator__min_samples_split=14, estimator__n_estimators=84; total time=   0.0s
[CV] END estimator__criterion=squared_error, estimator__learning_rate=0.01, estimator__max_depth=18, estimator__min_samples_split=14, estimator__n_estimators=84; total time=   0.0s
[CV] END estimator__criterion=squared_error, estimator__learning_rate=0.1, estimator__max_depth=15, estimator__min_samples_split=10, estimator__n_estimators=36; total time=   0.0s
[CV] END estimator__criterion=squared_error, estimator__learning_rate=0.1, estimator__max_depth=15, estimator__min_samples_split=10, estimator__n_estimators=36; total time=   0.0s
[CV] END estimator__criterion=squared_error, estimator__learning_rate=0.1, estimator__max_depth=15, estimator__min_samples_split=10, estimator__n_estimators=36; total time=   0.0s
[CV] END estimator__criterion=squared_error, estimator__learning_rate=0.1, estimator__max_depth=15, estimator__min_samples_split=10, estimator__n_estimators=36; total time=   0.0s
[CV] END estimator__criterion=squared_error, estimator__learning_rate=0.1, estimator__max_depth=15, estimator__min_samples_split=18, estimator__n_estimators=20; total time=   0.0s
[CV] END estimator__criterion=squared_error, estimator__learning_rate=0.1, estimator__max_depth=15, estimator__min_samples_split=18, estimator__n_estimators=20; total time=   0.0s
[CV] END estimator__criterion=squared_error, estimator__learning_rate=0.1, estimator__max_depth=15, estimator__min_samples_split=18, estimator__n_estimators=20; total time=   0.0s
[CV] END estimator__criterion=squared_error, estimator__learning_rate=0.1, estimator__max_depth=15, estimator__min_samples_split=18, estimator__n_estimators=20; total time=   0.0s[CV] END estimator__criterion=squared_error, estimator__learning_rate=0.001, estimator__max_depth=14, estimator__min_samples_split=12, estimator__n_estimators=36; total time=   0.0s
[CV] END estimator__criterion=squared_error, estimator__learning_rate=0.001, estimator__max_depth=17, estimator__min_samples_split=12, estimator__n_estimators=84; total time=   0.0s
[CV] END estimator__criterion=squared_error, estimator__learning_rate=0.001, estimator__max_depth=17, estimator__min_samples_split=12, estimator__n_estimators=84; total time=   0.0s
[CV] END estimator__criterion=squared_error, estimator__learning_rate=0.001, estimator__max_depth=17, estimator__min_samples_split=12, estimator__n_estimators=84; total time=   0.0s
[CV] END estimator__criterion=squared_error, estimator__learning_rate=0.001, estimator__max_depth=17, estimator__min_samples_split=12, estimator__n_estimators=84; total time=   0.0s
[CV] END estimator__criterion=squared_error, estimator__learning_rate=0.001, estimator__max_depth=18, estimator__min_samples_split=18, estimator__n_estimators=20; total time=   0.0s
[CV] END estimator__criterion=squared_error, estimator__learning_rate=0.001, estimator__max_depth=18, estimator__min_samples_split=18, estimator__n_estimators=36; total time=   0.0s
[CV] END estimator__criterion=squared_error, estimator__learning_rate=0.001, estimator__max_depth=18, estimator__min_samples_split=18, estimator__n_estimators=36; total time=   0.0s
[CV] END estimator__criterion=squared_error, estimator__learning_rate=0.001, estimator__max_depth=18, estimator__min_samples_split=18, estimator__n_estimators=36; total time=   0.0s
[CV] END estimator__criterion=squared_error, estimator__learning_rate=0.01, estimator__max_depth=14, estimator__min_samples_split=14, estimator__n_estimators=20; total time=   0.0s
[CV] END estimator__criterion=squared_error, estimator__learning_rate=0.01, estimator__max_depth=14, estimator__min_samples_split=14, estimator__n_estimators=20; total time=   0.0s
[CV] END estimator__criterion=squared_error, estimator__learning_rate=0.01, estimator__max_depth=14, estimator__min_samples_split=14, estimator__n_estimators=20; total time=   0.0s
[CV] END estimator__criterion=squared_error, estimator__learning_rate=0.01, estimator__max_depth=14, estimator__min_samples_split=14, estimator__n_estimators=20; total time=   0.0s
[CV] END estimator__criterion=squared_error, estimator__learning_rate=0.01, estimator__max_depth=14, estimator__min_samples_split=18, estimator__n_estimators=52; total time=   0.0s
[CV] END estimator__criterion=squared_error, estimator__learning_rate=0.01, estimator__max_depth=14, estimator__min_samples_split=18, estimator__n_estimators=52; total time=   0.0s
[CV] END estimator__criterion=squared_error, estimator__learning_rate=0.01, estimator__max_depth=14, estimator__min_samples_split=18, estimator__n_estimators=52; total time=   0.0s
[CV] END estimator__criterion=squared_error, estimator__learning_rate=0.01, estimator__max_depth=14, estimator__min_samples_split=18, estimator__n_estimators=52; total time=   0.0s
[CV] END estimator__criterion=squared_error, estimator__learning_rate=0.01, estimator__max_depth=15, estimator__min_samples_split=16, estimator__n_estimators=52; total time=   0.0s
[CV] END estimator__criterion=squared_error, estimator__learning_rate=0.01, estimator__max_depth=15, estimator__min_samples_split=16, estimator__n_estimators=52; total time=   0.0s
[CV] END estimator__criterion=squared_error, estimator__learning_rate=0.01, estimator__max_depth=15, estimator__min_samples_split=16, estimator__n_estimators=52; total time=   0.0s
[CV] END estimator__criterion=squared_error, estimator__learning_rate=0.01, estimator__max_depth=15, estimator__min_samples_split=16, estimator__n_estimators=52; total time=   0.0s
[CV] END estimator__criterion=squared_error, estimator__learning_rate=0.01, estimator__max_depth=16, estimator__min_samples_split=12, estimator__n_estimators=84; total time=   0.0s
[CV] END estimator__criterion=squared_error, estimator__learning_rate=0.01, estimator__max_depth=16, estimator__min_samples_split=14, estimator__n_estimators=20; total time=   0.0s
[CV] END estimator__criterion=squared_error, estimator__learning_rate=0.01, estimator__max_depth=16, estimator__min_samples_split=14, estimator__n_estimators=20; total time=   0.0s
[CV] END estimator__criterion=squared_error, estimator__learning_rate=0.01, estimator__max_depth=16, estimator__min_samples_split=14, estimator__n_estimators=20; total time=   0.0s
[CV] END estimator__criterion=squared_error, estimator__learning_rate=0.01, estimator__max_depth=17, estimator__min_samples_split=10, estimator__n_estimators=20; total time=   0.0s
[CV] END estimator__criterion=squared_error, estimator__learning_rate=0.01, estimator__max_depth=17, estimator__min_samples_split=10, estimator__n_estimators=36; total time=   0.0s
[CV] END estimator__criterion=squared_error, estimator__learning_rate=0.01, estimator__max_depth=17, estimator__min_samples_split=10, estimator__n_estimators=36; total time=   0.0s
[CV] END estimator__criterion=squared_error, estimator__learning_rate=0.01, estimator__max_depth=17, estimator__min_samples_split=10, estimator__n_estimators=36; total time=   0.0s
[CV] END estimator__criterion=squared_error, estimator__learning_rate=0.01, estimator__max_depth=17, estimator__min_samples_split=18, estimator__n_estimators=36; total time=   0.0s
[CV] END estimator__criterion=squared_error, estimator__learning_rate=0.01, estimator__max_depth=17, estimator__min_samples_split=18, estimator__n_estimators=36; total time=   0.0s
[CV] END estimator__criterion=squared_error, estimator__learning_rate=0.01, estimator__max_depth=17, estimator__min_samples_split=18, estimator__n_estimators=52; total time=   0.0s
[CV] END estimator__criterion=squared_error, estimator__learning_rate=0.01, estimator__max_depth=17, estimator__min_samples_split=18, estimator__n_estimators=52; total time=   0.0s
[CV] END estimator__criterion=squared_error, estimator__learning_rate=0.01, estimator__max_depth=18, estimator__min_samples_split=16, estimator__n_estimators=84; total time=   0.0s
[CV] END estimator__criterion=squared_error, estimator__learning_rate=0.01, estimator__max_depth=18, estimator__min_samples_split=18, estimator__n_estimators=20; total time=   0.0s
[CV] END estimator__criterion=squared_error, estimator__learning_rate=0.01, estimator__max_depth=18, estimator__min_samples_split=18, estimator__n_estimators=20; total time=   0.0s
[CV] END estimator__criterion=squared_error, estimator__learning_rate=0.01, estimator__max_depth=18, estimator__min_samples_split=18, estimator__n_estimators=20; total time=   0.0s
[CV] END estimator__criterion=squared_error, estimator__learning_rate=0.1, estimator__max_depth=14, estimator__min_samples_split=14, estimator__n_estimators=68; total time=   0.0s
[CV] END estimator__criterion=squared_error, estimator__learning_rate=0.1, estimator__max_depth=14, estimator__min_samples_split=14, estimator__n_estimators=68; total time=   0.0s
[CV] END estimator__criterion=squared_error, estimator__learning_rate=0.1, estimator__max_depth=14, estimator__min_samples_split=14, estimator__n_estimators=68; total time=   0.0s
[CV] END estimator__criterion=squared_error, estimator__learning_rate=0.1, estimator__max_depth=14, estimator__min_samples_split=14, estimator__n_estimators=68; total time=   0.0s
[CV] END estimator__criterion=squared_error, estimator__learning_rate=0.1, estimator__max_depth=15, estimator__min_samples_split=18, estimator__n_estimators=36; total time=   0.0s
[CV] END estimator__criterion=squared_error, estimator__learning_rate=0.1, estimator__max_depth=15, estimator__min_samples_split=18, estimator__n_estimators=36; total time=   0.0s
[CV] END estimator__criterion=squared_error, estimator__learning_rate=0.1, estimator__max_depth=15, estimator__min_samples_split=18, estimator__n_estimators=36; total time=   0.0s
[CV] END estimator__criterion=squared_error, estimator__learning_rate=0.1, estimator__max_depth=15, estimator__min_samples_split=18, estimator__n_estimators=36; total time=   0.0s
[CV] END estimator__criterion=squared_error, estimator__learning_rate=0.1, estimator__max_depth=16, estimator__min_samples_split=14, estimator__n_estimators=52; total time=   0.0s[CV] END estimator__criterion=squared_error, estimator__learning_rate=0.001, estimator__max_depth=14, estimator__min_samples_split=10, estimator__n_estimators=20; total time=   0.0s
[CV] END estimator__criterion=squared_error, estimator__learning_rate=0.001, estimator__max_depth=16, estimator__min_samples_split=10, estimator__n_estimators=20; total time=   0.0s
[CV] END estimator__criterion=squared_error, estimator__learning_rate=0.001, estimator__max_depth=16, estimator__min_samples_split=10, estimator__n_estimators=20; total time=   0.0s
[CV] END estimator__criterion=squared_error, estimator__learning_rate=0.001, estimator__max_depth=16, estimator__min_samples_split=10, estimator__n_estimators=84; total time=   0.0s
[CV] END estimator__criterion=squared_error, estimator__learning_rate=0.001, estimator__max_depth=16, estimator__min_samples_split=10, estimator__n_estimators=84; total time=   0.0s
[CV] END estimator__criterion=squared_error, estimator__learning_rate=0.001, estimator__max_depth=16, estimator__min_samples_split=16, estimator__n_estimators=36; total time=   0.0s
[CV] END estimator__criterion=squared_error, estimator__learning_rate=0.001, estimator__max_depth=16, estimator__min_samples_split=16, estimator__n_estimators=36; total time=   0.0s
[CV] END estimator__criterion=squared_error, estimator__learning_rate=0.001, estimator__max_depth=17, estimator__min_samples_split=12, estimator__n_estimators=36; total time=   0.0s
[CV] END estimator__criterion=squared_error, estimator__learning_rate=0.001, estimator__max_depth=17, estimator__min_samples_split=12, estimator__n_estimators=36; total time=   0.0s
[CV] END estimator__criterion=squared_error, estimator__learning_rate=0.001, estimator__max_depth=17, estimator__min_samples_split=12, estimator__n_estimators=52; total time=   0.0s
[CV] END estimator__criterion=squared_error, estimator__learning_rate=0.001, estimator__max_depth=17, estimator__min_samples_split=12, estimator__n_estimators=52; total time=   0.0s
[CV] END estimator__criterion=squared_error, estimator__learning_rate=0.001, estimator__max_depth=18, estimator__min_samples_split=10, estimator__n_estimators=84; total time=   0.0s
[CV] END estimator__criterion=squared_error, estimator__learning_rate=0.001, estimator__max_depth=18, estimator__min_samples_split=12, estimator__n_estimators=20; total time=   0.0s
[CV] END estimator__criterion=squared_error, estimator__learning_rate=0.001, estimator__max_depth=18, estimator__min_samples_split=12, estimator__n_estimators=20; total time=   0.0s
[CV] END estimator__criterion=squared_error, estimator__learning_rate=0.001, estimator__max_depth=18, estimator__min_samples_split=12, estimator__n_estimators=20; total time=   0.0s
[CV] END estimator__criterion=squared_error, estimator__learning_rate=0.001, estimator__max_depth=18, estimator__min_samples_split=18, estimator__n_estimators=36; total time=   0.0s
[CV] END estimator__criterion=squared_error, estimator__learning_rate=0.001, estimator__max_depth=18, estimator__min_samples_split=18, estimator__n_estimators=36; total time=   0.0s
[CV] END estimator__criterion=squared_error, estimator__learning_rate=0.001, estimator__max_depth=18, estimator__min_samples_split=18, estimator__n_estimators=52; total time=   0.0s
[CV] END estimator__criterion=squared_error, estimator__learning_rate=0.001, estimator__max_depth=18, estimator__min_samples_split=18, estimator__n_estimators=52; total time=   0.0s
[CV] END estimator__criterion=squared_error, estimator__learning_rate=0.01, estimator__max_depth=14, estimator__min_samples_split=16, estimator__n_estimators=20; total time=   0.0s
[CV] END estimator__criterion=squared_error, estimator__learning_rate=0.01, estimator__max_depth=14, estimator__min_samples_split=16, estimator__n_estimators=36; total time=   0.0s
[CV] END estimator__criterion=squared_error, estimator__learning_rate=0.01, estimator__max_depth=14, estimator__min_samples_split=16, estimator__n_estimators=36; total time=   0.0s
[CV] END estimator__criterion=squared_error, estimator__learning_rate=0.01, estimator__max_depth=14, estimator__min_samples_split=16, estimator__n_estimators=36; total time=   0.0s
[CV] END estimator__criterion=squared_error, estimator__learning_rate=0.01, estimator__max_depth=15, estimator__min_samples_split=12, estimator__n_estimators=68; total time=   0.0s
[CV] END estimator__criterion=squared_error, estimator__learning_rate=0.01, estimator__max_depth=15, estimator__min_samples_split=12, estimator__n_estimators=68; total time=   0.0s
[CV] END estimator__criterion=squared_error, estimator__learning_rate=0.01, estimator__max_depth=15, estimator__min_samples_split=12, estimator__n_estimators=68; total time=   0.0s
[CV] END estimator__criterion=squared_error, estimator__learning_rate=0.01, estimator__max_depth=15, estimator__min_samples_split=12, estimator__n_estimators=84; total time=   0.0s
[CV] END estimator__criterion=squared_error, estimator__learning_rate=0.01, estimator__max_depth=16, estimator__min_samples_split=18, estimator__n_estimators=68; total time=   0.0s
[CV] END estimator__criterion=squared_error, estimator__learning_rate=0.01, estimator__max_depth=16, estimator__min_samples_split=18, estimator__n_estimators=68; total time=   0.0s
[CV] END estimator__criterion=squared_error, estimator__learning_rate=0.01, estimator__max_depth=16, estimator__min_samples_split=18, estimator__n_estimators=68; total time=   0.0s
[CV] END estimator__criterion=squared_error, estimator__learning_rate=0.01, estimator__max_depth=16, estimator__min_samples_split=18, estimator__n_estimators=84; total time=   0.0s
[CV] END estimator__criterion=squared_error, estimator__learning_rate=0.01, estimator__max_depth=18, estimator__min_samples_split=14, estimator__n_estimators=36; total time=   0.0s
[CV] END estimator__criterion=squared_error, estimator__learning_rate=0.01, estimator__max_depth=18, estimator__min_samples_split=14, estimator__n_estimators=36; total time=   0.0s
[CV] END estimator__criterion=squared_error, estimator__learning_rate=0.01, estimator__max_depth=18, estimator__min_samples_split=14, estimator__n_estimators=36; total time=   0.0s
[CV] END estimator__criterion=squared_error, estimator__learning_rate=0.01, estimator__max_depth=18, estimator__min_samples_split=14, estimator__n_estimators=36; total time=   0.0s
[CV] END estimator__criterion=squared_error, estimator__learning_rate=0.1, estimator__max_depth=14, estimator__min_samples_split=10, estimator__n_estimators=84; total time=   0.0s
[CV] END estimator__criterion=squared_error, estimator__learning_rate=0.1, estimator__max_depth=14, estimator__min_samples_split=10, estimator__n_estimators=84; total time=   0.0s
[CV] END estimator__criterion=squared_error, estimator__learning_rate=0.1, estimator__max_depth=14, estimator__min_samples_split=10, estimator__n_estimators=84; total time=   0.0s
[CV] END estimator__criterion=squared_error, estimator__learning_rate=0.1, estimator__max_depth=14, estimator__min_samples_split=12, estimator__n_estimators=20; total time=   0.0s
[CV] END estimator__criterion=squared_error, estimator__learning_rate=0.1, estimator__max_depth=15, estimator__min_samples_split=14, estimator__n_estimators=84; total time=   0.0s
[CV] END estimator__criterion=squared_error, estimator__learning_rate=0.1, estimator__max_depth=15, estimator__min_samples_split=14, estimator__n_estimators=84; total time=   0.0s
[CV] END estimator__criterion=squared_error, estimator__learning_rate=0.1, estimator__max_depth=15, estimator__min_samples_split=16, estimator__n_estimators=20; total time=   0.0s
[CV] END estimator__criterion=squared_error, estimator__learning_rate=0.1, estimator__max_depth=15, estimator__min_samples_split=16, estimator__n_estimators=20; total time=   0.0s
[CV] END estimator__criterion=squared_error, estimator__learning_rate=0.1, estimator__max_depth=16, estimator__min_samples_split=16, estimator__n_estimators=36; total time=   0.0s
[CV] END estimator__criterion=squared_error, estimator__learning_rate=0.1, estimator__max_depth=16, estimator__min_samples_split=16, estimator__n_estimators=52; total time=   0.0s[CV] END estimator__criterion=squared_error, estimator__learning_rate=0.001, estimator__max_depth=14, estimator__min_samples_split=12, estimator__n_estimators=20; total time=   0.0s
[CV] END estimator__criterion=squared_error, estimator__learning_rate=0.001, estimator__max_depth=16, estimator__min_samples_split=16, estimator__n_estimators=68; total time=   0.0s
[CV] END estimator__criterion=squared_error, estimator__learning_rate=0.001, estimator__max_depth=16, estimator__min_samples_split=16, estimator__n_estimators=68; total time=   0.0s
[CV] END estimator__criterion=squared_error, estimator__learning_rate=0.001, estimator__max_depth=17, estimator__min_samples_split=16, estimator__n_estimators=52; total time=   0.0s
[CV] END estimator__criterion=squared_error, estimator__learning_rate=0.001, estimator__max_depth=17, estimator__min_samples_split=16, estimator__n_estimators=68; total time=   0.0s
[CV] END estimator__criterion=squared_error, estimator__learning_rate=0.001, estimator__max_depth=17, estimator__min_samples_split=16, estimator__n_estimators=68; total time=   0.0s
[CV] END estimator__criterion=squared_error, estimator__learning_rate=0.001, estimator__max_depth=17, estimator__min_samples_split=16, estimator__n_estimators=68; total time=   0.0s
[CV] END estimator__criterion=squared_error, estimator__learning_rate=0.001, estimator__max_depth=18, estimator__min_samples_split=18, estimator__n_estimators=52; total time=   0.0s
[CV] END estimator__criterion=squared_error, estimator__learning_rate=0.001, estimator__max_depth=18, estimator__min_samples_split=18, estimator__n_estimators=52; total time=   0.0s
[CV] END estimator__criterion=squared_error, estimator__learning_rate=0.001, estimator__max_depth=18, estimator__min_samples_split=18, estimator__n_estimators=52; total time=   0.0s
[CV] END estimator__criterion=squared_error, estimator__learning_rate=0.001, estimator__max_depth=18, estimator__min_samples_split=18, estimator__n_estimators=68; total time=   0.0s
[CV] END estimator__criterion=squared_error, estimator__learning_rate=0.01, estimator__max_depth=15, estimator__min_samples_split=10, estimator__n_estimators=36; total time=   0.0s
[CV] END estimator__criterion=squared_error, estimator__learning_rate=0.01, estimator__max_depth=15, estimator__min_samples_split=10, estimator__n_estimators=36; total time=   0.0s
[CV] END estimator__criterion=squared_error, estimator__learning_rate=0.01, estimator__max_depth=15, estimator__min_samples_split=10, estimator__n_estimators=36; total time=   0.0s
[CV] END estimator__criterion=squared_error, estimator__learning_rate=0.01, estimator__max_depth=15, estimator__min_samples_split=10, estimator__n_estimators=36; total time=   0.0s
[CV] END estimator__criterion=squared_error, estimator__learning_rate=0.01, estimator__max_depth=16, estimator__min_samples_split=10, estimator__n_estimators=52; total time=   0.0s
[CV] END estimator__criterion=squared_error, estimator__learning_rate=0.01, estimator__max_depth=16, estimator__min_samples_split=10, estimator__n_estimators=52; total time=   0.0s
[CV] END estimator__criterion=squared_error, estimator__learning_rate=0.01, estimator__max_depth=16, estimator__min_samples_split=10, estimator__n_estimators=68; total time=   0.0s
[CV] END estimator__criterion=squared_error, estimator__learning_rate=0.01, estimator__max_depth=16, estimator__min_samples_split=10, estimator__n_estimators=68; total time=   0.0s
[CV] END estimator__criterion=squared_error, estimator__learning_rate=0.01, estimator__max_depth=17, estimator__min_samples_split=12, estimator__n_estimators=36; total time=   0.0s
[CV] END estimator__criterion=squared_error, estimator__learning_rate=0.01, estimator__max_depth=17, estimator__min_samples_split=12, estimator__n_estimators=36; total time=   0.0s
[CV] END estimator__criterion=squared_error, estimator__learning_rate=0.01, estimator__max_depth=17, estimator__min_samples_split=12, estimator__n_estimators=36; total time=   0.0s
[CV] END estimator__criterion=squared_error, estimator__learning_rate=0.01, estimator__max_depth=17, estimator__min_samples_split=12, estimator__n_estimators=52; total time=   0.0s
[CV] END estimator__criterion=squared_error, estimator__learning_rate=0.01, estimator__max_depth=18, estimator__min_samples_split=10, estimator__n_estimators=20; total time=   0.0s
[CV] END estimator__criterion=squared_error, estimator__learning_rate=0.01, estimator__max_depth=18, estimator__min_samples_split=10, estimator__n_estimators=20; total time=   0.0s
[CV] END estimator__criterion=squared_error, estimator__learning_rate=0.01, estimator__max_depth=18, estimator__min_samples_split=10, estimator__n_estimators=36; total time=   0.0s
[CV] END estimator__criterion=squared_error, estimator__learning_rate=0.01, estimator__max_depth=18, estimator__min_samples_split=10, estimator__n_estimators=36; total time=   0.0s
[CV] END estimator__criterion=squared_error, estimator__learning_rate=0.01, estimator__max_depth=18, estimator__min_samples_split=16, estimator__n_estimators=20; total time=   0.0s
[CV] END estimator__criterion=squared_error, estimator__learning_rate=0.01, estimator__max_depth=18, estimator__min_samples_split=16, estimator__n_estimators=36; total time=   0.0s
[CV] END estimator__criterion=squared_error, estimator__learning_rate=0.01, estimator__max_depth=18, estimator__min_samples_split=16, estimator__n_estimators=36; total time=   0.0s
[CV] END estimator__criterion=squared_error, estimator__learning_rate=0.01, estimator__max_depth=18, estimator__min_samples_split=16, estimator__n_estimators=36; total time=   0.0s
[CV] END estimator__criterion=squared_error, estimator__learning_rate=0.1, estimator__max_depth=14, estimator__min_samples_split=14, estimator__n_estimators=20; total time=   0.0s
[CV] END estimator__criterion=squared_error, estimator__learning_rate=0.1, estimator__max_depth=14, estimator__min_samples_split=14, estimator__n_estimators=20; total time=   0.0s
[CV] END estimator__criterion=squared_error, estimator__learning_rate=0.1, estimator__max_depth=14, estimator__min_samples_split=14, estimator__n_estimators=20; total time=   0.0s
[CV] END estimator__criterion=squared_error, estimator__learning_rate=0.1, estimator__max_depth=14, estimator__min_samples_split=14, estimator__n_estimators=20; total time=   0.0s
[CV] END estimator__criterion=squared_error, estimator__learning_rate=0.1, estimator__max_depth=14, estimator__min_samples_split=18, estimator__n_estimators=36; total time=   0.0s
[CV] END estimator__criterion=squared_error, estimator__learning_rate=0.1, estimator__max_depth=14, estimator__min_samples_split=18, estimator__n_estimators=36; total time=   0.0s
[CV] END estimator__criterion=squared_error, estimator__learning_rate=0.1, estimator__max_depth=14, estimator__min_samples_split=18, estimator__n_estimators=36; total time=   0.0s
[CV] END estimator__criterion=squared_error, estimator__learning_rate=0.1, estimator__max_depth=14, estimator__min_samples_split=18, estimator__n_estimators=36; total time=   0.0s
[CV] END estimator__criterion=squared_error, estimator__learning_rate=0.1, estimator__max_depth=15, estimator__min_samples_split=16, estimator__n_estimators=36; total time=   0.0s
[CV] END estimator__criterion=squared_error, estimator__learning_rate=0.1, estimator__max_depth=15, estimator__min_samples_split=16, estimator__n_estimators=36; total time=   0.0s
[CV] END estimator__criterion=squared_error, estimator__learning_rate=0.1, estimator__max_depth=15, estimator__min_samples_split=16, estimator__n_estimators=36; total time=   0.0s
[CV] END estimator__criterion=squared_error, estimator__learning_rate=0.1, estimator__max_depth=15, estimator__min_samples_split=16, estimator__n_estimators=36; total time=   0.0s
[CV] END estimator__criterion=squared_error, estimator__learning_rate=0.1, estimator__max_depth=16, estimator__min_samples_split=12, estimator__n_estimators=84; total time=   0.0s
[CV] END estimator__criterion=squared_error, estimator__learning_rate=0.1, estimator__max_depth=16, estimator__min_samples_split=12, estimator__n_estimators=84; total time=   0.0s
[CV] END estimator__criterion=squared_error, estimator__learning_rate=0.1, estimator__max_depth=16, estimator__min_samples_split=14, estimator__n_estimators=20; total time=   0.0s[CV] END estimator__criterion=squared_error, estimator__learning_rate=0.001, estimator__max_depth=14, estimator__min_samples_split=10, estimator__n_estimators=84; total time=   0.0s
[CV] END estimator__criterion=squared_error, estimator__learning_rate=0.001, estimator__max_depth=17, estimator__min_samples_split=14, estimator__n_estimators=36; total time=   0.0s
[CV] END estimator__criterion=squared_error, estimator__learning_rate=0.001, estimator__max_depth=17, estimator__min_samples_split=14, estimator__n_estimators=36; total time=   0.0s
[CV] END estimator__criterion=squared_error, estimator__learning_rate=0.001, estimator__max_depth=17, estimator__min_samples_split=14, estimator__n_estimators=36; total time=   0.0s
[CV] END estimator__criterion=squared_error, estimator__learning_rate=0.001, estimator__max_depth=17, estimator__min_samples_split=14, estimator__n_estimators=52; total time=   0.0s
[CV] END estimator__criterion=squared_error, estimator__learning_rate=0.001, estimator__max_depth=18, estimator__min_samples_split=10, estimator__n_estimators=84; total time=   0.0s
[CV] END estimator__criterion=squared_error, estimator__learning_rate=0.001, estimator__max_depth=18, estimator__min_samples_split=10, estimator__n_estimators=84; total time=   0.0s
[CV] END estimator__criterion=squared_error, estimator__learning_rate=0.001, estimator__max_depth=18, estimator__min_samples_split=10, estimator__n_estimators=84; total time=   0.0s
[CV] END estimator__criterion=squared_error, estimator__learning_rate=0.001, estimator__max_depth=18, estimator__min_samples_split=10, estimator__n_estimators=84; total time=   0.0s
[CV] END estimator__criterion=squared_error, estimator__learning_rate=0.01, estimator__max_depth=14, estimator__min_samples_split=16, estimator__n_estimators=36; total time=   0.0s
[CV] END estimator__criterion=squared_error, estimator__learning_rate=0.01, estimator__max_depth=14, estimator__min_samples_split=16, estimator__n_estimators=36; total time=   0.0s
[CV] END estimator__criterion=squared_error, estimator__learning_rate=0.01, estimator__max_depth=14, estimator__min_samples_split=16, estimator__n_estimators=52; total time=   0.0s
[CV] END estimator__criterion=squared_error, estimator__learning_rate=0.01, estimator__max_depth=14, estimator__min_samples_split=16, estimator__n_estimators=52; total time=   0.0s
[CV] END estimator__criterion=squared_error, estimator__learning_rate=0.01, estimator__max_depth=15, estimator__min_samples_split=14, estimator__n_estimators=36; total time=   0.0s
[CV] END estimator__criterion=squared_error, estimator__learning_rate=0.01, estimator__max_depth=15, estimator__min_samples_split=14, estimator__n_estimators=36; total time=   0.0s
[CV] END estimator__criterion=squared_error, estimator__learning_rate=0.01, estimator__max_depth=15, estimator__min_samples_split=14, estimator__n_estimators=52; total time=   0.0s
[CV] END estimator__criterion=squared_error, estimator__learning_rate=0.01, estimator__max_depth=15, estimator__min_samples_split=14, estimator__n_estimators=52; total time=   0.0s
[CV] END estimator__criterion=squared_error, estimator__learning_rate=0.01, estimator__max_depth=16, estimator__min_samples_split=12, estimator__n_estimators=52; total time=   0.0s
[CV] END estimator__criterion=squared_error, estimator__learning_rate=0.01, estimator__max_depth=16, estimator__min_samples_split=12, estimator__n_estimators=52; total time=   0.0s
[CV] END estimator__criterion=squared_error, estimator__learning_rate=0.01, estimator__max_depth=16, estimator__min_samples_split=12, estimator__n_estimators=52; total time=   0.0s
[CV] END estimator__criterion=squared_error, estimator__learning_rate=0.01, estimator__max_depth=16, estimator__min_samples_split=12, estimator__n_estimators=68; total time=   0.0s
[CV] END estimator__criterion=squared_error, estimator__learning_rate=0.01, estimator__max_depth=17, estimator__min_samples_split=14, estimator__n_estimators=52; total time=   0.0s
[CV] END estimator__criterion=squared_error, estimator__learning_rate=0.01, estimator__max_depth=17, estimator__min_samples_split=14, estimator__n_estimators=68; total time=   0.0s
[CV] END estimator__criterion=squared_error, estimator__learning_rate=0.01, estimator__max_depth=17, estimator__min_samples_split=14, estimator__n_estimators=68; total time=   0.0s
[CV] END estimator__criterion=squared_error, estimator__learning_rate=0.01, estimator__max_depth=17, estimator__min_samples_split=14, estimator__n_estimators=68; total time=   0.0s
[CV] END estimator__criterion=squared_error, estimator__learning_rate=0.01, estimator__max_depth=18, estimator__min_samples_split=16, estimator__n_estimators=20; total time=   0.0s
[CV] END estimator__criterion=squared_error, estimator__learning_rate=0.01, estimator__max_depth=18, estimator__min_samples_split=16, estimator__n_estimators=20; total time=   0.0s
[CV] END estimator__criterion=squared_error, estimator__learning_rate=0.01, estimator__max_depth=18, estimator__min_samples_split=16, estimator__n_estimators=20; total time=   0.0s
[CV] END estimator__criterion=squared_error, estimator__learning_rate=0.01, estimator__max_depth=18, estimator__min_samples_split=16, estimator__n_estimators=20; total time=   0.0s
[CV] END estimator__criterion=squared_error, estimator__learning_rate=0.1, estimator__max_depth=14, estimator__min_samples_split=10, estimator__n_estimators=68; total time=   0.0s
[CV] END estimator__criterion=squared_error, estimator__learning_rate=0.1, estimator__max_depth=14, estimator__min_samples_split=10, estimator__n_estimators=68; total time=   0.0s
[CV] END estimator__criterion=squared_error, estimator__learning_rate=0.1, estimator__max_depth=14, estimator__min_samples_split=10, estimator__n_estimators=84; total time=   0.0s
[CV] END estimator__criterion=squared_error, estimator__learning_rate=0.1, estimator__max_depth=14, estimator__min_samples_split=10, estimator__n_estimators=84; total time=   0.0s
[CV] END estimator__criterion=squared_error, estimator__learning_rate=0.1, estimator__max_depth=15, estimator__min_samples_split=16, estimator__n_estimators=20; total time=   0.0s
[CV] END estimator__criterion=squared_error, estimator__learning_rate=0.1, estimator__max_depth=15, estimator__min_samples_split=16, estimator__n_estimators=20; total time=   0.0s
[CV] END estimator__criterion=squared_error, estimator__learning_rate=0.1, estimator__max_depth=15, estimator__min_samples_split=16, estimator__n_estimators=20; total time=   0.0s
[CV] END estimator__criterion=squared_error, estimator__learning_rate=0.1, estimator__max_depth=15, estimator__min_samples_split=16, estimator__n_estimators=36; total time=   0.0s
[CV] END estimator__criterion=squared_error, estimator__learning_rate=0.1, estimator__max_depth=16, estimator__min_samples_split=10, estimator__n_estimators=84; total time=   0.0s
[CV] END estimator__criterion=squared_error, estimator__learning_rate=0.1, estimator__max_depth=16, estimator__min_samples_split=12, estimator__n_estimators=20; total time=   0.0s
[CV] END estimator__criterion=squared_error, estimator__learning_rate=0.1, estimator__max_depth=16, estimator__min_samples_split=12, estimator__n_estimators=20; total time=   0.0s
[CV] END estimator__criterion=squared_error, estimator__learning_rate=0.1, estimator__max_depth=16, estimator__min_samples_split=12, estimator__n_estimators=20; total time=   0.0s
[CV] END estimator__criterion=squared_error, estimator__learning_rate=0.1, estimator__max_depth=17, estimator__min_samples_split=10, estimator__n_estimators=20; total time=   0.0s
[CV] END estimator__criterion=squared_error, estimator__learning_rate=0.1, estimator__max_depth=17, estimator__min_samples_split=10, estimator__n_estimators=20; total time=   0.0s
[CV] END estimator__criterion=squared_error, estimator__learning_rate=0.1, estimator__max_depth=17, estimator__min_samples_split=10, estimator__n_estimators=36; total time=   0.0s
[CV] END estimator__criterion=squared_error, estimator__learning_rate=0.1, estimator__max_depth=17, estimator__min_samples_split=10, estimator__n_estimators=36; total time=   0.0s
[CV] END estimator__criterion=squared_error, estimator__learning_rate=0.1, estimator__max_depth=17, estimator__min_samples_split=16, estimator__n_estimators=20; total time=   0.0s[CV] END estimator__criterion=squared_error, estimator__learning_rate=0.001, estimator__max_depth=14, estimator__min_samples_split=12, estimator__n_estimators=20; total time=   0.0s
[CV] END estimator__criterion=squared_error, estimator__learning_rate=0.001, estimator__max_depth=16, estimator__min_samples_split=16, estimator__n_estimators=68; total time=   0.0s
[CV] END estimator__criterion=squared_error, estimator__learning_rate=0.001, estimator__max_depth=16, estimator__min_samples_split=16, estimator__n_estimators=84; total time=   0.0s
[CV] END estimator__criterion=squared_error, estimator__learning_rate=0.001, estimator__max_depth=17, estimator__min_samples_split=18, estimator__n_estimators=36; total time=   0.0s
[CV] END estimator__criterion=squared_error, estimator__learning_rate=0.001, estimator__max_depth=17, estimator__min_samples_split=18, estimator__n_estimators=52; total time=   0.0s
[CV] END estimator__criterion=squared_error, estimator__learning_rate=0.001, estimator__max_depth=17, estimator__min_samples_split=18, estimator__n_estimators=52; total time=   0.0s
[CV] END estimator__criterion=squared_error, estimator__learning_rate=0.001, estimator__max_depth=17, estimator__min_samples_split=18, estimator__n_estimators=52; total time=   0.0s
[CV] END estimator__criterion=squared_error, estimator__learning_rate=0.001, estimator__max_depth=18, estimator__min_samples_split=18, estimator__n_estimators=20; total time=   0.0s
[CV] END estimator__criterion=squared_error, estimator__learning_rate=0.001, estimator__max_depth=18, estimator__min_samples_split=18, estimator__n_estimators=20; total time=   0.0s
[CV] END estimator__criterion=squared_error, estimator__learning_rate=0.001, estimator__max_depth=18, estimator__min_samples_split=18, estimator__n_estimators=20; total time=   0.0s
[CV] END estimator__criterion=squared_error, estimator__learning_rate=0.001, estimator__max_depth=18, estimator__min_samples_split=18, estimator__n_estimators=20; total time=   0.0s
[CV] END estimator__criterion=squared_error, estimator__learning_rate=0.01, estimator__max_depth=14, estimator__min_samples_split=12, estimator__n_estimators=68; total time=   0.0s
[CV] END estimator__criterion=squared_error, estimator__learning_rate=0.01, estimator__max_depth=14, estimator__min_samples_split=12, estimator__n_estimators=68; total time=   0.0s
[CV] END estimator__criterion=squared_error, estimator__learning_rate=0.01, estimator__max_depth=14, estimator__min_samples_split=12, estimator__n_estimators=84; total time=   0.0s
[CV] END estimator__criterion=squared_error, estimator__learning_rate=0.01, estimator__max_depth=14, estimator__min_samples_split=12, estimator__n_estimators=84; total time=   0.0s
[CV] END estimator__criterion=squared_error, estimator__learning_rate=0.01, estimator__max_depth=15, estimator__min_samples_split=16, estimator__n_estimators=68; total time=   0.0s
[CV] END estimator__criterion=squared_error, estimator__learning_rate=0.01, estimator__max_depth=15, estimator__min_samples_split=16, estimator__n_estimators=68; total time=   0.0s
[CV] END estimator__criterion=squared_error, estimator__learning_rate=0.01, estimator__max_depth=15, estimator__min_samples_split=16, estimator__n_estimators=68; total time=   0.0s
[CV] END estimator__criterion=squared_error, estimator__learning_rate=0.01, estimator__max_depth=15, estimator__min_samples_split=16, estimator__n_estimators=68; total time=   0.0s
[CV] END estimator__criterion=squared_error, estimator__learning_rate=0.01, estimator__max_depth=16, estimator__min_samples_split=18, estimator__n_estimators=20; total time=   0.0s
[CV] END estimator__criterion=squared_error, estimator__learning_rate=0.01, estimator__max_depth=16, estimator__min_samples_split=18, estimator__n_estimators=20; total time=   0.0s
[CV] END estimator__criterion=squared_error, estimator__learning_rate=0.01, estimator__max_depth=16, estimator__min_samples_split=18, estimator__n_estimators=20; total time=   0.0s
[CV] END estimator__criterion=squared_error, estimator__learning_rate=0.01, estimator__max_depth=16, estimator__min_samples_split=18, estimator__n_estimators=20; total time=   0.0s
[CV] END estimator__criterion=squared_error, estimator__learning_rate=0.01, estimator__max_depth=17, estimator__min_samples_split=12, estimator__n_estimators=68; total time=   0.0s
[CV] END estimator__criterion=squared_error, estimator__learning_rate=0.01, estimator__max_depth=17, estimator__min_samples_split=12, estimator__n_estimators=68; total time=   0.0s
[CV] END estimator__criterion=squared_error, estimator__learning_rate=0.01, estimator__max_depth=17, estimator__min_samples_split=12, estimator__n_estimators=68; total time=   0.0s
[CV] END estimator__criterion=squared_error, estimator__learning_rate=0.01, estimator__max_depth=17, estimator__min_samples_split=12, estimator__n_estimators=68; total time=   0.0s
[CV] END estimator__criterion=squared_error, estimator__learning_rate=0.01, estimator__max_depth=18, estimator__min_samples_split=16, estimator__n_estimators=36; total time=   0.0s
[CV] END estimator__criterion=squared_error, estimator__learning_rate=0.01, estimator__max_depth=18, estimator__min_samples_split=16, estimator__n_estimators=36; total time=   0.0s
[CV] END estimator__criterion=squared_error, estimator__learning_rate=0.01, estimator__max_depth=18, estimator__min_samples_split=16, estimator__n_estimators=52; total time=   0.0s
[CV] END estimator__criterion=squared_error, estimator__learning_rate=0.01, estimator__max_depth=18, estimator__min_samples_split=16, estimator__n_estimators=52; total time=   0.0s
[CV] END estimator__criterion=squared_error, estimator__learning_rate=0.1, estimator__max_depth=14, estimator__min_samples_split=16, estimator__n_estimators=20; total time=   0.0s
[CV] END estimator__criterion=squared_error, estimator__learning_rate=0.1, estimator__max_depth=14, estimator__min_samples_split=16, estimator__n_estimators=20; total time=   0.0s
[CV] END estimator__criterion=squared_error, estimator__learning_rate=0.1, estimator__max_depth=14, estimator__min_samples_split=16, estimator__n_estimators=36; total time=   0.0s
[CV] END estimator__criterion=squared_error, estimator__learning_rate=0.1, estimator__max_depth=14, estimator__min_samples_split=16, estimator__n_estimators=36; total time=   0.0s
[CV] END estimator__criterion=squared_error, estimator__learning_rate=0.1, estimator__max_depth=15, estimator__min_samples_split=12, estimator__n_estimators=20; total time=   0.0s
[CV] END estimator__criterion=squared_error, estimator__learning_rate=0.1, estimator__max_depth=15, estimator__min_samples_split=12, estimator__n_estimators=36; total time=   0.0s
[CV] END estimator__criterion=squared_error, estimator__learning_rate=0.1, estimator__max_depth=15, estimator__min_samples_split=12, estimator__n_estimators=36; total time=   0.0s
[CV] END estimator__criterion=squared_error, estimator__learning_rate=0.1, estimator__max_depth=15, estimator__min_samples_split=12, estimator__n_estimators=36; total time=   0.0s
[CV] END estimator__criterion=squared_error, estimator__learning_rate=0.1, estimator__max_depth=15, estimator__min_samples_split=18, estimator__n_estimators=52; total time=   0.0s
[CV] END estimator__criterion=squared_error, estimator__learning_rate=0.1, estimator__max_depth=15, estimator__min_samples_split=18, estimator__n_estimators=52; total time=   0.0s
[CV] END estimator__criterion=squared_error, estimator__learning_rate=0.1, estimator__max_depth=15, estimator__min_samples_split=18, estimator__n_estimators=68; total time=   0.0s
[CV] END estimator__criterion=squared_error, estimator__learning_rate=0.1, estimator__max_depth=15, estimator__min_samples_split=18, estimator__n_estimators=68; total time=   0.0s
[CV] END estimator__criterion=squared_error, estimator__learning_rate=0.1, estimator__max_depth=17, estimator__min_samples_split=10, estimator__n_estimators=68; total time=   0.0s
[CV] END estimator__criterion=squared_error, estimator__learning_rate=0.1, estimator__max_depth=17, estimator__min_samples_split=10, estimator__n_estimators=84; total time=   0.0s
[CV] END estimator__criterion=squared_error, estimator__learning_rate=0.1, estimator__max_depth=17, estimator__min_samples_split=10, estimator__n_estimators=84; total time=   0.0s[CV] END estimator__criterion=squared_error, estimator__learning_rate=0.001, estimator__max_depth=14, estimator__min_samples_split=10, estimator__n_estimators=84; total time=   0.0s
[CV] END estimator__criterion=squared_error, estimator__learning_rate=0.001, estimator__max_depth=16, estimator__min_samples_split=10, estimator__n_estimators=68; total time=   0.0s
[CV] END estimator__criterion=squared_error, estimator__learning_rate=0.001, estimator__max_depth=16, estimator__min_samples_split=10, estimator__n_estimators=68; total time=   0.0s
[CV] END estimator__criterion=squared_error, estimator__learning_rate=0.001, estimator__max_depth=16, estimator__min_samples_split=14, estimator__n_estimators=68; total time=   0.0s
[CV] END estimator__criterion=squared_error, estimator__learning_rate=0.001, estimator__max_depth=16, estimator__min_samples_split=14, estimator__n_estimators=68; total time=   0.0s
[CV] END estimator__criterion=squared_error, estimator__learning_rate=0.001, estimator__max_depth=17, estimator__min_samples_split=14, estimator__n_estimators=20; total time=   0.0s
[CV] END estimator__criterion=squared_error, estimator__learning_rate=0.001, estimator__max_depth=17, estimator__min_samples_split=14, estimator__n_estimators=20; total time=   0.0s
[CV] END estimator__criterion=squared_error, estimator__learning_rate=0.001, estimator__max_depth=17, estimator__min_samples_split=14, estimator__n_estimators=36; total time=   0.0s
[CV] END estimator__criterion=squared_error, estimator__learning_rate=0.001, estimator__max_depth=17, estimator__min_samples_split=14, estimator__n_estimators=36; total time=   0.0s
[CV] END estimator__criterion=squared_error, estimator__learning_rate=0.001, estimator__max_depth=18, estimator__min_samples_split=10, estimator__n_estimators=20; total time=   0.0s
[CV] END estimator__criterion=squared_error, estimator__learning_rate=0.001, estimator__max_depth=18, estimator__min_samples_split=10, estimator__n_estimators=36; total time=   0.0s
[CV] END estimator__criterion=squared_error, estimator__learning_rate=0.001, estimator__max_depth=18, estimator__min_samples_split=10, estimator__n_estimators=36; total time=   0.0s
[CV] END estimator__criterion=squared_error, estimator__learning_rate=0.001, estimator__max_depth=18, estimator__min_samples_split=10, estimator__n_estimators=36; total time=   0.0s
[CV] END estimator__criterion=squared_error, estimator__learning_rate=0.001, estimator__max_depth=18, estimator__min_samples_split=16, estimator__n_estimators=68; total time=   0.0s
[CV] END estimator__criterion=squared_error, estimator__learning_rate=0.001, estimator__max_depth=18, estimator__min_samples_split=16, estimator__n_estimators=68; total time=   0.0s
[CV] END estimator__criterion=squared_error, estimator__learning_rate=0.001, estimator__max_depth=18, estimator__min_samples_split=16, estimator__n_estimators=68; total time=   0.0s
[CV] END estimator__criterion=squared_error, estimator__learning_rate=0.001, estimator__max_depth=18, estimator__min_samples_split=16, estimator__n_estimators=84; total time=   0.0s
[CV] END estimator__criterion=squared_error, estimator__learning_rate=0.01, estimator__max_depth=15, estimator__min_samples_split=10, estimator__n_estimators=52; total time=   0.0s
[CV] END estimator__criterion=squared_error, estimator__learning_rate=0.01, estimator__max_depth=15, estimator__min_samples_split=10, estimator__n_estimators=68; total time=   0.0s
[CV] END estimator__criterion=squared_error, estimator__learning_rate=0.01, estimator__max_depth=15, estimator__min_samples_split=10, estimator__n_estimators=68; total time=   0.0s
[CV] END estimator__criterion=squared_error, estimator__learning_rate=0.01, estimator__max_depth=15, estimator__min_samples_split=10, estimator__n_estimators=68; total time=   0.0s
[CV] END estimator__criterion=squared_error, estimator__learning_rate=0.01, estimator__max_depth=16, estimator__min_samples_split=14, estimator__n_estimators=68; total time=   0.0s
[CV] END estimator__criterion=squared_error, estimator__learning_rate=0.01, estimator__max_depth=16, estimator__min_samples_split=14, estimator__n_estimators=68; total time=   0.0s
[CV] END estimator__criterion=squared_error, estimator__learning_rate=0.01, estimator__max_depth=16, estimator__min_samples_split=14, estimator__n_estimators=68; total time=   0.0s
[CV] END estimator__criterion=squared_error, estimator__learning_rate=0.01, estimator__max_depth=16, estimator__min_samples_split=14, estimator__n_estimators=68; total time=   0.0s
[CV] END estimator__criterion=squared_error, estimator__learning_rate=0.01, estimator__max_depth=17, estimator__min_samples_split=16, estimator__n_estimators=52; total time=   0.0s
[CV] END estimator__criterion=squared_error, estimator__learning_rate=0.01, estimator__max_depth=17, estimator__min_samples_split=16, estimator__n_estimators=52; total time=   0.0s
[CV] END estimator__criterion=squared_error, estimator__learning_rate=0.01, estimator__max_depth=17, estimator__min_samples_split=16, estimator__n_estimators=68; total time=   0.0s
[CV] END estimator__criterion=squared_error, estimator__learning_rate=0.01, estimator__max_depth=17, estimator__min_samples_split=16, estimator__n_estimators=68; total time=   0.0s
[CV] END estimator__criterion=squared_error, estimator__learning_rate=0.01, estimator__max_depth=18, estimator__min_samples_split=16, estimator__n_estimators=84; total time=   0.0s
[CV] END estimator__criterion=squared_error, estimator__learning_rate=0.01, estimator__max_depth=18, estimator__min_samples_split=16, estimator__n_estimators=84; total time=   0.0s
[CV] END estimator__criterion=squared_error, estimator__learning_rate=0.01, estimator__max_depth=18, estimator__min_samples_split=16, estimator__n_estimators=84; total time=   0.0s
[CV] END estimator__criterion=squared_error, estimator__learning_rate=0.01, estimator__max_depth=18, estimator__min_samples_split=16, estimator__n_estimators=84; total time=   0.0s
[CV] END estimator__criterion=squared_error, estimator__learning_rate=0.1, estimator__max_depth=15, estimator__min_samples_split=10, estimator__n_estimators=68; total time=   0.0s
[CV] END estimator__criterion=squared_error, estimator__learning_rate=0.1, estimator__max_depth=15, estimator__min_samples_split=10, estimator__n_estimators=68; total time=   0.0s
[CV] END estimator__criterion=squared_error, estimator__learning_rate=0.1, estimator__max_depth=15, estimator__min_samples_split=10, estimator__n_estimators=68; total time=   0.0s
[CV] END estimator__criterion=squared_error, estimator__learning_rate=0.1, estimator__max_depth=15, estimator__min_samples_split=10, estimator__n_estimators=84; total time=   0.0s
[CV] END estimator__criterion=squared_error, estimator__learning_rate=0.1, estimator__max_depth=16, estimator__min_samples_split=16, estimator__n_estimators=20; total time=   0.0s
[CV] END estimator__criterion=squared_error, estimator__learning_rate=0.1, estimator__max_depth=16, estimator__min_samples_split=16, estimator__n_estimators=20; total time=   0.0s
[CV] END estimator__criterion=squared_error, estimator__learning_rate=0.1, estimator__max_depth=16, estimator__min_samples_split=16, estimator__n_estimators=20; total time=   0.0s
[CV] END estimator__criterion=squared_error, estimator__learning_rate=0.1, estimator__max_depth=16, estimator__min_samples_split=16, estimator__n_estimators=20; total time=   0.0s
[CV] END estimator__criterion=squared_error, estimator__learning_rate=0.1, estimator__max_depth=17, estimator__min_samples_split=10, estimator__n_estimators=68; total time=   0.0s
[CV] END estimator__criterion=squared_error, estimator__learning_rate=0.1, estimator__max_depth=17, estimator__min_samples_split=10, estimator__n_estimators=68; total time=   0.0s
[CV] END estimator__criterion=squared_error, estimator__learning_rate=0.1, estimator__max_depth=17, estimator__min_samples_split=10, estimator__n_estimators=68; total time=   0.0s
[CV] END estimator__criterion=squared_error, estimator__learning_rate=0.1, estimator__max_depth=17, estimator__min_samples_split=10, estimator__n_estimators=68; total time=   0.0s[CV] END estimator__criterion=squared_error, estimator__learning_rate=0.001, estimator__max_depth=14, estimator__min_samples_split=10, estimator__n_estimators=84; total time=   0.0s
[CV] END estimator__criterion=squared_error, estimator__learning_rate=0.001, estimator__max_depth=17, estimator__min_samples_split=14, estimator__n_estimators=68; total time=   0.0s
[CV] END estimator__criterion=squared_error, estimator__learning_rate=0.001, estimator__max_depth=17, estimator__min_samples_split=14, estimator__n_estimators=68; total time=   0.0s
[CV] END estimator__criterion=squared_error, estimator__learning_rate=0.001, estimator__max_depth=17, estimator__min_samples_split=14, estimator__n_estimators=68; total time=   0.0s
[CV] END estimator__criterion=squared_error, estimator__learning_rate=0.001, estimator__max_depth=17, estimator__min_samples_split=14, estimator__n_estimators=68; total time=   0.0s
[CV] END estimator__criterion=squared_error, estimator__learning_rate=0.001, estimator__max_depth=18, estimator__min_samples_split=16, estimator__n_estimators=36; total time=   0.0s
[CV] END estimator__criterion=squared_error, estimator__learning_rate=0.001, estimator__max_depth=18, estimator__min_samples_split=16, estimator__n_estimators=36; total time=   0.0s
[CV] END estimator__criterion=squared_error, estimator__learning_rate=0.001, estimator__max_depth=18, estimator__min_samples_split=16, estimator__n_estimators=36; total time=   0.0s
[CV] END estimator__criterion=squared_error, estimator__learning_rate=0.001, estimator__max_depth=18, estimator__min_samples_split=16, estimator__n_estimators=36; total time=   0.0s
[CV] END estimator__criterion=squared_error, estimator__learning_rate=0.01, estimator__max_depth=14, estimator__min_samples_split=12, estimator__n_estimators=52; total time=   0.0s
[CV] END estimator__criterion=squared_error, estimator__learning_rate=0.01, estimator__max_depth=14, estimator__min_samples_split=12, estimator__n_estimators=68; total time=   0.0s
[CV] END estimator__criterion=squared_error, estimator__learning_rate=0.01, estimator__max_depth=14, estimator__min_samples_split=12, estimator__n_estimators=68; total time=   0.0s
[CV] END estimator__criterion=squared_error, estimator__learning_rate=0.01, estimator__max_depth=14, estimator__min_samples_split=12, estimator__n_estimators=68; total time=   0.0s
[CV] END estimator__criterion=squared_error, estimator__learning_rate=0.01, estimator__max_depth=15, estimator__min_samples_split=14, estimator__n_estimators=20; total time=   0.0s
[CV] END estimator__criterion=squared_error, estimator__learning_rate=0.01, estimator__max_depth=15, estimator__min_samples_split=14, estimator__n_estimators=36; total time=   0.0s
[CV] END estimator__criterion=squared_error, estimator__learning_rate=0.01, estimator__max_depth=15, estimator__min_samples_split=14, estimator__n_estimators=36; total time=   0.0s
[CV] END estimator__criterion=squared_error, estimator__learning_rate=0.01, estimator__max_depth=15, estimator__min_samples_split=14, estimator__n_estimators=36; total time=   0.0s
[CV] END estimator__criterion=squared_error, estimator__learning_rate=0.01, estimator__max_depth=16, estimator__min_samples_split=10, estimator__n_estimators=68; total time=   0.0s
[CV] END estimator__criterion=squared_error, estimator__learning_rate=0.01, estimator__max_depth=16, estimator__min_samples_split=10, estimator__n_estimators=68; total time=   0.0s
[CV] END estimator__criterion=squared_error, estimator__learning_rate=0.01, estimator__max_depth=16, estimator__min_samples_split=10, estimator__n_estimators=68; total time=   0.0s
[CV] END estimator__criterion=squared_error, estimator__learning_rate=0.01, estimator__max_depth=16, estimator__min_samples_split=10, estimator__n_estimators=84; total time=   0.0s
[CV] END estimator__criterion=squared_error, estimator__learning_rate=0.01, estimator__max_depth=17, estimator__min_samples_split=16, estimator__n_estimators=20; total time=   0.0s
[CV] END estimator__criterion=squared_error, estimator__learning_rate=0.01, estimator__max_depth=17, estimator__min_samples_split=16, estimator__n_estimators=20; total time=   0.0s
[CV] END estimator__criterion=squared_error, estimator__learning_rate=0.01, estimator__max_depth=17, estimator__min_samples_split=16, estimator__n_estimators=20; total time=   0.0s
[CV] END estimator__criterion=squared_error, estimator__learning_rate=0.01, estimator__max_depth=17, estimator__min_samples_split=16, estimator__n_estimators=20; total time=   0.0s
[CV] END estimator__criterion=squared_error, estimator__learning_rate=0.01, estimator__max_depth=18, estimator__min_samples_split=10, estimator__n_estimators=68; total time=   0.0s
[CV] END estimator__criterion=squared_error, estimator__learning_rate=0.01, estimator__max_depth=18, estimator__min_samples_split=10, estimator__n_estimators=84; total time=   0.0s
[CV] END estimator__criterion=squared_error, estimator__learning_rate=0.01, estimator__max_depth=18, estimator__min_samples_split=10, estimator__n_estimators=84; total time=   0.0s
[CV] END estimator__criterion=squared_error, estimator__learning_rate=0.01, estimator__max_depth=18, estimator__min_samples_split=10, estimator__n_estimators=84; total time=   0.0s
[CV] END estimator__criterion=squared_error, estimator__learning_rate=0.1, estimator__max_depth=14, estimator__min_samples_split=18, estimator__n_estimators=20; total time=   0.0s
[CV] END estimator__criterion=squared_error, estimator__learning_rate=0.1, estimator__max_depth=14, estimator__min_samples_split=18, estimator__n_estimators=20; total time=   0.0s
[CV] END estimator__criterion=squared_error, estimator__learning_rate=0.1, estimator__max_depth=14, estimator__min_samples_split=18, estimator__n_estimators=20; total time=   0.0s
[CV] END estimator__criterion=squared_error, estimator__learning_rate=0.1, estimator__max_depth=14, estimator__min_samples_split=18, estimator__n_estimators=36; total time=   0.0s
[CV] END estimator__criterion=squared_error, estimator__learning_rate=0.1, estimator__max_depth=15, estimator__min_samples_split=12, estimator__n_estimators=68; total time=   0.0s
[CV] END estimator__criterion=squared_error, estimator__learning_rate=0.1, estimator__max_depth=15, estimator__min_samples_split=12, estimator__n_estimators=68; total time=   0.0s
[CV] END estimator__criterion=squared_error, estimator__learning_rate=0.1, estimator__max_depth=15, estimator__min_samples_split=12, estimator__n_estimators=68; total time=   0.0s
[CV] END estimator__criterion=squared_error, estimator__learning_rate=0.1, estimator__max_depth=15, estimator__min_samples_split=12, estimator__n_estimators=68; total time=   0.0s
[CV] END estimator__criterion=squared_error, estimator__learning_rate=0.1, estimator__max_depth=16, estimator__min_samples_split=14, estimator__n_estimators=84; total time=   0.0s
[CV] END estimator__criterion=squared_error, estimator__learning_rate=0.1, estimator__max_depth=16, estimator__min_samples_split=14, estimator__n_estimators=84; total time=   0.0s
[CV] END estimator__criterion=squared_error, estimator__learning_rate=0.1, estimator__max_depth=16, estimator__min_samples_split=14, estimator__n_estimators=84; total time=   0.0s
[CV] END estimator__criterion=squared_error, estimator__learning_rate=0.1, estimator__max_depth=16, estimator__min_samples_split=16, estimator__n_estimators=20; total time=   0.0s
[CV] END estimator__criterion=squared_error, estimator__learning_rate=0.1, estimator__max_depth=17, estimator__min_samples_split=16, estimator__n_estimators=84; total time=   0.0s
[CV] END estimator__criterion=squared_error, estimator__learning_rate=0.1, estimator__max_depth=17, estimator__min_samples_split=18, estimator__n_estimators=20; total time=   0.0s
[CV] END estimator__criterion=squared_error, estimator__learning_rate=0.1, estimator__max_depth=17, estimator__min_samples_split=18, estimator__n_estimators=20; total time=   0.0s
[CV] END estimator__criterion=squared_error, estimator__learning_rate=0.1, estimator__max_depth=17, estimator__min_samples_split=18, estimator__n_estimators=20; total time=   0.0s
[CV] END estimator__criterion=squared_error, estimator__learning_rate=0.1, estimator__max_depth=18, estimator__min_samples_split=14, estimator__n_estimators=36; total time=   0.0s[CV] END estimator__criterion=squared_error, estimator__learning_rate=0.001, estimator__max_depth=14, estimator__min_samples_split=10, estimator__n_estimators=52; total time=   0.0s
[CV] END estimator__criterion=squared_error, estimator__learning_rate=0.001, estimator__max_depth=16, estimator__min_samples_split=16, estimator__n_estimators=36; total time=   0.0s
[CV] END estimator__criterion=squared_error, estimator__learning_rate=0.001, estimator__max_depth=16, estimator__min_samples_split=16, estimator__n_estimators=52; total time=   0.0s
[CV] END estimator__criterion=squared_error, estimator__learning_rate=0.001, estimator__max_depth=17, estimator__min_samples_split=14, estimator__n_estimators=52; total time=   0.0s
[CV] END estimator__criterion=squared_error, estimator__learning_rate=0.001, estimator__max_depth=17, estimator__min_samples_split=14, estimator__n_estimators=52; total time=   0.0s
[CV] END estimator__criterion=squared_error, estimator__learning_rate=0.001, estimator__max_depth=17, estimator__min_samples_split=14, estimator__n_estimators=52; total time=   0.0s
[CV] END estimator__criterion=squared_error, estimator__learning_rate=0.001, estimator__max_depth=17, estimator__min_samples_split=14, estimator__n_estimators=52; total time=   0.0s
[CV] END estimator__criterion=squared_error, estimator__learning_rate=0.001, estimator__max_depth=18, estimator__min_samples_split=12, estimator__n_estimators=52; total time=   0.0s
[CV] END estimator__criterion=squared_error, estimator__learning_rate=0.001, estimator__max_depth=18, estimator__min_samples_split=12, estimator__n_estimators=52; total time=   0.0s
[CV] END estimator__criterion=squared_error, estimator__learning_rate=0.001, estimator__max_depth=18, estimator__min_samples_split=12, estimator__n_estimators=52; total time=   0.0s
[CV] END estimator__criterion=squared_error, estimator__learning_rate=0.001, estimator__max_depth=18, estimator__min_samples_split=12, estimator__n_estimators=52; total time=   0.0s
[CV] END estimator__criterion=squared_error, estimator__learning_rate=0.01, estimator__max_depth=14, estimator__min_samples_split=12, estimator__n_estimators=52; total time=   0.0s
[CV] END estimator__criterion=squared_error, estimator__learning_rate=0.01, estimator__max_depth=14, estimator__min_samples_split=12, estimator__n_estimators=52; total time=   0.0s
[CV] END estimator__criterion=squared_error, estimator__learning_rate=0.01, estimator__max_depth=14, estimator__min_samples_split=12, estimator__n_estimators=52; total time=   0.0s
[CV] END estimator__criterion=squared_error, estimator__learning_rate=0.01, estimator__max_depth=14, estimator__min_samples_split=12, estimator__n_estimators=52; total time=   0.0s
[CV] END estimator__criterion=squared_error, estimator__learning_rate=0.01, estimator__max_depth=15, estimator__min_samples_split=12, estimator__n_estimators=36; total time=   0.0s
[CV] END estimator__criterion=squared_error, estimator__learning_rate=0.01, estimator__max_depth=15, estimator__min_samples_split=12, estimator__n_estimators=52; total time=   0.0s
[CV] END estimator__criterion=squared_error, estimator__learning_rate=0.01, estimator__max_depth=15, estimator__min_samples_split=12, estimator__n_estimators=52; total time=   0.0s
[CV] END estimator__criterion=squared_error, estimator__learning_rate=0.01, estimator__max_depth=15, estimator__min_samples_split=12, estimator__n_estimators=52; total time=   0.0s
[CV] END estimator__criterion=squared_error, estimator__learning_rate=0.01, estimator__max_depth=16, estimator__min_samples_split=14, estimator__n_estimators=36; total time=   0.0s
[CV] END estimator__criterion=squared_error, estimator__learning_rate=0.01, estimator__max_depth=16, estimator__min_samples_split=14, estimator__n_estimators=36; total time=   0.0s
[CV] END estimator__criterion=squared_error, estimator__learning_rate=0.01, estimator__max_depth=16, estimator__min_samples_split=14, estimator__n_estimators=36; total time=   0.0s
[CV] END estimator__criterion=squared_error, estimator__learning_rate=0.01, estimator__max_depth=16, estimator__min_samples_split=14, estimator__n_estimators=52; total time=   0.0s
[CV] END estimator__criterion=squared_error, estimator__learning_rate=0.01, estimator__max_depth=17, estimator__min_samples_split=12, estimator__n_estimators=52; total time=   0.0s
[CV] END estimator__criterion=squared_error, estimator__learning_rate=0.01, estimator__max_depth=17, estimator__min_samples_split=12, estimator__n_estimators=52; total time=   0.0s
[CV] END estimator__criterion=squared_error, estimator__learning_rate=0.01, estimator__max_depth=17, estimator__min_samples_split=12, estimator__n_estimators=52; total time=   0.0s
[CV] END estimator__criterion=squared_error, estimator__learning_rate=0.01, estimator__max_depth=17, estimator__min_samples_split=12, estimator__n_estimators=52; total time=   0.0s
[CV] END estimator__criterion=squared_error, estimator__learning_rate=0.01, estimator__max_depth=18, estimator__min_samples_split=12, estimator__n_estimators=52; total time=   0.0s
[CV] END estimator__criterion=squared_error, estimator__learning_rate=0.01, estimator__max_depth=18, estimator__min_samples_split=12, estimator__n_estimators=52; total time=   0.0s
[CV] END estimator__criterion=squared_error, estimator__learning_rate=0.01, estimator__max_depth=18, estimator__min_samples_split=12, estimator__n_estimators=52; total time=   0.0s
[CV] END estimator__criterion=squared_error, estimator__learning_rate=0.01, estimator__max_depth=18, estimator__min_samples_split=12, estimator__n_estimators=52; total time=   0.0s
[CV] END estimator__criterion=squared_error, estimator__learning_rate=0.1, estimator__max_depth=14, estimator__min_samples_split=12, estimator__n_estimators=84; total time=   0.0s
[CV] END estimator__criterion=squared_error, estimator__learning_rate=0.1, estimator__max_depth=14, estimator__min_samples_split=12, estimator__n_estimators=84; total time=   0.0s
[CV] END estimator__criterion=squared_error, estimator__learning_rate=0.1, estimator__max_depth=14, estimator__min_samples_split=12, estimator__n_estimators=84; total time=   0.0s
[CV] END estimator__criterion=squared_error, estimator__learning_rate=0.1, estimator__max_depth=14, estimator__min_samples_split=12, estimator__n_estimators=84; total time=   0.0s
[CV] END estimator__criterion=squared_error, estimator__learning_rate=0.1, estimator__max_depth=16, estimator__min_samples_split=10, estimator__n_estimators=20; total time=   0.0s
[CV] END estimator__criterion=squared_error, estimator__learning_rate=0.1, estimator__max_depth=16, estimator__min_samples_split=10, estimator__n_estimators=20; total time=   0.0s
[CV] END estimator__criterion=squared_error, estimator__learning_rate=0.1, estimator__max_depth=16, estimator__min_samples_split=10, estimator__n_estimators=20; total time=   0.0s
[CV] END estimator__criterion=squared_error, estimator__learning_rate=0.1, estimator__max_depth=16, estimator__min_samples_split=10, estimator__n_estimators=20; total time=   0.0s
[CV] END estimator__criterion=squared_error, estimator__learning_rate=0.1, estimator__max_depth=16, estimator__min_samples_split=14, estimator__n_estimators=52; total time=   0.0s
[CV] END estimator__criterion=squared_error, estimator__learning_rate=0.1, estimator__max_depth=16, estimator__min_samples_split=14, estimator__n_estimators=52; total time=   0.0s
[CV] END estimator__criterion=squared_error, estimator__learning_rate=0.1, estimator__max_depth=16, estimator__min_samples_split=14, estimator__n_estimators=52; total time=   0.0s
[CV] END estimator__criterion=squared_error, estimator__learning_rate=0.1, estimator__max_depth=16, estimator__min_samples_split=14, estimator__n_estimators=52; total time=   0.0s
[CV] END estimator__criterion=squared_error, estimator__learning_rate=0.1, estimator__max_depth=17, estimator__min_samples_split=14, estimator__n_estimators=84; total time=   0.0s
[CV] END estimator__criterion=squared_error, estimator__learning_rate=0.1, estimator__max_depth=17, estimator__min_samples_split=14, estimator__n_estimators=84; total time=   0.0s
[CV] END estimator__criterion=squared_error, estimator__learning_rate=0.1, estimator__max_depth=17, estimator__min_samples_split=14, estimator__n_estimators=84; total time=   0.0s[CV] END estimator__criterion=squared_error, estimator__learning_rate=0.001, estimator__max_depth=14, estimator__min_samples_split=12, estimator__n_estimators=20; total time=   0.0s
[CV] END estimator__criterion=squared_error, estimator__learning_rate=0.001, estimator__max_depth=17, estimator__min_samples_split=12, estimator__n_estimators=20; total time=   0.0s
[CV] END estimator__criterion=squared_error, estimator__learning_rate=0.001, estimator__max_depth=17, estimator__min_samples_split=12, estimator__n_estimators=20; total time=   0.0s
[CV] END estimator__criterion=squared_error, estimator__learning_rate=0.001, estimator__max_depth=17, estimator__min_samples_split=12, estimator__n_estimators=20; total time=   0.0s
[CV] END estimator__criterion=squared_error, estimator__learning_rate=0.001, estimator__max_depth=17, estimator__min_samples_split=12, estimator__n_estimators=20; total time=   0.0s
[CV] END estimator__criterion=squared_error, estimator__learning_rate=0.001, estimator__max_depth=17, estimator__min_samples_split=18, estimator__n_estimators=20; total time=   0.0s
[CV] END estimator__criterion=squared_error, estimator__learning_rate=0.001, estimator__max_depth=17, estimator__min_samples_split=18, estimator__n_estimators=20; total time=   0.0s
[CV] END estimator__criterion=squared_error, estimator__learning_rate=0.001, estimator__max_depth=17, estimator__min_samples_split=18, estimator__n_estimators=20; total time=   0.0s
[CV] END estimator__criterion=squared_error, estimator__learning_rate=0.001, estimator__max_depth=17, estimator__min_samples_split=18, estimator__n_estimators=20; total time=   0.0s
[CV] END estimator__criterion=squared_error, estimator__learning_rate=0.001, estimator__max_depth=18, estimator__min_samples_split=12, estimator__n_estimators=20; total time=   0.0s
[CV] END estimator__criterion=squared_error, estimator__learning_rate=0.001, estimator__max_depth=18, estimator__min_samples_split=12, estimator__n_estimators=20; total time=   0.0s
[CV] END estimator__criterion=squared_error, estimator__learning_rate=0.001, estimator__max_depth=18, estimator__min_samples_split=12, estimator__n_estimators=36; total time=   0.0s
[CV] END estimator__criterion=squared_error, estimator__learning_rate=0.001, estimator__max_depth=18, estimator__min_samples_split=12, estimator__n_estimators=36; total time=   0.0s
[CV] END estimator__criterion=squared_error, estimator__learning_rate=0.001, estimator__max_depth=18, estimator__min_samples_split=16, estimator__n_estimators=84; total time=   0.0s
[CV] END estimator__criterion=squared_error, estimator__learning_rate=0.001, estimator__max_depth=18, estimator__min_samples_split=16, estimator__n_estimators=84; total time=   0.0s
[CV] END estimator__criterion=squared_error, estimator__learning_rate=0.001, estimator__max_depth=18, estimator__min_samples_split=16, estimator__n_estimators=84; total time=   0.0s
[CV] END estimator__criterion=squared_error, estimator__learning_rate=0.001, estimator__max_depth=18, estimator__min_samples_split=16, estimator__n_estimators=84; total time=   0.0s
[CV] END estimator__criterion=squared_error, estimator__learning_rate=0.01, estimator__max_depth=15, estimator__min_samples_split=10, estimator__n_estimators=68; total time=   0.0s
[CV] END estimator__criterion=squared_error, estimator__learning_rate=0.01, estimator__max_depth=15, estimator__min_samples_split=10, estimator__n_estimators=68; total time=   0.0s
[CV] END estimator__criterion=squared_error, estimator__learning_rate=0.01, estimator__max_depth=15, estimator__min_samples_split=10, estimator__n_estimators=84; total time=   0.0s
[CV] END estimator__criterion=squared_error, estimator__learning_rate=0.01, estimator__max_depth=15, estimator__min_samples_split=10, estimator__n_estimators=84; total time=   0.0s
[CV] END estimator__criterion=squared_error, estimator__learning_rate=0.01, estimator__max_depth=16, estimator__min_samples_split=18, estimator__n_estimators=52; total time=   0.0s
[CV] END estimator__criterion=squared_error, estimator__learning_rate=0.01, estimator__max_depth=16, estimator__min_samples_split=18, estimator__n_estimators=52; total time=   0.0s
[CV] END estimator__criterion=squared_error, estimator__learning_rate=0.01, estimator__max_depth=16, estimator__min_samples_split=18, estimator__n_estimators=68; total time=   0.0s
[CV] END estimator__criterion=squared_error, estimator__learning_rate=0.01, estimator__max_depth=16, estimator__min_samples_split=18, estimator__n_estimators=68; total time=   0.0s
[CV] END estimator__criterion=squared_error, estimator__learning_rate=0.01, estimator__max_depth=18, estimator__min_samples_split=10, estimator__n_estimators=68; total time=   0.0s
[CV] END estimator__criterion=squared_error, estimator__learning_rate=0.01, estimator__max_depth=18, estimator__min_samples_split=10, estimator__n_estimators=68; total time=   0.0s
[CV] END estimator__criterion=squared_error, estimator__learning_rate=0.01, estimator__max_depth=18, estimator__min_samples_split=10, estimator__n_estimators=68; total time=   0.0s
[CV] END estimator__criterion=squared_error, estimator__learning_rate=0.01, estimator__max_depth=18, estimator__min_samples_split=10, estimator__n_estimators=68; total time=   0.0s
[CV] END estimator__criterion=squared_error, estimator__learning_rate=0.1, estimator__max_depth=14, estimator__min_samples_split=14, estimator__n_estimators=36; total time=   0.0s
[CV] END estimator__criterion=squared_error, estimator__learning_rate=0.1, estimator__max_depth=14, estimator__min_samples_split=14, estimator__n_estimators=36; total time=   0.0s
[CV] END estimator__criterion=squared_error, estimator__learning_rate=0.1, estimator__max_depth=14, estimator__min_samples_split=14, estimator__n_estimators=52; total time=   0.0s
[CV] END estimator__criterion=squared_error, estimator__learning_rate=0.1, estimator__max_depth=14, estimator__min_samples_split=14, estimator__n_estimators=52; total time=   0.0s
[CV] END estimator__criterion=squared_error, estimator__learning_rate=0.1, estimator__max_depth=15, estimator__min_samples_split=12, estimator__n_estimators=84; total time=   0.0s
[CV] END estimator__criterion=squared_error, estimator__learning_rate=0.1, estimator__max_depth=15, estimator__min_samples_split=12, estimator__n_estimators=84; total time=   0.0s
[CV] END estimator__criterion=squared_error, estimator__learning_rate=0.1, estimator__max_depth=15, estimator__min_samples_split=12, estimator__n_estimators=84; total time=   0.0s
[CV] END estimator__criterion=squared_error, estimator__learning_rate=0.1, estimator__max_depth=15, estimator__min_samples_split=12, estimator__n_estimators=84; total time=   0.0s
[CV] END estimator__criterion=squared_error, estimator__learning_rate=0.1, estimator__max_depth=16, estimator__min_samples_split=18, estimator__n_estimators=36; total time=   0.0s
[CV] END estimator__criterion=squared_error, estimator__learning_rate=0.1, estimator__max_depth=16, estimator__min_samples_split=18, estimator__n_estimators=36; total time=   0.0s
[CV] END estimator__criterion=squared_error, estimator__learning_rate=0.1, estimator__max_depth=16, estimator__min_samples_split=18, estimator__n_estimators=52; total time=   0.0s
[CV] END estimator__criterion=squared_error, estimator__learning_rate=0.1, estimator__max_depth=16, estimator__min_samples_split=18, estimator__n_estimators=52; total time=   0.0s
[CV] END estimator__criterion=squared_error, estimator__learning_rate=0.1, estimator__max_depth=17, estimator__min_samples_split=16, estimator__n_estimators=36; total time=   0.0s
[CV] END estimator__criterion=squared_error, estimator__learning_rate=0.1, estimator__max_depth=17, estimator__min_samples_split=16, estimator__n_estimators=36; total time=   0.0s
[CV] END estimator__criterion=squared_error, estimator__learning_rate=0.1, estimator__max_depth=17, estimator__min_samples_split=16, estimator__n_estimators=52; total time=   0.0s
[CV] END estimator__criterion=squared_error, estimator__learning_rate=0.1, estimator__max_depth=17, estimator__min_samples_split=16, estimator__n_estimators=52; total time=   0.0s
[CV] END estimator__criterion=squared_error, estimator__learning_rate=0.1, estimator__max_depth=18, estimator__min_samples_split=14, estimator__n_estimators=84; total time=   0.0s[CV] END estimator__criterion=squared_error, estimator__learning_rate=0.001, estimator__max_depth=14, estimator__min_samples_split=10, estimator__n_estimators=68; total time=   0.0s
[CV] END estimator__criterion=squared_error, estimator__learning_rate=0.001, estimator__max_depth=16, estimator__min_samples_split=18, estimator__n_estimators=84; total time=   0.0s
[CV] END estimator__criterion=squared_error, estimator__learning_rate=0.001, estimator__max_depth=16, estimator__min_samples_split=18, estimator__n_estimators=84; total time=   0.0s
[CV] END estimator__criterion=squared_error, estimator__learning_rate=0.001, estimator__max_depth=16, estimator__min_samples_split=18, estimator__n_estimators=84; total time=   0.0s
[CV] END estimator__criterion=squared_error, estimator__learning_rate=0.001, estimator__max_depth=17, estimator__min_samples_split=10, estimator__n_estimators=20; total time=   0.0s
[CV] END estimator__criterion=squared_error, estimator__learning_rate=0.001, estimator__max_depth=18, estimator__min_samples_split=14, estimator__n_estimators=52; total time=   0.0s
[CV] END estimator__criterion=squared_error, estimator__learning_rate=0.001, estimator__max_depth=18, estimator__min_samples_split=14, estimator__n_estimators=52; total time=   0.0s
[CV] END estimator__criterion=squared_error, estimator__learning_rate=0.001, estimator__max_depth=18, estimator__min_samples_split=14, estimator__n_estimators=52; total time=   0.0s
[CV] END estimator__criterion=squared_error, estimator__learning_rate=0.001, estimator__max_depth=18, estimator__min_samples_split=14, estimator__n_estimators=52; total time=   0.0s
[CV] END estimator__criterion=squared_error, estimator__learning_rate=0.01, estimator__max_depth=14, estimator__min_samples_split=14, estimator__n_estimators=84; total time=   0.0s
[CV] END estimator__criterion=squared_error, estimator__learning_rate=0.01, estimator__max_depth=14, estimator__min_samples_split=14, estimator__n_estimators=84; total time=   0.0s
[CV] END estimator__criterion=squared_error, estimator__learning_rate=0.01, estimator__max_depth=14, estimator__min_samples_split=14, estimator__n_estimators=84; total time=   0.0s
[CV] END estimator__criterion=squared_error, estimator__learning_rate=0.01, estimator__max_depth=14, estimator__min_samples_split=14, estimator__n_estimators=84; total time=   0.0s
[CV] END estimator__criterion=squared_error, estimator__learning_rate=0.01, estimator__max_depth=15, estimator__min_samples_split=18, estimator__n_estimators=52; total time=   0.0s
[CV] END estimator__criterion=squared_error, estimator__learning_rate=0.01, estimator__max_depth=15, estimator__min_samples_split=18, estimator__n_estimators=52; total time=   0.0s
[CV] END estimator__criterion=squared_error, estimator__learning_rate=0.01, estimator__max_depth=15, estimator__min_samples_split=18, estimator__n_estimators=52; total time=   0.0s
[CV] END estimator__criterion=squared_error, estimator__learning_rate=0.01, estimator__max_depth=15, estimator__min_samples_split=18, estimator__n_estimators=52; total time=   0.0s
[CV] END estimator__criterion=squared_error, estimator__learning_rate=0.01, estimator__max_depth=16, estimator__min_samples_split=18, estimator__n_estimators=36; total time=   0.0s
[CV] END estimator__criterion=squared_error, estimator__learning_rate=0.01, estimator__max_depth=16, estimator__min_samples_split=18, estimator__n_estimators=52; total time=   0.0s
[CV] END estimator__criterion=squared_error, estimator__learning_rate=0.01, estimator__max_depth=16, estimator__min_samples_split=18, estimator__n_estimators=52; total time=   0.0s
[CV] END estimator__criterion=squared_error, estimator__learning_rate=0.01, estimator__max_depth=16, estimator__min_samples_split=18, estimator__n_estimators=52; total time=   0.0s
[CV] END estimator__criterion=squared_error, estimator__learning_rate=0.01, estimator__max_depth=17, estimator__min_samples_split=16, estimator__n_estimators=84; total time=   0.0s
[CV] END estimator__criterion=squared_error, estimator__learning_rate=0.01, estimator__max_depth=17, estimator__min_samples_split=16, estimator__n_estimators=84; total time=   0.0s
[CV] END estimator__criterion=squared_error, estimator__learning_rate=0.01, estimator__max_depth=17, estimator__min_samples_split=16, estimator__n_estimators=84; total time=   0.0s
[CV] END estimator__criterion=squared_error, estimator__learning_rate=0.01, estimator__max_depth=17, estimator__min_samples_split=16, estimator__n_estimators=84; total time=   0.0s
[CV] END estimator__criterion=squared_error, estimator__learning_rate=0.1, estimator__max_depth=14, estimator__min_samples_split=12, estimator__n_estimators=20; total time=   0.0s
[CV] END estimator__criterion=squared_error, estimator__learning_rate=0.1, estimator__max_depth=14, estimator__min_samples_split=12, estimator__n_estimators=20; total time=   0.0s
[CV] END estimator__criterion=squared_error, estimator__learning_rate=0.1, estimator__max_depth=14, estimator__min_samples_split=12, estimator__n_estimators=20; total time=   0.0s
[CV] END estimator__criterion=squared_error, estimator__learning_rate=0.1, estimator__max_depth=14, estimator__min_samples_split=12, estimator__n_estimators=20; total time=   0.0s
[CV] END estimator__criterion=squared_error, estimator__learning_rate=0.1, estimator__max_depth=14, estimator__min_samples_split=16, estimator__n_estimators=68; total time=   0.0s
[CV] END estimator__criterion=squared_error, estimator__learning_rate=0.1, estimator__max_depth=14, estimator__min_samples_split=16, estimator__n_estimators=68; total time=   0.0s
[CV] END estimator__criterion=squared_error, estimator__learning_rate=0.1, estimator__max_depth=14, estimator__min_samples_split=16, estimator__n_estimators=68; total time=   0.0s
[CV] END estimator__criterion=squared_error, estimator__learning_rate=0.1, estimator__max_depth=14, estimator__min_samples_split=16, estimator__n_estimators=68; total time=   0.0s
[CV] END estimator__criterion=squared_error, estimator__learning_rate=0.1, estimator__max_depth=16, estimator__min_samples_split=10, estimator__n_estimators=36; total time=   0.0s
[CV] END estimator__criterion=squared_error, estimator__learning_rate=0.1, estimator__max_depth=16, estimator__min_samples_split=10, estimator__n_estimators=36; total time=   0.0s
[CV] END estimator__criterion=squared_error, estimator__learning_rate=0.1, estimator__max_depth=16, estimator__min_samples_split=10, estimator__n_estimators=52; total time=   0.0s
[CV] END estimator__criterion=squared_error, estimator__learning_rate=0.1, estimator__max_depth=16, estimator__min_samples_split=10, estimator__n_estimators=52; total time=   0.0s
[CV] END estimator__criterion=squared_error, estimator__learning_rate=0.1, estimator__max_depth=16, estimator__min_samples_split=18, estimator__n_estimators=68; total time=   0.0s
[CV] END estimator__criterion=squared_error, estimator__learning_rate=0.1, estimator__max_depth=16, estimator__min_samples_split=18, estimator__n_estimators=68; total time=   0.0s
[CV] END estimator__criterion=squared_error, estimator__learning_rate=0.1, estimator__max_depth=16, estimator__min_samples_split=18, estimator__n_estimators=68; total time=   0.0s
[CV] END estimator__criterion=squared_error, estimator__learning_rate=0.1, estimator__max_depth=16, estimator__min_samples_split=18, estimator__n_estimators=68; total time=   0.0s
[CV] END estimator__criterion=squared_error, estimator__learning_rate=0.1, estimator__max_depth=18, estimator__min_samples_split=10, estimator__n_estimators=52; total time=   0.0s
[CV] END estimator__criterion=squared_error, estimator__learning_rate=0.1, estimator__max_depth=18, estimator__min_samples_split=10, estimator__n_estimators=52; total time=   0.0s
[CV] END estimator__criterion=squared_error, estimator__learning_rate=0.1, estimator__max_depth=18, estimator__min_samples_split=10, estimator__n_estimators=52; total time=   0.0s
[CV] END estimator__criterion=squared_error, estimator__learning_rate=0.1, estimator__max_depth=18, estimator__min_samples_split=10, estimator__n_estimators=52; total time=   0.0s
[CV] END estimator__criterion=squared_error, estimator__learning_rate=1.0, estimator__max_depth=14, estimator__min_samples_split=10, estimator__n_estimators=20; total time=   0.0s[CV] END estimator__criterion=squared_error, estimator__learning_rate=0.001, estimator__max_depth=14, estimator__min_samples_split=12, estimator__n_estimators=36; total time=   0.0s
[CV] END estimator__criterion=squared_error, estimator__learning_rate=0.001, estimator__max_depth=17, estimator__min_samples_split=10, estimator__n_estimators=68; total time=   0.0s
[CV] END estimator__criterion=squared_error, estimator__learning_rate=0.001, estimator__max_depth=17, estimator__min_samples_split=10, estimator__n_estimators=68; total time=   0.0s
[CV] END estimator__criterion=squared_error, estimator__learning_rate=0.001, estimator__max_depth=17, estimator__min_samples_split=10, estimator__n_estimators=68; total time=   0.0s
[CV] END estimator__criterion=squared_error, estimator__learning_rate=0.001, estimator__max_depth=17, estimator__min_samples_split=10, estimator__n_estimators=84; total time=   0.0s
[CV] END estimator__criterion=squared_error, estimator__learning_rate=0.001, estimator__max_depth=18, estimator__min_samples_split=16, estimator__n_estimators=52; total time=   0.0s
[CV] END estimator__criterion=squared_error, estimator__learning_rate=0.001, estimator__max_depth=18, estimator__min_samples_split=16, estimator__n_estimators=52; total time=   0.0s
[CV] END estimator__criterion=squared_error, estimator__learning_rate=0.001, estimator__max_depth=18, estimator__min_samples_split=16, estimator__n_estimators=68; total time=   0.0s
[CV] END estimator__criterion=squared_error, estimator__learning_rate=0.001, estimator__max_depth=18, estimator__min_samples_split=16, estimator__n_estimators=68; total time=   0.0s
[CV] END estimator__criterion=squared_error, estimator__learning_rate=0.01, estimator__max_depth=14, estimator__min_samples_split=18, estimator__n_estimators=84; total time=   0.0s
[CV] END estimator__criterion=squared_error, estimator__learning_rate=0.01, estimator__max_depth=14, estimator__min_samples_split=18, estimator__n_estimators=84; total time=   0.0s
[CV] END estimator__criterion=squared_error, estimator__learning_rate=0.01, estimator__max_depth=15, estimator__min_samples_split=10, estimator__n_estimators=20; total time=   0.0s
[CV] END estimator__criterion=squared_error, estimator__learning_rate=0.01, estimator__max_depth=15, estimator__min_samples_split=10, estimator__n_estimators=20; total time=   0.0s
[CV] END estimator__criterion=squared_error, estimator__learning_rate=0.01, estimator__max_depth=16, estimator__min_samples_split=12, estimator__n_estimators=36; total time=   0.0s
[CV] END estimator__criterion=squared_error, estimator__learning_rate=0.01, estimator__max_depth=16, estimator__min_samples_split=12, estimator__n_estimators=36; total time=   0.0s
[CV] END estimator__criterion=squared_error, estimator__learning_rate=0.01, estimator__max_depth=16, estimator__min_samples_split=12, estimator__n_estimators=52; total time=   0.0s
[CV] END estimator__criterion=squared_error, estimator__learning_rate=0.01, estimator__max_depth=16, estimator__min_samples_split=12, estimator__n_estimators=52; total time=   0.0s
[CV] END estimator__criterion=squared_error, estimator__learning_rate=0.01, estimator__max_depth=17, estimator__min_samples_split=10, estimator__n_estimators=68; total time=   0.0s
[CV] END estimator__criterion=squared_error, estimator__learning_rate=0.01, estimator__max_depth=17, estimator__min_samples_split=10, estimator__n_estimators=68; total time=   0.0s
[CV] END estimator__criterion=squared_error, estimator__learning_rate=0.01, estimator__max_depth=17, estimator__min_samples_split=10, estimator__n_estimators=68; total time=   0.0s
[CV] END estimator__criterion=squared_error, estimator__learning_rate=0.01, estimator__max_depth=17, estimator__min_samples_split=10, estimator__n_estimators=68; total time=   0.0s
[CV] END estimator__criterion=squared_error, estimator__learning_rate=0.01, estimator__max_depth=18, estimator__min_samples_split=14, estimator__n_estimators=20; total time=   0.0s
[CV] END estimator__criterion=squared_error, estimator__learning_rate=0.01, estimator__max_depth=18, estimator__min_samples_split=14, estimator__n_estimators=20; total time=   0.0s
[CV] END estimator__criterion=squared_error, estimator__learning_rate=0.01, estimator__max_depth=18, estimator__min_samples_split=14, estimator__n_estimators=20; total time=   0.0s
[CV] END estimator__criterion=squared_error, estimator__learning_rate=0.01, estimator__max_depth=18, estimator__min_samples_split=14, estimator__n_estimators=20; total time=   0.0s
[CV] END estimator__criterion=squared_error, estimator__learning_rate=0.01, estimator__max_depth=18, estimator__min_samples_split=18, estimator__n_estimators=20; total time=   0.0s
[CV] END estimator__criterion=squared_error, estimator__learning_rate=0.01, estimator__max_depth=18, estimator__min_samples_split=18, estimator__n_estimators=20; total time=   0.0s
[CV] END estimator__criterion=squared_error, estimator__learning_rate=0.01, estimator__max_depth=18, estimator__min_samples_split=18, estimator__n_estimators=36; total time=   0.0s
[CV] END estimator__criterion=squared_error, estimator__learning_rate=0.01, estimator__max_depth=18, estimator__min_samples_split=18, estimator__n_estimators=36; total time=   0.0s
[CV] END estimator__criterion=squared_error, estimator__learning_rate=0.1, estimator__max_depth=14, estimator__min_samples_split=12, estimator__n_estimators=52; total time=   0.0s
[CV] END estimator__criterion=squared_error, estimator__learning_rate=0.1, estimator__max_depth=14, estimator__min_samples_split=12, estimator__n_estimators=52; total time=   0.0s
[CV] END estimator__criterion=squared_error, estimator__learning_rate=0.1, estimator__max_depth=14, estimator__min_samples_split=12, estimator__n_estimators=68; total time=   0.0s
[CV] END estimator__criterion=squared_error, estimator__learning_rate=0.1, estimator__max_depth=14, estimator__min_samples_split=12, estimator__n_estimators=68; total time=   0.0s
[CV] END estimator__criterion=squared_error, estimator__learning_rate=0.1, estimator__max_depth=15, estimator__min_samples_split=14, estimator__n_estimators=68; total time=   0.0s
[CV] END estimator__criterion=squared_error, estimator__learning_rate=0.1, estimator__max_depth=15, estimator__min_samples_split=14, estimator__n_estimators=68; total time=   0.0s
[CV] END estimator__criterion=squared_error, estimator__learning_rate=0.1, estimator__max_depth=15, estimator__min_samples_split=14, estimator__n_estimators=68; total time=   0.0s
[CV] END estimator__criterion=squared_error, estimator__learning_rate=0.1, estimator__max_depth=15, estimator__min_samples_split=14, estimator__n_estimators=68; total time=   0.0s
[CV] END estimator__criterion=squared_error, estimator__learning_rate=0.1, estimator__max_depth=16, estimator__min_samples_split=18, estimator__n_estimators=20; total time=   0.0s
[CV] END estimator__criterion=squared_error, estimator__learning_rate=0.1, estimator__max_depth=16, estimator__min_samples_split=18, estimator__n_estimators=36; total time=   0.0s
[CV] END estimator__criterion=squared_error, estimator__learning_rate=0.1, estimator__max_depth=16, estimator__min_samples_split=18, estimator__n_estimators=36; total time=   0.0s
[CV] END estimator__criterion=squared_error, estimator__learning_rate=0.1, estimator__max_depth=16, estimator__min_samples_split=18, estimator__n_estimators=36; total time=   0.0s
[CV] END estimator__criterion=squared_error, estimator__learning_rate=0.1, estimator__max_depth=17, estimator__min_samples_split=14, estimator__n_estimators=68; total time=   0.0s
[CV] END estimator__criterion=squared_error, estimator__learning_rate=0.1, estimator__max_depth=17, estimator__min_samples_split=14, estimator__n_estimators=68; total time=   0.0s
[CV] END estimator__criterion=squared_error, estimator__learning_rate=0.1, estimator__max_depth=17, estimator__min_samples_split=14, estimator__n_estimators=68; total time=   0.0s
[CV] END estimator__criterion=squared_error, estimator__learning_rate=0.1, estimator__max_depth=17, estimator__min_samples_split=14, estimator__n_estimators=84; total time=   0.0s
[CV] END estimator__criterion=squared_error, estimator__learning_rate=1.0, estimator__max_depth=14, estimator__min_samples_split=10, estimator__n_estimators=36; total time=   0.0s[CV] END estimator__criterion=squared_error, estimator__learning_rate=0.001, estimator__max_depth=14, estimator__min_samples_split=12, estimator__n_estimators=20; total time=   0.0s
[CV] END estimator__criterion=squared_error, estimator__learning_rate=0.001, estimator__max_depth=16, estimator__min_samples_split=18, estimator__n_estimators=52; total time=   0.0s
[CV] END estimator__criterion=squared_error, estimator__learning_rate=0.001, estimator__max_depth=16, estimator__min_samples_split=18, estimator__n_estimators=52; total time=   0.0s
[CV] END estimator__criterion=squared_error, estimator__learning_rate=0.001, estimator__max_depth=16, estimator__min_samples_split=18, estimator__n_estimators=52; total time=   0.0s
[CV] END estimator__criterion=squared_error, estimator__learning_rate=0.001, estimator__max_depth=16, estimator__min_samples_split=18, estimator__n_estimators=52; total time=   0.0s
[CV] END estimator__criterion=squared_error, estimator__learning_rate=0.001, estimator__max_depth=18, estimator__min_samples_split=10, estimator__n_estimators=52; total time=   0.0s
[CV] END estimator__criterion=squared_error, estimator__learning_rate=0.001, estimator__max_depth=18, estimator__min_samples_split=10, estimator__n_estimators=52; total time=   0.0s
[CV] END estimator__criterion=squared_error, estimator__learning_rate=0.001, estimator__max_depth=18, estimator__min_samples_split=10, estimator__n_estimators=52; total time=   0.0s
[CV] END estimator__criterion=squared_error, estimator__learning_rate=0.001, estimator__max_depth=18, estimator__min_samples_split=10, estimator__n_estimators=68; total time=   0.0s
[CV] END estimator__criterion=squared_error, estimator__learning_rate=0.01, estimator__max_depth=14, estimator__min_samples_split=10, estimator__n_estimators=84; total time=   0.0s
[CV] END estimator__criterion=squared_error, estimator__learning_rate=0.01, estimator__max_depth=14, estimator__min_samples_split=10, estimator__n_estimators=84; total time=   0.0s
[CV] END estimator__criterion=squared_error, estimator__learning_rate=0.01, estimator__max_depth=14, estimator__min_samples_split=12, estimator__n_estimators=20; total time=   0.0s
[CV] END estimator__criterion=squared_error, estimator__learning_rate=0.01, estimator__max_depth=14, estimator__min_samples_split=12, estimator__n_estimators=20; total time=   0.0s
[CV] END estimator__criterion=squared_error, estimator__learning_rate=0.01, estimator__max_depth=15, estimator__min_samples_split=12, estimator__n_estimators=36; total time=   0.0s
[CV] END estimator__criterion=squared_error, estimator__learning_rate=0.01, estimator__max_depth=15, estimator__min_samples_split=12, estimator__n_estimators=36; total time=   0.0s
[CV] END estimator__criterion=squared_error, estimator__learning_rate=0.01, estimator__max_depth=15, estimator__min_samples_split=12, estimator__n_estimators=36; total time=   0.0s
[CV] END estimator__criterion=squared_error, estimator__learning_rate=0.01, estimator__max_depth=15, estimator__min_samples_split=12, estimator__n_estimators=36; total time=   0.0s
[CV] END estimator__criterion=squared_error, estimator__learning_rate=0.01, estimator__max_depth=16, estimator__min_samples_split=10, estimator__n_estimators=84; total time=   0.0s
[CV] END estimator__criterion=squared_error, estimator__learning_rate=0.01, estimator__max_depth=16, estimator__min_samples_split=10, estimator__n_estimators=84; total time=   0.0s
[CV] END estimator__criterion=squared_error, estimator__learning_rate=0.01, estimator__max_depth=16, estimator__min_samples_split=10, estimator__n_estimators=84; total time=   0.0s
[CV] END estimator__criterion=squared_error, estimator__learning_rate=0.01, estimator__max_depth=16, estimator__min_samples_split=10, estimator__n_estimators=84; total time=   0.0s
[CV] END estimator__criterion=squared_error, estimator__learning_rate=0.01, estimator__max_depth=17, estimator__min_samples_split=16, estimator__n_estimators=36; total time=   0.0s
[CV] END estimator__criterion=squared_error, estimator__learning_rate=0.01, estimator__max_depth=17, estimator__min_samples_split=16, estimator__n_estimators=36; total time=   0.0s
[CV] END estimator__criterion=squared_error, estimator__learning_rate=0.01, estimator__max_depth=17, estimator__min_samples_split=16, estimator__n_estimators=36; total time=   0.0s
[CV] END estimator__criterion=squared_error, estimator__learning_rate=0.01, estimator__max_depth=17, estimator__min_samples_split=16, estimator__n_estimators=36; total time=   0.0s
[CV] END estimator__criterion=squared_error, estimator__learning_rate=0.01, estimator__max_depth=18, estimator__min_samples_split=12, estimator__n_estimators=68; total time=   0.0s
[CV] END estimator__criterion=squared_error, estimator__learning_rate=0.01, estimator__max_depth=18, estimator__min_samples_split=12, estimator__n_estimators=68; total time=   0.0s
[CV] END estimator__criterion=squared_error, estimator__learning_rate=0.01, estimator__max_depth=18, estimator__min_samples_split=12, estimator__n_estimators=84; total time=   0.0s
[CV] END estimator__criterion=squared_error, estimator__learning_rate=0.01, estimator__max_depth=18, estimator__min_samples_split=12, estimator__n_estimators=84; total time=   0.0s
[CV] END estimator__criterion=squared_error, estimator__learning_rate=0.1, estimator__max_depth=14, estimator__min_samples_split=16, estimator__n_estimators=68; total time=   0.0s
[CV] END estimator__criterion=squared_error, estimator__learning_rate=0.1, estimator__max_depth=14, estimator__min_samples_split=16, estimator__n_estimators=84; total time=   0.0s
[CV] END estimator__criterion=squared_error, estimator__learning_rate=0.1, estimator__max_depth=14, estimator__min_samples_split=16, estimator__n_estimators=84; total time=   0.0s
[CV] END estimator__criterion=squared_error, estimator__learning_rate=0.1, estimator__max_depth=14, estimator__min_samples_split=16, estimator__n_estimators=84; total time=   0.0s
[CV] END estimator__criterion=squared_error, estimator__learning_rate=0.1, estimator__max_depth=16, estimator__min_samples_split=10, estimator__n_estimators=68; total time=   0.0s
[CV] END estimator__criterion=squared_error, estimator__learning_rate=0.1, estimator__max_depth=16, estimator__min_samples_split=10, estimator__n_estimators=68; total time=   0.0s
[CV] END estimator__criterion=squared_error, estimator__learning_rate=0.1, estimator__max_depth=16, estimator__min_samples_split=10, estimator__n_estimators=68; total time=   0.0s
[CV] END estimator__criterion=squared_error, estimator__learning_rate=0.1, estimator__max_depth=16, estimator__min_samples_split=10, estimator__n_estimators=68; total time=   0.0s
[CV] END estimator__criterion=squared_error, estimator__learning_rate=0.1, estimator__max_depth=17, estimator__min_samples_split=14, estimator__n_estimators=20; total time=   0.0s
[CV] END estimator__criterion=squared_error, estimator__learning_rate=0.1, estimator__max_depth=17, estimator__min_samples_split=14, estimator__n_estimators=20; total time=   0.0s
[CV] END estimator__criterion=squared_error, estimator__learning_rate=0.1, estimator__max_depth=17, estimator__min_samples_split=14, estimator__n_estimators=20; total time=   0.0s
[CV] END estimator__criterion=squared_error, estimator__learning_rate=0.1, estimator__max_depth=17, estimator__min_samples_split=14, estimator__n_estimators=20; total time=   0.0s
[CV] END estimator__criterion=squared_error, estimator__learning_rate=0.1, estimator__max_depth=17, estimator__min_samples_split=18, estimator__n_estimators=68; total time=   0.0s
[CV] END estimator__criterion=squared_error, estimator__learning_rate=0.1, estimator__max_depth=17, estimator__min_samples_split=18, estimator__n_estimators=84; total time=   0.0s
[CV] END estimator__criterion=squared_error, estimator__learning_rate=0.1, estimator__max_depth=17, estimator__min_samples_split=18, estimator__n_estimators=84; total time=   0.0s
[CV] END estimator__criterion=squared_error, estimator__learning_rate=0.1, estimator__max_depth=17, estimator__min_samples_split=18, estimator__n_estimators=84; total time=   0.0s
[CV] END estimator__criterion=squared_error, estimator__learning_rate=1.0, estimator__max_depth=14, estimator__min_samples_split=12, estimator__n_estimators=20; total time=   0.0s[CV] END estimator__criterion=squared_error, estimator__learning_rate=0.001, estimator__max_depth=14, estimator__min_samples_split=10, estimator__n_estimators=36; total time=   0.0s
[CV] END estimator__criterion=squared_error, estimator__learning_rate=0.001, estimator__max_depth=16, estimator__min_samples_split=16, estimator__n_estimators=84; total time=   0.0s
[CV] END estimator__criterion=squared_error, estimator__learning_rate=0.001, estimator__max_depth=16, estimator__min_samples_split=16, estimator__n_estimators=84; total time=   0.0s
[CV] END estimator__criterion=squared_error, estimator__learning_rate=0.001, estimator__max_depth=17, estimator__min_samples_split=18, estimator__n_estimators=68; total time=   0.0s
[CV] END estimator__criterion=squared_error, estimator__learning_rate=0.001, estimator__max_depth=17, estimator__min_samples_split=18, estimator__n_estimators=68; total time=   0.0s
[CV] END estimator__criterion=squared_error, estimator__learning_rate=0.001, estimator__max_depth=17, estimator__min_samples_split=18, estimator__n_estimators=68; total time=   0.0s
[CV] END estimator__criterion=squared_error, estimator__learning_rate=0.001, estimator__max_depth=17, estimator__min_samples_split=18, estimator__n_estimators=84; total time=   0.0s
[CV] END estimator__criterion=squared_error, estimator__learning_rate=0.01, estimator__max_depth=14, estimator__min_samples_split=12, estimator__n_estimators=84; total time=   0.0s
[CV] END estimator__criterion=squared_error, estimator__learning_rate=0.01, estimator__max_depth=14, estimator__min_samples_split=12, estimator__n_estimators=84; total time=   0.0s
[CV] END estimator__criterion=squared_error, estimator__learning_rate=0.01, estimator__max_depth=14, estimator__min_samples_split=12, estimator__n_estimators=84; total time=   0.0s
[CV] END estimator__criterion=squared_error, estimator__learning_rate=0.01, estimator__max_depth=14, estimator__min_samples_split=14, estimator__n_estimators=20; total time=   0.0s
[CV] END estimator__criterion=squared_error, estimator__learning_rate=0.01, estimator__max_depth=15, estimator__min_samples_split=16, estimator__n_estimators=36; total time=   0.0s
[CV] END estimator__criterion=squared_error, estimator__learning_rate=0.01, estimator__max_depth=15, estimator__min_samples_split=16, estimator__n_estimators=36; total time=   0.0s
[CV] END estimator__criterion=squared_error, estimator__learning_rate=0.01, estimator__max_depth=15, estimator__min_samples_split=16, estimator__n_estimators=36; total time=   0.0s
[CV] END estimator__criterion=squared_error, estimator__learning_rate=0.01, estimator__max_depth=15, estimator__min_samples_split=16, estimator__n_estimators=52; total time=   0.0s
[CV] END estimator__criterion=squared_error, estimator__learning_rate=0.01, estimator__max_depth=16, estimator__min_samples_split=12, estimator__n_estimators=20; total time=   0.0s
[CV] END estimator__criterion=squared_error, estimator__learning_rate=0.01, estimator__max_depth=16, estimator__min_samples_split=12, estimator__n_estimators=36; total time=   0.0s
[CV] END estimator__criterion=squared_error, estimator__learning_rate=0.01, estimator__max_depth=16, estimator__min_samples_split=12, estimator__n_estimators=36; total time=   0.0s
[CV] END estimator__criterion=squared_error, estimator__learning_rate=0.01, estimator__max_depth=16, estimator__min_samples_split=12, estimator__n_estimators=36; total time=   0.0s
[CV] END estimator__criterion=squared_error, estimator__learning_rate=0.01, estimator__max_depth=16, estimator__min_samples_split=18, estimator__n_estimators=36; total time=   0.0s
[CV] END estimator__criterion=squared_error, estimator__learning_rate=0.01, estimator__max_depth=16, estimator__min_samples_split=18, estimator__n_estimators=36; total time=   0.0s
[CV] END estimator__criterion=squared_error, estimator__learning_rate=0.01, estimator__max_depth=16, estimator__min_samples_split=18, estimator__n_estimators=36; total time=   0.0s
[CV] END estimator__criterion=squared_error, estimator__learning_rate=0.01, estimator__max_depth=16, estimator__min_samples_split=18, estimator__n_estimators=36; total time=   0.0s
[CV] END estimator__criterion=squared_error, estimator__learning_rate=0.01, estimator__max_depth=17, estimator__min_samples_split=14, estimator__n_estimators=52; total time=   0.0s
[CV] END estimator__criterion=squared_error, estimator__learning_rate=0.01, estimator__max_depth=17, estimator__min_samples_split=14, estimator__n_estimators=52; total time=   0.0s
[CV] END estimator__criterion=squared_error, estimator__learning_rate=0.01, estimator__max_depth=17, estimator__min_samples_split=14, estimator__n_estimators=52; total time=   0.0s
[CV] END estimator__criterion=squared_error, estimator__learning_rate=0.01, estimator__max_depth=17, estimator__min_samples_split=14, estimator__n_estimators=52; total time=   0.0s
[CV] END estimator__criterion=squared_error, estimator__learning_rate=0.01, estimator__max_depth=18, estimator__min_samples_split=14, estimator__n_estimators=68; total time=   0.0s
[CV] END estimator__criterion=squared_error, estimator__learning_rate=0.01, estimator__max_depth=18, estimator__min_samples_split=14, estimator__n_estimators=68; total time=   0.0s
[CV] END estimator__criterion=squared_error, estimator__learning_rate=0.01, estimator__max_depth=18, estimator__min_samples_split=14, estimator__n_estimators=68; total time=   0.0s
[CV] END estimator__criterion=squared_error, estimator__learning_rate=0.01, estimator__max_depth=18, estimator__min_samples_split=14, estimator__n_estimators=84; total time=   0.0s
[CV] END estimator__criterion=squared_error, estimator__learning_rate=0.1, estimator__max_depth=14, estimator__min_samples_split=18, estimator__n_estimators=52; total time=   0.0s
[CV] END estimator__criterion=squared_error, estimator__learning_rate=0.1, estimator__max_depth=14, estimator__min_samples_split=18, estimator__n_estimators=68; total time=   0.0s
[CV] END estimator__criterion=squared_error, estimator__learning_rate=0.1, estimator__max_depth=14, estimator__min_samples_split=18, estimator__n_estimators=68; total time=   0.0s
[CV] END estimator__criterion=squared_error, estimator__learning_rate=0.1, estimator__max_depth=14, estimator__min_samples_split=18, estimator__n_estimators=68; total time=   0.0s
[CV] END estimator__criterion=squared_error, estimator__learning_rate=0.1, estimator__max_depth=16, estimator__min_samples_split=12, estimator__n_estimators=36; total time=   0.0s
[CV] END estimator__criterion=squared_error, estimator__learning_rate=0.1, estimator__max_depth=16, estimator__min_samples_split=12, estimator__n_estimators=36; total time=   0.0s
[CV] END estimator__criterion=squared_error, estimator__learning_rate=0.1, estimator__max_depth=16, estimator__min_samples_split=12, estimator__n_estimators=36; total time=   0.0s
[CV] END estimator__criterion=squared_error, estimator__learning_rate=0.1, estimator__max_depth=16, estimator__min_samples_split=12, estimator__n_estimators=52; total time=   0.0s
[CV] END estimator__criterion=squared_error, estimator__learning_rate=0.1, estimator__max_depth=17, estimator__min_samples_split=10, estimator__n_estimators=84; total time=   0.0s
[CV] END estimator__criterion=squared_error, estimator__learning_rate=0.1, estimator__max_depth=17, estimator__min_samples_split=10, estimator__n_estimators=84; total time=   0.0s
[CV] END estimator__criterion=squared_error, estimator__learning_rate=0.1, estimator__max_depth=17, estimator__min_samples_split=12, estimator__n_estimators=20; total time=   0.0s
[CV] END estimator__criterion=squared_error, estimator__learning_rate=0.1, estimator__max_depth=17, estimator__min_samples_split=12, estimator__n_estimators=20; total time=   0.0s
[CV] END estimator__criterion=squared_error, estimator__learning_rate=0.1, estimator__max_depth=18, estimator__min_samples_split=10, estimator__n_estimators=84; total time=   0.0s
[CV] END estimator__criterion=squared_error, estimator__learning_rate=0.1, estimator__max_depth=18, estimator__min_samples_split=10, estimator__n_estimators=84; total time=   0.0s
[CV] END estimator__criterion=squared_error, estimator__learning_rate=0.1, estimator__max_depth=18, estimator__min_samples_split=10, estimator__n_estimators=84; total time=   0.0s[CV] END estimator__criterion=squared_error, estimator__learning_rate=0.001, estimator__max_depth=14, estimator__min_samples_split=10, estimator__n_estimators=84; total time=   0.0s
[CV] END estimator__criterion=squared_error, estimator__learning_rate=0.001, estimator__max_depth=16, estimator__min_samples_split=18, estimator__n_estimators=68; total time=   0.0s
[CV] END estimator__criterion=squared_error, estimator__learning_rate=0.001, estimator__max_depth=16, estimator__min_samples_split=18, estimator__n_estimators=68; total time=   0.0s
[CV] END estimator__criterion=squared_error, estimator__learning_rate=0.001, estimator__max_depth=16, estimator__min_samples_split=18, estimator__n_estimators=84; total time=   0.0s
[CV] END estimator__criterion=squared_error, estimator__learning_rate=0.001, estimator__max_depth=16, estimator__min_samples_split=18, estimator__n_estimators=84; total time=   0.0s
[CV] END estimator__criterion=squared_error, estimator__learning_rate=0.001, estimator__max_depth=18, estimator__min_samples_split=16, estimator__n_estimators=36; total time=   0.0s
[CV] END estimator__criterion=squared_error, estimator__learning_rate=0.001, estimator__max_depth=18, estimator__min_samples_split=16, estimator__n_estimators=52; total time=   0.0s
[CV] END estimator__criterion=squared_error, estimator__learning_rate=0.001, estimator__max_depth=18, estimator__min_samples_split=16, estimator__n_estimators=52; total time=   0.0s
[CV] END estimator__criterion=squared_error, estimator__learning_rate=0.001, estimator__max_depth=18, estimator__min_samples_split=16, estimator__n_estimators=52; total time=   0.0s
[CV] END estimator__criterion=squared_error, estimator__learning_rate=0.01, estimator__max_depth=14, estimator__min_samples_split=14, estimator__n_estimators=68; total time=   0.0s
[CV] END estimator__criterion=squared_error, estimator__learning_rate=0.01, estimator__max_depth=14, estimator__min_samples_split=14, estimator__n_estimators=68; total time=   0.0s
[CV] END estimator__criterion=squared_error, estimator__learning_rate=0.01, estimator__max_depth=14, estimator__min_samples_split=14, estimator__n_estimators=68; total time=   0.0s
[CV] END estimator__criterion=squared_error, estimator__learning_rate=0.01, estimator__max_depth=14, estimator__min_samples_split=14, estimator__n_estimators=84; total time=   0.0s
[CV] END estimator__criterion=squared_error, estimator__learning_rate=0.01, estimator__max_depth=15, estimator__min_samples_split=18, estimator__n_estimators=20; total time=   0.0s
[CV] END estimator__criterion=squared_error, estimator__learning_rate=0.01, estimator__max_depth=15, estimator__min_samples_split=18, estimator__n_estimators=20; total time=   0.0s
[CV] END estimator__criterion=squared_error, estimator__learning_rate=0.01, estimator__max_depth=15, estimator__min_samples_split=18, estimator__n_estimators=20; total time=   0.0s
[CV] END estimator__criterion=squared_error, estimator__learning_rate=0.01, estimator__max_depth=15, estimator__min_samples_split=18, estimator__n_estimators=36; total time=   0.0s
[CV] END estimator__criterion=squared_error, estimator__learning_rate=0.01, estimator__max_depth=16, estimator__min_samples_split=10, estimator__n_estimators=36; total time=   0.0s
[CV] END estimator__criterion=squared_error, estimator__learning_rate=0.01, estimator__max_depth=16, estimator__min_samples_split=10, estimator__n_estimators=36; total time=   0.0s
[CV] END estimator__criterion=squared_error, estimator__learning_rate=0.01, estimator__max_depth=16, estimator__min_samples_split=10, estimator__n_estimators=36; total time=   0.0s
[CV] END estimator__criterion=squared_error, estimator__learning_rate=0.01, estimator__max_depth=16, estimator__min_samples_split=10, estimator__n_estimators=36; total time=   0.0s
[CV] END estimator__criterion=squared_error, estimator__learning_rate=0.01, estimator__max_depth=16, estimator__min_samples_split=16, estimator__n_estimators=84; total time=   0.0s
[CV] END estimator__criterion=squared_error, estimator__learning_rate=0.01, estimator__max_depth=16, estimator__min_samples_split=16, estimator__n_estimators=84; total time=   0.0s
[CV] END estimator__criterion=squared_error, estimator__learning_rate=0.01, estimator__max_depth=16, estimator__min_samples_split=16, estimator__n_estimators=84; total time=   0.0s
[CV] END estimator__criterion=squared_error, estimator__learning_rate=0.01, estimator__max_depth=16, estimator__min_samples_split=18, estimator__n_estimators=20; total time=   0.0s
[CV] END estimator__criterion=squared_error, estimator__learning_rate=0.01, estimator__max_depth=17, estimator__min_samples_split=18, estimator__n_estimators=84; total time=   0.0s
[CV] END estimator__criterion=squared_error, estimator__learning_rate=0.01, estimator__max_depth=17, estimator__min_samples_split=18, estimator__n_estimators=84; total time=   0.0s
[CV] END estimator__criterion=squared_error, estimator__learning_rate=0.01, estimator__max_depth=17, estimator__min_samples_split=18, estimator__n_estimators=84; total time=   0.0s
[CV] END estimator__criterion=squared_error, estimator__learning_rate=0.01, estimator__max_depth=17, estimator__min_samples_split=18, estimator__n_estimators=84; total time=   0.0s
[CV] END estimator__criterion=squared_error, estimator__learning_rate=0.1, estimator__max_depth=14, estimator__min_samples_split=12, estimator__n_estimators=36; total time=   0.0s
[CV] END estimator__criterion=squared_error, estimator__learning_rate=0.1, estimator__max_depth=14, estimator__min_samples_split=12, estimator__n_estimators=52; total time=   0.0s
[CV] END estimator__criterion=squared_error, estimator__learning_rate=0.1, estimator__max_depth=14, estimator__min_samples_split=12, estimator__n_estimators=52; total time=   0.0s
[CV] END estimator__criterion=squared_error, estimator__learning_rate=0.1, estimator__max_depth=14, estimator__min_samples_split=12, estimator__n_estimators=52; total time=   0.0s
[CV] END estimator__criterion=squared_error, estimator__learning_rate=0.1, estimator__max_depth=15, estimator__min_samples_split=10, estimator__n_estimators=84; total time=   0.0s
[CV] END estimator__criterion=squared_error, estimator__learning_rate=0.1, estimator__max_depth=15, estimator__min_samples_split=10, estimator__n_estimators=84; total time=   0.0s
[CV] END estimator__criterion=squared_error, estimator__learning_rate=0.1, estimator__max_depth=15, estimator__min_samples_split=10, estimator__n_estimators=84; total time=   0.0s
[CV] END estimator__criterion=squared_error, estimator__learning_rate=0.1, estimator__max_depth=15, estimator__min_samples_split=10, estimator__n_estimators=84; total time=   0.0s
[CV] END estimator__criterion=squared_error, estimator__learning_rate=0.1, estimator__max_depth=16, estimator__min_samples_split=16, estimator__n_estimators=84; total time=   0.0s
[CV] END estimator__criterion=squared_error, estimator__learning_rate=0.1, estimator__max_depth=16, estimator__min_samples_split=16, estimator__n_estimators=84; total time=   0.0s
[CV] END estimator__criterion=squared_error, estimator__learning_rate=0.1, estimator__max_depth=16, estimator__min_samples_split=16, estimator__n_estimators=84; total time=   0.0s
[CV] END estimator__criterion=squared_error, estimator__learning_rate=0.1, estimator__max_depth=16, estimator__min_samples_split=16, estimator__n_estimators=84; total time=   0.0s
[CV] END estimator__criterion=squared_error, estimator__learning_rate=0.1, estimator__max_depth=18, estimator__min_samples_split=12, estimator__n_estimators=68; total time=   0.0s
[CV] END estimator__criterion=squared_error, estimator__learning_rate=0.1, estimator__max_depth=18, estimator__min_samples_split=12, estimator__n_estimators=68; total time=   0.0s
[CV] END estimator__criterion=squared_error, estimator__learning_rate=0.1, estimator__max_depth=18, estimator__min_samples_split=12, estimator__n_estimators=68; total time=   0.0s
[CV] END estimator__criterion=squared_error, estimator__learning_rate=0.1, estimator__max_depth=18, estimator__min_samples_split=12, estimator__n_estimators=84; total time=   0.0s
[CV] END estimator__criterion=squared_error, estimator__learning_rate=1.0, estimator__max_depth=14, estimator__min_samples_split=16, estimator__n_estimators=52; total time=   0.0s[CV] END estimator__criterion=squared_error, estimator__learning_rate=0.001, estimator__max_depth=14, estimator__min_samples_split=10, estimator__n_estimators=84; total time=   0.0s
[CV] END estimator__criterion=squared_error, estimator__learning_rate=0.001, estimator__max_depth=17, estimator__min_samples_split=10, estimator__n_estimators=84; total time=   0.0s
[CV] END estimator__criterion=squared_error, estimator__learning_rate=0.001, estimator__max_depth=17, estimator__min_samples_split=10, estimator__n_estimators=84; total time=   0.0s
[CV] END estimator__criterion=squared_error, estimator__learning_rate=0.001, estimator__max_depth=17, estimator__min_samples_split=10, estimator__n_estimators=84; total time=   0.0s
[CV] END estimator__criterion=squared_error, estimator__learning_rate=0.001, estimator__max_depth=17, estimator__min_samples_split=10, estimator__n_estimators=84; total time=   0.0s
[CV] END estimator__criterion=squared_error, estimator__learning_rate=0.01, estimator__max_depth=14, estimator__min_samples_split=10, estimator__n_estimators=68; total time=   0.0s
[CV] END estimator__criterion=squared_error, estimator__learning_rate=0.01, estimator__max_depth=14, estimator__min_samples_split=10, estimator__n_estimators=68; total time=   0.0s
[CV] END estimator__criterion=squared_error, estimator__learning_rate=0.01, estimator__max_depth=14, estimator__min_samples_split=10, estimator__n_estimators=68; total time=   0.0s
[CV] END estimator__criterion=squared_error, estimator__learning_rate=0.01, estimator__max_depth=14, estimator__min_samples_split=10, estimator__n_estimators=68; total time=   0.0s
[CV] END estimator__criterion=squared_error, estimator__learning_rate=0.01, estimator__max_depth=15, estimator__min_samples_split=14, estimator__n_estimators=84; total time=   0.0s
[CV] END estimator__criterion=squared_error, estimator__learning_rate=0.01, estimator__max_depth=15, estimator__min_samples_split=14, estimator__n_estimators=84; total time=   0.0s
[CV] END estimator__criterion=squared_error, estimator__learning_rate=0.01, estimator__max_depth=15, estimator__min_samples_split=14, estimator__n_estimators=84; total time=   0.0s
[CV] END estimator__criterion=squared_error, estimator__learning_rate=0.01, estimator__max_depth=15, estimator__min_samples_split=14, estimator__n_estimators=84; total time=   0.0s
[CV] END estimator__criterion=squared_error, estimator__learning_rate=0.01, estimator__max_depth=17, estimator__min_samples_split=10, estimator__n_estimators=20; total time=   0.0s
[CV] END estimator__criterion=squared_error, estimator__learning_rate=0.01, estimator__max_depth=17, estimator__min_samples_split=10, estimator__n_estimators=20; total time=   0.0s
[CV] END estimator__criterion=squared_error, estimator__learning_rate=0.01, estimator__max_depth=17, estimator__min_samples_split=10, estimator__n_estimators=20; total time=   0.0s
[CV] END estimator__criterion=squared_error, estimator__learning_rate=0.01, estimator__max_depth=17, estimator__min_samples_split=10, estimator__n_estimators=20; total time=   0.0s
[CV] END estimator__criterion=squared_error, estimator__learning_rate=0.01, estimator__max_depth=17, estimator__min_samples_split=14, estimator__n_estimators=68; total time=   0.0s
[CV] END estimator__criterion=squared_error, estimator__learning_rate=0.01, estimator__max_depth=17, estimator__min_samples_split=14, estimator__n_estimators=68; total time=   0.0s
[CV] END estimator__criterion=squared_error, estimator__learning_rate=0.01, estimator__max_depth=17, estimator__min_samples_split=14, estimator__n_estimators=84; total time=   0.0s
[CV] END estimator__criterion=squared_error, estimator__learning_rate=0.01, estimator__max_depth=17, estimator__min_samples_split=14, estimator__n_estimators=84; total time=   0.0s
[CV] END estimator__criterion=squared_error, estimator__learning_rate=0.1, estimator__max_depth=14, estimator__min_samples_split=10, estimator__n_estimators=20; total time=   0.0s
[CV] END estimator__criterion=squared_error, estimator__learning_rate=0.1, estimator__max_depth=14, estimator__min_samples_split=10, estimator__n_estimators=20; total time=   0.0s
[CV] END estimator__criterion=squared_error, estimator__learning_rate=0.1, estimator__max_depth=14, estimator__min_samples_split=10, estimator__n_estimators=20; total time=   0.0s
[CV] END estimator__criterion=squared_error, estimator__learning_rate=0.1, estimator__max_depth=14, estimator__min_samples_split=10, estimator__n_estimators=36; total time=   0.0s
[CV] END estimator__criterion=squared_error, estimator__learning_rate=0.1, estimator__max_depth=14, estimator__min_samples_split=14, estimator__n_estimators=84; total time=   0.0s
[CV] END estimator__criterion=squared_error, estimator__learning_rate=0.1, estimator__max_depth=14, estimator__min_samples_split=16, estimator__n_estimators=20; total time=   0.0s
[CV] END estimator__criterion=squared_error, estimator__learning_rate=0.1, estimator__max_depth=14, estimator__min_samples_split=16, estimator__n_estimators=20; total time=   0.0s
[CV] END estimator__criterion=squared_error, estimator__learning_rate=0.1, estimator__max_depth=14, estimator__min_samples_split=16, estimator__n_estimators=20; total time=   0.0s
[CV] END estimator__criterion=squared_error, estimator__learning_rate=0.1, estimator__max_depth=15, estimator__min_samples_split=12, estimator__n_estimators=36; total time=   0.0s
[CV] END estimator__criterion=squared_error, estimator__learning_rate=0.1, estimator__max_depth=15, estimator__min_samples_split=12, estimator__n_estimators=36; total time=   0.0s
[CV] END estimator__criterion=squared_error, estimator__learning_rate=0.1, estimator__max_depth=15, estimator__min_samples_split=12, estimator__n_estimators=52; total time=   0.0s
[CV] END estimator__criterion=squared_error, estimator__learning_rate=0.1, estimator__max_depth=15, estimator__min_samples_split=12, estimator__n_estimators=52; total time=   0.0s
[CV] END estimator__criterion=squared_error, estimator__learning_rate=0.1, estimator__max_depth=16, estimator__min_samples_split=10, estimator__n_estimators=52; total time=   0.0s
[CV] END estimator__criterion=squared_error, estimator__learning_rate=0.1, estimator__max_depth=16, estimator__min_samples_split=10, estimator__n_estimators=52; total time=   0.0s
[CV] END estimator__criterion=squared_error, estimator__learning_rate=0.1, estimator__max_depth=16, estimator__min_samples_split=10, estimator__n_estimators=52; total time=   0.0s
[CV] END estimator__criterion=squared_error, estimator__learning_rate=0.1, estimator__max_depth=16, estimator__min_samples_split=10, estimator__n_estimators=68; total time=   0.0s
[CV] END estimator__criterion=squared_error, estimator__learning_rate=0.1, estimator__max_depth=17, estimator__min_samples_split=12, estimator__n_estimators=84; total time=   0.0s
[CV] END estimator__criterion=squared_error, estimator__learning_rate=0.1, estimator__max_depth=17, estimator__min_samples_split=12, estimator__n_estimators=84; total time=   0.0s
[CV] END estimator__criterion=squared_error, estimator__learning_rate=0.1, estimator__max_depth=17, estimator__min_samples_split=12, estimator__n_estimators=84; total time=   0.0s
[CV] END estimator__criterion=squared_error, estimator__learning_rate=0.1, estimator__max_depth=17, estimator__min_samples_split=14, estimator__n_estimators=20; total time=   0.0s
[CV] END estimator__criterion=squared_error, estimator__learning_rate=0.1, estimator__max_depth=18, estimator__min_samples_split=16, estimator__n_estimators=68; total time=   0.0s
[CV] END estimator__criterion=squared_error, estimator__learning_rate=0.1, estimator__max_depth=18, estimator__min_samples_split=16, estimator__n_estimators=84; total time=   0.0s
[CV] END estimator__criterion=squared_error, estimator__learning_rate=0.1, estimator__max_depth=18, estimator__min_samples_split=16, estimator__n_estimators=84; total time=   0.0s
[CV] END estimator__criterion=squared_error, estimator__learning_rate=0.1, estimator__max_depth=18, estimator__min_samples_split=16, estimator__n_estimators=84; total time=   0.0s
[CV] END estimator__criterion=squared_error, estimator__learning_rate=1.0, estimator__max_depth=15, estimator__min_samples_split=12, estimator__n_estimators=68; total time=   0.0s
[CV] END estimator__criterion=squared_error, estimator__learning_rate=0.01, estimator__max_depth=15, estimator__min_samples_split=12, estimator__n_estimators=68; total time=   0.0s
[CV] END estimator__criterion=squared_error, estimator__learning_rate=0.01, estimator__max_depth=16, estimator__min_samples_split=16, estimator__n_estimators=36; total time=   0.0s
[CV] END estimator__criterion=squared_error, estimator__learning_rate=0.01, estimator__max_depth=16, estimator__min_samples_split=16, estimator__n_estimators=36; total time=   0.0s
[CV] END estimator__criterion=squared_error, estimator__learning_rate=0.01, estimator__max_depth=16, estimator__min_samples_split=16, estimator__n_estimators=36; total time=   0.0s
[CV] END estimator__criterion=squared_error, estimator__learning_rate=0.01, estimator__max_depth=16, estimator__min_samples_split=16, estimator__n_estimators=36; total time=   0.0s
[CV] END estimator__criterion=squared_error, estimator__learning_rate=0.01, estimator__max_depth=17, estimator__min_samples_split=12, estimator__n_estimators=84; total time=   0.0s
[CV] END estimator__criterion=squared_error, estimator__learning_rate=0.01, estimator__max_depth=17, estimator__min_samples_split=12, estimator__n_estimators=84; total time=   0.0s
[CV] END estimator__criterion=squared_error, estimator__learning_rate=0.01, estimator__max_depth=17, estimator__min_samples_split=14, estimator__n_estimators=20; total time=   0.0s
[CV] END estimator__criterion=squared_error, estimator__learning_rate=0.01, estimator__max_depth=17, estimator__min_samples_split=14, estimator__n_estimators=20; total time=   0.0s
[CV] END estimator__criterion=squared_error, estimator__learning_rate=0.01, estimator__max_depth=18, estimator__min_samples_split=14, estimator__n_estimators=36; total time=   0.0s
[CV] END estimator__criterion=squared_error, estimator__learning_rate=0.01, estimator__max_depth=18, estimator__min_samples_split=14, estimator__n_estimators=52; total time=   0.0s
[CV] END estimator__criterion=squared_error, estimator__learning_rate=0.01, estimator__max_depth=18, estimator__min_samples_split=14, estimator__n_estimators=52; total time=   0.0s
[CV] END estimator__criterion=squared_error, estimator__learning_rate=0.01, estimator__max_depth=18, estimator__min_samples_split=14, estimator__n_estimators=52; total time=   0.0s
[CV] END estimator__criterion=squared_error, estimator__learning_rate=0.1, estimator__max_depth=14, estimator__min_samples_split=14, estimator__n_estimators=20; total time=   0.0s
[CV] END estimator__criterion=squared_error, estimator__learning_rate=0.1, estimator__max_depth=14, estimator__min_samples_split=14, estimator__n_estimators=36; total time=   0.0s
[CV] END estimator__criterion=squared_error, estimator__learning_rate=0.1, estimator__max_depth=14, estimator__min_samples_split=14, estimator__n_estimators=36; total time=   0.0s
[CV] END estimator__criterion=squared_error, estimator__learning_rate=0.1, estimator__max_depth=14, estimator__min_samples_split=14, estimator__n_estimators=36; total time=   0.0s
[CV] END estimator__criterion=squared_error, estimator__learning_rate=0.1, estimator__max_depth=15, estimator__min_samples_split=10, estimator__n_estimators=52; total time=   0.0s
[CV] END estimator__criterion=squared_error, estimator__learning_rate=0.1, estimator__max_depth=15, estimator__min_samples_split=10, estimator__n_estimators=52; total time=   0.0s
[CV] END estimator__criterion=squared_error, estimator__learning_rate=0.1, estimator__max_depth=15, estimator__min_samples_split=10, estimator__n_estimators=68; total time=   0.0s
[CV] END estimator__criterion=squared_error, estimator__learning_rate=0.1, estimator__max_depth=15, estimator__min_samples_split=10, estimator__n_estimators=68; total time=   0.0s
[CV] END estimator__criterion=squared_error, estimator__learning_rate=0.1, estimator__max_depth=16, estimator__min_samples_split=14, estimator__n_estimators=36; total time=   0.0s
[CV] END estimator__criterion=squared_error, estimator__learning_rate=0.1, estimator__max_depth=16, estimator__min_samples_split=14, estimator__n_estimators=36; total time=   0.0s
[CV] END estimator__criterion=squared_error, estimator__learning_rate=0.1, estimator__max_depth=16, estimator__min_samples_split=14, estimator__n_estimators=36; total time=   0.0s
[CV] END estimator__criterion=squared_error, estimator__learning_rate=0.1, estimator__max_depth=16, estimator__min_samples_split=14, estimator__n_estimators=36; total time=   0.0s
[CV] END estimator__criterion=squared_error, estimator__learning_rate=0.1, estimator__max_depth=17, estimator__min_samples_split=12, estimator__n_estimators=20; total time=   0.0s
[CV] END estimator__criterion=squared_error, estimator__learning_rate=0.1, estimator__max_depth=17, estimator__min_samples_split=12, estimator__n_estimators=20; total time=   0.0s
[CV] END estimator__criterion=squared_error, estimator__learning_rate=0.1, estimator__max_depth=17, estimator__min_samples_split=12, estimator__n_estimators=20; total time=   0.0s
[CV] END estimator__criterion=squared_error, estimator__learning_rate=0.1, estimator__max_depth=17, estimator__min_samples_split=12, estimator__n_estimators=36; total time=   0.0s
[CV] END estimator__criterion=squared_error, estimator__learning_rate=0.1, estimator__max_depth=17, estimator__min_samples_split=18, estimator__n_estimators=20; total time=   0.0s
[CV] END estimator__criterion=squared_error, estimator__learning_rate=0.1, estimator__max_depth=17, estimator__min_samples_split=18, estimator__n_estimators=20; total time=   0.0s
[CV] END estimator__criterion=squared_error, estimator__learning_rate=0.1, estimator__max_depth=17, estimator__min_samples_split=18, estimator__n_estimators=36; total time=   0.0s
[CV] END estimator__criterion=squared_error, estimator__learning_rate=0.1, estimator__max_depth=17, estimator__min_samples_split=18, estimator__n_estimators=36; total time=   0.0s
[CV] END estimator__criterion=squared_error, estimator__learning_rate=0.1, estimator__max_depth=18, estimator__min_samples_split=14, estimator__n_estimators=20; total time=   0.0s
[CV] END estimator__criterion=squared_error, estimator__learning_rate=0.1, estimator__max_depth=18, estimator__min_samples_split=14, estimator__n_estimators=20; total time=   0.0s
[CV] END estimator__criterion=squared_error, estimator__learning_rate=0.1, estimator__max_depth=18, estimator__min_samples_split=14, estimator__n_estimators=20; total time=   0.0s
[CV] END estimator__criterion=squared_error, estimator__learning_rate=0.1, estimator__max_depth=18, estimator__min_samples_split=14, estimator__n_estimators=20; total time=   0.0s
[CV] END estimator__criterion=squared_error, estimator__learning_rate=0.1, estimator__max_depth=18, estimator__min_samples_split=18, estimator__n_estimators=36; total time=   0.0s
[CV] END estimator__criterion=squared_error, estimator__learning_rate=0.1, estimator__max_depth=18, estimator__min_samples_split=18, estimator__n_estimators=36; total time=   0.0s
[CV] END estimator__criterion=squared_error, estimator__learning_rate=0.1, estimator__max_depth=18, estimator__min_samples_split=18, estimator__n_estimators=36; total time=   0.0s
[CV] END estimator__criterion=squared_error, estimator__learning_rate=0.1, estimator__max_depth=18, estimator__min_samples_split=18, estimator__n_estimators=36; total time=   0.0s
[CV] END estimator__criterion=squared_error, estimator__learning_rate=1.0, estimator__max_depth=14, estimator__min_samples_split=14, estimator__n_estimators=68; total time=   0.0s
[CV] END estimator__criterion=squared_error, estimator__learning_rate=1.0, estimator__max_depth=14, estimator__min_samples_split=14, estimator__n_estimators=68; total time=   0.0s
[CV] END estimator__criterion=squared_error, estimator__learning_rate=1.0, estimator__max_depth=14, estimator__min_samples_split=14, estimator__n_estimators=68; total time=   0.0s
[CV] END estimator__criterion=squared_error, estimator__learning_rate=1.0, estimator__max_depth=14, estimator__min_samples_split=14, estimator__n_estimators=68; total time=   0.0s
[CV] END estimator__criterion=squared_error, estimator__learning_rate=1.0, estimator__max_depth=15, estimator__min_samples_split=16, estimator__n_estimators=52; total time=   0.0s
[CV] END estimator__criterion=squared_error, estimator__learning_rate=0.01, estimator__max_depth=14, estimator__min_samples_split=14, estimator__n_estimators=52; total time=   0.0s
[CV] END estimator__criterion=squared_error, estimator__learning_rate=0.01, estimator__max_depth=14, estimator__min_samples_split=14, estimator__n_estimators=52; total time=   0.0s
[CV] END estimator__criterion=squared_error, estimator__learning_rate=0.01, estimator__max_depth=15, estimator__min_samples_split=14, estimator__n_estimators=52; total time=   0.0s
[CV] END estimator__criterion=squared_error, estimator__learning_rate=0.01, estimator__max_depth=15, estimator__min_samples_split=14, estimator__n_estimators=52; total time=   0.0s
[CV] END estimator__criterion=squared_error, estimator__learning_rate=0.01, estimator__max_depth=15, estimator__min_samples_split=14, estimator__n_estimators=52; total time=   0.0s
[CV] END estimator__criterion=squared_error, estimator__learning_rate=0.01, estimator__max_depth=15, estimator__min_samples_split=14, estimator__n_estimators=68; total time=   0.0s
[CV] END estimator__criterion=squared_error, estimator__learning_rate=0.01, estimator__max_depth=16, estimator__min_samples_split=14, estimator__n_estimators=68; total time=   0.0s
[CV] END estimator__criterion=squared_error, estimator__learning_rate=0.01, estimator__max_depth=16, estimator__min_samples_split=14, estimator__n_estimators=84; total time=   0.0s
[CV] END estimator__criterion=squared_error, estimator__learning_rate=0.01, estimator__max_depth=16, estimator__min_samples_split=14, estimator__n_estimators=84; total time=   0.0s
[CV] END estimator__criterion=squared_error, estimator__learning_rate=0.01, estimator__max_depth=16, estimator__min_samples_split=14, estimator__n_estimators=84; total time=   0.0s
[CV] END estimator__criterion=squared_error, estimator__learning_rate=0.01, estimator__max_depth=18, estimator__min_samples_split=10, estimator__n_estimators=36; total time=   0.0s
[CV] END estimator__criterion=squared_error, estimator__learning_rate=0.01, estimator__max_depth=18, estimator__min_samples_split=10, estimator__n_estimators=36; total time=   0.0s
[CV] END estimator__criterion=squared_error, estimator__learning_rate=0.01, estimator__max_depth=18, estimator__min_samples_split=10, estimator__n_estimators=36; total time=   0.0s
[CV] END estimator__criterion=squared_error, estimator__learning_rate=0.01, estimator__max_depth=18, estimator__min_samples_split=10, estimator__n_estimators=52; total time=   0.0s
[CV] END estimator__criterion=squared_error, estimator__learning_rate=0.1, estimator__max_depth=14, estimator__min_samples_split=10, estimator__n_estimators=36; total time=   0.0s
[CV] END estimator__criterion=squared_error, estimator__learning_rate=0.1, estimator__max_depth=14, estimator__min_samples_split=10, estimator__n_estimators=36; total time=   0.0s
[CV] END estimator__criterion=squared_error, estimator__learning_rate=0.1, estimator__max_depth=14, estimator__min_samples_split=10, estimator__n_estimators=36; total time=   0.0s
[CV] END estimator__criterion=squared_error, estimator__learning_rate=0.1, estimator__max_depth=14, estimator__min_samples_split=10, estimator__n_estimators=36; total time=   0.0s
[CV] END estimator__criterion=squared_error, estimator__learning_rate=0.1, estimator__max_depth=14, estimator__min_samples_split=18, estimator__n_estimators=68; total time=   0.0s
[CV] END estimator__criterion=squared_error, estimator__learning_rate=0.1, estimator__max_depth=14, estimator__min_samples_split=18, estimator__n_estimators=68; total time=   0.0s
[CV] END estimator__criterion=squared_error, estimator__learning_rate=0.1, estimator__max_depth=14, estimator__min_samples_split=18, estimator__n_estimators=84; total time=   0.0s
[CV] END estimator__criterion=squared_error, estimator__learning_rate=0.1, estimator__max_depth=14, estimator__min_samples_split=18, estimator__n_estimators=84; total time=   0.0s
[CV] END estimator__criterion=squared_error, estimator__learning_rate=0.1, estimator__max_depth=16, estimator__min_samples_split=14, estimator__n_estimators=20; total time=   0.0s
[CV] END estimator__criterion=squared_error, estimator__learning_rate=0.1, estimator__max_depth=16, estimator__min_samples_split=14, estimator__n_estimators=20; total time=   0.0s
[CV] END estimator__criterion=squared_error, estimator__learning_rate=0.1, estimator__max_depth=16, estimator__min_samples_split=14, estimator__n_estimators=20; total time=   0.0s
[CV] END estimator__criterion=squared_error, estimator__learning_rate=0.1, estimator__max_depth=16, estimator__min_samples_split=14, estimator__n_estimators=36; total time=   0.0s
[CV] END estimator__criterion=squared_error, estimator__learning_rate=0.1, estimator__max_depth=16, estimator__min_samples_split=18, estimator__n_estimators=84; total time=   0.0s
[CV] END estimator__criterion=squared_error, estimator__learning_rate=0.1, estimator__max_depth=17, estimator__min_samples_split=10, estimator__n_estimators=20; total time=   0.0s
[CV] END estimator__criterion=squared_error, estimator__learning_rate=0.1, estimator__max_depth=17, estimator__min_samples_split=10, estimator__n_estimators=20; total time=   0.0s
[CV] END estimator__criterion=squared_error, estimator__learning_rate=0.1, estimator__max_depth=17, estimator__min_samples_split=10, estimator__n_estimators=20; total time=   0.0s
[CV] END estimator__criterion=squared_error, estimator__learning_rate=0.1, estimator__max_depth=17, estimator__min_samples_split=16, estimator__n_estimators=68; total time=   0.0s
[CV] END estimator__criterion=squared_error, estimator__learning_rate=0.1, estimator__max_depth=17, estimator__min_samples_split=16, estimator__n_estimators=68; total time=   0.0s
[CV] END estimator__criterion=squared_error, estimator__learning_rate=0.1, estimator__max_depth=17, estimator__min_samples_split=16, estimator__n_estimators=68; total time=   0.0s
[CV] END estimator__criterion=squared_error, estimator__learning_rate=0.1, estimator__max_depth=17, estimator__min_samples_split=16, estimator__n_estimators=68; total time=   0.0s
[CV] END estimator__criterion=squared_error, estimator__learning_rate=1.0, estimator__max_depth=14, estimator__min_samples_split=10, estimator__n_estimators=36; total time=   0.0s
[CV] END estimator__criterion=squared_error, estimator__learning_rate=1.0, estimator__max_depth=14, estimator__min_samples_split=10, estimator__n_estimators=36; total time=   0.0s
[CV] END estimator__criterion=squared_error, estimator__learning_rate=1.0, estimator__max_depth=14, estimator__min_samples_split=10, estimator__n_estimators=36; total time=   0.0s
[CV] END estimator__criterion=squared_error, estimator__learning_rate=1.0, estimator__max_depth=14, estimator__min_samples_split=10, estimator__n_estimators=36; total time=   0.0s
[CV] END estimator__criterion=squared_error, estimator__learning_rate=1.0, estimator__max_depth=14, estimator__min_samples_split=18, estimator__n_estimators=36; total time=   0.0s
[CV] END estimator__criterion=squared_error, estimator__learning_rate=1.0, estimator__max_depth=14, estimator__min_samples_split=18, estimator__n_estimators=36; total time=   0.0s
[CV] END estimator__criterion=squared_error, estimator__learning_rate=1.0, estimator__max_depth=14, estimator__min_samples_split=18, estimator__n_estimators=36; total time=   0.0s
[CV] END estimator__criterion=squared_error, estimator__learning_rate=1.0, estimator__max_depth=14, estimator__min_samples_split=18, estimator__n_estimators=36; total time=   0.0s
[CV] END estimator__criterion=squared_error, estimator__learning_rate=1.0, estimator__max_depth=15, estimator__min_samples_split=14, estimator__n_estimators=68; total time=   0.0s
[CV] END estimator__criterion=squared_error, estimator__learning_rate=1.0, estimator__max_depth=15, estimator__min_samples_split=14, estimator__n_estimators=68; total time=   0.0s
[CV] END estimator__criterion=squared_error, estimator__learning_rate=1.0, estimator__max_depth=15, estimator__min_samples_split=14, estimator__n_estimators=84; total time=   0.0s
[CV] END estimator__criterion=squared_error, estimator__learning_rate=1.0, estimator__max_depth=15, estimator__min_samples_split=14, estimator__n_estimators=84; total time=   0.0s
[CV] END estimator__criterion=squared_error, estimator__learning_rate=0.01, estimator__max_depth=16, estimator__min_samples_split=14, estimator__n_estimators=52; total time=   0.0s
[CV] END estimator__criterion=squared_error, estimator__learning_rate=0.01, estimator__max_depth=16, estimator__min_samples_split=14, estimator__n_estimators=52; total time=   0.0s
[CV] END estimator__criterion=squared_error, estimator__learning_rate=0.01, estimator__max_depth=17, estimator__min_samples_split=14, estimator__n_estimators=20; total time=   0.0s
[CV] END estimator__criterion=squared_error, estimator__learning_rate=0.01, estimator__max_depth=17, estimator__min_samples_split=14, estimator__n_estimators=20; total time=   0.0s
[CV] END estimator__criterion=squared_error, estimator__learning_rate=0.01, estimator__max_depth=17, estimator__min_samples_split=14, estimator__n_estimators=20; total time=   0.0s
[CV] END estimator__criterion=squared_error, estimator__learning_rate=0.01, estimator__max_depth=17, estimator__min_samples_split=14, estimator__n_estimators=36; total time=   0.0s
[CV] END estimator__criterion=squared_error, estimator__learning_rate=0.01, estimator__max_depth=17, estimator__min_samples_split=18, estimator__n_estimators=68; total time=   0.0s
[CV] END estimator__criterion=squared_error, estimator__learning_rate=0.01, estimator__max_depth=17, estimator__min_samples_split=18, estimator__n_estimators=68; total time=   0.0s
[CV] END estimator__criterion=squared_error, estimator__learning_rate=0.01, estimator__max_depth=17, estimator__min_samples_split=18, estimator__n_estimators=68; total time=   0.0s
[CV] END estimator__criterion=squared_error, estimator__learning_rate=0.01, estimator__max_depth=17, estimator__min_samples_split=18, estimator__n_estimators=68; total time=   0.0s
[CV] END estimator__criterion=squared_error, estimator__learning_rate=0.1, estimator__max_depth=14, estimator__min_samples_split=10, estimator__n_estimators=52; total time=   0.0s
[CV] END estimator__criterion=squared_error, estimator__learning_rate=0.1, estimator__max_depth=14, estimator__min_samples_split=10, estimator__n_estimators=68; total time=   0.0s
[CV] END estimator__criterion=squared_error, estimator__learning_rate=0.1, estimator__max_depth=14, estimator__min_samples_split=10, estimator__n_estimators=68; total time=   0.0s
[CV] END estimator__criterion=squared_error, estimator__learning_rate=0.1, estimator__max_depth=14, estimator__min_samples_split=10, estimator__n_estimators=68; total time=   0.0s
[CV] END estimator__criterion=squared_error, estimator__learning_rate=0.1, estimator__max_depth=15, estimator__min_samples_split=12, estimator__n_estimators=84; total time=   0.0s
[CV] END estimator__criterion=squared_error, estimator__learning_rate=0.1, estimator__max_depth=15, estimator__min_samples_split=14, estimator__n_estimators=20; total time=   0.0s
[CV] END estimator__criterion=squared_error, estimator__learning_rate=0.1, estimator__max_depth=15, estimator__min_samples_split=14, estimator__n_estimators=20; total time=   0.0s
[CV] END estimator__criterion=squared_error, estimator__learning_rate=0.1, estimator__max_depth=15, estimator__min_samples_split=14, estimator__n_estimators=20; total time=   0.0s
[CV] END estimator__criterion=squared_error, estimator__learning_rate=0.1, estimator__max_depth=16, estimator__min_samples_split=10, estimator__n_estimators=20; total time=   0.0s
[CV] END estimator__criterion=squared_error, estimator__learning_rate=0.1, estimator__max_depth=16, estimator__min_samples_split=10, estimator__n_estimators=36; total time=   0.0s
[CV] END estimator__criterion=squared_error, estimator__learning_rate=0.1, estimator__max_depth=16, estimator__min_samples_split=10, estimator__n_estimators=36; total time=   0.0s
[CV] END estimator__criterion=squared_error, estimator__learning_rate=0.1, estimator__max_depth=16, estimator__min_samples_split=10, estimator__n_estimators=36; total time=   0.0s
[CV] END estimator__criterion=squared_error, estimator__learning_rate=0.1, estimator__max_depth=16, estimator__min_samples_split=16, estimator__n_estimators=68; total time=   0.0s
[CV] END estimator__criterion=squared_error, estimator__learning_rate=0.1, estimator__max_depth=16, estimator__min_samples_split=16, estimator__n_estimators=68; total time=   0.0s
[CV] END estimator__criterion=squared_error, estimator__learning_rate=0.1, estimator__max_depth=16, estimator__min_samples_split=16, estimator__n_estimators=68; total time=   0.0s
[CV] END estimator__criterion=squared_error, estimator__learning_rate=0.1, estimator__max_depth=16, estimator__min_samples_split=16, estimator__n_estimators=84; total time=   0.0s
[CV] END estimator__criterion=squared_error, estimator__learning_rate=0.1, estimator__max_depth=18, estimator__min_samples_split=10, estimator__n_estimators=68; total time=   0.0s
[CV] END estimator__criterion=squared_error, estimator__learning_rate=0.1, estimator__max_depth=18, estimator__min_samples_split=10, estimator__n_estimators=68; total time=   0.0s
[CV] END estimator__criterion=squared_error, estimator__learning_rate=0.1, estimator__max_depth=18, estimator__min_samples_split=10, estimator__n_estimators=84; total time=   0.0s
[CV] END estimator__criterion=squared_error, estimator__learning_rate=0.1, estimator__max_depth=18, estimator__min_samples_split=10, estimator__n_estimators=84; total time=   0.0s
[CV] END estimator__criterion=squared_error, estimator__learning_rate=1.0, estimator__max_depth=14, estimator__min_samples_split=16, estimator__n_estimators=20; total time=   0.0s
[CV] END estimator__criterion=squared_error, estimator__learning_rate=1.0, estimator__max_depth=14, estimator__min_samples_split=16, estimator__n_estimators=20; total time=   0.0s
[CV] END estimator__criterion=squared_error, estimator__learning_rate=1.0, estimator__max_depth=14, estimator__min_samples_split=16, estimator__n_estimators=20; total time=   0.0s
[CV] END estimator__criterion=squared_error, estimator__learning_rate=1.0, estimator__max_depth=14, estimator__min_samples_split=16, estimator__n_estimators=36; total time=   0.0s
[CV] END estimator__criterion=squared_error, estimator__learning_rate=1.0, estimator__max_depth=15, estimator__min_samples_split=10, estimator__n_estimators=36; total time=   0.0s
[CV] END estimator__criterion=squared_error, estimator__learning_rate=1.0, estimator__max_depth=15, estimator__min_samples_split=10, estimator__n_estimators=36; total time=   0.0s
[CV] END estimator__criterion=squared_error, estimator__learning_rate=1.0, estimator__max_depth=15, estimator__min_samples_split=10, estimator__n_estimators=52; total time=   0.0s
[CV] END estimator__criterion=squared_error, estimator__learning_rate=1.0, estimator__max_depth=15, estimator__min_samples_split=10, estimator__n_estimators=52; total time=   0.0s
[CV] END estimator__criterion=squared_error, estimator__learning_rate=1.0, estimator__max_depth=15, estimator__min_samples_split=18, estimator__n_estimators=68; total time=   0.0s
[CV] END estimator__criterion=squared_error, estimator__learning_rate=1.0, estimator__max_depth=15, estimator__min_samples_split=18, estimator__n_estimators=68; total time=   0.0s
[CV] END estimator__criterion=squared_error, estimator__learning_rate=1.0, estimator__max_depth=15, estimator__min_samples_split=18, estimator__n_estimators=68; total time=   0.0s
[CV] END estimator__criterion=squared_error, estimator__learning_rate=1.0, estimator__max_depth=15, estimator__min_samples_split=18, estimator__n_estimators=68; total time=   0.0s
[CV] END estimator__criterion=squared_error, estimator__learning_rate=1.0, estimator__max_depth=17, estimator__min_samples_split=10, estimator__n_estimators=36; total time=   0.0s
[CV] END estimator__criterion=squared_error, estimator__learning_rate=1.0, estimator__max_depth=17, estimator__min_samples_split=10, estimator__n_estimators=36; total time=   0.0s
[CV] END estimator__criterion=squared_error, estimator__learning_rate=1.0, estimator__max_depth=17, estimator__min_samples_split=10, estimator__n_estimators=36; total time=   0.0s
[CV] END estimator__criterion=squared_error, estimator__learning_rate=1.0, estimator__max_depth=17, estimator__min_samples_split=10, estimator__n_estimators=36; total time=   0.0s
[CV] END estimator__criterion=squared_error, estimator__learning_rate=0.01, estimator__max_depth=17, estimator__min_samples_split=12, estimator__n_estimators=20; total time=   0.0s
[CV] END estimator__criterion=squared_error, estimator__learning_rate=0.01, estimator__max_depth=17, estimator__min_samples_split=18, estimator__n_estimators=84; total time=   0.0s
[CV] END estimator__criterion=squared_error, estimator__learning_rate=0.01, estimator__max_depth=18, estimator__min_samples_split=10, estimator__n_estimators=20; total time=   0.0s
[CV] END estimator__criterion=squared_error, estimator__learning_rate=0.01, estimator__max_depth=18, estimator__min_samples_split=10, estimator__n_estimators=20; total time=   0.0s
[CV] END estimator__criterion=squared_error, estimator__learning_rate=0.01, estimator__max_depth=18, estimator__min_samples_split=10, estimator__n_estimators=20; total time=   0.0s
[CV] END estimator__criterion=squared_error, estimator__learning_rate=0.01, estimator__max_depth=18, estimator__min_samples_split=16, estimator__n_estimators=52; total time=   0.0s
[CV] END estimator__criterion=squared_error, estimator__learning_rate=0.01, estimator__max_depth=18, estimator__min_samples_split=16, estimator__n_estimators=52; total time=   0.0s
[CV] END estimator__criterion=squared_error, estimator__learning_rate=0.01, estimator__max_depth=18, estimator__min_samples_split=16, estimator__n_estimators=52; total time=   0.0s
[CV] END estimator__criterion=squared_error, estimator__learning_rate=0.01, estimator__max_depth=18, estimator__min_samples_split=16, estimator__n_estimators=68; total time=   0.0s
[CV] END estimator__criterion=squared_error, estimator__learning_rate=0.1, estimator__max_depth=14, estimator__min_samples_split=16, estimator__n_estimators=84; total time=   0.0s
[CV] END estimator__criterion=squared_error, estimator__learning_rate=0.1, estimator__max_depth=14, estimator__min_samples_split=16, estimator__n_estimators=84; total time=   0.0s
[CV] END estimator__criterion=squared_error, estimator__learning_rate=0.1, estimator__max_depth=14, estimator__min_samples_split=18, estimator__n_estimators=20; total time=   0.0s
[CV] END estimator__criterion=squared_error, estimator__learning_rate=0.1, estimator__max_depth=14, estimator__min_samples_split=18, estimator__n_estimators=20; total time=   0.0s
[CV] END estimator__criterion=squared_error, estimator__learning_rate=0.1, estimator__max_depth=15, estimator__min_samples_split=16, estimator__n_estimators=68; total time=   0.0s
[CV] END estimator__criterion=squared_error, estimator__learning_rate=0.1, estimator__max_depth=15, estimator__min_samples_split=16, estimator__n_estimators=68; total time=   0.0s
[CV] END estimator__criterion=squared_error, estimator__learning_rate=0.1, estimator__max_depth=15, estimator__min_samples_split=16, estimator__n_estimators=84; total time=   0.0s
[CV] END estimator__criterion=squared_error, estimator__learning_rate=0.1, estimator__max_depth=15, estimator__min_samples_split=16, estimator__n_estimators=84; total time=   0.0s
[CV] END estimator__criterion=squared_error, estimator__learning_rate=0.1, estimator__max_depth=17, estimator__min_samples_split=10, estimator__n_estimators=36; total time=   0.0s
[CV] END estimator__criterion=squared_error, estimator__learning_rate=0.1, estimator__max_depth=17, estimator__min_samples_split=10, estimator__n_estimators=36; total time=   0.0s
[CV] END estimator__criterion=squared_error, estimator__learning_rate=0.1, estimator__max_depth=17, estimator__min_samples_split=10, estimator__n_estimators=36; total time=   0.0s
[CV] END estimator__criterion=squared_error, estimator__learning_rate=0.1, estimator__max_depth=17, estimator__min_samples_split=10, estimator__n_estimators=52; total time=   0.0s
[CV] END estimator__criterion=squared_error, estimator__learning_rate=0.1, estimator__max_depth=17, estimator__min_samples_split=18, estimator__n_estimators=36; total time=   0.0s
[CV] END estimator__criterion=squared_error, estimator__learning_rate=0.1, estimator__max_depth=17, estimator__min_samples_split=18, estimator__n_estimators=36; total time=   0.0s
[CV] END estimator__criterion=squared_error, estimator__learning_rate=0.1, estimator__max_depth=17, estimator__min_samples_split=18, estimator__n_estimators=36; total time=   0.0s
[CV] END estimator__criterion=squared_error, estimator__learning_rate=0.1, estimator__max_depth=17, estimator__min_samples_split=18, estimator__n_estimators=52; total time=   0.0s
[CV] END estimator__criterion=squared_error, estimator__learning_rate=0.1, estimator__max_depth=18, estimator__min_samples_split=14, estimator__n_estimators=68; total time=   0.0s
[CV] END estimator__criterion=squared_error, estimator__learning_rate=0.1, estimator__max_depth=18, estimator__min_samples_split=14, estimator__n_estimators=68; total time=   0.0s
[CV] END estimator__criterion=squared_error, estimator__learning_rate=0.1, estimator__max_depth=18, estimator__min_samples_split=14, estimator__n_estimators=68; total time=   0.0s
[CV] END estimator__criterion=squared_error, estimator__learning_rate=0.1, estimator__max_depth=18, estimator__min_samples_split=14, estimator__n_estimators=68; total time=   0.0s
[CV] END estimator__criterion=squared_error, estimator__learning_rate=1.0, estimator__max_depth=14, estimator__min_samples_split=16, estimator__n_estimators=36; total time=   0.0s
[CV] END estimator__criterion=squared_error, estimator__learning_rate=1.0, estimator__max_depth=14, estimator__min_samples_split=16, estimator__n_estimators=36; total time=   0.0s
[CV] END estimator__criterion=squared_error, estimator__learning_rate=1.0, estimator__max_depth=14, estimator__min_samples_split=16, estimator__n_estimators=36; total time=   0.0s
[CV] END estimator__criterion=squared_error, estimator__learning_rate=1.0, estimator__max_depth=14, estimator__min_samples_split=16, estimator__n_estimators=36; total time=   0.0s
[CV] END estimator__criterion=squared_error, estimator__learning_rate=1.0, estimator__max_depth=15, estimator__min_samples_split=12, estimator__n_estimators=84; total time=   0.0s
[CV] END estimator__criterion=squared_error, estimator__learning_rate=1.0, estimator__max_depth=15, estimator__min_samples_split=12, estimator__n_estimators=84; total time=   0.0s
[CV] END estimator__criterion=squared_error, estimator__learning_rate=1.0, estimator__max_depth=15, estimator__min_samples_split=14, estimator__n_estimators=20; total time=   0.0s
[CV] END estimator__criterion=squared_error, estimator__learning_rate=1.0, estimator__max_depth=15, estimator__min_samples_split=14, estimator__n_estimators=20; total time=   0.0s
[CV] END estimator__criterion=squared_error, estimator__learning_rate=1.0, estimator__max_depth=16, estimator__min_samples_split=12, estimator__n_estimators=52; total time=   0.0s
[CV] END estimator__criterion=squared_error, estimator__learning_rate=1.0, estimator__max_depth=16, estimator__min_samples_split=12, estimator__n_estimators=52; total time=   0.0s
[CV] END estimator__criterion=squared_error, estimator__learning_rate=1.0, estimator__max_depth=16, estimator__min_samples_split=12, estimator__n_estimators=52; total time=   0.0s
[CV] END estimator__criterion=squared_error, estimator__learning_rate=1.0, estimator__max_depth=16, estimator__min_samples_split=12, estimator__n_estimators=52; total time=   0.0s
[CV] END estimator__criterion=squared_error, estimator__learning_rate=1.0, estimator__max_depth=17, estimator__min_samples_split=12, estimator__n_estimators=36; total time=   0.0s
[CV] END estimator__criterion=squared_error, estimator__learning_rate=1.0, estimator__max_depth=17, estimator__min_samples_split=12, estimator__n_estimators=52; total time=   0.0s
[CV] END estimator__criterion=squared_error, estimator__learning_rate=1.0, estimator__max_depth=17, estimator__min_samples_split=12, estimator__n_estimators=52; total time=   0.0s
[CV] END estimator__criterion=squared_error, estimator__learning_rate=1.0, estimator__max_depth=17, estimator__min_samples_split=12, estimator__n_estimators=52; total time=   0.0s
[CV] END estimator__criterion=squared_error, estimator__learning_rate=1.0, estimator__max_depth=18, estimator__min_samples_split=12, estimator__n_estimators=20; total time=   0.0s
[CV] END estimator__criterion=squared_error, estimator__learning_rate=0.01, estimator__max_depth=15, estimator__min_samples_split=14, estimator__n_estimators=20; total time=   0.0s
[CV] END estimator__criterion=squared_error, estimator__learning_rate=0.01, estimator__max_depth=15, estimator__min_samples_split=14, estimator__n_estimators=20; total time=   0.0s
[CV] END estimator__criterion=squared_error, estimator__learning_rate=0.01, estimator__max_depth=15, estimator__min_samples_split=18, estimator__n_estimators=84; total time=   0.0s
[CV] END estimator__criterion=squared_error, estimator__learning_rate=0.01, estimator__max_depth=15, estimator__min_samples_split=18, estimator__n_estimators=84; total time=   0.0s
[CV] END estimator__criterion=squared_error, estimator__learning_rate=0.01, estimator__max_depth=15, estimator__min_samples_split=18, estimator__n_estimators=84; total time=   0.0s
[CV] END estimator__criterion=squared_error, estimator__learning_rate=0.01, estimator__max_depth=16, estimator__min_samples_split=10, estimator__n_estimators=20; total time=   0.0s
[CV] END estimator__criterion=squared_error, estimator__learning_rate=0.01, estimator__max_depth=17, estimator__min_samples_split=12, estimator__n_estimators=68; total time=   0.0s
[CV] END estimator__criterion=squared_error, estimator__learning_rate=0.01, estimator__max_depth=17, estimator__min_samples_split=12, estimator__n_estimators=84; total time=   0.0s
[CV] END estimator__criterion=squared_error, estimator__learning_rate=0.01, estimator__max_depth=17, estimator__min_samples_split=12, estimator__n_estimators=84; total time=   0.0s
[CV] END estimator__criterion=squared_error, estimator__learning_rate=0.01, estimator__max_depth=17, estimator__min_samples_split=12, estimator__n_estimators=84; total time=   0.0s
[CV] END estimator__criterion=squared_error, estimator__learning_rate=0.01, estimator__max_depth=18, estimator__min_samples_split=18, estimator__n_estimators=68; total time=   0.0s
[CV] END estimator__criterion=squared_error, estimator__learning_rate=0.01, estimator__max_depth=18, estimator__min_samples_split=18, estimator__n_estimators=84; total time=   0.0s
[CV] END estimator__criterion=squared_error, estimator__learning_rate=0.01, estimator__max_depth=18, estimator__min_samples_split=18, estimator__n_estimators=84; total time=   0.0s
[CV] END estimator__criterion=squared_error, estimator__learning_rate=0.01, estimator__max_depth=18, estimator__min_samples_split=18, estimator__n_estimators=84; total time=   0.0s
[CV] END estimator__criterion=squared_error, estimator__learning_rate=0.1, estimator__max_depth=15, estimator__min_samples_split=14, estimator__n_estimators=36; total time=   0.0s
[CV] END estimator__criterion=squared_error, estimator__learning_rate=0.1, estimator__max_depth=15, estimator__min_samples_split=14, estimator__n_estimators=36; total time=   0.0s
[CV] END estimator__criterion=squared_error, estimator__learning_rate=0.1, estimator__max_depth=15, estimator__min_samples_split=14, estimator__n_estimators=36; total time=   0.0s
[CV] END estimator__criterion=squared_error, estimator__learning_rate=0.1, estimator__max_depth=15, estimator__min_samples_split=14, estimator__n_estimators=52; total time=   0.0s
[CV] END estimator__criterion=squared_error, estimator__learning_rate=0.1, estimator__max_depth=16, estimator__min_samples_split=12, estimator__n_estimators=68; total time=   0.0s
[CV] END estimator__criterion=squared_error, estimator__learning_rate=0.1, estimator__max_depth=16, estimator__min_samples_split=12, estimator__n_estimators=84; total time=   0.0s
[CV] END estimator__criterion=squared_error, estimator__learning_rate=0.1, estimator__max_depth=16, estimator__min_samples_split=12, estimator__n_estimators=84; total time=   0.0s
[CV] END estimator__criterion=squared_error, estimator__learning_rate=0.1, estimator__max_depth=16, estimator__min_samples_split=12, estimator__n_estimators=84; total time=   0.0s
[CV] END estimator__criterion=squared_error, estimator__learning_rate=0.1, estimator__max_depth=17, estimator__min_samples_split=18, estimator__n_estimators=68; total time=   0.0s
[CV] END estimator__criterion=squared_error, estimator__learning_rate=0.1, estimator__max_depth=17, estimator__min_samples_split=18, estimator__n_estimators=68; total time=   0.0s
[CV] END estimator__criterion=squared_error, estimator__learning_rate=0.1, estimator__max_depth=17, estimator__min_samples_split=18, estimator__n_estimators=68; total time=   0.0s
[CV] END estimator__criterion=squared_error, estimator__learning_rate=0.1, estimator__max_depth=17, estimator__min_samples_split=18, estimator__n_estimators=68; total time=   0.0s
[CV] END estimator__criterion=squared_error, estimator__learning_rate=1.0, estimator__max_depth=14, estimator__min_samples_split=10, estimator__n_estimators=68; total time=   0.0s
[CV] END estimator__criterion=squared_error, estimator__learning_rate=1.0, estimator__max_depth=14, estimator__min_samples_split=10, estimator__n_estimators=68; total time=   0.0s
[CV] END estimator__criterion=squared_error, estimator__learning_rate=1.0, estimator__max_depth=14, estimator__min_samples_split=10, estimator__n_estimators=68; total time=   0.0s
[CV] END estimator__criterion=squared_error, estimator__learning_rate=1.0, estimator__max_depth=14, estimator__min_samples_split=10, estimator__n_estimators=84; total time=   0.0s
[CV] END estimator__criterion=squared_error, estimator__learning_rate=1.0, estimator__max_depth=15, estimator__min_samples_split=16, estimator__n_estimators=36; total time=   0.0s
[CV] END estimator__criterion=squared_error, estimator__learning_rate=1.0, estimator__max_depth=15, estimator__min_samples_split=16, estimator__n_estimators=36; total time=   0.0s
[CV] END estimator__criterion=squared_error, estimator__learning_rate=1.0, estimator__max_depth=15, estimator__min_samples_split=16, estimator__n_estimators=36; total time=   0.0s
[CV] END estimator__criterion=squared_error, estimator__learning_rate=1.0, estimator__max_depth=15, estimator__min_samples_split=16, estimator__n_estimators=36; total time=   0.0s
[CV] END estimator__criterion=squared_error, estimator__learning_rate=1.0, estimator__max_depth=16, estimator__min_samples_split=14, estimator__n_estimators=52; total time=   0.0s
[CV] END estimator__criterion=squared_error, estimator__learning_rate=1.0, estimator__max_depth=16, estimator__min_samples_split=14, estimator__n_estimators=52; total time=   0.0s
[CV] END estimator__criterion=squared_error, estimator__learning_rate=1.0, estimator__max_depth=16, estimator__min_samples_split=14, estimator__n_estimators=68; total time=   0.0s
[CV] END estimator__criterion=squared_error, estimator__learning_rate=1.0, estimator__max_depth=16, estimator__min_samples_split=14, estimator__n_estimators=68; total time=   0.0s
[CV] END estimator__criterion=squared_error, estimator__learning_rate=1.0, estimator__max_depth=17, estimator__min_samples_split=18, estimator__n_estimators=20; total time=   0.0s
[CV] END estimator__criterion=squared_error, estimator__learning_rate=1.0, estimator__max_depth=17, estimator__min_samples_split=18, estimator__n_estimators=20; total time=   0.0s
[CV] END estimator__criterion=squared_error, estimator__learning_rate=1.0, estimator__max_depth=17, estimator__min_samples_split=18, estimator__n_estimators=20; total time=   0.0s
[CV] END estimator__criterion=squared_error, estimator__learning_rate=1.0, estimator__max_depth=17, estimator__min_samples_split=18, estimator__n_estimators=36; total time=   0.0s
[CV] END estimator__criterion=squared_error, estimator__learning_rate=1.0, estimator__max_depth=18, estimator__min_samples_split=12, estimator__n_estimators=20; total time=   0.0s
[CV] END estimator__criterion=squared_error, estimator__learning_rate=1.0, estimator__max_depth=18, estimator__min_samples_split=12, estimator__n_estimators=52; total time=   0.0s
[CV] END estimator__criterion=squared_error, estimator__learning_rate=1.0, estimator__max_depth=18, estimator__min_samples_split=12, estimator__n_estimators=84; total time=   0.0s
[CV] END estimator__criterion=squared_error, estimator__learning_rate=1.0, estimator__max_depth=18, estimator__min_samples_split=16, estimator__n_estimators=20; total time=   0.0sFitting 5 folds for each of 500 candidates, totalling 2500 fits
[DONE] Family fit complete | family=GBM elapsed=13.07s best_score=-7.945232091393858 best_params={'estimator__criterion': 'squared_error', 'estimator__learning_rate': 0.01, 'estimator__max_depth': 14, 'estimator__min_samples_split': 18, 'estimator__n_estimators': 84}
[INFO] Family evaluation started | family=GBM targets=1
[DONE] Family evaluation complete | family=GBM elapsed=0.00s mean_component_mape=166.411% mean_component_mae=0.000418
[INFO] Family ONNX export started | family=GBM targets=1 estimator=GradientBoostingRegressor
[DONE] Family ONNX export complete | family=GBM elapsed=0.06s exported=1 failed=0
[DONE] Original-dataset exact validation complete | summary=output/validation_checks/paper_reimplementation_rcim_original_dataset_exact_model_bank_forward_maxi_last_non_green_cells/2026-04-29-03-34-52__track1_forward_gbm_ampl_h162_maxi_last_non_green_cells_attempt_12_campaign_run/validation_summary.yaml report=doc/reports/analysis/validation_checks/2026-04-29-03-35-41_paper_reimplementation_rcim_original_dataset_exact_model_bank_forward_maxi_last_non_green_cells_track1_forward_gbm_ampl_h162_maxi_last_non_green_cells_attempt_12_campaign_run_original_dataset_exact_model_bank_report.md
[CV] END estimator__criterion=squared_error, estimator__learning_rate=1.0, estimator__max_depth=15, estimator__min_samples_split=12, estimator__n_estimators=68; total time=   0.0s
[CV] END estimator__criterion=squared_error, estimator__learning_rate=1.0, estimator__max_depth=15, estimator__min_samples_split=12, estimator__n_estimators=68; total time=   0.0s
[CV] END estimator__criterion=squared_error, estimator__learning_rate=1.0, estimator__max_depth=15, estimator__min_samples_split=12, estimator__n_estimators=68; total time=   0.0s
[CV] END estimator__criterion=squared_error, estimator__learning_rate=1.0, estimator__max_depth=16, estimator__min_samples_split=16, estimator__n_estimators=20; total time=   0.0s
[CV] END estimator__criterion=squared_error, estimator__learning_rate=1.0, estimator__max_depth=16, estimator__min_samples_split=16, estimator__n_estimators=20; total time=   0.0s
[CV] END estimator__criterion=squared_error, estimator__learning_rate=1.0, estimator__max_depth=16, estimator__min_samples_split=16, estimator__n_estimators=20; total time=   0.0s
[CV] END estimator__criterion=squared_error, estimator__learning_rate=1.0, estimator__max_depth=16, estimator__min_samples_split=16, estimator__n_estimators=20; total time=   0.0s
[CV] END estimator__criterion=squared_error, estimator__learning_rate=1.0, estimator__max_depth=17, estimator__min_samples_split=10, estimator__n_estimators=52; total time=   0.0s
[CV] END estimator__criterion=squared_error, estimator__learning_rate=1.0, estimator__max_depth=17, estimator__min_samples_split=10, estimator__n_estimators=52; total time=   0.0s
[CV] END estimator__criterion=squared_error, estimator__learning_rate=1.0, estimator__max_depth=17, estimator__min_samples_split=10, estimator__n_estimators=52; total time=   0.0s
[CV] END estimator__criterion=squared_error, estimator__learning_rate=1.0, estimator__max_depth=17, estimator__min_samples_split=10, estimator__n_estimators=52; total time=   0.0s
[CV] END estimator__criterion=squared_error, estimator__learning_rate=1.0, estimator__max_depth=18, estimator__min_samples_split=10, estimator__n_estimators=52; total time=   0.0s
[CV] END estimator__criterion=squared_error, estimator__learning_rate=1.0, estimator__max_depth=18, estimator__min_samples_split=10, estimator__n_estimators=52; total time=   0.0s
[CV] END estimator__criterion=squared_error, estimator__learning_rate=1.0, estimator__max_depth=18, estimator__min_samples_split=10, estimator__n_estimators=68; total time=   0.0s
[CV] END estimator__criterion=squared_error, estimator__learning_rate=1.0, estimator__max_depth=18, estimator__min_samples_split=10, estimator__n_estimators=68; total time=   0.0s
[CV] END estimator__criterion=squared_error, estimator__learning_rate=1.0, estimator__max_depth=14, estimator__min_samples_split=12, estimator__n_estimators=36; total time=   0.0s
[CV] END estimator__criterion=squared_error, estimator__learning_rate=1.0, estimator__max_depth=14, estimator__min_samples_split=12, estimator__n_estimators=36; total time=   0.0s
[CV] END estimator__criterion=squared_error, estimator__learning_rate=1.0, estimator__max_depth=14, estimator__min_samples_split=12, estimator__n_estimators=36; total time=   0.0s
[CV] END estimator__criterion=squared_error, estimator__learning_rate=1.0, estimator__max_depth=15, estimator__min_samples_split=10, estimator__n_estimators=20; total time=   0.0s
[CV] END estimator__criterion=squared_error, estimator__learning_rate=1.0, estimator__max_depth=15, estimator__min_samples_split=10, estimator__n_estimators=36; total time=   0.0s
[CV] END estimator__criterion=squared_error, estimator__learning_rate=1.0, estimator__max_depth=15, estimator__min_samples_split=10, estimator__n_estimators=36; total time=   0.0s
[CV] END estimator__criterion=squared_error, estimator__learning_rate=1.0, estimator__max_depth=15, estimator__min_samples_split=10, estimator__n_estimators=36; total time=   0.0s
[CV] END estimator__criterion=squared_error, estimator__learning_rate=1.0, estimator__max_depth=15, estimator__min_samples_split=16, estimator__n_estimators=68; total time=   0.0s
[CV] END estimator__criterion=squared_error, estimator__learning_rate=1.0, estimator__max_depth=15, estimator__min_samples_split=16, estimator__n_estimators=68; total time=   0.0s
[CV] END estimator__criterion=squared_error, estimator__learning_rate=1.0, estimator__max_depth=15, estimator__min_samples_split=16, estimator__n_estimators=68; total time=   0.0s
[CV] END estimator__criterion=squared_error, estimator__learning_rate=1.0, estimator__max_depth=15, estimator__min_samples_split=16, estimator__n_estimators=84; total time=   0.0s
[CV] END estimator__criterion=squared_error, estimator__learning_rate=1.0, estimator__max_depth=17, estimator__min_samples_split=12, estimator__n_estimators=20; total time=   0.0s
[CV] END estimator__criterion=squared_error, estimator__learning_rate=1.0, estimator__max_depth=17, estimator__min_samples_split=12, estimator__n_estimators=20; total time=   0.0s
[CV] END estimator__criterion=squared_error, estimator__learning_rate=1.0, estimator__max_depth=17, estimator__min_samples_split=12, estimator__n_estimators=20; total time=   0.0s
[CV] END estimator__criterion=squared_error, estimator__learning_rate=1.0, estimator__max_depth=17, estimator__min_samples_split=12, estimator__n_estimators=20; total time=   0.0s
[CV] END estimator__criterion=squared_error, estimator__learning_rate=1.0, estimator__max_depth=17, estimator__min_samples_split=18, estimator__n_estimators=36; total time=   0.0s
[CV] END estimator__criterion=squared_error, estimator__learning_rate=1.0, estimator__max_depth=17, estimator__min_samples_split=18, estimator__n_estimators=36; total time=   0.0s
[CV] END estimator__criterion=squared_error, estimator__learning_rate=1.0, estimator__max_depth=17, estimator__min_samples_split=18, estimator__n_estimators=36; total time=   0.0s
[CV] END estimator__criterion=squared_error, estimator__learning_rate=1.0, estimator__max_depth=17, estimator__min_samples_split=18, estimator__n_estimators=36; total time=   0.0s
[CV] END estimator__criterion=squared_error, estimator__learning_rate=1.0, estimator__max_depth=18, estimator__min_samples_split=12, estimator__n_estimators=84; total time=   0.0s
[CV] END estimator__criterion=squared_error, estimator__learning_rate=1.0, estimator__max_depth=18, estimator__min_samples_split=16, estimator__n_estimators=36; total time=   0.0s
[CV] END estimator__criterion=squared_error, estimator__learning_rate=1.0, estimator__max_depth=18, estimator__min_samples_split=18, estimator__n_estimators=36; total time=   0.0s
[CV] END estimator__criterion=squared_error, estimator__learning_rate=0.01, estimator__max_depth=17, estimator__min_samples_split=18, estimator__n_estimators=36; total time=   0.0s
[CV] END estimator__criterion=squared_error, estimator__learning_rate=0.01, estimator__max_depth=17, estimator__min_samples_split=18, estimator__n_estimators=36; total time=   0.0s
[CV] END estimator__criterion=squared_error, estimator__learning_rate=0.01, estimator__max_depth=18, estimator__min_samples_split=14, estimator__n_estimators=52; total time=   0.0s
[CV] END estimator__criterion=squared_error, estimator__learning_rate=0.01, estimator__max_depth=18, estimator__min_samples_split=14, estimator__n_estimators=52; total time=   0.0s
[CV] END estimator__criterion=squared_error, estimator__learning_rate=0.01, estimator__max_depth=18, estimator__min_samples_split=14, estimator__n_estimators=68; total time=   0.0s
[CV] END estimator__criterion=squared_error, estimator__learning_rate=0.01, estimator__max_depth=18, estimator__min_samples_split=14, estimator__n_estimators=68; total time=   0.0s
[CV] END estimator__criterion=squared_error, estimator__learning_rate=0.1, estimator__max_depth=14, estimator__min_samples_split=16, estimator__n_estimators=36; total time=   0.0s
[CV] END estimator__criterion=squared_error, estimator__learning_rate=0.1, estimator__max_depth=14, estimator__min_samples_split=16, estimator__n_estimators=36; total time=   0.0s
[CV] END estimator__criterion=squared_error, estimator__learning_rate=0.1, estimator__max_depth=14, estimator__min_samples_split=16, estimator__n_estimators=36; total time=   0.0s
[CV] END estimator__criterion=squared_error, estimator__learning_rate=0.1, estimator__max_depth=14, estimator__min_samples_split=16, estimator__n_estimators=52; total time=   0.0s
[CV] END estimator__criterion=squared_error, estimator__learning_rate=0.1, estimator__max_depth=15, estimator__min_samples_split=14, estimator__n_estimators=52; total time=   0.0s
[CV] END estimator__criterion=squared_error, estimator__learning_rate=0.1, estimator__max_depth=15, estimator__min_samples_split=14, estimator__n_estimators=52; total time=   0.0s
[CV] END estimator__criterion=squared_error, estimator__learning_rate=0.1, estimator__max_depth=15, estimator__min_samples_split=14, estimator__n_estimators=52; total time=   0.0s
[CV] END estimator__criterion=squared_error, estimator__learning_rate=0.1, estimator__max_depth=15, estimator__min_samples_split=14, estimator__n_estimators=52; total time=   0.0s
[CV] END estimator__criterion=squared_error, estimator__learning_rate=0.1, estimator__max_depth=16, estimator__min_samples_split=14, estimator__n_estimators=68; total time=   0.0s
[CV] END estimator__criterion=squared_error, estimator__learning_rate=0.1, estimator__max_depth=16, estimator__min_samples_split=14, estimator__n_estimators=68; total time=   0.0s
[CV] END estimator__criterion=squared_error, estimator__learning_rate=0.1, estimator__max_depth=16, estimator__min_samples_split=14, estimator__n_estimators=84; total time=   0.0s
[CV] END estimator__criterion=squared_error, estimator__learning_rate=0.1, estimator__max_depth=16, estimator__min_samples_split=14, estimator__n_estimators=84; total time=   0.0s
[CV] END estimator__criterion=squared_error, estimator__learning_rate=0.1, estimator__max_depth=18, estimator__min_samples_split=10, estimator__n_estimators=52; total time=   0.0s
[CV] END estimator__criterion=squared_error, estimator__learning_rate=0.1, estimator__max_depth=18, estimator__min_samples_split=10, estimator__n_estimators=68; total time=   0.0s
[CV] END estimator__criterion=squared_error, estimator__learning_rate=0.1, estimator__max_depth=18, estimator__min_samples_split=10, estimator__n_estimators=68; total time=   0.0s
[CV] END estimator__criterion=squared_error, estimator__learning_rate=0.1, estimator__max_depth=18, estimator__min_samples_split=10, estimator__n_estimators=68; total time=   0.0s
[CV] END estimator__criterion=squared_error, estimator__learning_rate=1.0, estimator__max_depth=14, estimator__min_samples_split=12, estimator__n_estimators=84; total time=   0.0s
[CV] END estimator__criterion=squared_error, estimator__learning_rate=1.0, estimator__max_depth=14, estimator__min_samples_split=14, estimator__n_estimators=20; total time=   0.0s
[CV] END estimator__criterion=squared_error, estimator__learning_rate=1.0, estimator__max_depth=14, estimator__min_samples_split=14, estimator__n_estimators=20; total time=   0.0s
[CV] END estimator__criterion=squared_error, estimator__learning_rate=1.0, estimator__max_depth=14, estimator__min_samples_split=14, estimator__n_estimators=20; total time=   0.0s
[CV] END estimator__criterion=squared_error, estimator__learning_rate=1.0, estimator__max_depth=15, estimator__min_samples_split=10, estimator__n_estimators=20; total time=   0.0s
[CV] END estimator__criterion=squared_error, estimator__learning_rate=1.0, estimator__max_depth=15, estimator__min_samples_split=10, estimator__n_estimators=20; total time=   0.0s
[CV] END estimator__criterion=squared_error, estimator__learning_rate=1.0, estimator__max_depth=15, estimator__min_samples_split=10, estimator__n_estimators=20; total time=   0.0s
[CV] END estimator__criterion=squared_error, estimator__learning_rate=1.0, estimator__max_depth=15, estimator__min_samples_split=10, estimator__n_estimators=20; total time=   0.0s
[CV] END estimator__criterion=squared_error, estimator__learning_rate=1.0, estimator__max_depth=15, estimator__min_samples_split=14, estimator__n_estimators=52; total time=   0.0s
[CV] END estimator__criterion=squared_error, estimator__learning_rate=1.0, estimator__max_depth=15, estimator__min_samples_split=14, estimator__n_estimators=68; total time=   0.0s
[CV] END estimator__criterion=squared_error, estimator__learning_rate=1.0, estimator__max_depth=15, estimator__min_samples_split=14, estimator__n_estimators=68; total time=   0.0s
[CV] END estimator__criterion=squared_error, estimator__learning_rate=1.0, estimator__max_depth=15, estimator__min_samples_split=14, estimator__n_estimators=68; total time=   0.0s
[CV] END estimator__criterion=squared_error, estimator__learning_rate=1.0, estimator__max_depth=16, estimator__min_samples_split=14, estimator__n_estimators=84; total time=   0.0s
[CV] END estimator__criterion=squared_error, estimator__learning_rate=1.0, estimator__max_depth=16, estimator__min_samples_split=14, estimator__n_estimators=84; total time=   0.0s
[CV] END estimator__criterion=squared_error, estimator__learning_rate=1.0, estimator__max_depth=16, estimator__min_samples_split=14, estimator__n_estimators=84; total time=   0.0s
[CV] END estimator__criterion=squared_error, estimator__learning_rate=1.0, estimator__max_depth=16, estimator__min_samples_split=14, estimator__n_estimators=84; total time=   0.0s
[CV] END estimator__criterion=squared_error, estimator__learning_rate=1.0, estimator__max_depth=17, estimator__min_samples_split=18, estimator__n_estimators=68; total time=   0.0s
[CV] END estimator__criterion=squared_error, estimator__learning_rate=1.0, estimator__max_depth=17, estimator__min_samples_split=18, estimator__n_estimators=68; total time=   0.0s
[CV] END estimator__criterion=squared_error, estimator__learning_rate=1.0, estimator__max_depth=17, estimator__min_samples_split=18, estimator__n_estimators=84; total time=   0.0s
[CV] END estimator__criterion=squared_error, estimator__learning_rate=1.0, estimator__max_depth=17, estimator__min_samples_split=18, estimator__n_estimators=84; total time=   0.0s
[CV] END estimator__criterion=squared_error, estimator__learning_rate=1.0, estimator__max_depth=18, estimator__min_samples_split=18, estimator__n_estimators=36; total time=   0.0s
[CV] END estimator__criterion=squared_error, estimator__learning_rate=1.0, estimator__max_depth=18, estimator__min_samples_split=16, estimator__n_estimators=68; total time=   0.0s
[CV] END estimator__criterion=squared_error, estimator__learning_rate=0.1, estimator__max_depth=16, estimator__min_samples_split=16, estimator__n_estimators=52; total time=   0.0s
[CV] END estimator__criterion=squared_error, estimator__learning_rate=0.1, estimator__max_depth=16, estimator__min_samples_split=16, estimator__n_estimators=52; total time=   0.0s
[CV] END estimator__criterion=squared_error, estimator__learning_rate=0.1, estimator__max_depth=17, estimator__min_samples_split=16, estimator__n_estimators=20; total time=   0.0s
[CV] END estimator__criterion=squared_error, estimator__learning_rate=0.1, estimator__max_depth=17, estimator__min_samples_split=16, estimator__n_estimators=20; total time=   0.0s
[CV] END estimator__criterion=squared_error, estimator__learning_rate=0.1, estimator__max_depth=17, estimator__min_samples_split=16, estimator__n_estimators=20; total time=   0.0s
[CV] END estimator__criterion=squared_error, estimator__learning_rate=0.1, estimator__max_depth=17, estimator__min_samples_split=16, estimator__n_estimators=20; total time=   0.0s
[CV] END estimator__criterion=squared_error, estimator__learning_rate=0.1, estimator__max_depth=18, estimator__min_samples_split=10, estimator__n_estimators=20; total time=   0.0s
[CV] END estimator__criterion=squared_error, estimator__learning_rate=0.1, estimator__max_depth=18, estimator__min_samples_split=10, estimator__n_estimators=20; total time=   0.0s
[CV] END estimator__criterion=squared_error, estimator__learning_rate=0.1, estimator__max_depth=18, estimator__min_samples_split=10, estimator__n_estimators=20; total time=   0.0s
[CV] END estimator__criterion=squared_error, estimator__learning_rate=0.1, estimator__max_depth=18, estimator__min_samples_split=10, estimator__n_estimators=36; total time=   0.0s
[CV] END estimator__criterion=squared_error, estimator__learning_rate=0.1, estimator__max_depth=18, estimator__min_samples_split=16, estimator__n_estimators=20; total time=   0.0s
[CV] END estimator__criterion=squared_error, estimator__learning_rate=0.1, estimator__max_depth=18, estimator__min_samples_split=16, estimator__n_estimators=20; total time=   0.0s
[CV] END estimator__criterion=squared_error, estimator__learning_rate=0.1, estimator__max_depth=18, estimator__min_samples_split=16, estimator__n_estimators=36; total time=   0.0s
[CV] END estimator__criterion=squared_error, estimator__learning_rate=0.1, estimator__max_depth=18, estimator__min_samples_split=16, estimator__n_estimators=36; total time=   0.0s
[CV] END estimator__criterion=squared_error, estimator__learning_rate=1.0, estimator__max_depth=14, estimator__min_samples_split=12, estimator__n_estimators=20; total time=   0.0s
[CV] END estimator__criterion=squared_error, estimator__learning_rate=1.0, estimator__max_depth=14, estimator__min_samples_split=12, estimator__n_estimators=20; total time=   0.0s
[CV] END estimator__criterion=squared_error, estimator__learning_rate=1.0, estimator__max_depth=14, estimator__min_samples_split=12, estimator__n_estimators=20; total time=   0.0s
[CV] END estimator__criterion=squared_error, estimator__learning_rate=1.0, estimator__max_depth=14, estimator__min_samples_split=12, estimator__n_estimators=20; total time=   0.0s
[CV] END estimator__criterion=squared_error, estimator__learning_rate=1.0, estimator__max_depth=14, estimator__min_samples_split=16, estimator__n_estimators=68; total time=   0.0s
[CV] END estimator__criterion=squared_error, estimator__learning_rate=1.0, estimator__max_depth=14, estimator__min_samples_split=16, estimator__n_estimators=68; total time=   0.0s
[CV] END estimator__criterion=squared_error, estimator__learning_rate=1.0, estimator__max_depth=14, estimator__min_samples_split=16, estimator__n_estimators=84; total time=   0.0s
[CV] END estimator__criterion=squared_error, estimator__learning_rate=1.0, estimator__max_depth=14, estimator__min_samples_split=16, estimator__n_estimators=84; total time=   0.0s
[CV] END estimator__criterion=squared_error, estimator__learning_rate=1.0, estimator__max_depth=16, estimator__min_samples_split=12, estimator__n_estimators=36; total time=   0.0s
[CV] END estimator__criterion=squared_error, estimator__learning_rate=1.0, estimator__max_depth=16, estimator__min_samples_split=12, estimator__n_estimators=36; total time=   0.0s
[CV] END estimator__criterion=squared_error, estimator__learning_rate=1.0, estimator__max_depth=16, estimator__min_samples_split=12, estimator__n_estimators=36; total time=   0.0s
[CV] END estimator__criterion=squared_error, estimator__learning_rate=1.0, estimator__max_depth=16, estimator__min_samples_split=12, estimator__n_estimators=36; total time=   0.0s
[CV] END estimator__criterion=squared_error, estimator__learning_rate=1.0, estimator__max_depth=17, estimator__min_samples_split=10, estimator__n_estimators=52; total time=   0.0s
[CV] END estimator__criterion=squared_error, estimator__learning_rate=1.0, estimator__max_depth=17, estimator__min_samples_split=10, estimator__n_estimators=68; total time=   0.0s
[CV] END estimator__criterion=squared_error, estimator__learning_rate=1.0, estimator__max_depth=17, estimator__min_samples_split=10, estimator__n_estimators=68; total time=   0.0s
[CV] END estimator__criterion=squared_error, estimator__learning_rate=1.0, estimator__max_depth=17, estimator__min_samples_split=10, estimator__n_estimators=68; total time=   0.0s
[CV] END estimator__criterion=squared_error, estimator__learning_rate=1.0, estimator__max_depth=18, estimator__min_samples_split=12, estimator__n_estimators=52; total time=   0.0s
[CV] END estimator__criterion=squared_error, estimator__learning_rate=1.0, estimator__max_depth=18, estimator__min_samples_split=14, estimator__n_estimators=20; total time=   0.0s
[CV] END estimator__criterion=squared_error, estimator__learning_rate=1.0, estimator__max_depth=18, estimator__min_samples_split=14, estimator__n_estimators=52; total time=   0.0s
[CV] END estimator__criterion=squared_error, estimator__learning_rate=1.0, estimator__max_depth=18, estimator__min_samples_split=16, estimator__n_estimators=68; total time=   0.0s
[CV] END estimator__criterion=squared_error, estimator__learning_rate=0.1, estimator__max_depth=18, estimator__min_samples_split=16, estimator__n_estimators=36; total time=   0.0s
[CV] END estimator__criterion=squared_error, estimator__learning_rate=0.1, estimator__max_depth=18, estimator__min_samples_split=16, estimator__n_estimators=36; total time=   0.0s
[CV] END estimator__criterion=squared_error, estimator__learning_rate=0.1, estimator__max_depth=18, estimator__min_samples_split=16, estimator__n_estimators=36; total time=   0.0s
[CV] END estimator__criterion=squared_error, estimator__learning_rate=0.1, estimator__max_depth=18, estimator__min_samples_split=16, estimator__n_estimators=52; total time=   0.0s
[CV] END estimator__criterion=squared_error, estimator__learning_rate=1.0, estimator__max_depth=14, estimator__min_samples_split=14, estimator__n_estimators=36; total time=   0.0s
[CV] END estimator__criterion=squared_error, estimator__learning_rate=1.0, estimator__max_depth=14, estimator__min_samples_split=14, estimator__n_estimators=36; total time=   0.0s
[CV] END estimator__criterion=squared_error, estimator__learning_rate=1.0, estimator__max_depth=14, estimator__min_samples_split=14, estimator__n_estimators=36; total time=   0.0s
[CV] END estimator__criterion=squared_error, estimator__learning_rate=1.0, estimator__max_depth=14, estimator__min_samples_split=14, estimator__n_estimators=52; total time=   0.0s
[CV] END estimator__criterion=squared_error, estimator__learning_rate=1.0, estimator__max_depth=15, estimator__min_samples_split=10, estimator__n_estimators=52; total time=   0.0s
[CV] END estimator__criterion=squared_error, estimator__learning_rate=1.0, estimator__max_depth=15, estimator__min_samples_split=10, estimator__n_estimators=52; total time=   0.0s
[CV] END estimator__criterion=squared_error, estimator__learning_rate=1.0, estimator__max_depth=15, estimator__min_samples_split=10, estimator__n_estimators=52; total time=   0.0s
[CV] END estimator__criterion=squared_error, estimator__learning_rate=1.0, estimator__max_depth=15, estimator__min_samples_split=10, estimator__n_estimators=68; total time=   0.0s
[CV] END estimator__criterion=squared_error, estimator__learning_rate=1.0, estimator__max_depth=16, estimator__min_samples_split=12, estimator__n_estimators=20; total time=   0.0s
[CV] END estimator__criterion=squared_error, estimator__learning_rate=1.0, estimator__max_depth=16, estimator__min_samples_split=12, estimator__n_estimators=20; total time=   0.0s
[CV] END estimator__criterion=squared_error, estimator__learning_rate=1.0, estimator__max_depth=16, estimator__min_samples_split=12, estimator__n_estimators=20; total time=   0.0s
[CV] END estimator__criterion=squared_error, estimator__learning_rate=1.0, estimator__max_depth=16, estimator__min_samples_split=12, estimator__n_estimators=36; total time=   0.0s
[CV] END estimator__criterion=squared_error, estimator__learning_rate=1.0, estimator__max_depth=16, estimator__min_samples_split=18, estimator__n_estimators=36; total time=   0.0s
[CV] END estimator__criterion=squared_error, estimator__learning_rate=1.0, estimator__max_depth=16, estimator__min_samples_split=18, estimator__n_estimators=36; total time=   0.0s
[CV] END estimator__criterion=squared_error, estimator__learning_rate=1.0, estimator__max_depth=16, estimator__min_samples_split=18, estimator__n_estimators=36; total time=   0.0s
[CV] END estimator__criterion=squared_error, estimator__learning_rate=1.0, estimator__max_depth=16, estimator__min_samples_split=18, estimator__n_estimators=52; total time=   0.0s
[CV] END estimator__criterion=squared_error, estimator__learning_rate=1.0, estimator__max_depth=17, estimator__min_samples_split=16, estimator__n_estimators=36; total time=   0.0s
[CV] END estimator__criterion=squared_error, estimator__learning_rate=1.0, estimator__max_depth=17, estimator__min_samples_split=16, estimator__n_estimators=36; total time=   0.0s
[CV] END estimator__criterion=squared_error, estimator__learning_rate=1.0, estimator__max_depth=17, estimator__min_samples_split=16, estimator__n_estimators=36; total time=   0.0s
[CV] END estimator__criterion=squared_error, estimator__learning_rate=1.0, estimator__max_depth=17, estimator__min_samples_split=16, estimator__n_estimators=52; total time=   0.0s
[CV] END estimator__criterion=squared_error, estimator__learning_rate=1.0, estimator__max_depth=18, estimator__min_samples_split=12, estimator__n_estimators=20; total time=   0.0s
[CV] END estimator__criterion=squared_error, estimator__learning_rate=1.0, estimator__max_depth=18, estimator__min_samples_split=12, estimator__n_estimators=52; total time=   0.0s
[CV] END estimator__criterion=squared_error, estimator__learning_rate=1.0, estimator__max_depth=18, estimator__min_samples_split=14, estimator__n_estimators=20; total time=   0.0s
[CV] END estimator__criterion=squared_error, estimator__learning_rate=1.0, estimator__max_depth=18, estimator__min_samples_split=14, estimator__n_estimators=36; total time=   0.0s
[CV] END estimator__criterion=squared_error, estimator__learning_rate=1.0, estimator__max_depth=18, estimator__min_samples_split=16, estimator__n_estimators=20; total time=   0.0s
[CV] END estimator__criterion=squared_error, estimator__learning_rate=1.0, estimator__max_depth=18, estimator__min_samples_split=16, estimator__n_estimators=36; total time=   0.0s
[CV] END estimator__criterion=squared_error, estimator__learning_rate=1.0, estimator__max_depth=18, estimator__min_samples_split=18, estimator__n_estimators=36; total time=   0.0s
[CV] END estimator__criterion=squared_error, estimator__learning_rate=0.1, estimator__max_depth=14, estimator__min_samples_split=14, estimator__n_estimators=84; total time=   0.0s
[CV] END estimator__criterion=squared_error, estimator__learning_rate=0.1, estimator__max_depth=14, estimator__min_samples_split=14, estimator__n_estimators=84; total time=   0.0s
[CV] END estimator__criterion=squared_error, estimator__learning_rate=0.1, estimator__max_depth=14, estimator__min_samples_split=14, estimator__n_estimators=84; total time=   0.0s
[CV] END estimator__criterion=squared_error, estimator__learning_rate=0.1, estimator__max_depth=15, estimator__min_samples_split=18, estimator__n_estimators=84; total time=   0.0s
[CV] END estimator__criterion=squared_error, estimator__learning_rate=0.1, estimator__max_depth=15, estimator__min_samples_split=18, estimator__n_estimators=84; total time=   0.0s
[CV] END estimator__criterion=squared_error, estimator__learning_rate=0.1, estimator__max_depth=15, estimator__min_samples_split=18, estimator__n_estimators=84; total time=   0.0s
[CV] END estimator__criterion=squared_error, estimator__learning_rate=0.1, estimator__max_depth=15, estimator__min_samples_split=18, estimator__n_estimators=84; total time=   0.0s
[CV] END estimator__criterion=squared_error, estimator__learning_rate=0.1, estimator__max_depth=17, estimator__min_samples_split=14, estimator__n_estimators=36; total time=   0.0s
[CV] END estimator__criterion=squared_error, estimator__learning_rate=0.1, estimator__max_depth=17, estimator__min_samples_split=14, estimator__n_estimators=36; total time=   0.0s
[CV] END estimator__criterion=squared_error, estimator__learning_rate=0.1, estimator__max_depth=17, estimator__min_samples_split=14, estimator__n_estimators=36; total time=   0.0s
[CV] END estimator__criterion=squared_error, estimator__learning_rate=0.1, estimator__max_depth=17, estimator__min_samples_split=14, estimator__n_estimators=36; total time=   0.0s
[CV] END estimator__criterion=squared_error, estimator__learning_rate=0.1, estimator__max_depth=18, estimator__min_samples_split=12, estimator__n_estimators=36; total time=   0.0s
[CV] END estimator__criterion=squared_error, estimator__learning_rate=0.1, estimator__max_depth=18, estimator__min_samples_split=12, estimator__n_estimators=36; total time=   0.0s
[CV] END estimator__criterion=squared_error, estimator__learning_rate=0.1, estimator__max_depth=18, estimator__min_samples_split=12, estimator__n_estimators=36; total time=   0.0s
[CV] END estimator__criterion=squared_error, estimator__learning_rate=0.1, estimator__max_depth=18, estimator__min_samples_split=12, estimator__n_estimators=36; total time=   0.0s
[CV] END estimator__criterion=squared_error, estimator__learning_rate=0.1, estimator__max_depth=18, estimator__min_samples_split=18, estimator__n_estimators=84; total time=   0.0s
[CV] END estimator__criterion=squared_error, estimator__learning_rate=0.1, estimator__max_depth=18, estimator__min_samples_split=18, estimator__n_estimators=84; total time=   0.0s
[CV] END estimator__criterion=squared_error, estimator__learning_rate=0.1, estimator__max_depth=18, estimator__min_samples_split=18, estimator__n_estimators=84; total time=   0.0s
[CV] END estimator__criterion=squared_error, estimator__learning_rate=1.0, estimator__max_depth=14, estimator__min_samples_split=10, estimator__n_estimators=20; total time=   0.0s
[CV] END estimator__criterion=squared_error, estimator__learning_rate=1.0, estimator__max_depth=15, estimator__min_samples_split=10, estimator__n_estimators=84; total time=   0.0s
[CV] END estimator__criterion=squared_error, estimator__learning_rate=1.0, estimator__max_depth=15, estimator__min_samples_split=12, estimator__n_estimators=20; total time=   0.0s
[CV] END estimator__criterion=squared_error, estimator__learning_rate=1.0, estimator__max_depth=15, estimator__min_samples_split=12, estimator__n_estimators=20; total time=   0.0s
[CV] END estimator__criterion=squared_error, estimator__learning_rate=1.0, estimator__max_depth=15, estimator__min_samples_split=12, estimator__n_estimators=20; total time=   0.0s
[CV] END estimator__criterion=squared_error, estimator__learning_rate=1.0, estimator__max_depth=16, estimator__min_samples_split=10, estimator__n_estimators=36; total time=   0.0s
[CV] END estimator__criterion=squared_error, estimator__learning_rate=1.0, estimator__max_depth=16, estimator__min_samples_split=10, estimator__n_estimators=36; total time=   0.0s
[CV] END estimator__criterion=squared_error, estimator__learning_rate=1.0, estimator__max_depth=16, estimator__min_samples_split=10, estimator__n_estimators=36; total time=   0.0s
[CV] END estimator__criterion=squared_error, estimator__learning_rate=1.0, estimator__max_depth=16, estimator__min_samples_split=10, estimator__n_estimators=52; total time=   0.0s
[CV] END estimator__criterion=squared_error, estimator__learning_rate=1.0, estimator__max_depth=16, estimator__min_samples_split=18, estimator__n_estimators=68; total time=   0.0s
[CV] END estimator__criterion=squared_error, estimator__learning_rate=1.0, estimator__max_depth=16, estimator__min_samples_split=18, estimator__n_estimators=68; total time=   0.0s
[CV] END estimator__criterion=squared_error, estimator__learning_rate=1.0, estimator__max_depth=16, estimator__min_samples_split=18, estimator__n_estimators=68; total time=   0.0s
[CV] END estimator__criterion=squared_error, estimator__learning_rate=1.0, estimator__max_depth=16, estimator__min_samples_split=18, estimator__n_estimators=68; total time=   0.0s
[CV] END estimator__criterion=squared_error, estimator__learning_rate=1.0, estimator__max_depth=18, estimator__min_samples_split=12, estimator__n_estimators=20; total time=   0.0s
[CV] END estimator__criterion=squared_error, estimator__learning_rate=1.0, estimator__max_depth=18, estimator__min_samples_split=12, estimator__n_estimators=36; total time=   0.0s
[CV] END estimator__criterion=squared_error, estimator__learning_rate=1.0, estimator__max_depth=18, estimator__min_samples_split=12, estimator__n_estimators=84; total time=   0.0s
[CV] END estimator__criterion=squared_error, estimator__learning_rate=1.0, estimator__max_depth=18, estimator__min_samples_split=16, estimator__n_estimators=20; total time=   0.0s
[CV] END estimator__criterion=squared_error, estimator__learning_rate=1.0, estimator__max_depth=18, estimator__min_samples_split=16, estimator__n_estimators=68; total time=   0.0s
[CV] END estimator__criterion=squared_error, estimator__learning_rate=0.1, estimator__max_depth=16, estimator__min_samples_split=14, estimator__n_estimators=68; total time=   0.0s
[CV] END estimator__criterion=squared_error, estimator__learning_rate=0.1, estimator__max_depth=16, estimator__min_samples_split=14, estimator__n_estimators=68; total time=   0.0s
[CV] END estimator__criterion=squared_error, estimator__learning_rate=0.1, estimator__max_depth=16, estimator__min_samples_split=14, estimator__n_estimators=68; total time=   0.0s
[CV] END estimator__criterion=squared_error, estimator__learning_rate=0.1, estimator__max_depth=17, estimator__min_samples_split=18, estimator__n_estimators=52; total time=   0.0s
[CV] END estimator__criterion=squared_error, estimator__learning_rate=0.1, estimator__max_depth=17, estimator__min_samples_split=18, estimator__n_estimators=52; total time=   0.0s
[CV] END estimator__criterion=squared_error, estimator__learning_rate=0.1, estimator__max_depth=17, estimator__min_samples_split=18, estimator__n_estimators=52; total time=   0.0s
[CV] END estimator__criterion=squared_error, estimator__learning_rate=0.1, estimator__max_depth=17, estimator__min_samples_split=18, estimator__n_estimators=52; total time=   0.0s
[CV] END estimator__criterion=squared_error, estimator__learning_rate=0.1, estimator__max_depth=18, estimator__min_samples_split=18, estimator__n_estimators=68; total time=   0.0s
[CV] END estimator__criterion=squared_error, estimator__learning_rate=0.1, estimator__max_depth=18, estimator__min_samples_split=18, estimator__n_estimators=68; total time=   0.0s
[CV] END estimator__criterion=squared_error, estimator__learning_rate=0.1, estimator__max_depth=18, estimator__min_samples_split=18, estimator__n_estimators=84; total time=   0.0s
[CV] END estimator__criterion=squared_error, estimator__learning_rate=0.1, estimator__max_depth=18, estimator__min_samples_split=18, estimator__n_estimators=84; total time=   0.0s
[CV] END estimator__criterion=squared_error, estimator__learning_rate=1.0, estimator__max_depth=15, estimator__min_samples_split=12, estimator__n_estimators=52; total time=   0.0s
[CV] END estimator__criterion=squared_error, estimator__learning_rate=1.0, estimator__max_depth=15, estimator__min_samples_split=12, estimator__n_estimators=52; total time=   0.0s
[CV] END estimator__criterion=squared_error, estimator__learning_rate=1.0, estimator__max_depth=15, estimator__min_samples_split=12, estimator__n_estimators=52; total time=   0.0s
[CV] END estimator__criterion=squared_error, estimator__learning_rate=1.0, estimator__max_depth=15, estimator__min_samples_split=12, estimator__n_estimators=52; total time=   0.0s
[CV] END estimator__criterion=squared_error, estimator__learning_rate=1.0, estimator__max_depth=16, estimator__min_samples_split=12, estimator__n_estimators=84; total time=   0.0s
[CV] END estimator__criterion=squared_error, estimator__learning_rate=1.0, estimator__max_depth=16, estimator__min_samples_split=12, estimator__n_estimators=84; total time=   0.0s
[CV] END estimator__criterion=squared_error, estimator__learning_rate=1.0, estimator__max_depth=16, estimator__min_samples_split=12, estimator__n_estimators=84; total time=   0.0s
[CV] END estimator__criterion=squared_error, estimator__learning_rate=1.0, estimator__max_depth=16, estimator__min_samples_split=14, estimator__n_estimators=20; total time=   0.0s
[CV] END estimator__criterion=squared_error, estimator__learning_rate=1.0, estimator__max_depth=17, estimator__min_samples_split=14, estimator__n_estimators=84; total time=   0.0s
[CV] END estimator__criterion=squared_error, estimator__learning_rate=1.0, estimator__max_depth=17, estimator__min_samples_split=14, estimator__n_estimators=84; total time=   0.0s
[CV] END estimator__criterion=squared_error, estimator__learning_rate=1.0, estimator__max_depth=17, estimator__min_samples_split=14, estimator__n_estimators=84; total time=   0.0s
[CV] END estimator__criterion=squared_error, estimator__learning_rate=1.0, estimator__max_depth=17, estimator__min_samples_split=14, estimator__n_estimators=84; total time=   0.0s
[CV] END estimator__criterion=squared_error, estimator__learning_rate=1.0, estimator__max_depth=18, estimator__min_samples_split=16, estimator__n_estimators=20; total time=   0.0s
[CV] END estimator__criterion=squared_error, estimator__learning_rate=1.0, estimator__max_depth=18, estimator__min_samples_split=16, estimator__n_estimators=68; total time=   0.0s
[CV] END estimator__criterion=squared_error, estimator__learning_rate=0.01, estimator__max_depth=18, estimator__min_samples_split=16, estimator__n_estimators=68; total time=   0.0s
[CV] END estimator__criterion=squared_error, estimator__learning_rate=0.01, estimator__max_depth=18, estimator__min_samples_split=16, estimator__n_estimators=68; total time=   0.0s
[CV] END estimator__criterion=squared_error, estimator__learning_rate=0.01, estimator__max_depth=18, estimator__min_samples_split=16, estimator__n_estimators=68; total time=   0.0s
[CV] END estimator__criterion=squared_error, estimator__learning_rate=0.01, estimator__max_depth=18, estimator__min_samples_split=16, estimator__n_estimators=68; total time=   0.0s
[CV] END estimator__criterion=squared_error, estimator__learning_rate=0.1, estimator__max_depth=14, estimator__min_samples_split=18, estimator__n_estimators=52; total time=   0.0s
[CV] END estimator__criterion=squared_error, estimator__learning_rate=0.1, estimator__max_depth=14, estimator__min_samples_split=18, estimator__n_estimators=52; total time=   0.0s
[CV] END estimator__criterion=squared_error, estimator__learning_rate=0.1, estimator__max_depth=14, estimator__min_samples_split=18, estimator__n_estimators=52; total time=   0.0s
[CV] END estimator__criterion=squared_error, estimator__learning_rate=0.1, estimator__max_depth=14, estimator__min_samples_split=18, estimator__n_estimators=52; total time=   0.0s
[CV] END estimator__criterion=squared_error, estimator__learning_rate=0.1, estimator__max_depth=15, estimator__min_samples_split=18, estimator__n_estimators=36; total time=   0.0s
[CV] END estimator__criterion=squared_error, estimator__learning_rate=0.1, estimator__max_depth=15, estimator__min_samples_split=18, estimator__n_estimators=52; total time=   0.0s
[CV] END estimator__criterion=squared_error, estimator__learning_rate=0.1, estimator__max_depth=15, estimator__min_samples_split=18, estimator__n_estimators=52; total time=   0.0s
[CV] END estimator__criterion=squared_error, estimator__learning_rate=0.1, estimator__max_depth=15, estimator__min_samples_split=18, estimator__n_estimators=52; total time=   0.0s
[CV] END estimator__criterion=squared_error, estimator__learning_rate=0.1, estimator__max_depth=16, estimator__min_samples_split=16, estimator__n_estimators=52; total time=   0.0s
[CV] END estimator__criterion=squared_error, estimator__learning_rate=0.1, estimator__max_depth=16, estimator__min_samples_split=16, estimator__n_estimators=52; total time=   0.0s
[CV] END estimator__criterion=squared_error, estimator__learning_rate=0.1, estimator__max_depth=16, estimator__min_samples_split=16, estimator__n_estimators=68; total time=   0.0s
[CV] END estimator__criterion=squared_error, estimator__learning_rate=0.1, estimator__max_depth=16, estimator__min_samples_split=16, estimator__n_estimators=68; total time=   0.0s
[CV] END estimator__criterion=squared_error, estimator__learning_rate=0.1, estimator__max_depth=17, estimator__min_samples_split=16, estimator__n_estimators=84; total time=   0.0s
[CV] END estimator__criterion=squared_error, estimator__learning_rate=0.1, estimator__max_depth=17, estimator__min_samples_split=16, estimator__n_estimators=84; total time=   0.0s
[CV] END estimator__criterion=squared_error, estimator__learning_rate=0.1, estimator__max_depth=17, estimator__min_samples_split=16, estimator__n_estimators=84; total time=   0.0s
[CV] END estimator__criterion=squared_error, estimator__learning_rate=0.1, estimator__max_depth=17, estimator__min_samples_split=16, estimator__n_estimators=84; total time=   0.0s
[CV] END estimator__criterion=squared_error, estimator__learning_rate=1.0, estimator__max_depth=14, estimator__min_samples_split=12, estimator__n_estimators=68; total time=   0.0s
[CV] END estimator__criterion=squared_error, estimator__learning_rate=1.0, estimator__max_depth=14, estimator__min_samples_split=12, estimator__n_estimators=68; total time=   0.0s
[CV] END estimator__criterion=squared_error, estimator__learning_rate=1.0, estimator__max_depth=14, estimator__min_samples_split=12, estimator__n_estimators=68; total time=   0.0s
[CV] END estimator__criterion=squared_error, estimator__learning_rate=1.0, estimator__max_depth=14, estimator__min_samples_split=12, estimator__n_estimators=68; total time=   0.0s
[CV] END estimator__criterion=squared_error, estimator__learning_rate=1.0, estimator__max_depth=15, estimator__min_samples_split=14, estimator__n_estimators=84; total time=   0.0s
[CV] END estimator__criterion=squared_error, estimator__learning_rate=1.0, estimator__max_depth=15, estimator__min_samples_split=14, estimator__n_estimators=84; total time=   0.0s
[CV] END estimator__criterion=squared_error, estimator__learning_rate=1.0, estimator__max_depth=15, estimator__min_samples_split=14, estimator__n_estimators=84; total time=   0.0s
[CV] END estimator__criterion=squared_error, estimator__learning_rate=1.0, estimator__max_depth=15, estimator__min_samples_split=16, estimator__n_estimators=20; total time=   0.0s
[CV] END estimator__criterion=squared_error, estimator__learning_rate=1.0, estimator__max_depth=16, estimator__min_samples_split=18, estimator__n_estimators=20; total time=   0.0s
[CV] END estimator__criterion=squared_error, estimator__learning_rate=1.0, estimator__max_depth=16, estimator__min_samples_split=18, estimator__n_estimators=20; total time=   0.0s
[CV] END estimator__criterion=squared_error, estimator__learning_rate=1.0, estimator__max_depth=16, estimator__min_samples_split=18, estimator__n_estimators=36; total time=   0.0s
[CV] END estimator__criterion=squared_error, estimator__learning_rate=1.0, estimator__max_depth=16, estimator__min_samples_split=18, estimator__n_estimators=36; total time=   0.0s
[CV] END estimator__criterion=squared_error, estimator__learning_rate=1.0, estimator__max_depth=17, estimator__min_samples_split=14, estimator__n_estimators=20; total time=   0.0s
[CV] END estimator__criterion=squared_error, estimator__learning_rate=1.0, estimator__max_depth=17, estimator__min_samples_split=14, estimator__n_estimators=36; total time=   0.0s
[CV] END estimator__criterion=squared_error, estimator__learning_rate=1.0, estimator__max_depth=17, estimator__min_samples_split=14, estimator__n_estimators=36; total time=   0.0s
[CV] END estimator__criterion=squared_error, estimator__learning_rate=1.0, estimator__max_depth=17, estimator__min_samples_split=14, estimator__n_estimators=36; total time=   0.0s
[CV] END estimator__criterion=squared_error, estimator__learning_rate=1.0, estimator__max_depth=18, estimator__min_samples_split=10, estimator__n_estimators=68; total time=   0.0s
[CV] END estimator__criterion=squared_error, estimator__learning_rate=1.0, estimator__max_depth=18, estimator__min_samples_split=10, estimator__n_estimators=68; total time=   0.0s
[CV] END estimator__criterion=squared_error, estimator__learning_rate=1.0, estimator__max_depth=18, estimator__min_samples_split=10, estimator__n_estimators=68; total time=   0.0s
[CV] END estimator__criterion=squared_error, estimator__learning_rate=1.0, estimator__max_depth=18, estimator__min_samples_split=10, estimator__n_estimators=84; total time=   0.0s
[CV] END estimator__criterion=squared_error, estimator__learning_rate=0.1, estimator__max_depth=16, estimator__min_samples_split=12, estimator__n_estimators=20; total time=   0.0s
[CV] END estimator__criterion=squared_error, estimator__learning_rate=0.1, estimator__max_depth=16, estimator__min_samples_split=12, estimator__n_estimators=20; total time=   0.0s
[CV] END estimator__criterion=squared_error, estimator__learning_rate=0.1, estimator__max_depth=16, estimator__min_samples_split=12, estimator__n_estimators=36; total time=   0.0s
[CV] END estimator__criterion=squared_error, estimator__learning_rate=0.1, estimator__max_depth=16, estimator__min_samples_split=12, estimator__n_estimators=36; total time=   0.0s
[CV] END estimator__criterion=squared_error, estimator__learning_rate=0.1, estimator__max_depth=16, estimator__min_samples_split=18, estimator__n_estimators=20; total time=   0.0s
[CV] END estimator__criterion=squared_error, estimator__learning_rate=0.1, estimator__max_depth=16, estimator__min_samples_split=18, estimator__n_estimators=20; total time=   0.0s
[CV] END estimator__criterion=squared_error, estimator__learning_rate=0.1, estimator__max_depth=16, estimator__min_samples_split=18, estimator__n_estimators=20; total time=   0.0s
[CV] END estimator__criterion=squared_error, estimator__learning_rate=0.1, estimator__max_depth=16, estimator__min_samples_split=18, estimator__n_estimators=20; total time=   0.0s
[CV] END estimator__criterion=squared_error, estimator__learning_rate=0.1, estimator__max_depth=17, estimator__min_samples_split=12, estimator__n_estimators=52; total time=   0.0s
[CV] END estimator__criterion=squared_error, estimator__learning_rate=0.1, estimator__max_depth=17, estimator__min_samples_split=12, estimator__n_estimators=52; total time=   0.0s
[CV] END estimator__criterion=squared_error, estimator__learning_rate=0.1, estimator__max_depth=17, estimator__min_samples_split=12, estimator__n_estimators=52; total time=   0.0s
[CV] END estimator__criterion=squared_error, estimator__learning_rate=0.1, estimator__max_depth=17, estimator__min_samples_split=12, estimator__n_estimators=52; total time=   0.0s
[CV] END estimator__criterion=squared_error, estimator__learning_rate=0.1, estimator__max_depth=18, estimator__min_samples_split=12, estimator__n_estimators=52; total time=   0.0s
[CV] END estimator__criterion=squared_error, estimator__learning_rate=0.1, estimator__max_depth=18, estimator__min_samples_split=12, estimator__n_estimators=52; total time=   0.0s
[CV] END estimator__criterion=squared_error, estimator__learning_rate=0.1, estimator__max_depth=18, estimator__min_samples_split=12, estimator__n_estimators=68; total time=   0.0s
[CV] END estimator__criterion=squared_error, estimator__learning_rate=0.1, estimator__max_depth=18, estimator__min_samples_split=12, estimator__n_estimators=68; total time=   0.0s
[CV] END estimator__criterion=squared_error, estimator__learning_rate=1.0, estimator__max_depth=14, estimator__min_samples_split=14, estimator__n_estimators=52; total time=   0.0s
[CV] END estimator__criterion=squared_error, estimator__learning_rate=1.0, estimator__max_depth=14, estimator__min_samples_split=14, estimator__n_estimators=52; total time=   0.0s
[CV] END estimator__criterion=squared_error, estimator__learning_rate=1.0, estimator__max_depth=14, estimator__min_samples_split=14, estimator__n_estimators=52; total time=   0.0s
[CV] END estimator__criterion=squared_error, estimator__learning_rate=1.0, estimator__max_depth=14, estimator__min_samples_split=14, estimator__n_estimators=52; total time=   0.0s
[CV] END estimator__criterion=squared_error, estimator__learning_rate=1.0, estimator__max_depth=15, estimator__min_samples_split=14, estimator__n_estimators=20; total time=   0.0s
[CV] END estimator__criterion=squared_error, estimator__learning_rate=1.0, estimator__max_depth=15, estimator__min_samples_split=14, estimator__n_estimators=20; total time=   0.0s
[CV] END estimator__criterion=squared_error, estimator__learning_rate=1.0, estimator__max_depth=15, estimator__min_samples_split=14, estimator__n_estimators=20; total time=   0.0s
[CV] END estimator__criterion=squared_error, estimator__learning_rate=1.0, estimator__max_depth=15, estimator__min_samples_split=14, estimator__n_estimators=36; total time=   0.0s
[CV] END estimator__criterion=squared_error, estimator__learning_rate=1.0, estimator__max_depth=15, estimator__min_samples_split=18, estimator__n_estimators=52; total time=   0.0s
[CV] END estimator__criterion=squared_error, estimator__learning_rate=1.0, estimator__max_depth=15, estimator__min_samples_split=18, estimator__n_estimators=52; total time=   0.0s
[CV] END estimator__criterion=squared_error, estimator__learning_rate=1.0, estimator__max_depth=15, estimator__min_samples_split=18, estimator__n_estimators=52; total time=   0.0s
[CV] END estimator__criterion=squared_error, estimator__learning_rate=1.0, estimator__max_depth=15, estimator__min_samples_split=18, estimator__n_estimators=68; total time=   0.0s
[CV] END estimator__criterion=squared_error, estimator__learning_rate=1.0, estimator__max_depth=17, estimator__min_samples_split=10, estimator__n_estimators=20; total time=   0.0s
[CV] END estimator__criterion=squared_error, estimator__learning_rate=1.0, estimator__max_depth=17, estimator__min_samples_split=10, estimator__n_estimators=20; total time=   0.0s
[CV] END estimator__criterion=squared_error, estimator__learning_rate=1.0, estimator__max_depth=17, estimator__min_samples_split=10, estimator__n_estimators=20; total time=   0.0s
[CV] END estimator__criterion=squared_error, estimator__learning_rate=1.0, estimator__max_depth=17, estimator__min_samples_split=10, estimator__n_estimators=36; total time=   0.0s
[CV] END estimator__criterion=squared_error, estimator__learning_rate=1.0, estimator__max_depth=17, estimator__min_samples_split=16, estimator__n_estimators=52; total time=   0.0s
[CV] END estimator__criterion=squared_error, estimator__learning_rate=1.0, estimator__max_depth=17, estimator__min_samples_split=16, estimator__n_estimators=52; total time=   0.0s
[CV] END estimator__criterion=squared_error, estimator__learning_rate=1.0, estimator__max_depth=17, estimator__min_samples_split=16, estimator__n_estimators=52; total time=   0.0s
[CV] END estimator__criterion=squared_error, estimator__learning_rate=1.0, estimator__max_depth=17, estimator__min_samples_split=16, estimator__n_estimators=52; total time=   0.0s
[CV] END estimator__criterion=squared_error, estimator__learning_rate=1.0, estimator__max_depth=18, estimator__min_samples_split=12, estimator__n_estimators=68; total time=   0.0s
[CV] END estimator__criterion=squared_error, estimator__learning_rate=1.0, estimator__max_depth=18, estimator__min_samples_split=14, estimator__n_estimators=52; total time=   0.0s
[CV] END estimator__criterion=squared_error, estimator__learning_rate=1.0, estimator__max_depth=18, estimator__min_samples_split=16, estimator__n_estimators=52; total time=   0.0s
[CV] END estimator__criterion=squared_error, estimator__learning_rate=1.0, estimator__max_depth=18, estimator__min_samples_split=18, estimator__n_estimators=36; total time=   0.0s
[CV] END estimator__criterion=squared_error, estimator__learning_rate=0.01, estimator__max_depth=18, estimator__min_samples_split=10, estimator__n_estimators=84; total time=   0.0s
[CV] END estimator__criterion=squared_error, estimator__learning_rate=0.01, estimator__max_depth=18, estimator__min_samples_split=10, estimator__n_estimators=84; total time=   0.0s
[CV] END estimator__criterion=squared_error, estimator__learning_rate=0.01, estimator__max_depth=18, estimator__min_samples_split=12, estimator__n_estimators=20; total time=   0.0s
[CV] END estimator__criterion=squared_error, estimator__learning_rate=0.01, estimator__max_depth=18, estimator__min_samples_split=12, estimator__n_estimators=20; total time=   0.0s
[CV] END estimator__criterion=squared_error, estimator__learning_rate=0.1, estimator__max_depth=14, estimator__min_samples_split=12, estimator__n_estimators=68; total time=   0.0s
[CV] END estimator__criterion=squared_error, estimator__learning_rate=0.1, estimator__max_depth=14, estimator__min_samples_split=12, estimator__n_estimators=68; total time=   0.0s
[CV] END estimator__criterion=squared_error, estimator__learning_rate=0.1, estimator__max_depth=14, estimator__min_samples_split=12, estimator__n_estimators=68; total time=   0.0s
[CV] END estimator__criterion=squared_error, estimator__learning_rate=0.1, estimator__max_depth=14, estimator__min_samples_split=12, estimator__n_estimators=84; total time=   0.0s
[CV] END estimator__criterion=squared_error, estimator__learning_rate=0.1, estimator__max_depth=15, estimator__min_samples_split=16, estimator__n_estimators=84; total time=   0.0s
[CV] END estimator__criterion=squared_error, estimator__learning_rate=0.1, estimator__max_depth=15, estimator__min_samples_split=16, estimator__n_estimators=84; total time=   0.0s
[CV] END estimator__criterion=squared_error, estimator__learning_rate=0.1, estimator__max_depth=15, estimator__min_samples_split=16, estimator__n_estimators=84; total time=   0.0s
[CV] END estimator__criterion=squared_error, estimator__learning_rate=0.1, estimator__max_depth=15, estimator__min_samples_split=18, estimator__n_estimators=20; total time=   0.0s
[CV] END estimator__criterion=squared_error, estimator__learning_rate=0.1, estimator__max_depth=16, estimator__min_samples_split=18, estimator__n_estimators=52; total time=   0.0s
[CV] END estimator__criterion=squared_error, estimator__learning_rate=0.1, estimator__max_depth=16, estimator__min_samples_split=18, estimator__n_estimators=52; total time=   0.0s
[CV] END estimator__criterion=squared_error, estimator__learning_rate=0.1, estimator__max_depth=16, estimator__min_samples_split=18, estimator__n_estimators=52; total time=   0.0s
[CV] END estimator__criterion=squared_error, estimator__learning_rate=0.1, estimator__max_depth=16, estimator__min_samples_split=18, estimator__n_estimators=68; total time=   0.0s
[CV] END estimator__criterion=squared_error, estimator__learning_rate=0.1, estimator__max_depth=17, estimator__min_samples_split=18, estimator__n_estimators=84; total time=   0.0s
[CV] END estimator__criterion=squared_error, estimator__learning_rate=0.1, estimator__max_depth=17, estimator__min_samples_split=18, estimator__n_estimators=84; total time=   0.0s
[CV] END estimator__criterion=squared_error, estimator__learning_rate=0.1, estimator__max_depth=18, estimator__min_samples_split=10, estimator__n_estimators=20; total time=   0.0s
[CV] END estimator__criterion=squared_error, estimator__learning_rate=0.1, estimator__max_depth=18, estimator__min_samples_split=10, estimator__n_estimators=20; total time=   0.0s
[CV] END estimator__criterion=squared_error, estimator__learning_rate=0.1, estimator__max_depth=18, estimator__min_samples_split=18, estimator__n_estimators=52; total time=   0.0s
[CV] END estimator__criterion=squared_error, estimator__learning_rate=0.1, estimator__max_depth=18, estimator__min_samples_split=18, estimator__n_estimators=68; total time=   0.0s
[CV] END estimator__criterion=squared_error, estimator__learning_rate=0.1, estimator__max_depth=18, estimator__min_samples_split=18, estimator__n_estimators=68; total time=   0.0s
[CV] END estimator__criterion=squared_error, estimator__learning_rate=0.1, estimator__max_depth=18, estimator__min_samples_split=18, estimator__n_estimators=68; total time=   0.0s
[CV] END estimator__criterion=squared_error, estimator__learning_rate=1.0, estimator__max_depth=15, estimator__min_samples_split=10, estimator__n_estimators=68; total time=   0.0s
[CV] END estimator__criterion=squared_error, estimator__learning_rate=1.0, estimator__max_depth=15, estimator__min_samples_split=10, estimator__n_estimators=68; total time=   0.0s
[CV] END estimator__criterion=squared_error, estimator__learning_rate=1.0, estimator__max_depth=15, estimator__min_samples_split=10, estimator__n_estimators=68; total time=   0.0s
[CV] END estimator__criterion=squared_error, estimator__learning_rate=1.0, estimator__max_depth=15, estimator__min_samples_split=10, estimator__n_estimators=68; total time=   0.0s
[CV] END estimator__criterion=squared_error, estimator__learning_rate=1.0, estimator__max_depth=16, estimator__min_samples_split=14, estimator__n_estimators=20; total time=   0.0s
[CV] END estimator__criterion=squared_error, estimator__learning_rate=1.0, estimator__max_depth=16, estimator__min_samples_split=14, estimator__n_estimators=20; total time=   0.0s
[CV] END estimator__criterion=squared_error, estimator__learning_rate=1.0, estimator__max_depth=16, estimator__min_samples_split=14, estimator__n_estimators=20; total time=   0.0s
[CV] END estimator__criterion=squared_error, estimator__learning_rate=1.0, estimator__max_depth=16, estimator__min_samples_split=14, estimator__n_estimators=20; total time=   0.0s
[CV] END estimator__criterion=squared_error, estimator__learning_rate=1.0, estimator__max_depth=16, estimator__min_samples_split=18, estimator__n_estimators=52; total time=   0.0s
[CV] END estimator__criterion=squared_error, estimator__learning_rate=1.0, estimator__max_depth=16, estimator__min_samples_split=18, estimator__n_estimators=52; total time=   0.0s
[CV] END estimator__criterion=squared_error, estimator__learning_rate=1.0, estimator__max_depth=16, estimator__min_samples_split=18, estimator__n_estimators=52; total time=   0.0s
[CV] END estimator__criterion=squared_error, estimator__learning_rate=1.0, estimator__max_depth=16, estimator__min_samples_split=18, estimator__n_estimators=52; total time=   0.0s
[CV] END estimator__criterion=squared_error, estimator__learning_rate=1.0, estimator__max_depth=17, estimator__min_samples_split=18, estimator__n_estimators=52; total time=   0.0s
[CV] END estimator__criterion=squared_error, estimator__learning_rate=1.0, estimator__max_depth=17, estimator__min_samples_split=18, estimator__n_estimators=68; total time=   0.0s
[CV] END estimator__criterion=squared_error, estimator__learning_rate=1.0, estimator__max_depth=17, estimator__min_samples_split=18, estimator__n_estimators=68; total time=   0.0s
[CV] END estimator__criterion=squared_error, estimator__learning_rate=1.0, estimator__max_depth=17, estimator__min_samples_split=18, estimator__n_estimators=68; total time=   0.0s
[CV] END estimator__criterion=squared_error, estimator__learning_rate=1.0, estimator__max_depth=18, estimator__min_samples_split=16, estimator__n_estimators=68; total time=   0.0s
[CV] END estimator__criterion=squared_error, estimator__learning_rate=1.0, estimator__max_depth=16, estimator__min_samples_split=18, estimator__n_estimators=84; total time=   0.0s
[CV] END estimator__criterion=squared_error, estimator__learning_rate=1.0, estimator__max_depth=16, estimator__min_samples_split=18, estimator__n_estimators=84; total time=   0.0s
[CV] END estimator__criterion=squared_error, estimator__learning_rate=1.0, estimator__max_depth=17, estimator__min_samples_split=10, estimator__n_estimators=20; total time=   0.0s
[CV] END estimator__criterion=squared_error, estimator__learning_rate=1.0, estimator__max_depth=17, estimator__min_samples_split=10, estimator__n_estimators=20; total time=   0.0s
[CV] END estimator__criterion=squared_error, estimator__learning_rate=1.0, estimator__max_depth=17, estimator__min_samples_split=18, estimator__n_estimators=84; total time=   0.0s
[CV] END estimator__criterion=squared_error, estimator__learning_rate=1.0, estimator__max_depth=17, estimator__min_samples_split=18, estimator__n_estimators=84; total time=   0.0s
[CV] END estimator__criterion=squared_error, estimator__learning_rate=1.0, estimator__max_depth=17, estimator__min_samples_split=18, estimator__n_estimators=84; total time=   0.0s
[CV] END estimator__criterion=squared_error, estimator__learning_rate=1.0, estimator__max_depth=18, estimator__min_samples_split=10, estimator__n_estimators=20; total time=   0.0s
[CV] END estimator__criterion=squared_error, estimator__learning_rate=1.0, estimator__max_depth=18, estimator__min_samples_split=16, estimator__n_estimators=84; total time=   0.0s
[CV] END estimator__criterion=squared_error, estimator__learning_rate=0.1, estimator__max_depth=15, estimator__min_samples_split=12, estimator__n_estimators=52; total time=   0.0s
[CV] END estimator__criterion=squared_error, estimator__learning_rate=0.1, estimator__max_depth=15, estimator__min_samples_split=12, estimator__n_estimators=52; total time=   0.0s
[CV] END estimator__criterion=squared_error, estimator__learning_rate=0.1, estimator__max_depth=15, estimator__min_samples_split=12, estimator__n_estimators=52; total time=   0.0s
[CV] END estimator__criterion=squared_error, estimator__learning_rate=0.1, estimator__max_depth=15, estimator__min_samples_split=12, estimator__n_estimators=68; total time=   0.0s
[CV] END estimator__criterion=squared_error, estimator__learning_rate=0.1, estimator__max_depth=16, estimator__min_samples_split=12, estimator__n_estimators=68; total time=   0.0s
[CV] END estimator__criterion=squared_error, estimator__learning_rate=0.1, estimator__max_depth=16, estimator__min_samples_split=12, estimator__n_estimators=68; total time=   0.0s
[CV] END estimator__criterion=squared_error, estimator__learning_rate=0.1, estimator__max_depth=16, estimator__min_samples_split=12, estimator__n_estimators=68; total time=   0.0s
[CV] END estimator__criterion=squared_error, estimator__learning_rate=0.1, estimator__max_depth=16, estimator__min_samples_split=12, estimator__n_estimators=68; total time=   0.0s
[CV] END estimator__criterion=squared_error, estimator__learning_rate=0.1, estimator__max_depth=17, estimator__min_samples_split=14, estimator__n_estimators=52; total time=   0.0s
[CV] END estimator__criterion=squared_error, estimator__learning_rate=0.1, estimator__max_depth=17, estimator__min_samples_split=14, estimator__n_estimators=52; total time=   0.0s
[CV] END estimator__criterion=squared_error, estimator__learning_rate=0.1, estimator__max_depth=17, estimator__min_samples_split=14, estimator__n_estimators=68; total time=   0.0s
[CV] END estimator__criterion=squared_error, estimator__learning_rate=0.1, estimator__max_depth=17, estimator__min_samples_split=14, estimator__n_estimators=68; total time=   0.0s
[CV] END estimator__criterion=squared_error, estimator__learning_rate=0.1, estimator__max_depth=18, estimator__min_samples_split=14, estimator__n_estimators=84; total time=   0.0s
[CV] END estimator__criterion=squared_error, estimator__learning_rate=0.1, estimator__max_depth=18, estimator__min_samples_split=16, estimator__n_estimators=20; total time=   0.0s
[CV] END estimator__criterion=squared_error, estimator__learning_rate=0.1, estimator__max_depth=18, estimator__min_samples_split=16, estimator__n_estimators=20; total time=   0.0s
[CV] END estimator__criterion=squared_error, estimator__learning_rate=0.1, estimator__max_depth=18, estimator__min_samples_split=16, estimator__n_estimators=20; total time=   0.0s
[CV] END estimator__criterion=squared_error, estimator__learning_rate=1.0, estimator__max_depth=14, estimator__min_samples_split=12, estimator__n_estimators=52; total time=   0.0s
[CV] END estimator__criterion=squared_error, estimator__learning_rate=1.0, estimator__max_depth=14, estimator__min_samples_split=12, estimator__n_estimators=52; total time=   0.0s
[CV] END estimator__criterion=squared_error, estimator__learning_rate=1.0, estimator__max_depth=14, estimator__min_samples_split=12, estimator__n_estimators=52; total time=   0.0s
[CV] END estimator__criterion=squared_error, estimator__learning_rate=1.0, estimator__max_depth=14, estimator__min_samples_split=12, estimator__n_estimators=68; total time=   0.0s
[CV] END estimator__criterion=squared_error, estimator__learning_rate=1.0, estimator__max_depth=15, estimator__min_samples_split=14, estimator__n_estimators=36; total time=   0.0s
[CV] END estimator__criterion=squared_error, estimator__learning_rate=1.0, estimator__max_depth=15, estimator__min_samples_split=14, estimator__n_estimators=36; total time=   0.0s
[CV] END estimator__criterion=squared_error, estimator__learning_rate=1.0, estimator__max_depth=15, estimator__min_samples_split=14, estimator__n_estimators=36; total time=   0.0s
[CV] END estimator__criterion=squared_error, estimator__learning_rate=1.0, estimator__max_depth=15, estimator__min_samples_split=14, estimator__n_estimators=36; total time=   0.0s
[CV] END estimator__criterion=squared_error, estimator__learning_rate=1.0, estimator__max_depth=16, estimator__min_samples_split=10, estimator__n_estimators=68; total time=   0.0s
[CV] END estimator__criterion=squared_error, estimator__learning_rate=1.0, estimator__max_depth=16, estimator__min_samples_split=10, estimator__n_estimators=68; total time=   0.0s
[CV] END estimator__criterion=squared_error, estimator__learning_rate=1.0, estimator__max_depth=16, estimator__min_samples_split=10, estimator__n_estimators=68; total time=   0.0s
[CV] END estimator__criterion=squared_error, estimator__learning_rate=1.0, estimator__max_depth=16, estimator__min_samples_split=10, estimator__n_estimators=68; total time=   0.0s
[CV] END estimator__criterion=squared_error, estimator__learning_rate=1.0, estimator__max_depth=17, estimator__min_samples_split=12, estimator__n_estimators=52; total time=   0.0s
[CV] END estimator__criterion=squared_error, estimator__learning_rate=1.0, estimator__max_depth=17, estimator__min_samples_split=12, estimator__n_estimators=52; total time=   0.0s
[CV] END estimator__criterion=squared_error, estimator__learning_rate=1.0, estimator__max_depth=17, estimator__min_samples_split=12, estimator__n_estimators=68; total time=   0.0s
[CV] END estimator__criterion=squared_error, estimator__learning_rate=1.0, estimator__max_depth=17, estimator__min_samples_split=12, estimator__n_estimators=68; total time=   0.0s
[CV] END estimator__criterion=squared_error, estimator__learning_rate=1.0, estimator__max_depth=18, estimator__min_samples_split=14, estimator__n_estimators=20; total time=   0.0s
[CV] END estimator__criterion=squared_error, estimator__learning_rate=1.0, estimator__max_depth=18, estimator__min_samples_split=14, estimator__n_estimators=52; total time=   0.0s
[CV] END estimator__criterion=squared_error, estimator__learning_rate=1.0, estimator__max_depth=18, estimator__min_samples_split=16, estimator__n_estimators=52; total time=   0.0s
[CV] END estimator__criterion=squared_error, estimator__learning_rate=1.0, estimator__max_depth=18, estimator__min_samples_split=18, estimator__n_estimators=52; total time=   0.0s
[CV] END estimator__criterion=squared_error, estimator__learning_rate=0.1, estimator__max_depth=14, estimator__min_samples_split=14, estimator__n_estimators=68; total time=   0.0s
[CV] END estimator__criterion=squared_error, estimator__learning_rate=0.1, estimator__max_depth=15, estimator__min_samples_split=14, estimator__n_estimators=68; total time=   0.0s
[CV] END estimator__criterion=squared_error, estimator__learning_rate=0.1, estimator__max_depth=15, estimator__min_samples_split=14, estimator__n_estimators=84; total time=   0.0s
[CV] END estimator__criterion=squared_error, estimator__learning_rate=0.1, estimator__max_depth=15, estimator__min_samples_split=14, estimator__n_estimators=84; total time=   0.0s
[CV] END estimator__criterion=squared_error, estimator__learning_rate=0.1, estimator__max_depth=15, estimator__min_samples_split=14, estimator__n_estimators=84; total time=   0.0s
[CV] END estimator__criterion=squared_error, estimator__learning_rate=0.1, estimator__max_depth=17, estimator__min_samples_split=10, estimator__n_estimators=52; total time=   0.0s
[CV] END estimator__criterion=squared_error, estimator__learning_rate=0.1, estimator__max_depth=17, estimator__min_samples_split=10, estimator__n_estimators=52; total time=   0.0s
[CV] END estimator__criterion=squared_error, estimator__learning_rate=0.1, estimator__max_depth=17, estimator__min_samples_split=10, estimator__n_estimators=52; total time=   0.0s
[CV] END estimator__criterion=squared_error, estimator__learning_rate=0.1, estimator__max_depth=17, estimator__min_samples_split=10, estimator__n_estimators=52; total time=   0.0s
[CV] END estimator__criterion=squared_error, estimator__learning_rate=0.1, estimator__max_depth=18, estimator__min_samples_split=12, estimator__n_estimators=20; total time=   0.0s
[CV] END estimator__criterion=squared_error, estimator__learning_rate=0.1, estimator__max_depth=18, estimator__min_samples_split=12, estimator__n_estimators=20; total time=   0.0s
[CV] END estimator__criterion=squared_error, estimator__learning_rate=0.1, estimator__max_depth=18, estimator__min_samples_split=12, estimator__n_estimators=20; total time=   0.0s
[CV] END estimator__criterion=squared_error, estimator__learning_rate=0.1, estimator__max_depth=18, estimator__min_samples_split=12, estimator__n_estimators=20; total time=   0.0s
[CV] END estimator__criterion=squared_error, estimator__learning_rate=0.1, estimator__max_depth=18, estimator__min_samples_split=16, estimator__n_estimators=52; total time=   0.0s
[CV] END estimator__criterion=squared_error, estimator__learning_rate=0.1, estimator__max_depth=18, estimator__min_samples_split=16, estimator__n_estimators=52; total time=   0.0s
[CV] END estimator__criterion=squared_error, estimator__learning_rate=0.1, estimator__max_depth=18, estimator__min_samples_split=16, estimator__n_estimators=52; total time=   0.0s
[CV] END estimator__criterion=squared_error, estimator__learning_rate=0.1, estimator__max_depth=18, estimator__min_samples_split=16, estimator__n_estimators=52; total time=   0.0s
[CV] END estimator__criterion=squared_error, estimator__learning_rate=1.0, estimator__max_depth=14, estimator__min_samples_split=16, estimator__n_estimators=52; total time=   0.0s
[CV] END estimator__criterion=squared_error, estimator__learning_rate=1.0, estimator__max_depth=14, estimator__min_samples_split=16, estimator__n_estimators=68; total time=   0.0s
[CV] END estimator__criterion=squared_error, estimator__learning_rate=1.0, estimator__max_depth=14, estimator__min_samples_split=16, estimator__n_estimators=68; total time=   0.0s
[CV] END estimator__criterion=squared_error, estimator__learning_rate=1.0, estimator__max_depth=14, estimator__min_samples_split=16, estimator__n_estimators=68; total time=   0.0s
[CV] END estimator__criterion=squared_error, estimator__learning_rate=1.0, estimator__max_depth=16, estimator__min_samples_split=10, estimator__n_estimators=52; total time=   0.0s
[CV] END estimator__criterion=squared_error, estimator__learning_rate=1.0, estimator__max_depth=16, estimator__min_samples_split=10, estimator__n_estimators=52; total time=   0.0s
[CV] END estimator__criterion=squared_error, estimator__learning_rate=1.0, estimator__max_depth=16, estimator__min_samples_split=10, estimator__n_estimators=52; total time=   0.0s
[CV] END estimator__criterion=squared_error, estimator__learning_rate=1.0, estimator__max_depth=16, estimator__min_samples_split=10, estimator__n_estimators=52; total time=   0.0s
[CV] END estimator__criterion=squared_error, estimator__learning_rate=1.0, estimator__max_depth=17, estimator__min_samples_split=10, estimator__n_estimators=68; total time=   0.0s
[CV] END estimator__criterion=squared_error, estimator__learning_rate=1.0, estimator__max_depth=17, estimator__min_samples_split=10, estimator__n_estimators=68; total time=   0.0s
[CV] END estimator__criterion=squared_error, estimator__learning_rate=1.0, estimator__max_depth=17, estimator__min_samples_split=10, estimator__n_estimators=84; total time=   0.0s
[CV] END estimator__criterion=squared_error, estimator__learning_rate=1.0, estimator__max_depth=17, estimator__min_samples_split=10, estimator__n_estimators=84; total time=   0.0s
[CV] END estimator__criterion=squared_error, estimator__learning_rate=1.0, estimator__max_depth=18, estimator__min_samples_split=14, estimator__n_estimators=36; total time=   0.0s
[CV] END estimator__criterion=squared_error, estimator__learning_rate=1.0, estimator__max_depth=18, estimator__min_samples_split=14, estimator__n_estimators=84; total time=   0.0s
[CV] END estimator__criterion=squared_error, estimator__learning_rate=1.0, estimator__max_depth=18, estimator__min_samples_split=18, estimator__n_estimators=52; total time=   0.0s
[CV] END estimator__criterion=squared_error, estimator__learning_rate=0.001, estimator__max_depth=14, estimator__min_samples_split=10, estimator__n_estimators=68; total time=   0.0s
[CV] END estimator__criterion=squared_error, estimator__learning_rate=0.001, estimator__max_depth=16, estimator__min_samples_split=10, estimator__n_estimators=52; total time=   0.0s
[CV] END estimator__criterion=squared_error, estimator__learning_rate=0.001, estimator__max_depth=16, estimator__min_samples_split=10, estimator__n_estimators=52; total time=   0.0s
[CV] END estimator__criterion=squared_error, estimator__learning_rate=0.001, estimator__max_depth=16, estimator__min_samples_split=12, estimator__n_estimators=68; total time=   0.0s
[CV] END estimator__criterion=squared_error, estimator__learning_rate=0.001, estimator__max_depth=16, estimator__min_samples_split=12, estimator__n_estimators=68; total time=   0.0s
[CV] END estimator__criterion=squared_error, estimator__learning_rate=0.001, estimator__max_depth=16, estimator__min_samples_split=16, estimator__n_estimators=68; total time=   0.0s
[CV] END estimator__criterion=squared_error, estimator__learning_rate=0.001, estimator__max_depth=16, estimator__min_samples_split=16, estimator__n_estimators=68; total time=   0.0s
[CV] END estimator__criterion=squared_error, estimator__learning_rate=0.001, estimator__max_depth=17, estimator__min_samples_split=16, estimator__n_estimators=68; total time=   0.0s
[CV] END estimator__criterion=squared_error, estimator__learning_rate=0.001, estimator__max_depth=17, estimator__min_samples_split=16, estimator__n_estimators=68; total time=   0.0s
[CV] END estimator__criterion=squared_error, estimator__learning_rate=0.001, estimator__max_depth=17, estimator__min_samples_split=16, estimator__n_estimators=84; total time=   0.0s
[CV] END estimator__criterion=squared_error, estimator__learning_rate=0.001, estimator__max_depth=17, estimator__min_samples_split=16, estimator__n_estimators=84; total time=   0.0s
[CV] END estimator__criterion=squared_error, estimator__learning_rate=0.001, estimator__max_depth=18, estimator__min_samples_split=18, estimator__n_estimators=84; total time=   0.0s
[CV] END estimator__criterion=squared_error, estimator__learning_rate=0.01, estimator__max_depth=14, estimator__min_samples_split=10, estimator__n_estimators=20; total time=   0.0s
[CV] END estimator__criterion=squared_error, estimator__learning_rate=0.01, estimator__max_depth=14, estimator__min_samples_split=10, estimator__n_estimators=20; total time=   0.0s
[CV] END estimator__criterion=squared_error, estimator__learning_rate=0.01, estimator__max_depth=14, estimator__min_samples_split=10, estimator__n_estimators=20; total time=   0.0s
[CV] END estimator__criterion=squared_error, estimator__learning_rate=0.01, estimator__max_depth=14, estimator__min_samples_split=16, estimator__n_estimators=52; total time=   0.0s
[CV] END estimator__criterion=squared_error, estimator__learning_rate=0.01, estimator__max_depth=14, estimator__min_samples_split=16, estimator__n_estimators=52; total time=   0.0s
[CV] END estimator__criterion=squared_error, estimator__learning_rate=0.01, estimator__max_depth=14, estimator__min_samples_split=16, estimator__n_estimators=52; total time=   0.0s
[CV] END estimator__criterion=squared_error, estimator__learning_rate=0.01, estimator__max_depth=14, estimator__min_samples_split=16, estimator__n_estimators=68; total time=   0.0s
[CV] END estimator__criterion=squared_error, estimator__learning_rate=0.01, estimator__max_depth=15, estimator__min_samples_split=16, estimator__n_estimators=84; total time=   0.0s
[CV] END estimator__criterion=squared_error, estimator__learning_rate=0.01, estimator__max_depth=15, estimator__min_samples_split=16, estimator__n_estimators=84; total time=   0.0s
[CV] END estimator__criterion=squared_error, estimator__learning_rate=0.01, estimator__max_depth=15, estimator__min_samples_split=18, estimator__n_estimators=20; total time=   0.0s
[CV] END estimator__criterion=squared_error, estimator__learning_rate=0.01, estimator__max_depth=15, estimator__min_samples_split=18, estimator__n_estimators=20; total time=   0.0s
[CV] END estimator__criterion=squared_error, estimator__learning_rate=0.01, estimator__max_depth=16, estimator__min_samples_split=14, estimator__n_estimators=20; total time=   0.0s
[CV] END estimator__criterion=squared_error, estimator__learning_rate=0.01, estimator__max_depth=16, estimator__min_samples_split=14, estimator__n_estimators=20; total time=   0.0s
[CV] END estimator__criterion=squared_error, estimator__learning_rate=0.01, estimator__max_depth=16, estimator__min_samples_split=14, estimator__n_estimators=36; total time=   0.0s
[CV] END estimator__criterion=squared_error, estimator__learning_rate=0.01, estimator__max_depth=16, estimator__min_samples_split=14, estimator__n_estimators=36; total time=   0.0s
[CV] END estimator__criterion=squared_error, estimator__learning_rate=0.01, estimator__max_depth=16, estimator__min_samples_split=18, estimator__n_estimators=84; total time=   0.0s
[CV] END estimator__criterion=squared_error, estimator__learning_rate=0.01, estimator__max_depth=16, estimator__min_samples_split=18, estimator__n_estimators=84; total time=   0.0s
[CV] END estimator__criterion=squared_error, estimator__learning_rate=0.01, estimator__max_depth=16, estimator__min_samples_split=18, estimator__n_estimators=84; total time=   0.0s
[CV] END estimator__criterion=squared_error, estimator__learning_rate=0.01, estimator__max_depth=16, estimator__min_samples_split=18, estimator__n_estimators=84; total time=   0.0s
[CV] END estimator__criterion=squared_error, estimator__learning_rate=0.01, estimator__max_depth=18, estimator__min_samples_split=12, estimator__n_estimators=84; total time=   0.0s
[CV] END estimator__criterion=squared_error, estimator__learning_rate=0.01, estimator__max_depth=18, estimator__min_samples_split=12, estimator__n_estimators=84; total time=   0.0s
[CV] END estimator__criterion=squared_error, estimator__learning_rate=0.01, estimator__max_depth=18, estimator__min_samples_split=12, estimator__n_estimators=84; total time=   0.0s
[CV] END estimator__criterion=squared_error, estimator__learning_rate=0.01, estimator__max_depth=18, estimator__min_samples_split=14, estimator__n_estimators=20; total time=   0.0s
[CV] END estimator__criterion=squared_error, estimator__learning_rate=0.1, estimator__max_depth=14, estimator__min_samples_split=16, estimator__n_estimators=52; total time=   0.0s
[CV] END estimator__criterion=squared_error, estimator__learning_rate=0.1, estimator__max_depth=14, estimator__min_samples_split=16, estimator__n_estimators=52; total time=   0.0s
[CV] END estimator__criterion=squared_error, estimator__learning_rate=0.1, estimator__max_depth=14, estimator__min_samples_split=16, estimator__n_estimators=52; total time=   0.0s
[CV] END estimator__criterion=squared_error, estimator__learning_rate=0.1, estimator__max_depth=14, estimator__min_samples_split=16, estimator__n_estimators=52; total time=   0.0s
[CV] END estimator__criterion=squared_error, estimator__learning_rate=0.1, estimator__max_depth=15, estimator__min_samples_split=16, estimator__n_estimators=52; total time=   0.0s
[CV] END estimator__criterion=squared_error, estimator__learning_rate=0.1, estimator__max_depth=15, estimator__min_samples_split=16, estimator__n_estimators=68; total time=   0.0s
[CV] END estimator__criterion=squared_error, estimator__learning_rate=0.1, estimator__max_depth=15, estimator__min_samples_split=16, estimator__n_estimators=68; total time=   0.0s
[CV] END estimator__criterion=squared_error, estimator__learning_rate=0.1, estimator__max_depth=15, estimator__min_samples_split=16, estimator__n_estimators=68; total time=   0.0s
[CV] END estimator__criterion=squared_error, estimator__learning_rate=0.1, estimator__max_depth=16, estimator__min_samples_split=18, estimator__n_estimators=84; total time=   0.0s
[CV] END estimator__criterion=squared_error, estimator__learning_rate=0.1, estimator__max_depth=16, estimator__min_samples_split=18, estimator__n_estimators=84; total time=   0.0s
[CV] END estimator__criterion=squared_error, estimator__learning_rate=0.1, estimator__max_depth=18, estimator__min_samples_split=14, estimator__n_estimators=84; total time=   0.0s
[CV] END estimator__criterion=squared_error, estimator__learning_rate=0.1, estimator__max_depth=18, estimator__min_samples_split=14, estimator__n_estimators=84; total time=   0.0s
[CV] END estimator__criterion=squared_error, estimator__learning_rate=0.1, estimator__max_depth=18, estimator__min_samples_split=14, estimator__n_estimators=84; total time=   0.0s
[CV] END estimator__criterion=squared_error, estimator__learning_rate=1.0, estimator__max_depth=15, estimator__min_samples_split=10, estimator__n_estimators=84; total time=   0.0s
[CV] END estimator__criterion=squared_error, estimator__learning_rate=1.0, estimator__max_depth=15, estimator__min_samples_split=10, estimator__n_estimators=84; total time=   0.0s
[CV] END estimator__criterion=squared_error, estimator__learning_rate=1.0, estimator__max_depth=15, estimator__min_samples_split=10, estimator__n_estimators=84; total time=   0.0s
[CV] END estimator__criterion=squared_error, estimator__learning_rate=1.0, estimator__max_depth=15, estimator__min_samples_split=10, estimator__n_estimators=84; total time=   0.0s
[CV] END estimator__criterion=squared_error, estimator__learning_rate=1.0, estimator__max_depth=16, estimator__min_samples_split=16, estimator__n_estimators=84; total time=   0.0s
[CV] END estimator__criterion=squared_error, estimator__learning_rate=1.0, estimator__max_depth=16, estimator__min_samples_split=16, estimator__n_estimators=84; total time=   0.0s
[CV] END estimator__criterion=squared_error, estimator__learning_rate=1.0, estimator__max_depth=16, estimator__min_samples_split=16, estimator__n_estimators=84; total time=   0.0s
[CV] END estimator__criterion=squared_error, estimator__learning_rate=1.0, estimator__max_depth=16, estimator__min_samples_split=16, estimator__n_estimators=84; total time=   0.0s
[CV] END estimator__criterion=squared_error, estimator__learning_rate=1.0, estimator__max_depth=18, estimator__min_samples_split=12, estimator__n_estimators=20; total time=   0.0s
[CV] END estimator__criterion=squared_error, estimator__learning_rate=1.0, estimator__max_depth=18, estimator__min_samples_split=12, estimator__n_estimators=36; total time=   0.0s
[CV] END estimator__criterion=squared_error, estimator__learning_rate=1.0, estimator__max_depth=18, estimator__min_samples_split=12, estimator__n_estimators=68; total time=   0.0s
[CV] END estimator__criterion=squared_error, estimator__learning_rate=1.0, estimator__max_depth=18, estimator__min_samples_split=14, estimator__n_estimators=68; total time=   0.0s
[CV] END estimator__criterion=squared_error, estimator__learning_rate=1.0, estimator__max_depth=18, estimator__min_samples_split=18, estimator__n_estimators=20; total time=   0.0s
[CV] END estimator__criterion=squared_error, estimator__learning_rate=1.0, estimator__max_depth=18, estimator__min_samples_split=18, estimator__n_estimators=52; total time=   0.0s
[CV] END estimator__criterion=squared_error, estimator__learning_rate=0.01, estimator__max_depth=18, estimator__min_samples_split=18, estimator__n_estimators=52; total time=   0.0s
[CV] END estimator__criterion=squared_error, estimator__learning_rate=0.01, estimator__max_depth=18, estimator__min_samples_split=18, estimator__n_estimators=52; total time=   0.0s
[CV] END estimator__criterion=squared_error, estimator__learning_rate=0.01, estimator__max_depth=18, estimator__min_samples_split=18, estimator__n_estimators=52; total time=   0.0s
[CV] END estimator__criterion=squared_error, estimator__learning_rate=0.01, estimator__max_depth=18, estimator__min_samples_split=18, estimator__n_estimators=52; total time=   0.0s
[CV] END estimator__criterion=squared_error, estimator__learning_rate=0.1, estimator__max_depth=14, estimator__min_samples_split=18, estimator__n_estimators=84; total time=   0.0s
[CV] END estimator__criterion=squared_error, estimator__learning_rate=0.1, estimator__max_depth=14, estimator__min_samples_split=18, estimator__n_estimators=84; total time=   0.0s
[CV] END estimator__criterion=squared_error, estimator__learning_rate=0.1, estimator__max_depth=14, estimator__min_samples_split=18, estimator__n_estimators=84; total time=   0.0s
[CV] END estimator__criterion=squared_error, estimator__learning_rate=0.1, estimator__max_depth=15, estimator__min_samples_split=10, estimator__n_estimators=20; total time=   0.0s
[CV] END estimator__criterion=squared_error, estimator__learning_rate=0.1, estimator__max_depth=16, estimator__min_samples_split=12, estimator__n_estimators=52; total time=   0.0s
[CV] END estimator__criterion=squared_error, estimator__learning_rate=0.1, estimator__max_depth=16, estimator__min_samples_split=12, estimator__n_estimators=52; total time=   0.0s
[CV] END estimator__criterion=squared_error, estimator__learning_rate=0.1, estimator__max_depth=16, estimator__min_samples_split=12, estimator__n_estimators=52; total time=   0.0s
[CV] END estimator__criterion=squared_error, estimator__learning_rate=0.1, estimator__max_depth=16, estimator__min_samples_split=12, estimator__n_estimators=52; total time=   0.0s
[CV] END estimator__criterion=squared_error, estimator__learning_rate=0.1, estimator__max_depth=17, estimator__min_samples_split=12, estimator__n_estimators=68; total time=   0.0s
[CV] END estimator__criterion=squared_error, estimator__learning_rate=0.1, estimator__max_depth=17, estimator__min_samples_split=12, estimator__n_estimators=68; total time=   0.0s
[CV] END estimator__criterion=squared_error, estimator__learning_rate=0.1, estimator__max_depth=17, estimator__min_samples_split=12, estimator__n_estimators=84; total time=   0.0s
[CV] END estimator__criterion=squared_error, estimator__learning_rate=0.1, estimator__max_depth=17, estimator__min_samples_split=12, estimator__n_estimators=84; total time=   0.0s
[CV] END estimator__criterion=squared_error, estimator__learning_rate=0.1, estimator__max_depth=18, estimator__min_samples_split=16, estimator__n_estimators=68; total time=   0.0s
[CV] END estimator__criterion=squared_error, estimator__learning_rate=0.1, estimator__max_depth=18, estimator__min_samples_split=16, estimator__n_estimators=68; total time=   0.0s
[CV] END estimator__criterion=squared_error, estimator__learning_rate=0.1, estimator__max_depth=18, estimator__min_samples_split=16, estimator__n_estimators=68; total time=   0.0s
[CV] END estimator__criterion=squared_error, estimator__learning_rate=0.1, estimator__max_depth=18, estimator__min_samples_split=16, estimator__n_estimators=68; total time=   0.0s
[CV] END estimator__criterion=squared_error, estimator__learning_rate=1.0, estimator__max_depth=14, estimator__min_samples_split=18, estimator__n_estimators=52; total time=   0.0s
[CV] END estimator__criterion=squared_error, estimator__learning_rate=1.0, estimator__max_depth=14, estimator__min_samples_split=18, estimator__n_estimators=52; total time=   0.0s
[CV] END estimator__criterion=squared_error, estimator__learning_rate=1.0, estimator__max_depth=14, estimator__min_samples_split=18, estimator__n_estimators=68; total time=   0.0s
[CV] END estimator__criterion=squared_error, estimator__learning_rate=1.0, estimator__max_depth=14, estimator__min_samples_split=18, estimator__n_estimators=68; total time=   0.0s
[CV] END estimator__criterion=squared_error, estimator__learning_rate=1.0, estimator__max_depth=15, estimator__min_samples_split=18, estimator__n_estimators=36; total time=   0.0s
[CV] END estimator__criterion=squared_error, estimator__learning_rate=1.0, estimator__max_depth=15, estimator__min_samples_split=18, estimator__n_estimators=36; total time=   0.0s
[CV] END estimator__criterion=squared_error, estimator__learning_rate=1.0, estimator__max_depth=15, estimator__min_samples_split=18, estimator__n_estimators=52; total time=   0.0s
[CV] END estimator__criterion=squared_error, estimator__learning_rate=1.0, estimator__max_depth=15, estimator__min_samples_split=18, estimator__n_estimators=52; total time=   0.0s
[CV] END estimator__criterion=squared_error, estimator__learning_rate=1.0, estimator__max_depth=16, estimator__min_samples_split=16, estimator__n_estimators=52; total time=   0.0s
[CV] END estimator__criterion=squared_error, estimator__learning_rate=1.0, estimator__max_depth=16, estimator__min_samples_split=16, estimator__n_estimators=52; total time=   0.0s
[CV] END estimator__criterion=squared_error, estimator__learning_rate=1.0, estimator__max_depth=16, estimator__min_samples_split=16, estimator__n_estimators=52; total time=   0.0s
[CV] END estimator__criterion=squared_error, estimator__learning_rate=1.0, estimator__max_depth=16, estimator__min_samples_split=16, estimator__n_estimators=68; total time=   0.0s
[CV] END estimator__criterion=squared_error, estimator__learning_rate=1.0, estimator__max_depth=17, estimator__min_samples_split=16, estimator__n_estimators=84; total time=   0.0s
[CV] END estimator__criterion=squared_error, estimator__learning_rate=1.0, estimator__max_depth=17, estimator__min_samples_split=16, estimator__n_estimators=84; total time=   0.0s
[CV] END estimator__criterion=squared_error, estimator__learning_rate=1.0, estimator__max_depth=17, estimator__min_samples_split=18, estimator__n_estimators=20; total time=   0.0s
[CV] END estimator__criterion=squared_error, estimator__learning_rate=1.0, estimator__max_depth=17, estimator__min_samples_split=18, estimator__n_estimators=20; total time=   0.0s
[CV] END estimator__criterion=squared_error, estimator__learning_rate=1.0, estimator__max_depth=18, estimator__min_samples_split=14, estimator__n_estimators=20; total time=   0.0s
[CV] END estimator__criterion=squared_error, estimator__learning_rate=1.0, estimator__max_depth=18, estimator__min_samples_split=14, estimator__n_estimators=68; total time=   0.0s
[CV] END estimator__criterion=squared_error, estimator__learning_rate=1.0, estimator__max_depth=18, estimator__min_samples_split=18, estimator__n_estimators=20; total time=   0.0s
[CV] END estimator__criterion=squared_error, estimator__learning_rate=1.0, estimator__max_depth=18, estimator__min_samples_split=18, estimator__n_estimators=52; total time=   0.0s
[CV] END estimator__criterion=squared_error, estimator__learning_rate=0.1, estimator__max_depth=17, estimator__min_samples_split=10, estimator__n_estimators=84; total time=   0.0s
[CV] END estimator__criterion=squared_error, estimator__learning_rate=0.1, estimator__max_depth=18, estimator__min_samples_split=18, estimator__n_estimators=20; total time=   0.0s
[CV] END estimator__criterion=squared_error, estimator__learning_rate=0.1, estimator__max_depth=18, estimator__min_samples_split=18, estimator__n_estimators=20; total time=   0.0s
[CV] END estimator__criterion=squared_error, estimator__learning_rate=0.1, estimator__max_depth=18, estimator__min_samples_split=18, estimator__n_estimators=20; total time=   0.0s
[CV] END estimator__criterion=squared_error, estimator__learning_rate=0.1, estimator__max_depth=18, estimator__min_samples_split=18, estimator__n_estimators=36; total time=   0.0s
[CV] END estimator__criterion=squared_error, estimator__learning_rate=1.0, estimator__max_depth=14, estimator__min_samples_split=14, estimator__n_estimators=20; total time=   0.0s
[CV] END estimator__criterion=squared_error, estimator__learning_rate=1.0, estimator__max_depth=14, estimator__min_samples_split=14, estimator__n_estimators=20; total time=   0.0s
[CV] END estimator__criterion=squared_error, estimator__learning_rate=1.0, estimator__max_depth=14, estimator__min_samples_split=14, estimator__n_estimators=36; total time=   0.0s
[CV] END estimator__criterion=squared_error, estimator__learning_rate=1.0, estimator__max_depth=14, estimator__min_samples_split=14, estimator__n_estimators=36; total time=   0.0s
[CV] END estimator__criterion=squared_error, estimator__learning_rate=1.0, estimator__max_depth=14, estimator__min_samples_split=18, estimator__n_estimators=68; total time=   0.0s
[CV] END estimator__criterion=squared_error, estimator__learning_rate=1.0, estimator__max_depth=14, estimator__min_samples_split=18, estimator__n_estimators=68; total time=   0.0s
[CV] END estimator__criterion=squared_error, estimator__learning_rate=1.0, estimator__max_depth=14, estimator__min_samples_split=18, estimator__n_estimators=68; total time=   0.0s
[CV] END estimator__criterion=squared_error, estimator__learning_rate=1.0, estimator__max_depth=14, estimator__min_samples_split=18, estimator__n_estimators=84; total time=   0.0s
[CV] END estimator__criterion=squared_error, estimator__learning_rate=1.0, estimator__max_depth=16, estimator__min_samples_split=12, estimator__n_estimators=68; total time=   0.0s
[CV] END estimator__criterion=squared_error, estimator__learning_rate=1.0, estimator__max_depth=16, estimator__min_samples_split=12, estimator__n_estimators=68; total time=   0.0s
[CV] END estimator__criterion=squared_error, estimator__learning_rate=1.0, estimator__max_depth=16, estimator__min_samples_split=12, estimator__n_estimators=84; total time=   0.0s
[CV] END estimator__criterion=squared_error, estimator__learning_rate=1.0, estimator__max_depth=16, estimator__min_samples_split=12, estimator__n_estimators=84; total time=   0.0s
[CV] END estimator__criterion=squared_error, estimator__learning_rate=1.0, estimator__max_depth=17, estimator__min_samples_split=16, estimator__n_estimators=68; total time=   0.0s
[CV] END estimator__criterion=squared_error, estimator__learning_rate=1.0, estimator__max_depth=17, estimator__min_samples_split=16, estimator__n_estimators=68; total time=   0.0s
[CV] END estimator__criterion=squared_error, estimator__learning_rate=1.0, estimator__max_depth=17, estimator__min_samples_split=16, estimator__n_estimators=68; total time=   0.0s
[CV] END estimator__criterion=squared_error, estimator__learning_rate=1.0, estimator__max_depth=17, estimator__min_samples_split=16, estimator__n_estimators=68; total time=   0.0s
[CV] END estimator__criterion=squared_error, estimator__learning_rate=1.0, estimator__max_depth=18, estimator__min_samples_split=16, estimator__n_estimators=36; total time=   0.0s
[CV] END estimator__criterion=squared_error, estimator__learning_rate=1.0, estimator__max_depth=18, estimator__min_samples_split=16, estimator__n_estimators=84; total time=   0.0s
[CV] END estimator__criterion=squared_error, estimator__learning_rate=0.1, estimator__max_depth=18, estimator__min_samples_split=14, estimator__n_estimators=36; total time=   0.0s
[CV] END estimator__criterion=squared_error, estimator__learning_rate=0.1, estimator__max_depth=18, estimator__min_samples_split=14, estimator__n_estimators=52; total time=   0.0s
[CV] END estimator__criterion=squared_error, estimator__learning_rate=0.1, estimator__max_depth=18, estimator__min_samples_split=14, estimator__n_estimators=52; total time=   0.0s
[CV] END estimator__criterion=squared_error, estimator__learning_rate=1.0, estimator__max_depth=14, estimator__min_samples_split=12, estimator__n_estimators=84; total time=   0.0s
[CV] END estimator__criterion=squared_error, estimator__learning_rate=1.0, estimator__max_depth=14, estimator__min_samples_split=12, estimator__n_estimators=84; total time=   0.0s
[CV] END estimator__criterion=squared_error, estimator__learning_rate=1.0, estimator__max_depth=14, estimator__min_samples_split=12, estimator__n_estimators=84; total time=   0.0s
[CV] END estimator__criterion=squared_error, estimator__learning_rate=1.0, estimator__max_depth=14, estimator__min_samples_split=12, estimator__n_estimators=84; total time=   0.0s
[CV] END estimator__criterion=squared_error, estimator__learning_rate=1.0, estimator__max_depth=15, estimator__min_samples_split=16, estimator__n_estimators=36; total time=   0.0s
[CV] END estimator__criterion=squared_error, estimator__learning_rate=1.0, estimator__max_depth=15, estimator__min_samples_split=16, estimator__n_estimators=52; total time=   0.0s
[CV] END estimator__criterion=squared_error, estimator__learning_rate=1.0, estimator__max_depth=15, estimator__min_samples_split=16, estimator__n_estimators=52; total time=   0.0s
[CV] END estimator__criterion=squared_error, estimator__learning_rate=1.0, estimator__max_depth=15, estimator__min_samples_split=16, estimator__n_estimators=52; total time=   0.0s
[CV] END estimator__criterion=squared_error, estimator__learning_rate=1.0, estimator__max_depth=16, estimator__min_samples_split=16, estimator__n_estimators=20; total time=   0.0s
[CV] END estimator__criterion=squared_error, estimator__learning_rate=1.0, estimator__max_depth=16, estimator__min_samples_split=16, estimator__n_estimators=36; total time=   0.0s
[CV] END estimator__criterion=squared_error, estimator__learning_rate=1.0, estimator__max_depth=16, estimator__min_samples_split=16, estimator__n_estimators=36; total time=   0.0s
[CV] END estimator__criterion=squared_error, estimator__learning_rate=1.0, estimator__max_depth=16, estimator__min_samples_split=16, estimator__n_estimators=36; total time=   0.0s
[CV] END estimator__criterion=squared_error, estimator__learning_rate=1.0, estimator__max_depth=17, estimator__min_samples_split=10, estimator__n_estimators=84; total time=   0.0s
[CV] END estimator__criterion=squared_error, estimator__learning_rate=1.0, estimator__max_depth=17, estimator__min_samples_split=10, estimator__n_estimators=84; total time=   0.0s
[CV] END estimator__criterion=squared_error, estimator__learning_rate=1.0, estimator__max_depth=17, estimator__min_samples_split=10, estimator__n_estimators=84; total time=   0.0s
[CV] END estimator__criterion=squared_error, estimator__learning_rate=1.0, estimator__max_depth=17, estimator__min_samples_split=12, estimator__n_estimators=20; total time=   0.0s
[CV] END estimator__criterion=squared_error, estimator__learning_rate=1.0, estimator__max_depth=18, estimator__min_samples_split=12, estimator__n_estimators=52; total time=   0.0s
[CV] END estimator__criterion=squared_error, estimator__learning_rate=1.0, estimator__max_depth=18, estimator__min_samples_split=14, estimator__n_estimators=20; total time=   0.0s
[CV] END estimator__criterion=squared_error, estimator__learning_rate=1.0, estimator__max_depth=18, estimator__min_samples_split=14, estimator__n_estimators=52; total time=   0.0s
[CV] END estimator__criterion=squared_error, estimator__learning_rate=1.0, estimator__max_depth=18, estimator__min_samples_split=16, estimator__n_estimators=36; total time=   0.0s
[CV] END estimator__criterion=squared_error, estimator__learning_rate=1.0, estimator__max_depth=18, estimator__min_samples_split=18, estimator__n_estimators=20; total time=   0.0s
[CV] END estimator__criterion=squared_error, estimator__learning_rate=1.0, estimator__max_depth=18, estimator__min_samples_split=18, estimator__n_estimators=52; total time=   0.0s
[CV] END estimator__criterion=squared_error, estimator__learning_rate=1.0, estimator__max_depth=17, estimator__min_samples_split=16, estimator__n_estimators=68; total time=   0.0s
[CV] END estimator__criterion=squared_error, estimator__learning_rate=1.0, estimator__max_depth=17, estimator__min_samples_split=16, estimator__n_estimators=84; total time=   0.0s
[CV] END estimator__criterion=squared_error, estimator__learning_rate=1.0, estimator__max_depth=17, estimator__min_samples_split=16, estimator__n_estimators=84; total time=   0.0s
[CV] END estimator__criterion=squared_error, estimator__learning_rate=1.0, estimator__max_depth=17, estimator__min_samples_split=16, estimator__n_estimators=84; total time=   0.0s
[CV] END estimator__criterion=squared_error, estimator__learning_rate=1.0, estimator__max_depth=18, estimator__min_samples_split=16, estimator__n_estimators=84; total time=   0.0s
[CV] END estimator__criterion=squared_error, estimator__learning_rate=0.1, estimator__max_depth=15, estimator__min_samples_split=12, estimator__n_estimators=20; total time=   0.0s
[CV] END estimator__criterion=squared_error, estimator__learning_rate=0.1, estimator__max_depth=15, estimator__min_samples_split=12, estimator__n_estimators=20; total time=   0.0s
[CV] END estimator__criterion=squared_error, estimator__learning_rate=0.1, estimator__max_depth=15, estimator__min_samples_split=12, estimator__n_estimators=20; total time=   0.0s
[CV] END estimator__criterion=squared_error, estimator__learning_rate=0.1, estimator__max_depth=15, estimator__min_samples_split=12, estimator__n_estimators=20; total time=   0.0s
[CV] END estimator__criterion=squared_error, estimator__learning_rate=0.1, estimator__max_depth=15, estimator__min_samples_split=16, estimator__n_estimators=52; total time=   0.0s
[CV] END estimator__criterion=squared_error, estimator__learning_rate=0.1, estimator__max_depth=15, estimator__min_samples_split=16, estimator__n_estimators=52; total time=   0.0s
[CV] END estimator__criterion=squared_error, estimator__learning_rate=0.1, estimator__max_depth=15, estimator__min_samples_split=16, estimator__n_estimators=52; total time=   0.0s
[CV] END estimator__criterion=squared_error, estimator__learning_rate=0.1, estimator__max_depth=15, estimator__min_samples_split=16, estimator__n_estimators=52; total time=   0.0s
[CV] END estimator__criterion=squared_error, estimator__learning_rate=0.1, estimator__max_depth=16, estimator__min_samples_split=16, estimator__n_estimators=36; total time=   0.0s
[CV] END estimator__criterion=squared_error, estimator__learning_rate=0.1, estimator__max_depth=16, estimator__min_samples_split=16, estimator__n_estimators=36; total time=   0.0s
[CV] END estimator__criterion=squared_error, estimator__learning_rate=0.1, estimator__max_depth=16, estimator__min_samples_split=16, estimator__n_estimators=36; total time=   0.0s
[CV] END estimator__criterion=squared_error, estimator__learning_rate=0.1, estimator__max_depth=16, estimator__min_samples_split=16, estimator__n_estimators=36; total time=   0.0s
[CV] END estimator__criterion=squared_error, estimator__learning_rate=0.1, estimator__max_depth=17, estimator__min_samples_split=12, estimator__n_estimators=52; total time=   0.0s
[CV] END estimator__criterion=squared_error, estimator__learning_rate=0.1, estimator__max_depth=17, estimator__min_samples_split=12, estimator__n_estimators=68; total time=   0.0s
[CV] END estimator__criterion=squared_error, estimator__learning_rate=0.1, estimator__max_depth=17, estimator__min_samples_split=12, estimator__n_estimators=68; total time=   0.0s
[CV] END estimator__criterion=squared_error, estimator__learning_rate=0.1, estimator__max_depth=17, estimator__min_samples_split=12, estimator__n_estimators=68; total time=   0.0s
[CV] END estimator__criterion=squared_error, estimator__learning_rate=0.1, estimator__max_depth=18, estimator__min_samples_split=14, estimator__n_estimators=52; total time=   0.0s
[CV] END estimator__criterion=squared_error, estimator__learning_rate=0.1, estimator__max_depth=18, estimator__min_samples_split=14, estimator__n_estimators=52; total time=   0.0s
[CV] END estimator__criterion=squared_error, estimator__learning_rate=0.1, estimator__max_depth=18, estimator__min_samples_split=14, estimator__n_estimators=52; total time=   0.0s
[CV] END estimator__criterion=squared_error, estimator__learning_rate=0.1, estimator__max_depth=18, estimator__min_samples_split=14, estimator__n_estimators=68; total time=   0.0s
[CV] END estimator__criterion=squared_error, estimator__learning_rate=1.0, estimator__max_depth=14, estimator__min_samples_split=14, estimator__n_estimators=68; total time=   0.0s
[CV] END estimator__criterion=squared_error, estimator__learning_rate=1.0, estimator__max_depth=14, estimator__min_samples_split=14, estimator__n_estimators=84; total time=   0.0s
[CV] END estimator__criterion=squared_error, estimator__learning_rate=1.0, estimator__max_depth=14, estimator__min_samples_split=14, estimator__n_estimators=84; total time=   0.0s
[CV] END estimator__criterion=squared_error, estimator__learning_rate=1.0, estimator__max_depth=14, estimator__min_samples_split=14, estimator__n_estimators=84; total time=   0.0s
[CV] END estimator__criterion=squared_error, estimator__learning_rate=1.0, estimator__max_depth=15, estimator__min_samples_split=18, estimator__n_estimators=84; total time=   0.0s
[CV] END estimator__criterion=squared_error, estimator__learning_rate=1.0, estimator__max_depth=16, estimator__min_samples_split=10, estimator__n_estimators=20; total time=   0.0s
[CV] END estimator__criterion=squared_error, estimator__learning_rate=1.0, estimator__max_depth=16, estimator__min_samples_split=10, estimator__n_estimators=20; total time=   0.0s
[CV] END estimator__criterion=squared_error, estimator__learning_rate=1.0, estimator__max_depth=16, estimator__min_samples_split=10, estimator__n_estimators=20; total time=   0.0s
[CV] END estimator__criterion=squared_error, estimator__learning_rate=1.0, estimator__max_depth=16, estimator__min_samples_split=16, estimator__n_estimators=68; total time=   0.0s
[CV] END estimator__criterion=squared_error, estimator__learning_rate=1.0, estimator__max_depth=16, estimator__min_samples_split=16, estimator__n_estimators=68; total time=   0.0s
[CV] END estimator__criterion=squared_error, estimator__learning_rate=1.0, estimator__max_depth=16, estimator__min_samples_split=16, estimator__n_estimators=68; total time=   0.0s
[CV] END estimator__criterion=squared_error, estimator__learning_rate=1.0, estimator__max_depth=16, estimator__min_samples_split=16, estimator__n_estimators=68; total time=   0.0s
[CV] END estimator__criterion=squared_error, estimator__learning_rate=1.0, estimator__max_depth=18, estimator__min_samples_split=10, estimator__n_estimators=36; total time=   0.0s
[CV] END estimator__criterion=squared_error, estimator__learning_rate=1.0, estimator__max_depth=18, estimator__min_samples_split=10, estimator__n_estimators=36; total time=   0.0s
[CV] END estimator__criterion=squared_error, estimator__learning_rate=1.0, estimator__max_depth=18, estimator__min_samples_split=10, estimator__n_estimators=36; total time=   0.0s
[CV] END estimator__criterion=squared_error, estimator__learning_rate=1.0, estimator__max_depth=18, estimator__min_samples_split=10, estimator__n_estimators=36; total time=   0.0s
[CV] END estimator__criterion=squared_error, estimator__learning_rate=1.0, estimator__max_depth=18, estimator__min_samples_split=14, estimator__n_estimators=68; total time=   0.0s
[CV] END estimator__criterion=squared_error, estimator__learning_rate=1.0, estimator__max_depth=18, estimator__min_samples_split=16, estimator__n_estimators=84; total time=   0.0s
[CV] END estimator__criterion=squared_error, estimator__learning_rate=1.0, estimator__max_depth=14, estimator__min_samples_split=10, estimator__n_estimators=52; total time=   0.0s
[CV] END estimator__criterion=squared_error, estimator__learning_rate=1.0, estimator__max_depth=14, estimator__min_samples_split=10, estimator__n_estimators=52; total time=   0.0s
[CV] END estimator__criterion=squared_error, estimator__learning_rate=1.0, estimator__max_depth=14, estimator__min_samples_split=10, estimator__n_estimators=52; total time=   0.0s
[CV] END estimator__criterion=squared_error, estimator__learning_rate=1.0, estimator__max_depth=15, estimator__min_samples_split=12, estimator__n_estimators=20; total time=   0.0s
[CV] END estimator__criterion=squared_error, estimator__learning_rate=1.0, estimator__max_depth=15, estimator__min_samples_split=12, estimator__n_estimators=20; total time=   0.0s
[CV] END estimator__criterion=squared_error, estimator__learning_rate=1.0, estimator__max_depth=15, estimator__min_samples_split=12, estimator__n_estimators=36; total time=   0.0s
[CV] END estimator__criterion=squared_error, estimator__learning_rate=1.0, estimator__max_depth=15, estimator__min_samples_split=12, estimator__n_estimators=36; total time=   0.0s
[CV] END estimator__criterion=squared_error, estimator__learning_rate=1.0, estimator__max_depth=15, estimator__min_samples_split=18, estimator__n_estimators=20; total time=   0.0s
[CV] END estimator__criterion=squared_error, estimator__learning_rate=1.0, estimator__max_depth=15, estimator__min_samples_split=18, estimator__n_estimators=36; total time=   0.0s
[CV] END estimator__criterion=squared_error, estimator__learning_rate=1.0, estimator__max_depth=15, estimator__min_samples_split=18, estimator__n_estimators=36; total time=   0.0s
[CV] END estimator__criterion=squared_error, estimator__learning_rate=1.0, estimator__max_depth=15, estimator__min_samples_split=18, estimator__n_estimators=36; total time=   0.0s
[CV] END estimator__criterion=squared_error, estimator__learning_rate=1.0, estimator__max_depth=16, estimator__min_samples_split=14, estimator__n_estimators=36; total time=   0.0s
[CV] END estimator__criterion=squared_error, estimator__learning_rate=1.0, estimator__max_depth=16, estimator__min_samples_split=14, estimator__n_estimators=52; total time=   0.0s
[CV] END estimator__criterion=squared_error, estimator__learning_rate=1.0, estimator__max_depth=16, estimator__min_samples_split=14, estimator__n_estimators=52; total time=   0.0s
[CV] END estimator__criterion=squared_error, estimator__learning_rate=1.0, estimator__max_depth=16, estimator__min_samples_split=14, estimator__n_estimators=52; total time=   0.0s
[CV] END estimator__criterion=squared_error, estimator__learning_rate=1.0, estimator__max_depth=17, estimator__min_samples_split=14, estimator__n_estimators=68; total time=   0.0s
[CV] END estimator__criterion=squared_error, estimator__learning_rate=1.0, estimator__max_depth=17, estimator__min_samples_split=14, estimator__n_estimators=68; total time=   0.0s
[CV] END estimator__criterion=squared_error, estimator__learning_rate=1.0, estimator__max_depth=17, estimator__min_samples_split=14, estimator__n_estimators=68; total time=   0.0s
[CV] END estimator__criterion=squared_error, estimator__learning_rate=1.0, estimator__max_depth=17, estimator__min_samples_split=14, estimator__n_estimators=68; total time=   0.0s
[CV] END estimator__criterion=squared_error, estimator__learning_rate=1.0, estimator__max_depth=18, estimator__min_samples_split=14, estimator__n_estimators=36; total time=   0.0s
[CV] END estimator__criterion=squared_error, estimator__learning_rate=1.0, estimator__max_depth=18, estimator__min_samples_split=14, estimator__n_estimators=84; total time=   0.0s
[CV] END estimator__criterion=squared_error, estimator__learning_rate=1.0, estimator__max_depth=18, estimator__min_samples_split=18, estimator__n_estimators=68; total time=   0.0s
[CV] END estimator__criterion=squared_error, estimator__learning_rate=1.0, estimator__max_depth=14, estimator__min_samples_split=10, estimator__n_estimators=20; total time=   0.0s
[CV] END estimator__criterion=squared_error, estimator__learning_rate=1.0, estimator__max_depth=14, estimator__min_samples_split=10, estimator__n_estimators=20; total time=   0.0s
[CV] END estimator__criterion=squared_error, estimator__learning_rate=1.0, estimator__max_depth=14, estimator__min_samples_split=10, estimator__n_estimators=20; total time=   0.0s
[CV] END estimator__criterion=squared_error, estimator__learning_rate=1.0, estimator__max_depth=14, estimator__min_samples_split=14, estimator__n_estimators=84; total time=   0.0s
[CV] END estimator__criterion=squared_error, estimator__learning_rate=1.0, estimator__max_depth=14, estimator__min_samples_split=14, estimator__n_estimators=84; total time=   0.0s
[CV] END estimator__criterion=squared_error, estimator__learning_rate=1.0, estimator__max_depth=14, estimator__min_samples_split=16, estimator__n_estimators=20; total time=   0.0s
[CV] END estimator__criterion=squared_error, estimator__learning_rate=1.0, estimator__max_depth=14, estimator__min_samples_split=16, estimator__n_estimators=20; total time=   0.0s
[CV] END estimator__criterion=squared_error, estimator__learning_rate=1.0, estimator__max_depth=15, estimator__min_samples_split=16, estimator__n_estimators=20; total time=   0.0s
[CV] END estimator__criterion=squared_error, estimator__learning_rate=1.0, estimator__max_depth=15, estimator__min_samples_split=16, estimator__n_estimators=20; total time=   0.0s
[CV] END estimator__criterion=squared_error, estimator__learning_rate=1.0, estimator__max_depth=15, estimator__min_samples_split=16, estimator__n_estimators=20; total time=   0.0s
[CV] END estimator__criterion=squared_error, estimator__learning_rate=1.0, estimator__max_depth=15, estimator__min_samples_split=16, estimator__n_estimators=20; total time=   0.0s
[CV] END estimator__criterion=squared_error, estimator__learning_rate=1.0, estimator__max_depth=16, estimator__min_samples_split=10, estimator__n_estimators=84; total time=   0.0s
[CV] END estimator__criterion=squared_error, estimator__learning_rate=1.0, estimator__max_depth=16, estimator__min_samples_split=10, estimator__n_estimators=84; total time=   0.0s
[CV] END estimator__criterion=squared_error, estimator__learning_rate=1.0, estimator__max_depth=16, estimator__min_samples_split=12, estimator__n_estimators=20; total time=   0.0s
[CV] END estimator__criterion=squared_error, estimator__learning_rate=1.0, estimator__max_depth=16, estimator__min_samples_split=12, estimator__n_estimators=20; total time=   0.0s
[CV] END estimator__criterion=squared_error, estimator__learning_rate=1.0, estimator__max_depth=17, estimator__min_samples_split=12, estimator__n_estimators=68; total time=   0.0s
[CV] END estimator__criterion=squared_error, estimator__learning_rate=1.0, estimator__max_depth=17, estimator__min_samples_split=12, estimator__n_estimators=68; total time=   0.0s
[CV] END estimator__criterion=squared_error, estimator__learning_rate=1.0, estimator__max_depth=17, estimator__min_samples_split=12, estimator__n_estimators=68; total time=   0.0s
[CV] END estimator__criterion=squared_error, estimator__learning_rate=1.0, estimator__max_depth=17, estimator__min_samples_split=12, estimator__n_estimators=84; total time=   0.0s
[CV] END estimator__criterion=squared_error, estimator__learning_rate=1.0, estimator__max_depth=18, estimator__min_samples_split=14, estimator__n_estimators=36; total time=   0.0s
[CV] END estimator__criterion=squared_error, estimator__learning_rate=1.0, estimator__max_depth=18, estimator__min_samples_split=14, estimator__n_estimators=84; total time=   0.0s
[CV] END estimator__criterion=squared_error, estimator__learning_rate=1.0, estimator__max_depth=18, estimator__min_samples_split=18, estimator__n_estimators=68; total time=   0.0s
[CV] END estimator__criterion=squared_error, estimator__learning_rate=1.0, estimator__max_depth=14, estimator__min_samples_split=16, estimator__n_estimators=52; total time=   0.0s
[CV] END estimator__criterion=squared_error, estimator__learning_rate=1.0, estimator__max_depth=14, estimator__min_samples_split=16, estimator__n_estimators=52; total time=   0.0s
[CV] END estimator__criterion=squared_error, estimator__learning_rate=1.0, estimator__max_depth=14, estimator__min_samples_split=16, estimator__n_estimators=52; total time=   0.0s
[CV] END estimator__criterion=squared_error, estimator__learning_rate=1.0, estimator__max_depth=15, estimator__min_samples_split=16, estimator__n_estimators=84; total time=   0.0s
[CV] END estimator__criterion=squared_error, estimator__learning_rate=1.0, estimator__max_depth=15, estimator__min_samples_split=16, estimator__n_estimators=84; total time=   0.0s
[CV] END estimator__criterion=squared_error, estimator__learning_rate=1.0, estimator__max_depth=15, estimator__min_samples_split=16, estimator__n_estimators=84; total time=   0.0s
[CV] END estimator__criterion=squared_error, estimator__learning_rate=1.0, estimator__max_depth=15, estimator__min_samples_split=16, estimator__n_estimators=84; total time=   0.0s
[CV] END estimator__criterion=squared_error, estimator__learning_rate=1.0, estimator__max_depth=17, estimator__min_samples_split=14, estimator__n_estimators=20; total time=   0.0s
[CV] END estimator__criterion=squared_error, estimator__learning_rate=1.0, estimator__max_depth=17, estimator__min_samples_split=14, estimator__n_estimators=20; total time=   0.0s
[CV] END estimator__criterion=squared_error, estimator__learning_rate=1.0, estimator__max_depth=17, estimator__min_samples_split=14, estimator__n_estimators=20; total time=   0.0s
[CV] END estimator__criterion=squared_error, estimator__learning_rate=1.0, estimator__max_depth=17, estimator__min_samples_split=14, estimator__n_estimators=20; total time=   0.0s
[CV] END estimator__criterion=squared_error, estimator__learning_rate=1.0, estimator__max_depth=17, estimator__min_samples_split=18, estimator__n_estimators=52; total time=   0.0s
[CV] END estimator__criterion=squared_error, estimator__learning_rate=1.0, estimator__max_depth=17, estimator__min_samples_split=18, estimator__n_estimators=52; total time=   0.0s
[CV] END estimator__criterion=squared_error, estimator__learning_rate=1.0, estimator__max_depth=17, estimator__min_samples_split=18, estimator__n_estimators=52; total time=   0.0s
[CV] END estimator__criterion=squared_error, estimator__learning_rate=1.0, estimator__max_depth=17, estimator__min_samples_split=18, estimator__n_estimators=52; total time=   0.0s
[CV] END estimator__criterion=squared_error, estimator__learning_rate=1.0, estimator__max_depth=18, estimator__min_samples_split=14, estimator__n_estimators=52; total time=   0.0s
[CV] END estimator__criterion=squared_error, estimator__learning_rate=1.0, estimator__max_depth=18, estimator__min_samples_split=16, estimator__n_estimators=52; total time=   0.0s
[CV] END estimator__criterion=squared_error, estimator__learning_rate=1.0, estimator__max_depth=18, estimator__min_samples_split=18, estimator__n_estimators=68; total time=   0.0s
[CV] END estimator__criterion=squared_error, estimator__learning_rate=0.1, estimator__max_depth=18, estimator__min_samples_split=12, estimator__n_estimators=20; total time=   0.0s
[CV] END estimator__criterion=squared_error, estimator__learning_rate=1.0, estimator__max_depth=14, estimator__min_samples_split=16, estimator__n_estimators=84; total time=   0.0s
[CV] END estimator__criterion=squared_error, estimator__learning_rate=1.0, estimator__max_depth=14, estimator__min_samples_split=16, estimator__n_estimators=84; total time=   0.0s
[CV] END estimator__criterion=squared_error, estimator__learning_rate=1.0, estimator__max_depth=14, estimator__min_samples_split=16, estimator__n_estimators=84; total time=   0.0s
[CV] END estimator__criterion=squared_error, estimator__learning_rate=1.0, estimator__max_depth=14, estimator__min_samples_split=18, estimator__n_estimators=20; total time=   0.0s
[CV] END estimator__criterion=squared_error, estimator__learning_rate=1.0, estimator__max_depth=16, estimator__min_samples_split=10, estimator__n_estimators=20; total time=   0.0s
[CV] END estimator__criterion=squared_error, estimator__learning_rate=1.0, estimator__max_depth=16, estimator__min_samples_split=10, estimator__n_estimators=20; total time=   0.0s
[CV] END estimator__criterion=squared_error, estimator__learning_rate=1.0, estimator__max_depth=16, estimator__min_samples_split=10, estimator__n_estimators=36; total time=   0.0s
[CV] END estimator__criterion=squared_error, estimator__learning_rate=1.0, estimator__max_depth=16, estimator__min_samples_split=10, estimator__n_estimators=36; total time=   0.0s
[CV] END estimator__criterion=squared_error, estimator__learning_rate=1.0, estimator__max_depth=16, estimator__min_samples_split=16, estimator__n_estimators=36; total time=   0.0s
[CV] END estimator__criterion=squared_error, estimator__learning_rate=1.0, estimator__max_depth=16, estimator__min_samples_split=16, estimator__n_estimators=36; total time=   0.0s
[CV] END estimator__criterion=squared_error, estimator__learning_rate=1.0, estimator__max_depth=16, estimator__min_samples_split=16, estimator__n_estimators=52; total time=   0.0s
[CV] END estimator__criterion=squared_error, estimator__learning_rate=1.0, estimator__max_depth=16, estimator__min_samples_split=16, estimator__n_estimators=52; total time=   0.0s
[CV] END estimator__criterion=squared_error, estimator__learning_rate=1.0, estimator__max_depth=17, estimator__min_samples_split=14, estimator__n_estimators=84; total time=   0.0s
[CV] END estimator__criterion=squared_error, estimator__learning_rate=1.0, estimator__max_depth=17, estimator__min_samples_split=16, estimator__n_estimators=20; total time=   0.0s
[CV] END estimator__criterion=squared_error, estimator__learning_rate=1.0, estimator__max_depth=17, estimator__min_samples_split=16, estimator__n_estimators=20; total time=   0.0s
[CV] END estimator__criterion=squared_error, estimator__learning_rate=1.0, estimator__max_depth=17, estimator__min_samples_split=16, estimator__n_estimators=20; total time=   0.0s
[CV] END estimator__criterion=squared_error, estimator__learning_rate=1.0, estimator__max_depth=18, estimator__min_samples_split=12, estimator__n_estimators=36; total time=   0.0s
[CV] END estimator__criterion=squared_error, estimator__learning_rate=1.0, estimator__max_depth=18, estimator__min_samples_split=12, estimator__n_estimators=68; total time=   0.0s
[CV] END estimator__criterion=squared_error, estimator__learning_rate=1.0, estimator__max_depth=18, estimator__min_samples_split=14, estimator__n_estimators=68; total time=   0.0s
[CV] END estimator__criterion=squared_error, estimator__learning_rate=1.0, estimator__max_depth=18, estimator__min_samples_split=18, estimator__n_estimators=20; total time=   0.0s
[CV] END estimator__criterion=squared_error, estimator__learning_rate=1.0, estimator__max_depth=18, estimator__min_samples_split=18, estimator__n_estimators=68; total time=   0.0s
[CV] END estimator__criterion=squared_error, estimator__learning_rate=0.1, estimator__max_depth=16, estimator__min_samples_split=14, estimator__n_estimators=20; total time=   0.0s
[CV] END estimator__criterion=squared_error, estimator__learning_rate=0.1, estimator__max_depth=17, estimator__min_samples_split=14, estimator__n_estimators=36; total time=   0.0s
[CV] END estimator__criterion=squared_error, estimator__learning_rate=0.1, estimator__max_depth=17, estimator__min_samples_split=14, estimator__n_estimators=52; total time=   0.0s
[CV] END estimator__criterion=squared_error, estimator__learning_rate=0.1, estimator__max_depth=17, estimator__min_samples_split=14, estimator__n_estimators=52; total time=   0.0s
[CV] END estimator__criterion=squared_error, estimator__learning_rate=0.1, estimator__max_depth=17, estimator__min_samples_split=14, estimator__n_estimators=52; total time=   0.0s
[CV] END estimator__criterion=squared_error, estimator__learning_rate=0.1, estimator__max_depth=18, estimator__min_samples_split=12, estimator__n_estimators=84; total time=   0.0s
[CV] END estimator__criterion=squared_error, estimator__learning_rate=0.1, estimator__max_depth=18, estimator__min_samples_split=12, estimator__n_estimators=84; total time=   0.0s
[CV] END estimator__criterion=squared_error, estimator__learning_rate=0.1, estimator__max_depth=18, estimator__min_samples_split=12, estimator__n_estimators=84; total time=   0.0s
[CV] END estimator__criterion=squared_error, estimator__learning_rate=0.1, estimator__max_depth=18, estimator__min_samples_split=12, estimator__n_estimators=84; total time=   0.0s
[CV] END estimator__criterion=squared_error, estimator__learning_rate=1.0, estimator__max_depth=14, estimator__min_samples_split=18, estimator__n_estimators=84; total time=   0.0s
[CV] END estimator__criterion=squared_error, estimator__learning_rate=1.0, estimator__max_depth=14, estimator__min_samples_split=18, estimator__n_estimators=84; total time=   0.0s
[CV] END estimator__criterion=squared_error, estimator__learning_rate=1.0, estimator__max_depth=14, estimator__min_samples_split=18, estimator__n_estimators=84; total time=   0.0s
[CV] END estimator__criterion=squared_error, estimator__learning_rate=1.0, estimator__max_depth=14, estimator__min_samples_split=18, estimator__n_estimators=84; total time=   0.0s
[CV] END estimator__criterion=squared_error, estimator__learning_rate=1.0, estimator__max_depth=16, estimator__min_samples_split=14, estimator__n_estimators=68; total time=   0.0s
[CV] END estimator__criterion=squared_error, estimator__learning_rate=1.0, estimator__max_depth=16, estimator__min_samples_split=14, estimator__n_estimators=68; total time=   0.0s
[CV] END estimator__criterion=squared_error, estimator__learning_rate=1.0, estimator__max_depth=16, estimator__min_samples_split=14, estimator__n_estimators=68; total time=   0.0s
[CV] END estimator__criterion=squared_error, estimator__learning_rate=1.0, estimator__max_depth=16, estimator__min_samples_split=14, estimator__n_estimators=84; total time=   0.0s
[CV] END estimator__criterion=squared_error, estimator__learning_rate=1.0, estimator__max_depth=18, estimator__min_samples_split=10, estimator__n_estimators=20; total time=   0.0s
[CV] END estimator__criterion=squared_error, estimator__learning_rate=1.0, estimator__max_depth=18, estimator__min_samples_split=10, estimator__n_estimators=20; total time=   0.0s
[CV] END estimator__criterion=squared_error, estimator__learning_rate=1.0, estimator__max_depth=18, estimator__min_samples_split=10, estimator__n_estimators=20; total time=   0.0s
[CV] END estimator__criterion=squared_error, estimator__learning_rate=1.0, estimator__max_depth=18, estimator__min_samples_split=10, estimator__n_estimators=20; total time=   0.0s
[CV] END estimator__criterion=squared_error, estimator__learning_rate=1.0, estimator__max_depth=18, estimator__min_samples_split=12, estimator__n_estimators=84; total time=   0.0s
[CV] END estimator__criterion=squared_error, estimator__learning_rate=1.0, estimator__max_depth=18, estimator__min_samples_split=14, estimator__n_estimators=84; total time=   0.0s
[CV] END estimator__criterion=squared_error, estimator__learning_rate=1.0, estimator__max_depth=18, estimator__min_samples_split=18, estimator__n_estimators=68; total time=   0.0s
[CV] END estimator__criterion=squared_error, estimator__learning_rate=0.1, estimator__max_depth=17, estimator__min_samples_split=16, estimator__n_estimators=36; total time=   0.0s
[CV] END estimator__criterion=squared_error, estimator__learning_rate=0.1, estimator__max_depth=17, estimator__min_samples_split=16, estimator__n_estimators=36; total time=   0.0s
[CV] END estimator__criterion=squared_error, estimator__learning_rate=0.1, estimator__max_depth=17, estimator__min_samples_split=16, estimator__n_estimators=36; total time=   0.0s
[CV] END estimator__criterion=squared_error, estimator__learning_rate=0.1, estimator__max_depth=18, estimator__min_samples_split=12, estimator__n_estimators=36; total time=   0.0s
[CV] END estimator__criterion=squared_error, estimator__learning_rate=0.1, estimator__max_depth=18, estimator__min_samples_split=12, estimator__n_estimators=52; total time=   0.0s
[CV] END estimator__criterion=squared_error, estimator__learning_rate=0.1, estimator__max_depth=18, estimator__min_samples_split=12, estimator__n_estimators=52; total time=   0.0s
[CV] END estimator__criterion=squared_error, estimator__learning_rate=0.1, estimator__max_depth=18, estimator__min_samples_split=12, estimator__n_estimators=52; total time=   0.0s
[CV] END estimator__criterion=squared_error, estimator__learning_rate=1.0, estimator__max_depth=14, estimator__min_samples_split=10, estimator__n_estimators=84; total time=   0.0s
[CV] END estimator__criterion=squared_error, estimator__learning_rate=1.0, estimator__max_depth=14, estimator__min_samples_split=10, estimator__n_estimators=84; total time=   0.0s
[CV] END estimator__criterion=squared_error, estimator__learning_rate=1.0, estimator__max_depth=14, estimator__min_samples_split=10, estimator__n_estimators=84; total time=   0.0s
[CV] END estimator__criterion=squared_error, estimator__learning_rate=1.0, estimator__max_depth=14, estimator__min_samples_split=10, estimator__n_estimators=84; total time=   0.0s
[CV] END estimator__criterion=squared_error, estimator__learning_rate=1.0, estimator__max_depth=15, estimator__min_samples_split=18, estimator__n_estimators=84; total time=   0.0s
[CV] END estimator__criterion=squared_error, estimator__learning_rate=1.0, estimator__max_depth=15, estimator__min_samples_split=18, estimator__n_estimators=84; total time=   0.0s
[CV] END estimator__criterion=squared_error, estimator__learning_rate=1.0, estimator__max_depth=15, estimator__min_samples_split=18, estimator__n_estimators=84; total time=   0.0s
[CV] END estimator__criterion=squared_error, estimator__learning_rate=1.0, estimator__max_depth=15, estimator__min_samples_split=18, estimator__n_estimators=84; total time=   0.0s
[CV] END estimator__criterion=squared_error, estimator__learning_rate=1.0, estimator__max_depth=17, estimator__min_samples_split=12, estimator__n_estimators=84; total time=   0.0s
[CV] END estimator__criterion=squared_error, estimator__learning_rate=1.0, estimator__max_depth=17, estimator__min_samples_split=12, estimator__n_estimators=84; total time=   0.0s
[CV] END estimator__criterion=squared_error, estimator__learning_rate=1.0, estimator__max_depth=17, estimator__min_samples_split=12, estimator__n_estimators=84; total time=   0.0s
[CV] END estimator__criterion=squared_error, estimator__learning_rate=1.0, estimator__max_depth=17, estimator__min_samples_split=12, estimator__n_estimators=84; total time=   0.0s
[CV] END estimator__criterion=squared_error, estimator__learning_rate=1.0, estimator__max_depth=18, estimator__min_samples_split=16, estimator__n_estimators=52; total time=   0.0s
[CV] END estimator__criterion=squared_error, estimator__learning_rate=1.0, estimator__max_depth=18, estimator__min_samples_split=18, estimator__n_estimators=84; total time=   0.0s
[CV] END estimator__criterion=squared_error, estimator__learning_rate=0.1, estimator__max_depth=17, estimator__min_samples_split=14, estimator__n_estimators=84; total time=   0.0s
[CV] END estimator__criterion=squared_error, estimator__learning_rate=1.0, estimator__max_depth=14, estimator__min_samples_split=12, estimator__n_estimators=36; total time=   0.0s
[CV] END estimator__criterion=squared_error, estimator__learning_rate=1.0, estimator__max_depth=14, estimator__min_samples_split=12, estimator__n_estimators=36; total time=   0.0s
[CV] END estimator__criterion=squared_error, estimator__learning_rate=1.0, estimator__max_depth=14, estimator__min_samples_split=12, estimator__n_estimators=52; total time=   0.0s
[CV] END estimator__criterion=squared_error, estimator__learning_rate=1.0, estimator__max_depth=14, estimator__min_samples_split=12, estimator__n_estimators=52; total time=   0.0s
[CV] END estimator__criterion=squared_error, estimator__learning_rate=1.0, estimator__max_depth=15, estimator__min_samples_split=12, estimator__n_estimators=68; total time=   0.0s
[CV] END estimator__criterion=squared_error, estimator__learning_rate=1.0, estimator__max_depth=15, estimator__min_samples_split=12, estimator__n_estimators=84; total time=   0.0s
[CV] END estimator__criterion=squared_error, estimator__learning_rate=1.0, estimator__max_depth=15, estimator__min_samples_split=12, estimator__n_estimators=84; total time=   0.0s
[CV] END estimator__criterion=squared_error, estimator__learning_rate=1.0, estimator__max_depth=15, estimator__min_samples_split=12, estimator__n_estimators=84; total time=   0.0s
[CV] END estimator__criterion=squared_error, estimator__learning_rate=1.0, estimator__max_depth=16, estimator__min_samples_split=18, estimator__n_estimators=68; total time=   0.0s
[CV] END estimator__criterion=squared_error, estimator__learning_rate=1.0, estimator__max_depth=16, estimator__min_samples_split=18, estimator__n_estimators=84; total time=   0.0s
[CV] END estimator__criterion=squared_error, estimator__learning_rate=1.0, estimator__max_depth=16, estimator__min_samples_split=18, estimator__n_estimators=84; total time=   0.0s
[CV] END estimator__criterion=squared_error, estimator__learning_rate=1.0, estimator__max_depth=16, estimator__min_samples_split=18, estimator__n_estimators=84; total time=   0.0s
[CV] END estimator__criterion=squared_error, estimator__learning_rate=1.0, estimator__max_depth=18, estimator__min_samples_split=12, estimator__n_estimators=52; total time=   0.0s
[CV] END estimator__criterion=squared_error, estimator__learning_rate=1.0, estimator__max_depth=18, estimator__min_samples_split=14, estimator__n_estimators=36; total time=   0.0s
[CV] END estimator__criterion=squared_error, estimator__learning_rate=1.0, estimator__max_depth=18, estimator__min_samples_split=16, estimator__n_estimators=20; total time=   0.0s
[CV] END estimator__criterion=squared_error, estimator__learning_rate=1.0, estimator__max_depth=18, estimator__min_samples_split=16, estimator__n_estimators=52; total time=   0.0s
[CV] END estimator__criterion=squared_error, estimator__learning_rate=1.0, estimator__max_depth=18, estimator__min_samples_split=18, estimator__n_estimators=84; total time=   0.0s
[CV] END estimator__criterion=squared_error, estimator__learning_rate=1.0, estimator__max_depth=15, estimator__min_samples_split=16, estimator__n_estimators=52; total time=   0.0s
[CV] END estimator__criterion=squared_error, estimator__learning_rate=1.0, estimator__max_depth=15, estimator__min_samples_split=16, estimator__n_estimators=68; total time=   0.0s
[CV] END estimator__criterion=squared_error, estimator__learning_rate=1.0, estimator__max_depth=15, estimator__min_samples_split=16, estimator__n_estimators=68; total time=   0.0s
[CV] END estimator__criterion=squared_error, estimator__learning_rate=1.0, estimator__max_depth=16, estimator__min_samples_split=16, estimator__n_estimators=84; total time=   0.0s
[CV] END estimator__criterion=squared_error, estimator__learning_rate=1.0, estimator__max_depth=16, estimator__min_samples_split=18, estimator__n_estimators=20; total time=   0.0s
[CV] END estimator__criterion=squared_error, estimator__learning_rate=1.0, estimator__max_depth=16, estimator__min_samples_split=18, estimator__n_estimators=20; total time=   0.0s
[CV] END estimator__criterion=squared_error, estimator__learning_rate=1.0, estimator__max_depth=16, estimator__min_samples_split=18, estimator__n_estimators=20; total time=   0.0s
[CV] END estimator__criterion=squared_error, estimator__learning_rate=1.0, estimator__max_depth=17, estimator__min_samples_split=14, estimator__n_estimators=52; total time=   0.0s
[CV] END estimator__criterion=squared_error, estimator__learning_rate=1.0, estimator__max_depth=17, estimator__min_samples_split=14, estimator__n_estimators=52; total time=   0.0s
[CV] END estimator__criterion=squared_error, estimator__learning_rate=1.0, estimator__max_depth=17, estimator__min_samples_split=14, estimator__n_estimators=52; total time=   0.0s
[CV] END estimator__criterion=squared_error, estimator__learning_rate=1.0, estimator__max_depth=17, estimator__min_samples_split=14, estimator__n_estimators=68; total time=   0.0s
[CV] END estimator__criterion=squared_error, estimator__learning_rate=1.0, estimator__max_depth=18, estimator__min_samples_split=12, estimator__n_estimators=68; total time=   0.0s
[CV] END estimator__criterion=squared_error, estimator__learning_rate=1.0, estimator__max_depth=18, estimator__min_samples_split=14, estimator__n_estimators=68; total time=   0.0s
[CV] END estimator__criterion=squared_error, estimator__learning_rate=1.0, estimator__max_depth=18, estimator__min_samples_split=18, estimator__n_estimators=36; total time=   0.0s
[CV] END estimator__criterion=squared_error, estimator__learning_rate=1.0, estimator__max_depth=18, estimator__min_samples_split=18, estimator__n_estimators=84; total time=   0.0s
[CV] END estimator__criterion=squared_error, estimator__learning_rate=1.0, estimator__max_depth=18, estimator__min_samples_split=12, estimator__n_estimators=36; total time=   0.0s
[CV] END estimator__criterion=squared_error, estimator__learning_rate=1.0, estimator__max_depth=18, estimator__min_samples_split=12, estimator__n_estimators=68; total time=   0.0s
[CV] END estimator__criterion=squared_error, estimator__learning_rate=1.0, estimator__max_depth=18, estimator__min_samples_split=14, estimator__n_estimators=84; total time=   0.0s
[CV] END estimator__criterion=squared_error, estimator__learning_rate=1.0, estimator__max_depth=18, estimator__min_samples_split=18, estimator__n_estimators=84; total time=   0.0s
[CV] END estimator__criterion=squared_error, estimator__learning_rate=0.1, estimator__max_depth=15, estimator__min_samples_split=18, estimator__n_estimators=68; total time=   0.0s
[CV] END estimator__criterion=squared_error, estimator__learning_rate=0.1, estimator__max_depth=15, estimator__min_samples_split=18, estimator__n_estimators=68; total time=   0.0s
[CV] END estimator__criterion=squared_error, estimator__learning_rate=0.1, estimator__max_depth=15, estimator__min_samples_split=18, estimator__n_estimators=68; total time=   0.0s
[CV] END estimator__criterion=squared_error, estimator__learning_rate=0.1, estimator__max_depth=15, estimator__min_samples_split=18, estimator__n_estimators=84; total time=   0.0s
[CV] END estimator__criterion=squared_error, estimator__learning_rate=0.1, estimator__max_depth=17, estimator__min_samples_split=12, estimator__n_estimators=36; total time=   0.0s
[CV] END estimator__criterion=squared_error, estimator__learning_rate=0.1, estimator__max_depth=17, estimator__min_samples_split=12, estimator__n_estimators=36; total time=   0.0s
[CV] END estimator__criterion=squared_error, estimator__learning_rate=0.1, estimator__max_depth=17, estimator__min_samples_split=12, estimator__n_estimators=36; total time=   0.0s
[CV] END estimator__criterion=squared_error, estimator__learning_rate=0.1, estimator__max_depth=17, estimator__min_samples_split=12, estimator__n_estimators=36; total time=   0.0s
[CV] END estimator__criterion=squared_error, estimator__learning_rate=0.1, estimator__max_depth=18, estimator__min_samples_split=10, estimator__n_estimators=36; total time=   0.0s
[CV] END estimator__criterion=squared_error, estimator__learning_rate=0.1, estimator__max_depth=18, estimator__min_samples_split=10, estimator__n_estimators=36; total time=   0.0s
[CV] END estimator__criterion=squared_error, estimator__learning_rate=0.1, estimator__max_depth=18, estimator__min_samples_split=10, estimator__n_estimators=36; total time=   0.0s
[CV] END estimator__criterion=squared_error, estimator__learning_rate=0.1, estimator__max_depth=18, estimator__min_samples_split=10, estimator__n_estimators=36; total time=   0.0s
[CV] END estimator__criterion=squared_error, estimator__learning_rate=0.1, estimator__max_depth=18, estimator__min_samples_split=18, estimator__n_estimators=52; total time=   0.0s
[CV] END estimator__criterion=squared_error, estimator__learning_rate=0.1, estimator__max_depth=18, estimator__min_samples_split=18, estimator__n_estimators=52; total time=   0.0s
[CV] END estimator__criterion=squared_error, estimator__learning_rate=0.1, estimator__max_depth=18, estimator__min_samples_split=18, estimator__n_estimators=52; total time=   0.0s
[CV] END estimator__criterion=squared_error, estimator__learning_rate=0.1, estimator__max_depth=18, estimator__min_samples_split=18, estimator__n_estimators=52; total time=   0.0s
[CV] END estimator__criterion=squared_error, estimator__learning_rate=1.0, estimator__max_depth=14, estimator__min_samples_split=18, estimator__n_estimators=36; total time=   0.0s
[CV] END estimator__criterion=squared_error, estimator__learning_rate=1.0, estimator__max_depth=14, estimator__min_samples_split=18, estimator__n_estimators=52; total time=   0.0s
[CV] END estimator__criterion=squared_error, estimator__learning_rate=1.0, estimator__max_depth=14, estimator__min_samples_split=18, estimator__n_estimators=52; total time=   0.0s
[CV] END estimator__criterion=squared_error, estimator__learning_rate=1.0, estimator__max_depth=14, estimator__min_samples_split=18, estimator__n_estimators=52; total time=   0.0s
[CV] END estimator__criterion=squared_error, estimator__learning_rate=1.0, estimator__max_depth=15, estimator__min_samples_split=18, estimator__n_estimators=20; total time=   0.0s
[CV] END estimator__criterion=squared_error, estimator__learning_rate=1.0, estimator__max_depth=15, estimator__min_samples_split=18, estimator__n_estimators=20; total time=   0.0s
[CV] END estimator__criterion=squared_error, estimator__learning_rate=1.0, estimator__max_depth=15, estimator__min_samples_split=18, estimator__n_estimators=20; total time=   0.0s
[CV] END estimator__criterion=squared_error, estimator__learning_rate=1.0, estimator__max_depth=15, estimator__min_samples_split=18, estimator__n_estimators=20; total time=   0.0s
[CV] END estimator__criterion=squared_error, estimator__learning_rate=1.0, estimator__max_depth=16, estimator__min_samples_split=12, estimator__n_estimators=52; total time=   0.0s
[CV] END estimator__criterion=squared_error, estimator__learning_rate=1.0, estimator__max_depth=16, estimator__min_samples_split=12, estimator__n_estimators=68; total time=   0.0s
[CV] END estimator__criterion=squared_error, estimator__learning_rate=1.0, estimator__max_depth=16, estimator__min_samples_split=12, estimator__n_estimators=68; total time=   0.0s
[CV] END estimator__criterion=squared_error, estimator__learning_rate=1.0, estimator__max_depth=16, estimator__min_samples_split=12, estimator__n_estimators=68; total time=   0.0s
[CV] END estimator__criterion=squared_error, estimator__learning_rate=1.0, estimator__max_depth=17, estimator__min_samples_split=14, estimator__n_estimators=36; total time=   0.0s
[CV] END estimator__criterion=squared_error, estimator__learning_rate=1.0, estimator__max_depth=17, estimator__min_samples_split=14, estimator__n_estimators=36; total time=   0.0s
[CV] END estimator__criterion=squared_error, estimator__learning_rate=1.0, estimator__max_depth=17, estimator__min_samples_split=14, estimator__n_estimators=52; total time=   0.0s
[CV] END estimator__criterion=squared_error, estimator__learning_rate=1.0, estimator__max_depth=17, estimator__min_samples_split=14, estimator__n_estimators=52; total time=   0.0s
[CV] END estimator__criterion=squared_error, estimator__learning_rate=1.0, estimator__max_depth=18, estimator__min_samples_split=12, estimator__n_estimators=36; total time=   0.0s
[CV] END estimator__criterion=squared_error, estimator__learning_rate=1.0, estimator__max_depth=18, estimator__min_samples_split=12, estimator__n_estimators=84; total time=   0.0s
[CV] END estimator__criterion=squared_error, estimator__learning_rate=1.0, estimator__max_depth=18, estimator__min_samples_split=16, estimator__n_estimators=36; total time=   0.0s
[CV] END estimator__criterion=squared_error, estimator__learning_rate=1.0, estimator__max_depth=18, estimator__min_samples_split=18, estimator__n_estimators=20; total time=   0.0s
[CV] END estimator__criterion=squared_error, estimator__learning_rate=1.0, estimator__max_depth=18, estimator__min_samples_split=18, estimator__n_estimators=84; total time=   0.0s
[CV] END estimator__criterion=squared_error, estimator__learning_rate=0.1, estimator__max_depth=15, estimator__min_samples_split=10, estimator__n_estimators=52; total time=   0.0s
[CV] END estimator__criterion=squared_error, estimator__learning_rate=0.1, estimator__max_depth=15, estimator__min_samples_split=10, estimator__n_estimators=52; total time=   0.0s
[CV] END estimator__criterion=squared_error, estimator__learning_rate=0.1, estimator__max_depth=16, estimator__min_samples_split=10, estimator__n_estimators=84; total time=   0.0s
[CV] END estimator__criterion=squared_error, estimator__learning_rate=0.1, estimator__max_depth=16, estimator__min_samples_split=10, estimator__n_estimators=84; total time=   0.0s
[CV] END estimator__criterion=squared_error, estimator__learning_rate=0.1, estimator__max_depth=16, estimator__min_samples_split=10, estimator__n_estimators=84; total time=   0.0s
[CV] END estimator__criterion=squared_error, estimator__learning_rate=0.1, estimator__max_depth=16, estimator__min_samples_split=10, estimator__n_estimators=84; total time=   0.0s
[CV] END estimator__criterion=squared_error, estimator__learning_rate=0.1, estimator__max_depth=17, estimator__min_samples_split=16, estimator__n_estimators=52; total time=   0.0s
[CV] END estimator__criterion=squared_error, estimator__learning_rate=0.1, estimator__max_depth=17, estimator__min_samples_split=16, estimator__n_estimators=52; total time=   0.0s
[CV] END estimator__criterion=squared_error, estimator__learning_rate=0.1, estimator__max_depth=17, estimator__min_samples_split=16, estimator__n_estimators=52; total time=   0.0s
[CV] END estimator__criterion=squared_error, estimator__learning_rate=0.1, estimator__max_depth=17, estimator__min_samples_split=16, estimator__n_estimators=68; total time=   0.0s
[CV] END estimator__criterion=squared_error, estimator__learning_rate=0.1, estimator__max_depth=18, estimator__min_samples_split=16, estimator__n_estimators=84; total time=   0.0s
[CV] END estimator__criterion=squared_error, estimator__learning_rate=0.1, estimator__max_depth=18, estimator__min_samples_split=16, estimator__n_estimators=84; total time=   0.0s
[CV] END estimator__criterion=squared_error, estimator__learning_rate=0.1, estimator__max_depth=18, estimator__min_samples_split=18, estimator__n_estimators=20; total time=   0.0s
[CV] END estimator__criterion=squared_error, estimator__learning_rate=0.1, estimator__max_depth=18, estimator__min_samples_split=18, estimator__n_estimators=20; total time=   0.0s
[CV] END estimator__criterion=squared_error, estimator__learning_rate=1.0, estimator__max_depth=14, estimator__min_samples_split=18, estimator__n_estimators=20; total time=   0.0s
[CV] END estimator__criterion=squared_error, estimator__learning_rate=1.0, estimator__max_depth=14, estimator__min_samples_split=18, estimator__n_estimators=20; total time=   0.0s
[CV] END estimator__criterion=squared_error, estimator__learning_rate=1.0, estimator__max_depth=14, estimator__min_samples_split=18, estimator__n_estimators=20; total time=   0.0s
[CV] END estimator__criterion=squared_error, estimator__learning_rate=1.0, estimator__max_depth=14, estimator__min_samples_split=18, estimator__n_estimators=20; total time=   0.0s
[CV] END estimator__criterion=squared_error, estimator__learning_rate=1.0, estimator__max_depth=15, estimator__min_samples_split=12, estimator__n_estimators=36; total time=   0.0s
[CV] END estimator__criterion=squared_error, estimator__learning_rate=1.0, estimator__max_depth=15, estimator__min_samples_split=12, estimator__n_estimators=36; total time=   0.0s
[CV] END estimator__criterion=squared_error, estimator__learning_rate=1.0, estimator__max_depth=15, estimator__min_samples_split=12, estimator__n_estimators=36; total time=   0.0s
[CV] END estimator__criterion=squared_error, estimator__learning_rate=1.0, estimator__max_depth=15, estimator__min_samples_split=12, estimator__n_estimators=52; total time=   0.0s
[CV] END estimator__criterion=squared_error, estimator__learning_rate=1.0, estimator__max_depth=16, estimator__min_samples_split=10, estimator__n_estimators=68; total time=   0.0s
[CV] END estimator__criterion=squared_error, estimator__learning_rate=1.0, estimator__max_depth=16, estimator__min_samples_split=10, estimator__n_estimators=84; total time=   0.0s
[CV] END estimator__criterion=squared_error, estimator__learning_rate=1.0, estimator__max_depth=16, estimator__min_samples_split=10, estimator__n_estimators=84; total time=   0.0s
[CV] END estimator__criterion=squared_error, estimator__learning_rate=1.0, estimator__max_depth=16, estimator__min_samples_split=10, estimator__n_estimators=84; total time=   0.0s
[CV] END estimator__criterion=squared_error, estimator__learning_rate=1.0, estimator__max_depth=17, estimator__min_samples_split=16, estimator__n_estimators=20; total time=   0.0s
[CV] END estimator__criterion=squared_error, estimator__learning_rate=1.0, estimator__max_depth=17, estimator__min_samples_split=16, estimator__n_estimators=20; total time=   0.0s
[CV] END estimator__criterion=squared_error, estimator__learning_rate=1.0, estimator__max_depth=17, estimator__min_samples_split=16, estimator__n_estimators=36; total time=   0.0s
[CV] END estimator__criterion=squared_error, estimator__learning_rate=1.0, estimator__max_depth=17, estimator__min_samples_split=16, estimator__n_estimators=36; total time=   0.0s
[CV] END estimator__criterion=squared_error, estimator__learning_rate=1.0, estimator__max_depth=18, estimator__min_samples_split=10, estimator__n_estimators=84; total time=   0.0s
[CV] END estimator__criterion=squared_error, estimator__learning_rate=1.0, estimator__max_depth=18, estimator__min_samples_split=10, estimator__n_estimators=84; total time=   0.0s
[CV] END estimator__criterion=squared_error, estimator__learning_rate=1.0, estimator__max_depth=18, estimator__min_samples_split=10, estimator__n_estimators=84; total time=   0.0s
[CV] END estimator__criterion=squared_error, estimator__learning_rate=1.0, estimator__max_depth=18, estimator__min_samples_split=10, estimator__n_estimators=84; total time=   0.0s
[CV] END estimator__criterion=squared_error, estimator__learning_rate=0.1, estimator__max_depth=16, estimator__min_samples_split=18, estimator__n_estimators=84; total time=   0.0s
[CV] END estimator__criterion=squared_error, estimator__learning_rate=0.1, estimator__max_depth=16, estimator__min_samples_split=18, estimator__n_estimators=84; total time=   0.0s
[CV] END estimator__criterion=squared_error, estimator__learning_rate=0.1, estimator__max_depth=18, estimator__min_samples_split=14, estimator__n_estimators=20; total time=   0.0s
[CV] END estimator__criterion=squared_error, estimator__learning_rate=0.1, estimator__max_depth=18, estimator__min_samples_split=14, estimator__n_estimators=36; total time=   0.0s
[CV] END estimator__criterion=squared_error, estimator__learning_rate=0.1, estimator__max_depth=18, estimator__min_samples_split=14, estimator__n_estimators=36; total time=   0.0s
[CV] END estimator__criterion=squared_error, estimator__learning_rate=0.1, estimator__max_depth=18, estimator__min_samples_split=14, estimator__n_estimators=36; total time=   0.0s
[CV] END estimator__criterion=squared_error, estimator__learning_rate=1.0, estimator__max_depth=14, estimator__min_samples_split=10, estimator__n_estimators=52; total time=   0.0s
[CV] END estimator__criterion=squared_error, estimator__learning_rate=1.0, estimator__max_depth=14, estimator__min_samples_split=10, estimator__n_estimators=52; total time=   0.0s
[CV] END estimator__criterion=squared_error, estimator__learning_rate=1.0, estimator__max_depth=14, estimator__min_samples_split=10, estimator__n_estimators=68; total time=   0.0s
[CV] END estimator__criterion=squared_error, estimator__learning_rate=1.0, estimator__max_depth=14, estimator__min_samples_split=10, estimator__n_estimators=68; total time=   0.0s
[CV] END estimator__criterion=squared_error, estimator__learning_rate=1.0, estimator__max_depth=15, estimator__min_samples_split=14, estimator__n_estimators=52; total time=   0.0s
[CV] END estimator__criterion=squared_error, estimator__learning_rate=1.0, estimator__max_depth=15, estimator__min_samples_split=14, estimator__n_estimators=52; total time=   0.0s
[CV] END estimator__criterion=squared_error, estimator__learning_rate=1.0, estimator__max_depth=15, estimator__min_samples_split=14, estimator__n_estimators=52; total time=   0.0s
[CV] END estimator__criterion=squared_error, estimator__learning_rate=1.0, estimator__max_depth=15, estimator__min_samples_split=14, estimator__n_estimators=52; total time=   0.0s
[CV] END estimator__criterion=squared_error, estimator__learning_rate=1.0, estimator__max_depth=16, estimator__min_samples_split=14, estimator__n_estimators=36; total time=   0.0s
[CV] END estimator__criterion=squared_error, estimator__learning_rate=1.0, estimator__max_depth=16, estimator__min_samples_split=14, estimator__n_estimators=36; total time=   0.0s
[CV] END estimator__criterion=squared_error, estimator__learning_rate=1.0, estimator__max_depth=16, estimator__min_samples_split=14, estimator__n_estimators=36; total time=   0.0s
[CV] END estimator__criterion=squared_error, estimator__learning_rate=1.0, estimator__max_depth=16, estimator__min_samples_split=14, estimator__n_estimators=36; total time=   0.0s
[CV] END estimator__criterion=squared_error, estimator__learning_rate=1.0, estimator__max_depth=17, estimator__min_samples_split=12, estimator__n_estimators=36; total time=   0.0s
[CV] END estimator__criterion=squared_error, estimator__learning_rate=1.0, estimator__max_depth=17, estimator__min_samples_split=12, estimator__n_estimators=36; total time=   0.0s
[CV] END estimator__criterion=squared_error, estimator__learning_rate=1.0, estimator__max_depth=17, estimator__min_samples_split=12, estimator__n_estimators=36; total time=   0.0s
[CV] END estimator__criterion=squared_error, estimator__learning_rate=1.0, estimator__max_depth=17, estimator__min_samples_split=12, estimator__n_estimators=36; total time=   0.0s
[CV] END estimator__criterion=squared_error, estimator__learning_rate=1.0, estimator__max_depth=18, estimator__min_samples_split=10, estimator__n_estimators=36; total time=   0.0s
[CV] END estimator__criterion=squared_error, estimator__learning_rate=1.0, estimator__max_depth=18, estimator__min_samples_split=10, estimator__n_estimators=52; total time=   0.0s
[CV] END estimator__criterion=squared_error, estimator__learning_rate=1.0, estimator__max_depth=18, estimator__min_samples_split=10, estimator__n_estimators=52; total time=   0.0s
[CV] END estimator__criterion=squared_error, estimator__learning_rate=1.0, estimator__max_depth=18, estimator__min_samples_split=10, estimator__n_estimators=52; total time=   0.0s
[CV] END estimator__criterion=squared_error, estimator__learning_rate=1.0, estimator__max_depth=18, estimator__min_samples_split=16, estimator__n_estimators=84; total time=   0.0s
