W0429 02:04:22.138000 3840 site-packages\torch\utils\flop_counter.py:29] triton not found; flop counting will not work for triton kernels
[INFO] Loading original-dataset exact config | R:\config\paper_reimplementation\rcim_ml_compensation\original_dataset_exact_model_bank\campaigns\track1\exact_paper\forward_maxi_last_non_green_cells\ert\2026-04-29_track1_forward_ert_ampl_h156_maxi_last_non_green_cells\018_track1_forward_ert_ampl_h156_maxi_last_non_green_cells_attempt_18.yaml
[INFO] Building original-dataset exact bundle
[INFO] Original-dataset exact bundle ready | direction=forward rows=969 targets=1 families=1
[INFO] Family fit started | family=ERT estimator=ExtraTreesRegressor targets=1 threadpool_limit=1 joblib_cpu_limit=system_default os_cpu_count=32
[INFO] Family target scope | family=ERT kinds=ampl harmonics=156 preview=fft_y_Fw_filtered_ampl_156
[INFO] Grid search configured | family=ERT candidates=250 parameter_count=4 n_jobs=-1 verbose=2 pre_dispatch=2*n_jobs
W0429 02:05:06.209000 34236 site-packages\torch\utils\flop_counter.py:29] triton not found; flop counting will not work for triton kernels
W0429 02:05:06.279000 7300 site-packages\torch\utils\flop_counter.py:29] triton not found; flop counting will not work for triton kernels
W0429 02:05:06.313000 25596 site-packages\torch\utils\flop_counter.py:29] triton not found; flop counting will not work for triton kernels
W0429 02:05:06.371000 44588 site-packages\torch\utils\flop_counter.py:29] triton not found; flop counting will not work for triton kernels
W0429 02:05:06.440000 27484 site-packages\torch\utils\flop_counter.py:29] triton not found; flop counting will not work for triton kernels
W0429 02:05:06.607000 39756 site-packages\torch\utils\flop_counter.py:29] triton not found; flop counting will not work for triton kernels
W0429 02:05:06.653000 10640 site-packages\torch\utils\flop_counter.py:29] triton not found; flop counting will not work for triton kernels
W0429 02:05:06.748000 44524 site-packages\torch\utils\flop_counter.py:29] triton not found; flop counting will not work for triton kernels
W0429 02:05:06.767000 32652 site-packages\torch\utils\flop_counter.py:29] triton not found; flop counting will not work for triton kernels
W0429 02:05:06.820000 41880 site-packages\torch\utils\flop_counter.py:29] triton not found; flop counting will not work for triton kernels
W0429 02:05:06.913000 41580 site-packages\torch\utils\flop_counter.py:29] triton not found; flop counting will not work for triton kernels
W0429 02:05:06.918000 1168 site-packages\torch\utils\flop_counter.py:29] triton not found; flop counting will not work for triton kernels
W0429 02:05:06.944000 17112 site-packages\torch\utils\flop_counter.py:29] triton not found; flop counting will not work for triton kernels
W0429 02:05:06.965000 13080 site-packages\torch\utils\flop_counter.py:29] triton not found; flop counting will not work for triton kernels
W0429 02:05:07.185000 13728 site-packages\torch\utils\flop_counter.py:29] triton not found; flop counting will not work for triton kernels
W0429 02:05:07.313000 44472 site-packages\torch\utils\flop_counter.py:29] triton not found; flop counting will not work for triton kernels
W0429 02:05:07.359000 43136 site-packages\torch\utils\flop_counter.py:29] triton not found; flop counting will not work for triton kernels
W0429 02:05:07.376000 29576 site-packages\torch\utils\flop_counter.py:29] triton not found; flop counting will not work for triton kernels
W0429 02:05:07.481000 40288 site-packages\torch\utils\flop_counter.py:29] triton not found; flop counting will not work for triton kernels
W0429 02:05:07.575000 3320 site-packages\torch\utils\flop_counter.py:29] triton not found; flop counting will not work for triton kernels
W0429 02:05:07.576000 38716 site-packages\torch\utils\flop_counter.py:29] triton not found; flop counting will not work for triton kernels
W0429 02:05:07.579000 34728 site-packages\torch\utils\flop_counter.py:29] triton not found; flop counting will not work for triton kernels
W0429 02:05:07.597000 44076 site-packages\torch\utils\flop_counter.py:29] triton not found; flop counting will not work for triton kernels
W0429 02:05:07.601000 10952 site-packages\torch\utils\flop_counter.py:29] triton not found; flop counting will not work for triton kernels
W0429 02:05:07.603000 30680 site-packages\torch\utils\flop_counter.py:29] triton not found; flop counting will not work for triton kernels
W0429 02:05:07.603000 42328 site-packages\torch\utils\flop_counter.py:29] triton not found; flop counting will not work for triton kernels
W0429 02:05:07.606000 27328 site-packages\torch\utils\flop_counter.py:29] triton not found; flop counting will not work for triton kernels
W0429 02:05:07.612000 20208 site-packages\torch\utils\flop_counter.py:29] triton not found; flop counting will not work for triton kernels
W0429 02:05:07.618000 45604 site-packages\torch\utils\flop_counter.py:29] triton not found; flop counting will not work for triton kernels
W0429 02:05:07.621000 45620 site-packages\torch\utils\flop_counter.py:29] triton not found; flop counting will not work for triton kernels
W0429 02:05:07.629000 17812 site-packages\torch\utils\flop_counter.py:29] triton not found; flop counting will not work for triton kernels
W0429 02:05:07.634000 32260 site-packages\torch\utils\flop_counter.py:29] triton not found; flop counting will not work for triton kernels
[CV] END estimator__criterion=squared_error, estimator__max_depth=14, estimator__min_samples_split=2, estimator__n_estimators=20; total time=   0.0s
[CV] END estimator__criterion=squared_error, estimator__max_depth=14, estimator__min_samples_split=3, estimator__n_estimators=40; total time=   0.0s
[CV] END estimator__criterion=squared_error, estimator__max_depth=14, estimator__min_samples_split=3, estimator__n_estimators=60; total time=   0.0s
[CV] END estimator__criterion=squared_error, estimator__max_depth=14, estimator__min_samples_split=3, estimator__n_estimators=80; total time=   0.0s
[CV] END estimator__criterion=squared_error, estimator__max_depth=14, estimator__min_samples_split=3, estimator__n_estimators=100; total time=   0.0s
[CV] END estimator__criterion=squared_error, estimator__max_depth=14, estimator__min_samples_split=4, estimator__n_estimators=20; total time=   0.0s
[CV] END estimator__criterion=squared_error, estimator__max_depth=14, estimator__min_samples_split=4, estimator__n_estimators=40; total time=   0.0s
[CV] END estimator__criterion=squared_error, estimator__max_depth=14, estimator__min_samples_split=4, estimator__n_estimators=60; total time=   0.0s
[CV] END estimator__criterion=squared_error, estimator__max_depth=14, estimator__min_samples_split=4, estimator__n_estimators=80; total time=   0.0s
[CV] END estimator__criterion=squared_error, estimator__max_depth=14, estimator__min_samples_split=5, estimator__n_estimators=20; total time=   0.0s
[CV] END estimator__criterion=squared_error, estimator__max_depth=14, estimator__min_samples_split=5, estimator__n_estimators=40; total time=   0.0s
[CV] END estimator__criterion=squared_error, estimator__max_depth=14, estimator__min_samples_split=5, estimator__n_estimators=100; total time=   0.0s
[CV] END estimator__criterion=squared_error, estimator__max_depth=14, estimator__min_samples_split=6, estimator__n_estimators=80; total time=   0.0s
[CV] END estimator__criterion=squared_error, estimator__max_depth=15, estimator__min_samples_split=2, estimator__n_estimators=60; total time=   0.0s
[CV] END estimator__criterion=squared_error, estimator__max_depth=15, estimator__min_samples_split=3, estimator__n_estimators=20; total time=   0.0s
[CV] END estimator__criterion=squared_error, estimator__max_depth=15, estimator__min_samples_split=3, estimator__n_estimators=40; total time=   0.0s
[CV] END estimator__criterion=squared_error, estimator__max_depth=15, estimator__min_samples_split=3, estimator__n_estimators=80; total time=   0.0s
[CV] END estimator__criterion=squared_error, estimator__max_depth=15, estimator__min_samples_split=4, estimator__n_estimators=80; total time=   0.0s
[CV] END estimator__criterion=squared_error, estimator__max_depth=15, estimator__min_samples_split=5, estimator__n_estimators=80; total time=   0.0s
[CV] END estimator__criterion=squared_error, estimator__max_depth=15, estimator__min_samples_split=6, estimator__n_estimators=100; total time=   0.0s
[CV] END estimator__criterion=squared_error, estimator__max_depth=16, estimator__min_samples_split=3, estimator__n_estimators=100; total time=   0.0s
[CV] END estimator__criterion=squared_error, estimator__max_depth=16, estimator__min_samples_split=6, estimator__n_estimators=100; total time=   0.0s
[CV] END estimator__criterion=squared_error, estimator__max_depth=16, estimator__min_samples_split=6, estimator__n_estimators=100; total time=   0.0s
[CV] END estimator__criterion=squared_error, estimator__max_depth=17, estimator__min_samples_split=6, estimator__n_estimators=40; total time=   0.0s
[CV] END estimator__criterion=squared_error, estimator__max_depth=17, estimator__min_samples_split=6, estimator__n_estimators=60; total time=   0.0s
[CV] END estimator__criterion=squared_error, estimator__max_depth=17, estimator__min_samples_split=6, estimator__n_estimators=60; total time=   0.0s
[CV] END estimator__criterion=squared_error, estimator__max_depth=17, estimator__min_samples_split=6, estimator__n_estimators=60; total time=   0.0s
[CV] END estimator__criterion=squared_error, estimator__max_depth=18, estimator__min_samples_split=6, estimator__n_estimators=40; total time=   0.0s
[CV] END estimator__criterion=squared_error, estimator__max_depth=18, estimator__min_samples_split=6, estimator__n_estimators=40; total time=   0.0s
[CV] END estimator__criterion=squared_error, estimator__max_depth=18, estimator__min_samples_split=6, estimator__n_estimators=60; total time=   0.0s
[CV] END estimator__criterion=squared_error, estimator__max_depth=18, estimator__min_samples_split=6, estimator__n_estimators=60; total time=   0.0s
[CV] END estimator__criterion=absolute_error, estimator__max_depth=14, estimator__min_samples_split=4, estimator__n_estimators=40; total time=   0.1s
[CV] END estimator__criterion=absolute_error, estimator__max_depth=14, estimator__min_samples_split=4, estimator__n_estimators=60; total time=   0.1s
[CV] END estimator__criterion=absolute_error, estimator__max_depth=14, estimator__min_samples_split=4, estimator__n_estimators=60; total time=   0.1s
[CV] END estimator__criterion=absolute_error, estimator__max_depth=14, estimator__min_samples_split=4, estimator__n_estimators=60; total time=   0.1s
[CV] END estimator__criterion=absolute_error, estimator__max_depth=15, estimator__min_samples_split=4, estimator__n_estimators=20; total time=   0.0s
[CV] END estimator__criterion=absolute_error, estimator__max_depth=15, estimator__min_samples_split=4, estimator__n_estimators=40; total time=   0.1s
[CV] END estimator__criterion=absolute_error, estimator__max_depth=15, estimator__min_samples_split=4, estimator__n_estimators=40; total time=   0.1s
[CV] END estimator__criterion=absolute_error, estimator__max_depth=15, estimator__min_samples_split=4, estimator__n_estimators=40; total time=   0.1s
[CV] END estimator__criterion=absolute_error, estimator__max_depth=16, estimator__min_samples_split=2, estimator__n_estimators=40; total time=   0.1s
[CV] END estimator__criterion=absolute_error, estimator__max_depth=16, estimator__min_samples_split=2, estimator__n_estimators=40; total time=   0.1s
[CV] END estimator__criterion=absolute_error, estimator__max_depth=16, estimator__min_samples_split=2, estimator__n_estimators=40; total time=   0.1s
[CV] END estimator__criterion=absolute_error, estimator__max_depth=16, estimator__min_samples_split=2, estimator__n_estimators=40; total time=   0.1s
[CV] END estimator__criterion=absolute_error, estimator__max_depth=16, estimator__min_samples_split=5, estimator__n_estimators=40; total time=   0.1s
[CV] END estimator__criterion=absolute_error, estimator__max_depth=16, estimator__min_samples_split=5, estimator__n_estimators=40; total time=   0.1s
[CV] END estimator__criterion=absolute_error, estimator__max_depth=16, estimator__min_samples_split=5, estimator__n_estimators=40; total time=   0.1s
[CV] END estimator__criterion=absolute_error, estimator__max_depth=16, estimator__min_samples_split=5, estimator__n_estimators=40; total time=   0.1s
[CV] END estimator__criterion=absolute_error, estimator__max_depth=17, estimator__min_samples_split=3, estimator__n_estimators=20; total time=   0.0s
[CV] END estimator__criterion=absolute_error, estimator__max_depth=17, estimator__min_samples_split=3, estimator__n_estimators=20; total time=   0.0s
[CV] END estimator__criterion=absolute_error, estimator__max_depth=17, estimator__min_samples_split=3, estimator__n_estimators=40; total time=   0.1s
[CV] END estimator__criterion=absolute_error, estimator__max_depth=17, estimator__min_samples_split=3, estimator__n_estimators=40; total time=   0.1s
[CV] END estimator__criterion=absolute_error, estimator__max_depth=17, estimator__min_samples_split=5, estimator__n_estimators=40; total time=   0.1s
[CV] END estimator__criterion=absolute_error, estimator__max_depth=17, estimator__min_samples_split=5, estimator__n_estimators=40; total time=   0.1s
[CV] END estimator__criterion=absolute_error, estimator__max_depth=17, estimator__min_samples_split=5, estimator__n_estimators=40; total time=   0.1s
[CV] END estimator__criterion=absolute_error, estimator__max_depth=17, estimator__min_samples_split=5, estimator__n_estimators=40; total time=   0.1sFitting 5 folds for each of 250 candidates, totalling 1250 fits
[DONE] Family fit complete | family=ERT elapsed=16.29s best_score=0.48754603666697377 best_params={'estimator__criterion': 'squared_error', 'estimator__max_depth': 15, 'estimator__min_samples_split': 3, 'estimator__n_estimators': 80}
[INFO] Family evaluation started | family=ERT targets=1
[DONE] Family evaluation complete | family=ERT elapsed=0.01s mean_component_mape=10.132% mean_component_mae=0.000026
[INFO] Family ONNX export started | family=ERT targets=1 estimator=ExtraTreesRegressor
[DONE] Family ONNX export complete | family=ERT elapsed=0.69s exported=1 failed=0
[DONE] Original-dataset exact validation complete | summary=output/validation_checks/paper_reimplementation_rcim_original_dataset_exact_model_bank_forward_maxi_last_non_green_cells/2026-04-29-02-04-22__track1_forward_ert_ampl_h156_maxi_last_non_green_cells_attempt_18_campaign_run/validation_summary.yaml report=doc/reports/analysis/validation_checks/2026-04-29-02-05-15_paper_reimplementation_rcim_original_dataset_exact_model_bank_forward_maxi_last_non_green_cells_track1_forward_ert_ampl_h156_maxi_last_non_green_cells_attempt_18_campaign_run_original_dataset_exact_model_bank_report.md
[CV] END estimator__criterion=squared_error, estimator__max_depth=14, estimator__min_samples_split=3, estimator__n_estimators=20; total time=   0.0s
[CV] END estimator__criterion=squared_error, estimator__max_depth=15, estimator__min_samples_split=3, estimator__n_estimators=60; total time=   0.0s
[CV] END estimator__criterion=squared_error, estimator__max_depth=15, estimator__min_samples_split=4, estimator__n_estimators=40; total time=   0.0s
[CV] END estimator__criterion=squared_error, estimator__max_depth=15, estimator__min_samples_split=4, estimator__n_estimators=80; total time=   0.0s
[CV] END estimator__criterion=squared_error, estimator__max_depth=15, estimator__min_samples_split=5, estimator__n_estimators=60; total time=   0.0s
[CV] END estimator__criterion=squared_error, estimator__max_depth=15, estimator__min_samples_split=6, estimator__n_estimators=40; total time=   0.0s
[CV] END estimator__criterion=squared_error, estimator__max_depth=15, estimator__min_samples_split=6, estimator__n_estimators=100; total time=   0.0s
[CV] END estimator__criterion=squared_error, estimator__max_depth=16, estimator__min_samples_split=4, estimator__n_estimators=20; total time=   0.0s
[CV] END estimator__criterion=squared_error, estimator__max_depth=16, estimator__min_samples_split=4, estimator__n_estimators=60; total time=   0.0s
[CV] END estimator__criterion=squared_error, estimator__max_depth=16, estimator__min_samples_split=6, estimator__n_estimators=80; total time=   0.0s
[CV] END estimator__criterion=squared_error, estimator__max_depth=16, estimator__min_samples_split=6, estimator__n_estimators=80; total time=   0.0s
[CV] END estimator__criterion=squared_error, estimator__max_depth=17, estimator__min_samples_split=4, estimator__n_estimators=80; total time=   0.0s
[CV] END estimator__criterion=squared_error, estimator__max_depth=17, estimator__min_samples_split=4, estimator__n_estimators=100; total time=   0.0s
[CV] END estimator__criterion=squared_error, estimator__max_depth=18, estimator__min_samples_split=4, estimator__n_estimators=60; total time=   0.0s
[CV] END estimator__criterion=squared_error, estimator__max_depth=18, estimator__min_samples_split=4, estimator__n_estimators=60; total time=   0.0s
[CV] END estimator__criterion=squared_error, estimator__max_depth=18, estimator__min_samples_split=4, estimator__n_estimators=60; total time=   0.0s
[CV] END estimator__criterion=squared_error, estimator__max_depth=18, estimator__min_samples_split=4, estimator__n_estimators=60; total time=   0.0s
[CV] END estimator__criterion=absolute_error, estimator__max_depth=14, estimator__min_samples_split=3, estimator__n_estimators=80; total time=   0.2s
[CV] END estimator__criterion=absolute_error, estimator__max_depth=14, estimator__min_samples_split=3, estimator__n_estimators=80; total time=   0.2s
[CV] END estimator__criterion=absolute_error, estimator__max_depth=14, estimator__min_samples_split=3, estimator__n_estimators=100; total time=   0.3s
[CV] END estimator__criterion=absolute_error, estimator__max_depth=14, estimator__min_samples_split=3, estimator__n_estimators=100; total time=   0.3s
[CV] END estimator__criterion=absolute_error, estimator__max_depth=15, estimator__min_samples_split=6, estimator__n_estimators=100; total time=   0.3s
[CV] END estimator__criterion=absolute_error, estimator__max_depth=15, estimator__min_samples_split=6, estimator__n_estimators=100; total time=   0.3s
[CV] END estimator__criterion=absolute_error, estimator__max_depth=15, estimator__min_samples_split=6, estimator__n_estimators=100; total time=   0.3s
[CV] END estimator__criterion=absolute_error, estimator__max_depth=16, estimator__min_samples_split=2, estimator__n_estimators=20; total time=   0.0s
[CV] END estimator__criterion=absolute_error, estimator__max_depth=17, estimator__min_samples_split=2, estimator__n_estimators=60; total time=   0.2s
[CV] END estimator__criterion=absolute_error, estimator__max_depth=17, estimator__min_samples_split=2, estimator__n_estimators=60; total time=   0.2s
[CV] END estimator__criterion=absolute_error, estimator__max_depth=17, estimator__min_samples_split=2, estimator__n_estimators=60; total time=   0.2s
[CV] END estimator__criterion=absolute_error, estimator__max_depth=17, estimator__min_samples_split=2, estimator__n_estimators=80; total time=   0.3s
[CV] END estimator__criterion=absolute_error, estimator__max_depth=17, estimator__min_samples_split=6, estimator__n_estimators=40; total time=   0.1s
[CV] END estimator__criterion=absolute_error, estimator__max_depth=17, estimator__min_samples_split=6, estimator__n_estimators=100; total time=   0.4s
[CV] END estimator__criterion=absolute_error, estimator__max_depth=18, estimator__min_samples_split=3, estimator__n_estimators=80; total time=   0.3s
[CV] END estimator__criterion=absolute_error, estimator__max_depth=18, estimator__min_samples_split=5, estimator__n_estimators=60; total time=   0.2s
[CV] END estimator__criterion=squared_error, estimator__max_depth=14, estimator__min_samples_split=2, estimator__n_estimators=40; total time=   0.0s
[CV] END estimator__criterion=squared_error, estimator__max_depth=14, estimator__min_samples_split=5, estimator__n_estimators=100; total time=   0.0s
[CV] END estimator__criterion=squared_error, estimator__max_depth=14, estimator__min_samples_split=6, estimator__n_estimators=60; total time=   0.0s
[CV] END estimator__criterion=squared_error, estimator__max_depth=15, estimator__min_samples_split=2, estimator__n_estimators=20; total time=   0.0s
[CV] END estimator__criterion=squared_error, estimator__max_depth=15, estimator__min_samples_split=2, estimator__n_estimators=40; total time=   0.0s
[CV] END estimator__criterion=squared_error, estimator__max_depth=15, estimator__min_samples_split=2, estimator__n_estimators=100; total time=   0.0s
[CV] END estimator__criterion=squared_error, estimator__max_depth=15, estimator__min_samples_split=3, estimator__n_estimators=100; total time=   0.0s
[CV] END estimator__criterion=squared_error, estimator__max_depth=15, estimator__min_samples_split=5, estimator__n_estimators=20; total time=   0.0s
[CV] END estimator__criterion=squared_error, estimator__max_depth=15, estimator__min_samples_split=5, estimator__n_estimators=60; total time=   0.0s
[CV] END estimator__criterion=squared_error, estimator__max_depth=15, estimator__min_samples_split=6, estimator__n_estimators=40; total time=   0.0s
[CV] END estimator__criterion=squared_error, estimator__max_depth=15, estimator__min_samples_split=6, estimator__n_estimators=100; total time=   0.0s
[CV] END estimator__criterion=squared_error, estimator__max_depth=16, estimator__min_samples_split=3, estimator__n_estimators=100; total time=   0.0s
[CV] END estimator__criterion=squared_error, estimator__max_depth=17, estimator__min_samples_split=2, estimator__n_estimators=20; total time=   0.0s
[CV] END estimator__criterion=squared_error, estimator__max_depth=17, estimator__min_samples_split=2, estimator__n_estimators=20; total time=   0.0s
[CV] END estimator__criterion=squared_error, estimator__max_depth=17, estimator__min_samples_split=3, estimator__n_estimators=20; total time=   0.0s
[CV] END estimator__criterion=squared_error, estimator__max_depth=17, estimator__min_samples_split=3, estimator__n_estimators=20; total time=   0.0s
[CV] END estimator__criterion=squared_error, estimator__max_depth=17, estimator__min_samples_split=3, estimator__n_estimators=100; total time=   0.0s
[CV] END estimator__criterion=squared_error, estimator__max_depth=17, estimator__min_samples_split=3, estimator__n_estimators=100; total time=   0.0s
[CV] END estimator__criterion=squared_error, estimator__max_depth=18, estimator__min_samples_split=4, estimator__n_estimators=60; total time=   0.0s
[CV] END estimator__criterion=squared_error, estimator__max_depth=18, estimator__min_samples_split=4, estimator__n_estimators=80; total time=   0.0s
[CV] END estimator__criterion=squared_error, estimator__max_depth=18, estimator__min_samples_split=4, estimator__n_estimators=80; total time=   0.0s
[CV] END estimator__criterion=squared_error, estimator__max_depth=18, estimator__min_samples_split=4, estimator__n_estimators=80; total time=   0.0s
[CV] END estimator__criterion=absolute_error, estimator__max_depth=14, estimator__min_samples_split=5, estimator__n_estimators=20; total time=   0.0s
[CV] END estimator__criterion=absolute_error, estimator__max_depth=14, estimator__min_samples_split=5, estimator__n_estimators=20; total time=   0.0s
[CV] END estimator__criterion=absolute_error, estimator__max_depth=14, estimator__min_samples_split=5, estimator__n_estimators=20; total time=   0.0s
[CV] END estimator__criterion=absolute_error, estimator__max_depth=14, estimator__min_samples_split=5, estimator__n_estimators=20; total time=   0.0s
[CV] END estimator__criterion=absolute_error, estimator__max_depth=15, estimator__min_samples_split=2, estimator__n_estimators=40; total time=   0.1s
[CV] END estimator__criterion=absolute_error, estimator__max_depth=15, estimator__min_samples_split=2, estimator__n_estimators=40; total time=   0.1s
[CV] END estimator__criterion=absolute_error, estimator__max_depth=15, estimator__min_samples_split=2, estimator__n_estimators=40; total time=   0.1s
[CV] END estimator__criterion=absolute_error, estimator__max_depth=15, estimator__min_samples_split=2, estimator__n_estimators=40; total time=   0.1s
[CV] END estimator__criterion=absolute_error, estimator__max_depth=15, estimator__min_samples_split=4, estimator__n_estimators=100; total time=   0.3s
[CV] END estimator__criterion=absolute_error, estimator__max_depth=15, estimator__min_samples_split=5, estimator__n_estimators=20; total time=   0.0s
[CV] END estimator__criterion=absolute_error, estimator__max_depth=15, estimator__min_samples_split=5, estimator__n_estimators=20; total time=   0.0s
[CV] END estimator__criterion=absolute_error, estimator__max_depth=15, estimator__min_samples_split=5, estimator__n_estimators=20; total time=   0.0s
[CV] END estimator__criterion=absolute_error, estimator__max_depth=16, estimator__min_samples_split=3, estimator__n_estimators=20; total time=   0.0s
[CV] END estimator__criterion=absolute_error, estimator__max_depth=16, estimator__min_samples_split=3, estimator__n_estimators=20; total time=   0.0s
[CV] END estimator__criterion=absolute_error, estimator__max_depth=16, estimator__min_samples_split=3, estimator__n_estimators=20; total time=   0.0s
[CV] END estimator__criterion=absolute_error, estimator__max_depth=16, estimator__min_samples_split=3, estimator__n_estimators=20; total time=   0.0s
[CV] END estimator__criterion=absolute_error, estimator__max_depth=16, estimator__min_samples_split=5, estimator__n_estimators=60; total time=   0.2s
[CV] END estimator__criterion=absolute_error, estimator__max_depth=16, estimator__min_samples_split=5, estimator__n_estimators=60; total time=   0.2s
[CV] END estimator__criterion=absolute_error, estimator__max_depth=16, estimator__min_samples_split=5, estimator__n_estimators=60; total time=   0.2s
[CV] END estimator__criterion=absolute_error, estimator__max_depth=16, estimator__min_samples_split=5, estimator__n_estimators=60; total time=   0.2s
[CV] END estimator__criterion=absolute_error, estimator__max_depth=17, estimator__min_samples_split=5, estimator__n_estimators=60; total time=   0.2s
[CV] END estimator__criterion=absolute_error, estimator__max_depth=17, estimator__min_samples_split=6, estimator__n_estimators=20; total time=   0.0s
[CV] END estimator__criterion=absolute_error, estimator__max_depth=17, estimator__min_samples_split=6, estimator__n_estimators=40; total time=   0.1s
[CV] END estimator__criterion=absolute_error, estimator__max_depth=18, estimator__min_samples_split=2, estimator__n_estimators=20; total time=   0.0s
[CV] END estimator__criterion=absolute_error, estimator__max_depth=18, estimator__min_samples_split=2, estimator__n_estimators=40; total time=   0.1s
[CV] END estimator__criterion=absolute_error, estimator__max_depth=18, estimator__min_samples_split=3, estimator__n_estimators=40; total time=   0.1s
[CV] END estimator__criterion=absolute_error, estimator__max_depth=18, estimator__min_samples_split=4, estimator__n_estimators=20; total time=   0.0s
[CV] END estimator__criterion=absolute_error, estimator__max_depth=18, estimator__min_samples_split=4, estimator__n_estimators=80; total time=   0.3s
[CV] END estimator__criterion=absolute_error, estimator__max_depth=18, estimator__min_samples_split=6, estimator__n_estimators=40; total time=   0.1s
[CV] END estimator__criterion=squared_error, estimator__max_depth=14, estimator__min_samples_split=2, estimator__n_estimators=100; total time=   0.0s
[CV] END estimator__criterion=squared_error, estimator__max_depth=16, estimator__min_samples_split=3, estimator__n_estimators=80; total time=   0.0s
[CV] END estimator__criterion=squared_error, estimator__max_depth=16, estimator__min_samples_split=5, estimator__n_estimators=80; total time=   0.0s
[CV] END estimator__criterion=squared_error, estimator__max_depth=16, estimator__min_samples_split=5, estimator__n_estimators=100; total time=   0.0s
[CV] END estimator__criterion=squared_error, estimator__max_depth=17, estimator__min_samples_split=3, estimator__n_estimators=100; total time=   0.0s
[CV] END estimator__criterion=squared_error, estimator__max_depth=17, estimator__min_samples_split=4, estimator__n_estimators=20; total time=   0.0s
[CV] END estimator__criterion=squared_error, estimator__max_depth=18, estimator__min_samples_split=2, estimator__n_estimators=80; total time=   0.0s
[CV] END estimator__criterion=squared_error, estimator__max_depth=18, estimator__min_samples_split=2, estimator__n_estimators=80; total time=   0.0s
[CV] END estimator__criterion=squared_error, estimator__max_depth=18, estimator__min_samples_split=2, estimator__n_estimators=80; total time=   0.0s
[CV] END estimator__criterion=squared_error, estimator__max_depth=18, estimator__min_samples_split=2, estimator__n_estimators=80; total time=   0.0s
[CV] END estimator__criterion=absolute_error, estimator__max_depth=14, estimator__min_samples_split=4, estimator__n_estimators=80; total time=   0.2s
[CV] END estimator__criterion=absolute_error, estimator__max_depth=14, estimator__min_samples_split=4, estimator__n_estimators=80; total time=   0.2s
[CV] END estimator__criterion=absolute_error, estimator__max_depth=14, estimator__min_samples_split=4, estimator__n_estimators=80; total time=   0.2s
[CV] END estimator__criterion=absolute_error, estimator__max_depth=14, estimator__min_samples_split=4, estimator__n_estimators=100; total time=   0.3s
[CV] END estimator__criterion=absolute_error, estimator__max_depth=15, estimator__min_samples_split=6, estimator__n_estimators=60; total time=   0.1s
[CV] END estimator__criterion=absolute_error, estimator__max_depth=15, estimator__min_samples_split=6, estimator__n_estimators=80; total time=   0.2s
[CV] END estimator__criterion=absolute_error, estimator__max_depth=15, estimator__min_samples_split=6, estimator__n_estimators=80; total time=   0.2s
[CV] END estimator__criterion=absolute_error, estimator__max_depth=15, estimator__min_samples_split=6, estimator__n_estimators=80; total time=   0.2s
[CV] END estimator__criterion=absolute_error, estimator__max_depth=17, estimator__min_samples_split=2, estimator__n_estimators=20; total time=   0.0s
[CV] END estimator__criterion=absolute_error, estimator__max_depth=17, estimator__min_samples_split=2, estimator__n_estimators=20; total time=   0.0s
[CV] END estimator__criterion=absolute_error, estimator__max_depth=17, estimator__min_samples_split=2, estimator__n_estimators=20; total time=   0.0s
[CV] END estimator__criterion=absolute_error, estimator__max_depth=17, estimator__min_samples_split=2, estimator__n_estimators=20; total time=   0.0s
[CV] END estimator__criterion=absolute_error, estimator__max_depth=17, estimator__min_samples_split=3, estimator__n_estimators=80; total time=   0.2s
[CV] END estimator__criterion=absolute_error, estimator__max_depth=17, estimator__min_samples_split=3, estimator__n_estimators=100; total time=   0.3s
[CV] END estimator__criterion=absolute_error, estimator__max_depth=17, estimator__min_samples_split=3, estimator__n_estimators=100; total time=   0.3s
[CV] END estimator__criterion=absolute_error, estimator__max_depth=17, estimator__min_samples_split=3, estimator__n_estimators=100; total time=   0.3s
[CV] END estimator__criterion=absolute_error, estimator__max_depth=18, estimator__min_samples_split=3, estimator__n_estimators=100; total time=   0.3s
[CV] END estimator__criterion=absolute_error, estimator__max_depth=18, estimator__min_samples_split=5, estimator__n_estimators=80; total time=   0.2s
[CV] END estimator__criterion=squared_error, estimator__max_depth=14, estimator__min_samples_split=2, estimator__n_estimators=60; total time=   0.0s
[CV] END estimator__criterion=squared_error, estimator__max_depth=14, estimator__min_samples_split=4, estimator__n_estimators=100; total time=   0.0s
[CV] END estimator__criterion=squared_error, estimator__max_depth=14, estimator__min_samples_split=5, estimator__n_estimators=80; total time=   0.0s
[CV] END estimator__criterion=squared_error, estimator__max_depth=14, estimator__min_samples_split=6, estimator__n_estimators=40; total time=   0.0s
[CV] END estimator__criterion=squared_error, estimator__max_depth=14, estimator__min_samples_split=6, estimator__n_estimators=80; total time=   0.0s
[CV] END estimator__criterion=squared_error, estimator__max_depth=15, estimator__min_samples_split=2, estimator__n_estimators=60; total time=   0.0s
[CV] END estimator__criterion=squared_error, estimator__max_depth=15, estimator__min_samples_split=3, estimator__n_estimators=20; total time=   0.0s
[CV] END estimator__criterion=squared_error, estimator__max_depth=15, estimator__min_samples_split=3, estimator__n_estimators=40; total time=   0.0s
[CV] END estimator__criterion=squared_error, estimator__max_depth=15, estimator__min_samples_split=3, estimator__n_estimators=80; total time=   0.0s
[CV] END estimator__criterion=squared_error, estimator__max_depth=15, estimator__min_samples_split=4, estimator__n_estimators=80; total time=   0.0s
[CV] END estimator__criterion=squared_error, estimator__max_depth=15, estimator__min_samples_split=5, estimator__n_estimators=80; total time=   0.0s
[CV] END estimator__criterion=squared_error, estimator__max_depth=16, estimator__min_samples_split=2, estimator__n_estimators=20; total time=   0.0s
[CV] END estimator__criterion=squared_error, estimator__max_depth=16, estimator__min_samples_split=2, estimator__n_estimators=80; total time=   0.0s
[CV] END estimator__criterion=squared_error, estimator__max_depth=16, estimator__min_samples_split=4, estimator__n_estimators=20; total time=   0.0s
[CV] END estimator__criterion=squared_error, estimator__max_depth=16, estimator__min_samples_split=4, estimator__n_estimators=80; total time=   0.0s
[CV] END estimator__criterion=squared_error, estimator__max_depth=16, estimator__min_samples_split=6, estimator__n_estimators=100; total time=   0.0s
[CV] END estimator__criterion=squared_error, estimator__max_depth=17, estimator__min_samples_split=2, estimator__n_estimators=20; total time=   0.0s
[CV] END estimator__criterion=squared_error, estimator__max_depth=17, estimator__min_samples_split=4, estimator__n_estimators=60; total time=   0.0s
[CV] END estimator__criterion=squared_error, estimator__max_depth=17, estimator__min_samples_split=4, estimator__n_estimators=60; total time=   0.0s
[CV] END estimator__criterion=squared_error, estimator__max_depth=18, estimator__min_samples_split=3, estimator__n_estimators=80; total time=   0.0s
[CV] END estimator__criterion=squared_error, estimator__max_depth=18, estimator__min_samples_split=3, estimator__n_estimators=100; total time=   0.0s
[CV] END estimator__criterion=squared_error, estimator__max_depth=18, estimator__min_samples_split=3, estimator__n_estimators=100; total time=   0.0s
[CV] END estimator__criterion=squared_error, estimator__max_depth=18, estimator__min_samples_split=3, estimator__n_estimators=100; total time=   0.0s
[CV] END estimator__criterion=absolute_error, estimator__max_depth=14, estimator__min_samples_split=6, estimator__n_estimators=20; total time=   0.0s
[CV] END estimator__criterion=absolute_error, estimator__max_depth=14, estimator__min_samples_split=6, estimator__n_estimators=20; total time=   0.0s
[CV] END estimator__criterion=absolute_error, estimator__max_depth=14, estimator__min_samples_split=6, estimator__n_estimators=40; total time=   0.1s
[CV] END estimator__criterion=absolute_error, estimator__max_depth=14, estimator__min_samples_split=6, estimator__n_estimators=40; total time=   0.1s
[CV] END estimator__criterion=absolute_error, estimator__max_depth=15, estimator__min_samples_split=3, estimator__n_estimators=40; total time=   0.1s
[CV] END estimator__criterion=absolute_error, estimator__max_depth=15, estimator__min_samples_split=3, estimator__n_estimators=60; total time=   0.2s
[CV] END estimator__criterion=absolute_error, estimator__max_depth=15, estimator__min_samples_split=3, estimator__n_estimators=60; total time=   0.2s
[CV] END estimator__criterion=absolute_error, estimator__max_depth=15, estimator__min_samples_split=3, estimator__n_estimators=60; total time=   0.2s
[CV] END estimator__criterion=absolute_error, estimator__max_depth=16, estimator__min_samples_split=3, estimator__n_estimators=80; total time=   0.3s
[CV] END estimator__criterion=absolute_error, estimator__max_depth=16, estimator__min_samples_split=3, estimator__n_estimators=80; total time=   0.3s
[CV] END estimator__criterion=absolute_error, estimator__max_depth=16, estimator__min_samples_split=3, estimator__n_estimators=80; total time=   0.3s
[CV] END estimator__criterion=absolute_error, estimator__max_depth=16, estimator__min_samples_split=3, estimator__n_estimators=80; total time=   0.3s
[CV] END estimator__criterion=absolute_error, estimator__max_depth=17, estimator__min_samples_split=5, estimator__n_estimators=100; total time=   0.3s
[CV] END estimator__criterion=absolute_error, estimator__max_depth=18, estimator__min_samples_split=2, estimator__n_estimators=20; total time=   0.0s
[CV] END estimator__criterion=absolute_error, estimator__max_depth=18, estimator__min_samples_split=2, estimator__n_estimators=40; total time=   0.1s
[CV] END estimator__criterion=absolute_error, estimator__max_depth=18, estimator__min_samples_split=3, estimator__n_estimators=20; total time=   0.0s
[CV] END estimator__criterion=absolute_error, estimator__max_depth=18, estimator__min_samples_split=3, estimator__n_estimators=40; total time=   0.1s
[CV] END estimator__criterion=absolute_error, estimator__max_depth=18, estimator__min_samples_split=4, estimator__n_estimators=20; total time=   0.0s
[CV] END estimator__criterion=absolute_error, estimator__max_depth=18, estimator__min_samples_split=4, estimator__n_estimators=40; total time=   0.1s
[CV] END estimator__criterion=absolute_error, estimator__max_depth=18, estimator__min_samples_split=5, estimator__n_estimators=20; total time=   0.0s
[CV] END estimator__criterion=absolute_error, estimator__max_depth=18, estimator__min_samples_split=5, estimator__n_estimators=80; total time=   0.2s
[CV] END estimator__criterion=squared_error, estimator__max_depth=14, estimator__min_samples_split=2, estimator__n_estimators=100; total time=   0.1s
[CV] END estimator__criterion=squared_error, estimator__max_depth=16, estimator__min_samples_split=2, estimator__n_estimators=60; total time=   0.0s
[CV] END estimator__criterion=squared_error, estimator__max_depth=16, estimator__min_samples_split=4, estimator__n_estimators=20; total time=   0.0s
[CV] END estimator__criterion=squared_error, estimator__max_depth=16, estimator__min_samples_split=4, estimator__n_estimators=60; total time=   0.0s
[CV] END estimator__criterion=squared_error, estimator__max_depth=16, estimator__min_samples_split=6, estimator__n_estimators=40; total time=   0.0s
[CV] END estimator__criterion=squared_error, estimator__max_depth=16, estimator__min_samples_split=6, estimator__n_estimators=40; total time=   0.0s
[CV] END estimator__criterion=squared_error, estimator__max_depth=17, estimator__min_samples_split=3, estimator__n_estimators=20; total time=   0.0s
[CV] END estimator__criterion=squared_error, estimator__max_depth=17, estimator__min_samples_split=3, estimator__n_estimators=20; total time=   0.0s
[CV] END estimator__criterion=squared_error, estimator__max_depth=17, estimator__min_samples_split=3, estimator__n_estimators=80; total time=   0.0s
[CV] END estimator__criterion=squared_error, estimator__max_depth=17, estimator__min_samples_split=3, estimator__n_estimators=80; total time=   0.0s
[CV] END estimator__criterion=squared_error, estimator__max_depth=18, estimator__min_samples_split=2, estimator__n_estimators=100; total time=   0.0s
[CV] END estimator__criterion=squared_error, estimator__max_depth=18, estimator__min_samples_split=3, estimator__n_estimators=20; total time=   0.0s
[CV] END estimator__criterion=squared_error, estimator__max_depth=18, estimator__min_samples_split=3, estimator__n_estimators=20; total time=   0.0s
[CV] END estimator__criterion=squared_error, estimator__max_depth=18, estimator__min_samples_split=3, estimator__n_estimators=20; total time=   0.0s
[CV] END estimator__criterion=squared_error, estimator__max_depth=18, estimator__min_samples_split=6, estimator__n_estimators=100; total time=   0.0s
[CV] END estimator__criterion=squared_error, estimator__max_depth=18, estimator__min_samples_split=6, estimator__n_estimators=100; total time=   0.0s
[CV] END estimator__criterion=squared_error, estimator__max_depth=18, estimator__min_samples_split=6, estimator__n_estimators=100; total time=   0.0s
[CV] END estimator__criterion=squared_error, estimator__max_depth=18, estimator__min_samples_split=6, estimator__n_estimators=100; total time=   0.0s
[CV] END estimator__criterion=absolute_error, estimator__max_depth=14, estimator__min_samples_split=6, estimator__n_estimators=100; total time=   0.3s
[CV] END estimator__criterion=absolute_error, estimator__max_depth=14, estimator__min_samples_split=6, estimator__n_estimators=100; total time=   0.3s
[CV] END estimator__criterion=absolute_error, estimator__max_depth=15, estimator__min_samples_split=2, estimator__n_estimators=20; total time=   0.0s
[CV] END estimator__criterion=absolute_error, estimator__max_depth=15, estimator__min_samples_split=2, estimator__n_estimators=20; total time=   0.0s
[CV] END estimator__criterion=absolute_error, estimator__max_depth=15, estimator__min_samples_split=5, estimator__n_estimators=40; total time=   0.1s
[CV] END estimator__criterion=absolute_error, estimator__max_depth=15, estimator__min_samples_split=5, estimator__n_estimators=40; total time=   0.1s
[CV] END estimator__criterion=absolute_error, estimator__max_depth=15, estimator__min_samples_split=5, estimator__n_estimators=40; total time=   0.1s
[CV] END estimator__criterion=absolute_error, estimator__max_depth=15, estimator__min_samples_split=5, estimator__n_estimators=60; total time=   0.1s
[CV] END estimator__criterion=absolute_error, estimator__max_depth=16, estimator__min_samples_split=3, estimator__n_estimators=40; total time=   0.1s
[CV] END estimator__criterion=absolute_error, estimator__max_depth=16, estimator__min_samples_split=3, estimator__n_estimators=40; total time=   0.1s
[CV] END estimator__criterion=absolute_error, estimator__max_depth=16, estimator__min_samples_split=3, estimator__n_estimators=60; total time=   0.2s
[CV] END estimator__criterion=absolute_error, estimator__max_depth=16, estimator__min_samples_split=3, estimator__n_estimators=60; total time=   0.1s
[CV] END estimator__criterion=absolute_error, estimator__max_depth=17, estimator__min_samples_split=2, estimator__n_estimators=80; total time=   0.2s
[CV] END estimator__criterion=absolute_error, estimator__max_depth=17, estimator__min_samples_split=2, estimator__n_estimators=80; total time=   0.2s
[CV] END estimator__criterion=absolute_error, estimator__max_depth=17, estimator__min_samples_split=2, estimator__n_estimators=80; total time=   0.3s
[CV] END estimator__criterion=absolute_error, estimator__max_depth=17, estimator__min_samples_split=2, estimator__n_estimators=80; total time=   0.3s
[CV] END estimator__criterion=absolute_error, estimator__max_depth=18, estimator__min_samples_split=2, estimator__n_estimators=80; total time=   0.3s
[CV] END estimator__criterion=absolute_error, estimator__max_depth=18, estimator__min_samples_split=4, estimator__n_estimators=40; total time=   0.1s
[CV] END estimator__criterion=absolute_error, estimator__max_depth=18, estimator__min_samples_split=5, estimator__n_estimators=40; total time=   0.1s
[CV] END estimator__criterion=absolute_error, estimator__max_depth=18, estimator__min_samples_split=6, estimator__n_estimators=40; total time=   0.1s
[CV] END estimator__criterion=squared_error, estimator__max_depth=14, estimator__min_samples_split=2, estimator__n_estimators=80; total time=   0.0s
[CV] END estimator__criterion=squared_error, estimator__max_depth=14, estimator__min_samples_split=6, estimator__n_estimators=20; total time=   0.0s
[CV] END estimator__criterion=squared_error, estimator__max_depth=14, estimator__min_samples_split=6, estimator__n_estimators=60; total time=   0.0s
[CV] END estimator__criterion=squared_error, estimator__max_depth=15, estimator__min_samples_split=2, estimator__n_estimators=20; total time=   0.0s
[CV] END estimator__criterion=squared_error, estimator__max_depth=15, estimator__min_samples_split=2, estimator__n_estimators=40; total time=   0.0s
[CV] END estimator__criterion=squared_error, estimator__max_depth=15, estimator__min_samples_split=2, estimator__n_estimators=80; total time=   0.0s
[CV] END estimator__criterion=squared_error, estimator__max_depth=15, estimator__min_samples_split=3, estimator__n_estimators=60; total time=   0.0s
[CV] END estimator__criterion=squared_error, estimator__max_depth=15, estimator__min_samples_split=4, estimator__n_estimators=60; total time=   0.0s
[CV] END estimator__criterion=squared_error, estimator__max_depth=15, estimator__min_samples_split=5, estimator__n_estimators=20; total time=   0.0s
[CV] END estimator__criterion=squared_error, estimator__max_depth=15, estimator__min_samples_split=5, estimator__n_estimators=60; total time=   0.0s
[CV] END estimator__criterion=squared_error, estimator__max_depth=15, estimator__min_samples_split=6, estimator__n_estimators=20; total time=   0.0s
[CV] END estimator__criterion=squared_error, estimator__max_depth=15, estimator__min_samples_split=6, estimator__n_estimators=60; total time=   0.0s
[CV] END estimator__criterion=squared_error, estimator__max_depth=16, estimator__min_samples_split=2, estimator__n_estimators=60; total time=   0.0s
[CV] END estimator__criterion=squared_error, estimator__max_depth=16, estimator__min_samples_split=3, estimator__n_estimators=80; total time=   0.0s
[CV] END estimator__criterion=squared_error, estimator__max_depth=16, estimator__min_samples_split=5, estimator__n_estimators=40; total time=   0.0s
[CV] END estimator__criterion=squared_error, estimator__max_depth=16, estimator__min_samples_split=5, estimator__n_estimators=40; total time=   0.0s
[CV] END estimator__criterion=squared_error, estimator__max_depth=17, estimator__min_samples_split=2, estimator__n_estimators=80; total time=   0.0s
[CV] END estimator__criterion=squared_error, estimator__max_depth=17, estimator__min_samples_split=2, estimator__n_estimators=80; total time=   0.0s
[CV] END estimator__criterion=squared_error, estimator__max_depth=17, estimator__min_samples_split=6, estimator__n_estimators=80; total time=   0.0s
[CV] END estimator__criterion=squared_error, estimator__max_depth=17, estimator__min_samples_split=6, estimator__n_estimators=80; total time=   0.0s
[CV] END estimator__criterion=squared_error, estimator__max_depth=17, estimator__min_samples_split=6, estimator__n_estimators=80; total time=   0.0s
[CV] END estimator__criterion=squared_error, estimator__max_depth=17, estimator__min_samples_split=6, estimator__n_estimators=100; total time=   0.0s
[CV] END estimator__criterion=absolute_error, estimator__max_depth=14, estimator__min_samples_split=3, estimator__n_estimators=60; total time=   0.2s
[CV] END estimator__criterion=absolute_error, estimator__max_depth=14, estimator__min_samples_split=3, estimator__n_estimators=60; total time=   0.2s
[CV] END estimator__criterion=absolute_error, estimator__max_depth=14, estimator__min_samples_split=3, estimator__n_estimators=60; total time=   0.2s
[CV] END estimator__criterion=absolute_error, estimator__max_depth=14, estimator__min_samples_split=3, estimator__n_estimators=60; total time=   0.2s
[CV] END estimator__criterion=absolute_error, estimator__max_depth=15, estimator__min_samples_split=5, estimator__n_estimators=20; total time=   0.0s
[CV] END estimator__criterion=absolute_error, estimator__max_depth=15, estimator__min_samples_split=5, estimator__n_estimators=20; total time=   0.0s
[CV] END estimator__criterion=absolute_error, estimator__max_depth=15, estimator__min_samples_split=5, estimator__n_estimators=40; total time=   0.1s
[CV] END estimator__criterion=absolute_error, estimator__max_depth=15, estimator__min_samples_split=5, estimator__n_estimators=40; total time=   0.1s
[CV] END estimator__criterion=absolute_error, estimator__max_depth=16, estimator__min_samples_split=3, estimator__n_estimators=20; total time=   0.0s
[CV] END estimator__criterion=absolute_error, estimator__max_depth=16, estimator__min_samples_split=3, estimator__n_estimators=40; total time=   0.1s
[CV] END estimator__criterion=absolute_error, estimator__max_depth=16, estimator__min_samples_split=3, estimator__n_estimators=40; total time=   0.1s
[CV] END estimator__criterion=absolute_error, estimator__max_depth=16, estimator__min_samples_split=3, estimator__n_estimators=40; total time=   0.1s
[CV] END estimator__criterion=absolute_error, estimator__max_depth=16, estimator__min_samples_split=6, estimator__n_estimators=100; total time=   0.4s
[CV] END estimator__criterion=absolute_error, estimator__max_depth=16, estimator__min_samples_split=6, estimator__n_estimators=100; total time=   0.4s
[CV] END estimator__criterion=absolute_error, estimator__max_depth=16, estimator__min_samples_split=6, estimator__n_estimators=100; total time=   0.4s
[CV] END estimator__criterion=absolute_error, estimator__max_depth=16, estimator__min_samples_split=6, estimator__n_estimators=100; total time=   0.4s
[CV] END estimator__criterion=absolute_error, estimator__max_depth=18, estimator__min_samples_split=3, estimator__n_estimators=100; total time=   0.3s
[CV] END estimator__criterion=absolute_error, estimator__max_depth=18, estimator__min_samples_split=5, estimator__n_estimators=80; total time=   0.2s
[CV] END estimator__criterion=squared_error, estimator__max_depth=14, estimator__min_samples_split=2, estimator__n_estimators=40; total time=   0.0s
[CV] END estimator__criterion=squared_error, estimator__max_depth=14, estimator__min_samples_split=4, estimator__n_estimators=60; total time=   0.0s
[CV] END estimator__criterion=squared_error, estimator__max_depth=14, estimator__min_samples_split=4, estimator__n_estimators=80; total time=   0.0s
[CV] END estimator__criterion=squared_error, estimator__max_depth=14, estimator__min_samples_split=5, estimator__n_estimators=20; total time=   0.0s
[CV] END estimator__criterion=squared_error, estimator__max_depth=14, estimator__min_samples_split=5, estimator__n_estimators=40; total time=   0.0s
[CV] END estimator__criterion=squared_error, estimator__max_depth=14, estimator__min_samples_split=5, estimator__n_estimators=80; total time=   0.0s
[CV] END estimator__criterion=squared_error, estimator__max_depth=14, estimator__min_samples_split=6, estimator__n_estimators=40; total time=   0.0s
[CV] END estimator__criterion=squared_error, estimator__max_depth=14, estimator__min_samples_split=6, estimator__n_estimators=80; total time=   0.0s
[CV] END estimator__criterion=squared_error, estimator__max_depth=15, estimator__min_samples_split=2, estimator__n_estimators=40; total time=   0.0s
[CV] END estimator__criterion=squared_error, estimator__max_depth=15, estimator__min_samples_split=2, estimator__n_estimators=100; total time=   0.0s
[CV] END estimator__criterion=squared_error, estimator__max_depth=15, estimator__min_samples_split=3, estimator__n_estimators=100; total time=   0.0s
[CV] END estimator__criterion=squared_error, estimator__max_depth=15, estimator__min_samples_split=4, estimator__n_estimators=100; total time=   0.0s
[CV] END estimator__criterion=squared_error, estimator__max_depth=15, estimator__min_samples_split=5, estimator__n_estimators=100; total time=   0.0s
[CV] END estimator__criterion=squared_error, estimator__max_depth=16, estimator__min_samples_split=2, estimator__n_estimators=60; total time=   0.0s
[CV] END estimator__criterion=squared_error, estimator__max_depth=16, estimator__min_samples_split=3, estimator__n_estimators=100; total time=   0.0s
[CV] END estimator__criterion=squared_error, estimator__max_depth=16, estimator__min_samples_split=6, estimator__n_estimators=60; total time=   0.0s
[CV] END estimator__criterion=squared_error, estimator__max_depth=16, estimator__min_samples_split=6, estimator__n_estimators=60; total time=   0.0s
[CV] END estimator__criterion=squared_error, estimator__max_depth=17, estimator__min_samples_split=3, estimator__n_estimators=60; total time=   0.0s
[CV] END estimator__criterion=squared_error, estimator__max_depth=17, estimator__min_samples_split=3, estimator__n_estimators=80; total time=   0.0s
[CV] END estimator__criterion=squared_error, estimator__max_depth=18, estimator__min_samples_split=2, estimator__n_estimators=40; total time=   0.0s
[CV] END estimator__criterion=squared_error, estimator__max_depth=18, estimator__min_samples_split=2, estimator__n_estimators=40; total time=   0.0s
[CV] END estimator__criterion=squared_error, estimator__max_depth=18, estimator__min_samples_split=2, estimator__n_estimators=60; total time=   0.0s
[CV] END estimator__criterion=squared_error, estimator__max_depth=18, estimator__min_samples_split=2, estimator__n_estimators=60; total time=   0.0s
[CV] END estimator__criterion=absolute_error, estimator__max_depth=14, estimator__min_samples_split=2, estimator__n_estimators=40; total time=   0.1s
[CV] END estimator__criterion=absolute_error, estimator__max_depth=14, estimator__min_samples_split=2, estimator__n_estimators=40; total time=   0.1s
[CV] END estimator__criterion=absolute_error, estimator__max_depth=14, estimator__min_samples_split=2, estimator__n_estimators=40; total time=   0.1s
[CV] END estimator__criterion=absolute_error, estimator__max_depth=14, estimator__min_samples_split=2, estimator__n_estimators=60; total time=   0.2s
[CV] END estimator__criterion=absolute_error, estimator__max_depth=15, estimator__min_samples_split=3, estimator__n_estimators=40; total time=   0.1s
[CV] END estimator__criterion=absolute_error, estimator__max_depth=15, estimator__min_samples_split=3, estimator__n_estimators=40; total time=   0.1s
[CV] END estimator__criterion=absolute_error, estimator__max_depth=15, estimator__min_samples_split=3, estimator__n_estimators=40; total time=   0.1s
[CV] END estimator__criterion=absolute_error, estimator__max_depth=15, estimator__min_samples_split=3, estimator__n_estimators=40; total time=   0.1s
[CV] END estimator__criterion=absolute_error, estimator__max_depth=15, estimator__min_samples_split=5, estimator__n_estimators=80; total time=   0.2s
[CV] END estimator__criterion=absolute_error, estimator__max_depth=15, estimator__min_samples_split=5, estimator__n_estimators=80; total time=   0.2s
[CV] END estimator__criterion=absolute_error, estimator__max_depth=15, estimator__min_samples_split=5, estimator__n_estimators=80; total time=   0.2s
[CV] END estimator__criterion=absolute_error, estimator__max_depth=15, estimator__min_samples_split=5, estimator__n_estimators=80; total time=   0.2s
[CV] END estimator__criterion=absolute_error, estimator__max_depth=17, estimator__min_samples_split=2, estimator__n_estimators=20; total time=   0.0s
[CV] END estimator__criterion=absolute_error, estimator__max_depth=17, estimator__min_samples_split=2, estimator__n_estimators=40; total time=   0.1s
[CV] END estimator__criterion=absolute_error, estimator__max_depth=17, estimator__min_samples_split=2, estimator__n_estimators=40; total time=   0.1s
[CV] END estimator__criterion=absolute_error, estimator__max_depth=17, estimator__min_samples_split=2, estimator__n_estimators=40; total time=   0.1s
[CV] END estimator__criterion=absolute_error, estimator__max_depth=17, estimator__min_samples_split=4, estimator__n_estimators=60; total time=   0.1s
[CV] END estimator__criterion=absolute_error, estimator__max_depth=17, estimator__min_samples_split=4, estimator__n_estimators=60; total time=   0.1s
[CV] END estimator__criterion=absolute_error, estimator__max_depth=17, estimator__min_samples_split=4, estimator__n_estimators=60; total time=   0.2s
[CV] END estimator__criterion=absolute_error, estimator__max_depth=17, estimator__min_samples_split=4, estimator__n_estimators=60; total time=   0.1s
[CV] END estimator__criterion=absolute_error, estimator__max_depth=18, estimator__min_samples_split=2, estimator__n_estimators=60; total time=   0.2s
[CV] END estimator__criterion=absolute_error, estimator__max_depth=18, estimator__min_samples_split=3, estimator__n_estimators=60; total time=   0.2s
[CV] END estimator__criterion=absolute_error, estimator__max_depth=18, estimator__min_samples_split=4, estimator__n_estimators=60; total time=   0.1s
[CV] END estimator__criterion=absolute_error, estimator__max_depth=18, estimator__min_samples_split=5, estimator__n_estimators=80; total time=   0.2s
[CV] END estimator__criterion=squared_error, estimator__max_depth=14, estimator__min_samples_split=2, estimator__n_estimators=100; total time=   0.0s
[CV] END estimator__criterion=squared_error, estimator__max_depth=16, estimator__min_samples_split=3, estimator__n_estimators=20; total time=   0.0s
[CV] END estimator__criterion=squared_error, estimator__max_depth=16, estimator__min_samples_split=3, estimator__n_estimators=60; total time=   0.0s
[CV] END estimator__criterion=squared_error, estimator__max_depth=16, estimator__min_samples_split=4, estimator__n_estimators=60; total time=   0.0s
[CV] END estimator__criterion=squared_error, estimator__max_depth=16, estimator__min_samples_split=6, estimator__n_estimators=60; total time=   0.0s
[CV] END estimator__criterion=squared_error, estimator__max_depth=16, estimator__min_samples_split=6, estimator__n_estimators=60; total time=   0.0s
[CV] END estimator__criterion=squared_error, estimator__max_depth=17, estimator__min_samples_split=3, estimator__n_estimators=80; total time=   0.0s
[CV] END estimator__criterion=squared_error, estimator__max_depth=17, estimator__min_samples_split=3, estimator__n_estimators=80; total time=   0.0s
[CV] END estimator__criterion=squared_error, estimator__max_depth=18, estimator__min_samples_split=3, estimator__n_estimators=20; total time=   0.0s
[CV] END estimator__criterion=squared_error, estimator__max_depth=18, estimator__min_samples_split=3, estimator__n_estimators=20; total time=   0.0s
[CV] END estimator__criterion=squared_error, estimator__max_depth=18, estimator__min_samples_split=3, estimator__n_estimators=40; total time=   0.0s
[CV] END estimator__criterion=squared_error, estimator__max_depth=18, estimator__min_samples_split=3, estimator__n_estimators=40; total time=   0.0s
[CV] END estimator__criterion=squared_error, estimator__max_depth=18, estimator__min_samples_split=6, estimator__n_estimators=20; total time=   0.0s
[CV] END estimator__criterion=squared_error, estimator__max_depth=18, estimator__min_samples_split=6, estimator__n_estimators=40; total time=   0.0s
[CV] END estimator__criterion=squared_error, estimator__max_depth=18, estimator__min_samples_split=6, estimator__n_estimators=40; total time=   0.0s
[CV] END estimator__criterion=squared_error, estimator__max_depth=18, estimator__min_samples_split=6, estimator__n_estimators=40; total time=   0.0s
[CV] END estimator__criterion=absolute_error, estimator__max_depth=14, estimator__min_samples_split=4, estimator__n_estimators=20; total time=   0.0s
[CV] END estimator__criterion=absolute_error, estimator__max_depth=14, estimator__min_samples_split=4, estimator__n_estimators=20; total time=   0.0s
[CV] END estimator__criterion=absolute_error, estimator__max_depth=14, estimator__min_samples_split=4, estimator__n_estimators=20; total time=   0.0s
[CV] END estimator__criterion=absolute_error, estimator__max_depth=14, estimator__min_samples_split=4, estimator__n_estimators=20; total time=   0.0s
[CV] END estimator__criterion=absolute_error, estimator__max_depth=15, estimator__min_samples_split=2, estimator__n_estimators=60; total time=   0.2s
[CV] END estimator__criterion=absolute_error, estimator__max_depth=15, estimator__min_samples_split=2, estimator__n_estimators=80; total time=   0.3s
[CV] END estimator__criterion=absolute_error, estimator__max_depth=15, estimator__min_samples_split=2, estimator__n_estimators=80; total time=   0.3s
[CV] END estimator__criterion=absolute_error, estimator__max_depth=15, estimator__min_samples_split=2, estimator__n_estimators=80; total time=   0.3s
[CV] END estimator__criterion=absolute_error, estimator__max_depth=16, estimator__min_samples_split=4, estimator__n_estimators=60; total time=   0.2s
[CV] END estimator__criterion=absolute_error, estimator__max_depth=16, estimator__min_samples_split=4, estimator__n_estimators=60; total time=   0.2s
[CV] END estimator__criterion=absolute_error, estimator__max_depth=16, estimator__min_samples_split=4, estimator__n_estimators=60; total time=   0.2s
[CV] END estimator__criterion=absolute_error, estimator__max_depth=16, estimator__min_samples_split=4, estimator__n_estimators=60; total time=   0.2s
[CV] END estimator__criterion=absolute_error, estimator__max_depth=17, estimator__min_samples_split=5, estimator__n_estimators=20; total time=   0.0s
[CV] END estimator__criterion=absolute_error, estimator__max_depth=17, estimator__min_samples_split=5, estimator__n_estimators=20; total time=   0.0s
[CV] END estimator__criterion=absolute_error, estimator__max_depth=17, estimator__min_samples_split=5, estimator__n_estimators=20; total time=   0.0s
[CV] END estimator__criterion=absolute_error, estimator__max_depth=17, estimator__min_samples_split=5, estimator__n_estimators=20; total time=   0.0s
[CV] END estimator__criterion=absolute_error, estimator__max_depth=17, estimator__min_samples_split=5, estimator__n_estimators=100; total time=   0.4s
[CV] END estimator__criterion=absolute_error, estimator__max_depth=18, estimator__min_samples_split=2, estimator__n_estimators=80; total time=   0.3s
[CV] END estimator__criterion=absolute_error, estimator__max_depth=18, estimator__min_samples_split=4, estimator__n_estimators=40; total time=   0.1s
[CV] END estimator__criterion=absolute_error, estimator__max_depth=18, estimator__min_samples_split=5, estimator__n_estimators=40; total time=   0.1s
[CV] END estimator__criterion=absolute_error, estimator__max_depth=18, estimator__min_samples_split=6, estimator__n_estimators=40; total time=   0.1s
[CV] END estimator__criterion=squared_error, estimator__max_depth=14, estimator__min_samples_split=2, estimator__n_estimators=80; total time=   0.0s
[CV] END estimator__criterion=squared_error, estimator__max_depth=16, estimator__min_samples_split=2, estimator__n_estimators=100; total time=   0.0s
[CV] END estimator__criterion=squared_error, estimator__max_depth=16, estimator__min_samples_split=5, estimator__n_estimators=60; total time=   0.0s
[CV] END estimator__criterion=squared_error, estimator__max_depth=16, estimator__min_samples_split=5, estimator__n_estimators=60; total time=   0.0s
[CV] END estimator__criterion=squared_error, estimator__max_depth=17, estimator__min_samples_split=3, estimator__n_estimators=60; total time=   0.0s
[CV] END estimator__criterion=squared_error, estimator__max_depth=17, estimator__min_samples_split=3, estimator__n_estimators=60; total time=   0.0s
[CV] END estimator__criterion=squared_error, estimator__max_depth=18, estimator__min_samples_split=2, estimator__n_estimators=60; total time=   0.0s
[CV] END estimator__criterion=squared_error, estimator__max_depth=18, estimator__min_samples_split=2, estimator__n_estimators=60; total time=   0.0s
[CV] END estimator__criterion=squared_error, estimator__max_depth=18, estimator__min_samples_split=2, estimator__n_estimators=60; total time=   0.0s
[CV] END estimator__criterion=squared_error, estimator__max_depth=18, estimator__min_samples_split=2, estimator__n_estimators=80; total time=   0.0s
[CV] END estimator__criterion=absolute_error, estimator__max_depth=14, estimator__min_samples_split=4, estimator__n_estimators=100; total time=   0.4s
[CV] END estimator__criterion=absolute_error, estimator__max_depth=14, estimator__min_samples_split=4, estimator__n_estimators=100; total time=   0.4s
[CV] END estimator__criterion=absolute_error, estimator__max_depth=14, estimator__min_samples_split=4, estimator__n_estimators=100; total time=   0.4s
[CV] END estimator__criterion=absolute_error, estimator__max_depth=14, estimator__min_samples_split=4, estimator__n_estimators=100; total time=   0.4s
[CV] END estimator__criterion=absolute_error, estimator__max_depth=16, estimator__min_samples_split=4, estimator__n_estimators=40; total time=   0.1s
[CV] END estimator__criterion=absolute_error, estimator__max_depth=16, estimator__min_samples_split=4, estimator__n_estimators=40; total time=   0.1s
[CV] END estimator__criterion=absolute_error, estimator__max_depth=16, estimator__min_samples_split=4, estimator__n_estimators=40; total time=   0.1s
[CV] END estimator__criterion=absolute_error, estimator__max_depth=16, estimator__min_samples_split=4, estimator__n_estimators=60; total time=   0.2s
[CV] END estimator__criterion=absolute_error, estimator__max_depth=17, estimator__min_samples_split=4, estimator__n_estimators=20; total time=   0.0s
[CV] END estimator__criterion=absolute_error, estimator__max_depth=17, estimator__min_samples_split=4, estimator__n_estimators=20; total time=   0.0s
[CV] END estimator__criterion=absolute_error, estimator__max_depth=17, estimator__min_samples_split=4, estimator__n_estimators=20; total time=   0.0s
[CV] END estimator__criterion=absolute_error, estimator__max_depth=17, estimator__min_samples_split=4, estimator__n_estimators=40; total time=   0.1s
[CV] END estimator__criterion=absolute_error, estimator__max_depth=17, estimator__min_samples_split=5, estimator__n_estimators=80; total time=   0.3s
[CV] END estimator__criterion=absolute_error, estimator__max_depth=17, estimator__min_samples_split=6, estimator__n_estimators=80; total time=   0.3s
[CV] END estimator__criterion=absolute_error, estimator__max_depth=18, estimator__min_samples_split=3, estimator__n_estimators=20; total time=   0.0s
[CV] END estimator__criterion=absolute_error, estimator__max_depth=18, estimator__min_samples_split=3, estimator__n_estimators=60; total time=   0.2s
[CV] END estimator__criterion=absolute_error, estimator__max_depth=18, estimator__min_samples_split=4, estimator__n_estimators=100; total time=   0.4s
[CV] END estimator__criterion=absolute_error, estimator__max_depth=17, estimator__min_samples_split=6, estimator__n_estimators=100; total time=   0.4s
[CV] END estimator__criterion=absolute_error, estimator__max_depth=18, estimator__min_samples_split=3, estimator__n_estimators=80; total time=   0.3s
[CV] END estimator__criterion=absolute_error, estimator__max_depth=18, estimator__min_samples_split=5, estimator__n_estimators=40; total time=   0.1s
[CV] END estimator__criterion=absolute_error, estimator__max_depth=18, estimator__min_samples_split=6, estimator__n_estimators=40; total time=   0.1s
[CV] END estimator__criterion=squared_error, estimator__max_depth=14, estimator__min_samples_split=2, estimator__n_estimators=20; total time=   0.0s
[CV] END estimator__criterion=squared_error, estimator__max_depth=14, estimator__min_samples_split=3, estimator__n_estimators=80; total time=   0.0s
[CV] END estimator__criterion=squared_error, estimator__max_depth=14, estimator__min_samples_split=3, estimator__n_estimators=100; total time=   0.0s
[CV] END estimator__criterion=squared_error, estimator__max_depth=14, estimator__min_samples_split=4, estimator__n_estimators=40; total time=   0.0s
[CV] END estimator__criterion=squared_error, estimator__max_depth=14, estimator__min_samples_split=4, estimator__n_estimators=60; total time=   0.0s
[CV] END estimator__criterion=squared_error, estimator__max_depth=14, estimator__min_samples_split=4, estimator__n_estimators=100; total time=   0.0s
[CV] END estimator__criterion=squared_error, estimator__max_depth=14, estimator__min_samples_split=5, estimator__n_estimators=60; total time=   0.0s
[CV] END estimator__criterion=squared_error, estimator__max_depth=14, estimator__min_samples_split=5, estimator__n_estimators=100; total time=   0.0s
[CV] END estimator__criterion=squared_error, estimator__max_depth=14, estimator__min_samples_split=6, estimator__n_estimators=100; total time=   0.0s
[CV] END estimator__criterion=squared_error, estimator__max_depth=15, estimator__min_samples_split=2, estimator__n_estimators=80; total time=   0.0s
[CV] END estimator__criterion=squared_error, estimator__max_depth=15, estimator__min_samples_split=3, estimator__n_estimators=80; total time=   0.0s
[CV] END estimator__criterion=squared_error, estimator__max_depth=15, estimator__min_samples_split=4, estimator__n_estimators=60; total time=   0.0s
[CV] END estimator__criterion=squared_error, estimator__max_depth=15, estimator__min_samples_split=5, estimator__n_estimators=20; total time=   0.0s
[CV] END estimator__criterion=squared_error, estimator__max_depth=15, estimator__min_samples_split=5, estimator__n_estimators=60; total time=   0.0s
[CV] END estimator__criterion=squared_error, estimator__max_depth=15, estimator__min_samples_split=6, estimator__n_estimators=20; total time=   0.0s
[CV] END estimator__criterion=squared_error, estimator__max_depth=15, estimator__min_samples_split=6, estimator__n_estimators=60; total time=   0.0s
[CV] END estimator__criterion=squared_error, estimator__max_depth=16, estimator__min_samples_split=2, estimator__n_estimators=40; total time=   0.0s
[CV] END estimator__criterion=squared_error, estimator__max_depth=16, estimator__min_samples_split=3, estimator__n_estimators=40; total time=   0.0s
[CV] END estimator__criterion=squared_error, estimator__max_depth=16, estimator__min_samples_split=4, estimator__n_estimators=60; total time=   0.0s
[CV] END estimator__criterion=squared_error, estimator__max_depth=16, estimator__min_samples_split=6, estimator__n_estimators=20; total time=   0.0s
[CV] END estimator__criterion=squared_error, estimator__max_depth=16, estimator__min_samples_split=6, estimator__n_estimators=40; total time=   0.0s
[CV] END estimator__criterion=squared_error, estimator__max_depth=17, estimator__min_samples_split=2, estimator__n_estimators=80; total time=   0.0s
[CV] END estimator__criterion=squared_error, estimator__max_depth=17, estimator__min_samples_split=2, estimator__n_estimators=100; total time=   0.0s
[CV] END estimator__criterion=squared_error, estimator__max_depth=18, estimator__min_samples_split=2, estimator__n_estimators=100; total time=   0.0s
[CV] END estimator__criterion=squared_error, estimator__max_depth=18, estimator__min_samples_split=2, estimator__n_estimators=100; total time=   0.0s
[CV] END estimator__criterion=squared_error, estimator__max_depth=18, estimator__min_samples_split=2, estimator__n_estimators=100; total time=   0.1s
[CV] END estimator__criterion=squared_error, estimator__max_depth=18, estimator__min_samples_split=2, estimator__n_estimators=100; total time=   0.0s
[CV] END estimator__criterion=absolute_error, estimator__max_depth=14, estimator__min_samples_split=6, estimator__n_estimators=80; total time=   0.3s
[CV] END estimator__criterion=absolute_error, estimator__max_depth=14, estimator__min_samples_split=6, estimator__n_estimators=80; total time=   0.3s
[CV] END estimator__criterion=absolute_error, estimator__max_depth=14, estimator__min_samples_split=6, estimator__n_estimators=80; total time=   0.3s
[CV] END estimator__criterion=absolute_error, estimator__max_depth=14, estimator__min_samples_split=6, estimator__n_estimators=80; total time=   0.2s
[CV] END estimator__criterion=absolute_error, estimator__max_depth=16, estimator__min_samples_split=2, estimator__n_estimators=60; total time=   0.2s
[CV] END estimator__criterion=absolute_error, estimator__max_depth=16, estimator__min_samples_split=2, estimator__n_estimators=60; total time=   0.2s
[CV] END estimator__criterion=absolute_error, estimator__max_depth=16, estimator__min_samples_split=2, estimator__n_estimators=80; total time=   0.2s
[CV] END estimator__criterion=absolute_error, estimator__max_depth=16, estimator__min_samples_split=2, estimator__n_estimators=80; total time=   0.2s
[CV] END estimator__criterion=absolute_error, estimator__max_depth=17, estimator__min_samples_split=3, estimator__n_estimators=80; total time=   0.2s
[CV] END estimator__criterion=absolute_error, estimator__max_depth=17, estimator__min_samples_split=3, estimator__n_estimators=80; total time=   0.2s
[CV] END estimator__criterion=absolute_error, estimator__max_depth=17, estimator__min_samples_split=3, estimator__n_estimators=80; total time=   0.3s
[CV] END estimator__criterion=absolute_error, estimator__max_depth=17, estimator__min_samples_split=3, estimator__n_estimators=80; total time=   0.3s
[CV] END estimator__criterion=absolute_error, estimator__max_depth=18, estimator__min_samples_split=3, estimator__n_estimators=20; total time=   0.0s
[CV] END estimator__criterion=absolute_error, estimator__max_depth=18, estimator__min_samples_split=3, estimator__n_estimators=60; total time=   0.2s
[CV] END estimator__criterion=absolute_error, estimator__max_depth=18, estimator__min_samples_split=5, estimator__n_estimators=20; total time=   0.0s
[CV] END estimator__criterion=absolute_error, estimator__max_depth=18, estimator__min_samples_split=5, estimator__n_estimators=40; total time=   0.1s
[CV] END estimator__criterion=absolute_error, estimator__max_depth=18, estimator__min_samples_split=6, estimator__n_estimators=40; total time=   0.1s
[CV] END estimator__criterion=squared_error, estimator__max_depth=14, estimator__min_samples_split=2, estimator__n_estimators=40; total time=   0.0s
[CV] END estimator__criterion=squared_error, estimator__max_depth=14, estimator__min_samples_split=3, estimator__n_estimators=60; total time=   0.0s
[CV] END estimator__criterion=squared_error, estimator__max_depth=14, estimator__min_samples_split=3, estimator__n_estimators=60; total time=   0.0s
[CV] END estimator__criterion=squared_error, estimator__max_depth=14, estimator__min_samples_split=3, estimator__n_estimators=80; total time=   0.0s
[CV] END estimator__criterion=squared_error, estimator__max_depth=14, estimator__min_samples_split=3, estimator__n_estimators=100; total time=   0.0s
[CV] END estimator__criterion=squared_error, estimator__max_depth=14, estimator__min_samples_split=4, estimator__n_estimators=40; total time=   0.0s
[CV] END estimator__criterion=squared_error, estimator__max_depth=14, estimator__min_samples_split=4, estimator__n_estimators=60; total time=   0.0s
[CV] END estimator__criterion=squared_error, estimator__max_depth=14, estimator__min_samples_split=4, estimator__n_estimators=80; total time=   0.0s
[CV] END estimator__criterion=squared_error, estimator__max_depth=14, estimator__min_samples_split=5, estimator__n_estimators=20; total time=   0.0s
[CV] END estimator__criterion=squared_error, estimator__max_depth=14, estimator__min_samples_split=5, estimator__n_estimators=60; total time=   0.0s
[CV] END estimator__criterion=squared_error, estimator__max_depth=14, estimator__min_samples_split=5, estimator__n_estimators=100; total time=   0.0s
[CV] END estimator__criterion=squared_error, estimator__max_depth=14, estimator__min_samples_split=6, estimator__n_estimators=100; total time=   0.0s
[CV] END estimator__criterion=squared_error, estimator__max_depth=15, estimator__min_samples_split=2, estimator__n_estimators=60; total time=   0.0s
[CV] END estimator__criterion=squared_error, estimator__max_depth=15, estimator__min_samples_split=3, estimator__n_estimators=40; total time=   0.0s
[CV] END estimator__criterion=squared_error, estimator__max_depth=15, estimator__min_samples_split=3, estimator__n_estimators=80; total time=   0.0s
[CV] END estimator__criterion=squared_error, estimator__max_depth=15, estimator__min_samples_split=4, estimator__n_estimators=100; total time=   0.0s
[CV] END estimator__criterion=squared_error, estimator__max_depth=15, estimator__min_samples_split=6, estimator__n_estimators=20; total time=   0.0s
[CV] END estimator__criterion=squared_error, estimator__max_depth=15, estimator__min_samples_split=6, estimator__n_estimators=60; total time=   0.0s
[CV] END estimator__criterion=squared_error, estimator__max_depth=16, estimator__min_samples_split=2, estimator__n_estimators=100; total time=   0.0s
[CV] END estimator__criterion=squared_error, estimator__max_depth=16, estimator__min_samples_split=4, estimator__n_estimators=100; total time=   0.0s
[CV] END estimator__criterion=squared_error, estimator__max_depth=16, estimator__min_samples_split=5, estimator__n_estimators=20; total time=   0.0s
[CV] END estimator__criterion=squared_error, estimator__max_depth=17, estimator__min_samples_split=3, estimator__n_estimators=40; total time=   0.0s
[CV] END estimator__criterion=squared_error, estimator__max_depth=17, estimator__min_samples_split=3, estimator__n_estimators=40; total time=   0.0s
[CV] END estimator__criterion=squared_error, estimator__max_depth=17, estimator__min_samples_split=4, estimator__n_estimators=100; total time=   0.0s
[CV] END estimator__criterion=squared_error, estimator__max_depth=17, estimator__min_samples_split=4, estimator__n_estimators=100; total time=   0.0s
[CV] END estimator__criterion=squared_error, estimator__max_depth=18, estimator__min_samples_split=5, estimator__n_estimators=60; total time=   0.0s
[CV] END estimator__criterion=squared_error, estimator__max_depth=18, estimator__min_samples_split=5, estimator__n_estimators=60; total time=   0.0s
[CV] END estimator__criterion=squared_error, estimator__max_depth=18, estimator__min_samples_split=5, estimator__n_estimators=80; total time=   0.0s
[CV] END estimator__criterion=squared_error, estimator__max_depth=18, estimator__min_samples_split=5, estimator__n_estimators=80; total time=   0.0s
[CV] END estimator__criterion=absolute_error, estimator__max_depth=14, estimator__min_samples_split=5, estimator__n_estimators=40; total time=   0.1s
[CV] END estimator__criterion=absolute_error, estimator__max_depth=14, estimator__min_samples_split=5, estimator__n_estimators=40; total time=   0.1s
[CV] END estimator__criterion=absolute_error, estimator__max_depth=14, estimator__min_samples_split=5, estimator__n_estimators=60; total time=   0.1s
[CV] END estimator__criterion=absolute_error, estimator__max_depth=14, estimator__min_samples_split=5, estimator__n_estimators=60; total time=   0.1s
[CV] END estimator__criterion=absolute_error, estimator__max_depth=15, estimator__min_samples_split=3, estimator__n_estimators=80; total time=   0.2s
[CV] END estimator__criterion=absolute_error, estimator__max_depth=15, estimator__min_samples_split=3, estimator__n_estimators=80; total time=   0.3s
[CV] END estimator__criterion=absolute_error, estimator__max_depth=15, estimator__min_samples_split=3, estimator__n_estimators=80; total time=   0.2s
[CV] END estimator__criterion=absolute_error, estimator__max_depth=15, estimator__min_samples_split=3, estimator__n_estimators=100; total time=   0.3s
[CV] END estimator__criterion=absolute_error, estimator__max_depth=16, estimator__min_samples_split=5, estimator__n_estimators=60; total time=   0.1s
[CV] END estimator__criterion=absolute_error, estimator__max_depth=16, estimator__min_samples_split=5, estimator__n_estimators=80; total time=   0.2s
[CV] END estimator__criterion=absolute_error, estimator__max_depth=16, estimator__min_samples_split=5, estimator__n_estimators=80; total time=   0.2s
[CV] END estimator__criterion=absolute_error, estimator__max_depth=16, estimator__min_samples_split=5, estimator__n_estimators=80; total time=   0.2s
[CV] END estimator__criterion=absolute_error, estimator__max_depth=17, estimator__min_samples_split=5, estimator__n_estimators=80; total time=   0.2s
[CV] END estimator__criterion=absolute_error, estimator__max_depth=17, estimator__min_samples_split=6, estimator__n_estimators=20; total time=   0.0s
[CV] END estimator__criterion=absolute_error, estimator__max_depth=17, estimator__min_samples_split=6, estimator__n_estimators=60; total time=   0.2s
[CV] END estimator__criterion=absolute_error, estimator__max_depth=18, estimator__min_samples_split=2, estimator__n_estimators=40; total time=   0.1s
[CV] END estimator__criterion=absolute_error, estimator__max_depth=18, estimator__min_samples_split=3, estimator__n_estimators=20; total time=   0.0s
[CV] END estimator__criterion=absolute_error, estimator__max_depth=18, estimator__min_samples_split=3, estimator__n_estimators=60; total time=   0.1s
[CV] END estimator__criterion=absolute_error, estimator__max_depth=18, estimator__min_samples_split=4, estimator__n_estimators=60; total time=   0.1s
[CV] END estimator__criterion=absolute_error, estimator__max_depth=18, estimator__min_samples_split=5, estimator__n_estimators=100; total time=   0.3s
[CV] END estimator__criterion=squared_error, estimator__max_depth=14, estimator__min_samples_split=2, estimator__n_estimators=40; total time=   0.0s
[CV] END estimator__criterion=squared_error, estimator__max_depth=14, estimator__min_samples_split=4, estimator__n_estimators=100; total time=   0.0s
[CV] END estimator__criterion=squared_error, estimator__max_depth=14, estimator__min_samples_split=5, estimator__n_estimators=40; total time=   0.0s
[CV] END estimator__criterion=squared_error, estimator__max_depth=14, estimator__min_samples_split=5, estimator__n_estimators=80; total time=   0.0s
[CV] END estimator__criterion=squared_error, estimator__max_depth=14, estimator__min_samples_split=6, estimator__n_estimators=60; total time=   0.0s
[CV] END estimator__criterion=squared_error, estimator__max_depth=15, estimator__min_samples_split=2, estimator__n_estimators=20; total time=   0.0s
[CV] END estimator__criterion=squared_error, estimator__max_depth=15, estimator__min_samples_split=2, estimator__n_estimators=40; total time=   0.0s
[CV] END estimator__criterion=squared_error, estimator__max_depth=15, estimator__min_samples_split=2, estimator__n_estimators=80; total time=   0.0s
[CV] END estimator__criterion=squared_error, estimator__max_depth=15, estimator__min_samples_split=3, estimator__n_estimators=60; total time=   0.0s
[CV] END estimator__criterion=squared_error, estimator__max_depth=15, estimator__min_samples_split=4, estimator__n_estimators=40; total time=   0.0s
[CV] END estimator__criterion=squared_error, estimator__max_depth=15, estimator__min_samples_split=4, estimator__n_estimators=100; total time=   0.0s
[CV] END estimator__criterion=squared_error, estimator__max_depth=15, estimator__min_samples_split=6, estimator__n_estimators=20; total time=   0.0s
[CV] END estimator__criterion=squared_error, estimator__max_depth=15, estimator__min_samples_split=6, estimator__n_estimators=80; total time=   0.0s
[CV] END estimator__criterion=squared_error, estimator__max_depth=16, estimator__min_samples_split=2, estimator__n_estimators=100; total time=   0.0s
[CV] END estimator__criterion=squared_error, estimator__max_depth=16, estimator__min_samples_split=5, estimator__n_estimators=20; total time=   0.0s
[CV] END estimator__criterion=squared_error, estimator__max_depth=16, estimator__min_samples_split=5, estimator__n_estimators=20; total time=   0.0s
[CV] END estimator__criterion=squared_error, estimator__max_depth=16, estimator__min_samples_split=6, estimator__n_estimators=60; total time=   0.0s
[CV] END estimator__criterion=squared_error, estimator__max_depth=16, estimator__min_samples_split=6, estimator__n_estimators=80; total time=   0.0s
[CV] END estimator__criterion=squared_error, estimator__max_depth=17, estimator__min_samples_split=4, estimator__n_estimators=80; total time=   0.0s
[CV] END estimator__criterion=squared_error, estimator__max_depth=17, estimator__min_samples_split=4, estimator__n_estimators=80; total time=   0.0s
[CV] END estimator__criterion=squared_error, estimator__max_depth=18, estimator__min_samples_split=4, estimator__n_estimators=100; total time=   0.0s
[CV] END estimator__criterion=squared_error, estimator__max_depth=18, estimator__min_samples_split=4, estimator__n_estimators=100; total time=   0.0s
[CV] END estimator__criterion=squared_error, estimator__max_depth=18, estimator__min_samples_split=4, estimator__n_estimators=100; total time=   0.0s
[CV] END estimator__criterion=squared_error, estimator__max_depth=18, estimator__min_samples_split=5, estimator__n_estimators=20; total time=   0.0s
[CV] END estimator__criterion=absolute_error, estimator__max_depth=14, estimator__min_samples_split=5, estimator__n_estimators=100; total time=   0.4s
[CV] END estimator__criterion=absolute_error, estimator__max_depth=14, estimator__min_samples_split=5, estimator__n_estimators=100; total time=   0.4s
[CV] END estimator__criterion=absolute_error, estimator__max_depth=14, estimator__min_samples_split=5, estimator__n_estimators=100; total time=   0.4s
[CV] END estimator__criterion=absolute_error, estimator__max_depth=14, estimator__min_samples_split=5, estimator__n_estimators=100; total time=   0.4s
[CV] END estimator__criterion=absolute_error, estimator__max_depth=16, estimator__min_samples_split=4, estimator__n_estimators=80; total time=   0.3s
[CV] END estimator__criterion=absolute_error, estimator__max_depth=16, estimator__min_samples_split=4, estimator__n_estimators=100; total time=   0.4s
[CV] END estimator__criterion=absolute_error, estimator__max_depth=16, estimator__min_samples_split=4, estimator__n_estimators=100; total time=   0.4s
[CV] END estimator__criterion=absolute_error, estimator__max_depth=16, estimator__min_samples_split=4, estimator__n_estimators=100; total time=   0.4s
[CV] END estimator__criterion=absolute_error, estimator__max_depth=17, estimator__min_samples_split=6, estimator__n_estimators=100; total time=   0.3s
[CV] END estimator__criterion=absolute_error, estimator__max_depth=18, estimator__min_samples_split=3, estimator__n_estimators=40; total time=   0.1s
[CV] END estimator__criterion=absolute_error, estimator__max_depth=18, estimator__min_samples_split=4, estimator__n_estimators=20; total time=   0.0s
[CV] END estimator__criterion=absolute_error, estimator__max_depth=18, estimator__min_samples_split=4, estimator__n_estimators=60; total time=   0.1s
[CV] END estimator__criterion=absolute_error, estimator__max_depth=18, estimator__min_samples_split=5, estimator__n_estimators=80; total time=   0.3s
[CV] END estimator__criterion=squared_error, estimator__max_depth=14, estimator__min_samples_split=2, estimator__n_estimators=80; total time=   0.0s
[CV] END estimator__criterion=squared_error, estimator__max_depth=16, estimator__min_samples_split=3, estimator__n_estimators=20; total time=   0.0s
[CV] END estimator__criterion=squared_error, estimator__max_depth=16, estimator__min_samples_split=3, estimator__n_estimators=60; total time=   0.0s
[CV] END estimator__criterion=squared_error, estimator__max_depth=16, estimator__min_samples_split=4, estimator__n_estimators=80; total time=   0.0s
[CV] END estimator__criterion=squared_error, estimator__max_depth=17, estimator__min_samples_split=2, estimator__n_estimators=60; total time=   0.0s
[CV] END estimator__criterion=squared_error, estimator__max_depth=17, estimator__min_samples_split=2, estimator__n_estimators=60; total time=   0.0s
[CV] END estimator__criterion=squared_error, estimator__max_depth=17, estimator__min_samples_split=5, estimator__n_estimators=60; total time=   0.0s
[CV] END estimator__criterion=squared_error, estimator__max_depth=17, estimator__min_samples_split=5, estimator__n_estimators=80; total time=   0.0s
[CV] END estimator__criterion=squared_error, estimator__max_depth=17, estimator__min_samples_split=5, estimator__n_estimators=80; total time=   0.0s
[CV] END estimator__criterion=squared_error, estimator__max_depth=17, estimator__min_samples_split=5, estimator__n_estimators=80; total time=   0.0s
[CV] END estimator__criterion=absolute_error, estimator__max_depth=14, estimator__min_samples_split=2, estimator__n_estimators=20; total time=   0.0s
[CV] END estimator__criterion=absolute_error, estimator__max_depth=14, estimator__min_samples_split=2, estimator__n_estimators=20; total time=   0.0s
[CV] END estimator__criterion=absolute_error, estimator__max_depth=14, estimator__min_samples_split=2, estimator__n_estimators=40; total time=   0.1s
[CV] END estimator__criterion=absolute_error, estimator__max_depth=14, estimator__min_samples_split=2, estimator__n_estimators=40; total time=   0.1s
[CV] END estimator__criterion=absolute_error, estimator__max_depth=15, estimator__min_samples_split=2, estimator__n_estimators=60; total time=   0.2s
[CV] END estimator__criterion=absolute_error, estimator__max_depth=15, estimator__min_samples_split=2, estimator__n_estimators=60; total time=   0.2s
[CV] END estimator__criterion=absolute_error, estimator__max_depth=15, estimator__min_samples_split=2, estimator__n_estimators=60; total time=   0.2s
[CV] END estimator__criterion=absolute_error, estimator__max_depth=15, estimator__min_samples_split=2, estimator__n_estimators=60; total time=   0.2s
[CV] END estimator__criterion=absolute_error, estimator__max_depth=15, estimator__min_samples_split=6, estimator__n_estimators=80; total time=   0.2s
[CV] END estimator__criterion=absolute_error, estimator__max_depth=15, estimator__min_samples_split=6, estimator__n_estimators=80; total time=   0.2s
[CV] END estimator__criterion=absolute_error, estimator__max_depth=15, estimator__min_samples_split=6, estimator__n_estimators=100; total time=   0.3s
[CV] END estimator__criterion=absolute_error, estimator__max_depth=15, estimator__min_samples_split=6, estimator__n_estimators=100; total time=   0.3s
[CV] END estimator__criterion=absolute_error, estimator__max_depth=17, estimator__min_samples_split=2, estimator__n_estimators=100; total time=   0.3s
[CV] END estimator__criterion=absolute_error, estimator__max_depth=17, estimator__min_samples_split=3, estimator__n_estimators=20; total time=   0.0s
[CV] END estimator__criterion=absolute_error, estimator__max_depth=17, estimator__min_samples_split=3, estimator__n_estimators=20; total time=   0.0s
[CV] END estimator__criterion=absolute_error, estimator__max_depth=17, estimator__min_samples_split=3, estimator__n_estimators=20; total time=   0.0s
[CV] END estimator__criterion=absolute_error, estimator__max_depth=17, estimator__min_samples_split=5, estimator__n_estimators=80; total time=   0.2s
[CV] END estimator__criterion=absolute_error, estimator__max_depth=17, estimator__min_samples_split=6, estimator__n_estimators=40; total time=   0.1s
[CV] END estimator__criterion=absolute_error, estimator__max_depth=17, estimator__min_samples_split=6, estimator__n_estimators=100; total time=   0.3s
[CV] END estimator__criterion=absolute_error, estimator__max_depth=18, estimator__min_samples_split=3, estimator__n_estimators=40; total time=   0.1s
[CV] END estimator__criterion=absolute_error, estimator__max_depth=18, estimator__min_samples_split=4, estimator__n_estimators=20; total time=   0.0s
[CV] END estimator__criterion=absolute_error, estimator__max_depth=18, estimator__min_samples_split=4, estimator__n_estimators=80; total time=   0.2s
[CV] END estimator__criterion=absolute_error, estimator__max_depth=18, estimator__min_samples_split=6, estimator__n_estimators=20; total time=   0.0s
[CV] END estimator__criterion=absolute_error, estimator__max_depth=18, estimator__min_samples_split=6, estimator__n_estimators=60; total time=   0.1s
[CV] END estimator__criterion=squared_error, estimator__max_depth=14, estimator__min_samples_split=2, estimator__n_estimators=60; total time=   0.0s
[CV] END estimator__criterion=squared_error, estimator__max_depth=15, estimator__min_samples_split=6, estimator__n_estimators=80; total time=   0.0s
[CV] END estimator__criterion=squared_error, estimator__max_depth=16, estimator__min_samples_split=3, estimator__n_estimators=60; total time=   0.0s
[CV] END estimator__criterion=squared_error, estimator__max_depth=16, estimator__min_samples_split=4, estimator__n_estimators=80; total time=   0.0s
[CV] END estimator__criterion=squared_error, estimator__max_depth=16, estimator__min_samples_split=6, estimator__n_estimators=80; total time=   0.0s
[CV] END estimator__criterion=squared_error, estimator__max_depth=16, estimator__min_samples_split=6, estimator__n_estimators=80; total time=   0.0s
[CV] END estimator__criterion=squared_error, estimator__max_depth=17, estimator__min_samples_split=4, estimator__n_estimators=60; total time=   0.0s
[CV] END estimator__criterion=squared_error, estimator__max_depth=17, estimator__min_samples_split=4, estimator__n_estimators=60; total time=   0.0s
[CV] END estimator__criterion=squared_error, estimator__max_depth=18, estimator__min_samples_split=3, estimator__n_estimators=80; total time=   0.0s
[CV] END estimator__criterion=squared_error, estimator__max_depth=18, estimator__min_samples_split=3, estimator__n_estimators=80; total time=   0.0s
[CV] END estimator__criterion=squared_error, estimator__max_depth=18, estimator__min_samples_split=3, estimator__n_estimators=80; total time=   0.0s
[CV] END estimator__criterion=squared_error, estimator__max_depth=18, estimator__min_samples_split=3, estimator__n_estimators=80; total time=   0.0s
[CV] END estimator__criterion=absolute_error, estimator__max_depth=14, estimator__min_samples_split=5, estimator__n_estimators=20; total time=   0.0s
[CV] END estimator__criterion=absolute_error, estimator__max_depth=14, estimator__min_samples_split=5, estimator__n_estimators=40; total time=   0.1s
[CV] END estimator__criterion=absolute_error, estimator__max_depth=14, estimator__min_samples_split=5, estimator__n_estimators=40; total time=   0.1s
[CV] END estimator__criterion=absolute_error, estimator__max_depth=14, estimator__min_samples_split=5, estimator__n_estimators=40; total time=   0.1s
[CV] END estimator__criterion=absolute_error, estimator__max_depth=15, estimator__min_samples_split=3, estimator__n_estimators=20; total time=   0.0s
[CV] END estimator__criterion=absolute_error, estimator__max_depth=15, estimator__min_samples_split=3, estimator__n_estimators=20; total time=   0.0s
[CV] END estimator__criterion=absolute_error, estimator__max_depth=15, estimator__min_samples_split=3, estimator__n_estimators=20; total time=   0.0s
[CV] END estimator__criterion=absolute_error, estimator__max_depth=15, estimator__min_samples_split=3, estimator__n_estimators=20; total time=   0.0s
[CV] END estimator__criterion=absolute_error, estimator__max_depth=15, estimator__min_samples_split=4, estimator__n_estimators=60; total time=   0.1s
[CV] END estimator__criterion=absolute_error, estimator__max_depth=15, estimator__min_samples_split=4, estimator__n_estimators=60; total time=   0.2s
[CV] END estimator__criterion=absolute_error, estimator__max_depth=15, estimator__min_samples_split=4, estimator__n_estimators=60; total time=   0.1s
[CV] END estimator__criterion=absolute_error, estimator__max_depth=15, estimator__min_samples_split=4, estimator__n_estimators=80; total time=   0.2s
[CV] END estimator__criterion=absolute_error, estimator__max_depth=16, estimator__min_samples_split=4, estimator__n_estimators=20; total time=   0.0s
[CV] END estimator__criterion=absolute_error, estimator__max_depth=16, estimator__min_samples_split=4, estimator__n_estimators=20; total time=   0.0s
[CV] END estimator__criterion=absolute_error, estimator__max_depth=16, estimator__min_samples_split=4, estimator__n_estimators=40; total time=   0.1s
[CV] END estimator__criterion=absolute_error, estimator__max_depth=16, estimator__min_samples_split=4, estimator__n_estimators=40; total time=   0.1s
[CV] END estimator__criterion=absolute_error, estimator__max_depth=16, estimator__min_samples_split=6, estimator__n_estimators=40; total time=   0.1s
[CV] END estimator__criterion=absolute_error, estimator__max_depth=16, estimator__min_samples_split=6, estimator__n_estimators=60; total time=   0.1s
[CV] END estimator__criterion=absolute_error, estimator__max_depth=16, estimator__min_samples_split=6, estimator__n_estimators=60; total time=   0.1s
[CV] END estimator__criterion=absolute_error, estimator__max_depth=16, estimator__min_samples_split=6, estimator__n_estimators=60; total time=   0.1s
[CV] END estimator__criterion=absolute_error, estimator__max_depth=17, estimator__min_samples_split=5, estimator__n_estimators=40; total time=   0.1s
[CV] END estimator__criterion=absolute_error, estimator__max_depth=17, estimator__min_samples_split=5, estimator__n_estimators=60; total time=   0.1s
[CV] END estimator__criterion=absolute_error, estimator__max_depth=17, estimator__min_samples_split=5, estimator__n_estimators=60; total time=   0.1s
[CV] END estimator__criterion=absolute_error, estimator__max_depth=17, estimator__min_samples_split=5, estimator__n_estimators=60; total time=   0.1s
[CV] END estimator__criterion=absolute_error, estimator__max_depth=18, estimator__min_samples_split=2, estimator__n_estimators=100; total time=   0.3s
[CV] END estimator__criterion=absolute_error, estimator__max_depth=18, estimator__min_samples_split=4, estimator__n_estimators=60; total time=   0.1s
[CV] END estimator__criterion=absolute_error, estimator__max_depth=18, estimator__min_samples_split=5, estimator__n_estimators=100; total time=   0.3s
[CV] END estimator__criterion=squared_error, estimator__max_depth=14, estimator__min_samples_split=2, estimator__n_estimators=40; total time=   0.0s
[CV] END estimator__criterion=squared_error, estimator__max_depth=16, estimator__min_samples_split=2, estimator__n_estimators=20; total time=   0.0s
[CV] END estimator__criterion=squared_error, estimator__max_depth=16, estimator__min_samples_split=2, estimator__n_estimators=80; total time=   0.0s
[CV] END estimator__criterion=squared_error, estimator__max_depth=16, estimator__min_samples_split=4, estimator__n_estimators=20; total time=   0.0s
[CV] END estimator__criterion=squared_error, estimator__max_depth=16, estimator__min_samples_split=4, estimator__n_estimators=80; total time=   0.0s
[CV] END estimator__criterion=squared_error, estimator__max_depth=17, estimator__min_samples_split=2, estimator__n_estimators=20; total time=   0.0s
[CV] END estimator__criterion=squared_error, estimator__max_depth=17, estimator__min_samples_split=2, estimator__n_estimators=20; total time=   0.0s
[CV] END estimator__criterion=squared_error, estimator__max_depth=17, estimator__min_samples_split=2, estimator__n_estimators=100; total time=   0.0s
[CV] END estimator__criterion=squared_error, estimator__max_depth=17, estimator__min_samples_split=2, estimator__n_estimators=100; total time=   0.1s
[CV] END estimator__criterion=squared_error, estimator__max_depth=18, estimator__min_samples_split=4, estimator__n_estimators=40; total time=   0.0s
[CV] END estimator__criterion=squared_error, estimator__max_depth=18, estimator__min_samples_split=4, estimator__n_estimators=40; total time=   0.0s
[CV] END estimator__criterion=squared_error, estimator__max_depth=18, estimator__min_samples_split=4, estimator__n_estimators=40; total time=   0.0s
[CV] END estimator__criterion=squared_error, estimator__max_depth=18, estimator__min_samples_split=4, estimator__n_estimators=40; total time=   0.0s
[CV] END estimator__criterion=absolute_error, estimator__max_depth=14, estimator__min_samples_split=2, estimator__n_estimators=80; total time=   0.3s
[CV] END estimator__criterion=absolute_error, estimator__max_depth=14, estimator__min_samples_split=2, estimator__n_estimators=100; total time=   0.5s
[CV] END estimator__criterion=absolute_error, estimator__max_depth=14, estimator__min_samples_split=2, estimator__n_estimators=100; total time=   0.4s
[CV] END estimator__criterion=absolute_error, estimator__max_depth=14, estimator__min_samples_split=2, estimator__n_estimators=100; total time=   0.5s
[CV] END estimator__criterion=absolute_error, estimator__max_depth=16, estimator__min_samples_split=3, estimator__n_estimators=100; total time=   0.4s
[CV] END estimator__criterion=absolute_error, estimator__max_depth=16, estimator__min_samples_split=4, estimator__n_estimators=20; total time=   0.0s
[CV] END estimator__criterion=absolute_error, estimator__max_depth=16, estimator__min_samples_split=4, estimator__n_estimators=20; total time=   0.0s
[CV] END estimator__criterion=absolute_error, estimator__max_depth=16, estimator__min_samples_split=4, estimator__n_estimators=20; total time=   0.0s
[CV] END estimator__criterion=absolute_error, estimator__max_depth=17, estimator__min_samples_split=3, estimator__n_estimators=40; total time=   0.1s
[CV] END estimator__criterion=absolute_error, estimator__max_depth=17, estimator__min_samples_split=3, estimator__n_estimators=40; total time=   0.1s
[CV] END estimator__criterion=absolute_error, estimator__max_depth=17, estimator__min_samples_split=3, estimator__n_estimators=40; total time=   0.1s
[CV] END estimator__criterion=absolute_error, estimator__max_depth=17, estimator__min_samples_split=3, estimator__n_estimators=60; total time=   0.2s
[CV] END estimator__criterion=absolute_error, estimator__max_depth=17, estimator__min_samples_split=6, estimator__n_estimators=40; total time=   0.1s
[CV] END estimator__criterion=absolute_error, estimator__max_depth=17, estimator__min_samples_split=6, estimator__n_estimators=80; total time=   0.2s
[CV] END estimator__criterion=absolute_error, estimator__max_depth=18, estimator__min_samples_split=2, estimator__n_estimators=100; total time=   0.3s
[CV] END estimator__criterion=absolute_error, estimator__max_depth=18, estimator__min_samples_split=4, estimator__n_estimators=80; total time=   0.2s
[CV] END estimator__criterion=absolute_error, estimator__max_depth=18, estimator__min_samples_split=6, estimator__n_estimators=20; total time=   0.0s
[CV] END estimator__criterion=absolute_error, estimator__max_depth=18, estimator__min_samples_split=6, estimator__n_estimators=60; total time=   0.2s
[CV] END estimator__criterion=squared_error, estimator__max_depth=14, estimator__min_samples_split=2, estimator__n_estimators=20; total time=   0.0s
[CV] END estimator__criterion=squared_error, estimator__max_depth=14, estimator__min_samples_split=3, estimator__n_estimators=40; total time=   0.0s
[CV] END estimator__criterion=squared_error, estimator__max_depth=14, estimator__min_samples_split=3, estimator__n_estimators=40; total time=   0.0s
[CV] END estimator__criterion=squared_error, estimator__max_depth=14, estimator__min_samples_split=3, estimator__n_estimators=60; total time=   0.0s
[CV] END estimator__criterion=squared_error, estimator__max_depth=14, estimator__min_samples_split=3, estimator__n_estimators=60; total time=   0.0s
[CV] END estimator__criterion=squared_error, estimator__max_depth=14, estimator__min_samples_split=3, estimator__n_estimators=80; total time=   0.0s
[CV] END estimator__criterion=squared_error, estimator__max_depth=14, estimator__min_samples_split=3, estimator__n_estimators=100; total time=   0.0s
[CV] END estimator__criterion=squared_error, estimator__max_depth=14, estimator__min_samples_split=4, estimator__n_estimators=20; total time=   0.0s
[CV] END estimator__criterion=squared_error, estimator__max_depth=14, estimator__min_samples_split=4, estimator__n_estimators=40; total time=   0.0s
[CV] END estimator__criterion=squared_error, estimator__max_depth=14, estimator__min_samples_split=4, estimator__n_estimators=80; total time=   0.0s
[CV] END estimator__criterion=squared_error, estimator__max_depth=14, estimator__min_samples_split=4, estimator__n_estimators=100; total time=   0.0s
[CV] END estimator__criterion=squared_error, estimator__max_depth=14, estimator__min_samples_split=5, estimator__n_estimators=80; total time=   0.0s
[CV] END estimator__criterion=squared_error, estimator__max_depth=14, estimator__min_samples_split=6, estimator__n_estimators=40; total time=   0.0s
[CV] END estimator__criterion=squared_error, estimator__max_depth=14, estimator__min_samples_split=6, estimator__n_estimators=80; total time=   0.0s
[CV] END estimator__criterion=squared_error, estimator__max_depth=15, estimator__min_samples_split=2, estimator__n_estimators=40; total time=   0.0s
[CV] END estimator__criterion=squared_error, estimator__max_depth=15, estimator__min_samples_split=2, estimator__n_estimators=100; total time=   0.0s
[CV] END estimator__criterion=squared_error, estimator__max_depth=15, estimator__min_samples_split=4, estimator__n_estimators=20; total time=   0.0s
[CV] END estimator__criterion=squared_error, estimator__max_depth=15, estimator__min_samples_split=4, estimator__n_estimators=40; total time=   0.0s
[CV] END estimator__criterion=squared_error, estimator__max_depth=15, estimator__min_samples_split=4, estimator__n_estimators=100; total time=   0.0s
[CV] END estimator__criterion=squared_error, estimator__max_depth=15, estimator__min_samples_split=6, estimator__n_estimators=40; total time=   0.0s
[CV] END estimator__criterion=squared_error, estimator__max_depth=15, estimator__min_samples_split=6, estimator__n_estimators=100; total time=   0.0s
[CV] END estimator__criterion=squared_error, estimator__max_depth=16, estimator__min_samples_split=3, estimator__n_estimators=60; total time=   0.0s
[CV] END estimator__criterion=squared_error, estimator__max_depth=16, estimator__min_samples_split=4, estimator__n_estimators=100; total time=   0.0s
[CV] END estimator__criterion=squared_error, estimator__max_depth=16, estimator__min_samples_split=4, estimator__n_estimators=100; total time=   0.0s
[CV] END estimator__criterion=squared_error, estimator__max_depth=17, estimator__min_samples_split=5, estimator__n_estimators=20; total time=   0.0s
[CV] END estimator__criterion=squared_error, estimator__max_depth=17, estimator__min_samples_split=5, estimator__n_estimators=20; total time=   0.0s
[CV] END estimator__criterion=squared_error, estimator__max_depth=17, estimator__min_samples_split=5, estimator__n_estimators=20; total time=   0.0s
[CV] END estimator__criterion=squared_error, estimator__max_depth=17, estimator__min_samples_split=5, estimator__n_estimators=40; total time=   0.0s
[CV] END estimator__criterion=squared_error, estimator__max_depth=18, estimator__min_samples_split=4, estimator__n_estimators=20; total time=   0.0s
[CV] END estimator__criterion=squared_error, estimator__max_depth=18, estimator__min_samples_split=4, estimator__n_estimators=20; total time=   0.0s
[CV] END estimator__criterion=squared_error, estimator__max_depth=18, estimator__min_samples_split=4, estimator__n_estimators=20; total time=   0.0s
[CV] END estimator__criterion=squared_error, estimator__max_depth=18, estimator__min_samples_split=4, estimator__n_estimators=40; total time=   0.0s
[CV] END estimator__criterion=squared_error, estimator__max_depth=18, estimator__min_samples_split=6, estimator__n_estimators=80; total time=   0.0s
[CV] END estimator__criterion=squared_error, estimator__max_depth=18, estimator__min_samples_split=6, estimator__n_estimators=80; total time=   0.0s
[CV] END estimator__criterion=squared_error, estimator__max_depth=18, estimator__min_samples_split=6, estimator__n_estimators=80; total time=   0.0s
[CV] END estimator__criterion=squared_error, estimator__max_depth=18, estimator__min_samples_split=6, estimator__n_estimators=80; total time=   0.0s
[CV] END estimator__criterion=absolute_error, estimator__max_depth=14, estimator__min_samples_split=6, estimator__n_estimators=80; total time=   0.3s
[CV] END estimator__criterion=absolute_error, estimator__max_depth=14, estimator__min_samples_split=6, estimator__n_estimators=100; total time=   0.4s
[CV] END estimator__criterion=absolute_error, estimator__max_depth=14, estimator__min_samples_split=6, estimator__n_estimators=100; total time=   0.4s
[CV] END estimator__criterion=absolute_error, estimator__max_depth=14, estimator__min_samples_split=6, estimator__n_estimators=100; total time=   0.4s
[CV] END estimator__criterion=absolute_error, estimator__max_depth=16, estimator__min_samples_split=4, estimator__n_estimators=80; total time=   0.3s
[CV] END estimator__criterion=absolute_error, estimator__max_depth=16, estimator__min_samples_split=4, estimator__n_estimators=80; total time=   0.3s
[CV] END estimator__criterion=absolute_error, estimator__max_depth=16, estimator__min_samples_split=4, estimator__n_estimators=80; total time=   0.3s
[CV] END estimator__criterion=absolute_error, estimator__max_depth=16, estimator__min_samples_split=4, estimator__n_estimators=80; total time=   0.3s
[CV] END estimator__criterion=absolute_error, estimator__max_depth=17, estimator__min_samples_split=6, estimator__n_estimators=20; total time=   0.0s
[CV] END estimator__criterion=absolute_error, estimator__max_depth=17, estimator__min_samples_split=6, estimator__n_estimators=40; total time=   0.1s
[CV] END estimator__criterion=absolute_error, estimator__max_depth=17, estimator__min_samples_split=6, estimator__n_estimators=100; total time=   0.3s
[CV] END estimator__criterion=absolute_error, estimator__max_depth=18, estimator__min_samples_split=3, estimator__n_estimators=40; total time=   0.1s
[CV] END estimator__criterion=absolute_error, estimator__max_depth=18, estimator__min_samples_split=4, estimator__n_estimators=20; total time=   0.0s
[CV] END estimator__criterion=absolute_error, estimator__max_depth=18, estimator__min_samples_split=4, estimator__n_estimators=80; total time=   0.3s
[CV] END estimator__criterion=absolute_error, estimator__max_depth=18, estimator__min_samples_split=6, estimator__n_estimators=60; total time=   0.2s
[CV] END estimator__criterion=squared_error, estimator__max_depth=14, estimator__min_samples_split=3, estimator__n_estimators=40; total time=   0.0s
[CV] END estimator__criterion=squared_error, estimator__max_depth=15, estimator__min_samples_split=6, estimator__n_estimators=80; total time=   0.0s
[CV] END estimator__criterion=squared_error, estimator__max_depth=16, estimator__min_samples_split=3, estimator__n_estimators=40; total time=   0.0s
[CV] END estimator__criterion=squared_error, estimator__max_depth=16, estimator__min_samples_split=4, estimator__n_estimators=40; total time=   0.0s
[CV] END estimator__criterion=squared_error, estimator__max_depth=16, estimator__min_samples_split=5, estimator__n_estimators=40; total time=   0.0s
[CV] END estimator__criterion=squared_error, estimator__max_depth=16, estimator__min_samples_split=5, estimator__n_estimators=60; total time=   0.0s
[CV] END estimator__criterion=squared_error, estimator__max_depth=17, estimator__min_samples_split=3, estimator__n_estimators=20; total time=   0.0s
[CV] END estimator__criterion=squared_error, estimator__max_depth=17, estimator__min_samples_split=3, estimator__n_estimators=40; total time=   0.0s
[CV] END estimator__criterion=squared_error, estimator__max_depth=17, estimator__min_samples_split=4, estimator__n_estimators=20; total time=   0.0s
[CV] END estimator__criterion=squared_error, estimator__max_depth=17, estimator__min_samples_split=4, estimator__n_estimators=20; total time=   0.0s
[CV] END estimator__criterion=squared_error, estimator__max_depth=17, estimator__min_samples_split=5, estimator__n_estimators=40; total time=   0.0s
[CV] END estimator__criterion=squared_error, estimator__max_depth=17, estimator__min_samples_split=5, estimator__n_estimators=40; total time=   0.0s
[CV] END estimator__criterion=squared_error, estimator__max_depth=17, estimator__min_samples_split=5, estimator__n_estimators=40; total time=   0.0s
[CV] END estimator__criterion=squared_error, estimator__max_depth=17, estimator__min_samples_split=5, estimator__n_estimators=40; total time=   0.0s
[CV] END estimator__criterion=squared_error, estimator__max_depth=18, estimator__min_samples_split=5, estimator__n_estimators=80; total time=   0.0s
[CV] END estimator__criterion=squared_error, estimator__max_depth=18, estimator__min_samples_split=5, estimator__n_estimators=80; total time=   0.0s
[CV] END estimator__criterion=squared_error, estimator__max_depth=18, estimator__min_samples_split=5, estimator__n_estimators=80; total time=   0.0s
[CV] END estimator__criterion=squared_error, estimator__max_depth=18, estimator__min_samples_split=5, estimator__n_estimators=100; total time=   0.0s
[CV] END estimator__criterion=absolute_error, estimator__max_depth=14, estimator__min_samples_split=6, estimator__n_estimators=60; total time=   0.2s
[CV] END estimator__criterion=absolute_error, estimator__max_depth=14, estimator__min_samples_split=6, estimator__n_estimators=60; total time=   0.2s
[CV] END estimator__criterion=absolute_error, estimator__max_depth=14, estimator__min_samples_split=6, estimator__n_estimators=60; total time=   0.2s
[CV] END estimator__criterion=absolute_error, estimator__max_depth=14, estimator__min_samples_split=6, estimator__n_estimators=60; total time=   0.2s
[CV] END estimator__criterion=absolute_error, estimator__max_depth=15, estimator__min_samples_split=6, estimator__n_estimators=40; total time=   0.1s
[CV] END estimator__criterion=absolute_error, estimator__max_depth=15, estimator__min_samples_split=6, estimator__n_estimators=40; total time=   0.1s
[CV] END estimator__criterion=absolute_error, estimator__max_depth=15, estimator__min_samples_split=6, estimator__n_estimators=40; total time=   0.1s
[CV] END estimator__criterion=absolute_error, estimator__max_depth=15, estimator__min_samples_split=6, estimator__n_estimators=40; total time=   0.1s
[CV] END estimator__criterion=absolute_error, estimator__max_depth=16, estimator__min_samples_split=4, estimator__n_estimators=100; total time=   0.4s
[CV] END estimator__criterion=absolute_error, estimator__max_depth=16, estimator__min_samples_split=4, estimator__n_estimators=100; total time=   0.4s
[CV] END estimator__criterion=absolute_error, estimator__max_depth=16, estimator__min_samples_split=5, estimator__n_estimators=20; total time=   0.0s
[CV] END estimator__criterion=absolute_error, estimator__max_depth=16, estimator__min_samples_split=5, estimator__n_estimators=20; total time=   0.0s
[CV] END estimator__criterion=absolute_error, estimator__max_depth=17, estimator__min_samples_split=5, estimator__n_estimators=60; total time=   0.2s
[CV] END estimator__criterion=absolute_error, estimator__max_depth=17, estimator__min_samples_split=5, estimator__n_estimators=100; total time=   0.4s
[CV] END estimator__criterion=absolute_error, estimator__max_depth=18, estimator__min_samples_split=2, estimator__n_estimators=80; total time=   0.3s
[CV] END estimator__criterion=absolute_error, estimator__max_depth=18, estimator__min_samples_split=3, estimator__n_estimators=100; total time=   0.3s
[CV] END estimator__criterion=absolute_error, estimator__max_depth=18, estimator__min_samples_split=5, estimator__n_estimators=100; total time=   0.3s
[CV] END estimator__criterion=squared_error, estimator__max_depth=14, estimator__min_samples_split=2, estimator__n_estimators=100; total time=   0.0s
[CV] END estimator__criterion=squared_error, estimator__max_depth=16, estimator__min_samples_split=2, estimator__n_estimators=100; total time=   0.0s
[CV] END estimator__criterion=squared_error, estimator__max_depth=16, estimator__min_samples_split=5, estimator__n_estimators=20; total time=   0.0s
[CV] END estimator__criterion=squared_error, estimator__max_depth=16, estimator__min_samples_split=5, estimator__n_estimators=20; total time=   0.0s
[CV] END estimator__criterion=squared_error, estimator__max_depth=17, estimator__min_samples_split=2, estimator__n_estimators=40; total time=   0.0s
[CV] END estimator__criterion=squared_error, estimator__max_depth=17, estimator__min_samples_split=2, estimator__n_estimators=40; total time=   0.0s
[CV] END estimator__criterion=squared_error, estimator__max_depth=17, estimator__min_samples_split=3, estimator__n_estimators=100; total time=   0.0s
[CV] END estimator__criterion=squared_error, estimator__max_depth=17, estimator__min_samples_split=3, estimator__n_estimators=100; total time=   0.0s
[CV] END estimator__criterion=squared_error, estimator__max_depth=18, estimator__min_samples_split=5, estimator__n_estimators=40; total time=   0.0s
[CV] END estimator__criterion=squared_error, estimator__max_depth=18, estimator__min_samples_split=5, estimator__n_estimators=60; total time=   0.0s
[CV] END estimator__criterion=squared_error, estimator__max_depth=18, estimator__min_samples_split=5, estimator__n_estimators=60; total time=   0.0s
[CV] END estimator__criterion=squared_error, estimator__max_depth=18, estimator__min_samples_split=5, estimator__n_estimators=60; total time=   0.0s
[CV] END estimator__criterion=absolute_error, estimator__max_depth=14, estimator__min_samples_split=4, estimator__n_estimators=40; total time=   0.1s
[CV] END estimator__criterion=absolute_error, estimator__max_depth=14, estimator__min_samples_split=4, estimator__n_estimators=40; total time=   0.1s
[CV] END estimator__criterion=absolute_error, estimator__max_depth=14, estimator__min_samples_split=4, estimator__n_estimators=40; total time=   0.1s
[CV] END estimator__criterion=absolute_error, estimator__max_depth=14, estimator__min_samples_split=4, estimator__n_estimators=40; total time=   0.1s
[CV] END estimator__criterion=absolute_error, estimator__max_depth=15, estimator__min_samples_split=3, estimator__n_estimators=60; total time=   0.2s
[CV] END estimator__criterion=absolute_error, estimator__max_depth=15, estimator__min_samples_split=3, estimator__n_estimators=60; total time=   0.2s
[CV] END estimator__criterion=absolute_error, estimator__max_depth=15, estimator__min_samples_split=3, estimator__n_estimators=80; total time=   0.3s
[CV] END estimator__criterion=absolute_error, estimator__max_depth=15, estimator__min_samples_split=3, estimator__n_estimators=80; total time=   0.3s
[CV] END estimator__criterion=absolute_error, estimator__max_depth=16, estimator__min_samples_split=5, estimator__n_estimators=100; total time=   0.4s
[CV] END estimator__criterion=absolute_error, estimator__max_depth=16, estimator__min_samples_split=5, estimator__n_estimators=100; total time=   0.4s
[CV] END estimator__criterion=absolute_error, estimator__max_depth=16, estimator__min_samples_split=5, estimator__n_estimators=100; total time=   0.4s
[CV] END estimator__criterion=absolute_error, estimator__max_depth=16, estimator__min_samples_split=6, estimator__n_estimators=20; total time=   0.0s
[CV] END estimator__criterion=absolute_error, estimator__max_depth=17, estimator__min_samples_split=6, estimator__n_estimators=80; total time=   0.2s
[CV] END estimator__criterion=absolute_error, estimator__max_depth=18, estimator__min_samples_split=2, estimator__n_estimators=100; total time=   0.3s
[CV] END estimator__criterion=absolute_error, estimator__max_depth=18, estimator__min_samples_split=4, estimator__n_estimators=80; total time=   0.3s
[CV] END estimator__criterion=absolute_error, estimator__max_depth=18, estimator__min_samples_split=6, estimator__n_estimators=60; total time=   0.2s
[CV] END estimator__criterion=squared_error, estimator__max_depth=14, estimator__min_samples_split=3, estimator__n_estimators=20; total time=   0.0s
[CV] END estimator__criterion=squared_error, estimator__max_depth=15, estimator__min_samples_split=4, estimator__n_estimators=80; total time=   0.0s
[CV] END estimator__criterion=squared_error, estimator__max_depth=15, estimator__min_samples_split=5, estimator__n_estimators=80; total time=   0.0s
[CV] END estimator__criterion=squared_error, estimator__max_depth=16, estimator__min_samples_split=2, estimator__n_estimators=20; total time=   0.0s
[CV] END estimator__criterion=squared_error, estimator__max_depth=16, estimator__min_samples_split=2, estimator__n_estimators=80; total time=   0.0s
[CV] END estimator__criterion=squared_error, estimator__max_depth=16, estimator__min_samples_split=4, estimator__n_estimators=40; total time=   0.0s
[CV] END estimator__criterion=squared_error, estimator__max_depth=16, estimator__min_samples_split=5, estimator__n_estimators=100; total time=   0.0s
[CV] END estimator__criterion=squared_error, estimator__max_depth=16, estimator__min_samples_split=5, estimator__n_estimators=100; total time=   0.0s
[CV] END estimator__criterion=squared_error, estimator__max_depth=17, estimator__min_samples_split=5, estimator__n_estimators=80; total time=   0.0s
[CV] END estimator__criterion=squared_error, estimator__max_depth=17, estimator__min_samples_split=5, estimator__n_estimators=80; total time=   0.0s
[CV] END estimator__criterion=squared_error, estimator__max_depth=17, estimator__min_samples_split=5, estimator__n_estimators=100; total time=   0.0s
[CV] END estimator__criterion=squared_error, estimator__max_depth=17, estimator__min_samples_split=5, estimator__n_estimators=100; total time=   0.0s
[CV] END estimator__criterion=absolute_error, estimator__max_depth=14, estimator__min_samples_split=4, estimator__n_estimators=60; total time=   0.2s
[CV] END estimator__criterion=absolute_error, estimator__max_depth=14, estimator__min_samples_split=4, estimator__n_estimators=60; total time=   0.2s
[CV] END estimator__criterion=absolute_error, estimator__max_depth=14, estimator__min_samples_split=4, estimator__n_estimators=80; total time=   0.3s
[CV] END estimator__criterion=absolute_error, estimator__max_depth=14, estimator__min_samples_split=4, estimator__n_estimators=80; total time=   0.3s
[CV] END estimator__criterion=absolute_error, estimator__max_depth=16, estimator__min_samples_split=2, estimator__n_estimators=20; total time=   0.0s
[CV] END estimator__criterion=absolute_error, estimator__max_depth=16, estimator__min_samples_split=2, estimator__n_estimators=20; total time=   0.0s
[CV] END estimator__criterion=absolute_error, estimator__max_depth=16, estimator__min_samples_split=2, estimator__n_estimators=20; total time=   0.0s
[CV] END estimator__criterion=absolute_error, estimator__max_depth=16, estimator__min_samples_split=2, estimator__n_estimators=20; total time=   0.0s
[CV] END estimator__criterion=absolute_error, estimator__max_depth=16, estimator__min_samples_split=3, estimator__n_estimators=60; total time=   0.2s
[CV] END estimator__criterion=absolute_error, estimator__max_depth=16, estimator__min_samples_split=3, estimator__n_estimators=60; total time=   0.2s
[CV] END estimator__criterion=absolute_error, estimator__max_depth=16, estimator__min_samples_split=3, estimator__n_estimators=60; total time=   0.2s
[CV] END estimator__criterion=absolute_error, estimator__max_depth=16, estimator__min_samples_split=3, estimator__n_estimators=80; total time=   0.3s
[CV] END estimator__criterion=absolute_error, estimator__max_depth=17, estimator__min_samples_split=4, estimator__n_estimators=100; total time=   0.3s
[CV] END estimator__criterion=absolute_error, estimator__max_depth=17, estimator__min_samples_split=4, estimator__n_estimators=100; total time=   0.3s
[CV] END estimator__criterion=absolute_error, estimator__max_depth=17, estimator__min_samples_split=4, estimator__n_estimators=100; total time=   0.3s
[CV] END estimator__criterion=absolute_error, estimator__max_depth=17, estimator__min_samples_split=5, estimator__n_estimators=20; total time=   0.0s
[CV] END estimator__criterion=absolute_error, estimator__max_depth=18, estimator__min_samples_split=4, estimator__n_estimators=40; total time=   0.1s
[CV] END estimator__criterion=absolute_error, estimator__max_depth=18, estimator__min_samples_split=5, estimator__n_estimators=20; total time=   0.0s
[CV] END estimator__criterion=absolute_error, estimator__max_depth=18, estimator__min_samples_split=5, estimator__n_estimators=40; total time=   0.1s
[CV] END estimator__criterion=absolute_error, estimator__max_depth=18, estimator__min_samples_split=6, estimator__n_estimators=20; total time=   0.0s
[CV] END estimator__criterion=absolute_error, estimator__max_depth=18, estimator__min_samples_split=6, estimator__n_estimators=60; total time=   0.2s
[CV] END estimator__criterion=squared_error, estimator__max_depth=14, estimator__min_samples_split=2, estimator__n_estimators=60; total time=   0.0s
[CV] END estimator__criterion=squared_error, estimator__max_depth=16, estimator__min_samples_split=2, estimator__n_estimators=40; total time=   0.0s
[CV] END estimator__criterion=squared_error, estimator__max_depth=16, estimator__min_samples_split=3, estimator__n_estimators=40; total time=   0.0s
[CV] END estimator__criterion=squared_error, estimator__max_depth=16, estimator__min_samples_split=4, estimator__n_estimators=20; total time=   0.0s
[CV] END estimator__criterion=squared_error, estimator__max_depth=16, estimator__min_samples_split=4, estimator__n_estimators=60; total time=   0.0s
[CV] END estimator__criterion=squared_error, estimator__max_depth=16, estimator__min_samples_split=6, estimator__n_estimators=40; total time=   0.0s
[CV] END estimator__criterion=squared_error, estimator__max_depth=16, estimator__min_samples_split=6, estimator__n_estimators=40; total time=   0.0s
[CV] END estimator__criterion=squared_error, estimator__max_depth=17, estimator__min_samples_split=3, estimator__n_estimators=40; total time=   0.0s
[CV] END estimator__criterion=squared_error, estimator__max_depth=17, estimator__min_samples_split=3, estimator__n_estimators=40; total time=   0.0s
[CV] END estimator__criterion=squared_error, estimator__max_depth=17, estimator__min_samples_split=4, estimator__n_estimators=80; total time=   0.0s
[CV] END estimator__criterion=squared_error, estimator__max_depth=17, estimator__min_samples_split=4, estimator__n_estimators=80; total time=   0.0s
[CV] END estimator__criterion=squared_error, estimator__max_depth=18, estimator__min_samples_split=3, estimator__n_estimators=100; total time=   0.0s
[CV] END estimator__criterion=squared_error, estimator__max_depth=18, estimator__min_samples_split=3, estimator__n_estimators=100; total time=   0.0s
[CV] END estimator__criterion=squared_error, estimator__max_depth=18, estimator__min_samples_split=4, estimator__n_estimators=20; total time=   0.0s
[CV] END estimator__criterion=squared_error, estimator__max_depth=18, estimator__min_samples_split=4, estimator__n_estimators=20; total time=   0.0s
[CV] END estimator__criterion=absolute_error, estimator__max_depth=14, estimator__min_samples_split=3, estimator__n_estimators=60; total time=   0.1s
[CV] END estimator__criterion=absolute_error, estimator__max_depth=14, estimator__min_samples_split=3, estimator__n_estimators=80; total time=   0.2s
[CV] END estimator__criterion=absolute_error, estimator__max_depth=14, estimator__min_samples_split=3, estimator__n_estimators=80; total time=   0.2s
[CV] END estimator__criterion=absolute_error, estimator__max_depth=14, estimator__min_samples_split=3, estimator__n_estimators=80; total time=   0.2s
[CV] END estimator__criterion=absolute_error, estimator__max_depth=15, estimator__min_samples_split=5, estimator__n_estimators=60; total time=   0.2s
[CV] END estimator__criterion=absolute_error, estimator__max_depth=15, estimator__min_samples_split=5, estimator__n_estimators=60; total time=   0.2s
[CV] END estimator__criterion=absolute_error, estimator__max_depth=15, estimator__min_samples_split=5, estimator__n_estimators=60; total time=   0.2s
[CV] END estimator__criterion=absolute_error, estimator__max_depth=15, estimator__min_samples_split=5, estimator__n_estimators=60; total time=   0.2s
[CV] END estimator__criterion=absolute_error, estimator__max_depth=16, estimator__min_samples_split=6, estimator__n_estimators=20; total time=   0.0s
[CV] END estimator__criterion=absolute_error, estimator__max_depth=16, estimator__min_samples_split=6, estimator__n_estimators=20; total time=   0.0s
[CV] END estimator__criterion=absolute_error, estimator__max_depth=16, estimator__min_samples_split=6, estimator__n_estimators=20; total time=   0.0s
[CV] END estimator__criterion=absolute_error, estimator__max_depth=16, estimator__min_samples_split=6, estimator__n_estimators=20; total time=   0.0s
[CV] END estimator__criterion=absolute_error, estimator__max_depth=17, estimator__min_samples_split=2, estimator__n_estimators=100; total time=   0.5s
[CV] END estimator__criterion=absolute_error, estimator__max_depth=17, estimator__min_samples_split=2, estimator__n_estimators=100; total time=   0.5s
[CV] END estimator__criterion=absolute_error, estimator__max_depth=17, estimator__min_samples_split=2, estimator__n_estimators=100; total time=   0.4s
[CV] END estimator__criterion=absolute_error, estimator__max_depth=17, estimator__min_samples_split=2, estimator__n_estimators=100; total time=   0.4s
[CV] END estimator__criterion=absolute_error, estimator__max_depth=18, estimator__min_samples_split=5, estimator__n_estimators=100; total time=   0.4s
[CV] END estimator__criterion=squared_error, estimator__max_depth=14, estimator__min_samples_split=2, estimator__n_estimators=100; total time=   0.0s
[CV] END estimator__criterion=squared_error, estimator__max_depth=16, estimator__min_samples_split=3, estimator__n_estimators=20; total time=   0.0s
[CV] END estimator__criterion=squared_error, estimator__max_depth=16, estimator__min_samples_split=3, estimator__n_estimators=80; total time=   0.0s
[CV] END estimator__criterion=squared_error, estimator__max_depth=16, estimator__min_samples_split=6, estimator__n_estimators=20; total time=   0.0s
[CV] END estimator__criterion=squared_error, estimator__max_depth=16, estimator__min_samples_split=6, estimator__n_estimators=20; total time=   0.0s
[CV] END estimator__criterion=squared_error, estimator__max_depth=17, estimator__min_samples_split=2, estimator__n_estimators=60; total time=   0.0s
[CV] END estimator__criterion=squared_error, estimator__max_depth=17, estimator__min_samples_split=2, estimator__n_estimators=60; total time=   0.0s
[CV] END estimator__criterion=squared_error, estimator__max_depth=17, estimator__min_samples_split=6, estimator__n_estimators=60; total time=   0.0s
[CV] END estimator__criterion=squared_error, estimator__max_depth=17, estimator__min_samples_split=6, estimator__n_estimators=60; total time=   0.0s
[CV] END estimator__criterion=squared_error, estimator__max_depth=17, estimator__min_samples_split=6, estimator__n_estimators=80; total time=   0.0s
[CV] END estimator__criterion=squared_error, estimator__max_depth=17, estimator__min_samples_split=6, estimator__n_estimators=80; total time=   0.0s
[CV] END estimator__criterion=absolute_error, estimator__max_depth=14, estimator__min_samples_split=3, estimator__n_estimators=40; total time=   0.1s
[CV] END estimator__criterion=absolute_error, estimator__max_depth=14, estimator__min_samples_split=3, estimator__n_estimators=40; total time=   0.1s
[CV] END estimator__criterion=absolute_error, estimator__max_depth=14, estimator__min_samples_split=3, estimator__n_estimators=40; total time=   0.1s
[CV] END estimator__criterion=absolute_error, estimator__max_depth=14, estimator__min_samples_split=3, estimator__n_estimators=40; total time=   0.1s
[CV] END estimator__criterion=absolute_error, estimator__max_depth=15, estimator__min_samples_split=2, estimator__n_estimators=100; total time=   0.3s
[CV] END estimator__criterion=absolute_error, estimator__max_depth=15, estimator__min_samples_split=2, estimator__n_estimators=100; total time=   0.3s
[CV] END estimator__criterion=absolute_error, estimator__max_depth=15, estimator__min_samples_split=2, estimator__n_estimators=100; total time=   0.3s
[CV] END estimator__criterion=absolute_error, estimator__max_depth=15, estimator__min_samples_split=3, estimator__n_estimators=20; total time=   0.0s
[CV] END estimator__criterion=absolute_error, estimator__max_depth=16, estimator__min_samples_split=3, estimator__n_estimators=100; total time=   0.3s
[CV] END estimator__criterion=absolute_error, estimator__max_depth=16, estimator__min_samples_split=3, estimator__n_estimators=100; total time=   0.3s
[CV] END estimator__criterion=absolute_error, estimator__max_depth=16, estimator__min_samples_split=3, estimator__n_estimators=100; total time=   0.3s
[CV] END estimator__criterion=absolute_error, estimator__max_depth=16, estimator__min_samples_split=3, estimator__n_estimators=100; total time=   0.3s
[CV] END estimator__criterion=absolute_error, estimator__max_depth=17, estimator__min_samples_split=5, estimator__n_estimators=100; total time=   0.3s
[CV] END estimator__criterion=absolute_error, estimator__max_depth=18, estimator__min_samples_split=2, estimator__n_estimators=20; total time=   0.0s
[CV] END estimator__criterion=absolute_error, estimator__max_depth=18, estimator__min_samples_split=2, estimator__n_estimators=20; total time=   0.0s
[CV] END estimator__criterion=absolute_error, estimator__max_depth=18, estimator__min_samples_split=2, estimator__n_estimators=80; total time=   0.3s
[CV] END estimator__criterion=absolute_error, estimator__max_depth=18, estimator__min_samples_split=4, estimator__n_estimators=60; total time=   0.2s
[CV] END estimator__criterion=absolute_error, estimator__max_depth=18, estimator__min_samples_split=5, estimator__n_estimators=100; total time=   0.3s
[CV] END estimator__criterion=squared_error, estimator__max_depth=14, estimator__min_samples_split=2, estimator__n_estimators=60; total time=   0.0s
[CV] END estimator__criterion=squared_error, estimator__max_depth=14, estimator__min_samples_split=5, estimator__n_estimators=40; total time=   0.0s
[CV] END estimator__criterion=squared_error, estimator__max_depth=14, estimator__min_samples_split=5, estimator__n_estimators=60; total time=   0.0s
[CV] END estimator__criterion=squared_error, estimator__max_depth=14, estimator__min_samples_split=6, estimator__n_estimators=20; total time=   0.0s
[CV] END estimator__criterion=squared_error, estimator__max_depth=14, estimator__min_samples_split=6, estimator__n_estimators=20; total time=   0.0s
[CV] END estimator__criterion=squared_error, estimator__max_depth=14, estimator__min_samples_split=6, estimator__n_estimators=60; total time=   0.0s
[CV] END estimator__criterion=squared_error, estimator__max_depth=15, estimator__min_samples_split=2, estimator__n_estimators=20; total time=   0.0s
[CV] END estimator__criterion=squared_error, estimator__max_depth=15, estimator__min_samples_split=2, estimator__n_estimators=20; total time=   0.0s
[CV] END estimator__criterion=squared_error, estimator__max_depth=15, estimator__min_samples_split=2, estimator__n_estimators=60; total time=   0.0s
[CV] END estimator__criterion=squared_error, estimator__max_depth=15, estimator__min_samples_split=3, estimator__n_estimators=20; total time=   0.0s
[CV] END estimator__criterion=squared_error, estimator__max_depth=15, estimator__min_samples_split=3, estimator__n_estimators=20; total time=   0.0s
[CV] END estimator__criterion=squared_error, estimator__max_depth=15, estimator__min_samples_split=3, estimator__n_estimators=60; total time=   0.0s
[CV] END estimator__criterion=squared_error, estimator__max_depth=15, estimator__min_samples_split=4, estimator__n_estimators=40; total time=   0.0s
[CV] END estimator__criterion=squared_error, estimator__max_depth=15, estimator__min_samples_split=4, estimator__n_estimators=80; total time=   0.0s
[CV] END estimator__criterion=squared_error, estimator__max_depth=15, estimator__min_samples_split=5, estimator__n_estimators=80; total time=   0.0s
[CV] END estimator__criterion=squared_error, estimator__max_depth=15, estimator__min_samples_split=6, estimator__n_estimators=80; total time=   0.0s
[CV] END estimator__criterion=squared_error, estimator__max_depth=16, estimator__min_samples_split=3, estimator__n_estimators=20; total time=   0.0s
[CV] END estimator__criterion=squared_error, estimator__max_depth=16, estimator__min_samples_split=3, estimator__n_estimators=60; total time=   0.0s
[CV] END estimator__criterion=squared_error, estimator__max_depth=16, estimator__min_samples_split=5, estimator__n_estimators=40; total time=   0.0s
[CV] END estimator__criterion=squared_error, estimator__max_depth=16, estimator__min_samples_split=5, estimator__n_estimators=40; total time=   0.0s
[CV] END estimator__criterion=squared_error, estimator__max_depth=17, estimator__min_samples_split=2, estimator__n_estimators=100; total time=   0.1s
[CV] END estimator__criterion=squared_error, estimator__max_depth=17, estimator__min_samples_split=2, estimator__n_estimators=100; total time=   0.0s
[CV] END estimator__criterion=squared_error, estimator__max_depth=18, estimator__min_samples_split=4, estimator__n_estimators=80; total time=   0.0s
[CV] END estimator__criterion=squared_error, estimator__max_depth=18, estimator__min_samples_split=4, estimator__n_estimators=80; total time=   0.0s
[CV] END estimator__criterion=squared_error, estimator__max_depth=18, estimator__min_samples_split=4, estimator__n_estimators=100; total time=   0.0s
[CV] END estimator__criterion=squared_error, estimator__max_depth=18, estimator__min_samples_split=4, estimator__n_estimators=100; total time=   0.0s
[CV] END estimator__criterion=absolute_error, estimator__max_depth=14, estimator__min_samples_split=5, estimator__n_estimators=100; total time=   0.4s
[CV] END estimator__criterion=absolute_error, estimator__max_depth=14, estimator__min_samples_split=6, estimator__n_estimators=20; total time=   0.0s
[CV] END estimator__criterion=absolute_error, estimator__max_depth=14, estimator__min_samples_split=6, estimator__n_estimators=20; total time=   0.0s
[CV] END estimator__criterion=absolute_error, estimator__max_depth=14, estimator__min_samples_split=6, estimator__n_estimators=20; total time=   0.0s
[CV] END estimator__criterion=absolute_error, estimator__max_depth=15, estimator__min_samples_split=4, estimator__n_estimators=100; total time=   0.4s
[CV] END estimator__criterion=absolute_error, estimator__max_depth=15, estimator__min_samples_split=4, estimator__n_estimators=100; total time=   0.4s
[CV] END estimator__criterion=absolute_error, estimator__max_depth=15, estimator__min_samples_split=4, estimator__n_estimators=100; total time=   0.4s
[CV] END estimator__criterion=absolute_error, estimator__max_depth=15, estimator__min_samples_split=4, estimator__n_estimators=100; total time=   0.4s
[CV] END estimator__criterion=absolute_error, estimator__max_depth=17, estimator__min_samples_split=4, estimator__n_estimators=40; total time=   0.1s
[CV] END estimator__criterion=absolute_error, estimator__max_depth=17, estimator__min_samples_split=4, estimator__n_estimators=40; total time=   0.1s
[CV] END estimator__criterion=absolute_error, estimator__max_depth=17, estimator__min_samples_split=4, estimator__n_estimators=40; total time=   0.1s
[CV] END estimator__criterion=absolute_error, estimator__max_depth=17, estimator__min_samples_split=4, estimator__n_estimators=40; total time=   0.1s
[CV] END estimator__criterion=absolute_error, estimator__max_depth=17, estimator__min_samples_split=6, estimator__n_estimators=60; total time=   0.2s
[CV] END estimator__criterion=absolute_error, estimator__max_depth=18, estimator__min_samples_split=2, estimator__n_estimators=60; total time=   0.2s
[CV] END estimator__criterion=absolute_error, estimator__max_depth=18, estimator__min_samples_split=3, estimator__n_estimators=100; total time=   0.4s
[CV] END estimator__criterion=absolute_error, estimator__max_depth=18, estimator__min_samples_split=6, estimator__n_estimators=20; total time=   0.0s
[CV] END estimator__criterion=absolute_error, estimator__max_depth=18, estimator__min_samples_split=6, estimator__n_estimators=80; total time=   0.2s
[CV] END estimator__criterion=squared_error, estimator__max_depth=14, estimator__min_samples_split=3, estimator__n_estimators=20; total time=   0.0s
[CV] END estimator__criterion=squared_error, estimator__max_depth=15, estimator__min_samples_split=3, estimator__n_estimators=100; total time=   0.0s
[CV] END estimator__criterion=squared_error, estimator__max_depth=15, estimator__min_samples_split=5, estimator__n_estimators=40; total time=   0.0s
[CV] END estimator__criterion=squared_error, estimator__max_depth=15, estimator__min_samples_split=5, estimator__n_estimators=100; total time=   0.0s
[CV] END estimator__criterion=squared_error, estimator__max_depth=16, estimator__min_samples_split=2, estimator__n_estimators=60; total time=   0.0s
[CV] END estimator__criterion=squared_error, estimator__max_depth=16, estimator__min_samples_split=3, estimator__n_estimators=80; total time=   0.0s
[CV] END estimator__criterion=squared_error, estimator__max_depth=16, estimator__min_samples_split=5, estimator__n_estimators=60; total time=   0.0s
[CV] END estimator__criterion=squared_error, estimator__max_depth=16, estimator__min_samples_split=5, estimator__n_estimators=60; total time=   0.0s
[CV] END estimator__criterion=squared_error, estimator__max_depth=17, estimator__min_samples_split=3, estimator__n_estimators=60; total time=   0.0s
[CV] END estimator__criterion=squared_error, estimator__max_depth=17, estimator__min_samples_split=3, estimator__n_estimators=60; total time=   0.0s
[CV] END estimator__criterion=squared_error, estimator__max_depth=17, estimator__min_samples_split=6, estimator__n_estimators=40; total time=   0.0s
[CV] END estimator__criterion=squared_error, estimator__max_depth=17, estimator__min_samples_split=6, estimator__n_estimators=40; total time=   0.0s
[CV] END estimator__criterion=squared_error, estimator__max_depth=17, estimator__min_samples_split=6, estimator__n_estimators=40; total time=   0.0s
[CV] END estimator__criterion=squared_error, estimator__max_depth=17, estimator__min_samples_split=6, estimator__n_estimators=40; total time=   0.0s
[CV] END estimator__criterion=squared_error, estimator__max_depth=18, estimator__min_samples_split=5, estimator__n_estimators=20; total time=   0.0s
[CV] END estimator__criterion=squared_error, estimator__max_depth=18, estimator__min_samples_split=5, estimator__n_estimators=20; total time=   0.0s
[CV] END estimator__criterion=squared_error, estimator__max_depth=18, estimator__min_samples_split=5, estimator__n_estimators=20; total time=   0.0s
[CV] END estimator__criterion=squared_error, estimator__max_depth=18, estimator__min_samples_split=5, estimator__n_estimators=20; total time=   0.0s
[CV] END estimator__criterion=squared_error, estimator__max_depth=18, estimator__min_samples_split=6, estimator__n_estimators=60; total time=   0.0s
[CV] END estimator__criterion=squared_error, estimator__max_depth=18, estimator__min_samples_split=6, estimator__n_estimators=60; total time=   0.0s
[CV] END estimator__criterion=squared_error, estimator__max_depth=18, estimator__min_samples_split=6, estimator__n_estimators=60; total time=   0.0s
[CV] END estimator__criterion=squared_error, estimator__max_depth=18, estimator__min_samples_split=6, estimator__n_estimators=80; total time=   0.0s
[CV] END estimator__criterion=absolute_error, estimator__max_depth=14, estimator__min_samples_split=5, estimator__n_estimators=80; total time=   0.2s
[CV] END estimator__criterion=absolute_error, estimator__max_depth=14, estimator__min_samples_split=5, estimator__n_estimators=80; total time=   0.2s
[CV] END estimator__criterion=absolute_error, estimator__max_depth=14, estimator__min_samples_split=5, estimator__n_estimators=80; total time=   0.2s
[CV] END estimator__criterion=absolute_error, estimator__max_depth=14, estimator__min_samples_split=5, estimator__n_estimators=80; total time=   0.2s
[CV] END estimator__criterion=absolute_error, estimator__max_depth=15, estimator__min_samples_split=6, estimator__n_estimators=20; total time=   0.0s
[CV] END estimator__criterion=absolute_error, estimator__max_depth=15, estimator__min_samples_split=6, estimator__n_estimators=20; total time=   0.0s
[CV] END estimator__criterion=absolute_error, estimator__max_depth=15, estimator__min_samples_split=6, estimator__n_estimators=20; total time=   0.0s
[CV] END estimator__criterion=absolute_error, estimator__max_depth=15, estimator__min_samples_split=6, estimator__n_estimators=40; total time=   0.1s
[CV] END estimator__criterion=absolute_error, estimator__max_depth=16, estimator__min_samples_split=2, estimator__n_estimators=100; total time=   0.3s
[CV] END estimator__criterion=absolute_error, estimator__max_depth=16, estimator__min_samples_split=2, estimator__n_estimators=100; total time=   0.3s
[CV] END estimator__criterion=absolute_error, estimator__max_depth=16, estimator__min_samples_split=2, estimator__n_estimators=100; total time=   0.3s
[CV] END estimator__criterion=absolute_error, estimator__max_depth=16, estimator__min_samples_split=2, estimator__n_estimators=100; total time=   0.3s
[CV] END estimator__criterion=absolute_error, estimator__max_depth=17, estimator__min_samples_split=5, estimator__n_estimators=80; total time=   0.2s
[CV] END estimator__criterion=absolute_error, estimator__max_depth=17, estimator__min_samples_split=6, estimator__n_estimators=20; total time=   0.0s
[CV] END estimator__criterion=absolute_error, estimator__max_depth=17, estimator__min_samples_split=6, estimator__n_estimators=60; total time=   0.2s
[CV] END estimator__criterion=absolute_error, estimator__max_depth=18, estimator__min_samples_split=2, estimator__n_estimators=40; total time=   0.1s
[CV] END estimator__criterion=absolute_error, estimator__max_depth=18, estimator__min_samples_split=2, estimator__n_estimators=100; total time=   0.3s
[CV] END estimator__criterion=absolute_error, estimator__max_depth=18, estimator__min_samples_split=4, estimator__n_estimators=100; total time=   0.3s
[CV] END estimator__criterion=absolute_error, estimator__max_depth=18, estimator__min_samples_split=6, estimator__n_estimators=80; total time=   0.2s
[CV] END estimator__criterion=squared_error, estimator__max_depth=14, estimator__min_samples_split=2, estimator__n_estimators=20; total time=   0.0s
[CV] END estimator__criterion=squared_error, estimator__max_depth=14, estimator__min_samples_split=5, estimator__n_estimators=80; total time=   0.0s
[CV] END estimator__criterion=squared_error, estimator__max_depth=14, estimator__min_samples_split=6, estimator__n_estimators=60; total time=   0.0s
[CV] END estimator__criterion=squared_error, estimator__max_depth=14, estimator__min_samples_split=6, estimator__n_estimators=100; total time=   0.0s
[CV] END estimator__criterion=squared_error, estimator__max_depth=15, estimator__min_samples_split=2, estimator__n_estimators=80; total time=   0.0s
[CV] END estimator__criterion=squared_error, estimator__max_depth=15, estimator__min_samples_split=3, estimator__n_estimators=60; total time=   0.0s
[CV] END estimator__criterion=squared_error, estimator__max_depth=15, estimator__min_samples_split=4, estimator__n_estimators=40; total time=   0.0s
[CV] END estimator__criterion=squared_error, estimator__max_depth=15, estimator__min_samples_split=4, estimator__n_estimators=100; total time=   0.0s
[CV] END estimator__criterion=squared_error, estimator__max_depth=15, estimator__min_samples_split=6, estimator__n_estimators=20; total time=   0.0s
[CV] END estimator__criterion=squared_error, estimator__max_depth=15, estimator__min_samples_split=6, estimator__n_estimators=60; total time=   0.0s
[CV] END estimator__criterion=squared_error, estimator__max_depth=16, estimator__min_samples_split=2, estimator__n_estimators=80; total time=   0.0s
[CV] END estimator__criterion=squared_error, estimator__max_depth=16, estimator__min_samples_split=4, estimator__n_estimators=80; total time=   0.0s
[CV] END estimator__criterion=squared_error, estimator__max_depth=17, estimator__min_samples_split=2, estimator__n_estimators=80; total time=   0.0s
[CV] END estimator__criterion=squared_error, estimator__max_depth=17, estimator__min_samples_split=2, estimator__n_estimators=80; total time=   0.0s
[CV] END estimator__criterion=squared_error, estimator__max_depth=18, estimator__min_samples_split=3, estimator__n_estimators=40; total time=   0.0s
[CV] END estimator__criterion=squared_error, estimator__max_depth=18, estimator__min_samples_split=3, estimator__n_estimators=40; total time=   0.0s
[CV] END estimator__criterion=squared_error, estimator__max_depth=18, estimator__min_samples_split=3, estimator__n_estimators=40; total time=   0.0s
[CV] END estimator__criterion=squared_error, estimator__max_depth=18, estimator__min_samples_split=3, estimator__n_estimators=60; total time=   0.0s
[CV] END estimator__criterion=absolute_error, estimator__max_depth=14, estimator__min_samples_split=2, estimator__n_estimators=80; total time=   0.3s
[CV] END estimator__criterion=absolute_error, estimator__max_depth=14, estimator__min_samples_split=2, estimator__n_estimators=80; total time=   0.2s
[CV] END estimator__criterion=absolute_error, estimator__max_depth=14, estimator__min_samples_split=2, estimator__n_estimators=80; total time=   0.2s
[CV] END estimator__criterion=absolute_error, estimator__max_depth=14, estimator__min_samples_split=2, estimator__n_estimators=80; total time=   0.3s
[CV] END estimator__criterion=absolute_error, estimator__max_depth=15, estimator__min_samples_split=5, estimator__n_estimators=80; total time=   0.3s
[CV] END estimator__criterion=absolute_error, estimator__max_depth=15, estimator__min_samples_split=5, estimator__n_estimators=100; total time=   0.4s
[CV] END estimator__criterion=absolute_error, estimator__max_depth=15, estimator__min_samples_split=5, estimator__n_estimators=100; total time=   0.4s
[CV] END estimator__criterion=absolute_error, estimator__max_depth=15, estimator__min_samples_split=5, estimator__n_estimators=100; total time=   0.4s
[CV] END estimator__criterion=absolute_error, estimator__max_depth=17, estimator__min_samples_split=4, estimator__n_estimators=80; total time=   0.3s
[CV] END estimator__criterion=absolute_error, estimator__max_depth=17, estimator__min_samples_split=4, estimator__n_estimators=80; total time=   0.3s
[CV] END estimator__criterion=absolute_error, estimator__max_depth=17, estimator__min_samples_split=4, estimator__n_estimators=100; total time=   0.3s
[CV] END estimator__criterion=absolute_error, estimator__max_depth=17, estimator__min_samples_split=4, estimator__n_estimators=100; total time=   0.3s
[CV] END estimator__criterion=absolute_error, estimator__max_depth=18, estimator__min_samples_split=5, estimator__n_estimators=20; total time=   0.0s
[CV] END estimator__criterion=absolute_error, estimator__max_depth=18, estimator__min_samples_split=5, estimator__n_estimators=60; total time=   0.1s
[CV] END estimator__criterion=absolute_error, estimator__max_depth=18, estimator__min_samples_split=6, estimator__n_estimators=80; total time=   0.2s
[CV] END estimator__criterion=squared_error, estimator__max_depth=14, estimator__min_samples_split=2, estimator__n_estimators=80; total time=   0.0s
[CV] END estimator__criterion=squared_error, estimator__max_depth=15, estimator__min_samples_split=2, estimator__n_estimators=100; total time=   0.0s
[CV] END estimator__criterion=squared_error, estimator__max_depth=15, estimator__min_samples_split=3, estimator__n_estimators=100; total time=   0.0s
[CV] END estimator__criterion=squared_error, estimator__max_depth=15, estimator__min_samples_split=5, estimator__n_estimators=40; total time=   0.0s
[CV] END estimator__criterion=squared_error, estimator__max_depth=15, estimator__min_samples_split=5, estimator__n_estimators=100; total time=   0.0s
[CV] END estimator__criterion=squared_error, estimator__max_depth=16, estimator__min_samples_split=2, estimator__n_estimators=40; total time=   0.0s
[CV] END estimator__criterion=squared_error, estimator__max_depth=16, estimator__min_samples_split=3, estimator__n_estimators=40; total time=   0.0s
[CV] END estimator__criterion=squared_error, estimator__max_depth=16, estimator__min_samples_split=4, estimator__n_estimators=40; total time=   0.0s
[CV] END estimator__criterion=squared_error, estimator__max_depth=16, estimator__min_samples_split=6, estimator__n_estimators=20; total time=   0.0s
[CV] END estimator__criterion=squared_error, estimator__max_depth=16, estimator__min_samples_split=6, estimator__n_estimators=20; total time=   0.0s
[CV] END estimator__criterion=squared_error, estimator__max_depth=17, estimator__min_samples_split=2, estimator__n_estimators=40; total time=   0.0s
[CV] END estimator__criterion=squared_error, estimator__max_depth=17, estimator__min_samples_split=2, estimator__n_estimators=40; total time=   0.0s
[CV] END estimator__criterion=squared_error, estimator__max_depth=17, estimator__min_samples_split=4, estimator__n_estimators=40; total time=   0.0s
[CV] END estimator__criterion=squared_error, estimator__max_depth=17, estimator__min_samples_split=4, estimator__n_estimators=40; total time=   0.0s
[CV] END estimator__criterion=squared_error, estimator__max_depth=17, estimator__min_samples_split=6, estimator__n_estimators=100; total time=   0.0s
[CV] END estimator__criterion=squared_error, estimator__max_depth=17, estimator__min_samples_split=6, estimator__n_estimators=100; total time=   0.0s
[CV] END estimator__criterion=squared_error, estimator__max_depth=17, estimator__min_samples_split=6, estimator__n_estimators=100; total time=   0.0s
[CV] END estimator__criterion=squared_error, estimator__max_depth=17, estimator__min_samples_split=6, estimator__n_estimators=100; total time=   0.0s
[CV] END estimator__criterion=absolute_error, estimator__max_depth=14, estimator__min_samples_split=5, estimator__n_estimators=60; total time=   0.2s
[CV] END estimator__criterion=absolute_error, estimator__max_depth=14, estimator__min_samples_split=5, estimator__n_estimators=60; total time=   0.2s
[CV] END estimator__criterion=absolute_error, estimator__max_depth=14, estimator__min_samples_split=5, estimator__n_estimators=60; total time=   0.2s
[CV] END estimator__criterion=absolute_error, estimator__max_depth=14, estimator__min_samples_split=5, estimator__n_estimators=80; total time=   0.3s
[CV] END estimator__criterion=absolute_error, estimator__max_depth=15, estimator__min_samples_split=6, estimator__n_estimators=60; total time=   0.2s
[CV] END estimator__criterion=absolute_error, estimator__max_depth=15, estimator__min_samples_split=6, estimator__n_estimators=60; total time=   0.1s
[CV] END estimator__criterion=absolute_error, estimator__max_depth=15, estimator__min_samples_split=6, estimator__n_estimators=60; total time=   0.1s
[CV] END estimator__criterion=absolute_error, estimator__max_depth=15, estimator__min_samples_split=6, estimator__n_estimators=60; total time=   0.1s
[CV] END estimator__criterion=absolute_error, estimator__max_depth=16, estimator__min_samples_split=6, estimator__n_estimators=40; total time=   0.1s
[CV] END estimator__criterion=absolute_error, estimator__max_depth=16, estimator__min_samples_split=6, estimator__n_estimators=40; total time=   0.1s
[CV] END estimator__criterion=absolute_error, estimator__max_depth=16, estimator__min_samples_split=6, estimator__n_estimators=40; total time=   0.1s
[CV] END estimator__criterion=absolute_error, estimator__max_depth=16, estimator__min_samples_split=6, estimator__n_estimators=40; total time=   0.1s
[CV] END estimator__criterion=absolute_error, estimator__max_depth=17, estimator__min_samples_split=3, estimator__n_estimators=100; total time=   0.3s
[CV] END estimator__criterion=absolute_error, estimator__max_depth=17, estimator__min_samples_split=3, estimator__n_estimators=100; total time=   0.3s
[CV] END estimator__criterion=absolute_error, estimator__max_depth=17, estimator__min_samples_split=4, estimator__n_estimators=20; total time=   0.0s
[CV] END estimator__criterion=absolute_error, estimator__max_depth=17, estimator__min_samples_split=4, estimator__n_estimators=20; total time=   0.0s
[CV] END estimator__criterion=absolute_error, estimator__max_depth=17, estimator__min_samples_split=6, estimator__n_estimators=80; total time=   0.2s
[CV] END estimator__criterion=absolute_error, estimator__max_depth=18, estimator__min_samples_split=2, estimator__n_estimators=100; total time=   0.3s
[CV] END estimator__criterion=absolute_error, estimator__max_depth=18, estimator__min_samples_split=4, estimator__n_estimators=100; total time=   0.3s
[CV] END estimator__criterion=absolute_error, estimator__max_depth=18, estimator__min_samples_split=6, estimator__n_estimators=80; total time=   0.3s
[CV] END estimator__criterion=squared_error, estimator__max_depth=14, estimator__min_samples_split=3, estimator__n_estimators=20; total time=   0.0s
[CV] END estimator__criterion=squared_error, estimator__max_depth=15, estimator__min_samples_split=6, estimator__n_estimators=40; total time=   0.0s
[CV] END estimator__criterion=squared_error, estimator__max_depth=16, estimator__min_samples_split=2, estimator__n_estimators=20; total time=   0.0s
[CV] END estimator__criterion=squared_error, estimator__max_depth=16, estimator__min_samples_split=2, estimator__n_estimators=60; total time=   0.0s
[CV] END estimator__criterion=squared_error, estimator__max_depth=16, estimator__min_samples_split=3, estimator__n_estimators=100; total time=   0.0s
[CV] END estimator__criterion=squared_error, estimator__max_depth=17, estimator__min_samples_split=2, estimator__n_estimators=40; total time=   0.0s
[CV] END estimator__criterion=squared_error, estimator__max_depth=17, estimator__min_samples_split=2, estimator__n_estimators=60; total time=   0.0s
[CV] END estimator__criterion=squared_error, estimator__max_depth=17, estimator__min_samples_split=4, estimator__n_estimators=100; total time=   0.0s
[CV] END estimator__criterion=squared_error, estimator__max_depth=17, estimator__min_samples_split=4, estimator__n_estimators=100; total time=   0.0s
[CV] END estimator__criterion=squared_error, estimator__max_depth=17, estimator__min_samples_split=5, estimator__n_estimators=20; total time=   0.0s
[CV] END estimator__criterion=squared_error, estimator__max_depth=17, estimator__min_samples_split=5, estimator__n_estimators=20; total time=   0.0s
[CV] END estimator__criterion=squared_error, estimator__max_depth=18, estimator__min_samples_split=5, estimator__n_estimators=100; total time=   0.0s
[CV] END estimator__criterion=squared_error, estimator__max_depth=18, estimator__min_samples_split=5, estimator__n_estimators=100; total time=   0.0s
[CV] END estimator__criterion=squared_error, estimator__max_depth=18, estimator__min_samples_split=5, estimator__n_estimators=100; total time=   0.0s
[CV] END estimator__criterion=squared_error, estimator__max_depth=18, estimator__min_samples_split=5, estimator__n_estimators=100; total time=   0.0s
[CV] END estimator__criterion=absolute_error, estimator__max_depth=14, estimator__min_samples_split=6, estimator__n_estimators=40; total time=   0.1s
[CV] END estimator__criterion=absolute_error, estimator__max_depth=14, estimator__min_samples_split=6, estimator__n_estimators=40; total time=   0.1s
[CV] END estimator__criterion=absolute_error, estimator__max_depth=14, estimator__min_samples_split=6, estimator__n_estimators=40; total time=   0.1s
[CV] END estimator__criterion=absolute_error, estimator__max_depth=14, estimator__min_samples_split=6, estimator__n_estimators=60; total time=   0.1s
[CV] END estimator__criterion=absolute_error, estimator__max_depth=15, estimator__min_samples_split=3, estimator__n_estimators=100; total time=   0.3s
[CV] END estimator__criterion=absolute_error, estimator__max_depth=15, estimator__min_samples_split=3, estimator__n_estimators=100; total time=   0.3s
[CV] END estimator__criterion=absolute_error, estimator__max_depth=15, estimator__min_samples_split=3, estimator__n_estimators=100; total time=   0.3s
[CV] END estimator__criterion=absolute_error, estimator__max_depth=15, estimator__min_samples_split=3, estimator__n_estimators=100; total time=   0.3s
[CV] END estimator__criterion=absolute_error, estimator__max_depth=16, estimator__min_samples_split=6, estimator__n_estimators=80; total time=   0.2s
[CV] END estimator__criterion=absolute_error, estimator__max_depth=16, estimator__min_samples_split=6, estimator__n_estimators=80; total time=   0.2s
[CV] END estimator__criterion=absolute_error, estimator__max_depth=16, estimator__min_samples_split=6, estimator__n_estimators=80; total time=   0.2s
[CV] END estimator__criterion=absolute_error, estimator__max_depth=16, estimator__min_samples_split=6, estimator__n_estimators=100; total time=   0.3s
[CV] END estimator__criterion=absolute_error, estimator__max_depth=17, estimator__min_samples_split=6, estimator__n_estimators=60; total time=   0.2s
[CV] END estimator__criterion=absolute_error, estimator__max_depth=18, estimator__min_samples_split=2, estimator__n_estimators=60; total time=   0.2s
[CV] END estimator__criterion=absolute_error, estimator__max_depth=18, estimator__min_samples_split=3, estimator__n_estimators=80; total time=   0.3s
[CV] END estimator__criterion=absolute_error, estimator__max_depth=18, estimator__min_samples_split=5, estimator__n_estimators=60; total time=   0.2s
[CV] END estimator__criterion=absolute_error, estimator__max_depth=18, estimator__min_samples_split=6, estimator__n_estimators=100; total time=   0.3s
[CV] END estimator__criterion=squared_error, estimator__max_depth=14, estimator__min_samples_split=2, estimator__n_estimators=80; total time=   0.0s
[CV] END estimator__criterion=squared_error, estimator__max_depth=14, estimator__min_samples_split=6, estimator__n_estimators=20; total time=   0.0s
[CV] END estimator__criterion=squared_error, estimator__max_depth=14, estimator__min_samples_split=6, estimator__n_estimators=40; total time=   0.0s
[CV] END estimator__criterion=squared_error, estimator__max_depth=14, estimator__min_samples_split=6, estimator__n_estimators=80; total time=   0.0s
[CV] END estimator__criterion=squared_error, estimator__max_depth=15, estimator__min_samples_split=2, estimator__n_estimators=60; total time=   0.0s
[CV] END estimator__criterion=squared_error, estimator__max_depth=15, estimator__min_samples_split=3, estimator__n_estimators=20; total time=   0.0s
[CV] END estimator__criterion=squared_error, estimator__max_depth=15, estimator__min_samples_split=3, estimator__n_estimators=40; total time=   0.0s
[CV] END estimator__criterion=squared_error, estimator__max_depth=15, estimator__min_samples_split=3, estimator__n_estimators=80; total time=   0.0s
[CV] END estimator__criterion=squared_error, estimator__max_depth=15, estimator__min_samples_split=4, estimator__n_estimators=60; total time=   0.0s
[CV] END estimator__criterion=squared_error, estimator__max_depth=15, estimator__min_samples_split=5, estimator__n_estimators=40; total time=   0.0s
[CV] END estimator__criterion=squared_error, estimator__max_depth=15, estimator__min_samples_split=5, estimator__n_estimators=80; total time=   0.0s
[CV] END estimator__criterion=squared_error, estimator__max_depth=15, estimator__min_samples_split=6, estimator__n_estimators=80; total time=   0.0s
[CV] END estimator__criterion=squared_error, estimator__max_depth=16, estimator__min_samples_split=2, estimator__n_estimators=100; total time=   0.0s
[CV] END estimator__criterion=squared_error, estimator__max_depth=16, estimator__min_samples_split=4, estimator__n_estimators=100; total time=   0.0s
[CV] END estimator__criterion=squared_error, estimator__max_depth=16, estimator__min_samples_split=4, estimator__n_estimators=100; total time=   0.0s
[CV] END estimator__criterion=squared_error, estimator__max_depth=17, estimator__min_samples_split=4, estimator__n_estimators=40; total time=   0.0s
[CV] END estimator__criterion=squared_error, estimator__max_depth=17, estimator__min_samples_split=4, estimator__n_estimators=60; total time=   0.0s
[CV] END estimator__criterion=squared_error, estimator__max_depth=18, estimator__min_samples_split=2, estimator__n_estimators=20; total time=   0.0s
[CV] END estimator__criterion=squared_error, estimator__max_depth=18, estimator__min_samples_split=2, estimator__n_estimators=40; total time=   0.0s
[CV] END estimator__criterion=squared_error, estimator__max_depth=18, estimator__min_samples_split=2, estimator__n_estimators=40; total time=   0.0s
[CV] END estimator__criterion=squared_error, estimator__max_depth=18, estimator__min_samples_split=2, estimator__n_estimators=40; total time=   0.0s
[CV] END estimator__criterion=squared_error, estimator__max_depth=18, estimator__min_samples_split=6, estimator__n_estimators=20; total time=   0.0s
[CV] END estimator__criterion=squared_error, estimator__max_depth=18, estimator__min_samples_split=6, estimator__n_estimators=20; total time=   0.0s
[CV] END estimator__criterion=squared_error, estimator__max_depth=18, estimator__min_samples_split=6, estimator__n_estimators=20; total time=   0.0s
[CV] END estimator__criterion=squared_error, estimator__max_depth=18, estimator__min_samples_split=6, estimator__n_estimators=20; total time=   0.0s
[CV] END estimator__criterion=absolute_error, estimator__max_depth=14, estimator__min_samples_split=2, estimator__n_estimators=60; total time=   0.2s
[CV] END estimator__criterion=absolute_error, estimator__max_depth=14, estimator__min_samples_split=2, estimator__n_estimators=60; total time=   0.2s
[CV] END estimator__criterion=absolute_error, estimator__max_depth=14, estimator__min_samples_split=2, estimator__n_estimators=60; total time=   0.2s
[CV] END estimator__criterion=absolute_error, estimator__max_depth=14, estimator__min_samples_split=2, estimator__n_estimators=60; total time=   0.2s
[CV] END estimator__criterion=absolute_error, estimator__max_depth=15, estimator__min_samples_split=4, estimator__n_estimators=40; total time=   0.1s
[CV] END estimator__criterion=absolute_error, estimator__max_depth=15, estimator__min_samples_split=4, estimator__n_estimators=40; total time=   0.1s
[CV] END estimator__criterion=absolute_error, estimator__max_depth=15, estimator__min_samples_split=4, estimator__n_estimators=60; total time=   0.2s
[CV] END estimator__criterion=absolute_error, estimator__max_depth=15, estimator__min_samples_split=4, estimator__n_estimators=60; total time=   0.1s
[CV] END estimator__criterion=absolute_error, estimator__max_depth=16, estimator__min_samples_split=2, estimator__n_estimators=80; total time=   0.2s
[CV] END estimator__criterion=absolute_error, estimator__max_depth=16, estimator__min_samples_split=2, estimator__n_estimators=80; total time=   0.2s
[CV] END estimator__criterion=absolute_error, estimator__max_depth=16, estimator__min_samples_split=2, estimator__n_estimators=80; total time=   0.2s
[CV] END estimator__criterion=absolute_error, estimator__max_depth=16, estimator__min_samples_split=2, estimator__n_estimators=100; total time=   0.3s
[CV] END estimator__criterion=absolute_error, estimator__max_depth=17, estimator__min_samples_split=4, estimator__n_estimators=60; total time=   0.1s
[CV] END estimator__criterion=absolute_error, estimator__max_depth=17, estimator__min_samples_split=4, estimator__n_estimators=80; total time=   0.2s
[CV] END estimator__criterion=absolute_error, estimator__max_depth=17, estimator__min_samples_split=4, estimator__n_estimators=80; total time=   0.2s
[CV] END estimator__criterion=absolute_error, estimator__max_depth=17, estimator__min_samples_split=4, estimator__n_estimators=80; total time=   0.3s
[CV] END estimator__criterion=absolute_error, estimator__max_depth=18, estimator__min_samples_split=3, estimator__n_estimators=100; total time=   0.4s
[CV] END estimator__criterion=absolute_error, estimator__max_depth=18, estimator__min_samples_split=6, estimator__n_estimators=20; total time=   0.0s
[CV] END estimator__criterion=absolute_error, estimator__max_depth=18, estimator__min_samples_split=6, estimator__n_estimators=80; total time=   0.2s
[CV] END estimator__criterion=squared_error, estimator__max_depth=14, estimator__min_samples_split=3, estimator__n_estimators=40; total time=   0.0s
[CV] END estimator__criterion=squared_error, estimator__max_depth=15, estimator__min_samples_split=3, estimator__n_estimators=100; total time=   0.0s
[CV] END estimator__criterion=squared_error, estimator__max_depth=15, estimator__min_samples_split=5, estimator__n_estimators=20; total time=   0.0s
[CV] END estimator__criterion=squared_error, estimator__max_depth=15, estimator__min_samples_split=5, estimator__n_estimators=40; total time=   0.0s
[CV] END estimator__criterion=squared_error, estimator__max_depth=15, estimator__min_samples_split=5, estimator__n_estimators=100; total time=   0.0s
[CV] END estimator__criterion=squared_error, estimator__max_depth=16, estimator__min_samples_split=2, estimator__n_estimators=40; total time=   0.0s
[CV] END estimator__criterion=squared_error, estimator__max_depth=16, estimator__min_samples_split=3, estimator__n_estimators=40; total time=   0.0s
[CV] END estimator__criterion=squared_error, estimator__max_depth=16, estimator__min_samples_split=4, estimator__n_estimators=40; total time=   0.0s
[CV] END estimator__criterion=squared_error, estimator__max_depth=16, estimator__min_samples_split=5, estimator__n_estimators=80; total time=   0.0s
[CV] END estimator__criterion=squared_error, estimator__max_depth=16, estimator__min_samples_split=5, estimator__n_estimators=80; total time=   0.0s
[CV] END estimator__criterion=squared_error, estimator__max_depth=17, estimator__min_samples_split=4, estimator__n_estimators=40; total time=   0.0s
[CV] END estimator__criterion=squared_error, estimator__max_depth=17, estimator__min_samples_split=4, estimator__n_estimators=40; total time=   0.0s
[CV] END estimator__criterion=squared_error, estimator__max_depth=18, estimator__min_samples_split=2, estimator__n_estimators=20; total time=   0.0s
[CV] END estimator__criterion=squared_error, estimator__max_depth=18, estimator__min_samples_split=2, estimator__n_estimators=20; total time=   0.0s
[CV] END estimator__criterion=squared_error, estimator__max_depth=18, estimator__min_samples_split=2, estimator__n_estimators=20; total time=   0.0s
[CV] END estimator__criterion=squared_error, estimator__max_depth=18, estimator__min_samples_split=2, estimator__n_estimators=20; total time=   0.0s
[CV] END estimator__criterion=squared_error, estimator__max_depth=18, estimator__min_samples_split=5, estimator__n_estimators=40; total time=   0.0s
[CV] END estimator__criterion=squared_error, estimator__max_depth=18, estimator__min_samples_split=5, estimator__n_estimators=40; total time=   0.0s
[CV] END estimator__criterion=squared_error, estimator__max_depth=18, estimator__min_samples_split=5, estimator__n_estimators=40; total time=   0.0s
[CV] END estimator__criterion=squared_error, estimator__max_depth=18, estimator__min_samples_split=5, estimator__n_estimators=40; total time=   0.0s
[CV] END estimator__criterion=absolute_error, estimator__max_depth=14, estimator__min_samples_split=3, estimator__n_estimators=20; total time=   0.0s
[CV] END estimator__criterion=absolute_error, estimator__max_depth=14, estimator__min_samples_split=3, estimator__n_estimators=20; total time=   0.0s
[CV] END estimator__criterion=absolute_error, estimator__max_depth=14, estimator__min_samples_split=3, estimator__n_estimators=20; total time=   0.0s
[CV] END estimator__criterion=absolute_error, estimator__max_depth=14, estimator__min_samples_split=3, estimator__n_estimators=40; total time=   0.1s
[CV] END estimator__criterion=absolute_error, estimator__max_depth=15, estimator__min_samples_split=2, estimator__n_estimators=80; total time=   0.3s
[CV] END estimator__criterion=absolute_error, estimator__max_depth=15, estimator__min_samples_split=2, estimator__n_estimators=80; total time=   0.3s
[CV] END estimator__criterion=absolute_error, estimator__max_depth=15, estimator__min_samples_split=2, estimator__n_estimators=100; total time=   0.3s
[CV] END estimator__criterion=absolute_error, estimator__max_depth=15, estimator__min_samples_split=2, estimator__n_estimators=100; total time=   0.3s
[CV] END estimator__criterion=absolute_error, estimator__max_depth=16, estimator__min_samples_split=5, estimator__n_estimators=20; total time=   0.0s
[CV] END estimator__criterion=absolute_error, estimator__max_depth=16, estimator__min_samples_split=5, estimator__n_estimators=20; total time=   0.0s
[CV] END estimator__criterion=absolute_error, estimator__max_depth=16, estimator__min_samples_split=5, estimator__n_estimators=20; total time=   0.0s
[CV] END estimator__criterion=absolute_error, estimator__max_depth=16, estimator__min_samples_split=5, estimator__n_estimators=40; total time=   0.1s
[CV] END estimator__criterion=absolute_error, estimator__max_depth=17, estimator__min_samples_split=2, estimator__n_estimators=40; total time=   0.1s
[CV] END estimator__criterion=absolute_error, estimator__max_depth=17, estimator__min_samples_split=2, estimator__n_estimators=40; total time=   0.1s
[CV] END estimator__criterion=absolute_error, estimator__max_depth=17, estimator__min_samples_split=2, estimator__n_estimators=60; total time=   0.2s
[CV] END estimator__criterion=absolute_error, estimator__max_depth=17, estimator__min_samples_split=2, estimator__n_estimators=60; total time=   0.2s
[CV] END estimator__criterion=absolute_error, estimator__max_depth=17, estimator__min_samples_split=5, estimator__n_estimators=80; total time=   0.2s
[CV] END estimator__criterion=absolute_error, estimator__max_depth=17, estimator__min_samples_split=6, estimator__n_estimators=20; total time=   0.0s
[CV] END estimator__criterion=absolute_error, estimator__max_depth=17, estimator__min_samples_split=6, estimator__n_estimators=60; total time=   0.2s
[CV] END estimator__criterion=absolute_error, estimator__max_depth=18, estimator__min_samples_split=2, estimator__n_estimators=60; total time=   0.2s
[CV] END estimator__criterion=absolute_error, estimator__max_depth=18, estimator__min_samples_split=3, estimator__n_estimators=80; total time=   0.2s
[CV] END estimator__criterion=absolute_error, estimator__max_depth=18, estimator__min_samples_split=5, estimator__n_estimators=20; total time=   0.0s
[CV] END estimator__criterion=absolute_error, estimator__max_depth=18, estimator__min_samples_split=5, estimator__n_estimators=60; total time=   0.2s
[CV] END estimator__criterion=absolute_error, estimator__max_depth=18, estimator__min_samples_split=6, estimator__n_estimators=100; total time=   0.3s
[CV] END estimator__criterion=squared_error, estimator__max_depth=14, estimator__min_samples_split=2, estimator__n_estimators=20; total time=   0.0s
[CV] END estimator__criterion=squared_error, estimator__max_depth=14, estimator__min_samples_split=3, estimator__n_estimators=80; total time=   0.0s
[CV] END estimator__criterion=squared_error, estimator__max_depth=14, estimator__min_samples_split=3, estimator__n_estimators=100; total time=   0.0s
[CV] END estimator__criterion=squared_error, estimator__max_depth=14, estimator__min_samples_split=4, estimator__n_estimators=20; total time=   0.0s
[CV] END estimator__criterion=squared_error, estimator__max_depth=14, estimator__min_samples_split=4, estimator__n_estimators=20; total time=   0.0s
[CV] END estimator__criterion=squared_error, estimator__max_depth=14, estimator__min_samples_split=4, estimator__n_estimators=20; total time=   0.0s
[CV] END estimator__criterion=squared_error, estimator__max_depth=14, estimator__min_samples_split=4, estimator__n_estimators=40; total time=   0.0s
[CV] END estimator__criterion=squared_error, estimator__max_depth=14, estimator__min_samples_split=4, estimator__n_estimators=60; total time=   0.0s
[CV] END estimator__criterion=squared_error, estimator__max_depth=14, estimator__min_samples_split=4, estimator__n_estimators=100; total time=   0.0s
[CV] END estimator__criterion=squared_error, estimator__max_depth=14, estimator__min_samples_split=5, estimator__n_estimators=60; total time=   0.0s
[CV] END estimator__criterion=squared_error, estimator__max_depth=14, estimator__min_samples_split=5, estimator__n_estimators=100; total time=   0.0s
[CV] END estimator__criterion=squared_error, estimator__max_depth=14, estimator__min_samples_split=6, estimator__n_estimators=100; total time=   0.0s
[CV] END estimator__criterion=squared_error, estimator__max_depth=15, estimator__min_samples_split=2, estimator__n_estimators=100; total time=   0.0s
[CV] END estimator__criterion=squared_error, estimator__max_depth=15, estimator__min_samples_split=4, estimator__n_estimators=20; total time=   0.0s
[CV] END estimator__criterion=squared_error, estimator__max_depth=15, estimator__min_samples_split=4, estimator__n_estimators=20; total time=   0.0s
[CV] END estimator__criterion=squared_error, estimator__max_depth=15, estimator__min_samples_split=4, estimator__n_estimators=60; total time=   0.0s
[CV] END estimator__criterion=squared_error, estimator__max_depth=15, estimator__min_samples_split=5, estimator__n_estimators=60; total time=   0.0s
[CV] END estimator__criterion=squared_error, estimator__max_depth=15, estimator__min_samples_split=6, estimator__n_estimators=40; total time=   0.0s
[CV] END estimator__criterion=squared_error, estimator__max_depth=15, estimator__min_samples_split=6, estimator__n_estimators=100; total time=   0.0s
[CV] END estimator__criterion=squared_error, estimator__max_depth=16, estimator__min_samples_split=3, estimator__n_estimators=100; total time=   0.0s
[CV] END estimator__criterion=squared_error, estimator__max_depth=16, estimator__min_samples_split=6, estimator__n_estimators=100; total time=   0.0s
[CV] END estimator__criterion=squared_error, estimator__max_depth=16, estimator__min_samples_split=6, estimator__n_estimators=100; total time=   0.0s
[CV] END estimator__criterion=squared_error, estimator__max_depth=17, estimator__min_samples_split=5, estimator__n_estimators=60; total time=   0.0s
[CV] END estimator__criterion=squared_error, estimator__max_depth=17, estimator__min_samples_split=5, estimator__n_estimators=60; total time=   0.0s
[CV] END estimator__criterion=squared_error, estimator__max_depth=17, estimator__min_samples_split=5, estimator__n_estimators=60; total time=   0.0s
[CV] END estimator__criterion=squared_error, estimator__max_depth=17, estimator__min_samples_split=5, estimator__n_estimators=60; total time=   0.0s
[CV] END estimator__criterion=squared_error, estimator__max_depth=18, estimator__min_samples_split=6, estimator__n_estimators=100; total time=   0.0s
[CV] END estimator__criterion=absolute_error, estimator__max_depth=14, estimator__min_samples_split=2, estimator__n_estimators=20; total time=   0.0s
[CV] END estimator__criterion=absolute_error, estimator__max_depth=14, estimator__min_samples_split=2, estimator__n_estimators=20; total time=   0.0s
[CV] END estimator__criterion=absolute_error, estimator__max_depth=14, estimator__min_samples_split=2, estimator__n_estimators=20; total time=   0.0s
[CV] END estimator__criterion=absolute_error, estimator__max_depth=15, estimator__min_samples_split=2, estimator__n_estimators=20; total time=   0.0s
[CV] END estimator__criterion=absolute_error, estimator__max_depth=15, estimator__min_samples_split=2, estimator__n_estimators=20; total time=   0.0s
[CV] END estimator__criterion=absolute_error, estimator__max_depth=15, estimator__min_samples_split=2, estimator__n_estimators=20; total time=   0.0s
[CV] END estimator__criterion=absolute_error, estimator__max_depth=15, estimator__min_samples_split=2, estimator__n_estimators=40; total time=   0.1s
[CV] END estimator__criterion=absolute_error, estimator__max_depth=15, estimator__min_samples_split=4, estimator__n_estimators=20; total time=   0.0s
[CV] END estimator__criterion=absolute_error, estimator__max_depth=15, estimator__min_samples_split=4, estimator__n_estimators=20; total time=   0.0s
[CV] END estimator__criterion=absolute_error, estimator__max_depth=15, estimator__min_samples_split=4, estimator__n_estimators=20; total time=   0.0s
[CV] END estimator__criterion=absolute_error, estimator__max_depth=15, estimator__min_samples_split=4, estimator__n_estimators=20; total time=   0.0s
[CV] END estimator__criterion=absolute_error, estimator__max_depth=15, estimator__min_samples_split=5, estimator__n_estimators=100; total time=   0.4s
[CV] END estimator__criterion=absolute_error, estimator__max_depth=15, estimator__min_samples_split=5, estimator__n_estimators=100; total time=   0.4s
[CV] END estimator__criterion=absolute_error, estimator__max_depth=15, estimator__min_samples_split=6, estimator__n_estimators=20; total time=   0.0s
[CV] END estimator__criterion=absolute_error, estimator__max_depth=15, estimator__min_samples_split=6, estimator__n_estimators=20; total time=   0.0s
[CV] END estimator__criterion=absolute_error, estimator__max_depth=16, estimator__min_samples_split=6, estimator__n_estimators=60; total time=   0.2s
[CV] END estimator__criterion=absolute_error, estimator__max_depth=16, estimator__min_samples_split=6, estimator__n_estimators=60; total time=   0.2s
[CV] END estimator__criterion=absolute_error, estimator__max_depth=16, estimator__min_samples_split=6, estimator__n_estimators=80; total time=   0.3s
[CV] END estimator__criterion=absolute_error, estimator__max_depth=16, estimator__min_samples_split=6, estimator__n_estimators=80; total time=   0.3s
[CV] END estimator__criterion=absolute_error, estimator__max_depth=17, estimator__min_samples_split=6, estimator__n_estimators=80; total time=   0.2s
[CV] END estimator__criterion=absolute_error, estimator__max_depth=18, estimator__min_samples_split=2, estimator__n_estimators=80; total time=   0.3s
[CV] END estimator__criterion=absolute_error, estimator__max_depth=18, estimator__min_samples_split=4, estimator__n_estimators=40; total time=   0.1s
[CV] END estimator__criterion=absolute_error, estimator__max_depth=18, estimator__min_samples_split=4, estimator__n_estimators=100; total time=   0.3s
[CV] END estimator__criterion=absolute_error, estimator__max_depth=18, estimator__min_samples_split=6, estimator__n_estimators=100; total time=   0.3s
[CV] END estimator__criterion=squared_error, estimator__max_depth=14, estimator__min_samples_split=3, estimator__n_estimators=20; total time=   0.0s
[CV] END estimator__criterion=squared_error, estimator__max_depth=15, estimator__min_samples_split=6, estimator__n_estimators=60; total time=   0.0s
[CV] END estimator__criterion=squared_error, estimator__max_depth=16, estimator__min_samples_split=2, estimator__n_estimators=40; total time=   0.0s
[CV] END estimator__criterion=squared_error, estimator__max_depth=16, estimator__min_samples_split=3, estimator__n_estimators=20; total time=   0.0s
[CV] END estimator__criterion=squared_error, estimator__max_depth=16, estimator__min_samples_split=3, estimator__n_estimators=80; total time=   0.0s
[CV] END estimator__criterion=squared_error, estimator__max_depth=16, estimator__min_samples_split=5, estimator__n_estimators=80; total time=   0.0s
[CV] END estimator__criterion=squared_error, estimator__max_depth=16, estimator__min_samples_split=5, estimator__n_estimators=80; total time=   0.0s
[CV] END estimator__criterion=squared_error, estimator__max_depth=17, estimator__min_samples_split=4, estimator__n_estimators=20; total time=   0.0s
[CV] END estimator__criterion=squared_error, estimator__max_depth=17, estimator__min_samples_split=4, estimator__n_estimators=20; total time=   0.0s
[CV] END estimator__criterion=squared_error, estimator__max_depth=17, estimator__min_samples_split=5, estimator__n_estimators=100; total time=   0.0s
[CV] END estimator__criterion=squared_error, estimator__max_depth=17, estimator__min_samples_split=5, estimator__n_estimators=100; total time=   0.0s
[CV] END estimator__criterion=squared_error, estimator__max_depth=17, estimator__min_samples_split=5, estimator__n_estimators=100; total time=   0.0s
[CV] END estimator__criterion=squared_error, estimator__max_depth=17, estimator__min_samples_split=6, estimator__n_estimators=20; total time=   0.0s
[CV] END estimator__criterion=absolute_error, estimator__max_depth=14, estimator__min_samples_split=2, estimator__n_estimators=100; total time=   0.4s
[CV] END estimator__criterion=absolute_error, estimator__max_depth=14, estimator__min_samples_split=2, estimator__n_estimators=100; total time=   0.3s
[CV] END estimator__criterion=absolute_error, estimator__max_depth=14, estimator__min_samples_split=3, estimator__n_estimators=20; total time=   0.0s
[CV] END estimator__criterion=absolute_error, estimator__max_depth=14, estimator__min_samples_split=3, estimator__n_estimators=20; total time=   0.0s
[CV] END estimator__criterion=absolute_error, estimator__max_depth=15, estimator__min_samples_split=4, estimator__n_estimators=80; total time=   0.2s
[CV] END estimator__criterion=absolute_error, estimator__max_depth=15, estimator__min_samples_split=4, estimator__n_estimators=80; total time=   0.2s
[CV] END estimator__criterion=absolute_error, estimator__max_depth=15, estimator__min_samples_split=4, estimator__n_estimators=80; total time=   0.2s
[CV] END estimator__criterion=absolute_error, estimator__max_depth=15, estimator__min_samples_split=4, estimator__n_estimators=80; total time=   0.2s
[CV] END estimator__criterion=absolute_error, estimator__max_depth=16, estimator__min_samples_split=5, estimator__n_estimators=80; total time=   0.2s
[CV] END estimator__criterion=absolute_error, estimator__max_depth=16, estimator__min_samples_split=5, estimator__n_estimators=80; total time=   0.2s
[CV] END estimator__criterion=absolute_error, estimator__max_depth=16, estimator__min_samples_split=5, estimator__n_estimators=100; total time=   0.3s
[CV] END estimator__criterion=absolute_error, estimator__max_depth=16, estimator__min_samples_split=5, estimator__n_estimators=100; total time=   0.3s
[CV] END estimator__criterion=absolute_error, estimator__max_depth=17, estimator__min_samples_split=5, estimator__n_estimators=100; total time=   0.3s
[CV] END estimator__criterion=absolute_error, estimator__max_depth=18, estimator__min_samples_split=2, estimator__n_estimators=20; total time=   0.0s
[CV] END estimator__criterion=absolute_error, estimator__max_depth=18, estimator__min_samples_split=2, estimator__n_estimators=60; total time=   0.2s
[CV] END estimator__criterion=absolute_error, estimator__max_depth=18, estimator__min_samples_split=3, estimator__n_estimators=60; total time=   0.2s
[CV] END estimator__criterion=absolute_error, estimator__max_depth=18, estimator__min_samples_split=4, estimator__n_estimators=100; total time=   0.3s
[CV] END estimator__criterion=absolute_error, estimator__max_depth=18, estimator__min_samples_split=6, estimator__n_estimators=100; total time=   0.3s
[CV] END estimator__criterion=squared_error, estimator__max_depth=14, estimator__min_samples_split=2, estimator__n_estimators=60; total time=   0.0s
[CV] END estimator__criterion=squared_error, estimator__max_depth=14, estimator__min_samples_split=4, estimator__n_estimators=80; total time=   0.0s
[CV] END estimator__criterion=squared_error, estimator__max_depth=14, estimator__min_samples_split=5, estimator__n_estimators=20; total time=   0.0s
[CV] END estimator__criterion=squared_error, estimator__max_depth=14, estimator__min_samples_split=5, estimator__n_estimators=20; total time=   0.0s
[CV] END estimator__criterion=squared_error, estimator__max_depth=14, estimator__min_samples_split=5, estimator__n_estimators=40; total time=   0.0s
[CV] END estimator__criterion=squared_error, estimator__max_depth=14, estimator__min_samples_split=5, estimator__n_estimators=60; total time=   0.0s
[CV] END estimator__criterion=squared_error, estimator__max_depth=14, estimator__min_samples_split=6, estimator__n_estimators=20; total time=   0.0s
[CV] END estimator__criterion=squared_error, estimator__max_depth=14, estimator__min_samples_split=6, estimator__n_estimators=40; total time=   0.0s
[CV] END estimator__criterion=squared_error, estimator__max_depth=14, estimator__min_samples_split=6, estimator__n_estimators=100; total time=   0.0s
[CV] END estimator__criterion=squared_error, estimator__max_depth=15, estimator__min_samples_split=2, estimator__n_estimators=80; total time=   0.0s
[CV] END estimator__criterion=squared_error, estimator__max_depth=15, estimator__min_samples_split=3, estimator__n_estimators=40; total time=   0.0s
[CV] END estimator__criterion=squared_error, estimator__max_depth=15, estimator__min_samples_split=4, estimator__n_estimators=20; total time=   0.0s
[CV] END estimator__criterion=squared_error, estimator__max_depth=15, estimator__min_samples_split=4, estimator__n_estimators=20; total time=   0.0s
[CV] END estimator__criterion=squared_error, estimator__max_depth=15, estimator__min_samples_split=4, estimator__n_estimators=60; total time=   0.0s
[CV] END estimator__criterion=squared_error, estimator__max_depth=15, estimator__min_samples_split=5, estimator__n_estimators=20; total time=   0.0s
[CV] END estimator__criterion=squared_error, estimator__max_depth=15, estimator__min_samples_split=5, estimator__n_estimators=40; total time=   0.0s
[CV] END estimator__criterion=squared_error, estimator__max_depth=15, estimator__min_samples_split=5, estimator__n_estimators=100; total time=   0.0s
[CV] END estimator__criterion=squared_error, estimator__max_depth=16, estimator__min_samples_split=2, estimator__n_estimators=20; total time=   0.0s
[CV] END estimator__criterion=squared_error, estimator__max_depth=16, estimator__min_samples_split=2, estimator__n_estimators=80; total time=   0.0s
[CV] END estimator__criterion=squared_error, estimator__max_depth=16, estimator__min_samples_split=4, estimator__n_estimators=40; total time=   0.0s
[CV] END estimator__criterion=squared_error, estimator__max_depth=16, estimator__min_samples_split=5, estimator__n_estimators=100; total time=   0.0s
[CV] END estimator__criterion=squared_error, estimator__max_depth=16, estimator__min_samples_split=5, estimator__n_estimators=100; total time=   0.0s
[CV] END estimator__criterion=squared_error, estimator__max_depth=17, estimator__min_samples_split=6, estimator__n_estimators=20; total time=   0.0s
[CV] END estimator__criterion=squared_error, estimator__max_depth=17, estimator__min_samples_split=6, estimator__n_estimators=20; total time=   0.0s
[CV] END estimator__criterion=squared_error, estimator__max_depth=17, estimator__min_samples_split=6, estimator__n_estimators=20; total time=   0.0s
[CV] END estimator__criterion=squared_error, estimator__max_depth=17, estimator__min_samples_split=6, estimator__n_estimators=20; total time=   0.0s
[CV] END estimator__criterion=squared_error, estimator__max_depth=18, estimator__min_samples_split=3, estimator__n_estimators=60; total time=   0.0s
[CV] END estimator__criterion=squared_error, estimator__max_depth=18, estimator__min_samples_split=3, estimator__n_estimators=60; total time=   0.0s
[CV] END estimator__criterion=squared_error, estimator__max_depth=18, estimator__min_samples_split=3, estimator__n_estimators=60; total time=   0.0s
[CV] END estimator__criterion=squared_error, estimator__max_depth=18, estimator__min_samples_split=3, estimator__n_estimators=60; total time=   0.0s
[CV] END estimator__criterion=absolute_error, estimator__max_depth=14, estimator__min_samples_split=3, estimator__n_estimators=100; total time=   0.4s
[CV] END estimator__criterion=absolute_error, estimator__max_depth=14, estimator__min_samples_split=3, estimator__n_estimators=100; total time=   0.4s
[CV] END estimator__criterion=absolute_error, estimator__max_depth=14, estimator__min_samples_split=3, estimator__n_estimators=100; total time=   0.4s
[CV] END estimator__criterion=absolute_error, estimator__max_depth=14, estimator__min_samples_split=4, estimator__n_estimators=20; total time=   0.0s
[CV] END estimator__criterion=absolute_error, estimator__max_depth=16, estimator__min_samples_split=2, estimator__n_estimators=40; total time=   0.1s
[CV] END estimator__criterion=absolute_error, estimator__max_depth=16, estimator__min_samples_split=2, estimator__n_estimators=60; total time=   0.2s
[CV] END estimator__criterion=absolute_error, estimator__max_depth=16, estimator__min_samples_split=2, estimator__n_estimators=60; total time=   0.2s
[CV] END estimator__criterion=absolute_error, estimator__max_depth=16, estimator__min_samples_split=2, estimator__n_estimators=60; total time=   0.2s
[CV] END estimator__criterion=absolute_error, estimator__max_depth=17, estimator__min_samples_split=3, estimator__n_estimators=60; total time=   0.2s
[CV] END estimator__criterion=absolute_error, estimator__max_depth=17, estimator__min_samples_split=3, estimator__n_estimators=60; total time=   0.2s
[CV] END estimator__criterion=absolute_error, estimator__max_depth=17, estimator__min_samples_split=3, estimator__n_estimators=60; total time=   0.2s
[CV] END estimator__criterion=absolute_error, estimator__max_depth=17, estimator__min_samples_split=3, estimator__n_estimators=60; total time=   0.2s
[CV] END estimator__criterion=absolute_error, estimator__max_depth=18, estimator__min_samples_split=2, estimator__n_estimators=40; total time=   0.1s
[CV] END estimator__criterion=absolute_error, estimator__max_depth=18, estimator__min_samples_split=3, estimator__n_estimators=20; total time=   0.0s
[CV] END estimator__criterion=absolute_error, estimator__max_depth=18, estimator__min_samples_split=3, estimator__n_estimators=80; total time=   0.3s
[CV] END estimator__criterion=absolute_error, estimator__max_depth=18, estimator__min_samples_split=5, estimator__n_estimators=60; total time=   0.2s
[CV] END estimator__criterion=absolute_error, estimator__max_depth=18, estimator__min_samples_split=6, estimator__n_estimators=100; total time=   0.3s
