W0429 06:17:35.352000 35612 site-packages\torch\utils\flop_counter.py:29] triton not found; flop counting will not work for triton kernels
[INFO] Loading original-dataset exact config | R:\config\paper_reimplementation\rcim_ml_compensation\original_dataset_exact_model_bank\campaigns\track1\exact_paper\forward_maxi_last_non_green_cells\lgbm\2026-04-29_track1_forward_lgbm_ampl_h162_maxi_last_non_green_cells\020_track1_forward_lgbm_ampl_h162_maxi_last_non_green_cells_attempt_20.yaml
[INFO] Building original-dataset exact bundle
[INFO] Original-dataset exact bundle ready | direction=forward rows=969 targets=1 families=1
[INFO] Family fit started | family=LGBM estimator=LGBMRegressor targets=1 threadpool_limit=1 joblib_cpu_limit=system_default os_cpu_count=32
[INFO] Family target scope | family=LGBM kinds=ampl harmonics=162 preview=fft_y_Fw_filtered_ampl_162
[INFO] Grid search configured | family=LGBM candidates=600 parameter_count=4 n_jobs=-1 verbose=2 pre_dispatch=2*n_jobs
W0429 06:18:21.723000 32528 site-packages\torch\utils\flop_counter.py:29] triton not found; flop counting will not work for triton kernels
W0429 06:18:21.735000 15932 site-packages\torch\utils\flop_counter.py:29] triton not found; flop counting will not work for triton kernels
W0429 06:18:21.776000 40648 site-packages\torch\utils\flop_counter.py:29] triton not found; flop counting will not work for triton kernels
W0429 06:18:21.896000 14484 site-packages\torch\utils\flop_counter.py:29] triton not found; flop counting will not work for triton kernels
W0429 06:18:21.991000 45348 site-packages\torch\utils\flop_counter.py:29] triton not found; flop counting will not work for triton kernels
W0429 06:18:22.096000 33172 site-packages\torch\utils\flop_counter.py:29] triton not found; flop counting will not work for triton kernels
W0429 06:18:22.134000 35800 site-packages\torch\utils\flop_counter.py:29] triton not found; flop counting will not work for triton kernels
W0429 06:18:22.262000 10912 site-packages\torch\utils\flop_counter.py:29] triton not found; flop counting will not work for triton kernels
W0429 06:18:22.277000 36012 site-packages\torch\utils\flop_counter.py:29] triton not found; flop counting will not work for triton kernels
W0429 06:18:22.519000 40520 site-packages\torch\utils\flop_counter.py:29] triton not found; flop counting will not work for triton kernels
W0429 06:18:22.591000 9732 site-packages\torch\utils\flop_counter.py:29] triton not found; flop counting will not work for triton kernels
W0429 06:18:22.661000 7880 site-packages\torch\utils\flop_counter.py:29] triton not found; flop counting will not work for triton kernels
W0429 06:18:22.691000 11324 site-packages\torch\utils\flop_counter.py:29] triton not found; flop counting will not work for triton kernels
W0429 06:18:22.708000 28448 site-packages\torch\utils\flop_counter.py:29] triton not found; flop counting will not work for triton kernels
W0429 06:18:22.869000 41496 site-packages\torch\utils\flop_counter.py:29] triton not found; flop counting will not work for triton kernels
W0429 06:18:22.884000 22208 site-packages\torch\utils\flop_counter.py:29] triton not found; flop counting will not work for triton kernels
W0429 06:18:22.966000 40044 site-packages\torch\utils\flop_counter.py:29] triton not found; flop counting will not work for triton kernels
W0429 06:18:23.127000 43496 site-packages\torch\utils\flop_counter.py:29] triton not found; flop counting will not work for triton kernels
W0429 06:18:23.168000 11216 site-packages\torch\utils\flop_counter.py:29] triton not found; flop counting will not work for triton kernels
W0429 06:18:23.183000 1852 site-packages\torch\utils\flop_counter.py:29] triton not found; flop counting will not work for triton kernels
W0429 06:18:23.243000 19744 site-packages\torch\utils\flop_counter.py:29] triton not found; flop counting will not work for triton kernels
W0429 06:18:23.249000 19104 site-packages\torch\utils\flop_counter.py:29] triton not found; flop counting will not work for triton kernels
W0429 06:18:23.258000 27516 site-packages\torch\utils\flop_counter.py:29] triton not found; flop counting will not work for triton kernels
W0429 06:18:23.262000 34408 site-packages\torch\utils\flop_counter.py:29] triton not found; flop counting will not work for triton kernels
W0429 06:18:23.272000 11396 site-packages\torch\utils\flop_counter.py:29] triton not found; flop counting will not work for triton kernels
W0429 06:18:23.272000 16952 site-packages\torch\utils\flop_counter.py:29] triton not found; flop counting will not work for triton kernels
W0429 06:18:23.276000 41648 site-packages\torch\utils\flop_counter.py:29] triton not found; flop counting will not work for triton kernels
W0429 06:18:23.279000 6940 site-packages\torch\utils\flop_counter.py:29] triton not found; flop counting will not work for triton kernels
W0429 06:18:23.290000 24184 site-packages\torch\utils\flop_counter.py:29] triton not found; flop counting will not work for triton kernels
W0429 06:18:23.290000 8476 site-packages\torch\utils\flop_counter.py:29] triton not found; flop counting will not work for triton kernels
W0429 06:18:23.295000 26688 site-packages\torch\utils\flop_counter.py:29] triton not found; flop counting will not work for triton kernels
W0429 06:18:23.296000 44376 site-packages\torch\utils\flop_counter.py:29] triton not found; flop counting will not work for triton kernels
[CV] END estimator__learning_rate=0.01, estimator__max_depth=10, estimator__num_leaves=2, estimator__subsample=0.001; total time=   4.6s
[CV] END estimator__learning_rate=0.01, estimator__max_depth=10, estimator__num_leaves=4, estimator__subsample=0.1; total time=   0.0s
[CV] END estimator__learning_rate=0.01, estimator__max_depth=10, estimator__num_leaves=6, estimator__subsample=0.001; total time=   0.1s
[CV] END estimator__learning_rate=0.01, estimator__max_depth=10, estimator__num_leaves=6, estimator__subsample=0.1; total time=   0.1s
[CV] END estimator__learning_rate=0.01, estimator__max_depth=10, estimator__num_leaves=8, estimator__subsample=0.001; total time=   0.4s
[CV] END estimator__learning_rate=0.01, estimator__max_depth=10, estimator__num_leaves=10, estimator__subsample=0.001; total time=   0.9s
[CV] END estimator__learning_rate=0.01, estimator__max_depth=10, estimator__num_leaves=31, estimator__subsample=0.1; total time=   1.4s
[CV] END estimator__learning_rate=0.01, estimator__max_depth=11, estimator__num_leaves=8, estimator__subsample=0.1; total time=   0.6s
[CV] END estimator__learning_rate=0.01, estimator__max_depth=11, estimator__num_leaves=31, estimator__subsample=0.001; total time=   1.5s
[CV] END estimator__learning_rate=0.01, estimator__max_depth=12, estimator__num_leaves=8, estimator__subsample=0.001; total time=   0.6s
[CV] END estimator__learning_rate=0.01, estimator__max_depth=12, estimator__num_leaves=10, estimator__subsample=0.1; total time=   0.8s
[CV] END estimator__learning_rate=0.01, estimator__max_depth=13, estimator__num_leaves=2, estimator__subsample=0.01; total time=   0.1s
[CV] END estimator__learning_rate=0.01, estimator__max_depth=13, estimator__num_leaves=2, estimator__subsample=0.2; total time=   0.1s
[CV] END estimator__learning_rate=0.01, estimator__max_depth=13, estimator__num_leaves=4, estimator__subsample=0.01; total time=   0.2s
[CV] END estimator__learning_rate=0.01, estimator__max_depth=13, estimator__num_leaves=6, estimator__subsample=0.001; total time=   0.4s
[CV] END estimator__learning_rate=0.01, estimator__max_depth=13, estimator__num_leaves=8, estimator__subsample=0.001; total time=   0.6s
[CV] END estimator__learning_rate=0.01, estimator__max_depth=13, estimator__num_leaves=10, estimator__subsample=0.2; total time=   0.8s
[CV] END estimator__learning_rate=0.01, estimator__max_depth=14, estimator__num_leaves=2, estimator__subsample=0.1; total time=   0.1s
[CV] END estimator__learning_rate=0.01, estimator__max_depth=14, estimator__num_leaves=4, estimator__subsample=0.01; total time=   0.2s
[CV] END estimator__learning_rate=0.01, estimator__max_depth=14, estimator__num_leaves=4, estimator__subsample=0.2; total time=   0.3s
[CV] END estimator__learning_rate=0.01, estimator__max_depth=14, estimator__num_leaves=6, estimator__subsample=0.1; total time=   0.4s
[CV] END estimator__learning_rate=0.01, estimator__max_depth=14, estimator__num_leaves=10, estimator__subsample=0.01; total time=   0.8s
[CV] END estimator__learning_rate=0.2, estimator__max_depth=10, estimator__num_leaves=2, estimator__subsample=0.001; total time=   0.0s
[CV] END estimator__learning_rate=0.2, estimator__max_depth=10, estimator__num_leaves=2, estimator__subsample=0.001; total time=   0.1s
[CV] END estimator__learning_rate=0.2, estimator__max_depth=10, estimator__num_leaves=2, estimator__subsample=0.1; total time=   0.1s
[CV] END estimator__learning_rate=0.2, estimator__max_depth=10, estimator__num_leaves=4, estimator__subsample=0.001; total time=   0.2s
[CV] END estimator__learning_rate=0.2, estimator__max_depth=10, estimator__num_leaves=4, estimator__subsample=0.2; total time=   0.2s
[CV] END estimator__learning_rate=0.2, estimator__max_depth=10, estimator__num_leaves=6, estimator__subsample=0.1; total time=   0.4s
[CV] END estimator__learning_rate=0.2, estimator__max_depth=10, estimator__num_leaves=10, estimator__subsample=0.01; total time=   0.8s
[CV] END estimator__learning_rate=0.2, estimator__max_depth=10, estimator__num_leaves=31, estimator__subsample=0.2; total time=   1.4s
[CV] END estimator__learning_rate=0.2, estimator__max_depth=11, estimator__num_leaves=8, estimator__subsample=0.01; total time=   0.6s
[CV] END estimator__learning_rate=0.2, estimator__max_depth=11, estimator__num_leaves=31, estimator__subsample=0.001; total time=   1.4s
[CV] END estimator__learning_rate=0.2, estimator__max_depth=12, estimator__num_leaves=6, estimator__subsample=0.01; total time=   0.4s
[CV] END estimator__learning_rate=0.2, estimator__max_depth=12, estimator__num_leaves=8, estimator__subsample=0.2; total time=   0.6s
[CV] END estimator__learning_rate=0.2, estimator__max_depth=12, estimator__num_leaves=31, estimator__subsample=0.1; total time=   1.5s
[CV] END estimator__learning_rate=0.2, estimator__max_depth=13, estimator__num_leaves=8, estimator__subsample=0.001; total time=   0.6s
[CV] END estimator__learning_rate=0.2, estimator__max_depth=13, estimator__num_leaves=10, estimator__subsample=0.1; total time=   0.7s
[CV] END estimator__learning_rate=0.2, estimator__max_depth=14, estimator__num_leaves=2, estimator__subsample=0.01; total time=   0.1s
[CV] END estimator__learning_rate=0.2, estimator__max_depth=14, estimator__num_leaves=2, estimator__subsample=0.2; total time=   0.1s
[CV] END estimator__learning_rate=0.2, estimator__max_depth=14, estimator__num_leaves=4, estimator__subsample=0.1; total time=   0.2s
[CV] END estimator__learning_rate=0.2, estimator__max_depth=14, estimator__num_leaves=6, estimator__subsample=0.001; total time=   0.4s
[CV] END estimator__learning_rate=0.2, estimator__max_depth=14, estimator__num_leaves=8, estimator__subsample=0.01; total time=   0.6s
[CV] END estimator__learning_rate=0.2, estimator__max_depth=14, estimator__num_leaves=10, estimator__subsample=0.2; total time=   0.7s
[CV] END estimator__learning_rate=0.39, estimator__max_depth=10, estimator__num_leaves=4, estimator__subsample=0.001; total time=   0.2s
[CV] END estimator__learning_rate=0.39, estimator__max_depth=10, estimator__num_leaves=4, estimator__subsample=0.2; total time=   0.2s
[CV] END estimator__learning_rate=0.39, estimator__max_depth=10, estimator__num_leaves=6, estimator__subsample=0.01; total time=   0.4s
[CV] END estimator__learning_rate=0.39, estimator__max_depth=10, estimator__num_leaves=8, estimator__subsample=0.2; total time=   0.6s
[CV] END estimator__learning_rate=0.39, estimator__max_depth=10, estimator__num_leaves=31, estimator__subsample=0.1; total time=   1.4s
[CV] END estimator__learning_rate=0.39, estimator__max_depth=11, estimator__num_leaves=6, estimator__subsample=0.2; total time=   0.4s
[CV] END estimator__learning_rate=0.39, estimator__max_depth=11, estimator__num_leaves=10, estimator__subsample=0.1; total time=   0.7s
[CV] END estimator__learning_rate=0.39, estimator__max_depth=12, estimator__num_leaves=2, estimator__subsample=0.001; total time=   0.1s
[CV] END estimator__learning_rate=0.39, estimator__max_depth=12, estimator__num_leaves=2, estimator__subsample=0.01; total time=   0.1s
[CV] END estimator__learning_rate=0.39, estimator__max_depth=12, estimator__num_leaves=2, estimator__subsample=0.2; total time=   0.1s
[CV] END estimator__learning_rate=0.39, estimator__max_depth=12, estimator__num_leaves=4, estimator__subsample=0.01; total time=   0.2s
[CV] END estimator__learning_rate=0.39, estimator__max_depth=12, estimator__num_leaves=6, estimator__subsample=0.001; total time=   0.4s
[CV] END estimator__learning_rate=0.39, estimator__max_depth=12, estimator__num_leaves=8, estimator__subsample=0.001; total time=   0.6s
[CV] END estimator__learning_rate=0.39, estimator__max_depth=12, estimator__num_leaves=10, estimator__subsample=0.2; total time=   0.8s
[CV] END estimator__learning_rate=0.39, estimator__max_depth=13, estimator__num_leaves=2, estimator__subsample=0.1; total time=   0.1s
[CV] END estimator__learning_rate=0.39, estimator__max_depth=13, estimator__num_leaves=4, estimator__subsample=0.01; total time=   0.2s
[CV] END estimator__learning_rate=0.39, estimator__max_depth=13, estimator__num_leaves=4, estimator__subsample=0.2; total time=   0.2s[CV] END estimator__learning_rate=0.01, estimator__max_depth=10, estimator__num_leaves=2, estimator__subsample=0.1; total time=   4.6s
[CV] END estimator__learning_rate=0.01, estimator__max_depth=10, estimator__num_leaves=10, estimator__subsample=0.1; total time=   0.8s
[CV] END estimator__learning_rate=0.01, estimator__max_depth=11, estimator__num_leaves=2, estimator__subsample=0.01; total time=   0.1s
[CV] END estimator__learning_rate=0.01, estimator__max_depth=11, estimator__num_leaves=2, estimator__subsample=0.2; total time=   0.1s
[CV] END estimator__learning_rate=0.01, estimator__max_depth=11, estimator__num_leaves=4, estimator__subsample=0.01; total time=   0.2s
[CV] END estimator__learning_rate=0.01, estimator__max_depth=11, estimator__num_leaves=6, estimator__subsample=0.001; total time=   0.4s
[CV] END estimator__learning_rate=0.01, estimator__max_depth=11, estimator__num_leaves=8, estimator__subsample=0.01; total time=   0.6s
[CV] END estimator__learning_rate=0.01, estimator__max_depth=11, estimator__num_leaves=10, estimator__subsample=0.2; total time=   0.8s
[CV] END estimator__learning_rate=0.01, estimator__max_depth=12, estimator__num_leaves=4, estimator__subsample=0.001; total time=   0.2s
[CV] END estimator__learning_rate=0.01, estimator__max_depth=12, estimator__num_leaves=4, estimator__subsample=0.1; total time=   0.2s
[CV] END estimator__learning_rate=0.01, estimator__max_depth=12, estimator__num_leaves=6, estimator__subsample=0.01; total time=   0.4s
[CV] END estimator__learning_rate=0.01, estimator__max_depth=12, estimator__num_leaves=8, estimator__subsample=0.2; total time=   0.6s
[CV] END estimator__learning_rate=0.01, estimator__max_depth=12, estimator__num_leaves=31, estimator__subsample=0.1; total time=   1.4s
[CV] END estimator__learning_rate=0.01, estimator__max_depth=13, estimator__num_leaves=8, estimator__subsample=0.001; total time=   0.6s
[CV] END estimator__learning_rate=0.01, estimator__max_depth=13, estimator__num_leaves=10, estimator__subsample=0.1; total time=   0.8s
[CV] END estimator__learning_rate=0.01, estimator__max_depth=14, estimator__num_leaves=2, estimator__subsample=0.01; total time=   0.1s
[CV] END estimator__learning_rate=0.01, estimator__max_depth=14, estimator__num_leaves=2, estimator__subsample=0.2; total time=   0.1s
[CV] END estimator__learning_rate=0.01, estimator__max_depth=14, estimator__num_leaves=4, estimator__subsample=0.01; total time=   0.2s
[CV] END estimator__learning_rate=0.01, estimator__max_depth=14, estimator__num_leaves=4, estimator__subsample=0.2; total time=   0.3s
[CV] END estimator__learning_rate=0.01, estimator__max_depth=14, estimator__num_leaves=6, estimator__subsample=0.2; total time=   0.5s
[CV] END estimator__learning_rate=0.01, estimator__max_depth=14, estimator__num_leaves=10, estimator__subsample=0.1; total time=   0.7s
[CV] END estimator__learning_rate=0.2, estimator__max_depth=10, estimator__num_leaves=2, estimator__subsample=0.001; total time=   0.0s
[CV] END estimator__learning_rate=0.2, estimator__max_depth=10, estimator__num_leaves=2, estimator__subsample=0.01; total time=   0.1s
[CV] END estimator__learning_rate=0.2, estimator__max_depth=10, estimator__num_leaves=2, estimator__subsample=0.2; total time=   0.1s
[CV] END estimator__learning_rate=0.2, estimator__max_depth=10, estimator__num_leaves=4, estimator__subsample=0.01; total time=   0.2s
[CV] END estimator__learning_rate=0.2, estimator__max_depth=10, estimator__num_leaves=6, estimator__subsample=0.001; total time=   0.4s
[CV] END estimator__learning_rate=0.2, estimator__max_depth=10, estimator__num_leaves=8, estimator__subsample=0.01; total time=   0.6s
[CV] END estimator__learning_rate=0.2, estimator__max_depth=10, estimator__num_leaves=10, estimator__subsample=0.2; total time=   0.8s
[CV] END estimator__learning_rate=0.2, estimator__max_depth=11, estimator__num_leaves=2, estimator__subsample=0.2; total time=   0.1s
[CV] END estimator__learning_rate=0.2, estimator__max_depth=11, estimator__num_leaves=4, estimator__subsample=0.01; total time=   0.2s
[CV] END estimator__learning_rate=0.2, estimator__max_depth=11, estimator__num_leaves=6, estimator__subsample=0.001; total time=   0.4s
[CV] END estimator__learning_rate=0.2, estimator__max_depth=11, estimator__num_leaves=8, estimator__subsample=0.001; total time=   0.6s
[CV] END estimator__learning_rate=0.2, estimator__max_depth=11, estimator__num_leaves=10, estimator__subsample=0.2; total time=   0.7s
[CV] END estimator__learning_rate=0.2, estimator__max_depth=12, estimator__num_leaves=2, estimator__subsample=0.1; total time=   0.1s
[CV] END estimator__learning_rate=0.2, estimator__max_depth=12, estimator__num_leaves=4, estimator__subsample=0.001; total time=   0.2s
[CV] END estimator__learning_rate=0.2, estimator__max_depth=12, estimator__num_leaves=4, estimator__subsample=0.2; total time=   0.2s
[CV] END estimator__learning_rate=0.2, estimator__max_depth=12, estimator__num_leaves=6, estimator__subsample=0.1; total time=   0.4s
[CV] END estimator__learning_rate=0.2, estimator__max_depth=12, estimator__num_leaves=10, estimator__subsample=0.001; total time=   0.8s
[CV] END estimator__learning_rate=0.2, estimator__max_depth=12, estimator__num_leaves=31, estimator__subsample=0.2; total time=   1.4s
[CV] END estimator__learning_rate=0.2, estimator__max_depth=13, estimator__num_leaves=8, estimator__subsample=0.01; total time=   0.6s
[CV] END estimator__learning_rate=0.2, estimator__max_depth=13, estimator__num_leaves=31, estimator__subsample=0.001; total time=   1.5s
[CV] END estimator__learning_rate=0.2, estimator__max_depth=14, estimator__num_leaves=6, estimator__subsample=0.01; total time=   0.4s
[CV] END estimator__learning_rate=0.2, estimator__max_depth=14, estimator__num_leaves=8, estimator__subsample=0.2; total time=   0.6s
[CV] END estimator__learning_rate=0.2, estimator__max_depth=14, estimator__num_leaves=31, estimator__subsample=0.1; total time=   1.4s
[CV] END estimator__learning_rate=0.39, estimator__max_depth=10, estimator__num_leaves=8, estimator__subsample=0.001; total time=   0.6s
[CV] END estimator__learning_rate=0.39, estimator__max_depth=10, estimator__num_leaves=10, estimator__subsample=0.1; total time=   0.8s
[CV] END estimator__learning_rate=0.39, estimator__max_depth=11, estimator__num_leaves=2, estimator__subsample=0.01; total time=   0.1s
[CV] END estimator__learning_rate=0.39, estimator__max_depth=11, estimator__num_leaves=2, estimator__subsample=0.2; total time=   0.1s
[CV] END estimator__learning_rate=0.39, estimator__max_depth=11, estimator__num_leaves=4, estimator__subsample=0.1; total time=   0.2s
[CV] END estimator__learning_rate=0.39, estimator__max_depth=11, estimator__num_leaves=6, estimator__subsample=0.001; total time=   0.4s
[CV] END estimator__learning_rate=0.39, estimator__max_depth=11, estimator__num_leaves=8, estimator__subsample=0.01; total time=   0.6s
[CV] END estimator__learning_rate=0.39, estimator__max_depth=11, estimator__num_leaves=31, estimator__subsample=0.001; total time=   1.4s
[CV] END estimator__learning_rate=0.39, estimator__max_depth=12, estimator__num_leaves=6, estimator__subsample=0.01; total time=   0.4s
[CV] END estimator__learning_rate=0.39, estimator__max_depth=12, estimator__num_leaves=8, estimator__subsample=0.2; total time=   0.6s
[CV] END estimator__learning_rate=0.39, estimator__max_depth=12, estimator__num_leaves=31, estimator__subsample=0.1; total time=   1.5s
[CV] END estimator__learning_rate=0.39, estimator__max_depth=13, estimator__num_leaves=8, estimator__subsample=0.001; total time=   0.6s
[CV] END estimator__learning_rate=0.39, estimator__max_depth=13, estimator__num_leaves=10, estimator__subsample=0.2; total time=   0.7s
[CV] END estimator__learning_rate=0.39, estimator__max_depth=14, estimator__num_leaves=2, estimator__subsample=0.01; total time=   0.1s
[CV] END estimator__learning_rate=0.39, estimator__max_depth=14, estimator__num_leaves=2, estimator__subsample=0.2; total time=   0.1s
[CV] END estimator__learning_rate=0.39, estimator__max_depth=14, estimator__num_leaves=4, estimator__subsample=0.1; total time=   0.2s[CV] END estimator__learning_rate=0.01, estimator__max_depth=10, estimator__num_leaves=2, estimator__subsample=0.01; total time=   4.5s
[CV] END estimator__learning_rate=0.01, estimator__max_depth=10, estimator__num_leaves=4, estimator__subsample=0.1; total time=   0.0s
[CV] END estimator__learning_rate=0.01, estimator__max_depth=10, estimator__num_leaves=6, estimator__subsample=0.001; total time=   0.2s
[CV] END estimator__learning_rate=0.01, estimator__max_depth=10, estimator__num_leaves=6, estimator__subsample=0.1; total time=   0.1s
[CV] END estimator__learning_rate=0.01, estimator__max_depth=10, estimator__num_leaves=8, estimator__subsample=0.01; total time=   0.4s
[CV] END estimator__learning_rate=0.01, estimator__max_depth=10, estimator__num_leaves=10, estimator__subsample=0.001; total time=   0.9s
[CV] END estimator__learning_rate=0.01, estimator__max_depth=10, estimator__num_leaves=31, estimator__subsample=0.1; total time=   1.5s
[CV] END estimator__learning_rate=0.01, estimator__max_depth=11, estimator__num_leaves=8, estimator__subsample=0.2; total time=   0.6s
[CV] END estimator__learning_rate=0.01, estimator__max_depth=11, estimator__num_leaves=31, estimator__subsample=0.1; total time=   1.4s
[CV] END estimator__learning_rate=0.01, estimator__max_depth=12, estimator__num_leaves=6, estimator__subsample=0.2; total time=   0.4s
[CV] END estimator__learning_rate=0.01, estimator__max_depth=12, estimator__num_leaves=10, estimator__subsample=0.01; total time=   0.7s
[CV] END estimator__learning_rate=0.01, estimator__max_depth=13, estimator__num_leaves=2, estimator__subsample=0.001; total time=   0.1s
[CV] END estimator__learning_rate=0.01, estimator__max_depth=13, estimator__num_leaves=2, estimator__subsample=0.01; total time=   0.1s
[CV] END estimator__learning_rate=0.01, estimator__max_depth=13, estimator__num_leaves=2, estimator__subsample=0.2; total time=   0.1s
[CV] END estimator__learning_rate=0.01, estimator__max_depth=13, estimator__num_leaves=4, estimator__subsample=0.01; total time=   0.2s
[CV] END estimator__learning_rate=0.01, estimator__max_depth=13, estimator__num_leaves=6, estimator__subsample=0.001; total time=   0.4s
[CV] END estimator__learning_rate=0.01, estimator__max_depth=13, estimator__num_leaves=8, estimator__subsample=0.01; total time=   0.6s
[CV] END estimator__learning_rate=0.01, estimator__max_depth=13, estimator__num_leaves=10, estimator__subsample=0.2; total time=   0.8s
[CV] END estimator__learning_rate=0.01, estimator__max_depth=14, estimator__num_leaves=2, estimator__subsample=0.2; total time=   0.1s
[CV] END estimator__learning_rate=0.01, estimator__max_depth=14, estimator__num_leaves=4, estimator__subsample=0.1; total time=   0.2s
[CV] END estimator__learning_rate=0.01, estimator__max_depth=14, estimator__num_leaves=6, estimator__subsample=0.001; total time=   0.4s
[CV] END estimator__learning_rate=0.01, estimator__max_depth=14, estimator__num_leaves=8, estimator__subsample=0.01; total time=   0.6s
[CV] END estimator__learning_rate=0.01, estimator__max_depth=14, estimator__num_leaves=10, estimator__subsample=0.2; total time=   0.8s
[CV] END estimator__learning_rate=0.2, estimator__max_depth=10, estimator__num_leaves=2, estimator__subsample=0.2; total time=   0.1s
[CV] END estimator__learning_rate=0.2, estimator__max_depth=10, estimator__num_leaves=4, estimator__subsample=0.1; total time=   0.2s
[CV] END estimator__learning_rate=0.2, estimator__max_depth=10, estimator__num_leaves=6, estimator__subsample=0.001; total time=   0.4s
[CV] END estimator__learning_rate=0.2, estimator__max_depth=10, estimator__num_leaves=8, estimator__subsample=0.001; total time=   0.6s
[CV] END estimator__learning_rate=0.2, estimator__max_depth=10, estimator__num_leaves=10, estimator__subsample=0.2; total time=   0.8s
[CV] END estimator__learning_rate=0.2, estimator__max_depth=11, estimator__num_leaves=2, estimator__subsample=0.1; total time=   0.1s
[CV] END estimator__learning_rate=0.2, estimator__max_depth=11, estimator__num_leaves=4, estimator__subsample=0.001; total time=   0.2s
[CV] END estimator__learning_rate=0.2, estimator__max_depth=11, estimator__num_leaves=4, estimator__subsample=0.2; total time=   0.3s
[CV] END estimator__learning_rate=0.2, estimator__max_depth=11, estimator__num_leaves=6, estimator__subsample=0.1; total time=   0.4s
[CV] END estimator__learning_rate=0.2, estimator__max_depth=11, estimator__num_leaves=10, estimator__subsample=0.001; total time=   0.7s
[CV] END estimator__learning_rate=0.2, estimator__max_depth=11, estimator__num_leaves=31, estimator__subsample=0.1; total time=   1.5s
[CV] END estimator__learning_rate=0.2, estimator__max_depth=12, estimator__num_leaves=8, estimator__subsample=0.1; total time=   0.6s
[CV] END estimator__learning_rate=0.2, estimator__max_depth=12, estimator__num_leaves=31, estimator__subsample=0.001; total time=   1.5s
[CV] END estimator__learning_rate=0.2, estimator__max_depth=13, estimator__num_leaves=6, estimator__subsample=0.2; total time=   0.4s
[CV] END estimator__learning_rate=0.2, estimator__max_depth=13, estimator__num_leaves=10, estimator__subsample=0.01; total time=   0.7s
[CV] END estimator__learning_rate=0.2, estimator__max_depth=13, estimator__num_leaves=31, estimator__subsample=0.2; total time=   1.5s
[CV] END estimator__learning_rate=0.2, estimator__max_depth=14, estimator__num_leaves=8, estimator__subsample=0.1; total time=   0.6s
[CV] END estimator__learning_rate=0.2, estimator__max_depth=14, estimator__num_leaves=31, estimator__subsample=0.001; total time=   1.5s
[CV] END estimator__learning_rate=0.39, estimator__max_depth=10, estimator__num_leaves=6, estimator__subsample=0.2; total time=   0.4s
[CV] END estimator__learning_rate=0.39, estimator__max_depth=10, estimator__num_leaves=10, estimator__subsample=0.01; total time=   0.7s
[CV] END estimator__learning_rate=0.39, estimator__max_depth=11, estimator__num_leaves=2, estimator__subsample=0.001; total time=   0.0s
[CV] END estimator__learning_rate=0.39, estimator__max_depth=11, estimator__num_leaves=2, estimator__subsample=0.01; total time=   0.1s
[CV] END estimator__learning_rate=0.39, estimator__max_depth=11, estimator__num_leaves=2, estimator__subsample=0.2; total time=   0.1s
[CV] END estimator__learning_rate=0.39, estimator__max_depth=11, estimator__num_leaves=4, estimator__subsample=0.01; total time=   0.2s
[CV] END estimator__learning_rate=0.39, estimator__max_depth=11, estimator__num_leaves=4, estimator__subsample=0.2; total time=   0.2s
[CV] END estimator__learning_rate=0.39, estimator__max_depth=11, estimator__num_leaves=6, estimator__subsample=0.1; total time=   0.4s
[CV] END estimator__learning_rate=0.39, estimator__max_depth=11, estimator__num_leaves=10, estimator__subsample=0.01; total time=   0.8s
[CV] END estimator__learning_rate=0.39, estimator__max_depth=12, estimator__num_leaves=2, estimator__subsample=0.001; total time=   0.0s
[CV] END estimator__learning_rate=0.39, estimator__max_depth=12, estimator__num_leaves=2, estimator__subsample=0.001; total time=   0.1s
[CV] END estimator__learning_rate=0.39, estimator__max_depth=12, estimator__num_leaves=2, estimator__subsample=0.1; total time=   0.1s
[CV] END estimator__learning_rate=0.39, estimator__max_depth=12, estimator__num_leaves=4, estimator__subsample=0.001; total time=   0.2s
[CV] END estimator__learning_rate=0.39, estimator__max_depth=12, estimator__num_leaves=4, estimator__subsample=0.2; total time=   0.2s
[CV] END estimator__learning_rate=0.39, estimator__max_depth=12, estimator__num_leaves=6, estimator__subsample=0.1; total time=   0.4s
[CV] END estimator__learning_rate=0.39, estimator__max_depth=12, estimator__num_leaves=10, estimator__subsample=0.001; total time=   0.7s
[CV] END estimator__learning_rate=0.39, estimator__max_depth=12, estimator__num_leaves=31, estimator__subsample=0.1; total time=   1.5s
[CV] END estimator__learning_rate=0.39, estimator__max_depth=13, estimator__num_leaves=8, estimator__subsample=0.1; total time=   0.6s
[CV] END estimator__learning_rate=0.39, estimator__max_depth=13, estimator__num_leaves=31, estimator__subsample=0.001; total time=   1.4s[CV] END estimator__learning_rate=0.01, estimator__max_depth=10, estimator__num_leaves=4, estimator__subsample=0.01; total time=   4.4s
[CV] END estimator__learning_rate=0.01, estimator__max_depth=10, estimator__num_leaves=10, estimator__subsample=0.01; total time=   0.9s
[CV] END estimator__learning_rate=0.01, estimator__max_depth=11, estimator__num_leaves=2, estimator__subsample=0.001; total time=   0.1s
[CV] END estimator__learning_rate=0.01, estimator__max_depth=11, estimator__num_leaves=2, estimator__subsample=0.1; total time=   0.1s
[CV] END estimator__learning_rate=0.01, estimator__max_depth=11, estimator__num_leaves=4, estimator__subsample=0.001; total time=   0.2s
[CV] END estimator__learning_rate=0.01, estimator__max_depth=11, estimator__num_leaves=4, estimator__subsample=0.1; total time=   0.3s
[CV] END estimator__learning_rate=0.01, estimator__max_depth=11, estimator__num_leaves=6, estimator__subsample=0.1; total time=   0.5s
[CV] END estimator__learning_rate=0.01, estimator__max_depth=11, estimator__num_leaves=10, estimator__subsample=0.01; total time=   0.7s
[CV] END estimator__learning_rate=0.01, estimator__max_depth=11, estimator__num_leaves=31, estimator__subsample=0.2; total time=   1.5s
[CV] END estimator__learning_rate=0.01, estimator__max_depth=12, estimator__num_leaves=8, estimator__subsample=0.1; total time=   0.6s
[CV] END estimator__learning_rate=0.01, estimator__max_depth=12, estimator__num_leaves=31, estimator__subsample=0.01; total time=   1.5s
[CV] END estimator__learning_rate=0.01, estimator__max_depth=13, estimator__num_leaves=8, estimator__subsample=0.001; total time=   0.6s
[CV] END estimator__learning_rate=0.01, estimator__max_depth=13, estimator__num_leaves=10, estimator__subsample=0.2; total time=   0.7s
[CV] END estimator__learning_rate=0.01, estimator__max_depth=14, estimator__num_leaves=2, estimator__subsample=0.1; total time=   0.1s
[CV] END estimator__learning_rate=0.01, estimator__max_depth=14, estimator__num_leaves=4, estimator__subsample=0.001; total time=   0.2s
[CV] END estimator__learning_rate=0.01, estimator__max_depth=14, estimator__num_leaves=4, estimator__subsample=0.1; total time=   0.3s
[CV] END estimator__learning_rate=0.01, estimator__max_depth=14, estimator__num_leaves=6, estimator__subsample=0.01; total time=   0.4s
[CV] END estimator__learning_rate=0.01, estimator__max_depth=14, estimator__num_leaves=8, estimator__subsample=0.2; total time=   0.6s
[CV] END estimator__learning_rate=0.01, estimator__max_depth=14, estimator__num_leaves=31, estimator__subsample=0.1; total time=   1.4s
[CV] END estimator__learning_rate=0.2, estimator__max_depth=10, estimator__num_leaves=8, estimator__subsample=0.001; total time=   0.6s
[CV] END estimator__learning_rate=0.2, estimator__max_depth=10, estimator__num_leaves=10, estimator__subsample=0.1; total time=   0.8s
[CV] END estimator__learning_rate=0.2, estimator__max_depth=11, estimator__num_leaves=2, estimator__subsample=0.01; total time=   0.1s
[CV] END estimator__learning_rate=0.2, estimator__max_depth=11, estimator__num_leaves=4, estimator__subsample=0.001; total time=   0.2s
[CV] END estimator__learning_rate=0.2, estimator__max_depth=11, estimator__num_leaves=4, estimator__subsample=0.1; total time=   0.2s
[CV] END estimator__learning_rate=0.2, estimator__max_depth=11, estimator__num_leaves=6, estimator__subsample=0.01; total time=   0.4s
[CV] END estimator__learning_rate=0.2, estimator__max_depth=11, estimator__num_leaves=8, estimator__subsample=0.2; total time=   0.6s
[CV] END estimator__learning_rate=0.2, estimator__max_depth=11, estimator__num_leaves=31, estimator__subsample=0.1; total time=   1.5s
[CV] END estimator__learning_rate=0.2, estimator__max_depth=12, estimator__num_leaves=8, estimator__subsample=0.001; total time=   0.6s
[CV] END estimator__learning_rate=0.2, estimator__max_depth=12, estimator__num_leaves=10, estimator__subsample=0.1; total time=   0.7s
[CV] END estimator__learning_rate=0.2, estimator__max_depth=13, estimator__num_leaves=2, estimator__subsample=0.01; total time=   0.1s
[CV] END estimator__learning_rate=0.2, estimator__max_depth=13, estimator__num_leaves=4, estimator__subsample=0.001; total time=   0.2s
[CV] END estimator__learning_rate=0.2, estimator__max_depth=13, estimator__num_leaves=4, estimator__subsample=0.1; total time=   0.2s
[CV] END estimator__learning_rate=0.2, estimator__max_depth=13, estimator__num_leaves=6, estimator__subsample=0.001; total time=   0.4s
[CV] END estimator__learning_rate=0.2, estimator__max_depth=13, estimator__num_leaves=8, estimator__subsample=0.2; total time=   0.6s
[CV] END estimator__learning_rate=0.2, estimator__max_depth=13, estimator__num_leaves=31, estimator__subsample=0.01; total time=   1.5s
[CV] END estimator__learning_rate=0.2, estimator__max_depth=14, estimator__num_leaves=8, estimator__subsample=0.001; total time=   0.6s
[CV] END estimator__learning_rate=0.2, estimator__max_depth=14, estimator__num_leaves=10, estimator__subsample=0.1; total time=   0.8s
[CV] END estimator__learning_rate=0.39, estimator__max_depth=10, estimator__num_leaves=2, estimator__subsample=0.01; total time=   0.1s
[CV] END estimator__learning_rate=0.39, estimator__max_depth=10, estimator__num_leaves=2, estimator__subsample=0.2; total time=   0.1s
[CV] END estimator__learning_rate=0.39, estimator__max_depth=10, estimator__num_leaves=4, estimator__subsample=0.1; total time=   0.2s
[CV] END estimator__learning_rate=0.39, estimator__max_depth=10, estimator__num_leaves=6, estimator__subsample=0.001; total time=   0.4s
[CV] END estimator__learning_rate=0.39, estimator__max_depth=10, estimator__num_leaves=8, estimator__subsample=0.01; total time=   0.6s
[CV] END estimator__learning_rate=0.39, estimator__max_depth=10, estimator__num_leaves=10, estimator__subsample=0.2; total time=   0.8s
[CV] END estimator__learning_rate=0.39, estimator__max_depth=11, estimator__num_leaves=2, estimator__subsample=0.2; total time=   0.1s
[CV] END estimator__learning_rate=0.39, estimator__max_depth=11, estimator__num_leaves=4, estimator__subsample=0.01; total time=   0.2s
[CV] END estimator__learning_rate=0.39, estimator__max_depth=11, estimator__num_leaves=6, estimator__subsample=0.001; total time=   0.4s
[CV] END estimator__learning_rate=0.39, estimator__max_depth=11, estimator__num_leaves=8, estimator__subsample=0.01; total time=   0.6s
[CV] END estimator__learning_rate=0.39, estimator__max_depth=11, estimator__num_leaves=10, estimator__subsample=0.2; total time=   0.8s
[CV] END estimator__learning_rate=0.39, estimator__max_depth=12, estimator__num_leaves=2, estimator__subsample=0.2; total time=   0.1s
[CV] END estimator__learning_rate=0.39, estimator__max_depth=12, estimator__num_leaves=4, estimator__subsample=0.01; total time=   0.2s
[CV] END estimator__learning_rate=0.39, estimator__max_depth=12, estimator__num_leaves=6, estimator__subsample=0.001; total time=   0.4s
[CV] END estimator__learning_rate=0.39, estimator__max_depth=12, estimator__num_leaves=8, estimator__subsample=0.01; total time=   0.6s
[CV] END estimator__learning_rate=0.39, estimator__max_depth=12, estimator__num_leaves=10, estimator__subsample=0.2; total time=   0.8s
[CV] END estimator__learning_rate=0.39, estimator__max_depth=13, estimator__num_leaves=2, estimator__subsample=0.2; total time=   0.1s
[CV] END estimator__learning_rate=0.39, estimator__max_depth=13, estimator__num_leaves=4, estimator__subsample=0.01; total time=   0.3s
[CV] END estimator__learning_rate=0.39, estimator__max_depth=13, estimator__num_leaves=6, estimator__subsample=0.001; total time=   0.4s
[CV] END estimator__learning_rate=0.39, estimator__max_depth=13, estimator__num_leaves=8, estimator__subsample=0.01; total time=   0.6s
[CV] END estimator__learning_rate=0.39, estimator__max_depth=13, estimator__num_leaves=10, estimator__subsample=0.2; total time=   0.8s
[CV] END estimator__learning_rate=0.39, estimator__max_depth=14, estimator__num_leaves=4, estimator__subsample=0.001; total time=   0.2s
[CV] END estimator__learning_rate=0.39, estimator__max_depth=14, estimator__num_leaves=4, estimator__subsample=0.1; total time=   0.3s[CV] END estimator__learning_rate=0.01, estimator__max_depth=10, estimator__num_leaves=2, estimator__subsample=0.001; total time=   4.8s
[CV] END estimator__learning_rate=0.01, estimator__max_depth=10, estimator__num_leaves=4, estimator__subsample=0.1; total time=   0.0s
[CV] END estimator__learning_rate=0.01, estimator__max_depth=10, estimator__num_leaves=4, estimator__subsample=0.2; total time=   0.1s
[CV] END estimator__learning_rate=0.01, estimator__max_depth=10, estimator__num_leaves=6, estimator__subsample=0.01; total time=   0.2s
[CV] END estimator__learning_rate=0.01, estimator__max_depth=10, estimator__num_leaves=8, estimator__subsample=0.001; total time=   0.4s
[CV] END estimator__learning_rate=0.01, estimator__max_depth=10, estimator__num_leaves=8, estimator__subsample=0.2; total time=   0.8s
[CV] END estimator__learning_rate=0.01, estimator__max_depth=10, estimator__num_leaves=31, estimator__subsample=0.1; total time=   1.4s
[CV] END estimator__learning_rate=0.01, estimator__max_depth=11, estimator__num_leaves=8, estimator__subsample=0.001; total time=   0.6s
[CV] END estimator__learning_rate=0.01, estimator__max_depth=11, estimator__num_leaves=10, estimator__subsample=0.1; total time=   0.7s
[CV] END estimator__learning_rate=0.01, estimator__max_depth=12, estimator__num_leaves=2, estimator__subsample=0.01; total time=   0.1s
[CV] END estimator__learning_rate=0.01, estimator__max_depth=12, estimator__num_leaves=2, estimator__subsample=0.1; total time=   0.1s
[CV] END estimator__learning_rate=0.01, estimator__max_depth=12, estimator__num_leaves=4, estimator__subsample=0.01; total time=   0.2s
[CV] END estimator__learning_rate=0.01, estimator__max_depth=12, estimator__num_leaves=4, estimator__subsample=0.2; total time=   0.2s
[CV] END estimator__learning_rate=0.01, estimator__max_depth=12, estimator__num_leaves=6, estimator__subsample=0.2; total time=   0.4s
[CV] END estimator__learning_rate=0.01, estimator__max_depth=12, estimator__num_leaves=10, estimator__subsample=0.01; total time=   0.7s
[CV] END estimator__learning_rate=0.01, estimator__max_depth=13, estimator__num_leaves=2, estimator__subsample=0.001; total time=   0.0s
[CV] END estimator__learning_rate=0.01, estimator__max_depth=13, estimator__num_leaves=2, estimator__subsample=0.001; total time=   0.1s
[CV] END estimator__learning_rate=0.01, estimator__max_depth=13, estimator__num_leaves=2, estimator__subsample=0.1; total time=   0.1s
[CV] END estimator__learning_rate=0.01, estimator__max_depth=13, estimator__num_leaves=4, estimator__subsample=0.001; total time=   0.2s
[CV] END estimator__learning_rate=0.01, estimator__max_depth=13, estimator__num_leaves=4, estimator__subsample=0.2; total time=   0.3s
[CV] END estimator__learning_rate=0.01, estimator__max_depth=13, estimator__num_leaves=6, estimator__subsample=0.1; total time=   0.5s
[CV] END estimator__learning_rate=0.01, estimator__max_depth=13, estimator__num_leaves=10, estimator__subsample=0.01; total time=   0.8s
[CV] END estimator__learning_rate=0.01, estimator__max_depth=14, estimator__num_leaves=2, estimator__subsample=0.001; total time=   0.0s
[CV] END estimator__learning_rate=0.01, estimator__max_depth=14, estimator__num_leaves=2, estimator__subsample=0.01; total time=   0.1s
[CV] END estimator__learning_rate=0.01, estimator__max_depth=14, estimator__num_leaves=2, estimator__subsample=0.1; total time=   0.1s
[CV] END estimator__learning_rate=0.01, estimator__max_depth=14, estimator__num_leaves=4, estimator__subsample=0.01; total time=   0.3s
[CV] END estimator__learning_rate=0.01, estimator__max_depth=14, estimator__num_leaves=6, estimator__subsample=0.001; total time=   0.4s
[CV] END estimator__learning_rate=0.01, estimator__max_depth=14, estimator__num_leaves=8, estimator__subsample=0.01; total time=   0.6s
[CV] END estimator__learning_rate=0.01, estimator__max_depth=14, estimator__num_leaves=10, estimator__subsample=0.2; total time=   0.8s
[CV] END estimator__learning_rate=0.2, estimator__max_depth=10, estimator__num_leaves=4, estimator__subsample=0.001; total time=   0.2s
[CV] END estimator__learning_rate=0.2, estimator__max_depth=10, estimator__num_leaves=4, estimator__subsample=0.1; total time=   0.2s
[CV] END estimator__learning_rate=0.2, estimator__max_depth=10, estimator__num_leaves=6, estimator__subsample=0.01; total time=   0.4s
[CV] END estimator__learning_rate=0.2, estimator__max_depth=10, estimator__num_leaves=10, estimator__subsample=0.001; total time=   0.8s
[CV] END estimator__learning_rate=0.2, estimator__max_depth=10, estimator__num_leaves=31, estimator__subsample=0.2; total time=   1.4s
[CV] END estimator__learning_rate=0.2, estimator__max_depth=11, estimator__num_leaves=8, estimator__subsample=0.01; total time=   0.6s
[CV] END estimator__learning_rate=0.2, estimator__max_depth=11, estimator__num_leaves=10, estimator__subsample=0.2; total time=   0.7s
[CV] END estimator__learning_rate=0.2, estimator__max_depth=12, estimator__num_leaves=4, estimator__subsample=0.001; total time=   0.2s
[CV] END estimator__learning_rate=0.2, estimator__max_depth=12, estimator__num_leaves=4, estimator__subsample=0.1; total time=   0.2s
[CV] END estimator__learning_rate=0.2, estimator__max_depth=12, estimator__num_leaves=6, estimator__subsample=0.001; total time=   0.4s
[CV] END estimator__learning_rate=0.2, estimator__max_depth=12, estimator__num_leaves=8, estimator__subsample=0.2; total time=   0.6s
[CV] END estimator__learning_rate=0.2, estimator__max_depth=12, estimator__num_leaves=31, estimator__subsample=0.01; total time=   1.4s
[CV] END estimator__learning_rate=0.2, estimator__max_depth=13, estimator__num_leaves=6, estimator__subsample=0.1; total time=   0.4s
[CV] END estimator__learning_rate=0.2, estimator__max_depth=13, estimator__num_leaves=10, estimator__subsample=0.01; total time=   0.7s
[CV] END estimator__learning_rate=0.2, estimator__max_depth=13, estimator__num_leaves=31, estimator__subsample=0.1; total time=   1.5s
[CV] END estimator__learning_rate=0.2, estimator__max_depth=14, estimator__num_leaves=8, estimator__subsample=0.1; total time=   0.6s
[CV] END estimator__learning_rate=0.2, estimator__max_depth=14, estimator__num_leaves=31, estimator__subsample=0.01; total time=   1.4s
[CV] END estimator__learning_rate=0.39, estimator__max_depth=10, estimator__num_leaves=6, estimator__subsample=0.1; total time=   0.4s
[CV] END estimator__learning_rate=0.39, estimator__max_depth=10, estimator__num_leaves=10, estimator__subsample=0.01; total time=   0.7s
[CV] END estimator__learning_rate=0.39, estimator__max_depth=10, estimator__num_leaves=31, estimator__subsample=0.2; total time=   1.5s
[CV] END estimator__learning_rate=0.39, estimator__max_depth=11, estimator__num_leaves=8, estimator__subsample=0.1; total time=   0.6s
[CV] END estimator__learning_rate=0.39, estimator__max_depth=11, estimator__num_leaves=31, estimator__subsample=0.01; total time=   1.5s
[CV] END estimator__learning_rate=0.39, estimator__max_depth=12, estimator__num_leaves=6, estimator__subsample=0.2; total time=   0.4s
[CV] END estimator__learning_rate=0.39, estimator__max_depth=12, estimator__num_leaves=10, estimator__subsample=0.1; total time=   0.7s
[CV] END estimator__learning_rate=0.39, estimator__max_depth=13, estimator__num_leaves=2, estimator__subsample=0.001; total time=   0.1s
[CV] END estimator__learning_rate=0.39, estimator__max_depth=13, estimator__num_leaves=2, estimator__subsample=0.01; total time=   0.1s
[CV] END estimator__learning_rate=0.39, estimator__max_depth=13, estimator__num_leaves=4, estimator__subsample=0.001; total time=   0.2s
[CV] END estimator__learning_rate=0.39, estimator__max_depth=13, estimator__num_leaves=4, estimator__subsample=0.1; total time=   0.2s
[CV] END estimator__learning_rate=0.39, estimator__max_depth=13, estimator__num_leaves=6, estimator__subsample=0.001; total time=   0.4s
[CV] END estimator__learning_rate=0.39, estimator__max_depth=13, estimator__num_leaves=8, estimator__subsample=0.2; total time=   0.6s
[CV] END estimator__learning_rate=0.39, estimator__max_depth=13, estimator__num_leaves=31, estimator__subsample=0.01; total time=   1.5s[CV] END estimator__learning_rate=0.01, estimator__max_depth=10, estimator__num_leaves=2, estimator__subsample=0.001; total time=   4.4s
[CV] END estimator__learning_rate=0.01, estimator__max_depth=10, estimator__num_leaves=4, estimator__subsample=0.2; total time=   0.0s
[CV] END estimator__learning_rate=0.01, estimator__max_depth=10, estimator__num_leaves=6, estimator__subsample=0.01; total time=   0.2s
[CV] END estimator__learning_rate=0.01, estimator__max_depth=10, estimator__num_leaves=6, estimator__subsample=0.2; total time=   0.2s
[CV] END estimator__learning_rate=0.01, estimator__max_depth=10, estimator__num_leaves=8, estimator__subsample=0.01; total time=   0.6s
[CV] END estimator__learning_rate=0.01, estimator__max_depth=10, estimator__num_leaves=10, estimator__subsample=0.1; total time=   0.8s
[CV] END estimator__learning_rate=0.01, estimator__max_depth=11, estimator__num_leaves=2, estimator__subsample=0.001; total time=   0.1s
[CV] END estimator__learning_rate=0.01, estimator__max_depth=11, estimator__num_leaves=2, estimator__subsample=0.2; total time=   0.1s
[CV] END estimator__learning_rate=0.01, estimator__max_depth=11, estimator__num_leaves=4, estimator__subsample=0.01; total time=   0.2s
[CV] END estimator__learning_rate=0.01, estimator__max_depth=11, estimator__num_leaves=6, estimator__subsample=0.001; total time=   0.4s
[CV] END estimator__learning_rate=0.01, estimator__max_depth=11, estimator__num_leaves=8, estimator__subsample=0.001; total time=   0.6s
[CV] END estimator__learning_rate=0.01, estimator__max_depth=11, estimator__num_leaves=10, estimator__subsample=0.2; total time=   0.8s
[CV] END estimator__learning_rate=0.01, estimator__max_depth=12, estimator__num_leaves=2, estimator__subsample=0.2; total time=   0.1s
[CV] END estimator__learning_rate=0.01, estimator__max_depth=12, estimator__num_leaves=4, estimator__subsample=0.1; total time=   0.2s
[CV] END estimator__learning_rate=0.01, estimator__max_depth=12, estimator__num_leaves=6, estimator__subsample=0.001; total time=   0.4s
[CV] END estimator__learning_rate=0.01, estimator__max_depth=12, estimator__num_leaves=8, estimator__subsample=0.01; total time=   0.6s
[CV] END estimator__learning_rate=0.01, estimator__max_depth=12, estimator__num_leaves=10, estimator__subsample=0.2; total time=   0.8s
[CV] END estimator__learning_rate=0.01, estimator__max_depth=13, estimator__num_leaves=2, estimator__subsample=0.2; total time=   0.1s
[CV] END estimator__learning_rate=0.01, estimator__max_depth=13, estimator__num_leaves=4, estimator__subsample=0.01; total time=   0.2s
[CV] END estimator__learning_rate=0.01, estimator__max_depth=13, estimator__num_leaves=4, estimator__subsample=0.2; total time=   0.3s
[CV] END estimator__learning_rate=0.01, estimator__max_depth=13, estimator__num_leaves=6, estimator__subsample=0.2; total time=   0.4s
[CV] END estimator__learning_rate=0.01, estimator__max_depth=13, estimator__num_leaves=10, estimator__subsample=0.01; total time=   0.7s
[CV] END estimator__learning_rate=0.01, estimator__max_depth=14, estimator__num_leaves=2, estimator__subsample=0.001; total time=   0.1s
[CV] END estimator__learning_rate=0.01, estimator__max_depth=14, estimator__num_leaves=2, estimator__subsample=0.01; total time=   0.1s
[CV] END estimator__learning_rate=0.01, estimator__max_depth=14, estimator__num_leaves=2, estimator__subsample=0.2; total time=   0.1s
[CV] END estimator__learning_rate=0.01, estimator__max_depth=14, estimator__num_leaves=4, estimator__subsample=0.01; total time=   0.2s
[CV] END estimator__learning_rate=0.01, estimator__max_depth=14, estimator__num_leaves=4, estimator__subsample=0.2; total time=   0.3s
[CV] END estimator__learning_rate=0.01, estimator__max_depth=14, estimator__num_leaves=6, estimator__subsample=0.2; total time=   0.5s
[CV] END estimator__learning_rate=0.01, estimator__max_depth=14, estimator__num_leaves=10, estimator__subsample=0.1; total time=   0.7s
[CV] END estimator__learning_rate=0.2, estimator__max_depth=10, estimator__num_leaves=2, estimator__subsample=0.001; total time=   0.0s
[CV] END estimator__learning_rate=0.2, estimator__max_depth=10, estimator__num_leaves=2, estimator__subsample=0.01; total time=   0.1s
[CV] END estimator__learning_rate=0.2, estimator__max_depth=10, estimator__num_leaves=2, estimator__subsample=0.1; total time=   0.1s
[CV] END estimator__learning_rate=0.2, estimator__max_depth=10, estimator__num_leaves=4, estimator__subsample=0.01; total time=   0.2s
[CV] END estimator__learning_rate=0.2, estimator__max_depth=10, estimator__num_leaves=4, estimator__subsample=0.2; total time=   0.3s
[CV] END estimator__learning_rate=0.2, estimator__max_depth=10, estimator__num_leaves=6, estimator__subsample=0.1; total time=   0.4s
[CV] END estimator__learning_rate=0.2, estimator__max_depth=10, estimator__num_leaves=10, estimator__subsample=0.001; total time=   0.8s
[CV] END estimator__learning_rate=0.2, estimator__max_depth=10, estimator__num_leaves=31, estimator__subsample=0.1; total time=   1.5s
[CV] END estimator__learning_rate=0.2, estimator__max_depth=11, estimator__num_leaves=8, estimator__subsample=0.1; total time=   0.6s
[CV] END estimator__learning_rate=0.2, estimator__max_depth=11, estimator__num_leaves=31, estimator__subsample=0.01; total time=   1.4s
[CV] END estimator__learning_rate=0.2, estimator__max_depth=12, estimator__num_leaves=6, estimator__subsample=0.2; total time=   0.4s
[CV] END estimator__learning_rate=0.2, estimator__max_depth=12, estimator__num_leaves=10, estimator__subsample=0.001; total time=   0.7s
[CV] END estimator__learning_rate=0.2, estimator__max_depth=12, estimator__num_leaves=31, estimator__subsample=0.2; total time=   1.5s
[CV] END estimator__learning_rate=0.2, estimator__max_depth=13, estimator__num_leaves=8, estimator__subsample=0.1; total time=   0.6s
[CV] END estimator__learning_rate=0.2, estimator__max_depth=13, estimator__num_leaves=31, estimator__subsample=0.001; total time=   1.5s
[CV] END estimator__learning_rate=0.2, estimator__max_depth=14, estimator__num_leaves=6, estimator__subsample=0.2; total time=   0.4s
[CV] END estimator__learning_rate=0.2, estimator__max_depth=14, estimator__num_leaves=10, estimator__subsample=0.01; total time=   0.8s
[CV] END estimator__learning_rate=0.2, estimator__max_depth=14, estimator__num_leaves=31, estimator__subsample=0.2; total time=   1.5s
[CV] END estimator__learning_rate=0.39, estimator__max_depth=10, estimator__num_leaves=8, estimator__subsample=0.2; total time=   0.6s
[CV] END estimator__learning_rate=0.39, estimator__max_depth=10, estimator__num_leaves=31, estimator__subsample=0.01; total time=   1.3s
[CV] END estimator__learning_rate=0.39, estimator__max_depth=11, estimator__num_leaves=6, estimator__subsample=0.1; total time=   0.4s
[CV] END estimator__learning_rate=0.39, estimator__max_depth=11, estimator__num_leaves=8, estimator__subsample=0.2; total time=   0.6s
[CV] END estimator__learning_rate=0.39, estimator__max_depth=11, estimator__num_leaves=31, estimator__subsample=0.1; total time=   1.4s
[CV] END estimator__learning_rate=0.39, estimator__max_depth=12, estimator__num_leaves=8, estimator__subsample=0.001; total time=   0.6s
[CV] END estimator__learning_rate=0.39, estimator__max_depth=12, estimator__num_leaves=10, estimator__subsample=0.1; total time=   0.7s
[CV] END estimator__learning_rate=0.39, estimator__max_depth=13, estimator__num_leaves=2, estimator__subsample=0.1; total time=   0.1s
[CV] END estimator__learning_rate=0.39, estimator__max_depth=13, estimator__num_leaves=4, estimator__subsample=0.001; total time=   0.2s
[CV] END estimator__learning_rate=0.39, estimator__max_depth=13, estimator__num_leaves=4, estimator__subsample=0.2; total time=   0.2s
[CV] END estimator__learning_rate=0.39, estimator__max_depth=13, estimator__num_leaves=6, estimator__subsample=0.01; total time=   0.4s
[CV] END estimator__learning_rate=0.39, estimator__max_depth=13, estimator__num_leaves=8, estimator__subsample=0.2; total time=   0.6s
[CV] END estimator__learning_rate=0.39, estimator__max_depth=13, estimator__num_leaves=31, estimator__subsample=0.1; total time=   1.4s[CV] END estimator__learning_rate=0.01, estimator__max_depth=10, estimator__num_leaves=4, estimator__subsample=0.01; total time=   4.9s
[CV] END estimator__learning_rate=0.01, estimator__max_depth=10, estimator__num_leaves=31, estimator__subsample=0.01; total time=   1.4s
[CV] END estimator__learning_rate=0.01, estimator__max_depth=11, estimator__num_leaves=6, estimator__subsample=0.01; total time=   0.4s
[CV] END estimator__learning_rate=0.01, estimator__max_depth=11, estimator__num_leaves=8, estimator__subsample=0.2; total time=   0.6s
[CV] END estimator__learning_rate=0.01, estimator__max_depth=11, estimator__num_leaves=31, estimator__subsample=0.01; total time=   1.5s
[CV] END estimator__learning_rate=0.01, estimator__max_depth=12, estimator__num_leaves=8, estimator__subsample=0.001; total time=   0.6s
[CV] END estimator__learning_rate=0.01, estimator__max_depth=12, estimator__num_leaves=10, estimator__subsample=0.1; total time=   0.7s
[CV] END estimator__learning_rate=0.01, estimator__max_depth=13, estimator__num_leaves=2, estimator__subsample=0.1; total time=   0.1s
[CV] END estimator__learning_rate=0.01, estimator__max_depth=13, estimator__num_leaves=4, estimator__subsample=0.001; total time=   0.2s
[CV] END estimator__learning_rate=0.01, estimator__max_depth=13, estimator__num_leaves=4, estimator__subsample=0.2; total time=   0.2s
[CV] END estimator__learning_rate=0.01, estimator__max_depth=13, estimator__num_leaves=6, estimator__subsample=0.1; total time=   0.4s
[CV] END estimator__learning_rate=0.01, estimator__max_depth=13, estimator__num_leaves=10, estimator__subsample=0.001; total time=   0.7s
[CV] END estimator__learning_rate=0.01, estimator__max_depth=13, estimator__num_leaves=31, estimator__subsample=0.1; total time=   1.5s
[CV] END estimator__learning_rate=0.01, estimator__max_depth=14, estimator__num_leaves=8, estimator__subsample=0.1; total time=   0.6s
[CV] END estimator__learning_rate=0.01, estimator__max_depth=14, estimator__num_leaves=31, estimator__subsample=0.01; total time=   1.4s
[CV] END estimator__learning_rate=0.2, estimator__max_depth=10, estimator__num_leaves=6, estimator__subsample=0.2; total time=   0.5s
[CV] END estimator__learning_rate=0.2, estimator__max_depth=10, estimator__num_leaves=10, estimator__subsample=0.1; total time=   0.8s
[CV] END estimator__learning_rate=0.2, estimator__max_depth=11, estimator__num_leaves=2, estimator__subsample=0.001; total time=   0.1s
[CV] END estimator__learning_rate=0.2, estimator__max_depth=11, estimator__num_leaves=2, estimator__subsample=0.01; total time=   0.1s
[CV] END estimator__learning_rate=0.2, estimator__max_depth=11, estimator__num_leaves=2, estimator__subsample=0.2; total time=   0.1s
[CV] END estimator__learning_rate=0.2, estimator__max_depth=11, estimator__num_leaves=4, estimator__subsample=0.01; total time=   0.2s
[CV] END estimator__learning_rate=0.2, estimator__max_depth=11, estimator__num_leaves=6, estimator__subsample=0.001; total time=   0.4s
[CV] END estimator__learning_rate=0.2, estimator__max_depth=11, estimator__num_leaves=8, estimator__subsample=0.01; total time=   0.6s
[CV] END estimator__learning_rate=0.2, estimator__max_depth=11, estimator__num_leaves=10, estimator__subsample=0.2; total time=   0.8s
[CV] END estimator__learning_rate=0.2, estimator__max_depth=12, estimator__num_leaves=2, estimator__subsample=0.2; total time=   0.1s
[CV] END estimator__learning_rate=0.2, estimator__max_depth=12, estimator__num_leaves=4, estimator__subsample=0.01; total time=   0.2s
[CV] END estimator__learning_rate=0.2, estimator__max_depth=12, estimator__num_leaves=6, estimator__subsample=0.001; total time=   0.4s
[CV] END estimator__learning_rate=0.2, estimator__max_depth=12, estimator__num_leaves=8, estimator__subsample=0.01; total time=   0.6s
[CV] END estimator__learning_rate=0.2, estimator__max_depth=12, estimator__num_leaves=10, estimator__subsample=0.2; total time=   0.8s
[CV] END estimator__learning_rate=0.2, estimator__max_depth=13, estimator__num_leaves=2, estimator__subsample=0.2; total time=   0.1s
[CV] END estimator__learning_rate=0.2, estimator__max_depth=13, estimator__num_leaves=4, estimator__subsample=0.01; total time=   0.2s
[CV] END estimator__learning_rate=0.2, estimator__max_depth=13, estimator__num_leaves=6, estimator__subsample=0.001; total time=   0.4s
[CV] END estimator__learning_rate=0.2, estimator__max_depth=13, estimator__num_leaves=8, estimator__subsample=0.001; total time=   0.6s
[CV] END estimator__learning_rate=0.2, estimator__max_depth=13, estimator__num_leaves=10, estimator__subsample=0.1; total time=   0.7s
[CV] END estimator__learning_rate=0.2, estimator__max_depth=14, estimator__num_leaves=2, estimator__subsample=0.1; total time=   0.1s
[CV] END estimator__learning_rate=0.2, estimator__max_depth=14, estimator__num_leaves=4, estimator__subsample=0.001; total time=   0.2s
[CV] END estimator__learning_rate=0.2, estimator__max_depth=14, estimator__num_leaves=4, estimator__subsample=0.2; total time=   0.2s
[CV] END estimator__learning_rate=0.2, estimator__max_depth=14, estimator__num_leaves=6, estimator__subsample=0.1; total time=   0.4s
[CV] END estimator__learning_rate=0.2, estimator__max_depth=14, estimator__num_leaves=10, estimator__subsample=0.001; total time=   0.7s
[CV] END estimator__learning_rate=0.2, estimator__max_depth=14, estimator__num_leaves=31, estimator__subsample=0.2; total time=   1.4s
[CV] END estimator__learning_rate=0.39, estimator__max_depth=10, estimator__num_leaves=8, estimator__subsample=0.01; total time=   0.6s
[CV] END estimator__learning_rate=0.39, estimator__max_depth=10, estimator__num_leaves=31, estimator__subsample=0.001; total time=   1.5s
[CV] END estimator__learning_rate=0.39, estimator__max_depth=11, estimator__num_leaves=6, estimator__subsample=0.2; total time=   0.4s
[CV] END estimator__learning_rate=0.39, estimator__max_depth=11, estimator__num_leaves=10, estimator__subsample=0.1; total time=   0.7s
[CV] END estimator__learning_rate=0.39, estimator__max_depth=11, estimator__num_leaves=31, estimator__subsample=0.2; total time=   1.4s
[CV] END estimator__learning_rate=0.39, estimator__max_depth=12, estimator__num_leaves=8, estimator__subsample=0.1; total time=   0.6s
[CV] END estimator__learning_rate=0.39, estimator__max_depth=12, estimator__num_leaves=31, estimator__subsample=0.001; total time=   1.5s
[CV] END estimator__learning_rate=0.39, estimator__max_depth=13, estimator__num_leaves=6, estimator__subsample=0.2; total time=   0.4s
[CV] END estimator__learning_rate=0.39, estimator__max_depth=13, estimator__num_leaves=10, estimator__subsample=0.01; total time=   0.7s
[CV] END estimator__learning_rate=0.39, estimator__max_depth=14, estimator__num_leaves=2, estimator__subsample=0.001; total time=   0.0s
[CV] END estimator__learning_rate=0.39, estimator__max_depth=14, estimator__num_leaves=2, estimator__subsample=0.01; total time=   0.1s
[CV] END estimator__learning_rate=0.39, estimator__max_depth=14, estimator__num_leaves=2, estimator__subsample=0.1; total time=   0.1s
[CV] END estimator__learning_rate=0.39, estimator__max_depth=14, estimator__num_leaves=4, estimator__subsample=0.01; total time=   0.2s
[CV] END estimator__learning_rate=0.39, estimator__max_depth=14, estimator__num_leaves=4, estimator__subsample=0.2; total time=   0.2s
[CV] END estimator__learning_rate=0.39, estimator__max_depth=14, estimator__num_leaves=6, estimator__subsample=0.1; total time=   0.6s
[CV] END estimator__learning_rate=0.39, estimator__max_depth=14, estimator__num_leaves=10, estimator__subsample=0.1; total time=   0.7s
[CV] END estimator__learning_rate=0.58, estimator__max_depth=10, estimator__num_leaves=2, estimator__subsample=0.001; total time=   0.1s
[CV] END estimator__learning_rate=0.58, estimator__max_depth=10, estimator__num_leaves=2, estimator__subsample=0.01; total time=   0.1s
[CV] END estimator__learning_rate=0.58, estimator__max_depth=10, estimator__num_leaves=2, estimator__subsample=0.2; total time=   0.1s
[CV] END estimator__learning_rate=0.58, estimator__max_depth=10, estimator__num_leaves=4, estimator__subsample=0.1; total time=   0.2s[CV] END estimator__learning_rate=0.01, estimator__max_depth=10, estimator__num_leaves=2, estimator__subsample=0.01; total time=   4.2s
[CV] END estimator__learning_rate=0.01, estimator__max_depth=10, estimator__num_leaves=6, estimator__subsample=0.1; total time=   0.2s
[CV] END estimator__learning_rate=0.01, estimator__max_depth=10, estimator__num_leaves=8, estimator__subsample=0.01; total time=   0.6s
[CV] END estimator__learning_rate=0.01, estimator__max_depth=10, estimator__num_leaves=10, estimator__subsample=0.01; total time=   1.0s
[CV] END estimator__learning_rate=0.01, estimator__max_depth=11, estimator__num_leaves=2, estimator__subsample=0.1; total time=   0.1s
[CV] END estimator__learning_rate=0.01, estimator__max_depth=11, estimator__num_leaves=4, estimator__subsample=0.01; total time=   0.2s
[CV] END estimator__learning_rate=0.01, estimator__max_depth=11, estimator__num_leaves=4, estimator__subsample=0.2; total time=   0.2s
[CV] END estimator__learning_rate=0.01, estimator__max_depth=11, estimator__num_leaves=6, estimator__subsample=0.2; total time=   0.5s
[CV] END estimator__learning_rate=0.01, estimator__max_depth=11, estimator__num_leaves=10, estimator__subsample=0.1; total time=   0.7s
[CV] END estimator__learning_rate=0.01, estimator__max_depth=12, estimator__num_leaves=2, estimator__subsample=0.001; total time=   0.1s
[CV] END estimator__learning_rate=0.01, estimator__max_depth=12, estimator__num_leaves=2, estimator__subsample=0.01; total time=   0.1s
[CV] END estimator__learning_rate=0.01, estimator__max_depth=12, estimator__num_leaves=2, estimator__subsample=0.2; total time=   0.1s
[CV] END estimator__learning_rate=0.01, estimator__max_depth=12, estimator__num_leaves=4, estimator__subsample=0.01; total time=   0.2s
[CV] END estimator__learning_rate=0.01, estimator__max_depth=12, estimator__num_leaves=6, estimator__subsample=0.001; total time=   0.4s
[CV] END estimator__learning_rate=0.01, estimator__max_depth=12, estimator__num_leaves=8, estimator__subsample=0.001; total time=   0.6s
[CV] END estimator__learning_rate=0.01, estimator__max_depth=12, estimator__num_leaves=10, estimator__subsample=0.2; total time=   0.7s
[CV] END estimator__learning_rate=0.01, estimator__max_depth=13, estimator__num_leaves=2, estimator__subsample=0.1; total time=   0.1s
[CV] END estimator__learning_rate=0.01, estimator__max_depth=13, estimator__num_leaves=4, estimator__subsample=0.01; total time=   0.2s
[CV] END estimator__learning_rate=0.01, estimator__max_depth=13, estimator__num_leaves=4, estimator__subsample=0.2; total time=   0.3s
[CV] END estimator__learning_rate=0.01, estimator__max_depth=13, estimator__num_leaves=6, estimator__subsample=0.2; total time=   0.4s
[CV] END estimator__learning_rate=0.01, estimator__max_depth=13, estimator__num_leaves=10, estimator__subsample=0.01; total time=   0.7s
[CV] END estimator__learning_rate=0.01, estimator__max_depth=13, estimator__num_leaves=31, estimator__subsample=0.1; total time=   1.4s
[CV] END estimator__learning_rate=0.01, estimator__max_depth=14, estimator__num_leaves=8, estimator__subsample=0.01; total time=   0.6s
[CV] END estimator__learning_rate=0.01, estimator__max_depth=14, estimator__num_leaves=31, estimator__subsample=0.001; total time=   1.4s
[CV] END estimator__learning_rate=0.2, estimator__max_depth=10, estimator__num_leaves=6, estimator__subsample=0.01; total time=   0.4s
[CV] END estimator__learning_rate=0.2, estimator__max_depth=10, estimator__num_leaves=8, estimator__subsample=0.2; total time=   0.6s
[CV] END estimator__learning_rate=0.2, estimator__max_depth=10, estimator__num_leaves=31, estimator__subsample=0.01; total time=   1.4s
[CV] END estimator__learning_rate=0.2, estimator__max_depth=11, estimator__num_leaves=6, estimator__subsample=0.1; total time=   0.4s
[CV] END estimator__learning_rate=0.2, estimator__max_depth=11, estimator__num_leaves=10, estimator__subsample=0.01; total time=   0.7s
[CV] END estimator__learning_rate=0.2, estimator__max_depth=11, estimator__num_leaves=31, estimator__subsample=0.2; total time=   1.5s
[CV] END estimator__learning_rate=0.2, estimator__max_depth=12, estimator__num_leaves=8, estimator__subsample=0.1; total time=   0.6s
[CV] END estimator__learning_rate=0.2, estimator__max_depth=12, estimator__num_leaves=31, estimator__subsample=0.001; total time=   1.5s
[CV] END estimator__learning_rate=0.2, estimator__max_depth=13, estimator__num_leaves=6, estimator__subsample=0.2; total time=   0.4s
[CV] END estimator__learning_rate=0.2, estimator__max_depth=13, estimator__num_leaves=10, estimator__subsample=0.01; total time=   0.7s
[CV] END estimator__learning_rate=0.2, estimator__max_depth=14, estimator__num_leaves=2, estimator__subsample=0.001; total time=   0.1s
[CV] END estimator__learning_rate=0.2, estimator__max_depth=14, estimator__num_leaves=2, estimator__subsample=0.01; total time=   0.1s
[CV] END estimator__learning_rate=0.2, estimator__max_depth=14, estimator__num_leaves=2, estimator__subsample=0.1; total time=   0.1s
[CV] END estimator__learning_rate=0.2, estimator__max_depth=14, estimator__num_leaves=4, estimator__subsample=0.001; total time=   0.2s
[CV] END estimator__learning_rate=0.2, estimator__max_depth=14, estimator__num_leaves=4, estimator__subsample=0.2; total time=   0.2s
[CV] END estimator__learning_rate=0.2, estimator__max_depth=14, estimator__num_leaves=6, estimator__subsample=0.1; total time=   0.4s
[CV] END estimator__learning_rate=0.2, estimator__max_depth=14, estimator__num_leaves=10, estimator__subsample=0.001; total time=   0.7s
[CV] END estimator__learning_rate=0.2, estimator__max_depth=14, estimator__num_leaves=31, estimator__subsample=0.1; total time=   1.5s
[CV] END estimator__learning_rate=0.39, estimator__max_depth=10, estimator__num_leaves=8, estimator__subsample=0.1; total time=   0.6s
[CV] END estimator__learning_rate=0.39, estimator__max_depth=10, estimator__num_leaves=31, estimator__subsample=0.001; total time=   1.4s
[CV] END estimator__learning_rate=0.39, estimator__max_depth=11, estimator__num_leaves=6, estimator__subsample=0.001; total time=   0.4s
[CV] END estimator__learning_rate=0.39, estimator__max_depth=11, estimator__num_leaves=8, estimator__subsample=0.2; total time=   0.6s
[CV] END estimator__learning_rate=0.39, estimator__max_depth=11, estimator__num_leaves=31, estimator__subsample=0.01; total time=   1.5s
[CV] END estimator__learning_rate=0.39, estimator__max_depth=12, estimator__num_leaves=8, estimator__subsample=0.001; total time=   0.6s
[CV] END estimator__learning_rate=0.39, estimator__max_depth=12, estimator__num_leaves=10, estimator__subsample=0.2; total time=   0.7s
[CV] END estimator__learning_rate=0.39, estimator__max_depth=13, estimator__num_leaves=2, estimator__subsample=0.01; total time=   0.1s
[CV] END estimator__learning_rate=0.39, estimator__max_depth=13, estimator__num_leaves=4, estimator__subsample=0.001; total time=   0.2s
[CV] END estimator__learning_rate=0.39, estimator__max_depth=13, estimator__num_leaves=4, estimator__subsample=0.1; total time=   0.2s
[CV] END estimator__learning_rate=0.39, estimator__max_depth=13, estimator__num_leaves=6, estimator__subsample=0.01; total time=   0.4s
[CV] END estimator__learning_rate=0.39, estimator__max_depth=13, estimator__num_leaves=8, estimator__subsample=0.2; total time=   0.6s
[CV] END estimator__learning_rate=0.39, estimator__max_depth=13, estimator__num_leaves=31, estimator__subsample=0.1; total time=   1.5s
[CV] END estimator__learning_rate=0.39, estimator__max_depth=14, estimator__num_leaves=8, estimator__subsample=0.001; total time=   0.6s
[CV] END estimator__learning_rate=0.39, estimator__max_depth=14, estimator__num_leaves=10, estimator__subsample=0.2; total time=   0.7s
[CV] END estimator__learning_rate=0.58, estimator__max_depth=10, estimator__num_leaves=2, estimator__subsample=0.01; total time=   0.1s
[CV] END estimator__learning_rate=0.58, estimator__max_depth=10, estimator__num_leaves=4, estimator__subsample=0.001; total time=   0.2s
[CV] END estimator__learning_rate=0.58, estimator__max_depth=10, estimator__num_leaves=4, estimator__subsample=0.1; total time=   0.2s[CV] END estimator__learning_rate=0.01, estimator__max_depth=10, estimator__num_leaves=2, estimator__subsample=0.1; total time=   4.3s
[CV] END estimator__learning_rate=0.01, estimator__max_depth=10, estimator__num_leaves=6, estimator__subsample=0.001; total time=   0.1s
[CV] END estimator__learning_rate=0.01, estimator__max_depth=10, estimator__num_leaves=6, estimator__subsample=0.1; total time=   0.2s
[CV] END estimator__learning_rate=0.01, estimator__max_depth=10, estimator__num_leaves=8, estimator__subsample=0.01; total time=   0.5s
[CV] END estimator__learning_rate=0.01, estimator__max_depth=10, estimator__num_leaves=10, estimator__subsample=0.01; total time=   0.8s
[CV] END estimator__learning_rate=0.01, estimator__max_depth=10, estimator__num_leaves=31, estimator__subsample=0.2; total time=   1.4s
[CV] END estimator__learning_rate=0.01, estimator__max_depth=11, estimator__num_leaves=8, estimator__subsample=0.1; total time=   0.6s
[CV] END estimator__learning_rate=0.01, estimator__max_depth=11, estimator__num_leaves=31, estimator__subsample=0.001; total time=   1.5s
[CV] END estimator__learning_rate=0.01, estimator__max_depth=12, estimator__num_leaves=6, estimator__subsample=0.2; total time=   0.5s
[CV] END estimator__learning_rate=0.01, estimator__max_depth=12, estimator__num_leaves=10, estimator__subsample=0.1; total time=   0.7s
[CV] END estimator__learning_rate=0.01, estimator__max_depth=13, estimator__num_leaves=2, estimator__subsample=0.001; total time=   0.0s
[CV] END estimator__learning_rate=0.01, estimator__max_depth=13, estimator__num_leaves=2, estimator__subsample=0.01; total time=   0.1s
[CV] END estimator__learning_rate=0.01, estimator__max_depth=13, estimator__num_leaves=2, estimator__subsample=0.1; total time=   0.1s
[CV] END estimator__learning_rate=0.01, estimator__max_depth=13, estimator__num_leaves=4, estimator__subsample=0.01; total time=   0.2s
[CV] END estimator__learning_rate=0.01, estimator__max_depth=13, estimator__num_leaves=4, estimator__subsample=0.2; total time=   0.2s
[CV] END estimator__learning_rate=0.01, estimator__max_depth=13, estimator__num_leaves=6, estimator__subsample=0.1; total time=   0.4s
[CV] END estimator__learning_rate=0.01, estimator__max_depth=13, estimator__num_leaves=10, estimator__subsample=0.001; total time=   0.7s
[CV] END estimator__learning_rate=0.01, estimator__max_depth=13, estimator__num_leaves=31, estimator__subsample=0.2; total time=   1.4s
[CV] END estimator__learning_rate=0.01, estimator__max_depth=14, estimator__num_leaves=8, estimator__subsample=0.01; total time=   0.6s
[CV] END estimator__learning_rate=0.01, estimator__max_depth=14, estimator__num_leaves=31, estimator__subsample=0.001; total time=   1.4s
[CV] END estimator__learning_rate=0.2, estimator__max_depth=10, estimator__num_leaves=6, estimator__subsample=0.001; total time=   0.4s
[CV] END estimator__learning_rate=0.2, estimator__max_depth=10, estimator__num_leaves=8, estimator__subsample=0.1; total time=   0.6s
[CV] END estimator__learning_rate=0.2, estimator__max_depth=10, estimator__num_leaves=31, estimator__subsample=0.01; total time=   1.4s
[CV] END estimator__learning_rate=0.2, estimator__max_depth=11, estimator__num_leaves=6, estimator__subsample=0.1; total time=   0.6s
[CV] END estimator__learning_rate=0.2, estimator__max_depth=11, estimator__num_leaves=10, estimator__subsample=0.1; total time=   0.7s
[CV] END estimator__learning_rate=0.2, estimator__max_depth=12, estimator__num_leaves=2, estimator__subsample=0.001; total time=   0.0s
[CV] END estimator__learning_rate=0.2, estimator__max_depth=12, estimator__num_leaves=2, estimator__subsample=0.01; total time=   0.1s
[CV] END estimator__learning_rate=0.2, estimator__max_depth=12, estimator__num_leaves=2, estimator__subsample=0.2; total time=   0.1s
[CV] END estimator__learning_rate=0.2, estimator__max_depth=12, estimator__num_leaves=4, estimator__subsample=0.1; total time=   0.2s
[CV] END estimator__learning_rate=0.2, estimator__max_depth=12, estimator__num_leaves=6, estimator__subsample=0.001; total time=   0.4s
[CV] END estimator__learning_rate=0.2, estimator__max_depth=12, estimator__num_leaves=8, estimator__subsample=0.01; total time=   0.6s
[CV] END estimator__learning_rate=0.2, estimator__max_depth=12, estimator__num_leaves=10, estimator__subsample=0.2; total time=   0.8s
[CV] END estimator__learning_rate=0.2, estimator__max_depth=13, estimator__num_leaves=2, estimator__subsample=0.2; total time=   0.1s
[CV] END estimator__learning_rate=0.2, estimator__max_depth=13, estimator__num_leaves=4, estimator__subsample=0.01; total time=   0.2s
[CV] END estimator__learning_rate=0.2, estimator__max_depth=13, estimator__num_leaves=4, estimator__subsample=0.2; total time=   0.2s
[CV] END estimator__learning_rate=0.2, estimator__max_depth=13, estimator__num_leaves=6, estimator__subsample=0.1; total time=   0.4s
[CV] END estimator__learning_rate=0.2, estimator__max_depth=13, estimator__num_leaves=10, estimator__subsample=0.01; total time=   0.8s
[CV] END estimator__learning_rate=0.2, estimator__max_depth=13, estimator__num_leaves=31, estimator__subsample=0.2; total time=   1.5s
[CV] END estimator__learning_rate=0.2, estimator__max_depth=14, estimator__num_leaves=8, estimator__subsample=0.2; total time=   0.6s
[CV] END estimator__learning_rate=0.2, estimator__max_depth=14, estimator__num_leaves=31, estimator__subsample=0.01; total time=   1.5s
[CV] END estimator__learning_rate=0.39, estimator__max_depth=10, estimator__num_leaves=6, estimator__subsample=0.2; total time=   0.4s
[CV] END estimator__learning_rate=0.39, estimator__max_depth=10, estimator__num_leaves=10, estimator__subsample=0.01; total time=   0.7s
[CV] END estimator__learning_rate=0.39, estimator__max_depth=11, estimator__num_leaves=2, estimator__subsample=0.001; total time=   0.0s
[CV] END estimator__learning_rate=0.39, estimator__max_depth=11, estimator__num_leaves=2, estimator__subsample=0.001; total time=   0.1s
[CV] END estimator__learning_rate=0.39, estimator__max_depth=11, estimator__num_leaves=2, estimator__subsample=0.1; total time=   0.1s
[CV] END estimator__learning_rate=0.39, estimator__max_depth=11, estimator__num_leaves=4, estimator__subsample=0.01; total time=   0.2s
[CV] END estimator__learning_rate=0.39, estimator__max_depth=11, estimator__num_leaves=4, estimator__subsample=0.2; total time=   0.2s
[CV] END estimator__learning_rate=0.39, estimator__max_depth=11, estimator__num_leaves=6, estimator__subsample=0.2; total time=   0.4s
[CV] END estimator__learning_rate=0.39, estimator__max_depth=11, estimator__num_leaves=10, estimator__subsample=0.01; total time=   0.7s
[CV] END estimator__learning_rate=0.39, estimator__max_depth=11, estimator__num_leaves=31, estimator__subsample=0.2; total time=   1.5s
[CV] END estimator__learning_rate=0.39, estimator__max_depth=12, estimator__num_leaves=8, estimator__subsample=0.1; total time=   0.6s
[CV] END estimator__learning_rate=0.39, estimator__max_depth=12, estimator__num_leaves=31, estimator__subsample=0.01; total time=   1.5s
[CV] END estimator__learning_rate=0.39, estimator__max_depth=13, estimator__num_leaves=8, estimator__subsample=0.001; total time=   0.6s
[CV] END estimator__learning_rate=0.39, estimator__max_depth=13, estimator__num_leaves=10, estimator__subsample=0.1; total time=   0.9s
[CV] END estimator__learning_rate=0.39, estimator__max_depth=14, estimator__num_leaves=4, estimator__subsample=0.001; total time=   0.2s
[CV] END estimator__learning_rate=0.39, estimator__max_depth=14, estimator__num_leaves=4, estimator__subsample=0.1; total time=   0.2s
[CV] END estimator__learning_rate=0.39, estimator__max_depth=14, estimator__num_leaves=6, estimator__subsample=0.01; total time=   0.4s
[CV] END estimator__learning_rate=0.39, estimator__max_depth=14, estimator__num_leaves=8, estimator__subsample=0.2; total time=   0.6s
[CV] END estimator__learning_rate=0.39, estimator__max_depth=14, estimator__num_leaves=31, estimator__subsample=0.01; total time=   1.5s
[CV] END estimator__learning_rate=0.58, estimator__max_depth=10, estimator__num_leaves=8, estimator__subsample=0.001; total time=   0.6s[CV] END estimator__learning_rate=0.01, estimator__max_depth=10, estimator__num_leaves=2, estimator__subsample=0.001; total time=   4.8s
[CV] END estimator__learning_rate=0.01, estimator__max_depth=10, estimator__num_leaves=4, estimator__subsample=0.2; total time=   0.0s
[CV] END estimator__learning_rate=0.01, estimator__max_depth=10, estimator__num_leaves=6, estimator__subsample=0.001; total time=   0.2s
[CV] END estimator__learning_rate=0.01, estimator__max_depth=10, estimator__num_leaves=6, estimator__subsample=0.2; total time=   0.3s
[CV] END estimator__learning_rate=0.01, estimator__max_depth=10, estimator__num_leaves=8, estimator__subsample=0.1; total time=   0.7s
[CV] END estimator__learning_rate=0.01, estimator__max_depth=10, estimator__num_leaves=31, estimator__subsample=0.001; total time=   1.5s
[CV] END estimator__learning_rate=0.01, estimator__max_depth=11, estimator__num_leaves=6, estimator__subsample=0.01; total time=   0.4s
[CV] END estimator__learning_rate=0.01, estimator__max_depth=11, estimator__num_leaves=10, estimator__subsample=0.001; total time=   0.7s
[CV] END estimator__learning_rate=0.01, estimator__max_depth=11, estimator__num_leaves=31, estimator__subsample=0.1; total time=   1.5s
[CV] END estimator__learning_rate=0.01, estimator__max_depth=12, estimator__num_leaves=8, estimator__subsample=0.1; total time=   0.6s
[CV] END estimator__learning_rate=0.01, estimator__max_depth=12, estimator__num_leaves=31, estimator__subsample=0.001; total time=   1.5s
[CV] END estimator__learning_rate=0.01, estimator__max_depth=13, estimator__num_leaves=6, estimator__subsample=0.2; total time=   0.4s
[CV] END estimator__learning_rate=0.01, estimator__max_depth=13, estimator__num_leaves=10, estimator__subsample=0.1; total time=   0.7s
[CV] END estimator__learning_rate=0.01, estimator__max_depth=14, estimator__num_leaves=2, estimator__subsample=0.001; total time=   0.0s
[CV] END estimator__learning_rate=0.01, estimator__max_depth=14, estimator__num_leaves=2, estimator__subsample=0.001; total time=   0.1s
[CV] END estimator__learning_rate=0.01, estimator__max_depth=14, estimator__num_leaves=2, estimator__subsample=0.1; total time=   0.1s
[CV] END estimator__learning_rate=0.01, estimator__max_depth=14, estimator__num_leaves=4, estimator__subsample=0.001; total time=   0.2s
[CV] END estimator__learning_rate=0.01, estimator__max_depth=14, estimator__num_leaves=4, estimator__subsample=0.2; total time=   0.3s
[CV] END estimator__learning_rate=0.01, estimator__max_depth=14, estimator__num_leaves=6, estimator__subsample=0.1; total time=   0.4s
[CV] END estimator__learning_rate=0.01, estimator__max_depth=14, estimator__num_leaves=10, estimator__subsample=0.001; total time=   0.7s
[CV] END estimator__learning_rate=0.01, estimator__max_depth=14, estimator__num_leaves=31, estimator__subsample=0.2; total time=   1.5s
[CV] END estimator__learning_rate=0.2, estimator__max_depth=10, estimator__num_leaves=8, estimator__subsample=0.2; total time=   0.7s
[CV] END estimator__learning_rate=0.2, estimator__max_depth=10, estimator__num_leaves=31, estimator__subsample=0.01; total time=   1.5s
[CV] END estimator__learning_rate=0.2, estimator__max_depth=11, estimator__num_leaves=8, estimator__subsample=0.001; total time=   0.6s
[CV] END estimator__learning_rate=0.2, estimator__max_depth=11, estimator__num_leaves=10, estimator__subsample=0.1; total time=   0.8s
[CV] END estimator__learning_rate=0.2, estimator__max_depth=12, estimator__num_leaves=2, estimator__subsample=0.01; total time=   0.1s
[CV] END estimator__learning_rate=0.2, estimator__max_depth=12, estimator__num_leaves=4, estimator__subsample=0.001; total time=   0.2s
[CV] END estimator__learning_rate=0.2, estimator__max_depth=12, estimator__num_leaves=4, estimator__subsample=0.1; total time=   0.2s
[CV] END estimator__learning_rate=0.2, estimator__max_depth=12, estimator__num_leaves=6, estimator__subsample=0.01; total time=   0.4s
[CV] END estimator__learning_rate=0.2, estimator__max_depth=12, estimator__num_leaves=8, estimator__subsample=0.2; total time=   0.6s
[CV] END estimator__learning_rate=0.2, estimator__max_depth=12, estimator__num_leaves=31, estimator__subsample=0.01; total time=   1.5s
[CV] END estimator__learning_rate=0.2, estimator__max_depth=13, estimator__num_leaves=8, estimator__subsample=0.001; total time=   0.6s
[CV] END estimator__learning_rate=0.2, estimator__max_depth=13, estimator__num_leaves=10, estimator__subsample=0.1; total time=   0.8s
[CV] END estimator__learning_rate=0.2, estimator__max_depth=14, estimator__num_leaves=2, estimator__subsample=0.01; total time=   0.1s
[CV] END estimator__learning_rate=0.2, estimator__max_depth=14, estimator__num_leaves=4, estimator__subsample=0.001; total time=   0.2s
[CV] END estimator__learning_rate=0.2, estimator__max_depth=14, estimator__num_leaves=4, estimator__subsample=0.1; total time=   0.2s
[CV] END estimator__learning_rate=0.2, estimator__max_depth=14, estimator__num_leaves=6, estimator__subsample=0.01; total time=   0.4s
[CV] END estimator__learning_rate=0.2, estimator__max_depth=14, estimator__num_leaves=8, estimator__subsample=0.2; total time=   0.6s
[CV] END estimator__learning_rate=0.2, estimator__max_depth=14, estimator__num_leaves=31, estimator__subsample=0.01; total time=   1.5s
[CV] END estimator__learning_rate=0.39, estimator__max_depth=10, estimator__num_leaves=8, estimator__subsample=0.001; total time=   0.6s
[CV] END estimator__learning_rate=0.39, estimator__max_depth=10, estimator__num_leaves=10, estimator__subsample=0.1; total time=   0.7s
[CV] END estimator__learning_rate=0.39, estimator__max_depth=11, estimator__num_leaves=2, estimator__subsample=0.1; total time=   0.1s
[CV] END estimator__learning_rate=0.39, estimator__max_depth=11, estimator__num_leaves=4, estimator__subsample=0.001; total time=   0.2s
[CV] END estimator__learning_rate=0.39, estimator__max_depth=11, estimator__num_leaves=4, estimator__subsample=0.1; total time=   0.2s
[CV] END estimator__learning_rate=0.39, estimator__max_depth=11, estimator__num_leaves=6, estimator__subsample=0.01; total time=   0.4s
[CV] END estimator__learning_rate=0.39, estimator__max_depth=11, estimator__num_leaves=10, estimator__subsample=0.001; total time=   0.7s
[CV] END estimator__learning_rate=0.39, estimator__max_depth=11, estimator__num_leaves=31, estimator__subsample=0.1; total time=   1.5s
[CV] END estimator__learning_rate=0.39, estimator__max_depth=12, estimator__num_leaves=8, estimator__subsample=0.1; total time=   0.6s
[CV] END estimator__learning_rate=0.39, estimator__max_depth=12, estimator__num_leaves=31, estimator__subsample=0.001; total time=   1.5s
[CV] END estimator__learning_rate=0.39, estimator__max_depth=13, estimator__num_leaves=6, estimator__subsample=0.2; total time=   0.4s
[CV] END estimator__learning_rate=0.39, estimator__max_depth=13, estimator__num_leaves=10, estimator__subsample=0.1; total time=   0.7s
[CV] END estimator__learning_rate=0.39, estimator__max_depth=14, estimator__num_leaves=2, estimator__subsample=0.001; total time=   0.0s
[CV] END estimator__learning_rate=0.39, estimator__max_depth=14, estimator__num_leaves=2, estimator__subsample=0.001; total time=   0.1s
[CV] END estimator__learning_rate=0.39, estimator__max_depth=14, estimator__num_leaves=2, estimator__subsample=0.1; total time=   0.1s
[CV] END estimator__learning_rate=0.39, estimator__max_depth=14, estimator__num_leaves=4, estimator__subsample=0.001; total time=   0.2s
[CV] END estimator__learning_rate=0.39, estimator__max_depth=14, estimator__num_leaves=4, estimator__subsample=0.2; total time=   0.2s
[CV] END estimator__learning_rate=0.39, estimator__max_depth=14, estimator__num_leaves=6, estimator__subsample=0.01; total time=   0.4s
[CV] END estimator__learning_rate=0.39, estimator__max_depth=14, estimator__num_leaves=10, estimator__subsample=0.001; total time=   0.7s
[CV] END estimator__learning_rate=0.39, estimator__max_depth=14, estimator__num_leaves=31, estimator__subsample=0.1; total time=   1.5s
[CV] END estimator__learning_rate=0.58, estimator__max_depth=10, estimator__num_leaves=8, estimator__subsample=0.01; total time=   0.6s[CV] END estimator__learning_rate=0.01, estimator__max_depth=10, estimator__num_leaves=2, estimator__subsample=0.2; total time=   4.1s
[CV] END estimator__learning_rate=0.01, estimator__max_depth=10, estimator__num_leaves=6, estimator__subsample=0.2; total time=   0.2s
[CV] END estimator__learning_rate=0.01, estimator__max_depth=10, estimator__num_leaves=8, estimator__subsample=0.01; total time=   0.6s
[CV] END estimator__learning_rate=0.01, estimator__max_depth=10, estimator__num_leaves=10, estimator__subsample=0.1; total time=   0.8s
[CV] END estimator__learning_rate=0.01, estimator__max_depth=11, estimator__num_leaves=2, estimator__subsample=0.001; total time=   0.1s
[CV] END estimator__learning_rate=0.01, estimator__max_depth=11, estimator__num_leaves=2, estimator__subsample=0.1; total time=   0.1s
[CV] END estimator__learning_rate=0.01, estimator__max_depth=11, estimator__num_leaves=4, estimator__subsample=0.001; total time=   0.2s
[CV] END estimator__learning_rate=0.01, estimator__max_depth=11, estimator__num_leaves=4, estimator__subsample=0.2; total time=   0.3s
[CV] END estimator__learning_rate=0.01, estimator__max_depth=11, estimator__num_leaves=6, estimator__subsample=0.1; total time=   0.4s
[CV] END estimator__learning_rate=0.01, estimator__max_depth=11, estimator__num_leaves=10, estimator__subsample=0.001; total time=   0.9s
[CV] END estimator__learning_rate=0.01, estimator__max_depth=12, estimator__num_leaves=2, estimator__subsample=0.001; total time=   0.1s
[CV] END estimator__learning_rate=0.01, estimator__max_depth=12, estimator__num_leaves=2, estimator__subsample=0.1; total time=   0.1s
[CV] END estimator__learning_rate=0.01, estimator__max_depth=12, estimator__num_leaves=4, estimator__subsample=0.001; total time=   0.2s
[CV] END estimator__learning_rate=0.01, estimator__max_depth=12, estimator__num_leaves=4, estimator__subsample=0.2; total time=   0.2s
[CV] END estimator__learning_rate=0.01, estimator__max_depth=12, estimator__num_leaves=6, estimator__subsample=0.1; total time=   0.4s
[CV] END estimator__learning_rate=0.01, estimator__max_depth=12, estimator__num_leaves=10, estimator__subsample=0.001; total time=   0.7s
[CV] END estimator__learning_rate=0.01, estimator__max_depth=12, estimator__num_leaves=31, estimator__subsample=0.1; total time=   1.5s
[CV] END estimator__learning_rate=0.01, estimator__max_depth=13, estimator__num_leaves=8, estimator__subsample=0.1; total time=   0.6s
[CV] END estimator__learning_rate=0.01, estimator__max_depth=13, estimator__num_leaves=31, estimator__subsample=0.01; total time=   1.4s
[CV] END estimator__learning_rate=0.01, estimator__max_depth=14, estimator__num_leaves=6, estimator__subsample=0.1; total time=   0.4s
[CV] END estimator__learning_rate=0.01, estimator__max_depth=14, estimator__num_leaves=10, estimator__subsample=0.001; total time=   0.7s
[CV] END estimator__learning_rate=0.01, estimator__max_depth=14, estimator__num_leaves=31, estimator__subsample=0.2; total time=   1.4s
[CV] END estimator__learning_rate=0.2, estimator__max_depth=10, estimator__num_leaves=8, estimator__subsample=0.01; total time=   0.6s
[CV] END estimator__learning_rate=0.2, estimator__max_depth=10, estimator__num_leaves=10, estimator__subsample=0.2; total time=   0.8s
[CV] END estimator__learning_rate=0.2, estimator__max_depth=11, estimator__num_leaves=2, estimator__subsample=0.2; total time=   0.1s
[CV] END estimator__learning_rate=0.2, estimator__max_depth=11, estimator__num_leaves=4, estimator__subsample=0.1; total time=   0.2s
[CV] END estimator__learning_rate=0.2, estimator__max_depth=11, estimator__num_leaves=6, estimator__subsample=0.001; total time=   0.4s
[CV] END estimator__learning_rate=0.2, estimator__max_depth=11, estimator__num_leaves=8, estimator__subsample=0.01; total time=   0.6s
[CV] END estimator__learning_rate=0.2, estimator__max_depth=11, estimator__num_leaves=10, estimator__subsample=0.2; total time=   0.8s
[CV] END estimator__learning_rate=0.2, estimator__max_depth=12, estimator__num_leaves=2, estimator__subsample=0.2; total time=   0.1s
[CV] END estimator__learning_rate=0.2, estimator__max_depth=12, estimator__num_leaves=4, estimator__subsample=0.01; total time=   0.2s
[CV] END estimator__learning_rate=0.2, estimator__max_depth=12, estimator__num_leaves=6, estimator__subsample=0.001; total time=   0.4s
[CV] END estimator__learning_rate=0.2, estimator__max_depth=12, estimator__num_leaves=8, estimator__subsample=0.001; total time=   0.6s
[CV] END estimator__learning_rate=0.2, estimator__max_depth=12, estimator__num_leaves=10, estimator__subsample=0.2; total time=   0.7s
[CV] END estimator__learning_rate=0.2, estimator__max_depth=13, estimator__num_leaves=2, estimator__subsample=0.1; total time=   0.1s
[CV] END estimator__learning_rate=0.2, estimator__max_depth=13, estimator__num_leaves=4, estimator__subsample=0.001; total time=   0.2s
[CV] END estimator__learning_rate=0.2, estimator__max_depth=13, estimator__num_leaves=4, estimator__subsample=0.2; total time=   0.2s
[CV] END estimator__learning_rate=0.2, estimator__max_depth=13, estimator__num_leaves=6, estimator__subsample=0.1; total time=   0.4s
[CV] END estimator__learning_rate=0.2, estimator__max_depth=13, estimator__num_leaves=10, estimator__subsample=0.001; total time=   0.7s
[CV] END estimator__learning_rate=0.2, estimator__max_depth=13, estimator__num_leaves=31, estimator__subsample=0.2; total time=   1.4s
[CV] END estimator__learning_rate=0.2, estimator__max_depth=14, estimator__num_leaves=8, estimator__subsample=0.01; total time=   0.6s
[CV] END estimator__learning_rate=0.2, estimator__max_depth=14, estimator__num_leaves=31, estimator__subsample=0.001; total time=   1.5s
[CV] END estimator__learning_rate=0.39, estimator__max_depth=10, estimator__num_leaves=6, estimator__subsample=0.2; total time=   0.4s
[CV] END estimator__learning_rate=0.39, estimator__max_depth=10, estimator__num_leaves=10, estimator__subsample=0.01; total time=   0.7s
[CV] END estimator__learning_rate=0.39, estimator__max_depth=10, estimator__num_leaves=31, estimator__subsample=0.2; total time=   1.4s
[CV] END estimator__learning_rate=0.39, estimator__max_depth=11, estimator__num_leaves=8, estimator__subsample=0.1; total time=   0.6s
[CV] END estimator__learning_rate=0.39, estimator__max_depth=11, estimator__num_leaves=31, estimator__subsample=0.001; total time=   1.5s
[CV] END estimator__learning_rate=0.39, estimator__max_depth=12, estimator__num_leaves=6, estimator__subsample=0.2; total time=   0.4s
[CV] END estimator__learning_rate=0.39, estimator__max_depth=12, estimator__num_leaves=10, estimator__subsample=0.01; total time=   0.7s
[CV] END estimator__learning_rate=0.39, estimator__max_depth=12, estimator__num_leaves=31, estimator__subsample=0.2; total time=   1.5s
[CV] END estimator__learning_rate=0.39, estimator__max_depth=13, estimator__num_leaves=8, estimator__subsample=0.1; total time=   0.6s
[CV] END estimator__learning_rate=0.39, estimator__max_depth=13, estimator__num_leaves=31, estimator__subsample=0.01; total time=   1.4s
[CV] END estimator__learning_rate=0.39, estimator__max_depth=14, estimator__num_leaves=6, estimator__subsample=0.2; total time=   0.4s
[CV] END estimator__learning_rate=0.39, estimator__max_depth=14, estimator__num_leaves=10, estimator__subsample=0.001; total time=   0.9s
[CV] END estimator__learning_rate=0.58, estimator__max_depth=10, estimator__num_leaves=2, estimator__subsample=0.001; total time=   0.1s
[CV] END estimator__learning_rate=0.58, estimator__max_depth=10, estimator__num_leaves=2, estimator__subsample=0.1; total time=   0.1s
[CV] END estimator__learning_rate=0.58, estimator__max_depth=10, estimator__num_leaves=4, estimator__subsample=0.001; total time=   0.2s
[CV] END estimator__learning_rate=0.58, estimator__max_depth=10, estimator__num_leaves=4, estimator__subsample=0.2; total time=   0.2s
[CV] END estimator__learning_rate=0.58, estimator__max_depth=10, estimator__num_leaves=6, estimator__subsample=0.01; total time=   0.4s
[CV] END estimator__learning_rate=0.58, estimator__max_depth=10, estimator__num_leaves=8, estimator__subsample=0.2; total time=   0.6s[CV] END estimator__learning_rate=0.01, estimator__max_depth=10, estimator__num_leaves=4, estimator__subsample=0.001; total time=   4.9s
[CV] END estimator__learning_rate=0.01, estimator__max_depth=10, estimator__num_leaves=31, estimator__subsample=0.01; total time=   1.5s
[CV] END estimator__learning_rate=0.01, estimator__max_depth=11, estimator__num_leaves=6, estimator__subsample=0.2; total time=   0.4s
[CV] END estimator__learning_rate=0.01, estimator__max_depth=11, estimator__num_leaves=10, estimator__subsample=0.01; total time=   0.7s
[CV] END estimator__learning_rate=0.01, estimator__max_depth=12, estimator__num_leaves=2, estimator__subsample=0.001; total time=   0.0s
[CV] END estimator__learning_rate=0.01, estimator__max_depth=12, estimator__num_leaves=2, estimator__subsample=0.001; total time=   0.1s
[CV] END estimator__learning_rate=0.01, estimator__max_depth=12, estimator__num_leaves=2, estimator__subsample=0.1; total time=   0.1s
[CV] END estimator__learning_rate=0.01, estimator__max_depth=12, estimator__num_leaves=4, estimator__subsample=0.001; total time=   0.2s
[CV] END estimator__learning_rate=0.01, estimator__max_depth=12, estimator__num_leaves=4, estimator__subsample=0.2; total time=   0.2s
[CV] END estimator__learning_rate=0.01, estimator__max_depth=12, estimator__num_leaves=6, estimator__subsample=0.1; total time=   0.4s
[CV] END estimator__learning_rate=0.01, estimator__max_depth=12, estimator__num_leaves=10, estimator__subsample=0.001; total time=   0.7s
[CV] END estimator__learning_rate=0.01, estimator__max_depth=12, estimator__num_leaves=31, estimator__subsample=0.2; total time=   1.5s
[CV] END estimator__learning_rate=0.01, estimator__max_depth=13, estimator__num_leaves=8, estimator__subsample=0.2; total time=   0.6s
[CV] END estimator__learning_rate=0.01, estimator__max_depth=13, estimator__num_leaves=31, estimator__subsample=0.01; total time=   1.5s
[CV] END estimator__learning_rate=0.01, estimator__max_depth=14, estimator__num_leaves=8, estimator__subsample=0.001; total time=   0.6s
[CV] END estimator__learning_rate=0.01, estimator__max_depth=14, estimator__num_leaves=10, estimator__subsample=0.1; total time=   0.7s
[CV] END estimator__learning_rate=0.2, estimator__max_depth=10, estimator__num_leaves=2, estimator__subsample=0.1; total time=   0.1s
[CV] END estimator__learning_rate=0.2, estimator__max_depth=10, estimator__num_leaves=4, estimator__subsample=0.001; total time=   0.2s
[CV] END estimator__learning_rate=0.2, estimator__max_depth=10, estimator__num_leaves=4, estimator__subsample=0.2; total time=   0.2s
[CV] END estimator__learning_rate=0.2, estimator__max_depth=10, estimator__num_leaves=6, estimator__subsample=0.1; total time=   0.4s
[CV] END estimator__learning_rate=0.2, estimator__max_depth=10, estimator__num_leaves=10, estimator__subsample=0.001; total time=   0.8s
[CV] END estimator__learning_rate=0.2, estimator__max_depth=10, estimator__num_leaves=31, estimator__subsample=0.1; total time=   1.5s
[CV] END estimator__learning_rate=0.2, estimator__max_depth=11, estimator__num_leaves=8, estimator__subsample=0.1; total time=   0.6s
[CV] END estimator__learning_rate=0.2, estimator__max_depth=11, estimator__num_leaves=31, estimator__subsample=0.001; total time=   1.5s
[CV] END estimator__learning_rate=0.2, estimator__max_depth=12, estimator__num_leaves=6, estimator__subsample=0.2; total time=   0.4s
[CV] END estimator__learning_rate=0.2, estimator__max_depth=12, estimator__num_leaves=10, estimator__subsample=0.01; total time=   0.7s
[CV] END estimator__learning_rate=0.2, estimator__max_depth=13, estimator__num_leaves=2, estimator__subsample=0.001; total time=   0.0s
[CV] END estimator__learning_rate=0.2, estimator__max_depth=13, estimator__num_leaves=2, estimator__subsample=0.001; total time=   0.1s
[CV] END estimator__learning_rate=0.2, estimator__max_depth=13, estimator__num_leaves=2, estimator__subsample=0.1; total time=   0.1s
[CV] END estimator__learning_rate=0.2, estimator__max_depth=13, estimator__num_leaves=4, estimator__subsample=0.01; total time=   0.2s
[CV] END estimator__learning_rate=0.2, estimator__max_depth=13, estimator__num_leaves=4, estimator__subsample=0.2; total time=   0.2s
[CV] END estimator__learning_rate=0.2, estimator__max_depth=13, estimator__num_leaves=6, estimator__subsample=0.01; total time=   0.4s
[CV] END estimator__learning_rate=0.2, estimator__max_depth=13, estimator__num_leaves=10, estimator__subsample=0.001; total time=   0.8s
[CV] END estimator__learning_rate=0.2, estimator__max_depth=13, estimator__num_leaves=31, estimator__subsample=0.2; total time=   1.5s
[CV] END estimator__learning_rate=0.2, estimator__max_depth=14, estimator__num_leaves=8, estimator__subsample=0.1; total time=   0.6s
[CV] END estimator__learning_rate=0.2, estimator__max_depth=14, estimator__num_leaves=31, estimator__subsample=0.001; total time=   1.5s
[CV] END estimator__learning_rate=0.39, estimator__max_depth=10, estimator__num_leaves=6, estimator__subsample=0.2; total time=   0.5s
[CV] END estimator__learning_rate=0.39, estimator__max_depth=10, estimator__num_leaves=10, estimator__subsample=0.1; total time=   0.7s
[CV] END estimator__learning_rate=0.39, estimator__max_depth=11, estimator__num_leaves=2, estimator__subsample=0.001; total time=   0.1s
[CV] END estimator__learning_rate=0.39, estimator__max_depth=11, estimator__num_leaves=2, estimator__subsample=0.1; total time=   0.1s
[CV] END estimator__learning_rate=0.39, estimator__max_depth=11, estimator__num_leaves=4, estimator__subsample=0.001; total time=   0.2s
[CV] END estimator__learning_rate=0.39, estimator__max_depth=11, estimator__num_leaves=4, estimator__subsample=0.2; total time=   0.2s
[CV] END estimator__learning_rate=0.39, estimator__max_depth=11, estimator__num_leaves=6, estimator__subsample=0.1; total time=   0.4s
[CV] END estimator__learning_rate=0.39, estimator__max_depth=11, estimator__num_leaves=10, estimator__subsample=0.001; total time=   0.7s
[CV] END estimator__learning_rate=0.39, estimator__max_depth=11, estimator__num_leaves=31, estimator__subsample=0.2; total time=   1.5s
[CV] END estimator__learning_rate=0.39, estimator__max_depth=12, estimator__num_leaves=8, estimator__subsample=0.2; total time=   0.6s
[CV] END estimator__learning_rate=0.39, estimator__max_depth=12, estimator__num_leaves=31, estimator__subsample=0.01; total time=   1.5s
[CV] END estimator__learning_rate=0.39, estimator__max_depth=13, estimator__num_leaves=8, estimator__subsample=0.001; total time=   0.5s
[CV] END estimator__learning_rate=0.39, estimator__max_depth=13, estimator__num_leaves=10, estimator__subsample=0.1; total time=   0.8s
[CV] END estimator__learning_rate=0.39, estimator__max_depth=14, estimator__num_leaves=2, estimator__subsample=0.01; total time=   0.1s
[CV] END estimator__learning_rate=0.39, estimator__max_depth=14, estimator__num_leaves=2, estimator__subsample=0.2; total time=   0.1s
[CV] END estimator__learning_rate=0.39, estimator__max_depth=14, estimator__num_leaves=4, estimator__subsample=0.01; total time=   0.2s
[CV] END estimator__learning_rate=0.39, estimator__max_depth=14, estimator__num_leaves=6, estimator__subsample=0.001; total time=   0.4s
[CV] END estimator__learning_rate=0.39, estimator__max_depth=14, estimator__num_leaves=8, estimator__subsample=0.001; total time=   0.6s
[CV] END estimator__learning_rate=0.39, estimator__max_depth=14, estimator__num_leaves=10, estimator__subsample=0.2; total time=   0.8s
[CV] END estimator__learning_rate=0.58, estimator__max_depth=10, estimator__num_leaves=2, estimator__subsample=0.1; total time=   0.1s
[CV] END estimator__learning_rate=0.58, estimator__max_depth=10, estimator__num_leaves=4, estimator__subsample=0.001; total time=   0.2s
[CV] END estimator__learning_rate=0.58, estimator__max_depth=10, estimator__num_leaves=4, estimator__subsample=0.2; total time=   0.2s
[CV] END estimator__learning_rate=0.58, estimator__max_depth=10, estimator__num_leaves=6, estimator__subsample=0.01; total time=   0.4s
[CV] END estimator__learning_rate=0.58, estimator__max_depth=10, estimator__num_leaves=10, estimator__subsample=0.001; total time=   0.7s[CV] END estimator__learning_rate=0.01, estimator__max_depth=10, estimator__num_leaves=4, estimator__subsample=0.01; total time=   4.4s
[CV] END estimator__learning_rate=0.01, estimator__max_depth=10, estimator__num_leaves=10, estimator__subsample=0.001; total time=   0.9s
[CV] END estimator__learning_rate=0.01, estimator__max_depth=10, estimator__num_leaves=31, estimator__subsample=0.2; total time=   1.5s
[CV] END estimator__learning_rate=0.01, estimator__max_depth=11, estimator__num_leaves=10, estimator__subsample=0.01; total time=   0.7s
[CV] END estimator__learning_rate=0.01, estimator__max_depth=11, estimator__num_leaves=31, estimator__subsample=0.1; total time=   1.5s
[CV] END estimator__learning_rate=0.01, estimator__max_depth=12, estimator__num_leaves=8, estimator__subsample=0.1; total time=   0.6s
[CV] END estimator__learning_rate=0.01, estimator__max_depth=12, estimator__num_leaves=31, estimator__subsample=0.001; total time=   1.4s
[CV] END estimator__learning_rate=0.01, estimator__max_depth=13, estimator__num_leaves=6, estimator__subsample=0.01; total time=   0.4s
[CV] END estimator__learning_rate=0.01, estimator__max_depth=13, estimator__num_leaves=10, estimator__subsample=0.001; total time=   0.7s
[CV] END estimator__learning_rate=0.01, estimator__max_depth=13, estimator__num_leaves=31, estimator__subsample=0.1; total time=   1.5s
[CV] END estimator__learning_rate=0.01, estimator__max_depth=14, estimator__num_leaves=8, estimator__subsample=0.1; total time=   0.6s
[CV] END estimator__learning_rate=0.01, estimator__max_depth=14, estimator__num_leaves=31, estimator__subsample=0.001; total time=   1.4s
[CV] END estimator__learning_rate=0.2, estimator__max_depth=10, estimator__num_leaves=6, estimator__subsample=0.01; total time=   0.4s
[CV] END estimator__learning_rate=0.2, estimator__max_depth=10, estimator__num_leaves=8, estimator__subsample=0.2; total time=   0.6s
[CV] END estimator__learning_rate=0.2, estimator__max_depth=10, estimator__num_leaves=31, estimator__subsample=0.01; total time=   1.4s
[CV] END estimator__learning_rate=0.2, estimator__max_depth=11, estimator__num_leaves=8, estimator__subsample=0.001; total time=   0.6s
[CV] END estimator__learning_rate=0.2, estimator__max_depth=11, estimator__num_leaves=10, estimator__subsample=0.1; total time=   0.8s
[CV] END estimator__learning_rate=0.2, estimator__max_depth=12, estimator__num_leaves=2, estimator__subsample=0.01; total time=   0.1s
[CV] END estimator__learning_rate=0.2, estimator__max_depth=12, estimator__num_leaves=2, estimator__subsample=0.2; total time=   0.1s
[CV] END estimator__learning_rate=0.2, estimator__max_depth=12, estimator__num_leaves=4, estimator__subsample=0.1; total time=   0.2s
[CV] END estimator__learning_rate=0.2, estimator__max_depth=12, estimator__num_leaves=6, estimator__subsample=0.001; total time=   0.4s
[CV] END estimator__learning_rate=0.2, estimator__max_depth=12, estimator__num_leaves=8, estimator__subsample=0.01; total time=   0.6s
[CV] END estimator__learning_rate=0.2, estimator__max_depth=12, estimator__num_leaves=10, estimator__subsample=0.2; total time=   0.7s
[CV] END estimator__learning_rate=0.2, estimator__max_depth=13, estimator__num_leaves=2, estimator__subsample=0.2; total time=   0.1s
[CV] END estimator__learning_rate=0.2, estimator__max_depth=13, estimator__num_leaves=4, estimator__subsample=0.1; total time=   0.2s
[CV] END estimator__learning_rate=0.2, estimator__max_depth=13, estimator__num_leaves=6, estimator__subsample=0.001; total time=   0.4s
[CV] END estimator__learning_rate=0.2, estimator__max_depth=13, estimator__num_leaves=8, estimator__subsample=0.01; total time=   0.6s
[CV] END estimator__learning_rate=0.2, estimator__max_depth=13, estimator__num_leaves=10, estimator__subsample=0.2; total time=   0.7s
[CV] END estimator__learning_rate=0.2, estimator__max_depth=14, estimator__num_leaves=2, estimator__subsample=0.1; total time=   0.1s
[CV] END estimator__learning_rate=0.2, estimator__max_depth=14, estimator__num_leaves=4, estimator__subsample=0.01; total time=   0.3s
[CV] END estimator__learning_rate=0.2, estimator__max_depth=14, estimator__num_leaves=6, estimator__subsample=0.001; total time=   0.4s
[CV] END estimator__learning_rate=0.2, estimator__max_depth=14, estimator__num_leaves=8, estimator__subsample=0.01; total time=   0.6s
[CV] END estimator__learning_rate=0.2, estimator__max_depth=14, estimator__num_leaves=10, estimator__subsample=0.2; total time=   0.8s
[CV] END estimator__learning_rate=0.39, estimator__max_depth=10, estimator__num_leaves=2, estimator__subsample=0.2; total time=   0.1s
[CV] END estimator__learning_rate=0.39, estimator__max_depth=10, estimator__num_leaves=4, estimator__subsample=0.1; total time=   0.2s
[CV] END estimator__learning_rate=0.39, estimator__max_depth=10, estimator__num_leaves=6, estimator__subsample=0.001; total time=   0.4s
[CV] END estimator__learning_rate=0.39, estimator__max_depth=10, estimator__num_leaves=8, estimator__subsample=0.01; total time=   0.6s
[CV] END estimator__learning_rate=0.39, estimator__max_depth=10, estimator__num_leaves=10, estimator__subsample=0.2; total time=   0.7s
[CV] END estimator__learning_rate=0.39, estimator__max_depth=11, estimator__num_leaves=2, estimator__subsample=0.2; total time=   0.1s
[CV] END estimator__learning_rate=0.39, estimator__max_depth=11, estimator__num_leaves=4, estimator__subsample=0.1; total time=   0.2s
[CV] END estimator__learning_rate=0.39, estimator__max_depth=11, estimator__num_leaves=6, estimator__subsample=0.001; total time=   0.4s
[CV] END estimator__learning_rate=0.39, estimator__max_depth=11, estimator__num_leaves=8, estimator__subsample=0.01; total time=   0.6s
[CV] END estimator__learning_rate=0.39, estimator__max_depth=11, estimator__num_leaves=10, estimator__subsample=0.2; total time=   0.8s
[CV] END estimator__learning_rate=0.39, estimator__max_depth=12, estimator__num_leaves=4, estimator__subsample=0.001; total time=   0.2s
[CV] END estimator__learning_rate=0.39, estimator__max_depth=12, estimator__num_leaves=4, estimator__subsample=0.1; total time=   0.2s
[CV] END estimator__learning_rate=0.39, estimator__max_depth=12, estimator__num_leaves=6, estimator__subsample=0.01; total time=   0.4s
[CV] END estimator__learning_rate=0.39, estimator__max_depth=12, estimator__num_leaves=8, estimator__subsample=0.2; total time=   0.6s
[CV] END estimator__learning_rate=0.39, estimator__max_depth=12, estimator__num_leaves=31, estimator__subsample=0.01; total time=   1.5s
[CV] END estimator__learning_rate=0.39, estimator__max_depth=13, estimator__num_leaves=8, estimator__subsample=0.001; total time=   0.6s
[CV] END estimator__learning_rate=0.39, estimator__max_depth=13, estimator__num_leaves=10, estimator__subsample=0.1; total time=   0.7s
[CV] END estimator__learning_rate=0.39, estimator__max_depth=14, estimator__num_leaves=2, estimator__subsample=0.1; total time=   0.1s
[CV] END estimator__learning_rate=0.39, estimator__max_depth=14, estimator__num_leaves=4, estimator__subsample=0.001; total time=   0.2s
[CV] END estimator__learning_rate=0.39, estimator__max_depth=14, estimator__num_leaves=4, estimator__subsample=0.1; total time=   0.2s
[CV] END estimator__learning_rate=0.39, estimator__max_depth=14, estimator__num_leaves=6, estimator__subsample=0.001; total time=   0.4s
[CV] END estimator__learning_rate=0.39, estimator__max_depth=14, estimator__num_leaves=8, estimator__subsample=0.2; total time=   0.6s
[CV] END estimator__learning_rate=0.39, estimator__max_depth=14, estimator__num_leaves=31, estimator__subsample=0.01; total time=   1.5s
[CV] END estimator__learning_rate=0.58, estimator__max_depth=10, estimator__num_leaves=6, estimator__subsample=0.2; total time=   0.4s
[CV] END estimator__learning_rate=0.58, estimator__max_depth=10, estimator__num_leaves=10, estimator__subsample=0.1; total time=   0.7s
[CV] END estimator__learning_rate=0.58, estimator__max_depth=11, estimator__num_leaves=2, estimator__subsample=0.001; total time=   0.1s
[CV] END estimator__learning_rate=0.58, estimator__max_depth=11, estimator__num_leaves=2, estimator__subsample=0.01; total time=   0.1s[CV] END estimator__learning_rate=0.01, estimator__max_depth=10, estimator__num_leaves=2, estimator__subsample=0.1; total time=   4.3s
[CV] END estimator__learning_rate=0.01, estimator__max_depth=10, estimator__num_leaves=10, estimator__subsample=0.001; total time=   0.9s
[CV] END estimator__learning_rate=0.01, estimator__max_depth=10, estimator__num_leaves=31, estimator__subsample=0.2; total time=   1.4s
[CV] END estimator__learning_rate=0.01, estimator__max_depth=11, estimator__num_leaves=8, estimator__subsample=0.1; total time=   0.6s
[CV] END estimator__learning_rate=0.01, estimator__max_depth=11, estimator__num_leaves=31, estimator__subsample=0.01; total time=   1.4s
[CV] END estimator__learning_rate=0.01, estimator__max_depth=12, estimator__num_leaves=6, estimator__subsample=0.1; total time=   0.5s
[CV] END estimator__learning_rate=0.01, estimator__max_depth=12, estimator__num_leaves=10, estimator__subsample=0.01; total time=   0.7s
[CV] END estimator__learning_rate=0.01, estimator__max_depth=12, estimator__num_leaves=31, estimator__subsample=0.2; total time=   1.4s
[CV] END estimator__learning_rate=0.01, estimator__max_depth=13, estimator__num_leaves=8, estimator__subsample=0.1; total time=   0.6s
[CV] END estimator__learning_rate=0.01, estimator__max_depth=13, estimator__num_leaves=31, estimator__subsample=0.001; total time=   1.4s
[CV] END estimator__learning_rate=0.01, estimator__max_depth=14, estimator__num_leaves=6, estimator__subsample=0.01; total time=   0.4s
[CV] END estimator__learning_rate=0.01, estimator__max_depth=14, estimator__num_leaves=8, estimator__subsample=0.2; total time=   0.6s
[CV] END estimator__learning_rate=0.01, estimator__max_depth=14, estimator__num_leaves=31, estimator__subsample=0.01; total time=   1.4s
[CV] END estimator__learning_rate=0.2, estimator__max_depth=10, estimator__num_leaves=6, estimator__subsample=0.2; total time=   0.4s
[CV] END estimator__learning_rate=0.2, estimator__max_depth=10, estimator__num_leaves=10, estimator__subsample=0.01; total time=   0.8s
[CV] END estimator__learning_rate=0.2, estimator__max_depth=11, estimator__num_leaves=2, estimator__subsample=0.001; total time=   0.1s
[CV] END estimator__learning_rate=0.2, estimator__max_depth=11, estimator__num_leaves=2, estimator__subsample=0.001; total time=   0.1s
[CV] END estimator__learning_rate=0.2, estimator__max_depth=11, estimator__num_leaves=2, estimator__subsample=0.1; total time=   0.1s
[CV] END estimator__learning_rate=0.2, estimator__max_depth=11, estimator__num_leaves=4, estimator__subsample=0.01; total time=   0.2s
[CV] END estimator__learning_rate=0.2, estimator__max_depth=11, estimator__num_leaves=4, estimator__subsample=0.2; total time=   0.2s
[CV] END estimator__learning_rate=0.2, estimator__max_depth=11, estimator__num_leaves=6, estimator__subsample=0.1; total time=   0.4s
[CV] END estimator__learning_rate=0.2, estimator__max_depth=11, estimator__num_leaves=10, estimator__subsample=0.01; total time=   0.7s
[CV] END estimator__learning_rate=0.2, estimator__max_depth=11, estimator__num_leaves=31, estimator__subsample=0.2; total time=   1.5s
[CV] END estimator__learning_rate=0.2, estimator__max_depth=12, estimator__num_leaves=8, estimator__subsample=0.1; total time=   0.6s
[CV] END estimator__learning_rate=0.2, estimator__max_depth=12, estimator__num_leaves=31, estimator__subsample=0.01; total time=   1.5s
[CV] END estimator__learning_rate=0.2, estimator__max_depth=13, estimator__num_leaves=6, estimator__subsample=0.2; total time=   0.4s
[CV] END estimator__learning_rate=0.2, estimator__max_depth=13, estimator__num_leaves=10, estimator__subsample=0.1; total time=   0.7s
[CV] END estimator__learning_rate=0.2, estimator__max_depth=14, estimator__num_leaves=2, estimator__subsample=0.001; total time=   0.1s
[CV] END estimator__learning_rate=0.2, estimator__max_depth=14, estimator__num_leaves=2, estimator__subsample=0.01; total time=   0.1s
[CV] END estimator__learning_rate=0.2, estimator__max_depth=14, estimator__num_leaves=2, estimator__subsample=0.2; total time=   0.1s
[CV] END estimator__learning_rate=0.2, estimator__max_depth=14, estimator__num_leaves=4, estimator__subsample=0.01; total time=   0.2s
[CV] END estimator__learning_rate=0.2, estimator__max_depth=14, estimator__num_leaves=4, estimator__subsample=0.2; total time=   0.2s
[CV] END estimator__learning_rate=0.2, estimator__max_depth=14, estimator__num_leaves=6, estimator__subsample=0.1; total time=   0.4s
[CV] END estimator__learning_rate=0.2, estimator__max_depth=14, estimator__num_leaves=10, estimator__subsample=0.01; total time=   0.7s
[CV] END estimator__learning_rate=0.2, estimator__max_depth=14, estimator__num_leaves=31, estimator__subsample=0.2; total time=   1.5s
[CV] END estimator__learning_rate=0.39, estimator__max_depth=10, estimator__num_leaves=8, estimator__subsample=0.1; total time=   0.6s
[CV] END estimator__learning_rate=0.39, estimator__max_depth=10, estimator__num_leaves=31, estimator__subsample=0.001; total time=   1.4s
[CV] END estimator__learning_rate=0.39, estimator__max_depth=11, estimator__num_leaves=6, estimator__subsample=0.2; total time=   0.4s
[CV] END estimator__learning_rate=0.39, estimator__max_depth=11, estimator__num_leaves=10, estimator__subsample=0.01; total time=   0.7s
[CV] END estimator__learning_rate=0.39, estimator__max_depth=12, estimator__num_leaves=2, estimator__subsample=0.001; total time=   0.0s
[CV] END estimator__learning_rate=0.39, estimator__max_depth=12, estimator__num_leaves=2, estimator__subsample=0.01; total time=   0.1s
[CV] END estimator__learning_rate=0.39, estimator__max_depth=12, estimator__num_leaves=2, estimator__subsample=0.1; total time=   0.1s
[CV] END estimator__learning_rate=0.39, estimator__max_depth=12, estimator__num_leaves=4, estimator__subsample=0.01; total time=   0.2s
[CV] END estimator__learning_rate=0.39, estimator__max_depth=12, estimator__num_leaves=4, estimator__subsample=0.2; total time=   0.2s
[CV] END estimator__learning_rate=0.39, estimator__max_depth=12, estimator__num_leaves=6, estimator__subsample=0.2; total time=   0.5s
[CV] END estimator__learning_rate=0.39, estimator__max_depth=12, estimator__num_leaves=10, estimator__subsample=0.1; total time=   0.7s
[CV] END estimator__learning_rate=0.39, estimator__max_depth=13, estimator__num_leaves=2, estimator__subsample=0.001; total time=   0.0s
[CV] END estimator__learning_rate=0.39, estimator__max_depth=13, estimator__num_leaves=2, estimator__subsample=0.01; total time=   0.1s
[CV] END estimator__learning_rate=0.39, estimator__max_depth=13, estimator__num_leaves=2, estimator__subsample=0.2; total time=   0.1s
[CV] END estimator__learning_rate=0.39, estimator__max_depth=13, estimator__num_leaves=4, estimator__subsample=0.01; total time=   0.2s
[CV] END estimator__learning_rate=0.39, estimator__max_depth=13, estimator__num_leaves=4, estimator__subsample=0.2; total time=   0.2s
[CV] END estimator__learning_rate=0.39, estimator__max_depth=13, estimator__num_leaves=6, estimator__subsample=0.1; total time=   0.4s
[CV] END estimator__learning_rate=0.39, estimator__max_depth=13, estimator__num_leaves=10, estimator__subsample=0.01; total time=   0.7s
[CV] END estimator__learning_rate=0.39, estimator__max_depth=13, estimator__num_leaves=31, estimator__subsample=0.2; total time=   1.5s
[CV] END estimator__learning_rate=0.39, estimator__max_depth=14, estimator__num_leaves=8, estimator__subsample=0.2; total time=   0.5s
[CV] END estimator__learning_rate=0.39, estimator__max_depth=14, estimator__num_leaves=31, estimator__subsample=0.001; total time=   1.5s
[CV] END estimator__learning_rate=0.58, estimator__max_depth=10, estimator__num_leaves=6, estimator__subsample=0.2; total time=   0.4s
[CV] END estimator__learning_rate=0.58, estimator__max_depth=10, estimator__num_leaves=10, estimator__subsample=0.01; total time=   0.9s
[CV] END estimator__learning_rate=0.58, estimator__max_depth=11, estimator__num_leaves=2, estimator__subsample=0.001; total time=   0.1s
[CV] END estimator__learning_rate=0.58, estimator__max_depth=11, estimator__num_leaves=2, estimator__subsample=0.1; total time=   0.1s[CV] END estimator__learning_rate=0.01, estimator__max_depth=10, estimator__num_leaves=2, estimator__subsample=0.2; total time=   4.2s
[CV] END estimator__learning_rate=0.01, estimator__max_depth=10, estimator__num_leaves=8, estimator__subsample=0.001; total time=   0.3s
[CV] END estimator__learning_rate=0.01, estimator__max_depth=10, estimator__num_leaves=8, estimator__subsample=0.2; total time=   0.8s
[CV] END estimator__learning_rate=0.01, estimator__max_depth=10, estimator__num_leaves=31, estimator__subsample=0.01; total time=   1.5s
[CV] END estimator__learning_rate=0.01, estimator__max_depth=11, estimator__num_leaves=8, estimator__subsample=0.001; total time=   0.6s
[CV] END estimator__learning_rate=0.01, estimator__max_depth=11, estimator__num_leaves=10, estimator__subsample=0.1; total time=   0.7s
[CV] END estimator__learning_rate=0.01, estimator__max_depth=12, estimator__num_leaves=2, estimator__subsample=0.1; total time=   0.1s
[CV] END estimator__learning_rate=0.01, estimator__max_depth=12, estimator__num_leaves=2, estimator__subsample=0.2; total time=   0.1s
[CV] END estimator__learning_rate=0.01, estimator__max_depth=12, estimator__num_leaves=4, estimator__subsample=0.1; total time=   0.2s
[CV] END estimator__learning_rate=0.01, estimator__max_depth=12, estimator__num_leaves=6, estimator__subsample=0.001; total time=   0.4s
[CV] END estimator__learning_rate=0.01, estimator__max_depth=12, estimator__num_leaves=8, estimator__subsample=0.01; total time=   0.6s
[CV] END estimator__learning_rate=0.01, estimator__max_depth=12, estimator__num_leaves=10, estimator__subsample=0.2; total time=   0.8s
[CV] END estimator__learning_rate=0.01, estimator__max_depth=13, estimator__num_leaves=4, estimator__subsample=0.001; total time=   0.2s
[CV] END estimator__learning_rate=0.01, estimator__max_depth=13, estimator__num_leaves=4, estimator__subsample=0.1; total time=   0.2s
[CV] END estimator__learning_rate=0.01, estimator__max_depth=13, estimator__num_leaves=6, estimator__subsample=0.01; total time=   0.4s
[CV] END estimator__learning_rate=0.01, estimator__max_depth=13, estimator__num_leaves=8, estimator__subsample=0.2; total time=   0.6s
[CV] END estimator__learning_rate=0.01, estimator__max_depth=13, estimator__num_leaves=31, estimator__subsample=0.1; total time=   1.4s
[CV] END estimator__learning_rate=0.01, estimator__max_depth=14, estimator__num_leaves=8, estimator__subsample=0.001; total time=   0.6s
[CV] END estimator__learning_rate=0.01, estimator__max_depth=14, estimator__num_leaves=10, estimator__subsample=0.1; total time=   0.7s
[CV] END estimator__learning_rate=0.2, estimator__max_depth=10, estimator__num_leaves=2, estimator__subsample=0.01; total time=   0.1s
[CV] END estimator__learning_rate=0.2, estimator__max_depth=10, estimator__num_leaves=2, estimator__subsample=0.2; total time=   0.1s
[CV] END estimator__learning_rate=0.2, estimator__max_depth=10, estimator__num_leaves=4, estimator__subsample=0.1; total time=   0.2s
[CV] END estimator__learning_rate=0.2, estimator__max_depth=10, estimator__num_leaves=6, estimator__subsample=0.001; total time=   0.4s
[CV] END estimator__learning_rate=0.2, estimator__max_depth=10, estimator__num_leaves=8, estimator__subsample=0.01; total time=   0.7s
[CV] END estimator__learning_rate=0.2, estimator__max_depth=10, estimator__num_leaves=31, estimator__subsample=0.001; total time=   1.4s
[CV] END estimator__learning_rate=0.2, estimator__max_depth=11, estimator__num_leaves=6, estimator__subsample=0.01; total time=   0.4s
[CV] END estimator__learning_rate=0.2, estimator__max_depth=11, estimator__num_leaves=8, estimator__subsample=0.2; total time=   0.6s
[CV] END estimator__learning_rate=0.2, estimator__max_depth=11, estimator__num_leaves=31, estimator__subsample=0.01; total time=   1.5s
[CV] END estimator__learning_rate=0.2, estimator__max_depth=12, estimator__num_leaves=6, estimator__subsample=0.2; total time=   0.4s
[CV] END estimator__learning_rate=0.2, estimator__max_depth=12, estimator__num_leaves=10, estimator__subsample=0.01; total time=   0.7s
[CV] END estimator__learning_rate=0.2, estimator__max_depth=12, estimator__num_leaves=31, estimator__subsample=0.2; total time=   1.5s
[CV] END estimator__learning_rate=0.2, estimator__max_depth=13, estimator__num_leaves=8, estimator__subsample=0.1; total time=   0.6s
[CV] END estimator__learning_rate=0.2, estimator__max_depth=13, estimator__num_leaves=31, estimator__subsample=0.01; total time=   1.5s
[CV] END estimator__learning_rate=0.2, estimator__max_depth=14, estimator__num_leaves=6, estimator__subsample=0.2; total time=   0.4s
[CV] END estimator__learning_rate=0.2, estimator__max_depth=14, estimator__num_leaves=10, estimator__subsample=0.01; total time=   0.7s
[CV] END estimator__learning_rate=0.39, estimator__max_depth=10, estimator__num_leaves=2, estimator__subsample=0.001; total time=   0.0s
[CV] END estimator__learning_rate=0.39, estimator__max_depth=10, estimator__num_leaves=2, estimator__subsample=0.001; total time=   0.1s
[CV] END estimator__learning_rate=0.39, estimator__max_depth=10, estimator__num_leaves=2, estimator__subsample=0.1; total time=   0.1s
[CV] END estimator__learning_rate=0.39, estimator__max_depth=10, estimator__num_leaves=4, estimator__subsample=0.01; total time=   0.2s
[CV] END estimator__learning_rate=0.39, estimator__max_depth=10, estimator__num_leaves=4, estimator__subsample=0.2; total time=   0.2s
[CV] END estimator__learning_rate=0.39, estimator__max_depth=10, estimator__num_leaves=6, estimator__subsample=0.1; total time=   0.4s
[CV] END estimator__learning_rate=0.39, estimator__max_depth=10, estimator__num_leaves=10, estimator__subsample=0.001; total time=   0.7s
[CV] END estimator__learning_rate=0.39, estimator__max_depth=10, estimator__num_leaves=31, estimator__subsample=0.1; total time=   1.5s
[CV] END estimator__learning_rate=0.39, estimator__max_depth=11, estimator__num_leaves=8, estimator__subsample=0.1; total time=   0.6s
[CV] END estimator__learning_rate=0.39, estimator__max_depth=11, estimator__num_leaves=31, estimator__subsample=0.01; total time=   1.4s
[CV] END estimator__learning_rate=0.39, estimator__max_depth=12, estimator__num_leaves=6, estimator__subsample=0.1; total time=   0.4s
[CV] END estimator__learning_rate=0.39, estimator__max_depth=12, estimator__num_leaves=10, estimator__subsample=0.01; total time=   0.7s
[CV] END estimator__learning_rate=0.39, estimator__max_depth=12, estimator__num_leaves=31, estimator__subsample=0.2; total time=   1.5s
[CV] END estimator__learning_rate=0.39, estimator__max_depth=13, estimator__num_leaves=8, estimator__subsample=0.2; total time=   0.5s
[CV] END estimator__learning_rate=0.39, estimator__max_depth=13, estimator__num_leaves=31, estimator__subsample=0.001; total time=   1.5s
[CV] END estimator__learning_rate=0.39, estimator__max_depth=14, estimator__num_leaves=6, estimator__subsample=0.2; total time=   0.4s
[CV] END estimator__learning_rate=0.39, estimator__max_depth=14, estimator__num_leaves=10, estimator__subsample=0.01; total time=   0.7s
[CV] END estimator__learning_rate=0.58, estimator__max_depth=10, estimator__num_leaves=2, estimator__subsample=0.001; total time=   0.0s
[CV] END estimator__learning_rate=0.58, estimator__max_depth=10, estimator__num_leaves=2, estimator__subsample=0.001; total time=   0.1s
[CV] END estimator__learning_rate=0.58, estimator__max_depth=10, estimator__num_leaves=2, estimator__subsample=0.1; total time=   0.1s
[CV] END estimator__learning_rate=0.58, estimator__max_depth=10, estimator__num_leaves=4, estimator__subsample=0.01; total time=   0.2s
[CV] END estimator__learning_rate=0.58, estimator__max_depth=10, estimator__num_leaves=4, estimator__subsample=0.2; total time=   0.2s
[CV] END estimator__learning_rate=0.58, estimator__max_depth=10, estimator__num_leaves=6, estimator__subsample=0.1; total time=   0.4s
[CV] END estimator__learning_rate=0.58, estimator__max_depth=10, estimator__num_leaves=10, estimator__subsample=0.01; total time=   0.7s
[CV] END estimator__learning_rate=0.58, estimator__max_depth=10, estimator__num_leaves=31, estimator__subsample=0.2; total time=   1.4s[CV] END estimator__learning_rate=0.01, estimator__max_depth=10, estimator__num_leaves=2, estimator__subsample=0.1; total time=   4.4s
[CV] END estimator__learning_rate=0.01, estimator__max_depth=10, estimator__num_leaves=8, estimator__subsample=0.2; total time=   0.8s
[CV] END estimator__learning_rate=0.01, estimator__max_depth=10, estimator__num_leaves=31, estimator__subsample=0.01; total time=   1.4s
[CV] END estimator__learning_rate=0.01, estimator__max_depth=11, estimator__num_leaves=6, estimator__subsample=0.2; total time=   0.5s
[CV] END estimator__learning_rate=0.01, estimator__max_depth=11, estimator__num_leaves=10, estimator__subsample=0.01; total time=   0.7s
[CV] END estimator__learning_rate=0.01, estimator__max_depth=12, estimator__num_leaves=2, estimator__subsample=0.001; total time=   0.0s
[CV] END estimator__learning_rate=0.01, estimator__max_depth=12, estimator__num_leaves=2, estimator__subsample=0.01; total time=   0.1s
[CV] END estimator__learning_rate=0.01, estimator__max_depth=12, estimator__num_leaves=2, estimator__subsample=0.1; total time=   0.1s
[CV] END estimator__learning_rate=0.01, estimator__max_depth=12, estimator__num_leaves=4, estimator__subsample=0.01; total time=   0.2s
[CV] END estimator__learning_rate=0.01, estimator__max_depth=12, estimator__num_leaves=4, estimator__subsample=0.2; total time=   0.3s
[CV] END estimator__learning_rate=0.01, estimator__max_depth=12, estimator__num_leaves=6, estimator__subsample=0.2; total time=   0.4s
[CV] END estimator__learning_rate=0.01, estimator__max_depth=12, estimator__num_leaves=10, estimator__subsample=0.001; total time=   0.7s
[CV] END estimator__learning_rate=0.01, estimator__max_depth=12, estimator__num_leaves=31, estimator__subsample=0.2; total time=   1.4s
[CV] END estimator__learning_rate=0.01, estimator__max_depth=13, estimator__num_leaves=8, estimator__subsample=0.1; total time=   0.6s
[CV] END estimator__learning_rate=0.01, estimator__max_depth=13, estimator__num_leaves=31, estimator__subsample=0.001; total time=   1.5s
[CV] END estimator__learning_rate=0.01, estimator__max_depth=14, estimator__num_leaves=6, estimator__subsample=0.2; total time=   0.4s
[CV] END estimator__learning_rate=0.01, estimator__max_depth=14, estimator__num_leaves=10, estimator__subsample=0.01; total time=   0.7s
[CV] END estimator__learning_rate=0.01, estimator__max_depth=14, estimator__num_leaves=31, estimator__subsample=0.2; total time=   1.4s
[CV] END estimator__learning_rate=0.2, estimator__max_depth=10, estimator__num_leaves=8, estimator__subsample=0.1; total time=   0.6s
[CV] END estimator__learning_rate=0.2, estimator__max_depth=10, estimator__num_leaves=31, estimator__subsample=0.001; total time=   1.5s
[CV] END estimator__learning_rate=0.2, estimator__max_depth=11, estimator__num_leaves=6, estimator__subsample=0.1; total time=   0.4s
[CV] END estimator__learning_rate=0.2, estimator__max_depth=11, estimator__num_leaves=10, estimator__subsample=0.001; total time=   0.7s
[CV] END estimator__learning_rate=0.2, estimator__max_depth=11, estimator__num_leaves=31, estimator__subsample=0.1; total time=   1.5s
[CV] END estimator__learning_rate=0.2, estimator__max_depth=12, estimator__num_leaves=8, estimator__subsample=0.1; total time=   0.6s
[CV] END estimator__learning_rate=0.2, estimator__max_depth=12, estimator__num_leaves=31, estimator__subsample=0.001; total time=   1.5s
[CV] END estimator__learning_rate=0.2, estimator__max_depth=13, estimator__num_leaves=6, estimator__subsample=0.2; total time=   0.4s
[CV] END estimator__learning_rate=0.2, estimator__max_depth=13, estimator__num_leaves=10, estimator__subsample=0.001; total time=   0.9s
[CV] END estimator__learning_rate=0.2, estimator__max_depth=14, estimator__num_leaves=2, estimator__subsample=0.001; total time=   0.1s
[CV] END estimator__learning_rate=0.2, estimator__max_depth=14, estimator__num_leaves=2, estimator__subsample=0.01; total time=   0.1s
[CV] END estimator__learning_rate=0.2, estimator__max_depth=14, estimator__num_leaves=4, estimator__subsample=0.001; total time=   0.2s
[CV] END estimator__learning_rate=0.2, estimator__max_depth=14, estimator__num_leaves=4, estimator__subsample=0.1; total time=   0.2s
[CV] END estimator__learning_rate=0.2, estimator__max_depth=14, estimator__num_leaves=6, estimator__subsample=0.01; total time=   0.4s
[CV] END estimator__learning_rate=0.2, estimator__max_depth=14, estimator__num_leaves=8, estimator__subsample=0.2; total time=   0.6s
[CV] END estimator__learning_rate=0.2, estimator__max_depth=14, estimator__num_leaves=31, estimator__subsample=0.01; total time=   1.5s
[CV] END estimator__learning_rate=0.39, estimator__max_depth=10, estimator__num_leaves=8, estimator__subsample=0.001; total time=   0.6s
[CV] END estimator__learning_rate=0.39, estimator__max_depth=10, estimator__num_leaves=10, estimator__subsample=0.1; total time=   0.7s
[CV] END estimator__learning_rate=0.39, estimator__max_depth=11, estimator__num_leaves=2, estimator__subsample=0.01; total time=   0.1s
[CV] END estimator__learning_rate=0.39, estimator__max_depth=11, estimator__num_leaves=4, estimator__subsample=0.001; total time=   0.2s
[CV] END estimator__learning_rate=0.39, estimator__max_depth=11, estimator__num_leaves=4, estimator__subsample=0.1; total time=   0.2s
[CV] END estimator__learning_rate=0.39, estimator__max_depth=11, estimator__num_leaves=6, estimator__subsample=0.01; total time=   0.4s
[CV] END estimator__learning_rate=0.39, estimator__max_depth=11, estimator__num_leaves=8, estimator__subsample=0.2; total time=   0.6s
[CV] END estimator__learning_rate=0.39, estimator__max_depth=11, estimator__num_leaves=31, estimator__subsample=0.1; total time=   1.4s
[CV] END estimator__learning_rate=0.39, estimator__max_depth=12, estimator__num_leaves=8, estimator__subsample=0.001; total time=   0.6s
[CV] END estimator__learning_rate=0.39, estimator__max_depth=12, estimator__num_leaves=10, estimator__subsample=0.1; total time=   0.7s
[CV] END estimator__learning_rate=0.39, estimator__max_depth=13, estimator__num_leaves=2, estimator__subsample=0.1; total time=   0.1s
[CV] END estimator__learning_rate=0.39, estimator__max_depth=13, estimator__num_leaves=4, estimator__subsample=0.001; total time=   0.2s
[CV] END estimator__learning_rate=0.39, estimator__max_depth=13, estimator__num_leaves=4, estimator__subsample=0.1; total time=   0.2s
[CV] END estimator__learning_rate=0.39, estimator__max_depth=13, estimator__num_leaves=6, estimator__subsample=0.01; total time=   0.4s
[CV] END estimator__learning_rate=0.39, estimator__max_depth=13, estimator__num_leaves=8, estimator__subsample=0.2; total time=   0.6s
[CV] END estimator__learning_rate=0.39, estimator__max_depth=13, estimator__num_leaves=31, estimator__subsample=0.01; total time=   1.5s
[CV] END estimator__learning_rate=0.39, estimator__max_depth=14, estimator__num_leaves=8, estimator__subsample=0.001; total time=   0.6s
[CV] END estimator__learning_rate=0.39, estimator__max_depth=14, estimator__num_leaves=10, estimator__subsample=0.1; total time=   0.7s
[CV] END estimator__learning_rate=0.58, estimator__max_depth=10, estimator__num_leaves=2, estimator__subsample=0.1; total time=   0.1s
[CV] END estimator__learning_rate=0.58, estimator__max_depth=10, estimator__num_leaves=4, estimator__subsample=0.001; total time=   0.2s
[CV] END estimator__learning_rate=0.58, estimator__max_depth=10, estimator__num_leaves=4, estimator__subsample=0.1; total time=   0.2s
[CV] END estimator__learning_rate=0.58, estimator__max_depth=10, estimator__num_leaves=6, estimator__subsample=0.01; total time=   0.4s
[CV] END estimator__learning_rate=0.58, estimator__max_depth=10, estimator__num_leaves=8, estimator__subsample=0.2; total time=   0.6s
[CV] END estimator__learning_rate=0.58, estimator__max_depth=10, estimator__num_leaves=31, estimator__subsample=0.1; total time=   1.4s
[CV] END estimator__learning_rate=0.58, estimator__max_depth=11, estimator__num_leaves=6, estimator__subsample=0.1; total time=   0.4s
[CV] END estimator__learning_rate=0.58, estimator__max_depth=11, estimator__num_leaves=10, estimator__subsample=0.001; total time=   0.7s[CV] END estimator__learning_rate=0.01, estimator__max_depth=10, estimator__num_leaves=4, estimator__subsample=0.001; total time=   4.7s
[CV] END estimator__learning_rate=0.01, estimator__max_depth=10, estimator__num_leaves=10, estimator__subsample=0.2; total time=   0.8s
[CV] END estimator__learning_rate=0.01, estimator__max_depth=11, estimator__num_leaves=2, estimator__subsample=0.1; total time=   0.1s
[CV] END estimator__learning_rate=0.01, estimator__max_depth=11, estimator__num_leaves=4, estimator__subsample=0.001; total time=   0.2s
[CV] END estimator__learning_rate=0.01, estimator__max_depth=11, estimator__num_leaves=4, estimator__subsample=0.2; total time=   0.3s
[CV] END estimator__learning_rate=0.01, estimator__max_depth=11, estimator__num_leaves=6, estimator__subsample=0.2; total time=   0.4s
[CV] END estimator__learning_rate=0.01, estimator__max_depth=11, estimator__num_leaves=10, estimator__subsample=0.001; total time=   0.7s
[CV] END estimator__learning_rate=0.01, estimator__max_depth=11, estimator__num_leaves=31, estimator__subsample=0.2; total time=   1.7s
[CV] END estimator__learning_rate=0.01, estimator__max_depth=12, estimator__num_leaves=10, estimator__subsample=0.1; total time=   0.7s
[CV] END estimator__learning_rate=0.01, estimator__max_depth=13, estimator__num_leaves=2, estimator__subsample=0.001; total time=   0.1s
[CV] END estimator__learning_rate=0.01, estimator__max_depth=13, estimator__num_leaves=2, estimator__subsample=0.01; total time=   0.1s
[CV] END estimator__learning_rate=0.01, estimator__max_depth=13, estimator__num_leaves=2, estimator__subsample=0.2; total time=   0.1s
[CV] END estimator__learning_rate=0.01, estimator__max_depth=13, estimator__num_leaves=4, estimator__subsample=0.1; total time=   0.2s
[CV] END estimator__learning_rate=0.01, estimator__max_depth=13, estimator__num_leaves=6, estimator__subsample=0.001; total time=   0.4s
[CV] END estimator__learning_rate=0.01, estimator__max_depth=13, estimator__num_leaves=8, estimator__subsample=0.01; total time=   0.8s
[CV] END estimator__learning_rate=0.01, estimator__max_depth=13, estimator__num_leaves=31, estimator__subsample=0.01; total time=   1.5s
[CV] END estimator__learning_rate=0.01, estimator__max_depth=14, estimator__num_leaves=8, estimator__subsample=0.001; total time=   0.6s
[CV] END estimator__learning_rate=0.01, estimator__max_depth=14, estimator__num_leaves=10, estimator__subsample=0.2; total time=   0.7s
[CV] END estimator__learning_rate=0.2, estimator__max_depth=10, estimator__num_leaves=2, estimator__subsample=0.1; total time=   0.1s
[CV] END estimator__learning_rate=0.2, estimator__max_depth=10, estimator__num_leaves=4, estimator__subsample=0.001; total time=   0.2s
[CV] END estimator__learning_rate=0.2, estimator__max_depth=10, estimator__num_leaves=4, estimator__subsample=0.1; total time=   0.2s
[CV] END estimator__learning_rate=0.2, estimator__max_depth=10, estimator__num_leaves=6, estimator__subsample=0.01; total time=   0.4s
[CV] END estimator__learning_rate=0.2, estimator__max_depth=10, estimator__num_leaves=10, estimator__subsample=0.001; total time=   1.0s
[CV] END estimator__learning_rate=0.2, estimator__max_depth=11, estimator__num_leaves=2, estimator__subsample=0.001; total time=   0.1s
[CV] END estimator__learning_rate=0.2, estimator__max_depth=11, estimator__num_leaves=2, estimator__subsample=0.01; total time=   0.1s
[CV] END estimator__learning_rate=0.2, estimator__max_depth=11, estimator__num_leaves=2, estimator__subsample=0.2; total time=   0.1s
[CV] END estimator__learning_rate=0.2, estimator__max_depth=11, estimator__num_leaves=4, estimator__subsample=0.1; total time=   0.2s
[CV] END estimator__learning_rate=0.2, estimator__max_depth=11, estimator__num_leaves=6, estimator__subsample=0.001; total time=   0.4s
[CV] END estimator__learning_rate=0.2, estimator__max_depth=11, estimator__num_leaves=8, estimator__subsample=0.01; total time=   0.6s
[CV] END estimator__learning_rate=0.2, estimator__max_depth=11, estimator__num_leaves=31, estimator__subsample=0.001; total time=   1.5s
[CV] END estimator__learning_rate=0.2, estimator__max_depth=12, estimator__num_leaves=6, estimator__subsample=0.01; total time=   0.4s
[CV] END estimator__learning_rate=0.2, estimator__max_depth=12, estimator__num_leaves=10, estimator__subsample=0.001; total time=   0.7s
[CV] END estimator__learning_rate=0.2, estimator__max_depth=12, estimator__num_leaves=31, estimator__subsample=0.1; total time=   1.5s
[CV] END estimator__learning_rate=0.2, estimator__max_depth=13, estimator__num_leaves=8, estimator__subsample=0.01; total time=   0.6s
[CV] END estimator__learning_rate=0.2, estimator__max_depth=13, estimator__num_leaves=31, estimator__subsample=0.001; total time=   1.5s
[CV] END estimator__learning_rate=0.2, estimator__max_depth=14, estimator__num_leaves=6, estimator__subsample=0.1; total time=   0.4s
[CV] END estimator__learning_rate=0.2, estimator__max_depth=14, estimator__num_leaves=10, estimator__subsample=0.001; total time=   0.7s
[CV] END estimator__learning_rate=0.2, estimator__max_depth=14, estimator__num_leaves=31, estimator__subsample=0.1; total time=   1.5s
[CV] END estimator__learning_rate=0.39, estimator__max_depth=10, estimator__num_leaves=8, estimator__subsample=0.1; total time=   0.6s
[CV] END estimator__learning_rate=0.39, estimator__max_depth=10, estimator__num_leaves=31, estimator__subsample=0.001; total time=   1.3s
[CV] END estimator__learning_rate=0.39, estimator__max_depth=11, estimator__num_leaves=6, estimator__subsample=0.01; total time=   0.4s
[CV] END estimator__learning_rate=0.39, estimator__max_depth=11, estimator__num_leaves=10, estimator__subsample=0.001; total time=   0.8s
[CV] END estimator__learning_rate=0.39, estimator__max_depth=11, estimator__num_leaves=31, estimator__subsample=0.2; total time=   1.4s
[CV] END estimator__learning_rate=0.39, estimator__max_depth=12, estimator__num_leaves=8, estimator__subsample=0.1; total time=   0.5s
[CV] END estimator__learning_rate=0.39, estimator__max_depth=12, estimator__num_leaves=31, estimator__subsample=0.001; total time=   1.5s
[CV] END estimator__learning_rate=0.39, estimator__max_depth=13, estimator__num_leaves=6, estimator__subsample=0.01; total time=   0.4s
[CV] END estimator__learning_rate=0.39, estimator__max_depth=13, estimator__num_leaves=10, estimator__subsample=0.001; total time=   0.7s
[CV] END estimator__learning_rate=0.39, estimator__max_depth=13, estimator__num_leaves=31, estimator__subsample=0.2; total time=   1.5s
[CV] END estimator__learning_rate=0.39, estimator__max_depth=14, estimator__num_leaves=8, estimator__subsample=0.1; total time=   0.6s
[CV] END estimator__learning_rate=0.39, estimator__max_depth=14, estimator__num_leaves=31, estimator__subsample=0.01; total time=   1.5s
[CV] END estimator__learning_rate=0.58, estimator__max_depth=10, estimator__num_leaves=6, estimator__subsample=0.2; total time=   0.4s
[CV] END estimator__learning_rate=0.58, estimator__max_depth=10, estimator__num_leaves=10, estimator__subsample=0.01; total time=   0.7s
[CV] END estimator__learning_rate=0.58, estimator__max_depth=11, estimator__num_leaves=2, estimator__subsample=0.001; total time=   0.1s
[CV] END estimator__learning_rate=0.58, estimator__max_depth=11, estimator__num_leaves=2, estimator__subsample=0.001; total time=   0.1s
[CV] END estimator__learning_rate=0.58, estimator__max_depth=11, estimator__num_leaves=2, estimator__subsample=0.1; total time=   0.1s
[CV] END estimator__learning_rate=0.58, estimator__max_depth=11, estimator__num_leaves=4, estimator__subsample=0.01; total time=   0.2s
[CV] END estimator__learning_rate=0.58, estimator__max_depth=11, estimator__num_leaves=4, estimator__subsample=0.2; total time=   0.2s
[CV] END estimator__learning_rate=0.58, estimator__max_depth=11, estimator__num_leaves=6, estimator__subsample=0.2; total time=   0.4s
[CV] END estimator__learning_rate=0.58, estimator__max_depth=11, estimator__num_leaves=10, estimator__subsample=0.01; total time=   0.8s
[CV] END estimator__learning_rate=0.58, estimator__max_depth=12, estimator__num_leaves=2, estimator__subsample=0.001; total time=   0.1s[CV] END estimator__learning_rate=0.01, estimator__max_depth=10, estimator__num_leaves=2, estimator__subsample=0.01; total time=   4.3s
[CV] END estimator__learning_rate=0.01, estimator__max_depth=10, estimator__num_leaves=6, estimator__subsample=0.001; total time=   0.2s
[CV] END estimator__learning_rate=0.01, estimator__max_depth=10, estimator__num_leaves=6, estimator__subsample=0.1; total time=   0.2s
[CV] END estimator__learning_rate=0.01, estimator__max_depth=10, estimator__num_leaves=8, estimator__subsample=0.1; total time=   0.6s
[CV] END estimator__learning_rate=0.01, estimator__max_depth=10, estimator__num_leaves=10, estimator__subsample=0.2; total time=   0.8s
[CV] END estimator__learning_rate=0.01, estimator__max_depth=11, estimator__num_leaves=2, estimator__subsample=0.01; total time=   0.1s
[CV] END estimator__learning_rate=0.01, estimator__max_depth=11, estimator__num_leaves=4, estimator__subsample=0.001; total time=   0.2s
[CV] END estimator__learning_rate=0.01, estimator__max_depth=11, estimator__num_leaves=4, estimator__subsample=0.1; total time=   0.3s
[CV] END estimator__learning_rate=0.01, estimator__max_depth=11, estimator__num_leaves=6, estimator__subsample=0.1; total time=   0.5s
[CV] END estimator__learning_rate=0.01, estimator__max_depth=11, estimator__num_leaves=10, estimator__subsample=0.001; total time=   0.7s
[CV] END estimator__learning_rate=0.01, estimator__max_depth=11, estimator__num_leaves=31, estimator__subsample=0.2; total time=   1.4s
[CV] END estimator__learning_rate=0.01, estimator__max_depth=12, estimator__num_leaves=8, estimator__subsample=0.01; total time=   0.6s
[CV] END estimator__learning_rate=0.01, estimator__max_depth=12, estimator__num_leaves=31, estimator__subsample=0.001; total time=   1.5s
[CV] END estimator__learning_rate=0.01, estimator__max_depth=13, estimator__num_leaves=6, estimator__subsample=0.1; total time=   0.4s
[CV] END estimator__learning_rate=0.01, estimator__max_depth=13, estimator__num_leaves=10, estimator__subsample=0.001; total time=   0.7s
[CV] END estimator__learning_rate=0.01, estimator__max_depth=13, estimator__num_leaves=31, estimator__subsample=0.2; total time=   1.5s
[CV] END estimator__learning_rate=0.01, estimator__max_depth=14, estimator__num_leaves=8, estimator__subsample=0.2; total time=   0.6s
[CV] END estimator__learning_rate=0.01, estimator__max_depth=14, estimator__num_leaves=31, estimator__subsample=0.01; total time=   1.5s
[CV] END estimator__learning_rate=0.2, estimator__max_depth=10, estimator__num_leaves=8, estimator__subsample=0.001; total time=   0.6s
[CV] END estimator__learning_rate=0.2, estimator__max_depth=10, estimator__num_leaves=10, estimator__subsample=0.1; total time=   0.8s
[CV] END estimator__learning_rate=0.2, estimator__max_depth=11, estimator__num_leaves=2, estimator__subsample=0.01; total time=   0.1s
[CV] END estimator__learning_rate=0.2, estimator__max_depth=11, estimator__num_leaves=4, estimator__subsample=0.001; total time=   0.2s
[CV] END estimator__learning_rate=0.2, estimator__max_depth=11, estimator__num_leaves=4, estimator__subsample=0.1; total time=   0.2s
[CV] END estimator__learning_rate=0.2, estimator__max_depth=11, estimator__num_leaves=6, estimator__subsample=0.01; total time=   0.4s
[CV] END estimator__learning_rate=0.2, estimator__max_depth=11, estimator__num_leaves=10, estimator__subsample=0.001; total time=   0.7s
[CV] END estimator__learning_rate=0.2, estimator__max_depth=11, estimator__num_leaves=31, estimator__subsample=0.1; total time=   1.5s
[CV] END estimator__learning_rate=0.2, estimator__max_depth=12, estimator__num_leaves=8, estimator__subsample=0.01; total time=   0.6s
[CV] END estimator__learning_rate=0.2, estimator__max_depth=12, estimator__num_leaves=31, estimator__subsample=0.001; total time=   1.5s
[CV] END estimator__learning_rate=0.2, estimator__max_depth=13, estimator__num_leaves=6, estimator__subsample=0.1; total time=   0.4s
[CV] END estimator__learning_rate=0.2, estimator__max_depth=13, estimator__num_leaves=10, estimator__subsample=0.001; total time=   0.7s
[CV] END estimator__learning_rate=0.2, estimator__max_depth=13, estimator__num_leaves=31, estimator__subsample=0.1; total time=   1.5s
[CV] END estimator__learning_rate=0.2, estimator__max_depth=14, estimator__num_leaves=8, estimator__subsample=0.01; total time=   0.6s
[CV] END estimator__learning_rate=0.2, estimator__max_depth=14, estimator__num_leaves=31, estimator__subsample=0.001; total time=   1.5s
[CV] END estimator__learning_rate=0.39, estimator__max_depth=10, estimator__num_leaves=6, estimator__subsample=0.1; total time=   0.4s
[CV] END estimator__learning_rate=0.39, estimator__max_depth=10, estimator__num_leaves=10, estimator__subsample=0.001; total time=   0.7s
[CV] END estimator__learning_rate=0.39, estimator__max_depth=10, estimator__num_leaves=31, estimator__subsample=0.2; total time=   1.4s
[CV] END estimator__learning_rate=0.39, estimator__max_depth=11, estimator__num_leaves=8, estimator__subsample=0.1; total time=   0.6s
[CV] END estimator__learning_rate=0.39, estimator__max_depth=11, estimator__num_leaves=10, estimator__subsample=0.2; total time=   0.8s
[CV] END estimator__learning_rate=0.39, estimator__max_depth=12, estimator__num_leaves=4, estimator__subsample=0.001; total time=   0.2s
[CV] END estimator__learning_rate=0.39, estimator__max_depth=12, estimator__num_leaves=4, estimator__subsample=0.1; total time=   0.2s
[CV] END estimator__learning_rate=0.39, estimator__max_depth=12, estimator__num_leaves=6, estimator__subsample=0.01; total time=   0.4s
[CV] END estimator__learning_rate=0.39, estimator__max_depth=12, estimator__num_leaves=8, estimator__subsample=0.2; total time=   0.6s
[CV] END estimator__learning_rate=0.39, estimator__max_depth=12, estimator__num_leaves=31, estimator__subsample=0.1; total time=   1.4s
[CV] END estimator__learning_rate=0.39, estimator__max_depth=13, estimator__num_leaves=6, estimator__subsample=0.2; total time=   0.4s
[CV] END estimator__learning_rate=0.39, estimator__max_depth=13, estimator__num_leaves=10, estimator__subsample=0.1; total time=   0.7s
[CV] END estimator__learning_rate=0.39, estimator__max_depth=14, estimator__num_leaves=2, estimator__subsample=0.001; total time=   0.1s
[CV] END estimator__learning_rate=0.39, estimator__max_depth=14, estimator__num_leaves=2, estimator__subsample=0.01; total time=   0.1s
[CV] END estimator__learning_rate=0.39, estimator__max_depth=14, estimator__num_leaves=2, estimator__subsample=0.2; total time=   0.1s
[CV] END estimator__learning_rate=0.39, estimator__max_depth=14, estimator__num_leaves=4, estimator__subsample=0.01; total time=   0.2s
[CV] END estimator__learning_rate=0.39, estimator__max_depth=14, estimator__num_leaves=6, estimator__subsample=0.001; total time=   0.4s
[CV] END estimator__learning_rate=0.39, estimator__max_depth=14, estimator__num_leaves=8, estimator__subsample=0.01; total time=   0.6s
[CV] END estimator__learning_rate=0.39, estimator__max_depth=14, estimator__num_leaves=10, estimator__subsample=0.2; total time=   0.8s
[CV] END estimator__learning_rate=0.58, estimator__max_depth=10, estimator__num_leaves=2, estimator__subsample=0.1; total time=   0.1s
[CV] END estimator__learning_rate=0.58, estimator__max_depth=10, estimator__num_leaves=4, estimator__subsample=0.01; total time=   0.2s
[CV] END estimator__learning_rate=0.58, estimator__max_depth=10, estimator__num_leaves=4, estimator__subsample=0.2; total time=   0.2s
[CV] END estimator__learning_rate=0.58, estimator__max_depth=10, estimator__num_leaves=6, estimator__subsample=0.1; total time=   0.4s
[CV] END estimator__learning_rate=0.58, estimator__max_depth=10, estimator__num_leaves=10, estimator__subsample=0.001; total time=   0.7s
[CV] END estimator__learning_rate=0.58, estimator__max_depth=10, estimator__num_leaves=31, estimator__subsample=0.1; total time=   1.4s
[CV] END estimator__learning_rate=0.58, estimator__max_depth=11, estimator__num_leaves=8, estimator__subsample=0.1; total time=   0.6s
[CV] END estimator__learning_rate=0.58, estimator__max_depth=11, estimator__num_leaves=10, estimator__subsample=0.2; total time=   0.8s[CV] END estimator__learning_rate=0.01, estimator__max_depth=10, estimator__num_leaves=4, estimator__subsample=0.1; total time=   4.7s
[CV] END estimator__learning_rate=0.01, estimator__max_depth=10, estimator__num_leaves=31, estimator__subsample=0.001; total time=   1.4s
[CV] END estimator__learning_rate=0.01, estimator__max_depth=11, estimator__num_leaves=6, estimator__subsample=0.01; total time=   0.4s
[CV] END estimator__learning_rate=0.01, estimator__max_depth=11, estimator__num_leaves=8, estimator__subsample=0.01; total time=   0.6s
[CV] END estimator__learning_rate=0.01, estimator__max_depth=11, estimator__num_leaves=31, estimator__subsample=0.001; total time=   1.4s
[CV] END estimator__learning_rate=0.01, estimator__max_depth=12, estimator__num_leaves=6, estimator__subsample=0.001; total time=   0.4s
[CV] END estimator__learning_rate=0.01, estimator__max_depth=12, estimator__num_leaves=8, estimator__subsample=0.1; total time=   0.6s
[CV] END estimator__learning_rate=0.01, estimator__max_depth=12, estimator__num_leaves=31, estimator__subsample=0.01; total time=   1.4s
[CV] END estimator__learning_rate=0.01, estimator__max_depth=13, estimator__num_leaves=6, estimator__subsample=0.1; total time=   0.5s
[CV] END estimator__learning_rate=0.01, estimator__max_depth=13, estimator__num_leaves=10, estimator__subsample=0.01; total time=   0.7s
[CV] END estimator__learning_rate=0.01, estimator__max_depth=13, estimator__num_leaves=31, estimator__subsample=0.2; total time=   1.5s
[CV] END estimator__learning_rate=0.01, estimator__max_depth=14, estimator__num_leaves=8, estimator__subsample=0.2; total time=   0.6s
[CV] END estimator__learning_rate=0.01, estimator__max_depth=14, estimator__num_leaves=31, estimator__subsample=0.01; total time=   1.5s
[CV] END estimator__learning_rate=0.2, estimator__max_depth=10, estimator__num_leaves=8, estimator__subsample=0.001; total time=   0.6s
[CV] END estimator__learning_rate=0.2, estimator__max_depth=10, estimator__num_leaves=10, estimator__subsample=0.2; total time=   0.8s
[CV] END estimator__learning_rate=0.2, estimator__max_depth=11, estimator__num_leaves=2, estimator__subsample=0.1; total time=   0.1s
[CV] END estimator__learning_rate=0.2, estimator__max_depth=11, estimator__num_leaves=4, estimator__subsample=0.001; total time=   0.2s
[CV] END estimator__learning_rate=0.2, estimator__max_depth=11, estimator__num_leaves=4, estimator__subsample=0.1; total time=   0.2s
[CV] END estimator__learning_rate=0.2, estimator__max_depth=11, estimator__num_leaves=6, estimator__subsample=0.01; total time=   0.4s
[CV] END estimator__learning_rate=0.2, estimator__max_depth=11, estimator__num_leaves=8, estimator__subsample=0.2; total time=   0.6s
[CV] END estimator__learning_rate=0.2, estimator__max_depth=11, estimator__num_leaves=31, estimator__subsample=0.01; total time=   1.5s
[CV] END estimator__learning_rate=0.2, estimator__max_depth=12, estimator__num_leaves=8, estimator__subsample=0.001; total time=   0.6s
[CV] END estimator__learning_rate=0.2, estimator__max_depth=12, estimator__num_leaves=10, estimator__subsample=0.1; total time=   0.7s
[CV] END estimator__learning_rate=0.2, estimator__max_depth=13, estimator__num_leaves=2, estimator__subsample=0.01; total time=   0.1s
[CV] END estimator__learning_rate=0.2, estimator__max_depth=13, estimator__num_leaves=4, estimator__subsample=0.001; total time=   0.2s
[CV] END estimator__learning_rate=0.2, estimator__max_depth=13, estimator__num_leaves=4, estimator__subsample=0.1; total time=   0.2s
[CV] END estimator__learning_rate=0.2, estimator__max_depth=13, estimator__num_leaves=6, estimator__subsample=0.01; total time=   0.4s
[CV] END estimator__learning_rate=0.2, estimator__max_depth=13, estimator__num_leaves=8, estimator__subsample=0.2; total time=   0.6s
[CV] END estimator__learning_rate=0.2, estimator__max_depth=13, estimator__num_leaves=31, estimator__subsample=0.1; total time=   1.5s
[CV] END estimator__learning_rate=0.2, estimator__max_depth=14, estimator__num_leaves=8, estimator__subsample=0.001; total time=   0.6s
[CV] END estimator__learning_rate=0.2, estimator__max_depth=14, estimator__num_leaves=10, estimator__subsample=0.2; total time=   0.7s
[CV] END estimator__learning_rate=0.39, estimator__max_depth=10, estimator__num_leaves=2, estimator__subsample=0.1; total time=   0.1s
[CV] END estimator__learning_rate=0.39, estimator__max_depth=10, estimator__num_leaves=4, estimator__subsample=0.001; total time=   0.2s
[CV] END estimator__learning_rate=0.39, estimator__max_depth=10, estimator__num_leaves=4, estimator__subsample=0.1; total time=   0.2s
[CV] END estimator__learning_rate=0.39, estimator__max_depth=10, estimator__num_leaves=6, estimator__subsample=0.01; total time=   0.4s
[CV] END estimator__learning_rate=0.39, estimator__max_depth=10, estimator__num_leaves=8, estimator__subsample=0.2; total time=   0.6s
[CV] END estimator__learning_rate=0.39, estimator__max_depth=10, estimator__num_leaves=31, estimator__subsample=0.1; total time=   1.4s
[CV] END estimator__learning_rate=0.39, estimator__max_depth=11, estimator__num_leaves=8, estimator__subsample=0.001; total time=   0.6s
[CV] END estimator__learning_rate=0.39, estimator__max_depth=11, estimator__num_leaves=10, estimator__subsample=0.1; total time=   0.8s
[CV] END estimator__learning_rate=0.39, estimator__max_depth=12, estimator__num_leaves=2, estimator__subsample=0.01; total time=   0.1s
[CV] END estimator__learning_rate=0.39, estimator__max_depth=12, estimator__num_leaves=2, estimator__subsample=0.2; total time=   0.1s
[CV] END estimator__learning_rate=0.39, estimator__max_depth=12, estimator__num_leaves=4, estimator__subsample=0.01; total time=   0.2s
[CV] END estimator__learning_rate=0.39, estimator__max_depth=12, estimator__num_leaves=4, estimator__subsample=0.2; total time=   0.2s
[CV] END estimator__learning_rate=0.39, estimator__max_depth=12, estimator__num_leaves=6, estimator__subsample=0.2; total time=   0.4s
[CV] END estimator__learning_rate=0.39, estimator__max_depth=12, estimator__num_leaves=10, estimator__subsample=0.01; total time=   0.7s
[CV] END estimator__learning_rate=0.39, estimator__max_depth=13, estimator__num_leaves=2, estimator__subsample=0.001; total time=   0.1s
[CV] END estimator__learning_rate=0.39, estimator__max_depth=13, estimator__num_leaves=2, estimator__subsample=0.001; total time=   0.1s
[CV] END estimator__learning_rate=0.39, estimator__max_depth=13, estimator__num_leaves=2, estimator__subsample=0.1; total time=   0.1s
[CV] END estimator__learning_rate=0.39, estimator__max_depth=13, estimator__num_leaves=4, estimator__subsample=0.001; total time=   0.2s
[CV] END estimator__learning_rate=0.39, estimator__max_depth=13, estimator__num_leaves=4, estimator__subsample=0.2; total time=   0.2s
[CV] END estimator__learning_rate=0.39, estimator__max_depth=13, estimator__num_leaves=6, estimator__subsample=0.01; total time=   0.4s
[CV] END estimator__learning_rate=0.39, estimator__max_depth=13, estimator__num_leaves=10, estimator__subsample=0.001; total time=   0.7s
[CV] END estimator__learning_rate=0.39, estimator__max_depth=13, estimator__num_leaves=31, estimator__subsample=0.1; total time=   1.5s
[CV] END estimator__learning_rate=0.39, estimator__max_depth=14, estimator__num_leaves=8, estimator__subsample=0.1; total time=   0.5s
[CV] END estimator__learning_rate=0.39, estimator__max_depth=14, estimator__num_leaves=31, estimator__subsample=0.001; total time=   1.5s
[CV] END estimator__learning_rate=0.58, estimator__max_depth=10, estimator__num_leaves=6, estimator__subsample=0.1; total time=   0.4s
[CV] END estimator__learning_rate=0.58, estimator__max_depth=10, estimator__num_leaves=10, estimator__subsample=0.001; total time=   0.7s
[CV] END estimator__learning_rate=0.58, estimator__max_depth=10, estimator__num_leaves=31, estimator__subsample=0.2; total time=   1.4s
[CV] END estimator__learning_rate=0.58, estimator__max_depth=11, estimator__num_leaves=8, estimator__subsample=0.01; total time=   0.6s
[CV] END estimator__learning_rate=0.58, estimator__max_depth=11, estimator__num_leaves=31, estimator__subsample=0.001; total time=   1.5s[CV] END estimator__learning_rate=0.01, estimator__max_depth=10, estimator__num_leaves=4, estimator__subsample=0.001; total time=   4.3s
[CV] END estimator__learning_rate=0.01, estimator__max_depth=10, estimator__num_leaves=8, estimator__subsample=0.1; total time=   0.7s
[CV] END estimator__learning_rate=0.01, estimator__max_depth=10, estimator__num_leaves=31, estimator__subsample=0.001; total time=   1.5s
[CV] END estimator__learning_rate=0.01, estimator__max_depth=11, estimator__num_leaves=6, estimator__subsample=0.01; total time=   0.4s
[CV] END estimator__learning_rate=0.01, estimator__max_depth=11, estimator__num_leaves=8, estimator__subsample=0.2; total time=   0.6s
[CV] END estimator__learning_rate=0.01, estimator__max_depth=11, estimator__num_leaves=31, estimator__subsample=0.01; total time=   1.5s
[CV] END estimator__learning_rate=0.01, estimator__max_depth=12, estimator__num_leaves=8, estimator__subsample=0.001; total time=   0.6s
[CV] END estimator__learning_rate=0.01, estimator__max_depth=12, estimator__num_leaves=10, estimator__subsample=0.2; total time=   0.7s
[CV] END estimator__learning_rate=0.01, estimator__max_depth=13, estimator__num_leaves=2, estimator__subsample=0.1; total time=   0.1s
[CV] END estimator__learning_rate=0.01, estimator__max_depth=13, estimator__num_leaves=4, estimator__subsample=0.001; total time=   0.2s
[CV] END estimator__learning_rate=0.01, estimator__max_depth=13, estimator__num_leaves=4, estimator__subsample=0.1; total time=   0.2s
[CV] END estimator__learning_rate=0.01, estimator__max_depth=13, estimator__num_leaves=6, estimator__subsample=0.01; total time=   0.4s
[CV] END estimator__learning_rate=0.01, estimator__max_depth=13, estimator__num_leaves=10, estimator__subsample=0.001; total time=   0.7s
[CV] END estimator__learning_rate=0.01, estimator__max_depth=13, estimator__num_leaves=31, estimator__subsample=0.2; total time=   1.4s
[CV] END estimator__learning_rate=0.01, estimator__max_depth=14, estimator__num_leaves=8, estimator__subsample=0.1; total time=   0.6s
[CV] END estimator__learning_rate=0.01, estimator__max_depth=14, estimator__num_leaves=31, estimator__subsample=0.001; total time=   1.5s
[CV] END estimator__learning_rate=0.2, estimator__max_depth=10, estimator__num_leaves=6, estimator__subsample=0.2; total time=   0.4s
[CV] END estimator__learning_rate=0.2, estimator__max_depth=10, estimator__num_leaves=10, estimator__subsample=0.01; total time=   0.8s
[CV] END estimator__learning_rate=0.2, estimator__max_depth=10, estimator__num_leaves=31, estimator__subsample=0.2; total time=   1.4s
[CV] END estimator__learning_rate=0.2, estimator__max_depth=11, estimator__num_leaves=8, estimator__subsample=0.1; total time=   0.7s
[CV] END estimator__learning_rate=0.2, estimator__max_depth=11, estimator__num_leaves=31, estimator__subsample=0.1; total time=   1.4s
[CV] END estimator__learning_rate=0.2, estimator__max_depth=12, estimator__num_leaves=8, estimator__subsample=0.001; total time=   0.6s
[CV] END estimator__learning_rate=0.2, estimator__max_depth=12, estimator__num_leaves=10, estimator__subsample=0.2; total time=   0.7s
[CV] END estimator__learning_rate=0.2, estimator__max_depth=13, estimator__num_leaves=2, estimator__subsample=0.1; total time=   0.1s
[CV] END estimator__learning_rate=0.2, estimator__max_depth=13, estimator__num_leaves=4, estimator__subsample=0.001; total time=   0.2s
[CV] END estimator__learning_rate=0.2, estimator__max_depth=13, estimator__num_leaves=4, estimator__subsample=0.1; total time=   0.2s
[CV] END estimator__learning_rate=0.2, estimator__max_depth=13, estimator__num_leaves=6, estimator__subsample=0.01; total time=   0.4s
[CV] END estimator__learning_rate=0.2, estimator__max_depth=13, estimator__num_leaves=8, estimator__subsample=0.2; total time=   0.6s
[CV] END estimator__learning_rate=0.2, estimator__max_depth=13, estimator__num_leaves=31, estimator__subsample=0.01; total time=   1.5s
[CV] END estimator__learning_rate=0.2, estimator__max_depth=14, estimator__num_leaves=8, estimator__subsample=0.001; total time=   0.6s
[CV] END estimator__learning_rate=0.2, estimator__max_depth=14, estimator__num_leaves=10, estimator__subsample=0.1; total time=   0.7s
[CV] END estimator__learning_rate=0.39, estimator__max_depth=10, estimator__num_leaves=2, estimator__subsample=0.1; total time=   0.1s
[CV] END estimator__learning_rate=0.39, estimator__max_depth=10, estimator__num_leaves=4, estimator__subsample=0.001; total time=   0.2s
[CV] END estimator__learning_rate=0.39, estimator__max_depth=10, estimator__num_leaves=4, estimator__subsample=0.1; total time=   0.2s
[CV] END estimator__learning_rate=0.39, estimator__max_depth=10, estimator__num_leaves=6, estimator__subsample=0.01; total time=   0.4s
[CV] END estimator__learning_rate=0.39, estimator__max_depth=10, estimator__num_leaves=8, estimator__subsample=0.2; total time=   0.6s
[CV] END estimator__learning_rate=0.39, estimator__max_depth=10, estimator__num_leaves=31, estimator__subsample=0.01; total time=   1.4s
[CV] END estimator__learning_rate=0.39, estimator__max_depth=11, estimator__num_leaves=6, estimator__subsample=0.2; total time=   0.4s
[CV] END estimator__learning_rate=0.39, estimator__max_depth=11, estimator__num_leaves=10, estimator__subsample=0.01; total time=   0.7s
[CV] END estimator__learning_rate=0.39, estimator__max_depth=12, estimator__num_leaves=2, estimator__subsample=0.001; total time=   0.0s
[CV] END estimator__learning_rate=0.39, estimator__max_depth=12, estimator__num_leaves=2, estimator__subsample=0.01; total time=   0.1s
[CV] END estimator__learning_rate=0.39, estimator__max_depth=12, estimator__num_leaves=2, estimator__subsample=0.1; total time=   0.1s
[CV] END estimator__learning_rate=0.39, estimator__max_depth=12, estimator__num_leaves=4, estimator__subsample=0.01; total time=   0.2s
[CV] END estimator__learning_rate=0.39, estimator__max_depth=12, estimator__num_leaves=4, estimator__subsample=0.2; total time=   0.2s
[CV] END estimator__learning_rate=0.39, estimator__max_depth=12, estimator__num_leaves=6, estimator__subsample=0.1; total time=   0.4s
[CV] END estimator__learning_rate=0.39, estimator__max_depth=12, estimator__num_leaves=10, estimator__subsample=0.001; total time=   0.7s
[CV] END estimator__learning_rate=0.39, estimator__max_depth=12, estimator__num_leaves=31, estimator__subsample=0.2; total time=   1.4s
[CV] END estimator__learning_rate=0.39, estimator__max_depth=13, estimator__num_leaves=8, estimator__subsample=0.01; total time=   0.6s
[CV] END estimator__learning_rate=0.39, estimator__max_depth=13, estimator__num_leaves=31, estimator__subsample=0.001; total time=   1.5s
[CV] END estimator__learning_rate=0.39, estimator__max_depth=14, estimator__num_leaves=6, estimator__subsample=0.1; total time=   0.4s
[CV] END estimator__learning_rate=0.39, estimator__max_depth=14, estimator__num_leaves=10, estimator__subsample=0.01; total time=   0.7s
[CV] END estimator__learning_rate=0.39, estimator__max_depth=14, estimator__num_leaves=31, estimator__subsample=0.2; total time=   1.5s
[CV] END estimator__learning_rate=0.58, estimator__max_depth=10, estimator__num_leaves=8, estimator__subsample=0.1; total time=   0.6s
[CV] END estimator__learning_rate=0.58, estimator__max_depth=10, estimator__num_leaves=31, estimator__subsample=0.01; total time=   1.5s
[CV] END estimator__learning_rate=0.58, estimator__max_depth=11, estimator__num_leaves=8, estimator__subsample=0.001; total time=   0.6s
[CV] END estimator__learning_rate=0.58, estimator__max_depth=11, estimator__num_leaves=10, estimator__subsample=0.1; total time=   0.7s
[CV] END estimator__learning_rate=0.58, estimator__max_depth=12, estimator__num_leaves=2, estimator__subsample=0.01; total time=   0.1s
[CV] END estimator__learning_rate=0.58, estimator__max_depth=12, estimator__num_leaves=2, estimator__subsample=0.2; total time=   0.1s
[CV] END estimator__learning_rate=0.58, estimator__max_depth=12, estimator__num_leaves=4, estimator__subsample=0.01; total time=   0.3s
[CV] END estimator__learning_rate=0.58, estimator__max_depth=12, estimator__num_leaves=6, estimator__subsample=0.001; total time=   0.4s[CV] END estimator__learning_rate=0.01, estimator__max_depth=10, estimator__num_leaves=4, estimator__subsample=0.001; total time=   4.5s
[CV] END estimator__learning_rate=0.01, estimator__max_depth=10, estimator__num_leaves=10, estimator__subsample=0.01; total time=   0.8s
[CV] END estimator__learning_rate=0.01, estimator__max_depth=10, estimator__num_leaves=31, estimator__subsample=0.2; total time=   1.4s
[CV] END estimator__learning_rate=0.01, estimator__max_depth=11, estimator__num_leaves=8, estimator__subsample=0.2; total time=   0.6s
[CV] END estimator__learning_rate=0.01, estimator__max_depth=11, estimator__num_leaves=31, estimator__subsample=0.01; total time=   1.3s
[CV] END estimator__learning_rate=0.01, estimator__max_depth=12, estimator__num_leaves=6, estimator__subsample=0.1; total time=   0.5s
[CV] END estimator__learning_rate=0.01, estimator__max_depth=12, estimator__num_leaves=10, estimator__subsample=0.01; total time=   0.7s
[CV] END estimator__learning_rate=0.01, estimator__max_depth=12, estimator__num_leaves=31, estimator__subsample=0.2; total time=   1.5s
[CV] END estimator__learning_rate=0.01, estimator__max_depth=13, estimator__num_leaves=8, estimator__subsample=0.2; total time=   0.6s
[CV] END estimator__learning_rate=0.01, estimator__max_depth=13, estimator__num_leaves=31, estimator__subsample=0.01; total time=   1.4s
[CV] END estimator__learning_rate=0.01, estimator__max_depth=14, estimator__num_leaves=6, estimator__subsample=0.2; total time=   0.4s
[CV] END estimator__learning_rate=0.01, estimator__max_depth=14, estimator__num_leaves=10, estimator__subsample=0.01; total time=   0.7s
[CV] END estimator__learning_rate=0.01, estimator__max_depth=14, estimator__num_leaves=31, estimator__subsample=0.1; total time=   1.4s
[CV] END estimator__learning_rate=0.2, estimator__max_depth=10, estimator__num_leaves=8, estimator__subsample=0.01; total time=   0.7s
[CV] END estimator__learning_rate=0.2, estimator__max_depth=10, estimator__num_leaves=31, estimator__subsample=0.001; total time=   1.4s
[CV] END estimator__learning_rate=0.2, estimator__max_depth=11, estimator__num_leaves=6, estimator__subsample=0.001; total time=   0.4s
[CV] END estimator__learning_rate=0.2, estimator__max_depth=11, estimator__num_leaves=8, estimator__subsample=0.1; total time=   0.6s
[CV] END estimator__learning_rate=0.2, estimator__max_depth=11, estimator__num_leaves=31, estimator__subsample=0.001; total time=   1.5s
[CV] END estimator__learning_rate=0.2, estimator__max_depth=12, estimator__num_leaves=6, estimator__subsample=0.2; total time=   0.4s
[CV] END estimator__learning_rate=0.2, estimator__max_depth=12, estimator__num_leaves=10, estimator__subsample=0.1; total time=   0.7s
[CV] END estimator__learning_rate=0.2, estimator__max_depth=13, estimator__num_leaves=2, estimator__subsample=0.001; total time=   0.0s
[CV] END estimator__learning_rate=0.2, estimator__max_depth=13, estimator__num_leaves=2, estimator__subsample=0.01; total time=   0.1s
[CV] END estimator__learning_rate=0.2, estimator__max_depth=13, estimator__num_leaves=2, estimator__subsample=0.1; total time=   0.1s
[CV] END estimator__learning_rate=0.2, estimator__max_depth=13, estimator__num_leaves=4, estimator__subsample=0.01; total time=   0.2s
[CV] END estimator__learning_rate=0.2, estimator__max_depth=13, estimator__num_leaves=4, estimator__subsample=0.2; total time=   0.2s
[CV] END estimator__learning_rate=0.2, estimator__max_depth=13, estimator__num_leaves=6, estimator__subsample=0.1; total time=   0.4s
[CV] END estimator__learning_rate=0.2, estimator__max_depth=13, estimator__num_leaves=10, estimator__subsample=0.01; total time=   0.7s
[CV] END estimator__learning_rate=0.2, estimator__max_depth=13, estimator__num_leaves=31, estimator__subsample=0.2; total time=   1.5s
[CV] END estimator__learning_rate=0.2, estimator__max_depth=14, estimator__num_leaves=8, estimator__subsample=0.1; total time=   0.6s
[CV] END estimator__learning_rate=0.2, estimator__max_depth=14, estimator__num_leaves=31, estimator__subsample=0.01; total time=   1.5s
[CV] END estimator__learning_rate=0.39, estimator__max_depth=10, estimator__num_leaves=6, estimator__subsample=0.2; total time=   0.4s
[CV] END estimator__learning_rate=0.39, estimator__max_depth=10, estimator__num_leaves=10, estimator__subsample=0.1; total time=   0.7s
[CV] END estimator__learning_rate=0.39, estimator__max_depth=11, estimator__num_leaves=2, estimator__subsample=0.001; total time=   0.0s
[CV] END estimator__learning_rate=0.39, estimator__max_depth=11, estimator__num_leaves=2, estimator__subsample=0.01; total time=   0.1s
[CV] END estimator__learning_rate=0.39, estimator__max_depth=11, estimator__num_leaves=2, estimator__subsample=0.2; total time=   0.1s
[CV] END estimator__learning_rate=0.39, estimator__max_depth=11, estimator__num_leaves=4, estimator__subsample=0.01; total time=   0.2s
[CV] END estimator__learning_rate=0.39, estimator__max_depth=11, estimator__num_leaves=6, estimator__subsample=0.001; total time=   0.4s
[CV] END estimator__learning_rate=0.39, estimator__max_depth=11, estimator__num_leaves=8, estimator__subsample=0.001; total time=   0.6s
[CV] END estimator__learning_rate=0.39, estimator__max_depth=11, estimator__num_leaves=10, estimator__subsample=0.2; total time=   0.8s
[CV] END estimator__learning_rate=0.39, estimator__max_depth=12, estimator__num_leaves=2, estimator__subsample=0.2; total time=   0.1s
[CV] END estimator__learning_rate=0.39, estimator__max_depth=12, estimator__num_leaves=4, estimator__subsample=0.1; total time=   0.2s
[CV] END estimator__learning_rate=0.39, estimator__max_depth=12, estimator__num_leaves=6, estimator__subsample=0.001; total time=   0.4s
[CV] END estimator__learning_rate=0.39, estimator__max_depth=12, estimator__num_leaves=8, estimator__subsample=0.01; total time=   0.6s
[CV] END estimator__learning_rate=0.39, estimator__max_depth=12, estimator__num_leaves=10, estimator__subsample=0.2; total time=   0.8s
[CV] END estimator__learning_rate=0.39, estimator__max_depth=13, estimator__num_leaves=2, estimator__subsample=0.2; total time=   0.1s
[CV] END estimator__learning_rate=0.39, estimator__max_depth=13, estimator__num_leaves=4, estimator__subsample=0.01; total time=   0.2s
[CV] END estimator__learning_rate=0.39, estimator__max_depth=13, estimator__num_leaves=6, estimator__subsample=0.001; total time=   0.4s
[CV] END estimator__learning_rate=0.39, estimator__max_depth=13, estimator__num_leaves=8, estimator__subsample=0.001; total time=   0.6s
[CV] END estimator__learning_rate=0.39, estimator__max_depth=13, estimator__num_leaves=10, estimator__subsample=0.2; total time=   0.8s
[CV] END estimator__learning_rate=0.39, estimator__max_depth=14, estimator__num_leaves=2, estimator__subsample=0.1; total time=   0.1s
[CV] END estimator__learning_rate=0.39, estimator__max_depth=14, estimator__num_leaves=4, estimator__subsample=0.001; total time=   0.2s
[CV] END estimator__learning_rate=0.39, estimator__max_depth=14, estimator__num_leaves=4, estimator__subsample=0.2; total time=   0.2s
[CV] END estimator__learning_rate=0.39, estimator__max_depth=14, estimator__num_leaves=6, estimator__subsample=0.01; total time=   0.4s
[CV] END estimator__learning_rate=0.39, estimator__max_depth=14, estimator__num_leaves=10, estimator__subsample=0.001; total time=   0.7s
[CV] END estimator__learning_rate=0.39, estimator__max_depth=14, estimator__num_leaves=31, estimator__subsample=0.1; total time=   1.5s
[CV] END estimator__learning_rate=0.58, estimator__max_depth=10, estimator__num_leaves=8, estimator__subsample=0.1; total time=   0.6s
[CV] END estimator__learning_rate=0.58, estimator__max_depth=10, estimator__num_leaves=31, estimator__subsample=0.001; total time=   1.4s
[CV] END estimator__learning_rate=0.58, estimator__max_depth=11, estimator__num_leaves=6, estimator__subsample=0.1; total time=   0.4s
[CV] END estimator__learning_rate=0.58, estimator__max_depth=11, estimator__num_leaves=10, estimator__subsample=0.001; total time=   0.8s
[CV] END estimator__learning_rate=0.58, estimator__max_depth=11, estimator__num_leaves=31, estimator__subsample=0.2; total time=   1.5s[CV] END estimator__learning_rate=0.01, estimator__max_depth=10, estimator__num_leaves=2, estimator__subsample=0.001; total time=   4.2s
[CV] END estimator__learning_rate=0.01, estimator__max_depth=10, estimator__num_leaves=6, estimator__subsample=0.01; total time=   0.1s
[CV] END estimator__learning_rate=0.01, estimator__max_depth=10, estimator__num_leaves=8, estimator__subsample=0.001; total time=   0.4s
[CV] END estimator__learning_rate=0.01, estimator__max_depth=10, estimator__num_leaves=10, estimator__subsample=0.001; total time=   0.9s
[CV] END estimator__learning_rate=0.01, estimator__max_depth=10, estimator__num_leaves=31, estimator__subsample=0.1; total time=   1.5s
[CV] END estimator__learning_rate=0.01, estimator__max_depth=11, estimator__num_leaves=8, estimator__subsample=0.1; total time=   0.6s
[CV] END estimator__learning_rate=0.01, estimator__max_depth=11, estimator__num_leaves=31, estimator__subsample=0.001; total time=   1.3s
[CV] END estimator__learning_rate=0.01, estimator__max_depth=12, estimator__num_leaves=6, estimator__subsample=0.01; total time=   0.5s
[CV] END estimator__learning_rate=0.01, estimator__max_depth=12, estimator__num_leaves=10, estimator__subsample=0.001; total time=   0.7s
[CV] END estimator__learning_rate=0.01, estimator__max_depth=12, estimator__num_leaves=31, estimator__subsample=0.1; total time=   1.5s
[CV] END estimator__learning_rate=0.01, estimator__max_depth=13, estimator__num_leaves=8, estimator__subsample=0.1; total time=   0.6s
[CV] END estimator__learning_rate=0.01, estimator__max_depth=13, estimator__num_leaves=31, estimator__subsample=0.001; total time=   1.5s
[CV] END estimator__learning_rate=0.01, estimator__max_depth=14, estimator__num_leaves=8, estimator__subsample=0.001; total time=   0.6s
[CV] END estimator__learning_rate=0.01, estimator__max_depth=14, estimator__num_leaves=10, estimator__subsample=0.1; total time=   0.8s
[CV] END estimator__learning_rate=0.2, estimator__max_depth=10, estimator__num_leaves=2, estimator__subsample=0.01; total time=   0.1s
[CV] END estimator__learning_rate=0.2, estimator__max_depth=10, estimator__num_leaves=2, estimator__subsample=0.2; total time=   0.1s
[CV] END estimator__learning_rate=0.2, estimator__max_depth=10, estimator__num_leaves=4, estimator__subsample=0.01; total time=   0.2s
[CV] END estimator__learning_rate=0.2, estimator__max_depth=10, estimator__num_leaves=6, estimator__subsample=0.001; total time=   0.4s
[CV] END estimator__learning_rate=0.2, estimator__max_depth=10, estimator__num_leaves=8, estimator__subsample=0.01; total time=   0.6s
[CV] END estimator__learning_rate=0.2, estimator__max_depth=10, estimator__num_leaves=10, estimator__subsample=0.2; total time=   0.8s
[CV] END estimator__learning_rate=0.2, estimator__max_depth=11, estimator__num_leaves=2, estimator__subsample=0.2; total time=   0.1s
[CV] END estimator__learning_rate=0.2, estimator__max_depth=11, estimator__num_leaves=4, estimator__subsample=0.01; total time=   0.2s
[CV] END estimator__learning_rate=0.2, estimator__max_depth=11, estimator__num_leaves=4, estimator__subsample=0.2; total time=   0.3s
[CV] END estimator__learning_rate=0.2, estimator__max_depth=11, estimator__num_leaves=6, estimator__subsample=0.2; total time=   0.4s
[CV] END estimator__learning_rate=0.2, estimator__max_depth=11, estimator__num_leaves=10, estimator__subsample=0.01; total time=   0.7s
[CV] END estimator__learning_rate=0.2, estimator__max_depth=12, estimator__num_leaves=2, estimator__subsample=0.001; total time=   0.1s
[CV] END estimator__learning_rate=0.2, estimator__max_depth=12, estimator__num_leaves=2, estimator__subsample=0.001; total time=   0.1s
[CV] END estimator__learning_rate=0.2, estimator__max_depth=12, estimator__num_leaves=2, estimator__subsample=0.1; total time=   0.1s
[CV] END estimator__learning_rate=0.2, estimator__max_depth=12, estimator__num_leaves=4, estimator__subsample=0.01; total time=   0.2s
[CV] END estimator__learning_rate=0.2, estimator__max_depth=12, estimator__num_leaves=4, estimator__subsample=0.2; total time=   0.2s
[CV] END estimator__learning_rate=0.2, estimator__max_depth=12, estimator__num_leaves=6, estimator__subsample=0.1; total time=   0.4s
[CV] END estimator__learning_rate=0.2, estimator__max_depth=12, estimator__num_leaves=10, estimator__subsample=0.001; total time=   0.7s
[CV] END estimator__learning_rate=0.2, estimator__max_depth=12, estimator__num_leaves=31, estimator__subsample=0.2; total time=   1.5s
[CV] END estimator__learning_rate=0.2, estimator__max_depth=13, estimator__num_leaves=8, estimator__subsample=0.1; total time=   0.6s
[CV] END estimator__learning_rate=0.2, estimator__max_depth=13, estimator__num_leaves=31, estimator__subsample=0.01; total time=   1.5s
[CV] END estimator__learning_rate=0.2, estimator__max_depth=14, estimator__num_leaves=6, estimator__subsample=0.2; total time=   0.4s
[CV] END estimator__learning_rate=0.2, estimator__max_depth=14, estimator__num_leaves=10, estimator__subsample=0.1; total time=   0.7s
[CV] END estimator__learning_rate=0.39, estimator__max_depth=10, estimator__num_leaves=2, estimator__subsample=0.001; total time=   0.0s
[CV] END estimator__learning_rate=0.39, estimator__max_depth=10, estimator__num_leaves=2, estimator__subsample=0.01; total time=   0.1s
[CV] END estimator__learning_rate=0.39, estimator__max_depth=10, estimator__num_leaves=2, estimator__subsample=0.2; total time=   0.1s
[CV] END estimator__learning_rate=0.39, estimator__max_depth=10, estimator__num_leaves=4, estimator__subsample=0.01; total time=   0.2s
[CV] END estimator__learning_rate=0.39, estimator__max_depth=10, estimator__num_leaves=4, estimator__subsample=0.2; total time=   0.2s
[CV] END estimator__learning_rate=0.39, estimator__max_depth=10, estimator__num_leaves=6, estimator__subsample=0.1; total time=   0.4s
[CV] END estimator__learning_rate=0.39, estimator__max_depth=10, estimator__num_leaves=10, estimator__subsample=0.01; total time=   0.7s
[CV] END estimator__learning_rate=0.39, estimator__max_depth=10, estimator__num_leaves=31, estimator__subsample=0.1; total time=   1.5s
[CV] END estimator__learning_rate=0.39, estimator__max_depth=11, estimator__num_leaves=8, estimator__subsample=0.1; total time=   0.6s
[CV] END estimator__learning_rate=0.39, estimator__max_depth=11, estimator__num_leaves=31, estimator__subsample=0.001; total time=   1.4s
[CV] END estimator__learning_rate=0.39, estimator__max_depth=12, estimator__num_leaves=6, estimator__subsample=0.1; total time=   0.4s
[CV] END estimator__learning_rate=0.39, estimator__max_depth=12, estimator__num_leaves=10, estimator__subsample=0.001; total time=   0.7s
[CV] END estimator__learning_rate=0.39, estimator__max_depth=12, estimator__num_leaves=31, estimator__subsample=0.2; total time=   1.5s
[CV] END estimator__learning_rate=0.39, estimator__max_depth=13, estimator__num_leaves=8, estimator__subsample=0.1; total time=   0.6s
[CV] END estimator__learning_rate=0.39, estimator__max_depth=13, estimator__num_leaves=31, estimator__subsample=0.01; total time=   1.5s
[CV] END estimator__learning_rate=0.39, estimator__max_depth=14, estimator__num_leaves=6, estimator__subsample=0.2; total time=   0.4s
[CV] END estimator__learning_rate=0.39, estimator__max_depth=14, estimator__num_leaves=10, estimator__subsample=0.1; total time=   0.7s
[CV] END estimator__learning_rate=0.39, estimator__max_depth=14, estimator__num_leaves=31, estimator__subsample=0.2; total time=   1.5s
[CV] END estimator__learning_rate=0.58, estimator__max_depth=10, estimator__num_leaves=8, estimator__subsample=0.2; total time=   0.6s
[CV] END estimator__learning_rate=0.58, estimator__max_depth=10, estimator__num_leaves=31, estimator__subsample=0.01; total time=   1.4s
[CV] END estimator__learning_rate=0.58, estimator__max_depth=11, estimator__num_leaves=6, estimator__subsample=0.1; total time=   0.4s
[CV] END estimator__learning_rate=0.58, estimator__max_depth=11, estimator__num_leaves=10, estimator__subsample=0.001; total time=   0.7s
[CV] END estimator__learning_rate=0.58, estimator__max_depth=11, estimator__num_leaves=31, estimator__subsample=0.2; total time=   1.5s[CV] END estimator__learning_rate=0.01, estimator__max_depth=10, estimator__num_leaves=2, estimator__subsample=0.2; total time=   4.2s
[CV] END estimator__learning_rate=0.01, estimator__max_depth=10, estimator__num_leaves=6, estimator__subsample=0.2; total time=   0.2s
[CV] END estimator__learning_rate=0.01, estimator__max_depth=10, estimator__num_leaves=8, estimator__subsample=0.1; total time=   0.7s
[CV] END estimator__learning_rate=0.01, estimator__max_depth=10, estimator__num_leaves=10, estimator__subsample=0.2; total time=   0.7s
[CV] END estimator__learning_rate=0.01, estimator__max_depth=11, estimator__num_leaves=2, estimator__subsample=0.01; total time=   0.1s
[CV] END estimator__learning_rate=0.01, estimator__max_depth=11, estimator__num_leaves=4, estimator__subsample=0.001; total time=   0.2s
[CV] END estimator__learning_rate=0.01, estimator__max_depth=11, estimator__num_leaves=4, estimator__subsample=0.1; total time=   0.3s
[CV] END estimator__learning_rate=0.01, estimator__max_depth=11, estimator__num_leaves=6, estimator__subsample=0.1; total time=   0.4s
[CV] END estimator__learning_rate=0.01, estimator__max_depth=11, estimator__num_leaves=10, estimator__subsample=0.001; total time=   0.7s
[CV] END estimator__learning_rate=0.01, estimator__max_depth=11, estimator__num_leaves=31, estimator__subsample=0.1; total time=   1.4s
[CV] END estimator__learning_rate=0.01, estimator__max_depth=12, estimator__num_leaves=8, estimator__subsample=0.01; total time=   0.6s
[CV] END estimator__learning_rate=0.01, estimator__max_depth=12, estimator__num_leaves=31, estimator__subsample=0.001; total time=   1.4s
[CV] END estimator__learning_rate=0.01, estimator__max_depth=13, estimator__num_leaves=6, estimator__subsample=0.01; total time=   0.4s
[CV] END estimator__learning_rate=0.01, estimator__max_depth=13, estimator__num_leaves=8, estimator__subsample=0.2; total time=   0.6s
[CV] END estimator__learning_rate=0.01, estimator__max_depth=13, estimator__num_leaves=31, estimator__subsample=0.01; total time=   1.4s
[CV] END estimator__learning_rate=0.01, estimator__max_depth=14, estimator__num_leaves=6, estimator__subsample=0.1; total time=   0.4s
[CV] END estimator__learning_rate=0.01, estimator__max_depth=14, estimator__num_leaves=10, estimator__subsample=0.001; total time=   0.7s
[CV] END estimator__learning_rate=0.01, estimator__max_depth=14, estimator__num_leaves=31, estimator__subsample=0.1; total time=   1.5s
[CV] END estimator__learning_rate=0.2, estimator__max_depth=10, estimator__num_leaves=8, estimator__subsample=0.1; total time=   0.7s
[CV] END estimator__learning_rate=0.2, estimator__max_depth=10, estimator__num_leaves=31, estimator__subsample=0.001; total time=   1.4s
[CV] END estimator__learning_rate=0.2, estimator__max_depth=11, estimator__num_leaves=6, estimator__subsample=0.2; total time=   0.4s
[CV] END estimator__learning_rate=0.2, estimator__max_depth=11, estimator__num_leaves=10, estimator__subsample=0.01; total time=   0.8s
[CV] END estimator__learning_rate=0.2, estimator__max_depth=11, estimator__num_leaves=31, estimator__subsample=0.2; total time=   1.5s
[CV] END estimator__learning_rate=0.2, estimator__max_depth=12, estimator__num_leaves=8, estimator__subsample=0.2; total time=   0.6s
[CV] END estimator__learning_rate=0.2, estimator__max_depth=12, estimator__num_leaves=31, estimator__subsample=0.01; total time=   1.5s
[CV] END estimator__learning_rate=0.2, estimator__max_depth=13, estimator__num_leaves=8, estimator__subsample=0.001; total time=   0.7s
[CV] END estimator__learning_rate=0.2, estimator__max_depth=13, estimator__num_leaves=10, estimator__subsample=0.2; total time=   0.8s
[CV] END estimator__learning_rate=0.2, estimator__max_depth=14, estimator__num_leaves=2, estimator__subsample=0.2; total time=   0.1s
[CV] END estimator__learning_rate=0.2, estimator__max_depth=14, estimator__num_leaves=4, estimator__subsample=0.01; total time=   0.2s
[CV] END estimator__learning_rate=0.2, estimator__max_depth=14, estimator__num_leaves=4, estimator__subsample=0.2; total time=   0.2s
[CV] END estimator__learning_rate=0.2, estimator__max_depth=14, estimator__num_leaves=6, estimator__subsample=0.2; total time=   0.4s
[CV] END estimator__learning_rate=0.2, estimator__max_depth=14, estimator__num_leaves=10, estimator__subsample=0.01; total time=   0.7s
[CV] END estimator__learning_rate=0.39, estimator__max_depth=10, estimator__num_leaves=2, estimator__subsample=0.001; total time=   0.0s
[CV] END estimator__learning_rate=0.39, estimator__max_depth=10, estimator__num_leaves=2, estimator__subsample=0.01; total time=   0.1s
[CV] END estimator__learning_rate=0.39, estimator__max_depth=10, estimator__num_leaves=2, estimator__subsample=0.1; total time=   0.1s
[CV] END estimator__learning_rate=0.39, estimator__max_depth=10, estimator__num_leaves=4, estimator__subsample=0.01; total time=   0.2s
[CV] END estimator__learning_rate=0.39, estimator__max_depth=10, estimator__num_leaves=4, estimator__subsample=0.2; total time=   0.2s
[CV] END estimator__learning_rate=0.39, estimator__max_depth=10, estimator__num_leaves=6, estimator__subsample=0.1; total time=   0.4s
[CV] END estimator__learning_rate=0.39, estimator__max_depth=10, estimator__num_leaves=10, estimator__subsample=0.001; total time=   0.7s
[CV] END estimator__learning_rate=0.39, estimator__max_depth=10, estimator__num_leaves=31, estimator__subsample=0.2; total time=   1.5s
[CV] END estimator__learning_rate=0.39, estimator__max_depth=11, estimator__num_leaves=8, estimator__subsample=0.2; total time=   0.6s
[CV] END estimator__learning_rate=0.39, estimator__max_depth=11, estimator__num_leaves=31, estimator__subsample=0.01; total time=   1.4s
[CV] END estimator__learning_rate=0.39, estimator__max_depth=12, estimator__num_leaves=6, estimator__subsample=0.2; total time=   0.4s
[CV] END estimator__learning_rate=0.39, estimator__max_depth=12, estimator__num_leaves=10, estimator__subsample=0.01; total time=   0.7s
[CV] END estimator__learning_rate=0.39, estimator__max_depth=13, estimator__num_leaves=2, estimator__subsample=0.001; total time=   0.0s
[CV] END estimator__learning_rate=0.39, estimator__max_depth=13, estimator__num_leaves=2, estimator__subsample=0.01; total time=   0.1s
[CV] END estimator__learning_rate=0.39, estimator__max_depth=13, estimator__num_leaves=2, estimator__subsample=0.1; total time=   0.1s
[CV] END estimator__learning_rate=0.39, estimator__max_depth=13, estimator__num_leaves=4, estimator__subsample=0.01; total time=   0.2s
[CV] END estimator__learning_rate=0.39, estimator__max_depth=13, estimator__num_leaves=4, estimator__subsample=0.2; total time=   0.2s
[CV] END estimator__learning_rate=0.39, estimator__max_depth=13, estimator__num_leaves=6, estimator__subsample=0.1; total time=   0.4s
[CV] END estimator__learning_rate=0.39, estimator__max_depth=13, estimator__num_leaves=10, estimator__subsample=0.001; total time=   0.7s
[CV] END estimator__learning_rate=0.39, estimator__max_depth=13, estimator__num_leaves=31, estimator__subsample=0.1; total time=   1.5s
[CV] END estimator__learning_rate=0.39, estimator__max_depth=14, estimator__num_leaves=8, estimator__subsample=0.1; total time=   0.6s
[CV] END estimator__learning_rate=0.39, estimator__max_depth=14, estimator__num_leaves=31, estimator__subsample=0.001; total time=   1.5s
[CV] END estimator__learning_rate=0.58, estimator__max_depth=10, estimator__num_leaves=6, estimator__subsample=0.2; total time=   0.4s
[CV] END estimator__learning_rate=0.58, estimator__max_depth=10, estimator__num_leaves=10, estimator__subsample=0.01; total time=   0.7s
[CV] END estimator__learning_rate=0.58, estimator__max_depth=10, estimator__num_leaves=31, estimator__subsample=0.2; total time=   1.5s
[CV] END estimator__learning_rate=0.58, estimator__max_depth=11, estimator__num_leaves=8, estimator__subsample=0.1; total time=   0.6s
[CV] END estimator__learning_rate=0.58, estimator__max_depth=11, estimator__num_leaves=31, estimator__subsample=0.01; total time=   1.4s
[CV] END estimator__learning_rate=0.58, estimator__max_depth=12, estimator__num_leaves=6, estimator__subsample=0.1; total time=   0.4s[CV] END estimator__learning_rate=0.01, estimator__max_depth=10, estimator__num_leaves=2, estimator__subsample=0.2; total time=   4.7s
[CV] END estimator__learning_rate=0.01, estimator__max_depth=10, estimator__num_leaves=10, estimator__subsample=0.1; total time=   0.8s
[CV] END estimator__learning_rate=0.01, estimator__max_depth=11, estimator__num_leaves=2, estimator__subsample=0.01; total time=   0.1s
[CV] END estimator__learning_rate=0.01, estimator__max_depth=11, estimator__num_leaves=2, estimator__subsample=0.2; total time=   0.1s
[CV] END estimator__learning_rate=0.01, estimator__max_depth=11, estimator__num_leaves=4, estimator__subsample=0.1; total time=   0.2s
[CV] END estimator__learning_rate=0.01, estimator__max_depth=11, estimator__num_leaves=6, estimator__subsample=0.001; total time=   0.4s
[CV] END estimator__learning_rate=0.01, estimator__max_depth=11, estimator__num_leaves=8, estimator__subsample=0.01; total time=   0.6s
[CV] END estimator__learning_rate=0.01, estimator__max_depth=11, estimator__num_leaves=10, estimator__subsample=0.2; total time=   0.8s
[CV] END estimator__learning_rate=0.01, estimator__max_depth=12, estimator__num_leaves=4, estimator__subsample=0.001; total time=   0.2s
[CV] END estimator__learning_rate=0.01, estimator__max_depth=12, estimator__num_leaves=4, estimator__subsample=0.1; total time=   0.2s
[CV] END estimator__learning_rate=0.01, estimator__max_depth=12, estimator__num_leaves=6, estimator__subsample=0.01; total time=   0.4s
[CV] END estimator__learning_rate=0.01, estimator__max_depth=12, estimator__num_leaves=8, estimator__subsample=0.2; total time=   0.6s
[CV] END estimator__learning_rate=0.01, estimator__max_depth=12, estimator__num_leaves=31, estimator__subsample=0.01; total time=   1.4s
[CV] END estimator__learning_rate=0.01, estimator__max_depth=13, estimator__num_leaves=6, estimator__subsample=0.2; total time=   0.5s
[CV] END estimator__learning_rate=0.01, estimator__max_depth=13, estimator__num_leaves=10, estimator__subsample=0.1; total time=   0.7s
[CV] END estimator__learning_rate=0.01, estimator__max_depth=14, estimator__num_leaves=2, estimator__subsample=0.001; total time=   0.1s
[CV] END estimator__learning_rate=0.01, estimator__max_depth=14, estimator__num_leaves=2, estimator__subsample=0.01; total time=   0.1s
[CV] END estimator__learning_rate=0.01, estimator__max_depth=14, estimator__num_leaves=2, estimator__subsample=0.2; total time=   0.1s
[CV] END estimator__learning_rate=0.01, estimator__max_depth=14, estimator__num_leaves=4, estimator__subsample=0.1; total time=   0.2s
[CV] END estimator__learning_rate=0.01, estimator__max_depth=14, estimator__num_leaves=6, estimator__subsample=0.001; total time=   0.4s
[CV] END estimator__learning_rate=0.01, estimator__max_depth=14, estimator__num_leaves=8, estimator__subsample=0.01; total time=   0.6s
[CV] END estimator__learning_rate=0.01, estimator__max_depth=14, estimator__num_leaves=10, estimator__subsample=0.2; total time=   0.8s
[CV] END estimator__learning_rate=0.2, estimator__max_depth=10, estimator__num_leaves=4, estimator__subsample=0.001; total time=   0.2s
[CV] END estimator__learning_rate=0.2, estimator__max_depth=10, estimator__num_leaves=4, estimator__subsample=0.1; total time=   0.2s
[CV] END estimator__learning_rate=0.2, estimator__max_depth=10, estimator__num_leaves=6, estimator__subsample=0.01; total time=   0.4s
[CV] END estimator__learning_rate=0.2, estimator__max_depth=10, estimator__num_leaves=8, estimator__subsample=0.2; total time=   0.7s
[CV] END estimator__learning_rate=0.2, estimator__max_depth=10, estimator__num_leaves=31, estimator__subsample=0.1; total time=   1.4s
[CV] END estimator__learning_rate=0.2, estimator__max_depth=11, estimator__num_leaves=6, estimator__subsample=0.2; total time=   0.4s
[CV] END estimator__learning_rate=0.2, estimator__max_depth=11, estimator__num_leaves=10, estimator__subsample=0.1; total time=   0.7s
[CV] END estimator__learning_rate=0.2, estimator__max_depth=12, estimator__num_leaves=2, estimator__subsample=0.001; total time=   0.0s
[CV] END estimator__learning_rate=0.2, estimator__max_depth=12, estimator__num_leaves=2, estimator__subsample=0.01; total time=   0.1s
[CV] END estimator__learning_rate=0.2, estimator__max_depth=12, estimator__num_leaves=2, estimator__subsample=0.1; total time=   0.1s
[CV] END estimator__learning_rate=0.2, estimator__max_depth=12, estimator__num_leaves=4, estimator__subsample=0.01; total time=   0.2s
[CV] END estimator__learning_rate=0.2, estimator__max_depth=12, estimator__num_leaves=4, estimator__subsample=0.2; total time=   0.2s
[CV] END estimator__learning_rate=0.2, estimator__max_depth=12, estimator__num_leaves=6, estimator__subsample=0.1; total time=   0.4s
[CV] END estimator__learning_rate=0.2, estimator__max_depth=12, estimator__num_leaves=10, estimator__subsample=0.01; total time=   0.8s
[CV] END estimator__learning_rate=0.2, estimator__max_depth=12, estimator__num_leaves=31, estimator__subsample=0.2; total time=   1.5s
[CV] END estimator__learning_rate=0.2, estimator__max_depth=13, estimator__num_leaves=8, estimator__subsample=0.2; total time=   0.6s
[CV] END estimator__learning_rate=0.2, estimator__max_depth=13, estimator__num_leaves=31, estimator__subsample=0.01; total time=   1.4s
[CV] END estimator__learning_rate=0.2, estimator__max_depth=14, estimator__num_leaves=6, estimator__subsample=0.1; total time=   0.4s
[CV] END estimator__learning_rate=0.2, estimator__max_depth=14, estimator__num_leaves=10, estimator__subsample=0.01; total time=   0.7s
[CV] END estimator__learning_rate=0.2, estimator__max_depth=14, estimator__num_leaves=31, estimator__subsample=0.2; total time=   1.5s
[CV] END estimator__learning_rate=0.39, estimator__max_depth=10, estimator__num_leaves=8, estimator__subsample=0.1; total time=   0.6s
[CV] END estimator__learning_rate=0.39, estimator__max_depth=10, estimator__num_leaves=31, estimator__subsample=0.01; total time=   1.4s
[CV] END estimator__learning_rate=0.39, estimator__max_depth=11, estimator__num_leaves=6, estimator__subsample=0.1; total time=   0.4s
[CV] END estimator__learning_rate=0.39, estimator__max_depth=11, estimator__num_leaves=10, estimator__subsample=0.001; total time=   0.7s
[CV] END estimator__learning_rate=0.39, estimator__max_depth=11, estimator__num_leaves=31, estimator__subsample=0.2; total time=   1.4s
[CV] END estimator__learning_rate=0.39, estimator__max_depth=12, estimator__num_leaves=8, estimator__subsample=0.01; total time=   0.6s
[CV] END estimator__learning_rate=0.39, estimator__max_depth=12, estimator__num_leaves=31, estimator__subsample=0.001; total time=   1.5s
[CV] END estimator__learning_rate=0.39, estimator__max_depth=13, estimator__num_leaves=6, estimator__subsample=0.1; total time=   0.4s
[CV] END estimator__learning_rate=0.39, estimator__max_depth=13, estimator__num_leaves=10, estimator__subsample=0.01; total time=   0.7s
[CV] END estimator__learning_rate=0.39, estimator__max_depth=13, estimator__num_leaves=31, estimator__subsample=0.2; total time=   1.5s
[CV] END estimator__learning_rate=0.39, estimator__max_depth=14, estimator__num_leaves=8, estimator__subsample=0.1; total time=   0.6s
[CV] END estimator__learning_rate=0.39, estimator__max_depth=14, estimator__num_leaves=31, estimator__subsample=0.01; total time=   1.4s
[CV] END estimator__learning_rate=0.58, estimator__max_depth=10, estimator__num_leaves=6, estimator__subsample=0.2; total time=   0.4s
[CV] END estimator__learning_rate=0.58, estimator__max_depth=10, estimator__num_leaves=10, estimator__subsample=0.01; total time=   0.7s
[CV] END estimator__learning_rate=0.58, estimator__max_depth=10, estimator__num_leaves=31, estimator__subsample=0.2; total time=   1.4s
[CV] END estimator__learning_rate=0.58, estimator__max_depth=11, estimator__num_leaves=8, estimator__subsample=0.1; total time=   0.6s
[CV] END estimator__learning_rate=0.58, estimator__max_depth=11, estimator__num_leaves=31, estimator__subsample=0.001; total time=   1.5s
[CV] END estimator__learning_rate=0.58, estimator__max_depth=12, estimator__num_leaves=6, estimator__subsample=0.1; total time=   0.4s[CV] END estimator__learning_rate=0.01, estimator__max_depth=10, estimator__num_leaves=2, estimator__subsample=0.2; total time=   4.4s
[CV] END estimator__learning_rate=0.01, estimator__max_depth=10, estimator__num_leaves=10, estimator__subsample=0.01; total time=   0.8s
[CV] END estimator__learning_rate=0.01, estimator__max_depth=10, estimator__num_leaves=31, estimator__subsample=0.2; total time=   1.5s
[CV] END estimator__learning_rate=0.01, estimator__max_depth=11, estimator__num_leaves=10, estimator__subsample=0.01; total time=   0.7s
[CV] END estimator__learning_rate=0.01, estimator__max_depth=11, estimator__num_leaves=31, estimator__subsample=0.2; total time=   1.4s
[CV] END estimator__learning_rate=0.01, estimator__max_depth=12, estimator__num_leaves=8, estimator__subsample=0.1; total time=   0.6s
[CV] END estimator__learning_rate=0.01, estimator__max_depth=12, estimator__num_leaves=31, estimator__subsample=0.001; total time=   1.4s
[CV] END estimator__learning_rate=0.01, estimator__max_depth=13, estimator__num_leaves=6, estimator__subsample=0.001; total time=   0.4s
[CV] END estimator__learning_rate=0.01, estimator__max_depth=13, estimator__num_leaves=8, estimator__subsample=0.1; total time=   0.6s
[CV] END estimator__learning_rate=0.01, estimator__max_depth=13, estimator__num_leaves=31, estimator__subsample=0.001; total time=   1.4s
[CV] END estimator__learning_rate=0.01, estimator__max_depth=14, estimator__num_leaves=6, estimator__subsample=0.01; total time=   0.5s
[CV] END estimator__learning_rate=0.01, estimator__max_depth=14, estimator__num_leaves=10, estimator__subsample=0.001; total time=   0.8s
[CV] END estimator__learning_rate=0.01, estimator__max_depth=14, estimator__num_leaves=31, estimator__subsample=0.2; total time=   1.4s
[CV] END estimator__learning_rate=0.2, estimator__max_depth=10, estimator__num_leaves=8, estimator__subsample=0.1; total time=   0.7s
[CV] END estimator__learning_rate=0.2, estimator__max_depth=10, estimator__num_leaves=31, estimator__subsample=0.001; total time=   1.5s
[CV] END estimator__learning_rate=0.2, estimator__max_depth=11, estimator__num_leaves=6, estimator__subsample=0.2; total time=   0.4s
[CV] END estimator__learning_rate=0.2, estimator__max_depth=11, estimator__num_leaves=10, estimator__subsample=0.001; total time=   0.8s
[CV] END estimator__learning_rate=0.2, estimator__max_depth=11, estimator__num_leaves=31, estimator__subsample=0.2; total time=   1.5s
[CV] END estimator__learning_rate=0.2, estimator__max_depth=12, estimator__num_leaves=8, estimator__subsample=0.1; total time=   0.6s
[CV] END estimator__learning_rate=0.2, estimator__max_depth=12, estimator__num_leaves=31, estimator__subsample=0.01; total time=   1.5s
[CV] END estimator__learning_rate=0.2, estimator__max_depth=13, estimator__num_leaves=6, estimator__subsample=0.2; total time=   0.4s
[CV] END estimator__learning_rate=0.2, estimator__max_depth=13, estimator__num_leaves=10, estimator__subsample=0.1; total time=   0.7s
[CV] END estimator__learning_rate=0.2, estimator__max_depth=14, estimator__num_leaves=2, estimator__subsample=0.001; total time=   0.0s
[CV] END estimator__learning_rate=0.2, estimator__max_depth=14, estimator__num_leaves=2, estimator__subsample=0.001; total time=   0.1s
[CV] END estimator__learning_rate=0.2, estimator__max_depth=14, estimator__num_leaves=2, estimator__subsample=0.1; total time=   0.1s
[CV] END estimator__learning_rate=0.2, estimator__max_depth=14, estimator__num_leaves=4, estimator__subsample=0.001; total time=   0.2s
[CV] END estimator__learning_rate=0.2, estimator__max_depth=14, estimator__num_leaves=4, estimator__subsample=0.1; total time=   0.2s
[CV] END estimator__learning_rate=0.2, estimator__max_depth=14, estimator__num_leaves=6, estimator__subsample=0.01; total time=   0.4s
[CV] END estimator__learning_rate=0.2, estimator__max_depth=14, estimator__num_leaves=10, estimator__subsample=0.001; total time=   0.7s
[CV] END estimator__learning_rate=0.2, estimator__max_depth=14, estimator__num_leaves=31, estimator__subsample=0.1; total time=   1.5s
[CV] END estimator__learning_rate=0.39, estimator__max_depth=10, estimator__num_leaves=8, estimator__subsample=0.01; total time=   0.6s
[CV] END estimator__learning_rate=0.39, estimator__max_depth=10, estimator__num_leaves=31, estimator__subsample=0.001; total time=   1.4s
[CV] END estimator__learning_rate=0.39, estimator__max_depth=11, estimator__num_leaves=6, estimator__subsample=0.01; total time=   0.4s
[CV] END estimator__learning_rate=0.39, estimator__max_depth=11, estimator__num_leaves=8, estimator__subsample=0.2; total time=   0.6s
[CV] END estimator__learning_rate=0.39, estimator__max_depth=11, estimator__num_leaves=31, estimator__subsample=0.01; total time=   1.4s
[CV] END estimator__learning_rate=0.39, estimator__max_depth=12, estimator__num_leaves=8, estimator__subsample=0.001; total time=   0.6s
[CV] END estimator__learning_rate=0.39, estimator__max_depth=12, estimator__num_leaves=10, estimator__subsample=0.1; total time=   0.8s
[CV] END estimator__learning_rate=0.39, estimator__max_depth=13, estimator__num_leaves=2, estimator__subsample=0.01; total time=   0.1s
[CV] END estimator__learning_rate=0.39, estimator__max_depth=13, estimator__num_leaves=2, estimator__subsample=0.2; total time=   0.1s
[CV] END estimator__learning_rate=0.39, estimator__max_depth=13, estimator__num_leaves=4, estimator__subsample=0.1; total time=   0.2s
[CV] END estimator__learning_rate=0.39, estimator__max_depth=13, estimator__num_leaves=6, estimator__subsample=0.001; total time=   0.4s
[CV] END estimator__learning_rate=0.39, estimator__max_depth=13, estimator__num_leaves=8, estimator__subsample=0.01; total time=   0.6s
[CV] END estimator__learning_rate=0.39, estimator__max_depth=13, estimator__num_leaves=10, estimator__subsample=0.2; total time=   0.8s
[CV] END estimator__learning_rate=0.39, estimator__max_depth=14, estimator__num_leaves=2, estimator__subsample=0.2; total time=   0.1s
[CV] END estimator__learning_rate=0.39, estimator__max_depth=14, estimator__num_leaves=4, estimator__subsample=0.1; total time=   0.2s
[CV] END estimator__learning_rate=0.39, estimator__max_depth=14, estimator__num_leaves=6, estimator__subsample=0.001; total time=   0.4s
[CV] END estimator__learning_rate=0.39, estimator__max_depth=14, estimator__num_leaves=8, estimator__subsample=0.01; total time=   0.6s
[CV] END estimator__learning_rate=0.39, estimator__max_depth=14, estimator__num_leaves=10, estimator__subsample=0.2; total time=   0.8s
[CV] END estimator__learning_rate=0.58, estimator__max_depth=10, estimator__num_leaves=2, estimator__subsample=0.2; total time=   0.1s
[CV] END estimator__learning_rate=0.58, estimator__max_depth=10, estimator__num_leaves=4, estimator__subsample=0.1; total time=   0.2s
[CV] END estimator__learning_rate=0.58, estimator__max_depth=10, estimator__num_leaves=6, estimator__subsample=0.001; total time=   0.4s
[CV] END estimator__learning_rate=0.58, estimator__max_depth=10, estimator__num_leaves=8, estimator__subsample=0.01; total time=   0.6s
[CV] END estimator__learning_rate=0.58, estimator__max_depth=10, estimator__num_leaves=10, estimator__subsample=0.2; total time=   0.7s
[CV] END estimator__learning_rate=0.58, estimator__max_depth=11, estimator__num_leaves=2, estimator__subsample=0.2; total time=   0.1s
[CV] END estimator__learning_rate=0.58, estimator__max_depth=11, estimator__num_leaves=4, estimator__subsample=0.01; total time=   0.2s
[CV] END estimator__learning_rate=0.58, estimator__max_depth=11, estimator__num_leaves=4, estimator__subsample=0.2; total time=   0.2s
[CV] END estimator__learning_rate=0.58, estimator__max_depth=11, estimator__num_leaves=6, estimator__subsample=0.2; total time=   0.4s
[CV] END estimator__learning_rate=0.58, estimator__max_depth=11, estimator__num_leaves=10, estimator__subsample=0.01; total time=   0.7s
[CV] END estimator__learning_rate=0.58, estimator__max_depth=11, estimator__num_leaves=31, estimator__subsample=0.2; total time=   1.4s
[CV] END estimator__learning_rate=0.58, estimator__max_depth=12, estimator__num_leaves=8, estimator__subsample=0.1; total time=   0.6s[CV] END estimator__learning_rate=0.01, estimator__max_depth=10, estimator__num_leaves=4, estimator__subsample=0.1; total time=   4.5s
[CV] END estimator__learning_rate=0.01, estimator__max_depth=10, estimator__num_leaves=10, estimator__subsample=0.1; total time=   0.8s
[CV] END estimator__learning_rate=0.01, estimator__max_depth=11, estimator__num_leaves=2, estimator__subsample=0.001; total time=   0.1s
[CV] END estimator__learning_rate=0.01, estimator__max_depth=11, estimator__num_leaves=2, estimator__subsample=0.1; total time=   0.1s
[CV] END estimator__learning_rate=0.01, estimator__max_depth=11, estimator__num_leaves=4, estimator__subsample=0.01; total time=   0.2s
[CV] END estimator__learning_rate=0.01, estimator__max_depth=11, estimator__num_leaves=4, estimator__subsample=0.2; total time=   0.3s
[CV] END estimator__learning_rate=0.01, estimator__max_depth=11, estimator__num_leaves=6, estimator__subsample=0.2; total time=   0.4s
[CV] END estimator__learning_rate=0.01, estimator__max_depth=11, estimator__num_leaves=10, estimator__subsample=0.1; total time=   0.7s
[CV] END estimator__learning_rate=0.01, estimator__max_depth=11, estimator__num_leaves=31, estimator__subsample=0.2; total time=   1.5s
[CV] END estimator__learning_rate=0.01, estimator__max_depth=12, estimator__num_leaves=8, estimator__subsample=0.2; total time=   0.6s
[CV] END estimator__learning_rate=0.01, estimator__max_depth=12, estimator__num_leaves=31, estimator__subsample=0.01; total time=   1.5s
[CV] END estimator__learning_rate=0.01, estimator__max_depth=13, estimator__num_leaves=8, estimator__subsample=0.001; total time=   0.6s
[CV] END estimator__learning_rate=0.01, estimator__max_depth=13, estimator__num_leaves=10, estimator__subsample=0.1; total time=   0.8s
[CV] END estimator__learning_rate=0.01, estimator__max_depth=14, estimator__num_leaves=2, estimator__subsample=0.1; total time=   0.1s
[CV] END estimator__learning_rate=0.01, estimator__max_depth=14, estimator__num_leaves=4, estimator__subsample=0.001; total time=   0.2s
[CV] END estimator__learning_rate=0.01, estimator__max_depth=14, estimator__num_leaves=4, estimator__subsample=0.2; total time=   0.3s
[CV] END estimator__learning_rate=0.01, estimator__max_depth=14, estimator__num_leaves=6, estimator__subsample=0.1; total time=   0.5s
[CV] END estimator__learning_rate=0.01, estimator__max_depth=14, estimator__num_leaves=10, estimator__subsample=0.01; total time=   0.7s
[CV] END estimator__learning_rate=0.01, estimator__max_depth=14, estimator__num_leaves=31, estimator__subsample=0.2; total time=   1.5s
[CV] END estimator__learning_rate=0.2, estimator__max_depth=10, estimator__num_leaves=8, estimator__subsample=0.2; total time=   0.7s
[CV] END estimator__learning_rate=0.2, estimator__max_depth=10, estimator__num_leaves=31, estimator__subsample=0.01; total time=   1.5s
[CV] END estimator__learning_rate=0.2, estimator__max_depth=11, estimator__num_leaves=8, estimator__subsample=0.001; total time=   0.6s
[CV] END estimator__learning_rate=0.2, estimator__max_depth=11, estimator__num_leaves=10, estimator__subsample=0.1; total time=   0.7s
[CV] END estimator__learning_rate=0.2, estimator__max_depth=12, estimator__num_leaves=2, estimator__subsample=0.1; total time=   0.1s
[CV] END estimator__learning_rate=0.2, estimator__max_depth=12, estimator__num_leaves=4, estimator__subsample=0.001; total time=   0.2s
[CV] END estimator__learning_rate=0.2, estimator__max_depth=12, estimator__num_leaves=4, estimator__subsample=0.1; total time=   0.2s
[CV] END estimator__learning_rate=0.2, estimator__max_depth=12, estimator__num_leaves=6, estimator__subsample=0.01; total time=   0.4s
[CV] END estimator__learning_rate=0.2, estimator__max_depth=12, estimator__num_leaves=10, estimator__subsample=0.001; total time=   0.7s
[CV] END estimator__learning_rate=0.2, estimator__max_depth=12, estimator__num_leaves=31, estimator__subsample=0.1; total time=   1.5s
[CV] END estimator__learning_rate=0.2, estimator__max_depth=13, estimator__num_leaves=8, estimator__subsample=0.1; total time=   0.6s
[CV] END estimator__learning_rate=0.2, estimator__max_depth=13, estimator__num_leaves=31, estimator__subsample=0.001; total time=   1.4s
[CV] END estimator__learning_rate=0.2, estimator__max_depth=14, estimator__num_leaves=6, estimator__subsample=0.001; total time=   0.4s
[CV] END estimator__learning_rate=0.2, estimator__max_depth=14, estimator__num_leaves=8, estimator__subsample=0.2; total time=   0.6s
[CV] END estimator__learning_rate=0.2, estimator__max_depth=14, estimator__num_leaves=31, estimator__subsample=0.1; total time=   1.5s
[CV] END estimator__learning_rate=0.39, estimator__max_depth=10, estimator__num_leaves=8, estimator__subsample=0.001; total time=   0.6s
[CV] END estimator__learning_rate=0.39, estimator__max_depth=10, estimator__num_leaves=10, estimator__subsample=0.2; total time=   0.7s
[CV] END estimator__learning_rate=0.39, estimator__max_depth=11, estimator__num_leaves=2, estimator__subsample=0.01; total time=   0.1s
[CV] END estimator__learning_rate=0.39, estimator__max_depth=11, estimator__num_leaves=4, estimator__subsample=0.001; total time=   0.2s
[CV] END estimator__learning_rate=0.39, estimator__max_depth=11, estimator__num_leaves=4, estimator__subsample=0.1; total time=   0.2s
[CV] END estimator__learning_rate=0.39, estimator__max_depth=11, estimator__num_leaves=6, estimator__subsample=0.01; total time=   0.4s
[CV] END estimator__learning_rate=0.39, estimator__max_depth=11, estimator__num_leaves=10, estimator__subsample=0.001; total time=   0.7s
[CV] END estimator__learning_rate=0.39, estimator__max_depth=11, estimator__num_leaves=31, estimator__subsample=0.1; total time=   1.5s
[CV] END estimator__learning_rate=0.39, estimator__max_depth=12, estimator__num_leaves=8, estimator__subsample=0.01; total time=   0.6s
[CV] END estimator__learning_rate=0.39, estimator__max_depth=12, estimator__num_leaves=31, estimator__subsample=0.001; total time=   1.4s
[CV] END estimator__learning_rate=0.39, estimator__max_depth=13, estimator__num_leaves=6, estimator__subsample=0.1; total time=   0.4s
[CV] END estimator__learning_rate=0.39, estimator__max_depth=13, estimator__num_leaves=10, estimator__subsample=0.001; total time=   0.7s
[CV] END estimator__learning_rate=0.39, estimator__max_depth=13, estimator__num_leaves=31, estimator__subsample=0.1; total time=   1.5s
[CV] END estimator__learning_rate=0.39, estimator__max_depth=14, estimator__num_leaves=8, estimator__subsample=0.01; total time=   0.6s
[CV] END estimator__learning_rate=0.39, estimator__max_depth=14, estimator__num_leaves=31, estimator__subsample=0.001; total time=   1.5s
[CV] END estimator__learning_rate=0.58, estimator__max_depth=10, estimator__num_leaves=6, estimator__subsample=0.1; total time=   0.5s
[CV] END estimator__learning_rate=0.58, estimator__max_depth=10, estimator__num_leaves=10, estimator__subsample=0.1; total time=   0.7s
[CV] END estimator__learning_rate=0.58, estimator__max_depth=11, estimator__num_leaves=2, estimator__subsample=0.001; total time=   0.1s
[CV] END estimator__learning_rate=0.58, estimator__max_depth=11, estimator__num_leaves=2, estimator__subsample=0.01; total time=   0.1s
[CV] END estimator__learning_rate=0.58, estimator__max_depth=11, estimator__num_leaves=2, estimator__subsample=0.2; total time=   0.1s
[CV] END estimator__learning_rate=0.58, estimator__max_depth=11, estimator__num_leaves=4, estimator__subsample=0.1; total time=   0.2s
[CV] END estimator__learning_rate=0.58, estimator__max_depth=11, estimator__num_leaves=6, estimator__subsample=0.001; total time=   0.4s
[CV] END estimator__learning_rate=0.58, estimator__max_depth=11, estimator__num_leaves=8, estimator__subsample=0.01; total time=   0.6s
[CV] END estimator__learning_rate=0.58, estimator__max_depth=11, estimator__num_leaves=31, estimator__subsample=0.001; total time=   1.4s
[CV] END estimator__learning_rate=0.58, estimator__max_depth=12, estimator__num_leaves=6, estimator__subsample=0.01; total time=   0.4s
[CV] END estimator__learning_rate=0.58, estimator__max_depth=12, estimator__num_leaves=8, estimator__subsample=0.2; total time=   0.6s[CV] END estimator__learning_rate=0.01, estimator__max_depth=10, estimator__num_leaves=4, estimator__subsample=0.01; total time=   4.4s
[CV] END estimator__learning_rate=0.01, estimator__max_depth=10, estimator__num_leaves=8, estimator__subsample=0.2; total time=   0.7s
[CV] END estimator__learning_rate=0.01, estimator__max_depth=10, estimator__num_leaves=31, estimator__subsample=0.001; total time=   1.3s
[CV] END estimator__learning_rate=0.01, estimator__max_depth=11, estimator__num_leaves=6, estimator__subsample=0.01; total time=   0.4s
[CV] END estimator__learning_rate=0.01, estimator__max_depth=11, estimator__num_leaves=8, estimator__subsample=0.1; total time=   0.6s
[CV] END estimator__learning_rate=0.01, estimator__max_depth=11, estimator__num_leaves=31, estimator__subsample=0.01; total time=   1.4s
[CV] END estimator__learning_rate=0.01, estimator__max_depth=12, estimator__num_leaves=6, estimator__subsample=0.1; total time=   0.4s
[CV] END estimator__learning_rate=0.01, estimator__max_depth=12, estimator__num_leaves=10, estimator__subsample=0.001; total time=   0.7s
[CV] END estimator__learning_rate=0.01, estimator__max_depth=12, estimator__num_leaves=31, estimator__subsample=0.2; total time=   1.4s
[CV] END estimator__learning_rate=0.01, estimator__max_depth=13, estimator__num_leaves=8, estimator__subsample=0.01; total time=   0.6s
[CV] END estimator__learning_rate=0.01, estimator__max_depth=13, estimator__num_leaves=31, estimator__subsample=0.001; total time=   1.4s
[CV] END estimator__learning_rate=0.01, estimator__max_depth=14, estimator__num_leaves=6, estimator__subsample=0.001; total time=   0.4s
[CV] END estimator__learning_rate=0.01, estimator__max_depth=14, estimator__num_leaves=8, estimator__subsample=0.1; total time=   0.6s
[CV] END estimator__learning_rate=0.01, estimator__max_depth=14, estimator__num_leaves=31, estimator__subsample=0.01; total time=   1.4s
[CV] END estimator__learning_rate=0.2, estimator__max_depth=10, estimator__num_leaves=6, estimator__subsample=0.1; total time=   0.4s
[CV] END estimator__learning_rate=0.2, estimator__max_depth=10, estimator__num_leaves=10, estimator__subsample=0.001; total time=   1.0s
[CV] END estimator__learning_rate=0.2, estimator__max_depth=11, estimator__num_leaves=2, estimator__subsample=0.001; total time=   0.1s
[CV] END estimator__learning_rate=0.2, estimator__max_depth=11, estimator__num_leaves=2, estimator__subsample=0.1; total time=   0.1s
[CV] END estimator__learning_rate=0.2, estimator__max_depth=11, estimator__num_leaves=4, estimator__subsample=0.001; total time=   0.2s
[CV] END estimator__learning_rate=0.2, estimator__max_depth=11, estimator__num_leaves=4, estimator__subsample=0.2; total time=   0.2s
[CV] END estimator__learning_rate=0.2, estimator__max_depth=11, estimator__num_leaves=6, estimator__subsample=0.01; total time=   0.4s
[CV] END estimator__learning_rate=0.2, estimator__max_depth=11, estimator__num_leaves=10, estimator__subsample=0.001; total time=   0.8s
[CV] END estimator__learning_rate=0.2, estimator__max_depth=11, estimator__num_leaves=31, estimator__subsample=0.2; total time=   1.4s
[CV] END estimator__learning_rate=0.2, estimator__max_depth=12, estimator__num_leaves=8, estimator__subsample=0.01; total time=   0.6s
[CV] END estimator__learning_rate=0.2, estimator__max_depth=12, estimator__num_leaves=31, estimator__subsample=0.001; total time=   1.4s
[CV] END estimator__learning_rate=0.2, estimator__max_depth=13, estimator__num_leaves=6, estimator__subsample=0.01; total time=   0.4s
[CV] END estimator__learning_rate=0.2, estimator__max_depth=13, estimator__num_leaves=8, estimator__subsample=0.2; total time=   0.6s
[CV] END estimator__learning_rate=0.2, estimator__max_depth=13, estimator__num_leaves=31, estimator__subsample=0.1; total time=   1.4s
[CV] END estimator__learning_rate=0.2, estimator__max_depth=14, estimator__num_leaves=8, estimator__subsample=0.001; total time=   0.6s
[CV] END estimator__learning_rate=0.2, estimator__max_depth=14, estimator__num_leaves=10, estimator__subsample=0.1; total time=   0.7s
[CV] END estimator__learning_rate=0.39, estimator__max_depth=10, estimator__num_leaves=2, estimator__subsample=0.01; total time=   0.1s
[CV] END estimator__learning_rate=0.39, estimator__max_depth=10, estimator__num_leaves=4, estimator__subsample=0.001; total time=   0.2s
[CV] END estimator__learning_rate=0.39, estimator__max_depth=10, estimator__num_leaves=4, estimator__subsample=0.1; total time=   0.2s
[CV] END estimator__learning_rate=0.39, estimator__max_depth=10, estimator__num_leaves=6, estimator__subsample=0.001; total time=   0.4s
[CV] END estimator__learning_rate=0.39, estimator__max_depth=10, estimator__num_leaves=8, estimator__subsample=0.2; total time=   0.6s
[CV] END estimator__learning_rate=0.39, estimator__max_depth=10, estimator__num_leaves=31, estimator__subsample=0.01; total time=   1.4s
[CV] END estimator__learning_rate=0.39, estimator__max_depth=11, estimator__num_leaves=8, estimator__subsample=0.001; total time=   0.6s
[CV] END estimator__learning_rate=0.39, estimator__max_depth=11, estimator__num_leaves=10, estimator__subsample=0.1; total time=   0.7s
[CV] END estimator__learning_rate=0.39, estimator__max_depth=12, estimator__num_leaves=2, estimator__subsample=0.1; total time=   0.1s
[CV] END estimator__learning_rate=0.39, estimator__max_depth=12, estimator__num_leaves=4, estimator__subsample=0.001; total time=   0.3s
[CV] END estimator__learning_rate=0.39, estimator__max_depth=12, estimator__num_leaves=4, estimator__subsample=0.2; total time=   0.2s
[CV] END estimator__learning_rate=0.39, estimator__max_depth=12, estimator__num_leaves=6, estimator__subsample=0.01; total time=   0.4s
[CV] END estimator__learning_rate=0.39, estimator__max_depth=12, estimator__num_leaves=10, estimator__subsample=0.001; total time=   0.7s
[CV] END estimator__learning_rate=0.39, estimator__max_depth=12, estimator__num_leaves=31, estimator__subsample=0.2; total time=   1.5s
[CV] END estimator__learning_rate=0.39, estimator__max_depth=13, estimator__num_leaves=8, estimator__subsample=0.1; total time=   0.6s
[CV] END estimator__learning_rate=0.39, estimator__max_depth=13, estimator__num_leaves=31, estimator__subsample=0.001; total time=   1.5s
[CV] END estimator__learning_rate=0.39, estimator__max_depth=14, estimator__num_leaves=6, estimator__subsample=0.2; total time=   0.4s
[CV] END estimator__learning_rate=0.39, estimator__max_depth=14, estimator__num_leaves=10, estimator__subsample=0.01; total time=   0.7s
[CV] END estimator__learning_rate=0.39, estimator__max_depth=14, estimator__num_leaves=31, estimator__subsample=0.2; total time=   1.5s
[CV] END estimator__learning_rate=0.58, estimator__max_depth=10, estimator__num_leaves=8, estimator__subsample=0.1; total time=   0.6s
[CV] END estimator__learning_rate=0.58, estimator__max_depth=10, estimator__num_leaves=31, estimator__subsample=0.01; total time=   1.4s
[CV] END estimator__learning_rate=0.58, estimator__max_depth=11, estimator__num_leaves=6, estimator__subsample=0.01; total time=   0.4s
[CV] END estimator__learning_rate=0.58, estimator__max_depth=11, estimator__num_leaves=8, estimator__subsample=0.2; total time=   0.6s
[CV] END estimator__learning_rate=0.58, estimator__max_depth=11, estimator__num_leaves=31, estimator__subsample=0.1; total time=   1.4s
[CV] END estimator__learning_rate=0.58, estimator__max_depth=12, estimator__num_leaves=8, estimator__subsample=0.001; total time=   0.6s
[CV] END estimator__learning_rate=0.58, estimator__max_depth=12, estimator__num_leaves=10, estimator__subsample=0.1; total time=   0.7s
[CV] END estimator__learning_rate=0.58, estimator__max_depth=13, estimator__num_leaves=2, estimator__subsample=0.01; total time=   0.1s
[CV] END estimator__learning_rate=0.58, estimator__max_depth=13, estimator__num_leaves=4, estimator__subsample=0.001; total time=   0.2s
[CV] END estimator__learning_rate=0.58, estimator__max_depth=13, estimator__num_leaves=4, estimator__subsample=0.1; total time=   0.2s
[CV] END estimator__learning_rate=0.58, estimator__max_depth=13, estimator__num_leaves=6, estimator__subsample=0.001; total time=   0.4s[CV] END estimator__learning_rate=0.01, estimator__max_depth=10, estimator__num_leaves=2, estimator__subsample=0.1; total time=   4.6s
[CV] END estimator__learning_rate=0.01, estimator__max_depth=10, estimator__num_leaves=10, estimator__subsample=0.2; total time=   0.8s
[CV] END estimator__learning_rate=0.01, estimator__max_depth=11, estimator__num_leaves=2, estimator__subsample=0.01; total time=   0.1s
[CV] END estimator__learning_rate=0.01, estimator__max_depth=11, estimator__num_leaves=2, estimator__subsample=0.2; total time=   0.1s
[CV] END estimator__learning_rate=0.01, estimator__max_depth=11, estimator__num_leaves=4, estimator__subsample=0.1; total time=   0.2s
[CV] END estimator__learning_rate=0.01, estimator__max_depth=11, estimator__num_leaves=6, estimator__subsample=0.001; total time=   0.4s
[CV] END estimator__learning_rate=0.01, estimator__max_depth=11, estimator__num_leaves=8, estimator__subsample=0.01; total time=   0.6s
[CV] END estimator__learning_rate=0.01, estimator__max_depth=11, estimator__num_leaves=10, estimator__subsample=0.2; total time=   0.7s
[CV] END estimator__learning_rate=0.01, estimator__max_depth=12, estimator__num_leaves=4, estimator__subsample=0.001; total time=   0.2s
[CV] END estimator__learning_rate=0.01, estimator__max_depth=12, estimator__num_leaves=4, estimator__subsample=0.1; total time=   0.2s
[CV] END estimator__learning_rate=0.01, estimator__max_depth=12, estimator__num_leaves=6, estimator__subsample=0.01; total time=   0.4s
[CV] END estimator__learning_rate=0.01, estimator__max_depth=12, estimator__num_leaves=8, estimator__subsample=0.2; total time=   0.6s
[CV] END estimator__learning_rate=0.01, estimator__max_depth=12, estimator__num_leaves=31, estimator__subsample=0.01; total time=   1.4s
[CV] END estimator__learning_rate=0.01, estimator__max_depth=13, estimator__num_leaves=6, estimator__subsample=0.2; total time=   0.4s
[CV] END estimator__learning_rate=0.01, estimator__max_depth=13, estimator__num_leaves=10, estimator__subsample=0.01; total time=   0.7s
[CV] END estimator__learning_rate=0.01, estimator__max_depth=13, estimator__num_leaves=31, estimator__subsample=0.2; total time=   1.4s
[CV] END estimator__learning_rate=0.01, estimator__max_depth=14, estimator__num_leaves=8, estimator__subsample=0.1; total time=   0.6s
[CV] END estimator__learning_rate=0.01, estimator__max_depth=14, estimator__num_leaves=31, estimator__subsample=0.001; total time=   1.5s
[CV] END estimator__learning_rate=0.2, estimator__max_depth=10, estimator__num_leaves=6, estimator__subsample=0.1; total time=   0.4s
[CV] END estimator__learning_rate=0.2, estimator__max_depth=10, estimator__num_leaves=10, estimator__subsample=0.01; total time=   0.8s
[CV] END estimator__learning_rate=0.2, estimator__max_depth=10, estimator__num_leaves=31, estimator__subsample=0.1; total time=   1.4s
[CV] END estimator__learning_rate=0.2, estimator__max_depth=11, estimator__num_leaves=8, estimator__subsample=0.1; total time=   0.6s
[CV] END estimator__learning_rate=0.2, estimator__max_depth=11, estimator__num_leaves=31, estimator__subsample=0.001; total time=   1.5s
[CV] END estimator__learning_rate=0.2, estimator__max_depth=12, estimator__num_leaves=6, estimator__subsample=0.1; total time=   0.4s
[CV] END estimator__learning_rate=0.2, estimator__max_depth=12, estimator__num_leaves=10, estimator__subsample=0.01; total time=   0.9s
[CV] END estimator__learning_rate=0.2, estimator__max_depth=13, estimator__num_leaves=2, estimator__subsample=0.001; total time=   0.1s
[CV] END estimator__learning_rate=0.2, estimator__max_depth=13, estimator__num_leaves=2, estimator__subsample=0.1; total time=   0.1s
[CV] END estimator__learning_rate=0.2, estimator__max_depth=13, estimator__num_leaves=4, estimator__subsample=0.001; total time=   0.2s
[CV] END estimator__learning_rate=0.2, estimator__max_depth=13, estimator__num_leaves=4, estimator__subsample=0.2; total time=   0.2s
[CV] END estimator__learning_rate=0.2, estimator__max_depth=13, estimator__num_leaves=6, estimator__subsample=0.01; total time=   0.4s
[CV] END estimator__learning_rate=0.2, estimator__max_depth=13, estimator__num_leaves=10, estimator__subsample=0.001; total time=   0.7s
[CV] END estimator__learning_rate=0.2, estimator__max_depth=13, estimator__num_leaves=31, estimator__subsample=0.1; total time=   1.5s
[CV] END estimator__learning_rate=0.2, estimator__max_depth=14, estimator__num_leaves=8, estimator__subsample=0.1; total time=   0.6s
[CV] END estimator__learning_rate=0.2, estimator__max_depth=14, estimator__num_leaves=31, estimator__subsample=0.001; total time=   1.4s
[CV] END estimator__learning_rate=0.39, estimator__max_depth=10, estimator__num_leaves=6, estimator__subsample=0.01; total time=   0.4s
[CV] END estimator__learning_rate=0.39, estimator__max_depth=10, estimator__num_leaves=10, estimator__subsample=0.001; total time=   0.7s
[CV] END estimator__learning_rate=0.39, estimator__max_depth=10, estimator__num_leaves=31, estimator__subsample=0.1; total time=   1.4s
[CV] END estimator__learning_rate=0.39, estimator__max_depth=11, estimator__num_leaves=8, estimator__subsample=0.01; total time=   0.6s
[CV] END estimator__learning_rate=0.39, estimator__max_depth=11, estimator__num_leaves=31, estimator__subsample=0.001; total time=   1.5s
[CV] END estimator__learning_rate=0.39, estimator__max_depth=12, estimator__num_leaves=6, estimator__subsample=0.1; total time=   0.4s
[CV] END estimator__learning_rate=0.39, estimator__max_depth=12, estimator__num_leaves=10, estimator__subsample=0.01; total time=   0.7s
[CV] END estimator__learning_rate=0.39, estimator__max_depth=12, estimator__num_leaves=31, estimator__subsample=0.1; total time=   1.5s
[CV] END estimator__learning_rate=0.39, estimator__max_depth=13, estimator__num_leaves=8, estimator__subsample=0.1; total time=   0.6s
[CV] END estimator__learning_rate=0.39, estimator__max_depth=13, estimator__num_leaves=31, estimator__subsample=0.01; total time=   1.5s
[CV] END estimator__learning_rate=0.39, estimator__max_depth=14, estimator__num_leaves=6, estimator__subsample=0.2; total time=   0.4s
[CV] END estimator__learning_rate=0.39, estimator__max_depth=14, estimator__num_leaves=10, estimator__subsample=0.01; total time=   0.7s
[CV] END estimator__learning_rate=0.58, estimator__max_depth=10, estimator__num_leaves=2, estimator__subsample=0.001; total time=   0.1s
[CV] END estimator__learning_rate=0.58, estimator__max_depth=10, estimator__num_leaves=2, estimator__subsample=0.01; total time=   0.1s
[CV] END estimator__learning_rate=0.58, estimator__max_depth=10, estimator__num_leaves=2, estimator__subsample=0.2; total time=   0.1s
[CV] END estimator__learning_rate=0.58, estimator__max_depth=10, estimator__num_leaves=4, estimator__subsample=0.01; total time=   0.2s
[CV] END estimator__learning_rate=0.58, estimator__max_depth=10, estimator__num_leaves=4, estimator__subsample=0.2; total time=   0.2s
[CV] END estimator__learning_rate=0.58, estimator__max_depth=10, estimator__num_leaves=6, estimator__subsample=0.1; total time=   0.4s
[CV] END estimator__learning_rate=0.58, estimator__max_depth=10, estimator__num_leaves=10, estimator__subsample=0.001; total time=   0.7s
[CV] END estimator__learning_rate=0.58, estimator__max_depth=10, estimator__num_leaves=31, estimator__subsample=0.2; total time=   1.5s
[CV] END estimator__learning_rate=0.58, estimator__max_depth=11, estimator__num_leaves=8, estimator__subsample=0.1; total time=   0.6s
[CV] END estimator__learning_rate=0.58, estimator__max_depth=11, estimator__num_leaves=31, estimator__subsample=0.01; total time=   1.4s
[CV] END estimator__learning_rate=0.58, estimator__max_depth=12, estimator__num_leaves=6, estimator__subsample=0.1; total time=   0.4s
[CV] END estimator__learning_rate=0.58, estimator__max_depth=12, estimator__num_leaves=10, estimator__subsample=0.01; total time=   0.7s
[CV] END estimator__learning_rate=0.58, estimator__max_depth=12, estimator__num_leaves=31, estimator__subsample=0.2; total time=   1.4s
[CV] END estimator__learning_rate=0.58, estimator__max_depth=13, estimator__num_leaves=8, estimator__subsample=0.1; total time=   0.6s[CV] END estimator__learning_rate=0.01, estimator__max_depth=10, estimator__num_leaves=4, estimator__subsample=0.001; total time=   4.7s
[CV] END estimator__learning_rate=0.01, estimator__max_depth=10, estimator__num_leaves=31, estimator__subsample=0.001; total time=   1.4s
[CV] END estimator__learning_rate=0.01, estimator__max_depth=11, estimator__num_leaves=6, estimator__subsample=0.001; total time=   0.4s
[CV] END estimator__learning_rate=0.01, estimator__max_depth=11, estimator__num_leaves=8, estimator__subsample=0.01; total time=   0.6s
[CV] END estimator__learning_rate=0.01, estimator__max_depth=11, estimator__num_leaves=31, estimator__subsample=0.001; total time=   1.4s
[CV] END estimator__learning_rate=0.01, estimator__max_depth=12, estimator__num_leaves=6, estimator__subsample=0.01; total time=   0.5s
[CV] END estimator__learning_rate=0.01, estimator__max_depth=12, estimator__num_leaves=8, estimator__subsample=0.2; total time=   0.6s
[CV] END estimator__learning_rate=0.01, estimator__max_depth=12, estimator__num_leaves=31, estimator__subsample=0.1; total time=   1.4s
[CV] END estimator__learning_rate=0.01, estimator__max_depth=13, estimator__num_leaves=8, estimator__subsample=0.001; total time=   0.6s
[CV] END estimator__learning_rate=0.01, estimator__max_depth=13, estimator__num_leaves=10, estimator__subsample=0.1; total time=   0.7s
[CV] END estimator__learning_rate=0.01, estimator__max_depth=14, estimator__num_leaves=2, estimator__subsample=0.01; total time=   0.1s
[CV] END estimator__learning_rate=0.01, estimator__max_depth=14, estimator__num_leaves=4, estimator__subsample=0.001; total time=   0.2s
[CV] END estimator__learning_rate=0.01, estimator__max_depth=14, estimator__num_leaves=4, estimator__subsample=0.1; total time=   0.3s
[CV] END estimator__learning_rate=0.01, estimator__max_depth=14, estimator__num_leaves=6, estimator__subsample=0.01; total time=   0.5s
[CV] END estimator__learning_rate=0.01, estimator__max_depth=14, estimator__num_leaves=10, estimator__subsample=0.001; total time=   0.7s
[CV] END estimator__learning_rate=0.01, estimator__max_depth=14, estimator__num_leaves=31, estimator__subsample=0.1; total time=   1.5s
[CV] END estimator__learning_rate=0.2, estimator__max_depth=10, estimator__num_leaves=8, estimator__subsample=0.1; total time=   0.8s
[CV] END estimator__learning_rate=0.2, estimator__max_depth=10, estimator__num_leaves=31, estimator__subsample=0.1; total time=   1.4s
[CV] END estimator__learning_rate=0.2, estimator__max_depth=11, estimator__num_leaves=8, estimator__subsample=0.001; total time=   0.6s
[CV] END estimator__learning_rate=0.2, estimator__max_depth=11, estimator__num_leaves=10, estimator__subsample=0.2; total time=   0.7s
[CV] END estimator__learning_rate=0.2, estimator__max_depth=12, estimator__num_leaves=2, estimator__subsample=0.1; total time=   0.1s
[CV] END estimator__learning_rate=0.2, estimator__max_depth=12, estimator__num_leaves=4, estimator__subsample=0.001; total time=   0.2s
[CV] END estimator__learning_rate=0.2, estimator__max_depth=12, estimator__num_leaves=4, estimator__subsample=0.2; total time=   0.2s
[CV] END estimator__learning_rate=0.2, estimator__max_depth=12, estimator__num_leaves=6, estimator__subsample=0.01; total time=   0.4s
[CV] END estimator__learning_rate=0.2, estimator__max_depth=12, estimator__num_leaves=8, estimator__subsample=0.2; total time=   0.7s
[CV] END estimator__learning_rate=0.2, estimator__max_depth=12, estimator__num_leaves=31, estimator__subsample=0.1; total time=   1.4s
[CV] END estimator__learning_rate=0.2, estimator__max_depth=13, estimator__num_leaves=8, estimator__subsample=0.01; total time=   0.6s
[CV] END estimator__learning_rate=0.2, estimator__max_depth=13, estimator__num_leaves=10, estimator__subsample=0.2; total time=   0.8s
[CV] END estimator__learning_rate=0.2, estimator__max_depth=14, estimator__num_leaves=2, estimator__subsample=0.2; total time=   0.1s
[CV] END estimator__learning_rate=0.2, estimator__max_depth=14, estimator__num_leaves=4, estimator__subsample=0.01; total time=   0.2s
[CV] END estimator__learning_rate=0.2, estimator__max_depth=14, estimator__num_leaves=6, estimator__subsample=0.001; total time=   0.4s
[CV] END estimator__learning_rate=0.2, estimator__max_depth=14, estimator__num_leaves=8, estimator__subsample=0.001; total time=   0.6s
[CV] END estimator__learning_rate=0.2, estimator__max_depth=14, estimator__num_leaves=10, estimator__subsample=0.2; total time=   0.7s
[CV] END estimator__learning_rate=0.39, estimator__max_depth=10, estimator__num_leaves=2, estimator__subsample=0.1; total time=   0.1s
[CV] END estimator__learning_rate=0.39, estimator__max_depth=10, estimator__num_leaves=4, estimator__subsample=0.001; total time=   0.2s
[CV] END estimator__learning_rate=0.39, estimator__max_depth=10, estimator__num_leaves=4, estimator__subsample=0.2; total time=   0.2s
[CV] END estimator__learning_rate=0.39, estimator__max_depth=10, estimator__num_leaves=6, estimator__subsample=0.01; total time=   0.4s
[CV] END estimator__learning_rate=0.39, estimator__max_depth=10, estimator__num_leaves=10, estimator__subsample=0.001; total time=   0.7s
[CV] END estimator__learning_rate=0.39, estimator__max_depth=10, estimator__num_leaves=31, estimator__subsample=0.2; total time=   1.4s
[CV] END estimator__learning_rate=0.39, estimator__max_depth=11, estimator__num_leaves=8, estimator__subsample=0.01; total time=   0.6s
[CV] END estimator__learning_rate=0.39, estimator__max_depth=11, estimator__num_leaves=31, estimator__subsample=0.001; total time=   1.4s
[CV] END estimator__learning_rate=0.39, estimator__max_depth=12, estimator__num_leaves=6, estimator__subsample=0.01; total time=   0.4s
[CV] END estimator__learning_rate=0.39, estimator__max_depth=12, estimator__num_leaves=10, estimator__subsample=0.001; total time=   0.7s
[CV] END estimator__learning_rate=0.39, estimator__max_depth=12, estimator__num_leaves=31, estimator__subsample=0.1; total time=   1.5s
[CV] END estimator__learning_rate=0.39, estimator__max_depth=13, estimator__num_leaves=8, estimator__subsample=0.01; total time=   0.6s
[CV] END estimator__learning_rate=0.39, estimator__max_depth=13, estimator__num_leaves=31, estimator__subsample=0.001; total time=   1.5s
[CV] END estimator__learning_rate=0.39, estimator__max_depth=14, estimator__num_leaves=6, estimator__subsample=0.01; total time=   0.4s
[CV] END estimator__learning_rate=0.39, estimator__max_depth=14, estimator__num_leaves=10, estimator__subsample=0.001; total time=   0.7s
[CV] END estimator__learning_rate=0.39, estimator__max_depth=14, estimator__num_leaves=31, estimator__subsample=0.2; total time=   1.5s
[CV] END estimator__learning_rate=0.58, estimator__max_depth=10, estimator__num_leaves=8, estimator__subsample=0.1; total time=   0.6s
[CV] END estimator__learning_rate=0.58, estimator__max_depth=10, estimator__num_leaves=31, estimator__subsample=0.001; total time=   1.4s
[CV] END estimator__learning_rate=0.58, estimator__max_depth=11, estimator__num_leaves=6, estimator__subsample=0.01; total time=   0.4s
[CV] END estimator__learning_rate=0.58, estimator__max_depth=11, estimator__num_leaves=10, estimator__subsample=0.001; total time=   0.7s
[CV] END estimator__learning_rate=0.58, estimator__max_depth=11, estimator__num_leaves=31, estimator__subsample=0.1; total time=   1.5s
[CV] END estimator__learning_rate=0.58, estimator__max_depth=12, estimator__num_leaves=8, estimator__subsample=0.01; total time=   0.6s
[CV] END estimator__learning_rate=0.58, estimator__max_depth=12, estimator__num_leaves=31, estimator__subsample=0.001; total time=   1.4s
[CV] END estimator__learning_rate=0.58, estimator__max_depth=13, estimator__num_leaves=6, estimator__subsample=0.1; total time=   0.4s
[CV] END estimator__learning_rate=0.58, estimator__max_depth=13, estimator__num_leaves=10, estimator__subsample=0.001; total time=   0.7s
[CV] END estimator__learning_rate=0.58, estimator__max_depth=13, estimator__num_leaves=31, estimator__subsample=0.1; total time=   1.5s
[CV] END estimator__learning_rate=0.58, estimator__max_depth=14, estimator__num_leaves=8, estimator__subsample=0.01; total time=   0.6sFitting 5 folds for each of 600 candidates, totalling 3000 fits
[DONE] Family fit complete | family=LGBM elapsed=80.40s best_score=-8.566179372865346 best_params={'estimator__learning_rate': 0.01, 'estimator__max_depth': 10, 'estimator__num_leaves': 31, 'estimator__subsample': 0.001}
[INFO] Family evaluation started | family=LGBM targets=1
[DONE] Family evaluation complete | family=LGBM elapsed=0.00s mean_component_mape=168.680% mean_component_mae=0.000440
[INFO] Family ONNX export started | family=LGBM targets=1 estimator=LGBMRegressor
[DONE] Family ONNX export complete | family=LGBM elapsed=0.09s exported=1 failed=0
[DONE] Original-dataset exact validation complete | summary=output/validation_checks/paper_reimplementation_rcim_original_dataset_exact_model_bank_forward_maxi_last_non_green_cells/2026-04-29-06-17-35__track1_forward_lgbm_ampl_h162_maxi_last_non_green_cells_attempt_20_campaign_run/validation_summary.yaml report=doc/reports/analysis/validation_checks/2026-04-29-06-19-34_paper_reimplementation_rcim_original_dataset_exact_model_bank_forward_maxi_last_non_green_cells_track1_forward_lgbm_ampl_h162_maxi_last_non_green_cells_attempt_20_campaign_run_original_dataset_exact_model_bank_report.md
[CV] END estimator__learning_rate=0.58, estimator__max_depth=12, estimator__num_leaves=2, estimator__subsample=0.01; total time=   0.1s
[CV] END estimator__learning_rate=0.58, estimator__max_depth=12, estimator__num_leaves=2, estimator__subsample=0.1; total time=   0.1s
[CV] END estimator__learning_rate=0.58, estimator__max_depth=12, estimator__num_leaves=4, estimator__subsample=0.01; total time=   0.2s
[CV] END estimator__learning_rate=0.58, estimator__max_depth=12, estimator__num_leaves=4, estimator__subsample=0.2; total time=   0.3s
[CV] END estimator__learning_rate=0.58, estimator__max_depth=12, estimator__num_leaves=6, estimator__subsample=0.2; total time=   0.4s
[CV] END estimator__learning_rate=0.58, estimator__max_depth=12, estimator__num_leaves=10, estimator__subsample=0.01; total time=   0.8s
[CV] END estimator__learning_rate=0.58, estimator__max_depth=13, estimator__num_leaves=2, estimator__subsample=0.001; total time=   0.0s
[CV] END estimator__learning_rate=0.58, estimator__max_depth=13, estimator__num_leaves=2, estimator__subsample=0.01; total time=   0.1s
[CV] END estimator__learning_rate=0.58, estimator__max_depth=13, estimator__num_leaves=2, estimator__subsample=0.1; total time=   0.1s
[CV] END estimator__learning_rate=0.58, estimator__max_depth=13, estimator__num_leaves=4, estimator__subsample=0.01; total time=   0.2s
[CV] END estimator__learning_rate=0.58, estimator__max_depth=13, estimator__num_leaves=4, estimator__subsample=0.2; total time=   0.2s
[CV] END estimator__learning_rate=0.58, estimator__max_depth=13, estimator__num_leaves=6, estimator__subsample=0.01; total time=   0.4s
[CV] END estimator__learning_rate=0.58, estimator__max_depth=13, estimator__num_leaves=10, estimator__subsample=0.001; total time=   0.7s
[CV] END estimator__learning_rate=0.58, estimator__max_depth=13, estimator__num_leaves=31, estimator__subsample=0.1; total time=   1.5s
[CV] END estimator__learning_rate=0.58, estimator__max_depth=14, estimator__num_leaves=8, estimator__subsample=0.01; total time=   0.6s
[CV] END estimator__learning_rate=0.58, estimator__max_depth=14, estimator__num_leaves=31, estimator__subsample=0.001; total time=   1.5s
[CV] END estimator__learning_rate=0.77, estimator__max_depth=10, estimator__num_leaves=6, estimator__subsample=0.1; total time=   0.4s
[CV] END estimator__learning_rate=0.77, estimator__max_depth=10, estimator__num_leaves=10, estimator__subsample=0.001; total time=   0.7s
[CV] END estimator__learning_rate=0.77, estimator__max_depth=10, estimator__num_leaves=31, estimator__subsample=0.1; total time=   1.5s
[CV] END estimator__learning_rate=0.77, estimator__max_depth=11, estimator__num_leaves=8, estimator__subsample=0.1; total time=   0.6s
[CV] END estimator__learning_rate=0.77, estimator__max_depth=11, estimator__num_leaves=31, estimator__subsample=0.001; total time=   1.4s
[CV] END estimator__learning_rate=0.77, estimator__max_depth=12, estimator__num_leaves=6, estimator__subsample=0.01; total time=   0.4s
[CV] END estimator__learning_rate=0.77, estimator__max_depth=12, estimator__num_leaves=10, estimator__subsample=0.001; total time=   0.7s
[CV] END estimator__learning_rate=0.77, estimator__max_depth=12, estimator__num_leaves=31, estimator__subsample=0.1; total time=   1.5s
[CV] END estimator__learning_rate=0.77, estimator__max_depth=13, estimator__num_leaves=8, estimator__subsample=0.1; total time=   0.6s
[CV] END estimator__learning_rate=0.77, estimator__max_depth=13, estimator__num_leaves=31, estimator__subsample=0.001; total time=   1.5s
[CV] END estimator__learning_rate=0.77, estimator__max_depth=14, estimator__num_leaves=6, estimator__subsample=0.1; total time=   0.4s
[CV] END estimator__learning_rate=0.77, estimator__max_depth=14, estimator__num_leaves=10, estimator__subsample=0.01; total time=   0.7s
[CV] END estimator__learning_rate=0.39, estimator__max_depth=14, estimator__num_leaves=6, estimator__subsample=0.001; total time=   0.4s
[CV] END estimator__learning_rate=0.39, estimator__max_depth=14, estimator__num_leaves=8, estimator__subsample=0.01; total time=   0.6s
[CV] END estimator__learning_rate=0.39, estimator__max_depth=14, estimator__num_leaves=10, estimator__subsample=0.2; total time=   0.8s
[CV] END estimator__learning_rate=0.58, estimator__max_depth=10, estimator__num_leaves=2, estimator__subsample=0.2; total time=   0.1s
[CV] END estimator__learning_rate=0.58, estimator__max_depth=10, estimator__num_leaves=4, estimator__subsample=0.01; total time=   0.2s
[CV] END estimator__learning_rate=0.58, estimator__max_depth=10, estimator__num_leaves=6, estimator__subsample=0.001; total time=   0.4s
[CV] END estimator__learning_rate=0.58, estimator__max_depth=10, estimator__num_leaves=8, estimator__subsample=0.01; total time=   0.6s
[CV] END estimator__learning_rate=0.58, estimator__max_depth=10, estimator__num_leaves=10, estimator__subsample=0.2; total time=   0.8s
[CV] END estimator__learning_rate=0.58, estimator__max_depth=11, estimator__num_leaves=2, estimator__subsample=0.1; total time=   0.1s
[CV] END estimator__learning_rate=0.58, estimator__max_depth=11, estimator__num_leaves=4, estimator__subsample=0.001; total time=   0.2s
[CV] END estimator__learning_rate=0.58, estimator__max_depth=11, estimator__num_leaves=4, estimator__subsample=0.2; total time=   0.3s
[CV] END estimator__learning_rate=0.58, estimator__max_depth=11, estimator__num_leaves=6, estimator__subsample=0.2; total time=   0.4s
[CV] END estimator__learning_rate=0.58, estimator__max_depth=11, estimator__num_leaves=10, estimator__subsample=0.01; total time=   0.7s
[CV] END estimator__learning_rate=0.58, estimator__max_depth=11, estimator__num_leaves=31, estimator__subsample=0.2; total time=   1.5s
[CV] END estimator__learning_rate=0.58, estimator__max_depth=12, estimator__num_leaves=8, estimator__subsample=0.2; total time=   0.6s
[CV] END estimator__learning_rate=0.58, estimator__max_depth=12, estimator__num_leaves=31, estimator__subsample=0.01; total time=   1.5s
[CV] END estimator__learning_rate=0.58, estimator__max_depth=13, estimator__num_leaves=6, estimator__subsample=0.2; total time=   0.4s
[CV] END estimator__learning_rate=0.58, estimator__max_depth=13, estimator__num_leaves=10, estimator__subsample=0.01; total time=   0.7s
[CV] END estimator__learning_rate=0.58, estimator__max_depth=14, estimator__num_leaves=2, estimator__subsample=0.001; total time=   0.0s
[CV] END estimator__learning_rate=0.58, estimator__max_depth=14, estimator__num_leaves=2, estimator__subsample=0.01; total time=   0.1s
[CV] END estimator__learning_rate=0.58, estimator__max_depth=14, estimator__num_leaves=2, estimator__subsample=0.2; total time=   0.1s
[CV] END estimator__learning_rate=0.58, estimator__max_depth=14, estimator__num_leaves=4, estimator__subsample=0.01; total time=   0.2s
[CV] END estimator__learning_rate=0.58, estimator__max_depth=14, estimator__num_leaves=6, estimator__subsample=0.001; total time=   0.4s
[CV] END estimator__learning_rate=0.58, estimator__max_depth=14, estimator__num_leaves=8, estimator__subsample=0.01; total time=   0.6s
[CV] END estimator__learning_rate=0.58, estimator__max_depth=14, estimator__num_leaves=10, estimator__subsample=0.2; total time=   0.8s
[CV] END estimator__learning_rate=0.77, estimator__max_depth=10, estimator__num_leaves=2, estimator__subsample=0.2; total time=   0.1s
[CV] END estimator__learning_rate=0.77, estimator__max_depth=10, estimator__num_leaves=4, estimator__subsample=0.01; total time=   0.2s
[CV] END estimator__learning_rate=0.77, estimator__max_depth=10, estimator__num_leaves=6, estimator__subsample=0.001; total time=   0.4s
[CV] END estimator__learning_rate=0.77, estimator__max_depth=10, estimator__num_leaves=8, estimator__subsample=0.01; total time=   0.6s
[CV] END estimator__learning_rate=0.77, estimator__max_depth=10, estimator__num_leaves=10, estimator__subsample=0.2; total time=   0.7s
[CV] END estimator__learning_rate=0.77, estimator__max_depth=11, estimator__num_leaves=2, estimator__subsample=0.1; total time=   0.1s
[CV] END estimator__learning_rate=0.77, estimator__max_depth=11, estimator__num_leaves=4, estimator__subsample=0.001; total time=   0.2s
[CV] END estimator__learning_rate=0.77, estimator__max_depth=11, estimator__num_leaves=4, estimator__subsample=0.1; total time=   0.2s
[CV] END estimator__learning_rate=0.77, estimator__max_depth=11, estimator__num_leaves=6, estimator__subsample=0.1; total time=   0.4s
[CV] END estimator__learning_rate=0.77, estimator__max_depth=11, estimator__num_leaves=10, estimator__subsample=0.001; total time=   0.7s
[CV] END estimator__learning_rate=0.77, estimator__max_depth=11, estimator__num_leaves=31, estimator__subsample=0.2; total time=   1.4s
[CV] END estimator__learning_rate=0.77, estimator__max_depth=12, estimator__num_leaves=8, estimator__subsample=0.1; total time=   0.6s
[CV] END estimator__learning_rate=0.77, estimator__max_depth=12, estimator__num_leaves=31, estimator__subsample=0.001; total time=   1.5s
[CV] END estimator__learning_rate=0.77, estimator__max_depth=13, estimator__num_leaves=6, estimator__subsample=0.01; total time=   0.5s
[CV] END estimator__learning_rate=0.77, estimator__max_depth=13, estimator__num_leaves=10, estimator__subsample=0.1; total time=   0.7s
[CV] END estimator__learning_rate=0.77, estimator__max_depth=14, estimator__num_leaves=2, estimator__subsample=0.001; total time=   0.0s
[CV] END estimator__learning_rate=0.77, estimator__max_depth=14, estimator__num_leaves=2, estimator__subsample=0.01; total time=   0.1s
[CV] END estimator__learning_rate=0.77, estimator__max_depth=14, estimator__num_leaves=2, estimator__subsample=0.1; total time=   0.1s
[CV] END estimator__learning_rate=0.77, estimator__max_depth=14, estimator__num_leaves=4, estimator__subsample=0.01; total time=   0.2s
[CV] END estimator__learning_rate=0.77, estimator__max_depth=14, estimator__num_leaves=4, estimator__subsample=0.2; total time=   0.3s
[CV] END estimator__learning_rate=0.77, estimator__max_depth=14, estimator__num_leaves=6, estimator__subsample=0.2; total time=   0.4s
[CV] END estimator__learning_rate=0.77, estimator__max_depth=14, estimator__num_leaves=10, estimator__subsample=0.01; total time=   0.7s
[CV] END estimator__learning_rate=0.58, estimator__max_depth=11, estimator__num_leaves=8, estimator__subsample=0.01; total time=   0.6s
[CV] END estimator__learning_rate=0.58, estimator__max_depth=11, estimator__num_leaves=31, estimator__subsample=0.001; total time=   1.4s
[CV] END estimator__learning_rate=0.58, estimator__max_depth=12, estimator__num_leaves=6, estimator__subsample=0.001; total time=   0.4s
[CV] END estimator__learning_rate=0.58, estimator__max_depth=12, estimator__num_leaves=8, estimator__subsample=0.2; total time=   0.6s
[CV] END estimator__learning_rate=0.58, estimator__max_depth=12, estimator__num_leaves=31, estimator__subsample=0.01; total time=   1.4s
[CV] END estimator__learning_rate=0.58, estimator__max_depth=13, estimator__num_leaves=6, estimator__subsample=0.2; total time=   0.5s
[CV] END estimator__learning_rate=0.58, estimator__max_depth=13, estimator__num_leaves=10, estimator__subsample=0.1; total time=   0.7s
[CV] END estimator__learning_rate=0.58, estimator__max_depth=14, estimator__num_leaves=2, estimator__subsample=0.001; total time=   0.1s
[CV] END estimator__learning_rate=0.58, estimator__max_depth=14, estimator__num_leaves=2, estimator__subsample=0.01; total time=   0.1s
[CV] END estimator__learning_rate=0.58, estimator__max_depth=14, estimator__num_leaves=4, estimator__subsample=0.001; total time=   0.2s
[CV] END estimator__learning_rate=0.58, estimator__max_depth=14, estimator__num_leaves=4, estimator__subsample=0.1; total time=   0.2s
[CV] END estimator__learning_rate=0.58, estimator__max_depth=14, estimator__num_leaves=6, estimator__subsample=0.01; total time=   0.4s
[CV] END estimator__learning_rate=0.58, estimator__max_depth=14, estimator__num_leaves=8, estimator__subsample=0.2; total time=   0.6s
[CV] END estimator__learning_rate=0.58, estimator__max_depth=14, estimator__num_leaves=31, estimator__subsample=0.1; total time=   1.4s
[CV] END estimator__learning_rate=0.77, estimator__max_depth=10, estimator__num_leaves=8, estimator__subsample=0.001; total time=   0.7s
[CV] END estimator__learning_rate=0.77, estimator__max_depth=10, estimator__num_leaves=10, estimator__subsample=0.2; total time=   0.7s
[CV] END estimator__learning_rate=0.77, estimator__max_depth=11, estimator__num_leaves=2, estimator__subsample=0.2; total time=   0.1s
[CV] END estimator__learning_rate=0.77, estimator__max_depth=11, estimator__num_leaves=4, estimator__subsample=0.01; total time=   0.2s
[CV] END estimator__learning_rate=0.77, estimator__max_depth=11, estimator__num_leaves=6, estimator__subsample=0.001; total time=   0.4s
[CV] END estimator__learning_rate=0.77, estimator__max_depth=11, estimator__num_leaves=8, estimator__subsample=0.001; total time=   0.6s
[CV] END estimator__learning_rate=0.77, estimator__max_depth=11, estimator__num_leaves=10, estimator__subsample=0.2; total time=   0.7s
[CV] END estimator__learning_rate=0.77, estimator__max_depth=12, estimator__num_leaves=2, estimator__subsample=0.1; total time=   0.1s
[CV] END estimator__learning_rate=0.77, estimator__max_depth=12, estimator__num_leaves=4, estimator__subsample=0.01; total time=   0.2s
[CV] END estimator__learning_rate=0.77, estimator__max_depth=12, estimator__num_leaves=4, estimator__subsample=0.2; total time=   0.2s
[CV] END estimator__learning_rate=0.77, estimator__max_depth=12, estimator__num_leaves=6, estimator__subsample=0.1; total time=   0.4s
[CV] END estimator__learning_rate=0.77, estimator__max_depth=12, estimator__num_leaves=10, estimator__subsample=0.01; total time=   0.7s
[CV] END estimator__learning_rate=0.77, estimator__max_depth=12, estimator__num_leaves=31, estimator__subsample=0.2; total time=   1.5s
[CV] END estimator__learning_rate=0.77, estimator__max_depth=13, estimator__num_leaves=8, estimator__subsample=0.1; total time=   0.6s
[CV] END estimator__learning_rate=0.77, estimator__max_depth=13, estimator__num_leaves=31, estimator__subsample=0.001; total time=   1.5s
[CV] END estimator__learning_rate=0.77, estimator__max_depth=14, estimator__num_leaves=6, estimator__subsample=0.2; total time=   0.4s
[CV] END estimator__learning_rate=0.77, estimator__max_depth=14, estimator__num_leaves=10, estimator__subsample=0.01; total time=   0.8s
[CV] END estimator__learning_rate=0.39, estimator__max_depth=14, estimator__num_leaves=8, estimator__subsample=0.001; total time=   0.6s
[CV] END estimator__learning_rate=0.39, estimator__max_depth=14, estimator__num_leaves=10, estimator__subsample=0.1; total time=   0.7s
[CV] END estimator__learning_rate=0.58, estimator__max_depth=10, estimator__num_leaves=2, estimator__subsample=0.01; total time=   0.1s
[CV] END estimator__learning_rate=0.58, estimator__max_depth=10, estimator__num_leaves=4, estimator__subsample=0.001; total time=   0.2s
[CV] END estimator__learning_rate=0.58, estimator__max_depth=10, estimator__num_leaves=4, estimator__subsample=0.1; total time=   0.2s
[CV] END estimator__learning_rate=0.58, estimator__max_depth=10, estimator__num_leaves=6, estimator__subsample=0.001; total time=   0.4s
[CV] END estimator__learning_rate=0.58, estimator__max_depth=10, estimator__num_leaves=8, estimator__subsample=0.2; total time=   0.6s
[CV] END estimator__learning_rate=0.58, estimator__max_depth=10, estimator__num_leaves=31, estimator__subsample=0.01; total time=   1.4s
[CV] END estimator__learning_rate=0.58, estimator__max_depth=11, estimator__num_leaves=6, estimator__subsample=0.01; total time=   0.4s
[CV] END estimator__learning_rate=0.58, estimator__max_depth=11, estimator__num_leaves=8, estimator__subsample=0.2; total time=   0.6s
[CV] END estimator__learning_rate=0.58, estimator__max_depth=11, estimator__num_leaves=31, estimator__subsample=0.1; total time=   1.4s
[CV] END estimator__learning_rate=0.58, estimator__max_depth=12, estimator__num_leaves=8, estimator__subsample=0.001; total time=   0.6s
[CV] END estimator__learning_rate=0.58, estimator__max_depth=12, estimator__num_leaves=10, estimator__subsample=0.2; total time=   0.7s
[CV] END estimator__learning_rate=0.58, estimator__max_depth=13, estimator__num_leaves=2, estimator__subsample=0.1; total time=   0.1s
[CV] END estimator__learning_rate=0.58, estimator__max_depth=13, estimator__num_leaves=4, estimator__subsample=0.001; total time=   0.2s
[CV] END estimator__learning_rate=0.58, estimator__max_depth=13, estimator__num_leaves=4, estimator__subsample=0.1; total time=   0.2s
[CV] END estimator__learning_rate=0.58, estimator__max_depth=13, estimator__num_leaves=6, estimator__subsample=0.01; total time=   0.4s
[CV] END estimator__learning_rate=0.58, estimator__max_depth=13, estimator__num_leaves=8, estimator__subsample=0.2; total time=   0.6s
[CV] END estimator__learning_rate=0.58, estimator__max_depth=13, estimator__num_leaves=31, estimator__subsample=0.1; total time=   1.5s
[CV] END estimator__learning_rate=0.58, estimator__max_depth=14, estimator__num_leaves=8, estimator__subsample=0.001; total time=   0.6s
[CV] END estimator__learning_rate=0.58, estimator__max_depth=14, estimator__num_leaves=10, estimator__subsample=0.1; total time=   0.8s
[CV] END estimator__learning_rate=0.77, estimator__max_depth=10, estimator__num_leaves=2, estimator__subsample=0.1; total time=   0.1s
[CV] END estimator__learning_rate=0.77, estimator__max_depth=10, estimator__num_leaves=4, estimator__subsample=0.001; total time=   0.2s
[CV] END estimator__learning_rate=0.77, estimator__max_depth=10, estimator__num_leaves=4, estimator__subsample=0.2; total time=   0.2s
[CV] END estimator__learning_rate=0.77, estimator__max_depth=10, estimator__num_leaves=6, estimator__subsample=0.01; total time=   0.4s
[CV] END estimator__learning_rate=0.77, estimator__max_depth=10, estimator__num_leaves=8, estimator__subsample=0.2; total time=   0.6s
[CV] END estimator__learning_rate=0.77, estimator__max_depth=10, estimator__num_leaves=31, estimator__subsample=0.1; total time=   1.4s
[CV] END estimator__learning_rate=0.77, estimator__max_depth=11, estimator__num_leaves=6, estimator__subsample=0.2; total time=   0.4s
[CV] END estimator__learning_rate=0.77, estimator__max_depth=11, estimator__num_leaves=10, estimator__subsample=0.01; total time=   0.7s
[CV] END estimator__learning_rate=0.77, estimator__max_depth=11, estimator__num_leaves=31, estimator__subsample=0.2; total time=   1.5s
[CV] END estimator__learning_rate=0.77, estimator__max_depth=12, estimator__num_leaves=8, estimator__subsample=0.2; total time=   0.6s
[CV] END estimator__learning_rate=0.77, estimator__max_depth=12, estimator__num_leaves=31, estimator__subsample=0.01; total time=   1.5s
[CV] END estimator__learning_rate=0.77, estimator__max_depth=13, estimator__num_leaves=6, estimator__subsample=0.2; total time=   0.4s
[CV] END estimator__learning_rate=0.77, estimator__max_depth=13, estimator__num_leaves=10, estimator__subsample=0.01; total time=   0.8s
[CV] END estimator__learning_rate=0.77, estimator__max_depth=14, estimator__num_leaves=2, estimator__subsample=0.001; total time=   0.0s
[CV] END estimator__learning_rate=0.77, estimator__max_depth=14, estimator__num_leaves=2, estimator__subsample=0.001; total time=   0.1s
[CV] END estimator__learning_rate=0.77, estimator__max_depth=14, estimator__num_leaves=2, estimator__subsample=0.1; total time=   0.1s
[CV] END estimator__learning_rate=0.77, estimator__max_depth=14, estimator__num_leaves=4, estimator__subsample=0.001; total time=   0.2s
[CV] END estimator__learning_rate=0.77, estimator__max_depth=14, estimator__num_leaves=4, estimator__subsample=0.2; total time=   0.2s
[CV] END estimator__learning_rate=0.77, estimator__max_depth=14, estimator__num_leaves=6, estimator__subsample=0.1; total time=   0.6s
[CV] END estimator__learning_rate=0.77, estimator__max_depth=14, estimator__num_leaves=10, estimator__subsample=0.1; total time=   0.7s
[CV] END estimator__learning_rate=0.58, estimator__max_depth=11, estimator__num_leaves=2, estimator__subsample=0.2; total time=   0.1s
[CV] END estimator__learning_rate=0.58, estimator__max_depth=11, estimator__num_leaves=4, estimator__subsample=0.01; total time=   0.2s
[CV] END estimator__learning_rate=0.58, estimator__max_depth=11, estimator__num_leaves=6, estimator__subsample=0.001; total time=   0.4s
[CV] END estimator__learning_rate=0.58, estimator__max_depth=11, estimator__num_leaves=8, estimator__subsample=0.001; total time=   0.6s
[CV] END estimator__learning_rate=0.58, estimator__max_depth=11, estimator__num_leaves=10, estimator__subsample=0.2; total time=   0.8s
[CV] END estimator__learning_rate=0.58, estimator__max_depth=12, estimator__num_leaves=2, estimator__subsample=0.2; total time=   0.1s
[CV] END estimator__learning_rate=0.58, estimator__max_depth=12, estimator__num_leaves=4, estimator__subsample=0.01; total time=   0.2s
[CV] END estimator__learning_rate=0.58, estimator__max_depth=12, estimator__num_leaves=4, estimator__subsample=0.2; total time=   0.2s
[CV] END estimator__learning_rate=0.58, estimator__max_depth=12, estimator__num_leaves=6, estimator__subsample=0.2; total time=   0.4s
[CV] END estimator__learning_rate=0.58, estimator__max_depth=12, estimator__num_leaves=10, estimator__subsample=0.01; total time=   0.7s
[CV] END estimator__learning_rate=0.58, estimator__max_depth=13, estimator__num_leaves=2, estimator__subsample=0.001; total time=   0.0s
[CV] END estimator__learning_rate=0.58, estimator__max_depth=13, estimator__num_leaves=2, estimator__subsample=0.001; total time=   0.1s
[CV] END estimator__learning_rate=0.58, estimator__max_depth=13, estimator__num_leaves=2, estimator__subsample=0.1; total time=   0.1s
[CV] END estimator__learning_rate=0.58, estimator__max_depth=13, estimator__num_leaves=4, estimator__subsample=0.001; total time=   0.2s
[CV] END estimator__learning_rate=0.58, estimator__max_depth=13, estimator__num_leaves=4, estimator__subsample=0.2; total time=   0.2s
[CV] END estimator__learning_rate=0.58, estimator__max_depth=13, estimator__num_leaves=6, estimator__subsample=0.01; total time=   0.4s
[CV] END estimator__learning_rate=0.58, estimator__max_depth=13, estimator__num_leaves=10, estimator__subsample=0.001; total time=   0.7s
[CV] END estimator__learning_rate=0.58, estimator__max_depth=13, estimator__num_leaves=31, estimator__subsample=0.1; total time=   1.5s
[CV] END estimator__learning_rate=0.58, estimator__max_depth=14, estimator__num_leaves=8, estimator__subsample=0.1; total time=   0.6s
[CV] END estimator__learning_rate=0.58, estimator__max_depth=14, estimator__num_leaves=31, estimator__subsample=0.001; total time=   1.5s
[CV] END estimator__learning_rate=0.77, estimator__max_depth=10, estimator__num_leaves=6, estimator__subsample=0.2; total time=   0.4s
[CV] END estimator__learning_rate=0.77, estimator__max_depth=10, estimator__num_leaves=10, estimator__subsample=0.1; total time=   0.7s
[CV] END estimator__learning_rate=0.77, estimator__max_depth=11, estimator__num_leaves=2, estimator__subsample=0.001; total time=   0.0s
[CV] END estimator__learning_rate=0.77, estimator__max_depth=11, estimator__num_leaves=2, estimator__subsample=0.001; total time=   0.1s
[CV] END estimator__learning_rate=0.77, estimator__max_depth=11, estimator__num_leaves=2, estimator__subsample=0.1; total time=   0.1s
[CV] END estimator__learning_rate=0.77, estimator__max_depth=11, estimator__num_leaves=4, estimator__subsample=0.001; total time=   0.2s
[CV] END estimator__learning_rate=0.77, estimator__max_depth=11, estimator__num_leaves=4, estimator__subsample=0.2; total time=   0.2s
[CV] END estimator__learning_rate=0.77, estimator__max_depth=11, estimator__num_leaves=6, estimator__subsample=0.1; total time=   0.4s
[CV] END estimator__learning_rate=0.77, estimator__max_depth=11, estimator__num_leaves=10, estimator__subsample=0.001; total time=   0.7s
[CV] END estimator__learning_rate=0.77, estimator__max_depth=11, estimator__num_leaves=31, estimator__subsample=0.1; total time=   1.4s
[CV] END estimator__learning_rate=0.77, estimator__max_depth=12, estimator__num_leaves=8, estimator__subsample=0.01; total time=   0.6s
[CV] END estimator__learning_rate=0.77, estimator__max_depth=12, estimator__num_leaves=31, estimator__subsample=0.001; total time=   1.4s
[CV] END estimator__learning_rate=0.77, estimator__max_depth=13, estimator__num_leaves=6, estimator__subsample=0.01; total time=   0.4s
[CV] END estimator__learning_rate=0.77, estimator__max_depth=13, estimator__num_leaves=8, estimator__subsample=0.2; total time=   0.6s
[CV] END estimator__learning_rate=0.77, estimator__max_depth=13, estimator__num_leaves=31, estimator__subsample=0.1; total time=   1.4s
[CV] END estimator__learning_rate=0.77, estimator__max_depth=14, estimator__num_leaves=8, estimator__subsample=0.001; total time=   0.6s
[CV] END estimator__learning_rate=0.77, estimator__max_depth=14, estimator__num_leaves=10, estimator__subsample=0.1; total time=   0.7s
[CV] END estimator__learning_rate=0.01, estimator__max_depth=10, estimator__num_leaves=2, estimator__subsample=0.01; total time=   4.8s
[CV] END estimator__learning_rate=0.01, estimator__max_depth=10, estimator__num_leaves=4, estimator__subsample=0.2; total time=   0.0s
[CV] END estimator__learning_rate=0.01, estimator__max_depth=10, estimator__num_leaves=6, estimator__subsample=0.01; total time=   0.2s
[CV] END estimator__learning_rate=0.01, estimator__max_depth=10, estimator__num_leaves=8, estimator__subsample=0.001; total time=   0.3s
[CV] END estimator__learning_rate=0.01, estimator__max_depth=10, estimator__num_leaves=8, estimator__subsample=0.2; total time=   0.7s
[CV] END estimator__learning_rate=0.01, estimator__max_depth=10, estimator__num_leaves=31, estimator__subsample=0.01; total time=   1.4s
[CV] END estimator__learning_rate=0.01, estimator__max_depth=11, estimator__num_leaves=6, estimator__subsample=0.1; total time=   0.4s
[CV] END estimator__learning_rate=0.01, estimator__max_depth=11, estimator__num_leaves=8, estimator__subsample=0.2; total time=   0.6s
[CV] END estimator__learning_rate=0.01, estimator__max_depth=11, estimator__num_leaves=31, estimator__subsample=0.1; total time=   1.4s
[CV] END estimator__learning_rate=0.01, estimator__max_depth=12, estimator__num_leaves=8, estimator__subsample=0.001; total time=   0.6s
[CV] END estimator__learning_rate=0.01, estimator__max_depth=12, estimator__num_leaves=10, estimator__subsample=0.1; total time=   0.7s
[CV] END estimator__learning_rate=0.01, estimator__max_depth=13, estimator__num_leaves=2, estimator__subsample=0.01; total time=   0.1s
[CV] END estimator__learning_rate=0.01, estimator__max_depth=13, estimator__num_leaves=2, estimator__subsample=0.2; total time=   0.1s
[CV] END estimator__learning_rate=0.01, estimator__max_depth=13, estimator__num_leaves=4, estimator__subsample=0.1; total time=   0.2s
[CV] END estimator__learning_rate=0.01, estimator__max_depth=13, estimator__num_leaves=6, estimator__subsample=0.001; total time=   0.4s
[CV] END estimator__learning_rate=0.01, estimator__max_depth=13, estimator__num_leaves=8, estimator__subsample=0.01; total time=   0.6s
[CV] END estimator__learning_rate=0.01, estimator__max_depth=13, estimator__num_leaves=10, estimator__subsample=0.2; total time=   0.8s
[CV] END estimator__learning_rate=0.01, estimator__max_depth=14, estimator__num_leaves=2, estimator__subsample=0.2; total time=   0.1s
[CV] END estimator__learning_rate=0.01, estimator__max_depth=14, estimator__num_leaves=4, estimator__subsample=0.01; total time=   0.2s
[CV] END estimator__learning_rate=0.01, estimator__max_depth=14, estimator__num_leaves=6, estimator__subsample=0.001; total time=   0.4s
[CV] END estimator__learning_rate=0.01, estimator__max_depth=14, estimator__num_leaves=8, estimator__subsample=0.001; total time=   0.6s
[CV] END estimator__learning_rate=0.01, estimator__max_depth=14, estimator__num_leaves=10, estimator__subsample=0.2; total time=   0.8s
[CV] END estimator__learning_rate=0.2, estimator__max_depth=10, estimator__num_leaves=2, estimator__subsample=0.2; total time=   0.1s
[CV] END estimator__learning_rate=0.2, estimator__max_depth=10, estimator__num_leaves=4, estimator__subsample=0.01; total time=   0.2s
[CV] END estimator__learning_rate=0.2, estimator__max_depth=10, estimator__num_leaves=4, estimator__subsample=0.2; total time=   0.3s
[CV] END estimator__learning_rate=0.2, estimator__max_depth=10, estimator__num_leaves=6, estimator__subsample=0.2; total time=   0.4s
[CV] END estimator__learning_rate=0.2, estimator__max_depth=10, estimator__num_leaves=10, estimator__subsample=0.01; total time=   0.8s
[CV] END estimator__learning_rate=0.2, estimator__max_depth=10, estimator__num_leaves=31, estimator__subsample=0.2; total time=   1.5s
[CV] END estimator__learning_rate=0.2, estimator__max_depth=11, estimator__num_leaves=8, estimator__subsample=0.2; total time=   0.6s
[CV] END estimator__learning_rate=0.2, estimator__max_depth=11, estimator__num_leaves=31, estimator__subsample=0.01; total time=   1.5s
[CV] END estimator__learning_rate=0.2, estimator__max_depth=12, estimator__num_leaves=6, estimator__subsample=0.2; total time=   0.4s
[CV] END estimator__learning_rate=0.2, estimator__max_depth=12, estimator__num_leaves=10, estimator__subsample=0.1; total time=   0.7s
[CV] END estimator__learning_rate=0.2, estimator__max_depth=13, estimator__num_leaves=2, estimator__subsample=0.001; total time=   0.0s
[CV] END estimator__learning_rate=0.2, estimator__max_depth=13, estimator__num_leaves=2, estimator__subsample=0.01; total time=   0.1s
[CV] END estimator__learning_rate=0.2, estimator__max_depth=13, estimator__num_leaves=2, estimator__subsample=0.2; total time=   0.1s
[CV] END estimator__learning_rate=0.2, estimator__max_depth=13, estimator__num_leaves=4, estimator__subsample=0.01; total time=   0.2s
[CV] END estimator__learning_rate=0.2, estimator__max_depth=13, estimator__num_leaves=6, estimator__subsample=0.001; total time=   0.4s
[CV] END estimator__learning_rate=0.2, estimator__max_depth=13, estimator__num_leaves=8, estimator__subsample=0.001; total time=   0.6s
[CV] END estimator__learning_rate=0.2, estimator__max_depth=13, estimator__num_leaves=10, estimator__subsample=0.2; total time=   0.7s
[CV] END estimator__learning_rate=0.2, estimator__max_depth=14, estimator__num_leaves=2, estimator__subsample=0.1; total time=   0.1s
[CV] END estimator__learning_rate=0.2, estimator__max_depth=14, estimator__num_leaves=4, estimator__subsample=0.01; total time=   0.2s
[CV] END estimator__learning_rate=0.2, estimator__max_depth=14, estimator__num_leaves=4, estimator__subsample=0.2; total time=   0.2s
[CV] END estimator__learning_rate=0.2, estimator__max_depth=14, estimator__num_leaves=6, estimator__subsample=0.01; total time=   0.4s
[CV] END estimator__learning_rate=0.2, estimator__max_depth=14, estimator__num_leaves=10, estimator__subsample=0.001; total time=   0.8s
[CV] END estimator__learning_rate=0.2, estimator__max_depth=14, estimator__num_leaves=31, estimator__subsample=0.2; total time=   1.5s
[CV] END estimator__learning_rate=0.39, estimator__max_depth=10, estimator__num_leaves=8, estimator__subsample=0.1; total time=   0.6s
[CV] END estimator__learning_rate=0.39, estimator__max_depth=10, estimator__num_leaves=31, estimator__subsample=0.01; total time=   1.5s
[CV] END estimator__learning_rate=0.39, estimator__max_depth=11, estimator__num_leaves=8, estimator__subsample=0.001; total time=   0.6s
[CV] END estimator__learning_rate=0.39, estimator__max_depth=11, estimator__num_leaves=10, estimator__subsample=0.2; total time=   0.7s
[CV] END estimator__learning_rate=0.39, estimator__max_depth=12, estimator__num_leaves=2, estimator__subsample=0.01; total time=   0.1s
[CV] END estimator__learning_rate=0.39, estimator__max_depth=12, estimator__num_leaves=2, estimator__subsample=0.2; total time=   0.1s
[CV] END estimator__learning_rate=0.39, estimator__max_depth=12, estimator__num_leaves=4, estimator__subsample=0.1; total time=   0.2s
[CV] END estimator__learning_rate=0.39, estimator__max_depth=12, estimator__num_leaves=6, estimator__subsample=0.001; total time=   0.4s
[CV] END estimator__learning_rate=0.39, estimator__max_depth=12, estimator__num_leaves=8, estimator__subsample=0.01; total time=   0.6s
[CV] END estimator__learning_rate=0.39, estimator__max_depth=12, estimator__num_leaves=10, estimator__subsample=0.2; total time=   0.7s
[CV] END estimator__learning_rate=0.39, estimator__max_depth=13, estimator__num_leaves=2, estimator__subsample=0.2; total time=   0.1s
[CV] END estimator__learning_rate=0.39, estimator__max_depth=13, estimator__num_leaves=4, estimator__subsample=0.1; total time=   0.2s
[CV] END estimator__learning_rate=0.39, estimator__max_depth=13, estimator__num_leaves=6, estimator__subsample=0.001; total time=   0.4s
[CV] END estimator__learning_rate=0.39, estimator__max_depth=13, estimator__num_leaves=8, estimator__subsample=0.01; total time=   0.6s
[CV] END estimator__learning_rate=0.39, estimator__max_depth=13, estimator__num_leaves=10, estimator__subsample=0.2; total time=   0.8s
[CV] END estimator__learning_rate=0.58, estimator__max_depth=12, estimator__num_leaves=31, estimator__subsample=0.001; total time=   1.5s
[CV] END estimator__learning_rate=0.58, estimator__max_depth=13, estimator__num_leaves=6, estimator__subsample=0.2; total time=   0.4s
[CV] END estimator__learning_rate=0.58, estimator__max_depth=13, estimator__num_leaves=10, estimator__subsample=0.01; total time=   0.7s
[CV] END estimator__learning_rate=0.58, estimator__max_depth=13, estimator__num_leaves=31, estimator__subsample=0.2; total time=   1.5s
[CV] END estimator__learning_rate=0.58, estimator__max_depth=14, estimator__num_leaves=8, estimator__subsample=0.2; total time=   0.6s
[CV] END estimator__learning_rate=0.58, estimator__max_depth=14, estimator__num_leaves=31, estimator__subsample=0.01; total time=   1.5s
[CV] END estimator__learning_rate=0.77, estimator__max_depth=10, estimator__num_leaves=8, estimator__subsample=0.001; total time=   0.6s
[CV] END estimator__learning_rate=0.77, estimator__max_depth=10, estimator__num_leaves=10, estimator__subsample=0.1; total time=   0.7s
[CV] END estimator__learning_rate=0.77, estimator__max_depth=11, estimator__num_leaves=2, estimator__subsample=0.01; total time=   0.1s
[CV] END estimator__learning_rate=0.77, estimator__max_depth=11, estimator__num_leaves=4, estimator__subsample=0.001; total time=   0.2s
[CV] END estimator__learning_rate=0.77, estimator__max_depth=11, estimator__num_leaves=4, estimator__subsample=0.1; total time=   0.2s
[CV] END estimator__learning_rate=0.77, estimator__max_depth=11, estimator__num_leaves=6, estimator__subsample=0.01; total time=   0.4s
[CV] END estimator__learning_rate=0.77, estimator__max_depth=11, estimator__num_leaves=8, estimator__subsample=0.2; total time=   0.6s
[CV] END estimator__learning_rate=0.77, estimator__max_depth=11, estimator__num_leaves=31, estimator__subsample=0.1; total time=   1.5s
[CV] END estimator__learning_rate=0.77, estimator__max_depth=12, estimator__num_leaves=8, estimator__subsample=0.001; total time=   0.6s
[CV] END estimator__learning_rate=0.77, estimator__max_depth=12, estimator__num_leaves=10, estimator__subsample=0.2; total time=   0.7s
[CV] END estimator__learning_rate=0.77, estimator__max_depth=13, estimator__num_leaves=2, estimator__subsample=0.01; total time=   0.1s
[CV] END estimator__learning_rate=0.77, estimator__max_depth=13, estimator__num_leaves=4, estimator__subsample=0.001; total time=   0.2s
[CV] END estimator__learning_rate=0.77, estimator__max_depth=13, estimator__num_leaves=4, estimator__subsample=0.1; total time=   0.2s
[CV] END estimator__learning_rate=0.77, estimator__max_depth=13, estimator__num_leaves=6, estimator__subsample=0.01; total time=   0.4s
[CV] END estimator__learning_rate=0.77, estimator__max_depth=13, estimator__num_leaves=8, estimator__subsample=0.2; total time=   0.6s
[CV] END estimator__learning_rate=0.77, estimator__max_depth=13, estimator__num_leaves=31, estimator__subsample=0.01; total time=   1.5s
[CV] END estimator__learning_rate=0.77, estimator__max_depth=14, estimator__num_leaves=8, estimator__subsample=0.001; total time=   0.6s
[CV] END estimator__learning_rate=0.77, estimator__max_depth=14, estimator__num_leaves=10, estimator__subsample=0.1; total time=   0.7s
[CV] END estimator__learning_rate=0.39, estimator__max_depth=14, estimator__num_leaves=6, estimator__subsample=0.1; total time=   0.4s
[CV] END estimator__learning_rate=0.39, estimator__max_depth=14, estimator__num_leaves=8, estimator__subsample=0.2; total time=   0.6s
[CV] END estimator__learning_rate=0.39, estimator__max_depth=14, estimator__num_leaves=31, estimator__subsample=0.1; total time=   1.5s
[CV] END estimator__learning_rate=0.58, estimator__max_depth=10, estimator__num_leaves=8, estimator__subsample=0.001; total time=   0.6s
[CV] END estimator__learning_rate=0.58, estimator__max_depth=10, estimator__num_leaves=10, estimator__subsample=0.1; total time=   0.8s
[CV] END estimator__learning_rate=0.58, estimator__max_depth=11, estimator__num_leaves=2, estimator__subsample=0.1; total time=   0.1s
[CV] END estimator__learning_rate=0.58, estimator__max_depth=11, estimator__num_leaves=4, estimator__subsample=0.001; total time=   0.2s
[CV] END estimator__learning_rate=0.58, estimator__max_depth=11, estimator__num_leaves=4, estimator__subsample=0.1; total time=   0.2s
[CV] END estimator__learning_rate=0.58, estimator__max_depth=11, estimator__num_leaves=6, estimator__subsample=0.1; total time=   0.4s
[CV] END estimator__learning_rate=0.58, estimator__max_depth=11, estimator__num_leaves=10, estimator__subsample=0.01; total time=   0.7s
[CV] END estimator__learning_rate=0.58, estimator__max_depth=11, estimator__num_leaves=31, estimator__subsample=0.2; total time=   1.5s
[CV] END estimator__learning_rate=0.58, estimator__max_depth=12, estimator__num_leaves=8, estimator__subsample=0.1; total time=   0.6s
[CV] END estimator__learning_rate=0.58, estimator__max_depth=12, estimator__num_leaves=31, estimator__subsample=0.01; total time=   1.5s
[CV] END estimator__learning_rate=0.58, estimator__max_depth=13, estimator__num_leaves=6, estimator__subsample=0.2; total time=   0.4s
[CV] END estimator__learning_rate=0.58, estimator__max_depth=13, estimator__num_leaves=10, estimator__subsample=0.01; total time=   0.7s
[CV] END estimator__learning_rate=0.58, estimator__max_depth=14, estimator__num_leaves=2, estimator__subsample=0.001; total time=   0.0s
[CV] END estimator__learning_rate=0.58, estimator__max_depth=14, estimator__num_leaves=2, estimator__subsample=0.001; total time=   0.1s
[CV] END estimator__learning_rate=0.58, estimator__max_depth=14, estimator__num_leaves=2, estimator__subsample=0.1; total time=   0.1s
[CV] END estimator__learning_rate=0.58, estimator__max_depth=14, estimator__num_leaves=4, estimator__subsample=0.01; total time=   0.2s
[CV] END estimator__learning_rate=0.58, estimator__max_depth=14, estimator__num_leaves=4, estimator__subsample=0.2; total time=   0.2s
[CV] END estimator__learning_rate=0.58, estimator__max_depth=14, estimator__num_leaves=6, estimator__subsample=0.2; total time=   0.4s
[CV] END estimator__learning_rate=0.58, estimator__max_depth=14, estimator__num_leaves=10, estimator__subsample=0.01; total time=   0.7s
[CV] END estimator__learning_rate=0.77, estimator__max_depth=10, estimator__num_leaves=2, estimator__subsample=0.001; total time=   0.0s
[CV] END estimator__learning_rate=0.77, estimator__max_depth=10, estimator__num_leaves=2, estimator__subsample=0.01; total time=   0.1s
[CV] END estimator__learning_rate=0.77, estimator__max_depth=10, estimator__num_leaves=2, estimator__subsample=0.1; total time=   0.1s
[CV] END estimator__learning_rate=0.77, estimator__max_depth=10, estimator__num_leaves=4, estimator__subsample=0.01; total time=   0.2s
[CV] END estimator__learning_rate=0.77, estimator__max_depth=10, estimator__num_leaves=6, estimator__subsample=0.001; total time=   0.4s
[CV] END estimator__learning_rate=0.77, estimator__max_depth=10, estimator__num_leaves=8, estimator__subsample=0.001; total time=   0.6s
[CV] END estimator__learning_rate=0.77, estimator__max_depth=10, estimator__num_leaves=10, estimator__subsample=0.2; total time=   0.7s
[CV] END estimator__learning_rate=0.77, estimator__max_depth=11, estimator__num_leaves=2, estimator__subsample=0.1; total time=   0.1s
[CV] END estimator__learning_rate=0.77, estimator__max_depth=11, estimator__num_leaves=4, estimator__subsample=0.001; total time=   0.2s
[CV] END estimator__learning_rate=0.77, estimator__max_depth=11, estimator__num_leaves=4, estimator__subsample=0.1; total time=   0.2s
[CV] END estimator__learning_rate=0.77, estimator__max_depth=11, estimator__num_leaves=6, estimator__subsample=0.01; total time=   0.4s
[CV] END estimator__learning_rate=0.77, estimator__max_depth=11, estimator__num_leaves=10, estimator__subsample=0.001; total time=   0.7s
[CV] END estimator__learning_rate=0.77, estimator__max_depth=11, estimator__num_leaves=31, estimator__subsample=0.1; total time=   1.5s
[CV] END estimator__learning_rate=0.77, estimator__max_depth=12, estimator__num_leaves=8, estimator__subsample=0.01; total time=   0.6s
[CV] END estimator__learning_rate=0.77, estimator__max_depth=12, estimator__num_leaves=31, estimator__subsample=0.001; total time=   1.4s
[CV] END estimator__learning_rate=0.77, estimator__max_depth=13, estimator__num_leaves=6, estimator__subsample=0.001; total time=   0.4s
[CV] END estimator__learning_rate=0.77, estimator__max_depth=13, estimator__num_leaves=8, estimator__subsample=0.2; total time=   0.6s
[CV] END estimator__learning_rate=0.77, estimator__max_depth=13, estimator__num_leaves=31, estimator__subsample=0.01; total time=   1.5s
[CV] END estimator__learning_rate=0.77, estimator__max_depth=14, estimator__num_leaves=8, estimator__subsample=0.001; total time=   0.6s
[CV] END estimator__learning_rate=0.77, estimator__max_depth=14, estimator__num_leaves=10, estimator__subsample=0.1; total time=   0.7s
[CV] END estimator__learning_rate=0.58, estimator__max_depth=10, estimator__num_leaves=10, estimator__subsample=0.1; total time=   0.8s
[CV] END estimator__learning_rate=0.58, estimator__max_depth=11, estimator__num_leaves=2, estimator__subsample=0.01; total time=   0.1s
[CV] END estimator__learning_rate=0.58, estimator__max_depth=11, estimator__num_leaves=2, estimator__subsample=0.2; total time=   0.1s
[CV] END estimator__learning_rate=0.58, estimator__max_depth=11, estimator__num_leaves=4, estimator__subsample=0.1; total time=   0.2s
[CV] END estimator__learning_rate=0.58, estimator__max_depth=11, estimator__num_leaves=6, estimator__subsample=0.001; total time=   0.4s
[CV] END estimator__learning_rate=0.58, estimator__max_depth=11, estimator__num_leaves=8, estimator__subsample=0.01; total time=   0.6s
[CV] END estimator__learning_rate=0.58, estimator__max_depth=11, estimator__num_leaves=10, estimator__subsample=0.2; total time=   0.8s
[CV] END estimator__learning_rate=0.58, estimator__max_depth=12, estimator__num_leaves=2, estimator__subsample=0.2; total time=   0.1s
[CV] END estimator__learning_rate=0.58, estimator__max_depth=12, estimator__num_leaves=4, estimator__subsample=0.1; total time=   0.2s
[CV] END estimator__learning_rate=0.58, estimator__max_depth=12, estimator__num_leaves=6, estimator__subsample=0.001; total time=   0.4s
[CV] END estimator__learning_rate=0.58, estimator__max_depth=12, estimator__num_leaves=8, estimator__subsample=0.01; total time=   0.6s
[CV] END estimator__learning_rate=0.58, estimator__max_depth=12, estimator__num_leaves=10, estimator__subsample=0.2; total time=   0.8s
[CV] END estimator__learning_rate=0.58, estimator__max_depth=13, estimator__num_leaves=2, estimator__subsample=0.2; total time=   0.1s
[CV] END estimator__learning_rate=0.58, estimator__max_depth=13, estimator__num_leaves=4, estimator__subsample=0.1; total time=   0.2s
[CV] END estimator__learning_rate=0.58, estimator__max_depth=13, estimator__num_leaves=6, estimator__subsample=0.001; total time=   0.4s
[CV] END estimator__learning_rate=0.58, estimator__max_depth=13, estimator__num_leaves=8, estimator__subsample=0.01; total time=   0.6s
[CV] END estimator__learning_rate=0.58, estimator__max_depth=13, estimator__num_leaves=10, estimator__subsample=0.2; total time=   0.8s
[CV] END estimator__learning_rate=0.58, estimator__max_depth=14, estimator__num_leaves=2, estimator__subsample=0.2; total time=   0.1s
[CV] END estimator__learning_rate=0.58, estimator__max_depth=14, estimator__num_leaves=4, estimator__subsample=0.1; total time=   0.2s
[CV] END estimator__learning_rate=0.58, estimator__max_depth=14, estimator__num_leaves=6, estimator__subsample=0.001; total time=   0.4s
[CV] END estimator__learning_rate=0.58, estimator__max_depth=14, estimator__num_leaves=8, estimator__subsample=0.01; total time=   0.6s
[CV] END estimator__learning_rate=0.58, estimator__max_depth=14, estimator__num_leaves=10, estimator__subsample=0.2; total time=   0.8s
[CV] END estimator__learning_rate=0.77, estimator__max_depth=10, estimator__num_leaves=4, estimator__subsample=0.001; total time=   0.2s
[CV] END estimator__learning_rate=0.77, estimator__max_depth=10, estimator__num_leaves=4, estimator__subsample=0.1; total time=   0.2s
[CV] END estimator__learning_rate=0.77, estimator__max_depth=10, estimator__num_leaves=6, estimator__subsample=0.001; total time=   0.4s
[CV] END estimator__learning_rate=0.77, estimator__max_depth=10, estimator__num_leaves=8, estimator__subsample=0.2; total time=   0.6s
[CV] END estimator__learning_rate=0.77, estimator__max_depth=10, estimator__num_leaves=31, estimator__subsample=0.01; total time=   1.4s
[CV] END estimator__learning_rate=0.77, estimator__max_depth=11, estimator__num_leaves=8, estimator__subsample=0.001; total time=   0.6s
[CV] END estimator__learning_rate=0.77, estimator__max_depth=11, estimator__num_leaves=10, estimator__subsample=0.1; total time=   0.7s
[CV] END estimator__learning_rate=0.77, estimator__max_depth=12, estimator__num_leaves=2, estimator__subsample=0.01; total time=   0.1s
[CV] END estimator__learning_rate=0.77, estimator__max_depth=12, estimator__num_leaves=2, estimator__subsample=0.2; total time=   0.1s
[CV] END estimator__learning_rate=0.77, estimator__max_depth=12, estimator__num_leaves=4, estimator__subsample=0.1; total time=   0.2s
[CV] END estimator__learning_rate=0.77, estimator__max_depth=12, estimator__num_leaves=6, estimator__subsample=0.001; total time=   0.4s
[CV] END estimator__learning_rate=0.77, estimator__max_depth=12, estimator__num_leaves=8, estimator__subsample=0.01; total time=   0.6s
[CV] END estimator__learning_rate=0.77, estimator__max_depth=12, estimator__num_leaves=10, estimator__subsample=0.2; total time=   0.7s
[CV] END estimator__learning_rate=0.77, estimator__max_depth=13, estimator__num_leaves=2, estimator__subsample=0.2; total time=   0.1s
[CV] END estimator__learning_rate=0.77, estimator__max_depth=13, estimator__num_leaves=4, estimator__subsample=0.1; total time=   0.2s
[CV] END estimator__learning_rate=0.77, estimator__max_depth=13, estimator__num_leaves=6, estimator__subsample=0.001; total time=   0.4s
[CV] END estimator__learning_rate=0.77, estimator__max_depth=13, estimator__num_leaves=8, estimator__subsample=0.01; total time=   0.6s
[CV] END estimator__learning_rate=0.77, estimator__max_depth=13, estimator__num_leaves=10, estimator__subsample=0.2; total time=   0.7s
[CV] END estimator__learning_rate=0.77, estimator__max_depth=14, estimator__num_leaves=2, estimator__subsample=0.2; total time=   0.1s
[CV] END estimator__learning_rate=0.77, estimator__max_depth=14, estimator__num_leaves=4, estimator__subsample=0.1; total time=   0.2s
[CV] END estimator__learning_rate=0.77, estimator__max_depth=14, estimator__num_leaves=6, estimator__subsample=0.001; total time=   0.4s
[CV] END estimator__learning_rate=0.77, estimator__max_depth=14, estimator__num_leaves=8, estimator__subsample=0.01; total time=   0.6s
[CV] END estimator__learning_rate=0.77, estimator__max_depth=14, estimator__num_leaves=10, estimator__subsample=0.2; total time=   0.7s
[CV] END estimator__learning_rate=0.58, estimator__max_depth=10, estimator__num_leaves=6, estimator__subsample=0.01; total time=   0.4s
[CV] END estimator__learning_rate=0.58, estimator__max_depth=10, estimator__num_leaves=8, estimator__subsample=0.2; total time=   0.6s
[CV] END estimator__learning_rate=0.58, estimator__max_depth=10, estimator__num_leaves=31, estimator__subsample=0.01; total time=   1.5s
[CV] END estimator__learning_rate=0.58, estimator__max_depth=11, estimator__num_leaves=8, estimator__subsample=0.001; total time=   0.6s
[CV] END estimator__learning_rate=0.58, estimator__max_depth=11, estimator__num_leaves=10, estimator__subsample=0.2; total time=   0.7s
[CV] END estimator__learning_rate=0.58, estimator__max_depth=12, estimator__num_leaves=2, estimator__subsample=0.01; total time=   0.1s
[CV] END estimator__learning_rate=0.58, estimator__max_depth=12, estimator__num_leaves=2, estimator__subsample=0.1; total time=   0.1s
[CV] END estimator__learning_rate=0.58, estimator__max_depth=12, estimator__num_leaves=4, estimator__subsample=0.001; total time=   0.3s
[CV] END estimator__learning_rate=0.58, estimator__max_depth=12, estimator__num_leaves=6, estimator__subsample=0.001; total time=   0.4s
[CV] END estimator__learning_rate=0.58, estimator__max_depth=12, estimator__num_leaves=8, estimator__subsample=0.01; total time=   0.6s
[CV] END estimator__learning_rate=0.58, estimator__max_depth=12, estimator__num_leaves=10, estimator__subsample=0.2; total time=   0.8s
[CV] END estimator__learning_rate=0.58, estimator__max_depth=13, estimator__num_leaves=2, estimator__subsample=0.2; total time=   0.1s
[CV] END estimator__learning_rate=0.58, estimator__max_depth=13, estimator__num_leaves=4, estimator__subsample=0.1; total time=   0.2s
[CV] END estimator__learning_rate=0.58, estimator__max_depth=13, estimator__num_leaves=6, estimator__subsample=0.001; total time=   0.4s
[CV] END estimator__learning_rate=0.58, estimator__max_depth=13, estimator__num_leaves=8, estimator__subsample=0.01; total time=   0.6s
[CV] END estimator__learning_rate=0.58, estimator__max_depth=13, estimator__num_leaves=10, estimator__subsample=0.2; total time=   0.7s
[CV] END estimator__learning_rate=0.58, estimator__max_depth=14, estimator__num_leaves=2, estimator__subsample=0.2; total time=   0.1s
[CV] END estimator__learning_rate=0.58, estimator__max_depth=14, estimator__num_leaves=4, estimator__subsample=0.01; total time=   0.2s
[CV] END estimator__learning_rate=0.58, estimator__max_depth=14, estimator__num_leaves=4, estimator__subsample=0.2; total time=   0.2s
[CV] END estimator__learning_rate=0.58, estimator__max_depth=14, estimator__num_leaves=6, estimator__subsample=0.2; total time=   0.4s
[CV] END estimator__learning_rate=0.58, estimator__max_depth=14, estimator__num_leaves=10, estimator__subsample=0.01; total time=   0.8s
[CV] END estimator__learning_rate=0.77, estimator__max_depth=10, estimator__num_leaves=2, estimator__subsample=0.001; total time=   0.0s
[CV] END estimator__learning_rate=0.77, estimator__max_depth=10, estimator__num_leaves=2, estimator__subsample=0.001; total time=   0.1s
[CV] END estimator__learning_rate=0.77, estimator__max_depth=10, estimator__num_leaves=2, estimator__subsample=0.1; total time=   0.1s
[CV] END estimator__learning_rate=0.77, estimator__max_depth=10, estimator__num_leaves=4, estimator__subsample=0.001; total time=   0.2s
[CV] END estimator__learning_rate=0.77, estimator__max_depth=10, estimator__num_leaves=4, estimator__subsample=0.2; total time=   0.2s
[CV] END estimator__learning_rate=0.77, estimator__max_depth=10, estimator__num_leaves=6, estimator__subsample=0.01; total time=   0.4s
[CV] END estimator__learning_rate=0.77, estimator__max_depth=10, estimator__num_leaves=10, estimator__subsample=0.001; total time=   0.7s
[CV] END estimator__learning_rate=0.77, estimator__max_depth=10, estimator__num_leaves=31, estimator__subsample=0.1; total time=   1.4s
[CV] END estimator__learning_rate=0.77, estimator__max_depth=11, estimator__num_leaves=8, estimator__subsample=0.1; total time=   0.5s
[CV] END estimator__learning_rate=0.77, estimator__max_depth=11, estimator__num_leaves=10, estimator__subsample=0.2; total time=   0.8s
[CV] END estimator__learning_rate=0.77, estimator__max_depth=12, estimator__num_leaves=4, estimator__subsample=0.001; total time=   0.2s
[CV] END estimator__learning_rate=0.77, estimator__max_depth=12, estimator__num_leaves=4, estimator__subsample=0.1; total time=   0.2s
[CV] END estimator__learning_rate=0.77, estimator__max_depth=12, estimator__num_leaves=6, estimator__subsample=0.01; total time=   0.4s
[CV] END estimator__learning_rate=0.77, estimator__max_depth=12, estimator__num_leaves=8, estimator__subsample=0.2; total time=   0.6s
[CV] END estimator__learning_rate=0.77, estimator__max_depth=12, estimator__num_leaves=31, estimator__subsample=0.1; total time=   1.4s
[CV] END estimator__learning_rate=0.77, estimator__max_depth=13, estimator__num_leaves=8, estimator__subsample=0.001; total time=   0.6s
[CV] END estimator__learning_rate=0.77, estimator__max_depth=13, estimator__num_leaves=10, estimator__subsample=0.1; total time=   0.8s
[CV] END estimator__learning_rate=0.77, estimator__max_depth=14, estimator__num_leaves=2, estimator__subsample=0.01; total time=   0.1s
[CV] END estimator__learning_rate=0.77, estimator__max_depth=14, estimator__num_leaves=2, estimator__subsample=0.2; total time=   0.1s
[CV] END estimator__learning_rate=0.77, estimator__max_depth=14, estimator__num_leaves=4, estimator__subsample=0.01; total time=   0.2s
[CV] END estimator__learning_rate=0.77, estimator__max_depth=14, estimator__num_leaves=6, estimator__subsample=0.001; total time=   0.4s
[CV] END estimator__learning_rate=0.77, estimator__max_depth=14, estimator__num_leaves=8, estimator__subsample=0.001; total time=   0.6s
[CV] END estimator__learning_rate=0.77, estimator__max_depth=14, estimator__num_leaves=10, estimator__subsample=0.2; total time=   0.7s
[CV] END estimator__learning_rate=0.39, estimator__max_depth=14, estimator__num_leaves=6, estimator__subsample=0.01; total time=   0.4s
[CV] END estimator__learning_rate=0.39, estimator__max_depth=14, estimator__num_leaves=8, estimator__subsample=0.2; total time=   0.6s
[CV] END estimator__learning_rate=0.39, estimator__max_depth=14, estimator__num_leaves=31, estimator__subsample=0.01; total time=   1.5s
[CV] END estimator__learning_rate=0.58, estimator__max_depth=10, estimator__num_leaves=8, estimator__subsample=0.001; total time=   0.6s
[CV] END estimator__learning_rate=0.58, estimator__max_depth=10, estimator__num_leaves=10, estimator__subsample=0.1; total time=   0.7s
[CV] END estimator__learning_rate=0.58, estimator__max_depth=11, estimator__num_leaves=2, estimator__subsample=0.01; total time=   0.1s
[CV] END estimator__learning_rate=0.58, estimator__max_depth=11, estimator__num_leaves=4, estimator__subsample=0.001; total time=   0.2s
[CV] END estimator__learning_rate=0.58, estimator__max_depth=11, estimator__num_leaves=4, estimator__subsample=0.1; total time=   0.2s
[CV] END estimator__learning_rate=0.58, estimator__max_depth=11, estimator__num_leaves=6, estimator__subsample=0.01; total time=   0.4s
[CV] END estimator__learning_rate=0.58, estimator__max_depth=11, estimator__num_leaves=8, estimator__subsample=0.2; total time=   0.6s
[CV] END estimator__learning_rate=0.58, estimator__max_depth=11, estimator__num_leaves=31, estimator__subsample=0.01; total time=   1.5s
[CV] END estimator__learning_rate=0.58, estimator__max_depth=12, estimator__num_leaves=8, estimator__subsample=0.001; total time=   0.6s
[CV] END estimator__learning_rate=0.58, estimator__max_depth=12, estimator__num_leaves=10, estimator__subsample=0.1; total time=   0.8s
[CV] END estimator__learning_rate=0.58, estimator__max_depth=13, estimator__num_leaves=2, estimator__subsample=0.1; total time=   0.1s
[CV] END estimator__learning_rate=0.58, estimator__max_depth=13, estimator__num_leaves=4, estimator__subsample=0.001; total time=   0.2s
[CV] END estimator__learning_rate=0.58, estimator__max_depth=13, estimator__num_leaves=4, estimator__subsample=0.1; total time=   0.2s
[CV] END estimator__learning_rate=0.58, estimator__max_depth=13, estimator__num_leaves=6, estimator__subsample=0.01; total time=   0.4s
[CV] END estimator__learning_rate=0.58, estimator__max_depth=13, estimator__num_leaves=8, estimator__subsample=0.2; total time=   0.6s
[CV] END estimator__learning_rate=0.58, estimator__max_depth=13, estimator__num_leaves=31, estimator__subsample=0.01; total time=   1.5s
[CV] END estimator__learning_rate=0.58, estimator__max_depth=14, estimator__num_leaves=8, estimator__subsample=0.001; total time=   0.6s
[CV] END estimator__learning_rate=0.58, estimator__max_depth=14, estimator__num_leaves=10, estimator__subsample=0.1; total time=   0.8s
[CV] END estimator__learning_rate=0.77, estimator__max_depth=10, estimator__num_leaves=2, estimator__subsample=0.01; total time=   0.1s
[CV] END estimator__learning_rate=0.77, estimator__max_depth=10, estimator__num_leaves=2, estimator__subsample=0.2; total time=   0.1s
[CV] END estimator__learning_rate=0.77, estimator__max_depth=10, estimator__num_leaves=4, estimator__subsample=0.1; total time=   0.2s
[CV] END estimator__learning_rate=0.77, estimator__max_depth=10, estimator__num_leaves=6, estimator__subsample=0.001; total time=   0.4s
[CV] END estimator__learning_rate=0.77, estimator__max_depth=10, estimator__num_leaves=8, estimator__subsample=0.01; total time=   0.6s
[CV] END estimator__learning_rate=0.77, estimator__max_depth=10, estimator__num_leaves=10, estimator__subsample=0.2; total time=   0.7s
[CV] END estimator__learning_rate=0.77, estimator__max_depth=11, estimator__num_leaves=2, estimator__subsample=0.2; total time=   0.1s
[CV] END estimator__learning_rate=0.77, estimator__max_depth=11, estimator__num_leaves=4, estimator__subsample=0.01; total time=   0.2s
[CV] END estimator__learning_rate=0.77, estimator__max_depth=11, estimator__num_leaves=6, estimator__subsample=0.001; total time=   0.4s
[CV] END estimator__learning_rate=0.77, estimator__max_depth=11, estimator__num_leaves=8, estimator__subsample=0.001; total time=   0.6s
[CV] END estimator__learning_rate=0.77, estimator__max_depth=11, estimator__num_leaves=10, estimator__subsample=0.2; total time=   0.8s
[CV] END estimator__learning_rate=0.77, estimator__max_depth=12, estimator__num_leaves=2, estimator__subsample=0.2; total time=   0.1s
[CV] END estimator__learning_rate=0.77, estimator__max_depth=12, estimator__num_leaves=4, estimator__subsample=0.01; total time=   0.2s
[CV] END estimator__learning_rate=0.77, estimator__max_depth=12, estimator__num_leaves=6, estimator__subsample=0.001; total time=   0.4s
[CV] END estimator__learning_rate=0.77, estimator__max_depth=12, estimator__num_leaves=8, estimator__subsample=0.01; total time=   0.6s
[CV] END estimator__learning_rate=0.77, estimator__max_depth=12, estimator__num_leaves=10, estimator__subsample=0.2; total time=   0.8s
[CV] END estimator__learning_rate=0.77, estimator__max_depth=13, estimator__num_leaves=2, estimator__subsample=0.2; total time=   0.1s
[CV] END estimator__learning_rate=0.77, estimator__max_depth=13, estimator__num_leaves=4, estimator__subsample=0.1; total time=   0.2s
[CV] END estimator__learning_rate=0.77, estimator__max_depth=13, estimator__num_leaves=6, estimator__subsample=0.001; total time=   0.4s
[CV] END estimator__learning_rate=0.77, estimator__max_depth=13, estimator__num_leaves=8, estimator__subsample=0.01; total time=   0.6s
[CV] END estimator__learning_rate=0.77, estimator__max_depth=13, estimator__num_leaves=10, estimator__subsample=0.2; total time=   0.8s
[CV] END estimator__learning_rate=0.77, estimator__max_depth=14, estimator__num_leaves=2, estimator__subsample=0.2; total time=   0.1s
[CV] END estimator__learning_rate=0.77, estimator__max_depth=14, estimator__num_leaves=4, estimator__subsample=0.01; total time=   0.2s
[CV] END estimator__learning_rate=0.77, estimator__max_depth=14, estimator__num_leaves=6, estimator__subsample=0.001; total time=   0.4s
[CV] END estimator__learning_rate=0.77, estimator__max_depth=14, estimator__num_leaves=8, estimator__subsample=0.01; total time=   0.6s
[CV] END estimator__learning_rate=0.77, estimator__max_depth=14, estimator__num_leaves=10, estimator__subsample=0.2; total time=   0.7s
[CV] END estimator__learning_rate=0.58, estimator__max_depth=12, estimator__num_leaves=31, estimator__subsample=0.001; total time=   1.5s
[CV] END estimator__learning_rate=0.58, estimator__max_depth=13, estimator__num_leaves=6, estimator__subsample=0.1; total time=   0.4s
[CV] END estimator__learning_rate=0.58, estimator__max_depth=13, estimator__num_leaves=10, estimator__subsample=0.001; total time=   0.7s
[CV] END estimator__learning_rate=0.58, estimator__max_depth=13, estimator__num_leaves=31, estimator__subsample=0.2; total time=   1.5s
[CV] END estimator__learning_rate=0.58, estimator__max_depth=14, estimator__num_leaves=8, estimator__subsample=0.1; total time=   0.6s
[CV] END estimator__learning_rate=0.58, estimator__max_depth=14, estimator__num_leaves=31, estimator__subsample=0.001; total time=   1.5s
[CV] END estimator__learning_rate=0.77, estimator__max_depth=10, estimator__num_leaves=6, estimator__subsample=0.2; total time=   0.4s
[CV] END estimator__learning_rate=0.77, estimator__max_depth=10, estimator__num_leaves=10, estimator__subsample=0.01; total time=   0.7s
[CV] END estimator__learning_rate=0.77, estimator__max_depth=10, estimator__num_leaves=31, estimator__subsample=0.2; total time=   1.4s
[CV] END estimator__learning_rate=0.77, estimator__max_depth=11, estimator__num_leaves=8, estimator__subsample=0.01; total time=   0.6s
[CV] END estimator__learning_rate=0.77, estimator__max_depth=11, estimator__num_leaves=31, estimator__subsample=0.001; total time=   1.4s
[CV] END estimator__learning_rate=0.77, estimator__max_depth=12, estimator__num_leaves=6, estimator__subsample=0.001; total time=   0.4s
[CV] END estimator__learning_rate=0.77, estimator__max_depth=12, estimator__num_leaves=8, estimator__subsample=0.2; total time=   0.6s
[CV] END estimator__learning_rate=0.77, estimator__max_depth=12, estimator__num_leaves=31, estimator__subsample=0.01; total time=   1.5s
[CV] END estimator__learning_rate=0.77, estimator__max_depth=13, estimator__num_leaves=8, estimator__subsample=0.001; total time=   0.6s
[CV] END estimator__learning_rate=0.77, estimator__max_depth=13, estimator__num_leaves=10, estimator__subsample=0.2; total time=   0.7s
[CV] END estimator__learning_rate=0.77, estimator__max_depth=14, estimator__num_leaves=2, estimator__subsample=0.01; total time=   0.1s
[CV] END estimator__learning_rate=0.77, estimator__max_depth=14, estimator__num_leaves=2, estimator__subsample=0.2; total time=   0.1s
[CV] END estimator__learning_rate=0.77, estimator__max_depth=14, estimator__num_leaves=4, estimator__subsample=0.1; total time=   0.2s
[CV] END estimator__learning_rate=0.77, estimator__max_depth=14, estimator__num_leaves=6, estimator__subsample=0.001; total time=   0.4s
[CV] END estimator__learning_rate=0.77, estimator__max_depth=14, estimator__num_leaves=8, estimator__subsample=0.01; total time=   0.6s
[CV] END estimator__learning_rate=0.77, estimator__max_depth=14, estimator__num_leaves=10, estimator__subsample=0.2; total time=   0.7s
[CV] END estimator__learning_rate=0.58, estimator__max_depth=14, estimator__num_leaves=31, estimator__subsample=0.001; total time=   1.5s
[CV] END estimator__learning_rate=0.77, estimator__max_depth=10, estimator__num_leaves=6, estimator__subsample=0.1; total time=   0.4s
[CV] END estimator__learning_rate=0.77, estimator__max_depth=10, estimator__num_leaves=10, estimator__subsample=0.01; total time=   0.7s
[CV] END estimator__learning_rate=0.77, estimator__max_depth=10, estimator__num_leaves=31, estimator__subsample=0.2; total time=   1.4s
[CV] END estimator__learning_rate=0.77, estimator__max_depth=11, estimator__num_leaves=8, estimator__subsample=0.1; total time=   0.6s
[CV] END estimator__learning_rate=0.77, estimator__max_depth=11, estimator__num_leaves=31, estimator__subsample=0.01; total time=   1.5s
[CV] END estimator__learning_rate=0.77, estimator__max_depth=12, estimator__num_leaves=6, estimator__subsample=0.2; total time=   0.4s
[CV] END estimator__learning_rate=0.77, estimator__max_depth=12, estimator__num_leaves=10, estimator__subsample=0.01; total time=   0.7s
[CV] END estimator__learning_rate=0.77, estimator__max_depth=13, estimator__num_leaves=2, estimator__subsample=0.001; total time=   0.0s
[CV] END estimator__learning_rate=0.77, estimator__max_depth=13, estimator__num_leaves=2, estimator__subsample=0.001; total time=   0.1s
[CV] END estimator__learning_rate=0.77, estimator__max_depth=13, estimator__num_leaves=2, estimator__subsample=0.1; total time=   0.1s
[CV] END estimator__learning_rate=0.77, estimator__max_depth=13, estimator__num_leaves=4, estimator__subsample=0.001; total time=   0.2s
[CV] END estimator__learning_rate=0.77, estimator__max_depth=13, estimator__num_leaves=4, estimator__subsample=0.2; total time=   0.2s
[CV] END estimator__learning_rate=0.77, estimator__max_depth=13, estimator__num_leaves=6, estimator__subsample=0.1; total time=   0.4s
[CV] END estimator__learning_rate=0.77, estimator__max_depth=13, estimator__num_leaves=10, estimator__subsample=0.001; total time=   0.8s
[CV] END estimator__learning_rate=0.77, estimator__max_depth=13, estimator__num_leaves=31, estimator__subsample=0.2; total time=   1.4s
[CV] END estimator__learning_rate=0.77, estimator__max_depth=14, estimator__num_leaves=8, estimator__subsample=0.01; total time=   0.6s
[CV] END estimator__learning_rate=0.77, estimator__max_depth=14, estimator__num_leaves=31, estimator__subsample=0.001; total time=   1.1s
[CV] END estimator__learning_rate=0.58, estimator__max_depth=12, estimator__num_leaves=8, estimator__subsample=0.1; total time=   0.7s
[CV] END estimator__learning_rate=0.58, estimator__max_depth=12, estimator__num_leaves=31, estimator__subsample=0.1; total time=   1.5s
[CV] END estimator__learning_rate=0.58, estimator__max_depth=13, estimator__num_leaves=8, estimator__subsample=0.001; total time=   0.6s
[CV] END estimator__learning_rate=0.58, estimator__max_depth=13, estimator__num_leaves=10, estimator__subsample=0.1; total time=   0.8s
[CV] END estimator__learning_rate=0.58, estimator__max_depth=14, estimator__num_leaves=2, estimator__subsample=0.1; total time=   0.1s
[CV] END estimator__learning_rate=0.58, estimator__max_depth=14, estimator__num_leaves=4, estimator__subsample=0.001; total time=   0.2s
[CV] END estimator__learning_rate=0.58, estimator__max_depth=14, estimator__num_leaves=4, estimator__subsample=0.2; total time=   0.2s
[CV] END estimator__learning_rate=0.58, estimator__max_depth=14, estimator__num_leaves=6, estimator__subsample=0.01; total time=   0.4s
[CV] END estimator__learning_rate=0.58, estimator__max_depth=14, estimator__num_leaves=10, estimator__subsample=0.001; total time=   0.8s
[CV] END estimator__learning_rate=0.58, estimator__max_depth=14, estimator__num_leaves=31, estimator__subsample=0.1; total time=   1.5s
[CV] END estimator__learning_rate=0.77, estimator__max_depth=10, estimator__num_leaves=8, estimator__subsample=0.1; total time=   0.6s
[CV] END estimator__learning_rate=0.77, estimator__max_depth=10, estimator__num_leaves=31, estimator__subsample=0.01; total time=   1.4s
[CV] END estimator__learning_rate=0.77, estimator__max_depth=11, estimator__num_leaves=6, estimator__subsample=0.01; total time=   0.4s
[CV] END estimator__learning_rate=0.77, estimator__max_depth=11, estimator__num_leaves=8, estimator__subsample=0.2; total time=   0.6s
[CV] END estimator__learning_rate=0.77, estimator__max_depth=11, estimator__num_leaves=31, estimator__subsample=0.1; total time=   1.4s
[CV] END estimator__learning_rate=0.77, estimator__max_depth=12, estimator__num_leaves=8, estimator__subsample=0.001; total time=   0.6s
[CV] END estimator__learning_rate=0.77, estimator__max_depth=12, estimator__num_leaves=10, estimator__subsample=0.1; total time=   0.9s
[CV] END estimator__learning_rate=0.77, estimator__max_depth=13, estimator__num_leaves=4, estimator__subsample=0.001; total time=   0.2s
[CV] END estimator__learning_rate=0.77, estimator__max_depth=13, estimator__num_leaves=4, estimator__subsample=0.1; total time=   0.2s
[CV] END estimator__learning_rate=0.77, estimator__max_depth=13, estimator__num_leaves=6, estimator__subsample=0.01; total time=   0.4s
[CV] END estimator__learning_rate=0.77, estimator__max_depth=13, estimator__num_leaves=10, estimator__subsample=0.001; total time=   0.7s
[CV] END estimator__learning_rate=0.77, estimator__max_depth=13, estimator__num_leaves=31, estimator__subsample=0.1; total time=   1.5s
[CV] END estimator__learning_rate=0.77, estimator__max_depth=14, estimator__num_leaves=8, estimator__subsample=0.1; total time=   0.6s
[CV] END estimator__learning_rate=0.77, estimator__max_depth=14, estimator__num_leaves=31, estimator__subsample=0.001; total time=   1.1s
[CV] END estimator__learning_rate=0.01, estimator__max_depth=10, estimator__num_leaves=4, estimator__subsample=0.01; total time=   5.0s
[CV] END estimator__learning_rate=0.01, estimator__max_depth=10, estimator__num_leaves=31, estimator__subsample=0.1; total time=   1.4s
[CV] END estimator__learning_rate=0.01, estimator__max_depth=11, estimator__num_leaves=8, estimator__subsample=0.001; total time=   0.6s
[CV] END estimator__learning_rate=0.01, estimator__max_depth=11, estimator__num_leaves=10, estimator__subsample=0.2; total time=   0.7s
[CV] END estimator__learning_rate=0.01, estimator__max_depth=12, estimator__num_leaves=2, estimator__subsample=0.01; total time=   0.1s
[CV] END estimator__learning_rate=0.01, estimator__max_depth=12, estimator__num_leaves=2, estimator__subsample=0.2; total time=   0.1s
[CV] END estimator__learning_rate=0.01, estimator__max_depth=12, estimator__num_leaves=4, estimator__subsample=0.01; total time=   0.2s
[CV] END estimator__learning_rate=0.01, estimator__max_depth=12, estimator__num_leaves=6, estimator__subsample=0.001; total time=   0.4s
[CV] END estimator__learning_rate=0.01, estimator__max_depth=12, estimator__num_leaves=8, estimator__subsample=0.01; total time=   0.6s
[CV] END estimator__learning_rate=0.01, estimator__max_depth=12, estimator__num_leaves=10, estimator__subsample=0.2; total time=   0.7s
[CV] END estimator__learning_rate=0.01, estimator__max_depth=13, estimator__num_leaves=4, estimator__subsample=0.001; total time=   0.2s
[CV] END estimator__learning_rate=0.01, estimator__max_depth=13, estimator__num_leaves=4, estimator__subsample=0.1; total time=   0.2s
[CV] END estimator__learning_rate=0.01, estimator__max_depth=13, estimator__num_leaves=6, estimator__subsample=0.01; total time=   0.5s
[CV] END estimator__learning_rate=0.01, estimator__max_depth=13, estimator__num_leaves=8, estimator__subsample=0.2; total time=   0.6s
[CV] END estimator__learning_rate=0.01, estimator__max_depth=13, estimator__num_leaves=31, estimator__subsample=0.1; total time=   1.4s
[CV] END estimator__learning_rate=0.01, estimator__max_depth=14, estimator__num_leaves=6, estimator__subsample=0.2; total time=   0.4s
[CV] END estimator__learning_rate=0.01, estimator__max_depth=14, estimator__num_leaves=10, estimator__subsample=0.01; total time=   0.7s
[CV] END estimator__learning_rate=0.2, estimator__max_depth=10, estimator__num_leaves=2, estimator__subsample=0.001; total time=   0.0s
[CV] END estimator__learning_rate=0.2, estimator__max_depth=10, estimator__num_leaves=2, estimator__subsample=0.01; total time=   0.1s
[CV] END estimator__learning_rate=0.2, estimator__max_depth=10, estimator__num_leaves=2, estimator__subsample=0.1; total time=   0.1s
[CV] END estimator__learning_rate=0.2, estimator__max_depth=10, estimator__num_leaves=4, estimator__subsample=0.01; total time=   0.2s
[CV] END estimator__learning_rate=0.2, estimator__max_depth=10, estimator__num_leaves=4, estimator__subsample=0.2; total time=   0.3s
[CV] END estimator__learning_rate=0.2, estimator__max_depth=10, estimator__num_leaves=6, estimator__subsample=0.2; total time=   0.4s
[CV] END estimator__learning_rate=0.2, estimator__max_depth=10, estimator__num_leaves=10, estimator__subsample=0.1; total time=   0.8s
[CV] END estimator__learning_rate=0.2, estimator__max_depth=10, estimator__num_leaves=31, estimator__subsample=0.2; total time=   1.5s
[CV] END estimator__learning_rate=0.2, estimator__max_depth=11, estimator__num_leaves=8, estimator__subsample=0.2; total time=   0.6s
[CV] END estimator__learning_rate=0.2, estimator__max_depth=11, estimator__num_leaves=31, estimator__subsample=0.01; total time=   1.5s
[CV] END estimator__learning_rate=0.2, estimator__max_depth=12, estimator__num_leaves=8, estimator__subsample=0.001; total time=   0.6s
[CV] END estimator__learning_rate=0.2, estimator__max_depth=12, estimator__num_leaves=10, estimator__subsample=0.1; total time=   0.8s
[CV] END estimator__learning_rate=0.2, estimator__max_depth=13, estimator__num_leaves=2, estimator__subsample=0.01; total time=   0.1s
[CV] END estimator__learning_rate=0.2, estimator__max_depth=13, estimator__num_leaves=2, estimator__subsample=0.2; total time=   0.1s
[CV] END estimator__learning_rate=0.2, estimator__max_depth=13, estimator__num_leaves=4, estimator__subsample=0.1; total time=   0.2s
[CV] END estimator__learning_rate=0.2, estimator__max_depth=13, estimator__num_leaves=6, estimator__subsample=0.001; total time=   0.4s
[CV] END estimator__learning_rate=0.2, estimator__max_depth=13, estimator__num_leaves=8, estimator__subsample=0.01; total time=   0.6s
[CV] END estimator__learning_rate=0.2, estimator__max_depth=13, estimator__num_leaves=10, estimator__subsample=0.2; total time=   0.7s
[CV] END estimator__learning_rate=0.2, estimator__max_depth=14, estimator__num_leaves=2, estimator__subsample=0.2; total time=   0.1s
[CV] END estimator__learning_rate=0.2, estimator__max_depth=14, estimator__num_leaves=4, estimator__subsample=0.1; total time=   0.2s
[CV] END estimator__learning_rate=0.2, estimator__max_depth=14, estimator__num_leaves=6, estimator__subsample=0.001; total time=   0.4s
[CV] END estimator__learning_rate=0.2, estimator__max_depth=14, estimator__num_leaves=8, estimator__subsample=0.01; total time=   0.6s
[CV] END estimator__learning_rate=0.2, estimator__max_depth=14, estimator__num_leaves=10, estimator__subsample=0.2; total time=   0.8s
[CV] END estimator__learning_rate=0.39, estimator__max_depth=10, estimator__num_leaves=2, estimator__subsample=0.2; total time=   0.1s
[CV] END estimator__learning_rate=0.39, estimator__max_depth=10, estimator__num_leaves=4, estimator__subsample=0.01; total time=   0.2s
[CV] END estimator__learning_rate=0.39, estimator__max_depth=10, estimator__num_leaves=6, estimator__subsample=0.001; total time=   0.4s
[CV] END estimator__learning_rate=0.39, estimator__max_depth=10, estimator__num_leaves=8, estimator__subsample=0.01; total time=   0.6s
[CV] END estimator__learning_rate=0.39, estimator__max_depth=10, estimator__num_leaves=10, estimator__subsample=0.2; total time=   0.8s
[CV] END estimator__learning_rate=0.39, estimator__max_depth=11, estimator__num_leaves=2, estimator__subsample=0.1; total time=   0.1s
[CV] END estimator__learning_rate=0.39, estimator__max_depth=11, estimator__num_leaves=4, estimator__subsample=0.01; total time=   0.2s
[CV] END estimator__learning_rate=0.39, estimator__max_depth=11, estimator__num_leaves=4, estimator__subsample=0.2; total time=   0.3s
[CV] END estimator__learning_rate=0.39, estimator__max_depth=11, estimator__num_leaves=8, estimator__subsample=0.001; total time=   0.6s
[CV] END estimator__learning_rate=0.39, estimator__max_depth=11, estimator__num_leaves=10, estimator__subsample=0.1; total time=   0.8s
[CV] END estimator__learning_rate=0.39, estimator__max_depth=12, estimator__num_leaves=2, estimator__subsample=0.1; total time=   0.1s
[CV] END estimator__learning_rate=0.39, estimator__max_depth=12, estimator__num_leaves=4, estimator__subsample=0.001; total time=   0.2s
[CV] END estimator__learning_rate=0.39, estimator__max_depth=12, estimator__num_leaves=4, estimator__subsample=0.1; total time=   0.2s
[CV] END estimator__learning_rate=0.39, estimator__max_depth=12, estimator__num_leaves=6, estimator__subsample=0.001; total time=   0.4s
[CV] END estimator__learning_rate=0.39, estimator__max_depth=12, estimator__num_leaves=8, estimator__subsample=0.2; total time=   0.5s
[CV] END estimator__learning_rate=0.39, estimator__max_depth=12, estimator__num_leaves=31, estimator__subsample=0.01; total time=   1.5s
[CV] END estimator__learning_rate=0.39, estimator__max_depth=13, estimator__num_leaves=6, estimator__subsample=0.2; total time=   0.4s
[CV] END estimator__learning_rate=0.39, estimator__max_depth=13, estimator__num_leaves=10, estimator__subsample=0.01; total time=   0.7s
[CV] END estimator__learning_rate=0.39, estimator__max_depth=14, estimator__num_leaves=2, estimator__subsample=0.001; total time=   0.0s
[CV] END estimator__learning_rate=0.39, estimator__max_depth=14, estimator__num_leaves=2, estimator__subsample=0.01; total time=   0.1s
[CV] END estimator__learning_rate=0.58, estimator__max_depth=10, estimator__num_leaves=31, estimator__subsample=0.1; total time=   1.4s
[CV] END estimator__learning_rate=0.58, estimator__max_depth=11, estimator__num_leaves=8, estimator__subsample=0.001; total time=   0.6s
[CV] END estimator__learning_rate=0.58, estimator__max_depth=11, estimator__num_leaves=10, estimator__subsample=0.1; total time=   0.7s
[CV] END estimator__learning_rate=0.58, estimator__max_depth=12, estimator__num_leaves=2, estimator__subsample=0.01; total time=   0.1s
[CV] END estimator__learning_rate=0.58, estimator__max_depth=12, estimator__num_leaves=2, estimator__subsample=0.1; total time=   0.1s
[CV] END estimator__learning_rate=0.58, estimator__max_depth=12, estimator__num_leaves=4, estimator__subsample=0.01; total time=   0.2s
[CV] END estimator__learning_rate=0.58, estimator__max_depth=12, estimator__num_leaves=4, estimator__subsample=0.2; total time=   0.3s
[CV] END estimator__learning_rate=0.58, estimator__max_depth=12, estimator__num_leaves=6, estimator__subsample=0.2; total time=   0.4s
[CV] END estimator__learning_rate=0.58, estimator__max_depth=12, estimator__num_leaves=10, estimator__subsample=0.01; total time=   0.7s
[CV] END estimator__learning_rate=0.58, estimator__max_depth=13, estimator__num_leaves=2, estimator__subsample=0.001; total time=   0.1s
[CV] END estimator__learning_rate=0.58, estimator__max_depth=13, estimator__num_leaves=2, estimator__subsample=0.01; total time=   0.1s
[CV] END estimator__learning_rate=0.58, estimator__max_depth=13, estimator__num_leaves=2, estimator__subsample=0.1; total time=   0.1s
[CV] END estimator__learning_rate=0.58, estimator__max_depth=13, estimator__num_leaves=4, estimator__subsample=0.01; total time=   0.2s
[CV] END estimator__learning_rate=0.58, estimator__max_depth=13, estimator__num_leaves=4, estimator__subsample=0.2; total time=   0.2s
[CV] END estimator__learning_rate=0.58, estimator__max_depth=13, estimator__num_leaves=6, estimator__subsample=0.1; total time=   0.4s
[CV] END estimator__learning_rate=0.58, estimator__max_depth=13, estimator__num_leaves=10, estimator__subsample=0.001; total time=   0.7s
[CV] END estimator__learning_rate=0.58, estimator__max_depth=13, estimator__num_leaves=31, estimator__subsample=0.2; total time=   1.5s
[CV] END estimator__learning_rate=0.58, estimator__max_depth=14, estimator__num_leaves=8, estimator__subsample=0.1; total time=   0.6s
[CV] END estimator__learning_rate=0.58, estimator__max_depth=14, estimator__num_leaves=31, estimator__subsample=0.01; total time=   1.5s
[CV] END estimator__learning_rate=0.77, estimator__max_depth=10, estimator__num_leaves=6, estimator__subsample=0.2; total time=   0.4s
[CV] END estimator__learning_rate=0.77, estimator__max_depth=10, estimator__num_leaves=10, estimator__subsample=0.01; total time=   0.7s
[CV] END estimator__learning_rate=0.77, estimator__max_depth=11, estimator__num_leaves=2, estimator__subsample=0.001; total time=   0.0s
[CV] END estimator__learning_rate=0.77, estimator__max_depth=11, estimator__num_leaves=2, estimator__subsample=0.001; total time=   0.1s
[CV] END estimator__learning_rate=0.77, estimator__max_depth=11, estimator__num_leaves=2, estimator__subsample=0.1; total time=   0.1s
[CV] END estimator__learning_rate=0.77, estimator__max_depth=11, estimator__num_leaves=4, estimator__subsample=0.01; total time=   0.2s
[CV] END estimator__learning_rate=0.77, estimator__max_depth=11, estimator__num_leaves=4, estimator__subsample=0.2; total time=   0.2s
[CV] END estimator__learning_rate=0.77, estimator__max_depth=11, estimator__num_leaves=6, estimator__subsample=0.1; total time=   0.4s
[CV] END estimator__learning_rate=0.77, estimator__max_depth=11, estimator__num_leaves=10, estimator__subsample=0.01; total time=   0.7s
[CV] END estimator__learning_rate=0.77, estimator__max_depth=11, estimator__num_leaves=31, estimator__subsample=0.1; total time=   1.5s
[CV] END estimator__learning_rate=0.77, estimator__max_depth=12, estimator__num_leaves=8, estimator__subsample=0.1; total time=   0.6s
[CV] END estimator__learning_rate=0.77, estimator__max_depth=12, estimator__num_leaves=31, estimator__subsample=0.001; total time=   1.5s
[CV] END estimator__learning_rate=0.77, estimator__max_depth=13, estimator__num_leaves=6, estimator__subsample=0.2; total time=   0.4s
[CV] END estimator__learning_rate=0.77, estimator__max_depth=13, estimator__num_leaves=10, estimator__subsample=0.01; total time=   0.7s
[CV] END estimator__learning_rate=0.77, estimator__max_depth=13, estimator__num_leaves=31, estimator__subsample=0.2; total time=   1.5s
[CV] END estimator__learning_rate=0.77, estimator__max_depth=14, estimator__num_leaves=8, estimator__subsample=0.2; total time=   0.6s
[CV] END estimator__learning_rate=0.77, estimator__max_depth=14, estimator__num_leaves=31, estimator__subsample=0.01; total time=   1.0s
[CV] END estimator__learning_rate=0.58, estimator__max_depth=13, estimator__num_leaves=31, estimator__subsample=0.001; total time=   1.4s
[CV] END estimator__learning_rate=0.58, estimator__max_depth=14, estimator__num_leaves=6, estimator__subsample=0.01; total time=   0.4s
[CV] END estimator__learning_rate=0.58, estimator__max_depth=14, estimator__num_leaves=8, estimator__subsample=0.2; total time=   0.6s
[CV] END estimator__learning_rate=0.58, estimator__max_depth=14, estimator__num_leaves=31, estimator__subsample=0.01; total time=   1.5s
[CV] END estimator__learning_rate=0.77, estimator__max_depth=10, estimator__num_leaves=6, estimator__subsample=0.2; total time=   0.4s
[CV] END estimator__learning_rate=0.77, estimator__max_depth=10, estimator__num_leaves=10, estimator__subsample=0.1; total time=   0.7s
[CV] END estimator__learning_rate=0.77, estimator__max_depth=11, estimator__num_leaves=2, estimator__subsample=0.001; total time=   0.1s
[CV] END estimator__learning_rate=0.77, estimator__max_depth=11, estimator__num_leaves=2, estimator__subsample=0.01; total time=   0.1s
[CV] END estimator__learning_rate=0.77, estimator__max_depth=11, estimator__num_leaves=2, estimator__subsample=0.2; total time=   0.1s
[CV] END estimator__learning_rate=0.77, estimator__max_depth=11, estimator__num_leaves=4, estimator__subsample=0.1; total time=   0.2s
[CV] END estimator__learning_rate=0.77, estimator__max_depth=11, estimator__num_leaves=6, estimator__subsample=0.001; total time=   0.4s
[CV] END estimator__learning_rate=0.77, estimator__max_depth=11, estimator__num_leaves=8, estimator__subsample=0.01; total time=   0.6s
[CV] END estimator__learning_rate=0.77, estimator__max_depth=11, estimator__num_leaves=10, estimator__subsample=0.2; total time=   0.8s
[CV] END estimator__learning_rate=0.77, estimator__max_depth=12, estimator__num_leaves=2, estimator__subsample=0.2; total time=   0.1s
[CV] END estimator__learning_rate=0.77, estimator__max_depth=12, estimator__num_leaves=4, estimator__subsample=0.01; total time=   0.2s
[CV] END estimator__learning_rate=0.77, estimator__max_depth=12, estimator__num_leaves=6, estimator__subsample=0.001; total time=   0.4s
[CV] END estimator__learning_rate=0.77, estimator__max_depth=12, estimator__num_leaves=8, estimator__subsample=0.001; total time=   0.6s
[CV] END estimator__learning_rate=0.77, estimator__max_depth=12, estimator__num_leaves=10, estimator__subsample=0.2; total time=   0.8s
[CV] END estimator__learning_rate=0.77, estimator__max_depth=13, estimator__num_leaves=2, estimator__subsample=0.1; total time=   0.1s
[CV] END estimator__learning_rate=0.77, estimator__max_depth=13, estimator__num_leaves=4, estimator__subsample=0.01; total time=   0.2s
[CV] END estimator__learning_rate=0.77, estimator__max_depth=13, estimator__num_leaves=4, estimator__subsample=0.2; total time=   0.2s
[CV] END estimator__learning_rate=0.77, estimator__max_depth=13, estimator__num_leaves=6, estimator__subsample=0.1; total time=   0.4s
[CV] END estimator__learning_rate=0.77, estimator__max_depth=13, estimator__num_leaves=10, estimator__subsample=0.01; total time=   0.7s
[CV] END estimator__learning_rate=0.77, estimator__max_depth=13, estimator__num_leaves=31, estimator__subsample=0.1; total time=   1.5s
[CV] END estimator__learning_rate=0.77, estimator__max_depth=14, estimator__num_leaves=8, estimator__subsample=0.1; total time=   0.6s
[CV] END estimator__learning_rate=0.77, estimator__max_depth=14, estimator__num_leaves=31, estimator__subsample=0.001; total time=   1.1s
[CV] END estimator__learning_rate=0.58, estimator__max_depth=12, estimator__num_leaves=8, estimator__subsample=0.01; total time=   0.6s
[CV] END estimator__learning_rate=0.58, estimator__max_depth=12, estimator__num_leaves=10, estimator__subsample=0.2; total time=   0.8s
[CV] END estimator__learning_rate=0.58, estimator__max_depth=13, estimator__num_leaves=4, estimator__subsample=0.001; total time=   0.2s
[CV] END estimator__learning_rate=0.58, estimator__max_depth=13, estimator__num_leaves=4, estimator__subsample=0.2; total time=   0.2s
[CV] END estimator__learning_rate=0.58, estimator__max_depth=13, estimator__num_leaves=6, estimator__subsample=0.01; total time=   0.4s
[CV] END estimator__learning_rate=0.58, estimator__max_depth=13, estimator__num_leaves=8, estimator__subsample=0.2; total time=   0.6s
[CV] END estimator__learning_rate=0.58, estimator__max_depth=13, estimator__num_leaves=31, estimator__subsample=0.1; total time=   1.4s
[CV] END estimator__learning_rate=0.58, estimator__max_depth=14, estimator__num_leaves=8, estimator__subsample=0.001; total time=   0.6s
[CV] END estimator__learning_rate=0.58, estimator__max_depth=14, estimator__num_leaves=10, estimator__subsample=0.1; total time=   0.7s
[CV] END estimator__learning_rate=0.77, estimator__max_depth=10, estimator__num_leaves=2, estimator__subsample=0.01; total time=   0.1s
[CV] END estimator__learning_rate=0.77, estimator__max_depth=10, estimator__num_leaves=4, estimator__subsample=0.001; total time=   0.2s
[CV] END estimator__learning_rate=0.77, estimator__max_depth=10, estimator__num_leaves=4, estimator__subsample=0.1; total time=   0.2s
[CV] END estimator__learning_rate=0.77, estimator__max_depth=10, estimator__num_leaves=6, estimator__subsample=0.01; total time=   0.4s
[CV] END estimator__learning_rate=0.77, estimator__max_depth=10, estimator__num_leaves=8, estimator__subsample=0.2; total time=   0.6s
[CV] END estimator__learning_rate=0.77, estimator__max_depth=10, estimator__num_leaves=31, estimator__subsample=0.1; total time=   1.4s
[CV] END estimator__learning_rate=0.77, estimator__max_depth=11, estimator__num_leaves=8, estimator__subsample=0.001; total time=   0.6s
[CV] END estimator__learning_rate=0.77, estimator__max_depth=11, estimator__num_leaves=10, estimator__subsample=0.1; total time=   0.8s
[CV] END estimator__learning_rate=0.77, estimator__max_depth=12, estimator__num_leaves=2, estimator__subsample=0.01; total time=   0.1s
[CV] END estimator__learning_rate=0.77, estimator__max_depth=12, estimator__num_leaves=2, estimator__subsample=0.2; total time=   0.1s
[CV] END estimator__learning_rate=0.77, estimator__max_depth=12, estimator__num_leaves=4, estimator__subsample=0.1; total time=   0.2s
[CV] END estimator__learning_rate=0.77, estimator__max_depth=12, estimator__num_leaves=6, estimator__subsample=0.001; total time=   0.4s
[CV] END estimator__learning_rate=0.77, estimator__max_depth=12, estimator__num_leaves=8, estimator__subsample=0.01; total time=   0.6s
[CV] END estimator__learning_rate=0.77, estimator__max_depth=12, estimator__num_leaves=10, estimator__subsample=0.2; total time=   0.8s
[CV] END estimator__learning_rate=0.77, estimator__max_depth=13, estimator__num_leaves=2, estimator__subsample=0.2; total time=   0.1s
[CV] END estimator__learning_rate=0.77, estimator__max_depth=13, estimator__num_leaves=4, estimator__subsample=0.01; total time=   0.2s
[CV] END estimator__learning_rate=0.77, estimator__max_depth=13, estimator__num_leaves=4, estimator__subsample=0.2; total time=   0.3s
[CV] END estimator__learning_rate=0.77, estimator__max_depth=13, estimator__num_leaves=6, estimator__subsample=0.2; total time=   0.4s
[CV] END estimator__learning_rate=0.77, estimator__max_depth=13, estimator__num_leaves=10, estimator__subsample=0.01; total time=   0.7s
[CV] END estimator__learning_rate=0.77, estimator__max_depth=13, estimator__num_leaves=31, estimator__subsample=0.2; total time=   1.5s
[CV] END estimator__learning_rate=0.77, estimator__max_depth=14, estimator__num_leaves=8, estimator__subsample=0.1; total time=   0.6s
[CV] END estimator__learning_rate=0.77, estimator__max_depth=14, estimator__num_leaves=31, estimator__subsample=0.01; total time=   1.0s
[CV] END estimator__learning_rate=0.58, estimator__max_depth=12, estimator__num_leaves=8, estimator__subsample=0.1; total time=   0.7s
[CV] END estimator__learning_rate=0.58, estimator__max_depth=12, estimator__num_leaves=31, estimator__subsample=0.1; total time=   1.4s
[CV] END estimator__learning_rate=0.58, estimator__max_depth=13, estimator__num_leaves=8, estimator__subsample=0.001; total time=   0.6s
[CV] END estimator__learning_rate=0.58, estimator__max_depth=13, estimator__num_leaves=10, estimator__subsample=0.2; total time=   0.7s
[CV] END estimator__learning_rate=0.58, estimator__max_depth=14, estimator__num_leaves=2, estimator__subsample=0.1; total time=   0.1s
[CV] END estimator__learning_rate=0.58, estimator__max_depth=14, estimator__num_leaves=4, estimator__subsample=0.001; total time=   0.2s
[CV] END estimator__learning_rate=0.58, estimator__max_depth=14, estimator__num_leaves=4, estimator__subsample=0.1; total time=   0.2s
[CV] END estimator__learning_rate=0.58, estimator__max_depth=14, estimator__num_leaves=6, estimator__subsample=0.01; total time=   0.4s
[CV] END estimator__learning_rate=0.58, estimator__max_depth=14, estimator__num_leaves=10, estimator__subsample=0.001; total time=   0.7s
[CV] END estimator__learning_rate=0.58, estimator__max_depth=14, estimator__num_leaves=31, estimator__subsample=0.1; total time=   1.5s
[CV] END estimator__learning_rate=0.77, estimator__max_depth=10, estimator__num_leaves=8, estimator__subsample=0.01; total time=   0.6s
[CV] END estimator__learning_rate=0.77, estimator__max_depth=10, estimator__num_leaves=31, estimator__subsample=0.001; total time=   1.4s
[CV] END estimator__learning_rate=0.77, estimator__max_depth=11, estimator__num_leaves=6, estimator__subsample=0.001; total time=   0.4s
[CV] END estimator__learning_rate=0.77, estimator__max_depth=11, estimator__num_leaves=8, estimator__subsample=0.2; total time=   0.6s
[CV] END estimator__learning_rate=0.77, estimator__max_depth=11, estimator__num_leaves=31, estimator__subsample=0.01; total time=   1.4s
[CV] END estimator__learning_rate=0.77, estimator__max_depth=12, estimator__num_leaves=6, estimator__subsample=0.2; total time=   0.4s
[CV] END estimator__learning_rate=0.77, estimator__max_depth=12, estimator__num_leaves=10, estimator__subsample=0.01; total time=   0.7s
[CV] END estimator__learning_rate=0.77, estimator__max_depth=13, estimator__num_leaves=2, estimator__subsample=0.001; total time=   0.0s
[CV] END estimator__learning_rate=0.77, estimator__max_depth=13, estimator__num_leaves=2, estimator__subsample=0.01; total time=   0.1s
[CV] END estimator__learning_rate=0.77, estimator__max_depth=13, estimator__num_leaves=2, estimator__subsample=0.1; total time=   0.1s
[CV] END estimator__learning_rate=0.77, estimator__max_depth=13, estimator__num_leaves=4, estimator__subsample=0.001; total time=   0.2s
[CV] END estimator__learning_rate=0.77, estimator__max_depth=13, estimator__num_leaves=4, estimator__subsample=0.2; total time=   0.2s
[CV] END estimator__learning_rate=0.77, estimator__max_depth=13, estimator__num_leaves=6, estimator__subsample=0.1; total time=   0.4s
[CV] END estimator__learning_rate=0.77, estimator__max_depth=13, estimator__num_leaves=10, estimator__subsample=0.001; total time=   0.8s
[CV] END estimator__learning_rate=0.77, estimator__max_depth=13, estimator__num_leaves=31, estimator__subsample=0.2; total time=   1.5s
[CV] END estimator__learning_rate=0.77, estimator__max_depth=14, estimator__num_leaves=8, estimator__subsample=0.1; total time=   0.6s
[CV] END estimator__learning_rate=0.77, estimator__max_depth=14, estimator__num_leaves=31, estimator__subsample=0.001; total time=   1.1s
[CV] END estimator__learning_rate=0.58, estimator__max_depth=11, estimator__num_leaves=31, estimator__subsample=0.1; total time=   1.5s
[CV] END estimator__learning_rate=0.58, estimator__max_depth=12, estimator__num_leaves=8, estimator__subsample=0.1; total time=   0.6s
[CV] END estimator__learning_rate=0.58, estimator__max_depth=12, estimator__num_leaves=31, estimator__subsample=0.001; total time=   1.5s
[CV] END estimator__learning_rate=0.58, estimator__max_depth=13, estimator__num_leaves=6, estimator__subsample=0.2; total time=   0.4s
[CV] END estimator__learning_rate=0.58, estimator__max_depth=13, estimator__num_leaves=10, estimator__subsample=0.01; total time=   0.7s
[CV] END estimator__learning_rate=0.58, estimator__max_depth=13, estimator__num_leaves=31, estimator__subsample=0.2; total time=   1.5s
[CV] END estimator__learning_rate=0.58, estimator__max_depth=14, estimator__num_leaves=8, estimator__subsample=0.1; total time=   0.6s
[CV] END estimator__learning_rate=0.58, estimator__max_depth=14, estimator__num_leaves=31, estimator__subsample=0.01; total time=   1.4s
[CV] END estimator__learning_rate=0.77, estimator__max_depth=10, estimator__num_leaves=6, estimator__subsample=0.2; total time=   0.4s
[CV] END estimator__learning_rate=0.77, estimator__max_depth=10, estimator__num_leaves=10, estimator__subsample=0.01; total time=   0.9s
[CV] END estimator__learning_rate=0.77, estimator__max_depth=11, estimator__num_leaves=2, estimator__subsample=0.01; total time=   0.1s
[CV] END estimator__learning_rate=0.77, estimator__max_depth=11, estimator__num_leaves=2, estimator__subsample=0.1; total time=   0.1s
[CV] END estimator__learning_rate=0.77, estimator__max_depth=11, estimator__num_leaves=4, estimator__subsample=0.01; total time=   0.2s
[CV] END estimator__learning_rate=0.77, estimator__max_depth=11, estimator__num_leaves=4, estimator__subsample=0.2; total time=   0.2s
[CV] END estimator__learning_rate=0.77, estimator__max_depth=11, estimator__num_leaves=6, estimator__subsample=0.1; total time=   0.4s
[CV] END estimator__learning_rate=0.77, estimator__max_depth=11, estimator__num_leaves=10, estimator__subsample=0.001; total time=   0.7s
[CV] END estimator__learning_rate=0.77, estimator__max_depth=11, estimator__num_leaves=31, estimator__subsample=0.2; total time=   1.5s
[CV] END estimator__learning_rate=0.77, estimator__max_depth=12, estimator__num_leaves=8, estimator__subsample=0.1; total time=   0.6s
[CV] END estimator__learning_rate=0.77, estimator__max_depth=12, estimator__num_leaves=31, estimator__subsample=0.01; total time=   1.5s
[CV] END estimator__learning_rate=0.77, estimator__max_depth=13, estimator__num_leaves=6, estimator__subsample=0.2; total time=   0.4s
[CV] END estimator__learning_rate=0.77, estimator__max_depth=13, estimator__num_leaves=10, estimator__subsample=0.01; total time=   0.7s
[CV] END estimator__learning_rate=0.77, estimator__max_depth=13, estimator__num_leaves=31, estimator__subsample=0.2; total time=   1.5s
[CV] END estimator__learning_rate=0.77, estimator__max_depth=14, estimator__num_leaves=8, estimator__subsample=0.1; total time=   0.6s
[CV] END estimator__learning_rate=0.77, estimator__max_depth=14, estimator__num_leaves=31, estimator__subsample=0.01; total time=   1.1s
[CV] END estimator__learning_rate=0.58, estimator__max_depth=12, estimator__num_leaves=6, estimator__subsample=0.01; total time=   0.4s
[CV] END estimator__learning_rate=0.58, estimator__max_depth=12, estimator__num_leaves=10, estimator__subsample=0.001; total time=   0.7s
[CV] END estimator__learning_rate=0.58, estimator__max_depth=12, estimator__num_leaves=31, estimator__subsample=0.1; total time=   1.5s
[CV] END estimator__learning_rate=0.58, estimator__max_depth=13, estimator__num_leaves=8, estimator__subsample=0.01; total time=   0.6s
[CV] END estimator__learning_rate=0.58, estimator__max_depth=13, estimator__num_leaves=31, estimator__subsample=0.001; total time=   1.5s
[CV] END estimator__learning_rate=0.58, estimator__max_depth=14, estimator__num_leaves=6, estimator__subsample=0.1; total time=   0.4s
[CV] END estimator__learning_rate=0.58, estimator__max_depth=14, estimator__num_leaves=10, estimator__subsample=0.001; total time=   0.8s
[CV] END estimator__learning_rate=0.58, estimator__max_depth=14, estimator__num_leaves=31, estimator__subsample=0.2; total time=   1.5s
[CV] END estimator__learning_rate=0.77, estimator__max_depth=10, estimator__num_leaves=8, estimator__subsample=0.1; total time=   0.6s
[CV] END estimator__learning_rate=0.77, estimator__max_depth=10, estimator__num_leaves=31, estimator__subsample=0.001; total time=   1.4s
[CV] END estimator__learning_rate=0.77, estimator__max_depth=11, estimator__num_leaves=6, estimator__subsample=0.2; total time=   0.4s
[CV] END estimator__learning_rate=0.77, estimator__max_depth=11, estimator__num_leaves=10, estimator__subsample=0.001; total time=   0.7s
[CV] END estimator__learning_rate=0.77, estimator__max_depth=11, estimator__num_leaves=31, estimator__subsample=0.2; total time=   1.5s
[CV] END estimator__learning_rate=0.77, estimator__max_depth=12, estimator__num_leaves=8, estimator__subsample=0.1; total time=   0.6s
[CV] END estimator__learning_rate=0.77, estimator__max_depth=12, estimator__num_leaves=31, estimator__subsample=0.001; total time=   1.5s
[CV] END estimator__learning_rate=0.77, estimator__max_depth=13, estimator__num_leaves=6, estimator__subsample=0.1; total time=   0.5s
[CV] END estimator__learning_rate=0.77, estimator__max_depth=13, estimator__num_leaves=10, estimator__subsample=0.1; total time=   0.7s
[CV] END estimator__learning_rate=0.77, estimator__max_depth=14, estimator__num_leaves=2, estimator__subsample=0.001; total time=   0.1s
[CV] END estimator__learning_rate=0.77, estimator__max_depth=14, estimator__num_leaves=2, estimator__subsample=0.01; total time=   0.1s
[CV] END estimator__learning_rate=0.77, estimator__max_depth=14, estimator__num_leaves=4, estimator__subsample=0.001; total time=   0.2s
[CV] END estimator__learning_rate=0.77, estimator__max_depth=14, estimator__num_leaves=4, estimator__subsample=0.1; total time=   0.2s
[CV] END estimator__learning_rate=0.77, estimator__max_depth=14, estimator__num_leaves=6, estimator__subsample=0.01; total time=   0.4s
[CV] END estimator__learning_rate=0.77, estimator__max_depth=14, estimator__num_leaves=8, estimator__subsample=0.2; total time=   0.6s
[CV] END estimator__learning_rate=0.77, estimator__max_depth=14, estimator__num_leaves=31, estimator__subsample=0.1; total time=   1.0s
[CV] END estimator__learning_rate=0.58, estimator__max_depth=13, estimator__num_leaves=8, estimator__subsample=0.2; total time=   0.6s
[CV] END estimator__learning_rate=0.58, estimator__max_depth=13, estimator__num_leaves=31, estimator__subsample=0.01; total time=   1.5s
[CV] END estimator__learning_rate=0.58, estimator__max_depth=14, estimator__num_leaves=8, estimator__subsample=0.001; total time=   0.6s
[CV] END estimator__learning_rate=0.58, estimator__max_depth=14, estimator__num_leaves=10, estimator__subsample=0.2; total time=   0.7s
[CV] END estimator__learning_rate=0.77, estimator__max_depth=10, estimator__num_leaves=2, estimator__subsample=0.1; total time=   0.1s
[CV] END estimator__learning_rate=0.77, estimator__max_depth=10, estimator__num_leaves=4, estimator__subsample=0.001; total time=   0.2s
[CV] END estimator__learning_rate=0.77, estimator__max_depth=10, estimator__num_leaves=4, estimator__subsample=0.1; total time=   0.2s
[CV] END estimator__learning_rate=0.77, estimator__max_depth=10, estimator__num_leaves=6, estimator__subsample=0.01; total time=   0.4s
[CV] END estimator__learning_rate=0.77, estimator__max_depth=10, estimator__num_leaves=8, estimator__subsample=0.2; total time=   0.6s
[CV] END estimator__learning_rate=0.77, estimator__max_depth=10, estimator__num_leaves=31, estimator__subsample=0.01; total time=   1.4s
[CV] END estimator__learning_rate=0.77, estimator__max_depth=11, estimator__num_leaves=8, estimator__subsample=0.001; total time=   0.6s
[CV] END estimator__learning_rate=0.77, estimator__max_depth=11, estimator__num_leaves=10, estimator__subsample=0.1; total time=   0.8s
[CV] END estimator__learning_rate=0.77, estimator__max_depth=12, estimator__num_leaves=2, estimator__subsample=0.01; total time=   0.1s
[CV] END estimator__learning_rate=0.77, estimator__max_depth=12, estimator__num_leaves=2, estimator__subsample=0.1; total time=   0.1s
[CV] END estimator__learning_rate=0.77, estimator__max_depth=12, estimator__num_leaves=4, estimator__subsample=0.01; total time=   0.2s
[CV] END estimator__learning_rate=0.77, estimator__max_depth=12, estimator__num_leaves=4, estimator__subsample=0.2; total time=   0.2s
[CV] END estimator__learning_rate=0.77, estimator__max_depth=12, estimator__num_leaves=6, estimator__subsample=0.2; total time=   0.4s
[CV] END estimator__learning_rate=0.77, estimator__max_depth=12, estimator__num_leaves=10, estimator__subsample=0.001; total time=   0.7s
[CV] END estimator__learning_rate=0.77, estimator__max_depth=12, estimator__num_leaves=31, estimator__subsample=0.2; total time=   1.4s
[CV] END estimator__learning_rate=0.77, estimator__max_depth=13, estimator__num_leaves=8, estimator__subsample=0.01; total time=   0.6s
[CV] END estimator__learning_rate=0.77, estimator__max_depth=13, estimator__num_leaves=31, estimator__subsample=0.001; total time=   1.4s
[CV] END estimator__learning_rate=0.77, estimator__max_depth=14, estimator__num_leaves=6, estimator__subsample=0.01; total time=   0.4s
[CV] END estimator__learning_rate=0.77, estimator__max_depth=14, estimator__num_leaves=8, estimator__subsample=0.2; total time=   0.6s
[CV] END estimator__learning_rate=0.77, estimator__max_depth=14, estimator__num_leaves=31, estimator__subsample=0.01; total time=   1.1s
[CV] END estimator__learning_rate=0.58, estimator__max_depth=12, estimator__num_leaves=10, estimator__subsample=0.001; total time=   0.7s
[CV] END estimator__learning_rate=0.58, estimator__max_depth=12, estimator__num_leaves=31, estimator__subsample=0.2; total time=   1.5s
[CV] END estimator__learning_rate=0.58, estimator__max_depth=13, estimator__num_leaves=8, estimator__subsample=0.1; total time=   0.6s
[CV] END estimator__learning_rate=0.58, estimator__max_depth=13, estimator__num_leaves=31, estimator__subsample=0.01; total time=   1.5s
[CV] END estimator__learning_rate=0.58, estimator__max_depth=14, estimator__num_leaves=6, estimator__subsample=0.2; total time=   0.4s
[CV] END estimator__learning_rate=0.58, estimator__max_depth=14, estimator__num_leaves=10, estimator__subsample=0.01; total time=   0.7s
[CV] END estimator__learning_rate=0.77, estimator__max_depth=10, estimator__num_leaves=2, estimator__subsample=0.001; total time=   0.0s
[CV] END estimator__learning_rate=0.77, estimator__max_depth=10, estimator__num_leaves=2, estimator__subsample=0.01; total time=   0.1s
[CV] END estimator__learning_rate=0.77, estimator__max_depth=10, estimator__num_leaves=2, estimator__subsample=0.1; total time=   0.1s
[CV] END estimator__learning_rate=0.77, estimator__max_depth=10, estimator__num_leaves=4, estimator__subsample=0.01; total time=   0.2s
[CV] END estimator__learning_rate=0.77, estimator__max_depth=10, estimator__num_leaves=4, estimator__subsample=0.2; total time=   0.2s
[CV] END estimator__learning_rate=0.77, estimator__max_depth=10, estimator__num_leaves=6, estimator__subsample=0.1; total time=   0.4s
[CV] END estimator__learning_rate=0.77, estimator__max_depth=10, estimator__num_leaves=10, estimator__subsample=0.001; total time=   0.7s
[CV] END estimator__learning_rate=0.77, estimator__max_depth=10, estimator__num_leaves=31, estimator__subsample=0.2; total time=   1.8s
[CV] END estimator__learning_rate=0.77, estimator__max_depth=11, estimator__num_leaves=10, estimator__subsample=0.1; total time=   0.7s
[CV] END estimator__learning_rate=0.77, estimator__max_depth=12, estimator__num_leaves=2, estimator__subsample=0.001; total time=   0.1s
[CV] END estimator__learning_rate=0.77, estimator__max_depth=12, estimator__num_leaves=2, estimator__subsample=0.1; total time=   0.1s
[CV] END estimator__learning_rate=0.77, estimator__max_depth=12, estimator__num_leaves=4, estimator__subsample=0.001; total time=   0.2s
[CV] END estimator__learning_rate=0.77, estimator__max_depth=12, estimator__num_leaves=4, estimator__subsample=0.1; total time=   0.2s
[CV] END estimator__learning_rate=0.77, estimator__max_depth=12, estimator__num_leaves=6, estimator__subsample=0.01; total time=   0.4s
[CV] END estimator__learning_rate=0.77, estimator__max_depth=12, estimator__num_leaves=8, estimator__subsample=0.2; total time=   0.6s
[CV] END estimator__learning_rate=0.77, estimator__max_depth=12, estimator__num_leaves=31, estimator__subsample=0.1; total time=   1.5s
[CV] END estimator__learning_rate=0.77, estimator__max_depth=13, estimator__num_leaves=8, estimator__subsample=0.001; total time=   0.6s
[CV] END estimator__learning_rate=0.77, estimator__max_depth=13, estimator__num_leaves=10, estimator__subsample=0.1; total time=   0.7s
[CV] END estimator__learning_rate=0.77, estimator__max_depth=14, estimator__num_leaves=2, estimator__subsample=0.01; total time=   0.1s
[CV] END estimator__learning_rate=0.77, estimator__max_depth=14, estimator__num_leaves=4, estimator__subsample=0.001; total time=   0.2s
[CV] END estimator__learning_rate=0.77, estimator__max_depth=14, estimator__num_leaves=4, estimator__subsample=0.1; total time=   0.2s
[CV] END estimator__learning_rate=0.77, estimator__max_depth=14, estimator__num_leaves=6, estimator__subsample=0.001; total time=   0.4s
[CV] END estimator__learning_rate=0.77, estimator__max_depth=14, estimator__num_leaves=8, estimator__subsample=0.2; total time=   0.6s
[CV] END estimator__learning_rate=0.77, estimator__max_depth=14, estimator__num_leaves=31, estimator__subsample=0.01; total time=   1.1s
[CV] END estimator__learning_rate=0.39, estimator__max_depth=13, estimator__num_leaves=6, estimator__subsample=0.1; total time=   0.4s
[CV] END estimator__learning_rate=0.39, estimator__max_depth=13, estimator__num_leaves=10, estimator__subsample=0.001; total time=   0.7s
[CV] END estimator__learning_rate=0.39, estimator__max_depth=13, estimator__num_leaves=31, estimator__subsample=0.2; total time=   1.5s
[CV] END estimator__learning_rate=0.39, estimator__max_depth=14, estimator__num_leaves=8, estimator__subsample=0.1; total time=   0.7s
[CV] END estimator__learning_rate=0.39, estimator__max_depth=14, estimator__num_leaves=31, estimator__subsample=0.1; total time=   1.5s
[CV] END estimator__learning_rate=0.58, estimator__max_depth=10, estimator__num_leaves=8, estimator__subsample=0.001; total time=   0.6s
[CV] END estimator__learning_rate=0.58, estimator__max_depth=10, estimator__num_leaves=10, estimator__subsample=0.2; total time=   0.7s
[CV] END estimator__learning_rate=0.58, estimator__max_depth=11, estimator__num_leaves=2, estimator__subsample=0.01; total time=   0.1s
[CV] END estimator__learning_rate=0.58, estimator__max_depth=11, estimator__num_leaves=4, estimator__subsample=0.001; total time=   0.2s
[CV] END estimator__learning_rate=0.58, estimator__max_depth=11, estimator__num_leaves=4, estimator__subsample=0.1; total time=   0.3s
[CV] END estimator__learning_rate=0.58, estimator__max_depth=11, estimator__num_leaves=8, estimator__subsample=0.001; total time=   0.6s
[CV] END estimator__learning_rate=0.58, estimator__max_depth=11, estimator__num_leaves=10, estimator__subsample=0.1; total time=   0.7s
[CV] END estimator__learning_rate=0.58, estimator__max_depth=12, estimator__num_leaves=2, estimator__subsample=0.001; total time=   0.1s
[CV] END estimator__learning_rate=0.58, estimator__max_depth=12, estimator__num_leaves=2, estimator__subsample=0.2; total time=   0.1s
[CV] END estimator__learning_rate=0.58, estimator__max_depth=12, estimator__num_leaves=4, estimator__subsample=0.01; total time=   0.2s
[CV] END estimator__learning_rate=0.58, estimator__max_depth=12, estimator__num_leaves=4, estimator__subsample=0.2; total time=   0.2s
[CV] END estimator__learning_rate=0.58, estimator__max_depth=12, estimator__num_leaves=6, estimator__subsample=0.2; total time=   0.4s
[CV] END estimator__learning_rate=0.58, estimator__max_depth=12, estimator__num_leaves=10, estimator__subsample=0.1; total time=   0.7s
[CV] END estimator__learning_rate=0.58, estimator__max_depth=12, estimator__num_leaves=31, estimator__subsample=0.2; total time=   1.5s
[CV] END estimator__learning_rate=0.58, estimator__max_depth=13, estimator__num_leaves=8, estimator__subsample=0.2; total time=   0.6s
[CV] END estimator__learning_rate=0.58, estimator__max_depth=13, estimator__num_leaves=31, estimator__subsample=0.01; total time=   1.5s
[CV] END estimator__learning_rate=0.58, estimator__max_depth=14, estimator__num_leaves=6, estimator__subsample=0.2; total time=   0.4s
[CV] END estimator__learning_rate=0.58, estimator__max_depth=14, estimator__num_leaves=10, estimator__subsample=0.1; total time=   0.7s
[CV] END estimator__learning_rate=0.77, estimator__max_depth=10, estimator__num_leaves=2, estimator__subsample=0.001; total time=   0.0s
[CV] END estimator__learning_rate=0.77, estimator__max_depth=10, estimator__num_leaves=2, estimator__subsample=0.01; total time=   0.1s
[CV] END estimator__learning_rate=0.77, estimator__max_depth=10, estimator__num_leaves=2, estimator__subsample=0.2; total time=   0.1s
[CV] END estimator__learning_rate=0.77, estimator__max_depth=10, estimator__num_leaves=4, estimator__subsample=0.01; total time=   0.2s
[CV] END estimator__learning_rate=0.77, estimator__max_depth=10, estimator__num_leaves=4, estimator__subsample=0.2; total time=   0.2s
[CV] END estimator__learning_rate=0.77, estimator__max_depth=10, estimator__num_leaves=6, estimator__subsample=0.1; total time=   0.4s
[CV] END estimator__learning_rate=0.77, estimator__max_depth=10, estimator__num_leaves=10, estimator__subsample=0.001; total time=   0.7s
[CV] END estimator__learning_rate=0.77, estimator__max_depth=10, estimator__num_leaves=31, estimator__subsample=0.2; total time=   1.4s
[CV] END estimator__learning_rate=0.77, estimator__max_depth=11, estimator__num_leaves=8, estimator__subsample=0.01; total time=   0.6s
[CV] END estimator__learning_rate=0.77, estimator__max_depth=11, estimator__num_leaves=10, estimator__subsample=0.2; total time=   0.8s
[CV] END estimator__learning_rate=0.77, estimator__max_depth=12, estimator__num_leaves=4, estimator__subsample=0.001; total time=   0.2s
[CV] END estimator__learning_rate=0.77, estimator__max_depth=12, estimator__num_leaves=4, estimator__subsample=0.1; total time=   0.2s
[CV] END estimator__learning_rate=0.77, estimator__max_depth=12, estimator__num_leaves=6, estimator__subsample=0.01; total time=   0.4s
[CV] END estimator__learning_rate=0.77, estimator__max_depth=12, estimator__num_leaves=8, estimator__subsample=0.2; total time=   0.6s
[CV] END estimator__learning_rate=0.77, estimator__max_depth=12, estimator__num_leaves=31, estimator__subsample=0.01; total time=   1.5s
[CV] END estimator__learning_rate=0.77, estimator__max_depth=13, estimator__num_leaves=8, estimator__subsample=0.001; total time=   0.6s
[CV] END estimator__learning_rate=0.77, estimator__max_depth=13, estimator__num_leaves=10, estimator__subsample=0.1; total time=   0.8s
[CV] END estimator__learning_rate=0.77, estimator__max_depth=14, estimator__num_leaves=2, estimator__subsample=0.1; total time=   0.1s
[CV] END estimator__learning_rate=0.77, estimator__max_depth=14, estimator__num_leaves=4, estimator__subsample=0.001; total time=   0.2s
[CV] END estimator__learning_rate=0.77, estimator__max_depth=14, estimator__num_leaves=4, estimator__subsample=0.1; total time=   0.2s
[CV] END estimator__learning_rate=0.77, estimator__max_depth=14, estimator__num_leaves=6, estimator__subsample=0.01; total time=   0.4s
[CV] END estimator__learning_rate=0.77, estimator__max_depth=14, estimator__num_leaves=8, estimator__subsample=0.2; total time=   0.6s
[CV] END estimator__learning_rate=0.77, estimator__max_depth=14, estimator__num_leaves=31, estimator__subsample=0.1; total time=   1.0s
[CV] END estimator__learning_rate=0.58, estimator__max_depth=11, estimator__num_leaves=4, estimator__subsample=0.01; total time=   0.2s
[CV] END estimator__learning_rate=0.58, estimator__max_depth=11, estimator__num_leaves=4, estimator__subsample=0.2; total time=   0.3s
[CV] END estimator__learning_rate=0.58, estimator__max_depth=11, estimator__num_leaves=6, estimator__subsample=0.2; total time=   0.5s
[CV] END estimator__learning_rate=0.58, estimator__max_depth=11, estimator__num_leaves=10, estimator__subsample=0.1; total time=   0.7s
[CV] END estimator__learning_rate=0.58, estimator__max_depth=12, estimator__num_leaves=2, estimator__subsample=0.001; total time=   0.1s
[CV] END estimator__learning_rate=0.58, estimator__max_depth=12, estimator__num_leaves=2, estimator__subsample=0.1; total time=   0.1s
[CV] END estimator__learning_rate=0.58, estimator__max_depth=12, estimator__num_leaves=4, estimator__subsample=0.001; total time=   0.2s
[CV] END estimator__learning_rate=0.58, estimator__max_depth=12, estimator__num_leaves=4, estimator__subsample=0.1; total time=   0.2s
[CV] END estimator__learning_rate=0.58, estimator__max_depth=12, estimator__num_leaves=6, estimator__subsample=0.01; total time=   0.4s
[CV] END estimator__learning_rate=0.58, estimator__max_depth=12, estimator__num_leaves=10, estimator__subsample=0.001; total time=   0.7s
[CV] END estimator__learning_rate=0.58, estimator__max_depth=12, estimator__num_leaves=31, estimator__subsample=0.1; total time=   1.5s
[CV] END estimator__learning_rate=0.58, estimator__max_depth=13, estimator__num_leaves=8, estimator__subsample=0.01; total time=   0.6s
[CV] END estimator__learning_rate=0.58, estimator__max_depth=13, estimator__num_leaves=31, estimator__subsample=0.001; total time=   1.4s
[CV] END estimator__learning_rate=0.58, estimator__max_depth=14, estimator__num_leaves=6, estimator__subsample=0.01; total time=   0.4s
[CV] END estimator__learning_rate=0.58, estimator__max_depth=14, estimator__num_leaves=8, estimator__subsample=0.2; total time=   0.6s
[CV] END estimator__learning_rate=0.58, estimator__max_depth=14, estimator__num_leaves=31, estimator__subsample=0.1; total time=   1.5s
[CV] END estimator__learning_rate=0.77, estimator__max_depth=10, estimator__num_leaves=8, estimator__subsample=0.001; total time=   0.6s
[CV] END estimator__learning_rate=0.77, estimator__max_depth=10, estimator__num_leaves=10, estimator__subsample=0.1; total time=   0.7s
[CV] END estimator__learning_rate=0.77, estimator__max_depth=11, estimator__num_leaves=2, estimator__subsample=0.01; total time=   0.1s
[CV] END estimator__learning_rate=0.77, estimator__max_depth=11, estimator__num_leaves=2, estimator__subsample=0.2; total time=   0.1s
[CV] END estimator__learning_rate=0.77, estimator__max_depth=11, estimator__num_leaves=4, estimator__subsample=0.1; total time=   0.2s
[CV] END estimator__learning_rate=0.77, estimator__max_depth=11, estimator__num_leaves=6, estimator__subsample=0.001; total time=   0.4s
[CV] END estimator__learning_rate=0.77, estimator__max_depth=11, estimator__num_leaves=8, estimator__subsample=0.01; total time=   0.6s
[CV] END estimator__learning_rate=0.77, estimator__max_depth=11, estimator__num_leaves=31, estimator__subsample=0.001; total time=   1.5s
[CV] END estimator__learning_rate=0.77, estimator__max_depth=12, estimator__num_leaves=6, estimator__subsample=0.01; total time=   0.4s
[CV] END estimator__learning_rate=0.77, estimator__max_depth=12, estimator__num_leaves=10, estimator__subsample=0.001; total time=   0.7s
[CV] END estimator__learning_rate=0.77, estimator__max_depth=12, estimator__num_leaves=31, estimator__subsample=0.1; total time=   1.5s
[CV] END estimator__learning_rate=0.77, estimator__max_depth=13, estimator__num_leaves=8, estimator__subsample=0.01; total time=   0.6s
[CV] END estimator__learning_rate=0.77, estimator__max_depth=13, estimator__num_leaves=31, estimator__subsample=0.001; total time=   1.5s
[CV] END estimator__learning_rate=0.77, estimator__max_depth=14, estimator__num_leaves=6, estimator__subsample=0.01; total time=   0.4s
[CV] END estimator__learning_rate=0.77, estimator__max_depth=14, estimator__num_leaves=10, estimator__subsample=0.001; total time=   0.7s
[CV] END estimator__learning_rate=0.77, estimator__max_depth=14, estimator__num_leaves=31, estimator__subsample=0.1; total time=   0.9s
[CV] END estimator__learning_rate=0.01, estimator__max_depth=10, estimator__num_leaves=2, estimator__subsample=0.01; total time=   4.4s
[CV] END estimator__learning_rate=0.01, estimator__max_depth=10, estimator__num_leaves=4, estimator__subsample=0.2; total time=   0.0s
[CV] END estimator__learning_rate=0.01, estimator__max_depth=10, estimator__num_leaves=6, estimator__subsample=0.01; total time=   0.1s
[CV] END estimator__learning_rate=0.01, estimator__max_depth=10, estimator__num_leaves=6, estimator__subsample=0.2; total time=   0.2s
[CV] END estimator__learning_rate=0.01, estimator__max_depth=10, estimator__num_leaves=8, estimator__subsample=0.1; total time=   0.6s
[CV] END estimator__learning_rate=0.01, estimator__max_depth=10, estimator__num_leaves=10, estimator__subsample=0.2; total time=   0.7s
[CV] END estimator__learning_rate=0.01, estimator__max_depth=11, estimator__num_leaves=2, estimator__subsample=0.001; total time=   0.1s
[CV] END estimator__learning_rate=0.01, estimator__max_depth=11, estimator__num_leaves=2, estimator__subsample=0.2; total time=   0.1s
[CV] END estimator__learning_rate=0.01, estimator__max_depth=11, estimator__num_leaves=4, estimator__subsample=0.01; total time=   0.2s
[CV] END estimator__learning_rate=0.01, estimator__max_depth=11, estimator__num_leaves=4, estimator__subsample=0.2; total time=   0.3s
[CV] END estimator__learning_rate=0.01, estimator__max_depth=11, estimator__num_leaves=8, estimator__subsample=0.001; total time=   0.6s
[CV] END estimator__learning_rate=0.01, estimator__max_depth=11, estimator__num_leaves=10, estimator__subsample=0.1; total time=   0.7s
[CV] END estimator__learning_rate=0.01, estimator__max_depth=12, estimator__num_leaves=2, estimator__subsample=0.01; total time=   0.1s
[CV] END estimator__learning_rate=0.01, estimator__max_depth=12, estimator__num_leaves=2, estimator__subsample=0.2; total time=   0.1s
[CV] END estimator__learning_rate=0.01, estimator__max_depth=12, estimator__num_leaves=4, estimator__subsample=0.01; total time=   0.2s
[CV] END estimator__learning_rate=0.01, estimator__max_depth=12, estimator__num_leaves=4, estimator__subsample=0.2; total time=   0.3s
[CV] END estimator__learning_rate=0.01, estimator__max_depth=12, estimator__num_leaves=6, estimator__subsample=0.2; total time=   0.4s
[CV] END estimator__learning_rate=0.01, estimator__max_depth=12, estimator__num_leaves=10, estimator__subsample=0.01; total time=   0.7s
[CV] END estimator__learning_rate=0.01, estimator__max_depth=12, estimator__num_leaves=31, estimator__subsample=0.1; total time=   1.4s
[CV] END estimator__learning_rate=0.01, estimator__max_depth=13, estimator__num_leaves=8, estimator__subsample=0.01; total time=   0.6s
[CV] END estimator__learning_rate=0.01, estimator__max_depth=13, estimator__num_leaves=10, estimator__subsample=0.2; total time=   0.8s
[CV] END estimator__learning_rate=0.01, estimator__max_depth=14, estimator__num_leaves=4, estimator__subsample=0.001; total time=   0.2s
[CV] END estimator__learning_rate=0.01, estimator__max_depth=14, estimator__num_leaves=4, estimator__subsample=0.1; total time=   0.3s
[CV] END estimator__learning_rate=0.01, estimator__max_depth=14, estimator__num_leaves=6, estimator__subsample=0.01; total time=   0.4s
[CV] END estimator__learning_rate=0.01, estimator__max_depth=14, estimator__num_leaves=8, estimator__subsample=0.2; total time=   0.6s
[CV] END estimator__learning_rate=0.01, estimator__max_depth=14, estimator__num_leaves=31, estimator__subsample=0.1; total time=   1.4s
[CV] END estimator__learning_rate=0.2, estimator__max_depth=10, estimator__num_leaves=8, estimator__subsample=0.001; total time=   0.6s
[CV] END estimator__learning_rate=0.2, estimator__max_depth=10, estimator__num_leaves=10, estimator__subsample=0.1; total time=   0.8s
[CV] END estimator__learning_rate=0.2, estimator__max_depth=11, estimator__num_leaves=2, estimator__subsample=0.01; total time=   0.1s
[CV] END estimator__learning_rate=0.2, estimator__max_depth=11, estimator__num_leaves=2, estimator__subsample=0.1; total time=   0.1s
[CV] END estimator__learning_rate=0.2, estimator__max_depth=11, estimator__num_leaves=4, estimator__subsample=0.01; total time=   0.2s
[CV] END estimator__learning_rate=0.2, estimator__max_depth=11, estimator__num_leaves=4, estimator__subsample=0.2; total time=   0.3s
[CV] END estimator__learning_rate=0.2, estimator__max_depth=11, estimator__num_leaves=6, estimator__subsample=0.2; total time=   0.4s
[CV] END estimator__learning_rate=0.2, estimator__max_depth=11, estimator__num_leaves=10, estimator__subsample=0.01; total time=   0.8s
[CV] END estimator__learning_rate=0.2, estimator__max_depth=12, estimator__num_leaves=2, estimator__subsample=0.001; total time=   0.0s
[CV] END estimator__learning_rate=0.2, estimator__max_depth=12, estimator__num_leaves=2, estimator__subsample=0.01; total time=   0.1s
[CV] END estimator__learning_rate=0.2, estimator__max_depth=12, estimator__num_leaves=2, estimator__subsample=0.2; total time=   0.1s
[CV] END estimator__learning_rate=0.2, estimator__max_depth=12, estimator__num_leaves=4, estimator__subsample=0.01; total time=   0.2s
[CV] END estimator__learning_rate=0.2, estimator__max_depth=12, estimator__num_leaves=4, estimator__subsample=0.2; total time=   0.2s
[CV] END estimator__learning_rate=0.2, estimator__max_depth=12, estimator__num_leaves=6, estimator__subsample=0.1; total time=   0.4s
[CV] END estimator__learning_rate=0.2, estimator__max_depth=12, estimator__num_leaves=10, estimator__subsample=0.01; total time=   0.7s
[CV] END estimator__learning_rate=0.2, estimator__max_depth=12, estimator__num_leaves=31, estimator__subsample=0.1; total time=   1.5s
[CV] END estimator__learning_rate=0.2, estimator__max_depth=13, estimator__num_leaves=8, estimator__subsample=0.1; total time=   0.6s
[CV] END estimator__learning_rate=0.2, estimator__max_depth=13, estimator__num_leaves=31, estimator__subsample=0.001; total time=   1.5s
[CV] END estimator__learning_rate=0.2, estimator__max_depth=14, estimator__num_leaves=6, estimator__subsample=0.2; total time=   0.4s
[CV] END estimator__learning_rate=0.2, estimator__max_depth=14, estimator__num_leaves=10, estimator__subsample=0.1; total time=   0.7s
[CV] END estimator__learning_rate=0.39, estimator__max_depth=10, estimator__num_leaves=2, estimator__subsample=0.001; total time=   0.0s
[CV] END estimator__learning_rate=0.39, estimator__max_depth=10, estimator__num_leaves=2, estimator__subsample=0.01; total time=   0.1s
[CV] END estimator__learning_rate=0.39, estimator__max_depth=10, estimator__num_leaves=2, estimator__subsample=0.2; total time=   0.1s
[CV] END estimator__learning_rate=0.39, estimator__max_depth=10, estimator__num_leaves=4, estimator__subsample=0.01; total time=   0.2s
[CV] END estimator__learning_rate=0.39, estimator__max_depth=10, estimator__num_leaves=6, estimator__subsample=0.001; total time=   0.4s
[CV] END estimator__learning_rate=0.39, estimator__max_depth=10, estimator__num_leaves=8, estimator__subsample=0.001; total time=   0.6s
[CV] END estimator__learning_rate=0.39, estimator__max_depth=10, estimator__num_leaves=10, estimator__subsample=0.2; total time=   0.8s
[CV] END estimator__learning_rate=0.39, estimator__max_depth=11, estimator__num_leaves=2, estimator__subsample=0.1; total time=   0.1s
[CV] END estimator__learning_rate=0.39, estimator__max_depth=11, estimator__num_leaves=4, estimator__subsample=0.001; total time=   0.2s
[CV] END estimator__learning_rate=0.39, estimator__max_depth=11, estimator__num_leaves=4, estimator__subsample=0.2; total time=   0.2s
[CV] END estimator__learning_rate=0.39, estimator__max_depth=11, estimator__num_leaves=6, estimator__subsample=0.1; total time=   0.4s
[CV] END estimator__learning_rate=0.39, estimator__max_depth=11, estimator__num_leaves=10, estimator__subsample=0.01; total time=   0.7s
[CV] END estimator__learning_rate=0.39, estimator__max_depth=11, estimator__num_leaves=31, estimator__subsample=0.1; total time=   1.5s
[CV] END estimator__learning_rate=0.39, estimator__max_depth=12, estimator__num_leaves=8, estimator__subsample=0.1; total time=   0.6s
[CV] END estimator__learning_rate=0.39, estimator__max_depth=14, estimator__num_leaves=8, estimator__subsample=0.001; total time=   0.6s
[CV] END estimator__learning_rate=0.39, estimator__max_depth=14, estimator__num_leaves=10, estimator__subsample=0.1; total time=   0.8s
[CV] END estimator__learning_rate=0.58, estimator__max_depth=10, estimator__num_leaves=2, estimator__subsample=0.01; total time=   0.1s
[CV] END estimator__learning_rate=0.58, estimator__max_depth=10, estimator__num_leaves=2, estimator__subsample=0.2; total time=   0.1s
[CV] END estimator__learning_rate=0.58, estimator__max_depth=10, estimator__num_leaves=4, estimator__subsample=0.01; total time=   0.2s
[CV] END estimator__learning_rate=0.58, estimator__max_depth=10, estimator__num_leaves=6, estimator__subsample=0.001; total time=   0.4s
[CV] END estimator__learning_rate=0.58, estimator__max_depth=10, estimator__num_leaves=8, estimator__subsample=0.001; total time=   0.6s
[CV] END estimator__learning_rate=0.58, estimator__max_depth=10, estimator__num_leaves=10, estimator__subsample=0.2; total time=   0.7s
[CV] END estimator__learning_rate=0.58, estimator__max_depth=11, estimator__num_leaves=2, estimator__subsample=0.1; total time=   0.1s
[CV] END estimator__learning_rate=0.58, estimator__max_depth=11, estimator__num_leaves=4, estimator__subsample=0.001; total time=   0.2s
[CV] END estimator__learning_rate=0.58, estimator__max_depth=11, estimator__num_leaves=4, estimator__subsample=0.2; total time=   0.2s
[CV] END estimator__learning_rate=0.58, estimator__max_depth=11, estimator__num_leaves=6, estimator__subsample=0.2; total time=   0.5s
[CV] END estimator__learning_rate=0.58, estimator__max_depth=11, estimator__num_leaves=10, estimator__subsample=0.1; total time=   0.7s
[CV] END estimator__learning_rate=0.58, estimator__max_depth=12, estimator__num_leaves=2, estimator__subsample=0.001; total time=   0.1s
[CV] END estimator__learning_rate=0.58, estimator__max_depth=12, estimator__num_leaves=2, estimator__subsample=0.1; total time=   0.1s
[CV] END estimator__learning_rate=0.58, estimator__max_depth=12, estimator__num_leaves=4, estimator__subsample=0.001; total time=   0.2s
[CV] END estimator__learning_rate=0.58, estimator__max_depth=12, estimator__num_leaves=4, estimator__subsample=0.2; total time=   0.2s
[CV] END estimator__learning_rate=0.58, estimator__max_depth=12, estimator__num_leaves=6, estimator__subsample=0.1; total time=   0.4s
[CV] END estimator__learning_rate=0.58, estimator__max_depth=12, estimator__num_leaves=10, estimator__subsample=0.001; total time=   0.7s
[CV] END estimator__learning_rate=0.58, estimator__max_depth=12, estimator__num_leaves=31, estimator__subsample=0.1; total time=   1.5s
[CV] END estimator__learning_rate=0.58, estimator__max_depth=13, estimator__num_leaves=8, estimator__subsample=0.1; total time=   0.6s
[CV] END estimator__learning_rate=0.58, estimator__max_depth=13, estimator__num_leaves=31, estimator__subsample=0.001; total time=   1.5s
[CV] END estimator__learning_rate=0.58, estimator__max_depth=14, estimator__num_leaves=6, estimator__subsample=0.2; total time=   0.4s
[CV] END estimator__learning_rate=0.58, estimator__max_depth=14, estimator__num_leaves=10, estimator__subsample=0.1; total time=   0.7s
[CV] END estimator__learning_rate=0.58, estimator__max_depth=14, estimator__num_leaves=31, estimator__subsample=0.2; total time=   1.5s
[CV] END estimator__learning_rate=0.77, estimator__max_depth=10, estimator__num_leaves=8, estimator__subsample=0.2; total time=   0.6s
[CV] END estimator__learning_rate=0.77, estimator__max_depth=10, estimator__num_leaves=31, estimator__subsample=0.001; total time=   1.7s
[CV] END estimator__learning_rate=0.77, estimator__max_depth=11, estimator__num_leaves=8, estimator__subsample=0.1; total time=   0.6s
[CV] END estimator__learning_rate=0.77, estimator__max_depth=11, estimator__num_leaves=31, estimator__subsample=0.001; total time=   1.5s
[CV] END estimator__learning_rate=0.77, estimator__max_depth=12, estimator__num_leaves=6, estimator__subsample=0.1; total time=   0.4s
[CV] END estimator__learning_rate=0.77, estimator__max_depth=12, estimator__num_leaves=10, estimator__subsample=0.001; total time=   0.7s
[CV] END estimator__learning_rate=0.77, estimator__max_depth=12, estimator__num_leaves=31, estimator__subsample=0.1; total time=   1.5s
[CV] END estimator__learning_rate=0.77, estimator__max_depth=13, estimator__num_leaves=8, estimator__subsample=0.1; total time=   0.6s
[CV] END estimator__learning_rate=0.77, estimator__max_depth=13, estimator__num_leaves=31, estimator__subsample=0.001; total time=   1.4s
[CV] END estimator__learning_rate=0.77, estimator__max_depth=14, estimator__num_leaves=6, estimator__subsample=0.01; total time=   0.4s
[CV] END estimator__learning_rate=0.77, estimator__max_depth=14, estimator__num_leaves=10, estimator__subsample=0.001; total time=   0.7s
[CV] END estimator__learning_rate=0.77, estimator__max_depth=14, estimator__num_leaves=31, estimator__subsample=0.1; total time=   0.9s
[CV] END estimator__learning_rate=0.58, estimator__max_depth=10, estimator__num_leaves=31, estimator__subsample=0.1; total time=   1.8s
[CV] END estimator__learning_rate=0.58, estimator__max_depth=11, estimator__num_leaves=10, estimator__subsample=0.01; total time=   0.7s
[CV] END estimator__learning_rate=0.58, estimator__max_depth=12, estimator__num_leaves=2, estimator__subsample=0.001; total time=   0.1s
[CV] END estimator__learning_rate=0.58, estimator__max_depth=12, estimator__num_leaves=2, estimator__subsample=0.01; total time=   0.1s
[CV] END estimator__learning_rate=0.58, estimator__max_depth=12, estimator__num_leaves=4, estimator__subsample=0.001; total time=   0.2s
[CV] END estimator__learning_rate=0.58, estimator__max_depth=12, estimator__num_leaves=4, estimator__subsample=0.1; total time=   0.2s
[CV] END estimator__learning_rate=0.58, estimator__max_depth=12, estimator__num_leaves=6, estimator__subsample=0.01; total time=   0.4s
[CV] END estimator__learning_rate=0.58, estimator__max_depth=12, estimator__num_leaves=8, estimator__subsample=0.2; total time=   0.6s
[CV] END estimator__learning_rate=0.58, estimator__max_depth=12, estimator__num_leaves=31, estimator__subsample=0.01; total time=   1.5s
[CV] END estimator__learning_rate=0.58, estimator__max_depth=13, estimator__num_leaves=8, estimator__subsample=0.001; total time=   0.6s
[CV] END estimator__learning_rate=0.58, estimator__max_depth=13, estimator__num_leaves=10, estimator__subsample=0.1; total time=   0.7s
[CV] END estimator__learning_rate=0.58, estimator__max_depth=14, estimator__num_leaves=2, estimator__subsample=0.01; total time=   0.1s
[CV] END estimator__learning_rate=0.58, estimator__max_depth=14, estimator__num_leaves=4, estimator__subsample=0.001; total time=   0.2s
[CV] END estimator__learning_rate=0.58, estimator__max_depth=14, estimator__num_leaves=4, estimator__subsample=0.1; total time=   0.2s
[CV] END estimator__learning_rate=0.58, estimator__max_depth=14, estimator__num_leaves=6, estimator__subsample=0.001; total time=   0.4s
[CV] END estimator__learning_rate=0.58, estimator__max_depth=14, estimator__num_leaves=8, estimator__subsample=0.2; total time=   0.6s
[CV] END estimator__learning_rate=0.58, estimator__max_depth=14, estimator__num_leaves=31, estimator__subsample=0.01; total time=   1.5s
[CV] END estimator__learning_rate=0.77, estimator__max_depth=10, estimator__num_leaves=8, estimator__subsample=0.001; total time=   0.6s
[CV] END estimator__learning_rate=0.77, estimator__max_depth=10, estimator__num_leaves=10, estimator__subsample=0.1; total time=   0.8s
[CV] END estimator__learning_rate=0.77, estimator__max_depth=11, estimator__num_leaves=2, estimator__subsample=0.01; total time=   0.1s
[CV] END estimator__learning_rate=0.77, estimator__max_depth=11, estimator__num_leaves=4, estimator__subsample=0.001; total time=   0.3s
[CV] END estimator__learning_rate=0.77, estimator__max_depth=11, estimator__num_leaves=4, estimator__subsample=0.2; total time=   0.2s
[CV] END estimator__learning_rate=0.77, estimator__max_depth=11, estimator__num_leaves=6, estimator__subsample=0.2; total time=   0.4s
[CV] END estimator__learning_rate=0.77, estimator__max_depth=11, estimator__num_leaves=10, estimator__subsample=0.01; total time=   0.7s
[CV] END estimator__learning_rate=0.77, estimator__max_depth=12, estimator__num_leaves=2, estimator__subsample=0.001; total time=   0.0s
[CV] END estimator__learning_rate=0.77, estimator__max_depth=12, estimator__num_leaves=2, estimator__subsample=0.001; total time=   0.1s
[CV] END estimator__learning_rate=0.77, estimator__max_depth=12, estimator__num_leaves=2, estimator__subsample=0.1; total time=   0.1s
[CV] END estimator__learning_rate=0.77, estimator__max_depth=12, estimator__num_leaves=4, estimator__subsample=0.001; total time=   0.2s
[CV] END estimator__learning_rate=0.77, estimator__max_depth=12, estimator__num_leaves=4, estimator__subsample=0.2; total time=   0.3s
[CV] END estimator__learning_rate=0.77, estimator__max_depth=12, estimator__num_leaves=6, estimator__subsample=0.2; total time=   0.4s
[CV] END estimator__learning_rate=0.77, estimator__max_depth=12, estimator__num_leaves=10, estimator__subsample=0.1; total time=   0.7s
[CV] END estimator__learning_rate=0.77, estimator__max_depth=13, estimator__num_leaves=2, estimator__subsample=0.001; total time=   0.1s
[CV] END estimator__learning_rate=0.77, estimator__max_depth=13, estimator__num_leaves=2, estimator__subsample=0.01; total time=   0.1s
[CV] END estimator__learning_rate=0.77, estimator__max_depth=13, estimator__num_leaves=2, estimator__subsample=0.1; total time=   0.1s
[CV] END estimator__learning_rate=0.77, estimator__max_depth=13, estimator__num_leaves=4, estimator__subsample=0.01; total time=   0.2s
[CV] END estimator__learning_rate=0.77, estimator__max_depth=13, estimator__num_leaves=4, estimator__subsample=0.2; total time=   0.2s
[CV] END estimator__learning_rate=0.77, estimator__max_depth=13, estimator__num_leaves=6, estimator__subsample=0.2; total time=   0.4s
[CV] END estimator__learning_rate=0.77, estimator__max_depth=13, estimator__num_leaves=10, estimator__subsample=0.001; total time=   0.9s
[CV] END estimator__learning_rate=0.77, estimator__max_depth=14, estimator__num_leaves=2, estimator__subsample=0.001; total time=   0.1s
[CV] END estimator__learning_rate=0.77, estimator__max_depth=14, estimator__num_leaves=2, estimator__subsample=0.1; total time=   0.1s
[CV] END estimator__learning_rate=0.77, estimator__max_depth=14, estimator__num_leaves=4, estimator__subsample=0.001; total time=   0.2s
[CV] END estimator__learning_rate=0.77, estimator__max_depth=14, estimator__num_leaves=4, estimator__subsample=0.2; total time=   0.2s
[CV] END estimator__learning_rate=0.77, estimator__max_depth=14, estimator__num_leaves=6, estimator__subsample=0.1; total time=   0.4s
[CV] END estimator__learning_rate=0.77, estimator__max_depth=14, estimator__num_leaves=10, estimator__subsample=0.001; total time=   0.8s
[CV] END estimator__learning_rate=0.77, estimator__max_depth=14, estimator__num_leaves=31, estimator__subsample=0.1; total time=   0.9s
[CV] END estimator__learning_rate=0.58, estimator__max_depth=12, estimator__num_leaves=4, estimator__subsample=0.001; total time=   0.2s
[CV] END estimator__learning_rate=0.58, estimator__max_depth=12, estimator__num_leaves=4, estimator__subsample=0.1; total time=   0.2s
[CV] END estimator__learning_rate=0.58, estimator__max_depth=12, estimator__num_leaves=6, estimator__subsample=0.01; total time=   0.4s
[CV] END estimator__learning_rate=0.58, estimator__max_depth=12, estimator__num_leaves=8, estimator__subsample=0.2; total time=   0.6s
[CV] END estimator__learning_rate=0.58, estimator__max_depth=12, estimator__num_leaves=31, estimator__subsample=0.01; total time=   1.5s
[CV] END estimator__learning_rate=0.58, estimator__max_depth=13, estimator__num_leaves=8, estimator__subsample=0.001; total time=   0.6s
[CV] END estimator__learning_rate=0.58, estimator__max_depth=13, estimator__num_leaves=10, estimator__subsample=0.1; total time=   0.8s
[CV] END estimator__learning_rate=0.58, estimator__max_depth=14, estimator__num_leaves=2, estimator__subsample=0.01; total time=   0.1s
[CV] END estimator__learning_rate=0.58, estimator__max_depth=14, estimator__num_leaves=2, estimator__subsample=0.2; total time=   0.1s
[CV] END estimator__learning_rate=0.58, estimator__max_depth=14, estimator__num_leaves=4, estimator__subsample=0.01; total time=   0.2s
[CV] END estimator__learning_rate=0.58, estimator__max_depth=14, estimator__num_leaves=6, estimator__subsample=0.001; total time=   0.4s
[CV] END estimator__learning_rate=0.58, estimator__max_depth=14, estimator__num_leaves=8, estimator__subsample=0.001; total time=   0.6s
[CV] END estimator__learning_rate=0.58, estimator__max_depth=14, estimator__num_leaves=10, estimator__subsample=0.2; total time=   0.8s
[CV] END estimator__learning_rate=0.77, estimator__max_depth=10, estimator__num_leaves=2, estimator__subsample=0.2; total time=   0.1s
[CV] END estimator__learning_rate=0.77, estimator__max_depth=10, estimator__num_leaves=4, estimator__subsample=0.01; total time=   0.2s
[CV] END estimator__learning_rate=0.77, estimator__max_depth=10, estimator__num_leaves=4, estimator__subsample=0.2; total time=   0.2s
[CV] END estimator__learning_rate=0.77, estimator__max_depth=10, estimator__num_leaves=6, estimator__subsample=0.1; total time=   0.4s
[CV] END estimator__learning_rate=0.77, estimator__max_depth=10, estimator__num_leaves=10, estimator__subsample=0.01; total time=   0.7s
[CV] END estimator__learning_rate=0.77, estimator__max_depth=10, estimator__num_leaves=31, estimator__subsample=0.2; total time=   1.4s
[CV] END estimator__learning_rate=0.77, estimator__max_depth=11, estimator__num_leaves=8, estimator__subsample=0.1; total time=   0.6s
[CV] END estimator__learning_rate=0.77, estimator__max_depth=11, estimator__num_leaves=31, estimator__subsample=0.001; total time=   1.5s
[CV] END estimator__learning_rate=0.77, estimator__max_depth=12, estimator__num_leaves=6, estimator__subsample=0.1; total time=   0.4s
[CV] END estimator__learning_rate=0.77, estimator__max_depth=12, estimator__num_leaves=10, estimator__subsample=0.01; total time=   0.7s
[CV] END estimator__learning_rate=0.77, estimator__max_depth=12, estimator__num_leaves=31, estimator__subsample=0.2; total time=   1.5s
[CV] END estimator__learning_rate=0.77, estimator__max_depth=13, estimator__num_leaves=8, estimator__subsample=0.2; total time=   0.6s
[CV] END estimator__learning_rate=0.77, estimator__max_depth=13, estimator__num_leaves=31, estimator__subsample=0.01; total time=   1.5s
[CV] END estimator__learning_rate=0.77, estimator__max_depth=14, estimator__num_leaves=6, estimator__subsample=0.2; total time=   0.4s
[CV] END estimator__learning_rate=0.77, estimator__max_depth=14, estimator__num_leaves=10, estimator__subsample=0.001; total time=   0.7s
[CV] END estimator__learning_rate=0.77, estimator__max_depth=14, estimator__num_leaves=31, estimator__subsample=0.2; total time=   0.9s
[CV] END estimator__learning_rate=0.58, estimator__max_depth=10, estimator__num_leaves=31, estimator__subsample=0.001; total time=   1.5s
[CV] END estimator__learning_rate=0.58, estimator__max_depth=11, estimator__num_leaves=6, estimator__subsample=0.1; total time=   0.4s
[CV] END estimator__learning_rate=0.58, estimator__max_depth=11, estimator__num_leaves=10, estimator__subsample=0.001; total time=   0.7s
[CV] END estimator__learning_rate=0.58, estimator__max_depth=11, estimator__num_leaves=31, estimator__subsample=0.1; total time=   1.5s
[CV] END estimator__learning_rate=0.58, estimator__max_depth=12, estimator__num_leaves=8, estimator__subsample=0.01; total time=   0.6s
[CV] END estimator__learning_rate=0.58, estimator__max_depth=12, estimator__num_leaves=31, estimator__subsample=0.001; total time=   1.5s
[CV] END estimator__learning_rate=0.58, estimator__max_depth=13, estimator__num_leaves=6, estimator__subsample=0.1; total time=   0.4s
[CV] END estimator__learning_rate=0.58, estimator__max_depth=13, estimator__num_leaves=10, estimator__subsample=0.01; total time=   0.7s
[CV] END estimator__learning_rate=0.58, estimator__max_depth=13, estimator__num_leaves=31, estimator__subsample=0.2; total time=   1.5s
[CV] END estimator__learning_rate=0.58, estimator__max_depth=14, estimator__num_leaves=8, estimator__subsample=0.1; total time=   0.6s
[CV] END estimator__learning_rate=0.58, estimator__max_depth=14, estimator__num_leaves=31, estimator__subsample=0.001; total time=   1.4s
[CV] END estimator__learning_rate=0.77, estimator__max_depth=10, estimator__num_leaves=6, estimator__subsample=0.01; total time=   0.4s
[CV] END estimator__learning_rate=0.77, estimator__max_depth=10, estimator__num_leaves=10, estimator__subsample=0.001; total time=   0.7s
[CV] END estimator__learning_rate=0.77, estimator__max_depth=10, estimator__num_leaves=31, estimator__subsample=0.1; total time=   1.4s
[CV] END estimator__learning_rate=0.77, estimator__max_depth=11, estimator__num_leaves=8, estimator__subsample=0.01; total time=   0.7s
[CV] END estimator__learning_rate=0.77, estimator__max_depth=11, estimator__num_leaves=31, estimator__subsample=0.01; total time=   1.5s
[CV] END estimator__learning_rate=0.77, estimator__max_depth=12, estimator__num_leaves=8, estimator__subsample=0.001; total time=   0.6s
[CV] END estimator__learning_rate=0.77, estimator__max_depth=12, estimator__num_leaves=10, estimator__subsample=0.1; total time=   0.8s
[CV] END estimator__learning_rate=0.77, estimator__max_depth=13, estimator__num_leaves=2, estimator__subsample=0.01; total time=   0.1s
[CV] END estimator__learning_rate=0.77, estimator__max_depth=13, estimator__num_leaves=2, estimator__subsample=0.2; total time=   0.1s
[CV] END estimator__learning_rate=0.77, estimator__max_depth=13, estimator__num_leaves=4, estimator__subsample=0.01; total time=   0.2s
[CV] END estimator__learning_rate=0.77, estimator__max_depth=13, estimator__num_leaves=6, estimator__subsample=0.001; total time=   0.4s
[CV] END estimator__learning_rate=0.77, estimator__max_depth=13, estimator__num_leaves=8, estimator__subsample=0.01; total time=   0.6s
[CV] END estimator__learning_rate=0.77, estimator__max_depth=13, estimator__num_leaves=10, estimator__subsample=0.2; total time=   0.8s
[CV] END estimator__learning_rate=0.77, estimator__max_depth=14, estimator__num_leaves=2, estimator__subsample=0.1; total time=   0.1s
[CV] END estimator__learning_rate=0.77, estimator__max_depth=14, estimator__num_leaves=4, estimator__subsample=0.01; total time=   0.2s
[CV] END estimator__learning_rate=0.77, estimator__max_depth=14, estimator__num_leaves=4, estimator__subsample=0.2; total time=   0.2s
[CV] END estimator__learning_rate=0.77, estimator__max_depth=14, estimator__num_leaves=6, estimator__subsample=0.1; total time=   0.4s
[CV] END estimator__learning_rate=0.77, estimator__max_depth=14, estimator__num_leaves=10, estimator__subsample=0.01; total time=   0.7s
[CV] END estimator__learning_rate=0.77, estimator__max_depth=14, estimator__num_leaves=31, estimator__subsample=0.2; total time=   0.9s
[CV] END estimator__learning_rate=0.58, estimator__max_depth=10, estimator__num_leaves=6, estimator__subsample=0.001; total time=   0.4s
[CV] END estimator__learning_rate=0.58, estimator__max_depth=10, estimator__num_leaves=8, estimator__subsample=0.01; total time=   0.6s
[CV] END estimator__learning_rate=0.58, estimator__max_depth=10, estimator__num_leaves=10, estimator__subsample=0.2; total time=   0.8s
[CV] END estimator__learning_rate=0.58, estimator__max_depth=11, estimator__num_leaves=2, estimator__subsample=0.2; total time=   0.1s
[CV] END estimator__learning_rate=0.58, estimator__max_depth=11, estimator__num_leaves=4, estimator__subsample=0.01; total time=   0.2s
[CV] END estimator__learning_rate=0.58, estimator__max_depth=11, estimator__num_leaves=6, estimator__subsample=0.001; total time=   0.4s
[CV] END estimator__learning_rate=0.58, estimator__max_depth=11, estimator__num_leaves=8, estimator__subsample=0.01; total time=   0.6s
[CV] END estimator__learning_rate=0.58, estimator__max_depth=11, estimator__num_leaves=10, estimator__subsample=0.2; total time=   0.8s
[CV] END estimator__learning_rate=0.58, estimator__max_depth=12, estimator__num_leaves=2, estimator__subsample=0.2; total time=   0.1s
[CV] END estimator__learning_rate=0.58, estimator__max_depth=12, estimator__num_leaves=4, estimator__subsample=0.1; total time=   0.2s
[CV] END estimator__learning_rate=0.58, estimator__max_depth=12, estimator__num_leaves=6, estimator__subsample=0.001; total time=   0.4s
[CV] END estimator__learning_rate=0.58, estimator__max_depth=12, estimator__num_leaves=8, estimator__subsample=0.001; total time=   0.6s
[CV] END estimator__learning_rate=0.58, estimator__max_depth=12, estimator__num_leaves=10, estimator__subsample=0.2; total time=   0.8s
[CV] END estimator__learning_rate=0.58, estimator__max_depth=13, estimator__num_leaves=2, estimator__subsample=0.2; total time=   0.1s
[CV] END estimator__learning_rate=0.58, estimator__max_depth=13, estimator__num_leaves=4, estimator__subsample=0.01; total time=   0.2s
[CV] END estimator__learning_rate=0.58, estimator__max_depth=13, estimator__num_leaves=4, estimator__subsample=0.2; total time=   0.2s
[CV] END estimator__learning_rate=0.58, estimator__max_depth=13, estimator__num_leaves=6, estimator__subsample=0.1; total time=   0.5s
[CV] END estimator__learning_rate=0.58, estimator__max_depth=13, estimator__num_leaves=10, estimator__subsample=0.1; total time=   0.7s
[CV] END estimator__learning_rate=0.58, estimator__max_depth=14, estimator__num_leaves=2, estimator__subsample=0.001; total time=   0.1s
[CV] END estimator__learning_rate=0.58, estimator__max_depth=14, estimator__num_leaves=2, estimator__subsample=0.01; total time=   0.1s
[CV] END estimator__learning_rate=0.58, estimator__max_depth=14, estimator__num_leaves=2, estimator__subsample=0.2; total time=   0.1s
[CV] END estimator__learning_rate=0.58, estimator__max_depth=14, estimator__num_leaves=4, estimator__subsample=0.1; total time=   0.2s
[CV] END estimator__learning_rate=0.58, estimator__max_depth=14, estimator__num_leaves=6, estimator__subsample=0.001; total time=   0.4s
[CV] END estimator__learning_rate=0.58, estimator__max_depth=14, estimator__num_leaves=8, estimator__subsample=0.01; total time=   0.6s
[CV] END estimator__learning_rate=0.58, estimator__max_depth=14, estimator__num_leaves=10, estimator__subsample=0.2; total time=   0.8s
[CV] END estimator__learning_rate=0.77, estimator__max_depth=10, estimator__num_leaves=2, estimator__subsample=0.2; total time=   0.1s
[CV] END estimator__learning_rate=0.77, estimator__max_depth=10, estimator__num_leaves=4, estimator__subsample=0.1; total time=   0.2s
[CV] END estimator__learning_rate=0.77, estimator__max_depth=10, estimator__num_leaves=6, estimator__subsample=0.001; total time=   0.4s
[CV] END estimator__learning_rate=0.77, estimator__max_depth=10, estimator__num_leaves=8, estimator__subsample=0.01; total time=   0.6s
[CV] END estimator__learning_rate=0.77, estimator__max_depth=10, estimator__num_leaves=10, estimator__subsample=0.2; total time=   0.8s
[CV] END estimator__learning_rate=0.77, estimator__max_depth=11, estimator__num_leaves=2, estimator__subsample=0.2; total time=   0.1s
[CV] END estimator__learning_rate=0.77, estimator__max_depth=11, estimator__num_leaves=4, estimator__subsample=0.01; total time=   0.2s
[CV] END estimator__learning_rate=0.77, estimator__max_depth=11, estimator__num_leaves=4, estimator__subsample=0.2; total time=   0.3s
[CV] END estimator__learning_rate=0.77, estimator__max_depth=11, estimator__num_leaves=6, estimator__subsample=0.2; total time=   0.4s
[CV] END estimator__learning_rate=0.77, estimator__max_depth=11, estimator__num_leaves=10, estimator__subsample=0.01; total time=   0.7s
[CV] END estimator__learning_rate=0.77, estimator__max_depth=12, estimator__num_leaves=2, estimator__subsample=0.001; total time=   0.0s
[CV] END estimator__learning_rate=0.77, estimator__max_depth=12, estimator__num_leaves=2, estimator__subsample=0.01; total time=   0.1s
[CV] END estimator__learning_rate=0.77, estimator__max_depth=12, estimator__num_leaves=2, estimator__subsample=0.1; total time=   0.1s
[CV] END estimator__learning_rate=0.77, estimator__max_depth=12, estimator__num_leaves=4, estimator__subsample=0.001; total time=   0.2s
[CV] END estimator__learning_rate=0.77, estimator__max_depth=12, estimator__num_leaves=4, estimator__subsample=0.2; total time=   0.2s
[CV] END estimator__learning_rate=0.77, estimator__max_depth=12, estimator__num_leaves=6, estimator__subsample=0.1; total time=   0.4s
[CV] END estimator__learning_rate=0.77, estimator__max_depth=12, estimator__num_leaves=10, estimator__subsample=0.001; total time=   0.7s
[CV] END estimator__learning_rate=0.77, estimator__max_depth=12, estimator__num_leaves=31, estimator__subsample=0.2; total time=   1.5s
[CV] END estimator__learning_rate=0.77, estimator__max_depth=13, estimator__num_leaves=8, estimator__subsample=0.1; total time=   0.6s
[CV] END estimator__learning_rate=0.77, estimator__max_depth=13, estimator__num_leaves=31, estimator__subsample=0.01; total time=   1.5s
[CV] END estimator__learning_rate=0.77, estimator__max_depth=14, estimator__num_leaves=6, estimator__subsample=0.2; total time=   0.4s
[CV] END estimator__learning_rate=0.77, estimator__max_depth=14, estimator__num_leaves=10, estimator__subsample=0.01; total time=   0.7s
[CV] END estimator__learning_rate=0.77, estimator__max_depth=14, estimator__num_leaves=31, estimator__subsample=0.2; total time=   0.9s
[CV] END estimator__learning_rate=0.58, estimator__max_depth=12, estimator__num_leaves=10, estimator__subsample=0.01; total time=   0.7s
[CV] END estimator__learning_rate=0.58, estimator__max_depth=12, estimator__num_leaves=31, estimator__subsample=0.2; total time=   1.5s
[CV] END estimator__learning_rate=0.58, estimator__max_depth=13, estimator__num_leaves=8, estimator__subsample=0.1; total time=   0.6s
[CV] END estimator__learning_rate=0.58, estimator__max_depth=13, estimator__num_leaves=31, estimator__subsample=0.01; total time=   1.4s
[CV] END estimator__learning_rate=0.58, estimator__max_depth=14, estimator__num_leaves=6, estimator__subsample=0.1; total time=   0.4s
[CV] END estimator__learning_rate=0.58, estimator__max_depth=14, estimator__num_leaves=10, estimator__subsample=0.01; total time=   0.7s
[CV] END estimator__learning_rate=0.58, estimator__max_depth=14, estimator__num_leaves=31, estimator__subsample=0.1; total time=   1.5s
[CV] END estimator__learning_rate=0.77, estimator__max_depth=10, estimator__num_leaves=8, estimator__subsample=0.1; total time=   0.6s
[CV] END estimator__learning_rate=0.77, estimator__max_depth=10, estimator__num_leaves=31, estimator__subsample=0.001; total time=   1.4s
[CV] END estimator__learning_rate=0.77, estimator__max_depth=11, estimator__num_leaves=6, estimator__subsample=0.01; total time=   0.4s
[CV] END estimator__learning_rate=0.77, estimator__max_depth=11, estimator__num_leaves=8, estimator__subsample=0.2; total time=   0.6s
[CV] END estimator__learning_rate=0.77, estimator__max_depth=11, estimator__num_leaves=31, estimator__subsample=0.01; total time=   1.4s
[CV] END estimator__learning_rate=0.77, estimator__max_depth=12, estimator__num_leaves=6, estimator__subsample=0.2; total time=   0.4s
[CV] END estimator__learning_rate=0.77, estimator__max_depth=12, estimator__num_leaves=10, estimator__subsample=0.1; total time=   0.7s
[CV] END estimator__learning_rate=0.77, estimator__max_depth=13, estimator__num_leaves=2, estimator__subsample=0.001; total time=   0.1s
[CV] END estimator__learning_rate=0.77, estimator__max_depth=13, estimator__num_leaves=2, estimator__subsample=0.01; total time=   0.1s
[CV] END estimator__learning_rate=0.77, estimator__max_depth=13, estimator__num_leaves=2, estimator__subsample=0.2; total time=   0.1s
[CV] END estimator__learning_rate=0.77, estimator__max_depth=13, estimator__num_leaves=4, estimator__subsample=0.01; total time=   0.2s
[CV] END estimator__learning_rate=0.77, estimator__max_depth=13, estimator__num_leaves=6, estimator__subsample=0.001; total time=   0.4s
[CV] END estimator__learning_rate=0.77, estimator__max_depth=13, estimator__num_leaves=8, estimator__subsample=0.001; total time=   0.6s
[CV] END estimator__learning_rate=0.77, estimator__max_depth=13, estimator__num_leaves=10, estimator__subsample=0.2; total time=   0.8s
[CV] END estimator__learning_rate=0.77, estimator__max_depth=14, estimator__num_leaves=2, estimator__subsample=0.2; total time=   0.1s
[CV] END estimator__learning_rate=0.77, estimator__max_depth=14, estimator__num_leaves=4, estimator__subsample=0.01; total time=   0.2s
[CV] END estimator__learning_rate=0.77, estimator__max_depth=14, estimator__num_leaves=4, estimator__subsample=0.2; total time=   0.3s
[CV] END estimator__learning_rate=0.77, estimator__max_depth=14, estimator__num_leaves=6, estimator__subsample=0.2; total time=   0.4s
[CV] END estimator__learning_rate=0.77, estimator__max_depth=14, estimator__num_leaves=10, estimator__subsample=0.1; total time=   0.7s
[CV] END estimator__learning_rate=0.77, estimator__max_depth=14, estimator__num_leaves=31, estimator__subsample=0.2; total time=   0.9s
[CV] END estimator__learning_rate=0.39, estimator__max_depth=14, estimator__num_leaves=2, estimator__subsample=0.2; total time=   0.1s
[CV] END estimator__learning_rate=0.39, estimator__max_depth=14, estimator__num_leaves=4, estimator__subsample=0.01; total time=   0.2s
[CV] END estimator__learning_rate=0.39, estimator__max_depth=14, estimator__num_leaves=4, estimator__subsample=0.2; total time=   0.2s
[CV] END estimator__learning_rate=0.39, estimator__max_depth=14, estimator__num_leaves=6, estimator__subsample=0.1; total time=   0.4s
[CV] END estimator__learning_rate=0.39, estimator__max_depth=14, estimator__num_leaves=10, estimator__subsample=0.001; total time=   0.7s
[CV] END estimator__learning_rate=0.39, estimator__max_depth=14, estimator__num_leaves=31, estimator__subsample=0.2; total time=   1.5s
[CV] END estimator__learning_rate=0.58, estimator__max_depth=10, estimator__num_leaves=8, estimator__subsample=0.01; total time=   0.6s
[CV] END estimator__learning_rate=0.58, estimator__max_depth=10, estimator__num_leaves=31, estimator__subsample=0.001; total time=   1.4s
[CV] END estimator__learning_rate=0.58, estimator__max_depth=11, estimator__num_leaves=6, estimator__subsample=0.01; total time=   0.4s
[CV] END estimator__learning_rate=0.58, estimator__max_depth=11, estimator__num_leaves=8, estimator__subsample=0.2; total time=   0.6s
[CV] END estimator__learning_rate=0.58, estimator__max_depth=11, estimator__num_leaves=31, estimator__subsample=0.01; total time=   1.5s
[CV] END estimator__learning_rate=0.58, estimator__max_depth=12, estimator__num_leaves=8, estimator__subsample=0.001; total time=   0.6s
[CV] END estimator__learning_rate=0.58, estimator__max_depth=12, estimator__num_leaves=10, estimator__subsample=0.1; total time=   0.8s
[CV] END estimator__learning_rate=0.58, estimator__max_depth=13, estimator__num_leaves=2, estimator__subsample=0.01; total time=   0.1s
[CV] END estimator__learning_rate=0.58, estimator__max_depth=13, estimator__num_leaves=2, estimator__subsample=0.2; total time=   0.1s
[CV] END estimator__learning_rate=0.58, estimator__max_depth=13, estimator__num_leaves=4, estimator__subsample=0.01; total time=   0.2s
[CV] END estimator__learning_rate=0.58, estimator__max_depth=13, estimator__num_leaves=6, estimator__subsample=0.001; total time=   0.4s
[CV] END estimator__learning_rate=0.58, estimator__max_depth=13, estimator__num_leaves=8, estimator__subsample=0.01; total time=   0.6s
[CV] END estimator__learning_rate=0.58, estimator__max_depth=13, estimator__num_leaves=10, estimator__subsample=0.2; total time=   0.8s
[CV] END estimator__learning_rate=0.58, estimator__max_depth=14, estimator__num_leaves=2, estimator__subsample=0.1; total time=   0.1s
[CV] END estimator__learning_rate=0.58, estimator__max_depth=14, estimator__num_leaves=4, estimator__subsample=0.01; total time=   0.2s
[CV] END estimator__learning_rate=0.58, estimator__max_depth=14, estimator__num_leaves=4, estimator__subsample=0.2; total time=   0.2s
[CV] END estimator__learning_rate=0.58, estimator__max_depth=14, estimator__num_leaves=6, estimator__subsample=0.1; total time=   0.4s
[CV] END estimator__learning_rate=0.58, estimator__max_depth=14, estimator__num_leaves=10, estimator__subsample=0.01; total time=   0.7s
[CV] END estimator__learning_rate=0.58, estimator__max_depth=14, estimator__num_leaves=31, estimator__subsample=0.2; total time=   1.5s
[CV] END estimator__learning_rate=0.77, estimator__max_depth=10, estimator__num_leaves=8, estimator__subsample=0.1; total time=   0.6s
[CV] END estimator__learning_rate=0.77, estimator__max_depth=10, estimator__num_leaves=31, estimator__subsample=0.01; total time=   1.4s
[CV] END estimator__learning_rate=0.77, estimator__max_depth=11, estimator__num_leaves=6, estimator__subsample=0.01; total time=   0.4s
[CV] END estimator__learning_rate=0.77, estimator__max_depth=11, estimator__num_leaves=8, estimator__subsample=0.2; total time=   0.6s
[CV] END estimator__learning_rate=0.77, estimator__max_depth=11, estimator__num_leaves=31, estimator__subsample=0.01; total time=   1.5s
[CV] END estimator__learning_rate=0.77, estimator__max_depth=12, estimator__num_leaves=8, estimator__subsample=0.001; total time=   0.6s
[CV] END estimator__learning_rate=0.77, estimator__max_depth=12, estimator__num_leaves=10, estimator__subsample=0.1; total time=   0.7s
[CV] END estimator__learning_rate=0.77, estimator__max_depth=13, estimator__num_leaves=2, estimator__subsample=0.1; total time=   0.1s
[CV] END estimator__learning_rate=0.77, estimator__max_depth=13, estimator__num_leaves=4, estimator__subsample=0.001; total time=   0.2s
[CV] END estimator__learning_rate=0.77, estimator__max_depth=13, estimator__num_leaves=4, estimator__subsample=0.1; total time=   0.2s
[CV] END estimator__learning_rate=0.77, estimator__max_depth=13, estimator__num_leaves=6, estimator__subsample=0.01; total time=   0.4s
[CV] END estimator__learning_rate=0.77, estimator__max_depth=13, estimator__num_leaves=8, estimator__subsample=0.2; total time=   0.6s
[CV] END estimator__learning_rate=0.77, estimator__max_depth=13, estimator__num_leaves=31, estimator__subsample=0.1; total time=   1.5s
[CV] END estimator__learning_rate=0.77, estimator__max_depth=14, estimator__num_leaves=8, estimator__subsample=0.001; total time=   0.6s
[CV] END estimator__learning_rate=0.77, estimator__max_depth=14, estimator__num_leaves=10, estimator__subsample=0.2; total time=   0.7s
[CV] END estimator__learning_rate=0.39, estimator__max_depth=14, estimator__num_leaves=2, estimator__subsample=0.1; total time=   0.1s
[CV] END estimator__learning_rate=0.39, estimator__max_depth=14, estimator__num_leaves=4, estimator__subsample=0.01; total time=   0.2s
[CV] END estimator__learning_rate=0.39, estimator__max_depth=14, estimator__num_leaves=4, estimator__subsample=0.2; total time=   0.2s
[CV] END estimator__learning_rate=0.39, estimator__max_depth=14, estimator__num_leaves=6, estimator__subsample=0.1; total time=   0.4s
[CV] END estimator__learning_rate=0.39, estimator__max_depth=14, estimator__num_leaves=10, estimator__subsample=0.01; total time=   0.7s
[CV] END estimator__learning_rate=0.39, estimator__max_depth=14, estimator__num_leaves=31, estimator__subsample=0.1; total time=   1.5s
[CV] END estimator__learning_rate=0.58, estimator__max_depth=10, estimator__num_leaves=8, estimator__subsample=0.1; total time=   0.6s
[CV] END estimator__learning_rate=0.58, estimator__max_depth=10, estimator__num_leaves=31, estimator__subsample=0.001; total time=   1.4s
[CV] END estimator__learning_rate=0.58, estimator__max_depth=11, estimator__num_leaves=6, estimator__subsample=0.001; total time=   0.4s
[CV] END estimator__learning_rate=0.58, estimator__max_depth=11, estimator__num_leaves=8, estimator__subsample=0.2; total time=   0.6s
[CV] END estimator__learning_rate=0.58, estimator__max_depth=11, estimator__num_leaves=31, estimator__subsample=0.01; total time=   1.5s
[CV] END estimator__learning_rate=0.58, estimator__max_depth=12, estimator__num_leaves=6, estimator__subsample=0.2; total time=   0.4s
[CV] END estimator__learning_rate=0.58, estimator__max_depth=12, estimator__num_leaves=10, estimator__subsample=0.1; total time=   0.7s
[CV] END estimator__learning_rate=0.58, estimator__max_depth=13, estimator__num_leaves=2, estimator__subsample=0.001; total time=   0.0s
[CV] END estimator__learning_rate=0.58, estimator__max_depth=13, estimator__num_leaves=2, estimator__subsample=0.01; total time=   0.1s
[CV] END estimator__learning_rate=0.58, estimator__max_depth=13, estimator__num_leaves=2, estimator__subsample=0.2; total time=   0.1s
[CV] END estimator__learning_rate=0.58, estimator__max_depth=13, estimator__num_leaves=4, estimator__subsample=0.01; total time=   0.2s
[CV] END estimator__learning_rate=0.58, estimator__max_depth=13, estimator__num_leaves=6, estimator__subsample=0.001; total time=   0.4s
[CV] END estimator__learning_rate=0.58, estimator__max_depth=13, estimator__num_leaves=8, estimator__subsample=0.001; total time=   0.6s
[CV] END estimator__learning_rate=0.58, estimator__max_depth=13, estimator__num_leaves=10, estimator__subsample=0.2; total time=   0.8s
[CV] END estimator__learning_rate=0.58, estimator__max_depth=14, estimator__num_leaves=2, estimator__subsample=0.1; total time=   0.1s
[CV] END estimator__learning_rate=0.58, estimator__max_depth=14, estimator__num_leaves=4, estimator__subsample=0.001; total time=   0.2s
[CV] END estimator__learning_rate=0.58, estimator__max_depth=14, estimator__num_leaves=4, estimator__subsample=0.2; total time=   0.2s
[CV] END estimator__learning_rate=0.58, estimator__max_depth=14, estimator__num_leaves=6, estimator__subsample=0.1; total time=   0.4s
[CV] END estimator__learning_rate=0.58, estimator__max_depth=14, estimator__num_leaves=10, estimator__subsample=0.001; total time=   0.8s
[CV] END estimator__learning_rate=0.58, estimator__max_depth=14, estimator__num_leaves=31, estimator__subsample=0.2; total time=   1.5s
[CV] END estimator__learning_rate=0.77, estimator__max_depth=10, estimator__num_leaves=8, estimator__subsample=0.1; total time=   0.6s
[CV] END estimator__learning_rate=0.77, estimator__max_depth=10, estimator__num_leaves=31, estimator__subsample=0.01; total time=   1.4s
[CV] END estimator__learning_rate=0.77, estimator__max_depth=11, estimator__num_leaves=6, estimator__subsample=0.2; total time=   0.4s
[CV] END estimator__learning_rate=0.77, estimator__max_depth=11, estimator__num_leaves=10, estimator__subsample=0.01; total time=   0.7s
[CV] END estimator__learning_rate=0.77, estimator__max_depth=11, estimator__num_leaves=31, estimator__subsample=0.2; total time=   1.4s
[CV] END estimator__learning_rate=0.77, estimator__max_depth=12, estimator__num_leaves=8, estimator__subsample=0.1; total time=   0.6s
[CV] END estimator__learning_rate=0.77, estimator__max_depth=12, estimator__num_leaves=31, estimator__subsample=0.01; total time=   1.4s
[CV] END estimator__learning_rate=0.77, estimator__max_depth=13, estimator__num_leaves=6, estimator__subsample=0.1; total time=   0.4s
[CV] END estimator__learning_rate=0.77, estimator__max_depth=13, estimator__num_leaves=10, estimator__subsample=0.001; total time=   0.7s
[CV] END estimator__learning_rate=0.77, estimator__max_depth=13, estimator__num_leaves=31, estimator__subsample=0.1; total time=   1.5s
[CV] END estimator__learning_rate=0.77, estimator__max_depth=14, estimator__num_leaves=8, estimator__subsample=0.01; total time=   0.6s
[CV] END estimator__learning_rate=0.77, estimator__max_depth=14, estimator__num_leaves=31, estimator__subsample=0.001; total time=   1.1s
[CV] END estimator__learning_rate=0.39, estimator__max_depth=12, estimator__num_leaves=31, estimator__subsample=0.01; total time=   1.4s
[CV] END estimator__learning_rate=0.39, estimator__max_depth=13, estimator__num_leaves=6, estimator__subsample=0.2; total time=   0.4s
[CV] END estimator__learning_rate=0.39, estimator__max_depth=13, estimator__num_leaves=10, estimator__subsample=0.01; total time=   0.7s
[CV] END estimator__learning_rate=0.39, estimator__max_depth=13, estimator__num_leaves=31, estimator__subsample=0.2; total time=   1.5s
[CV] END estimator__learning_rate=0.39, estimator__max_depth=14, estimator__num_leaves=8, estimator__subsample=0.01; total time=   0.6s
[CV] END estimator__learning_rate=0.39, estimator__max_depth=14, estimator__num_leaves=31, estimator__subsample=0.001; total time=   1.4s
[CV] END estimator__learning_rate=0.58, estimator__max_depth=10, estimator__num_leaves=6, estimator__subsample=0.01; total time=   0.4s
[CV] END estimator__learning_rate=0.58, estimator__max_depth=10, estimator__num_leaves=10, estimator__subsample=0.001; total time=   0.7s
[CV] END estimator__learning_rate=0.58, estimator__max_depth=10, estimator__num_leaves=31, estimator__subsample=0.1; total time=   1.5s
[CV] END estimator__learning_rate=0.58, estimator__max_depth=11, estimator__num_leaves=8, estimator__subsample=0.1; total time=   0.6s
[CV] END estimator__learning_rate=0.58, estimator__max_depth=11, estimator__num_leaves=31, estimator__subsample=0.001; total time=   1.5s
[CV] END estimator__learning_rate=0.58, estimator__max_depth=12, estimator__num_leaves=6, estimator__subsample=0.1; total time=   0.4s
[CV] END estimator__learning_rate=0.58, estimator__max_depth=12, estimator__num_leaves=10, estimator__subsample=0.001; total time=   0.7s
[CV] END estimator__learning_rate=0.58, estimator__max_depth=12, estimator__num_leaves=31, estimator__subsample=0.2; total time=   1.5s
[CV] END estimator__learning_rate=0.58, estimator__max_depth=13, estimator__num_leaves=8, estimator__subsample=0.1; total time=   0.6s
[CV] END estimator__learning_rate=0.58, estimator__max_depth=13, estimator__num_leaves=31, estimator__subsample=0.001; total time=   1.5s
[CV] END estimator__learning_rate=0.58, estimator__max_depth=14, estimator__num_leaves=6, estimator__subsample=0.1; total time=   0.4s
[CV] END estimator__learning_rate=0.58, estimator__max_depth=14, estimator__num_leaves=10, estimator__subsample=0.001; total time=   0.7s
[CV] END estimator__learning_rate=0.58, estimator__max_depth=14, estimator__num_leaves=31, estimator__subsample=0.2; total time=   1.4s
[CV] END estimator__learning_rate=0.77, estimator__max_depth=10, estimator__num_leaves=8, estimator__subsample=0.01; total time=   0.6s
[CV] END estimator__learning_rate=0.77, estimator__max_depth=10, estimator__num_leaves=31, estimator__subsample=0.001; total time=   1.4s
[CV] END estimator__learning_rate=0.77, estimator__max_depth=11, estimator__num_leaves=6, estimator__subsample=0.1; total time=   0.5s
[CV] END estimator__learning_rate=0.77, estimator__max_depth=11, estimator__num_leaves=10, estimator__subsample=0.1; total time=   0.7s
[CV] END estimator__learning_rate=0.77, estimator__max_depth=12, estimator__num_leaves=2, estimator__subsample=0.001; total time=   0.0s
[CV] END estimator__learning_rate=0.77, estimator__max_depth=12, estimator__num_leaves=2, estimator__subsample=0.01; total time=   0.1s
[CV] END estimator__learning_rate=0.77, estimator__max_depth=12, estimator__num_leaves=2, estimator__subsample=0.2; total time=   0.1s
[CV] END estimator__learning_rate=0.77, estimator__max_depth=12, estimator__num_leaves=4, estimator__subsample=0.01; total time=   0.2s
[CV] END estimator__learning_rate=0.77, estimator__max_depth=12, estimator__num_leaves=4, estimator__subsample=0.2; total time=   0.2s
[CV] END estimator__learning_rate=0.77, estimator__max_depth=12, estimator__num_leaves=6, estimator__subsample=0.1; total time=   0.4s
[CV] END estimator__learning_rate=0.77, estimator__max_depth=12, estimator__num_leaves=10, estimator__subsample=0.01; total time=   0.7s
[CV] END estimator__learning_rate=0.77, estimator__max_depth=12, estimator__num_leaves=31, estimator__subsample=0.2; total time=   1.5s
[CV] END estimator__learning_rate=0.77, estimator__max_depth=13, estimator__num_leaves=8, estimator__subsample=0.1; total time=   0.6s
[CV] END estimator__learning_rate=0.77, estimator__max_depth=13, estimator__num_leaves=31, estimator__subsample=0.01; total time=   1.4s
[CV] END estimator__learning_rate=0.77, estimator__max_depth=14, estimator__num_leaves=6, estimator__subsample=0.1; total time=   0.4s
[CV] END estimator__learning_rate=0.77, estimator__max_depth=14, estimator__num_leaves=10, estimator__subsample=0.001; total time=   0.7s
[CV] END estimator__learning_rate=0.77, estimator__max_depth=14, estimator__num_leaves=31, estimator__subsample=0.2; total time=   0.9s
