condition_id,split,input_speed_rpm,output_torque_nm,oil_temperature_deg_c,fw_path,fw_size_bytes,fw_sha256,bw_path,bw_size_bytes,bw_sha256
speed_100rpm__torque_0Nm__temperature_25degC,train,100.0,0.0,25.0,data/polished_dataset/forward/25degree/100rpm/100.0rpm0.0Nm25.0deg.csv,18431418,bc93264a1af0a183cc8cced0c64b97f350862cda920693c47a968de57d0d7c3e,data/polished_dataset/backward/25degree/100rpm/100.0rpm0.0Nm25.0deg.csv,18699738,57483e02a6b49e57c09a12237de0e08ab4c70f608d5af289cff35ce59393240f
speed_100rpm__torque_0Nm__temperature_35degC,train,100.0,0.0,35.0,data/polished_dataset/forward/35degree/100rpm/100.0rpm0.0Nm35.0deg.csv,18832583,735a2e4719b4b0361a8082a98091fb9b10bd2acc840d1256574337f1139dd980,data/polished_dataset/backward/35degree/100rpm/100.0rpm0.0Nm35.0deg.csv,18972994,4c9399011063ec778d89ce1d6cf68473856b4a598cf34ddc7b6c1018da98326d
speed_100rpm__torque_100Nm__temperature_25degC,train,100.0,100.0,25.0,data/polished_dataset/forward/25degree/100rpm/100.0rpm100.0Nm25.0deg.csv,18161060,e9bb3a0b88fab5a37e5fdd4da12c7109ce63b26946f047816f484f953840b40d,data/polished_dataset/backward/25degree/100rpm/100.0rpm100.0Nm25.0deg.csv,18332089,8b806fb84c0430dd1234e610f10764a56b65e313c9e064809d0486a04334c7dc
speed_100rpm__torque_200Nm__temperature_25degC,train,100.0,200.0,25.0,data/polished_dataset/forward/25degree/100rpm/100.0rpm200.0Nm25.0deg.csv,18279225,b107dd0117a3fb0d775fe9ef11dea4e16b0c531d45e6444ed555cc3afa9d0ed1,data/polished_dataset/backward/25degree/100rpm/100.0rpm200.0Nm25.0deg.csv,18175205,1e24d1df516736c0b03f30ffb7c971807dd655a0bf6d8e473a2c182552335a2e
speed_100rpm__torque_200Nm__temperature_30degC,train,100.0,200.0,30.0,data/polished_dataset/forward/30degree/100rpm/100.0rpm200.0Nm30.0deg.csv,18214027,ee678fbb52abd67991fcd26804c7daff83d5f1f5a326c0749fca7ec613677d13,data/polished_dataset/backward/30degree/100rpm/100.0rpm200.0Nm30.0deg.csv,18296959,5ee7dc1c4b944793e3c764f8ea9c2e67527c6eb69968b513480327d77c683936
speed_100rpm__torque_200Nm__temperature_35degC,train,100.0,200.0,35.0,data/polished_dataset/forward/35degree/100rpm/100.0rpm200.0Nm35.0deg.csv,18670217,01d30a01f3e9bbc1fc706ca200c13f276d86d4803f802808a870eddbefdc2c1d,data/polished_dataset/backward/35degree/100rpm/100.0rpm200.0Nm35.0deg.csv,18673085,9dc3daa9c3474872490039bbfd86778bb391472c515fcae551440ed7eb0e6018
speed_100rpm__torque_300Nm__temperature_25degC,train,100.0,300.0,25.0,data/polished_dataset/forward/25degree/100rpm/100.0rpm300.0Nm25.0deg.csv,18263086,b98e9fa90fe21ba5a652f2493e79fe93d1e77de91d66831475dd36d91e420577,data/polished_dataset/backward/25degree/100rpm/100.0rpm300.0Nm25.0deg.csv,18332791,4b5826587bfd5d1b0e93036641b4669aec8c42cc9958384a2eef83915ba3faae
speed_100rpm__torque_300Nm__temperature_35degC,train,100.0,300.0,35.0,data/polished_dataset/forward/35degree/100rpm/100.0rpm300.0Nm35.0deg.csv,18729184,9d73233e97f0b8936eb1dd7feaa19687a86541284fa1def91eef05832f7e9be7,data/polished_dataset/backward/35degree/100rpm/100.0rpm300.0Nm35.0deg.csv,18677058,679ac572dff21af39380384803b05e63a74fded996f14d028639994cada95c7e
speed_100rpm__torque_400Nm__temperature_25degC,train,100.0,400.0,25.0,data/polished_dataset/forward/25degree/100rpm/100.0rpm400.0Nm25.0deg.csv,18257535,3d7013ab75b37525bbda171d6f5b231f8e2ea7bb470cc2a7ebbff65b28e1f603,data/polished_dataset/backward/25degree/100rpm/100.0rpm400.0Nm25.0deg.csv,18391591,164fbcf195285dfda8d3e785c970e2cc4a2752d1f2714901b585e96a74327c6e
speed_100rpm__torque_400Nm__temperature_35degC,train,100.0,400.0,35.0,data/polished_dataset/forward/35degree/100rpm/100.0rpm400.0Nm35.0deg.csv,18809664,9e0702fa03ee4c89f7cc95e52971c8ed1e1a68b1593b0120f606617f13c98917,data/polished_dataset/backward/35degree/100rpm/100.0rpm400.0Nm35.0deg.csv,18809605,5406eca34254d79deb7c8ed3df7f77f562b3ddff4de5befb7ffdc3cb0bba35c7
speed_100rpm__torque_500Nm__temperature_25degC,train,100.0,500.0,25.0,data/polished_dataset/forward/25degree/100rpm/100.0rpm500.0Nm25.0deg.csv,18375007,4ca1dfbcdcc90cdee1677eae8d3baa107efdfdbef4f0687da9583413494edd3e,data/polished_dataset/backward/25degree/100rpm/100.0rpm500.0Nm25.0deg.csv,18408876,9a08674d99bd9119628325872a9effc6d4b48ea3c859efa9167c3cfc11be0ae3
speed_100rpm__torque_600Nm__temperature_30degC,train,100.0,600.0,30.0,data/polished_dataset/forward/30degree/100rpm/100.0rpm600.0Nm30.0deg.csv,18323919,5ea1dbfc59b12da4a095dd584aa37df69322aa462c4289f67e49e58f72c930f5,data/polished_dataset/backward/30degree/100rpm/100.0rpm600.0Nm30.0deg.csv,18290458,e751948ebea1bcad65799c741ca2ada082af998872c88f8ba709463d861f1934
speed_100rpm__torque_700Nm__temperature_25degC,train,100.0,700.0,25.0,data/polished_dataset/forward/25degree/100rpm/100.0rpm700.0Nm25.0deg.csv,18415745,74ae459ddce15c729ecfcbaa73a1fab6174525e19899ed2f4461a74f73e933ea,data/polished_dataset/backward/25degree/100rpm/100.0rpm700.0Nm25.0deg.csv,18360506,01b32cbaf1fb92ec63dcf131cac4ca0e711a180c495655dbac0aff93ae60b172
speed_100rpm__torque_700Nm__temperature_30degC,train,100.0,700.0,30.0,data/polished_dataset/forward/30degree/100rpm/100.0rpm700.0Nm30.0deg.csv,18287173,813ee773efb7b2169a15998196672a7ccdac234684544454a5e0956269bb1fc8,data/polished_dataset/backward/30degree/100rpm/100.0rpm700.0Nm30.0deg.csv,18247226,c0349824f276793be3580e730a9751d0c435c04825bae2f4eee4e2ba92593a24
speed_100rpm__torque_700Nm__temperature_35degC,train,100.0,700.0,35.0,data/polished_dataset/forward/35degree/100rpm/100.0rpm700.0Nm35.0deg.csv,18842396,416c6b87e6055ee3fda9f9dd614a83cfcfc126243eadc09797a782c1eb3e0907,data/polished_dataset/backward/35degree/100rpm/100.0rpm700.0Nm35.0deg.csv,18710761,5953b7110da69741a34c5594b80d8fed3e05b7672f89785e5fc181476dcf5002
speed_100rpm__torque_800Nm__temperature_30degC,train,100.0,800.0,30.0,data/polished_dataset/forward/30degree/100rpm/100.0rpm800.0Nm30.0deg.csv,18301389,5fa0e240dfbac5f494411a1070c07f1a9443155cae08e47e50921ecdcfa5a0dd,data/polished_dataset/backward/30degree/100rpm/100.0rpm800.0Nm30.0deg.csv,18217822,5166fdf8aea05df8f5fccd19841ebf139a3d3355400cbf4a692336dea51bdd06
speed_100rpm__torque_900Nm__temperature_25degC,train,100.0,900.0,25.0,data/polished_dataset/forward/25degree/100rpm/100.0rpm900.0Nm25.0deg.csv,18454370,1ca9faa688ec083c78dc6d1ff9c1bdf00b00e845399cb1fe1700b5bddeb84573,data/polished_dataset/backward/25degree/100rpm/100.0rpm900.0Nm25.0deg.csv,18248681,411e9e1dc1483a042909615c7c53c12db3ce0a13f6c79f18bb41c5b2dbb6d32e
speed_100rpm__torque_1000Nm__temperature_25degC,train,100.0,1000.0,25.0,data/polished_dataset/forward/25degree/100rpm/100.0rpm1000.0Nm25.0deg.csv,18183296,9f4ba55a3d216b2f0737991552acbf5fa1414b219d644a0f9a401ed22886d8b3,data/polished_dataset/backward/25degree/100rpm/100.0rpm1000.0Nm25.0deg.csv,18027621,860ad5c0467564695954e2b21f1dc719c7a63e9e6779d98dda62a119bc030430
speed_100rpm__torque_1000Nm__temperature_35degC,train,100.0,1000.0,35.0,data/polished_dataset/forward/35degree/100rpm/100.0rpm1000.0Nm35.0deg.csv,18617057,8477afab8c2d53ec28b996ff042ec898b45996daf66a976c68bcf744280f7d0c,data/polished_dataset/backward/35degree/100rpm/100.0rpm1000.0Nm35.0deg.csv,18429886,451c90d54fae1ba4e805be7032bb52a4ef5a3d202a9766b0a50fde197e94ca2d
speed_100rpm__torque_1100Nm__temperature_35degC,train,100.0,1100.0,35.0,data/polished_dataset/forward/35degree/100rpm/100.0rpm1100.0Nm35.0deg.csv,18537389,5a645e46941432f140f9d60e8745eff07dd4e96c11cdead8e631ede57e556b3c,data/polished_dataset/backward/35degree/100rpm/100.0rpm1100.0Nm35.0deg.csv,18354934,f81a5d97aae04a52e7a21dcb16cfdb580517a764203b8a70edf9fc733201c781
speed_100rpm__torque_1200Nm__temperature_25degC,train,100.0,1200.0,25.0,data/polished_dataset/forward/25degree/100rpm/100.0rpm1200.0Nm25.0deg.csv,18317195,66ac085ea9ab8009e24f0ab733cc6054cf540dcfa59921c4d7a0608b26921a8f,data/polished_dataset/backward/25degree/100rpm/100.0rpm1200.0Nm25.0deg.csv,17985248,cbccf4f6787713da673c894140dc858b74e19322f171c5142a474ef6316524d9
speed_100rpm__torque_1200Nm__temperature_30degC,train,100.0,1200.0,30.0,data/polished_dataset/forward/30degree/100rpm/100.0rpm1200.0Nm30.0deg.csv,18421122,dc3f7df18eb8f27854e5a7da304c67da316178380bbe9c4e40b57585c291e676,data/polished_dataset/backward/30degree/100rpm/100.0rpm1200.0Nm30.0deg.csv,18262937,5652821aef54aa887d26d4b0bf7556e7deac66503e10e6b279540fb2a8a16a67
speed_100rpm__torque_1300Nm__temperature_25degC,train,100.0,1300.0,25.0,data/polished_dataset/forward/25degree/100rpm/100.0rpm1300.0Nm25.0deg.csv,18287248,41dd68cdbab44935ba98e8b5fbc57bb8e3928571928d272da6d36eb8ae41cfcd,data/polished_dataset/backward/25degree/100rpm/100.0rpm1300.0Nm25.0deg.csv,18069774,b5c40d23c0ebc37efbfc6251b6f5682ce172a046655f4e925589b983d02b668c
speed_100rpm__torque_1300Nm__temperature_30degC,train,100.0,1300.0,30.0,data/polished_dataset/forward/30degree/100rpm/100.0rpm1300.0Nm30.0deg.csv,18344590,9182e359301271b576398eed4941d1fd99f02456603962ef047626394e7c725d,data/polished_dataset/backward/30degree/100rpm/100.0rpm1300.0Nm30.0deg.csv,18077418,240872115ed48f771abf26e10b9d7e881fd6c9dd093edc9754987711155d4628
speed_100rpm__torque_1300Nm__temperature_35degC,train,100.0,1300.0,35.0,data/polished_dataset/forward/35degree/100rpm/100.0rpm1300.0Nm35.0deg.csv,18629196,8fedd225fcd71a165a93018bd00018db834daf0211f5907a8649c3a34b165e00,data/polished_dataset/backward/35degree/100rpm/100.0rpm1300.0Nm35.0deg.csv,18411589,e4b081e7144dc931bbf763b2829dc01241eb9de778ebb6599ca4b0a9395d3cae
speed_100rpm__torque_1400Nm__temperature_25degC,train,100.0,1400.0,25.0,data/polished_dataset/forward/25degree/100rpm/100.0rpm1400.0Nm25.0deg.csv,18282341,b94f53023537398691092200090b5c62a6c4273afdcb8595307b1c07b5e95296,data/polished_dataset/backward/25degree/100rpm/100.0rpm1400.0Nm25.0deg.csv,18120469,85f12e7d5ebd3fbbb2e73453a2349076faf022774a17320d2db41c948db43dcf
speed_100rpm__torque_1400Nm__temperature_30degC,train,100.0,1400.0,30.0,data/polished_dataset/forward/30degree/100rpm/100.0rpm1400.0Nm30.0deg.csv,18278221,27310447868e5d6fdc398ff808ae5c1d728caff65f40fcc778af734ab7a7d80b,data/polished_dataset/backward/30degree/100rpm/100.0rpm1400.0Nm30.0deg.csv,17972811,50f25d7044be969527a270a38f19aa98f7d46a5d90b55d6208e7b336667f4c1b
speed_100rpm__torque_1400Nm__temperature_35degC,train,100.0,1400.0,35.0,data/polished_dataset/forward/35degree/100rpm/100.0rpm1400.0Nm35.0deg.csv,18561989,5331b1e09f18f644052f8fec21b69cf6955b75a8df7840ba012b2263db966746,data/polished_dataset/backward/35degree/100rpm/100.0rpm1400.0Nm35.0deg.csv,18389191,d7efd0676926722e54649a9d161a5c8c13887a86236bcba62beb48229b1f40ce
speed_100rpm__torque_1500Nm__temperature_25degC,train,100.0,1500.0,25.0,data/polished_dataset/forward/25degree/100rpm/100.0rpm1500.0Nm25.0deg.csv,18346011,2cb79c423b7f1fed54e702692325b80d25dba5f8cd08abc3b7683aedaa55f15a,data/polished_dataset/backward/25degree/100rpm/100.0rpm1500.0Nm25.0deg.csv,18165305,bb2400a4f97b48b15336f82b374bde0ffd32905beb39c18fec2814287b66c98a
speed_100rpm__torque_1500Nm__temperature_30degC,train,100.0,1500.0,30.0,data/polished_dataset/forward/30degree/100rpm/100.0rpm1500.0Nm30.0deg.csv,18102040,c443d159a04575dbd8c1f8b527d0a28d1e3055cdd5ac580a3fba5a7759677513,data/polished_dataset/backward/30degree/100rpm/100.0rpm1500.0Nm30.0deg.csv,17939069,f3baaba6262d76f9217599f1876297c9cbd87f9038c3a5af2cf85c50d8ac81b6
speed_100rpm__torque_1500Nm__temperature_35degC,train,100.0,1500.0,35.0,data/polished_dataset/forward/35degree/100rpm/100.0rpm1500.0Nm35.0deg.csv,18533465,b5f442757aafdd5bca64161f3ef31c241f7bc4d2174ec114201bad603fa02918,data/polished_dataset/backward/35degree/100rpm/100.0rpm1500.0Nm35.0deg.csv,18347225,0e08a041f28cdc8ffe8446a569a1dd92c77c4848d3808e669b8fc0107d3e06f1
speed_100rpm__torque_1600Nm__temperature_25degC,train,100.0,1600.0,25.0,data/polished_dataset/forward/25degree/100rpm/100.0rpm1600.0Nm25.0deg.csv,18388189,115c163cc03869ba9beb42cbfdd1734ee53b0f81ca418dbe04b8c8f124bdc3ab,data/polished_dataset/backward/25degree/100rpm/100.0rpm1600.0Nm25.0deg.csv,18132724,39285add82e85a709d80034428f3f0735c86eba1433cfe45f8b4a9549d4eaa16
speed_100rpm__torque_1700Nm__temperature_25degC,train,100.0,1700.0,25.0,data/polished_dataset/forward/25degree/100rpm/100.0rpm1700.0Nm25.0deg.csv,18347296,c46a2c710e6ac59c0c59db877ecbbe76ff3e187faa9f00c6c3f1166d3b112eaf,data/polished_dataset/backward/25degree/100rpm/100.0rpm1700.0Nm25.0deg.csv,18129112,68a4f916ac8bdb2a641a6c1610bbf53aeed466b289a8101a4c1c9acb51e1fb31
speed_100rpm__torque_1700Nm__temperature_30degC,train,100.0,1700.0,30.0,data/polished_dataset/forward/30degree/100rpm/100.0rpm1700.0Nm30.0deg.csv,18405649,fe946ad511ec8ea65ef69bdf6b1cb3f675c60d3069e28bbc5d2642e50307aed3,data/polished_dataset/backward/30degree/100rpm/100.0rpm1700.0Nm30.0deg.csv,18052713,ae2b2cd87949c09b6274c548e687a5f3822c1c3e3fa2356ae3beeb97ac04bb0e
speed_100rpm__torque_1800Nm__temperature_25degC,train,100.0,1800.0,25.0,data/polished_dataset/forward/25degree/100rpm/100.0rpm1800.0Nm25.0deg.csv,18302292,02b351479a4ba3d1b08eabc49fd2cc7462fff80f16c21e41479a699a9a2280bc,data/polished_dataset/backward/25degree/100rpm/100.0rpm1800.0Nm25.0deg.csv,18120976,8a0f9f170b6a17994c8dc370b6420f91fd12eeaccc112075bbe69cc3db6ce943
speed_100rpm__torque_1800Nm__temperature_30degC,train,100.0,1800.0,30.0,data/polished_dataset/forward/30degree/100rpm/100.0rpm1800.0Nm30.0deg.csv,18161219,097acac5cdca9a3707270cb836e05382286a5387fe00c9e49718c200734c0c71,data/polished_dataset/backward/30degree/100rpm/100.0rpm1800.0Nm30.0deg.csv,17965174,1842bf458a88a998d75fb6b6c373172add5b07f8c6fd57e087859ccd22be8042
speed_200rpm__torque_0Nm__temperature_25degC,train,200.0,0.0,25.0,data/polished_dataset/forward/25degree/200rpm/200.0rpm0.0Nm25.0deg.csv,9179399,fa1b5856221357a4077838125eda70ba55203026faccc723af1602e6a14643a5,data/polished_dataset/backward/25degree/200rpm/200.0rpm0.0Nm25.0deg.csv,9278909,6593066492ac5e672933813d1a1bda3cbd43efe3ec2ad496c427ecb9422f8093
speed_200rpm__torque_0Nm__temperature_30degC,train,200.0,0.0,30.0,data/polished_dataset/forward/30degree/200rpm/200.0rpm0.0Nm30.0deg.csv,9166915,0c224ffb206d5b6a2705333dbfdabc3e9a1bdd86b73d00d9a39bb73f9604ab09,data/polished_dataset/backward/30degree/200rpm/200.0rpm0.0Nm30.0deg.csv,9220439,d1a2301722f9e9af7cc6be23d4de5a786de22770cd82422bf885638eebb17371
speed_200rpm__torque_0Nm__temperature_35degC,train,200.0,0.0,35.0,data/polished_dataset/forward/35degree/200rpm/200.0rpm0.0Nm35.0deg.csv,9376070,01341c1c66f184d6c1ef4745a3176ad551960052a56b0719a5a4d3c8a6a2cdde,data/polished_dataset/backward/35degree/200rpm/200.0rpm0.0Nm35.0deg.csv,9490343,54b41a72718ca18bc2caca2b710e2058ea508e3131b7bd310094dfb0b69c1705
speed_200rpm__torque_100Nm__temperature_25degC,train,200.0,100.0,25.0,data/polished_dataset/forward/25degree/200rpm/200.0rpm100.0Nm25.0deg.csv,9085768,1b44d9a89a933a8e4ae92fbbb5f55c4f297f595acbd7b824b6dda9456faa0999,data/polished_dataset/backward/25degree/200rpm/200.0rpm100.0Nm25.0deg.csv,9149164,d30b7f12932d24f518782e42f8c482c8637e44b9187d9c99fc805d78df9d3b61
speed_200rpm__torque_100Nm__temperature_35degC,train,200.0,100.0,35.0,data/polished_dataset/forward/35degree/200rpm/200.0rpm100.0Nm35.0deg.csv,9370814,38f681ae547dbf9adbb5e88fa1fb12d7435a047fe3935f2ee2e382c98ea4477d,data/polished_dataset/backward/35degree/200rpm/200.0rpm100.0Nm35.0deg.csv,9382276,5b1643ef421721659d323da1b22b4eb4a0b4a5d85427c3189bb719976ce1c704
speed_200rpm__torque_200Nm__temperature_25degC,train,200.0,200.0,25.0,data/polished_dataset/forward/25degree/200rpm/200.0rpm200.0Nm25.0deg.csv,9156826,9956a74675e380790f3f3e0239fb0ad4afc86c88a52733932f453a6f95147e25,data/polished_dataset/backward/25degree/200rpm/200.0rpm200.0Nm25.0deg.csv,9126420,e9a6b737d9a573dc210fd60e0d943d4c3b50cf1b428154554b3eb5a22aceabb0
speed_200rpm__torque_200Nm__temperature_35degC,train,200.0,200.0,35.0,data/polished_dataset/forward/35degree/200rpm/200.0rpm200.0Nm35.0deg.csv,9292178,aa007646fcf2b9e84de37ec5d064888affa3e3bf1c1ac3a0f177d303f111a5bf,data/polished_dataset/backward/35degree/200rpm/200.0rpm200.0Nm35.0deg.csv,9313851,1ce3e9fd6244d23d715101f82ab12f7131494c7552b8b2a0f3e80db7b6508518
speed_200rpm__torque_300Nm__temperature_30degC,train,200.0,300.0,30.0,data/polished_dataset/forward/30degree/200rpm/200.0rpm300.0Nm30.0deg.csv,9169381,7d70f401f6bb424246cee4a50fc222fc3856210ce0b4f68cfc8add085bba66a5,data/polished_dataset/backward/30degree/200rpm/200.0rpm300.0Nm30.0deg.csv,9143060,9b701783b3e2b31d381cc87f333c3149b576f0bf4867c963d122ef9ca2f2f31a
speed_200rpm__torque_300Nm__temperature_35degC,train,200.0,300.0,35.0,data/polished_dataset/forward/35degree/200rpm/200.0rpm300.0Nm35.0deg.csv,9409935,ea912805430974639cadd7460693cef8136fb35164431dca01033c7c996780dc,data/polished_dataset/backward/35degree/200rpm/200.0rpm300.0Nm35.0deg.csv,9386700,8cac9e4e885c37e457147dfc9e0155c6ccc85f9dca0e14b71ae9dac0b9384f0b
speed_200rpm__torque_400Nm__temperature_25degC,train,200.0,400.0,25.0,data/polished_dataset/forward/25degree/200rpm/200.0rpm400.0Nm25.0deg.csv,9177634,b123076371ec5cf502643673d91b37eb1719937a3709fdbd1776e8e65f32d67c,data/polished_dataset/backward/25degree/200rpm/200.0rpm400.0Nm25.0deg.csv,9180458,0106b2f7a3e62fd6d07a2bc0b0a6be052bc322049293822b1b55e2f78d961303
speed_200rpm__torque_400Nm__temperature_30degC,train,200.0,400.0,30.0,data/polished_dataset/forward/30degree/200rpm/200.0rpm400.0Nm30.0deg.csv,9215200,ca45b25b32937595047b9fd542ebc9f95b18a5776749e1863e3d5f4d2baf6356,data/polished_dataset/backward/30degree/200rpm/200.0rpm400.0Nm30.0deg.csv,9136757,c6738a41b829dba23277b490bf580df9195c99335ad807403bf898c72b92645e
speed_200rpm__torque_400Nm__temperature_35degC,train,200.0,400.0,35.0,data/polished_dataset/forward/35degree/200rpm/200.0rpm400.0Nm35.0deg.csv,9331769,175486b36e92452cc706bad66676f63c01bf5c598e5557e9c75d022b3d4da10f,data/polished_dataset/backward/35degree/200rpm/200.0rpm400.0Nm35.0deg.csv,9369912,ef4ebbf168e43d0de4e23286ab3673d0e364f53201ea04b456222fd37df644f1
speed_200rpm__torque_500Nm__temperature_25degC,train,200.0,500.0,25.0,data/polished_dataset/forward/25degree/200rpm/200.0rpm500.0Nm25.0deg.csv,9173827,7f2276c86480b2d9cc43275daa9544dba8dc663cd4e3b9b8ef597c480848f9f0,data/polished_dataset/backward/25degree/200rpm/200.0rpm500.0Nm25.0deg.csv,9215166,3f47b45d680a72519103e59eda78e48c2612bbfdff46900e3e7c72692b110359
speed_200rpm__torque_500Nm__temperature_30degC,train,200.0,500.0,30.0,data/polished_dataset/forward/30degree/200rpm/200.0rpm500.0Nm30.0deg.csv,9170601,29f88bca449aa85424f34fd2a39c2cff224f03cc5a91eb4d60e983af1d2014d0,data/polished_dataset/backward/30degree/200rpm/200.0rpm500.0Nm30.0deg.csv,9136927,564a11f216a4a7ab30a72db7f2288424b93cc1fc567fc555568155d720518983
speed_200rpm__torque_500Nm__temperature_35degC,train,200.0,500.0,35.0,data/polished_dataset/forward/35degree/200rpm/200.0rpm500.0Nm35.0deg.csv,9320256,8ff38dca94cf01da1ccb89b5d6bb27c6ebeb172f20cff384b17999cf1269eff7,data/polished_dataset/backward/35degree/200rpm/200.0rpm500.0Nm35.0deg.csv,9339446,7edf77b1fa03b1ef85347882a2d4708477488c60396380d01189cb146f288be4
speed_200rpm__torque_600Nm__temperature_25degC,train,200.0,600.0,25.0,data/polished_dataset/forward/25degree/200rpm/200.0rpm600.0Nm25.0deg.csv,9239477,cf7a94d42a049e057650cf4d33fe11e5627bb86929a80e653514702603d54484,data/polished_dataset/backward/25degree/200rpm/200.0rpm600.0Nm25.0deg.csv,9160778,55ef49ef87caddd4eedbcbbf9697978d73d539c957e1a493fd4f44db3a4efca6
speed_200rpm__torque_600Nm__temperature_35degC,train,200.0,600.0,35.0,data/polished_dataset/forward/35degree/200rpm/200.0rpm600.0Nm35.0deg.csv,9372185,cadf65866b7404579bc0192673725d60f225ac8225a3eb5e4e585799d9d9cc20,data/polished_dataset/backward/35degree/200rpm/200.0rpm600.0Nm35.0deg.csv,9383332,0f6d9c74af5c4f0972411876b9e8f954c9ea0390add05f6f58215c57478201ca
speed_200rpm__torque_700Nm__temperature_25degC,train,200.0,700.0,25.0,data/polished_dataset/forward/25degree/200rpm/200.0rpm700.0Nm25.0deg.csv,9174684,c5e2838061e0259145737bb5bc8975bee2410cfab6d82b30027348e82d18562e,data/polished_dataset/backward/25degree/200rpm/200.0rpm700.0Nm25.0deg.csv,9194272,6abcc224ce293fb6a381f422fe20f13f4a45a2b27a4d8f825724092dfd33203f
speed_200rpm__torque_700Nm__temperature_35degC,train,200.0,700.0,35.0,data/polished_dataset/forward/35degree/200rpm/200.0rpm700.0Nm35.0deg.csv,9380255,2e8ee92377c6a05990f2e0af1712ec3daeadff67f529244fb74267aa41f52f12,data/polished_dataset/backward/35degree/200rpm/200.0rpm700.0Nm35.0deg.csv,9379681,37ba4775d7ee819162d55f449097fa198d1215a1876271506472d1dd168a16ff
speed_200rpm__torque_800Nm__temperature_25degC,train,200.0,800.0,25.0,data/polished_dataset/forward/25degree/200rpm/200.0rpm800.0Nm25.0deg.csv,9214048,1c18f33f12fdbfc0a28cda1b21e87149978f6d7c9d0cbdcbac631ab01029fbaa,data/polished_dataset/backward/25degree/200rpm/200.0rpm800.0Nm25.0deg.csv,9123836,9d38932e0ffde3c9381a5eb10e921d4b9989e28583e686c060049c92f9baa987
speed_200rpm__torque_800Nm__temperature_30degC,train,200.0,800.0,30.0,data/polished_dataset/forward/30degree/200rpm/200.0rpm800.0Nm30.0deg.csv,9173345,095176ac6f6e1cc7a3ecc8faef9438b13eab246f31a8fd72c3eb177fa48e6ea1,data/polished_dataset/backward/30degree/200rpm/200.0rpm800.0Nm30.0deg.csv,9099734,dde31001acb03d8cc7f76217fdae7ef92ca46558ac8d75b5488a6e7433a2bc8e
speed_200rpm__torque_800Nm__temperature_35degC,train,200.0,800.0,35.0,data/polished_dataset/forward/35degree/200rpm/200.0rpm800.0Nm35.0deg.csv,9360991,7f8cde38adf0e20715b631c5bcdf5a318e1103504f90ab59be33828af7b07017,data/polished_dataset/backward/35degree/200rpm/200.0rpm800.0Nm35.0deg.csv,9314243,85b27a28d035ceb8d101a10e03e603f0f98e38bf8b0c2226d2bdeb0a5abab1ab
speed_200rpm__torque_900Nm__temperature_35degC,train,200.0,900.0,35.0,data/polished_dataset/forward/35degree/200rpm/200.0rpm900.0Nm35.0deg.csv,9384047,77e11870f04152b31fedc613b6e7f01df628c51173ffe32818e3d8487f515045,data/polished_dataset/backward/35degree/200rpm/200.0rpm900.0Nm35.0deg.csv,9298886,055c4f29ea2dfe64d5409cfdffcbaf0f10b6a762a48563a4320e112fcc7d94c8
speed_200rpm__torque_1000Nm__temperature_25degC,train,200.0,1000.0,25.0,data/polished_dataset/forward/25degree/200rpm/200.0rpm1000.0Nm25.0deg.csv,9169359,a0541d5909fca9bd1aedb9d0385e6d1b0d0b67bd797876f9f185580891528934,data/polished_dataset/backward/25degree/200rpm/200.0rpm1000.0Nm25.0deg.csv,9035259,dac9385dc45acb798007185bb0e09ee5c39e93363a63c410d7a9c0b383f6f681
speed_200rpm__torque_1000Nm__temperature_35degC,train,200.0,1000.0,35.0,data/polished_dataset/forward/35degree/200rpm/200.0rpm1000.0Nm35.0deg.csv,9261116,5594c4722d67598a4a04023b569515793f6db8282fabb1ea07470ab923563ec4,data/polished_dataset/backward/35degree/200rpm/200.0rpm1000.0Nm35.0deg.csv,9176290,da825ec0aced8f6458a5371a6559b72a0eeba4f8c4d16cf41c72a20a4642fb0f
speed_200rpm__torque_1100Nm__temperature_25degC,train,200.0,1100.0,25.0,data/polished_dataset/forward/25degree/200rpm/200.0rpm1100.0Nm25.0deg.csv,9096128,68ce2fe49e3d8c26b8dc0539ac3dee8ff3df1539644b02be9b9ee0062e09444d,data/polished_dataset/backward/25degree/200rpm/200.0rpm1100.0Nm25.0deg.csv,8986698,995e1033b0849c042eadf96cf5e689f9e101db025facd11f84b43942ed994798
speed_200rpm__torque_1100Nm__temperature_30degC,train,200.0,1100.0,30.0,data/polished_dataset/forward/30degree/200rpm/200.0rpm1100.0Nm30.0deg.csv,9119431,3032b8be61c6e151caa5a29071a6789b1232bfecb7c1d5d425fd5307d7546083,data/polished_dataset/backward/30degree/200rpm/200.0rpm1100.0Nm30.0deg.csv,9077983,ac0f0cfe60da48518a666e41780b0a30ac2745380e0029b5784bf9db28d84873
speed_200rpm__torque_1200Nm__temperature_25degC,train,200.0,1200.0,25.0,data/polished_dataset/forward/25degree/200rpm/200.0rpm1200.0Nm25.0deg.csv,9128035,49e4408488ad31479afc7894342201893d4e69355efeb1b671b83132d52182cc,data/polished_dataset/backward/25degree/200rpm/200.0rpm1200.0Nm25.0deg.csv,9039959,4c38674258ba9c01b66dfe8a8c42d6cf395b050150294734753c560797f91542
speed_200rpm__torque_1200Nm__temperature_30degC,train,200.0,1200.0,30.0,data/polished_dataset/forward/30degree/200rpm/200.0rpm1200.0Nm30.0deg.csv,9212005,7355093c02a0e72317625cf2b3af12236293d6d258a300ee0a8fbeab19e87cb3,data/polished_dataset/backward/30degree/200rpm/200.0rpm1200.0Nm30.0deg.csv,9108816,3c5ee1f9be851443b14d279979f120b45e4cd3c8ede2d65051739d1ab43ee135
speed_200rpm__torque_1200Nm__temperature_35degC,train,200.0,1200.0,35.0,data/polished_dataset/forward/35degree/200rpm/200.0rpm1200.0Nm35.0deg.csv,9321761,e5a2433d0eb184d006f255ca9eef23a2fd830f484e4c641c51e3e8e9cd602f64,data/polished_dataset/backward/35degree/200rpm/200.0rpm1200.0Nm35.0deg.csv,9225633,b7f2ea8e1f1a4c6566daac3b9c708fdfd238a679bd212712db1069f3ff24075f
speed_200rpm__torque_1300Nm__temperature_25degC,train,200.0,1300.0,25.0,data/polished_dataset/forward/25degree/200rpm/200.0rpm1300.0Nm25.0deg.csv,9098874,7b65c3d06b195764bc80c3fe9761bafecd592eb7f8c8015e30d7355824c7a686,data/polished_dataset/backward/25degree/200rpm/200.0rpm1300.0Nm25.0deg.csv,9018738,466d9507068dacf785d767db5d280246de23422dfe079c119102e3f449d6f966
speed_200rpm__torque_1300Nm__temperature_30degC,train,200.0,1300.0,30.0,data/polished_dataset/forward/30degree/200rpm/200.0rpm1300.0Nm30.0deg.csv,9169816,87e9b41094e09e00fd107e2f50791004846611ed7d2282d5e0463e8eb3f24d9f,data/polished_dataset/backward/30degree/200rpm/200.0rpm1300.0Nm30.0deg.csv,9052260,49b3b7656e70a430d6df08aef090bb37fe33a11282ad54c67c8c9dfe5e5cff62
speed_200rpm__torque_1300Nm__temperature_35degC,train,200.0,1300.0,35.0,data/polished_dataset/forward/35degree/200rpm/200.0rpm1300.0Nm35.0deg.csv,9369595,907682aa0ecd6b6303ea63df510166b9fea94ba160fb88b17a33ebbf729d8662,data/polished_dataset/backward/35degree/200rpm/200.0rpm1300.0Nm35.0deg.csv,9268334,40f5231bdd44353a98c2197dc926bfe96196b693266a0c2b84901dbf45b6c12d
speed_200rpm__torque_1400Nm__temperature_25degC,train,200.0,1400.0,25.0,data/polished_dataset/forward/25degree/200rpm/200.0rpm1400.0Nm25.0deg.csv,9147713,bcf39869b9442cace41dc007cd4e66a7f54829591bf41dc1ae5814c08590e970,data/polished_dataset/backward/25degree/200rpm/200.0rpm1400.0Nm25.0deg.csv,9063750,9ef3016d13f6c283dcfb70051733e68b83ae7d4eb01ae65331054f88a9a4eb72
speed_200rpm__torque_1400Nm__temperature_30degC,train,200.0,1400.0,30.0,data/polished_dataset/forward/30degree/200rpm/200.0rpm1400.0Nm30.0deg.csv,9163980,328ef0c98e8f5140d7b46e03277bb84300ee5bea99c74c7491374744cb454e88,data/polished_dataset/backward/30degree/200rpm/200.0rpm1400.0Nm30.0deg.csv,8997976,5f6a0c55a6017d29aeb965e9d0f01ec80a5595400b3279020c3836d4c9f9490c
speed_200rpm__torque_1400Nm__temperature_35degC,train,200.0,1400.0,35.0,data/polished_dataset/forward/35degree/200rpm/200.0rpm1400.0Nm35.0deg.csv,9275159,b2c3fbc552e96c4b1f37a42ee58cb631f061ed8c401bbd37929de6efae405537,data/polished_dataset/backward/35degree/200rpm/200.0rpm1400.0Nm35.0deg.csv,9227532,b8e9a64b059c682fd42be281f7ea79677ae0d6f12b270f27c1a7439e791f570b
speed_200rpm__torque_1500Nm__temperature_25degC,train,200.0,1500.0,25.0,data/polished_dataset/forward/25degree/200rpm/200.0rpm1500.0Nm25.0deg.csv,9165662,e17cdc22ccecb3b843f673f73affefed3164a03ccb5f16da21130cef8351345d,data/polished_dataset/backward/25degree/200rpm/200.0rpm1500.0Nm25.0deg.csv,9070400,4d405d09f85e1d36b0bd4db328adad273d70986463535e4a621121bb02d22474
speed_200rpm__torque_1500Nm__temperature_30degC,train,200.0,1500.0,30.0,data/polished_dataset/forward/30degree/200rpm/200.0rpm1500.0Nm30.0deg.csv,9107754,fd85423ce8e1a06d127d381c1bd1082c20ea6c0c77a6f0b92ecceefa98243ed4,data/polished_dataset/backward/30degree/200rpm/200.0rpm1500.0Nm30.0deg.csv,9025585,330183fd1384c408ec68efbf281d0dface8ff49ea5b6235aa8c8db28a949d452
speed_200rpm__torque_1500Nm__temperature_35degC,train,200.0,1500.0,35.0,data/polished_dataset/forward/35degree/200rpm/200.0rpm1500.0Nm35.0deg.csv,9265386,ff4f33ff86d12885ddc0b7632ff78083d5b9d2c7e0bd9a28a6e6bca453970216,data/polished_dataset/backward/35degree/200rpm/200.0rpm1500.0Nm35.0deg.csv,9161450,8d8a65e340f0362f060457964c1b596c76ab3edd1056a39d49934924601f2b38
speed_200rpm__torque_1600Nm__temperature_25degC,train,200.0,1600.0,25.0,data/polished_dataset/forward/25degree/200rpm/200.0rpm1600.0Nm25.0deg.csv,9182337,faf92bac1caad1f2a3948ad06808543b2250e09272e5e2ba4887c2036ae616d5,data/polished_dataset/backward/25degree/200rpm/200.0rpm1600.0Nm25.0deg.csv,9032031,560753e2062949b6a6fdb2b0ab3a2a51a283ce02f1fbe1cf834791825f7f5590
speed_200rpm__torque_1600Nm__temperature_30degC,train,200.0,1600.0,30.0,data/polished_dataset/forward/30degree/200rpm/200.0rpm1600.0Nm30.0deg.csv,9089996,0608fea1ebad6af03de5a7237ab1a38202e87b49ca9199ed9834ac17b2656ef7,data/polished_dataset/backward/30degree/200rpm/200.0rpm1600.0Nm30.0deg.csv,8986277,1df730af02cf4541d8b639ac74b4af19b147eedfb22f74dfda32fd8a219cf8fe
speed_200rpm__torque_1600Nm__temperature_35degC,train,200.0,1600.0,35.0,data/polished_dataset/forward/35degree/200rpm/200.0rpm1600.0Nm35.0deg.csv,9335479,b9577763d988eadc926181fcfe1a01bb213652a338279c4701c61a7089b92c82,data/polished_dataset/backward/35degree/200rpm/200.0rpm1600.0Nm35.0deg.csv,9257033,068dbe22909eb91d5239f9b94195bc12c29d308029e53bf116574f2f6232ac73
speed_200rpm__torque_1700Nm__temperature_25degC,train,200.0,1700.0,25.0,data/polished_dataset/forward/25degree/200rpm/200.0rpm1700.0Nm25.0deg.csv,9079693,cc1f9cb32bc3aeb6f32d1d6034b8e03bfe7a188a2d523cc83e3cd5e13e3df703,data/polished_dataset/backward/25degree/200rpm/200.0rpm1700.0Nm25.0deg.csv,9022929,e3566e880f5a0f9c281a096ab533aca86200b805d3f8f471a963ece11e504bcd
speed_200rpm__torque_1700Nm__temperature_30degC,train,200.0,1700.0,30.0,data/polished_dataset/forward/30degree/200rpm/200.0rpm1700.0Nm30.0deg.csv,9153604,e692fd101b99353ade32ba8e512008d6394eafcb9bb4ed18cab2a91233e123b4,data/polished_dataset/backward/30degree/200rpm/200.0rpm1700.0Nm30.0deg.csv,8972064,99172cb5e06a8e45869a5a6d8ce99c585bf7f0d1b010a859c0cea80f0fd6bc6d
speed_200rpm__torque_1800Nm__temperature_25degC,train,200.0,1800.0,25.0,data/polished_dataset/forward/25degree/200rpm/200.0rpm1800.0Nm25.0deg.csv,9095871,207080eb70a84b757366f2adaffc76a1449a06f12d0f1756a3c544c02d2c67d0,data/polished_dataset/backward/25degree/200rpm/200.0rpm1800.0Nm25.0deg.csv,9024919,26555cd0ed97a3d25ca4bcf53c875d7ae7114c680162283a768279c8e6a011ca
speed_200rpm__torque_1800Nm__temperature_30degC,train,200.0,1800.0,30.0,data/polished_dataset/forward/30degree/200rpm/200.0rpm1800.0Nm30.0deg.csv,9039891,aa590dfe0a2cbfa570fca353021335057ed2c88f0baeae50134f38615211b275,data/polished_dataset/backward/30degree/200rpm/200.0rpm1800.0Nm30.0deg.csv,8965030,79a70e2c69090745a8c31a79f6fb4cb2d61970b01aed89b9e33dcacbaf23cb9e
speed_200rpm__torque_1800Nm__temperature_35degC,train,200.0,1800.0,35.0,data/polished_dataset/forward/35degree/200rpm/200.0rpm1800.0Nm35.0deg.csv,9230424,c604e7c9a425aa69055de4619547fea3b292babdc2fe3761c63d73083d9276fb,data/polished_dataset/backward/35degree/200rpm/200.0rpm1800.0Nm35.0deg.csv,9220931,4f4b0f97b726a768b1ea6de7cce85954bed96e7114e0faef9c33de5399d99edc
speed_300rpm__torque_0Nm__temperature_25degC,train,300.0,0.0,25.0,data/polished_dataset/forward/25degree/300rpm/300.0rpm0.0Nm25.0deg.csv,6114170,57118e7c5e1571841e13520e7f6ec72499a79b7e2c457308105ab37c14be0fcf,data/polished_dataset/backward/25degree/300rpm/300.0rpm0.0Nm25.0deg.csv,6180610,0a8ccf3d4a7ac9e31e798e6cada5fe45ff15adb203330f6770b783387f02ea82
speed_300rpm__torque_0Nm__temperature_30degC,train,300.0,0.0,30.0,data/polished_dataset/forward/30degree/300rpm/300.0rpm0.0Nm30.0deg.csv,6138644,cfe5b2d970065a565194243f88cd5020807c9fb3bdafa6ce05e819a6d3e2592f,data/polished_dataset/backward/30degree/300rpm/300.0rpm0.0Nm30.0deg.csv,6214352,a729ab7a8bd317385a9452dc4cbf131345bc32283a44aae3756c59e55c1ee832
speed_300rpm__torque_0Nm__temperature_35degC,train,300.0,0.0,35.0,data/polished_dataset/forward/35degree/300rpm/300.0rpm0.0Nm35.0deg.csv,6226481,3fc9e44550d16f3146fd0bd6a03f060b50de6f2e0db7a5962eabf84f55ad0c32,data/polished_dataset/backward/35degree/300rpm/300.0rpm0.0Nm35.0deg.csv,6321928,8feb4a66a7f3d31f753b434ddea59c6e7bebd20ea242a84bd6a8ab2c0daefe5a
speed_300rpm__torque_100Nm__temperature_25degC,train,300.0,100.0,25.0,data/polished_dataset/forward/25degree/300rpm/300.0rpm100.0Nm25.0deg.csv,6085549,0e16ea41ee68b0b2399bc4043292ee31a0f353f61f6bfdc69cc2c50c80003568,data/polished_dataset/backward/25degree/300rpm/300.0rpm100.0Nm25.0deg.csv,6082940,1c8adfdb67b95dee8131e46db769af720f2452c1ca538cb7d706ee7e328e5272
speed_300rpm__torque_100Nm__temperature_30degC,train,300.0,100.0,30.0,data/polished_dataset/forward/30degree/300rpm/300.0rpm100.0Nm30.0deg.csv,6075713,662b3ef162b4a257520ff2b6d82943a9f8578febbba5dd0fdfda2bf5624227e3,data/polished_dataset/backward/30degree/300rpm/300.0rpm100.0Nm30.0deg.csv,6054296,473ff431bfec612fcc725af911c7f073f7d657aac2e53cc043d676decc8db7cb
speed_300rpm__torque_200Nm__temperature_25degC,train,300.0,200.0,25.0,data/polished_dataset/forward/25degree/300rpm/300.0rpm200.0Nm25.0deg.csv,6111246,e9e06ed0fb7cd4aafaf90d623246cca7f5166f4ba0d4b230b5546998a59a78ae,data/polished_dataset/backward/25degree/300rpm/300.0rpm200.0Nm25.0deg.csv,6087787,f424d5c9d0ffc106c2239390ffcecd19b0d846cc2102994a19dcb99ee8e12b8f
speed_300rpm__torque_200Nm__temperature_35degC,train,300.0,200.0,35.0,data/polished_dataset/forward/35degree/300rpm/300.0rpm200.0Nm35.0deg.csv,6251146,7476fa07baa9394f71388eec9c4bfa4475d7ff8fd58ffbf7e5fd6532a08055e0,data/polished_dataset/backward/35degree/300rpm/300.0rpm200.0Nm35.0deg.csv,6246237,d02043391a1d7a9854b7577dcecdb96c00c4a255449aec0fc794ca48620205f7
speed_300rpm__torque_300Nm__temperature_25degC,train,300.0,300.0,25.0,data/polished_dataset/forward/25degree/300rpm/300.0rpm300.0Nm25.0deg.csv,6155135,394d92f0a4475adbb492572f064dfc34dda37d50e44b8e1c1028d8f38f0bc4ff,data/polished_dataset/backward/25degree/300rpm/300.0rpm300.0Nm25.0deg.csv,6107620,334bfdafeb6d471073448f7dfbd59455f77b78de05a960133334ba1dfdde316f
speed_300rpm__torque_300Nm__temperature_30degC,train,300.0,300.0,30.0,data/polished_dataset/forward/30degree/300rpm/300.0rpm300.0Nm30.0deg.csv,6116182,fd1243f4f4a6bddaa0fe01e42f3001d50fb7a9efa52708b6e768f69ef09e102a,data/polished_dataset/backward/30degree/300rpm/300.0rpm300.0Nm30.0deg.csv,6127188,934fbe12286822bc8e9f347c9ee0bfe7d750f304d415f7c9333330b0ff51d223
speed_300rpm__torque_300Nm__temperature_35degC,train,300.0,300.0,35.0,data/polished_dataset/forward/35degree/300rpm/300.0rpm300.0Nm35.0deg.csv,6261781,ebcc2d4bdfcd0286d047638e069a530deb4c32d2ba6bb58b9f28d31a3bf66183,data/polished_dataset/backward/35degree/300rpm/300.0rpm300.0Nm35.0deg.csv,6222629,7f2c18a8142b0a7f624f7b074f47b58255c2972debb8d321e02032021e90de8b
speed_300rpm__torque_400Nm__temperature_25degC,train,300.0,400.0,25.0,data/polished_dataset/forward/25degree/300rpm/300.0rpm400.0Nm25.0deg.csv,6119570,99709c29d0f9a7840a99079c27ee0d966f66e8fe2f6aba7dcbb1844bf19bba32,data/polished_dataset/backward/25degree/300rpm/300.0rpm400.0Nm25.0deg.csv,6111727,03a49b78b2331cb5909feeaf458c5f3a775e2823111df7a69e25ae7c492d3a1b
speed_300rpm__torque_400Nm__temperature_30degC,train,300.0,400.0,30.0,data/polished_dataset/forward/30degree/300rpm/300.0rpm400.0Nm30.0deg.csv,6122099,d98ffb723811b6b13850ad521d57cb32cb27c603fa7941b94718fe94dc2ae80e,data/polished_dataset/backward/30degree/300rpm/300.0rpm400.0Nm30.0deg.csv,6092071,93cd8d55828e97ca5db61a5f8e51acff3e7329872f933280e06061ce39e52771
speed_300rpm__torque_400Nm__temperature_35degC,train,300.0,400.0,35.0,data/polished_dataset/forward/35degree/300rpm/300.0rpm400.0Nm35.0deg.csv,6247416,40cb26f98b97b9b65b4d5a1aa292011e647919110f82f5e7f841f99b2a6e258e,data/polished_dataset/backward/35degree/300rpm/300.0rpm400.0Nm35.0deg.csv,6230047,067bda318b9da051807b7394bfc0a33c46660b66445e3b680436586fb4203649
speed_300rpm__torque_500Nm__temperature_30degC,train,300.0,500.0,30.0,data/polished_dataset/forward/30degree/300rpm/300.0rpm500.0Nm30.0deg.csv,6152991,1909f7aa4d2a021e2b294ca1301c07aa4d67cee1e1958235ab326a69bf6c5207,data/polished_dataset/backward/30degree/300rpm/300.0rpm500.0Nm30.0deg.csv,6176282,6fe23adab412a44bb5fc15fc0cc37c4955414145322da4a0c9c397a6d03820c8
speed_300rpm__torque_500Nm__temperature_35degC,train,300.0,500.0,35.0,data/polished_dataset/forward/35degree/300rpm/300.0rpm500.0Nm35.0deg.csv,6246695,003996b2eabaa88429b56483c192c9bd492e32bff3841504f5653b49e594faa0,data/polished_dataset/backward/35degree/300rpm/300.0rpm500.0Nm35.0deg.csv,6240703,586eb51bafe75953d0cf69ab6a2b6bebf197ce50eb5ff377c575494445acab35
speed_300rpm__torque_600Nm__temperature_25degC,train,300.0,600.0,25.0,data/polished_dataset/forward/25degree/300rpm/300.0rpm600.0Nm25.0deg.csv,6128109,c68b98ba53fbb68b081b203abf72907a037327acbe898431c8fdbaf5ac3d92eb,data/polished_dataset/backward/25degree/300rpm/300.0rpm600.0Nm25.0deg.csv,6088436,a3bd0977509cf348ffc81cb693f01f321ba45bc034698bd50534a253b3b2424c
speed_300rpm__torque_600Nm__temperature_30degC,train,300.0,600.0,30.0,data/polished_dataset/forward/30degree/300rpm/300.0rpm600.0Nm30.0deg.csv,6177339,5986c6bd8d8020f2274f33c123311cbc8b1a65a853a3846f0ecaeeeaf1bf2eaf,data/polished_dataset/backward/30degree/300rpm/300.0rpm600.0Nm30.0deg.csv,6176659,d5f4a0e643c73647fce2741b63e74af40722541782a1157ab2811b9d52cc8cd4
speed_300rpm__torque_600Nm__temperature_35degC,train,300.0,600.0,35.0,data/polished_dataset/forward/35degree/300rpm/300.0rpm600.0Nm35.0deg.csv,6255336,3cfaab07b5e2b81979e45c30c90b49a2c24a48348902993c879baeedb0b5812f,data/polished_dataset/backward/35degree/300rpm/300.0rpm600.0Nm35.0deg.csv,6243554,1fe4bab522f5ec405a540fe1befb06b5c582352ed512946caed2e130d3f04361
speed_300rpm__torque_700Nm__temperature_25degC,train,300.0,700.0,25.0,data/polished_dataset/forward/25degree/300rpm/300.0rpm700.0Nm25.0deg.csv,6135182,ce55787d07542a0866eae8a0852083e2b4e9a7005d3baecf73cd28a8a8c0c0c9,data/polished_dataset/backward/25degree/300rpm/300.0rpm700.0Nm25.0deg.csv,6096601,9dfefac1fb985d1a4ff8c0a0427ebc12c745c41a26c00d4644272c3b44ffd004
speed_300rpm__torque_700Nm__temperature_30degC,train,300.0,700.0,30.0,data/polished_dataset/forward/30degree/300rpm/300.0rpm700.0Nm30.0deg.csv,6268033,a68e6107216be1e589aa0881441c58bdd3f9be063147830a1619d51189263ca6,data/polished_dataset/backward/30degree/300rpm/300.0rpm700.0Nm30.0deg.csv,6257700,35e6dc5fe442b82ba639059eb6495c9f5f2de0a8a7e3246535b6a9756b963acd
speed_300rpm__torque_700Nm__temperature_35degC,train,300.0,700.0,35.0,data/polished_dataset/forward/35degree/300rpm/300.0rpm700.0Nm35.0deg.csv,6272498,52dbc6a3f14352c4abe598d1a40f56a49575189dc36d71f8ccaab2335c3911a4,data/polished_dataset/backward/35degree/300rpm/300.0rpm700.0Nm35.0deg.csv,6251173,0248bcaecb7156f225bfad239f550dcc603926aa18165db0d99ea44f67cffc39
speed_300rpm__torque_800Nm__temperature_30degC,train,300.0,800.0,30.0,data/polished_dataset/forward/30degree/300rpm/300.0rpm800.0Nm30.0deg.csv,6103662,2d59f4e30effd896359cb143351f3e885db627a1798ecb6c76225940b8defa7d,data/polished_dataset/backward/30degree/300rpm/300.0rpm800.0Nm30.0deg.csv,6093192,80af532e2284edaad46e53738005db181579afbadf8f24aaca69d38fde9b73d5
speed_300rpm__torque_800Nm__temperature_35degC,train,300.0,800.0,35.0,data/polished_dataset/forward/35degree/300rpm/300.0rpm800.0Nm35.0deg.csv,6283103,b514928355cb9f2a429a40a73f7550c69e3c47f5c73b117dcdf2bb1749169177,data/polished_dataset/backward/35degree/300rpm/300.0rpm800.0Nm35.0deg.csv,6233623,61b425f05aaea4a34c60d74688a47f0665e75b1d005560d777f9d020bf2ad720
speed_300rpm__torque_900Nm__temperature_25degC,train,300.0,900.0,25.0,data/polished_dataset/forward/25degree/300rpm/300.0rpm900.0Nm25.0deg.csv,6119822,1bfc1357e6dc26ae40c5a42fea9b917b38a302ac047d270271efea113f186282,data/polished_dataset/backward/25degree/300rpm/300.0rpm900.0Nm25.0deg.csv,6116362,74a16b93a8d8611a88b9bc03de8580b4a8aede684f4e37301753cce7fca498fe
speed_300rpm__torque_900Nm__temperature_30degC,train,300.0,900.0,30.0,data/polished_dataset/forward/30degree/300rpm/300.0rpm900.0Nm30.0deg.csv,6121970,c9097d441c878dc376a39d395998e2a1b2272bcf8488311dfee34dd22bdda3dd,data/polished_dataset/backward/30degree/300rpm/300.0rpm900.0Nm30.0deg.csv,6060622,61230b9a07a04a9722cf897806b880496dd3564fcc55f05d2db2ce584b7532af
speed_300rpm__torque_900Nm__temperature_35degC,train,300.0,900.0,35.0,data/polished_dataset/forward/35degree/300rpm/300.0rpm900.0Nm35.0deg.csv,6285926,1bf719c292233685976cc2de073b12bbdfd8e5eaa0cc60a83a8bc31ee451dc2e,data/polished_dataset/backward/35degree/300rpm/300.0rpm900.0Nm35.0deg.csv,6245614,6f678db3dc4586fd67911b558c951c3f9c82b41c917697c0a5e5e8f6cc567793
speed_300rpm__torque_1000Nm__temperature_30degC,train,300.0,1000.0,30.0,data/polished_dataset/forward/30degree/300rpm/300.0rpm1000.0Nm30.0deg.csv,6060190,4e9a76b3f15dc7058ca25529f0f5c51057a7dfd74827ef99b2f1cc62429c3af6,data/polished_dataset/backward/30degree/300rpm/300.0rpm1000.0Nm30.0deg.csv,5990746,1b63512885a6f046094dd282bd4122e0f72cbd9a34ed589cb49ba5543fb1113f
speed_300rpm__torque_1000Nm__temperature_35degC,train,300.0,1000.0,35.0,data/polished_dataset/forward/35degree/300rpm/300.0rpm1000.0Nm35.0deg.csv,6217634,a1c2acb2759dc62023f436e56093ea4fcc29331d00f6e2c7bb4ce75098d3fc81,data/polished_dataset/backward/35degree/300rpm/300.0rpm1000.0Nm35.0deg.csv,6124068,f238f94eeae8bb225931e2941933fc001570d8ad505cf41405e3911d18bbb7fa
speed_300rpm__torque_1200Nm__temperature_30degC,train,300.0,1200.0,30.0,data/polished_dataset/forward/30degree/300rpm/300.0rpm1200.0Nm30.0deg.csv,6077648,d359cf5a575c01a4be6e89f625221a1d006042b0befbe95f836c9274ba89add7,data/polished_dataset/backward/30degree/300rpm/300.0rpm1200.0Nm30.0deg.csv,6024302,3104d81b36dbb21db6fa12a5bec16670a374a6e9b7680e92735dbc6075001461
speed_300rpm__torque_1200Nm__temperature_35degC,train,300.0,1200.0,35.0,data/polished_dataset/forward/35degree/300rpm/300.0rpm1200.0Nm35.0deg.csv,6253331,ae92b620ab5e35d6385ea250705434b78b987d4cfd85717e323444187528a1b1,data/polished_dataset/backward/35degree/300rpm/300.0rpm1200.0Nm35.0deg.csv,6191446,7b84fa3ccba4e0f3bbfe563b975b971cf43e2861041c0b992e0df3c121e80eec
speed_300rpm__torque_1300Nm__temperature_25degC,train,300.0,1300.0,25.0,data/polished_dataset/forward/25degree/300rpm/300.0rpm1300.0Nm25.0deg.csv,6069389,af3e67125b16790a461961f87a23611e0ab013f7b17c5dfbbffb7326b8f9582f,data/polished_dataset/backward/25degree/300rpm/300.0rpm1300.0Nm25.0deg.csv,5991022,6f47ac4ac09e05f802594b5bdb90a6037725f6b9c926136dd437bf2224b5dec4
speed_300rpm__torque_1300Nm__temperature_30degC,train,300.0,1300.0,30.0,data/polished_dataset/forward/30degree/300rpm/300.0rpm1300.0Nm30.0deg.csv,6094801,9b12a84e3e4c112d935e8e6097ab0aca0d6431351fd58a438e58cb80cd0379c4,data/polished_dataset/backward/30degree/300rpm/300.0rpm1300.0Nm30.0deg.csv,5992981,82dbfb060934e6f3aaee4f87175b5ce7ef959a4087965eaddc5f6cee10d9b60e
speed_300rpm__torque_1300Nm__temperature_35degC,train,300.0,1300.0,35.0,data/polished_dataset/forward/35degree/300rpm/300.0rpm1300.0Nm35.0deg.csv,6219253,18fa25dc1700fcb44a064a999f05276efeff3826c948267cf963095fb3afd351,data/polished_dataset/backward/35degree/300rpm/300.0rpm1300.0Nm35.0deg.csv,6153401,2d5463f7016a4782051275d172a9e209a6c33802b00f7b719e0c159170ab2aef
speed_300rpm__torque_1400Nm__temperature_25degC,train,300.0,1400.0,25.0,data/polished_dataset/forward/25degree/300rpm/300.0rpm1400.0Nm25.0deg.csv,6071857,03ce200e3db85883b97bf56dbf325a326cb1dd7ede1e0afda823ec4eeb0c90f9,data/polished_dataset/backward/25degree/300rpm/300.0rpm1400.0Nm25.0deg.csv,6029572,f647678a1f122f0c163e96898e4c311741a4308a303e3a4409122363342f4a61
speed_300rpm__torque_1400Nm__temperature_35degC,train,300.0,1400.0,35.0,data/polished_dataset/forward/35degree/300rpm/300.0rpm1400.0Nm35.0deg.csv,6252258,5a32f05ae5d2dba71d704ac16f0073fe27bc90a18f545732d588b64a58386c5d,data/polished_dataset/backward/35degree/300rpm/300.0rpm1400.0Nm35.0deg.csv,6184597,72559ff3cf52d09c18016e1c16842a02ffab4739b91bad2d7c8b08d833110b0d
speed_300rpm__torque_1500Nm__temperature_25degC,train,300.0,1500.0,25.0,data/polished_dataset/forward/25degree/300rpm/300.0rpm1500.0Nm25.0deg.csv,6141332,a46d32088ad45f6bf65113d5248d0287ede22e40f3ec9e20cf709dc191c92a62,data/polished_dataset/backward/25degree/300rpm/300.0rpm1500.0Nm25.0deg.csv,6052282,c21aece819cc0b36d1ee7d47c7d54f21daef43a96050b4674ee92c27414d5a4e
speed_300rpm__torque_1500Nm__temperature_30degC,train,300.0,1500.0,30.0,data/polished_dataset/forward/30degree/300rpm/300.0rpm1500.0Nm30.0deg.csv,6048540,fcd5e163462bdde5511081b28f5d26bbd8ccc4c0ef3c386cc07a05eb113260ca,data/polished_dataset/backward/30degree/300rpm/300.0rpm1500.0Nm30.0deg.csv,5977022,8488f8cb1684c2eb051e3bd672c38cc1d7712b7492670f4fe3cf27c70855b5d5
speed_300rpm__torque_1500Nm__temperature_35degC,train,300.0,1500.0,35.0,data/polished_dataset/forward/35degree/300rpm/300.0rpm1500.0Nm35.0deg.csv,6239509,392fb13af721171d1c186eb0267b6aec0eac225079058f22b53500b5370990ac,data/polished_dataset/backward/35degree/300rpm/300.0rpm1500.0Nm35.0deg.csv,6164418,0a483d1e32e50b3b146c5f73368a6792d88f8e513852d519e567ee64b78b0557
speed_300rpm__torque_1600Nm__temperature_25degC,train,300.0,1600.0,25.0,data/polished_dataset/forward/25degree/300rpm/300.0rpm1600.0Nm25.0deg.csv,6096857,d46d8896c1e087649224d467bdb8b799c6cbd65a2c37aac16982b5d4f9fb53cf,data/polished_dataset/backward/25degree/300rpm/300.0rpm1600.0Nm25.0deg.csv,6019828,ab5301c51561066a7ed7b21aff2a33748a4cf7612fc1e05a393fee120b57697c
speed_300rpm__torque_1600Nm__temperature_30degC,train,300.0,1600.0,30.0,data/polished_dataset/forward/30degree/300rpm/300.0rpm1600.0Nm30.0deg.csv,6072206,fb7b3ced158c8065f4649f262ebd660f285795b559c92930a26513946def6a50,data/polished_dataset/backward/30degree/300rpm/300.0rpm1600.0Nm30.0deg.csv,6050955,052b7d84cb180d0847d5bd4ddf8b468811be5d70b5dbaea59cbcdaa2f784724a
speed_300rpm__torque_1600Nm__temperature_35degC,train,300.0,1600.0,35.0,data/polished_dataset/forward/35degree/300rpm/300.0rpm1600.0Nm35.0deg.csv,6230172,f836f7ca15ae37d0eec75f844ebe43841d72fd63a878a401fc8c5c783e4bb235,data/polished_dataset/backward/35degree/300rpm/300.0rpm1600.0Nm35.0deg.csv,6152339,0410cbcca80beb19770ae66e78975d46dcdc68170d276cfb8202cd5dff3abbb4
speed_300rpm__torque_1700Nm__temperature_25degC,train,300.0,1700.0,25.0,data/polished_dataset/forward/25degree/300rpm/300.0rpm1700.0Nm25.0deg.csv,6088873,556f30a8a7a95bf6e65202e24ef857c347d63f20196a76f8ff77f7cd0594b73c,data/polished_dataset/backward/25degree/300rpm/300.0rpm1700.0Nm25.0deg.csv,6036924,7b3d529f1e52881503e7597f7ad6af0e025a00e5e203c8169183ea1e19178588
speed_300rpm__torque_1700Nm__temperature_30degC,train,300.0,1700.0,30.0,data/polished_dataset/forward/30degree/300rpm/300.0rpm1700.0Nm30.0deg.csv,6045227,0ec455b00f3a04a9b47c826b9226508da74b3c957590565964956b8f5e4046b3,data/polished_dataset/backward/30degree/300rpm/300.0rpm1700.0Nm30.0deg.csv,5998362,3d2285ac6e6c8e8fac45a7ac4315d469830abc238c19b9e36a1eb1dd51d6bb1b
speed_300rpm__torque_1700Nm__temperature_35degC,train,300.0,1700.0,35.0,data/polished_dataset/forward/35degree/300rpm/300.0rpm1700.0Nm35.0deg.csv,6208723,4ee07e77785ab13b68b55caa7092cd897b3a1b94258a44c1243155b059afc7f2,data/polished_dataset/backward/35degree/300rpm/300.0rpm1700.0Nm35.0deg.csv,6150871,e0bb75c9130121151e9c5808990eb9b5af4dfec5fd2a8f984f4d72c6a19c7ede
speed_300rpm__torque_1800Nm__temperature_25degC,train,300.0,1800.0,25.0,data/polished_dataset/forward/25degree/300rpm/300.0rpm1800.0Nm25.0deg.csv,6068413,68550a032207ee1a03fa540087c378d04ff6171bd5408ce84cc2e946dffa7f68,data/polished_dataset/backward/25degree/300rpm/300.0rpm1800.0Nm25.0deg.csv,6013648,677a18fd080b192cc5caa8ad46f86822f5d40a0af5253dcc167af58979e46ebb
speed_300rpm__torque_1800Nm__temperature_30degC,train,300.0,1800.0,30.0,data/polished_dataset/forward/30degree/300rpm/300.0rpm1800.0Nm30.0deg.csv,6044496,3613f3115c9320a8696703a673219f81d03844484203c7b52b26535718e541a6,data/polished_dataset/backward/30degree/300rpm/300.0rpm1800.0Nm30.0deg.csv,6012275,078db0bdc58abef9145e4622d5893833fb1114456f742c7c93c1d1d0e62dd424
speed_300rpm__torque_1800Nm__temperature_35degC,train,300.0,1800.0,35.0,data/polished_dataset/forward/35degree/300rpm/300.0rpm1800.0Nm35.0deg.csv,6201398,44fcae2ad26d3ed07a08bde23e8027290dcc89f285fc5ca8cd0b7ca6a687dc20,data/polished_dataset/backward/35degree/300rpm/300.0rpm1800.0Nm35.0deg.csv,6144426,365beed0257bc551f44009803c89cae5a271748d42ff53b9f31fb47c964cd253
speed_400rpm__torque_0Nm__temperature_25degC,train,400.0,0.0,25.0,data/polished_dataset/forward/25degree/400rpm/400.0rpm0.0Nm25.0deg.csv,4591567,e13e2d7f8138b03de4629f1d24a8834140324f7c04ce97a72bd604c9eca23d53,data/polished_dataset/backward/25degree/400rpm/400.0rpm0.0Nm25.0deg.csv,4628278,8c4eb1e3dab589c86b62398232d66e63ec05aa98c63d3b5a8ccfb68953f31114
speed_400rpm__torque_100Nm__temperature_30degC,train,400.0,100.0,30.0,data/polished_dataset/forward/30degree/400rpm/400.0rpm100.0Nm30.0deg.csv,4555050,5517134683c0a667e8d4b67a32caa0cdfab43f4de6f16576d0aa1932e24eec11,data/polished_dataset/backward/30degree/400rpm/400.0rpm100.0Nm30.0deg.csv,4588615,5d057fd51d43f48d93bc2a8d15f7ea8a941ac92d6766a9a00150d40650886aa4
speed_400rpm__torque_100Nm__temperature_35degC,train,400.0,100.0,35.0,data/polished_dataset/forward/35degree/400rpm/400.0rpm100.0Nm35.0deg.csv,4688652,7b44fada0af3ebb4c5ce280ee95181b77bc8116064ef1b687ffe640506f46ffb,data/polished_dataset/backward/35degree/400rpm/400.0rpm100.0Nm35.0deg.csv,4689270,aea2361745e44e87d6c396aa85b0270afa77306b64d2eaae32be6c9338c186d6
speed_400rpm__torque_200Nm__temperature_35degC,train,400.0,200.0,35.0,data/polished_dataset/forward/35degree/400rpm/400.0rpm200.0Nm35.0deg.csv,4675526,394a7226d6cf3dc7755f1b745f70c26258917af68617fa589160c056563b2ab1,data/polished_dataset/backward/35degree/400rpm/400.0rpm200.0Nm35.0deg.csv,4650580,d4ff892909df79d162aee4e091677a0a7c5720cf4fb9035f6f1147df87256728
speed_400rpm__torque_300Nm__temperature_30degC,train,400.0,300.0,30.0,data/polished_dataset/forward/30degree/400rpm/400.0rpm300.0Nm30.0deg.csv,4610033,e3d416527adb49dbc26f20081c47419506d38e011882dbf8afdab1cef2705919,data/polished_dataset/backward/30degree/400rpm/400.0rpm300.0Nm30.0deg.csv,4606190,d14177b40054aec1430de1d58d279d5e53d57ed4ea63d866b3a73c793a2b46ae
speed_400rpm__torque_300Nm__temperature_35degC,train,400.0,300.0,35.0,data/polished_dataset/forward/35degree/400rpm/400.0rpm300.0Nm35.0deg.csv,4689964,37a57a9287b915053a6e65fbf4243dd02761f64f16b610d7b2b186d30855bf01,data/polished_dataset/backward/35degree/400rpm/400.0rpm300.0Nm35.0deg.csv,4678649,6fb8fd092d0084617e0ffa8bfc1f2cf40291ad1e7ddc1cbfd1afb6a862e9875f
speed_400rpm__torque_500Nm__temperature_25degC,train,400.0,500.0,25.0,data/polished_dataset/forward/25degree/400rpm/400.0rpm500.0Nm25.0deg.csv,4589642,0001d3d70b7391567110c4a71ff506918c7577f0fb64db6d4cb9c9bb1e1cb847,data/polished_dataset/backward/25degree/400rpm/400.0rpm500.0Nm25.0deg.csv,4586187,7ea02b9c5c3b07c7f7e54ad82d0029e4feedf43ef2408614da7d54fd133b4813
speed_400rpm__torque_500Nm__temperature_30degC,train,400.0,500.0,30.0,data/polished_dataset/forward/30degree/400rpm/400.0rpm500.0Nm30.0deg.csv,4639619,c7ae5ccead85f138ed5ecf6dc16862f5760ac9a7e17b6e3f14240260f66e6d6e,data/polished_dataset/backward/30degree/400rpm/400.0rpm500.0Nm30.0deg.csv,4621471,eb097a43687e10096f8d9051adfbc365c288ed9e946022aef5bb832d8a48a49b
speed_400rpm__torque_600Nm__temperature_30degC,train,400.0,600.0,30.0,data/polished_dataset/forward/30degree/400rpm/400.0rpm600.0Nm30.0deg.csv,4624281,944c9176cf537988793362937d58041bd37e42d0258260347770a9093a48896a,data/polished_dataset/backward/30degree/400rpm/400.0rpm600.0Nm30.0deg.csv,4632669,c197cd7521275004523621126cf45ce4b0db45745b695a4e6b715f747e57305d
speed_400rpm__torque_700Nm__temperature_35degC,train,400.0,700.0,35.0,data/polished_dataset/forward/35degree/400rpm/400.0rpm700.0Nm35.0deg.csv,4695932,5477c042a0d88f621b3058ebc5a263170d94a5fba8e615190cc705b9efac6d32,data/polished_dataset/backward/35degree/400rpm/400.0rpm700.0Nm35.0deg.csv,4668105,e187ee4558723470a4de2dd4aba4c536f80c9b39e2fb662776f55c28ad7852ab
speed_400rpm__torque_800Nm__temperature_25degC,train,400.0,800.0,25.0,data/polished_dataset/forward/25degree/400rpm/400.0rpm800.0Nm25.0deg.csv,4594953,a0fa45cdfbd4a482e04bea64596dd18d6ada7158175bc293a6b8ddf9799de3e6,data/polished_dataset/backward/25degree/400rpm/400.0rpm800.0Nm25.0deg.csv,4565212,db2cfdb2873cd423c8fdbac90c675231c52907136a99e2fdd881c153265b2127
speed_400rpm__torque_800Nm__temperature_30degC,train,400.0,800.0,30.0,data/polished_dataset/forward/30degree/400rpm/400.0rpm800.0Nm30.0deg.csv,4573649,1a1035d1b92b6760ce0a2a945593fc96150f113b4fc9ba8a4e427e714f5e368c,data/polished_dataset/backward/30degree/400rpm/400.0rpm800.0Nm30.0deg.csv,4553374,1a021f8dee70028127700deb0e3185571620ed2a769284fef5c5211f5af36bb7
speed_400rpm__torque_800Nm__temperature_35degC,train,400.0,800.0,35.0,data/polished_dataset/forward/35degree/400rpm/400.0rpm800.0Nm35.0deg.csv,4675509,1484af2c4b96ac092ca90006eaf54ee2fe43d34417784c16213545300173946e,data/polished_dataset/backward/35degree/400rpm/400.0rpm800.0Nm35.0deg.csv,4634087,fd1c3e1ff307860b74c4cd39f158089d6e39e01dbf31e6accbd65e73aca0a91e
speed_400rpm__torque_1000Nm__temperature_35degC,train,400.0,1000.0,35.0,data/polished_dataset/forward/35degree/400rpm/400.0rpm1000.0Nm35.0deg.csv,4631382,b2355c26fbda5e93dbe2f072e9a23696d3fc6bb76196a11a17f58c9584b6e673,data/polished_dataset/backward/35degree/400rpm/400.0rpm1000.0Nm35.0deg.csv,4615939,42d179bad3a9f91015e4e358b8b60ae2932b5dc2df2a837d9470e9980f74e703
speed_400rpm__torque_1100Nm__temperature_25degC,train,400.0,1100.0,25.0,data/polished_dataset/forward/25degree/400rpm/400.0rpm1100.0Nm25.0deg.csv,4536703,6d906f2a23110f99e84e6986481379a1ee3d54a544cf97ae51deae33d828d992,data/polished_dataset/backward/25degree/400rpm/400.0rpm1100.0Nm25.0deg.csv,4516655,188d8240c0dadc090ad330acbd0a8770816f71046ece62482e35a2ac8d8b1701
speed_400rpm__torque_1100Nm__temperature_30degC,train,400.0,1100.0,30.0,data/polished_dataset/forward/30degree/400rpm/400.0rpm1100.0Nm30.0deg.csv,4554608,e931908965b4a119b4729dfdb9aca563c829b33253857b0cd90d3ad8901d55d1,data/polished_dataset/backward/30degree/400rpm/400.0rpm1100.0Nm30.0deg.csv,4536009,25444abe23c0dc0ede920f75cf1323fc30a3d09b7806bdc08fc976b5b52bc166
speed_400rpm__torque_1100Nm__temperature_35degC,train,400.0,1100.0,35.0,data/polished_dataset/forward/35degree/400rpm/400.0rpm1100.0Nm35.0deg.csv,4631116,ea00cbf9ef14944029b48bb8eb70748529a77239636e7ddcb4d8143860a23b96,data/polished_dataset/backward/35degree/400rpm/400.0rpm1100.0Nm35.0deg.csv,4615792,4c98ed38e749726993873b2f1159f0f9cdeb3cbbdc3f9f54b6dcf9564d5f3581
speed_400rpm__torque_1200Nm__temperature_25degC,train,400.0,1200.0,25.0,data/polished_dataset/forward/25degree/400rpm/400.0rpm1200.0Nm25.0deg.csv,4587987,5226f4bbfd307ad50794867ad8b7c669d9c45fcd9b0f5904a0df1d0fcae62cf9,data/polished_dataset/backward/25degree/400rpm/400.0rpm1200.0Nm25.0deg.csv,4558698,9e1fd076b51e1ce5e2b8bef45297132aae4e86c7762683f706f0529ab87d41af
speed_400rpm__torque_1200Nm__temperature_30degC,train,400.0,1200.0,30.0,data/polished_dataset/forward/30degree/400rpm/400.0rpm1200.0Nm30.0deg.csv,4567053,b0e31bae5121b2b2836aeb28f48561572f77054818e21d453297e46e25d11d50,data/polished_dataset/backward/30degree/400rpm/400.0rpm1200.0Nm30.0deg.csv,4492001,e2585fe4275ec924279e7f7496f77eb5953ef01b69921016ec318ac35a9e0029
speed_400rpm__torque_1200Nm__temperature_35degC,train,400.0,1200.0,35.0,data/polished_dataset/forward/35degree/400rpm/400.0rpm1200.0Nm35.0deg.csv,4679450,a71aa46115f55ac9f9b3f9858b8ab69a277397397da411f7ac62e583c34fc72c,data/polished_dataset/backward/35degree/400rpm/400.0rpm1200.0Nm35.0deg.csv,4630004,1813bb890701d1eadc75a5c5f6c440620f6a99d4bf93d9220a9a1fa8575c0c73
speed_400rpm__torque_1300Nm__temperature_25degC,train,400.0,1300.0,25.0,data/polished_dataset/forward/25degree/400rpm/400.0rpm1300.0Nm25.0deg.csv,4574510,6ce63e1dc2a5b4662204b362de080d5976f85a3f20c46a4a1e96628a4387f91d,data/polished_dataset/backward/25degree/400rpm/400.0rpm1300.0Nm25.0deg.csv,4516779,5ac1984d0aedde7d096fdfb44119213492f622a6eebc187f43b78ddc6f69a38a
speed_400rpm__torque_1300Nm__temperature_35degC,train,400.0,1300.0,35.0,data/polished_dataset/forward/35degree/400rpm/400.0rpm1300.0Nm35.0deg.csv,4680663,d6f54cb79637763e0485f51db2567be4b13f9e2bff6fa899dbc94e7fec0c3883,data/polished_dataset/backward/35degree/400rpm/400.0rpm1300.0Nm35.0deg.csv,4637246,4c34188fe3dca682a5898c2aec3f714e64bba9afdda47e6c547cb6972c5764d6
speed_400rpm__torque_1400Nm__temperature_30degC,train,400.0,1400.0,30.0,data/polished_dataset/forward/30degree/400rpm/400.0rpm1400.0Nm30.0deg.csv,4562014,38731244f7643d31e1b6cdaaab4add553753b4e867e0de5c84e57850174de9f2,data/polished_dataset/backward/30degree/400rpm/400.0rpm1400.0Nm30.0deg.csv,4511427,82de125b79299bf7fce54eb0d575bd4cdc4dc97b0890b3ff207d1a4e8b077446
speed_400rpm__torque_1400Nm__temperature_35degC,train,400.0,1400.0,35.0,data/polished_dataset/forward/35degree/400rpm/400.0rpm1400.0Nm35.0deg.csv,4668147,7288d314321943cb5eefc04f82e9dadf7a37c11c7595ad017bc4cd54914c2450,data/polished_dataset/backward/35degree/400rpm/400.0rpm1400.0Nm35.0deg.csv,4591525,824caadadc07e34d69ae0c33dc4cad6b689f833de0ed9cbcb06550e3f6a95064
speed_400rpm__torque_1500Nm__temperature_25degC,train,400.0,1500.0,25.0,data/polished_dataset/forward/25degree/400rpm/400.0rpm1500.0Nm25.0deg.csv,4579030,10a40e2b723f0c3407e987f0b689c9fd42adaec76de35992a68f38d74d36f2b9,data/polished_dataset/backward/25degree/400rpm/400.0rpm1500.0Nm25.0deg.csv,4521612,f6a831e992c869eba01f1cf5931bd431f5322804786d899437074e9e83156551
speed_400rpm__torque_1500Nm__temperature_30degC,train,400.0,1500.0,30.0,data/polished_dataset/forward/30degree/400rpm/400.0rpm1500.0Nm30.0deg.csv,4545340,c50940d8c625c2f46880aa9a7d6e2242973931040aa3a589f12ebf240ca8c366,data/polished_dataset/backward/30degree/400rpm/400.0rpm1500.0Nm30.0deg.csv,4478686,defae96ce0c6d16755d87019bf391f98ad4211fc92dd5f690a9e9a34bbca22bd
speed_400rpm__torque_1500Nm__temperature_35degC,train,400.0,1500.0,35.0,data/polished_dataset/forward/35degree/400rpm/400.0rpm1500.0Nm35.0deg.csv,4635670,31c29197368cc754bc32dd3e32b09985cfb62b5d80246fad77f1b20e8e528f09,data/polished_dataset/backward/35degree/400rpm/400.0rpm1500.0Nm35.0deg.csv,4603745,307272cde6b86b3435f8743bc191eb5a557931f1b710389c63737a0c562075e0
speed_400rpm__torque_1600Nm__temperature_25degC,train,400.0,1600.0,25.0,data/polished_dataset/forward/25degree/400rpm/400.0rpm1600.0Nm25.0deg.csv,4562217,6b3d37dd1d80350a8670cbc6c37384c2647aecaa25bbe0742ca65f39658e1e67,data/polished_dataset/backward/25degree/400rpm/400.0rpm1600.0Nm25.0deg.csv,4551793,e8572285419fba5510bee057dcff6e548029734897a03e9bd7dc7893744236d2
speed_400rpm__torque_1600Nm__temperature_30degC,train,400.0,1600.0,30.0,data/polished_dataset/forward/30degree/400rpm/400.0rpm1600.0Nm30.0deg.csv,4557751,c3339d6c40921f388450deabbda06ffb3c4666f1b4f510b1d71840d87d4496f6,data/polished_dataset/backward/30degree/400rpm/400.0rpm1600.0Nm30.0deg.csv,4480751,5e578d4ed125f8f70efa4aa75abfc0f83046a05c53de129457af505ad8287448
speed_400rpm__torque_1700Nm__temperature_25degC,train,400.0,1700.0,25.0,data/polished_dataset/forward/25degree/400rpm/400.0rpm1700.0Nm25.0deg.csv,4575760,d4161b8711573e74258ad9eb0dad35c69fbc1cf157deba73623aa1e56751e232,data/polished_dataset/backward/25degree/400rpm/400.0rpm1700.0Nm25.0deg.csv,4512903,9ce511f9c23a55b4661353b7d34071349fd261a3a1c73aea6a90ecb884c33f73
speed_400rpm__torque_1700Nm__temperature_30degC,train,400.0,1700.0,30.0,data/polished_dataset/forward/30degree/400rpm/400.0rpm1700.0Nm30.0deg.csv,4533542,f953e834b86252a50394efed5752b70a8a4078029c7afd1a288831184a1d45c3,data/polished_dataset/backward/30degree/400rpm/400.0rpm1700.0Nm30.0deg.csv,4505337,676dcda44b8e6de774a1714d9a940bc1ced165f942a7648464b2b73f374e0a81
speed_400rpm__torque_1700Nm__temperature_35degC,train,400.0,1700.0,35.0,data/polished_dataset/forward/35degree/400rpm/400.0rpm1700.0Nm35.0deg.csv,4678182,e18cb503d87eefe568a9fe5620e8e47f1b41d1885f9475ad205238b4dfade574,data/polished_dataset/backward/35degree/400rpm/400.0rpm1700.0Nm35.0deg.csv,4637058,e5adfd7a8a32d27c2da12fa34c2630d733d3d696b566f00cb71485ac1d1bfcdf
speed_400rpm__torque_1800Nm__temperature_25degC,train,400.0,1800.0,25.0,data/polished_dataset/forward/25degree/400rpm/400.0rpm1800.0Nm25.0deg.csv,4557592,3bbbf2412c386e6e475f539b2e9c2af6276f8d46294b2ea18df8587cf3f652ec,data/polished_dataset/backward/25degree/400rpm/400.0rpm1800.0Nm25.0deg.csv,4491872,9b1c060b4f635a7ecfa4d3ff88843c10336b3ae7612b9375e6bcde3b04947056
speed_400rpm__torque_1800Nm__temperature_30degC,train,400.0,1800.0,30.0,data/polished_dataset/forward/30degree/400rpm/400.0rpm1800.0Nm30.0deg.csv,4548237,94e03f2260ca86696b47a734fceae00b5fdc98868ba60e562c36883eb69183d0,data/polished_dataset/backward/30degree/400rpm/400.0rpm1800.0Nm30.0deg.csv,4513650,89bbcf54c49ccaa465c6e18cc9b2e45dc2ae89a5ea06dc853ef26866569f8744
speed_500rpm__torque_0Nm__temperature_25degC,train,500.0,0.0,25.0,data/polished_dataset/forward/25degree/500rpm/500.0rpm0.0Nm25.0deg.csv,3672217,121031f2b1ae45a2f2fb0ef7783efdaeea19a0f164c2be7e53298eeac099c5d2,data/polished_dataset/backward/25degree/500rpm/500.0rpm0.0Nm25.0deg.csv,3713536,3301704b2091ad9d946f85ca30c0f5a3a2116cf856019a38ba655cada0a36a53
speed_500rpm__torque_0Nm__temperature_35degC,train,500.0,0.0,35.0,data/polished_dataset/forward/35degree/500rpm/500.0rpm0.0Nm35.0deg.csv,3739372,69c29001cbadf256bb6edfb1753edc3439e3e3a936e586ec524a5b8a2ef1fa64,data/polished_dataset/backward/35degree/500rpm/500.0rpm0.0Nm35.0deg.csv,3769743,5b826a63a84a20080aadf5531933d038becf441c99768758130372c20e23ff3a
speed_500rpm__torque_100Nm__temperature_35degC,train,500.0,100.0,35.0,data/polished_dataset/forward/35degree/500rpm/500.0rpm100.0Nm35.0deg.csv,3750676,1abe1a806f613bd1aa76925ac8c13e3fe1edc4e22ab782a5c439c8cafa285b71,data/polished_dataset/backward/35degree/500rpm/500.0rpm100.0Nm35.0deg.csv,3744110,03bde19388bdc17257d92f1ae7faced127919ee7aa6e3faf002572fc5b19be5d
speed_500rpm__torque_200Nm__temperature_25degC,train,500.0,200.0,25.0,data/polished_dataset/forward/25degree/500rpm/500.0rpm200.0Nm25.0deg.csv,3644925,3db5fa95cd586149f880967e584d23e58db64a3e23c998c6c9c16a6c4f4d50d7,data/polished_dataset/backward/25degree/500rpm/500.0rpm200.0Nm25.0deg.csv,3669473,9f052226d2ec076067cc8604682a7133204500d431e16f561732fa2d830535da
speed_500rpm__torque_200Nm__temperature_30degC,train,500.0,200.0,30.0,data/polished_dataset/forward/30degree/500rpm/500.0rpm200.0Nm30.0deg.csv,3649889,4dc065d501b522a727b4b47b67b38e0c4d76ec8cc660652de9fb07bbd39deb5c,data/polished_dataset/backward/30degree/500rpm/500.0rpm200.0Nm30.0deg.csv,3686939,354ece2a541c45b1148a549e79af457e741aa8778746dc45d4331fac1ce0ac20
speed_500rpm__torque_300Nm__temperature_25degC,train,500.0,300.0,25.0,data/polished_dataset/forward/25degree/500rpm/500.0rpm300.0Nm25.0deg.csv,3694898,5f760e53737701b98f2e1300d4f30ed850a3b7f7e3731c6f037aa421cea759bd,data/polished_dataset/backward/25degree/500rpm/500.0rpm300.0Nm25.0deg.csv,3708911,9231131d672eae0e396c249c53b960e7e77fd36a9900b0bafe4560ab4fa5e549
speed_500rpm__torque_300Nm__temperature_30degC,train,500.0,300.0,30.0,data/polished_dataset/forward/30degree/500rpm/500.0rpm300.0Nm30.0deg.csv,3694933,88403003bd464267af3abc64b479496feb2ef5aa8dffcf4ce0f5919a3274cadb,data/polished_dataset/backward/30degree/500rpm/500.0rpm300.0Nm30.0deg.csv,3665674,76f5d288274b5dfbdf2837e1503cba5f8313464543a6beed836174bfed49150c
speed_500rpm__torque_400Nm__temperature_25degC,train,500.0,400.0,25.0,data/polished_dataset/forward/25degree/500rpm/500.0rpm400.0Nm25.0deg.csv,3693497,0a76098f16d9e9ea4821a79f9509c6de0f7311c54528d436658c23af79754394,data/polished_dataset/backward/25degree/500rpm/500.0rpm400.0Nm25.0deg.csv,3671700,08be74327ea64688749ca3fbfa8b6f9b308320fb2986cb9209b65dc536c4cde2
speed_500rpm__torque_400Nm__temperature_35degC,train,500.0,400.0,35.0,data/polished_dataset/forward/35degree/500rpm/500.0rpm400.0Nm35.0deg.csv,3749889,d539e7b2b6e2cc05b2a8d3b9095a6b2da39676816fbed0469ab92d8ff117a19e,data/polished_dataset/backward/35degree/500rpm/500.0rpm400.0Nm35.0deg.csv,3759275,51f665ced45d69ed64bb5192456ebb9a03ab0210fe0bb72fcf858335eb97d158
speed_500rpm__torque_500Nm__temperature_25degC,train,500.0,500.0,25.0,data/polished_dataset/forward/25degree/500rpm/500.0rpm500.0Nm25.0deg.csv,3669250,aceba5c205649807b50f42e6446a94a6802e3ef9709ec0615a96bc297dfb1a2f,data/polished_dataset/backward/25degree/500rpm/500.0rpm500.0Nm25.0deg.csv,3668069,14bc01ee9dc79d8de8aa57fe8ace816f0bccc17467520261b3c0caa8252e8cdc
speed_500rpm__torque_500Nm__temperature_30degC,train,500.0,500.0,30.0,data/polished_dataset/forward/30degree/500rpm/500.0rpm500.0Nm30.0deg.csv,3675806,cdde51b41ab1a96c87f6ca653204ad45469b185123e69d5e997423614ad34eba,data/polished_dataset/backward/30degree/500rpm/500.0rpm500.0Nm30.0deg.csv,3667264,eed6cc80c04da6e545230f1fbf31ce254442bb1957375458fe808df5b7a34b09
speed_500rpm__torque_500Nm__temperature_35degC,train,500.0,500.0,35.0,data/polished_dataset/forward/35degree/500rpm/500.0rpm500.0Nm35.0deg.csv,3749813,5dbe340b25e53e039fb050e2765c7471401821f17c32d9a99434d40b299582e8,data/polished_dataset/backward/35degree/500rpm/500.0rpm500.0Nm35.0deg.csv,3740497,001aac061ff5f149152b49dc84d1da34f83ce8f7cd0538da419de7de77231174
speed_500rpm__torque_600Nm__temperature_25degC,train,500.0,600.0,25.0,data/polished_dataset/forward/25degree/500rpm/500.0rpm600.0Nm25.0deg.csv,3702627,83f16e256f2e82d4537d808830b9f6ab30bf278c16d58d6aac6320c98f6ce63a,data/polished_dataset/backward/25degree/500rpm/500.0rpm600.0Nm25.0deg.csv,3686549,f3186302ffb44bad4219592fac4b80e5606ca0383e8eb7b03cce040380a17a22
speed_500rpm__torque_600Nm__temperature_35degC,train,500.0,600.0,35.0,data/polished_dataset/forward/35degree/500rpm/500.0rpm600.0Nm35.0deg.csv,1342632,2c332833c37622a3679dcbb80842ed5c99292c33d4f763936cee848c0f6526da,data/polished_dataset/backward/35degree/500rpm/500.0rpm600.0Nm35.0deg.csv,3737698,963742f2f311a63bd71e80017f46ba45c9ee8fe88aab87036fc532c0dede192e
speed_500rpm__torque_700Nm__temperature_30degC,train,500.0,700.0,30.0,data/polished_dataset/forward/30degree/500rpm/500.0rpm700.0Nm30.0deg.csv,3712350,ef77f766ffe0d61223bb50ec294acc15d73679171193907fd76bebe5079cdb33,data/polished_dataset/backward/30degree/500rpm/500.0rpm700.0Nm30.0deg.csv,3709666,61ee418aeecc82251a6d7e03fb2a32377a031b6a8401d6848ea990a2091764e2
speed_500rpm__torque_800Nm__temperature_25degC,train,500.0,800.0,25.0,data/polished_dataset/forward/25degree/500rpm/500.0rpm800.0Nm25.0deg.csv,3674718,2149cbace5888553f47104b2f6459e5f54382ca3bafdd1161c28b42098fb1a53,data/polished_dataset/backward/25degree/500rpm/500.0rpm800.0Nm25.0deg.csv,3658837,28d020e7b9e1d8e8ae8cd4dc13d8f7b38805f90c180fac76269f58b195b776da
speed_500rpm__torque_800Nm__temperature_30degC,train,500.0,800.0,30.0,data/polished_dataset/forward/30degree/500rpm/500.0rpm800.0Nm30.0deg.csv,3700840,ba66dc2ad290119246697723094d91045b9aa96aa48cf8d785bebdc842ddc15b,data/polished_dataset/backward/30degree/500rpm/500.0rpm800.0Nm30.0deg.csv,3645828,2dcb75b8464d99ef66a0e2365a22c994aa6c248e25f0a4d6e8882353242e3ca6
speed_500rpm__torque_800Nm__temperature_35degC,train,500.0,800.0,35.0,data/polished_dataset/forward/35degree/500rpm/500.0rpm800.0Nm35.0deg.csv,3738693,fe65ccc7d15f06ceb02aa96bb0fd36d0e89d3e25deecce4fb30766c5b773c6b6,data/polished_dataset/backward/35degree/500rpm/500.0rpm800.0Nm35.0deg.csv,3722919,769829033548611e3924aa060f27d6a63819181efe38940221b07c7b4a2512f6
speed_500rpm__torque_900Nm__temperature_25degC,train,500.0,900.0,25.0,data/polished_dataset/forward/25degree/500rpm/500.0rpm900.0Nm25.0deg.csv,3680362,f3cd1b612359212e73f4741802d544e17e578bb7b47c73ddfc7c2e57efddc377,data/polished_dataset/backward/25degree/500rpm/500.0rpm900.0Nm25.0deg.csv,3645632,cecb5958f74a99d7b646552a8c64d2e2ecefd70db0f0bafb317620162d0232de
speed_500rpm__torque_900Nm__temperature_35degC,train,500.0,900.0,35.0,data/polished_dataset/forward/35degree/500rpm/500.0rpm900.0Nm35.0deg.csv,3753732,72490e598abc9c976f41b3e39dfd9ba8d38871e7297eaaaf770bbe5f730b30cc,data/polished_dataset/backward/35degree/500rpm/500.0rpm900.0Nm35.0deg.csv,3713129,49416e7a4ee03bf55177cd5a017e550e66f87ae9f2832b0b8ddc752f48ab7804
speed_500rpm__torque_1000Nm__temperature_25degC,train,500.0,1000.0,25.0,data/polished_dataset/forward/25degree/500rpm/500.0rpm1000.0Nm25.0deg.csv,3634612,764d3cff36df7ed5b8d135700941cf7fe264d3b4939db1ff3151cac2713e2311,data/polished_dataset/backward/25degree/500rpm/500.0rpm1000.0Nm25.0deg.csv,3610176,30abef311dfdba216f630eaf41e04c9bedba365d303de078ed5d5779f5a44bf4
speed_500rpm__torque_1000Nm__temperature_30degC,train,500.0,1000.0,30.0,data/polished_dataset/forward/30degree/500rpm/500.0rpm1000.0Nm30.0deg.csv,3644028,8618369bec514056079c4c3313cb3e16b79dd1db6e5ab9d99d4345b2b25966aa,data/polished_dataset/backward/30degree/500rpm/500.0rpm1000.0Nm30.0deg.csv,3635666,154aa9a96ed07d71ac04c3723457111fb56133343ca1586b13d1c08b786370f4
speed_500rpm__torque_1000Nm__temperature_35degC,train,500.0,1000.0,35.0,data/polished_dataset/forward/35degree/500rpm/500.0rpm1000.0Nm35.0deg.csv,3718397,9ff1aa220d6d49ac8288bf9ef81a8ae613f1ee384b74a9c9fb6c1754ad701428,data/polished_dataset/backward/35degree/500rpm/500.0rpm1000.0Nm35.0deg.csv,3689942,eb709ade93c30a5a0663ebb384a13a33c7fee7ff3cff4825ae28e9596a5b64f0
speed_500rpm__torque_1100Nm__temperature_25degC,train,500.0,1100.0,25.0,data/polished_dataset/forward/25degree/500rpm/500.0rpm1100.0Nm25.0deg.csv,3634009,acf53513474725703f417d6b7da9509a384a11a43f77c8ed30d963915cf52b70,data/polished_dataset/backward/25degree/500rpm/500.0rpm1100.0Nm25.0deg.csv,3620264,b701c873ceb53a73c88d842540c2b210ef992dc29a616ab549be66050e0e7d6a
speed_500rpm__torque_1100Nm__temperature_35degC,train,500.0,1100.0,35.0,data/polished_dataset/forward/35degree/500rpm/500.0rpm1100.0Nm35.0deg.csv,3728180,4e1ffe4c9b84d397e0d4b85dfa8bf00f807c2427a711b5b3ece79b0599095126,data/polished_dataset/backward/35degree/500rpm/500.0rpm1100.0Nm35.0deg.csv,3697758,f26290611140263b872a9e1a26b606354ba97b7164ce165c4ad320345d667049
speed_500rpm__torque_1200Nm__temperature_30degC,train,500.0,1200.0,30.0,data/polished_dataset/forward/30degree/500rpm/500.0rpm1200.0Nm30.0deg.csv,3692113,7eaf272e22db04f552110fcc2de1865bc10293ca6e8820e9af8e14ee5190271c,data/polished_dataset/backward/30degree/500rpm/500.0rpm1200.0Nm30.0deg.csv,3644184,7921d95b812484a6d42e92a1f7c4bf555a08ecf00a8a4975a3064d8686f4a346
speed_500rpm__torque_1200Nm__temperature_35degC,train,500.0,1200.0,35.0,data/polished_dataset/forward/35degree/500rpm/500.0rpm1200.0Nm35.0deg.csv,3738826,262bc40ae368030d165c3ac6a2d2a27335fcfbd45c361ace96543091a12ed177,data/polished_dataset/backward/35degree/500rpm/500.0rpm1200.0Nm35.0deg.csv,3704980,ec78ca3d4f7cf7d71c711a1f4ed002ae54340045f828fa74e47a660009f97c12
speed_500rpm__torque_1300Nm__temperature_25degC,train,500.0,1300.0,25.0,data/polished_dataset/forward/25degree/500rpm/500.0rpm1300.0Nm25.0deg.csv,3663487,5e779f90ce42523e388c641316edc626128497bdd51b121801d946c26c458c1f,data/polished_dataset/backward/25degree/500rpm/500.0rpm1300.0Nm25.0deg.csv,3607022,fcb411ce7d628445ee34a637291c5f543ec8cbebe015700d74adc5e93389568e
speed_500rpm__torque_1300Nm__temperature_30degC,train,500.0,1300.0,30.0,data/polished_dataset/forward/30degree/500rpm/500.0rpm1300.0Nm30.0deg.csv,3677989,b9455728067eaa39a73e3096fb547180a7ba844eeb8efdcb1b5ef7b07f954634,data/polished_dataset/backward/30degree/500rpm/500.0rpm1300.0Nm30.0deg.csv,3652142,4e5706e461cd6f35a9ee1e18f1965648213447fdec6029fea39453fd6c530f24
speed_500rpm__torque_1300Nm__temperature_35degC,train,500.0,1300.0,35.0,data/polished_dataset/forward/35degree/500rpm/500.0rpm1300.0Nm35.0deg.csv,3712556,7e3cd3d9857db61c5267bee1d38676435ca34540a9a0d436779c1d7970d871f9,data/polished_dataset/backward/35degree/500rpm/500.0rpm1300.0Nm35.0deg.csv,3695327,2573cd9b1972235ade123967020e98fc8e637072b50f790f43624aff7df8dc3f
speed_500rpm__torque_1400Nm__temperature_25degC,train,500.0,1400.0,25.0,data/polished_dataset/forward/25degree/500rpm/500.0rpm1400.0Nm25.0deg.csv,3662454,da94ec08ebd3988a9f6c98e47fd57f02378dd06d50b73cec77ae47306a21d865,data/polished_dataset/backward/25degree/500rpm/500.0rpm1400.0Nm25.0deg.csv,3617789,61c8b42873cf10da852214357bf825e6948a331f41b99f5826cd0260bb43e75a
speed_500rpm__torque_1400Nm__temperature_30degC,train,500.0,1400.0,30.0,data/polished_dataset/forward/30degree/500rpm/500.0rpm1400.0Nm30.0deg.csv,3693676,3e8b7558e324a531b547f4c5de54d0519606fb1cd0eb4c0e27f8765c747b7c94,data/polished_dataset/backward/30degree/500rpm/500.0rpm1400.0Nm30.0deg.csv,3694117,4c3684c0a870fb270f5497f88689806da2c21e6aafcd01eeeee671b8f7805496
speed_500rpm__torque_1500Nm__temperature_25degC,train,500.0,1500.0,25.0,data/polished_dataset/forward/25degree/500rpm/500.0rpm1500.0Nm25.0deg.csv,3649419,8f2dcc553bc2435b0afabdff565b746c1ca3f36c729c4c5de4651e93577d9f01,data/polished_dataset/backward/25degree/500rpm/500.0rpm1500.0Nm25.0deg.csv,3605827,a746c86481474089e2d5420dff4621549d4f2819f22ee8c7e6810223380c005a
speed_500rpm__torque_1500Nm__temperature_30degC,train,500.0,1500.0,30.0,data/polished_dataset/forward/30degree/500rpm/500.0rpm1500.0Nm30.0deg.csv,3754898,d2b1c65d1d0e9034939a989472a559c4cffd5491903da33a8c49345163f199ae,data/polished_dataset/backward/30degree/500rpm/500.0rpm1500.0Nm30.0deg.csv,3709850,a3ed022ffd49930f91f504642b7ae5d214fec207ea1c8cd19eb1aef3f026e2c1
speed_500rpm__torque_1500Nm__temperature_35degC,train,500.0,1500.0,35.0,data/polished_dataset/forward/35degree/500rpm/500.0rpm1500.0Nm35.0deg.csv,3740756,3aeaaba8e1ad694027cb2a81818016f107068068c9b5ed81066935598dc672f9,data/polished_dataset/backward/35degree/500rpm/500.0rpm1500.0Nm35.0deg.csv,3705833,0229429a1ef170b3c695254272a1aacfe9d580c45031e0a8dede78feea1b71cf
speed_500rpm__torque_1600Nm__temperature_25degC,train,500.0,1600.0,25.0,data/polished_dataset/forward/25degree/500rpm/500.0rpm1600.0Nm25.0deg.csv,3678318,4da382c4f6b83cfd3451500325ecd06714500d5e90d029e103dc970bac7409df,data/polished_dataset/backward/25degree/500rpm/500.0rpm1600.0Nm25.0deg.csv,3635460,f875f4d5d4b2f6d45e35ffc114f299a0000836b0efeac791c457d77ddafaae42
speed_500rpm__torque_1600Nm__temperature_35degC,train,500.0,1600.0,35.0,data/polished_dataset/forward/35degree/500rpm/500.0rpm1600.0Nm35.0deg.csv,3747672,f3df9e38cb9ccf8d7f39d56b4c84153e86a6761b5650d946904ff612870dbe48,data/polished_dataset/backward/35degree/500rpm/500.0rpm1600.0Nm35.0deg.csv,3708295,bec719c179cb6ec220ada2aa9aa58047e7469be27c24cd98492896f6593f43a4
speed_500rpm__torque_1700Nm__temperature_30degC,train,500.0,1700.0,30.0,data/polished_dataset/forward/30degree/500rpm/500.0rpm1700.0Nm30.0deg.csv,3732488,1fc41da21bdb5e22c5874105862fbbc4d1a4717fa64a813df9c74569c9abad77,data/polished_dataset/backward/30degree/500rpm/500.0rpm1700.0Nm30.0deg.csv,3696282,1d5b1d047c67ef73c309b2f5e03b9727f176cfcffde32b72102bf16e979d9890
speed_500rpm__torque_1700Nm__temperature_35degC,train,500.0,1700.0,35.0,data/polished_dataset/forward/35degree/500rpm/500.0rpm1700.0Nm35.0deg.csv,3724398,b003ada7c9ee6472255a95e73974ef2d9a6cb637ab64c701cbcd75a4b2faf4af,data/polished_dataset/backward/35degree/500rpm/500.0rpm1700.0Nm35.0deg.csv,3666680,8c2da793717cfcd29094eea7c2f40a75bd5475a7642c9286fa47f1929a6c5a56
speed_500rpm__torque_1800Nm__temperature_30degC,train,500.0,1800.0,30.0,data/polished_dataset/forward/30degree/500rpm/500.0rpm1800.0Nm30.0deg.csv,3720007,9cb8cdce30dec83cb73444158fb640f5777aafcc1f0e390bc21a000f4c719383,data/polished_dataset/backward/30degree/500rpm/500.0rpm1800.0Nm30.0deg.csv,3696113,12412690e6f3dfd1faff71b0ab941b7a905a6e3ae32530faf1448db7fbd1c62e
speed_500rpm__torque_1800Nm__temperature_35degC,train,500.0,1800.0,35.0,data/polished_dataset/forward/35degree/500rpm/500.0rpm1800.0Nm35.0deg.csv,3741420,7c04f07b083015ab857eb996578b9730a5f783770e1205eb93cfb6cdc08e6029,data/polished_dataset/backward/35degree/500rpm/500.0rpm1800.0Nm35.0deg.csv,3701883,c6a9d5985360a9692553069aca39526a21de0ba25dac5ca6c9471613b183f146
speed_600rpm__torque_0Nm__temperature_25degC,train,600.0,0.0,25.0,data/polished_dataset/forward/25degree/600rpm/600.0rpm0.0Nm25.0deg.csv,3072204,2f146c90752d1b71cc1a741f3f3a1efbb14f3fd5fbdc1e05af5167984eaea748,data/polished_dataset/backward/25degree/600rpm/600.0rpm0.0Nm25.0deg.csv,3086338,a429150f8b039d17f6c6d7ce98f83df315bf30d7c035cd7ae893ed3cc45934c9
speed_600rpm__torque_0Nm__temperature_30degC,train,600.0,0.0,30.0,data/polished_dataset/forward/30degree/600rpm/600.0rpm0.0Nm30.0deg.csv,3071185,8726f823057554d9bb78ec7e494b0fad3ce7b1f30bcef1585557021946c8cf44,data/polished_dataset/backward/30degree/600rpm/600.0rpm0.0Nm30.0deg.csv,3078805,1a5bd3bcc329255f7715a8f6fcd23c537cf8ce904dd7da98ba3083581534b7e2
speed_600rpm__torque_100Nm__temperature_25degC,train,600.0,100.0,25.0,data/polished_dataset/forward/25degree/600rpm/600.0rpm100.0Nm25.0deg.csv,3057911,88c86d70b9a3439c6e60075e008b97ea39d7e0b1211a93eac39b2a25e62d2771,data/polished_dataset/backward/25degree/600rpm/600.0rpm100.0Nm25.0deg.csv,3059892,786d3586dc60a50fb9308621d4642fd9738af2c9ef7d454568b5d5ce106421fe
speed_600rpm__torque_200Nm__temperature_25degC,train,600.0,200.0,25.0,data/polished_dataset/forward/25degree/600rpm/600.0rpm200.0Nm25.0deg.csv,3042753,8102592d88e7eb2d41e8b48c5275b3a4181837e36ca9e4f232015f0791f3a4b5,data/polished_dataset/backward/25degree/600rpm/600.0rpm200.0Nm25.0deg.csv,3042317,d017d44cce0ad23c661a65cbfd0bab1da8ee06424cb19d71a80850312f78b945
speed_600rpm__torque_200Nm__temperature_30degC,train,600.0,200.0,30.0,data/polished_dataset/forward/30degree/600rpm/600.0rpm200.0Nm30.0deg.csv,3061833,4b7bf168cb1da141d4336e0beb99b8f6c74b166a8cf127435a19fa7995dd5776,data/polished_dataset/backward/30degree/600rpm/600.0rpm200.0Nm30.0deg.csv,3088193,d3abbb0b2cac0b733be8df6f186259bea75044708453d7f87a1101ce823759a4
speed_600rpm__torque_300Nm__temperature_25degC,train,600.0,300.0,25.0,data/polished_dataset/forward/25degree/600rpm/600.0rpm300.0Nm25.0deg.csv,3047739,8df49418cf3d96865d3541619f18afc96f9ec0f8340fc82abb0918e092d94d4c,data/polished_dataset/backward/25degree/600rpm/600.0rpm300.0Nm25.0deg.csv,3056698,1ddb68d10d4cf41797adf7c3f80bff6530dc61f4e96614c5bbec246c288b9149
speed_600rpm__torque_300Nm__temperature_30degC,train,600.0,300.0,30.0,data/polished_dataset/forward/30degree/600rpm/600.0rpm300.0Nm30.0deg.csv,3054796,5b6ec03958d4d22c63f41ac33ac0fc7317a69b60ae629b39440d04c81d0a1a88,data/polished_dataset/backward/30degree/600rpm/600.0rpm300.0Nm30.0deg.csv,3070850,9ad3354bdb59bf47300fa9b37f8c5a62d422e16aba72cc732c7e1a19cb924645
speed_600rpm__torque_300Nm__temperature_35degC,train,600.0,300.0,35.0,data/polished_dataset/forward/35degree/600rpm/600.0rpm300.0Nm35.0deg.csv,3109001,13410dfc3f61e681a2a7e83975803dd782788e80ce9f426a75a9664d554786dc,data/polished_dataset/backward/35degree/600rpm/600.0rpm300.0Nm35.0deg.csv,3102942,1cfb2888b1a248ea0bbea66cc3ea6530b0d5e6e32f65862fa9d03bc1a8a6cd62
speed_600rpm__torque_400Nm__temperature_25degC,train,600.0,400.0,25.0,data/polished_dataset/forward/25degree/600rpm/600.0rpm400.0Nm25.0deg.csv,3094096,653c67f5c17612d2dd936d876fe33f391b31ebdc343e27befb383a0991496c40,data/polished_dataset/backward/25degree/600rpm/600.0rpm400.0Nm25.0deg.csv,3058603,b1c4ab7e5f368ff62bfc39aee516ecc9263720b11fceda52ac49c0ed41b7f0c7
speed_600rpm__torque_500Nm__temperature_25degC,train,600.0,500.0,25.0,data/polished_dataset/forward/25degree/600rpm/600.0rpm500.0Nm25.0deg.csv,3060882,7a625e588b166bc3d91df5feaf3c9832fe8f5db735a574a3b591683e838abfbd,data/polished_dataset/backward/25degree/600rpm/600.0rpm500.0Nm25.0deg.csv,3060955,18474e681eecceb03ca1695fb765934de32ed75dd25492f4604a2b5f541380b4
speed_600rpm__torque_600Nm__temperature_25degC,train,600.0,600.0,25.0,data/polished_dataset/forward/25degree/600rpm/600.0rpm600.0Nm25.0deg.csv,3077596,b60743a463d9a1643d06e9b9658da470d66571325971ad28aea4ec972a090036,data/polished_dataset/backward/25degree/600rpm/600.0rpm600.0Nm25.0deg.csv,3097230,0f281b13084c5f868cc07f710f4a9433f073497df51a8f08c9fda5d8683bbeb9
speed_600rpm__torque_600Nm__temperature_30degC,train,600.0,600.0,30.0,data/polished_dataset/forward/30degree/600rpm/600.0rpm600.0Nm30.0deg.csv,3068110,b9050c0189925f14c9a0512873cf992972be25123b28e471480948f0b1569499,data/polished_dataset/backward/30degree/600rpm/600.0rpm600.0Nm30.0deg.csv,3094104,490621777102f69603b5a27a563c67eb60960af567e17001664c967d1f42e7a1
speed_600rpm__torque_600Nm__temperature_35degC,train,600.0,600.0,35.0,data/polished_dataset/forward/35degree/600rpm/600.0rpm600.0Nm35.0deg.csv,3136291,2cb3d227344817b3e618389bf4d11774dad75c1a05d856ebb59a08cac9b514fb,data/polished_dataset/backward/35degree/600rpm/600.0rpm600.0Nm35.0deg.csv,3102108,e55463ed934fcde59d8d9057b4a673ff9e84e7878b12fc183f681face138dcc5
speed_600rpm__torque_700Nm__temperature_25degC,train,600.0,700.0,25.0,data/polished_dataset/forward/25degree/600rpm/600.0rpm700.0Nm25.0deg.csv,3060491,e116474d6a14f2a6e4e0b998daa9cf374d037b391b988ff0fb5f69e5103cdf3e,data/polished_dataset/backward/25degree/600rpm/600.0rpm700.0Nm25.0deg.csv,3065817,b55d31a590300b1b0b1900f316b5e6743c9bf5a3199996859d8dfe53d061b556
speed_600rpm__torque_700Nm__temperature_30degC,train,600.0,700.0,30.0,data/polished_dataset/forward/30degree/600rpm/600.0rpm700.0Nm30.0deg.csv,3090895,c9f7c7ae58c0db18f9d87deda8340440cd1b6474b57713890f7d6d8ceca1c9fc,data/polished_dataset/backward/30degree/600rpm/600.0rpm700.0Nm30.0deg.csv,3070921,730a369b7409ce5a7b06349eb16c3e238e971fa49e182c24268825bb9a9b846f
speed_600rpm__torque_800Nm__temperature_25degC,train,600.0,800.0,25.0,data/polished_dataset/forward/25degree/600rpm/600.0rpm800.0Nm25.0deg.csv,3075675,34878f0aaf204eb702341e2281f43ebeaddf802f0b5fa8d83d7621fa6508258a,data/polished_dataset/backward/25degree/600rpm/600.0rpm800.0Nm25.0deg.csv,3052733,66efe74e28d83051125dd71cb9bd642ac0dca799bf3925378242e04278a3ee52
speed_600rpm__torque_800Nm__temperature_30degC,train,600.0,800.0,30.0,data/polished_dataset/forward/30degree/600rpm/600.0rpm800.0Nm30.0deg.csv,3058765,22c10ed166845b1ae4cf0990ccb91779c524158c946d1c78092ea370f1cad6f3,data/polished_dataset/backward/30degree/600rpm/600.0rpm800.0Nm30.0deg.csv,3048507,7a0921b7f8ec897f2b44f15fd722a3d3412a6c28e025f43a2598b36c3087d852
speed_600rpm__torque_900Nm__temperature_25degC,train,600.0,900.0,25.0,data/polished_dataset/forward/25degree/600rpm/600.0rpm900.0Nm25.0deg.csv,3058167,904cf196b88cc29def15b9e743071d104bb0de956e07696beb8ffcb4cb88a39f,data/polished_dataset/backward/25degree/600rpm/600.0rpm900.0Nm25.0deg.csv,3036286,6003ee3738d16aef196d9bf7244e303d0d5090ef7b3124a8012586150586ebe4
speed_600rpm__torque_900Nm__temperature_30degC,train,600.0,900.0,30.0,data/polished_dataset/forward/30degree/600rpm/600.0rpm900.0Nm30.0deg.csv,3055411,8810d348dedf324865ef6c0269ebffae8285412ff266e6001c5f0422ca445d20,data/polished_dataset/backward/30degree/600rpm/600.0rpm900.0Nm30.0deg.csv,3036890,5da71f5311b9c012da01b46ecd6e35c902f9ac092e58fe06522c0c533b9ec18f
speed_600rpm__torque_900Nm__temperature_35degC,train,600.0,900.0,35.0,data/polished_dataset/forward/35degree/600rpm/600.0rpm900.0Nm35.0deg.csv,3132052,00637dcd23d202e99543f836f76cad34ad1b5fd92309edaaef9abfc59e7108a4,data/polished_dataset/backward/35degree/600rpm/600.0rpm900.0Nm35.0deg.csv,3095443,da42a38921bd45ab82c3d28582a0209c17e3d8afee591b06cfd7a4e15f1a1e85
speed_600rpm__torque_1000Nm__temperature_25degC,train,600.0,1000.0,25.0,data/polished_dataset/forward/25degree/600rpm/600.0rpm1000.0Nm25.0deg.csv,3024806,2fd8e4269163f1c5ad056faa1699e951646d8dd982d8bd095adda8d0c2aeb009,data/polished_dataset/backward/25degree/600rpm/600.0rpm1000.0Nm25.0deg.csv,3003497,1f89e6d6166e2f7150c1c83abe7f7a949fca43f2641aa8eeb5de4e193ea19fb3
speed_600rpm__torque_1000Nm__temperature_35degC,train,600.0,1000.0,35.0,data/polished_dataset/forward/35degree/600rpm/600.0rpm1000.0Nm35.0deg.csv,3090556,a08ad422f5f6275ee41b8bf5a06955cfb2737a1e05abb3c4b5a20e5dbbffeba6,data/polished_dataset/backward/35degree/600rpm/600.0rpm1000.0Nm35.0deg.csv,3054076,0852626adc59062deb51f1e2ee17731d9687d7bc0845e7fadc06d0a1d14e6cc2
speed_600rpm__torque_1100Nm__temperature_30degC,train,600.0,1100.0,30.0,data/polished_dataset/forward/30degree/600rpm/600.0rpm1100.0Nm30.0deg.csv,3059106,a0123dba9d3db0bc77d2fa6b5690001a63b9225f4824343b3ecb88176c49b28c,data/polished_dataset/backward/30degree/600rpm/600.0rpm1100.0Nm30.0deg.csv,3037800,006a0d2ea8efab70320e6024793318d63f1bdfd30ef857e5cb8f288f0098fa78
speed_600rpm__torque_1200Nm__temperature_25degC,train,600.0,1200.0,25.0,data/polished_dataset/forward/25degree/600rpm/600.0rpm1200.0Nm25.0deg.csv,3076141,962b5e2807cc587f5b4f0be563fd0e9a061302860b29271dee6363216130cb7f,data/polished_dataset/backward/25degree/600rpm/600.0rpm1200.0Nm25.0deg.csv,3016796,4e1d98a537e67a2b2d5ce471ededd392c8a0e17ee02a8eba255f61f5e35a8afb
speed_600rpm__torque_1200Nm__temperature_30degC,train,600.0,1200.0,30.0,data/polished_dataset/forward/30degree/600rpm/600.0rpm1200.0Nm30.0deg.csv,3069887,b913d2fd88c9569122046c68d4ccbabb18404444fc9872cd93a4f165da76fc30,data/polished_dataset/backward/30degree/600rpm/600.0rpm1200.0Nm30.0deg.csv,3029745,d3be6c667ff8d35999463761bc3a47908119f23d643d169b22a77896089204c4
speed_600rpm__torque_1200Nm__temperature_35degC,train,600.0,1200.0,35.0,data/polished_dataset/forward/35degree/600rpm/600.0rpm1200.0Nm35.0deg.csv,3106870,b5be4e34be1b820576bd940b5c28a8c6ea202c1739d02c322cec01f38e424eb4,data/polished_dataset/backward/35degree/600rpm/600.0rpm1200.0Nm35.0deg.csv,3062589,8047808316da9356b99ea3fa017dff7ba8f04e888f5fdba8bd77e481cea67133
speed_600rpm__torque_1300Nm__temperature_25degC,train,600.0,1300.0,25.0,data/polished_dataset/forward/25degree/600rpm/600.0rpm1300.0Nm25.0deg.csv,3048901,6dbca90d34e2c6d9995284fc98efb58ed76bc1d151466d2145cc7fd911f37941,data/polished_dataset/backward/25degree/600rpm/600.0rpm1300.0Nm25.0deg.csv,2999239,ffbec435c1121afaa8f75dcfdbaf3844d8a88085d0f2febc369cc2959e933842
speed_600rpm__torque_1400Nm__temperature_30degC,train,600.0,1400.0,30.0,data/polished_dataset/forward/30degree/600rpm/600.0rpm1400.0Nm30.0deg.csv,3082324,cc6409cba883b5ec374ca021a5553a3336e83f5edeb7a93bad6d7af1326a346a,data/polished_dataset/backward/30degree/600rpm/600.0rpm1400.0Nm30.0deg.csv,3100423,91ea6640b7fe334f12757d45c8268b5101adbfdd1a52958e305122d04ec64db4
speed_600rpm__torque_1500Nm__temperature_30degC,train,600.0,1500.0,30.0,data/polished_dataset/forward/30degree/600rpm/600.0rpm1500.0Nm30.0deg.csv,3133380,8386abd5f902c979ebd397fc20b9356a6daf38148ddc86e711baa306632a8a11,data/polished_dataset/backward/30degree/600rpm/600.0rpm1500.0Nm30.0deg.csv,3091334,0ee244ccd9a91796dec0b6b3ad88a5231aee3d8f375c2077c0600fa6eb3cc67f
speed_600rpm__torque_1500Nm__temperature_35degC,train,600.0,1500.0,35.0,data/polished_dataset/forward/35degree/600rpm/600.0rpm1500.0Nm35.0deg.csv,3121939,58cdf5bfee46b6bd52d3e382330d3b96952596b1b97998f5f39a805074746b17,data/polished_dataset/backward/35degree/600rpm/600.0rpm1500.0Nm35.0deg.csv,3078665,9219c708835ce11c2a578894d03f9b394b8e1564adc9954d152a20e377832a76
speed_600rpm__torque_1600Nm__temperature_25degC,train,600.0,1600.0,25.0,data/polished_dataset/forward/25degree/600rpm/600.0rpm1600.0Nm25.0deg.csv,3059236,9de835fa77866c4c8b2d3a48719e3c167d61a108af72994026c43bc8e09331b9,data/polished_dataset/backward/25degree/600rpm/600.0rpm1600.0Nm25.0deg.csv,3015027,a0546c68c77a42bdf38333f30663ed7164dd9334a278c311aef177496c0f9a81
speed_600rpm__torque_1600Nm__temperature_35degC,train,600.0,1600.0,35.0,data/polished_dataset/forward/35degree/600rpm/600.0rpm1600.0Nm35.0deg.csv,3114616,5cd3ebeff8a2317e5ef614d1506742434f4c1e5f3e420ce22356f818dfe389ed,data/polished_dataset/backward/35degree/600rpm/600.0rpm1600.0Nm35.0deg.csv,3089247,93923372f16f3fc4f3851f8793a8935b4b85532f1a9c580b27799f7d48b86c3d
speed_600rpm__torque_1700Nm__temperature_30degC,train,600.0,1700.0,30.0,data/polished_dataset/forward/30degree/600rpm/600.0rpm1700.0Nm30.0deg.csv,3107755,f62f8bc70d45063d343d1527bb9017a59dfd59d5e85056ef2f411bebdb35ad0d,data/polished_dataset/backward/30degree/600rpm/600.0rpm1700.0Nm30.0deg.csv,3076738,29560e1bbef9a9a984fbc1826c56ef6d2b58fc16b498f9ef006009c8ed990955
speed_600rpm__torque_1700Nm__temperature_35degC,train,600.0,1700.0,35.0,data/polished_dataset/forward/35degree/600rpm/600.0rpm1700.0Nm35.0deg.csv,3113815,ec7ad5446163dfb2cc9293b8fea5bcc8676a9df3effcc4ca78970890d03134e5,data/polished_dataset/backward/35degree/600rpm/600.0rpm1700.0Nm35.0deg.csv,3071896,07a2d67dabbfb3f80cb27b6c0caf51d18f17f4f83c21cdcaf7073396b6482357
speed_600rpm__torque_1800Nm__temperature_25degC,train,600.0,1800.0,25.0,data/polished_dataset/forward/25degree/600rpm/600.0rpm1800.0Nm25.0deg.csv,3043717,578601257cca8fe7f1c2bcaf8bfe95f638b83549d65d8ec3031793c7c665fb7f,data/polished_dataset/backward/25degree/600rpm/600.0rpm1800.0Nm25.0deg.csv,3004773,e541217f93fcf16d71c8ed913131ff32fea1e5713f92f30fb86b0a2a49815ee6
speed_600rpm__torque_1800Nm__temperature_30degC,train,600.0,1800.0,30.0,data/polished_dataset/forward/30degree/600rpm/600.0rpm1800.0Nm30.0deg.csv,3103538,57e6441075b37372c683b59f586c050ddc4f44252bc2e3238b2425e4f8fe1e69,data/polished_dataset/backward/30degree/600rpm/600.0rpm1800.0Nm30.0deg.csv,3080083,77db1c985089469729a3c5c34abb6f9e3ba1536aa09b04a201f98800fb8be151
speed_600rpm__torque_1800Nm__temperature_35degC,train,600.0,1800.0,35.0,data/polished_dataset/forward/35degree/600rpm/600.0rpm1800.0Nm35.0deg.csv,3099628,944a639a5460a1b2adcbe1c4e629d8602f4bb58c2b8a22782f4a1e943d0c9cce,data/polished_dataset/backward/35degree/600rpm/600.0rpm1800.0Nm35.0deg.csv,3076144,54c51aa8ef5bedb943c540cf932d24fbfe3ecd53505614a3a53d3b5157f073f7
speed_700rpm__torque_0Nm__temperature_25degC,train,700.0,0.0,25.0,data/polished_dataset/forward/25degree/700rpm/700.0rpm0.0Nm25.0deg.csv,2618614,898f2649a74f3cc00bf75e3a999cbfccdd65545bd77d8e9b055f743e2ded3f28,data/polished_dataset/backward/25degree/700rpm/700.0rpm0.0Nm25.0deg.csv,2643212,7289ad268e70c0774b0825da425e8c60c30f13876bb3571a2af061afc1ae1faf
speed_700rpm__torque_0Nm__temperature_30degC,train,700.0,0.0,30.0,data/polished_dataset/forward/30degree/700rpm/700.0rpm0.0Nm30.0deg.csv,2629060,0242eb3f55e2d55d6f306e8cc6bfa22da183ceb8127ca1cc48a5b882c20ff572,data/polished_dataset/backward/30degree/700rpm/700.0rpm0.0Nm30.0deg.csv,2675417,f31f139b111c6ad7d7dbeb85d117727ea5b1b8cc535c74c47ea303be57f6106b
speed_700rpm__torque_0Nm__temperature_35degC,train,700.0,0.0,35.0,data/polished_dataset/forward/35degree/700rpm/700.0rpm0.0Nm35.0deg.csv,2684403,8c5026c07a35aac40911d54d1b25c558d38d962fa7eb941909a95ec8da31dc3c,data/polished_dataset/backward/35degree/700rpm/700.0rpm0.0Nm35.0deg.csv,2689357,fbfe42e67f5f65600374b84da99cd20ef0d8e2789b26453639f754868cd6f41c
speed_700rpm__torque_100Nm__temperature_25degC,train,700.0,100.0,25.0,data/polished_dataset/forward/25degree/700rpm/700.0rpm100.0Nm25.0deg.csv,2613329,205a4893607a2092aa3f5cbd80d2a421970c2f7351c41271db2f46dae0b68995,data/polished_dataset/backward/25degree/700rpm/700.0rpm100.0Nm25.0deg.csv,2615660,bd40e32ba276c83d4fdeea7b5f8a5d1af3b68fdc5bc7e8fcaf2bc9cca5fed9be
speed_700rpm__torque_100Nm__temperature_30degC,train,700.0,100.0,30.0,data/polished_dataset/forward/30degree/700rpm/700.0rpm100.0Nm30.0deg.csv,2599209,0ddef130087cb72efde335e4ede7c84425a8dce11da617de67581daa0d7d7be3,data/polished_dataset/backward/30degree/700rpm/700.0rpm100.0Nm30.0deg.csv,2609865,c9cc45ccca018a028dcab55f5b1bc346f700be3af5f92f3b2f98d045d7a7e5f9
speed_700rpm__torque_100Nm__temperature_35degC,train,700.0,100.0,35.0,data/polished_dataset/forward/35degree/700rpm/700.0rpm100.0Nm35.0deg.csv,2652137,a855b905383e09f1f5fa6fae77ee1f052e07735b72ea1771ddd16a8d6938f15d,data/polished_dataset/backward/35degree/700rpm/700.0rpm100.0Nm35.0deg.csv,2654896,70ccd5ed3f7d4fa602d74b779094b466c9e4b7c354fce94666b994de737ed102
speed_700rpm__torque_200Nm__temperature_25degC,train,700.0,200.0,25.0,data/polished_dataset/forward/25degree/700rpm/700.0rpm200.0Nm25.0deg.csv,2599040,c1c5985bc3d8842ea0fbb3f4e1ab4fc35b1f567e8076f32e94ef5b720ccb83bc,data/polished_dataset/backward/25degree/700rpm/700.0rpm200.0Nm25.0deg.csv,2608644,82c66bdc84716e9fdb4fd53a4d45e20117434e65f5398af355f776dc0f4da48a
speed_700rpm__torque_200Nm__temperature_35degC,train,700.0,200.0,35.0,data/polished_dataset/forward/35degree/700rpm/700.0rpm200.0Nm35.0deg.csv,2665242,c2359111f45574f261a32c95a725ccc5d38dfad1010cbc5a1cbce251047387cd,data/polished_dataset/backward/35degree/700rpm/700.0rpm200.0Nm35.0deg.csv,2671945,8b40354eaa586e619892b4da927902b4582edd71471d16600e2d40bf5e3f4ded
speed_700rpm__torque_300Nm__temperature_25degC,train,700.0,300.0,25.0,data/polished_dataset/forward/25degree/700rpm/700.0rpm300.0Nm25.0deg.csv,2623529,774226cfeacc9530b406a5550a2acd2d1253423dc2c25cb3401790d31e674f81,data/polished_dataset/backward/25degree/700rpm/700.0rpm300.0Nm25.0deg.csv,2648784,6c1d8ff67a55c0d66e45afbb2cdd6bfa2d20fcd9a165d7caec46cb2ab4a2bfc0
speed_700rpm__torque_300Nm__temperature_30degC,train,700.0,300.0,30.0,data/polished_dataset/forward/30degree/700rpm/700.0rpm300.0Nm30.0deg.csv,2625065,a343ccf73d779f785f955e6fc1c4930db7d87ddf4a15aac586bad0db43dfbabb,data/polished_dataset/backward/30degree/700rpm/700.0rpm300.0Nm30.0deg.csv,2605416,fcca32470cb34cf857400a5ac788f455fc3ce5cceaf2cf862aaab1b76a82fa87
speed_700rpm__torque_300Nm__temperature_35degC,train,700.0,300.0,35.0,data/polished_dataset/forward/35degree/700rpm/700.0rpm300.0Nm35.0deg.csv,2693140,7fe35e9c006c5eac8cbb4799ee143d0038864958554969b1262c6c4ed9587790,data/polished_dataset/backward/35degree/700rpm/700.0rpm300.0Nm35.0deg.csv,2693118,cbb1cf3c96e4151a235d752de2dfbc1b325010149ec1e441b12d503a12f61039
speed_700rpm__torque_400Nm__temperature_35degC,train,700.0,400.0,35.0,data/polished_dataset/forward/35degree/700rpm/700.0rpm400.0Nm35.0deg.csv,2687375,658d245f8354eb647f5353e96765e4404938db42bd6d50f296b70868803d3a5a,data/polished_dataset/backward/35degree/700rpm/700.0rpm400.0Nm35.0deg.csv,2687280,b5321259fc549a4b4bf35b9d1f28ff8add17d2244300b1b3ba591afcb934f8cd
speed_700rpm__torque_500Nm__temperature_25degC,train,700.0,500.0,25.0,data/polished_dataset/forward/25degree/700rpm/700.0rpm500.0Nm25.0deg.csv,2627092,36ac98f192bb5c7c0ac30c0912891b6afb1be457b610abd09ce39776a038e224,data/polished_dataset/backward/25degree/700rpm/700.0rpm500.0Nm25.0deg.csv,2610784,855b411d83139daded1c318caa416cef4daa1aac8d113f5bb1df02d915e2b6c8
speed_700rpm__torque_500Nm__temperature_35degC,train,700.0,500.0,35.0,data/polished_dataset/forward/35degree/700rpm/700.0rpm500.0Nm35.0deg.csv,2683898,63fab6136da3745e5dd5f66bb262c71dd2ce688788e8ba688ac8f0bb01cedafb,data/polished_dataset/backward/35degree/700rpm/700.0rpm500.0Nm35.0deg.csv,2681590,0fcab81b04ff663ef608b63c7c8988bc0aa013c2609a5ab988a70d69bced9801
speed_700rpm__torque_600Nm__temperature_35degC,train,700.0,600.0,35.0,data/polished_dataset/forward/35degree/700rpm/700.0rpm600.0Nm35.0deg.csv,2694196,77bfdc1894e706b716a47e54150bed0bff8da5d221208f906f9bb14772f83e9d,data/polished_dataset/backward/35degree/700rpm/700.0rpm600.0Nm35.0deg.csv,2670180,61b9abefc10a4404c5e0b2b24027848f089abd812cf33a33334d1d31c977476a
speed_700rpm__torque_700Nm__temperature_25degC,train,700.0,700.0,25.0,data/polished_dataset/forward/25degree/700rpm/700.0rpm700.0Nm25.0deg.csv,2612631,929c87ebdd963b163ee4b30b3100ad8491f2594eaebffefa8227e015b19f2b9c,data/polished_dataset/backward/25degree/700rpm/700.0rpm700.0Nm25.0deg.csv,2624808,d157f7e8755496062af0e0d7609ec91e8231205d1fb60fdacb74d5258f8fb280
speed_700rpm__torque_700Nm__temperature_30degC,train,700.0,700.0,30.0,data/polished_dataset/forward/30degree/700rpm/700.0rpm700.0Nm30.0deg.csv,2656302,e26c75aea533950dbafda9223832fe80891d0ae24234fa56af5c2deeffc25fc0,data/polished_dataset/backward/30degree/700rpm/700.0rpm700.0Nm30.0deg.csv,2649784,21a6e8b2fc48329df175b1eb8cbd0bca03346af82a455385024e49b87f1a2e22
speed_700rpm__torque_800Nm__temperature_25degC,train,700.0,800.0,25.0,data/polished_dataset/forward/25degree/700rpm/700.0rpm800.0Nm25.0deg.csv,2633505,d8dd1f8a3c24959b3d92e0268b2a23327da62ca5984448d230ffc6fe23ca6925,data/polished_dataset/backward/25degree/700rpm/700.0rpm800.0Nm25.0deg.csv,2618757,ca9e451a91e58ac688d7c8f94b6874cf56d31b9a0243264f0f1553f30220edf8
speed_700rpm__torque_800Nm__temperature_30degC,train,700.0,800.0,30.0,data/polished_dataset/forward/30degree/700rpm/700.0rpm800.0Nm30.0deg.csv,2631365,15c0cec20e5eb0f677f153ac0b6c0a8452904cf177a6c4fe88fb1326573f83a0,data/polished_dataset/backward/30degree/700rpm/700.0rpm800.0Nm30.0deg.csv,2604347,a805e723262618b43b1f5d6ce63e323a62ff2af883e7ed3a97c08abfb65e267c
speed_700rpm__torque_800Nm__temperature_35degC,train,700.0,800.0,35.0,data/polished_dataset/forward/35degree/700rpm/700.0rpm800.0Nm35.0deg.csv,2681319,f5585dcba78934ff8511ad24a882bbf3b36ba53e8318b626b5245ed1fe657824,data/polished_dataset/backward/35degree/700rpm/700.0rpm800.0Nm35.0deg.csv,2669480,89438306ebff31c1cbd249f4ba79250eb39fa3f1dd39cc74a935a301e66109e4
speed_700rpm__torque_900Nm__temperature_30degC,train,700.0,900.0,30.0,data/polished_dataset/forward/30degree/700rpm/700.0rpm900.0Nm30.0deg.csv,2657066,48046b2d6a48466c050cc6d21a027486513dc2aef6e7be5c355ef89e280549f9,data/polished_dataset/backward/30degree/700rpm/700.0rpm900.0Nm30.0deg.csv,2633808,8207eb882167e11eb2e55ee4fd7918288543d16ef9c59f92dd3d5da0d79f9989
speed_700rpm__torque_900Nm__temperature_35degC,train,700.0,900.0,35.0,data/polished_dataset/forward/35degree/700rpm/700.0rpm900.0Nm35.0deg.csv,2669039,47073e706b1e6b26092969fffbabfb603509f0bc6407d757156274392639be99,data/polished_dataset/backward/35degree/700rpm/700.0rpm900.0Nm35.0deg.csv,2660724,eb8a4c98e3708f3f3e7a4ed9ea3200f037826ef932a315bc5f4343ac73037887
speed_700rpm__torque_1000Nm__temperature_30degC,train,700.0,1000.0,30.0,data/polished_dataset/forward/30degree/700rpm/700.0rpm1000.0Nm30.0deg.csv,2679337,9e2dc949cd606374f34845d45a9f5121de93615129ea34485ec00ba13c2fb39a,data/polished_dataset/backward/30degree/700rpm/700.0rpm1000.0Nm30.0deg.csv,2640534,685a7a66b0b9965b5246d07bda07823d80e2848ce17e20d525aad72355fae93d
speed_700rpm__torque_1100Nm__temperature_25degC,train,700.0,1100.0,25.0,data/polished_dataset/forward/25degree/700rpm/700.0rpm1100.0Nm25.0deg.csv,2604285,505ad07254107a8806d143c8a11b8f2fad0f01c9e886f6e816deac96eae49426,data/polished_dataset/backward/25degree/700rpm/700.0rpm1100.0Nm25.0deg.csv,2611123,78bc55f09907ffd0ec350301f8cba99542f36376ad2cbaca32de7ab0fef1e292
speed_700rpm__torque_1100Nm__temperature_30degC,train,700.0,1100.0,30.0,data/polished_dataset/forward/30degree/700rpm/700.0rpm1100.0Nm30.0deg.csv,2673757,46c6c4577ff7fbc9a330e11f009a056b2fa4599b9083e71d25b554058d55d833,data/polished_dataset/backward/30degree/700rpm/700.0rpm1100.0Nm30.0deg.csv,2636217,281ecb6249f574a27d4c5fe5dd105807fe3ab3cde9cd4ebf2b73a4393f654430
speed_700rpm__torque_1100Nm__temperature_35degC,train,700.0,1100.0,35.0,data/polished_dataset/forward/35degree/700rpm/700.0rpm1100.0Nm35.0deg.csv,2678628,6fad974638e23583e44b2bb6a87f673000c537c128eb069cc162655089499fa7,data/polished_dataset/backward/35degree/700rpm/700.0rpm1100.0Nm35.0deg.csv,2648410,1c3c758c0e862dcbbada5b2a1acc180ebcf2eef9a995d735a49da2e48353dfad
speed_700rpm__torque_1200Nm__temperature_25degC,train,700.0,1200.0,25.0,data/polished_dataset/forward/25degree/700rpm/700.0rpm1200.0Nm25.0deg.csv,2614343,2d4419bcdeae1ff70abe175b06d74454664613412efc2c91c6152ab1dc1ce767,data/polished_dataset/backward/25degree/700rpm/700.0rpm1200.0Nm25.0deg.csv,2585794,2dbe5fceb8a08df694da54b7a5be4662fe0fd09d924ee198ec7cee2dd5e92cb5
speed_700rpm__torque_1200Nm__temperature_30degC,train,700.0,1200.0,30.0,data/polished_dataset/forward/30degree/700rpm/700.0rpm1200.0Nm30.0deg.csv,2652766,b665b23bcf1e3d6b286bdcfeb43bdfa7e7d528bd7898d9f9960abd9b2c70d7e8,data/polished_dataset/backward/30degree/700rpm/700.0rpm1200.0Nm30.0deg.csv,2637980,48ec0037189035a4a7e9bf2a30c5ef489cbe1aa3a5db56fdc298dbbd581d36da
speed_700rpm__torque_1300Nm__temperature_25degC,train,700.0,1300.0,25.0,data/polished_dataset/forward/25degree/700rpm/700.0rpm1300.0Nm25.0deg.csv,2606477,9f0f495b7802adea01fcc59fd250f0fe43d23e64f377c9a0e5bbe602d61be35b,data/polished_dataset/backward/25degree/700rpm/700.0rpm1300.0Nm25.0deg.csv,2583334,7040470078ee8274c9873f8eb1bfd434c84ad53dae8f2ad94a603f500292f074
speed_700rpm__torque_1300Nm__temperature_30degC,train,700.0,1300.0,30.0,data/polished_dataset/forward/30degree/700rpm/700.0rpm1300.0Nm30.0deg.csv,2652399,622aad1b0dd72b98ff4f901b014a473c00658cdf6ef664146427baff60d25199,data/polished_dataset/backward/30degree/700rpm/700.0rpm1300.0Nm30.0deg.csv,2638285,362f5cdbfc9a8df28f79a68890bbb9763d985262883605eb0ca15486de16332b
speed_700rpm__torque_1300Nm__temperature_35degC,train,700.0,1300.0,35.0,data/polished_dataset/forward/35degree/700rpm/700.0rpm1300.0Nm35.0deg.csv,2654849,4461024057ac199969a2e74b0f5798fea3eda4727ef566d2f38912d5f1c0ea5e,data/polished_dataset/backward/35degree/700rpm/700.0rpm1300.0Nm35.0deg.csv,2627116,6d37f4159b4dd58645177f2f62b0e87081ca0ec9a4c40916dab8d365eb72bd27
speed_700rpm__torque_1400Nm__temperature_35degC,train,700.0,1400.0,35.0,data/polished_dataset/forward/35degree/700rpm/700.0rpm1400.0Nm35.0deg.csv,2661091,702515b62c614708d8105bbbabbc464c57d3c5c91cf104001db2a4d584541d3e,data/polished_dataset/backward/35degree/700rpm/700.0rpm1400.0Nm35.0deg.csv,2620531,17955e545a786970123c9ae77ebad2a47aadc337f38b9d1404e5fd678716f42f
speed_700rpm__torque_1500Nm__temperature_25degC,train,700.0,1500.0,25.0,data/polished_dataset/forward/25degree/700rpm/700.0rpm1500.0Nm25.0deg.csv,2602567,9e7ad89d8e964b85fe6daa426ad40b5c02bc2286aa1fb66cc23f827f4a0287bd,data/polished_dataset/backward/25degree/700rpm/700.0rpm1500.0Nm25.0deg.csv,2574134,3c8c773f4523ce119afccf443f642f2e287dadb78a1a5d53a8fbcc9a100f324b
speed_700rpm__torque_1500Nm__temperature_30degC,train,700.0,1500.0,30.0,data/polished_dataset/forward/30degree/700rpm/700.0rpm1500.0Nm30.0deg.csv,2626268,84bc5aca229b3e423a05c29f789ee4673f4298b762a96132099c95595f7bd75d,data/polished_dataset/backward/30degree/700rpm/700.0rpm1500.0Nm30.0deg.csv,2596343,89b19cb73812ffcb2d39d34acb3145e72b3ffe426f1f72f12e91ef4d8596783b
speed_700rpm__torque_1500Nm__temperature_35degC,train,700.0,1500.0,35.0,data/polished_dataset/forward/35degree/700rpm/700.0rpm1500.0Nm35.0deg.csv,2680467,0c96f2c4ffb46b5b8555488b96551332d2e358c2b748596c85c3d43e44c7c6db,data/polished_dataset/backward/35degree/700rpm/700.0rpm1500.0Nm35.0deg.csv,2644461,57efb2d63c8034eaa6fa7e8cc4016747144fc79859ca616715902ba43a5887ec
speed_700rpm__torque_1600Nm__temperature_25degC,train,700.0,1600.0,25.0,data/polished_dataset/forward/25degree/700rpm/700.0rpm1600.0Nm25.0deg.csv,2608295,8f7145c3cffdf7b612fe8921017e6dcdb7b19e738b977f130b61a8a75df16d2f,data/polished_dataset/backward/25degree/700rpm/700.0rpm1600.0Nm25.0deg.csv,2566017,32ff66cb5855445e3e6ec94a73457f833b0f042324b0c3e0f3b800b82f0ea30e
speed_700rpm__torque_1700Nm__temperature_30degC,train,700.0,1700.0,30.0,data/polished_dataset/forward/30degree/700rpm/700.0rpm1700.0Nm30.0deg.csv,2680852,c9f9a65acd61321290e5b75f0b9da89464a606d9d00bb83db79b5b42e50cc43e,data/polished_dataset/backward/30degree/700rpm/700.0rpm1700.0Nm30.0deg.csv,2641138,be5ef3e2b3ded3d5943e60ae98f7c06269d7c0901737cdf08544bef85a247743
speed_700rpm__torque_1700Nm__temperature_35degC,train,700.0,1700.0,35.0,data/polished_dataset/forward/35degree/700rpm/700.0rpm1700.0Nm35.0deg.csv,2653371,120bbc1066794ec7cee01aa413112179ef12272a88f183524486ab5c44afbb8b,data/polished_dataset/backward/35degree/700rpm/700.0rpm1700.0Nm35.0deg.csv,2633143,27f7695e22ca3496b15a27dea9962b531db87a5256a59f58b552540790f1d85e
speed_800rpm__torque_0Nm__temperature_25degC,train,800.0,0.0,25.0,data/polished_dataset/forward/25degree/800rpm/800.0rpm0.0Nm25.0deg.csv,2296708,6882e0db836bc356d50f98b0b125174ec341022adbcf2add77af94169932fa68,data/polished_dataset/backward/25degree/800rpm/800.0rpm0.0Nm25.0deg.csv,2318305,cb5085b56b6cbe51ec62c1c1375a2ce9b543b042959d8cabcdc908d57677f0af
speed_800rpm__torque_0Nm__temperature_30degC,train,800.0,0.0,30.0,data/polished_dataset/forward/30degree/800rpm/800.0rpm0.0Nm30.0deg.csv,2286869,d8f44f79cd3d76dff4bf3be37881a75835e717c0785890349b7081c7380b0283,data/polished_dataset/backward/30degree/800rpm/800.0rpm0.0Nm30.0deg.csv,2310970,0b97cc8cc3dc5d0f884ea53ae4dd8303a5cd30a7f8adc6204d7e11e847cc4d51
speed_800rpm__torque_100Nm__temperature_25degC,train,800.0,100.0,25.0,data/polished_dataset/forward/25degree/800rpm/800.0rpm100.0Nm25.0deg.csv,2295274,a1c92a0af9f250b0b287db84952551e375c8ff648a1db0cb36ac4f1277cb8c11,data/polished_dataset/backward/25degree/800rpm/800.0rpm100.0Nm25.0deg.csv,2290174,c39d36068b2fb974c648e3128c6a43b6d1b2232635941c8841e2176f68168a46
speed_800rpm__torque_100Nm__temperature_30degC,train,800.0,100.0,30.0,data/polished_dataset/forward/30degree/800rpm/800.0rpm100.0Nm30.0deg.csv,2281666,82d13ec9819a4080c32878288297c319161ceaed1adc0834ec76b3cadf12eebd,data/polished_dataset/backward/30degree/800rpm/800.0rpm100.0Nm30.0deg.csv,2275757,f2de3fce844f0576bc74a24714fe026680ecd00dfaa3459f1f5bf524d79dc808
speed_800rpm__torque_200Nm__temperature_25degC,train,800.0,200.0,25.0,data/polished_dataset/forward/25degree/800rpm/800.0rpm200.0Nm25.0deg.csv,2293225,58057a1d1cb7eed4f66a55345059d80f42d4ce82926c983e3debce2d36736a82,data/polished_dataset/backward/25degree/800rpm/800.0rpm200.0Nm25.0deg.csv,2279099,4eca53cd81fa98c126e661a565e3ef5dfefe7a257e364da238553598987e8a49
speed_800rpm__torque_200Nm__temperature_35degC,train,800.0,200.0,35.0,data/polished_dataset/forward/35degree/800rpm/800.0rpm200.0Nm35.0deg.csv,2341370,7e74fb37cf349e2812966aca394fab15378d7ee942ab08a8f0f684170ecd55cf,data/polished_dataset/backward/35degree/800rpm/800.0rpm200.0Nm35.0deg.csv,2339336,dad3a74b18c743dcb70ec8ef1e7784ac6b9e915cfbadf0958664e05ccba1efa6
speed_800rpm__torque_300Nm__temperature_25degC,train,800.0,300.0,25.0,data/polished_dataset/forward/25degree/800rpm/800.0rpm300.0Nm25.0deg.csv,2287559,4923dea5173f22ca8c509f8a4e48780327fdc69cc885061f0a73101bc8b44144,data/polished_dataset/backward/25degree/800rpm/800.0rpm300.0Nm25.0deg.csv,2316801,c153087d558c0bc2f14853ff8b4c047d83fde80504af656c144ba502df6e7f17
speed_800rpm__torque_300Nm__temperature_30degC,train,800.0,300.0,30.0,data/polished_dataset/forward/30degree/800rpm/800.0rpm300.0Nm30.0deg.csv,2288050,f69341aab3f4c82e538927c43869462b4852859bbdbe2213e5506f416008d3b0,data/polished_dataset/backward/30degree/800rpm/800.0rpm300.0Nm30.0deg.csv,2306931,966cfb7d1f1c949fe18570ab18d39f07af6020f7e5b30c69c509dd7d72ea9c6d
speed_800rpm__torque_300Nm__temperature_35degC,train,800.0,300.0,35.0,data/polished_dataset/forward/35degree/800rpm/800.0rpm300.0Nm35.0deg.csv,2344867,e985e2af40738e0b0d0b7a77fb059dd0dafba5f427c9e2b11acde8be505dac3f,data/polished_dataset/backward/35degree/800rpm/800.0rpm300.0Nm35.0deg.csv,2342881,770aa74ed1f7f3911147ca159bdf6a1ba9c4db689bf7d8aaca591c0add2c896e
speed_800rpm__torque_400Nm__temperature_30degC,train,800.0,400.0,30.0,data/polished_dataset/forward/30degree/800rpm/800.0rpm400.0Nm30.0deg.csv,2316147,1a219ca3cd94e4439cd7a583b42fc2d6217090b6df129d9598bc3254bda45f4a,data/polished_dataset/backward/30degree/800rpm/800.0rpm400.0Nm30.0deg.csv,2301432,98b0995a5e65ec3f5b13184cc86fc53bbe02c2bb3b4f25ad0edcde8c226c718e
speed_800rpm__torque_400Nm__temperature_35degC,train,800.0,400.0,35.0,data/polished_dataset/forward/35degree/800rpm/800.0rpm400.0Nm35.0deg.csv,2330944,9251f697c4122871ac631da54c399e2ad548110d67a0352d02c7f4aeba2b450e,data/polished_dataset/backward/35degree/800rpm/800.0rpm400.0Nm35.0deg.csv,2335029,fb046e2514fc0856e0c6d2d3c221d80cf204844aa3f5438c276409a1ab58afd5
speed_800rpm__torque_500Nm__temperature_25degC,train,800.0,500.0,25.0,data/polished_dataset/forward/25degree/800rpm/800.0rpm500.0Nm25.0deg.csv,2302662,6ab4729feee27ac83139f8947a9c27299418c40f0bd65f889dabd9430a9f686f,data/polished_dataset/backward/25degree/800rpm/800.0rpm500.0Nm25.0deg.csv,2301534,988997c38255d70babae2d6deca9b3e631910b305607470a993139ed6a0bf8b3
speed_800rpm__torque_500Nm__temperature_30degC,train,800.0,500.0,30.0,data/polished_dataset/forward/30degree/800rpm/800.0rpm500.0Nm30.0deg.csv,2287880,5a707415e0a6aa451adbf00f8330e98a0b22c3f11b3d53872b975192b69a6adf,data/polished_dataset/backward/30degree/800rpm/800.0rpm500.0Nm30.0deg.csv,2292796,ce006e375a50f3281089c266d0248afe6d5d707c9dd6626bc0b8869b15598378
speed_800rpm__torque_500Nm__temperature_35degC,train,800.0,500.0,35.0,data/polished_dataset/forward/35degree/800rpm/800.0rpm500.0Nm35.0deg.csv,2344498,c04bec3cda225081712719ace17a6431043d7fd38fd8ba8a316b4898fa9b5495,data/polished_dataset/backward/35degree/800rpm/800.0rpm500.0Nm35.0deg.csv,2342341,230e4f0fa4a1dd3d96a224e04f9c35813b4eb496feb8becf5a6281b2814601e6
speed_800rpm__torque_600Nm__temperature_30degC,train,800.0,600.0,30.0,data/polished_dataset/forward/30degree/800rpm/800.0rpm600.0Nm30.0deg.csv,2279439,34286cc20d26740baea69aa0f3f6ec87718629e6fb38263eaff4a67d0f6e3fbc,data/polished_dataset/backward/30degree/800rpm/800.0rpm600.0Nm30.0deg.csv,2303363,fcd234c691e6964a3450e5632bc22a93fd6245138b50d80580a2b3dadbf32bd1
speed_800rpm__torque_700Nm__temperature_25degC,train,800.0,700.0,25.0,data/polished_dataset/forward/25degree/800rpm/800.0rpm700.0Nm25.0deg.csv,2307081,4998ac6f0febc1fb90037e84eb75ec8b7d6762c32520b72c0420a1292d656210,data/polished_dataset/backward/25degree/800rpm/800.0rpm700.0Nm25.0deg.csv,2281348,908e26faf9e34a2f9222093e34181ebbad4ee210a45c1fa38bd63434e540cc89
speed_800rpm__torque_700Nm__temperature_35degC,train,800.0,700.0,35.0,data/polished_dataset/forward/35degree/800rpm/800.0rpm700.0Nm35.0deg.csv,2352138,dcbe3382a4573cc3a0c4ad207b2aa4de2e6dd6b6eeda9804683f7fa6362074d7,data/polished_dataset/backward/35degree/800rpm/800.0rpm700.0Nm35.0deg.csv,2351592,bb2be89506eb96a8d72871667bbf878159f37030128f304f534cc8bc45cdd797
speed_800rpm__torque_800Nm__temperature_30degC,train,800.0,800.0,30.0,data/polished_dataset/forward/30degree/800rpm/800.0rpm800.0Nm30.0deg.csv,2294951,b4d05ae7f698fafc71a42a8c9b84f63993c3adc016cbfd05b9abdde574f650c3,data/polished_dataset/backward/30degree/800rpm/800.0rpm800.0Nm30.0deg.csv,2300871,aaf29d92ca9791bbff6d8c189d68a61571de63e294fc2ec0957fc24b0dbc5b32
speed_800rpm__torque_900Nm__temperature_25degC,train,800.0,900.0,25.0,data/polished_dataset/forward/25degree/800rpm/800.0rpm900.0Nm25.0deg.csv,2320028,3e815488304d7258beebbc64cb5572a646aaad651b7f24013594b2e0b8a24c2b,data/polished_dataset/backward/25degree/800rpm/800.0rpm900.0Nm25.0deg.csv,2290585,9730e0baee72bcc13e2f108324da68dbb73839b82609306e686543e42ac308f2
speed_800rpm__torque_1000Nm__temperature_25degC,train,800.0,1000.0,25.0,data/polished_dataset/forward/25degree/800rpm/800.0rpm1000.0Nm25.0deg.csv,2283093,93f266199f0faff2978d6f3081881f681c72efed023795b8155b2fe38ff6d820,data/polished_dataset/backward/25degree/800rpm/800.0rpm1000.0Nm25.0deg.csv,2256760,c473e9168cbfb2d54fdbe7028e1e79a59492f9b962ed6083967b87d7071e5f28
speed_800rpm__torque_1000Nm__temperature_30degC,train,800.0,1000.0,30.0,data/polished_dataset/forward/30degree/800rpm/800.0rpm1000.0Nm30.0deg.csv,2332279,d9d362d25dfd9691ccc2c015b0f917f69812d4caddf5e9297b62c875a8e0cbfe,data/polished_dataset/backward/30degree/800rpm/800.0rpm1000.0Nm30.0deg.csv,2314196,0f0535d00f8a4e50a06b9a059a5fdb266e6e95e47477a652984cf657fa43e8e9
speed_800rpm__torque_1000Nm__temperature_35degC,train,800.0,1000.0,35.0,data/polished_dataset/forward/35degree/800rpm/800.0rpm1000.0Nm35.0deg.csv,2331045,9b5cbaab5f54aea4e3280ee5767d63a2cd52606686647578ea2458ef584e1118,data/polished_dataset/backward/35degree/800rpm/800.0rpm1000.0Nm35.0deg.csv,2302180,ef9605bcb15d35624548928aaa4f1f9f5e749b6c2d37763161551a2b22f2d7b0
speed_800rpm__torque_1100Nm__temperature_25degC,train,800.0,1100.0,25.0,data/polished_dataset/forward/25degree/800rpm/800.0rpm1100.0Nm25.0deg.csv,2277039,0ffb81a07dd6af3a958b4896d752f4b151371ab5c3fd1b2bb475c2704f483204,data/polished_dataset/backward/25degree/800rpm/800.0rpm1100.0Nm25.0deg.csv,2253659,5cf8dab9d84381e1d2206e98393e24b5a88daaba635ac32d6233798aba4f3b8b
speed_800rpm__torque_1100Nm__temperature_30degC,train,800.0,1100.0,30.0,data/polished_dataset/forward/30degree/800rpm/800.0rpm1100.0Nm30.0deg.csv,2334413,d690d7445349ebd72a5c579369961b93dd03face5bf076daf396ccd6a74dace0,data/polished_dataset/backward/30degree/800rpm/800.0rpm1100.0Nm30.0deg.csv,2297731,bba10f59e2f91ee75e2d1f1c1e5b0e14af50be95ccab378451892edbb9271aaf
speed_800rpm__torque_1200Nm__temperature_35degC,train,800.0,1200.0,35.0,data/polished_dataset/forward/35degree/800rpm/800.0rpm1200.0Nm35.0deg.csv,2323493,269df9924b6afdaa895a55d27ae39d31350bd7d96b718b0b621e55e53bff2851,data/polished_dataset/backward/35degree/800rpm/800.0rpm1200.0Nm35.0deg.csv,2285064,9c4f5c52c462bce0439de2b6c3b89cf9ba2a8cdcb71909eac0ce9b27fa253170
speed_800rpm__torque_1300Nm__temperature_25degC,train,800.0,1300.0,25.0,data/polished_dataset/forward/25degree/800rpm/800.0rpm1300.0Nm25.0deg.csv,2289592,e512e15e4d6aebd5b5d3e131251baf376fada5ce7c72ecbde830524ebfe31305,data/polished_dataset/backward/25degree/800rpm/800.0rpm1300.0Nm25.0deg.csv,2262792,7345706b3657625189f8873c521e5809f888b088f91b7431f84fc75ecced28c9
speed_800rpm__torque_1300Nm__temperature_30degC,train,800.0,1300.0,30.0,data/polished_dataset/forward/30degree/800rpm/800.0rpm1300.0Nm30.0deg.csv,2281377,d74a61dd2b7f93b0c886147c5233859663397f7e84aec158e73d1a908394ee45,data/polished_dataset/backward/30degree/800rpm/800.0rpm1300.0Nm30.0deg.csv,2244533,2e9f1284e3553c34fb811f0f8cb2315dc4d75dbf887c88b65b7cfc8fea73ce43
speed_800rpm__torque_1300Nm__temperature_35degC,train,800.0,1300.0,35.0,data/polished_dataset/forward/35degree/800rpm/800.0rpm1300.0Nm35.0deg.csv,2333552,2e2252cbdd17d53b517f3b586860fc5e98a28e3dd507b8c8ef754eba097ff179,data/polished_dataset/backward/35degree/800rpm/800.0rpm1300.0Nm35.0deg.csv,2318515,ab08fea2c90c9363cd812531252ad517daed95cd5d883661b2560b8bfdd2b050
speed_800rpm__torque_1400Nm__temperature_25degC,train,800.0,1400.0,25.0,data/polished_dataset/forward/25degree/800rpm/800.0rpm1400.0Nm25.0deg.csv,2272509,56015d915536e5458e2cea6242a61222d29f5ee1c7c7c7c34d9d55aa11d9b96a,data/polished_dataset/backward/25degree/800rpm/800.0rpm1400.0Nm25.0deg.csv,2243346,eb04050353d8aa31d0ea8d2c28ddd01fa71c886363c69c0fc010c72737cd4808
speed_800rpm__torque_1400Nm__temperature_30degC,train,800.0,1400.0,30.0,data/polished_dataset/forward/30degree/800rpm/800.0rpm1400.0Nm30.0deg.csv,2270868,bd153e4e8cc01787c7871414616b0d0a13c561f1fb36ef7e3d6872fb77f0591f,data/polished_dataset/backward/30degree/800rpm/800.0rpm1400.0Nm30.0deg.csv,2247094,8148971f94a304b35169c5019135170eacbc593d3bb4c8fb248df75eed157ad4
speed_800rpm__torque_1400Nm__temperature_35degC,train,800.0,1400.0,35.0,data/polished_dataset/forward/35degree/800rpm/800.0rpm1400.0Nm35.0deg.csv,2345019,39b6a18e831f1d300aa46e0b9eea3425d1ae3073c703b5aad21cc0618d83f79a,data/polished_dataset/backward/35degree/800rpm/800.0rpm1400.0Nm35.0deg.csv,2316724,9cf1ab931f7ecdbac125e709c2a2afa7eb5b1d03ae91c647a6ef674f4ecb8dae
speed_800rpm__torque_1500Nm__temperature_30degC,train,800.0,1500.0,30.0,data/polished_dataset/forward/30degree/800rpm/800.0rpm1500.0Nm30.0deg.csv,2280266,a68a19214ff3eee4f61deee0c27527634846dbe8a4a5df75070fdccdc9f583ad,data/polished_dataset/backward/30degree/800rpm/800.0rpm1500.0Nm30.0deg.csv,2260616,bc77286479fecd015bbb5f9545ff2aaa7d9026dbad39014d2492590d915daf05
speed_800rpm__torque_1500Nm__temperature_35degC,train,800.0,1500.0,35.0,data/polished_dataset/forward/35degree/800rpm/800.0rpm1500.0Nm35.0deg.csv,2337132,1f98f5ba098d4da74807b3188ef7d17f7a801c2f16d1bfa062629cb5f45f3933,data/polished_dataset/backward/35degree/800rpm/800.0rpm1500.0Nm35.0deg.csv,2310273,ae152b02ed9e55cabf3d3bd3277ebe3c61b8f3802962e6a5718c3398830225c8
speed_800rpm__torque_1600Nm__temperature_30degC,train,800.0,1600.0,30.0,data/polished_dataset/forward/30degree/800rpm/800.0rpm1600.0Nm30.0deg.csv,2305993,66b0a7db5eec571bfae8cf43fcaa52de99c117e335f7515d680616e1bf192745,data/polished_dataset/backward/30degree/800rpm/800.0rpm1600.0Nm30.0deg.csv,2319095,c709a3ef215744e8df2e6e723b2aed6c4be2490199362892405ed7b49c3c6e0f
speed_800rpm__torque_1600Nm__temperature_35degC,train,800.0,1600.0,35.0,data/polished_dataset/forward/35degree/800rpm/800.0rpm1600.0Nm35.0deg.csv,2318870,cbbce58cd137e20472d2e359f17ec6d50b057529cbcc689c617910bb72da49e1,data/polished_dataset/backward/35degree/800rpm/800.0rpm1600.0Nm35.0deg.csv,2321956,42e0ec9fd1d83ff53731fb7d324334692b74444dc01df841c2f5e9497cc24072
speed_800rpm__torque_1700Nm__temperature_35degC,train,800.0,1700.0,35.0,data/polished_dataset/forward/35degree/800rpm/800.0rpm1700.0Nm35.0deg.csv,2347494,679cb4ebc13f8010c8b2e68127650f095579962706c55285feab831495d52265,data/polished_dataset/backward/35degree/800rpm/800.0rpm1700.0Nm35.0deg.csv,2315945,10173d4692adca60855f08f97e7717e6aa4ccbea73df36fb2022544541aba031
speed_800rpm__torque_1800Nm__temperature_25degC,train,800.0,1800.0,25.0,data/polished_dataset/forward/25degree/800rpm/800.0rpm1800.0Nm25.0deg.csv,2284834,4d4da827ed8c57999a12b9e427c5157dd12bfcb346137132759b8a1b33439fdc,data/polished_dataset/backward/25degree/800rpm/800.0rpm1800.0Nm25.0deg.csv,2253286,4e50bbb2c248f363d3935dafc20534cbea98b554cec7f7415eab32484c025977
speed_900rpm__torque_0Nm__temperature_25degC,train,900.0,0.0,25.0,data/polished_dataset/forward/25degree/900rpm/900.0rpm0.0Nm25.0deg.csv,2043589,01418f6afd801417d36778fdc2f5a1d0ccedb1534698d599e53b7cd93583e3a3,data/polished_dataset/backward/25degree/900rpm/900.0rpm0.0Nm25.0deg.csv,2057301,23321949f2f8f8b513a0e19383c7f4c561c0c5fb55a35aa6ea98c845908ef1ef
speed_900rpm__torque_0Nm__temperature_35degC,train,900.0,0.0,35.0,data/polished_dataset/forward/35degree/900rpm/900.0rpm0.0Nm35.0deg.csv,2086729,d13f518a1eb5747c37a7c6d7c6d772693ce77fbb16e2fce27b617acef23de19c,data/polished_dataset/backward/35degree/900rpm/900.0rpm0.0Nm35.0deg.csv,2097304,6997805dfa3f27695b0308e07f9f7a14f34cc508fe2cae89ef0daf90f3cb6066
speed_900rpm__torque_100Nm__temperature_25degC,train,900.0,100.0,25.0,data/polished_dataset/forward/25degree/900rpm/900.0rpm100.0Nm25.0deg.csv,2030584,dfe35a367b6db9956f6c20c464caf0946a64e47596ca10a5f5b480cf2cfcab53,data/polished_dataset/backward/25degree/900rpm/900.0rpm100.0Nm25.0deg.csv,2021948,655ca27153f46b425cf28459926a2b3c4914ed1e2e88bf897918601b2d4fd75d
speed_900rpm__torque_100Nm__temperature_30degC,train,900.0,100.0,30.0,data/polished_dataset/forward/30degree/900rpm/900.0rpm100.0Nm30.0deg.csv,2077603,747e364af98c858ab589898420b785aa1eea9ea50aac5756d3d04b46b90600b5,data/polished_dataset/backward/30degree/900rpm/900.0rpm100.0Nm30.0deg.csv,2083985,342144e16fd631e3a3a4ead05586aaab4b72d3178ede66f8ad6425607d2d20eb
speed_900rpm__torque_200Nm__temperature_25degC,train,900.0,200.0,25.0,data/polished_dataset/forward/25degree/900rpm/900.0rpm200.0Nm25.0deg.csv,2051557,129202d1dc9f611647442fa8319c15288c0e53c2d0f0e798fc283628f77320b3,data/polished_dataset/backward/25degree/900rpm/900.0rpm200.0Nm25.0deg.csv,2039245,45c378121d999487ce364be557a7b51c008e71c5fbec4ae5ff705bc5adc5f914
speed_900rpm__torque_200Nm__temperature_35degC,train,900.0,200.0,35.0,data/polished_dataset/forward/35degree/900rpm/900.0rpm200.0Nm35.0deg.csv,2079293,df5a6bae5b9d02771f00270b9da23316db42130051812f8a347864a9565a0cf4,data/polished_dataset/backward/35degree/900rpm/900.0rpm200.0Nm35.0deg.csv,2084319,cd41a7191085405a94f39bcc8045c28d6e96bb2a5f93f92c0dd8260a8cb6025a
speed_900rpm__torque_300Nm__temperature_25degC,train,900.0,300.0,25.0,data/polished_dataset/forward/25degree/900rpm/900.0rpm300.0Nm25.0deg.csv,2054227,95683fe862f8ea8707c28a00ef6b9e568c074794d0039009c19e670da6f702b6,data/polished_dataset/backward/25degree/900rpm/900.0rpm300.0Nm25.0deg.csv,2043681,fd7fd1882484f474001830b28a0797aa5188d8cf4f29e6d8c345e563dace52f1
speed_900rpm__torque_400Nm__temperature_25degC,train,900.0,400.0,25.0,data/polished_dataset/forward/25degree/900rpm/900.0rpm400.0Nm25.0deg.csv,2030876,a3f94d33e6319d70417a8094b450d079f52168158f25c40c821f628562c4b95c,data/polished_dataset/backward/25degree/900rpm/900.0rpm400.0Nm25.0deg.csv,2031598,3de062f22fbd845dc334064575b5d40f321f9243e07c6b8e311a75b5bcdfe998
speed_900rpm__torque_400Nm__temperature_30degC,train,900.0,400.0,30.0,data/polished_dataset/forward/30degree/900rpm/900.0rpm400.0Nm30.0deg.csv,2074895,10d71a2e0b62f8646ebdd9ef0b52146d8f556e76d61e937cfa62790fb9165d76,data/polished_dataset/backward/30degree/900rpm/900.0rpm400.0Nm30.0deg.csv,2095762,d8d1c5b8527b75299686e0c4e96bdc5b37c466e760e443408e2b51d91ec962d9
speed_900rpm__torque_400Nm__temperature_35degC,train,900.0,400.0,35.0,data/polished_dataset/forward/35degree/900rpm/900.0rpm400.0Nm35.0deg.csv,2085758,047874dd2035cccd491ab832e9f6a0dfec4543e81682fb8dc235e0fcaf1d1512,data/polished_dataset/backward/35degree/900rpm/900.0rpm400.0Nm35.0deg.csv,2085446,798e17aac8c8455841384ec936aa5cc10f305e48704e5917bfd3f04c17202124
speed_900rpm__torque_500Nm__temperature_30degC,train,900.0,500.0,30.0,data/polished_dataset/forward/30degree/900rpm/900.0rpm500.0Nm30.0deg.csv,2038371,ac1c64f081aec0b0ae24f7e642be5517c1cfbf1bb0c280420bd564b1964b3be1,data/polished_dataset/backward/30degree/900rpm/900.0rpm500.0Nm30.0deg.csv,2036666,20ebf45ce29f82cbd0298fab207b11813a4981c774c0aafffa6a2e136b05405b
speed_900rpm__torque_500Nm__temperature_35degC,train,900.0,500.0,35.0,data/polished_dataset/forward/35degree/900rpm/900.0rpm500.0Nm35.0deg.csv,2090517,741914f35e1e7a59329084ea3a17f867ef2a40a580ae0b7e87ce3a0e23e5e1ac,data/polished_dataset/backward/35degree/900rpm/900.0rpm500.0Nm35.0deg.csv,2084965,8400ceedea131594a229cdb9fc900750ad5db7defc70e3c0c66f1394b1619de0
speed_900rpm__torque_600Nm__temperature_25degC,train,900.0,600.0,25.0,data/polished_dataset/forward/25degree/900rpm/900.0rpm600.0Nm25.0deg.csv,2042706,fb9f3a6bdbee2b7787c78fb354b47de617c657fe4bab248f5327c278dc2811ab,data/polished_dataset/backward/25degree/900rpm/900.0rpm600.0Nm25.0deg.csv,2054235,74d66e8b03c1c3d7b6766b8ca7ac802787eef027dabb9f16e9642ccf69b939e5
speed_900rpm__torque_600Nm__temperature_30degC,train,900.0,600.0,30.0,data/polished_dataset/forward/30degree/900rpm/900.0rpm600.0Nm30.0deg.csv,2031531,e2ddce5117cc1ba3d90c83ddafde4eeed6eb4858fa7da042ab06e844fa3696f7,data/polished_dataset/backward/30degree/900rpm/900.0rpm600.0Nm30.0deg.csv,2026826,f2ad64ec4620fb7b3837313b1787834cb1a6acb315de8fd0ac990ff084e438e0
speed_900rpm__torque_600Nm__temperature_35degC,train,900.0,600.0,35.0,data/polished_dataset/forward/35degree/900rpm/900.0rpm600.0Nm35.0deg.csv,2089452,bfd372ae5736a9c75c8b8e8116cd886ed25fe9465b0adb7af669ae333d683066,data/polished_dataset/backward/35degree/900rpm/900.0rpm600.0Nm35.0deg.csv,2075368,0cd9f7d68e191ae7d00c431c69d98142355f9e84c5bc5cc56417361238467ad3
speed_900rpm__torque_700Nm__temperature_30degC,train,900.0,700.0,30.0,data/polished_dataset/forward/30degree/900rpm/900.0rpm700.0Nm30.0deg.csv,2043222,be3fe7d99edd94923305cf993fc04be75a1a8d03ca4af435bb8b2d7a2d600aa4,data/polished_dataset/backward/30degree/900rpm/900.0rpm700.0Nm30.0deg.csv,2060108,0e7dc0ae97037d8e638720b6cde2f77c2f22c5804a27c7fcdd0627e997ce83a8
speed_900rpm__torque_700Nm__temperature_35degC,train,900.0,700.0,35.0,data/polished_dataset/forward/35degree/900rpm/900.0rpm700.0Nm35.0deg.csv,2079729,9ecd6c12a7273c9c230d082cf9b19763a07a96f715d8098774506ff6e36c3de1,data/polished_dataset/backward/35degree/900rpm/900.0rpm700.0Nm35.0deg.csv,2073838,cf06ae0416300ec4c69f737b0d06db506bf7db1486de3700305b34b61b7e479d
speed_900rpm__torque_800Nm__temperature_25degC,train,900.0,800.0,25.0,data/polished_dataset/forward/25degree/900rpm/900.0rpm800.0Nm25.0deg.csv,2050941,5affeb2d45728d4f095b04bead92fc957516207f841950938d0428f6895f998b,data/polished_dataset/backward/25degree/900rpm/900.0rpm800.0Nm25.0deg.csv,2021805,dfdd23aa4ab466ef153796c9ccbe03dc161b26c927d8a923d0bdceaecaac08d3
speed_900rpm__torque_800Nm__temperature_35degC,train,900.0,800.0,35.0,data/polished_dataset/forward/35degree/900rpm/900.0rpm800.0Nm35.0deg.csv,2083342,7f67fb341c50d1c23db5e5ef96c8c07686cd855821d274b6c6424e73bb8e03c4,data/polished_dataset/backward/35degree/900rpm/900.0rpm800.0Nm35.0deg.csv,2070243,017e439767a29aada7521a668420bb8cec5ccbd9e9560a1e14995b3c16d3c82a
speed_900rpm__torque_900Nm__temperature_30degC,train,900.0,900.0,30.0,data/polished_dataset/forward/30degree/900rpm/900.0rpm900.0Nm30.0deg.csv,2055947,d3d8e358791f2d69a0ee93fbb4088a3ad1c1707b91d9b1b2ad31f7392260a6e1,data/polished_dataset/backward/30degree/900rpm/900.0rpm900.0Nm30.0deg.csv,2047818,37d0d97fcbe3e800e136faeccc52bb2179a19374da82c7f7d60f07c36067a6ff
speed_900rpm__torque_900Nm__temperature_35degC,train,900.0,900.0,35.0,data/polished_dataset/forward/35degree/900rpm/900.0rpm900.0Nm35.0deg.csv,2088702,f16327d0f5e82b3311252eea2d5726ecd94d4e86b60310356caafbffe30d9a7d,data/polished_dataset/backward/35degree/900rpm/900.0rpm900.0Nm35.0deg.csv,2074794,c200a0559ba6801220fdf3999e98f128a099e7c03fbe2fe32fb14c2049657b33
speed_900rpm__torque_1000Nm__temperature_25degC,train,900.0,1000.0,25.0,data/polished_dataset/forward/25degree/900rpm/900.0rpm1000.0Nm25.0deg.csv,2049730,1dbf4ba9ee98b1a5974ce6977b8a390554b957a81f2ce861900e66619db52fd3,data/polished_dataset/backward/25degree/900rpm/900.0rpm1000.0Nm25.0deg.csv,2012277,9bdbcbb76da5f36a3cf2821e9dc3865743d28de5e5ce5734ec79db758e161380
speed_900rpm__torque_1000Nm__temperature_35degC,train,900.0,1000.0,35.0,data/polished_dataset/forward/35degree/900rpm/900.0rpm1000.0Nm35.0deg.csv,2060877,b821d7cbdfbeb12127ce5bf2f10753d5e25ca59d670c11a5d490162ea9d4a566,data/polished_dataset/backward/35degree/900rpm/900.0rpm1000.0Nm35.0deg.csv,2054472,864369b1389b755ec69c1edb3b1e5ae0e7bef070225fe4ea6bf7978628bca0df
speed_900rpm__torque_1100Nm__temperature_30degC,train,900.0,1100.0,30.0,data/polished_dataset/forward/30degree/900rpm/900.0rpm1100.0Nm30.0deg.csv,2025686,e030d4df369b3b3b63267ffe1075b0da61ca07ae189b8f7e251ad4e78bbd76e7,data/polished_dataset/backward/30degree/900rpm/900.0rpm1100.0Nm30.0deg.csv,2025632,87fa4fcd102025118797d35c5232fa154e625232af4c0a6220ecabf8f39d7585
speed_900rpm__torque_1100Nm__temperature_35degC,train,900.0,1100.0,35.0,data/polished_dataset/forward/35degree/900rpm/900.0rpm1100.0Nm35.0deg.csv,2064004,029f458ec9276c1d8f46a8a99efa7b78ce78792d2ceca2e7cf2d34978698d307,data/polished_dataset/backward/35degree/900rpm/900.0rpm1100.0Nm35.0deg.csv,2053423,868de2feb2a7c95fc911b51651e8e2f635ce765e257cc6f1802a0ecfc638e44b
speed_900rpm__torque_1200Nm__temperature_25degC,train,900.0,1200.0,25.0,data/polished_dataset/forward/25degree/900rpm/900.0rpm1200.0Nm25.0deg.csv,2050110,2d2b9cb92dbb8cbd9731138db9ef0589919d4a667a27360757d16f9a33184eff,data/polished_dataset/backward/25degree/900rpm/900.0rpm1200.0Nm25.0deg.csv,2009193,5bfc838e18d2b138e61724e334c11e1869d6a137436689535f240d739a58f151
speed_900rpm__torque_1200Nm__temperature_30degC,train,900.0,1200.0,30.0,data/polished_dataset/forward/30degree/900rpm/900.0rpm1200.0Nm30.0deg.csv,2058531,9145defa784a6c335bc4ad5fec652dea5d475ddb0f2dbfcc5972dff4a44ca6e8,data/polished_dataset/backward/30degree/900rpm/900.0rpm1200.0Nm30.0deg.csv,2063194,57a84ed90325a26db79a60ab7490ecb012947b1902ac2a49f4712fdc95f3a376
speed_900rpm__torque_1300Nm__temperature_30degC,train,900.0,1300.0,30.0,data/polished_dataset/forward/30degree/900rpm/900.0rpm1300.0Nm30.0deg.csv,2027278,0359c1c61ba59c5c8f8d7ce8ad45b093f3bec5e829dc7f8e8db51b2a172c0ac3,data/polished_dataset/backward/30degree/900rpm/900.0rpm1300.0Nm30.0deg.csv,2020573,5ff1fe8a090294fb6464d3164e76bdbc3ed242ed5a4296ee0e98f1f7ff32ed48
speed_900rpm__torque_1300Nm__temperature_35degC,train,900.0,1300.0,35.0,data/polished_dataset/forward/35degree/900rpm/900.0rpm1300.0Nm35.0deg.csv,2068675,5db8606929ba3fac76694c5d55e34aa6b1ed5a89ba70527ec746b8ca3f9b1d32,data/polished_dataset/backward/35degree/900rpm/900.0rpm1300.0Nm35.0deg.csv,2050594,8c1b4f034b0d87d21ef1c65622ad56e7238cbca8af2f1ad07573a16f4df87772
speed_900rpm__torque_1400Nm__temperature_25degC,train,900.0,1400.0,25.0,data/polished_dataset/forward/25degree/900rpm/900.0rpm1400.0Nm25.0deg.csv,2040670,d1483d6987730513265a21b66997d92495bd670484425c461947dbe93452c4b8,data/polished_dataset/backward/25degree/900rpm/900.0rpm1400.0Nm25.0deg.csv,2008524,0544891a8b416f8d8b6af7eceede2e4e7d0215bcf4afbd1ce4e120b0855fdf00
speed_900rpm__torque_1400Nm__temperature_35degC,train,900.0,1400.0,35.0,data/polished_dataset/forward/35degree/900rpm/900.0rpm1400.0Nm35.0deg.csv,2069489,9ef04e023af50c8960b27f027e032587f4d7f189253b5a05b80a638a42ba1104,data/polished_dataset/backward/35degree/900rpm/900.0rpm1400.0Nm35.0deg.csv,2053109,1df94ccca88fd98d342998f73fcc688494444a8959a1d72a710f7e340190fcc3
speed_900rpm__torque_1500Nm__temperature_25degC,train,900.0,1500.0,25.0,data/polished_dataset/forward/25degree/900rpm/900.0rpm1500.0Nm25.0deg.csv,2040325,5b6054fe29ec5083a44d85e22cb477f1e36b10d41ca3fc6d11deedf488d00758,data/polished_dataset/backward/25degree/900rpm/900.0rpm1500.0Nm25.0deg.csv,2007552,ffe600ae2f0bfbf07723c3628f873f678381fd53c5f06fbf5b8327c6e95ef0c7
speed_900rpm__torque_1600Nm__temperature_30degC,train,900.0,1600.0,30.0,data/polished_dataset/forward/30degree/900rpm/900.0rpm1600.0Nm30.0deg.csv,2022380,13eae93deae9066bdf79c821b6e8abd0c97dabe10ea8d0e73d7c78c3b5181847,data/polished_dataset/backward/30degree/900rpm/900.0rpm1600.0Nm30.0deg.csv,2007889,9868abc6d5c3c5efbfca04ca0f6ff0891b437c6357050c70fd8f541009e9f8a2
speed_900rpm__torque_1700Nm__temperature_30degC,train,900.0,1700.0,30.0,data/polished_dataset/forward/30degree/900rpm/900.0rpm1700.0Nm30.0deg.csv,2032957,bf90afff932a467a76945f66332b6edc2de131ddcb8493728d4a251c0c33490f,data/polished_dataset/backward/30degree/900rpm/900.0rpm1700.0Nm30.0deg.csv,2026306,57f525ba25d4094740b1aa8613828b0a1422a8b8f02ab3b8e24a1cad9a4785d2
speed_900rpm__torque_1700Nm__temperature_35degC,train,900.0,1700.0,35.0,data/polished_dataset/forward/35degree/900rpm/900.0rpm1700.0Nm35.0deg.csv,2062214,1404e11be3cb3859c53ddf5f1cc6d756942e8dd89348b7d06d805904d44bc52c,data/polished_dataset/backward/35degree/900rpm/900.0rpm1700.0Nm35.0deg.csv,2050839,02d9ef5faf6bc2c20b0a9071aa391966e76fc3fae32b92841e0400391ca5939e
speed_900rpm__torque_1800Nm__temperature_25degC,train,900.0,1800.0,25.0,data/polished_dataset/forward/25degree/900rpm/900.0rpm1800.0Nm25.0deg.csv,2030780,333d7c29109ad38d222e0ca9f446b922a464f06fcd793d90ab6c9e1d32bd8af3,data/polished_dataset/backward/25degree/900rpm/900.0rpm1800.0Nm25.0deg.csv,2008460,a68878aa29a900c0657dde540efac17bdc971326b9c2254bbc22b0a911b8286f
speed_900rpm__torque_1800Nm__temperature_30degC,train,900.0,1800.0,30.0,data/polished_dataset/forward/30degree/900rpm/900.0rpm1800.0Nm30.0deg.csv,2030188,ad1ac099a1333a6e81dc8a5093b172a620fb57c12aa3d1fbb4fc4f89b50d4834,data/polished_dataset/backward/30degree/900rpm/900.0rpm1800.0Nm30.0deg.csv,2017813,f077a4a2b4bcd0a64d0c21e0253c1c0fa944ee453c6152254f8210fb5476f79e
speed_900rpm__torque_1800Nm__temperature_35degC,train,900.0,1800.0,35.0,data/polished_dataset/forward/35degree/900rpm/900.0rpm1800.0Nm35.0deg.csv,2068352,664f48590a46f47f3fd332b6d15b9a95d7be0e7a2a48e1abd50eefab2fbaf176,data/polished_dataset/backward/35degree/900rpm/900.0rpm1800.0Nm35.0deg.csv,2046013,a0e363f9cbb98f95087dcf731863bf965e8851eabe4883b10d97b4d04a286ccb
speed_1000rpm__torque_0Nm__temperature_30degC,train,1000.0,0.0,30.0,data/polished_dataset/forward/30degree/1000rpm/1000.0rpm0.0Nm30.0deg.csv,1832235,9282c29945d616ffc802277f9a041e82623b98656127087a8d36cf040b3de60a,data/polished_dataset/backward/30degree/1000rpm/1000.0rpm0.0Nm30.0deg.csv,1850473,60a9c44f2cef80705bf8c00ec81cd2d11f857d6d540978dcf57c1aa099887e93
speed_1000rpm__torque_0Nm__temperature_35degC,train,1000.0,0.0,35.0,data/polished_dataset/forward/35degree/1000rpm/1000.0rpm0.0Nm35.0deg.csv,1874140,ba349940af09e8af80b56caacc512ecd61953ac16f9f37c4c1c395a79bf11ca0,data/polished_dataset/backward/35degree/1000rpm/1000.0rpm0.0Nm35.0deg.csv,1885508,8c8f23dc2fb0ce49d8183ab3885043873df91ae0bf9d41c2095b7928c643ff7f
speed_1000rpm__torque_100Nm__temperature_25degC,train,1000.0,100.0,25.0,data/polished_dataset/forward/25degree/1000rpm/1000.0rpm100.0Nm25.0deg.csv,1825933,a20bd532f1c67184cf9329e5f62d0bd63dbd734b81d463e1fab5df957656a252,data/polished_dataset/backward/25degree/1000rpm/1000.0rpm100.0Nm25.0deg.csv,1838529,b92c10f9b7bf386fba880c4d49a057017d453363aaab6508ede85d95337d0150
speed_1000rpm__torque_100Nm__temperature_30degC,train,1000.0,100.0,30.0,data/polished_dataset/forward/30degree/1000rpm/1000.0rpm100.0Nm30.0deg.csv,1870591,494b0107cac07273046a47bcc3ddb7e41b138e0aba3c3f68d31d92b373516cb4,data/polished_dataset/backward/30degree/1000rpm/1000.0rpm100.0Nm30.0deg.csv,1863064,17dc36213115087175f7840d59302ace1e8d727eb3d2f58b5c3cd7ac43b8ed5b
speed_1000rpm__torque_100Nm__temperature_35degC,train,1000.0,100.0,35.0,data/polished_dataset/forward/35degree/1000rpm/1000.0rpm100.0Nm35.0deg.csv,1865243,15bfa695a8d9a9bb4f1712889dd4b5db4440a34ffe922dc8eb7bb981b2a855e5,data/polished_dataset/backward/35degree/1000rpm/1000.0rpm100.0Nm35.0deg.csv,1870083,49f977377d5c1a3e2921493336066176d609d67b264797f11b27cd39bec17b40
speed_1000rpm__torque_200Nm__temperature_25degC,train,1000.0,200.0,25.0,data/polished_dataset/forward/25degree/1000rpm/1000.0rpm200.0Nm25.0deg.csv,1832362,3970dcd3e704cb4f4a37e7212a7ec39e220524ea5ee4a83a90ba569c36a4f988,data/polished_dataset/backward/25degree/1000rpm/1000.0rpm200.0Nm25.0deg.csv,1823123,a90c396c9f65952eb023100da112427d267fce93f381a33c67d7102bd6da4f17
speed_1000rpm__torque_200Nm__temperature_30degC,train,1000.0,200.0,30.0,data/polished_dataset/forward/30degree/1000rpm/1000.0rpm200.0Nm30.0deg.csv,1868836,f000714194f95de2ea64bd60b8e1a77ff673223ed35683574e4126f392859398,data/polished_dataset/backward/30degree/1000rpm/1000.0rpm200.0Nm30.0deg.csv,1879279,9b05363c2520a186316d6852b092e78d9ca0e787bdd543cde55a15e79ef833af
speed_1000rpm__torque_200Nm__temperature_35degC,train,1000.0,200.0,35.0,data/polished_dataset/forward/35degree/1000rpm/1000.0rpm200.0Nm35.0deg.csv,1871869,9503e195e35700004a038d699bca63796adcf705accc1505afd66b9f5873010d,data/polished_dataset/backward/35degree/1000rpm/1000.0rpm200.0Nm35.0deg.csv,1871062,24a878338247ee7b5ad12ff323b4df9b491f08eaf921b8ebc51265e63f5c39e0
speed_1000rpm__torque_300Nm__temperature_35degC,train,1000.0,300.0,35.0,data/polished_dataset/forward/35degree/1000rpm/1000.0rpm300.0Nm35.0deg.csv,1866346,68ba64cd23e2c5ae5f83e2bc717d8a628921884d3a447230c5bf50da11ad24a8,data/polished_dataset/backward/35degree/1000rpm/1000.0rpm300.0Nm35.0deg.csv,1877809,ed8d9070a931f106c9ac22d744c86c651ab9abf2953b63cc89abedb3db8a655b
speed_1000rpm__torque_400Nm__temperature_25degC,train,1000.0,400.0,25.0,data/polished_dataset/forward/25degree/1000rpm/1000.0rpm400.0Nm25.0deg.csv,1840416,2d7a5ce0a8bca88183eb42417cb5b3423a758409a893046e92a58bee53f0bfa1,data/polished_dataset/backward/25degree/1000rpm/1000.0rpm400.0Nm25.0deg.csv,1840631,7491e50f1889dc147e93843b55078ede60f8aa2224c7bc67c21d5cc12feba183
speed_1000rpm__torque_400Nm__temperature_30degC,train,1000.0,400.0,30.0,data/polished_dataset/forward/30degree/1000rpm/1000.0rpm400.0Nm30.0deg.csv,1878777,bd2bc8224f6ff52384aa25e33d0709f99874b4094de31d73826f6ede73833bba,data/polished_dataset/backward/30degree/1000rpm/1000.0rpm400.0Nm30.0deg.csv,1879741,4d3441376f900a2581a5c8e3cdb2e89447ba7f46e538df8d4e08cf37f72b7836
speed_1000rpm__torque_400Nm__temperature_35degC,train,1000.0,400.0,35.0,data/polished_dataset/forward/35degree/1000rpm/1000.0rpm400.0Nm35.0deg.csv,1876797,560ecfbb7faddbd1b948004b9011cadf4e16371586ed60be4435d16c7bde0b0d,data/polished_dataset/backward/35degree/1000rpm/1000.0rpm400.0Nm35.0deg.csv,1869446,9a5fbf4f904ccf6250b6482e3cbbe3e9019cef741e7e0276f5f544d553b69305
speed_1000rpm__torque_500Nm__temperature_25degC,train,1000.0,500.0,25.0,data/polished_dataset/forward/25degree/1000rpm/1000.0rpm500.0Nm25.0deg.csv,1842461,ce1b124d43eb267a4bf755b86980909fc3402e154a670a5e433f72e2911dcff5,data/polished_dataset/backward/25degree/1000rpm/1000.0rpm500.0Nm25.0deg.csv,1830616,77f4507d867e025194e44102d7968a5605d51848919f0a9c6361ffd268dd951c
speed_1000rpm__torque_500Nm__temperature_30degC,train,1000.0,500.0,30.0,data/polished_dataset/forward/30degree/1000rpm/1000.0rpm500.0Nm30.0deg.csv,1833134,4c353469a498943f7ac1bd6c20c838beda67510a03256a9286c71b2a6251f2e4,data/polished_dataset/backward/30degree/1000rpm/1000.0rpm500.0Nm30.0deg.csv,1834207,04d785924f7c950521750180aaae30a658547e698e6610daf7b0246c97e8fddc
speed_1000rpm__torque_500Nm__temperature_35degC,train,1000.0,500.0,35.0,data/polished_dataset/forward/35degree/1000rpm/1000.0rpm500.0Nm35.0deg.csv,1867174,11e684901d3aca24c0a3cad849353548eb4f5baa8db025a1523341bc3f4390bb,data/polished_dataset/backward/35degree/1000rpm/1000.0rpm500.0Nm35.0deg.csv,1872763,a8d2a08aaae17df80e654ddaafd70fa7a5f5c032e8d0ea9bf408de0134c9c6e4
speed_1000rpm__torque_600Nm__temperature_35degC,train,1000.0,600.0,35.0,data/polished_dataset/forward/35degree/1000rpm/1000.0rpm600.0Nm35.0deg.csv,1879865,1f5393093399a20a4b6772b8d63dc6031dcbad8a84caff1b34ef81856bbaed29,data/polished_dataset/backward/35degree/1000rpm/1000.0rpm600.0Nm35.0deg.csv,1863677,ddaed9793ccc9d4244021d02537b666023aa89cebf6fa0f9805d1a2659bf68be
speed_1000rpm__torque_700Nm__temperature_25degC,train,1000.0,700.0,25.0,data/polished_dataset/forward/25degree/1000rpm/1000.0rpm700.0Nm25.0deg.csv,1828149,07bfd724e583ed85916bcebb57d5886a3df920690d134dbb6e0de39aceaca6f6,data/polished_dataset/backward/25degree/1000rpm/1000.0rpm700.0Nm25.0deg.csv,1837637,063902f00bceb2de8e2723db535a48248d07b378ba66d9de7be2a9b7ba405e05
speed_1000rpm__torque_700Nm__temperature_30degC,train,1000.0,700.0,30.0,data/polished_dataset/forward/30degree/1000rpm/1000.0rpm700.0Nm30.0deg.csv,1856867,50bd3d30993f3784dff3d0dbb2bb684e0a1779460f99a5c7e74a4fad9add76f9,data/polished_dataset/backward/30degree/1000rpm/1000.0rpm700.0Nm30.0deg.csv,1883922,a201f02a3e3ffd80d5925cf731be9b9ee2e0dd30351e0f082787ca0d74b2a340
speed_1000rpm__torque_900Nm__temperature_25degC,train,1000.0,900.0,25.0,data/polished_dataset/forward/25degree/1000rpm/1000.0rpm900.0Nm25.0deg.csv,1843010,2b0e53c635d8f251591b2d45c2248214beca2e6922a37db2d537ce16e8bba722,data/polished_dataset/backward/25degree/1000rpm/1000.0rpm900.0Nm25.0deg.csv,1822128,c186766629f3d8d4083aab2dcc566fd0822cee041c85dc4c4d50f360e7199fee
speed_1000rpm__torque_900Nm__temperature_30degC,train,1000.0,900.0,30.0,data/polished_dataset/forward/30degree/1000rpm/1000.0rpm900.0Nm30.0deg.csv,1854312,978f6c25d79fc0ae745aa8d7c991398252eff998650bbd23d58d4d87dc02568a,data/polished_dataset/backward/30degree/1000rpm/1000.0rpm900.0Nm30.0deg.csv,1871635,5f116d1f6bfa89fd0ab3a84325a8526b3b619ac5dd8fabd0ab9a6f93c7a8b07d
speed_1000rpm__torque_1000Nm__temperature_25degC,train,1000.0,1000.0,25.0,data/polished_dataset/forward/25degree/1000rpm/1000.0rpm1000.0Nm25.0deg.csv,1825393,f2e816ebf72cdcd921586cf821b18adf79dd50eae27af49272087a36235af387,data/polished_dataset/backward/25degree/1000rpm/1000.0rpm1000.0Nm25.0deg.csv,1807550,015877ad2ff14d9b3cce438f5fccd065d4e423de09a15a0039488392a3b0d29a
speed_1000rpm__torque_1000Nm__temperature_30degC,train,1000.0,1000.0,30.0,data/polished_dataset/forward/30degree/1000rpm/1000.0rpm1000.0Nm30.0deg.csv,1824640,6636bd4d5a634d522d9a3958f000ec108e2699ca30ba11e166656760f896d138,data/polished_dataset/backward/30degree/1000rpm/1000.0rpm1000.0Nm30.0deg.csv,1807386,b31f26fbdca8f752396d544c2f632bfe45782fe1c1d811d9c4f3ee169b1f849a
speed_1000rpm__torque_1000Nm__temperature_35degC,train,1000.0,1000.0,35.0,data/polished_dataset/forward/35degree/1000rpm/1000.0rpm1000.0Nm35.0deg.csv,1869010,7891fdced7c67a81df4edb7f99a682f28c1f5228fa77f669105c9c8ecc8ca452,data/polished_dataset/backward/35degree/1000rpm/1000.0rpm1000.0Nm35.0deg.csv,1850101,ff4ced5af06db273612535954c72235e5903e19fa54efde831ad767ddd39b754
speed_1000rpm__torque_1100Nm__temperature_25degC,train,1000.0,1100.0,25.0,data/polished_dataset/forward/25degree/1000rpm/1000.0rpm1100.0Nm25.0deg.csv,1846062,cc02ef8b8a238b8fc74757e25814f99d472e9713c4d121b4f304975f50e54568,data/polished_dataset/backward/25degree/1000rpm/1000.0rpm1100.0Nm25.0deg.csv,1804813,f86d682ddb1f6325204fdd6464eeadc200c8b44b94320214680eb84da41b28d3
speed_1000rpm__torque_1200Nm__temperature_25degC,train,1000.0,1200.0,25.0,data/polished_dataset/forward/25degree/1000rpm/1000.0rpm1200.0Nm25.0deg.csv,1829646,04b4262d01fca542f68e835148b2f664224fbeaa1d30640c61ca4b1b054165e7,data/polished_dataset/backward/25degree/1000rpm/1000.0rpm1200.0Nm25.0deg.csv,1806693,7b55abec17ff22366b8dcfef572dca80e5e36c3ef1b80a596d60dca93a32f3f7
speed_1000rpm__torque_1200Nm__temperature_30degC,train,1000.0,1200.0,30.0,data/polished_dataset/forward/30degree/1000rpm/1000.0rpm1200.0Nm30.0deg.csv,1876469,83e792cb2232fb30a8708cc5df6e79958127deace737c331ad07c90b783945c4,data/polished_dataset/backward/30degree/1000rpm/1000.0rpm1200.0Nm30.0deg.csv,1851000,040d0cac3ec2c5bdb4675f08d75a93f97eff6c5fadac329ac388c72a07c51c8d
speed_1000rpm__torque_1200Nm__temperature_35degC,train,1000.0,1200.0,35.0,data/polished_dataset/forward/35degree/1000rpm/1000.0rpm1200.0Nm35.0deg.csv,1863976,04a964c9e8dccd6e4437086d85dfd84a2acc8fa9e8695f178d06703cc2dd471b,data/polished_dataset/backward/35degree/1000rpm/1000.0rpm1200.0Nm35.0deg.csv,1844112,9b3eceabac3bd94ebe0e5d2fe0f04a2eb6bf2220b6283158815a2168b2e3b944
speed_1000rpm__torque_1300Nm__temperature_25degC,train,1000.0,1300.0,25.0,data/polished_dataset/forward/25degree/1000rpm/1000.0rpm1300.0Nm25.0deg.csv,1826992,f8cf7677c39a911618f843dec38b7da970a64c3da99ff1316a87c560ecc1568b,data/polished_dataset/backward/25degree/1000rpm/1000.0rpm1300.0Nm25.0deg.csv,1799738,46d296afd71a52191d611f8b487f5e19bd7fdd0ad9a554b0c88a63e27ada1799
speed_1000rpm__torque_1300Nm__temperature_30degC,train,1000.0,1300.0,30.0,data/polished_dataset/forward/30degree/1000rpm/1000.0rpm1300.0Nm30.0deg.csv,1844846,1c80e5511de872dd543dee688da15a30e0c082ee130e5a492398f503f3e4f1d8,data/polished_dataset/backward/30degree/1000rpm/1000.0rpm1300.0Nm30.0deg.csv,1845348,a416c7fa191ac3e0cef0457601ae404528056ce809a36d60f78ee045fd36126f
speed_1000rpm__torque_1300Nm__temperature_35degC,train,1000.0,1300.0,35.0,data/polished_dataset/forward/35degree/1000rpm/1000.0rpm1300.0Nm35.0deg.csv,1854463,a68bd380115235584208385585938233ea6f43927a1ecb4cd2fae5e689e7a227,data/polished_dataset/backward/35degree/1000rpm/1000.0rpm1300.0Nm35.0deg.csv,1846162,81230db5fe85c6d249c068707118b3ef976b339e3b18d3e4a379fe396bb097d0
speed_1000rpm__torque_1400Nm__temperature_25degC,train,1000.0,1400.0,25.0,data/polished_dataset/forward/25degree/1000rpm/1000.0rpm1400.0Nm25.0deg.csv,1817942,dfa437eb83a9243e0fefff7a075da308c282beea3b30abeaafef74d36edb7af8,data/polished_dataset/backward/25degree/1000rpm/1000.0rpm1400.0Nm25.0deg.csv,1826887,1f4645034f310f7526f2de9d964197468249d9e65b43c7dd8e0af162a9f52575
speed_1000rpm__torque_1400Nm__temperature_30degC,train,1000.0,1400.0,30.0,data/polished_dataset/forward/30degree/1000rpm/1000.0rpm1400.0Nm30.0deg.csv,1825846,2e60622f30d272cef64f4dac658a614d92af5c788b2c20b79b7a7678d1813afb,data/polished_dataset/backward/30degree/1000rpm/1000.0rpm1400.0Nm30.0deg.csv,1822838,677deeccbbbf9ed8a613297603eda60cb3cab5bad31f52809f88d67ffe8cd367
speed_1000rpm__torque_1500Nm__temperature_25degC,train,1000.0,1500.0,25.0,data/polished_dataset/forward/25degree/1000rpm/1000.0rpm1500.0Nm25.0deg.csv,1841821,96547f566d779c14e2a58d92f6c9820e79d0221cc0b33b1c7e06beeb85139a1a,data/polished_dataset/backward/25degree/1000rpm/1000.0rpm1500.0Nm25.0deg.csv,1812719,da13c4642cbb265ab7d07b00f4093a35d2dcdabfd2f594cfe234ca783299d8f7
speed_1000rpm__torque_1500Nm__temperature_30degC,train,1000.0,1500.0,30.0,data/polished_dataset/forward/30degree/1000rpm/1000.0rpm1500.0Nm30.0deg.csv,1825676,fa9e1ac6afe4782d14b93768780eb66c00f9550454ad69e1b8172a4f3460e35d,data/polished_dataset/backward/30degree/1000rpm/1000.0rpm1500.0Nm30.0deg.csv,1802067,5141fba0ebd7544a87244264dbcb3afc8315d0b9684511bb0bbfd3151dd6cd31
speed_1000rpm__torque_1500Nm__temperature_35degC,train,1000.0,1500.0,35.0,data/polished_dataset/forward/35degree/1000rpm/1000.0rpm1500.0Nm35.0deg.csv,1874339,cbad50d9be74b68e0bb8e824b9f2ccbc7182e34b70ec8be96aef20f518efa67d,data/polished_dataset/backward/35degree/1000rpm/1000.0rpm1500.0Nm35.0deg.csv,1847704,4e9ea0350bc445caa43d0938a8ced6a7ded698837f13b9ff8e73f8d1c485271d
speed_1000rpm__torque_1600Nm__temperature_30degC,train,1000.0,1600.0,30.0,data/polished_dataset/forward/30degree/1000rpm/1000.0rpm1600.0Nm30.0deg.csv,1821974,5b57dbf154b12f00f525c563c11b1e3fbbfba84a9538934a483d1ead691efdd0,data/polished_dataset/backward/30degree/1000rpm/1000.0rpm1600.0Nm30.0deg.csv,1809118,0b8bee2983fb211e91060d07881a26ebc68f881bb61107f274f56bce2f2a0c46
speed_1000rpm__torque_1600Nm__temperature_35degC,train,1000.0,1600.0,35.0,data/polished_dataset/forward/35degree/1000rpm/1000.0rpm1600.0Nm35.0deg.csv,1868719,cf6c378f6422f9a49eb8a172475670afa732ed8bea2cb7e6bf00032a68ec4bf0,data/polished_dataset/backward/35degree/1000rpm/1000.0rpm1600.0Nm35.0deg.csv,1854955,7d3a5af0cc8bdf72be94442e3f484b9107f869b633fd1fc7cba84a695af15d15
speed_1000rpm__torque_1700Nm__temperature_30degC,train,1000.0,1700.0,30.0,data/polished_dataset/forward/30degree/1000rpm/1000.0rpm1700.0Nm30.0deg.csv,1837273,8ba9d7be6927f8907caa4bed5215829feb39bdd5068ff19a4f21923e824d64b0,data/polished_dataset/backward/30degree/1000rpm/1000.0rpm1700.0Nm30.0deg.csv,1808103,80b7b998da85768f6e3c5ed829f4576b196be9c637e3e3be7f55d8d6b6017280
speed_1000rpm__torque_1700Nm__temperature_35degC,train,1000.0,1700.0,35.0,data/polished_dataset/forward/35degree/1000rpm/1000.0rpm1700.0Nm35.0deg.csv,1863889,4cc942c2833c39bfcf49846be2068897b05d91935719884fee050c848a68cbc4,data/polished_dataset/backward/35degree/1000rpm/1000.0rpm1700.0Nm35.0deg.csv,1845399,2bd87dbf09e7c0ba6b349ac093de454838eeab37a0ad2264edd6a77d7a75edb4
speed_1000rpm__torque_1800Nm__temperature_25degC,train,1000.0,1800.0,25.0,data/polished_dataset/forward/25degree/1000rpm/1000.0rpm1800.0Nm25.0deg.csv,1808659,65b850c77796c83ce3c68b2d86badde1b59dc442b689e578254c928878b1a8e0,data/polished_dataset/backward/25degree/1000rpm/1000.0rpm1800.0Nm25.0deg.csv,1826429,a94a37b2de28d74053bcedfc2b5ebec09a03bfcb66be6363578613031b474b9f
speed_1000rpm__torque_1800Nm__temperature_35degC,train,1000.0,1800.0,35.0,data/polished_dataset/forward/35degree/1000rpm/1000.0rpm1800.0Nm35.0deg.csv,1870846,a8e7484aa47f3491c92bcb094b77c0859f46a3beef4476c8114af5732265dc9a,data/polished_dataset/backward/35degree/1000rpm/1000.0rpm1800.0Nm35.0deg.csv,1852980,ea3a1d9d8f9fb7810e70bea77ebaf05a00cf55bc984a45917f85f5e4fd502dd9
speed_1100rpm__torque_0Nm__temperature_25degC,train,1100.0,0.0,25.0,data/polished_dataset/forward/25degree/1100rpm/1100.0rpm0.0Nm25.0deg.csv,1682835,c5e33dd4073105ad1ee74046bcd16c56a72cbf5b196829af8542624cdc4e64bd,data/polished_dataset/backward/25degree/1100rpm/1100.0rpm0.0Nm25.0deg.csv,1684593,81dd25e42a054288f2878eff8d68b109a19ce2a25211497cc02547a389566802
speed_1100rpm__torque_0Nm__temperature_30degC,train,1100.0,0.0,30.0,data/polished_dataset/forward/30degree/1100rpm/1100.0rpm0.0Nm30.0deg.csv,1685418,6bf19274430c56537d41ed17469e7217b28e8da13ef68f58c8c9e8ec272511bf,data/polished_dataset/backward/30degree/1100rpm/1100.0rpm0.0Nm30.0deg.csv,1688880,173efdf7342eb9e6f7e8da54c02d6507d8b79dd7c10a47798069a77a4b1893f4
speed_1100rpm__torque_100Nm__temperature_25degC,train,1100.0,100.0,25.0,data/polished_dataset/forward/25degree/1100rpm/1100.0rpm100.0Nm25.0deg.csv,1658243,a5eb0397e0ab9b1fe122817eb01bd4d1226b0889c2f6cc7c8f5e8d4ed0759ed4,data/polished_dataset/backward/25degree/1100rpm/1100.0rpm100.0Nm25.0deg.csv,1667308,50a2dddef860ed55f752386a972b3365e893fe162d3cd9edc5e40d6d828edc0e
speed_1100rpm__torque_100Nm__temperature_30degC,train,1100.0,100.0,30.0,data/polished_dataset/forward/30degree/1100rpm/1100.0rpm100.0Nm30.0deg.csv,1655884,e4d51587f270067daf50fb8b02cc0dfb5a41f42c89d93143fc024007e0ddee0f,data/polished_dataset/backward/30degree/1100rpm/1100.0rpm100.0Nm30.0deg.csv,1681675,3a8327c1e0041e233737d6ee5635dcd073727a567dcee4c919394f6c813d2e8c
speed_1100rpm__torque_100Nm__temperature_35degC,train,1100.0,100.0,35.0,data/polished_dataset/forward/35degree/1100rpm/1100.0rpm100.0Nm35.0deg.csv,1700587,311a4cbcd1fc7b49ff835c5560c87b8b6257204d25fb1852cb7ba6aa9735082f,data/polished_dataset/backward/35degree/1100rpm/1100.0rpm100.0Nm35.0deg.csv,1689933,d62eedeeaaab567c6b43a88f60e6ece358a4ab8ab7cd78c00ae30670e1c0ad57
speed_1100rpm__torque_200Nm__temperature_25degC,train,1100.0,200.0,25.0,data/polished_dataset/forward/25degree/1100rpm/1100.0rpm200.0Nm25.0deg.csv,1672378,efe59050826916bb28e15080dcbedef89a50ca21892e240cd7e6ec2a483ad1d5,data/polished_dataset/backward/25degree/1100rpm/1100.0rpm200.0Nm25.0deg.csv,1662119,28d334f7ab0e9a23acba715afe6d122b519517fd002e56a8adf3d14b4ee9e2a5
speed_1100rpm__torque_200Nm__temperature_30degC,train,1100.0,200.0,30.0,data/polished_dataset/forward/30degree/1100rpm/1100.0rpm200.0Nm30.0deg.csv,1678719,45d136c485968d04112c6ac5b0450611843f52fa19e2cdc7c419dd4111151003,data/polished_dataset/backward/30degree/1100rpm/1100.0rpm200.0Nm30.0deg.csv,1666030,49586ad8863701276a8a728fa4745139932d088db0e20e4faaa989bdaa00a0e0
speed_1100rpm__torque_200Nm__temperature_35degC,train,1100.0,200.0,35.0,data/polished_dataset/forward/35degree/1100rpm/1100.0rpm200.0Nm35.0deg.csv,1698721,0f3f5987c526f58997842c8be11f998f911a35d9a0fe0dfc65a8120a4f8bc1c2,data/polished_dataset/backward/35degree/1100rpm/1100.0rpm200.0Nm35.0deg.csv,1688642,9c4bf521171734eff44a9791252e2a28b5d39342b19e2b6887c88309a73d82e2
speed_1100rpm__torque_300Nm__temperature_30degC,train,1100.0,300.0,30.0,data/polished_dataset/forward/30degree/1100rpm/1100.0rpm300.0Nm30.0deg.csv,1715325,a713a5dcf088d7b011ad016cd2ff290722fbd2f2cb904a9354c034486779d73c,data/polished_dataset/backward/30degree/1100rpm/1100.0rpm300.0Nm30.0deg.csv,1708148,647f891ca9993a6db90d3e82ad8d5e3f03b3d5f95a15884c7f41423cbe45b403
speed_1100rpm__torque_300Nm__temperature_35degC,train,1100.0,300.0,35.0,data/polished_dataset/forward/35degree/1100rpm/1100.0rpm300.0Nm35.0deg.csv,1697209,cc3cc9a1ec3a0277876e3f3a503837f44f8623fa32c48ff602b8bfd0a64a6990,data/polished_dataset/backward/35degree/1100rpm/1100.0rpm300.0Nm35.0deg.csv,1715268,aeab1e8fb302aab58a69110b88e696f172ed39a462ef55eff7fdf48c69d15456
speed_1100rpm__torque_400Nm__temperature_25degC,train,1100.0,400.0,25.0,data/polished_dataset/forward/25degree/1100rpm/1100.0rpm400.0Nm25.0deg.csv,1686170,e650564e63cd46a4857e2c508c1806ca5416b07f4193d547f37e2fb532721ff8,data/polished_dataset/backward/25degree/1100rpm/1100.0rpm400.0Nm25.0deg.csv,1667606,43f54876a43b5e9eb5f9888d355540282039b8780c2efc8fcd4dcc0b00e71caf
speed_1100rpm__torque_400Nm__temperature_30degC,train,1100.0,400.0,30.0,data/polished_dataset/forward/30degree/1100rpm/1100.0rpm400.0Nm30.0deg.csv,1698959,b289f7aa44219275e4326d64876af69a6bf1d6b074d80709b653f881de8e90e2,data/polished_dataset/backward/30degree/1100rpm/1100.0rpm400.0Nm30.0deg.csv,1714537,7c789de563773d9ac6f24f072a77210eaf100b17a89e1491e4217cdae9f8ba9f
speed_1100rpm__torque_400Nm__temperature_35degC,train,1100.0,400.0,35.0,data/polished_dataset/forward/35degree/1100rpm/1100.0rpm400.0Nm35.0deg.csv,1707552,0ba29bfac245ba931b5a962aba878047f4006a572f23c0764c546b317d738c2a,data/polished_dataset/backward/35degree/1100rpm/1100.0rpm400.0Nm35.0deg.csv,1708969,5658e9b2f46edd335de89ea5be23513133fca8412ae15bcd7965535f72259d69
speed_1100rpm__torque_500Nm__temperature_35degC,train,1100.0,500.0,35.0,data/polished_dataset/forward/35degree/1100rpm/1100.0rpm500.0Nm35.0deg.csv,1708403,ed011cec5870a9bf23dda3a0111477ac8ebbb47e0ff9797f70dadd1237f399f7,data/polished_dataset/backward/35degree/1100rpm/1100.0rpm500.0Nm35.0deg.csv,1703877,2f4a0fa5a6500ccdffbd46428bbff2753cb4f188276e93fb05fa2df971b487b6
speed_1100rpm__torque_600Nm__temperature_35degC,train,1100.0,600.0,35.0,data/polished_dataset/forward/35degree/1100rpm/1100.0rpm600.0Nm35.0deg.csv,1711812,de413124d4c47df6f5019e36ff6a5fc66dd738657371a346e04b4b06feaa5ba5,data/polished_dataset/backward/35degree/1100rpm/1100.0rpm600.0Nm35.0deg.csv,1706851,1e407c0ab2d6727706c9b79fbbb65f478d052dcf7497aa03e5023189a4c5e431
speed_1100rpm__torque_700Nm__temperature_25degC,train,1100.0,700.0,25.0,data/polished_dataset/forward/25degree/1100rpm/1100.0rpm700.0Nm25.0deg.csv,1684882,98c852ef12f25bcc4eb7d7d81498b87b758356bd6eaf4bef6bc37fa7ae772645,data/polished_dataset/backward/25degree/1100rpm/1100.0rpm700.0Nm25.0deg.csv,1670605,9c17856df0a70f75a6982c9500134858eb8d077fafe6ccb41cfe4a09ace8e91f
speed_1100rpm__torque_700Nm__temperature_30degC,train,1100.0,700.0,30.0,data/polished_dataset/forward/30degree/1100rpm/1100.0rpm700.0Nm30.0deg.csv,1683009,d535b8972bae2932708be25ffc39ef31f7fc64477b8e55c6b4e2b883fc87c372,data/polished_dataset/backward/30degree/1100rpm/1100.0rpm700.0Nm30.0deg.csv,1712710,315d85197c88c6d58186dad4057512c0620509a30bf10beaddfa681799f9153d
speed_1100rpm__torque_700Nm__temperature_35degC,train,1100.0,700.0,35.0,data/polished_dataset/forward/35degree/1100rpm/1100.0rpm700.0Nm35.0deg.csv,1712007,6ecbccf8f20d54df7886dba8940db4be833698f0f3fcd349d43f597f888aec6a,data/polished_dataset/backward/35degree/1100rpm/1100.0rpm700.0Nm35.0deg.csv,1693543,d9bb2b3e68e1e8c886447e46327f866fa56b254e85e2001a958884a636aa1977
speed_1100rpm__torque_800Nm__temperature_25degC,train,1100.0,800.0,25.0,data/polished_dataset/forward/25degree/1100rpm/1100.0rpm800.0Nm25.0deg.csv,1680861,7a913da96cf3d634eba046d6169d07296160488e5cd7101a124bf9a94335a24f,data/polished_dataset/backward/25degree/1100rpm/1100.0rpm800.0Nm25.0deg.csv,1666825,99a1e34c88222f015e6a042ce941b4d50f7d02f7ea63b650a3931fbb2c5c8a57
speed_1100rpm__torque_800Nm__temperature_35degC,train,1100.0,800.0,35.0,data/polished_dataset/forward/35degree/1100rpm/1100.0rpm800.0Nm35.0deg.csv,1706542,2d13ba05eecbae88747376082e432557508d96e7097499e1556dfcacc3847bd9,data/polished_dataset/backward/35degree/1100rpm/1100.0rpm800.0Nm35.0deg.csv,1694736,e164ebde7f60fe377ab08557e5bf5160978089d9a9c5532b24c009bbfdf68dec
speed_1100rpm__torque_900Nm__temperature_25degC,train,1100.0,900.0,25.0,data/polished_dataset/forward/25degree/1100rpm/1100.0rpm900.0Nm25.0deg.csv,1671906,009d5d5f7ba273d61854c96a670b860d1fb29d75c107f40f0062cd14d936fb46,data/polished_dataset/backward/25degree/1100rpm/1100.0rpm900.0Nm25.0deg.csv,1669780,1d2dc00341e0a28b2970902ca110e10bc38ab6bf69a63ff1c5b0a0f85e89d610
speed_1100rpm__torque_900Nm__temperature_30degC,train,1100.0,900.0,30.0,data/polished_dataset/forward/30degree/1100rpm/1100.0rpm900.0Nm30.0deg.csv,1672134,1d29241b9bf20ab73b9f61755855eca529840213ce021905500f8569c46c0f80,data/polished_dataset/backward/30degree/1100rpm/1100.0rpm900.0Nm30.0deg.csv,1676216,710bd6902dd8455e4382da9f4e32276b07df097adb51ff1a1332f227fdfa7316
speed_1100rpm__torque_1000Nm__temperature_35degC,train,1100.0,1000.0,35.0,data/polished_dataset/forward/35degree/1100rpm/1100.0rpm1000.0Nm35.0deg.csv,1693669,41bad8716d326a8d4040278b47f63bfe6ab6e22189208b2bbde16c7f847e65e6,data/polished_dataset/backward/35degree/1100rpm/1100.0rpm1000.0Nm35.0deg.csv,1669512,cc1566bea16ef10e063c9f9cea2da9b3648f103fb79f6f57cf16dde3d4483c0f
speed_1100rpm__torque_1100Nm__temperature_25degC,train,1100.0,1100.0,25.0,data/polished_dataset/forward/25degree/1100rpm/1100.0rpm1100.0Nm25.0deg.csv,1656824,071d99d3192dcadd0a6baba42a918dbc866a2f79b24c4e2fe4c00617d1cd7ad3,data/polished_dataset/backward/25degree/1100rpm/1100.0rpm1100.0Nm25.0deg.csv,1645579,555c1e4d1def8cb84eccc6dc9b68ca24ecd9046f91f4ba8d37caa1798a6cfc97
speed_1100rpm__torque_1100Nm__temperature_30degC,train,1100.0,1100.0,30.0,data/polished_dataset/forward/30degree/1100rpm/1100.0rpm1100.0Nm30.0deg.csv,1668539,0c61ab4a8b5c4483001dda534b1c2d37aaaaf7c955e24ca6506b43ad9353d92a,data/polished_dataset/backward/30degree/1100rpm/1100.0rpm1100.0Nm30.0deg.csv,1642315,e2def948f97afa9f285d226bcc9fe4de50221493dacd5aca7e514232bb978ec2
speed_1100rpm__torque_1100Nm__temperature_35degC,train,1100.0,1100.0,35.0,data/polished_dataset/forward/35degree/1100rpm/1100.0rpm1100.0Nm35.0deg.csv,1686879,0af3f9a42f5447b3732e265065d9fd204c946219a1c358b740b2ef903ac9c40b,data/polished_dataset/backward/35degree/1100rpm/1100.0rpm1100.0Nm35.0deg.csv,1686018,9c88ef8161ac98b2258f195ddfd74a2cde82190fbd250d08bf56d9100b1a84f9
speed_1100rpm__torque_1200Nm__temperature_25degC,train,1100.0,1200.0,25.0,data/polished_dataset/forward/25degree/1100rpm/1100.0rpm1200.0Nm25.0deg.csv,1673497,a8072aca1b4ed0ed6d8f0b62a1aa9c25579f84a1e0a39246ca68a69ccf80cdb6,data/polished_dataset/backward/25degree/1100rpm/1100.0rpm1200.0Nm25.0deg.csv,1646636,8ec2db1859ec61c761948d6d0107f4e21e1e617e8859162db498812d79d30367
speed_1100rpm__torque_1200Nm__temperature_35degC,train,1100.0,1200.0,35.0,data/polished_dataset/forward/35degree/1100rpm/1100.0rpm1200.0Nm35.0deg.csv,1705209,091973d5aa7b4fb4cb93af4e5102d319b25c206555b8db50960b7177952d4976,data/polished_dataset/backward/35degree/1100rpm/1100.0rpm1200.0Nm35.0deg.csv,1684437,13fc4198575755a24d0ce532314329e9c243f73b3864fa77034a86fd243501b0
speed_1100rpm__torque_1300Nm__temperature_25degC,train,1100.0,1300.0,25.0,data/polished_dataset/forward/25degree/1100rpm/1100.0rpm1300.0Nm25.0deg.csv,1675352,4ae3e480a0d358636a3f8b152cd40bd7c53715399d7c4fbfabb6ab9218343c0c,data/polished_dataset/backward/25degree/1100rpm/1100.0rpm1300.0Nm25.0deg.csv,1644147,e5dd5c0fb33b9f8dc80c3dc0712bebfaea1dbad4cf43c0ea3783d320ed36805d
speed_1100rpm__torque_1300Nm__temperature_30degC,train,1100.0,1300.0,30.0,data/polished_dataset/forward/30degree/1100rpm/1100.0rpm1300.0Nm30.0deg.csv,1686811,d4ef685f844da1223b52e3be75b96c35ac276e17032cd06dd4fe5fcf5f18dda5,data/polished_dataset/backward/30degree/1100rpm/1100.0rpm1300.0Nm30.0deg.csv,1679165,c3e92e8a05af379bb25a8a206fb526671c73be69c0bd48b965be4008dddb1af7
speed_1100rpm__torque_1300Nm__temperature_35degC,train,1100.0,1300.0,35.0,data/polished_dataset/forward/35degree/1100rpm/1100.0rpm1300.0Nm35.0deg.csv,1702613,f75a0962513043675983038b8e69630f8eb912f01bef9bcb6bfbf4301be5f1f8,data/polished_dataset/backward/35degree/1100rpm/1100.0rpm1300.0Nm35.0deg.csv,1677295,330d11d7f556b18a755f518e1ebef5b44282e3bd04676a280ea0f8c1d465044c
speed_1100rpm__torque_1400Nm__temperature_30degC,train,1100.0,1400.0,30.0,data/polished_dataset/forward/30degree/1100rpm/1100.0rpm1400.0Nm30.0deg.csv,1659055,05a84cd78c5058bc172adf0789912a5039588dfe315429867300820845c49b9b,data/polished_dataset/backward/30degree/1100rpm/1100.0rpm1400.0Nm30.0deg.csv,1636852,5a6bdffe9478012289411a752360b774bd853f68e52c47cb876bc33ba451201b
speed_1100rpm__torque_1500Nm__temperature_30degC,train,1100.0,1500.0,30.0,data/polished_dataset/forward/30degree/1100rpm/1100.0rpm1500.0Nm30.0deg.csv,1661254,56f628e694f5ae40c11c74dc189da59aa27e5b26bdc60d850533c9dd93bc9201,data/polished_dataset/backward/30degree/1100rpm/1100.0rpm1500.0Nm30.0deg.csv,1658830,55cc939dea032d6e4be06222d9d388bf17a39c97db57295316b673e9f8ff66a8
speed_1100rpm__torque_1600Nm__temperature_25degC,train,1100.0,1600.0,25.0,data/polished_dataset/forward/25degree/1100rpm/1100.0rpm1600.0Nm25.0deg.csv,1664773,dbff02a4e78ff909797e69ee32d04b59aa461086c4a152ff144a5adc1be7fcb5,data/polished_dataset/backward/25degree/1100rpm/1100.0rpm1600.0Nm25.0deg.csv,1635210,2f535db6bfda59ee38ddecdddd2b2cf1caf850453626d367fbfcdd7b9ea9d4dc
speed_1100rpm__torque_1600Nm__temperature_35degC,train,1100.0,1600.0,35.0,data/polished_dataset/forward/35degree/1100rpm/1100.0rpm1600.0Nm35.0deg.csv,1704484,8b44ee70d8233cf3478aebfee03474fe029820ff2135d3c8b8428f466cf73b9e,data/polished_dataset/backward/35degree/1100rpm/1100.0rpm1600.0Nm35.0deg.csv,1681515,6692674c5ab025664a2210d46a3ec5cda29bb6c54db4843883bcbe792b821a8f
speed_1100rpm__torque_1700Nm__temperature_25degC,train,1100.0,1700.0,25.0,data/polished_dataset/forward/25degree/1100rpm/1100.0rpm1700.0Nm25.0deg.csv,1649461,915409c988aac3a4ee3b6d763dbd029bd2771c25c3329cf29412ae84ff0592ee,data/polished_dataset/backward/25degree/1100rpm/1100.0rpm1700.0Nm25.0deg.csv,1644717,8971f76cb45cc33aab06a50a3b2b53ffbc3e64a8b7d4a4b2aca8c919e6b1b85a
speed_1100rpm__torque_1700Nm__temperature_30degC,train,1100.0,1700.0,30.0,data/polished_dataset/forward/30degree/1100rpm/1100.0rpm1700.0Nm30.0deg.csv,1661235,2541c8f4033157ed43cad66cb3a58e2f4a3c1cc5d7f4c676b5ca41df857e5095,data/polished_dataset/backward/30degree/1100rpm/1100.0rpm1700.0Nm30.0deg.csv,1636193,2f670b5b53524c5907deaa1acd77539e24ac753f732d4b0d263601144c92f4c4
speed_1100rpm__torque_1700Nm__temperature_35degC,train,1100.0,1700.0,35.0,data/polished_dataset/forward/35degree/1100rpm/1100.0rpm1700.0Nm35.0deg.csv,1699951,fcf3f47a9c38880c4ff9c73194b73c14740c8913a1aeda3a0388289bec6de0fb,data/polished_dataset/backward/35degree/1100rpm/1100.0rpm1700.0Nm35.0deg.csv,1674298,f1bcf97173234088df48d974bff2bfcfa8c2ac0141ebeb64d6ddbf3855eae452
speed_1100rpm__torque_1800Nm__temperature_25degC,train,1100.0,1800.0,25.0,data/polished_dataset/forward/25degree/1100rpm/1100.0rpm1800.0Nm25.0deg.csv,1658285,2adaf7ee07c8086bf66b6920d7ca1bb2c436ab2e99026fddef19d712fa82302f,data/polished_dataset/backward/25degree/1100rpm/1100.0rpm1800.0Nm25.0deg.csv,1640335,7f7d7ccda3b22b600ff329d2c2903d33018e16134a01d46e7182d717a085cf6b
speed_1300rpm__torque_0Nm__temperature_25degC,train,1300.0,0.0,25.0,data/polished_dataset/forward/25degree/1300rpm/1300.0rpm0.0Nm25.0deg.csv,1415893,173975eb1598955160bb3230e92532be322e95073d553a086aed621f097aa4b4,data/polished_dataset/backward/25degree/1300rpm/1300.0rpm0.0Nm25.0deg.csv,1420817,db2193b528d02fbb9e73eabf7ad9a100faf22c62dce5e84ffb7fdfd6f88b0044
speed_1300rpm__torque_0Nm__temperature_30degC,train,1300.0,0.0,30.0,data/polished_dataset/forward/30degree/1300rpm/1300.0rpm0.0Nm30.0deg.csv,1413485,bc0776b9a9d4a30b3df2444aed82be23130a79c6b126fc28f1d4b03d55d31e0b,data/polished_dataset/backward/30degree/1300rpm/1300.0rpm0.0Nm30.0deg.csv,1436055,76f8ad07846af08547a3085d17cf866976002dbc9a839d022763c548592b607e
speed_1300rpm__torque_100Nm__temperature_25degC,train,1300.0,100.0,25.0,data/polished_dataset/forward/25degree/1300rpm/1300.0rpm100.0Nm25.0deg.csv,1409078,f066aaf02a6bdd545d53aaefa95d70fcda80422cdcc052a2734ced83d8f9f774,data/polished_dataset/backward/25degree/1300rpm/1300.0rpm100.0Nm25.0deg.csv,1411280,f8ff74861c5aa2ab9bee810b318ba6779925ad7ab8c6cf9ec5b5674c413126f6
speed_1300rpm__torque_100Nm__temperature_30degC,train,1300.0,100.0,30.0,data/polished_dataset/forward/30degree/1300rpm/1300.0rpm100.0Nm30.0deg.csv,1404967,261c4353d567aec55dd716be61a0da5001991fb33eaddb256e356a5eeabcdf25,data/polished_dataset/backward/30degree/1300rpm/1300.0rpm100.0Nm30.0deg.csv,1407974,10c0b782d27f1e945c066c8f12c41e1a9f365e6492abfc7a855b7c44c9e61f93
speed_1300rpm__torque_100Nm__temperature_35degC,train,1300.0,100.0,35.0,data/polished_dataset/forward/35degree/1300rpm/1300.0rpm100.0Nm35.0deg.csv,1444304,bc1fbb50266a0431da266924c954e28cc24f77113898104a7a7fa0ad7c0ad240,data/polished_dataset/backward/35degree/1300rpm/1300.0rpm100.0Nm35.0deg.csv,1443484,027c916d5467a6dc5fad675b87b97534a804a419f6b8b15f38354ef945f338b1
speed_1300rpm__torque_200Nm__temperature_25degC,train,1300.0,200.0,25.0,data/polished_dataset/forward/25degree/1300rpm/1300.0rpm200.0Nm25.0deg.csv,1421112,389892e218f98525cf7e9ab9ac770d464c897e4b637fa021cdc55446969ba7f5,data/polished_dataset/backward/25degree/1300rpm/1300.0rpm200.0Nm25.0deg.csv,1409660,22451e12ceda773413be8fe1750912f41e32bb75c85d5a98b43e196521f58a83
speed_1300rpm__torque_200Nm__temperature_30degC,train,1300.0,200.0,30.0,data/polished_dataset/forward/30degree/1300rpm/1300.0rpm200.0Nm30.0deg.csv,1414471,d1e25dc7009111018f6743d6de034a425fa487a292e794fc15a6cc59c4afcb10,data/polished_dataset/backward/30degree/1300rpm/1300.0rpm200.0Nm30.0deg.csv,1447925,95ef441e110f9c09558997b2e2c96b8161b0eced7d4a13a983c45d1b02d65a1b
speed_1300rpm__torque_300Nm__temperature_30degC,train,1300.0,300.0,30.0,data/polished_dataset/forward/30degree/1300rpm/1300.0rpm300.0Nm30.0deg.csv,1446829,35931e4cb17ecb731dc01ef07a5a439c1c9fa90f9faddaf6edb5851d46c29823,data/polished_dataset/backward/30degree/1300rpm/1300.0rpm300.0Nm30.0deg.csv,1444019,2c651c9e402293ba27b074bd5a72b66ee72eb8dbcc5d9574d8f816fec13271a9
speed_1300rpm__torque_400Nm__temperature_25degC,train,1300.0,400.0,25.0,data/polished_dataset/forward/25degree/1300rpm/1300.0rpm400.0Nm25.0deg.csv,1379508,3fcedb7f10cb8ec58a238c87d735fe4fb944a696343a1ebcb0f3aa0043a0b850,data/polished_dataset/backward/25degree/1300rpm/1300.0rpm400.0Nm25.0deg.csv,1355314,45d011cf8937c0bb6ccaf0d1b6b5ace8efb51a913d5f60bdb2643d209af41b57
speed_1300rpm__torque_400Nm__temperature_30degC,train,1300.0,400.0,30.0,data/polished_dataset/forward/30degree/1300rpm/1300.0rpm400.0Nm30.0deg.csv,1406599,ff3df34bed01f7e195466c4a92aa561ff7587d4ce77e2ab4ddc66709c8cc9e4c,data/polished_dataset/backward/30degree/1300rpm/1300.0rpm400.0Nm30.0deg.csv,1424125,06038c999cb100a02a37c1a4e211c43c715fdc26a4421e397aa75b86c8294034
speed_1300rpm__torque_400Nm__temperature_35degC,train,1300.0,400.0,35.0,data/polished_dataset/forward/35degree/1300rpm/1300.0rpm400.0Nm35.0deg.csv,1437031,dd181bf9aff6b110697aee468eb0e3caaa04cbdc3e9ee7dff31262bf597a72e3,data/polished_dataset/backward/35degree/1300rpm/1300.0rpm400.0Nm35.0deg.csv,1442553,7981e260405e89ca0870a69c9537f7cac1d3e3904b665fbde04d5d024fefb047
speed_1300rpm__torque_500Nm__temperature_25degC,train,1300.0,500.0,25.0,data/polished_dataset/forward/25degree/1300rpm/1300.0rpm500.0Nm25.0deg.csv,1365076,f1dced069cbddcf6de59b0be7f157b505646f305188042b3df01d3a879bdc893,data/polished_dataset/backward/25degree/1300rpm/1300.0rpm500.0Nm25.0deg.csv,1365238,40ab9fcd61e1f396d7709dabf176e56853318d50850babb29da7332f98082e62
speed_1300rpm__torque_500Nm__temperature_30degC,train,1300.0,500.0,30.0,data/polished_dataset/forward/30degree/1300rpm/1300.0rpm500.0Nm30.0deg.csv,1417586,34dbc453878164bf33f526926aa9ae5e26adc32b8676628c1f91dbd4efa2b1e5,data/polished_dataset/backward/30degree/1300rpm/1300.0rpm500.0Nm30.0deg.csv,1449410,b93b9aae9f899e3a5fae8f4c169447704a8e1e78771bf5fbf7be22feecdc21f9
speed_1300rpm__torque_500Nm__temperature_35degC,train,1300.0,500.0,35.0,data/polished_dataset/forward/35degree/1300rpm/1300.0rpm500.0Nm35.0deg.csv,1433938,5573043a67ad5119e3d9654bcac32cdefd7e5988752b64837bec2ccc628b39f3,data/polished_dataset/backward/35degree/1300rpm/1300.0rpm500.0Nm35.0deg.csv,1445812,dc68b3891a261ff2e857c5d17e2184d8f58166bf628e57c6244efb4430ed9eec
speed_1300rpm__torque_600Nm__temperature_30degC,train,1300.0,600.0,30.0,data/polished_dataset/forward/30degree/1300rpm/1300.0rpm600.0Nm30.0deg.csv,1410333,f83d64a4829bf8e344478edbdf2824703e240e1d4bff372fab435a01f6053006,data/polished_dataset/backward/30degree/1300rpm/1300.0rpm600.0Nm30.0deg.csv,1420581,896bc993eddab801eed07e8e387dbd42f45462291244309f04a416a10ebe9ce6
speed_1300rpm__torque_600Nm__temperature_35degC,train,1300.0,600.0,35.0,data/polished_dataset/forward/35degree/1300rpm/1300.0rpm600.0Nm35.0deg.csv,1455934,fe8fe6281ce998bbf3de0516d850b2da4ba01e56fe0e4a09d2aa57eccee981b2,data/polished_dataset/backward/35degree/1300rpm/1300.0rpm600.0Nm35.0deg.csv,1447182,944e4ac04af2d819f79993a731ad92fc478039b724497fed3bc85c1e6e17f03a
speed_1300rpm__torque_700Nm__temperature_25degC,train,1300.0,700.0,25.0,data/polished_dataset/forward/25degree/1300rpm/1300.0rpm700.0Nm25.0deg.csv,1418310,9dacfc9cbc84358e9488e33fa748eace4b11b7c5ae01bec48f573a50c1a177b5,data/polished_dataset/backward/25degree/1300rpm/1300.0rpm700.0Nm25.0deg.csv,1410744,74fb5ef46339e0a2c80690ef23dbd1146d05ab1bd9297b5900331788c3368db2
speed_1300rpm__torque_700Nm__temperature_30degC,train,1300.0,700.0,30.0,data/polished_dataset/forward/30degree/1300rpm/1300.0rpm700.0Nm30.0deg.csv,1434620,be8605e64fbca5b12057d3fcb270c7eae68a2920f628312e5faaa028e92c99f5,data/polished_dataset/backward/30degree/1300rpm/1300.0rpm700.0Nm30.0deg.csv,1405076,6f8e21625f8fc8ca13959ad0774ae3d75613082c3f316cfb6bbd4f86cd1b2fa1
speed_1300rpm__torque_700Nm__temperature_35degC,train,1300.0,700.0,35.0,data/polished_dataset/forward/35degree/1300rpm/1300.0rpm700.0Nm35.0deg.csv,1450862,b7e76e54b665bcc62bb505501b5670d56d4390fe7b56400eeb7bc53b1555632e,data/polished_dataset/backward/35degree/1300rpm/1300.0rpm700.0Nm35.0deg.csv,1441708,638f36025d21384de25c3070e2a15e305bf2ee4288085914bc042e3fbe7bccba
speed_1300rpm__torque_800Nm__temperature_30degC,train,1300.0,800.0,30.0,data/polished_dataset/forward/30degree/1300rpm/1300.0rpm800.0Nm30.0deg.csv,1446246,5c5636671b3d55f6188791cb6ccc3ecbccf7e7ecef7c86647baab0146ca5c9a8,data/polished_dataset/backward/30degree/1300rpm/1300.0rpm800.0Nm30.0deg.csv,1440505,10f487a047f8054c6caa8add1672c6f99906f003e20bd0542057d8d56a545865
speed_1300rpm__torque_800Nm__temperature_35degC,train,1300.0,800.0,35.0,data/polished_dataset/forward/35degree/1300rpm/1300.0rpm800.0Nm35.0deg.csv,1447551,3dc92b0516aab0f699a8488745089978510fb63708ea637ff78f939852939d93,data/polished_dataset/backward/35degree/1300rpm/1300.0rpm800.0Nm35.0deg.csv,1436480,d08d53e510ccd72a6ae3b68754cf26c63103c0704b7a76ab76df8e66007cfa15
speed_1300rpm__torque_900Nm__temperature_25degC,train,1300.0,900.0,25.0,data/polished_dataset/forward/25degree/1300rpm/1300.0rpm900.0Nm25.0deg.csv,1414196,00951adb2bdedec99f82e7dc3104cc1302fbca294d146495a755b3f253ff9cae,data/polished_dataset/backward/25degree/1300rpm/1300.0rpm900.0Nm25.0deg.csv,1407649,f207c37ed6b914cda4785b8e79721c2157b204b130fae59dc61142ea93635911
speed_1300rpm__torque_900Nm__temperature_30degC,train,1300.0,900.0,30.0,data/polished_dataset/forward/30degree/1300rpm/1300.0rpm900.0Nm30.0deg.csv,1415954,5eda28a43f17f19aebc1b9b69ea61739b27b68a405e0063aa22e3fa0dbb5900e,data/polished_dataset/backward/30degree/1300rpm/1300.0rpm900.0Nm30.0deg.csv,1407289,39ef9cf4afb0d871a7841117424fe7a123421ad496140218a7f1a9ab5a3585fe
speed_1300rpm__torque_900Nm__temperature_35degC,train,1300.0,900.0,35.0,data/polished_dataset/forward/35degree/1300rpm/1300.0rpm900.0Nm35.0deg.csv,1443505,bad59511d421ecee1d81bbcd556329655cd07a57bc6f28acd3b5c645fb20ac12,data/polished_dataset/backward/35degree/1300rpm/1300.0rpm900.0Nm35.0deg.csv,1435558,b32b64e4509d1b3e9487abe1243e2ab737ea0c9641a1258c95f2311810bb562b
speed_1300rpm__torque_1000Nm__temperature_25degC,train,1300.0,1000.0,25.0,data/polished_dataset/forward/25degree/1300rpm/1300.0rpm1000.0Nm25.0deg.csv,1402069,3fe43ce5abb47f7441b7b7f1ecc8f839bd1622ce188ef70a5c2d284c1b84c60f,data/polished_dataset/backward/25degree/1300rpm/1300.0rpm1000.0Nm25.0deg.csv,1390599,a5bdfb83fe6e254d55bcbf823cca40bd7a70d46afdc387f12a35de37ccb654e8
speed_1300rpm__torque_1000Nm__temperature_30degC,train,1300.0,1000.0,30.0,data/polished_dataset/forward/30degree/1300rpm/1300.0rpm1000.0Nm30.0deg.csv,1402126,46b00ee3b26956be83db04177777a23d48f1ba5d85413c7d30f3d4f712784570,data/polished_dataset/backward/30degree/1300rpm/1300.0rpm1000.0Nm30.0deg.csv,1390728,d8c3dc60cc1891b88c4ff3c1daaa907fa5644eba9b450326314e8b28daf2f14f
speed_1300rpm__torque_1000Nm__temperature_35degC,train,1300.0,1000.0,35.0,data/polished_dataset/forward/35degree/1300rpm/1300.0rpm1000.0Nm35.0deg.csv,1426670,4e77d1e6be4b95c78f147898ada26c42d2c397bca7b944bbe0480b1f1bb49bb6,data/polished_dataset/backward/35degree/1300rpm/1300.0rpm1000.0Nm35.0deg.csv,1419004,4d8cea1d687eff792ccef87cd9f7c14842d0d4c883c6ed467888444e92503c43
speed_1300rpm__torque_1100Nm__temperature_25degC,train,1300.0,1100.0,25.0,data/polished_dataset/forward/25degree/1300rpm/1300.0rpm1100.0Nm25.0deg.csv,1398013,a747c1451288f1378c3eb1e7152917113b611e92be377c9ea631f85b85397a34,data/polished_dataset/backward/25degree/1300rpm/1300.0rpm1100.0Nm25.0deg.csv,1405711,f483632b1d359d0cfd5ac62046bfaaf112300fb22b6992906af31417403d4a4c
speed_1300rpm__torque_1100Nm__temperature_30degC,train,1300.0,1100.0,30.0,data/polished_dataset/forward/30degree/1300rpm/1300.0rpm1100.0Nm30.0deg.csv,1440105,be538a303d6d31ce338f13a98b81736b352e3da81abaf266eb94a15848642967,data/polished_dataset/backward/30degree/1300rpm/1300.0rpm1100.0Nm30.0deg.csv,1418998,4dd298bcafb221e9946c5f00f72a1e445705f6a2d174847852cd300a18946885
speed_1300rpm__torque_1200Nm__temperature_25degC,train,1300.0,1200.0,25.0,data/polished_dataset/forward/25degree/1300rpm/1300.0rpm1200.0Nm25.0deg.csv,1402639,4f482d999b673945db5da2c9c4633815520c1a8ea52da2c2cdf90ee394a01784,data/polished_dataset/backward/25degree/1300rpm/1300.0rpm1200.0Nm25.0deg.csv,1387522,bce4f9bd13ae4b36c6827fcb6a66115547e4f8e06db5b8fd9be1cee76f290ee6
speed_1300rpm__torque_1200Nm__temperature_35degC,train,1300.0,1200.0,35.0,data/polished_dataset/forward/35degree/1300rpm/1300.0rpm1200.0Nm35.0deg.csv,1438255,f0d6a9847ccc9fae8bd3232fa22a535e1689102800ea2553684398d3c65baa1e,data/polished_dataset/backward/35degree/1300rpm/1300.0rpm1200.0Nm35.0deg.csv,1419944,8bf4f2b966ede71986e2ce8854bc5d3ab1041b764bde7d2e60b465fd451cf5a3
speed_1300rpm__torque_1300Nm__temperature_25degC,train,1300.0,1300.0,25.0,data/polished_dataset/forward/25degree/1300rpm/1300.0rpm1300.0Nm25.0deg.csv,1416415,589fe0362007778fb1b87b30c59d742d84258dfdda9bdb42999cc532dbc4315d,data/polished_dataset/backward/25degree/1300rpm/1300.0rpm1300.0Nm25.0deg.csv,1394679,d85bbbed8a71bdaacbe5f40f8c97ebe588702609c28e83cb8e9fabc3a6d836d8
speed_1300rpm__torque_1300Nm__temperature_30degC,train,1300.0,1300.0,30.0,data/polished_dataset/forward/30degree/1300rpm/1300.0rpm1300.0Nm30.0deg.csv,1403580,0a38f20a207d4ed4f6afd443e38d1e2379d60e60515b40aac1426c19c9389858,data/polished_dataset/backward/30degree/1300rpm/1300.0rpm1300.0Nm30.0deg.csv,1398093,03f02179179b0c7581b022a1feff820fd9bfecd7763f8f7b3742a9a07e2f7940
speed_1300rpm__torque_1400Nm__temperature_25degC,train,1300.0,1400.0,25.0,data/polished_dataset/forward/25degree/1300rpm/1300.0rpm1400.0Nm25.0deg.csv,1416586,f70a095c61cbc5c8709c755719ce4861624e367101019feae7de4e5a3d6f9aaa,data/polished_dataset/backward/25degree/1300rpm/1300.0rpm1400.0Nm25.0deg.csv,1385837,749129aa058e0956766a8e81b6461dff57ece852ec2b9095d84cf38965f73cf3
speed_1300rpm__torque_1400Nm__temperature_30degC,train,1300.0,1400.0,30.0,data/polished_dataset/forward/30degree/1300rpm/1300.0rpm1400.0Nm30.0deg.csv,1393202,00c1f7b354943b4c3ae3337f0e9179f776a5b1fa656e15fdd52ec6cb809a59ea,data/polished_dataset/backward/30degree/1300rpm/1300.0rpm1400.0Nm30.0deg.csv,1406343,baaae76139dbe825d5b3b1f52ea239b59736469c9ba9ced95bc6c08cec0269e8
speed_1300rpm__torque_1400Nm__temperature_35degC,train,1300.0,1400.0,35.0,data/polished_dataset/forward/35degree/1300rpm/1300.0rpm1400.0Nm35.0deg.csv,1436033,e1cd6859b7b1d3c6bfed25d7d3ba9c719b69ac01e614ae0a17f57b2a2f537692,data/polished_dataset/backward/35degree/1300rpm/1300.0rpm1400.0Nm35.0deg.csv,1426807,c156f83501c30f3e55aa45772aebe5d556e010c87aea3abc96147eecc493aa1a
speed_1300rpm__torque_1500Nm__temperature_25degC,train,1300.0,1500.0,25.0,data/polished_dataset/forward/25degree/1300rpm/1300.0rpm1500.0Nm25.0deg.csv,1409775,d956685fe3d741a4115501a5943e879de7fc07349f4d9f30a5b138238004b213,data/polished_dataset/backward/25degree/1300rpm/1300.0rpm1500.0Nm25.0deg.csv,1392950,d95fca816039b76863b529e402bc04506ba5b3b661386799b7330d53b4d676b6
speed_1300rpm__torque_1500Nm__temperature_30degC,train,1300.0,1500.0,30.0,data/polished_dataset/forward/30degree/1300rpm/1300.0rpm1500.0Nm30.0deg.csv,1419684,e2f9c448df030de05125fc50c94c1358b5130f2a4c4946a44ad2c5c031f5533f,data/polished_dataset/backward/30degree/1300rpm/1300.0rpm1500.0Nm30.0deg.csv,1426138,ab79349954259127e6e673d104e1589c46d91269869ef67dd8361acc81573c50
speed_1300rpm__torque_1500Nm__temperature_35degC,train,1300.0,1500.0,35.0,data/polished_dataset/forward/35degree/1300rpm/1300.0rpm1500.0Nm35.0deg.csv,1431259,84872b2867c5a352621ce62677e4a4aa5f0aec02d5cf23e32ad397bfbf197f99,data/polished_dataset/backward/35degree/1300rpm/1300.0rpm1500.0Nm35.0deg.csv,1423723,9451115c500a939af38b49090aef7de28b36a79e945a97d890c170b77ee43224
speed_1300rpm__torque_1600Nm__temperature_25degC,train,1300.0,1600.0,25.0,data/polished_dataset/forward/25degree/1300rpm/1300.0rpm1600.0Nm25.0deg.csv,1409463,33930188d781fc7e5955c7ec5d60ca5e815d314ead601377c1364f851da80458,data/polished_dataset/backward/25degree/1300rpm/1300.0rpm1600.0Nm25.0deg.csv,1382206,0d927ca3a87b2e33c0ee53540b98963325ae4ed654efdf661e617163a8cf85cb
speed_1300rpm__torque_1600Nm__temperature_30degC,train,1300.0,1600.0,30.0,data/polished_dataset/forward/30degree/1300rpm/1300.0rpm1600.0Nm30.0deg.csv,1428920,13ece0bba1e2304da1184f01ae9a07a455d3b7874b27a21320431ca7a5a4e6be,data/polished_dataset/backward/30degree/1300rpm/1300.0rpm1600.0Nm30.0deg.csv,1418722,904e2866699adbe8daf7dcfa1c3d54ee7d3477f912a7c2a7c7bac1fcad4d520c
speed_1300rpm__torque_1600Nm__temperature_35degC,train,1300.0,1600.0,35.0,data/polished_dataset/forward/35degree/1300rpm/1300.0rpm1600.0Nm35.0deg.csv,1436841,7ed099f139d770c0524da66cdd193026f50ba3ee445982ae5d43e62468d90733,data/polished_dataset/backward/35degree/1300rpm/1300.0rpm1600.0Nm35.0deg.csv,1421419,c28a3b2e909efd765f4680670c87c1c19c61d85a9dc95fcfff39c73b6705d24d
speed_1300rpm__torque_1700Nm__temperature_25degC,train,1300.0,1700.0,25.0,data/polished_dataset/forward/25degree/1300rpm/1300.0rpm1700.0Nm25.0deg.csv,1406117,eaf8399352b6aa571593d45356fc0eb21552d2ed8fa5d3cf44f1271b2ab43b32,data/polished_dataset/backward/25degree/1300rpm/1300.0rpm1700.0Nm25.0deg.csv,1391911,372bc31ed70ba52e291ddab27ace8492ab2248dcce31c65ccb009a86f8303dfb
speed_1300rpm__torque_1700Nm__temperature_30degC,train,1300.0,1700.0,30.0,data/polished_dataset/forward/30degree/1300rpm/1300.0rpm1700.0Nm30.0deg.csv,1419482,64b90865054a1883538a45fc1ca45c0ff6c4385ba38d5a5095df5e8c9d49b75d,data/polished_dataset/backward/30degree/1300rpm/1300.0rpm1700.0Nm30.0deg.csv,1388698,08f522baf2fe99d5edcc1836cc4bf6e203f85e2d05052cc25b802528143cad59
speed_1300rpm__torque_1700Nm__temperature_35degC,train,1300.0,1700.0,35.0,data/polished_dataset/forward/35degree/1300rpm/1300.0rpm1700.0Nm35.0deg.csv,1440954,dd6c185c3060430226aa791eb9c500bdab983eaf20b831bd1125b6cd91c2acbd,data/polished_dataset/backward/35degree/1300rpm/1300.0rpm1700.0Nm35.0deg.csv,1423635,c531ecde8fb8828d857f0a55abe5f733eb4231b585b87994e3ca47a474f08d2e
speed_1300rpm__torque_1800Nm__temperature_25degC,train,1300.0,1800.0,25.0,data/polished_dataset/forward/25degree/1300rpm/1300.0rpm1800.0Nm25.0deg.csv,1415119,aa790d741942b2dd4995a2023fb30a4dcae7a6c35e6acf9b1fbfd0255b254a21,data/polished_dataset/backward/25degree/1300rpm/1300.0rpm1800.0Nm25.0deg.csv,1388001,a87f4bb5fab5f79b83a094412115f522f91d7482706eedebb80648e06d3c23a4
speed_1300rpm__torque_1800Nm__temperature_35degC,train,1300.0,1800.0,35.0,data/polished_dataset/forward/35degree/1300rpm/1300.0rpm1800.0Nm35.0deg.csv,1435484,b215ea84f093cce51663e2ffab9c786777ab7349af46aefefd69cc8e9640131f,data/polished_dataset/backward/35degree/1300rpm/1300.0rpm1800.0Nm35.0deg.csv,1417088,a1bfff9cd9567e705c1d07fd8a7ace9f6702e3285fa8438fa481991b42806167
speed_1400rpm__torque_0Nm__temperature_30degC,train,1400.0,0.0,30.0,data/polished_dataset/forward/30degree/1400rpm/1400.0rpm0.0Nm30.0deg.csv,1308767,fb6a67d9950eae75a7626a9472ad45239547c891a8a89a8f8c568b307e9f48ec,data/polished_dataset/backward/30degree/1400rpm/1400.0rpm0.0Nm30.0deg.csv,1331729,ea801241c59821c922cb0aa56b526e3b34ec7447aae5edb51faa12c6abc1df34
speed_1400rpm__torque_0Nm__temperature_35degC,train,1400.0,0.0,35.0,data/polished_dataset/forward/35degree/1400rpm/1400.0rpm0.0Nm35.0deg.csv,1335503,3697ecc18370b45f7adc32c03ceb15291fda331a713da1b8f78914c7f5e92bb6,data/polished_dataset/backward/35degree/1400rpm/1400.0rpm0.0Nm35.0deg.csv,1349843,1282e8066a7538f70bffd481d988380fe241908c9bb676cf59e249c39321a076
speed_1400rpm__torque_100Nm__temperature_25degC,train,1400.0,100.0,25.0,data/polished_dataset/forward/25degree/1400rpm/1400.0rpm100.0Nm25.0deg.csv,1308197,278853215a7de05058952baae9d90fbecddc5beebce64748c809c95662835ec6,data/polished_dataset/backward/25degree/1400rpm/1400.0rpm100.0Nm25.0deg.csv,1319302,a90c4b77267c8b7ef892b7f940349ee293186ada228e8b26ddb02f90179d9dc9
speed_1400rpm__torque_100Nm__temperature_30degC,train,1400.0,100.0,30.0,data/polished_dataset/forward/30degree/1400rpm/1400.0rpm100.0Nm30.0deg.csv,1300522,28298f15203f5470c0039d60579d947c167695fd56646bb3075bf25189f81dde,data/polished_dataset/backward/30degree/1400rpm/1400.0rpm100.0Nm30.0deg.csv,1309695,69a3b230d1fd526ddd2ce68465796b137fbac21e21230b322b3a4db296ed7a03
speed_1400rpm__torque_100Nm__temperature_35degC,train,1400.0,100.0,35.0,data/polished_dataset/forward/35degree/1400rpm/1400.0rpm100.0Nm35.0deg.csv,1339131,c47b32a743a2b56ad474970cf6cdc25b7a01a81141c403621015d63c904bb062,data/polished_dataset/backward/35degree/1400rpm/1400.0rpm100.0Nm35.0deg.csv,1337676,8f39b28927df384a09b20e92ddba07d86682f649f41c1f7bde0607efd3b0471f
speed_1400rpm__torque_200Nm__temperature_30degC,train,1400.0,200.0,30.0,data/polished_dataset/forward/30degree/1400rpm/1400.0rpm200.0Nm30.0deg.csv,1337279,3d5f46c0ece5cac66e0f5eecc27666120ba3cdb989b01666df309f09e423b03c,data/polished_dataset/backward/30degree/1400rpm/1400.0rpm200.0Nm30.0deg.csv,1326246,cf044cc14552f66f1abc2f6f8eff1904307fc078b853f0d476c59a285366644a
speed_1400rpm__torque_200Nm__temperature_35degC,train,1400.0,200.0,35.0,data/polished_dataset/forward/35degree/1400rpm/1400.0rpm200.0Nm35.0deg.csv,1335985,2f494d49459750a6f51e9aab64cd1e67a7e4d66bf04a9443f231919b40c0d93b,data/polished_dataset/backward/35degree/1400rpm/1400.0rpm200.0Nm35.0deg.csv,1328381,b2cdf71dd6780f9692fe2c4319e5f0b58e401b0be363039ba2fb87acd39e06a4
speed_1400rpm__torque_300Nm__temperature_35degC,train,1400.0,300.0,35.0,data/polished_dataset/forward/35degree/1400rpm/1400.0rpm300.0Nm35.0deg.csv,1333473,3e253b37b5ca03e666b31e5a7ddf87740adc4babb6dd074e315cd7bae907c5c8,data/polished_dataset/backward/35degree/1400rpm/1400.0rpm300.0Nm35.0deg.csv,1338079,33b122f8d15ea2a8864ec471c583b1dbfed3c243e3d0445ab05c5e88d8cb4978
speed_1400rpm__torque_400Nm__temperature_25degC,train,1400.0,400.0,25.0,data/polished_dataset/forward/25degree/1400rpm/1400.0rpm400.0Nm25.0deg.csv,1261906,61826956a9f0aaa7029bcee505a40f6f0109a4600d64f53acc7af1450424b90a,data/polished_dataset/backward/25degree/1400rpm/1400.0rpm400.0Nm25.0deg.csv,1271405,483e1bfdae27523c3585656b4e38ee4d98d2e5258a2f74c30c2b0ef741fa6339
speed_1400rpm__torque_400Nm__temperature_30degC,train,1400.0,400.0,30.0,data/polished_dataset/forward/30degree/1400rpm/1400.0rpm400.0Nm30.0deg.csv,1321827,e47009fb7ffd0450627ff91b467ecfcd4550c0e36f280d34181e5a00814b9ee3,data/polished_dataset/backward/30degree/1400rpm/1400.0rpm400.0Nm30.0deg.csv,1320130,91c442739547923eb0b699285e07645f13492ea3805050034212c78eae9f1889
speed_1400rpm__torque_400Nm__temperature_35degC,train,1400.0,400.0,35.0,data/polished_dataset/forward/35degree/1400rpm/1400.0rpm400.0Nm35.0deg.csv,1341991,e92898bb2855880ddacbd5b2f1cde18057dd3b0ea9261d02ac99a139679586c2,data/polished_dataset/backward/35degree/1400rpm/1400.0rpm400.0Nm35.0deg.csv,1340656,b487b4eca85e452cf9e330f857d22e5c4232932ada49d160d645e214db5defc4
speed_1400rpm__torque_500Nm__temperature_25degC,train,1400.0,500.0,25.0,data/polished_dataset/forward/25degree/1400rpm/1400.0rpm500.0Nm25.0deg.csv,1308879,87f6a05360e4747e9826ec0d97c3ac63308da9bfab713d08187aa7071d3cd945,data/polished_dataset/backward/25degree/1400rpm/1400.0rpm500.0Nm25.0deg.csv,1313145,583347b56f0e0b18acffc1308cabca0519f7ac4e1a975746d91e4329edaa2541
speed_1400rpm__torque_500Nm__temperature_35degC,train,1400.0,500.0,35.0,data/polished_dataset/forward/35degree/1400rpm/1400.0rpm500.0Nm35.0deg.csv,1337651,e2c51c7d6f86b82a4c069aef7ca759367b980a09ff676347d717e2e03d909011,data/polished_dataset/backward/35degree/1400rpm/1400.0rpm500.0Nm35.0deg.csv,1344106,ce57109c486b2d8c390d491641d006c8b95a634fed454c72b90cffc84b31efc5
speed_1400rpm__torque_600Nm__temperature_30degC,train,1400.0,600.0,30.0,data/polished_dataset/forward/30degree/1400rpm/1400.0rpm600.0Nm30.0deg.csv,1310489,ca65202d817df4aed2372e25e5cf3b443711bced1fb9f3cb6f4a5d111783ee47,data/polished_dataset/backward/30degree/1400rpm/1400.0rpm600.0Nm30.0deg.csv,1309311,7dcced99ef3c0aa5387fccfae0d980eab5c891da55d0e39ed562af3d0f0fef75
speed_1400rpm__torque_600Nm__temperature_35degC,train,1400.0,600.0,35.0,data/polished_dataset/forward/35degree/1400rpm/1400.0rpm600.0Nm35.0deg.csv,1341014,64aeaa3b43af49c91aea8e330c8f7ed432381958880a17ad160f2f0e3eee863c,data/polished_dataset/backward/35degree/1400rpm/1400.0rpm600.0Nm35.0deg.csv,1342749,d71ca9f42b4d597a71574e3ac656c2e447c7ea8232adf81f3fa4b657fc65482b
speed_1400rpm__torque_700Nm__temperature_25degC,train,1400.0,700.0,25.0,data/polished_dataset/forward/25degree/1400rpm/1400.0rpm700.0Nm25.0deg.csv,1311572,5cbad43946bc4ae7ad7f09b283caf43dfd337d119b40567b90c246dec82987e6,data/polished_dataset/backward/25degree/1400rpm/1400.0rpm700.0Nm25.0deg.csv,1325294,d79c425b815ac28fad4d138174f441f93e4ce37d7f47a63f6ff93e54f98c98e6
speed_1400rpm__torque_700Nm__temperature_30degC,train,1400.0,700.0,30.0,data/polished_dataset/forward/30degree/1400rpm/1400.0rpm700.0Nm30.0deg.csv,1323812,e689061491cde8b93d68c76391a6a16cd315c2962abc5bf3a6dc9e7a3357d048,data/polished_dataset/backward/30degree/1400rpm/1400.0rpm700.0Nm30.0deg.csv,1344292,b84f44cb740bb2a33194d1827a0f067d4fa18d69d88210bfa81dd4f8912837a8
speed_1400rpm__torque_700Nm__temperature_35degC,train,1400.0,700.0,35.0,data/polished_dataset/forward/35degree/1400rpm/1400.0rpm700.0Nm35.0deg.csv,1339380,39f484ebe2163cc746624c2b6655b63859511e72c00eb53d9d1a8bee9a12a557,data/polished_dataset/backward/35degree/1400rpm/1400.0rpm700.0Nm35.0deg.csv,1328838,776b37670c1f6030531f34fb8ffc4e427bd91fe185e1be8f2da7197abc24429d
speed_1400rpm__torque_800Nm__temperature_30degC,train,1400.0,800.0,30.0,data/polished_dataset/forward/30degree/1400rpm/1400.0rpm800.0Nm30.0deg.csv,1349005,1951e87346937567cf1676909314bb4e1fee27a36a7943d6790dc64e4db389b6,data/polished_dataset/backward/30degree/1400rpm/1400.0rpm800.0Nm30.0deg.csv,1334220,893b950f5ab1b4b340abbe0f7a904c65c52faa7257db7c11843ea1fcf49675ff
speed_1400rpm__torque_800Nm__temperature_35degC,train,1400.0,800.0,35.0,data/polished_dataset/forward/35degree/1400rpm/1400.0rpm800.0Nm35.0deg.csv,1348893,c77d465ad471f000c585c7f6a030e247c505cf359acdbb6e9010366b0e2c7ae1,data/polished_dataset/backward/35degree/1400rpm/1400.0rpm800.0Nm35.0deg.csv,1341200,cf0946396829217693e8925582ae402188758b30e1b787c85f27007fd9fc9866
speed_1400rpm__torque_900Nm__temperature_25degC,train,1400.0,900.0,25.0,data/polished_dataset/forward/25degree/1400rpm/1400.0rpm900.0Nm25.0deg.csv,1311400,b45f7280aa9e97f7042a4b4d9bab3cbffcd66b72c4a5b5c1e10f6ccbdeea65b8,data/polished_dataset/backward/25degree/1400rpm/1400.0rpm900.0Nm25.0deg.csv,1318850,139668bc2afc4e448e743e465a5d3b90a215cf583114a54aa18a0b7010eec2ae
speed_1400rpm__torque_900Nm__temperature_35degC,train,1400.0,900.0,35.0,data/polished_dataset/forward/35degree/1400rpm/1400.0rpm900.0Nm35.0deg.csv,1345868,bbbb9a7f1fe573fa9fadfc932a16eb9b00abd88e8279777faf3d564c844f4f71,data/polished_dataset/backward/35degree/1400rpm/1400.0rpm900.0Nm35.0deg.csv,1329306,e8e15cadde736f3e56048f0aa84f9d91f6c9c5cd6b5ded264334410d16677b95
speed_1400rpm__torque_1000Nm__temperature_25degC,train,1400.0,1000.0,25.0,data/polished_dataset/forward/25degree/1400rpm/1400.0rpm1000.0Nm25.0deg.csv,1305533,6940bd2908f550a3167c8941ace8959524fa8537a13cb31b16ca504918c4e7c9,data/polished_dataset/backward/25degree/1400rpm/1400.0rpm1000.0Nm25.0deg.csv,1289268,5f8559f31ceab2d396570c9e544ae365d1dc6424709b48f145f9983a66e15765
speed_1400rpm__torque_1000Nm__temperature_30degC,train,1400.0,1000.0,30.0,data/polished_dataset/forward/30degree/1400rpm/1400.0rpm1000.0Nm30.0deg.csv,1332814,88c3410f5ded4fc53196396fa3c99d424c6e85ce6034a3e76a17b58d29f68b01,data/polished_dataset/backward/30degree/1400rpm/1400.0rpm1000.0Nm30.0deg.csv,1325205,260c7dfd0bd9b3748e44fe301b4cc1d32a3dec5648705260e6352d3087346635
speed_1400rpm__torque_1000Nm__temperature_35degC,train,1400.0,1000.0,35.0,data/polished_dataset/forward/35degree/1400rpm/1400.0rpm1000.0Nm35.0deg.csv,1334009,a95cda537e1575ea8557b56efdcce38f8771cf283b98835149fe92bdff6336de,data/polished_dataset/backward/35degree/1400rpm/1400.0rpm1000.0Nm35.0deg.csv,1312820,f3ee690e3cece114f179dc8cbf89bfa305d82f85cdfdbe14f6f6c14ab0311777
speed_1400rpm__torque_1100Nm__temperature_25degC,train,1400.0,1100.0,25.0,data/polished_dataset/forward/25degree/1400rpm/1400.0rpm1100.0Nm25.0deg.csv,1298201,e99a1305a772b5cc01517744582921e433b5d6f55071982704f2d57b96f13202,data/polished_dataset/backward/25degree/1400rpm/1400.0rpm1100.0Nm25.0deg.csv,1295346,0dd79ccac092ae2316c95ce1e0c220bc4e9140fca14461a0650685a747eccd9b
speed_1400rpm__torque_1100Nm__temperature_30degC,train,1400.0,1100.0,30.0,data/polished_dataset/forward/30degree/1400rpm/1400.0rpm1100.0Nm30.0deg.csv,1301226,7440910063eb415c625ba357871904df48327f82735bcfcf78c822b5b272ec34,data/polished_dataset/backward/30degree/1400rpm/1400.0rpm1100.0Nm30.0deg.csv,1322239,98b247237c55e5dcb37c57f6d6d83dcfc292ada06b862c3763416bce4158d538
speed_1400rpm__torque_1200Nm__temperature_25degC,train,1400.0,1200.0,25.0,data/polished_dataset/forward/25degree/1400rpm/1400.0rpm1200.0Nm25.0deg.csv,1306569,52e914b3b2827b0c97774ca2b9e92083373f730eda620824cd1209c8929ec71d,data/polished_dataset/backward/25degree/1400rpm/1400.0rpm1200.0Nm25.0deg.csv,1293674,792e4f101471acb1d3195f4bbd240be90df35066bcd3db2022288f8222de906a
speed_1400rpm__torque_1200Nm__temperature_30degC,train,1400.0,1200.0,30.0,data/polished_dataset/forward/30degree/1400rpm/1400.0rpm1200.0Nm30.0deg.csv,1300005,593ea7ac79dbbe3fb65070704ddd0204d140444fce7915b04940da86c1b42222,data/polished_dataset/backward/30degree/1400rpm/1400.0rpm1200.0Nm30.0deg.csv,1282506,f00d53bf61abc8a76b41a8b83bce47015bc2d061af1dd8fece85e63c01ed33cd
speed_1400rpm__torque_1200Nm__temperature_35degC,train,1400.0,1200.0,35.0,data/polished_dataset/forward/35degree/1400rpm/1400.0rpm1200.0Nm35.0deg.csv,1326017,f4f5f2c94fdc7b754999f8a6cfecd51977a6caabb88e7ff1b20d4ef60aaca00d,data/polished_dataset/backward/35degree/1400rpm/1400.0rpm1200.0Nm35.0deg.csv,1325059,4ddf3bd824e552af13927529fce96571910e190e8342b8d1aeac7f76b0a39bed
speed_1400rpm__torque_1300Nm__temperature_30degC,train,1400.0,1300.0,30.0,data/polished_dataset/forward/30degree/1400rpm/1400.0rpm1300.0Nm30.0deg.csv,1334990,2b7d9ff49d54090978ef5d5b9afdd86514eebf55a6183452a5b5ae845d65364b,data/polished_dataset/backward/30degree/1400rpm/1400.0rpm1300.0Nm30.0deg.csv,1310124,fa89152888980726da99ba416d0e706f848bcd9b1809f1c4666b5ba22a69b3e7
speed_1400rpm__torque_1300Nm__temperature_35degC,train,1400.0,1300.0,35.0,data/polished_dataset/forward/35degree/1400rpm/1400.0rpm1300.0Nm35.0deg.csv,1342313,dd89b3ee9707f2df0f1f6a187687c43f6fab1e6da9da19fda7999c5707ef6b8c,data/polished_dataset/backward/35degree/1400rpm/1400.0rpm1300.0Nm35.0deg.csv,1321809,4f14fbb5757e0a0ea39e8dcb510b55c696b477a9427b2cfa753e769da287cafb
speed_1400rpm__torque_1400Nm__temperature_30degC,train,1400.0,1400.0,30.0,data/polished_dataset/forward/30degree/1400rpm/1400.0rpm1400.0Nm30.0deg.csv,1298741,21b41f5bddf96376c6b38d3ace1a316a04028899ffa7c5cf6bd1f47b58c5597b,data/polished_dataset/backward/30degree/1400rpm/1400.0rpm1400.0Nm30.0deg.csv,1290552,da09ce2fe673005fa9929d4a04c3c96262f4638d6736005d4eb6c07a866bdacc
speed_1400rpm__torque_1500Nm__temperature_30degC,train,1400.0,1500.0,30.0,data/polished_dataset/forward/30degree/1400rpm/1400.0rpm1500.0Nm30.0deg.csv,1304604,99d0357c219c1179f18cc11d54caa1dfdbc84a905611d8fb35a0ad30f7a866b1,data/polished_dataset/backward/30degree/1400rpm/1400.0rpm1500.0Nm30.0deg.csv,1290305,5ebc51b46fb84e9e5e8adf4d7abf7cc09a4435af2ac0230b3d2707c9711c2b51
speed_1400rpm__torque_1600Nm__temperature_25degC,train,1400.0,1600.0,25.0,data/polished_dataset/forward/25degree/1400rpm/1400.0rpm1600.0Nm25.0deg.csv,1321736,010d5c24d93015aabdb5875ba72957d863c4a232f2d79ed1e94914b3eb6ed320,data/polished_dataset/backward/25degree/1400rpm/1400.0rpm1600.0Nm25.0deg.csv,1293273,d6fd9d53ad34459c7b54d53c81f83fd4992d31cd5a9f4b32817866dc05b40598
speed_1400rpm__torque_1600Nm__temperature_30degC,train,1400.0,1600.0,30.0,data/polished_dataset/forward/30degree/1400rpm/1400.0rpm1600.0Nm30.0deg.csv,1333278,9a9898591994d908aadc77b11595d8c536d6718f6a569981481f5f743e585eee,data/polished_dataset/backward/30degree/1400rpm/1400.0rpm1600.0Nm30.0deg.csv,1311412,1ad21e73dba9e93bba6869cbaf45ca666b3552c6a7210bd55b9799e6f9047335
speed_1400rpm__torque_1600Nm__temperature_35degC,train,1400.0,1600.0,35.0,data/polished_dataset/forward/35degree/1400rpm/1400.0rpm1600.0Nm35.0deg.csv,1334776,f2f1742c04c5ec2fb63a138269bd5f4304e0a8e37a73cfc6c6c3845de2c91ab1,data/polished_dataset/backward/35degree/1400rpm/1400.0rpm1600.0Nm35.0deg.csv,1307749,984bfe4faec5ef76f79b6c236c54bbbf332e27ac85e73bbbfa5760b45647fe92
speed_1400rpm__torque_1700Nm__temperature_25degC,train,1400.0,1700.0,25.0,data/polished_dataset/forward/25degree/1400rpm/1400.0rpm1700.0Nm25.0deg.csv,1309174,2960bdb98b49ca569c24cd68f1c05cee42b04b3ca790b635c46c45b52e44fe1d,data/polished_dataset/backward/25degree/1400rpm/1400.0rpm1700.0Nm25.0deg.csv,1285229,fce445414be74b88946d7001ebdadd87a0f25523379ed0da603aa45c5ec98a5a
speed_1400rpm__torque_1700Nm__temperature_30degC,train,1400.0,1700.0,30.0,data/polished_dataset/forward/30degree/1400rpm/1400.0rpm1700.0Nm30.0deg.csv,1333769,fd67e058b50e6e734f7024398c8f5673595340edabc8a4ae6dac6ac5a7861df5,data/polished_dataset/backward/30degree/1400rpm/1400.0rpm1700.0Nm30.0deg.csv,1315197,99ff6e2a27706c4fc87d0cf61d88b315685fc0db37fc5cce3a5d59bcfade83d4
speed_1400rpm__torque_1800Nm__temperature_25degC,train,1400.0,1800.0,25.0,data/polished_dataset/forward/25degree/1400rpm/1400.0rpm1800.0Nm25.0deg.csv,1307435,bc1ebd3e26af4fbd50f1a53e4941144a15002cf83a46113fb3060be9e364bd73,data/polished_dataset/backward/25degree/1400rpm/1400.0rpm1800.0Nm25.0deg.csv,1287017,961f0937d7e77f45c1ac80e805d5cf5b8b78e4a62297bd4869b3fb506e312ada
speed_1400rpm__torque_1800Nm__temperature_30degC,train,1400.0,1800.0,30.0,data/polished_dataset/forward/30degree/1400rpm/1400.0rpm1800.0Nm30.0deg.csv,1314163,71facd1e6f6f7cdcc455a725cd9d6d93a10aa4bc6d1ac0f21ed8c47d04f85fdd,data/polished_dataset/backward/30degree/1400rpm/1400.0rpm1800.0Nm30.0deg.csv,1322565,610407f7410f78b15847303f43844c41fabee076a636860fbea5008c9af51920
speed_1500rpm__torque_0Nm__temperature_30degC,train,1500.0,0.0,30.0,data/polished_dataset/forward/30degree/1500rpm/1500.0rpm0.0Nm30.0deg.csv,1216754,4ba930289ae7ef7802753571f9f4193b27ba5939f035963f6acffc9851cab6f5,data/polished_dataset/backward/30degree/1500rpm/1500.0rpm0.0Nm30.0deg.csv,1229416,be92e992854f07d197529fbf4771f91d7ed1698c32bc749667425f9bc8fe4867
speed_1500rpm__torque_0Nm__temperature_35degC,train,1500.0,0.0,35.0,data/polished_dataset/forward/35degree/1500rpm/1500.0rpm0.0Nm35.0deg.csv,1246342,2fdc1d2900346a84d146b1be79cc514e9b7548c6be74e825cc8d66f4f974046f,data/polished_dataset/backward/35degree/1500rpm/1500.0rpm0.0Nm35.0deg.csv,1260734,0d890a7e41e0b3e9c942551650d717f5a6e3e4996f2e7b5ae12b17d0e1eaa1a3
speed_1500rpm__torque_100Nm__temperature_25degC,train,1500.0,100.0,25.0,data/polished_dataset/forward/25degree/1500rpm/1500.0rpm100.0Nm25.0deg.csv,1223220,7e6f8ca22de3ca839d57790a0cf1aa5459ea88a45453ff4eb1e069a0de006a47,data/polished_dataset/backward/25degree/1500rpm/1500.0rpm100.0Nm25.0deg.csv,1226090,7570e10406042172ce1c422725619384d4c0e83cea99331c12d665d41cf83d9b
speed_1500rpm__torque_100Nm__temperature_35degC,train,1500.0,100.0,35.0,data/polished_dataset/forward/35degree/1500rpm/1500.0rpm100.0Nm35.0deg.csv,1248535,6f8edf5971a878476fc78c7477b3b1a4e74edc4eed5756f092977781a99bec58,data/polished_dataset/backward/35degree/1500rpm/1500.0rpm100.0Nm35.0deg.csv,1245564,3374885258be72baac2b71ff1dff60ad07bea5218eababb2357aa056aab3f67f
speed_1500rpm__torque_200Nm__temperature_25degC,train,1500.0,200.0,25.0,data/polished_dataset/forward/25degree/1500rpm/1500.0rpm200.0Nm25.0deg.csv,1225550,99e2ed18f9f0e792c7d627bec22598c6f778574a4415ef39b0ad852d57e869db,data/polished_dataset/backward/25degree/1500rpm/1500.0rpm200.0Nm25.0deg.csv,1216600,c0d884c2537ddf07183f35ed3ad09268c7ad4e25d7f2556f266a064ab6f80cd2
speed_1500rpm__torque_200Nm__temperature_35degC,train,1500.0,200.0,35.0,data/polished_dataset/forward/35degree/1500rpm/1500.0rpm200.0Nm35.0deg.csv,1245747,2734b0d12baa719cf129d7dc313876b15261e92f9ae5942f738594b5c5a474b3,data/polished_dataset/backward/35degree/1500rpm/1500.0rpm200.0Nm35.0deg.csv,1244211,18e26acfdf566cb3e4d53a4b7bfbb842ac617315caf3bc55df69355c6bd0d750
speed_1500rpm__torque_400Nm__temperature_25degC,train,1500.0,400.0,25.0,data/polished_dataset/forward/25degree/1500rpm/1500.0rpm400.0Nm25.0deg.csv,1215056,dcee2e021765538e5428069f1a6653bfd7b2043713027dd398e79ca75e65adfe,data/polished_dataset/backward/25degree/1500rpm/1500.0rpm400.0Nm25.0deg.csv,1233895,f8afe0e26550d89fdbad48daf9aad2b2d89c8c0919e862f8c90e3148bbb89221
speed_1500rpm__torque_400Nm__temperature_30degC,train,1500.0,400.0,30.0,data/polished_dataset/forward/30degree/1500rpm/1500.0rpm400.0Nm30.0deg.csv,1218862,7e4750fde0285f8d7652f03fd3ef872f140119bccc412e0611e28f5949477f9b,data/polished_dataset/backward/30degree/1500rpm/1500.0rpm400.0Nm30.0deg.csv,1218826,c2b0f9c473f5a4787b597fc60d6fb31975c672d6d3b90482599e5252d38f6d10
speed_1500rpm__torque_400Nm__temperature_35degC,train,1500.0,400.0,35.0,data/polished_dataset/forward/35degree/1500rpm/1500.0rpm400.0Nm35.0deg.csv,1250064,aede59b94430914f72ec3c1dd592a1e4900d2da961ee1a69c9eec1f59642268c,data/polished_dataset/backward/35degree/1500rpm/1500.0rpm400.0Nm35.0deg.csv,1240428,626a246452b266bd0c1ed8ac1412afc2f86c167cebdf66b8b418deb26126da04
speed_1500rpm__torque_500Nm__temperature_35degC,train,1500.0,500.0,35.0,data/polished_dataset/forward/35degree/1500rpm/1500.0rpm500.0Nm35.0deg.csv,1241430,aad95c52000e468fd6c767688bc8a663327a93b005cb6d02b6701da911175749,data/polished_dataset/backward/35degree/1500rpm/1500.0rpm500.0Nm35.0deg.csv,1247395,cba0e92c19a987766d0eac9b4294018aaa0925f08e1e4733c76cea12b0fcd4ef
speed_1500rpm__torque_600Nm__temperature_25degC,train,1500.0,600.0,25.0,data/polished_dataset/forward/25degree/1500rpm/1500.0rpm600.0Nm25.0deg.csv,1228135,949143f2e3b2250746e78c1209b15ba96c7b8db39fb8090d96630b8ddd1b0887,data/polished_dataset/backward/25degree/1500rpm/1500.0rpm600.0Nm25.0deg.csv,1228032,4a61491cac5515b2140d216d06c63e38a9343fd26fa38e88e9480efb3242a68f
speed_1500rpm__torque_600Nm__temperature_30degC,train,1500.0,600.0,30.0,data/polished_dataset/forward/30degree/1500rpm/1500.0rpm600.0Nm30.0deg.csv,1234684,43ebc8ee1e260365a0cba8c3fe8eec3b0696517d7ebecef0765abab40fba9a62,data/polished_dataset/backward/30degree/1500rpm/1500.0rpm600.0Nm30.0deg.csv,1229282,35f30d581b2e38801c86fa76518b5183d56c6dfd8c0d62112531bc91d8e5a0c9
speed_1500rpm__torque_600Nm__temperature_35degC,train,1500.0,600.0,35.0,data/polished_dataset/forward/35degree/1500rpm/1500.0rpm600.0Nm35.0deg.csv,1257559,d5ccd970cb4b66bbc97163548939d7aa1b5a4854c2128d39346224baca724c29,data/polished_dataset/backward/35degree/1500rpm/1500.0rpm600.0Nm35.0deg.csv,1249091,1577df22ec1f5094f7f671949a271770074b081284fd6932d96d8e0962338c3a
speed_1500rpm__torque_700Nm__temperature_25degC,train,1500.0,700.0,25.0,data/polished_dataset/forward/25degree/1500rpm/1500.0rpm700.0Nm25.0deg.csv,1224158,b1c97f590380997e171589d84eca522eab0a073c2fd4572d2a7fd7f48cc667fd,data/polished_dataset/backward/25degree/1500rpm/1500.0rpm700.0Nm25.0deg.csv,1219298,433508b8951f12f513052bde4914ceab5ab7d9e2a73ce4797b6f63976ff141b3
speed_1500rpm__torque_700Nm__temperature_30degC,train,1500.0,700.0,30.0,data/polished_dataset/forward/30degree/1500rpm/1500.0rpm700.0Nm30.0deg.csv,1253371,096171629d8ee5daa180ee610b9e31365afe3955cc2b6b93f08fec79f19758de,data/polished_dataset/backward/30degree/1500rpm/1500.0rpm700.0Nm30.0deg.csv,1247850,ed889cc0f75e2b82ca798bd00dcd1770185ab975fe9ad7138148a5fcfe41efa0
speed_1500rpm__torque_700Nm__temperature_35degC,train,1500.0,700.0,35.0,data/polished_dataset/forward/35degree/1500rpm/1500.0rpm700.0Nm35.0deg.csv,1252076,7439d9da065bd7554fcfb7c4722ed789b87c130862072cfe253d7fb045cff808,data/polished_dataset/backward/35degree/1500rpm/1500.0rpm700.0Nm35.0deg.csv,1243754,773233265c75a2845caaf63290095b1c16b926a40d8e949b8ef34cbb2d51814a
speed_1500rpm__torque_800Nm__temperature_25degC,train,1500.0,800.0,25.0,data/polished_dataset/forward/25degree/1500rpm/1500.0rpm800.0Nm25.0deg.csv,1228760,0cdf187c5b6f25f4d9b70f5ff472ae82878f6a5ecd1c744bda66c11f0a50609f,data/polished_dataset/backward/25degree/1500rpm/1500.0rpm800.0Nm25.0deg.csv,1216772,477ff097ab25cab3a29a4694bf46fc251a7e926f8301bc0cd5a8ade5a1f9066a
speed_1500rpm__torque_800Nm__temperature_35degC,train,1500.0,800.0,35.0,data/polished_dataset/forward/35degree/1500rpm/1500.0rpm800.0Nm35.0deg.csv,1250885,53b7f161c8e340e078cb1bd810f2475f38e38065ad62acfdc89fe51bd28f34a3,data/polished_dataset/backward/35degree/1500rpm/1500.0rpm800.0Nm35.0deg.csv,1244880,5437dd24d85908f3ed4ee34906e481bb654dbb82a5b19f19d5b8c969e60aaef7
speed_1500rpm__torque_900Nm__temperature_25degC,train,1500.0,900.0,25.0,data/polished_dataset/forward/25degree/1500rpm/1500.0rpm900.0Nm25.0deg.csv,1227765,e963acebcdfb0cee5837c3808d91da762cf82790de84b6c5d761e1ffe5db7880,data/polished_dataset/backward/25degree/1500rpm/1500.0rpm900.0Nm25.0deg.csv,1226313,fec715e414c304c0e67163fb3dd5837f30f419c8338642f37a0a5d1b6f89a76f
speed_1500rpm__torque_1000Nm__temperature_25degC,train,1500.0,1000.0,25.0,data/polished_dataset/forward/25degree/1500rpm/1500.0rpm1000.0Nm25.0deg.csv,1219098,228ccbf9fb2dacc427c26ea2f47c18e68c0eb7c6f83a1fbe0021ca9a9e5014dd,data/polished_dataset/backward/25degree/1500rpm/1500.0rpm1000.0Nm25.0deg.csv,1201490,7de83044c396ad7ea46fec319c45186991f072fa120bb5bbc2378d43e9c5ecf8
speed_1500rpm__torque_1000Nm__temperature_35degC,train,1500.0,1000.0,35.0,data/polished_dataset/forward/35degree/1500rpm/1500.0rpm1000.0Nm35.0deg.csv,1248634,4e23b9eb61c6981867a5262c0d47e8e00f3f3291e2a9acaebb5e5328957ac0e9,data/polished_dataset/backward/35degree/1500rpm/1500.0rpm1000.0Nm35.0deg.csv,1229130,9ad791e91caa367ceac8c1a1340f2e51dea435caa5ec16a1fb0fd2235e50f3d7
speed_1500rpm__torque_1100Nm__temperature_30degC,train,1500.0,1100.0,30.0,data/polished_dataset/forward/30degree/1500rpm/1500.0rpm1100.0Nm30.0deg.csv,1231552,576be126b37377269edca4c20fcdd916daf11341c3441a1c5f35b2330610ba52,data/polished_dataset/backward/30degree/1500rpm/1500.0rpm1100.0Nm30.0deg.csv,1227933,482b335ef03b753479574e40d320607e8c63fa65a32f493d2798be58be32926d
speed_1500rpm__torque_1200Nm__temperature_25degC,train,1500.0,1200.0,25.0,data/polished_dataset/forward/25degree/1500rpm/1500.0rpm1200.0Nm25.0deg.csv,1218911,511184e97d031a26f5fc3111cf57540838ce024cce9e44f634dc4bf4cdb009ac,data/polished_dataset/backward/25degree/1500rpm/1500.0rpm1200.0Nm25.0deg.csv,1201349,6040fd50980662dadd9b6eef31e3c62fbec4e5c37785f2f9cb43fba428e12ee0
speed_1500rpm__torque_1200Nm__temperature_35degC,train,1500.0,1200.0,35.0,data/polished_dataset/forward/35degree/1500rpm/1500.0rpm1200.0Nm35.0deg.csv,1243832,e8908a463b201773bfe13e2d3c816919da6a0ce89ce3411ad0f1e1c2993efb38,data/polished_dataset/backward/35degree/1500rpm/1500.0rpm1200.0Nm35.0deg.csv,1231117,ce8799ef86196cfe1d0037961f6c978b151820a1ea79358e9adf720eb66b7b6f
speed_1500rpm__torque_1300Nm__temperature_30degC,train,1500.0,1300.0,30.0,data/polished_dataset/forward/30degree/1500rpm/1500.0rpm1300.0Nm30.0deg.csv,1214594,8ce426a6a22e27ce57f53e4768cbcc42504d321c1ed476e51a8c200abb7ab357,data/polished_dataset/backward/30degree/1500rpm/1500.0rpm1300.0Nm30.0deg.csv,1213480,4d8117db48ea49cce9f6ac643998b0de2c083d1182a6d7e03034f6f2356e7f11
speed_1500rpm__torque_1300Nm__temperature_35degC,train,1500.0,1300.0,35.0,data/polished_dataset/forward/35degree/1500rpm/1500.0rpm1300.0Nm35.0deg.csv,1248904,ed9b23451ff5dd15ce127d8a6029f1c7c9e00573a11cfe620466d6a2c03cab2d,data/polished_dataset/backward/35degree/1500rpm/1500.0rpm1300.0Nm35.0deg.csv,1224010,15646b589f73b3f68206244aad7ce1947154049ea7ef96a3da6eb3d1cc974db3
speed_1500rpm__torque_1500Nm__temperature_25degC,train,1500.0,1500.0,25.0,data/polished_dataset/forward/25degree/1500rpm/1500.0rpm1500.0Nm25.0deg.csv,1217195,15f57a29164cf45a6339dc15fd7dfeda8fd656d63b981c4017927aa08671a1fa,data/polished_dataset/backward/25degree/1500rpm/1500.0rpm1500.0Nm25.0deg.csv,1198956,d6524ee879f108cfd85aa920d92a810281e259df575bf6f60e99649815479df1
speed_1500rpm__torque_1500Nm__temperature_30degC,train,1500.0,1500.0,30.0,data/polished_dataset/forward/30degree/1500rpm/1500.0rpm1500.0Nm30.0deg.csv,1220204,95e76c4526baf1037ac9b01e142e14cc2ba1c6c5ac1340bc728b15d7b4a23eca,data/polished_dataset/backward/30degree/1500rpm/1500.0rpm1500.0Nm30.0deg.csv,1215751,d20838a8c7b1ea15685fe70c071e3abc280a729d5e6e4526a02a2c48605977b7
speed_1500rpm__torque_1500Nm__temperature_35degC,train,1500.0,1500.0,35.0,data/polished_dataset/forward/35degree/1500rpm/1500.0rpm1500.0Nm35.0deg.csv,1245181,8bd008c52d25e49ec97d1b0ab0b5fce930457c9d02bc3bbc57d2251cf0a56ab5,data/polished_dataset/backward/35degree/1500rpm/1500.0rpm1500.0Nm35.0deg.csv,1227274,fd15172a3ba3204448ea0d464b34ea86fe061b2c2e2064e124da6d511ae902d3
speed_1500rpm__torque_1600Nm__temperature_35degC,train,1500.0,1600.0,35.0,data/polished_dataset/forward/35degree/1500rpm/1500.0rpm1600.0Nm35.0deg.csv,1243667,1cfbfd18aed42744c272779866da408dfbd849e07c99300dd8a5e1941bc8639e,data/polished_dataset/backward/35degree/1500rpm/1500.0rpm1600.0Nm35.0deg.csv,1230678,b0af3bccb305f682864f505415c1b8745f73c4469ba3568922529a6f4c3d3492
speed_1500rpm__torque_1700Nm__temperature_35degC,train,1500.0,1700.0,35.0,data/polished_dataset/forward/35degree/1500rpm/1500.0rpm1700.0Nm35.0deg.csv,1243481,5f1ff9a352ae3ebe94782cb06c4059a702f78423f10465f1d5020a847b82bb17,data/polished_dataset/backward/35degree/1500rpm/1500.0rpm1700.0Nm35.0deg.csv,1233080,ed966474cf1aeab09a13dd00cedca1410c5067d523d72031de20e244b8b8b01f
speed_1500rpm__torque_1800Nm__temperature_25degC,train,1500.0,1800.0,25.0,data/polished_dataset/forward/25degree/1500rpm/1500.0rpm1800.0Nm25.0deg.csv,1223621,ae04ea45957cb6f6f1da82b03c8b300cd1d15c649f00505eba2ee0c9434ab498,data/polished_dataset/backward/25degree/1500rpm/1500.0rpm1800.0Nm25.0deg.csv,1207512,0060ca96aa34c0ececf2f0f977862274f0fb3ccef12293451c9cf87d2b5a718d
speed_1600rpm__torque_0Nm__temperature_35degC,train,1600.0,0.0,35.0,data/polished_dataset/forward/35degree/1600rpm/1600.0rpm0.0Nm35.0deg.csv,1169321,6bdbb2ad7b4fee54c4062cfe311fae5060d2a180e17e2668f6bcdec1ea26d5e8,data/polished_dataset/backward/35degree/1600rpm/1600.0rpm0.0Nm35.0deg.csv,1172624,063d5952343afa8a0b6f735b38c7212eb3a89d39191349b5125e7f0bb3045f8b
speed_1600rpm__torque_100Nm__temperature_25degC,train,1600.0,100.0,25.0,data/polished_dataset/forward/25degree/1600rpm/1600.0rpm100.0Nm25.0deg.csv,1145467,3f6a1f11a8f6750d17b32088e0e25481c996a80565e1ed81c884b325609a64e8,data/polished_dataset/backward/25degree/1600rpm/1600.0rpm100.0Nm25.0deg.csv,1143414,d14cd9ff26f447a77a7b6cf7b8f54a38cc17cf84c485820b77cfc9bb3482dc5e
speed_1600rpm__torque_100Nm__temperature_30degC,train,1600.0,100.0,30.0,data/polished_dataset/forward/30degree/1600rpm/1600.0rpm100.0Nm30.0deg.csv,1149479,4d9c9310396beb61b0331022a9c2e4cd4218616d8c856b73ce12b43226ffc2ef,data/polished_dataset/backward/30degree/1600rpm/1600.0rpm100.0Nm30.0deg.csv,1154566,dfedc057ba0cd14672c708b9ab09b2ccd9efd21fdef9938966768974e204d3c5
speed_1600rpm__torque_100Nm__temperature_35degC,train,1600.0,100.0,35.0,data/polished_dataset/forward/35degree/1600rpm/1600.0rpm100.0Nm35.0deg.csv,1164771,dbbb56184240a66806fbfb6aaa0cc8fbdaadfd5c216e89e02d8376863bd4d4a9,data/polished_dataset/backward/35degree/1600rpm/1600.0rpm100.0Nm35.0deg.csv,1168287,c2ad7e19be1ae67fc3d6c8c1bc038e0b0e5227a94820723ab631c12536c66983
speed_1600rpm__torque_200Nm__temperature_25degC,train,1600.0,200.0,25.0,data/polished_dataset/forward/25degree/1600rpm/1600.0rpm200.0Nm25.0deg.csv,1150063,f45ff743e606bc446fa40baab01e5f3aa647a3252ef1d408f9f2e7eabb330534,data/polished_dataset/backward/25degree/1600rpm/1600.0rpm200.0Nm25.0deg.csv,1147455,f5bcb25badc5ee88fe81baafab9017e924c28b0198cfca65cb0aee5c34dcf086
speed_1600rpm__torque_200Nm__temperature_35degC,train,1600.0,200.0,35.0,data/polished_dataset/forward/35degree/1600rpm/1600.0rpm200.0Nm35.0deg.csv,1169195,e6335bfcd5688d4f1bdb3d6186a79a805d0e6b6479de3aba271ff3a6717e42e4,data/polished_dataset/backward/35degree/1600rpm/1600.0rpm200.0Nm35.0deg.csv,1176367,ecc06cacb9d01ea631ee95493840f41877620b6b55774721ea462b20370ed438
speed_1600rpm__torque_300Nm__temperature_25degC,train,1600.0,300.0,25.0,data/polished_dataset/forward/25degree/1600rpm/1600.0rpm300.0Nm25.0deg.csv,1151696,814f2e7171bdd63606d90756ee59f99cc8f8d67af4e59a9ab054ec1787d6582b,data/polished_dataset/backward/25degree/1600rpm/1600.0rpm300.0Nm25.0deg.csv,1144440,8b874cf8178db7a291472718317268ba3fbd706eca65a51779ba16d4b97218bd
speed_1600rpm__torque_400Nm__temperature_35degC,train,1600.0,400.0,35.0,data/polished_dataset/forward/35degree/1600rpm/1600.0rpm400.0Nm35.0deg.csv,1174262,8e2223c5b9626c67db048d594258bfbf75080df2e5f51fe4387f71f113d65000,data/polished_dataset/backward/35degree/1600rpm/1600.0rpm400.0Nm35.0deg.csv,1170191,18d1dff57e9b92e1607f6bc80e68a431a86e78ac1dc79d493fce09cab4bea915
speed_1600rpm__torque_500Nm__temperature_25degC,train,1600.0,500.0,25.0,data/polished_dataset/forward/25degree/1600rpm/1600.0rpm500.0Nm25.0deg.csv,1147354,a0d70860552b96745280fd69e2b31cb7216f621515b93cf42f3354eb9eb927a4,data/polished_dataset/backward/25degree/1600rpm/1600.0rpm500.0Nm25.0deg.csv,1149640,79c8af6ed0ffb9c18c0ab13578015ab80311d85c7cd218a8ff824c547997a663
speed_1600rpm__torque_600Nm__temperature_25degC,train,1600.0,600.0,25.0,data/polished_dataset/forward/25degree/1600rpm/1600.0rpm600.0Nm25.0deg.csv,1159123,06391fd9efbb136f60b92a06c8513830979761f0ac59992617cfccf2bf66236e,data/polished_dataset/backward/25degree/1600rpm/1600.0rpm600.0Nm25.0deg.csv,1141057,865f04daa03786293aa56d7bca85d182b99d834b7b7c42d3271e96180348097e
speed_1600rpm__torque_600Nm__temperature_30degC,train,1600.0,600.0,30.0,data/polished_dataset/forward/30degree/1600rpm/1600.0rpm600.0Nm30.0deg.csv,1153647,4fc5392ff074c66bc8be2f7862aa1ab90f83d1c1c1bd3f0315b817b25f428efc,data/polished_dataset/backward/30degree/1600rpm/1600.0rpm600.0Nm30.0deg.csv,1158509,58f434d8ebcc4a660e2d2cc6c150d79e48e6c07af2032737b9ed78cc2bc8b229
speed_1600rpm__torque_700Nm__temperature_25degC,train,1600.0,700.0,25.0,data/polished_dataset/forward/25degree/1600rpm/1600.0rpm700.0Nm25.0deg.csv,1155366,5fb48139c6e4f09883274cedeb0f300db6941d2782933534401d7940d672521c,data/polished_dataset/backward/25degree/1600rpm/1600.0rpm700.0Nm25.0deg.csv,1143490,5d1126cb66f652bbab1f1cf1eae635a5d652dd47a1536b174aa3d10cf171a054
speed_1600rpm__torque_700Nm__temperature_35degC,train,1600.0,700.0,35.0,data/polished_dataset/forward/35degree/1600rpm/1600.0rpm700.0Nm35.0deg.csv,1175512,2cae36c05667822c77b99016d765bfe92a85841cd330015c09e67b165cf86344,data/polished_dataset/backward/35degree/1600rpm/1600.0rpm700.0Nm35.0deg.csv,1168914,437aa724eef58c05e688aebf77fdd08cb31c0b900a44a3b3584b703db615d8c0
speed_1600rpm__torque_800Nm__temperature_30degC,train,1600.0,800.0,30.0,data/polished_dataset/forward/30degree/1600rpm/1600.0rpm800.0Nm30.0deg.csv,1157459,9cf252d5a679e99caddee8e754a5cdc98c7a7e5d0b5e34f663698914c6579653,data/polished_dataset/backward/30degree/1600rpm/1600.0rpm800.0Nm30.0deg.csv,1164505,d1264ef077fde8108b6397ca8af2b2b00ff9337725775b36306854bf96b11c83
speed_1600rpm__torque_800Nm__temperature_35degC,train,1600.0,800.0,35.0,data/polished_dataset/forward/35degree/1600rpm/1600.0rpm800.0Nm35.0deg.csv,1167348,bd7de118e5a25895ce03fda67f6218bbceee6830036b0a01b27cd08f9e8ec755,data/polished_dataset/backward/35degree/1600rpm/1600.0rpm800.0Nm35.0deg.csv,1167678,c78fbd5c02c6f9b5e2111c7a1fc99c7ba594ddfda954836eb231068dd4eef3ca
speed_1600rpm__torque_900Nm__temperature_25degC,train,1600.0,900.0,25.0,data/polished_dataset/forward/25degree/1600rpm/1600.0rpm900.0Nm25.0deg.csv,1152309,601194b614495d4624495330b799010da77e73632a13b2380435d5cc58f38c66,data/polished_dataset/backward/25degree/1600rpm/1600.0rpm900.0Nm25.0deg.csv,1140267,d34074f358a6fe92251721fe04942df35a152b9ded55be7fd2107732516f1ba5
speed_1600rpm__torque_900Nm__temperature_30degC,train,1600.0,900.0,30.0,data/polished_dataset/forward/30degree/1600rpm/1600.0rpm900.0Nm30.0deg.csv,1144473,02ce01a8a3a4dd26c55a780a84ca19a6ca1b0e9246da43b789653e778531e467,data/polished_dataset/backward/30degree/1600rpm/1600.0rpm900.0Nm30.0deg.csv,1139808,33d122e778e6f3d968ea33ead73f4d277fa8a4f9c86fce5a86f9f3789d0f24d3
speed_1600rpm__torque_900Nm__temperature_35degC,train,1600.0,900.0,35.0,data/polished_dataset/forward/35degree/1600rpm/1600.0rpm900.0Nm35.0deg.csv,1167566,a7c39da685507cea1bdfb580a0df001602392c98c52f1d9e64ef894678588147,data/polished_dataset/backward/35degree/1600rpm/1600.0rpm900.0Nm35.0deg.csv,1168550,a472a6a77956e1c256bda9c14b1c75bc5f0e82cf4e1b8820006e19a68c5a1810
speed_1600rpm__torque_1000Nm__temperature_25degC,train,1600.0,1000.0,25.0,data/polished_dataset/forward/25degree/1600rpm/1600.0rpm1000.0Nm25.0deg.csv,1143378,f0a4e83b7d366927a162a2041df881b14d07def5798ac192904a3c3ae936d835,data/polished_dataset/backward/25degree/1600rpm/1600.0rpm1000.0Nm25.0deg.csv,1127574,8f85da926b343a8cb0012e7eac30b3e482499071002d765fab0385edf10b2b7a
speed_1600rpm__torque_1000Nm__temperature_30degC,train,1600.0,1000.0,30.0,data/polished_dataset/forward/30degree/1600rpm/1600.0rpm1000.0Nm30.0deg.csv,1143527,7c552534fdffb084e3f21a949111ff74700386486852fb46cb00992354aac9c4,data/polished_dataset/backward/30degree/1600rpm/1600.0rpm1000.0Nm30.0deg.csv,1132851,f389c4b33a3bd3330a43a3c181352f3ba9f315e89c4d140683ae22bcf36ff39d
speed_1600rpm__torque_1000Nm__temperature_35degC,train,1600.0,1000.0,35.0,data/polished_dataset/forward/35degree/1600rpm/1600.0rpm1000.0Nm35.0deg.csv,1161958,da5a0e1d04f02a6995300b1ed66e1c04b5e4262de45c234ff5d26b051b720ae5,data/polished_dataset/backward/35degree/1600rpm/1600.0rpm1000.0Nm35.0deg.csv,1150970,e11738fbcc243976b8fd43dee7abe0615f5354a5edd778657044871ea846887b
speed_1600rpm__torque_1100Nm__temperature_25degC,train,1600.0,1100.0,25.0,data/polished_dataset/forward/25degree/1600rpm/1600.0rpm1100.0Nm25.0deg.csv,1145710,b715c0cf7b16cc12f59251657e63a6bc3240af2abf2e0efd57977c8d132493b1,data/polished_dataset/backward/25degree/1600rpm/1600.0rpm1100.0Nm25.0deg.csv,1134045,76bb7bfb098d2f05174d0abf51973256907a92212273956b783f2b02e92db3b4
speed_1600rpm__torque_1100Nm__temperature_30degC,train,1600.0,1100.0,30.0,data/polished_dataset/forward/30degree/1600rpm/1600.0rpm1100.0Nm30.0deg.csv,1137624,f69b88baddd4a0ad68a4a45aa80fd21b29629606c9361caf99630653c75ef263,data/polished_dataset/backward/30degree/1600rpm/1600.0rpm1100.0Nm30.0deg.csv,1128302,95a37d02cd6eee163b1f1cc47dcea89afdaa9be734b09f3437e5ba0664d0ec1a
speed_1600rpm__torque_1100Nm__temperature_35degC,train,1600.0,1100.0,35.0,data/polished_dataset/forward/35degree/1600rpm/1600.0rpm1100.0Nm35.0deg.csv,1162031,1ac16317df65d9186cfabc8f126e0fb713269671772e1ccc7f70977813747fec,data/polished_dataset/backward/35degree/1600rpm/1600.0rpm1100.0Nm35.0deg.csv,1150851,b3b05fe8d294c3431958c9eadc7487ca6f23a88b29560a51e5b1cd4dc410f8cf
speed_1600rpm__torque_1200Nm__temperature_25degC,train,1600.0,1200.0,25.0,data/polished_dataset/forward/25degree/1600rpm/1600.0rpm1200.0Nm25.0deg.csv,1143378,903a9e72dcb3b7d62adab270ba997a2658cd2576e34e7e0fe12daafc741855f5,data/polished_dataset/backward/25degree/1600rpm/1600.0rpm1200.0Nm25.0deg.csv,1124562,e00fbf94f7f963420127a19f58b555c3a6425da30f4058ec26af84a0ee16902a
speed_1600rpm__torque_1200Nm__temperature_30degC,train,1600.0,1200.0,30.0,data/polished_dataset/forward/30degree/1600rpm/1600.0rpm1200.0Nm30.0deg.csv,1138487,528e75c61d7ea24f7bf4f29d8a9163cca41e3e703a19e1ec9b8ba2f33a3fb8bb,data/polished_dataset/backward/30degree/1600rpm/1600.0rpm1200.0Nm30.0deg.csv,1149014,86f7fe7e469de7b218ced5cda2fbfbde54e9dc139ccf8998c7b9529ad3d7f175
speed_1600rpm__torque_1200Nm__temperature_35degC,train,1600.0,1200.0,35.0,data/polished_dataset/forward/35degree/1600rpm/1600.0rpm1200.0Nm35.0deg.csv,1160916,af945022a6efb0817f71e8355456511ca2cbcf0db6928bf528afb13e1ce30c2f,data/polished_dataset/backward/35degree/1600rpm/1600.0rpm1200.0Nm35.0deg.csv,1155872,1e048a73fc0cbab1bcda47587e6a6685985d2d106580c82597fe6e323f23a535
speed_1600rpm__torque_1300Nm__temperature_25degC,train,1600.0,1300.0,25.0,data/polished_dataset/forward/25degree/1600rpm/1600.0rpm1300.0Nm25.0deg.csv,1139447,2de7d5596123b68be109284da008001c0046374155bd43d6537f3f733583dbad,data/polished_dataset/backward/25degree/1600rpm/1600.0rpm1300.0Nm25.0deg.csv,1129246,826fa5614441cc2337394fc4a0897ad9dcd304b01bba86316e4be5708c13ab04
speed_1600rpm__torque_1300Nm__temperature_30degC,train,1600.0,1300.0,30.0,data/polished_dataset/forward/30degree/1600rpm/1600.0rpm1300.0Nm30.0deg.csv,1152822,970e6fc2deb8f2e5c2a42214d6108bac2fc088bdde07e8b7381c28878efba9f7,data/polished_dataset/backward/30degree/1600rpm/1600.0rpm1300.0Nm30.0deg.csv,1147416,754e029ee7b7029c99628abd4503ba1bf706dec3008221dba8d502dc6495bf58
speed_1600rpm__torque_1400Nm__temperature_25degC,train,1600.0,1400.0,25.0,data/polished_dataset/forward/25degree/1600rpm/1600.0rpm1400.0Nm25.0deg.csv,1141590,77167954e96749f51b27f61b38c0998a06e9216254093cca7998cd8ca53a9e68,data/polished_dataset/backward/25degree/1600rpm/1600.0rpm1400.0Nm25.0deg.csv,1131326,ac219723cfe43291189590ee414be42ad480d7d21a89e46c3c4575576b59db05
speed_1600rpm__torque_1400Nm__temperature_30degC,train,1600.0,1400.0,30.0,data/polished_dataset/forward/30degree/1600rpm/1600.0rpm1400.0Nm30.0deg.csv,1141748,351f7c6d5426e4adc5643e8b372fe3d855a83dd6a5d20b9bc1dbd278e5ba8ca7,data/polished_dataset/backward/30degree/1600rpm/1600.0rpm1400.0Nm30.0deg.csv,1155788,cad48aa422cd16095fd3e0e95602fc55ebdeedeb73f4ee973d23e826072c9953
speed_1600rpm__torque_1400Nm__temperature_35degC,train,1600.0,1400.0,35.0,data/polished_dataset/forward/35degree/1600rpm/1600.0rpm1400.0Nm35.0deg.csv,1164880,3e733f7dfd0420a88e098d590f079c9a13f7e53bcda8f75f0c3f8296fc17ef64,data/polished_dataset/backward/35degree/1600rpm/1600.0rpm1400.0Nm35.0deg.csv,1148967,32cca394ab0d7d90ad86266c65022638bf10b997d2df04b504d64fb30eeb109a
speed_1600rpm__torque_1500Nm__temperature_25degC,train,1600.0,1500.0,25.0,data/polished_dataset/forward/25degree/1600rpm/1600.0rpm1500.0Nm25.0deg.csv,1145812,66f8b687d32e99f9aca7a6a703fec25aad25db9680480b055c80a7c4b9291618,data/polished_dataset/backward/25degree/1600rpm/1600.0rpm1500.0Nm25.0deg.csv,1127629,f57d8700146bea271b8bb96f7f7167c7944087856dab23ba1c72908d980dfe31
speed_1600rpm__torque_1500Nm__temperature_30degC,train,1600.0,1500.0,30.0,data/polished_dataset/forward/30degree/1600rpm/1600.0rpm1500.0Nm30.0deg.csv,1142972,274ed5926358948500cd97012780f947739ee2658772311337235fa9fa64399b,data/polished_dataset/backward/30degree/1600rpm/1600.0rpm1500.0Nm30.0deg.csv,1160980,1d0ef7881f90cc49a235b212ed94c19ffc4097c2e2c78385f8e59c59dd608ddf
speed_1600rpm__torque_1500Nm__temperature_35degC,train,1600.0,1500.0,35.0,data/polished_dataset/forward/35degree/1600rpm/1600.0rpm1500.0Nm35.0deg.csv,1165574,e86526ae476b860ab0c88cf5a58436848978542ecadc6a5e2e146a2be11a6885,data/polished_dataset/backward/35degree/1600rpm/1600.0rpm1500.0Nm35.0deg.csv,1159404,3186f8b6477d56cd76ed27ca60e182feca6b9cc61c49756c340cd0a73cb40715
speed_1600rpm__torque_1600Nm__temperature_25degC,train,1600.0,1600.0,25.0,data/polished_dataset/forward/25degree/1600rpm/1600.0rpm1600.0Nm25.0deg.csv,1142431,b2c7611657e64320effda0223b0c4fedb01b007f07c2bd79fb00dc7e62957f20,data/polished_dataset/backward/25degree/1600rpm/1600.0rpm1600.0Nm25.0deg.csv,1125341,cb710e4c788d587bea59ca364ba9c9e171cce5315c5138024ab4d2559caf51d4
speed_1600rpm__torque_1600Nm__temperature_35degC,train,1600.0,1600.0,35.0,data/polished_dataset/forward/35degree/1600rpm/1600.0rpm1600.0Nm35.0deg.csv,1160645,f71d8733453f27787447ecf5363e1a3b412e79ceaf26060eec5b46ad21e7a328,data/polished_dataset/backward/35degree/1600rpm/1600.0rpm1600.0Nm35.0deg.csv,1149580,4188818a85a34bf71f0a61d1520352f7c9b811be1d2d74b35fd62f4e9cbe662b
speed_1600rpm__torque_1700Nm__temperature_25degC,train,1600.0,1700.0,25.0,data/polished_dataset/forward/25degree/1600rpm/1600.0rpm1700.0Nm25.0deg.csv,1136744,3702b14e42b68e3ebc267653cd39aec1464559dd26081e7df4698e175766f5b7,data/polished_dataset/backward/25degree/1600rpm/1600.0rpm1700.0Nm25.0deg.csv,1137422,54f0012b452702194a124bc9a30447b9008e1c8a736e74ee3f8e0b5ac109acdf
speed_1600rpm__torque_1800Nm__temperature_25degC,train,1600.0,1800.0,25.0,data/polished_dataset/forward/25degree/1600rpm/1600.0rpm1800.0Nm25.0deg.csv,1143299,df7ae70a12a64b99e5f406a8900a7c3d1259f082b8cccbb5ab7e5986611a8481,data/polished_dataset/backward/25degree/1600rpm/1600.0rpm1800.0Nm25.0deg.csv,1130980,ae7ff3f7074bc30e28c4ed050e929f380fa4a8f399c9eb21c8b3b183f3aa1b3a
speed_1600rpm__torque_1800Nm__temperature_30degC,train,1600.0,1800.0,30.0,data/polished_dataset/forward/30degree/1600rpm/1600.0rpm1800.0Nm30.0deg.csv,1140881,e5988dcf6a8b00ebe20600a82357d726523ef276b811b55c0e39c301723f564c,data/polished_dataset/backward/30degree/1600rpm/1600.0rpm1800.0Nm30.0deg.csv,1158442,6e40ea779371fb2ec76ce9fe567cf286b2ff2386ab6a48ab8d0ca9f781ef1a9b
speed_1600rpm__torque_1800Nm__temperature_35degC,train,1600.0,1800.0,35.0,data/polished_dataset/forward/35degree/1600rpm/1600.0rpm1800.0Nm35.0deg.csv,1167098,64a957aac6e93aaa12b4e7be9d4f7c04af2a3ed15ec1e83d14f2444ee6108543,data/polished_dataset/backward/35degree/1600rpm/1600.0rpm1800.0Nm35.0deg.csv,1155095,b922b62a6898cdd8cffb9d70ed9209fc506c76bb77e7929c2a8192b619636b3d
speed_1700rpm__torque_0Nm__temperature_30degC,train,1700.0,0.0,30.0,data/polished_dataset/forward/30degree/1700rpm/1700.0rpm0.0Nm30.0deg.csv,1080342,44d8e49815bbafb2f659714485f404eceef0bb856ddddfcd44f5440095c168c5,data/polished_dataset/backward/30degree/1700rpm/1700.0rpm0.0Nm30.0deg.csv,1084235,a173ee97f911b953d30979b6b6d8510809a1c6fc2154e38847733c96350e95d7
speed_1700rpm__torque_0Nm__temperature_35degC,train,1700.0,0.0,35.0,data/polished_dataset/forward/35degree/1700rpm/1700.0rpm0.0Nm35.0deg.csv,1100738,26fc180968d189584c24a4297303612d924d81cf564497860108f07dd2f17b85,data/polished_dataset/backward/35degree/1700rpm/1700.0rpm0.0Nm35.0deg.csv,1112147,616d92f7e3fcf97e4c994606ec0324f44e75b0e2c74fb69eaf52bdef4557d886
speed_1700rpm__torque_100Nm__temperature_25degC,train,1700.0,100.0,25.0,data/polished_dataset/forward/25degree/1700rpm/1700.0rpm100.0Nm25.0deg.csv,1081375,90278bbd1a2960b68f0b5dff61adc09cfa77cd185471f925b10b2791ee4ad6d2,data/polished_dataset/backward/25degree/1700rpm/1700.0rpm100.0Nm25.0deg.csv,1075031,410043d1315cbb1ef0bfe31621fc91d5424da1f8a292d998328e08cd46ee6f93
speed_1700rpm__torque_100Nm__temperature_30degC,train,1700.0,100.0,30.0,data/polished_dataset/forward/30degree/1700rpm/1700.0rpm100.0Nm30.0deg.csv,1088082,0da80283cb0ec6c63ac42cc8546ae3d50a7484519a6339bc6702dce954952b72,data/polished_dataset/backward/30degree/1700rpm/1700.0rpm100.0Nm30.0deg.csv,1098918,4814ec7c1e3d97fdda83c557ea111e3a8c6a5ff99d99cc18a648a7fa08bd2965
speed_1700rpm__torque_100Nm__temperature_35degC,train,1700.0,100.0,35.0,data/polished_dataset/forward/35degree/1700rpm/1700.0rpm100.0Nm35.0deg.csv,1103812,e25f59c288d53304ed0f9ffe9cb73a68806f98ff3f201afd97e009a5ac898dfa,data/polished_dataset/backward/35degree/1700rpm/1700.0rpm100.0Nm35.0deg.csv,1099444,7aa82447d6a705ab9995a76f6475d5503d4299b3dc01ce81e73bcfe20d364680
speed_1700rpm__torque_300Nm__temperature_30degC,train,1700.0,300.0,30.0,data/polished_dataset/forward/30degree/1700rpm/1700.0rpm300.0Nm30.0deg.csv,1092022,d9dbe9f840272088b72bb9efba2f820fe1bb4302de1d458871707181972c1f78,data/polished_dataset/backward/30degree/1700rpm/1700.0rpm300.0Nm30.0deg.csv,1106690,7139f20c1b4a4c2f7f36bf4e52a7b4e4090ab2944e80f8bb3d04954cbbb86d99
speed_1700rpm__torque_400Nm__temperature_25degC,train,1700.0,400.0,25.0,data/polished_dataset/forward/25degree/1700rpm/1700.0rpm400.0Nm25.0deg.csv,1080998,03f3871f6b32acdb1674fbf3d4efedbd1d094a15264c01faedf4bc97b2ddbd20,data/polished_dataset/backward/25degree/1700rpm/1700.0rpm400.0Nm25.0deg.csv,1082051,0af2c7115ba142714d0d48fd06b0ebc561d428bd3abcd01a05bbc5cba8e8f8cb
speed_1700rpm__torque_400Nm__temperature_35degC,train,1700.0,400.0,35.0,data/polished_dataset/forward/35degree/1700rpm/1700.0rpm400.0Nm35.0deg.csv,1093459,516e6833e944e3268ad3938d200ab7949650c1d619f4e1024ba43b51a85cf9d8,data/polished_dataset/backward/35degree/1700rpm/1700.0rpm400.0Nm35.0deg.csv,1106879,78be01600e7942c477121ea7cbf2265b9bb2a5cbbd4a7a67ababe50bf344ee75
speed_1700rpm__torque_500Nm__temperature_25degC,train,1700.0,500.0,25.0,data/polished_dataset/forward/25degree/1700rpm/1700.0rpm500.0Nm25.0deg.csv,1081661,b5a47baccd03f3ac40f6c73025fc6fb4856ae654ac0f9e6ee45d3900cb17bb7b,data/polished_dataset/backward/25degree/1700rpm/1700.0rpm500.0Nm25.0deg.csv,1089063,57498253a0fe23ce2a2a9dc5bf5247d0279736df4b005cb202d4afede80c9b3e
speed_1700rpm__torque_500Nm__temperature_30degC,train,1700.0,500.0,30.0,data/polished_dataset/forward/30degree/1700rpm/1700.0rpm500.0Nm30.0deg.csv,1090969,8972f0d58fca1ac752d023f6b8683142fe8239194343eb4bf1a651f029adf14b,data/polished_dataset/backward/30degree/1700rpm/1700.0rpm500.0Nm30.0deg.csv,1099533,576b09a28b40dae3c206c051fe4179e37556e6c31169925516ca481f969ca100
speed_1700rpm__torque_600Nm__temperature_30degC,train,1700.0,600.0,30.0,data/polished_dataset/forward/30degree/1700rpm/1700.0rpm600.0Nm30.0deg.csv,1110670,478b520fc2621379ea8ec57a3fcd46ea278fc6377ef772068207da166ed25676,data/polished_dataset/backward/30degree/1700rpm/1700.0rpm600.0Nm30.0deg.csv,1105998,ff9e247d16e2b59bae9aa122b26d4e7190853ab0c8fc594bffe46f01ca9d85c8
speed_1700rpm__torque_600Nm__temperature_35degC,train,1700.0,600.0,35.0,data/polished_dataset/forward/35degree/1700rpm/1700.0rpm600.0Nm35.0deg.csv,1106793,a564c19da81e1b0848d17dab72557e6e91fce45c990265788bf302beaf2d1b50,data/polished_dataset/backward/35degree/1700rpm/1700.0rpm600.0Nm35.0deg.csv,1105165,87fa15c2a81bb836678f1f6547e92e041237e8ca30ff186a564f48bbacebff85
speed_1700rpm__torque_700Nm__temperature_25degC,train,1700.0,700.0,25.0,data/polished_dataset/forward/25degree/1700rpm/1700.0rpm700.0Nm25.0deg.csv,1082611,def53fe94e02bd80a91e89365e7c7fe6afd5c0bdadedb7c614f0b187bce494b0,data/polished_dataset/backward/25degree/1700rpm/1700.0rpm700.0Nm25.0deg.csv,1088464,7ceb0481765260cca3a781058b80a034d7499fac560b01aa0322ca4d13639c80
speed_1700rpm__torque_700Nm__temperature_35degC,train,1700.0,700.0,35.0,data/polished_dataset/forward/35degree/1700rpm/1700.0rpm700.0Nm35.0deg.csv,1110454,e3734751d64dcc9452981f54db5526552ad5546f2812743f4e174bde1da34340,data/polished_dataset/backward/35degree/1700rpm/1700.0rpm700.0Nm35.0deg.csv,1094418,8837c439016b3a5eb007722c0136f5de0b3bc93d812c7abe1d3d1151763ca734
speed_1700rpm__torque_800Nm__temperature_25degC,train,1700.0,800.0,25.0,data/polished_dataset/forward/25degree/1700rpm/1700.0rpm800.0Nm25.0deg.csv,1084864,695da29fc55f756b8fea37efacef0133438eaa3a759749604cd64d05e529a92d,data/polished_dataset/backward/25degree/1700rpm/1700.0rpm800.0Nm25.0deg.csv,1084912,6f48d9ea28955e86922b0fe952193f76200e46b50fd13be0b8d267a3bf075c1e
speed_1700rpm__torque_800Nm__temperature_35degC,train,1700.0,800.0,35.0,data/polished_dataset/forward/35degree/1700rpm/1700.0rpm800.0Nm35.0deg.csv,1107098,cd051dc0cc432cd8b1f9a61c2ef36503643b503d6c501059c96fa503805094d6,data/polished_dataset/backward/35degree/1700rpm/1700.0rpm800.0Nm35.0deg.csv,1103489,c4ff4f7e99118aea3768c1782493d9b1855e8ace672ad854e16c1806a3a3764a
speed_1700rpm__torque_900Nm__temperature_25degC,train,1700.0,900.0,25.0,data/polished_dataset/forward/25degree/1700rpm/1700.0rpm900.0Nm25.0deg.csv,1084506,f98cc6ef88bc95cc5103d2409f9368c308f69bdbcdc49e5f6f8b24989da38d52,data/polished_dataset/backward/25degree/1700rpm/1700.0rpm900.0Nm25.0deg.csv,1073464,2de9c325947218e00c48496b3da1473cbe231e67a30241ca3e3c639595459154
speed_1700rpm__torque_900Nm__temperature_30degC,train,1700.0,900.0,30.0,data/polished_dataset/forward/30degree/1700rpm/1700.0rpm900.0Nm30.0deg.csv,1086498,5938c5c35d5512dae06b7b45983d547beb888d29d796dfab01e0cfa56727e38e,data/polished_dataset/backward/30degree/1700rpm/1700.0rpm900.0Nm30.0deg.csv,1098519,0fbb3a718f0e6b35ec70808e4860da4c29f8c20b4c381e698f40194948d9b578
speed_1700rpm__torque_900Nm__temperature_35degC,train,1700.0,900.0,35.0,data/polished_dataset/forward/35degree/1700rpm/1700.0rpm900.0Nm35.0deg.csv,1104352,f9cbd95e9dfcdcb6917f93737cc0ed0fcb2659c67728c55e7854bbf6d96a2b2b,data/polished_dataset/backward/35degree/1700rpm/1700.0rpm900.0Nm35.0deg.csv,1101793,d8a2a49c67c0516d5a1f3552c68ecbd5724048c648c7da71910a3a6fb646b218
speed_1700rpm__torque_1000Nm__temperature_25degC,train,1700.0,1000.0,25.0,data/polished_dataset/forward/25degree/1700rpm/1700.0rpm1000.0Nm25.0deg.csv,1073774,d3091eabe4ff4541a77ef3497948fc0cc4d2bb141627578c24a0b1f43f3d0f4b,data/polished_dataset/backward/25degree/1700rpm/1700.0rpm1000.0Nm25.0deg.csv,1069709,76f48d2a800dd474908dfa77de6fcf0be5e43508fae89a33fd109d46c8c10e35
speed_1700rpm__torque_1000Nm__temperature_30degC,train,1700.0,1000.0,30.0,data/polished_dataset/forward/30degree/1700rpm/1700.0rpm1000.0Nm30.0deg.csv,1098223,6f8ba47ea660f10acbafb95b65b14f138dcffe3f3c18321fc2e7c384caf1b115,data/polished_dataset/backward/30degree/1700rpm/1700.0rpm1000.0Nm30.0deg.csv,1095098,18d597cb23dc8bab42764ae631b4905234aa8c7dbd162737df55b36458e39c14
speed_1700rpm__torque_1000Nm__temperature_35degC,train,1700.0,1000.0,35.0,data/polished_dataset/forward/35degree/1700rpm/1700.0rpm1000.0Nm35.0deg.csv,1101282,d1c812409e23ea8638defe381b7b6fe177c3d8dddb166ba82337de56c923037f,data/polished_dataset/backward/35degree/1700rpm/1700.0rpm1000.0Nm35.0deg.csv,1086866,30b6d651ebeee441c79aa414607eda6dc05660a31b7b78962a8936571d86e103
speed_1700rpm__torque_1100Nm__temperature_25degC,train,1700.0,1100.0,25.0,data/polished_dataset/forward/25degree/1700rpm/1700.0rpm1100.0Nm25.0deg.csv,1073116,7f24e9562e0109da8153a1b6e2a2e2066f0304349e2bdd88dc3cf40301f06953,data/polished_dataset/backward/25degree/1700rpm/1700.0rpm1100.0Nm25.0deg.csv,1066823,b9ff67dfa589a3a78933f51dc7798121ee3d788338f242f5b1c2480efbe38809
speed_1700rpm__torque_1100Nm__temperature_35degC,train,1700.0,1100.0,35.0,data/polished_dataset/forward/35degree/1700rpm/1700.0rpm1100.0Nm35.0deg.csv,1098961,66abbf53344d8306dc9f4c37295dcf39456599c8c4842c3c44cd4c389bf21ec6,data/polished_dataset/backward/35degree/1700rpm/1700.0rpm1100.0Nm35.0deg.csv,1082863,f166f9f8cd225443948c657802ec2f7d362de1a7a6fb51db64162e514d05d4f6
speed_1700rpm__torque_1200Nm__temperature_30degC,train,1700.0,1200.0,30.0,data/polished_dataset/forward/30degree/1700rpm/1700.0rpm1200.0Nm30.0deg.csv,1094684,db670ebaed899e37049a05f83c4fc9452a0b02ecc8a6885a42e5390dc751c020,data/polished_dataset/backward/30degree/1700rpm/1700.0rpm1200.0Nm30.0deg.csv,1089569,56f07db590742bd1b282ac1673e3573cc930a9ed8a21e7ea4d0289e12c79c452
speed_1700rpm__torque_1200Nm__temperature_35degC,train,1700.0,1200.0,35.0,data/polished_dataset/forward/35degree/1700rpm/1700.0rpm1200.0Nm35.0deg.csv,1089996,b964877eb289a19253489d19577b602d99820e88a26f2114330f0bda8429cf1d,data/polished_dataset/backward/35degree/1700rpm/1700.0rpm1200.0Nm35.0deg.csv,1089262,ab719a6777df4b59a55f5d28795048159008c7f93216829bf29e7f0791f79fe6
speed_1700rpm__torque_1300Nm__temperature_25degC,train,1700.0,1300.0,25.0,data/polished_dataset/forward/25degree/1700rpm/1700.0rpm1300.0Nm25.0deg.csv,1077847,2762e05e690be2ecacd812e7a2b9920f904d0c60349a3fd48f8eb5759442b2ab,data/polished_dataset/backward/25degree/1700rpm/1700.0rpm1300.0Nm25.0deg.csv,1062063,051655568fc89c98fc9f13af1fa79e06be79d90804972fa7bee2d0987a96a0e2
speed_1700rpm__torque_1300Nm__temperature_30degC,train,1700.0,1300.0,30.0,data/polished_dataset/forward/30degree/1700rpm/1700.0rpm1300.0Nm30.0deg.csv,1074256,db612de9f684c4ba367998d3e0ca9fd6247b8e40bcb6e61d027759128edf2464,data/polished_dataset/backward/30degree/1700rpm/1700.0rpm1300.0Nm30.0deg.csv,1091651,f150c7e52e8b29cd9f179d8cfaf1dacabb03dc421fd80abec934b6a7bb739e5c
speed_1700rpm__torque_1400Nm__temperature_30degC,train,1700.0,1400.0,30.0,data/polished_dataset/forward/30degree/1700rpm/1700.0rpm1400.0Nm30.0deg.csv,1068379,1efc9312f23d0d445a282d6597b434f0ebc23ea9b30cda4d48f1e623c8b1f55c,data/polished_dataset/backward/30degree/1700rpm/1700.0rpm1400.0Nm30.0deg.csv,1062136,7d1cf401e2166c4f6ec2fe7763adccf75c7cc9d1bf4a3466ee0992b6df031af8
speed_1700rpm__torque_1400Nm__temperature_35degC,train,1700.0,1400.0,35.0,data/polished_dataset/forward/35degree/1700rpm/1700.0rpm1400.0Nm35.0deg.csv,1098085,b54d4cb5cf855d3a6f8f738f4cf30f8be2e7ca09c5885b27f0a9148cfd255d32,data/polished_dataset/backward/35degree/1700rpm/1700.0rpm1400.0Nm35.0deg.csv,1091036,8d41ec964db3946683e6830b3f5705efbf6f5789f3775e0e1fac1cc4d3fac6f0
speed_1700rpm__torque_1500Nm__temperature_25degC,train,1700.0,1500.0,25.0,data/polished_dataset/forward/25degree/1700rpm/1700.0rpm1500.0Nm25.0deg.csv,1071899,0496733501bf1ad7631c2f91da74a6b626e1b2e352dce3d3ad26f86a627323db,data/polished_dataset/backward/25degree/1700rpm/1700.0rpm1500.0Nm25.0deg.csv,1065841,29d873565662369d029187294bd78f7c5e8c217e31228580bdc66bfe1c27bc0e
speed_1700rpm__torque_1500Nm__temperature_30degC,train,1700.0,1500.0,30.0,data/polished_dataset/forward/30degree/1700rpm/1700.0rpm1500.0Nm30.0deg.csv,1099857,24138acb54a49a320fed3f6e785d8a39842985b99ed0b8730693e1fd36fb3d04,data/polished_dataset/backward/30degree/1700rpm/1700.0rpm1500.0Nm30.0deg.csv,1082398,2a926af23949d986f08dd45206f2980b79bc66bc2e70d0cfd6622d23891fe843
speed_1700rpm__torque_1500Nm__temperature_35degC,train,1700.0,1500.0,35.0,data/polished_dataset/forward/35degree/1700rpm/1700.0rpm1500.0Nm35.0deg.csv,1097197,6098533655ca8e09a30d20157bab83a8dd965aed57b209dd07f0db95acd2109f,data/polished_dataset/backward/35degree/1700rpm/1700.0rpm1500.0Nm35.0deg.csv,1087397,c448ca383ebbdc12090ddf5b2a2577873f5b77261a41305e201e43ae65590b74
speed_1700rpm__torque_1600Nm__temperature_30degC,train,1700.0,1600.0,30.0,data/polished_dataset/forward/30degree/1700rpm/1700.0rpm1600.0Nm30.0deg.csv,1098216,89f0b33fd3785648f181479556ae4bfc543f48114559bef0f04fb652d732a36d,data/polished_dataset/backward/30degree/1700rpm/1700.0rpm1600.0Nm30.0deg.csv,1092369,3db318e077ebab90625548b6a7142ada01b222dab959d34bdcf0b2d753e3b908
speed_1700rpm__torque_1600Nm__temperature_35degC,train,1700.0,1600.0,35.0,data/polished_dataset/forward/35degree/1700rpm/1700.0rpm1600.0Nm35.0deg.csv,1094511,4c325e8732b561e108d5737f2d97ec75a8d80c51b7834d6049b6f3d7723b5047,data/polished_dataset/backward/35degree/1700rpm/1700.0rpm1600.0Nm35.0deg.csv,1093935,4a2d111a5b7b1742c92189b173e6d753b6d498cbcdc5539b48ab929207bd4f5f
speed_1700rpm__torque_1700Nm__temperature_25degC,train,1700.0,1700.0,25.0,data/polished_dataset/forward/25degree/1700rpm/1700.0rpm1700.0Nm25.0deg.csv,1072884,3f067460ec886a2523f26c24082ab935bf44504cee2342532750b0b8078ddc94,data/polished_dataset/backward/25degree/1700rpm/1700.0rpm1700.0Nm25.0deg.csv,1064160,61d7e6c1a883dcfea308a5bb88821d7bded84c4eb6189c885cdc6b575f23be9c
speed_1700rpm__torque_1700Nm__temperature_30degC,train,1700.0,1700.0,30.0,data/polished_dataset/forward/30degree/1700rpm/1700.0rpm1700.0Nm30.0deg.csv,1073163,a5777c08264a839a684f3eab4360db2b4c01b44304c8c51e781eb6b932300f6e,data/polished_dataset/backward/30degree/1700rpm/1700.0rpm1700.0Nm30.0deg.csv,1093266,1ec85ac35a9819d3e714437525bcdb50f128413e747dcc2eed57a47e441e095e
speed_1700rpm__torque_1800Nm__temperature_25degC,train,1700.0,1800.0,25.0,data/polished_dataset/forward/25degree/1700rpm/1700.0rpm1800.0Nm25.0deg.csv,1075877,eff56eeb074a08cec05358776beb3d6e4fc449f1bbee5b89d9f5ca8ed85b8bd4,data/polished_dataset/backward/25degree/1700rpm/1700.0rpm1800.0Nm25.0deg.csv,1056199,031be98a41c6d39fee6401e311dd648546df564b833ff43e96c4d4ee1a2cbe7b
speed_1700rpm__torque_1800Nm__temperature_30degC,train,1700.0,1800.0,30.0,data/polished_dataset/forward/30degree/1700rpm/1700.0rpm1800.0Nm30.0deg.csv,1081789,b102d0e1097ef74873bc8ac99973845f2b57deea0741b66ca2945d14b3523f4a,data/polished_dataset/backward/30degree/1700rpm/1700.0rpm1800.0Nm30.0deg.csv,1093051,67a81e0667268be0290dcd737b2b4400c51417d9b04e64fef999aa4ed1290b9e
speed_1800rpm__torque_0Nm__temperature_30degC,train,1800.0,0.0,30.0,data/polished_dataset/forward/30degree/1800rpm/1800.0rpm0.0Nm30.0deg.csv,1016740,d2e7d2f1b838ad95363c405a4f02583b86af594c2f0b749da0ab2daf8f78d64e,data/polished_dataset/backward/30degree/1800rpm/1800.0rpm0.0Nm30.0deg.csv,1025141,4648a946e98f821ec8a3e19c5e833b89ea2e37b3aacc34169b7549e21dca4856
speed_1800rpm__torque_100Nm__temperature_25degC,train,1800.0,100.0,25.0,data/polished_dataset/forward/25degree/1800rpm/1800.0rpm100.0Nm25.0deg.csv,1027804,697f8c5241ca5fdcb52ddd72bc3b15fc1995a4a980833d9f87914aadbd1b2815,data/polished_dataset/backward/25degree/1800rpm/1800.0rpm100.0Nm25.0deg.csv,1017177,833daacd1cc6a1a2139cc39f378e23444575ba669e2f1679aba0583d60476e2e
speed_1800rpm__torque_100Nm__temperature_30degC,train,1800.0,100.0,30.0,data/polished_dataset/forward/30degree/1800rpm/1800.0rpm100.0Nm30.0deg.csv,1012242,948a90cc1e8d09cab478450ab29766f1612f7ef421cac4dce60464d9a953d1d5,data/polished_dataset/backward/30degree/1800rpm/1800.0rpm100.0Nm30.0deg.csv,1014597,2f50172eada2f5f3a3dfc8399633154697d1ad9a8332cbbce6acda3842b62d02
speed_1800rpm__torque_100Nm__temperature_35degC,train,1800.0,100.0,35.0,data/polished_dataset/forward/35degree/1800rpm/1800.0rpm100.0Nm35.0deg.csv,1038236,4a9cf27098093e8dfe3609894ae001079a62fa2e4b538a9df316c9465b84ae56,data/polished_dataset/backward/35degree/1800rpm/1800.0rpm100.0Nm35.0deg.csv,1041624,3f88c9aeac7485ab306c460534fedff23f07168a744523d55e6f23fb871a52b2
speed_1800rpm__torque_200Nm__temperature_30degC,train,1800.0,200.0,30.0,data/polished_dataset/forward/30degree/1800rpm/1800.0rpm200.0Nm30.0deg.csv,1027195,c98b57c9413db52769b8ecaed3736b6959ac5467e778056446ba69bd344bfcac,data/polished_dataset/backward/30degree/1800rpm/1800.0rpm200.0Nm30.0deg.csv,1034195,ebc461da7a1d28713631b8bf68a2d3db9c41d9ab57302e07e077581c4263ead1
speed_1800rpm__torque_300Nm__temperature_25degC,train,1800.0,300.0,25.0,data/polished_dataset/forward/25degree/1800rpm/1800.0rpm300.0Nm25.0deg.csv,1029557,933ce5c6e8804768ed56078af525108be8bd9172bb00a7c3e06088e08a240115,data/polished_dataset/backward/25degree/1800rpm/1800.0rpm300.0Nm25.0deg.csv,1025285,3870b14853ea3379def1d754be51b127eda3ab1637335c20176add8059953b6c
speed_1800rpm__torque_300Nm__temperature_30degC,train,1800.0,300.0,30.0,data/polished_dataset/forward/30degree/1800rpm/1800.0rpm300.0Nm30.0deg.csv,1025727,2e98675237bd96f589bb819ba12f47336b38ec70fb307a9674e28222f3562795,data/polished_dataset/backward/30degree/1800rpm/1800.0rpm300.0Nm30.0deg.csv,1021432,a0d9b3a380a6eb08971bf038461cd8407edcaa3815749e43023bbbad40963c39
speed_1800rpm__torque_300Nm__temperature_35degC,train,1800.0,300.0,35.0,data/polished_dataset/forward/35degree/1800rpm/1800.0rpm300.0Nm35.0deg.csv,1039658,1483f261c7c2d470a61984069a751966cb68328133290df0a6ffa13d04703ded,data/polished_dataset/backward/35degree/1800rpm/1800.0rpm300.0Nm35.0deg.csv,1045947,4f5d14d46afce1b0d0aed75e49e5a27c8a3f9656eb894dd3b4fe3d8e295bf023
speed_1800rpm__torque_400Nm__temperature_25degC,train,1800.0,400.0,25.0,data/polished_dataset/forward/25degree/1800rpm/1800.0rpm400.0Nm25.0deg.csv,1016419,9a8d77b7c59f850728849cc4f6b8694bd96654031b86ee29f20bf9715649598f,data/polished_dataset/backward/25degree/1800rpm/1800.0rpm400.0Nm25.0deg.csv,1022121,99dc523950804ee927ae4150f3c2750a84e70ec71f3c5db0ff00d30ee0bf10c3
speed_1800rpm__torque_400Nm__temperature_30degC,train,1800.0,400.0,30.0,data/polished_dataset/forward/30degree/1800rpm/1800.0rpm400.0Nm30.0deg.csv,1029880,ada3e9344012ebff1c9887d9c2ec3b9f25111f8cc88ad1cae4f3e7ee3ec4d0c3,data/polished_dataset/backward/30degree/1800rpm/1800.0rpm400.0Nm30.0deg.csv,1027696,bc1aea7d1d22100779651f603b7cf038514e0bedea47370824625c273d35da80
speed_1800rpm__torque_500Nm__temperature_25degC,train,1800.0,500.0,25.0,data/polished_dataset/forward/25degree/1800rpm/1800.0rpm500.0Nm25.0deg.csv,1022224,dfb065e27821d9ac8791e47facb4d1c5525e195a5a2002d8c48efeba9029f0e2,data/polished_dataset/backward/25degree/1800rpm/1800.0rpm500.0Nm25.0deg.csv,1021431,80affe3aea65956c218171173ce1b511f17d13f88cc6f5d4c9c13bb32c3b4f9b
speed_1800rpm__torque_500Nm__temperature_30degC,train,1800.0,500.0,30.0,data/polished_dataset/forward/30degree/1800rpm/1800.0rpm500.0Nm30.0deg.csv,1018091,72fcfd56bbe74ceca0ba4572760fdd2702ba6d8e622fe4c0e3da52a24d85d452,data/polished_dataset/backward/30degree/1800rpm/1800.0rpm500.0Nm30.0deg.csv,1042351,4229f80db11ac9b3624a30a143c3c28f27dbfdbbccebf8e203a71ca1cf600e78
speed_1800rpm__torque_500Nm__temperature_35degC,train,1800.0,500.0,35.0,data/polished_dataset/forward/35degree/1800rpm/1800.0rpm500.0Nm35.0deg.csv,1042928,704f673a9bdfeb81ce960af03d9180324916f03f7d4d71cc3173648ad2344fbf,data/polished_dataset/backward/35degree/1800rpm/1800.0rpm500.0Nm35.0deg.csv,1034868,de29177aff7362efda331a4a1cc938b13fac8c4f392c7d6f265b73d28c691313
speed_1800rpm__torque_600Nm__temperature_35degC,train,1800.0,600.0,35.0,data/polished_dataset/forward/35degree/1800rpm/1800.0rpm600.0Nm35.0deg.csv,1042648,7d59567ad5b9a2e111eb26d268d01418ccb23ff34dfa9ba738077ab3cf665217,data/polished_dataset/backward/35degree/1800rpm/1800.0rpm600.0Nm35.0deg.csv,1045614,02b7009398b45505f3dee4a67aa2d4f979efe89fdf9d91e13dd624f8c074ad99
speed_1800rpm__torque_700Nm__temperature_25degC,train,1800.0,700.0,25.0,data/polished_dataset/forward/25degree/1800rpm/1800.0rpm700.0Nm25.0deg.csv,1024145,65dbb1066959a013581e96d9d7e5bd91f6b45f2253e3b776fc090d25f60320ce,data/polished_dataset/backward/25degree/1800rpm/1800.0rpm700.0Nm25.0deg.csv,1031388,9b40430b6df2ba742bdeab948c265315fe982811aac3fb705452ec97434bba5f
speed_1800rpm__torque_700Nm__temperature_35degC,train,1800.0,700.0,35.0,data/polished_dataset/forward/35degree/1800rpm/1800.0rpm700.0Nm35.0deg.csv,1052251,c7579689f1669eb83fe62b8ef7262b07650bfb5b00f28b7efacd2add367e5dda,data/polished_dataset/backward/35degree/1800rpm/1800.0rpm700.0Nm35.0deg.csv,1038402,e0ac06ab0fa16bf189f6a703e5c2942de4cbf743999c1b39139265ddf238c9d6
speed_1800rpm__torque_800Nm__temperature_25degC,train,1800.0,800.0,25.0,data/polished_dataset/forward/25degree/1800rpm/1800.0rpm800.0Nm25.0deg.csv,1023555,03d3808a0b699da1c415a972120a26e03eacc4ff0483cf42cbf9545be5a16a75,data/polished_dataset/backward/25degree/1800rpm/1800.0rpm800.0Nm25.0deg.csv,1020432,49dd8359f99d8024c23cfb56c35f24ffe098d2f6c6a12b45f832404ff08a7e48
speed_1800rpm__torque_800Nm__temperature_30degC,train,1800.0,800.0,30.0,data/polished_dataset/forward/30degree/1800rpm/1800.0rpm800.0Nm30.0deg.csv,1026365,8a3a7f03a457869d8e1329240eed4b5bf4cd130bdae9b805e8271aca092fa2d2,data/polished_dataset/backward/30degree/1800rpm/1800.0rpm800.0Nm30.0deg.csv,1025845,7b9f052897e85fb27a8cb277e88eececae5fdf7b0f1bf416fc9a669031567d92
speed_1800rpm__torque_800Nm__temperature_35degC,train,1800.0,800.0,35.0,data/polished_dataset/forward/35degree/1800rpm/1800.0rpm800.0Nm35.0deg.csv,1046702,4e0a6ed1a3c6a0dc46b180d73e4d8c2758ee8c8fffac37ac28a13f8cd71f2307,data/polished_dataset/backward/35degree/1800rpm/1800.0rpm800.0Nm35.0deg.csv,1039062,c150f5c69b01ddda5fd695c6f6d6d882dadbdf41290226a2609e7e02619a2652
speed_1800rpm__torque_900Nm__temperature_25degC,train,1800.0,900.0,25.0,data/polished_dataset/forward/25degree/1800rpm/1800.0rpm900.0Nm25.0deg.csv,1025146,321dff68245f5488f80c559a406015f7b01e243da59db1a2c12d00d5bf633370,data/polished_dataset/backward/25degree/1800rpm/1800.0rpm900.0Nm25.0deg.csv,1024370,5761b7e1854ddb9af13ab87d3fa8ec403ef0d78036e4f48e36d190cd7a29a2de
speed_1800rpm__torque_900Nm__temperature_30degC,train,1800.0,900.0,30.0,data/polished_dataset/forward/30degree/1800rpm/1800.0rpm900.0Nm30.0deg.csv,1018506,4f53cad3787906236c161326a5e6ee78fec4acc7cee09441d7a7853d30c6d68e,data/polished_dataset/backward/30degree/1800rpm/1800.0rpm900.0Nm30.0deg.csv,1040916,77bf71aeeb87614e4003c6372d564bf20338543f05a8bb4ea640742ffb49d967
speed_1800rpm__torque_1000Nm__temperature_25degC,train,1800.0,1000.0,25.0,data/polished_dataset/forward/25degree/1800rpm/1800.0rpm1000.0Nm25.0deg.csv,1018615,dbf3cf44a0ab79c45abfeab7e8f80e2593f7aa905a98e3d61940267ebdbb571c,data/polished_dataset/backward/25degree/1800rpm/1800.0rpm1000.0Nm25.0deg.csv,1011589,d6ce4866890f9552dc63fdc44272c1259903ae18a805857f2681cf0fd509ec64
speed_1800rpm__torque_1000Nm__temperature_30degC,train,1800.0,1000.0,30.0,data/polished_dataset/forward/30degree/1800rpm/1800.0rpm1000.0Nm30.0deg.csv,1019879,c7eea4eae079f8be1d24d04c5f4d3bd39c439161c22a37928ed2967dbe32a786,data/polished_dataset/backward/30degree/1800rpm/1800.0rpm1000.0Nm30.0deg.csv,1028355,ef0d7f3c4b2cb7f19fe3a3a42ea48160f7c071e93c75115fb2baf52826645e3f
speed_1800rpm__torque_1100Nm__temperature_25degC,train,1800.0,1100.0,25.0,data/polished_dataset/forward/25degree/1800rpm/1800.0rpm1100.0Nm25.0deg.csv,1016824,5ce3b606fe9c2a06e90dddd2fdefe8a873b8962cfa75cd64badb83928e290f1b,data/polished_dataset/backward/25degree/1800rpm/1800.0rpm1100.0Nm25.0deg.csv,1012810,1467cdba7e57c595a7d6b9e02e0bb988222b41f685f814f0a8837253d4700f2f
speed_1800rpm__torque_1100Nm__temperature_30degC,train,1800.0,1100.0,30.0,data/polished_dataset/forward/30degree/1800rpm/1800.0rpm1100.0Nm30.0deg.csv,1016024,3a676a5d1747d2492a1e14debb389f2e835fa39fbe1ed21b7e6d9ffab589da8a,data/polished_dataset/backward/30degree/1800rpm/1800.0rpm1100.0Nm30.0deg.csv,1031721,aa5e70273ce738e4b149cea1dae783e245d10a51c85ed5996eaf0c79134e277b
speed_1800rpm__torque_1100Nm__temperature_35degC,train,1800.0,1100.0,35.0,data/polished_dataset/forward/35degree/1800rpm/1800.0rpm1100.0Nm35.0deg.csv,1030421,b4a9353e24bcc6d38d11399c283e298f3b95864df58f21eecfa8198ccdf4a232,data/polished_dataset/backward/35degree/1800rpm/1800.0rpm1100.0Nm35.0deg.csv,1028748,535ee42d57249c1ca11fe01d2fd930464016600f11f4dabdfeec61f9ba4e5ab0
speed_1800rpm__torque_1200Nm__temperature_25degC,train,1800.0,1200.0,25.0,data/polished_dataset/forward/25degree/1800rpm/1800.0rpm1200.0Nm25.0deg.csv,1018158,6f8dafd778cd7aedd79e7e88de0c93bf0f0ecc5da8bcd0202ffd51df9e56246e,data/polished_dataset/backward/25degree/1800rpm/1800.0rpm1200.0Nm25.0deg.csv,1004745,2ed7e1819b6a33dd8b1c85bd04bae3a86fb6a394722a28668898f3875cd3f35e
speed_1800rpm__torque_1200Nm__temperature_30degC,train,1800.0,1200.0,30.0,data/polished_dataset/forward/30degree/1800rpm/1800.0rpm1200.0Nm30.0deg.csv,1012733,ab96a5078429d17f171fb372b09925da5f3df56ca856cbd2c45eb2ed31e7f8ef,data/polished_dataset/backward/30degree/1800rpm/1800.0rpm1200.0Nm30.0deg.csv,1030594,cda6717b5e8a244032993ce17e336a4e3840c0e396c65986a9ed00d426ba10c0
speed_1800rpm__torque_1300Nm__temperature_25degC,train,1800.0,1300.0,25.0,data/polished_dataset/forward/25degree/1800rpm/1800.0rpm1300.0Nm25.0deg.csv,1014128,d3b2cc5d64ec6e566652fdc6be958dfca41261b9e8f1a91e0f51e082f2ba8224,data/polished_dataset/backward/25degree/1800rpm/1800.0rpm1300.0Nm25.0deg.csv,1003151,96bc2a85001302e960790c935b6266d08a18b38dff184278c4409052b1e366fc
speed_1800rpm__torque_1300Nm__temperature_30degC,train,1800.0,1300.0,30.0,data/polished_dataset/forward/30degree/1800rpm/1800.0rpm1300.0Nm30.0deg.csv,1007192,8ec78d304433c7d36df936b0e6d3434fed90bee1f78ef6b50bdc78767c027c8e,data/polished_dataset/backward/30degree/1800rpm/1800.0rpm1300.0Nm30.0deg.csv,1011771,d42b26302025f8aaa9d63318a8f5b8c3f5b5cb3ce620ad97e3f6defa97752702
speed_1800rpm__torque_1400Nm__temperature_25degC,train,1800.0,1400.0,25.0,data/polished_dataset/forward/25degree/1800rpm/1800.0rpm1400.0Nm25.0deg.csv,1019065,f87d410e639ee78c7f1a9cbec1c43a0ea592a7f343b558c972cb3b477f3e5ae1,data/polished_dataset/backward/25degree/1800rpm/1800.0rpm1400.0Nm25.0deg.csv,1001130,f3bbd5710b61da77c317accf0ac7f9dda529a7e44d6117d8d48370b2140c58e2
speed_1800rpm__torque_1400Nm__temperature_30degC,train,1800.0,1400.0,30.0,data/polished_dataset/forward/30degree/1800rpm/1800.0rpm1400.0Nm30.0deg.csv,1026836,a2abd49056094cda35a3f558497792cde4f196d065d3e01ad9be1689c2e1b5c9,data/polished_dataset/backward/30degree/1800rpm/1800.0rpm1400.0Nm30.0deg.csv,1011247,229a359d28eca4f911a3d66ab54fe6f612597d4900a1e9bb75a9034ebcc967a5
speed_1800rpm__torque_1500Nm__temperature_25degC,train,1800.0,1500.0,25.0,data/polished_dataset/forward/25degree/1800rpm/1800.0rpm1500.0Nm25.0deg.csv,1014613,7c94088d09c264daca5832f9ac20fb89a9cb06d99bfd560aec09b69a7641fb23,data/polished_dataset/backward/25degree/1800rpm/1800.0rpm1500.0Nm25.0deg.csv,1004828,0ca688d1bfb21f7fa57e9cb35a8b72915bddf6c1d91df188b303ae43f4aa2f62
speed_1800rpm__torque_1500Nm__temperature_30degC,train,1800.0,1500.0,30.0,data/polished_dataset/forward/30degree/1800rpm/1800.0rpm1500.0Nm30.0deg.csv,1028965,8b31c7130d21720f7efbc1791be9cabd3ab9b6750e4cf711c406c1825d900bb2,data/polished_dataset/backward/30degree/1800rpm/1800.0rpm1500.0Nm30.0deg.csv,1023190,d444ac9b56770aa3463c60611a48dfc66e8562e24dab859b3d1e0ce378b88e57
speed_1800rpm__torque_1500Nm__temperature_35degC,train,1800.0,1500.0,35.0,data/polished_dataset/forward/35degree/1800rpm/1800.0rpm1500.0Nm35.0deg.csv,1028401,5396a5792b83c487fdf6647ad83edf872483d5f2b13b479a67d6ab7b43c0cf5b,data/polished_dataset/backward/35degree/1800rpm/1800.0rpm1500.0Nm35.0deg.csv,1028385,e86c92634e5e0e2fcde1e73a8ac78054cd008d6313a3e94940256a4248d63d07
speed_1800rpm__torque_1600Nm__temperature_25degC,train,1800.0,1600.0,25.0,data/polished_dataset/forward/25degree/1800rpm/1800.0rpm1600.0Nm25.0deg.csv,1018919,d7592721b46b78eedd5dc7d5330b565f205212b414d2825e7a1085badf4fb1cd,data/polished_dataset/backward/25degree/1800rpm/1800.0rpm1600.0Nm25.0deg.csv,1002320,1e2a0f43c5992ba7bf222629d69b008d49f53edd05a9ed5736323a6b68944696
speed_1800rpm__torque_1600Nm__temperature_30degC,train,1800.0,1600.0,30.0,data/polished_dataset/forward/30degree/1800rpm/1800.0rpm1600.0Nm30.0deg.csv,1014142,7ce317d8bce5fd4d983d43f291d393b693c5d45fa4a27092e06b2087103128b0,data/polished_dataset/backward/30degree/1800rpm/1800.0rpm1600.0Nm30.0deg.csv,1004774,39f77504a9f70aa936cd1e3848d7b073bc9e9ecef3692d07585d8b5814dc585a
speed_1800rpm__torque_1600Nm__temperature_35degC,train,1800.0,1600.0,35.0,data/polished_dataset/forward/35degree/1800rpm/1800.0rpm1600.0Nm35.0deg.csv,1030195,d72a4a32743b011467e552b09ff9a82ceed50f722487c38368c459eda99a7f95,data/polished_dataset/backward/35degree/1800rpm/1800.0rpm1600.0Nm35.0deg.csv,1026331,3796588104fab0194b6cdf3fe3d72fe77f4d0c43d207bbe7ed05c6483e1e4c02
speed_1800rpm__torque_1700Nm__temperature_25degC,train,1800.0,1700.0,25.0,data/polished_dataset/forward/25degree/1800rpm/1800.0rpm1700.0Nm25.0deg.csv,1020919,4a434804535a67dc948fd26aa643071b9d91b2d0147b0285d0b5411a0ccf2bd2,data/polished_dataset/backward/25degree/1800rpm/1800.0rpm1700.0Nm25.0deg.csv,1010036,2d9854220f1c41d27b177d925b8421a33a541140cfcd788d30db3cd4cff22222
speed_1800rpm__torque_1700Nm__temperature_35degC,train,1800.0,1700.0,35.0,data/polished_dataset/forward/35degree/1800rpm/1800.0rpm1700.0Nm35.0deg.csv,1038959,d0d1785ae3f8f200c8cb435d0d3a4c8f51eebb8ab9d799be59a1c94463865719,data/polished_dataset/backward/35degree/1800rpm/1800.0rpm1700.0Nm35.0deg.csv,1024606,d2600f7320647b42293f7b67eac8402a13b1dfbb37d1b7044d36a13aa54bf06a
speed_1800rpm__torque_1800Nm__temperature_25degC,train,1800.0,1800.0,25.0,data/polished_dataset/forward/25degree/1800rpm/1800.0rpm1800.0Nm25.0deg.csv,1016241,d33c4c8019a87717cf44a5ba016041045a042cc34a48da9c7855398ec0a25376,data/polished_dataset/backward/25degree/1800rpm/1800.0rpm1800.0Nm25.0deg.csv,1012966,778f12cea90b70ce8ec7cdbd18b45b127e107a556ba5c07d53ab683e32ba4f3e
speed_1800rpm__torque_1800Nm__temperature_30degC,train,1800.0,1800.0,30.0,data/polished_dataset/forward/30degree/1800rpm/1800.0rpm1800.0Nm30.0deg.csv,1019170,673ff822d4b2ee5c1d7cf2944a6c91ce8af70c8c1e5b248fc75981fc201611ab,data/polished_dataset/backward/30degree/1800rpm/1800.0rpm1800.0Nm30.0deg.csv,1014611,7c8e27db815a25cea025666e083f9e36ec5de2844ab62632d5d77dcf4fcc99c3
speed_1800rpm__torque_1800Nm__temperature_35degC,train,1800.0,1800.0,35.0,data/polished_dataset/forward/35degree/1800rpm/1800.0rpm1800.0Nm35.0deg.csv,1032726,4b7d47e39a99cfe3e17faa23e229c43e24fe694b8343bcf35ea3db7a2579add6,data/polished_dataset/backward/35degree/1800rpm/1800.0rpm1800.0Nm35.0deg.csv,1028967,751e5c6b0c54497e07c061fff4e601e64954250346163579ab0911ef7609eafd
speed_100rpm__torque_0Nm__temperature_30degC,validation,100.0,0.0,30.0,data/polished_dataset/forward/30degree/100rpm/100.0rpm0.0Nm30.0deg.csv,18103797,0232b3db70d5806532b92eac54cc672db8d1e857251fc3c5af29c2daed28d83d,data/polished_dataset/backward/30degree/100rpm/100.0rpm0.0Nm30.0deg.csv,18254982,35a884b6a7f229225da05e01e67e9c7447af6e39f19f51b25f1d713123d21387
speed_100rpm__torque_500Nm__temperature_30degC,validation,100.0,500.0,30.0,data/polished_dataset/forward/30degree/100rpm/100.0rpm500.0Nm30.0deg.csv,18221497,5e984e2581e80e1a590dea3dee0407b2270e4ece81017d11298b13cb130accbc,data/polished_dataset/backward/30degree/100rpm/100.0rpm500.0Nm30.0deg.csv,18254231,8c565b93733e7e976800013f48896445f17fc97855fa21c5c82ea9cfa0f94b64
speed_100rpm__torque_600Nm__temperature_25degC,validation,100.0,600.0,25.0,data/polished_dataset/forward/25degree/100rpm/100.0rpm600.0Nm25.0deg.csv,18425931,4bd04fe50025dd8b562a7600d0a6c43df06e755f695904e97823d0abd53e945a,data/polished_dataset/backward/25degree/100rpm/100.0rpm600.0Nm25.0deg.csv,18381618,11f13844a40c75d99d3244cf32f07ef11fdb76dce8ebd893f3a14f443e4fa66e
speed_100rpm__torque_800Nm__temperature_25degC,validation,100.0,800.0,25.0,data/polished_dataset/forward/25degree/100rpm/100.0rpm800.0Nm25.0deg.csv,18429930,6bf7a11fd8e4710860401e2d74718c43ce3080a7f0de4fc000a75249b3998ec2,data/polished_dataset/backward/25degree/100rpm/100.0rpm800.0Nm25.0deg.csv,18312059,2101ae572cb3b46a22c0b12b5e326f3ac533e59a9c97c1bf3684d4dd306038d8
speed_100rpm__torque_800Nm__temperature_35degC,validation,100.0,800.0,35.0,data/polished_dataset/forward/35degree/100rpm/100.0rpm800.0Nm35.0deg.csv,18838565,f45ea502d308a822a6d928267e154ef7b6a1e5593cd770bc17cd67e6d5d7e9b4,data/polished_dataset/backward/35degree/100rpm/100.0rpm800.0Nm35.0deg.csv,18724050,3e42c1f4c2944c08cd0e6bbe06a404e89166c3922de5ce0e6cc6d5d7ab3fbb37
speed_100rpm__torque_900Nm__temperature_30degC,validation,100.0,900.0,30.0,data/polished_dataset/forward/30degree/100rpm/100.0rpm900.0Nm30.0deg.csv,18371122,db175b9353157e9f048d141f6f48dffa2eb9e1125d3945ca473a13a7b43ce157,data/polished_dataset/backward/30degree/100rpm/100.0rpm900.0Nm30.0deg.csv,18239049,73661df0f78b36ccf703f91bb3fd5ed8ab907516c3a870b4042e53e558463aa4
speed_100rpm__torque_1100Nm__temperature_25degC,validation,100.0,1100.0,25.0,data/polished_dataset/forward/25degree/100rpm/100.0rpm1100.0Nm25.0deg.csv,18305025,d32c5f7a58076cf6c656665430b57c314bece12c3bc074747d33e6c0382146d8,data/polished_dataset/backward/25degree/100rpm/100.0rpm1100.0Nm25.0deg.csv,18099414,7b66cec6e93ad0014419c694406f6037aaa1ea728434f8caaa254373ba20b183
speed_100rpm__torque_1200Nm__temperature_35degC,validation,100.0,1200.0,35.0,data/polished_dataset/forward/35degree/100rpm/100.0rpm1200.0Nm35.0deg.csv,18782451,9627196c69ecdc8c30c1de7792eb5b0580051bc53d63e1dde16e0b7bdbb23e29,data/polished_dataset/backward/35degree/100rpm/100.0rpm1200.0Nm35.0deg.csv,18556301,81c122c38f52308be919b0c29c18b09646762fc352153adc8a53ab16b7009885
speed_100rpm__torque_1600Nm__temperature_30degC,validation,100.0,1600.0,30.0,data/polished_dataset/forward/30degree/100rpm/100.0rpm1600.0Nm30.0deg.csv,18238876,994114eef7389e50cbac3646a9c79f89cd8d9219406756c46359afb77ffb7dcc,data/polished_dataset/backward/30degree/100rpm/100.0rpm1600.0Nm30.0deg.csv,18029612,f8468766c418e9da6b3c20fa447a55b819f084a39379d07d6510902a43924ff9
speed_100rpm__torque_1600Nm__temperature_35degC,validation,100.0,1600.0,35.0,data/polished_dataset/forward/35degree/100rpm/100.0rpm1600.0Nm35.0deg.csv,18690001,3fe138c2a9e88292d6047fa1123caa02b6ab54fc3a2760d0ab55846e224169cc,data/polished_dataset/backward/35degree/100rpm/100.0rpm1600.0Nm35.0deg.csv,18510281,81166d8ad739be721fdfbc7fba373c8fcce6d484b5b50616f6e508efb1935e46
speed_100rpm__torque_1700Nm__temperature_35degC,validation,100.0,1700.0,35.0,data/polished_dataset/forward/35degree/100rpm/100.0rpm1700.0Nm35.0deg.csv,18652163,269ebc338d3be1c1ad3491eaab6b8da0c17d8b65a14d0f86d5118b5878e78b2d,data/polished_dataset/backward/35degree/100rpm/100.0rpm1700.0Nm35.0deg.csv,18483650,26f9473e93fa2286c42ee8247c403c73ec962e92295fc4d6b62fac0b4ca040bc
speed_100rpm__torque_1800Nm__temperature_35degC,validation,100.0,1800.0,35.0,data/polished_dataset/forward/35degree/100rpm/100.0rpm1800.0Nm35.0deg.csv,18607549,dc9be63a2e3e791da5fb1e11e9c912d551ac2c153c6df6ac151b60b95568275a,data/polished_dataset/backward/35degree/100rpm/100.0rpm1800.0Nm35.0deg.csv,18442109,4dc4648944a139537ecb080a3ca87286b057f6a0fa962991197b768fe738bed3
speed_200rpm__torque_600Nm__temperature_30degC,validation,200.0,600.0,30.0,data/polished_dataset/forward/30degree/200rpm/200.0rpm600.0Nm30.0deg.csv,9159784,c321c0d7692d12e4a543738034f1c142bc2c4eeb56e2e381a1fedbf753e52385,data/polished_dataset/backward/30degree/200rpm/200.0rpm600.0Nm30.0deg.csv,9096270,d8b3fe217714e2cb0c2aec39c88ebf2991e49243d1c469eab2b4099838bd4b81
speed_200rpm__torque_700Nm__temperature_30degC,validation,200.0,700.0,30.0,data/polished_dataset/forward/30degree/200rpm/200.0rpm700.0Nm30.0deg.csv,9194620,548d45668dc6ca7df05cc0a49298b2b10ed215dc17cb6c6cc92ba841ef673a92,data/polished_dataset/backward/30degree/200rpm/200.0rpm700.0Nm30.0deg.csv,9075611,f7c2ba5c6ee3d023dcca0b83c0dcded6bc378d2fd4ad97d278dd540750cfcec3
speed_200rpm__torque_900Nm__temperature_30degC,validation,200.0,900.0,30.0,data/polished_dataset/forward/30degree/200rpm/200.0rpm900.0Nm30.0deg.csv,9182708,e69aea837761ce24ba5952580d067af1e908a6cb3d1e1e76a3ad85dc327c2869,data/polished_dataset/backward/30degree/200rpm/200.0rpm900.0Nm30.0deg.csv,9124904,246f75f82abb6d220d5c7dd3eb57ba4071b8f445a77e1a5d9991412b83d34dd5
speed_200rpm__torque_1000Nm__temperature_30degC,validation,200.0,1000.0,30.0,data/polished_dataset/forward/30degree/200rpm/200.0rpm1000.0Nm30.0deg.csv,9083652,b58a52da6f281403fe043b89cbe440782a999bdceb9633779edebcf8d591a74f,data/polished_dataset/backward/30degree/200rpm/200.0rpm1000.0Nm30.0deg.csv,8953071,39789409a821cdfb889828039b51c2aeb199cbcafdac99638945a9f1d67b27d6
speed_200rpm__torque_1100Nm__temperature_35degC,validation,200.0,1100.0,35.0,data/polished_dataset/forward/35degree/200rpm/200.0rpm1100.0Nm35.0deg.csv,9353113,f8a33e0c4ebc0f1d0e73f5c6d3af693dcec587c738bec6082c80ddda2fd31baa,data/polished_dataset/backward/35degree/200rpm/200.0rpm1100.0Nm35.0deg.csv,9237138,570ea3981619f7b58e09e28678c378f5aeda1d1e4cf056e47aa00044df2b9f4a
speed_200rpm__torque_1700Nm__temperature_35degC,validation,200.0,1700.0,35.0,data/polished_dataset/forward/35degree/200rpm/200.0rpm1700.0Nm35.0deg.csv,9337068,28a5d8d1edcbb77e9b97fd93f8097780e742347a0a3cec29d088e08e80c34c42,data/polished_dataset/backward/35degree/200rpm/200.0rpm1700.0Nm35.0deg.csv,9253302,9bdb6edd117ec5376507be5f720c27408570ab7b73edcbb5557081b5ec3f9a9b
speed_300rpm__torque_500Nm__temperature_25degC,validation,300.0,500.0,25.0,data/polished_dataset/forward/25degree/300rpm/300.0rpm500.0Nm25.0deg.csv,6088144,307d69da1c1538ef69a03fd5110d5d5c8fe00e16be6efe4282ce4a0b6b445b25,data/polished_dataset/backward/25degree/300rpm/300.0rpm500.0Nm25.0deg.csv,6092707,00cad2599f88334d9307088a0a4026a42a7a52104d002b71bc466756a2c08897
speed_300rpm__torque_1100Nm__temperature_25degC,validation,300.0,1100.0,25.0,data/polished_dataset/forward/25degree/300rpm/300.0rpm1100.0Nm25.0deg.csv,6065169,9805697b0689ed1a34b0bd94bf4fca6cfb40d43a9b71bfb2aa602aed42d35847,data/polished_dataset/backward/25degree/300rpm/300.0rpm1100.0Nm25.0deg.csv,6002937,50aae8eb1393c710f6eec3d455bd772ef8c086117174e453c9436fbea66d00bd
speed_300rpm__torque_1100Nm__temperature_30degC,validation,300.0,1100.0,30.0,data/polished_dataset/forward/30degree/300rpm/300.0rpm1100.0Nm30.0deg.csv,6054082,de0cbbe03e3159db7d6ea8526012938a63048da35f0bfe540998290902874758,data/polished_dataset/backward/30degree/300rpm/300.0rpm1100.0Nm30.0deg.csv,6014879,ef47f7c03710bb8eba5130a044f16530828c45b2ea371a524766128963a0a3b8
speed_300rpm__torque_1100Nm__temperature_35degC,validation,300.0,1100.0,35.0,data/polished_dataset/forward/35degree/300rpm/300.0rpm1100.0Nm35.0deg.csv,6177396,baf5035677092e69f585df375136827abeea2e8bfdbc799802bc145704591b7c,data/polished_dataset/backward/35degree/300rpm/300.0rpm1100.0Nm35.0deg.csv,6115602,877a6081bd1cca90bd7378e0be5bbe67d753d7b5f02c64e101399f007f4b0c75
speed_300rpm__torque_1200Nm__temperature_25degC,validation,300.0,1200.0,25.0,data/polished_dataset/forward/25degree/300rpm/300.0rpm1200.0Nm25.0deg.csv,6094368,cbe190c5bc1fe9efab2c2f4530feea8a759f65232a82e14723d075ed4cdab711,data/polished_dataset/backward/25degree/300rpm/300.0rpm1200.0Nm25.0deg.csv,6003324,1e589f25e8bd49e2dff9498eef1defe240827c05eaf6c78d8a4fb01367185d80
speed_300rpm__torque_1400Nm__temperature_30degC,validation,300.0,1400.0,30.0,data/polished_dataset/forward/30degree/300rpm/300.0rpm1400.0Nm30.0deg.csv,6068056,7ee3b355e3568fee42a27064587fba6c546be8e665faf4c799b2a93ae7522f09,data/polished_dataset/backward/30degree/300rpm/300.0rpm1400.0Nm30.0deg.csv,5997194,ee8e111678bea5e48128672b7c80f7654dba7374d0014d61c96e3f67c8f739b4
speed_400rpm__torque_0Nm__temperature_35degC,validation,400.0,0.0,35.0,data/polished_dataset/forward/35degree/400rpm/400.0rpm0.0Nm35.0deg.csv,4683870,fa1f2f837d89091a564ea163f8f291f3d2e81607995bd2242335ecfda9b61ecd,data/polished_dataset/backward/35degree/400rpm/400.0rpm0.0Nm35.0deg.csv,4715936,79f91114ec48b6ab126d0ffdb8b5403d5467f852e0505fa687ed2c19d99a770b
speed_400rpm__torque_100Nm__temperature_25degC,validation,400.0,100.0,25.0,data/polished_dataset/forward/25degree/400rpm/400.0rpm100.0Nm25.0deg.csv,4574513,2e0a5daac2fa42349e246124fe7713b1fee98633de3a985e75039da3f4813944,data/polished_dataset/backward/25degree/400rpm/400.0rpm100.0Nm25.0deg.csv,4585570,8373501248c7b13163dbb0c376c547550141ebdf7193e758a77aaafac414e126
speed_400rpm__torque_200Nm__temperature_25degC,validation,400.0,200.0,25.0,data/polished_dataset/forward/25degree/400rpm/400.0rpm200.0Nm25.0deg.csv,4544744,5447fc39cac844b2e85dbd98a2d9cee407aef10ea7ad87e86c324cbe1b025991,data/polished_dataset/backward/25degree/400rpm/400.0rpm200.0Nm25.0deg.csv,4550236,b8cea08de7ce535573ade39bd3f79dbd135ec69ca84277e8a97d36df6a28c3cd
speed_400rpm__torque_200Nm__temperature_30degC,validation,400.0,200.0,30.0,data/polished_dataset/forward/30degree/400rpm/400.0rpm200.0Nm30.0deg.csv,4630821,f69a117d52a82cf3edffa45b94d308eb3e243dd3ff0c9d745a887cfc737ca53c,data/polished_dataset/backward/30degree/400rpm/400.0rpm200.0Nm30.0deg.csv,4596492,c0e930e42004e650655451c2029c563c3d069df36e5751481ff4736872984e38
speed_400rpm__torque_400Nm__temperature_30degC,validation,400.0,400.0,30.0,data/polished_dataset/forward/30degree/400rpm/400.0rpm400.0Nm30.0deg.csv,4600477,6798767daea4c327ca896f29fbd135181972f17f2594617ccba852ec3acc4493,data/polished_dataset/backward/30degree/400rpm/400.0rpm400.0Nm30.0deg.csv,4595843,16c5fb7b5ce24aa3708905fe46a3bd0f082b308deb02fc194080dc79057e79d7
speed_400rpm__torque_400Nm__temperature_35degC,validation,400.0,400.0,35.0,data/polished_dataset/forward/35degree/400rpm/400.0rpm400.0Nm35.0deg.csv,4706129,7dafb391a3747aae32c5c31a15410dfde16088a8f27a3d2bebded0fb1dbc1034,data/polished_dataset/backward/35degree/400rpm/400.0rpm400.0Nm35.0deg.csv,4702880,eae606b72b0f9adbedc053ed69094b6e0b95c27aba4f0e1938f43c52c94fdbc8
speed_400rpm__torque_500Nm__temperature_35degC,validation,400.0,500.0,35.0,data/polished_dataset/forward/35degree/400rpm/400.0rpm500.0Nm35.0deg.csv,4692489,f7d0a28a02753ca0ecd2ab0378712e7aaab12827df51b8a1fb2bc15d35f41a88,data/polished_dataset/backward/35degree/400rpm/400.0rpm500.0Nm35.0deg.csv,4694790,e95f1d79b53235409d2a4843c7c10209b63c79fceae1c153f7ee7801188f4648
speed_400rpm__torque_600Nm__temperature_25degC,validation,400.0,600.0,25.0,data/polished_dataset/forward/25degree/400rpm/400.0rpm600.0Nm25.0deg.csv,4579353,2e2d340d5b82feb6faceb34b711fe3fc9511ae84bda729690ed7d9892ef3d837,data/polished_dataset/backward/25degree/400rpm/400.0rpm600.0Nm25.0deg.csv,4601627,2112da529c3faa5893131c239932b3021b7c27a10757e5ae4967b0c75313d50a
speed_400rpm__torque_900Nm__temperature_25degC,validation,400.0,900.0,25.0,data/polished_dataset/forward/25degree/400rpm/400.0rpm900.0Nm25.0deg.csv,4614787,c5c59f5ca345cf051fc94647839d33ed407e3d56f9e81cdbb0f6630c0eb16fe1,data/polished_dataset/backward/25degree/400rpm/400.0rpm900.0Nm25.0deg.csv,4553501,e757e99b68b005fcb8331889b6a4961d290a226607d176e8c5eb655d0043ae48
speed_400rpm__torque_900Nm__temperature_35degC,validation,400.0,900.0,35.0,data/polished_dataset/forward/35degree/400rpm/400.0rpm900.0Nm35.0deg.csv,4690358,f0c6c6cba02450491e47309517e492dae4823a1382818cb1b87026be90214a1d,data/polished_dataset/backward/35degree/400rpm/400.0rpm900.0Nm35.0deg.csv,4654119,323fc6de829112c88aa9c4d1055675bf8082906b764b6de078413edcc7264f65
speed_400rpm__torque_1000Nm__temperature_30degC,validation,400.0,1000.0,30.0,data/polished_dataset/forward/30degree/400rpm/400.0rpm1000.0Nm30.0deg.csv,4518966,ce0b1578bf22586f295c2de5be91f3c051eb747d04cb9009bec6fb4990b89710,data/polished_dataset/backward/30degree/400rpm/400.0rpm1000.0Nm30.0deg.csv,4511035,196b791157234bd8afc0692de7bbe17d725c67e0a6b18328495d9126dbbd3d02
speed_400rpm__torque_1300Nm__temperature_30degC,validation,400.0,1300.0,30.0,data/polished_dataset/forward/30degree/400rpm/400.0rpm1300.0Nm30.0deg.csv,4561101,656caca2b26bd1d4a6cd5dd09adcf7fcdf5492eae24c2a47a4e85baaae4c94cb,data/polished_dataset/backward/30degree/400rpm/400.0rpm1300.0Nm30.0deg.csv,4504911,7527bbec828b979270bf9f756ffa7a9ab9753d93c6d08a9acbcd2e220e568bc1
speed_400rpm__torque_1800Nm__temperature_35degC,validation,400.0,1800.0,35.0,data/polished_dataset/forward/35degree/400rpm/400.0rpm1800.0Nm35.0deg.csv,4651794,39fdb602caceda8f855d851950e3f9bf04c9f3b6490baf4acfef8e8a3f9ef781,data/polished_dataset/backward/35degree/400rpm/400.0rpm1800.0Nm35.0deg.csv,4623165,3f5a6db0f4d4b99abe8c0e3d25e5fe5e3135873e2cb52e84d3d34855c58ce6f5
speed_500rpm__torque_0Nm__temperature_30degC,validation,500.0,0.0,30.0,data/polished_dataset/forward/30degree/500rpm/500.0rpm0.0Nm30.0deg.csv,3682652,a9db7144f302561001bd8af17614bb6de4bc7ee3c08ceb698dcf44b0576f46c8,data/polished_dataset/backward/30degree/500rpm/500.0rpm0.0Nm30.0deg.csv,3697808,a5916c7065151a9c7acdf3d4855949886523f520ca25188f1b6b686941fc52fa
speed_500rpm__torque_100Nm__temperature_25degC,validation,500.0,100.0,25.0,data/polished_dataset/forward/25degree/500rpm/500.0rpm100.0Nm25.0deg.csv,3651255,dea9f7307c13c8ee5b2c3760770d763075546468e79c81b6298f3f026cf12ed9,data/polished_dataset/backward/25degree/500rpm/500.0rpm100.0Nm25.0deg.csv,3647066,78cdf71d0c24dbe98db5321f93f0b0316733e976d83b4c172019283315b1ec7b
speed_500rpm__torque_100Nm__temperature_30degC,validation,500.0,100.0,30.0,data/polished_dataset/forward/30degree/500rpm/500.0rpm100.0Nm30.0deg.csv,3642460,3cc553e19fc79c3b2ab80993f0daf69b618e95761167a0e61c96510fd0b60b52,data/polished_dataset/backward/30degree/500rpm/500.0rpm100.0Nm30.0deg.csv,3646413,017bc268423614eeb7133bd6c661558312fd73eba95ab01a84e9db66d10c4c8a
speed_500rpm__torque_200Nm__temperature_35degC,validation,500.0,200.0,35.0,data/polished_dataset/forward/35degree/500rpm/500.0rpm200.0Nm35.0deg.csv,3738432,e817d4d6ac34122c900eee4a5126e45eb8d4af35cec668f4b8f60b9d8328d920,data/polished_dataset/backward/35degree/500rpm/500.0rpm200.0Nm35.0deg.csv,3746001,636411bc705097956ea4df56b3d5ed492cb935eae9fb4404621679b8a33e5daa
speed_500rpm__torque_400Nm__temperature_30degC,validation,500.0,400.0,30.0,data/polished_dataset/forward/30degree/500rpm/500.0rpm400.0Nm30.0deg.csv,3654721,e4fadfdedb72812daa47bbfc31d5155d7e17bb2288e68224b8953513aa877d1e,data/polished_dataset/backward/30degree/500rpm/500.0rpm400.0Nm30.0deg.csv,3637263,3e894200656ed55f3d635fd995cc06923380495b9114fd8fd2114fc6217de310
speed_500rpm__torque_600Nm__temperature_30degC,validation,500.0,600.0,30.0,data/polished_dataset/forward/30degree/500rpm/500.0rpm600.0Nm30.0deg.csv,3651133,8a5e5308a22cef9e57838e18eaaa29d9412bf1f488ba93a4fb178d4103311b17,data/polished_dataset/backward/30degree/500rpm/500.0rpm600.0Nm30.0deg.csv,3690170,b6599451f535e580a23706f8bc6f92b2092cddc3efb46d28099fc76fbcca61bc
speed_500rpm__torque_700Nm__temperature_35degC,validation,500.0,700.0,35.0,data/polished_dataset/forward/35degree/500rpm/500.0rpm700.0Nm35.0deg.csv,3738929,38d8b005fe3004acc15755e0841937c3fef90c2ab32c0b80a045df415f23a452,data/polished_dataset/backward/35degree/500rpm/500.0rpm700.0Nm35.0deg.csv,3710172,9feee20e368be7318affb0c2554e9dbee096e278c1da8155a8cc2d4f8b67543f
speed_500rpm__torque_1100Nm__temperature_30degC,validation,500.0,1100.0,30.0,data/polished_dataset/forward/30degree/500rpm/500.0rpm1100.0Nm30.0deg.csv,3669423,6d70405c54037768e244fd7c5675e7efbe56c47a84e2b2af244e623ad8344bda,data/polished_dataset/backward/30degree/500rpm/500.0rpm1100.0Nm30.0deg.csv,3644062,1c5ea5c480f6fb7621212c306f208272e6c6b4d781fa09c92ed2a0540176a668
speed_500rpm__torque_1800Nm__temperature_25degC,validation,500.0,1800.0,25.0,data/polished_dataset/forward/25degree/500rpm/500.0rpm1800.0Nm25.0deg.csv,3628053,a3ac913aa49dfb601a537763c6cf49d4ac73055ff3db2ad28cb927111c239196,data/polished_dataset/backward/25degree/500rpm/500.0rpm1800.0Nm25.0deg.csv,3599289,b214449da8bfe67a6b795bbf9ff0541631ed76c1490d2cf8bcd411baf5e626cc
speed_600rpm__torque_0Nm__temperature_35degC,validation,600.0,0.0,35.0,data/polished_dataset/forward/35degree/600rpm/600.0rpm0.0Nm35.0deg.csv,3116451,bfc5dc106b16cbccc7d05b511b3f67188a64d587557b0d07a38ac40b4a705c99,data/polished_dataset/backward/35degree/600rpm/600.0rpm0.0Nm35.0deg.csv,3142926,880b670bf635b6a2f53905af3861c351d9274a23ea6171c13ab0f07866fe5e4e
speed_600rpm__torque_400Nm__temperature_30degC,validation,600.0,400.0,30.0,data/polished_dataset/forward/30degree/600rpm/600.0rpm400.0Nm30.0deg.csv,3043373,7581cbff978c0cb678c324a7650417c8a9661cec8047857389fb3f38159f334e,data/polished_dataset/backward/30degree/600rpm/600.0rpm400.0Nm30.0deg.csv,3045466,3a98260dd7fde0020acde62978dd81c090d8dedbcf267ac8912d702d18017e69
speed_600rpm__torque_400Nm__temperature_35degC,validation,600.0,400.0,35.0,data/polished_dataset/forward/35degree/600rpm/600.0rpm400.0Nm35.0deg.csv,3124095,46f441cc9f5b9c98c3e15dd9c5ce34a80ed19da7c8f7fe3b93905cea172ad1c4,data/polished_dataset/backward/35degree/600rpm/600.0rpm400.0Nm35.0deg.csv,3104670,6de786e6cdfdf743b838b7b247ec003c4268c10597b80bf9fda5de17251145e5
speed_600rpm__torque_800Nm__temperature_35degC,validation,600.0,800.0,35.0,data/polished_dataset/forward/35degree/600rpm/600.0rpm800.0Nm35.0deg.csv,3120557,5ccb78a56f636ea8c9dd9b197b1182b2eea4b34db2b997d17b89621c2ec85882,data/polished_dataset/backward/35degree/600rpm/600.0rpm800.0Nm35.0deg.csv,3118913,3826fb21a75f84bf2725c4e942e8c3c35069aaa78c755eeb1ca5fdc3f04e42ca
speed_600rpm__torque_1100Nm__temperature_25degC,validation,600.0,1100.0,25.0,data/polished_dataset/forward/25degree/600rpm/600.0rpm1100.0Nm25.0deg.csv,3052040,d958a5de64de81075ba883fa1a3a0ddb7ce26a7c52e3e5021cad505f33b09a09,data/polished_dataset/backward/25degree/600rpm/600.0rpm1100.0Nm25.0deg.csv,3047246,798bce0bf48de79e3ab23728a1cffd24613897e81c51a49e728dbd30f8b9a164
speed_600rpm__torque_1100Nm__temperature_35degC,validation,600.0,1100.0,35.0,data/polished_dataset/forward/35degree/600rpm/600.0rpm1100.0Nm35.0deg.csv,3108997,ce907c5a35a98e1e2f2c657acc5b8128fd1344e285ced18a66e43fab0e04cb02,data/polished_dataset/backward/35degree/600rpm/600.0rpm1100.0Nm35.0deg.csv,3081282,815f5b64a24f949428c72b39f7129113a25f92776396288b8ae65de332968460
speed_600rpm__torque_1300Nm__temperature_35degC,validation,600.0,1300.0,35.0,data/polished_dataset/forward/35degree/600rpm/600.0rpm1300.0Nm35.0deg.csv,3083406,5c6d11b4bb4a738b2ee6f6161af1d46a10deb50013587231c2d5952883177d3c,data/polished_dataset/backward/35degree/600rpm/600.0rpm1300.0Nm35.0deg.csv,3075694,f70dc68f80b5fca62f25d9a96dd3006383ac1920df0a57d7a0e14bbc34b462cb
speed_600rpm__torque_1400Nm__temperature_25degC,validation,600.0,1400.0,25.0,data/polished_dataset/forward/25degree/600rpm/600.0rpm1400.0Nm25.0deg.csv,3034680,118e8deea80b478072e2d7d4bb5a4224e880e9dc895c77908baebe9d4935c957,data/polished_dataset/backward/25degree/600rpm/600.0rpm1400.0Nm25.0deg.csv,3038345,42e1bb8f1dc5e66c47f852add98f69d4b07b6b16d9ca9ac61af2ba9117500b06
speed_600rpm__torque_1400Nm__temperature_35degC,validation,600.0,1400.0,35.0,data/polished_dataset/forward/35degree/600rpm/600.0rpm1400.0Nm35.0deg.csv,3125382,729a44ea18818f2a28c0991745a64db71926dcc23039d6c17f4af53e57f4f63c,data/polished_dataset/backward/35degree/600rpm/600.0rpm1400.0Nm35.0deg.csv,3084085,1fe7c9bef62fa9fc6b1e3353701055503eebf7999ac0bf797108a0aee3e79c58
speed_600rpm__torque_1500Nm__temperature_25degC,validation,600.0,1500.0,25.0,data/polished_dataset/forward/25degree/600rpm/600.0rpm1500.0Nm25.0deg.csv,3064595,5ab0fd112123f573f25f89b1781ffe97ff80bb8f4d6ca32131bba854cb0a79e8,data/polished_dataset/backward/25degree/600rpm/600.0rpm1500.0Nm25.0deg.csv,3015551,8d427dbaf7b39d205519d83b44aa14d0d88e5aee79eae289768467705bbde2f7
speed_600rpm__torque_1600Nm__temperature_30degC,validation,600.0,1600.0,30.0,data/polished_dataset/forward/30degree/600rpm/600.0rpm1600.0Nm30.0deg.csv,3125776,dbba5e46b51f4a2eef02c58282ac87e65f57fcbc311a7086bef8422b9378867e,data/polished_dataset/backward/30degree/600rpm/600.0rpm1600.0Nm30.0deg.csv,3079704,fb2e17e4c2cd1c84fb5c3352b326dacb723623b0aa96e8d341b080ca74f44349
speed_700rpm__torque_400Nm__temperature_25degC,validation,700.0,400.0,25.0,data/polished_dataset/forward/25degree/700rpm/700.0rpm400.0Nm25.0deg.csv,2623245,26d2822ad60b79784c8a00b7eef041a9c7d6121fe09b50e7208fc876fe74a60a,data/polished_dataset/backward/25degree/700rpm/700.0rpm400.0Nm25.0deg.csv,2620846,de875754f77d16a4371782d00a9640899bc57c1402033b0e590dda18ac163cb2
speed_700rpm__torque_400Nm__temperature_30degC,validation,700.0,400.0,30.0,data/polished_dataset/forward/30degree/700rpm/700.0rpm400.0Nm30.0deg.csv,2632439,b3b5971d14907db96c78e4f9f65d71ef64fb705ed08bca7141c7a0bac23beb95,data/polished_dataset/backward/30degree/700rpm/700.0rpm400.0Nm30.0deg.csv,2643402,a27ed037cb4a050301d2cbc0d3a60ae8c3c069be23733b5c83a87ff497d6f0a2
speed_700rpm__torque_500Nm__temperature_30degC,validation,700.0,500.0,30.0,data/polished_dataset/forward/30degree/700rpm/700.0rpm500.0Nm30.0deg.csv,2626920,c2d9fb9507f545b69c0962f84244c6e9d9237d6f33e4f779c307e2b0ec8e8c91,data/polished_dataset/backward/30degree/700rpm/700.0rpm500.0Nm30.0deg.csv,2613319,6af5b0a2318c2490c6bb7a6b70fd30764025246f11ded6d366ebe78d5ab294ab
speed_700rpm__torque_600Nm__temperature_25degC,validation,700.0,600.0,25.0,data/polished_dataset/forward/25degree/700rpm/700.0rpm600.0Nm25.0deg.csv,2635897,b9571a2b8452ac6dc95e65a5397a4d8451b5acc4593b0e8cc310133b439fc1cf,data/polished_dataset/backward/25degree/700rpm/700.0rpm600.0Nm25.0deg.csv,2634290,4cfc51dc20edcd7c64079d78997b3c9b0dec783c95dacb1078a17f13b3d54f6d
speed_700rpm__torque_600Nm__temperature_30degC,validation,700.0,600.0,30.0,data/polished_dataset/forward/30degree/700rpm/700.0rpm600.0Nm30.0deg.csv,2620544,21bc344cdcd5ab1133df417cbe2ee1f4f5db3d6c509652cec7b3c06571bad01b,data/polished_dataset/backward/30degree/700rpm/700.0rpm600.0Nm30.0deg.csv,2599799,fda4f59e9caae0078d4745e3b4d1f576aa273f2113cc7619db1159982a2f5ea6
speed_700rpm__torque_900Nm__temperature_25degC,validation,700.0,900.0,25.0,data/polished_dataset/forward/25degree/700rpm/700.0rpm900.0Nm25.0deg.csv,2623040,98e4ed437dec5241e6ff0c4cfff641c2bf534e67f8bf67ab8a0c2d14d0c24bda,data/polished_dataset/backward/25degree/700rpm/700.0rpm900.0Nm25.0deg.csv,2599885,dbdb78ac58c1ba7f7c3454bbb393b2befd00f819661591dc3b78d31c64284b21
speed_700rpm__torque_1000Nm__temperature_35degC,validation,700.0,1000.0,35.0,data/polished_dataset/forward/35degree/700rpm/700.0rpm1000.0Nm35.0deg.csv,2667507,fb1e742326e2cab8d5fe2d0b25ad1ba46bcfc4b7ed4ad4d83b62b4cc709bb0d9,data/polished_dataset/backward/35degree/700rpm/700.0rpm1000.0Nm35.0deg.csv,2647789,cbd63106c3c99c06dbd09d98c7bdb6aa3481e76baf8e10412b34421f6ed9345f
speed_700rpm__torque_1400Nm__temperature_25degC,validation,700.0,1400.0,25.0,data/polished_dataset/forward/25degree/700rpm/700.0rpm1400.0Nm25.0deg.csv,2609300,e654fd26886f85e2497618cb12c0dfda04bf75770d950ed5292302cea5054614,data/polished_dataset/backward/25degree/700rpm/700.0rpm1400.0Nm25.0deg.csv,2586427,59a06922befce73a6d705d6af7facd58d3a63af6907f24669d554f271d228335
speed_700rpm__torque_1600Nm__temperature_30degC,validation,700.0,1600.0,30.0,data/polished_dataset/forward/30degree/700rpm/700.0rpm1600.0Nm30.0deg.csv,2621029,d5f0eafce38bb0ad305197349bfa4580eec786f12ca2691b078f019a7c6dd4da,data/polished_dataset/backward/30degree/700rpm/700.0rpm1600.0Nm30.0deg.csv,2605178,c6320a1d0a30e4006aa21b86fb29042a650779b332c06a43cf9896fde860c698
speed_700rpm__torque_1700Nm__temperature_25degC,validation,700.0,1700.0,25.0,data/polished_dataset/forward/25degree/700rpm/700.0rpm1700.0Nm25.0deg.csv,2594677,174c6033fb2bb7c7be2d749c7f9381c1339760993400fbe953a51a5b9a88d1bf,data/polished_dataset/backward/25degree/700rpm/700.0rpm1700.0Nm25.0deg.csv,2610248,e752a0f67de330ce2662f0643986a3cc77e7ca6855be9b7b2493c610cfd0a9a0
speed_700rpm__torque_1800Nm__temperature_25degC,validation,700.0,1800.0,25.0,data/polished_dataset/forward/25degree/700rpm/700.0rpm1800.0Nm25.0deg.csv,2590486,8237f1b30f472d3714cc1a32923cc50766298b0e23b48c6411835519b453b834,data/polished_dataset/backward/25degree/700rpm/700.0rpm1800.0Nm25.0deg.csv,2585762,c0110cf8d3569dd855582cc9650e879784ee62365d067fed79c046eacd6e73a6
speed_700rpm__torque_1800Nm__temperature_35degC,validation,700.0,1800.0,35.0,data/polished_dataset/forward/35degree/700rpm/700.0rpm1800.0Nm35.0deg.csv,2673241,083b85e6b2c4f8aeab09b1a5bd59aadd061312a7ceb419e301c682290cb507b1,data/polished_dataset/backward/35degree/700rpm/700.0rpm1800.0Nm35.0deg.csv,2644697,dce4398bd08d18bcd3459be85a3a4bab7c275a929247fe1120a9e744027a1b06
speed_800rpm__torque_200Nm__temperature_30degC,validation,800.0,200.0,30.0,data/polished_dataset/forward/30degree/800rpm/800.0rpm200.0Nm30.0deg.csv,2277406,7cb5b4287b17156e17f1601f68adfe7f96dd0ec26e46f47b61c7cce501d3e467,data/polished_dataset/backward/30degree/800rpm/800.0rpm200.0Nm30.0deg.csv,2285169,c38c352023a98a3ee633f951f747b3f3a6075a1d880a9d382ce9370d3db8b1ab
speed_800rpm__torque_400Nm__temperature_25degC,validation,800.0,400.0,25.0,data/polished_dataset/forward/25degree/800rpm/800.0rpm400.0Nm25.0deg.csv,2296826,43c9774618d72694230951db0ac2fdd7ceb54af7f0e56b3106414a8b37ce9e9e,data/polished_dataset/backward/25degree/800rpm/800.0rpm400.0Nm25.0deg.csv,2291670,7f128a70215f01d84dad674348feb4260f0db0e42c52af813d1f1503dd7866a5
speed_800rpm__torque_600Nm__temperature_35degC,validation,800.0,600.0,35.0,data/polished_dataset/forward/35degree/800rpm/800.0rpm600.0Nm35.0deg.csv,2337025,1173a20d5fd4fa83f4aa6e87e9ac52f11af32c9c40c2200001062313d6322599,data/polished_dataset/backward/35degree/800rpm/800.0rpm600.0Nm35.0deg.csv,2331270,4edd3283dfd8b11e9a6bc66a88cacc24a386c6e07cdc3e563e454618a2bdd890
speed_800rpm__torque_700Nm__temperature_30degC,validation,800.0,700.0,30.0,data/polished_dataset/forward/30degree/800rpm/800.0rpm700.0Nm30.0deg.csv,2329766,bc42040cb273028580f63fee0ebe3b4489a8a8f30529c82fa34bdfddc04984a4,data/polished_dataset/backward/30degree/800rpm/800.0rpm700.0Nm30.0deg.csv,2293727,b824aaf60f4290cfeba00591518d9321ce269637f21022dae8cc5612555822af
speed_800rpm__torque_800Nm__temperature_25degC,validation,800.0,800.0,25.0,data/polished_dataset/forward/25degree/800rpm/800.0rpm800.0Nm25.0deg.csv,2296895,01c9083605de99744a8c652f7176b6db6cae700aae8b309a0a6ac395421935ee,data/polished_dataset/backward/25degree/800rpm/800.0rpm800.0Nm25.0deg.csv,2288621,d41da160715fc2cc37871baeaf36150c800c94bbb28bd57cba0f3b25b6be045c
speed_800rpm__torque_900Nm__temperature_30degC,validation,800.0,900.0,30.0,data/polished_dataset/forward/30degree/800rpm/800.0rpm900.0Nm30.0deg.csv,2317905,61e2d0b171a6942026095fcdb5c35ce97c42367257f38f142453a0dc5c33b46a,data/polished_dataset/backward/30degree/800rpm/800.0rpm900.0Nm30.0deg.csv,2340476,a8e35c381889be228b4e089e1e11c2af478d7da3712a4137dd8146df011fcc49
speed_800rpm__torque_900Nm__temperature_35degC,validation,800.0,900.0,35.0,data/polished_dataset/forward/35degree/800rpm/800.0rpm900.0Nm35.0deg.csv,2353553,ed1454b956fa81de1e10c6a4ee7f3dd82c7c0fab5a37e608a07c61bfbccceaa5,data/polished_dataset/backward/35degree/800rpm/800.0rpm900.0Nm35.0deg.csv,2333195,2c43cbcd2bb75b40a6b94e2308bcd5db0d0dd30287297df66ea1b19bb133bddf
speed_800rpm__torque_1100Nm__temperature_35degC,validation,800.0,1100.0,35.0,data/polished_dataset/forward/35degree/800rpm/800.0rpm1100.0Nm35.0deg.csv,2326293,5523d900c630a991ca20a4c1c6d764c833c9deb27a0d41eb656187e73f0013cb,data/polished_dataset/backward/35degree/800rpm/800.0rpm1100.0Nm35.0deg.csv,2311160,a74816a20a5bf7e730e212baef442761d6753540cb12481ce732b8c8bc6c5030
speed_800rpm__torque_1200Nm__temperature_25degC,validation,800.0,1200.0,25.0,data/polished_dataset/forward/25degree/800rpm/800.0rpm1200.0Nm25.0deg.csv,2275280,8dfe454fc8a6d1b4ffc939c9ff8197766b1452951d0ebb20696fd1a94f15b2df,data/polished_dataset/backward/25degree/800rpm/800.0rpm1200.0Nm25.0deg.csv,2254372,14b4a876578ba831dc0fdfda9e2703887d08eff73638c8a0fcb4e596d74fa321
speed_800rpm__torque_1500Nm__temperature_25degC,validation,800.0,1500.0,25.0,data/polished_dataset/forward/25degree/800rpm/800.0rpm1500.0Nm25.0deg.csv,2285908,53fac9c5b9f00b6ceed5cb6339d37b54d0c3391d53734f6ebf60e4ce27502d61,data/polished_dataset/backward/25degree/800rpm/800.0rpm1500.0Nm25.0deg.csv,2251991,c699adcd7767bfbfd7922056ad51f7102936f12f4012dc60af0747c48a13332f
speed_800rpm__torque_1600Nm__temperature_25degC,validation,800.0,1600.0,25.0,data/polished_dataset/forward/25degree/800rpm/800.0rpm1600.0Nm25.0deg.csv,2285047,76386375461c6187be996b15846e3c6aac5aa94e454340905d9ca6f475f4ac1b,data/polished_dataset/backward/25degree/800rpm/800.0rpm1600.0Nm25.0deg.csv,2252025,136f68eccca4be2e8dd362884c79712781d66ac68aa5628b01791b84410e3124
speed_800rpm__torque_1700Nm__temperature_25degC,validation,800.0,1700.0,25.0,data/polished_dataset/forward/25degree/800rpm/800.0rpm1700.0Nm25.0deg.csv,2291002,892c720cda29ba7d739d1f2c07199267d4f9a86520b5617b5a58d8fb360771db,data/polished_dataset/backward/25degree/800rpm/800.0rpm1700.0Nm25.0deg.csv,2259710,5677e72935e69d1fcaa15451ef8c4ae20e80c18232bc35a5de7a17c371de80d8
speed_800rpm__torque_1700Nm__temperature_30degC,validation,800.0,1700.0,30.0,data/polished_dataset/forward/30degree/800rpm/800.0rpm1700.0Nm30.0deg.csv,2333147,ba49a5f89b193f44f87591b39e1d62e90dced0259aba4d120ab94cc9eb59f2f0,data/polished_dataset/backward/30degree/800rpm/800.0rpm1700.0Nm30.0deg.csv,2309381,16550b21a7dd8aad7399d7bb35e4a10107e487ae9483b34186ac0b3ea695f037
speed_800rpm__torque_1800Nm__temperature_30degC,validation,800.0,1800.0,30.0,data/polished_dataset/forward/30degree/800rpm/800.0rpm1800.0Nm30.0deg.csv,2313161,a0d60e560f1ea31057e06026cab16d5b0c381fb3e470591ee9fc8f445ba909b2,data/polished_dataset/backward/30degree/800rpm/800.0rpm1800.0Nm30.0deg.csv,2305780,e166161f611c197817eea1607b374ac634e2a233c8e68a3ed2ad4e45df427130
speed_900rpm__torque_200Nm__temperature_30degC,validation,900.0,200.0,30.0,data/polished_dataset/forward/30degree/900rpm/900.0rpm200.0Nm30.0deg.csv,2073452,ebd41a5007182bc06a85599e4a9b1ffe7f008822ff65cc60791e6c40418bc155,data/polished_dataset/backward/30degree/900rpm/900.0rpm200.0Nm30.0deg.csv,2077809,af6337299de0f6d317be3efc214b7c210523330ae727e78c71a43079b449d246
speed_900rpm__torque_300Nm__temperature_30degC,validation,900.0,300.0,30.0,data/polished_dataset/forward/30degree/900rpm/900.0rpm300.0Nm30.0deg.csv,2091486,adc097d7251da25f81ac27d176d0f8b3773f164f59d2615e876a868f182cec60,data/polished_dataset/backward/30degree/900rpm/900.0rpm300.0Nm30.0deg.csv,2075577,e88534ae4eeea85de7537e62506d95a31905c3f282ad8f502bc4187590dab8ab
speed_900rpm__torque_300Nm__temperature_35degC,validation,900.0,300.0,35.0,data/polished_dataset/forward/35degree/900rpm/900.0rpm300.0Nm35.0deg.csv,2085177,f24e0d8741057d5727ed1e6ca80db1ff2837184d08c66b5e573f14c4b5e4f895,data/polished_dataset/backward/35degree/900rpm/900.0rpm300.0Nm35.0deg.csv,2085037,79d9b157d79db30fb163639471d930234e46d3ae042dadb00398ecfa27f5abd0
speed_900rpm__torque_500Nm__temperature_25degC,validation,900.0,500.0,25.0,data/polished_dataset/forward/25degree/900rpm/900.0rpm500.0Nm25.0deg.csv,2034487,7d259c2c03a461f668ea5a0587d40afddb2747920b721cb4ebffdc0253b58899,data/polished_dataset/backward/25degree/900rpm/900.0rpm500.0Nm25.0deg.csv,2047872,c948f0080a693173de562d4f2478d98503e3d96478dda9b464d1955b05c68920
speed_900rpm__torque_800Nm__temperature_30degC,validation,900.0,800.0,30.0,data/polished_dataset/forward/30degree/900rpm/900.0rpm800.0Nm30.0deg.csv,2096558,50e25d88fd8424383fdf125441d170c80516879f68c121dadfaa306d24451e75,data/polished_dataset/backward/30degree/900rpm/900.0rpm800.0Nm30.0deg.csv,2078463,e2f4d36f39c111fa1f906de75478942be5bd9cd85fc0f8f2e0ae7fd68719104e
speed_900rpm__torque_900Nm__temperature_25degC,validation,900.0,900.0,25.0,data/polished_dataset/forward/25degree/900rpm/900.0rpm900.0Nm25.0deg.csv,2033320,928ba1f350ba1292068ceb204c345e2cac0be298f2f02cda613617e812077cab,data/polished_dataset/backward/25degree/900rpm/900.0rpm900.0Nm25.0deg.csv,2043556,aedea0200ef15fb9c522d0757aa68f820e1291388da400cd6117362c919bc891
speed_900rpm__torque_1000Nm__temperature_30degC,validation,900.0,1000.0,30.0,data/polished_dataset/forward/30degree/900rpm/900.0rpm1000.0Nm30.0deg.csv,2081941,8dc9109d1c9f68039f6f2123c81af60328f19012d17b31f1588d3d31af25cbfc,data/polished_dataset/backward/30degree/900rpm/900.0rpm1000.0Nm30.0deg.csv,2059781,900a2fea5ad45602ce91c739d141d143afcab0988689ab7f60334d87715edb32
speed_900rpm__torque_1100Nm__temperature_25degC,validation,900.0,1100.0,25.0,data/polished_dataset/forward/25degree/900rpm/900.0rpm1100.0Nm25.0deg.csv,2045276,3d949dde69a30b247073e28f3a9226a5301961b128771c158a279735f473f09b,data/polished_dataset/backward/25degree/900rpm/900.0rpm1100.0Nm25.0deg.csv,2013621,4ddebc2300bc86d5ec0e386709655c648f4fed86f66d267f2608e41c771161e5
speed_900rpm__torque_1200Nm__temperature_35degC,validation,900.0,1200.0,35.0,data/polished_dataset/forward/35degree/900rpm/900.0rpm1200.0Nm35.0deg.csv,2067366,16410cb0449ca5c14caca5e83fb6190ccc363a9e6cbb8a40f0acac5aa8bdb7c7,data/polished_dataset/backward/35degree/900rpm/900.0rpm1200.0Nm35.0deg.csv,2047788,9a930039f1e0dae3a61dfd551f185fb0b46a7fa8b9de02ce7c6ce7d2eb5dc03a
speed_900rpm__torque_1300Nm__temperature_25degC,validation,900.0,1300.0,25.0,data/polished_dataset/forward/25degree/900rpm/900.0rpm1300.0Nm25.0deg.csv,2036471,d5b99f1f0c252d618339a75f54d78ecfbd280daa357eb3182eb608df6275a1b8,data/polished_dataset/backward/25degree/900rpm/900.0rpm1300.0Nm25.0deg.csv,2014256,271e89410c10c208ed3d33f53faad54067bdfbbfff7c268cee0023ddf2f6dc61
speed_900rpm__torque_1400Nm__temperature_30degC,validation,900.0,1400.0,30.0,data/polished_dataset/forward/30degree/900rpm/900.0rpm1400.0Nm30.0deg.csv,2081800,e36b476d40d63fb7bb3ed59a9df26c2cf3006a81aab0aefead84b7e8a401e24b,data/polished_dataset/backward/30degree/900rpm/900.0rpm1400.0Nm30.0deg.csv,2051909,18dc02c75356ff91620987470c25a33e5785f572637e0cb50eea6f8993eeb99e
speed_900rpm__torque_1500Nm__temperature_30degC,validation,900.0,1500.0,30.0,data/polished_dataset/forward/30degree/900rpm/900.0rpm1500.0Nm30.0deg.csv,2047914,bcfdf7dcdf0a7f22363115ee93c2d45b23bbab9633b13a8efd2eb80d198253b4,data/polished_dataset/backward/30degree/900rpm/900.0rpm1500.0Nm30.0deg.csv,2008588,81eea66d7119987930ac42b63b1f08c1f25ade380468da3b487bdece91e91370
speed_900rpm__torque_1600Nm__temperature_25degC,validation,900.0,1600.0,25.0,data/polished_dataset/forward/25degree/900rpm/900.0rpm1600.0Nm25.0deg.csv,2022658,ac82210875fe5b48efe1b671b17b6a53151270225e6798f33a48485f3b6cf60a,data/polished_dataset/backward/25degree/900rpm/900.0rpm1600.0Nm25.0deg.csv,2024590,71b5785894421645fb02049a5c9df5636f496732b3bb922d5dceafdbc145e8f1
speed_900rpm__torque_1600Nm__temperature_35degC,validation,900.0,1600.0,35.0,data/polished_dataset/forward/35degree/900rpm/900.0rpm1600.0Nm35.0deg.csv,2061005,6ad62da9dbc12a2ef81252a6b7d13184f035ed0624c21363c12bb76701515ab2,data/polished_dataset/backward/35degree/900rpm/900.0rpm1600.0Nm35.0deg.csv,2053937,3139caa35f26fe651f397e7c8c607f0679cd58cd06e8cd33f3fe11a416494b37
speed_900rpm__torque_1700Nm__temperature_25degC,validation,900.0,1700.0,25.0,data/polished_dataset/forward/25degree/900rpm/900.0rpm1700.0Nm25.0deg.csv,2035367,6f63dba2ec3d4a8aa205d171ea8f7a380bc8150d0946ad852338c111076e2502,data/polished_dataset/backward/25degree/900rpm/900.0rpm1700.0Nm25.0deg.csv,2006298,157860491db62ddb049c22bab22854d88b556da7947adee31f518eb48e744048
speed_1000rpm__torque_0Nm__temperature_25degC,validation,1000.0,0.0,25.0,data/polished_dataset/forward/25degree/1000rpm/1000.0rpm0.0Nm25.0deg.csv,1846888,878bc4299418760a88cb4922a9de0988b37e1670af3c1ef549fccb671c916311,data/polished_dataset/backward/25degree/1000rpm/1000.0rpm0.0Nm25.0deg.csv,1854971,30defbdbf9839514904ede85b188b4a3ea8ad5be5e3ee054e6f1925a500eb073
speed_1000rpm__torque_300Nm__temperature_25degC,validation,1000.0,300.0,25.0,data/polished_dataset/forward/25degree/1000rpm/1000.0rpm300.0Nm25.0deg.csv,1830702,b466f15f5b3b63357ef5af6520b96066da5840ac913f5349202d01ac1cd8de04,data/polished_dataset/backward/25degree/1000rpm/1000.0rpm300.0Nm25.0deg.csv,1855932,4cab589b7dd038d44d0f22231a55698c15182491b14aee93b99fe40dabc5b159
speed_1000rpm__torque_300Nm__temperature_30degC,validation,1000.0,300.0,30.0,data/polished_dataset/forward/30degree/1000rpm/1000.0rpm300.0Nm30.0deg.csv,1869237,517f8eea628e0411c875b79d5101988906d4b24b757353cc6551b8403569aafd,data/polished_dataset/backward/30degree/1000rpm/1000.0rpm300.0Nm30.0deg.csv,1871912,4e981c9f531a046c5cf14e216e0d184b92520c54cd97ad4b092c5af5bb23344d
speed_1000rpm__torque_600Nm__temperature_25degC,validation,1000.0,600.0,25.0,data/polished_dataset/forward/25degree/1000rpm/1000.0rpm600.0Nm25.0deg.csv,1840472,8cd3535ac7ee3e07b8586fa73d5a9bc836ad5c27985bc121a5cd45bbff9d02da,data/polished_dataset/backward/25degree/1000rpm/1000.0rpm600.0Nm25.0deg.csv,1841087,325139ac1095ca09a2b2bc07ad12aad6da3b6a99dbf70d0bc6c5add91ae93bfd
speed_1000rpm__torque_700Nm__temperature_35degC,validation,1000.0,700.0,35.0,data/polished_dataset/forward/35degree/1000rpm/1000.0rpm700.0Nm35.0deg.csv,1869539,7cf8348c6a3b21c3811025b7229dfc09d2896f30323789b2f181f03849f40dda,data/polished_dataset/backward/35degree/1000rpm/1000.0rpm700.0Nm35.0deg.csv,1873165,1094985afc29202ed7e7e990777e8de26a6183afe127a9cdf3cd68440754c4b8
speed_1000rpm__torque_800Nm__temperature_25degC,validation,1000.0,800.0,25.0,data/polished_dataset/forward/25degree/1000rpm/1000.0rpm800.0Nm25.0deg.csv,1842569,17724e644d910f592008d1ca71a10f3ed02a0ae884f6ed7f9775e93eb8024e26,data/polished_dataset/backward/25degree/1000rpm/1000.0rpm800.0Nm25.0deg.csv,1839293,e4a1957a43d7e71cadc3c77333980912ff0d33cb6b10d669dbe3ea59bcbe89ee
speed_1000rpm__torque_800Nm__temperature_30degC,validation,1000.0,800.0,30.0,data/polished_dataset/forward/30degree/1000rpm/1000.0rpm800.0Nm30.0deg.csv,1837137,f2b7a099449d51446399ee70430cdebe87c943d0c578cbaa71229fb427d60ea0,data/polished_dataset/backward/30degree/1000rpm/1000.0rpm800.0Nm30.0deg.csv,1825912,2e4a668989e5ef873fd5f6d5af76e16d3cdc160ef60373cdd5430ef80b1242bd
speed_1000rpm__torque_800Nm__temperature_35degC,validation,1000.0,800.0,35.0,data/polished_dataset/forward/35degree/1000rpm/1000.0rpm800.0Nm35.0deg.csv,1894030,830591804cd56efed064c44568b853438367e961f059355cfc79088ea15258a9,data/polished_dataset/backward/35degree/1000rpm/1000.0rpm800.0Nm35.0deg.csv,1868548,1b94fd776a1829241804ab672bf172cba8fd0252d460d59a839c8c0a6da017db
speed_1000rpm__torque_1100Nm__temperature_30degC,validation,1000.0,1100.0,30.0,data/polished_dataset/forward/30degree/1000rpm/1000.0rpm1100.0Nm30.0deg.csv,1840019,2cbf60a71c0e9cabf4d612f797d923785b53b8ce8d78a5cbdafa75370f2d0120,data/polished_dataset/backward/30degree/1000rpm/1000.0rpm1100.0Nm30.0deg.csv,1823304,ee26f7d8486eacdb7a4ebd2e932a8e7bedfd917b33b56e69ea7130050e6c8f32
speed_1000rpm__torque_1100Nm__temperature_35degC,validation,1000.0,1100.0,35.0,data/polished_dataset/forward/35degree/1000rpm/1000.0rpm1100.0Nm35.0deg.csv,1859211,1b868f3dab51c93469d6117c5765cbfbcb724efe57ef43699a1eaa287ab4a888,data/polished_dataset/backward/35degree/1000rpm/1000.0rpm1100.0Nm35.0deg.csv,1839162,d08d99943dcbbe1b3715e836beb43a7b0f32a7b597925df61ed4a8070ae90343
speed_1000rpm__torque_1600Nm__temperature_25degC,validation,1000.0,1600.0,25.0,data/polished_dataset/forward/25degree/1000rpm/1000.0rpm1600.0Nm25.0deg.csv,1820387,f51e5877dc985dfced830068962dd38a1e8446d4cc3375bcb6c6dff1cad34411,data/polished_dataset/backward/25degree/1000rpm/1000.0rpm1600.0Nm25.0deg.csv,1812448,36e801c7853734ac964947cb266f83085eea959ae4e116b50d4bb1850b033af8
speed_1000rpm__torque_1700Nm__temperature_25degC,validation,1000.0,1700.0,25.0,data/polished_dataset/forward/25degree/1000rpm/1000.0rpm1700.0Nm25.0deg.csv,1827934,ba74a2e61a8b7dbe623f1ee3eb92cff64fa3e7fd3b7c9c12a7f2fa11dd8a7ca6,data/polished_dataset/backward/25degree/1000rpm/1000.0rpm1700.0Nm25.0deg.csv,1810749,d56916dc0e60f759bbd77bfad75a1a77d1dc49ba3aea86ad406afef9df2178be
speed_1100rpm__torque_0Nm__temperature_35degC,validation,1100.0,0.0,35.0,data/polished_dataset/forward/35degree/1100rpm/1100.0rpm0.0Nm35.0deg.csv,1709548,1fcaebda95e77047d19653b26ed82795e0ffb448edcbac718834de3ba63dcc69,data/polished_dataset/backward/35degree/1100rpm/1100.0rpm0.0Nm35.0deg.csv,1713180,6e9bef425d3913812a7fdc8e56bb67053a561d120b999ac9eeaaf22d7531c305
speed_1100rpm__torque_500Nm__temperature_25degC,validation,1100.0,500.0,25.0,data/polished_dataset/forward/25degree/1100rpm/1100.0rpm500.0Nm25.0deg.csv,1667782,6ad523c509b83e2a4f0c061db3c28d4be6626d32c61821489087a75cb852b48c,data/polished_dataset/backward/25degree/1100rpm/1100.0rpm500.0Nm25.0deg.csv,1665942,5d3558bec0262c8a972616c7ab3ae310a880a13fc450046e95976d6a501d1e21
speed_1100rpm__torque_600Nm__temperature_25degC,validation,1100.0,600.0,25.0,data/polished_dataset/forward/25degree/1100rpm/1100.0rpm600.0Nm25.0deg.csv,1688885,e77225a267a9efaf3f2a98168d865d456b5f7be005e399b44294fed07aa75d95,data/polished_dataset/backward/25degree/1100rpm/1100.0rpm600.0Nm25.0deg.csv,1672047,630c10fc66b58ea71292f802d10a4df2e5a6af9d7da2263767b18848de69775c
speed_1100rpm__torque_600Nm__temperature_30degC,validation,1100.0,600.0,30.0,data/polished_dataset/forward/30degree/1100rpm/1100.0rpm600.0Nm30.0deg.csv,1668431,8c1aa16116976b7745a47937bb8b1522467430254e4b0606c14649e2d513c827,data/polished_dataset/backward/30degree/1100rpm/1100.0rpm600.0Nm30.0deg.csv,1672695,6c83da55e3823d2b9cf1c9a11d5077aeac4cc38370fcadd0ef9680b9278e8aab
speed_1100rpm__torque_900Nm__temperature_35degC,validation,1100.0,900.0,35.0,data/polished_dataset/forward/35degree/1100rpm/1100.0rpm900.0Nm35.0deg.csv,1706015,e1198b10e8dc6811309ba356bc1bc25843196dda2461aba003a8fb633da96ec4,data/polished_dataset/backward/35degree/1100rpm/1100.0rpm900.0Nm35.0deg.csv,1687760,a9b78a484f86fb10ced5184931851c93d7b49206a0192b52f6d99b5bf6a9ffad
speed_1100rpm__torque_1000Nm__temperature_25degC,validation,1100.0,1000.0,25.0,data/polished_dataset/forward/25degree/1100rpm/1100.0rpm1000.0Nm25.0deg.csv,1663592,495100c87faeba1cf6f01bf423c202096db636edadce10faeb23c2901bf87901,data/polished_dataset/backward/25degree/1100rpm/1100.0rpm1000.0Nm25.0deg.csv,1644345,09d01416f364dc8fedb5588a0d95649ea3c8a0958e8f233e67bfaa8a31e54307
speed_1100rpm__torque_1400Nm__temperature_25degC,validation,1100.0,1400.0,25.0,data/polished_dataset/forward/25degree/1100rpm/1100.0rpm1400.0Nm25.0deg.csv,1663808,217394e66be731f4e14f288a9c531d8bcf488652ce2ace02647172cfb7db5ea2,data/polished_dataset/backward/25degree/1100rpm/1100.0rpm1400.0Nm25.0deg.csv,1637270,d7e597a540c88cb3bad08d6cca105a837ed29f51b898efb72602b91abf438a62
speed_1100rpm__torque_1500Nm__temperature_25degC,validation,1100.0,1500.0,25.0,data/polished_dataset/forward/25degree/1100rpm/1100.0rpm1500.0Nm25.0deg.csv,1655048,4da8003857af7a4bf165028c034063eaa733308fd6c40942b73b1789430993b5,data/polished_dataset/backward/25degree/1100rpm/1100.0rpm1500.0Nm25.0deg.csv,1647062,c7341b300c85189127cf7d548b5e68d0cd769306bb1d42eb0d39d78695afd5e8
speed_1100rpm__torque_1500Nm__temperature_35degC,validation,1100.0,1500.0,35.0,data/polished_dataset/forward/35degree/1100rpm/1100.0rpm1500.0Nm35.0deg.csv,1685507,62649c236e5fbd888082989a8731c9196854782dca56d6e1aa6e02076310d479,data/polished_dataset/backward/35degree/1100rpm/1100.0rpm1500.0Nm35.0deg.csv,1687863,b8e1aef8e72fc5ba0063920ab135b549d162178a5a6e37e96dc7b0ea5a857c0c
speed_1100rpm__torque_1600Nm__temperature_30degC,validation,1100.0,1600.0,30.0,data/polished_dataset/forward/30degree/1100rpm/1100.0rpm1600.0Nm30.0deg.csv,1701326,e03cbafa065825d10261f09fd257ee889bae59d678d95e916f061e697169123e,data/polished_dataset/backward/30degree/1100rpm/1100.0rpm1600.0Nm30.0deg.csv,1680434,991a75b73297ea21178204c11ad8d53e265b4d0e971d5f14455098966fcf587e
speed_1100rpm__torque_1800Nm__temperature_30degC,validation,1100.0,1800.0,30.0,data/polished_dataset/forward/30degree/1100rpm/1100.0rpm1800.0Nm30.0deg.csv,1655964,58477ef00af4643d08b9b36f8ccc7b234ac3cc7da956fa407ed1dca51b83d77e,data/polished_dataset/backward/30degree/1100rpm/1100.0rpm1800.0Nm30.0deg.csv,1656006,38dfb150fe6b3158ffc370382b5f4f95ae05920e3c0520b3b75b1f4b4a197202
speed_1100rpm__torque_1800Nm__temperature_35degC,validation,1100.0,1800.0,35.0,data/polished_dataset/forward/35degree/1100rpm/1100.0rpm1800.0Nm35.0deg.csv,1691814,89784fdd99878cdf6447c2da069b23a1d147fb98aa0cae8d7cf10201ad54085c,data/polished_dataset/backward/35degree/1100rpm/1100.0rpm1800.0Nm35.0deg.csv,1668524,6e9b8abf563cdda05df0939572366c3b70ea10222f7b410c93c98202e0daefd9
speed_1300rpm__torque_0Nm__temperature_35degC,validation,1300.0,0.0,35.0,data/polished_dataset/forward/35degree/1300rpm/1300.0rpm0.0Nm35.0deg.csv,1443872,f40373dec44a4ce8193e407ed33f5c847d315f32a6e58cddbe1bf5d2f2c0120f,data/polished_dataset/backward/35degree/1300rpm/1300.0rpm0.0Nm35.0deg.csv,1454164,a7e1403e2e76a885bedcb932b85e85aea7eb8651655f3a5b0f9bd3072a0ae2b0
speed_1300rpm__torque_200Nm__temperature_35degC,validation,1300.0,200.0,35.0,data/polished_dataset/forward/35degree/1300rpm/1300.0rpm200.0Nm35.0deg.csv,1428744,fbfe01572623dc2e3b9f936aab1858b2f0c342e6d55346a09ba55d42fb56af51,data/polished_dataset/backward/35degree/1300rpm/1300.0rpm200.0Nm35.0deg.csv,1429036,55a65bc0100b4bfea6393c3a74bd52660892302d69686629dce3b93146282d24
speed_1300rpm__torque_600Nm__temperature_25degC,validation,1300.0,600.0,25.0,data/polished_dataset/forward/25degree/1300rpm/1300.0rpm600.0Nm25.0deg.csv,1416553,df36be8ddb303491204064e26038ea143e0d5fef8296c6daf8963e537b0b155b,data/polished_dataset/backward/25degree/1300rpm/1300.0rpm600.0Nm25.0deg.csv,1414823,06012be7889dff3e6ac3530cd038f0469ee6430ce865ba3be4912a150056aa96
speed_1300rpm__torque_800Nm__temperature_25degC,validation,1300.0,800.0,25.0,data/polished_dataset/forward/25degree/1300rpm/1300.0rpm800.0Nm25.0deg.csv,1418479,091500fdbc35aaf11218b61e549c9a201441e8b69038b9c914d9152182a21e0f,data/polished_dataset/backward/25degree/1300rpm/1300.0rpm800.0Nm25.0deg.csv,1406149,24cf0c64d7b6f93212cb28a21e710f4658fee8c3f0be0c3390d6294a788d04b8
speed_1300rpm__torque_1200Nm__temperature_30degC,validation,1300.0,1200.0,30.0,data/polished_dataset/forward/30degree/1300rpm/1300.0rpm1200.0Nm30.0deg.csv,1406214,33b541dee4343143747aed63f45009975f2e098e49652713b86475889b750d48,data/polished_dataset/backward/30degree/1300rpm/1300.0rpm1200.0Nm30.0deg.csv,1424613,5cdcf46b01f4c182d695631bc8f6ac38c3f3bebe9835f01fed377462a1c17166
speed_1300rpm__torque_1300Nm__temperature_35degC,validation,1300.0,1300.0,35.0,data/polished_dataset/forward/35degree/1300rpm/1300.0rpm1300.0Nm35.0deg.csv,1427435,345d87611bf3a6088773ecbe1d57f8ba27a0cdb3cb6fb25076175178ea3a2f73,data/polished_dataset/backward/35degree/1300rpm/1300.0rpm1300.0Nm35.0deg.csv,1417472,8f05db74bd5eaf0663059902a54d0209277188211dd0075be0222c5e2a916461
speed_1300rpm__torque_1800Nm__temperature_30degC,validation,1300.0,1800.0,30.0,data/polished_dataset/forward/30degree/1300rpm/1300.0rpm1800.0Nm30.0deg.csv,1441430,b6da9f97874fa9a4c9174e7089218959c5cd7197b233557cbd0876447e119edf,data/polished_dataset/backward/30degree/1300rpm/1300.0rpm1800.0Nm30.0deg.csv,1423223,b3a72f21e537d2579600352b7c154aeaecc5f13d4b7883b72cc05a2c4aeeef4c
speed_1400rpm__torque_0Nm__temperature_25degC,validation,1400.0,0.0,25.0,data/polished_dataset/forward/25degree/1400rpm/1400.0rpm0.0Nm25.0deg.csv,1314913,e1345473ba2cea2077d22676698eee0172bead65e64379b2bf56ffe7d33ab97c,data/polished_dataset/backward/25degree/1400rpm/1400.0rpm0.0Nm25.0deg.csv,1318274,944b5a6e8543f9ed8615c33cd8ab0b4de52698db48da539ebd40cc6ad2fb8555
speed_1400rpm__torque_200Nm__temperature_25degC,validation,1400.0,200.0,25.0,data/polished_dataset/forward/25degree/1400rpm/1400.0rpm200.0Nm25.0deg.csv,1319264,36b1f2a8e7d03957dfaceb679bdf626b00a12ea3626b620baccbf6f0c0015f4c,data/polished_dataset/backward/25degree/1400rpm/1400.0rpm200.0Nm25.0deg.csv,1304493,712c29743ff8cd9f51c9156f88d855ab7ea5a5aae2e4b02e1ca68795590160d8
speed_1400rpm__torque_300Nm__temperature_30degC,validation,1400.0,300.0,30.0,data/polished_dataset/forward/30degree/1400rpm/1400.0rpm300.0Nm30.0deg.csv,1319644,6e3f964ee7bccdc8e966f7ea5bf414344f16ef38c0ee92d94202ac1d14bf634b,data/polished_dataset/backward/30degree/1400rpm/1400.0rpm300.0Nm30.0deg.csv,1336273,2a62477f0acced5329a50b225b17ad8409a0a691259824bd253dc6e99f40b5cb
speed_1400rpm__torque_500Nm__temperature_30degC,validation,1400.0,500.0,30.0,data/polished_dataset/forward/30degree/1400rpm/1400.0rpm500.0Nm30.0deg.csv,1313076,373264715e3624e3534329e11a051360447caeb8734ad16dbc2b8abf96850118,data/polished_dataset/backward/30degree/1400rpm/1400.0rpm500.0Nm30.0deg.csv,1346230,4ce3d7a6fae601fda1d2818a1451359cb4de38a8df25e5e104841cce675cd0a7
speed_1400rpm__torque_1100Nm__temperature_35degC,validation,1400.0,1100.0,35.0,data/polished_dataset/forward/35degree/1400rpm/1400.0rpm1100.0Nm35.0deg.csv,1330430,b70b6e75fc38593345690cb9f500cef9b0df87a542fcc0a69af47809b28a1d51,data/polished_dataset/backward/35degree/1400rpm/1400.0rpm1100.0Nm35.0deg.csv,1322722,95300c34e2a467f5fe4dff2de8d4114c2de91827ca33480de079988b8aff5d49
speed_1400rpm__torque_1300Nm__temperature_25degC,validation,1400.0,1300.0,25.0,data/polished_dataset/forward/25degree/1400rpm/1400.0rpm1300.0Nm25.0deg.csv,1307369,e32b987f95b0ef135d1bcafcf28ff0bba88c7c3587709539165897a7b765abe9,data/polished_dataset/backward/25degree/1400rpm/1400.0rpm1300.0Nm25.0deg.csv,1293361,add20a126af788bc58b46ea511a6fcb3cf6e6a5513ed50c083dee720cfae270a
speed_1400rpm__torque_1400Nm__temperature_25degC,validation,1400.0,1400.0,25.0,data/polished_dataset/forward/25degree/1400rpm/1400.0rpm1400.0Nm25.0deg.csv,1304066,60022a1c36334ebfa5caa7ac70cbd88df623d4a85b27afd50a97a288e17a92b9,data/polished_dataset/backward/25degree/1400rpm/1400.0rpm1400.0Nm25.0deg.csv,1286500,e026025fa1e37d44914b0858ad5fa42c2ed0a971d8fd98b08e0c150a341e88ea
speed_1400rpm__torque_1400Nm__temperature_35degC,validation,1400.0,1400.0,35.0,data/polished_dataset/forward/35degree/1400rpm/1400.0rpm1400.0Nm35.0deg.csv,1328351,e36ee9ba6ff1dbda4bf01f5cc76089802fa83f5975c90dfdfe66ed01ef5a31a7,data/polished_dataset/backward/35degree/1400rpm/1400.0rpm1400.0Nm35.0deg.csv,1318513,b4371ab155d6101f6f9abe82d9a54bac4a3944944fc480399b107236f3b46f21
speed_1400rpm__torque_1500Nm__temperature_25degC,validation,1400.0,1500.0,25.0,data/polished_dataset/forward/25degree/1400rpm/1400.0rpm1500.0Nm25.0deg.csv,1303883,2aa52a7455c4c96a2581b3242306fe070759776ca904f9b405ac4f93e5ee5708,data/polished_dataset/backward/25degree/1400rpm/1400.0rpm1500.0Nm25.0deg.csv,1286152,02e1ecafc07f3b65e0d71c0f92b4a88f95bfd10429193f2044758703382716fc
speed_1400rpm__torque_1500Nm__temperature_35degC,validation,1400.0,1500.0,35.0,data/polished_dataset/forward/35degree/1400rpm/1400.0rpm1500.0Nm35.0deg.csv,1330399,94c0b1f10c9d75367a06696a2027ac1c5685ed074fd63b3ece5fc9776c493d4e,data/polished_dataset/backward/35degree/1400rpm/1400.0rpm1500.0Nm35.0deg.csv,1325914,c1bd194501863720b895a9078d21a8dafe1ed0f9ac3677fc24519e5e9ca117c5
speed_1400rpm__torque_1700Nm__temperature_35degC,validation,1400.0,1700.0,35.0,data/polished_dataset/forward/35degree/1400rpm/1400.0rpm1700.0Nm35.0deg.csv,1331037,33d3cfce9b5b250d7ac33bc84d6d80e770dce2699359e2573db8d9d54ad32225,data/polished_dataset/backward/35degree/1400rpm/1400.0rpm1700.0Nm35.0deg.csv,1321033,8d451e22e5f15692263014130e6e99f966daf193df24f38688f0e5fd18b81241
speed_1400rpm__torque_1800Nm__temperature_35degC,validation,1400.0,1800.0,35.0,data/polished_dataset/forward/35degree/1400rpm/1400.0rpm1800.0Nm35.0deg.csv,1333234,9e33440c64c42a2ca83be33b68a7a0bb35713b07c397326df7ad6266f84c5dd2,data/polished_dataset/backward/35degree/1400rpm/1400.0rpm1800.0Nm35.0deg.csv,1317604,1e85e28f30a99f7f237565674e22cf7e4e31c4b8f3eb33f005cd169155a5729f
speed_1500rpm__torque_0Nm__temperature_25degC,validation,1500.0,0.0,25.0,data/polished_dataset/forward/25degree/1500rpm/1500.0rpm0.0Nm25.0deg.csv,1223059,bfab1081df235204c2f004984ab1311a0f5d3d33b2f4425df50da335bd1ff790,data/polished_dataset/backward/25degree/1500rpm/1500.0rpm0.0Nm25.0deg.csv,1233791,40ea49364e6a157093f4c55e96bcc331948d7a246eda17617341985ece995ad3
speed_1500rpm__torque_100Nm__temperature_30degC,validation,1500.0,100.0,30.0,data/polished_dataset/forward/30degree/1500rpm/1500.0rpm100.0Nm30.0deg.csv,1225992,372e57f29b1f66da867e0753c31caa324543a22da16481ee75bd2fae4f50b9ea,data/polished_dataset/backward/30degree/1500rpm/1500.0rpm100.0Nm30.0deg.csv,1231526,3c0381d5ce04b7de2e4c207ca18fa884ccc8b47776c4a1e63a729ac6cd8e5332
speed_1500rpm__torque_300Nm__temperature_30degC,validation,1500.0,300.0,30.0,data/polished_dataset/forward/30degree/1500rpm/1500.0rpm300.0Nm30.0deg.csv,1220756,06c3866d0a036aa033479efd01e59c82b3cf7ee9b719293f9ece70f429e50834,data/polished_dataset/backward/30degree/1500rpm/1500.0rpm300.0Nm30.0deg.csv,1227513,2a224608396b2729f60d9beff9da7228214af65337b7fe11888ffaf41f9119ac
speed_1500rpm__torque_300Nm__temperature_35degC,validation,1500.0,300.0,35.0,data/polished_dataset/forward/35degree/1500rpm/1500.0rpm300.0Nm35.0deg.csv,1244804,209f4117f2c102ea69e5cce1d2dcbf7319877fa71587cef5834e17f9db49316c,data/polished_dataset/backward/35degree/1500rpm/1500.0rpm300.0Nm35.0deg.csv,1241510,586e2572aadccd0d57f8dd0287164297f91100f4d22196929a4227e211909b69
speed_1500rpm__torque_500Nm__temperature_25degC,validation,1500.0,500.0,25.0,data/polished_dataset/forward/25degree/1500rpm/1500.0rpm500.0Nm25.0deg.csv,1229980,9acd6adbafd9b81965bd4316142c6a54c7ad1f025047b4608c0f4290907b458a,data/polished_dataset/backward/25degree/1500rpm/1500.0rpm500.0Nm25.0deg.csv,1219109,ae89bad875751e733f746a4b2419407a725a79ba2bf5b90eed734bade0914351
speed_1500rpm__torque_500Nm__temperature_30degC,validation,1500.0,500.0,30.0,data/polished_dataset/forward/30degree/1500rpm/1500.0rpm500.0Nm30.0deg.csv,1245714,9b3ca8471337438c58cca05ae5b61703e6bd7148880b5d83dd06e6219b81a4a4,data/polished_dataset/backward/30degree/1500rpm/1500.0rpm500.0Nm30.0deg.csv,1252949,769ab0fbbf819f206902bfbe0a5c0f29ed8af6ba4c46d637850d452c0bd210c8
speed_1500rpm__torque_900Nm__temperature_30degC,validation,1500.0,900.0,30.0,data/polished_dataset/forward/30degree/1500rpm/1500.0rpm900.0Nm30.0deg.csv,1235960,077bb80074c77a5daf9c4522ee1fc8cbf72da4a6770c00ad5da177a6e4adc7d1,data/polished_dataset/backward/30degree/1500rpm/1500.0rpm900.0Nm30.0deg.csv,1223872,fbd2e6f797fa486b5a5961e7a68aaf0d46f52c18cd15b5971e2c1381beb443ef
speed_1500rpm__torque_900Nm__temperature_35degC,validation,1500.0,900.0,35.0,data/polished_dataset/forward/35degree/1500rpm/1500.0rpm900.0Nm35.0deg.csv,1247331,a207318f05f7ba33190604f3326e4c5d39d6312bcc4fe685eb8af57a19d89660,data/polished_dataset/backward/35degree/1500rpm/1500.0rpm900.0Nm35.0deg.csv,1246951,1d7ab6003d72a9360295f1ac2199a8b1c12a37473343d3ca5f3171656d0d9899
speed_1500rpm__torque_1000Nm__temperature_30degC,validation,1500.0,1000.0,30.0,data/polished_dataset/forward/30degree/1500rpm/1500.0rpm1000.0Nm30.0deg.csv,1214878,b3c2c9945f1b44459b2474158b5c2e385522b22fbce18ef7611a284dd060316a,data/polished_dataset/backward/30degree/1500rpm/1500.0rpm1000.0Nm30.0deg.csv,1239485,b8756f6648b05a1089cb76447d36a665b0384b1e7f749f3442e9feba24f74910
speed_1500rpm__torque_1100Nm__temperature_25degC,validation,1500.0,1100.0,25.0,data/polished_dataset/forward/25degree/1500rpm/1500.0rpm1100.0Nm25.0deg.csv,1227087,8ae4d1072fefbd57955ae52d3051c9f6711a4bd409059849973316dbd7829cf1,data/polished_dataset/backward/25degree/1500rpm/1500.0rpm1100.0Nm25.0deg.csv,1204367,8acfda1837826be0f4854413516462c887398d63006480dff761428199b50181
speed_1500rpm__torque_1100Nm__temperature_35degC,validation,1500.0,1100.0,35.0,data/polished_dataset/forward/35degree/1500rpm/1500.0rpm1100.0Nm35.0deg.csv,1240868,2e4d118426420daa361f07395d67d18887999f03ef6d83be201fb3aa015ffca1,data/polished_dataset/backward/35degree/1500rpm/1500.0rpm1100.0Nm35.0deg.csv,1236368,a77e85dfb79f568de19f212349623508bfc40bb0f989ffd1bc383326ae4309c1
speed_1500rpm__torque_1200Nm__temperature_30degC,validation,1500.0,1200.0,30.0,data/polished_dataset/forward/30degree/1500rpm/1500.0rpm1200.0Nm30.0deg.csv,1226690,859b25af8ae58bdc0fd41db98a42b03d71fe9db10c5b24b6c66bf31a151160f6,data/polished_dataset/backward/30degree/1500rpm/1500.0rpm1200.0Nm30.0deg.csv,1219037,97a0dae3c282ea76d0e0f8479b1ddb37f235f70db1c4a2ffcafd437a4f9043f9
speed_1500rpm__torque_1300Nm__temperature_25degC,validation,1500.0,1300.0,25.0,data/polished_dataset/forward/25degree/1500rpm/1500.0rpm1300.0Nm25.0deg.csv,1219232,63b4e7bc130820ac5893dcd6846b9503201d2217d58d71dce2fb5bdc9ab4080c,data/polished_dataset/backward/25degree/1500rpm/1500.0rpm1300.0Nm25.0deg.csv,1212567,712b907419d4be1fe766ee20687e15dc8e122669ca4576430970b4ef2d609cdf
speed_1500rpm__torque_1400Nm__temperature_25degC,validation,1500.0,1400.0,25.0,data/polished_dataset/forward/25degree/1500rpm/1500.0rpm1400.0Nm25.0deg.csv,1218800,d76e6d3745585d51feffdc43ac1b74af46c7050a706b321a513f0189171b6d13,data/polished_dataset/backward/25degree/1500rpm/1500.0rpm1400.0Nm25.0deg.csv,1201131,b6c9c1220b4ae6a3703fceff062b9172fb00974f6ae6bdb6b9b5b029664ba783
speed_1500rpm__torque_1400Nm__temperature_30degC,validation,1500.0,1400.0,30.0,data/polished_dataset/forward/30degree/1500rpm/1500.0rpm1400.0Nm30.0deg.csv,1252183,bc50184f8eaed92b350fddcd1d39eaa788cb9156cd8aeefaa291c38d0fdc5132,data/polished_dataset/backward/30degree/1500rpm/1500.0rpm1400.0Nm30.0deg.csv,1228861,e176190db29b148d2386845e588b93568388df23229f141dcdc6c218448e37b7
speed_1500rpm__torque_1600Nm__temperature_25degC,validation,1500.0,1600.0,25.0,data/polished_dataset/forward/25degree/1500rpm/1500.0rpm1600.0Nm25.0deg.csv,1217306,2733d518553d3d966f43a700f47c4c46918d14d16bfdf2944dbfd65d67788e80,data/polished_dataset/backward/25degree/1500rpm/1500.0rpm1600.0Nm25.0deg.csv,1199198,e3f5be954609b76403691f6ae8c6cab94a93d16d2fc3e53817b6bd42dbfb8bcf
speed_1500rpm__torque_1600Nm__temperature_30degC,validation,1500.0,1600.0,30.0,data/polished_dataset/forward/30degree/1500rpm/1500.0rpm1600.0Nm30.0deg.csv,1223512,8796bd306f545e8acd853b27bd9434e74ef75994e1bc7f70f01dce14378a00e6,data/polished_dataset/backward/30degree/1500rpm/1500.0rpm1600.0Nm30.0deg.csv,1205898,f399ca67598c14759bff099c89a580de1f05f8ae9b4dcfea22c4697cad85e81f
speed_1500rpm__torque_1700Nm__temperature_25degC,validation,1500.0,1700.0,25.0,data/polished_dataset/forward/25degree/1500rpm/1500.0rpm1700.0Nm25.0deg.csv,1222398,b0eeae921bd28a7b991d9ed5f03585d4074c9e818223b152a96e811754ba1b47,data/polished_dataset/backward/25degree/1500rpm/1500.0rpm1700.0Nm25.0deg.csv,1199975,17192ab3812d5ad01efa7badaef966811d0a6e07872e2888d4e9447bc446a2c8
speed_1500rpm__torque_1700Nm__temperature_30degC,validation,1500.0,1700.0,30.0,data/polished_dataset/forward/30degree/1500rpm/1500.0rpm1700.0Nm30.0deg.csv,1209704,bd8bf86ec3121e989db733e3b837253a490a3a85c94f296554152341e6b0d679,data/polished_dataset/backward/30degree/1500rpm/1500.0rpm1700.0Nm30.0deg.csv,1206234,d1591730a147d62fc0beffc8b597c2bb13c3199d73da62b2d60f7ded8bd88986
speed_1500rpm__torque_1800Nm__temperature_30degC,validation,1500.0,1800.0,30.0,data/polished_dataset/forward/30degree/1500rpm/1500.0rpm1800.0Nm30.0deg.csv,1224540,1b284f7cbc7873ffce41ed7e590d3fff0bd0e4bb181cbf10119a70c050d29c1a,data/polished_dataset/backward/30degree/1500rpm/1500.0rpm1800.0Nm30.0deg.csv,1215662,7cc869d9f92e02665341ce58c892975c645b619cfa86b2be2b44a05793a307f9
speed_1500rpm__torque_1800Nm__temperature_35degC,validation,1500.0,1800.0,35.0,data/polished_dataset/forward/35degree/1500rpm/1500.0rpm1800.0Nm35.0deg.csv,1242455,e11f43843843817f35c9dd0800798877bd26f7fa1977e0608393f7a5a25b7750,data/polished_dataset/backward/35degree/1500rpm/1500.0rpm1800.0Nm35.0deg.csv,1225922,710e19901a13d18e6570bd22f9406debdc8d8eac9b793ce78ba46295bc395797
speed_1600rpm__torque_200Nm__temperature_30degC,validation,1600.0,200.0,30.0,data/polished_dataset/forward/30degree/1600rpm/1600.0rpm200.0Nm30.0deg.csv,1154581,9b51243b9f7a4c9aa428ecf39b2fe23fcac51f6edbf762c21a465d8cd9f0d641,data/polished_dataset/backward/30degree/1600rpm/1600.0rpm200.0Nm30.0deg.csv,1169281,6628ccb13c36a95c434a930821c5a06b8315041b220681146ca5835a834e9b7c
speed_1600rpm__torque_300Nm__temperature_30degC,validation,1600.0,300.0,30.0,data/polished_dataset/forward/30degree/1600rpm/1600.0rpm300.0Nm30.0deg.csv,1149785,3f061e7746060cc89f8a75841c9ddb03bcde17d7bed8a1457eed289ee1dd2ac5,data/polished_dataset/backward/30degree/1600rpm/1600.0rpm300.0Nm30.0deg.csv,1154753,cffc9d0dc545992334611ed963b2a247381789748fcb83a5ebbe783d0a231c38
speed_1600rpm__torque_300Nm__temperature_35degC,validation,1600.0,300.0,35.0,data/polished_dataset/forward/35degree/1600rpm/1600.0rpm300.0Nm35.0deg.csv,1167968,af64a1e95899b00e96ec581d6e92f2feb42a91d277b3447402b89ff29612bac2,data/polished_dataset/backward/35degree/1600rpm/1600.0rpm300.0Nm35.0deg.csv,1164787,08040fcdecba43d39076c8bc49b2e3e81d4f7f656bc03f80081576c6a552d770
speed_1600rpm__torque_400Nm__temperature_25degC,validation,1600.0,400.0,25.0,data/polished_dataset/forward/25degree/1600rpm/1600.0rpm400.0Nm25.0deg.csv,1149392,22e91f7b5e6e5ceb8da91ca908c9e7cae56b115caebf99d4566189dbe8a1ada2,data/polished_dataset/backward/25degree/1600rpm/1600.0rpm400.0Nm25.0deg.csv,1144297,ee7478e8c9732203b589df332c8b91d93a1efea2883017e7d3f38364f4ee4c8a
speed_1600rpm__torque_400Nm__temperature_30degC,validation,1600.0,400.0,30.0,data/polished_dataset/forward/30degree/1600rpm/1600.0rpm400.0Nm30.0deg.csv,1150564,748d849708c10fa19a947c8cb25f43adb3e2bb64ac6f18dc528eb2ca910b1aa9,data/polished_dataset/backward/30degree/1600rpm/1600.0rpm400.0Nm30.0deg.csv,1161870,e3645a3ea8d33df7edfebd0ee215a089699fc5e9d0b51b4a5a74e3c7b56c1e0c
speed_1600rpm__torque_500Nm__temperature_30degC,validation,1600.0,500.0,30.0,data/polished_dataset/forward/30degree/1600rpm/1600.0rpm500.0Nm30.0deg.csv,1158536,e16275a9cd4f290352b890e6f6202f6b116baadf8a47011cc2c2adb6d929783b,data/polished_dataset/backward/30degree/1600rpm/1600.0rpm500.0Nm30.0deg.csv,1169679,1d96b16ce4d0605078c50a61c0de58bab6766004e7bc9d37e0b24a94b0342e44
speed_1600rpm__torque_500Nm__temperature_35degC,validation,1600.0,500.0,35.0,data/polished_dataset/forward/35degree/1600rpm/1600.0rpm500.0Nm35.0deg.csv,1166815,06c917ad4c3f46a99e9ad7c2960e2a59a543d371540f61e275fe41223f96006a,data/polished_dataset/backward/35degree/1600rpm/1600.0rpm500.0Nm35.0deg.csv,1173117,40015a2ae965d96985204305ce8be739a29115d95d2860187c06619b53104484
speed_1600rpm__torque_700Nm__temperature_30degC,validation,1600.0,700.0,30.0,data/polished_dataset/forward/30degree/1600rpm/1600.0rpm700.0Nm30.0deg.csv,1144798,590157eab54c6b9417d942dc288bc7b1698f5c813a896629e8a1da052b9461f2,data/polished_dataset/backward/30degree/1600rpm/1600.0rpm700.0Nm30.0deg.csv,1156736,3d4c6b574109ac44a72d640c51adaa31b09d3f362bf384d2826a97646749a799
speed_1600rpm__torque_800Nm__temperature_25degC,validation,1600.0,800.0,25.0,data/polished_dataset/forward/25degree/1600rpm/1600.0rpm800.0Nm25.0deg.csv,1162016,c83bc5056c39931b41f88ad0ce7c1766627110cab9036b42e4cf8151f74704f5,data/polished_dataset/backward/25degree/1600rpm/1600.0rpm800.0Nm25.0deg.csv,1144032,dfc3309a557082b7bb33c7351c8656737758cdfc20d403fd113b8e34b1979b9c
speed_1600rpm__torque_1300Nm__temperature_35degC,validation,1600.0,1300.0,35.0,data/polished_dataset/forward/35degree/1600rpm/1600.0rpm1300.0Nm35.0deg.csv,1162355,0debfe6ef4dfbef448902fce8a6bebe36998b1a296324f7e1c235d664df36565,data/polished_dataset/backward/35degree/1600rpm/1600.0rpm1300.0Nm35.0deg.csv,1151053,c27c1a5f7e499d36797992020c188b3dbb0ac006dc2c7c246487b5e298aeff95
speed_1600rpm__torque_1700Nm__temperature_30degC,validation,1600.0,1700.0,30.0,data/polished_dataset/forward/30degree/1600rpm/1600.0rpm1700.0Nm30.0deg.csv,1130400,79093c61f7409742594de685cee0294678147620a19b0c036db222c4c6ffff43,data/polished_dataset/backward/30degree/1600rpm/1600.0rpm1700.0Nm30.0deg.csv,1128413,1c577ed73b80efd45d440c0a2e7ef2d7292d0eab645b5055398e8e8c9a7d51b5
speed_1700rpm__torque_0Nm__temperature_25degC,validation,1700.0,0.0,25.0,data/polished_dataset/forward/25degree/1700rpm/1700.0rpm0.0Nm25.0deg.csv,1079240,bb5f331df89990e5901a24c9d1c502021c34b9862557a1923142095547a68982,data/polished_dataset/backward/25degree/1700rpm/1700.0rpm0.0Nm25.0deg.csv,1089758,eedc9a106508488717f9042245b9b4d088a34a1afbbde51c9a22fae6b68bb5ee
speed_1700rpm__torque_200Nm__temperature_25degC,validation,1700.0,200.0,25.0,data/polished_dataset/forward/25degree/1700rpm/1700.0rpm200.0Nm25.0deg.csv,1077021,9d49600ecc3dfb09d9673650c7342e0d26c8eb524010f129d70d0f2c23d14a0d,data/polished_dataset/backward/25degree/1700rpm/1700.0rpm200.0Nm25.0deg.csv,1071702,26ee65ee9dad7f379cd0a25cc16bf546e4da13abe1d453b8ad78a23616f44602
speed_1700rpm__torque_200Nm__temperature_35degC,validation,1700.0,200.0,35.0,data/polished_dataset/forward/35degree/1700rpm/1700.0rpm200.0Nm35.0deg.csv,1092394,11ace77c7f4d46b632e381be2d21e2dd448af41a35d1185db968d7bd6906083d,data/polished_dataset/backward/35degree/1700rpm/1700.0rpm200.0Nm35.0deg.csv,1102442,a3f3de5b62d3d9d9dafed15f2782d187ffc618e1ea28d9eb8429ead8cdbc5d04
speed_1700rpm__torque_300Nm__temperature_25degC,validation,1700.0,300.0,25.0,data/polished_dataset/forward/25degree/1700rpm/1700.0rpm300.0Nm25.0deg.csv,1081703,05e5016f3dc929d6085421c2b05c14b4ec21c78a42fe9308a66016400973ca39,data/polished_dataset/backward/25degree/1700rpm/1700.0rpm300.0Nm25.0deg.csv,1078039,27893f8b3421c4a8d4880a1a47da7d1627ee02eab12ed58e09662b7698c0a6d3
speed_1700rpm__torque_300Nm__temperature_35degC,validation,1700.0,300.0,35.0,data/polished_dataset/forward/35degree/1700rpm/1700.0rpm300.0Nm35.0deg.csv,1101193,f8b9c469584c2e6ef56e435a354130c6d7926ee67ec4092be29717b35b87711e,data/polished_dataset/backward/35degree/1700rpm/1700.0rpm300.0Nm35.0deg.csv,1104000,f7d5b8bbdd90cba7ef8f42ba14da19a6fd5bc28a4835e72177ae25cdfe7e6714
speed_1700rpm__torque_600Nm__temperature_25degC,validation,1700.0,600.0,25.0,data/polished_dataset/forward/25degree/1700rpm/1700.0rpm600.0Nm25.0deg.csv,1083687,d73049228bcbe4a2befbca4cf66f1693f33934d20bd341e4e04adcb128d0e2cb,data/polished_dataset/backward/25degree/1700rpm/1700.0rpm600.0Nm25.0deg.csv,1091535,6e44bfdc470276b1861fb46e5ab640a6bf131b5fde69cc2cc7851e94f0f1e31e
speed_1700rpm__torque_700Nm__temperature_30degC,validation,1700.0,700.0,30.0,data/polished_dataset/forward/30degree/1700rpm/1700.0rpm700.0Nm30.0deg.csv,1094019,4699aa305cdc38d037a74b41aae0e055f5d30bb6375994727c54533b90bb40e7,data/polished_dataset/backward/30degree/1700rpm/1700.0rpm700.0Nm30.0deg.csv,1106823,730e0e4e4c84225f1c0f71e593cefdbd23544a7f388f8f457469be44f0b83daf
speed_1700rpm__torque_1100Nm__temperature_30degC,validation,1700.0,1100.0,30.0,data/polished_dataset/forward/30degree/1700rpm/1700.0rpm1100.0Nm30.0deg.csv,1073602,2a4338b7fff58d0c027dc5e190ad9af9f2e02643782b65bf2216bb2cac371600,data/polished_dataset/backward/30degree/1700rpm/1700.0rpm1100.0Nm30.0deg.csv,1090279,e7790494f1c35dbaa76f61ccdf11dada05f7271c831cc97f7ceae017a983ab06
speed_1700rpm__torque_1300Nm__temperature_35degC,validation,1700.0,1300.0,35.0,data/polished_dataset/forward/35degree/1700rpm/1700.0rpm1300.0Nm35.0deg.csv,1101275,ecea08fcafa7bc1e44e481b9ded11c2d15de3861229b8b2fa9a44d94d0c2145a,data/polished_dataset/backward/35degree/1700rpm/1700.0rpm1300.0Nm35.0deg.csv,1086829,0a6aef9d283010e73bb931f78eccd77d409e855a414cf15f51cedfb151fb39f4
speed_1700rpm__torque_1400Nm__temperature_25degC,validation,1700.0,1400.0,25.0,data/polished_dataset/forward/25degree/1700rpm/1700.0rpm1400.0Nm25.0deg.csv,1073963,f481b0fa484262c2ef91d36b735f461ef981d9e00fcd205324ba30dfa01c6637,data/polished_dataset/backward/25degree/1700rpm/1700.0rpm1400.0Nm25.0deg.csv,1064582,26240ba0ac7f5dce81b7f4f69022b7cb99abf32931e97d8a503edc068125a600
speed_1700rpm__torque_1700Nm__temperature_35degC,validation,1700.0,1700.0,35.0,data/polished_dataset/forward/35degree/1700rpm/1700.0rpm1700.0Nm35.0deg.csv,1093822,3665301850bc5064c7aadc62fbae881c2843f28fac84a1dd7235d3260105e6e5,data/polished_dataset/backward/35degree/1700rpm/1700.0rpm1700.0Nm35.0deg.csv,1088482,9975e668fb1fadb0a3c7a61aa108fc6512224ddd9bdf729a05783abd169eb7c3
speed_1800rpm__torque_0Nm__temperature_25degC,validation,1800.0,0.0,25.0,data/polished_dataset/forward/25degree/1800rpm/1800.0rpm0.0Nm25.0deg.csv,1018775,45d7c6551498431d6de3affe446f13d96d066207e7aca9b04b8e1a4804847b43,data/polished_dataset/backward/25degree/1800rpm/1800.0rpm0.0Nm25.0deg.csv,1029939,7bbeeb581a5421d531097b8550bf525e10b40c67414ad012916214edf75691fa
speed_1800rpm__torque_0Nm__temperature_35degC,validation,1800.0,0.0,35.0,data/polished_dataset/forward/35degree/1800rpm/1800.0rpm0.0Nm35.0deg.csv,1042109,55da9fceea031201f6657de670665e0a7cb9802ceda93d12b079533dba4060a5,data/polished_dataset/backward/35degree/1800rpm/1800.0rpm0.0Nm35.0deg.csv,1049777,c4fe29e4b483e453b11f391a43c53b210f0cdf74e7b99a44461c0d4961695461
speed_1800rpm__torque_200Nm__temperature_25degC,validation,1800.0,200.0,25.0,data/polished_dataset/forward/25degree/1800rpm/1800.0rpm200.0Nm25.0deg.csv,1019998,4243ec62c3967d4dddd3cecb5eee442be143475dfa97cc2cacdaf65be042f695,data/polished_dataset/backward/25degree/1800rpm/1800.0rpm200.0Nm25.0deg.csv,1021945,0f733af54b6bd9ed368bbe3e167f082547cf8e551065a94d771622d7601b030a
speed_1800rpm__torque_400Nm__temperature_35degC,validation,1800.0,400.0,35.0,data/polished_dataset/forward/35degree/1800rpm/1800.0rpm400.0Nm35.0deg.csv,1044229,7e8c21f923d627c4341e4d34397cba53b298c595269792a1295585da54e261f4,data/polished_dataset/backward/35degree/1800rpm/1800.0rpm400.0Nm35.0deg.csv,1042497,059fcda088830634364fb675e9594df4b48a58f7ca4211f135165bad7e305df6
speed_1800rpm__torque_600Nm__temperature_25degC,validation,1800.0,600.0,25.0,data/polished_dataset/forward/25degree/1800rpm/1800.0rpm600.0Nm25.0deg.csv,1023993,4e44588f53f8514606cbd2de05395ee188d1388aa5a128e9a0254a6c5eec05e9,data/polished_dataset/backward/25degree/1800rpm/1800.0rpm600.0Nm25.0deg.csv,1031479,4a2bf29f7d413419da4d16bb11ec81aac653bc5a02cdecc55816f6b4a1bab959
speed_1800rpm__torque_1000Nm__temperature_35degC,validation,1800.0,1000.0,35.0,data/polished_dataset/forward/35degree/1800rpm/1800.0rpm1000.0Nm35.0deg.csv,1033006,1338ad0461cc21ddc66f6961803f373bf25682366b8d9545b26560b0c79d2896,data/polished_dataset/backward/35degree/1800rpm/1800.0rpm1000.0Nm35.0deg.csv,1030532,be9756aed3d7e47f4146d5089d921020efa26a64025b07cd68a50828e81c0bec
speed_1800rpm__torque_1200Nm__temperature_35degC,validation,1800.0,1200.0,35.0,data/polished_dataset/forward/35degree/1800rpm/1800.0rpm1200.0Nm35.0deg.csv,1039086,2c91094d367afbd119266e13cf457640d34284f90b4f3d29863243a377a1b5f7,data/polished_dataset/backward/35degree/1800rpm/1800.0rpm1200.0Nm35.0deg.csv,1022767,27f2d0282fd05dd86325bddbd5ca88fec3637af4d5d0170b02c752771c8c225d
speed_1800rpm__torque_1300Nm__temperature_35degC,validation,1800.0,1300.0,35.0,data/polished_dataset/forward/35degree/1800rpm/1800.0rpm1300.0Nm35.0deg.csv,1037907,1b8bd84bfeeab368ea557d87a1bfeac8714e005f88dd6a8dbf7334f89115f0f1,data/polished_dataset/backward/35degree/1800rpm/1800.0rpm1300.0Nm35.0deg.csv,1026322,4cac4db6845e97a180532fadbc64e96a978b97fe9d3dfde13af3ff8568bba5d9
speed_1800rpm__torque_1400Nm__temperature_35degC,validation,1800.0,1400.0,35.0,data/polished_dataset/forward/35degree/1800rpm/1800.0rpm1400.0Nm35.0deg.csv,1035602,c05707919e8a5d4e72e7b9014ccd5614117ad2b9693e09fef1344a4e5b92d141,data/polished_dataset/backward/35degree/1800rpm/1800.0rpm1400.0Nm35.0deg.csv,1027533,96cf881cc9fff5a34f23cc8dca2397a6831caa4bc1c6aca639f85c6e53e8fee0
speed_1800rpm__torque_1700Nm__temperature_30degC,validation,1800.0,1700.0,30.0,data/polished_dataset/forward/30degree/1800rpm/1800.0rpm1700.0Nm30.0deg.csv,1015484,c783d1821916d2f32125ce51b1f6339050fc4925aeea8305a0b6fb860dad1ef8,data/polished_dataset/backward/30degree/1800rpm/1800.0rpm1700.0Nm30.0deg.csv,1004494,6525aa7effef1a07dee75a42b67c2611e290dc833a84c07efa36392a2c4b87e1
speed_100rpm__torque_100Nm__temperature_30degC,test,100.0,100.0,30.0,data/polished_dataset/forward/30degree/100rpm/100.0rpm100.0Nm30.0deg.csv,18236401,9f8523c07f7fce165502e69840c62995e23c299212e139c16857f19ba0063e22,data/polished_dataset/backward/30degree/100rpm/100.0rpm100.0Nm30.0deg.csv,18285772,439d561a8ba8a318157c27ed4f667e764105e9a97f903efcff5a090c521f232a
speed_100rpm__torque_100Nm__temperature_35degC,test,100.0,100.0,35.0,data/polished_dataset/forward/35degree/100rpm/100.0rpm100.0Nm35.0deg.csv,18706890,fcd7a3bc2a983555bdf610bffd17eb0d4a439b726692885d632c1c3f9a43a8de,data/polished_dataset/backward/35degree/100rpm/100.0rpm100.0Nm35.0deg.csv,18632739,840573d38115df05e54a396be6170b8df3d06afc8be53b2da9a11acf12399228
speed_100rpm__torque_300Nm__temperature_30degC,test,100.0,300.0,30.0,data/polished_dataset/forward/30degree/100rpm/100.0rpm300.0Nm30.0deg.csv,18226917,73eaa3dd8a70740cf83f04488404870f949515328b9f0775853ab364f9b0fdfd,data/polished_dataset/backward/30degree/100rpm/100.0rpm300.0Nm30.0deg.csv,18279849,cae50030ef19dcfdc865b39f07d0bcb39c8668a2b429ded24de57ad34b5e1ddc
speed_100rpm__torque_400Nm__temperature_30degC,test,100.0,400.0,30.0,data/polished_dataset/forward/30degree/100rpm/100.0rpm400.0Nm30.0deg.csv,18265553,0801f5406a7987871f85d870296a1153b1f1a7ce286671e926934c322f57cbe5,data/polished_dataset/backward/30degree/100rpm/100.0rpm400.0Nm30.0deg.csv,18217279,ecf60fa3607800c8bbc00155e9544af9d104b3217724f92c9b1e6699aca1f443
speed_100rpm__torque_500Nm__temperature_35degC,test,100.0,500.0,35.0,data/polished_dataset/forward/35degree/100rpm/100.0rpm500.0Nm35.0deg.csv,18821839,b7569ea6d137b374b829eb9a62696945167c8db9efca4168cb03e332ef27c265,data/polished_dataset/backward/35degree/100rpm/100.0rpm500.0Nm35.0deg.csv,18769554,e79b9d8b7ed3cbe9351c3be7f653f1be8c6c534b342bbdd255da81d29c5a4c02
speed_100rpm__torque_600Nm__temperature_35degC,test,100.0,600.0,35.0,data/polished_dataset/forward/35degree/100rpm/100.0rpm600.0Nm35.0deg.csv,18774968,8687a4666fd49e2c3c96cd06ccbe2f5df4a2f1f00c67448c7cef8ac50b0748c4,data/polished_dataset/backward/35degree/100rpm/100.0rpm600.0Nm35.0deg.csv,18681939,2c8ce6fbfe075bc7abe0a573c1bb219475139aa89995a9e84fa7785fca510c9e
speed_100rpm__torque_900Nm__temperature_35degC,test,100.0,900.0,35.0,data/polished_dataset/forward/35degree/100rpm/100.0rpm900.0Nm35.0deg.csv,18837241,0033ad844cd1aa016954b2fdd0f14fd63408814079fb466073c1fded308fef87,data/polished_dataset/backward/35degree/100rpm/100.0rpm900.0Nm35.0deg.csv,18663320,2b78349aabc9888978db8a8a3c02fefc8715eadafbe95df39239a5e0a28f7bf2
speed_100rpm__torque_1000Nm__temperature_30degC,test,100.0,1000.0,30.0,data/polished_dataset/forward/30degree/100rpm/100.0rpm1000.0Nm30.0deg.csv,18188925,a4d7c6376cb9884a5c9d570ade6c25fefd677c642859992190fcebae65672b8a,data/polished_dataset/backward/30degree/100rpm/100.0rpm1000.0Nm30.0deg.csv,17883932,5051271292e50489042ddd3d7dd0f61db6a38dbf88419ccff606abdfa81bf112
speed_100rpm__torque_1100Nm__temperature_30degC,test,100.0,1100.0,30.0,data/polished_dataset/forward/30degree/100rpm/100.0rpm1100.0Nm30.0deg.csv,18248715,ef0f0c99b5ceecb1a1393acff3746596639704faad52e1747e5ca8949889720b,data/polished_dataset/backward/30degree/100rpm/100.0rpm1100.0Nm30.0deg.csv,18205767,2c5b488e0f6ad5b7c6731ee312cbf7b02db9c6d3834f0fdcb32cabdfcdc2bd21
speed_200rpm__torque_100Nm__temperature_30degC,test,200.0,100.0,30.0,data/polished_dataset/forward/30degree/200rpm/200.0rpm100.0Nm30.0deg.csv,9120208,aeb73d7800aeb45dabbce1f102eac5144b47ac955e0ffcc81925c3cf49093b72,data/polished_dataset/backward/30degree/200rpm/200.0rpm100.0Nm30.0deg.csv,9167514,2f33e9781749ae549f119955023a2851391c21291237aa5cb4de8bb4831e991a
speed_200rpm__torque_200Nm__temperature_30degC,test,200.0,200.0,30.0,data/polished_dataset/forward/30degree/200rpm/200.0rpm200.0Nm30.0deg.csv,9144675,b6d185d5f0ef690d519e071be20639621892b3299ec30f84a7b740dca6286d85,data/polished_dataset/backward/30degree/200rpm/200.0rpm200.0Nm30.0deg.csv,9199965,1b6ae2a35eca8a16f2648b59e0f2201b6d13b7a828e60b1fcb6bf821ea0d9871
speed_200rpm__torque_300Nm__temperature_25degC,test,200.0,300.0,25.0,data/polished_dataset/forward/25degree/200rpm/200.0rpm300.0Nm25.0deg.csv,9224236,ccfc4b3b8f034b4c74e140e720c84c4ddaa8b374ed5ed038f133eb7fbd25ecfa,data/polished_dataset/backward/25degree/200rpm/200.0rpm300.0Nm25.0deg.csv,9207154,c35995c13f7dedee22e1ce790933715a6f215a2d41c4abedb65ba7f08eca9d61
speed_200rpm__torque_900Nm__temperature_25degC,test,200.0,900.0,25.0,data/polished_dataset/forward/25degree/200rpm/200.0rpm900.0Nm25.0deg.csv,9221933,cf1fb3efcf453bb76a1aa33ade12bf3d78573d94a4f7489f3404e72c8d8ef24c,data/polished_dataset/backward/25degree/200rpm/200.0rpm900.0Nm25.0deg.csv,9120181,44b96e97ce6446ca5468066c738fa97c9ec504912f51a8c4e8e93d0e6f5d5a56
speed_300rpm__torque_100Nm__temperature_35degC,test,300.0,100.0,35.0,data/polished_dataset/forward/35degree/300rpm/300.0rpm100.0Nm35.0deg.csv,6223840,bb221e2820fbe2b7e0c22679a9f1ae20f2bef5034d8bfce633d5dc736df4c0aa,data/polished_dataset/backward/35degree/300rpm/300.0rpm100.0Nm35.0deg.csv,6238158,4c5317a3581efa17ef636ea0a38c7d74ddaad1e01da7ec48d1e518eae09c71ac
speed_300rpm__torque_200Nm__temperature_30degC,test,300.0,200.0,30.0,data/polished_dataset/forward/30degree/300rpm/300.0rpm200.0Nm30.0deg.csv,6169474,171fe7e0ce5c77ae7beb33aa520fbb14978c0af46a8f0b1ebbb87bdbe876fd87,data/polished_dataset/backward/30degree/300rpm/300.0rpm200.0Nm30.0deg.csv,6162930,c16e3be3526cff5b7be7ee0d9db1041370fc840f9247f1f8db00b0f86e537386
speed_300rpm__torque_800Nm__temperature_25degC,test,300.0,800.0,25.0,data/polished_dataset/forward/25degree/300rpm/300.0rpm800.0Nm25.0deg.csv,6099724,87e4271290229748b3753f4ed22222cbc48eff494adbc30d02bec9580e1c6871,data/polished_dataset/backward/25degree/300rpm/300.0rpm800.0Nm25.0deg.csv,6102398,390d4d19ffb29a6b4197d915073c9569496e9e9616e822aa777b5d17016f70c9
speed_300rpm__torque_1000Nm__temperature_25degC,test,300.0,1000.0,25.0,data/polished_dataset/forward/25degree/300rpm/300.0rpm1000.0Nm25.0deg.csv,6098023,8f42a76d094047852e6f80413faead60143a9e3f40a03d5e3e553186228dc878,data/polished_dataset/backward/25degree/300rpm/300.0rpm1000.0Nm25.0deg.csv,6023654,0290b12502758b8cc8ac3fcbfb811914fe8fa721b4e6e1fc00203e5d451693db
speed_400rpm__torque_0Nm__temperature_30degC,test,400.0,0.0,30.0,data/polished_dataset/forward/30degree/400rpm/400.0rpm0.0Nm30.0deg.csv,4574051,4059349ae7d7c78d7a9a0f8f2be9137c3247aa26016ccf5cf7b91090da4580f9,data/polished_dataset/backward/30degree/400rpm/400.0rpm0.0Nm30.0deg.csv,4616533,d6ad46beddb91fbb5e8107df34518723d0fa7fae43daee60f2536ba8d88c26e2
speed_400rpm__torque_300Nm__temperature_25degC,test,400.0,300.0,25.0,data/polished_dataset/forward/25degree/400rpm/400.0rpm300.0Nm25.0deg.csv,4593808,3bc5491e2d94b003fb08eaa130457e5f9bec8b9cbc4a4177f84ef80eb3c95887,data/polished_dataset/backward/25degree/400rpm/400.0rpm300.0Nm25.0deg.csv,4616609,fb615748e28ac937cef618991529a9e1bf371ac60bc61017674fe0dc12be1dba
speed_400rpm__torque_400Nm__temperature_25degC,test,400.0,400.0,25.0,data/polished_dataset/forward/25degree/400rpm/400.0rpm400.0Nm25.0deg.csv,4611338,3e61b768da7c296c0503ab661062caac83c6fd3a1ccaab752b25cf417363d6d1,data/polished_dataset/backward/25degree/400rpm/400.0rpm400.0Nm25.0deg.csv,4610447,ed604e2fa3a5c910b84497fe6724979081d77f52b7c3b264f23329e4ffae812c
speed_400rpm__torque_600Nm__temperature_35degC,test,400.0,600.0,35.0,data/polished_dataset/forward/35degree/400rpm/400.0rpm600.0Nm35.0deg.csv,4702033,341ffd46d402e18762723127f319a7d4465f6dfc39769ee899c6171f678f8548,data/polished_dataset/backward/35degree/400rpm/400.0rpm600.0Nm35.0deg.csv,4686861,378e9a11e938e3e1bc9bd708e177910831b8f6ccd03c3e8c608bc83ac88d83c2
speed_400rpm__torque_700Nm__temperature_25degC,test,400.0,700.0,25.0,data/polished_dataset/forward/25degree/400rpm/400.0rpm700.0Nm25.0deg.csv,4610355,a6bfb86eb55b01210726d11fe01630e256c2a9c0ec59731b10102493fdb5bfd6,data/polished_dataset/backward/25degree/400rpm/400.0rpm700.0Nm25.0deg.csv,4591544,953ae2e9c16c34590c92bd82e20c417ac584cb76333500f28511580d96993faf
speed_400rpm__torque_700Nm__temperature_30degC,test,400.0,700.0,30.0,data/polished_dataset/forward/30degree/400rpm/400.0rpm700.0Nm30.0deg.csv,4571975,f5ed1661e11bcd4ea61343c1bb66c76328c2dae5ca3a69219a4881545808b4ce,data/polished_dataset/backward/30degree/400rpm/400.0rpm700.0Nm30.0deg.csv,4554733,18860835e830ef49b6949263917e00ba0039fdb8299b849eb1e3620709930bfa
speed_400rpm__torque_900Nm__temperature_30degC,test,400.0,900.0,30.0,data/polished_dataset/forward/30degree/400rpm/400.0rpm900.0Nm30.0deg.csv,4607719,1ca35d017953612ab5b2e692988ebfabbb42e7a29f75f09a7536c0124ec2f702,data/polished_dataset/backward/30degree/400rpm/400.0rpm900.0Nm30.0deg.csv,4558063,18a9565289519e835df592b0310a873f6fe3e09530abc11b3956f2628c792593
speed_400rpm__torque_1000Nm__temperature_25degC,test,400.0,1000.0,25.0,data/polished_dataset/forward/25degree/400rpm/400.0rpm1000.0Nm25.0deg.csv,4544915,85f2bafb6ce152a689020649dc46f100c07a047ab2ac9ed6520742ca470423ff,data/polished_dataset/backward/25degree/400rpm/400.0rpm1000.0Nm25.0deg.csv,4504243,902e844c63dbe5c2cdf3fc14b24d350098f5450a3d118b6bf0deef79b2f25f53
speed_400rpm__torque_1400Nm__temperature_25degC,test,400.0,1400.0,25.0,data/polished_dataset/forward/25degree/400rpm/400.0rpm1400.0Nm25.0deg.csv,4573461,4afe31024a9f792f1421e6fd518386341974d52745a779a74f85c75d892179c9,data/polished_dataset/backward/25degree/400rpm/400.0rpm1400.0Nm25.0deg.csv,4522630,6c6c11457134f45d2f133f63833cb1b196190ba51f90e9a9b4e39e50684f7f37
speed_400rpm__torque_1600Nm__temperature_35degC,test,400.0,1600.0,35.0,data/polished_dataset/forward/35degree/400rpm/400.0rpm1600.0Nm35.0deg.csv,4662029,1a1da03acecb87bf958b335fc864cd47e859f2c731b99e7dfe82ea9d024eb9d9,data/polished_dataset/backward/35degree/400rpm/400.0rpm1600.0Nm35.0deg.csv,4634719,8985d11af3f63b04f487fe2d95c65ba24e92c9f656971b44c19998676c0104d0
speed_500rpm__torque_300Nm__temperature_35degC,test,500.0,300.0,35.0,data/polished_dataset/forward/35degree/500rpm/500.0rpm300.0Nm35.0deg.csv,3750985,5f910daf230997e7c580afe95c0e57832aaaf4b9546c0a67e75a76907e92bbc3,data/polished_dataset/backward/35degree/500rpm/500.0rpm300.0Nm35.0deg.csv,3746388,11d1b001027c8522ca09905a88c425e542d3b5169083c1bd2c1aa938a1a03709
speed_500rpm__torque_700Nm__temperature_25degC,test,500.0,700.0,25.0,data/polished_dataset/forward/25degree/500rpm/500.0rpm700.0Nm25.0deg.csv,3685521,cebc92195a13b56fdbfb3efb8ae2abd4897b6cf5be514dafcd52abdfabf8b2f6,data/polished_dataset/backward/25degree/500rpm/500.0rpm700.0Nm25.0deg.csv,3677078,0eca4665fd34d4d711d5913c3435c502fd1650ae190bb04848f1be792cf1743c
speed_500rpm__torque_900Nm__temperature_30degC,test,500.0,900.0,30.0,data/polished_dataset/forward/30degree/500rpm/500.0rpm900.0Nm30.0deg.csv,3691521,dad80cc35aa7bd1d61c872411ea05dca64769f58348b1c4199e3c4af24d6d4f9,data/polished_dataset/backward/30degree/500rpm/500.0rpm900.0Nm30.0deg.csv,3654704,b455e43f68fb9067dfaa84f098b476d80c30d67e536077d1ebffc212b6060cf2
speed_500rpm__torque_1200Nm__temperature_25degC,test,500.0,1200.0,25.0,data/polished_dataset/forward/25degree/500rpm/500.0rpm1200.0Nm25.0deg.csv,3692530,a52571645b93d3df98e452963ea8d8720e93c215916cb2cdf33ca715d8b4d139,data/polished_dataset/backward/25degree/500rpm/500.0rpm1200.0Nm25.0deg.csv,3635055,d00ece0a3e5c99ec69d8b222971383d6239ee4fa739911faee4362b79fa97888
speed_500rpm__torque_1400Nm__temperature_35degC,test,500.0,1400.0,35.0,data/polished_dataset/forward/35degree/500rpm/500.0rpm1400.0Nm35.0deg.csv,3704190,8313ee2451c0ab8a6370ffb5919d1bb603062a9c298683c86407aba6919a1c52,data/polished_dataset/backward/35degree/500rpm/500.0rpm1400.0Nm35.0deg.csv,3693442,affd8cf5f8b28509af81b7775f48c89dedcdc230cee4cc39ac84888b7ed221b1
speed_500rpm__torque_1600Nm__temperature_30degC,test,500.0,1600.0,30.0,data/polished_dataset/forward/30degree/500rpm/500.0rpm1600.0Nm30.0deg.csv,3748968,fede7ec7c540daf79ad074a41203ec271020e87ee359cf64bc535b8c4f0f38f8,data/polished_dataset/backward/30degree/500rpm/500.0rpm1600.0Nm30.0deg.csv,3704170,807b53e6557bd195dc3257e5d11b962cd9893e4cbad6d75852b9497aa73e03b0
speed_500rpm__torque_1700Nm__temperature_25degC,test,500.0,1700.0,25.0,data/polished_dataset/forward/25degree/500rpm/500.0rpm1700.0Nm25.0deg.csv,3686633,64257ac16477c46182051c9182649a45885caa25a9c886bcda62d459087d9edc,data/polished_dataset/backward/25degree/500rpm/500.0rpm1700.0Nm25.0deg.csv,3617468,7c844a05d21a177d7c67e736ee76fbd9a79f601510317a54ff438508460c1be6
speed_600rpm__torque_100Nm__temperature_30degC,test,600.0,100.0,30.0,data/polished_dataset/forward/30degree/600rpm/600.0rpm100.0Nm30.0deg.csv,3045112,eaf1ded100bd316ce50ba125cae2f29443d602e762c09d61dcab54c12f8e7fc0,data/polished_dataset/backward/30degree/600rpm/600.0rpm100.0Nm30.0deg.csv,3040120,92b1be89ad7b562d276489b0f7e061d4395ed2725de9919932729777545177c0
speed_600rpm__torque_100Nm__temperature_35degC,test,600.0,100.0,35.0,data/polished_dataset/forward/35degree/600rpm/600.0rpm100.0Nm35.0deg.csv,3112622,331f37027f3d34cecab7653deb852b27b7c8bc4c7aab4d6928c321ffd7888515,data/polished_dataset/backward/35degree/600rpm/600.0rpm100.0Nm35.0deg.csv,3113462,8cebc71254aa8f47eda54789ddc40f5cd23767b67adfff8d361481cc1898aa97
speed_600rpm__torque_200Nm__temperature_35degC,test,600.0,200.0,35.0,data/polished_dataset/forward/35degree/600rpm/600.0rpm200.0Nm35.0deg.csv,3122835,a1bae5cf6ca7b77f4c4f76a0fb7ddced03ccfff65f9ee4836efb42cb95826709,data/polished_dataset/backward/35degree/600rpm/600.0rpm200.0Nm35.0deg.csv,3118721,ccac6a963adcbb90e2da32f62d79d39d308f441da2de64d4645c34704da980b5
speed_600rpm__torque_500Nm__temperature_30degC,test,600.0,500.0,30.0,data/polished_dataset/forward/30degree/600rpm/600.0rpm500.0Nm30.0deg.csv,3065711,c0d47aa3ea71c799f3af7b6e51d5fd83376f041a40d1512abe05b2e37fec41de,data/polished_dataset/backward/30degree/600rpm/600.0rpm500.0Nm30.0deg.csv,3033388,8948088a0fce25fdf529e65b99e549c2007348cadc7302d1336d6274a4304b73
speed_600rpm__torque_500Nm__temperature_35degC,test,600.0,500.0,35.0,data/polished_dataset/forward/35degree/600rpm/600.0rpm500.0Nm35.0deg.csv,3121885,79bb7f6c004b590e48b0632123cc5c4e50fccabe3add28594cc472ce85df9ae4,data/polished_dataset/backward/35degree/600rpm/600.0rpm500.0Nm35.0deg.csv,3118013,438ab75f530bf5b1b246614a6252d4959edd07999cf09726338e5ee2632fdbcd
speed_600rpm__torque_700Nm__temperature_35degC,test,600.0,700.0,35.0,data/polished_dataset/forward/35degree/600rpm/600.0rpm700.0Nm35.0deg.csv,3134238,63930292f1f21ce3753f03245bd8df56d1942e752fadd8a83c9d36220ae3cb1a,data/polished_dataset/backward/35degree/600rpm/600.0rpm700.0Nm35.0deg.csv,3134329,205f5651111220cefd0ffe6e07b609992ae86d9dd8e18bfe3028e036c34c5401
speed_600rpm__torque_1000Nm__temperature_30degC,test,600.0,1000.0,30.0,data/polished_dataset/forward/30degree/600rpm/600.0rpm1000.0Nm30.0deg.csv,3048929,8f23e68ff5b4a9dc244e7ec335e544e629e76cfaf535ffa112a6a74a123b812a,data/polished_dataset/backward/30degree/600rpm/600.0rpm1000.0Nm30.0deg.csv,3034769,9fb9baf193985345bb714487c57f4388a8dc1aeb2dca7eaf468c0e7c05c255bf
speed_600rpm__torque_1300Nm__temperature_30degC,test,600.0,1300.0,30.0,data/polished_dataset/forward/30degree/600rpm/600.0rpm1300.0Nm30.0deg.csv,3067678,c791c38c84934eddf64bea27001760c784071c21300d93427500c2de0e4d1598,data/polished_dataset/backward/30degree/600rpm/600.0rpm1300.0Nm30.0deg.csv,3057152,a7845ea6a8e5d1a6e34b4e884c9de486997308f40ac274154612250245725c99
speed_600rpm__torque_1700Nm__temperature_25degC,test,600.0,1700.0,25.0,data/polished_dataset/forward/25degree/600rpm/600.0rpm1700.0Nm25.0deg.csv,3043084,2d13409baee2fabd9a54036fcc0e9fe8fc31ee9035b1eb009edede7d26762870,data/polished_dataset/backward/25degree/600rpm/600.0rpm1700.0Nm25.0deg.csv,3012377,4af0361e8386db0dd3b342336dde05a1a6a24bdee8114e94d06ae790ee2804f3
speed_700rpm__torque_200Nm__temperature_30degC,test,700.0,200.0,30.0,data/polished_dataset/forward/30degree/700rpm/700.0rpm200.0Nm30.0deg.csv,2600091,2c35de268ee44768d5dd4945e42939e18ca7ec97c509a2c54f0e26446815cb75,data/polished_dataset/backward/30degree/700rpm/700.0rpm200.0Nm30.0deg.csv,2613893,fe7bc9193c8a2ec25d2955c213dbb074855234cb1c117adc03cb90508a158ef6
speed_700rpm__torque_700Nm__temperature_35degC,test,700.0,700.0,35.0,data/polished_dataset/forward/35degree/700rpm/700.0rpm700.0Nm35.0deg.csv,2674703,d655da9884f116ff4fe552c304826f85e2e1aefe94eb393d943ed81e1d54e876,data/polished_dataset/backward/35degree/700rpm/700.0rpm700.0Nm35.0deg.csv,2668616,e96e916a85a67b170f7513580031e82606f4248c82f9d72deed7893771d23739
speed_700rpm__torque_1000Nm__temperature_25degC,test,700.0,1000.0,25.0,data/polished_dataset/forward/25degree/700rpm/700.0rpm1000.0Nm25.0deg.csv,2599341,6788164feeacd2b2867cf4471d487c2a6a7ad5e2ed6fc4bef19030aab754ddc5,data/polished_dataset/backward/25degree/700rpm/700.0rpm1000.0Nm25.0deg.csv,2584863,073a2b6144ca6eb3d5b40ea6c3a86c2802bdb271b303e28ce026a3978d92eac9
speed_700rpm__torque_1200Nm__temperature_35degC,test,700.0,1200.0,35.0,data/polished_dataset/forward/35degree/700rpm/700.0rpm1200.0Nm35.0deg.csv,2674507,32b7e293a47a6dccfc91545b13302aeb4b51504427934d24ce8d41d5520958b2,data/polished_dataset/backward/35degree/700rpm/700.0rpm1200.0Nm35.0deg.csv,2635088,0cbb6668ceede7d7205977bbdb351ec668b63fd24fc2e7ea9496410c5597ebb8
speed_700rpm__torque_1400Nm__temperature_30degC,test,700.0,1400.0,30.0,data/polished_dataset/forward/30degree/700rpm/700.0rpm1400.0Nm30.0deg.csv,2638286,2e74091d17d5db0e358e5f659bdc3c8e2b85622c321ed9eae68f0ac8048e981a,data/polished_dataset/backward/30degree/700rpm/700.0rpm1400.0Nm30.0deg.csv,2586223,a518c8f1f13b0d15b54f60e98ba31fe7cef815e983744417ee5663d3c75da9c1
speed_700rpm__torque_1600Nm__temperature_35degC,test,700.0,1600.0,35.0,data/polished_dataset/forward/35degree/700rpm/700.0rpm1600.0Nm35.0deg.csv,2674986,9c2504714cab9e0fdc25f367f5ef7a8ff8f90d11af0722622db876d24037b0cd,data/polished_dataset/backward/35degree/700rpm/700.0rpm1600.0Nm35.0deg.csv,2644965,99c0836e3d32dad64b6da00c92d8bc6678a1be0c1e84c473cedad3509008f5c5
speed_700rpm__torque_1800Nm__temperature_30degC,test,700.0,1800.0,30.0,data/polished_dataset/forward/30degree/700rpm/700.0rpm1800.0Nm30.0deg.csv,2660945,eb0aebb418a3ae329e9489654feedab3d501d2b3b612a41226ab49c40ddb3169,data/polished_dataset/backward/30degree/700rpm/700.0rpm1800.0Nm30.0deg.csv,2623661,34f38780377bb483d4d5aa4b5395b6605b62695af85b27f819b158dca8a49f0a
speed_800rpm__torque_0Nm__temperature_35degC,test,800.0,0.0,35.0,data/polished_dataset/forward/35degree/800rpm/800.0rpm0.0Nm35.0deg.csv,2348641,d86a16874b238fa8c6bb30e146193f82a0e1488ac91b51cbb87b60c52eea8e59,data/polished_dataset/backward/35degree/800rpm/800.0rpm0.0Nm35.0deg.csv,2350516,fbcafae85279d8873a70044add7bc334a309a4df368a83c2837553485567a62b
speed_800rpm__torque_100Nm__temperature_35degC,test,800.0,100.0,35.0,data/polished_dataset/forward/35degree/800rpm/800.0rpm100.0Nm35.0deg.csv,2324657,068c6e6f7d9f7d4de7e754a8ea0165b9689194b6329b648784185edf76a5ca88,data/polished_dataset/backward/35degree/800rpm/800.0rpm100.0Nm35.0deg.csv,2335316,944f479f37c9a66e973ae0218393aeac44d4b2332b72c3bd69bdd7f4a41ed16d
speed_800rpm__torque_600Nm__temperature_25degC,test,800.0,600.0,25.0,data/polished_dataset/forward/25degree/800rpm/800.0rpm600.0Nm25.0deg.csv,2310407,f9e8b58d0fa83e54827e1cf9ffc4817f70cc88710a61fb97e3e45b59fc062147,data/polished_dataset/backward/25degree/800rpm/800.0rpm600.0Nm25.0deg.csv,2299752,8eb2e6b42b355e55c4c3b47ac79030e19a9d513f3999a7503ee18557c3d3bb4d
speed_800rpm__torque_800Nm__temperature_35degC,test,800.0,800.0,35.0,data/polished_dataset/forward/35degree/800rpm/800.0rpm800.0Nm35.0deg.csv,2354471,6566847f4e4c0eac552f71fb26bdc3dfd832186b127c32247d71d75a6462c4a8,data/polished_dataset/backward/35degree/800rpm/800.0rpm800.0Nm35.0deg.csv,2333340,f96e0349d4164aa316d9c068ceec1f0e939abb695e2da706ebf9f844ca506c65
speed_800rpm__torque_1200Nm__temperature_30degC,test,800.0,1200.0,30.0,data/polished_dataset/forward/30degree/800rpm/800.0rpm1200.0Nm30.0deg.csv,2332485,9dfe5426f8830be9751eb0ac753a19e16622c6010d3f42b8a3073a297ed0b16f,data/polished_dataset/backward/30degree/800rpm/800.0rpm1200.0Nm30.0deg.csv,2293463,0cafaccf6b1c02ad291bc486156398a1bfa266a8e9af5bd67d5958f0c70564c9
speed_800rpm__torque_1800Nm__temperature_35degC,test,800.0,1800.0,35.0,data/polished_dataset/forward/35degree/800rpm/800.0rpm1800.0Nm35.0deg.csv,2336792,54a0140949b676fe6acb448e208fc05d69bb4cca1ec52ca6eda0edb406b7cd5d,data/polished_dataset/backward/35degree/800rpm/800.0rpm1800.0Nm35.0deg.csv,2313802,197e067f42038124bc8ef017892c9df81882640da5160d134f978416f439eff7
speed_900rpm__torque_0Nm__temperature_30degC,test,900.0,0.0,30.0,data/polished_dataset/forward/30degree/900rpm/900.0rpm0.0Nm30.0deg.csv,2032476,7907094334d4f3dbb340d7f4aa27bf7a479f823709ecea7a4c7c6979dd42e7ed,data/polished_dataset/backward/30degree/900rpm/900.0rpm0.0Nm30.0deg.csv,2077553,74a763a7cb3829004a6a9cf9ac74bfb0179e86cc6fbcf622d6038b0ed3945e61
speed_900rpm__torque_100Nm__temperature_35degC,test,900.0,100.0,35.0,data/polished_dataset/forward/35degree/900rpm/900.0rpm100.0Nm35.0deg.csv,2079621,648f3bda9aa0ffc739944fdcc1d3b6466e06944b889318db88db78c10978404b,data/polished_dataset/backward/35degree/900rpm/900.0rpm100.0Nm35.0deg.csv,2090164,53a49127e8701734b33f4fa143e705e1b4ec6b20d6a4c2f2beedcc55573cb77b
speed_900rpm__torque_700Nm__temperature_25degC,test,900.0,700.0,25.0,data/polished_dataset/forward/25degree/900rpm/900.0rpm700.0Nm25.0deg.csv,2030508,b3306092838bfb6ccbf419c6c175b829590c221dee8d9d10eb1f211ecde53a71,data/polished_dataset/backward/25degree/900rpm/900.0rpm700.0Nm25.0deg.csv,2050206,d17aee3be26fabcce68e17d62a285449342c05a733731b5e77f67aef4c94c3cd
speed_900rpm__torque_1500Nm__temperature_35degC,test,900.0,1500.0,35.0,data/polished_dataset/forward/35degree/900rpm/900.0rpm1500.0Nm35.0deg.csv,2058670,c0cab3bcb720eb59418aca943deb69d5873ac88fcc3cf0694ac8f22e4cbceb0c,data/polished_dataset/backward/35degree/900rpm/900.0rpm1500.0Nm35.0deg.csv,2050559,7bb586d10fad2b25cb889a614b2095e810f8ededdb583cb0410cc698afaa894a
speed_1000rpm__torque_600Nm__temperature_30degC,test,1000.0,600.0,30.0,data/polished_dataset/forward/30degree/1000rpm/1000.0rpm600.0Nm30.0deg.csv,1850534,964f45996a25cc91c947415374f14c85db25ff46999991745e19183ce186fec9,data/polished_dataset/backward/30degree/1000rpm/1000.0rpm600.0Nm30.0deg.csv,1842226,35f74680508c8596520645c12a2f16a2d39d987016c6b350a331862b7d808395
speed_1000rpm__torque_900Nm__temperature_35degC,test,1000.0,900.0,35.0,data/polished_dataset/forward/35degree/1000rpm/1000.0rpm900.0Nm35.0deg.csv,1884060,58b4846039485eb4247ca562c49bf1fa2c798acbbb6ede24bc486ad48657ae9f,data/polished_dataset/backward/35degree/1000rpm/1000.0rpm900.0Nm35.0deg.csv,1865899,d3bdd52f3690a4780a3401d9718a1bfa62beff25c28e3a3a79fb502a357882e5
speed_1000rpm__torque_1400Nm__temperature_35degC,test,1000.0,1400.0,35.0,data/polished_dataset/forward/35degree/1000rpm/1000.0rpm1400.0Nm35.0deg.csv,1867644,230dda7ba666f9c44e92232959b6bb84673265157e85c2a3be85c3adf4a6d62a,data/polished_dataset/backward/35degree/1000rpm/1000.0rpm1400.0Nm35.0deg.csv,1855882,2c5b7f5b04f89ddddb69ff2ff719a40926098600f2457fbcb8cc588118d70589
speed_1000rpm__torque_1800Nm__temperature_30degC,test,1000.0,1800.0,30.0,data/polished_dataset/forward/30degree/1000rpm/1000.0rpm1800.0Nm30.0deg.csv,1815128,74d006788a6e387959985f967901f732075c05f5977de2a590a277128d7b6118,data/polished_dataset/backward/30degree/1000rpm/1000.0rpm1800.0Nm30.0deg.csv,1801477,44cd904b29161d1729f95be43c856d6883e2dc698445b5f7dc2d5f2e39c34a02
speed_1100rpm__torque_300Nm__temperature_25degC,test,1100.0,300.0,25.0,data/polished_dataset/forward/25degree/1100rpm/1100.0rpm300.0Nm25.0deg.csv,1669459,68fb5507c5b2bf160c1caa7a5e08027b7247e3d73b9fa2e615261c4a87b6269b,data/polished_dataset/backward/25degree/1100rpm/1100.0rpm300.0Nm25.0deg.csv,1686852,a466a2e1d68d36a4ce096930e002a1aaaa8c8baf0e57829da945f5b02595354b
speed_1100rpm__torque_500Nm__temperature_30degC,test,1100.0,500.0,30.0,data/polished_dataset/forward/30degree/1100rpm/1100.0rpm500.0Nm30.0deg.csv,1668618,50bf867a5f7bba20451eb5aebae9127b2d4ac3b568226347662d01f834cfcc6b,data/polished_dataset/backward/30degree/1100rpm/1100.0rpm500.0Nm30.0deg.csv,1664250,caf7db4dd73608bdbafeec36ffa935cfcafeb0c36600bc5d1a7f432e150e8cee
speed_1100rpm__torque_800Nm__temperature_30degC,test,1100.0,800.0,30.0,data/polished_dataset/forward/30degree/1100rpm/1100.0rpm800.0Nm30.0deg.csv,1685108,940d04f2c58b39214c2638e73525b1e449d5e9614dec0d52f2da090a29a66bb9,data/polished_dataset/backward/30degree/1100rpm/1100.0rpm800.0Nm30.0deg.csv,1664381,a9a8f21ce0f1112d389ab124e3b160238fddbac1d993e4a875a183da509f48b3
speed_1100rpm__torque_1000Nm__temperature_30degC,test,1100.0,1000.0,30.0,data/polished_dataset/forward/30degree/1100rpm/1100.0rpm1000.0Nm30.0deg.csv,1677659,2acb34ee65c98be3c80604c8b73b5e25a77fd41fc4fe90318705d2ea91f25146,data/polished_dataset/backward/30degree/1100rpm/1100.0rpm1000.0Nm30.0deg.csv,1678372,838114b4c280602d5ec4cba426bd9c2704490efb17e7d63a6e93701dfccb6e1c
speed_1100rpm__torque_1200Nm__temperature_30degC,test,1100.0,1200.0,30.0,data/polished_dataset/forward/30degree/1100rpm/1100.0rpm1200.0Nm30.0deg.csv,1661192,ab9ab828c6f6e8ccf8986fa5b4db320360c8141664426c0581fe65a98045479a,data/polished_dataset/backward/30degree/1100rpm/1100.0rpm1200.0Nm30.0deg.csv,1634570,7c23ee5a6a1b15f3b3915e4c33089a6db4644322750e47376540f878ee5c3af6
speed_1100rpm__torque_1400Nm__temperature_35degC,test,1100.0,1400.0,35.0,data/polished_dataset/forward/35degree/1100rpm/1100.0rpm1400.0Nm35.0deg.csv,1697860,ec7da757619fd98f2d414649c51104c653997ce05b92d6d37835b9631d942e86,data/polished_dataset/backward/35degree/1100rpm/1100.0rpm1400.0Nm35.0deg.csv,1678578,c029bbaad32386cea7b7110164bef36e4709fd5da44f87d64642b9fec4bc28da
speed_1300rpm__torque_300Nm__temperature_25degC,test,1300.0,300.0,25.0,data/polished_dataset/forward/25degree/1300rpm/1300.0rpm300.0Nm25.0deg.csv,1414578,2fbfce970aa703c8f6576ec83752db8c6c1cfebb8240f0b39deb0688b774eb96,data/polished_dataset/backward/25degree/1300rpm/1300.0rpm300.0Nm25.0deg.csv,1405294,18df0639e88cb355407b0b97eec4fc454db5ca97d1168395277b9b44b30a91b2
speed_1300rpm__torque_300Nm__temperature_35degC,test,1300.0,300.0,35.0,data/polished_dataset/forward/35degree/1300rpm/1300.0rpm300.0Nm35.0deg.csv,1450453,6f94971fc40533ec0e0e5a57a64cf2d1b1c012069a0fcb302aef93e20f1fad90,data/polished_dataset/backward/35degree/1300rpm/1300.0rpm300.0Nm35.0deg.csv,1445591,36190511f58ff318f7af44559208de84a8ac807a5fe1c7cb023dbf7aedfab944
speed_1300rpm__torque_1100Nm__temperature_35degC,test,1300.0,1100.0,35.0,data/polished_dataset/forward/35degree/1300rpm/1300.0rpm1100.0Nm35.0deg.csv,1439506,99ae6dbe3e9062a1359a71820205d67450f29214abe9a6ec8844cc554c0eaac7,data/polished_dataset/backward/35degree/1300rpm/1300.0rpm1100.0Nm35.0deg.csv,1414099,d63539736121e2cfa51f410d378cd41d616198980352a7da7ccb52930752256b
speed_1400rpm__torque_300Nm__temperature_25degC,test,1400.0,300.0,25.0,data/polished_dataset/forward/25degree/1400rpm/1400.0rpm300.0Nm25.0deg.csv,1316246,443de0f881605f88b98cf53df7318bfa822299e785016bfb245b4f6fd99821a3,data/polished_dataset/backward/25degree/1400rpm/1400.0rpm300.0Nm25.0deg.csv,1310735,85216d345799624d4bcd0e32b7dbb748551a127b3de44cf355a1d4ee69958b19
speed_1400rpm__torque_600Nm__temperature_25degC,test,1400.0,600.0,25.0,data/polished_dataset/forward/25degree/1400rpm/1400.0rpm600.0Nm25.0deg.csv,1320602,91ab074e735dafeff20986fda0eab2e446fb396db1651bed295c0a70d6b9fbd7,data/polished_dataset/backward/25degree/1400rpm/1400.0rpm600.0Nm25.0deg.csv,1305335,0de68e9b8aaf1d0ca136ac5f4c10a11dcf78580b57a2fc8cc07c4b2eb889beeb
speed_1400rpm__torque_800Nm__temperature_25degC,test,1400.0,800.0,25.0,data/polished_dataset/forward/25degree/1400rpm/1400.0rpm800.0Nm25.0deg.csv,1312160,9beaf51be2050bd49ee1946d8c44985ef740db1e503c94277cdc63d2a4a803f1,data/polished_dataset/backward/25degree/1400rpm/1400.0rpm800.0Nm25.0deg.csv,1313337,486b1173fafe695f495f9f4531c17c744b76412238622a64fa7594b08b00679b
speed_1400rpm__torque_900Nm__temperature_30degC,test,1400.0,900.0,30.0,data/polished_dataset/forward/30degree/1400rpm/1400.0rpm900.0Nm30.0deg.csv,1346301,428bcd6925060b0cb5d8825ca87579de8da07f172580f9fa9f95f96351daadd7,data/polished_dataset/backward/30degree/1400rpm/1400.0rpm900.0Nm30.0deg.csv,1332160,d4c3e3440acd39de9840e649944425438598f9d310692feb5eb04c979ccd737d
speed_1500rpm__torque_200Nm__temperature_30degC,test,1500.0,200.0,30.0,data/polished_dataset/forward/30degree/1500rpm/1500.0rpm200.0Nm30.0deg.csv,1212853,6c7381d93999e6f61243cecd3f11158637176fe22fe7c4dd71a099dcfcff80e8,data/polished_dataset/backward/30degree/1500rpm/1500.0rpm200.0Nm30.0deg.csv,1221282,e1585ddd97632ae69a7d0247e5fa5607a656bf469d976338848ef668ac568569
speed_1500rpm__torque_300Nm__temperature_25degC,test,1500.0,300.0,25.0,data/polished_dataset/forward/25degree/1500rpm/1500.0rpm300.0Nm25.0deg.csv,1242542,3d57c0855ac411cce6fd57985d20e193772e14058f7aec584d44f374af289854,data/polished_dataset/backward/25degree/1500rpm/1500.0rpm300.0Nm25.0deg.csv,1225806,83d2573b2287bce72f94f763b5a8b38dfe79a6171afa1e7969df19007052cc46
speed_1500rpm__torque_800Nm__temperature_30degC,test,1500.0,800.0,30.0,data/polished_dataset/forward/30degree/1500rpm/1500.0rpm800.0Nm30.0deg.csv,1261008,1119773fc649b61830bfa715bd0b3be436af6fffdc420136adb6aa88f2d63c3d,data/polished_dataset/backward/30degree/1500rpm/1500.0rpm800.0Nm30.0deg.csv,1247765,1708c14a3445831e7c2c1ed3951e2fbb61a910548a371861a6fa4081c017da5b
speed_1500rpm__torque_1400Nm__temperature_35degC,test,1500.0,1400.0,35.0,data/polished_dataset/forward/35degree/1500rpm/1500.0rpm1400.0Nm35.0deg.csv,1247113,a2fbf7fe878ead825649f8c4eb48ec669dd544fbd71bde3d9a8171695c107a27,data/polished_dataset/backward/35degree/1500rpm/1500.0rpm1400.0Nm35.0deg.csv,1223916,c52acc85876a67ed5f6c231bd154ba36a2ca4ee793d16c85945ca9a01f383e78
speed_1600rpm__torque_0Nm__temperature_25degC,test,1600.0,0.0,25.0,data/polished_dataset/forward/25degree/1600rpm/1600.0rpm0.0Nm25.0deg.csv,1145368,534d20dff25d932ff06b6b399e1dd8fbb089a93644a3ce116a9816b538531afb,data/polished_dataset/backward/25degree/1600rpm/1600.0rpm0.0Nm25.0deg.csv,1161770,c643134ec0df3814915174ad13b57d87f48be9af25f0d657517dea591091683f
speed_1600rpm__torque_0Nm__temperature_30degC,test,1600.0,0.0,30.0,data/polished_dataset/forward/30degree/1600rpm/1600.0rpm0.0Nm30.0deg.csv,1140749,9f71097ae694fcd685b3e2c27163016c0c14740863883102c70d84e6d8144118,data/polished_dataset/backward/30degree/1600rpm/1600.0rpm0.0Nm30.0deg.csv,1166275,99033a60b107e4fa84f805cd0837bfe3fdbc730510fe568a13cc9a30d22919a8
speed_1600rpm__torque_600Nm__temperature_35degC,test,1600.0,600.0,35.0,data/polished_dataset/forward/35degree/1600rpm/1600.0rpm600.0Nm35.0deg.csv,1176914,2a7699e65ad24665577c0a6bc88692603fd27b09c2747182920922343d84350e,data/polished_dataset/backward/35degree/1600rpm/1600.0rpm600.0Nm35.0deg.csv,1169245,1b3281d6fe9fe35f83a85971a995b6c77c9d5d10931238e10c7f9b1e86757dd1
speed_1600rpm__torque_1600Nm__temperature_30degC,test,1600.0,1600.0,30.0,data/polished_dataset/forward/30degree/1600rpm/1600.0rpm1600.0Nm30.0deg.csv,1144774,a046da629ce57a1243957423fa588e86b8db5513549b310ee89f011179c82626,data/polished_dataset/backward/30degree/1600rpm/1600.0rpm1600.0Nm30.0deg.csv,1157380,135716fabfae917aa741da764fb32e2dc287af6ba2b2a9ff00f9e58b0f4e20dc
speed_1600rpm__torque_1700Nm__temperature_35degC,test,1600.0,1700.0,35.0,data/polished_dataset/forward/35degree/1600rpm/1600.0rpm1700.0Nm35.0deg.csv,1163716,bb7fd384b780d7b85b3d76a47ec06be6cd6deb289028484b330b7481a2294f3d,data/polished_dataset/backward/35degree/1600rpm/1600.0rpm1700.0Nm35.0deg.csv,1156802,1a23042431c425a394c7983fdc8e666894dbd7b6d73c1ed77bfcaf4eb38aee50
speed_1700rpm__torque_200Nm__temperature_30degC,test,1700.0,200.0,30.0,data/polished_dataset/forward/30degree/1700rpm/1700.0rpm200.0Nm30.0deg.csv,1103158,fc7bc118414cc50bbe3f5a7d3b23b9278f18690a3f315cd44137b538aae5c5d2,data/polished_dataset/backward/30degree/1700rpm/1700.0rpm200.0Nm30.0deg.csv,1107360,600ed3c0fd22d9315bda48257f734da0275213248f519f2cc72a485131504ee4
speed_1700rpm__torque_400Nm__temperature_30degC,test,1700.0,400.0,30.0,data/polished_dataset/forward/30degree/1700rpm/1700.0rpm400.0Nm30.0deg.csv,1081690,6f72c06bf790f9a50e58eb04f52d7ebff95a2c32badbda77658e15e7b88845fb,data/polished_dataset/backward/30degree/1700rpm/1700.0rpm400.0Nm30.0deg.csv,1078596,59aa9c0b2e2d56a9c3ca28cc38ddc48d28e243807b8648162a3cd7b40e080be4
speed_1700rpm__torque_500Nm__temperature_35degC,test,1700.0,500.0,35.0,data/polished_dataset/forward/35degree/1700rpm/1700.0rpm500.0Nm35.0deg.csv,1104273,761644e612d9291b1f4b970af859f39cabeb82a06532740faead5e991a243b0a,data/polished_dataset/backward/35degree/1700rpm/1700.0rpm500.0Nm35.0deg.csv,1099023,02f978d0d6b98c120ee99698132a373a79d99da4c699fec28e23114a98c0dd48
speed_1700rpm__torque_800Nm__temperature_30degC,test,1700.0,800.0,30.0,data/polished_dataset/forward/30degree/1700rpm/1700.0rpm800.0Nm30.0deg.csv,1107156,483d2665655f0372635ca25bf1541f15556c66ee916eae106e7764341d3d4170,data/polished_dataset/backward/30degree/1700rpm/1700.0rpm800.0Nm30.0deg.csv,1105730,8458e790979df8773744f19d680beaa5657ed33a4e79deb297d8f02ab10ed4f7
speed_1700rpm__torque_1200Nm__temperature_25degC,test,1700.0,1200.0,25.0,data/polished_dataset/forward/25degree/1700rpm/1700.0rpm1200.0Nm25.0deg.csv,1070456,92578ded856d9e94ee06f49e2d407d5df1bb9a5731a2759a089871884f11edcb,data/polished_dataset/backward/25degree/1700rpm/1700.0rpm1200.0Nm25.0deg.csv,1066300,9083fdbda2996e715074703c448191a80748d7702c2df161b7a57db0dc5e9028
speed_1700rpm__torque_1600Nm__temperature_25degC,test,1700.0,1600.0,25.0,data/polished_dataset/forward/25degree/1700rpm/1700.0rpm1600.0Nm25.0deg.csv,1069307,774f121bb4af92a59d68dd468582ee7c0cf9653a9930c87faf61654b2e120727,data/polished_dataset/backward/25degree/1700rpm/1700.0rpm1600.0Nm25.0deg.csv,1065870,29c096c317e2ad01e4e73c4ab4ea076f155eb9cd22ab2b8e9e83bc23cfce5815
speed_1700rpm__torque_1800Nm__temperature_35degC,test,1700.0,1800.0,35.0,data/polished_dataset/forward/35degree/1700rpm/1700.0rpm1800.0Nm35.0deg.csv,1094947,dac903e34e3b4dcfceab6ef85e127966e441b8e3d562d73d2e70d81f5fb6435a,data/polished_dataset/backward/35degree/1700rpm/1700.0rpm1800.0Nm35.0deg.csv,1088920,3e4a854d04e5e8e1cf3abbe30c0312b70f23f6141e17b1cb6c44d2cd22e24a45
speed_1800rpm__torque_200Nm__temperature_35degC,test,1800.0,200.0,35.0,data/polished_dataset/forward/35degree/1800rpm/1800.0rpm200.0Nm35.0deg.csv,1038514,6d9905cae77cf5f3076b74af80f903d45beb4f2a04536dc47c6a7a47869b6f30,data/polished_dataset/backward/35degree/1800rpm/1800.0rpm200.0Nm35.0deg.csv,1042633,d4637279c790695ca3569b2ab2d518c3e3c2e01144e11bc22654539d90b68d90
speed_1800rpm__torque_600Nm__temperature_30degC,test,1800.0,600.0,30.0,data/polished_dataset/forward/30degree/1800rpm/1800.0rpm600.0Nm30.0deg.csv,1023264,7112995d0e40d51a7a5d083661559503d083553ff496fafbadec350c8296c291,data/polished_dataset/backward/30degree/1800rpm/1800.0rpm600.0Nm30.0deg.csv,1016541,790b9a9b66c1eac60b7e37b3a0490df3c9f1b56d4b0c1dc1781f19cf0c6b8c8d
speed_1800rpm__torque_700Nm__temperature_30degC,test,1800.0,700.0,30.0,data/polished_dataset/forward/30degree/1800rpm/1800.0rpm700.0Nm30.0deg.csv,1027160,a787ce52c3a4cd85833477ba064f4e58e675145b75c679c7c6d47f5e89c6650d,data/polished_dataset/backward/30degree/1800rpm/1800.0rpm700.0Nm30.0deg.csv,1044415,91743a5c7a8cd5e026b11f1ad2a6a5d94e0372717efba113000c1cc4c2064450
speed_1800rpm__torque_900Nm__temperature_35degC,test,1800.0,900.0,35.0,data/polished_dataset/forward/35degree/1800rpm/1800.0rpm900.0Nm35.0deg.csv,1037631,8d3bff3eea03ecdffdd462fe4b11808fecfe2c0ccb28ec2bb52be8fe509e61cd,data/polished_dataset/backward/35degree/1800rpm/1800.0rpm900.0Nm35.0deg.csv,1032116,5db634cd433ce3345588c4d7d3ace470ce36af3b46db9a62a580c8e40b007549
