W0419 02:54:08.614000 22724 site-packages\torch\utils\flop_counter.py:29] triton not found; flop counting will not work for triton kernels
[INFO] Loading exact-paper config | config\paper_reimplementation\rcim_ml_compensation\exact_model_bank\campaigns\2026-04-19_track1_rf_residual_cellwise_closure_campaign\090_track1_rf_phase_78_closure_attempt_06.yaml
[INFO] Exact-paper output directory | output/validation_checks/paper_reimplementation_rcim_exact_model_bank/2026-04-19-02-54-08__track1_rf_phase_78_closure_attempt_06_campaign_run
[INFO] Building exact-paper dataset bundle
[INFO] Exact-paper dataset ready | rows=969 targets=1 families=1 scope_mode=phases_only
[INFO] Exact-paper target scope | kinds=phase harmonics=78 preview=fft_y_Fw_filtered_phase_78
[INFO] Exact-paper search settings | mode=paper_reference_grid_search grid_search_n_jobs=24 grid_search_verbose=2 grid_search_pre_dispatch=24 families=RF
[INFO] Fitting family bank | RF
[INFO] Family fit started | family=RF estimator=RandomForestRegressor targets=1 threadpool_limit=1 joblib_cpu_limit=system_default os_cpu_count=32
[INFO] Family target scope | family=RF kinds=phase harmonics=78 preview=fft_y_Fw_filtered_phase_78
[INFO] Grid search configured | family=RF candidates=250 parameter_count=4 n_jobs=24 verbose=2 pre_dispatch=24
W0419 02:54:15.340000 31972 site-packages\torch\utils\flop_counter.py:29] triton not found; flop counting will not work for triton kernels
W0419 02:54:15.390000 37612 site-packages\torch\utils\flop_counter.py:29] triton not found; flop counting will not work for triton kernels
W0419 02:54:15.510000 22740 site-packages\torch\utils\flop_counter.py:29] triton not found; flop counting will not work for triton kernels
W0419 02:54:15.600000 34604 site-packages\torch\utils\flop_counter.py:29] triton not found; flop counting will not work for triton kernels
W0419 02:54:15.665000 28700 site-packages\torch\utils\flop_counter.py:29] triton not found; flop counting will not work for triton kernels
W0419 02:54:15.789000 19536 site-packages\torch\utils\flop_counter.py:29] triton not found; flop counting will not work for triton kernels
W0419 02:54:15.816000 23232 site-packages\torch\utils\flop_counter.py:29] triton not found; flop counting will not work for triton kernels
W0419 02:54:16.043000 8908 site-packages\torch\utils\flop_counter.py:29] triton not found; flop counting will not work for triton kernels
W0419 02:54:16.147000 8404 site-packages\torch\utils\flop_counter.py:29] triton not found; flop counting will not work for triton kernels
W0419 02:54:16.154000 12968 site-packages\torch\utils\flop_counter.py:29] triton not found; flop counting will not work for triton kernels
W0419 02:54:16.205000 30000 site-packages\torch\utils\flop_counter.py:29] triton not found; flop counting will not work for triton kernels
W0419 02:54:16.238000 24088 site-packages\torch\utils\flop_counter.py:29] triton not found; flop counting will not work for triton kernels
W0419 02:54:16.238000 14920 site-packages\torch\utils\flop_counter.py:29] triton not found; flop counting will not work for triton kernels
W0419 02:54:16.259000 6868 site-packages\torch\utils\flop_counter.py:29] triton not found; flop counting will not work for triton kernels
W0419 02:54:16.299000 38064 site-packages\torch\utils\flop_counter.py:29] triton not found; flop counting will not work for triton kernels
W0419 02:54:16.313000 37544 site-packages\torch\utils\flop_counter.py:29] triton not found; flop counting will not work for triton kernels
W0419 02:54:16.315000 36504 site-packages\torch\utils\flop_counter.py:29] triton not found; flop counting will not work for triton kernels
W0419 02:54:16.316000 36856 site-packages\torch\utils\flop_counter.py:29] triton not found; flop counting will not work for triton kernels
W0419 02:54:16.316000 18544 site-packages\torch\utils\flop_counter.py:29] triton not found; flop counting will not work for triton kernels
W0419 02:54:16.316000 9680 site-packages\torch\utils\flop_counter.py:29] triton not found; flop counting will not work for triton kernels
W0419 02:54:16.319000 16112 site-packages\torch\utils\flop_counter.py:29] triton not found; flop counting will not work for triton kernels
W0419 02:54:16.336000 35088 site-packages\torch\utils\flop_counter.py:29] triton not found; flop counting will not work for triton kernels
W0419 02:54:16.341000 35780 site-packages\torch\utils\flop_counter.py:29] triton not found; flop counting will not work for triton kernels
W0419 02:54:16.349000 15668 site-packages\torch\utils\flop_counter.py:29] triton not found; flop counting will not work for triton kernels
[CV] END estimator__criterion=squared_error, estimator__max_depth=12, estimator__min_samples_split=2, estimator__n_estimators=60; total time=   0.0s
[CV] END estimator__criterion=squared_error, estimator__max_depth=12, estimator__min_samples_split=3, estimator__n_estimators=50; total time=   0.0s
[CV] END estimator__criterion=squared_error, estimator__max_depth=12, estimator__min_samples_split=3, estimator__n_estimators=60; total time=   0.0s
[CV] END estimator__criterion=squared_error, estimator__max_depth=12, estimator__min_samples_split=3, estimator__n_estimators=60; total time=   0.0s
[CV] END estimator__criterion=squared_error, estimator__max_depth=12, estimator__min_samples_split=3, estimator__n_estimators=70; total time=   0.0s
[CV] END estimator__criterion=squared_error, estimator__max_depth=12, estimator__min_samples_split=3, estimator__n_estimators=90; total time=   0.0s
[CV] END estimator__criterion=squared_error, estimator__max_depth=12, estimator__min_samples_split=4, estimator__n_estimators=50; total time=   0.0s
[CV] END estimator__criterion=squared_error, estimator__max_depth=12, estimator__min_samples_split=4, estimator__n_estimators=70; total time=   0.0s
[CV] END estimator__criterion=squared_error, estimator__max_depth=12, estimator__min_samples_split=4, estimator__n_estimators=80; total time=   0.0s
[CV] END estimator__criterion=squared_error, estimator__max_depth=12, estimator__min_samples_split=5, estimator__n_estimators=60; total time=   0.0s
[CV] END estimator__criterion=squared_error, estimator__max_depth=12, estimator__min_samples_split=5, estimator__n_estimators=90; total time=   0.0s
[CV] END estimator__criterion=squared_error, estimator__max_depth=13, estimator__min_samples_split=2, estimator__n_estimators=60; total time=   0.0s
[CV] END estimator__criterion=squared_error, estimator__max_depth=13, estimator__min_samples_split=2, estimator__n_estimators=60; total time=   0.0s
[CV] END estimator__criterion=squared_error, estimator__max_depth=13, estimator__min_samples_split=4, estimator__n_estimators=50; total time=   0.0s
[CV] END estimator__criterion=squared_error, estimator__max_depth=13, estimator__min_samples_split=4, estimator__n_estimators=50; total time=   0.0s
[CV] END estimator__criterion=squared_error, estimator__max_depth=13, estimator__min_samples_split=4, estimator__n_estimators=50; total time=   0.0s
[CV] END estimator__criterion=squared_error, estimator__max_depth=13, estimator__min_samples_split=4, estimator__n_estimators=50; total time=   0.0s
[CV] END estimator__criterion=squared_error, estimator__max_depth=14, estimator__min_samples_split=2, estimator__n_estimators=70; total time=   0.0s
[CV] END estimator__criterion=squared_error, estimator__max_depth=14, estimator__min_samples_split=2, estimator__n_estimators=80; total time=   0.0s
[CV] END estimator__criterion=squared_error, estimator__max_depth=14, estimator__min_samples_split=2, estimator__n_estimators=80; total time=   0.0s
[CV] END estimator__criterion=squared_error, estimator__max_depth=14, estimator__min_samples_split=2, estimator__n_estimators=80; total time=   0.0s
[CV] END estimator__criterion=squared_error, estimator__max_depth=14, estimator__min_samples_split=6, estimator__n_estimators=70; total time=   0.0s
[CV] END estimator__criterion=squared_error, estimator__max_depth=14, estimator__min_samples_split=6, estimator__n_estimators=80; total time=   0.0s
[CV] END estimator__criterion=squared_error, estimator__max_depth=14, estimator__min_samples_split=6, estimator__n_estimators=80; total time=   0.0s
[CV] END estimator__criterion=squared_error, estimator__max_depth=14, estimator__min_samples_split=6, estimator__n_estimators=80; total time=   0.0s
[CV] END estimator__criterion=squared_error, estimator__max_depth=15, estimator__min_samples_split=5, estimator__n_estimators=70; total time=   0.0s
[CV] END estimator__criterion=squared_error, estimator__max_depth=15, estimator__min_samples_split=5, estimator__n_estimators=70; total time=   0.0s
[CV] END estimator__criterion=squared_error, estimator__max_depth=15, estimator__min_samples_split=5, estimator__n_estimators=70; total time=   0.0s
[CV] END estimator__criterion=squared_error, estimator__max_depth=15, estimator__min_samples_split=5, estimator__n_estimators=70; total time=   0.0s
[CV] END estimator__criterion=squared_error, estimator__max_depth=16, estimator__min_samples_split=4, estimator__n_estimators=70; total time=   0.0s
[CV] END estimator__criterion=squared_error, estimator__max_depth=16, estimator__min_samples_split=4, estimator__n_estimators=70; total time=   0.0s
[CV] END estimator__criterion=squared_error, estimator__max_depth=16, estimator__min_samples_split=4, estimator__n_estimators=70; total time=   0.0s
[CV] END estimator__criterion=squared_error, estimator__max_depth=16, estimator__min_samples_split=4, estimator__n_estimators=70; total time=   0.0s
[CV] END estimator__criterion=absolute_error, estimator__max_depth=12, estimator__min_samples_split=3, estimator__n_estimators=50; total time=   0.1s
[CV] END estimator__criterion=absolute_error, estimator__max_depth=12, estimator__min_samples_split=3, estimator__n_estimators=50; total time=   0.1s
[CV] END estimator__criterion=absolute_error, estimator__max_depth=12, estimator__min_samples_split=3, estimator__n_estimators=50; total time=   0.1s
[CV] END estimator__criterion=absolute_error, estimator__max_depth=12, estimator__min_samples_split=3, estimator__n_estimators=60; total time=   0.1s
[CV] END estimator__criterion=absolute_error, estimator__max_depth=12, estimator__min_samples_split=6, estimator__n_estimators=50; total time=   0.1s
[CV] END estimator__criterion=absolute_error, estimator__max_depth=12, estimator__min_samples_split=6, estimator__n_estimators=50; total time=   0.1s
[CV] END estimator__criterion=absolute_error, estimator__max_depth=12, estimator__min_samples_split=6, estimator__n_estimators=60; total time=   0.1s
[CV] END estimator__criterion=absolute_error, estimator__max_depth=12, estimator__min_samples_split=6, estimator__n_estimators=60; total time=   0.1s
[CV] END estimator__criterion=absolute_error, estimator__max_depth=13, estimator__min_samples_split=4, estimator__n_estimators=80; total time=   0.2s
[CV] END estimator__criterion=absolute_error, estimator__max_depth=13, estimator__min_samples_split=4, estimator__n_estimators=80; total time=   0.2s
[CV] END estimator__criterion=absolute_error, estimator__max_depth=13, estimator__min_samples_split=4, estimator__n_estimators=80; total time=   0.2s
[CV] END estimator__criterion=absolute_error, estimator__max_depth=13, estimator__min_samples_split=4, estimator__n_estimators=80; total time=   0.2s
[CV] END estimator__criterion=absolute_error, estimator__max_depth=14, estimator__min_samples_split=4, estimator__n_estimators=50; total time=   0.1s
[CV] END estimator__criterion=absolute_error, estimator__max_depth=14, estimator__min_samples_split=4, estimator__n_estimators=50; total time=   0.1s
[CV] END estimator__criterion=absolute_error, estimator__max_depth=14, estimator__min_samples_split=4, estimator__n_estimators=60; total time=   0.1s
[CV] END estimator__criterion=absolute_error, estimator__max_depth=14, estimator__min_samples_split=4, estimator__n_estimators=60; total time=   0.1s
[CV] END estimator__criterion=absolute_error, estimator__max_depth=15, estimator__min_samples_split=2, estimator__n_estimators=50; total time=   0.1s
[CV] END estimator__criterion=absolute_error, estimator__max_depth=15, estimator__min_samples_split=2, estimator__n_estimators=50; total time=   0.1s
[CV] END estimator__criterion=absolute_error, estimator__max_depth=15, estimator__min_samples_split=2, estimator__n_estimators=50; total time=   0.1s
[CV] END estimator__criterion=absolute_error, estimator__max_depth=15, estimator__min_samples_split=2, estimator__n_estimators=50; total time=   0.1s
[CV] END estimator__criterion=absolute_error, estimator__max_depth=15, estimator__min_samples_split=5, estimator__n_estimators=70; total time=   0.1s
[CV] END estimator__criterion=absolute_error, estimator__max_depth=15, estimator__min_samples_split=5, estimator__n_estimators=70; total time=   0.1s[CV] END estimator__criterion=squared_error, estimator__max_depth=12, estimator__min_samples_split=2, estimator__n_estimators=50; total time=   0.0s
[CV] END estimator__criterion=squared_error, estimator__max_depth=12, estimator__min_samples_split=3, estimator__n_estimators=60; total time=   0.0s
[CV] END estimator__criterion=squared_error, estimator__max_depth=12, estimator__min_samples_split=3, estimator__n_estimators=70; total time=   0.0s
[CV] END estimator__criterion=squared_error, estimator__max_depth=12, estimator__min_samples_split=3, estimator__n_estimators=80; total time=   0.0s
[CV] END estimator__criterion=squared_error, estimator__max_depth=12, estimator__min_samples_split=4, estimator__n_estimators=50; total time=   0.0s
[CV] END estimator__criterion=squared_error, estimator__max_depth=12, estimator__min_samples_split=4, estimator__n_estimators=60; total time=   0.0s
[CV] END estimator__criterion=squared_error, estimator__max_depth=12, estimator__min_samples_split=4, estimator__n_estimators=70; total time=   0.0s
[CV] END estimator__criterion=squared_error, estimator__max_depth=12, estimator__min_samples_split=4, estimator__n_estimators=90; total time=   0.0s
[CV] END estimator__criterion=squared_error, estimator__max_depth=12, estimator__min_samples_split=5, estimator__n_estimators=80; total time=   0.0s
[CV] END estimator__criterion=squared_error, estimator__max_depth=12, estimator__min_samples_split=6, estimator__n_estimators=70; total time=   0.0s
[CV] END estimator__criterion=squared_error, estimator__max_depth=13, estimator__min_samples_split=3, estimator__n_estimators=70; total time=   0.0s
[CV] END estimator__criterion=squared_error, estimator__max_depth=13, estimator__min_samples_split=3, estimator__n_estimators=70; total time=   0.0s
[CV] END estimator__criterion=squared_error, estimator__max_depth=13, estimator__min_samples_split=6, estimator__n_estimators=60; total time=   0.0s
[CV] END estimator__criterion=squared_error, estimator__max_depth=13, estimator__min_samples_split=6, estimator__n_estimators=60; total time=   0.0s
[CV] END estimator__criterion=squared_error, estimator__max_depth=13, estimator__min_samples_split=6, estimator__n_estimators=60; total time=   0.0s
[CV] END estimator__criterion=squared_error, estimator__max_depth=13, estimator__min_samples_split=6, estimator__n_estimators=70; total time=   0.0s
[CV] END estimator__criterion=squared_error, estimator__max_depth=14, estimator__min_samples_split=4, estimator__n_estimators=50; total time=   0.0s
[CV] END estimator__criterion=squared_error, estimator__max_depth=14, estimator__min_samples_split=4, estimator__n_estimators=50; total time=   0.0s
[CV] END estimator__criterion=squared_error, estimator__max_depth=14, estimator__min_samples_split=4, estimator__n_estimators=50; total time=   0.0s
[CV] END estimator__criterion=squared_error, estimator__max_depth=14, estimator__min_samples_split=4, estimator__n_estimators=50; total time=   0.0s
[CV] END estimator__criterion=squared_error, estimator__max_depth=14, estimator__min_samples_split=6, estimator__n_estimators=80; total time=   0.0s
[CV] END estimator__criterion=squared_error, estimator__max_depth=14, estimator__min_samples_split=6, estimator__n_estimators=80; total time=   0.0s
[CV] END estimator__criterion=squared_error, estimator__max_depth=14, estimator__min_samples_split=6, estimator__n_estimators=90; total time=   0.0s
[CV] END estimator__criterion=squared_error, estimator__max_depth=14, estimator__min_samples_split=6, estimator__n_estimators=90; total time=   0.0s
[CV] END estimator__criterion=squared_error, estimator__max_depth=15, estimator__min_samples_split=5, estimator__n_estimators=80; total time=   0.0s
[CV] END estimator__criterion=squared_error, estimator__max_depth=15, estimator__min_samples_split=5, estimator__n_estimators=80; total time=   0.0s
[CV] END estimator__criterion=squared_error, estimator__max_depth=15, estimator__min_samples_split=5, estimator__n_estimators=90; total time=   0.0s
[CV] END estimator__criterion=squared_error, estimator__max_depth=15, estimator__min_samples_split=5, estimator__n_estimators=90; total time=   0.0s
[CV] END estimator__criterion=squared_error, estimator__max_depth=16, estimator__min_samples_split=5, estimator__n_estimators=60; total time=   0.0s
[CV] END estimator__criterion=squared_error, estimator__max_depth=16, estimator__min_samples_split=5, estimator__n_estimators=60; total time=   0.0s
[CV] END estimator__criterion=squared_error, estimator__max_depth=16, estimator__min_samples_split=5, estimator__n_estimators=60; total time=   0.0s
[CV] END estimator__criterion=squared_error, estimator__max_depth=16, estimator__min_samples_split=5, estimator__n_estimators=60; total time=   0.0s
[CV] END estimator__criterion=absolute_error, estimator__max_depth=12, estimator__min_samples_split=3, estimator__n_estimators=70; total time=   0.1s
[CV] END estimator__criterion=absolute_error, estimator__max_depth=12, estimator__min_samples_split=3, estimator__n_estimators=70; total time=   0.1s
[CV] END estimator__criterion=absolute_error, estimator__max_depth=12, estimator__min_samples_split=3, estimator__n_estimators=70; total time=   0.1s
[CV] END estimator__criterion=absolute_error, estimator__max_depth=12, estimator__min_samples_split=3, estimator__n_estimators=70; total time=   0.1s
[CV] END estimator__criterion=absolute_error, estimator__max_depth=13, estimator__min_samples_split=2, estimator__n_estimators=50; total time=   0.1s
[CV] END estimator__criterion=absolute_error, estimator__max_depth=13, estimator__min_samples_split=2, estimator__n_estimators=50; total time=   0.1s
[CV] END estimator__criterion=absolute_error, estimator__max_depth=13, estimator__min_samples_split=2, estimator__n_estimators=50; total time=   0.1s
[CV] END estimator__criterion=absolute_error, estimator__max_depth=13, estimator__min_samples_split=2, estimator__n_estimators=60; total time=   0.1s
[CV] END estimator__criterion=absolute_error, estimator__max_depth=13, estimator__min_samples_split=5, estimator__n_estimators=50; total time=   0.1s
[CV] END estimator__criterion=absolute_error, estimator__max_depth=13, estimator__min_samples_split=5, estimator__n_estimators=50; total time=   0.1s
[CV] END estimator__criterion=absolute_error, estimator__max_depth=13, estimator__min_samples_split=5, estimator__n_estimators=60; total time=   0.1s
[CV] END estimator__criterion=absolute_error, estimator__max_depth=13, estimator__min_samples_split=5, estimator__n_estimators=60; total time=   0.1s
[CV] END estimator__criterion=absolute_error, estimator__max_depth=14, estimator__min_samples_split=3, estimator__n_estimators=70; total time=   0.1s
[CV] END estimator__criterion=absolute_error, estimator__max_depth=14, estimator__min_samples_split=3, estimator__n_estimators=70; total time=   0.1s
[CV] END estimator__criterion=absolute_error, estimator__max_depth=14, estimator__min_samples_split=3, estimator__n_estimators=70; total time=   0.1s
[CV] END estimator__criterion=absolute_error, estimator__max_depth=14, estimator__min_samples_split=3, estimator__n_estimators=80; total time=   0.2s
[CV] END estimator__criterion=absolute_error, estimator__max_depth=15, estimator__min_samples_split=2, estimator__n_estimators=60; total time=   0.1s
[CV] END estimator__criterion=absolute_error, estimator__max_depth=15, estimator__min_samples_split=2, estimator__n_estimators=60; total time=   0.1s
[CV] END estimator__criterion=absolute_error, estimator__max_depth=15, estimator__min_samples_split=2, estimator__n_estimators=70; total time=   0.1s
[CV] END estimator__criterion=absolute_error, estimator__max_depth=15, estimator__min_samples_split=2, estimator__n_estimators=70; total time=   0.1s
[CV] END estimator__criterion=absolute_error, estimator__max_depth=15, estimator__min_samples_split=6, estimator__n_estimators=50; total time=   0.1s
[CV] END estimator__criterion=absolute_error, estimator__max_depth=15, estimator__min_samples_split=6, estimator__n_estimators=50; total time=   0.1s
[CV] END estimator__criterion=absolute_error, estimator__max_depth=15, estimator__min_samples_split=6, estimator__n_estimators=50; total time=   0.1s[CV] END estimator__criterion=squared_error, estimator__max_depth=12, estimator__min_samples_split=2, estimator__n_estimators=60; total time=   0.0s
[CV] END estimator__criterion=squared_error, estimator__max_depth=12, estimator__min_samples_split=3, estimator__n_estimators=50; total time=   0.0s
[CV] END estimator__criterion=squared_error, estimator__max_depth=12, estimator__min_samples_split=3, estimator__n_estimators=50; total time=   0.0s
[CV] END estimator__criterion=squared_error, estimator__max_depth=12, estimator__min_samples_split=3, estimator__n_estimators=60; total time=   0.0s
[CV] END estimator__criterion=squared_error, estimator__max_depth=12, estimator__min_samples_split=3, estimator__n_estimators=70; total time=   0.0s
[CV] END estimator__criterion=squared_error, estimator__max_depth=12, estimator__min_samples_split=3, estimator__n_estimators=80; total time=   0.0s
[CV] END estimator__criterion=squared_error, estimator__max_depth=12, estimator__min_samples_split=3, estimator__n_estimators=90; total time=   0.0s
[CV] END estimator__criterion=squared_error, estimator__max_depth=12, estimator__min_samples_split=4, estimator__n_estimators=60; total time=   0.0s
[CV] END estimator__criterion=squared_error, estimator__max_depth=12, estimator__min_samples_split=4, estimator__n_estimators=80; total time=   0.0s
[CV] END estimator__criterion=squared_error, estimator__max_depth=12, estimator__min_samples_split=5, estimator__n_estimators=60; total time=   0.0s
[CV] END estimator__criterion=squared_error, estimator__max_depth=12, estimator__min_samples_split=5, estimator__n_estimators=90; total time=   0.0s
[CV] END estimator__criterion=squared_error, estimator__max_depth=13, estimator__min_samples_split=2, estimator__n_estimators=90; total time=   0.0s
[CV] END estimator__criterion=squared_error, estimator__max_depth=13, estimator__min_samples_split=2, estimator__n_estimators=90; total time=   0.0s
[CV] END estimator__criterion=squared_error, estimator__max_depth=14, estimator__min_samples_split=2, estimator__n_estimators=60; total time=   0.0s
[CV] END estimator__criterion=squared_error, estimator__max_depth=14, estimator__min_samples_split=2, estimator__n_estimators=60; total time=   0.0s
[CV] END estimator__criterion=squared_error, estimator__max_depth=14, estimator__min_samples_split=2, estimator__n_estimators=60; total time=   0.0s
[CV] END estimator__criterion=squared_error, estimator__max_depth=14, estimator__min_samples_split=2, estimator__n_estimators=60; total time=   0.0s
[CV] END estimator__criterion=squared_error, estimator__max_depth=14, estimator__min_samples_split=4, estimator__n_estimators=90; total time=   0.0s
[CV] END estimator__criterion=squared_error, estimator__max_depth=14, estimator__min_samples_split=4, estimator__n_estimators=90; total time=   0.0s
[CV] END estimator__criterion=squared_error, estimator__max_depth=14, estimator__min_samples_split=4, estimator__n_estimators=90; total time=   0.0s
[CV] END estimator__criterion=squared_error, estimator__max_depth=14, estimator__min_samples_split=4, estimator__n_estimators=90; total time=   0.0s
[CV] END estimator__criterion=squared_error, estimator__max_depth=15, estimator__min_samples_split=4, estimator__n_estimators=90; total time=   0.0s
[CV] END estimator__criterion=squared_error, estimator__max_depth=15, estimator__min_samples_split=4, estimator__n_estimators=90; total time=   0.0s
[CV] END estimator__criterion=squared_error, estimator__max_depth=15, estimator__min_samples_split=5, estimator__n_estimators=50; total time=   0.0s
[CV] END estimator__criterion=squared_error, estimator__max_depth=15, estimator__min_samples_split=5, estimator__n_estimators=50; total time=   0.0s
[CV] END estimator__criterion=squared_error, estimator__max_depth=16, estimator__min_samples_split=3, estimator__n_estimators=50; total time=   0.0s
[CV] END estimator__criterion=squared_error, estimator__max_depth=16, estimator__min_samples_split=3, estimator__n_estimators=50; total time=   0.0s
[CV] END estimator__criterion=squared_error, estimator__max_depth=16, estimator__min_samples_split=3, estimator__n_estimators=60; total time=   0.0s
[CV] END estimator__criterion=squared_error, estimator__max_depth=16, estimator__min_samples_split=3, estimator__n_estimators=60; total time=   0.0s
[CV] END estimator__criterion=squared_error, estimator__max_depth=16, estimator__min_samples_split=6, estimator__n_estimators=50; total time=   0.0s
[CV] END estimator__criterion=squared_error, estimator__max_depth=16, estimator__min_samples_split=6, estimator__n_estimators=50; total time=   0.0s
[CV] END estimator__criterion=squared_error, estimator__max_depth=16, estimator__min_samples_split=6, estimator__n_estimators=50; total time=   0.0s
[CV] END estimator__criterion=squared_error, estimator__max_depth=16, estimator__min_samples_split=6, estimator__n_estimators=50; total time=   0.0s
[CV] END estimator__criterion=absolute_error, estimator__max_depth=12, estimator__min_samples_split=3, estimator__n_estimators=80; total time=   0.2s
[CV] END estimator__criterion=absolute_error, estimator__max_depth=12, estimator__min_samples_split=3, estimator__n_estimators=80; total time=   0.2s
[CV] END estimator__criterion=absolute_error, estimator__max_depth=12, estimator__min_samples_split=3, estimator__n_estimators=90; total time=   0.2s
[CV] END estimator__criterion=absolute_error, estimator__max_depth=12, estimator__min_samples_split=3, estimator__n_estimators=90; total time=   0.3s
[CV] END estimator__criterion=absolute_error, estimator__max_depth=13, estimator__min_samples_split=4, estimator__n_estimators=50; total time=   0.1s
[CV] END estimator__criterion=absolute_error, estimator__max_depth=13, estimator__min_samples_split=4, estimator__n_estimators=50; total time=   0.1s
[CV] END estimator__criterion=absolute_error, estimator__max_depth=13, estimator__min_samples_split=4, estimator__n_estimators=50; total time=   0.1s
[CV] END estimator__criterion=absolute_error, estimator__max_depth=13, estimator__min_samples_split=4, estimator__n_estimators=50; total time=   0.1s
[CV] END estimator__criterion=absolute_error, estimator__max_depth=13, estimator__min_samples_split=6, estimator__n_estimators=70; total time=   0.1s
[CV] END estimator__criterion=absolute_error, estimator__max_depth=13, estimator__min_samples_split=6, estimator__n_estimators=70; total time=   0.1s
[CV] END estimator__criterion=absolute_error, estimator__max_depth=13, estimator__min_samples_split=6, estimator__n_estimators=70; total time=   0.1s
[CV] END estimator__criterion=absolute_error, estimator__max_depth=13, estimator__min_samples_split=6, estimator__n_estimators=70; total time=   0.1s
[CV] END estimator__criterion=absolute_error, estimator__max_depth=14, estimator__min_samples_split=4, estimator__n_estimators=90; total time=   0.2s
[CV] END estimator__criterion=absolute_error, estimator__max_depth=14, estimator__min_samples_split=4, estimator__n_estimators=90; total time=   0.2s
[CV] END estimator__criterion=absolute_error, estimator__max_depth=14, estimator__min_samples_split=5, estimator__n_estimators=50; total time=   0.1s
[CV] END estimator__criterion=absolute_error, estimator__max_depth=14, estimator__min_samples_split=5, estimator__n_estimators=50; total time=   0.1s
[CV] END estimator__criterion=absolute_error, estimator__max_depth=15, estimator__min_samples_split=3, estimator__n_estimators=80; total time=   0.2s
[CV] END estimator__criterion=absolute_error, estimator__max_depth=15, estimator__min_samples_split=3, estimator__n_estimators=80; total time=   0.2s
[CV] END estimator__criterion=absolute_error, estimator__max_depth=15, estimator__min_samples_split=3, estimator__n_estimators=80; total time=   0.2s
[CV] END estimator__criterion=absolute_error, estimator__max_depth=15, estimator__min_samples_split=3, estimator__n_estimators=80; total time=   0.2s
[CV] END estimator__criterion=absolute_error, estimator__max_depth=16, estimator__min_samples_split=2, estimator__n_estimators=90; total time=   0.2s
[CV] END estimator__criterion=absolute_error, estimator__max_depth=16, estimator__min_samples_split=2, estimator__n_estimators=90; total time=   0.2s[CV] END estimator__criterion=squared_error, estimator__max_depth=12, estimator__min_samples_split=2, estimator__n_estimators=70; total time=   0.0s
[CV] END estimator__criterion=squared_error, estimator__max_depth=12, estimator__min_samples_split=3, estimator__n_estimators=90; total time=   0.0s
[CV] END estimator__criterion=squared_error, estimator__max_depth=12, estimator__min_samples_split=4, estimator__n_estimators=50; total time=   0.0s
[CV] END estimator__criterion=squared_error, estimator__max_depth=12, estimator__min_samples_split=4, estimator__n_estimators=60; total time=   0.0s
[CV] END estimator__criterion=squared_error, estimator__max_depth=12, estimator__min_samples_split=4, estimator__n_estimators=70; total time=   0.0s
[CV] END estimator__criterion=squared_error, estimator__max_depth=12, estimator__min_samples_split=5, estimator__n_estimators=50; total time=   0.0s
[CV] END estimator__criterion=squared_error, estimator__max_depth=12, estimator__min_samples_split=5, estimator__n_estimators=70; total time=   0.0s
[CV] END estimator__criterion=squared_error, estimator__max_depth=12, estimator__min_samples_split=6, estimator__n_estimators=60; total time=   0.0s
[CV] END estimator__criterion=squared_error, estimator__max_depth=13, estimator__min_samples_split=2, estimator__n_estimators=60; total time=   0.0s
[CV] END estimator__criterion=squared_error, estimator__max_depth=13, estimator__min_samples_split=2, estimator__n_estimators=70; total time=   0.0s
[CV] END estimator__criterion=squared_error, estimator__max_depth=13, estimator__min_samples_split=4, estimator__n_estimators=80; total time=   0.0s
[CV] END estimator__criterion=squared_error, estimator__max_depth=13, estimator__min_samples_split=4, estimator__n_estimators=80; total time=   0.0s
[CV] END estimator__criterion=squared_error, estimator__max_depth=13, estimator__min_samples_split=4, estimator__n_estimators=80; total time=   0.0s
[CV] END estimator__criterion=squared_error, estimator__max_depth=13, estimator__min_samples_split=4, estimator__n_estimators=90; total time=   0.0s
[CV] END estimator__criterion=squared_error, estimator__max_depth=14, estimator__min_samples_split=4, estimator__n_estimators=70; total time=   0.0s
[CV] END estimator__criterion=squared_error, estimator__max_depth=14, estimator__min_samples_split=4, estimator__n_estimators=70; total time=   0.0s
[CV] END estimator__criterion=squared_error, estimator__max_depth=14, estimator__min_samples_split=4, estimator__n_estimators=70; total time=   0.0s
[CV] END estimator__criterion=squared_error, estimator__max_depth=14, estimator__min_samples_split=4, estimator__n_estimators=80; total time=   0.0s
[CV] END estimator__criterion=squared_error, estimator__max_depth=15, estimator__min_samples_split=3, estimator__n_estimators=50; total time=   0.0s
[CV] END estimator__criterion=squared_error, estimator__max_depth=15, estimator__min_samples_split=3, estimator__n_estimators=60; total time=   0.0s
[CV] END estimator__criterion=squared_error, estimator__max_depth=15, estimator__min_samples_split=3, estimator__n_estimators=60; total time=   0.0s
[CV] END estimator__criterion=squared_error, estimator__max_depth=15, estimator__min_samples_split=3, estimator__n_estimators=60; total time=   0.0s
[CV] END estimator__criterion=squared_error, estimator__max_depth=15, estimator__min_samples_split=5, estimator__n_estimators=90; total time=   0.0s
[CV] END estimator__criterion=squared_error, estimator__max_depth=15, estimator__min_samples_split=5, estimator__n_estimators=90; total time=   0.0s
[CV] END estimator__criterion=squared_error, estimator__max_depth=15, estimator__min_samples_split=5, estimator__n_estimators=90; total time=   0.0s
[CV] END estimator__criterion=squared_error, estimator__max_depth=15, estimator__min_samples_split=6, estimator__n_estimators=50; total time=   0.0s
[CV] END estimator__criterion=squared_error, estimator__max_depth=16, estimator__min_samples_split=5, estimator__n_estimators=60; total time=   0.0s
[CV] END estimator__criterion=squared_error, estimator__max_depth=16, estimator__min_samples_split=5, estimator__n_estimators=70; total time=   0.0s
[CV] END estimator__criterion=squared_error, estimator__max_depth=16, estimator__min_samples_split=5, estimator__n_estimators=70; total time=   0.0s
[CV] END estimator__criterion=squared_error, estimator__max_depth=16, estimator__min_samples_split=5, estimator__n_estimators=70; total time=   0.0s
[CV] END estimator__criterion=absolute_error, estimator__max_depth=12, estimator__min_samples_split=4, estimator__n_estimators=50; total time=   0.1s
[CV] END estimator__criterion=absolute_error, estimator__max_depth=12, estimator__min_samples_split=4, estimator__n_estimators=50; total time=   0.1s
[CV] END estimator__criterion=absolute_error, estimator__max_depth=12, estimator__min_samples_split=4, estimator__n_estimators=50; total time=   0.1s
[CV] END estimator__criterion=absolute_error, estimator__max_depth=12, estimator__min_samples_split=4, estimator__n_estimators=50; total time=   0.1s
[CV] END estimator__criterion=absolute_error, estimator__max_depth=12, estimator__min_samples_split=6, estimator__n_estimators=60; total time=   0.1s
[CV] END estimator__criterion=absolute_error, estimator__max_depth=12, estimator__min_samples_split=6, estimator__n_estimators=60; total time=   0.1s
[CV] END estimator__criterion=absolute_error, estimator__max_depth=12, estimator__min_samples_split=6, estimator__n_estimators=60; total time=   0.1s
[CV] END estimator__criterion=absolute_error, estimator__max_depth=12, estimator__min_samples_split=6, estimator__n_estimators=70; total time=   0.2s
[CV] END estimator__criterion=absolute_error, estimator__max_depth=13, estimator__min_samples_split=4, estimator__n_estimators=90; total time=   0.2s
[CV] END estimator__criterion=absolute_error, estimator__max_depth=13, estimator__min_samples_split=5, estimator__n_estimators=50; total time=   0.1s
[CV] END estimator__criterion=absolute_error, estimator__max_depth=13, estimator__min_samples_split=5, estimator__n_estimators=50; total time=   0.1s
[CV] END estimator__criterion=absolute_error, estimator__max_depth=13, estimator__min_samples_split=5, estimator__n_estimators=50; total time=   0.1s
[CV] END estimator__criterion=absolute_error, estimator__max_depth=14, estimator__min_samples_split=3, estimator__n_estimators=60; total time=   0.1s
[CV] END estimator__criterion=absolute_error, estimator__max_depth=14, estimator__min_samples_split=3, estimator__n_estimators=60; total time=   0.1s
[CV] END estimator__criterion=absolute_error, estimator__max_depth=14, estimator__min_samples_split=3, estimator__n_estimators=70; total time=   0.2s
[CV] END estimator__criterion=absolute_error, estimator__max_depth=14, estimator__min_samples_split=3, estimator__n_estimators=70; total time=   0.1s
[CV] END estimator__criterion=absolute_error, estimator__max_depth=15, estimator__min_samples_split=2, estimator__n_estimators=50; total time=   0.1s
[CV] END estimator__criterion=absolute_error, estimator__max_depth=15, estimator__min_samples_split=2, estimator__n_estimators=60; total time=   0.1s
[CV] END estimator__criterion=absolute_error, estimator__max_depth=15, estimator__min_samples_split=2, estimator__n_estimators=60; total time=   0.1s
[CV] END estimator__criterion=absolute_error, estimator__max_depth=15, estimator__min_samples_split=2, estimator__n_estimators=60; total time=   0.1s
[CV] END estimator__criterion=absolute_error, estimator__max_depth=15, estimator__min_samples_split=5, estimator__n_estimators=80; total time=   0.2s
[CV] END estimator__criterion=absolute_error, estimator__max_depth=15, estimator__min_samples_split=5, estimator__n_estimators=80; total time=   0.2s
[CV] END estimator__criterion=absolute_error, estimator__max_depth=15, estimator__min_samples_split=5, estimator__n_estimators=80; total time=   0.2s
[CV] END estimator__criterion=absolute_error, estimator__max_depth=15, estimator__min_samples_split=5, estimator__n_estimators=90; total time=   0.2s
[CV] END estimator__criterion=absolute_error, estimator__max_depth=16, estimator__min_samples_split=4, estimator__n_estimators=90; total time=   0.2s[CV] END estimator__criterion=squared_error, estimator__max_depth=12, estimator__min_samples_split=2, estimator__n_estimators=50; total time=   0.0s
[CV] END estimator__criterion=squared_error, estimator__max_depth=12, estimator__min_samples_split=2, estimator__n_estimators=90; total time=   0.0s
[CV] END estimator__criterion=squared_error, estimator__max_depth=12, estimator__min_samples_split=3, estimator__n_estimators=50; total time=   0.0s
[CV] END estimator__criterion=squared_error, estimator__max_depth=12, estimator__min_samples_split=3, estimator__n_estimators=50; total time=   0.0s
[CV] END estimator__criterion=squared_error, estimator__max_depth=12, estimator__min_samples_split=3, estimator__n_estimators=60; total time=   0.0s
[CV] END estimator__criterion=squared_error, estimator__max_depth=12, estimator__min_samples_split=3, estimator__n_estimators=70; total time=   0.0s
[CV] END estimator__criterion=squared_error, estimator__max_depth=12, estimator__min_samples_split=3, estimator__n_estimators=80; total time=   0.0s
[CV] END estimator__criterion=squared_error, estimator__max_depth=12, estimator__min_samples_split=3, estimator__n_estimators=90; total time=   0.0s
[CV] END estimator__criterion=squared_error, estimator__max_depth=12, estimator__min_samples_split=4, estimator__n_estimators=60; total time=   0.0s
[CV] END estimator__criterion=squared_error, estimator__max_depth=12, estimator__min_samples_split=4, estimator__n_estimators=80; total time=   0.0s
[CV] END estimator__criterion=squared_error, estimator__max_depth=12, estimator__min_samples_split=5, estimator__n_estimators=50; total time=   0.0s
[CV] END estimator__criterion=squared_error, estimator__max_depth=12, estimator__min_samples_split=5, estimator__n_estimators=70; total time=   0.0s
[CV] END estimator__criterion=squared_error, estimator__max_depth=12, estimator__min_samples_split=6, estimator__n_estimators=60; total time=   0.0s
[CV] END estimator__criterion=squared_error, estimator__max_depth=13, estimator__min_samples_split=2, estimator__n_estimators=80; total time=   0.0s
[CV] END estimator__criterion=squared_error, estimator__max_depth=13, estimator__min_samples_split=2, estimator__n_estimators=90; total time=   0.0s
[CV] END estimator__criterion=squared_error, estimator__max_depth=13, estimator__min_samples_split=6, estimator__n_estimators=50; total time=   0.0s
[CV] END estimator__criterion=squared_error, estimator__max_depth=13, estimator__min_samples_split=6, estimator__n_estimators=50; total time=   0.0s
[CV] END estimator__criterion=squared_error, estimator__max_depth=13, estimator__min_samples_split=6, estimator__n_estimators=60; total time=   0.0s
[CV] END estimator__criterion=squared_error, estimator__max_depth=13, estimator__min_samples_split=6, estimator__n_estimators=60; total time=   0.0s
[CV] END estimator__criterion=squared_error, estimator__max_depth=14, estimator__min_samples_split=3, estimator__n_estimators=60; total time=   0.0s
[CV] END estimator__criterion=squared_error, estimator__max_depth=14, estimator__min_samples_split=3, estimator__n_estimators=70; total time=   0.0s
[CV] END estimator__criterion=squared_error, estimator__max_depth=14, estimator__min_samples_split=3, estimator__n_estimators=70; total time=   0.0s
[CV] END estimator__criterion=squared_error, estimator__max_depth=14, estimator__min_samples_split=3, estimator__n_estimators=70; total time=   0.0s
[CV] END estimator__criterion=squared_error, estimator__max_depth=15, estimator__min_samples_split=2, estimator__n_estimators=50; total time=   0.0s
[CV] END estimator__criterion=squared_error, estimator__max_depth=15, estimator__min_samples_split=2, estimator__n_estimators=50; total time=   0.0s
[CV] END estimator__criterion=squared_error, estimator__max_depth=15, estimator__min_samples_split=2, estimator__n_estimators=50; total time=   0.0s
[CV] END estimator__criterion=squared_error, estimator__max_depth=15, estimator__min_samples_split=2, estimator__n_estimators=50; total time=   0.0s
[CV] END estimator__criterion=squared_error, estimator__max_depth=15, estimator__min_samples_split=5, estimator__n_estimators=70; total time=   0.0s
[CV] END estimator__criterion=squared_error, estimator__max_depth=15, estimator__min_samples_split=5, estimator__n_estimators=80; total time=   0.0s
[CV] END estimator__criterion=squared_error, estimator__max_depth=15, estimator__min_samples_split=5, estimator__n_estimators=80; total time=   0.0s
[CV] END estimator__criterion=squared_error, estimator__max_depth=15, estimator__min_samples_split=5, estimator__n_estimators=80; total time=   0.0s
[CV] END estimator__criterion=squared_error, estimator__max_depth=16, estimator__min_samples_split=4, estimator__n_estimators=80; total time=   0.0s
[CV] END estimator__criterion=squared_error, estimator__max_depth=16, estimator__min_samples_split=4, estimator__n_estimators=80; total time=   0.0s
[CV] END estimator__criterion=squared_error, estimator__max_depth=16, estimator__min_samples_split=4, estimator__n_estimators=90; total time=   0.0s
[CV] END estimator__criterion=squared_error, estimator__max_depth=16, estimator__min_samples_split=4, estimator__n_estimators=90; total time=   0.0s
[CV] END estimator__criterion=absolute_error, estimator__max_depth=12, estimator__min_samples_split=4, estimator__n_estimators=80; total time=   0.2s
[CV] END estimator__criterion=absolute_error, estimator__max_depth=12, estimator__min_samples_split=4, estimator__n_estimators=80; total time=   0.2s
[CV] END estimator__criterion=absolute_error, estimator__max_depth=12, estimator__min_samples_split=4, estimator__n_estimators=80; total time=   0.2s
[CV] END estimator__criterion=absolute_error, estimator__max_depth=12, estimator__min_samples_split=4, estimator__n_estimators=90; total time=   0.2s
[CV] END estimator__criterion=absolute_error, estimator__max_depth=13, estimator__min_samples_split=4, estimator__n_estimators=70; total time=   0.1s
[CV] END estimator__criterion=absolute_error, estimator__max_depth=13, estimator__min_samples_split=4, estimator__n_estimators=70; total time=   0.1s
[CV] END estimator__criterion=absolute_error, estimator__max_depth=13, estimator__min_samples_split=4, estimator__n_estimators=70; total time=   0.1s
[CV] END estimator__criterion=absolute_error, estimator__max_depth=13, estimator__min_samples_split=4, estimator__n_estimators=80; total time=   0.2s
[CV] END estimator__criterion=absolute_error, estimator__max_depth=14, estimator__min_samples_split=2, estimator__n_estimators=90; total time=   0.2s
[CV] END estimator__criterion=absolute_error, estimator__max_depth=14, estimator__min_samples_split=2, estimator__n_estimators=90; total time=   0.2s
[CV] END estimator__criterion=absolute_error, estimator__max_depth=14, estimator__min_samples_split=2, estimator__n_estimators=90; total time=   0.2s
[CV] END estimator__criterion=absolute_error, estimator__max_depth=14, estimator__min_samples_split=2, estimator__n_estimators=90; total time=   0.2s
[CV] END estimator__criterion=absolute_error, estimator__max_depth=15, estimator__min_samples_split=2, estimator__n_estimators=80; total time=   0.2s
[CV] END estimator__criterion=absolute_error, estimator__max_depth=15, estimator__min_samples_split=2, estimator__n_estimators=80; total time=   0.2s
[CV] END estimator__criterion=absolute_error, estimator__max_depth=15, estimator__min_samples_split=2, estimator__n_estimators=80; total time=   0.2s
[CV] END estimator__criterion=absolute_error, estimator__max_depth=15, estimator__min_samples_split=2, estimator__n_estimators=80; total time=   0.2s
[CV] END estimator__criterion=absolute_error, estimator__max_depth=15, estimator__min_samples_split=6, estimator__n_estimators=90; total time=   0.2s
[CV] END estimator__criterion=absolute_error, estimator__max_depth=16, estimator__min_samples_split=2, estimator__n_estimators=50; total time=   0.1s
[CV] END estimator__criterion=absolute_error, estimator__max_depth=16, estimator__min_samples_split=2, estimator__n_estimators=50; total time=   0.1s
[CV] END estimator__criterion=absolute_error, estimator__max_depth=16, estimator__min_samples_split=2, estimator__n_estimators=50; total time=   0.1s[CV] END estimator__criterion=squared_error, estimator__max_depth=12, estimator__min_samples_split=2, estimator__n_estimators=50; total time=   0.0s
[CV] END estimator__criterion=squared_error, estimator__max_depth=12, estimator__min_samples_split=3, estimator__n_estimators=80; total time=   0.0s
[CV] END estimator__criterion=squared_error, estimator__max_depth=12, estimator__min_samples_split=4, estimator__n_estimators=50; total time=   0.0s
[CV] END estimator__criterion=squared_error, estimator__max_depth=12, estimator__min_samples_split=4, estimator__n_estimators=50; total time=   0.0s
[CV] END estimator__criterion=squared_error, estimator__max_depth=12, estimator__min_samples_split=4, estimator__n_estimators=70; total time=   0.0s
[CV] END estimator__criterion=squared_error, estimator__max_depth=12, estimator__min_samples_split=4, estimator__n_estimators=80; total time=   0.0s
[CV] END estimator__criterion=squared_error, estimator__max_depth=12, estimator__min_samples_split=5, estimator__n_estimators=60; total time=   0.0s
[CV] END estimator__criterion=squared_error, estimator__max_depth=12, estimator__min_samples_split=5, estimator__n_estimators=90; total time=   0.0s
[CV] END estimator__criterion=squared_error, estimator__max_depth=13, estimator__min_samples_split=2, estimator__n_estimators=80; total time=   0.0s
[CV] END estimator__criterion=squared_error, estimator__max_depth=13, estimator__min_samples_split=2, estimator__n_estimators=80; total time=   0.0s
[CV] END estimator__criterion=squared_error, estimator__max_depth=13, estimator__min_samples_split=5, estimator__n_estimators=90; total time=   0.0s
[CV] END estimator__criterion=squared_error, estimator__max_depth=13, estimator__min_samples_split=5, estimator__n_estimators=90; total time=   0.0s
[CV] END estimator__criterion=squared_error, estimator__max_depth=13, estimator__min_samples_split=5, estimator__n_estimators=90; total time=   0.0s
[CV] END estimator__criterion=squared_error, estimator__max_depth=13, estimator__min_samples_split=5, estimator__n_estimators=90; total time=   0.0s
[CV] END estimator__criterion=squared_error, estimator__max_depth=14, estimator__min_samples_split=6, estimator__n_estimators=60; total time=   0.0s
[CV] END estimator__criterion=squared_error, estimator__max_depth=14, estimator__min_samples_split=6, estimator__n_estimators=60; total time=   0.0s
[CV] END estimator__criterion=squared_error, estimator__max_depth=14, estimator__min_samples_split=6, estimator__n_estimators=60; total time=   0.0s
[CV] END estimator__criterion=squared_error, estimator__max_depth=14, estimator__min_samples_split=6, estimator__n_estimators=60; total time=   0.0s
[CV] END estimator__criterion=squared_error, estimator__max_depth=15, estimator__min_samples_split=3, estimator__n_estimators=90; total time=   0.1s
[CV] END estimator__criterion=squared_error, estimator__max_depth=15, estimator__min_samples_split=4, estimator__n_estimators=50; total time=   0.0s
[CV] END estimator__criterion=squared_error, estimator__max_depth=15, estimator__min_samples_split=4, estimator__n_estimators=50; total time=   0.0s
[CV] END estimator__criterion=squared_error, estimator__max_depth=15, estimator__min_samples_split=4, estimator__n_estimators=50; total time=   0.0s
[CV] END estimator__criterion=squared_error, estimator__max_depth=16, estimator__min_samples_split=2, estimator__n_estimators=70; total time=   0.0s
[CV] END estimator__criterion=squared_error, estimator__max_depth=16, estimator__min_samples_split=2, estimator__n_estimators=70; total time=   0.0s
[CV] END estimator__criterion=squared_error, estimator__max_depth=16, estimator__min_samples_split=2, estimator__n_estimators=70; total time=   0.0s
[CV] END estimator__criterion=squared_error, estimator__max_depth=16, estimator__min_samples_split=2, estimator__n_estimators=80; total time=   0.0s
[CV] END estimator__criterion=squared_error, estimator__max_depth=16, estimator__min_samples_split=6, estimator__n_estimators=70; total time=   0.0s
[CV] END estimator__criterion=squared_error, estimator__max_depth=16, estimator__min_samples_split=6, estimator__n_estimators=70; total time=   0.0s
[CV] END estimator__criterion=squared_error, estimator__max_depth=16, estimator__min_samples_split=6, estimator__n_estimators=70; total time=   0.0s
[CV] END estimator__criterion=squared_error, estimator__max_depth=16, estimator__min_samples_split=6, estimator__n_estimators=80; total time=   0.0s
[CV] END estimator__criterion=absolute_error, estimator__max_depth=12, estimator__min_samples_split=5, estimator__n_estimators=50; total time=   0.1s
[CV] END estimator__criterion=absolute_error, estimator__max_depth=12, estimator__min_samples_split=5, estimator__n_estimators=60; total time=   0.1s
[CV] END estimator__criterion=absolute_error, estimator__max_depth=12, estimator__min_samples_split=5, estimator__n_estimators=60; total time=   0.1s
[CV] END estimator__criterion=absolute_error, estimator__max_depth=12, estimator__min_samples_split=5, estimator__n_estimators=60; total time=   0.1s
[CV] END estimator__criterion=absolute_error, estimator__max_depth=13, estimator__min_samples_split=2, estimator__n_estimators=70; total time=   0.1s
[CV] END estimator__criterion=absolute_error, estimator__max_depth=13, estimator__min_samples_split=2, estimator__n_estimators=70; total time=   0.1s
[CV] END estimator__criterion=absolute_error, estimator__max_depth=13, estimator__min_samples_split=2, estimator__n_estimators=70; total time=   0.1s
[CV] END estimator__criterion=absolute_error, estimator__max_depth=13, estimator__min_samples_split=2, estimator__n_estimators=70; total time=   0.2s
[CV] END estimator__criterion=absolute_error, estimator__max_depth=13, estimator__min_samples_split=6, estimator__n_estimators=60; total time=   0.1s
[CV] END estimator__criterion=absolute_error, estimator__max_depth=13, estimator__min_samples_split=6, estimator__n_estimators=60; total time=   0.1s
[CV] END estimator__criterion=absolute_error, estimator__max_depth=13, estimator__min_samples_split=6, estimator__n_estimators=60; total time=   0.1s
[CV] END estimator__criterion=absolute_error, estimator__max_depth=13, estimator__min_samples_split=6, estimator__n_estimators=60; total time=   0.1s
[CV] END estimator__criterion=absolute_error, estimator__max_depth=14, estimator__min_samples_split=4, estimator__n_estimators=60; total time=   0.1s
[CV] END estimator__criterion=absolute_error, estimator__max_depth=14, estimator__min_samples_split=4, estimator__n_estimators=60; total time=   0.1s
[CV] END estimator__criterion=absolute_error, estimator__max_depth=14, estimator__min_samples_split=4, estimator__n_estimators=60; total time=   0.1s
[CV] END estimator__criterion=absolute_error, estimator__max_depth=14, estimator__min_samples_split=4, estimator__n_estimators=70; total time=   0.1s
[CV] END estimator__criterion=absolute_error, estimator__max_depth=15, estimator__min_samples_split=2, estimator__n_estimators=70; total time=   0.1s
[CV] END estimator__criterion=absolute_error, estimator__max_depth=15, estimator__min_samples_split=2, estimator__n_estimators=70; total time=   0.2s
[CV] END estimator__criterion=absolute_error, estimator__max_depth=15, estimator__min_samples_split=2, estimator__n_estimators=70; total time=   0.1s
[CV] END estimator__criterion=absolute_error, estimator__max_depth=15, estimator__min_samples_split=2, estimator__n_estimators=80; total time=   0.2s
[CV] END estimator__criterion=absolute_error, estimator__max_depth=15, estimator__min_samples_split=6, estimator__n_estimators=70; total time=   0.1s
[CV] END estimator__criterion=absolute_error, estimator__max_depth=15, estimator__min_samples_split=6, estimator__n_estimators=70; total time=   0.1s
[CV] END estimator__criterion=absolute_error, estimator__max_depth=15, estimator__min_samples_split=6, estimator__n_estimators=70; total time=   0.1s
[CV] END estimator__criterion=absolute_error, estimator__max_depth=15, estimator__min_samples_split=6, estimator__n_estimators=80; total time=   0.2s
[CV] END estimator__criterion=absolute_error, estimator__max_depth=16, estimator__min_samples_split=5, estimator__n_estimators=50; total time=   0.1s[CV] END estimator__criterion=squared_error, estimator__max_depth=12, estimator__min_samples_split=2, estimator__n_estimators=70; total time=   0.0s
[CV] END estimator__criterion=squared_error, estimator__max_depth=12, estimator__min_samples_split=3, estimator__n_estimators=70; total time=   0.0s
[CV] END estimator__criterion=squared_error, estimator__max_depth=12, estimator__min_samples_split=3, estimator__n_estimators=80; total time=   0.0s
[CV] END estimator__criterion=squared_error, estimator__max_depth=12, estimator__min_samples_split=3, estimator__n_estimators=90; total time=   0.0s
[CV] END estimator__criterion=squared_error, estimator__max_depth=12, estimator__min_samples_split=4, estimator__n_estimators=60; total time=   0.0s
[CV] END estimator__criterion=squared_error, estimator__max_depth=12, estimator__min_samples_split=4, estimator__n_estimators=80; total time=   0.0s
[CV] END estimator__criterion=squared_error, estimator__max_depth=12, estimator__min_samples_split=5, estimator__n_estimators=50; total time=   0.0s
[CV] END estimator__criterion=squared_error, estimator__max_depth=12, estimator__min_samples_split=5, estimator__n_estimators=70; total time=   0.0s
[CV] END estimator__criterion=squared_error, estimator__max_depth=12, estimator__min_samples_split=6, estimator__n_estimators=70; total time=   0.0s
[CV] END estimator__criterion=squared_error, estimator__max_depth=13, estimator__min_samples_split=3, estimator__n_estimators=50; total time=   0.0s
[CV] END estimator__criterion=squared_error, estimator__max_depth=13, estimator__min_samples_split=3, estimator__n_estimators=50; total time=   0.0s
[CV] END estimator__criterion=squared_error, estimator__max_depth=13, estimator__min_samples_split=4, estimator__n_estimators=60; total time=   0.0s
[CV] END estimator__criterion=squared_error, estimator__max_depth=13, estimator__min_samples_split=4, estimator__n_estimators=70; total time=   0.0s
[CV] END estimator__criterion=squared_error, estimator__max_depth=13, estimator__min_samples_split=4, estimator__n_estimators=70; total time=   0.0s
[CV] END estimator__criterion=squared_error, estimator__max_depth=13, estimator__min_samples_split=4, estimator__n_estimators=70; total time=   0.0s
[CV] END estimator__criterion=squared_error, estimator__max_depth=14, estimator__min_samples_split=3, estimator__n_estimators=60; total time=   0.0s
[CV] END estimator__criterion=squared_error, estimator__max_depth=14, estimator__min_samples_split=3, estimator__n_estimators=60; total time=   0.0s
[CV] END estimator__criterion=squared_error, estimator__max_depth=14, estimator__min_samples_split=3, estimator__n_estimators=60; total time=   0.0s
[CV] END estimator__criterion=squared_error, estimator__max_depth=14, estimator__min_samples_split=3, estimator__n_estimators=60; total time=   0.0s
[CV] END estimator__criterion=squared_error, estimator__max_depth=15, estimator__min_samples_split=2, estimator__n_estimators=60; total time=   0.0s
[CV] END estimator__criterion=squared_error, estimator__max_depth=15, estimator__min_samples_split=2, estimator__n_estimators=60; total time=   0.0s
[CV] END estimator__criterion=squared_error, estimator__max_depth=15, estimator__min_samples_split=2, estimator__n_estimators=60; total time=   0.0s
[CV] END estimator__criterion=squared_error, estimator__max_depth=15, estimator__min_samples_split=2, estimator__n_estimators=60; total time=   0.0s
[CV] END estimator__criterion=squared_error, estimator__max_depth=15, estimator__min_samples_split=6, estimator__n_estimators=70; total time=   0.0s
[CV] END estimator__criterion=squared_error, estimator__max_depth=15, estimator__min_samples_split=6, estimator__n_estimators=70; total time=   0.0s
[CV] END estimator__criterion=squared_error, estimator__max_depth=15, estimator__min_samples_split=6, estimator__n_estimators=80; total time=   0.0s
[CV] END estimator__criterion=squared_error, estimator__max_depth=15, estimator__min_samples_split=6, estimator__n_estimators=80; total time=   0.0s
[CV] END estimator__criterion=squared_error, estimator__max_depth=16, estimator__min_samples_split=5, estimator__n_estimators=70; total time=   0.0s
[CV] END estimator__criterion=squared_error, estimator__max_depth=16, estimator__min_samples_split=5, estimator__n_estimators=70; total time=   0.0s
[CV] END estimator__criterion=squared_error, estimator__max_depth=16, estimator__min_samples_split=5, estimator__n_estimators=80; total time=   0.0s
[CV] END estimator__criterion=squared_error, estimator__max_depth=16, estimator__min_samples_split=5, estimator__n_estimators=80; total time=   0.0s
[CV] END estimator__criterion=absolute_error, estimator__max_depth=12, estimator__min_samples_split=4, estimator__n_estimators=60; total time=   0.1s
[CV] END estimator__criterion=absolute_error, estimator__max_depth=12, estimator__min_samples_split=4, estimator__n_estimators=60; total time=   0.1s
[CV] END estimator__criterion=absolute_error, estimator__max_depth=12, estimator__min_samples_split=4, estimator__n_estimators=60; total time=   0.1s
[CV] END estimator__criterion=absolute_error, estimator__max_depth=12, estimator__min_samples_split=4, estimator__n_estimators=60; total time=   0.1s
[CV] END estimator__criterion=absolute_error, estimator__max_depth=12, estimator__min_samples_split=6, estimator__n_estimators=90; total time=   0.2s
[CV] END estimator__criterion=absolute_error, estimator__max_depth=12, estimator__min_samples_split=6, estimator__n_estimators=90; total time=   0.2s
[CV] END estimator__criterion=absolute_error, estimator__max_depth=13, estimator__min_samples_split=2, estimator__n_estimators=50; total time=   0.1s
[CV] END estimator__criterion=absolute_error, estimator__max_depth=13, estimator__min_samples_split=2, estimator__n_estimators=50; total time=   0.1s
[CV] END estimator__criterion=absolute_error, estimator__max_depth=13, estimator__min_samples_split=5, estimator__n_estimators=90; total time=   0.2s
[CV] END estimator__criterion=absolute_error, estimator__max_depth=13, estimator__min_samples_split=5, estimator__n_estimators=90; total time=   0.2s
[CV] END estimator__criterion=absolute_error, estimator__max_depth=13, estimator__min_samples_split=6, estimator__n_estimators=50; total time=   0.1s
[CV] END estimator__criterion=absolute_error, estimator__max_depth=13, estimator__min_samples_split=6, estimator__n_estimators=50; total time=   0.1s
[CV] END estimator__criterion=absolute_error, estimator__max_depth=14, estimator__min_samples_split=4, estimator__n_estimators=80; total time=   0.2s
[CV] END estimator__criterion=absolute_error, estimator__max_depth=14, estimator__min_samples_split=4, estimator__n_estimators=80; total time=   0.2s
[CV] END estimator__criterion=absolute_error, estimator__max_depth=14, estimator__min_samples_split=4, estimator__n_estimators=80; total time=   0.2s
[CV] END estimator__criterion=absolute_error, estimator__max_depth=14, estimator__min_samples_split=4, estimator__n_estimators=80; total time=   0.2s
[CV] END estimator__criterion=absolute_error, estimator__max_depth=15, estimator__min_samples_split=3, estimator__n_estimators=90; total time=   0.3s
[CV] END estimator__criterion=absolute_error, estimator__max_depth=15, estimator__min_samples_split=3, estimator__n_estimators=90; total time=   0.2s
[CV] END estimator__criterion=absolute_error, estimator__max_depth=15, estimator__min_samples_split=4, estimator__n_estimators=50; total time=   0.1s
[CV] END estimator__criterion=absolute_error, estimator__max_depth=15, estimator__min_samples_split=4, estimator__n_estimators=50; total time=   0.1s
[CV] END estimator__criterion=absolute_error, estimator__max_depth=16, estimator__min_samples_split=3, estimator__n_estimators=70; total time=   0.1s
[CV] END estimator__criterion=absolute_error, estimator__max_depth=16, estimator__min_samples_split=3, estimator__n_estimators=70; total time=   0.1s
[CV] END estimator__criterion=absolute_error, estimator__max_depth=16, estimator__min_samples_split=3, estimator__n_estimators=70; total time=   0.1s
[CV] END estimator__criterion=absolute_error, estimator__max_depth=16, estimator__min_samples_split=3, estimator__n_estimators=70; total time=   0.1sFitting 5 folds for each of 250 candidates, totalling 1250 fits
[DONE] Family fit complete | family=RF elapsed=17.45s best_score=0.7566839585905796 best_params={'estimator__criterion': 'absolute_error', 'estimator__max_depth': 13, 'estimator__min_samples_split': 6, 'estimator__n_estimators': 80}
[INFO] Evaluating family bank
[INFO] Family evaluation started | family=RF targets=1
[DONE] Family evaluation complete | family=RF elapsed=0.01s mean_component_mape=99.033% mean_component_mae=0.072409
[INFO] Evaluation complete | winner=RF mean_component_mape=99.033%
[INFO] Exporting ONNX family bank
[INFO] Family ONNX export started | family=RF targets=1 estimator=RandomForestRegressor
[WARN] Target ONNX export failed | family=RF target=fft_y_Fw_filtered_phase_78 error='NoneType' object is not callable
[DONE] Family ONNX export complete | family=RF elapsed=0.00s exported=0 failed=1
[INFO] ONNX export complete | exported=0 failed=1
[DONE] Exact paper validation summary written | output/validation_checks/paper_reimplementation_rcim_exact_model_bank/2026-04-19-02-54-08__track1_rf_phase_78_closure_attempt_06_campaign_run/validation_summary.yaml
[DONE] Exact paper Markdown report written | doc/reports/analysis/validation_checks/2026-04-19-02-54-26_paper_reimplementation_rcim_exact_model_bank_track1_rf_phase_78_closure_attempt_06_campaign_run_exact_paper_model_bank_report.md
[CV] END estimator__criterion=squared_error, estimator__max_depth=12, estimator__min_samples_split=2, estimator__n_estimators=90; total time=   0.0s
[CV] END estimator__criterion=squared_error, estimator__max_depth=12, estimator__min_samples_split=4, estimator__n_estimators=90; total time=   0.0s
[CV] END estimator__criterion=squared_error, estimator__max_depth=12, estimator__min_samples_split=5, estimator__n_estimators=90; total time=   0.0s
[CV] END estimator__criterion=squared_error, estimator__max_depth=12, estimator__min_samples_split=6, estimator__n_estimators=80; total time=   0.0s
[CV] END estimator__criterion=squared_error, estimator__max_depth=13, estimator__min_samples_split=3, estimator__n_estimators=70; total time=   0.0s
[CV] END estimator__criterion=squared_error, estimator__max_depth=13, estimator__min_samples_split=3, estimator__n_estimators=70; total time=   0.0s
[CV] END estimator__criterion=squared_error, estimator__max_depth=13, estimator__min_samples_split=6, estimator__n_estimators=80; total time=   0.0s
[CV] END estimator__criterion=squared_error, estimator__max_depth=13, estimator__min_samples_split=6, estimator__n_estimators=80; total time=   0.0s
[CV] END estimator__criterion=squared_error, estimator__max_depth=13, estimator__min_samples_split=6, estimator__n_estimators=80; total time=   0.0s
[CV] END estimator__criterion=squared_error, estimator__max_depth=13, estimator__min_samples_split=6, estimator__n_estimators=80; total time=   0.0s
[CV] END estimator__criterion=squared_error, estimator__max_depth=14, estimator__min_samples_split=5, estimator__n_estimators=60; total time=   0.0s
[CV] END estimator__criterion=squared_error, estimator__max_depth=14, estimator__min_samples_split=5, estimator__n_estimators=60; total time=   0.0s
[CV] END estimator__criterion=squared_error, estimator__max_depth=14, estimator__min_samples_split=5, estimator__n_estimators=60; total time=   0.0s
[CV] END estimator__criterion=squared_error, estimator__max_depth=14, estimator__min_samples_split=5, estimator__n_estimators=70; total time=   0.0s
[CV] END estimator__criterion=squared_error, estimator__max_depth=15, estimator__min_samples_split=3, estimator__n_estimators=90; total time=   0.0s
[CV] END estimator__criterion=squared_error, estimator__max_depth=15, estimator__min_samples_split=3, estimator__n_estimators=90; total time=   0.0s
[CV] END estimator__criterion=squared_error, estimator__max_depth=15, estimator__min_samples_split=3, estimator__n_estimators=90; total time=   0.0s
[CV] END estimator__criterion=squared_error, estimator__max_depth=15, estimator__min_samples_split=3, estimator__n_estimators=90; total time=   0.0s
[CV] END estimator__criterion=squared_error, estimator__max_depth=16, estimator__min_samples_split=3, estimator__n_estimators=80; total time=   0.0s
[CV] END estimator__criterion=squared_error, estimator__max_depth=16, estimator__min_samples_split=3, estimator__n_estimators=80; total time=   0.0s
[CV] END estimator__criterion=squared_error, estimator__max_depth=16, estimator__min_samples_split=3, estimator__n_estimators=80; total time=   0.0s
[CV] END estimator__criterion=squared_error, estimator__max_depth=16, estimator__min_samples_split=3, estimator__n_estimators=80; total time=   0.0s
[CV] END estimator__criterion=absolute_error, estimator__max_depth=12, estimator__min_samples_split=2, estimator__n_estimators=90; total time=   0.3s
[CV] END estimator__criterion=absolute_error, estimator__max_depth=12, estimator__min_samples_split=2, estimator__n_estimators=90; total time=   0.2s
[CV] END estimator__criterion=absolute_error, estimator__max_depth=12, estimator__min_samples_split=3, estimator__n_estimators=50; total time=   0.1s
[CV] END estimator__criterion=absolute_error, estimator__max_depth=12, estimator__min_samples_split=3, estimator__n_estimators=50; total time=   0.1s
[CV] END estimator__criterion=absolute_error, estimator__max_depth=13, estimator__min_samples_split=2, estimator__n_estimators=70; total time=   0.1s
[CV] END estimator__criterion=absolute_error, estimator__max_depth=13, estimator__min_samples_split=2, estimator__n_estimators=80; total time=   0.2s
[CV] END estimator__criterion=absolute_error, estimator__max_depth=13, estimator__min_samples_split=2, estimator__n_estimators=80; total time=   0.2s
[CV] END estimator__criterion=absolute_error, estimator__max_depth=13, estimator__min_samples_split=2, estimator__n_estimators=80; total time=   0.2s
[CV] END estimator__criterion=absolute_error, estimator__max_depth=14, estimator__min_samples_split=2, estimator__n_estimators=50; total time=   0.1s
[CV] END estimator__criterion=absolute_error, estimator__max_depth=14, estimator__min_samples_split=2, estimator__n_estimators=50; total time=   0.1s
[CV] END estimator__criterion=absolute_error, estimator__max_depth=14, estimator__min_samples_split=2, estimator__n_estimators=50; total time=   0.1s
[CV] END estimator__criterion=absolute_error, estimator__max_depth=14, estimator__min_samples_split=2, estimator__n_estimators=50; total time=   0.1s
[CV] END estimator__criterion=absolute_error, estimator__max_depth=14, estimator__min_samples_split=4, estimator__n_estimators=80; total time=   0.2s
[CV] END estimator__criterion=absolute_error, estimator__max_depth=14, estimator__min_samples_split=4, estimator__n_estimators=90; total time=   0.2s
[CV] END estimator__criterion=absolute_error, estimator__max_depth=14, estimator__min_samples_split=4, estimator__n_estimators=90; total time=   0.2s
[CV] END estimator__criterion=absolute_error, estimator__max_depth=14, estimator__min_samples_split=4, estimator__n_estimators=90; total time=   0.2s
[CV] END estimator__criterion=absolute_error, estimator__max_depth=15, estimator__min_samples_split=4, estimator__n_estimators=50; total time=   0.1s
[CV] END estimator__criterion=absolute_error, estimator__max_depth=15, estimator__min_samples_split=4, estimator__n_estimators=50; total time=   0.1s
[CV] END estimator__criterion=absolute_error, estimator__max_depth=15, estimator__min_samples_split=4, estimator__n_estimators=50; total time=   0.1s
[CV] END estimator__criterion=absolute_error, estimator__max_depth=15, estimator__min_samples_split=4, estimator__n_estimators=60; total time=   0.1s
[CV] END estimator__criterion=absolute_error, estimator__max_depth=15, estimator__min_samples_split=6, estimator__n_estimators=90; total time=   0.2s
[CV] END estimator__criterion=absolute_error, estimator__max_depth=15, estimator__min_samples_split=6, estimator__n_estimators=90; total time=   0.2s
[CV] END estimator__criterion=absolute_error, estimator__max_depth=15, estimator__min_samples_split=6, estimator__n_estimators=90; total time=   0.2s
[CV] END estimator__criterion=absolute_error, estimator__max_depth=15, estimator__min_samples_split=6, estimator__n_estimators=90; total time=   0.2s
[CV] END estimator__criterion=absolute_error, estimator__max_depth=16, estimator__min_samples_split=6, estimator__n_estimators=50; total time=   0.1s
[CV] END estimator__criterion=absolute_error, estimator__max_depth=16, estimator__min_samples_split=6, estimator__n_estimators=70; total time=   0.1s
[CV] END estimator__criterion=squared_error, estimator__max_depth=12, estimator__min_samples_split=2, estimator__n_estimators=60; total time=   0.0s
[CV] END estimator__criterion=squared_error, estimator__max_depth=12, estimator__min_samples_split=5, estimator__n_estimators=50; total time=   0.0s
[CV] END estimator__criterion=squared_error, estimator__max_depth=12, estimator__min_samples_split=5, estimator__n_estimators=80; total time=   0.0s
[CV] END estimator__criterion=squared_error, estimator__max_depth=12, estimator__min_samples_split=6, estimator__n_estimators=80; total time=   0.0s
[CV] END estimator__criterion=squared_error, estimator__max_depth=13, estimator__min_samples_split=3, estimator__n_estimators=80; total time=   0.0s
[CV] END estimator__criterion=squared_error, estimator__max_depth=13, estimator__min_samples_split=3, estimator__n_estimators=80; total time=   0.0s
[CV] END estimator__criterion=squared_error, estimator__max_depth=14, estimator__min_samples_split=2, estimator__n_estimators=70; total time=   0.0s
[CV] END estimator__criterion=squared_error, estimator__max_depth=14, estimator__min_samples_split=2, estimator__n_estimators=70; total time=   0.0s
[CV] END estimator__criterion=squared_error, estimator__max_depth=14, estimator__min_samples_split=2, estimator__n_estimators=70; total time=   0.0s
[CV] END estimator__criterion=squared_error, estimator__max_depth=14, estimator__min_samples_split=2, estimator__n_estimators=70; total time=   0.0s
[CV] END estimator__criterion=squared_error, estimator__max_depth=14, estimator__min_samples_split=5, estimator__n_estimators=80; total time=   0.0s
[CV] END estimator__criterion=squared_error, estimator__max_depth=14, estimator__min_samples_split=5, estimator__n_estimators=90; total time=   0.0s
[CV] END estimator__criterion=squared_error, estimator__max_depth=14, estimator__min_samples_split=5, estimator__n_estimators=90; total time=   0.0s
[CV] END estimator__criterion=squared_error, estimator__max_depth=14, estimator__min_samples_split=5, estimator__n_estimators=90; total time=   0.0s
[CV] END estimator__criterion=squared_error, estimator__max_depth=15, estimator__min_samples_split=5, estimator__n_estimators=50; total time=   0.0s
[CV] END estimator__criterion=squared_error, estimator__max_depth=15, estimator__min_samples_split=5, estimator__n_estimators=50; total time=   0.0s
[CV] END estimator__criterion=squared_error, estimator__max_depth=15, estimator__min_samples_split=5, estimator__n_estimators=50; total time=   0.0s
[CV] END estimator__criterion=squared_error, estimator__max_depth=15, estimator__min_samples_split=5, estimator__n_estimators=60; total time=   0.0s
[CV] END estimator__criterion=squared_error, estimator__max_depth=16, estimator__min_samples_split=2, estimator__n_estimators=50; total time=   0.0s
[CV] END estimator__criterion=squared_error, estimator__max_depth=16, estimator__min_samples_split=2, estimator__n_estimators=50; total time=   0.0s
[CV] END estimator__criterion=squared_error, estimator__max_depth=16, estimator__min_samples_split=2, estimator__n_estimators=50; total time=   0.0s
[CV] END estimator__criterion=squared_error, estimator__max_depth=16, estimator__min_samples_split=2, estimator__n_estimators=50; total time=   0.0s
[CV] END estimator__criterion=squared_error, estimator__max_depth=16, estimator__min_samples_split=4, estimator__n_estimators=70; total time=   0.0s
[CV] END estimator__criterion=squared_error, estimator__max_depth=16, estimator__min_samples_split=4, estimator__n_estimators=80; total time=   0.0s
[CV] END estimator__criterion=squared_error, estimator__max_depth=16, estimator__min_samples_split=4, estimator__n_estimators=80; total time=   0.0s
[CV] END estimator__criterion=squared_error, estimator__max_depth=16, estimator__min_samples_split=4, estimator__n_estimators=80; total time=   0.0s
[CV] END estimator__criterion=absolute_error, estimator__max_depth=12, estimator__min_samples_split=3, estimator__n_estimators=90; total time=   0.2s
[CV] END estimator__criterion=absolute_error, estimator__max_depth=12, estimator__min_samples_split=3, estimator__n_estimators=90; total time=   0.2s
[CV] END estimator__criterion=absolute_error, estimator__max_depth=12, estimator__min_samples_split=3, estimator__n_estimators=90; total time=   0.2s
[CV] END estimator__criterion=absolute_error, estimator__max_depth=12, estimator__min_samples_split=4, estimator__n_estimators=50; total time=   0.1s
[CV] END estimator__criterion=absolute_error, estimator__max_depth=13, estimator__min_samples_split=3, estimator__n_estimators=50; total time=   0.1s
[CV] END estimator__criterion=absolute_error, estimator__max_depth=13, estimator__min_samples_split=3, estimator__n_estimators=50; total time=   0.1s
[CV] END estimator__criterion=absolute_error, estimator__max_depth=13, estimator__min_samples_split=3, estimator__n_estimators=50; total time=   0.1s
[CV] END estimator__criterion=absolute_error, estimator__max_depth=13, estimator__min_samples_split=3, estimator__n_estimators=50; total time=   0.1s
[CV] END estimator__criterion=absolute_error, estimator__max_depth=13, estimator__min_samples_split=5, estimator__n_estimators=80; total time=   0.2s
[CV] END estimator__criterion=absolute_error, estimator__max_depth=13, estimator__min_samples_split=5, estimator__n_estimators=80; total time=   0.2s
[CV] END estimator__criterion=absolute_error, estimator__max_depth=13, estimator__min_samples_split=5, estimator__n_estimators=80; total time=   0.2s
[CV] END estimator__criterion=absolute_error, estimator__max_depth=13, estimator__min_samples_split=5, estimator__n_estimators=80; total time=   0.2s
[CV] END estimator__criterion=absolute_error, estimator__max_depth=14, estimator__min_samples_split=5, estimator__n_estimators=90; total time=   0.2s
[CV] END estimator__criterion=absolute_error, estimator__max_depth=14, estimator__min_samples_split=5, estimator__n_estimators=90; total time=   0.2s
[CV] END estimator__criterion=absolute_error, estimator__max_depth=14, estimator__min_samples_split=5, estimator__n_estimators=90; total time=   0.2s
[CV] END estimator__criterion=absolute_error, estimator__max_depth=14, estimator__min_samples_split=6, estimator__n_estimators=50; total time=   0.1s
[CV] END estimator__criterion=absolute_error, estimator__max_depth=15, estimator__min_samples_split=5, estimator__n_estimators=60; total time=   0.1s
[CV] END estimator__criterion=absolute_error, estimator__max_depth=15, estimator__min_samples_split=5, estimator__n_estimators=60; total time=   0.1s
[CV] END estimator__criterion=absolute_error, estimator__max_depth=15, estimator__min_samples_split=5, estimator__n_estimators=60; total time=   0.1s
[CV] END estimator__criterion=absolute_error, estimator__max_depth=15, estimator__min_samples_split=5, estimator__n_estimators=60; total time=   0.1s
[CV] END estimator__criterion=absolute_error, estimator__max_depth=16, estimator__min_samples_split=3, estimator__n_estimators=50; total time=   0.1s
[CV] END estimator__criterion=absolute_error, estimator__max_depth=16, estimator__min_samples_split=3, estimator__n_estimators=50; total time=   0.1s
[CV] END estimator__criterion=absolute_error, estimator__max_depth=16, estimator__min_samples_split=3, estimator__n_estimators=50; total time=   0.1s
[CV] END estimator__criterion=absolute_error, estimator__max_depth=16, estimator__min_samples_split=3, estimator__n_estimators=60; total time=   0.1s
[CV] END estimator__criterion=absolute_error, estimator__max_depth=16, estimator__min_samples_split=5, estimator__n_estimators=90; total time=   0.3s
[CV] END estimator__criterion=absolute_error, estimator__max_depth=16, estimator__min_samples_split=6, estimator__n_estimators=70; total time=   0.1s
[CV] END estimator__criterion=squared_error, estimator__max_depth=12, estimator__min_samples_split=2, estimator__n_estimators=50; total time=   0.0s
[CV] END estimator__criterion=squared_error, estimator__max_depth=12, estimator__min_samples_split=5, estimator__n_estimators=50; total time=   0.0s
[CV] END estimator__criterion=squared_error, estimator__max_depth=12, estimator__min_samples_split=5, estimator__n_estimators=60; total time=   0.0s
[CV] END estimator__criterion=squared_error, estimator__max_depth=12, estimator__min_samples_split=6, estimator__n_estimators=50; total time=   0.0s
[CV] END estimator__criterion=squared_error, estimator__max_depth=13, estimator__min_samples_split=2, estimator__n_estimators=50; total time=   0.0s
[CV] END estimator__criterion=squared_error, estimator__max_depth=13, estimator__min_samples_split=2, estimator__n_estimators=50; total time=   0.0s
[CV] END estimator__criterion=squared_error, estimator__max_depth=13, estimator__min_samples_split=3, estimator__n_estimators=90; total time=   0.0s
[CV] END estimator__criterion=squared_error, estimator__max_depth=13, estimator__min_samples_split=3, estimator__n_estimators=90; total time=   0.0s
[CV] END estimator__criterion=squared_error, estimator__max_depth=13, estimator__min_samples_split=3, estimator__n_estimators=90; total time=   0.0s
[CV] END estimator__criterion=squared_error, estimator__max_depth=13, estimator__min_samples_split=4, estimator__n_estimators=50; total time=   0.0s
[CV] END estimator__criterion=squared_error, estimator__max_depth=14, estimator__min_samples_split=3, estimator__n_estimators=90; total time=   0.0s
[CV] END estimator__criterion=squared_error, estimator__max_depth=14, estimator__min_samples_split=3, estimator__n_estimators=90; total time=   0.0s
[CV] END estimator__criterion=squared_error, estimator__max_depth=14, estimator__min_samples_split=3, estimator__n_estimators=90; total time=   0.0s
[CV] END estimator__criterion=squared_error, estimator__max_depth=14, estimator__min_samples_split=3, estimator__n_estimators=90; total time=   0.0s
[CV] END estimator__criterion=squared_error, estimator__max_depth=15, estimator__min_samples_split=4, estimator__n_estimators=70; total time=   0.0s
[CV] END estimator__criterion=squared_error, estimator__max_depth=15, estimator__min_samples_split=4, estimator__n_estimators=70; total time=   0.0s
[CV] END estimator__criterion=squared_error, estimator__max_depth=15, estimator__min_samples_split=4, estimator__n_estimators=70; total time=   0.0s
[CV] END estimator__criterion=squared_error, estimator__max_depth=15, estimator__min_samples_split=4, estimator__n_estimators=70; total time=   0.0s
[CV] END estimator__criterion=squared_error, estimator__max_depth=16, estimator__min_samples_split=3, estimator__n_estimators=60; total time=   0.0s
[CV] END estimator__criterion=squared_error, estimator__max_depth=16, estimator__min_samples_split=3, estimator__n_estimators=60; total time=   0.0s
[CV] END estimator__criterion=squared_error, estimator__max_depth=16, estimator__min_samples_split=3, estimator__n_estimators=60; total time=   0.0s
[CV] END estimator__criterion=squared_error, estimator__max_depth=16, estimator__min_samples_split=3, estimator__n_estimators=70; total time=   0.0s
[CV] END estimator__criterion=squared_error, estimator__max_depth=16, estimator__min_samples_split=6, estimator__n_estimators=90; total time=   0.0s
[CV] END estimator__criterion=absolute_error, estimator__max_depth=12, estimator__min_samples_split=2, estimator__n_estimators=50; total time=   0.1s
[CV] END estimator__criterion=absolute_error, estimator__max_depth=12, estimator__min_samples_split=2, estimator__n_estimators=50; total time=   0.1s
[CV] END estimator__criterion=absolute_error, estimator__max_depth=12, estimator__min_samples_split=2, estimator__n_estimators=50; total time=   0.1s
[CV] END estimator__criterion=absolute_error, estimator__max_depth=12, estimator__min_samples_split=5, estimator__n_estimators=90; total time=   0.2s
[CV] END estimator__criterion=absolute_error, estimator__max_depth=12, estimator__min_samples_split=5, estimator__n_estimators=90; total time=   0.2s
[CV] END estimator__criterion=absolute_error, estimator__max_depth=12, estimator__min_samples_split=5, estimator__n_estimators=90; total time=   0.2s
[CV] END estimator__criterion=absolute_error, estimator__max_depth=12, estimator__min_samples_split=5, estimator__n_estimators=90; total time=   0.2s
[CV] END estimator__criterion=absolute_error, estimator__max_depth=13, estimator__min_samples_split=5, estimator__n_estimators=60; total time=   0.1s
[CV] END estimator__criterion=absolute_error, estimator__max_depth=13, estimator__min_samples_split=5, estimator__n_estimators=60; total time=   0.1s
[CV] END estimator__criterion=absolute_error, estimator__max_depth=13, estimator__min_samples_split=5, estimator__n_estimators=60; total time=   0.1s
[CV] END estimator__criterion=absolute_error, estimator__max_depth=13, estimator__min_samples_split=5, estimator__n_estimators=70; total time=   0.2s
[CV] END estimator__criterion=absolute_error, estimator__max_depth=14, estimator__min_samples_split=3, estimator__n_estimators=90; total time=   0.2s
[CV] END estimator__criterion=absolute_error, estimator__max_depth=14, estimator__min_samples_split=3, estimator__n_estimators=90; total time=   0.2s
[CV] END estimator__criterion=absolute_error, estimator__max_depth=14, estimator__min_samples_split=3, estimator__n_estimators=90; total time=   0.2s
[CV] END estimator__criterion=absolute_error, estimator__max_depth=14, estimator__min_samples_split=3, estimator__n_estimators=90; total time=   0.3s
[CV] END estimator__criterion=absolute_error, estimator__max_depth=15, estimator__min_samples_split=4, estimator__n_estimators=60; total time=   0.1s
[CV] END estimator__criterion=absolute_error, estimator__max_depth=15, estimator__min_samples_split=4, estimator__n_estimators=60; total time=   0.2s
[CV] END estimator__criterion=absolute_error, estimator__max_depth=15, estimator__min_samples_split=4, estimator__n_estimators=60; total time=   0.1s
[CV] END estimator__criterion=absolute_error, estimator__max_depth=15, estimator__min_samples_split=4, estimator__n_estimators=60; total time=   0.1s
[CV] END estimator__criterion=absolute_error, estimator__max_depth=16, estimator__min_samples_split=2, estimator__n_estimators=70; total time=   0.2s
[CV] END estimator__criterion=absolute_error, estimator__max_depth=16, estimator__min_samples_split=2, estimator__n_estimators=70; total time=   0.2s
[CV] END estimator__criterion=absolute_error, estimator__max_depth=16, estimator__min_samples_split=2, estimator__n_estimators=70; total time=   0.2s
[CV] END estimator__criterion=absolute_error, estimator__max_depth=16, estimator__min_samples_split=2, estimator__n_estimators=70; total time=   0.2s
[CV] END estimator__criterion=absolute_error, estimator__max_depth=16, estimator__min_samples_split=6, estimator__n_estimators=60; total time=   0.1s
[CV] END estimator__criterion=squared_error, estimator__max_depth=12, estimator__min_samples_split=2, estimator__n_estimators=70; total time=   0.0s
[CV] END estimator__criterion=squared_error, estimator__max_depth=12, estimator__min_samples_split=6, estimator__n_estimators=70; total time=   0.0s
[CV] END estimator__criterion=squared_error, estimator__max_depth=13, estimator__min_samples_split=2, estimator__n_estimators=90; total time=   0.0s
[CV] END estimator__criterion=squared_error, estimator__max_depth=13, estimator__min_samples_split=2, estimator__n_estimators=90; total time=   0.0s
[CV] END estimator__criterion=squared_error, estimator__max_depth=14, estimator__min_samples_split=2, estimator__n_estimators=50; total time=   0.0s
[CV] END estimator__criterion=squared_error, estimator__max_depth=14, estimator__min_samples_split=2, estimator__n_estimators=50; total time=   0.0s
[CV] END estimator__criterion=squared_error, estimator__max_depth=14, estimator__min_samples_split=2, estimator__n_estimators=50; total time=   0.0s
[CV] END estimator__criterion=squared_error, estimator__max_depth=14, estimator__min_samples_split=2, estimator__n_estimators=60; total time=   0.0s
[CV] END estimator__criterion=squared_error, estimator__max_depth=14, estimator__min_samples_split=4, estimator__n_estimators=50; total time=   0.0s
[CV] END estimator__criterion=squared_error, estimator__max_depth=14, estimator__min_samples_split=4, estimator__n_estimators=60; total time=   0.0s
[CV] END estimator__criterion=squared_error, estimator__max_depth=14, estimator__min_samples_split=4, estimator__n_estimators=60; total time=   0.0s
[CV] END estimator__criterion=squared_error, estimator__max_depth=14, estimator__min_samples_split=4, estimator__n_estimators=60; total time=   0.0s
[CV] END estimator__criterion=squared_error, estimator__max_depth=14, estimator__min_samples_split=6, estimator__n_estimators=90; total time=   0.0s
[CV] END estimator__criterion=squared_error, estimator__max_depth=14, estimator__min_samples_split=6, estimator__n_estimators=90; total time=   0.0s
[CV] END estimator__criterion=squared_error, estimator__max_depth=14, estimator__min_samples_split=6, estimator__n_estimators=90; total time=   0.0s
[CV] END estimator__criterion=squared_error, estimator__max_depth=15, estimator__min_samples_split=2, estimator__n_estimators=50; total time=   0.0s
[CV] END estimator__criterion=squared_error, estimator__max_depth=15, estimator__min_samples_split=6, estimator__n_estimators=60; total time=   0.0s
[CV] END estimator__criterion=squared_error, estimator__max_depth=15, estimator__min_samples_split=6, estimator__n_estimators=60; total time=   0.0s
[CV] END estimator__criterion=squared_error, estimator__max_depth=15, estimator__min_samples_split=6, estimator__n_estimators=60; total time=   0.0s
[CV] END estimator__criterion=squared_error, estimator__max_depth=15, estimator__min_samples_split=6, estimator__n_estimators=60; total time=   0.0s
[CV] END estimator__criterion=squared_error, estimator__max_depth=16, estimator__min_samples_split=5, estimator__n_estimators=50; total time=   0.0s
[CV] END estimator__criterion=squared_error, estimator__max_depth=16, estimator__min_samples_split=5, estimator__n_estimators=50; total time=   0.0s
[CV] END estimator__criterion=squared_error, estimator__max_depth=16, estimator__min_samples_split=5, estimator__n_estimators=50; total time=   0.0s
[CV] END estimator__criterion=squared_error, estimator__max_depth=16, estimator__min_samples_split=5, estimator__n_estimators=50; total time=   0.0s
[CV] END estimator__criterion=absolute_error, estimator__max_depth=12, estimator__min_samples_split=2, estimator__n_estimators=80; total time=   0.2s
[CV] END estimator__criterion=absolute_error, estimator__max_depth=12, estimator__min_samples_split=2, estimator__n_estimators=80; total time=   0.2s
[CV] END estimator__criterion=absolute_error, estimator__max_depth=12, estimator__min_samples_split=2, estimator__n_estimators=80; total time=   0.2s
[CV] END estimator__criterion=absolute_error, estimator__max_depth=12, estimator__min_samples_split=2, estimator__n_estimators=80; total time=   0.2s
[CV] END estimator__criterion=absolute_error, estimator__max_depth=13, estimator__min_samples_split=3, estimator__n_estimators=60; total time=   0.1s
[CV] END estimator__criterion=absolute_error, estimator__max_depth=13, estimator__min_samples_split=3, estimator__n_estimators=60; total time=   0.1s
[CV] END estimator__criterion=absolute_error, estimator__max_depth=13, estimator__min_samples_split=3, estimator__n_estimators=60; total time=   0.1s
[CV] END estimator__criterion=absolute_error, estimator__max_depth=13, estimator__min_samples_split=3, estimator__n_estimators=60; total time=   0.1s
[CV] END estimator__criterion=absolute_error, estimator__max_depth=13, estimator__min_samples_split=6, estimator__n_estimators=80; total time=   0.2s
[CV] END estimator__criterion=absolute_error, estimator__max_depth=13, estimator__min_samples_split=6, estimator__n_estimators=80; total time=   0.2s
[CV] END estimator__criterion=absolute_error, estimator__max_depth=13, estimator__min_samples_split=6, estimator__n_estimators=90; total time=   0.2s
[CV] END estimator__criterion=absolute_error, estimator__max_depth=13, estimator__min_samples_split=6, estimator__n_estimators=90; total time=   0.2s
[CV] END estimator__criterion=absolute_error, estimator__max_depth=14, estimator__min_samples_split=6, estimator__n_estimators=70; total time=   0.1s
[CV] END estimator__criterion=absolute_error, estimator__max_depth=14, estimator__min_samples_split=6, estimator__n_estimators=70; total time=   0.1s
[CV] END estimator__criterion=absolute_error, estimator__max_depth=14, estimator__min_samples_split=6, estimator__n_estimators=80; total time=   0.2s
[CV] END estimator__criterion=absolute_error, estimator__max_depth=14, estimator__min_samples_split=6, estimator__n_estimators=80; total time=   0.2s
[CV] END estimator__criterion=absolute_error, estimator__max_depth=15, estimator__min_samples_split=5, estimator__n_estimators=60; total time=   0.1s
[CV] END estimator__criterion=absolute_error, estimator__max_depth=15, estimator__min_samples_split=5, estimator__n_estimators=70; total time=   0.2s
[CV] END estimator__criterion=absolute_error, estimator__max_depth=15, estimator__min_samples_split=5, estimator__n_estimators=70; total time=   0.1s
[CV] END estimator__criterion=absolute_error, estimator__max_depth=15, estimator__min_samples_split=5, estimator__n_estimators=70; total time=   0.1s
[CV] END estimator__criterion=absolute_error, estimator__max_depth=16, estimator__min_samples_split=3, estimator__n_estimators=90; total time=   0.3s
[CV] END estimator__criterion=absolute_error, estimator__max_depth=16, estimator__min_samples_split=3, estimator__n_estimators=90; total time=   0.2s
[CV] END estimator__criterion=absolute_error, estimator__max_depth=16, estimator__min_samples_split=3, estimator__n_estimators=90; total time=   0.2s
[CV] END estimator__criterion=absolute_error, estimator__max_depth=16, estimator__min_samples_split=4, estimator__n_estimators=50; total time=   0.1s
[CV] END estimator__criterion=absolute_error, estimator__max_depth=16, estimator__min_samples_split=5, estimator__n_estimators=60; total time=   0.1s
[CV] END estimator__criterion=absolute_error, estimator__max_depth=16, estimator__min_samples_split=5, estimator__n_estimators=60; total time=   0.1s
[CV] END estimator__criterion=absolute_error, estimator__max_depth=16, estimator__min_samples_split=5, estimator__n_estimators=60; total time=   0.1s
[CV] END estimator__criterion=squared_error, estimator__max_depth=12, estimator__min_samples_split=2, estimator__n_estimators=50; total time=   0.0s
[CV] END estimator__criterion=squared_error, estimator__max_depth=12, estimator__min_samples_split=5, estimator__n_estimators=70; total time=   0.0s
[CV] END estimator__criterion=squared_error, estimator__max_depth=12, estimator__min_samples_split=6, estimator__n_estimators=70; total time=   0.0s
[CV] END estimator__criterion=squared_error, estimator__max_depth=13, estimator__min_samples_split=3, estimator__n_estimators=50; total time=   0.0s
[CV] END estimator__criterion=squared_error, estimator__max_depth=13, estimator__min_samples_split=3, estimator__n_estimators=60; total time=   0.0s
[CV] END estimator__criterion=squared_error, estimator__max_depth=13, estimator__min_samples_split=5, estimator__n_estimators=70; total time=   0.0s
[CV] END estimator__criterion=squared_error, estimator__max_depth=13, estimator__min_samples_split=5, estimator__n_estimators=70; total time=   0.0s
[CV] END estimator__criterion=squared_error, estimator__max_depth=13, estimator__min_samples_split=5, estimator__n_estimators=70; total time=   0.0s
[CV] END estimator__criterion=squared_error, estimator__max_depth=13, estimator__min_samples_split=5, estimator__n_estimators=80; total time=   0.0s
[CV] END estimator__criterion=squared_error, estimator__max_depth=14, estimator__min_samples_split=4, estimator__n_estimators=60; total time=   0.0s
[CV] END estimator__criterion=squared_error, estimator__max_depth=14, estimator__min_samples_split=4, estimator__n_estimators=60; total time=   0.0s
[CV] END estimator__criterion=squared_error, estimator__max_depth=14, estimator__min_samples_split=4, estimator__n_estimators=70; total time=   0.0s
[CV] END estimator__criterion=squared_error, estimator__max_depth=14, estimator__min_samples_split=4, estimator__n_estimators=70; total time=   0.0s
[CV] END estimator__criterion=squared_error, estimator__max_depth=15, estimator__min_samples_split=2, estimator__n_estimators=70; total time=   0.0s
[CV] END estimator__criterion=squared_error, estimator__max_depth=15, estimator__min_samples_split=2, estimator__n_estimators=70; total time=   0.0s
[CV] END estimator__criterion=squared_error, estimator__max_depth=15, estimator__min_samples_split=2, estimator__n_estimators=80; total time=   0.0s
[CV] END estimator__criterion=squared_error, estimator__max_depth=15, estimator__min_samples_split=2, estimator__n_estimators=80; total time=   0.0s
[CV] END estimator__criterion=squared_error, estimator__max_depth=15, estimator__min_samples_split=6, estimator__n_estimators=90; total time=   0.0s
[CV] END estimator__criterion=squared_error, estimator__max_depth=15, estimator__min_samples_split=6, estimator__n_estimators=90; total time=   0.0s
[CV] END estimator__criterion=squared_error, estimator__max_depth=15, estimator__min_samples_split=6, estimator__n_estimators=90; total time=   0.0s
[CV] END estimator__criterion=squared_error, estimator__max_depth=15, estimator__min_samples_split=6, estimator__n_estimators=90; total time=   0.0s
[CV] END estimator__criterion=squared_error, estimator__max_depth=16, estimator__min_samples_split=6, estimator__n_estimators=60; total time=   0.0s
[CV] END estimator__criterion=squared_error, estimator__max_depth=16, estimator__min_samples_split=6, estimator__n_estimators=60; total time=   0.0s
[CV] END estimator__criterion=squared_error, estimator__max_depth=16, estimator__min_samples_split=6, estimator__n_estimators=70; total time=   0.0s
[CV] END estimator__criterion=squared_error, estimator__max_depth=16, estimator__min_samples_split=6, estimator__n_estimators=70; total time=   0.0s
[CV] END estimator__criterion=absolute_error, estimator__max_depth=12, estimator__min_samples_split=4, estimator__n_estimators=90; total time=   0.2s
[CV] END estimator__criterion=absolute_error, estimator__max_depth=12, estimator__min_samples_split=4, estimator__n_estimators=90; total time=   0.2s
[CV] END estimator__criterion=absolute_error, estimator__max_depth=12, estimator__min_samples_split=4, estimator__n_estimators=90; total time=   0.2s
[CV] END estimator__criterion=absolute_error, estimator__max_depth=12, estimator__min_samples_split=4, estimator__n_estimators=90; total time=   0.2s
[CV] END estimator__criterion=absolute_error, estimator__max_depth=13, estimator__min_samples_split=4, estimator__n_estimators=50; total time=   0.1s
[CV] END estimator__criterion=absolute_error, estimator__max_depth=13, estimator__min_samples_split=4, estimator__n_estimators=60; total time=   0.1s
[CV] END estimator__criterion=absolute_error, estimator__max_depth=13, estimator__min_samples_split=4, estimator__n_estimators=60; total time=   0.1s
[CV] END estimator__criterion=absolute_error, estimator__max_depth=13, estimator__min_samples_split=4, estimator__n_estimators=60; total time=   0.1s
[CV] END estimator__criterion=absolute_error, estimator__max_depth=13, estimator__min_samples_split=6, estimator__n_estimators=90; total time=   0.2s
[CV] END estimator__criterion=absolute_error, estimator__max_depth=13, estimator__min_samples_split=6, estimator__n_estimators=90; total time=   0.2s
[CV] END estimator__criterion=absolute_error, estimator__max_depth=13, estimator__min_samples_split=6, estimator__n_estimators=90; total time=   0.2s
[CV] END estimator__criterion=absolute_error, estimator__max_depth=14, estimator__min_samples_split=2, estimator__n_estimators=50; total time=   0.1s
[CV] END estimator__criterion=absolute_error, estimator__max_depth=14, estimator__min_samples_split=6, estimator__n_estimators=60; total time=   0.1s
[CV] END estimator__criterion=absolute_error, estimator__max_depth=14, estimator__min_samples_split=6, estimator__n_estimators=60; total time=   0.1s
[CV] END estimator__criterion=absolute_error, estimator__max_depth=14, estimator__min_samples_split=6, estimator__n_estimators=60; total time=   0.1s
[CV] END estimator__criterion=absolute_error, estimator__max_depth=14, estimator__min_samples_split=6, estimator__n_estimators=60; total time=   0.1s
[CV] END estimator__criterion=absolute_error, estimator__max_depth=15, estimator__min_samples_split=4, estimator__n_estimators=70; total time=   0.1s
[CV] END estimator__criterion=absolute_error, estimator__max_depth=15, estimator__min_samples_split=4, estimator__n_estimators=70; total time=   0.2s
[CV] END estimator__criterion=absolute_error, estimator__max_depth=15, estimator__min_samples_split=4, estimator__n_estimators=70; total time=   0.1s
[CV] END estimator__criterion=absolute_error, estimator__max_depth=15, estimator__min_samples_split=4, estimator__n_estimators=70; total time=   0.1s
[CV] END estimator__criterion=absolute_error, estimator__max_depth=16, estimator__min_samples_split=3, estimator__n_estimators=60; total time=   0.2s
[CV] END estimator__criterion=absolute_error, estimator__max_depth=16, estimator__min_samples_split=3, estimator__n_estimators=60; total time=   0.1s
[CV] END estimator__criterion=absolute_error, estimator__max_depth=16, estimator__min_samples_split=3, estimator__n_estimators=60; total time=   0.1s
[CV] END estimator__criterion=absolute_error, estimator__max_depth=16, estimator__min_samples_split=3, estimator__n_estimators=60; total time=   0.1s
[CV] END estimator__criterion=absolute_error, estimator__max_depth=16, estimator__min_samples_split=6, estimator__n_estimators=50; total time=   0.1s
[CV] END estimator__criterion=absolute_error, estimator__max_depth=16, estimator__min_samples_split=6, estimator__n_estimators=70; total time=   0.1s
[CV] END estimator__criterion=squared_error, estimator__max_depth=12, estimator__min_samples_split=2, estimator__n_estimators=60; total time=   0.0s
[CV] END estimator__criterion=squared_error, estimator__max_depth=12, estimator__min_samples_split=5, estimator__n_estimators=90; total time=   0.0s
[CV] END estimator__criterion=squared_error, estimator__max_depth=13, estimator__min_samples_split=2, estimator__n_estimators=50; total time=   0.0s
[CV] END estimator__criterion=squared_error, estimator__max_depth=13, estimator__min_samples_split=2, estimator__n_estimators=50; total time=   0.0s
[CV] END estimator__criterion=squared_error, estimator__max_depth=13, estimator__min_samples_split=3, estimator__n_estimators=80; total time=   0.0s
[CV] END estimator__criterion=squared_error, estimator__max_depth=13, estimator__min_samples_split=3, estimator__n_estimators=80; total time=   0.0s
[CV] END estimator__criterion=squared_error, estimator__max_depth=13, estimator__min_samples_split=3, estimator__n_estimators=90; total time=   0.0s
[CV] END estimator__criterion=squared_error, estimator__max_depth=13, estimator__min_samples_split=3, estimator__n_estimators=90; total time=   0.1s
[CV] END estimator__criterion=squared_error, estimator__max_depth=14, estimator__min_samples_split=5, estimator__n_estimators=70; total time=   0.0s
[CV] END estimator__criterion=squared_error, estimator__max_depth=14, estimator__min_samples_split=5, estimator__n_estimators=70; total time=   0.0s
[CV] END estimator__criterion=squared_error, estimator__max_depth=14, estimator__min_samples_split=5, estimator__n_estimators=70; total time=   0.0s
[CV] END estimator__criterion=squared_error, estimator__max_depth=14, estimator__min_samples_split=5, estimator__n_estimators=70; total time=   0.0s
[CV] END estimator__criterion=squared_error, estimator__max_depth=15, estimator__min_samples_split=4, estimator__n_estimators=60; total time=   0.0s
[CV] END estimator__criterion=squared_error, estimator__max_depth=15, estimator__min_samples_split=4, estimator__n_estimators=60; total time=   0.0s
[CV] END estimator__criterion=squared_error, estimator__max_depth=15, estimator__min_samples_split=4, estimator__n_estimators=60; total time=   0.0s
[CV] END estimator__criterion=squared_error, estimator__max_depth=15, estimator__min_samples_split=4, estimator__n_estimators=70; total time=   0.0s
[CV] END estimator__criterion=squared_error, estimator__max_depth=16, estimator__min_samples_split=2, estimator__n_estimators=80; total time=   0.0s
[CV] END estimator__criterion=squared_error, estimator__max_depth=16, estimator__min_samples_split=2, estimator__n_estimators=80; total time=   0.0s
[CV] END estimator__criterion=squared_error, estimator__max_depth=16, estimator__min_samples_split=2, estimator__n_estimators=80; total time=   0.0s
[CV] END estimator__criterion=squared_error, estimator__max_depth=16, estimator__min_samples_split=2, estimator__n_estimators=80; total time=   0.0s
[CV] END estimator__criterion=absolute_error, estimator__max_depth=12, estimator__min_samples_split=2, estimator__n_estimators=70; total time=   0.2s
[CV] END estimator__criterion=absolute_error, estimator__max_depth=12, estimator__min_samples_split=2, estimator__n_estimators=70; total time=   0.2s
[CV] END estimator__criterion=absolute_error, estimator__max_depth=12, estimator__min_samples_split=2, estimator__n_estimators=70; total time=   0.1s
[CV] END estimator__criterion=absolute_error, estimator__max_depth=12, estimator__min_samples_split=2, estimator__n_estimators=70; total time=   0.1s
[CV] END estimator__criterion=absolute_error, estimator__max_depth=13, estimator__min_samples_split=2, estimator__n_estimators=60; total time=   0.1s
[CV] END estimator__criterion=absolute_error, estimator__max_depth=13, estimator__min_samples_split=2, estimator__n_estimators=60; total time=   0.1s
[CV] END estimator__criterion=absolute_error, estimator__max_depth=13, estimator__min_samples_split=2, estimator__n_estimators=60; total time=   0.1s
[CV] END estimator__criterion=absolute_error, estimator__max_depth=13, estimator__min_samples_split=2, estimator__n_estimators=60; total time=   0.2s
[CV] END estimator__criterion=absolute_error, estimator__max_depth=13, estimator__min_samples_split=5, estimator__n_estimators=80; total time=   0.2s
[CV] END estimator__criterion=absolute_error, estimator__max_depth=13, estimator__min_samples_split=5, estimator__n_estimators=90; total time=   0.2s
[CV] END estimator__criterion=absolute_error, estimator__max_depth=13, estimator__min_samples_split=5, estimator__n_estimators=90; total time=   0.2s
[CV] END estimator__criterion=absolute_error, estimator__max_depth=13, estimator__min_samples_split=5, estimator__n_estimators=90; total time=   0.2s
[CV] END estimator__criterion=absolute_error, estimator__max_depth=14, estimator__min_samples_split=5, estimator__n_estimators=60; total time=   0.1s
[CV] END estimator__criterion=absolute_error, estimator__max_depth=14, estimator__min_samples_split=5, estimator__n_estimators=60; total time=   0.1s
[CV] END estimator__criterion=absolute_error, estimator__max_depth=14, estimator__min_samples_split=5, estimator__n_estimators=60; total time=   0.1s
[CV] END estimator__criterion=absolute_error, estimator__max_depth=14, estimator__min_samples_split=5, estimator__n_estimators=60; total time=   0.1s
[CV] END estimator__criterion=absolute_error, estimator__max_depth=15, estimator__min_samples_split=3, estimator__n_estimators=80; total time=   0.2s
[CV] END estimator__criterion=absolute_error, estimator__max_depth=15, estimator__min_samples_split=3, estimator__n_estimators=90; total time=   0.2s
[CV] END estimator__criterion=absolute_error, estimator__max_depth=15, estimator__min_samples_split=3, estimator__n_estimators=90; total time=   0.2s
[CV] END estimator__criterion=absolute_error, estimator__max_depth=15, estimator__min_samples_split=3, estimator__n_estimators=90; total time=   0.2s
[CV] END estimator__criterion=absolute_error, estimator__max_depth=16, estimator__min_samples_split=3, estimator__n_estimators=70; total time=   0.1s
[CV] END estimator__criterion=absolute_error, estimator__max_depth=16, estimator__min_samples_split=3, estimator__n_estimators=80; total time=   0.2s
[CV] END estimator__criterion=absolute_error, estimator__max_depth=16, estimator__min_samples_split=3, estimator__n_estimators=80; total time=   0.2s
[CV] END estimator__criterion=absolute_error, estimator__max_depth=16, estimator__min_samples_split=3, estimator__n_estimators=80; total time=   0.2s
[CV] END estimator__criterion=absolute_error, estimator__max_depth=16, estimator__min_samples_split=6, estimator__n_estimators=80; total time=   0.1s
[CV] END estimator__criterion=absolute_error, estimator__max_depth=15, estimator__min_samples_split=5, estimator__n_estimators=80; total time=   0.2s
[CV] END estimator__criterion=absolute_error, estimator__max_depth=15, estimator__min_samples_split=5, estimator__n_estimators=80; total time=   0.2s
[CV] END estimator__criterion=absolute_error, estimator__max_depth=16, estimator__min_samples_split=4, estimator__n_estimators=60; total time=   0.1s
[CV] END estimator__criterion=absolute_error, estimator__max_depth=16, estimator__min_samples_split=4, estimator__n_estimators=60; total time=   0.1s
[CV] END estimator__criterion=absolute_error, estimator__max_depth=16, estimator__min_samples_split=4, estimator__n_estimators=60; total time=   0.1s
[CV] END estimator__criterion=absolute_error, estimator__max_depth=16, estimator__min_samples_split=4, estimator__n_estimators=60; total time=   0.1s
[CV] END estimator__criterion=absolute_error, estimator__max_depth=16, estimator__min_samples_split=6, estimator__n_estimators=70; total time=   0.1s
[CV] END estimator__criterion=squared_error, estimator__max_depth=12, estimator__min_samples_split=2, estimator__n_estimators=90; total time=   0.1s
[CV] END estimator__criterion=squared_error, estimator__max_depth=12, estimator__min_samples_split=6, estimator__n_estimators=50; total time=   0.0s
[CV] END estimator__criterion=squared_error, estimator__max_depth=12, estimator__min_samples_split=6, estimator__n_estimators=90; total time=   0.0s
[CV] END estimator__criterion=squared_error, estimator__max_depth=13, estimator__min_samples_split=2, estimator__n_estimators=50; total time=   0.0s
[CV] END estimator__criterion=squared_error, estimator__max_depth=13, estimator__min_samples_split=4, estimator__n_estimators=60; total time=   0.0s
[CV] END estimator__criterion=squared_error, estimator__max_depth=13, estimator__min_samples_split=4, estimator__n_estimators=60; total time=   0.0s
[CV] END estimator__criterion=squared_error, estimator__max_depth=13, estimator__min_samples_split=4, estimator__n_estimators=60; total time=   0.0s
[CV] END estimator__criterion=squared_error, estimator__max_depth=13, estimator__min_samples_split=4, estimator__n_estimators=60; total time=   0.0s
[CV] END estimator__criterion=squared_error, estimator__max_depth=14, estimator__min_samples_split=2, estimator__n_estimators=80; total time=   0.0s
[CV] END estimator__criterion=squared_error, estimator__max_depth=14, estimator__min_samples_split=2, estimator__n_estimators=80; total time=   0.0s
[CV] END estimator__criterion=squared_error, estimator__max_depth=14, estimator__min_samples_split=2, estimator__n_estimators=90; total time=   0.1s
[CV] END estimator__criterion=squared_error, estimator__max_depth=14, estimator__min_samples_split=2, estimator__n_estimators=90; total time=   0.0s
[CV] END estimator__criterion=squared_error, estimator__max_depth=15, estimator__min_samples_split=3, estimator__n_estimators=80; total time=   0.0s
[CV] END estimator__criterion=squared_error, estimator__max_depth=15, estimator__min_samples_split=3, estimator__n_estimators=80; total time=   0.0s
[CV] END estimator__criterion=squared_error, estimator__max_depth=15, estimator__min_samples_split=3, estimator__n_estimators=80; total time=   0.0s
[CV] END estimator__criterion=squared_error, estimator__max_depth=15, estimator__min_samples_split=3, estimator__n_estimators=80; total time=   0.0s
[CV] END estimator__criterion=squared_error, estimator__max_depth=16, estimator__min_samples_split=3, estimator__n_estimators=70; total time=   0.0s
[CV] END estimator__criterion=squared_error, estimator__max_depth=16, estimator__min_samples_split=3, estimator__n_estimators=70; total time=   0.0s
[CV] END estimator__criterion=squared_error, estimator__max_depth=16, estimator__min_samples_split=3, estimator__n_estimators=70; total time=   0.0s
[CV] END estimator__criterion=squared_error, estimator__max_depth=16, estimator__min_samples_split=3, estimator__n_estimators=70; total time=   0.0s
[CV] END estimator__criterion=absolute_error, estimator__max_depth=12, estimator__min_samples_split=2, estimator__n_estimators=60; total time=   0.1s
[CV] END estimator__criterion=absolute_error, estimator__max_depth=12, estimator__min_samples_split=2, estimator__n_estimators=60; total time=   0.2s
[CV] END estimator__criterion=absolute_error, estimator__max_depth=12, estimator__min_samples_split=2, estimator__n_estimators=60; total time=   0.1s
[CV] END estimator__criterion=absolute_error, estimator__max_depth=12, estimator__min_samples_split=2, estimator__n_estimators=70; total time=   0.1s
[CV] END estimator__criterion=absolute_error, estimator__max_depth=12, estimator__min_samples_split=6, estimator__n_estimators=80; total time=   0.2s
[CV] END estimator__criterion=absolute_error, estimator__max_depth=12, estimator__min_samples_split=6, estimator__n_estimators=80; total time=   0.2s
[CV] END estimator__criterion=absolute_error, estimator__max_depth=12, estimator__min_samples_split=6, estimator__n_estimators=80; total time=   0.1s
[CV] END estimator__criterion=absolute_error, estimator__max_depth=12, estimator__min_samples_split=6, estimator__n_estimators=80; total time=   0.2s
[CV] END estimator__criterion=absolute_error, estimator__max_depth=13, estimator__min_samples_split=5, estimator__n_estimators=70; total time=   0.1s
[CV] END estimator__criterion=absolute_error, estimator__max_depth=13, estimator__min_samples_split=5, estimator__n_estimators=70; total time=   0.1s
[CV] END estimator__criterion=absolute_error, estimator__max_depth=13, estimator__min_samples_split=5, estimator__n_estimators=70; total time=   0.2s
[CV] END estimator__criterion=absolute_error, estimator__max_depth=13, estimator__min_samples_split=5, estimator__n_estimators=70; total time=   0.1s
[CV] END estimator__criterion=absolute_error, estimator__max_depth=14, estimator__min_samples_split=4, estimator__n_estimators=70; total time=   0.2s
[CV] END estimator__criterion=absolute_error, estimator__max_depth=14, estimator__min_samples_split=4, estimator__n_estimators=70; total time=   0.2s
[CV] END estimator__criterion=absolute_error, estimator__max_depth=14, estimator__min_samples_split=4, estimator__n_estimators=70; total time=   0.1s
[CV] END estimator__criterion=absolute_error, estimator__max_depth=14, estimator__min_samples_split=4, estimator__n_estimators=70; total time=   0.1s
[CV] END estimator__criterion=absolute_error, estimator__max_depth=15, estimator__min_samples_split=3, estimator__n_estimators=50; total time=   0.1s
[CV] END estimator__criterion=absolute_error, estimator__max_depth=15, estimator__min_samples_split=3, estimator__n_estimators=50; total time=   0.1s
[CV] END estimator__criterion=absolute_error, estimator__max_depth=15, estimator__min_samples_split=3, estimator__n_estimators=60; total time=   0.1s
[CV] END estimator__criterion=absolute_error, estimator__max_depth=15, estimator__min_samples_split=3, estimator__n_estimators=60; total time=   0.1s
[CV] END estimator__criterion=absolute_error, estimator__max_depth=15, estimator__min_samples_split=6, estimator__n_estimators=60; total time=   0.1s
[CV] END estimator__criterion=absolute_error, estimator__max_depth=15, estimator__min_samples_split=6, estimator__n_estimators=60; total time=   0.1s
[CV] END estimator__criterion=absolute_error, estimator__max_depth=15, estimator__min_samples_split=6, estimator__n_estimators=70; total time=   0.1s
[CV] END estimator__criterion=absolute_error, estimator__max_depth=15, estimator__min_samples_split=6, estimator__n_estimators=70; total time=   0.1s
[CV] END estimator__criterion=absolute_error, estimator__max_depth=16, estimator__min_samples_split=5, estimator__n_estimators=50; total time=   0.1s
[CV] END estimator__criterion=absolute_error, estimator__max_depth=16, estimator__min_samples_split=5, estimator__n_estimators=50; total time=   0.1s
[CV] END estimator__criterion=absolute_error, estimator__max_depth=16, estimator__min_samples_split=5, estimator__n_estimators=50; total time=   0.1s
[CV] END estimator__criterion=absolute_error, estimator__max_depth=16, estimator__min_samples_split=5, estimator__n_estimators=50; total time=   0.1s
[CV] END estimator__criterion=absolute_error, estimator__max_depth=16, estimator__min_samples_split=6, estimator__n_estimators=80; total time=   0.2s
[CV] END estimator__criterion=squared_error, estimator__max_depth=12, estimator__min_samples_split=2, estimator__n_estimators=60; total time=   0.0s
[CV] END estimator__criterion=squared_error, estimator__max_depth=12, estimator__min_samples_split=4, estimator__n_estimators=90; total time=   0.0s
[CV] END estimator__criterion=squared_error, estimator__max_depth=12, estimator__min_samples_split=5, estimator__n_estimators=60; total time=   0.0s
[CV] END estimator__criterion=squared_error, estimator__max_depth=12, estimator__min_samples_split=6, estimator__n_estimators=60; total time=   0.0s
[CV] END estimator__criterion=squared_error, estimator__max_depth=13, estimator__min_samples_split=2, estimator__n_estimators=70; total time=   0.0s
[CV] END estimator__criterion=squared_error, estimator__max_depth=13, estimator__min_samples_split=2, estimator__n_estimators=70; total time=   0.0s
[CV] END estimator__criterion=squared_error, estimator__max_depth=13, estimator__min_samples_split=5, estimator__n_estimators=90; total time=   0.0s
[CV] END estimator__criterion=squared_error, estimator__max_depth=13, estimator__min_samples_split=6, estimator__n_estimators=50; total time=   0.0s
[CV] END estimator__criterion=squared_error, estimator__max_depth=13, estimator__min_samples_split=6, estimator__n_estimators=50; total time=   0.0s
[CV] END estimator__criterion=squared_error, estimator__max_depth=13, estimator__min_samples_split=6, estimator__n_estimators=50; total time=   0.0s
[CV] END estimator__criterion=squared_error, estimator__max_depth=14, estimator__min_samples_split=3, estimator__n_estimators=70; total time=   0.0s
[CV] END estimator__criterion=squared_error, estimator__max_depth=14, estimator__min_samples_split=3, estimator__n_estimators=70; total time=   0.0s
[CV] END estimator__criterion=squared_error, estimator__max_depth=14, estimator__min_samples_split=3, estimator__n_estimators=80; total time=   0.0s
[CV] END estimator__criterion=squared_error, estimator__max_depth=14, estimator__min_samples_split=3, estimator__n_estimators=80; total time=   0.0s
[CV] END estimator__criterion=squared_error, estimator__max_depth=15, estimator__min_samples_split=2, estimator__n_estimators=80; total time=   0.0s
[CV] END estimator__criterion=squared_error, estimator__max_depth=15, estimator__min_samples_split=2, estimator__n_estimators=80; total time=   0.0s
[CV] END estimator__criterion=squared_error, estimator__max_depth=15, estimator__min_samples_split=2, estimator__n_estimators=80; total time=   0.0s
[CV] END estimator__criterion=squared_error, estimator__max_depth=15, estimator__min_samples_split=2, estimator__n_estimators=90; total time=   0.0s
[CV] END estimator__criterion=squared_error, estimator__max_depth=16, estimator__min_samples_split=2, estimator__n_estimators=60; total time=   0.0s
[CV] END estimator__criterion=squared_error, estimator__max_depth=16, estimator__min_samples_split=2, estimator__n_estimators=60; total time=   0.0s
[CV] END estimator__criterion=squared_error, estimator__max_depth=16, estimator__min_samples_split=2, estimator__n_estimators=70; total time=   0.0s
[CV] END estimator__criterion=squared_error, estimator__max_depth=16, estimator__min_samples_split=2, estimator__n_estimators=70; total time=   0.0s
[CV] END estimator__criterion=squared_error, estimator__max_depth=16, estimator__min_samples_split=6, estimator__n_estimators=80; total time=   0.0s
[CV] END estimator__criterion=squared_error, estimator__max_depth=16, estimator__min_samples_split=6, estimator__n_estimators=80; total time=   0.0s
[CV] END estimator__criterion=squared_error, estimator__max_depth=16, estimator__min_samples_split=6, estimator__n_estimators=80; total time=   0.0s
[CV] END estimator__criterion=squared_error, estimator__max_depth=16, estimator__min_samples_split=6, estimator__n_estimators=80; total time=   0.0s
[CV] END estimator__criterion=absolute_error, estimator__max_depth=12, estimator__min_samples_split=5, estimator__n_estimators=60; total time=   0.1s
[CV] END estimator__criterion=absolute_error, estimator__max_depth=12, estimator__min_samples_split=5, estimator__n_estimators=60; total time=   0.1s
[CV] END estimator__criterion=absolute_error, estimator__max_depth=12, estimator__min_samples_split=5, estimator__n_estimators=70; total time=   0.2s
[CV] END estimator__criterion=absolute_error, estimator__max_depth=12, estimator__min_samples_split=5, estimator__n_estimators=70; total time=   0.2s
[CV] END estimator__criterion=absolute_error, estimator__max_depth=13, estimator__min_samples_split=3, estimator__n_estimators=70; total time=   0.1s
[CV] END estimator__criterion=absolute_error, estimator__max_depth=13, estimator__min_samples_split=3, estimator__n_estimators=70; total time=   0.2s
[CV] END estimator__criterion=absolute_error, estimator__max_depth=13, estimator__min_samples_split=3, estimator__n_estimators=80; total time=   0.2s
[CV] END estimator__criterion=absolute_error, estimator__max_depth=13, estimator__min_samples_split=3, estimator__n_estimators=80; total time=   0.2s
[CV] END estimator__criterion=absolute_error, estimator__max_depth=14, estimator__min_samples_split=3, estimator__n_estimators=50; total time=   0.1s
[CV] END estimator__criterion=absolute_error, estimator__max_depth=14, estimator__min_samples_split=3, estimator__n_estimators=50; total time=   0.1s
[CV] END estimator__criterion=absolute_error, estimator__max_depth=14, estimator__min_samples_split=3, estimator__n_estimators=50; total time=   0.1s
[CV] END estimator__criterion=absolute_error, estimator__max_depth=14, estimator__min_samples_split=3, estimator__n_estimators=50; total time=   0.1s
[CV] END estimator__criterion=absolute_error, estimator__max_depth=14, estimator__min_samples_split=5, estimator__n_estimators=70; total time=   0.1s
[CV] END estimator__criterion=absolute_error, estimator__max_depth=14, estimator__min_samples_split=5, estimator__n_estimators=80; total time=   0.2s
[CV] END estimator__criterion=absolute_error, estimator__max_depth=14, estimator__min_samples_split=5, estimator__n_estimators=80; total time=   0.2s
[CV] END estimator__criterion=absolute_error, estimator__max_depth=14, estimator__min_samples_split=5, estimator__n_estimators=80; total time=   0.2s
[CV] END estimator__criterion=absolute_error, estimator__max_depth=15, estimator__min_samples_split=5, estimator__n_estimators=50; total time=   0.1s
[CV] END estimator__criterion=absolute_error, estimator__max_depth=15, estimator__min_samples_split=5, estimator__n_estimators=50; total time=   0.1s
[CV] END estimator__criterion=absolute_error, estimator__max_depth=15, estimator__min_samples_split=5, estimator__n_estimators=50; total time=   0.1s
[CV] END estimator__criterion=absolute_error, estimator__max_depth=15, estimator__min_samples_split=5, estimator__n_estimators=50; total time=   0.1s
[CV] END estimator__criterion=absolute_error, estimator__max_depth=16, estimator__min_samples_split=2, estimator__n_estimators=60; total time=   0.2s
[CV] END estimator__criterion=absolute_error, estimator__max_depth=16, estimator__min_samples_split=2, estimator__n_estimators=60; total time=   0.1s
[CV] END estimator__criterion=absolute_error, estimator__max_depth=16, estimator__min_samples_split=2, estimator__n_estimators=60; total time=   0.1s
[CV] END estimator__criterion=absolute_error, estimator__max_depth=16, estimator__min_samples_split=2, estimator__n_estimators=70; total time=   0.2s
[CV] END estimator__criterion=absolute_error, estimator__max_depth=16, estimator__min_samples_split=6, estimator__n_estimators=50; total time=   0.1s
[CV] END estimator__criterion=absolute_error, estimator__max_depth=16, estimator__min_samples_split=6, estimator__n_estimators=50; total time=   0.1s
[CV] END estimator__criterion=absolute_error, estimator__max_depth=16, estimator__min_samples_split=6, estimator__n_estimators=70; total time=   0.2s
[CV] END estimator__criterion=squared_error, estimator__max_depth=12, estimator__min_samples_split=2, estimator__n_estimators=70; total time=   0.0s
[CV] END estimator__criterion=squared_error, estimator__max_depth=12, estimator__min_samples_split=5, estimator__n_estimators=80; total time=   0.0s
[CV] END estimator__criterion=squared_error, estimator__max_depth=12, estimator__min_samples_split=6, estimator__n_estimators=80; total time=   0.0s
[CV] END estimator__criterion=squared_error, estimator__max_depth=13, estimator__min_samples_split=3, estimator__n_estimators=60; total time=   0.0s
[CV] END estimator__criterion=squared_error, estimator__max_depth=13, estimator__min_samples_split=3, estimator__n_estimators=60; total time=   0.0s
[CV] END estimator__criterion=squared_error, estimator__max_depth=13, estimator__min_samples_split=5, estimator__n_estimators=80; total time=   0.0s
[CV] END estimator__criterion=squared_error, estimator__max_depth=13, estimator__min_samples_split=5, estimator__n_estimators=80; total time=   0.0s
[CV] END estimator__criterion=squared_error, estimator__max_depth=13, estimator__min_samples_split=5, estimator__n_estimators=80; total time=   0.0s
[CV] END estimator__criterion=squared_error, estimator__max_depth=13, estimator__min_samples_split=5, estimator__n_estimators=80; total time=   0.0s
[CV] END estimator__criterion=squared_error, estimator__max_depth=14, estimator__min_samples_split=5, estimator__n_estimators=80; total time=   0.0s
[CV] END estimator__criterion=squared_error, estimator__max_depth=14, estimator__min_samples_split=5, estimator__n_estimators=80; total time=   0.0s
[CV] END estimator__criterion=squared_error, estimator__max_depth=14, estimator__min_samples_split=5, estimator__n_estimators=80; total time=   0.0s
[CV] END estimator__criterion=squared_error, estimator__max_depth=14, estimator__min_samples_split=5, estimator__n_estimators=80; total time=   0.0s
[CV] END estimator__criterion=squared_error, estimator__max_depth=15, estimator__min_samples_split=4, estimator__n_estimators=80; total time=   0.0s
[CV] END estimator__criterion=squared_error, estimator__max_depth=15, estimator__min_samples_split=4, estimator__n_estimators=90; total time=   0.0s
[CV] END estimator__criterion=squared_error, estimator__max_depth=15, estimator__min_samples_split=4, estimator__n_estimators=90; total time=   0.0s
[CV] END estimator__criterion=squared_error, estimator__max_depth=15, estimator__min_samples_split=4, estimator__n_estimators=90; total time=   0.0s
[CV] END estimator__criterion=squared_error, estimator__max_depth=16, estimator__min_samples_split=4, estimator__n_estimators=50; total time=   0.0s
[CV] END estimator__criterion=squared_error, estimator__max_depth=16, estimator__min_samples_split=4, estimator__n_estimators=50; total time=   0.0s
[CV] END estimator__criterion=squared_error, estimator__max_depth=16, estimator__min_samples_split=4, estimator__n_estimators=50; total time=   0.0s
[CV] END estimator__criterion=squared_error, estimator__max_depth=16, estimator__min_samples_split=4, estimator__n_estimators=60; total time=   0.0s
[CV] END estimator__criterion=squared_error, estimator__max_depth=16, estimator__min_samples_split=6, estimator__n_estimators=90; total time=   0.0s
[CV] END estimator__criterion=squared_error, estimator__max_depth=16, estimator__min_samples_split=6, estimator__n_estimators=90; total time=   0.0s
[CV] END estimator__criterion=squared_error, estimator__max_depth=16, estimator__min_samples_split=6, estimator__n_estimators=90; total time=   0.0s
[CV] END estimator__criterion=squared_error, estimator__max_depth=16, estimator__min_samples_split=6, estimator__n_estimators=90; total time=   0.0s
[CV] END estimator__criterion=absolute_error, estimator__max_depth=12, estimator__min_samples_split=5, estimator__n_estimators=80; total time=   0.2s
[CV] END estimator__criterion=absolute_error, estimator__max_depth=12, estimator__min_samples_split=5, estimator__n_estimators=80; total time=   0.2s
[CV] END estimator__criterion=absolute_error, estimator__max_depth=12, estimator__min_samples_split=5, estimator__n_estimators=80; total time=   0.2s
[CV] END estimator__criterion=absolute_error, estimator__max_depth=12, estimator__min_samples_split=5, estimator__n_estimators=80; total time=   0.2s
[CV] END estimator__criterion=absolute_error, estimator__max_depth=13, estimator__min_samples_split=4, estimator__n_estimators=60; total time=   0.1s
[CV] END estimator__criterion=absolute_error, estimator__max_depth=13, estimator__min_samples_split=4, estimator__n_estimators=60; total time=   0.1s
[CV] END estimator__criterion=absolute_error, estimator__max_depth=13, estimator__min_samples_split=4, estimator__n_estimators=70; total time=   0.1s
[CV] END estimator__criterion=absolute_error, estimator__max_depth=13, estimator__min_samples_split=4, estimator__n_estimators=70; total time=   0.1s
[CV] END estimator__criterion=absolute_error, estimator__max_depth=14, estimator__min_samples_split=2, estimator__n_estimators=70; total time=   0.2s
[CV] END estimator__criterion=absolute_error, estimator__max_depth=14, estimator__min_samples_split=2, estimator__n_estimators=70; total time=   0.1s
[CV] END estimator__criterion=absolute_error, estimator__max_depth=14, estimator__min_samples_split=2, estimator__n_estimators=80; total time=   0.2s
[CV] END estimator__criterion=absolute_error, estimator__max_depth=14, estimator__min_samples_split=2, estimator__n_estimators=80; total time=   0.2s
[CV] END estimator__criterion=absolute_error, estimator__max_depth=14, estimator__min_samples_split=6, estimator__n_estimators=80; total time=   0.2s
[CV] END estimator__criterion=absolute_error, estimator__max_depth=14, estimator__min_samples_split=6, estimator__n_estimators=80; total time=   0.1s
[CV] END estimator__criterion=absolute_error, estimator__max_depth=14, estimator__min_samples_split=6, estimator__n_estimators=80; total time=   0.2s
[CV] END estimator__criterion=absolute_error, estimator__max_depth=14, estimator__min_samples_split=6, estimator__n_estimators=90; total time=   0.2s
[CV] END estimator__criterion=absolute_error, estimator__max_depth=15, estimator__min_samples_split=5, estimator__n_estimators=90; total time=   0.2s
[CV] END estimator__criterion=absolute_error, estimator__max_depth=15, estimator__min_samples_split=5, estimator__n_estimators=90; total time=   0.2s
[CV] END estimator__criterion=absolute_error, estimator__max_depth=15, estimator__min_samples_split=5, estimator__n_estimators=90; total time=   0.2s
[CV] END estimator__criterion=absolute_error, estimator__max_depth=15, estimator__min_samples_split=5, estimator__n_estimators=90; total time=   0.2s
[CV] END estimator__criterion=absolute_error, estimator__max_depth=16, estimator__min_samples_split=5, estimator__n_estimators=60; total time=   0.1s
[CV] END estimator__criterion=absolute_error, estimator__max_depth=16, estimator__min_samples_split=5, estimator__n_estimators=60; total time=   0.1s
[CV] END estimator__criterion=absolute_error, estimator__max_depth=16, estimator__min_samples_split=5, estimator__n_estimators=70; total time=   0.1s
[CV] END estimator__criterion=absolute_error, estimator__max_depth=16, estimator__min_samples_split=5, estimator__n_estimators=70; total time=   0.1s
[CV] END estimator__criterion=squared_error, estimator__max_depth=12, estimator__min_samples_split=2, estimator__n_estimators=90; total time=   0.1s
[CV] END estimator__criterion=squared_error, estimator__max_depth=12, estimator__min_samples_split=6, estimator__n_estimators=50; total time=   0.0s
[CV] END estimator__criterion=squared_error, estimator__max_depth=12, estimator__min_samples_split=6, estimator__n_estimators=80; total time=   0.0s
[CV] END estimator__criterion=squared_error, estimator__max_depth=13, estimator__min_samples_split=3, estimator__n_estimators=70; total time=   0.0s
[CV] END estimator__criterion=squared_error, estimator__max_depth=13, estimator__min_samples_split=3, estimator__n_estimators=80; total time=   0.0s
[CV] END estimator__criterion=squared_error, estimator__max_depth=13, estimator__min_samples_split=6, estimator__n_estimators=90; total time=   0.0s
[CV] END estimator__criterion=squared_error, estimator__max_depth=13, estimator__min_samples_split=6, estimator__n_estimators=90; total time=   0.0s
[CV] END estimator__criterion=squared_error, estimator__max_depth=14, estimator__min_samples_split=2, estimator__n_estimators=50; total time=   0.0s
[CV] END estimator__criterion=squared_error, estimator__max_depth=14, estimator__min_samples_split=2, estimator__n_estimators=50; total time=   0.0s
[CV] END estimator__criterion=squared_error, estimator__max_depth=14, estimator__min_samples_split=6, estimator__n_estimators=50; total time=   0.0s
[CV] END estimator__criterion=squared_error, estimator__max_depth=14, estimator__min_samples_split=6, estimator__n_estimators=50; total time=   0.0s
[CV] END estimator__criterion=squared_error, estimator__max_depth=14, estimator__min_samples_split=6, estimator__n_estimators=50; total time=   0.0s
[CV] END estimator__criterion=squared_error, estimator__max_depth=14, estimator__min_samples_split=6, estimator__n_estimators=60; total time=   0.0s
[CV] END estimator__criterion=squared_error, estimator__max_depth=15, estimator__min_samples_split=3, estimator__n_estimators=60; total time=   0.0s
[CV] END estimator__criterion=squared_error, estimator__max_depth=15, estimator__min_samples_split=3, estimator__n_estimators=60; total time=   0.0s
[CV] END estimator__criterion=squared_error, estimator__max_depth=15, estimator__min_samples_split=3, estimator__n_estimators=70; total time=   0.0s
[CV] END estimator__criterion=squared_error, estimator__max_depth=15, estimator__min_samples_split=3, estimator__n_estimators=70; total time=   0.0s
[CV] END estimator__criterion=squared_error, estimator__max_depth=16, estimator__min_samples_split=2, estimator__n_estimators=50; total time=   0.0s
[CV] END estimator__criterion=squared_error, estimator__max_depth=16, estimator__min_samples_split=2, estimator__n_estimators=60; total time=   0.0s
[CV] END estimator__criterion=squared_error, estimator__max_depth=16, estimator__min_samples_split=2, estimator__n_estimators=60; total time=   0.0s
[CV] END estimator__criterion=squared_error, estimator__max_depth=16, estimator__min_samples_split=2, estimator__n_estimators=60; total time=   0.0s
[CV] END estimator__criterion=squared_error, estimator__max_depth=16, estimator__min_samples_split=5, estimator__n_estimators=80; total time=   0.0s
[CV] END estimator__criterion=squared_error, estimator__max_depth=16, estimator__min_samples_split=5, estimator__n_estimators=80; total time=   0.0s
[CV] END estimator__criterion=squared_error, estimator__max_depth=16, estimator__min_samples_split=5, estimator__n_estimators=80; total time=   0.0s
[CV] END estimator__criterion=squared_error, estimator__max_depth=16, estimator__min_samples_split=5, estimator__n_estimators=90; total time=   0.0s
[CV] END estimator__criterion=absolute_error, estimator__max_depth=12, estimator__min_samples_split=5, estimator__n_estimators=50; total time=   0.1s
[CV] END estimator__criterion=absolute_error, estimator__max_depth=12, estimator__min_samples_split=5, estimator__n_estimators=50; total time=   0.1s
[CV] END estimator__criterion=absolute_error, estimator__max_depth=12, estimator__min_samples_split=5, estimator__n_estimators=50; total time=   0.1s
[CV] END estimator__criterion=absolute_error, estimator__max_depth=12, estimator__min_samples_split=5, estimator__n_estimators=50; total time=   0.1s
[CV] END estimator__criterion=absolute_error, estimator__max_depth=12, estimator__min_samples_split=6, estimator__n_estimators=80; total time=   0.2s
[CV] END estimator__criterion=absolute_error, estimator__max_depth=12, estimator__min_samples_split=6, estimator__n_estimators=90; total time=   0.2s
[CV] END estimator__criterion=absolute_error, estimator__max_depth=12, estimator__min_samples_split=6, estimator__n_estimators=90; total time=   0.2s
[CV] END estimator__criterion=absolute_error, estimator__max_depth=12, estimator__min_samples_split=6, estimator__n_estimators=90; total time=   0.2s
[CV] END estimator__criterion=absolute_error, estimator__max_depth=13, estimator__min_samples_split=6, estimator__n_estimators=70; total time=   0.1s
[CV] END estimator__criterion=absolute_error, estimator__max_depth=13, estimator__min_samples_split=6, estimator__n_estimators=80; total time=   0.2s
[CV] END estimator__criterion=absolute_error, estimator__max_depth=13, estimator__min_samples_split=6, estimator__n_estimators=80; total time=   0.2s
[CV] END estimator__criterion=absolute_error, estimator__max_depth=13, estimator__min_samples_split=6, estimator__n_estimators=80; total time=   0.2s
[CV] END estimator__criterion=absolute_error, estimator__max_depth=14, estimator__min_samples_split=5, estimator__n_estimators=70; total time=   0.1s
[CV] END estimator__criterion=absolute_error, estimator__max_depth=14, estimator__min_samples_split=5, estimator__n_estimators=70; total time=   0.2s
[CV] END estimator__criterion=absolute_error, estimator__max_depth=14, estimator__min_samples_split=5, estimator__n_estimators=70; total time=   0.2s
[CV] END estimator__criterion=absolute_error, estimator__max_depth=14, estimator__min_samples_split=5, estimator__n_estimators=70; total time=   0.2s
[CV] END estimator__criterion=absolute_error, estimator__max_depth=15, estimator__min_samples_split=4, estimator__n_estimators=80; total time=   0.2s
[CV] END estimator__criterion=absolute_error, estimator__max_depth=15, estimator__min_samples_split=4, estimator__n_estimators=80; total time=   0.2s
[CV] END estimator__criterion=absolute_error, estimator__max_depth=15, estimator__min_samples_split=4, estimator__n_estimators=90; total time=   0.2s
[CV] END estimator__criterion=absolute_error, estimator__max_depth=15, estimator__min_samples_split=4, estimator__n_estimators=90; total time=   0.2s
[CV] END estimator__criterion=absolute_error, estimator__max_depth=16, estimator__min_samples_split=4, estimator__n_estimators=70; total time=   0.1s
[CV] END estimator__criterion=absolute_error, estimator__max_depth=16, estimator__min_samples_split=4, estimator__n_estimators=70; total time=   0.1s
[CV] END estimator__criterion=absolute_error, estimator__max_depth=16, estimator__min_samples_split=4, estimator__n_estimators=80; total time=   0.2s
[CV] END estimator__criterion=absolute_error, estimator__max_depth=16, estimator__min_samples_split=4, estimator__n_estimators=80; total time=   0.2s
[CV] END estimator__criterion=absolute_error, estimator__max_depth=16, estimator__min_samples_split=6, estimator__n_estimators=80; total time=   0.1s
[CV] END estimator__criterion=squared_error, estimator__max_depth=12, estimator__min_samples_split=2, estimator__n_estimators=80; total time=   0.0s
[CV] END estimator__criterion=squared_error, estimator__max_depth=12, estimator__min_samples_split=4, estimator__n_estimators=70; total time=   0.0s
[CV] END estimator__criterion=squared_error, estimator__max_depth=12, estimator__min_samples_split=4, estimator__n_estimators=90; total time=   0.0s
[CV] END estimator__criterion=squared_error, estimator__max_depth=12, estimator__min_samples_split=5, estimator__n_estimators=80; total time=   0.0s
[CV] END estimator__criterion=squared_error, estimator__max_depth=12, estimator__min_samples_split=6, estimator__n_estimators=80; total time=   0.0s
[CV] END estimator__criterion=squared_error, estimator__max_depth=13, estimator__min_samples_split=3, estimator__n_estimators=60; total time=   0.0s
[CV] END estimator__criterion=squared_error, estimator__max_depth=13, estimator__min_samples_split=3, estimator__n_estimators=60; total time=   0.0s
[CV] END estimator__criterion=squared_error, estimator__max_depth=13, estimator__min_samples_split=6, estimator__n_estimators=70; total time=   0.0s
[CV] END estimator__criterion=squared_error, estimator__max_depth=13, estimator__min_samples_split=6, estimator__n_estimators=70; total time=   0.0s
[CV] END estimator__criterion=squared_error, estimator__max_depth=13, estimator__min_samples_split=6, estimator__n_estimators=70; total time=   0.0s
[CV] END estimator__criterion=squared_error, estimator__max_depth=13, estimator__min_samples_split=6, estimator__n_estimators=70; total time=   0.0s
[CV] END estimator__criterion=squared_error, estimator__max_depth=14, estimator__min_samples_split=4, estimator__n_estimators=90; total time=   0.0s
[CV] END estimator__criterion=squared_error, estimator__max_depth=14, estimator__min_samples_split=5, estimator__n_estimators=50; total time=   0.0s
[CV] END estimator__criterion=squared_error, estimator__max_depth=14, estimator__min_samples_split=5, estimator__n_estimators=50; total time=   0.0s
[CV] END estimator__criterion=squared_error, estimator__max_depth=14, estimator__min_samples_split=5, estimator__n_estimators=50; total time=   0.0s
[CV] END estimator__criterion=squared_error, estimator__max_depth=15, estimator__min_samples_split=2, estimator__n_estimators=90; total time=   0.0s
[CV] END estimator__criterion=squared_error, estimator__max_depth=15, estimator__min_samples_split=2, estimator__n_estimators=90; total time=   0.0s
[CV] END estimator__criterion=squared_error, estimator__max_depth=15, estimator__min_samples_split=2, estimator__n_estimators=90; total time=   0.0s
[CV] END estimator__criterion=squared_error, estimator__max_depth=15, estimator__min_samples_split=2, estimator__n_estimators=90; total time=   0.0s
[CV] END estimator__criterion=squared_error, estimator__max_depth=16, estimator__min_samples_split=2, estimator__n_estimators=90; total time=   0.0s
[CV] END estimator__criterion=squared_error, estimator__max_depth=16, estimator__min_samples_split=3, estimator__n_estimators=50; total time=   0.0s
[CV] END estimator__criterion=squared_error, estimator__max_depth=16, estimator__min_samples_split=3, estimator__n_estimators=50; total time=   0.0s
[CV] END estimator__criterion=squared_error, estimator__max_depth=16, estimator__min_samples_split=3, estimator__n_estimators=50; total time=   0.0s
[CV] END estimator__criterion=squared_error, estimator__max_depth=16, estimator__min_samples_split=6, estimator__n_estimators=50; total time=   0.0s
[CV] END estimator__criterion=squared_error, estimator__max_depth=16, estimator__min_samples_split=6, estimator__n_estimators=60; total time=   0.0s
[CV] END estimator__criterion=squared_error, estimator__max_depth=16, estimator__min_samples_split=6, estimator__n_estimators=60; total time=   0.0s
[CV] END estimator__criterion=squared_error, estimator__max_depth=16, estimator__min_samples_split=6, estimator__n_estimators=60; total time=   0.0s
[CV] END estimator__criterion=absolute_error, estimator__max_depth=12, estimator__min_samples_split=4, estimator__n_estimators=70; total time=   0.1s
[CV] END estimator__criterion=absolute_error, estimator__max_depth=12, estimator__min_samples_split=4, estimator__n_estimators=70; total time=   0.1s
[CV] END estimator__criterion=absolute_error, estimator__max_depth=12, estimator__min_samples_split=4, estimator__n_estimators=80; total time=   0.2s
[CV] END estimator__criterion=absolute_error, estimator__max_depth=12, estimator__min_samples_split=4, estimator__n_estimators=80; total time=   0.2s
[CV] END estimator__criterion=absolute_error, estimator__max_depth=13, estimator__min_samples_split=3, estimator__n_estimators=60; total time=   0.1s
[CV] END estimator__criterion=absolute_error, estimator__max_depth=13, estimator__min_samples_split=3, estimator__n_estimators=70; total time=   0.2s
[CV] END estimator__criterion=absolute_error, estimator__max_depth=13, estimator__min_samples_split=3, estimator__n_estimators=70; total time=   0.2s
[CV] END estimator__criterion=absolute_error, estimator__max_depth=13, estimator__min_samples_split=3, estimator__n_estimators=70; total time=   0.1s
[CV] END estimator__criterion=absolute_error, estimator__max_depth=14, estimator__min_samples_split=2, estimator__n_estimators=60; total time=   0.1s
[CV] END estimator__criterion=absolute_error, estimator__max_depth=14, estimator__min_samples_split=2, estimator__n_estimators=70; total time=   0.1s
[CV] END estimator__criterion=absolute_error, estimator__max_depth=14, estimator__min_samples_split=2, estimator__n_estimators=70; total time=   0.2s
[CV] END estimator__criterion=absolute_error, estimator__max_depth=14, estimator__min_samples_split=2, estimator__n_estimators=70; total time=   0.1s
[CV] END estimator__criterion=absolute_error, estimator__max_depth=14, estimator__min_samples_split=6, estimator__n_estimators=60; total time=   0.1s
[CV] END estimator__criterion=absolute_error, estimator__max_depth=14, estimator__min_samples_split=6, estimator__n_estimators=70; total time=   0.1s
[CV] END estimator__criterion=absolute_error, estimator__max_depth=14, estimator__min_samples_split=6, estimator__n_estimators=70; total time=   0.1s
[CV] END estimator__criterion=absolute_error, estimator__max_depth=14, estimator__min_samples_split=6, estimator__n_estimators=70; total time=   0.1s
[CV] END estimator__criterion=absolute_error, estimator__max_depth=15, estimator__min_samples_split=4, estimator__n_estimators=70; total time=   0.1s
[CV] END estimator__criterion=absolute_error, estimator__max_depth=15, estimator__min_samples_split=4, estimator__n_estimators=80; total time=   0.2s
[CV] END estimator__criterion=absolute_error, estimator__max_depth=15, estimator__min_samples_split=4, estimator__n_estimators=80; total time=   0.2s
[CV] END estimator__criterion=absolute_error, estimator__max_depth=15, estimator__min_samples_split=4, estimator__n_estimators=80; total time=   0.2s
[CV] END estimator__criterion=absolute_error, estimator__max_depth=16, estimator__min_samples_split=4, estimator__n_estimators=50; total time=   0.1s
[CV] END estimator__criterion=absolute_error, estimator__max_depth=16, estimator__min_samples_split=4, estimator__n_estimators=50; total time=   0.1s
[CV] END estimator__criterion=absolute_error, estimator__max_depth=16, estimator__min_samples_split=4, estimator__n_estimators=50; total time=   0.1s
[CV] END estimator__criterion=absolute_error, estimator__max_depth=16, estimator__min_samples_split=4, estimator__n_estimators=50; total time=   0.1s
[CV] END estimator__criterion=absolute_error, estimator__max_depth=16, estimator__min_samples_split=6, estimator__n_estimators=50; total time=   0.1s
[CV] END estimator__criterion=absolute_error, estimator__max_depth=16, estimator__min_samples_split=6, estimator__n_estimators=60; total time=   0.1s
[CV] END estimator__criterion=absolute_error, estimator__max_depth=16, estimator__min_samples_split=6, estimator__n_estimators=80; total time=   0.1s
[CV] END estimator__criterion=squared_error, estimator__max_depth=12, estimator__min_samples_split=2, estimator__n_estimators=90; total time=   0.0s
[CV] END estimator__criterion=squared_error, estimator__max_depth=12, estimator__min_samples_split=6, estimator__n_estimators=60; total time=   0.0s
[CV] END estimator__criterion=squared_error, estimator__max_depth=13, estimator__min_samples_split=2, estimator__n_estimators=80; total time=   0.0s
[CV] END estimator__criterion=squared_error, estimator__max_depth=13, estimator__min_samples_split=2, estimator__n_estimators=80; total time=   0.0s
[CV] END estimator__criterion=squared_error, estimator__max_depth=13, estimator__min_samples_split=6, estimator__n_estimators=80; total time=   0.0s
[CV] END estimator__criterion=squared_error, estimator__max_depth=13, estimator__min_samples_split=6, estimator__n_estimators=90; total time=   0.0s
[CV] END estimator__criterion=squared_error, estimator__max_depth=13, estimator__min_samples_split=6, estimator__n_estimators=90; total time=   0.0s
[CV] END estimator__criterion=squared_error, estimator__max_depth=13, estimator__min_samples_split=6, estimator__n_estimators=90; total time=   0.0s
[CV] END estimator__criterion=squared_error, estimator__max_depth=14, estimator__min_samples_split=5, estimator__n_estimators=90; total time=   0.0s
[CV] END estimator__criterion=squared_error, estimator__max_depth=14, estimator__min_samples_split=5, estimator__n_estimators=90; total time=   0.0s
[CV] END estimator__criterion=squared_error, estimator__max_depth=14, estimator__min_samples_split=6, estimator__n_estimators=50; total time=   0.0s
[CV] END estimator__criterion=squared_error, estimator__max_depth=14, estimator__min_samples_split=6, estimator__n_estimators=50; total time=   0.0s
[CV] END estimator__criterion=squared_error, estimator__max_depth=15, estimator__min_samples_split=4, estimator__n_estimators=50; total time=   0.0s
[CV] END estimator__criterion=squared_error, estimator__max_depth=15, estimator__min_samples_split=4, estimator__n_estimators=50; total time=   0.0s
[CV] END estimator__criterion=squared_error, estimator__max_depth=15, estimator__min_samples_split=4, estimator__n_estimators=60; total time=   0.0s
[CV] END estimator__criterion=squared_error, estimator__max_depth=15, estimator__min_samples_split=4, estimator__n_estimators=60; total time=   0.0s
[CV] END estimator__criterion=squared_error, estimator__max_depth=15, estimator__min_samples_split=6, estimator__n_estimators=80; total time=   0.0s
[CV] END estimator__criterion=squared_error, estimator__max_depth=15, estimator__min_samples_split=6, estimator__n_estimators=80; total time=   0.0s
[CV] END estimator__criterion=squared_error, estimator__max_depth=15, estimator__min_samples_split=6, estimator__n_estimators=80; total time=   0.0s
[CV] END estimator__criterion=squared_error, estimator__max_depth=15, estimator__min_samples_split=6, estimator__n_estimators=90; total time=   0.0s
[CV] END estimator__criterion=squared_error, estimator__max_depth=16, estimator__min_samples_split=5, estimator__n_estimators=90; total time=   0.0s
[CV] END estimator__criterion=squared_error, estimator__max_depth=16, estimator__min_samples_split=5, estimator__n_estimators=90; total time=   0.0s
[CV] END estimator__criterion=squared_error, estimator__max_depth=16, estimator__min_samples_split=5, estimator__n_estimators=90; total time=   0.0s
[CV] END estimator__criterion=squared_error, estimator__max_depth=16, estimator__min_samples_split=5, estimator__n_estimators=90; total time=   0.0s
[CV] END estimator__criterion=absolute_error, estimator__max_depth=12, estimator__min_samples_split=5, estimator__n_estimators=70; total time=   0.1s
[CV] END estimator__criterion=absolute_error, estimator__max_depth=12, estimator__min_samples_split=5, estimator__n_estimators=70; total time=   0.1s
[CV] END estimator__criterion=absolute_error, estimator__max_depth=12, estimator__min_samples_split=5, estimator__n_estimators=70; total time=   0.1s
[CV] END estimator__criterion=absolute_error, estimator__max_depth=12, estimator__min_samples_split=5, estimator__n_estimators=80; total time=   0.2s
[CV] END estimator__criterion=absolute_error, estimator__max_depth=13, estimator__min_samples_split=3, estimator__n_estimators=80; total time=   0.2s
[CV] END estimator__criterion=absolute_error, estimator__max_depth=13, estimator__min_samples_split=3, estimator__n_estimators=80; total time=   0.2s
[CV] END estimator__criterion=absolute_error, estimator__max_depth=13, estimator__min_samples_split=3, estimator__n_estimators=80; total time=   0.2s
[CV] END estimator__criterion=absolute_error, estimator__max_depth=13, estimator__min_samples_split=3, estimator__n_estimators=90; total time=   0.2s
[CV] END estimator__criterion=absolute_error, estimator__max_depth=14, estimator__min_samples_split=3, estimator__n_estimators=50; total time=   0.1s
[CV] END estimator__criterion=absolute_error, estimator__max_depth=14, estimator__min_samples_split=3, estimator__n_estimators=60; total time=   0.1s
[CV] END estimator__criterion=absolute_error, estimator__max_depth=14, estimator__min_samples_split=3, estimator__n_estimators=60; total time=   0.1s
[CV] END estimator__criterion=absolute_error, estimator__max_depth=14, estimator__min_samples_split=3, estimator__n_estimators=60; total time=   0.1s
[CV] END estimator__criterion=absolute_error, estimator__max_depth=14, estimator__min_samples_split=6, estimator__n_estimators=50; total time=   0.1s
[CV] END estimator__criterion=absolute_error, estimator__max_depth=14, estimator__min_samples_split=6, estimator__n_estimators=50; total time=   0.1s
[CV] END estimator__criterion=absolute_error, estimator__max_depth=14, estimator__min_samples_split=6, estimator__n_estimators=50; total time=   0.1s
[CV] END estimator__criterion=absolute_error, estimator__max_depth=14, estimator__min_samples_split=6, estimator__n_estimators=50; total time=   0.1s
[CV] END estimator__criterion=absolute_error, estimator__max_depth=15, estimator__min_samples_split=3, estimator__n_estimators=70; total time=   0.2s
[CV] END estimator__criterion=absolute_error, estimator__max_depth=15, estimator__min_samples_split=3, estimator__n_estimators=70; total time=   0.2s
[CV] END estimator__criterion=absolute_error, estimator__max_depth=15, estimator__min_samples_split=3, estimator__n_estimators=70; total time=   0.2s
[CV] END estimator__criterion=absolute_error, estimator__max_depth=15, estimator__min_samples_split=3, estimator__n_estimators=70; total time=   0.1s
[CV] END estimator__criterion=absolute_error, estimator__max_depth=16, estimator__min_samples_split=2, estimator__n_estimators=80; total time=   0.2s
[CV] END estimator__criterion=absolute_error, estimator__max_depth=16, estimator__min_samples_split=2, estimator__n_estimators=90; total time=   0.2s
[CV] END estimator__criterion=absolute_error, estimator__max_depth=16, estimator__min_samples_split=2, estimator__n_estimators=90; total time=   0.2s
[CV] END estimator__criterion=absolute_error, estimator__max_depth=16, estimator__min_samples_split=2, estimator__n_estimators=90; total time=   0.2s
[CV] END estimator__criterion=absolute_error, estimator__max_depth=16, estimator__min_samples_split=6, estimator__n_estimators=90; total time=   0.2s
[CV] END estimator__criterion=absolute_error, estimator__max_depth=16, estimator__min_samples_split=3, estimator__n_estimators=50; total time=   0.1s
[CV] END estimator__criterion=absolute_error, estimator__max_depth=16, estimator__min_samples_split=3, estimator__n_estimators=50; total time=   0.1s
[CV] END estimator__criterion=absolute_error, estimator__max_depth=16, estimator__min_samples_split=6, estimator__n_estimators=60; total time=   0.1s
[CV] END estimator__criterion=absolute_error, estimator__max_depth=16, estimator__min_samples_split=6, estimator__n_estimators=90; total time=   0.2s
[CV] END estimator__criterion=absolute_error, estimator__max_depth=16, estimator__min_samples_split=6, estimator__n_estimators=60; total time=   0.1s
[CV] END estimator__criterion=absolute_error, estimator__max_depth=16, estimator__min_samples_split=6, estimator__n_estimators=80; total time=   0.2s
[CV] END estimator__criterion=squared_error, estimator__max_depth=12, estimator__min_samples_split=2, estimator__n_estimators=80; total time=   0.0s
[CV] END estimator__criterion=squared_error, estimator__max_depth=12, estimator__min_samples_split=5, estimator__n_estimators=80; total time=   0.0s
[CV] END estimator__criterion=squared_error, estimator__max_depth=13, estimator__min_samples_split=2, estimator__n_estimators=60; total time=   0.0s
[CV] END estimator__criterion=squared_error, estimator__max_depth=13, estimator__min_samples_split=2, estimator__n_estimators=60; total time=   0.0s
[CV] END estimator__criterion=squared_error, estimator__max_depth=13, estimator__min_samples_split=4, estimator__n_estimators=70; total time=   0.0s
[CV] END estimator__criterion=squared_error, estimator__max_depth=13, estimator__min_samples_split=4, estimator__n_estimators=70; total time=   0.0s
[CV] END estimator__criterion=squared_error, estimator__max_depth=13, estimator__min_samples_split=4, estimator__n_estimators=80; total time=   0.0s
[CV] END estimator__criterion=squared_error, estimator__max_depth=13, estimator__min_samples_split=4, estimator__n_estimators=80; total time=   0.0s
[CV] END estimator__criterion=squared_error, estimator__max_depth=14, estimator__min_samples_split=4, estimator__n_estimators=80; total time=   0.0s
[CV] END estimator__criterion=squared_error, estimator__max_depth=14, estimator__min_samples_split=4, estimator__n_estimators=80; total time=   0.0s
[CV] END estimator__criterion=squared_error, estimator__max_depth=14, estimator__min_samples_split=4, estimator__n_estimators=80; total time=   0.0s
[CV] END estimator__criterion=squared_error, estimator__max_depth=14, estimator__min_samples_split=4, estimator__n_estimators=80; total time=   0.0s
[CV] END estimator__criterion=squared_error, estimator__max_depth=15, estimator__min_samples_split=3, estimator__n_estimators=70; total time=   0.0s
[CV] END estimator__criterion=squared_error, estimator__max_depth=15, estimator__min_samples_split=3, estimator__n_estimators=70; total time=   0.0s
[CV] END estimator__criterion=squared_error, estimator__max_depth=15, estimator__min_samples_split=3, estimator__n_estimators=70; total time=   0.0s
[CV] END estimator__criterion=squared_error, estimator__max_depth=15, estimator__min_samples_split=3, estimator__n_estimators=80; total time=   0.0s
[CV] END estimator__criterion=squared_error, estimator__max_depth=16, estimator__min_samples_split=2, estimator__n_estimators=90; total time=   0.0s
[CV] END estimator__criterion=squared_error, estimator__max_depth=16, estimator__min_samples_split=2, estimator__n_estimators=90; total time=   0.0s
[CV] END estimator__criterion=squared_error, estimator__max_depth=16, estimator__min_samples_split=2, estimator__n_estimators=90; total time=   0.1s
[CV] END estimator__criterion=squared_error, estimator__max_depth=16, estimator__min_samples_split=2, estimator__n_estimators=90; total time=   0.0s
[CV] END estimator__criterion=absolute_error, estimator__max_depth=12, estimator__min_samples_split=3, estimator__n_estimators=60; total time=   0.1s
[CV] END estimator__criterion=absolute_error, estimator__max_depth=12, estimator__min_samples_split=3, estimator__n_estimators=60; total time=   0.1s
[CV] END estimator__criterion=absolute_error, estimator__max_depth=12, estimator__min_samples_split=3, estimator__n_estimators=60; total time=   0.1s
[CV] END estimator__criterion=absolute_error, estimator__max_depth=12, estimator__min_samples_split=3, estimator__n_estimators=60; total time=   0.1s
[CV] END estimator__criterion=absolute_error, estimator__max_depth=12, estimator__min_samples_split=6, estimator__n_estimators=70; total time=   0.2s
[CV] END estimator__criterion=absolute_error, estimator__max_depth=12, estimator__min_samples_split=6, estimator__n_estimators=70; total time=   0.2s
[CV] END estimator__criterion=absolute_error, estimator__max_depth=12, estimator__min_samples_split=6, estimator__n_estimators=70; total time=   0.2s
[CV] END estimator__criterion=absolute_error, estimator__max_depth=12, estimator__min_samples_split=6, estimator__n_estimators=70; total time=   0.2s
[CV] END estimator__criterion=absolute_error, estimator__max_depth=13, estimator__min_samples_split=6, estimator__n_estimators=50; total time=   0.1s
[CV] END estimator__criterion=absolute_error, estimator__max_depth=13, estimator__min_samples_split=6, estimator__n_estimators=50; total time=   0.1s
[CV] END estimator__criterion=absolute_error, estimator__max_depth=13, estimator__min_samples_split=6, estimator__n_estimators=50; total time=   0.1s
[CV] END estimator__criterion=absolute_error, estimator__max_depth=13, estimator__min_samples_split=6, estimator__n_estimators=60; total time=   0.1s
[CV] END estimator__criterion=absolute_error, estimator__max_depth=14, estimator__min_samples_split=3, estimator__n_estimators=90; total time=   0.3s
[CV] END estimator__criterion=absolute_error, estimator__max_depth=14, estimator__min_samples_split=4, estimator__n_estimators=50; total time=   0.1s
[CV] END estimator__criterion=absolute_error, estimator__max_depth=14, estimator__min_samples_split=4, estimator__n_estimators=50; total time=   0.1s
[CV] END estimator__criterion=absolute_error, estimator__max_depth=14, estimator__min_samples_split=4, estimator__n_estimators=50; total time=   0.1s
[CV] END estimator__criterion=absolute_error, estimator__max_depth=15, estimator__min_samples_split=2, estimator__n_estimators=90; total time=   0.3s
[CV] END estimator__criterion=absolute_error, estimator__max_depth=15, estimator__min_samples_split=3, estimator__n_estimators=50; total time=   0.1s
[CV] END estimator__criterion=absolute_error, estimator__max_depth=15, estimator__min_samples_split=3, estimator__n_estimators=50; total time=   0.1s
[CV] END estimator__criterion=absolute_error, estimator__max_depth=15, estimator__min_samples_split=3, estimator__n_estimators=50; total time=   0.1s
[CV] END estimator__criterion=absolute_error, estimator__max_depth=15, estimator__min_samples_split=6, estimator__n_estimators=50; total time=   0.1s
[CV] END estimator__criterion=absolute_error, estimator__max_depth=15, estimator__min_samples_split=6, estimator__n_estimators=60; total time=   0.1s
[CV] END estimator__criterion=absolute_error, estimator__max_depth=15, estimator__min_samples_split=6, estimator__n_estimators=60; total time=   0.1s
[CV] END estimator__criterion=absolute_error, estimator__max_depth=15, estimator__min_samples_split=6, estimator__n_estimators=60; total time=   0.1s
[CV] END estimator__criterion=absolute_error, estimator__max_depth=16, estimator__min_samples_split=4, estimator__n_estimators=80; total time=   0.2s
[CV] END estimator__criterion=absolute_error, estimator__max_depth=16, estimator__min_samples_split=4, estimator__n_estimators=80; total time=   0.2s
[CV] END estimator__criterion=absolute_error, estimator__max_depth=16, estimator__min_samples_split=4, estimator__n_estimators=80; total time=   0.2s
[CV] END estimator__criterion=absolute_error, estimator__max_depth=16, estimator__min_samples_split=4, estimator__n_estimators=90; total time=   0.3s
[CV] END estimator__criterion=squared_error, estimator__max_depth=12, estimator__min_samples_split=2, estimator__n_estimators=80; total time=   0.0s
[CV] END estimator__criterion=squared_error, estimator__max_depth=12, estimator__min_samples_split=6, estimator__n_estimators=60; total time=   0.0s
[CV] END estimator__criterion=squared_error, estimator__max_depth=13, estimator__min_samples_split=2, estimator__n_estimators=70; total time=   0.0s
[CV] END estimator__criterion=squared_error, estimator__max_depth=13, estimator__min_samples_split=2, estimator__n_estimators=70; total time=   0.0s
[CV] END estimator__criterion=squared_error, estimator__max_depth=13, estimator__min_samples_split=5, estimator__n_estimators=50; total time=   0.0s
[CV] END estimator__criterion=squared_error, estimator__max_depth=13, estimator__min_samples_split=5, estimator__n_estimators=60; total time=   0.0s
[CV] END estimator__criterion=squared_error, estimator__max_depth=13, estimator__min_samples_split=5, estimator__n_estimators=60; total time=   0.0s
[CV] END estimator__criterion=squared_error, estimator__max_depth=13, estimator__min_samples_split=5, estimator__n_estimators=60; total time=   0.0s
[CV] END estimator__criterion=squared_error, estimator__max_depth=14, estimator__min_samples_split=3, estimator__n_estimators=50; total time=   0.0s
[CV] END estimator__criterion=squared_error, estimator__max_depth=14, estimator__min_samples_split=3, estimator__n_estimators=50; total time=   0.0s
[CV] END estimator__criterion=squared_error, estimator__max_depth=14, estimator__min_samples_split=3, estimator__n_estimators=50; total time=   0.0s
[CV] END estimator__criterion=squared_error, estimator__max_depth=14, estimator__min_samples_split=3, estimator__n_estimators=50; total time=   0.0s
[CV] END estimator__criterion=squared_error, estimator__max_depth=14, estimator__min_samples_split=6, estimator__n_estimators=70; total time=   0.0s
[CV] END estimator__criterion=squared_error, estimator__max_depth=14, estimator__min_samples_split=6, estimator__n_estimators=70; total time=   0.0s
[CV] END estimator__criterion=squared_error, estimator__max_depth=14, estimator__min_samples_split=6, estimator__n_estimators=70; total time=   0.0s
[CV] END estimator__criterion=squared_error, estimator__max_depth=14, estimator__min_samples_split=6, estimator__n_estimators=70; total time=   0.0s
[CV] END estimator__criterion=squared_error, estimator__max_depth=15, estimator__min_samples_split=5, estimator__n_estimators=60; total time=   0.0s
[CV] END estimator__criterion=squared_error, estimator__max_depth=15, estimator__min_samples_split=5, estimator__n_estimators=60; total time=   0.0s
[CV] END estimator__criterion=squared_error, estimator__max_depth=15, estimator__min_samples_split=5, estimator__n_estimators=60; total time=   0.0s
[CV] END estimator__criterion=squared_error, estimator__max_depth=15, estimator__min_samples_split=5, estimator__n_estimators=60; total time=   0.0s
[CV] END estimator__criterion=squared_error, estimator__max_depth=16, estimator__min_samples_split=3, estimator__n_estimators=80; total time=   0.0s
[CV] END estimator__criterion=squared_error, estimator__max_depth=16, estimator__min_samples_split=3, estimator__n_estimators=90; total time=   0.0s
[CV] END estimator__criterion=squared_error, estimator__max_depth=16, estimator__min_samples_split=3, estimator__n_estimators=90; total time=   0.0s
[CV] END estimator__criterion=squared_error, estimator__max_depth=16, estimator__min_samples_split=3, estimator__n_estimators=90; total time=   0.0s
[CV] END estimator__criterion=absolute_error, estimator__max_depth=12, estimator__min_samples_split=3, estimator__n_estimators=70; total time=   0.1s
[CV] END estimator__criterion=absolute_error, estimator__max_depth=12, estimator__min_samples_split=3, estimator__n_estimators=80; total time=   0.2s
[CV] END estimator__criterion=absolute_error, estimator__max_depth=12, estimator__min_samples_split=3, estimator__n_estimators=80; total time=   0.2s
[CV] END estimator__criterion=absolute_error, estimator__max_depth=12, estimator__min_samples_split=3, estimator__n_estimators=80; total time=   0.2s
[CV] END estimator__criterion=absolute_error, estimator__max_depth=13, estimator__min_samples_split=2, estimator__n_estimators=90; total time=   0.2s
[CV] END estimator__criterion=absolute_error, estimator__max_depth=13, estimator__min_samples_split=2, estimator__n_estimators=90; total time=   0.2s
[CV] END estimator__criterion=absolute_error, estimator__max_depth=13, estimator__min_samples_split=2, estimator__n_estimators=90; total time=   0.2s
[CV] END estimator__criterion=absolute_error, estimator__max_depth=13, estimator__min_samples_split=3, estimator__n_estimators=50; total time=   0.1s
[CV] END estimator__criterion=absolute_error, estimator__max_depth=14, estimator__min_samples_split=2, estimator__n_estimators=60; total time=   0.1s
[CV] END estimator__criterion=absolute_error, estimator__max_depth=14, estimator__min_samples_split=2, estimator__n_estimators=60; total time=   0.1s
[CV] END estimator__criterion=absolute_error, estimator__max_depth=14, estimator__min_samples_split=2, estimator__n_estimators=60; total time=   0.1s
[CV] END estimator__criterion=absolute_error, estimator__max_depth=14, estimator__min_samples_split=2, estimator__n_estimators=60; total time=   0.1s
[CV] END estimator__criterion=absolute_error, estimator__max_depth=14, estimator__min_samples_split=5, estimator__n_estimators=80; total time=   0.2s
[CV] END estimator__criterion=absolute_error, estimator__max_depth=14, estimator__min_samples_split=5, estimator__n_estimators=80; total time=   0.2s
[CV] END estimator__criterion=absolute_error, estimator__max_depth=14, estimator__min_samples_split=5, estimator__n_estimators=90; total time=   0.2s
[CV] END estimator__criterion=absolute_error, estimator__max_depth=14, estimator__min_samples_split=5, estimator__n_estimators=90; total time=   0.2s
[CV] END estimator__criterion=absolute_error, estimator__max_depth=15, estimator__min_samples_split=4, estimator__n_estimators=90; total time=   0.2s
[CV] END estimator__criterion=absolute_error, estimator__max_depth=15, estimator__min_samples_split=4, estimator__n_estimators=90; total time=   0.2s
[CV] END estimator__criterion=absolute_error, estimator__max_depth=15, estimator__min_samples_split=4, estimator__n_estimators=90; total time=   0.2s
[CV] END estimator__criterion=absolute_error, estimator__max_depth=15, estimator__min_samples_split=5, estimator__n_estimators=50; total time=   0.1s
[CV] END estimator__criterion=absolute_error, estimator__max_depth=16, estimator__min_samples_split=4, estimator__n_estimators=60; total time=   0.1s
[CV] END estimator__criterion=absolute_error, estimator__max_depth=16, estimator__min_samples_split=4, estimator__n_estimators=70; total time=   0.2s
[CV] END estimator__criterion=absolute_error, estimator__max_depth=16, estimator__min_samples_split=4, estimator__n_estimators=70; total time=   0.2s
[CV] END estimator__criterion=absolute_error, estimator__max_depth=16, estimator__min_samples_split=4, estimator__n_estimators=70; total time=   0.1s
[CV] END estimator__criterion=absolute_error, estimator__max_depth=16, estimator__min_samples_split=6, estimator__n_estimators=90; total time=   0.2s
[CV] END estimator__criterion=squared_error, estimator__max_depth=12, estimator__min_samples_split=2, estimator__n_estimators=70; total time=   0.0s
[CV] END estimator__criterion=squared_error, estimator__max_depth=12, estimator__min_samples_split=4, estimator__n_estimators=90; total time=   0.1s
[CV] END estimator__criterion=squared_error, estimator__max_depth=12, estimator__min_samples_split=6, estimator__n_estimators=50; total time=   0.0s
[CV] END estimator__criterion=squared_error, estimator__max_depth=12, estimator__min_samples_split=6, estimator__n_estimators=90; total time=   0.0s
[CV] END estimator__criterion=squared_error, estimator__max_depth=12, estimator__min_samples_split=6, estimator__n_estimators=90; total time=   0.0s
[CV] END estimator__criterion=squared_error, estimator__max_depth=13, estimator__min_samples_split=5, estimator__n_estimators=50; total time=   0.0s
[CV] END estimator__criterion=squared_error, estimator__max_depth=13, estimator__min_samples_split=5, estimator__n_estimators=50; total time=   0.0s
[CV] END estimator__criterion=squared_error, estimator__max_depth=13, estimator__min_samples_split=5, estimator__n_estimators=50; total time=   0.0s
[CV] END estimator__criterion=squared_error, estimator__max_depth=13, estimator__min_samples_split=5, estimator__n_estimators=50; total time=   0.0s
[CV] END estimator__criterion=squared_error, estimator__max_depth=14, estimator__min_samples_split=2, estimator__n_estimators=90; total time=   0.1s
[CV] END estimator__criterion=squared_error, estimator__max_depth=14, estimator__min_samples_split=2, estimator__n_estimators=90; total time=   0.0s
[CV] END estimator__criterion=squared_error, estimator__max_depth=14, estimator__min_samples_split=2, estimator__n_estimators=90; total time=   0.0s
[CV] END estimator__criterion=squared_error, estimator__max_depth=14, estimator__min_samples_split=3, estimator__n_estimators=50; total time=   0.0s
[CV] END estimator__criterion=squared_error, estimator__max_depth=15, estimator__min_samples_split=3, estimator__n_estimators=50; total time=   0.0s
[CV] END estimator__criterion=squared_error, estimator__max_depth=15, estimator__min_samples_split=3, estimator__n_estimators=50; total time=   0.0s
[CV] END estimator__criterion=squared_error, estimator__max_depth=15, estimator__min_samples_split=3, estimator__n_estimators=50; total time=   0.0s
[CV] END estimator__criterion=squared_error, estimator__max_depth=15, estimator__min_samples_split=3, estimator__n_estimators=50; total time=   0.0s
[CV] END estimator__criterion=squared_error, estimator__max_depth=15, estimator__min_samples_split=6, estimator__n_estimators=50; total time=   0.0s
[CV] END estimator__criterion=squared_error, estimator__max_depth=15, estimator__min_samples_split=6, estimator__n_estimators=50; total time=   0.0s
[CV] END estimator__criterion=squared_error, estimator__max_depth=15, estimator__min_samples_split=6, estimator__n_estimators=50; total time=   0.0s
[CV] END estimator__criterion=squared_error, estimator__max_depth=15, estimator__min_samples_split=6, estimator__n_estimators=50; total time=   0.0s
[CV] END estimator__criterion=squared_error, estimator__max_depth=16, estimator__min_samples_split=4, estimator__n_estimators=60; total time=   0.0s
[CV] END estimator__criterion=squared_error, estimator__max_depth=16, estimator__min_samples_split=4, estimator__n_estimators=60; total time=   0.0s
[CV] END estimator__criterion=squared_error, estimator__max_depth=16, estimator__min_samples_split=4, estimator__n_estimators=60; total time=   0.0s
[CV] END estimator__criterion=squared_error, estimator__max_depth=16, estimator__min_samples_split=4, estimator__n_estimators=60; total time=   0.0s
[CV] END estimator__criterion=absolute_error, estimator__max_depth=12, estimator__min_samples_split=2, estimator__n_estimators=50; total time=   0.1s
[CV] END estimator__criterion=absolute_error, estimator__max_depth=12, estimator__min_samples_split=2, estimator__n_estimators=50; total time=   0.1s
[CV] END estimator__criterion=absolute_error, estimator__max_depth=12, estimator__min_samples_split=2, estimator__n_estimators=60; total time=   0.1s
[CV] END estimator__criterion=absolute_error, estimator__max_depth=12, estimator__min_samples_split=2, estimator__n_estimators=60; total time=   0.1s
[CV] END estimator__criterion=absolute_error, estimator__max_depth=12, estimator__min_samples_split=5, estimator__n_estimators=90; total time=   0.2s
[CV] END estimator__criterion=absolute_error, estimator__max_depth=12, estimator__min_samples_split=6, estimator__n_estimators=50; total time=   0.1s
[CV] END estimator__criterion=absolute_error, estimator__max_depth=12, estimator__min_samples_split=6, estimator__n_estimators=50; total time=   0.1s
[CV] END estimator__criterion=absolute_error, estimator__max_depth=12, estimator__min_samples_split=6, estimator__n_estimators=50; total time=   0.1s
[CV] END estimator__criterion=absolute_error, estimator__max_depth=13, estimator__min_samples_split=4, estimator__n_estimators=90; total time=   0.3s
[CV] END estimator__criterion=absolute_error, estimator__max_depth=13, estimator__min_samples_split=4, estimator__n_estimators=90; total time=   0.3s
[CV] END estimator__criterion=absolute_error, estimator__max_depth=13, estimator__min_samples_split=4, estimator__n_estimators=90; total time=   0.2s
[CV] END estimator__criterion=absolute_error, estimator__max_depth=13, estimator__min_samples_split=4, estimator__n_estimators=90; total time=   0.3s
[CV] END estimator__criterion=absolute_error, estimator__max_depth=14, estimator__min_samples_split=5, estimator__n_estimators=50; total time=   0.1s
[CV] END estimator__criterion=absolute_error, estimator__max_depth=14, estimator__min_samples_split=5, estimator__n_estimators=50; total time=   0.1s
[CV] END estimator__criterion=absolute_error, estimator__max_depth=14, estimator__min_samples_split=5, estimator__n_estimators=50; total time=   0.1s
[CV] END estimator__criterion=absolute_error, estimator__max_depth=14, estimator__min_samples_split=5, estimator__n_estimators=60; total time=   0.1s
[CV] END estimator__criterion=absolute_error, estimator__max_depth=15, estimator__min_samples_split=2, estimator__n_estimators=90; total time=   0.2s
[CV] END estimator__criterion=absolute_error, estimator__max_depth=15, estimator__min_samples_split=2, estimator__n_estimators=90; total time=   0.2s
[CV] END estimator__criterion=absolute_error, estimator__max_depth=15, estimator__min_samples_split=2, estimator__n_estimators=90; total time=   0.2s
[CV] END estimator__criterion=absolute_error, estimator__max_depth=15, estimator__min_samples_split=2, estimator__n_estimators=90; total time=   0.2s
[CV] END estimator__criterion=absolute_error, estimator__max_depth=16, estimator__min_samples_split=2, estimator__n_estimators=80; total time=   0.2s
[CV] END estimator__criterion=absolute_error, estimator__max_depth=16, estimator__min_samples_split=2, estimator__n_estimators=80; total time=   0.2s
[CV] END estimator__criterion=absolute_error, estimator__max_depth=16, estimator__min_samples_split=2, estimator__n_estimators=80; total time=   0.2s
[CV] END estimator__criterion=absolute_error, estimator__max_depth=16, estimator__min_samples_split=2, estimator__n_estimators=80; total time=   0.2s
[CV] END estimator__criterion=absolute_error, estimator__max_depth=16, estimator__min_samples_split=6, estimator__n_estimators=60; total time=   0.1s
[CV] END estimator__criterion=absolute_error, estimator__max_depth=16, estimator__min_samples_split=6, estimator__n_estimators=90; total time=   0.2s
[CV] END estimator__criterion=absolute_error, estimator__max_depth=16, estimator__min_samples_split=4, estimator__n_estimators=90; total time=   0.2s
[CV] END estimator__criterion=absolute_error, estimator__max_depth=16, estimator__min_samples_split=4, estimator__n_estimators=90; total time=   0.2s
[CV] END estimator__criterion=absolute_error, estimator__max_depth=16, estimator__min_samples_split=4, estimator__n_estimators=90; total time=   0.2s
[CV] END estimator__criterion=squared_error, estimator__max_depth=12, estimator__min_samples_split=2, estimator__n_estimators=80; total time=   0.0s
[CV] END estimator__criterion=squared_error, estimator__max_depth=12, estimator__min_samples_split=6, estimator__n_estimators=50; total time=   0.0s
[CV] END estimator__criterion=squared_error, estimator__max_depth=12, estimator__min_samples_split=6, estimator__n_estimators=90; total time=   0.0s
[CV] END estimator__criterion=squared_error, estimator__max_depth=12, estimator__min_samples_split=6, estimator__n_estimators=90; total time=   0.0s
[CV] END estimator__criterion=squared_error, estimator__max_depth=13, estimator__min_samples_split=5, estimator__n_estimators=60; total time=   0.0s
[CV] END estimator__criterion=squared_error, estimator__max_depth=13, estimator__min_samples_split=5, estimator__n_estimators=60; total time=   0.0s
[CV] END estimator__criterion=squared_error, estimator__max_depth=13, estimator__min_samples_split=5, estimator__n_estimators=70; total time=   0.0s
[CV] END estimator__criterion=squared_error, estimator__max_depth=13, estimator__min_samples_split=5, estimator__n_estimators=70; total time=   0.0s
[CV] END estimator__criterion=squared_error, estimator__max_depth=14, estimator__min_samples_split=3, estimator__n_estimators=80; total time=   0.0s
[CV] END estimator__criterion=squared_error, estimator__max_depth=14, estimator__min_samples_split=3, estimator__n_estimators=80; total time=   0.0s
[CV] END estimator__criterion=squared_error, estimator__max_depth=14, estimator__min_samples_split=3, estimator__n_estimators=80; total time=   0.0s
[CV] END estimator__criterion=squared_error, estimator__max_depth=14, estimator__min_samples_split=3, estimator__n_estimators=90; total time=   0.1s
[CV] END estimator__criterion=squared_error, estimator__max_depth=15, estimator__min_samples_split=4, estimator__n_estimators=80; total time=   0.0s
[CV] END estimator__criterion=squared_error, estimator__max_depth=15, estimator__min_samples_split=4, estimator__n_estimators=80; total time=   0.0s
[CV] END estimator__criterion=squared_error, estimator__max_depth=15, estimator__min_samples_split=4, estimator__n_estimators=80; total time=   0.0s
[CV] END estimator__criterion=squared_error, estimator__max_depth=15, estimator__min_samples_split=4, estimator__n_estimators=80; total time=   0.0s
[CV] END estimator__criterion=squared_error, estimator__max_depth=16, estimator__min_samples_split=3, estimator__n_estimators=90; total time=   0.1s
[CV] END estimator__criterion=squared_error, estimator__max_depth=16, estimator__min_samples_split=3, estimator__n_estimators=90; total time=   0.1s
[CV] END estimator__criterion=squared_error, estimator__max_depth=16, estimator__min_samples_split=4, estimator__n_estimators=50; total time=   0.0s
[CV] END estimator__criterion=squared_error, estimator__max_depth=16, estimator__min_samples_split=4, estimator__n_estimators=50; total time=   0.0s
[CV] END estimator__criterion=absolute_error, estimator__max_depth=12, estimator__min_samples_split=2, estimator__n_estimators=80; total time=   0.2s
[CV] END estimator__criterion=absolute_error, estimator__max_depth=12, estimator__min_samples_split=2, estimator__n_estimators=90; total time=   0.2s
[CV] END estimator__criterion=absolute_error, estimator__max_depth=12, estimator__min_samples_split=2, estimator__n_estimators=90; total time=   0.3s
[CV] END estimator__criterion=absolute_error, estimator__max_depth=12, estimator__min_samples_split=2, estimator__n_estimators=90; total time=   0.2s
[CV] END estimator__criterion=absolute_error, estimator__max_depth=13, estimator__min_samples_split=3, estimator__n_estimators=90; total time=   0.2s
[CV] END estimator__criterion=absolute_error, estimator__max_depth=13, estimator__min_samples_split=3, estimator__n_estimators=90; total time=   0.2s
[CV] END estimator__criterion=absolute_error, estimator__max_depth=13, estimator__min_samples_split=3, estimator__n_estimators=90; total time=   0.2s
[CV] END estimator__criterion=absolute_error, estimator__max_depth=13, estimator__min_samples_split=3, estimator__n_estimators=90; total time=   0.2s
[CV] END estimator__criterion=absolute_error, estimator__max_depth=14, estimator__min_samples_split=3, estimator__n_estimators=80; total time=   0.2s
[CV] END estimator__criterion=absolute_error, estimator__max_depth=14, estimator__min_samples_split=3, estimator__n_estimators=80; total time=   0.2s
[CV] END estimator__criterion=absolute_error, estimator__max_depth=14, estimator__min_samples_split=3, estimator__n_estimators=80; total time=   0.2s
[CV] END estimator__criterion=absolute_error, estimator__max_depth=14, estimator__min_samples_split=3, estimator__n_estimators=80; total time=   0.2s
[CV] END estimator__criterion=absolute_error, estimator__max_depth=15, estimator__min_samples_split=3, estimator__n_estimators=60; total time=   0.1s
[CV] END estimator__criterion=absolute_error, estimator__max_depth=15, estimator__min_samples_split=3, estimator__n_estimators=60; total time=   0.1s
[CV] END estimator__criterion=absolute_error, estimator__max_depth=15, estimator__min_samples_split=3, estimator__n_estimators=60; total time=   0.2s
[CV] END estimator__criterion=absolute_error, estimator__max_depth=15, estimator__min_samples_split=3, estimator__n_estimators=70; total time=   0.2s
[CV] END estimator__criterion=absolute_error, estimator__max_depth=16, estimator__min_samples_split=2, estimator__n_estimators=50; total time=   0.1s
[CV] END estimator__criterion=absolute_error, estimator__max_depth=16, estimator__min_samples_split=2, estimator__n_estimators=50; total time=   0.1s
[CV] END estimator__criterion=absolute_error, estimator__max_depth=16, estimator__min_samples_split=2, estimator__n_estimators=60; total time=   0.1s
[CV] END estimator__criterion=absolute_error, estimator__max_depth=16, estimator__min_samples_split=2, estimator__n_estimators=60; total time=   0.1s
[CV] END estimator__criterion=absolute_error, estimator__max_depth=16, estimator__min_samples_split=5, estimator__n_estimators=70; total time=   0.1s
[CV] END estimator__criterion=absolute_error, estimator__max_depth=16, estimator__min_samples_split=5, estimator__n_estimators=70; total time=   0.2s
[CV] END estimator__criterion=absolute_error, estimator__max_depth=16, estimator__min_samples_split=5, estimator__n_estimators=70; total time=   0.1s
[CV] END estimator__criterion=absolute_error, estimator__max_depth=16, estimator__min_samples_split=5, estimator__n_estimators=80; total time=   0.2s
[CV] END estimator__criterion=absolute_error, estimator__max_depth=15, estimator__min_samples_split=6, estimator__n_estimators=50; total time=   0.1s
[CV] END estimator__criterion=absolute_error, estimator__max_depth=16, estimator__min_samples_split=3, estimator__n_estimators=80; total time=   0.2s
[CV] END estimator__criterion=absolute_error, estimator__max_depth=16, estimator__min_samples_split=3, estimator__n_estimators=80; total time=   0.2s
[CV] END estimator__criterion=absolute_error, estimator__max_depth=16, estimator__min_samples_split=3, estimator__n_estimators=90; total time=   0.2s
[CV] END estimator__criterion=absolute_error, estimator__max_depth=16, estimator__min_samples_split=3, estimator__n_estimators=90; total time=   0.2s
[CV] END estimator__criterion=absolute_error, estimator__max_depth=16, estimator__min_samples_split=6, estimator__n_estimators=90; total time=   0.2s
[CV] END estimator__criterion=absolute_error, estimator__max_depth=16, estimator__min_samples_split=5, estimator__n_estimators=80; total time=   0.2s
[CV] END estimator__criterion=absolute_error, estimator__max_depth=16, estimator__min_samples_split=5, estimator__n_estimators=80; total time=   0.2s
[CV] END estimator__criterion=absolute_error, estimator__max_depth=16, estimator__min_samples_split=5, estimator__n_estimators=80; total time=   0.1s
[CV] END estimator__criterion=absolute_error, estimator__max_depth=16, estimator__min_samples_split=5, estimator__n_estimators=80; total time=   0.2s
[CV] END estimator__criterion=squared_error, estimator__max_depth=12, estimator__min_samples_split=2, estimator__n_estimators=80; total time=   0.0s
[CV] END estimator__criterion=squared_error, estimator__max_depth=12, estimator__min_samples_split=5, estimator__n_estimators=70; total time=   0.0s
[CV] END estimator__criterion=squared_error, estimator__max_depth=12, estimator__min_samples_split=6, estimator__n_estimators=70; total time=   0.0s
[CV] END estimator__criterion=squared_error, estimator__max_depth=13, estimator__min_samples_split=3, estimator__n_estimators=50; total time=   0.0s
[CV] END estimator__criterion=squared_error, estimator__max_depth=13, estimator__min_samples_split=3, estimator__n_estimators=50; total time=   0.0s
[CV] END estimator__criterion=squared_error, estimator__max_depth=13, estimator__min_samples_split=4, estimator__n_estimators=90; total time=   0.0s
[CV] END estimator__criterion=squared_error, estimator__max_depth=13, estimator__min_samples_split=4, estimator__n_estimators=90; total time=   0.0s
[CV] END estimator__criterion=squared_error, estimator__max_depth=13, estimator__min_samples_split=4, estimator__n_estimators=90; total time=   0.0s
[CV] END estimator__criterion=squared_error, estimator__max_depth=13, estimator__min_samples_split=4, estimator__n_estimators=90; total time=   0.0s
[CV] END estimator__criterion=squared_error, estimator__max_depth=14, estimator__min_samples_split=5, estimator__n_estimators=50; total time=   0.0s
[CV] END estimator__criterion=squared_error, estimator__max_depth=14, estimator__min_samples_split=5, estimator__n_estimators=50; total time=   0.0s
[CV] END estimator__criterion=squared_error, estimator__max_depth=14, estimator__min_samples_split=5, estimator__n_estimators=60; total time=   0.0s
[CV] END estimator__criterion=squared_error, estimator__max_depth=14, estimator__min_samples_split=5, estimator__n_estimators=60; total time=   0.0s
[CV] END estimator__criterion=squared_error, estimator__max_depth=15, estimator__min_samples_split=2, estimator__n_estimators=60; total time=   0.0s
[CV] END estimator__criterion=squared_error, estimator__max_depth=15, estimator__min_samples_split=2, estimator__n_estimators=70; total time=   0.0s
[CV] END estimator__criterion=squared_error, estimator__max_depth=15, estimator__min_samples_split=2, estimator__n_estimators=70; total time=   0.0s
[CV] END estimator__criterion=squared_error, estimator__max_depth=15, estimator__min_samples_split=2, estimator__n_estimators=70; total time=   0.0s
[CV] END estimator__criterion=squared_error, estimator__max_depth=15, estimator__min_samples_split=6, estimator__n_estimators=60; total time=   0.0s
[CV] END estimator__criterion=squared_error, estimator__max_depth=15, estimator__min_samples_split=6, estimator__n_estimators=70; total time=   0.0s
[CV] END estimator__criterion=squared_error, estimator__max_depth=15, estimator__min_samples_split=6, estimator__n_estimators=70; total time=   0.0s
[CV] END estimator__criterion=squared_error, estimator__max_depth=15, estimator__min_samples_split=6, estimator__n_estimators=70; total time=   0.0s
[CV] END estimator__criterion=squared_error, estimator__max_depth=16, estimator__min_samples_split=4, estimator__n_estimators=90; total time=   0.0s
[CV] END estimator__criterion=squared_error, estimator__max_depth=16, estimator__min_samples_split=4, estimator__n_estimators=90; total time=   0.0s
[CV] END estimator__criterion=squared_error, estimator__max_depth=16, estimator__min_samples_split=4, estimator__n_estimators=90; total time=   0.0s
[CV] END estimator__criterion=squared_error, estimator__max_depth=16, estimator__min_samples_split=5, estimator__n_estimators=50; total time=   0.0s
[CV] END estimator__criterion=absolute_error, estimator__max_depth=12, estimator__min_samples_split=4, estimator__n_estimators=60; total time=   0.1s
[CV] END estimator__criterion=absolute_error, estimator__max_depth=12, estimator__min_samples_split=4, estimator__n_estimators=70; total time=   0.2s
[CV] END estimator__criterion=absolute_error, estimator__max_depth=12, estimator__min_samples_split=4, estimator__n_estimators=70; total time=   0.1s
[CV] END estimator__criterion=absolute_error, estimator__max_depth=12, estimator__min_samples_split=4, estimator__n_estimators=70; total time=   0.1s
[CV] END estimator__criterion=absolute_error, estimator__max_depth=13, estimator__min_samples_split=2, estimator__n_estimators=80; total time=   0.2s
[CV] END estimator__criterion=absolute_error, estimator__max_depth=13, estimator__min_samples_split=2, estimator__n_estimators=80; total time=   0.2s
[CV] END estimator__criterion=absolute_error, estimator__max_depth=13, estimator__min_samples_split=2, estimator__n_estimators=90; total time=   0.2s
[CV] END estimator__criterion=absolute_error, estimator__max_depth=13, estimator__min_samples_split=2, estimator__n_estimators=90; total time=   0.2s
[CV] END estimator__criterion=absolute_error, estimator__max_depth=14, estimator__min_samples_split=2, estimator__n_estimators=80; total time=   0.2s
[CV] END estimator__criterion=absolute_error, estimator__max_depth=14, estimator__min_samples_split=2, estimator__n_estimators=80; total time=   0.2s
[CV] END estimator__criterion=absolute_error, estimator__max_depth=14, estimator__min_samples_split=2, estimator__n_estimators=80; total time=   0.2s
[CV] END estimator__criterion=absolute_error, estimator__max_depth=14, estimator__min_samples_split=2, estimator__n_estimators=90; total time=   0.2s
[CV] END estimator__criterion=absolute_error, estimator__max_depth=14, estimator__min_samples_split=6, estimator__n_estimators=90; total time=   0.2s
[CV] END estimator__criterion=absolute_error, estimator__max_depth=14, estimator__min_samples_split=6, estimator__n_estimators=90; total time=   0.2s
[CV] END estimator__criterion=absolute_error, estimator__max_depth=14, estimator__min_samples_split=6, estimator__n_estimators=90; total time=   0.2s
[CV] END estimator__criterion=absolute_error, estimator__max_depth=14, estimator__min_samples_split=6, estimator__n_estimators=90; total time=   0.2s
[CV] END estimator__criterion=absolute_error, estimator__max_depth=15, estimator__min_samples_split=6, estimator__n_estimators=80; total time=   0.2s
[CV] END estimator__criterion=absolute_error, estimator__max_depth=15, estimator__min_samples_split=6, estimator__n_estimators=80; total time=   0.2s
[CV] END estimator__criterion=absolute_error, estimator__max_depth=15, estimator__min_samples_split=6, estimator__n_estimators=80; total time=   0.2s
[CV] END estimator__criterion=absolute_error, estimator__max_depth=15, estimator__min_samples_split=6, estimator__n_estimators=80; total time=   0.2s
[CV] END estimator__criterion=absolute_error, estimator__max_depth=16, estimator__min_samples_split=5, estimator__n_estimators=90; total time=   0.2s
[CV] END estimator__criterion=absolute_error, estimator__max_depth=16, estimator__min_samples_split=5, estimator__n_estimators=90; total time=   0.2s
[CV] END estimator__criterion=absolute_error, estimator__max_depth=16, estimator__min_samples_split=5, estimator__n_estimators=90; total time=   0.2s
[CV] END estimator__criterion=absolute_error, estimator__max_depth=16, estimator__min_samples_split=5, estimator__n_estimators=90; total time=   0.2s
