W0419 10:23:45.935000 36912 site-packages\torch\utils\flop_counter.py:29] triton not found; flop counting will not work for triton kernels
[INFO] Loading exact-paper config | config\paper_reimplementation\rcim_ml_compensation\exact_model_bank\campaigns\2026-04-19_track1_lgbm_residual_cellwise_closure_campaign\105_track1_lgbm_phase_162_closure_attempt_03.yaml
[INFO] Exact-paper output directory | output/validation_checks/paper_reimplementation_rcim_exact_model_bank/2026-04-19-10-23-46__track1_lgbm_phase_162_closure_attempt_03_campaign_run
[INFO] Building exact-paper dataset bundle
[INFO] Exact-paper dataset ready | rows=969 targets=1 families=1 scope_mode=phases_only
[INFO] Exact-paper target scope | kinds=phase harmonics=162 preview=fft_y_Fw_filtered_phase_162
[INFO] Exact-paper search settings | mode=paper_reference_grid_search grid_search_n_jobs=24 grid_search_verbose=2 grid_search_pre_dispatch=24 families=LGBM
[INFO] Fitting family bank | LGBM
[INFO] Family fit started | family=LGBM estimator=LGBMRegressor targets=1 threadpool_limit=1 joblib_cpu_limit=system_default os_cpu_count=32
[INFO] Family target scope | family=LGBM kinds=phase harmonics=162 preview=fft_y_Fw_filtered_phase_162
[INFO] Grid search configured | family=LGBM candidates=600 parameter_count=4 n_jobs=24 verbose=2 pre_dispatch=24
W0419 10:23:52.729000 22784 site-packages\torch\utils\flop_counter.py:29] triton not found; flop counting will not work for triton kernels
W0419 10:23:52.953000 33808 site-packages\torch\utils\flop_counter.py:29] triton not found; flop counting will not work for triton kernels
W0419 10:23:52.998000 38852 site-packages\torch\utils\flop_counter.py:29] triton not found; flop counting will not work for triton kernels
W0419 10:23:53.084000 30220 site-packages\torch\utils\flop_counter.py:29] triton not found; flop counting will not work for triton kernels
W0419 10:23:53.101000 36396 site-packages\torch\utils\flop_counter.py:29] triton not found; flop counting will not work for triton kernels
W0419 10:23:53.110000 24452 site-packages\torch\utils\flop_counter.py:29] triton not found; flop counting will not work for triton kernels
W0419 10:23:53.189000 21900 site-packages\torch\utils\flop_counter.py:29] triton not found; flop counting will not work for triton kernels
W0419 10:23:53.219000 35088 site-packages\torch\utils\flop_counter.py:29] triton not found; flop counting will not work for triton kernels
W0419 10:23:53.252000 37540 site-packages\torch\utils\flop_counter.py:29] triton not found; flop counting will not work for triton kernels
W0419 10:23:53.556000 36476 site-packages\torch\utils\flop_counter.py:29] triton not found; flop counting will not work for triton kernels
W0419 10:23:53.559000 28700 site-packages\torch\utils\flop_counter.py:29] triton not found; flop counting will not work for triton kernels
W0419 10:23:53.571000 24428 site-packages\torch\utils\flop_counter.py:29] triton not found; flop counting will not work for triton kernels
W0419 10:23:53.615000 19664 site-packages\torch\utils\flop_counter.py:29] triton not found; flop counting will not work for triton kernels
W0419 10:23:53.631000 9452 site-packages\torch\utils\flop_counter.py:29] triton not found; flop counting will not work for triton kernels
W0419 10:23:53.662000 35236 site-packages\torch\utils\flop_counter.py:29] triton not found; flop counting will not work for triton kernels
W0419 10:23:53.674000 16232 site-packages\torch\utils\flop_counter.py:29] triton not found; flop counting will not work for triton kernels
W0419 10:23:53.680000 36932 site-packages\torch\utils\flop_counter.py:29] triton not found; flop counting will not work for triton kernels
W0419 10:23:53.709000 14068 site-packages\torch\utils\flop_counter.py:29] triton not found; flop counting will not work for triton kernels
W0419 10:23:53.709000 16908 site-packages\torch\utils\flop_counter.py:29] triton not found; flop counting will not work for triton kernels
W0419 10:23:53.726000 13380 site-packages\torch\utils\flop_counter.py:29] triton not found; flop counting will not work for triton kernels
W0419 10:23:53.731000 37560 site-packages\torch\utils\flop_counter.py:29] triton not found; flop counting will not work for triton kernels
W0419 10:23:53.731000 24284 site-packages\torch\utils\flop_counter.py:29] triton not found; flop counting will not work for triton kernels
W0419 10:23:53.737000 35420 site-packages\torch\utils\flop_counter.py:29] triton not found; flop counting will not work for triton kernels
W0419 10:23:53.737000 20160 site-packages\torch\utils\flop_counter.py:29] triton not found; flop counting will not work for triton kernels
[CV] END estimator__learning_rate=0.01, estimator__max_depth=10, estimator__num_leaves=2, estimator__subsample=0.1; total time=   3.9s
[CV] END estimator__learning_rate=0.01, estimator__max_depth=10, estimator__num_leaves=8, estimator__subsample=0.1; total time=   0.5s
[CV] END estimator__learning_rate=0.01, estimator__max_depth=10, estimator__num_leaves=31, estimator__subsample=0.001; total time=   1.3s
[CV] END estimator__learning_rate=0.01, estimator__max_depth=11, estimator__num_leaves=4, estimator__subsample=0.1; total time=   0.2s
[CV] END estimator__learning_rate=0.01, estimator__max_depth=11, estimator__num_leaves=4, estimator__subsample=0.1; total time=   0.2s
[CV] END estimator__learning_rate=0.01, estimator__max_depth=11, estimator__num_leaves=8, estimator__subsample=0.1; total time=   0.4s
[CV] END estimator__learning_rate=0.01, estimator__max_depth=11, estimator__num_leaves=8, estimator__subsample=0.1; total time=   0.4s
[CV] END estimator__learning_rate=0.01, estimator__max_depth=12, estimator__num_leaves=2, estimator__subsample=0.001; total time=   0.0s
[CV] END estimator__learning_rate=0.01, estimator__max_depth=12, estimator__num_leaves=2, estimator__subsample=0.001; total time=   0.0s
[CV] END estimator__learning_rate=0.01, estimator__max_depth=12, estimator__num_leaves=2, estimator__subsample=0.01; total time=   0.0s
[CV] END estimator__learning_rate=0.01, estimator__max_depth=12, estimator__num_leaves=2, estimator__subsample=0.01; total time=   0.0s
[CV] END estimator__learning_rate=0.01, estimator__max_depth=12, estimator__num_leaves=4, estimator__subsample=0.001; total time=   0.2s
[CV] END estimator__learning_rate=0.01, estimator__max_depth=12, estimator__num_leaves=4, estimator__subsample=0.01; total time=   0.2s
[CV] END estimator__learning_rate=0.01, estimator__max_depth=12, estimator__num_leaves=6, estimator__subsample=0.1; total time=   0.3s
[CV] END estimator__learning_rate=0.01, estimator__max_depth=12, estimator__num_leaves=6, estimator__subsample=0.1; total time=   0.3s
[CV] END estimator__learning_rate=0.01, estimator__max_depth=12, estimator__num_leaves=10, estimator__subsample=0.001; total time=   0.5s
[CV] END estimator__learning_rate=0.01, estimator__max_depth=12, estimator__num_leaves=10, estimator__subsample=0.001; total time=   0.5s
[CV] END estimator__learning_rate=0.01, estimator__max_depth=13, estimator__num_leaves=2, estimator__subsample=0.1; total time=   0.0s
[CV] END estimator__learning_rate=0.01, estimator__max_depth=13, estimator__num_leaves=2, estimator__subsample=0.2; total time=   0.0s
[CV] END estimator__learning_rate=0.01, estimator__max_depth=13, estimator__num_leaves=4, estimator__subsample=0.01; total time=   0.2s
[CV] END estimator__learning_rate=0.01, estimator__max_depth=13, estimator__num_leaves=4, estimator__subsample=0.2; total time=   0.2s
[CV] END estimator__learning_rate=0.01, estimator__max_depth=13, estimator__num_leaves=6, estimator__subsample=0.1; total time=   0.3s
[CV] END estimator__learning_rate=0.01, estimator__max_depth=13, estimator__num_leaves=8, estimator__subsample=0.01; total time=   0.4s
[CV] END estimator__learning_rate=0.01, estimator__max_depth=13, estimator__num_leaves=8, estimator__subsample=0.2; total time=   0.4s
[CV] END estimator__learning_rate=0.01, estimator__max_depth=13, estimator__num_leaves=10, estimator__subsample=0.1; total time=   0.6s
[CV] END estimator__learning_rate=0.01, estimator__max_depth=13, estimator__num_leaves=31, estimator__subsample=0.2; total time=   1.3s
[CV] END estimator__learning_rate=0.01, estimator__max_depth=14, estimator__num_leaves=8, estimator__subsample=0.001; total time=   0.6s
[CV] END estimator__learning_rate=0.01, estimator__max_depth=14, estimator__num_leaves=8, estimator__subsample=0.001; total time=   0.4s
[CV] END estimator__learning_rate=0.2, estimator__max_depth=10, estimator__num_leaves=2, estimator__subsample=0.001; total time=   0.0s
[CV] END estimator__learning_rate=0.2, estimator__max_depth=10, estimator__num_leaves=2, estimator__subsample=0.001; total time=   0.0s
[CV] END estimator__learning_rate=0.2, estimator__max_depth=10, estimator__num_leaves=2, estimator__subsample=0.01; total time=   0.0s
[CV] END estimator__learning_rate=0.2, estimator__max_depth=10, estimator__num_leaves=2, estimator__subsample=0.01; total time=   0.0s
[CV] END estimator__learning_rate=0.2, estimator__max_depth=10, estimator__num_leaves=4, estimator__subsample=0.001; total time=   0.2s
[CV] END estimator__learning_rate=0.2, estimator__max_depth=10, estimator__num_leaves=4, estimator__subsample=0.01; total time=   0.2s
[CV] END estimator__learning_rate=0.2, estimator__max_depth=10, estimator__num_leaves=6, estimator__subsample=0.1; total time=   0.3s
[CV] END estimator__learning_rate=0.2, estimator__max_depth=10, estimator__num_leaves=6, estimator__subsample=0.1; total time=   0.3s
[CV] END estimator__learning_rate=0.2, estimator__max_depth=10, estimator__num_leaves=10, estimator__subsample=0.001; total time=   0.5s
[CV] END estimator__learning_rate=0.2, estimator__max_depth=10, estimator__num_leaves=10, estimator__subsample=0.001; total time=   0.6s
[CV] END estimator__learning_rate=0.2, estimator__max_depth=11, estimator__num_leaves=2, estimator__subsample=0.2; total time=   0.0s
[CV] END estimator__learning_rate=0.2, estimator__max_depth=11, estimator__num_leaves=2, estimator__subsample=0.2; total time=   0.0s
[CV] END estimator__learning_rate=0.2, estimator__max_depth=11, estimator__num_leaves=4, estimator__subsample=0.01; total time=   0.2s
[CV] END estimator__learning_rate=0.2, estimator__max_depth=11, estimator__num_leaves=4, estimator__subsample=0.2; total time=   0.2s
[CV] END estimator__learning_rate=0.2, estimator__max_depth=11, estimator__num_leaves=6, estimator__subsample=0.1; total time=   0.3s
[CV] END estimator__learning_rate=0.2, estimator__max_depth=11, estimator__num_leaves=8, estimator__subsample=0.01; total time=   0.4s
[CV] END estimator__learning_rate=0.2, estimator__max_depth=11, estimator__num_leaves=10, estimator__subsample=0.001; total time=   0.5s
[CV] END estimator__learning_rate=0.2, estimator__max_depth=11, estimator__num_leaves=31, estimator__subsample=0.001; total time=   1.3s
[CV] END estimator__learning_rate=0.2, estimator__max_depth=12, estimator__num_leaves=4, estimator__subsample=0.2; total time=   0.2s
[CV] END estimator__learning_rate=0.2, estimator__max_depth=12, estimator__num_leaves=4, estimator__subsample=0.2; total time=   0.2s
[CV] END estimator__learning_rate=0.2, estimator__max_depth=12, estimator__num_leaves=10, estimator__subsample=0.001; total time=   0.6s
[CV] END estimator__learning_rate=0.2, estimator__max_depth=12, estimator__num_leaves=10, estimator__subsample=0.001; total time=   0.6s
[CV] END estimator__learning_rate=0.2, estimator__max_depth=13, estimator__num_leaves=2, estimator__subsample=0.1; total time=   0.0s
[CV] END estimator__learning_rate=0.2, estimator__max_depth=13, estimator__num_leaves=2, estimator__subsample=0.2; total time=   0.0s
[CV] END estimator__learning_rate=0.2, estimator__max_depth=13, estimator__num_leaves=4, estimator__subsample=0.1; total time=   0.2s
[CV] END estimator__learning_rate=0.2, estimator__max_depth=13, estimator__num_leaves=4, estimator__subsample=0.1; total time=   0.2s
[CV] END estimator__learning_rate=0.2, estimator__max_depth=13, estimator__num_leaves=6, estimator__subsample=0.2; total time=   0.3s
[CV] END estimator__learning_rate=0.2, estimator__max_depth=13, estimator__num_leaves=6, estimator__subsample=0.2; total time=   0.3s
[CV] END estimator__learning_rate=0.2, estimator__max_depth=13, estimator__num_leaves=10, estimator__subsample=0.01; total time=   0.5s
[CV] END estimator__learning_rate=0.2, estimator__max_depth=13, estimator__num_leaves=10, estimator__subsample=0.01; total time=   0.6s
[CV] END estimator__learning_rate=0.2, estimator__max_depth=14, estimator__num_leaves=4, estimator__subsample=0.001; total time=   0.2s
[CV] END estimator__learning_rate=0.2, estimator__max_depth=14, estimator__num_leaves=4, estimator__subsample=0.001; total time=   0.2s
[CV] END estimator__learning_rate=0.2, estimator__max_depth=14, estimator__num_leaves=6, estimator__subsample=0.001; total time=   0.3s[CV] END estimator__learning_rate=0.01, estimator__max_depth=10, estimator__num_leaves=2, estimator__subsample=0.001; total time=   3.7s
[CV] END estimator__learning_rate=0.01, estimator__max_depth=10, estimator__num_leaves=4, estimator__subsample=0.001; total time=   0.0s
[CV] END estimator__learning_rate=0.01, estimator__max_depth=10, estimator__num_leaves=4, estimator__subsample=0.01; total time=   0.0s
[CV] END estimator__learning_rate=0.01, estimator__max_depth=10, estimator__num_leaves=4, estimator__subsample=0.01; total time=   0.0s
[CV] END estimator__learning_rate=0.01, estimator__max_depth=10, estimator__num_leaves=4, estimator__subsample=0.01; total time=   0.0s
[CV] END estimator__learning_rate=0.01, estimator__max_depth=10, estimator__num_leaves=4, estimator__subsample=0.01; total time=   0.0s
[CV] END estimator__learning_rate=0.01, estimator__max_depth=10, estimator__num_leaves=4, estimator__subsample=0.01; total time=   0.0s
[CV] END estimator__learning_rate=0.01, estimator__max_depth=10, estimator__num_leaves=4, estimator__subsample=0.1; total time=   0.0s
[CV] END estimator__learning_rate=0.01, estimator__max_depth=10, estimator__num_leaves=4, estimator__subsample=0.1; total time=   0.0s
[CV] END estimator__learning_rate=0.01, estimator__max_depth=10, estimator__num_leaves=4, estimator__subsample=0.1; total time=   0.0s
[CV] END estimator__learning_rate=0.01, estimator__max_depth=10, estimator__num_leaves=4, estimator__subsample=0.1; total time=   0.0s
[CV] END estimator__learning_rate=0.01, estimator__max_depth=10, estimator__num_leaves=4, estimator__subsample=0.1; total time=   0.0s
[CV] END estimator__learning_rate=0.01, estimator__max_depth=10, estimator__num_leaves=4, estimator__subsample=0.2; total time=   0.0s
[CV] END estimator__learning_rate=0.01, estimator__max_depth=10, estimator__num_leaves=4, estimator__subsample=0.2; total time=   0.0s
[CV] END estimator__learning_rate=0.01, estimator__max_depth=10, estimator__num_leaves=6, estimator__subsample=0.001; total time=   0.1s
[CV] END estimator__learning_rate=0.01, estimator__max_depth=10, estimator__num_leaves=6, estimator__subsample=0.01; total time=   0.1s
[CV] END estimator__learning_rate=0.01, estimator__max_depth=10, estimator__num_leaves=6, estimator__subsample=0.2; total time=   0.1s
[CV] END estimator__learning_rate=0.01, estimator__max_depth=10, estimator__num_leaves=8, estimator__subsample=0.01; total time=   0.6s
[CV] END estimator__learning_rate=0.01, estimator__max_depth=10, estimator__num_leaves=10, estimator__subsample=0.1; total time=   0.5s
[CV] END estimator__learning_rate=0.01, estimator__max_depth=10, estimator__num_leaves=31, estimator__subsample=0.1; total time=   1.3s
[CV] END estimator__learning_rate=0.01, estimator__max_depth=11, estimator__num_leaves=8, estimator__subsample=0.001; total time=   0.4s
[CV] END estimator__learning_rate=0.01, estimator__max_depth=11, estimator__num_leaves=8, estimator__subsample=0.001; total time=   0.4s
[CV] END estimator__learning_rate=0.01, estimator__max_depth=11, estimator__num_leaves=31, estimator__subsample=0.01; total time=   1.3s
[CV] END estimator__learning_rate=0.01, estimator__max_depth=11, estimator__num_leaves=31, estimator__subsample=0.01; total time=   1.3s
[CV] END estimator__learning_rate=0.01, estimator__max_depth=12, estimator__num_leaves=31, estimator__subsample=0.01; total time=   1.3s
[CV] END estimator__learning_rate=0.01, estimator__max_depth=12, estimator__num_leaves=31, estimator__subsample=0.01; total time=   1.3s
[CV] END estimator__learning_rate=0.01, estimator__max_depth=13, estimator__num_leaves=10, estimator__subsample=0.2; total time=   0.6s
[CV] END estimator__learning_rate=0.01, estimator__max_depth=14, estimator__num_leaves=2, estimator__subsample=0.01; total time=   0.0s
[CV] END estimator__learning_rate=0.01, estimator__max_depth=14, estimator__num_leaves=2, estimator__subsample=0.01; total time=   0.0s
[CV] END estimator__learning_rate=0.01, estimator__max_depth=14, estimator__num_leaves=2, estimator__subsample=0.1; total time=   0.0s
[CV] END estimator__learning_rate=0.01, estimator__max_depth=14, estimator__num_leaves=2, estimator__subsample=0.2; total time=   0.0s
[CV] END estimator__learning_rate=0.01, estimator__max_depth=14, estimator__num_leaves=4, estimator__subsample=0.001; total time=   0.2s
[CV] END estimator__learning_rate=0.01, estimator__max_depth=14, estimator__num_leaves=4, estimator__subsample=0.1; total time=   0.2s
[CV] END estimator__learning_rate=0.01, estimator__max_depth=14, estimator__num_leaves=4, estimator__subsample=0.1; total time=   0.2s
[CV] END estimator__learning_rate=0.01, estimator__max_depth=14, estimator__num_leaves=10, estimator__subsample=0.001; total time=   0.5s
[CV] END estimator__learning_rate=0.01, estimator__max_depth=14, estimator__num_leaves=10, estimator__subsample=0.001; total time=   0.5s
[CV] END estimator__learning_rate=0.2, estimator__max_depth=10, estimator__num_leaves=2, estimator__subsample=0.2; total time=   0.0s
[CV] END estimator__learning_rate=0.2, estimator__max_depth=10, estimator__num_leaves=2, estimator__subsample=0.2; total time=   0.0s
[CV] END estimator__learning_rate=0.2, estimator__max_depth=10, estimator__num_leaves=4, estimator__subsample=0.1; total time=   0.2s
[CV] END estimator__learning_rate=0.2, estimator__max_depth=10, estimator__num_leaves=4, estimator__subsample=0.1; total time=   0.2s
[CV] END estimator__learning_rate=0.2, estimator__max_depth=10, estimator__num_leaves=8, estimator__subsample=0.001; total time=   0.4s
[CV] END estimator__learning_rate=0.2, estimator__max_depth=10, estimator__num_leaves=8, estimator__subsample=0.001; total time=   0.4s
[CV] END estimator__learning_rate=0.2, estimator__max_depth=10, estimator__num_leaves=10, estimator__subsample=0.01; total time=   0.5s
[CV] END estimator__learning_rate=0.2, estimator__max_depth=10, estimator__num_leaves=10, estimator__subsample=0.01; total time=   0.6s
[CV] END estimator__learning_rate=0.2, estimator__max_depth=11, estimator__num_leaves=4, estimator__subsample=0.1; total time=   0.2s
[CV] END estimator__learning_rate=0.2, estimator__max_depth=11, estimator__num_leaves=6, estimator__subsample=0.001; total time=   0.3s
[CV] END estimator__learning_rate=0.2, estimator__max_depth=11, estimator__num_leaves=6, estimator__subsample=0.2; total time=   0.3s
[CV] END estimator__learning_rate=0.2, estimator__max_depth=11, estimator__num_leaves=8, estimator__subsample=0.1; total time=   0.4s
[CV] END estimator__learning_rate=0.2, estimator__max_depth=11, estimator__num_leaves=10, estimator__subsample=0.01; total time=   0.5s
[CV] END estimator__learning_rate=0.2, estimator__max_depth=11, estimator__num_leaves=31, estimator__subsample=0.1; total time=   1.2s
[CV] END estimator__learning_rate=0.2, estimator__max_depth=12, estimator__num_leaves=6, estimator__subsample=0.001; total time=   0.3s
[CV] END estimator__learning_rate=0.2, estimator__max_depth=12, estimator__num_leaves=6, estimator__subsample=0.01; total time=   0.3s
[CV] END estimator__learning_rate=0.2, estimator__max_depth=12, estimator__num_leaves=10, estimator__subsample=0.1; total time=   0.6s
[CV] END estimator__learning_rate=0.2, estimator__max_depth=12, estimator__num_leaves=10, estimator__subsample=0.1; total time=   0.6s
[CV] END estimator__learning_rate=0.2, estimator__max_depth=13, estimator__num_leaves=6, estimator__subsample=0.001; total time=   0.3s
[CV] END estimator__learning_rate=0.2, estimator__max_depth=13, estimator__num_leaves=6, estimator__subsample=0.001; total time=   0.3s
[CV] END estimator__learning_rate=0.2, estimator__max_depth=13, estimator__num_leaves=8, estimator__subsample=0.01; total time=   0.4s
[CV] END estimator__learning_rate=0.2, estimator__max_depth=13, estimator__num_leaves=8, estimator__subsample=0.01; total time=   0.4s
[CV] END estimator__learning_rate=0.2, estimator__max_depth=13, estimator__num_leaves=31, estimator__subsample=0.001; total time=   1.4s
[CV] END estimator__learning_rate=0.2, estimator__max_depth=13, estimator__num_leaves=31, estimator__subsample=0.001; total time=   1.3s[CV] END estimator__learning_rate=0.01, estimator__max_depth=10, estimator__num_leaves=2, estimator__subsample=0.2; total time=   3.9s
[CV] END estimator__learning_rate=0.01, estimator__max_depth=10, estimator__num_leaves=8, estimator__subsample=0.2; total time=   0.5s
[CV] END estimator__learning_rate=0.01, estimator__max_depth=10, estimator__num_leaves=31, estimator__subsample=0.001; total time=   1.2s
[CV] END estimator__learning_rate=0.01, estimator__max_depth=11, estimator__num_leaves=4, estimator__subsample=0.001; total time=   0.2s
[CV] END estimator__learning_rate=0.01, estimator__max_depth=11, estimator__num_leaves=4, estimator__subsample=0.01; total time=   0.2s
[CV] END estimator__learning_rate=0.01, estimator__max_depth=11, estimator__num_leaves=8, estimator__subsample=0.001; total time=   0.4s
[CV] END estimator__learning_rate=0.01, estimator__max_depth=11, estimator__num_leaves=8, estimator__subsample=0.001; total time=   0.4s
[CV] END estimator__learning_rate=0.01, estimator__max_depth=11, estimator__num_leaves=31, estimator__subsample=0.1; total time=   1.4s
[CV] END estimator__learning_rate=0.01, estimator__max_depth=11, estimator__num_leaves=31, estimator__subsample=0.1; total time=   1.3s
[CV] END estimator__learning_rate=0.01, estimator__max_depth=13, estimator__num_leaves=2, estimator__subsample=0.001; total time=   0.0s
[CV] END estimator__learning_rate=0.01, estimator__max_depth=13, estimator__num_leaves=2, estimator__subsample=0.01; total time=   0.0s
[CV] END estimator__learning_rate=0.01, estimator__max_depth=13, estimator__num_leaves=2, estimator__subsample=0.1; total time=   0.0s
[CV] END estimator__learning_rate=0.01, estimator__max_depth=13, estimator__num_leaves=2, estimator__subsample=0.1; total time=   0.0s
[CV] END estimator__learning_rate=0.01, estimator__max_depth=13, estimator__num_leaves=4, estimator__subsample=0.01; total time=   0.2s
[CV] END estimator__learning_rate=0.01, estimator__max_depth=13, estimator__num_leaves=4, estimator__subsample=0.2; total time=   0.2s
[CV] END estimator__learning_rate=0.01, estimator__max_depth=13, estimator__num_leaves=6, estimator__subsample=0.01; total time=   0.3s
[CV] END estimator__learning_rate=0.01, estimator__max_depth=13, estimator__num_leaves=8, estimator__subsample=0.001; total time=   0.4s
[CV] END estimator__learning_rate=0.01, estimator__max_depth=13, estimator__num_leaves=8, estimator__subsample=0.2; total time=   0.4s
[CV] END estimator__learning_rate=0.01, estimator__max_depth=13, estimator__num_leaves=10, estimator__subsample=0.1; total time=   0.5s
[CV] END estimator__learning_rate=0.01, estimator__max_depth=13, estimator__num_leaves=31, estimator__subsample=0.1; total time=   1.3s
[CV] END estimator__learning_rate=0.01, estimator__max_depth=14, estimator__num_leaves=8, estimator__subsample=0.01; total time=   0.4s
[CV] END estimator__learning_rate=0.01, estimator__max_depth=14, estimator__num_leaves=8, estimator__subsample=0.01; total time=   0.4s
[CV] END estimator__learning_rate=0.01, estimator__max_depth=14, estimator__num_leaves=31, estimator__subsample=0.1; total time=   1.3s
[CV] END estimator__learning_rate=0.01, estimator__max_depth=14, estimator__num_leaves=31, estimator__subsample=0.1; total time=   1.2s
[CV] END estimator__learning_rate=0.2, estimator__max_depth=10, estimator__num_leaves=31, estimator__subsample=0.1; total time=   1.3s
[CV] END estimator__learning_rate=0.2, estimator__max_depth=10, estimator__num_leaves=31, estimator__subsample=0.2; total time=   1.1s
[CV] END estimator__learning_rate=0.2, estimator__max_depth=11, estimator__num_leaves=10, estimator__subsample=0.2; total time=   0.5s
[CV] END estimator__learning_rate=0.2, estimator__max_depth=12, estimator__num_leaves=2, estimator__subsample=0.001; total time=   0.0s
[CV] END estimator__learning_rate=0.2, estimator__max_depth=12, estimator__num_leaves=2, estimator__subsample=0.01; total time=   0.0s
[CV] END estimator__learning_rate=0.2, estimator__max_depth=12, estimator__num_leaves=2, estimator__subsample=0.1; total time=   0.0s
[CV] END estimator__learning_rate=0.2, estimator__max_depth=12, estimator__num_leaves=2, estimator__subsample=0.1; total time=   0.0s
[CV] END estimator__learning_rate=0.2, estimator__max_depth=12, estimator__num_leaves=2, estimator__subsample=0.2; total time=   0.0s
[CV] END estimator__learning_rate=0.2, estimator__max_depth=12, estimator__num_leaves=4, estimator__subsample=0.001; total time=   0.1s
[CV] END estimator__learning_rate=0.2, estimator__max_depth=12, estimator__num_leaves=4, estimator__subsample=0.1; total time=   0.2s
[CV] END estimator__learning_rate=0.2, estimator__max_depth=12, estimator__num_leaves=4, estimator__subsample=0.1; total time=   0.2s
[CV] END estimator__learning_rate=0.2, estimator__max_depth=12, estimator__num_leaves=8, estimator__subsample=0.2; total time=   0.4s
[CV] END estimator__learning_rate=0.2, estimator__max_depth=12, estimator__num_leaves=8, estimator__subsample=0.2; total time=   0.4s
[CV] END estimator__learning_rate=0.2, estimator__max_depth=13, estimator__num_leaves=2, estimator__subsample=0.001; total time=   0.0s
[CV] END estimator__learning_rate=0.2, estimator__max_depth=13, estimator__num_leaves=2, estimator__subsample=0.001; total time=   0.0s
[CV] END estimator__learning_rate=0.2, estimator__max_depth=13, estimator__num_leaves=2, estimator__subsample=0.1; total time=   0.0s
[CV] END estimator__learning_rate=0.2, estimator__max_depth=13, estimator__num_leaves=2, estimator__subsample=0.1; total time=   0.0s
[CV] END estimator__learning_rate=0.2, estimator__max_depth=13, estimator__num_leaves=4, estimator__subsample=0.01; total time=   0.2s
[CV] END estimator__learning_rate=0.2, estimator__max_depth=13, estimator__num_leaves=4, estimator__subsample=0.01; total time=   0.2s
[CV] END estimator__learning_rate=0.2, estimator__max_depth=13, estimator__num_leaves=6, estimator__subsample=0.1; total time=   0.3s
[CV] END estimator__learning_rate=0.2, estimator__max_depth=13, estimator__num_leaves=6, estimator__subsample=0.2; total time=   0.3s
[CV] END estimator__learning_rate=0.2, estimator__max_depth=13, estimator__num_leaves=10, estimator__subsample=0.001; total time=   0.5s
[CV] END estimator__learning_rate=0.2, estimator__max_depth=13, estimator__num_leaves=10, estimator__subsample=0.001; total time=   0.6s
[CV] END estimator__learning_rate=0.2, estimator__max_depth=14, estimator__num_leaves=2, estimator__subsample=0.2; total time=   0.0s
[CV] END estimator__learning_rate=0.2, estimator__max_depth=14, estimator__num_leaves=2, estimator__subsample=0.2; total time=   0.0s
[CV] END estimator__learning_rate=0.2, estimator__max_depth=14, estimator__num_leaves=4, estimator__subsample=0.01; total time=   0.2s
[CV] END estimator__learning_rate=0.2, estimator__max_depth=14, estimator__num_leaves=4, estimator__subsample=0.2; total time=   0.2s
[CV] END estimator__learning_rate=0.2, estimator__max_depth=14, estimator__num_leaves=6, estimator__subsample=0.1; total time=   0.3s
[CV] END estimator__learning_rate=0.2, estimator__max_depth=14, estimator__num_leaves=8, estimator__subsample=0.01; total time=   0.4s
[CV] END estimator__learning_rate=0.2, estimator__max_depth=14, estimator__num_leaves=10, estimator__subsample=0.001; total time=   0.5s
[CV] END estimator__learning_rate=0.2, estimator__max_depth=14, estimator__num_leaves=10, estimator__subsample=0.2; total time=   0.5s
[CV] END estimator__learning_rate=0.39, estimator__max_depth=10, estimator__num_leaves=2, estimator__subsample=0.001; total time=   0.0s
[CV] END estimator__learning_rate=0.39, estimator__max_depth=10, estimator__num_leaves=2, estimator__subsample=0.01; total time=   0.0s
[CV] END estimator__learning_rate=0.39, estimator__max_depth=10, estimator__num_leaves=2, estimator__subsample=0.1; total time=   0.0s
[CV] END estimator__learning_rate=0.39, estimator__max_depth=10, estimator__num_leaves=2, estimator__subsample=0.1; total time=   0.0s
[CV] END estimator__learning_rate=0.39, estimator__max_depth=10, estimator__num_leaves=2, estimator__subsample=0.2; total time=   0.0s
[CV] END estimator__learning_rate=0.39, estimator__max_depth=10, estimator__num_leaves=4, estimator__subsample=0.001; total time=   0.1s[CV] END estimator__learning_rate=0.01, estimator__max_depth=10, estimator__num_leaves=2, estimator__subsample=0.1; total time=   4.0s
[CV] END estimator__learning_rate=0.01, estimator__max_depth=10, estimator__num_leaves=10, estimator__subsample=0.001; total time=   0.6s
[CV] END estimator__learning_rate=0.01, estimator__max_depth=10, estimator__num_leaves=31, estimator__subsample=0.001; total time=   1.3s
[CV] END estimator__learning_rate=0.01, estimator__max_depth=11, estimator__num_leaves=6, estimator__subsample=0.001; total time=   0.3s
[CV] END estimator__learning_rate=0.01, estimator__max_depth=11, estimator__num_leaves=6, estimator__subsample=0.001; total time=   0.3s
[CV] END estimator__learning_rate=0.01, estimator__max_depth=11, estimator__num_leaves=10, estimator__subsample=0.1; total time=   0.6s
[CV] END estimator__learning_rate=0.01, estimator__max_depth=11, estimator__num_leaves=10, estimator__subsample=0.1; total time=   0.6s
[CV] END estimator__learning_rate=0.01, estimator__max_depth=12, estimator__num_leaves=4, estimator__subsample=0.2; total time=   0.2s
[CV] END estimator__learning_rate=0.01, estimator__max_depth=12, estimator__num_leaves=4, estimator__subsample=0.2; total time=   0.2s
[CV] END estimator__learning_rate=0.01, estimator__max_depth=12, estimator__num_leaves=8, estimator__subsample=0.01; total time=   0.4s
[CV] END estimator__learning_rate=0.01, estimator__max_depth=12, estimator__num_leaves=8, estimator__subsample=0.01; total time=   0.4s
[CV] END estimator__learning_rate=0.01, estimator__max_depth=12, estimator__num_leaves=10, estimator__subsample=0.1; total time=   0.6s
[CV] END estimator__learning_rate=0.01, estimator__max_depth=12, estimator__num_leaves=10, estimator__subsample=0.2; total time=   0.6s
[CV] END estimator__learning_rate=0.01, estimator__max_depth=13, estimator__num_leaves=4, estimator__subsample=0.2; total time=   0.2s
[CV] END estimator__learning_rate=0.01, estimator__max_depth=13, estimator__num_leaves=6, estimator__subsample=0.1; total time=   0.3s
[CV] END estimator__learning_rate=0.01, estimator__max_depth=13, estimator__num_leaves=8, estimator__subsample=0.001; total time=   0.4s
[CV] END estimator__learning_rate=0.01, estimator__max_depth=13, estimator__num_leaves=10, estimator__subsample=0.001; total time=   0.5s
[CV] END estimator__learning_rate=0.01, estimator__max_depth=13, estimator__num_leaves=10, estimator__subsample=0.2; total time=   0.5s
[CV] END estimator__learning_rate=0.01, estimator__max_depth=14, estimator__num_leaves=2, estimator__subsample=0.001; total time=   0.0s
[CV] END estimator__learning_rate=0.01, estimator__max_depth=14, estimator__num_leaves=2, estimator__subsample=0.001; total time=   0.0s
[CV] END estimator__learning_rate=0.01, estimator__max_depth=14, estimator__num_leaves=2, estimator__subsample=0.01; total time=   0.0s
[CV] END estimator__learning_rate=0.01, estimator__max_depth=14, estimator__num_leaves=2, estimator__subsample=0.1; total time=   0.0s
[CV] END estimator__learning_rate=0.01, estimator__max_depth=14, estimator__num_leaves=2, estimator__subsample=0.2; total time=   0.0s
[CV] END estimator__learning_rate=0.01, estimator__max_depth=14, estimator__num_leaves=4, estimator__subsample=0.001; total time=   0.1s
[CV] END estimator__learning_rate=0.01, estimator__max_depth=14, estimator__num_leaves=4, estimator__subsample=0.001; total time=   0.2s
[CV] END estimator__learning_rate=0.01, estimator__max_depth=14, estimator__num_leaves=4, estimator__subsample=0.01; total time=   0.2s
[CV] END estimator__learning_rate=0.01, estimator__max_depth=14, estimator__num_leaves=8, estimator__subsample=0.1; total time=   0.4s
[CV] END estimator__learning_rate=0.01, estimator__max_depth=14, estimator__num_leaves=8, estimator__subsample=0.1; total time=   0.4s
[CV] END estimator__learning_rate=0.01, estimator__max_depth=14, estimator__num_leaves=31, estimator__subsample=0.2; total time=   1.3s
[CV] END estimator__learning_rate=0.01, estimator__max_depth=14, estimator__num_leaves=31, estimator__subsample=0.2; total time=   1.3s
[CV] END estimator__learning_rate=0.2, estimator__max_depth=11, estimator__num_leaves=2, estimator__subsample=0.001; total time=   0.0s
[CV] END estimator__learning_rate=0.2, estimator__max_depth=11, estimator__num_leaves=2, estimator__subsample=0.01; total time=   0.0s
[CV] END estimator__learning_rate=0.2, estimator__max_depth=11, estimator__num_leaves=2, estimator__subsample=0.1; total time=   0.0s
[CV] END estimator__learning_rate=0.2, estimator__max_depth=11, estimator__num_leaves=2, estimator__subsample=0.1; total time=   0.0s
[CV] END estimator__learning_rate=0.2, estimator__max_depth=11, estimator__num_leaves=4, estimator__subsample=0.01; total time=   0.2s
[CV] END estimator__learning_rate=0.2, estimator__max_depth=11, estimator__num_leaves=4, estimator__subsample=0.2; total time=   0.2s
[CV] END estimator__learning_rate=0.2, estimator__max_depth=11, estimator__num_leaves=6, estimator__subsample=0.1; total time=   0.3s
[CV] END estimator__learning_rate=0.2, estimator__max_depth=11, estimator__num_leaves=8, estimator__subsample=0.001; total time=   0.4s
[CV] END estimator__learning_rate=0.2, estimator__max_depth=11, estimator__num_leaves=8, estimator__subsample=0.2; total time=   0.4s
[CV] END estimator__learning_rate=0.2, estimator__max_depth=11, estimator__num_leaves=10, estimator__subsample=0.2; total time=   0.6s
[CV] END estimator__learning_rate=0.2, estimator__max_depth=12, estimator__num_leaves=2, estimator__subsample=0.001; total time=   0.0s
[CV] END estimator__learning_rate=0.2, estimator__max_depth=12, estimator__num_leaves=2, estimator__subsample=0.001; total time=   0.0s
[CV] END estimator__learning_rate=0.2, estimator__max_depth=12, estimator__num_leaves=2, estimator__subsample=0.01; total time=   0.0s
[CV] END estimator__learning_rate=0.2, estimator__max_depth=12, estimator__num_leaves=2, estimator__subsample=0.1; total time=   0.0s
[CV] END estimator__learning_rate=0.2, estimator__max_depth=12, estimator__num_leaves=2, estimator__subsample=0.2; total time=   0.0s
[CV] END estimator__learning_rate=0.2, estimator__max_depth=12, estimator__num_leaves=4, estimator__subsample=0.001; total time=   0.1s
[CV] END estimator__learning_rate=0.2, estimator__max_depth=12, estimator__num_leaves=4, estimator__subsample=0.01; total time=   0.2s
[CV] END estimator__learning_rate=0.2, estimator__max_depth=12, estimator__num_leaves=4, estimator__subsample=0.01; total time=   0.2s
[CV] END estimator__learning_rate=0.2, estimator__max_depth=12, estimator__num_leaves=8, estimator__subsample=0.2; total time=   0.4s
[CV] END estimator__learning_rate=0.2, estimator__max_depth=12, estimator__num_leaves=8, estimator__subsample=0.2; total time=   0.5s
[CV] END estimator__learning_rate=0.2, estimator__max_depth=13, estimator__num_leaves=2, estimator__subsample=0.01; total time=   0.0s
[CV] END estimator__learning_rate=0.2, estimator__max_depth=13, estimator__num_leaves=2, estimator__subsample=0.01; total time=   0.0s
[CV] END estimator__learning_rate=0.2, estimator__max_depth=13, estimator__num_leaves=4, estimator__subsample=0.001; total time=   0.2s
[CV] END estimator__learning_rate=0.2, estimator__max_depth=13, estimator__num_leaves=4, estimator__subsample=0.001; total time=   0.2s
[CV] END estimator__learning_rate=0.2, estimator__max_depth=13, estimator__num_leaves=6, estimator__subsample=0.1; total time=   0.3s
[CV] END estimator__learning_rate=0.2, estimator__max_depth=13, estimator__num_leaves=6, estimator__subsample=0.1; total time=   0.3s
[CV] END estimator__learning_rate=0.2, estimator__max_depth=13, estimator__num_leaves=8, estimator__subsample=0.2; total time=   0.4s
[CV] END estimator__learning_rate=0.2, estimator__max_depth=13, estimator__num_leaves=8, estimator__subsample=0.2; total time=   0.4s
[CV] END estimator__learning_rate=0.2, estimator__max_depth=13, estimator__num_leaves=31, estimator__subsample=0.2; total time=   1.4s
[CV] END estimator__learning_rate=0.2, estimator__max_depth=13, estimator__num_leaves=31, estimator__subsample=0.2; total time=   1.3s
[CV] END estimator__learning_rate=0.2, estimator__max_depth=14, estimator__num_leaves=31, estimator__subsample=0.01; total time=   1.3s[CV] END estimator__learning_rate=0.01, estimator__max_depth=10, estimator__num_leaves=2, estimator__subsample=0.01; total time=   3.8s
[CV] END estimator__learning_rate=0.01, estimator__max_depth=10, estimator__num_leaves=8, estimator__subsample=0.01; total time=   0.6s
[CV] END estimator__learning_rate=0.01, estimator__max_depth=10, estimator__num_leaves=10, estimator__subsample=0.1; total time=   0.6s
[CV] END estimator__learning_rate=0.01, estimator__max_depth=10, estimator__num_leaves=31, estimator__subsample=0.2; total time=   1.3s
[CV] END estimator__learning_rate=0.01, estimator__max_depth=11, estimator__num_leaves=8, estimator__subsample=0.1; total time=   0.5s
[CV] END estimator__learning_rate=0.01, estimator__max_depth=11, estimator__num_leaves=8, estimator__subsample=0.2; total time=   0.4s
[CV] END estimator__learning_rate=0.01, estimator__max_depth=12, estimator__num_leaves=2, estimator__subsample=0.001; total time=   0.0s
[CV] END estimator__learning_rate=0.01, estimator__max_depth=12, estimator__num_leaves=2, estimator__subsample=0.001; total time=   0.0s
[CV] END estimator__learning_rate=0.01, estimator__max_depth=12, estimator__num_leaves=2, estimator__subsample=0.1; total time=   0.0s
[CV] END estimator__learning_rate=0.01, estimator__max_depth=12, estimator__num_leaves=2, estimator__subsample=0.1; total time=   0.0s
[CV] END estimator__learning_rate=0.01, estimator__max_depth=12, estimator__num_leaves=4, estimator__subsample=0.01; total time=   0.2s
[CV] END estimator__learning_rate=0.01, estimator__max_depth=12, estimator__num_leaves=4, estimator__subsample=0.01; total time=   0.2s
[CV] END estimator__learning_rate=0.01, estimator__max_depth=12, estimator__num_leaves=6, estimator__subsample=0.1; total time=   0.3s
[CV] END estimator__learning_rate=0.01, estimator__max_depth=12, estimator__num_leaves=6, estimator__subsample=0.2; total time=   0.3s
[CV] END estimator__learning_rate=0.01, estimator__max_depth=12, estimator__num_leaves=10, estimator__subsample=0.001; total time=   0.5s
[CV] END estimator__learning_rate=0.01, estimator__max_depth=12, estimator__num_leaves=10, estimator__subsample=0.001; total time=   0.6s
[CV] END estimator__learning_rate=0.01, estimator__max_depth=13, estimator__num_leaves=2, estimator__subsample=0.2; total time=   0.0s
[CV] END estimator__learning_rate=0.01, estimator__max_depth=13, estimator__num_leaves=2, estimator__subsample=0.2; total time=   0.0s
[CV] END estimator__learning_rate=0.01, estimator__max_depth=13, estimator__num_leaves=4, estimator__subsample=0.01; total time=   0.2s
[CV] END estimator__learning_rate=0.01, estimator__max_depth=13, estimator__num_leaves=4, estimator__subsample=0.2; total time=   0.2s
[CV] END estimator__learning_rate=0.01, estimator__max_depth=13, estimator__num_leaves=6, estimator__subsample=0.1; total time=   0.3s
[CV] END estimator__learning_rate=0.01, estimator__max_depth=13, estimator__num_leaves=8, estimator__subsample=0.01; total time=   0.4s
[CV] END estimator__learning_rate=0.01, estimator__max_depth=13, estimator__num_leaves=8, estimator__subsample=0.2; total time=   0.4s
[CV] END estimator__learning_rate=0.01, estimator__max_depth=13, estimator__num_leaves=10, estimator__subsample=0.1; total time=   0.6s
[CV] END estimator__learning_rate=0.01, estimator__max_depth=13, estimator__num_leaves=31, estimator__subsample=0.2; total time=   1.3s
[CV] END estimator__learning_rate=0.01, estimator__max_depth=14, estimator__num_leaves=8, estimator__subsample=0.001; total time=   0.4s
[CV] END estimator__learning_rate=0.01, estimator__max_depth=14, estimator__num_leaves=8, estimator__subsample=0.01; total time=   0.4s
[CV] END estimator__learning_rate=0.01, estimator__max_depth=14, estimator__num_leaves=31, estimator__subsample=0.1; total time=   1.3s
[CV] END estimator__learning_rate=0.01, estimator__max_depth=14, estimator__num_leaves=31, estimator__subsample=0.1; total time=   1.3s
[CV] END estimator__learning_rate=0.2, estimator__max_depth=11, estimator__num_leaves=2, estimator__subsample=0.001; total time=   0.0s
[CV] END estimator__learning_rate=0.2, estimator__max_depth=11, estimator__num_leaves=2, estimator__subsample=0.001; total time=   0.0s
[CV] END estimator__learning_rate=0.2, estimator__max_depth=11, estimator__num_leaves=2, estimator__subsample=0.01; total time=   0.0s
[CV] END estimator__learning_rate=0.2, estimator__max_depth=11, estimator__num_leaves=2, estimator__subsample=0.01; total time=   0.0s
[CV] END estimator__learning_rate=0.2, estimator__max_depth=11, estimator__num_leaves=4, estimator__subsample=0.001; total time=   0.2s
[CV] END estimator__learning_rate=0.2, estimator__max_depth=11, estimator__num_leaves=4, estimator__subsample=0.1; total time=   0.2s
[CV] END estimator__learning_rate=0.2, estimator__max_depth=11, estimator__num_leaves=6, estimator__subsample=0.01; total time=   0.3s
[CV] END estimator__learning_rate=0.2, estimator__max_depth=11, estimator__num_leaves=8, estimator__subsample=0.001; total time=   0.4s
[CV] END estimator__learning_rate=0.2, estimator__max_depth=11, estimator__num_leaves=8, estimator__subsample=0.2; total time=   0.4s
[CV] END estimator__learning_rate=0.2, estimator__max_depth=11, estimator__num_leaves=10, estimator__subsample=0.2; total time=   0.5s
[CV] END estimator__learning_rate=0.2, estimator__max_depth=11, estimator__num_leaves=31, estimator__subsample=0.2; total time=   1.3s
[CV] END estimator__learning_rate=0.2, estimator__max_depth=12, estimator__num_leaves=8, estimator__subsample=0.1; total time=   0.4s
[CV] END estimator__learning_rate=0.2, estimator__max_depth=12, estimator__num_leaves=8, estimator__subsample=0.1; total time=   0.4s
[CV] END estimator__learning_rate=0.2, estimator__max_depth=13, estimator__num_leaves=2, estimator__subsample=0.001; total time=   0.0s
[CV] END estimator__learning_rate=0.2, estimator__max_depth=13, estimator__num_leaves=2, estimator__subsample=0.001; total time=   0.0s
[CV] END estimator__learning_rate=0.2, estimator__max_depth=13, estimator__num_leaves=2, estimator__subsample=0.01; total time=   0.0s
[CV] END estimator__learning_rate=0.2, estimator__max_depth=13, estimator__num_leaves=2, estimator__subsample=0.01; total time=   0.0s
[CV] END estimator__learning_rate=0.2, estimator__max_depth=13, estimator__num_leaves=4, estimator__subsample=0.001; total time=   0.2s
[CV] END estimator__learning_rate=0.2, estimator__max_depth=13, estimator__num_leaves=4, estimator__subsample=0.01; total time=   0.2s
[CV] END estimator__learning_rate=0.2, estimator__max_depth=13, estimator__num_leaves=6, estimator__subsample=0.1; total time=   0.3s
[CV] END estimator__learning_rate=0.2, estimator__max_depth=13, estimator__num_leaves=6, estimator__subsample=0.1; total time=   0.3s
[CV] END estimator__learning_rate=0.2, estimator__max_depth=13, estimator__num_leaves=10, estimator__subsample=0.001; total time=   0.5s
[CV] END estimator__learning_rate=0.2, estimator__max_depth=13, estimator__num_leaves=10, estimator__subsample=0.001; total time=   0.6s
[CV] END estimator__learning_rate=0.2, estimator__max_depth=14, estimator__num_leaves=2, estimator__subsample=0.2; total time=   0.0s
[CV] END estimator__learning_rate=0.2, estimator__max_depth=14, estimator__num_leaves=2, estimator__subsample=0.2; total time=   0.0s
[CV] END estimator__learning_rate=0.2, estimator__max_depth=14, estimator__num_leaves=4, estimator__subsample=0.01; total time=   0.2s
[CV] END estimator__learning_rate=0.2, estimator__max_depth=14, estimator__num_leaves=4, estimator__subsample=0.2; total time=   0.2s
[CV] END estimator__learning_rate=0.2, estimator__max_depth=14, estimator__num_leaves=6, estimator__subsample=0.1; total time=   0.3s
[CV] END estimator__learning_rate=0.2, estimator__max_depth=14, estimator__num_leaves=8, estimator__subsample=0.01; total time=   0.4s
[CV] END estimator__learning_rate=0.2, estimator__max_depth=14, estimator__num_leaves=10, estimator__subsample=0.001; total time=   0.5s
[CV] END estimator__learning_rate=0.2, estimator__max_depth=14, estimator__num_leaves=31, estimator__subsample=0.001; total time=   1.3s
[CV] END estimator__learning_rate=0.39, estimator__max_depth=10, estimator__num_leaves=4, estimator__subsample=0.001; total time=   0.2s[CV] END estimator__learning_rate=0.01, estimator__max_depth=10, estimator__num_leaves=2, estimator__subsample=0.1; total time=   3.7s
[CV] END estimator__learning_rate=0.01, estimator__max_depth=10, estimator__num_leaves=6, estimator__subsample=0.001; total time=   0.0s
[CV] END estimator__learning_rate=0.01, estimator__max_depth=10, estimator__num_leaves=6, estimator__subsample=0.1; total time=   0.1s
[CV] END estimator__learning_rate=0.01, estimator__max_depth=10, estimator__num_leaves=8, estimator__subsample=0.001; total time=   0.5s
[CV] END estimator__learning_rate=0.01, estimator__max_depth=10, estimator__num_leaves=10, estimator__subsample=0.001; total time=   0.5s
[CV] END estimator__learning_rate=0.01, estimator__max_depth=10, estimator__num_leaves=31, estimator__subsample=0.01; total time=   1.3s
[CV] END estimator__learning_rate=0.01, estimator__max_depth=11, estimator__num_leaves=6, estimator__subsample=0.001; total time=   0.3s
[CV] END estimator__learning_rate=0.01, estimator__max_depth=11, estimator__num_leaves=6, estimator__subsample=0.01; total time=   0.3s
[CV] END estimator__learning_rate=0.01, estimator__max_depth=11, estimator__num_leaves=10, estimator__subsample=0.1; total time=   0.6s
[CV] END estimator__learning_rate=0.01, estimator__max_depth=11, estimator__num_leaves=10, estimator__subsample=0.1; total time=   0.5s
[CV] END estimator__learning_rate=0.01, estimator__max_depth=12, estimator__num_leaves=6, estimator__subsample=0.001; total time=   0.3s
[CV] END estimator__learning_rate=0.01, estimator__max_depth=12, estimator__num_leaves=6, estimator__subsample=0.001; total time=   0.3s
[CV] END estimator__learning_rate=0.01, estimator__max_depth=12, estimator__num_leaves=8, estimator__subsample=0.01; total time=   0.4s
[CV] END estimator__learning_rate=0.01, estimator__max_depth=12, estimator__num_leaves=8, estimator__subsample=0.01; total time=   0.4s
[CV] END estimator__learning_rate=0.01, estimator__max_depth=12, estimator__num_leaves=31, estimator__subsample=0.001; total time=   1.4s
[CV] END estimator__learning_rate=0.01, estimator__max_depth=12, estimator__num_leaves=31, estimator__subsample=0.01; total time=   1.3s
[CV] END estimator__learning_rate=0.01, estimator__max_depth=13, estimator__num_leaves=10, estimator__subsample=0.2; total time=   0.6s
[CV] END estimator__learning_rate=0.01, estimator__max_depth=14, estimator__num_leaves=2, estimator__subsample=0.001; total time=   0.0s
[CV] END estimator__learning_rate=0.01, estimator__max_depth=14, estimator__num_leaves=2, estimator__subsample=0.01; total time=   0.0s
[CV] END estimator__learning_rate=0.01, estimator__max_depth=14, estimator__num_leaves=2, estimator__subsample=0.1; total time=   0.0s
[CV] END estimator__learning_rate=0.01, estimator__max_depth=14, estimator__num_leaves=2, estimator__subsample=0.1; total time=   0.0s
[CV] END estimator__learning_rate=0.01, estimator__max_depth=14, estimator__num_leaves=2, estimator__subsample=0.2; total time=   0.0s
[CV] END estimator__learning_rate=0.01, estimator__max_depth=14, estimator__num_leaves=4, estimator__subsample=0.001; total time=   0.1s
[CV] END estimator__learning_rate=0.01, estimator__max_depth=14, estimator__num_leaves=4, estimator__subsample=0.01; total time=   0.2s
[CV] END estimator__learning_rate=0.01, estimator__max_depth=14, estimator__num_leaves=4, estimator__subsample=0.01; total time=   0.2s
[CV] END estimator__learning_rate=0.01, estimator__max_depth=14, estimator__num_leaves=8, estimator__subsample=0.1; total time=   0.4s
[CV] END estimator__learning_rate=0.01, estimator__max_depth=14, estimator__num_leaves=8, estimator__subsample=0.2; total time=   0.4s
[CV] END estimator__learning_rate=0.2, estimator__max_depth=10, estimator__num_leaves=2, estimator__subsample=0.001; total time=   0.0s
[CV] END estimator__learning_rate=0.2, estimator__max_depth=10, estimator__num_leaves=2, estimator__subsample=0.01; total time=   0.0s
[CV] END estimator__learning_rate=0.2, estimator__max_depth=10, estimator__num_leaves=2, estimator__subsample=0.1; total time=   0.0s
[CV] END estimator__learning_rate=0.2, estimator__max_depth=10, estimator__num_leaves=2, estimator__subsample=0.1; total time=   0.0s
[CV] END estimator__learning_rate=0.2, estimator__max_depth=10, estimator__num_leaves=4, estimator__subsample=0.01; total time=   0.2s
[CV] END estimator__learning_rate=0.2, estimator__max_depth=10, estimator__num_leaves=4, estimator__subsample=0.01; total time=   0.2s
[CV] END estimator__learning_rate=0.2, estimator__max_depth=10, estimator__num_leaves=6, estimator__subsample=0.2; total time=   0.3s
[CV] END estimator__learning_rate=0.2, estimator__max_depth=10, estimator__num_leaves=6, estimator__subsample=0.2; total time=   0.3s
[CV] END estimator__learning_rate=0.2, estimator__max_depth=10, estimator__num_leaves=10, estimator__subsample=0.001; total time=   0.5s
[CV] END estimator__learning_rate=0.2, estimator__max_depth=10, estimator__num_leaves=10, estimator__subsample=0.01; total time=   0.6s
[CV] END estimator__learning_rate=0.2, estimator__max_depth=11, estimator__num_leaves=2, estimator__subsample=0.2; total time=   0.0s
[CV] END estimator__learning_rate=0.2, estimator__max_depth=11, estimator__num_leaves=2, estimator__subsample=0.2; total time=   0.0s
[CV] END estimator__learning_rate=0.2, estimator__max_depth=11, estimator__num_leaves=4, estimator__subsample=0.01; total time=   0.2s
[CV] END estimator__learning_rate=0.2, estimator__max_depth=11, estimator__num_leaves=4, estimator__subsample=0.2; total time=   0.2s
[CV] END estimator__learning_rate=0.2, estimator__max_depth=11, estimator__num_leaves=6, estimator__subsample=0.1; total time=   0.3s
[CV] END estimator__learning_rate=0.2, estimator__max_depth=11, estimator__num_leaves=8, estimator__subsample=0.01; total time=   0.4s
[CV] END estimator__learning_rate=0.2, estimator__max_depth=11, estimator__num_leaves=10, estimator__subsample=0.001; total time=   0.5s
[CV] END estimator__learning_rate=0.2, estimator__max_depth=11, estimator__num_leaves=31, estimator__subsample=0.001; total time=   1.3s
[CV] END estimator__learning_rate=0.2, estimator__max_depth=12, estimator__num_leaves=4, estimator__subsample=0.2; total time=   0.2s
[CV] END estimator__learning_rate=0.2, estimator__max_depth=12, estimator__num_leaves=4, estimator__subsample=0.2; total time=   0.2s
[CV] END estimator__learning_rate=0.2, estimator__max_depth=12, estimator__num_leaves=10, estimator__subsample=0.01; total time=   0.5s
[CV] END estimator__learning_rate=0.2, estimator__max_depth=12, estimator__num_leaves=10, estimator__subsample=0.01; total time=   0.6s
[CV] END estimator__learning_rate=0.2, estimator__max_depth=13, estimator__num_leaves=4, estimator__subsample=0.001; total time=   0.2s
[CV] END estimator__learning_rate=0.2, estimator__max_depth=13, estimator__num_leaves=4, estimator__subsample=0.001; total time=   0.2s
[CV] END estimator__learning_rate=0.2, estimator__max_depth=13, estimator__num_leaves=6, estimator__subsample=0.01; total time=   0.3s
[CV] END estimator__learning_rate=0.2, estimator__max_depth=13, estimator__num_leaves=6, estimator__subsample=0.01; total time=   0.3s
[CV] END estimator__learning_rate=0.2, estimator__max_depth=13, estimator__num_leaves=8, estimator__subsample=0.2; total time=   0.4s
[CV] END estimator__learning_rate=0.2, estimator__max_depth=13, estimator__num_leaves=8, estimator__subsample=0.2; total time=   0.4s
[CV] END estimator__learning_rate=0.2, estimator__max_depth=13, estimator__num_leaves=31, estimator__subsample=0.2; total time=   1.3s
[CV] END estimator__learning_rate=0.2, estimator__max_depth=13, estimator__num_leaves=31, estimator__subsample=0.2; total time=   1.3s
[CV] END estimator__learning_rate=0.2, estimator__max_depth=14, estimator__num_leaves=31, estimator__subsample=0.001; total time=   1.3s
[CV] END estimator__learning_rate=0.39, estimator__max_depth=10, estimator__num_leaves=6, estimator__subsample=0.001; total time=   0.3s
[CV] END estimator__learning_rate=0.39, estimator__max_depth=10, estimator__num_leaves=6, estimator__subsample=0.001; total time=   0.3s[CV] END estimator__learning_rate=0.01, estimator__max_depth=10, estimator__num_leaves=2, estimator__subsample=0.2; total time=   3.9s
[CV] END estimator__learning_rate=0.01, estimator__max_depth=10, estimator__num_leaves=8, estimator__subsample=0.2; total time=   0.4s
[CV] END estimator__learning_rate=0.01, estimator__max_depth=10, estimator__num_leaves=31, estimator__subsample=0.001; total time=   1.3s
[CV] END estimator__learning_rate=0.01, estimator__max_depth=11, estimator__num_leaves=4, estimator__subsample=0.01; total time=   0.2s
[CV] END estimator__learning_rate=0.01, estimator__max_depth=11, estimator__num_leaves=4, estimator__subsample=0.01; total time=   0.2s
[CV] END estimator__learning_rate=0.01, estimator__max_depth=11, estimator__num_leaves=8, estimator__subsample=0.1; total time=   0.4s
[CV] END estimator__learning_rate=0.01, estimator__max_depth=11, estimator__num_leaves=8, estimator__subsample=0.1; total time=   0.4s
[CV] END estimator__learning_rate=0.01, estimator__max_depth=11, estimator__num_leaves=31, estimator__subsample=0.2; total time=   1.4s
[CV] END estimator__learning_rate=0.01, estimator__max_depth=11, estimator__num_leaves=31, estimator__subsample=0.2; total time=   1.3s
[CV] END estimator__learning_rate=0.01, estimator__max_depth=13, estimator__num_leaves=2, estimator__subsample=0.01; total time=   0.0s
[CV] END estimator__learning_rate=0.01, estimator__max_depth=13, estimator__num_leaves=2, estimator__subsample=0.01; total time=   0.0s
[CV] END estimator__learning_rate=0.01, estimator__max_depth=13, estimator__num_leaves=2, estimator__subsample=0.2; total time=   0.0s
[CV] END estimator__learning_rate=0.01, estimator__max_depth=13, estimator__num_leaves=2, estimator__subsample=0.2; total time=   0.0s
[CV] END estimator__learning_rate=0.01, estimator__max_depth=13, estimator__num_leaves=4, estimator__subsample=0.01; total time=   0.2s
[CV] END estimator__learning_rate=0.01, estimator__max_depth=13, estimator__num_leaves=4, estimator__subsample=0.2; total time=   0.2s
[CV] END estimator__learning_rate=0.01, estimator__max_depth=13, estimator__num_leaves=6, estimator__subsample=0.1; total time=   0.3s
[CV] END estimator__learning_rate=0.01, estimator__max_depth=13, estimator__num_leaves=8, estimator__subsample=0.01; total time=   0.4s
[CV] END estimator__learning_rate=0.01, estimator__max_depth=13, estimator__num_leaves=10, estimator__subsample=0.001; total time=   0.5s
[CV] END estimator__learning_rate=0.01, estimator__max_depth=13, estimator__num_leaves=10, estimator__subsample=0.2; total time=   0.5s
[CV] END estimator__learning_rate=0.01, estimator__max_depth=14, estimator__num_leaves=2, estimator__subsample=0.001; total time=   0.0s
[CV] END estimator__learning_rate=0.01, estimator__max_depth=14, estimator__num_leaves=2, estimator__subsample=0.001; total time=   0.0s
[CV] END estimator__learning_rate=0.01, estimator__max_depth=14, estimator__num_leaves=2, estimator__subsample=0.01; total time=   0.0s
[CV] END estimator__learning_rate=0.01, estimator__max_depth=14, estimator__num_leaves=2, estimator__subsample=0.1; total time=   0.0s
[CV] END estimator__learning_rate=0.01, estimator__max_depth=14, estimator__num_leaves=2, estimator__subsample=0.2; total time=   0.0s
[CV] END estimator__learning_rate=0.01, estimator__max_depth=14, estimator__num_leaves=2, estimator__subsample=0.2; total time=   0.0s
[CV] END estimator__learning_rate=0.01, estimator__max_depth=14, estimator__num_leaves=4, estimator__subsample=0.001; total time=   0.1s
[CV] END estimator__learning_rate=0.01, estimator__max_depth=14, estimator__num_leaves=4, estimator__subsample=0.2; total time=   0.2s
[CV] END estimator__learning_rate=0.01, estimator__max_depth=14, estimator__num_leaves=4, estimator__subsample=0.2; total time=   0.2s
[CV] END estimator__learning_rate=0.01, estimator__max_depth=14, estimator__num_leaves=10, estimator__subsample=0.01; total time=   0.5s
[CV] END estimator__learning_rate=0.01, estimator__max_depth=14, estimator__num_leaves=10, estimator__subsample=0.01; total time=   0.6s
[CV] END estimator__learning_rate=0.2, estimator__max_depth=10, estimator__num_leaves=4, estimator__subsample=0.001; total time=   0.2s
[CV] END estimator__learning_rate=0.2, estimator__max_depth=10, estimator__num_leaves=4, estimator__subsample=0.001; total time=   0.2s
[CV] END estimator__learning_rate=0.2, estimator__max_depth=10, estimator__num_leaves=6, estimator__subsample=0.01; total time=   0.3s
[CV] END estimator__learning_rate=0.2, estimator__max_depth=10, estimator__num_leaves=6, estimator__subsample=0.01; total time=   0.3s
[CV] END estimator__learning_rate=0.2, estimator__max_depth=10, estimator__num_leaves=8, estimator__subsample=0.2; total time=   0.4s
[CV] END estimator__learning_rate=0.2, estimator__max_depth=10, estimator__num_leaves=8, estimator__subsample=0.2; total time=   0.4s
[CV] END estimator__learning_rate=0.2, estimator__max_depth=10, estimator__num_leaves=31, estimator__subsample=0.2; total time=   1.3s
[CV] END estimator__learning_rate=0.2, estimator__max_depth=10, estimator__num_leaves=31, estimator__subsample=0.2; total time=   1.2s
[CV] END estimator__learning_rate=0.2, estimator__max_depth=11, estimator__num_leaves=31, estimator__subsample=0.001; total time=   1.3s
[CV] END estimator__learning_rate=0.2, estimator__max_depth=12, estimator__num_leaves=4, estimator__subsample=0.1; total time=   0.2s
[CV] END estimator__learning_rate=0.2, estimator__max_depth=12, estimator__num_leaves=4, estimator__subsample=0.2; total time=   0.2s
[CV] END estimator__learning_rate=0.2, estimator__max_depth=12, estimator__num_leaves=10, estimator__subsample=0.001; total time=   0.6s
[CV] END estimator__learning_rate=0.2, estimator__max_depth=12, estimator__num_leaves=10, estimator__subsample=0.001; total time=   0.5s
[CV] END estimator__learning_rate=0.2, estimator__max_depth=13, estimator__num_leaves=2, estimator__subsample=0.1; total time=   0.0s
[CV] END estimator__learning_rate=0.2, estimator__max_depth=13, estimator__num_leaves=2, estimator__subsample=0.1; total time=   0.0s
[CV] END estimator__learning_rate=0.2, estimator__max_depth=13, estimator__num_leaves=4, estimator__subsample=0.01; total time=   0.2s
[CV] END estimator__learning_rate=0.2, estimator__max_depth=13, estimator__num_leaves=4, estimator__subsample=0.01; total time=   0.2s
[CV] END estimator__learning_rate=0.2, estimator__max_depth=13, estimator__num_leaves=6, estimator__subsample=0.2; total time=   0.3s
[CV] END estimator__learning_rate=0.2, estimator__max_depth=13, estimator__num_leaves=6, estimator__subsample=0.2; total time=   0.3s
[CV] END estimator__learning_rate=0.2, estimator__max_depth=13, estimator__num_leaves=10, estimator__subsample=0.001; total time=   0.5s
[CV] END estimator__learning_rate=0.2, estimator__max_depth=13, estimator__num_leaves=10, estimator__subsample=0.01; total time=   0.6s
[CV] END estimator__learning_rate=0.2, estimator__max_depth=14, estimator__num_leaves=4, estimator__subsample=0.001; total time=   0.2s
[CV] END estimator__learning_rate=0.2, estimator__max_depth=14, estimator__num_leaves=4, estimator__subsample=0.001; total time=   0.2s
[CV] END estimator__learning_rate=0.2, estimator__max_depth=14, estimator__num_leaves=6, estimator__subsample=0.001; total time=   0.3s
[CV] END estimator__learning_rate=0.2, estimator__max_depth=14, estimator__num_leaves=6, estimator__subsample=0.2; total time=   0.3s
[CV] END estimator__learning_rate=0.2, estimator__max_depth=14, estimator__num_leaves=8, estimator__subsample=0.01; total time=   0.4s
[CV] END estimator__learning_rate=0.2, estimator__max_depth=14, estimator__num_leaves=10, estimator__subsample=0.001; total time=   0.5s
[CV] END estimator__learning_rate=0.2, estimator__max_depth=14, estimator__num_leaves=31, estimator__subsample=0.01; total time=   1.3s
[CV] END estimator__learning_rate=0.39, estimator__max_depth=10, estimator__num_leaves=6, estimator__subsample=0.01; total time=   0.3s
[CV] END estimator__learning_rate=0.39, estimator__max_depth=10, estimator__num_leaves=6, estimator__subsample=0.01; total time=   0.3s[CV] END estimator__learning_rate=0.01, estimator__max_depth=10, estimator__num_leaves=4, estimator__subsample=0.001; total time=   3.9s
[CV] END estimator__learning_rate=0.01, estimator__max_depth=10, estimator__num_leaves=8, estimator__subsample=0.1; total time=   0.6s
[CV] END estimator__learning_rate=0.01, estimator__max_depth=10, estimator__num_leaves=10, estimator__subsample=0.2; total time=   0.5s
[CV] END estimator__learning_rate=0.01, estimator__max_depth=10, estimator__num_leaves=31, estimator__subsample=0.2; total time=   1.3s
[CV] END estimator__learning_rate=0.01, estimator__max_depth=11, estimator__num_leaves=10, estimator__subsample=0.001; total time=   0.6s
[CV] END estimator__learning_rate=0.01, estimator__max_depth=11, estimator__num_leaves=10, estimator__subsample=0.01; total time=   0.6s
[CV] END estimator__learning_rate=0.01, estimator__max_depth=12, estimator__num_leaves=4, estimator__subsample=0.001; total time=   0.2s
[CV] END estimator__learning_rate=0.01, estimator__max_depth=12, estimator__num_leaves=4, estimator__subsample=0.001; total time=   0.2s
[CV] END estimator__learning_rate=0.01, estimator__max_depth=12, estimator__num_leaves=6, estimator__subsample=0.01; total time=   0.3s
[CV] END estimator__learning_rate=0.01, estimator__max_depth=12, estimator__num_leaves=6, estimator__subsample=0.01; total time=   0.3s
[CV] END estimator__learning_rate=0.01, estimator__max_depth=12, estimator__num_leaves=8, estimator__subsample=0.1; total time=   0.4s
[CV] END estimator__learning_rate=0.01, estimator__max_depth=12, estimator__num_leaves=8, estimator__subsample=0.2; total time=   0.4s
[CV] END estimator__learning_rate=0.01, estimator__max_depth=12, estimator__num_leaves=31, estimator__subsample=0.1; total time=   1.4s
[CV] END estimator__learning_rate=0.01, estimator__max_depth=12, estimator__num_leaves=31, estimator__subsample=0.1; total time=   1.2s
[CV] END estimator__learning_rate=0.01, estimator__max_depth=13, estimator__num_leaves=31, estimator__subsample=0.001; total time=   1.3s
[CV] END estimator__learning_rate=0.01, estimator__max_depth=14, estimator__num_leaves=4, estimator__subsample=0.01; total time=   0.2s
[CV] END estimator__learning_rate=0.01, estimator__max_depth=14, estimator__num_leaves=4, estimator__subsample=0.01; total time=   0.2s
[CV] END estimator__learning_rate=0.01, estimator__max_depth=14, estimator__num_leaves=8, estimator__subsample=0.2; total time=   0.4s
[CV] END estimator__learning_rate=0.01, estimator__max_depth=14, estimator__num_leaves=8, estimator__subsample=0.2; total time=   0.4s
[CV] END estimator__learning_rate=0.2, estimator__max_depth=10, estimator__num_leaves=2, estimator__subsample=0.001; total time=   0.0s
[CV] END estimator__learning_rate=0.2, estimator__max_depth=10, estimator__num_leaves=2, estimator__subsample=0.001; total time=   0.0s
[CV] END estimator__learning_rate=0.2, estimator__max_depth=10, estimator__num_leaves=2, estimator__subsample=0.1; total time=   0.0s
[CV] END estimator__learning_rate=0.2, estimator__max_depth=10, estimator__num_leaves=2, estimator__subsample=0.1; total time=   0.0s
[CV] END estimator__learning_rate=0.2, estimator__max_depth=10, estimator__num_leaves=4, estimator__subsample=0.01; total time=   0.2s
[CV] END estimator__learning_rate=0.2, estimator__max_depth=10, estimator__num_leaves=4, estimator__subsample=0.01; total time=   0.2s
[CV] END estimator__learning_rate=0.2, estimator__max_depth=10, estimator__num_leaves=6, estimator__subsample=0.1; total time=   0.3s
[CV] END estimator__learning_rate=0.2, estimator__max_depth=10, estimator__num_leaves=6, estimator__subsample=0.2; total time=   0.3s
[CV] END estimator__learning_rate=0.2, estimator__max_depth=10, estimator__num_leaves=10, estimator__subsample=0.001; total time=   0.5s
[CV] END estimator__learning_rate=0.2, estimator__max_depth=10, estimator__num_leaves=10, estimator__subsample=0.001; total time=   0.6s
[CV] END estimator__learning_rate=0.2, estimator__max_depth=11, estimator__num_leaves=2, estimator__subsample=0.1; total time=   0.0s
[CV] END estimator__learning_rate=0.2, estimator__max_depth=11, estimator__num_leaves=2, estimator__subsample=0.2; total time=   0.0s
[CV] END estimator__learning_rate=0.2, estimator__max_depth=11, estimator__num_leaves=4, estimator__subsample=0.01; total time=   0.2s
[CV] END estimator__learning_rate=0.2, estimator__max_depth=11, estimator__num_leaves=4, estimator__subsample=0.2; total time=   0.2s
[CV] END estimator__learning_rate=0.2, estimator__max_depth=11, estimator__num_leaves=6, estimator__subsample=0.1; total time=   0.3s
[CV] END estimator__learning_rate=0.2, estimator__max_depth=11, estimator__num_leaves=8, estimator__subsample=0.01; total time=   0.4s
[CV] END estimator__learning_rate=0.2, estimator__max_depth=11, estimator__num_leaves=8, estimator__subsample=0.2; total time=   0.4s
[CV] END estimator__learning_rate=0.2, estimator__max_depth=11, estimator__num_leaves=10, estimator__subsample=0.2; total time=   0.5s
[CV] END estimator__learning_rate=0.2, estimator__max_depth=12, estimator__num_leaves=2, estimator__subsample=0.001; total time=   0.0s
[CV] END estimator__learning_rate=0.2, estimator__max_depth=12, estimator__num_leaves=2, estimator__subsample=0.01; total time=   0.0s
[CV] END estimator__learning_rate=0.2, estimator__max_depth=12, estimator__num_leaves=2, estimator__subsample=0.01; total time=   0.0s
[CV] END estimator__learning_rate=0.2, estimator__max_depth=12, estimator__num_leaves=2, estimator__subsample=0.1; total time=   0.0s
[CV] END estimator__learning_rate=0.2, estimator__max_depth=12, estimator__num_leaves=2, estimator__subsample=0.2; total time=   0.0s
[CV] END estimator__learning_rate=0.2, estimator__max_depth=12, estimator__num_leaves=4, estimator__subsample=0.001; total time=   0.2s
[CV] END estimator__learning_rate=0.2, estimator__max_depth=12, estimator__num_leaves=6, estimator__subsample=0.001; total time=   0.3s
[CV] END estimator__learning_rate=0.2, estimator__max_depth=12, estimator__num_leaves=6, estimator__subsample=0.001; total time=   0.3s
[CV] END estimator__learning_rate=0.2, estimator__max_depth=12, estimator__num_leaves=10, estimator__subsample=0.01; total time=   0.5s
[CV] END estimator__learning_rate=0.2, estimator__max_depth=12, estimator__num_leaves=10, estimator__subsample=0.01; total time=   0.6s
[CV] END estimator__learning_rate=0.2, estimator__max_depth=13, estimator__num_leaves=4, estimator__subsample=0.2; total time=   0.2s
[CV] END estimator__learning_rate=0.2, estimator__max_depth=13, estimator__num_leaves=4, estimator__subsample=0.2; total time=   0.2s
[CV] END estimator__learning_rate=0.2, estimator__max_depth=13, estimator__num_leaves=8, estimator__subsample=0.001; total time=   0.4s
[CV] END estimator__learning_rate=0.2, estimator__max_depth=13, estimator__num_leaves=8, estimator__subsample=0.001; total time=   0.4s
[CV] END estimator__learning_rate=0.2, estimator__max_depth=13, estimator__num_leaves=10, estimator__subsample=0.1; total time=   0.5s
[CV] END estimator__learning_rate=0.2, estimator__max_depth=13, estimator__num_leaves=10, estimator__subsample=0.1; total time=   0.6s
[CV] END estimator__learning_rate=0.2, estimator__max_depth=14, estimator__num_leaves=4, estimator__subsample=0.1; total time=   0.2s
[CV] END estimator__learning_rate=0.2, estimator__max_depth=14, estimator__num_leaves=6, estimator__subsample=0.01; total time=   0.3s
[CV] END estimator__learning_rate=0.2, estimator__max_depth=14, estimator__num_leaves=6, estimator__subsample=0.2; total time=   0.3s
[CV] END estimator__learning_rate=0.2, estimator__max_depth=14, estimator__num_leaves=8, estimator__subsample=0.1; total time=   0.4s
[CV] END estimator__learning_rate=0.2, estimator__max_depth=14, estimator__num_leaves=10, estimator__subsample=0.01; total time=   0.5s
[CV] END estimator__learning_rate=0.2, estimator__max_depth=14, estimator__num_leaves=31, estimator__subsample=0.1; total time=   1.3s
[CV] END estimator__learning_rate=0.39, estimator__max_depth=10, estimator__num_leaves=6, estimator__subsample=0.1; total time=   0.3s
[CV] END estimator__learning_rate=0.39, estimator__max_depth=10, estimator__num_leaves=6, estimator__subsample=0.1; total time=   0.3s[CV] END estimator__learning_rate=0.01, estimator__max_depth=10, estimator__num_leaves=2, estimator__subsample=0.2; total time=   3.7s
[CV] END estimator__learning_rate=0.01, estimator__max_depth=10, estimator__num_leaves=4, estimator__subsample=0.2; total time=   0.0s
[CV] END estimator__learning_rate=0.01, estimator__max_depth=10, estimator__num_leaves=4, estimator__subsample=0.2; total time=   0.0s
[CV] END estimator__learning_rate=0.01, estimator__max_depth=10, estimator__num_leaves=6, estimator__subsample=0.001; total time=   0.1s
[CV] END estimator__learning_rate=0.01, estimator__max_depth=10, estimator__num_leaves=6, estimator__subsample=0.01; total time=   0.1s
[CV] END estimator__learning_rate=0.01, estimator__max_depth=10, estimator__num_leaves=6, estimator__subsample=0.2; total time=   0.1s
[CV] END estimator__learning_rate=0.01, estimator__max_depth=10, estimator__num_leaves=8, estimator__subsample=0.01; total time=   0.6s
[CV] END estimator__learning_rate=0.01, estimator__max_depth=10, estimator__num_leaves=10, estimator__subsample=0.01; total time=   0.5s
[CV] END estimator__learning_rate=0.01, estimator__max_depth=10, estimator__num_leaves=31, estimator__subsample=0.1; total time=   1.3s
[CV] END estimator__learning_rate=0.01, estimator__max_depth=11, estimator__num_leaves=6, estimator__subsample=0.1; total time=   0.3s
[CV] END estimator__learning_rate=0.01, estimator__max_depth=11, estimator__num_leaves=6, estimator__subsample=0.1; total time=   0.3s
[CV] END estimator__learning_rate=0.01, estimator__max_depth=11, estimator__num_leaves=10, estimator__subsample=0.2; total time=   0.5s
[CV] END estimator__learning_rate=0.01, estimator__max_depth=11, estimator__num_leaves=10, estimator__subsample=0.2; total time=   0.6s
[CV] END estimator__learning_rate=0.01, estimator__max_depth=12, estimator__num_leaves=6, estimator__subsample=0.001; total time=   0.3s
[CV] END estimator__learning_rate=0.01, estimator__max_depth=12, estimator__num_leaves=6, estimator__subsample=0.01; total time=   0.3s
[CV] END estimator__learning_rate=0.01, estimator__max_depth=12, estimator__num_leaves=8, estimator__subsample=0.1; total time=   0.4s
[CV] END estimator__learning_rate=0.01, estimator__max_depth=12, estimator__num_leaves=8, estimator__subsample=0.1; total time=   0.4s
[CV] END estimator__learning_rate=0.01, estimator__max_depth=12, estimator__num_leaves=31, estimator__subsample=0.1; total time=   1.4s
[CV] END estimator__learning_rate=0.01, estimator__max_depth=12, estimator__num_leaves=31, estimator__subsample=0.1; total time=   1.3s
[CV] END estimator__learning_rate=0.01, estimator__max_depth=13, estimator__num_leaves=31, estimator__subsample=0.001; total time=   1.2s
[CV] END estimator__learning_rate=0.01, estimator__max_depth=14, estimator__num_leaves=4, estimator__subsample=0.1; total time=   0.2s
[CV] END estimator__learning_rate=0.01, estimator__max_depth=14, estimator__num_leaves=4, estimator__subsample=0.1; total time=   0.2s
[CV] END estimator__learning_rate=0.01, estimator__max_depth=14, estimator__num_leaves=8, estimator__subsample=0.2; total time=   0.4s
[CV] END estimator__learning_rate=0.01, estimator__max_depth=14, estimator__num_leaves=8, estimator__subsample=0.2; total time=   0.4s
[CV] END estimator__learning_rate=0.2, estimator__max_depth=10, estimator__num_leaves=2, estimator__subsample=0.01; total time=   0.0s
[CV] END estimator__learning_rate=0.2, estimator__max_depth=10, estimator__num_leaves=2, estimator__subsample=0.01; total time=   0.0s
[CV] END estimator__learning_rate=0.2, estimator__max_depth=10, estimator__num_leaves=2, estimator__subsample=0.1; total time=   0.0s
[CV] END estimator__learning_rate=0.2, estimator__max_depth=10, estimator__num_leaves=2, estimator__subsample=0.2; total time=   0.0s
[CV] END estimator__learning_rate=0.2, estimator__max_depth=10, estimator__num_leaves=4, estimator__subsample=0.1; total time=   0.2s
[CV] END estimator__learning_rate=0.2, estimator__max_depth=10, estimator__num_leaves=4, estimator__subsample=0.1; total time=   0.2s
[CV] END estimator__learning_rate=0.2, estimator__max_depth=10, estimator__num_leaves=6, estimator__subsample=0.2; total time=   0.3s
[CV] END estimator__learning_rate=0.2, estimator__max_depth=10, estimator__num_leaves=6, estimator__subsample=0.2; total time=   0.3s
[CV] END estimator__learning_rate=0.2, estimator__max_depth=10, estimator__num_leaves=10, estimator__subsample=0.01; total time=   0.5s
[CV] END estimator__learning_rate=0.2, estimator__max_depth=10, estimator__num_leaves=10, estimator__subsample=0.01; total time=   0.6s
[CV] END estimator__learning_rate=0.2, estimator__max_depth=11, estimator__num_leaves=4, estimator__subsample=0.001; total time=   0.2s
[CV] END estimator__learning_rate=0.2, estimator__max_depth=11, estimator__num_leaves=4, estimator__subsample=0.001; total time=   0.2s
[CV] END estimator__learning_rate=0.2, estimator__max_depth=11, estimator__num_leaves=6, estimator__subsample=0.001; total time=   0.3s
[CV] END estimator__learning_rate=0.2, estimator__max_depth=11, estimator__num_leaves=6, estimator__subsample=0.2; total time=   0.3s
[CV] END estimator__learning_rate=0.2, estimator__max_depth=11, estimator__num_leaves=8, estimator__subsample=0.1; total time=   0.4s
[CV] END estimator__learning_rate=0.2, estimator__max_depth=11, estimator__num_leaves=10, estimator__subsample=0.01; total time=   0.5s
[CV] END estimator__learning_rate=0.2, estimator__max_depth=11, estimator__num_leaves=31, estimator__subsample=0.01; total time=   1.3s
[CV] END estimator__learning_rate=0.2, estimator__max_depth=12, estimator__num_leaves=6, estimator__subsample=0.1; total time=   0.3s
[CV] END estimator__learning_rate=0.2, estimator__max_depth=12, estimator__num_leaves=6, estimator__subsample=0.1; total time=   0.3s
[CV] END estimator__learning_rate=0.2, estimator__max_depth=12, estimator__num_leaves=10, estimator__subsample=0.2; total time=   0.6s
[CV] END estimator__learning_rate=0.2, estimator__max_depth=12, estimator__num_leaves=10, estimator__subsample=0.2; total time=   0.6s
[CV] END estimator__learning_rate=0.2, estimator__max_depth=13, estimator__num_leaves=6, estimator__subsample=0.01; total time=   0.3s
[CV] END estimator__learning_rate=0.2, estimator__max_depth=13, estimator__num_leaves=6, estimator__subsample=0.01; total time=   0.3s
[CV] END estimator__learning_rate=0.2, estimator__max_depth=13, estimator__num_leaves=8, estimator__subsample=0.1; total time=   0.4s
[CV] END estimator__learning_rate=0.2, estimator__max_depth=13, estimator__num_leaves=8, estimator__subsample=0.2; total time=   0.4s
[CV] END estimator__learning_rate=0.2, estimator__max_depth=13, estimator__num_leaves=31, estimator__subsample=0.1; total time=   1.3s
[CV] END estimator__learning_rate=0.2, estimator__max_depth=13, estimator__num_leaves=31, estimator__subsample=0.1; total time=   1.3s
[CV] END estimator__learning_rate=0.2, estimator__max_depth=14, estimator__num_leaves=10, estimator__subsample=0.2; total time=   0.5s
[CV] END estimator__learning_rate=0.39, estimator__max_depth=10, estimator__num_leaves=2, estimator__subsample=0.001; total time=   0.0s
[CV] END estimator__learning_rate=0.39, estimator__max_depth=10, estimator__num_leaves=2, estimator__subsample=0.01; total time=   0.0s
[CV] END estimator__learning_rate=0.39, estimator__max_depth=10, estimator__num_leaves=2, estimator__subsample=0.1; total time=   0.0s
[CV] END estimator__learning_rate=0.39, estimator__max_depth=10, estimator__num_leaves=2, estimator__subsample=0.1; total time=   0.0s
[CV] END estimator__learning_rate=0.39, estimator__max_depth=10, estimator__num_leaves=2, estimator__subsample=0.2; total time=   0.0s
[CV] END estimator__learning_rate=0.39, estimator__max_depth=10, estimator__num_leaves=4, estimator__subsample=0.001; total time=   0.1s
[CV] END estimator__learning_rate=0.39, estimator__max_depth=10, estimator__num_leaves=4, estimator__subsample=0.1; total time=   0.2s
[CV] END estimator__learning_rate=0.39, estimator__max_depth=10, estimator__num_leaves=4, estimator__subsample=0.1; total time=   0.2s
[CV] END estimator__learning_rate=0.39, estimator__max_depth=10, estimator__num_leaves=8, estimator__subsample=0.2; total time=   0.4s[CV] END estimator__learning_rate=0.01, estimator__max_depth=10, estimator__num_leaves=2, estimator__subsample=0.01; total time=   3.8s
[CV] END estimator__learning_rate=0.01, estimator__max_depth=10, estimator__num_leaves=6, estimator__subsample=0.1; total time=   0.1s
[CV] END estimator__learning_rate=0.01, estimator__max_depth=10, estimator__num_leaves=6, estimator__subsample=0.2; total time=   0.2s
[CV] END estimator__learning_rate=0.01, estimator__max_depth=10, estimator__num_leaves=8, estimator__subsample=0.1; total time=   0.6s
[CV] END estimator__learning_rate=0.01, estimator__max_depth=10, estimator__num_leaves=10, estimator__subsample=0.1; total time=   0.5s
[CV] END estimator__learning_rate=0.01, estimator__max_depth=10, estimator__num_leaves=31, estimator__subsample=0.2; total time=   1.3s
[CV] END estimator__learning_rate=0.01, estimator__max_depth=11, estimator__num_leaves=8, estimator__subsample=0.2; total time=   0.4s
[CV] END estimator__learning_rate=0.01, estimator__max_depth=11, estimator__num_leaves=8, estimator__subsample=0.2; total time=   0.4s
[CV] END estimator__learning_rate=0.01, estimator__max_depth=12, estimator__num_leaves=2, estimator__subsample=0.001; total time=   0.0s
[CV] END estimator__learning_rate=0.01, estimator__max_depth=12, estimator__num_leaves=2, estimator__subsample=0.01; total time=   0.0s
[CV] END estimator__learning_rate=0.01, estimator__max_depth=12, estimator__num_leaves=2, estimator__subsample=0.1; total time=   0.0s
[CV] END estimator__learning_rate=0.01, estimator__max_depth=12, estimator__num_leaves=2, estimator__subsample=0.1; total time=   0.0s
[CV] END estimator__learning_rate=0.01, estimator__max_depth=12, estimator__num_leaves=4, estimator__subsample=0.01; total time=   0.2s
[CV] END estimator__learning_rate=0.01, estimator__max_depth=12, estimator__num_leaves=4, estimator__subsample=0.01; total time=   0.2s
[CV] END estimator__learning_rate=0.01, estimator__max_depth=12, estimator__num_leaves=6, estimator__subsample=0.2; total time=   0.3s
[CV] END estimator__learning_rate=0.01, estimator__max_depth=12, estimator__num_leaves=6, estimator__subsample=0.2; total time=   0.3s
[CV] END estimator__learning_rate=0.01, estimator__max_depth=12, estimator__num_leaves=10, estimator__subsample=0.001; total time=   0.6s
[CV] END estimator__learning_rate=0.01, estimator__max_depth=12, estimator__num_leaves=10, estimator__subsample=0.01; total time=   0.6s
[CV] END estimator__learning_rate=0.01, estimator__max_depth=13, estimator__num_leaves=4, estimator__subsample=0.001; total time=   0.2s
[CV] END estimator__learning_rate=0.01, estimator__max_depth=13, estimator__num_leaves=4, estimator__subsample=0.001; total time=   0.2s
[CV] END estimator__learning_rate=0.01, estimator__max_depth=13, estimator__num_leaves=6, estimator__subsample=0.001; total time=   0.3s
[CV] END estimator__learning_rate=0.01, estimator__max_depth=13, estimator__num_leaves=6, estimator__subsample=0.2; total time=   0.3s
[CV] END estimator__learning_rate=0.01, estimator__max_depth=13, estimator__num_leaves=8, estimator__subsample=0.01; total time=   0.4s
[CV] END estimator__learning_rate=0.01, estimator__max_depth=13, estimator__num_leaves=10, estimator__subsample=0.001; total time=   0.5s
[CV] END estimator__learning_rate=0.01, estimator__max_depth=13, estimator__num_leaves=31, estimator__subsample=0.01; total time=   1.3s
[CV] END estimator__learning_rate=0.01, estimator__max_depth=14, estimator__num_leaves=6, estimator__subsample=0.001; total time=   0.3s
[CV] END estimator__learning_rate=0.01, estimator__max_depth=14, estimator__num_leaves=6, estimator__subsample=0.001; total time=   0.3s
[CV] END estimator__learning_rate=0.01, estimator__max_depth=14, estimator__num_leaves=10, estimator__subsample=0.01; total time=   0.5s
[CV] END estimator__learning_rate=0.01, estimator__max_depth=14, estimator__num_leaves=10, estimator__subsample=0.01; total time=   0.6s
[CV] END estimator__learning_rate=0.2, estimator__max_depth=10, estimator__num_leaves=4, estimator__subsample=0.2; total time=   0.2s
[CV] END estimator__learning_rate=0.2, estimator__max_depth=10, estimator__num_leaves=4, estimator__subsample=0.2; total time=   0.2s
[CV] END estimator__learning_rate=0.2, estimator__max_depth=10, estimator__num_leaves=8, estimator__subsample=0.01; total time=   0.4s
[CV] END estimator__learning_rate=0.2, estimator__max_depth=10, estimator__num_leaves=8, estimator__subsample=0.01; total time=   0.4s
[CV] END estimator__learning_rate=0.2, estimator__max_depth=10, estimator__num_leaves=10, estimator__subsample=0.1; total time=   0.5s
[CV] END estimator__learning_rate=0.2, estimator__max_depth=10, estimator__num_leaves=10, estimator__subsample=0.2; total time=   0.6s
[CV] END estimator__learning_rate=0.2, estimator__max_depth=11, estimator__num_leaves=4, estimator__subsample=0.1; total time=   0.2s
[CV] END estimator__learning_rate=0.2, estimator__max_depth=11, estimator__num_leaves=6, estimator__subsample=0.01; total time=   0.3s
[CV] END estimator__learning_rate=0.2, estimator__max_depth=11, estimator__num_leaves=8, estimator__subsample=0.001; total time=   0.4s
[CV] END estimator__learning_rate=0.2, estimator__max_depth=11, estimator__num_leaves=8, estimator__subsample=0.2; total time=   0.4s
[CV] END estimator__learning_rate=0.2, estimator__max_depth=11, estimator__num_leaves=10, estimator__subsample=0.1; total time=   0.5s
[CV] END estimator__learning_rate=0.2, estimator__max_depth=11, estimator__num_leaves=31, estimator__subsample=0.2; total time=   1.3s
[CV] END estimator__learning_rate=0.2, estimator__max_depth=12, estimator__num_leaves=8, estimator__subsample=0.01; total time=   0.4s
[CV] END estimator__learning_rate=0.2, estimator__max_depth=12, estimator__num_leaves=8, estimator__subsample=0.01; total time=   0.4s
[CV] END estimator__learning_rate=0.2, estimator__max_depth=12, estimator__num_leaves=31, estimator__subsample=0.2; total time=   1.3s
[CV] END estimator__learning_rate=0.2, estimator__max_depth=12, estimator__num_leaves=31, estimator__subsample=0.2; total time=   1.3s
[CV] END estimator__learning_rate=0.2, estimator__max_depth=14, estimator__num_leaves=2, estimator__subsample=0.001; total time=   0.0s
[CV] END estimator__learning_rate=0.2, estimator__max_depth=14, estimator__num_leaves=2, estimator__subsample=0.01; total time=   0.0s
[CV] END estimator__learning_rate=0.2, estimator__max_depth=14, estimator__num_leaves=2, estimator__subsample=0.1; total time=   0.0s
[CV] END estimator__learning_rate=0.2, estimator__max_depth=14, estimator__num_leaves=2, estimator__subsample=0.1; total time=   0.0s
[CV] END estimator__learning_rate=0.2, estimator__max_depth=14, estimator__num_leaves=4, estimator__subsample=0.01; total time=   0.2s
[CV] END estimator__learning_rate=0.2, estimator__max_depth=14, estimator__num_leaves=4, estimator__subsample=0.2; total time=   0.2s
[CV] END estimator__learning_rate=0.2, estimator__max_depth=14, estimator__num_leaves=6, estimator__subsample=0.1; total time=   0.3s
[CV] END estimator__learning_rate=0.2, estimator__max_depth=14, estimator__num_leaves=8, estimator__subsample=0.001; total time=   0.4s
[CV] END estimator__learning_rate=0.2, estimator__max_depth=14, estimator__num_leaves=8, estimator__subsample=0.2; total time=   0.4s
[CV] END estimator__learning_rate=0.2, estimator__max_depth=14, estimator__num_leaves=10, estimator__subsample=0.1; total time=   0.5s
[CV] END estimator__learning_rate=0.2, estimator__max_depth=14, estimator__num_leaves=31, estimator__subsample=0.2; total time=   1.3s
[CV] END estimator__learning_rate=0.39, estimator__max_depth=10, estimator__num_leaves=8, estimator__subsample=0.001; total time=   0.4s
[CV] END estimator__learning_rate=0.39, estimator__max_depth=10, estimator__num_leaves=8, estimator__subsample=0.001; total time=   0.4s
[CV] END estimator__learning_rate=0.39, estimator__max_depth=10, estimator__num_leaves=31, estimator__subsample=0.01; total time=   1.3s
[CV] END estimator__learning_rate=0.39, estimator__max_depth=10, estimator__num_leaves=31, estimator__subsample=0.01; total time=   1.2s[CV] END estimator__learning_rate=0.01, estimator__max_depth=10, estimator__num_leaves=2, estimator__subsample=0.1; total time=   4.0s
[CV] END estimator__learning_rate=0.01, estimator__max_depth=10, estimator__num_leaves=8, estimator__subsample=0.2; total time=   0.4s
[CV] END estimator__learning_rate=0.01, estimator__max_depth=10, estimator__num_leaves=10, estimator__subsample=0.2; total time=   0.5s
[CV] END estimator__learning_rate=0.01, estimator__max_depth=11, estimator__num_leaves=2, estimator__subsample=0.001; total time=   0.0s
[CV] END estimator__learning_rate=0.01, estimator__max_depth=11, estimator__num_leaves=2, estimator__subsample=0.01; total time=   0.0s
[CV] END estimator__learning_rate=0.01, estimator__max_depth=11, estimator__num_leaves=2, estimator__subsample=0.01; total time=   0.0s
[CV] END estimator__learning_rate=0.01, estimator__max_depth=11, estimator__num_leaves=2, estimator__subsample=0.1; total time=   0.0s
[CV] END estimator__learning_rate=0.01, estimator__max_depth=11, estimator__num_leaves=2, estimator__subsample=0.2; total time=   0.0s
[CV] END estimator__learning_rate=0.01, estimator__max_depth=11, estimator__num_leaves=4, estimator__subsample=0.001; total time=   0.2s
[CV] END estimator__learning_rate=0.01, estimator__max_depth=11, estimator__num_leaves=4, estimator__subsample=0.1; total time=   0.2s
[CV] END estimator__learning_rate=0.01, estimator__max_depth=11, estimator__num_leaves=4, estimator__subsample=0.2; total time=   0.2s
[CV] END estimator__learning_rate=0.01, estimator__max_depth=11, estimator__num_leaves=10, estimator__subsample=0.001; total time=   0.6s
[CV] END estimator__learning_rate=0.01, estimator__max_depth=11, estimator__num_leaves=10, estimator__subsample=0.001; total time=   0.6s
[CV] END estimator__learning_rate=0.01, estimator__max_depth=12, estimator__num_leaves=2, estimator__subsample=0.2; total time=   0.0s
[CV] END estimator__learning_rate=0.01, estimator__max_depth=12, estimator__num_leaves=2, estimator__subsample=0.2; total time=   0.0s
[CV] END estimator__learning_rate=0.01, estimator__max_depth=12, estimator__num_leaves=4, estimator__subsample=0.1; total time=   0.2s
[CV] END estimator__learning_rate=0.01, estimator__max_depth=12, estimator__num_leaves=4, estimator__subsample=0.1; total time=   0.2s
[CV] END estimator__learning_rate=0.01, estimator__max_depth=12, estimator__num_leaves=8, estimator__subsample=0.001; total time=   0.4s
[CV] END estimator__learning_rate=0.01, estimator__max_depth=12, estimator__num_leaves=8, estimator__subsample=0.001; total time=   0.4s
[CV] END estimator__learning_rate=0.01, estimator__max_depth=12, estimator__num_leaves=10, estimator__subsample=0.01; total time=   0.5s
[CV] END estimator__learning_rate=0.01, estimator__max_depth=12, estimator__num_leaves=10, estimator__subsample=0.01; total time=   0.6s
[CV] END estimator__learning_rate=0.01, estimator__max_depth=13, estimator__num_leaves=4, estimator__subsample=0.1; total time=   0.2s
[CV] END estimator__learning_rate=0.01, estimator__max_depth=13, estimator__num_leaves=6, estimator__subsample=0.001; total time=   0.3s
[CV] END estimator__learning_rate=0.01, estimator__max_depth=13, estimator__num_leaves=6, estimator__subsample=0.1; total time=   0.3s
[CV] END estimator__learning_rate=0.01, estimator__max_depth=13, estimator__num_leaves=8, estimator__subsample=0.01; total time=   0.4s
[CV] END estimator__learning_rate=0.01, estimator__max_depth=13, estimator__num_leaves=10, estimator__subsample=0.001; total time=   0.6s
[CV] END estimator__learning_rate=0.01, estimator__max_depth=13, estimator__num_leaves=31, estimator__subsample=0.01; total time=   1.3s
[CV] END estimator__learning_rate=0.01, estimator__max_depth=14, estimator__num_leaves=6, estimator__subsample=0.01; total time=   0.3s
[CV] END estimator__learning_rate=0.01, estimator__max_depth=14, estimator__num_leaves=6, estimator__subsample=0.01; total time=   0.3s
[CV] END estimator__learning_rate=0.01, estimator__max_depth=14, estimator__num_leaves=10, estimator__subsample=0.2; total time=   0.6s
[CV] END estimator__learning_rate=0.01, estimator__max_depth=14, estimator__num_leaves=10, estimator__subsample=0.2; total time=   0.6s
[CV] END estimator__learning_rate=0.2, estimator__max_depth=10, estimator__num_leaves=6, estimator__subsample=0.001; total time=   0.3s
[CV] END estimator__learning_rate=0.2, estimator__max_depth=10, estimator__num_leaves=6, estimator__subsample=0.001; total time=   0.3s
[CV] END estimator__learning_rate=0.2, estimator__max_depth=10, estimator__num_leaves=8, estimator__subsample=0.1; total time=   0.4s
[CV] END estimator__learning_rate=0.2, estimator__max_depth=10, estimator__num_leaves=8, estimator__subsample=0.1; total time=   0.4s
[CV] END estimator__learning_rate=0.2, estimator__max_depth=10, estimator__num_leaves=31, estimator__subsample=0.01; total time=   1.3s
[CV] END estimator__learning_rate=0.2, estimator__max_depth=10, estimator__num_leaves=31, estimator__subsample=0.01; total time=   1.2s
[CV] END estimator__learning_rate=0.2, estimator__max_depth=11, estimator__num_leaves=10, estimator__subsample=0.1; total time=   0.5s
[CV] END estimator__learning_rate=0.2, estimator__max_depth=11, estimator__num_leaves=31, estimator__subsample=0.2; total time=   1.2s
[CV] END estimator__learning_rate=0.2, estimator__max_depth=12, estimator__num_leaves=8, estimator__subsample=0.001; total time=   0.4s
[CV] END estimator__learning_rate=0.2, estimator__max_depth=12, estimator__num_leaves=8, estimator__subsample=0.001; total time=   0.4s
[CV] END estimator__learning_rate=0.2, estimator__max_depth=12, estimator__num_leaves=31, estimator__subsample=0.1; total time=   1.3s
[CV] END estimator__learning_rate=0.2, estimator__max_depth=12, estimator__num_leaves=31, estimator__subsample=0.1; total time=   1.3s
[CV] END estimator__learning_rate=0.2, estimator__max_depth=13, estimator__num_leaves=31, estimator__subsample=0.1; total time=   1.4s
[CV] END estimator__learning_rate=0.2, estimator__max_depth=13, estimator__num_leaves=31, estimator__subsample=0.2; total time=   1.3s
[CV] END estimator__learning_rate=0.2, estimator__max_depth=14, estimator__num_leaves=31, estimator__subsample=0.001; total time=   1.3s
[CV] END estimator__learning_rate=0.39, estimator__max_depth=10, estimator__num_leaves=4, estimator__subsample=0.2; total time=   0.2s
[CV] END estimator__learning_rate=0.39, estimator__max_depth=10, estimator__num_leaves=4, estimator__subsample=0.2; total time=   0.2s
[CV] END estimator__learning_rate=0.39, estimator__max_depth=10, estimator__num_leaves=10, estimator__subsample=0.01; total time=   0.5s
[CV] END estimator__learning_rate=0.39, estimator__max_depth=10, estimator__num_leaves=10, estimator__subsample=0.01; total time=   0.6s
[CV] END estimator__learning_rate=0.39, estimator__max_depth=11, estimator__num_leaves=4, estimator__subsample=0.001; total time=   0.2s
[CV] END estimator__learning_rate=0.39, estimator__max_depth=11, estimator__num_leaves=4, estimator__subsample=0.001; total time=   0.2s
[CV] END estimator__learning_rate=0.39, estimator__max_depth=11, estimator__num_leaves=6, estimator__subsample=0.1; total time=   0.3s
[CV] END estimator__learning_rate=0.39, estimator__max_depth=11, estimator__num_leaves=6, estimator__subsample=0.1; total time=   0.3s
[CV] END estimator__learning_rate=0.39, estimator__max_depth=11, estimator__num_leaves=8, estimator__subsample=0.2; total time=   0.4s
[CV] END estimator__learning_rate=0.39, estimator__max_depth=11, estimator__num_leaves=8, estimator__subsample=0.2; total time=   0.4s
[CV] END estimator__learning_rate=0.39, estimator__max_depth=12, estimator__num_leaves=2, estimator__subsample=0.01; total time=   0.0s
[CV] END estimator__learning_rate=0.39, estimator__max_depth=12, estimator__num_leaves=2, estimator__subsample=0.01; total time=   0.0s
[CV] END estimator__learning_rate=0.39, estimator__max_depth=12, estimator__num_leaves=2, estimator__subsample=0.1; total time=   0.0s
[CV] END estimator__learning_rate=0.39, estimator__max_depth=12, estimator__num_leaves=2, estimator__subsample=0.2; total time=   0.0s[CV] END estimator__learning_rate=0.01, estimator__max_depth=10, estimator__num_leaves=2, estimator__subsample=0.2; total time=   4.0s
[CV] END estimator__learning_rate=0.01, estimator__max_depth=10, estimator__num_leaves=8, estimator__subsample=0.1; total time=   0.4s
[CV] END estimator__learning_rate=0.01, estimator__max_depth=10, estimator__num_leaves=10, estimator__subsample=0.2; total time=   0.6s
[CV] END estimator__learning_rate=0.01, estimator__max_depth=11, estimator__num_leaves=2, estimator__subsample=0.001; total time=   0.0s
[CV] END estimator__learning_rate=0.01, estimator__max_depth=11, estimator__num_leaves=2, estimator__subsample=0.01; total time=   0.0s
[CV] END estimator__learning_rate=0.01, estimator__max_depth=11, estimator__num_leaves=2, estimator__subsample=0.1; total time=   0.0s
[CV] END estimator__learning_rate=0.01, estimator__max_depth=11, estimator__num_leaves=2, estimator__subsample=0.1; total time=   0.0s
[CV] END estimator__learning_rate=0.01, estimator__max_depth=11, estimator__num_leaves=2, estimator__subsample=0.2; total time=   0.0s
[CV] END estimator__learning_rate=0.01, estimator__max_depth=11, estimator__num_leaves=4, estimator__subsample=0.001; total time=   0.2s
[CV] END estimator__learning_rate=0.01, estimator__max_depth=11, estimator__num_leaves=4, estimator__subsample=0.2; total time=   0.2s
[CV] END estimator__learning_rate=0.01, estimator__max_depth=11, estimator__num_leaves=4, estimator__subsample=0.2; total time=   0.2s
[CV] END estimator__learning_rate=0.01, estimator__max_depth=11, estimator__num_leaves=10, estimator__subsample=0.001; total time=   0.6s
[CV] END estimator__learning_rate=0.01, estimator__max_depth=11, estimator__num_leaves=10, estimator__subsample=0.001; total time=   0.5s
[CV] END estimator__learning_rate=0.01, estimator__max_depth=12, estimator__num_leaves=2, estimator__subsample=0.2; total time=   0.0s
[CV] END estimator__learning_rate=0.01, estimator__max_depth=12, estimator__num_leaves=2, estimator__subsample=0.2; total time=   0.0s
[CV] END estimator__learning_rate=0.01, estimator__max_depth=12, estimator__num_leaves=4, estimator__subsample=0.1; total time=   0.2s
[CV] END estimator__learning_rate=0.01, estimator__max_depth=12, estimator__num_leaves=4, estimator__subsample=0.2; total time=   0.2s
[CV] END estimator__learning_rate=0.01, estimator__max_depth=12, estimator__num_leaves=8, estimator__subsample=0.001; total time=   0.4s
[CV] END estimator__learning_rate=0.01, estimator__max_depth=12, estimator__num_leaves=8, estimator__subsample=0.001; total time=   0.4s
[CV] END estimator__learning_rate=0.01, estimator__max_depth=12, estimator__num_leaves=10, estimator__subsample=0.1; total time=   0.5s
[CV] END estimator__learning_rate=0.01, estimator__max_depth=12, estimator__num_leaves=10, estimator__subsample=0.1; total time=   0.6s
[CV] END estimator__learning_rate=0.01, estimator__max_depth=13, estimator__num_leaves=4, estimator__subsample=0.1; total time=   0.2s
[CV] END estimator__learning_rate=0.01, estimator__max_depth=13, estimator__num_leaves=6, estimator__subsample=0.001; total time=   0.3s
[CV] END estimator__learning_rate=0.01, estimator__max_depth=13, estimator__num_leaves=6, estimator__subsample=0.2; total time=   0.3s
[CV] END estimator__learning_rate=0.01, estimator__max_depth=13, estimator__num_leaves=8, estimator__subsample=0.1; total time=   0.4s
[CV] END estimator__learning_rate=0.01, estimator__max_depth=13, estimator__num_leaves=10, estimator__subsample=0.01; total time=   0.5s
[CV] END estimator__learning_rate=0.01, estimator__max_depth=13, estimator__num_leaves=31, estimator__subsample=0.1; total time=   1.3s
[CV] END estimator__learning_rate=0.01, estimator__max_depth=14, estimator__num_leaves=6, estimator__subsample=0.1; total time=   0.3s
[CV] END estimator__learning_rate=0.01, estimator__max_depth=14, estimator__num_leaves=6, estimator__subsample=0.1; total time=   0.3s
[CV] END estimator__learning_rate=0.01, estimator__max_depth=14, estimator__num_leaves=10, estimator__subsample=0.2; total time=   0.5s
[CV] END estimator__learning_rate=0.01, estimator__max_depth=14, estimator__num_leaves=10, estimator__subsample=0.2; total time=   0.6s
[CV] END estimator__learning_rate=0.2, estimator__max_depth=10, estimator__num_leaves=6, estimator__subsample=0.001; total time=   0.3s
[CV] END estimator__learning_rate=0.2, estimator__max_depth=10, estimator__num_leaves=6, estimator__subsample=0.01; total time=   0.3s
[CV] END estimator__learning_rate=0.2, estimator__max_depth=10, estimator__num_leaves=8, estimator__subsample=0.1; total time=   0.4s
[CV] END estimator__learning_rate=0.2, estimator__max_depth=10, estimator__num_leaves=8, estimator__subsample=0.1; total time=   0.4s
[CV] END estimator__learning_rate=0.2, estimator__max_depth=10, estimator__num_leaves=31, estimator__subsample=0.01; total time=   1.3s
[CV] END estimator__learning_rate=0.2, estimator__max_depth=10, estimator__num_leaves=31, estimator__subsample=0.01; total time=   1.2s
[CV] END estimator__learning_rate=0.2, estimator__max_depth=11, estimator__num_leaves=10, estimator__subsample=0.1; total time=   0.5s
[CV] END estimator__learning_rate=0.2, estimator__max_depth=11, estimator__num_leaves=31, estimator__subsample=0.2; total time=   1.3s
[CV] END estimator__learning_rate=0.2, estimator__max_depth=12, estimator__num_leaves=8, estimator__subsample=0.01; total time=   0.4s
[CV] END estimator__learning_rate=0.2, estimator__max_depth=12, estimator__num_leaves=8, estimator__subsample=0.01; total time=   0.4s
[CV] END estimator__learning_rate=0.2, estimator__max_depth=12, estimator__num_leaves=31, estimator__subsample=0.1; total time=   1.3s
[CV] END estimator__learning_rate=0.2, estimator__max_depth=12, estimator__num_leaves=31, estimator__subsample=0.2; total time=   1.3s
[CV] END estimator__learning_rate=0.2, estimator__max_depth=14, estimator__num_leaves=2, estimator__subsample=0.001; total time=   0.0s
[CV] END estimator__learning_rate=0.2, estimator__max_depth=14, estimator__num_leaves=2, estimator__subsample=0.001; total time=   0.0s
[CV] END estimator__learning_rate=0.2, estimator__max_depth=14, estimator__num_leaves=2, estimator__subsample=0.01; total time=   0.0s
[CV] END estimator__learning_rate=0.2, estimator__max_depth=14, estimator__num_leaves=2, estimator__subsample=0.01; total time=   0.0s
[CV] END estimator__learning_rate=0.2, estimator__max_depth=14, estimator__num_leaves=4, estimator__subsample=0.01; total time=   0.2s
[CV] END estimator__learning_rate=0.2, estimator__max_depth=14, estimator__num_leaves=4, estimator__subsample=0.1; total time=   0.2s
[CV] END estimator__learning_rate=0.2, estimator__max_depth=14, estimator__num_leaves=6, estimator__subsample=0.01; total time=   0.3s
[CV] END estimator__learning_rate=0.2, estimator__max_depth=14, estimator__num_leaves=8, estimator__subsample=0.001; total time=   0.4s
[CV] END estimator__learning_rate=0.2, estimator__max_depth=14, estimator__num_leaves=8, estimator__subsample=0.2; total time=   0.4s
[CV] END estimator__learning_rate=0.2, estimator__max_depth=14, estimator__num_leaves=10, estimator__subsample=0.1; total time=   0.5s
[CV] END estimator__learning_rate=0.2, estimator__max_depth=14, estimator__num_leaves=31, estimator__subsample=0.2; total time=   1.3s
[CV] END estimator__learning_rate=0.39, estimator__max_depth=10, estimator__num_leaves=8, estimator__subsample=0.001; total time=   0.4s
[CV] END estimator__learning_rate=0.39, estimator__max_depth=10, estimator__num_leaves=8, estimator__subsample=0.001; total time=   0.4s
[CV] END estimator__learning_rate=0.39, estimator__max_depth=10, estimator__num_leaves=31, estimator__subsample=0.1; total time=   1.3s
[CV] END estimator__learning_rate=0.39, estimator__max_depth=10, estimator__num_leaves=31, estimator__subsample=0.1; total time=   1.2s
[CV] END estimator__learning_rate=0.39, estimator__max_depth=11, estimator__num_leaves=31, estimator__subsample=0.1; total time=   1.3s
[CV] END estimator__learning_rate=0.39, estimator__max_depth=11, estimator__num_leaves=31, estimator__subsample=0.2; total time=   1.2s[CV] END estimator__learning_rate=0.01, estimator__max_depth=10, estimator__num_leaves=2, estimator__subsample=0.001; total time=   3.7s
[CV] END estimator__learning_rate=0.01, estimator__max_depth=10, estimator__num_leaves=6, estimator__subsample=0.1; total time=   0.1s
[CV] END estimator__learning_rate=0.01, estimator__max_depth=10, estimator__num_leaves=8, estimator__subsample=0.001; total time=   0.5s
[CV] END estimator__learning_rate=0.01, estimator__max_depth=10, estimator__num_leaves=10, estimator__subsample=0.001; total time=   0.6s
[CV] END estimator__learning_rate=0.01, estimator__max_depth=10, estimator__num_leaves=31, estimator__subsample=0.01; total time=   1.3s
[CV] END estimator__learning_rate=0.01, estimator__max_depth=11, estimator__num_leaves=6, estimator__subsample=0.001; total time=   0.3s
[CV] END estimator__learning_rate=0.01, estimator__max_depth=11, estimator__num_leaves=6, estimator__subsample=0.001; total time=   0.3s
[CV] END estimator__learning_rate=0.01, estimator__max_depth=11, estimator__num_leaves=10, estimator__subsample=0.01; total time=   0.5s
[CV] END estimator__learning_rate=0.01, estimator__max_depth=11, estimator__num_leaves=10, estimator__subsample=0.01; total time=   0.6s
[CV] END estimator__learning_rate=0.01, estimator__max_depth=12, estimator__num_leaves=4, estimator__subsample=0.2; total time=   0.2s
[CV] END estimator__learning_rate=0.01, estimator__max_depth=12, estimator__num_leaves=4, estimator__subsample=0.2; total time=   0.2s
[CV] END estimator__learning_rate=0.01, estimator__max_depth=12, estimator__num_leaves=8, estimator__subsample=0.001; total time=   0.4s
[CV] END estimator__learning_rate=0.01, estimator__max_depth=12, estimator__num_leaves=8, estimator__subsample=0.01; total time=   0.4s
[CV] END estimator__learning_rate=0.01, estimator__max_depth=12, estimator__num_leaves=10, estimator__subsample=0.1; total time=   0.5s
[CV] END estimator__learning_rate=0.01, estimator__max_depth=12, estimator__num_leaves=10, estimator__subsample=0.1; total time=   0.5s
[CV] END estimator__learning_rate=0.01, estimator__max_depth=13, estimator__num_leaves=4, estimator__subsample=0.1; total time=   0.2s
[CV] END estimator__learning_rate=0.01, estimator__max_depth=13, estimator__num_leaves=6, estimator__subsample=0.01; total time=   0.3s
[CV] END estimator__learning_rate=0.01, estimator__max_depth=13, estimator__num_leaves=8, estimator__subsample=0.001; total time=   0.4s
[CV] END estimator__learning_rate=0.01, estimator__max_depth=13, estimator__num_leaves=8, estimator__subsample=0.1; total time=   0.4s
[CV] END estimator__learning_rate=0.01, estimator__max_depth=13, estimator__num_leaves=10, estimator__subsample=0.01; total time=   0.6s
[CV] END estimator__learning_rate=0.01, estimator__max_depth=13, estimator__num_leaves=31, estimator__subsample=0.2; total time=   1.4s
[CV] END estimator__learning_rate=0.01, estimator__max_depth=14, estimator__num_leaves=8, estimator__subsample=0.01; total time=   0.4s
[CV] END estimator__learning_rate=0.01, estimator__max_depth=14, estimator__num_leaves=8, estimator__subsample=0.01; total time=   0.4s
[CV] END estimator__learning_rate=0.01, estimator__max_depth=14, estimator__num_leaves=31, estimator__subsample=0.1; total time=   1.4s
[CV] END estimator__learning_rate=0.01, estimator__max_depth=14, estimator__num_leaves=31, estimator__subsample=0.2; total time=   1.3s
[CV] END estimator__learning_rate=0.2, estimator__max_depth=11, estimator__num_leaves=2, estimator__subsample=0.001; total time=   0.0s
[CV] END estimator__learning_rate=0.2, estimator__max_depth=11, estimator__num_leaves=2, estimator__subsample=0.001; total time=   0.0s
[CV] END estimator__learning_rate=0.2, estimator__max_depth=11, estimator__num_leaves=2, estimator__subsample=0.1; total time=   0.0s
[CV] END estimator__learning_rate=0.2, estimator__max_depth=11, estimator__num_leaves=2, estimator__subsample=0.1; total time=   0.0s
[CV] END estimator__learning_rate=0.2, estimator__max_depth=11, estimator__num_leaves=4, estimator__subsample=0.01; total time=   0.2s
[CV] END estimator__learning_rate=0.2, estimator__max_depth=11, estimator__num_leaves=4, estimator__subsample=0.2; total time=   0.2s
[CV] END estimator__learning_rate=0.2, estimator__max_depth=11, estimator__num_leaves=6, estimator__subsample=0.01; total time=   0.3s
[CV] END estimator__learning_rate=0.2, estimator__max_depth=11, estimator__num_leaves=8, estimator__subsample=0.001; total time=   0.4s
[CV] END estimator__learning_rate=0.2, estimator__max_depth=11, estimator__num_leaves=8, estimator__subsample=0.2; total time=   0.5s
[CV] END estimator__learning_rate=0.2, estimator__max_depth=11, estimator__num_leaves=31, estimator__subsample=0.001; total time=   1.2s
[CV] END estimator__learning_rate=0.2, estimator__max_depth=12, estimator__num_leaves=4, estimator__subsample=0.001; total time=   0.2s
[CV] END estimator__learning_rate=0.2, estimator__max_depth=12, estimator__num_leaves=4, estimator__subsample=0.01; total time=   0.2s
[CV] END estimator__learning_rate=0.2, estimator__max_depth=12, estimator__num_leaves=8, estimator__subsample=0.001; total time=   0.4s
[CV] END estimator__learning_rate=0.2, estimator__max_depth=12, estimator__num_leaves=8, estimator__subsample=0.01; total time=   0.4s
[CV] END estimator__learning_rate=0.2, estimator__max_depth=12, estimator__num_leaves=31, estimator__subsample=0.1; total time=   1.3s
[CV] END estimator__learning_rate=0.2, estimator__max_depth=12, estimator__num_leaves=31, estimator__subsample=0.1; total time=   1.3s
[CV] END estimator__learning_rate=0.2, estimator__max_depth=14, estimator__num_leaves=2, estimator__subsample=0.001; total time=   0.0s
[CV] END estimator__learning_rate=0.2, estimator__max_depth=14, estimator__num_leaves=2, estimator__subsample=0.001; total time=   0.0s
[CV] END estimator__learning_rate=0.2, estimator__max_depth=14, estimator__num_leaves=2, estimator__subsample=0.1; total time=   0.0s
[CV] END estimator__learning_rate=0.2, estimator__max_depth=14, estimator__num_leaves=2, estimator__subsample=0.1; total time=   0.0s
[CV] END estimator__learning_rate=0.2, estimator__max_depth=14, estimator__num_leaves=4, estimator__subsample=0.001; total time=   0.2s
[CV] END estimator__learning_rate=0.2, estimator__max_depth=14, estimator__num_leaves=4, estimator__subsample=0.2; total time=   0.2s
[CV] END estimator__learning_rate=0.2, estimator__max_depth=14, estimator__num_leaves=6, estimator__subsample=0.01; total time=   0.3s
[CV] END estimator__learning_rate=0.2, estimator__max_depth=14, estimator__num_leaves=8, estimator__subsample=0.001; total time=   0.4s
[CV] END estimator__learning_rate=0.2, estimator__max_depth=14, estimator__num_leaves=8, estimator__subsample=0.2; total time=   0.4s
[CV] END estimator__learning_rate=0.2, estimator__max_depth=14, estimator__num_leaves=10, estimator__subsample=0.1; total time=   0.5s
[CV] END estimator__learning_rate=0.2, estimator__max_depth=14, estimator__num_leaves=31, estimator__subsample=0.1; total time=   1.3s
[CV] END estimator__learning_rate=0.39, estimator__max_depth=10, estimator__num_leaves=8, estimator__subsample=0.001; total time=   0.4s
[CV] END estimator__learning_rate=0.39, estimator__max_depth=10, estimator__num_leaves=8, estimator__subsample=0.01; total time=   0.4s
[CV] END estimator__learning_rate=0.39, estimator__max_depth=10, estimator__num_leaves=31, estimator__subsample=0.1; total time=   1.2s
[CV] END estimator__learning_rate=0.39, estimator__max_depth=10, estimator__num_leaves=31, estimator__subsample=0.1; total time=   1.2s
[CV] END estimator__learning_rate=0.39, estimator__max_depth=11, estimator__num_leaves=31, estimator__subsample=0.01; total time=   1.3s
[CV] END estimator__learning_rate=0.39, estimator__max_depth=11, estimator__num_leaves=31, estimator__subsample=0.01; total time=   1.3s
[CV] END estimator__learning_rate=0.39, estimator__max_depth=12, estimator__num_leaves=31, estimator__subsample=0.001; total time=   1.2s
[CV] END estimator__learning_rate=0.39, estimator__max_depth=13, estimator__num_leaves=4, estimator__subsample=0.001; total time=   0.2s[CV] END estimator__learning_rate=0.01, estimator__max_depth=10, estimator__num_leaves=2, estimator__subsample=0.01; total time=   3.9s
[CV] END estimator__learning_rate=0.01, estimator__max_depth=10, estimator__num_leaves=8, estimator__subsample=0.2; total time=   0.4s
[CV] END estimator__learning_rate=0.01, estimator__max_depth=10, estimator__num_leaves=10, estimator__subsample=0.2; total time=   0.6s
[CV] END estimator__learning_rate=0.01, estimator__max_depth=11, estimator__num_leaves=2, estimator__subsample=0.001; total time=   0.0s
[CV] END estimator__learning_rate=0.01, estimator__max_depth=11, estimator__num_leaves=2, estimator__subsample=0.01; total time=   0.0s
[CV] END estimator__learning_rate=0.01, estimator__max_depth=11, estimator__num_leaves=2, estimator__subsample=0.1; total time=   0.0s
[CV] END estimator__learning_rate=0.01, estimator__max_depth=11, estimator__num_leaves=2, estimator__subsample=0.2; total time=   0.0s
[CV] END estimator__learning_rate=0.01, estimator__max_depth=11, estimator__num_leaves=2, estimator__subsample=0.2; total time=   0.0s
[CV] END estimator__learning_rate=0.01, estimator__max_depth=11, estimator__num_leaves=4, estimator__subsample=0.001; total time=   0.1s
[CV] END estimator__learning_rate=0.01, estimator__max_depth=11, estimator__num_leaves=4, estimator__subsample=0.2; total time=   0.2s
[CV] END estimator__learning_rate=0.01, estimator__max_depth=11, estimator__num_leaves=4, estimator__subsample=0.2; total time=   0.2s
[CV] END estimator__learning_rate=0.01, estimator__max_depth=11, estimator__num_leaves=10, estimator__subsample=0.01; total time=   0.6s
[CV] END estimator__learning_rate=0.01, estimator__max_depth=11, estimator__num_leaves=10, estimator__subsample=0.01; total time=   0.6s
[CV] END estimator__learning_rate=0.01, estimator__max_depth=12, estimator__num_leaves=4, estimator__subsample=0.001; total time=   0.2s
[CV] END estimator__learning_rate=0.01, estimator__max_depth=12, estimator__num_leaves=4, estimator__subsample=0.001; total time=   0.2s
[CV] END estimator__learning_rate=0.01, estimator__max_depth=12, estimator__num_leaves=6, estimator__subsample=0.01; total time=   0.3s
[CV] END estimator__learning_rate=0.01, estimator__max_depth=12, estimator__num_leaves=6, estimator__subsample=0.01; total time=   0.3s
[CV] END estimator__learning_rate=0.01, estimator__max_depth=12, estimator__num_leaves=8, estimator__subsample=0.2; total time=   0.4s
[CV] END estimator__learning_rate=0.01, estimator__max_depth=12, estimator__num_leaves=8, estimator__subsample=0.2; total time=   0.4s
[CV] END estimator__learning_rate=0.01, estimator__max_depth=12, estimator__num_leaves=31, estimator__subsample=0.1; total time=   1.4s
[CV] END estimator__learning_rate=0.01, estimator__max_depth=12, estimator__num_leaves=31, estimator__subsample=0.2; total time=   1.3s
[CV] END estimator__learning_rate=0.01, estimator__max_depth=13, estimator__num_leaves=31, estimator__subsample=0.001; total time=   1.3s
[CV] END estimator__learning_rate=0.01, estimator__max_depth=14, estimator__num_leaves=6, estimator__subsample=0.01; total time=   0.3s
[CV] END estimator__learning_rate=0.01, estimator__max_depth=14, estimator__num_leaves=6, estimator__subsample=0.01; total time=   0.3s
[CV] END estimator__learning_rate=0.01, estimator__max_depth=14, estimator__num_leaves=10, estimator__subsample=0.1; total time=   0.6s
[CV] END estimator__learning_rate=0.01, estimator__max_depth=14, estimator__num_leaves=10, estimator__subsample=0.2; total time=   0.6s
[CV] END estimator__learning_rate=0.2, estimator__max_depth=10, estimator__num_leaves=6, estimator__subsample=0.001; total time=   0.3s
[CV] END estimator__learning_rate=0.2, estimator__max_depth=10, estimator__num_leaves=6, estimator__subsample=0.001; total time=   0.3s
[CV] END estimator__learning_rate=0.2, estimator__max_depth=10, estimator__num_leaves=8, estimator__subsample=0.01; total time=   0.4s
[CV] END estimator__learning_rate=0.2, estimator__max_depth=10, estimator__num_leaves=8, estimator__subsample=0.01; total time=   0.4s
[CV] END estimator__learning_rate=0.2, estimator__max_depth=10, estimator__num_leaves=31, estimator__subsample=0.001; total time=   1.3s
[CV] END estimator__learning_rate=0.2, estimator__max_depth=10, estimator__num_leaves=31, estimator__subsample=0.01; total time=   1.1s
[CV] END estimator__learning_rate=0.2, estimator__max_depth=11, estimator__num_leaves=10, estimator__subsample=0.01; total time=   0.5s
[CV] END estimator__learning_rate=0.2, estimator__max_depth=11, estimator__num_leaves=31, estimator__subsample=0.1; total time=   1.3s
[CV] END estimator__learning_rate=0.2, estimator__max_depth=12, estimator__num_leaves=6, estimator__subsample=0.2; total time=   0.3s
[CV] END estimator__learning_rate=0.2, estimator__max_depth=12, estimator__num_leaves=6, estimator__subsample=0.2; total time=   0.3s
[CV] END estimator__learning_rate=0.2, estimator__max_depth=12, estimator__num_leaves=31, estimator__subsample=0.01; total time=   1.3s
[CV] END estimator__learning_rate=0.2, estimator__max_depth=12, estimator__num_leaves=31, estimator__subsample=0.01; total time=   1.3s
[CV] END estimator__learning_rate=0.2, estimator__max_depth=13, estimator__num_leaves=31, estimator__subsample=0.001; total time=   1.4s
[CV] END estimator__learning_rate=0.2, estimator__max_depth=13, estimator__num_leaves=31, estimator__subsample=0.001; total time=   1.3s
[CV] END estimator__learning_rate=0.2, estimator__max_depth=14, estimator__num_leaves=10, estimator__subsample=0.1; total time=   0.5s
[CV] END estimator__learning_rate=0.2, estimator__max_depth=14, estimator__num_leaves=31, estimator__subsample=0.2; total time=   1.3s
[CV] END estimator__learning_rate=0.39, estimator__max_depth=10, estimator__num_leaves=8, estimator__subsample=0.01; total time=   0.5s
[CV] END estimator__learning_rate=0.39, estimator__max_depth=10, estimator__num_leaves=8, estimator__subsample=0.01; total time=   0.4s
[CV] END estimator__learning_rate=0.39, estimator__max_depth=11, estimator__num_leaves=2, estimator__subsample=0.01; total time=   0.0s
[CV] END estimator__learning_rate=0.39, estimator__max_depth=11, estimator__num_leaves=2, estimator__subsample=0.01; total time=   0.0s
[CV] END estimator__learning_rate=0.39, estimator__max_depth=11, estimator__num_leaves=2, estimator__subsample=0.2; total time=   0.0s
[CV] END estimator__learning_rate=0.39, estimator__max_depth=11, estimator__num_leaves=2, estimator__subsample=0.2; total time=   0.0s
[CV] END estimator__learning_rate=0.39, estimator__max_depth=11, estimator__num_leaves=4, estimator__subsample=0.1; total time=   0.2s
[CV] END estimator__learning_rate=0.39, estimator__max_depth=11, estimator__num_leaves=4, estimator__subsample=0.1; total time=   0.2s
[CV] END estimator__learning_rate=0.39, estimator__max_depth=11, estimator__num_leaves=8, estimator__subsample=0.001; total time=   0.4s
[CV] END estimator__learning_rate=0.39, estimator__max_depth=11, estimator__num_leaves=8, estimator__subsample=0.001; total time=   0.4s
[CV] END estimator__learning_rate=0.39, estimator__max_depth=11, estimator__num_leaves=10, estimator__subsample=0.1; total time=   0.6s
[CV] END estimator__learning_rate=0.39, estimator__max_depth=11, estimator__num_leaves=10, estimator__subsample=0.1; total time=   0.5s
[CV] END estimator__learning_rate=0.39, estimator__max_depth=12, estimator__num_leaves=4, estimator__subsample=0.1; total time=   0.2s
[CV] END estimator__learning_rate=0.39, estimator__max_depth=12, estimator__num_leaves=6, estimator__subsample=0.01; total time=   0.3s
[CV] END estimator__learning_rate=0.39, estimator__max_depth=12, estimator__num_leaves=8, estimator__subsample=0.001; total time=   0.4s
[CV] END estimator__learning_rate=0.39, estimator__max_depth=12, estimator__num_leaves=8, estimator__subsample=0.2; total time=   0.4s
[CV] END estimator__learning_rate=0.39, estimator__max_depth=12, estimator__num_leaves=10, estimator__subsample=0.1; total time=   0.5s
[CV] END estimator__learning_rate=0.39, estimator__max_depth=12, estimator__num_leaves=31, estimator__subsample=0.2; total time=   1.3s[CV] END estimator__learning_rate=0.01, estimator__max_depth=10, estimator__num_leaves=2, estimator__subsample=0.1; total time=   3.8s
[CV] END estimator__learning_rate=0.01, estimator__max_depth=10, estimator__num_leaves=8, estimator__subsample=0.01; total time=   0.6s
[CV] END estimator__learning_rate=0.01, estimator__max_depth=10, estimator__num_leaves=10, estimator__subsample=0.1; total time=   0.5s
[CV] END estimator__learning_rate=0.01, estimator__max_depth=10, estimator__num_leaves=31, estimator__subsample=0.2; total time=   1.3s
[CV] END estimator__learning_rate=0.01, estimator__max_depth=11, estimator__num_leaves=8, estimator__subsample=0.001; total time=   0.5s
[CV] END estimator__learning_rate=0.01, estimator__max_depth=11, estimator__num_leaves=8, estimator__subsample=0.01; total time=   0.4s
[CV] END estimator__learning_rate=0.01, estimator__max_depth=11, estimator__num_leaves=31, estimator__subsample=0.1; total time=   1.4s
[CV] END estimator__learning_rate=0.01, estimator__max_depth=11, estimator__num_leaves=31, estimator__subsample=0.1; total time=   1.2s
[CV] END estimator__learning_rate=0.01, estimator__max_depth=12, estimator__num_leaves=31, estimator__subsample=0.2; total time=   1.4s
[CV] END estimator__learning_rate=0.01, estimator__max_depth=12, estimator__num_leaves=31, estimator__subsample=0.2; total time=   1.3s
[CV] END estimator__learning_rate=0.01, estimator__max_depth=13, estimator__num_leaves=31, estimator__subsample=0.01; total time=   1.3s
[CV] END estimator__learning_rate=0.01, estimator__max_depth=14, estimator__num_leaves=6, estimator__subsample=0.001; total time=   0.3s
[CV] END estimator__learning_rate=0.01, estimator__max_depth=14, estimator__num_leaves=6, estimator__subsample=0.01; total time=   0.3s
[CV] END estimator__learning_rate=0.01, estimator__max_depth=14, estimator__num_leaves=10, estimator__subsample=0.1; total time=   0.6s
[CV] END estimator__learning_rate=0.01, estimator__max_depth=14, estimator__num_leaves=10, estimator__subsample=0.1; total time=   0.5s
[CV] END estimator__learning_rate=0.2, estimator__max_depth=10, estimator__num_leaves=4, estimator__subsample=0.2; total time=   0.2s
[CV] END estimator__learning_rate=0.2, estimator__max_depth=10, estimator__num_leaves=4, estimator__subsample=0.2; total time=   0.2s
[CV] END estimator__learning_rate=0.2, estimator__max_depth=10, estimator__num_leaves=8, estimator__subsample=0.001; total time=   0.4s
[CV] END estimator__learning_rate=0.2, estimator__max_depth=10, estimator__num_leaves=8, estimator__subsample=0.01; total time=   0.4s
[CV] END estimator__learning_rate=0.2, estimator__max_depth=10, estimator__num_leaves=10, estimator__subsample=0.1; total time=   0.5s
[CV] END estimator__learning_rate=0.2, estimator__max_depth=10, estimator__num_leaves=10, estimator__subsample=0.1; total time=   0.6s
[CV] END estimator__learning_rate=0.2, estimator__max_depth=11, estimator__num_leaves=4, estimator__subsample=0.1; total time=   0.2s
[CV] END estimator__learning_rate=0.2, estimator__max_depth=11, estimator__num_leaves=6, estimator__subsample=0.01; total time=   0.3s
[CV] END estimator__learning_rate=0.2, estimator__max_depth=11, estimator__num_leaves=8, estimator__subsample=0.001; total time=   0.4s
[CV] END estimator__learning_rate=0.2, estimator__max_depth=11, estimator__num_leaves=8, estimator__subsample=0.1; total time=   0.4s
[CV] END estimator__learning_rate=0.2, estimator__max_depth=11, estimator__num_leaves=10, estimator__subsample=0.1; total time=   0.7s
[CV] END estimator__learning_rate=0.2, estimator__max_depth=12, estimator__num_leaves=2, estimator__subsample=0.001; total time=   0.0s
[CV] END estimator__learning_rate=0.2, estimator__max_depth=12, estimator__num_leaves=2, estimator__subsample=0.01; total time=   0.0s
[CV] END estimator__learning_rate=0.2, estimator__max_depth=12, estimator__num_leaves=2, estimator__subsample=0.1; total time=   0.0s
[CV] END estimator__learning_rate=0.2, estimator__max_depth=12, estimator__num_leaves=2, estimator__subsample=0.2; total time=   0.0s
[CV] END estimator__learning_rate=0.2, estimator__max_depth=12, estimator__num_leaves=2, estimator__subsample=0.2; total time=   0.0s
[CV] END estimator__learning_rate=0.2, estimator__max_depth=12, estimator__num_leaves=4, estimator__subsample=0.001; total time=   0.2s
[CV] END estimator__learning_rate=0.2, estimator__max_depth=12, estimator__num_leaves=6, estimator__subsample=0.001; total time=   0.3s
[CV] END estimator__learning_rate=0.2, estimator__max_depth=12, estimator__num_leaves=6, estimator__subsample=0.001; total time=   0.3s
[CV] END estimator__learning_rate=0.2, estimator__max_depth=12, estimator__num_leaves=10, estimator__subsample=0.1; total time=   0.6s
[CV] END estimator__learning_rate=0.2, estimator__max_depth=12, estimator__num_leaves=10, estimator__subsample=0.1; total time=   0.6s
[CV] END estimator__learning_rate=0.2, estimator__max_depth=13, estimator__num_leaves=4, estimator__subsample=0.2; total time=   0.2s
[CV] END estimator__learning_rate=0.2, estimator__max_depth=13, estimator__num_leaves=4, estimator__subsample=0.2; total time=   0.2s
[CV] END estimator__learning_rate=0.2, estimator__max_depth=13, estimator__num_leaves=8, estimator__subsample=0.01; total time=   0.4s
[CV] END estimator__learning_rate=0.2, estimator__max_depth=13, estimator__num_leaves=8, estimator__subsample=0.01; total time=   0.4s
[CV] END estimator__learning_rate=0.2, estimator__max_depth=13, estimator__num_leaves=10, estimator__subsample=0.1; total time=   0.5s
[CV] END estimator__learning_rate=0.2, estimator__max_depth=13, estimator__num_leaves=10, estimator__subsample=0.2; total time=   0.6s
[CV] END estimator__learning_rate=0.2, estimator__max_depth=14, estimator__num_leaves=4, estimator__subsample=0.1; total time=   0.2s
[CV] END estimator__learning_rate=0.2, estimator__max_depth=14, estimator__num_leaves=6, estimator__subsample=0.01; total time=   0.3s
[CV] END estimator__learning_rate=0.2, estimator__max_depth=14, estimator__num_leaves=8, estimator__subsample=0.001; total time=   0.4s
[CV] END estimator__learning_rate=0.2, estimator__max_depth=14, estimator__num_leaves=8, estimator__subsample=0.2; total time=   0.4s
[CV] END estimator__learning_rate=0.2, estimator__max_depth=14, estimator__num_leaves=10, estimator__subsample=0.01; total time=   0.5s
[CV] END estimator__learning_rate=0.2, estimator__max_depth=14, estimator__num_leaves=31, estimator__subsample=0.1; total time=   1.3s
[CV] END estimator__learning_rate=0.39, estimator__max_depth=10, estimator__num_leaves=6, estimator__subsample=0.2; total time=   0.3s
[CV] END estimator__learning_rate=0.39, estimator__max_depth=10, estimator__num_leaves=6, estimator__subsample=0.2; total time=   0.3s
[CV] END estimator__learning_rate=0.39, estimator__max_depth=10, estimator__num_leaves=31, estimator__subsample=0.001; total time=   1.3s
[CV] END estimator__learning_rate=0.39, estimator__max_depth=10, estimator__num_leaves=31, estimator__subsample=0.01; total time=   1.2s
[CV] END estimator__learning_rate=0.39, estimator__max_depth=11, estimator__num_leaves=10, estimator__subsample=0.2; total time=   0.6s
[CV] END estimator__learning_rate=0.39, estimator__max_depth=11, estimator__num_leaves=10, estimator__subsample=0.2; total time=   0.6s
[CV] END estimator__learning_rate=0.39, estimator__max_depth=12, estimator__num_leaves=4, estimator__subsample=0.2; total time=   0.2s
[CV] END estimator__learning_rate=0.39, estimator__max_depth=12, estimator__num_leaves=6, estimator__subsample=0.1; total time=   0.3s
[CV] END estimator__learning_rate=0.39, estimator__max_depth=12, estimator__num_leaves=8, estimator__subsample=0.01; total time=   0.4s
[CV] END estimator__learning_rate=0.39, estimator__max_depth=12, estimator__num_leaves=10, estimator__subsample=0.001; total time=   0.5s
[CV] END estimator__learning_rate=0.39, estimator__max_depth=12, estimator__num_leaves=31, estimator__subsample=0.001; total time=   1.3s
[CV] END estimator__learning_rate=0.39, estimator__max_depth=13, estimator__num_leaves=4, estimator__subsample=0.2; total time=   0.2s
[CV] END estimator__learning_rate=0.39, estimator__max_depth=13, estimator__num_leaves=4, estimator__subsample=0.2; total time=   0.2s[CV] END estimator__learning_rate=0.01, estimator__max_depth=10, estimator__num_leaves=2, estimator__subsample=0.001; total time=   3.8s
[CV] END estimator__learning_rate=0.01, estimator__max_depth=10, estimator__num_leaves=6, estimator__subsample=0.01; total time=   0.0s
[CV] END estimator__learning_rate=0.01, estimator__max_depth=10, estimator__num_leaves=6, estimator__subsample=0.1; total time=   0.1s
[CV] END estimator__learning_rate=0.01, estimator__max_depth=10, estimator__num_leaves=8, estimator__subsample=0.001; total time=   0.6s
[CV] END estimator__learning_rate=0.01, estimator__max_depth=10, estimator__num_leaves=10, estimator__subsample=0.001; total time=   0.6s
[CV] END estimator__learning_rate=0.01, estimator__max_depth=10, estimator__num_leaves=31, estimator__subsample=0.01; total time=   1.2s
[CV] END estimator__learning_rate=0.01, estimator__max_depth=11, estimator__num_leaves=6, estimator__subsample=0.01; total time=   0.3s
[CV] END estimator__learning_rate=0.01, estimator__max_depth=11, estimator__num_leaves=6, estimator__subsample=0.01; total time=   0.3s
[CV] END estimator__learning_rate=0.01, estimator__max_depth=11, estimator__num_leaves=10, estimator__subsample=0.2; total time=   0.5s
[CV] END estimator__learning_rate=0.01, estimator__max_depth=11, estimator__num_leaves=10, estimator__subsample=0.2; total time=   0.6s
[CV] END estimator__learning_rate=0.01, estimator__max_depth=12, estimator__num_leaves=6, estimator__subsample=0.001; total time=   0.3s
[CV] END estimator__learning_rate=0.01, estimator__max_depth=12, estimator__num_leaves=6, estimator__subsample=0.001; total time=   0.3s
[CV] END estimator__learning_rate=0.01, estimator__max_depth=12, estimator__num_leaves=8, estimator__subsample=0.1; total time=   0.4s
[CV] END estimator__learning_rate=0.01, estimator__max_depth=12, estimator__num_leaves=8, estimator__subsample=0.1; total time=   0.4s
[CV] END estimator__learning_rate=0.01, estimator__max_depth=12, estimator__num_leaves=31, estimator__subsample=0.01; total time=   1.4s
[CV] END estimator__learning_rate=0.01, estimator__max_depth=12, estimator__num_leaves=31, estimator__subsample=0.01; total time=   1.3s
[CV] END estimator__learning_rate=0.01, estimator__max_depth=13, estimator__num_leaves=31, estimator__subsample=0.001; total time=   1.3s
[CV] END estimator__learning_rate=0.01, estimator__max_depth=14, estimator__num_leaves=4, estimator__subsample=0.2; total time=   0.2s
[CV] END estimator__learning_rate=0.01, estimator__max_depth=14, estimator__num_leaves=4, estimator__subsample=0.2; total time=   0.2s
[CV] END estimator__learning_rate=0.01, estimator__max_depth=14, estimator__num_leaves=10, estimator__subsample=0.001; total time=   0.6s
[CV] END estimator__learning_rate=0.01, estimator__max_depth=14, estimator__num_leaves=10, estimator__subsample=0.01; total time=   0.5s
[CV] END estimator__learning_rate=0.2, estimator__max_depth=10, estimator__num_leaves=2, estimator__subsample=0.2; total time=   0.0s
[CV] END estimator__learning_rate=0.2, estimator__max_depth=10, estimator__num_leaves=2, estimator__subsample=0.2; total time=   0.0s
[CV] END estimator__learning_rate=0.2, estimator__max_depth=10, estimator__num_leaves=4, estimator__subsample=0.1; total time=   0.2s
[CV] END estimator__learning_rate=0.2, estimator__max_depth=10, estimator__num_leaves=4, estimator__subsample=0.2; total time=   0.2s
[CV] END estimator__learning_rate=0.2, estimator__max_depth=10, estimator__num_leaves=8, estimator__subsample=0.001; total time=   0.4s
[CV] END estimator__learning_rate=0.2, estimator__max_depth=10, estimator__num_leaves=8, estimator__subsample=0.001; total time=   0.4s
[CV] END estimator__learning_rate=0.2, estimator__max_depth=10, estimator__num_leaves=10, estimator__subsample=0.1; total time=   0.5s
[CV] END estimator__learning_rate=0.2, estimator__max_depth=10, estimator__num_leaves=10, estimator__subsample=0.1; total time=   0.6s
[CV] END estimator__learning_rate=0.2, estimator__max_depth=11, estimator__num_leaves=4, estimator__subsample=0.1; total time=   0.2s
[CV] END estimator__learning_rate=0.2, estimator__max_depth=11, estimator__num_leaves=6, estimator__subsample=0.01; total time=   0.3s
[CV] END estimator__learning_rate=0.2, estimator__max_depth=11, estimator__num_leaves=6, estimator__subsample=0.2; total time=   0.3s
[CV] END estimator__learning_rate=0.2, estimator__max_depth=11, estimator__num_leaves=8, estimator__subsample=0.1; total time=   0.4s
[CV] END estimator__learning_rate=0.2, estimator__max_depth=11, estimator__num_leaves=10, estimator__subsample=0.01; total time=   0.5s
[CV] END estimator__learning_rate=0.2, estimator__max_depth=11, estimator__num_leaves=31, estimator__subsample=0.1; total time=   1.3s
[CV] END estimator__learning_rate=0.2, estimator__max_depth=12, estimator__num_leaves=6, estimator__subsample=0.1; total time=   0.3s
[CV] END estimator__learning_rate=0.2, estimator__max_depth=12, estimator__num_leaves=6, estimator__subsample=0.2; total time=   0.3s
[CV] END estimator__learning_rate=0.2, estimator__max_depth=12, estimator__num_leaves=31, estimator__subsample=0.001; total time=   1.3s
[CV] END estimator__learning_rate=0.2, estimator__max_depth=12, estimator__num_leaves=31, estimator__subsample=0.001; total time=   1.3s
[CV] END estimator__learning_rate=0.2, estimator__max_depth=13, estimator__num_leaves=10, estimator__subsample=0.2; total time=   0.6s
[CV] END estimator__learning_rate=0.2, estimator__max_depth=13, estimator__num_leaves=10, estimator__subsample=0.2; total time=   0.6s
[CV] END estimator__learning_rate=0.2, estimator__max_depth=14, estimator__num_leaves=6, estimator__subsample=0.001; total time=   0.3s
[CV] END estimator__learning_rate=0.2, estimator__max_depth=14, estimator__num_leaves=6, estimator__subsample=0.1; total time=   0.3s
[CV] END estimator__learning_rate=0.2, estimator__max_depth=14, estimator__num_leaves=8, estimator__subsample=0.01; total time=   0.4s
[CV] END estimator__learning_rate=0.2, estimator__max_depth=14, estimator__num_leaves=10, estimator__subsample=0.001; total time=   0.5s
[CV] END estimator__learning_rate=0.2, estimator__max_depth=14, estimator__num_leaves=31, estimator__subsample=0.01; total time=   1.3s
[CV] END estimator__learning_rate=0.39, estimator__max_depth=10, estimator__num_leaves=6, estimator__subsample=0.001; total time=   0.3s
[CV] END estimator__learning_rate=0.39, estimator__max_depth=10, estimator__num_leaves=6, estimator__subsample=0.001; total time=   0.3s
[CV] END estimator__learning_rate=0.39, estimator__max_depth=10, estimator__num_leaves=10, estimator__subsample=0.1; total time=   0.5s
[CV] END estimator__learning_rate=0.39, estimator__max_depth=10, estimator__num_leaves=10, estimator__subsample=0.1; total time=   0.6s
[CV] END estimator__learning_rate=0.39, estimator__max_depth=11, estimator__num_leaves=4, estimator__subsample=0.2; total time=   0.2s
[CV] END estimator__learning_rate=0.39, estimator__max_depth=11, estimator__num_leaves=4, estimator__subsample=0.2; total time=   0.2s
[CV] END estimator__learning_rate=0.39, estimator__max_depth=11, estimator__num_leaves=8, estimator__subsample=0.001; total time=   0.5s
[CV] END estimator__learning_rate=0.39, estimator__max_depth=11, estimator__num_leaves=8, estimator__subsample=0.01; total time=   0.4s
[CV] END estimator__learning_rate=0.39, estimator__max_depth=11, estimator__num_leaves=31, estimator__subsample=0.001; total time=   1.3s
[CV] END estimator__learning_rate=0.39, estimator__max_depth=11, estimator__num_leaves=31, estimator__subsample=0.001; total time=   1.2s
[CV] END estimator__learning_rate=0.39, estimator__max_depth=12, estimator__num_leaves=10, estimator__subsample=0.01; total time=   0.5s
[CV] END estimator__learning_rate=0.39, estimator__max_depth=12, estimator__num_leaves=31, estimator__subsample=0.1; total time=   1.3s
[CV] END estimator__learning_rate=0.39, estimator__max_depth=13, estimator__num_leaves=6, estimator__subsample=0.2; total time=   0.3s
[CV] END estimator__learning_rate=0.39, estimator__max_depth=13, estimator__num_leaves=6, estimator__subsample=0.2; total time=   0.3s[CV] END estimator__learning_rate=0.01, estimator__max_depth=10, estimator__num_leaves=2, estimator__subsample=0.01; total time=   3.8s
[CV] END estimator__learning_rate=0.01, estimator__max_depth=10, estimator__num_leaves=8, estimator__subsample=0.1; total time=   0.6s
[CV] END estimator__learning_rate=0.01, estimator__max_depth=10, estimator__num_leaves=10, estimator__subsample=0.2; total time=   0.5s
[CV] END estimator__learning_rate=0.01, estimator__max_depth=10, estimator__num_leaves=31, estimator__subsample=0.2; total time=   1.2s
[CV] END estimator__learning_rate=0.01, estimator__max_depth=11, estimator__num_leaves=8, estimator__subsample=0.01; total time=   0.4s
[CV] END estimator__learning_rate=0.01, estimator__max_depth=11, estimator__num_leaves=8, estimator__subsample=0.01; total time=   0.4s
[CV] END estimator__learning_rate=0.01, estimator__max_depth=11, estimator__num_leaves=31, estimator__subsample=0.2; total time=   1.3s
[CV] END estimator__learning_rate=0.01, estimator__max_depth=11, estimator__num_leaves=31, estimator__subsample=0.2; total time=   1.3s
[CV] END estimator__learning_rate=0.01, estimator__max_depth=13, estimator__num_leaves=2, estimator__subsample=0.001; total time=   0.0s
[CV] END estimator__learning_rate=0.01, estimator__max_depth=13, estimator__num_leaves=2, estimator__subsample=0.001; total time=   0.0s
[CV] END estimator__learning_rate=0.01, estimator__max_depth=13, estimator__num_leaves=2, estimator__subsample=0.01; total time=   0.0s
[CV] END estimator__learning_rate=0.01, estimator__max_depth=13, estimator__num_leaves=2, estimator__subsample=0.01; total time=   0.0s
[CV] END estimator__learning_rate=0.01, estimator__max_depth=13, estimator__num_leaves=4, estimator__subsample=0.001; total time=   0.2s
[CV] END estimator__learning_rate=0.01, estimator__max_depth=13, estimator__num_leaves=4, estimator__subsample=0.1; total time=   0.2s
[CV] END estimator__learning_rate=0.01, estimator__max_depth=13, estimator__num_leaves=6, estimator__subsample=0.01; total time=   0.3s
[CV] END estimator__learning_rate=0.01, estimator__max_depth=13, estimator__num_leaves=8, estimator__subsample=0.001; total time=   0.4s
[CV] END estimator__learning_rate=0.01, estimator__max_depth=13, estimator__num_leaves=8, estimator__subsample=0.2; total time=   0.4s
[CV] END estimator__learning_rate=0.01, estimator__max_depth=13, estimator__num_leaves=10, estimator__subsample=0.01; total time=   0.5s
[CV] END estimator__learning_rate=0.01, estimator__max_depth=13, estimator__num_leaves=31, estimator__subsample=0.1; total time=   1.3s
[CV] END estimator__learning_rate=0.01, estimator__max_depth=14, estimator__num_leaves=6, estimator__subsample=0.2; total time=   0.3s
[CV] END estimator__learning_rate=0.01, estimator__max_depth=14, estimator__num_leaves=6, estimator__subsample=0.2; total time=   0.3s
[CV] END estimator__learning_rate=0.01, estimator__max_depth=14, estimator__num_leaves=31, estimator__subsample=0.01; total time=   1.4s
[CV] END estimator__learning_rate=0.01, estimator__max_depth=14, estimator__num_leaves=31, estimator__subsample=0.01; total time=   1.3s
[CV] END estimator__learning_rate=0.2, estimator__max_depth=10, estimator__num_leaves=31, estimator__subsample=0.001; total time=   1.3s
[CV] END estimator__learning_rate=0.2, estimator__max_depth=10, estimator__num_leaves=31, estimator__subsample=0.001; total time=   1.2s
[CV] END estimator__learning_rate=0.2, estimator__max_depth=11, estimator__num_leaves=10, estimator__subsample=0.1; total time=   0.5s
[CV] END estimator__learning_rate=0.2, estimator__max_depth=11, estimator__num_leaves=31, estimator__subsample=0.1; total time=   1.3s
[CV] END estimator__learning_rate=0.2, estimator__max_depth=12, estimator__num_leaves=8, estimator__subsample=0.001; total time=   0.4s
[CV] END estimator__learning_rate=0.2, estimator__max_depth=12, estimator__num_leaves=8, estimator__subsample=0.001; total time=   0.4s
[CV] END estimator__learning_rate=0.2, estimator__max_depth=12, estimator__num_leaves=31, estimator__subsample=0.01; total time=   1.3s
[CV] END estimator__learning_rate=0.2, estimator__max_depth=12, estimator__num_leaves=31, estimator__subsample=0.01; total time=   1.3s
[CV] END estimator__learning_rate=0.2, estimator__max_depth=13, estimator__num_leaves=31, estimator__subsample=0.1; total time=   1.4s
[CV] END estimator__learning_rate=0.2, estimator__max_depth=13, estimator__num_leaves=31, estimator__subsample=0.1; total time=   1.3s
[CV] END estimator__learning_rate=0.2, estimator__max_depth=14, estimator__num_leaves=31, estimator__subsample=0.001; total time=   1.3s
[CV] END estimator__learning_rate=0.39, estimator__max_depth=10, estimator__num_leaves=4, estimator__subsample=0.2; total time=   0.2s
[CV] END estimator__learning_rate=0.39, estimator__max_depth=10, estimator__num_leaves=4, estimator__subsample=0.2; total time=   0.2s
[CV] END estimator__learning_rate=0.39, estimator__max_depth=10, estimator__num_leaves=10, estimator__subsample=0.001; total time=   0.5s
[CV] END estimator__learning_rate=0.39, estimator__max_depth=10, estimator__num_leaves=10, estimator__subsample=0.01; total time=   0.6s
[CV] END estimator__learning_rate=0.39, estimator__max_depth=11, estimator__num_leaves=4, estimator__subsample=0.001; total time=   0.2s
[CV] END estimator__learning_rate=0.39, estimator__max_depth=11, estimator__num_leaves=4, estimator__subsample=0.001; total time=   0.2s
[CV] END estimator__learning_rate=0.39, estimator__max_depth=11, estimator__num_leaves=6, estimator__subsample=0.01; total time=   0.3s
[CV] END estimator__learning_rate=0.39, estimator__max_depth=11, estimator__num_leaves=6, estimator__subsample=0.01; total time=   0.3s
[CV] END estimator__learning_rate=0.39, estimator__max_depth=11, estimator__num_leaves=8, estimator__subsample=0.2; total time=   0.4s
[CV] END estimator__learning_rate=0.39, estimator__max_depth=11, estimator__num_leaves=8, estimator__subsample=0.2; total time=   0.4s
[CV] END estimator__learning_rate=0.39, estimator__max_depth=12, estimator__num_leaves=2, estimator__subsample=0.001; total time=   0.0s
[CV] END estimator__learning_rate=0.39, estimator__max_depth=12, estimator__num_leaves=2, estimator__subsample=0.01; total time=   0.0s
[CV] END estimator__learning_rate=0.39, estimator__max_depth=12, estimator__num_leaves=2, estimator__subsample=0.1; total time=   0.0s
[CV] END estimator__learning_rate=0.39, estimator__max_depth=12, estimator__num_leaves=2, estimator__subsample=0.1; total time=   0.0s
[CV] END estimator__learning_rate=0.39, estimator__max_depth=12, estimator__num_leaves=4, estimator__subsample=0.01; total time=   0.2s
[CV] END estimator__learning_rate=0.39, estimator__max_depth=12, estimator__num_leaves=4, estimator__subsample=0.2; total time=   0.2s
[CV] END estimator__learning_rate=0.39, estimator__max_depth=12, estimator__num_leaves=6, estimator__subsample=0.1; total time=   0.3s
[CV] END estimator__learning_rate=0.39, estimator__max_depth=12, estimator__num_leaves=8, estimator__subsample=0.01; total time=   0.4s
[CV] END estimator__learning_rate=0.39, estimator__max_depth=12, estimator__num_leaves=8, estimator__subsample=0.2; total time=   0.4s
[CV] END estimator__learning_rate=0.39, estimator__max_depth=12, estimator__num_leaves=10, estimator__subsample=0.1; total time=   0.5s
[CV] END estimator__learning_rate=0.39, estimator__max_depth=12, estimator__num_leaves=31, estimator__subsample=0.2; total time=   1.3s
[CV] END estimator__learning_rate=0.39, estimator__max_depth=13, estimator__num_leaves=8, estimator__subsample=0.1; total time=   0.4s
[CV] END estimator__learning_rate=0.39, estimator__max_depth=13, estimator__num_leaves=8, estimator__subsample=0.1; total time=   0.4s
[CV] END estimator__learning_rate=0.39, estimator__max_depth=14, estimator__num_leaves=2, estimator__subsample=0.001; total time=   0.0s
[CV] END estimator__learning_rate=0.39, estimator__max_depth=14, estimator__num_leaves=2, estimator__subsample=0.001; total time=   0.0s
[CV] END estimator__learning_rate=0.39, estimator__max_depth=14, estimator__num_leaves=2, estimator__subsample=0.01; total time=   0.0s[CV] END estimator__learning_rate=0.01, estimator__max_depth=10, estimator__num_leaves=2, estimator__subsample=0.2; total time=   3.9s
[CV] END estimator__learning_rate=0.01, estimator__max_depth=10, estimator__num_leaves=8, estimator__subsample=0.2; total time=   0.4s
[CV] END estimator__learning_rate=0.01, estimator__max_depth=10, estimator__num_leaves=31, estimator__subsample=0.001; total time=   1.2s
[CV] END estimator__learning_rate=0.01, estimator__max_depth=11, estimator__num_leaves=4, estimator__subsample=0.01; total time=   0.2s
[CV] END estimator__learning_rate=0.01, estimator__max_depth=11, estimator__num_leaves=4, estimator__subsample=0.01; total time=   0.2s
[CV] END estimator__learning_rate=0.01, estimator__max_depth=11, estimator__num_leaves=8, estimator__subsample=0.01; total time=   0.4s
[CV] END estimator__learning_rate=0.01, estimator__max_depth=11, estimator__num_leaves=8, estimator__subsample=0.01; total time=   0.4s
[CV] END estimator__learning_rate=0.01, estimator__max_depth=11, estimator__num_leaves=31, estimator__subsample=0.1; total time=   1.4s
[CV] END estimator__learning_rate=0.01, estimator__max_depth=11, estimator__num_leaves=31, estimator__subsample=0.2; total time=   1.3s
[CV] END estimator__learning_rate=0.01, estimator__max_depth=13, estimator__num_leaves=2, estimator__subsample=0.001; total time=   0.0s
[CV] END estimator__learning_rate=0.01, estimator__max_depth=13, estimator__num_leaves=2, estimator__subsample=0.001; total time=   0.0s
[CV] END estimator__learning_rate=0.01, estimator__max_depth=13, estimator__num_leaves=2, estimator__subsample=0.1; total time=   0.0s
[CV] END estimator__learning_rate=0.01, estimator__max_depth=13, estimator__num_leaves=2, estimator__subsample=0.1; total time=   0.0s
[CV] END estimator__learning_rate=0.01, estimator__max_depth=13, estimator__num_leaves=4, estimator__subsample=0.01; total time=   0.2s
[CV] END estimator__learning_rate=0.01, estimator__max_depth=13, estimator__num_leaves=4, estimator__subsample=0.1; total time=   0.2s
[CV] END estimator__learning_rate=0.01, estimator__max_depth=13, estimator__num_leaves=6, estimator__subsample=0.01; total time=   0.3s
[CV] END estimator__learning_rate=0.01, estimator__max_depth=13, estimator__num_leaves=8, estimator__subsample=0.001; total time=   0.4s
[CV] END estimator__learning_rate=0.01, estimator__max_depth=13, estimator__num_leaves=8, estimator__subsample=0.2; total time=   0.4s
[CV] END estimator__learning_rate=0.01, estimator__max_depth=13, estimator__num_leaves=10, estimator__subsample=0.1; total time=   0.5s
[CV] END estimator__learning_rate=0.01, estimator__max_depth=13, estimator__num_leaves=31, estimator__subsample=0.1; total time=   1.3s
[CV] END estimator__learning_rate=0.01, estimator__max_depth=14, estimator__num_leaves=6, estimator__subsample=0.2; total time=   0.3s
[CV] END estimator__learning_rate=0.01, estimator__max_depth=14, estimator__num_leaves=6, estimator__subsample=0.2; total time=   0.3s
[CV] END estimator__learning_rate=0.01, estimator__max_depth=14, estimator__num_leaves=31, estimator__subsample=0.001; total time=   1.4s
[CV] END estimator__learning_rate=0.01, estimator__max_depth=14, estimator__num_leaves=31, estimator__subsample=0.01; total time=   1.3s
[CV] END estimator__learning_rate=0.2, estimator__max_depth=10, estimator__num_leaves=31, estimator__subsample=0.001; total time=   1.2s
[CV] END estimator__learning_rate=0.2, estimator__max_depth=10, estimator__num_leaves=31, estimator__subsample=0.001; total time=   1.2s
[CV] END estimator__learning_rate=0.2, estimator__max_depth=11, estimator__num_leaves=10, estimator__subsample=0.01; total time=   0.5s
[CV] END estimator__learning_rate=0.2, estimator__max_depth=11, estimator__num_leaves=31, estimator__subsample=0.1; total time=   1.3s
[CV] END estimator__learning_rate=0.2, estimator__max_depth=12, estimator__num_leaves=6, estimator__subsample=0.2; total time=   0.3s
[CV] END estimator__learning_rate=0.2, estimator__max_depth=12, estimator__num_leaves=6, estimator__subsample=0.2; total time=   0.3s
[CV] END estimator__learning_rate=0.2, estimator__max_depth=12, estimator__num_leaves=31, estimator__subsample=0.001; total time=   1.3s
[CV] END estimator__learning_rate=0.2, estimator__max_depth=12, estimator__num_leaves=31, estimator__subsample=0.01; total time=   1.3s
[CV] END estimator__learning_rate=0.2, estimator__max_depth=13, estimator__num_leaves=10, estimator__subsample=0.2; total time=   0.6s
[CV] END estimator__learning_rate=0.2, estimator__max_depth=13, estimator__num_leaves=10, estimator__subsample=0.2; total time=   0.6s
[CV] END estimator__learning_rate=0.2, estimator__max_depth=14, estimator__num_leaves=6, estimator__subsample=0.001; total time=   0.3s
[CV] END estimator__learning_rate=0.2, estimator__max_depth=14, estimator__num_leaves=6, estimator__subsample=0.2; total time=   0.3s
[CV] END estimator__learning_rate=0.2, estimator__max_depth=14, estimator__num_leaves=8, estimator__subsample=0.1; total time=   0.4s
[CV] END estimator__learning_rate=0.2, estimator__max_depth=14, estimator__num_leaves=10, estimator__subsample=0.001; total time=   0.5s
[CV] END estimator__learning_rate=0.2, estimator__max_depth=14, estimator__num_leaves=31, estimator__subsample=0.01; total time=   1.3s
[CV] END estimator__learning_rate=0.39, estimator__max_depth=10, estimator__num_leaves=6, estimator__subsample=0.01; total time=   0.3s
[CV] END estimator__learning_rate=0.39, estimator__max_depth=10, estimator__num_leaves=6, estimator__subsample=0.01; total time=   0.3s
[CV] END estimator__learning_rate=0.39, estimator__max_depth=10, estimator__num_leaves=10, estimator__subsample=0.2; total time=   0.5s
[CV] END estimator__learning_rate=0.39, estimator__max_depth=10, estimator__num_leaves=10, estimator__subsample=0.2; total time=   0.6s
[CV] END estimator__learning_rate=0.39, estimator__max_depth=11, estimator__num_leaves=6, estimator__subsample=0.001; total time=   0.3s
[CV] END estimator__learning_rate=0.39, estimator__max_depth=11, estimator__num_leaves=6, estimator__subsample=0.001; total time=   0.3s
[CV] END estimator__learning_rate=0.39, estimator__max_depth=11, estimator__num_leaves=8, estimator__subsample=0.1; total time=   0.4s
[CV] END estimator__learning_rate=0.39, estimator__max_depth=11, estimator__num_leaves=8, estimator__subsample=0.1; total time=   0.4s
[CV] END estimator__learning_rate=0.39, estimator__max_depth=11, estimator__num_leaves=31, estimator__subsample=0.01; total time=   1.3s
[CV] END estimator__learning_rate=0.39, estimator__max_depth=11, estimator__num_leaves=31, estimator__subsample=0.01; total time=   1.3s
[CV] END estimator__learning_rate=0.39, estimator__max_depth=12, estimator__num_leaves=10, estimator__subsample=0.2; total time=   0.5s
[CV] END estimator__learning_rate=0.39, estimator__max_depth=13, estimator__num_leaves=2, estimator__subsample=0.001; total time=   0.0s
[CV] END estimator__learning_rate=0.39, estimator__max_depth=13, estimator__num_leaves=2, estimator__subsample=0.01; total time=   0.0s
[CV] END estimator__learning_rate=0.39, estimator__max_depth=13, estimator__num_leaves=2, estimator__subsample=0.1; total time=   0.0s
[CV] END estimator__learning_rate=0.39, estimator__max_depth=13, estimator__num_leaves=2, estimator__subsample=0.2; total time=   0.0s
[CV] END estimator__learning_rate=0.39, estimator__max_depth=13, estimator__num_leaves=2, estimator__subsample=0.2; total time=   0.0s
[CV] END estimator__learning_rate=0.39, estimator__max_depth=13, estimator__num_leaves=4, estimator__subsample=0.001; total time=   0.2s
[CV] END estimator__learning_rate=0.39, estimator__max_depth=13, estimator__num_leaves=6, estimator__subsample=0.001; total time=   0.3s
[CV] END estimator__learning_rate=0.39, estimator__max_depth=13, estimator__num_leaves=6, estimator__subsample=0.001; total time=   0.3s
[CV] END estimator__learning_rate=0.39, estimator__max_depth=13, estimator__num_leaves=10, estimator__subsample=0.01; total time=   0.5s
[CV] END estimator__learning_rate=0.39, estimator__max_depth=13, estimator__num_leaves=10, estimator__subsample=0.01; total time=   0.6s[CV] END estimator__learning_rate=0.01, estimator__max_depth=10, estimator__num_leaves=2, estimator__subsample=0.001; total time=   3.7s
[CV] END estimator__learning_rate=0.01, estimator__max_depth=10, estimator__num_leaves=6, estimator__subsample=0.01; total time=   0.0s
[CV] END estimator__learning_rate=0.01, estimator__max_depth=10, estimator__num_leaves=6, estimator__subsample=0.2; total time=   0.1s
[CV] END estimator__learning_rate=0.01, estimator__max_depth=10, estimator__num_leaves=8, estimator__subsample=0.001; total time=   0.6s
[CV] END estimator__learning_rate=0.01, estimator__max_depth=10, estimator__num_leaves=10, estimator__subsample=0.01; total time=   0.6s
[CV] END estimator__learning_rate=0.01, estimator__max_depth=10, estimator__num_leaves=31, estimator__subsample=0.1; total time=   1.2s
[CV] END estimator__learning_rate=0.01, estimator__max_depth=11, estimator__num_leaves=6, estimator__subsample=0.1; total time=   0.3s
[CV] END estimator__learning_rate=0.01, estimator__max_depth=11, estimator__num_leaves=6, estimator__subsample=0.1; total time=   0.3s
[CV] END estimator__learning_rate=0.01, estimator__max_depth=11, estimator__num_leaves=31, estimator__subsample=0.001; total time=   1.3s
[CV] END estimator__learning_rate=0.01, estimator__max_depth=11, estimator__num_leaves=31, estimator__subsample=0.001; total time=   1.3s
[CV] END estimator__learning_rate=0.01, estimator__max_depth=12, estimator__num_leaves=10, estimator__subsample=0.2; total time=   0.5s
[CV] END estimator__learning_rate=0.01, estimator__max_depth=12, estimator__num_leaves=10, estimator__subsample=0.2; total time=   0.6s
[CV] END estimator__learning_rate=0.01, estimator__max_depth=13, estimator__num_leaves=6, estimator__subsample=0.01; total time=   0.3s
[CV] END estimator__learning_rate=0.01, estimator__max_depth=13, estimator__num_leaves=6, estimator__subsample=0.2; total time=   0.3s
[CV] END estimator__learning_rate=0.01, estimator__max_depth=13, estimator__num_leaves=8, estimator__subsample=0.1; total time=   0.4s
[CV] END estimator__learning_rate=0.01, estimator__max_depth=13, estimator__num_leaves=10, estimator__subsample=0.01; total time=   0.6s
[CV] END estimator__learning_rate=0.01, estimator__max_depth=13, estimator__num_leaves=31, estimator__subsample=0.1; total time=   1.3s
[CV] END estimator__learning_rate=0.01, estimator__max_depth=14, estimator__num_leaves=6, estimator__subsample=0.1; total time=   0.3s
[CV] END estimator__learning_rate=0.01, estimator__max_depth=14, estimator__num_leaves=6, estimator__subsample=0.2; total time=   0.3s
[CV] END estimator__learning_rate=0.01, estimator__max_depth=14, estimator__num_leaves=31, estimator__subsample=0.001; total time=   1.3s
[CV] END estimator__learning_rate=0.01, estimator__max_depth=14, estimator__num_leaves=31, estimator__subsample=0.001; total time=   1.3s
[CV] END estimator__learning_rate=0.2, estimator__max_depth=10, estimator__num_leaves=10, estimator__subsample=0.2; total time=   0.5s
[CV] END estimator__learning_rate=0.2, estimator__max_depth=10, estimator__num_leaves=10, estimator__subsample=0.2; total time=   0.6s
[CV] END estimator__learning_rate=0.2, estimator__max_depth=11, estimator__num_leaves=6, estimator__subsample=0.001; total time=   0.3s
[CV] END estimator__learning_rate=0.2, estimator__max_depth=11, estimator__num_leaves=6, estimator__subsample=0.1; total time=   0.3s
[CV] END estimator__learning_rate=0.2, estimator__max_depth=11, estimator__num_leaves=8, estimator__subsample=0.01; total time=   0.4s
[CV] END estimator__learning_rate=0.2, estimator__max_depth=11, estimator__num_leaves=10, estimator__subsample=0.001; total time=   0.5s
[CV] END estimator__learning_rate=0.2, estimator__max_depth=11, estimator__num_leaves=31, estimator__subsample=0.01; total time=   1.3s
[CV] END estimator__learning_rate=0.2, estimator__max_depth=12, estimator__num_leaves=6, estimator__subsample=0.01; total time=   0.3s
[CV] END estimator__learning_rate=0.2, estimator__max_depth=12, estimator__num_leaves=6, estimator__subsample=0.01; total time=   0.3s
[CV] END estimator__learning_rate=0.2, estimator__max_depth=12, estimator__num_leaves=10, estimator__subsample=0.1; total time=   0.6s
[CV] END estimator__learning_rate=0.2, estimator__max_depth=12, estimator__num_leaves=10, estimator__subsample=0.2; total time=   0.6s
[CV] END estimator__learning_rate=0.2, estimator__max_depth=13, estimator__num_leaves=6, estimator__subsample=0.001; total time=   0.3s
[CV] END estimator__learning_rate=0.2, estimator__max_depth=13, estimator__num_leaves=6, estimator__subsample=0.001; total time=   0.3s
[CV] END estimator__learning_rate=0.2, estimator__max_depth=13, estimator__num_leaves=8, estimator__subsample=0.1; total time=   0.4s
[CV] END estimator__learning_rate=0.2, estimator__max_depth=13, estimator__num_leaves=8, estimator__subsample=0.1; total time=   0.4s
[CV] END estimator__learning_rate=0.2, estimator__max_depth=13, estimator__num_leaves=31, estimator__subsample=0.001; total time=   1.4s
[CV] END estimator__learning_rate=0.2, estimator__max_depth=13, estimator__num_leaves=31, estimator__subsample=0.01; total time=   1.3s
[CV] END estimator__learning_rate=0.2, estimator__max_depth=14, estimator__num_leaves=10, estimator__subsample=0.2; total time=   0.5s
[CV] END estimator__learning_rate=0.2, estimator__max_depth=14, estimator__num_leaves=31, estimator__subsample=0.2; total time=   1.3s
[CV] END estimator__learning_rate=0.39, estimator__max_depth=10, estimator__num_leaves=10, estimator__subsample=0.001; total time=   0.5s
[CV] END estimator__learning_rate=0.39, estimator__max_depth=10, estimator__num_leaves=10, estimator__subsample=0.001; total time=   0.5s
[CV] END estimator__learning_rate=0.39, estimator__max_depth=11, estimator__num_leaves=2, estimator__subsample=0.2; total time=   0.0s
[CV] END estimator__learning_rate=0.39, estimator__max_depth=11, estimator__num_leaves=2, estimator__subsample=0.2; total time=   0.0s
[CV] END estimator__learning_rate=0.39, estimator__max_depth=11, estimator__num_leaves=4, estimator__subsample=0.1; total time=   0.2s
[CV] END estimator__learning_rate=0.39, estimator__max_depth=11, estimator__num_leaves=4, estimator__subsample=0.2; total time=   0.2s
[CV] END estimator__learning_rate=0.39, estimator__max_depth=11, estimator__num_leaves=8, estimator__subsample=0.001; total time=   0.4s
[CV] END estimator__learning_rate=0.39, estimator__max_depth=11, estimator__num_leaves=8, estimator__subsample=0.001; total time=   0.4s
[CV] END estimator__learning_rate=0.39, estimator__max_depth=11, estimator__num_leaves=10, estimator__subsample=0.1; total time=   0.5s
[CV] END estimator__learning_rate=0.39, estimator__max_depth=11, estimator__num_leaves=10, estimator__subsample=0.2; total time=   0.6s
[CV] END estimator__learning_rate=0.39, estimator__max_depth=12, estimator__num_leaves=4, estimator__subsample=0.2; total time=   0.2s
[CV] END estimator__learning_rate=0.39, estimator__max_depth=12, estimator__num_leaves=6, estimator__subsample=0.01; total time=   0.3s
[CV] END estimator__learning_rate=0.39, estimator__max_depth=12, estimator__num_leaves=8, estimator__subsample=0.001; total time=   0.4s
[CV] END estimator__learning_rate=0.39, estimator__max_depth=12, estimator__num_leaves=8, estimator__subsample=0.2; total time=   0.5s
[CV] END estimator__learning_rate=0.39, estimator__max_depth=12, estimator__num_leaves=10, estimator__subsample=0.2; total time=   0.5s
[CV] END estimator__learning_rate=0.39, estimator__max_depth=12, estimator__num_leaves=31, estimator__subsample=0.2; total time=   1.3s
[CV] END estimator__learning_rate=0.39, estimator__max_depth=13, estimator__num_leaves=10, estimator__subsample=0.01; total time=   0.6s
[CV] END estimator__learning_rate=0.39, estimator__max_depth=13, estimator__num_leaves=10, estimator__subsample=0.01; total time=   0.5s
[CV] END estimator__learning_rate=0.39, estimator__max_depth=14, estimator__num_leaves=4, estimator__subsample=0.001; total time=   0.2s
[CV] END estimator__learning_rate=0.39, estimator__max_depth=14, estimator__num_leaves=4, estimator__subsample=0.001; total time=   0.2s[CV] END estimator__learning_rate=0.01, estimator__max_depth=10, estimator__num_leaves=4, estimator__subsample=0.001; total time=   4.3s
[CV] END estimator__learning_rate=0.01, estimator__max_depth=10, estimator__num_leaves=10, estimator__subsample=0.01; total time=   0.5s
[CV] END estimator__learning_rate=0.01, estimator__max_depth=10, estimator__num_leaves=31, estimator__subsample=0.01; total time=   1.3s
[CV] END estimator__learning_rate=0.01, estimator__max_depth=11, estimator__num_leaves=6, estimator__subsample=0.1; total time=   0.3s
[CV] END estimator__learning_rate=0.01, estimator__max_depth=11, estimator__num_leaves=6, estimator__subsample=0.2; total time=   0.3s
[CV] END estimator__learning_rate=0.01, estimator__max_depth=11, estimator__num_leaves=31, estimator__subsample=0.001; total time=   1.3s
[CV] END estimator__learning_rate=0.01, estimator__max_depth=11, estimator__num_leaves=31, estimator__subsample=0.001; total time=   1.3s
[CV] END estimator__learning_rate=0.01, estimator__max_depth=12, estimator__num_leaves=10, estimator__subsample=0.2; total time=   0.5s
[CV] END estimator__learning_rate=0.01, estimator__max_depth=12, estimator__num_leaves=10, estimator__subsample=0.2; total time=   0.6s
[CV] END estimator__learning_rate=0.01, estimator__max_depth=13, estimator__num_leaves=6, estimator__subsample=0.001; total time=   0.3s
[CV] END estimator__learning_rate=0.01, estimator__max_depth=13, estimator__num_leaves=6, estimator__subsample=0.2; total time=   0.3s
[CV] END estimator__learning_rate=0.01, estimator__max_depth=13, estimator__num_leaves=8, estimator__subsample=0.1; total time=   0.4s
[CV] END estimator__learning_rate=0.01, estimator__max_depth=13, estimator__num_leaves=10, estimator__subsample=0.001; total time=   0.6s
[CV] END estimator__learning_rate=0.01, estimator__max_depth=13, estimator__num_leaves=31, estimator__subsample=0.01; total time=   1.3s
[CV] END estimator__learning_rate=0.01, estimator__max_depth=14, estimator__num_leaves=6, estimator__subsample=0.1; total time=   0.3s
[CV] END estimator__learning_rate=0.01, estimator__max_depth=14, estimator__num_leaves=6, estimator__subsample=0.1; total time=   0.3s
[CV] END estimator__learning_rate=0.01, estimator__max_depth=14, estimator__num_leaves=31, estimator__subsample=0.001; total time=   1.3s
[CV] END estimator__learning_rate=0.01, estimator__max_depth=14, estimator__num_leaves=31, estimator__subsample=0.001; total time=   1.4s
[CV] END estimator__learning_rate=0.2, estimator__max_depth=10, estimator__num_leaves=10, estimator__subsample=0.2; total time=   0.6s
[CV] END estimator__learning_rate=0.2, estimator__max_depth=10, estimator__num_leaves=10, estimator__subsample=0.2; total time=   0.6s
[CV] END estimator__learning_rate=0.2, estimator__max_depth=11, estimator__num_leaves=6, estimator__subsample=0.001; total time=   0.3s
[CV] END estimator__learning_rate=0.2, estimator__max_depth=11, estimator__num_leaves=6, estimator__subsample=0.2; total time=   0.3s
[CV] END estimator__learning_rate=0.2, estimator__max_depth=11, estimator__num_leaves=8, estimator__subsample=0.1; total time=   0.4s
[CV] END estimator__learning_rate=0.2, estimator__max_depth=11, estimator__num_leaves=10, estimator__subsample=0.001; total time=   0.5s
[CV] END estimator__learning_rate=0.2, estimator__max_depth=11, estimator__num_leaves=31, estimator__subsample=0.01; total time=   1.3s
[CV] END estimator__learning_rate=0.2, estimator__max_depth=12, estimator__num_leaves=6, estimator__subsample=0.1; total time=   0.3s
[CV] END estimator__learning_rate=0.2, estimator__max_depth=12, estimator__num_leaves=6, estimator__subsample=0.1; total time=   0.3s
[CV] END estimator__learning_rate=0.2, estimator__max_depth=12, estimator__num_leaves=31, estimator__subsample=0.001; total time=   1.3s
[CV] END estimator__learning_rate=0.2, estimator__max_depth=12, estimator__num_leaves=31, estimator__subsample=0.001; total time=   1.6s
[CV] END estimator__learning_rate=0.2, estimator__max_depth=13, estimator__num_leaves=31, estimator__subsample=0.01; total time=   1.3s
[CV] END estimator__learning_rate=0.2, estimator__max_depth=13, estimator__num_leaves=31, estimator__subsample=0.01; total time=   1.3s
[CV] END estimator__learning_rate=0.2, estimator__max_depth=14, estimator__num_leaves=10, estimator__subsample=0.2; total time=   0.5s
[CV] END estimator__learning_rate=0.39, estimator__max_depth=10, estimator__num_leaves=2, estimator__subsample=0.001; total time=   0.0s
[CV] END estimator__learning_rate=0.39, estimator__max_depth=10, estimator__num_leaves=2, estimator__subsample=0.01; total time=   0.0s
[CV] END estimator__learning_rate=0.39, estimator__max_depth=10, estimator__num_leaves=2, estimator__subsample=0.01; total time=   0.0s
[CV] END estimator__learning_rate=0.39, estimator__max_depth=10, estimator__num_leaves=2, estimator__subsample=0.1; total time=   0.0s
[CV] END estimator__learning_rate=0.39, estimator__max_depth=10, estimator__num_leaves=2, estimator__subsample=0.2; total time=   0.0s
[CV] END estimator__learning_rate=0.39, estimator__max_depth=10, estimator__num_leaves=4, estimator__subsample=0.001; total time=   0.1s
[CV] END estimator__learning_rate=0.39, estimator__max_depth=10, estimator__num_leaves=4, estimator__subsample=0.1; total time=   0.2s
[CV] END estimator__learning_rate=0.39, estimator__max_depth=10, estimator__num_leaves=4, estimator__subsample=0.2; total time=   0.2s
[CV] END estimator__learning_rate=0.39, estimator__max_depth=10, estimator__num_leaves=10, estimator__subsample=0.001; total time=   0.5s
[CV] END estimator__learning_rate=0.39, estimator__max_depth=10, estimator__num_leaves=10, estimator__subsample=0.001; total time=   0.6s
[CV] END estimator__learning_rate=0.39, estimator__max_depth=11, estimator__num_leaves=2, estimator__subsample=0.1; total time=   0.0s
[CV] END estimator__learning_rate=0.39, estimator__max_depth=11, estimator__num_leaves=2, estimator__subsample=0.2; total time=   0.0s
[CV] END estimator__learning_rate=0.39, estimator__max_depth=11, estimator__num_leaves=4, estimator__subsample=0.1; total time=   0.2s
[CV] END estimator__learning_rate=0.39, estimator__max_depth=11, estimator__num_leaves=4, estimator__subsample=0.1; total time=   0.2s
[CV] END estimator__learning_rate=0.39, estimator__max_depth=11, estimator__num_leaves=6, estimator__subsample=0.2; total time=   0.3s
[CV] END estimator__learning_rate=0.39, estimator__max_depth=11, estimator__num_leaves=6, estimator__subsample=0.2; total time=   0.3s
[CV] END estimator__learning_rate=0.39, estimator__max_depth=11, estimator__num_leaves=10, estimator__subsample=0.01; total time=   0.5s
[CV] END estimator__learning_rate=0.39, estimator__max_depth=11, estimator__num_leaves=10, estimator__subsample=0.01; total time=   0.6s
[CV] END estimator__learning_rate=0.39, estimator__max_depth=12, estimator__num_leaves=4, estimator__subsample=0.01; total time=   0.2s
[CV] END estimator__learning_rate=0.39, estimator__max_depth=12, estimator__num_leaves=4, estimator__subsample=0.1; total time=   0.2s
[CV] END estimator__learning_rate=0.39, estimator__max_depth=12, estimator__num_leaves=6, estimator__subsample=0.01; total time=   0.3s
[CV] END estimator__learning_rate=0.39, estimator__max_depth=12, estimator__num_leaves=8, estimator__subsample=0.001; total time=   0.4s
[CV] END estimator__learning_rate=0.39, estimator__max_depth=12, estimator__num_leaves=8, estimator__subsample=0.2; total time=   0.4s
[CV] END estimator__learning_rate=0.39, estimator__max_depth=12, estimator__num_leaves=10, estimator__subsample=0.1; total time=   0.5s
[CV] END estimator__learning_rate=0.39, estimator__max_depth=12, estimator__num_leaves=31, estimator__subsample=0.2; total time=   1.3s
[CV] END estimator__learning_rate=0.39, estimator__max_depth=13, estimator__num_leaves=8, estimator__subsample=0.001; total time=   0.4s
[CV] END estimator__learning_rate=0.39, estimator__max_depth=13, estimator__num_leaves=8, estimator__subsample=0.001; total time=   0.4s
[CV] END estimator__learning_rate=0.39, estimator__max_depth=13, estimator__num_leaves=31, estimator__subsample=0.01; total time=   1.3s[CV] END estimator__learning_rate=0.01, estimator__max_depth=10, estimator__num_leaves=2, estimator__subsample=0.001; total time=   3.7s
[CV] END estimator__learning_rate=0.01, estimator__max_depth=10, estimator__num_leaves=6, estimator__subsample=0.001; total time=   0.1s
[CV] END estimator__learning_rate=0.01, estimator__max_depth=10, estimator__num_leaves=6, estimator__subsample=0.1; total time=   0.1s
[CV] END estimator__learning_rate=0.01, estimator__max_depth=10, estimator__num_leaves=8, estimator__subsample=0.001; total time=   0.5s
[CV] END estimator__learning_rate=0.01, estimator__max_depth=10, estimator__num_leaves=10, estimator__subsample=0.001; total time=   0.6s
[CV] END estimator__learning_rate=0.01, estimator__max_depth=10, estimator__num_leaves=31, estimator__subsample=0.01; total time=   1.3s
[CV] END estimator__learning_rate=0.01, estimator__max_depth=11, estimator__num_leaves=6, estimator__subsample=0.01; total time=   0.3s
[CV] END estimator__learning_rate=0.01, estimator__max_depth=11, estimator__num_leaves=6, estimator__subsample=0.01; total time=   0.3s
[CV] END estimator__learning_rate=0.01, estimator__max_depth=11, estimator__num_leaves=10, estimator__subsample=0.1; total time=   0.8s
[CV] END estimator__learning_rate=0.01, estimator__max_depth=11, estimator__num_leaves=10, estimator__subsample=0.2; total time=   0.6s
[CV] END estimator__learning_rate=0.01, estimator__max_depth=12, estimator__num_leaves=6, estimator__subsample=0.1; total time=   0.3s
[CV] END estimator__learning_rate=0.01, estimator__max_depth=12, estimator__num_leaves=6, estimator__subsample=0.1; total time=   0.3s
[CV] END estimator__learning_rate=0.01, estimator__max_depth=12, estimator__num_leaves=8, estimator__subsample=0.2; total time=   0.4s
[CV] END estimator__learning_rate=0.01, estimator__max_depth=12, estimator__num_leaves=8, estimator__subsample=0.2; total time=   0.4s
[CV] END estimator__learning_rate=0.01, estimator__max_depth=12, estimator__num_leaves=31, estimator__subsample=0.2; total time=   1.3s
[CV] END estimator__learning_rate=0.01, estimator__max_depth=12, estimator__num_leaves=31, estimator__subsample=0.2; total time=   1.3s
[CV] END estimator__learning_rate=0.01, estimator__max_depth=13, estimator__num_leaves=31, estimator__subsample=0.001; total time=   1.3s
[CV] END estimator__learning_rate=0.01, estimator__max_depth=14, estimator__num_leaves=4, estimator__subsample=0.1; total time=   0.2s
[CV] END estimator__learning_rate=0.01, estimator__max_depth=14, estimator__num_leaves=4, estimator__subsample=0.2; total time=   0.2s
[CV] END estimator__learning_rate=0.01, estimator__max_depth=14, estimator__num_leaves=10, estimator__subsample=0.001; total time=   0.6s
[CV] END estimator__learning_rate=0.01, estimator__max_depth=14, estimator__num_leaves=10, estimator__subsample=0.001; total time=   0.7s
[CV] END estimator__learning_rate=0.2, estimator__max_depth=10, estimator__num_leaves=4, estimator__subsample=0.001; total time=   0.2s
[CV] END estimator__learning_rate=0.2, estimator__max_depth=10, estimator__num_leaves=4, estimator__subsample=0.001; total time=   0.2s
[CV] END estimator__learning_rate=0.2, estimator__max_depth=10, estimator__num_leaves=6, estimator__subsample=0.1; total time=   0.3s
[CV] END estimator__learning_rate=0.2, estimator__max_depth=10, estimator__num_leaves=6, estimator__subsample=0.1; total time=   0.3s
[CV] END estimator__learning_rate=0.2, estimator__max_depth=10, estimator__num_leaves=8, estimator__subsample=0.2; total time=   0.4s
[CV] END estimator__learning_rate=0.2, estimator__max_depth=10, estimator__num_leaves=8, estimator__subsample=0.2; total time=   0.4s
[CV] END estimator__learning_rate=0.2, estimator__max_depth=10, estimator__num_leaves=31, estimator__subsample=0.2; total time=   1.3s
[CV] END estimator__learning_rate=0.2, estimator__max_depth=10, estimator__num_leaves=31, estimator__subsample=0.2; total time=   1.2s
[CV] END estimator__learning_rate=0.2, estimator__max_depth=11, estimator__num_leaves=31, estimator__subsample=0.01; total time=   1.2s
[CV] END estimator__learning_rate=0.2, estimator__max_depth=12, estimator__num_leaves=4, estimator__subsample=0.1; total time=   0.2s
[CV] END estimator__learning_rate=0.2, estimator__max_depth=12, estimator__num_leaves=4, estimator__subsample=0.1; total time=   0.2s
[CV] END estimator__learning_rate=0.2, estimator__max_depth=12, estimator__num_leaves=10, estimator__subsample=0.001; total time=   0.6s
[CV] END estimator__learning_rate=0.2, estimator__max_depth=12, estimator__num_leaves=10, estimator__subsample=0.01; total time=   0.5s
[CV] END estimator__learning_rate=0.2, estimator__max_depth=13, estimator__num_leaves=2, estimator__subsample=0.2; total time=   0.0s
[CV] END estimator__learning_rate=0.2, estimator__max_depth=13, estimator__num_leaves=2, estimator__subsample=0.2; total time=   0.0s
[CV] END estimator__learning_rate=0.2, estimator__max_depth=13, estimator__num_leaves=4, estimator__subsample=0.1; total time=   0.2s
[CV] END estimator__learning_rate=0.2, estimator__max_depth=13, estimator__num_leaves=4, estimator__subsample=0.1; total time=   0.2s
[CV] END estimator__learning_rate=0.2, estimator__max_depth=13, estimator__num_leaves=8, estimator__subsample=0.001; total time=   0.4s
[CV] END estimator__learning_rate=0.2, estimator__max_depth=13, estimator__num_leaves=8, estimator__subsample=0.01; total time=   0.4s
[CV] END estimator__learning_rate=0.2, estimator__max_depth=13, estimator__num_leaves=10, estimator__subsample=0.1; total time=   0.5s
[CV] END estimator__learning_rate=0.2, estimator__max_depth=13, estimator__num_leaves=10, estimator__subsample=0.1; total time=   0.6s
[CV] END estimator__learning_rate=0.2, estimator__max_depth=14, estimator__num_leaves=4, estimator__subsample=0.1; total time=   0.2s
[CV] END estimator__learning_rate=0.2, estimator__max_depth=14, estimator__num_leaves=6, estimator__subsample=0.01; total time=   0.3s
[CV] END estimator__learning_rate=0.2, estimator__max_depth=14, estimator__num_leaves=8, estimator__subsample=0.001; total time=   0.4s
[CV] END estimator__learning_rate=0.2, estimator__max_depth=14, estimator__num_leaves=8, estimator__subsample=0.1; total time=   0.4s
[CV] END estimator__learning_rate=0.2, estimator__max_depth=14, estimator__num_leaves=10, estimator__subsample=0.01; total time=   0.5s
[CV] END estimator__learning_rate=0.2, estimator__max_depth=14, estimator__num_leaves=31, estimator__subsample=0.1; total time=   1.3s
[CV] END estimator__learning_rate=0.39, estimator__max_depth=10, estimator__num_leaves=6, estimator__subsample=0.2; total time=   0.3s
[CV] END estimator__learning_rate=0.39, estimator__max_depth=10, estimator__num_leaves=6, estimator__subsample=0.2; total time=   0.3s
[CV] END estimator__learning_rate=0.39, estimator__max_depth=10, estimator__num_leaves=31, estimator__subsample=0.01; total time=   1.3s
[CV] END estimator__learning_rate=0.39, estimator__max_depth=10, estimator__num_leaves=31, estimator__subsample=0.01; total time=   1.2s
[CV] END estimator__learning_rate=0.39, estimator__max_depth=11, estimator__num_leaves=31, estimator__subsample=0.001; total time=   1.3s
[CV] END estimator__learning_rate=0.39, estimator__max_depth=11, estimator__num_leaves=31, estimator__subsample=0.001; total time=   1.3s
[CV] END estimator__learning_rate=0.39, estimator__max_depth=12, estimator__num_leaves=10, estimator__subsample=0.01; total time=   0.5s
[CV] END estimator__learning_rate=0.39, estimator__max_depth=12, estimator__num_leaves=31, estimator__subsample=0.1; total time=   1.3s
[CV] END estimator__learning_rate=0.39, estimator__max_depth=13, estimator__num_leaves=6, estimator__subsample=0.2; total time=   0.3s
[CV] END estimator__learning_rate=0.39, estimator__max_depth=13, estimator__num_leaves=6, estimator__subsample=0.2; total time=   0.3s
[CV] END estimator__learning_rate=0.39, estimator__max_depth=13, estimator__num_leaves=31, estimator__subsample=0.001; total time=   1.3s
[CV] END estimator__learning_rate=0.39, estimator__max_depth=13, estimator__num_leaves=31, estimator__subsample=0.01; total time=   1.3s[CV] END estimator__learning_rate=0.01, estimator__max_depth=10, estimator__num_leaves=4, estimator__subsample=0.001; total time=   4.2s
[CV] END estimator__learning_rate=0.01, estimator__max_depth=10, estimator__num_leaves=10, estimator__subsample=0.01; total time=   0.5s
[CV] END estimator__learning_rate=0.01, estimator__max_depth=10, estimator__num_leaves=31, estimator__subsample=0.1; total time=   1.3s
[CV] END estimator__learning_rate=0.01, estimator__max_depth=11, estimator__num_leaves=6, estimator__subsample=0.2; total time=   0.3s
[CV] END estimator__learning_rate=0.01, estimator__max_depth=11, estimator__num_leaves=6, estimator__subsample=0.2; total time=   0.3s
[CV] END estimator__learning_rate=0.01, estimator__max_depth=11, estimator__num_leaves=31, estimator__subsample=0.001; total time=   1.4s
[CV] END estimator__learning_rate=0.01, estimator__max_depth=11, estimator__num_leaves=31, estimator__subsample=0.01; total time=   1.3s
[CV] END estimator__learning_rate=0.01, estimator__max_depth=12, estimator__num_leaves=31, estimator__subsample=0.001; total time=   1.3s
[CV] END estimator__learning_rate=0.01, estimator__max_depth=12, estimator__num_leaves=31, estimator__subsample=0.001; total time=   1.3s
[CV] END estimator__learning_rate=0.01, estimator__max_depth=13, estimator__num_leaves=10, estimator__subsample=0.2; total time=   0.5s
[CV] END estimator__learning_rate=0.01, estimator__max_depth=13, estimator__num_leaves=31, estimator__subsample=0.2; total time=   1.3s
[CV] END estimator__learning_rate=0.01, estimator__max_depth=14, estimator__num_leaves=8, estimator__subsample=0.1; total time=   0.4s
[CV] END estimator__learning_rate=0.01, estimator__max_depth=14, estimator__num_leaves=8, estimator__subsample=0.1; total time=   0.4s
[CV] END estimator__learning_rate=0.01, estimator__max_depth=14, estimator__num_leaves=31, estimator__subsample=0.2; total time=   1.4s
[CV] END estimator__learning_rate=0.01, estimator__max_depth=14, estimator__num_leaves=31, estimator__subsample=0.2; total time=   1.3s
[CV] END estimator__learning_rate=0.2, estimator__max_depth=11, estimator__num_leaves=2, estimator__subsample=0.01; total time=   0.0s
[CV] END estimator__learning_rate=0.2, estimator__max_depth=11, estimator__num_leaves=2, estimator__subsample=0.01; total time=   0.0s
[CV] END estimator__learning_rate=0.2, estimator__max_depth=11, estimator__num_leaves=4, estimator__subsample=0.001; total time=   0.2s
[CV] END estimator__learning_rate=0.2, estimator__max_depth=11, estimator__num_leaves=4, estimator__subsample=0.001; total time=   0.2s
[CV] END estimator__learning_rate=0.2, estimator__max_depth=11, estimator__num_leaves=6, estimator__subsample=0.001; total time=   0.3s
[CV] END estimator__learning_rate=0.2, estimator__max_depth=11, estimator__num_leaves=6, estimator__subsample=0.2; total time=   0.3s
[CV] END estimator__learning_rate=0.2, estimator__max_depth=11, estimator__num_leaves=8, estimator__subsample=0.01; total time=   0.4s
[CV] END estimator__learning_rate=0.2, estimator__max_depth=11, estimator__num_leaves=10, estimator__subsample=0.001; total time=   0.5s
[CV] END estimator__learning_rate=0.2, estimator__max_depth=11, estimator__num_leaves=31, estimator__subsample=0.01; total time=   1.3s
[CV] END estimator__learning_rate=0.2, estimator__max_depth=12, estimator__num_leaves=6, estimator__subsample=0.01; total time=   0.3s
[CV] END estimator__learning_rate=0.2, estimator__max_depth=12, estimator__num_leaves=6, estimator__subsample=0.01; total time=   0.3s
[CV] END estimator__learning_rate=0.2, estimator__max_depth=12, estimator__num_leaves=10, estimator__subsample=0.2; total time=   0.5s
[CV] END estimator__learning_rate=0.2, estimator__max_depth=12, estimator__num_leaves=10, estimator__subsample=0.2; total time=   0.6s
[CV] END estimator__learning_rate=0.2, estimator__max_depth=13, estimator__num_leaves=6, estimator__subsample=0.001; total time=   0.3s
[CV] END estimator__learning_rate=0.2, estimator__max_depth=13, estimator__num_leaves=6, estimator__subsample=0.01; total time=   0.3s
[CV] END estimator__learning_rate=0.2, estimator__max_depth=13, estimator__num_leaves=8, estimator__subsample=0.1; total time=   0.4s
[CV] END estimator__learning_rate=0.2, estimator__max_depth=13, estimator__num_leaves=8, estimator__subsample=0.1; total time=   0.4s
[CV] END estimator__learning_rate=0.2, estimator__max_depth=13, estimator__num_leaves=31, estimator__subsample=0.01; total time=   1.4s
[CV] END estimator__learning_rate=0.2, estimator__max_depth=13, estimator__num_leaves=31, estimator__subsample=0.01; total time=   1.3s
[CV] END estimator__learning_rate=0.2, estimator__max_depth=14, estimator__num_leaves=31, estimator__subsample=0.001; total time=   1.3s
[CV] END estimator__learning_rate=0.39, estimator__max_depth=10, estimator__num_leaves=4, estimator__subsample=0.01; total time=   0.2s
[CV] END estimator__learning_rate=0.39, estimator__max_depth=10, estimator__num_leaves=4, estimator__subsample=0.01; total time=   0.2s
[CV] END estimator__learning_rate=0.39, estimator__max_depth=10, estimator__num_leaves=8, estimator__subsample=0.1; total time=   0.4s
[CV] END estimator__learning_rate=0.39, estimator__max_depth=10, estimator__num_leaves=8, estimator__subsample=0.1; total time=   0.4s
[CV] END estimator__learning_rate=0.39, estimator__max_depth=10, estimator__num_leaves=31, estimator__subsample=0.2; total time=   1.3s
[CV] END estimator__learning_rate=0.39, estimator__max_depth=10, estimator__num_leaves=31, estimator__subsample=0.2; total time=   1.2s
[CV] END estimator__learning_rate=0.39, estimator__max_depth=12, estimator__num_leaves=2, estimator__subsample=0.001; total time=   0.0s
[CV] END estimator__learning_rate=0.39, estimator__max_depth=12, estimator__num_leaves=2, estimator__subsample=0.001; total time=   0.0s
[CV] END estimator__learning_rate=0.39, estimator__max_depth=12, estimator__num_leaves=2, estimator__subsample=0.1; total time=   0.0s
[CV] END estimator__learning_rate=0.39, estimator__max_depth=12, estimator__num_leaves=2, estimator__subsample=0.1; total time=   0.0s
[CV] END estimator__learning_rate=0.39, estimator__max_depth=12, estimator__num_leaves=4, estimator__subsample=0.001; total time=   0.1s
[CV] END estimator__learning_rate=0.39, estimator__max_depth=12, estimator__num_leaves=4, estimator__subsample=0.001; total time=   0.2s
[CV] END estimator__learning_rate=0.39, estimator__max_depth=12, estimator__num_leaves=6, estimator__subsample=0.001; total time=   0.3s
[CV] END estimator__learning_rate=0.39, estimator__max_depth=12, estimator__num_leaves=6, estimator__subsample=0.2; total time=   0.3s
[CV] END estimator__learning_rate=0.39, estimator__max_depth=12, estimator__num_leaves=8, estimator__subsample=0.1; total time=   0.4s
[CV] END estimator__learning_rate=0.39, estimator__max_depth=12, estimator__num_leaves=10, estimator__subsample=0.01; total time=   0.5s
[CV] END estimator__learning_rate=0.39, estimator__max_depth=12, estimator__num_leaves=31, estimator__subsample=0.1; total time=   1.3s
[CV] END estimator__learning_rate=0.39, estimator__max_depth=13, estimator__num_leaves=6, estimator__subsample=0.1; total time=   0.3s
[CV] END estimator__learning_rate=0.39, estimator__max_depth=13, estimator__num_leaves=6, estimator__subsample=0.1; total time=   0.3s
[CV] END estimator__learning_rate=0.39, estimator__max_depth=13, estimator__num_leaves=10, estimator__subsample=0.2; total time=   0.5s
[CV] END estimator__learning_rate=0.39, estimator__max_depth=13, estimator__num_leaves=10, estimator__subsample=0.2; total time=   0.6s
[CV] END estimator__learning_rate=0.39, estimator__max_depth=14, estimator__num_leaves=6, estimator__subsample=0.001; total time=   0.3s
[CV] END estimator__learning_rate=0.39, estimator__max_depth=14, estimator__num_leaves=6, estimator__subsample=0.01; total time=   0.3s
[CV] END estimator__learning_rate=0.39, estimator__max_depth=14, estimator__num_leaves=8, estimator__subsample=0.1; total time=   0.4s
[CV] END estimator__learning_rate=0.39, estimator__max_depth=14, estimator__num_leaves=8, estimator__subsample=0.1; total time=   0.4s[CV] END estimator__learning_rate=0.01, estimator__max_depth=10, estimator__num_leaves=4, estimator__subsample=0.001; total time=   4.2s
[CV] END estimator__learning_rate=0.01, estimator__max_depth=10, estimator__num_leaves=10, estimator__subsample=0.01; total time=   0.5s
[CV] END estimator__learning_rate=0.01, estimator__max_depth=10, estimator__num_leaves=31, estimator__subsample=0.1; total time=   1.3s
[CV] END estimator__learning_rate=0.01, estimator__max_depth=11, estimator__num_leaves=6, estimator__subsample=0.2; total time=   0.3s
[CV] END estimator__learning_rate=0.01, estimator__max_depth=11, estimator__num_leaves=6, estimator__subsample=0.2; total time=   0.3s
[CV] END estimator__learning_rate=0.01, estimator__max_depth=11, estimator__num_leaves=31, estimator__subsample=0.01; total time=   1.4s
[CV] END estimator__learning_rate=0.01, estimator__max_depth=11, estimator__num_leaves=31, estimator__subsample=0.01; total time=   1.3s
[CV] END estimator__learning_rate=0.01, estimator__max_depth=12, estimator__num_leaves=31, estimator__subsample=0.001; total time=   1.3s
[CV] END estimator__learning_rate=0.01, estimator__max_depth=12, estimator__num_leaves=31, estimator__subsample=0.001; total time=   1.2s
[CV] END estimator__learning_rate=0.01, estimator__max_depth=13, estimator__num_leaves=10, estimator__subsample=0.1; total time=   0.5s
[CV] END estimator__learning_rate=0.01, estimator__max_depth=13, estimator__num_leaves=31, estimator__subsample=0.2; total time=   1.3s
[CV] END estimator__learning_rate=0.01, estimator__max_depth=14, estimator__num_leaves=8, estimator__subsample=0.001; total time=   0.4s
[CV] END estimator__learning_rate=0.01, estimator__max_depth=14, estimator__num_leaves=8, estimator__subsample=0.001; total time=   0.4s
[CV] END estimator__learning_rate=0.01, estimator__max_depth=14, estimator__num_leaves=31, estimator__subsample=0.01; total time=   1.3s
[CV] END estimator__learning_rate=0.01, estimator__max_depth=14, estimator__num_leaves=31, estimator__subsample=0.01; total time=   1.3s
[CV] END estimator__learning_rate=0.2, estimator__max_depth=10, estimator__num_leaves=31, estimator__subsample=0.1; total time=   1.3s
[CV] END estimator__learning_rate=0.2, estimator__max_depth=10, estimator__num_leaves=31, estimator__subsample=0.1; total time=   1.2s
[CV] END estimator__learning_rate=0.2, estimator__max_depth=11, estimator__num_leaves=31, estimator__subsample=0.001; total time=   1.3s
[CV] END estimator__learning_rate=0.2, estimator__max_depth=12, estimator__num_leaves=4, estimator__subsample=0.01; total time=   0.2s
[CV] END estimator__learning_rate=0.2, estimator__max_depth=12, estimator__num_leaves=4, estimator__subsample=0.01; total time=   0.2s
[CV] END estimator__learning_rate=0.2, estimator__max_depth=12, estimator__num_leaves=8, estimator__subsample=0.1; total time=   0.4s
[CV] END estimator__learning_rate=0.2, estimator__max_depth=12, estimator__num_leaves=8, estimator__subsample=0.2; total time=   0.4s
[CV] END estimator__learning_rate=0.2, estimator__max_depth=12, estimator__num_leaves=31, estimator__subsample=0.2; total time=   1.3s
[CV] END estimator__learning_rate=0.2, estimator__max_depth=12, estimator__num_leaves=31, estimator__subsample=0.2; total time=   1.3s
[CV] END estimator__learning_rate=0.2, estimator__max_depth=14, estimator__num_leaves=2, estimator__subsample=0.01; total time=   0.0s
[CV] END estimator__learning_rate=0.2, estimator__max_depth=14, estimator__num_leaves=2, estimator__subsample=0.01; total time=   0.0s
[CV] END estimator__learning_rate=0.2, estimator__max_depth=14, estimator__num_leaves=2, estimator__subsample=0.1; total time=   0.0s
[CV] END estimator__learning_rate=0.2, estimator__max_depth=14, estimator__num_leaves=2, estimator__subsample=0.2; total time=   0.0s
[CV] END estimator__learning_rate=0.2, estimator__max_depth=14, estimator__num_leaves=4, estimator__subsample=0.01; total time=   0.2s
[CV] END estimator__learning_rate=0.2, estimator__max_depth=14, estimator__num_leaves=4, estimator__subsample=0.2; total time=   0.2s
[CV] END estimator__learning_rate=0.2, estimator__max_depth=14, estimator__num_leaves=6, estimator__subsample=0.1; total time=   0.3s
[CV] END estimator__learning_rate=0.2, estimator__max_depth=14, estimator__num_leaves=8, estimator__subsample=0.01; total time=   0.4s
[CV] END estimator__learning_rate=0.2, estimator__max_depth=14, estimator__num_leaves=8, estimator__subsample=0.2; total time=   0.4s
[CV] END estimator__learning_rate=0.2, estimator__max_depth=14, estimator__num_leaves=10, estimator__subsample=0.1; total time=   0.5s
[CV] END estimator__learning_rate=0.2, estimator__max_depth=14, estimator__num_leaves=31, estimator__subsample=0.2; total time=   1.3s
[CV] END estimator__learning_rate=0.39, estimator__max_depth=10, estimator__num_leaves=8, estimator__subsample=0.01; total time=   0.4s
[CV] END estimator__learning_rate=0.39, estimator__max_depth=10, estimator__num_leaves=8, estimator__subsample=0.01; total time=   0.4s
[CV] END estimator__learning_rate=0.39, estimator__max_depth=10, estimator__num_leaves=31, estimator__subsample=0.1; total time=   1.3s
[CV] END estimator__learning_rate=0.39, estimator__max_depth=10, estimator__num_leaves=31, estimator__subsample=0.2; total time=   1.2s
[CV] END estimator__learning_rate=0.39, estimator__max_depth=11, estimator__num_leaves=31, estimator__subsample=0.2; total time=   1.3s
[CV] END estimator__learning_rate=0.39, estimator__max_depth=11, estimator__num_leaves=31, estimator__subsample=0.2; total time=   1.3s
[CV] END estimator__learning_rate=0.39, estimator__max_depth=12, estimator__num_leaves=31, estimator__subsample=0.001; total time=   1.3s
[CV] END estimator__learning_rate=0.39, estimator__max_depth=13, estimator__num_leaves=4, estimator__subsample=0.01; total time=   0.2s
[CV] END estimator__learning_rate=0.39, estimator__max_depth=13, estimator__num_leaves=4, estimator__subsample=0.01; total time=   0.2s
[CV] END estimator__learning_rate=0.39, estimator__max_depth=13, estimator__num_leaves=8, estimator__subsample=0.1; total time=   0.4s
[CV] END estimator__learning_rate=0.39, estimator__max_depth=13, estimator__num_leaves=8, estimator__subsample=0.2; total time=   0.4s
[CV] END estimator__learning_rate=0.39, estimator__max_depth=14, estimator__num_leaves=2, estimator__subsample=0.001; total time=   0.0s
[CV] END estimator__learning_rate=0.39, estimator__max_depth=14, estimator__num_leaves=2, estimator__subsample=0.001; total time=   0.0s
[CV] END estimator__learning_rate=0.39, estimator__max_depth=14, estimator__num_leaves=2, estimator__subsample=0.1; total time=   0.0s
[CV] END estimator__learning_rate=0.39, estimator__max_depth=14, estimator__num_leaves=2, estimator__subsample=0.1; total time=   0.0s
[CV] END estimator__learning_rate=0.39, estimator__max_depth=14, estimator__num_leaves=4, estimator__subsample=0.01; total time=   0.2s
[CV] END estimator__learning_rate=0.39, estimator__max_depth=14, estimator__num_leaves=4, estimator__subsample=0.01; total time=   0.2s
[CV] END estimator__learning_rate=0.39, estimator__max_depth=14, estimator__num_leaves=6, estimator__subsample=0.1; total time=   0.3s
[CV] END estimator__learning_rate=0.39, estimator__max_depth=14, estimator__num_leaves=6, estimator__subsample=0.2; total time=   0.3s
[CV] END estimator__learning_rate=0.39, estimator__max_depth=14, estimator__num_leaves=10, estimator__subsample=0.001; total time=   0.7s
[CV] END estimator__learning_rate=0.39, estimator__max_depth=14, estimator__num_leaves=10, estimator__subsample=0.001; total time=   0.5s
[CV] END estimator__learning_rate=0.58, estimator__max_depth=10, estimator__num_leaves=4, estimator__subsample=0.001; total time=   0.2s
[CV] END estimator__learning_rate=0.58, estimator__max_depth=10, estimator__num_leaves=4, estimator__subsample=0.001; total time=   0.2s
[CV] END estimator__learning_rate=0.58, estimator__max_depth=10, estimator__num_leaves=6, estimator__subsample=0.01; total time=   0.3s
[CV] END estimator__learning_rate=0.58, estimator__max_depth=10, estimator__num_leaves=6, estimator__subsample=0.2; total time=   0.3s
[CV] END estimator__learning_rate=0.39, estimator__max_depth=10, estimator__num_leaves=6, estimator__subsample=0.001; total time=   0.3s
[CV] END estimator__learning_rate=0.39, estimator__max_depth=10, estimator__num_leaves=6, estimator__subsample=0.01; total time=   0.3s
[CV] END estimator__learning_rate=0.39, estimator__max_depth=10, estimator__num_leaves=10, estimator__subsample=0.1; total time=   0.5s
[CV] END estimator__learning_rate=0.39, estimator__max_depth=10, estimator__num_leaves=10, estimator__subsample=0.1; total time=   0.6s
[CV] END estimator__learning_rate=0.39, estimator__max_depth=11, estimator__num_leaves=4, estimator__subsample=0.2; total time=   0.2s
[CV] END estimator__learning_rate=0.39, estimator__max_depth=11, estimator__num_leaves=4, estimator__subsample=0.2; total time=   0.2s
[CV] END estimator__learning_rate=0.39, estimator__max_depth=11, estimator__num_leaves=8, estimator__subsample=0.01; total time=   0.4s
[CV] END estimator__learning_rate=0.39, estimator__max_depth=11, estimator__num_leaves=8, estimator__subsample=0.01; total time=   0.4s
[CV] END estimator__learning_rate=0.39, estimator__max_depth=11, estimator__num_leaves=10, estimator__subsample=0.2; total time=   0.5s
[CV] END estimator__learning_rate=0.39, estimator__max_depth=11, estimator__num_leaves=10, estimator__subsample=0.2; total time=   0.5s
[CV] END estimator__learning_rate=0.39, estimator__max_depth=12, estimator__num_leaves=4, estimator__subsample=0.2; total time=   0.2s
[CV] END estimator__learning_rate=0.39, estimator__max_depth=12, estimator__num_leaves=6, estimator__subsample=0.1; total time=   0.3s
[CV] END estimator__learning_rate=0.39, estimator__max_depth=12, estimator__num_leaves=8, estimator__subsample=0.01; total time=   0.4s
[CV] END estimator__learning_rate=0.39, estimator__max_depth=12, estimator__num_leaves=10, estimator__subsample=0.001; total time=   0.5s
[CV] END estimator__learning_rate=0.39, estimator__max_depth=12, estimator__num_leaves=31, estimator__subsample=0.001; total time=   1.3s
[CV] END estimator__learning_rate=0.39, estimator__max_depth=13, estimator__num_leaves=4, estimator__subsample=0.1; total time=   0.2s
[CV] END estimator__learning_rate=0.39, estimator__max_depth=13, estimator__num_leaves=4, estimator__subsample=0.1; total time=   0.2s
[CV] END estimator__learning_rate=0.39, estimator__max_depth=13, estimator__num_leaves=8, estimator__subsample=0.2; total time=   0.4s
[CV] END estimator__learning_rate=0.39, estimator__max_depth=13, estimator__num_leaves=8, estimator__subsample=0.2; total time=   0.4s
[CV] END estimator__learning_rate=0.39, estimator__max_depth=14, estimator__num_leaves=2, estimator__subsample=0.001; total time=   0.0s
[CV] END estimator__learning_rate=0.39, estimator__max_depth=14, estimator__num_leaves=2, estimator__subsample=0.01; total time=   0.0s
[CV] END estimator__learning_rate=0.39, estimator__max_depth=14, estimator__num_leaves=2, estimator__subsample=0.1; total time=   0.0s
[CV] END estimator__learning_rate=0.39, estimator__max_depth=14, estimator__num_leaves=2, estimator__subsample=0.1; total time=   0.0s
[CV] END estimator__learning_rate=0.39, estimator__max_depth=14, estimator__num_leaves=4, estimator__subsample=0.1; total time=   0.2s
[CV] END estimator__learning_rate=0.39, estimator__max_depth=14, estimator__num_leaves=4, estimator__subsample=0.1; total time=   0.2s
[CV] END estimator__learning_rate=0.39, estimator__max_depth=14, estimator__num_leaves=6, estimator__subsample=0.2; total time=   0.3s
[CV] END estimator__learning_rate=0.39, estimator__max_depth=14, estimator__num_leaves=6, estimator__subsample=0.2; total time=   0.3s
[CV] END estimator__learning_rate=0.39, estimator__max_depth=14, estimator__num_leaves=10, estimator__subsample=0.001; total time=   0.5s
[CV] END estimator__learning_rate=0.39, estimator__max_depth=14, estimator__num_leaves=10, estimator__subsample=0.01; total time=   0.5s
[CV] END estimator__learning_rate=0.58, estimator__max_depth=10, estimator__num_leaves=2, estimator__subsample=0.2; total time=   0.0s
[CV] END estimator__learning_rate=0.58, estimator__max_depth=10, estimator__num_leaves=2, estimator__subsample=0.2; total time=   0.0s
[CV] END estimator__learning_rate=0.58, estimator__max_depth=10, estimator__num_leaves=4, estimator__subsample=0.01; total time=   0.2s
[CV] END estimator__learning_rate=0.58, estimator__max_depth=10, estimator__num_leaves=4, estimator__subsample=0.2; total time=   0.2s
[CV] END estimator__learning_rate=0.58, estimator__max_depth=10, estimator__num_leaves=6, estimator__subsample=0.1; total time=   0.3s
[CV] END estimator__learning_rate=0.58, estimator__max_depth=10, estimator__num_leaves=8, estimator__subsample=0.01; total time=   0.4s
[CV] END estimator__learning_rate=0.58, estimator__max_depth=10, estimator__num_leaves=10, estimator__subsample=0.001; total time=   0.5s
[CV] END estimator__learning_rate=0.58, estimator__max_depth=10, estimator__num_leaves=10, estimator__subsample=0.2; total time=   0.5s
[CV] END estimator__learning_rate=0.58, estimator__max_depth=11, estimator__num_leaves=2, estimator__subsample=0.001; total time=   0.0s
[CV] END estimator__learning_rate=0.58, estimator__max_depth=11, estimator__num_leaves=2, estimator__subsample=0.01; total time=   0.0s
[CV] END estimator__learning_rate=0.58, estimator__max_depth=11, estimator__num_leaves=2, estimator__subsample=0.1; total time=   0.0s
[CV] END estimator__learning_rate=0.58, estimator__max_depth=11, estimator__num_leaves=2, estimator__subsample=0.2; total time=   0.0s
[CV] END estimator__learning_rate=0.58, estimator__max_depth=11, estimator__num_leaves=2, estimator__subsample=0.2; total time=   0.0s
[CV] END estimator__learning_rate=0.58, estimator__max_depth=11, estimator__num_leaves=4, estimator__subsample=0.001; total time=   0.2s
[CV] END estimator__learning_rate=0.58, estimator__max_depth=11, estimator__num_leaves=6, estimator__subsample=0.1; total time=   0.3s
[CV] END estimator__learning_rate=0.58, estimator__max_depth=11, estimator__num_leaves=6, estimator__subsample=0.1; total time=   0.3s
[CV] END estimator__learning_rate=0.58, estimator__max_depth=11, estimator__num_leaves=10, estimator__subsample=0.2; total time=   0.6s
[CV] END estimator__learning_rate=0.58, estimator__max_depth=11, estimator__num_leaves=10, estimator__subsample=0.2; total time=   0.6s
[CV] END estimator__learning_rate=0.58, estimator__max_depth=12, estimator__num_leaves=6, estimator__subsample=0.001; total time=   0.3s
[CV] END estimator__learning_rate=0.58, estimator__max_depth=12, estimator__num_leaves=6, estimator__subsample=0.01; total time=   0.3s
[CV] END estimator__learning_rate=0.58, estimator__max_depth=12, estimator__num_leaves=8, estimator__subsample=0.1; total time=   0.4s
[CV] END estimator__learning_rate=0.58, estimator__max_depth=12, estimator__num_leaves=8, estimator__subsample=0.1; total time=   0.4s
[CV] END estimator__learning_rate=0.58, estimator__max_depth=12, estimator__num_leaves=31, estimator__subsample=0.01; total time=   1.3s
[CV] END estimator__learning_rate=0.58, estimator__max_depth=12, estimator__num_leaves=31, estimator__subsample=0.01; total time=   1.3s
[CV] END estimator__learning_rate=0.58, estimator__max_depth=13, estimator__num_leaves=10, estimator__subsample=0.2; total time=   0.5s
[CV] END estimator__learning_rate=0.58, estimator__max_depth=14, estimator__num_leaves=2, estimator__subsample=0.001; total time=   0.0s
[CV] END estimator__learning_rate=0.58, estimator__max_depth=14, estimator__num_leaves=2, estimator__subsample=0.001; total time=   0.0s
[CV] END estimator__learning_rate=0.58, estimator__max_depth=14, estimator__num_leaves=2, estimator__subsample=0.01; total time=   0.0s
[CV] END estimator__learning_rate=0.58, estimator__max_depth=14, estimator__num_leaves=2, estimator__subsample=0.1; total time=   0.0s
[CV] END estimator__learning_rate=0.58, estimator__max_depth=14, estimator__num_leaves=2, estimator__subsample=0.2; total time=   0.0s
[CV] END estimator__learning_rate=0.58, estimator__max_depth=14, estimator__num_leaves=4, estimator__subsample=0.001; total time=   0.1s
[CV] END estimator__learning_rate=0.39, estimator__max_depth=10, estimator__num_leaves=8, estimator__subsample=0.2; total time=   0.4s
[CV] END estimator__learning_rate=0.39, estimator__max_depth=11, estimator__num_leaves=2, estimator__subsample=0.001; total time=   0.0s
[CV] END estimator__learning_rate=0.39, estimator__max_depth=11, estimator__num_leaves=2, estimator__subsample=0.001; total time=   0.0s
[CV] END estimator__learning_rate=0.39, estimator__max_depth=11, estimator__num_leaves=2, estimator__subsample=0.01; total time=   0.0s
[CV] END estimator__learning_rate=0.39, estimator__max_depth=11, estimator__num_leaves=2, estimator__subsample=0.01; total time=   0.0s
[CV] END estimator__learning_rate=0.39, estimator__max_depth=11, estimator__num_leaves=4, estimator__subsample=0.001; total time=   0.2s
[CV] END estimator__learning_rate=0.39, estimator__max_depth=11, estimator__num_leaves=4, estimator__subsample=0.01; total time=   0.2s
[CV] END estimator__learning_rate=0.39, estimator__max_depth=11, estimator__num_leaves=6, estimator__subsample=0.1; total time=   0.3s
[CV] END estimator__learning_rate=0.39, estimator__max_depth=11, estimator__num_leaves=6, estimator__subsample=0.1; total time=   0.3s
[CV] END estimator__learning_rate=0.39, estimator__max_depth=11, estimator__num_leaves=10, estimator__subsample=0.001; total time=   0.5s
[CV] END estimator__learning_rate=0.39, estimator__max_depth=11, estimator__num_leaves=10, estimator__subsample=0.001; total time=   0.6s
[CV] END estimator__learning_rate=0.39, estimator__max_depth=12, estimator__num_leaves=2, estimator__subsample=0.2; total time=   0.0s
[CV] END estimator__learning_rate=0.39, estimator__max_depth=12, estimator__num_leaves=2, estimator__subsample=0.2; total time=   0.0s
[CV] END estimator__learning_rate=0.39, estimator__max_depth=12, estimator__num_leaves=4, estimator__subsample=0.01; total time=   0.2s
[CV] END estimator__learning_rate=0.39, estimator__max_depth=12, estimator__num_leaves=6, estimator__subsample=0.001; total time=   0.3s
[CV] END estimator__learning_rate=0.39, estimator__max_depth=12, estimator__num_leaves=6, estimator__subsample=0.2; total time=   0.3s
[CV] END estimator__learning_rate=0.39, estimator__max_depth=12, estimator__num_leaves=8, estimator__subsample=0.01; total time=   0.4s
[CV] END estimator__learning_rate=0.39, estimator__max_depth=12, estimator__num_leaves=10, estimator__subsample=0.001; total time=   0.5s
[CV] END estimator__learning_rate=0.39, estimator__max_depth=12, estimator__num_leaves=31, estimator__subsample=0.01; total time=   1.3s
[CV] END estimator__learning_rate=0.39, estimator__max_depth=13, estimator__num_leaves=6, estimator__subsample=0.001; total time=   0.3s
[CV] END estimator__learning_rate=0.39, estimator__max_depth=13, estimator__num_leaves=6, estimator__subsample=0.01; total time=   0.3s
[CV] END estimator__learning_rate=0.39, estimator__max_depth=13, estimator__num_leaves=10, estimator__subsample=0.1; total time=   0.5s
[CV] END estimator__learning_rate=0.39, estimator__max_depth=13, estimator__num_leaves=10, estimator__subsample=0.1; total time=   0.5s
[CV] END estimator__learning_rate=0.39, estimator__max_depth=14, estimator__num_leaves=6, estimator__subsample=0.001; total time=   0.3s
[CV] END estimator__learning_rate=0.39, estimator__max_depth=14, estimator__num_leaves=6, estimator__subsample=0.001; total time=   0.3s
[CV] END estimator__learning_rate=0.39, estimator__max_depth=14, estimator__num_leaves=8, estimator__subsample=0.01; total time=   0.4s
[CV] END estimator__learning_rate=0.39, estimator__max_depth=14, estimator__num_leaves=8, estimator__subsample=0.01; total time=   0.4s
[CV] END estimator__learning_rate=0.39, estimator__max_depth=14, estimator__num_leaves=31, estimator__subsample=0.001; total time=   1.3s
[CV] END estimator__learning_rate=0.39, estimator__max_depth=14, estimator__num_leaves=31, estimator__subsample=0.01; total time=   1.3s
[CV] END estimator__learning_rate=0.58, estimator__max_depth=10, estimator__num_leaves=10, estimator__subsample=0.2; total time=   0.5s
[CV] END estimator__learning_rate=0.58, estimator__max_depth=11, estimator__num_leaves=2, estimator__subsample=0.001; total time=   0.0s
[CV] END estimator__learning_rate=0.58, estimator__max_depth=11, estimator__num_leaves=2, estimator__subsample=0.001; total time=   0.0s
[CV] END estimator__learning_rate=0.58, estimator__max_depth=11, estimator__num_leaves=2, estimator__subsample=0.01; total time=   0.0s
[CV] END estimator__learning_rate=0.58, estimator__max_depth=11, estimator__num_leaves=2, estimator__subsample=0.1; total time=   0.0s
[CV] END estimator__learning_rate=0.58, estimator__max_depth=11, estimator__num_leaves=2, estimator__subsample=0.2; total time=   0.0s
[CV] END estimator__learning_rate=0.58, estimator__max_depth=11, estimator__num_leaves=4, estimator__subsample=0.001; total time=   0.2s
[CV] END estimator__learning_rate=0.58, estimator__max_depth=11, estimator__num_leaves=4, estimator__subsample=0.1; total time=   0.2s
[CV] END estimator__learning_rate=0.58, estimator__max_depth=11, estimator__num_leaves=4, estimator__subsample=0.2; total time=   0.2s
[CV] END estimator__learning_rate=0.58, estimator__max_depth=11, estimator__num_leaves=10, estimator__subsample=0.001; total time=   0.5s
[CV] END estimator__learning_rate=0.58, estimator__max_depth=11, estimator__num_leaves=10, estimator__subsample=0.001; total time=   0.7s
[CV] END estimator__learning_rate=0.58, estimator__max_depth=12, estimator__num_leaves=4, estimator__subsample=0.001; total time=   0.2s
[CV] END estimator__learning_rate=0.58, estimator__max_depth=12, estimator__num_leaves=4, estimator__subsample=0.01; total time=   0.2s
[CV] END estimator__learning_rate=0.58, estimator__max_depth=12, estimator__num_leaves=6, estimator__subsample=0.1; total time=   0.3s
[CV] END estimator__learning_rate=0.58, estimator__max_depth=12, estimator__num_leaves=6, estimator__subsample=0.2; total time=   0.3s
[CV] END estimator__learning_rate=0.58, estimator__max_depth=12, estimator__num_leaves=10, estimator__subsample=0.001; total time=   0.5s
[CV] END estimator__learning_rate=0.58, estimator__max_depth=12, estimator__num_leaves=10, estimator__subsample=0.001; total time=   0.6s
[CV] END estimator__learning_rate=0.58, estimator__max_depth=13, estimator__num_leaves=2, estimator__subsample=0.1; total time=   0.0s
[CV] END estimator__learning_rate=0.58, estimator__max_depth=13, estimator__num_leaves=2, estimator__subsample=0.2; total time=   0.0s
[CV] END estimator__learning_rate=0.58, estimator__max_depth=13, estimator__num_leaves=4, estimator__subsample=0.01; total time=   0.2s
[CV] END estimator__learning_rate=0.58, estimator__max_depth=13, estimator__num_leaves=4, estimator__subsample=0.2; total time=   0.2s
[CV] END estimator__learning_rate=0.58, estimator__max_depth=13, estimator__num_leaves=6, estimator__subsample=0.1; total time=   0.3s
[CV] END estimator__learning_rate=0.58, estimator__max_depth=13, estimator__num_leaves=8, estimator__subsample=0.01; total time=   0.4s
[CV] END estimator__learning_rate=0.58, estimator__max_depth=13, estimator__num_leaves=10, estimator__subsample=0.001; total time=   0.5s
[CV] END estimator__learning_rate=0.58, estimator__max_depth=13, estimator__num_leaves=10, estimator__subsample=0.2; total time=   0.5s
[CV] END estimator__learning_rate=0.58, estimator__max_depth=14, estimator__num_leaves=2, estimator__subsample=0.001; total time=   0.0s
[CV] END estimator__learning_rate=0.58, estimator__max_depth=14, estimator__num_leaves=2, estimator__subsample=0.01; total time=   0.0s
[CV] END estimator__learning_rate=0.58, estimator__max_depth=14, estimator__num_leaves=2, estimator__subsample=0.1; total time=   0.0s
[CV] END estimator__learning_rate=0.58, estimator__max_depth=14, estimator__num_leaves=2, estimator__subsample=0.1; total time=   0.0s
[CV] END estimator__learning_rate=0.58, estimator__max_depth=14, estimator__num_leaves=2, estimator__subsample=0.2; total time=   0.0s
[CV] END estimator__learning_rate=0.58, estimator__max_depth=14, estimator__num_leaves=4, estimator__subsample=0.001; total time=   0.1s
[CV] END estimator__learning_rate=0.2, estimator__max_depth=14, estimator__num_leaves=10, estimator__subsample=0.2; total time=   0.5s
[CV] END estimator__learning_rate=0.39, estimator__max_depth=10, estimator__num_leaves=2, estimator__subsample=0.001; total time=   0.0s
[CV] END estimator__learning_rate=0.39, estimator__max_depth=10, estimator__num_leaves=2, estimator__subsample=0.001; total time=   0.0s
[CV] END estimator__learning_rate=0.39, estimator__max_depth=10, estimator__num_leaves=2, estimator__subsample=0.01; total time=   0.0s
[CV] END estimator__learning_rate=0.39, estimator__max_depth=10, estimator__num_leaves=2, estimator__subsample=0.2; total time=   0.0s
[CV] END estimator__learning_rate=0.39, estimator__max_depth=10, estimator__num_leaves=2, estimator__subsample=0.2; total time=   0.0s
[CV] END estimator__learning_rate=0.39, estimator__max_depth=10, estimator__num_leaves=4, estimator__subsample=0.001; total time=   0.1s
[CV] END estimator__learning_rate=0.39, estimator__max_depth=10, estimator__num_leaves=4, estimator__subsample=0.1; total time=   0.2s
[CV] END estimator__learning_rate=0.39, estimator__max_depth=10, estimator__num_leaves=4, estimator__subsample=0.1; total time=   0.2s
[CV] END estimator__learning_rate=0.39, estimator__max_depth=10, estimator__num_leaves=8, estimator__subsample=0.2; total time=   0.4s
[CV] END estimator__learning_rate=0.39, estimator__max_depth=10, estimator__num_leaves=8, estimator__subsample=0.2; total time=   0.4s
[CV] END estimator__learning_rate=0.39, estimator__max_depth=11, estimator__num_leaves=2, estimator__subsample=0.001; total time=   0.0s
[CV] END estimator__learning_rate=0.39, estimator__max_depth=11, estimator__num_leaves=2, estimator__subsample=0.01; total time=   0.0s
[CV] END estimator__learning_rate=0.39, estimator__max_depth=11, estimator__num_leaves=2, estimator__subsample=0.1; total time=   0.0s
[CV] END estimator__learning_rate=0.39, estimator__max_depth=11, estimator__num_leaves=2, estimator__subsample=0.1; total time=   0.0s
[CV] END estimator__learning_rate=0.39, estimator__max_depth=11, estimator__num_leaves=4, estimator__subsample=0.01; total time=   0.2s
[CV] END estimator__learning_rate=0.39, estimator__max_depth=11, estimator__num_leaves=4, estimator__subsample=0.01; total time=   0.2s
[CV] END estimator__learning_rate=0.39, estimator__max_depth=11, estimator__num_leaves=6, estimator__subsample=0.2; total time=   0.3s
[CV] END estimator__learning_rate=0.39, estimator__max_depth=11, estimator__num_leaves=6, estimator__subsample=0.2; total time=   0.3s
[CV] END estimator__learning_rate=0.39, estimator__max_depth=11, estimator__num_leaves=10, estimator__subsample=0.001; total time=   0.5s
[CV] END estimator__learning_rate=0.39, estimator__max_depth=11, estimator__num_leaves=10, estimator__subsample=0.01; total time=   0.6s
[CV] END estimator__learning_rate=0.39, estimator__max_depth=12, estimator__num_leaves=4, estimator__subsample=0.001; total time=   0.1s
[CV] END estimator__learning_rate=0.39, estimator__max_depth=12, estimator__num_leaves=4, estimator__subsample=0.1; total time=   0.2s
[CV] END estimator__learning_rate=0.39, estimator__max_depth=12, estimator__num_leaves=6, estimator__subsample=0.01; total time=   0.3s
[CV] END estimator__learning_rate=0.39, estimator__max_depth=12, estimator__num_leaves=8, estimator__subsample=0.001; total time=   0.4s
[CV] END estimator__learning_rate=0.39, estimator__max_depth=12, estimator__num_leaves=8, estimator__subsample=0.1; total time=   0.4s
[CV] END estimator__learning_rate=0.39, estimator__max_depth=12, estimator__num_leaves=10, estimator__subsample=0.1; total time=   0.5s
[CV] END estimator__learning_rate=0.39, estimator__max_depth=12, estimator__num_leaves=31, estimator__subsample=0.1; total time=   1.3s
[CV] END estimator__learning_rate=0.39, estimator__max_depth=13, estimator__num_leaves=8, estimator__subsample=0.001; total time=   0.4s
[CV] END estimator__learning_rate=0.39, estimator__max_depth=13, estimator__num_leaves=8, estimator__subsample=0.001; total time=   0.4s
[CV] END estimator__learning_rate=0.39, estimator__max_depth=13, estimator__num_leaves=31, estimator__subsample=0.1; total time=   1.4s
[CV] END estimator__learning_rate=0.39, estimator__max_depth=13, estimator__num_leaves=31, estimator__subsample=0.1; total time=   1.3s
[CV] END estimator__learning_rate=0.39, estimator__max_depth=14, estimator__num_leaves=31, estimator__subsample=0.2; total time=   1.4s
[CV] END estimator__learning_rate=0.39, estimator__max_depth=14, estimator__num_leaves=31, estimator__subsample=0.2; total time=   1.3s
[CV] END estimator__learning_rate=0.58, estimator__max_depth=10, estimator__num_leaves=31, estimator__subsample=0.001; total time=   1.2s
[CV] END estimator__learning_rate=0.58, estimator__max_depth=11, estimator__num_leaves=4, estimator__subsample=0.2; total time=   0.2s
[CV] END estimator__learning_rate=0.58, estimator__max_depth=11, estimator__num_leaves=4, estimator__subsample=0.2; total time=   0.2s
[CV] END estimator__learning_rate=0.58, estimator__max_depth=11, estimator__num_leaves=10, estimator__subsample=0.001; total time=   0.5s
[CV] END estimator__learning_rate=0.58, estimator__max_depth=11, estimator__num_leaves=10, estimator__subsample=0.01; total time=   0.5s
[CV] END estimator__learning_rate=0.58, estimator__max_depth=12, estimator__num_leaves=2, estimator__subsample=0.2; total time=   0.0s
[CV] END estimator__learning_rate=0.58, estimator__max_depth=12, estimator__num_leaves=2, estimator__subsample=0.2; total time=   0.0s
[CV] END estimator__learning_rate=0.58, estimator__max_depth=12, estimator__num_leaves=4, estimator__subsample=0.1; total time=   0.2s
[CV] END estimator__learning_rate=0.58, estimator__max_depth=12, estimator__num_leaves=4, estimator__subsample=0.2; total time=   0.2s
[CV] END estimator__learning_rate=0.58, estimator__max_depth=12, estimator__num_leaves=8, estimator__subsample=0.001; total time=   0.4s
[CV] END estimator__learning_rate=0.58, estimator__max_depth=12, estimator__num_leaves=8, estimator__subsample=0.001; total time=   0.4s
[CV] END estimator__learning_rate=0.58, estimator__max_depth=12, estimator__num_leaves=10, estimator__subsample=0.1; total time=   0.7s
[CV] END estimator__learning_rate=0.58, estimator__max_depth=12, estimator__num_leaves=10, estimator__subsample=0.1; total time=   0.6s
[CV] END estimator__learning_rate=0.58, estimator__max_depth=13, estimator__num_leaves=4, estimator__subsample=0.2; total time=   0.2s
[CV] END estimator__learning_rate=0.58, estimator__max_depth=13, estimator__num_leaves=6, estimator__subsample=0.1; total time=   0.3s
[CV] END estimator__learning_rate=0.58, estimator__max_depth=13, estimator__num_leaves=8, estimator__subsample=0.01; total time=   0.4s
[CV] END estimator__learning_rate=0.58, estimator__max_depth=13, estimator__num_leaves=10, estimator__subsample=0.001; total time=   0.5s
[CV] END estimator__learning_rate=0.58, estimator__max_depth=13, estimator__num_leaves=31, estimator__subsample=0.001; total time=   1.3s
[CV] END estimator__learning_rate=0.58, estimator__max_depth=14, estimator__num_leaves=4, estimator__subsample=0.001; total time=   0.2s
[CV] END estimator__learning_rate=0.58, estimator__max_depth=14, estimator__num_leaves=4, estimator__subsample=0.01; total time=   0.2s
[CV] END estimator__learning_rate=0.58, estimator__max_depth=14, estimator__num_leaves=8, estimator__subsample=0.1; total time=   0.4s
[CV] END estimator__learning_rate=0.58, estimator__max_depth=14, estimator__num_leaves=8, estimator__subsample=0.1; total time=   0.4s
[CV] END estimator__learning_rate=0.58, estimator__max_depth=14, estimator__num_leaves=31, estimator__subsample=0.2; total time=   1.4s
[CV] END estimator__learning_rate=0.58, estimator__max_depth=14, estimator__num_leaves=31, estimator__subsample=0.2; total time=   1.3s
[CV] END estimator__learning_rate=0.77, estimator__max_depth=11, estimator__num_leaves=2, estimator__subsample=0.01; total time=   0.0s
[CV] END estimator__learning_rate=0.77, estimator__max_depth=11, estimator__num_leaves=2, estimator__subsample=0.01; total time=   0.0s
[CV] END estimator__learning_rate=0.39, estimator__max_depth=10, estimator__num_leaves=10, estimator__subsample=0.1; total time=   0.5s
[CV] END estimator__learning_rate=0.39, estimator__max_depth=10, estimator__num_leaves=10, estimator__subsample=0.2; total time=   0.6s
[CV] END estimator__learning_rate=0.39, estimator__max_depth=11, estimator__num_leaves=6, estimator__subsample=0.001; total time=   0.3s
[CV] END estimator__learning_rate=0.39, estimator__max_depth=11, estimator__num_leaves=6, estimator__subsample=0.001; total time=   0.3s
[CV] END estimator__learning_rate=0.39, estimator__max_depth=11, estimator__num_leaves=8, estimator__subsample=0.01; total time=   0.4s
[CV] END estimator__learning_rate=0.39, estimator__max_depth=11, estimator__num_leaves=8, estimator__subsample=0.01; total time=   0.4s
[CV] END estimator__learning_rate=0.39, estimator__max_depth=11, estimator__num_leaves=31, estimator__subsample=0.001; total time=   1.3s
[CV] END estimator__learning_rate=0.39, estimator__max_depth=11, estimator__num_leaves=31, estimator__subsample=0.01; total time=   1.2s
[CV] END estimator__learning_rate=0.39, estimator__max_depth=12, estimator__num_leaves=10, estimator__subsample=0.2; total time=   0.5s
[CV] END estimator__learning_rate=0.39, estimator__max_depth=13, estimator__num_leaves=2, estimator__subsample=0.001; total time=   0.0s
[CV] END estimator__learning_rate=0.39, estimator__max_depth=13, estimator__num_leaves=2, estimator__subsample=0.001; total time=   0.0s
[CV] END estimator__learning_rate=0.39, estimator__max_depth=13, estimator__num_leaves=2, estimator__subsample=0.01; total time=   0.0s
[CV] END estimator__learning_rate=0.39, estimator__max_depth=13, estimator__num_leaves=2, estimator__subsample=0.1; total time=   0.0s
[CV] END estimator__learning_rate=0.39, estimator__max_depth=13, estimator__num_leaves=2, estimator__subsample=0.2; total time=   0.0s
[CV] END estimator__learning_rate=0.39, estimator__max_depth=13, estimator__num_leaves=4, estimator__subsample=0.001; total time=   0.2s
[CV] END estimator__learning_rate=0.39, estimator__max_depth=13, estimator__num_leaves=4, estimator__subsample=0.1; total time=   0.2s
[CV] END estimator__learning_rate=0.39, estimator__max_depth=13, estimator__num_leaves=4, estimator__subsample=0.2; total time=   0.2s
[CV] END estimator__learning_rate=0.39, estimator__max_depth=13, estimator__num_leaves=10, estimator__subsample=0.001; total time=   0.6s
[CV] END estimator__learning_rate=0.39, estimator__max_depth=13, estimator__num_leaves=10, estimator__subsample=0.001; total time=   0.5s
[CV] END estimator__learning_rate=0.39, estimator__max_depth=14, estimator__num_leaves=2, estimator__subsample=0.2; total time=   0.0s
[CV] END estimator__learning_rate=0.39, estimator__max_depth=14, estimator__num_leaves=2, estimator__subsample=0.2; total time=   0.0s
[CV] END estimator__learning_rate=0.39, estimator__max_depth=14, estimator__num_leaves=4, estimator__subsample=0.1; total time=   0.2s
[CV] END estimator__learning_rate=0.39, estimator__max_depth=14, estimator__num_leaves=4, estimator__subsample=0.1; total time=   0.2s
[CV] END estimator__learning_rate=0.39, estimator__max_depth=14, estimator__num_leaves=8, estimator__subsample=0.001; total time=   0.4s
[CV] END estimator__learning_rate=0.39, estimator__max_depth=14, estimator__num_leaves=8, estimator__subsample=0.001; total time=   0.4s
[CV] END estimator__learning_rate=0.39, estimator__max_depth=14, estimator__num_leaves=10, estimator__subsample=0.01; total time=   0.5s
[CV] END estimator__learning_rate=0.39, estimator__max_depth=14, estimator__num_leaves=10, estimator__subsample=0.01; total time=   0.6s
[CV] END estimator__learning_rate=0.58, estimator__max_depth=10, estimator__num_leaves=4, estimator__subsample=0.1; total time=   0.2s
[CV] END estimator__learning_rate=0.58, estimator__max_depth=10, estimator__num_leaves=6, estimator__subsample=0.001; total time=   0.3s
[CV] END estimator__learning_rate=0.58, estimator__max_depth=10, estimator__num_leaves=6, estimator__subsample=0.1; total time=   0.3s
[CV] END estimator__learning_rate=0.58, estimator__max_depth=10, estimator__num_leaves=8, estimator__subsample=0.01; total time=   0.4s
[CV] END estimator__learning_rate=0.58, estimator__max_depth=10, estimator__num_leaves=10, estimator__subsample=0.001; total time=   0.5s
[CV] END estimator__learning_rate=0.58, estimator__max_depth=10, estimator__num_leaves=31, estimator__subsample=0.01; total time=   1.2s
[CV] END estimator__learning_rate=0.58, estimator__max_depth=11, estimator__num_leaves=6, estimator__subsample=0.01; total time=   0.3s
[CV] END estimator__learning_rate=0.58, estimator__max_depth=11, estimator__num_leaves=6, estimator__subsample=0.01; total time=   0.3s
[CV] END estimator__learning_rate=0.58, estimator__max_depth=11, estimator__num_leaves=10, estimator__subsample=0.1; total time=   0.6s
[CV] END estimator__learning_rate=0.58, estimator__max_depth=11, estimator__num_leaves=10, estimator__subsample=0.2; total time=   0.6s
[CV] END estimator__learning_rate=0.58, estimator__max_depth=12, estimator__num_leaves=6, estimator__subsample=0.001; total time=   0.3s
[CV] END estimator__learning_rate=0.58, estimator__max_depth=12, estimator__num_leaves=6, estimator__subsample=0.001; total time=   0.3s
[CV] END estimator__learning_rate=0.58, estimator__max_depth=12, estimator__num_leaves=8, estimator__subsample=0.1; total time=   0.4s
[CV] END estimator__learning_rate=0.58, estimator__max_depth=12, estimator__num_leaves=8, estimator__subsample=0.1; total time=   0.4s
[CV] END estimator__learning_rate=0.58, estimator__max_depth=12, estimator__num_leaves=31, estimator__subsample=0.001; total time=   1.3s
[CV] END estimator__learning_rate=0.58, estimator__max_depth=12, estimator__num_leaves=31, estimator__subsample=0.01; total time=   1.3s
[CV] END estimator__learning_rate=0.58, estimator__max_depth=13, estimator__num_leaves=10, estimator__subsample=0.2; total time=   0.5s
[CV] END estimator__learning_rate=0.58, estimator__max_depth=13, estimator__num_leaves=31, estimator__subsample=0.2; total time=   1.3s
[CV] END estimator__learning_rate=0.58, estimator__max_depth=14, estimator__num_leaves=8, estimator__subsample=0.1; total time=   0.4s
[CV] END estimator__learning_rate=0.58, estimator__max_depth=14, estimator__num_leaves=8, estimator__subsample=0.1; total time=   0.4s
[CV] END estimator__learning_rate=0.77, estimator__max_depth=10, estimator__num_leaves=2, estimator__subsample=0.001; total time=   0.0s
[CV] END estimator__learning_rate=0.77, estimator__max_depth=10, estimator__num_leaves=2, estimator__subsample=0.001; total time=   0.0s
[CV] END estimator__learning_rate=0.77, estimator__max_depth=10, estimator__num_leaves=2, estimator__subsample=0.1; total time=   0.0s
[CV] END estimator__learning_rate=0.77, estimator__max_depth=10, estimator__num_leaves=2, estimator__subsample=0.1; total time=   0.0s
[CV] END estimator__learning_rate=0.77, estimator__max_depth=10, estimator__num_leaves=4, estimator__subsample=0.01; total time=   0.2s
[CV] END estimator__learning_rate=0.77, estimator__max_depth=10, estimator__num_leaves=4, estimator__subsample=0.01; total time=   0.2s
[CV] END estimator__learning_rate=0.77, estimator__max_depth=10, estimator__num_leaves=6, estimator__subsample=0.1; total time=   0.3s
[CV] END estimator__learning_rate=0.77, estimator__max_depth=10, estimator__num_leaves=6, estimator__subsample=0.2; total time=   0.3s
[CV] END estimator__learning_rate=0.77, estimator__max_depth=10, estimator__num_leaves=10, estimator__subsample=0.001; total time=   0.5s
[CV] END estimator__learning_rate=0.77, estimator__max_depth=10, estimator__num_leaves=10, estimator__subsample=0.001; total time=   0.6s
[CV] END estimator__learning_rate=0.77, estimator__max_depth=11, estimator__num_leaves=2, estimator__subsample=0.2; total time=   0.0s
[CV] END estimator__learning_rate=0.77, estimator__max_depth=11, estimator__num_leaves=2, estimator__subsample=0.2; total time=   0.0s
[CV] END estimator__learning_rate=0.77, estimator__max_depth=11, estimator__num_leaves=4, estimator__subsample=0.01; total time=   0.2s
[CV] END estimator__learning_rate=0.2, estimator__max_depth=14, estimator__num_leaves=6, estimator__subsample=0.2; total time=   0.3s
[CV] END estimator__learning_rate=0.2, estimator__max_depth=14, estimator__num_leaves=8, estimator__subsample=0.1; total time=   0.4s
[CV] END estimator__learning_rate=0.2, estimator__max_depth=14, estimator__num_leaves=10, estimator__subsample=0.01; total time=   0.5s
[CV] END estimator__learning_rate=0.2, estimator__max_depth=14, estimator__num_leaves=31, estimator__subsample=0.01; total time=   1.3s
[CV] END estimator__learning_rate=0.39, estimator__max_depth=10, estimator__num_leaves=6, estimator__subsample=0.1; total time=   0.3s
[CV] END estimator__learning_rate=0.39, estimator__max_depth=10, estimator__num_leaves=6, estimator__subsample=0.1; total time=   0.3s
[CV] END estimator__learning_rate=0.39, estimator__max_depth=10, estimator__num_leaves=10, estimator__subsample=0.2; total time=   0.5s
[CV] END estimator__learning_rate=0.39, estimator__max_depth=10, estimator__num_leaves=10, estimator__subsample=0.2; total time=   0.6s
[CV] END estimator__learning_rate=0.39, estimator__max_depth=11, estimator__num_leaves=6, estimator__subsample=0.001; total time=   0.3s
[CV] END estimator__learning_rate=0.39, estimator__max_depth=11, estimator__num_leaves=6, estimator__subsample=0.01; total time=   0.3s
[CV] END estimator__learning_rate=0.39, estimator__max_depth=11, estimator__num_leaves=8, estimator__subsample=0.1; total time=   0.4s
[CV] END estimator__learning_rate=0.39, estimator__max_depth=11, estimator__num_leaves=8, estimator__subsample=0.1; total time=   0.4s
[CV] END estimator__learning_rate=0.39, estimator__max_depth=11, estimator__num_leaves=31, estimator__subsample=0.1; total time=   1.3s
[CV] END estimator__learning_rate=0.39, estimator__max_depth=11, estimator__num_leaves=31, estimator__subsample=0.1; total time=   1.2s
[CV] END estimator__learning_rate=0.39, estimator__max_depth=12, estimator__num_leaves=10, estimator__subsample=0.2; total time=   0.5s
[CV] END estimator__learning_rate=0.39, estimator__max_depth=13, estimator__num_leaves=2, estimator__subsample=0.001; total time=   0.0s
[CV] END estimator__learning_rate=0.39, estimator__max_depth=13, estimator__num_leaves=2, estimator__subsample=0.01; total time=   0.0s
[CV] END estimator__learning_rate=0.39, estimator__max_depth=13, estimator__num_leaves=2, estimator__subsample=0.01; total time=   0.0s
[CV] END estimator__learning_rate=0.39, estimator__max_depth=13, estimator__num_leaves=2, estimator__subsample=0.1; total time=   0.0s
[CV] END estimator__learning_rate=0.39, estimator__max_depth=13, estimator__num_leaves=2, estimator__subsample=0.2; total time=   0.0s
[CV] END estimator__learning_rate=0.39, estimator__max_depth=13, estimator__num_leaves=4, estimator__subsample=0.001; total time=   0.2s
[CV] END estimator__learning_rate=0.39, estimator__max_depth=13, estimator__num_leaves=4, estimator__subsample=0.2; total time=   0.2s
[CV] END estimator__learning_rate=0.39, estimator__max_depth=13, estimator__num_leaves=4, estimator__subsample=0.2; total time=   0.2s
[CV] END estimator__learning_rate=0.39, estimator__max_depth=13, estimator__num_leaves=10, estimator__subsample=0.001; total time=   0.6s
[CV] END estimator__learning_rate=0.39, estimator__max_depth=13, estimator__num_leaves=10, estimator__subsample=0.001; total time=   0.5s
[CV] END estimator__learning_rate=0.39, estimator__max_depth=14, estimator__num_leaves=2, estimator__subsample=0.2; total time=   0.0s
[CV] END estimator__learning_rate=0.39, estimator__max_depth=14, estimator__num_leaves=2, estimator__subsample=0.2; total time=   0.0s
[CV] END estimator__learning_rate=0.39, estimator__max_depth=14, estimator__num_leaves=4, estimator__subsample=0.1; total time=   0.2s
[CV] END estimator__learning_rate=0.39, estimator__max_depth=14, estimator__num_leaves=4, estimator__subsample=0.2; total time=   0.2s
[CV] END estimator__learning_rate=0.39, estimator__max_depth=14, estimator__num_leaves=8, estimator__subsample=0.001; total time=   0.4s
[CV] END estimator__learning_rate=0.39, estimator__max_depth=14, estimator__num_leaves=8, estimator__subsample=0.001; total time=   0.4s
[CV] END estimator__learning_rate=0.39, estimator__max_depth=14, estimator__num_leaves=10, estimator__subsample=0.1; total time=   0.5s
[CV] END estimator__learning_rate=0.39, estimator__max_depth=14, estimator__num_leaves=10, estimator__subsample=0.1; total time=   0.6s
[CV] END estimator__learning_rate=0.58, estimator__max_depth=10, estimator__num_leaves=4, estimator__subsample=0.1; total time=   0.2s
[CV] END estimator__learning_rate=0.58, estimator__max_depth=10, estimator__num_leaves=6, estimator__subsample=0.001; total time=   0.3s
[CV] END estimator__learning_rate=0.58, estimator__max_depth=10, estimator__num_leaves=6, estimator__subsample=0.2; total time=   0.3s
[CV] END estimator__learning_rate=0.58, estimator__max_depth=10, estimator__num_leaves=8, estimator__subsample=0.01; total time=   0.4s
[CV] END estimator__learning_rate=0.58, estimator__max_depth=10, estimator__num_leaves=10, estimator__subsample=0.001; total time=   0.5s
[CV] END estimator__learning_rate=0.58, estimator__max_depth=10, estimator__num_leaves=31, estimator__subsample=0.01; total time=   1.2s
[CV] END estimator__learning_rate=0.58, estimator__max_depth=11, estimator__num_leaves=6, estimator__subsample=0.001; total time=   0.3s
[CV] END estimator__learning_rate=0.58, estimator__max_depth=11, estimator__num_leaves=6, estimator__subsample=0.01; total time=   0.3s
[CV] END estimator__learning_rate=0.58, estimator__max_depth=11, estimator__num_leaves=10, estimator__subsample=0.01; total time=   0.6s
[CV] END estimator__learning_rate=0.58, estimator__max_depth=11, estimator__num_leaves=10, estimator__subsample=0.01; total time=   0.6s
[CV] END estimator__learning_rate=0.58, estimator__max_depth=12, estimator__num_leaves=4, estimator__subsample=0.2; total time=   0.2s
[CV] END estimator__learning_rate=0.58, estimator__max_depth=12, estimator__num_leaves=4, estimator__subsample=0.2; total time=   0.2s
[CV] END estimator__learning_rate=0.58, estimator__max_depth=12, estimator__num_leaves=8, estimator__subsample=0.001; total time=   0.4s
[CV] END estimator__learning_rate=0.58, estimator__max_depth=12, estimator__num_leaves=8, estimator__subsample=0.01; total time=   0.4s
[CV] END estimator__learning_rate=0.58, estimator__max_depth=12, estimator__num_leaves=10, estimator__subsample=0.1; total time=   0.5s
[CV] END estimator__learning_rate=0.58, estimator__max_depth=12, estimator__num_leaves=10, estimator__subsample=0.1; total time=   0.6s
[CV] END estimator__learning_rate=0.58, estimator__max_depth=13, estimator__num_leaves=4, estimator__subsample=0.1; total time=   0.2s
[CV] END estimator__learning_rate=0.58, estimator__max_depth=13, estimator__num_leaves=6, estimator__subsample=0.01; total time=   0.3s
[CV] END estimator__learning_rate=0.58, estimator__max_depth=13, estimator__num_leaves=8, estimator__subsample=0.001; total time=   0.4s
[CV] END estimator__learning_rate=0.58, estimator__max_depth=13, estimator__num_leaves=8, estimator__subsample=0.2; total time=   0.4s
[CV] END estimator__learning_rate=0.58, estimator__max_depth=13, estimator__num_leaves=10, estimator__subsample=0.1; total time=   0.5s
[CV] END estimator__learning_rate=0.58, estimator__max_depth=13, estimator__num_leaves=31, estimator__subsample=0.2; total time=   1.3s
[CV] END estimator__learning_rate=0.58, estimator__max_depth=14, estimator__num_leaves=8, estimator__subsample=0.001; total time=   0.4s
[CV] END estimator__learning_rate=0.58, estimator__max_depth=14, estimator__num_leaves=8, estimator__subsample=0.001; total time=   0.4s
[CV] END estimator__learning_rate=0.58, estimator__max_depth=14, estimator__num_leaves=31, estimator__subsample=0.1; total time=   1.3s
[CV] END estimator__learning_rate=0.58, estimator__max_depth=14, estimator__num_leaves=31, estimator__subsample=0.1; total time=   1.3s
[CV] END estimator__learning_rate=0.77, estimator__max_depth=10, estimator__num_leaves=31, estimator__subsample=0.2; total time=   1.3s
[CV] END estimator__learning_rate=0.39, estimator__max_depth=11, estimator__num_leaves=31, estimator__subsample=0.1; total time=   1.3s
[CV] END estimator__learning_rate=0.39, estimator__max_depth=11, estimator__num_leaves=31, estimator__subsample=0.1; total time=   1.3s
[CV] END estimator__learning_rate=0.39, estimator__max_depth=12, estimator__num_leaves=10, estimator__subsample=0.2; total time=   0.5s
[CV] END estimator__learning_rate=0.39, estimator__max_depth=13, estimator__num_leaves=2, estimator__subsample=0.001; total time=   0.0s
[CV] END estimator__learning_rate=0.39, estimator__max_depth=13, estimator__num_leaves=2, estimator__subsample=0.01; total time=   0.0s
[CV] END estimator__learning_rate=0.39, estimator__max_depth=13, estimator__num_leaves=2, estimator__subsample=0.1; total time=   0.0s
[CV] END estimator__learning_rate=0.39, estimator__max_depth=13, estimator__num_leaves=2, estimator__subsample=0.1; total time=   0.0s
[CV] END estimator__learning_rate=0.39, estimator__max_depth=13, estimator__num_leaves=2, estimator__subsample=0.2; total time=   0.0s
[CV] END estimator__learning_rate=0.39, estimator__max_depth=13, estimator__num_leaves=4, estimator__subsample=0.001; total time=   0.2s
[CV] END estimator__learning_rate=0.39, estimator__max_depth=13, estimator__num_leaves=6, estimator__subsample=0.001; total time=   0.3s
[CV] END estimator__learning_rate=0.39, estimator__max_depth=13, estimator__num_leaves=6, estimator__subsample=0.001; total time=   0.3s
[CV] END estimator__learning_rate=0.39, estimator__max_depth=13, estimator__num_leaves=10, estimator__subsample=0.1; total time=   0.5s
[CV] END estimator__learning_rate=0.39, estimator__max_depth=13, estimator__num_leaves=10, estimator__subsample=0.1; total time=   0.7s
[CV] END estimator__learning_rate=0.39, estimator__max_depth=14, estimator__num_leaves=4, estimator__subsample=0.2; total time=   0.2s
[CV] END estimator__learning_rate=0.39, estimator__max_depth=14, estimator__num_leaves=4, estimator__subsample=0.2; total time=   0.2s
[CV] END estimator__learning_rate=0.39, estimator__max_depth=14, estimator__num_leaves=8, estimator__subsample=0.01; total time=   0.4s
[CV] END estimator__learning_rate=0.39, estimator__max_depth=14, estimator__num_leaves=8, estimator__subsample=0.01; total time=   0.4s
[CV] END estimator__learning_rate=0.39, estimator__max_depth=14, estimator__num_leaves=10, estimator__subsample=0.1; total time=   0.5s
[CV] END estimator__learning_rate=0.39, estimator__max_depth=14, estimator__num_leaves=10, estimator__subsample=0.2; total time=   0.6s
[CV] END estimator__learning_rate=0.58, estimator__max_depth=10, estimator__num_leaves=4, estimator__subsample=0.2; total time=   0.2s
[CV] END estimator__learning_rate=0.58, estimator__max_depth=10, estimator__num_leaves=6, estimator__subsample=0.1; total time=   0.3s
[CV] END estimator__learning_rate=0.58, estimator__max_depth=10, estimator__num_leaves=8, estimator__subsample=0.01; total time=   0.4s
[CV] END estimator__learning_rate=0.58, estimator__max_depth=10, estimator__num_leaves=10, estimator__subsample=0.001; total time=   0.5s
[CV] END estimator__learning_rate=0.58, estimator__max_depth=10, estimator__num_leaves=10, estimator__subsample=0.2; total time=   0.5s
[CV] END estimator__learning_rate=0.58, estimator__max_depth=11, estimator__num_leaves=2, estimator__subsample=0.001; total time=   0.0s
[CV] END estimator__learning_rate=0.58, estimator__max_depth=11, estimator__num_leaves=2, estimator__subsample=0.01; total time=   0.0s
[CV] END estimator__learning_rate=0.58, estimator__max_depth=11, estimator__num_leaves=2, estimator__subsample=0.01; total time=   0.0s
[CV] END estimator__learning_rate=0.58, estimator__max_depth=11, estimator__num_leaves=2, estimator__subsample=0.1; total time=   0.0s
[CV] END estimator__learning_rate=0.58, estimator__max_depth=11, estimator__num_leaves=2, estimator__subsample=0.2; total time=   0.0s
[CV] END estimator__learning_rate=0.58, estimator__max_depth=11, estimator__num_leaves=4, estimator__subsample=0.001; total time=   0.2s
[CV] END estimator__learning_rate=0.58, estimator__max_depth=11, estimator__num_leaves=4, estimator__subsample=0.2; total time=   0.2s
[CV] END estimator__learning_rate=0.58, estimator__max_depth=11, estimator__num_leaves=4, estimator__subsample=0.2; total time=   0.2s
[CV] END estimator__learning_rate=0.58, estimator__max_depth=11, estimator__num_leaves=10, estimator__subsample=0.01; total time=   0.5s
[CV] END estimator__learning_rate=0.58, estimator__max_depth=11, estimator__num_leaves=10, estimator__subsample=0.01; total time=   0.6s
[CV] END estimator__learning_rate=0.58, estimator__max_depth=12, estimator__num_leaves=4, estimator__subsample=0.001; total time=   0.2s
[CV] END estimator__learning_rate=0.58, estimator__max_depth=12, estimator__num_leaves=4, estimator__subsample=0.001; total time=   0.2s
[CV] END estimator__learning_rate=0.58, estimator__max_depth=12, estimator__num_leaves=6, estimator__subsample=0.01; total time=   0.3s
[CV] END estimator__learning_rate=0.58, estimator__max_depth=12, estimator__num_leaves=6, estimator__subsample=0.01; total time=   0.3s
[CV] END estimator__learning_rate=0.58, estimator__max_depth=12, estimator__num_leaves=8, estimator__subsample=0.2; total time=   0.4s
[CV] END estimator__learning_rate=0.58, estimator__max_depth=12, estimator__num_leaves=8, estimator__subsample=0.2; total time=   0.4s
[CV] END estimator__learning_rate=0.58, estimator__max_depth=13, estimator__num_leaves=2, estimator__subsample=0.001; total time=   0.0s
[CV] END estimator__learning_rate=0.58, estimator__max_depth=13, estimator__num_leaves=2, estimator__subsample=0.001; total time=   0.0s
[CV] END estimator__learning_rate=0.58, estimator__max_depth=13, estimator__num_leaves=2, estimator__subsample=0.1; total time=   0.0s
[CV] END estimator__learning_rate=0.58, estimator__max_depth=13, estimator__num_leaves=2, estimator__subsample=0.1; total time=   0.0s
[CV] END estimator__learning_rate=0.58, estimator__max_depth=13, estimator__num_leaves=4, estimator__subsample=0.01; total time=   0.2s
[CV] END estimator__learning_rate=0.58, estimator__max_depth=13, estimator__num_leaves=4, estimator__subsample=0.1; total time=   0.2s
[CV] END estimator__learning_rate=0.58, estimator__max_depth=13, estimator__num_leaves=6, estimator__subsample=0.01; total time=   0.3s
[CV] END estimator__learning_rate=0.58, estimator__max_depth=13, estimator__num_leaves=8, estimator__subsample=0.001; total time=   0.4s
[CV] END estimator__learning_rate=0.58, estimator__max_depth=13, estimator__num_leaves=8, estimator__subsample=0.1; total time=   0.4s
[CV] END estimator__learning_rate=0.58, estimator__max_depth=13, estimator__num_leaves=10, estimator__subsample=0.01; total time=   0.5s
[CV] END estimator__learning_rate=0.58, estimator__max_depth=13, estimator__num_leaves=31, estimator__subsample=0.1; total time=   1.3s
[CV] END estimator__learning_rate=0.58, estimator__max_depth=14, estimator__num_leaves=6, estimator__subsample=0.2; total time=   0.3s
[CV] END estimator__learning_rate=0.58, estimator__max_depth=14, estimator__num_leaves=6, estimator__subsample=0.2; total time=   0.3s
[CV] END estimator__learning_rate=0.58, estimator__max_depth=14, estimator__num_leaves=31, estimator__subsample=0.01; total time=   1.3s
[CV] END estimator__learning_rate=0.58, estimator__max_depth=14, estimator__num_leaves=31, estimator__subsample=0.01; total time=   1.3s
[CV] END estimator__learning_rate=0.77, estimator__max_depth=10, estimator__num_leaves=31, estimator__subsample=0.001; total time=   1.3s
[CV] END estimator__learning_rate=0.77, estimator__max_depth=10, estimator__num_leaves=31, estimator__subsample=0.001; total time=   1.2s
[CV] END estimator__learning_rate=0.77, estimator__max_depth=11, estimator__num_leaves=10, estimator__subsample=0.01; total time=   0.5s
[CV] END estimator__learning_rate=0.77, estimator__max_depth=11, estimator__num_leaves=31, estimator__subsample=0.1; total time=   1.3s
[CV] END estimator__learning_rate=0.77, estimator__max_depth=12, estimator__num_leaves=6, estimator__subsample=0.2; total time=   0.3s
[CV] END estimator__learning_rate=0.39, estimator__max_depth=10, estimator__num_leaves=4, estimator__subsample=0.01; total time=   0.2s
[CV] END estimator__learning_rate=0.39, estimator__max_depth=10, estimator__num_leaves=8, estimator__subsample=0.1; total time=   0.4s
[CV] END estimator__learning_rate=0.39, estimator__max_depth=10, estimator__num_leaves=8, estimator__subsample=0.1; total time=   0.4s
[CV] END estimator__learning_rate=0.39, estimator__max_depth=10, estimator__num_leaves=31, estimator__subsample=0.2; total time=   1.3s
[CV] END estimator__learning_rate=0.39, estimator__max_depth=10, estimator__num_leaves=31, estimator__subsample=0.2; total time=   1.2s
[CV] END estimator__learning_rate=0.39, estimator__max_depth=12, estimator__num_leaves=2, estimator__subsample=0.001; total time=   0.0s
[CV] END estimator__learning_rate=0.39, estimator__max_depth=12, estimator__num_leaves=2, estimator__subsample=0.001; total time=   0.0s
[CV] END estimator__learning_rate=0.39, estimator__max_depth=12, estimator__num_leaves=2, estimator__subsample=0.01; total time=   0.0s
[CV] END estimator__learning_rate=0.39, estimator__max_depth=12, estimator__num_leaves=2, estimator__subsample=0.01; total time=   0.0s
[CV] END estimator__learning_rate=0.39, estimator__max_depth=12, estimator__num_leaves=2, estimator__subsample=0.2; total time=   0.0s
[CV] END estimator__learning_rate=0.39, estimator__max_depth=12, estimator__num_leaves=2, estimator__subsample=0.2; total time=   0.0s
[CV] END estimator__learning_rate=0.39, estimator__max_depth=12, estimator__num_leaves=4, estimator__subsample=0.01; total time=   0.2s
[CV] END estimator__learning_rate=0.39, estimator__max_depth=12, estimator__num_leaves=6, estimator__subsample=0.001; total time=   0.3s
[CV] END estimator__learning_rate=0.39, estimator__max_depth=12, estimator__num_leaves=6, estimator__subsample=0.1; total time=   0.3s
[CV] END estimator__learning_rate=0.39, estimator__max_depth=12, estimator__num_leaves=8, estimator__subsample=0.01; total time=   0.4s
[CV] END estimator__learning_rate=0.39, estimator__max_depth=12, estimator__num_leaves=10, estimator__subsample=0.001; total time=   0.5s
[CV] END estimator__learning_rate=0.39, estimator__max_depth=12, estimator__num_leaves=31, estimator__subsample=0.01; total time=   1.3s
[CV] END estimator__learning_rate=0.39, estimator__max_depth=13, estimator__num_leaves=6, estimator__subsample=0.01; total time=   0.3s
[CV] END estimator__learning_rate=0.39, estimator__max_depth=13, estimator__num_leaves=6, estimator__subsample=0.01; total time=   0.4s
[CV] END estimator__learning_rate=0.39, estimator__max_depth=13, estimator__num_leaves=31, estimator__subsample=0.001; total time=   1.3s
[CV] END estimator__learning_rate=0.39, estimator__max_depth=13, estimator__num_leaves=31, estimator__subsample=0.001; total time=   1.3s
[CV] END estimator__learning_rate=0.39, estimator__max_depth=14, estimator__num_leaves=10, estimator__subsample=0.2; total time=   0.5s
[CV] END estimator__learning_rate=0.39, estimator__max_depth=14, estimator__num_leaves=10, estimator__subsample=0.2; total time=   0.6s
[CV] END estimator__learning_rate=0.58, estimator__max_depth=10, estimator__num_leaves=6, estimator__subsample=0.001; total time=   0.3s
[CV] END estimator__learning_rate=0.58, estimator__max_depth=10, estimator__num_leaves=6, estimator__subsample=0.2; total time=   0.3s
[CV] END estimator__learning_rate=0.58, estimator__max_depth=10, estimator__num_leaves=8, estimator__subsample=0.1; total time=   0.4s
[CV] END estimator__learning_rate=0.58, estimator__max_depth=10, estimator__num_leaves=10, estimator__subsample=0.001; total time=   0.5s
[CV] END estimator__learning_rate=0.58, estimator__max_depth=10, estimator__num_leaves=31, estimator__subsample=0.01; total time=   1.2s
[CV] END estimator__learning_rate=0.58, estimator__max_depth=11, estimator__num_leaves=6, estimator__subsample=0.01; total time=   0.3s
[CV] END estimator__learning_rate=0.58, estimator__max_depth=11, estimator__num_leaves=6, estimator__subsample=0.01; total time=   0.3s
[CV] END estimator__learning_rate=0.58, estimator__max_depth=11, estimator__num_leaves=10, estimator__subsample=0.1; total time=   0.6s
[CV] END estimator__learning_rate=0.58, estimator__max_depth=11, estimator__num_leaves=10, estimator__subsample=0.1; total time=   0.6s
[CV] END estimator__learning_rate=0.58, estimator__max_depth=12, estimator__num_leaves=6, estimator__subsample=0.001; total time=   0.3s
[CV] END estimator__learning_rate=0.58, estimator__max_depth=12, estimator__num_leaves=6, estimator__subsample=0.001; total time=   0.3s
[CV] END estimator__learning_rate=0.58, estimator__max_depth=12, estimator__num_leaves=8, estimator__subsample=0.01; total time=   0.4s
[CV] END estimator__learning_rate=0.58, estimator__max_depth=12, estimator__num_leaves=8, estimator__subsample=0.01; total time=   0.4s
[CV] END estimator__learning_rate=0.58, estimator__max_depth=12, estimator__num_leaves=31, estimator__subsample=0.001; total time=   1.6s
[CV] END estimator__learning_rate=0.58, estimator__max_depth=12, estimator__num_leaves=31, estimator__subsample=0.001; total time=   1.3s
[CV] END estimator__learning_rate=0.58, estimator__max_depth=13, estimator__num_leaves=31, estimator__subsample=0.01; total time=   1.3s
[CV] END estimator__learning_rate=0.58, estimator__max_depth=14, estimator__num_leaves=6, estimator__subsample=0.01; total time=   0.3s
[CV] END estimator__learning_rate=0.58, estimator__max_depth=14, estimator__num_leaves=6, estimator__subsample=0.01; total time=   0.3s
[CV] END estimator__learning_rate=0.58, estimator__max_depth=14, estimator__num_leaves=10, estimator__subsample=0.1; total time=   0.6s
[CV] END estimator__learning_rate=0.58, estimator__max_depth=14, estimator__num_leaves=10, estimator__subsample=0.2; total time=   0.6s
[CV] END estimator__learning_rate=0.77, estimator__max_depth=10, estimator__num_leaves=6, estimator__subsample=0.001; total time=   0.3s
[CV] END estimator__learning_rate=0.77, estimator__max_depth=10, estimator__num_leaves=6, estimator__subsample=0.001; total time=   0.3s
[CV] END estimator__learning_rate=0.77, estimator__max_depth=10, estimator__num_leaves=8, estimator__subsample=0.1; total time=   0.4s
[CV] END estimator__learning_rate=0.77, estimator__max_depth=10, estimator__num_leaves=8, estimator__subsample=0.1; total time=   0.4s
[CV] END estimator__learning_rate=0.77, estimator__max_depth=10, estimator__num_leaves=31, estimator__subsample=0.01; total time=   1.3s
[CV] END estimator__learning_rate=0.77, estimator__max_depth=10, estimator__num_leaves=31, estimator__subsample=0.01; total time=   1.2s
[CV] END estimator__learning_rate=0.77, estimator__max_depth=11, estimator__num_leaves=10, estimator__subsample=0.2; total time=   0.5s
[CV] END estimator__learning_rate=0.77, estimator__max_depth=12, estimator__num_leaves=2, estimator__subsample=0.001; total time=   0.0s
[CV] END estimator__learning_rate=0.77, estimator__max_depth=12, estimator__num_leaves=2, estimator__subsample=0.01; total time=   0.0s
[CV] END estimator__learning_rate=0.77, estimator__max_depth=12, estimator__num_leaves=2, estimator__subsample=0.01; total time=   0.0s
[CV] END estimator__learning_rate=0.77, estimator__max_depth=12, estimator__num_leaves=2, estimator__subsample=0.1; total time=   0.0s
[CV] END estimator__learning_rate=0.77, estimator__max_depth=12, estimator__num_leaves=2, estimator__subsample=0.2; total time=   0.0s
[CV] END estimator__learning_rate=0.77, estimator__max_depth=12, estimator__num_leaves=4, estimator__subsample=0.001; total time=   0.1s
[CV] END estimator__learning_rate=0.77, estimator__max_depth=12, estimator__num_leaves=4, estimator__subsample=0.01; total time=   0.2s
[CV] END estimator__learning_rate=0.77, estimator__max_depth=12, estimator__num_leaves=4, estimator__subsample=0.01; total time=   0.2s
[CV] END estimator__learning_rate=0.77, estimator__max_depth=12, estimator__num_leaves=8, estimator__subsample=0.1; total time=   0.4s
[CV] END estimator__learning_rate=0.77, estimator__max_depth=12, estimator__num_leaves=8, estimator__subsample=0.1; total time=   0.4s
[CV] END estimator__learning_rate=0.39, estimator__max_depth=10, estimator__num_leaves=4, estimator__subsample=0.01; total time=   0.2s
[CV] END estimator__learning_rate=0.39, estimator__max_depth=10, estimator__num_leaves=4, estimator__subsample=0.01; total time=   0.2s
[CV] END estimator__learning_rate=0.39, estimator__max_depth=10, estimator__num_leaves=8, estimator__subsample=0.1; total time=   0.4s
[CV] END estimator__learning_rate=0.39, estimator__max_depth=10, estimator__num_leaves=8, estimator__subsample=0.2; total time=   0.4s
[CV] END estimator__learning_rate=0.39, estimator__max_depth=11, estimator__num_leaves=2, estimator__subsample=0.001; total time=   0.0s
[CV] END estimator__learning_rate=0.39, estimator__max_depth=11, estimator__num_leaves=2, estimator__subsample=0.001; total time=   0.0s
[CV] END estimator__learning_rate=0.39, estimator__max_depth=11, estimator__num_leaves=2, estimator__subsample=0.1; total time=   0.0s
[CV] END estimator__learning_rate=0.39, estimator__max_depth=11, estimator__num_leaves=2, estimator__subsample=0.1; total time=   0.0s
[CV] END estimator__learning_rate=0.39, estimator__max_depth=11, estimator__num_leaves=4, estimator__subsample=0.01; total time=   0.2s
[CV] END estimator__learning_rate=0.39, estimator__max_depth=11, estimator__num_leaves=4, estimator__subsample=0.01; total time=   0.2s
[CV] END estimator__learning_rate=0.39, estimator__max_depth=11, estimator__num_leaves=6, estimator__subsample=0.1; total time=   0.3s
[CV] END estimator__learning_rate=0.39, estimator__max_depth=11, estimator__num_leaves=6, estimator__subsample=0.2; total time=   0.3s
[CV] END estimator__learning_rate=0.39, estimator__max_depth=11, estimator__num_leaves=10, estimator__subsample=0.001; total time=   0.5s
[CV] END estimator__learning_rate=0.39, estimator__max_depth=11, estimator__num_leaves=10, estimator__subsample=0.001; total time=   0.6s
[CV] END estimator__learning_rate=0.39, estimator__max_depth=12, estimator__num_leaves=4, estimator__subsample=0.001; total time=   0.1s
[CV] END estimator__learning_rate=0.39, estimator__max_depth=12, estimator__num_leaves=4, estimator__subsample=0.001; total time=   0.2s
[CV] END estimator__learning_rate=0.39, estimator__max_depth=12, estimator__num_leaves=6, estimator__subsample=0.001; total time=   0.3s
[CV] END estimator__learning_rate=0.39, estimator__max_depth=12, estimator__num_leaves=6, estimator__subsample=0.2; total time=   0.3s
[CV] END estimator__learning_rate=0.39, estimator__max_depth=12, estimator__num_leaves=8, estimator__subsample=0.1; total time=   0.4s
[CV] END estimator__learning_rate=0.39, estimator__max_depth=12, estimator__num_leaves=10, estimator__subsample=0.01; total time=   0.5s
[CV] END estimator__learning_rate=0.39, estimator__max_depth=12, estimator__num_leaves=31, estimator__subsample=0.01; total time=   1.3s
[CV] END estimator__learning_rate=0.39, estimator__max_depth=13, estimator__num_leaves=6, estimator__subsample=0.1; total time=   0.3s
[CV] END estimator__learning_rate=0.39, estimator__max_depth=13, estimator__num_leaves=6, estimator__subsample=0.1; total time=   0.3s
[CV] END estimator__learning_rate=0.39, estimator__max_depth=13, estimator__num_leaves=10, estimator__subsample=0.2; total time=   0.5s
[CV] END estimator__learning_rate=0.39, estimator__max_depth=13, estimator__num_leaves=10, estimator__subsample=0.2; total time=   0.6s
[CV] END estimator__learning_rate=0.39, estimator__max_depth=14, estimator__num_leaves=6, estimator__subsample=0.01; total time=   0.3s
[CV] END estimator__learning_rate=0.39, estimator__max_depth=14, estimator__num_leaves=6, estimator__subsample=0.01; total time=   0.3s
[CV] END estimator__learning_rate=0.39, estimator__max_depth=14, estimator__num_leaves=8, estimator__subsample=0.1; total time=   0.4s
[CV] END estimator__learning_rate=0.39, estimator__max_depth=14, estimator__num_leaves=8, estimator__subsample=0.2; total time=   0.4s
[CV] END estimator__learning_rate=0.39, estimator__max_depth=14, estimator__num_leaves=31, estimator__subsample=0.1; total time=   1.3s
[CV] END estimator__learning_rate=0.39, estimator__max_depth=14, estimator__num_leaves=31, estimator__subsample=0.1; total time=   1.3s
[CV] END estimator__learning_rate=0.58, estimator__max_depth=10, estimator__num_leaves=31, estimator__subsample=0.001; total time=   1.2s
[CV] END estimator__learning_rate=0.58, estimator__max_depth=11, estimator__num_leaves=4, estimator__subsample=0.01; total time=   0.2s
[CV] END estimator__learning_rate=0.58, estimator__max_depth=11, estimator__num_leaves=4, estimator__subsample=0.01; total time=   0.2s
[CV] END estimator__learning_rate=0.58, estimator__max_depth=11, estimator__num_leaves=8, estimator__subsample=0.1; total time=   0.4s
[CV] END estimator__learning_rate=0.58, estimator__max_depth=11, estimator__num_leaves=8, estimator__subsample=0.2; total time=   0.4s
[CV] END estimator__learning_rate=0.58, estimator__max_depth=11, estimator__num_leaves=31, estimator__subsample=0.2; total time=   1.3s
[CV] END estimator__learning_rate=0.58, estimator__max_depth=11, estimator__num_leaves=31, estimator__subsample=0.2; total time=   1.3s
[CV] END estimator__learning_rate=0.58, estimator__max_depth=13, estimator__num_leaves=2, estimator__subsample=0.001; total time=   0.0s
[CV] END estimator__learning_rate=0.58, estimator__max_depth=13, estimator__num_leaves=2, estimator__subsample=0.01; total time=   0.0s
[CV] END estimator__learning_rate=0.58, estimator__max_depth=13, estimator__num_leaves=2, estimator__subsample=0.1; total time=   0.0s
[CV] END estimator__learning_rate=0.58, estimator__max_depth=13, estimator__num_leaves=2, estimator__subsample=0.1; total time=   0.0s
[CV] END estimator__learning_rate=0.58, estimator__max_depth=13, estimator__num_leaves=4, estimator__subsample=0.01; total time=   0.2s
[CV] END estimator__learning_rate=0.58, estimator__max_depth=13, estimator__num_leaves=4, estimator__subsample=0.1; total time=   0.2s
[CV] END estimator__learning_rate=0.58, estimator__max_depth=13, estimator__num_leaves=6, estimator__subsample=0.01; total time=   0.3s
[CV] END estimator__learning_rate=0.58, estimator__max_depth=13, estimator__num_leaves=8, estimator__subsample=0.001; total time=   0.4s
[CV] END estimator__learning_rate=0.58, estimator__max_depth=13, estimator__num_leaves=8, estimator__subsample=0.2; total time=   0.4s
[CV] END estimator__learning_rate=0.58, estimator__max_depth=13, estimator__num_leaves=10, estimator__subsample=0.1; total time=   0.5s
[CV] END estimator__learning_rate=0.58, estimator__max_depth=13, estimator__num_leaves=31, estimator__subsample=0.1; total time=   1.3s
[CV] END estimator__learning_rate=0.58, estimator__max_depth=14, estimator__num_leaves=8, estimator__subsample=0.001; total time=   0.4s
[CV] END estimator__learning_rate=0.58, estimator__max_depth=14, estimator__num_leaves=8, estimator__subsample=0.001; total time=   0.4s
[CV] END estimator__learning_rate=0.58, estimator__max_depth=14, estimator__num_leaves=31, estimator__subsample=0.01; total time=   1.3s
[CV] END estimator__learning_rate=0.58, estimator__max_depth=14, estimator__num_leaves=31, estimator__subsample=0.01; total time=   1.3s
[CV] END estimator__learning_rate=0.77, estimator__max_depth=10, estimator__num_leaves=31, estimator__subsample=0.2; total time=   1.3s
[CV] END estimator__learning_rate=0.77, estimator__max_depth=10, estimator__num_leaves=31, estimator__subsample=0.2; total time=   1.2s
[CV] END estimator__learning_rate=0.77, estimator__max_depth=11, estimator__num_leaves=31, estimator__subsample=0.001; total time=   1.2s
[CV] END estimator__learning_rate=0.77, estimator__max_depth=12, estimator__num_leaves=4, estimator__subsample=0.2; total time=   0.2s
[CV] END estimator__learning_rate=0.77, estimator__max_depth=12, estimator__num_leaves=4, estimator__subsample=0.2; total time=   0.2s
[CV] END estimator__learning_rate=0.77, estimator__max_depth=12, estimator__num_leaves=10, estimator__subsample=0.01; total time=   0.6s
[CV] END estimator__learning_rate=0.77, estimator__max_depth=12, estimator__num_leaves=10, estimator__subsample=0.01; total time=   0.5s[CV] END estimator__learning_rate=0.01, estimator__max_depth=10, estimator__num_leaves=2, estimator__subsample=0.01; total time=   3.7s
[CV] END estimator__learning_rate=0.01, estimator__max_depth=10, estimator__num_leaves=4, estimator__subsample=0.2; total time=   0.0s
[CV] END estimator__learning_rate=0.01, estimator__max_depth=10, estimator__num_leaves=6, estimator__subsample=0.001; total time=   0.1s
[CV] END estimator__learning_rate=0.01, estimator__max_depth=10, estimator__num_leaves=6, estimator__subsample=0.01; total time=   0.1s
[CV] END estimator__learning_rate=0.01, estimator__max_depth=10, estimator__num_leaves=6, estimator__subsample=0.2; total time=   0.2s
[CV] END estimator__learning_rate=0.01, estimator__max_depth=10, estimator__num_leaves=8, estimator__subsample=0.01; total time=   0.6s
[CV] END estimator__learning_rate=0.01, estimator__max_depth=10, estimator__num_leaves=10, estimator__subsample=0.1; total time=   0.6s
[CV] END estimator__learning_rate=0.01, estimator__max_depth=11, estimator__num_leaves=2, estimator__subsample=0.001; total time=   0.0s
[CV] END estimator__learning_rate=0.01, estimator__max_depth=11, estimator__num_leaves=2, estimator__subsample=0.001; total time=   0.0s
[CV] END estimator__learning_rate=0.01, estimator__max_depth=11, estimator__num_leaves=2, estimator__subsample=0.01; total time=   0.0s
[CV] END estimator__learning_rate=0.01, estimator__max_depth=11, estimator__num_leaves=2, estimator__subsample=0.1; total time=   0.0s
[CV] END estimator__learning_rate=0.01, estimator__max_depth=11, estimator__num_leaves=2, estimator__subsample=0.2; total time=   0.0s
[CV] END estimator__learning_rate=0.01, estimator__max_depth=11, estimator__num_leaves=4, estimator__subsample=0.001; total time=   0.2s
[CV] END estimator__learning_rate=0.01, estimator__max_depth=11, estimator__num_leaves=4, estimator__subsample=0.1; total time=   0.2s
[CV] END estimator__learning_rate=0.01, estimator__max_depth=11, estimator__num_leaves=4, estimator__subsample=0.1; total time=   0.2s
[CV] END estimator__learning_rate=0.01, estimator__max_depth=11, estimator__num_leaves=8, estimator__subsample=0.2; total time=   0.4s
[CV] END estimator__learning_rate=0.01, estimator__max_depth=11, estimator__num_leaves=8, estimator__subsample=0.2; total time=   0.4s
[CV] END estimator__learning_rate=0.01, estimator__max_depth=12, estimator__num_leaves=2, estimator__subsample=0.01; total time=   0.0s
[CV] END estimator__learning_rate=0.01, estimator__max_depth=12, estimator__num_leaves=2, estimator__subsample=0.01; total time=   0.0s
[CV] END estimator__learning_rate=0.01, estimator__max_depth=12, estimator__num_leaves=2, estimator__subsample=0.1; total time=   0.0s
[CV] END estimator__learning_rate=0.01, estimator__max_depth=12, estimator__num_leaves=2, estimator__subsample=0.2; total time=   0.0s
[CV] END estimator__learning_rate=0.01, estimator__max_depth=12, estimator__num_leaves=4, estimator__subsample=0.1; total time=   0.2s
[CV] END estimator__learning_rate=0.01, estimator__max_depth=12, estimator__num_leaves=4, estimator__subsample=0.1; total time=   0.2s
[CV] END estimator__learning_rate=0.01, estimator__max_depth=12, estimator__num_leaves=6, estimator__subsample=0.2; total time=   0.3s
[CV] END estimator__learning_rate=0.01, estimator__max_depth=12, estimator__num_leaves=6, estimator__subsample=0.2; total time=   0.3s
[CV] END estimator__learning_rate=0.01, estimator__max_depth=12, estimator__num_leaves=10, estimator__subsample=0.01; total time=   0.5s
[CV] END estimator__learning_rate=0.01, estimator__max_depth=12, estimator__num_leaves=10, estimator__subsample=0.01; total time=   0.6s
[CV] END estimator__learning_rate=0.01, estimator__max_depth=13, estimator__num_leaves=4, estimator__subsample=0.001; total time=   0.2s
[CV] END estimator__learning_rate=0.01, estimator__max_depth=13, estimator__num_leaves=4, estimator__subsample=0.001; total time=   0.2s
[CV] END estimator__learning_rate=0.01, estimator__max_depth=13, estimator__num_leaves=6, estimator__subsample=0.001; total time=   0.3s
[CV] END estimator__learning_rate=0.01, estimator__max_depth=13, estimator__num_leaves=6, estimator__subsample=0.2; total time=   0.3s
[CV] END estimator__learning_rate=0.01, estimator__max_depth=13, estimator__num_leaves=8, estimator__subsample=0.1; total time=   0.4s
[CV] END estimator__learning_rate=0.01, estimator__max_depth=13, estimator__num_leaves=10, estimator__subsample=0.01; total time=   0.5s
[CV] END estimator__learning_rate=0.01, estimator__max_depth=13, estimator__num_leaves=31, estimator__subsample=0.01; total time=   1.2s
[CV] END estimator__learning_rate=0.01, estimator__max_depth=14, estimator__num_leaves=6, estimator__subsample=0.001; total time=   0.3s
[CV] END estimator__learning_rate=0.01, estimator__max_depth=14, estimator__num_leaves=6, estimator__subsample=0.001; total time=   0.3s
[CV] END estimator__learning_rate=0.01, estimator__max_depth=14, estimator__num_leaves=10, estimator__subsample=0.1; total time=   0.6s
[CV] END estimator__learning_rate=0.01, estimator__max_depth=14, estimator__num_leaves=10, estimator__subsample=0.1; total time=   0.7s
[CV] END estimator__learning_rate=0.2, estimator__max_depth=10, estimator__num_leaves=6, estimator__subsample=0.01; total time=   0.3s
[CV] END estimator__learning_rate=0.2, estimator__max_depth=10, estimator__num_leaves=6, estimator__subsample=0.01; total time=   0.3s
[CV] END estimator__learning_rate=0.2, estimator__max_depth=10, estimator__num_leaves=8, estimator__subsample=0.1; total time=   0.4s
[CV] END estimator__learning_rate=0.2, estimator__max_depth=10, estimator__num_leaves=8, estimator__subsample=0.2; total time=   0.4s
[CV] END estimator__learning_rate=0.2, estimator__max_depth=10, estimator__num_leaves=31, estimator__subsample=0.1; total time=   1.2s
[CV] END estimator__learning_rate=0.2, estimator__max_depth=10, estimator__num_leaves=31, estimator__subsample=0.1; total time=   1.2s
[CV] END estimator__learning_rate=0.2, estimator__max_depth=11, estimator__num_leaves=10, estimator__subsample=0.2; total time=   0.5s
[CV] END estimator__learning_rate=0.2, estimator__max_depth=11, estimator__num_leaves=31, estimator__subsample=0.2; total time=   1.3s
[CV] END estimator__learning_rate=0.2, estimator__max_depth=12, estimator__num_leaves=8, estimator__subsample=0.1; total time=   0.5s
[CV] END estimator__learning_rate=0.2, estimator__max_depth=12, estimator__num_leaves=8, estimator__subsample=0.1; total time=   0.4s
[CV] END estimator__learning_rate=0.2, estimator__max_depth=13, estimator__num_leaves=2, estimator__subsample=0.001; total time=   0.0s
[CV] END estimator__learning_rate=0.2, estimator__max_depth=13, estimator__num_leaves=2, estimator__subsample=0.01; total time=   0.0s
[CV] END estimator__learning_rate=0.2, estimator__max_depth=13, estimator__num_leaves=2, estimator__subsample=0.2; total time=   0.0s
[CV] END estimator__learning_rate=0.2, estimator__max_depth=13, estimator__num_leaves=2, estimator__subsample=0.2; total time=   0.0s
[CV] END estimator__learning_rate=0.2, estimator__max_depth=13, estimator__num_leaves=4, estimator__subsample=0.1; total time=   0.2s
[CV] END estimator__learning_rate=0.2, estimator__max_depth=13, estimator__num_leaves=4, estimator__subsample=0.2; total time=   0.2s
[CV] END estimator__learning_rate=0.2, estimator__max_depth=13, estimator__num_leaves=8, estimator__subsample=0.001; total time=   0.4s
[CV] END estimator__learning_rate=0.2, estimator__max_depth=13, estimator__num_leaves=8, estimator__subsample=0.001; total time=   0.4s
[CV] END estimator__learning_rate=0.2, estimator__max_depth=13, estimator__num_leaves=10, estimator__subsample=0.01; total time=   0.5s
[CV] END estimator__learning_rate=0.2, estimator__max_depth=13, estimator__num_leaves=10, estimator__subsample=0.01; total time=   0.6s
[CV] END estimator__learning_rate=0.2, estimator__max_depth=14, estimator__num_leaves=4, estimator__subsample=0.1; total time=   0.2s
[CV] END estimator__learning_rate=0.2, estimator__max_depth=14, estimator__num_leaves=6, estimator__subsample=0.001; total time=   0.3s
[CV] END estimator__learning_rate=0.2, estimator__max_depth=14, estimator__num_leaves=6, estimator__subsample=0.2; total time=   0.3s
[CV] END estimator__learning_rate=0.2, estimator__max_depth=14, estimator__num_leaves=8, estimator__subsample=0.1; total time=   0.4s
[CV] END estimator__learning_rate=0.2, estimator__max_depth=14, estimator__num_leaves=10, estimator__subsample=0.01; total time=   0.5s
[CV] END estimator__learning_rate=0.2, estimator__max_depth=14, estimator__num_leaves=31, estimator__subsample=0.1; total time=   1.3s
[CV] END estimator__learning_rate=0.39, estimator__max_depth=10, estimator__num_leaves=6, estimator__subsample=0.1; total time=   0.3s
[CV] END estimator__learning_rate=0.39, estimator__max_depth=10, estimator__num_leaves=6, estimator__subsample=0.2; total time=   0.3s
[CV] END estimator__learning_rate=0.39, estimator__max_depth=10, estimator__num_leaves=31, estimator__subsample=0.001; total time=   1.2s
[CV] END estimator__learning_rate=0.39, estimator__max_depth=10, estimator__num_leaves=31, estimator__subsample=0.001; total time=   1.2s
[CV] END estimator__learning_rate=0.39, estimator__max_depth=11, estimator__num_leaves=10, estimator__subsample=0.1; total time=   0.5s
[CV] END estimator__learning_rate=0.39, estimator__max_depth=11, estimator__num_leaves=10, estimator__subsample=0.1; total time=   0.6s
[CV] END estimator__learning_rate=0.39, estimator__max_depth=12, estimator__num_leaves=4, estimator__subsample=0.1; total time=   0.2s
[CV] END estimator__learning_rate=0.39, estimator__max_depth=12, estimator__num_leaves=6, estimator__subsample=0.01; total time=   0.3s
[CV] END estimator__learning_rate=0.39, estimator__max_depth=12, estimator__num_leaves=6, estimator__subsample=0.2; total time=   0.3s
[CV] END estimator__learning_rate=0.39, estimator__max_depth=12, estimator__num_leaves=8, estimator__subsample=0.1; total time=   0.4s
[CV] END estimator__learning_rate=0.39, estimator__max_depth=12, estimator__num_leaves=10, estimator__subsample=0.01; total time=   0.5s
[CV] END estimator__learning_rate=0.39, estimator__max_depth=12, estimator__num_leaves=31, estimator__subsample=0.1; total time=   1.3s
[CV] END estimator__learning_rate=0.39, estimator__max_depth=13, estimator__num_leaves=6, estimator__subsample=0.1; total time=   0.3s
[CV] END estimator__learning_rate=0.39, estimator__max_depth=13, estimator__num_leaves=6, estimator__subsample=0.2; total time=   0.3s
[CV] END estimator__learning_rate=0.39, estimator__max_depth=13, estimator__num_leaves=31, estimator__subsample=0.001; total time=   1.3s
[CV] END estimator__learning_rate=0.39, estimator__max_depth=13, estimator__num_leaves=31, estimator__subsample=0.001; total time=   1.3s
[CV] END estimator__learning_rate=0.39, estimator__max_depth=14, estimator__num_leaves=10, estimator__subsample=0.2; total time=   0.5s
[CV] END estimator__learning_rate=0.39, estimator__max_depth=14, estimator__num_leaves=10, estimator__subsample=0.2; total time=   0.7s
[CV] END estimator__learning_rate=0.58, estimator__max_depth=10, estimator__num_leaves=6, estimator__subsample=0.01; total time=   0.3s
[CV] END estimator__learning_rate=0.58, estimator__max_depth=10, estimator__num_leaves=8, estimator__subsample=0.001; total time=   0.4s
[CV] END estimator__learning_rate=0.58, estimator__max_depth=10, estimator__num_leaves=8, estimator__subsample=0.2; total time=   0.4s
[CV] END estimator__learning_rate=0.58, estimator__max_depth=10, estimator__num_leaves=10, estimator__subsample=0.1; total time=   0.5s
[CV] END estimator__learning_rate=0.58, estimator__max_depth=10, estimator__num_leaves=31, estimator__subsample=0.1; total time=   1.2s
[CV] END estimator__learning_rate=0.58, estimator__max_depth=11, estimator__num_leaves=8, estimator__subsample=0.001; total time=   0.4s
[CV] END estimator__learning_rate=0.58, estimator__max_depth=11, estimator__num_leaves=8, estimator__subsample=0.001; total time=   0.4s
[CV] END estimator__learning_rate=0.58, estimator__max_depth=11, estimator__num_leaves=31, estimator__subsample=0.1; total time=   1.3s
[CV] END estimator__learning_rate=0.58, estimator__max_depth=11, estimator__num_leaves=31, estimator__subsample=0.1; total time=   1.3s
[CV] END estimator__learning_rate=0.58, estimator__max_depth=12, estimator__num_leaves=31, estimator__subsample=0.1; total time=   1.3s
[CV] END estimator__learning_rate=0.58, estimator__max_depth=12, estimator__num_leaves=31, estimator__subsample=0.2; total time=   1.3s
[CV] END estimator__learning_rate=0.58, estimator__max_depth=13, estimator__num_leaves=31, estimator__subsample=0.001; total time=   1.3s
[CV] END estimator__learning_rate=0.58, estimator__max_depth=14, estimator__num_leaves=4, estimator__subsample=0.1; total time=   0.2s
[CV] END estimator__learning_rate=0.58, estimator__max_depth=14, estimator__num_leaves=4, estimator__subsample=0.1; total time=   0.2s
[CV] END estimator__learning_rate=0.58, estimator__max_depth=14, estimator__num_leaves=8, estimator__subsample=0.2; total time=   0.4s
[CV] END estimator__learning_rate=0.58, estimator__max_depth=14, estimator__num_leaves=8, estimator__subsample=0.2; total time=   0.4s
[CV] END estimator__learning_rate=0.77, estimator__max_depth=10, estimator__num_leaves=2, estimator__subsample=0.01; total time=   0.0s
[CV] END estimator__learning_rate=0.77, estimator__max_depth=10, estimator__num_leaves=2, estimator__subsample=0.01; total time=   0.0s
[CV] END estimator__learning_rate=0.77, estimator__max_depth=10, estimator__num_leaves=2, estimator__subsample=0.1; total time=   0.0s
[CV] END estimator__learning_rate=0.77, estimator__max_depth=10, estimator__num_leaves=2, estimator__subsample=0.2; total time=   0.0s
[CV] END estimator__learning_rate=0.77, estimator__max_depth=10, estimator__num_leaves=4, estimator__subsample=0.1; total time=   0.2s
[CV] END estimator__learning_rate=0.77, estimator__max_depth=10, estimator__num_leaves=4, estimator__subsample=0.1; total time=   0.2s
[CV] END estimator__learning_rate=0.77, estimator__max_depth=10, estimator__num_leaves=6, estimator__subsample=0.2; total time=   0.3s
[CV] END estimator__learning_rate=0.77, estimator__max_depth=10, estimator__num_leaves=6, estimator__subsample=0.2; total time=   0.3s
[CV] END estimator__learning_rate=0.77, estimator__max_depth=10, estimator__num_leaves=10, estimator__subsample=0.01; total time=   0.5s
[CV] END estimator__learning_rate=0.77, estimator__max_depth=10, estimator__num_leaves=10, estimator__subsample=0.01; total time=   0.6s
[CV] END estimator__learning_rate=0.77, estimator__max_depth=11, estimator__num_leaves=4, estimator__subsample=0.001; total time=   0.2s
[CV] END estimator__learning_rate=0.77, estimator__max_depth=11, estimator__num_leaves=4, estimator__subsample=0.001; total time=   0.2s
[CV] END estimator__learning_rate=0.77, estimator__max_depth=11, estimator__num_leaves=6, estimator__subsample=0.001; total time=   0.3s
[CV] END estimator__learning_rate=0.77, estimator__max_depth=11, estimator__num_leaves=6, estimator__subsample=0.2; total time=   0.3s
[CV] END estimator__learning_rate=0.77, estimator__max_depth=11, estimator__num_leaves=8, estimator__subsample=0.1; total time=   0.4s
[CV] END estimator__learning_rate=0.77, estimator__max_depth=11, estimator__num_leaves=10, estimator__subsample=0.01; total time=   0.5s
[CV] END estimator__learning_rate=0.77, estimator__max_depth=11, estimator__num_leaves=31, estimator__subsample=0.01; total time=   1.2s
[CV] END estimator__learning_rate=0.77, estimator__max_depth=12, estimator__num_leaves=6, estimator__subsample=0.001; total time=   0.3s
[CV] END estimator__learning_rate=0.77, estimator__max_depth=12, estimator__num_leaves=6, estimator__subsample=0.01; total time=   0.3s
[CV] END estimator__learning_rate=0.77, estimator__max_depth=12, estimator__num_leaves=10, estimator__subsample=0.1; total time=   0.5s
[CV] END estimator__learning_rate=0.77, estimator__max_depth=12, estimator__num_leaves=10, estimator__subsample=0.1; total time=   0.7s
[CV] END estimator__learning_rate=0.77, estimator__max_depth=13, estimator__num_leaves=6, estimator__subsample=0.1; total time=   0.3s
[CV] END estimator__learning_rate=0.39, estimator__max_depth=13, estimator__num_leaves=10, estimator__subsample=0.001; total time=   0.6s
[CV] END estimator__learning_rate=0.39, estimator__max_depth=13, estimator__num_leaves=10, estimator__subsample=0.01; total time=   0.5s
[CV] END estimator__learning_rate=0.39, estimator__max_depth=14, estimator__num_leaves=4, estimator__subsample=0.001; total time=   0.2s
[CV] END estimator__learning_rate=0.39, estimator__max_depth=14, estimator__num_leaves=4, estimator__subsample=0.001; total time=   0.2s
[CV] END estimator__learning_rate=0.39, estimator__max_depth=14, estimator__num_leaves=6, estimator__subsample=0.01; total time=   0.3s
[CV] END estimator__learning_rate=0.39, estimator__max_depth=14, estimator__num_leaves=6, estimator__subsample=0.01; total time=   0.3s
[CV] END estimator__learning_rate=0.39, estimator__max_depth=14, estimator__num_leaves=8, estimator__subsample=0.2; total time=   0.4s
[CV] END estimator__learning_rate=0.39, estimator__max_depth=14, estimator__num_leaves=8, estimator__subsample=0.2; total time=   0.4s
[CV] END estimator__learning_rate=0.39, estimator__max_depth=14, estimator__num_leaves=31, estimator__subsample=0.1; total time=   1.4s
[CV] END estimator__learning_rate=0.39, estimator__max_depth=14, estimator__num_leaves=31, estimator__subsample=0.1; total time=   1.3s
[CV] END estimator__learning_rate=0.58, estimator__max_depth=10, estimator__num_leaves=31, estimator__subsample=0.001; total time=   1.2s
[CV] END estimator__learning_rate=0.58, estimator__max_depth=11, estimator__num_leaves=4, estimator__subsample=0.1; total time=   0.2s
[CV] END estimator__learning_rate=0.58, estimator__max_depth=11, estimator__num_leaves=4, estimator__subsample=0.1; total time=   0.2s
[CV] END estimator__learning_rate=0.58, estimator__max_depth=11, estimator__num_leaves=8, estimator__subsample=0.2; total time=   0.4s
[CV] END estimator__learning_rate=0.58, estimator__max_depth=11, estimator__num_leaves=8, estimator__subsample=0.2; total time=   0.4s
[CV] END estimator__learning_rate=0.58, estimator__max_depth=12, estimator__num_leaves=2, estimator__subsample=0.01; total time=   0.0s
[CV] END estimator__learning_rate=0.58, estimator__max_depth=12, estimator__num_leaves=2, estimator__subsample=0.01; total time=   0.0s
[CV] END estimator__learning_rate=0.58, estimator__max_depth=12, estimator__num_leaves=2, estimator__subsample=0.1; total time=   0.0s
[CV] END estimator__learning_rate=0.58, estimator__max_depth=12, estimator__num_leaves=2, estimator__subsample=0.2; total time=   0.0s
[CV] END estimator__learning_rate=0.58, estimator__max_depth=12, estimator__num_leaves=4, estimator__subsample=0.1; total time=   0.2s
[CV] END estimator__learning_rate=0.58, estimator__max_depth=12, estimator__num_leaves=4, estimator__subsample=0.1; total time=   0.2s
[CV] END estimator__learning_rate=0.58, estimator__max_depth=12, estimator__num_leaves=6, estimator__subsample=0.2; total time=   0.3s
[CV] END estimator__learning_rate=0.58, estimator__max_depth=12, estimator__num_leaves=6, estimator__subsample=0.2; total time=   0.3s
[CV] END estimator__learning_rate=0.58, estimator__max_depth=12, estimator__num_leaves=10, estimator__subsample=0.01; total time=   0.5s
[CV] END estimator__learning_rate=0.58, estimator__max_depth=12, estimator__num_leaves=10, estimator__subsample=0.01; total time=   0.6s
[CV] END estimator__learning_rate=0.58, estimator__max_depth=13, estimator__num_leaves=4, estimator__subsample=0.001; total time=   0.2s
[CV] END estimator__learning_rate=0.58, estimator__max_depth=13, estimator__num_leaves=4, estimator__subsample=0.001; total time=   0.2s
[CV] END estimator__learning_rate=0.58, estimator__max_depth=13, estimator__num_leaves=6, estimator__subsample=0.001; total time=   0.3s
[CV] END estimator__learning_rate=0.58, estimator__max_depth=13, estimator__num_leaves=6, estimator__subsample=0.2; total time=   0.3s
[CV] END estimator__learning_rate=0.58, estimator__max_depth=13, estimator__num_leaves=8, estimator__subsample=0.1; total time=   0.4s
[CV] END estimator__learning_rate=0.58, estimator__max_depth=13, estimator__num_leaves=10, estimator__subsample=0.001; total time=   0.5s
[CV] END estimator__learning_rate=0.58, estimator__max_depth=13, estimator__num_leaves=31, estimator__subsample=0.01; total time=   1.3s
[CV] END estimator__learning_rate=0.58, estimator__max_depth=14, estimator__num_leaves=6, estimator__subsample=0.01; total time=   0.3s
[CV] END estimator__learning_rate=0.58, estimator__max_depth=14, estimator__num_leaves=6, estimator__subsample=0.01; total time=   0.3s
[CV] END estimator__learning_rate=0.58, estimator__max_depth=14, estimator__num_leaves=10, estimator__subsample=0.2; total time=   0.6s
[CV] END estimator__learning_rate=0.58, estimator__max_depth=14, estimator__num_leaves=10, estimator__subsample=0.2; total time=   0.6s
[CV] END estimator__learning_rate=0.77, estimator__max_depth=10, estimator__num_leaves=6, estimator__subsample=0.001; total time=   0.3s
[CV] END estimator__learning_rate=0.77, estimator__max_depth=10, estimator__num_leaves=6, estimator__subsample=0.01; total time=   0.3s
[CV] END estimator__learning_rate=0.77, estimator__max_depth=10, estimator__num_leaves=8, estimator__subsample=0.1; total time=   0.4s
[CV] END estimator__learning_rate=0.77, estimator__max_depth=10, estimator__num_leaves=8, estimator__subsample=0.1; total time=   0.4s
[CV] END estimator__learning_rate=0.77, estimator__max_depth=10, estimator__num_leaves=31, estimator__subsample=0.01; total time=   1.3s
[CV] END estimator__learning_rate=0.77, estimator__max_depth=10, estimator__num_leaves=31, estimator__subsample=0.01; total time=   1.2s
[CV] END estimator__learning_rate=0.77, estimator__max_depth=11, estimator__num_leaves=10, estimator__subsample=0.2; total time=   0.5s
[CV] END estimator__learning_rate=0.77, estimator__max_depth=12, estimator__num_leaves=2, estimator__subsample=0.001; total time=   0.0s
[CV] END estimator__learning_rate=0.77, estimator__max_depth=12, estimator__num_leaves=2, estimator__subsample=0.001; total time=   0.0s
[CV] END estimator__learning_rate=0.77, estimator__max_depth=12, estimator__num_leaves=2, estimator__subsample=0.01; total time=   0.0s
[CV] END estimator__learning_rate=0.77, estimator__max_depth=12, estimator__num_leaves=2, estimator__subsample=0.1; total time=   0.0s
[CV] END estimator__learning_rate=0.77, estimator__max_depth=12, estimator__num_leaves=2, estimator__subsample=0.2; total time=   0.0s
[CV] END estimator__learning_rate=0.77, estimator__max_depth=12, estimator__num_leaves=4, estimator__subsample=0.001; total time=   0.1s
[CV] END estimator__learning_rate=0.77, estimator__max_depth=12, estimator__num_leaves=4, estimator__subsample=0.01; total time=   0.2s
[CV] END estimator__learning_rate=0.77, estimator__max_depth=12, estimator__num_leaves=4, estimator__subsample=0.01; total time=   0.2s
[CV] END estimator__learning_rate=0.77, estimator__max_depth=12, estimator__num_leaves=8, estimator__subsample=0.1; total time=   0.5s
[CV] END estimator__learning_rate=0.77, estimator__max_depth=12, estimator__num_leaves=8, estimator__subsample=0.1; total time=   0.4s
[CV] END estimator__learning_rate=0.77, estimator__max_depth=13, estimator__num_leaves=2, estimator__subsample=0.01; total time=   0.0s
[CV] END estimator__learning_rate=0.77, estimator__max_depth=13, estimator__num_leaves=2, estimator__subsample=0.01; total time=   0.0s
[CV] END estimator__learning_rate=0.77, estimator__max_depth=13, estimator__num_leaves=4, estimator__subsample=0.001; total time=   0.2s
[CV] END estimator__learning_rate=0.77, estimator__max_depth=13, estimator__num_leaves=4, estimator__subsample=0.001; total time=   0.2s
[CV] END estimator__learning_rate=0.77, estimator__max_depth=13, estimator__num_leaves=6, estimator__subsample=0.01; total time=   0.3s
[CV] END estimator__learning_rate=0.77, estimator__max_depth=13, estimator__num_leaves=6, estimator__subsample=0.01; total time=   0.3s
[CV] END estimator__learning_rate=0.77, estimator__max_depth=13, estimator__num_leaves=8, estimator__subsample=0.1; total time=   0.4s
[CV] END estimator__learning_rate=0.39, estimator__max_depth=14, estimator__num_leaves=2, estimator__subsample=0.01; total time=   0.0s
[CV] END estimator__learning_rate=0.39, estimator__max_depth=14, estimator__num_leaves=4, estimator__subsample=0.001; total time=   0.1s
[CV] END estimator__learning_rate=0.39, estimator__max_depth=14, estimator__num_leaves=4, estimator__subsample=0.01; total time=   0.2s
[CV] END estimator__learning_rate=0.39, estimator__max_depth=14, estimator__num_leaves=6, estimator__subsample=0.1; total time=   0.4s
[CV] END estimator__learning_rate=0.39, estimator__max_depth=14, estimator__num_leaves=6, estimator__subsample=0.1; total time=   0.3s
[CV] END estimator__learning_rate=0.39, estimator__max_depth=14, estimator__num_leaves=10, estimator__subsample=0.01; total time=   0.5s
[CV] END estimator__learning_rate=0.39, estimator__max_depth=14, estimator__num_leaves=10, estimator__subsample=0.01; total time=   0.6s
[CV] END estimator__learning_rate=0.58, estimator__max_depth=10, estimator__num_leaves=4, estimator__subsample=0.001; total time=   0.2s
[CV] END estimator__learning_rate=0.58, estimator__max_depth=10, estimator__num_leaves=4, estimator__subsample=0.001; total time=   0.2s
[CV] END estimator__learning_rate=0.58, estimator__max_depth=10, estimator__num_leaves=6, estimator__subsample=0.001; total time=   0.3s
[CV] END estimator__learning_rate=0.58, estimator__max_depth=10, estimator__num_leaves=6, estimator__subsample=0.2; total time=   0.3s
[CV] END estimator__learning_rate=0.58, estimator__max_depth=10, estimator__num_leaves=8, estimator__subsample=0.1; total time=   0.4s
[CV] END estimator__learning_rate=0.58, estimator__max_depth=10, estimator__num_leaves=10, estimator__subsample=0.01; total time=   0.5s
[CV] END estimator__learning_rate=0.58, estimator__max_depth=10, estimator__num_leaves=31, estimator__subsample=0.01; total time=   1.2s
[CV] END estimator__learning_rate=0.58, estimator__max_depth=11, estimator__num_leaves=6, estimator__subsample=0.1; total time=   0.3s
[CV] END estimator__learning_rate=0.58, estimator__max_depth=11, estimator__num_leaves=6, estimator__subsample=0.1; total time=   0.3s
[CV] END estimator__learning_rate=0.58, estimator__max_depth=11, estimator__num_leaves=10, estimator__subsample=0.2; total time=   0.5s
[CV] END estimator__learning_rate=0.58, estimator__max_depth=11, estimator__num_leaves=10, estimator__subsample=0.2; total time=   0.6s
[CV] END estimator__learning_rate=0.58, estimator__max_depth=12, estimator__num_leaves=6, estimator__subsample=0.01; total time=   0.3s
[CV] END estimator__learning_rate=0.58, estimator__max_depth=12, estimator__num_leaves=6, estimator__subsample=0.01; total time=   0.3s
[CV] END estimator__learning_rate=0.58, estimator__max_depth=12, estimator__num_leaves=8, estimator__subsample=0.1; total time=   0.4s
[CV] END estimator__learning_rate=0.58, estimator__max_depth=12, estimator__num_leaves=8, estimator__subsample=0.2; total time=   0.4s
[CV] END estimator__learning_rate=0.58, estimator__max_depth=12, estimator__num_leaves=31, estimator__subsample=0.01; total time=   1.3s
[CV] END estimator__learning_rate=0.58, estimator__max_depth=12, estimator__num_leaves=31, estimator__subsample=0.01; total time=   1.3s
[CV] END estimator__learning_rate=0.58, estimator__max_depth=13, estimator__num_leaves=10, estimator__subsample=0.2; total time=   0.5s
[CV] END estimator__learning_rate=0.58, estimator__max_depth=14, estimator__num_leaves=2, estimator__subsample=0.001; total time=   0.0s
[CV] END estimator__learning_rate=0.58, estimator__max_depth=14, estimator__num_leaves=2, estimator__subsample=0.01; total time=   0.0s
[CV] END estimator__learning_rate=0.58, estimator__max_depth=14, estimator__num_leaves=2, estimator__subsample=0.01; total time=   0.0s
[CV] END estimator__learning_rate=0.58, estimator__max_depth=14, estimator__num_leaves=2, estimator__subsample=0.1; total time=   0.0s
[CV] END estimator__learning_rate=0.58, estimator__max_depth=14, estimator__num_leaves=2, estimator__subsample=0.2; total time=   0.0s
[CV] END estimator__learning_rate=0.58, estimator__max_depth=14, estimator__num_leaves=4, estimator__subsample=0.001; total time=   0.1s
[CV] END estimator__learning_rate=0.58, estimator__max_depth=14, estimator__num_leaves=4, estimator__subsample=0.01; total time=   0.2s
[CV] END estimator__learning_rate=0.58, estimator__max_depth=14, estimator__num_leaves=4, estimator__subsample=0.01; total time=   0.2s
[CV] END estimator__learning_rate=0.58, estimator__max_depth=14, estimator__num_leaves=8, estimator__subsample=0.2; total time=   0.4s
[CV] END estimator__learning_rate=0.58, estimator__max_depth=14, estimator__num_leaves=8, estimator__subsample=0.2; total time=   0.4s
[CV] END estimator__learning_rate=0.77, estimator__max_depth=10, estimator__num_leaves=2, estimator__subsample=0.001; total time=   0.0s
[CV] END estimator__learning_rate=0.77, estimator__max_depth=10, estimator__num_leaves=2, estimator__subsample=0.01; total time=   0.0s
[CV] END estimator__learning_rate=0.77, estimator__max_depth=10, estimator__num_leaves=2, estimator__subsample=0.01; total time=   0.0s
[CV] END estimator__learning_rate=0.77, estimator__max_depth=10, estimator__num_leaves=2, estimator__subsample=0.01; total time=   0.0s
[CV] END estimator__learning_rate=0.77, estimator__max_depth=10, estimator__num_leaves=4, estimator__subsample=0.001; total time=   0.2s
[CV] END estimator__learning_rate=0.77, estimator__max_depth=10, estimator__num_leaves=4, estimator__subsample=0.01; total time=   0.2s
[CV] END estimator__learning_rate=0.77, estimator__max_depth=10, estimator__num_leaves=6, estimator__subsample=0.1; total time=   0.3s
[CV] END estimator__learning_rate=0.77, estimator__max_depth=10, estimator__num_leaves=6, estimator__subsample=0.1; total time=   0.3s
[CV] END estimator__learning_rate=0.77, estimator__max_depth=10, estimator__num_leaves=10, estimator__subsample=0.001; total time=   0.5s
[CV] END estimator__learning_rate=0.77, estimator__max_depth=10, estimator__num_leaves=10, estimator__subsample=0.001; total time=   0.6s
[CV] END estimator__learning_rate=0.77, estimator__max_depth=11, estimator__num_leaves=4, estimator__subsample=0.001; total time=   0.2s
[CV] END estimator__learning_rate=0.77, estimator__max_depth=11, estimator__num_leaves=4, estimator__subsample=0.001; total time=   0.2s
[CV] END estimator__learning_rate=0.77, estimator__max_depth=11, estimator__num_leaves=4, estimator__subsample=0.2; total time=   0.2s
[CV] END estimator__learning_rate=0.77, estimator__max_depth=11, estimator__num_leaves=6, estimator__subsample=0.1; total time=   0.3s
[CV] END estimator__learning_rate=0.77, estimator__max_depth=11, estimator__num_leaves=8, estimator__subsample=0.01; total time=   0.4s
[CV] END estimator__learning_rate=0.77, estimator__max_depth=11, estimator__num_leaves=10, estimator__subsample=0.001; total time=   0.5s
[CV] END estimator__learning_rate=0.77, estimator__max_depth=11, estimator__num_leaves=31, estimator__subsample=0.001; total time=   1.3s
[CV] END estimator__learning_rate=0.77, estimator__max_depth=12, estimator__num_leaves=6, estimator__subsample=0.001; total time=   0.3s
[CV] END estimator__learning_rate=0.77, estimator__max_depth=12, estimator__num_leaves=6, estimator__subsample=0.001; total time=   0.3s
[CV] END estimator__learning_rate=0.77, estimator__max_depth=12, estimator__num_leaves=10, estimator__subsample=0.1; total time=   0.5s
[CV] END estimator__learning_rate=0.77, estimator__max_depth=12, estimator__num_leaves=10, estimator__subsample=0.1; total time=   0.6s
[CV] END estimator__learning_rate=0.77, estimator__max_depth=13, estimator__num_leaves=4, estimator__subsample=0.2; total time=   0.2s
[CV] END estimator__learning_rate=0.77, estimator__max_depth=13, estimator__num_leaves=4, estimator__subsample=0.2; total time=   0.2s
[CV] END estimator__learning_rate=0.77, estimator__max_depth=13, estimator__num_leaves=8, estimator__subsample=0.01; total time=   0.4s
[CV] END estimator__learning_rate=0.77, estimator__max_depth=13, estimator__num_leaves=8, estimator__subsample=0.01; total time=   0.4s
[CV] END estimator__learning_rate=0.39, estimator__max_depth=12, estimator__num_leaves=31, estimator__subsample=0.001; total time=   1.3s
[CV] END estimator__learning_rate=0.39, estimator__max_depth=13, estimator__num_leaves=4, estimator__subsample=0.01; total time=   0.2s
[CV] END estimator__learning_rate=0.39, estimator__max_depth=13, estimator__num_leaves=4, estimator__subsample=0.01; total time=   0.2s
[CV] END estimator__learning_rate=0.39, estimator__max_depth=13, estimator__num_leaves=8, estimator__subsample=0.1; total time=   0.4s
[CV] END estimator__learning_rate=0.39, estimator__max_depth=13, estimator__num_leaves=8, estimator__subsample=0.1; total time=   0.4s
[CV] END estimator__learning_rate=0.39, estimator__max_depth=13, estimator__num_leaves=31, estimator__subsample=0.2; total time=   1.3s
[CV] END estimator__learning_rate=0.39, estimator__max_depth=13, estimator__num_leaves=31, estimator__subsample=0.2; total time=   1.3s
[CV] END estimator__learning_rate=0.58, estimator__max_depth=10, estimator__num_leaves=2, estimator__subsample=0.01; total time=   0.0s
[CV] END estimator__learning_rate=0.58, estimator__max_depth=10, estimator__num_leaves=2, estimator__subsample=0.01; total time=   0.0s
[CV] END estimator__learning_rate=0.58, estimator__max_depth=10, estimator__num_leaves=2, estimator__subsample=0.1; total time=   0.0s
[CV] END estimator__learning_rate=0.58, estimator__max_depth=10, estimator__num_leaves=2, estimator__subsample=0.2; total time=   0.0s
[CV] END estimator__learning_rate=0.58, estimator__max_depth=10, estimator__num_leaves=4, estimator__subsample=0.01; total time=   0.2s
[CV] END estimator__learning_rate=0.58, estimator__max_depth=10, estimator__num_leaves=4, estimator__subsample=0.2; total time=   0.2s
[CV] END estimator__learning_rate=0.58, estimator__max_depth=10, estimator__num_leaves=6, estimator__subsample=0.1; total time=   0.3s
[CV] END estimator__learning_rate=0.58, estimator__max_depth=10, estimator__num_leaves=8, estimator__subsample=0.001; total time=   0.4s
[CV] END estimator__learning_rate=0.58, estimator__max_depth=10, estimator__num_leaves=8, estimator__subsample=0.2; total time=   0.4s
[CV] END estimator__learning_rate=0.58, estimator__max_depth=10, estimator__num_leaves=10, estimator__subsample=0.1; total time=   0.5s
[CV] END estimator__learning_rate=0.58, estimator__max_depth=10, estimator__num_leaves=31, estimator__subsample=0.2; total time=   1.2s
[CV] END estimator__learning_rate=0.58, estimator__max_depth=11, estimator__num_leaves=8, estimator__subsample=0.001; total time=   0.4s
[CV] END estimator__learning_rate=0.58, estimator__max_depth=11, estimator__num_leaves=8, estimator__subsample=0.01; total time=   0.5s
[CV] END estimator__learning_rate=0.58, estimator__max_depth=12, estimator__num_leaves=2, estimator__subsample=0.001; total time=   0.0s
[CV] END estimator__learning_rate=0.58, estimator__max_depth=12, estimator__num_leaves=2, estimator__subsample=0.001; total time=   0.0s
[CV] END estimator__learning_rate=0.58, estimator__max_depth=12, estimator__num_leaves=2, estimator__subsample=0.1; total time=   0.0s
[CV] END estimator__learning_rate=0.58, estimator__max_depth=12, estimator__num_leaves=2, estimator__subsample=0.1; total time=   0.0s
[CV] END estimator__learning_rate=0.58, estimator__max_depth=12, estimator__num_leaves=4, estimator__subsample=0.01; total time=   0.2s
[CV] END estimator__learning_rate=0.58, estimator__max_depth=12, estimator__num_leaves=4, estimator__subsample=0.01; total time=   0.2s
[CV] END estimator__learning_rate=0.58, estimator__max_depth=12, estimator__num_leaves=6, estimator__subsample=0.1; total time=   0.3s
[CV] END estimator__learning_rate=0.58, estimator__max_depth=12, estimator__num_leaves=6, estimator__subsample=0.1; total time=   0.3s
[CV] END estimator__learning_rate=0.58, estimator__max_depth=12, estimator__num_leaves=10, estimator__subsample=0.001; total time=   0.5s
[CV] END estimator__learning_rate=0.58, estimator__max_depth=12, estimator__num_leaves=10, estimator__subsample=0.001; total time=   0.6s
[CV] END estimator__learning_rate=0.58, estimator__max_depth=13, estimator__num_leaves=2, estimator__subsample=0.2; total time=   0.0s
[CV] END estimator__learning_rate=0.58, estimator__max_depth=13, estimator__num_leaves=2, estimator__subsample=0.2; total time=   0.0s
[CV] END estimator__learning_rate=0.58, estimator__max_depth=13, estimator__num_leaves=4, estimator__subsample=0.01; total time=   0.2s
[CV] END estimator__learning_rate=0.58, estimator__max_depth=13, estimator__num_leaves=6, estimator__subsample=0.001; total time=   0.3s
[CV] END estimator__learning_rate=0.58, estimator__max_depth=13, estimator__num_leaves=6, estimator__subsample=0.1; total time=   0.3s
[CV] END estimator__learning_rate=0.58, estimator__max_depth=13, estimator__num_leaves=8, estimator__subsample=0.01; total time=   0.4s
[CV] END estimator__learning_rate=0.58, estimator__max_depth=13, estimator__num_leaves=10, estimator__subsample=0.001; total time=   0.5s
[CV] END estimator__learning_rate=0.58, estimator__max_depth=13, estimator__num_leaves=31, estimator__subsample=0.01; total time=   1.3s
[CV] END estimator__learning_rate=0.58, estimator__max_depth=14, estimator__num_leaves=6, estimator__subsample=0.001; total time=   0.3s
[CV] END estimator__learning_rate=0.58, estimator__max_depth=14, estimator__num_leaves=6, estimator__subsample=0.001; total time=   0.3s
[CV] END estimator__learning_rate=0.58, estimator__max_depth=14, estimator__num_leaves=10, estimator__subsample=0.1; total time=   0.6s
[CV] END estimator__learning_rate=0.58, estimator__max_depth=14, estimator__num_leaves=10, estimator__subsample=0.1; total time=   0.6s
[CV] END estimator__learning_rate=0.77, estimator__max_depth=10, estimator__num_leaves=4, estimator__subsample=0.2; total time=   0.2s
[CV] END estimator__learning_rate=0.77, estimator__max_depth=10, estimator__num_leaves=4, estimator__subsample=0.2; total time=   0.2s
[CV] END estimator__learning_rate=0.77, estimator__max_depth=10, estimator__num_leaves=8, estimator__subsample=0.01; total time=   0.4s
[CV] END estimator__learning_rate=0.77, estimator__max_depth=10, estimator__num_leaves=8, estimator__subsample=0.01; total time=   0.4s
[CV] END estimator__learning_rate=0.77, estimator__max_depth=10, estimator__num_leaves=10, estimator__subsample=0.1; total time=   0.5s
[CV] END estimator__learning_rate=0.77, estimator__max_depth=10, estimator__num_leaves=10, estimator__subsample=0.2; total time=   0.6s
[CV] END estimator__learning_rate=0.77, estimator__max_depth=11, estimator__num_leaves=4, estimator__subsample=0.1; total time=   0.2s
[CV] END estimator__learning_rate=0.77, estimator__max_depth=11, estimator__num_leaves=6, estimator__subsample=0.01; total time=   0.3s
[CV] END estimator__learning_rate=0.77, estimator__max_depth=11, estimator__num_leaves=8, estimator__subsample=0.001; total time=   0.4s
[CV] END estimator__learning_rate=0.77, estimator__max_depth=11, estimator__num_leaves=8, estimator__subsample=0.2; total time=   0.4s
[CV] END estimator__learning_rate=0.77, estimator__max_depth=11, estimator__num_leaves=10, estimator__subsample=0.1; total time=   0.5s
[CV] END estimator__learning_rate=0.77, estimator__max_depth=11, estimator__num_leaves=31, estimator__subsample=0.2; total time=   1.3s
[CV] END estimator__learning_rate=0.77, estimator__max_depth=12, estimator__num_leaves=8, estimator__subsample=0.01; total time=   0.4s
[CV] END estimator__learning_rate=0.77, estimator__max_depth=12, estimator__num_leaves=8, estimator__subsample=0.01; total time=   0.4s
[CV] END estimator__learning_rate=0.77, estimator__max_depth=12, estimator__num_leaves=31, estimator__subsample=0.2; total time=   1.3s
[CV] END estimator__learning_rate=0.77, estimator__max_depth=12, estimator__num_leaves=31, estimator__subsample=0.2; total time=   1.3s
[CV] END estimator__learning_rate=0.77, estimator__max_depth=14, estimator__num_leaves=2, estimator__subsample=0.001; total time=   0.0s
[CV] END estimator__learning_rate=0.77, estimator__max_depth=14, estimator__num_leaves=2, estimator__subsample=0.01; total time=   0.0s
[CV] END estimator__learning_rate=0.39, estimator__max_depth=12, estimator__num_leaves=4, estimator__subsample=0.01; total time=   0.2s
[CV] END estimator__learning_rate=0.39, estimator__max_depth=12, estimator__num_leaves=4, estimator__subsample=0.2; total time=   0.2s
[CV] END estimator__learning_rate=0.39, estimator__max_depth=12, estimator__num_leaves=6, estimator__subsample=0.1; total time=   0.3s
[CV] END estimator__learning_rate=0.39, estimator__max_depth=12, estimator__num_leaves=8, estimator__subsample=0.001; total time=   0.4s
[CV] END estimator__learning_rate=0.39, estimator__max_depth=12, estimator__num_leaves=8, estimator__subsample=0.2; total time=   0.4s
[CV] END estimator__learning_rate=0.39, estimator__max_depth=12, estimator__num_leaves=10, estimator__subsample=0.1; total time=   0.5s
[CV] END estimator__learning_rate=0.39, estimator__max_depth=12, estimator__num_leaves=31, estimator__subsample=0.2; total time=   1.3s
[CV] END estimator__learning_rate=0.39, estimator__max_depth=13, estimator__num_leaves=8, estimator__subsample=0.01; total time=   0.4s
[CV] END estimator__learning_rate=0.39, estimator__max_depth=13, estimator__num_leaves=8, estimator__subsample=0.01; total time=   0.4s
[CV] END estimator__learning_rate=0.39, estimator__max_depth=13, estimator__num_leaves=31, estimator__subsample=0.1; total time=   1.3s
[CV] END estimator__learning_rate=0.39, estimator__max_depth=13, estimator__num_leaves=31, estimator__subsample=0.2; total time=   1.3s
[CV] END estimator__learning_rate=0.58, estimator__max_depth=10, estimator__num_leaves=2, estimator__subsample=0.001; total time=   0.0s
[CV] END estimator__learning_rate=0.58, estimator__max_depth=10, estimator__num_leaves=2, estimator__subsample=0.001; total time=   0.0s
[CV] END estimator__learning_rate=0.58, estimator__max_depth=10, estimator__num_leaves=2, estimator__subsample=0.1; total time=   0.0s
[CV] END estimator__learning_rate=0.58, estimator__max_depth=10, estimator__num_leaves=2, estimator__subsample=0.1; total time=   0.0s
[CV] END estimator__learning_rate=0.58, estimator__max_depth=10, estimator__num_leaves=4, estimator__subsample=0.01; total time=   0.2s
[CV] END estimator__learning_rate=0.58, estimator__max_depth=10, estimator__num_leaves=4, estimator__subsample=0.1; total time=   0.2s
[CV] END estimator__learning_rate=0.58, estimator__max_depth=10, estimator__num_leaves=6, estimator__subsample=0.01; total time=   0.3s
[CV] END estimator__learning_rate=0.58, estimator__max_depth=10, estimator__num_leaves=8, estimator__subsample=0.001; total time=   0.4s
[CV] END estimator__learning_rate=0.58, estimator__max_depth=10, estimator__num_leaves=8, estimator__subsample=0.2; total time=   0.4s
[CV] END estimator__learning_rate=0.58, estimator__max_depth=10, estimator__num_leaves=10, estimator__subsample=0.01; total time=   0.5s
[CV] END estimator__learning_rate=0.58, estimator__max_depth=10, estimator__num_leaves=31, estimator__subsample=0.1; total time=   1.2s
[CV] END estimator__learning_rate=0.58, estimator__max_depth=11, estimator__num_leaves=8, estimator__subsample=0.001; total time=   0.4s
[CV] END estimator__learning_rate=0.58, estimator__max_depth=11, estimator__num_leaves=8, estimator__subsample=0.001; total time=   0.4s
[CV] END estimator__learning_rate=0.58, estimator__max_depth=11, estimator__num_leaves=31, estimator__subsample=0.01; total time=   1.3s
[CV] END estimator__learning_rate=0.58, estimator__max_depth=11, estimator__num_leaves=31, estimator__subsample=0.01; total time=   1.3s
[CV] END estimator__learning_rate=0.58, estimator__max_depth=12, estimator__num_leaves=31, estimator__subsample=0.1; total time=   1.3s
[CV] END estimator__learning_rate=0.58, estimator__max_depth=12, estimator__num_leaves=31, estimator__subsample=0.1; total time=   1.3s
[CV] END estimator__learning_rate=0.58, estimator__max_depth=13, estimator__num_leaves=10, estimator__subsample=0.2; total time=   0.5s
[CV] END estimator__learning_rate=0.58, estimator__max_depth=14, estimator__num_leaves=2, estimator__subsample=0.001; total time=   0.0s
[CV] END estimator__learning_rate=0.58, estimator__max_depth=14, estimator__num_leaves=2, estimator__subsample=0.01; total time=   0.0s
[CV] END estimator__learning_rate=0.58, estimator__max_depth=14, estimator__num_leaves=2, estimator__subsample=0.1; total time=   0.0s
[CV] END estimator__learning_rate=0.58, estimator__max_depth=14, estimator__num_leaves=2, estimator__subsample=0.2; total time=   0.0s
[CV] END estimator__learning_rate=0.58, estimator__max_depth=14, estimator__num_leaves=2, estimator__subsample=0.2; total time=   0.0s
[CV] END estimator__learning_rate=0.58, estimator__max_depth=14, estimator__num_leaves=4, estimator__subsample=0.001; total time=   0.1s
[CV] END estimator__learning_rate=0.58, estimator__max_depth=14, estimator__num_leaves=4, estimator__subsample=0.2; total time=   0.2s
[CV] END estimator__learning_rate=0.58, estimator__max_depth=14, estimator__num_leaves=4, estimator__subsample=0.2; total time=   0.2s
[CV] END estimator__learning_rate=0.58, estimator__max_depth=14, estimator__num_leaves=10, estimator__subsample=0.01; total time=   0.6s
[CV] END estimator__learning_rate=0.58, estimator__max_depth=14, estimator__num_leaves=10, estimator__subsample=0.01; total time=   0.5s
[CV] END estimator__learning_rate=0.77, estimator__max_depth=10, estimator__num_leaves=4, estimator__subsample=0.001; total time=   0.2s
[CV] END estimator__learning_rate=0.77, estimator__max_depth=10, estimator__num_leaves=4, estimator__subsample=0.001; total time=   0.2s
[CV] END estimator__learning_rate=0.77, estimator__max_depth=10, estimator__num_leaves=6, estimator__subsample=0.1; total time=   0.3s
[CV] END estimator__learning_rate=0.77, estimator__max_depth=10, estimator__num_leaves=6, estimator__subsample=0.1; total time=   0.3s
[CV] END estimator__learning_rate=0.77, estimator__max_depth=10, estimator__num_leaves=8, estimator__subsample=0.2; total time=   0.4s
[CV] END estimator__learning_rate=0.77, estimator__max_depth=10, estimator__num_leaves=8, estimator__subsample=0.2; total time=   0.4s
[CV] END estimator__learning_rate=0.77, estimator__max_depth=10, estimator__num_leaves=31, estimator__subsample=0.1; total time=   1.3s
[CV] END estimator__learning_rate=0.77, estimator__max_depth=10, estimator__num_leaves=31, estimator__subsample=0.2; total time=   1.2s
[CV] END estimator__learning_rate=0.77, estimator__max_depth=11, estimator__num_leaves=31, estimator__subsample=0.001; total time=   1.2s
[CV] END estimator__learning_rate=0.77, estimator__max_depth=12, estimator__num_leaves=4, estimator__subsample=0.001; total time=   0.2s
[CV] END estimator__learning_rate=0.77, estimator__max_depth=12, estimator__num_leaves=4, estimator__subsample=0.01; total time=   0.2s
[CV] END estimator__learning_rate=0.77, estimator__max_depth=12, estimator__num_leaves=8, estimator__subsample=0.001; total time=   0.4s
[CV] END estimator__learning_rate=0.77, estimator__max_depth=12, estimator__num_leaves=8, estimator__subsample=0.01; total time=   0.4s
[CV] END estimator__learning_rate=0.77, estimator__max_depth=12, estimator__num_leaves=31, estimator__subsample=0.1; total time=   1.3s
[CV] END estimator__learning_rate=0.77, estimator__max_depth=12, estimator__num_leaves=31, estimator__subsample=0.1; total time=   1.3s
[CV] END estimator__learning_rate=0.77, estimator__max_depth=14, estimator__num_leaves=2, estimator__subsample=0.001; total time=   0.0s
[CV] END estimator__learning_rate=0.77, estimator__max_depth=14, estimator__num_leaves=2, estimator__subsample=0.001; total time=   0.0s
[CV] END estimator__learning_rate=0.77, estimator__max_depth=14, estimator__num_leaves=2, estimator__subsample=0.1; total time=   0.0s
[CV] END estimator__learning_rate=0.77, estimator__max_depth=14, estimator__num_leaves=2, estimator__subsample=0.1; total time=   0.0s
[CV] END estimator__learning_rate=0.77, estimator__max_depth=14, estimator__num_leaves=4, estimator__subsample=0.01; total time=   0.2s
[CV] END estimator__learning_rate=0.77, estimator__max_depth=14, estimator__num_leaves=4, estimator__subsample=0.2; total time=   0.2s
[CV] END estimator__learning_rate=0.39, estimator__max_depth=10, estimator__num_leaves=10, estimator__subsample=0.01; total time=   0.7s
[CV] END estimator__learning_rate=0.39, estimator__max_depth=10, estimator__num_leaves=10, estimator__subsample=0.01; total time=   0.6s
[CV] END estimator__learning_rate=0.39, estimator__max_depth=11, estimator__num_leaves=6, estimator__subsample=0.01; total time=   0.3s
[CV] END estimator__learning_rate=0.39, estimator__max_depth=11, estimator__num_leaves=6, estimator__subsample=0.01; total time=   0.3s
[CV] END estimator__learning_rate=0.39, estimator__max_depth=11, estimator__num_leaves=8, estimator__subsample=0.1; total time=   0.4s
[CV] END estimator__learning_rate=0.39, estimator__max_depth=11, estimator__num_leaves=8, estimator__subsample=0.2; total time=   0.4s
[CV] END estimator__learning_rate=0.39, estimator__max_depth=11, estimator__num_leaves=31, estimator__subsample=0.2; total time=   1.3s
[CV] END estimator__learning_rate=0.39, estimator__max_depth=11, estimator__num_leaves=31, estimator__subsample=0.2; total time=   1.3s
[CV] END estimator__learning_rate=0.39, estimator__max_depth=12, estimator__num_leaves=31, estimator__subsample=0.01; total time=   1.2s
[CV] END estimator__learning_rate=0.39, estimator__max_depth=13, estimator__num_leaves=4, estimator__subsample=0.1; total time=   0.2s
[CV] END estimator__learning_rate=0.39, estimator__max_depth=13, estimator__num_leaves=4, estimator__subsample=0.1; total time=   0.2s
[CV] END estimator__learning_rate=0.39, estimator__max_depth=13, estimator__num_leaves=8, estimator__subsample=0.2; total time=   0.4s
[CV] END estimator__learning_rate=0.39, estimator__max_depth=13, estimator__num_leaves=8, estimator__subsample=0.2; total time=   0.4s
[CV] END estimator__learning_rate=0.39, estimator__max_depth=14, estimator__num_leaves=2, estimator__subsample=0.01; total time=   0.0s
[CV] END estimator__learning_rate=0.39, estimator__max_depth=14, estimator__num_leaves=2, estimator__subsample=0.01; total time=   0.0s
[CV] END estimator__learning_rate=0.39, estimator__max_depth=14, estimator__num_leaves=2, estimator__subsample=0.1; total time=   0.0s
[CV] END estimator__learning_rate=0.39, estimator__max_depth=14, estimator__num_leaves=2, estimator__subsample=0.2; total time=   0.0s
[CV] END estimator__learning_rate=0.39, estimator__max_depth=14, estimator__num_leaves=4, estimator__subsample=0.01; total time=   0.2s
[CV] END estimator__learning_rate=0.39, estimator__max_depth=14, estimator__num_leaves=4, estimator__subsample=0.01; total time=   0.2s
[CV] END estimator__learning_rate=0.39, estimator__max_depth=14, estimator__num_leaves=6, estimator__subsample=0.2; total time=   0.3s
[CV] END estimator__learning_rate=0.39, estimator__max_depth=14, estimator__num_leaves=6, estimator__subsample=0.2; total time=   0.3s
[CV] END estimator__learning_rate=0.39, estimator__max_depth=14, estimator__num_leaves=10, estimator__subsample=0.001; total time=   0.5s
[CV] END estimator__learning_rate=0.39, estimator__max_depth=14, estimator__num_leaves=10, estimator__subsample=0.001; total time=   0.5s
[CV] END estimator__learning_rate=0.58, estimator__max_depth=10, estimator__num_leaves=2, estimator__subsample=0.2; total time=   0.0s
[CV] END estimator__learning_rate=0.58, estimator__max_depth=10, estimator__num_leaves=2, estimator__subsample=0.2; total time=   0.0s
[CV] END estimator__learning_rate=0.58, estimator__max_depth=10, estimator__num_leaves=4, estimator__subsample=0.01; total time=   0.2s
[CV] END estimator__learning_rate=0.58, estimator__max_depth=10, estimator__num_leaves=4, estimator__subsample=0.2; total time=   0.2s
[CV] END estimator__learning_rate=0.58, estimator__max_depth=10, estimator__num_leaves=6, estimator__subsample=0.1; total time=   0.3s
[CV] END estimator__learning_rate=0.58, estimator__max_depth=10, estimator__num_leaves=8, estimator__subsample=0.01; total time=   0.4s
[CV] END estimator__learning_rate=0.58, estimator__max_depth=10, estimator__num_leaves=8, estimator__subsample=0.2; total time=   0.4s
[CV] END estimator__learning_rate=0.58, estimator__max_depth=10, estimator__num_leaves=10, estimator__subsample=0.1; total time=   0.5s
[CV] END estimator__learning_rate=0.58, estimator__max_depth=10, estimator__num_leaves=31, estimator__subsample=0.2; total time=   1.2s
[CV] END estimator__learning_rate=0.58, estimator__max_depth=11, estimator__num_leaves=8, estimator__subsample=0.01; total time=   0.4s
[CV] END estimator__learning_rate=0.58, estimator__max_depth=11, estimator__num_leaves=8, estimator__subsample=0.01; total time=   0.4s
[CV] END estimator__learning_rate=0.58, estimator__max_depth=11, estimator__num_leaves=31, estimator__subsample=0.1; total time=   1.3s
[CV] END estimator__learning_rate=0.58, estimator__max_depth=11, estimator__num_leaves=31, estimator__subsample=0.1; total time=   1.3s
[CV] END estimator__learning_rate=0.58, estimator__max_depth=12, estimator__num_leaves=31, estimator__subsample=0.2; total time=   1.3s
[CV] END estimator__learning_rate=0.58, estimator__max_depth=12, estimator__num_leaves=31, estimator__subsample=0.2; total time=   1.3s
[CV] END estimator__learning_rate=0.58, estimator__max_depth=13, estimator__num_leaves=31, estimator__subsample=0.001; total time=   1.3s
[CV] END estimator__learning_rate=0.58, estimator__max_depth=14, estimator__num_leaves=6, estimator__subsample=0.001; total time=   0.3s
[CV] END estimator__learning_rate=0.58, estimator__max_depth=14, estimator__num_leaves=6, estimator__subsample=0.001; total time=   0.3s
[CV] END estimator__learning_rate=0.58, estimator__max_depth=14, estimator__num_leaves=10, estimator__subsample=0.01; total time=   0.6s
[CV] END estimator__learning_rate=0.58, estimator__max_depth=14, estimator__num_leaves=10, estimator__subsample=0.01; total time=   0.6s
[CV] END estimator__learning_rate=0.77, estimator__max_depth=10, estimator__num_leaves=4, estimator__subsample=0.2; total time=   0.2s
[CV] END estimator__learning_rate=0.77, estimator__max_depth=10, estimator__num_leaves=4, estimator__subsample=0.2; total time=   0.2s
[CV] END estimator__learning_rate=0.77, estimator__max_depth=10, estimator__num_leaves=8, estimator__subsample=0.001; total time=   0.4s
[CV] END estimator__learning_rate=0.77, estimator__max_depth=10, estimator__num_leaves=8, estimator__subsample=0.01; total time=   0.4s
[CV] END estimator__learning_rate=0.77, estimator__max_depth=10, estimator__num_leaves=10, estimator__subsample=0.1; total time=   0.5s
[CV] END estimator__learning_rate=0.77, estimator__max_depth=10, estimator__num_leaves=10, estimator__subsample=0.1; total time=   0.6s
[CV] END estimator__learning_rate=0.77, estimator__max_depth=11, estimator__num_leaves=4, estimator__subsample=0.1; total time=   0.2s
[CV] END estimator__learning_rate=0.77, estimator__max_depth=11, estimator__num_leaves=6, estimator__subsample=0.01; total time=   0.3s
[CV] END estimator__learning_rate=0.77, estimator__max_depth=11, estimator__num_leaves=8, estimator__subsample=0.001; total time=   0.4s
[CV] END estimator__learning_rate=0.77, estimator__max_depth=11, estimator__num_leaves=8, estimator__subsample=0.1; total time=   0.4s
[CV] END estimator__learning_rate=0.77, estimator__max_depth=11, estimator__num_leaves=10, estimator__subsample=0.1; total time=   0.5s
[CV] END estimator__learning_rate=0.77, estimator__max_depth=11, estimator__num_leaves=31, estimator__subsample=0.2; total time=   1.3s
[CV] END estimator__learning_rate=0.77, estimator__max_depth=12, estimator__num_leaves=8, estimator__subsample=0.001; total time=   0.4s
[CV] END estimator__learning_rate=0.77, estimator__max_depth=12, estimator__num_leaves=8, estimator__subsample=0.001; total time=   0.4s
[CV] END estimator__learning_rate=0.77, estimator__max_depth=12, estimator__num_leaves=31, estimator__subsample=0.1; total time=   1.3s
[CV] END estimator__learning_rate=0.77, estimator__max_depth=12, estimator__num_leaves=31, estimator__subsample=0.1; total time=   1.3s
[CV] END estimator__learning_rate=0.77, estimator__max_depth=13, estimator__num_leaves=31, estimator__subsample=0.2; total time=   1.3sFitting 5 folds for each of 600 candidates, totalling 3000 fits
[DONE] Family fit complete | family=LGBM elapsed=83.51s best_score=0.7112885080377171 best_params={'estimator__learning_rate': 0.58, 'estimator__max_depth': 12, 'estimator__num_leaves': 31, 'estimator__subsample': 0.001}
[INFO] Evaluating family bank
[INFO] Family evaluation started | family=LGBM targets=1
[DONE] Family evaluation complete | family=LGBM elapsed=0.00s mean_component_mape=18.130% mean_component_mae=0.411992
[INFO] Evaluation complete | winner=LGBM mean_component_mape=18.130%
[INFO] Exporting ONNX family bank
[INFO] Family ONNX export started | family=LGBM targets=1 estimator=LGBMRegressor
[WARN] Target ONNX export failed | family=LGBM target=fft_y_Fw_filtered_phase_162 error='NoneType' object is not callable
[DONE] Family ONNX export complete | family=LGBM elapsed=0.00s exported=0 failed=1
[INFO] ONNX export complete | exported=0 failed=1
[DONE] Exact paper validation summary written | output/validation_checks/paper_reimplementation_rcim_exact_model_bank/2026-04-19-10-23-46__track1_lgbm_phase_162_closure_attempt_03_campaign_run/validation_summary.yaml
[DONE] Exact paper Markdown report written | doc/reports/analysis/validation_checks/2026-04-19-10-25-09_paper_reimplementation_rcim_exact_model_bank_track1_lgbm_phase_162_closure_attempt_03_campaign_run_exact_paper_model_bank_report.md
[CV] END estimator__learning_rate=0.39, estimator__max_depth=13, estimator__num_leaves=31, estimator__subsample=0.01; total time=   1.3s
[CV] END estimator__learning_rate=0.39, estimator__max_depth=14, estimator__num_leaves=31, estimator__subsample=0.2; total time=   1.3s
[CV] END estimator__learning_rate=0.39, estimator__max_depth=14, estimator__num_leaves=31, estimator__subsample=0.2; total time=   1.3s
[CV] END estimator__learning_rate=0.58, estimator__max_depth=10, estimator__num_leaves=31, estimator__subsample=0.01; total time=   1.2s
[CV] END estimator__learning_rate=0.58, estimator__max_depth=11, estimator__num_leaves=4, estimator__subsample=0.1; total time=   0.2s
[CV] END estimator__learning_rate=0.58, estimator__max_depth=11, estimator__num_leaves=4, estimator__subsample=0.1; total time=   0.2s
[CV] END estimator__learning_rate=0.58, estimator__max_depth=11, estimator__num_leaves=10, estimator__subsample=0.001; total time=   0.6s
[CV] END estimator__learning_rate=0.58, estimator__max_depth=11, estimator__num_leaves=10, estimator__subsample=0.001; total time=   0.6s
[CV] END estimator__learning_rate=0.58, estimator__max_depth=12, estimator__num_leaves=2, estimator__subsample=0.2; total time=   0.0s
[CV] END estimator__learning_rate=0.58, estimator__max_depth=12, estimator__num_leaves=2, estimator__subsample=0.2; total time=   0.0s
[CV] END estimator__learning_rate=0.58, estimator__max_depth=12, estimator__num_leaves=4, estimator__subsample=0.1; total time=   0.2s
[CV] END estimator__learning_rate=0.58, estimator__max_depth=12, estimator__num_leaves=4, estimator__subsample=0.1; total time=   0.2s
[CV] END estimator__learning_rate=0.58, estimator__max_depth=12, estimator__num_leaves=8, estimator__subsample=0.001; total time=   0.4s
[CV] END estimator__learning_rate=0.58, estimator__max_depth=12, estimator__num_leaves=8, estimator__subsample=0.001; total time=   0.4s
[CV] END estimator__learning_rate=0.58, estimator__max_depth=12, estimator__num_leaves=10, estimator__subsample=0.01; total time=   0.5s
[CV] END estimator__learning_rate=0.58, estimator__max_depth=12, estimator__num_leaves=10, estimator__subsample=0.01; total time=   0.6s
[CV] END estimator__learning_rate=0.58, estimator__max_depth=13, estimator__num_leaves=4, estimator__subsample=0.1; total time=   0.2s
[CV] END estimator__learning_rate=0.58, estimator__max_depth=13, estimator__num_leaves=6, estimator__subsample=0.001; total time=   0.3s
[CV] END estimator__learning_rate=0.58, estimator__max_depth=13, estimator__num_leaves=6, estimator__subsample=0.2; total time=   0.3s
[CV] END estimator__learning_rate=0.58, estimator__max_depth=13, estimator__num_leaves=8, estimator__subsample=0.1; total time=   0.4s
[CV] END estimator__learning_rate=0.58, estimator__max_depth=13, estimator__num_leaves=10, estimator__subsample=0.01; total time=   0.5s
[CV] END estimator__learning_rate=0.58, estimator__max_depth=13, estimator__num_leaves=31, estimator__subsample=0.01; total time=   1.3s
[CV] END estimator__learning_rate=0.58, estimator__max_depth=14, estimator__num_leaves=6, estimator__subsample=0.1; total time=   0.3s
[CV] END estimator__learning_rate=0.58, estimator__max_depth=14, estimator__num_leaves=6, estimator__subsample=0.1; total time=   0.3s
[CV] END estimator__learning_rate=0.58, estimator__max_depth=14, estimator__num_leaves=10, estimator__subsample=0.2; total time=   0.6s
[CV] END estimator__learning_rate=0.58, estimator__max_depth=14, estimator__num_leaves=10, estimator__subsample=0.2; total time=   0.5s
[CV] END estimator__learning_rate=0.77, estimator__max_depth=10, estimator__num_leaves=6, estimator__subsample=0.01; total time=   0.3s
[CV] END estimator__learning_rate=0.77, estimator__max_depth=10, estimator__num_leaves=6, estimator__subsample=0.01; total time=   0.3s
[CV] END estimator__learning_rate=0.77, estimator__max_depth=10, estimator__num_leaves=8, estimator__subsample=0.1; total time=   0.4s
[CV] END estimator__learning_rate=0.77, estimator__max_depth=10, estimator__num_leaves=8, estimator__subsample=0.2; total time=   0.4s
[CV] END estimator__learning_rate=0.77, estimator__max_depth=10, estimator__num_leaves=31, estimator__subsample=0.1; total time=   1.2s
[CV] END estimator__learning_rate=0.77, estimator__max_depth=10, estimator__num_leaves=31, estimator__subsample=0.1; total time=   1.2s
[CV] END estimator__learning_rate=0.77, estimator__max_depth=11, estimator__num_leaves=10, estimator__subsample=0.1; total time=   0.5s
[CV] END estimator__learning_rate=0.77, estimator__max_depth=11, estimator__num_leaves=31, estimator__subsample=0.2; total time=   1.3s
[CV] END estimator__learning_rate=0.77, estimator__max_depth=12, estimator__num_leaves=8, estimator__subsample=0.2; total time=   0.4s
[CV] END estimator__learning_rate=0.77, estimator__max_depth=12, estimator__num_leaves=8, estimator__subsample=0.2; total time=   0.4s
[CV] END estimator__learning_rate=0.77, estimator__max_depth=13, estimator__num_leaves=2, estimator__subsample=0.001; total time=   0.0s
[CV] END estimator__learning_rate=0.77, estimator__max_depth=13, estimator__num_leaves=2, estimator__subsample=0.001; total time=   0.0s
[CV] END estimator__learning_rate=0.77, estimator__max_depth=13, estimator__num_leaves=2, estimator__subsample=0.01; total time=   0.0s
[CV] END estimator__learning_rate=0.77, estimator__max_depth=13, estimator__num_leaves=2, estimator__subsample=0.01; total time=   0.0s
[CV] END estimator__learning_rate=0.77, estimator__max_depth=13, estimator__num_leaves=4, estimator__subsample=0.001; total time=   0.2s
[CV] END estimator__learning_rate=0.77, estimator__max_depth=13, estimator__num_leaves=4, estimator__subsample=0.01; total time=   0.2s
[CV] END estimator__learning_rate=0.77, estimator__max_depth=13, estimator__num_leaves=6, estimator__subsample=0.1; total time=   0.3s
[CV] END estimator__learning_rate=0.77, estimator__max_depth=13, estimator__num_leaves=6, estimator__subsample=0.1; total time=   0.3s
[CV] END estimator__learning_rate=0.77, estimator__max_depth=13, estimator__num_leaves=10, estimator__subsample=0.001; total time=   0.5s
[CV] END estimator__learning_rate=0.77, estimator__max_depth=13, estimator__num_leaves=10, estimator__subsample=0.001; total time=   0.6s
[CV] END estimator__learning_rate=0.77, estimator__max_depth=14, estimator__num_leaves=2, estimator__subsample=0.2; total time=   0.0s
[CV] END estimator__learning_rate=0.77, estimator__max_depth=14, estimator__num_leaves=2, estimator__subsample=0.2; total time=   0.0s
[CV] END estimator__learning_rate=0.77, estimator__max_depth=14, estimator__num_leaves=4, estimator__subsample=0.01; total time=   0.2s
[CV] END estimator__learning_rate=0.77, estimator__max_depth=14, estimator__num_leaves=4, estimator__subsample=0.2; total time=   0.2s
[CV] END estimator__learning_rate=0.77, estimator__max_depth=14, estimator__num_leaves=6, estimator__subsample=0.1; total time=   0.3s
[CV] END estimator__learning_rate=0.77, estimator__max_depth=14, estimator__num_leaves=8, estimator__subsample=0.01; total time=   0.4s
[CV] END estimator__learning_rate=0.77, estimator__max_depth=14, estimator__num_leaves=10, estimator__subsample=0.001; total time=   0.5s
[CV] END estimator__learning_rate=0.77, estimator__max_depth=14, estimator__num_leaves=10, estimator__subsample=0.2; total time=   0.5s
[CV] END estimator__learning_rate=0.58, estimator__max_depth=14, estimator__num_leaves=4, estimator__subsample=0.2; total time=   0.2s
[CV] END estimator__learning_rate=0.58, estimator__max_depth=14, estimator__num_leaves=4, estimator__subsample=0.2; total time=   0.2s
[CV] END estimator__learning_rate=0.58, estimator__max_depth=14, estimator__num_leaves=10, estimator__subsample=0.001; total time=   0.6s
[CV] END estimator__learning_rate=0.58, estimator__max_depth=14, estimator__num_leaves=10, estimator__subsample=0.01; total time=   0.5s
[CV] END estimator__learning_rate=0.77, estimator__max_depth=10, estimator__num_leaves=4, estimator__subsample=0.001; total time=   0.2s
[CV] END estimator__learning_rate=0.77, estimator__max_depth=10, estimator__num_leaves=4, estimator__subsample=0.001; total time=   0.2s
[CV] END estimator__learning_rate=0.77, estimator__max_depth=10, estimator__num_leaves=6, estimator__subsample=0.01; total time=   0.3s
[CV] END estimator__learning_rate=0.77, estimator__max_depth=10, estimator__num_leaves=6, estimator__subsample=0.01; total time=   0.3s
[CV] END estimator__learning_rate=0.77, estimator__max_depth=10, estimator__num_leaves=8, estimator__subsample=0.2; total time=   0.4s
[CV] END estimator__learning_rate=0.77, estimator__max_depth=10, estimator__num_leaves=8, estimator__subsample=0.2; total time=   0.4s
[CV] END estimator__learning_rate=0.77, estimator__max_depth=10, estimator__num_leaves=31, estimator__subsample=0.1; total time=   1.3s
[CV] END estimator__learning_rate=0.77, estimator__max_depth=10, estimator__num_leaves=31, estimator__subsample=0.1; total time=   1.2s
[CV] END estimator__learning_rate=0.77, estimator__max_depth=11, estimator__num_leaves=31, estimator__subsample=0.001; total time=   1.3s
[CV] END estimator__learning_rate=0.77, estimator__max_depth=12, estimator__num_leaves=4, estimator__subsample=0.1; total time=   0.2s
[CV] END estimator__learning_rate=0.77, estimator__max_depth=12, estimator__num_leaves=4, estimator__subsample=0.1; total time=   0.2s
[CV] END estimator__learning_rate=0.77, estimator__max_depth=12, estimator__num_leaves=10, estimator__subsample=0.001; total time=   0.5s
[CV] END estimator__learning_rate=0.77, estimator__max_depth=12, estimator__num_leaves=10, estimator__subsample=0.001; total time=   0.5s
[CV] END estimator__learning_rate=0.77, estimator__max_depth=13, estimator__num_leaves=2, estimator__subsample=0.1; total time=   0.0s
[CV] END estimator__learning_rate=0.77, estimator__max_depth=13, estimator__num_leaves=2, estimator__subsample=0.2; total time=   0.0s
[CV] END estimator__learning_rate=0.77, estimator__max_depth=13, estimator__num_leaves=4, estimator__subsample=0.01; total time=   0.2s
[CV] END estimator__learning_rate=0.77, estimator__max_depth=13, estimator__num_leaves=4, estimator__subsample=0.01; total time=   0.2s
[CV] END estimator__learning_rate=0.77, estimator__max_depth=13, estimator__num_leaves=6, estimator__subsample=0.2; total time=   0.3s
[CV] END estimator__learning_rate=0.77, estimator__max_depth=13, estimator__num_leaves=6, estimator__subsample=0.2; total time=   0.3s
[CV] END estimator__learning_rate=0.77, estimator__max_depth=13, estimator__num_leaves=10, estimator__subsample=0.001; total time=   0.5s
[CV] END estimator__learning_rate=0.77, estimator__max_depth=13, estimator__num_leaves=10, estimator__subsample=0.01; total time=   0.5s
[CV] END estimator__learning_rate=0.77, estimator__max_depth=14, estimator__num_leaves=2, estimator__subsample=0.2; total time=   0.0s
[CV] END estimator__learning_rate=0.77, estimator__max_depth=14, estimator__num_leaves=2, estimator__subsample=0.2; total time=   0.0s
[CV] END estimator__learning_rate=0.77, estimator__max_depth=14, estimator__num_leaves=4, estimator__subsample=0.01; total time=   0.2s
[CV] END estimator__learning_rate=0.77, estimator__max_depth=14, estimator__num_leaves=4, estimator__subsample=0.2; total time=   0.2s
[CV] END estimator__learning_rate=0.77, estimator__max_depth=14, estimator__num_leaves=6, estimator__subsample=0.1; total time=   0.3s
[CV] END estimator__learning_rate=0.77, estimator__max_depth=14, estimator__num_leaves=8, estimator__subsample=0.01; total time=   0.4s
[CV] END estimator__learning_rate=0.77, estimator__max_depth=14, estimator__num_leaves=10, estimator__subsample=0.001; total time=   0.5s
[CV] END estimator__learning_rate=0.77, estimator__max_depth=14, estimator__num_leaves=10, estimator__subsample=0.2; total time=   0.5s
[CV] END estimator__learning_rate=0.39, estimator__max_depth=13, estimator__num_leaves=31, estimator__subsample=0.01; total time=   1.3s
[CV] END estimator__learning_rate=0.39, estimator__max_depth=13, estimator__num_leaves=31, estimator__subsample=0.01; total time=   1.3s
[CV] END estimator__learning_rate=0.39, estimator__max_depth=14, estimator__num_leaves=31, estimator__subsample=0.001; total time=   1.4s
[CV] END estimator__learning_rate=0.39, estimator__max_depth=14, estimator__num_leaves=31, estimator__subsample=0.001; total time=   1.3s
[CV] END estimator__learning_rate=0.58, estimator__max_depth=10, estimator__num_leaves=10, estimator__subsample=0.2; total time=   0.5s
[CV] END estimator__learning_rate=0.58, estimator__max_depth=10, estimator__num_leaves=31, estimator__subsample=0.2; total time=   1.2s
[CV] END estimator__learning_rate=0.58, estimator__max_depth=11, estimator__num_leaves=8, estimator__subsample=0.1; total time=   0.4s
[CV] END estimator__learning_rate=0.58, estimator__max_depth=11, estimator__num_leaves=8, estimator__subsample=0.1; total time=   0.4s
[CV] END estimator__learning_rate=0.58, estimator__max_depth=12, estimator__num_leaves=2, estimator__subsample=0.001; total time=   0.0s
[CV] END estimator__learning_rate=0.58, estimator__max_depth=12, estimator__num_leaves=2, estimator__subsample=0.001; total time=   0.0s
[CV] END estimator__learning_rate=0.58, estimator__max_depth=12, estimator__num_leaves=2, estimator__subsample=0.01; total time=   0.0s
[CV] END estimator__learning_rate=0.58, estimator__max_depth=12, estimator__num_leaves=2, estimator__subsample=0.01; total time=   0.0s
[CV] END estimator__learning_rate=0.58, estimator__max_depth=12, estimator__num_leaves=4, estimator__subsample=0.001; total time=   0.2s
[CV] END estimator__learning_rate=0.58, estimator__max_depth=12, estimator__num_leaves=4, estimator__subsample=0.001; total time=   0.2s
[CV] END estimator__learning_rate=0.58, estimator__max_depth=12, estimator__num_leaves=6, estimator__subsample=0.1; total time=   0.3s
[CV] END estimator__learning_rate=0.58, estimator__max_depth=12, estimator__num_leaves=6, estimator__subsample=0.1; total time=   0.3s
[CV] END estimator__learning_rate=0.58, estimator__max_depth=12, estimator__num_leaves=8, estimator__subsample=0.2; total time=   0.5s
[CV] END estimator__learning_rate=0.58, estimator__max_depth=12, estimator__num_leaves=8, estimator__subsample=0.2; total time=   0.4s
[CV] END estimator__learning_rate=0.58, estimator__max_depth=13, estimator__num_leaves=2, estimator__subsample=0.01; total time=   0.0s
[CV] END estimator__learning_rate=0.58, estimator__max_depth=13, estimator__num_leaves=2, estimator__subsample=0.01; total time=   0.0s
[CV] END estimator__learning_rate=0.58, estimator__max_depth=13, estimator__num_leaves=4, estimator__subsample=0.001; total time=   0.2s
[CV] END estimator__learning_rate=0.58, estimator__max_depth=13, estimator__num_leaves=4, estimator__subsample=0.001; total time=   0.2s
[CV] END estimator__learning_rate=0.58, estimator__max_depth=13, estimator__num_leaves=6, estimator__subsample=0.001; total time=   0.3s
[CV] END estimator__learning_rate=0.58, estimator__max_depth=13, estimator__num_leaves=6, estimator__subsample=0.2; total time=   0.3s
[CV] END estimator__learning_rate=0.58, estimator__max_depth=13, estimator__num_leaves=8, estimator__subsample=0.1; total time=   0.4s
[CV] END estimator__learning_rate=0.58, estimator__max_depth=13, estimator__num_leaves=10, estimator__subsample=0.01; total time=   0.5s
[CV] END estimator__learning_rate=0.58, estimator__max_depth=13, estimator__num_leaves=31, estimator__subsample=0.1; total time=   1.3s
[CV] END estimator__learning_rate=0.58, estimator__max_depth=14, estimator__num_leaves=6, estimator__subsample=0.1; total time=   0.3s
[CV] END estimator__learning_rate=0.58, estimator__max_depth=14, estimator__num_leaves=6, estimator__subsample=0.1; total time=   0.3s
[CV] END estimator__learning_rate=0.58, estimator__max_depth=14, estimator__num_leaves=31, estimator__subsample=0.001; total time=   1.3s
[CV] END estimator__learning_rate=0.58, estimator__max_depth=14, estimator__num_leaves=31, estimator__subsample=0.001; total time=   1.3s
[CV] END estimator__learning_rate=0.77, estimator__max_depth=10, estimator__num_leaves=10, estimator__subsample=0.2; total time=   0.5s
[CV] END estimator__learning_rate=0.77, estimator__max_depth=10, estimator__num_leaves=10, estimator__subsample=0.2; total time=   0.6s
[CV] END estimator__learning_rate=0.77, estimator__max_depth=11, estimator__num_leaves=6, estimator__subsample=0.001; total time=   0.3s
[CV] END estimator__learning_rate=0.77, estimator__max_depth=11, estimator__num_leaves=6, estimator__subsample=0.2; total time=   0.3s
[CV] END estimator__learning_rate=0.77, estimator__max_depth=11, estimator__num_leaves=8, estimator__subsample=0.01; total time=   0.4s
[CV] END estimator__learning_rate=0.77, estimator__max_depth=11, estimator__num_leaves=10, estimator__subsample=0.001; total time=   0.5s
[CV] END estimator__learning_rate=0.77, estimator__max_depth=11, estimator__num_leaves=31, estimator__subsample=0.01; total time=   1.3s
[CV] END estimator__learning_rate=0.77, estimator__max_depth=12, estimator__num_leaves=6, estimator__subsample=0.01; total time=   0.3s
[CV] END estimator__learning_rate=0.77, estimator__max_depth=12, estimator__num_leaves=6, estimator__subsample=0.01; total time=   0.3s
[CV] END estimator__learning_rate=0.77, estimator__max_depth=12, estimator__num_leaves=10, estimator__subsample=0.1; total time=   0.5s
[CV] END estimator__learning_rate=0.77, estimator__max_depth=12, estimator__num_leaves=10, estimator__subsample=0.2; total time=   0.6s
[CV] END estimator__learning_rate=0.77, estimator__max_depth=13, estimator__num_leaves=6, estimator__subsample=0.001; total time=   0.3s
[CV] END estimator__learning_rate=0.77, estimator__max_depth=13, estimator__num_leaves=6, estimator__subsample=0.001; total time=   0.3s
[CV] END estimator__learning_rate=0.77, estimator__max_depth=13, estimator__num_leaves=8, estimator__subsample=0.01; total time=   0.4s
[CV] END estimator__learning_rate=0.77, estimator__max_depth=13, estimator__num_leaves=8, estimator__subsample=0.01; total time=   0.4s
[CV] END estimator__learning_rate=0.77, estimator__max_depth=13, estimator__num_leaves=31, estimator__subsample=0.001; total time=   1.3s
[CV] END estimator__learning_rate=0.77, estimator__max_depth=13, estimator__num_leaves=31, estimator__subsample=0.01; total time=   1.3s
[CV] END estimator__learning_rate=0.77, estimator__max_depth=14, estimator__num_leaves=10, estimator__subsample=0.2; total time=   0.5s
[CV] END estimator__learning_rate=0.39, estimator__max_depth=13, estimator__num_leaves=8, estimator__subsample=0.001; total time=   0.4s
[CV] END estimator__learning_rate=0.39, estimator__max_depth=13, estimator__num_leaves=8, estimator__subsample=0.01; total time=   0.4s
[CV] END estimator__learning_rate=0.39, estimator__max_depth=13, estimator__num_leaves=31, estimator__subsample=0.1; total time=   1.3s
[CV] END estimator__learning_rate=0.39, estimator__max_depth=13, estimator__num_leaves=31, estimator__subsample=0.1; total time=   1.3s
[CV] END estimator__learning_rate=0.58, estimator__max_depth=10, estimator__num_leaves=2, estimator__subsample=0.001; total time=   0.0s
[CV] END estimator__learning_rate=0.58, estimator__max_depth=10, estimator__num_leaves=2, estimator__subsample=0.001; total time=   0.0s
[CV] END estimator__learning_rate=0.58, estimator__max_depth=10, estimator__num_leaves=2, estimator__subsample=0.01; total time=   0.0s
[CV] END estimator__learning_rate=0.58, estimator__max_depth=10, estimator__num_leaves=2, estimator__subsample=0.01; total time=   0.0s
[CV] END estimator__learning_rate=0.58, estimator__max_depth=10, estimator__num_leaves=4, estimator__subsample=0.001; total time=   0.2s
[CV] END estimator__learning_rate=0.58, estimator__max_depth=10, estimator__num_leaves=4, estimator__subsample=0.1; total time=   0.2s
[CV] END estimator__learning_rate=0.58, estimator__max_depth=10, estimator__num_leaves=6, estimator__subsample=0.01; total time=   0.3s
[CV] END estimator__learning_rate=0.58, estimator__max_depth=10, estimator__num_leaves=8, estimator__subsample=0.001; total time=   0.4s
[CV] END estimator__learning_rate=0.58, estimator__max_depth=10, estimator__num_leaves=8, estimator__subsample=0.1; total time=   0.4s
[CV] END estimator__learning_rate=0.58, estimator__max_depth=10, estimator__num_leaves=10, estimator__subsample=0.01; total time=   0.5s
[CV] END estimator__learning_rate=0.58, estimator__max_depth=10, estimator__num_leaves=31, estimator__subsample=0.1; total time=   1.2s
[CV] END estimator__learning_rate=0.58, estimator__max_depth=11, estimator__num_leaves=6, estimator__subsample=0.2; total time=   0.3s
[CV] END estimator__learning_rate=0.58, estimator__max_depth=11, estimator__num_leaves=6, estimator__subsample=0.2; total time=   0.3s
[CV] END estimator__learning_rate=0.58, estimator__max_depth=11, estimator__num_leaves=31, estimator__subsample=0.01; total time=   1.6s
[CV] END estimator__learning_rate=0.58, estimator__max_depth=11, estimator__num_leaves=31, estimator__subsample=0.01; total time=   1.3s
[CV] END estimator__learning_rate=0.58, estimator__max_depth=12, estimator__num_leaves=31, estimator__subsample=0.1; total time=   1.3s
[CV] END estimator__learning_rate=0.58, estimator__max_depth=12, estimator__num_leaves=31, estimator__subsample=0.1; total time=   1.3s
[CV] END estimator__learning_rate=0.58, estimator__max_depth=13, estimator__num_leaves=31, estimator__subsample=0.001; total time=   1.3s
[CV] END estimator__learning_rate=0.58, estimator__max_depth=14, estimator__num_leaves=4, estimator__subsample=0.1; total time=   0.2s
[CV] END estimator__learning_rate=0.58, estimator__max_depth=14, estimator__num_leaves=4, estimator__subsample=0.2; total time=   0.2s
[CV] END estimator__learning_rate=0.58, estimator__max_depth=14, estimator__num_leaves=10, estimator__subsample=0.001; total time=   0.6s
[CV] END estimator__learning_rate=0.58, estimator__max_depth=14, estimator__num_leaves=10, estimator__subsample=0.001; total time=   0.5s
[CV] END estimator__learning_rate=0.77, estimator__max_depth=10, estimator__num_leaves=2, estimator__subsample=0.2; total time=   0.0s
[CV] END estimator__learning_rate=0.77, estimator__max_depth=10, estimator__num_leaves=2, estimator__subsample=0.2; total time=   0.0s
[CV] END estimator__learning_rate=0.77, estimator__max_depth=10, estimator__num_leaves=4, estimator__subsample=0.1; total time=   0.2s
[CV] END estimator__learning_rate=0.77, estimator__max_depth=10, estimator__num_leaves=4, estimator__subsample=0.2; total time=   0.2s
[CV] END estimator__learning_rate=0.77, estimator__max_depth=10, estimator__num_leaves=8, estimator__subsample=0.001; total time=   0.4s
[CV] END estimator__learning_rate=0.77, estimator__max_depth=10, estimator__num_leaves=8, estimator__subsample=0.001; total time=   0.4s
[CV] END estimator__learning_rate=0.77, estimator__max_depth=10, estimator__num_leaves=10, estimator__subsample=0.1; total time=   0.5s
[CV] END estimator__learning_rate=0.77, estimator__max_depth=10, estimator__num_leaves=10, estimator__subsample=0.1; total time=   0.6s
[CV] END estimator__learning_rate=0.77, estimator__max_depth=11, estimator__num_leaves=4, estimator__subsample=0.1; total time=   0.2s
[CV] END estimator__learning_rate=0.77, estimator__max_depth=11, estimator__num_leaves=6, estimator__subsample=0.01; total time=   0.3s
[CV] END estimator__learning_rate=0.77, estimator__max_depth=11, estimator__num_leaves=6, estimator__subsample=0.2; total time=   0.3s
[CV] END estimator__learning_rate=0.77, estimator__max_depth=11, estimator__num_leaves=8, estimator__subsample=0.1; total time=   0.4s
[CV] END estimator__learning_rate=0.77, estimator__max_depth=11, estimator__num_leaves=10, estimator__subsample=0.01; total time=   0.5s
[CV] END estimator__learning_rate=0.77, estimator__max_depth=11, estimator__num_leaves=31, estimator__subsample=0.1; total time=   1.2s
[CV] END estimator__learning_rate=0.77, estimator__max_depth=12, estimator__num_leaves=6, estimator__subsample=0.1; total time=   0.3s
[CV] END estimator__learning_rate=0.77, estimator__max_depth=12, estimator__num_leaves=6, estimator__subsample=0.1; total time=   0.3s
[CV] END estimator__learning_rate=0.77, estimator__max_depth=12, estimator__num_leaves=10, estimator__subsample=0.2; total time=   0.5s
[CV] END estimator__learning_rate=0.77, estimator__max_depth=12, estimator__num_leaves=10, estimator__subsample=0.2; total time=   0.6s
[CV] END estimator__learning_rate=0.77, estimator__max_depth=13, estimator__num_leaves=6, estimator__subsample=0.001; total time=   0.3s
[CV] END estimator__learning_rate=0.77, estimator__max_depth=13, estimator__num_leaves=6, estimator__subsample=0.01; total time=   0.3s
[CV] END estimator__learning_rate=0.77, estimator__max_depth=13, estimator__num_leaves=8, estimator__subsample=0.1; total time=   0.4s
[CV] END estimator__learning_rate=0.77, estimator__max_depth=13, estimator__num_leaves=8, estimator__subsample=0.1; total time=   0.4s
[CV] END estimator__learning_rate=0.77, estimator__max_depth=13, estimator__num_leaves=31, estimator__subsample=0.01; total time=   1.3s
[CV] END estimator__learning_rate=0.77, estimator__max_depth=13, estimator__num_leaves=31, estimator__subsample=0.01; total time=   1.3s
[CV] END estimator__learning_rate=0.77, estimator__max_depth=14, estimator__num_leaves=10, estimator__subsample=0.2; total time=   0.5s
[CV] END estimator__learning_rate=0.77, estimator__max_depth=11, estimator__num_leaves=6, estimator__subsample=0.001; total time=   0.3s
[CV] END estimator__learning_rate=0.77, estimator__max_depth=11, estimator__num_leaves=6, estimator__subsample=0.2; total time=   0.3s
[CV] END estimator__learning_rate=0.77, estimator__max_depth=11, estimator__num_leaves=8, estimator__subsample=0.1; total time=   0.4s
[CV] END estimator__learning_rate=0.77, estimator__max_depth=11, estimator__num_leaves=10, estimator__subsample=0.001; total time=   0.5s
[CV] END estimator__learning_rate=0.77, estimator__max_depth=11, estimator__num_leaves=31, estimator__subsample=0.01; total time=   1.3s
[CV] END estimator__learning_rate=0.77, estimator__max_depth=12, estimator__num_leaves=6, estimator__subsample=0.1; total time=   0.3s
[CV] END estimator__learning_rate=0.77, estimator__max_depth=12, estimator__num_leaves=6, estimator__subsample=0.1; total time=   0.3s
[CV] END estimator__learning_rate=0.77, estimator__max_depth=12, estimator__num_leaves=10, estimator__subsample=0.2; total time=   0.5s
[CV] END estimator__learning_rate=0.77, estimator__max_depth=12, estimator__num_leaves=10, estimator__subsample=0.2; total time=   0.6s
[CV] END estimator__learning_rate=0.77, estimator__max_depth=13, estimator__num_leaves=6, estimator__subsample=0.001; total time=   0.3s
[CV] END estimator__learning_rate=0.77, estimator__max_depth=13, estimator__num_leaves=6, estimator__subsample=0.001; total time=   0.3s
[CV] END estimator__learning_rate=0.77, estimator__max_depth=13, estimator__num_leaves=8, estimator__subsample=0.1; total time=   0.4s
[CV] END estimator__learning_rate=0.77, estimator__max_depth=13, estimator__num_leaves=8, estimator__subsample=0.1; total time=   0.4s
[CV] END estimator__learning_rate=0.77, estimator__max_depth=13, estimator__num_leaves=31, estimator__subsample=0.01; total time=   1.3s
[CV] END estimator__learning_rate=0.77, estimator__max_depth=13, estimator__num_leaves=31, estimator__subsample=0.01; total time=   1.3s
[CV] END estimator__learning_rate=0.77, estimator__max_depth=14, estimator__num_leaves=31, estimator__subsample=0.001; total time=   1.1s
[CV] END estimator__learning_rate=0.77, estimator__max_depth=13, estimator__num_leaves=8, estimator__subsample=0.2; total time=   0.4s
[CV] END estimator__learning_rate=0.77, estimator__max_depth=13, estimator__num_leaves=31, estimator__subsample=0.1; total time=   1.3s
[CV] END estimator__learning_rate=0.77, estimator__max_depth=13, estimator__num_leaves=31, estimator__subsample=0.1; total time=   1.3s
[CV] END estimator__learning_rate=0.77, estimator__max_depth=14, estimator__num_leaves=31, estimator__subsample=0.001; total time=   1.1s
[CV] END estimator__learning_rate=0.39, estimator__max_depth=14, estimator__num_leaves=6, estimator__subsample=0.1; total time=   0.3s
[CV] END estimator__learning_rate=0.39, estimator__max_depth=14, estimator__num_leaves=6, estimator__subsample=0.1; total time=   0.3s
[CV] END estimator__learning_rate=0.39, estimator__max_depth=14, estimator__num_leaves=8, estimator__subsample=0.2; total time=   0.4s
[CV] END estimator__learning_rate=0.39, estimator__max_depth=14, estimator__num_leaves=8, estimator__subsample=0.2; total time=   0.4s
[CV] END estimator__learning_rate=0.39, estimator__max_depth=14, estimator__num_leaves=31, estimator__subsample=0.1; total time=   1.4s
[CV] END estimator__learning_rate=0.39, estimator__max_depth=14, estimator__num_leaves=31, estimator__subsample=0.2; total time=   1.3s
[CV] END estimator__learning_rate=0.58, estimator__max_depth=10, estimator__num_leaves=31, estimator__subsample=0.001; total time=   1.2s
[CV] END estimator__learning_rate=0.58, estimator__max_depth=11, estimator__num_leaves=4, estimator__subsample=0.01; total time=   0.2s
[CV] END estimator__learning_rate=0.58, estimator__max_depth=11, estimator__num_leaves=4, estimator__subsample=0.01; total time=   0.2s
[CV] END estimator__learning_rate=0.58, estimator__max_depth=11, estimator__num_leaves=8, estimator__subsample=0.2; total time=   0.4s
[CV] END estimator__learning_rate=0.58, estimator__max_depth=11, estimator__num_leaves=8, estimator__subsample=0.2; total time=   0.4s
[CV] END estimator__learning_rate=0.58, estimator__max_depth=12, estimator__num_leaves=2, estimator__subsample=0.001; total time=   0.0s
[CV] END estimator__learning_rate=0.58, estimator__max_depth=12, estimator__num_leaves=2, estimator__subsample=0.01; total time=   0.0s
[CV] END estimator__learning_rate=0.58, estimator__max_depth=12, estimator__num_leaves=2, estimator__subsample=0.1; total time=   0.0s
[CV] END estimator__learning_rate=0.58, estimator__max_depth=12, estimator__num_leaves=2, estimator__subsample=0.1; total time=   0.0s
[CV] END estimator__learning_rate=0.58, estimator__max_depth=12, estimator__num_leaves=4, estimator__subsample=0.01; total time=   0.2s
[CV] END estimator__learning_rate=0.58, estimator__max_depth=12, estimator__num_leaves=4, estimator__subsample=0.01; total time=   0.2s
[CV] END estimator__learning_rate=0.58, estimator__max_depth=12, estimator__num_leaves=6, estimator__subsample=0.2; total time=   0.3s
[CV] END estimator__learning_rate=0.58, estimator__max_depth=12, estimator__num_leaves=6, estimator__subsample=0.2; total time=   0.3s
[CV] END estimator__learning_rate=0.58, estimator__max_depth=12, estimator__num_leaves=10, estimator__subsample=0.001; total time=   0.5s
[CV] END estimator__learning_rate=0.58, estimator__max_depth=12, estimator__num_leaves=10, estimator__subsample=0.01; total time=   0.6s
[CV] END estimator__learning_rate=0.58, estimator__max_depth=13, estimator__num_leaves=2, estimator__subsample=0.2; total time=   0.0s
[CV] END estimator__learning_rate=0.58, estimator__max_depth=13, estimator__num_leaves=2, estimator__subsample=0.2; total time=   0.0s
[CV] END estimator__learning_rate=0.58, estimator__max_depth=13, estimator__num_leaves=4, estimator__subsample=0.01; total time=   0.2s
[CV] END estimator__learning_rate=0.58, estimator__max_depth=13, estimator__num_leaves=6, estimator__subsample=0.001; total time=   0.3s
[CV] END estimator__learning_rate=0.58, estimator__max_depth=13, estimator__num_leaves=6, estimator__subsample=0.2; total time=   0.3s
[CV] END estimator__learning_rate=0.58, estimator__max_depth=13, estimator__num_leaves=8, estimator__subsample=0.01; total time=   0.4s
[CV] END estimator__learning_rate=0.58, estimator__max_depth=13, estimator__num_leaves=10, estimator__subsample=0.001; total time=   0.5s
[CV] END estimator__learning_rate=0.58, estimator__max_depth=13, estimator__num_leaves=31, estimator__subsample=0.01; total time=   1.3s
[CV] END estimator__learning_rate=0.58, estimator__max_depth=14, estimator__num_leaves=6, estimator__subsample=0.001; total time=   0.3s
[CV] END estimator__learning_rate=0.58, estimator__max_depth=14, estimator__num_leaves=6, estimator__subsample=0.01; total time=   0.3s
[CV] END estimator__learning_rate=0.58, estimator__max_depth=14, estimator__num_leaves=10, estimator__subsample=0.1; total time=   0.6s
[CV] END estimator__learning_rate=0.58, estimator__max_depth=14, estimator__num_leaves=10, estimator__subsample=0.1; total time=   0.6s
[CV] END estimator__learning_rate=0.77, estimator__max_depth=10, estimator__num_leaves=6, estimator__subsample=0.001; total time=   0.3s
[CV] END estimator__learning_rate=0.77, estimator__max_depth=10, estimator__num_leaves=6, estimator__subsample=0.001; total time=   0.3s
[CV] END estimator__learning_rate=0.77, estimator__max_depth=10, estimator__num_leaves=8, estimator__subsample=0.01; total time=   0.4s
[CV] END estimator__learning_rate=0.77, estimator__max_depth=10, estimator__num_leaves=8, estimator__subsample=0.01; total time=   0.4s
[CV] END estimator__learning_rate=0.77, estimator__max_depth=10, estimator__num_leaves=31, estimator__subsample=0.001; total time=   1.3s
[CV] END estimator__learning_rate=0.77, estimator__max_depth=10, estimator__num_leaves=31, estimator__subsample=0.01; total time=   1.2s
[CV] END estimator__learning_rate=0.77, estimator__max_depth=11, estimator__num_leaves=10, estimator__subsample=0.1; total time=   0.5s
[CV] END estimator__learning_rate=0.77, estimator__max_depth=11, estimator__num_leaves=31, estimator__subsample=0.1; total time=   1.3s
[CV] END estimator__learning_rate=0.77, estimator__max_depth=12, estimator__num_leaves=8, estimator__subsample=0.001; total time=   0.4s
[CV] END estimator__learning_rate=0.77, estimator__max_depth=12, estimator__num_leaves=8, estimator__subsample=0.001; total time=   0.4s
[CV] END estimator__learning_rate=0.77, estimator__max_depth=12, estimator__num_leaves=31, estimator__subsample=0.01; total time=   1.3s
[CV] END estimator__learning_rate=0.77, estimator__max_depth=12, estimator__num_leaves=31, estimator__subsample=0.01; total time=   1.3s
[CV] END estimator__learning_rate=0.77, estimator__max_depth=13, estimator__num_leaves=31, estimator__subsample=0.2; total time=   1.3s
[CV] END estimator__learning_rate=0.77, estimator__max_depth=13, estimator__num_leaves=31, estimator__subsample=0.2; total time=   1.2s
[CV] END estimator__learning_rate=0.77, estimator__max_depth=14, estimator__num_leaves=31, estimator__subsample=0.001; total time=   1.1s
[CV] END estimator__learning_rate=0.77, estimator__max_depth=13, estimator__num_leaves=2, estimator__subsample=0.001; total time=   0.0s
[CV] END estimator__learning_rate=0.77, estimator__max_depth=13, estimator__num_leaves=2, estimator__subsample=0.01; total time=   0.0s
[CV] END estimator__learning_rate=0.77, estimator__max_depth=13, estimator__num_leaves=2, estimator__subsample=0.1; total time=   0.0s
[CV] END estimator__learning_rate=0.77, estimator__max_depth=13, estimator__num_leaves=2, estimator__subsample=0.1; total time=   0.0s
[CV] END estimator__learning_rate=0.77, estimator__max_depth=13, estimator__num_leaves=4, estimator__subsample=0.1; total time=   0.2s
[CV] END estimator__learning_rate=0.77, estimator__max_depth=13, estimator__num_leaves=4, estimator__subsample=0.1; total time=   0.2s
[CV] END estimator__learning_rate=0.77, estimator__max_depth=13, estimator__num_leaves=6, estimator__subsample=0.2; total time=   0.3s
[CV] END estimator__learning_rate=0.77, estimator__max_depth=13, estimator__num_leaves=6, estimator__subsample=0.2; total time=   0.3s
[CV] END estimator__learning_rate=0.77, estimator__max_depth=13, estimator__num_leaves=10, estimator__subsample=0.01; total time=   0.5s
[CV] END estimator__learning_rate=0.77, estimator__max_depth=13, estimator__num_leaves=10, estimator__subsample=0.01; total time=   0.6s
[CV] END estimator__learning_rate=0.77, estimator__max_depth=14, estimator__num_leaves=4, estimator__subsample=0.001; total time=   0.2s
[CV] END estimator__learning_rate=0.77, estimator__max_depth=14, estimator__num_leaves=4, estimator__subsample=0.001; total time=   0.2s
[CV] END estimator__learning_rate=0.77, estimator__max_depth=14, estimator__num_leaves=6, estimator__subsample=0.001; total time=   0.3s
[CV] END estimator__learning_rate=0.77, estimator__max_depth=14, estimator__num_leaves=6, estimator__subsample=0.2; total time=   0.3s
[CV] END estimator__learning_rate=0.77, estimator__max_depth=14, estimator__num_leaves=8, estimator__subsample=0.01; total time=   0.4s
[CV] END estimator__learning_rate=0.77, estimator__max_depth=14, estimator__num_leaves=10, estimator__subsample=0.001; total time=   0.5s
[CV] END estimator__learning_rate=0.77, estimator__max_depth=14, estimator__num_leaves=31, estimator__subsample=0.01; total time=   1.1s
[CV] END estimator__learning_rate=0.58, estimator__max_depth=10, estimator__num_leaves=8, estimator__subsample=0.1; total time=   0.4s
[CV] END estimator__learning_rate=0.58, estimator__max_depth=10, estimator__num_leaves=10, estimator__subsample=0.01; total time=   0.5s
[CV] END estimator__learning_rate=0.58, estimator__max_depth=10, estimator__num_leaves=31, estimator__subsample=0.1; total time=   1.2s
[CV] END estimator__learning_rate=0.58, estimator__max_depth=11, estimator__num_leaves=6, estimator__subsample=0.1; total time=   0.3s
[CV] END estimator__learning_rate=0.58, estimator__max_depth=11, estimator__num_leaves=6, estimator__subsample=0.2; total time=   0.3s
[CV] END estimator__learning_rate=0.58, estimator__max_depth=11, estimator__num_leaves=31, estimator__subsample=0.001; total time=   1.3s
[CV] END estimator__learning_rate=0.58, estimator__max_depth=11, estimator__num_leaves=31, estimator__subsample=0.001; total time=   1.3s
[CV] END estimator__learning_rate=0.58, estimator__max_depth=12, estimator__num_leaves=10, estimator__subsample=0.2; total time=   0.5s
[CV] END estimator__learning_rate=0.58, estimator__max_depth=12, estimator__num_leaves=10, estimator__subsample=0.2; total time=   0.6s
[CV] END estimator__learning_rate=0.58, estimator__max_depth=13, estimator__num_leaves=4, estimator__subsample=0.2; total time=   0.2s
[CV] END estimator__learning_rate=0.58, estimator__max_depth=13, estimator__num_leaves=6, estimator__subsample=0.1; total time=   0.3s
[CV] END estimator__learning_rate=0.58, estimator__max_depth=13, estimator__num_leaves=8, estimator__subsample=0.001; total time=   0.4s
[CV] END estimator__learning_rate=0.58, estimator__max_depth=13, estimator__num_leaves=8, estimator__subsample=0.2; total time=   0.4s
[CV] END estimator__learning_rate=0.58, estimator__max_depth=13, estimator__num_leaves=10, estimator__subsample=0.1; total time=   0.5s
[CV] END estimator__learning_rate=0.58, estimator__max_depth=13, estimator__num_leaves=31, estimator__subsample=0.2; total time=   1.3s
[CV] END estimator__learning_rate=0.58, estimator__max_depth=14, estimator__num_leaves=8, estimator__subsample=0.01; total time=   0.4s
[CV] END estimator__learning_rate=0.58, estimator__max_depth=14, estimator__num_leaves=8, estimator__subsample=0.01; total time=   0.4s
[CV] END estimator__learning_rate=0.58, estimator__max_depth=14, estimator__num_leaves=31, estimator__subsample=0.2; total time=   1.3s
[CV] END estimator__learning_rate=0.58, estimator__max_depth=14, estimator__num_leaves=31, estimator__subsample=0.2; total time=   1.3s
[CV] END estimator__learning_rate=0.77, estimator__max_depth=11, estimator__num_leaves=2, estimator__subsample=0.001; total time=   0.0s
[CV] END estimator__learning_rate=0.77, estimator__max_depth=11, estimator__num_leaves=2, estimator__subsample=0.01; total time=   0.0s
[CV] END estimator__learning_rate=0.77, estimator__max_depth=11, estimator__num_leaves=2, estimator__subsample=0.1; total time=   0.0s
[CV] END estimator__learning_rate=0.77, estimator__max_depth=11, estimator__num_leaves=2, estimator__subsample=0.1; total time=   0.0s
[CV] END estimator__learning_rate=0.77, estimator__max_depth=11, estimator__num_leaves=4, estimator__subsample=0.01; total time=   0.2s
[CV] END estimator__learning_rate=0.77, estimator__max_depth=11, estimator__num_leaves=4, estimator__subsample=0.2; total time=   0.2s
[CV] END estimator__learning_rate=0.77, estimator__max_depth=11, estimator__num_leaves=6, estimator__subsample=0.1; total time=   0.3s
[CV] END estimator__learning_rate=0.77, estimator__max_depth=11, estimator__num_leaves=8, estimator__subsample=0.001; total time=   0.4s
[CV] END estimator__learning_rate=0.77, estimator__max_depth=11, estimator__num_leaves=8, estimator__subsample=0.2; total time=   0.4s
[CV] END estimator__learning_rate=0.77, estimator__max_depth=11, estimator__num_leaves=10, estimator__subsample=0.2; total time=   0.5s
[CV] END estimator__learning_rate=0.77, estimator__max_depth=12, estimator__num_leaves=2, estimator__subsample=0.001; total time=   0.0s
[CV] END estimator__learning_rate=0.77, estimator__max_depth=12, estimator__num_leaves=2, estimator__subsample=0.01; total time=   0.0s
[CV] END estimator__learning_rate=0.77, estimator__max_depth=12, estimator__num_leaves=2, estimator__subsample=0.1; total time=   0.0s
[CV] END estimator__learning_rate=0.77, estimator__max_depth=12, estimator__num_leaves=2, estimator__subsample=0.1; total time=   0.0s
[CV] END estimator__learning_rate=0.77, estimator__max_depth=12, estimator__num_leaves=2, estimator__subsample=0.2; total time=   0.0s
[CV] END estimator__learning_rate=0.77, estimator__max_depth=12, estimator__num_leaves=4, estimator__subsample=0.001; total time=   0.1s
[CV] END estimator__learning_rate=0.77, estimator__max_depth=12, estimator__num_leaves=4, estimator__subsample=0.1; total time=   0.2s
[CV] END estimator__learning_rate=0.77, estimator__max_depth=12, estimator__num_leaves=4, estimator__subsample=0.1; total time=   0.2s
[CV] END estimator__learning_rate=0.77, estimator__max_depth=12, estimator__num_leaves=8, estimator__subsample=0.2; total time=   0.4s
[CV] END estimator__learning_rate=0.77, estimator__max_depth=12, estimator__num_leaves=8, estimator__subsample=0.2; total time=   0.4s
[CV] END estimator__learning_rate=0.77, estimator__max_depth=13, estimator__num_leaves=2, estimator__subsample=0.001; total time=   0.0s
[CV] END estimator__learning_rate=0.77, estimator__max_depth=13, estimator__num_leaves=2, estimator__subsample=0.001; total time=   0.0s
[CV] END estimator__learning_rate=0.77, estimator__max_depth=13, estimator__num_leaves=2, estimator__subsample=0.1; total time=   0.0s
[CV] END estimator__learning_rate=0.77, estimator__max_depth=13, estimator__num_leaves=2, estimator__subsample=0.1; total time=   0.0s
[CV] END estimator__learning_rate=0.77, estimator__max_depth=13, estimator__num_leaves=4, estimator__subsample=0.01; total time=   0.2s
[CV] END estimator__learning_rate=0.77, estimator__max_depth=13, estimator__num_leaves=4, estimator__subsample=0.01; total time=   0.2s
[CV] END estimator__learning_rate=0.77, estimator__max_depth=13, estimator__num_leaves=6, estimator__subsample=0.1; total time=   0.3s
[CV] END estimator__learning_rate=0.77, estimator__max_depth=13, estimator__num_leaves=6, estimator__subsample=0.2; total time=   0.3s
[CV] END estimator__learning_rate=0.77, estimator__max_depth=13, estimator__num_leaves=10, estimator__subsample=0.001; total time=   0.5s
[CV] END estimator__learning_rate=0.77, estimator__max_depth=13, estimator__num_leaves=10, estimator__subsample=0.001; total time=   0.6s
[CV] END estimator__learning_rate=0.77, estimator__max_depth=14, estimator__num_leaves=4, estimator__subsample=0.001; total time=   0.2s
[CV] END estimator__learning_rate=0.77, estimator__max_depth=14, estimator__num_leaves=4, estimator__subsample=0.001; total time=   0.2s
[CV] END estimator__learning_rate=0.77, estimator__max_depth=14, estimator__num_leaves=6, estimator__subsample=0.001; total time=   0.3s
[CV] END estimator__learning_rate=0.77, estimator__max_depth=14, estimator__num_leaves=6, estimator__subsample=0.1; total time=   0.3s
[CV] END estimator__learning_rate=0.77, estimator__max_depth=14, estimator__num_leaves=8, estimator__subsample=0.01; total time=   0.4s
[CV] END estimator__learning_rate=0.77, estimator__max_depth=14, estimator__num_leaves=10, estimator__subsample=0.001; total time=   0.5s
[CV] END estimator__learning_rate=0.77, estimator__max_depth=14, estimator__num_leaves=31, estimator__subsample=0.001; total time=   1.1s
[CV] END estimator__learning_rate=0.77, estimator__max_depth=13, estimator__num_leaves=31, estimator__subsample=0.2; total time=   1.3s
[CV] END estimator__learning_rate=0.77, estimator__max_depth=14, estimator__num_leaves=31, estimator__subsample=0.001; total time=   1.1s
[CV] END estimator__learning_rate=0.39, estimator__max_depth=10, estimator__num_leaves=31, estimator__subsample=0.001; total time=   1.2s
[CV] END estimator__learning_rate=0.39, estimator__max_depth=10, estimator__num_leaves=31, estimator__subsample=0.001; total time=   1.3s
[CV] END estimator__learning_rate=0.39, estimator__max_depth=11, estimator__num_leaves=10, estimator__subsample=0.01; total time=   0.5s
[CV] END estimator__learning_rate=0.39, estimator__max_depth=11, estimator__num_leaves=10, estimator__subsample=0.01; total time=   0.6s
[CV] END estimator__learning_rate=0.39, estimator__max_depth=12, estimator__num_leaves=4, estimator__subsample=0.1; total time=   0.2s
[CV] END estimator__learning_rate=0.39, estimator__max_depth=12, estimator__num_leaves=6, estimator__subsample=0.001; total time=   0.3s
[CV] END estimator__learning_rate=0.39, estimator__max_depth=12, estimator__num_leaves=6, estimator__subsample=0.2; total time=   0.3s
[CV] END estimator__learning_rate=0.39, estimator__max_depth=12, estimator__num_leaves=8, estimator__subsample=0.1; total time=   0.4s
[CV] END estimator__learning_rate=0.39, estimator__max_depth=12, estimator__num_leaves=10, estimator__subsample=0.001; total time=   0.5s
[CV] END estimator__learning_rate=0.39, estimator__max_depth=12, estimator__num_leaves=31, estimator__subsample=0.01; total time=   1.3s
[CV] END estimator__learning_rate=0.39, estimator__max_depth=13, estimator__num_leaves=6, estimator__subsample=0.01; total time=   0.3s
[CV] END estimator__learning_rate=0.39, estimator__max_depth=13, estimator__num_leaves=6, estimator__subsample=0.01; total time=   0.3s
[CV] END estimator__learning_rate=0.39, estimator__max_depth=13, estimator__num_leaves=10, estimator__subsample=0.1; total time=   0.5s
[CV] END estimator__learning_rate=0.39, estimator__max_depth=13, estimator__num_leaves=10, estimator__subsample=0.2; total time=   0.6s
[CV] END estimator__learning_rate=0.39, estimator__max_depth=14, estimator__num_leaves=6, estimator__subsample=0.001; total time=   0.3s
[CV] END estimator__learning_rate=0.39, estimator__max_depth=14, estimator__num_leaves=6, estimator__subsample=0.001; total time=   0.3s
[CV] END estimator__learning_rate=0.39, estimator__max_depth=14, estimator__num_leaves=8, estimator__subsample=0.1; total time=   0.4s
[CV] END estimator__learning_rate=0.39, estimator__max_depth=14, estimator__num_leaves=8, estimator__subsample=0.1; total time=   0.4s
[CV] END estimator__learning_rate=0.39, estimator__max_depth=14, estimator__num_leaves=31, estimator__subsample=0.01; total time=   1.3s
[CV] END estimator__learning_rate=0.39, estimator__max_depth=14, estimator__num_leaves=31, estimator__subsample=0.01; total time=   1.3s
[CV] END estimator__learning_rate=0.58, estimator__max_depth=10, estimator__num_leaves=31, estimator__subsample=0.001; total time=   1.2s
[CV] END estimator__learning_rate=0.58, estimator__max_depth=11, estimator__num_leaves=4, estimator__subsample=0.001; total time=   0.2s
[CV] END estimator__learning_rate=0.58, estimator__max_depth=11, estimator__num_leaves=4, estimator__subsample=0.01; total time=   0.2s
[CV] END estimator__learning_rate=0.58, estimator__max_depth=11, estimator__num_leaves=8, estimator__subsample=0.01; total time=   0.4s
[CV] END estimator__learning_rate=0.58, estimator__max_depth=11, estimator__num_leaves=8, estimator__subsample=0.01; total time=   0.4s
[CV] END estimator__learning_rate=0.58, estimator__max_depth=11, estimator__num_leaves=31, estimator__subsample=0.1; total time=   1.3s
[CV] END estimator__learning_rate=0.58, estimator__max_depth=11, estimator__num_leaves=31, estimator__subsample=0.2; total time=   1.3s
[CV] END estimator__learning_rate=0.58, estimator__max_depth=12, estimator__num_leaves=31, estimator__subsample=0.2; total time=   1.3s
[CV] END estimator__learning_rate=0.58, estimator__max_depth=12, estimator__num_leaves=31, estimator__subsample=0.2; total time=   1.3s
[CV] END estimator__learning_rate=0.58, estimator__max_depth=13, estimator__num_leaves=31, estimator__subsample=0.001; total time=   1.3s
[CV] END estimator__learning_rate=0.58, estimator__max_depth=14, estimator__num_leaves=4, estimator__subsample=0.1; total time=   0.2s
[CV] END estimator__learning_rate=0.58, estimator__max_depth=14, estimator__num_leaves=4, estimator__subsample=0.1; total time=   0.2s
[CV] END estimator__learning_rate=0.58, estimator__max_depth=14, estimator__num_leaves=10, estimator__subsample=0.001; total time=   0.6s
[CV] END estimator__learning_rate=0.58, estimator__max_depth=14, estimator__num_leaves=10, estimator__subsample=0.001; total time=   0.5s
[CV] END estimator__learning_rate=0.77, estimator__max_depth=10, estimator__num_leaves=2, estimator__subsample=0.2; total time=   0.0s
[CV] END estimator__learning_rate=0.77, estimator__max_depth=10, estimator__num_leaves=2, estimator__subsample=0.2; total time=   0.0s
[CV] END estimator__learning_rate=0.77, estimator__max_depth=10, estimator__num_leaves=4, estimator__subsample=0.1; total time=   0.2s
[CV] END estimator__learning_rate=0.77, estimator__max_depth=10, estimator__num_leaves=4, estimator__subsample=0.1; total time=   0.2s
[CV] END estimator__learning_rate=0.77, estimator__max_depth=10, estimator__num_leaves=8, estimator__subsample=0.001; total time=   0.4s
[CV] END estimator__learning_rate=0.77, estimator__max_depth=10, estimator__num_leaves=8, estimator__subsample=0.001; total time=   0.4s
[CV] END estimator__learning_rate=0.77, estimator__max_depth=10, estimator__num_leaves=10, estimator__subsample=0.01; total time=   0.5s
[CV] END estimator__learning_rate=0.77, estimator__max_depth=10, estimator__num_leaves=10, estimator__subsample=0.01; total time=   0.6s
[CV] END estimator__learning_rate=0.77, estimator__max_depth=11, estimator__num_leaves=4, estimator__subsample=0.1; total time=   0.2s
[CV] END estimator__learning_rate=0.77, estimator__max_depth=11, estimator__num_leaves=6, estimator__subsample=0.001; total time=   0.3s
[CV] END estimator__learning_rate=0.77, estimator__max_depth=11, estimator__num_leaves=6, estimator__subsample=0.2; total time=   0.3s
[CV] END estimator__learning_rate=0.77, estimator__max_depth=11, estimator__num_leaves=8, estimator__subsample=0.1; total time=   0.4s
[CV] END estimator__learning_rate=0.77, estimator__max_depth=11, estimator__num_leaves=10, estimator__subsample=0.01; total time=   0.5s
[CV] END estimator__learning_rate=0.77, estimator__max_depth=11, estimator__num_leaves=31, estimator__subsample=0.1; total time=   1.3s
[CV] END estimator__learning_rate=0.77, estimator__max_depth=12, estimator__num_leaves=6, estimator__subsample=0.1; total time=   0.3s
[CV] END estimator__learning_rate=0.77, estimator__max_depth=12, estimator__num_leaves=6, estimator__subsample=0.2; total time=   0.3s
[CV] END estimator__learning_rate=0.77, estimator__max_depth=12, estimator__num_leaves=31, estimator__subsample=0.001; total time=   1.3s
[CV] END estimator__learning_rate=0.77, estimator__max_depth=12, estimator__num_leaves=31, estimator__subsample=0.001; total time=   1.3s
[CV] END estimator__learning_rate=0.77, estimator__max_depth=13, estimator__num_leaves=10, estimator__subsample=0.2; total time=   0.5s
[CV] END estimator__learning_rate=0.77, estimator__max_depth=13, estimator__num_leaves=10, estimator__subsample=0.2; total time=   0.6s
[CV] END estimator__learning_rate=0.77, estimator__max_depth=14, estimator__num_leaves=6, estimator__subsample=0.001; total time=   0.3s
[CV] END estimator__learning_rate=0.77, estimator__max_depth=14, estimator__num_leaves=6, estimator__subsample=0.2; total time=   0.3s
[CV] END estimator__learning_rate=0.77, estimator__max_depth=14, estimator__num_leaves=8, estimator__subsample=0.1; total time=   0.4s
[CV] END estimator__learning_rate=0.77, estimator__max_depth=14, estimator__num_leaves=10, estimator__subsample=0.001; total time=   0.5s
[CV] END estimator__learning_rate=0.77, estimator__max_depth=14, estimator__num_leaves=31, estimator__subsample=0.01; total time=   1.1s
[CV] END estimator__learning_rate=0.77, estimator__max_depth=11, estimator__num_leaves=2, estimator__subsample=0.1; total time=   0.0s
[CV] END estimator__learning_rate=0.77, estimator__max_depth=11, estimator__num_leaves=2, estimator__subsample=0.2; total time=   0.0s
[CV] END estimator__learning_rate=0.77, estimator__max_depth=11, estimator__num_leaves=4, estimator__subsample=0.01; total time=   0.2s
[CV] END estimator__learning_rate=0.77, estimator__max_depth=11, estimator__num_leaves=4, estimator__subsample=0.2; total time=   0.2s
[CV] END estimator__learning_rate=0.77, estimator__max_depth=11, estimator__num_leaves=6, estimator__subsample=0.1; total time=   0.3s
[CV] END estimator__learning_rate=0.77, estimator__max_depth=11, estimator__num_leaves=8, estimator__subsample=0.01; total time=   0.4s
[CV] END estimator__learning_rate=0.77, estimator__max_depth=11, estimator__num_leaves=8, estimator__subsample=0.2; total time=   0.4s
[CV] END estimator__learning_rate=0.77, estimator__max_depth=11, estimator__num_leaves=10, estimator__subsample=0.2; total time=   0.5s
[CV] END estimator__learning_rate=0.77, estimator__max_depth=12, estimator__num_leaves=2, estimator__subsample=0.001; total time=   0.0s
[CV] END estimator__learning_rate=0.77, estimator__max_depth=12, estimator__num_leaves=2, estimator__subsample=0.01; total time=   0.0s
[CV] END estimator__learning_rate=0.77, estimator__max_depth=12, estimator__num_leaves=2, estimator__subsample=0.1; total time=   0.0s
[CV] END estimator__learning_rate=0.77, estimator__max_depth=12, estimator__num_leaves=2, estimator__subsample=0.2; total time=   0.0s
[CV] END estimator__learning_rate=0.77, estimator__max_depth=12, estimator__num_leaves=2, estimator__subsample=0.2; total time=   0.0s
[CV] END estimator__learning_rate=0.77, estimator__max_depth=12, estimator__num_leaves=4, estimator__subsample=0.001; total time=   0.1s
[CV] END estimator__learning_rate=0.77, estimator__max_depth=12, estimator__num_leaves=4, estimator__subsample=0.1; total time=   0.2s
[CV] END estimator__learning_rate=0.77, estimator__max_depth=12, estimator__num_leaves=4, estimator__subsample=0.2; total time=   0.2s
[CV] END estimator__learning_rate=0.77, estimator__max_depth=12, estimator__num_leaves=10, estimator__subsample=0.001; total time=   0.6s
[CV] END estimator__learning_rate=0.77, estimator__max_depth=12, estimator__num_leaves=10, estimator__subsample=0.001; total time=   0.5s
[CV] END estimator__learning_rate=0.77, estimator__max_depth=13, estimator__num_leaves=2, estimator__subsample=0.2; total time=   0.0s
[CV] END estimator__learning_rate=0.77, estimator__max_depth=13, estimator__num_leaves=2, estimator__subsample=0.2; total time=   0.0s
[CV] END estimator__learning_rate=0.77, estimator__max_depth=13, estimator__num_leaves=4, estimator__subsample=0.1; total time=   0.2s
[CV] END estimator__learning_rate=0.77, estimator__max_depth=13, estimator__num_leaves=4, estimator__subsample=0.1; total time=   0.2s
[CV] END estimator__learning_rate=0.77, estimator__max_depth=13, estimator__num_leaves=8, estimator__subsample=0.001; total time=   0.4s
[CV] END estimator__learning_rate=0.77, estimator__max_depth=13, estimator__num_leaves=8, estimator__subsample=0.001; total time=   0.4s
[CV] END estimator__learning_rate=0.77, estimator__max_depth=13, estimator__num_leaves=10, estimator__subsample=0.01; total time=   0.5s
[CV] END estimator__learning_rate=0.77, estimator__max_depth=13, estimator__num_leaves=10, estimator__subsample=0.01; total time=   0.6s
[CV] END estimator__learning_rate=0.77, estimator__max_depth=14, estimator__num_leaves=4, estimator__subsample=0.1; total time=   0.2s
[CV] END estimator__learning_rate=0.77, estimator__max_depth=14, estimator__num_leaves=6, estimator__subsample=0.001; total time=   0.3s
[CV] END estimator__learning_rate=0.77, estimator__max_depth=14, estimator__num_leaves=6, estimator__subsample=0.2; total time=   0.3s
[CV] END estimator__learning_rate=0.77, estimator__max_depth=14, estimator__num_leaves=8, estimator__subsample=0.1; total time=   0.4s
[CV] END estimator__learning_rate=0.77, estimator__max_depth=14, estimator__num_leaves=10, estimator__subsample=0.01; total time=   0.5s
[CV] END estimator__learning_rate=0.77, estimator__max_depth=14, estimator__num_leaves=31, estimator__subsample=0.01; total time=   1.1s
[CV] END estimator__learning_rate=0.39, estimator__max_depth=14, estimator__num_leaves=31, estimator__subsample=0.001; total time=   1.3s
[CV] END estimator__learning_rate=0.39, estimator__max_depth=14, estimator__num_leaves=31, estimator__subsample=0.001; total time=   1.3s
[CV] END estimator__learning_rate=0.58, estimator__max_depth=10, estimator__num_leaves=10, estimator__subsample=0.1; total time=   0.5s
[CV] END estimator__learning_rate=0.58, estimator__max_depth=10, estimator__num_leaves=31, estimator__subsample=0.2; total time=   1.2s
[CV] END estimator__learning_rate=0.58, estimator__max_depth=11, estimator__num_leaves=8, estimator__subsample=0.1; total time=   0.4s
[CV] END estimator__learning_rate=0.58, estimator__max_depth=11, estimator__num_leaves=8, estimator__subsample=0.1; total time=   0.4s
[CV] END estimator__learning_rate=0.58, estimator__max_depth=11, estimator__num_leaves=31, estimator__subsample=0.2; total time=   1.3s
[CV] END estimator__learning_rate=0.58, estimator__max_depth=11, estimator__num_leaves=31, estimator__subsample=0.2; total time=   1.3s
[CV] END estimator__learning_rate=0.58, estimator__max_depth=13, estimator__num_leaves=2, estimator__subsample=0.001; total time=   0.0s
[CV] END estimator__learning_rate=0.58, estimator__max_depth=13, estimator__num_leaves=2, estimator__subsample=0.001; total time=   0.0s
[CV] END estimator__learning_rate=0.58, estimator__max_depth=13, estimator__num_leaves=2, estimator__subsample=0.01; total time=   0.0s
[CV] END estimator__learning_rate=0.58, estimator__max_depth=13, estimator__num_leaves=2, estimator__subsample=0.01; total time=   0.0s
[CV] END estimator__learning_rate=0.58, estimator__max_depth=13, estimator__num_leaves=4, estimator__subsample=0.001; total time=   0.2s
[CV] END estimator__learning_rate=0.58, estimator__max_depth=13, estimator__num_leaves=4, estimator__subsample=0.1; total time=   0.2s
[CV] END estimator__learning_rate=0.58, estimator__max_depth=13, estimator__num_leaves=6, estimator__subsample=0.01; total time=   0.3s
[CV] END estimator__learning_rate=0.58, estimator__max_depth=13, estimator__num_leaves=6, estimator__subsample=0.2; total time=   0.3s
[CV] END estimator__learning_rate=0.58, estimator__max_depth=13, estimator__num_leaves=8, estimator__subsample=0.1; total time=   0.4s
[CV] END estimator__learning_rate=0.58, estimator__max_depth=13, estimator__num_leaves=10, estimator__subsample=0.01; total time=   0.5s
[CV] END estimator__learning_rate=0.58, estimator__max_depth=13, estimator__num_leaves=31, estimator__subsample=0.1; total time=   1.3s
[CV] END estimator__learning_rate=0.58, estimator__max_depth=14, estimator__num_leaves=6, estimator__subsample=0.1; total time=   0.3s
[CV] END estimator__learning_rate=0.58, estimator__max_depth=14, estimator__num_leaves=6, estimator__subsample=0.2; total time=   0.3s
[CV] END estimator__learning_rate=0.58, estimator__max_depth=14, estimator__num_leaves=31, estimator__subsample=0.001; total time=   1.3s
[CV] END estimator__learning_rate=0.58, estimator__max_depth=14, estimator__num_leaves=31, estimator__subsample=0.001; total time=   1.3s
[CV] END estimator__learning_rate=0.77, estimator__max_depth=10, estimator__num_leaves=10, estimator__subsample=0.2; total time=   0.6s
[CV] END estimator__learning_rate=0.77, estimator__max_depth=10, estimator__num_leaves=10, estimator__subsample=0.2; total time=   0.5s
[CV] END estimator__learning_rate=0.77, estimator__max_depth=11, estimator__num_leaves=6, estimator__subsample=0.001; total time=   0.3s
[CV] END estimator__learning_rate=0.77, estimator__max_depth=11, estimator__num_leaves=6, estimator__subsample=0.1; total time=   0.3s
[CV] END estimator__learning_rate=0.77, estimator__max_depth=11, estimator__num_leaves=8, estimator__subsample=0.01; total time=   0.4s
[CV] END estimator__learning_rate=0.77, estimator__max_depth=11, estimator__num_leaves=10, estimator__subsample=0.001; total time=   0.5s
[CV] END estimator__learning_rate=0.77, estimator__max_depth=11, estimator__num_leaves=31, estimator__subsample=0.01; total time=   1.3s
[CV] END estimator__learning_rate=0.77, estimator__max_depth=12, estimator__num_leaves=6, estimator__subsample=0.01; total time=   0.4s
[CV] END estimator__learning_rate=0.77, estimator__max_depth=12, estimator__num_leaves=6, estimator__subsample=0.01; total time=   0.3s
[CV] END estimator__learning_rate=0.77, estimator__max_depth=12, estimator__num_leaves=31, estimator__subsample=0.001; total time=   1.3s
[CV] END estimator__learning_rate=0.77, estimator__max_depth=12, estimator__num_leaves=31, estimator__subsample=0.001; total time=   1.3s
[CV] END estimator__learning_rate=0.77, estimator__max_depth=13, estimator__num_leaves=10, estimator__subsample=0.2; total time=   0.6s
[CV] END estimator__learning_rate=0.77, estimator__max_depth=13, estimator__num_leaves=10, estimator__subsample=0.2; total time=   0.6s
[CV] END estimator__learning_rate=0.77, estimator__max_depth=14, estimator__num_leaves=6, estimator__subsample=0.001; total time=   0.3s
[CV] END estimator__learning_rate=0.77, estimator__max_depth=14, estimator__num_leaves=6, estimator__subsample=0.2; total time=   0.3s
[CV] END estimator__learning_rate=0.77, estimator__max_depth=14, estimator__num_leaves=8, estimator__subsample=0.1; total time=   0.4s
[CV] END estimator__learning_rate=0.77, estimator__max_depth=14, estimator__num_leaves=10, estimator__subsample=0.01; total time=   0.5s
[CV] END estimator__learning_rate=0.77, estimator__max_depth=14, estimator__num_leaves=31, estimator__subsample=0.01; total time=   1.1s
[CV] END estimator__learning_rate=0.58, estimator__max_depth=14, estimator__num_leaves=4, estimator__subsample=0.01; total time=   0.2s
[CV] END estimator__learning_rate=0.58, estimator__max_depth=14, estimator__num_leaves=4, estimator__subsample=0.01; total time=   0.2s
[CV] END estimator__learning_rate=0.58, estimator__max_depth=14, estimator__num_leaves=8, estimator__subsample=0.1; total time=   0.4s
[CV] END estimator__learning_rate=0.58, estimator__max_depth=14, estimator__num_leaves=8, estimator__subsample=0.2; total time=   0.4s
[CV] END estimator__learning_rate=0.77, estimator__max_depth=10, estimator__num_leaves=2, estimator__subsample=0.001; total time=   0.0s
[CV] END estimator__learning_rate=0.77, estimator__max_depth=10, estimator__num_leaves=2, estimator__subsample=0.001; total time=   0.0s
[CV] END estimator__learning_rate=0.77, estimator__max_depth=10, estimator__num_leaves=2, estimator__subsample=0.1; total time=   0.0s
[CV] END estimator__learning_rate=0.77, estimator__max_depth=10, estimator__num_leaves=2, estimator__subsample=0.1; total time=   0.0s
[CV] END estimator__learning_rate=0.77, estimator__max_depth=10, estimator__num_leaves=4, estimator__subsample=0.01; total time=   0.2s
[CV] END estimator__learning_rate=0.77, estimator__max_depth=10, estimator__num_leaves=4, estimator__subsample=0.01; total time=   0.2s
[CV] END estimator__learning_rate=0.77, estimator__max_depth=10, estimator__num_leaves=6, estimator__subsample=0.2; total time=   0.3s
[CV] END estimator__learning_rate=0.77, estimator__max_depth=10, estimator__num_leaves=6, estimator__subsample=0.2; total time=   0.3s
[CV] END estimator__learning_rate=0.77, estimator__max_depth=10, estimator__num_leaves=10, estimator__subsample=0.001; total time=   0.5s
[CV] END estimator__learning_rate=0.77, estimator__max_depth=10, estimator__num_leaves=10, estimator__subsample=0.01; total time=   0.5s
[CV] END estimator__learning_rate=0.77, estimator__max_depth=11, estimator__num_leaves=2, estimator__subsample=0.2; total time=   0.0s
[CV] END estimator__learning_rate=0.77, estimator__max_depth=11, estimator__num_leaves=2, estimator__subsample=0.2; total time=   0.0s
[CV] END estimator__learning_rate=0.77, estimator__max_depth=11, estimator__num_leaves=4, estimator__subsample=0.01; total time=   0.2s
[CV] END estimator__learning_rate=0.77, estimator__max_depth=11, estimator__num_leaves=4, estimator__subsample=0.2; total time=   0.2s
[CV] END estimator__learning_rate=0.77, estimator__max_depth=11, estimator__num_leaves=6, estimator__subsample=0.1; total time=   0.3s
[CV] END estimator__learning_rate=0.77, estimator__max_depth=11, estimator__num_leaves=8, estimator__subsample=0.01; total time=   0.4s
[CV] END estimator__learning_rate=0.77, estimator__max_depth=11, estimator__num_leaves=10, estimator__subsample=0.001; total time=   0.5s
[CV] END estimator__learning_rate=0.77, estimator__max_depth=11, estimator__num_leaves=31, estimator__subsample=0.001; total time=   1.3s
[CV] END estimator__learning_rate=0.77, estimator__max_depth=12, estimator__num_leaves=6, estimator__subsample=0.001; total time=   0.3s
[CV] END estimator__learning_rate=0.77, estimator__max_depth=12, estimator__num_leaves=6, estimator__subsample=0.001; total time=   0.3s
[CV] END estimator__learning_rate=0.77, estimator__max_depth=12, estimator__num_leaves=10, estimator__subsample=0.01; total time=   0.5s
[CV] END estimator__learning_rate=0.77, estimator__max_depth=12, estimator__num_leaves=10, estimator__subsample=0.01; total time=   0.6s
[CV] END estimator__learning_rate=0.77, estimator__max_depth=13, estimator__num_leaves=4, estimator__subsample=0.2; total time=   0.2s
[CV] END estimator__learning_rate=0.77, estimator__max_depth=13, estimator__num_leaves=4, estimator__subsample=0.2; total time=   0.2s
[CV] END estimator__learning_rate=0.77, estimator__max_depth=13, estimator__num_leaves=8, estimator__subsample=0.001; total time=   0.4s
[CV] END estimator__learning_rate=0.77, estimator__max_depth=13, estimator__num_leaves=8, estimator__subsample=0.001; total time=   0.4s
[CV] END estimator__learning_rate=0.77, estimator__max_depth=13, estimator__num_leaves=10, estimator__subsample=0.1; total time=   0.5s
[CV] END estimator__learning_rate=0.77, estimator__max_depth=13, estimator__num_leaves=10, estimator__subsample=0.1; total time=   0.6s
[CV] END estimator__learning_rate=0.77, estimator__max_depth=14, estimator__num_leaves=4, estimator__subsample=0.1; total time=   0.2s
[CV] END estimator__learning_rate=0.77, estimator__max_depth=14, estimator__num_leaves=6, estimator__subsample=0.01; total time=   0.3s
[CV] END estimator__learning_rate=0.77, estimator__max_depth=14, estimator__num_leaves=6, estimator__subsample=0.2; total time=   0.3s
[CV] END estimator__learning_rate=0.77, estimator__max_depth=14, estimator__num_leaves=8, estimator__subsample=0.1; total time=   0.4s
[CV] END estimator__learning_rate=0.77, estimator__max_depth=14, estimator__num_leaves=10, estimator__subsample=0.01; total time=   0.5s
[CV] END estimator__learning_rate=0.77, estimator__max_depth=14, estimator__num_leaves=31, estimator__subsample=0.01; total time=   1.1s
[CV] END estimator__learning_rate=0.77, estimator__max_depth=13, estimator__num_leaves=4, estimator__subsample=0.001; total time=   0.2s
[CV] END estimator__learning_rate=0.77, estimator__max_depth=13, estimator__num_leaves=4, estimator__subsample=0.001; total time=   0.2s
[CV] END estimator__learning_rate=0.77, estimator__max_depth=13, estimator__num_leaves=6, estimator__subsample=0.01; total time=   0.3s
[CV] END estimator__learning_rate=0.77, estimator__max_depth=13, estimator__num_leaves=6, estimator__subsample=0.01; total time=   0.3s
[CV] END estimator__learning_rate=0.77, estimator__max_depth=13, estimator__num_leaves=8, estimator__subsample=0.2; total time=   0.4s
[CV] END estimator__learning_rate=0.77, estimator__max_depth=13, estimator__num_leaves=8, estimator__subsample=0.2; total time=   0.4s
[CV] END estimator__learning_rate=0.77, estimator__max_depth=13, estimator__num_leaves=31, estimator__subsample=0.1; total time=   1.3s
[CV] END estimator__learning_rate=0.77, estimator__max_depth=13, estimator__num_leaves=31, estimator__subsample=0.1; total time=   1.5s
[CV] END estimator__learning_rate=0.77, estimator__max_depth=14, estimator__num_leaves=31, estimator__subsample=0.1; total time=   1.0s
[CV] END estimator__learning_rate=0.77, estimator__max_depth=10, estimator__num_leaves=31, estimator__subsample=0.2; total time=   1.2s
[CV] END estimator__learning_rate=0.77, estimator__max_depth=11, estimator__num_leaves=31, estimator__subsample=0.01; total time=   1.2s
[CV] END estimator__learning_rate=0.77, estimator__max_depth=12, estimator__num_leaves=4, estimator__subsample=0.2; total time=   0.2s
[CV] END estimator__learning_rate=0.77, estimator__max_depth=12, estimator__num_leaves=4, estimator__subsample=0.2; total time=   0.2s
[CV] END estimator__learning_rate=0.77, estimator__max_depth=12, estimator__num_leaves=10, estimator__subsample=0.001; total time=   0.6s
[CV] END estimator__learning_rate=0.77, estimator__max_depth=12, estimator__num_leaves=10, estimator__subsample=0.01; total time=   0.5s
[CV] END estimator__learning_rate=0.77, estimator__max_depth=13, estimator__num_leaves=2, estimator__subsample=0.2; total time=   0.0s
[CV] END estimator__learning_rate=0.77, estimator__max_depth=13, estimator__num_leaves=2, estimator__subsample=0.2; total time=   0.0s
[CV] END estimator__learning_rate=0.77, estimator__max_depth=13, estimator__num_leaves=4, estimator__subsample=0.1; total time=   0.2s
[CV] END estimator__learning_rate=0.77, estimator__max_depth=13, estimator__num_leaves=4, estimator__subsample=0.2; total time=   0.2s
[CV] END estimator__learning_rate=0.77, estimator__max_depth=13, estimator__num_leaves=8, estimator__subsample=0.001; total time=   0.4s
[CV] END estimator__learning_rate=0.77, estimator__max_depth=13, estimator__num_leaves=8, estimator__subsample=0.01; total time=   0.4s
[CV] END estimator__learning_rate=0.77, estimator__max_depth=13, estimator__num_leaves=10, estimator__subsample=0.1; total time=   0.5s
[CV] END estimator__learning_rate=0.77, estimator__max_depth=13, estimator__num_leaves=10, estimator__subsample=0.1; total time=   0.6s
[CV] END estimator__learning_rate=0.77, estimator__max_depth=14, estimator__num_leaves=4, estimator__subsample=0.1; total time=   0.2s
[CV] END estimator__learning_rate=0.77, estimator__max_depth=14, estimator__num_leaves=6, estimator__subsample=0.01; total time=   0.3s
[CV] END estimator__learning_rate=0.77, estimator__max_depth=14, estimator__num_leaves=8, estimator__subsample=0.001; total time=   0.4s
[CV] END estimator__learning_rate=0.77, estimator__max_depth=14, estimator__num_leaves=8, estimator__subsample=0.1; total time=   0.4s
[CV] END estimator__learning_rate=0.77, estimator__max_depth=14, estimator__num_leaves=10, estimator__subsample=0.01; total time=   0.5s
[CV] END estimator__learning_rate=0.77, estimator__max_depth=14, estimator__num_leaves=31, estimator__subsample=0.1; total time=   1.0s
[CV] END estimator__learning_rate=0.77, estimator__max_depth=13, estimator__num_leaves=10, estimator__subsample=0.1; total time=   0.5s
[CV] END estimator__learning_rate=0.77, estimator__max_depth=13, estimator__num_leaves=10, estimator__subsample=0.2; total time=   0.5s
[CV] END estimator__learning_rate=0.77, estimator__max_depth=14, estimator__num_leaves=4, estimator__subsample=0.1; total time=   0.2s
[CV] END estimator__learning_rate=0.77, estimator__max_depth=14, estimator__num_leaves=6, estimator__subsample=0.01; total time=   0.3s
[CV] END estimator__learning_rate=0.77, estimator__max_depth=14, estimator__num_leaves=8, estimator__subsample=0.001; total time=   0.4s
[CV] END estimator__learning_rate=0.77, estimator__max_depth=14, estimator__num_leaves=8, estimator__subsample=0.2; total time=   0.4s
[CV] END estimator__learning_rate=0.77, estimator__max_depth=14, estimator__num_leaves=10, estimator__subsample=0.01; total time=   0.5s
[CV] END estimator__learning_rate=0.77, estimator__max_depth=14, estimator__num_leaves=31, estimator__subsample=0.1; total time=   1.0s
[CV] END estimator__learning_rate=0.77, estimator__max_depth=13, estimator__num_leaves=6, estimator__subsample=0.1; total time=   0.3s
[CV] END estimator__learning_rate=0.77, estimator__max_depth=13, estimator__num_leaves=8, estimator__subsample=0.2; total time=   0.4s
[CV] END estimator__learning_rate=0.77, estimator__max_depth=13, estimator__num_leaves=8, estimator__subsample=0.2; total time=   0.4s
[CV] END estimator__learning_rate=0.77, estimator__max_depth=13, estimator__num_leaves=31, estimator__subsample=0.1; total time=   1.6s
[CV] END estimator__learning_rate=0.77, estimator__max_depth=13, estimator__num_leaves=31, estimator__subsample=0.2; total time=   1.3s
[CV] END estimator__learning_rate=0.77, estimator__max_depth=14, estimator__num_leaves=31, estimator__subsample=0.1; total time=   1.0s
[CV] END estimator__learning_rate=0.77, estimator__max_depth=14, estimator__num_leaves=6, estimator__subsample=0.01; total time=   0.3s
[CV] END estimator__learning_rate=0.77, estimator__max_depth=14, estimator__num_leaves=8, estimator__subsample=0.001; total time=   0.4s
[CV] END estimator__learning_rate=0.77, estimator__max_depth=14, estimator__num_leaves=8, estimator__subsample=0.2; total time=   0.4s
[CV] END estimator__learning_rate=0.77, estimator__max_depth=14, estimator__num_leaves=10, estimator__subsample=0.1; total time=   0.5s
[CV] END estimator__learning_rate=0.77, estimator__max_depth=14, estimator__num_leaves=31, estimator__subsample=0.2; total time=   1.0s
[CV] END estimator__learning_rate=0.39, estimator__max_depth=14, estimator__num_leaves=31, estimator__subsample=0.01; total time=   1.3s
[CV] END estimator__learning_rate=0.39, estimator__max_depth=14, estimator__num_leaves=31, estimator__subsample=0.01; total time=   1.3s
[CV] END estimator__learning_rate=0.58, estimator__max_depth=10, estimator__num_leaves=10, estimator__subsample=0.2; total time=   0.5s
[CV] END estimator__learning_rate=0.58, estimator__max_depth=11, estimator__num_leaves=2, estimator__subsample=0.001; total time=   0.0s
[CV] END estimator__learning_rate=0.58, estimator__max_depth=11, estimator__num_leaves=2, estimator__subsample=0.01; total time=   0.0s
[CV] END estimator__learning_rate=0.58, estimator__max_depth=11, estimator__num_leaves=2, estimator__subsample=0.1; total time=   0.0s
[CV] END estimator__learning_rate=0.58, estimator__max_depth=11, estimator__num_leaves=2, estimator__subsample=0.1; total time=   0.0s
[CV] END estimator__learning_rate=0.58, estimator__max_depth=11, estimator__num_leaves=2, estimator__subsample=0.2; total time=   0.0s
[CV] END estimator__learning_rate=0.58, estimator__max_depth=11, estimator__num_leaves=4, estimator__subsample=0.001; total time=   0.2s
[CV] END estimator__learning_rate=0.58, estimator__max_depth=11, estimator__num_leaves=6, estimator__subsample=0.001; total time=   0.3s
[CV] END estimator__learning_rate=0.58, estimator__max_depth=11, estimator__num_leaves=6, estimator__subsample=0.001; total time=   0.3s
[CV] END estimator__learning_rate=0.58, estimator__max_depth=11, estimator__num_leaves=10, estimator__subsample=0.1; total time=   0.6s
[CV] END estimator__learning_rate=0.58, estimator__max_depth=11, estimator__num_leaves=10, estimator__subsample=0.1; total time=   0.6s
[CV] END estimator__learning_rate=0.58, estimator__max_depth=12, estimator__num_leaves=4, estimator__subsample=0.2; total time=   0.2s
[CV] END estimator__learning_rate=0.58, estimator__max_depth=12, estimator__num_leaves=4, estimator__subsample=0.2; total time=   0.2s
[CV] END estimator__learning_rate=0.58, estimator__max_depth=12, estimator__num_leaves=8, estimator__subsample=0.01; total time=   0.4s
[CV] END estimator__learning_rate=0.58, estimator__max_depth=12, estimator__num_leaves=8, estimator__subsample=0.01; total time=   0.4s
[CV] END estimator__learning_rate=0.58, estimator__max_depth=12, estimator__num_leaves=10, estimator__subsample=0.2; total time=   0.5s
[CV] END estimator__learning_rate=0.58, estimator__max_depth=12, estimator__num_leaves=10, estimator__subsample=0.2; total time=   0.6s
[CV] END estimator__learning_rate=0.58, estimator__max_depth=13, estimator__num_leaves=4, estimator__subsample=0.2; total time=   0.2s
[CV] END estimator__learning_rate=0.58, estimator__max_depth=13, estimator__num_leaves=6, estimator__subsample=0.1; total time=   0.3s
[CV] END estimator__learning_rate=0.58, estimator__max_depth=13, estimator__num_leaves=8, estimator__subsample=0.01; total time=   0.4s
[CV] END estimator__learning_rate=0.58, estimator__max_depth=13, estimator__num_leaves=8, estimator__subsample=0.2; total time=   0.4s
[CV] END estimator__learning_rate=0.58, estimator__max_depth=13, estimator__num_leaves=10, estimator__subsample=0.1; total time=   0.5s
[CV] END estimator__learning_rate=0.58, estimator__max_depth=13, estimator__num_leaves=31, estimator__subsample=0.2; total time=   1.3s
[CV] END estimator__learning_rate=0.58, estimator__max_depth=14, estimator__num_leaves=8, estimator__subsample=0.01; total time=   0.4s
[CV] END estimator__learning_rate=0.58, estimator__max_depth=14, estimator__num_leaves=8, estimator__subsample=0.01; total time=   0.4s
[CV] END estimator__learning_rate=0.58, estimator__max_depth=14, estimator__num_leaves=31, estimator__subsample=0.1; total time=   1.3s
[CV] END estimator__learning_rate=0.58, estimator__max_depth=14, estimator__num_leaves=31, estimator__subsample=0.2; total time=   1.3s
[CV] END estimator__learning_rate=0.77, estimator__max_depth=11, estimator__num_leaves=2, estimator__subsample=0.001; total time=   0.0s
[CV] END estimator__learning_rate=0.77, estimator__max_depth=11, estimator__num_leaves=2, estimator__subsample=0.001; total time=   0.0s
[CV] END estimator__learning_rate=0.77, estimator__max_depth=11, estimator__num_leaves=2, estimator__subsample=0.1; total time=   0.0s
[CV] END estimator__learning_rate=0.77, estimator__max_depth=11, estimator__num_leaves=2, estimator__subsample=0.1; total time=   0.0s
[CV] END estimator__learning_rate=0.77, estimator__max_depth=11, estimator__num_leaves=4, estimator__subsample=0.01; total time=   0.2s
[CV] END estimator__learning_rate=0.77, estimator__max_depth=11, estimator__num_leaves=4, estimator__subsample=0.2; total time=   0.2s
[CV] END estimator__learning_rate=0.77, estimator__max_depth=11, estimator__num_leaves=6, estimator__subsample=0.01; total time=   0.3s
[CV] END estimator__learning_rate=0.77, estimator__max_depth=11, estimator__num_leaves=8, estimator__subsample=0.001; total time=   0.4s
[CV] END estimator__learning_rate=0.77, estimator__max_depth=11, estimator__num_leaves=8, estimator__subsample=0.2; total time=   0.4s
[CV] END estimator__learning_rate=0.77, estimator__max_depth=11, estimator__num_leaves=10, estimator__subsample=0.2; total time=   0.5s
[CV] END estimator__learning_rate=0.77, estimator__max_depth=11, estimator__num_leaves=31, estimator__subsample=0.2; total time=   1.3s
[CV] END estimator__learning_rate=0.77, estimator__max_depth=12, estimator__num_leaves=8, estimator__subsample=0.01; total time=   0.4s
[CV] END estimator__learning_rate=0.77, estimator__max_depth=12, estimator__num_leaves=8, estimator__subsample=0.01; total time=   0.4s
[CV] END estimator__learning_rate=0.77, estimator__max_depth=12, estimator__num_leaves=31, estimator__subsample=0.1; total time=   1.3s
[CV] END estimator__learning_rate=0.77, estimator__max_depth=12, estimator__num_leaves=31, estimator__subsample=0.2; total time=   1.3s
[CV] END estimator__learning_rate=0.77, estimator__max_depth=14, estimator__num_leaves=2, estimator__subsample=0.001; total time=   0.0s
[CV] END estimator__learning_rate=0.77, estimator__max_depth=14, estimator__num_leaves=2, estimator__subsample=0.001; total time=   0.0s
[CV] END estimator__learning_rate=0.77, estimator__max_depth=14, estimator__num_leaves=2, estimator__subsample=0.01; total time=   0.0s
[CV] END estimator__learning_rate=0.77, estimator__max_depth=14, estimator__num_leaves=2, estimator__subsample=0.01; total time=   0.0s
[CV] END estimator__learning_rate=0.77, estimator__max_depth=14, estimator__num_leaves=4, estimator__subsample=0.001; total time=   0.2s
[CV] END estimator__learning_rate=0.77, estimator__max_depth=14, estimator__num_leaves=4, estimator__subsample=0.1; total time=   0.2s
[CV] END estimator__learning_rate=0.77, estimator__max_depth=14, estimator__num_leaves=6, estimator__subsample=0.01; total time=   0.3s
[CV] END estimator__learning_rate=0.77, estimator__max_depth=14, estimator__num_leaves=8, estimator__subsample=0.001; total time=   0.4s
[CV] END estimator__learning_rate=0.77, estimator__max_depth=14, estimator__num_leaves=8, estimator__subsample=0.2; total time=   0.4s
[CV] END estimator__learning_rate=0.77, estimator__max_depth=14, estimator__num_leaves=10, estimator__subsample=0.1; total time=   0.5s
[CV] END estimator__learning_rate=0.77, estimator__max_depth=14, estimator__num_leaves=31, estimator__subsample=0.1; total time=   1.0s
[CV] END estimator__learning_rate=0.77, estimator__max_depth=14, estimator__num_leaves=2, estimator__subsample=0.1; total time=   0.0s
[CV] END estimator__learning_rate=0.77, estimator__max_depth=14, estimator__num_leaves=2, estimator__subsample=0.1; total time=   0.0s
[CV] END estimator__learning_rate=0.77, estimator__max_depth=14, estimator__num_leaves=4, estimator__subsample=0.01; total time=   0.2s
[CV] END estimator__learning_rate=0.77, estimator__max_depth=14, estimator__num_leaves=4, estimator__subsample=0.2; total time=   0.2s
[CV] END estimator__learning_rate=0.77, estimator__max_depth=14, estimator__num_leaves=6, estimator__subsample=0.1; total time=   0.3s
[CV] END estimator__learning_rate=0.77, estimator__max_depth=14, estimator__num_leaves=8, estimator__subsample=0.001; total time=   0.4s
[CV] END estimator__learning_rate=0.77, estimator__max_depth=14, estimator__num_leaves=8, estimator__subsample=0.2; total time=   0.4s
[CV] END estimator__learning_rate=0.77, estimator__max_depth=14, estimator__num_leaves=10, estimator__subsample=0.1; total time=   0.5s
[CV] END estimator__learning_rate=0.77, estimator__max_depth=14, estimator__num_leaves=31, estimator__subsample=0.2; total time=   1.0s
[CV] END estimator__learning_rate=0.39, estimator__max_depth=14, estimator__num_leaves=4, estimator__subsample=0.2; total time=   0.2s
[CV] END estimator__learning_rate=0.39, estimator__max_depth=14, estimator__num_leaves=4, estimator__subsample=0.2; total time=   0.2s
[CV] END estimator__learning_rate=0.39, estimator__max_depth=14, estimator__num_leaves=8, estimator__subsample=0.001; total time=   0.4s
[CV] END estimator__learning_rate=0.39, estimator__max_depth=14, estimator__num_leaves=8, estimator__subsample=0.01; total time=   0.4s
[CV] END estimator__learning_rate=0.39, estimator__max_depth=14, estimator__num_leaves=10, estimator__subsample=0.1; total time=   0.5s
[CV] END estimator__learning_rate=0.39, estimator__max_depth=14, estimator__num_leaves=10, estimator__subsample=0.1; total time=   0.6s
[CV] END estimator__learning_rate=0.58, estimator__max_depth=10, estimator__num_leaves=4, estimator__subsample=0.1; total time=   0.2s
[CV] END estimator__learning_rate=0.58, estimator__max_depth=10, estimator__num_leaves=6, estimator__subsample=0.001; total time=   0.3s
[CV] END estimator__learning_rate=0.58, estimator__max_depth=10, estimator__num_leaves=6, estimator__subsample=0.2; total time=   0.3s
[CV] END estimator__learning_rate=0.58, estimator__max_depth=10, estimator__num_leaves=8, estimator__subsample=0.1; total time=   0.4s
[CV] END estimator__learning_rate=0.58, estimator__max_depth=10, estimator__num_leaves=10, estimator__subsample=0.01; total time=   0.5s
[CV] END estimator__learning_rate=0.58, estimator__max_depth=10, estimator__num_leaves=31, estimator__subsample=0.1; total time=   1.2s
[CV] END estimator__learning_rate=0.58, estimator__max_depth=11, estimator__num_leaves=6, estimator__subsample=0.001; total time=   0.3s
[CV] END estimator__learning_rate=0.58, estimator__max_depth=11, estimator__num_leaves=6, estimator__subsample=0.001; total time=   0.4s
[CV] END estimator__learning_rate=0.58, estimator__max_depth=11, estimator__num_leaves=31, estimator__subsample=0.001; total time=   1.3s
[CV] END estimator__learning_rate=0.58, estimator__max_depth=11, estimator__num_leaves=31, estimator__subsample=0.001; total time=   1.3s
[CV] END estimator__learning_rate=0.58, estimator__max_depth=12, estimator__num_leaves=10, estimator__subsample=0.1; total time=   0.5s
[CV] END estimator__learning_rate=0.58, estimator__max_depth=12, estimator__num_leaves=10, estimator__subsample=0.2; total time=   0.6s
[CV] END estimator__learning_rate=0.58, estimator__max_depth=13, estimator__num_leaves=4, estimator__subsample=0.2; total time=   0.2s
[CV] END estimator__learning_rate=0.58, estimator__max_depth=13, estimator__num_leaves=6, estimator__subsample=0.01; total time=   0.3s
[CV] END estimator__learning_rate=0.58, estimator__max_depth=13, estimator__num_leaves=8, estimator__subsample=0.001; total time=   0.4s
[CV] END estimator__learning_rate=0.58, estimator__max_depth=13, estimator__num_leaves=8, estimator__subsample=0.2; total time=   0.4s
[CV] END estimator__learning_rate=0.58, estimator__max_depth=13, estimator__num_leaves=10, estimator__subsample=0.1; total time=   0.5s
[CV] END estimator__learning_rate=0.58, estimator__max_depth=13, estimator__num_leaves=31, estimator__subsample=0.2; total time=   1.3s
[CV] END estimator__learning_rate=0.58, estimator__max_depth=14, estimator__num_leaves=8, estimator__subsample=0.001; total time=   0.4s
[CV] END estimator__learning_rate=0.58, estimator__max_depth=14, estimator__num_leaves=8, estimator__subsample=0.01; total time=   0.4s
[CV] END estimator__learning_rate=0.58, estimator__max_depth=14, estimator__num_leaves=31, estimator__subsample=0.1; total time=   1.4s
[CV] END estimator__learning_rate=0.58, estimator__max_depth=14, estimator__num_leaves=31, estimator__subsample=0.1; total time=   1.3s
[CV] END estimator__learning_rate=0.77, estimator__max_depth=11, estimator__num_leaves=2, estimator__subsample=0.001; total time=   0.0s
[CV] END estimator__learning_rate=0.77, estimator__max_depth=11, estimator__num_leaves=2, estimator__subsample=0.001; total time=   0.0s
[CV] END estimator__learning_rate=0.77, estimator__max_depth=11, estimator__num_leaves=2, estimator__subsample=0.01; total time=   0.0s
[CV] END estimator__learning_rate=0.77, estimator__max_depth=11, estimator__num_leaves=2, estimator__subsample=0.01; total time=   0.0s
[CV] END estimator__learning_rate=0.77, estimator__max_depth=11, estimator__num_leaves=4, estimator__subsample=0.001; total time=   0.2s
[CV] END estimator__learning_rate=0.77, estimator__max_depth=11, estimator__num_leaves=4, estimator__subsample=0.1; total time=   0.2s
[CV] END estimator__learning_rate=0.77, estimator__max_depth=11, estimator__num_leaves=6, estimator__subsample=0.01; total time=   0.3s
[CV] END estimator__learning_rate=0.77, estimator__max_depth=11, estimator__num_leaves=8, estimator__subsample=0.001; total time=   0.4s
[CV] END estimator__learning_rate=0.77, estimator__max_depth=11, estimator__num_leaves=8, estimator__subsample=0.2; total time=   0.4s
[CV] END estimator__learning_rate=0.77, estimator__max_depth=11, estimator__num_leaves=10, estimator__subsample=0.1; total time=   0.5s
[CV] END estimator__learning_rate=0.77, estimator__max_depth=11, estimator__num_leaves=31, estimator__subsample=0.2; total time=   1.3s
[CV] END estimator__learning_rate=0.77, estimator__max_depth=12, estimator__num_leaves=8, estimator__subsample=0.1; total time=   0.4s
[CV] END estimator__learning_rate=0.77, estimator__max_depth=12, estimator__num_leaves=8, estimator__subsample=0.2; total time=   0.4s
[CV] END estimator__learning_rate=0.77, estimator__max_depth=12, estimator__num_leaves=31, estimator__subsample=0.2; total time=   1.3s
[CV] END estimator__learning_rate=0.77, estimator__max_depth=12, estimator__num_leaves=31, estimator__subsample=0.2; total time=   1.3s
[CV] END estimator__learning_rate=0.77, estimator__max_depth=14, estimator__num_leaves=2, estimator__subsample=0.01; total time=   0.0s
[CV] END estimator__learning_rate=0.77, estimator__max_depth=14, estimator__num_leaves=2, estimator__subsample=0.01; total time=   0.0s
[CV] END estimator__learning_rate=0.77, estimator__max_depth=14, estimator__num_leaves=2, estimator__subsample=0.1; total time=   0.0s
[CV] END estimator__learning_rate=0.77, estimator__max_depth=14, estimator__num_leaves=2, estimator__subsample=0.2; total time=   0.0s
[CV] END estimator__learning_rate=0.77, estimator__max_depth=14, estimator__num_leaves=4, estimator__subsample=0.01; total time=   0.2s
[CV] END estimator__learning_rate=0.77, estimator__max_depth=14, estimator__num_leaves=4, estimator__subsample=0.2; total time=   0.2s
[CV] END estimator__learning_rate=0.77, estimator__max_depth=14, estimator__num_leaves=6, estimator__subsample=0.1; total time=   0.3s
[CV] END estimator__learning_rate=0.77, estimator__max_depth=14, estimator__num_leaves=8, estimator__subsample=0.01; total time=   0.4s
[CV] END estimator__learning_rate=0.77, estimator__max_depth=14, estimator__num_leaves=8, estimator__subsample=0.2; total time=   0.4s
[CV] END estimator__learning_rate=0.77, estimator__max_depth=14, estimator__num_leaves=10, estimator__subsample=0.1; total time=   0.5s
[CV] END estimator__learning_rate=0.77, estimator__max_depth=14, estimator__num_leaves=31, estimator__subsample=0.2; total time=   1.0s
[CV] END estimator__learning_rate=0.39, estimator__max_depth=13, estimator__num_leaves=4, estimator__subsample=0.01; total time=   0.2s
[CV] END estimator__learning_rate=0.39, estimator__max_depth=13, estimator__num_leaves=8, estimator__subsample=0.01; total time=   0.4s
[CV] END estimator__learning_rate=0.39, estimator__max_depth=13, estimator__num_leaves=8, estimator__subsample=0.01; total time=   0.4s
[CV] END estimator__learning_rate=0.39, estimator__max_depth=13, estimator__num_leaves=31, estimator__subsample=0.2; total time=   1.3s
[CV] END estimator__learning_rate=0.39, estimator__max_depth=13, estimator__num_leaves=31, estimator__subsample=0.2; total time=   1.3s
[CV] END estimator__learning_rate=0.58, estimator__max_depth=10, estimator__num_leaves=2, estimator__subsample=0.001; total time=   0.0s
[CV] END estimator__learning_rate=0.58, estimator__max_depth=10, estimator__num_leaves=2, estimator__subsample=0.01; total time=   0.0s
[CV] END estimator__learning_rate=0.58, estimator__max_depth=10, estimator__num_leaves=2, estimator__subsample=0.1; total time=   0.0s
[CV] END estimator__learning_rate=0.58, estimator__max_depth=10, estimator__num_leaves=2, estimator__subsample=0.1; total time=   0.0s
[CV] END estimator__learning_rate=0.58, estimator__max_depth=10, estimator__num_leaves=4, estimator__subsample=0.01; total time=   0.2s
[CV] END estimator__learning_rate=0.58, estimator__max_depth=10, estimator__num_leaves=4, estimator__subsample=0.2; total time=   0.2s
[CV] END estimator__learning_rate=0.58, estimator__max_depth=10, estimator__num_leaves=6, estimator__subsample=0.01; total time=   0.3s
[CV] END estimator__learning_rate=0.58, estimator__max_depth=10, estimator__num_leaves=8, estimator__subsample=0.001; total time=   0.4s
[CV] END estimator__learning_rate=0.58, estimator__max_depth=10, estimator__num_leaves=8, estimator__subsample=0.2; total time=   0.4s
[CV] END estimator__learning_rate=0.58, estimator__max_depth=10, estimator__num_leaves=10, estimator__subsample=0.1; total time=   0.5s
[CV] END estimator__learning_rate=0.58, estimator__max_depth=10, estimator__num_leaves=31, estimator__subsample=0.2; total time=   1.2s
[CV] END estimator__learning_rate=0.58, estimator__max_depth=11, estimator__num_leaves=6, estimator__subsample=0.2; total time=   0.3s
[CV] END estimator__learning_rate=0.58, estimator__max_depth=11, estimator__num_leaves=6, estimator__subsample=0.2; total time=   0.3s
[CV] END estimator__learning_rate=0.58, estimator__max_depth=11, estimator__num_leaves=31, estimator__subsample=0.001; total time=   1.3s
[CV] END estimator__learning_rate=0.58, estimator__max_depth=11, estimator__num_leaves=31, estimator__subsample=0.01; total time=   1.3s
[CV] END estimator__learning_rate=0.58, estimator__max_depth=12, estimator__num_leaves=31, estimator__subsample=0.001; total time=   1.3s
[CV] END estimator__learning_rate=0.58, estimator__max_depth=12, estimator__num_leaves=31, estimator__subsample=0.001; total time=   1.3s
[CV] END estimator__learning_rate=0.58, estimator__max_depth=13, estimator__num_leaves=10, estimator__subsample=0.01; total time=   0.5s
[CV] END estimator__learning_rate=0.58, estimator__max_depth=13, estimator__num_leaves=31, estimator__subsample=0.1; total time=   1.3s
[CV] END estimator__learning_rate=0.58, estimator__max_depth=14, estimator__num_leaves=6, estimator__subsample=0.2; total time=   0.3s
[CV] END estimator__learning_rate=0.58, estimator__max_depth=14, estimator__num_leaves=6, estimator__subsample=0.2; total time=   0.3s
[CV] END estimator__learning_rate=0.58, estimator__max_depth=14, estimator__num_leaves=31, estimator__subsample=0.001; total time=   1.3s
[CV] END estimator__learning_rate=0.58, estimator__max_depth=14, estimator__num_leaves=31, estimator__subsample=0.01; total time=   1.3s
[CV] END estimator__learning_rate=0.77, estimator__max_depth=10, estimator__num_leaves=31, estimator__subsample=0.001; total time=   1.2s
[CV] END estimator__learning_rate=0.77, estimator__max_depth=10, estimator__num_leaves=31, estimator__subsample=0.001; total time=   1.2s
[CV] END estimator__learning_rate=0.77, estimator__max_depth=11, estimator__num_leaves=10, estimator__subsample=0.01; total time=   0.5s
[CV] END estimator__learning_rate=0.77, estimator__max_depth=11, estimator__num_leaves=31, estimator__subsample=0.1; total time=   1.3s
[CV] END estimator__learning_rate=0.77, estimator__max_depth=12, estimator__num_leaves=6, estimator__subsample=0.2; total time=   0.3s
[CV] END estimator__learning_rate=0.77, estimator__max_depth=12, estimator__num_leaves=6, estimator__subsample=0.2; total time=   0.3s
[CV] END estimator__learning_rate=0.77, estimator__max_depth=12, estimator__num_leaves=31, estimator__subsample=0.001; total time=   1.3s
[CV] END estimator__learning_rate=0.77, estimator__max_depth=12, estimator__num_leaves=31, estimator__subsample=0.01; total time=   1.3s
[CV] END estimator__learning_rate=0.77, estimator__max_depth=13, estimator__num_leaves=31, estimator__subsample=0.001; total time=   1.3s
[CV] END estimator__learning_rate=0.77, estimator__max_depth=13, estimator__num_leaves=31, estimator__subsample=0.001; total time=   1.3s
[CV] END estimator__learning_rate=0.77, estimator__max_depth=14, estimator__num_leaves=10, estimator__subsample=0.1; total time=   0.5s
[CV] END estimator__learning_rate=0.77, estimator__max_depth=14, estimator__num_leaves=31, estimator__subsample=0.2; total time=   1.0s
[CV] END estimator__learning_rate=0.77, estimator__max_depth=12, estimator__num_leaves=6, estimator__subsample=0.2; total time=   0.3s
[CV] END estimator__learning_rate=0.77, estimator__max_depth=12, estimator__num_leaves=31, estimator__subsample=0.01; total time=   1.3s
[CV] END estimator__learning_rate=0.77, estimator__max_depth=12, estimator__num_leaves=31, estimator__subsample=0.01; total time=   1.3s
[CV] END estimator__learning_rate=0.77, estimator__max_depth=13, estimator__num_leaves=31, estimator__subsample=0.001; total time=   1.3s
[CV] END estimator__learning_rate=0.77, estimator__max_depth=13, estimator__num_leaves=31, estimator__subsample=0.001; total time=   1.3s
[CV] END estimator__learning_rate=0.77, estimator__max_depth=14, estimator__num_leaves=10, estimator__subsample=0.2; total time=   0.5s
[CV] END estimator__learning_rate=0.77, estimator__max_depth=14, estimator__num_leaves=31, estimator__subsample=0.2; total time=   1.0s
