W0429 20:29:55.037000 34808 site-packages\torch\utils\flop_counter.py:29] triton not found; flop counting will not work for triton kernels
[INFO] Loading original-dataset exact config | R:\config\paper_reimplementation\rcim_ml_compensation\original_dataset_exact_model_bank\campaigns\track1\exact_paper\forward_last_three_open_cells_overnight_mega\ert\2026-04-29_track1_forward_ert_ampl_h240_last_three_open_cells_overnight_mega\030_track1_forward_ert_ampl_h240_last_three_open_cells_overnight_mega_attempt_30.yaml
[INFO] Building original-dataset exact bundle
[INFO] Original-dataset exact bundle ready | direction=forward rows=969 targets=1 families=1
[INFO] Family fit started | family=ERT estimator=ExtraTreesRegressor targets=1 threadpool_limit=1 joblib_cpu_limit=system_default os_cpu_count=32
[INFO] Family target scope | family=ERT kinds=ampl harmonics=240 preview=fft_y_Fw_filtered_ampl_240
[INFO] Grid search configured | family=ERT candidates=250 parameter_count=4 n_jobs=-1 verbose=2 pre_dispatch=2*n_jobs
W0429 20:30:38.251000 27424 site-packages\torch\utils\flop_counter.py:29] triton not found; flop counting will not work for triton kernels
W0429 20:30:38.367000 39804 site-packages\torch\utils\flop_counter.py:29] triton not found; flop counting will not work for triton kernels
W0429 20:30:38.408000 13660 site-packages\torch\utils\flop_counter.py:29] triton not found; flop counting will not work for triton kernels
W0429 20:30:38.537000 23288 site-packages\torch\utils\flop_counter.py:29] triton not found; flop counting will not work for triton kernels
W0429 20:30:38.587000 14648 site-packages\torch\utils\flop_counter.py:29] triton not found; flop counting will not work for triton kernels
W0429 20:30:38.672000 42620 site-packages\torch\utils\flop_counter.py:29] triton not found; flop counting will not work for triton kernels
W0429 20:30:38.682000 5232 site-packages\torch\utils\flop_counter.py:29] triton not found; flop counting will not work for triton kernels
W0429 20:30:38.772000 33868 site-packages\torch\utils\flop_counter.py:29] triton not found; flop counting will not work for triton kernels
W0429 20:30:38.783000 41192 site-packages\torch\utils\flop_counter.py:29] triton not found; flop counting will not work for triton kernels
W0429 20:30:38.793000 24324 site-packages\torch\utils\flop_counter.py:29] triton not found; flop counting will not work for triton kernels
W0429 20:30:38.897000 31804 site-packages\torch\utils\flop_counter.py:29] triton not found; flop counting will not work for triton kernels
W0429 20:30:38.901000 20188 site-packages\torch\utils\flop_counter.py:29] triton not found; flop counting will not work for triton kernels
W0429 20:30:38.915000 19024 site-packages\torch\utils\flop_counter.py:29] triton not found; flop counting will not work for triton kernels
W0429 20:30:38.918000 34924 site-packages\torch\utils\flop_counter.py:29] triton not found; flop counting will not work for triton kernels
W0429 20:30:38.931000 19124 site-packages\torch\utils\flop_counter.py:29] triton not found; flop counting will not work for triton kernels
W0429 20:30:39.267000 13340 site-packages\torch\utils\flop_counter.py:29] triton not found; flop counting will not work for triton kernels
W0429 20:30:39.328000 32060 site-packages\torch\utils\flop_counter.py:29] triton not found; flop counting will not work for triton kernels
W0429 20:30:39.446000 9580 site-packages\torch\utils\flop_counter.py:29] triton not found; flop counting will not work for triton kernels
W0429 20:30:39.495000 45652 site-packages\torch\utils\flop_counter.py:29] triton not found; flop counting will not work for triton kernels
W0429 20:30:39.556000 39960 site-packages\torch\utils\flop_counter.py:29] triton not found; flop counting will not work for triton kernels
W0429 20:30:39.558000 28676 site-packages\torch\utils\flop_counter.py:29] triton not found; flop counting will not work for triton kernels
W0429 20:30:39.564000 34104 site-packages\torch\utils\flop_counter.py:29] triton not found; flop counting will not work for triton kernels
W0429 20:30:39.566000 36416 site-packages\torch\utils\flop_counter.py:29] triton not found; flop counting will not work for triton kernels
W0429 20:30:39.566000 1772 site-packages\torch\utils\flop_counter.py:29] triton not found; flop counting will not work for triton kernels
W0429 20:30:39.568000 11320 site-packages\torch\utils\flop_counter.py:29] triton not found; flop counting will not work for triton kernels
W0429 20:30:39.570000 43480 site-packages\torch\utils\flop_counter.py:29] triton not found; flop counting will not work for triton kernels
W0429 20:30:39.570000 21784 site-packages\torch\utils\flop_counter.py:29] triton not found; flop counting will not work for triton kernels
W0429 20:30:39.580000 35196 site-packages\torch\utils\flop_counter.py:29] triton not found; flop counting will not work for triton kernels
W0429 20:30:39.584000 23788 site-packages\torch\utils\flop_counter.py:29] triton not found; flop counting will not work for triton kernels
W0429 20:30:39.588000 27184 site-packages\torch\utils\flop_counter.py:29] triton not found; flop counting will not work for triton kernels
W0429 20:30:39.596000 44192 site-packages\torch\utils\flop_counter.py:29] triton not found; flop counting will not work for triton kernels
W0429 20:30:39.602000 29076 site-packages\torch\utils\flop_counter.py:29] triton not found; flop counting will not work for triton kernels
Fitting 5 folds for each of 250 candidates, totalling 1250 fits
[DONE] Family fit complete | family=ERT elapsed=16.45s best_score=0.9248773954481717 best_params={'estimator__criterion': 'squared_error', 'estimator__max_depth': 18, 'estimator__min_samples_split': 2, 'estimator__n_estimators': 20}
[INFO] Family evaluation started | family=ERT targets=1
[DONE] Family evaluation complete | family=ERT elapsed=0.00s mean_component_mape=8.152% mean_component_mae=0.000035
[INFO] Family ONNX export started | family=ERT targets=1 estimator=ExtraTreesRegressor
[DONE] Family ONNX export complete | family=ERT elapsed=0.20s exported=1 failed=0
[DONE] Original-dataset exact validation complete | summary=output/validation_checks/paper_reimplementation_rcim_original_dataset_exact_model_bank_forward_last_three_open_cells_overnight_mega/2026-04-29-20-29-55__track1_forward_ert_ampl_h240_last_three_open_cells_overnight_mega_attempt_30_campaign_run/validation_summary.yaml report=doc/reports/analysis/validation_checks/2026-04-29-20-30-47_paper_rei_9d7a2b22_track1_forward_ert_ampl_h240_dbab9e34_original_dataset_exact_model_bank_report.md
[CV] END estimator__criterion=squared_error, estimator__max_depth=14, estimator__min_samples_split=2, estimator__n_estimators=20; total time=   0.0s
[CV] END estimator__criterion=squared_error, estimator__max_depth=14, estimator__min_samples_split=3, estimator__n_estimators=100; total time=   0.0s
[CV] END estimator__criterion=squared_error, estimator__max_depth=14, estimator__min_samples_split=4, estimator__n_estimators=80; total time=   0.0s
[CV] END estimator__criterion=squared_error, estimator__max_depth=14, estimator__min_samples_split=5, estimator__n_estimators=20; total time=   0.0s
[CV] END estimator__criterion=squared_error, estimator__max_depth=14, estimator__min_samples_split=5, estimator__n_estimators=40; total time=   0.0s
[CV] END estimator__criterion=squared_error, estimator__max_depth=14, estimator__min_samples_split=5, estimator__n_estimators=80; total time=   0.0s
[CV] END estimator__criterion=squared_error, estimator__max_depth=14, estimator__min_samples_split=6, estimator__n_estimators=60; total time=   0.0s
[CV] END estimator__criterion=squared_error, estimator__max_depth=15, estimator__min_samples_split=2, estimator__n_estimators=20; total time=   0.0s
[CV] END estimator__criterion=squared_error, estimator__max_depth=15, estimator__min_samples_split=2, estimator__n_estimators=40; total time=   0.0s
[CV] END estimator__criterion=squared_error, estimator__max_depth=15, estimator__min_samples_split=2, estimator__n_estimators=100; total time=   0.0s
[CV] END estimator__criterion=squared_error, estimator__max_depth=15, estimator__min_samples_split=3, estimator__n_estimators=100; total time=   0.0s
[CV] END estimator__criterion=squared_error, estimator__max_depth=15, estimator__min_samples_split=4, estimator__n_estimators=100; total time=   0.0s
[CV] END estimator__criterion=squared_error, estimator__max_depth=15, estimator__min_samples_split=6, estimator__n_estimators=40; total time=   0.0s
[CV] END estimator__criterion=squared_error, estimator__max_depth=16, estimator__min_samples_split=2, estimator__n_estimators=40; total time=   0.0s
[CV] END estimator__criterion=squared_error, estimator__max_depth=16, estimator__min_samples_split=3, estimator__n_estimators=60; total time=   0.0s
[CV] END estimator__criterion=squared_error, estimator__max_depth=16, estimator__min_samples_split=5, estimator__n_estimators=100; total time=   0.0s
[CV] END estimator__criterion=squared_error, estimator__max_depth=16, estimator__min_samples_split=5, estimator__n_estimators=100; total time=   0.0s
[CV] END estimator__criterion=squared_error, estimator__max_depth=17, estimator__min_samples_split=4, estimator__n_estimators=40; total time=   0.0s
[CV] END estimator__criterion=squared_error, estimator__max_depth=17, estimator__min_samples_split=4, estimator__n_estimators=40; total time=   0.0s
[CV] END estimator__criterion=squared_error, estimator__max_depth=17, estimator__min_samples_split=4, estimator__n_estimators=40; total time=   0.0s
[CV] END estimator__criterion=squared_error, estimator__max_depth=17, estimator__min_samples_split=4, estimator__n_estimators=60; total time=   0.0s
[CV] END estimator__criterion=squared_error, estimator__max_depth=18, estimator__min_samples_split=4, estimator__n_estimators=100; total time=   0.0s
[CV] END estimator__criterion=squared_error, estimator__max_depth=18, estimator__min_samples_split=4, estimator__n_estimators=100; total time=   0.0s
[CV] END estimator__criterion=squared_error, estimator__max_depth=18, estimator__min_samples_split=4, estimator__n_estimators=100; total time=   0.0s
[CV] END estimator__criterion=squared_error, estimator__max_depth=18, estimator__min_samples_split=5, estimator__n_estimators=20; total time=   0.0s
[CV] END estimator__criterion=absolute_error, estimator__max_depth=14, estimator__min_samples_split=5, estimator__n_estimators=100; total time=   0.4s
[CV] END estimator__criterion=absolute_error, estimator__max_depth=14, estimator__min_samples_split=5, estimator__n_estimators=100; total time=   0.3s
[CV] END estimator__criterion=absolute_error, estimator__max_depth=14, estimator__min_samples_split=5, estimator__n_estimators=100; total time=   0.3s
[CV] END estimator__criterion=absolute_error, estimator__max_depth=14, estimator__min_samples_split=5, estimator__n_estimators=100; total time=   0.4s
[CV] END estimator__criterion=absolute_error, estimator__max_depth=16, estimator__min_samples_split=3, estimator__n_estimators=100; total time=   0.4s
[CV] END estimator__criterion=absolute_error, estimator__max_depth=16, estimator__min_samples_split=4, estimator__n_estimators=20; total time=   0.0s
[CV] END estimator__criterion=absolute_error, estimator__max_depth=16, estimator__min_samples_split=4, estimator__n_estimators=20; total time=   0.0s
[CV] END estimator__criterion=absolute_error, estimator__max_depth=16, estimator__min_samples_split=4, estimator__n_estimators=20; total time=   0.0s
[CV] END estimator__criterion=absolute_error, estimator__max_depth=17, estimator__min_samples_split=2, estimator__n_estimators=100; total time=   0.4s
[CV] END estimator__criterion=absolute_error, estimator__max_depth=17, estimator__min_samples_split=2, estimator__n_estimators=100; total time=   0.4s
[CV] END estimator__criterion=absolute_error, estimator__max_depth=17, estimator__min_samples_split=2, estimator__n_estimators=100; total time=   0.4s
[CV] END estimator__criterion=absolute_error, estimator__max_depth=17, estimator__min_samples_split=2, estimator__n_estimators=100; total time=   0.4s
[CV] END estimator__criterion=absolute_error, estimator__max_depth=18, estimator__min_samples_split=6, estimator__n_estimators=40; total time=   0.1s
[CV] END estimator__criterion=squared_error, estimator__max_depth=14, estimator__min_samples_split=3, estimator__n_estimators=20; total time=   0.0s
[CV] END estimator__criterion=squared_error, estimator__max_depth=15, estimator__min_samples_split=5, estimator__n_estimators=40; total time=   0.0s
[CV] END estimator__criterion=squared_error, estimator__max_depth=15, estimator__min_samples_split=6, estimator__n_estimators=20; total time=   0.0s
[CV] END estimator__criterion=squared_error, estimator__max_depth=15, estimator__min_samples_split=6, estimator__n_estimators=60; total time=   0.0s
[CV] END estimator__criterion=squared_error, estimator__max_depth=16, estimator__min_samples_split=2, estimator__n_estimators=80; total time=   0.0s
[CV] END estimator__criterion=squared_error, estimator__max_depth=16, estimator__min_samples_split=5, estimator__n_estimators=40; total time=   0.0s
[CV] END estimator__criterion=squared_error, estimator__max_depth=16, estimator__min_samples_split=5, estimator__n_estimators=60; total time=   0.0s
[CV] END estimator__criterion=squared_error, estimator__max_depth=17, estimator__min_samples_split=2, estimator__n_estimators=60; total time=   0.0s
[CV] END estimator__criterion=squared_error, estimator__max_depth=17, estimator__min_samples_split=2, estimator__n_estimators=60; total time=   0.0s
[CV] END estimator__criterion=squared_error, estimator__max_depth=18, estimator__min_samples_split=2, estimator__n_estimators=20; total time=   0.0s
[CV] END estimator__criterion=squared_error, estimator__max_depth=18, estimator__min_samples_split=2, estimator__n_estimators=20; total time=   0.0s
[CV] END estimator__criterion=squared_error, estimator__max_depth=18, estimator__min_samples_split=2, estimator__n_estimators=20; total time=   0.0s
[CV] END estimator__criterion=squared_error, estimator__max_depth=18, estimator__min_samples_split=2, estimator__n_estimators=20; total time=   0.0s
[CV] END estimator__criterion=squared_error, estimator__max_depth=18, estimator__min_samples_split=3, estimator__n_estimators=80; total time=   0.0s
[CV] END estimator__criterion=squared_error, estimator__max_depth=18, estimator__min_samples_split=3, estimator__n_estimators=100; total time=   0.0s
[CV] END estimator__criterion=squared_error, estimator__max_depth=18, estimator__min_samples_split=3, estimator__n_estimators=100; total time=   0.0s
[CV] END estimator__criterion=squared_error, estimator__max_depth=18, estimator__min_samples_split=3, estimator__n_estimators=100; total time=   0.0s
[CV] END estimator__criterion=absolute_error, estimator__max_depth=14, estimator__min_samples_split=6, estimator__n_estimators=40; total time=   0.1s
[CV] END estimator__criterion=absolute_error, estimator__max_depth=14, estimator__min_samples_split=6, estimator__n_estimators=40; total time=   0.1s
[CV] END estimator__criterion=absolute_error, estimator__max_depth=14, estimator__min_samples_split=6, estimator__n_estimators=40; total time=   0.1s
[CV] END estimator__criterion=absolute_error, estimator__max_depth=14, estimator__min_samples_split=6, estimator__n_estimators=60; total time=   0.1s
[CV] END estimator__criterion=absolute_error, estimator__max_depth=15, estimator__min_samples_split=4, estimator__n_estimators=100; total time=   0.4s
[CV] END estimator__criterion=absolute_error, estimator__max_depth=15, estimator__min_samples_split=4, estimator__n_estimators=100; total time=   0.4s
[CV] END estimator__criterion=absolute_error, estimator__max_depth=15, estimator__min_samples_split=4, estimator__n_estimators=100; total time=   0.4s
[CV] END estimator__criterion=absolute_error, estimator__max_depth=15, estimator__min_samples_split=4, estimator__n_estimators=100; total time=   0.4s
[CV] END estimator__criterion=absolute_error, estimator__max_depth=17, estimator__min_samples_split=4, estimator__n_estimators=20; total time=   0.0s
[CV] END estimator__criterion=absolute_error, estimator__max_depth=17, estimator__min_samples_split=4, estimator__n_estimators=20; total time=   0.0s
[CV] END estimator__criterion=absolute_error, estimator__max_depth=17, estimator__min_samples_split=4, estimator__n_estimators=20; total time=   0.0s
[CV] END estimator__criterion=absolute_error, estimator__max_depth=17, estimator__min_samples_split=4, estimator__n_estimators=40; total time=   0.1s
[CV] END estimator__criterion=absolute_error, estimator__max_depth=17, estimator__min_samples_split=6, estimator__n_estimators=100; total time=   0.4s
[CV] END estimator__criterion=absolute_error, estimator__max_depth=18, estimator__min_samples_split=2, estimator__n_estimators=20; total time=   0.0s
[CV] END estimator__criterion=absolute_error, estimator__max_depth=18, estimator__min_samples_split=2, estimator__n_estimators=20; total time=   0.0s
[CV] END estimator__criterion=absolute_error, estimator__max_depth=18, estimator__min_samples_split=2, estimator__n_estimators=20; total time=   0.0s
[CV] END estimator__criterion=absolute_error, estimator__max_depth=18, estimator__min_samples_split=4, estimator__n_estimators=80; total time=   0.3s
[CV] END estimator__criterion=absolute_error, estimator__max_depth=18, estimator__min_samples_split=5, estimator__n_estimators=80; total time=   0.2s
[CV] END estimator__criterion=squared_error, estimator__max_depth=14, estimator__min_samples_split=2, estimator__n_estimators=20; total time=   0.0s
[CV] END estimator__criterion=squared_error, estimator__max_depth=14, estimator__min_samples_split=3, estimator__n_estimators=100; total time=   0.0s
[CV] END estimator__criterion=squared_error, estimator__max_depth=14, estimator__min_samples_split=4, estimator__n_estimators=40; total time=   0.0s
[CV] END estimator__criterion=squared_error, estimator__max_depth=14, estimator__min_samples_split=4, estimator__n_estimators=60; total time=   0.0s
[CV] END estimator__criterion=squared_error, estimator__max_depth=14, estimator__min_samples_split=4, estimator__n_estimators=100; total time=   0.0s
[CV] END estimator__criterion=squared_error, estimator__max_depth=14, estimator__min_samples_split=5, estimator__n_estimators=80; total time=   0.0s
[CV] END estimator__criterion=squared_error, estimator__max_depth=14, estimator__min_samples_split=6, estimator__n_estimators=60; total time=   0.0s
[CV] END estimator__criterion=squared_error, estimator__max_depth=15, estimator__min_samples_split=2, estimator__n_estimators=20; total time=   0.0s
[CV] END estimator__criterion=squared_error, estimator__max_depth=15, estimator__min_samples_split=2, estimator__n_estimators=40; total time=   0.0s
[CV] END estimator__criterion=squared_error, estimator__max_depth=15, estimator__min_samples_split=2, estimator__n_estimators=100; total time=   0.1s
[CV] END estimator__criterion=squared_error, estimator__max_depth=15, estimator__min_samples_split=4, estimator__n_estimators=20; total time=   0.0s
[CV] END estimator__criterion=squared_error, estimator__max_depth=15, estimator__min_samples_split=4, estimator__n_estimators=40; total time=   0.0s
[CV] END estimator__criterion=squared_error, estimator__max_depth=15, estimator__min_samples_split=4, estimator__n_estimators=100; total time=   0.0s
[CV] END estimator__criterion=squared_error, estimator__max_depth=15, estimator__min_samples_split=6, estimator__n_estimators=80; total time=   0.0s
[CV] END estimator__criterion=squared_error, estimator__max_depth=16, estimator__min_samples_split=3, estimator__n_estimators=40; total time=   0.0s
[CV] END estimator__criterion=squared_error, estimator__max_depth=16, estimator__min_samples_split=4, estimator__n_estimators=80; total time=   0.0s
[CV] END estimator__criterion=squared_error, estimator__max_depth=16, estimator__min_samples_split=4, estimator__n_estimators=80; total time=   0.0s
[CV] END estimator__criterion=squared_error, estimator__max_depth=17, estimator__min_samples_split=2, estimator__n_estimators=40; total time=   0.0s
[CV] END estimator__criterion=squared_error, estimator__max_depth=17, estimator__min_samples_split=2, estimator__n_estimators=60; total time=   0.0s
[CV] END estimator__criterion=squared_error, estimator__max_depth=17, estimator__min_samples_split=6, estimator__n_estimators=40; total time=   0.0s
[CV] END estimator__criterion=squared_error, estimator__max_depth=17, estimator__min_samples_split=6, estimator__n_estimators=60; total time=   0.0s
[CV] END estimator__criterion=squared_error, estimator__max_depth=17, estimator__min_samples_split=6, estimator__n_estimators=60; total time=   0.0s
[CV] END estimator__criterion=squared_error, estimator__max_depth=17, estimator__min_samples_split=6, estimator__n_estimators=60; total time=   0.0s
[CV] END estimator__criterion=squared_error, estimator__max_depth=18, estimator__min_samples_split=5, estimator__n_estimators=20; total time=   0.0s
[CV] END estimator__criterion=squared_error, estimator__max_depth=18, estimator__min_samples_split=5, estimator__n_estimators=20; total time=   0.0s
[CV] END estimator__criterion=squared_error, estimator__max_depth=18, estimator__min_samples_split=5, estimator__n_estimators=20; total time=   0.0s
[CV] END estimator__criterion=squared_error, estimator__max_depth=18, estimator__min_samples_split=5, estimator__n_estimators=20; total time=   0.0s
[CV] END estimator__criterion=squared_error, estimator__max_depth=18, estimator__min_samples_split=6, estimator__n_estimators=60; total time=   0.0s
[CV] END estimator__criterion=squared_error, estimator__max_depth=18, estimator__min_samples_split=6, estimator__n_estimators=60; total time=   0.0s
[CV] END estimator__criterion=squared_error, estimator__max_depth=18, estimator__min_samples_split=6, estimator__n_estimators=60; total time=   0.0s
[CV] END estimator__criterion=squared_error, estimator__max_depth=18, estimator__min_samples_split=6, estimator__n_estimators=80; total time=   0.0s
[CV] END estimator__criterion=absolute_error, estimator__max_depth=14, estimator__min_samples_split=5, estimator__n_estimators=40; total time=   0.1s
[CV] END estimator__criterion=absolute_error, estimator__max_depth=14, estimator__min_samples_split=5, estimator__n_estimators=40; total time=   0.1s
[CV] END estimator__criterion=absolute_error, estimator__max_depth=14, estimator__min_samples_split=5, estimator__n_estimators=60; total time=   0.1s
[CV] END estimator__criterion=absolute_error, estimator__max_depth=14, estimator__min_samples_split=5, estimator__n_estimators=60; total time=   0.1s
[CV] END estimator__criterion=absolute_error, estimator__max_depth=15, estimator__min_samples_split=4, estimator__n_estimators=20; total time=   0.0s
[CV] END estimator__criterion=absolute_error, estimator__max_depth=15, estimator__min_samples_split=4, estimator__n_estimators=20; total time=   0.0s
[CV] END estimator__criterion=absolute_error, estimator__max_depth=15, estimator__min_samples_split=4, estimator__n_estimators=20; total time=   0.0s
[CV] END estimator__criterion=absolute_error, estimator__max_depth=15, estimator__min_samples_split=4, estimator__n_estimators=20; total time=   0.0s
[CV] END estimator__criterion=absolute_error, estimator__max_depth=15, estimator__min_samples_split=5, estimator__n_estimators=80; total time=   0.2s
[CV] END estimator__criterion=absolute_error, estimator__max_depth=15, estimator__min_samples_split=5, estimator__n_estimators=100; total time=   0.3s
[CV] END estimator__criterion=absolute_error, estimator__max_depth=15, estimator__min_samples_split=5, estimator__n_estimators=100; total time=   0.3s
[CV] END estimator__criterion=absolute_error, estimator__max_depth=15, estimator__min_samples_split=5, estimator__n_estimators=100; total time=   0.3s
[CV] END estimator__criterion=absolute_error, estimator__max_depth=17, estimator__min_samples_split=2, estimator__n_estimators=80; total time=   0.3s
[CV] END estimator__criterion=absolute_error, estimator__max_depth=17, estimator__min_samples_split=2, estimator__n_estimators=80; total time=   0.3s
[CV] END estimator__criterion=absolute_error, estimator__max_depth=17, estimator__min_samples_split=2, estimator__n_estimators=80; total time=   0.3s
[CV] END estimator__criterion=absolute_error, estimator__max_depth=17, estimator__min_samples_split=2, estimator__n_estimators=80; total time=   0.3s
[CV] END estimator__criterion=absolute_error, estimator__max_depth=18, estimator__min_samples_split=4, estimator__n_estimators=100; total time=   0.4s
[CV] END estimator__criterion=absolute_error, estimator__max_depth=18, estimator__min_samples_split=6, estimator__n_estimators=40; total time=   0.1s
[CV] END estimator__criterion=squared_error, estimator__max_depth=14, estimator__min_samples_split=2, estimator__n_estimators=60; total time=   0.0s
[CV] END estimator__criterion=squared_error, estimator__max_depth=15, estimator__min_samples_split=6, estimator__n_estimators=80; total time=   0.0s
[CV] END estimator__criterion=squared_error, estimator__max_depth=16, estimator__min_samples_split=3, estimator__n_estimators=20; total time=   0.0s
[CV] END estimator__criterion=squared_error, estimator__max_depth=16, estimator__min_samples_split=3, estimator__n_estimators=60; total time=   0.0s
[CV] END estimator__criterion=squared_error, estimator__max_depth=16, estimator__min_samples_split=5, estimator__n_estimators=20; total time=   0.0s
[CV] END estimator__criterion=squared_error, estimator__max_depth=16, estimator__min_samples_split=5, estimator__n_estimators=20; total time=   0.0s
[CV] END estimator__criterion=squared_error, estimator__max_depth=16, estimator__min_samples_split=6, estimator__n_estimators=40; total time=   0.0s
[CV] END estimator__criterion=squared_error, estimator__max_depth=16, estimator__min_samples_split=6, estimator__n_estimators=40; total time=   0.0s
[CV] END estimator__criterion=squared_error, estimator__max_depth=17, estimator__min_samples_split=3, estimator__n_estimators=20; total time=   0.0s
[CV] END estimator__criterion=squared_error, estimator__max_depth=17, estimator__min_samples_split=3, estimator__n_estimators=20; total time=   0.0s
[CV] END estimator__criterion=squared_error, estimator__max_depth=17, estimator__min_samples_split=4, estimator__n_estimators=80; total time=   0.0s
[CV] END estimator__criterion=squared_error, estimator__max_depth=17, estimator__min_samples_split=4, estimator__n_estimators=100; total time=   0.0s
[CV] END estimator__criterion=squared_error, estimator__max_depth=17, estimator__min_samples_split=4, estimator__n_estimators=100; total time=   0.0s
[CV] END estimator__criterion=squared_error, estimator__max_depth=17, estimator__min_samples_split=4, estimator__n_estimators=100; total time=   0.0s
[CV] END estimator__criterion=absolute_error, estimator__max_depth=14, estimator__min_samples_split=2, estimator__n_estimators=80; total time=   0.2s
[CV] END estimator__criterion=absolute_error, estimator__max_depth=14, estimator__min_samples_split=2, estimator__n_estimators=80; total time=   0.2s
[CV] END estimator__criterion=absolute_error, estimator__max_depth=14, estimator__min_samples_split=2, estimator__n_estimators=80; total time=   0.3s
[CV] END estimator__criterion=absolute_error, estimator__max_depth=14, estimator__min_samples_split=2, estimator__n_estimators=80; total time=   0.3s
[CV] END estimator__criterion=absolute_error, estimator__max_depth=15, estimator__min_samples_split=5, estimator__n_estimators=100; total time=   0.3s
[CV] END estimator__criterion=absolute_error, estimator__max_depth=15, estimator__min_samples_split=5, estimator__n_estimators=100; total time=   0.3s
[CV] END estimator__criterion=absolute_error, estimator__max_depth=15, estimator__min_samples_split=6, estimator__n_estimators=20; total time=   0.0s
[CV] END estimator__criterion=absolute_error, estimator__max_depth=15, estimator__min_samples_split=6, estimator__n_estimators=20; total time=   0.0s
[CV] END estimator__criterion=absolute_error, estimator__max_depth=16, estimator__min_samples_split=5, estimator__n_estimators=60; total time=   0.1s
[CV] END estimator__criterion=absolute_error, estimator__max_depth=16, estimator__min_samples_split=5, estimator__n_estimators=60; total time=   0.1s
[CV] END estimator__criterion=absolute_error, estimator__max_depth=16, estimator__min_samples_split=5, estimator__n_estimators=60; total time=   0.1s
[CV] END estimator__criterion=absolute_error, estimator__max_depth=16, estimator__min_samples_split=5, estimator__n_estimators=60; total time=   0.1s
[CV] END estimator__criterion=absolute_error, estimator__max_depth=17, estimator__min_samples_split=4, estimator__n_estimators=80; total time=   0.2s
[CV] END estimator__criterion=absolute_error, estimator__max_depth=17, estimator__min_samples_split=4, estimator__n_estimators=80; total time=   0.2s
[CV] END estimator__criterion=absolute_error, estimator__max_depth=17, estimator__min_samples_split=4, estimator__n_estimators=100; total time=   0.3s
[CV] END estimator__criterion=absolute_error, estimator__max_depth=17, estimator__min_samples_split=4, estimator__n_estimators=100; total time=   0.3s
[CV] END estimator__criterion=absolute_error, estimator__max_depth=18, estimator__min_samples_split=5, estimator__n_estimators=20; total time=   0.0s
[CV] END estimator__criterion=absolute_error, estimator__max_depth=18, estimator__min_samples_split=5, estimator__n_estimators=40; total time=   0.1s
[CV] END estimator__criterion=absolute_error, estimator__max_depth=18, estimator__min_samples_split=6, estimator__n_estimators=20; total time=   0.0s
[CV] END estimator__criterion=absolute_error, estimator__max_depth=18, estimator__min_samples_split=6, estimator__n_estimators=60; total time=   0.1s
[CV] END estimator__criterion=squared_error, estimator__max_depth=14, estimator__min_samples_split=2, estimator__n_estimators=60; total time=   0.0s
[CV] END estimator__criterion=squared_error, estimator__max_depth=15, estimator__min_samples_split=6, estimator__n_estimators=100; total time=   0.0s
[CV] END estimator__criterion=squared_error, estimator__max_depth=16, estimator__min_samples_split=3, estimator__n_estimators=100; total time=   0.0s
[CV] END estimator__criterion=squared_error, estimator__max_depth=16, estimator__min_samples_split=3, estimator__n_estimators=100; total time=   0.0s
[CV] END estimator__criterion=squared_error, estimator__max_depth=17, estimator__min_samples_split=3, estimator__n_estimators=20; total time=   0.0s
[CV] END estimator__criterion=squared_error, estimator__max_depth=17, estimator__min_samples_split=3, estimator__n_estimators=20; total time=   0.0s
[CV] END estimator__criterion=squared_error, estimator__max_depth=17, estimator__min_samples_split=4, estimator__n_estimators=80; total time=   0.0s
[CV] END estimator__criterion=squared_error, estimator__max_depth=17, estimator__min_samples_split=4, estimator__n_estimators=80; total time=   0.0s
[CV] END estimator__criterion=squared_error, estimator__max_depth=17, estimator__min_samples_split=4, estimator__n_estimators=80; total time=   0.0s
[CV] END estimator__criterion=squared_error, estimator__max_depth=17, estimator__min_samples_split=4, estimator__n_estimators=80; total time=   0.0s
[CV] END estimator__criterion=absolute_error, estimator__max_depth=14, estimator__min_samples_split=2, estimator__n_estimators=80; total time=   0.3s
[CV] END estimator__criterion=absolute_error, estimator__max_depth=14, estimator__min_samples_split=2, estimator__n_estimators=100; total time=   0.4s
[CV] END estimator__criterion=absolute_error, estimator__max_depth=14, estimator__min_samples_split=2, estimator__n_estimators=100; total time=   0.4s
[CV] END estimator__criterion=absolute_error, estimator__max_depth=14, estimator__min_samples_split=2, estimator__n_estimators=100; total time=   0.4s
[CV] END estimator__criterion=absolute_error, estimator__max_depth=16, estimator__min_samples_split=3, estimator__n_estimators=40; total time=   0.1s
[CV] END estimator__criterion=absolute_error, estimator__max_depth=16, estimator__min_samples_split=3, estimator__n_estimators=40; total time=   0.1s
[CV] END estimator__criterion=absolute_error, estimator__max_depth=16, estimator__min_samples_split=3, estimator__n_estimators=60; total time=   0.2s
[CV] END estimator__criterion=absolute_error, estimator__max_depth=16, estimator__min_samples_split=3, estimator__n_estimators=60; total time=   0.2s
[CV] END estimator__criterion=absolute_error, estimator__max_depth=17, estimator__min_samples_split=3, estimator__n_estimators=40; total time=   0.1s
[CV] END estimator__criterion=absolute_error, estimator__max_depth=17, estimator__min_samples_split=3, estimator__n_estimators=40; total time=   0.1s
[CV] END estimator__criterion=absolute_error, estimator__max_depth=17, estimator__min_samples_split=3, estimator__n_estimators=40; total time=   0.1s
[CV] END estimator__criterion=absolute_error, estimator__max_depth=17, estimator__min_samples_split=3, estimator__n_estimators=60; total time=   0.2s
[CV] END estimator__criterion=absolute_error, estimator__max_depth=18, estimator__min_samples_split=3, estimator__n_estimators=20; total time=   0.0s
[CV] END estimator__criterion=absolute_error, estimator__max_depth=18, estimator__min_samples_split=3, estimator__n_estimators=20; total time=   0.0s
[CV] END estimator__criterion=absolute_error, estimator__max_depth=18, estimator__min_samples_split=3, estimator__n_estimators=20; total time=   0.0s
[CV] END estimator__criterion=absolute_error, estimator__max_depth=18, estimator__min_samples_split=3, estimator__n_estimators=40; total time=   0.1s
[CV] END estimator__criterion=absolute_error, estimator__max_depth=18, estimator__min_samples_split=4, estimator__n_estimators=80; total time=   0.3s
[CV] END estimator__criterion=absolute_error, estimator__max_depth=18, estimator__min_samples_split=5, estimator__n_estimators=80; total time=   0.3s
[CV] END estimator__criterion=squared_error, estimator__max_depth=14, estimator__min_samples_split=2, estimator__n_estimators=80; total time=   0.0s
[CV] END estimator__criterion=squared_error, estimator__max_depth=14, estimator__min_samples_split=4, estimator__n_estimators=80; total time=   0.0s
[CV] END estimator__criterion=squared_error, estimator__max_depth=14, estimator__min_samples_split=5, estimator__n_estimators=60; total time=   0.0s
[CV] END estimator__criterion=squared_error, estimator__max_depth=14, estimator__min_samples_split=6, estimator__n_estimators=20; total time=   0.0s
[CV] END estimator__criterion=squared_error, estimator__max_depth=14, estimator__min_samples_split=6, estimator__n_estimators=40; total time=   0.0s
[CV] END estimator__criterion=squared_error, estimator__max_depth=14, estimator__min_samples_split=6, estimator__n_estimators=100; total time=   0.0s
[CV] END estimator__criterion=squared_error, estimator__max_depth=15, estimator__min_samples_split=2, estimator__n_estimators=80; total time=   0.0s
[CV] END estimator__criterion=squared_error, estimator__max_depth=15, estimator__min_samples_split=3, estimator__n_estimators=60; total time=   0.0s
[CV] END estimator__criterion=squared_error, estimator__max_depth=15, estimator__min_samples_split=4, estimator__n_estimators=40; total time=   0.0s
[CV] END estimator__criterion=squared_error, estimator__max_depth=15, estimator__min_samples_split=4, estimator__n_estimators=100; total time=   0.0s
[CV] END estimator__criterion=squared_error, estimator__max_depth=15, estimator__min_samples_split=6, estimator__n_estimators=40; total time=   0.0s
[CV] END estimator__criterion=squared_error, estimator__max_depth=16, estimator__min_samples_split=2, estimator__n_estimators=40; total time=   0.0s
[CV] END estimator__criterion=squared_error, estimator__max_depth=16, estimator__min_samples_split=3, estimator__n_estimators=80; total time=   0.0s
[CV] END estimator__criterion=squared_error, estimator__max_depth=16, estimator__min_samples_split=3, estimator__n_estimators=80; total time=   0.0s
[CV] END estimator__criterion=squared_error, estimator__max_depth=17, estimator__min_samples_split=2, estimator__n_estimators=100; total time=   0.1s
[CV] END estimator__criterion=squared_error, estimator__max_depth=17, estimator__min_samples_split=2, estimator__n_estimators=100; total time=   0.1s
[CV] END estimator__criterion=squared_error, estimator__max_depth=18, estimator__min_samples_split=4, estimator__n_estimators=60; total time=   0.0s
[CV] END estimator__criterion=squared_error, estimator__max_depth=18, estimator__min_samples_split=4, estimator__n_estimators=80; total time=   0.0s
[CV] END estimator__criterion=squared_error, estimator__max_depth=18, estimator__min_samples_split=4, estimator__n_estimators=80; total time=   0.0s
[CV] END estimator__criterion=squared_error, estimator__max_depth=18, estimator__min_samples_split=4, estimator__n_estimators=80; total time=   0.0s
[CV] END estimator__criterion=absolute_error, estimator__max_depth=14, estimator__min_samples_split=5, estimator__n_estimators=80; total time=   0.3s
[CV] END estimator__criterion=absolute_error, estimator__max_depth=14, estimator__min_samples_split=5, estimator__n_estimators=80; total time=   0.3s
[CV] END estimator__criterion=absolute_error, estimator__max_depth=14, estimator__min_samples_split=5, estimator__n_estimators=80; total time=   0.3s
[CV] END estimator__criterion=absolute_error, estimator__max_depth=14, estimator__min_samples_split=5, estimator__n_estimators=80; total time=   0.3s
[CV] END estimator__criterion=absolute_error, estimator__max_depth=16, estimator__min_samples_split=2, estimator__n_estimators=60; total time=   0.2s
[CV] END estimator__criterion=absolute_error, estimator__max_depth=16, estimator__min_samples_split=2, estimator__n_estimators=60; total time=   0.2s
[CV] END estimator__criterion=absolute_error, estimator__max_depth=16, estimator__min_samples_split=2, estimator__n_estimators=80; total time=   0.3s
[CV] END estimator__criterion=absolute_error, estimator__max_depth=16, estimator__min_samples_split=2, estimator__n_estimators=80; total time=   0.3s
[CV] END estimator__criterion=absolute_error, estimator__max_depth=17, estimator__min_samples_split=4, estimator__n_estimators=100; total time=   0.4s
[CV] END estimator__criterion=absolute_error, estimator__max_depth=17, estimator__min_samples_split=4, estimator__n_estimators=100; total time=   0.4s
[CV] END estimator__criterion=absolute_error, estimator__max_depth=17, estimator__min_samples_split=4, estimator__n_estimators=100; total time=   0.4s
[CV] END estimator__criterion=absolute_error, estimator__max_depth=17, estimator__min_samples_split=5, estimator__n_estimators=20; total time=   0.0s
[CV] END estimator__criterion=absolute_error, estimator__max_depth=18, estimator__min_samples_split=5, estimator__n_estimators=80; total time=   0.3s
[CV] END estimator__criterion=squared_error, estimator__max_depth=14, estimator__min_samples_split=2, estimator__n_estimators=40; total time=   0.0s
[CV] END estimator__criterion=squared_error, estimator__max_depth=14, estimator__min_samples_split=4, estimator__n_estimators=20; total time=   0.0s
[CV] END estimator__criterion=squared_error, estimator__max_depth=14, estimator__min_samples_split=4, estimator__n_estimators=20; total time=   0.0s
[CV] END estimator__criterion=squared_error, estimator__max_depth=14, estimator__min_samples_split=4, estimator__n_estimators=40; total time=   0.0s
[CV] END estimator__criterion=squared_error, estimator__max_depth=14, estimator__min_samples_split=4, estimator__n_estimators=60; total time=   0.0s
[CV] END estimator__criterion=squared_error, estimator__max_depth=14, estimator__min_samples_split=4, estimator__n_estimators=100; total time=   0.0s
[CV] END estimator__criterion=squared_error, estimator__max_depth=14, estimator__min_samples_split=5, estimator__n_estimators=80; total time=   0.0s
[CV] END estimator__criterion=squared_error, estimator__max_depth=14, estimator__min_samples_split=6, estimator__n_estimators=60; total time=   0.0s
[CV] END estimator__criterion=squared_error, estimator__max_depth=15, estimator__min_samples_split=2, estimator__n_estimators=20; total time=   0.0s
[CV] END estimator__criterion=squared_error, estimator__max_depth=15, estimator__min_samples_split=2, estimator__n_estimators=60; total time=   0.0s
[CV] END estimator__criterion=squared_error, estimator__max_depth=15, estimator__min_samples_split=3, estimator__n_estimators=20; total time=   0.0s
[CV] END estimator__criterion=squared_error, estimator__max_depth=15, estimator__min_samples_split=3, estimator__n_estimators=40; total time=   0.0s
[CV] END estimator__criterion=squared_error, estimator__max_depth=15, estimator__min_samples_split=3, estimator__n_estimators=80; total time=   0.0s
[CV] END estimator__criterion=squared_error, estimator__max_depth=15, estimator__min_samples_split=4, estimator__n_estimators=80; total time=   0.0s
[CV] END estimator__criterion=squared_error, estimator__max_depth=15, estimator__min_samples_split=6, estimator__n_estimators=20; total time=   0.0s
[CV] END estimator__criterion=squared_error, estimator__max_depth=15, estimator__min_samples_split=6, estimator__n_estimators=40; total time=   0.0s
[CV] END estimator__criterion=squared_error, estimator__max_depth=16, estimator__min_samples_split=2, estimator__n_estimators=20; total time=   0.0s
[CV] END estimator__criterion=squared_error, estimator__max_depth=16, estimator__min_samples_split=2, estimator__n_estimators=100; total time=   0.1s
[CV] END estimator__criterion=squared_error, estimator__max_depth=16, estimator__min_samples_split=6, estimator__n_estimators=20; total time=   0.0s
[CV] END estimator__criterion=squared_error, estimator__max_depth=16, estimator__min_samples_split=6, estimator__n_estimators=40; total time=   0.0s
[CV] END estimator__criterion=squared_error, estimator__max_depth=17, estimator__min_samples_split=2, estimator__n_estimators=40; total time=   0.0s
[CV] END estimator__criterion=squared_error, estimator__max_depth=17, estimator__min_samples_split=2, estimator__n_estimators=40; total time=   0.0s
[CV] END estimator__criterion=squared_error, estimator__max_depth=17, estimator__min_samples_split=5, estimator__n_estimators=60; total time=   0.0s
[CV] END estimator__criterion=squared_error, estimator__max_depth=17, estimator__min_samples_split=5, estimator__n_estimators=80; total time=   0.0s
[CV] END estimator__criterion=squared_error, estimator__max_depth=17, estimator__min_samples_split=5, estimator__n_estimators=80; total time=   0.0s
[CV] END estimator__criterion=squared_error, estimator__max_depth=17, estimator__min_samples_split=5, estimator__n_estimators=80; total time=   0.0s
[CV] END estimator__criterion=absolute_error, estimator__max_depth=14, estimator__min_samples_split=2, estimator__n_estimators=40; total time=   0.1s
[CV] END estimator__criterion=absolute_error, estimator__max_depth=14, estimator__min_samples_split=2, estimator__n_estimators=40; total time=   0.1s
[CV] END estimator__criterion=absolute_error, estimator__max_depth=14, estimator__min_samples_split=2, estimator__n_estimators=40; total time=   0.1s
[CV] END estimator__criterion=absolute_error, estimator__max_depth=14, estimator__min_samples_split=2, estimator__n_estimators=60; total time=   0.2s
[CV] END estimator__criterion=absolute_error, estimator__max_depth=15, estimator__min_samples_split=3, estimator__n_estimators=80; total time=   0.2s
[CV] END estimator__criterion=absolute_error, estimator__max_depth=15, estimator__min_samples_split=3, estimator__n_estimators=80; total time=   0.2s
[CV] END estimator__criterion=absolute_error, estimator__max_depth=15, estimator__min_samples_split=3, estimator__n_estimators=80; total time=   0.2s
[CV] END estimator__criterion=absolute_error, estimator__max_depth=15, estimator__min_samples_split=3, estimator__n_estimators=100; total time=   0.4s
[CV] END estimator__criterion=absolute_error, estimator__max_depth=16, estimator__min_samples_split=6, estimator__n_estimators=20; total time=   0.0s
[CV] END estimator__criterion=absolute_error, estimator__max_depth=16, estimator__min_samples_split=6, estimator__n_estimators=20; total time=   0.0s
[CV] END estimator__criterion=absolute_error, estimator__max_depth=16, estimator__min_samples_split=6, estimator__n_estimators=20; total time=   0.0s
[CV] END estimator__criterion=absolute_error, estimator__max_depth=16, estimator__min_samples_split=6, estimator__n_estimators=20; total time=   0.0s
[CV] END estimator__criterion=absolute_error, estimator__max_depth=17, estimator__min_samples_split=2, estimator__n_estimators=100; total time=   0.3s
[CV] END estimator__criterion=absolute_error, estimator__max_depth=17, estimator__min_samples_split=3, estimator__n_estimators=20; total time=   0.0s
[CV] END estimator__criterion=absolute_error, estimator__max_depth=17, estimator__min_samples_split=3, estimator__n_estimators=20; total time=   0.0s
[CV] END estimator__criterion=absolute_error, estimator__max_depth=17, estimator__min_samples_split=3, estimator__n_estimators=20; total time=   0.0s
[CV] END estimator__criterion=absolute_error, estimator__max_depth=17, estimator__min_samples_split=6, estimator__n_estimators=20; total time=   0.0s
[CV] END estimator__criterion=absolute_error, estimator__max_depth=17, estimator__min_samples_split=6, estimator__n_estimators=40; total time=   0.1s
[CV] END estimator__criterion=absolute_error, estimator__max_depth=17, estimator__min_samples_split=6, estimator__n_estimators=40; total time=   0.1s
[CV] END estimator__criterion=absolute_error, estimator__max_depth=17, estimator__min_samples_split=6, estimator__n_estimators=40; total time=   0.1s
[CV] END estimator__criterion=absolute_error, estimator__max_depth=18, estimator__min_samples_split=4, estimator__n_estimators=20; total time=   0.0s
[CV] END estimator__criterion=absolute_error, estimator__max_depth=18, estimator__min_samples_split=4, estimator__n_estimators=20; total time=   0.0s
[CV] END estimator__criterion=absolute_error, estimator__max_depth=18, estimator__min_samples_split=4, estimator__n_estimators=20; total time=   0.0s
[CV] END estimator__criterion=absolute_error, estimator__max_depth=18, estimator__min_samples_split=4, estimator__n_estimators=20; total time=   0.0s
[CV] END estimator__criterion=absolute_error, estimator__max_depth=18, estimator__min_samples_split=4, estimator__n_estimators=80; total time=   0.2s
[CV] END estimator__criterion=absolute_error, estimator__max_depth=18, estimator__min_samples_split=5, estimator__n_estimators=60; total time=   0.1s
[CV] END estimator__criterion=absolute_error, estimator__max_depth=18, estimator__min_samples_split=6, estimator__n_estimators=60; total time=   0.1s
[CV] END estimator__criterion=squared_error, estimator__max_depth=14, estimator__min_samples_split=2, estimator__n_estimators=60; total time=   0.0s
[CV] END estimator__criterion=squared_error, estimator__max_depth=15, estimator__min_samples_split=3, estimator__n_estimators=60; total time=   0.0s
[CV] END estimator__criterion=squared_error, estimator__max_depth=15, estimator__min_samples_split=4, estimator__n_estimators=20; total time=   0.0s
[CV] END estimator__criterion=squared_error, estimator__max_depth=15, estimator__min_samples_split=4, estimator__n_estimators=60; total time=   0.0s
[CV] END estimator__criterion=squared_error, estimator__max_depth=15, estimator__min_samples_split=5, estimator__n_estimators=40; total time=   0.0s
[CV] END estimator__criterion=squared_error, estimator__max_depth=15, estimator__min_samples_split=5, estimator__n_estimators=100; total time=   0.0s
[CV] END estimator__criterion=squared_error, estimator__max_depth=16, estimator__min_samples_split=2, estimator__n_estimators=60; total time=   0.0s
[CV] END estimator__criterion=squared_error, estimator__max_depth=16, estimator__min_samples_split=4, estimator__n_estimators=20; total time=   0.0s
[CV] END estimator__criterion=squared_error, estimator__max_depth=16, estimator__min_samples_split=4, estimator__n_estimators=40; total time=   0.0s
[CV] END estimator__criterion=squared_error, estimator__max_depth=16, estimator__min_samples_split=5, estimator__n_estimators=100; total time=   0.0s
[CV] END estimator__criterion=squared_error, estimator__max_depth=16, estimator__min_samples_split=5, estimator__n_estimators=100; total time=   0.0s
[CV] END estimator__criterion=squared_error, estimator__max_depth=17, estimator__min_samples_split=4, estimator__n_estimators=60; total time=   0.0s
[CV] END estimator__criterion=squared_error, estimator__max_depth=17, estimator__min_samples_split=4, estimator__n_estimators=60; total time=   0.0s
[CV] END estimator__criterion=squared_error, estimator__max_depth=17, estimator__min_samples_split=4, estimator__n_estimators=60; total time=   0.0s
[CV] END estimator__criterion=squared_error, estimator__max_depth=17, estimator__min_samples_split=4, estimator__n_estimators=60; total time=   0.0s
[CV] END estimator__criterion=squared_error, estimator__max_depth=18, estimator__min_samples_split=5, estimator__n_estimators=60; total time=   0.0s
[CV] END estimator__criterion=squared_error, estimator__max_depth=18, estimator__min_samples_split=5, estimator__n_estimators=60; total time=   0.0s
[CV] END estimator__criterion=squared_error, estimator__max_depth=18, estimator__min_samples_split=5, estimator__n_estimators=80; total time=   0.0s
[CV] END estimator__criterion=squared_error, estimator__max_depth=18, estimator__min_samples_split=5, estimator__n_estimators=80; total time=   0.0s
[CV] END estimator__criterion=absolute_error, estimator__max_depth=14, estimator__min_samples_split=5, estimator__n_estimators=100; total time=   0.4s
[CV] END estimator__criterion=absolute_error, estimator__max_depth=14, estimator__min_samples_split=6, estimator__n_estimators=20; total time=   0.0s
[CV] END estimator__criterion=absolute_error, estimator__max_depth=14, estimator__min_samples_split=6, estimator__n_estimators=20; total time=   0.0s
[CV] END estimator__criterion=absolute_error, estimator__max_depth=14, estimator__min_samples_split=6, estimator__n_estimators=20; total time=   0.0s
[CV] END estimator__criterion=absolute_error, estimator__max_depth=15, estimator__min_samples_split=4, estimator__n_estimators=60; total time=   0.2s
[CV] END estimator__criterion=absolute_error, estimator__max_depth=15, estimator__min_samples_split=4, estimator__n_estimators=60; total time=   0.2s
[CV] END estimator__criterion=absolute_error, estimator__max_depth=15, estimator__min_samples_split=4, estimator__n_estimators=60; total time=   0.2s
[CV] END estimator__criterion=absolute_error, estimator__max_depth=15, estimator__min_samples_split=4, estimator__n_estimators=80; total time=   0.3s
[CV] END estimator__criterion=absolute_error, estimator__max_depth=16, estimator__min_samples_split=5, estimator__n_estimators=80; total time=   0.3s
[CV] END estimator__criterion=absolute_error, estimator__max_depth=16, estimator__min_samples_split=5, estimator__n_estimators=80; total time=   0.3s
[CV] END estimator__criterion=absolute_error, estimator__max_depth=16, estimator__min_samples_split=5, estimator__n_estimators=100; total time=   0.4s
[CV] END estimator__criterion=absolute_error, estimator__max_depth=16, estimator__min_samples_split=5, estimator__n_estimators=100; total time=   0.4s
[CV] END estimator__criterion=absolute_error, estimator__max_depth=18, estimator__min_samples_split=4, estimator__n_estimators=40; total time=   0.1s
[CV] END estimator__criterion=absolute_error, estimator__max_depth=18, estimator__min_samples_split=4, estimator__n_estimators=60; total time=   0.1s
[CV] END estimator__criterion=absolute_error, estimator__max_depth=18, estimator__min_samples_split=5, estimator__n_estimators=20; total time=   0.0s
[CV] END estimator__criterion=absolute_error, estimator__max_depth=18, estimator__min_samples_split=5, estimator__n_estimators=40; total time=   0.1s
[CV] END estimator__criterion=absolute_error, estimator__max_depth=18, estimator__min_samples_split=5, estimator__n_estimators=100; total time=   0.3s
[CV] END estimator__criterion=squared_error, estimator__max_depth=14, estimator__min_samples_split=2, estimator__n_estimators=20; total time=   0.0s
[CV] END estimator__criterion=squared_error, estimator__max_depth=14, estimator__min_samples_split=3, estimator__n_estimators=60; total time=   0.0s
[CV] END estimator__criterion=squared_error, estimator__max_depth=14, estimator__min_samples_split=3, estimator__n_estimators=60; total time=   0.0s
[CV] END estimator__criterion=squared_error, estimator__max_depth=14, estimator__min_samples_split=3, estimator__n_estimators=80; total time=   0.0s
[CV] END estimator__criterion=squared_error, estimator__max_depth=14, estimator__min_samples_split=3, estimator__n_estimators=100; total time=   0.0s
[CV] END estimator__criterion=squared_error, estimator__max_depth=14, estimator__min_samples_split=4, estimator__n_estimators=20; total time=   0.0s
[CV] END estimator__criterion=squared_error, estimator__max_depth=14, estimator__min_samples_split=4, estimator__n_estimators=40; total time=   0.0s
[CV] END estimator__criterion=squared_error, estimator__max_depth=14, estimator__min_samples_split=4, estimator__n_estimators=60; total time=   0.0s
[CV] END estimator__criterion=squared_error, estimator__max_depth=14, estimator__min_samples_split=4, estimator__n_estimators=100; total time=   0.0s
[CV] END estimator__criterion=squared_error, estimator__max_depth=14, estimator__min_samples_split=5, estimator__n_estimators=100; total time=   0.0s
[CV] END estimator__criterion=squared_error, estimator__max_depth=14, estimator__min_samples_split=6, estimator__n_estimators=80; total time=   0.0s
[CV] END estimator__criterion=squared_error, estimator__max_depth=15, estimator__min_samples_split=2, estimator__n_estimators=60; total time=   0.0s
[CV] END estimator__criterion=squared_error, estimator__max_depth=15, estimator__min_samples_split=3, estimator__n_estimators=20; total time=   0.0s
[CV] END estimator__criterion=squared_error, estimator__max_depth=15, estimator__min_samples_split=3, estimator__n_estimators=40; total time=   0.0s
[CV] END estimator__criterion=squared_error, estimator__max_depth=15, estimator__min_samples_split=3, estimator__n_estimators=100; total time=   0.0s
[CV] END estimator__criterion=squared_error, estimator__max_depth=15, estimator__min_samples_split=5, estimator__n_estimators=40; total time=   0.0s
[CV] END estimator__criterion=squared_error, estimator__max_depth=15, estimator__min_samples_split=6, estimator__n_estimators=20; total time=   0.0s
[CV] END estimator__criterion=squared_error, estimator__max_depth=15, estimator__min_samples_split=6, estimator__n_estimators=60; total time=   0.0s
[CV] END estimator__criterion=squared_error, estimator__max_depth=16, estimator__min_samples_split=2, estimator__n_estimators=80; total time=   0.0s
[CV] END estimator__criterion=squared_error, estimator__max_depth=16, estimator__min_samples_split=5, estimator__n_estimators=60; total time=   0.0s
[CV] END estimator__criterion=squared_error, estimator__max_depth=16, estimator__min_samples_split=5, estimator__n_estimators=60; total time=   0.0s
[CV] END estimator__criterion=squared_error, estimator__max_depth=17, estimator__min_samples_split=2, estimator__n_estimators=60; total time=   0.0s
[CV] END estimator__criterion=squared_error, estimator__max_depth=17, estimator__min_samples_split=2, estimator__n_estimators=60; total time=   0.0s
[CV] END estimator__criterion=squared_error, estimator__max_depth=17, estimator__min_samples_split=6, estimator__n_estimators=100; total time=   0.0s
[CV] END estimator__criterion=squared_error, estimator__max_depth=17, estimator__min_samples_split=6, estimator__n_estimators=100; total time=   0.0s
[CV] END estimator__criterion=squared_error, estimator__max_depth=17, estimator__min_samples_split=6, estimator__n_estimators=100; total time=   0.0s
[CV] END estimator__criterion=squared_error, estimator__max_depth=17, estimator__min_samples_split=6, estimator__n_estimators=100; total time=   0.0s
[CV] END estimator__criterion=absolute_error, estimator__max_depth=14, estimator__min_samples_split=3, estimator__n_estimators=100; total time=   0.3s
[CV] END estimator__criterion=absolute_error, estimator__max_depth=14, estimator__min_samples_split=3, estimator__n_estimators=100; total time=   0.3s
[CV] END estimator__criterion=absolute_error, estimator__max_depth=14, estimator__min_samples_split=3, estimator__n_estimators=100; total time=   0.4s
[CV] END estimator__criterion=absolute_error, estimator__max_depth=14, estimator__min_samples_split=4, estimator__n_estimators=20; total time=   0.0s
[CV] END estimator__criterion=absolute_error, estimator__max_depth=15, estimator__min_samples_split=6, estimator__n_estimators=20; total time=   0.0s
[CV] END estimator__criterion=absolute_error, estimator__max_depth=15, estimator__min_samples_split=6, estimator__n_estimators=20; total time=   0.0s
[CV] END estimator__criterion=absolute_error, estimator__max_depth=15, estimator__min_samples_split=6, estimator__n_estimators=20; total time=   0.0s
[CV] END estimator__criterion=absolute_error, estimator__max_depth=15, estimator__min_samples_split=6, estimator__n_estimators=40; total time=   0.1s
[CV] END estimator__criterion=absolute_error, estimator__max_depth=16, estimator__min_samples_split=2, estimator__n_estimators=100; total time=   0.3s
[CV] END estimator__criterion=absolute_error, estimator__max_depth=16, estimator__min_samples_split=2, estimator__n_estimators=100; total time=   0.3s
[CV] END estimator__criterion=absolute_error, estimator__max_depth=16, estimator__min_samples_split=2, estimator__n_estimators=100; total time=   0.3s
[CV] END estimator__criterion=absolute_error, estimator__max_depth=16, estimator__min_samples_split=2, estimator__n_estimators=100; total time=   0.3s
[CV] END estimator__criterion=absolute_error, estimator__max_depth=17, estimator__min_samples_split=6, estimator__n_estimators=20; total time=   0.0s
[CV] END estimator__criterion=absolute_error, estimator__max_depth=17, estimator__min_samples_split=6, estimator__n_estimators=20; total time=   0.0s
[CV] END estimator__criterion=absolute_error, estimator__max_depth=17, estimator__min_samples_split=6, estimator__n_estimators=20; total time=   0.0s
[CV] END estimator__criterion=absolute_error, estimator__max_depth=17, estimator__min_samples_split=6, estimator__n_estimators=20; total time=   0.0s
[CV] END estimator__criterion=absolute_error, estimator__max_depth=18, estimator__min_samples_split=2, estimator__n_estimators=60; total time=   0.2s
[CV] END estimator__criterion=absolute_error, estimator__max_depth=18, estimator__min_samples_split=2, estimator__n_estimators=60; total time=   0.2s
[CV] END estimator__criterion=absolute_error, estimator__max_depth=18, estimator__min_samples_split=2, estimator__n_estimators=60; total time=   0.2s
[CV] END estimator__criterion=absolute_error, estimator__max_depth=18, estimator__min_samples_split=2, estimator__n_estimators=60; total time=   0.2s
[CV] END estimator__criterion=absolute_error, estimator__max_depth=18, estimator__min_samples_split=5, estimator__n_estimators=100; total time=   0.3s
[CV] END estimator__criterion=squared_error, estimator__max_depth=14, estimator__min_samples_split=2, estimator__n_estimators=60; total time=   0.0s
[CV] END estimator__criterion=squared_error, estimator__max_depth=14, estimator__min_samples_split=5, estimator__n_estimators=20; total time=   0.0s
[CV] END estimator__criterion=squared_error, estimator__max_depth=14, estimator__min_samples_split=5, estimator__n_estimators=60; total time=   0.0s
[CV] END estimator__criterion=squared_error, estimator__max_depth=14, estimator__min_samples_split=6, estimator__n_estimators=20; total time=   0.0s
[CV] END estimator__criterion=squared_error, estimator__max_depth=14, estimator__min_samples_split=6, estimator__n_estimators=40; total time=   0.0s
[CV] END estimator__criterion=squared_error, estimator__max_depth=14, estimator__min_samples_split=6, estimator__n_estimators=80; total time=   0.0s
[CV] END estimator__criterion=squared_error, estimator__max_depth=15, estimator__min_samples_split=2, estimator__n_estimators=60; total time=   0.0s
[CV] END estimator__criterion=squared_error, estimator__max_depth=15, estimator__min_samples_split=3, estimator__n_estimators=40; total time=   0.0s
[CV] END estimator__criterion=squared_error, estimator__max_depth=15, estimator__min_samples_split=3, estimator__n_estimators=80; total time=   0.0s
[CV] END estimator__criterion=squared_error, estimator__max_depth=15, estimator__min_samples_split=4, estimator__n_estimators=80; total time=   0.0s
[CV] END estimator__criterion=squared_error, estimator__max_depth=15, estimator__min_samples_split=5, estimator__n_estimators=100; total time=   0.0s
[CV] END estimator__criterion=squared_error, estimator__max_depth=16, estimator__min_samples_split=2, estimator__n_estimators=80; total time=   0.0s
[CV] END estimator__criterion=squared_error, estimator__max_depth=16, estimator__min_samples_split=4, estimator__n_estimators=100; total time=   0.0s
[CV] END estimator__criterion=squared_error, estimator__max_depth=16, estimator__min_samples_split=5, estimator__n_estimators=20; total time=   0.0s
[CV] END estimator__criterion=squared_error, estimator__max_depth=16, estimator__min_samples_split=6, estimator__n_estimators=100; total time=   0.0s
[CV] END estimator__criterion=squared_error, estimator__max_depth=17, estimator__min_samples_split=2, estimator__n_estimators=20; total time=   0.0s
[CV] END estimator__criterion=squared_error, estimator__max_depth=17, estimator__min_samples_split=5, estimator__n_estimators=20; total time=   0.0s
[CV] END estimator__criterion=squared_error, estimator__max_depth=17, estimator__min_samples_split=5, estimator__n_estimators=20; total time=   0.0s
[CV] END estimator__criterion=squared_error, estimator__max_depth=17, estimator__min_samples_split=5, estimator__n_estimators=20; total time=   0.0s
[CV] END estimator__criterion=squared_error, estimator__max_depth=17, estimator__min_samples_split=5, estimator__n_estimators=40; total time=   0.0s
[CV] END estimator__criterion=squared_error, estimator__max_depth=18, estimator__min_samples_split=3, estimator__n_estimators=40; total time=   0.0s
[CV] END estimator__criterion=squared_error, estimator__max_depth=18, estimator__min_samples_split=3, estimator__n_estimators=40; total time=   0.0s
[CV] END estimator__criterion=squared_error, estimator__max_depth=18, estimator__min_samples_split=3, estimator__n_estimators=40; total time=   0.0s
[CV] END estimator__criterion=squared_error, estimator__max_depth=18, estimator__min_samples_split=3, estimator__n_estimators=60; total time=   0.0s
[CV] END estimator__criterion=squared_error, estimator__max_depth=18, estimator__min_samples_split=6, estimator__n_estimators=40; total time=   0.0s
[CV] END estimator__criterion=squared_error, estimator__max_depth=18, estimator__min_samples_split=6, estimator__n_estimators=40; total time=   0.0s
[CV] END estimator__criterion=squared_error, estimator__max_depth=18, estimator__min_samples_split=6, estimator__n_estimators=60; total time=   0.0s
[CV] END estimator__criterion=squared_error, estimator__max_depth=18, estimator__min_samples_split=6, estimator__n_estimators=60; total time=   0.0s
[CV] END estimator__criterion=absolute_error, estimator__max_depth=14, estimator__min_samples_split=5, estimator__n_estimators=20; total time=   0.0s
[CV] END estimator__criterion=absolute_error, estimator__max_depth=14, estimator__min_samples_split=5, estimator__n_estimators=40; total time=   0.1s
[CV] END estimator__criterion=absolute_error, estimator__max_depth=14, estimator__min_samples_split=5, estimator__n_estimators=40; total time=   0.1s
[CV] END estimator__criterion=absolute_error, estimator__max_depth=14, estimator__min_samples_split=5, estimator__n_estimators=40; total time=   0.1s
[CV] END estimator__criterion=absolute_error, estimator__max_depth=15, estimator__min_samples_split=2, estimator__n_estimators=100; total time=   0.3s
[CV] END estimator__criterion=absolute_error, estimator__max_depth=15, estimator__min_samples_split=2, estimator__n_estimators=100; total time=   0.3s
[CV] END estimator__criterion=absolute_error, estimator__max_depth=15, estimator__min_samples_split=2, estimator__n_estimators=100; total time=   0.3s
[CV] END estimator__criterion=absolute_error, estimator__max_depth=15, estimator__min_samples_split=3, estimator__n_estimators=20; total time=   0.0s
[CV] END estimator__criterion=absolute_error, estimator__max_depth=16, estimator__min_samples_split=4, estimator__n_estimators=80; total time=   0.2s
[CV] END estimator__criterion=absolute_error, estimator__max_depth=16, estimator__min_samples_split=4, estimator__n_estimators=80; total time=   0.2s
[CV] END estimator__criterion=absolute_error, estimator__max_depth=16, estimator__min_samples_split=4, estimator__n_estimators=80; total time=   0.2s
[CV] END estimator__criterion=absolute_error, estimator__max_depth=16, estimator__min_samples_split=4, estimator__n_estimators=80; total time=   0.2s
[CV] END estimator__criterion=absolute_error, estimator__max_depth=17, estimator__min_samples_split=5, estimator__n_estimators=60; total time=   0.1s
[CV] END estimator__criterion=absolute_error, estimator__max_depth=17, estimator__min_samples_split=5, estimator__n_estimators=60; total time=   0.1s
[CV] END estimator__criterion=absolute_error, estimator__max_depth=17, estimator__min_samples_split=5, estimator__n_estimators=80; total time=   0.2s
[CV] END estimator__criterion=absolute_error, estimator__max_depth=17, estimator__min_samples_split=5, estimator__n_estimators=80; total time=   0.2s
[CV] END estimator__criterion=absolute_error, estimator__max_depth=18, estimator__min_samples_split=4, estimator__n_estimators=80; total time=   0.2s
[CV] END estimator__criterion=absolute_error, estimator__max_depth=18, estimator__min_samples_split=5, estimator__n_estimators=60; total time=   0.1s
[CV] END estimator__criterion=absolute_error, estimator__max_depth=18, estimator__min_samples_split=6, estimator__n_estimators=60; total time=   0.1s
[CV] END estimator__criterion=squared_error, estimator__max_depth=14, estimator__min_samples_split=2, estimator__n_estimators=80; total time=   0.0s
[CV] END estimator__criterion=squared_error, estimator__max_depth=15, estimator__min_samples_split=3, estimator__n_estimators=20; total time=   0.0s
[CV] END estimator__criterion=squared_error, estimator__max_depth=15, estimator__min_samples_split=3, estimator__n_estimators=60; total time=   0.0s
[CV] END estimator__criterion=squared_error, estimator__max_depth=15, estimator__min_samples_split=4, estimator__n_estimators=20; total time=   0.0s
[CV] END estimator__criterion=squared_error, estimator__max_depth=15, estimator__min_samples_split=4, estimator__n_estimators=60; total time=   0.0s
[CV] END estimator__criterion=squared_error, estimator__max_depth=15, estimator__min_samples_split=5, estimator__n_estimators=60; total time=   0.0s
[CV] END estimator__criterion=squared_error, estimator__max_depth=15, estimator__min_samples_split=6, estimator__n_estimators=60; total time=   0.0s
[CV] END estimator__criterion=squared_error, estimator__max_depth=16, estimator__min_samples_split=3, estimator__n_estimators=20; total time=   0.0s
[CV] END estimator__criterion=squared_error, estimator__max_depth=16, estimator__min_samples_split=3, estimator__n_estimators=40; total time=   0.0s
[CV] END estimator__criterion=squared_error, estimator__max_depth=16, estimator__min_samples_split=5, estimator__n_estimators=20; total time=   0.0s
[CV] END estimator__criterion=squared_error, estimator__max_depth=16, estimator__min_samples_split=5, estimator__n_estimators=20; total time=   0.0s
[CV] END estimator__criterion=squared_error, estimator__max_depth=16, estimator__min_samples_split=6, estimator__n_estimators=60; total time=   0.0s
[CV] END estimator__criterion=squared_error, estimator__max_depth=16, estimator__min_samples_split=6, estimator__n_estimators=60; total time=   0.0s
[CV] END estimator__criterion=squared_error, estimator__max_depth=17, estimator__min_samples_split=3, estimator__n_estimators=100; total time=   0.0s
[CV] END estimator__criterion=squared_error, estimator__max_depth=17, estimator__min_samples_split=3, estimator__n_estimators=100; total time=   0.0s
[CV] END estimator__criterion=squared_error, estimator__max_depth=17, estimator__min_samples_split=3, estimator__n_estimators=100; total time=   0.0s
[CV] END estimator__criterion=squared_error, estimator__max_depth=17, estimator__min_samples_split=3, estimator__n_estimators=100; total time=   0.0s
[CV] END estimator__criterion=absolute_error, estimator__max_depth=14, estimator__min_samples_split=4, estimator__n_estimators=100; total time=   0.4s
[CV] END estimator__criterion=absolute_error, estimator__max_depth=14, estimator__min_samples_split=4, estimator__n_estimators=100; total time=   0.4s
[CV] END estimator__criterion=absolute_error, estimator__max_depth=14, estimator__min_samples_split=4, estimator__n_estimators=100; total time=   0.4s
[CV] END estimator__criterion=absolute_error, estimator__max_depth=14, estimator__min_samples_split=4, estimator__n_estimators=100; total time=   0.3s
[CV] END estimator__criterion=absolute_error, estimator__max_depth=16, estimator__min_samples_split=3, estimator__n_estimators=100; total time=   0.3s
[CV] END estimator__criterion=absolute_error, estimator__max_depth=16, estimator__min_samples_split=3, estimator__n_estimators=100; total time=   0.3s
[CV] END estimator__criterion=absolute_error, estimator__max_depth=16, estimator__min_samples_split=3, estimator__n_estimators=100; total time=   0.3s
[CV] END estimator__criterion=absolute_error, estimator__max_depth=16, estimator__min_samples_split=3, estimator__n_estimators=100; total time=   0.3s
[CV] END estimator__criterion=absolute_error, estimator__max_depth=17, estimator__min_samples_split=6, estimator__n_estimators=60; total time=   0.1s
[CV] END estimator__criterion=absolute_error, estimator__max_depth=17, estimator__min_samples_split=6, estimator__n_estimators=60; total time=   0.1s
[CV] END estimator__criterion=absolute_error, estimator__max_depth=17, estimator__min_samples_split=6, estimator__n_estimators=60; total time=   0.1s
[CV] END estimator__criterion=absolute_error, estimator__max_depth=17, estimator__min_samples_split=6, estimator__n_estimators=80; total time=   0.2s
[CV] END estimator__criterion=absolute_error, estimator__max_depth=18, estimator__min_samples_split=5, estimator__n_estimators=20; total time=   0.0s
[CV] END estimator__criterion=absolute_error, estimator__max_depth=18, estimator__min_samples_split=5, estimator__n_estimators=40; total time=   0.1s
[CV] END estimator__criterion=absolute_error, estimator__max_depth=18, estimator__min_samples_split=5, estimator__n_estimators=100; total time=   0.3s
[CV] END estimator__criterion=squared_error, estimator__max_depth=14, estimator__min_samples_split=2, estimator__n_estimators=40; total time=   0.0s
[CV] END estimator__criterion=squared_error, estimator__max_depth=14, estimator__min_samples_split=5, estimator__n_estimators=20; total time=   0.0s
[CV] END estimator__criterion=squared_error, estimator__max_depth=14, estimator__min_samples_split=5, estimator__n_estimators=60; total time=   0.0s
[CV] END estimator__criterion=squared_error, estimator__max_depth=14, estimator__min_samples_split=6, estimator__n_estimators=20; total time=   0.0s
[CV] END estimator__criterion=squared_error, estimator__max_depth=14, estimator__min_samples_split=6, estimator__n_estimators=40; total time=   0.0s
[CV] END estimator__criterion=squared_error, estimator__max_depth=14, estimator__min_samples_split=6, estimator__n_estimators=80; total time=   0.0s
[CV] END estimator__criterion=squared_error, estimator__max_depth=15, estimator__min_samples_split=2, estimator__n_estimators=60; total time=   0.0s
[CV] END estimator__criterion=squared_error, estimator__max_depth=15, estimator__min_samples_split=3, estimator__n_estimators=20; total time=   0.0s
[CV] END estimator__criterion=squared_error, estimator__max_depth=15, estimator__min_samples_split=3, estimator__n_estimators=40; total time=   0.0s
[CV] END estimator__criterion=squared_error, estimator__max_depth=15, estimator__min_samples_split=3, estimator__n_estimators=80; total time=   0.0s
[CV] END estimator__criterion=squared_error, estimator__max_depth=15, estimator__min_samples_split=4, estimator__n_estimators=80; total time=   0.0s
[CV] END estimator__criterion=squared_error, estimator__max_depth=15, estimator__min_samples_split=5, estimator__n_estimators=60; total time=   0.0s
[CV] END estimator__criterion=squared_error, estimator__max_depth=15, estimator__min_samples_split=6, estimator__n_estimators=60; total time=   0.0s
[CV] END estimator__criterion=squared_error, estimator__max_depth=16, estimator__min_samples_split=2, estimator__n_estimators=60; total time=   0.0s
[CV] END estimator__criterion=squared_error, estimator__max_depth=16, estimator__min_samples_split=4, estimator__n_estimators=60; total time=   0.0s
[CV] END estimator__criterion=squared_error, estimator__max_depth=16, estimator__min_samples_split=4, estimator__n_estimators=60; total time=   0.0s
[CV] END estimator__criterion=squared_error, estimator__max_depth=16, estimator__min_samples_split=6, estimator__n_estimators=100; total time=   0.0s
[CV] END estimator__criterion=squared_error, estimator__max_depth=16, estimator__min_samples_split=6, estimator__n_estimators=100; total time=   0.0s
[CV] END estimator__criterion=squared_error, estimator__max_depth=17, estimator__min_samples_split=6, estimator__n_estimators=80; total time=   0.0s
[CV] END estimator__criterion=squared_error, estimator__max_depth=17, estimator__min_samples_split=6, estimator__n_estimators=80; total time=   0.0s
[CV] END estimator__criterion=squared_error, estimator__max_depth=17, estimator__min_samples_split=6, estimator__n_estimators=80; total time=   0.0s
[CV] END estimator__criterion=squared_error, estimator__max_depth=17, estimator__min_samples_split=6, estimator__n_estimators=100; total time=   0.0s
[CV] END estimator__criterion=absolute_error, estimator__max_depth=14, estimator__min_samples_split=2, estimator__n_estimators=20; total time=   0.0s
[CV] END estimator__criterion=absolute_error, estimator__max_depth=14, estimator__min_samples_split=2, estimator__n_estimators=20; total time=   0.0s
[CV] END estimator__criterion=absolute_error, estimator__max_depth=14, estimator__min_samples_split=2, estimator__n_estimators=40; total time=   0.1s
[CV] END estimator__criterion=absolute_error, estimator__max_depth=14, estimator__min_samples_split=2, estimator__n_estimators=40; total time=   0.1s
[CV] END estimator__criterion=absolute_error, estimator__max_depth=15, estimator__min_samples_split=2, estimator__n_estimators=60; total time=   0.2s
[CV] END estimator__criterion=absolute_error, estimator__max_depth=15, estimator__min_samples_split=2, estimator__n_estimators=80; total time=   0.2s
[CV] END estimator__criterion=absolute_error, estimator__max_depth=15, estimator__min_samples_split=2, estimator__n_estimators=80; total time=   0.2s
[CV] END estimator__criterion=absolute_error, estimator__max_depth=15, estimator__min_samples_split=2, estimator__n_estimators=80; total time=   0.2s
[CV] END estimator__criterion=absolute_error, estimator__max_depth=16, estimator__min_samples_split=2, estimator__n_estimators=80; total time=   0.2s
[CV] END estimator__criterion=absolute_error, estimator__max_depth=16, estimator__min_samples_split=2, estimator__n_estimators=80; total time=   0.2s
[CV] END estimator__criterion=absolute_error, estimator__max_depth=16, estimator__min_samples_split=2, estimator__n_estimators=80; total time=   0.2s
[CV] END estimator__criterion=absolute_error, estimator__max_depth=16, estimator__min_samples_split=2, estimator__n_estimators=100; total time=   0.3s
[CV] END estimator__criterion=absolute_error, estimator__max_depth=17, estimator__min_samples_split=4, estimator__n_estimators=60; total time=   0.1s
[CV] END estimator__criterion=absolute_error, estimator__max_depth=17, estimator__min_samples_split=4, estimator__n_estimators=80; total time=   0.2s
[CV] END estimator__criterion=absolute_error, estimator__max_depth=17, estimator__min_samples_split=4, estimator__n_estimators=80; total time=   0.2s
[CV] END estimator__criterion=absolute_error, estimator__max_depth=17, estimator__min_samples_split=4, estimator__n_estimators=80; total time=   0.2s
[CV] END estimator__criterion=absolute_error, estimator__max_depth=18, estimator__min_samples_split=4, estimator__n_estimators=60; total time=   0.1s
[CV] END estimator__criterion=absolute_error, estimator__max_depth=18, estimator__min_samples_split=5, estimator__n_estimators=20; total time=   0.0s
[CV] END estimator__criterion=absolute_error, estimator__max_depth=18, estimator__min_samples_split=5, estimator__n_estimators=40; total time=   0.1s
[CV] END estimator__criterion=absolute_error, estimator__max_depth=18, estimator__min_samples_split=5, estimator__n_estimators=100; total time=   0.3s
[CV] END estimator__criterion=squared_error, estimator__max_depth=14, estimator__min_samples_split=2, estimator__n_estimators=100; total time=   0.0s
[CV] END estimator__criterion=squared_error, estimator__max_depth=16, estimator__min_samples_split=2, estimator__n_estimators=40; total time=   0.0s
[CV] END estimator__criterion=squared_error, estimator__max_depth=16, estimator__min_samples_split=3, estimator__n_estimators=80; total time=   0.0s
[CV] END estimator__criterion=squared_error, estimator__max_depth=16, estimator__min_samples_split=3, estimator__n_estimators=80; total time=   0.0s
[CV] END estimator__criterion=squared_error, estimator__max_depth=17, estimator__min_samples_split=2, estimator__n_estimators=80; total time=   0.0s
[CV] END estimator__criterion=squared_error, estimator__max_depth=17, estimator__min_samples_split=2, estimator__n_estimators=80; total time=   0.0s
[CV] END estimator__criterion=squared_error, estimator__max_depth=18, estimator__min_samples_split=2, estimator__n_estimators=60; total time=   0.0s
[CV] END estimator__criterion=squared_error, estimator__max_depth=18, estimator__min_samples_split=2, estimator__n_estimators=60; total time=   0.0s
[CV] END estimator__criterion=squared_error, estimator__max_depth=18, estimator__min_samples_split=2, estimator__n_estimators=60; total time=   0.0s
[CV] END estimator__criterion=squared_error, estimator__max_depth=18, estimator__min_samples_split=2, estimator__n_estimators=80; total time=   0.0s
[CV] END estimator__criterion=absolute_error, estimator__max_depth=14, estimator__min_samples_split=3, estimator__n_estimators=60; total time=   0.2s
[CV] END estimator__criterion=absolute_error, estimator__max_depth=14, estimator__min_samples_split=3, estimator__n_estimators=60; total time=   0.1s
[CV] END estimator__criterion=absolute_error, estimator__max_depth=14, estimator__min_samples_split=3, estimator__n_estimators=60; total time=   0.1s
[CV] END estimator__criterion=absolute_error, estimator__max_depth=14, estimator__min_samples_split=3, estimator__n_estimators=60; total time=   0.1s
[CV] END estimator__criterion=absolute_error, estimator__max_depth=15, estimator__min_samples_split=4, estimator__n_estimators=20; total time=   0.0s
[CV] END estimator__criterion=absolute_error, estimator__max_depth=15, estimator__min_samples_split=4, estimator__n_estimators=40; total time=   0.1s
[CV] END estimator__criterion=absolute_error, estimator__max_depth=15, estimator__min_samples_split=4, estimator__n_estimators=40; total time=   0.1s
[CV] END estimator__criterion=absolute_error, estimator__max_depth=15, estimator__min_samples_split=4, estimator__n_estimators=40; total time=   0.1s
[CV] END estimator__criterion=absolute_error, estimator__max_depth=15, estimator__min_samples_split=6, estimator__n_estimators=60; total time=   0.2s
[CV] END estimator__criterion=absolute_error, estimator__max_depth=15, estimator__min_samples_split=6, estimator__n_estimators=80; total time=   0.3s
[CV] END estimator__criterion=absolute_error, estimator__max_depth=15, estimator__min_samples_split=6, estimator__n_estimators=80; total time=   0.3s
[CV] END estimator__criterion=absolute_error, estimator__max_depth=15, estimator__min_samples_split=6, estimator__n_estimators=80; total time=   0.3s
[CV] END estimator__criterion=absolute_error, estimator__max_depth=17, estimator__min_samples_split=3, estimator__n_estimators=60; total time=   0.2s
[CV] END estimator__criterion=absolute_error, estimator__max_depth=17, estimator__min_samples_split=3, estimator__n_estimators=60; total time=   0.2s
[CV] END estimator__criterion=absolute_error, estimator__max_depth=17, estimator__min_samples_split=3, estimator__n_estimators=60; total time=   0.2s
[CV] END estimator__criterion=absolute_error, estimator__max_depth=17, estimator__min_samples_split=3, estimator__n_estimators=60; total time=   0.2s
[CV] END estimator__criterion=absolute_error, estimator__max_depth=18, estimator__min_samples_split=4, estimator__n_estimators=60; total time=   0.2s
[CV] END estimator__criterion=absolute_error, estimator__max_depth=18, estimator__min_samples_split=4, estimator__n_estimators=100; total time=   0.4s
[CV] END estimator__criterion=absolute_error, estimator__max_depth=18, estimator__min_samples_split=6, estimator__n_estimators=60; total time=   0.2s
[CV] END estimator__criterion=squared_error, estimator__max_depth=14, estimator__min_samples_split=2, estimator__n_estimators=80; total time=   0.0s
[CV] END estimator__criterion=squared_error, estimator__max_depth=14, estimator__min_samples_split=5, estimator__n_estimators=80; total time=   0.0s
[CV] END estimator__criterion=squared_error, estimator__max_depth=14, estimator__min_samples_split=6, estimator__n_estimators=60; total time=   0.0s
[CV] END estimator__criterion=squared_error, estimator__max_depth=15, estimator__min_samples_split=2, estimator__n_estimators=20; total time=   0.0s
[CV] END estimator__criterion=squared_error, estimator__max_depth=15, estimator__min_samples_split=2, estimator__n_estimators=40; total time=   0.0s
[CV] END estimator__criterion=squared_error, estimator__max_depth=15, estimator__min_samples_split=2, estimator__n_estimators=100; total time=   0.0s
[CV] END estimator__criterion=squared_error, estimator__max_depth=15, estimator__min_samples_split=4, estimator__n_estimators=20; total time=   0.0s
[CV] END estimator__criterion=squared_error, estimator__max_depth=15, estimator__min_samples_split=4, estimator__n_estimators=40; total time=   0.0s
[CV] END estimator__criterion=squared_error, estimator__max_depth=15, estimator__min_samples_split=4, estimator__n_estimators=80; total time=   0.0s
[CV] END estimator__criterion=squared_error, estimator__max_depth=15, estimator__min_samples_split=5, estimator__n_estimators=100; total time=   0.0s
[CV] END estimator__criterion=squared_error, estimator__max_depth=16, estimator__min_samples_split=3, estimator__n_estimators=20; total time=   0.0s
[CV] END estimator__criterion=squared_error, estimator__max_depth=16, estimator__min_samples_split=3, estimator__n_estimators=40; total time=   0.0s
[CV] END estimator__criterion=squared_error, estimator__max_depth=16, estimator__min_samples_split=4, estimator__n_estimators=80; total time=   0.0s
[CV] END estimator__criterion=squared_error, estimator__max_depth=16, estimator__min_samples_split=4, estimator__n_estimators=80; total time=   0.0s
[CV] END estimator__criterion=squared_error, estimator__max_depth=17, estimator__min_samples_split=3, estimator__n_estimators=60; total time=   0.0s
[CV] END estimator__criterion=squared_error, estimator__max_depth=17, estimator__min_samples_split=3, estimator__n_estimators=60; total time=   0.0s
[CV] END estimator__criterion=squared_error, estimator__max_depth=18, estimator__min_samples_split=2, estimator__n_estimators=100; total time=   0.0s
[CV] END estimator__criterion=squared_error, estimator__max_depth=18, estimator__min_samples_split=3, estimator__n_estimators=20; total time=   0.0s
[CV] END estimator__criterion=squared_error, estimator__max_depth=18, estimator__min_samples_split=3, estimator__n_estimators=20; total time=   0.0s
[CV] END estimator__criterion=squared_error, estimator__max_depth=18, estimator__min_samples_split=3, estimator__n_estimators=20; total time=   0.0s
[CV] END estimator__criterion=squared_error, estimator__max_depth=18, estimator__min_samples_split=6, estimator__n_estimators=100; total time=   0.0s
[CV] END estimator__criterion=squared_error, estimator__max_depth=18, estimator__min_samples_split=6, estimator__n_estimators=100; total time=   0.0s
[CV] END estimator__criterion=squared_error, estimator__max_depth=18, estimator__min_samples_split=6, estimator__n_estimators=100; total time=   0.0s
[CV] END estimator__criterion=squared_error, estimator__max_depth=18, estimator__min_samples_split=6, estimator__n_estimators=100; total time=   0.0s
[CV] END estimator__criterion=absolute_error, estimator__max_depth=15, estimator__min_samples_split=2, estimator__n_estimators=40; total time=   0.1s
[CV] END estimator__criterion=absolute_error, estimator__max_depth=15, estimator__min_samples_split=2, estimator__n_estimators=40; total time=   0.1s
[CV] END estimator__criterion=absolute_error, estimator__max_depth=15, estimator__min_samples_split=2, estimator__n_estimators=40; total time=   0.1s
[CV] END estimator__criterion=absolute_error, estimator__max_depth=15, estimator__min_samples_split=2, estimator__n_estimators=40; total time=   0.1s
[CV] END estimator__criterion=absolute_error, estimator__max_depth=15, estimator__min_samples_split=5, estimator__n_estimators=60; total time=   0.2s
[CV] END estimator__criterion=absolute_error, estimator__max_depth=15, estimator__min_samples_split=5, estimator__n_estimators=60; total time=   0.1s
[CV] END estimator__criterion=absolute_error, estimator__max_depth=15, estimator__min_samples_split=5, estimator__n_estimators=60; total time=   0.1s
[CV] END estimator__criterion=absolute_error, estimator__max_depth=15, estimator__min_samples_split=5, estimator__n_estimators=60; total time=   0.1s
[CV] END estimator__criterion=absolute_error, estimator__max_depth=16, estimator__min_samples_split=5, estimator__n_estimators=40; total time=   0.1s
[CV] END estimator__criterion=absolute_error, estimator__max_depth=16, estimator__min_samples_split=5, estimator__n_estimators=40; total time=   0.1s
[CV] END estimator__criterion=absolute_error, estimator__max_depth=16, estimator__min_samples_split=5, estimator__n_estimators=40; total time=   0.1s
[CV] END estimator__criterion=absolute_error, estimator__max_depth=16, estimator__min_samples_split=5, estimator__n_estimators=40; total time=   0.1s
[CV] END estimator__criterion=absolute_error, estimator__max_depth=17, estimator__min_samples_split=3, estimator__n_estimators=20; total time=   0.0s
[CV] END estimator__criterion=absolute_error, estimator__max_depth=17, estimator__min_samples_split=3, estimator__n_estimators=20; total time=   0.0s
[CV] END estimator__criterion=absolute_error, estimator__max_depth=17, estimator__min_samples_split=3, estimator__n_estimators=40; total time=   0.1s
[CV] END estimator__criterion=absolute_error, estimator__max_depth=17, estimator__min_samples_split=3, estimator__n_estimators=40; total time=   0.1s
[CV] END estimator__criterion=absolute_error, estimator__max_depth=17, estimator__min_samples_split=5, estimator__n_estimators=80; total time=   0.2s
[CV] END estimator__criterion=absolute_error, estimator__max_depth=17, estimator__min_samples_split=5, estimator__n_estimators=80; total time=   0.2s
[CV] END estimator__criterion=absolute_error, estimator__max_depth=17, estimator__min_samples_split=5, estimator__n_estimators=80; total time=   0.2s
[CV] END estimator__criterion=absolute_error, estimator__max_depth=17, estimator__min_samples_split=5, estimator__n_estimators=100; total time=   0.3s
[CV] END estimator__criterion=absolute_error, estimator__max_depth=18, estimator__min_samples_split=5, estimator__n_estimators=40; total time=   0.1s
[CV] END estimator__criterion=absolute_error, estimator__max_depth=18, estimator__min_samples_split=6, estimator__n_estimators=20; total time=   0.0s
[CV] END estimator__criterion=absolute_error, estimator__max_depth=18, estimator__min_samples_split=6, estimator__n_estimators=60; total time=   0.2s
[CV] END estimator__criterion=squared_error, estimator__max_depth=14, estimator__min_samples_split=2, estimator__n_estimators=40; total time=   0.0s
[CV] END estimator__criterion=squared_error, estimator__max_depth=14, estimator__min_samples_split=4, estimator__n_estimators=60; total time=   0.0s
[CV] END estimator__criterion=squared_error, estimator__max_depth=14, estimator__min_samples_split=4, estimator__n_estimators=80; total time=   0.0s
[CV] END estimator__criterion=squared_error, estimator__max_depth=14, estimator__min_samples_split=5, estimator__n_estimators=40; total time=   0.0s
[CV] END estimator__criterion=squared_error, estimator__max_depth=14, estimator__min_samples_split=5, estimator__n_estimators=100; total time=   0.0s
[CV] END estimator__criterion=squared_error, estimator__max_depth=14, estimator__min_samples_split=6, estimator__n_estimators=100; total time=   0.0s
[CV] END estimator__criterion=squared_error, estimator__max_depth=15, estimator__min_samples_split=2, estimator__n_estimators=80; total time=   0.0s
[CV] END estimator__criterion=squared_error, estimator__max_depth=15, estimator__min_samples_split=3, estimator__n_estimators=60; total time=   0.0s
[CV] END estimator__criterion=squared_error, estimator__max_depth=15, estimator__min_samples_split=4, estimator__n_estimators=40; total time=   0.0s
[CV] END estimator__criterion=squared_error, estimator__max_depth=15, estimator__min_samples_split=4, estimator__n_estimators=100; total time=   0.0s
[CV] END estimator__criterion=squared_error, estimator__max_depth=15, estimator__min_samples_split=6, estimator__n_estimators=100; total time=   0.0s
[CV] END estimator__criterion=squared_error, estimator__max_depth=16, estimator__min_samples_split=3, estimator__n_estimators=100; total time=   0.0s
[CV] END estimator__criterion=squared_error, estimator__max_depth=16, estimator__min_samples_split=3, estimator__n_estimators=100; total time=   0.0s
[CV] END estimator__criterion=squared_error, estimator__max_depth=17, estimator__min_samples_split=4, estimator__n_estimators=100; total time=   0.0s
[CV] END estimator__criterion=squared_error, estimator__max_depth=17, estimator__min_samples_split=4, estimator__n_estimators=100; total time=   0.0s
[CV] END estimator__criterion=squared_error, estimator__max_depth=17, estimator__min_samples_split=5, estimator__n_estimators=20; total time=   0.0s
[CV] END estimator__criterion=squared_error, estimator__max_depth=17, estimator__min_samples_split=5, estimator__n_estimators=20; total time=   0.0s
[CV] END estimator__criterion=squared_error, estimator__max_depth=18, estimator__min_samples_split=5, estimator__n_estimators=80; total time=   0.0s
[CV] END estimator__criterion=squared_error, estimator__max_depth=18, estimator__min_samples_split=5, estimator__n_estimators=80; total time=   0.0s
[CV] END estimator__criterion=squared_error, estimator__max_depth=18, estimator__min_samples_split=5, estimator__n_estimators=80; total time=   0.0s
[CV] END estimator__criterion=squared_error, estimator__max_depth=18, estimator__min_samples_split=5, estimator__n_estimators=100; total time=   0.0s
[CV] END estimator__criterion=absolute_error, estimator__max_depth=14, estimator__min_samples_split=6, estimator__n_estimators=20; total time=   0.0s
[CV] END estimator__criterion=absolute_error, estimator__max_depth=14, estimator__min_samples_split=6, estimator__n_estimators=20; total time=   0.0s
[CV] END estimator__criterion=absolute_error, estimator__max_depth=14, estimator__min_samples_split=6, estimator__n_estimators=40; total time=   0.1s
[CV] END estimator__criterion=absolute_error, estimator__max_depth=14, estimator__min_samples_split=6, estimator__n_estimators=40; total time=   0.1s
[CV] END estimator__criterion=absolute_error, estimator__max_depth=15, estimator__min_samples_split=3, estimator__n_estimators=40; total time=   0.1s
[CV] END estimator__criterion=absolute_error, estimator__max_depth=15, estimator__min_samples_split=3, estimator__n_estimators=40; total time=   0.1s
[CV] END estimator__criterion=absolute_error, estimator__max_depth=15, estimator__min_samples_split=3, estimator__n_estimators=40; total time=   0.1s
[CV] END estimator__criterion=absolute_error, estimator__max_depth=15, estimator__min_samples_split=3, estimator__n_estimators=40; total time=   0.1s
[CV] END estimator__criterion=absolute_error, estimator__max_depth=15, estimator__min_samples_split=6, estimator__n_estimators=60; total time=   0.2s
[CV] END estimator__criterion=absolute_error, estimator__max_depth=15, estimator__min_samples_split=6, estimator__n_estimators=60; total time=   0.2s
[CV] END estimator__criterion=absolute_error, estimator__max_depth=15, estimator__min_samples_split=6, estimator__n_estimators=60; total time=   0.2s
[CV] END estimator__criterion=absolute_error, estimator__max_depth=15, estimator__min_samples_split=6, estimator__n_estimators=60; total time=   0.2s
[CV] END estimator__criterion=absolute_error, estimator__max_depth=16, estimator__min_samples_split=6, estimator__n_estimators=100; total time=   0.4s
[CV] END estimator__criterion=absolute_error, estimator__max_depth=16, estimator__min_samples_split=6, estimator__n_estimators=100; total time=   0.4s
[CV] END estimator__criterion=absolute_error, estimator__max_depth=16, estimator__min_samples_split=6, estimator__n_estimators=100; total time=   0.4s
[CV] END estimator__criterion=absolute_error, estimator__max_depth=16, estimator__min_samples_split=6, estimator__n_estimators=100; total time=   0.4s
[CV] END estimator__criterion=absolute_error, estimator__max_depth=18, estimator__min_samples_split=4, estimator__n_estimators=80; total time=   0.3s
[CV] END estimator__criterion=absolute_error, estimator__max_depth=18, estimator__min_samples_split=5, estimator__n_estimators=100; total time=   0.4s
[CV] END estimator__criterion=squared_error, estimator__max_depth=14, estimator__min_samples_split=2, estimator__n_estimators=100; total time=   0.1s
[CV] END estimator__criterion=squared_error, estimator__max_depth=15, estimator__min_samples_split=6, estimator__n_estimators=100; total time=   0.0s
[CV] END estimator__criterion=squared_error, estimator__max_depth=16, estimator__min_samples_split=4, estimator__n_estimators=20; total time=   0.0s
[CV] END estimator__criterion=squared_error, estimator__max_depth=16, estimator__min_samples_split=4, estimator__n_estimators=20; total time=   0.0s
[CV] END estimator__criterion=squared_error, estimator__max_depth=16, estimator__min_samples_split=5, estimator__n_estimators=80; total time=   0.0s
[CV] END estimator__criterion=squared_error, estimator__max_depth=16, estimator__min_samples_split=5, estimator__n_estimators=80; total time=   0.0s
[CV] END estimator__criterion=squared_error, estimator__max_depth=17, estimator__min_samples_split=4, estimator__n_estimators=20; total time=   0.0s
[CV] END estimator__criterion=squared_error, estimator__max_depth=17, estimator__min_samples_split=4, estimator__n_estimators=20; total time=   0.0s
[CV] END estimator__criterion=squared_error, estimator__max_depth=17, estimator__min_samples_split=4, estimator__n_estimators=40; total time=   0.0s
[CV] END estimator__criterion=squared_error, estimator__max_depth=17, estimator__min_samples_split=4, estimator__n_estimators=40; total time=   0.0s
[CV] END estimator__criterion=squared_error, estimator__max_depth=18, estimator__min_samples_split=3, estimator__n_estimators=80; total time=   0.0s
[CV] END estimator__criterion=squared_error, estimator__max_depth=18, estimator__min_samples_split=3, estimator__n_estimators=80; total time=   0.0s
[CV] END estimator__criterion=squared_error, estimator__max_depth=18, estimator__min_samples_split=3, estimator__n_estimators=80; total time=   0.0s
[CV] END estimator__criterion=squared_error, estimator__max_depth=18, estimator__min_samples_split=3, estimator__n_estimators=80; total time=   0.0s
[CV] END estimator__criterion=absolute_error, estimator__max_depth=14, estimator__min_samples_split=4, estimator__n_estimators=60; total time=   0.1s
[CV] END estimator__criterion=absolute_error, estimator__max_depth=14, estimator__min_samples_split=4, estimator__n_estimators=60; total time=   0.1s
[CV] END estimator__criterion=absolute_error, estimator__max_depth=14, estimator__min_samples_split=4, estimator__n_estimators=80; total time=   0.2s
[CV] END estimator__criterion=absolute_error, estimator__max_depth=14, estimator__min_samples_split=4, estimator__n_estimators=80; total time=   0.2s
[CV] END estimator__criterion=absolute_error, estimator__max_depth=15, estimator__min_samples_split=5, estimator__n_estimators=40; total time=   0.1s
[CV] END estimator__criterion=absolute_error, estimator__max_depth=15, estimator__min_samples_split=5, estimator__n_estimators=40; total time=   0.1s
[CV] END estimator__criterion=absolute_error, estimator__max_depth=15, estimator__min_samples_split=5, estimator__n_estimators=40; total time=   0.1s
[CV] END estimator__criterion=absolute_error, estimator__max_depth=15, estimator__min_samples_split=5, estimator__n_estimators=60; total time=   0.2s
[CV] END estimator__criterion=absolute_error, estimator__max_depth=16, estimator__min_samples_split=4, estimator__n_estimators=60; total time=   0.1s
[CV] END estimator__criterion=absolute_error, estimator__max_depth=16, estimator__min_samples_split=4, estimator__n_estimators=60; total time=   0.1s
[CV] END estimator__criterion=absolute_error, estimator__max_depth=16, estimator__min_samples_split=4, estimator__n_estimators=60; total time=   0.1s
[CV] END estimator__criterion=absolute_error, estimator__max_depth=16, estimator__min_samples_split=4, estimator__n_estimators=60; total time=   0.2s
[CV] END estimator__criterion=absolute_error, estimator__max_depth=17, estimator__min_samples_split=3, estimator__n_estimators=80; total time=   0.2s
[CV] END estimator__criterion=absolute_error, estimator__max_depth=17, estimator__min_samples_split=3, estimator__n_estimators=80; total time=   0.2s
[CV] END estimator__criterion=absolute_error, estimator__max_depth=17, estimator__min_samples_split=3, estimator__n_estimators=80; total time=   0.2s
[CV] END estimator__criterion=absolute_error, estimator__max_depth=17, estimator__min_samples_split=3, estimator__n_estimators=80; total time=   0.2s
[CV] END estimator__criterion=absolute_error, estimator__max_depth=18, estimator__min_samples_split=4, estimator__n_estimators=60; total time=   0.1s
[CV] END estimator__criterion=absolute_error, estimator__max_depth=18, estimator__min_samples_split=4, estimator__n_estimators=100; total time=   0.3s
[CV] END estimator__criterion=absolute_error, estimator__max_depth=18, estimator__min_samples_split=6, estimator__n_estimators=20; total time=   0.0s
[CV] END estimator__criterion=absolute_error, estimator__max_depth=18, estimator__min_samples_split=6, estimator__n_estimators=80; total time=   0.2s
[CV] END estimator__criterion=squared_error, estimator__max_depth=14, estimator__min_samples_split=2, estimator__n_estimators=60; total time=   0.0s
[CV] END estimator__criterion=squared_error, estimator__max_depth=14, estimator__min_samples_split=5, estimator__n_estimators=60; total time=   0.0s
[CV] END estimator__criterion=squared_error, estimator__max_depth=14, estimator__min_samples_split=6, estimator__n_estimators=20; total time=   0.0s
[CV] END estimator__criterion=squared_error, estimator__max_depth=14, estimator__min_samples_split=6, estimator__n_estimators=40; total time=   0.0s
[CV] END estimator__criterion=squared_error, estimator__max_depth=14, estimator__min_samples_split=6, estimator__n_estimators=80; total time=   0.0s
[CV] END estimator__criterion=squared_error, estimator__max_depth=15, estimator__min_samples_split=2, estimator__n_estimators=60; total time=   0.0s
[CV] END estimator__criterion=squared_error, estimator__max_depth=15, estimator__min_samples_split=3, estimator__n_estimators=20; total time=   0.0s
[CV] END estimator__criterion=squared_error, estimator__max_depth=15, estimator__min_samples_split=3, estimator__n_estimators=40; total time=   0.0s
[CV] END estimator__criterion=squared_error, estimator__max_depth=15, estimator__min_samples_split=3, estimator__n_estimators=100; total time=   0.0s
[CV] END estimator__criterion=squared_error, estimator__max_depth=15, estimator__min_samples_split=5, estimator__n_estimators=20; total time=   0.0s
[CV] END estimator__criterion=squared_error, estimator__max_depth=15, estimator__min_samples_split=5, estimator__n_estimators=80; total time=   0.0s
[CV] END estimator__criterion=squared_error, estimator__max_depth=16, estimator__min_samples_split=2, estimator__n_estimators=20; total time=   0.0s
[CV] END estimator__criterion=squared_error, estimator__max_depth=16, estimator__min_samples_split=2, estimator__n_estimators=100; total time=   0.1s
[CV] END estimator__criterion=squared_error, estimator__max_depth=16, estimator__min_samples_split=6, estimator__n_estimators=40; total time=   0.0s
[CV] END estimator__criterion=squared_error, estimator__max_depth=16, estimator__min_samples_split=6, estimator__n_estimators=40; total time=   0.0s
[CV] END estimator__criterion=squared_error, estimator__max_depth=17, estimator__min_samples_split=2, estimator__n_estimators=80; total time=   0.0s
[CV] END estimator__criterion=squared_error, estimator__max_depth=17, estimator__min_samples_split=2, estimator__n_estimators=80; total time=   0.0s
[CV] END estimator__criterion=squared_error, estimator__max_depth=18, estimator__min_samples_split=3, estimator__n_estimators=20; total time=   0.0s
[CV] END estimator__criterion=squared_error, estimator__max_depth=18, estimator__min_samples_split=3, estimator__n_estimators=20; total time=   0.0s
[CV] END estimator__criterion=squared_error, estimator__max_depth=18, estimator__min_samples_split=3, estimator__n_estimators=40; total time=   0.0s
[CV] END estimator__criterion=squared_error, estimator__max_depth=18, estimator__min_samples_split=3, estimator__n_estimators=40; total time=   0.0s
[CV] END estimator__criterion=squared_error, estimator__max_depth=18, estimator__min_samples_split=5, estimator__n_estimators=40; total time=   0.0s
[CV] END estimator__criterion=squared_error, estimator__max_depth=18, estimator__min_samples_split=5, estimator__n_estimators=60; total time=   0.0s
[CV] END estimator__criterion=squared_error, estimator__max_depth=18, estimator__min_samples_split=5, estimator__n_estimators=60; total time=   0.0s
[CV] END estimator__criterion=squared_error, estimator__max_depth=18, estimator__min_samples_split=5, estimator__n_estimators=60; total time=   0.0s
[CV] END estimator__criterion=absolute_error, estimator__max_depth=14, estimator__min_samples_split=4, estimator__n_estimators=40; total time=   0.1s
[CV] END estimator__criterion=absolute_error, estimator__max_depth=14, estimator__min_samples_split=4, estimator__n_estimators=60; total time=   0.1s
[CV] END estimator__criterion=absolute_error, estimator__max_depth=14, estimator__min_samples_split=4, estimator__n_estimators=60; total time=   0.1s
[CV] END estimator__criterion=absolute_error, estimator__max_depth=14, estimator__min_samples_split=4, estimator__n_estimators=60; total time=   0.1s
[CV] END estimator__criterion=absolute_error, estimator__max_depth=15, estimator__min_samples_split=3, estimator__n_estimators=100; total time=   0.3s
[CV] END estimator__criterion=absolute_error, estimator__max_depth=15, estimator__min_samples_split=3, estimator__n_estimators=100; total time=   0.3s
[CV] END estimator__criterion=absolute_error, estimator__max_depth=15, estimator__min_samples_split=3, estimator__n_estimators=100; total time=   0.3s
[CV] END estimator__criterion=absolute_error, estimator__max_depth=15, estimator__min_samples_split=3, estimator__n_estimators=100; total time=   0.4s
[CV] END estimator__criterion=absolute_error, estimator__max_depth=17, estimator__min_samples_split=2, estimator__n_estimators=20; total time=   0.0s
[CV] END estimator__criterion=absolute_error, estimator__max_depth=17, estimator__min_samples_split=2, estimator__n_estimators=40; total time=   0.1s
[CV] END estimator__criterion=absolute_error, estimator__max_depth=17, estimator__min_samples_split=2, estimator__n_estimators=40; total time=   0.1s
[CV] END estimator__criterion=absolute_error, estimator__max_depth=17, estimator__min_samples_split=2, estimator__n_estimators=40; total time=   0.1s
[CV] END estimator__criterion=absolute_error, estimator__max_depth=17, estimator__min_samples_split=5, estimator__n_estimators=100; total time=   0.4s
[CV] END estimator__criterion=absolute_error, estimator__max_depth=17, estimator__min_samples_split=5, estimator__n_estimators=100; total time=   0.4s
[CV] END estimator__criterion=absolute_error, estimator__max_depth=17, estimator__min_samples_split=5, estimator__n_estimators=100; total time=   0.4s
[CV] END estimator__criterion=absolute_error, estimator__max_depth=17, estimator__min_samples_split=5, estimator__n_estimators=100; total time=   0.4s
[CV] END estimator__criterion=squared_error, estimator__max_depth=14, estimator__min_samples_split=3, estimator__n_estimators=40; total time=   0.0s
[CV] END estimator__criterion=squared_error, estimator__max_depth=15, estimator__min_samples_split=4, estimator__n_estimators=60; total time=   0.0s
[CV] END estimator__criterion=squared_error, estimator__max_depth=15, estimator__min_samples_split=5, estimator__n_estimators=60; total time=   0.0s
[CV] END estimator__criterion=squared_error, estimator__max_depth=15, estimator__min_samples_split=6, estimator__n_estimators=40; total time=   0.0s
[CV] END estimator__criterion=squared_error, estimator__max_depth=16, estimator__min_samples_split=2, estimator__n_estimators=40; total time=   0.0s
[CV] END estimator__criterion=squared_error, estimator__max_depth=16, estimator__min_samples_split=3, estimator__n_estimators=60; total time=   0.0s
[CV] END estimator__criterion=squared_error, estimator__max_depth=16, estimator__min_samples_split=3, estimator__n_estimators=60; total time=   0.0s
[CV] END estimator__criterion=squared_error, estimator__max_depth=16, estimator__min_samples_split=6, estimator__n_estimators=100; total time=   0.0s
[CV] END estimator__criterion=squared_error, estimator__max_depth=16, estimator__min_samples_split=6, estimator__n_estimators=100; total time=   0.0s
[CV] END estimator__criterion=squared_error, estimator__max_depth=18, estimator__min_samples_split=2, estimator__n_estimators=40; total time=   0.0s
[CV] END estimator__criterion=squared_error, estimator__max_depth=18, estimator__min_samples_split=2, estimator__n_estimators=40; total time=   0.0s
[CV] END estimator__criterion=squared_error, estimator__max_depth=18, estimator__min_samples_split=2, estimator__n_estimators=60; total time=   0.0s
[CV] END estimator__criterion=squared_error, estimator__max_depth=18, estimator__min_samples_split=2, estimator__n_estimators=60; total time=   0.0s
[CV] END estimator__criterion=absolute_error, estimator__max_depth=14, estimator__min_samples_split=3, estimator__n_estimators=20; total time=   0.0s
[CV] END estimator__criterion=absolute_error, estimator__max_depth=14, estimator__min_samples_split=3, estimator__n_estimators=20; total time=   0.0s
[CV] END estimator__criterion=absolute_error, estimator__max_depth=14, estimator__min_samples_split=3, estimator__n_estimators=20; total time=   0.0s
[CV] END estimator__criterion=absolute_error, estimator__max_depth=14, estimator__min_samples_split=3, estimator__n_estimators=40; total time=   0.1s
[CV] END estimator__criterion=absolute_error, estimator__max_depth=15, estimator__min_samples_split=2, estimator__n_estimators=60; total time=   0.2s
[CV] END estimator__criterion=absolute_error, estimator__max_depth=15, estimator__min_samples_split=2, estimator__n_estimators=60; total time=   0.2s
[CV] END estimator__criterion=absolute_error, estimator__max_depth=15, estimator__min_samples_split=2, estimator__n_estimators=60; total time=   0.2s
[CV] END estimator__criterion=absolute_error, estimator__max_depth=15, estimator__min_samples_split=2, estimator__n_estimators=60; total time=   0.2s
[CV] END estimator__criterion=absolute_error, estimator__max_depth=15, estimator__min_samples_split=6, estimator__n_estimators=100; total time=   0.4s
[CV] END estimator__criterion=absolute_error, estimator__max_depth=15, estimator__min_samples_split=6, estimator__n_estimators=100; total time=   0.4s
[CV] END estimator__criterion=absolute_error, estimator__max_depth=15, estimator__min_samples_split=6, estimator__n_estimators=100; total time=   0.4s
[CV] END estimator__criterion=absolute_error, estimator__max_depth=16, estimator__min_samples_split=2, estimator__n_estimators=20; total time=   0.0s
[CV] END estimator__criterion=absolute_error, estimator__max_depth=17, estimator__min_samples_split=4, estimator__n_estimators=40; total time=   0.1s
[CV] END estimator__criterion=absolute_error, estimator__max_depth=17, estimator__min_samples_split=4, estimator__n_estimators=40; total time=   0.1s
[CV] END estimator__criterion=absolute_error, estimator__max_depth=17, estimator__min_samples_split=4, estimator__n_estimators=40; total time=   0.1s
[CV] END estimator__criterion=absolute_error, estimator__max_depth=17, estimator__min_samples_split=4, estimator__n_estimators=40; total time=   0.1s
[CV] END estimator__criterion=absolute_error, estimator__max_depth=18, estimator__min_samples_split=3, estimator__n_estimators=40; total time=   0.1s
[CV] END estimator__criterion=absolute_error, estimator__max_depth=18, estimator__min_samples_split=3, estimator__n_estimators=40; total time=   0.1s
[CV] END estimator__criterion=absolute_error, estimator__max_depth=18, estimator__min_samples_split=3, estimator__n_estimators=40; total time=   0.1s
[CV] END estimator__criterion=absolute_error, estimator__max_depth=18, estimator__min_samples_split=3, estimator__n_estimators=40; total time=   0.1s
[CV] END estimator__criterion=absolute_error, estimator__max_depth=18, estimator__min_samples_split=5, estimator__n_estimators=60; total time=   0.2s
[CV] END estimator__criterion=absolute_error, estimator__max_depth=18, estimator__min_samples_split=6, estimator__n_estimators=80; total time=   0.2s
[CV] END estimator__criterion=squared_error, estimator__max_depth=14, estimator__min_samples_split=2, estimator__n_estimators=100; total time=   0.1s
[CV] END estimator__criterion=squared_error, estimator__max_depth=15, estimator__min_samples_split=6, estimator__n_estimators=100; total time=   0.0s
[CV] END estimator__criterion=squared_error, estimator__max_depth=16, estimator__min_samples_split=4, estimator__n_estimators=60; total time=   0.0s
[CV] END estimator__criterion=squared_error, estimator__max_depth=16, estimator__min_samples_split=4, estimator__n_estimators=80; total time=   0.0s
[CV] END estimator__criterion=squared_error, estimator__max_depth=17, estimator__min_samples_split=2, estimator__n_estimators=100; total time=   0.1s
[CV] END estimator__criterion=squared_error, estimator__max_depth=17, estimator__min_samples_split=2, estimator__n_estimators=100; total time=   0.1s
[CV] END estimator__criterion=squared_error, estimator__max_depth=18, estimator__min_samples_split=4, estimator__n_estimators=80; total time=   0.0s
[CV] END estimator__criterion=squared_error, estimator__max_depth=18, estimator__min_samples_split=4, estimator__n_estimators=80; total time=   0.0s
[CV] END estimator__criterion=squared_error, estimator__max_depth=18, estimator__min_samples_split=4, estimator__n_estimators=100; total time=   0.0s
[CV] END estimator__criterion=squared_error, estimator__max_depth=18, estimator__min_samples_split=4, estimator__n_estimators=100; total time=   0.0s
[CV] END estimator__criterion=absolute_error, estimator__max_depth=14, estimator__min_samples_split=6, estimator__n_estimators=60; total time=   0.2s
[CV] END estimator__criterion=absolute_error, estimator__max_depth=14, estimator__min_samples_split=6, estimator__n_estimators=60; total time=   0.2s
[CV] END estimator__criterion=absolute_error, estimator__max_depth=14, estimator__min_samples_split=6, estimator__n_estimators=60; total time=   0.2s
[CV] END estimator__criterion=absolute_error, estimator__max_depth=14, estimator__min_samples_split=6, estimator__n_estimators=60; total time=   0.2s
[CV] END estimator__criterion=absolute_error, estimator__max_depth=15, estimator__min_samples_split=6, estimator__n_estimators=40; total time=   0.1s
[CV] END estimator__criterion=absolute_error, estimator__max_depth=15, estimator__min_samples_split=6, estimator__n_estimators=40; total time=   0.1s
[CV] END estimator__criterion=absolute_error, estimator__max_depth=15, estimator__min_samples_split=6, estimator__n_estimators=40; total time=   0.1s
[CV] END estimator__criterion=absolute_error, estimator__max_depth=15, estimator__min_samples_split=6, estimator__n_estimators=40; total time=   0.1s
[CV] END estimator__criterion=absolute_error, estimator__max_depth=16, estimator__min_samples_split=4, estimator__n_estimators=20; total time=   0.0s
[CV] END estimator__criterion=absolute_error, estimator__max_depth=16, estimator__min_samples_split=4, estimator__n_estimators=20; total time=   0.0s
[CV] END estimator__criterion=absolute_error, estimator__max_depth=16, estimator__min_samples_split=4, estimator__n_estimators=40; total time=   0.1s
[CV] END estimator__criterion=absolute_error, estimator__max_depth=16, estimator__min_samples_split=4, estimator__n_estimators=40; total time=   0.1s
[CV] END estimator__criterion=absolute_error, estimator__max_depth=16, estimator__min_samples_split=6, estimator__n_estimators=40; total time=   0.1s
[CV] END estimator__criterion=absolute_error, estimator__max_depth=16, estimator__min_samples_split=6, estimator__n_estimators=40; total time=   0.1s
[CV] END estimator__criterion=absolute_error, estimator__max_depth=16, estimator__min_samples_split=6, estimator__n_estimators=40; total time=   0.1s
[CV] END estimator__criterion=absolute_error, estimator__max_depth=16, estimator__min_samples_split=6, estimator__n_estimators=40; total time=   0.1s
[CV] END estimator__criterion=absolute_error, estimator__max_depth=17, estimator__min_samples_split=4, estimator__n_estimators=60; total time=   0.1s
[CV] END estimator__criterion=absolute_error, estimator__max_depth=17, estimator__min_samples_split=4, estimator__n_estimators=60; total time=   0.1s
[CV] END estimator__criterion=absolute_error, estimator__max_depth=17, estimator__min_samples_split=4, estimator__n_estimators=60; total time=   0.1s
[CV] END estimator__criterion=absolute_error, estimator__max_depth=17, estimator__min_samples_split=4, estimator__n_estimators=60; total time=   0.1s
[CV] END estimator__criterion=absolute_error, estimator__max_depth=18, estimator__min_samples_split=3, estimator__n_estimators=100; total time=   0.3s
[CV] END estimator__criterion=absolute_error, estimator__max_depth=18, estimator__min_samples_split=3, estimator__n_estimators=100; total time=   0.3s
[CV] END estimator__criterion=absolute_error, estimator__max_depth=18, estimator__min_samples_split=3, estimator__n_estimators=100; total time=   0.3s
[CV] END estimator__criterion=absolute_error, estimator__max_depth=18, estimator__min_samples_split=4, estimator__n_estimators=20; total time=   0.0s
[CV] END estimator__criterion=squared_error, estimator__max_depth=14, estimator__min_samples_split=2, estimator__n_estimators=40; total time=   0.0s
[CV] END estimator__criterion=squared_error, estimator__max_depth=15, estimator__min_samples_split=6, estimator__n_estimators=80; total time=   0.0s
[CV] END estimator__criterion=squared_error, estimator__max_depth=16, estimator__min_samples_split=3, estimator__n_estimators=20; total time=   0.0s
[CV] END estimator__criterion=squared_error, estimator__max_depth=16, estimator__min_samples_split=3, estimator__n_estimators=60; total time=   0.0s
[CV] END estimator__criterion=squared_error, estimator__max_depth=16, estimator__min_samples_split=5, estimator__n_estimators=40; total time=   0.0s
[CV] END estimator__criterion=squared_error, estimator__max_depth=16, estimator__min_samples_split=5, estimator__n_estimators=40; total time=   0.0s
[CV] END estimator__criterion=squared_error, estimator__max_depth=17, estimator__min_samples_split=2, estimator__n_estimators=20; total time=   0.0s
[CV] END estimator__criterion=squared_error, estimator__max_depth=17, estimator__min_samples_split=2, estimator__n_estimators=20; total time=   0.0s
[CV] END estimator__criterion=squared_error, estimator__max_depth=17, estimator__min_samples_split=3, estimator__n_estimators=40; total time=   0.0s
[CV] END estimator__criterion=squared_error, estimator__max_depth=17, estimator__min_samples_split=3, estimator__n_estimators=40; total time=   0.0s
[CV] END estimator__criterion=squared_error, estimator__max_depth=18, estimator__min_samples_split=2, estimator__n_estimators=20; total time=   0.0s
[CV] END estimator__criterion=squared_error, estimator__max_depth=18, estimator__min_samples_split=2, estimator__n_estimators=40; total time=   0.0s
[CV] END estimator__criterion=squared_error, estimator__max_depth=18, estimator__min_samples_split=2, estimator__n_estimators=40; total time=   0.0s
[CV] END estimator__criterion=squared_error, estimator__max_depth=18, estimator__min_samples_split=2, estimator__n_estimators=40; total time=   0.0s
[CV] END estimator__criterion=squared_error, estimator__max_depth=18, estimator__min_samples_split=5, estimator__n_estimators=40; total time=   0.0s
[CV] END estimator__criterion=squared_error, estimator__max_depth=18, estimator__min_samples_split=5, estimator__n_estimators=40; total time=   0.0s
[CV] END estimator__criterion=squared_error, estimator__max_depth=18, estimator__min_samples_split=5, estimator__n_estimators=40; total time=   0.0s
[CV] END estimator__criterion=squared_error, estimator__max_depth=18, estimator__min_samples_split=5, estimator__n_estimators=40; total time=   0.0s
[CV] END estimator__criterion=absolute_error, estimator__max_depth=14, estimator__min_samples_split=3, estimator__n_estimators=60; total time=   0.1s
[CV] END estimator__criterion=absolute_error, estimator__max_depth=14, estimator__min_samples_split=3, estimator__n_estimators=80; total time=   0.2s
[CV] END estimator__criterion=absolute_error, estimator__max_depth=14, estimator__min_samples_split=3, estimator__n_estimators=80; total time=   0.2s
[CV] END estimator__criterion=absolute_error, estimator__max_depth=14, estimator__min_samples_split=3, estimator__n_estimators=80; total time=   0.2s
[CV] END estimator__criterion=absolute_error, estimator__max_depth=15, estimator__min_samples_split=5, estimator__n_estimators=20; total time=   0.0s
[CV] END estimator__criterion=absolute_error, estimator__max_depth=15, estimator__min_samples_split=5, estimator__n_estimators=20; total time=   0.0s
[CV] END estimator__criterion=absolute_error, estimator__max_depth=15, estimator__min_samples_split=5, estimator__n_estimators=40; total time=   0.1s
[CV] END estimator__criterion=absolute_error, estimator__max_depth=15, estimator__min_samples_split=5, estimator__n_estimators=40; total time=   0.1s
[CV] END estimator__criterion=absolute_error, estimator__max_depth=16, estimator__min_samples_split=2, estimator__n_estimators=40; total time=   0.1s
[CV] END estimator__criterion=absolute_error, estimator__max_depth=16, estimator__min_samples_split=2, estimator__n_estimators=60; total time=   0.2s
[CV] END estimator__criterion=absolute_error, estimator__max_depth=16, estimator__min_samples_split=2, estimator__n_estimators=60; total time=   0.2s
[CV] END estimator__criterion=absolute_error, estimator__max_depth=16, estimator__min_samples_split=2, estimator__n_estimators=60; total time=   0.2s
[CV] END estimator__criterion=absolute_error, estimator__max_depth=17, estimator__min_samples_split=2, estimator__n_estimators=20; total time=   0.0s
[CV] END estimator__criterion=absolute_error, estimator__max_depth=17, estimator__min_samples_split=2, estimator__n_estimators=20; total time=   0.0s
[CV] END estimator__criterion=absolute_error, estimator__max_depth=17, estimator__min_samples_split=2, estimator__n_estimators=20; total time=   0.0s
[CV] END estimator__criterion=absolute_error, estimator__max_depth=17, estimator__min_samples_split=2, estimator__n_estimators=20; total time=   0.0s
[CV] END estimator__criterion=absolute_error, estimator__max_depth=17, estimator__min_samples_split=3, estimator__n_estimators=80; total time=   0.2s
[CV] END estimator__criterion=absolute_error, estimator__max_depth=17, estimator__min_samples_split=3, estimator__n_estimators=100; total time=   0.3s
[CV] END estimator__criterion=absolute_error, estimator__max_depth=17, estimator__min_samples_split=3, estimator__n_estimators=100; total time=   0.3s
[CV] END estimator__criterion=absolute_error, estimator__max_depth=17, estimator__min_samples_split=3, estimator__n_estimators=100; total time=   0.4s
[CV] END estimator__criterion=absolute_error, estimator__max_depth=18, estimator__min_samples_split=5, estimator__n_estimators=20; total time=   0.0s
[CV] END estimator__criterion=absolute_error, estimator__max_depth=18, estimator__min_samples_split=5, estimator__n_estimators=60; total time=   0.2s
[CV] END estimator__criterion=absolute_error, estimator__max_depth=18, estimator__min_samples_split=6, estimator__n_estimators=80; total time=   0.2s
[CV] END estimator__criterion=squared_error, estimator__max_depth=14, estimator__min_samples_split=3, estimator__n_estimators=20; total time=   0.0s
[CV] END estimator__criterion=squared_error, estimator__max_depth=15, estimator__min_samples_split=5, estimator__n_estimators=20; total time=   0.0s
[CV] END estimator__criterion=squared_error, estimator__max_depth=15, estimator__min_samples_split=5, estimator__n_estimators=60; total time=   0.0s
[CV] END estimator__criterion=squared_error, estimator__max_depth=15, estimator__min_samples_split=6, estimator__n_estimators=40; total time=   0.0s
[CV] END estimator__criterion=squared_error, estimator__max_depth=16, estimator__min_samples_split=2, estimator__n_estimators=20; total time=   0.0s
[CV] END estimator__criterion=squared_error, estimator__max_depth=16, estimator__min_samples_split=2, estimator__n_estimators=100; total time=   0.0s
[CV] END estimator__criterion=squared_error, estimator__max_depth=16, estimator__min_samples_split=6, estimator__n_estimators=20; total time=   0.0s
[CV] END estimator__criterion=squared_error, estimator__max_depth=16, estimator__min_samples_split=6, estimator__n_estimators=20; total time=   0.0s
[CV] END estimator__criterion=squared_error, estimator__max_depth=16, estimator__min_samples_split=6, estimator__n_estimators=80; total time=   0.0s
[CV] END estimator__criterion=squared_error, estimator__max_depth=16, estimator__min_samples_split=6, estimator__n_estimators=80; total time=   0.0s
[CV] END estimator__criterion=squared_error, estimator__max_depth=17, estimator__min_samples_split=6, estimator__n_estimators=40; total time=   0.0s
[CV] END estimator__criterion=squared_error, estimator__max_depth=17, estimator__min_samples_split=6, estimator__n_estimators=40; total time=   0.0s
[CV] END estimator__criterion=squared_error, estimator__max_depth=17, estimator__min_samples_split=6, estimator__n_estimators=40; total time=   0.0s
[CV] END estimator__criterion=squared_error, estimator__max_depth=17, estimator__min_samples_split=6, estimator__n_estimators=40; total time=   0.0s
[CV] END estimator__criterion=squared_error, estimator__max_depth=18, estimator__min_samples_split=4, estimator__n_estimators=20; total time=   0.0s
[CV] END estimator__criterion=squared_error, estimator__max_depth=18, estimator__min_samples_split=4, estimator__n_estimators=20; total time=   0.0s
[CV] END estimator__criterion=squared_error, estimator__max_depth=18, estimator__min_samples_split=4, estimator__n_estimators=20; total time=   0.0s
[CV] END estimator__criterion=squared_error, estimator__max_depth=18, estimator__min_samples_split=4, estimator__n_estimators=40; total time=   0.0s
[CV] END estimator__criterion=squared_error, estimator__max_depth=18, estimator__min_samples_split=6, estimator__n_estimators=20; total time=   0.0s
[CV] END estimator__criterion=squared_error, estimator__max_depth=18, estimator__min_samples_split=6, estimator__n_estimators=40; total time=   0.0s
[CV] END estimator__criterion=squared_error, estimator__max_depth=18, estimator__min_samples_split=6, estimator__n_estimators=40; total time=   0.0s
[CV] END estimator__criterion=squared_error, estimator__max_depth=18, estimator__min_samples_split=6, estimator__n_estimators=40; total time=   0.0s
[CV] END estimator__criterion=absolute_error, estimator__max_depth=14, estimator__min_samples_split=4, estimator__n_estimators=40; total time=   0.1s
[CV] END estimator__criterion=absolute_error, estimator__max_depth=14, estimator__min_samples_split=4, estimator__n_estimators=40; total time=   0.1s
[CV] END estimator__criterion=absolute_error, estimator__max_depth=14, estimator__min_samples_split=4, estimator__n_estimators=40; total time=   0.1s
[CV] END estimator__criterion=absolute_error, estimator__max_depth=14, estimator__min_samples_split=4, estimator__n_estimators=40; total time=   0.1s
[CV] END estimator__criterion=absolute_error, estimator__max_depth=15, estimator__min_samples_split=3, estimator__n_estimators=20; total time=   0.0s
[CV] END estimator__criterion=absolute_error, estimator__max_depth=15, estimator__min_samples_split=3, estimator__n_estimators=20; total time=   0.0s
[CV] END estimator__criterion=absolute_error, estimator__max_depth=15, estimator__min_samples_split=3, estimator__n_estimators=20; total time=   0.0s
[CV] END estimator__criterion=absolute_error, estimator__max_depth=15, estimator__min_samples_split=3, estimator__n_estimators=20; total time=   0.0s
[CV] END estimator__criterion=absolute_error, estimator__max_depth=15, estimator__min_samples_split=4, estimator__n_estimators=80; total time=   0.3s
[CV] END estimator__criterion=absolute_error, estimator__max_depth=15, estimator__min_samples_split=4, estimator__n_estimators=80; total time=   0.3s
[CV] END estimator__criterion=absolute_error, estimator__max_depth=15, estimator__min_samples_split=4, estimator__n_estimators=80; total time=   0.3s
[CV] END estimator__criterion=absolute_error, estimator__max_depth=15, estimator__min_samples_split=4, estimator__n_estimators=80; total time=   0.3s
[CV] END estimator__criterion=absolute_error, estimator__max_depth=17, estimator__min_samples_split=2, estimator__n_estimators=40; total time=   0.1s
[CV] END estimator__criterion=absolute_error, estimator__max_depth=17, estimator__min_samples_split=2, estimator__n_estimators=40; total time=   0.1s
[CV] END estimator__criterion=absolute_error, estimator__max_depth=17, estimator__min_samples_split=2, estimator__n_estimators=60; total time=   0.2s
[CV] END estimator__criterion=absolute_error, estimator__max_depth=17, estimator__min_samples_split=2, estimator__n_estimators=60; total time=   0.2s
[CV] END estimator__criterion=absolute_error, estimator__max_depth=18, estimator__min_samples_split=2, estimator__n_estimators=40; total time=   0.1s
[CV] END estimator__criterion=absolute_error, estimator__max_depth=18, estimator__min_samples_split=2, estimator__n_estimators=40; total time=   0.1s
[CV] END estimator__criterion=absolute_error, estimator__max_depth=18, estimator__min_samples_split=2, estimator__n_estimators=40; total time=   0.1s
[CV] END estimator__criterion=absolute_error, estimator__max_depth=18, estimator__min_samples_split=2, estimator__n_estimators=60; total time=   0.2s
[CV] END estimator__criterion=absolute_error, estimator__max_depth=18, estimator__min_samples_split=5, estimator__n_estimators=60; total time=   0.2s
[CV] END estimator__criterion=absolute_error, estimator__max_depth=18, estimator__min_samples_split=6, estimator__n_estimators=80; total time=   0.2s
[CV] END estimator__criterion=squared_error, estimator__max_depth=14, estimator__min_samples_split=2, estimator__n_estimators=100; total time=   0.1s
[CV] END estimator__criterion=squared_error, estimator__max_depth=14, estimator__min_samples_split=4, estimator__n_estimators=100; total time=   0.0s
[CV] END estimator__criterion=squared_error, estimator__max_depth=14, estimator__min_samples_split=5, estimator__n_estimators=100; total time=   0.0s
[CV] END estimator__criterion=squared_error, estimator__max_depth=14, estimator__min_samples_split=6, estimator__n_estimators=100; total time=   0.0s
[CV] END estimator__criterion=squared_error, estimator__max_depth=15, estimator__min_samples_split=2, estimator__n_estimators=80; total time=   0.0s
[CV] END estimator__criterion=squared_error, estimator__max_depth=15, estimator__min_samples_split=3, estimator__n_estimators=80; total time=   0.0s
[CV] END estimator__criterion=squared_error, estimator__max_depth=15, estimator__min_samples_split=4, estimator__n_estimators=60; total time=   0.0s
[CV] END estimator__criterion=squared_error, estimator__max_depth=15, estimator__min_samples_split=5, estimator__n_estimators=20; total time=   0.0s
[CV] END estimator__criterion=squared_error, estimator__max_depth=15, estimator__min_samples_split=5, estimator__n_estimators=80; total time=   0.0s
[CV] END estimator__criterion=squared_error, estimator__max_depth=16, estimator__min_samples_split=2, estimator__n_estimators=20; total time=   0.0s
[CV] END estimator__criterion=squared_error, estimator__max_depth=16, estimator__min_samples_split=2, estimator__n_estimators=100; total time=   0.0s
[CV] END estimator__criterion=squared_error, estimator__max_depth=16, estimator__min_samples_split=6, estimator__n_estimators=20; total time=   0.0s
[CV] END estimator__criterion=squared_error, estimator__max_depth=16, estimator__min_samples_split=6, estimator__n_estimators=20; total time=   0.0s
[CV] END estimator__criterion=squared_error, estimator__max_depth=16, estimator__min_samples_split=6, estimator__n_estimators=80; total time=   0.0s
[CV] END estimator__criterion=squared_error, estimator__max_depth=16, estimator__min_samples_split=6, estimator__n_estimators=80; total time=   0.0s
[CV] END estimator__criterion=squared_error, estimator__max_depth=17, estimator__min_samples_split=5, estimator__n_estimators=100; total time=   0.0s
[CV] END estimator__criterion=squared_error, estimator__max_depth=17, estimator__min_samples_split=5, estimator__n_estimators=100; total time=   0.0s
[CV] END estimator__criterion=squared_error, estimator__max_depth=17, estimator__min_samples_split=5, estimator__n_estimators=100; total time=   0.0s
[CV] END estimator__criterion=squared_error, estimator__max_depth=17, estimator__min_samples_split=6, estimator__n_estimators=20; total time=   0.0s
[CV] END estimator__criterion=squared_error, estimator__max_depth=18, estimator__min_samples_split=6, estimator__n_estimators=80; total time=   0.0s
[CV] END estimator__criterion=squared_error, estimator__max_depth=18, estimator__min_samples_split=6, estimator__n_estimators=80; total time=   0.0s
[CV] END estimator__criterion=squared_error, estimator__max_depth=18, estimator__min_samples_split=6, estimator__n_estimators=80; total time=   0.0s
[CV] END estimator__criterion=squared_error, estimator__max_depth=18, estimator__min_samples_split=6, estimator__n_estimators=80; total time=   0.0s
[CV] END estimator__criterion=absolute_error, estimator__max_depth=14, estimator__min_samples_split=6, estimator__n_estimators=80; total time=   0.3s
[CV] END estimator__criterion=absolute_error, estimator__max_depth=14, estimator__min_samples_split=6, estimator__n_estimators=80; total time=   0.3s
[CV] END estimator__criterion=absolute_error, estimator__max_depth=14, estimator__min_samples_split=6, estimator__n_estimators=80; total time=   0.2s
[CV] END estimator__criterion=absolute_error, estimator__max_depth=14, estimator__min_samples_split=6, estimator__n_estimators=80; total time=   0.2s
[CV] END estimator__criterion=absolute_error, estimator__max_depth=16, estimator__min_samples_split=2, estimator__n_estimators=40; total time=   0.1s
[CV] END estimator__criterion=absolute_error, estimator__max_depth=16, estimator__min_samples_split=2, estimator__n_estimators=40; total time=   0.1s
[CV] END estimator__criterion=absolute_error, estimator__max_depth=16, estimator__min_samples_split=2, estimator__n_estimators=40; total time=   0.1s
[CV] END estimator__criterion=absolute_error, estimator__max_depth=16, estimator__min_samples_split=2, estimator__n_estimators=40; total time=   0.1s
[CV] END estimator__criterion=absolute_error, estimator__max_depth=16, estimator__min_samples_split=6, estimator__n_estimators=40; total time=   0.1s
[CV] END estimator__criterion=absolute_error, estimator__max_depth=16, estimator__min_samples_split=6, estimator__n_estimators=60; total time=   0.2s
[CV] END estimator__criterion=absolute_error, estimator__max_depth=16, estimator__min_samples_split=6, estimator__n_estimators=60; total time=   0.2s
[CV] END estimator__criterion=absolute_error, estimator__max_depth=16, estimator__min_samples_split=6, estimator__n_estimators=60; total time=   0.2s
[CV] END estimator__criterion=absolute_error, estimator__max_depth=17, estimator__min_samples_split=6, estimator__n_estimators=40; total time=   0.1s
[CV] END estimator__criterion=absolute_error, estimator__max_depth=17, estimator__min_samples_split=6, estimator__n_estimators=40; total time=   0.1s
[CV] END estimator__criterion=absolute_error, estimator__max_depth=17, estimator__min_samples_split=6, estimator__n_estimators=60; total time=   0.2s
[CV] END estimator__criterion=absolute_error, estimator__max_depth=17, estimator__min_samples_split=6, estimator__n_estimators=60; total time=   0.2s
[CV] END estimator__criterion=absolute_error, estimator__max_depth=18, estimator__min_samples_split=4, estimator__n_estimators=100; total time=   0.4s
[CV] END estimator__criterion=absolute_error, estimator__max_depth=18, estimator__min_samples_split=6, estimator__n_estimators=80; total time=   0.2s
[CV] END estimator__criterion=squared_error, estimator__max_depth=14, estimator__min_samples_split=2, estimator__n_estimators=20; total time=   0.0s
[CV] END estimator__criterion=squared_error, estimator__max_depth=14, estimator__min_samples_split=3, estimator__n_estimators=40; total time=   0.0s
[CV] END estimator__criterion=squared_error, estimator__max_depth=14, estimator__min_samples_split=3, estimator__n_estimators=40; total time=   0.0s
[CV] END estimator__criterion=squared_error, estimator__max_depth=14, estimator__min_samples_split=3, estimator__n_estimators=40; total time=   0.0s
[CV] END estimator__criterion=squared_error, estimator__max_depth=14, estimator__min_samples_split=3, estimator__n_estimators=60; total time=   0.0s
[CV] END estimator__criterion=squared_error, estimator__max_depth=14, estimator__min_samples_split=3, estimator__n_estimators=60; total time=   0.0s
[CV] END estimator__criterion=squared_error, estimator__max_depth=14, estimator__min_samples_split=3, estimator__n_estimators=80; total time=   0.0s
[CV] END estimator__criterion=squared_error, estimator__max_depth=14, estimator__min_samples_split=3, estimator__n_estimators=100; total time=   0.0s
[CV] END estimator__criterion=squared_error, estimator__max_depth=14, estimator__min_samples_split=4, estimator__n_estimators=40; total time=   0.0s
[CV] END estimator__criterion=squared_error, estimator__max_depth=14, estimator__min_samples_split=4, estimator__n_estimators=80; total time=   0.0s
[CV] END estimator__criterion=squared_error, estimator__max_depth=14, estimator__min_samples_split=5, estimator__n_estimators=20; total time=   0.0s
[CV] END estimator__criterion=squared_error, estimator__max_depth=14, estimator__min_samples_split=5, estimator__n_estimators=40; total time=   0.0s
[CV] END estimator__criterion=squared_error, estimator__max_depth=14, estimator__min_samples_split=5, estimator__n_estimators=80; total time=   0.0s
[CV] END estimator__criterion=squared_error, estimator__max_depth=14, estimator__min_samples_split=6, estimator__n_estimators=60; total time=   0.0s
[CV] END estimator__criterion=squared_error, estimator__max_depth=15, estimator__min_samples_split=2, estimator__n_estimators=20; total time=   0.0s
[CV] END estimator__criterion=squared_error, estimator__max_depth=15, estimator__min_samples_split=2, estimator__n_estimators=40; total time=   0.0s
[CV] END estimator__criterion=squared_error, estimator__max_depth=15, estimator__min_samples_split=2, estimator__n_estimators=100; total time=   0.0s
[CV] END estimator__criterion=squared_error, estimator__max_depth=15, estimator__min_samples_split=3, estimator__n_estimators=100; total time=   0.0s
[CV] END estimator__criterion=squared_error, estimator__max_depth=15, estimator__min_samples_split=5, estimator__n_estimators=20; total time=   0.0s
[CV] END estimator__criterion=squared_error, estimator__max_depth=15, estimator__min_samples_split=5, estimator__n_estimators=40; total time=   0.0s
[CV] END estimator__criterion=squared_error, estimator__max_depth=15, estimator__min_samples_split=5, estimator__n_estimators=100; total time=   0.0s
[CV] END estimator__criterion=squared_error, estimator__max_depth=16, estimator__min_samples_split=2, estimator__n_estimators=60; total time=   0.0s
[CV] END estimator__criterion=squared_error, estimator__max_depth=16, estimator__min_samples_split=4, estimator__n_estimators=20; total time=   0.0s
[CV] END estimator__criterion=squared_error, estimator__max_depth=16, estimator__min_samples_split=4, estimator__n_estimators=20; total time=   0.0s
[CV] END estimator__criterion=squared_error, estimator__max_depth=16, estimator__min_samples_split=5, estimator__n_estimators=80; total time=   0.0s
[CV] END estimator__criterion=squared_error, estimator__max_depth=16, estimator__min_samples_split=5, estimator__n_estimators=80; total time=   0.0s
[CV] END estimator__criterion=squared_error, estimator__max_depth=17, estimator__min_samples_split=3, estimator__n_estimators=40; total time=   0.0s
[CV] END estimator__criterion=squared_error, estimator__max_depth=17, estimator__min_samples_split=3, estimator__n_estimators=40; total time=   0.0s
[CV] END estimator__criterion=squared_error, estimator__max_depth=17, estimator__min_samples_split=6, estimator__n_estimators=60; total time=   0.0s
[CV] END estimator__criterion=squared_error, estimator__max_depth=17, estimator__min_samples_split=6, estimator__n_estimators=60; total time=   0.0s
[CV] END estimator__criterion=squared_error, estimator__max_depth=17, estimator__min_samples_split=6, estimator__n_estimators=80; total time=   0.0s
[CV] END estimator__criterion=squared_error, estimator__max_depth=17, estimator__min_samples_split=6, estimator__n_estimators=80; total time=   0.0s
[CV] END estimator__criterion=squared_error, estimator__max_depth=18, estimator__min_samples_split=6, estimator__n_estimators=100; total time=   0.0s
[CV] END estimator__criterion=absolute_error, estimator__max_depth=14, estimator__min_samples_split=2, estimator__n_estimators=20; total time=   0.0s
[CV] END estimator__criterion=absolute_error, estimator__max_depth=14, estimator__min_samples_split=2, estimator__n_estimators=20; total time=   0.0s
[CV] END estimator__criterion=absolute_error, estimator__max_depth=14, estimator__min_samples_split=2, estimator__n_estimators=20; total time=   0.0s
[CV] END estimator__criterion=absolute_error, estimator__max_depth=14, estimator__min_samples_split=6, estimator__n_estimators=80; total time=   0.3s
[CV] END estimator__criterion=absolute_error, estimator__max_depth=14, estimator__min_samples_split=6, estimator__n_estimators=100; total time=   0.4s
[CV] END estimator__criterion=absolute_error, estimator__max_depth=14, estimator__min_samples_split=6, estimator__n_estimators=100; total time=   0.4s
[CV] END estimator__criterion=absolute_error, estimator__max_depth=14, estimator__min_samples_split=6, estimator__n_estimators=100; total time=   0.3s
[CV] END estimator__criterion=absolute_error, estimator__max_depth=16, estimator__min_samples_split=4, estimator__n_estimators=80; total time=   0.3s
[CV] END estimator__criterion=absolute_error, estimator__max_depth=16, estimator__min_samples_split=4, estimator__n_estimators=100; total time=   0.4s
[CV] END estimator__criterion=absolute_error, estimator__max_depth=16, estimator__min_samples_split=4, estimator__n_estimators=100; total time=   0.4s
[CV] END estimator__criterion=absolute_error, estimator__max_depth=16, estimator__min_samples_split=4, estimator__n_estimators=100; total time=   0.4s
[CV] END estimator__criterion=absolute_error, estimator__max_depth=18, estimator__min_samples_split=3, estimator__n_estimators=60; total time=   0.2s
[CV] END estimator__criterion=absolute_error, estimator__max_depth=18, estimator__min_samples_split=3, estimator__n_estimators=80; total time=   0.3s
[CV] END estimator__criterion=absolute_error, estimator__max_depth=18, estimator__min_samples_split=3, estimator__n_estimators=80; total time=   0.3s
[CV] END estimator__criterion=absolute_error, estimator__max_depth=18, estimator__min_samples_split=3, estimator__n_estimators=80; total time=   0.2s
[CV] END estimator__criterion=squared_error, estimator__max_depth=14, estimator__min_samples_split=2, estimator__n_estimators=100; total time=   0.0s
[CV] END estimator__criterion=squared_error, estimator__max_depth=16, estimator__min_samples_split=2, estimator__n_estimators=80; total time=   0.0s
[CV] END estimator__criterion=squared_error, estimator__max_depth=16, estimator__min_samples_split=5, estimator__n_estimators=60; total time=   0.0s
[CV] END estimator__criterion=squared_error, estimator__max_depth=16, estimator__min_samples_split=5, estimator__n_estimators=60; total time=   0.0s
[CV] END estimator__criterion=squared_error, estimator__max_depth=17, estimator__min_samples_split=2, estimator__n_estimators=80; total time=   0.0s
[CV] END estimator__criterion=squared_error, estimator__max_depth=17, estimator__min_samples_split=2, estimator__n_estimators=100; total time=   0.1s
[CV] END estimator__criterion=squared_error, estimator__max_depth=18, estimator__min_samples_split=3, estimator__n_estimators=100; total time=   0.0s
[CV] END estimator__criterion=squared_error, estimator__max_depth=18, estimator__min_samples_split=3, estimator__n_estimators=100; total time=   0.0s
[CV] END estimator__criterion=squared_error, estimator__max_depth=18, estimator__min_samples_split=4, estimator__n_estimators=20; total time=   0.0s
[CV] END estimator__criterion=squared_error, estimator__max_depth=18, estimator__min_samples_split=4, estimator__n_estimators=20; total time=   0.0s
[CV] END estimator__criterion=absolute_error, estimator__max_depth=14, estimator__min_samples_split=4, estimator__n_estimators=20; total time=   0.0s
[CV] END estimator__criterion=absolute_error, estimator__max_depth=14, estimator__min_samples_split=4, estimator__n_estimators=20; total time=   0.0s
[CV] END estimator__criterion=absolute_error, estimator__max_depth=14, estimator__min_samples_split=4, estimator__n_estimators=20; total time=   0.0s
[CV] END estimator__criterion=absolute_error, estimator__max_depth=14, estimator__min_samples_split=4, estimator__n_estimators=20; total time=   0.0s
[CV] END estimator__criterion=absolute_error, estimator__max_depth=15, estimator__min_samples_split=2, estimator__n_estimators=20; total time=   0.0s
[CV] END estimator__criterion=absolute_error, estimator__max_depth=15, estimator__min_samples_split=2, estimator__n_estimators=20; total time=   0.0s
[CV] END estimator__criterion=absolute_error, estimator__max_depth=15, estimator__min_samples_split=2, estimator__n_estimators=20; total time=   0.0s
[CV] END estimator__criterion=absolute_error, estimator__max_depth=15, estimator__min_samples_split=2, estimator__n_estimators=40; total time=   0.1s
[CV] END estimator__criterion=absolute_error, estimator__max_depth=15, estimator__min_samples_split=3, estimator__n_estimators=60; total time=   0.1s
[CV] END estimator__criterion=absolute_error, estimator__max_depth=15, estimator__min_samples_split=3, estimator__n_estimators=60; total time=   0.1s
[CV] END estimator__criterion=absolute_error, estimator__max_depth=15, estimator__min_samples_split=3, estimator__n_estimators=80; total time=   0.2s
[CV] END estimator__criterion=absolute_error, estimator__max_depth=15, estimator__min_samples_split=3, estimator__n_estimators=80; total time=   0.2s
[CV] END estimator__criterion=absolute_error, estimator__max_depth=16, estimator__min_samples_split=3, estimator__n_estimators=80; total time=   0.2s
[CV] END estimator__criterion=absolute_error, estimator__max_depth=16, estimator__min_samples_split=3, estimator__n_estimators=80; total time=   0.2s
[CV] END estimator__criterion=absolute_error, estimator__max_depth=16, estimator__min_samples_split=3, estimator__n_estimators=80; total time=   0.2s
[CV] END estimator__criterion=absolute_error, estimator__max_depth=16, estimator__min_samples_split=3, estimator__n_estimators=80; total time=   0.2s
[CV] END estimator__criterion=absolute_error, estimator__max_depth=17, estimator__min_samples_split=5, estimator__n_estimators=20; total time=   0.0s
[CV] END estimator__criterion=absolute_error, estimator__max_depth=17, estimator__min_samples_split=5, estimator__n_estimators=20; total time=   0.0s
[CV] END estimator__criterion=absolute_error, estimator__max_depth=17, estimator__min_samples_split=5, estimator__n_estimators=20; total time=   0.0s
[CV] END estimator__criterion=absolute_error, estimator__max_depth=17, estimator__min_samples_split=5, estimator__n_estimators=20; total time=   0.0s
[CV] END estimator__criterion=absolute_error, estimator__max_depth=17, estimator__min_samples_split=6, estimator__n_estimators=100; total time=   0.4s
[CV] END estimator__criterion=absolute_error, estimator__max_depth=17, estimator__min_samples_split=6, estimator__n_estimators=100; total time=   0.4s
[CV] END estimator__criterion=absolute_error, estimator__max_depth=17, estimator__min_samples_split=6, estimator__n_estimators=100; total time=   0.4s
[CV] END estimator__criterion=absolute_error, estimator__max_depth=17, estimator__min_samples_split=6, estimator__n_estimators=100; total time=   0.3s
[CV] END estimator__criterion=squared_error, estimator__max_depth=14, estimator__min_samples_split=2, estimator__n_estimators=80; total time=   0.0s
[CV] END estimator__criterion=squared_error, estimator__max_depth=15, estimator__min_samples_split=6, estimator__n_estimators=60; total time=   0.0s
[CV] END estimator__criterion=squared_error, estimator__max_depth=16, estimator__min_samples_split=2, estimator__n_estimators=80; total time=   0.0s
[CV] END estimator__criterion=squared_error, estimator__max_depth=16, estimator__min_samples_split=5, estimator__n_estimators=40; total time=   0.0s
[CV] END estimator__criterion=squared_error, estimator__max_depth=16, estimator__min_samples_split=5, estimator__n_estimators=40; total time=   0.0s
[CV] END estimator__criterion=squared_error, estimator__max_depth=17, estimator__min_samples_split=2, estimator__n_estimators=20; total time=   0.0s
[CV] END estimator__criterion=squared_error, estimator__max_depth=17, estimator__min_samples_split=2, estimator__n_estimators=20; total time=   0.0s
[CV] END estimator__criterion=squared_error, estimator__max_depth=17, estimator__min_samples_split=3, estimator__n_estimators=20; total time=   0.0s
[CV] END estimator__criterion=squared_error, estimator__max_depth=17, estimator__min_samples_split=3, estimator__n_estimators=40; total time=   0.0s
[CV] END estimator__criterion=squared_error, estimator__max_depth=17, estimator__min_samples_split=5, estimator__n_estimators=80; total time=   0.0s
[CV] END estimator__criterion=squared_error, estimator__max_depth=17, estimator__min_samples_split=5, estimator__n_estimators=80; total time=   0.0s
[CV] END estimator__criterion=squared_error, estimator__max_depth=17, estimator__min_samples_split=5, estimator__n_estimators=100; total time=   0.0s
[CV] END estimator__criterion=squared_error, estimator__max_depth=17, estimator__min_samples_split=5, estimator__n_estimators=100; total time=   0.0s
[CV] END estimator__criterion=absolute_error, estimator__max_depth=14, estimator__min_samples_split=2, estimator__n_estimators=60; total time=   0.2s
[CV] END estimator__criterion=absolute_error, estimator__max_depth=14, estimator__min_samples_split=2, estimator__n_estimators=60; total time=   0.2s
[CV] END estimator__criterion=absolute_error, estimator__max_depth=14, estimator__min_samples_split=2, estimator__n_estimators=60; total time=   0.2s
[CV] END estimator__criterion=absolute_error, estimator__max_depth=14, estimator__min_samples_split=2, estimator__n_estimators=60; total time=   0.2s
[CV] END estimator__criterion=absolute_error, estimator__max_depth=15, estimator__min_samples_split=5, estimator__n_estimators=80; total time=   0.3s
[CV] END estimator__criterion=absolute_error, estimator__max_depth=15, estimator__min_samples_split=5, estimator__n_estimators=80; total time=   0.2s
[CV] END estimator__criterion=absolute_error, estimator__max_depth=15, estimator__min_samples_split=5, estimator__n_estimators=80; total time=   0.2s
[CV] END estimator__criterion=absolute_error, estimator__max_depth=15, estimator__min_samples_split=5, estimator__n_estimators=80; total time=   0.2s
[CV] END estimator__criterion=absolute_error, estimator__max_depth=16, estimator__min_samples_split=6, estimator__n_estimators=80; total time=   0.2s
[CV] END estimator__criterion=absolute_error, estimator__max_depth=16, estimator__min_samples_split=6, estimator__n_estimators=80; total time=   0.2s
[CV] END estimator__criterion=absolute_error, estimator__max_depth=16, estimator__min_samples_split=6, estimator__n_estimators=80; total time=   0.2s
[CV] END estimator__criterion=absolute_error, estimator__max_depth=16, estimator__min_samples_split=6, estimator__n_estimators=100; total time=   0.3s
[CV] END estimator__criterion=absolute_error, estimator__max_depth=18, estimator__min_samples_split=2, estimator__n_estimators=80; total time=   0.2s
[CV] END estimator__criterion=absolute_error, estimator__max_depth=18, estimator__min_samples_split=2, estimator__n_estimators=100; total time=   0.3s
[CV] END estimator__criterion=absolute_error, estimator__max_depth=18, estimator__min_samples_split=2, estimator__n_estimators=100; total time=   0.3s
[CV] END estimator__criterion=absolute_error, estimator__max_depth=18, estimator__min_samples_split=2, estimator__n_estimators=100; total time=   0.3s
[CV] END estimator__criterion=squared_error, estimator__max_depth=14, estimator__min_samples_split=2, estimator__n_estimators=80; total time=   0.0s
[CV] END estimator__criterion=squared_error, estimator__max_depth=14, estimator__min_samples_split=5, estimator__n_estimators=40; total time=   0.0s
[CV] END estimator__criterion=squared_error, estimator__max_depth=14, estimator__min_samples_split=5, estimator__n_estimators=100; total time=   0.0s
[CV] END estimator__criterion=squared_error, estimator__max_depth=14, estimator__min_samples_split=6, estimator__n_estimators=100; total time=   0.0s
[CV] END estimator__criterion=squared_error, estimator__max_depth=15, estimator__min_samples_split=2, estimator__n_estimators=80; total time=   0.0s
[CV] END estimator__criterion=squared_error, estimator__max_depth=15, estimator__min_samples_split=3, estimator__n_estimators=60; total time=   0.0s
[CV] END estimator__criterion=squared_error, estimator__max_depth=15, estimator__min_samples_split=4, estimator__n_estimators=20; total time=   0.0s
[CV] END estimator__criterion=squared_error, estimator__max_depth=15, estimator__min_samples_split=4, estimator__n_estimators=60; total time=   0.0s
[CV] END estimator__criterion=squared_error, estimator__max_depth=15, estimator__min_samples_split=5, estimator__n_estimators=20; total time=   0.0s
[CV] END estimator__criterion=squared_error, estimator__max_depth=15, estimator__min_samples_split=5, estimator__n_estimators=80; total time=   0.0s
[CV] END estimator__criterion=squared_error, estimator__max_depth=16, estimator__min_samples_split=2, estimator__n_estimators=40; total time=   0.0s
[CV] END estimator__criterion=squared_error, estimator__max_depth=16, estimator__min_samples_split=3, estimator__n_estimators=40; total time=   0.0s
[CV] END estimator__criterion=squared_error, estimator__max_depth=16, estimator__min_samples_split=4, estimator__n_estimators=100; total time=   0.0s
[CV] END estimator__criterion=squared_error, estimator__max_depth=16, estimator__min_samples_split=4, estimator__n_estimators=100; total time=   0.0s
[CV] END estimator__criterion=squared_error, estimator__max_depth=17, estimator__min_samples_split=3, estimator__n_estimators=100; total time=   0.0s
[CV] END estimator__criterion=squared_error, estimator__max_depth=17, estimator__min_samples_split=4, estimator__n_estimators=20; total time=   0.0s
[CV] END estimator__criterion=squared_error, estimator__max_depth=17, estimator__min_samples_split=4, estimator__n_estimators=20; total time=   0.0s
[CV] END estimator__criterion=squared_error, estimator__max_depth=17, estimator__min_samples_split=4, estimator__n_estimators=20; total time=   0.0s
[CV] END estimator__criterion=squared_error, estimator__max_depth=18, estimator__min_samples_split=4, estimator__n_estimators=40; total time=   0.0s
[CV] END estimator__criterion=squared_error, estimator__max_depth=18, estimator__min_samples_split=4, estimator__n_estimators=40; total time=   0.0s
[CV] END estimator__criterion=squared_error, estimator__max_depth=18, estimator__min_samples_split=4, estimator__n_estimators=40; total time=   0.0s
[CV] END estimator__criterion=squared_error, estimator__max_depth=18, estimator__min_samples_split=4, estimator__n_estimators=40; total time=   0.0s
[CV] END estimator__criterion=absolute_error, estimator__max_depth=14, estimator__min_samples_split=3, estimator__n_estimators=40; total time=   0.1s
[CV] END estimator__criterion=absolute_error, estimator__max_depth=14, estimator__min_samples_split=3, estimator__n_estimators=40; total time=   0.1s
[CV] END estimator__criterion=absolute_error, estimator__max_depth=14, estimator__min_samples_split=3, estimator__n_estimators=40; total time=   0.1s
[CV] END estimator__criterion=absolute_error, estimator__max_depth=14, estimator__min_samples_split=3, estimator__n_estimators=40; total time=   0.1s
[CV] END estimator__criterion=absolute_error, estimator__max_depth=15, estimator__min_samples_split=3, estimator__n_estimators=40; total time=   0.1s
[CV] END estimator__criterion=absolute_error, estimator__max_depth=15, estimator__min_samples_split=3, estimator__n_estimators=60; total time=   0.2s
[CV] END estimator__criterion=absolute_error, estimator__max_depth=15, estimator__min_samples_split=3, estimator__n_estimators=60; total time=   0.2s
[CV] END estimator__criterion=absolute_error, estimator__max_depth=15, estimator__min_samples_split=3, estimator__n_estimators=60; total time=   0.2s
[CV] END estimator__criterion=absolute_error, estimator__max_depth=16, estimator__min_samples_split=3, estimator__n_estimators=60; total time=   0.1s
[CV] END estimator__criterion=absolute_error, estimator__max_depth=16, estimator__min_samples_split=3, estimator__n_estimators=60; total time=   0.1s
[CV] END estimator__criterion=absolute_error, estimator__max_depth=16, estimator__min_samples_split=3, estimator__n_estimators=60; total time=   0.1s
[CV] END estimator__criterion=absolute_error, estimator__max_depth=16, estimator__min_samples_split=3, estimator__n_estimators=80; total time=   0.2s
[CV] END estimator__criterion=absolute_error, estimator__max_depth=17, estimator__min_samples_split=3, estimator__n_estimators=100; total time=   0.3s
[CV] END estimator__criterion=absolute_error, estimator__max_depth=17, estimator__min_samples_split=3, estimator__n_estimators=100; total time=   0.3s
[CV] END estimator__criterion=absolute_error, estimator__max_depth=17, estimator__min_samples_split=4, estimator__n_estimators=20; total time=   0.0s
[CV] END estimator__criterion=absolute_error, estimator__max_depth=17, estimator__min_samples_split=4, estimator__n_estimators=20; total time=   0.0s
[CV] END estimator__criterion=absolute_error, estimator__max_depth=18, estimator__min_samples_split=3, estimator__n_estimators=60; total time=   0.1s
[CV] END estimator__criterion=absolute_error, estimator__max_depth=18, estimator__min_samples_split=3, estimator__n_estimators=60; total time=   0.1s
[CV] END estimator__criterion=absolute_error, estimator__max_depth=18, estimator__min_samples_split=3, estimator__n_estimators=60; total time=   0.1s
[CV] END estimator__criterion=absolute_error, estimator__max_depth=18, estimator__min_samples_split=3, estimator__n_estimators=60; total time=   0.1s
[CV] END estimator__criterion=absolute_error, estimator__max_depth=18, estimator__min_samples_split=6, estimator__n_estimators=40; total time=   0.1s
[CV] END estimator__criterion=absolute_error, estimator__max_depth=18, estimator__min_samples_split=6, estimator__n_estimators=100; total time=   0.3s
[CV] END estimator__criterion=squared_error, estimator__max_depth=14, estimator__min_samples_split=3, estimator__n_estimators=20; total time=   0.0s
[CV] END estimator__criterion=squared_error, estimator__max_depth=15, estimator__min_samples_split=5, estimator__n_estimators=100; total time=   0.0s
[CV] END estimator__criterion=squared_error, estimator__max_depth=16, estimator__min_samples_split=2, estimator__n_estimators=100; total time=   0.0s
[CV] END estimator__criterion=squared_error, estimator__max_depth=16, estimator__min_samples_split=5, estimator__n_estimators=80; total time=   0.0s
[CV] END estimator__criterion=squared_error, estimator__max_depth=16, estimator__min_samples_split=5, estimator__n_estimators=100; total time=   0.0s
[CV] END estimator__criterion=squared_error, estimator__max_depth=17, estimator__min_samples_split=3, estimator__n_estimators=80; total time=   0.0s
[CV] END estimator__criterion=squared_error, estimator__max_depth=17, estimator__min_samples_split=3, estimator__n_estimators=80; total time=   0.0s
[CV] END estimator__criterion=squared_error, estimator__max_depth=17, estimator__min_samples_split=3, estimator__n_estimators=80; total time=   0.0s
[CV] END estimator__criterion=squared_error, estimator__max_depth=17, estimator__min_samples_split=3, estimator__n_estimators=80; total time=   0.0s
[CV] END estimator__criterion=squared_error, estimator__max_depth=18, estimator__min_samples_split=6, estimator__n_estimators=20; total time=   0.0s
[CV] END estimator__criterion=squared_error, estimator__max_depth=18, estimator__min_samples_split=6, estimator__n_estimators=20; total time=   0.0s
[CV] END estimator__criterion=squared_error, estimator__max_depth=18, estimator__min_samples_split=6, estimator__n_estimators=20; total time=   0.0s
[CV] END estimator__criterion=squared_error, estimator__max_depth=18, estimator__min_samples_split=6, estimator__n_estimators=20; total time=   0.0s
[CV] END estimator__criterion=absolute_error, estimator__max_depth=14, estimator__min_samples_split=2, estimator__n_estimators=100; total time=   0.3s
[CV] END estimator__criterion=absolute_error, estimator__max_depth=14, estimator__min_samples_split=2, estimator__n_estimators=100; total time=   0.3s
[CV] END estimator__criterion=absolute_error, estimator__max_depth=14, estimator__min_samples_split=3, estimator__n_estimators=20; total time=   0.0s
[CV] END estimator__criterion=absolute_error, estimator__max_depth=14, estimator__min_samples_split=3, estimator__n_estimators=20; total time=   0.0s
[CV] END estimator__criterion=absolute_error, estimator__max_depth=15, estimator__min_samples_split=4, estimator__n_estimators=40; total time=   0.1s
[CV] END estimator__criterion=absolute_error, estimator__max_depth=15, estimator__min_samples_split=4, estimator__n_estimators=40; total time=   0.1s
[CV] END estimator__criterion=absolute_error, estimator__max_depth=15, estimator__min_samples_split=4, estimator__n_estimators=60; total time=   0.2s
[CV] END estimator__criterion=absolute_error, estimator__max_depth=15, estimator__min_samples_split=4, estimator__n_estimators=60; total time=   0.2s
[CV] END estimator__criterion=absolute_error, estimator__max_depth=16, estimator__min_samples_split=4, estimator__n_estimators=100; total time=   0.4s
[CV] END estimator__criterion=absolute_error, estimator__max_depth=16, estimator__min_samples_split=4, estimator__n_estimators=100; total time=   0.4s
[CV] END estimator__criterion=absolute_error, estimator__max_depth=16, estimator__min_samples_split=5, estimator__n_estimators=20; total time=   0.0s
[CV] END estimator__criterion=absolute_error, estimator__max_depth=16, estimator__min_samples_split=5, estimator__n_estimators=20; total time=   0.0s
[CV] END estimator__criterion=absolute_error, estimator__max_depth=17, estimator__min_samples_split=5, estimator__n_estimators=40; total time=   0.1s
[CV] END estimator__criterion=absolute_error, estimator__max_depth=17, estimator__min_samples_split=5, estimator__n_estimators=60; total time=   0.2s
[CV] END estimator__criterion=absolute_error, estimator__max_depth=17, estimator__min_samples_split=5, estimator__n_estimators=60; total time=   0.1s
[CV] END estimator__criterion=absolute_error, estimator__max_depth=17, estimator__min_samples_split=5, estimator__n_estimators=60; total time=   0.1s
[CV] END estimator__criterion=absolute_error, estimator__max_depth=18, estimator__min_samples_split=4, estimator__n_estimators=60; total time=   0.1s
[CV] END estimator__criterion=absolute_error, estimator__max_depth=18, estimator__min_samples_split=4, estimator__n_estimators=100; total time=   0.3s
[CV] END estimator__criterion=absolute_error, estimator__max_depth=18, estimator__min_samples_split=6, estimator__n_estimators=20; total time=   0.0s
[CV] END estimator__criterion=absolute_error, estimator__max_depth=18, estimator__min_samples_split=6, estimator__n_estimators=40; total time=   0.1s
[CV] END estimator__criterion=absolute_error, estimator__max_depth=18, estimator__min_samples_split=6, estimator__n_estimators=100; total time=   0.3s
[CV] END estimator__criterion=squared_error, estimator__max_depth=14, estimator__min_samples_split=3, estimator__n_estimators=20; total time=   0.0s
[CV] END estimator__criterion=squared_error, estimator__max_depth=15, estimator__min_samples_split=5, estimator__n_estimators=80; total time=   0.0s
[CV] END estimator__criterion=squared_error, estimator__max_depth=16, estimator__min_samples_split=2, estimator__n_estimators=20; total time=   0.0s
[CV] END estimator__criterion=squared_error, estimator__max_depth=16, estimator__min_samples_split=2, estimator__n_estimators=60; total time=   0.0s
[CV] END estimator__criterion=squared_error, estimator__max_depth=16, estimator__min_samples_split=4, estimator__n_estimators=40; total time=   0.0s
[CV] END estimator__criterion=squared_error, estimator__max_depth=16, estimator__min_samples_split=4, estimator__n_estimators=40; total time=   0.0s
[CV] END estimator__criterion=squared_error, estimator__max_depth=16, estimator__min_samples_split=6, estimator__n_estimators=60; total time=   0.0s
[CV] END estimator__criterion=squared_error, estimator__max_depth=16, estimator__min_samples_split=6, estimator__n_estimators=80; total time=   0.0s
[CV] END estimator__criterion=squared_error, estimator__max_depth=17, estimator__min_samples_split=5, estimator__n_estimators=40; total time=   0.0s
[CV] END estimator__criterion=squared_error, estimator__max_depth=17, estimator__min_samples_split=5, estimator__n_estimators=40; total time=   0.0s
[CV] END estimator__criterion=squared_error, estimator__max_depth=17, estimator__min_samples_split=5, estimator__n_estimators=40; total time=   0.0s
[CV] END estimator__criterion=squared_error, estimator__max_depth=17, estimator__min_samples_split=5, estimator__n_estimators=40; total time=   0.0s
[CV] END estimator__criterion=squared_error, estimator__max_depth=18, estimator__min_samples_split=4, estimator__n_estimators=60; total time=   0.0s
[CV] END estimator__criterion=squared_error, estimator__max_depth=18, estimator__min_samples_split=4, estimator__n_estimators=60; total time=   0.0s
[CV] END estimator__criterion=squared_error, estimator__max_depth=18, estimator__min_samples_split=4, estimator__n_estimators=60; total time=   0.0s
[CV] END estimator__criterion=squared_error, estimator__max_depth=18, estimator__min_samples_split=4, estimator__n_estimators=60; total time=   0.0s
[CV] END estimator__criterion=absolute_error, estimator__max_depth=14, estimator__min_samples_split=5, estimator__n_estimators=20; total time=   0.0s
[CV] END estimator__criterion=absolute_error, estimator__max_depth=14, estimator__min_samples_split=5, estimator__n_estimators=20; total time=   0.0s
[CV] END estimator__criterion=absolute_error, estimator__max_depth=14, estimator__min_samples_split=5, estimator__n_estimators=20; total time=   0.0s
[CV] END estimator__criterion=absolute_error, estimator__max_depth=14, estimator__min_samples_split=5, estimator__n_estimators=20; total time=   0.0s
[CV] END estimator__criterion=absolute_error, estimator__max_depth=15, estimator__min_samples_split=2, estimator__n_estimators=80; total time=   0.3s
[CV] END estimator__criterion=absolute_error, estimator__max_depth=15, estimator__min_samples_split=2, estimator__n_estimators=80; total time=   0.3s
[CV] END estimator__criterion=absolute_error, estimator__max_depth=15, estimator__min_samples_split=2, estimator__n_estimators=100; total time=   0.4s
[CV] END estimator__criterion=absolute_error, estimator__max_depth=15, estimator__min_samples_split=2, estimator__n_estimators=100; total time=   0.4s
[CV] END estimator__criterion=absolute_error, estimator__max_depth=16, estimator__min_samples_split=5, estimator__n_estimators=60; total time=   0.2s
[CV] END estimator__criterion=absolute_error, estimator__max_depth=16, estimator__min_samples_split=5, estimator__n_estimators=80; total time=   0.3s
[CV] END estimator__criterion=absolute_error, estimator__max_depth=16, estimator__min_samples_split=5, estimator__n_estimators=80; total time=   0.3s
[CV] END estimator__criterion=absolute_error, estimator__max_depth=16, estimator__min_samples_split=5, estimator__n_estimators=80; total time=   0.3s
[CV] END estimator__criterion=absolute_error, estimator__max_depth=18, estimator__min_samples_split=2, estimator__n_estimators=80; total time=   0.3s
[CV] END estimator__criterion=absolute_error, estimator__max_depth=18, estimator__min_samples_split=2, estimator__n_estimators=80; total time=   0.3s
[CV] END estimator__criterion=absolute_error, estimator__max_depth=18, estimator__min_samples_split=2, estimator__n_estimators=80; total time=   0.3s
[CV] END estimator__criterion=absolute_error, estimator__max_depth=18, estimator__min_samples_split=2, estimator__n_estimators=80; total time=   0.3s
[CV] END estimator__criterion=squared_error, estimator__max_depth=14, estimator__min_samples_split=2, estimator__n_estimators=20; total time=   0.0s
[CV] END estimator__criterion=squared_error, estimator__max_depth=14, estimator__min_samples_split=3, estimator__n_estimators=80; total time=   0.0s
[CV] END estimator__criterion=squared_error, estimator__max_depth=14, estimator__min_samples_split=3, estimator__n_estimators=100; total time=   0.0s
[CV] END estimator__criterion=squared_error, estimator__max_depth=14, estimator__min_samples_split=4, estimator__n_estimators=60; total time=   0.0s
[CV] END estimator__criterion=squared_error, estimator__max_depth=14, estimator__min_samples_split=4, estimator__n_estimators=100; total time=   0.0s
[CV] END estimator__criterion=squared_error, estimator__max_depth=14, estimator__min_samples_split=5, estimator__n_estimators=100; total time=   0.0s
[CV] END estimator__criterion=squared_error, estimator__max_depth=14, estimator__min_samples_split=6, estimator__n_estimators=80; total time=   0.0s
[CV] END estimator__criterion=squared_error, estimator__max_depth=15, estimator__min_samples_split=2, estimator__n_estimators=40; total time=   0.0s
[CV] END estimator__criterion=squared_error, estimator__max_depth=15, estimator__min_samples_split=2, estimator__n_estimators=100; total time=   0.0s
[CV] END estimator__criterion=squared_error, estimator__max_depth=15, estimator__min_samples_split=3, estimator__n_estimators=100; total time=   0.0s
[CV] END estimator__criterion=squared_error, estimator__max_depth=15, estimator__min_samples_split=5, estimator__n_estimators=40; total time=   0.0s
[CV] END estimator__criterion=squared_error, estimator__max_depth=15, estimator__min_samples_split=6, estimator__n_estimators=20; total time=   0.0s
[CV] END estimator__criterion=squared_error, estimator__max_depth=15, estimator__min_samples_split=6, estimator__n_estimators=80; total time=   0.0s
[CV] END estimator__criterion=squared_error, estimator__max_depth=16, estimator__min_samples_split=3, estimator__n_estimators=20; total time=   0.0s
[CV] END estimator__criterion=squared_error, estimator__max_depth=16, estimator__min_samples_split=3, estimator__n_estimators=80; total time=   0.0s
[CV] END estimator__criterion=squared_error, estimator__max_depth=16, estimator__min_samples_split=3, estimator__n_estimators=100; total time=   0.0s
[CV] END estimator__criterion=squared_error, estimator__max_depth=17, estimator__min_samples_split=3, estimator__n_estimators=60; total time=   0.0s
[CV] END estimator__criterion=squared_error, estimator__max_depth=17, estimator__min_samples_split=3, estimator__n_estimators=80; total time=   0.0s
[CV] END estimator__criterion=squared_error, estimator__max_depth=18, estimator__min_samples_split=3, estimator__n_estimators=60; total time=   0.0s
[CV] END estimator__criterion=squared_error, estimator__max_depth=18, estimator__min_samples_split=3, estimator__n_estimators=60; total time=   0.0s
[CV] END estimator__criterion=squared_error, estimator__max_depth=18, estimator__min_samples_split=3, estimator__n_estimators=60; total time=   0.0s
[CV] END estimator__criterion=squared_error, estimator__max_depth=18, estimator__min_samples_split=3, estimator__n_estimators=60; total time=   0.0s
[CV] END estimator__criterion=absolute_error, estimator__max_depth=14, estimator__min_samples_split=3, estimator__n_estimators=80; total time=   0.3s
[CV] END estimator__criterion=absolute_error, estimator__max_depth=14, estimator__min_samples_split=3, estimator__n_estimators=80; total time=   0.3s
[CV] END estimator__criterion=absolute_error, estimator__max_depth=14, estimator__min_samples_split=3, estimator__n_estimators=100; total time=   0.4s
[CV] END estimator__criterion=absolute_error, estimator__max_depth=14, estimator__min_samples_split=3, estimator__n_estimators=100; total time=   0.4s
[CV] END estimator__criterion=absolute_error, estimator__max_depth=16, estimator__min_samples_split=3, estimator__n_estimators=20; total time=   0.0s
[CV] END estimator__criterion=absolute_error, estimator__max_depth=16, estimator__min_samples_split=3, estimator__n_estimators=20; total time=   0.0s
[CV] END estimator__criterion=absolute_error, estimator__max_depth=16, estimator__min_samples_split=3, estimator__n_estimators=20; total time=   0.0s
[CV] END estimator__criterion=absolute_error, estimator__max_depth=16, estimator__min_samples_split=3, estimator__n_estimators=20; total time=   0.0s
[CV] END estimator__criterion=absolute_error, estimator__max_depth=16, estimator__min_samples_split=5, estimator__n_estimators=20; total time=   0.0s
[CV] END estimator__criterion=absolute_error, estimator__max_depth=16, estimator__min_samples_split=5, estimator__n_estimators=20; total time=   0.0s
[CV] END estimator__criterion=absolute_error, estimator__max_depth=16, estimator__min_samples_split=5, estimator__n_estimators=20; total time=   0.0s
[CV] END estimator__criterion=absolute_error, estimator__max_depth=16, estimator__min_samples_split=5, estimator__n_estimators=40; total time=   0.1s
[CV] END estimator__criterion=absolute_error, estimator__max_depth=16, estimator__min_samples_split=6, estimator__n_estimators=60; total time=   0.1s
[CV] END estimator__criterion=absolute_error, estimator__max_depth=16, estimator__min_samples_split=6, estimator__n_estimators=60; total time=   0.1s
[CV] END estimator__criterion=absolute_error, estimator__max_depth=16, estimator__min_samples_split=6, estimator__n_estimators=80; total time=   0.2s
[CV] END estimator__criterion=absolute_error, estimator__max_depth=16, estimator__min_samples_split=6, estimator__n_estimators=80; total time=   0.2s
[CV] END estimator__criterion=absolute_error, estimator__max_depth=17, estimator__min_samples_split=6, estimator__n_estimators=80; total time=   0.2s
[CV] END estimator__criterion=absolute_error, estimator__max_depth=17, estimator__min_samples_split=6, estimator__n_estimators=80; total time=   0.2s
[CV] END estimator__criterion=absolute_error, estimator__max_depth=17, estimator__min_samples_split=6, estimator__n_estimators=80; total time=   0.2s
[CV] END estimator__criterion=absolute_error, estimator__max_depth=17, estimator__min_samples_split=6, estimator__n_estimators=80; total time=   0.2s
[CV] END estimator__criterion=absolute_error, estimator__max_depth=18, estimator__min_samples_split=5, estimator__n_estimators=80; total time=   0.2s
[CV] END estimator__criterion=absolute_error, estimator__max_depth=18, estimator__min_samples_split=6, estimator__n_estimators=100; total time=   0.3s
[CV] END estimator__criterion=squared_error, estimator__max_depth=14, estimator__min_samples_split=3, estimator__n_estimators=40; total time=   0.0s
[CV] END estimator__criterion=squared_error, estimator__max_depth=15, estimator__min_samples_split=4, estimator__n_estimators=40; total time=   0.0s
[CV] END estimator__criterion=squared_error, estimator__max_depth=15, estimator__min_samples_split=4, estimator__n_estimators=100; total time=   0.0s
[CV] END estimator__criterion=squared_error, estimator__max_depth=15, estimator__min_samples_split=6, estimator__n_estimators=20; total time=   0.0s
[CV] END estimator__criterion=squared_error, estimator__max_depth=15, estimator__min_samples_split=6, estimator__n_estimators=100; total time=   0.0s
[CV] END estimator__criterion=squared_error, estimator__max_depth=16, estimator__min_samples_split=4, estimator__n_estimators=60; total time=   0.0s
[CV] END estimator__criterion=squared_error, estimator__max_depth=16, estimator__min_samples_split=4, estimator__n_estimators=60; total time=   0.0s
[CV] END estimator__criterion=squared_error, estimator__max_depth=17, estimator__min_samples_split=2, estimator__n_estimators=40; total time=   0.0s
[CV] END estimator__criterion=squared_error, estimator__max_depth=17, estimator__min_samples_split=2, estimator__n_estimators=40; total time=   0.0s
[CV] END estimator__criterion=squared_error, estimator__max_depth=17, estimator__min_samples_split=6, estimator__n_estimators=20; total time=   0.0s
[CV] END estimator__criterion=squared_error, estimator__max_depth=17, estimator__min_samples_split=6, estimator__n_estimators=20; total time=   0.0s
[CV] END estimator__criterion=squared_error, estimator__max_depth=17, estimator__min_samples_split=6, estimator__n_estimators=20; total time=   0.0s
[CV] END estimator__criterion=squared_error, estimator__max_depth=17, estimator__min_samples_split=6, estimator__n_estimators=20; total time=   0.0s
[CV] END estimator__criterion=squared_error, estimator__max_depth=18, estimator__min_samples_split=2, estimator__n_estimators=100; total time=   0.0s
[CV] END estimator__criterion=squared_error, estimator__max_depth=18, estimator__min_samples_split=2, estimator__n_estimators=100; total time=   0.0s
[CV] END estimator__criterion=squared_error, estimator__max_depth=18, estimator__min_samples_split=2, estimator__n_estimators=100; total time=   0.0s
[CV] END estimator__criterion=squared_error, estimator__max_depth=18, estimator__min_samples_split=2, estimator__n_estimators=100; total time=   0.0s
[CV] END estimator__criterion=absolute_error, estimator__max_depth=14, estimator__min_samples_split=5, estimator__n_estimators=60; total time=   0.1s
[CV] END estimator__criterion=absolute_error, estimator__max_depth=14, estimator__min_samples_split=5, estimator__n_estimators=60; total time=   0.1s
[CV] END estimator__criterion=absolute_error, estimator__max_depth=14, estimator__min_samples_split=5, estimator__n_estimators=60; total time=   0.1s
[CV] END estimator__criterion=absolute_error, estimator__max_depth=14, estimator__min_samples_split=5, estimator__n_estimators=80; total time=   0.2s
[CV] END estimator__criterion=absolute_error, estimator__max_depth=15, estimator__min_samples_split=4, estimator__n_estimators=100; total time=   0.3s
[CV] END estimator__criterion=absolute_error, estimator__max_depth=15, estimator__min_samples_split=5, estimator__n_estimators=20; total time=   0.0s
[CV] END estimator__criterion=absolute_error, estimator__max_depth=15, estimator__min_samples_split=5, estimator__n_estimators=20; total time=   0.0s
[CV] END estimator__criterion=absolute_error, estimator__max_depth=15, estimator__min_samples_split=5, estimator__n_estimators=20; total time=   0.0s
[CV] END estimator__criterion=absolute_error, estimator__max_depth=16, estimator__min_samples_split=3, estimator__n_estimators=20; total time=   0.0s
[CV] END estimator__criterion=absolute_error, estimator__max_depth=16, estimator__min_samples_split=3, estimator__n_estimators=40; total time=   0.1s
[CV] END estimator__criterion=absolute_error, estimator__max_depth=16, estimator__min_samples_split=3, estimator__n_estimators=40; total time=   0.1s
[CV] END estimator__criterion=absolute_error, estimator__max_depth=16, estimator__min_samples_split=3, estimator__n_estimators=40; total time=   0.1s
[CV] END estimator__criterion=absolute_error, estimator__max_depth=16, estimator__min_samples_split=5, estimator__n_estimators=100; total time=   0.3s
[CV] END estimator__criterion=absolute_error, estimator__max_depth=16, estimator__min_samples_split=5, estimator__n_estimators=100; total time=   0.3s
[CV] END estimator__criterion=absolute_error, estimator__max_depth=16, estimator__min_samples_split=5, estimator__n_estimators=100; total time=   0.3s
[CV] END estimator__criterion=absolute_error, estimator__max_depth=16, estimator__min_samples_split=6, estimator__n_estimators=20; total time=   0.0s
[CV] END estimator__criterion=absolute_error, estimator__max_depth=18, estimator__min_samples_split=2, estimator__n_estimators=20; total time=   0.0s
[CV] END estimator__criterion=absolute_error, estimator__max_depth=18, estimator__min_samples_split=2, estimator__n_estimators=20; total time=   0.0s
[CV] END estimator__criterion=absolute_error, estimator__max_depth=18, estimator__min_samples_split=2, estimator__n_estimators=40; total time=   0.1s
[CV] END estimator__criterion=absolute_error, estimator__max_depth=18, estimator__min_samples_split=2, estimator__n_estimators=40; total time=   0.1s
[CV] END estimator__criterion=absolute_error, estimator__max_depth=18, estimator__min_samples_split=4, estimator__n_estimators=40; total time=   0.1s
[CV] END estimator__criterion=absolute_error, estimator__max_depth=18, estimator__min_samples_split=4, estimator__n_estimators=40; total time=   0.1s
[CV] END estimator__criterion=absolute_error, estimator__max_depth=18, estimator__min_samples_split=4, estimator__n_estimators=40; total time=   0.1s
[CV] END estimator__criterion=absolute_error, estimator__max_depth=18, estimator__min_samples_split=4, estimator__n_estimators=40; total time=   0.1s
[CV] END estimator__criterion=absolute_error, estimator__max_depth=18, estimator__min_samples_split=5, estimator__n_estimators=80; total time=   0.2s
[CV] END estimator__criterion=absolute_error, estimator__max_depth=18, estimator__min_samples_split=6, estimator__n_estimators=100; total time=   0.3s
[CV] END estimator__criterion=squared_error, estimator__max_depth=14, estimator__min_samples_split=2, estimator__n_estimators=40; total time=   0.0s
[CV] END estimator__criterion=squared_error, estimator__max_depth=14, estimator__min_samples_split=3, estimator__n_estimators=60; total time=   0.0s
[CV] END estimator__criterion=squared_error, estimator__max_depth=14, estimator__min_samples_split=3, estimator__n_estimators=80; total time=   0.0s
[CV] END estimator__criterion=squared_error, estimator__max_depth=14, estimator__min_samples_split=3, estimator__n_estimators=80; total time=   0.0s
[CV] END estimator__criterion=squared_error, estimator__max_depth=14, estimator__min_samples_split=4, estimator__n_estimators=20; total time=   0.0s
[CV] END estimator__criterion=squared_error, estimator__max_depth=14, estimator__min_samples_split=4, estimator__n_estimators=20; total time=   0.0s
[CV] END estimator__criterion=squared_error, estimator__max_depth=14, estimator__min_samples_split=4, estimator__n_estimators=40; total time=   0.0s
[CV] END estimator__criterion=squared_error, estimator__max_depth=14, estimator__min_samples_split=4, estimator__n_estimators=80; total time=   0.0s
[CV] END estimator__criterion=squared_error, estimator__max_depth=14, estimator__min_samples_split=5, estimator__n_estimators=20; total time=   0.0s
[CV] END estimator__criterion=squared_error, estimator__max_depth=14, estimator__min_samples_split=5, estimator__n_estimators=40; total time=   0.0s
[CV] END estimator__criterion=squared_error, estimator__max_depth=14, estimator__min_samples_split=5, estimator__n_estimators=60; total time=   0.0s
[CV] END estimator__criterion=squared_error, estimator__max_depth=14, estimator__min_samples_split=6, estimator__n_estimators=20; total time=   0.0s
[CV] END estimator__criterion=squared_error, estimator__max_depth=14, estimator__min_samples_split=6, estimator__n_estimators=40; total time=   0.0s
[CV] END estimator__criterion=squared_error, estimator__max_depth=14, estimator__min_samples_split=6, estimator__n_estimators=100; total time=   0.0s
[CV] END estimator__criterion=squared_error, estimator__max_depth=15, estimator__min_samples_split=2, estimator__n_estimators=80; total time=   0.0s
[CV] END estimator__criterion=squared_error, estimator__max_depth=15, estimator__min_samples_split=3, estimator__n_estimators=80; total time=   0.0s
[CV] END estimator__criterion=squared_error, estimator__max_depth=15, estimator__min_samples_split=4, estimator__n_estimators=80; total time=   0.0s
[CV] END estimator__criterion=squared_error, estimator__max_depth=15, estimator__min_samples_split=5, estimator__n_estimators=80; total time=   0.0s
[CV] END estimator__criterion=squared_error, estimator__max_depth=16, estimator__min_samples_split=2, estimator__n_estimators=60; total time=   0.0s
[CV] END estimator__criterion=squared_error, estimator__max_depth=16, estimator__min_samples_split=4, estimator__n_estimators=40; total time=   0.0s
[CV] END estimator__criterion=squared_error, estimator__max_depth=16, estimator__min_samples_split=4, estimator__n_estimators=40; total time=   0.0s
[CV] END estimator__criterion=squared_error, estimator__max_depth=16, estimator__min_samples_split=6, estimator__n_estimators=60; total time=   0.0s
[CV] END estimator__criterion=squared_error, estimator__max_depth=16, estimator__min_samples_split=6, estimator__n_estimators=60; total time=   0.0s
[CV] END estimator__criterion=squared_error, estimator__max_depth=17, estimator__min_samples_split=3, estimator__n_estimators=60; total time=   0.0s
[CV] END estimator__criterion=squared_error, estimator__max_depth=17, estimator__min_samples_split=3, estimator__n_estimators=60; total time=   0.0s
[CV] END estimator__criterion=squared_error, estimator__max_depth=18, estimator__min_samples_split=2, estimator__n_estimators=80; total time=   0.0s
[CV] END estimator__criterion=squared_error, estimator__max_depth=18, estimator__min_samples_split=2, estimator__n_estimators=80; total time=   0.0s
[CV] END estimator__criterion=squared_error, estimator__max_depth=18, estimator__min_samples_split=2, estimator__n_estimators=80; total time=   0.0s
[CV] END estimator__criterion=squared_error, estimator__max_depth=18, estimator__min_samples_split=2, estimator__n_estimators=80; total time=   0.0s
[CV] END estimator__criterion=absolute_error, estimator__max_depth=14, estimator__min_samples_split=4, estimator__n_estimators=80; total time=   0.2s
[CV] END estimator__criterion=absolute_error, estimator__max_depth=14, estimator__min_samples_split=4, estimator__n_estimators=80; total time=   0.2s
[CV] END estimator__criterion=absolute_error, estimator__max_depth=14, estimator__min_samples_split=4, estimator__n_estimators=80; total time=   0.3s
[CV] END estimator__criterion=absolute_error, estimator__max_depth=14, estimator__min_samples_split=4, estimator__n_estimators=100; total time=   0.4s
[CV] END estimator__criterion=absolute_error, estimator__max_depth=16, estimator__min_samples_split=2, estimator__n_estimators=20; total time=   0.0s
[CV] END estimator__criterion=absolute_error, estimator__max_depth=16, estimator__min_samples_split=2, estimator__n_estimators=20; total time=   0.0s
[CV] END estimator__criterion=absolute_error, estimator__max_depth=16, estimator__min_samples_split=2, estimator__n_estimators=20; total time=   0.0s
[CV] END estimator__criterion=absolute_error, estimator__max_depth=16, estimator__min_samples_split=2, estimator__n_estimators=20; total time=   0.0s
[CV] END estimator__criterion=absolute_error, estimator__max_depth=16, estimator__min_samples_split=4, estimator__n_estimators=40; total time=   0.1s
[CV] END estimator__criterion=absolute_error, estimator__max_depth=16, estimator__min_samples_split=4, estimator__n_estimators=40; total time=   0.1s
[CV] END estimator__criterion=absolute_error, estimator__max_depth=16, estimator__min_samples_split=4, estimator__n_estimators=40; total time=   0.1s
[CV] END estimator__criterion=absolute_error, estimator__max_depth=16, estimator__min_samples_split=4, estimator__n_estimators=60; total time=   0.1s
[CV] END estimator__criterion=absolute_error, estimator__max_depth=17, estimator__min_samples_split=2, estimator__n_estimators=60; total time=   0.2s
[CV] END estimator__criterion=absolute_error, estimator__max_depth=17, estimator__min_samples_split=2, estimator__n_estimators=60; total time=   0.2s
[CV] END estimator__criterion=absolute_error, estimator__max_depth=17, estimator__min_samples_split=2, estimator__n_estimators=60; total time=   0.2s
[CV] END estimator__criterion=absolute_error, estimator__max_depth=17, estimator__min_samples_split=2, estimator__n_estimators=80; total time=   0.2s
[CV] END estimator__criterion=absolute_error, estimator__max_depth=18, estimator__min_samples_split=2, estimator__n_estimators=100; total time=   0.3s
[CV] END estimator__criterion=absolute_error, estimator__max_depth=18, estimator__min_samples_split=2, estimator__n_estimators=100; total time=   0.3s
[CV] END estimator__criterion=absolute_error, estimator__max_depth=18, estimator__min_samples_split=3, estimator__n_estimators=20; total time=   0.0s
[CV] END estimator__criterion=absolute_error, estimator__max_depth=18, estimator__min_samples_split=3, estimator__n_estimators=20; total time=   0.0s
[CV] END estimator__criterion=absolute_error, estimator__max_depth=18, estimator__min_samples_split=6, estimator__n_estimators=20; total time=   0.0s
[CV] END estimator__criterion=absolute_error, estimator__max_depth=18, estimator__min_samples_split=6, estimator__n_estimators=40; total time=   0.1s
[CV] END estimator__criterion=absolute_error, estimator__max_depth=18, estimator__min_samples_split=6, estimator__n_estimators=100; total time=   0.3s
[CV] END estimator__criterion=squared_error, estimator__max_depth=14, estimator__min_samples_split=3, estimator__n_estimators=20; total time=   0.0s
[CV] END estimator__criterion=squared_error, estimator__max_depth=15, estimator__min_samples_split=5, estimator__n_estimators=60; total time=   0.0s
[CV] END estimator__criterion=squared_error, estimator__max_depth=15, estimator__min_samples_split=6, estimator__n_estimators=80; total time=   0.0s
[CV] END estimator__criterion=squared_error, estimator__max_depth=16, estimator__min_samples_split=3, estimator__n_estimators=40; total time=   0.0s
[CV] END estimator__criterion=squared_error, estimator__max_depth=16, estimator__min_samples_split=4, estimator__n_estimators=100; total time=   0.0s
[CV] END estimator__criterion=squared_error, estimator__max_depth=16, estimator__min_samples_split=4, estimator__n_estimators=100; total time=   0.0s
[CV] END estimator__criterion=squared_error, estimator__max_depth=17, estimator__min_samples_split=5, estimator__n_estimators=60; total time=   0.0s
[CV] END estimator__criterion=squared_error, estimator__max_depth=17, estimator__min_samples_split=5, estimator__n_estimators=60; total time=   0.0s
[CV] END estimator__criterion=squared_error, estimator__max_depth=17, estimator__min_samples_split=5, estimator__n_estimators=60; total time=   0.0s
[CV] END estimator__criterion=squared_error, estimator__max_depth=17, estimator__min_samples_split=5, estimator__n_estimators=60; total time=   0.0s
[CV] END estimator__criterion=squared_error, estimator__max_depth=18, estimator__min_samples_split=5, estimator__n_estimators=100; total time=   0.0s
[CV] END estimator__criterion=squared_error, estimator__max_depth=18, estimator__min_samples_split=5, estimator__n_estimators=100; total time=   0.0s
[CV] END estimator__criterion=squared_error, estimator__max_depth=18, estimator__min_samples_split=5, estimator__n_estimators=100; total time=   0.0s
[CV] END estimator__criterion=squared_error, estimator__max_depth=18, estimator__min_samples_split=5, estimator__n_estimators=100; total time=   0.0s
[CV] END estimator__criterion=absolute_error, estimator__max_depth=14, estimator__min_samples_split=6, estimator__n_estimators=100; total time=   0.4s
[CV] END estimator__criterion=absolute_error, estimator__max_depth=14, estimator__min_samples_split=6, estimator__n_estimators=100; total time=   0.4s
[CV] END estimator__criterion=absolute_error, estimator__max_depth=15, estimator__min_samples_split=2, estimator__n_estimators=20; total time=   0.0s
[CV] END estimator__criterion=absolute_error, estimator__max_depth=15, estimator__min_samples_split=2, estimator__n_estimators=20; total time=   0.0s
[CV] END estimator__criterion=absolute_error, estimator__max_depth=15, estimator__min_samples_split=6, estimator__n_estimators=80; total time=   0.3s
[CV] END estimator__criterion=absolute_error, estimator__max_depth=15, estimator__min_samples_split=6, estimator__n_estimators=80; total time=   0.3s
[CV] END estimator__criterion=absolute_error, estimator__max_depth=15, estimator__min_samples_split=6, estimator__n_estimators=100; total time=   0.4s
[CV] END estimator__criterion=absolute_error, estimator__max_depth=15, estimator__min_samples_split=6, estimator__n_estimators=100; total time=   0.4s
[CV] END estimator__criterion=absolute_error, estimator__max_depth=17, estimator__min_samples_split=5, estimator__n_estimators=40; total time=   0.1s
[CV] END estimator__criterion=absolute_error, estimator__max_depth=17, estimator__min_samples_split=5, estimator__n_estimators=40; total time=   0.1s
[CV] END estimator__criterion=absolute_error, estimator__max_depth=17, estimator__min_samples_split=5, estimator__n_estimators=40; total time=   0.1s
[CV] END estimator__criterion=absolute_error, estimator__max_depth=17, estimator__min_samples_split=5, estimator__n_estimators=40; total time=   0.1s
[CV] END estimator__criterion=absolute_error, estimator__max_depth=18, estimator__min_samples_split=3, estimator__n_estimators=80; total time=   0.3s
[CV] END estimator__criterion=absolute_error, estimator__max_depth=18, estimator__min_samples_split=3, estimator__n_estimators=80; total time=   0.3s
[CV] END estimator__criterion=absolute_error, estimator__max_depth=18, estimator__min_samples_split=3, estimator__n_estimators=100; total time=   0.3s
[CV] END estimator__criterion=absolute_error, estimator__max_depth=18, estimator__min_samples_split=3, estimator__n_estimators=100; total time=   0.3s
