condition_id,split,input_speed_rpm,output_torque_nm,oil_temperature_deg_c,source_path,source_row_count,finite_value_pass,forward_mean_te_deg,backward_mean_te_deg,signed_mean_gap_deg,absolute_mean_gap_deg,absolute_mean_gap_arcmin,raw_pair_rmse_deg,centered_pair_rmse_deg,centered_pair_correlation,forward_peak_to_peak_deg,backward_peak_to_peak_deg,peak_to_peak_difference_deg,slope_pair_rmse_deg_per_deg,gap_zero_crossing_count,target_derived_best_shift_deg,target_derived_aligned_centered_rmse_deg,harmonic_1_phase_gap_rad,harmonic_3_phase_gap_rad,harmonic_39_phase_gap_rad,harmonic_40_phase_gap_rad,harmonic_78_phase_gap_rad,harmonic_81_phase_gap_rad,offline_gap_proxy_only
speed_100rpm__torque_0Nm__temperature_25degC,train,100.0,0.0,25.0,data/simplified_dataset/Test_25degree/100rpm/100.0rpm0.0Nm25.0deg.csv,194400,True,-0.02528779721074811,-0.019210123267087834,-0.006077673943660277,0.006077673943660277,0.3646604366196166,0.006195248173720827,0.0012012407621056465,0.9957190277723518,0.03873282128494385,0.03944851142180946,-0.0007156901368656141,0.0019372892275132166,0,0.0,0.0012012407621056465,0.024996701617915333,0.09522642980932816,0.34460601837518,0.18993366440451848,0.5792955106533174,1.0302279741933071,True
speed_100rpm__torque_0Nm__temperature_35degC,train,100.0,0.0,35.0,data/simplified_dataset/Test_35degree/100rpm/100.0rpm0.0Nm35.0deg.csv,194400,True,-0.02430231134725854,-0.018716088476180993,-0.005586222871077549,0.005586222871077549,0.33517337226465294,0.005728883189101721,0.0012705182521406011,0.9955003683611219,0.03847706055886884,0.039982262291933454,-0.0015052017330646136,0.0020390376045911138,0,1.7578125,0.0012380941056108971,0.02319589606357067,0.1435416149165385,0.29210114482962135,0.3464554921048451,2.713827094755788,1.4878698442864275,True
speed_100rpm__torque_100Nm__temperature_25degC,train,100.0,100.0,25.0,data/simplified_dataset/Test_25degree/100rpm/100.0rpm100.0Nm25.0deg.csv,194400,True,-0.03118119914516581,-0.01121529920955558,-0.01996589993561023,0.01996589993561023,1.197953996136614,0.01998749663126636,0.0009289033028703657,0.9971187621543652,0.03812871164674396,0.03770572856068724,0.0004229830860567191,0.002478052666125023,0,0.87890625,0.0008121711976590233,0.02261358142679296,0.020461397981462962,0.06586835391702928,0.959372027180846,2.6132307011236615,1.8321692597921375,True
speed_100rpm__torque_200Nm__temperature_25degC,train,100.0,200.0,25.0,data/simplified_dataset/Test_25degree/100rpm/100.0rpm200.0Nm25.0deg.csv,194401,True,-0.030577242210909884,-0.0012808905976874124,-0.02929635161322247,0.02929635161322247,1.7577810967933483,0.02931177780202151,0.0009508417689173202,0.9969755283625917,0.03854760038616532,0.03730852594968312,0.0012390744364822043,0.0026149505496106304,0,0.87890625,0.0008620702237360115,0.015848505388345972,0.02040051906977003,0.1578557350078722,1.2241614357412895,2.5441329678196074,2.1014704115729876,True
speed_100rpm__torque_200Nm__temperature_30degC,train,100.0,200.0,30.0,data/simplified_dataset/Test_30degree/100rpm/100.0rpm200.0Nm30.0deg.csv,194400,True,-0.02964787057585283,0.0006868466942068102,-0.030334717270059642,0.030334717270059642,1.8200830362035785,0.03035126873367729,0.0010022184838855597,0.996622405450778,0.039197652328287404,0.03712221249749881,0.002075439830788596,0.002414311864311982,0,0.0,0.0010022184838855597,0.017360484391973255,0.07663404356368009,0.2331030912950749,0.08527060868266886,3.0491959019488233,2.1723719793299026,True
speed_100rpm__torque_200Nm__temperature_35degC,train,100.0,200.0,35.0,data/simplified_dataset/Test_35degree/100rpm/100.0rpm200.0Nm35.0deg.csv,194400,True,-0.029668492975157546,0.00031859683317673896,-0.029987089808334286,0.029987089808334286,1.799225388500057,0.030006230706567466,0.001071599758606955,0.9961504610004156,0.03883242826229905,0.03800401878730206,0.0008284094749969953,0.0021859646735154863,0,0.703125,0.001043340695394524,0.01853749184561704,0.04963905527812851,0.30427073533719273,0.12486843684181079,3.0030837604246607,2.2725018512053463,True
speed_100rpm__torque_300Nm__temperature_25degC,train,100.0,300.0,25.0,data/simplified_dataset/Test_25degree/100rpm/100.0rpm300.0Nm25.0deg.csv,194400,True,-0.03344219437850207,0.004302545375827866,-0.03774473975432994,0.03774473975432994,2.2646843852597964,0.03775892925792177,0.0010350650137291454,0.9963933237563872,0.03860700578005814,0.03758807671624976,0.001018929063808384,0.002943582097135581,0,0.703125,0.0009501104240892394,0.015616242389008389,0.029681436314842106,0.27560372471082495,1.217665210866613,1.8670599147931626,2.0516495694246646,True
speed_100rpm__torque_300Nm__temperature_35degC,train,100.0,300.0,35.0,data/simplified_dataset/Test_35degree/100rpm/100.0rpm300.0Nm35.0deg.csv,194401,True,-0.03392661213432048,0.005193610923126769,-0.03912022305744725,0.03912022305744725,2.347213383446835,0.039139605519342154,0.0012316120108585896,0.9948942210732874,0.03949099274056575,0.0378658213748339,0.0016251713657318492,0.002856295412627242,0,0.703125,0.0011568928995312087,0.01754965586579085,0.05819963032867869,0.45031706023746043,0.028685934938888782,2.8063517856583564,2.5111981119769506,True
speed_100rpm__torque_400Nm__temperature_25degC,train,100.0,400.0,25.0,data/simplified_dataset/Test_25degree/100rpm/100.0rpm400.0Nm25.0deg.csv,194400,True,-0.03738640303657281,0.00820595220064273,-0.04559235523721554,0.04559235523721554,2.7355413142329326,0.045605831423085795,0.001108604399442904,0.9958319887542387,0.03916030209101651,0.03761564029966798,0.001544661791348531,0.0029442015463687506,0,0.87890625,0.0009831860485901005,0.013680813428692595,0.007726120128739966,0.41433287758251325,1.2339734383464092,1.5545112580885787,2.177617892979736,True
speed_100rpm__torque_400Nm__temperature_35degC,train,100.0,400.0,35.0,data/simplified_dataset/Test_35degree/100rpm/100.0rpm400.0Nm35.0deg.csv,194400,True,-0.04465055616593083,0.0022334922092902645,-0.046884048375221095,0.046884048375221095,2.8130429025132657,0.04690503848972438,0.0014030836298859271,0.9933886472982142,0.03971744632309876,0.037959251932944194,0.001758194390154566,0.003315884907372746,0,0.87890625,0.0012379171074658618,0.020416377100738157,0.055882333366915844,0.6600750291413986,0.03214516535709137,2.422848387677258,2.5979329495576655,True
speed_100rpm__torque_500Nm__temperature_25degC,train,100.0,500.0,25.0,data/simplified_dataset/Test_25degree/100rpm/100.0rpm500.0Nm25.0deg.csv,194400,True,-0.040189131453903834,0.010252461929626321,-0.05044159338353016,0.05044159338353016,3.0264956030118095,0.050456553253589574,0.0012285858386484475,0.9949048270202059,0.03966223622471767,0.03864885376584983,0.0010133824588678397,0.0036819378910711194,0,0.87890625,0.0010660269135934844,0.019809362316752857,0.0662435999251989,0.47704849571766306,1.2574418853322693,1.0037435758851947,2.0195193012004653,True
speed_100rpm__torque_600Nm__temperature_30degC,train,100.0,600.0,30.0,data/simplified_dataset/Test_30degree/100rpm/100.0rpm600.0Nm30.0deg.csv,194400,True,-0.04514683965047846,0.017405248222439974,-0.06255208787291844,0.06255208787291844,3.7531252723751063,0.06256973500922919,0.0014859481363262684,0.9925378266842232,0.04065185766652406,0.03874004639605244,0.0019118112704716167,0.0035211297176306637,0,0.87890625,0.001281189544187348,0.017097346146693775,0.16361357244988461,0.8464795216903083,0.10769392579803341,1.7055577190688083,2.699737981088246,True
speed_100rpm__torque_700Nm__temperature_25degC,train,100.0,700.0,25.0,data/simplified_dataset/Test_25degree/100rpm/100.0rpm700.0Nm25.0deg.csv,194401,True,-0.0543744574593257,0.011946578964414149,-0.06632103642373985,0.06632103642373985,3.979262185424391,0.06633615604712753,0.0014162368410079215,0.9931709841024947,0.04011799105785639,0.038970815086151175,0.0011471759717052166,0.0036807319518874573,0,0.703125,0.0012451044965108799,0.018178486266994854,0.2640935656426744,0.8527418326759515,1.312415836043102,1.0325734846161008,2.3552628202314296,True
speed_100rpm__torque_700Nm__temperature_30degC,train,100.0,700.0,30.0,data/simplified_dataset/Test_30degree/100rpm/100.0rpm700.0Nm30.0deg.csv,194400,True,-0.049789660201736,0.020654606561926674,-0.07044426676366268,0.07044426676366268,4.226656005819761,0.07046331272311893,0.0016382063502444848,0.990873433473972,0.040994524678871325,0.03971929422847738,0.0012752304503939466,0.0038652963851901648,0,0.87890625,0.001390515917216608,0.01562689950994726,0.26289652099641225,1.110487671023609,0.06771261549649626,1.600816803245857,2.760672844704466,True
speed_100rpm__torque_700Nm__temperature_35degC,train,100.0,700.0,35.0,data/simplified_dataset/Test_35degree/100rpm/100.0rpm700.0Nm35.0deg.csv,194401,True,-0.049239717106544637,0.02130135311981693,-0.07054107022636157,0.07054107022636157,4.232464213581694,0.07056420590028872,0.0018068109081658536,0.9889750583694736,0.04127249284181529,0.03885347080420245,0.0024190220376128432,0.0038542034134060607,0,0.87890625,0.0014866780464114946,0.01071794008330455,0.27659768750690317,1.2038447384336608,0.10701708671983845,1.8628582103970084,2.8587254934097563,True
speed_100rpm__torque_800Nm__temperature_30degC,train,100.0,800.0,30.0,data/simplified_dataset/Test_30degree/100rpm/100.0rpm800.0Nm30.0deg.csv,194400,True,-0.0534415750533825,0.02457812492717459,-0.07801969998055709,0.07801969998055709,4.681181998833425,0.07803924870890262,0.0017466407741200138,0.9896608055482865,0.041491315581795044,0.03937844908957655,0.002112866492218493,0.0038867658172286232,0,0.87890625,0.0014676961982019075,0.017403862598017183,0.29060035627627645,1.2489896597850325,0.380867726277131,1.4835131264739778,2.70239141130279,True
speed_100rpm__torque_900Nm__temperature_25degC,train,100.0,900.0,25.0,data/simplified_dataset/Test_25degree/100rpm/100.0rpm900.0Nm25.0deg.csv,194400,True,-0.06083883914621577,0.020372439591628946,-0.08121127873784471,0.08121127873784471,4.872676724270683,0.08122806439789904,0.00165125757933843,0.9907823786117648,0.040870104912782076,0.04005646903003664,0.0008136358827454393,0.004298269836340293,0,0.703125,0.0014038805916176656,0.01939385247265595,0.4489584647484546,1.1968392879285061,0.7229324101966769,0.9544735838922567,2.4958030754377374,True
speed_100rpm__torque_1000Nm__temperature_25degC,train,100.0,1000.0,25.0,data/simplified_dataset/Test_25degree/100rpm/100.0rpm1000.0Nm25.0deg.csv,194400,True,-0.05922861847358821,0.030386621005453064,-0.08961523947904126,0.08961523947904126,5.376914368742476,0.08963262747314533,0.0017654350324296786,0.9894134862113636,0.04197265476521722,0.04044297240625194,0.0015296823589652786,0.0046822555389334376,0,0.703125,0.0014858970484432324,0.021202162912670342,0.4753224308782764,1.3348907788672169,0.21971371960803118,0.9152935853399868,2.7201912132177712,True
speed_100rpm__torque_1000Nm__temperature_35degC,train,100.0,1000.0,35.0,data/simplified_dataset/Test_35degree/100rpm/100.0rpm1000.0Nm35.0deg.csv,194401,True,-0.06006074155718364,0.032782900525881294,-0.09284364208306493,0.09284364208306493,5.570618524983896,0.09287003248777298,0.0022138335600817745,0.9834362504712544,0.04261754236992007,0.040469939363764196,0.0021476030061558724,0.004669918995278922,0,0.87890625,0.001683262333116352,0.020775598034754424,0.4897252941781052,1.6204317398709147,0.29762493475291185,1.5452804900416155,2.921779214770165,True
speed_100rpm__torque_1100Nm__temperature_35degC,train,100.0,1100.0,35.0,data/simplified_dataset/Test_35degree/100rpm/100.0rpm1100.0Nm35.0deg.csv,194400,True,-0.06366194154499495,0.036713769431169926,-0.10037571097616488,0.10037571097616488,6.0225426585698925,0.10040411573610836,0.0023881169944661483,0.980878470683661,0.04347243737186743,0.04067767992543298,0.002794757446434447,0.005001127142773951,0,0.87890625,0.0018410388030579109,0.019105661469495362,0.5929611013801406,1.8364374579880471,0.5997163914771358,1.4656212798296675,2.969800329429683,True
speed_100rpm__torque_1200Nm__temperature_25degC,train,100.0,1200.0,25.0,data/simplified_dataset/Test_25degree/100rpm/100.0rpm1200.0Nm25.0deg.csv,194400,True,-0.06658414599194182,0.03819560595154368,-0.10477975194348549,0.10477975194348549,6.2867851166091295,0.1048010563210723,0.00211305198095446,0.9848894342866027,0.041786759926997215,0.04136734320383394,0.0004194167231632781,0.0053919404792564865,0,0.703125,0.001694517842312371,0.02664462952248758,0.6493952484536474,1.6036752792294462,0.36159076171613685,0.9365613742238066,2.8495261137730763,True
speed_100rpm__torque_1200Nm__temperature_30degC,train,100.0,1200.0,30.0,data/simplified_dataset/Test_30degree/100rpm/100.0rpm1200.0Nm30.0deg.csv,194400,True,-0.06890001037126994,0.03927392371083667,-0.10817393408210661,0.10817393408210661,6.490436044926397,0.10819903273872837,0.0023303799682599315,0.9815876726392359,0.04291510234011338,0.04134057198683108,0.0015745303532822968,0.004979605259148063,0,-3.69140625,0.0018362670253151785,0.0185216683168786,0.6951095698051746,1.9049883548184654,0.6036016072735386,1.248610719547917,3.0371659852179302,True
speed_100rpm__torque_1300Nm__temperature_25degC,train,100.0,1300.0,25.0,data/simplified_dataset/Test_25degree/100rpm/100.0rpm1300.0Nm25.0deg.csv,194400,True,-0.07036792674172151,0.04198710857876602,-0.11235503532048755,0.11235503532048755,6.741302119229252,0.11237648974616946,0.002195788196281001,0.9836976183974894,0.04345670533482065,0.041905463323239085,0.0015512420115815634,0.005367067675649561,0,0.703125,0.0017655843017545573,0.026496325079100685,0.6449499430440846,1.8351684044986922,0.5710108620626131,0.9140257766090547,2.7004238517475443,True
speed_100rpm__torque_1300Nm__temperature_30degC,train,100.0,1300.0,30.0,data/simplified_dataset/Test_30degree/100rpm/100.0rpm1300.0Nm30.0deg.csv,194400,True,-0.07224681118708116,0.04341137425375073,-0.1156581854408319,0.1156581854408319,6.939491126449914,0.11568461472181085,0.002472695668285244,0.9792848116496028,0.043918498295324425,0.041657120856747956,0.0022613774385764687,0.005454915909227356,0,-3.69140625,0.0018800637583181138,0.016076036909941152,0.7319679674046331,1.8990265838833063,0.6377013537352744,1.2026759140575634,3.036222917768937,True
speed_100rpm__torque_1300Nm__temperature_35degC,train,100.0,1300.0,35.0,data/simplified_dataset/Test_35degree/100rpm/100.0rpm1300.0Nm35.0deg.csv,194401,True,-0.07025334192078671,0.04317622288565638,-0.11342956480644309,0.11342956480644309,6.805773888386585,0.11345772432643135,0.002527654476668051,0.9786030143159442,0.04406316652766388,0.04191688151666988,0.002146285010994002,0.005551990810584723,0,5.2734375,0.0018982621859603146,0.03132906479557484,0.793729730935046,1.9290625325794881,0.7009531966214224,1.2190921801702275,2.8623564195088633,True
speed_100rpm__torque_1400Nm__temperature_25degC,train,100.0,1400.0,25.0,data/simplified_dataset/Test_25degree/100rpm/100.0rpm1400.0Nm25.0deg.csv,194401,True,-0.07660958710133897,0.04205980484784406,-0.11866939194918302,0.11866939194918302,7.120163516950981,0.11869338177030517,0.0023862712508401496,0.9808579176218426,0.04271497661745294,0.04243178947322289,0.00028318714423004876,0.005889006639759255,0,5.2734375,0.0018499856106375867,0.02909576339449346,0.7146824757487359,1.9627623859199774,0.5687343495950571,0.8740080487476128,2.6629629154180283,True
speed_100rpm__torque_1400Nm__temperature_30degC,train,100.0,1400.0,30.0,data/simplified_dataset/Test_30degree/100rpm/100.0rpm1400.0Nm30.0deg.csv,194401,True,-0.0756788608609579,0.047461573149586087,-0.12314043401054399,0.12314043401054399,7.388426040632639,0.12316715771059972,0.002565589640337106,0.9778323521090209,0.04385995795911785,0.04277277953168928,0.0010871784274285728,0.005420686744627844,0,-3.69140625,0.0019751712767145132,0.022081233766823145,0.8592347102067044,2.0178452506276727,0.7935175366024749,1.1331757536410856,3.1026896229845082,True
speed_100rpm__torque_1400Nm__temperature_35degC,train,100.0,1400.0,35.0,data/simplified_dataset/Test_35degree/100rpm/100.0rpm1400.0Nm35.0deg.csv,194401,True,-0.08179974678570848,0.03976706916056782,-0.1215668159462763,0.1215668159462763,7.294008956776578,0.12159745459689952,0.002729510052962932,0.9749729556521208,0.044622723874845144,0.04325851761655123,0.0013642062582939138,0.0056903847916358885,0,5.2734375,0.0019743259809252302,0.027506129407163567,0.8140555590154457,2.0415734923307647,0.8820356980550103,1.2118161616170373,2.988224137625741,True
speed_100rpm__torque_1500Nm__temperature_25degC,train,100.0,1500.0,25.0,data/simplified_dataset/Test_25degree/100rpm/100.0rpm1500.0Nm25.0deg.csv,194400,True,-0.0778894844122385,0.04937948227828619,-0.12726896669052468,0.12726896669052468,7.636138001431481,0.12729421712930192,0.002535316960062757,0.9783637336671362,0.04362818268739544,0.04289449490128636,0.0007336877861090774,0.006136428527005433,0,5.09765625,0.0019152256327240854,0.027567621008611314,0.790875709092802,2.0362873005920563,1.2129603270106937,0.892739115924742,2.697532421888029,True
speed_100rpm__torque_1500Nm__temperature_30degC,train,100.0,1500.0,30.0,data/simplified_dataset/Test_30degree/100rpm/100.0rpm1500.0Nm30.0deg.csv,194400,True,-0.07952928844155108,0.0512344213770676,-0.13076370981861868,0.13076370981861868,7.8458225891171205,0.13079273290258173,0.002755208630607994,0.9743879434709333,0.04434299274286493,0.04332445124194574,0.0010185415009191859,0.006110852566850876,0,-3.69140625,0.001951677633021325,0.02147438671311634,0.8207764117429792,2.053144066487408,1.0069551289051417,1.1065408601297455,3.0189418831271464,True
speed_100rpm__torque_1500Nm__temperature_35degC,train,100.0,1500.0,35.0,data/simplified_dataset/Test_35degree/100rpm/100.0rpm1500.0Nm35.0deg.csv,194401,True,-0.07861785996840616,0.051250704381109374,-0.12986856434951555,0.12986856434951555,7.792113860970932,0.12990035972426978,0.0028739259368379183,0.9723214650575303,0.045194259424290444,0.04341128411176915,0.0017829753125212927,0.006064538094420994,0,-3.69140625,0.00201563314418455,0.02011136858151172,0.8786016190817121,2.050428679986771,0.777769210908001,1.1786397618130522,3.0605618021578054,True
speed_100rpm__torque_1600Nm__temperature_25degC,train,100.0,1600.0,25.0,data/simplified_dataset/Test_25degree/100rpm/100.0rpm1600.0Nm25.0deg.csv,194400,True,-0.08208744533973167,0.05264893370359765,-0.1347363790433293,0.1347363790433293,8.084182742599758,0.13476294781550582,0.0026758673765782015,0.9759931606227735,0.043868135481146465,0.043449912589006094,0.00041822289214037134,0.0064993869691661165,0,5.09765625,0.001988324674017424,0.032985129278411164,0.8025776381298425,2.069635954579242,0.9613463991950657,0.8750599267626864,2.9036305494867727,True
speed_100rpm__torque_1700Nm__temperature_25degC,train,100.0,1700.0,25.0,data/simplified_dataset/Test_25degree/100rpm/100.0rpm1700.0Nm25.0deg.csv,194400,True,-0.08566267713207334,0.05654385963523265,-0.142206536767306,0.142206536767306,8.53239220603836,0.14223546192564268,0.0028683671051314393,0.9724958924180814,0.04520733559216236,0.04416321731208785,0.0010441182800745089,0.007045075769488906,0,5.2734375,0.002092435057675219,0.034213283273467184,0.9083834052942117,2.3742533050054826,0.7148110543707454,0.845884007088894,2.847662144721256,True
speed_100rpm__torque_1700Nm__temperature_30degC,train,100.0,1700.0,30.0,data/simplified_dataset/Test_30degree/100rpm/100.0rpm1700.0Nm30.0deg.csv,194401,True,-0.08743991993565509,0.058276856360880716,-0.1457167762965358,0.1457167762965358,8.743006577792148,0.14574767904477914,0.0030011752173590943,0.9699704236618688,0.04562110899191352,0.04354376447849762,0.002077344513415895,0.006304495182831348,0,-3.8671875,0.0020684595824215423,0.014584394137555938,0.936209575804674,2.1676828553336462,1.00391457954411,1.0221868286179459,3.0889335541073284,True
speed_100rpm__torque_1800Nm__temperature_25degC,train,100.0,1800.0,25.0,data/simplified_dataset/Test_25degree/100rpm/100.0rpm1800.0Nm25.0deg.csv,194400,True,-0.09105229554944515,0.05864436977531478,-0.14969666532475992,0.14969666532475992,8.981799919485596,0.1497264685228609,0.0029872674761517067,0.9701841155375132,0.04541853672156783,0.044521335531900776,0.0008972011896670531,0.007302328356235505,0,5.09765625,0.0020576351621270027,0.03640353807626501,0.9118573755138112,2.4033968133965717,1.0813485676747203,0.827733408354729,2.62751793798882,True
speed_100rpm__torque_1800Nm__temperature_30degC,train,100.0,1800.0,30.0,data/simplified_dataset/Test_30degree/100rpm/100.0rpm1800.0Nm30.0deg.csv,194401,True,-0.09117728801434942,0.0617683926454789,-0.15294568065982833,0.15294568065982833,9.1767408395897,0.15298017467100022,0.003248478085435949,0.9645721131005185,0.04679895527006521,0.043793330031673065,0.003005625238392144,0.006836333311105212,0,-3.8671875,0.002127836270819518,0.02708484004016448,1.0462738257714035,2.5113395152271685,1.1178864644746394,0.9942750601781876,2.9801318823766065,True
speed_200rpm__torque_0Nm__temperature_25degC,train,200.0,0.0,25.0,data/simplified_dataset/Test_25degree/200rpm/200.0rpm0.0Nm25.0deg.csv,97200,True,-0.025518746261189662,-0.0174030339591186,-0.008115712302071063,0.008115712302071063,0.4869427381242638,0.00817301646899705,0.0009661325129139276,0.9972927273697877,0.03773872137740504,0.039220122307845544,-0.0014814009304405032,0.0015395736141923235,0,0.17578125,0.00095761611496412,0.01792011354155145,0.14799969015677217,0.3379075779759364,0.04224111966184291,0.9353250023015027,1.4276050010663202,True
speed_200rpm__torque_0Nm__temperature_30degC,train,200.0,0.0,30.0,data/simplified_dataset/Test_30degree/200rpm/200.0rpm0.0Nm30.0deg.csv,97200,True,-0.024661745624950812,-0.017914111196382587,-0.006747634428568225,0.006747634428568225,0.4048580657140935,0.006839566387809292,0.0011176305255545965,0.9964724445473272,0.038330511964693365,0.03954522957535685,-0.0012147176106634822,0.0017216250467565139,0,0.17578125,0.0011160023757135382,0.014432668689718977,0.10918563916070377,0.4681030858291697,0.01503411981605074,2.8723643919526234,1.1857751092590016,True
speed_200rpm__torque_0Nm__temperature_35degC,train,200.0,0.0,35.0,data/simplified_dataset/Test_35degree/200rpm/200.0rpm0.0Nm35.0deg.csv,97200,True,-0.02484757613931847,-0.018287640431600864,-0.006559935707717606,0.006559935707717606,0.39359614246305635,0.0066722708146349785,0.0012191970039502275,0.9958607450256008,0.03831696194483954,0.03956704021514977,-0.0012500782703102342,0.0019302550298892654,0,0.17578125,0.001212282918963078,0.01432057583327263,0.12087359418843648,0.36607583294844503,0.27906205443040116,0.0349579732588976,1.4768629885006503,True
speed_200rpm__torque_100Nm__temperature_25degC,train,200.0,100.0,25.0,data/simplified_dataset/Test_25degree/200rpm/200.0rpm100.0Nm25.0deg.csv,97200,True,-0.02492336404173092,-0.005239312227782461,-0.019684051813948458,0.019684051813948458,1.1810431088369076,0.0197110857424579,0.001031990955541419,0.9964542531731787,0.03922675116190905,0.03756563069215651,0.0016611204697525445,0.0037623855085075846,0,0.17578125,0.0008583471183321684,0.01764212021809525,0.015414659480850633,0.11946600071505942,0.09418487228018821,2.865689528695625,1.3695496650986785,True
speed_200rpm__torque_100Nm__temperature_35degC,train,200.0,100.0,35.0,data/simplified_dataset/Test_35degree/200rpm/200.0rpm100.0Nm35.0deg.csv,97200,True,-0.031859872355549566,-0.011505861458901909,-0.020354010896647658,0.020354010896647658,1.2212406537988594,0.020404498255166107,0.001434499726115356,0.9931494877180098,0.03958300324250753,0.03810898960587801,0.0014740136366295231,0.005456803038578954,0,1.23046875,0.001087010297039711,0.020467561113747444,0.030021141492446283,0.005068623424826502,0.23011850320926183,2.5001187967595104,1.9859478447100471,True
speed_200rpm__torque_200Nm__temperature_25degC,train,200.0,200.0,25.0,data/simplified_dataset/Test_25degree/200rpm/200.0rpm200.0Nm25.0deg.csv,97200,True,-0.03495662956920662,-0.0072559461346813105,-0.027700683434525312,0.027700683434525312,1.6620410060715187,0.027720617517691417,0.0010510817391408004,0.9963314669924241,0.0393125881860931,0.03856436729113621,0.0007482208949568941,0.0035744725936465585,0,1.0546875,0.0009838419512836975,0.014806860969564864,0.02961183361931541,0.141018842861804,1.0764914774205252,1.5824710020567465,1.7009437463501218,True
speed_200rpm__torque_200Nm__temperature_35degC,train,200.0,200.0,35.0,data/simplified_dataset/Test_35degree/200rpm/200.0rpm200.0Nm35.0deg.csv,97200,True,-0.028656360798564918,0.0009856274404777027,-0.02964198823904262,0.02964198823904262,1.7785192943425572,0.029664775177160107,0.001162505719518587,0.9954753994967318,0.03974028200512984,0.03838659259119458,0.0013536894139352662,0.003358228561182177,0,0.703125,0.0010943342551614922,0.019958146565164883,0.009273074047303265,0.24132953432459958,0.11456877890902825,3.008848538462201,2.1635183306926704,True
speed_200rpm__torque_300Nm__temperature_30degC,train,200.0,300.0,30.0,data/simplified_dataset/Test_30degree/200rpm/200.0rpm300.0Nm30.0deg.csv,97200,True,-0.0334452064450414,0.004719087379265299,-0.038164293824306694,0.038164293824306694,2.2898576294584014,0.03818465579879761,0.0012468421570646095,0.9948119083679506,0.039464550087187446,0.03821349758670707,0.001251052500480375,0.004221007230412267,0,-0.17578125,0.0012202614600497447,0.013765380194016073,0.03898742826319679,0.28126034310769454,0.02256010747861864,2.0974148324733104,2.1338132855825327,True
speed_200rpm__torque_300Nm__temperature_35degC,train,200.0,300.0,35.0,data/simplified_dataset/Test_35degree/200rpm/200.0rpm300.0Nm35.0deg.csv,97200,True,-0.03718454376420566,0.0012006501254030505,-0.03838519388960871,0.03838519388960871,2.3031116333765227,0.038406412521057275,0.0012764845454494866,0.9945548831468085,0.041555016020114244,0.03829396454515476,0.0032610514749594824,0.003469447735504776,0,-0.52734375,0.0012561914280607778,0.016927999458526036,0.04404225475957935,0.40455057099077973,0.0011271492812404693,2.855283205674027,2.3570835643700123,True
speed_200rpm__torque_400Nm__temperature_25degC,train,200.0,400.0,25.0,data/simplified_dataset/Test_25degree/200rpm/200.0rpm400.0Nm25.0deg.csv,97200,True,-0.043432079235855764,0.0007067001662652245,-0.044138779402120985,0.044138779402120985,2.648326764127259,0.044158934301018145,0.0013340282952533239,0.9940456421236307,0.0402076854116621,0.038861899900228855,0.001345785511433245,0.004829290774991973,0,0.87890625,0.001065144929810769,0.01523920944603981,0.008339042961928778,0.4182003895472908,1.036243224136227,1.1257643359167224,2.0040602155074807,True
speed_200rpm__torque_400Nm__temperature_30degC,train,200.0,400.0,30.0,data/simplified_dataset/Test_30degree/200rpm/200.0rpm400.0Nm30.0deg.csv,97200,True,-0.037103783678696836,0.00910480276404502,-0.04620858644274185,0.04620858644274185,2.7725151865645112,0.046226219613399136,0.0012766826974075444,0.9945318579808021,0.04014548882328699,0.038738079650047476,0.0014074091732395114,0.0039135091559374495,0,0.87890625,0.0011378469521118794,0.01529147145421261,0.01191249757912627,0.4489730448884728,0.03918064121490958,1.8435601141672062,2.2331380473433002,True
speed_200rpm__torque_400Nm__temperature_35degC,train,200.0,400.0,35.0,data/simplified_dataset/Test_35degree/200rpm/200.0rpm400.0Nm35.0deg.csv,97200,True,-0.04528088632029409,0.0025529491385915207,-0.04783383545888561,0.04783383545888561,2.8700301275331364,0.04785565183092699,0.001444852053036127,0.9929716137668749,0.040632948885078735,0.03808965025216842,0.002543298632910314,0.004074488014033255,0,0.703125,0.0012849291274767587,0.012516278529118546,0.012016710076558468,0.5905128153270385,0.0011121504845492125,2.4828612154414946,2.5223998304519313,True
speed_200rpm__torque_500Nm__temperature_25degC,train,200.0,500.0,25.0,data/simplified_dataset/Test_25degree/200rpm/200.0rpm500.0Nm25.0deg.csv,97200,True,-0.046832235922332564,0.00490743135907617,-0.05173966728140873,0.05173966728140873,3.104380036884524,0.05175801949378182,0.0013781913973835921,0.9936222477972816,0.040585431449994755,0.03945439820856748,0.0011310332414272775,0.004745391262314203,0,-0.17578125,0.0011650147028921646,0.01599912552594546,0.09568196556635722,0.6434213486700187,0.955777958514248,1.06628479958714,2.1485113158492863,True
speed_200rpm__torque_500Nm__temperature_30degC,train,200.0,500.0,30.0,data/simplified_dataset/Test_30degree/200rpm/200.0rpm500.0Nm30.0deg.csv,97200,True,-0.047885823229364965,0.004656617904916268,-0.052542441134281234,0.052542441134281234,3.152546468056874,0.05256274887321813,0.0014609752768563894,0.9928232805061303,0.04103226360396264,0.03908845303134073,0.0019438105726219124,0.004625379534659031,0,0.87890625,0.001287208634285909,0.01727916186852371,0.07737820952589924,0.6588201046824091,0.07040345662772234,1.5266365491440168,2.31692541098128,True
speed_200rpm__torque_500Nm__temperature_35degC,train,200.0,500.0,35.0,data/simplified_dataset/Test_35degree/200rpm/200.0rpm500.0Nm35.0deg.csv,97200,True,-0.04296288247337039,0.01273256586198326,-0.055695448335353656,0.055695448335353656,3.3417269001212193,0.05571859807790036,0.0016059908127236287,0.9912615881531034,0.04082198446915633,0.039376796174135024,0.001445188295021306,0.004570999013001615,0,0.87890625,0.0014286678713813737,0.011813239762534986,0.08497808517935934,0.8721935309645832,0.03187077807963389,2.1768036665944877,2.700369653131972,True
speed_200rpm__torque_600Nm__temperature_25degC,train,200.0,600.0,25.0,data/simplified_dataset/Test_25degree/200rpm/200.0rpm600.0Nm25.0deg.csv,97200,True,-0.05042894217123499,0.008796874674291973,-0.05922581684552696,0.05922581684552696,3.5535490107316177,0.05923972315856101,0.0012835181662306397,0.9944415063784995,0.04034933895530112,0.03918596443439059,0.0011633745209105317,0.003593685859398112,0,0.52734375,0.0012397418894349956,0.015737845584564224,0.19513891058945476,0.8408554472610013,1.0525222859758945,0.9465766876332542,2.2552214515855162,True
speed_200rpm__torque_600Nm__temperature_35degC,train,200.0,600.0,35.0,data/simplified_dataset/Test_35degree/200rpm/200.0rpm600.0Nm35.0deg.csv,97200,True,-0.053092937397809056,0.01031771777794274,-0.0634106551757518,0.0634106551757518,3.8046393105451077,0.0634344449267658,0.0017371279022529104,0.9897618024150671,0.04076445461611042,0.040181107848367696,0.000583346767742722,0.00479012702639097,0,0.703125,0.0014933186018448502,0.010317488275586161,0.1861933326465739,1.0904367022838302,0.0004857140747565845,1.9552100462295865,2.6799965401056323,True
speed_200rpm__torque_700Nm__temperature_25degC,train,200.0,700.0,25.0,data/simplified_dataset/Test_25degree/200rpm/200.0rpm700.0Nm25.0deg.csv,97201,True,-0.054057188543008214,0.012526219870086409,-0.06658340841309462,0.06658340841309462,3.9950045047856775,0.06660056922977452,0.0015118021778753035,0.9922518264558353,0.040575124040566554,0.040209802441657685,0.00036532159890886873,0.004844664673736266,0,0.703125,0.0013362085187221225,0.015514512633183479,0.24790559301008175,1.014740214627015,1.0267132918058808,0.9327094299761347,2.2153483654863875,True
speed_200rpm__torque_700Nm__temperature_35degC,train,200.0,700.0,35.0,data/simplified_dataset/Test_35degree/200rpm/200.0rpm700.0Nm35.0deg.csv,97201,True,-0.05524846921311769,0.011892829425167811,-0.0671412986382855,0.0671412986382855,4.0284779182971295,0.06716236729916329,0.0016821410143861187,0.9904927644726059,0.04160783481775771,0.040733504075769714,0.0008743307419879984,0.00503453231505036,0,0.703125,0.0014116907355270895,0.014012995614023051,0.29248397334661114,1.0459659989453964,0.005166178715990002,1.345993565041756,2.524146888681749,True
speed_200rpm__torque_800Nm__temperature_25degC,train,200.0,800.0,25.0,data/simplified_dataset/Test_25degree/200rpm/200.0rpm800.0Nm25.0deg.csv,97201,True,-0.057769490055455994,0.01608055319584916,-0.07385004325130515,0.07385004325130515,4.431002595078309,0.07386803554844626,0.001630272237044819,0.9910072092706012,0.041873151782110894,0.03981463722881801,0.002058514553292881,0.0052393900850720475,0,0.703125,0.0014470947377571827,0.016016117457337574,0.345353644221271,1.1560468923113734,0.9522249828403091,0.8963439033214391,2.2629810291593473,True
speed_200rpm__torque_800Nm__temperature_30degC,train,200.0,800.0,30.0,data/simplified_dataset/Test_30degree/200rpm/200.0rpm800.0Nm30.0deg.csv,97200,True,-0.05208488170206607,0.024504434279301997,-0.07658931598136806,0.07658931598136806,4.595358958882084,0.07661301706069057,0.0019055342158618952,0.9876997393178601,0.041484156196828374,0.03986392949598524,0.001620226700843136,0.00607762936617167,0,0.703125,0.0015672683486237025,0.013644406509475692,0.3138964920412386,1.2373559975668844,0.08882030383859038,1.29588247845887,2.647015214446668,True
speed_200rpm__torque_800Nm__temperature_35degC,train,200.0,800.0,35.0,data/simplified_dataset/Test_35degree/200rpm/200.0rpm800.0Nm35.0deg.csv,97201,True,-0.05905095074474879,0.015925928546319024,-0.0749768792910678,0.0749768792910678,4.498612757464068,0.07499955743580852,0.001844230826059604,0.9885768646852199,0.04234763473588551,0.04128180845703832,0.0010658262788471873,0.005238189295532679,0,0.703125,0.0016313857541301576,0.016535596974647477,0.38495071367184,1.2913409995001237,0.08961068604436491,1.3575606286983466,2.5291751166107472,True
speed_200rpm__torque_900Nm__temperature_35degC,train,200.0,900.0,35.0,data/simplified_dataset/Test_35degree/200rpm/200.0rpm900.0Nm35.0deg.csv,97200,True,-0.060255624098517764,0.022913062822823377,-0.08316868692134113,0.08316868692134113,4.990121215280468,0.08319303459106962,0.002012590432960823,0.9863888129568054,0.043045749082902554,0.04143287122930116,0.0016128778536013966,0.0056680932274086335,0,0.703125,0.001726146247247038,0.013473295528572498,0.448539216369378,1.4339152384200964,0.24639925648072214,1.375444129684029,2.6539154730387917,True
speed_200rpm__torque_1000Nm__temperature_25degC,train,200.0,1000.0,25.0,data/simplified_dataset/Test_25degree/200rpm/200.0rpm1000.0Nm25.0deg.csv,97200,True,-0.059665973520882556,0.030585873449434375,-0.09025184697031693,0.09025184697031693,5.415110818219016,0.09026946729196939,0.0017834919743091077,0.9892360407326537,0.04280029523913292,0.041376263298298806,0.0014240319408341112,0.005090329411546102,0,0.703125,0.0015983378997662726,0.01826485938012701,0.43085819303399986,1.333791044485523,0.32806041335089714,0.9185663591810915,2.508749436576749,True
speed_200rpm__torque_1000Nm__temperature_35degC,train,200.0,1000.0,35.0,data/simplified_dataset/Test_35degree/200rpm/200.0rpm1000.0Nm35.0deg.csv,97200,True,-0.06689968422707493,0.023918425596094414,-0.09081810982316935,0.09081810982316935,5.449086589390161,0.09084092940436177,0.0020360214131956655,0.9860354758448382,0.04335557208359389,0.041570700162436795,0.0017848719211570954,0.005030864334002959,0,0.87890625,0.001776694460387446,0.020722953185995603,0.5229907844926092,1.5864881340650074,0.21141960612168803,1.3502638824952804,2.7222074635764546,True
speed_200rpm__torque_1100Nm__temperature_25degC,train,200.0,1100.0,25.0,data/simplified_dataset/Test_25degree/200rpm/200.0rpm1100.0Nm25.0deg.csv,97200,True,-0.0625873232821004,0.033609100515262814,-0.0961964237973632,0.0961964237973632,5.771785427841793,0.09621371094627951,0.0018237934785268735,0.9887374552587866,0.042896016551640444,0.041152298181229625,0.0017437183704108183,0.004941542529315276,0,0.52734375,0.001638425158363637,0.02013665535817559,0.5129526698452549,1.5417968397951078,0.05117358548396082,0.8430014390469103,2.2555203912655513,True
speed_200rpm__torque_1100Nm__temperature_30degC,train,200.0,1100.0,30.0,data/simplified_dataset/Test_30degree/200rpm/200.0rpm1100.0Nm30.0deg.csv,97201,True,-0.06416757859521158,0.03482365683214207,-0.09899123542735365,0.09899123542735365,5.939474125641219,0.09901396006967095,0.0021212254110856595,0.9848630038271885,0.04377651573358333,0.04210346047019661,0.001673055263386715,0.00576531170057244,0,0.87890625,0.001859107568771281,0.020338030506556685,0.5091624948288593,1.5229858250407577,0.32369978151703316,1.1525888574179137,2.7324028094462367,True
speed_200rpm__torque_1200Nm__temperature_25degC,train,200.0,1200.0,25.0,data/simplified_dataset/Test_25degree/200rpm/200.0rpm1200.0Nm25.0deg.csv,97200,True,-0.06575925447974604,0.03813056873736345,-0.10388982321710949,0.10388982321710949,6.233389393026569,0.10390971293480707,0.002032996338350783,0.986064299939321,0.04281241243627794,0.04187357622034031,0.0009388362159376273,0.00582592195643606,0,0.52734375,0.0018085434697748743,0.022498196219684026,0.5862098361025501,1.680886478713479,0.08554032137601185,0.8425996804617616,2.3941854919298544,True
speed_200rpm__torque_1200Nm__temperature_30degC,train,200.0,1200.0,30.0,data/simplified_dataset/Test_30degree/200rpm/200.0rpm1200.0Nm30.0deg.csv,97201,True,-0.06734919669418285,0.039093301514107476,-0.10644249820829033,0.10644249820829033,6.38654989249742,0.10646605761801957,0.002239642806693021,0.983130143085942,0.043262827727539505,0.04242055395450516,0.0008422737730343424,0.005774730311572461,0,0.52734375,0.0019269116473539705,0.024615914235840804,0.6229083620722149,1.8037630895953707,0.37443966702890596,1.109294667186572,2.766980363922191,True
speed_200rpm__torque_1200Nm__temperature_35degC,train,200.0,1200.0,35.0,data/simplified_dataset/Test_35degree/200rpm/200.0rpm1200.0Nm35.0deg.csv,97200,True,-0.07321574565479691,0.032638707316235124,-0.10585445297103203,0.10585445297103203,6.351267178261922,0.10588158290631407,0.00239674465686802,0.9807480603484567,0.044436191635734965,0.0416182332956401,0.0028179583400948643,0.0059021024838801185,0,-3.515625,0.002005042557708808,0.022508133343759708,0.6310835817538205,1.8502848265433502,0.43579724442244144,1.2890079471134497,3.0566926336782587,True
speed_200rpm__torque_1300Nm__temperature_25degC,train,200.0,1300.0,25.0,data/simplified_dataset/Test_25degree/200rpm/200.0rpm1300.0Nm25.0deg.csv,97200,True,-0.07703773904144409,0.03394571582452078,-0.11098345486596486,0.11098345486596486,6.6590072919578915,0.1110039966337846,0.0021354190894534884,0.984675918583633,0.04332911927129373,0.04286648256465423,0.0004626367066394993,0.005783016521523001,0,0.52734375,0.0018912280658856888,0.0232409009194521,0.6772818028102825,1.867553952675593,0.3578517483512127,0.8143821958326629,2.5176290711085265,True
speed_200rpm__torque_1300Nm__temperature_30degC,train,200.0,1300.0,30.0,data/simplified_dataset/Test_30degree/200rpm/200.0rpm1300.0Nm30.0deg.csv,97200,True,-0.07111602368438968,0.04270632996596326,-0.11382235365035295,0.11382235365035295,6.8293412190211775,0.11384867357359302,0.002447914206120489,0.9798923817965133,0.04500851219480723,0.04312445184072565,0.0018840603540815834,0.006569567292880817,0,0.87890625,0.0020309408026779278,0.025524230437943305,0.6984119148438142,1.874997782774202,0.5139930620917512,1.0706152367881463,2.878788418546322,True
speed_200rpm__torque_1300Nm__temperature_35degC,train,200.0,1300.0,35.0,data/simplified_dataset/Test_35degree/200rpm/200.0rpm1300.0Nm35.0deg.csv,97200,True,-0.0784411655968731,0.035131657068425665,-0.11357282266529876,0.11357282266529876,6.814369359917926,0.11360009142850674,0.002488920328514528,0.9792666050431349,0.044459237658914616,0.04334125596774917,0.0011179816911654483,0.0058683086145664975,0,-3.515625,0.0019604204836647845,0.02098141874576086,0.659949996094811,1.9224651034582643,0.6476541244822134,1.2582283960750358,3.136628963283686,True
speed_200rpm__torque_1400Nm__temperature_25degC,train,200.0,1400.0,25.0,data/simplified_dataset/Test_25degree/200rpm/200.0rpm1400.0Nm25.0deg.csv,97200,True,-0.07625679573515994,0.03925618734957409,-0.11551298308473402,0.11551298308473402,6.930778985084041,0.11553589932364378,0.002301037024713298,0.9822555930026992,0.04474091462454966,0.04243254545857735,0.00230836916597231,0.006941992011679108,0,0.3515625,0.001978837414230798,0.022430270407119916,0.7834372579468776,1.863155376385325,0.554911563639092,0.6457528565465553,2.422295415128063,True
speed_200rpm__torque_1400Nm__temperature_30degC,train,200.0,1400.0,30.0,data/simplified_dataset/Test_30degree/200rpm/200.0rpm1400.0Nm30.0deg.csv,97200,True,-0.07470801449121178,0.04652001471389304,-0.12122802920510482,0.12122802920510482,7.273681752306289,0.12125449113919567,0.0025330922745798005,0.9784627816150031,0.044510284626039766,0.04275623932293466,0.0017540453031051062,0.006470226763140913,0,5.2734375,0.0020678653092557754,0.02304595820528351,0.7562366327427787,2.033042644653077,0.5839295866330642,1.044293582671585,3.002624192732232,True
speed_200rpm__torque_1400Nm__temperature_35degC,train,200.0,1400.0,35.0,data/simplified_dataset/Test_35degree/200rpm/200.0rpm1400.0Nm35.0deg.csv,97200,True,-0.07367875447850765,0.046975492639225847,-0.1206542471177335,0.1206542471177335,7.23925482706401,0.12068426175281939,0.0026914099048495742,0.9757445785256502,0.044349544623694157,0.04395290126059802,0.00039664336309613857,0.0067707527034744025,0,5.2734375,0.0021290621992295523,0.026587504696671982,0.7747892703565536,2.079682883153702,0.48734369962319846,1.1709830482973842,3.06830420146578,True
speed_200rpm__torque_1500Nm__temperature_25degC,train,200.0,1500.0,25.0,data/simplified_dataset/Test_25degree/200rpm/200.0rpm1500.0Nm25.0deg.csv,97200,True,-0.08411411769451141,0.04124858164289836,-0.12536269933740976,0.12536269933740976,7.521761960244586,0.12538483665592773,0.002356030150885706,0.981440519138094,0.045129144896627484,0.04314450492540198,0.001984639971225506,0.006782653768790581,0,5.2734375,0.001983374037643842,0.028052852860889904,0.7583679910046566,1.9169503746931404,0.5456927589584013,0.6922051513593961,2.499360514579311,True
speed_200rpm__torque_1500Nm__temperature_30degC,train,200.0,1500.0,30.0,data/simplified_dataset/Test_30degree/200rpm/200.0rpm1500.0Nm30.0deg.csv,97200,True,-0.07817163883711613,0.050516855275578684,-0.1286884941126948,0.1286884941126948,7.721309646761688,0.12871680376571315,0.002699454513049287,0.9755631809289808,0.045422900922351676,0.042977019825373886,0.002445881096977791,0.007269233057631253,0,5.2734375,0.002107088095368632,0.031085905111280402,0.7872886399763588,2.1238126594671183,0.531858025860044,0.9938114961570843,2.9208773949813778,True
speed_200rpm__torque_1500Nm__temperature_35degC,train,200.0,1500.0,35.0,data/simplified_dataset/Test_35degree/200rpm/200.0rpm1500.0Nm35.0deg.csv,97200,True,-0.08501676174015271,0.04298000822401868,-0.1279967699641714,0.1279967699641714,7.679806197850284,0.12802810082280036,0.002832221571862548,0.9734409138252751,0.045126538380473626,0.04476132378183038,0.0003652145986432487,0.007188115125219903,0,5.2734375,0.0021201588591563225,0.02393899874261237,0.8258933102377153,2.249608770413117,0.42489629796978334,1.1340914864746745,3.0037461246647568,True
speed_200rpm__torque_1600Nm__temperature_25degC,train,200.0,1600.0,25.0,data/simplified_dataset/Test_25degree/200rpm/200.0rpm1600.0Nm25.0deg.csv,97200,True,-0.08778000201431385,0.045132703412859666,-0.1329127054271735,0.1329127054271735,7.974762325630411,0.13293572991222374,0.0024740701940523815,0.9795693236823797,0.04425030342725962,0.04328728899225738,0.0009630144350022407,0.006951455822202996,0,5.2734375,0.002100103520514506,0.027832235155679237,0.7749623592480471,2.1506442041734615,0.6023315136055739,0.6646116778337012,2.147984856804653,True
speed_200rpm__torque_1600Nm__temperature_30degC,train,200.0,1600.0,30.0,data/simplified_dataset/Test_30degree/200rpm/200.0rpm1600.0Nm30.0deg.csv,97200,True,-0.08230153458893369,0.053883319222048545,-0.13618485381098222,0.13618485381098222,8.171091228658934,0.13621385929764196,0.002810881932631155,0.9735207402946454,0.04510700633621336,0.04352897805009673,0.0015780282861166325,0.007050232051834109,0,5.2734375,0.0020627916270709004,0.02986179838182826,0.9158166901695286,2.303448890859876,0.6239583735363019,0.9826264948407215,2.749867041917155,True
speed_200rpm__torque_1600Nm__temperature_35degC,train,200.0,1600.0,35.0,data/simplified_dataset/Test_35degree/200rpm/200.0rpm1600.0Nm35.0deg.csv,97200,True,-0.0834172208952782,0.054533001204746565,-0.13795022210002478,0.13795022210002478,8.277013326001487,0.13798437582998713,0.003069885298342218,0.9685441144246382,0.04572923474598529,0.045406337416996276,0.0003228973289890122,0.007569108423345648,0,5.2734375,0.002201080054902418,0.025074867270444584,0.9216673398646611,2.3963937235277153,0.6385443489368594,1.1301787908560863,2.986566247505633,True
speed_200rpm__torque_1700Nm__temperature_25degC,train,200.0,1700.0,25.0,data/simplified_dataset/Test_25degree/200rpm/200.0rpm1700.0Nm25.0deg.csv,97200,True,-0.09183236245991362,0.0484712530929515,-0.14030361555286514,0.14030361555286514,8.418216933171909,0.14032782294887772,0.002606406792002442,0.9774119213710598,0.044963392437912156,0.04354183676959629,0.0014215556683158659,0.0071079013578655885,0,5.2734375,0.002039750797566983,0.03441197299138129,0.8800679468692664,2.19341917709941,0.7376646431412127,0.66911496482784,2.4373016827802454,True
speed_200rpm__torque_1700Nm__temperature_30degC,train,200.0,1700.0,30.0,data/simplified_dataset/Test_30degree/200rpm/200.0rpm1700.0Nm30.0deg.csv,97200,True,-0.0857875345034699,0.057507003732445924,-0.1432945382359158,0.1432945382359158,8.597672294154949,0.14332488836891571,0.0029493961615561968,0.9710815507287403,0.04589135532955109,0.045464314166237536,0.0004270411633135532,0.007528019846396939,0,5.2734375,0.0021990163815804402,0.034680417554205624,0.8363888535557447,2.276682621707494,0.6476620819585686,0.9330767330918714,2.785146846797732,True
speed_200rpm__torque_1800Nm__temperature_25degC,train,200.0,1800.0,25.0,data/simplified_dataset/Test_25degree/200rpm/200.0rpm1800.0Nm25.0deg.csv,97199,True,-0.09568504808040591,0.051973741133873486,-0.14765878921427938,0.14765878921427938,8.859527352856762,0.1476833804877659,0.0026949656894348435,0.9758613028990387,0.04564209453831658,0.04403651601400488,0.0016055785243117016,0.007026334808741179,0,5.2734375,0.002190969213560688,0.02442876178482621,0.9370837786147246,2.5064032129203717,0.7676814676597897,0.648819750070836,2.3693382822227416,True
speed_200rpm__torque_1800Nm__temperature_30degC,train,200.0,1800.0,30.0,data/simplified_dataset/Test_30degree/200rpm/200.0rpm1800.0Nm30.0deg.csv,97200,True,-0.08931859976204805,0.061304669988155834,-0.15062326975020388,0.15062326975020388,9.037396185012232,0.150654206947555,0.0030529789966593254,0.9690000238549615,0.04641565346263822,0.04477835301722073,0.0016373004454174889,0.007422114650034696,0,5.2734375,0.002170244035151535,0.029979032633068947,0.9885097731816217,2.2946274592771205,0.9994001851434586,0.8941136642141114,2.8030270184539745,True
speed_200rpm__torque_1800Nm__temperature_35degC,train,200.0,1800.0,35.0,data/simplified_dataset/Test_35degree/200rpm/200.0rpm1800.0Nm35.0deg.csv,97200,True,-0.09661761658959717,0.05354913034619578,-0.15016674693579296,0.15016674693579296,9.010004816147578,0.15020437226959787,0.0033617798300105213,0.9628313673333143,0.04710855563241695,0.04642712675456562,0.0006814288778513311,0.008330980412338944,0,5.2734375,0.002280337446801869,0.03491730446308619,1.0410991704934887,2.4384264893632976,0.7572243775269842,1.0190538145566361,2.961352974383426,True
speed_300rpm__torque_0Nm__temperature_25degC,train,300.0,0.0,25.0,data/simplified_dataset/Test_25degree/300rpm/300.0rpm0.0Nm25.0deg.csv,64800,True,-0.024885658392016966,-0.016429579640025345,-0.00845607875199162,0.00845607875199162,0.5073647251194973,0.00850611006492103,0.000921216899902898,0.9975224134653422,0.038185697711301765,0.03889626876438772,-0.0007105710530859524,0.0020412809077356825,0,0.17578125,0.000912711910618062,0.013877619019421934,0.05123873950463187,0.45583178785791234,0.04987520659694294,2.6634258456258437,0.9725761259949185,True
speed_300rpm__torque_0Nm__temperature_30degC,train,300.0,0.0,30.0,data/simplified_dataset/Test_30degree/300rpm/300.0rpm0.0Nm30.0deg.csv,64800,True,-0.025670225244279646,-0.018497328280718817,-0.00717289696356083,0.00717289696356083,0.4303738178136498,0.007257231784674843,0.00110316015457171,0.9963768949425565,0.039038114764654915,0.038724444893371124,0.0003136698712837907,0.002313750108730869,0,0.3515625,0.0010968484135599895,0.013896205878436593,0.06803883086037588,0.4663947027912094,0.1648401908463713,2.690995555395503,1.192712503826035,True
speed_300rpm__torque_0Nm__temperature_35degC,train,300.0,0.0,35.0,data/simplified_dataset/Test_35degree/300rpm/300.0rpm0.0Nm35.0deg.csv,64800,True,-0.025694782365836503,-0.018535692126621386,-0.007159090239215116,0.007159090239215116,0.429545414352907,0.007253903626830371,0.001168993059909961,0.9960569820721649,0.03810779697347266,0.03916475501524464,-0.0010569580417719784,0.00252050338246297,0,0.17578125,0.0011528747199563581,0.009997663280162323,0.10105941239873184,0.4117693565422358,0.2801691894902167,2.4582641167587562,1.454624054002322,True
speed_300rpm__torque_100Nm__temperature_25degC,train,300.0,100.0,25.0,data/simplified_dataset/Test_25degree/300rpm/300.0rpm100.0Nm25.0deg.csv,64800,True,-0.024782120979380033,-0.005510795393001003,-0.01927132558637903,0.01927132558637903,1.156279535182742,0.019289199316713867,0.0008301930038777919,0.9977046845839054,0.038367760168475526,0.03788483957647952,0.00048292059199600557,0.0018165565405278321,0,0.17578125,0.0007819890279383838,0.02134681652168427,0.05334348667298805,0.10552267678133576,0.035531154140702154,2.453280328080507,1.1359804985135322,True
speed_300rpm__torque_100Nm__temperature_30degC,train,300.0,100.0,30.0,data/simplified_dataset/Test_30degree/300rpm/300.0rpm100.0Nm30.0deg.csv,64800,True,-0.024838397631563505,-0.004570518470475014,-0.020267879161088492,0.020267879161088492,1.2160727496653094,0.020286386074761468,0.0008663338189121594,0.9974931904406672,0.03901706747919507,0.03791368344103167,0.001103384038163395,0.0017289077553923255,0,0.17578125,0.0008500735057833523,0.019299445888490918,0.03353861218282406,0.028418836609289455,0.202392247542137,2.747137769452256,1.5985489747137491,True
speed_300rpm__torque_200Nm__temperature_25degC,train,300.0,200.0,25.0,data/simplified_dataset/Test_25degree/300rpm/300.0rpm200.0Nm25.0deg.csv,64800,True,-0.03512994124765978,-0.007590898996339586,-0.027539042251320194,0.027539042251320194,1.6523425350792116,0.02755178254265742,0.0008377787046013771,0.9976682260282883,0.03837134217677868,0.037308915110478055,0.0010624270663006224,0.0015280652418423887,0,0.17578125,0.0008358598441453569,0.014949164536699588,0.10721069729669129,0.1613676430383939,0.9750416359938106,1.4113807474677644,1.1800196931637017,True
speed_300rpm__torque_200Nm__temperature_35degC,train,300.0,200.0,35.0,data/simplified_dataset/Test_35degree/300rpm/300.0rpm200.0Nm35.0deg.csv,64801,True,-0.02815533589023734,-0.00025863025402911907,-0.02789670563620822,0.02789670563620822,1.6738023381724931,0.027913630528860273,0.0009718970873856828,0.9969148126965576,0.03893571224019044,0.03769749211007087,0.001238220130119573,0.0020385969838651015,0,-0.17578125,0.000869510925123751,0.016051269340581223,0.05887238673138895,0.10195641047497328,0.09932788148616542,2.6073812633727416,1.9591307721691429,True
speed_300rpm__torque_300Nm__temperature_25degC,train,300.0,300.0,25.0,data/simplified_dataset/Test_25degree/300rpm/300.0rpm300.0Nm25.0deg.csv,64801,True,-0.032200186746339045,0.0033123782608219647,-0.03551256500716101,0.03551256500716101,2.1307539004296605,0.035528946762963094,0.0010787885323960869,0.9961174750125574,0.03875967352019851,0.03778385381590939,0.0009758197042891228,0.00190813316752161,0,1.23046875,0.0010505525416347394,0.017123260501690312,0.05416748657146253,0.3471563143642256,1.1191592872531821,1.1629502734584078,1.9224766221354779,True
speed_300rpm__torque_300Nm__temperature_30degC,train,300.0,300.0,30.0,data/simplified_dataset/Test_30degree/300rpm/300.0rpm300.0Nm30.0deg.csv,64800,True,-0.04059678355505252,-0.002973806806030185,-0.03762297674902234,0.03762297674902234,2.2573786049413402,0.03763559527196281,0.0009745009068822326,0.9968767166157245,0.03985119290354185,0.038516210053187894,0.0013349828503539593,0.001921611263492025,0,0.0,0.0009745009068822326,0.015228727660597952,0.025501686115705358,0.3298928225579829,0.042219007503182665,2.0314148791127864,2.1203530091524496,True
speed_300rpm__torque_300Nm__temperature_35degC,train,300.0,300.0,35.0,data/simplified_dataset/Test_35degree/300rpm/300.0rpm300.0Nm35.0deg.csv,64800,True,-0.033390390611427984,0.00338750737091167,-0.03677789798233965,0.03677789798233965,2.206673878940379,0.03679173620551243,0.0010089960439125796,0.9966498455877302,0.03974993081857822,0.03783150510642934,0.001918425712148883,0.0020002500176243645,0,-0.3515625,0.0010086795529419758,0.018011526665143034,0.048839327524472065,0.3358652866117591,0.0050038974177706586,2.1491541617910843,2.0912317524978743,True
speed_300rpm__torque_400Nm__temperature_25degC,train,300.0,400.0,25.0,data/simplified_dataset/Test_25degree/300rpm/300.0rpm400.0Nm25.0deg.csv,64800,True,-0.035770605339468006,0.007418296195819516,-0.043188901535287524,0.043188901535287524,2.5913340921172514,0.04319951910087378,0.0009577237190328018,0.9969329725883633,0.038928583607183195,0.03744305431847339,0.0014855292887098054,0.0018448996554893398,0,-0.17578125,0.0009569113690779347,0.018304974653157405,0.0006317245902953683,0.4958493283413721,1.086690227071944,1.0704603543887572,1.769848599337143,True
speed_300rpm__torque_400Nm__temperature_30degC,train,300.0,400.0,30.0,data/simplified_dataset/Test_30degree/300rpm/300.0rpm400.0Nm30.0deg.csv,64800,True,-0.04446267488509471,0.0010174544672609713,-0.04548012935235569,0.04548012935235569,2.7288077611413413,0.0454931151752951,0.001086904984651516,0.9960833772587115,0.03983155401627875,0.03806815404146177,0.001763399974816976,0.0021299521242949654,0,0.87890625,0.0010733338061919967,0.017310643397267636,0.03840870440975208,0.48623481727295825,0.005136206678325317,1.766665861575329,2.2247431603338086,True
speed_300rpm__torque_400Nm__temperature_35degC,train,300.0,400.0,35.0,data/simplified_dataset/Test_35degree/300rpm/300.0rpm400.0Nm35.0deg.csv,64800,True,-0.044159800678422324,0.0001022741080710151,-0.04426207478649334,0.04426207478649334,2.6557244871896004,0.04427510356168653,0.0010740256016211205,0.996185099768712,0.0401423619305111,0.038758272805023,0.0013840891254880971,0.0021558329142272563,0,-0.3515625,0.0010716891129919804,0.015042946663889086,0.010707360789640852,0.4949342233708278,0.04256195871054905,1.8194979177964612,2.185282399030768,True
speed_300rpm__torque_500Nm__temperature_30degC,train,300.0,500.0,30.0,data/simplified_dataset/Test_30degree/300rpm/300.0rpm500.0Nm30.0deg.csv,64800,True,-0.04811512568427598,0.0051609480961215684,-0.053276073780397545,0.053276073780397545,3.1965644268238527,0.053289074299384794,0.0011770311087604985,0.9954086653243489,0.040341973764567246,0.03852229427921955,0.0018196794853476972,0.0022582824043022327,0,0.87890625,0.0011593802862003215,0.01795150460445055,0.11304101109265607,0.6981325916828585,0.04517581347134697,1.6086877844872607,2.424150109975592,True
speed_300rpm__torque_500Nm__temperature_35degC,train,300.0,500.0,35.0,data/simplified_dataset/Test_35degree/300rpm/300.0rpm500.0Nm35.0deg.csv,64800,True,-0.04080810975798799,0.011132402342972345,-0.05194051210096033,0.05194051210096033,3.11643072605762,0.05195545393924095,0.001245952134947439,0.9947758597197831,0.04017709568219428,0.0387522938079336,0.001424801874260681,0.002479031189294517,0,0.87890625,0.0011618211351782097,0.022866752973611307,0.1688603180042254,0.6669618214846922,0.04353047050802315,1.6575725413953,2.3245521170984365,True
speed_300rpm__torque_600Nm__temperature_25degC,train,300.0,600.0,25.0,data/simplified_dataset/Test_25degree/300rpm/300.0rpm600.0Nm25.0deg.csv,64800,True,-0.04242416042269212,0.015593200928816327,-0.05801736135150845,0.05801736135150845,3.481041681090507,0.058029238905462285,0.001174031411722636,0.9953501244424677,0.03975566621459806,0.03804047082884691,0.001715195385751149,0.0025462447499800824,0,0.87890625,0.0011637069136066734,0.018044913746639964,0.17175093879969028,0.8789413096528247,1.0527362904156434,0.8326559103596225,2.2509048613622644,True
speed_300rpm__torque_600Nm__temperature_30degC,train,300.0,600.0,30.0,data/simplified_dataset/Test_30degree/300rpm/300.0rpm600.0Nm30.0deg.csv,64800,True,-0.05197154500827589,0.008867587229413179,-0.06083913223768907,0.06083913223768907,3.650347934261344,0.060852264380062554,0.0012641474383997418,0.9946048888391644,0.04016113420587705,0.03888253354064509,0.0012786006652319645,0.00248100292263652,0,0.87890625,0.0012075031800396127,0.015435711652336941,0.2297946411568843,0.8943040177022292,0.045323584439499714,1.4661750536318952,2.4143081247720253,True
speed_300rpm__torque_600Nm__temperature_35degC,train,300.0,600.0,35.0,data/simplified_dataset/Test_35degree/300rpm/300.0rpm600.0Nm35.0deg.csv,64800,True,-0.04505853638531635,0.014686379507823904,-0.05974491589314025,0.05974491589314025,3.584694953588415,0.05976003260378224,0.0013440690929832557,0.9938939530790519,0.04039800713542046,0.03880980542950255,0.0015882017059179118,0.0027008907205787725,0,0.87890625,0.001246050033942753,0.017450834976923894,0.15264851373796542,0.9345209939601073,0.032975893909390666,1.5632254834658053,2.3660909324033,True
speed_300rpm__torque_700Nm__temperature_25degC,train,300.0,700.0,25.0,data/simplified_dataset/Test_25degree/300rpm/300.0rpm700.0Nm25.0deg.csv,64800,True,-0.04693185743293309,0.018383697117874465,-0.06531555455080756,0.06531555455080756,3.918933273048454,0.06532837826434414,0.001294349400167628,0.9943622051186694,0.03980456817918111,0.038389360884734464,0.0014152072944466493,0.002828641643312597,0,0.87890625,0.0012619774743038155,0.01732522901766013,0.24578751567379875,1.0730639967318893,1.112565351511039,0.8415515409448278,2.5930064639430572,True
speed_300rpm__torque_700Nm__temperature_30degC,train,300.0,700.0,30.0,data/simplified_dataset/Test_30degree/300rpm/300.0rpm700.0Nm30.0deg.csv,64800,True,-0.055882790080943844,0.012535495778960317,-0.06841828585990416,0.06841828585990416,4.10509715159425,0.0684334455836141,0.001440359135045655,0.9929916564749433,0.040836152314234514,0.039348561130942775,0.0014875911832917393,0.002888609091982167,0,0.87890625,0.00133759219771211,0.017734528687292594,0.30190027076062664,1.0920421392128767,0.04424774488964443,1.4018656158106553,2.4593480955905793,True
speed_300rpm__torque_700Nm__temperature_35degC,train,300.0,700.0,35.0,data/simplified_dataset/Test_35degree/300rpm/300.0rpm700.0Nm35.0deg.csv,64800,True,-0.047849354484423255,0.01949550424837662,-0.06734485873279988,0.06734485873279988,4.040691523967993,0.06736118028234442,0.0014827714893857337,0.992582627056571,0.04049460008377423,0.039273282470991155,0.0012213176127830738,0.002978080239422684,0,0.87890625,0.0013427631015642883,0.015053486929542462,0.2758027499007576,1.1767256773172636,0.011330898912381886,1.4738457736603405,2.462958667470446,True
speed_300rpm__torque_800Nm__temperature_30degC,train,300.0,800.0,30.0,data/simplified_dataset/Test_30degree/300rpm/300.0rpm800.0Nm30.0deg.csv,64800,True,-0.05803149975518193,0.014979014984864978,-0.07301051474004691,0.07301051474004691,4.380630884402815,0.07302351716271528,0.0013779681443219156,0.99361430285183,0.040492429022476524,0.0398042957211683,0.0006881333013082219,0.0029869172815438464,0,0.87890625,0.0013493239963886811,0.02062604757325228,0.3297962864683941,1.1938531862022386,0.09864196783516084,0.8919133467994238,2.3254916331017728,True
speed_300rpm__torque_800Nm__temperature_35degC,train,300.0,800.0,35.0,data/simplified_dataset/Test_35degree/300rpm/300.0rpm800.0Nm35.0deg.csv,64800,True,-0.05154285864161461,0.023378694863141675,-0.0749215535047563,0.0749215535047563,4.495293210285378,0.07493959429022734,0.0016442666504600284,0.9908722083815255,0.04140087472596293,0.040409608393515706,0.000991266332447227,0.003447355111230163,0,0.87890625,0.0014337903408530573,0.012984365606732395,0.3816728586861373,1.3213318466517798,0.09615941048587823,1.3867802426827875,2.4762951766195362,True
speed_300rpm__torque_900Nm__temperature_25degC,train,300.0,900.0,25.0,data/simplified_dataset/Test_25degree/300rpm/300.0rpm900.0Nm25.0deg.csv,64800,True,-0.06079910401090338,0.01905505139047331,-0.07985415540137669,0.07985415540137669,4.791249324082601,0.07986771383274407,0.0014715902968831694,0.9926810854374746,0.04012260671882878,0.03944856921782333,0.0006740375010054478,0.003394874403352643,0,0.52734375,0.0013881770071486616,0.02000530994332069,0.42941614168655184,1.4161546201873447,1.0581544600276294,0.7846005812915393,2.4223473170219507,True
speed_300rpm__torque_900Nm__temperature_30degC,train,300.0,900.0,30.0,data/simplified_dataset/Test_30degree/300rpm/300.0rpm900.0Nm30.0deg.csv,64800,True,-0.062262236848063555,0.01801313833647533,-0.0802753751845389,0.0802753751845389,4.816522511072334,0.08029007361986115,0.0015362489590692659,0.9920452602020533,0.04156678379838371,0.04011665753488208,0.0014501262635016263,0.00338218882537146,0,0.87890625,0.0014483851953786355,0.02289269733767735,0.4435479534682684,1.417821159430459,0.14643403752913836,0.9090004983762707,2.251574639634607,True
speed_300rpm__torque_900Nm__temperature_35degC,train,300.0,900.0,35.0,data/simplified_dataset/Test_35degree/300rpm/300.0rpm900.0Nm35.0deg.csv,64800,True,-0.0601898095602747,0.018016554086944334,-0.07820636364721903,0.07820636364721903,4.692381818833142,0.07822147214222777,0.0015373318367389707,0.9920364311284058,0.04125097055902481,0.040343582876969944,0.0009073876820548665,0.0036915763278110945,0,0.87890625,0.001482985994158051,0.01531463375709418,0.4549240499525449,1.4058439768752926,0.17275956842302387,0.8065856293359355,2.27470069531129,True
speed_300rpm__torque_1000Nm__temperature_30degC,train,300.0,1000.0,30.0,data/simplified_dataset/Test_30degree/300rpm/300.0rpm1000.0Nm30.0deg.csv,64800,True,-0.06466689643115517,0.023044211258880294,-0.08771110769003546,0.08771110769003546,5.2626664614021275,0.08772684203938266,0.0016614457528921754,0.9906998000079339,0.04139117010810951,0.04085867436122932,0.0005324957468801905,0.003820973995015168,0,0.87890625,0.0015361597713717129,0.017816127154586706,0.4961663765148867,1.5073319484527772,0.2726022739235836,0.9256607779218733,2.419684485492011,True
speed_300rpm__torque_1000Nm__temperature_35degC,train,300.0,1000.0,35.0,data/simplified_dataset/Test_35degree/300rpm/300.0rpm1000.0Nm35.0deg.csv,64800,True,-0.0577163847649213,0.02969948485912817,-0.08741586962404947,0.08741586962404947,5.244952177442968,0.08743377435122882,0.0017693601026310861,0.9894231779719623,0.0415760355682045,0.040457064069607564,0.001118971498596938,0.004076307012682352,0,0.87890625,0.0015834697733932656,0.017845903998462333,0.5168535660679876,1.6220732420355402,0.1544024728267166,0.9935558655508518,2.3947170867621046,True
speed_300rpm__torque_1200Nm__temperature_30degC,train,300.0,1200.0,30.0,data/simplified_dataset/Test_30degree/300rpm/300.0rpm1200.0Nm30.0deg.csv,64800,True,-0.07402126283501971,0.029642314787797802,-0.10366357762281751,0.10366357762281751,6.219814657369051,0.10368180274448566,0.0019439379579917985,0.9872861389183292,0.04260670338826082,0.041407861843309884,0.0011988415449509376,0.004335063745671729,0,0.87890625,0.0016912133767749604,0.023941839293375736,0.5458823836028293,1.8713316857748612,0.33638080416361527,0.952777553424155,2.5043645469993407,True
speed_300rpm__torque_1200Nm__temperature_35degC,train,300.0,1200.0,35.0,data/simplified_dataset/Test_35degree/300rpm/300.0rpm1200.0Nm35.0deg.csv,64800,True,-0.06834331838857355,0.03513510646950422,-0.10347842485807776,0.10347842485807776,6.2087054914846656,0.10349965410449805,0.0020961843053243926,0.9852478007519746,0.0423592608450651,0.0417483616614025,0.0006108991836625971,0.00456086739511873,0,0.87890625,0.0017642543639737036,0.02237212509964673,0.635010869818609,1.9584849520774377,0.16307881634936106,1.0717887516200224,2.546604338924396,True
speed_300rpm__torque_1300Nm__temperature_25degC,train,300.0,1300.0,25.0,data/simplified_dataset/Test_25degree/300rpm/300.0rpm1300.0Nm25.0deg.csv,64800,True,-0.0760376493575255,0.033580838795477054,-0.10961848815300254,0.10961848815300254,6.577109289180153,0.109638310504599,0.0020847506692418367,0.9854144241814821,0.04228081152725618,0.041689299832695405,0.0005915116945607729,0.004726213197995833,0,0.703125,0.0017152073029353624,0.02494105551218947,0.6665190642150802,2.0137118595695096,0.10751292915933497,0.8407970111458818,2.373683558507729,True
speed_300rpm__torque_1300Nm__temperature_30degC,train,300.0,1300.0,30.0,data/simplified_dataset/Test_30degree/300rpm/300.0rpm1300.0Nm30.0deg.csv,64800,True,-0.07760675909071946,0.03381785821768333,-0.11142461730840278,0.11142461730840278,6.685477038504167,0.1114447002282558,0.002115624409431561,0.9849948748230195,0.04253073262155586,0.042206377087188336,0.00032435553436752085,0.004716848124996539,0,0.703125,0.0017752579885739407,0.025919452052500604,0.640557758789275,1.8960121729374781,0.46915349525190186,0.9390798545851903,2.4853753954254665,True
speed_300rpm__torque_1300Nm__temperature_35degC,train,300.0,1300.0,35.0,data/simplified_dataset/Test_35degree/300rpm/300.0rpm1300.0Nm35.0deg.csv,64800,True,-0.06983734092490224,0.041524910326618536,-0.11136225125152077,0.11136225125152077,6.681735075091247,0.1113846381878122,0.0022330742090206,0.9832868410561705,0.04308887540351473,0.04238083302271055,0.0007080423808041789,0.004919403316681904,0,0.87890625,0.001838896047321025,0.024665312205509507,0.6891198724783973,1.9838083864988367,0.5099469081250044,1.0712446542634622,2.6015830073523536,True
speed_300rpm__torque_1400Nm__temperature_25degC,train,300.0,1400.0,25.0,data/simplified_dataset/Test_25degree/300rpm/300.0rpm1400.0Nm25.0deg.csv,64800,True,-0.07293963094611819,0.04335036417050521,-0.1162899951166234,0.1162899951166234,6.977399706997404,0.11630777370594064,0.0020335339210354494,0.9861913675580662,0.04284456971006184,0.04136072242952756,0.0014838472805342798,0.004919822629374783,0,0.703125,0.001784380863790517,0.02753570519902393,0.7042778055742853,2.143705808485364,0.23508395221810816,0.6148796150902659,2.3891205484701037,True
speed_300rpm__torque_1400Nm__temperature_35degC,train,300.0,1400.0,35.0,data/simplified_dataset/Test_35degree/300rpm/300.0rpm1400.0Nm35.0deg.csv,64800,True,-0.07464155426058094,0.04406168153659743,-0.11870323579717837,0.11870323579717837,7.122194147830702,0.11872651475216991,0.0023509820238977013,0.9814301147030802,0.043243428655590714,0.04229228056152527,0.0009511480940654418,0.005146708301698299,0,5.44921875,0.0018883293951919321,0.03037315398909656,0.7306107968330393,2.104155337913755,0.3624066382629949,1.045362913301108,2.7052097042311725,True
speed_300rpm__torque_1500Nm__temperature_25degC,train,300.0,1500.0,25.0,data/simplified_dataset/Test_25degree/300rpm/300.0rpm1500.0Nm25.0deg.csv,64800,True,-0.07817022056392846,0.04596921565296755,-0.124139436216896,0.124139436216896,7.448366173013761,0.12415843350531817,0.0021718623910655026,0.9842332308649362,0.043132616264553836,0.04227427210685111,0.0008583441577027229,0.005215309046088256,0,0.703125,0.0019016569612342789,0.025784840458315673,0.7801182808627619,2.2664776228022,0.3850591933341805,0.6315894105181243,2.3505756531869886,True
speed_300rpm__torque_1500Nm__temperature_30degC,train,300.0,1500.0,30.0,data/simplified_dataset/Test_30degree/300rpm/300.0rpm1500.0Nm30.0deg.csv,64801,True,-0.0849826342322625,0.041289234263815706,-0.12627186849607822,0.12627186849607822,7.576312109764693,0.12629416698157422,0.002373149822256987,0.9811534313431184,0.043781088196870974,0.042534338019868424,0.0012467501770025494,0.0053166142736390375,0,5.2734375,0.0019168716915235996,0.023731456382083047,0.7682353497148136,2.313417778650512,0.5591037451198385,0.8892814797741457,2.6028902336621207,True
speed_300rpm__torque_1500Nm__temperature_35degC,train,300.0,1500.0,35.0,data/simplified_dataset/Test_35degree/300rpm/300.0rpm1500.0Nm35.0deg.csv,64800,True,-0.07676102000950286,0.04941120945360347,-0.12617222946310633,0.12617222946310633,7.57033376778638,0.1261978433318508,0.0025424739761893828,0.9783370347961465,0.04432491480806217,0.04287171126898531,0.0014532035390768597,0.0054930926516292425,0,5.44921875,0.001951070345395883,0.0313245780589456,0.8099523177210572,2.2039864989169944,0.635753571776642,1.019616217251444,2.633511497289003,True
speed_300rpm__torque_1600Nm__temperature_25degC,train,300.0,1600.0,25.0,data/simplified_dataset/Test_25degree/300rpm/300.0rpm1600.0Nm25.0deg.csv,64800,True,-0.08289276981515015,0.048744945503277404,-0.13163771531842755,0.13163771531842755,7.898262919105653,0.13165812188449535,0.002317965465070748,0.9821365654263141,0.04366400308877044,0.042504436400966024,0.0011595666878044184,0.005552029423121102,0,5.09765625,0.0019308239170287506,0.02893333061579497,0.7927019986859686,2.446723907907809,0.3835058339168593,0.6406206245780852,2.432580411236866,True
speed_300rpm__torque_1600Nm__temperature_30degC,train,300.0,1600.0,30.0,data/simplified_dataset/Test_30degree/300rpm/300.0rpm1600.0Nm30.0deg.csv,64800,True,-0.07911130961091198,0.05176167592440119,-0.13087298553531318,0.13087298553531318,7.852379132118791,0.13089626248136227,0.0024684385071125684,0.9797096892819172,0.04484540324952242,0.04243174231259973,0.0024136609369226902,0.005638456849959257,0,5.2734375,0.0019338827307796148,0.035024931643235606,0.8818772206349836,2.404539709341119,0.6620069495498768,0.7851159149387761,2.358546436460247,True
speed_300rpm__torque_1600Nm__temperature_35degC,train,300.0,1600.0,35.0,data/simplified_dataset/Test_35degree/300rpm/300.0rpm1600.0Nm35.0deg.csv,64801,True,-0.08723918068023195,0.04597229957607691,-0.13321148025630886,0.13321148025630886,7.992688815378531,0.1332372609660412,0.002620923054192001,0.9770186813251812,0.04541429657727469,0.04272746855776672,0.002686828019507974,0.005770964376440049,0,5.2734375,0.002014305876660412,0.0252784819532772,0.8211909103136888,2.4331522420541822,0.6360057793925908,0.974619434746741,2.6578934357706268,True
speed_300rpm__torque_1700Nm__temperature_25degC,train,300.0,1700.0,25.0,data/simplified_dataset/Test_25degree/300rpm/300.0rpm1700.0Nm25.0deg.csv,64801,True,-0.08817886176728067,0.05083112952324266,-0.13900999129052333,0.13900999129052333,8.3405994774314,0.1390312328446724,0.0024302320296924326,0.980390153400466,0.04452985933174115,0.04296682816727766,0.0015630311644634909,0.0058480385096652985,0,5.09765625,0.0019919726795404567,0.025085514589033343,0.8087837181702568,2.5112024254601524,0.5728054569595158,0.6215801855717178,2.414107266628346,True
speed_300rpm__torque_1700Nm__temperature_30degC,train,300.0,1700.0,30.0,data/simplified_dataset/Test_30degree/300rpm/300.0rpm1700.0Nm30.0deg.csv,64800,True,-0.09187509704131412,0.04861346992513193,-0.14048856696644604,0.14048856696644604,8.429314017986762,0.14051253443238665,0.002595165568329616,0.9775754007611605,0.04587578292501848,0.04355267184796491,0.0023231110770535746,0.005952084071644844,0,5.2734375,0.0020070614012316543,0.028735514290119425,0.9025895212014321,2.4759429996779674,0.6348542697818117,0.7897245484018942,2.4186889597250576,True
speed_300rpm__torque_1700Nm__temperature_35degC,train,300.0,1700.0,35.0,data/simplified_dataset/Test_35degree/300rpm/300.0rpm1700.0Nm35.0deg.csv,64800,True,-0.08398110593176059,0.056535420750311066,-0.14051652668207165,0.14051652668207165,8.4309916009243,0.14054477576821084,0.0028177517533147065,0.9736073495981644,0.045556030039350166,0.043413966015430586,0.0021420640239195807,0.0060893797671658515,0,5.2734375,0.002067963020156764,0.026679037049467173,0.9225632887979424,2.4926700982492975,0.7318219631089737,0.9499716899857691,2.583642970296999,True
speed_300rpm__torque_1800Nm__temperature_25degC,train,300.0,1800.0,25.0,data/simplified_dataset/Test_25degree/300rpm/300.0rpm1800.0Nm25.0deg.csv,64800,True,-0.08859938858720467,0.05772433703077649,-0.14632372561798118,0.14632372561798118,8.779423537078872,0.14634633414522435,0.0025723217177139224,0.9780739649396294,0.04592504755261584,0.043271434969415795,0.0026536125832000435,0.006107598934256895,0,5.09765625,0.002034260488296542,0.035703090642950616,0.845700979959917,2.7161822654754952,0.5651682636724515,0.6197017317268236,2.30769874863546,True
speed_300rpm__torque_1800Nm__temperature_30degC,train,300.0,1800.0,30.0,data/simplified_dataset/Test_30degree/300rpm/300.0rpm1800.0Nm30.0deg.csv,64800,True,-0.09580772555481819,0.052301331212449814,-0.148109056767268,0.148109056767268,8.886543406036079,0.14813415591860213,0.0027268027480755095,0.9753186456218104,0.045930486001533016,0.042924583038163,0.0030059029633700135,0.0061467095635423545,0,5.2734375,0.002040444648544904,0.029188557228298356,0.9124757963715033,2.5959037146162203,0.6185401062209683,0.7792049789857194,2.300722435188421,True
speed_300rpm__torque_1800Nm__temperature_35degC,train,300.0,1800.0,35.0,data/simplified_dataset/Test_35degree/300rpm/300.0rpm1800.0Nm35.0deg.csv,64800,True,-0.09130802076530398,0.057277228113621695,-0.14858524887892566,0.14858524887892566,8.91511493273554,0.14861429368997012,0.0029380443421441675,0.9714064895830125,0.04614346726930538,0.044162775784029766,0.001980691485275611,0.006387047144544725,0,5.2734375,0.0020623794374660456,0.03687105483965324,0.8994805215524809,2.4074463546057943,0.698408142781917,0.9272148874253492,2.729284483394197,True
speed_400rpm__torque_0Nm__temperature_25degC,train,400.0,0.0,25.0,data/simplified_dataset/Test_25degree/400rpm/400.0rpm0.0Nm25.0deg.csv,48600,True,-0.025827106646775205,-0.017188481804739694,-0.008638624842035512,0.008638624842035512,0.5183174905221307,0.008682557859444686,0.0008723369883087865,0.9976963377470468,0.03820704192067918,0.03853201138056447,-0.000324969459885284,0.002145851901759153,0,0.52734375,0.0008640898691633549,0.01194303935202794,0.008178822442139968,0.4344049800510008,0.0302383791687027,2.446176499152779,0.8941600840892396,True
speed_400rpm__torque_100Nm__temperature_30degC,train,400.0,100.0,30.0,data/simplified_dataset/Test_30degree/400rpm/400.0rpm100.0Nm30.0deg.csv,48600,True,-0.029089064145414525,-0.00932710473385956,-0.019761959411554966,0.019761959411554966,1.185717564693298,0.019780837709636474,0.0008640027262864891,0.9975099351843236,0.03826835500136801,0.038493376745107735,-0.00022502174373972839,0.0024819845606458167,0,0.0,0.0008640027262864891,0.02100799349356261,0.0523618493458986,0.03758263689761354,0.2685119918935457,3.0786928820661905,1.2779090835652704,True
speed_400rpm__torque_100Nm__temperature_35degC,train,400.0,100.0,35.0,data/simplified_dataset/Test_35degree/400rpm/400.0rpm100.0Nm35.0deg.csv,48600,True,-0.030261922819526568,-0.01246095576881968,-0.017800967050706887,0.017800967050706887,1.0680580230424133,0.01782146443557191,0.0008544979157388961,0.9975648716857773,0.03861844312244859,0.037949040368336226,0.0006694027541123623,0.002256495992696291,0,0.0,0.0008544979157388961,0.019433305770224205,0.016521412319904227,0.22527599860601621,0.09986033623323198,1.7482869207507008,1.1325375687229227,True
speed_400rpm__torque_200Nm__temperature_35degC,train,400.0,200.0,35.0,data/simplified_dataset/Test_35degree/400rpm/400.0rpm200.0Nm35.0deg.csv,48600,True,-0.034811891991803096,-0.007763541565847024,-0.02704835042595607,0.02704835042595607,1.6229010255573644,0.027066583055041206,0.0009933063526049155,0.9967549958469529,0.03936983075669516,0.037655222885480406,0.001714607871214753,0.003482745066568012,0,-0.17578125,0.0009020696242722566,0.018236661303187716,0.029057876019551676,0.16614445275523626,0.10349865711484357,2.061316370356792,1.7223973850306578,True
speed_400rpm__torque_300Nm__temperature_30degC,train,400.0,300.0,30.0,data/simplified_dataset/Test_30degree/400rpm/400.0rpm300.0Nm30.0deg.csv,48600,True,-0.03652895991912343,0.00037980254217728424,-0.03690876246130072,0.03690876246130072,2.214525747678043,0.03693089960186748,0.0012785143638206157,0.9945222290657975,0.03996293962231262,0.03875113757262849,0.0012118020496841297,0.005079580571591364,0,-0.17578125,0.0012734351764028553,0.015939534377680604,0.049432416492150466,0.28037692277763604,0.07019409438803963,1.8029762150374065,2.034621004643516,True
speed_400rpm__torque_300Nm__temperature_35degC,train,400.0,300.0,35.0,data/simplified_dataset/Test_35degree/400rpm/400.0rpm300.0Nm35.0deg.csv,48600,True,-0.031632372055730655,0.0038418960649743337,-0.03547426812070499,0.03547426812070499,2.1284560872422995,0.03550683880424666,0.001520494383774631,0.9923111838177888,0.04062514870514767,0.03899374061976543,0.0016314080853822369,0.006464401467031912,0,-0.17578125,0.000991434901689325,0.01932755688120761,0.0193972879631219,0.3168475195968419,0.030759366068689953,1.7765452931010557,1.9880650043589483,True
speed_400rpm__torque_500Nm__temperature_25degC,train,400.0,500.0,25.0,data/simplified_dataset/Test_25degree/400rpm/400.0rpm500.0Nm25.0deg.csv,48600,True,-0.038655701581459714,0.011231701024785188,-0.0498874026062449,0.0498874026062449,2.993244156374694,0.04990405723654543,0.001289181861038875,0.994413510483073,0.04073769270484907,0.03884569912643443,0.0018919935784146372,0.004857048241217193,0,0.17578125,0.0010421930723644296,0.01648714610492495,0.10630185446195672,0.6576719899100645,0.03525023170005773,0.7681471753899799,1.9389019108178838,True
speed_400rpm__torque_500Nm__temperature_30degC,train,400.0,500.0,30.0,data/simplified_dataset/Test_30degree/400rpm/400.0rpm500.0Nm30.0deg.csv,48600,True,-0.04090616179735593,0.01157382426753022,-0.052479986064886144,0.052479986064886144,3.1487991638931687,0.05250070113258537,0.0014746803187152364,0.9927204507247979,0.040695792597641535,0.03888549733869141,0.0018102952589501217,0.005582477089132532,0,-0.17578125,0.0013799574043919809,0.01538425744240957,0.09104651396808537,0.6732902948027002,0.01565393127718262,1.4526420158931326,2.346349616352046,True
speed_400rpm__torque_600Nm__temperature_30degC,train,400.0,600.0,30.0,data/simplified_dataset/Test_30degree/400rpm/400.0rpm600.0Nm30.0deg.csv,48601,True,-0.04455188438623892,0.015520571167103876,-0.0600724555533428,0.0600724555533428,3.6043473332005678,0.06008901639299518,0.0014106646905969148,0.9933303883578868,0.04124472828715067,0.03895088964800371,0.002293838639146964,0.004591958755207364,0,0.703125,0.001331463286716363,0.018236091165386957,0.1935557354157149,0.8612318231759708,0.03820617449864516,1.3591723151394797,2.4640294816262127,True
speed_400rpm__torque_700Nm__temperature_35degC,train,400.0,700.0,35.0,data/simplified_dataset/Test_35degree/400rpm/400.0rpm700.0Nm35.0deg.csv,48601,True,-0.0499783859747501,0.015274856925123072,-0.06525324289987317,0.06525324289987317,3.91519457399239,0.06527043984304233,0.0014982017068334776,0.9925073713732577,0.04116559528443248,0.03878671773984137,0.0023788775445911098,0.004877118008412136,0,-0.17578125,0.0013729433061218054,0.020087886012793613,0.28981499385212506,1.0943521359278663,0.08381130969041625,1.1509175330018784,2.289124006515604,True
speed_400rpm__torque_800Nm__temperature_25degC,train,400.0,800.0,25.0,data/simplified_dataset/Test_25degree/400rpm/400.0rpm800.0Nm25.0deg.csv,48600,True,-0.049563695296037075,0.0210336937831782,-0.07059738907921527,0.07059738907921527,4.235843344752916,0.07061324071348044,0.0014961347726148114,0.9924742444915848,0.04163400532810723,0.03978646985667224,0.0018475354714349926,0.005407008848018406,0,-0.17578125,0.0013261817776006556,0.018690708250406324,0.28597142482949245,1.1860892235545177,0.02519269142972902,0.513215442935033,2.076077200734045,True
speed_400rpm__torque_800Nm__temperature_30degC,train,400.0,800.0,30.0,data/simplified_dataset/Test_30degree/400rpm/400.0rpm800.0Nm30.0deg.csv,48600,True,-0.05730102518797419,0.014383949941468174,-0.07168497512944236,0.07168497512944236,4.301098507766541,0.07169925239975293,0.001430781386063412,0.9931424750902609,0.04110710755801359,0.03882820467673343,0.0022789028812801593,0.004364625069741208,0,-0.17578125,0.0014063344294112821,0.019414072433404112,0.3367827205367946,1.2438178856588173,0.01136565470575815,0.8004783570014546,2.2683588662994207,True
speed_400rpm__torque_800Nm__temperature_35degC,train,400.0,800.0,35.0,data/simplified_dataset/Test_35degree/400rpm/400.0rpm800.0Nm35.0deg.csv,48600,True,-0.05837257569245137,0.014861274093263247,-0.07323384978571462,0.07323384978571462,4.3940309871428775,0.0732526475369962,0.0016594025258461025,0.9907458146610788,0.04160981964497008,0.040135975476970585,0.0014738441679994913,0.005317747334234312,0,0.703125,0.001550136905255572,0.017118951342018893,0.39883965125438947,1.3099576360350176,0.021511381355429807,1.1463438418489478,2.490853282113721,True
speed_400rpm__torque_1000Nm__temperature_35degC,train,400.0,1000.0,35.0,data/simplified_dataset/Test_35degree/400rpm/400.0rpm1000.0Nm35.0deg.csv,48600,True,-0.05875247626755307,0.029704753462553656,-0.08845722973010672,0.08845722973010672,5.307433783806403,0.08847614590237166,0.0018294540750944505,0.98874846526085,0.04234188809838184,0.04176020024743081,0.0005816878509510293,0.00453670611645349,0,1.0546875,0.0016859695906260256,0.0221958837825288,0.5458094000735307,1.6708650434883636,0.17921933463402545,1.159403779945417,2.4684780814797214,True
speed_400rpm__torque_1100Nm__temperature_25degC,train,400.0,1100.0,25.0,data/simplified_dataset/Test_25degree/400rpm/400.0rpm1100.0Nm25.0deg.csv,48600,True,-0.06055934744499321,0.03255543291426957,-0.09311478035926278,0.09311478035926278,5.586886821555767,0.09312938744983516,0.0016493894105899572,0.9908841941871214,0.04229989770338489,0.04065204649986547,0.0016478512035194154,0.004503198928429046,0,0.52734375,0.0016450166760180495,0.022016175551771208,0.5224608727345426,1.771895281237867,0.04103156982600886,0.5882262694521857,2.388889185522032,True
speed_400rpm__torque_1100Nm__temperature_30degC,train,400.0,1100.0,30.0,data/simplified_dataset/Test_30degree/400rpm/400.0rpm1100.0Nm30.0deg.csv,48600,True,-0.06453978694202335,0.029707248920958003,-0.09424703586298136,0.09424703586298136,5.654822151778881,0.09426437512233111,0.0018079403323846104,0.9890336849604715,0.043446516884928975,0.04004529518665526,0.0034012216982737126,0.004892734615267627,0,0.52734375,0.0016961686193475065,0.02513106878317319,0.5764061702385266,1.7463819706946402,0.22921736206481166,0.8773238263461405,2.389252719841009,True
speed_400rpm__torque_1100Nm__temperature_35degC,train,400.0,1100.0,35.0,data/simplified_dataset/Test_35degree/400rpm/400.0rpm1100.0Nm35.0deg.csv,48600,True,-0.06577254362827137,0.031332797697816314,-0.09710534132608768,0.09710534132608768,5.826320479565261,0.09712763263836595,0.0020807950108987484,0.9854305534060265,0.04280221559328569,0.04079999656618166,0.002002219027104027,0.005706814887848468,0,0.87890625,0.0018054930323357318,0.021904457418250735,0.5563984950374914,1.7905514825020687,0.3065421735700453,1.21121201689299,2.6353192003480945,True
speed_400rpm__torque_1200Nm__temperature_25degC,train,400.0,1200.0,25.0,data/simplified_dataset/Test_25degree/400rpm/400.0rpm1200.0Nm25.0deg.csv,48600,True,-0.06491029184230158,0.03569898352616422,-0.10060927536846581,0.10060927536846581,6.036556522107949,0.1006253076755425,0.0017961777834637487,0.9892242923502306,0.04237625060529409,0.04118444854297824,0.0011918020623158526,0.0047778424740476,0,0.3515625,0.001703439696187237,0.01998876619440888,0.6394310080610388,1.9463614695884142,0.10780012887278524,0.6259993435745292,2.3597683056868983,True
speed_400rpm__torque_1200Nm__temperature_30degC,train,400.0,1200.0,30.0,data/simplified_dataset/Test_30degree/400rpm/400.0rpm1200.0Nm30.0deg.csv,48600,True,-0.07079311917405226,0.03217970571833911,-0.10297282489239137,0.10297282489239137,6.1783694935434825,0.1029920569627314,0.001990259052337403,0.9867012110259299,0.04309838651857635,0.04116391902443832,0.0019344674941380313,0.005588319258601603,0,0.703125,0.0017542871435203967,0.024514899329632626,0.6037253111479803,1.9248365575439026,0.26197101205354456,0.9167685352417609,2.553842348765987,True
speed_400rpm__torque_1200Nm__temperature_35degC,train,400.0,1200.0,35.0,data/simplified_dataset/Test_35degree/400rpm/400.0rpm1200.0Nm35.0deg.csv,48600,True,-0.07359348465813037,0.030117118635257345,-0.10371060329338772,0.10371060329338772,6.222636197603263,0.10373205498074756,0.0021095011378027637,0.985053574565095,0.04376340137677044,0.04115591651574887,0.0026074848610215737,0.005099187005601287,0,0.703125,0.0018120672159952108,0.02233662262226188,0.6610521675462031,1.9195388221807979,0.2535950875771903,1.1593454845233393,2.730046992715216,True
speed_400rpm__torque_1300Nm__temperature_25degC,train,400.0,1300.0,25.0,data/simplified_dataset/Test_25degree/400rpm/400.0rpm1300.0Nm25.0deg.csv,48600,True,-0.06885276426989395,0.0391939096809071,-0.10804667395080106,0.10804667395080106,6.482800437048064,0.10806406018906287,0.0019383892061943916,0.9874892640412869,0.042499984681583364,0.041964460331365014,0.0005355243502183499,0.005242070156709323,0,0.703125,0.0017893616257426003,0.021260548558072852,0.6705077318101811,2.091948209272778,0.029324431306579097,0.6523316550329148,2.4193020033658375,True
speed_400rpm__torque_1300Nm__temperature_35degC,train,400.0,1300.0,35.0,data/simplified_dataset/Test_35degree/400rpm/400.0rpm1300.0Nm35.0deg.csv,48600,True,-0.06722522804794363,0.0397337510971854,-0.10695897914512903,0.10695897914512903,6.4175387487077415,0.10697647018341218,0.0019344128655294842,0.9873978909220373,0.043446897287540455,0.04122879986375156,0.002218097423788895,0.004791171728363969,0,0.52734375,0.0018111305477605663,0.0287217538618958,0.6980794428590051,1.9927528957471843,0.4466570158397873,0.7435342062052239,2.3290089659722315,True
speed_400rpm__torque_1400Nm__temperature_30degC,train,400.0,1400.0,30.0,data/simplified_dataset/Test_30degree/400rpm/400.0rpm1400.0Nm30.0deg.csv,48600,True,-0.07383398664577699,0.04416841550163439,-0.11800240214741138,0.11800240214741138,7.080144128844683,0.11802401240843172,0.0022584491196944285,0.9829563860488048,0.04453358260617404,0.041283403390170795,0.003250179216003242,0.006076898040439872,0,0.703125,0.0019459537553238068,0.021184824653376507,0.7810916054806362,2.218552143649966,0.314917430890265,0.8894429866009201,2.5553336336313004,True
speed_400rpm__torque_1400Nm__temperature_35degC,train,400.0,1400.0,35.0,data/simplified_dataset/Test_35degree/400rpm/400.0rpm1400.0Nm35.0deg.csv,48600,True,-0.07162951181080268,0.0439172619486001,-0.11554677375940278,0.11554677375940278,6.932806425564167,0.11556814860163536,0.002222621200983531,0.9834783920282067,0.04366877297411977,0.04167369121693379,0.0019950817571859833,0.005831532418069458,0,0.703125,0.001965712648834902,0.02532415942080567,0.7436943314735447,2.1608974101779883,0.36256853132028094,0.8541240723244328,2.402514536930807,True
speed_400rpm__torque_1500Nm__temperature_25degC,train,400.0,1500.0,25.0,data/simplified_dataset/Test_25degree/400rpm/400.0rpm1500.0Nm25.0deg.csv,48600,True,-0.07582732661192809,0.04788191481262307,-0.12370924142455117,0.12370924142455117,7.4225544854730705,0.12372925961565968,0.0022255945725634086,0.9835795087567016,0.04417665576291556,0.04209616655648787,0.0020804892064276923,0.005842851178726186,0,5.2734375,0.001936854859504865,0.022499531171771055,0.7628283873711144,2.439218549692393,0.13900543269264284,0.6337273831856696,2.340625409882208,True
speed_400rpm__torque_1500Nm__temperature_30degC,train,400.0,1500.0,30.0,data/simplified_dataset/Test_30degree/400rpm/400.0rpm1500.0Nm30.0deg.csv,48600,True,-0.08104061238042153,0.04434915274478905,-0.12538976512521058,0.12538976512521058,7.523385907512635,0.12541228672073498,0.0023766493995458324,0.9811149731090641,0.04392072649283305,0.04236433165468084,0.00155639483815221,0.006267338299728564,0,0.703125,0.001949762096834871,0.021636387102957847,0.7656024117986804,2.3549347853133695,0.47080489097288686,0.8556721136813812,2.696803385258811,True
speed_400rpm__torque_1500Nm__temperature_35degC,train,400.0,1500.0,35.0,data/simplified_dataset/Test_35degree/400rpm/400.0rpm1500.0Nm35.0deg.csv,48600,True,-0.07568204261704597,0.04784638480562417,-0.12352842742267015,0.12352842742267015,7.411705645360208,0.12355042652448744,0.0023314186378435913,0.9818778821693845,0.044324817727010454,0.04195775320539606,0.0023670645216143926,0.005619360827240328,0,5.2734375,0.00193717826856642,0.028845740012588918,0.7729419387839163,2.3309681249910437,0.383420956838943,0.8801621966569168,2.351773452679295,True
speed_400rpm__torque_1600Nm__temperature_25degC,train,400.0,1600.0,25.0,data/simplified_dataset/Test_25degree/400rpm/400.0rpm1600.0Nm25.0deg.csv,48600,True,-0.07930449325709443,0.050945857487827484,-0.13025035074492192,0.13025035074492192,7.815021044695315,0.13027173995891053,0.002360585255149258,0.9816008955274099,0.04421018418979481,0.04230686644203808,0.0019033177477567331,0.006130453236829562,0,5.09765625,0.0019976644447072802,0.030031255275055613,0.8639956123724248,2.5410044730781616,0.008407174814632212,0.6154887828148298,2.437332790025727,True
speed_400rpm__torque_1600Nm__temperature_30degC,train,400.0,1600.0,30.0,data/simplified_dataset/Test_30degree/400rpm/400.0rpm1600.0Nm30.0deg.csv,48600,True,-0.08543769554633997,0.046473464058510265,-0.13191115960485023,0.13191115960485023,7.914669576291013,0.13193268306991535,0.0023830303670864103,0.9810779133201527,0.04423562889723555,0.04219734407027602,0.00203828482695953,0.00542229987723038,0,5.44921875,0.002016488590268098,0.03129457259216442,0.8887484487637154,2.5622473597235906,0.5599189655799708,0.7725497437194502,2.498317988622044,True
speed_400rpm__torque_1700Nm__temperature_25degC,train,400.0,1700.0,25.0,data/simplified_dataset/Test_25degree/400rpm/400.0rpm1700.0Nm25.0deg.csv,48600,True,-0.08309374800498262,0.05445086410828771,-0.13754461211327032,0.13754461211327032,8.252676726796219,0.13756692097542522,0.002477382745739538,0.9798104455402186,0.04491649171987208,0.04245393021479547,0.0024625615050766145,0.006144567074082892,0,5.09765625,0.0020684041704533713,0.028217967816816465,0.8934152873122296,2.6143411014164073,0.04363575996551788,0.6151534765536397,2.3340558119558996,True
speed_400rpm__torque_1700Nm__temperature_30degC,train,400.0,1700.0,30.0,data/simplified_dataset/Test_30degree/400rpm/400.0rpm1700.0Nm30.0deg.csv,48601,True,-0.08520571731921081,0.05449504823596692,-0.13970076555517774,0.13970076555517774,8.382045933310664,0.13972341060143362,0.002515466834223945,0.9790528275493279,0.044694920959460885,0.04239037575730743,0.002304545202153452,0.0059324435563750015,0,5.2734375,0.002045810817120582,0.0258521571754215,0.8223292204820847,2.5886212386557794,0.2611353702271283,0.7759186747349465,2.4759531124049285,True
speed_400rpm__torque_1700Nm__temperature_35degC,train,400.0,1700.0,35.0,data/simplified_dataset/Test_35degree/400rpm/400.0rpm1700.0Nm35.0deg.csv,48600,True,-0.08396874372861787,0.05546324417832059,-0.13943198790693845,0.13943198790693845,8.365919274416306,0.13945934523509806,0.002762195091162449,0.9747364000120518,0.04668482704697638,0.04261117441866786,0.00407365262830852,0.007545297426065283,0,5.44921875,0.0022040233462949665,0.027603567527358843,0.8825577017816155,2.461376443812109,0.6131719125427596,0.8747349995304584,2.148339004887492,True
speed_400rpm__torque_1800Nm__temperature_25degC,train,400.0,1800.0,25.0,data/simplified_dataset/Test_25degree/400rpm/400.0rpm1800.0Nm25.0deg.csv,48600,True,-0.0870876655225905,0.0578178104359483,-0.1449054759585388,0.1449054759585388,8.694328557512328,0.14493008214968414,0.002670533494177862,0.9765242355358444,0.04551013308225242,0.043113014813628024,0.002397118268624397,0.006960454645453924,0,5.09765625,0.002111550056209975,0.029796689527014635,0.9357382333284312,2.7261532767804053,0.028409669118530337,0.5887345775944627,2.2693435916398843,True
speed_400rpm__torque_1800Nm__temperature_30degC,train,400.0,1800.0,30.0,data/simplified_dataset/Test_30degree/400rpm/400.0rpm1800.0Nm30.0deg.csv,48600,True,-0.08797871161108461,0.05909616250784319,-0.1470748741189278,0.1470748741189278,8.824492447135668,0.1470996053843718,0.002697277727532775,0.9758324671280503,0.04509363696602432,0.04358144239644893,0.0015121945695753952,0.0062509827856847625,0,5.2734375,0.0020636115211840745,0.029069210622094332,0.9668214278122671,2.75168708494061,0.4688359029611557,0.7529298614325629,2.3382980387268195,True
speed_500rpm__torque_0Nm__temperature_25degC,train,500.0,0.0,25.0,data/simplified_dataset/Test_25degree/500rpm/500.0rpm0.0Nm25.0deg.csv,38880,True,-0.02522678342901616,-0.016456854632896162,-0.008769928796119996,0.008769928796119996,0.5261957277671998,0.00880814869157034,0.0008196537584843509,0.9979742056123314,0.03774065105767626,0.038637494856998834,-0.0008968437993225747,0.0016964260523174206,0,0.17578125,0.0008067900489976418,0.009207995484056413,0.031001595380497404,0.41858746452279433,0.06260190427982332,2.2121741740614578,0.9334704961900699,True
speed_500rpm__torque_0Nm__temperature_35degC,train,500.0,0.0,35.0,data/simplified_dataset/Test_35degree/500rpm/500.0rpm0.0Nm35.0deg.csv,38880,True,-0.024991181125537297,-0.017259070497498655,-0.007732110628038642,0.007732110628038642,0.46392663768231857,0.00780620893113259,0.0010730158956260244,0.9966552780896141,0.037711506168040074,0.03922355630958375,-0.0015120501415436735,0.001889589495444996,0,0.17578125,0.0010640695415661315,0.013577438751351055,0.04909689921105742,0.47123228227671565,0.45975435388577823,2.8216537087209193,1.3788634037581975,True
speed_500rpm__torque_100Nm__temperature_35degC,train,500.0,100.0,35.0,data/simplified_dataset/Test_35degree/500rpm/500.0rpm100.0Nm35.0deg.csv,38880,True,-0.026293233125359142,-0.00870500691726103,-0.017588226208098114,0.017588226208098114,1.0552935724858867,0.017616329853539604,0.0009946739975898468,0.9966948463406832,0.038748089498405885,0.03928073405364764,-0.0005326445552417541,0.004029783766517582,0,0.3515625,0.0008166783243707273,0.015621609693605808,0.04737405019237806,0.19161291418007131,0.16050710381790445,0.6146105914760748,0.9905076007958554,True
speed_500rpm__torque_200Nm__temperature_25degC,train,500.0,200.0,25.0,data/simplified_dataset/Test_25degree/500rpm/500.0rpm200.0Nm25.0deg.csv,38880,True,-0.027944509794359765,-0.0017498511955016962,-0.02619465859885807,0.02619465859885807,1.5716795159314843,0.02620505914765792,0.0007382315500715812,0.9982000762251803,0.038747785808484016,0.03808150967717918,0.0006662761313048354,0.0023856100289599805,0,0.17578125,0.0007377189041657136,0.014906207610720005,0.04702944951248078,0.08145522995746357,0.15884773500480565,0.4681912922532119,1.2879012202718045,True
speed_500rpm__torque_200Nm__temperature_30degC,train,500.0,200.0,30.0,data/simplified_dataset/Test_30degree/500rpm/500.0rpm200.0Nm30.0deg.csv,38880,True,-0.03422055443702721,-0.006863395340272605,-0.02735715909675461,0.02735715909675461,1.6414295458052766,0.02737115713622835,0.0008752651775095205,0.9974547229761727,0.03922795167348822,0.03739522251567924,0.0018327291578089794,0.0029805963901302288,0,0.17578125,0.0008283103192526228,0.016791754681690724,0.08083110784026126,0.14596392512834247,0.1778319018860139,1.5513069894105205,1.6636722958188501,True
speed_500rpm__torque_300Nm__temperature_25degC,train,500.0,300.0,25.0,data/simplified_dataset/Test_25degree/500rpm/500.0rpm300.0Nm25.0deg.csv,38880,True,-0.031182920583255058,0.002894782429917384,-0.03407770301317244,0.03407770301317244,2.0446621807903465,0.0340865832382506,0.000778019411200471,0.9979936248306212,0.0393530067850012,0.037220285291653166,0.002132721493348033,0.0021524320327596844,0,0.17578125,0.0007748391339000975,0.014464825489783758,0.0681201218682912,0.2628583737711878,0.039635146485528905,0.5446002108705643,1.5925150977011766,True
speed_500rpm__torque_300Nm__temperature_30degC,train,500.0,300.0,30.0,data/simplified_dataset/Test_30degree/500rpm/500.0rpm300.0Nm30.0deg.csv,38880,True,-0.039013309976643235,-0.003574453694631289,-0.035438856282011946,0.035438856282011946,2.126331376920717,0.03544957047857151,0.0008715001652957555,0.9974688884352455,0.03892194242340109,0.037633613043197026,0.0012883293802040674,0.0023379485678594065,0,0.0,0.0008715001652957555,0.016667315176620158,0.04249086568845195,0.29625567332566094,0.048915852507033425,1.2796124756407434,1.9044243365739582,True
speed_500rpm__torque_400Nm__temperature_25degC,train,500.0,400.0,25.0,data/simplified_dataset/Test_25degree/500rpm/500.0rpm400.0Nm25.0deg.csv,38880,True,-0.03571399935182711,0.005999975684288075,-0.04171397503611519,0.04171397503611519,2.5028385021669113,0.041723422536367016,0.0008878484299578095,0.997370432494497,0.039581647867948044,0.038030327043736156,0.001551320824211888,0.0023364617734856884,0,-0.17578125,0.0008834853006517658,0.016922559896778086,0.03473696089423273,0.44681704434884856,0.003552164937792174,0.5669965860272816,1.7320576010498232,True
speed_500rpm__torque_400Nm__temperature_35degC,train,500.0,400.0,35.0,data/simplified_dataset/Test_35degree/500rpm/500.0rpm400.0Nm35.0deg.csv,38880,True,-0.03828441919234567,0.004928091091022156,-0.043212510283367825,0.043212510283367825,2.5927506170020695,0.04322419041258523,0.0010047844710462902,0.996653130095484,0.03946793870228922,0.038080845497795106,0.001387093204494115,0.002610464205237982,0,-0.17578125,0.0009990899240670066,0.01686949807433204,0.0362355937952874,0.4935070379990385,0.022508173609123716,1.394329112312434,2.0697380581642357,True
speed_500rpm__torque_500Nm__temperature_25degC,train,500.0,500.0,25.0,data/simplified_dataset/Test_25degree/500rpm/500.0rpm500.0Nm25.0deg.csv,38880,True,-0.03884489000907351,0.01070460338659407,-0.04954949339566758,0.04954949339566758,2.972969603740055,0.04955893839901417,0.0009675119999137035,0.9968576022340403,0.03949362285092392,0.03759366291913792,0.0018999599317860022,0.002737616315317099,0,-0.17578125,0.0009553682431081676,0.019214130975331034,0.11138275986356395,0.6384489500054724,0.028231436907628974,0.6155173718469595,1.8791719823538533,True
speed_500rpm__torque_500Nm__temperature_30degC,train,500.0,500.0,30.0,data/simplified_dataset/Test_30degree/500rpm/500.0rpm500.0Nm30.0deg.csv,38880,True,-0.04702230534814957,0.0035782344048637432,-0.05060053975301332,0.05060053975301332,3.036032385180799,0.05061367017610732,0.0011528162904360934,0.9955337726433924,0.04035320042617545,0.0381206371076514,0.0022325633185240473,0.0038901944529440573,0,0.3515625,0.0010620808133010278,0.019197899794033156,0.09350932186916916,0.6675022512765788,0.019481321782861105,1.0759089983913164,2.177292495002182,True
speed_500rpm__torque_500Nm__temperature_35degC,train,500.0,500.0,35.0,data/simplified_dataset/Test_35degree/500rpm/500.0rpm500.0Nm35.0deg.csv,38880,True,-0.04046631736537802,0.010324844752176984,-0.05079116211755501,0.05079116211755501,3.0474697270533007,0.05080260939969566,0.001078412057745562,0.9961109515441718,0.04033882679413675,0.037869057541791706,0.0024697692523450443,0.002711930577622033,0,0.3515625,0.0010589987259399915,0.017386957353165908,0.11816337665048883,0.694759341582945,0.008884073388389951,1.2897277714599986,2.302918217305299,True
speed_500rpm__torque_600Nm__temperature_25degC,train,500.0,600.0,25.0,data/simplified_dataset/Test_25degree/500rpm/500.0rpm600.0Nm25.0deg.csv,38880,True,-0.043012482674820274,0.013588088146205924,-0.056600570821026194,0.056600570821026194,3.3960342492615716,0.05660992836744946,0.0010292582288990056,0.9964274788892339,0.04015283026035821,0.03791455055937087,0.0022382797009873404,0.002756081367695934,0,0.17578125,0.0010042998040895783,0.0186949058892262,0.1326829819804827,0.8478934774812288,0.008647823454464021,0.5877021591203723,1.9541475182108305,True
speed_500rpm__torque_600Nm__temperature_35degC,train,500.0,600.0,35.0,data/simplified_dataset/Test_35degree/500rpm/500.0rpm600.0Nm35.0deg.csv,38881,True,-0.043364276091209346,0.012879051866134979,-0.056243327957344325,0.056243327957344325,3.3745996774406595,0.05626155296366628,0.0014319225419120007,0.993159224788503,0.041925177839740764,0.038315262600605436,0.003609915239135328,0.004163311309111136,0,0.52734375,0.001421293300304962,0.012977600818414025,0.2185099079192403,0.8499895285577335,0.06406598214485783,0.6618656739642053,2.050000077720903,True
speed_500rpm__torque_700Nm__temperature_30degC,train,500.0,700.0,30.0,data/simplified_dataset/Test_30degree/500rpm/500.0rpm700.0Nm30.0deg.csv,38880,True,-0.053045188613063524,0.012511703718441217,-0.06555689233150475,0.06555689233150475,3.9334135398902847,0.06556916856670017,0.0012687530744144107,0.9945742034837481,0.04066837536543382,0.03857010794224904,0.0020982674231847798,0.0033659695951338987,0,0.3515625,0.0012070959060864084,0.0196230736503927,0.2536617069972489,1.081315655285203,0.07008337751666704,1.0229154660340378,2.4025803605119664,True
speed_500rpm__torque_800Nm__temperature_25degC,train,500.0,800.0,25.0,data/simplified_dataset/Test_25degree/500rpm/500.0rpm800.0Nm25.0deg.csv,38881,True,-0.05002534077792503,0.020039845789789755,-0.0700651865677148,0.0700651865677148,4.203911194062887,0.07007566458528669,0.0012117748557066697,0.9950536104373678,0.04046622645976425,0.039167989831902845,0.001298236627861403,0.0031798460458612463,0,0.17578125,0.0012032504349593059,0.018916569317098127,0.3381758574685976,1.242192268831679,0.0058288086929183525,0.4607340760220938,2.11134048207177,True
speed_500rpm__torque_800Nm__temperature_30degC,train,500.0,800.0,30.0,data/simplified_dataset/Test_30degree/500rpm/500.0rpm800.0Nm30.0deg.csv,38880,True,-0.0580248078797406,0.014881535122146678,-0.07290634300188728,0.07290634300188728,4.374380580113237,0.07291987925871453,0.0014049701764331467,0.9933533550602311,0.04069402208677823,0.039413743407244656,0.001280278679533571,0.003875720308163915,0,0.3515625,0.0013089010758877005,0.021276606253034465,0.31317405349172445,1.3013577731792088,0.04008171015128417,1.0064758307031807,2.4366468576455715,True
speed_500rpm__torque_800Nm__temperature_35degC,train,500.0,800.0,35.0,data/simplified_dataset/Test_35degree/500rpm/500.0rpm800.0Nm35.0deg.csv,38880,True,-0.0586191875617333,0.01443000452087216,-0.07304919208260546,0.07304919208260546,4.382951524956328,0.07306466241121243,0.0015034724284299645,0.9924199389271561,0.041553882389787765,0.03940320419300911,0.002150678196778652,0.004436939889252633,0,0.87890625,0.0014056772317072707,0.01960495684275971,0.3526577021561874,1.3143227648189735,0.024460302672056566,1.1313837066232009,2.5069479950860933,True
speed_500rpm__torque_900Nm__temperature_25degC,train,500.0,900.0,25.0,data/simplified_dataset/Test_25degree/500rpm/500.0rpm900.0Nm25.0deg.csv,38880,True,-0.05336568778065967,0.024144023919864414,-0.07750971170052409,0.07750971170052409,4.650582702031445,0.07752081115440142,0.001311775185772313,0.9941996608016245,0.04096623595499163,0.039503773985046384,0.0014624619699452474,0.00337588393533389,0,0.0,0.001311775185772313,0.020180485285835048,0.41380170809072214,1.4149533955155151,0.05123163169370437,0.4799472476597852,2.211249130984167,True
speed_500rpm__torque_900Nm__temperature_35degC,train,500.0,900.0,35.0,data/simplified_dataset/Test_35degree/500rpm/500.0rpm900.0Nm35.0deg.csv,38880,True,-0.05850679662556101,0.022757133051171496,-0.08126392967673252,0.08126392967673252,4.875835780603951,0.08127858917598127,0.0015436294675251845,0.9919664593021188,0.041022397505624614,0.03979518342183023,0.0012272140837943854,0.003374473872478126,0,0.703125,0.0014272702626038766,0.018019433432492644,0.4321933840515883,1.5704502121229387,0.0657988538741148,1.1534127610778149,2.648299458370133,True
speed_500rpm__torque_1000Nm__temperature_25degC,train,500.0,1000.0,25.0,data/simplified_dataset/Test_25degree/500rpm/500.0rpm1000.0Nm25.0deg.csv,38880,True,-0.05702915327940908,0.02779523684537216,-0.08482439012478124,0.08482439012478124,5.089463407486875,0.08483619943918096,0.0014154770373984863,0.9932653572858142,0.0412342422659717,0.040342451040590165,0.0008917912253815358,0.0034453858209863445,0,0.52734375,0.001415114095647917,0.021515896019333902,0.4405571774172652,1.636423686492712,0.10163743609195498,0.5103764891160791,2.2880674612669845,True
speed_500rpm__torque_1000Nm__temperature_30degC,train,500.0,1000.0,30.0,data/simplified_dataset/Test_30degree/500rpm/500.0rpm1000.0Nm30.0deg.csv,38880,True,-0.06481846286474045,0.02280355455833965,-0.0876220174230801,0.0876220174230801,5.257321045384805,0.08763621952952058,0.0015776679421764896,0.9916123733472487,0.04123996965633762,0.039768908062565944,0.0014710615937716734,0.0034120747629847415,0,0.52734375,0.0014613615179040103,0.0205062501582706,0.5112471259387907,1.6839062017102242,3.37899268893771e-05,0.9746030324059685,2.511475555377745,True
speed_500rpm__torque_1000Nm__temperature_35degC,train,500.0,1000.0,35.0,data/simplified_dataset/Test_35degree/500rpm/500.0rpm1000.0Nm35.0deg.csv,38880,True,-0.05777033240266492,0.030413434616119624,-0.08818376701878455,0.08818376701878455,5.291026021127073,0.0881994410586924,0.001662719892971187,0.99071205570391,0.04176794382167847,0.039493292288888725,0.0022746515327897454,0.003567837536355176,0,0.703125,0.001498460541154621,0.021426107762765434,0.4855358996728685,1.6987996307638062,0.12500977301506522,1.1330333227396157,2.531441803733114,True
speed_500rpm__torque_1100Nm__temperature_25degC,train,500.0,1100.0,25.0,data/simplified_dataset/Test_25degree/500rpm/500.0rpm1100.0Nm25.0deg.csv,38880,True,-0.060606668961378826,0.031631296559843244,-0.09223796552122207,0.09223796552122207,5.534277931273325,0.09225121105898962,0.0015632205078286597,0.9917834104195732,0.0421916014612349,0.03992353282780391,0.0022680686334309863,0.0038673245477286494,0,0.52734375,0.0015286264724755872,0.022321177923731575,0.5367927015691027,1.787052453376331,0.09578548539860986,0.5456794225349859,2.399542964956988,True
speed_500rpm__torque_1100Nm__temperature_35degC,train,500.0,1100.0,35.0,data/simplified_dataset/Test_35degree/500rpm/500.0rpm1100.0Nm35.0deg.csv,38880,True,-0.06456568858896664,0.0304045210479399,-0.09497020963690653,0.09497020963690653,5.698212578214392,0.09498731484030795,0.001802570967760066,0.9890700535630056,0.04203718349170084,0.04053414495745814,0.001503038534242697,0.0044302735655388625,0,0.52734375,0.0015911274298884889,0.020878368401961334,0.5488857610078044,1.8416897139161168,0.254711572128404,1.0563100520397077,2.5428267638558326,True
speed_500rpm__torque_1200Nm__temperature_30degC,train,500.0,1200.0,30.0,data/simplified_dataset/Test_30degree/500rpm/500.0rpm1200.0Nm30.0deg.csv,38880,True,-0.07244376368269975,0.029826346612854326,-0.10227011029555408,0.10227011029555408,6.136206617733245,0.10228763020606545,0.0018931015049383094,0.9879433071464288,0.04208286764600288,0.04106900431922186,0.0010138633267810157,0.004571904651808564,0,0.703125,0.0016863483640995815,0.025090923014485587,0.6377295444398381,1.990601706536042,0.08910780955721187,0.9574586224358095,2.575501343559632,True
speed_500rpm__torque_1200Nm__temperature_35degC,train,500.0,1200.0,35.0,data/simplified_dataset/Test_35degree/500rpm/500.0rpm1200.0Nm35.0deg.csv,38880,True,-0.06900936425515218,0.033846418718365315,-0.1028557829735175,0.1028557829735175,6.17134697841105,0.10287414760609472,0.001943747562116821,0.9873306662239864,0.04244700454403855,0.040697152296934117,0.0017498522471044303,0.004240490013217713,0,0.703125,0.0016750568216956298,0.023946763651565076,0.6652687815708397,2.0567868213905616,0.23682936289042944,1.0768188098445455,2.68683768979616,True
speed_500rpm__torque_1300Nm__temperature_25degC,train,500.0,1300.0,25.0,data/simplified_dataset/Test_25degree/500rpm/500.0rpm1300.0Nm25.0deg.csv,38880,True,-0.06761543196443173,0.03950735262085424,-0.10712278458528597,0.10712278458528597,6.427367075117158,0.10713894611277992,0.0018608591702700948,0.9883829998229582,0.042875974623057374,0.04153770855498621,0.0013382660680711644,0.004780935230187731,0,0.52734375,0.0017674585441248745,0.024929110764064677,0.6715249617535932,2.0811709038752473,0.16201568107343964,0.5903561133190199,2.470081341579722,True
speed_500rpm__torque_1300Nm__temperature_30degC,train,500.0,1300.0,30.0,data/simplified_dataset/Test_30degree/500rpm/500.0rpm1300.0Nm30.0deg.csv,38880,True,-0.07515320867349114,0.03456868584188072,-0.10972189451537186,0.10972189451537186,6.583313670922311,0.10974019925885785,0.002004294721700819,0.9865232686487121,0.042851211295375786,0.04032767239347619,0.0025235389018995955,0.004459163101956476,0,0.703125,0.0017459082180620506,0.024076611515935042,0.694540070420989,2.1544382972378004,0.1403789818278143,0.9413540926005366,2.642855610998177,True
speed_500rpm__torque_1300Nm__temperature_35degC,train,500.0,1300.0,35.0,data/simplified_dataset/Test_35degree/500rpm/500.0rpm1300.0Nm35.0deg.csv,38880,True,-0.07699416188182928,0.03289760432157507,-0.10989176620340435,0.10989176620340435,6.593505972204261,0.10991161633232673,0.002088809584645656,0.9854221469474291,0.043066415787500874,0.04074493609470961,0.002321479692791263,0.004715110270690362,0,0.703125,0.0017969127195653428,0.02444313295972588,0.7052027093295326,2.1550050735868864,0.34587471326326946,1.0402986689663862,2.6351404004089063,True
speed_500rpm__torque_1400Nm__temperature_25degC,train,500.0,1400.0,25.0,data/simplified_dataset/Test_25degree/500rpm/500.0rpm1400.0Nm25.0deg.csv,38880,True,-0.0713830782140733,0.043243354464154345,-0.11462643267822764,0.11462643267822764,6.877585960693659,0.11464296893985147,0.0019471155095403699,0.9873288999917412,0.04288697974946054,0.041199130718154314,0.0016878490313062267,0.004560707993795035,0,0.52734375,0.001847595388531331,0.024777031873125865,0.6855343258380691,2.2309916435855137,0.193815196986115,0.6015045937864062,2.554641131120725,True
speed_500rpm__torque_1400Nm__temperature_30degC,train,500.0,1400.0,30.0,data/simplified_dataset/Test_30degree/500rpm/500.0rpm1400.0Nm30.0deg.csv,38880,True,-0.07900655002076659,0.038172651354002704,-0.1171792013747693,0.1171792013747693,7.030752082486158,0.1171981635527018,0.0021081521048309853,0.9850919525729853,0.04334858112646281,0.04099155527850182,0.002357025847960992,0.004548567471318499,0,0.703125,0.001819151891127674,0.02672593534387368,0.7370756079670153,2.311736883453111,0.16162849264120072,0.900954892029469,2.7354106703730463,True
speed_500rpm__torque_1500Nm__temperature_25degC,train,500.0,1500.0,25.0,data/simplified_dataset/Test_25degree/500rpm/500.0rpm1500.0Nm25.0deg.csv,38880,True,-0.07574668160774906,0.0463187797105311,-0.12206546131828015,0.12206546131828015,7.323927679096809,0.12208306566495342,0.0020731799991275442,0.9856567117460429,0.044276224235127504,0.041069374986377256,0.0032068492487502473,0.004521014437376016,0,5.2734375,0.0019501474855206466,0.024585255048060122,0.7814450412785316,2.358079266142748,0.26536658115274087,0.5863317440852499,2.5084567282525185,True
speed_500rpm__torque_1500Nm__temperature_30degC,train,500.0,1500.0,30.0,data/simplified_dataset/Test_30degree/500rpm/500.0rpm1500.0Nm30.0deg.csv,38880,True,-0.08220910329415905,0.0422925170041822,-0.12450162029834125,0.12450162029834125,7.4700972179004745,0.1245227962624538,0.0022963736865412605,0.9823719234161351,0.04478830381238199,0.041834903291734185,0.0029534005206478045,0.005447208436791057,0,5.44921875,0.0019343972970691774,0.026324136730261162,0.8006011945552587,2.431859295188466,0.2665537369501087,0.8819972521923947,2.696225886468178,True
speed_500rpm__torque_1500Nm__temperature_35degC,train,500.0,1500.0,35.0,data/simplified_dataset/Test_35degree/500rpm/500.0rpm1500.0Nm35.0deg.csv,38880,True,-0.08074980847462902,0.04406914338292245,-0.12481895185755147,0.12481895185755147,7.489137111453088,0.1248410803340877,0.002350445950109656,0.9815618791245069,0.04500615834636158,0.04178715666091091,0.0032190016854506745,0.005102329808219737,0,5.44921875,0.001866547807026636,0.028697225300257166,0.805129984155644,2.3369177380255612,0.49259778251369013,0.998838077887926,2.7543462079576533,True
speed_500rpm__torque_1600Nm__temperature_25degC,train,500.0,1600.0,25.0,data/simplified_dataset/Test_25degree/500rpm/500.0rpm1600.0Nm25.0deg.csv,38880,True,-0.07906202503106138,0.05021964110885968,-0.12928166613992106,0.12928166613992106,7.756899968395264,0.12930141695529365,0.0022599174172281324,0.9830424135311316,0.04496081964163208,0.04150874278799402,0.0034520768536380614,0.005141471601850117,0,5.09765625,0.001967556436045146,0.028797511514031468,0.8576873471224724,2.4464834958970303,0.16602203562571524,0.5778701759315484,2.552023082469892,True
speed_500rpm__torque_1600Nm__temperature_35degC,train,500.0,1600.0,35.0,data/simplified_dataset/Test_35degree/500rpm/500.0rpm1600.0Nm35.0deg.csv,38880,True,-0.0838615128166865,0.048795100048440995,-0.13265661286512748,0.13265661286512748,7.959396771907649,0.13267937112055708,0.0024573530674716006,0.9797719556545873,0.04512475492702922,0.04188034140930674,0.0032444135177224775,0.005057529563637714,0,5.2734375,0.0019522177831536329,0.02628354387976298,0.8735243319562047,2.4465855701218873,0.530010595119642,0.9710013737640044,2.7148677256698694,True
speed_500rpm__torque_1700Nm__temperature_30degC,train,500.0,1700.0,30.0,data/simplified_dataset/Test_30degree/500rpm/500.0rpm1700.0Nm30.0deg.csv,38880,True,-0.08803906017370713,0.05109300335836375,-0.1391320635320709,0.1391320635320709,8.347923811924254,0.13915504679327517,0.0025290206298855863,0.978658736395234,0.04503571756681721,0.042340534462188675,0.002695183104628532,0.00563556399979585,0,5.2734375,0.001989961600203604,0.03323733674347375,0.870651280280178,2.6345592244744265,0.42834842130870215,0.8400643326522277,2.741174967225918,True
speed_500rpm__torque_1700Nm__temperature_35degC,train,500.0,1700.0,35.0,data/simplified_dataset/Test_35degree/500rpm/500.0rpm1700.0Nm35.0deg.csv,38880,True,-0.08814516514808986,0.05267740045609569,-0.14082256560418555,0.14082256560418555,8.449353936251132,0.14084688143221338,0.002617064354355332,0.9771258482834541,0.045319460906052766,0.0422951173905097,0.0030243435155430654,0.005464774188494347,0,5.2734375,0.00205288451794358,0.025105157536893477,0.9168672953344363,2.546185292764727,0.5196211604434389,0.9485003962364544,2.686848450564975,True
speed_500rpm__torque_1800Nm__temperature_30degC,train,500.0,1800.0,30.0,data/simplified_dataset/Test_30degree/500rpm/500.0rpm1800.0Nm30.0deg.csv,38880,True,-0.09311171606635135,0.053284194868380014,-0.14639591093473137,0.14639591093473137,8.783754656083882,0.14641978677324838,0.002644091585729433,0.9768079428848775,0.04576573527480714,0.0432598289978994,0.002505906276907735,0.0057606502208005055,0,5.09765625,0.0021080360568882755,0.029763196140113253,0.9858653815179721,2.8201342075204465,0.42184629120675293,0.81611369330437,2.7730424299147716,True
speed_500rpm__torque_1800Nm__temperature_35degC,train,500.0,1800.0,35.0,data/simplified_dataset/Test_35degree/500rpm/500.0rpm1800.0Nm35.0deg.csv,38880,True,-0.08765120775365362,0.05943209524427368,-0.1470833029979273,0.1470833029979273,8.824998179875637,0.14710836081552064,0.0027151060843580523,0.9755593860049077,0.04641981292356112,0.042552507347751824,0.0038673055758092975,0.005863037808271504,0,5.2734375,0.002057834137499838,0.03476462186058363,0.9126615158655504,2.7101133339266714,0.5665289178436457,0.899024269767116,2.7002131268166627,True
speed_600rpm__torque_0Nm__temperature_25degC,train,600.0,0.0,25.0,data/simplified_dataset/Test_25degree/600rpm/600.0rpm0.0Nm25.0deg.csv,32400,True,-0.025434060946182675,-0.01765038208114479,-0.007783678865037884,0.007783678865037884,0.467020731902273,0.007830932012680852,0.0008589758513440915,0.9977145779285479,0.038996194682080446,0.03941101779788937,-0.0004148231158089266,0.0017099272677047939,0,0.0,0.0008589758513440915,0.007877528636159661,0.01886426968842203,0.539414936833877,0.026000332869160703,1.3564363389275214,0.4173601973515239,True
speed_600rpm__torque_0Nm__temperature_30degC,train,600.0,0.0,30.0,data/simplified_dataset/Test_30degree/600rpm/600.0rpm0.0Nm30.0deg.csv,32400,True,-0.026396531946582265,-0.018138594344873027,-0.008257937601709238,0.008257937601709238,0.4954762561025543,0.008318224203985931,0.0009996601792879745,0.996964238909057,0.03823682716481933,0.03915448172168048,-0.0009176545568611444,0.002112932320399032,0,-0.3515625,0.0009957914523035247,0.007158198076636493,0.019513911978541243,0.49705460018046654,0.21359337888820368,1.8901379381684813,1.0186731420053798,True
speed_600rpm__torque_100Nm__temperature_25degC,train,600.0,100.0,25.0,data/simplified_dataset/Test_25degree/600rpm/600.0rpm100.0Nm25.0deg.csv,32400,True,-0.022114690021526356,-0.005745641632303257,-0.0163690483892231,0.0163690483892231,0.9821429033533859,0.016389440422785936,0.0008173201351504289,0.9977631755012648,0.03856602087176047,0.038557877440538506,8.143431221963038e-06,0.003084085611995909,0,0.3515625,0.0007681888962820273,0.014161463597858272,0.040983328648869444,0.11984822484857216,0.19571448630052915,0.9495323212554774,0.897192285554251,True
speed_600rpm__torque_200Nm__temperature_25degC,train,600.0,200.0,25.0,data/simplified_dataset/Test_25degree/600rpm/600.0rpm200.0Nm25.0deg.csv,32400,True,-0.027452622086165404,-0.002471257566076234,-0.02498136452008917,0.02498136452008917,1.4988818712053502,0.024991319195934725,0.0007053097670706594,0.9983788456240664,0.03870075606364077,0.038104515300427536,0.0005962407632132335,0.00226863383848516,0,-0.17578125,0.0006977329690247486,0.00807843590398959,0.10201088729402175,0.11021983657555268,0.1206365560509235,0.08947951555069888,1.1276977364182192,True
speed_600rpm__torque_200Nm__temperature_30degC,train,600.0,200.0,30.0,data/simplified_dataset/Test_30degree/600rpm/600.0rpm200.0Nm30.0deg.csv,32400,True,-0.028337805710871945,-0.0013477374934313447,-0.0269900682174406,0.0269900682174406,1.619404093046436,0.027000517760733787,0.0007511171450601135,0.9981363684909828,0.03879484774075705,0.03728269812670176,0.00151214961405529,0.0018866731405280137,0,0.0,0.0007511171450601135,0.014631084965850374,0.11010314022203804,0.11271482204807115,0.20309511275056077,1.2942534571779494,1.53323710140682,True
speed_600rpm__torque_300Nm__temperature_25degC,train,600.0,300.0,25.0,data/simplified_dataset/Test_25degree/600rpm/600.0rpm300.0Nm25.0deg.csv,32400,True,-0.033798297565066165,-0.001077755490463841,-0.03272054207460232,0.03272054207460232,1.9632325244761393,0.03272994594324354,0.0007845303001309821,0.9979917059965269,0.03899858269109792,0.03740159790865196,0.001596984782445958,0.0023148201011419403,0,-0.17578125,0.0007725533619150129,0.010443132078458052,0.06355835598146564,0.2644337708823885,0.07597926864125046,0.23781911673685033,1.4442483082548423,True
speed_600rpm__torque_300Nm__temperature_30degC,train,600.0,300.0,30.0,data/simplified_dataset/Test_30degree/600rpm/600.0rpm300.0Nm30.0deg.csv,32400,True,-0.032697737679038094,0.0022027136789047304,-0.03490045135794283,0.03490045135794283,2.0940270814765696,0.03491036290890639,0.0008318253683400283,0.9976935551266488,0.039226130301739194,0.03775449355016444,0.0014716367515747522,0.0021594829019787186,0,0.0,0.0008318253683400283,0.01599495366818289,0.057924001605618385,0.23906777072864768,0.0514064186036676,1.092694089347407,1.8227097240572379,True
speed_600rpm__torque_300Nm__temperature_35degC,train,600.0,300.0,35.0,data/simplified_dataset/Test_35degree/600rpm/600.0rpm300.0Nm35.0deg.csv,32400,True,-0.03345470130163988,0.0032953804992526476,-0.03675008180089253,0.03675008180089253,2.2050049080535516,0.03676270843424044,0.0009634412533624705,0.9968936609630821,0.03896717485030256,0.037695646030250184,0.0012715288200523742,0.0024111918017466673,0,0.3515625,0.0009507210265586474,0.017465337932178627,0.031799983060732506,0.3432407375210023,0.07747384176840072,1.8021742549423527,2.140195547894972,True
speed_600rpm__torque_400Nm__temperature_25degC,train,600.0,400.0,25.0,data/simplified_dataset/Test_25degree/600rpm/600.0rpm400.0Nm25.0deg.csv,32400,True,-0.035692887886093885,0.004563231729262868,-0.04025611961535675,0.04025611961535675,2.415367176921405,0.04026552840754286,0.0008704087848420925,0.9974828173560488,0.039411195011662264,0.03774494614266242,0.0016662488689998464,0.0021023944581718998,0,0.0,0.0008704087848420925,0.018599379631624238,0.013863191135679243,0.4469908866045453,0.02182799494000659,0.3287868836710467,1.5273988797179967,True
speed_600rpm__torque_500Nm__temperature_25degC,train,600.0,500.0,25.0,data/simplified_dataset/Test_25degree/600rpm/600.0rpm500.0Nm25.0deg.csv,32400,True,-0.040820584119428044,0.0069529203930830865,-0.04777350451251113,0.04777350451251113,2.866410270750668,0.04778337852272218,0.0009713545381713891,0.9968434080041856,0.039957768967385114,0.037926302479398905,0.0020314664879862096,0.00253047347046509,0,0.0,0.0009713545381713891,0.019455185155706038,0.09457031476818156,0.6347273676274257,0.01633932473703112,0.3826247519282119,1.6631084229066606,True
speed_600rpm__torque_600Nm__temperature_25degC,train,600.0,600.0,25.0,data/simplified_dataset/Test_25degree/600rpm/600.0rpm600.0Nm25.0deg.csv,32400,True,-0.04245306548835563,0.012576772548395055,-0.05502983803675068,0.05502983803675068,3.301790282205041,0.05503891226234883,0.0009993941522336966,0.9966533713932089,0.039789155629747025,0.03790173587644338,0.001887419753303643,0.0025833326735756174,0,0.0,0.0009993941522336966,0.015947833624729988,0.15460272972961175,0.8343015050402329,0.10674105411455052,0.42035456253958314,1.8184725751484314,True
speed_600rpm__torque_600Nm__temperature_30degC,train,600.0,600.0,30.0,data/simplified_dataset/Test_30degree/600rpm/600.0rpm600.0Nm30.0deg.csv,32400,True,-0.04284816026611035,0.014740443952020168,-0.05758860421813052,0.05758860421813052,3.4553162530878314,0.057598953490112056,0.001091836692738943,0.9959935661103044,0.03980637514534058,0.03764451739523869,0.0021618577501018865,0.0028653686287419527,0,0.3515625,0.0010662642755699021,0.018898341407540806,0.1657317227744299,0.867177313661899,0.002800400504076428,0.9463676939733326,2.204813539213811,True
speed_600rpm__torque_600Nm__temperature_35degC,train,600.0,600.0,35.0,data/simplified_dataset/Test_35degree/600rpm/600.0rpm600.0Nm35.0deg.csv,32400,True,-0.0476112897036744,0.01107442628215859,-0.058685715985832984,0.058685715985832984,3.521142959149979,0.0586989639919544,0.0012470416829059767,0.9947889004780703,0.04026459950875939,0.03842309107174386,0.0018415084370155266,0.003335294563103019,0,0.52734375,0.001170791884125806,0.01844173417618888,0.19155098056979702,0.9457563303311758,0.03670194881803651,1.281946085605601,2.3850053989469218,True
speed_600rpm__torque_700Nm__temperature_25degC,train,600.0,700.0,25.0,data/simplified_dataset/Test_25degree/600rpm/600.0rpm700.0Nm25.0deg.csv,32400,True,-0.0504175383103545,0.012618612866158986,-0.06303615117651348,0.06303615117651348,3.782169070590809,0.06304592967792068,0.0011103575122716916,0.9958539299750895,0.04023038893171346,0.03861606839012594,0.0016143205415875203,0.002840092921104361,0,-0.17578125,0.001091597777400369,0.016897676316664015,0.22822760136893194,1.0203039009430497,0.13127187056147405,0.48317453997022425,2.0353435726935283,True
speed_600rpm__torque_700Nm__temperature_30degC,train,600.0,700.0,30.0,data/simplified_dataset/Test_30degree/600rpm/600.0rpm700.0Nm30.0deg.csv,32400,True,-0.04729136734659715,0.01772415665854822,-0.06501552400514538,0.06501552400514538,3.9009314403087227,0.06502589695366534,0.0011614271243044051,0.9954502628437819,0.03981613496257902,0.03854901883037099,0.001267116132208028,0.002768321126462637,0,0.3515625,0.0011445253216825339,0.018663601487102353,0.25989937461906787,1.058113336176458,0.03338888054977601,0.9344062078657902,2.3035266846434417,True
speed_600rpm__torque_800Nm__temperature_25degC,train,600.0,800.0,25.0,data/simplified_dataset/Test_25degree/600rpm/600.0rpm800.0Nm25.0deg.csv,32400,True,-0.053064073793087335,0.01653051989534754,-0.06959459368843487,0.06959459368843487,4.175675621306093,0.06960506640393525,0.0012073932407866755,0.9950953925686729,0.04031785681911411,0.03898712434601372,0.0013307324731003864,0.0029586365812407788,0,-0.17578125,0.0011893802198792974,0.01719229440057001,0.3224527106636921,1.2344550435822235,0.03022876790443157,0.46798673799991836,2.052518639453642,True
speed_600rpm__torque_800Nm__temperature_30degC,train,600.0,800.0,30.0,data/simplified_dataset/Test_30degree/600rpm/600.0rpm800.0Nm30.0deg.csv,32400,True,-0.05058908795304033,0.021688716097928138,-0.07227780405096847,0.07227780405096847,4.336668243058108,0.07228898711014822,0.0012714947821294942,0.9945448300830969,0.04035376899795478,0.038774325874750805,0.0015794431232039746,0.0028208797719704464,0,0.52734375,0.0012431172167303756,0.018716919313933975,0.3407646512058682,1.2728741190795603,0.014541669525221623,0.9149988662347162,2.4308441641338634,True
speed_600rpm__torque_900Nm__temperature_25degC,train,600.0,900.0,25.0,data/simplified_dataset/Test_25degree/600rpm/600.0rpm900.0Nm25.0deg.csv,32400,True,-0.05540494408926194,0.01968346928906594,-0.07508841337832789,0.07508841337832789,4.505304802699674,0.07509973548024351,0.0013040113219973336,0.9942842434995588,0.04066993739932878,0.03880987587115105,0.0018600615281777338,0.003377196715689706,0,-0.17578125,0.001303298020791511,0.023276384735202355,0.41024361726027325,1.4026272944567004,0.003643724533996473,0.29087532749941386,1.901062484416769,True
speed_600rpm__torque_900Nm__temperature_30degC,train,600.0,900.0,30.0,data/simplified_dataset/Test_30degree/600rpm/600.0rpm900.0Nm30.0deg.csv,32400,True,-0.05444862628512851,0.025177867177601482,-0.07962649346272999,0.07962649346272999,4.777589607763799,0.07963867094693873,0.0013926410250313347,0.9934529870048916,0.0410057582589296,0.04000469751714426,0.0010010607417853465,0.003152869241370566,0,0.52734375,0.001339276785426199,0.018707785024070042,0.42733457312698175,1.449923211899732,0.027623792447231954,0.9076952364167166,2.4680826761623864,True
speed_600rpm__torque_900Nm__temperature_35degC,train,600.0,900.0,35.0,data/simplified_dataset/Test_35degree/600rpm/600.0rpm900.0Nm35.0deg.csv,32400,True,-0.05325876715236935,0.025771421908122302,-0.07903018906049165,0.07903018906049165,4.741811343629499,0.07904284982486258,0.0014146821193198576,0.993273220828142,0.04070628917185407,0.039204322816060844,0.0015019663557932286,0.0031109888127552254,0,0.703125,0.001374632361330195,0.019830388295508407,0.42388494667368204,1.500930081147377,0.10074167494783842,0.9147758313231117,2.399141303095054,True
speed_600rpm__torque_1000Nm__temperature_25degC,train,600.0,1000.0,25.0,data/simplified_dataset/Test_25degree/600rpm/600.0rpm1000.0Nm25.0deg.csv,32400,True,-0.05853298671048936,0.024207744826515443,-0.0827407315370048,0.0827407315370048,4.964443892220288,0.08275252924770764,0.0013972979689412831,0.9934430707342742,0.04101251768934032,0.039002109715764344,0.0020104079735759756,0.0034054026087757144,0,0.17578125,0.0013910007838151125,0.024273328831996184,0.4858843821294443,1.5928398503655632,0.012273063787206218,0.3523516378039561,2.1324985420029634,True
speed_600rpm__torque_1000Nm__temperature_35degC,train,600.0,1000.0,35.0,data/simplified_dataset/Test_35degree/600rpm/600.0rpm1000.0Nm35.0deg.csv,32400,True,-0.06065244728192973,0.025682095483858493,-0.08633454276578822,0.08633454276578822,5.1800725659472935,0.08634924721687984,0.0015934931264722735,0.991453241460129,0.041754745480327676,0.0393527099849054,0.0024020354954222764,0.003912543824013724,0,0.52734375,0.0014655582796870663,0.022385374070305667,0.5007803112585587,1.734302048381967,0.0825088987199783,0.933441744652134,2.516778680639046,True
speed_600rpm__torque_1100Nm__temperature_30degC,train,600.0,1100.0,30.0,data/simplified_dataset/Test_30degree/600rpm/600.0rpm1100.0Nm30.0deg.csv,32400,True,-0.06168673175304621,0.032563056276661055,-0.09424978802970727,0.09424978802970727,5.654987281782436,0.0942642034877731,0.00164848886545964,0.990906407921607,0.04171261129965118,0.03997000689415611,0.0017426044054950698,0.0036529227701921833,0,0.52734375,0.0015472476062420887,0.01968850480066458,0.5578877712369401,1.812965231137786,0.08059411927687053,0.8983618677452025,2.5808241480088556,True
speed_600rpm__torque_1200Nm__temperature_25degC,train,600.0,1200.0,25.0,data/simplified_dataset/Test_25degree/600rpm/600.0rpm1200.0Nm25.0deg.csv,32400,True,-0.06394148476889183,0.03379669851326348,-0.0977381832821553,0.0977381832821553,5.864290996929318,0.09775228641507942,0.0016604300887239358,0.9907756673776046,0.042032637390345205,0.03955565187557656,0.0024769855147686454,0.004305266259446582,0,0.3515625,0.0015929829402496227,0.022370397431155268,0.5703284806744473,1.9898919035309894,0.1739286288345938,0.4482028775933008,2.3471033136615587,True
speed_600rpm__torque_1200Nm__temperature_30degC,train,600.0,1200.0,30.0,data/simplified_dataset/Test_30degree/600rpm/600.0rpm1200.0Nm30.0deg.csv,32400,True,-0.06533592990704405,0.036194430613373026,-0.10153036052041708,0.10153036052041708,6.0918216312250255,0.10154723123489846,0.0018509630109950488,0.9885454324586339,0.04269905840683412,0.04035528625553673,0.002343772151297392,0.004754571694703601,0,0.52734375,0.0016577041655023903,0.020404175854962923,0.6370931494633667,2.0166684420731738,0.018919925497501835,0.8923051399580423,2.564552380414785,True
speed_600rpm__torque_1200Nm__temperature_35degC,train,600.0,1200.0,35.0,data/simplified_dataset/Test_35degree/600rpm/600.0rpm1200.0Nm35.0deg.csv,32400,True,-0.06447509210456621,0.036993864538893334,-0.10146895664345955,0.10146895664345955,6.088137398607573,0.10148596461059085,0.0018579156681139252,0.9884704433105621,0.04214434007191213,0.04035759210263685,0.0017867479692752833,0.004353577594735171,0,0.52734375,0.0016639940081393265,0.01923724246914224,0.6547130965606289,2.046512315445298,0.06302658088777897,0.9447388016600704,2.636538662100963,True
speed_600rpm__torque_1300Nm__temperature_25degC,train,600.0,1300.0,25.0,data/simplified_dataset/Test_25degree/600rpm/600.0rpm1300.0Nm25.0deg.csv,32400,True,-0.06819212497839493,0.03699853783005291,-0.10519066280844784,0.10519066280844784,6.311439768506871,0.10520513853429662,0.0017451738996361568,0.9898396867263435,0.04264372849413482,0.04052835855197518,0.002115369942159641,0.004163027968472853,0,0.3515625,0.001662928313818137,0.02676278148083996,0.6591164274315655,2.025794929545901,0.3282735837688509,0.48112285060893956,2.4242145297337743,True
speed_600rpm__torque_1400Nm__temperature_30degC,train,600.0,1400.0,30.0,data/simplified_dataset/Test_30degree/600rpm/600.0rpm1400.0Nm30.0deg.csv,32400,True,-0.07198412236371118,0.044444338971939945,-0.11642846133565113,0.11642846133565113,6.985707680139067,0.1164469355886187,0.002074174291785711,0.9856496228767585,0.04320377950222376,0.04169866228426113,0.0015051172179626274,0.004422408305233199,0,0.703125,0.0018233712614206348,0.020644119443881247,0.7444183162096765,2.3566345248956866,0.13921085587725174,0.8673752246468774,2.6016660827621028,True
speed_600rpm__torque_1500Nm__temperature_30degC,train,600.0,1500.0,30.0,data/simplified_dataset/Test_30degree/600rpm/600.0rpm1500.0Nm30.0deg.csv,32400,True,-0.07602962430564672,0.047855092884444825,-0.12388471719009155,0.12388471719009155,7.433083031405492,0.12390403242795209,0.0021877153923757597,0.9840872701013436,0.0436270599900773,0.04144645094984306,0.0021806090402342396,0.004665228395070802,0,5.09765625,0.0018570577970055773,0.025495841851214042,0.8034891032376621,2.3966463116976713,0.04458000776497691,0.8487216823721605,2.663850311205574,True
speed_600rpm__torque_1500Nm__temperature_35degC,train,600.0,1500.0,35.0,data/simplified_dataset/Test_35degree/600rpm/600.0rpm1500.0Nm35.0deg.csv,32400,True,-0.07562878871862996,0.04776066937667994,-0.1233894580953099,0.1233894580953099,7.4033674857185945,0.12340971804437299,0.0022360989999097337,0.9833144227526162,0.04354084387009936,0.041233442920454645,0.002307400949644718,0.004795509350247362,0,5.09765625,0.0018993351375665136,0.024255190797216476,0.8257437994128287,2.485544872191191,0.26796288139347796,0.8847183891457362,2.7288068118680333,True
speed_600rpm__torque_1600Nm__temperature_25degC,train,600.0,1600.0,25.0,data/simplified_dataset/Test_25degree/600rpm/600.0rpm1600.0Nm25.0deg.csv,32400,True,-0.07778584029972792,0.049481641081301854,-0.12726748138102978,0.12726748138102978,7.636048882861787,0.12728569338765752,0.002153119621853568,0.9846201218258742,0.04351579874804018,0.041206257359677784,0.002309541388362396,0.00448836572450453,0,5.09765625,0.0018550810369704893,0.03160874847899757,0.8662127592394,2.4721585662011294,0.3211049938117282,0.507621395724913,2.5751881826514573,True
speed_600rpm__torque_1600Nm__temperature_35degC,train,600.0,1600.0,35.0,data/simplified_dataset/Test_35degree/600rpm/600.0rpm1600.0Nm35.0deg.csv,32400,True,-0.07995144990243011,0.05085488712758622,-0.13080633703001632,0.13080633703001632,7.848380221800979,0.13082729258848697,0.00234151208054774,0.9817000758459062,0.04415928015824669,0.04157296158570213,0.0025863185725445575,0.004916767376192488,0,5.2734375,0.001877530247510636,0.028323139243191787,0.7705950569978615,2.488517654111348,0.48737769929978914,0.8697774317092699,2.5647416213778635,True
speed_600rpm__torque_1700Nm__temperature_30degC,train,600.0,1700.0,30.0,data/simplified_dataset/Test_30degree/600rpm/600.0rpm1700.0Nm30.0deg.csv,32400,True,-0.08324832988147386,0.05507641237791897,-0.13832474225939284,0.13832474225939284,8.29948453556357,0.13834686804764101,0.0024741821808302008,0.9797778321485726,0.045139346802746845,0.04267264826827136,0.002466698534475488,0.005225145623207569,0,5.09765625,0.0020523945503304396,0.02634386940777197,0.9108734464405202,2.5719981825009204,0.06942170538808295,0.7975621790404333,2.7070833145841005,True
speed_600rpm__torque_1700Nm__temperature_35degC,train,600.0,1700.0,35.0,data/simplified_dataset/Test_35degree/600rpm/600.0rpm1700.0Nm35.0deg.csv,32400,True,-0.08578185478950964,0.05229831876529768,-0.13808017355480734,0.13808017355480734,8.28481041328844,0.13810267992756065,0.002493165507652347,0.9792289138045536,0.04418188116751552,0.04236520963330571,0.0018166715342098141,0.0053159118524265855,0,5.09765625,0.0019247040498987945,0.029672825092514475,0.8556444662665392,2.6703102478100167,0.6271499340344381,0.8551085628551902,2.5665145030129404,True
speed_600rpm__torque_1800Nm__temperature_25degC,train,600.0,1800.0,25.0,data/simplified_dataset/Test_25degree/600rpm/600.0rpm1800.0Nm25.0deg.csv,32400,True,-0.08779661487847071,0.054295429320284035,-0.14209204419875474,0.14209204419875474,8.525522651925284,0.14211307956097605,0.002445068040655581,0.9802898556672099,0.045190328535248694,0.04318749082153846,0.002002837713710237,0.005111430491039492,0,5.09765625,0.001991238963252578,0.030759635665386552,0.9577151728111368,2.654290848951772,0.12940295668699456,0.5125388742684667,2.503202161018643,True
speed_600rpm__torque_1800Nm__temperature_30degC,train,600.0,1800.0,30.0,data/simplified_dataset/Test_30degree/600rpm/600.0rpm1800.0Nm30.0deg.csv,32400,True,-0.08776336709087329,0.05793425792893684,-0.14569762501981012,0.14569762501981012,8.741857501188607,0.14572065695307274,0.0025907385861768705,0.977881724459225,0.0449393125916706,0.04263618457191039,0.002303128019760209,0.005431314110352447,0,5.09765625,0.0020364733861299006,0.02429686435949576,0.9854033576955927,2.712457247398857,0.049716536246060115,0.7754025516510308,2.5131906056476025,True
speed_600rpm__torque_1800Nm__temperature_35degC,train,600.0,1800.0,35.0,data/simplified_dataset/Test_35degree/600rpm/600.0rpm1800.0Nm35.0deg.csv,32400,True,-0.08662476801886138,0.05896633799626341,-0.1455911060151248,0.1455911060151248,8.735466360907488,0.14561587276400537,0.0026855632771718495,0.9761458161841525,0.04574840693212344,0.04306475551823198,0.002683651413891458,0.006102536983122975,0,5.09765625,0.0020534170415428756,0.0263890964683426,0.9793997665483263,2.811172547852825,0.41659766550186306,0.8287640536944215,2.9220126776988824,True
speed_700rpm__torque_0Nm__temperature_25degC,train,700.0,0.0,25.0,data/simplified_dataset/Test_25degree/700rpm/700.0rpm0.0Nm25.0deg.csv,27772,True,-0.025219714799537527,-0.0169310899572115,-0.008288624842326026,0.008288624842326026,0.4973174905395616,0.00832809119331808,0.0008098155020731851,0.9979695602489408,0.03802106292399888,0.038191639903601804,-0.00017057697960292523,0.0017395113883384911,0,0.17578125,0.0007883099924681724,0.007430621571521039,0.03193294575709515,0.5128507156245314,0.06957217507610078,1.426608533697426,0.5173676169223305,True
speed_700rpm__torque_0Nm__temperature_30degC,train,700.0,0.0,30.0,data/simplified_dataset/Test_30degree/700rpm/700.0rpm0.0Nm30.0deg.csv,27772,True,-0.025956183148061193,-0.01735099143077244,-0.00860519171728875,0.00860519171728875,0.5163115030373251,0.008648206555505803,0.0008614825218184018,0.9977463012138721,0.03778330258652936,0.038810148159714467,-0.001026845573185109,0.00185840482651712,0,0.17578125,0.0008370213478377821,0.007829476227726246,0.00890618847985003,0.48249117576429557,0.21634902443283144,2.1529125647081986,0.9143602610893081,True
speed_700rpm__torque_0Nm__temperature_35degC,train,700.0,0.0,35.0,data/simplified_dataset/Test_35degree/700rpm/700.0rpm0.0Nm35.0deg.csv,27772,True,-0.026033531504798188,-0.017755868038556572,-0.008277663466241616,0.008277663466241616,0.49665980797449694,0.008334333973493308,0.0009702630165957884,0.9971970158341878,0.03776877380613054,0.038615617173813184,-0.0008468433676826412,0.0019392049856495018,0,0.17578125,0.00095943772911651,0.005755147864706284,0.01216505655743405,0.4888531272318686,0.4154209352747675,2.5675764062235,1.329853470360366,True
speed_700rpm__torque_100Nm__temperature_25degC,train,700.0,100.0,25.0,data/simplified_dataset/Test_25degree/700rpm/700.0rpm100.0Nm25.0deg.csv,27772,True,-0.027018884143904055,-0.01021066960471977,-0.016808214539184286,0.016808214539184286,1.0084928723510571,0.016824476174910907,0.0007395421319295228,0.9981747534693984,0.03911989067638377,0.03941954857616228,-0.00029965789977851043,0.002287830174190183,0,0.0,0.0007395421319295228,0.010044110874910027,0.11333796444562894,0.13801663171358025,0.12212721680699994,1.1022578231627098,1.013697442831794,True
speed_700rpm__torque_100Nm__temperature_30degC,train,700.0,100.0,30.0,data/simplified_dataset/Test_30degree/700rpm/700.0rpm100.0Nm30.0deg.csv,27772,True,-0.030512913917742288,-0.013691987379730961,-0.016820926538011326,0.016820926538011326,1.0092555922806796,0.0168394473349553,0.0007895675712435302,0.9979136212219775,0.039055239556282456,0.03862304436029051,0.00043219519599194817,0.002755273781274263,0,0.0,0.0007895675712435302,0.012076838001753767,0.06528746597263724,0.17679936779245398,0.1873423748258069,0.893322620044904,0.9481172366081533,True
speed_700rpm__torque_100Nm__temperature_35degC,train,700.0,100.0,35.0,data/simplified_dataset/Test_35degree/700rpm/700.0rpm100.0Nm35.0deg.csv,27772,True,-0.023907893360066552,-0.005458107768757017,-0.018449785591309536,0.018449785591309536,1.106987135478572,0.018483266542265255,0.0011120043647078754,0.9958898744602146,0.03833691027470567,0.03945880825123896,-0.0011218979765332884,0.004664060916860582,0,0.703125,0.0010047042825419876,0.018224182070340423,0.05899147647391789,0.11951204571247519,0.3920359937703817,1.3598245897966792,1.0949653588902697,True
speed_700rpm__torque_200Nm__temperature_25degC,train,700.0,200.0,25.0,data/simplified_dataset/Test_25degree/700rpm/700.0rpm200.0Nm25.0deg.csv,27772,True,-0.033917384069765244,-0.009214327814970216,-0.024703056254795026,0.024703056254795026,1.4821833752877016,0.02471962948064934,0.0009050377522622811,0.9972883346403268,0.039361924535983986,0.03817041257735322,0.0011915119586307643,0.00356019130089709,0,0.17578125,0.0008140767450479813,0.009733296781069715,0.07476394667134344,0.0901392761115476,0.19956919635144163,0.2718719567079722,1.0674824576119712,True
speed_700rpm__torque_200Nm__temperature_35degC,train,700.0,200.0,35.0,data/simplified_dataset/Test_35degree/700rpm/700.0rpm200.0Nm35.0deg.csv,27772,True,-0.03185132511875388,-0.004750189328867851,-0.02710113578988603,0.02710113578988603,1.6260681473931617,0.027115601092127822,0.0008855853914569913,0.9973989018933783,0.039131764086150614,0.037820035865048104,0.0013117282211025094,0.002822978480659219,0,0.17578125,0.0008720945772023852,0.01616290168578506,0.04152077553775757,0.12836838562689956,0.25627342621740407,1.6570470324517368,1.785649953849203,True
speed_700rpm__torque_300Nm__temperature_25degC,train,700.0,300.0,25.0,data/simplified_dataset/Test_25degree/700rpm/700.0rpm300.0Nm25.0deg.csv,27771,True,-0.03841656930873919,-0.006112685687500613,-0.03230388362123858,0.03230388362123858,1.9382330172743147,0.0323141185000074,0.0008132388443713032,0.9978155815624771,0.03982946024735237,0.039395177709342116,0.0004342825380102555,0.0024104248063716895,0,0.0,0.0008132388443713032,0.012521209426432225,0.03982437172658471,0.22855890427131031,0.05425749823404063,0.055149338477929494,1.3777331056549673,True
speed_700rpm__torque_300Nm__temperature_30degC,train,700.0,300.0,30.0,data/simplified_dataset/Test_30degree/700rpm/700.0rpm300.0Nm30.0deg.csv,27771,True,-0.03164387647051292,0.00170938543657822,-0.03335326190709114,0.03335326190709114,2.0011957144254686,0.03336702620854687,0.0009583100536031813,0.9969493902137568,0.03970122854896527,0.038111628274937734,0.0015896002740275333,0.0034942403136365755,0,0.17578125,0.0009008454755955937,0.014709660692310882,0.04753961197504375,0.24737721728061257,0.0433795188526071,0.5257862270791775,1.6283681759420243,True
speed_700rpm__torque_300Nm__temperature_35degC,train,700.0,300.0,35.0,data/simplified_dataset/Test_35degree/700rpm/700.0rpm300.0Nm35.0deg.csv,27771,True,-0.03784493205466369,-0.002856612509830031,-0.034988319544833654,0.034988319544833654,2.0992991726900194,0.03500213229383082,0.0009832398199044327,0.9967789687384694,0.03989930533647748,0.03803741626623655,0.0018618890702409296,0.003283638243930528,0,0.17578125,0.0009683561887491848,0.016272629843352468,0.030602698699004005,0.2730755873764994,0.11277204997041348,1.4138126878316597,1.9386813482729255,True
speed_700rpm__torque_400Nm__temperature_35degC,train,700.0,400.0,35.0,data/simplified_dataset/Test_35degree/700rpm/700.0rpm400.0Nm35.0deg.csv,27772,True,-0.03600066288562569,0.006689733086922601,-0.042690395972548284,0.042690395972548284,2.561423758352897,0.04270874624561814,0.0012518376810254214,0.9947897882805757,0.04058132901362592,0.03816479989291249,0.002416529120713426,0.0048768839657490305,0,-0.3515625,0.000980466163190179,0.01650088989520537,0.022029317174355748,0.4104859681677797,0.02640708922631388,1.2484820478847223,2.188110047562515,True
speed_700rpm__torque_500Nm__temperature_25degC,train,700.0,500.0,25.0,data/simplified_dataset/Test_25degree/700rpm/700.0rpm500.0Nm25.0deg.csv,27772,True,-0.041537299233099706,0.005447918491272916,-0.04698521772437262,0.04698521772437262,2.8191130634623573,0.046997461141816965,0.0010726924861751519,0.9961526563496965,0.039627507710735074,0.03897509934534522,0.0006524083653898574,0.003617184238689465,0,-0.3515625,0.000986074158716757,0.01632382054100927,0.08940232577605234,0.571317177193678,0.06117192304297747,0.2688611449395472,1.7134542990379815,True
speed_700rpm__torque_500Nm__temperature_35degC,train,700.0,500.0,35.0,data/simplified_dataset/Test_35degree/700rpm/700.0rpm500.0Nm35.0deg.csv,27772,True,-0.03882010462830354,0.01156429089493078,-0.05038439552323432,0.05038439552323432,3.023063731394059,0.050400008466795716,0.0012544087098570716,0.9947463506817682,0.040663555107268545,0.03977670385763246,0.0008868512496360836,0.004394066485682543,0,0.703125,0.0011097910040438713,0.016766719382916885,0.08712505615435195,0.6235535170383233,0.037013129151498014,1.1889909395667917,2.292952294478048,True
speed_700rpm__torque_600Nm__temperature_35degC,train,700.0,600.0,35.0,data/simplified_dataset/Test_35degree/700rpm/700.0rpm600.0Nm35.0deg.csv,27771,True,-0.04618948347957283,0.011723948478089156,-0.057913431957661986,0.057913431957661986,3.4748059174597192,0.05793474287841805,0.0015712514991770797,0.9916795416208175,0.040680536052244635,0.03926829411385369,0.001412241938390943,0.006262653904283736,0,0.52734375,0.0013121368727449473,0.018607232239276225,0.1651140440487544,0.899755312322202,0.042756985306704604,1.137916470610021,2.420361311286551,True
speed_700rpm__torque_700Nm__temperature_25degC,train,700.0,700.0,25.0,data/simplified_dataset/Test_25degree/700rpm/700.0rpm700.0Nm25.0deg.csv,27771,True,-0.05273355999810723,0.009129633763569088,-0.061863193761676316,0.061863193761676316,3.711791625700579,0.06187469350063506,0.0011928761053953262,0.9952227102947133,0.041043196726762335,0.039047454585110664,0.0019957421416516713,0.003632121902650289,0,-0.17578125,0.001141416973818123,0.019590109678586,0.18346969816072756,0.965727554299235,0.055914858531602434,0.3983244971142107,1.9221102609664462,True
speed_700rpm__torque_700Nm__temperature_30degC,train,700.0,700.0,30.0,data/simplified_dataset/Test_30degree/700rpm/700.0rpm700.0Nm30.0deg.csv,27771,True,-0.04591815798181622,0.017427287525702426,-0.06334544550751864,0.06334544550751864,3.8007267304511183,0.06335909955101887,0.0013153058085124687,0.9941890992752292,0.04137921906695578,0.03860342814758307,0.00277579091937271,0.004373255072933319,0,-0.3515625,0.0012295478695217514,0.018192240961798403,0.2397939197169603,1.0832324689035644,0.07364793337473852,0.7121882977528968,2.137763017573881,True
speed_700rpm__torque_800Nm__temperature_25degC,train,700.0,800.0,25.0,data/simplified_dataset/Test_25degree/700rpm/700.0rpm800.0Nm25.0deg.csv,27772,True,-0.04669924246374177,0.019413813914150504,-0.06611305637789228,0.06611305637789228,3.966783382673537,0.06612852392186704,0.0014301931542901659,0.9931313620746072,0.04073380231825619,0.04017117425648097,0.0005626280617752194,0.004790771752255239,0,-0.3515625,0.001295773216854046,0.02106563133718729,0.3426069088894843,1.178575908396442,0.058719826819041365,0.14107543648866983,1.7234657214888172,True
speed_700rpm__torque_800Nm__temperature_30degC,train,700.0,800.0,30.0,data/simplified_dataset/Test_30degree/700rpm/700.0rpm800.0Nm30.0deg.csv,27772,True,-0.04951143787902535,0.02128072357796782,-0.07079216145699317,0.07079216145699317,4.247529687419591,0.07080630818386381,0.001415328539707373,0.9932656223241499,0.04116138461766121,0.039973463711626446,0.0011879209060347631,0.004307231660679658,0,0.87890625,0.0013915682083530992,0.021285006829556224,0.30156873309405463,1.2463102552520726,0.05737664036704355,0.746319247006999,2.2101748718549494,True
speed_700rpm__torque_800Nm__temperature_35degC,train,700.0,800.0,35.0,data/simplified_dataset/Test_35degree/700rpm/700.0rpm800.0Nm35.0deg.csv,27772,True,-0.05813314871913589,0.01445568033665408,-0.07258882905578998,0.07258882905578998,4.355329743347399,0.0726082647939158,0.001679884726013725,0.9905204653770079,0.041419107918347624,0.04063647521664575,0.0007826327017018755,0.005908416058829545,0,0.52734375,0.0013806266570182833,0.019919389589986427,0.33203778012501894,1.3012506523187546,0.043199171936846525,1.077307591562174,2.654024577008911,True
speed_700rpm__torque_900Nm__temperature_30degC,train,700.0,900.0,30.0,data/simplified_dataset/Test_30degree/700rpm/700.0rpm900.0Nm30.0deg.csv,27772,True,-0.053600703379375704,0.024533701182848974,-0.07813440456222467,0.07813440456222467,4.68806427373348,0.0781509664245743,0.0016088433116818305,0.9912954861062756,0.04188832601141669,0.04004547944713047,0.0018428465642862171,0.0048118458143902,0,-0.3515625,0.0015355352878285255,0.02048942671829994,0.4026338913920311,1.5262855629812466,0.09524108873161918,0.7746744430417007,2.351187346530312,True
speed_700rpm__torque_900Nm__temperature_35degC,train,700.0,900.0,35.0,data/simplified_dataset/Test_35degree/700rpm/700.0rpm900.0Nm35.0deg.csv,27772,True,-0.05713960872110752,0.022709432567939954,-0.07984904128904748,0.07984904128904748,4.790942477342848,0.0798703615773806,0.0018453356663516174,0.9885814632117695,0.04228695938261365,0.041624627032495205,0.0006623323501184428,0.006017727792995598,0,0.87890625,0.0016604701802271002,0.018859369264061756,0.42720071044323027,1.5486871592730078,0.026577790278653063,1.0552540650616404,2.6631004637463778,True
speed_700rpm__torque_1000Nm__temperature_30degC,train,700.0,1000.0,30.0,data/simplified_dataset/Test_30degree/700rpm/700.0rpm1000.0Nm30.0deg.csv,27771,True,-0.056560228964739445,0.028893482946886172,-0.08545371191162562,0.08545371191162562,5.127222714697537,0.08546939544928658,0.001637277921253405,0.9910036644751413,0.04234960767628219,0.03998379393737065,0.0023658137389115375,0.004750520285248487,0,0.0,0.001637277921253405,0.02106730144864711,0.4808777514182643,1.6789917526110958,0.1131449369971057,0.7771999755759891,2.459257374890199,True
speed_700rpm__torque_1100Nm__temperature_25degC,train,700.0,1100.0,25.0,data/simplified_dataset/Test_25degree/700rpm/700.0rpm1100.0Nm25.0deg.csv,27771,True,-0.06668857655228488,0.023031647412946665,-0.08972022396523155,0.08972022396523155,5.383213437913893,0.08973346972755249,0.00154175256583792,0.9920174617755256,0.04252996375636771,0.04047830330997685,0.0020516604463908586,0.004396472271442732,0,-0.17578125,0.001466748183642995,0.023753761836988685,0.5152099197093318,1.743273841239015,0.021644947265731324,0.3775250906735202,2.2160180045961986,True
speed_700rpm__torque_1100Nm__temperature_30degC,train,700.0,1100.0,30.0,data/simplified_dataset/Test_30degree/700rpm/700.0rpm1100.0Nm30.0deg.csv,27772,True,-0.0607427893962715,0.03199215724867173,-0.09273494664494322,0.09273494664494322,5.5640967986965935,0.09275199987383434,0.0017785250505112475,0.9893959436980297,0.04244803742953527,0.04041600789046553,0.002032029539069738,0.005252824200074249,0,0.3515625,0.0016982042521059442,0.02131651264697556,0.5516578706928541,1.8853591020025906,0.028407903291334496,0.8089940915345195,2.556588125549638,True
speed_700rpm__torque_1100Nm__temperature_35degC,train,700.0,1100.0,35.0,data/simplified_dataset/Test_35degree/700rpm/700.0rpm1100.0Nm35.0deg.csv,27772,True,-0.06608135876628651,0.028309351146805436,-0.09439070991309195,0.09439070991309195,5.663442594785517,0.0944092852066231,0.0018727026800928299,0.9882238674574143,0.04209511581259992,0.04047419317068196,0.00162092264191796,0.0050167125737647115,0,0.87890625,0.0017335490846341088,0.023698247678795442,0.569843285503566,1.9101776818048979,0.09774107360990911,1.0274564913038884,2.6849545594491273,True
speed_700rpm__torque_1200Nm__temperature_25degC,train,700.0,1200.0,25.0,data/simplified_dataset/Test_25degree/700rpm/700.0rpm1200.0Nm25.0deg.csv,27772,True,-0.07044873676000907,0.026537853398045555,-0.09698659015805462,0.09698659015805462,5.819195409483277,0.09700014440160418,0.0016215250369959037,0.9912077008275878,0.04276995539267234,0.0411131792435369,0.0016567761491354388,0.004188549452131218,0,-0.17578125,0.0016124521401268952,0.024193981752753328,0.578602711194605,1.9246173665028177,0.19226698779859921,0.4121048118595301,2.2955709286741635,True
speed_700rpm__torque_1200Nm__temperature_30degC,train,700.0,1200.0,30.0,data/simplified_dataset/Test_30degree/700rpm/700.0rpm1200.0Nm30.0deg.csv,27772,True,-0.06395522240745814,0.036100130379286166,-0.10005535278674431,0.10005535278674431,6.003321167204659,0.1000731757232456,0.0018886180280111011,0.9880673612559242,0.04327754424726033,0.04005281221448623,0.003224732032774104,0.0053642026169441375,0,0.87890625,0.0018734614452582535,0.020302859022063687,0.6350975992430805,2.0347091271419275,0.12074908642037141,0.832778329710488,2.6280994962772803,True
speed_700rpm__torque_1300Nm__temperature_25degC,train,700.0,1300.0,25.0,data/simplified_dataset/Test_25degree/700rpm/700.0rpm1300.0Nm25.0deg.csv,27771,True,-0.07410874959761105,0.03125685503963789,-0.10536560463724894,0.10536560463724894,6.321936278234936,0.10538467674574692,0.0020048571601285333,0.9865795821566412,0.04336852359610008,0.042183068863453875,0.001185454732646203,0.006515127712813096,0,0.3515625,0.0018530140394875042,0.024629430901051647,0.6418526388566256,2.09501321594287,0.28758027390449875,0.47095297096339217,2.549667142937813,True
speed_700rpm__torque_1300Nm__temperature_30degC,train,700.0,1300.0,30.0,data/simplified_dataset/Test_30degree/700rpm/700.0rpm1300.0Nm30.0deg.csv,27771,True,-0.06841372557692638,0.03920168682486444,-0.10761541240179082,0.10761541240179082,6.456924744107449,0.10763365678829805,0.0019816879708029088,0.9868998198022748,0.04330375436809814,0.04050250775290708,0.002801246615191065,0.0052059259834214295,0,0.703125,0.0018428489690671076,0.021876519549755107,0.6959871037947322,2.217749558840844,0.18064816855459453,0.8343540016834035,2.550681249802392,True
speed_700rpm__torque_1300Nm__temperature_35degC,train,700.0,1300.0,35.0,data/simplified_dataset/Test_35degree/700rpm/700.0rpm1300.0Nm35.0deg.csv,27771,True,-0.07276194619888068,0.03733613637584152,-0.1100980825747222,0.1100980825747222,6.605884954483332,0.11011798631192432,0.002093590877607362,0.985298869117851,0.04346126099867561,0.04213397512698286,0.0013272858716927502,0.005291640959329374,0,0.87890625,0.001907467939676302,0.02288662280663475,0.7197501780435829,2.190539559041842,0.012099968985475273,1.0216987292378346,2.7904960152769767,True
speed_700rpm__torque_1400Nm__temperature_35degC,train,700.0,1400.0,35.0,data/simplified_dataset/Test_35degree/700rpm/700.0rpm1400.0Nm35.0deg.csv,27772,True,-0.07783912289241957,0.03868718901427314,-0.11652631190669271,0.11652631190669271,6.991578714401562,0.11654762583412963,0.0022288384859493904,0.9833817845538266,0.044166101240568016,0.04149055905764973,0.0026755421829182877,0.005697488438373846,0,5.44921875,0.0019053615858722112,0.02877296921059238,0.7479453741735964,2.3182309495757116,0.2002304204804856,0.9630132453986919,2.8006126910608815,True
speed_700rpm__torque_1500Nm__temperature_25degC,train,700.0,1500.0,25.0,data/simplified_dataset/Test_25degree/700rpm/700.0rpm1500.0Nm25.0deg.csv,27772,True,-0.08157571859686052,0.037738715220580234,-0.11931443381744075,0.11931443381744075,7.158866029046445,0.11933349395606044,0.0021327593827390407,0.9849661611908277,0.04376675580031987,0.04287120114632155,0.0008955546539983206,0.005860369255733059,0,5.2734375,0.00203466571256347,0.030286736638388177,0.7624673242822411,2.3235366687106245,0.5282142458780007,0.46602982211020216,2.525981556574215,True
speed_700rpm__torque_1500Nm__temperature_30degC,train,700.0,1500.0,30.0,data/simplified_dataset/Test_30degree/700rpm/700.0rpm1500.0Nm30.0deg.csv,27772,True,-0.07712042572842559,0.044623195731060425,-0.12174362145948601,0.12174362145948601,7.304617287569161,0.12176262842824041,0.0021513520593155104,0.9845735197038539,0.044368389346134074,0.041705165757037845,0.0026632235890962294,0.005076399192330998,0,5.44921875,0.0020106242179444415,0.028227817234673318,0.8188731922939629,2.398826466841065,0.08858414039080052,0.7198625978993052,2.724889690204309,True
speed_700rpm__torque_1500Nm__temperature_35degC,train,700.0,1500.0,35.0,data/simplified_dataset/Test_35degree/700rpm/700.0rpm1500.0Nm35.0deg.csv,27772,True,-0.07981291810088748,0.04419899959621966,-0.12401191769710714,0.12401191769710714,7.440715061826428,0.12403624400950203,0.002456439917981709,0.9799041965323269,0.04518741811276779,0.041770374421505566,0.0034170436912622226,0.007130960817643149,0,5.09765625,0.002170508178965627,0.025882652240026907,0.8451608174828261,2.44640171613879,0.3584631987566721,0.9355933121637815,2.7784679957670173,True
speed_700rpm__torque_1600Nm__temperature_25degC,train,700.0,1600.0,25.0,data/simplified_dataset/Test_25degree/700rpm/700.0rpm1600.0Nm25.0deg.csv,27772,True,-0.08176037338247683,0.044586839477105344,-0.12634721285958217,0.12634721285958217,7.58083277157493,0.12636667984104888,0.0022180118722818815,0.9837597815820411,0.04563218703472418,0.0430073220661912,0.0026248649685329806,0.0056714417376257055,0,5.09765625,0.002084845446985502,0.0328168384802494,0.848356385396789,2.4046377472141915,0.6981954209660923,0.4791498084203056,2.448434314056455,True
speed_700rpm__torque_1700Nm__temperature_30degC,train,700.0,1700.0,30.0,data/simplified_dataset/Test_30degree/700rpm/700.0rpm1700.0Nm30.0deg.csv,27771,True,-0.08305936459936003,0.05354664276471366,-0.1366060073640737,0.1366060073640737,8.196360441844421,0.13662770255064421,0.0024347189394170413,0.9804543963770804,0.046346592253881935,0.04282712585238135,0.0035194664015005886,0.005776239432326817,0,5.44921875,0.0022128817077511267,0.028162903400667294,0.9286954315447047,2.6165706240308957,0.25462753407977323,0.7209835435677687,2.590728105842312,True
speed_700rpm__torque_1700Nm__temperature_35degC,train,700.0,1700.0,35.0,data/simplified_dataset/Test_35degree/700rpm/700.0rpm1700.0Nm35.0deg.csv,27772,True,-0.08624548587384818,0.05241177403416493,-0.13865725990801311,0.13865725990801311,8.319435594480787,0.13868123530233487,0.0025786236218713846,0.9778637659440419,0.04580726800902579,0.04464408005169691,0.001163187957328879,0.006036161982932123,0,5.44921875,0.0022385102648845062,0.027746596794320295,0.9867195015754118,2.703259159545563,0.4822270428433158,0.8715488767977742,2.691752758357774,True
speed_800rpm__torque_0Nm__temperature_25degC,train,800.0,0.0,25.0,data/simplified_dataset/Test_25degree/800rpm/800.0rpm0.0Nm25.0deg.csv,24300,True,-0.02508761112027321,-0.01655834096651848,-0.00852927015375473,0.00852927015375473,0.5117562092252838,0.008584495003437989,0.0009721651651445478,0.9969941717545091,0.03938054963610885,0.03878667875007902,0.0005938708860298292,0.002928770631356307,0,0.17578125,0.00090751297856109,0.005718730253980523,0.028284482286283108,0.4950741680057624,0.10737649961074548,1.4774823783427282,0.5245977922725662,True
speed_800rpm__torque_0Nm__temperature_30degC,train,800.0,0.0,30.0,data/simplified_dataset/Test_30degree/800rpm/800.0rpm0.0Nm30.0deg.csv,24300,True,-0.026316159580370608,-0.01756724272151525,-0.008748916858855357,0.008748916858855357,0.5249350115313214,0.008800236624053926,0.0009490091865606818,0.9972207542483558,0.038569558858841446,0.038587935609235485,-1.8376750394039076e-05,0.00265897848039249,0,0.17578125,0.0009130536476438503,0.007961582529157737,0.026640263622536464,0.4976586210638183,0.2629174560075642,1.8545971236615801,1.0214722518528494,True
speed_800rpm__torque_100Nm__temperature_25degC,train,800.0,100.0,25.0,data/simplified_dataset/Test_25degree/800rpm/800.0rpm100.0Nm25.0deg.csv,24300,True,-0.030433460509720695,-0.013078033203329916,-0.01735542730639078,0.01735542730639078,1.0413256383834468,0.01737232260893046,0.0007659868414939891,0.9980456977645221,0.03879113936641468,0.03866815836046878,0.00012298100594589773,0.0025672388742010725,0,0.0,0.0007659868414939891,0.0074585088012079255,0.08822601361421123,0.1838908264589929,0.194340025757248,1.0457575212617836,1.0888138307001112,True
speed_800rpm__torque_100Nm__temperature_30degC,train,800.0,100.0,30.0,data/simplified_dataset/Test_30degree/800rpm/800.0rpm100.0Nm30.0deg.csv,24300,True,-0.030528527145066597,-0.013303798002961626,-0.01722472914210497,0.01722472914210497,1.0334837485262982,0.017244329646284747,0.0008219555528463225,0.9977431104195285,0.038587312823343545,0.03867934345717436,-9.203063383081411e-05,0.0029140964098383847,0,0.0,0.0008219555528463225,0.011031380191399518,0.0911526195395711,0.16417194116519987,0.26747341532965846,1.0100450965884997,0.9925370137076976,True
speed_800rpm__torque_200Nm__temperature_25degC,train,800.0,200.0,25.0,data/simplified_dataset/Test_25degree/800rpm/800.0rpm200.0Nm25.0deg.csv,24300,True,-0.019518123447262378,-0.0026404143432144974,-0.01687770910404788,0.01687770910404788,1.0126625462428727,0.01689811812623024,0.0008302599636080117,0.9976799996717213,0.03864786467958409,0.0383529084087533,0.00029495627083078735,0.002660815409374451,0,0.0,0.0008302599636080117,0.00520608120214784,0.022579217560665166,0.11661631205912926,0.1824976890585815,0.8666813504257799,0.8586365644848684,True
speed_800rpm__torque_200Nm__temperature_35degC,train,800.0,200.0,35.0,data/simplified_dataset/Test_35degree/800rpm/800.0rpm200.0Nm35.0deg.csv,24300,True,-0.027490957885722367,-0.0009011734522709077,-0.02658978443345146,0.02658978443345146,1.5953870660070877,0.026610870468298055,0.0010591462897635844,0.9962746958782163,0.040435669353411426,0.03828874936806992,0.002146919985341507,0.004062249721935881,0,0.3515625,0.0009016299679462359,0.016150413312693124,0.06213927405212716,0.10696882641097383,0.27539630733946113,1.036987102999959,1.6477344024223397,True
speed_800rpm__torque_300Nm__temperature_25degC,train,800.0,300.0,25.0,data/simplified_dataset/Test_25degree/800rpm/800.0rpm300.0Nm25.0deg.csv,24300,True,-0.03808712394292528,-0.005774320253389597,-0.03231280368953568,0.03231280368953568,1.9387682213721407,0.0323272064361605,0.0009648801416062254,0.9969087988580291,0.03998829405610377,0.03830298463648119,0.0016853094196225757,0.003587685873073246,0,-0.17578125,0.0009228849897311947,0.010849382560139497,0.0412406280072386,0.19933800483663444,0.13507979279347426,0.13696594234205092,1.4805071634098652,True
speed_800rpm__torque_300Nm__temperature_30degC,train,800.0,300.0,30.0,data/simplified_dataset/Test_30degree/800rpm/800.0rpm300.0Nm30.0deg.csv,24300,True,-0.03870698237259454,-0.005602230996075199,-0.03310475137651934,0.03310475137651934,1.9862850825911602,0.03311592113933311,0.0008600402347392749,0.9975591493696156,0.039321991182018845,0.038667465942608226,0.0006545252394106194,0.002690973664241039,0,-0.17578125,0.0008459555355475466,0.01472892300123367,0.047892930439631165,0.20967863194471792,0.1370457762166129,0.4486777932385799,1.5395040574200485,True
speed_800rpm__torque_300Nm__temperature_35degC,train,800.0,300.0,35.0,data/simplified_dataset/Test_35degree/800rpm/800.0rpm300.0Nm35.0deg.csv,24300,True,-0.03182803896990721,0.0024764750960043526,-0.03430451406591156,0.03430451406591156,2.058270843954694,0.03431881076071202,0.0009904982237432876,0.9967183398941122,0.03974143468457601,0.03797934305681783,0.001762091627758186,0.0033503494210209658,0,0.3515625,0.0009251730286382585,0.01750129216225013,0.0648945546212405,0.2602026468199288,0.08719752482577778,1.0226761342400648,1.8663411325141404,True
speed_800rpm__torque_400Nm__temperature_30degC,train,800.0,400.0,30.0,data/simplified_dataset/Test_30degree/800rpm/800.0rpm400.0Nm30.0deg.csv,24300,True,-0.042080192446336394,-0.0014578047339400624,-0.04062238771239633,0.04062238771239633,2.43734326274378,0.04063261806780548,0.0009117387717455289,0.9972326043591153,0.039575892202918204,0.038257418489707,0.001318473713211206,0.00265775380733052,0,0.0,0.0009117387717455289,0.014142398813251439,0.013163765325705292,0.355675069344761,0.0852805176395818,0.49792724368460806,1.6705454603340126,True
speed_800rpm__torque_400Nm__temperature_35degC,train,800.0,400.0,35.0,data/simplified_dataset/Test_35degree/800rpm/800.0rpm400.0Nm35.0deg.csv,24300,True,-0.035224103416572956,0.007035488676652611,-0.042259592093225565,0.042259592093225565,2.5355755255935337,0.042273208416089045,0.0010728587531863294,0.9961446608760913,0.03950716189507476,0.03800515912440906,0.0015020027706657002,0.003651870705499667,0,0.52734375,0.0009971976835609381,0.015564211585890114,0.03925641739657282,0.3918670921877292,0.058598863528030426,1.0147706895847404,2.04902569063999,True
speed_800rpm__torque_500Nm__temperature_25degC,train,800.0,500.0,25.0,data/simplified_dataset/Test_25degree/800rpm/800.0rpm500.0Nm25.0deg.csv,24300,True,-0.04384955204804446,0.0030740005024475284,-0.046923552550491986,0.046923552550491986,2.8154131530295192,0.046936548142097204,0.0011044308654804833,0.9959186615888941,0.040643952757103696,0.038406306772208014,0.0022376459848956823,0.00379388109414026,0,0.17578125,0.0010582247029814484,0.014224484971852972,0.12176710927368006,0.5981385499717378,0.07134781011284277,0.26599166969954047,1.6587789126862618,True
speed_800rpm__torque_500Nm__temperature_30degC,train,800.0,500.0,30.0,data/simplified_dataset/Test_30degree/800rpm/800.0rpm500.0Nm30.0deg.csv,24300,True,-0.04619444660708448,0.0020093796650179734,-0.04820382627210246,0.04820382627210246,2.892229576326147,0.04821468499394689,0.0010232212832487228,0.9965044704417186,0.03998135954770901,0.0378336066715864,0.002147752876122608,0.0031261892731778767,0,0.0,0.0010232212832487228,0.020039098016354957,0.09319507603706567,0.5553247037309144,0.07820361018860869,0.5694585641378905,1.8732289898056182,True
speed_800rpm__torque_500Nm__temperature_35degC,train,800.0,500.0,35.0,data/simplified_dataset/Test_35degree/800rpm/800.0rpm500.0Nm35.0deg.csv,24300,True,-0.04007847483879706,0.009614962874753379,-0.04969343771355044,0.04969343771355044,2.9816062628130267,0.04970627826495816,0.001129755355346734,0.9957309482757876,0.04000485672970043,0.037519127906452315,0.002485728823248115,0.0035123871159520813,0,0.52734375,0.0010595639305744817,0.018476972425895452,0.11863862450663286,0.6596932526776389,0.029660844945425563,0.9543982153193286,2.2242996283475494,True
speed_800rpm__torque_600Nm__temperature_30degC,train,800.0,600.0,30.0,data/simplified_dataset/Test_30degree/800rpm/800.0rpm600.0Nm30.0deg.csv,24300,True,-0.0495738804552423,0.0060160811419378395,-0.055589961597180146,0.055589961597180146,3.335397695830809,0.05560067310180285,0.0010913381682960102,0.9959878846457616,0.04067833747601396,0.038926565048346934,0.0017517724276670255,0.003236646763441831,0,-0.17578125,0.0010756287387403312,0.01633291438797664,0.17619310484970607,0.8469087001628657,0.02986968700310222,0.5957543408118944,1.9037924844285485,True
speed_800rpm__torque_700Nm__temperature_25degC,train,800.0,700.0,25.0,data/simplified_dataset/Test_25degree/800rpm/800.0rpm700.0Nm25.0deg.csv,24300,True,-0.05258950303136997,0.008947646061608049,-0.06153714909297802,0.06153714909297802,3.692228945578681,0.06154863857434308,0.0011891979918026898,0.9952653752495442,0.04078525441205211,0.03948714848940116,0.0012981059226509495,0.0032583567566028503,0,-0.17578125,0.0011790014940782684,0.016113472422891902,0.2931359263646849,1.050117204603356,0.03167639442597387,0.3709520431036633,1.9695954696028788,True
speed_800rpm__torque_700Nm__temperature_35degC,train,800.0,700.0,35.0,data/simplified_dataset/Test_35degree/800rpm/800.0rpm700.0Nm35.0deg.csv,24300,True,-0.04674280187148633,0.017772648001290862,-0.06451544987277719,0.06451544987277719,3.8709269923666314,0.06452684383468568,0.0012125605053307914,0.9950580842257064,0.039904468279283775,0.03881225680426278,0.0010922114750209974,0.003192527367087032,0,0.0,0.0012125605053307914,0.019518709203346103,0.27291392784403024,1.0697789648797102,0.03624864178520415,0.9497716555205431,2.4217590973444754,True
speed_800rpm__torque_800Nm__temperature_30degC,train,800.0,800.0,30.0,data/simplified_dataset/Test_30degree/800rpm/800.0rpm800.0Nm30.0deg.csv,24300,True,-0.057167711162771265,0.01315552535988929,-0.07032323652266055,0.07032323652266055,4.219394191359633,0.0703359864028983,0.0013391744646001208,0.9939711632498774,0.04125633282970828,0.039630128152141404,0.0016262046775668768,0.003694191039885681,0,0.52734375,0.0013232762257621162,0.021233811504096152,0.33006578987734114,1.2798856821567288,0.12840677810413864,0.6920629172472854,2.204936634544657,True
speed_800rpm__torque_900Nm__temperature_25degC,train,800.0,900.0,25.0,data/simplified_dataset/Test_25degree/800rpm/800.0rpm900.0Nm25.0deg.csv,24300,True,-0.059636255311389205,0.01664464912228435,-0.07628090443367355,0.07628090443367355,4.576854266020413,0.07629362752369939,0.0013932765359909963,0.993485099380718,0.04134226127388843,0.040751004104208184,0.0005912571696802468,0.0038503510275084084,0,0.17578125,0.0013916884862071055,0.017469010008527658,0.4269165746434187,1.424892158863512,0.2185909160734117,0.4876196403356334,2.126970952543312,True
speed_800rpm__torque_1000Nm__temperature_25degC,train,800.0,1000.0,25.0,data/simplified_dataset/Test_25degree/800rpm/800.0rpm1000.0Nm25.0deg.csv,24300,True,-0.06327445449315919,0.019480052733446343,-0.08275450722660553,0.08275450722660553,4.965270433596332,0.08276862299056581,0.00152855665125951,0.9921700399034125,0.04177774007147535,0.039480393129017397,0.0022973469424579507,0.004276368624373731,0,-0.3515625,0.0014605296672721864,0.019224682077871785,0.5200128051506863,1.6429255875267927,0.09002913851787137,0.44639741543357975,2.0882746421680256,True
speed_800rpm__torque_1000Nm__temperature_30degC,train,800.0,1000.0,30.0,data/simplified_dataset/Test_30degree/800rpm/800.0rpm1000.0Nm30.0deg.csv,24300,True,-0.06399005908644587,0.020891223969310254,-0.08488128305575612,0.08488128305575612,5.092876983345367,0.08489565268711587,0.0015619321304120718,0.9917867185240198,0.04213435821514954,0.04064901716966928,0.0014853410454802596,0.00419937807523479,0,0.3515625,0.0015104802525870214,0.018099936194693748,0.4535519071054208,1.6772725337216143,0.06541588220523814,0.723305634542222,2.3535102780952526,True
speed_800rpm__torque_1000Nm__temperature_35degC,train,800.0,1000.0,35.0,data/simplified_dataset/Test_35degree/800rpm/800.0rpm1000.0Nm35.0deg.csv,24300,True,-0.057809026707304194,0.028878228699035665,-0.08668725540633986,0.08668725540633986,5.2012353243803915,0.08670250679774212,0.0016261719246495872,0.9911111254378792,0.041497515602252795,0.04067826498498724,0.0008192506172655517,0.0040773690967847625,0,0.52734375,0.0014815221236463146,0.019040303812817263,0.5261782007611455,1.738878406047668,0.031529718469195965,0.9606220602198169,2.600921363813725,True
speed_800rpm__torque_1100Nm__temperature_25degC,train,800.0,1100.0,25.0,data/simplified_dataset/Test_25degree/800rpm/800.0rpm1100.0Nm25.0deg.csv,24300,True,-0.06719034604675768,0.023266743283553656,-0.09045708933031134,0.09045708933031134,5.42742535981868,0.09047110750965796,0.0015925714778831325,0.9914717233494387,0.04200633358527353,0.041033900752400376,0.0009724328328731546,0.004123880657158889,0,0.52734375,0.0015884461956873605,0.02156677030990107,0.5168939428671024,1.836107354353659,0.021558891216655884,0.45128740840952014,1.6028581886168358,True
speed_800rpm__torque_1100Nm__temperature_30degC,train,800.0,1100.0,30.0,data/simplified_dataset/Test_30degree/800rpm/800.0rpm1100.0Nm30.0deg.csv,24300,True,-0.06778198557281936,0.024504934481913536,-0.09228692005473291,0.09228692005473291,5.537215203283974,0.09230252154036078,0.0016970178314043701,0.9903376676304196,0.042632922366509333,0.041488822439295456,0.0011440999272138777,0.00428618061180716,0,0.17578125,0.0016737493373772479,0.023639245630011206,0.5185354222093275,1.8497225393106613,0.16689788495672678,0.7713456260782985,1.8270869533870624,True
speed_800rpm__torque_1200Nm__temperature_35degC,train,800.0,1200.0,35.0,data/simplified_dataset/Test_35degree/800rpm/800.0rpm1200.0Nm35.0deg.csv,24300,True,-0.06393220983320944,0.03734489200473117,-0.10127710183794061,0.10127710183794061,6.076626110276437,0.1012959176183172,0.0019523241135401828,0.9872410231983739,0.04210163930919283,0.041400853463403525,0.0007007858457893021,0.004809275471617592,0,0.703125,0.0017255937862629635,0.021282723051148967,0.6440715020791115,2.0900498961742877,0.025366405206550452,0.9658385286918405,2.1487965088348107,True
speed_800rpm__torque_1300Nm__temperature_25degC,train,800.0,1300.0,25.0,data/simplified_dataset/Test_25degree/800rpm/800.0rpm1300.0Nm25.0deg.csv,24300,True,-0.06658049258789671,0.037381073683569646,-0.10396156627146635,0.10396156627146635,6.237693976287981,0.10397902281345074,0.0019052358446179417,0.987865490352226,0.04299158491565998,0.041945780942132194,0.001045803973527784,0.005224936356083615,0,0.52734375,0.001797691445213748,0.021505009752996608,0.6836244491224651,2.1206712464383957,0.27053781874435306,0.4712847508082052,2.2158775670210735,True
speed_800rpm__torque_1300Nm__temperature_30degC,train,800.0,1300.0,30.0,data/simplified_dataset/Test_30degree/800rpm/800.0rpm1300.0Nm30.0deg.csv,24300,True,-0.07497886631222753,0.03217060799098283,-0.10714947430321035,0.10714947430321035,6.428968458192621,0.10716926370300227,0.002059426907977387,0.9856534709271081,0.04299702846205151,0.04176271000913554,0.0012343184529159668,0.005460064147043905,0,0.52734375,0.0017955563396106745,0.02187475094512152,0.665961785140152,2.1251305445274,0.461990653748476,0.7306357538087884,2.169246057397932,True
speed_800rpm__torque_1300Nm__temperature_35degC,train,800.0,1300.0,35.0,data/simplified_dataset/Test_35degree/800rpm/800.0rpm1300.0Nm35.0deg.csv,24300,True,-0.06871086455432726,0.03996930997313936,-0.10868017452746662,0.10868017452746662,6.520810471647997,0.10870058598246728,0.002106432436883842,0.9851759320665603,0.04273035032524617,0.04235823102067665,0.0003721193045695195,0.005202404448628335,0,0.703125,0.0018064286004749572,0.02442200444613457,0.7132222042150516,2.201043899336498,0.04569416152496018,0.9594855844032979,2.7194936593396406,True
speed_800rpm__torque_1400Nm__temperature_25degC,train,800.0,1400.0,25.0,data/simplified_dataset/Test_25degree/800rpm/800.0rpm1400.0Nm25.0deg.csv,24300,True,-0.0774420930698937,0.034200664545837804,-0.1116427576157315,0.1116427576157315,6.69856545694389,0.11166045199257175,0.001987765363528522,0.9868897613651211,0.043213982541473434,0.04319071942382408,2.3263117649351128e-05,0.004924373804677929,0,0.52734375,0.0018710837985757465,0.026881914901257027,0.7190020789054532,2.2025254155595118,0.576175707548655,0.50420775352884,2.225593311618161,True
speed_800rpm__torque_1400Nm__temperature_30degC,train,800.0,1400.0,30.0,data/simplified_dataset/Test_30degree/800rpm/800.0rpm1400.0Nm30.0deg.csv,24300,True,-0.07822627850440891,0.03540993201087754,-0.11363621051528645,0.11363621051528645,6.8181726309171875,0.11365571863278592,0.00210571547472686,0.985198693280727,0.043310779364919075,0.04247052180253988,0.0008402575623791958,0.005237963990947272,0,5.09765625,0.0018496623795784082,0.025610150978875947,0.7205420737223047,2.2884560269271916,0.35138969173829154,0.694481551030897,2.1771297845876143,True
speed_800rpm__torque_1400Nm__temperature_35degC,train,800.0,1400.0,35.0,data/simplified_dataset/Test_35degree/800rpm/800.0rpm1400.0Nm35.0deg.csv,24300,True,-0.07231591162509161,0.04378918868437673,-0.11610510030946834,0.11610510030946834,6.9663060185681,0.11612691944633842,0.00225102248426506,0.9831180486514467,0.043249952893800375,0.04273786262038688,0.000512090273413493,0.005584993452204221,0,5.09765625,0.0018753232698082664,0.026215818150530833,0.7594493171666721,2.3463466817242336,0.13733888432422792,0.9298969072493548,2.82146350616835,True
speed_800rpm__torque_1500Nm__temperature_30degC,train,800.0,1500.0,30.0,data/simplified_dataset/Test_30degree/800rpm/800.0rpm1500.0Nm30.0deg.csv,24300,True,-0.08243069931508815,0.03852570559743827,-0.12095640491252642,0.12095640491252642,7.257384294751585,0.1209775888173675,0.0022638698507201106,0.983017777552499,0.04429030245097943,0.04286190213822915,0.0014284003127502803,0.005344685092351313,0,5.09765625,0.0019374646346351498,0.029021669046408995,0.7889273974506408,2.3220486622183887,0.5573843186293531,0.6971016870638509,2.221751490666067,True
speed_800rpm__torque_1500Nm__temperature_35degC,train,800.0,1500.0,35.0,data/simplified_dataset/Test_35degree/800rpm/800.0rpm1500.0Nm35.0deg.csv,24300,True,-0.07567849234456278,0.04768767915227683,-0.12336617149683961,0.12336617149683961,7.401970289810376,0.12339009200372571,0.0024295133052221435,0.9803615058307906,0.04415671264735378,0.0430266606773496,0.0011300519700041811,0.006292271512811354,0,5.09765625,0.001946992515453073,0.029205756288611554,0.837250068580812,2.446268916468843,0.024352126230991235,0.8708156561373106,2.8957990753233704,True
speed_800rpm__torque_1600Nm__temperature_30degC,train,800.0,1600.0,30.0,data/simplified_dataset/Test_30degree/800rpm/800.0rpm1600.0Nm30.0deg.csv,24300,True,-0.07798747828839346,0.05050868699580194,-0.12849616528419538,0.12849616528419538,7.709769917051723,0.12851937596376067,0.00244243840683891,0.9803244356600689,0.045089438165953094,0.04349222975896823,0.0015972084069848652,0.005811383529787091,0,5.09765625,0.001988855245822434,0.03380260378134618,0.9061029665900198,2.4053940106870964,0.5238957501648421,0.7103787600151517,2.1745905417081146,True
speed_800rpm__torque_1600Nm__temperature_35degC,train,800.0,1600.0,35.0,data/simplified_dataset/Test_35degree/800rpm/800.0rpm1600.0Nm35.0deg.csv,24300,True,-0.08632640934784408,0.043469912817820394,-0.12979632216566447,0.12979632216566447,7.787779329939869,0.12982045594612315,0.0025031049371403075,0.9792247404755691,0.0445704517751406,0.042800952855149885,0.0017694989199907168,0.006310456123517682,0,5.09765625,0.001975673754526766,0.02996863960832731,0.8776341040877682,2.5529525298968454,0.013284624584322391,0.7786458467728136,3.001865250716148,True
speed_800rpm__torque_1700Nm__temperature_35degC,train,800.0,1700.0,35.0,data/simplified_dataset/Test_35degree/800rpm/800.0rpm1700.0Nm35.0deg.csv,24300,True,-0.08309506565548438,0.05366647884498445,-0.13676154450046885,0.13676154450046885,8.205692670028132,0.13678951413977852,0.002766066601323026,0.9748704356562116,0.04710401557176715,0.04292564965856281,0.004178365913204335,0.007992715072260076,0,5.2734375,0.0023826668017587647,0.02492183237839697,1.0160096137679453,2.6930933963637647,0.17593513536863195,0.6984780273101664,2.818153300519488,True
speed_800rpm__torque_1800Nm__temperature_25degC,train,800.0,1800.0,25.0,data/simplified_dataset/Test_25degree/800rpm/800.0rpm1800.0Nm25.0deg.csv,24300,True,-0.08565771301062897,0.05549989037800809,-0.14115760338863706,0.14115760338863706,8.469456203318224,0.14118064278713208,0.0025504712043120455,0.978605268502207,0.045620974775226586,0.04315244520233649,0.0024685295728900936,0.006108459316874403,0,5.09765625,0.0021993901286861623,0.03415229270420119,0.9493339088523851,2.6528664200642766,0.13075205947407811,0.38927449805306563,2.476100600539939,True
speed_900rpm__torque_0Nm__temperature_25degC,train,900.0,0.0,25.0,data/simplified_dataset/Test_25degree/900rpm/900.0rpm0.0Nm25.0deg.csv,21600,True,-0.02590259482286381,-0.017198768930503965,-0.008703825892359844,0.008703825892359844,0.5222295535415906,0.00875045066250846,0.0009021095457211154,0.9973966658593375,0.03855109066340437,0.03870091841015451,-0.0001498277467501391,0.002938589882163404,0,0.17578125,0.0008926076311846012,0.004074881363842733,0.048811893097644665,0.4702762420279281,0.12529529153737373,1.4698418919018978,0.5383978705907423,True
speed_900rpm__torque_0Nm__temperature_35degC,train,900.0,0.0,35.0,data/simplified_dataset/Test_35degree/900rpm/900.0rpm0.0Nm35.0deg.csv,21600,True,-0.02619097930964312,-0.017788623318246894,-0.008402355991396226,0.008402355991396226,0.5041413594837736,0.008457450891391258,0.0009637890713961807,0.9972008491542905,0.03831098804726018,0.039312719357440934,-0.0010017313101807548,0.0027602036270047235,0,0.0,0.0009637890713961807,0.0040211736698386675,0.0441080265415128,0.546564322164156,0.38794001036358466,1.9965047714573627,1.3650656265353327,True
speed_900rpm__torque_100Nm__temperature_25degC,train,900.0,100.0,25.0,data/simplified_dataset/Test_25degree/900rpm/900.0rpm100.0Nm25.0deg.csv,21600,True,-0.02638815168161402,-0.009391308500479612,-0.01699684318113441,0.01699684318113441,1.0198105908680646,0.017021280465922675,0.000911762345968325,0.9972281989830405,0.03995810504281823,0.03871076505968496,0.0012473399831332693,0.0031722517949369687,0,-0.17578125,0.0009117206934531634,0.006585338093659858,0.08223607725839564,0.1389016286988287,0.20388811953743102,1.0771853547976489,1.030921799321779,True
speed_900rpm__torque_100Nm__temperature_30degC,train,900.0,100.0,30.0,data/simplified_dataset/Test_30degree/900rpm/900.0rpm100.0Nm30.0deg.csv,21600,True,-0.030016124023682096,-0.011884794476588984,-0.018131329547093112,0.018131329547093112,1.0878797728255867,0.018152225736680364,0.00087073994401845,0.9974786850433452,0.03869395498807945,0.03807435150512018,0.0006196034829592661,0.0026331666654906814,0,0.3515625,0.000821618759300907,0.01553476551566891,0.08199891875743215,0.10311376335289113,0.3656689492140367,0.7940565410555627,1.0972885092804936,True
speed_900rpm__torque_200Nm__temperature_25degC,train,900.0,200.0,25.0,data/simplified_dataset/Test_25degree/900rpm/900.0rpm200.0Nm25.0deg.csv,21600,True,-0.030923847928122417,-0.006508320173903993,-0.024415527754218423,0.024415527754218423,1.4649316652531055,0.024429780648442666,0.0008343782200019189,0.9976943471367236,0.04054194637538277,0.03869248500823969,0.0018494613671430765,0.002653837060966965,0,0.0,0.0008343782200019189,0.00823396349318074,0.09033380956365611,0.0561501012405885,0.22369580382657647,0.14176328738037441,0.8877818803994121,True
speed_900rpm__torque_200Nm__temperature_35degC,train,900.0,200.0,35.0,data/simplified_dataset/Test_35degree/900rpm/900.0rpm200.0Nm35.0deg.csv,21600,True,-0.026505578155430774,-0.0019191513679048446,-0.024586426787525928,0.024586426787525928,1.4751856072515557,0.024597830625261413,0.0007489254239747413,0.9981436757950399,0.0394170035867341,0.03791015220678508,0.0015068513799490202,0.002054168615309998,0,0.0,0.0007489254239747413,0.012354118793820474,0.07019825701137439,0.07741884391324039,0.2715233216576596,0.028034498453599652,1.2993462924327934,True
speed_900rpm__torque_300Nm__temperature_25degC,train,900.0,300.0,25.0,data/simplified_dataset/Test_25degree/900rpm/900.0rpm300.0Nm25.0deg.csv,21600,True,-0.033913732625122164,-0.0019111424051191958,-0.03200259022000297,0.03200259022000297,1.9201554132001784,0.03201342523783299,0.0008328353191913896,0.9976991785304347,0.04037057035725023,0.03883693802680764,0.00153363233044259,0.002282601895680103,0,0.0,0.0008328353191913896,0.009715971671891276,0.07300722512569435,0.20189797544497215,0.137617316797629,0.020103921548871334,1.4440340658894035,True
speed_900rpm__torque_400Nm__temperature_25degC,train,900.0,400.0,25.0,data/simplified_dataset/Test_25degree/900rpm/900.0rpm400.0Nm25.0deg.csv,21600,True,-0.040857460435651555,-0.0011314656158970407,-0.039725994819754515,0.039725994819754515,2.383559689185271,0.03973695216367049,0.0009331145903234605,0.9971187616804478,0.0406101570830629,0.03834330303096056,0.002266854052102335,0.002386876352534971,0,-0.17578125,0.0008975035372568566,0.013603063616054654,0.04135492239349614,0.36280425402882144,0.05635247670896956,0.18019196912826296,1.554383000349084,True
speed_900rpm__torque_400Nm__temperature_30degC,train,900.0,400.0,30.0,data/simplified_dataset/Test_30degree/900rpm/900.0rpm400.0Nm30.0deg.csv,21600,True,-0.04214372015792354,-0.001480957850847041,-0.040662762307076494,0.040662762307076494,2.4397657384245894,0.04067385476229228,0.0009498540847125644,0.9969745729184848,0.040199390356682164,0.038456160924182844,0.00174322943249932,0.0025548259987197533,0,-0.17578125,0.0009203867735857002,0.016584886471983563,0.0287173732296977,0.37881615276516856,0.16728325342033531,0.62810953368211,1.848856407016561,True
speed_900rpm__torque_400Nm__temperature_35degC,train,900.0,400.0,35.0,data/simplified_dataset/Test_35degree/900rpm/900.0rpm400.0Nm35.0deg.csv,21600,True,-0.03511710544439327,0.0052469990247592255,-0.04036410446915249,0.04036410446915249,2.4218462681491495,0.04037604366636912,0.000981821038626787,0.9967860165474662,0.0397135728342376,0.03796890170652731,0.00174467112771029,0.0028720131467545895,0,-0.3515625,0.000952386126672475,0.016634859141222466,0.03430324447406141,0.385429835450279,0.0403470188539857,0.5048364690392607,1.7688247181722354,True
speed_900rpm__torque_500Nm__temperature_30degC,train,900.0,500.0,30.0,data/simplified_dataset/Test_30degree/900rpm/900.0rpm500.0Nm30.0deg.csv,21600,True,-0.04506403006493705,0.003238159235537595,-0.04830218930047464,0.04830218930047464,2.898131358028478,0.04831182489522785,0.0009648489458309264,0.9968331939393846,0.04005115518898925,0.0383032713405627,0.00174788384842655,0.002288441082748187,0,0.0,0.0009648489458309264,0.015712537056700258,0.09456245849263632,0.5310406998296762,0.17622795740582145,0.5730902652376435,1.8740810369989385,True
speed_900rpm__torque_500Nm__temperature_35degC,train,900.0,500.0,35.0,data/simplified_dataset/Test_35degree/900rpm/900.0rpm500.0Nm35.0deg.csv,21600,True,-0.04193354273277171,0.005934309656695546,-0.04786785238946725,0.04786785238946725,2.8720711433680353,0.0478793037785272,0.0010471093241217603,0.9963436343151617,0.0410715913841906,0.03866254938982267,0.002409041994367929,0.0030109104017438564,0,-0.3515625,0.0010024068049111375,0.016043266964715207,0.09470503133994335,0.5805848757369669,0.0750502744697596,0.5726983914662891,1.8796202332564402,True
speed_900rpm__torque_600Nm__temperature_25degC,train,900.0,600.0,25.0,data/simplified_dataset/Test_25degree/900rpm/900.0rpm600.0Nm25.0deg.csv,21600,True,-0.04842076501032866,0.005918913563665123,-0.054339678573993785,0.054339678573993785,3.260380714439627,0.05435083499144319,0.0011011797047379636,0.9959604393830193,0.04084762603913783,0.03911359730757012,0.0017340287315677078,0.0028457831018193582,0,0.0,0.0011011797047379636,0.014558840377734361,0.1813744106211328,0.8266424760158475,0.10538188416502514,0.29570292289249595,1.8410734275366032,True
speed_900rpm__torque_600Nm__temperature_30degC,train,900.0,600.0,30.0,data/simplified_dataset/Test_30degree/900rpm/900.0rpm600.0Nm30.0deg.csv,21600,True,-0.04916961422343641,0.005822597571237654,-0.05499221179467406,0.05499221179467406,3.2995327076804437,0.0550031574209669,0.001097254849784827,0.9959611378385084,0.04124907326968497,0.039248605590165755,0.0020004676795192175,0.0028263666397965476,0,-0.17578125,0.0010649337905565086,0.020329067224578275,0.1772762670354311,0.7956590303182971,0.11153269671823537,0.531193460949311,1.7933625882809276,True
speed_900rpm__torque_600Nm__temperature_35degC,train,900.0,600.0,35.0,data/simplified_dataset/Test_35degree/900rpm/900.0rpm600.0Nm35.0deg.csv,21600,True,-0.041738448831285184,0.013459815192536138,-0.055198264023821324,0.055198264023821324,3.3118958414292794,0.05521213432680784,0.0012375078496663797,0.9948692555651093,0.041431165754658994,0.03894088824187058,0.002490277512788415,0.0037736398201653125,0,-0.3515625,0.0011003788375824877,0.02271220150013261,0.19428505212431135,0.8612126489799086,0.04342673784782791,0.6299987953196892,1.965248910974565,True
speed_900rpm__torque_700Nm__temperature_30degC,train,900.0,700.0,30.0,data/simplified_dataset/Test_30degree/900rpm/900.0rpm700.0Nm30.0deg.csv,21600,True,-0.05233490195591757,0.009932384260580499,-0.06226728621649807,0.06226728621649807,3.7360371729898842,0.062277882155721595,0.0011487702270930897,0.9955743217705011,0.040530029795357025,0.039635472128664404,0.0008945576666926219,0.0027819959447652675,0,0.0,0.0011487702270930897,0.01646537697169032,0.25416475339404765,1.0072114690688845,0.14056496089584913,0.5738288490733269,1.960645626328922,True
speed_900rpm__torque_700Nm__temperature_35degC,train,900.0,700.0,35.0,data/simplified_dataset/Test_35degree/900rpm/900.0rpm700.0Nm35.0deg.csv,21600,True,-0.045402671803331004,0.017123498378313007,-0.06252617018164401,0.06252617018164401,3.751570210898641,0.06253720417321468,0.0011747119725403423,0.9953635039521151,0.04036294471153988,0.039196705270802774,0.001166239440737106,0.002843751166264494,0,-0.3515625,0.0011606934168170646,0.019899608322376295,0.2574260893094735,1.098514331471553,0.06500634350567563,0.667175143462035,2.1350950215990196,True
speed_900rpm__torque_800Nm__temperature_25degC,train,900.0,800.0,25.0,data/simplified_dataset/Test_25degree/900rpm/900.0rpm800.0Nm25.0deg.csv,21600,True,-0.05599523134575457,0.012981447011002564,-0.06897667835675714,0.06897667835675714,4.138600701405428,0.06898905041168844,0.0013064913221912471,0.9942882690677696,0.04114571560879364,0.03890494128363739,0.00224077432515625,0.003398095919768789,0,-0.3515625,0.001239606132807517,0.015098181506569303,0.36287459916763476,1.2419762860784145,0.11422925523838129,0.42095275291763407,2.029090715654292,True
speed_900rpm__torque_800Nm__temperature_35degC,train,900.0,800.0,35.0,data/simplified_dataset/Test_35degree/900rpm/900.0rpm800.0Nm35.0deg.csv,21600,True,-0.0488672325878257,0.021438565746034165,-0.07030579833385986,0.07030579833385986,4.218347900031592,0.07031807642119253,0.0013139985598547273,0.9941927779757134,0.041202489580496875,0.039368124980265054,0.0018343646002318206,0.0033312248726506547,0,-0.17578125,0.0012803592160600284,0.021354996536917567,0.34162939510980217,1.2791072854469585,0.09259167477328961,0.7212617534028913,1.5542824608464019,True
speed_900rpm__torque_900Nm__temperature_30degC,train,900.0,900.0,30.0,data/simplified_dataset/Test_30degree/900rpm/900.0rpm900.0Nm30.0deg.csv,21600,True,-0.0599582049057672,0.016572009453035476,-0.07653021435880267,0.07653021435880267,4.59181286152816,0.07654306431583756,0.0014024924435300794,0.9933806992835497,0.04189107094604975,0.03924698375168133,0.0026440871943684205,0.0034862267065868587,0,0.0,0.0014024924435300794,0.018574836469016663,0.3799486411355151,1.460567797606417,0.10106736441513242,0.6085436321004867,1.94468156276183,True
speed_900rpm__torque_900Nm__temperature_35degC,train,900.0,900.0,35.0,data/simplified_dataset/Test_35degree/900rpm/900.0rpm900.0Nm35.0deg.csv,21600,True,-0.06041321513550432,0.017279087573628678,-0.077692302709133,0.077692302709133,4.66153816254798,0.07770531809758648,0.0014221675005235757,0.9932028991661541,0.04139571639865575,0.039740615019175654,0.0016551013794800992,0.0034356591805099258,0,0.3515625,0.0014151104088108645,0.01898631368806202,0.4064395814525634,1.4713418631273532,0.08824715307472397,0.7364563701096646,2.327649846886369,True
speed_900rpm__torque_1000Nm__temperature_25degC,train,900.0,1000.0,25.0,data/simplified_dataset/Test_25degree/900rpm/900.0rpm1000.0Nm25.0deg.csv,21600,True,-0.05860034424934586,0.02350472326757818,-0.08210506751692404,0.08210506751692404,4.9263040510154426,0.08211799757077952,0.0014571935615747113,0.99290128076629,0.0419312167682788,0.040351773890065015,0.0015794428782137868,0.003508168730446047,0,-0.17578125,0.0014311311555261989,0.020144048198982075,0.4894772456166183,1.6045007580227113,0.18350079081292742,0.2977283927428411,2.299262749938471,True
speed_900rpm__torque_1000Nm__temperature_35degC,train,900.0,1000.0,35.0,data/simplified_dataset/Test_35degree/900rpm/900.0rpm1000.0Nm35.0deg.csv,21600,True,-0.056286675248097884,0.02813298039871276,-0.08441965564681064,0.08441965564681064,5.065179338808639,0.08443573861315293,0.0016479367774871764,0.9908495182763912,0.04180764840473078,0.040160188441907295,0.0016474599628234846,0.004532493001707703,0,0.52734375,0.0014762680963128563,0.023653502704937615,0.5020513238516664,1.710864811217344,0.04627523545602982,0.7400817287253285,2.630786669897684,True
speed_900rpm__torque_1100Nm__temperature_30degC,train,900.0,1100.0,30.0,data/simplified_dataset/Test_30degree/900rpm/900.0rpm1100.0Nm30.0deg.csv,21600,True,-0.06711615559474138,0.023656528230615793,-0.09077268382535716,0.09077268382535716,5.44636102952143,0.09078774433436371,0.0016535998498821345,0.9908171356596978,0.04261618537427267,0.04056925153492628,0.0020469338393463918,0.004080817013571172,0,0.52734375,0.001597082583488375,0.021600059849685337,0.5540224404547015,1.8259559410966852,0.35558198040665256,0.5489433378687663,2.7837337412349483,True
speed_900rpm__torque_1100Nm__temperature_35degC,train,900.0,1100.0,35.0,data/simplified_dataset/Test_35degree/900rpm/900.0rpm1100.0Nm35.0deg.csv,21600,True,-0.05961228451639289,0.032392851944065174,-0.09200513646045806,0.09200513646045806,5.520308187627483,0.09202092944176994,0.0017047933070292488,0.990240141686813,0.042211088937507836,0.04063076195199537,0.0015803269855124633,0.00408860656736345,0,0.52734375,0.0015990721393645021,0.023174449432781366,0.5583054595799068,1.8961989531020076,0.0671741274420117,0.6683925156260292,2.803583892494996,True
speed_900rpm__torque_1200Nm__temperature_25degC,train,900.0,1200.0,25.0,data/simplified_dataset/Test_25degree/900rpm/900.0rpm1200.0Nm25.0deg.csv,21600,True,-0.06490529204830864,0.031110588621336546,-0.09601588066964518,0.09601588066964518,5.760952840178711,0.0960318839654745,0.001753110718355989,0.9897394491904455,0.04289953106324223,0.04119729738113138,0.0017022336821108514,0.004631199987837477,0,-0.17578125,0.0017430722905533843,0.020296472177757974,0.617105852115295,1.9487717255830972,0.05692317349966658,0.3429437827125493,2.4458154829699703,True
speed_900rpm__torque_1200Nm__temperature_30degC,train,900.0,1200.0,30.0,data/simplified_dataset/Test_30degree/900rpm/900.0rpm1200.0Nm30.0deg.csv,21600,True,-0.07069737859179828,0.027183544243309953,-0.09788092283510824,0.09788092283510824,5.872855370106494,0.09789829680840939,0.0018443055427478875,0.9885905561241973,0.0432596081207314,0.04055081721839318,0.0027087909023382206,0.004659796959377365,0,0.52734375,0.001757819160306157,0.024815777186743347,0.6339093245296854,1.9801546337694929,0.422864811564449,0.5725307360930327,2.9099454833858873,True
speed_900rpm__torque_1300Nm__temperature_30degC,train,900.0,1300.0,30.0,data/simplified_dataset/Test_30degree/900rpm/900.0rpm1300.0Nm30.0deg.csv,21600,True,-0.07444183524118997,0.031665757430824656,-0.10610759267201463,0.10610759267201463,6.366455560320878,0.10612766641924747,0.0020640632124282006,0.9857486031564416,0.04469237517160831,0.04189726397897145,0.0027951111926368608,0.005418111158909953,0,0.703125,0.0018564014098916507,0.02726990038509085,0.6488254970896894,2.1030697578427797,0.4603797254721064,0.6207207930101798,2.8429881187263657,True
speed_900rpm__torque_1300Nm__temperature_35degC,train,900.0,1300.0,35.0,data/simplified_dataset/Test_35degree/900rpm/900.0rpm1300.0Nm35.0deg.csv,21600,True,-0.0659428941880141,0.040152312970997056,-0.10609520715901116,0.10609520715901116,6.36571242954067,0.10611451620231602,0.00202424473275749,0.9862847785055578,0.0428612487376113,0.041559294688716664,0.0013019540488946393,0.004897275111971201,0,5.2734375,0.0018344539427852336,0.02571089789752884,0.6912787038592356,2.186286290401343,0.10308125026106013,0.6745644847484664,2.935240186939295,True
speed_900rpm__torque_1400Nm__temperature_25degC,train,900.0,1400.0,25.0,data/simplified_dataset/Test_25degree/900rpm/900.0rpm1400.0Nm25.0deg.csv,21600,True,-0.07305390918376134,0.037991533799710445,-0.11104544298347178,0.11104544298347178,6.662726579008307,0.11106439743891329,0.002051821403877033,0.9859912674886451,0.04407900769649677,0.04158899938731636,0.0024900083091804123,0.00515796268161499,0,5.09765625,0.0019100975387971893,0.023682040577289728,0.721028893024604,2.2458014931141492,0.27452418264663664,0.4142497655668208,2.7032020500838225,True
speed_900rpm__torque_1400Nm__temperature_35degC,train,900.0,1400.0,35.0,data/simplified_dataset/Test_35degree/900rpm/900.0rpm1400.0Nm35.0deg.csv,21600,True,-0.0710398444579702,0.042663168012056774,-0.11370301247002697,0.11370301247002697,6.822180748201618,0.11372380067641594,0.0021743494498523953,0.9841939162055691,0.04353968857864517,0.04250362602717433,0.0010360625514708455,0.005239693294327931,0,5.09765625,0.0019091084135875395,0.02552561700871999,0.7607137235291952,2.2673128049701665,0.05051651430666074,0.6942076515181044,3.0105150078444525,True
speed_900rpm__torque_1500Nm__temperature_25degC,train,900.0,1500.0,25.0,data/simplified_dataset/Test_25degree/900rpm/900.0rpm1500.0Nm25.0deg.csv,21600,True,-0.08012749036202885,0.0362078710111851,-0.11633536137321394,0.11633536137321394,6.980121682392837,0.11635578538408213,0.0021800198417222167,0.9841993315101877,0.04339653686059147,0.04157454780411647,0.0018219890564750013,0.005711274402927258,0,4.74609375,0.002002216432137491,0.03017858758546536,0.7677129328186421,2.3950371922044913,0.32070271655296684,0.2945784457934271,2.5071433161191643,True
speed_900rpm__torque_1600Nm__temperature_30degC,train,900.0,1600.0,30.0,data/simplified_dataset/Test_30degree/900rpm/900.0rpm1600.0Nm30.0deg.csv,21600,True,-0.07728210649759679,0.04808700195795597,-0.12536910845555277,0.12536910845555277,7.522146507333166,0.12539192330759008,0.002391877052944574,0.9811513498417208,0.04415692413778915,0.043238765987859175,0.0009181581499299735,0.005997385937269462,0,5.09765625,0.0020016888577830006,0.03441587105819705,0.8583063807336955,2.422380069502085,0.71359735058965,0.46035989785815523,2.814370438246862,True
speed_900rpm__torque_1700Nm__temperature_30degC,train,900.0,1700.0,30.0,data/simplified_dataset/Test_30degree/900rpm/900.0rpm1700.0Nm30.0deg.csv,21600,True,-0.08007076206258813,0.05276701616801577,-0.1328377782306039,0.1328377782306039,7.970266693836233,0.1328615469799602,0.0025130341551729903,0.9792154056707341,0.045182622090356124,0.043869143989750274,0.00131347810060585,0.0060276048496496325,0,5.09765625,0.0020938567760002396,0.03389138332475228,0.9222946933235753,2.4414903072866223,0.538714698978763,0.48522265047421365,2.7477757415640642,True
speed_900rpm__torque_1700Nm__temperature_35degC,train,900.0,1700.0,35.0,data/simplified_dataset/Test_35degree/900rpm/900.0rpm1700.0Nm35.0deg.csv,21600,True,-0.08934195929576705,0.04662061005663232,-0.13596256935239937,0.13596256935239937,8.157754161143963,0.13598780666665874,0.0026197895149327128,0.9774019752545968,0.04458371711974124,0.04331964775702935,0.001264069362711888,0.006156867080836032,0,5.09765625,0.0020141252330538417,0.036593233884284655,0.9065854357519698,2.517694269866833,0.4488170369238543,0.6688488042189982,3.0198993724738874,True
speed_900rpm__torque_1800Nm__temperature_25degC,train,900.0,1800.0,25.0,data/simplified_dataset/Test_25degree/900rpm/900.0rpm1800.0Nm25.0deg.csv,21600,True,-0.0916966929611674,0.047253619045821205,-0.1389503120069886,0.1389503120069886,8.337018720419316,0.13897523702793435,0.002631976468559959,0.9774003591112462,0.04595115818017133,0.04423462741654528,0.0017165307636260452,0.006353133673907437,0,5.09765625,0.00214474410011527,0.03423768758608048,0.9280880617871248,2.607621048294882,1.0075938426724078,0.37936581644003264,2.5865271023319107,True
speed_900rpm__torque_1800Nm__temperature_30degC,train,900.0,1800.0,30.0,data/simplified_dataset/Test_30degree/900rpm/900.0rpm1800.0Nm30.0deg.csv,21600,True,-0.09124268603902695,0.04902194262981459,-0.14026462866884154,0.14026462866884154,8.415877720130492,0.14029053258009494,0.002695825661773546,0.9762287386297585,0.04508856963989148,0.043983542861638684,0.0011050267782527975,0.006327293853015597,0,5.09765625,0.0021150765222355777,0.03537130877845191,0.9475375757874248,2.5745123756119956,0.9244874311921134,0.501769421823162,2.766058003466708,True
speed_900rpm__torque_1800Nm__temperature_35degC,train,900.0,1800.0,35.0,data/simplified_dataset/Test_35degree/900rpm/900.0rpm1800.0Nm35.0deg.csv,21600,True,-0.08566042866577162,0.05756983933882223,-0.14323026800459385,0.14323026800459385,8.59381608027563,0.14325693215436372,0.0027638628063261627,0.9747068476423736,0.04534089044974543,0.04443573417449589,0.0009051562752495426,0.006623024153330996,0,5.09765625,0.0021186519155013657,0.028769319719929534,0.9803906533776714,2.6699193993305443,0.03787814631530795,0.6609524507843655,2.8465756365183585,True
speed_1000rpm__torque_0Nm__temperature_30degC,train,1000.0,0.0,30.0,data/simplified_dataset/Test_30degree/1000rpm/1000.0rpm0.0Nm30.0deg.csv,19441,True,-0.026076341867031193,-0.017186862510330497,-0.008889479356700696,0.008889479356700696,0.5333687614020417,0.008931706858455651,0.0008674930386901514,0.9976955644909389,0.038402679549664365,0.03895157084871198,-0.0005488912990476158,0.002333669939582541,0,0.0,0.0008674930386901514,0.006391253881725102,0.029856399115888,0.546766230297103,0.31434379864790507,1.798305136412218,0.9144221206432965,True
speed_1000rpm__torque_0Nm__temperature_35degC,train,1000.0,0.0,35.0,data/simplified_dataset/Test_35degree/1000rpm/1000.0rpm0.0Nm35.0deg.csv,19440,True,-0.02556065428876618,-0.017077280528107294,-0.008483373760658885,0.008483373760658885,0.5090024256395331,0.008540465897130645,0.0009858637720374214,0.997119905799752,0.03873417487491142,0.03902927140937706,-0.00029509653446564005,0.00267827336285423,0,0.17578125,0.0009852499177480782,0.0029727218023752073,0.014195679111400406,0.5768101272124813,0.48061079715004734,1.9434400842529378,1.2288584503885271,True
speed_1000rpm__torque_100Nm__temperature_25degC,train,1000.0,100.0,25.0,data/simplified_dataset/Test_25degree/1000rpm/1000.0rpm100.0Nm25.0deg.csv,19440,True,-0.023895631735604272,-0.006642953673089629,-0.017252678062514643,0.017252678062514643,1.0351606837508787,0.017268723815307165,0.0007442592831686373,0.9981510024916953,0.03967300860828216,0.03900837963076912,0.0006646289775130432,0.0022211323699758458,0,0.0,0.0007442592831686373,0.011643232513471028,0.13013594918358162,0.12569121451098053,0.31036140820948155,1.0286462838142378,1.1109076947140293,True
speed_1000rpm__torque_100Nm__temperature_30degC,train,1000.0,100.0,30.0,data/simplified_dataset/Test_30degree/1000rpm/1000.0rpm100.0Nm30.0deg.csv,19440,True,-0.023825940888740012,-0.0060380847643332035,-0.01778785612440681,0.01778785612440681,1.0672713674644085,0.017810492429951395,0.0008976720418722948,0.9973191740118418,0.03897554326021451,0.038583529656831816,0.0003920136033826946,0.002894008576791978,0,-0.17578125,0.0008964739021175707,0.01477714639200886,0.08616459416653766,0.1637519761436126,0.40625623985779274,0.906599215183793,1.0222970151027932,True
speed_1000rpm__torque_100Nm__temperature_35degC,train,1000.0,100.0,35.0,data/simplified_dataset/Test_35degree/1000rpm/1000.0rpm100.0Nm35.0deg.csv,19440,True,-0.022483033644860796,-0.005241091727116299,-0.017241941917744495,0.017241941917744495,1.0345165150646698,0.0172691830143661,0.0009695983131152189,0.9968719060253539,0.03892520576921806,0.038674397276411435,0.00025080849280662704,0.0032833000814706872,0,-0.3515625,0.0008695348995113784,0.01205884546245173,0.052185994159083426,0.17645530073667426,0.3570392848435089,1.1248304941672482,0.9779059182732369,True
speed_1000rpm__torque_200Nm__temperature_25degC,train,1000.0,200.0,25.0,data/simplified_dataset/Test_25degree/1000rpm/1000.0rpm200.0Nm25.0deg.csv,19440,True,-0.027142372467645646,-0.0023192389338530088,-0.024823133533792636,0.024823133533792636,1.4893880120275582,0.024843733860471742,0.0010115105997713244,0.9965717765596027,0.03967571172848573,0.03906905614926553,0.0006066555792202041,0.0035785730169146015,0,0.0,0.0010115105997713244,0.012525013555810764,0.048009022737315776,0.09420125183258499,0.3152167885216865,0.06049954663478123,0.836430517534802,True
speed_1000rpm__torque_200Nm__temperature_30degC,train,1000.0,200.0,30.0,data/simplified_dataset/Test_30degree/1000rpm/1000.0rpm200.0Nm30.0deg.csv,19440,True,-0.027998856568744655,-0.0021773516796858407,-0.025821504889058815,0.025821504889058815,1.5492902933435289,0.025837862491261236,0.000919251533388,0.9972076403663018,0.038836221345398866,0.03864057538322069,0.00019564596217817865,0.0029996126729752654,0,-0.17578125,0.000912620665647089,0.015189592546085522,0.08045308884751523,0.06802958453888608,0.3752774767755401,0.4719575265828108,1.411191494914931,True
speed_1000rpm__torque_200Nm__temperature_35degC,train,1000.0,200.0,35.0,data/simplified_dataset/Test_35degree/1000rpm/1000.0rpm200.0Nm35.0deg.csv,19440,True,-0.03458097225196192,-0.008679293886397453,-0.025901678365564465,0.025901678365564465,1.554100701933868,0.025917173789445275,0.0008960776077766395,0.9973335390964392,0.03879254377413142,0.03819333070923852,0.0005992130648928978,0.002874025136268513,0,0.0,0.0008960776077766395,0.013356467623080352,0.10791745264004547,0.0704744876801684,0.3622800279132421,0.3539377592515259,1.4987674426378392,True
speed_1000rpm__torque_300Nm__temperature_35degC,train,1000.0,300.0,35.0,data/simplified_dataset/Test_35degree/1000rpm/1000.0rpm300.0Nm35.0deg.csv,19440,True,-0.03823809289381633,-0.00468126245283623,-0.033556830440980095,0.033556830440980095,2.0134098264588056,0.03356881109658478,0.0008967771147307545,0.997310886614667,0.039513084904108126,0.03880788701519153,0.0007051978889165977,0.0026710476988327687,0,-0.17578125,0.000850732958240425,0.014562093098804196,0.06887656134359221,0.2486224933577197,0.18647145347717992,0.5707475305534503,1.6337079333251727,True
speed_1000rpm__torque_400Nm__temperature_25degC,train,1000.0,400.0,25.0,data/simplified_dataset/Test_25degree/1000rpm/1000.0rpm400.0Nm25.0deg.csv,19440,True,-0.03386850497018319,0.005697628634476527,-0.039566133604659715,0.039566133604659715,2.3739680162795826,0.03958189330913741,0.0011168480264361208,0.995816461310445,0.04000275675542878,0.039129551714759236,0.000873205040669546,0.003770146458023152,0,0.17578125,0.0010941895010811115,0.018659387378996445,0.04612518534492693,0.3439054493238247,0.06042456078327488,0.15430771711311034,1.3879410391176592,True
speed_1000rpm__torque_400Nm__temperature_30degC,train,1000.0,400.0,30.0,data/simplified_dataset/Test_30degree/1000rpm/1000.0rpm400.0Nm30.0deg.csv,19440,True,-0.037972074413741126,0.0023619464868524253,-0.04033402090059355,0.04033402090059355,2.420041254035613,0.04034799724157879,0.001061903666502793,0.9962437122468192,0.04023804559793255,0.038182797068279685,0.002055248529652866,0.0034808720702672927,0,-0.3515625,0.0009817922126337281,0.014416373089831146,0.01666121748206639,0.3630677126496269,0.10545404983063619,0.4533813054602955,1.6290343378122938,True
speed_1000rpm__torque_400Nm__temperature_35degC,train,1000.0,400.0,35.0,data/simplified_dataset/Test_35degree/1000rpm/1000.0rpm400.0Nm35.0deg.csv,19440,True,-0.03827333237798146,0.0030222918958643964,-0.04129562427384585,0.04129562427384585,2.4777374564307513,0.041307279861684525,0.0009812162885321156,0.9967807415251848,0.0396027675604706,0.03866684226703325,0.000935925293437348,0.002917114050164222,0,-0.17578125,0.0008959949305790003,0.015587765156844615,0.030958879558748095,0.36489366664150746,0.1302835855820294,0.6138472733317368,1.746806707819418,True
speed_1000rpm__torque_500Nm__temperature_25degC,train,1000.0,500.0,25.0,data/simplified_dataset/Test_25degree/1000rpm/1000.0rpm500.0Nm25.0deg.csv,19440,True,-0.03785007659851828,0.009256954977318183,-0.04710703157583646,0.04710703157583646,2.8264218945501876,0.047118441256297196,0.0010368618694288102,0.9963938820900105,0.040206650594656175,0.03894330577319668,0.0012633448214594972,0.003089715175542811,0,-0.3515625,0.000957254079193242,0.01532396533297832,0.059476982177296245,0.5431823200693267,0.13150687558762403,0.22870066517720464,1.4052003662227366,True
speed_1000rpm__torque_500Nm__temperature_30degC,train,1000.0,500.0,30.0,data/simplified_dataset/Test_30degree/1000rpm/1000.0rpm500.0Nm30.0deg.csv,19440,True,-0.04422468060186313,0.0032479763795625173,-0.04747265698142565,0.04747265698142565,2.848359418885539,0.04748980194296287,0.0012759810757758915,0.9945094023490546,0.03987306201894003,0.039258913763659975,0.0006141482552800559,0.004300923375009189,0,-0.3515625,0.0010116614500376216,0.01559240196513875,0.11174350433161728,0.5968208425198409,0.17617694735027423,0.37409304440161584,1.5997875769199992,True
speed_1000rpm__torque_500Nm__temperature_35degC,train,1000.0,500.0,35.0,data/simplified_dataset/Test_35degree/1000rpm/1000.0rpm500.0Nm35.0deg.csv,19440,True,-0.046498639993425975,0.0022568611035651276,-0.0487555010969911,0.0487555010969911,2.925330065819466,0.048768251947083625,0.0011151281341283703,0.9958480297565663,0.04085535277682331,0.038127924234685626,0.002727428542137686,0.0033699567745873412,0,-0.17578125,0.0010343769891371177,0.01688783451216039,0.10106682338707462,0.5879739094688796,0.1679556160992085,0.6661533536280995,1.8348013063664548,True
speed_1000rpm__torque_600Nm__temperature_35degC,train,1000.0,600.0,35.0,data/simplified_dataset/Test_35degree/1000rpm/1000.0rpm600.0Nm35.0deg.csv,19440,True,-0.05003629078341566,0.006339427144064683,-0.05637571792748035,0.05637571792748035,3.382543075648821,0.05638878463063757,0.0012138617226021397,0.9950688366508706,0.041302342157998634,0.039425926313595,0.0018764158444036366,0.0036785383607125287,0,0.0,0.0012138617226021397,0.017150172932876864,0.2076621881855698,0.8308254204948011,0.15748433989945299,0.7291764504664113,1.978060932622277,True
speed_1000rpm__torque_700Nm__temperature_25degC,train,1000.0,700.0,25.0,data/simplified_dataset/Test_25degree/1000rpm/1000.0rpm700.0Nm25.0deg.csv,19440,True,-0.047943554811039873,0.012256047087192874,-0.060199601898232744,0.060199601898232744,3.611976113893965,0.06021404453137476,0.0013187456618603101,0.9941918958800317,0.041190232537931415,0.040071312099751295,0.0011189204381801196,0.00394401456276416,0,-0.17578125,0.0012541648607621502,0.02034535663165654,0.2631670447012519,1.015692293266135,0.0974092042971037,0.27269914055603184,1.7180813413234874,True
speed_1000rpm__torque_700Nm__temperature_30degC,train,1000.0,700.0,30.0,data/simplified_dataset/Test_30degree/1000rpm/1000.0rpm700.0Nm30.0deg.csv,19440,True,-0.051405272745875835,0.010461170936776516,-0.06186644368265235,0.06186644368265235,3.711986620959141,0.061879876765404046,0.001289300028231218,0.994429985226487,0.04070140595490469,0.03974215750769915,0.0009592484472055463,0.0037773023333787974,0,-0.3515625,0.0012149280091178925,0.020139216906201608,0.2649442902295913,1.0365358525856463,0.1848218590701194,0.4992663184136673,1.4204847691473723,True
speed_1000rpm__torque_900Nm__temperature_25degC,train,1000.0,900.0,25.0,data/simplified_dataset/Test_25degree/1000rpm/1000.0rpm900.0Nm25.0deg.csv,19440,True,-0.05110542523086153,0.02148811482435653,-0.07259354005521806,0.07259354005521806,4.355612403313084,0.07261007223562235,0.0015493651324808332,0.9919707781019289,0.04311706279143106,0.04120068227563777,0.0019163805157932853,0.0047045358799690015,0,-0.3515625,0.0014499653370727758,0.022066741035822596,0.39930869342419406,1.4434472028239056,0.07514741018148488,0.09522723989571151,1.8780215247427123,True
speed_1000rpm__torque_900Nm__temperature_30degC,train,1000.0,900.0,30.0,data/simplified_dataset/Test_30degree/1000rpm/1000.0rpm900.0Nm30.0deg.csv,19440,True,-0.059610265797560916,0.016402166883422144,-0.07601243268098307,0.07601243268098307,4.560745960858984,0.07602865280910065,0.0015703903609568727,0.9917160517883742,0.04253071928635691,0.040834448014525175,0.0016962712718317369,0.0045472780921160605,0,-0.3515625,0.001528946259276377,0.020292356564999576,0.42688334061046307,1.4344300455975367,0.20811420023116847,0.47728310304096006,2.485037186726637,True
speed_1000rpm__torque_1000Nm__temperature_25degC,train,1000.0,1000.0,25.0,data/simplified_dataset/Test_25degree/1000rpm/1000.0rpm1000.0Nm25.0deg.csv,19440,True,-0.06251387201106752,0.01858224308717779,-0.08109611509824531,0.08109611509824531,4.865766905894719,0.08111288980847998,0.0016495481365405196,0.9909240043438677,0.04274942016152079,0.041564832555512674,0.0011845876060081195,0.004845305694593005,0,-0.3515625,0.0015464760614591125,0.019978566996994677,0.4859897809451945,1.5936411849574414,0.1387198653156783,0.2296869114270248,2.296611329516984,True
speed_1000rpm__torque_1000Nm__temperature_30degC,train,1000.0,1000.0,30.0,data/simplified_dataset/Test_30degree/1000rpm/1000.0rpm1000.0Nm30.0deg.csv,19440,True,-0.05929022549983764,0.02422323824521547,-0.08351346374505311,0.08351346374505311,5.010807824703186,0.08353138118578693,0.0017300335571709027,0.9900722050199865,0.042114201564616954,0.04130626640659653,0.0008079351580204258,0.004991223214791694,0,-0.3515625,0.0016424068992268784,0.022182440092899484,0.4759264179482119,1.729305637876254,0.23435940397010094,0.4977345680680481,2.5609950871658644,True
speed_1000rpm__torque_1000Nm__temperature_35degC,train,1000.0,1000.0,35.0,data/simplified_dataset/Test_35degree/1000rpm/1000.0rpm1000.0Nm35.0deg.csv,19440,True,-0.06373618533057313,0.021886844147926007,-0.08562302947849913,0.08562302947849913,5.137381768709948,0.08564148716374807,0.0017779613444883413,0.9894173104796066,0.04178371681114999,0.041827107675442794,-4.339086429280131e-05,0.005030165983452306,0,-0.17578125,0.0017579175413217807,0.021778319276771225,0.4838022734963294,1.717633607743264,0.08070079434971275,0.7328813646409682,2.8269713129422183,True
speed_1000rpm__torque_1100Nm__temperature_25degC,train,1000.0,1100.0,25.0,data/simplified_dataset/Test_25degree/1000rpm/1000.0rpm1100.0Nm25.0deg.csv,19440,True,-0.05882380552087188,0.02851802249399929,-0.08734182801487117,0.08734182801487117,5.24050968089227,0.08736053206815736,0.0018076620956958402,0.989120053914951,0.04313818145907861,0.04201626250991808,0.0011219189491605344,0.00532765189336781,0,-0.3515625,0.001640029396760979,0.022397072603270233,0.5651478929230023,1.8391270244256264,0.25479379894998466,0.22837771307986662,2.2158874113735076,True
speed_1000rpm__torque_1200Nm__temperature_25degC,train,1000.0,1200.0,25.0,data/simplified_dataset/Test_25degree/1000rpm/1000.0rpm1200.0Nm25.0deg.csv,19440,True,-0.06174864975268819,0.03269953594804048,-0.09444818570072867,0.09444818570072867,5.6668911420437205,0.09446911405538334,0.001988398413220639,0.9868610544470844,0.04377012046767008,0.04318783031185344,0.0005822901558166366,0.005999921350278969,0,-0.3515625,0.001783417620023168,0.024655778254718017,0.6275387006334614,1.9556055625414204,0.06566116968307559,0.2636542112224547,2.3159648498653422,True
speed_1000rpm__torque_1200Nm__temperature_30degC,train,1000.0,1200.0,30.0,data/simplified_dataset/Test_30degree/1000rpm/1000.0rpm1200.0Nm30.0deg.csv,19440,True,-0.06865825321242977,0.028637602243609197,-0.09729585545603897,0.09729585545603897,5.837751327362338,0.09731761669108158,0.002057918732567345,0.9858669750417968,0.04321110791302728,0.043608860898282815,-0.0003977529852555381,0.00591654405132761,0,-0.3515625,0.0019723386888738904,0.02497218534207976,0.6091137452628141,2.05075635604414,0.32057879302964326,0.5099095997639249,2.8860367251651384,True
speed_1000rpm__torque_1200Nm__temperature_35degC,train,1000.0,1200.0,35.0,data/simplified_dataset/Test_35degree/1000rpm/1000.0rpm1200.0Nm35.0deg.csv,19440,True,-0.0726218174274448,0.027498151562150193,-0.10011996898959499,0.10011996898959499,6.007198139375699,0.10014476413761453,0.002228361214207589,0.983461766859359,0.043813832431860614,0.04215824695619386,0.001655585475666757,0.006374245468681686,0,0.703125,0.001991639901266047,0.02261514436623947,0.6208337998881677,2.056361545769716,0.1321495203134764,0.7533358277735961,3.007021560171708,True
speed_1000rpm__torque_1300Nm__temperature_25degC,train,1000.0,1300.0,25.0,data/simplified_dataset/Test_25degree/1000rpm/1000.0rpm1300.0Nm25.0deg.csv,19440,True,-0.06700222386643617,0.03595321369989973,-0.1029554375663359,0.1029554375663359,6.177326253980154,0.10297868292771582,0.002187924370571614,0.9840645620948434,0.04444479541217178,0.043571970043546696,0.0008728253686250825,0.006340902797808916,0,-0.3515625,0.002058154120470579,0.019967718420471653,0.6986780028975235,2.1450483587552456,0.027892634939874428,0.3138320502587653,2.5158083903923654,True
speed_1000rpm__torque_1300Nm__temperature_30degC,train,1000.0,1300.0,30.0,data/simplified_dataset/Test_30degree/1000rpm/1000.0rpm1300.0Nm30.0deg.csv,19441,True,-0.07125378964415865,0.03386165561876937,-0.10511544526292803,0.10511544526292803,6.306926715775682,0.10513933838020807,0.002241348300527664,0.9833508540931377,0.04268909276968133,0.04376681528720969,-0.0010777225175283567,0.0063395700981955985,0,5.09765625,0.0020892312612353255,0.024678967071575023,0.7051261505727118,2.158723154976301,0.28860518621940245,0.536854396701231,2.8661175352198223,True
speed_1000rpm__torque_1300Nm__temperature_35degC,train,1000.0,1300.0,35.0,data/simplified_dataset/Test_35degree/1000rpm/1000.0rpm1300.0Nm35.0deg.csv,19440,True,-0.07537661471860117,0.03222941789255747,-0.10760603261115864,0.10760603261115864,6.456361956669518,0.10763240649653624,0.0023825771596900614,0.9812132604581277,0.043555188980949566,0.04401021804291391,-0.000455029061964346,0.00659752503669059,0,5.2734375,0.002129863677322202,0.026409212270623646,0.6874906915578651,2.1923754824911876,0.10022661029636831,0.761394076611432,3.0872407620652473,True
speed_1000rpm__torque_1400Nm__temperature_25degC,train,1000.0,1400.0,25.0,data/simplified_dataset/Test_25degree/1000rpm/1000.0rpm1400.0Nm25.0deg.csv,19440,True,-0.06866833897353172,0.04013826268454408,-0.1088066016580758,0.1088066016580758,6.5283960994845485,0.10883117285811811,0.0023124924420199902,0.9822714395748946,0.04490687336420108,0.04312592714421459,0.0017809462199864859,0.0065926003052038515,0,-0.3515625,0.0022193866207748185,0.030612461077748003,0.7647275988447055,2.2768920964076202,0.157765388796401,0.280266163820828,2.561125541306628,True
speed_1000rpm__torque_1400Nm__temperature_30degC,train,1000.0,1400.0,30.0,data/simplified_dataset/Test_30degree/1000rpm/1000.0rpm1400.0Nm30.0deg.csv,19440,True,-0.06810860533185503,0.040522649184539274,-0.1086312545163943,0.1086312545163943,6.517875270983658,0.10865539921787189,0.002290484968184304,0.9826416574485813,0.04421259439495696,0.0443397079998967,-0.00012711360493974228,0.006568090277152153,0,5.09765625,0.002170788100316773,0.030144674872094365,0.7692148269342609,2.2161457050187963,0.3098849767236957,0.3347078630328797,2.5267660873272337,True
speed_1000rpm__torque_1500Nm__temperature_25degC,train,1000.0,1500.0,25.0,data/simplified_dataset/Test_25degree/1000rpm/1000.0rpm1500.0Nm25.0deg.csv,19440,True,-0.0731669874963593,0.043766326734947555,-0.11693331423130686,0.11693331423130686,7.015998853878411,0.11695840292471232,0.00242240326572693,0.9807268676029586,0.04418312844399408,0.04514033021963502,-0.0009572017756409382,0.007012073294286942,0,0.52734375,0.002368681041129496,0.024224151138484102,0.8202557861439925,2.28675895514673,0.4226506620633541,0.3234568383769209,2.642282590495357,True
speed_1000rpm__torque_1500Nm__temperature_30degC,train,1000.0,1500.0,30.0,data/simplified_dataset/Test_30degree/1000rpm/1000.0rpm1500.0Nm30.0deg.csv,19440,True,-0.07777079082440123,0.03980316881789419,-0.11757395964229542,0.11757395964229542,7.054437578537725,0.11760163418234772,0.002551151973250892,0.9786105106180051,0.04499062817303087,0.04431433445510786,0.0006762937179230141,0.00743572794258312,0,5.09765625,0.0022851322051499388,0.030263271264991856,0.7543328285086907,2.354649758035034,0.2603284145718441,0.40686940363727175,2.6426202359145385,True
speed_1000rpm__torque_1500Nm__temperature_35degC,train,1000.0,1500.0,35.0,data/simplified_dataset/Test_35degree/1000rpm/1000.0rpm1500.0Nm35.0deg.csv,19440,True,-0.08310856970751922,0.03926115608969333,-0.12236972579721254,0.12236972579721254,7.342183547832753,0.12240095851317882,0.002764932776748941,0.9748767264010415,0.044499003384406495,0.044856247968487084,-0.00035724458408058907,0.0077568466290920506,0,5.2734375,0.0023910968734579307,0.027380713865807278,0.8732522731117314,2.424031434473315,0.4901866223043347,0.7518971775573686,3.0910009580308846,True
speed_1000rpm__torque_1600Nm__temperature_30degC,train,1000.0,1600.0,30.0,data/simplified_dataset/Test_30degree/1000rpm/1000.0rpm1600.0Nm30.0deg.csv,19440,True,-0.08435092687565571,0.040671960036539126,-0.12502288691219482,0.12502288691219482,7.501373214731689,0.125052371452961,0.0027153920803220455,0.9759255534369509,0.04456712158805293,0.04475149261481609,-0.00018437102676316375,0.00785907699752061,0,5.09765625,0.0023431608252143946,0.03442852131844079,0.8419673933731051,2.4159591379539767,0.7086428258673549,0.43846959431787597,2.708797689189963,True
speed_1000rpm__torque_1600Nm__temperature_35degC,train,1000.0,1600.0,35.0,data/simplified_dataset/Test_35degree/1000rpm/1000.0rpm1600.0Nm35.0deg.csv,19440,True,-0.0871258099468803,0.042508752582235965,-0.12963456252911626,0.12963456252911626,7.778073751746976,0.1296708582068156,0.0030678438644618036,0.9691135454907037,0.04495431101670165,0.04536659273080641,-0.0004122817141047619,0.008867081006150097,0,5.2734375,0.0025482737474425104,0.030708286452257122,0.8416313017872572,2.534319207455164,0.2928649459060684,0.7364781774825107,3.0844671899364795,True
speed_1000rpm__torque_1700Nm__temperature_30degC,train,1000.0,1700.0,30.0,data/simplified_dataset/Test_30degree/1000rpm/1000.0rpm1700.0Nm30.0deg.csv,19440,True,-0.08793449761573566,0.044699524895088924,-0.13263402251082457,0.13263402251082457,7.958041350649474,0.13266748901963304,0.0029797173309786193,0.971045254303528,0.04483270162942038,0.045525530539746145,-0.0006928289103257657,0.008698047725785927,0,5.09765625,0.00248283120029907,0.03212174235244921,0.9171744358140237,2.5562649772085053,0.5801670885232434,0.47027487164492116,2.7824686627689337,True
speed_1000rpm__torque_1700Nm__temperature_35degC,train,1000.0,1700.0,35.0,data/simplified_dataset/Test_35degree/1000rpm/1000.0rpm1700.0Nm35.0deg.csv,19440,True,-0.08170327644347467,0.05304676738255333,-0.134750043826028,0.134750043826028,8.08500262956168,0.1347845435719169,0.0030494056426628117,0.9696260475430433,0.045304306326712535,0.046073161178816276,-0.0007688548521037411,0.008702188633530974,0,5.2734375,0.0025019238843181305,0.029551361970670875,0.9383713467657722,2.66070113414547,0.38590657077785206,0.6203284818217961,2.957189669515744,True
speed_1000rpm__torque_1800Nm__temperature_25degC,train,1000.0,1800.0,25.0,data/simplified_dataset/Test_25degree/1000rpm/1000.0rpm1800.0Nm25.0deg.csv,19440,True,-0.0838074931566439,0.054494447622322306,-0.1383019407789662,0.1383019407789662,8.298116446737973,0.13833554132599288,0.0030487982430474053,0.9696750389450783,0.04608412272778858,0.04607511809616493,9.004631623649173e-06,0.008810781673574943,0,5.09765625,0.002478934925369356,0.03086398132804573,0.9358195676791468,2.6170338761983314,0.39556030261926933,0.3646407144015804,2.603698646013192,True
speed_1000rpm__torque_1800Nm__temperature_35degC,train,1000.0,1800.0,35.0,data/simplified_dataset/Test_35degree/1000rpm/1000.0rpm1800.0Nm35.0deg.csv,19441,True,-0.09298627665308842,0.050220178354702,-0.14320645500779042,0.14320645500779042,8.592387300467426,0.14324385100869652,0.0032729338373000028,0.9650919941315604,0.04526873464795994,0.04612719338443068,-0.000858458736470738,0.00907575519146753,0,5.09765625,0.0025564511460077553,0.03190491702447325,0.9825775827960541,2.6982586727569196,0.35405134034483565,0.6309677781240307,2.9493955196904893,True
speed_1100rpm__torque_0Nm__temperature_25degC,train,1100.0,0.0,25.0,data/simplified_dataset/Test_25degree/1100rpm/1100.0rpm0.0Nm25.0deg.csv,17673,True,-0.025436677272664895,-0.01676188966377225,-0.008674787608892644,0.008674787608892644,0.5204872565335587,0.008853527951893966,0.0017700330888348911,0.9897139222364455,0.042133756821015146,0.04319388901321225,-0.0010601321921971038,0.004697566773752137,0,0.17578125,0.0016145062756819162,0.004344447523515973,0.08547901643858413,0.4821536572076715,0.2450989433658473,1.4558238800721113,0.26437938937020655,True
speed_1100rpm__torque_0Nm__temperature_30degC,train,1100.0,0.0,30.0,data/simplified_dataset/Test_30degree/1100rpm/1100.0rpm0.0Nm30.0deg.csv,17673,True,-0.02616820842691963,-0.017261675181677764,-0.008906533245241866,0.008906533245241866,0.5343919947145119,0.009003735570959277,0.0013194391926718968,0.9945137881112023,0.04171797059602167,0.043067773797446904,-0.0013498032014252342,0.0032598613042151047,0,0.17578125,0.0011328790085735232,0.003985045749145645,0.004251049304654364,0.7238040138711213,0.17889242313939202,1.7238534542705009,0.565701292149818,True
speed_1100rpm__torque_100Nm__temperature_25degC,train,1100.0,100.0,25.0,data/simplified_dataset/Test_25degree/1100rpm/1100.0rpm100.0Nm25.0deg.csv,17673,True,-0.023943792589656007,-0.007254330702898671,-0.016689461886757337,0.016689461886757337,1.0013677132054402,0.016928974720722557,0.0028376129097073145,0.9747141350263719,0.044874527927142145,0.048193470331086605,-0.0033189424039444596,0.010953871242320633,0,2.98828125,0.0028363006341725963,0.007502343495728812,0.08314498198625042,0.1349509438715839,0.3314714694548203,1.347460511336379,1.46101192374986,True
speed_1100rpm__torque_100Nm__temperature_30degC,train,1100.0,100.0,30.0,data/simplified_dataset/Test_30degree/1100rpm/1100.0rpm100.0Nm30.0deg.csv,17673,True,-0.030094604939743766,-0.013033918409606757,-0.01706068653013701,0.01706068653013701,1.0236411918082204,0.017301074643726388,0.0028740492250818876,0.973863651309768,0.04676039806254176,0.046814324044438846,-5.392598189708775e-05,0.0109088518054972,0,8.96484375,0.0028390526565783263,0.0073964479467927835,0.09411714844005092,0.14024929830682667,0.2918586918707542,1.1915405471636122,1.1957046210845175,True
speed_1100rpm__torque_100Nm__temperature_35degC,train,1100.0,100.0,35.0,data/simplified_dataset/Test_35degree/1100rpm/1100.0rpm100.0Nm35.0deg.csv,17673,True,-0.027480353464015297,-0.010153848594190867,-0.01732650486982443,0.01732650486982443,1.0395902921894657,0.018078638907945362,0.005160369537138437,0.9176544209656112,0.049931467417912864,0.04755236719900991,0.0023791002189029534,0.019937919435892456,0,9.31640625,0.003726998258506961,0.013175145325445083,0.05938293234933134,0.1491037941359592,0.4240879871864011,1.096555168021168,1.0059340240593064,True
speed_1100rpm__torque_200Nm__temperature_25degC,train,1100.0,200.0,25.0,data/simplified_dataset/Test_25degree/1100rpm/1100.0rpm200.0Nm25.0deg.csv,17673,True,-0.027506602945520583,-0.003406714259798735,-0.024099888685721847,0.024099888685721847,1.445993321143311,0.024492142263929213,0.0043658215735830974,0.9406059239223538,0.04882804720378696,0.04824475962445171,0.0005832875793352482,0.016583210349084214,0,0.3515625,0.003319104705697111,0.013206966299944202,0.08086700518228018,0.1314838147275572,0.2636663671364272,0.3008605396095032,1.3030144203788074,True
speed_1100rpm__torque_200Nm__temperature_30degC,train,1100.0,200.0,30.0,data/simplified_dataset/Test_30degree/1100rpm/1100.0rpm200.0Nm30.0deg.csv,17673,True,-0.026891392812778143,-0.002729607801770615,-0.02416178501100753,0.02416178501100753,1.4497071006604518,0.024493040386227398,0.004014619837944584,0.9506903946126696,0.05259849667169315,0.04616242355889722,0.006436073112795926,0.015529560914247469,0,8.96484375,0.003789991319560994,0.008808198003914849,0.04999223083065418,0.04287663702453992,0.2846337491294477,0.25896377655358427,1.3990454026051773,True
speed_1100rpm__torque_200Nm__temperature_35degC,train,1100.0,200.0,35.0,data/simplified_dataset/Test_35degree/1100rpm/1100.0rpm200.0Nm35.0deg.csv,17673,True,-0.029720337564792206,-0.003888930629807639,-0.025831406934984567,0.025831406934984567,1.549884416099074,0.026314842697299067,0.005020892544441232,0.9220642559996294,0.0521400950279341,0.045262214045307045,0.006877880982627052,0.019546016488919377,0,0.52734375,0.003932077753246009,0.010635361094362847,0.10454502541596034,0.09494799333935912,0.378051550140594,0.39468468279542607,1.6575955807436689,True
speed_1100rpm__torque_300Nm__temperature_30degC,train,1100.0,300.0,30.0,data/simplified_dataset/Test_30degree/1100rpm/1100.0rpm300.0Nm30.0deg.csv,17673,True,-0.03000693680549292,0.0018545441375507582,-0.031861480943043675,0.031861480943043675,1.9116888565826204,0.03214338185315357,0.004247708685127377,0.9449352305615413,0.05251869798001554,0.045883898711032656,0.006634799268982881,0.016263486645315,0,7.3828125,0.003837204595521982,0.010904139437248677,0.05366143336846352,0.21284390963870004,0.22095939997425953,0.010732439417920098,1.6898666315462314,True
speed_1100rpm__torque_300Nm__temperature_35degC,train,1100.0,300.0,35.0,data/simplified_dataset/Test_35degree/1100rpm/1100.0rpm300.0Nm35.0deg.csv,17673,True,-0.035825930429053444,-0.002232687259655097,-0.033593243169398344,0.033593243169398344,2.0155945901639005,0.03394668648245998,0.004885850642426807,0.9261305399225186,0.05378095500790596,0.045449992682582596,0.008330962325323363,0.0190648478233015,0,0.3515625,0.003955518887469367,0.014859420887746343,0.030522251145358666,0.24120994812976004,0.28501633761034145,0.41955282676286915,1.8723220109321368,True
speed_1100rpm__torque_400Nm__temperature_25degC,train,1100.0,400.0,25.0,data/simplified_dataset/Test_25degree/1100rpm/1100.0rpm400.0Nm25.0deg.csv,17673,True,-0.03740915826292955,0.001346909171378724,-0.038756067434308275,0.038756067434308275,2.3253640460584966,0.038960275773673274,0.003983757696951681,0.9501038600175937,0.04976395709373571,0.047758940775852965,0.0020050163178827463,0.015071000942811327,0,7.20703125,0.003341159487733617,0.013747208963680715,0.03929377427658376,0.3365200874865164,0.10122451156418817,0.09802228935992652,1.686242042429006,True
speed_1100rpm__torque_400Nm__temperature_30degC,train,1100.0,400.0,30.0,data/simplified_dataset/Test_30degree/1100rpm/1100.0rpm400.0Nm30.0deg.csv,17673,True,-0.034312280258398505,0.005029273262001576,-0.03934155352040008,0.03934155352040008,2.360493211224005,0.039639322888467846,0.004849544891812708,0.928468003816802,0.054865734337889056,0.04712606731365812,0.007739667024230935,0.01874985800178076,0,7.20703125,0.003999509006058739,0.014843977156093315,0.05167736110368204,0.35024792168936236,0.2076861144902452,0.04575262914795507,1.7313468871781896,True
speed_1100rpm__torque_400Nm__temperature_35degC,train,1100.0,400.0,35.0,data/simplified_dataset/Test_35degree/1100rpm/1100.0rpm400.0Nm35.0deg.csv,17673,True,-0.03773974427636853,0.003478075115587333,-0.041217819391955866,0.041217819391955866,2.473069163517352,0.041483485864078226,0.004687319490634792,0.9323038021939416,0.05401854698804569,0.04802157913554874,0.005996967852496947,0.01809249748810963,0,7.55859375,0.004317203310055715,0.016721866051814173,0.05200216320072326,0.4164773396108461,0.1711981017603785,0.39955591130632545,1.908863427416232,True
speed_1100rpm__torque_500Nm__temperature_35degC,train,1100.0,500.0,35.0,data/simplified_dataset/Test_35degree/1100rpm/1100.0rpm500.0Nm35.0deg.csv,17673,True,-0.03903199886459985,0.009652758123206213,-0.04868475698780606,0.04868475698780606,2.9210854192683637,0.04890643221326722,0.004651187898716959,0.9332489787961283,0.05359686005324892,0.046519520084606206,0.007077339968642717,0.01767034122014078,0,7.3828125,0.004284655501328165,0.01868989526757696,0.14646679461656342,0.6562487061221347,0.2305764459857837,0.512072351506448,2.123856036553568,True
speed_1100rpm__torque_600Nm__temperature_35degC,train,1100.0,600.0,35.0,data/simplified_dataset/Test_35degree/1100rpm/1100.0rpm600.0Nm35.0deg.csv,17673,True,-0.04239856139010254,0.013529406148081628,-0.05592796753818417,0.05592796753818417,3.3556780522910503,0.056123767318781055,0.004683983891997685,0.9322324101828164,0.052128443226430704,0.046851656374928774,0.00527678685150193,0.01753122716074858,0,5.80078125,0.004183247181811689,0.01774244057097219,0.21313823824338063,0.821570265601819,0.2458450862673579,0.5722142906548213,2.0436871710746307,True
speed_1100rpm__torque_700Nm__temperature_25degC,train,1100.0,700.0,25.0,data/simplified_dataset/Test_25degree/1100rpm/1100.0rpm700.0Nm25.0deg.csv,17673,True,-0.04462173140813416,0.015539446628837975,-0.060161178036972136,0.060161178036972136,3.609670682218328,0.0604233356669867,0.005622468348429215,0.9019903769074303,0.049068972370993016,0.04988156988888177,-0.000812597517888751,0.021323519615543747,0,1.0546875,0.0029947888863709423,0.018149340643214506,0.2683129715504826,1.0824524841694045,0.17101527341500933,0.13702744911445983,1.9895463121874468,True
speed_1100rpm__torque_700Nm__temperature_30degC,train,1100.0,700.0,30.0,data/simplified_dataset/Test_30degree/1100rpm/1100.0rpm700.0Nm30.0deg.csv,17673,True,-0.052523303791151846,0.008300067054474104,-0.060823370845625946,0.060823370845625946,3.6494022507375568,0.06112431025940271,0.00605795870431473,0.8901250052672142,0.054039336246334856,0.05016789749506677,0.0038714387512680873,0.022909201558094373,0,5.625,0.004108025979670626,0.017972367881888565,0.26300101958073174,1.0175982737750002,0.22751466838660528,0.3004424564449737,1.9938258623038796,True
speed_1100rpm__torque_700Nm__temperature_35degC,train,1100.0,700.0,35.0,data/simplified_dataset/Test_35degree/1100rpm/1100.0rpm700.0Nm35.0deg.csv,17673,True,-0.04887723722275056,0.01444439862712359,-0.06332163584987414,0.06332163584987414,3.7992981509924486,0.06352862818945368,0.005124161680683179,0.9189952556134229,0.053166317039982994,0.046703589190342364,0.00646272784964063,0.01936417913873255,0,8.7890625,0.004419207639853439,0.016958686998359087,0.2489322469515991,1.0941252737858307,0.12203186458024662,0.6187913006931375,2.344422504698803,True
speed_1100rpm__torque_800Nm__temperature_25degC,train,1100.0,800.0,25.0,data/simplified_dataset/Test_25degree/1100rpm/1100.0rpm800.0Nm25.0deg.csv,17673,True,-0.04841768339605937,0.018942070370904236,-0.0673597537669636,0.0673597537669636,4.041585226017816,0.06758016113126776,0.005453599818665305,0.9073105738688325,0.05036970880927133,0.04791988046095609,0.002449828348315239,0.02068186009565308,0,5.625,0.00291434654040987,0.017415257479615896,0.31508326250012947,1.2828621059336984,0.14033458466072965,0.22290308500672548,2.1445468858108403,True
speed_1100rpm__torque_800Nm__temperature_35degC,train,1100.0,800.0,35.0,data/simplified_dataset/Test_35degree/1100rpm/1100.0rpm800.0Nm35.0deg.csv,17673,True,-0.04955672806311652,0.020926953422507114,-0.07048368148562363,0.07048368148562363,4.229020889137418,0.07069874560725228,0.005510288075239801,0.9062465847996222,0.051044595916547336,0.04860713976192899,0.0024374561546183435,0.020832660910593073,0,5.625,0.004182565570907448,0.02025065336139583,0.34102459269509655,1.307101114182144,0.16063438993811507,0.6372273694479501,2.360420883026965,True
speed_1100rpm__torque_900Nm__temperature_25degC,train,1100.0,900.0,25.0,data/simplified_dataset/Test_25degree/1100rpm/1100.0rpm900.0Nm25.0deg.csv,17673,True,-0.05114923693183743,0.02082633106188026,-0.07197556799371768,0.07197556799371768,4.318534079623061,0.07232593332483395,0.0071104320044599635,0.8515263659156055,0.053426274542513155,0.051515035583299326,0.001911238959213829,0.026873643835906912,0,-0.3515625,0.003227800597173781,0.021500003418236886,0.43006067338460574,1.456709098538946,0.0729259839798139,0.06683480268133901,1.8573250534188135,True
speed_1100rpm__torque_900Nm__temperature_30degC,train,1100.0,900.0,30.0,data/simplified_dataset/Test_30degree/1100rpm/1100.0rpm900.0Nm30.0deg.csv,17673,True,-0.05705047596522944,0.019234917798790913,-0.07628539376402035,0.07628539376402035,4.577123625841221,0.07654822131452753,0.006337892763865073,0.8791148912855047,0.05322293842550069,0.0496556586217876,0.0035672798037130887,0.024040187137648633,0,5.625,0.0035204335555347613,0.01953286419810906,0.40893591297520615,1.4543340468852288,0.21180061056177665,0.47332156093184463,2.280348600062891,True
speed_1100rpm__torque_1000Nm__temperature_35degC,train,1100.0,1000.0,35.0,data/simplified_dataset/Test_35degree/1100rpm/1100.0rpm1000.0Nm35.0deg.csv,17673,True,-0.056706798068091605,0.02829824068442014,-0.08500503875251175,0.08500503875251175,5.100302325150706,0.08521562408311115,0.005987150787986559,0.8915698329711245,0.05258547834396011,0.04941517803222775,0.003170300311732356,0.022635339310072656,0,-0.3515625,0.003999013850233113,0.019623055494538424,0.5164635605145571,1.6515061243549711,0.13284221683967867,0.6468724524492224,2.678539483758812,True
speed_1100rpm__torque_1100Nm__temperature_25degC,train,1100.0,1100.0,25.0,data/simplified_dataset/Test_25degree/1100rpm/1100.0rpm1100.0Nm25.0deg.csv,17673,True,-0.06551459181945651,0.021934963132480365,-0.08744955495193688,0.08744955495193688,5.246973297116212,0.08777428518897244,0.0075432406260996865,0.8348023283937572,0.052421146380087026,0.05592112718091345,-0.0034999808008264258,0.02849831029017625,0,1.0546875,0.0034701186529696674,0.021019243136208832,0.5839666581211438,1.8386687044950425,0.142367436515195,0.20939926694890915,2.4716322293714867,True
speed_1100rpm__torque_1100Nm__temperature_30degC,train,1100.0,1100.0,30.0,data/simplified_dataset/Test_30degree/1100rpm/1100.0rpm1100.0Nm30.0deg.csv,17673,True,-0.05900248775115702,0.030493910787819534,-0.08949639853897655,0.08949639853897655,5.369783912338593,0.08980680207696065,0.007460318213257217,0.8375546470648805,0.056086436106232616,0.05305682518430177,0.003029610921930846,0.028239197025067008,0,1.0546875,0.003448846864982982,0.024645686095000653,0.5623327105797626,1.8500185507610316,0.3436001156798407,0.4317201438220391,2.427653931013069,True
speed_1100rpm__torque_1100Nm__temperature_35degC,train,1100.0,1100.0,35.0,data/simplified_dataset/Test_35degree/1100rpm/1100.0rpm1100.0Nm35.0deg.csv,17673,True,-0.06316688370912554,0.029055455990176133,-0.09222233969930167,0.09222233969930167,5.533340381958101,0.09244671493617593,0.006437015059573584,0.8763582058143247,0.053210853971515856,0.05115291826592147,0.0020579357055943853,0.02430153124701262,0,5.625,0.003742833802627276,0.019953808050711203,0.54625935868649,1.795149971036693,0.166924914087873,0.6578125269648353,2.8951414121692913,True
speed_1100rpm__torque_1200Nm__temperature_25degC,train,1100.0,1200.0,25.0,data/simplified_dataset/Test_25degree/1100rpm/1100.0rpm1200.0Nm25.0deg.csv,17673,True,-0.06818217272385117,0.02557545187944373,-0.0937576246032949,0.0937576246032949,5.625457476197694,0.09410903088628277,0.008125116805496062,0.813425560693858,0.05594605767208053,0.05574708374214849,0.00019897392993203922,0.030656606000785163,0,5.625,0.0035059780673349704,0.017516448079360106,0.6448850575457262,1.9916834844759943,0.14504961122120388,0.22227125176008045,2.198194697086251,True
speed_1100rpm__torque_1200Nm__temperature_35degC,train,1100.0,1200.0,35.0,data/simplified_dataset/Test_35degree/1100rpm/1100.0rpm1200.0Nm35.0deg.csv,17673,True,-0.06668264822943329,0.0327042604044787,-0.09938690863391199,0.09938690863391199,5.963214518034719,0.09962332207162249,0.006859204967097435,0.8622573232448992,0.0537617496180859,0.05439443261274095,-0.0006326829946550483,0.025794330791623358,0,5.625,0.004093240637474633,0.018878169523728262,0.6261436921898145,2.048301506972209,0.19542560146085866,0.6730380746384491,2.883267509368678,True
speed_1100rpm__torque_1300Nm__temperature_25degC,train,1100.0,1300.0,25.0,data/simplified_dataset/Test_25degree/1100rpm/1100.0rpm1300.0Nm25.0deg.csv,17673,True,-0.07212860490954977,0.02884342432601668,-0.10097202923556645,0.10097202923556645,6.058321754133987,0.10131524404473705,0.00833234588195547,0.8055790460197575,0.0556190519759826,0.05829895810029103,-0.0026799061243084274,0.031313915073079776,0,1.0546875,0.003606941882032757,0.022324153455369273,0.7117265698157571,2.1196599331406554,0.30107418942271813,0.23875221862051352,2.4330829237878437,True
speed_1100rpm__torque_1300Nm__temperature_30degC,train,1100.0,1300.0,30.0,data/simplified_dataset/Test_30degree/1100rpm/1100.0rpm1300.0Nm30.0deg.csv,17673,True,-0.065457830136116,0.038747432123034,-0.10420526225915,0.10420526225915,6.252315735549,0.10455466947049437,0.00854062208425702,0.7961019797142863,0.05547505271356811,0.060787899151210516,-0.0053128464376424045,0.03251834078034802,0,5.625,0.004054157987875115,0.02412292695828827,0.6980106892479447,2.2145956057447997,0.3857218826628329,0.4919086236830487,2.792649775708663,True
speed_1100rpm__torque_1300Nm__temperature_35degC,train,1100.0,1300.0,35.0,data/simplified_dataset/Test_35degree/1100rpm/1100.0rpm1300.0Nm35.0deg.csv,17673,True,-0.07132825474706973,0.035583918454836085,-0.10691217320190582,0.10691217320190582,6.4147303921143495,0.10718164954814965,0.007595605381275539,0.8362440348269253,0.053295766108964575,0.059300964006900075,-0.006005197897935501,0.02878201959480777,0,1.0546875,0.0046280544436404225,0.023104422277131945,0.6891222965744639,2.158194361434361,0.17948564270535394,0.6749246242559805,3.072807050788636,True
speed_1100rpm__torque_1400Nm__temperature_30degC,train,1100.0,1400.0,30.0,data/simplified_dataset/Test_30degree/1100rpm/1100.0rpm1400.0Nm30.0deg.csv,17673,True,-0.0689251896451922,0.0397167650553335,-0.1086419547005257,0.1086419547005257,6.518517282031542,0.10900580589907355,0.008898954913663767,0.783511007022371,0.05753103233047432,0.06072100016705182,-0.0031899678365775036,0.03392748620067819,0,5.625,0.0044200202253010055,0.028525271121150914,0.7624964970142614,2.2873221053573243,0.2655008208183878,0.3126501026875505,2.5109450876322965,True
speed_1100rpm__torque_1500Nm__temperature_30degC,train,1100.0,1500.0,30.0,data/simplified_dataset/Test_30degree/1100rpm/1100.0rpm1500.0Nm30.0deg.csv,17673,True,-0.07275275543916367,0.043480002908110826,-0.11623275834727449,0.11623275834727449,6.97396550083647,0.11659178829673451,0.00914281057523649,0.7762987674191378,0.05798081857767375,0.06305076088093978,-0.005069942303266024,0.03462996498182307,0,5.625,0.0048147017189017274,0.029596302492016932,0.7948777428854277,2.35068512898829,0.42643838554657315,0.3433446998046548,2.718317399872967,True
speed_1100rpm__torque_1600Nm__temperature_25degC,train,1100.0,1600.0,25.0,data/simplified_dataset/Test_25degree/1100rpm/1100.0rpm1600.0Nm25.0deg.csv,17673,True,-0.08347324971022779,0.03928767849514386,-0.12276092820537166,0.12276092820537166,7.365655692322299,0.12315462538244436,0.009839525356733072,0.7435626023929103,0.05489174983004724,0.06759463888738095,-0.012702889057333702,0.03708478456677525,0,-3.515625,0.0046316472720346205,0.02332783602860676,0.847068469042766,2.3724828730432126,0.3871294418971226,0.31198936097418895,2.6290955626657433,True
speed_1100rpm__torque_1600Nm__temperature_35degC,train,1100.0,1600.0,35.0,data/simplified_dataset/Test_35degree/1100rpm/1100.0rpm1600.0Nm35.0deg.csv,17673,True,-0.08177571487134863,0.046854349016900734,-0.12863006388824938,0.12863006388824938,7.717803833294963,0.12894760363923544,0.009043845885808423,0.7905478561036864,0.053700249629618495,0.06675781631494682,-0.013057566685328321,0.03386223910942653,0,5.625,0.006768544596278306,0.028113911508512848,0.8540187992534085,2.510576262954299,0.32359666447439434,0.653849641818141,3.0284283558654064,True
speed_1100rpm__torque_1700Nm__temperature_25degC,train,1100.0,1700.0,25.0,data/simplified_dataset/Test_25degree/1100rpm/1100.0rpm1700.0Nm25.0deg.csv,17673,True,-0.08046230223232419,0.05090946894236978,-0.13137177117469395,0.13137177117469395,7.882306270481637,0.1317417295713524,0.009866156742886236,0.7401899068202863,0.05628869193840982,0.06808244518488471,-0.011793753246474893,0.037240368417481656,0,1.0546875,0.005287265000168544,0.022953311351471033,0.8559162140514549,2.540045723440612,0.5204965229048725,0.3364412228463421,2.668631280570801,True
speed_1100rpm__torque_1700Nm__temperature_30degC,train,1100.0,1700.0,30.0,data/simplified_dataset/Test_30degree/1100rpm/1100.0rpm1700.0Nm30.0deg.csv,17673,True,-0.0840404436337849,0.04967129052437463,-0.13371173415815954,0.13371173415815954,8.022704049489572,0.13406937266368252,0.009786155263997006,0.7490688572079509,0.05827997283807287,0.06800808622145446,-0.009728113383381594,0.03714880262231986,0,5.625,0.006132585822678934,0.024913385443488693,0.8167799295470557,2.5506485246219714,0.5355727535756857,0.4623757641813644,2.5948132889235804,True
speed_1100rpm__torque_1700Nm__temperature_35degC,train,1100.0,1700.0,35.0,data/simplified_dataset/Test_35degree/1100rpm/1100.0rpm1700.0Nm35.0deg.csv,17673,True,-0.08875004737664421,0.04722688676080733,-0.13597693413745154,0.13597693413745154,8.158616048247092,0.13631504028098126,0.009594977299853572,0.7725579200449934,0.05432603651114821,0.0691488422471551,-0.014822805736006896,0.03636008771757646,0,5.625,0.00724631109429367,0.02654564053626208,0.9084771518942141,2.523626790102233,0.5702691042458004,0.6400319121642833,3.0643644122343656,True
speed_1100rpm__torque_1800Nm__temperature_25degC,train,1100.0,1800.0,25.0,data/simplified_dataset/Test_25degree/1100rpm/1100.0rpm1800.0Nm25.0deg.csv,17673,True,-0.0902843889430862,0.04674808182699279,-0.137032470770079,0.137032470770079,8.22194824620474,0.13745861585674166,0.010815406968705291,0.7050918816899575,0.05788446842734412,0.07184192318775634,-0.01395745476041222,0.041168080444912554,0,-3.515625,0.005763706456194807,0.03188647129729541,0.9798437263654736,2.488037061673638,0.8575804727364746,0.33620154256277823,2.594996494683361,True
speed_1300rpm__torque_0Nm__temperature_25degC,train,1300.0,0.0,25.0,data/simplified_dataset/Test_25degree/1300rpm/1300.0rpm0.0Nm25.0deg.csv,14954,True,-0.02648554012845871,-0.017297048665111097,-0.009188491463347614,0.009188491463347614,0.5513094878008569,0.009248609329634037,0.001052805376212441,0.9963968993622894,0.03882138174717805,0.039832665710488296,-0.0010112839633102458,0.0036850230441970613,0,0.0,0.001052805376212441,0.003729704125581666,0.042756260200280005,0.44751170493702475,0.3506869132531193,1.3111478690114404,0.7329721894586863,True
speed_1300rpm__torque_0Nm__temperature_30degC,train,1300.0,0.0,30.0,data/simplified_dataset/Test_30degree/1300rpm/1300.0rpm0.0Nm30.0deg.csv,14954,True,-0.024423813968850593,-0.015474401999500655,-0.008949411969349938,0.008949411969349938,0.5369647181609962,0.009024227453158153,0.001159614819321207,0.9956716583954778,0.03825967451674879,0.04010850024052962,-0.0018488257237808323,0.004112581208741207,0,-0.17578125,0.001140996812501678,0.0031993968127142025,0.0561075090747194,0.5647805191715796,0.37720516021881123,1.3449601219179426,0.9403585596299728,True
speed_1300rpm__torque_100Nm__temperature_25degC,train,1300.0,100.0,25.0,data/simplified_dataset/Test_25degree/1300rpm/1300.0rpm100.0Nm25.0deg.csv,14954,True,-0.027952728279936032,-0.011754282268813723,-0.01619844601112231,0.01619844601112231,0.9719067606673386,0.016415512249654825,0.002660712168447247,0.9766357569208821,0.042482515108927574,0.040522299059481744,0.00196021604944583,0.008774806655426771,0,-0.52734375,0.001304079071670693,0.006150871947686343,0.13172505021051584,0.16328759306198215,0.37744146200098083,1.0837597274692627,0.8506504508429757,True
speed_1300rpm__torque_100Nm__temperature_30degC,train,1300.0,100.0,30.0,data/simplified_dataset/Test_30degree/1300rpm/1300.0rpm100.0Nm30.0deg.csv,14954,True,-0.022828204579342506,-0.006356922386463312,-0.016471282192879196,0.016471282192879196,0.9882769315727518,0.016607853525756812,0.0021254791590448077,0.985039501824121,0.04117134932263937,0.04025366177743284,0.0009176875452065261,0.006967363191645444,0,0.703125,0.0013357614498707682,0.007303686960060446,0.08773660193237574,0.25645023573144843,0.3954272086195224,1.0545080263139102,0.8830332323042566,True
speed_1300rpm__torque_100Nm__temperature_35degC,train,1300.0,100.0,35.0,data/simplified_dataset/Test_35degree/1300rpm/1300.0rpm100.0Nm35.0deg.csv,14954,True,-0.02657622676014048,-0.008572012859647102,-0.01800421390049338,0.01800421390049338,1.0802528340296027,0.018089522032024793,0.0017547333621924812,0.9898552751531798,0.04111493785916986,0.04059279640048112,0.0005221414586887366,0.005602267410109652,0,1.23046875,0.001104274362127052,0.010844372979438186,0.06852675798458008,0.28307336812905715,0.6190345390098466,0.8836770111889388,1.0105874850131022,True
speed_1300rpm__torque_200Nm__temperature_25degC,train,1300.0,200.0,25.0,data/simplified_dataset/Test_25degree/1300rpm/1300.0rpm200.0Nm25.0deg.csv,14954,True,-0.03260431962488086,-0.00857588299949557,-0.024028436625385292,0.024028436625385292,1.4417061975231176,0.024131915282585195,0.002232390769043724,0.9835107288232492,0.039980170417869484,0.04198311363680001,-0.0020029432189305266,0.007281968872280172,0,-0.703125,0.0011363930020718454,0.007801063755768434,0.022913101218316356,0.03523754003289148,0.2785335639860097,0.6743991164977354,0.6922432350825145,True
speed_1300rpm__torque_200Nm__temperature_30degC,train,1300.0,200.0,30.0,data/simplified_dataset/Test_30degree/1300rpm/1300.0rpm200.0Nm30.0deg.csv,14954,True,-0.02638021556892961,-0.0024906028951472885,-0.023889612673782323,0.023889612673782323,1.4333767604269394,0.02391183446851222,0.0010306473432693287,0.996500608913028,0.04167026413230014,0.04032462147832139,0.0013456426539787542,0.003288490789779018,0,0.0,0.0010306473432693287,0.007931183738213094,0.11729055312580483,0.16627446944202262,0.3012335990107217,0.3655554815492011,0.9876709546615932,True
speed_1300rpm__torque_300Nm__temperature_30degC,train,1300.0,300.0,30.0,data/simplified_dataset/Test_30degree/1300rpm/1300.0rpm300.0Nm30.0deg.csv,14954,True,-0.029788519679251963,0.001437775169423003,-0.031226294848674965,0.031226294848674965,1.873577690920498,0.03124512963013302,0.0010847283657356615,0.996156043918266,0.041378720391395604,0.040764125897138834,0.0006145944942567705,0.003251324012986525,0,0.0,0.0010847283657356615,0.012793039927103381,0.014799039321973686,0.25542374883202124,0.23870054922208403,0.11350178678224482,1.2449737395117086,True
speed_1300rpm__torque_400Nm__temperature_25degC,train,1300.0,400.0,25.0,data/simplified_dataset/Test_25degree/1300rpm/1300.0rpm400.0Nm25.0deg.csv,14954,True,-0.0074674781819932525,-0.028040969797908058,0.020573491615914805,0.020573491615914805,1.2344094969548882,0.0230566917185694,0.01040876917483666,0.7363639770767528,0.08127570506475003,0.07470254255478471,0.0065731625099653135,0.04828329372371566,0,1.93359375,0.01031494347505691,0.01345835515922252,1.0036686896398153,0.5366290539960585,0.17544915363604333,0.9625852383624657,3.106848085637633,True
speed_1300rpm__torque_400Nm__temperature_30degC,train,1300.0,400.0,30.0,data/simplified_dataset/Test_30degree/1300rpm/1300.0rpm400.0Nm30.0deg.csv,14954,True,-0.03374229773254817,0.005635990184162516,-0.03937828791671069,0.03937828791671069,2.3626972750026414,0.03940128323789129,0.0013459426217973833,0.9940007731569256,0.042187222979488265,0.03870003679092908,0.0034871861885591854,0.004061542315620419,0,-0.17578125,0.001166255122852805,0.013997810143272758,0.03476579408207203,0.3844069569317492,0.2790380613477242,0.10522295501116113,1.4597829387228876,True
speed_1300rpm__torque_400Nm__temperature_35degC,train,1300.0,400.0,35.0,data/simplified_dataset/Test_35degree/1300rpm/1300.0rpm400.0Nm35.0deg.csv,14954,True,-0.03517184166454744,0.005984239238603199,-0.04115608090315064,0.04115608090315064,2.4693648541890387,0.04120788403245573,0.0020656018797529456,0.985801943753199,0.042084591494934424,0.03854143815456844,0.0035431533403659857,0.006497417677139994,0,0.703125,0.0012379002493891496,0.016256789066408126,0.034807235941866965,0.4627891432172917,0.39788274065607293,0.40610234970183123,1.7245544850555208,True
speed_1300rpm__torque_500Nm__temperature_25degC,train,1300.0,500.0,25.0,data/simplified_dataset/Test_25degree/1300rpm/1300.0rpm500.0Nm25.0deg.csv,14954,True,-0.015550592727118864,-0.0290373710784824,0.013486778351363537,0.013486778351363537,0.8092067010818123,0.01743978436900233,0.011056802817202165,0.7031836337781686,0.07228184934972035,0.06248227211054853,0.009799577239171818,0.05083181400342174,108,9.66796875,0.010251732313667695,0.019798715765643245,0.06118968330970631,0.4377061274322591,1.3291618812172774,0.3490268679749089,0.4838114965481084,True
speed_1300rpm__torque_500Nm__temperature_30degC,train,1300.0,500.0,30.0,data/simplified_dataset/Test_30degree/1300rpm/1300.0rpm500.0Nm30.0deg.csv,14954,True,-0.036607877526548274,0.009046938502688251,-0.045654816029236524,0.045654816029236524,2.7392889617541916,0.0456987103691795,0.002002474155319232,0.9866513581743757,0.04147017416594646,0.040239807696946774,0.0012303664689996899,0.006341378010624195,0,0.703125,0.0013966455089278185,0.01576782246931092,0.12943384891013365,0.6393544757786589,0.035133147390086494,0.058895488055257,1.4477132494316451,True
speed_1300rpm__torque_500Nm__temperature_35degC,train,1300.0,500.0,35.0,data/simplified_dataset/Test_35degree/1300rpm/1300.0rpm500.0Nm35.0deg.csv,14954,True,-0.038844233788238994,0.009668394123945984,-0.048512627912184976,0.048512627912184976,2.9107576747310984,0.0485530842912113,0.001981647608269876,0.9868561003697367,0.04140858055119097,0.03991976667093256,0.0014888138802584064,0.0062278116060601975,0,0.87890625,0.0011906101799662166,0.016201963063570846,0.1326487281723152,0.640927250597535,0.2546879997172351,0.4756211073248816,1.6439798173937183,True
speed_1300rpm__torque_600Nm__temperature_30degC,train,1300.0,600.0,30.0,data/simplified_dataset/Test_30degree/1300rpm/1300.0rpm600.0Nm30.0deg.csv,14954,True,-0.04113651264455697,0.01154493330830899,-0.05268144595286596,0.05268144595286596,3.1608867571719577,0.05270722504036009,0.001648279032938406,0.9910948908242108,0.04352061776152709,0.03973129742238286,0.0037893203391442323,0.004921508653607156,0,0.0,0.001648279032938406,0.01655368867928347,0.1524137845995133,0.8187088577381587,0.13088536345321442,0.08779488360168332,1.3929425822968793,True
speed_1300rpm__torque_600Nm__temperature_35degC,train,1300.0,600.0,35.0,data/simplified_dataset/Test_35degree/1300rpm/1300.0rpm600.0Nm35.0deg.csv,14954,True,-0.04214002266731218,0.013390112167360546,-0.05553013483467272,0.05553013483467272,3.3318080900803633,0.05557466089329825,0.0022241984282347356,0.9834942921100404,0.042494396391544065,0.04143280017715855,0.0010615962143855143,0.007032508071437263,0,1.0546875,0.001347090043819181,0.018645888166020152,0.15528368526008896,0.8204766560916479,0.49274016989491853,0.3735784036918555,2.0158888962955013,True
speed_1300rpm__torque_700Nm__temperature_25degC,train,1300.0,700.0,25.0,data/simplified_dataset/Test_25degree/1300rpm/1300.0rpm700.0Nm25.0deg.csv,14954,True,-0.05095406430650368,0.007364728337976884,-0.05831879264448056,0.05831879264448056,3.4991275586688335,0.05838055733400239,0.002684753083398962,0.9763750742108039,0.045625323474890594,0.0415724654289593,0.004052858045931293,0.00863903563134507,0,0.52734375,0.0019448420122626351,0.015646683153241935,0.2612477098250685,1.0366229148495334,0.2723763802525819,0.005497623225637377,1.2169256466772864,True
speed_1300rpm__torque_700Nm__temperature_30degC,train,1300.0,700.0,30.0,data/simplified_dataset/Test_30degree/1300rpm/1300.0rpm700.0Nm30.0deg.csv,14954,True,-0.045206432183278335,0.015534009791738801,-0.060740441975017136,0.060740441975017136,3.644426518501028,0.06078809363090568,0.002406457138478276,0.9806800081522647,0.042938508469040036,0.03979247470848747,0.003146033760552565,0.007560454304291381,0,0.703125,0.0016374864072148496,0.018556580347860938,0.2735434731466917,1.0946879385344872,0.29629543825464466,0.23107072028339787,1.5528776704440448,True
speed_1300rpm__torque_700Nm__temperature_35degC,train,1300.0,700.0,35.0,data/simplified_dataset/Test_35degree/1300rpm/1300.0rpm700.0Nm35.0deg.csv,14954,True,-0.04708557256423553,0.011932306486851476,-0.059017879051087005,0.059017879051087005,3.5410727430652202,0.059050885173672504,0.0019740800656305644,0.9871161441520994,0.044094052995888464,0.04027718019696505,0.0038168727989234125,0.006024728028048806,0,-0.3515625,0.0017775497128396638,0.021524368788225834,0.3073763217330805,0.9249442577797642,0.3407396310762588,0.11824241766955411,1.4484978941026139,True
speed_1300rpm__torque_800Nm__temperature_30degC,train,1300.0,800.0,30.0,data/simplified_dataset/Test_30degree/1300rpm/1300.0rpm800.0Nm30.0deg.csv,14954,True,-0.04746694565231252,0.019625531375693752,-0.06709247702800628,0.06709247702800628,4.025548621680376,0.06714343359836236,0.0026153779122996793,0.9772709386663595,0.042095771612931904,0.043011759869927946,-0.000915988256996042,0.008211980189018768,0,0.52734375,0.0017042988590907362,0.017778063730637225,0.28455160748244945,1.3530348969777004,0.23083334309212525,0.2446777505413724,1.5204097494254074,True
speed_1300rpm__torque_800Nm__temperature_35degC,train,1300.0,800.0,35.0,data/simplified_dataset/Test_35degree/1300rpm/1300.0rpm800.0Nm35.0deg.csv,14954,True,-0.053077838127084,0.013693901712580635,-0.06677173983966464,0.06677173983966464,4.006304390379879,0.06680127548205456,0.0019862438957706035,0.9870758237744113,0.04446835851047592,0.04289686821997918,0.0015714902904967396,0.005844247004403461,0,0.17578125,0.001558031325048981,0.021157511269296762,0.33833577378232316,1.3965331009631081,0.17123370462195922,0.2589722123658106,1.4641609260120694,True
speed_1300rpm__torque_900Nm__temperature_25degC,train,1300.0,900.0,25.0,data/simplified_dataset/Test_25degree/1300rpm/1300.0rpm900.0Nm25.0deg.csv,14954,True,-0.057234372823277965,0.014319221457001943,-0.07155359428027991,0.07155359428027991,4.293215656816795,0.07157147027178694,0.0015995319435314487,0.9916100775021838,0.04518684870799415,0.040796253422561664,0.004390595285432487,0.004308136139155863,0,0.0,0.0015995319435314487,0.020516750095020967,0.4569926155633348,1.381355437837102,0.1599874266585207,0.09134937845363691,1.50955893386256,True
speed_1300rpm__torque_900Nm__temperature_30degC,train,1300.0,900.0,30.0,data/simplified_dataset/Test_30degree/1300rpm/1300.0rpm900.0Nm30.0deg.csv,14954,True,-0.05915663806207422,0.015331408209518355,-0.07448804627159257,0.07448804627159257,4.469282776295554,0.07450427435285463,0.00155494677931916,0.9919499328750467,0.04156182370064555,0.04005475075656976,0.001507072944075795,0.004246436205700857,0,0.17578125,0.001492497953697901,0.017928155174717682,0.422305388914787,1.3470516784992308,0.2658684396006994,0.27365174330293457,1.8266233973166688,True
speed_1300rpm__torque_900Nm__temperature_35degC,train,1300.0,900.0,35.0,data/simplified_dataset/Test_35degree/1300rpm/1300.0rpm900.0Nm35.0deg.csv,14954,True,-0.05164906487811188,0.023034623790929076,-0.07468368866904096,0.07468368866904096,4.481021320142458,0.07470981842103705,0.0019757568904322374,0.987066322425814,0.04418684783787312,0.04086853247688149,0.0033183153609916277,0.005727403493928907,0,0.3515625,0.0018363158471737507,0.02010544250954378,0.4116430317682316,1.6344848023016165,0.24591109357721494,0.25717143643675716,1.895550616747978,True
speed_1300rpm__torque_1000Nm__temperature_25degC,train,1300.0,1000.0,25.0,data/simplified_dataset/Test_25degree/1300rpm/1300.0rpm1000.0Nm25.0deg.csv,14954,True,-0.055584980299731135,0.023758508701863815,-0.07934348900159495,0.07934348900159495,4.760609340095697,0.07938782657566862,0.0026528779584102683,0.9769515616124903,0.04519994853862922,0.041682460883550695,0.003517487655078526,0.008161880982106783,0,0.703125,0.002060095902857453,0.017335662615395795,0.5302392935430311,1.6512703174468994,0.25495484208050867,0.09701697528140658,1.4311365015648667,True
speed_1300rpm__torque_1000Nm__temperature_30degC,train,1300.0,1000.0,30.0,data/simplified_dataset/Test_30degree/1300rpm/1300.0rpm1000.0Nm30.0deg.csv,14954,True,-0.0558344279737364,0.026555488977231763,-0.08238991695096817,0.08238991695096817,4.943395017058091,0.0824040344337624,0.0015252789165487372,0.9922280830565015,0.04212749411640424,0.04186609602798189,0.0002613980884223488,0.0036903722425932007,0,0.0,0.0015252789165487372,0.022963517363787128,0.5451413674887251,1.6624022149193496,0.41686238624722505,0.32880727961066863,1.986125509838323,True
speed_1300rpm__torque_1000Nm__temperature_35degC,train,1300.0,1000.0,35.0,data/simplified_dataset/Test_35degree/1300rpm/1300.0rpm1000.0Nm35.0deg.csv,14954,True,-0.06288779365564434,0.019163029309433373,-0.08205082296507771,0.08205082296507771,4.923049377904663,0.08208012192478223,0.002192912661414279,0.9839805425224992,0.04238822094806093,0.04138110612333867,0.0010071148247222592,0.006420775265674778,0,4.5703125,0.001854616879129447,0.023958679583081895,0.4642345441249469,1.6932651982886722,0.3336086547724163,0.36941213830749126,1.9234007744395898,True
speed_1300rpm__torque_1100Nm__temperature_25degC,train,1300.0,1100.0,25.0,data/simplified_dataset/Test_25degree/1300rpm/1300.0rpm1100.0Nm25.0deg.csv,14954,True,-0.06503828949675503,0.02134509919364007,-0.0863833886903951,0.0863833886903951,5.183003321423706,0.08640851176095062,0.0020835218036925583,0.985641685029078,0.044537277862476334,0.040827522671324015,0.0037097551911523183,0.005699845247771977,0,0.17578125,0.0020272697299607615,0.017342196473183843,0.6269975240724845,1.9293049154327935,0.30140020851589094,0.1292822054089329,1.7039824661111342,True
speed_1300rpm__torque_1100Nm__temperature_30degC,train,1300.0,1100.0,30.0,data/simplified_dataset/Test_30degree/1300rpm/1300.0rpm1100.0Nm30.0deg.csv,14954,True,-0.05890566633113249,0.02960112113824279,-0.08850678746937528,0.08850678746937528,5.310407248162517,0.08853427858696329,0.0022061406947108857,0.9839320705644644,0.04431968946196434,0.04263286461360218,0.0016868248483621548,0.006274589882448981,0,0.3515625,0.00179648424928262,0.0228623058385359,0.5794463156886762,1.8270540159453597,0.29725215749608963,0.3162239845316612,1.9455134855866993,True
speed_1300rpm__torque_1200Nm__temperature_25degC,train,1300.0,1200.0,25.0,data/simplified_dataset/Test_25degree/1300rpm/1300.0rpm1200.0Nm25.0deg.csv,14954,True,-0.0679526898350426,0.025287490626532468,-0.09324018046157506,0.09324018046157506,5.594410827694504,0.09327078642314963,0.002389214826194818,0.9811671809207381,0.044257471567700636,0.043651169256540306,0.0006063023111603297,0.006772476271729768,0,4.5703125,0.0023212227290351204,0.022734627571161528,0.6444428824230031,2.022401080974409,0.1820182004235995,0.15260941055510413,1.8546583223323976,True
speed_1300rpm__torque_1200Nm__temperature_35degC,train,1300.0,1200.0,35.0,data/simplified_dataset/Test_35degree/1300rpm/1300.0rpm1200.0Nm35.0deg.csv,14954,True,-0.06334684318464792,0.03394902745576483,-0.09729587064041276,0.09729587064041276,5.837752238424765,0.09733586557989395,0.002790033066336398,0.9743077672760839,0.04376427062312386,0.04372972528179357,3.454534133028736e-05,0.008235281028412329,0,0.703125,0.0021554028858826145,0.027934197291145702,0.6374851395092123,2.0213017204649306,0.3818910842742841,0.41168374661327956,2.7626723011562175,True
speed_1300rpm__torque_1300Nm__temperature_25degC,train,1300.0,1300.0,25.0,data/simplified_dataset/Test_25degree/1300rpm/1300.0rpm1300.0Nm25.0deg.csv,14954,True,-0.07244740319460216,0.028472533616058615,-0.10091993681066078,0.10091993681066078,6.0551962086396465,0.10094087642544854,0.00205593960755405,0.986107231471446,0.04505733131538791,0.044260417589216505,0.000796913726171404,0.005277466017227006,0,-0.17578125,0.0020046383915844337,0.019192105411977505,0.6555430889614917,2.223555327537881,0.17966457837113792,0.24444723839644872,2.2274960324274398,True
speed_1300rpm__torque_1300Nm__temperature_30degC,train,1300.0,1300.0,30.0,data/simplified_dataset/Test_30degree/1300rpm/1300.0rpm1300.0Nm30.0deg.csv,14954,True,-0.07199195555106189,0.027687370091859814,-0.0996793256429217,0.0996793256429217,5.9807595385753025,0.09970211562038818,0.0021316422198915746,0.985243557231677,0.04640505955539914,0.04613993685772158,0.00026512269767756114,0.005686130848995493,0,0.17578125,0.001999177030475728,0.02573981588109963,0.7586745136042934,2.089787731981874,0.13449363742831902,0.2259560594132365,2.1471253879014713,True
speed_1300rpm__torque_1400Nm__temperature_25degC,train,1300.0,1400.0,25.0,data/simplified_dataset/Test_25degree/1300rpm/1300.0rpm1400.0Nm25.0deg.csv,14954,True,-0.07488964170904808,0.03246561008833787,-0.10735525179738595,0.10735525179738595,6.441315107843157,0.10738790816260267,0.002648156162208939,0.9772252383249584,0.046737846301680964,0.04376086926116673,0.0029769770405142365,0.007509170360127944,0,4.74609375,0.002553291640006377,0.022182699999451664,0.8423256775006203,2.288893718656579,0.27034018991217973,0.2282884335764792,2.245359627594346,True
speed_1300rpm__torque_1400Nm__temperature_30degC,train,1300.0,1400.0,30.0,data/simplified_dataset/Test_30degree/1300rpm/1300.0rpm1400.0Nm30.0deg.csv,14954,True,-0.06830518564787211,0.039347932755914146,-0.10765311840378625,0.10765311840378625,6.4591871042271745,0.1076923404373736,0.0029062496141158984,0.9723995106988497,0.04609641083832073,0.04412682367484042,0.0019695871634803075,0.008642715520702591,0,-4.39453125,0.0024510639800663205,0.021668020909787852,0.7849539501505496,2.1878172912654485,0.504067278474972,0.2679414701762561,2.1980442968849987,True
speed_1300rpm__torque_1400Nm__temperature_35degC,train,1300.0,1400.0,35.0,data/simplified_dataset/Test_35degree/1300rpm/1300.0rpm1400.0Nm35.0deg.csv,14954,True,-0.07042935428653632,0.04152784960228466,-0.11195720388882098,0.11195720388882098,6.717432233329259,0.11198996995231345,0.002708849814411738,0.9758064362326259,0.04399662029592285,0.044127996810359074,-0.00013137651443622528,0.007490584626964953,0,4.5703125,0.002257284813378691,0.028620893019835846,0.7554408890602495,2.255083995005609,0.583460831540224,0.444415735909646,2.699899427315666,True
speed_1300rpm__torque_1500Nm__temperature_25degC,train,1300.0,1500.0,25.0,data/simplified_dataset/Test_25degree/1300rpm/1300.0rpm1500.0Nm25.0deg.csv,14954,True,-0.07808424883725323,0.0343522714427056,-0.11243652027995883,0.11243652027995883,6.74619121679753,0.11245689837923628,0.002140770985482916,0.9849462026696891,0.04357316742091206,0.04412854401777147,-0.0005553765968594124,0.005392399944383687,0,0.0,0.002140770985482916,0.029585914263097826,0.9620857213156069,2.4520317389729387,0.09663113531058803,0.18010173295057164,1.6316493068683458,True
speed_1300rpm__torque_1500Nm__temperature_30degC,train,1300.0,1500.0,30.0,data/simplified_dataset/Test_30degree/1300rpm/1300.0rpm1500.0Nm30.0deg.csv,14954,True,-0.07198623276018891,0.04340539980934832,-0.11539163256953723,0.11539163256953723,6.923497954172234,0.1154129539134999,0.002218347127156869,0.9837931563259195,0.04451702695580853,0.04301650725995179,0.001500519695856739,0.005254464014500882,0,4.74609375,0.002151306591505675,0.029286452501272025,0.7825735864901755,2.5075837487423493,0.529100095609855,0.301742527552389,2.1462624069793375,True
speed_1300rpm__torque_1500Nm__temperature_35degC,train,1300.0,1500.0,35.0,data/simplified_dataset/Test_35degree/1300rpm/1300.0rpm1500.0Nm35.0deg.csv,14954,True,-0.08064386278466605,0.03750453317323213,-0.11814839595789818,0.11814839595789818,7.088903757473891,0.11817747982111759,0.0026216920960257283,0.9774364738002531,0.044657801235526776,0.04655225131588033,-0.001894450080353556,0.006886662083037787,0,0.3515625,0.0023424543252754627,0.03075517728045062,0.835048082851314,2.4714305547968713,0.36945739724828,0.4449772047316156,2.9610935614684704,True
speed_1300rpm__torque_1600Nm__temperature_25degC,train,1300.0,1600.0,25.0,data/simplified_dataset/Test_25degree/1300rpm/1300.0rpm1600.0Nm25.0deg.csv,14954,True,-0.081624873316774,0.037765141611633204,-0.1193900149284072,0.1193900149284072,7.163400895704432,0.11941161836066315,0.0022713288857782216,0.9831313778020099,0.044190265913167916,0.04469844809704074,-0.0005081821838728226,0.005660444767598034,0,0.0,0.0022713288857782216,0.020987143300673576,0.997028358367892,2.5742422881124942,0.054112160676604515,0.20364278523791346,1.7835887862386706,True
speed_1300rpm__torque_1600Nm__temperature_30degC,train,1300.0,1600.0,30.0,data/simplified_dataset/Test_30degree/1300rpm/1300.0rpm1600.0Nm30.0deg.csv,14954,True,-0.0760489675575157,0.04677770738263494,-0.12282667494015063,0.12282667494015063,7.3696004964090385,0.12285085895679865,0.0024375129886439035,0.9805871921043927,0.04503454186902291,0.04495775601083192,7.678585819098638e-05,0.006059880881617798,0,0.17578125,0.0023326408510909906,0.03098901438383554,0.8677790240645307,2.4097682299108594,0.740627074178223,0.3421042217378102,2.4703156864256712,True
speed_1300rpm__torque_1600Nm__temperature_35degC,train,1300.0,1600.0,35.0,data/simplified_dataset/Test_35degree/1300rpm/1300.0rpm1600.0Nm35.0deg.csv,14954,True,-0.0782561138920403,0.04818513618861631,-0.1264412500806566,0.1264412500806566,7.586475004839396,0.1264665259806984,0.0025283337729660963,0.9790299478037954,0.045912424460623505,0.04471185920776603,0.0012005652528574717,0.006034648102651577,0,0.17578125,0.0024020352299941265,0.031470726464086905,0.8354168247737705,2.521260082045825,0.7372512409710343,0.4744211829272169,1.9018693884842146,True
speed_1300rpm__torque_1700Nm__temperature_25degC,train,1300.0,1700.0,25.0,data/simplified_dataset/Test_25degree/1300rpm/1300.0rpm1700.0Nm25.0deg.csv,14954,True,-0.08503443136776173,0.04161495412492226,-0.126649385492684,0.126649385492684,7.5989631295610405,0.1266716850292626,0.0023767504030163078,0.9814767100917393,0.044746117593138915,0.04505572703229482,-0.00030960943915590844,0.005711726146154148,0,4.921875,0.0023755197190468654,0.026528096025788924,1.057217336715963,2.610450661787874,0.05885416743897364,0.2251857850981665,1.787529227806918,True
speed_1300rpm__torque_1700Nm__temperature_30degC,train,1300.0,1700.0,30.0,data/simplified_dataset/Test_30degree/1300rpm/1300.0rpm1700.0Nm30.0deg.csv,14954,True,-0.08086568788292148,0.050027821314163994,-0.13089350919708548,0.13089350919708548,7.8536105518251285,0.13092660759615138,0.0029437776256204776,0.9718870642553421,0.0457441355017536,0.0483761795801576,-0.0026320440784039986,0.00783138111238181,0,0.3515625,0.002580558123875325,0.02593327914842737,0.9621510401832292,2.453555767260215,0.7447644198333796,0.36950792355240175,2.4234816110882496,True
speed_1300rpm__torque_1700Nm__temperature_35degC,train,1300.0,1700.0,35.0,data/simplified_dataset/Test_35degree/1300rpm/1300.0rpm1700.0Nm35.0deg.csv,14954,True,-0.08172122957670788,0.0521212054801348,-0.13384243505684268,0.13384243505684268,8.030546103410561,0.13387256045999832,0.0028398982676771144,0.9738151269781847,0.04687884651955431,0.04695724645264045,-7.839993308613596e-05,0.007035297632580171,0,4.921875,0.002523980025039313,0.03259850461408502,0.89445177773978,2.564597691332765,0.7918681978534421,0.48025236218968737,2.3750254620323745,True
speed_1300rpm__torque_1800Nm__temperature_25degC,train,1300.0,1800.0,25.0,data/simplified_dataset/Test_25degree/1300rpm/1300.0rpm1800.0Nm25.0deg.csv,14954,True,-0.08847678115861127,0.04510933741900891,-0.13358611857762018,0.13358611857762018,8.01516711465721,0.133610692714272,0.0025624462830703145,0.9785821746137391,0.04606693016436714,0.04567734837319748,0.0003895817911696575,0.006133841747285724,0,4.921875,0.0023978966076020443,0.02908930094931691,1.04200039797639,2.71116267217552,0.16191593505555246,0.24570043478745496,1.7537875123800943,True
speed_1300rpm__torque_1800Nm__temperature_35degC,train,1300.0,1800.0,35.0,data/simplified_dataset/Test_35degree/1300rpm/1300.0rpm1800.0Nm35.0deg.csv,14954,True,-0.08572416216898193,0.0553641622220417,-0.14108832439102365,0.14108832439102365,8.465299463461418,0.1411207519296709,0.003025119126414593,0.9704027580374073,0.04638121381253191,0.049183402766917114,-0.002802188954385207,0.007521273495824247,0,4.921875,0.002812632486769311,0.030927961448104467,0.9641475221882969,2.720561438805211,0.7486465670221983,0.486042910821448,2.0041048155890824,True
speed_1400rpm__torque_0Nm__temperature_30degC,train,1400.0,0.0,30.0,data/simplified_dataset/Test_30degree/1400rpm/1400.0rpm0.0Nm30.0deg.csv,13885,True,-0.026577175150813825,-0.01777073757976855,-0.008806437571045274,0.008806437571045274,0.5283862542627165,0.008858948065398263,0.0009631293437051094,0.997057631311168,0.03882071858413457,0.04051338803539687,-0.0016926694512622992,0.0034428052639866144,0,0.0,0.0009631293437051094,0.003008264062534968,0.05069780934721102,0.5975006529712954,0.38921763323318853,1.1808537842538804,0.7052041100880801,True
speed_1400rpm__torque_0Nm__temperature_35degC,train,1400.0,0.0,35.0,data/simplified_dataset/Test_35degree/1400rpm/1400.0rpm0.0Nm35.0deg.csv,13885,True,-0.02628934255495445,-0.017729137173544338,-0.008560205381410113,0.008560205381410113,0.5136123228846068,0.008626832014236037,0.00107010019620833,0.9964669425465018,0.03910663287519616,0.04056456795873212,-0.0014579350835359564,0.0037389119584672966,0,0.17578125,0.0010582114208089405,0.003985603629277023,0.05059211701712796,0.655104264900864,0.4909360158786005,1.1950802108217413,0.9162494149896968,True
speed_1400rpm__torque_100Nm__temperature_25degC,train,1400.0,100.0,25.0,data/simplified_dataset/Test_25degree/1400rpm/1400.0rpm100.0Nm25.0deg.csv,13886,True,-0.023228741953352897,-0.007287014269463539,-0.015941727683889358,0.015941727683889358,0.9565036610333615,0.015998088550695934,0.001341698821876206,0.994107059013157,0.04300862646145778,0.04201675969807522,0.0009918667633825595,0.0038962672120160255,0,-0.17578125,0.0012909126158089283,0.00610237366531416,0.049631082574066454,0.21251534119757332,0.39976899650994135,1.0015515411922649,0.8060544459857835,True
speed_1400rpm__torque_100Nm__temperature_30degC,train,1400.0,100.0,30.0,data/simplified_dataset/Test_30degree/1400rpm/1400.0rpm100.0Nm30.0deg.csv,13886,True,-0.023407095424036573,-0.0062518181569856755,-0.0171552772670509,0.0171552772670509,1.029316636023054,0.01718505173190662,0.001011170074178147,0.9965998953801013,0.040948192383660736,0.03994354973230924,0.0010046426513514936,0.0028371327719366665,0,0.17578125,0.0009228932730156095,0.011111541069515762,0.10065441640727912,0.18451114881248065,0.45094992847250714,0.8100887779443726,0.81442997679515,True
speed_1400rpm__torque_100Nm__temperature_35degC,train,1400.0,100.0,35.0,data/simplified_dataset/Test_35degree/1400rpm/1400.0rpm100.0Nm35.0deg.csv,13886,True,-0.022195721954930938,-0.0061687905302917605,-0.01602693142463918,0.01602693142463918,0.9616158854783508,0.016140532118343598,0.0019116082687607667,0.9879201100410769,0.042649489452517876,0.0396741434640633,0.0029753459884545794,0.0057925653147893105,0,-0.3515625,0.0017545616198949739,0.006245315194653489,0.09498179319250431,0.3118402211012856,0.345409941281292,0.8599621906310913,0.65209215170831,True
speed_1400rpm__torque_200Nm__temperature_30degC,train,1400.0,200.0,30.0,data/simplified_dataset/Test_30degree/1400rpm/1400.0rpm200.0Nm30.0deg.csv,13886,True,-0.026227844642937766,-0.0022804038993084986,-0.023947440743629266,0.023947440743629266,1.436846444617756,0.023996527077097752,0.0015340774401087242,0.992210905159513,0.04064401953650816,0.0401707931385437,0.0004732263979644602,0.004679555847139299,0,0.703125,0.0014311768280288763,0.01166304729885461,0.10472151209902235,0.15327991114564601,0.31297709390421735,0.08028435628154124,0.8903040514935393,True
speed_1400rpm__torque_200Nm__temperature_35degC,train,1400.0,200.0,35.0,data/simplified_dataset/Test_35degree/1400rpm/1400.0rpm200.0Nm35.0deg.csv,13886,True,-0.029668079941421933,-0.005745495125134822,-0.02392258481628711,0.02392258481628711,1.4353550889772266,0.02402216252499713,0.0021850007059325137,0.9842405826274001,0.0407922448817082,0.04226876982354011,-0.001476524941831911,0.0067167733777781236,0,0.87890625,0.0012486873077871615,0.008014896904734977,0.08053928182450522,0.03704943894842572,0.4370197220827611,0.3037468889193644,1.2312194779109944,True
speed_1400rpm__torque_300Nm__temperature_35degC,train,1400.0,300.0,35.0,data/simplified_dataset/Test_35degree/1400rpm/1400.0rpm300.0Nm35.0deg.csv,13885,True,-0.030342932569802507,0.0011820614520257232,-0.03152499402182823,0.03152499402182823,1.8914996413096936,0.03159676277312213,0.0021284195227093817,0.9849814589558893,0.041759393008215656,0.040718105170592205,0.0010412878376234516,0.006498513357387059,0,-0.703125,0.0013832497190781278,0.008776554933404835,0.05937375099500386,0.20513266434198663,0.2638092178542136,0.1292644427907258,1.2769308072131138,True
speed_1400rpm__torque_400Nm__temperature_25degC,train,1400.0,400.0,25.0,data/simplified_dataset/Test_25degree/1400rpm/1400.0rpm400.0Nm25.0deg.csv,13886,True,-0.002564017614860779,-0.027557447166507133,0.024993429551646355,0.024993429551646355,1.4996057730987813,0.027424542313956916,0.011288666899900268,0.7044263348930716,0.07633406831729413,0.06348505178480382,0.012849016532490307,0.05241298388816495,0,1.23046875,0.011063012699571164,0.01449980518080098,0.6378962730778485,0.2992750693492616,1.3770467739411083,0.24678568971384066,0.16022303093807044,True
speed_1400rpm__torque_400Nm__temperature_30degC,train,1400.0,400.0,30.0,data/simplified_dataset/Test_30degree/1400rpm/1400.0rpm400.0Nm30.0deg.csv,13886,True,-0.040785851084957046,-0.0023413187233595153,-0.03844453236159753,0.03844453236159753,2.306671941695852,0.038467673092706975,0.0013340931996874796,0.9940880895536615,0.04118593367804414,0.04017850829714257,0.0010074253809015735,0.0037677568655702406,0,-0.3515625,0.00118596925241971,0.016008513729562197,0.029192204324592907,0.3348758988623439,0.25043376772413617,0.04781369386225903,1.4139790009299062,True
speed_1400rpm__torque_400Nm__temperature_35degC,train,1400.0,400.0,35.0,data/simplified_dataset/Test_35degree/1400rpm/1400.0rpm400.0Nm35.0deg.csv,13886,True,-0.04114339788114066,-0.0016749649081352087,-0.03946843297300545,0.03946843297300545,2.368105978380327,0.03951144352408232,0.0018430865449355683,0.9887247722757916,0.04259875671950102,0.040064046526557054,0.002534710192943969,0.005445640876950834,0,0.52734375,0.0013244601173414319,0.016376235403998744,0.03061947129453224,0.34755103869914206,0.2657259461786032,0.10144138307380578,1.1298902723485917,True
speed_1400rpm__torque_500Nm__temperature_25degC,train,1400.0,500.0,25.0,data/simplified_dataset/Test_25degree/1400rpm/1400.0rpm500.0Nm25.0deg.csv,13886,True,-0.037628731552403365,0.0070307775693963116,-0.044659509121799675,0.044659509121799675,2.6795705473079803,0.04468132168125717,0.0013959771430340367,0.9935824384935117,0.04194194443715982,0.03978014287952222,0.0021618015576375937,0.003912519141884674,0,0.0,0.0013959771430340367,0.018743311608762,0.10012636408989062,0.6287409823131844,0.2736819243217436,0.10189636388556597,1.0633108576309538,True
speed_1400rpm__torque_500Nm__temperature_35degC,train,1400.0,500.0,35.0,data/simplified_dataset/Test_35degree/1400rpm/1400.0rpm500.0Nm35.0deg.csv,13886,True,-0.03797858795875203,0.009438028364065005,-0.04741661632281703,0.04741661632281703,2.844996979369022,0.04744390228095334,0.0016088381333777462,0.9913746107011241,0.040159562345210675,0.04048528571737617,-0.00032572337216549285,0.0046304109571655965,0,-0.3515625,0.00126067901865307,0.016205768560776827,0.12648408914899578,0.6226048424937995,0.26673239678209043,0.23886987808386903,1.4521565291758185,True
speed_1400rpm__torque_600Nm__temperature_30degC,train,1400.0,600.0,30.0,data/simplified_dataset/Test_30degree/1400rpm/1400.0rpm600.0Nm30.0deg.csv,13886,True,-0.042865190567132644,0.008817856485336098,-0.05168304705246874,0.05168304705246874,3.1009828231481245,0.05170739068058874,0.0015864735633905327,0.9917093650619312,0.04432098406464441,0.0414841672182828,0.0028368168463616117,0.004481709009904319,0,0.0,0.0015864735633905327,0.019621170112046515,0.18297419907174883,0.8176526530041093,0.23030123585988593,0.046347667714676216,1.047812835631252,True
speed_1400rpm__torque_600Nm__temperature_35degC,train,1400.0,600.0,35.0,data/simplified_dataset/Test_35degree/1400rpm/1400.0rpm600.0Nm35.0deg.csv,13886,True,-0.044538457661000855,0.010139054619023407,-0.054677512280024265,0.054677512280024265,3.280650736801456,0.05470906881525692,0.001857918593564419,0.9884735890791686,0.04216915372342172,0.040015708538878175,0.002153445184543544,0.005357581180328495,0,-0.703125,0.0015272739412571152,0.018403768818883712,0.19818897827212112,0.8818188463266908,0.3307449888194298,0.29673473492867125,1.505480109416423,True
speed_1400rpm__torque_700Nm__temperature_25degC,train,1400.0,700.0,25.0,data/simplified_dataset/Test_25degree/1400rpm/1400.0rpm700.0Nm25.0deg.csv,13886,True,-0.04384021294739147,0.014250118616883583,-0.05809033156427505,0.05809033156427505,3.4854198938565033,0.05811098106445966,0.0015490316415679305,0.9921070969143209,0.04325319431063021,0.04037792775460071,0.0028752665560295015,0.004270552847946429,0,-0.17578125,0.0015422046254349052,0.01856686956697588,0.2846495860327223,0.9997588993568083,0.22986858981378291,0.03892551929517313,1.244462748708484,True
speed_1400rpm__torque_700Nm__temperature_30degC,train,1400.0,700.0,30.0,data/simplified_dataset/Test_30degree/1400rpm/1400.0rpm700.0Nm30.0deg.csv,13886,True,-0.04392666496798005,0.015460956079200817,-0.059387621047180865,0.059387621047180865,3.563257262830852,0.05943679135041325,0.0024171537785171978,0.9806311968627777,0.044247898731914606,0.04045808882964081,0.0037898099022737955,0.0072055980211616875,0,-0.52734375,0.0016844764884457334,0.01915096636807982,0.2733633949283196,1.0201475688090564,0.17766830705340536,0.16006040231736318,1.0947649372433998,True
speed_1400rpm__torque_700Nm__temperature_35degC,train,1400.0,700.0,35.0,data/simplified_dataset/Test_35degree/1400rpm/1400.0rpm700.0Nm35.0deg.csv,13886,True,-0.05171609703035512,0.010042501852721236,-0.06175859888307635,0.06175859888307635,3.7055159329845813,0.06178153449859488,0.0016832911216866967,0.9905699827697503,0.04262933841772036,0.03955307329314072,0.00307626512457964,0.004606651519937659,0,0.0,0.0016832911216866967,0.021241987297034637,0.24558385789590087,1.090169516419156,0.36011689425015825,0.3065938028924774,1.426548823724889,True
speed_1400rpm__torque_800Nm__temperature_30degC,train,1400.0,800.0,30.0,data/simplified_dataset/Test_30degree/1400rpm/1400.0rpm800.0Nm30.0deg.csv,13886,True,-0.05538486926776326,0.011928595244330896,-0.06731346451209416,0.06731346451209416,4.03880787072565,0.06735479620535807,0.002359251416097327,0.9814433309780808,0.04371980252413805,0.04196195508189536,0.0017578474422426868,0.006931758444763678,0,0.703125,0.0017648416638047263,0.017936455477886,0.3484740916594149,1.264698164441624,0.23549337975766113,0.2526235799612787,1.3292638030160164,True
speed_1400rpm__torque_800Nm__temperature_35degC,train,1400.0,800.0,35.0,data/simplified_dataset/Test_35degree/1400rpm/1400.0rpm800.0Nm35.0deg.csv,13886,True,-0.047343053680364025,0.014204423071528256,-0.06154747675189228,0.06154747675189228,3.6928486051135367,0.06157343004511091,0.0017875662212758906,0.9893154333659709,0.04252755012989631,0.03983644701173061,0.0026911031181657066,0.0049967334820831604,0,0.703125,0.0015537553495205514,0.019144924715961537,0.30493915800129057,1.1778667752576402,0.2735474773961747,0.2797547882003439,1.4103971199400083,True
speed_1400rpm__torque_900Nm__temperature_25degC,train,1400.0,900.0,25.0,data/simplified_dataset/Test_25degree/1400rpm/1400.0rpm900.0Nm25.0deg.csv,13886,True,-0.05785691372809844,0.013838113915174786,-0.07169502764327322,0.07169502764327322,4.301701658596393,0.07174465026615813,0.002667930479535047,0.9762878291573243,0.0445297288089687,0.04196949414426452,0.002560234664704182,0.007861784853401532,0,-0.703125,0.0020866933599774182,0.018300481338897126,0.46506099453245225,1.4567443993571128,0.4147709392106137,0.03210380423131362,1.8321747504000638,True
speed_1400rpm__torque_900Nm__temperature_35degC,train,1400.0,900.0,35.0,data/simplified_dataset/Test_35degree/1400rpm/1400.0rpm900.0Nm35.0deg.csv,13886,True,-0.05152440873158799,0.02418385818926864,-0.07570826692085664,0.07570826692085664,4.542496015251398,0.07575101499432713,0.002544522059463988,0.978469509776894,0.043802488017159566,0.042216177179784445,0.0015863108373751211,0.007382849610757153,0,-0.703125,0.001799469508508094,0.019560015988762558,0.416479214704502,1.5547698835495303,0.2794836253902794,0.3359271094816317,1.9349264345864103,True
speed_1400rpm__torque_1000Nm__temperature_25degC,train,1400.0,1000.0,25.0,data/simplified_dataset/Test_25degree/1400rpm/1400.0rpm1000.0Nm25.0deg.csv,13886,True,-0.05359843195082849,0.024559192888202568,-0.07815762483903105,0.07815762483903105,4.689457490341863,0.07818462632820354,0.0020546224962493566,0.9860431781716862,0.044891866259902366,0.04187935514228523,0.0030125111176171337,0.005648062312080986,0,0.3515625,0.0018921902854849937,0.021335985901561473,0.4934571348942174,1.6721538759515164,0.21875533791236296,0.07341063924579666,1.5211731307787215,True
speed_1400rpm__torque_1000Nm__temperature_30degC,train,1400.0,1000.0,30.0,data/simplified_dataset/Test_30degree/1400rpm/1400.0rpm1000.0Nm30.0deg.csv,13886,True,-0.06230973105031014,0.019019826006913324,-0.08132955705722346,0.08132955705722346,4.879773423433408,0.08134845705100728,0.001753457571602735,0.9897541668647133,0.04247494002262198,0.041336156869263195,0.0011387831533587883,0.004358905006747688,0,-0.17578125,0.0017533583525111813,0.02128018482468417,0.5294807319613977,1.694576421502765,0.2782846340935431,0.31130225777404186,1.6118081380118072,True
speed_1400rpm__torque_1000Nm__temperature_35degC,train,1400.0,1000.0,35.0,data/simplified_dataset/Test_35degree/1400rpm/1400.0rpm1000.0Nm35.0deg.csv,13886,True,-0.06273218482314072,0.020368781107430352,-0.08310096593057106,0.08310096593057106,4.986057955834264,0.08313773445751603,0.002472317158965741,0.9798042527364921,0.044886410782235826,0.043757487707297434,0.0011289230749383927,0.006962013641566919,0,-0.3515625,0.001996413089651729,0.020494795555973267,0.5071520014317406,1.7528789165300251,0.3535712064184331,0.37302898869898726,1.8797429533054621,True
speed_1400rpm__torque_1100Nm__temperature_25degC,train,1400.0,1100.0,25.0,data/simplified_dataset/Test_25degree/1400rpm/1400.0rpm1100.0Nm25.0deg.csv,13886,True,-0.05734096588326279,0.027510733634501502,-0.08485169951776429,0.08485169951776429,5.091101971065857,0.08488564252138141,0.0024002906521492524,0.9809654938993212,0.04513427790345737,0.042555275866110964,0.0025790020373464076,0.006759952410967805,0,-0.52734375,0.002087760229424718,0.021210919627114706,0.6056166081237118,1.8525454853267025,0.22136762348364375,0.10061609784606179,1.7964175279100216,True
speed_1400rpm__torque_1100Nm__temperature_30degC,train,1400.0,1100.0,30.0,data/simplified_dataset/Test_30degree/1400rpm/1400.0rpm1100.0Nm30.0deg.csv,13886,True,-0.05959988181576996,0.03039696209080416,-0.08999684390657411,0.08999684390657411,5.399810634394447,0.09002573740172366,0.0022806756849319473,0.9827301644636159,0.045830667814733286,0.0414719601182284,0.004358707696504885,0.006168583794089264,0,0.0,0.0022806756849319473,0.023850212597686236,0.5874363965135885,1.879591130536193,0.27358010102400787,0.3777526820596444,1.9768629033416012,True
speed_1400rpm__torque_1200Nm__temperature_25degC,train,1400.0,1200.0,25.0,data/simplified_dataset/Test_25degree/1400rpm/1400.0rpm1200.0Nm25.0deg.csv,13886,True,-0.06884674549942596,0.024745372402672258,-0.09359211790209822,0.09359211790209822,5.615527074125893,0.09361565140957413,0.0020989653257373403,0.9855413324383927,0.04569587701563882,0.04296260040579128,0.0027332766098475403,0.0054532067938661945,0,-0.17578125,0.0020512767942286966,0.021563140287600292,0.6019565161739557,2.048953382615664,0.38137913400391243,0.20693868700858958,1.8911782476930306,True
speed_1400rpm__torque_1200Nm__temperature_30degC,train,1400.0,1200.0,30.0,data/simplified_dataset/Test_30degree/1400rpm/1400.0rpm1200.0Nm30.0deg.csv,13886,True,-0.06642203609181911,0.02811994982482949,-0.0945419859166486,0.0945419859166486,5.672519154998916,0.0945715457464399,0.0023643527247836815,0.9815502442287993,0.04694327374679387,0.04107363089285995,0.005869642853933918,0.006370932991523581,0,0.3515625,0.002110840745378862,0.021516790966889205,0.6715519358144357,2.0556859705328336,0.2897817331830242,0.29976037192208455,1.6215667411023664,True
speed_1400rpm__torque_1200Nm__temperature_35degC,train,1400.0,1200.0,35.0,data/simplified_dataset/Test_35degree/1400rpm/1400.0rpm1200.0Nm35.0deg.csv,13886,True,-0.06980038893751132,0.027818705106792532,-0.09761909404430386,0.09761909404430386,5.857145642658232,0.09764065778769217,0.0020519578900583934,0.9861057234541043,0.047460942940055026,0.04304040084870675,0.004420542091348276,0.00514998867109935,0,0.17578125,0.001961566747775272,0.023988469939315478,0.6310933973268562,2.018435813849001,0.3705580602464664,0.3893829540518054,2.305634975359415,True
speed_1400rpm__torque_1300Nm__temperature_30degC,train,1400.0,1300.0,30.0,data/simplified_dataset/Test_30degree/1400rpm/1400.0rpm1300.0Nm30.0deg.csv,13886,True,-0.064494749274611,0.03682195844281209,-0.1013167077174231,0.1013167077174231,6.079002463045386,0.1013379370833794,0.0020741816741124378,0.9858381148356351,0.04723420352037171,0.046251326108320986,0.000982877412050727,0.005001109516109667,0,-0.17578125,0.002047993525255416,0.025231377051565862,0.7434505466846391,2.1420307097504208,0.2531402933124731,0.28823588933923344,1.7281559214706548,True
speed_1400rpm__torque_1300Nm__temperature_35degC,train,1400.0,1300.0,35.0,data/simplified_dataset/Test_35degree/1400rpm/1400.0rpm1300.0Nm35.0deg.csv,13886,True,-0.07432738386217877,0.030426375297895145,-0.10475375916007391,0.10475375916007391,6.2852255496044345,0.10477766942560664,0.002238292227331927,0.9834073982900252,0.045039938741315136,0.044232611308518355,0.0008073274327967811,0.005651593122410274,0,0.3515625,0.0020459311833788394,0.02312562821566523,0.6685926626708987,2.1170943889245906,0.39947203049370106,0.39172533448847713,2.301510197215414,True
speed_1400rpm__torque_1400Nm__temperature_30degC,train,1400.0,1400.0,30.0,data/simplified_dataset/Test_30degree/1400rpm/1400.0rpm1400.0Nm30.0deg.csv,13886,True,-0.07627587071110102,0.03208298684505444,-0.10835885755615546,0.10835885755615546,6.501531453369328,0.10839058585989578,0.002622421052434114,0.9774264810094663,0.04787050702073008,0.04307771823964178,0.004792788781088297,0.0069325656667032776,0,0.3515625,0.002292435632336275,0.02519243061104961,0.7707112991847535,2.285867598732374,0.2038509539690251,0.30207053658275906,2.0519950692366855,True
speed_1400rpm__torque_1500Nm__temperature_30degC,train,1400.0,1500.0,30.0,data/simplified_dataset/Test_30degree/1400rpm/1400.0rpm1500.0Nm30.0deg.csv,13886,True,-0.07988233015368951,0.03732757770574256,-0.11720990785943207,0.11720990785943207,7.0325944715659245,0.1172384186019214,0.002585400522703528,0.977899251036212,0.047654124121610825,0.0439386164423532,0.003715507679257622,0.006483649101963237,0,0.17578125,0.0025414071157209496,0.025143940333177094,0.8230052318520809,2.427056079957125,0.42235444820613277,0.3412082271800902,2.126427827581618,True
speed_1400rpm__torque_1600Nm__temperature_25degC,train,1400.0,1600.0,25.0,data/simplified_dataset/Test_25degree/1400rpm/1400.0rpm1600.0Nm25.0deg.csv,13886,True,-0.0820470597416576,0.038025468189595325,-0.12007252793125292,0.12007252793125292,7.204351675875175,0.12009689305673119,0.0024190407351703997,0.9808123865916941,0.04411321539754006,0.04494506909706958,-0.0008318536995295181,0.006459023746232569,0,4.5703125,0.0023962199386502246,0.024912512794490013,0.9486845553371202,2.681949363252905,0.06253601755737712,0.2136788264699574,1.596894088156169,True
speed_1400rpm__torque_1600Nm__temperature_30degC,train,1400.0,1600.0,30.0,data/simplified_dataset/Test_30degree/1400rpm/1400.0rpm1600.0Nm30.0deg.csv,13886,True,-0.07535382322466999,0.04754453490787856,-0.12289835813254855,0.12289835813254855,7.373901487952914,0.12294859923403419,0.003514487435600031,0.959916850344415,0.04834316164372864,0.04414593608174154,0.0041972255619871016,0.009734552887651472,0,4.5703125,0.002723638079198712,0.028152653238247956,0.9073425051068817,2.5257937546698925,0.7665490784993346,0.3202531890165563,2.0986416069654252,True
speed_1400rpm__torque_1600Nm__temperature_35degC,train,1400.0,1600.0,35.0,data/simplified_dataset/Test_35degree/1400rpm/1400.0rpm1600.0Nm35.0deg.csv,13886,True,-0.07853217223589762,0.0487261706641411,-0.12725834290003873,0.12725834290003873,7.635500574002324,0.12728763322647416,0.002730519132613587,0.9754454804920255,0.045825310914883816,0.04377183120679831,0.002053479708085504,0.006488364998315579,0,-4.04296875,0.0024377496808160462,0.02598098087692196,0.855145183300932,2.5156433766547686,0.691961000669326,0.45452256505461824,2.0947279613528056,True
speed_1400rpm__torque_1700Nm__temperature_25degC,train,1400.0,1700.0,25.0,data/simplified_dataset/Test_25degree/1400rpm/1400.0rpm1700.0Nm25.0deg.csv,13886,True,-0.08582164216886648,0.04146546396927091,-0.12728710613813737,0.12728710613813737,7.637226368288243,0.12731168018322164,0.002501304070571844,0.9794665284734438,0.04524647708817009,0.04478104443202668,0.00046543265614341217,0.006628653884006819,0,4.5703125,0.0024099327166045076,0.02169514905306646,0.9214349295855924,2.7868061586268604,0.15271018256420693,0.2180136317541435,1.3772598153338604,True
speed_1400rpm__torque_1700Nm__temperature_30degC,train,1400.0,1700.0,30.0,data/simplified_dataset/Test_30degree/1400rpm/1400.0rpm1700.0Nm30.0deg.csv,13886,True,-0.08771409658139147,0.042932142155809844,-0.13064623873720133,0.13064623873720133,7.838774324232079,0.13068469203150754,0.00317002132361493,0.967340170108592,0.04836917414776676,0.043970732145721766,0.004398442002044992,0.008178215596438923,0,4.921875,0.0024515849501264373,0.032219685609332076,0.8995267246249561,2.560846200444991,0.6262236325774617,0.35744807487749347,1.990998684865008,True
speed_1400rpm__torque_1800Nm__temperature_25degC,train,1400.0,1800.0,25.0,data/simplified_dataset/Test_25degree/1400rpm/1400.0rpm1800.0Nm25.0deg.csv,13886,True,-0.08928037989920747,0.04532444465632059,-0.13460482455552805,0.13460482455552805,8.076289473331682,0.13463158247494508,0.0026840652159469836,0.9765938564458082,0.04595289800904895,0.046608003834870876,-0.0006551058258219278,0.0068719059023022114,0,-4.39453125,0.002545998208269181,0.02453027792081103,1.0319664900287857,2.7430313728197695,0.418312970322606,0.24368708003487904,1.4890386099499713,True
speed_1400rpm__torque_1800Nm__temperature_30degC,train,1400.0,1800.0,30.0,data/simplified_dataset/Test_30degree/1400rpm/1400.0rpm1800.0Nm30.0deg.csv,13886,True,-0.09073068831761827,0.046869485490074955,-0.13760017380769324,0.13760017380769324,8.256010428461595,0.13765249428100762,0.00379491104974119,0.9536807372430383,0.048697429599003875,0.04734871523018872,0.0013487143688151529,0.010288795480818161,0,4.5703125,0.002642947953881855,0.02968060190269905,0.9568259340851156,2.6591096314371883,0.42781491535846033,0.36642452273208886,1.9262052868925843,True
speed_1500rpm__torque_0Nm__temperature_30degC,train,1500.0,0.0,30.0,data/simplified_dataset/Test_30degree/1500rpm/1500.0rpm0.0Nm30.0deg.csv,12960,True,-0.026566848681284644,-0.017660843648213465,-0.00890600503307118,0.00890600503307118,0.5343603019842708,0.00902614270149692,0.0014677623849577727,0.9930292149517144,0.04043673014693766,0.042600789807718135,-0.002164059660780475,0.005307028645133981,0,0.17578125,0.0014474374719210417,0.004312939818854521,0.04711015664009732,0.5744517499693051,0.4254964975979368,1.0326249310066742,0.5008675706734611,True
speed_1500rpm__torque_0Nm__temperature_35degC,train,1500.0,0.0,35.0,data/simplified_dataset/Test_35degree/1500rpm/1500.0rpm0.0Nm35.0deg.csv,12960,True,-0.025259391891818694,-0.016862053853269637,-0.008397338038549057,0.008397338038549057,0.5038402823129434,0.008567014505651603,0.0016965999547276867,0.99079528848683,0.041208399734719466,0.04333965106577918,-0.002131251331059715,0.006030765632352469,0,0.17578125,0.0016949317330716362,0.003983206830198907,0.05318037201163084,0.705762888987443,0.46128420853159785,1.0202501449428065,0.7294275598423675,True
speed_1500rpm__torque_100Nm__temperature_25degC,train,1500.0,100.0,25.0,data/simplified_dataset/Test_25degree/1500rpm/1500.0rpm100.0Nm25.0deg.csv,12960,True,-0.022746806816277946,-0.007394999235466932,-0.015351807580811014,0.015351807580811014,0.9211084548486609,0.015483704168433357,0.0020167049306514828,0.9865879136757243,0.04231060284856337,0.04300515713875237,-0.0006945542901890048,0.005963935624198017,0,0.3515625,0.0015739750877149794,0.0033835718281419822,0.027522611857012217,0.2647159401441368,0.4790343223123881,0.8262553227111185,0.5644227517550825,True
speed_1500rpm__torque_100Nm__temperature_35degC,train,1500.0,100.0,35.0,data/simplified_dataset/Test_35degree/1500rpm/1500.0rpm100.0Nm35.0deg.csv,12960,True,-0.022260896972367585,-0.00625536395066715,-0.016005533021700435,0.016005533021700435,0.9603319813020261,0.01622139550360771,0.002637533843521546,0.9771137202713783,0.0428679778851814,0.041848329398001864,0.0010196484871795378,0.007898292235227634,0,0.87890625,0.0017299681576513934,0.005585334954600386,0.09785387922159527,0.2982359542722004,0.4020094957006654,0.8421499340880466,0.6643828591661491,True
speed_1500rpm__torque_200Nm__temperature_25degC,train,1500.0,200.0,25.0,data/simplified_dataset/Test_25degree/1500rpm/1500.0rpm200.0Nm25.0deg.csv,12960,True,-0.026443864889868204,-0.003431994175803856,-0.02301187071406435,0.02301187071406435,1.380712242843861,0.023064255397115412,0.0015536033157003736,0.991988280443931,0.04017675906880137,0.04324072830111818,-0.0030639692323168113,0.004950235984780329,0,0.17578125,0.0014549063263092792,0.008267916437909768,0.034440467135135266,0.038576626685626225,0.3484546380791282,0.5983446039298771,0.6845854586423137,True
speed_1500rpm__torque_200Nm__temperature_35degC,train,1500.0,200.0,35.0,data/simplified_dataset/Test_35degree/1500rpm/1500.0rpm200.0Nm35.0deg.csv,12960,True,-0.03378399591523336,-0.009914536479760767,-0.02386945943547259,0.02386945943547259,1.4321675661283555,0.02394276354564671,0.0018721197774387466,0.9884047872629945,0.04142440457740873,0.04096907927031991,0.00045532530708881913,0.005734935342687038,0,0.87890625,0.0016649441752196843,0.0070906727938995755,0.04841086168200981,0.10286319204192229,0.46093451593988755,0.1504996637142858,0.9333653600162457,True
speed_1500rpm__torque_400Nm__temperature_25degC,train,1500.0,400.0,25.0,data/simplified_dataset/Test_25degree/1500rpm/1500.0rpm400.0Nm25.0deg.csv,12960,True,-0.0334289725677551,0.003808533748840056,-0.037237506316595156,0.037237506316595156,2.2342503789957093,0.03727775307954337,0.0017317615254245548,0.9900732892163312,0.04178618793722332,0.04350970786007938,-0.0017235199228560552,0.005694116189592678,0,0.17578125,0.0016819366945467447,0.009532770232865815,0.15475291555713477,0.25050645324237863,0.2702426661652747,0.20790411834638461,1.2439050556393743,True
speed_1500rpm__torque_400Nm__temperature_30degC,train,1500.0,400.0,30.0,data/simplified_dataset/Test_30degree/1500rpm/1500.0rpm400.0Nm30.0deg.csv,12960,True,-0.03535035378178929,0.0037385145368967767,-0.03908886831868606,0.03908886831868606,2.3453320991211637,0.03913351564428409,0.0018688018209131762,0.9883473939423231,0.039874921515124784,0.04263574643817947,-0.0027608249230546833,0.00586935265801827,0,0.703125,0.0015046445941503865,0.015116056919475365,0.03222215634869974,0.37436111166794217,0.2616044261041359,0.06474717344585929,1.2020650389224308,True
speed_1500rpm__torque_400Nm__temperature_35degC,train,1500.0,400.0,35.0,data/simplified_dataset/Test_35degree/1500rpm/1500.0rpm400.0Nm35.0deg.csv,12960,True,-0.03405645547412889,0.005146935161301494,-0.03920339063543038,0.03920339063543038,2.352203438125823,0.039234201960276605,0.0015545951709761755,0.9920252868180277,0.042892068629215754,0.041014310252476815,0.0018777583767389389,0.0047608255787208835,0,0.17578125,0.0014923537734394543,0.015190633959715162,0.03104334531456354,0.34767415421538633,0.2863427809812748,0.06211655460787795,1.106351295489338,True
speed_1500rpm__torque_500Nm__temperature_35degC,train,1500.0,500.0,35.0,data/simplified_dataset/Test_35degree/1500rpm/1500.0rpm500.0Nm35.0deg.csv,12960,True,-0.04104311648795368,0.005913754019931003,-0.046956870507884683,0.046956870507884683,2.817412230473081,0.04699463304778365,0.0018835730412141859,0.9882669875775785,0.04297078784521452,0.04135866702343001,0.00161212082178451,0.005770776521956049,0,-0.3515625,0.001748673684566529,0.015957830698657346,0.12881103862312182,0.538593090017516,0.28990801234713487,0.18578116556967056,1.1691940606523326,True
speed_1500rpm__torque_600Nm__temperature_25degC,train,1500.0,600.0,25.0,data/simplified_dataset/Test_25degree/1500rpm/1500.0rpm600.0Nm25.0deg.csv,12960,True,-0.03841767442761505,0.010409230266021616,-0.048826904693636666,0.048826904693636666,2.9296142816182,0.04888017678001115,0.00228146007715715,0.9828919274022958,0.04301362692321868,0.04536488455518743,-0.0023512576319687506,0.007001769320351805,0,0.17578125,0.0020990737776657832,0.016805087538262344,0.31329640526455216,0.7096988767529524,0.17058063586585348,0.1881218313044515,1.1864287589637126,True
speed_1500rpm__torque_600Nm__temperature_30degC,train,1500.0,600.0,30.0,data/simplified_dataset/Test_30degree/1500rpm/1500.0rpm600.0Nm30.0deg.csv,12960,True,-0.040740711969267575,0.010897479775281318,-0.051638191744548895,0.051638191744548895,3.098291504672934,0.051692361768526374,0.0023658864219167227,0.9815219275231808,0.0437630474777091,0.041261554293659276,0.0025014931840498245,0.007221905754883997,0,-0.3515625,0.0022095833557006493,0.01746401963556278,0.19598740448991703,0.7688405318428047,0.1989515006359864,0.04713622046442459,1.0577500835351885,True
speed_1500rpm__torque_600Nm__temperature_35degC,train,1500.0,600.0,35.0,data/simplified_dataset/Test_35degree/1500rpm/1500.0rpm600.0Nm35.0deg.csv,12960,True,-0.0448742958714389,0.009224405073667417,-0.05409870094510632,0.05409870094510632,3.2459220567063793,0.054143445848971496,0.002200746339872244,0.9838895158774188,0.04312221088670827,0.04447401535082836,-0.0013518044641200877,0.0066902251099728565,0,0.703125,0.001742033863812876,0.015032385762290637,0.19133607342415293,0.8269296298466431,0.2753247253087794,0.2522200115655251,1.256310598272885,True
speed_1500rpm__torque_700Nm__temperature_25degC,train,1500.0,700.0,25.0,data/simplified_dataset/Test_25degree/1500rpm/1500.0rpm700.0Nm25.0deg.csv,12960,True,-0.0425988514143591,0.014728868031868833,-0.057327719446227936,0.057327719446227936,3.439663166773676,0.0573710477398279,0.002229282812967526,0.9835471256020818,0.04245766936005754,0.044217101904304,-0.0017594325442464587,0.007040766437940386,0,0.17578125,0.002163157490277619,0.013516192071241892,0.3984654953444422,0.9755988679579366,0.14847243667247412,0.016530042276402868,1.1506173450207606,True
speed_1500rpm__torque_700Nm__temperature_30degC,train,1500.0,700.0,30.0,data/simplified_dataset/Test_30degree/1500rpm/1500.0rpm700.0Nm30.0deg.csv,12960,True,-0.050723865482964,0.008316891724979649,-0.05904075720794365,0.05904075720794365,3.542445432476619,0.05908748328485533,0.002349397635716024,0.9817395523842147,0.042786231036667885,0.0434710122620828,-0.0006847812254149183,0.007072663458812365,0,0.52734375,0.0018995765467362297,0.018522223181685206,0.2780665941582363,1.0080229986701976,0.33120508690779055,0.13777194878969545,1.1825914841469714,True
speed_1500rpm__torque_700Nm__temperature_35degC,train,1500.0,700.0,35.0,data/simplified_dataset/Test_35degree/1500rpm/1500.0rpm700.0Nm35.0deg.csv,12960,True,-0.04826670905998712,0.01311967584350348,-0.0613863849034906,0.0613863849034906,3.683183094209436,0.061419317913159265,0.0020110597699293225,0.9866112810216063,0.04371202017145295,0.041939173280763686,0.001772846890689267,0.006055791279306144,0,0.3515625,0.0018537914382391358,0.01695522245346061,0.23987146286453642,1.1306082557576058,0.3399359877810665,0.2889166170348655,1.378721006694573,True
speed_1500rpm__torque_800Nm__temperature_25degC,train,1500.0,800.0,25.0,data/simplified_dataset/Test_25degree/1500rpm/1500.0rpm800.0Nm25.0deg.csv,12960,True,-0.04677519980940026,0.017866252188923987,-0.06464145199832425,0.06464145199832425,3.8784871198994546,0.0646856913820435,0.002391935016115527,0.9811256556295855,0.0423164808823122,0.04465990590188292,-0.002343425019570723,0.00748624466944604,0,0.17578125,0.002297620953206333,0.013070170731228781,0.4623760508914556,1.2409692153025769,0.1922761253118782,0.04586160459763575,1.2414198192895056,True
speed_1500rpm__torque_800Nm__temperature_35degC,train,1500.0,800.0,35.0,data/simplified_dataset/Test_35degree/1500rpm/1500.0rpm800.0Nm35.0deg.csv,12960,True,-0.048108589872491225,0.01926450038133424,-0.06737309025382546,0.06737309025382546,4.0423854152295275,0.0674126702579031,0.0023097231329018268,0.9823306383387188,0.04366535287219715,0.042528924200989936,0.0011364286712072166,0.006867492579125728,0,0.52734375,0.002254271584882938,0.02039211105257139,0.3717877549978674,1.3097200585968254,0.21450896044306764,0.24788039887723826,1.3736697714850485,True
speed_1500rpm__torque_900Nm__temperature_25degC,train,1500.0,900.0,25.0,data/simplified_dataset/Test_25degree/1500rpm/1500.0rpm900.0Nm25.0deg.csv,12960,True,-0.0557195125312991,0.012963092812542508,-0.0686826053438416,0.0686826053438416,4.120956320630496,0.06875081569379772,0.003061761216137414,0.9693773061846155,0.0448368353697449,0.04558762208799704,-0.0007507867182521416,0.008788197507167243,0,0.703125,0.0025417307316591546,0.01963030584370678,0.5623148338051001,1.5021064389938106,0.19290244157969455,0.0584709106548289,1.201839863197872,True
speed_1500rpm__torque_1000Nm__temperature_25degC,train,1500.0,1000.0,25.0,data/simplified_dataset/Test_25degree/1500rpm/1500.0rpm1000.0Nm25.0deg.csv,12960,True,-0.060619378861472686,0.017167657107118192,-0.07778703596859088,0.07778703596859088,4.667222158115453,0.077838888868226,0.0028407138999179157,0.9735329587443569,0.045309100156201015,0.045450136576440515,-0.00014103642023950008,0.008400455787954106,0,0.52734375,0.0026105375041899507,0.014833352146436236,0.5853794979958011,1.749595860005073,0.24358267198885564,0.0830262474199338,1.3827700766890283,True
speed_1500rpm__torque_1000Nm__temperature_35degC,train,1500.0,1000.0,35.0,data/simplified_dataset/Test_35degree/1500rpm/1500.0rpm1000.0Nm35.0deg.csv,12960,True,-0.05624232625956596,0.02631426870035751,-0.08255659495992347,0.08255659495992347,4.9533956975954085,0.08259444733020924,0.002500271666408668,0.9792866987731036,0.04410741437369427,0.044421472708852494,-0.00031405833515822656,0.007390888615853486,0,0.52734375,0.002366173847916707,0.021092563455954057,0.5413628552586418,1.77259393703418,0.3578468082187315,0.34281433948926016,1.528001094901335,True
speed_1500rpm__torque_1100Nm__temperature_30degC,train,1500.0,1100.0,30.0,data/simplified_dataset/Test_30degree/1500rpm/1500.0rpm1100.0Nm30.0deg.csv,12960,True,-0.05931896646645449,0.03039106118785504,-0.08971002765430952,0.08971002765430952,5.3826016592585715,0.08975924462088158,0.002972025096508981,0.9707660915559108,0.0449457579581311,0.04586662593924614,-0.0009208679811150422,0.008855252614120129,0,0.52734375,0.002419889340380106,0.020618964587920896,0.5768274478671882,1.9124790921094474,0.3089741434921401,0.37601587695719135,1.5694027475562702,True
speed_1500rpm__torque_1200Nm__temperature_25degC,train,1500.0,1200.0,25.0,data/simplified_dataset/Test_25degree/1500rpm/1500.0rpm1200.0Nm25.0deg.csv,12960,True,-0.0673299127691861,0.024795618437268817,-0.09212553120645492,0.09212553120645492,5.5275318723872955,0.0921760949097287,0.0030526992540719578,0.9695551751028302,0.045462356772007585,0.04575360871098884,-0.0002912519389812532,0.009183319094448946,0,0.52734375,0.0027766450135174713,0.020107802479184967,0.7268692966235943,2.0973890075962323,0.1001117377963468,0.1582339760265063,1.6851131450815209,True
speed_1500rpm__torque_1200Nm__temperature_35degC,train,1500.0,1200.0,35.0,data/simplified_dataset/Test_35degree/1500rpm/1500.0rpm1200.0Nm35.0deg.csv,12960,True,-0.06330507906380592,0.0343456928383275,-0.09765077190213342,0.09765077190213342,5.859046314128006,0.09768419529485804,0.0025551433074245534,0.9785119029569204,0.04601094858841244,0.044278928678811585,0.0017320199096008543,0.007432171609670239,0,0.0,0.0025551433074245534,0.02365316199632313,0.6703683780305081,2.0900822862474038,0.399563678878902,0.4101293934735948,1.9182657125428313,True
speed_1500rpm__torque_1300Nm__temperature_30degC,train,1500.0,1300.0,30.0,data/simplified_dataset/Test_30degree/1500rpm/1500.0rpm1300.0Nm30.0deg.csv,12960,True,-0.07180920747263886,0.030321961563882407,-0.10213116903652127,0.10213116903652127,6.127870142191276,0.10217514944886856,0.00299757837798217,0.9707564258734898,0.04591350392339801,0.045750747266473546,0.00016275665692446623,0.008520459886935606,0,0.3515625,0.0027485525744130133,0.018891360644190038,0.7073385571935082,2.1831203072665732,0.31572044729120097,0.29827021774948087,1.5643653477416775,True
speed_1500rpm__torque_1300Nm__temperature_35degC,train,1500.0,1300.0,35.0,data/simplified_dataset/Test_35degree/1500rpm/1500.0rpm1300.0Nm35.0deg.csv,12960,True,-0.06750955286056337,0.0373738957025011,-0.10488344856306447,0.10488344856306447,6.293006913783868,0.10492545213427949,0.0029686230986750678,0.9711110544932838,0.0465935115756242,0.04563083129060107,0.0009626802850231306,0.00857965274326543,0,-0.3515625,0.0027178239175451382,0.025154568931571558,0.6983033529206262,2.179624364004978,0.37553500001837625,0.42709310821980845,1.8828497269367055,True
speed_1500rpm__torque_1500Nm__temperature_25degC,train,1500.0,1500.0,25.0,data/simplified_dataset/Test_25degree/1500rpm/1500.0rpm1500.0Nm25.0deg.csv,12960,True,-0.07769509997992853,0.033852279064611274,-0.1115473790445398,0.1115473790445398,6.692842742672388,0.11162348206119624,0.00412116194294281,0.9468301513744064,0.0468916987082521,0.051801126839359404,-0.004909428131107306,0.012184317403282357,0,-4.04296875,0.0036477316717572665,0.021472927889591816,1.000997823113049,2.4272035463451576,0.0721951437367046,0.17743004650812982,1.477586847216369,True
speed_1500rpm__torque_1500Nm__temperature_30degC,train,1500.0,1500.0,30.0,data/simplified_dataset/Test_30degree/1500rpm/1500.0rpm1500.0Nm30.0deg.csv,12960,True,-0.07236908857996378,0.04300658042622885,-0.11537566900619264,0.11537566900619264,6.9225401403715585,0.11541686559354981,0.0030834825786800945,0.9691087616296636,0.04663406884609804,0.04509755113103786,0.0015365177150601789,0.008560227839096685,0,4.5703125,0.0030704471341466894,0.025890265863534767,0.836782269893084,2.363584140416691,0.5380474202934752,0.3177545443054526,1.7939936336132758,True
speed_1500rpm__torque_1500Nm__temperature_35degC,train,1500.0,1500.0,35.0,data/simplified_dataset/Test_35degree/1500rpm/1500.0rpm1500.0Nm35.0deg.csv,12960,True,-0.0736136776359399,0.043019730088015795,-0.1166334077239557,0.1166334077239557,6.998004463437342,0.11667453753956206,0.0030977270325489924,0.9689168330526943,0.046271196372596766,0.04560440281345496,0.0006667935591418081,0.008368022495647229,0,4.5703125,0.0029881568350518355,0.02660421119380917,0.8472462668172129,2.3581509711033486,0.6623562830812841,0.34065106446496035,1.8951319666090787,True
speed_1500rpm__torque_1600Nm__temperature_35degC,train,1500.0,1600.0,35.0,data/simplified_dataset/Test_35degree/1500rpm/1500.0rpm1600.0Nm35.0deg.csv,12960,True,-0.07782315474628033,0.04657931800497739,-0.12440247275125772,0.12440247275125772,7.464148365075463,0.12444928090573049,0.0034129593208819028,0.9625393678991685,0.04773523281227998,0.04780715073474345,-7.19179224634714e-05,0.009248117954628269,0,-4.5703125,0.0032298109814932756,0.02742926990518906,0.8759642080407264,2.515152774504777,0.7793608818227779,0.3696371056987199,1.8316618230835768,True
speed_1500rpm__torque_1700Nm__temperature_35degC,train,1500.0,1700.0,35.0,data/simplified_dataset/Test_35degree/1500rpm/1500.0rpm1700.0Nm35.0deg.csv,12960,True,-0.0805248184531563,0.05143283784301583,-0.13195765629617212,0.13195765629617212,7.917459377770327,0.1319964232028179,0.0031988565392507685,0.9671407173257044,0.04545372469462436,0.04830998737469694,-0.00285626268007258,0.008241625150164024,0,4.21875,0.0031344274085507405,0.030347538928906695,0.9133268635460311,2.5589844349604225,0.7637087561924796,0.38493962347979815,1.740780968498259,True
speed_1500rpm__torque_1800Nm__temperature_25degC,train,1500.0,1800.0,25.0,data/simplified_dataset/Test_25degree/1500rpm/1500.0rpm1800.0Nm25.0deg.csv,12960,True,-0.0890877203792132,0.0450773591597029,-0.1341650795389161,0.1341650795389161,8.049904772334965,0.13426623476723243,0.005210876210954354,0.9175819493552425,0.0503422342969994,0.055467922909380345,-0.005125688612380948,0.01481305798077045,0,4.921875,0.0041800999998812625,0.021720574386390638,1.1088971025369634,2.682522511451133,0.3893322849286179,0.2500324260852343,1.5427135237245455,True
speed_1600rpm__torque_0Nm__temperature_35degC,train,1600.0,0.0,35.0,data/simplified_dataset/Test_35degree/1600rpm/1600.0rpm0.0Nm35.0deg.csv,12150,True,-0.02597525894914874,-0.017764703989750788,-0.008210554959397952,0.008210554959397952,0.4926332975638771,0.008632751870921218,0.0026666818564649816,0.9771949553734781,0.04421742234547962,0.04628223719351382,-0.0020648148480341966,0.0070448729222376055,0,1.93359375,0.0016171864452665427,0.0029729342256199598,0.056344655989226444,0.7332129066067143,0.5537817633625786,0.9697938705445601,0.30855970044323144,True
speed_1600rpm__torque_100Nm__temperature_25degC,train,1600.0,100.0,25.0,data/simplified_dataset/Test_25degree/1600rpm/1600.0rpm100.0Nm25.0deg.csv,12150,True,-0.02942673422960343,-0.014398193291231518,-0.015028540938371911,0.015028540938371911,0.9017124563023147,0.015289607917988701,0.002813372984426771,0.9745839510989821,0.04595099065373572,0.04727823543860697,-0.0013272447848712496,0.007122466904029977,0,4.21875,0.0018770111903500593,0.0025296065435513274,0.036105998549525564,0.2056118426129845,0.4646820309978917,0.7523590799410707,0.24313573814178432,True
speed_1600rpm__torque_100Nm__temperature_30degC,train,1600.0,100.0,30.0,data/simplified_dataset/Test_30degree/1600rpm/1600.0rpm100.0Nm30.0deg.csv,12150,True,-0.019387371387551207,-0.0022653506060026827,-0.017122020781548525,0.017122020781548525,1.0273212468929116,0.019079170774457088,0.00841731321723969,0.793186910570519,0.05173394009465105,0.0523516861280867,-0.0006177460334356524,0.02287072664879311,0,0.87890625,0.0019293716457878477,0.010484256945290425,0.09603176766056509,0.1928691824839148,0.5267168447059027,0.5865524309969972,0.6158737653811621,True
speed_1600rpm__torque_100Nm__temperature_35degC,train,1600.0,100.0,35.0,data/simplified_dataset/Test_35degree/1600rpm/1600.0rpm100.0Nm35.0deg.csv,12150,True,-0.023008017893878338,-0.006702992402514035,-0.016305025491364304,0.016305025491364304,0.9783015294818582,0.02002966298671501,0.011633294592992198,0.6330257341791947,0.05723781559913352,0.05312523111313285,0.004112584486000666,0.031595876922536674,162,1.0546875,0.0019986775140731247,0.010803513574390775,0.07391913406078943,0.312796221280343,0.39074663791727826,0.7626953828799831,0.5214910262983428,True
speed_1600rpm__torque_200Nm__temperature_25degC,train,1600.0,200.0,25.0,data/simplified_dataset/Test_25degree/1600rpm/1600.0rpm200.0Nm25.0deg.csv,12150,True,-0.032186875983607435,-0.010468948713522674,-0.02171792727008476,0.02171792727008476,1.3030756362050857,0.02186733155782628,0.0025518276883860548,0.9790598165741264,0.0443185809789082,0.04728416105330013,-0.0029655800743919325,0.006547755810191159,0,4.39453125,0.0019393639215021016,0.00046335084986585603,0.013895271316820777,0.05966591002901423,0.41459832760418325,0.6678539440279112,0.2848579981168212,True
speed_1600rpm__torque_200Nm__temperature_35degC,train,1600.0,200.0,35.0,data/simplified_dataset/Test_35degree/1600rpm/1600.0rpm200.0Nm35.0deg.csv,12150,True,-0.033819230007779505,-0.009976671145376183,-0.023842558862403322,0.023842558862403322,1.4305535317441993,0.026464675393719533,0.011485270157370131,0.6405395353120454,0.05583266657026074,0.05199518396251518,0.0038374826077455584,0.0312527620990967,0,1.0546875,0.002087914369316196,0.01133338137927319,0.053242506124906885,0.19852745401400052,0.29841725423438875,0.07050079513229918,0.8379884588676252,True
speed_1600rpm__torque_300Nm__temperature_25degC,train,1600.0,300.0,25.0,data/simplified_dataset/Test_25degree/1600rpm/1600.0rpm300.0Nm25.0deg.csv,12150,True,-0.03606174524123276,-0.00741390463663755,-0.02864784060459521,0.02864784060459521,1.7188704362757128,0.02873853261626286,0.0022813341775614142,0.9832585662887577,0.044813182150735716,0.0475391591810178,-0.002725977030282087,0.006073601485405207,0,4.39453125,0.0019276353723707295,0.00536668932796419,0.0967739971565913,0.2924356554225247,0.3627114166675434,0.4211577762885387,0.9215637759123714,True
speed_1600rpm__torque_400Nm__temperature_35degC,train,1600.0,400.0,35.0,data/simplified_dataset/Test_35degree/1600rpm/1600.0rpm400.0Nm35.0deg.csv,12150,True,-0.03428462442967817,0.004909936065908525,-0.03919456049558669,0.03919456049558669,2.3516736297352017,0.04085084640922416,0.01151425550818711,0.6365668177567998,0.054393698881994544,0.05363653193688844,0.0007571669451061011,0.03125482038466265,0,1.0546875,0.001669527963010878,0.012321182410203912,0.03792475781445192,0.3167608257335639,0.23157392578747468,0.09016997387474637,0.9978996874365988,True
speed_1600rpm__torque_500Nm__temperature_25degC,train,1600.0,500.0,25.0,data/simplified_dataset/Test_25degree/1600rpm/1600.0rpm500.0Nm25.0deg.csv,12150,True,-0.04389805759087903,-0.0007199621072090509,-0.04317809548366998,0.04317809548366998,2.5906857290201986,0.043224435412757174,0.0020009715526950783,0.9870757532227703,0.04434426349730191,0.047786855885918314,-0.003442592388616404,0.005563851757227457,0,-4.74609375,0.001976720829481882,0.012634887637543054,0.24487578439313218,0.6729066868668905,0.23600369756185857,0.18183818970715152,0.8021589732106019,True
speed_1600rpm__torque_600Nm__temperature_25degC,train,1600.0,600.0,25.0,data/simplified_dataset/Test_25degree/1600rpm/1600.0rpm600.0Nm25.0deg.csv,12150,True,-0.04674772560864758,0.0031494444119522474,-0.049897170020599825,0.049897170020599825,2.9938302012359896,0.04994170794901463,0.00210870026320108,0.985639883574109,0.04401922136116981,0.04680818662685697,-0.002788965265687164,0.006010559460660259,0,-4.74609375,0.0021049190936472794,0.01413019547256138,0.3266061604107642,0.984377453777481,0.18581870621855462,0.11351877032075108,0.7802537705393671,True
speed_1600rpm__torque_600Nm__temperature_30degC,train,1600.0,600.0,30.0,data/simplified_dataset/Test_30degree/1600rpm/1600.0rpm600.0Nm30.0deg.csv,12150,True,-0.04846611701403404,0.004193848294409434,-0.052659965308443475,0.052659965308443475,3.1595979185066083,0.05423668053778666,0.01298251013754489,0.5635357476001449,0.05620343259473817,0.059108571545526886,-0.002905138950788713,0.03526157317509823,0,-1.23046875,0.002394976732585035,0.01700779952330519,0.18722058239706163,0.7836517150848303,0.3335124712407872,0.14230962132579078,0.9399396802237991,True
speed_1600rpm__torque_700Nm__temperature_25degC,train,1600.0,700.0,25.0,data/simplified_dataset/Test_25degree/1600rpm/1600.0rpm700.0Nm25.0deg.csv,12150,True,-0.05010107984882325,0.006376700880903888,-0.05647778072972714,0.05647778072972714,3.3886668437836285,0.056521917580878704,0.002233260142595802,0.9839330028545494,0.04512259886672966,0.04711184837690384,-0.001989249510174179,0.0064288430608350254,0,-4.5703125,0.0021432806785745325,0.013521007081420372,0.4128546261412629,1.193927825728333,0.26491071679678896,0.06543736731302108,0.7244743332777615,True
speed_1600rpm__torque_700Nm__temperature_35degC,train,1600.0,700.0,35.0,data/simplified_dataset/Test_35degree/1600rpm/1600.0rpm700.0Nm35.0deg.csv,12150,True,-0.04620914207958401,0.014766277983051997,-0.060975420062636,0.060975420062636,3.65852520375816,0.06255050112421215,0.013948596312000398,0.5075184953578444,0.058061572568285494,0.05798003550311183,8.153706517366466e-05,0.037874241671102975,0,1.0546875,0.0021954679468553636,0.02134555230892712,0.31788044584935893,1.1467414557027489,0.33969220231809066,0.2550968418874148,1.112078144156534,True
speed_1600rpm__torque_800Nm__temperature_30degC,train,1600.0,800.0,30.0,data/simplified_dataset/Test_30degree/1600rpm/1600.0rpm800.0Nm30.0deg.csv,12150,True,-0.05573083389036666,0.01155486994794458,-0.06728570383831124,0.06728570383831124,4.037142230298675,0.06888335459460856,0.01474959657718297,0.47198888928383265,0.05893248568878863,0.06148335928937135,-0.0025508736005827176,0.040056994304631166,0,-3.515625,0.0025480463067202356,0.019212222978240205,0.3731792722273337,1.3355468998536748,0.33774813289893535,0.24939422763517055,1.1200797338982154,True
speed_1600rpm__torque_800Nm__temperature_35degC,train,1600.0,800.0,35.0,data/simplified_dataset/Test_35degree/1600rpm/1600.0rpm800.0Nm35.0deg.csv,12150,True,-0.048689084267929394,0.019343216869579696,-0.06803230113750909,0.06803230113750909,4.081938068250546,0.06959509865635896,0.01466573417608597,0.46914350857859377,0.060150866006388,0.0591617488243702,0.0009891171820178013,0.03981291334399557,0,1.0546875,0.0021297019373583115,0.02102379002734463,0.370176444615931,1.3774201940413162,0.34114885666647066,0.2921519166656737,1.2250442899588025,True
speed_1600rpm__torque_900Nm__temperature_25degC,train,1600.0,900.0,25.0,data/simplified_dataset/Test_25degree/1600rpm/1600.0rpm900.0Nm25.0deg.csv,12150,True,-0.05633867165728358,0.01427608899445271,-0.07061476065173629,0.07061476065173629,4.236885639104178,0.07066103762495339,0.0025569153941956174,0.9789503713655684,0.04602951951626648,0.0480000671280356,-0.0019705476117691245,0.00776984017014021,0,-4.5703125,0.002382319755833261,0.0162016464126971,0.5712628761376859,1.6597427106745666,0.1852863106844751,0.03239826347465735,0.8673332510814359,True
speed_1600rpm__torque_900Nm__temperature_30degC,train,1600.0,900.0,30.0,data/simplified_dataset/Test_30degree/1600rpm/1600.0rpm900.0Nm30.0deg.csv,12150,True,-0.051983598681715024,0.021774095700370408,-0.07375769438208543,0.07375769438208543,4.425461662925126,0.07539276338234893,0.015616378897354413,0.42343501859180754,0.060024436235146736,0.0618282385134955,-0.0018038022783487609,0.04239085883529227,0,-1.23046875,0.0025640974234203747,0.01946825915274603,0.41012175004962903,1.498397326092889,0.3516736252599799,0.2520822097647741,1.0651066911534122,True
speed_1600rpm__torque_900Nm__temperature_35degC,train,1600.0,900.0,35.0,data/simplified_dataset/Test_35degree/1600rpm/1600.0rpm900.0Nm35.0deg.csv,12150,True,-0.05273117287383356,0.022764965827796788,-0.07549613870163036,0.07549613870163036,4.529768322097821,0.07703657283018318,0.01532862011285783,0.43530669243555553,0.060602319881858824,0.06117185163101673,-0.0005695317491579074,0.041608749737936365,0,1.0546875,0.0024463608101535717,0.022937071034231038,0.41174915710595617,1.5678199372597728,0.3055299048010653,0.3179467585176227,1.2268698118145447,True
speed_1600rpm__torque_1000Nm__temperature_25degC,train,1600.0,1000.0,25.0,data/simplified_dataset/Test_25degree/1600rpm/1600.0rpm1000.0Nm25.0deg.csv,12150,True,-0.05863823593284605,0.014669902617598155,-0.0733081385504442,0.0733081385504442,4.398488313026652,0.07336820556235639,0.0029682334323735717,0.9718174289848039,0.04590788978901816,0.047713326081728,-0.001805436292709843,0.007762404601179863,0,-4.5703125,0.0025874801270461896,0.021726733320671387,0.6748443977314902,1.6661618154499407,0.19091234772535381,0.11787296096794764,0.7049061701272894,True
speed_1600rpm__torque_1000Nm__temperature_30degC,train,1600.0,1000.0,30.0,data/simplified_dataset/Test_30degree/1600rpm/1600.0rpm1000.0Nm30.0deg.csv,12150,True,-0.05524211084911339,0.025882774157329584,-0.08112488500644296,0.08112488500644296,4.867493100386578,0.08275289614093753,0.016333856017615576,0.3892276039375376,0.061275652688207546,0.06426715008262557,-0.0029914973944180218,0.04431959236157674,0,-1.23046875,0.0028661698435796476,0.020714908939250883,0.5409013790677915,1.7059650434971558,0.32358988803399547,0.2895664218997338,1.1045315347916838,True
speed_1600rpm__torque_1000Nm__temperature_35degC,train,1600.0,1000.0,35.0,data/simplified_dataset/Test_35degree/1600rpm/1600.0rpm1000.0Nm35.0deg.csv,12150,True,-0.054121795920166714,0.02489167524546236,-0.07901347116562907,0.07901347116562907,4.7408082699377445,0.08127829882613234,0.019053431040848518,0.24577962624283947,0.0669589073728565,0.06578083411760301,0.0011780732552534867,0.05170347933580612,0,-1.0546875,0.0027078337305187937,0.017972850138852615,0.5575286259636631,1.7140202621060827,0.250885177568861,0.15976486773862822,1.2505185304442528,True
speed_1600rpm__torque_1100Nm__temperature_25degC,train,1600.0,1100.0,25.0,data/simplified_dataset/Test_25degree/1600rpm/1600.0rpm1100.0Nm25.0deg.csv,12150,True,-0.06295180893079527,0.01915151184485992,-0.08210332077565519,0.08210332077565519,4.926199246539311,0.08216502408778972,0.003183692974664985,0.9677041580815964,0.04722943959278873,0.04834133076033274,-0.0011118911675440102,0.008872698249016889,0,-4.39453125,0.002750238809598053,0.019368288054318734,0.7213464165584897,1.9041451654349313,0.04810412332605807,0.007151570558710185,0.8311487063649898,True
speed_1600rpm__torque_1100Nm__temperature_30degC,train,1600.0,1100.0,30.0,data/simplified_dataset/Test_30degree/1600rpm/1600.0rpm1100.0Nm30.0deg.csv,12150,True,-0.06338217663735986,0.02440122723835037,-0.08778340387571024,0.08778340387571024,5.2670042325426145,0.08949986805772786,0.017444207816482746,0.3321165865048701,0.06402733981186139,0.06654036578245856,-0.002513025970597174,0.04730807761641861,0,-1.23046875,0.003146341416617242,0.01835306617059835,0.6034166026098908,1.8860584753143685,0.38399159339963373,0.2927647052273054,1.2353574040355686,True
speed_1600rpm__torque_1100Nm__temperature_35degC,train,1600.0,1100.0,35.0,data/simplified_dataset/Test_35degree/1600rpm/1600.0rpm1100.0Nm35.0deg.csv,12150,True,-0.06077944158313421,0.02621986810168239,-0.0869993096848166,0.0869993096848166,5.219958581088997,0.08901719165860454,0.018846233712604445,0.2558268466604215,0.06571034805180327,0.06712598797531649,-0.0014156399235132205,0.0511111237390563,0,-3.33984375,0.0029149275481445344,0.02767574235643609,0.5747783325622595,1.9569809817381183,0.34570528623804875,0.23485125478757665,1.199238993007915,True
speed_1600rpm__torque_1200Nm__temperature_25degC,train,1600.0,1200.0,25.0,data/simplified_dataset/Test_25degree/1600rpm/1600.0rpm1200.0Nm25.0deg.csv,12150,True,-0.06623840335559947,0.023703930523964,-0.08994233387956346,0.08994233387956346,5.396540032773808,0.09001151086833194,0.003528266585303556,0.9604350663185865,0.04744000180224732,0.04904208867552188,-0.0016020868732745594,0.009788693379504766,0,-4.39453125,0.002920000991644663,0.01520025798946517,0.7464657102733214,2.0380413316851955,0.2162086105473887,0.04796310521604907,0.9248703504630985,True
speed_1600rpm__torque_1200Nm__temperature_30degC,train,1600.0,1200.0,30.0,data/simplified_dataset/Test_30degree/1600rpm/1600.0rpm1200.0Nm30.0deg.csv,12150,True,-0.06295543318621195,0.032096203174623014,-0.09505163636083497,0.09505163636083497,5.703098181650098,0.0967848580846917,0.01823445035095679,0.29359929778081734,0.06622866056313888,0.06782023777000354,-0.001591577206864661,0.049417897565096965,0,-1.23046875,0.0033903083345716302,0.021855257743892752,0.6348338787204006,2.0905444529347963,0.2500797809434804,0.31497819013572237,1.3377889883739273,True
speed_1600rpm__torque_1200Nm__temperature_35degC,train,1600.0,1200.0,35.0,data/simplified_dataset/Test_35degree/1600rpm/1600.0rpm1200.0Nm35.0deg.csv,12150,True,-0.06150284930235033,0.03319878801079135,-0.09470163731314168,0.09470163731314168,5.682098238788501,0.09663409857435325,0.019228855854886276,0.23791634517899665,0.06784579051460032,0.06794754537584452,-0.00010175486124419653,0.05212800715367149,0,-3.33984375,0.0030485399259436784,0.025696006792014323,0.6773728016466974,2.1127207447782497,0.21226540034211278,0.2719315809730527,1.2774323287314029,True
speed_1600rpm__torque_1300Nm__temperature_25degC,train,1600.0,1300.0,25.0,data/simplified_dataset/Test_25degree/1600rpm/1600.0rpm1300.0Nm25.0deg.csv,12150,True,-0.07032630582388705,0.027199354810111022,-0.09752566063399806,0.09752566063399806,5.851539638039884,0.09760049234143497,0.0038212070334839054,0.9538223304396775,0.050132817523665545,0.04970569507206368,0.0004271224516018621,0.010327828026949143,0,0.3515625,0.003069254421745515,0.021121096690547445,0.8607317550928073,2.2050324141989326,0.3034590998187268,0.10369491894970118,0.8886550974171563,True
speed_1600rpm__torque_1300Nm__temperature_30degC,train,1600.0,1300.0,30.0,data/simplified_dataset/Test_30degree/1600rpm/1600.0rpm1300.0Nm30.0deg.csv,12150,True,-0.07343739367531726,0.029367043811265245,-0.10280443748658251,0.10280443748658251,6.168266249194951,0.10454100401817669,0.018975488246571744,0.2624237840024589,0.067676521883916,0.06924481247622295,-0.0015682905923069534,0.05140142078212749,0,-3.515625,0.003619520659408548,0.02068823704076645,0.6853153849199982,2.1847767606710886,0.43217989698603937,0.3425090152267234,1.2549644301626355,True
speed_1600rpm__torque_1400Nm__temperature_25degC,train,1600.0,1400.0,25.0,data/simplified_dataset/Test_25degree/1600rpm/1600.0rpm1400.0Nm25.0deg.csv,12150,True,-0.07303117051486216,0.030212162553534115,-0.10324333306839628,0.10324333306839628,6.194599984103776,0.10333021128958404,0.004236359531280709,0.9436188330302382,0.05128473854575643,0.0508618668567519,0.00042287168900453226,0.011247322809827225,0,-4.21875,0.0032865328417094803,0.018928254483705262,0.8851690563795784,2.3333246321711902,0.375317856612746,0.10865780851967333,0.8713293049746764,True
speed_1600rpm__torque_1400Nm__temperature_30degC,train,1600.0,1400.0,30.0,data/simplified_dataset/Test_30degree/1600rpm/1600.0rpm1400.0Nm30.0deg.csv,12150,True,-0.06991114837005682,0.040129847371072655,-0.11004099574112948,0.11004099574112948,6.602459744467769,0.11184842566750403,0.020026222324739548,0.21389483667218312,0.06973717234331792,0.07235824093122621,-0.0026210685879082957,0.054232827423817055,0,-3.515625,0.0037461601090266997,0.02382965876664352,0.792457496768288,2.327014509221144,0.4726186508578936,0.3718487861814244,1.3370922554130689,True
speed_1600rpm__torque_1400Nm__temperature_35degC,train,1600.0,1400.0,35.0,data/simplified_dataset/Test_35degree/1600rpm/1600.0rpm1400.0Nm35.0deg.csv,12150,True,-0.07047402535856462,0.03969596019041019,-0.11016998554897481,0.11016998554897481,6.610199132938488,0.11204931886400511,0.020435854325820877,0.1841418607615402,0.07066839674877048,0.07200182225509102,-0.0013334255063205402,0.055360330410566067,0,-3.33984375,0.003601521958458386,0.019671047410922377,0.7091386297190292,2.317818485396097,0.33127720521536463,0.34102996250331585,1.4598138198822057,True
speed_1600rpm__torque_1500Nm__temperature_25degC,train,1600.0,1500.0,25.0,data/simplified_dataset/Test_25degree/1600rpm/1600.0rpm1500.0Nm25.0deg.csv,12150,True,-0.07479246560139603,0.031229744971338763,-0.1060222105727348,0.1060222105727348,6.3613326343640875,0.10611497916450108,0.004436177222923028,0.9385768395151337,0.04980030126817407,0.05074285337444684,-0.0009425521062727676,0.011627909187373067,0,-4.21875,0.0034356580427313925,0.02324165255008069,0.9112276373831709,2.381039359273906,0.3740146989947612,0.021619717999166288,0.9741845816734213,True
speed_1600rpm__torque_1500Nm__temperature_30degC,train,1600.0,1500.0,30.0,data/simplified_dataset/Test_30degree/1600rpm/1600.0rpm1500.0Nm30.0deg.csv,12150,True,-0.0696110362968347,0.04255910012357901,-0.11217013642041371,0.11217013642041371,6.730208185224822,0.11461856061428231,0.0235642723782358,0.048719432845859896,0.07601808437997812,0.0769633124825019,-0.0009452281025237874,0.06382756536765133,0,-5.625,0.004048948033740286,0.026771075548168155,0.8856539823321308,2.396404750968204,0.48912974428049044,0.20757756244559916,1.2804457251855585,True
speed_1600rpm__torque_1500Nm__temperature_35degC,train,1600.0,1500.0,35.0,data/simplified_dataset/Test_35degree/1600rpm/1600.0rpm1500.0Nm35.0deg.csv,12150,True,-0.07292752653398193,0.04460973279142241,-0.11753725932540435,0.11753725932540435,7.052235559524261,0.11946982640548384,0.021401684317573992,0.14314184122457033,0.07259533209136909,0.07287022437510535,-0.0002748922837362555,0.05797050487079237,0,-3.33984375,0.004028840267147783,0.02123917744017404,0.8300499589670658,2.3817992756571464,0.5200466209645165,0.3587680282956036,1.4535402096503984,True
speed_1600rpm__torque_1600Nm__temperature_25degC,train,1600.0,1600.0,25.0,data/simplified_dataset/Test_25degree/1600rpm/1600.0rpm1600.0Nm25.0deg.csv,12150,True,-0.07907257427286805,0.03641209690742768,-0.11548467118029573,0.11548467118029573,6.929080270817744,0.11559693121147115,0.0050932531734209615,0.9194911101921666,0.05144842645928996,0.05186350397297058,-0.0004150775136806187,0.013394256881393644,0,-4.04296875,0.0036957554310022432,0.017395873478645865,0.9915207862848681,2.486157088689677,0.12650709431266102,0.05699225682746955,0.9713348109768569,True
speed_1600rpm__torque_1600Nm__temperature_35degC,train,1600.0,1600.0,35.0,data/simplified_dataset/Test_35degree/1600rpm/1600.0rpm1600.0Nm35.0deg.csv,12150,True,-0.07710368069032034,0.047878049863534486,-0.12498173055385482,0.12498173055385482,7.49890383323129,0.1269648790163967,0.022352796948299024,0.10449441116328972,0.0745145886954307,0.07575725102797423,-0.001242662332543526,0.060543852690539586,0,-3.33984375,0.004383911151789026,0.021801932113769185,0.859393188193609,2.5013168392898533,0.6780340580720848,0.38264470333840234,1.530205908455207,True
speed_1600rpm__torque_1700Nm__temperature_25degC,train,1600.0,1700.0,25.0,data/simplified_dataset/Test_25degree/1600rpm/1600.0rpm1700.0Nm25.0deg.csv,12150,True,-0.08296948357714357,0.04051374345121865,-0.12348322702836222,0.12348322702836222,7.408993621701733,0.12360334622680608,0.005447920807578787,0.9080505540514847,0.05191936249866832,0.05152230689239099,0.0003970556062773273,0.01429804970365203,0,0.703125,0.0038047809055873076,0.018913916172877257,1.0234453190733732,2.5074021130975157,0.07774736670890718,0.11272265606408971,1.0378449338486035,True
speed_1600rpm__torque_1800Nm__temperature_25degC,train,1600.0,1800.0,25.0,data/simplified_dataset/Test_25degree/1600rpm/1600.0rpm1800.0Nm25.0deg.csv,12150,True,-0.08772016843327245,0.04385700674042742,-0.13157717517369988,0.13157717517369988,7.894630510421993,0.13170645378352092,0.005834118745811681,0.895628296791923,0.053193139519876496,0.052758447804673134,0.00043469171520336275,0.015327983339220618,0,-3.8671875,0.003970374628989873,0.025309248118102628,1.0960108851577086,2.6850025154768025,0.03397515124065714,0.1684190859632241,1.2253338012003805,True
speed_1600rpm__torque_1800Nm__temperature_30degC,train,1600.0,1800.0,30.0,data/simplified_dataset/Test_30degree/1600rpm/1600.0rpm1800.0Nm30.0deg.csv,12150,True,-0.083465056726547,0.05471660708126079,-0.13818166380780778,0.13818166380780778,8.290899828468467,0.140381979036936,0.024757379215755458,0.024686860319819693,0.07984918427212764,0.08157822962535569,-0.0017290453532280425,0.06698523337181936,0,-7.91015625,0.005136540890489997,0.0336112575927079,1.0809610095001403,2.665766291653635,0.6376890132860057,0.37848187481816764,1.4439192718419307,True
speed_1600rpm__torque_1800Nm__temperature_35degC,train,1600.0,1800.0,35.0,data/simplified_dataset/Test_35degree/1600rpm/1600.0rpm1800.0Nm35.0deg.csv,12150,True,-0.08411866059146961,0.05546417086036653,-0.13958283145183614,0.13958283145183614,8.374969887110169,0.1417598786577953,0.024748663821733036,0.012027876815132206,0.07871282616957538,0.08034320638359638,-0.001630380214020996,0.06699105073311383,0,-5.625,0.0051161700086340915,0.03132200777612998,0.9956449780030916,2.694388832414166,0.9387602356810889,0.40299649735713566,1.5645412507587404,True
speed_1700rpm__torque_0Nm__temperature_30degC,train,1700.0,0.0,30.0,data/simplified_dataset/Test_30degree/1700rpm/1700.0rpm0.0Nm30.0deg.csv,11435,True,-0.027854356709855112,-0.019044023534805395,-0.008810333175049718,0.008810333175049718,0.528619990502983,0.008983779233105588,0.0017567921487180913,0.9898081104314816,0.04027937005724617,0.04162874112872306,-0.001349371071476889,0.004929231381194783,0,0.52734375,0.0012249559375489267,0.0003181137743232471,0.0370559094641707,0.657755718140111,0.5182452141960594,0.8348922430740079,0.016542669406541505,True
speed_1700rpm__torque_0Nm__temperature_35degC,train,1700.0,0.0,35.0,data/simplified_dataset/Test_35degree/1700rpm/1700.0rpm0.0Nm35.0deg.csv,11435,True,-0.025842331949728417,-0.01747989748234293,-0.008362434467385486,0.008362434467385486,0.5017460680431292,0.008560153863030731,0.0018291866874223565,0.9890441374743991,0.040411848948571125,0.04240449393163693,-0.001992644983065804,0.005121254471068254,0,0.52734375,0.0012696893774472521,0.002558065617816742,0.027351053061485997,0.7827629278959847,0.5228680780121324,0.8600686183517898,0.27552364286979425,True
speed_1700rpm__torque_100Nm__temperature_25degC,train,1700.0,100.0,25.0,data/simplified_dataset/Test_25degree/1700rpm/1700.0rpm100.0Nm25.0deg.csv,11436,True,-0.029430827655834595,-0.014453998673710415,-0.01497682898212418,0.01497682898212418,0.8986097389274508,0.015067853337223715,0.0016537224169397762,0.9909286215305091,0.04063154132530947,0.04290156277511169,-0.0022700214498022203,0.004569510367338025,0,0.3515625,0.0013548010282617633,0.0009026300525002712,0.0019889346640236116,0.2699352172228641,0.5235243552034128,0.6842241127002694,0.0919030234104026,True
speed_1700rpm__torque_100Nm__temperature_30degC,train,1700.0,100.0,30.0,data/simplified_dataset/Test_30degree/1700rpm/1700.0rpm100.0Nm30.0deg.csv,11436,True,-0.027219489543657913,-0.010228956084602708,-0.016990533459055206,0.016990533459055206,1.0194320075433123,0.017743837990158447,0.005115228186280234,0.9221590023364903,0.04914010195155568,0.05374520878566247,-0.004605106834106788,0.013708920184379449,0,0.0,0.005115228186280234,0.00932657102593654,0.13674404645495342,0.24195764519828744,0.5905416310410876,0.5156463702624993,0.34931488541443273,True
speed_1700rpm__torque_100Nm__temperature_35degC,train,1700.0,100.0,35.0,data/simplified_dataset/Test_35degree/1700rpm/1700.0rpm100.0Nm35.0deg.csv,11435,True,-0.02401986486371609,-0.006460933163973665,-0.017558931699742424,0.017558931699742424,1.0535359019845454,0.019020011500005957,0.007310591974945632,0.8554801567075975,0.048716747246213055,0.05883276664053536,-0.010116019394322308,0.019393153054638918,0,8.96484375,0.007110736659167174,0.0125087384357856,0.1315751686642659,0.19218973351604363,0.5973639779198369,0.36259984363136055,0.4292633137991583,True
speed_1700rpm__torque_300Nm__temperature_30degC,train,1700.0,300.0,30.0,data/simplified_dataset/Test_30degree/1700rpm/1700.0rpm300.0Nm30.0deg.csv,11435,True,-0.029895439814068205,0.0006444298575190464,-0.030539869671587252,0.030539869671587252,1.8323921802952352,0.031185195549292027,0.006311321722907866,0.8842679271029285,0.05114624099111095,0.05652574823851059,-0.005379507247399634,0.016828777226956467,0,8.7890625,0.005828586535725048,0.011781225667597863,0.036790796202293086,0.24063858677293434,0.36967031394866545,0.11323462538425197,0.8516048919430115,True
speed_1700rpm__torque_400Nm__temperature_25degC,train,1700.0,400.0,25.0,data/simplified_dataset/Test_25degree/1700rpm/1700.0rpm400.0Nm25.0deg.csv,11435,True,-0.03967293024368284,-0.0038134287891362297,-0.03585950145454661,0.03585950145454661,2.1515700872727965,0.0359106765618134,0.0019164672077923368,0.987812340138275,0.0400379167944868,0.041803417000491144,-0.0017655002060043418,0.005368881393283533,0,0.52734375,0.0014106440427095813,0.009956334207618546,0.16061545150422196,0.4564796732139278,0.4282908013402486,0.2791524768240239,0.8007579607119049,True
speed_1700rpm__torque_400Nm__temperature_35degC,train,1700.0,400.0,35.0,data/simplified_dataset/Test_35degree/1700rpm/1700.0rpm400.0Nm35.0deg.csv,11435,True,-0.035335032114670206,0.004658437844620023,-0.03999346995929023,0.03999346995929023,2.3996081975574137,0.04085596951594926,0.00835060511002201,0.8068269144448194,0.050522283112756854,0.057384148414726596,-0.006861865301969743,0.02222100927328108,0,8.61328125,0.005841143933018409,0.015147735734956076,0.05879441813697107,0.3925886525018798,0.34547584843187623,0.2362017671600988,0.9277606310153111,True
speed_1700rpm__torque_500Nm__temperature_25degC,train,1700.0,500.0,25.0,data/simplified_dataset/Test_25degree/1700rpm/1700.0rpm500.0Nm25.0deg.csv,11435,True,-0.042778689437422135,-0.0006598089309950324,-0.042118880506427106,0.042118880506427106,2.5271328303856264,0.04216604818068436,0.001993871626035775,0.9868435040193229,0.04057925019049022,0.04226064580532936,-0.0016813956148391401,0.005598538442809288,0,0.52734375,0.0015881845344121947,0.00982728597143173,0.21468825915116585,0.6165649555834016,0.32514156413669654,0.23089869250591094,0.8105242479534982,True
speed_1700rpm__torque_500Nm__temperature_30degC,train,1700.0,500.0,30.0,data/simplified_dataset/Test_30degree/1700rpm/1700.0rpm500.0Nm30.0deg.csv,11435,True,-0.04226351281906235,0.003281748440777858,-0.04554526125984021,0.04554526125984021,2.7327156755904127,0.04606448038977022,0.006896776808946628,0.8637648740074487,0.050219276360800764,0.060479155808341276,-0.010259879447540511,0.018550416970779932,0,8.61328125,0.00547310184294325,0.015913316058657978,0.1199069380867843,0.5571653280917489,0.3205239449921499,0.0642448825271208,0.7656610040849793,True
speed_1700rpm__torque_600Nm__temperature_30degC,train,1700.0,600.0,30.0,data/simplified_dataset/Test_30degree/1700rpm/1700.0rpm600.0Nm30.0deg.csv,11435,True,-0.040295427150302876,0.011256313001519469,-0.051551740151822345,0.051551740151822345,3.0931044091093405,0.05210919260121224,0.007601713022024739,0.8413300276130679,0.05092591228042524,0.06457709804024218,-0.013651185759816942,0.020461774854767568,0,8.61328125,0.00583329988452449,0.018055125466534774,0.2045208840878674,0.7970250778116399,0.34458286915460745,0.05983961866390794,0.7940729818592694,True
speed_1700rpm__torque_600Nm__temperature_35degC,train,1700.0,600.0,35.0,data/simplified_dataset/Test_35degree/1700rpm/1700.0rpm600.0Nm35.0deg.csv,11435,True,-0.04167623216242781,0.013138729698220577,-0.05481496186064838,0.05481496186064838,3.288897711638903,0.05581515392044969,0.010519095178728656,0.7158994733190828,0.05291125726357726,0.0635225152111948,-0.010611257947617539,0.028111244238120583,0,8.4375,0.006711738577699179,0.016589347453527945,0.20690153122446883,0.9127140419025357,0.40876628747825927,0.33048944578524564,1.0756493331984442,True
speed_1700rpm__torque_700Nm__temperature_25degC,train,1700.0,700.0,25.0,data/simplified_dataset/Test_25degree/1700rpm/1700.0rpm700.0Nm25.0deg.csv,11435,True,-0.049378870480850295,0.005864718639561011,-0.05524358912041131,0.05524358912041131,3.3146153472246787,0.0552895507330874,0.002253947950112991,0.9831389919147652,0.042238216698977996,0.042445085850212616,-0.00020686915123462046,0.006224017300212237,0,0.703125,0.0018097889369383898,0.015307753411827206,0.42698375666805216,1.1116458860683387,0.2730361524632381,0.12682520427384483,0.8934154370966919,True
speed_1700rpm__torque_700Nm__temperature_35degC,train,1700.0,700.0,35.0,data/simplified_dataset/Test_35degree/1700rpm/1700.0rpm700.0Nm35.0deg.csv,11435,True,-0.045986271025259554,0.01611584008175704,-0.06210211110701659,0.06210211110701659,3.7261266664209955,0.06315597245544302,0.011489327780355258,0.6737282786635903,0.05503594651410863,0.06683930334919491,-0.011803356835086279,0.03079284295707674,0,8.4375,0.0066489233891359485,0.021412986025570284,0.2923728271093222,1.1471322456256121,0.4183671321883003,0.3699748957983988,1.1740289544461235,True
speed_1700rpm__torque_800Nm__temperature_25degC,train,1700.0,800.0,25.0,data/simplified_dataset/Test_25degree/1700rpm/1700.0rpm800.0Nm25.0deg.csv,11435,True,-0.052168679777425245,0.010184513062071158,-0.062353192839496405,0.062353192839496405,3.7411915703697844,0.06239843232205225,0.002375647063498344,0.9812781209932064,0.04264845376790492,0.04343814298597275,-0.0007896892180678239,0.006522261011460992,0,0.703125,0.001919184597850311,0.01670455794546681,0.4827071168018042,1.379883823037413,0.3922461280419026,0.05035620919133266,0.9300272754141943,True
speed_1700rpm__torque_800Nm__temperature_35degC,train,1700.0,800.0,35.0,data/simplified_dataset/Test_35degree/1700rpm/1700.0rpm800.0Nm35.0deg.csv,11436,True,-0.047804247529945804,0.018474443099584473,-0.06627869062953028,0.06627869062953028,3.9767214377718165,0.06728533327484514,0.011595311222300052,0.674172383450683,0.0545737834494359,0.0704114320502039,-0.015837648600768008,0.03116661513850121,0,8.4375,0.007354915468809653,0.022161591880150083,0.373164657410779,1.3120431622231337,0.3163917605763235,0.20027294725690314,1.0809242731839812,True
speed_1700rpm__torque_900Nm__temperature_25degC,train,1700.0,900.0,25.0,data/simplified_dataset/Test_25degree/1700rpm/1700.0rpm900.0Nm25.0deg.csv,11436,True,-0.056126301844690474,0.013045959370792259,-0.06917226121548273,0.06917226121548273,4.150335672928963,0.06921924290760904,0.0025498758870990336,0.9785598713353804,0.04235502511526533,0.04329991653155014,-0.0009448914162848085,0.007010998525362368,0,0.703125,0.002076428660641849,0.01685884780821143,0.5725016341787579,1.5508677742645611,0.4218803596801521,0.01617763940764705,0.9540797611483138,True
speed_1700rpm__torque_900Nm__temperature_30degC,train,1700.0,900.0,30.0,data/simplified_dataset/Test_30degree/1700rpm/1700.0rpm900.0Nm30.0deg.csv,11436,True,-0.05418602295103031,0.01826631812082234,-0.07245234107185265,0.07245234107185265,4.347140464311159,0.07331917968351818,0.011241013418369299,0.6968219360165793,0.05471344214752913,0.07093858027314837,-0.016225138125619237,0.03043654683614234,0,13.18359375,0.008513318282992977,0.020175631624367814,0.45366009755037884,1.5163885639250105,0.3312870928929509,0.18330959276110795,0.9956612879881834,True
speed_1700rpm__torque_900Nm__temperature_35degC,train,1700.0,900.0,35.0,data/simplified_dataset/Test_35degree/1700rpm/1700.0rpm900.0Nm35.0deg.csv,11436,True,-0.051660248850228165,0.02289012604866935,-0.07455037489889751,0.07455037489889751,4.4730224939338505,0.07581186766582321,0.013772468239720895,0.5881935985622115,0.056961718034607034,0.0725299427905804,-0.015568224755973373,0.036997051354803016,0,8.4375,0.008846353712449672,0.01916000694328171,0.41600765364416814,1.561589393501,0.34764272590549683,0.3073139753199583,1.2609163823006526,True
speed_1700rpm__torque_1000Nm__temperature_25degC,train,1700.0,1000.0,25.0,data/simplified_dataset/Test_25degree/1700rpm/1700.0rpm1000.0Nm25.0deg.csv,11436,True,-0.05983695286574407,0.01636908298640885,-0.07620603585215292,0.07620603585215292,4.572362151129175,0.07625455227478217,0.002719713648138143,0.9756315862947923,0.0430228952895695,0.04402401797012714,-0.0010011226805576381,0.007383356958269879,0,0.703125,0.002274275350269859,0.01588436645917872,0.6535093858572221,1.7735709064843583,0.22784798637675296,0.02150433956263198,0.9118689389228348,True
speed_1700rpm__torque_1000Nm__temperature_30degC,train,1700.0,1000.0,30.0,data/simplified_dataset/Test_30degree/1700rpm/1700.0rpm1000.0Nm30.0deg.csv,11436,True,-0.05694115885197821,0.02290922305862906,-0.07985038191060727,0.07985038191060727,4.791022914636436,0.08081219790807836,0.012430922711713243,0.6481467404951258,0.05625902217074005,0.07463508009826612,-0.01837605792752607,0.0337434911919004,0,8.4375,0.008728463248154857,0.018900850733245576,0.5209757076937376,1.6985782322787573,0.333730816350451,0.22570176212370568,1.037868339604367,True
speed_1700rpm__torque_1000Nm__temperature_35degC,train,1700.0,1000.0,35.0,data/simplified_dataset/Test_35degree/1700rpm/1700.0rpm1000.0Nm35.0deg.csv,11436,True,-0.055780644665998746,0.026109937914411768,-0.08189058258041051,0.08189058258041051,4.9134349548246306,0.08314306397371769,0.014377119724711094,0.5684106089143843,0.05712040436290672,0.07593118250713261,-0.018810778144225895,0.03868469773095567,0,8.4375,0.008813888185847225,0.022943221550146903,0.495700260553428,1.7923247716841153,0.3633098442718488,0.3328758690289712,1.2189655390214733,True
speed_1700rpm__torque_1100Nm__temperature_25degC,train,1700.0,1100.0,25.0,data/simplified_dataset/Test_25degree/1700rpm/1700.0rpm1100.0Nm25.0deg.csv,11436,True,-0.061969454735277846,0.01814893105632847,-0.08011838579160632,0.08011838579160632,4.807103147496379,0.08016371221312658,0.0026953689796232506,0.9761504408215524,0.043397377206926255,0.04421691657773306,-0.000819539370806803,0.007287535495494407,0,0.703125,0.0024822205802304278,0.021357144914850305,0.7219005543160255,1.878164562145118,0.4236924651118957,0.08899159650995403,0.7836912861611176,True
speed_1700rpm__torque_1100Nm__temperature_35degC,train,1700.0,1100.0,35.0,data/simplified_dataset/Test_35degree/1700rpm/1700.0rpm1100.0Nm35.0deg.csv,11436,True,-0.059209223824560425,0.030084398840606527,-0.08929362266516695,0.08929362266516695,5.357617359910017,0.09051788447693927,0.014836993007725834,0.5545313489964084,0.059096776680274625,0.07821000912057137,-0.019113232440296744,0.039977489271674126,0,13.18359375,0.009044439385724851,0.02164890822753122,0.6178817904390321,1.901530296455187,0.6474009565079282,0.36109353275999756,1.2318981421083537,True
speed_1700rpm__torque_1200Nm__temperature_30degC,train,1700.0,1200.0,30.0,data/simplified_dataset/Test_30degree/1700rpm/1700.0rpm1200.0Nm30.0deg.csv,11435,True,-0.06456803994754132,0.029116405968854106,-0.09368444591639542,0.09368444591639542,5.621066754983725,0.09475932422882624,0.014232150984366131,0.5775039742825874,0.058563514371463114,0.07812840325848917,-0.01956488888702606,0.03802382806981033,0,17.75390625,0.009343461009732748,0.024764102030254188,0.6637385350074834,2.084015272030982,0.44431891957594266,0.2640440938174584,1.062429855825115,True
speed_1700rpm__torque_1200Nm__temperature_35degC,train,1700.0,1200.0,35.0,data/simplified_dataset/Test_35degree/1700rpm/1700.0rpm1200.0Nm35.0deg.csv,11435,True,-0.06276335700026639,0.033793391778500256,-0.09655674877876665,0.09655674877876665,5.793404926725999,0.09784151357984193,0.01580367187929866,0.5236397907671034,0.061357683029480546,0.0830419251444919,-0.021684242115011347,0.04223968780457908,0,13.18359375,0.009260232764135352,0.024363511931128037,0.6581242220367685,2.1019111222115723,0.5296168495856105,0.3802976116766741,1.1910999443227355,True
speed_1700rpm__torque_1300Nm__temperature_25degC,train,1700.0,1300.0,25.0,data/simplified_dataset/Test_25degree/1700rpm/1700.0rpm1300.0Nm25.0deg.csv,11436,True,-0.06888198625785531,0.026460181934406676,-0.09534216819226199,0.09534216819226199,5.72053009153572,0.09538842345008815,0.0029702344506370194,0.971088543167936,0.04415461689421942,0.045221741677705755,-0.001067124783486334,0.00784832807708433,0,0.703125,0.0027652669785859746,0.021696741789754156,0.9210188228543443,2.2484320818801313,0.3579597559099057,0.03937493956442117,0.9610898404459434,True
speed_1700rpm__torque_1300Nm__temperature_30degC,train,1700.0,1300.0,30.0,data/simplified_dataset/Test_30degree/1700rpm/1700.0rpm1300.0Nm30.0deg.csv,11435,True,-0.07224287696349284,0.029705635154291542,-0.10194851211778438,0.10194851211778438,6.116910727067063,0.10311249363628917,0.015449505521658155,0.5378784168127465,0.0618971881808782,0.0817053778724881,-0.019808189691609905,0.04095196953070168,0,17.75390625,0.009968040324331106,0.023203070638666255,0.7537740495405358,2.253054537705014,0.6288366601626311,0.31956065183591814,1.1528877318490582,True
speed_1700rpm__torque_1400Nm__temperature_30degC,train,1700.0,1400.0,30.0,data/simplified_dataset/Test_30degree/1700rpm/1700.0rpm1400.0Nm30.0deg.csv,11435,True,-0.06654307415801491,0.03846003508506819,-0.1050031092430831,0.1050031092430831,6.300186554584986,0.10631758116605536,0.016666586761719452,0.4975156240680252,0.05864028301014422,0.08649018501700535,-0.027849902006861132,0.04387745282180028,0,17.75390625,0.01210640837619003,0.026775218228397357,0.8224363348935315,2.3004179208383166,0.5311056028562117,0.19301407246355923,1.100570820432603,True
speed_1700rpm__torque_1400Nm__temperature_35degC,train,1700.0,1400.0,35.0,data/simplified_dataset/Test_35degree/1700rpm/1700.0rpm1400.0Nm35.0deg.csv,11435,True,-0.07091800354860242,0.04052880047567037,-0.11144680402427279,0.11144680402427279,6.686808241456367,0.11298480674556796,0.0185789242990188,0.4524888973401887,0.06393425770612293,0.09084152833706094,-0.026907270630938007,0.0490083467775844,0,13.18359375,0.011196502724705296,0.025629309384591903,0.7976989413571264,2.369505630813164,0.5496369314822444,0.42607086907060704,1.2949086957409253,True
speed_1700rpm__torque_1500Nm__temperature_25degC,train,1700.0,1500.0,25.0,data/simplified_dataset/Test_25degree/1700rpm/1700.0rpm1500.0Nm25.0deg.csv,11435,True,-0.07757453921083657,0.03341479322904282,-0.11098933243987938,0.11098933243987938,6.659359946392763,0.11103563364615757,0.003206247612655192,0.9666079436653828,0.04493894097976792,0.04636069570453332,-0.0014217547247653978,0.008242155310921864,0,-3.69140625,0.0030206771633016233,0.013237196997409391,0.9503480997460678,2.494921167126684,0.3924065340987996,0.14406985288900884,1.1717872064770996,True
speed_1700rpm__torque_1500Nm__temperature_30degC,train,1700.0,1500.0,30.0,data/simplified_dataset/Test_30degree/1700rpm/1700.0rpm1500.0Nm30.0deg.csv,11435,True,-0.07666179741783503,0.03582442308528873,-0.11248622050312376,0.11248622050312376,6.749173230187425,0.1138902161301602,0.017827830128684254,0.4673651132793457,0.05952947038284899,0.09028533676756761,-0.030755866384718625,0.046870361784648464,0,17.75390625,0.011987764116147994,0.0256443633656417,0.8260916337586548,2.382560541657129,0.39899914779567536,0.22461953071423119,0.9931997757427196,True
speed_1700rpm__torque_1500Nm__temperature_35degC,train,1700.0,1500.0,35.0,data/simplified_dataset/Test_35degree/1700rpm/1700.0rpm1500.0Nm35.0deg.csv,11435,True,-0.07398190762115803,0.04449549329209884,-0.11847740091325687,0.11847740091325687,7.108644054795413,0.12038502043273916,0.021346161655680027,0.3919161672061533,0.06495899613424111,0.10049733499453044,-0.03553833886028933,0.05610631135964579,0,13.18359375,0.013279814120075006,0.021619252339683696,0.8294028010731871,2.4160299284042517,0.5459289867541277,0.4328725772220422,1.2931683122237845,True
speed_1700rpm__torque_1600Nm__temperature_30degC,train,1700.0,1600.0,30.0,data/simplified_dataset/Test_30degree/1700rpm/1700.0rpm1600.0Nm30.0deg.csv,11435,True,-0.07478998588717596,0.04586454652641298,-0.12065453241358895,0.12065453241358895,7.239271944815337,0.12221434419233912,0.019463548865038715,0.41437845753435365,0.06222895033646152,0.09339874887499496,-0.03116979853853343,0.05111475989025787,0,17.75390625,0.012498113074479423,0.02482899831615825,0.931729444465687,2.5110243215808783,0.6018203347369667,0.28074386187274075,0.9799296098208308,True
speed_1700rpm__torque_1600Nm__temperature_35degC,train,1700.0,1600.0,35.0,data/simplified_dataset/Test_35degree/1700rpm/1700.0rpm1600.0Nm35.0deg.csv,11435,True,-0.07728787820937776,0.04843853928605902,-0.12572641749543678,0.12572641749543678,7.543585049726207,0.1279182890005855,0.02357873203970994,0.36846933615208965,0.06656036051631764,0.10852468087975883,-0.04196432036344119,0.06191521496665017,0,13.18359375,0.015309966306963864,0.028286123776130472,0.9313168149547955,2.508305533707519,0.9380329316574918,0.4453032145443008,1.5510444598328021,True
speed_1700rpm__torque_1700Nm__temperature_25degC,train,1700.0,1700.0,25.0,data/simplified_dataset/Test_25degree/1700rpm/1700.0rpm1700.0Nm25.0deg.csv,11435,True,-0.08205728697394445,0.03902832487333006,-0.12108561184727451,0.12108561184727451,7.265136710836471,0.12113779016579261,0.003555110381236911,0.9589102727658246,0.045359623817314135,0.047776807426396325,-0.0024171836090821908,0.00912905372337515,0,4.04296875,0.0030440894165750165,0.018921464237284292,1.0462186433535219,2.6097154914838434,0.19094439448452358,0.04583556523670329,0.811888396957129,True
speed_1700rpm__torque_1700Nm__temperature_30degC,train,1700.0,1700.0,30.0,data/simplified_dataset/Test_30degree/1700rpm/1700.0rpm1700.0Nm30.0deg.csv,11435,True,-0.07987727084074797,0.05015634569691252,-0.1300336165376605,0.1300336165376605,7.802016992259629,0.1317202804948601,0.02101168398252009,0.38459819494533026,0.06419639149916256,0.10087253338365483,-0.03667614188449227,0.05512681447803273,0,17.75390625,0.014089535516158429,0.03149440284105057,1.0144084310948551,2.602935829483521,0.6563406347511576,0.34776177004887726,1.0375063813330017,True
speed_1700rpm__torque_1800Nm__temperature_25degC,train,1700.0,1800.0,25.0,data/simplified_dataset/Test_25degree/1700rpm/1700.0rpm1800.0Nm25.0deg.csv,11436,True,-0.0863179979126585,0.04284510552697057,-0.12916310343962906,0.12916310343962906,7.749786206377744,0.12921478416178497,0.0036541970144422114,0.957197931587224,0.04750207103681998,0.04797648885753865,-0.0004744178207186714,0.009242739911919129,0,4.04296875,0.003098199121523514,0.02305111237052361,1.1019107975427342,2.732448330189819,0.4244976029887823,0.09817103645518521,0.9315681859643974,True
speed_1700rpm__torque_1800Nm__temperature_30degC,train,1700.0,1800.0,30.0,data/simplified_dataset/Test_30degree/1700rpm/1700.0rpm1800.0Nm30.0deg.csv,11436,True,-0.08915191667162319,0.04849772217997162,-0.1376496388515948,0.1376496388515948,8.258978331095689,0.13971291904043806,0.023922304881125442,0.33035018701128227,0.06587674405528918,0.1096321653132745,-0.043755421257985316,0.06279843289510165,0,13.18359375,0.015975916878604484,0.023943309331151064,1.014864323833928,2.6845347061717035,0.8194791495691767,0.3703247384225184,0.9917746162463952,True
speed_1800rpm__torque_0Nm__temperature_30degC,train,1800.0,0.0,30.0,data/simplified_dataset/Test_30degree/1800rpm/1800.0rpm0.0Nm30.0deg.csv,10800,True,-0.02624321161180114,-0.017856175614863683,-0.008387035996937457,0.008387035996937457,0.5032221598162474,0.008573133062600916,0.0017765803373718482,0.9895674807135362,0.0409715191158289,0.040698698457487706,0.00027282065834119407,0.005872187881814885,0,0.52734375,0.0015253859721893017,0.0013443835147597671,0.03738266822084335,0.7125411480511157,0.4356704721012624,0.8000987328356012,0.05516489043258385,True
speed_1800rpm__torque_100Nm__temperature_25degC,train,1800.0,100.0,25.0,data/simplified_dataset/Test_25degree/1800rpm/1800.0rpm100.0Nm25.0deg.csv,10800,True,-0.022446504912576104,-0.006854126029153883,-0.015592378883422221,0.015592378883422221,0.9355427330053333,0.01566422925909938,0.0014985990249008418,0.9925012304423033,0.04015850630865652,0.04041612054570672,-0.00025761423705020214,0.004167083539377538,0,0.52734375,0.0013192980311341415,7.739727125215257e-05,0.011684385116814244,0.3213322605261108,0.5933365226919629,0.6676373289544784,0.2501081191273783,True
speed_1800rpm__torque_100Nm__temperature_30degC,train,1800.0,100.0,30.0,data/simplified_dataset/Test_30degree/1800rpm/1800.0rpm100.0Nm30.0deg.csv,10801,True,-0.02264327990306936,-0.006371362550644263,-0.0162719173524251,0.0162719173524251,0.9763150411455059,0.017108183938922016,0.005283432914671695,0.9117026498937502,0.04420002198110693,0.04928013614192173,-0.005080114160814796,0.01409331403572523,0,-1.23046875,0.0022173358925911984,0.00786510429800843,0.04274754680071324,0.33807100705934867,0.5309917548794137,0.6237441475599905,0.44413139890441966,True
speed_1800rpm__torque_100Nm__temperature_35degC,train,1800.0,100.0,35.0,data/simplified_dataset/Test_35degree/1800rpm/1800.0rpm100.0Nm35.0deg.csv,10801,True,-0.022762161255530516,-0.006340946297020983,-0.016421214958509532,0.016421214958509532,0.9852728975105719,0.01743514028977072,0.005858994470931751,0.8961500584771902,0.044837923331172036,0.05773468791328186,-0.012896764582109824,0.015438621820861427,0,0.87890625,0.004140608600660631,0.009573541006342945,0.09389842061160314,0.3593962664741228,0.5882957054904421,0.4600102376743027,0.5753372274897113,True
speed_1800rpm__torque_200Nm__temperature_30degC,train,1800.0,200.0,30.0,data/simplified_dataset/Test_30degree/1800rpm/1800.0rpm200.0Nm30.0deg.csv,10800,True,-0.02604606403885971,-0.0029760917599264925,-0.023069972278933218,0.023069972278933218,1.3841983367359931,0.023633419941469797,0.005129806738963472,0.9174883807621012,0.04489535910410797,0.05226027588825066,-0.007364916784142694,0.013823588302482162,0,7.91015625,0.0031765607275382897,0.00908172240994604,0.0377720948863971,0.06876809955032083,0.49299318022905414,0.42137605048282434,0.5090874232821567,True
speed_1800rpm__torque_300Nm__temperature_25degC,train,1800.0,300.0,25.0,data/simplified_dataset/Test_25degree/1800rpm/1800.0rpm300.0Nm25.0deg.csv,10800,True,-0.029395122024793902,-0.000521204974633874,-0.028873917050160028,0.028873917050160028,1.7324350230096017,0.028923937940205893,0.001700323542552988,0.990399970431478,0.04142891782751298,0.04117202581770517,0.00025689200980780896,0.004950056494138279,0,0.87890625,0.0014234581981121392,0.0059983907586590186,0.1390168676954393,0.22334210239718022,0.5274044184926379,0.31773654223881653,0.7769050761692357,True
speed_1800rpm__torque_300Nm__temperature_30degC,train,1800.0,300.0,30.0,data/simplified_dataset/Test_30degree/1800rpm/1800.0rpm300.0Nm30.0deg.csv,10800,True,-0.02952506263374422,0.0012070385503957365,-0.030732101184139958,0.030732101184139958,1.8439260710483976,0.031210760333411428,0.005445137041198484,0.9064238232799213,0.0442672834044359,0.049883030910662034,-0.005615747506226135,0.014768476209698879,0,1.0546875,0.0027461481302807162,0.011685603230769627,0.02559011371529496,0.21368456360304267,0.5625442916643761,0.07893287489037995,0.9226131837906352,True
speed_1800rpm__torque_300Nm__temperature_35degC,train,1800.0,300.0,35.0,data/simplified_dataset/Test_35degree/1800rpm/1800.0rpm300.0Nm35.0deg.csv,10800,True,-0.030896711957375436,0.0010732141911976795,-0.031969926148573115,0.031969926148573115,1.9181955689143868,0.03255382892131812,0.006138045250177683,0.8834793159452573,0.04437160747433154,0.055338393790970344,-0.010966786316638805,0.01620548829064045,0,-1.0546875,0.003551847104322672,0.013617540921185958,0.02160370980872695,0.26560366779545336,0.5851713039177376,0.1584761039693329,0.8584441594015462,True
speed_1800rpm__torque_400Nm__temperature_25degC,train,1800.0,400.0,25.0,data/simplified_dataset/Test_25degree/1800rpm/1800.0rpm400.0Nm25.0deg.csv,10800,True,-0.03164987370750663,0.003968468000972835,-0.03561834170847947,0.03561834170847947,2.137100502508768,0.03566136766152404,0.0017512502472190974,0.989796212662758,0.040653245289125395,0.04144390492934072,-0.0007906596402153243,0.005098434326800848,0,0.87890625,0.001488968877383149,0.01140793625110202,0.22436520032715146,0.31429398940969494,0.4873031689252121,0.24354828786295585,0.8448634117233071,True
speed_1800rpm__torque_400Nm__temperature_30degC,train,1800.0,400.0,30.0,data/simplified_dataset/Test_30degree/1800rpm/1800.0rpm400.0Nm30.0deg.csv,10800,True,-0.03387256377416738,0.004092108305206431,-0.03796467207937381,0.03796467207937381,2.2778803247624286,0.038457764001418836,0.00613867134601955,0.8824621918422854,0.044595819336682885,0.053350288231964665,-0.00875446889528178,0.016466407137536353,0,1.23046875,0.002956991204757444,0.013530427340112307,0.09362483517275777,0.38823848562615715,0.3464539675476501,0.0022321254684776193,0.7518589129685449,True
speed_1800rpm__torque_500Nm__temperature_25degC,train,1800.0,500.0,25.0,data/simplified_dataset/Test_25degree/1800rpm/1800.0rpm500.0Nm25.0deg.csv,10800,True,-0.03561579036366666,0.00686124492127419,-0.04247703528494085,0.04247703528494085,2.548622117096451,0.0425170666016273,0.001844566564020278,0.9886448614970992,0.04103796483745085,0.041293394185102535,-0.0002554293476516867,0.005510420542523045,0,0.87890625,0.0015761261438810284,0.014802967307608886,0.2931413427843981,0.49691110207415945,0.3553450680386324,0.1681695682142053,0.8567971275545005,True
speed_1800rpm__torque_500Nm__temperature_30degC,train,1800.0,500.0,30.0,data/simplified_dataset/Test_30degree/1800rpm/1800.0rpm500.0Nm30.0deg.csv,10800,True,-0.03704787076338004,0.0082322617854876,-0.045280132548867646,0.045280132548867646,2.716807952932059,0.04565285886849778,0.005821779729941141,0.8940528012092424,0.045663669782655174,0.05285999593693712,-0.007196326154281944,0.015873398775150777,0,8.0859375,0.0034471021296051583,0.016542923580586316,0.1546316022061207,0.534199461673972,0.28449877592352735,0.10692823299940771,0.9232382109914765,True
speed_1800rpm__torque_500Nm__temperature_35degC,train,1800.0,500.0,35.0,data/simplified_dataset/Test_35degree/1800rpm/1800.0rpm500.0Nm35.0deg.csv,10800,True,-0.037769354381828955,0.008737363426027826,-0.046506717807856784,0.046506717807856784,2.790403068471407,0.046878441456726844,0.005891813995039444,0.8914254051951458,0.045532091467561396,0.05470058430909726,-0.009168492841535862,0.01572846056651157,0,-1.0546875,0.00329711160164978,0.014766079072371086,0.15433970405831432,0.5777456975614231,0.406718681711067,0.2826081653108627,0.9439790176191785,True
speed_1800rpm__torque_600Nm__temperature_35degC,train,1800.0,600.0,35.0,data/simplified_dataset/Test_35degree/1800rpm/1800.0rpm600.0Nm35.0deg.csv,10800,True,-0.04190703766554986,0.012017415330216935,-0.05392445299576679,0.05392445299576679,3.2354671797460077,0.05415563339776726,0.004998599585954155,0.9197525759420392,0.04706390190568581,0.04765827619375837,-0.0005943742880725605,0.01373152161205863,0,1.23046875,0.0026576135664475994,0.020165744166076256,0.25697565957082746,0.8852782095836353,0.46109329256254356,0.31758751160092225,0.9433612451236915,True
speed_1800rpm__torque_700Nm__temperature_25degC,train,1800.0,700.0,25.0,data/simplified_dataset/Test_25degree/1800rpm/1800.0rpm700.0Nm25.0deg.csv,10800,True,-0.0423842530678995,0.013041259019085084,-0.05542551208698458,0.05542551208698458,3.325530725219075,0.05546058759394529,0.001972152671879915,0.9870500450969633,0.0423945013136926,0.04235656722032399,3.793409336860787e-05,0.0059341642333704874,0,0.87890625,0.0018426353811470686,0.018886159824002192,0.44943129358226797,1.0231946374603806,0.32326404936374936,0.10110736490878643,0.8141241811436677,True
speed_1800rpm__torque_700Nm__temperature_35degC,train,1800.0,700.0,35.0,data/simplified_dataset/Test_35degree/1800rpm/1800.0rpm700.0Nm35.0deg.csv,10800,True,-0.04498489684503634,0.016166922266525857,-0.0611518191115622,0.0611518191115622,3.669109146693732,0.06138655048569642,0.005363170692764807,0.9089614412152145,0.04642573579826419,0.05045743630861282,-0.004031700510348631,0.014511266908186887,0,-0.87890625,0.0031498797278073213,0.01635471125286076,0.3218102763999213,1.098586554378711,0.46551903439107145,0.3495895117460437,0.9946473600525211,True
speed_1800rpm__torque_800Nm__temperature_25degC,train,1800.0,800.0,25.0,data/simplified_dataset/Test_25degree/1800rpm/1800.0rpm800.0Nm25.0deg.csv,10800,True,-0.04554540983493595,0.016951722012087937,-0.062497131847023886,0.062497131847023886,3.749827910821433,0.0625323806211054,0.0020993182318340513,0.9853328811429013,0.04169923789421871,0.04240959687586247,-0.0007103589816437536,0.006223025752570729,0,0.87890625,0.0019550869411853414,0.01911372018989157,0.5461298390859375,1.3107647190767167,0.3177167199753617,0.034112578378810404,0.9032228904612121,True
speed_1800rpm__torque_800Nm__temperature_30degC,train,1800.0,800.0,30.0,data/simplified_dataset/Test_30degree/1800rpm/1800.0rpm800.0Nm30.0deg.csv,10800,True,-0.047341030341398194,0.018053273280713406,-0.0653943036221116,0.0653943036221116,3.923658217326696,0.06567170427663717,0.006029742646014488,0.8876119567004352,0.04716815825113929,0.05404100882920815,-0.0068728505780688565,0.016239058449329588,0,-0.87890625,0.0039188121253604605,0.020092254439375117,0.38295206093610323,1.249070872919614,0.32563352878574514,0.14041859084792413,1.104370430177824,True
speed_1800rpm__torque_800Nm__temperature_35degC,train,1800.0,800.0,35.0,data/simplified_dataset/Test_35degree/1800rpm/1800.0rpm800.0Nm35.0deg.csv,10800,True,-0.048733465028718906,0.01944569807378052,-0.06817916310249943,0.06817916310249943,4.090749786149965,0.06843178173829034,0.005874561304453942,0.8915277561522319,0.04887408555698286,0.04967115952172209,-0.0007970739647392283,0.015685059226664032,0,1.23046875,0.0028910962377274294,0.02011900774718437,0.39751466886528863,1.3861172144309208,0.5068630576884167,0.3933293978010964,1.0640951141402581,True
speed_1800rpm__torque_900Nm__temperature_25degC,train,1800.0,900.0,25.0,data/simplified_dataset/Test_25degree/1800rpm/1800.0rpm900.0Nm25.0deg.csv,10800,True,-0.055670098108830834,0.012145192359128677,-0.0678152904679595,0.0678152904679595,4.068917428077571,0.06785375902028205,0.0022845113107159264,0.9827452099778903,0.04164948498394006,0.04320056017860139,-0.0015510751946613277,0.006386835045715432,0,-0.52734375,0.002129555025105857,0.015330941766973815,0.6346183907924428,1.4715532314293485,0.6057625774327299,0.0929246554292207,0.7620628952599567,True
speed_1800rpm__torque_900Nm__temperature_30degC,train,1800.0,900.0,30.0,data/simplified_dataset/Test_30degree/1800rpm/1800.0rpm900.0Nm30.0deg.csv,10800,True,-0.05109013008119341,0.021288711409045317,-0.07237884149023872,0.07237884149023872,4.342730489414324,0.07266744964721979,0.006470049672307156,0.8727355459677497,0.04723222677909663,0.055187356049947255,-0.007955129270850625,0.017385042646933965,0,-0.87890625,0.003767082891432122,0.0217030119296132,0.4671251123709767,1.3960981649101394,0.43357529349521023,0.1721678729235889,1.0629538832729908,True
speed_1800rpm__torque_1000Nm__temperature_25degC,train,1800.0,1000.0,25.0,data/simplified_dataset/Test_25degree/1800rpm/1800.0rpm1000.0Nm25.0deg.csv,10800,True,-0.059324199723452695,0.01594518928099098,-0.07526938900444367,0.07526938900444367,4.516163340266621,0.07530574884710424,0.002339847926869424,0.9818976688934468,0.04208971944982544,0.04379193703556424,-0.0017022175857388036,0.006473150348414532,0,-0.52734375,0.0021654985322153634,0.019685684267002058,0.7172681787721424,1.7396388477327693,0.6909172874188347,0.002147352528339641,0.9292828927787423,True
speed_1800rpm__torque_1000Nm__temperature_30degC,train,1800.0,1000.0,30.0,data/simplified_dataset/Test_30degree/1800rpm/1800.0rpm1000.0Nm30.0deg.csv,10801,True,-0.05423576301326209,0.025162193947919256,-0.07939795696118135,0.07939795696118135,4.763877417670881,0.07964486586252047,0.006266505297952949,0.8795262903048024,0.048508741728209265,0.05486796288420749,-0.0063592211559982265,0.016799294745947168,0,3.69140625,0.00394963795759396,0.022602886759000337,0.5524450106165002,1.766141917768456,0.6762218484616205,0.22218246184126844,1.1280524278365527,True
speed_1800rpm__torque_1100Nm__temperature_25degC,train,1800.0,1100.0,25.0,data/simplified_dataset/Test_25degree/1800rpm/1800.0rpm1100.0Nm25.0deg.csv,10800,True,-0.06274362381226478,0.019824719636148812,-0.0825683434484136,0.0825683434484136,4.954100606904816,0.0826043368913401,0.002438264432507335,0.9803550220245479,0.04267420304375321,0.04323278618976122,-0.0005585831460080126,0.006530895251235142,0,-0.52734375,0.0022371769126466753,0.017211126557911946,0.7896903763004324,1.9058264919748023,0.5307414623831053,0.042989838313462814,0.9618157678863312,True
speed_1800rpm__torque_1100Nm__temperature_30degC,train,1800.0,1100.0,30.0,data/simplified_dataset/Test_30degree/1800rpm/1800.0rpm1100.0Nm30.0deg.csv,10801,True,-0.05702240516423509,0.02979094810108953,-0.08681335326532462,0.08681335326532462,5.208801195919477,0.08705219137556007,0.0064440451672134426,0.8736413192163525,0.0508288682440228,0.055206903869039155,-0.0043780356250163535,0.01705357052310435,0,8.4375,0.003985484493272174,0.016943555184616804,0.5837842049886792,1.9190448003611378,0.7131403347931247,0.2506449567157047,1.151102520404402,True
speed_1800rpm__torque_1100Nm__temperature_35degC,train,1800.0,1100.0,35.0,data/simplified_dataset/Test_35degree/1800rpm/1800.0rpm1100.0Nm35.0deg.csv,10800,True,-0.059450760734514635,0.029727043593294936,-0.08917780432780957,0.08917780432780957,5.350668259668574,0.08940548331525296,0.00637649293145394,0.8774891534039894,0.050197056092477224,0.05496736016212429,-0.004770304069647069,0.016879966426686762,0,-0.703125,0.004374159999799456,0.01958795358247259,0.6281610468620495,2.0256036828277124,0.6335708800046321,0.4022652766827338,1.056151567424031,True
speed_1800rpm__torque_1200Nm__temperature_25degC,train,1800.0,1200.0,25.0,data/simplified_dataset/Test_25degree/1800rpm/1800.0rpm1200.0Nm25.0deg.csv,10800,True,-0.06604390118679421,0.0233587815147338,-0.08940268270152801,0.08940268270152801,5.364160962091681,0.0894370945726236,0.0024807683008134782,0.9795997809037136,0.04339887794396172,0.044013727986735404,-0.0006148500427736875,0.006552140083105257,0,-0.52734375,0.0022977198776905168,0.01779727976279315,0.7913988206603966,2.1053563813978142,0.515180058578709,0.0753443876309976,1.062129302380031,True
speed_1800rpm__torque_1200Nm__temperature_30degC,train,1800.0,1200.0,30.0,data/simplified_dataset/Test_30degree/1800rpm/1800.0rpm1200.0Nm30.0deg.csv,10800,True,-0.06166014841843988,0.03223403820677684,-0.09389418662521672,0.09389418662521672,5.633651197513003,0.09418439496911223,0.007387961402627192,0.8426433477011926,0.05020450228510656,0.05958309645197531,-0.009378594166868752,0.019294899998866927,0,-0.703125,0.004756548467678517,0.024755839243639617,0.675293105695042,2.1062487705379973,0.4391955737493179,0.2527833764859413,1.0297756894193864,True
speed_1800rpm__torque_1300Nm__temperature_25degC,train,1800.0,1300.0,25.0,data/simplified_dataset/Test_25degree/1800rpm/1800.0rpm1300.0Nm25.0deg.csv,10800,True,-0.06822622826705234,0.02430377247760919,-0.09253000074466153,0.09253000074466153,5.551800044679692,0.09256545633176777,0.002561770501302598,0.9785610068948178,0.04360823452888136,0.04479674563729838,-0.0011885111084170216,0.006966100116544008,0,-0.52734375,0.002316613806156868,0.022301783924192603,0.8927497259678043,2.1974975569532376,0.39228565939521975,0.077719136570361,0.7014760818421562,True
speed_1800rpm__torque_1300Nm__temperature_30degC,train,1800.0,1300.0,30.0,data/simplified_dataset/Test_30degree/1800rpm/1800.0rpm1300.0Nm30.0deg.csv,10800,True,-0.0657990286650373,0.034756277999796616,-0.10055530666483392,0.10055530666483392,6.033318399890035,0.10077025815623368,0.006578391172253968,0.870524426065072,0.04996042243182451,0.054801526334775315,-0.004841103902950804,0.017409909780791724,0,-0.703125,0.003926344919106243,0.02352933852162377,0.7606778409923041,2.2665955019441797,0.5914184840052693,0.2733307234622632,1.1661437696860106,True
speed_1800rpm__torque_1400Nm__temperature_25degC,train,1800.0,1400.0,25.0,data/simplified_dataset/Test_25degree/1800rpm/1800.0rpm1400.0Nm25.0deg.csv,10800,True,-0.07133481466578107,0.028357119891931896,-0.09969193455771297,0.09969193455771297,5.981516073462778,0.09972646368257748,0.0026240698872403907,0.9774747835972691,0.04418749577092254,0.04436804224527562,-0.0001805464743530813,0.00705898412349141,0,-0.52734375,0.0023866737418228893,0.026378222315912865,0.8896219200463253,2.2958939450762816,0.5076360999973246,0.046090507082050314,0.7701768359883918,True
speed_1800rpm__torque_1400Nm__temperature_30degC,train,1800.0,1400.0,30.0,data/simplified_dataset/Test_30degree/1800rpm/1800.0rpm1400.0Nm30.0deg.csv,10800,True,-0.07340822244518463,0.034045607045255194,-0.10745382949043983,0.10745382949043983,6.447229769426389,0.1076493134710043,0.006484536885393522,0.8752228513453935,0.05117281074062442,0.05453966260473266,-0.0033668518641082404,0.017189945183374647,0,-0.703125,0.004053948842418078,0.019837986535719915,0.8188331146162102,2.3434282534157895,0.4158918508436738,0.28818575302737404,1.1308801858645992,True
speed_1800rpm__torque_1500Nm__temperature_25degC,train,1800.0,1500.0,25.0,data/simplified_dataset/Test_25degree/1800rpm/1800.0rpm1500.0Nm25.0deg.csv,10800,True,-0.07526547841427195,0.03235282974023871,-0.10761830815451065,0.10761830815451065,6.457098489270639,0.10765120690976687,0.0026612213531050826,0.9768975089136257,0.04520393189135221,0.04555644779795315,-0.00035251590660093785,0.007031854611838841,0,4.39453125,0.002514304267150055,0.026509107833212493,0.9733587875569114,2.4031246592904076,0.5457197151988631,0.034793058704628343,0.9632658594069485,True
speed_1800rpm__torque_1500Nm__temperature_30degC,train,1800.0,1500.0,30.0,data/simplified_dataset/Test_30degree/1800rpm/1800.0rpm1500.0Nm30.0deg.csv,10800,True,-0.07173133817911735,0.041838650666139045,-0.1135699888452564,0.1135699888452564,6.814199330715384,0.11376697999741875,0.0066920379124308736,0.8694627683616638,0.05083605814602274,0.05869501080598273,-0.007858952659959992,0.0177196976707173,0,4.04296875,0.004430537122065932,0.020568177906660587,0.8677205767665843,2.414722581823882,0.8719517424696938,0.26693610038289295,1.1207481108932333,True
speed_1800rpm__torque_1500Nm__temperature_35degC,train,1800.0,1500.0,35.0,data/simplified_dataset/Test_35degree/1800rpm/1800.0rpm1500.0Nm35.0deg.csv,10800,True,-0.07302973566677559,0.0438263528822031,-0.11685608854897869,0.11685608854897869,7.011365312938722,0.11705999850903862,0.006906360833997524,0.8638602231630959,0.05329837637081914,0.05759114795928731,-0.004292771588468171,0.018062890069353865,0,4.04296875,0.004658434324119794,0.02717864512511705,0.915530325839363,2.4158219857531287,1.0669223508568269,0.41718434857733266,1.088637167298621,True
speed_1800rpm__torque_1600Nm__temperature_25degC,train,1800.0,1600.0,25.0,data/simplified_dataset/Test_25degree/1800rpm/1800.0rpm1600.0Nm25.0deg.csv,10800,True,-0.07913828350319475,0.03625637054059668,-0.11539465404379143,0.11539465404379143,6.923679242627486,0.11542749841762454,0.0027533995468151883,0.9753619291817954,0.04677828785097727,0.04567731358602025,0.0011009742649570192,0.0072690090751341314,0,4.39453125,0.0025341705345583204,0.025615658331812004,1.0296960289741797,2.5018222213244665,0.5776037949262511,0.07779983301370119,0.9949930070935024,True
speed_1800rpm__torque_1600Nm__temperature_30degC,train,1800.0,1600.0,30.0,data/simplified_dataset/Test_30degree/1800rpm/1800.0rpm1600.0Nm30.0deg.csv,10800,True,-0.07654702196759122,0.04545878389167507,-0.12200580585926629,0.12200580585926629,7.320348351555977,0.12221701403970876,0.007182051058951834,0.8532724290358096,0.05186048967735443,0.060179167232285086,-0.008318677554930654,0.018974252255897897,0,4.04296875,0.004455070914892759,0.024828255722520405,0.9160029377319951,2.5391548610621917,0.736658831939049,0.3108111484013397,1.0009510509070174,True
speed_1800rpm__torque_1600Nm__temperature_35degC,train,1800.0,1600.0,35.0,data/simplified_dataset/Test_35degree/1800rpm/1800.0rpm1600.0Nm35.0deg.csv,10800,True,-0.07940404916589805,0.043123117833899105,-0.12252716699979715,0.12252716699979715,7.351630019987829,0.12273659071034627,0.0071668714375855945,0.8569276601109943,0.0545868648942621,0.06161638326996253,-0.007029518375700428,0.018792062466775696,0,4.04296875,0.004727109224404551,0.030278664219898534,0.9248721375777267,2.457599982221815,1.006414297431233,0.40048556879626307,1.1109563091588137,True
speed_1800rpm__torque_1700Nm__temperature_25degC,train,1800.0,1700.0,25.0,data/simplified_dataset/Test_25degree/1800rpm/1800.0rpm1700.0Nm25.0deg.csv,10800,True,-0.08295037763751786,0.03978882157963891,-0.12273919921715677,0.12273919921715677,7.364351953029407,0.12277296562775235,0.002879247221820576,0.9732061809143556,0.04634544496510676,0.046659092553806236,-0.0003136475886994783,0.007424417112326489,0,4.39453125,0.0027148275137316726,0.021479206856385758,1.065496773115351,2.6603127572932133,0.5328864852642009,0.12625263603554351,1.009371708763284,True
speed_1800rpm__torque_1700Nm__temperature_35degC,train,1800.0,1700.0,35.0,data/simplified_dataset/Test_35degree/1800rpm/1800.0rpm1700.0Nm35.0deg.csv,10800,True,-0.08133232481769392,0.05043679529456399,-0.13176912011225791,0.13176912011225791,7.906147206735475,0.13194462648132385,0.0068031935249127755,0.872408218425769,0.05664094853068641,0.06276268502402936,-0.0061217364933429524,0.017988064536255594,0,4.21875,0.0048268328606742095,0.023974483688914038,0.9198121501316983,2.5673700158911283,0.6157234147512415,0.4572546759106472,0.8659948082794272,True
speed_1800rpm__torque_1800Nm__temperature_25degC,train,1800.0,1800.0,25.0,data/simplified_dataset/Test_25degree/1800rpm/1800.0rpm1800.0Nm25.0deg.csv,10800,True,-0.08616264514401552,0.04390163132285348,-0.130064276466869,0.130064276466869,7.80385658801214,0.13009895276939912,0.003003581003436641,0.9709610211856958,0.04675594946606783,0.04716523692979177,-0.0004092874637239424,0.00767142512904141,0,4.39453125,0.002698756576832767,0.02750666157464927,1.1027110817820949,2.642563863865718,0.3890189129899074,0.13016260656471534,1.0790812833380243,True
speed_1800rpm__torque_1800Nm__temperature_30degC,train,1800.0,1800.0,30.0,data/simplified_dataset/Test_30degree/1800rpm/1800.0rpm1800.0Nm30.0deg.csv,10800,True,-0.08362620754109701,0.0519456012980151,-0.1355718088391121,0.1355718088391121,8.134308530346726,0.1357546983255987,0.007044342805794896,0.8621735177574035,0.054964991110147715,0.06011638584371339,-0.005151394733565677,0.018627272789786452,0,4.21875,0.0047452888186056965,0.022684697035115355,0.9758235015440132,2.583573457244505,0.40627609276346377,0.31716916732241607,1.1059459675498022,True
speed_1800rpm__torque_1800Nm__temperature_35degC,train,1800.0,1800.0,35.0,data/simplified_dataset/Test_35degree/1800rpm/1800.0rpm1800.0Nm35.0deg.csv,10800,True,-0.08464891305071909,0.054748665464373375,-0.13939757851509246,0.13939757851509246,8.363854710905548,0.13959401623852383,0.0074030043718673446,0.8521884607104494,0.05743587419878411,0.06155910409479444,-0.0041232298960103275,0.01938801994308233,0,4.21875,0.0052499375661159454,0.023713087712260564,0.984031483800054,2.6877879391064745,0.8077994484044727,0.4722551028246811,1.0224977043253562,True
speed_100rpm__torque_0Nm__temperature_30degC,validation,100.0,0.0,30.0,data/simplified_dataset/Test_30degree/100rpm/100.0rpm0.0Nm30.0deg.csv,194400,True,-0.02567692595975093,-0.02034773631517365,-0.005329189644577282,0.005329189644577282,0.31975137867463693,0.0054757444373747174,0.0012583778747142862,0.9953786798763525,0.0384823996163275,0.040080872827785344,-0.0015984732114578404,0.001917184063730404,0,0.0,0.0012583778747142862,0.026063113017966624,0.12436716779530466,0.46686662500032594,0.19058252078810986,0.26369027643257087,0.9639811567729355,True
speed_100rpm__torque_500Nm__temperature_30degC,validation,100.0,500.0,30.0,data/simplified_dataset/Test_30degree/100rpm/100.0rpm500.0Nm30.0deg.csv,194400,True,-0.04266467510429849,0.012547617261504603,-0.05521229236580309,0.05521229236580309,3.3127375419481857,0.05522862508957061,0.0013430565875749295,0.9938930945935878,0.039771599255850845,0.03851520332751464,0.001256395928336207,0.00286262101831263,0,0.703125,0.0011922730219136998,0.018302827442830474,0.1076582211017818,0.6944317018245315,0.0006704566510284948,1.8737481783827739,2.585674821982511,True
speed_100rpm__torque_600Nm__temperature_25degC,validation,100.0,600.0,25.0,data/simplified_dataset/Test_25degree/100rpm/100.0rpm600.0Nm25.0deg.csv,194400,True,-0.050563120505516465,0.007901331056535735,-0.0584644515620522,0.0584644515620522,3.507867093723132,0.05847960156059979,0.0013310530548993834,0.9939718992647876,0.04082429093008475,0.03854270053569808,0.002281590394386669,0.003965556126173879,0,0.87890625,0.001142134792826418,0.02068744359722317,0.1263032376441311,0.7496373214289962,1.1664928445064602,1.0184408569677585,2.401505897404309,True
speed_100rpm__torque_800Nm__temperature_25degC,validation,100.0,800.0,25.0,data/simplified_dataset/Test_25degree/100rpm/100.0rpm800.0Nm25.0deg.csv,194400,True,-0.058482215647353265,0.015599922250197516,-0.07408213789755078,0.07408213789755078,4.444928273853047,0.07409838240397557,0.0015514894179675532,0.9917983002101779,0.04052543075677664,0.0403119708671399,0.0002134598896367454,0.004181820389368622,0,0.703125,0.0013446163617158707,0.022057283096994854,0.3068374770622657,1.050449982948119,1.1591133604845543,1.0219696550988757,2.483461781272408,True
speed_100rpm__torque_800Nm__temperature_35degC,validation,100.0,800.0,35.0,data/simplified_dataset/Test_35degree/100rpm/100.0rpm800.0Nm35.0deg.csv,194400,True,-0.054312673632939304,0.025429635435482083,-0.07974230906842139,0.07974230906842139,4.784538544105283,0.07976620616037822,0.0019523805101263714,0.9870360441325293,0.041214794202760016,0.0393260457966174,0.0018887484061426152,0.003908515053507869,0,0.87890625,0.0015902583619802782,0.013834649503638675,0.3791262705442342,1.3809746619747671,0.13688643770168432,1.7590875101914527,2.9198027254345265,True
speed_100rpm__torque_900Nm__temperature_30degC,validation,100.0,900.0,30.0,data/simplified_dataset/Test_30degree/100rpm/100.0rpm900.0Nm30.0deg.csv,194401,True,-0.05714577569987294,0.028420107745533035,-0.08556588344540597,0.08556588344540597,5.133953006724358,0.08558639539627266,0.0018736774360393717,0.9881131767753818,0.041278138917178776,0.04015680977590859,0.0011213291412701873,0.004128775260950292,0,0.703125,0.0015127701133759996,0.014758846438434337,0.416706361188403,1.4461197961700698,0.30627961200173504,1.4078547698343198,2.8490803291426126,True
speed_100rpm__torque_1100Nm__temperature_25degC,validation,100.0,1100.0,25.0,data/simplified_dataset/Test_25degree/100rpm/100.0rpm1100.0Nm25.0deg.csv,194401,True,-0.0691313696009338,0.02644479725884845,-0.09557616685978225,0.09557616685978225,5.734570011586935,0.09559529766650539,0.001912397536819469,0.9875896747934384,0.04173277971010372,0.041158121934332596,0.0005746577757711271,0.004729741861944325,0,0.703125,0.0016087512124481488,0.024806589315363378,0.5489178314065353,1.5105714149097669,0.24125132677164618,0.8907610879889885,2.618064751395955,True
speed_100rpm__torque_1200Nm__temperature_35degC,validation,100.0,1200.0,35.0,data/simplified_dataset/Test_35degree/100rpm/100.0rpm1200.0Nm35.0deg.csv,194401,True,-0.06806923993632383,0.03977507771582003,-0.10784431765214386,0.10784431765214386,6.470659059128632,0.10787406351495246,0.002533126402588535,0.9784360544936811,0.04330458604692679,0.04105814411773782,0.0022464419291889706,0.005326562151516328,0,0.87890625,0.0019137395683663952,0.021726601941672596,0.7156612360549262,1.9059268822376927,0.6021357462530087,1.394037221958211,2.994504563451356,True
speed_100rpm__torque_1600Nm__temperature_30degC,validation,100.0,1600.0,30.0,data/simplified_dataset/Test_30degree/100rpm/100.0rpm1600.0Nm30.0deg.csv,194400,True,-0.08345073987980538,0.05477289494315879,-0.13822363482296418,0.13822363482296418,8.293418089377852,0.1382550201910762,0.0029457400365159457,0.9710339585425213,0.04571719845663388,0.04344467349114367,0.0022725249654902066,0.006397381840562181,0,-3.69140625,0.002035946262684891,0.021484526006905,0.9610643956163368,2.2553294124494845,1.0167246813322623,1.0713685944407167,2.977159263881549,True
speed_100rpm__torque_1600Nm__temperature_35degC,validation,100.0,1600.0,35.0,data/simplified_dataset/Test_35degree/100rpm/100.0rpm1600.0Nm35.0deg.csv,194400,True,-0.08130720336254602,0.055334241563106915,-0.13664144492565294,0.13664144492565294,8.198486695539177,0.13667582120901164,0.0030652294836561625,0.9686630070499818,0.045498587507273196,0.043734976019344424,0.001763611487928772,0.006478236231727675,0,5.2734375,0.002057750872663653,0.03425587987815952,0.9530209114782636,2.255672832572576,0.9545746738204558,1.1396117245447501,3.063966493359605,True
speed_100rpm__torque_1700Nm__temperature_35degC,validation,100.0,1700.0,35.0,data/simplified_dataset/Test_35degree/100rpm/100.0rpm1700.0Nm35.0deg.csv,194400,True,-0.08529550879186976,0.059539752648146066,-0.14483526144001582,0.14483526144001582,8.690115686400949,0.14487098776253954,0.0032171631752429945,0.9656251091727761,0.04647027466624691,0.04354203011214566,0.0029282445541012475,0.006746888892088861,0,5.2734375,0.002097209332112554,0.03241055323231767,1.0616310950666366,2.3215388321169574,1.3840214150355987,1.1037327091237346,3.1291480996097483,True
speed_100rpm__torque_1800Nm__temperature_35degC,validation,100.0,1800.0,35.0,data/simplified_dataset/Test_35degree/100rpm/100.0rpm1800.0Nm35.0deg.csv,194401,True,-0.09014667538563675,0.06203550126340473,-0.1521821766490415,0.1521821766490415,9.13093059894249,0.1522190045173775,0.0033482005049455376,0.9629204385467149,0.046622870897266064,0.04457320975742031,0.0020496611398457543,0.007208104303843809,0,-3.8671875,0.00216692570938589,0.021339494794938567,1.0288615318917849,2.431550067898726,0.8803336098213291,1.0705724781930797,2.8620284041753665,True
speed_200rpm__torque_600Nm__temperature_30degC,validation,200.0,600.0,30.0,data/simplified_dataset/Test_30degree/200rpm/200.0rpm600.0Nm30.0deg.csv,97200,True,-0.04488931770151479,0.016572129414481544,-0.06146144711599633,0.06146144711599633,3.68768682695978,0.06147954921853541,0.0014918078032725355,0.9924548879483709,0.04056669043093597,0.039960035363983674,0.0006066550669522955,0.00441585877203899,0,0.703125,0.0013988791222421797,0.013789060065951944,0.1334682653829431,0.852208290515327,0.08705597878215217,1.4611875772480163,2.542161473023609,True
speed_200rpm__torque_700Nm__temperature_30degC,validation,200.0,700.0,30.0,data/simplified_dataset/Test_30degree/200rpm/200.0rpm700.0Nm30.0deg.csv,97200,True,-0.04933935834489363,0.0197307539674928,-0.06907011231238643,0.06907011231238643,4.144206738743185,0.06908973513412095,0.001646537596688903,0.990800640434336,0.041706771658946235,0.03990249604263317,0.001804275616313064,0.004916092168694101,0,0.703125,0.001499968118021626,0.011141791368198387,0.23725033480090407,1.0195038935834357,0.06816720731565667,1.367592487977394,2.547585012094859,True
speed_200rpm__torque_900Nm__temperature_30degC,validation,200.0,900.0,30.0,data/simplified_dataset/Test_30degree/200rpm/200.0rpm900.0Nm30.0deg.csv,97200,True,-0.055968970014950006,0.028063418907445625,-0.08403238892239563,0.08403238892239563,5.0419433353437375,0.0840603957371388,0.002169733504286177,0.9840678549474389,0.043253546499780506,0.039917395034790845,0.0033361514649896604,0.0073497000459653945,0,0.703125,0.0016771477490168723,0.014507467752774618,0.40506780995056246,1.350673190129132,0.08083834614932674,1.2439270679390826,2.8061570856692386,True
speed_200rpm__torque_1000Nm__temperature_30degC,validation,200.0,1000.0,30.0,data/simplified_dataset/Test_30degree/200rpm/200.0rpm1000.0Nm30.0deg.csv,97200,True,-0.05943109234495274,0.032081847116490855,-0.0915129394614436,0.0915129394614436,5.490776367686616,0.09153318291239981,0.0019249636882289222,0.9874429016124308,0.04286658646462717,0.04212364623444462,0.0007429402301825511,0.004826593983907368,0,0.52734375,0.0016917136402354353,0.016827118573843537,0.4884352170155779,1.508365459057148,0.1886249681579807,1.1833828739330803,2.784736423612981,True
speed_200rpm__torque_1100Nm__temperature_35degC,validation,200.0,1100.0,35.0,data/simplified_dataset/Test_35degree/200rpm/200.0rpm1100.0Nm35.0deg.csv,97201,True,-0.06267708344787651,0.035427136108589705,-0.09810421955646621,0.09810421955646621,5.886253173387972,0.09813132199100698,0.002306178856758605,0.9820834129402951,0.04424053598331972,0.041897297256829086,0.002343238726490636,0.006246357143948445,0,0.87890625,0.0019514935487694482,0.022826112178410622,0.6014924168073381,1.7122995167865458,0.3782733914641509,1.3150717196006165,3.0578484643352315,True
speed_200rpm__torque_1700Nm__temperature_35degC,validation,200.0,1700.0,35.0,data/simplified_dataset/Test_35degree/200rpm/200.0rpm1700.0Nm35.0deg.csv,97200,True,-0.0863268322182513,0.058968872295559326,-0.14529570451381063,0.14529570451381063,8.717742270828637,0.14533114604080388,0.003209401715101178,0.9657422844066187,0.04615827537187436,0.04423606961854236,0.0019222057533320042,0.007663533694548653,0,5.2734375,0.0021700911241641333,0.028440096326260746,0.9380901141371722,2.3538444898849655,0.9227054361909499,1.0656368364346858,3.049685018087527,True
speed_300rpm__torque_500Nm__temperature_25degC,validation,300.0,500.0,25.0,data/simplified_dataset/Test_25degree/300rpm/300.0rpm500.0Nm25.0deg.csv,64800,True,-0.03840472970406657,0.012250137040980586,-0.050654866745047156,0.050654866745047156,3.0392920047028293,0.05066742958221994,0.0011282267106977092,0.9957129778193634,0.03916609264480351,0.037458236017228023,0.0017078566275754853,0.002188307585357563,0,-0.17578125,0.0011109005514235585,0.018372666719653007,0.09636861302323996,0.7425908449406768,1.1835944890376093,0.9333758241486961,2.2811588907754796,True
speed_300rpm__torque_1100Nm__temperature_25degC,validation,300.0,1100.0,25.0,data/simplified_dataset/Test_25degree/300rpm/300.0rpm1100.0Nm25.0deg.csv,64800,True,-0.06891613841861667,0.025899790470232033,-0.09481592888884871,0.09481592888884871,5.688955733330923,0.09483217393720726,0.001755232919449643,0.9896247558619286,0.041847738954018276,0.04005596271838771,0.0017917762356305655,0.003985715964850146,0,0.703125,0.0015735921196103034,0.02178238886657556,0.5492776306418243,1.7122863742742291,0.024698518143705328,0.8071290937439684,2.473394385269387,True
speed_300rpm__torque_1100Nm__temperature_30degC,validation,300.0,1100.0,30.0,data/simplified_dataset/Test_30degree/300rpm/300.0rpm1100.0Nm30.0deg.csv,64800,True,-0.06998440368414434,0.02649030618068323,-0.09647470986482756,0.09647470986482756,5.788482591889654,0.09649187700859833,0.0018200783334275132,0.9888484477213448,0.04211191750040999,0.04133973992708252,0.0007721775733274677,0.0040728755304959025,0,0.703125,0.0015938847086589283,0.02304556644803355,0.5645069937173512,1.7229531154891604,0.22451065150673363,0.9735937867935001,2.508710609126918,True
speed_300rpm__torque_1100Nm__temperature_35degC,validation,300.0,1100.0,35.0,data/simplified_dataset/Test_35degree/300rpm/300.0rpm1100.0Nm35.0deg.csv,64800,True,-0.0653578613028237,0.03033121527562664,-0.09568907657845034,0.09568907657845034,5.74134459470702,0.09570839202329061,0.00192273951624865,0.9875170247605355,0.04140367121721153,0.04113788563159576,0.0002657855856157687,0.0043624702386232455,0,0.87890625,0.0016655119504089312,0.023778692935599796,0.55936495193264,1.761427332937158,0.23889075387710768,1.0644700750311757,2.5460715000922876,True
speed_300rpm__torque_1200Nm__temperature_25degC,validation,300.0,1200.0,25.0,data/simplified_dataset/Test_25degree/300rpm/300.0rpm1200.0Nm25.0deg.csv,64800,True,-0.07250157935339059,0.029858475697528013,-0.10236005505091861,0.10236005505091861,6.141603303055117,0.10237837406832787,0.0019366483540851271,0.9873900095837024,0.041673573793913746,0.04097171657136543,0.0007018572225483133,0.0044756206635553205,0,0.703125,0.0016343643799648113,0.021391512288613766,0.6183566601426431,1.9076245537979946,0.08959800869509041,0.8072019180801822,2.3243497387331424,True
speed_300rpm__torque_1400Nm__temperature_30degC,validation,300.0,1400.0,30.0,data/simplified_dataset/Test_30degree/300rpm/300.0rpm1400.0Nm30.0deg.csv,64800,True,-0.08060260553463605,0.03819973414623995,-0.118802339680876,0.118802339680876,7.12814038085256,0.11882298726918604,0.0022150372283346723,0.9835171477435906,0.04362291282125185,0.041878416085179025,0.0017444967360728258,0.004980129125656637,0,0.703125,0.0018390521321354002,0.02916049603575394,0.7278235813818285,1.997131054203062,0.47872374931284856,0.914426933225233,2.5043430299269867,True
speed_400rpm__torque_0Nm__temperature_35degC,validation,400.0,0.0,35.0,data/simplified_dataset/Test_35degree/400rpm/400.0rpm0.0Nm35.0deg.csv,48600,True,-0.024809989193972412,-0.017431767109415925,-0.007378222084556487,0.007378222084556487,0.4426933250733892,0.00746862350310993,0.0011585231556464266,0.9961370498998422,0.0378764560832369,0.0391030318028741,-0.0012265757196371976,0.0025605258176499396,0,0.52734375,0.001135068624588862,0.013657747959968847,0.07781877058298492,0.4774388480502527,0.3855204662824221,2.6451934601465323,1.4290165202088605,True
speed_400rpm__torque_100Nm__temperature_25degC,validation,400.0,100.0,25.0,data/simplified_dataset/Test_25degree/400rpm/400.0rpm100.0Nm25.0deg.csv,48600,True,-0.0268732549503627,-0.009035341592555864,-0.017837913357806837,0.017837913357806837,1.0702748014684103,0.017855579774496092,0.0007940882336178996,0.997898323043521,0.03878207732790319,0.038722881338945525,5.919598895766376e-05,0.00278545560879589,0,0.17578125,0.0007722304902961867,0.014660366841926849,0.034720863359644305,0.18074505801338803,0.057774945634023356,0.23423463648484802,1.0317355631602552,True
speed_400rpm__torque_200Nm__temperature_25degC,validation,400.0,200.0,25.0,data/simplified_dataset/Test_25degree/400rpm/400.0rpm200.0Nm25.0deg.csv,48600,True,-0.034827415527559774,-0.008149200789551145,-0.02667821473800863,0.02667821473800863,1.6006928842805177,0.02669248450041257,0.0008726896340994714,0.9974985254295602,0.04055291937438358,0.03788831097439303,0.0026646083999905465,0.003118448170980922,0,0.0,0.0008726896340994714,0.012954689469787704,0.08301326541489185,0.10670971241522031,0.1140288121471111,0.7179016314525019,1.4726699572786286,True
speed_400rpm__torque_200Nm__temperature_30degC,validation,400.0,200.0,30.0,data/simplified_dataset/Test_30degree/400rpm/400.0rpm200.0Nm30.0deg.csv,48601,True,-0.03006412252656777,-0.0013446060284601365,-0.028719516498107635,0.028719516498107635,1.7231709898864582,0.02873670707822702,0.0009938338969597738,0.996727148285159,0.039105450270734574,0.03874916943089335,0.00035628083984122483,0.0034516584074362282,0,-0.17578125,0.0009444623538788269,0.015218759925232538,0.07659868885496124,0.18696268755740797,0.10476376990860506,2.2471266555879525,1.818292775492625,True
speed_400rpm__torque_400Nm__temperature_30degC,validation,400.0,400.0,30.0,data/simplified_dataset/Test_30degree/400rpm/400.0rpm400.0Nm30.0deg.csv,48600,True,-0.03706746471135897,0.007759666605548826,-0.0448271313169078,0.0448271313169078,2.689627879014468,0.04484377559261177,0.0012216821588393804,0.9950134794107419,0.04034998013687913,0.03902362939197146,0.0013263507449076672,0.004254855800215066,0,0.0,0.0012216821588393804,0.017800010908482752,0.027628572853525712,0.49246338184007077,0.03903935286147181,1.5676584450275604,2.2212797952207817,True
speed_400rpm__torque_400Nm__temperature_35degC,validation,400.0,400.0,35.0,data/simplified_dataset/Test_35degree/400rpm/400.0rpm400.0Nm35.0deg.csv,48600,True,-0.04322239270950179,0.0003669227220038673,-0.043589315431505654,0.043589315431505654,2.615358925890339,0.04360762483841218,0.0012635364103998003,0.9947006787222468,0.04039120866577019,0.03854566089861913,0.001845547767151054,0.004502986316253206,0,0.17578125,0.0010662430595521047,0.01730703855172973,0.04294067842207827,0.4903450038716528,0.0011623446169446439,1.626019722222729,2.1264183797822915,True
speed_400rpm__torque_500Nm__temperature_35degC,validation,400.0,500.0,35.0,data/simplified_dataset/Test_35degree/400rpm/400.0rpm500.0Nm35.0deg.csv,48600,True,-0.047465558337960116,0.003828415365199858,-0.051293973703159974,0.051293973703159974,3.0776384221895983,0.05130689073504134,0.0011512161556387881,0.9956096396152827,0.04126056306761324,0.03906018788681762,0.002200375180795619,0.0030666543551786463,0,0.0,0.0011512161556387881,0.01610381219594459,0.11933491131028129,0.6895735458105846,0.06951031200076033,1.4771658902805251,2.2256236589539524,True
speed_400rpm__torque_600Nm__temperature_25degC,validation,400.0,600.0,25.0,data/simplified_dataset/Test_25degree/400rpm/400.0rpm600.0Nm25.0deg.csv,48600,True,-0.042333996430242826,0.015100443688871715,-0.05743444011911454,0.05743444011911454,3.4460664071468723,0.05744895085749152,0.0012911401280738051,0.9944271907718681,0.04138242702775513,0.03818918126314244,0.00319324576461269,0.004589402709404677,0,0.0,0.0012911401280738051,0.01824301420731816,0.13902360366243216,0.8115195099385044,0.030295627948419727,0.7167796229281701,2.065716012497734,True
speed_400rpm__torque_900Nm__temperature_25degC,validation,400.0,900.0,25.0,data/simplified_dataset/Test_25degree/400rpm/400.0rpm900.0Nm25.0deg.csv,48600,True,-0.0537940724078963,0.02444069089986876,-0.07823476330776506,0.07823476330776506,4.6940857984659035,0.07824796440043605,0.0014372692823145473,0.9930490215099721,0.04141000369386567,0.03946111276801288,0.001948890925852785,0.004358649517507179,0,-0.17578125,0.001340283405024872,0.021039950968887205,0.38390668504464553,1.3856065849310757,0.027133880190527482,0.560367678628456,2.2283495378241134,True
speed_400rpm__torque_900Nm__temperature_35degC,validation,400.0,900.0,35.0,data/simplified_dataset/Test_35degree/400rpm/400.0rpm900.0Nm35.0deg.csv,48600,True,-0.061207712207954,0.019350465127136635,-0.08055817733509063,0.08055817733509063,4.833490640105438,0.08057540949217942,0.0016663370848925987,0.9906938728766642,0.04249646794303478,0.04091225459338738,0.0015842133496473954,0.004277737495593178,0,0.52734375,0.0015964398675954196,0.019808968488100407,0.47730247815473614,1.4782049449772328,0.13383430573769098,1.1288792815043611,2.415189275736447,True
speed_400rpm__torque_1000Nm__temperature_30degC,validation,400.0,1000.0,30.0,data/simplified_dataset/Test_30degree/400rpm/400.0rpm1000.0Nm30.0deg.csv,48600,True,-0.05836741056353562,0.029574232126681345,-0.08794164269021697,0.08794164269021697,5.276498561413018,0.08795765567256135,0.0016782944792472173,0.9905655708284951,0.04235013138070925,0.04028339472698747,0.0020667366537217777,0.004640555718794066,0,0.87890625,0.0015360587871940442,0.018626677107050557,0.5278508750052198,1.6266242056957418,0.1066140165931689,0.9032360170297873,2.410856383180834,True
speed_400rpm__torque_1300Nm__temperature_30degC,validation,400.0,1300.0,30.0,data/simplified_dataset/Test_30degree/400rpm/400.0rpm1300.0Nm30.0deg.csv,48600,True,-0.07400931514092904,0.03652490283857603,-0.11053421797950508,0.11053421797950508,6.632053078770305,0.1105556578281199,0.002177184757337673,0.984133701644637,0.04350433537182191,0.042070927979599826,0.0014334073922220858,0.006221660921105231,0,0.703125,0.001907768530328421,0.02493962941853212,0.6886702800852615,2.085987116706061,0.2073513618345704,0.9101073381692422,2.6044368704758036,True
speed_400rpm__torque_1800Nm__temperature_35degC,validation,400.0,1800.0,35.0,data/simplified_dataset/Test_35degree/400rpm/400.0rpm1800.0Nm35.0deg.csv,48600,True,-0.08672487543606457,0.0597298623618335,-0.14645473779789808,0.14645473779789808,8.787284267873885,0.14648129366483123,0.0027891163961821248,0.9742491033270854,0.04674800046314831,0.04328671435941568,0.0034612861037326276,0.006605174363155445,0,5.44921875,0.002169154551734546,0.02941487882526338,0.9872105454827135,2.5321935299427296,0.8361633987008954,0.8600923363491534,2.1597660530683696,True
speed_500rpm__torque_0Nm__temperature_30degC,validation,500.0,0.0,30.0,data/simplified_dataset/Test_30degree/500rpm/500.0rpm0.0Nm30.0deg.csv,38880,True,-0.02538678761164872,-0.017465439672353915,-0.007921347939294804,0.007921347939294804,0.47528087635768823,0.007978562993762348,0.0009537894264793783,0.9972925338762261,0.03791457069628319,0.038487261135442125,-0.0005726904391589321,0.0018467709721828483,0,0.17578125,0.0009496539193578325,0.01020853398476684,0.00044768916324344765,0.4478240298287379,0.22712226409845127,2.2356366668497634,1.1122305605020546,True
speed_500rpm__torque_100Nm__temperature_25degC,validation,500.0,100.0,25.0,data/simplified_dataset/Test_25degree/500rpm/500.0rpm100.0Nm25.0deg.csv,38880,True,-0.025640703192314866,-0.00781359399389781,-0.017827109198417054,0.017827109198417054,1.0696265519050232,0.01784285517577515,0.0007494387576046885,0.9981289085659207,0.038810687070665345,0.037918832540746,0.000891854529919342,0.002494938130876296,0,0.17578125,0.0007060866760936981,0.014353957679712578,0.03834667239598932,0.14019811378979052,0.10166812380901956,0.5090898090200578,0.956366873803756,True
speed_500rpm__torque_100Nm__temperature_30degC,validation,500.0,100.0,30.0,data/simplified_dataset/Test_30degree/500rpm/500.0rpm100.0Nm30.0deg.csv,38880,True,-0.031217694974496175,-0.012247988922534552,-0.018969706051961625,0.018969706051961625,1.1381823631176975,0.01898907061837813,0.0008573536329439909,0.99755030416702,0.03849410022540306,0.038462367528548785,3.1732696854275266e-05,0.003069180352614354,0,-0.17578125,0.0007897682337334111,0.019222803931683432,0.051270862239846116,0.07440734968631668,0.26306267212554524,2.3615243905151866,1.127726801060657,True
speed_500rpm__torque_200Nm__temperature_35degC,validation,500.0,200.0,35.0,data/simplified_dataset/Test_35degree/500rpm/500.0rpm200.0Nm35.0deg.csv,38880,True,-0.03183410371915562,-0.005191465054628548,-0.026642638664527072,0.026642638664527072,1.5985583198716242,0.026654649827626876,0.0008001015090952775,0.9979132264293825,0.039558118891507836,0.037532933595036316,0.0020251852964715197,0.002220813966841113,0,0.0,0.0008001015090952775,0.012389407114127064,0.06588328829650458,0.12651344718208724,0.07787548353770643,1.6850574132076452,1.6210819293821164,True
speed_500rpm__torque_400Nm__temperature_30degC,validation,500.0,400.0,30.0,data/simplified_dataset/Test_30degree/500rpm/500.0rpm400.0Nm30.0deg.csv,38880,True,-0.041980702056065675,0.001059639849327971,-0.043040341905393645,0.043040341905393645,2.5824205143236187,0.04305067152143104,0.0009430202081447905,0.9970254759118226,0.03928845136520528,0.037762609763449285,0.0015258416017559923,0.0023057557312449613,0,0.17578125,0.0009428976973571416,0.01878965151714497,0.026822273048163314,0.4610969724749594,0.016041111109797973,1.1607377838804633,2.051047951255612,True
speed_500rpm__torque_600Nm__temperature_30degC,validation,500.0,600.0,30.0,data/simplified_dataset/Test_30degree/500rpm/500.0rpm600.0Nm30.0deg.csv,38880,True,-0.05054352963571919,0.007558799818346191,-0.05810232945406538,0.05810232945406538,3.4861397672439227,0.05811326535505645,0.0011273518698483218,0.9957210283713112,0.04037490512290923,0.03813586530198297,0.0022390398209262558,0.0027406352729985096,0,0.52734375,0.0011168370710257277,0.01901200387972709,0.1800385408411349,0.8955454761658834,0.051814033431379025,1.0367124158227217,2.2425160222842893,True
speed_500rpm__torque_700Nm__temperature_35degC,validation,500.0,700.0,35.0,data/simplified_dataset/Test_35degree/500rpm/500.0rpm700.0Nm35.0deg.csv,38880,True,-0.05491549974730169,0.01246434041719659,-0.06737984016449829,0.06737984016449829,4.042790409869897,0.06739366224400059,0.0013648626542966317,0.9936958281642851,0.04035592431437205,0.03852712986114878,0.001828794453223273,0.003023463512727663,0,0.52734375,0.0012907761678905292,0.01793269662353817,0.2671019597119349,1.238925089142575,0.04510595247888191,1.3958172940457798,2.526179953656476,True
speed_500rpm__torque_1100Nm__temperature_30degC,validation,500.0,1100.0,30.0,data/simplified_dataset/Test_30degree/500rpm/500.0rpm1100.0Nm30.0deg.csv,38880,True,-0.06927262828361219,0.025670210405696232,-0.09494283868930842,0.09494283868930842,5.6965703213585055,0.0949588155863414,0.0017418493553561219,0.9897997296589457,0.04224547473726482,0.04041776891522514,0.0018277058220396783,0.003954248827600067,0,0.52734375,0.0015753534291005388,0.024512478951369304,0.5387881819406244,1.8670179625882513,0.038446661853253274,0.9696935501227322,2.536770274966116,True
speed_500rpm__torque_1800Nm__temperature_25degC,validation,500.0,1800.0,25.0,data/simplified_dataset/Test_25degree/500rpm/500.0rpm1800.0Nm25.0deg.csv,38880,True,-0.08631854002800976,0.057348322037545765,-0.1436668620655555,0.1436668620655555,8.620011723933331,0.14368815271094787,0.002473453804161005,0.9799444280731345,0.04542647257666739,0.04277455569729281,0.0026519168793745773,0.005770038205362198,0,5.09765625,0.0020596854716038895,0.030060994873969786,0.8949995644265221,2.535099830231742,0.4668724136850512,0.5387324537650786,2.588674880301884,True
speed_600rpm__torque_0Nm__temperature_35degC,validation,600.0,0.0,35.0,data/simplified_dataset/Test_35degree/600rpm/600.0rpm0.0Nm35.0deg.csv,32400,True,-0.0254156634055583,-0.017343122640052576,-0.008072540765505724,0.008072540765505724,0.48435244593034343,0.008171441556832087,0.0012674946571763711,0.9951209943847794,0.038463966779639105,0.0398030536445811,-0.0013390868649419962,0.003640419304056337,0,-0.3515625,0.0010982654869728934,0.006354953793510077,0.026723595900332464,0.48585712283353066,0.4030855105097409,2.839091761820165,1.3329738239171354,True
speed_600rpm__torque_400Nm__temperature_30degC,validation,600.0,400.0,30.0,data/simplified_dataset/Test_30degree/600rpm/600.0rpm400.0Nm30.0deg.csv,32400,True,-0.03567201716880462,0.006948042602240445,-0.04262005977104507,0.04262005977104507,2.557203586262704,0.0426296289264753,0.0009031984950863583,0.9972741494587558,0.039322359303126705,0.038013551098717714,0.0013088082044089913,0.0020865495493675792,0,0.0,0.0009031984950863583,0.017889771436268853,0.0330647866519711,0.44295449492162664,0.015675851656108766,0.9959966149671097,1.959039361080257,True
speed_600rpm__torque_400Nm__temperature_35degC,validation,600.0,400.0,35.0,data/simplified_dataset/Test_35degree/600rpm/600.0rpm400.0Nm35.0deg.csv,32400,True,-0.03665178944156519,0.007185262624975513,-0.043837052066540705,0.043837052066540705,2.630223123992442,0.0438494264099846,0.0010416633813543318,0.9963902869358401,0.039430221056585904,0.03788352562449832,0.0015466954320875817,0.0024605998842503604,0,0.17578125,0.001035335176606208,0.01824793318698929,0.05405012267164055,0.5210313297018674,0.0008643783467235376,1.57143065989275,2.2790700887412965,True
speed_600rpm__torque_800Nm__temperature_35degC,validation,600.0,800.0,35.0,data/simplified_dataset/Test_35degree/600rpm/600.0rpm800.0Nm35.0deg.csv,32400,True,-0.05235675014756572,0.018742463905679317,-0.07109921405324504,0.07109921405324504,4.265952843194702,0.0711117995861649,0.0013378345913174,0.9939910950474103,0.040312388229268296,0.03952838678041871,0.0007840014488495889,0.0035917958833420255,0,0.3515625,0.0012567221523767508,0.021197635646393924,0.3424960869434124,1.291707593611371,0.007035801804946811,0.8349501529117749,2.4862639935653092,True
speed_600rpm__torque_1100Nm__temperature_25degC,validation,600.0,1100.0,25.0,data/simplified_dataset/Test_25degree/600rpm/600.0rpm1100.0Nm25.0deg.csv,32400,True,-0.06211344727134363,0.02812573535928266,-0.09023918263062629,0.09023918263062629,5.414350957837577,0.09025166818770788,0.001501175812687096,0.992442514371574,0.041504255719344865,0.0391812698362229,0.002322985883121964,0.0035444279062849375,0,0.0,0.001501175812687096,0.024150808174933786,0.5478393392772127,1.7571302154234933,0.03128030611683496,0.4119962830499498,2.2257843269940714,True
speed_600rpm__torque_1100Nm__temperature_35degC,validation,600.0,1100.0,35.0,data/simplified_dataset/Test_35degree/600rpm/600.0rpm1100.0Nm35.0deg.csv,32400,True,-0.061117522777327,0.0327922397042681,-0.0939097624815951,0.0939097624815951,5.634585748895706,0.09392469152133594,0.0016745709983479297,0.9905980036302247,0.0414143392277184,0.04049481744216104,0.0009195217855573617,0.0035894354164618973,0,0.703125,0.0015463900303823222,0.01929408592680488,0.5920578463953279,1.903885792387623,0.057708445393626705,0.9548887686104042,2.6160126547434253,True
speed_600rpm__torque_1300Nm__temperature_35degC,validation,600.0,1300.0,35.0,data/simplified_dataset/Test_35degree/600rpm/600.0rpm1300.0Nm35.0deg.csv,32400,True,-0.06824583768785583,0.04048795776143241,-0.10873379544928824,0.10873379544928824,6.524027726957295,0.10875178244142794,0.0019778552474890225,0.9870178304226269,0.042750717357599305,0.0408097038663914,0.001941013491207906,0.0043861257226758266,0,0.703125,0.001770976854153863,0.020320562004492542,0.6819856315346624,2.1715675205405494,0.18639666362845497,0.9454594889809087,2.6852464496641497,True
speed_600rpm__torque_1400Nm__temperature_25degC,validation,600.0,1400.0,25.0,data/simplified_dataset/Test_25degree/600rpm/600.0rpm1400.0Nm25.0deg.csv,32400,True,-0.07407294089463146,0.03880669913393983,-0.11287964002857129,0.11287964002857129,6.772778401714278,0.11289540700215608,0.0018867403643958434,0.9881285915524762,0.04361018751088804,0.04133695709264365,0.0022732304182443916,0.004230112131852028,0,4.921875,0.001792136448613783,0.027379281081377937,0.6678395021947214,2.24672718723189,0.2224792812766457,0.4982087009408173,2.465784283146683,True
speed_600rpm__torque_1400Nm__temperature_35degC,validation,600.0,1400.0,35.0,data/simplified_dataset/Test_35degree/600rpm/600.0rpm1400.0Nm35.0deg.csv,32400,True,-0.07256024630301347,0.04347543319884496,-0.11603567950185843,0.11603567950185843,6.962140770111506,0.11605484143998786,0.002108863248935581,0.9851689165985645,0.04319021879672954,0.041227107626314805,0.0019631111704147344,0.004502735077759198,0,5.2734375,0.0017961394122804125,0.02511317600756486,0.7697037854255157,2.2521934479937316,0.08731502082249826,0.9320948774317792,2.811212188663732,True
speed_600rpm__torque_1500Nm__temperature_25degC,validation,600.0,1500.0,25.0,data/simplified_dataset/Test_25degree/600rpm/600.0rpm1500.0Nm25.0deg.csv,32400,True,-0.07561767255669402,0.04560864965738591,-0.12122632221407993,0.12122632221407993,7.273579332844796,0.12124337074196953,0.0020331628864275284,0.9862761659409173,0.04348124287899557,0.04115518383904396,0.00232605903995161,0.004266913682977131,0,5.09765625,0.0018797666362555933,0.03162957605389205,0.7719304776066819,2.2950684206847614,0.6620673027921877,0.5319193381531104,2.5792408141490726,True
speed_600rpm__torque_1600Nm__temperature_30degC,validation,600.0,1600.0,30.0,data/simplified_dataset/Test_30degree/600rpm/600.0rpm1600.0Nm30.0deg.csv,32400,True,-0.07974358116201907,0.05131017155947578,-0.13105375272149486,0.13105375272149486,7.863225163289692,0.13107466858639333,0.0023415043553502842,0.9818264335561004,0.044155460018265605,0.042748033402256976,0.0014074266160086293,0.004896001279766757,0,5.09765625,0.001964189912416279,0.023605038154961844,0.8986937116541018,2.5567989426125712,0.07455880285500005,0.8219099797033779,2.6512505000240836,True
speed_700rpm__torque_400Nm__temperature_25degC,validation,700.0,400.0,25.0,data/simplified_dataset/Test_25degree/700rpm/700.0rpm400.0Nm25.0deg.csv,27772,True,-0.03710791661134594,0.0027901997041092073,-0.039898116315455145,0.039898116315455145,2.3938869789273087,0.039910341612376644,0.0009877662147567711,0.9967380076314694,0.03952458701591351,0.03850518252362396,0.001019404492289544,0.003342569082824724,0,0.0,0.0009877662147567711,0.015473143220447958,0.03592161881416622,0.36953381504988214,0.07623113279255564,0.23822867904073775,1.4858975092467221,True
speed_700rpm__torque_400Nm__temperature_30degC,validation,700.0,400.0,30.0,data/simplified_dataset/Test_30degree/700rpm/700.0rpm400.0Nm30.0deg.csv,27772,True,-0.042084599306151396,-0.0011003602317684338,-0.040984239074382964,0.040984239074382964,2.4590543444629778,0.0409961111330055,0.0009865472738586564,0.996768295115984,0.04030779971834252,0.037490590495199407,0.002817209223143116,0.0033152198873585173,0,0.0,0.0009865472738586564,0.01495156310232351,0.024146002707003955,0.4040217851087131,0.028656044578446865,0.5978762896449393,1.615383240264952,True
speed_700rpm__torque_500Nm__temperature_30degC,validation,700.0,500.0,30.0,data/simplified_dataset/Test_30degree/700rpm/700.0rpm500.0Nm30.0deg.csv,27772,True,-0.03855630997778141,0.009997930670439904,-0.04855424064822131,0.04855424064822131,2.9132544388932784,0.04856638837869374,0.0010861837895730798,0.9960668524578392,0.03976502438634895,0.03817021543349853,0.0015948089528504197,0.0035577849440212744,0,-0.3515625,0.0010059912244412442,0.01728098339936563,0.07481048863454398,0.6117299758692412,0.013592237849177902,0.6343189176530465,1.9507455121865256,True
speed_700rpm__torque_600Nm__temperature_25degC,validation,700.0,600.0,25.0,data/simplified_dataset/Test_25degree/700rpm/700.0rpm600.0Nm25.0deg.csv,27771,True,-0.04212480957578087,0.012314422866091594,-0.05443923244187246,0.05443923244187246,3.2663539465123477,0.05445361163485327,0.001251315795157032,0.9947662308750415,0.0422884482005227,0.038795212545425235,0.0034932356550974666,0.004554405630040438,0,0.0,0.001251315795157032,0.01927174877400451,0.1322349747066629,0.7761141561431735,0.10207005797584284,0.3474201085151968,1.8220098027605656,True
speed_700rpm__torque_600Nm__temperature_30degC,validation,700.0,600.0,30.0,data/simplified_dataset/Test_30degree/700rpm/700.0rpm600.0Nm30.0deg.csv,27771,True,-0.0495647779838921,0.006410502970280322,-0.05597528095417242,0.05597528095417242,3.358516857250345,0.0559867850908157,0.0011349127308497202,0.9956828420765661,0.04102397115003693,0.039137103049609524,0.0018868681004274024,0.0035215795634419675,0,0.0,0.0011349127308497202,0.017563898042557438,0.17795209306193693,0.873306243904286,0.06304039343172269,0.6618984829319514,2.045954233677335,True
speed_700rpm__torque_900Nm__temperature_25degC,validation,700.0,900.0,25.0,data/simplified_dataset/Test_25degree/700rpm/700.0rpm900.0Nm25.0deg.csv,27772,True,-0.05309643013160466,0.02163892438867117,-0.07473535452027583,0.07473535452027583,4.48412127121655,0.07474932415145587,0.0014450764090906238,0.9929858472431539,0.04181345990781681,0.03968459165480803,0.0021288682530087796,0.004658616122004231,0,-0.17578125,0.0013450231335604365,0.02295810790627338,0.37163360483934893,1.409994990516264,0.06401464726075178,0.2644806487744899,1.9831870215773013,True
speed_700rpm__torque_1000Nm__temperature_35degC,validation,700.0,1000.0,35.0,data/simplified_dataset/Test_35degree/700rpm/700.0rpm1000.0Nm35.0deg.csv,27771,True,-0.060993432085636186,0.026117276766412425,-0.08711070885204861,0.08711070885204861,5.226642531122916,0.0871328186123637,0.0019627742174515793,0.9870961033056413,0.042106516797295615,0.04041578877196445,0.0016907280253311632,0.0064581763703962115,0,0.703125,0.0017157800310079435,0.020223815665402718,0.47254092460258673,1.7159409922726767,0.08887521797908599,1.0491498026349442,2.5897083012042743,True
speed_700rpm__torque_1400Nm__temperature_25degC,validation,700.0,1400.0,25.0,data/simplified_dataset/Test_25degree/700rpm/700.0rpm1400.0Nm25.0deg.csv,27771,True,-0.07773900536363111,0.034140638118379016,-0.11187964348201013,0.11187964348201013,6.712778608920607,0.11189828735785909,0.00204256896096998,0.9860974847276047,0.04501853913263319,0.0418263059626728,0.0031922331699603956,0.006293820307623612,0,0.17578125,0.0019733788365855803,0.027103214290604877,0.6719243928184484,2.2588329132875526,0.23306200665218674,0.4682871971876507,2.364042288583712,True
speed_700rpm__torque_1600Nm__temperature_30degC,validation,700.0,1600.0,30.0,data/simplified_dataset/Test_30degree/700rpm/700.0rpm1600.0Nm30.0deg.csv,27772,True,-0.07918460661812676,0.0499033591954123,-0.12908796581353907,0.12908796581353907,7.745277948812344,0.12911009149907707,0.0023901483264910767,0.98107004833391,0.04526196099861977,0.043212674034914855,0.002049286963704912,0.00643109238470378,0,5.09765625,0.002165409711977304,0.026185238063374628,0.8530062058660826,2.4646397492014946,0.1667538831310437,0.7108257905012672,2.6847744487102947,True
speed_700rpm__torque_1700Nm__temperature_25degC,validation,700.0,1700.0,25.0,data/simplified_dataset/Test_25degree/700rpm/700.0rpm1700.0Nm25.0deg.csv,27771,True,-0.0887152849591068,0.04546428876069131,-0.1341795737197981,0.1341795737197981,8.050774423187887,0.1342032580010881,0.002521200999500005,0.9790231975478635,0.046145423277787825,0.04326585195787121,0.0028795713199166184,0.007513109344732646,0,5.09765625,0.0021782630238198156,0.03194457159636174,0.893902440550453,2.467850187238718,0.2815868137531722,0.49426509390351125,2.500364973159067,True
speed_700rpm__torque_1800Nm__temperature_25degC,validation,700.0,1800.0,25.0,data/simplified_dataset/Test_25degree/700rpm/700.0rpm1800.0Nm25.0deg.csv,27772,True,-0.08547956324950091,0.05688809795200489,-0.1423676612015058,0.1423676612015058,8.542059672090348,0.14239035759221488,0.0025422390233974107,0.9787635983178938,0.046341743310633704,0.043234984087080305,0.0031067592235533986,0.006271885447455016,0,4.921875,0.0021830773240791505,0.033363032965155,0.9129493239938522,2.6118544939787567,0.6807429005533635,0.5143998891496468,2.3287946008209355,True
speed_700rpm__torque_1800Nm__temperature_35degC,validation,700.0,1800.0,35.0,data/simplified_dataset/Test_35degree/700rpm/700.0rpm1800.0Nm35.0deg.csv,27772,True,-0.09427186182766498,0.05156746864332712,-0.1458393304709921,0.1458393304709921,8.750359828259526,0.1458649067495727,0.002731429815004632,0.9753679778732847,0.047658795951784266,0.04432071708785879,0.003338078863925474,0.007006355781914654,0,5.44921875,0.0023259462736901684,0.02860981451136618,0.9688482515358277,2.777652486406172,0.4108605916716161,0.8221935706185339,2.7568708662706296,True
speed_800rpm__torque_200Nm__temperature_30degC,validation,800.0,200.0,30.0,data/simplified_dataset/Test_30degree/800rpm/800.0rpm200.0Nm30.0deg.csv,24300,True,-0.03450109984857482,-0.009310103593125087,-0.025190996255449735,0.025190996255449735,1.511459775326984,0.02520355534523626,0.0007955562194494002,0.9978981431542219,0.03912823373406352,0.03786377160927905,0.0012644621247844684,0.002720494745502659,0,0.0,0.0007955562194494002,0.010001547533837035,0.09004825112525583,0.0818508573605099,0.23339607316654568,0.1478259047252798,1.322477355975951,True
speed_800rpm__torque_400Nm__temperature_25degC,validation,800.0,400.0,25.0,data/simplified_dataset/Test_25degree/800rpm/800.0rpm400.0Nm25.0deg.csv,24300,True,-0.041033672741186814,-0.0013004403421830553,-0.03973323239900376,0.03973323239900376,2.383993943940226,0.03974559782247125,0.0009913573484820009,0.9967325446098523,0.039960434107377006,0.03840657774548068,0.0015538563618963247,0.003343183252056278,0,0.3515625,0.0009784274996382347,0.01353133774779287,0.016178644912668627,0.36320945849427977,0.025717257725868914,0.22134359414829835,1.5945262183857416,True
speed_800rpm__torque_600Nm__temperature_35degC,validation,800.0,600.0,35.0,data/simplified_dataset/Test_35degree/800rpm/800.0rpm600.0Nm35.0deg.csv,24300,True,-0.043372052130532496,0.01382986474334624,-0.05720191687387874,0.05720191687387874,3.432115012432724,0.057214015523059526,0.001176553537567892,0.995355839812944,0.04060575549581345,0.038198459045217355,0.0024072964505960984,0.0034842067409148214,0,0.52734375,0.0011188731216769205,0.018177361593117017,0.1918875794273922,0.8542340627386842,0.03771550525768458,0.9605315716679387,2.318348055635721,True
speed_800rpm__torque_700Nm__temperature_30degC,validation,800.0,700.0,30.0,data/simplified_dataset/Test_30degree/800rpm/800.0rpm700.0Nm30.0deg.csv,24300,True,-0.05346489758414473,0.009534030159849296,-0.06299892774399403,0.06299892774399403,3.7799356646396416,0.0630104401757399,0.0012044393913834457,0.9951223336780676,0.04121589342474318,0.03823372788803517,0.0029821655367080133,0.003509484779720449,0,0.17578125,0.0011779802181859135,0.01791173647334629,0.2465707473482273,1.0390188337130588,0.14766618712437019,0.6507935950574294,2.0692839864535504,True
speed_800rpm__torque_800Nm__temperature_25degC,validation,800.0,800.0,25.0,data/simplified_dataset/Test_25degree/800rpm/800.0rpm800.0Nm25.0deg.csv,24300,True,-0.04816026232221964,0.020322663762688667,-0.0684829260849083,0.0684829260849083,4.108975565094498,0.06849517508821608,0.0012953166463695797,0.9943729974340408,0.04129092836372068,0.038855322925603196,0.002435605438117487,0.00372050802732005,0,-0.3515625,0.0012487439375457002,0.016722131419178707,0.3256420720959088,1.2690394320833023,0.2083387041260858,0.3988933145476347,1.9973139375186688,True
speed_800rpm__torque_900Nm__temperature_30degC,validation,800.0,900.0,30.0,data/simplified_dataset/Test_30degree/800rpm/800.0rpm900.0Nm30.0deg.csv,24300,True,-0.06014821477123718,0.017425850885582465,-0.07757406565681964,0.07757406565681964,4.6544439394091786,0.07758736918011723,0.001436730233287176,0.9930510332393555,0.041779771448545756,0.0397155419619021,0.0020642294866436567,0.003915159333723665,0,0.17578125,0.0014095149060411954,0.019817094359879165,0.41831294356620125,1.4943844403160729,0.12125865122566147,0.705311444361382,2.2979479637433378,True
speed_800rpm__torque_900Nm__temperature_35degC,validation,800.0,900.0,35.0,data/simplified_dataset/Test_35degree/800rpm/800.0rpm900.0Nm35.0deg.csv,24300,True,-0.05340465625960374,0.025828006286666837,-0.07923266254627058,0.07923266254627058,4.753959752776235,0.07924706144747781,0.0015106071260048164,0.9923218894095303,0.040833733490427154,0.03904197243637615,0.0017917610540510026,0.003965066946057824,0,0.703125,0.0014021986303104329,0.019570066600014962,0.42870041894244104,1.581558062742348,0.06215635513004808,0.9325929480628912,2.6042235796045548,True
speed_800rpm__torque_1100Nm__temperature_35degC,validation,800.0,1100.0,35.0,data/simplified_dataset/Test_35degree/800rpm/800.0rpm1100.0Nm35.0deg.csv,24300,True,-0.06154226860909878,0.03251103549648662,-0.0940533041055854,0.0940533041055854,5.643198246335125,0.09407205157324236,0.00187799734319392,0.9882120814039056,0.041802838108326246,0.04085898360816839,0.0009438545001578535,0.005293971953091379,0,0.703125,0.0016166016693295502,0.02108583348484924,0.5892506317656897,1.9041093062517949,0.035749228531459565,0.9628580082759051,2.621495824377547,True
speed_800rpm__torque_1200Nm__temperature_25degC,validation,800.0,1200.0,25.0,data/simplified_dataset/Test_25degree/800rpm/800.0rpm1200.0Nm25.0deg.csv,24300,True,-0.06987236071767516,0.02677076042757403,-0.0966431211452492,0.0966431211452492,5.798587268714952,0.09665848529719194,0.0017233442059438333,0.9900951385769609,0.04348130912745898,0.041297724851577566,0.0021835842758814103,0.004505437445098036,0,0.52734375,0.0016608757843731387,0.023263944244788243,0.6175408973401537,1.944454433846694,0.13558178943103896,0.44516823278228546,2.0805280217533797,True
speed_800rpm__torque_1500Nm__temperature_25degC,validation,800.0,1500.0,25.0,data/simplified_dataset/Test_25degree/800rpm/800.0rpm1500.0Nm25.0deg.csv,24300,True,-0.07289755189897591,0.04333984043148338,-0.1162373923304593,0.1162373923304593,6.974243539827557,0.11625572902169208,0.002064740802130019,0.9858873404414894,0.04357632453416497,0.04359937744149346,-2.305290732849269e-05,0.005389271432337979,0,5.09765625,0.002018520415150946,0.03145231250610791,0.791901049181859,2.288566403931102,0.2938475643137503,0.2506405787502285,2.438012873088635,True
speed_800rpm__torque_1600Nm__temperature_25degC,validation,800.0,1600.0,25.0,data/simplified_dataset/Test_25degree/800rpm/800.0rpm1600.0Nm25.0deg.csv,24300,True,-0.07716208589415759,0.047380712983954854,-0.12454279887811244,0.12454279887811244,7.472567932686746,0.12456265332565832,0.0022239269624183544,0.9836778044458965,0.044802307548742135,0.043162292685501424,0.0016400148632407102,0.005653035455762195,0,4.921875,0.00205297006481723,0.03241383942922653,0.8244576780950633,2.4562362369819737,0.3096734174735028,0.29489626839865996,2.5672820845891433,True
speed_800rpm__torque_1700Nm__temperature_25degC,validation,800.0,1700.0,25.0,data/simplified_dataset/Test_25degree/800rpm/800.0rpm1700.0Nm25.0deg.csv,24300,True,-0.08326922363584922,0.04872891083100842,-0.13199813446685765,0.13199813446685765,7.919888068011459,0.1320192911549745,0.002363415818532886,0.981619980209742,0.045078598156942096,0.043408951933051866,0.0016696462238902296,0.005869532093274867,0,4.921875,0.002097283003627659,0.032220183281116685,0.9188210087629778,2.565499070928502,0.40881460750355725,0.33539391924305123,2.61613756445831,True
speed_800rpm__torque_1700Nm__temperature_30degC,validation,800.0,1700.0,30.0,data/simplified_dataset/Test_30degree/800rpm/800.0rpm1700.0Nm30.0deg.csv,24300,True,-0.08997477228462511,0.04603098799780852,-0.13600576028243364,0.13600576028243364,8.160345616946017,0.13603047192616058,0.002592771191439044,0.9777630675275415,0.04522469957751872,0.04324517320695231,0.001979526370566413,0.006246186736571413,0,5.09765625,0.0020417751033843332,0.029872036403274235,0.8927863230678692,2.5824173016153296,0.3412492613617645,0.7056589174954885,2.3374365382035203,True
speed_800rpm__torque_1800Nm__temperature_30degC,validation,800.0,1800.0,30.0,data/simplified_dataset/Test_30degree/800rpm/800.0rpm1800.0Nm30.0deg.csv,24300,True,-0.09363990202032427,0.049777179829800636,-0.14341708185012492,0.14341708185012492,8.605024911007495,0.14344228040418897,0.0026885760447754813,0.9761611533263104,0.0454592876848014,0.04319187432628765,0.0022674133585137493,0.006174214289631257,0,5.2734375,0.0021375882088651736,0.027829827021051332,0.9812430792403852,2.7368014008832455,0.16479098505799888,0.7057720355306905,2.4170954789916665,True
speed_900rpm__torque_200Nm__temperature_30degC,validation,900.0,200.0,30.0,data/simplified_dataset/Test_30degree/900rpm/900.0rpm200.0Nm30.0deg.csv,21600,True,-0.03515743180279994,-0.00927006817871031,-0.02588736362408963,0.02588736362408963,1.553241817445378,0.02590213074284947,0.0008745179322511043,0.9974654839597928,0.0398439467982008,0.037798060015985624,0.0020458867822151783,0.002540433091713425,0,-0.17578125,0.0008632149067260873,0.016587190786946183,0.09834303392898591,0.09573322975320564,0.3616086503557104,0.6745385686725506,1.4933043361332512,True
speed_900rpm__torque_300Nm__temperature_30degC,validation,900.0,300.0,30.0,data/simplified_dataset/Test_30degree/900rpm/900.0rpm300.0Nm30.0deg.csv,21600,True,-0.034312830741399555,-0.0008976155376399222,-0.03341521520375963,0.03341521520375963,2.0049129122255778,0.03342677172670024,0.0008788975795608619,0.9974395214986149,0.0399059160828294,0.038358635857405766,0.0015472802254236362,0.0022964003071926785,0,-0.17578125,0.0008546104392177366,0.014391719277970807,0.04550868081358117,0.22298330032521885,0.19474753089224883,0.7126845923992261,1.6478282733427296,True
speed_900rpm__torque_300Nm__temperature_35degC,validation,900.0,300.0,35.0,data/simplified_dataset/Test_35degree/900rpm/900.0rpm300.0Nm35.0deg.csv,21600,True,-0.03377715799348842,-0.0010997993724606906,-0.032677358621027726,0.032677358621027726,1.9606415172616636,0.03269019100716973,0.0009158720642018862,0.9972204633543136,0.040100060370303545,0.03806061589561632,0.0020394444746872215,0.002807869146274863,0,-0.17578125,0.0008587294044450849,0.014247302296729136,0.03741204258490449,0.21477433609192678,0.08790554346778667,0.35072683485789774,1.576805442148051,True
speed_900rpm__torque_500Nm__temperature_25degC,validation,900.0,500.0,25.0,data/simplified_dataset/Test_25degree/900rpm/900.0rpm500.0Nm25.0deg.csv,21600,True,-0.0409285406551259,0.005483704426924115,-0.04641224508205001,0.04641224508205001,2.7847347049230007,0.04642412173069582,0.0010500404326444618,0.9963270210412615,0.04096674482622656,0.03838882944177445,0.002577915384452109,0.002856779960325997,0,0.0,0.0010500404326444618,0.015239923911645144,0.10683662212965304,0.5815504785821302,0.035546407247792955,0.16784096774333812,1.6097949346251181,True
speed_900rpm__torque_800Nm__temperature_30degC,validation,900.0,800.0,30.0,data/simplified_dataset/Test_30degree/900rpm/900.0rpm800.0Nm30.0deg.csv,21600,True,-0.05676787408378968,0.01298325379565982,-0.0697511278794495,0.0697511278794495,4.185067672766969,0.06976368569358132,0.001323631783195928,0.9941087312788996,0.04135208504573422,0.03959704192197034,0.0017550431237638789,0.0033837475312793208,0,-0.17578125,0.001260673055397305,0.019517301115140225,0.33379371270361863,1.2319190062514447,0.13995119968948933,0.594439050289346,2.2194240448992764,True
speed_900rpm__torque_900Nm__temperature_25degC,validation,900.0,900.0,25.0,data/simplified_dataset/Test_25degree/900rpm/900.0rpm900.0Nm25.0deg.csv,21600,True,-0.059447510024098746,0.016211464017100104,-0.07565897404119885,0.07565897404119885,4.539538442471931,0.075671788526402,0.0013925608847382691,0.9935148096164097,0.04198283858860588,0.040374703461456864,0.0016081351271490171,0.0034099050057623246,0,-0.17578125,0.0013786606666867142,0.017266773410800122,0.4253994758786166,1.5009948488717897,0.1491931660920694,0.3979321677761997,1.7501264454567769,True
speed_900rpm__torque_1000Nm__temperature_30degC,validation,900.0,1000.0,30.0,data/simplified_dataset/Test_30degree/900rpm/900.0rpm1000.0Nm30.0deg.csv,21600,True,-0.06369757079726726,0.019807702476524452,-0.08350527327379172,0.08350527327379172,5.010316396427503,0.08351833192026226,0.001476855515094702,0.9926123273656632,0.04195967580830495,0.04027453173892437,0.0016851440693805841,0.0036044011475262366,0,-0.3515625,0.0014588989107576934,0.01970835169937831,0.4715357200700043,1.5673514841921476,0.022834363378495204,0.5638715653967019,2.5419595419516683,True
speed_900rpm__torque_1100Nm__temperature_25degC,validation,900.0,1100.0,25.0,data/simplified_dataset/Test_25degree/900rpm/900.0rpm1100.0Nm25.0deg.csv,21600,True,-0.06196511554567602,0.027101257931428348,-0.08906637347710436,0.08906637347710436,5.343982408626261,0.08908154296976242,0.0016439019163535195,0.9909746990461564,0.04287152550995909,0.040617359159348256,0.002254166350610834,0.004341265824365634,0,0.17578125,0.0016260695080950772,0.018522414250792853,0.5426553748205225,1.8759579892991014,0.11376415143426212,0.32541097905907124,2.3716491545482543,True
speed_900rpm__torque_1200Nm__temperature_35degC,validation,900.0,1200.0,35.0,data/simplified_dataset/Test_35degree/900rpm/900.0rpm1200.0Nm35.0deg.csv,21600,True,-0.06695616884516993,0.030822843553361404,-0.09777901239853133,0.09777901239853133,5.86674074391188,0.09779560519497343,0.0018014243861368023,0.9891110602137426,0.04244619254057889,0.040530572586849195,0.0019156199537296928,0.004279191496852864,0,0.52734375,0.0017185050611127713,0.02609186536051567,0.6694538515122703,2.052591563609744,0.03962471946338089,0.6056861390103048,2.8315676639629643,True
speed_900rpm__torque_1300Nm__temperature_25degC,validation,900.0,1300.0,25.0,data/simplified_dataset/Test_25degree/900rpm/900.0rpm1300.0Nm25.0deg.csv,21600,True,-0.0739700117960145,0.030519236121467865,-0.10448924791748238,0.10448924791748238,6.2693548750489425,0.10450713399124051,0.0019334230530337778,0.9875541935238669,0.04397265991745448,0.0413114655131344,0.002661194404320076,0.0049745721546862335,0,0.52734375,0.0018257176945942746,0.019043982798415147,0.7270255699102937,2.163181394185102,0.15533885335371148,0.4195461459383847,2.6471989731767014,True
speed_900rpm__torque_1400Nm__temperature_30degC,validation,900.0,1400.0,30.0,data/simplified_dataset/Test_30degree/900rpm/900.0rpm1400.0Nm30.0deg.csv,21600,True,-0.07839135598889294,0.03422164276952612,-0.11261299875841906,0.11261299875841906,6.7567799255051435,0.11263527868570461,0.0022402042859199587,0.9833254618283903,0.04370799522008902,0.04235136855743711,0.0013566266626519122,0.0059451486364061595,0,0.52734375,0.00198244888984966,0.027392854460840593,0.7491968228011467,2.260842688118506,0.5385499304921233,0.6046598815336821,2.7991274204773546,True
speed_900rpm__torque_1500Nm__temperature_30degC,validation,900.0,1500.0,30.0,data/simplified_dataset/Test_30degree/900rpm/900.0rpm1500.0Nm30.0deg.csv,21600,True,-0.08013508062819061,0.03745237019921206,-0.11758745082740267,0.11758745082740267,7.05524704964416,0.11760832248419086,0.0022156095004747718,0.9837800547608052,0.04441837142953238,0.04270212583783722,0.0017162455916951633,0.005715279807865481,0,5.09765625,0.0020329821066491977,0.029917537945751978,0.7703200872310335,2.324804212592003,0.6867709038446093,0.4212078244773625,2.682289922562509,True
speed_900rpm__torque_1600Nm__temperature_25degC,validation,900.0,1600.0,25.0,data/simplified_dataset/Test_25degree/900rpm/900.0rpm1600.0Nm25.0deg.csv,21600,True,-0.07626982038764457,0.047472799831816896,-0.12374262021946147,0.12374262021946147,7.424557213167688,0.1237640907738884,0.0023052345454235086,0.9824040326889296,0.04464630281343017,0.042844674916218295,0.0018016278972118743,0.0059119789407939645,0,5.09765625,0.002022262760581489,0.026079276009794095,0.8638202010017297,2.4668671479918585,0.2550090501068841,0.3300362380610502,2.5711759532606906,True
speed_900rpm__torque_1600Nm__temperature_35degC,validation,900.0,1600.0,35.0,data/simplified_dataset/Test_35degree/900rpm/900.0rpm1600.0Nm35.0deg.csv,21600,True,-0.07824511579021244,0.05026899153543387,-0.1285141073256463,0.1285141073256463,7.710846439538778,0.12853825171778213,0.0024912593113088355,0.9793665341609589,0.04465068014134582,0.04278097810305316,0.0018697020382926616,0.005864884263372202,0,5.09765625,0.0019806159761906993,0.028975975969432986,0.8658992899279028,2.466345160301858,0.3268535603065654,0.6906061445818121,3.018043670432643,True
speed_900rpm__torque_1700Nm__temperature_25degC,validation,900.0,1700.0,25.0,data/simplified_dataset/Test_25degree/900rpm/900.0rpm1700.0Nm25.0deg.csv,21600,True,-0.08760102590777943,0.04382538013524965,-0.13142640604302908,0.13142640604302908,7.885584362581745,0.13144882922205836,0.0024278588226473614,0.9804580047626685,0.04511846574711684,0.04272261623777496,0.0023958495093418797,0.006067521323550841,0,5.09765625,0.002124047528186452,0.028596759959318742,0.805031291553137,2.4987059217290732,0.6588628041623305,0.3748859706666582,2.6033407950043728,True
speed_1000rpm__torque_0Nm__temperature_25degC,validation,1000.0,0.0,25.0,data/simplified_dataset/Test_25degree/1000rpm/1000.0rpm0.0Nm25.0deg.csv,19440,True,-0.025564109379483183,-0.01678537194209169,-0.008778737437391493,0.008778737437391493,0.5267242462434896,0.008811376303887269,0.0007577079741213926,0.9981814834495053,0.03889409888738169,0.03908331633900182,-0.00018921745162012865,0.002089573817544664,0,0.0,0.0007577079741213926,0.005949259574749266,0.012300981067718153,0.47992510250185005,0.18192095313572745,1.3985963019590575,0.396762626615804,True
speed_1000rpm__torque_300Nm__temperature_25degC,validation,1000.0,300.0,25.0,data/simplified_dataset/Test_25degree/1000rpm/1000.0rpm300.0Nm25.0deg.csv,19440,True,-0.03085152930914719,0.0018339381717451452,-0.032685467480892336,0.032685467480892336,1.96112804885354,0.03269759514251913,0.0008904738399416136,0.9973488790528517,0.03964713566640181,0.03837365003059654,0.0012734856358052674,0.0028444368102622858,0,-0.17578125,0.0008550173756981322,0.012411330258551016,0.03205552207493301,0.19749947059835682,0.14844494022325594,0.16248221291162646,1.4230717459321616,True
speed_1000rpm__torque_300Nm__temperature_30degC,validation,1000.0,300.0,30.0,data/simplified_dataset/Test_30degree/1000rpm/1000.0rpm300.0Nm30.0deg.csv,19440,True,-0.03577631378461779,-0.00276047052447204,-0.03301584326014575,0.03301584326014575,1.980950595608745,0.03302819799143263,0.0009033030403816222,0.9973123247690805,0.04030934262365078,0.03863089083117964,0.0016784517924711417,0.0027596591603773683,0,-0.17578125,0.0008981424545145225,0.012882304343543823,0.02844083164078337,0.22474093226759972,0.22545635965135338,0.39436771709843127,1.6516752293213148,True
speed_1000rpm__torque_600Nm__temperature_25degC,validation,1000.0,600.0,25.0,data/simplified_dataset/Test_25degree/1000rpm/1000.0rpm600.0Nm25.0deg.csv,19440,True,-0.04191633862399376,0.012203406298231877,-0.054119744922225634,0.054119744922225634,3.247184695333538,0.05413325328649565,0.001209264624937567,0.9950973674932534,0.040784343326939324,0.039302950853489144,0.0014813924734501799,0.003712135849056788,0,-0.3515625,0.0011223771073643038,0.01885642870388885,0.25926479846719913,0.733612553028335,0.15607587396850373,0.3284376197459743,1.0398524263156856,True
speed_1000rpm__torque_700Nm__temperature_35degC,validation,1000.0,700.0,35.0,data/simplified_dataset/Test_35degree/1000rpm/1000.0rpm700.0Nm35.0deg.csv,19440,True,-0.05298469641305361,0.010629128143695116,-0.06361382455674873,0.06361382455674873,3.816829473404924,0.06362619946557148,0.0012548241693083263,0.9947185684513141,0.04059877052828397,0.039821826582691,0.0007769439455929741,0.0035530011333393895,0,0.0,0.0012548241693083263,0.018118993098920736,0.2658190754539762,1.0504959709448565,0.12930668100821996,0.7523462964281743,1.925675468684659,True
speed_1000rpm__torque_800Nm__temperature_25degC,validation,1000.0,800.0,25.0,data/simplified_dataset/Test_25degree/1000rpm/1000.0rpm800.0Nm25.0deg.csv,19440,True,-0.05440894903887922,0.010544000858090229,-0.06495294989696945,0.06495294989696945,3.8971769938181673,0.06496960431868005,0.0014709809677987333,0.9927682950049032,0.0431041688886597,0.04059940601821472,0.0025047628704449806,0.004615645709615298,0,-0.3515625,0.0013081476656282096,0.019045675957554485,0.3508934714959113,1.2053290073988594,0.12305552848367834,0.009022565248338998,1.6760445608070262,True
speed_1000rpm__torque_800Nm__temperature_30degC,validation,1000.0,800.0,30.0,data/simplified_dataset/Test_30degree/1000rpm/1000.0rpm800.0Nm30.0deg.csv,19440,True,-0.04916075057269517,0.02014999004647464,-0.06931074061916981,0.06931074061916981,4.158644437150189,0.06932850330675398,0.0015692691218405224,0.9918410000918931,0.04222510749117635,0.04029519896220165,0.0019299085289746984,0.00486164915984217,0,-0.52734375,0.00142826978388542,0.02166851032594409,0.3587462332488933,1.3011906739178307,0.2397135142076341,0.5508809379331703,2.2027141274612725,True
speed_1000rpm__torque_800Nm__temperature_35degC,validation,1000.0,800.0,35.0,data/simplified_dataset/Test_35degree/1000rpm/1000.0rpm800.0Nm35.0deg.csv,19440,True,-0.05706848942095784,0.01382227491347333,-0.07089076433443117,0.07089076433443117,4.25344586006587,0.07090577906405349,0.0014591219142026353,0.9928463417720731,0.04087678684476223,0.0406268247182398,0.00024996212652243083,0.004195190675178905,0,-0.17578125,0.0013640644538664031,0.020572257419908146,0.34098510816667904,1.2693047403388535,0.20177691357804683,0.7667049142691273,2.0518260463405675,True
speed_1000rpm__torque_1100Nm__temperature_30degC,validation,1000.0,1100.0,30.0,data/simplified_dataset/Test_30degree/1000rpm/1000.0rpm1100.0Nm30.0deg.csv,19440,True,-0.059332056491704185,0.030874012263476042,-0.09020606875518022,0.09020606875518022,5.4123641253108135,0.09022569921771156,0.0018820093147102564,0.9882001616259394,0.04171069125019917,0.042453124593963554,-0.0007424333437643857,0.005397243162260108,0,-0.3515625,0.0018222945776067002,0.023406115681458752,0.5423985410625849,1.8613223268145558,0.2884840824788384,0.4974971249694621,2.716840549335362,True
speed_1000rpm__torque_1100Nm__temperature_35degC,validation,1000.0,1100.0,35.0,data/simplified_dataset/Test_35degree/1000rpm/1000.0rpm1100.0Nm35.0deg.csv,19440,True,-0.0688387579766471,0.024150083427764132,-0.09298884140441123,0.09298884140441123,5.579330484264673,0.09300893583536188,0.0019332665340605298,0.98752391577966,0.04250769490277066,0.04203969711547316,0.00046799778729750274,0.0053729045460664026,0,0.87890625,0.001812977520823929,0.021540577416928608,0.5701742483929493,1.8750488883484047,0.2421708371831115,0.7616675088451424,2.9250254677643843,True
speed_1000rpm__torque_1600Nm__temperature_25degC,validation,1000.0,1600.0,25.0,data/simplified_dataset/Test_25degree/1000rpm/1000.0rpm1600.0Nm25.0deg.csv,19440,True,-0.07785436737725318,0.04718488703324177,-0.12503925441049496,0.12503925441049496,7.502355264629697,0.125067426405718,0.002654431053390467,0.9768028149462032,0.04496939443218582,0.0441517647701824,0.0008176296620034176,0.007479829812195656,0,5.09765625,0.0023318519869034624,0.02316646674849485,0.834014467731951,2.471863385122153,0.18796280657861886,0.3795462315426493,2.6565716959835552,True
speed_1000rpm__torque_1700Nm__temperature_25degC,validation,1000.0,1700.0,25.0,data/simplified_dataset/Test_25degree/1000rpm/1000.0rpm1700.0Nm25.0deg.csv,19440,True,-0.08015272449763236,0.050677680315226376,-0.13083040481285874,0.13083040481285874,7.849824288771524,0.1308624061365745,0.0028938756637558126,0.9725359700982018,0.04550066079548002,0.044755127711909606,0.0007455330835704141,0.008080618524500099,0,5.09765625,0.0023740539939120712,0.037088345261681956,0.9233521380648247,2.5750660838742405,0.15071145476778106,0.36166519031099353,2.5658862462224397,True
speed_1100rpm__torque_0Nm__temperature_35degC,validation,1100.0,0.0,35.0,data/simplified_dataset/Test_35degree/1100rpm/1100.0rpm0.0Nm35.0deg.csv,17673,True,-0.026269739672684842,-0.01769684901632153,-0.00857289065636331,0.00857289065636331,0.5143734393817987,0.008672426576988182,0.0013101635498248452,0.994637256737637,0.04024543276830752,0.04209202758853532,-0.0018465948202278024,0.003095921560438713,0,0.17578125,0.001236360309776863,0.007844596279683029,0.0029971701791489114,0.6683264194762901,0.5158787074822813,1.7630119383802616,0.5526453727145506,True
speed_1100rpm__torque_500Nm__temperature_25degC,validation,1100.0,500.0,25.0,data/simplified_dataset/Test_25degree/1100rpm/1100.0rpm500.0Nm25.0deg.csv,17673,True,-0.04514000952176658,0.0008400125476037811,-0.045980022069370366,0.045980022069370366,2.758801324162222,0.04619033939611277,0.004402842721276939,0.9392074020420784,0.05047926480668739,0.045531156249384995,0.004948108557302398,0.016506989357856657,0,7.20703125,0.0035688832535948492,0.014473215709962347,0.11713093706072164,0.5666729995008526,0.15494881846357256,0.0309530991138863,1.7026836527725355,True
speed_1100rpm__torque_600Nm__temperature_25degC,validation,1100.0,600.0,25.0,data/simplified_dataset/Test_25degree/1100rpm/1100.0rpm600.0Nm25.0deg.csv,17673,True,-0.0469404859485574,0.00620599792298889,-0.053146483871546295,0.053146483871546295,3.1887890322927777,0.05336443716330286,0.004818133025101037,0.9269522640530314,0.050010622839117946,0.04776394909564759,0.0022466737434703593,0.018084147993620698,0,5.625,0.002932504571862073,0.01628668295470365,0.20429986149650592,0.853274572235639,0.1917044214175456,0.11290462877293425,1.8626688371613405,True
speed_1100rpm__torque_600Nm__temperature_30degC,validation,1100.0,600.0,30.0,data/simplified_dataset/Test_30degree/1100rpm/1100.0rpm600.0Nm30.0deg.csv,17673,True,-0.048750255740278706,0.004877489739679181,-0.05362774547995788,0.05362774547995788,3.217664728797473,0.053921288049184585,0.005618738258719018,0.9046714689829076,0.05422072648215573,0.04841443474182411,0.0058062917403316205,0.02117092932068045,0,5.625,0.004052513278020762,0.01944186857372368,0.1876515576405593,0.7571985900737206,0.1915351782941378,0.2297078503552059,1.7999699328137029,True
speed_1100rpm__torque_900Nm__temperature_35degC,validation,1100.0,900.0,35.0,data/simplified_dataset/Test_35degree/1100rpm/1100.0rpm900.0Nm35.0deg.csv,17673,True,-0.05580796810933608,0.02194788501631366,-0.07775585312564974,0.07775585312564974,4.665351187538985,0.07796519972470645,0.005709612317465355,0.9003127326374766,0.051347820649463666,0.04912537538829026,0.002222445261173406,0.021548848896015625,0,5.625,0.0039195688299634105,0.018733907075429764,0.41145577486985796,1.487182220085036,0.18100547287441088,0.6329945854217397,2.5905193252241987,True
speed_1100rpm__torque_1000Nm__temperature_25degC,validation,1100.0,1000.0,25.0,data/simplified_dataset/Test_25degree/1100rpm/1100.0rpm1000.0Nm25.0deg.csv,17673,True,-0.06152291486999104,0.018069113346875623,-0.07959202821686667,0.07959202821686667,4.775521693012,0.07994143777918293,0.0074660912483358885,0.8374728230247074,0.052401237056562404,0.054469862233532576,-0.002068625176970172,0.028213830021649396,0,1.0546875,0.0032149341928825958,0.01908379893330459,0.4991532399720049,1.6195194678152731,0.11999474417346573,0.13829620279490235,2.1738699963811374,True
speed_1100rpm__torque_1400Nm__temperature_25degC,validation,1100.0,1400.0,25.0,data/simplified_dataset/Test_25degree/1100rpm/1100.0rpm1400.0Nm25.0deg.csv,17673,True,-0.0687593369548247,0.03901462955885348,-0.10777396651367818,0.10777396651367818,6.466437990820691,0.10823829239101239,0.010014992842277264,0.7375532741082538,0.06241986762090577,0.060709628549380334,0.0017102390715254337,0.03800912061638204,0,1.0546875,0.004884544880779129,0.02235054691469939,0.766128481064033,2.247497460416863,0.0847474146067461,0.23933475147913244,2.5563225198860025,True
speed_1100rpm__torque_1500Nm__temperature_25degC,validation,1100.0,1500.0,25.0,data/simplified_dataset/Test_25degree/1100rpm/1100.0rpm1500.0Nm25.0deg.csv,17673,True,-0.07967999319765365,0.03522677686584866,-0.1149067700635023,0.1149067700635023,6.894406203810139,0.11529281106740229,0.00942690179205924,0.7595879010136328,0.056888230579004696,0.06481260943631634,-0.007924378857311641,0.03569808537328335,0,1.0546875,0.004099545406160474,0.028050974817536066,0.7774118551238964,2.351639451717161,0.2600042080673475,0.23597867780531262,2.600219101444379,True
speed_1100rpm__torque_1500Nm__temperature_35degC,validation,1100.0,1500.0,35.0,data/simplified_dataset/Test_35degree/1100rpm/1100.0rpm1500.0Nm35.0deg.csv,17673,True,-0.07824122630360364,0.043079101919433094,-0.12132032822303673,0.12132032822303673,7.279219693382204,0.12162466602466933,0.00859868277511099,0.803549015277419,0.05277428239874682,0.06714643111906869,-0.014372148720321873,0.03236545168172403,0,5.625,0.005898067062977328,0.021621571905428207,0.8241049971535317,2.4323111803994615,0.31903851523280796,0.6657831853662242,3.0312473488063536,True
speed_1100rpm__torque_1600Nm__temperature_30degC,validation,1100.0,1600.0,30.0,data/simplified_dataset/Test_30degree/1100rpm/1100.0rpm1600.0Nm30.0deg.csv,17673,True,-0.07629359246742741,0.04745611381515712,-0.12374970628258453,0.12374970628258453,7.424982376955072,0.12413461109235284,0.00976789977547628,0.7525615111982237,0.05672582208399058,0.0667155595312469,-0.00998973744725632,0.03673590505507275,0,5.625,0.005229182150957175,0.030009890050410784,0.87420937181412,2.5237571105547296,0.6125488306009854,0.39239377423534616,2.7226734381835804,True
speed_1100rpm__torque_1800Nm__temperature_30degC,validation,1100.0,1800.0,30.0,data/simplified_dataset/Test_30degree/1100rpm/1100.0rpm1800.0Nm30.0deg.csv,17673,True,-0.08366246108946407,0.05544755629514644,-0.1391100173846105,0.1391100173846105,8.34660104307663,0.1395089761945601,0.010543125822434952,0.7253427081151742,0.0608048738459621,0.06984298606013843,-0.00903811221417633,0.03990226643455872,0,5.625,0.006429201688197094,0.03507873797206494,0.953803757179597,2.6294362842264722,0.3733067889275092,0.44995511227981855,2.7536778155354997,True
speed_1100rpm__torque_1800Nm__temperature_35degC,validation,1100.0,1800.0,35.0,data/simplified_dataset/Test_35degree/1100rpm/1100.0rpm1800.0Nm35.0deg.csv,17673,True,-0.09041424135408635,0.05333634620418196,-0.1437505875582683,0.1437505875582683,8.625035253496097,0.14409172273055967,0.009909244981991364,0.7634496793329707,0.05781432578122813,0.06992781149698085,-0.012113485715752721,0.0374968683860802,0,5.625,0.00768464179136569,0.03270748123780932,0.9637113112867831,2.499453258457051,0.6330288485096658,0.6210553511785484,2.9083272215864966,True
speed_1300rpm__torque_0Nm__temperature_35degC,validation,1300.0,0.0,35.0,data/simplified_dataset/Test_35degree/1300rpm/1300.0rpm0.0Nm35.0deg.csv,14954,True,-0.025667415883257744,-0.017033445068421933,-0.008633970814835811,0.008633970814835811,0.5180382488901487,0.008728533984421518,0.0012813483077464918,0.9948580689015081,0.039033635993508925,0.040311232490726184,-0.0012775964972172593,0.004427578870871783,0,-0.17578125,0.0012624801208811454,0.0026661540963068917,0.05089687789159991,0.6291191320825985,0.5151562688267328,1.3330905479868862,1.24409300150446,True
speed_1300rpm__torque_200Nm__temperature_35degC,validation,1300.0,200.0,35.0,data/simplified_dataset/Test_35degree/1300rpm/1300.0rpm200.0Nm35.0deg.csv,14954,True,-0.027253207469241196,-0.001481451105189054,-0.025771756364052142,0.025771756364052142,1.5463053818431285,0.025794557889328013,0.001084338792920349,0.9961272510315657,0.04150683889873879,0.03924967568399307,0.0022571632147457207,0.0032133632838504808,0,0.0,0.001084338792920349,0.014002315186690588,0.10835587351112053,0.14913227388091152,0.5489679233042593,0.03512481674453105,1.4934170526095158,True
speed_1300rpm__torque_600Nm__temperature_25degC,validation,1300.0,600.0,25.0,data/simplified_dataset/Test_25degree/1300rpm/1300.0rpm600.0Nm25.0deg.csv,14954,True,-0.040672675338220644,0.010678725271859021,-0.051351400610079666,0.051351400610079666,3.08108403660478,0.0513739459733042,0.0015218345018721535,0.9924852794513657,0.04496933464367285,0.04047459806996555,0.004494736573707303,0.004533584533590451,0,0.0,0.0015218345018721535,0.019941475205317038,0.20494433985842253,0.8332161440815804,0.19457769961504034,0.04574533542744229,1.2926228879382415,True
speed_1300rpm__torque_800Nm__temperature_25degC,validation,1300.0,800.0,25.0,data/simplified_dataset/Test_25degree/1300rpm/1300.0rpm800.0Nm25.0deg.csv,14954,True,-0.05337896116244309,0.011733633989495264,-0.06511259515193835,0.06511259515193835,3.9067557091163008,0.06515488864426924,0.002347225346425043,0.9817479846986703,0.04355561661727535,0.040068213309972955,0.003487403307302392,0.007294259573358445,0,-0.703125,0.0016176871306855557,0.021819240196277137,0.32222750954331847,1.405655726461829,0.1737684317051662,0.06586603166501537,1.563957454558554,True
speed_1300rpm__torque_1200Nm__temperature_30degC,validation,1300.0,1200.0,30.0,data/simplified_dataset/Test_30degree/1300rpm/1300.0rpm1200.0Nm30.0deg.csv,14954,True,-0.06223714888022152,0.033694405846937184,-0.0959315547271587,0.0959315547271587,5.755893283629522,0.09596665364039852,0.002595268496007679,0.9778078967538277,0.04496043264104014,0.04232895127800169,0.0026314813630384515,0.007683466335176645,0,4.5703125,0.0023325338597504765,0.021550917724750554,0.6311571914137217,2.067835510159103,0.39337329671911936,0.3482686211326753,2.210291997394115,True
speed_1300rpm__torque_1300Nm__temperature_35degC,validation,1300.0,1300.0,35.0,data/simplified_dataset/Test_35degree/1300rpm/1300.0rpm1300.0Nm35.0deg.csv,14954,True,-0.06766220925739153,0.0369812228178163,-0.10464343207520782,0.10464343207520782,6.278605924512469,0.10468110948063451,0.0028083457084115103,0.9743407542578619,0.04570083441513041,0.04366525440365712,0.0020355800114732897,0.00818384448337952,0,4.921875,0.0022624126701026002,0.029124390611887575,0.7321921585368489,2.0345731055489304,0.5217745668109113,0.44337477272725934,2.1337437794937397,True
speed_1300rpm__torque_1800Nm__temperature_30degC,validation,1300.0,1800.0,30.0,data/simplified_dataset/Test_30degree/1300rpm/1300.0rpm1800.0Nm30.0deg.csv,14954,True,-0.08369738891485728,0.0540786884695996,-0.13777607738445688,0.13777607738445688,8.266564643067413,0.13782293101364024,0.0035934403769622186,0.958039819852356,0.045887604999390035,0.047710621933350225,-0.0018230169339601907,0.010087240942208222,0,-4.39453125,0.0026608146282090105,0.030176594870710075,1.0212452108077612,2.6361843426371494,0.5085475395445813,0.3760890741799993,2.4911607229919923,True
speed_1400rpm__torque_0Nm__temperature_25degC,validation,1400.0,0.0,25.0,data/simplified_dataset/Test_25degree/1400rpm/1400.0rpm0.0Nm25.0deg.csv,13886,True,-0.021558443810384756,-0.012406062705678175,-0.009152381104706581,0.009152381104706581,0.5491428662823948,0.009194495554424092,0.0008790157077858675,0.9975201547172408,0.038644951369202964,0.03997321416584564,-0.001328262796642679,0.003046101489257811,0,0.0,0.0008790157077858675,0.0023056194741949655,0.050539010197497625,0.4784928640959944,0.3545736627800286,1.2076999723338626,0.5517870778055524,True
speed_1400rpm__torque_200Nm__temperature_25degC,validation,1400.0,200.0,25.0,data/simplified_dataset/Test_25degree/1400rpm/1400.0rpm200.0Nm25.0deg.csv,13886,True,-0.025895447603973144,-0.0025226859821039175,-0.02337276162186923,0.02337276162186923,1.4023656973121537,0.02340799101891187,0.0012837669993950762,0.9945970910326124,0.04344996882469293,0.041229513310904645,0.002220455513788286,0.003673649463891874,0,0.17578125,0.0012548421234472975,0.006626284208887735,0.07188116843179859,0.04945559320333026,0.35534017022005016,0.6514214775974027,0.5906591298891425,True
speed_1400rpm__torque_300Nm__temperature_30degC,validation,1400.0,300.0,30.0,data/simplified_dataset/Test_30degree/1400rpm/1400.0rpm300.0Nm30.0deg.csv,13886,True,-0.02996390187880157,0.0013518507902196952,-0.031315752669021264,0.031315752669021264,1.8789451601412759,0.031377525725092094,0.0019679317573288472,0.9871781668569396,0.04255878576235345,0.04026080564268605,0.002297980119667406,0.005908339353888254,0,-0.52734375,0.0012205042475339973,0.012594095101650524,0.040683751023190766,0.23145761541678178,0.33376699116282377,0.13732272726261852,1.2045005716602037,True
speed_1400rpm__torque_500Nm__temperature_30degC,validation,1400.0,500.0,30.0,data/simplified_dataset/Test_30degree/1400rpm/1400.0rpm500.0Nm30.0deg.csv,13886,True,-0.044920189011241105,0.0008849865581902774,-0.04580517556943138,0.04580517556943138,2.7483105341658827,0.0458560191409676,0.0021587919099238695,0.9845062628298644,0.0428463118108597,0.04060698002116854,0.002239331789691157,0.006477215983093968,0,0.703125,0.0014588449898310016,0.017597597247953355,0.11485543923336383,0.5530978294773063,0.1957967916925921,0.09903925517861838,1.2043578896427989,True
speed_1400rpm__torque_1100Nm__temperature_35degC,validation,1400.0,1100.0,35.0,data/simplified_dataset/Test_35degree/1400rpm/1400.0rpm1100.0Nm35.0deg.csv,13886,True,-0.05814101451546329,0.03080154640029248,-0.08894256091575577,0.08894256091575577,5.336553654945346,0.08898505315024947,0.00274964395873349,0.9750328772767887,0.04583951305187698,0.04200541410121214,0.0038340989506648396,0.007852467394069359,0,4.74609375,0.002363641446925287,0.02208303315780641,0.5608129924526499,1.891934724673856,0.37618942329308147,0.33181249897514853,1.8625998593927244,True
speed_1400rpm__torque_1300Nm__temperature_25degC,validation,1400.0,1300.0,25.0,data/simplified_dataset/Test_25degree/1400rpm/1400.0rpm1300.0Nm25.0deg.csv,13886,True,-0.06542520765187401,0.03538360466624316,-0.10080881231811717,0.10080881231811717,6.04852873908703,0.1008417218268425,0.0025760861811889514,0.978122706772816,0.04660128641781367,0.04299695129906968,0.003604335118743994,0.007026768606478242,0,4.74609375,0.0024240891755801163,0.02417697554077424,0.7073662402608567,2.205762496368884,0.2696893141691675,0.23441171932761934,1.7176415830515421,True
speed_1400rpm__torque_1400Nm__temperature_25degC,validation,1400.0,1400.0,25.0,data/simplified_dataset/Test_25degree/1400rpm/1400.0rpm1400.0Nm25.0deg.csv,13886,True,-0.07423672237481653,0.03137259758392279,-0.10560931995873932,0.10560931995873932,6.336559197524359,0.10563098733636722,0.0021393979312870084,0.9849027831406459,0.043536693118419685,0.04381945500056679,-0.0002827618821471048,0.006268766817059957,0,-0.17578125,0.002122828726794415,0.021216225487205236,0.8619469184553845,2.411089846170342,0.06319002003712942,0.15791848778411877,1.4416527836734567,True
speed_1400rpm__torque_1400Nm__temperature_35degC,validation,1400.0,1400.0,35.0,data/simplified_dataset/Test_35degree/1400rpm/1400.0rpm1400.0Nm35.0deg.csv,13886,True,-0.07059616026207015,0.04155123600505589,-0.11214739626712604,0.11214739626712604,6.728843776027563,0.1121875486067669,0.00300126188458975,0.9704675819786731,0.04730580850643544,0.04390883538650736,0.003396973119928079,0.008228291597016562,0,4.74609375,0.0023118890956470802,0.026309104828765407,0.7378245410452543,2.2590982546454907,0.7230552669204643,0.40142225585678337,2.0682943006477483,True
speed_1400rpm__torque_1500Nm__temperature_25degC,validation,1400.0,1500.0,25.0,data/simplified_dataset/Test_25degree/1400rpm/1400.0rpm1500.0Nm25.0deg.csv,13885,True,-0.078426549060752,0.03444778279925635,-0.11287433186000835,0.11287433186000835,6.772459911600501,0.1128969057820011,0.0022575522821712993,0.9832881439054839,0.04373644934606131,0.04465294214622398,-0.0009164928001626702,0.0063277022208271345,0,4.39453125,0.00225724280266449,0.02363525470361903,0.9062552542621403,2.556551272281862,0.09361542915387971,0.18516767836535336,1.5224727322859477,True
speed_1400rpm__torque_1500Nm__temperature_35degC,validation,1400.0,1500.0,35.0,data/simplified_dataset/Test_35degree/1400rpm/1400.0rpm1500.0Nm35.0deg.csv,13886,True,-0.08188513765709482,0.03753329196239648,-0.1194184296194913,0.1194184296194913,7.165105777169478,0.11944690199386604,0.002607884803215449,0.9777534501770431,0.045450428635590366,0.04511394913829403,0.0003364794972963367,0.0063160636159577625,0,-4.04296875,0.002444167129195416,0.02917193449591416,0.8433451076021472,2.333053962563914,0.787123590149834,0.42881390600819236,2.1589715459228933,True
speed_1400rpm__torque_1700Nm__temperature_35degC,validation,1400.0,1700.0,35.0,data/simplified_dataset/Test_35degree/1400rpm/1400.0rpm1700.0Nm35.0deg.csv,13886,True,-0.0877890847427551,0.04674372232950167,-0.13453280707225676,0.13453280707225676,8.071968424335406,0.13458367298973098,0.0036998454921498987,0.955739922261674,0.048382591484701795,0.04708025379945375,0.0013023376852480464,0.009863835950969116,0,4.921875,0.002464833988235296,0.031123659304495205,0.9069086003098124,2.531000433371734,0.9072219414611266,0.4534654586883521,2.356698673012848,True
speed_1400rpm__torque_1800Nm__temperature_35degC,validation,1400.0,1800.0,35.0,data/simplified_dataset/Test_35degree/1400rpm/1400.0rpm1800.0Nm35.0deg.csv,13886,True,-0.09271943700140453,0.0491544494435611,-0.14187388644496562,0.14187388644496562,8.512433186697937,0.141915941448954,0.0034546754325020155,0.9613707422425285,0.048385230260400994,0.04669770550438153,0.001687524756019465,0.008575780480832209,0,4.74609375,0.0026839950721962305,0.03400917661010812,1.018882300306316,2.6304739572512594,1.0680517667701883,0.4605586449995304,2.2337859816291203,True
speed_1500rpm__torque_0Nm__temperature_25degC,validation,1500.0,0.0,25.0,data/simplified_dataset/Test_25degree/1500rpm/1500.0rpm0.0Nm25.0deg.csv,12960,True,-0.025420378135033853,-0.016187471377328087,-0.009232906757705765,0.009232906757705765,0.5539744054623459,0.009353609350837235,0.0014978119680323415,0.9927004867182933,0.04026083263377385,0.04209508390373896,-0.0018342512699651078,0.005119068806125754,0,0.0,0.0014978119680323415,0.004172814906235348,0.058916090679610456,0.4920412760274979,0.42614460936395515,1.0318655598802093,0.4998912017160653,True
speed_1500rpm__torque_100Nm__temperature_30degC,validation,1500.0,100.0,30.0,data/simplified_dataset/Test_30degree/1500rpm/1500.0rpm100.0Nm30.0deg.csv,12960,True,-0.02347860104460485,-0.006869098815018151,-0.0166095022295867,0.0166095022295867,0.9965701337752019,0.016716707741225075,0.001890172846828736,0.9882346745810949,0.04229906311761604,0.043177584414079845,-0.0008785212964638051,0.005818030322571662,0,0.3515625,0.0012677603396087137,0.008804689228074007,0.07702895093622786,0.2254791977922479,0.38635475459284696,0.8024296597948027,0.7292857349725116,True
speed_1500rpm__torque_300Nm__temperature_30degC,validation,1500.0,300.0,30.0,data/simplified_dataset/Test_30degree/1500rpm/1500.0rpm300.0Nm30.0deg.csv,12960,True,-0.032444617017686146,-0.0006859870800467165,-0.03175862993763943,0.03175862993763943,1.9055177962583656,0.03181982991135457,0.0019725618042554104,0.9870617211037418,0.04073698039879496,0.04102006239014156,-0.00028308199134659956,0.006084144271178068,0,0.87890625,0.0015236008122571552,0.012785582244805702,0.045387387361894856,0.23294887791149232,0.3816024885219903,0.03307302953935398,1.1783542012167598,True
speed_1500rpm__torque_300Nm__temperature_35degC,validation,1500.0,300.0,35.0,data/simplified_dataset/Test_35degree/1500rpm/1500.0rpm300.0Nm35.0deg.csv,12960,True,-0.03081580173591069,0.0005830786975762133,-0.0313988804334869,0.0313988804334869,1.883932826009214,0.031444983900561864,0.0017021515884867772,0.9904255015354865,0.04257807861735752,0.04059281873986166,0.001985259877495857,0.005249750847701851,0,-0.17578125,0.0016636206283746576,0.007704810939311569,0.019247321204600487,0.20528980388273332,0.2733077111528535,0.0947025307965529,1.17108825747406,True
speed_1500rpm__torque_500Nm__temperature_25degC,validation,1500.0,500.0,25.0,data/simplified_dataset/Test_25degree/1500rpm/1500.0rpm500.0Nm25.0deg.csv,12960,True,-0.0364897063485442,0.007685052871706422,-0.04417475922025062,0.04417475922025062,2.650485553215037,0.04421637700165998,0.001917978880438622,0.9877750440595904,0.04217432430471634,0.04344836177740001,-0.0012740374726836687,0.006256591673460219,0,0.17578125,0.0018383206165132036,0.010847228731518012,0.2498705166189803,0.4654397520622555,0.20180458417367714,0.11310221150717135,1.2603193096847345,True
speed_1500rpm__torque_500Nm__temperature_30degC,validation,1500.0,500.0,30.0,data/simplified_dataset/Test_30degree/1500rpm/1500.0rpm500.0Nm30.0deg.csv,12960,True,-0.043821624932300046,0.0017474731766289448,-0.04556909810892899,0.04556909810892899,2.7341458865357398,0.0455948966164794,0.0015335889300098474,0.9922594593038525,0.043899499895316774,0.04423876778770601,-0.00033926789238923616,0.0049608206387003655,0,0.0,0.0015335889300098474,0.016309049185322312,0.12421474039052272,0.5358368391826251,0.20122500680278319,0.06476587269553633,1.1084321768538397,True
speed_1500rpm__torque_900Nm__temperature_30degC,validation,1500.0,900.0,30.0,data/simplified_dataset/Test_30degree/1500rpm/1500.0rpm900.0Nm30.0deg.csv,12960,True,-0.05885717437307974,0.016048133724440673,-0.07490530809752041,0.07490530809752041,4.494318485851225,0.07494859477135737,0.002546895564541465,0.9785434562334562,0.0445947219727137,0.04541863178597348,-0.0008239098132597836,0.007685594459948321,0,0.52734375,0.002007442434023037,0.019247175280648485,0.4146650930618172,1.5342187366776503,0.276100938945632,0.31018102998863856,1.3252488702727265,True
speed_1500rpm__torque_900Nm__temperature_35degC,validation,1500.0,900.0,35.0,data/simplified_dataset/Test_35degree/1500rpm/1500.0rpm900.0Nm35.0deg.csv,12960,True,-0.05156153571087095,0.022726401775366396,-0.07428793748623735,0.07428793748623735,4.4572762491742415,0.07433046224240564,0.0025139533031822954,0.9791916895722174,0.04405711994608098,0.04307335858767888,0.0009837613584021063,0.007458197410705044,0,0.52734375,0.0023149696374943265,0.02450624037540546,0.5007355681921326,1.5130067080809704,0.2984509504013461,0.2839830454579421,1.4706853791551364,True
speed_1500rpm__torque_1000Nm__temperature_30degC,validation,1500.0,1000.0,30.0,data/simplified_dataset/Test_30degree/1500rpm/1500.0rpm1000.0Nm30.0deg.csv,12960,True,-0.061500319286868194,0.02077406032306643,-0.08227437960993463,0.08227437960993463,4.936462776596078,0.08229997034544942,0.002052213113258252,0.9860439979963287,0.04228096787298331,0.04390648966256369,-0.001625521789580378,0.006066535247630258,0,-0.17578125,0.0020128433787907265,0.019911849783743458,0.5060159230318584,1.7572434380116735,0.30768939500580894,0.3407083116199801,1.5110404998660931,True
speed_1500rpm__torque_1100Nm__temperature_25degC,validation,1500.0,1100.0,25.0,data/simplified_dataset/Test_25degree/1500rpm/1500.0rpm1100.0Nm25.0deg.csv,12960,True,-0.06258234384782761,0.022414616009239764,-0.08499695985706737,0.08499695985706737,5.099817591424042,0.08504933463469,0.002984315140791522,0.9709733506131393,0.04569339487604612,0.046333897567576436,-0.0006405026915303133,0.008990593643948814,0,0.52734375,0.0027612688633023284,0.016925347286465595,0.6601639946317832,1.916475287163242,0.28029439539865375,0.12887439552442453,1.5640017744690518,True
speed_1500rpm__torque_1100Nm__temperature_35degC,validation,1500.0,1100.0,35.0,data/simplified_dataset/Test_35degree/1500rpm/1500.0rpm1100.0Nm35.0deg.csv,12960,True,-0.06060442344999134,0.029324077823979104,-0.08992850127397045,0.08992850127397045,5.3957100764382275,0.08995736105723326,0.002278479097758889,0.9828556035871374,0.04374359962580912,0.044220875561886815,-0.00047727593607769375,0.006617354934621808,0,-0.17578125,0.0022402006987610494,0.02379441345371135,0.5635842261438154,1.9551487771187104,0.4020140317132705,0.3744399505354532,1.6061639969524204,True
speed_1500rpm__torque_1200Nm__temperature_30degC,validation,1500.0,1200.0,30.0,data/simplified_dataset/Test_30degree/1500rpm/1500.0rpm1200.0Nm30.0deg.csv,12960,True,-0.06813672700372261,0.025734756454972856,-0.09387148345869548,0.09387148345869548,5.632289007521728,0.0939094402547101,0.0026697494670523854,0.9765495211481994,0.045139261500212385,0.044660288231558466,0.00047897326865391915,0.007635675096506382,0,-0.17578125,0.0026392389665661478,0.022455404875827235,0.6766602647379829,2.0463524696725544,0.2974955184433222,0.26712219566919265,1.4646220396901044,True
speed_1500rpm__torque_1300Nm__temperature_25degC,validation,1500.0,1300.0,25.0,data/simplified_dataset/Test_25degree/1500rpm/1500.0rpm1300.0Nm25.0deg.csv,12960,True,-0.06963349344805345,0.027725887648627406,-0.09735938109668085,0.09735938109668085,5.841562865800851,0.09741642225182383,0.003333202186621869,0.9640635638748195,0.04446156299766943,0.047250032722197154,-0.0027884697245277243,0.009899174260542687,0,0.52734375,0.002998280725666705,0.02617752294451881,0.867202419755162,2.2522804809976664,0.15097898403908672,0.1386263847482847,1.5041808428851242,True
speed_1500rpm__torque_1400Nm__temperature_25degC,validation,1500.0,1400.0,25.0,data/simplified_dataset/Test_25degree/1500rpm/1500.0rpm1400.0Nm25.0deg.csv,12960,True,-0.07376375861399762,0.02985049709562987,-0.10361425570962748,0.10361425570962748,6.216855342577649,0.10368545179657077,0.0038417350245598197,0.9533829814075587,0.04734392818930241,0.05080188345475039,-0.0034579552654479817,0.011454057650848927,0,0.3515625,0.003417040514377873,0.0224095680006257,0.8766428481768058,2.334946608478629,0.019618773912797316,0.12149111052029515,1.3689015311658177,True
speed_1500rpm__torque_1400Nm__temperature_30degC,validation,1500.0,1400.0,30.0,data/simplified_dataset/Test_30degree/1500rpm/1500.0rpm1400.0Nm30.0deg.csv,12960,True,-0.06838190561149214,0.03965371332146546,-0.1080356189329576,0.1080356189329576,6.482137135977456,0.10807290080409146,0.0028384731782712938,0.9737794260296856,0.046475919613544345,0.045014677745904466,0.0014612418676398786,0.007824328614431107,0,-0.17578125,0.0028154344410258256,0.02471453396815395,0.7401067758099039,2.2561670561555296,0.24716115818678017,0.2854619894211893,1.5388749205698224,True
speed_1500rpm__torque_1600Nm__temperature_25degC,validation,1500.0,1600.0,25.0,data/simplified_dataset/Test_25degree/1500rpm/1500.0rpm1600.0Nm25.0deg.csv,12960,True,-0.08152840985593601,0.037842712990649036,-0.11937112284658505,0.11937112284658505,7.162267370795103,0.11945014995445255,0.004344347417817763,0.9414493857542461,0.048298676686855786,0.05326737298654803,-0.004968696299692245,0.012762267447902426,0,4.74609375,0.0038178502781405026,0.020603684690947085,0.9935203602474139,2.5624083561251196,0.16178315799312978,0.2032322586883203,1.2707694101478295,True
speed_1500rpm__torque_1600Nm__temperature_30degC,validation,1500.0,1600.0,30.0,data/simplified_dataset/Test_30degree/1500rpm/1500.0rpm1600.0Nm30.0deg.csv,12960,True,-0.0804984522963641,0.043518134323676246,-0.12401658662004034,0.12401658662004034,7.440995197202421,0.12405856060906961,0.003226872093564823,0.9665025477570679,0.0465674131552822,0.046850604162306075,-0.0002831910070238766,0.00876462072232893,0,-0.3515625,0.003044112430733426,0.021835297813344264,0.8616867774119799,2.469800279943734,0.309891736108738,0.34643003051859805,1.6819649580353668,True
speed_1500rpm__torque_1700Nm__temperature_25degC,validation,1500.0,1700.0,25.0,data/simplified_dataset/Test_25degree/1500rpm/1500.0rpm1700.0Nm25.0deg.csv,12960,True,-0.08535431994237858,0.04150395168269565,-0.12685827162507424,0.12685827162507424,7.611496297504454,0.12695340390174997,0.004913825652152782,0.9261731366301115,0.04985087135332142,0.05448015537324178,-0.004629284019920361,0.014164849183123654,0,4.921875,0.004043538378388494,0.022036490845123893,1.0580114184032066,2.575334618221566,0.0928215945081547,0.22872536285601852,1.494952779146374,True
speed_1500rpm__torque_1700Nm__temperature_30degC,validation,1500.0,1700.0,30.0,data/simplified_dataset/Test_30degree/1500rpm/1500.0rpm1700.0Nm30.0deg.csv,12960,True,-0.08136699839664562,0.049943290597452054,-0.13131028899409766,0.13131028899409766,7.87861733964586,0.13134867542027862,0.003175301394868189,0.9676400731779738,0.046762932796621234,0.04776760780739437,-0.0010046750107731359,0.00830679875163428,0,-4.04296875,0.0030598972765891325,0.024548400355472337,0.9559157553156876,2.586152595237643,0.2658621700765574,0.361736720299664,1.6522588882469111,True
speed_1500rpm__torque_1800Nm__temperature_30degC,validation,1500.0,1800.0,30.0,data/simplified_dataset/Test_30degree/1500rpm/1500.0rpm1800.0Nm30.0deg.csv,12960,True,-0.08825357676839667,0.05083414420769909,-0.13908772097609576,0.13908772097609576,8.345263258565746,0.13913103835100143,0.0034715567550549884,0.9612983193119408,0.04854412728531961,0.04830429965716975,0.00023982762814985653,0.009151899721914778,0,4.74609375,0.003294736274219816,0.027646978119761956,1.0008600572571669,2.6200006716038904,0.5312385792499983,0.38798021923719234,1.4647695410675037,True
speed_1500rpm__torque_1800Nm__temperature_35degC,validation,1500.0,1800.0,35.0,data/simplified_dataset/Test_35degree/1500rpm/1500.0rpm1800.0Nm35.0deg.csv,12960,True,-0.08703503086888217,0.052812852672685276,-0.13984788354156746,0.13984788354156746,8.390873012494048,0.1398894977787719,0.0034118994330463713,0.9627115274083149,0.045840142667679926,0.04863063726942253,-0.0027904946017426047,0.00870794853393673,0,4.21875,0.0032679844746497906,0.025741482736224463,1.0796469975928709,2.644232521077314,0.45342699458198493,0.4054299734534986,1.823586219217079,True
speed_1600rpm__torque_200Nm__temperature_30degC,validation,1600.0,200.0,30.0,data/simplified_dataset/Test_30degree/1600rpm/1600.0rpm200.0Nm30.0deg.csv,12150,True,-0.033914786256157944,-0.009287871605100218,-0.02462691465105773,0.02462691465105773,1.4776148790634638,0.026232490855634037,0.009036517651199597,0.7647563762570426,0.05083491807737109,0.05246058615983071,-0.0016256680824596192,0.024532473573503407,0,0.87890625,0.0020216102455213004,0.010425765727546787,0.09385972468723036,0.07029576984968933,0.4297484526913678,0.088358056866078,0.6841843914176282,True
speed_1600rpm__torque_300Nm__temperature_30degC,validation,1600.0,300.0,30.0,data/simplified_dataset/Test_30degree/1600rpm/1600.0rpm300.0Nm30.0deg.csv,12150,True,-0.037093030382741754,-0.005769408949249823,-0.03132362143349193,0.03132362143349193,1.879417286009516,0.033117874067634175,0.010752875106266296,0.6794641243150651,0.053361528311474005,0.054660953384911545,-0.0012994250734375407,0.029249568219580357,0,-1.23046875,0.0018894797696441385,0.011772332766358416,0.03108300858076496,0.22196630703178966,0.45820248704898703,0.031229592654710897,1.0568113732306479,True
speed_1600rpm__torque_300Nm__temperature_35degC,validation,1600.0,300.0,35.0,data/simplified_dataset/Test_35degree/1600rpm/1600.0rpm300.0Nm35.0deg.csv,12150,True,-0.031679500347560785,0.00022021821317302556,-0.031899718560733814,0.031899718560733814,1.9139831136440288,0.03374209079132232,0.010997119928227292,0.6634170544554047,0.05365150044044371,0.05310850449772088,0.0005429959427228279,0.029864316218483383,0,1.0546875,0.0015442943788995915,0.012711351047090376,0.028904677217045368,0.20517651584150973,0.35324569052333005,0.03897189303660942,0.9281318986956412,True
speed_1600rpm__torque_400Nm__temperature_25degC,validation,1600.0,400.0,25.0,data/simplified_dataset/Test_25degree/1600rpm/1600.0rpm400.0Nm25.0deg.csv,12150,True,-0.039144283250640816,-0.0031710311982112516,-0.035973252052429565,0.035973252052429565,2.158395123145774,0.0360333808541018,0.002080786521756256,0.9860486192567481,0.043852314463070335,0.04678944721617942,-0.002937132753109084,0.005665696032434875,0,-0.17578125,0.0018727291200866774,0.009665422665411118,0.16004925319051755,0.5136076436088806,0.2836461188162367,0.2983160377060694,0.8368504740269371,True
speed_1600rpm__torque_400Nm__temperature_30degC,validation,1600.0,400.0,30.0,data/simplified_dataset/Test_30degree/1600rpm/1600.0rpm400.0Nm30.0deg.csv,12150,True,-0.0346568860427336,0.003992024179338779,-0.038648910222072376,0.038648910222072376,2.3189346133243425,0.04026683279302712,0.011299538124533822,0.6498736745772132,0.05344805906452493,0.05430515067458508,-0.0008570916100601456,0.030699344967221404,0,-1.23046875,0.001822360745066874,0.015180181738579043,0.04412507503916974,0.3433583076305644,0.2554294701471313,0.03445793629667995,0.9017321145350665,True
speed_1600rpm__torque_500Nm__temperature_30degC,validation,1600.0,500.0,30.0,data/simplified_dataset/Test_30degree/1600rpm/1600.0rpm500.0Nm30.0deg.csv,12150,True,-0.03727860865551637,0.0074476393445055585,-0.04472624800002192,0.04472624800002192,2.6835748800013155,0.04680971016723759,0.013809840903548476,0.5194719097155184,0.058298216110027584,0.0575072552747732,0.0007909608352543868,0.037503866499587,0,-1.23046875,0.001826105376321365,0.0156981560414277,0.13389720538540595,0.539756545266098,0.2646967383561817,0.010664727910224214,0.8508003050095969,True
speed_1600rpm__torque_500Nm__temperature_35degC,validation,1600.0,500.0,35.0,data/simplified_dataset/Test_35degree/1600rpm/1600.0rpm500.0Nm35.0deg.csv,12150,True,-0.03733354147832882,0.008563567316789936,-0.045897108795118755,0.045897108795118755,2.753826527707125,0.04775521171713679,0.013191499171723898,0.5487992931082167,0.057149172094965436,0.055787532527748616,0.00136163956721682,0.03582064913159578,0,1.0546875,0.0019799488718297764,0.018162615778575593,0.12273907691922714,0.5436764677776298,0.21706198717125044,0.10335274727674756,0.9941556260358779,True
speed_1600rpm__torque_700Nm__temperature_30degC,validation,1600.0,700.0,30.0,data/simplified_dataset/Test_30degree/1600rpm/1600.0rpm700.0Nm30.0deg.csv,12150,True,-0.046047535629856556,0.014043581315357604,-0.06009111694521416,0.06009111694521416,3.6054670167128493,0.061671374973450634,0.013871415046510198,0.5204479128993967,0.05699441560682873,0.0607457118336377,-0.0037512962268089686,0.037673229623493426,0,-3.515625,0.0023346968630968677,0.018507356157594794,0.29182996904538117,1.1144074302833875,0.3146542996430402,0.20617808332713258,1.1003044933517672,True
speed_1600rpm__torque_800Nm__temperature_25degC,validation,1600.0,800.0,25.0,data/simplified_dataset/Test_25degree/1600rpm/1600.0rpm800.0Nm25.0deg.csv,12150,True,-0.053004901229622974,0.010431302805852565,-0.06343620403547554,0.06343620403547554,3.806172242128532,0.06348116171826398,0.0023887048101222707,0.9816978546547958,0.04511326089633996,0.0478101282481848,-0.0026968673518448366,0.007347387051693074,0,-4.5703125,0.0022190148192855527,0.015829644952977034,0.48587597926609893,1.4296962810594587,0.2808535796260105,0.017484172114223484,0.9432754212154658,True
speed_1600rpm__torque_1300Nm__temperature_35degC,validation,1600.0,1300.0,35.0,data/simplified_dataset/Test_35degree/1600rpm/1600.0rpm1300.0Nm35.0deg.csv,12150,True,-0.06609014560415419,0.036661963554178015,-0.1027521091583322,0.1027521091583322,6.1651265494999326,0.10458370973583711,0.019487339624074305,0.22956149396140468,0.0682218133166907,0.06882277241842573,-0.0006009591017350352,0.05280143513831058,0,-3.33984375,0.0032849197379409348,0.02243436894542067,0.6779447742831628,2.2505995496869016,0.35136302729876256,0.3163421415062997,1.4528750448846648,True
speed_1600rpm__torque_1700Nm__temperature_30degC,validation,1600.0,1700.0,30.0,data/simplified_dataset/Test_30degree/1600rpm/1600.0rpm1700.0Nm30.0deg.csv,12150,True,-0.08003345613544358,0.05035337387421413,-0.1303868300096577,0.1303868300096577,7.823209800579462,0.1325093429524928,0.023622034834746602,0.06302609457850902,0.07796343757271101,0.07864715664904992,-0.0006837190763389067,0.0639138852590115,0,-7.91015625,0.004716435830815763,0.02520264089025604,0.9703995036696003,2.565145704393758,0.6590173498696326,0.34726836686015716,1.359643306327339,True
speed_1700rpm__torque_0Nm__temperature_25degC,validation,1700.0,0.0,25.0,data/simplified_dataset/Test_25degree/1700rpm/1700.0rpm0.0Nm25.0deg.csv,11436,True,-0.026266784292242367,-0.017324056883563713,-0.008942727408678654,0.008942727408678654,0.5365636445207193,0.009104460900133945,0.0017084597671983212,0.9903459446607393,0.04023195610952315,0.04195666445084978,-0.001724708341326632,0.0046671539957526004,0,0.52734375,0.0012660802734180004,0.0025162767851711113,0.04791746044655665,0.5857790946276993,0.4961728671244701,0.8186818511215185,0.07398599146060592,True
speed_1700rpm__torque_200Nm__temperature_25degC,validation,1700.0,200.0,25.0,data/simplified_dataset/Test_25degree/1700rpm/1700.0rpm200.0Nm25.0deg.csv,11436,True,-0.03228079712997314,-0.010217936979185858,-0.022062860150787286,0.022062860150787286,1.3237716090472371,0.02213030001585738,0.0017263779304252916,0.9901026105334568,0.0406216729577107,0.04284759307596199,-0.00222592011825129,0.004763519875707601,0,0.52734375,0.0013286534181509333,0.000409282347513874,0.04491069622405175,0.009830890248050173,0.5099871650915799,0.6272381098425859,0.36479258695272465,True
speed_1700rpm__torque_200Nm__temperature_35degC,validation,1700.0,200.0,35.0,data/simplified_dataset/Test_35degree/1700rpm/1700.0rpm200.0Nm35.0deg.csv,11436,True,-0.027544717291290915,-0.0024640286994049377,-0.025080688591885978,0.025080688591885978,1.5048413155131586,0.02623127309256607,0.007683667601713465,0.8284806471027406,0.05003277157764244,0.054685404262572374,-0.004652632684929936,0.02040541430804556,0,1.40625,0.004380105927699845,0.013801067921795506,0.053107377886676854,0.06252844141162694,0.6248666416951836,0.18590293253376527,0.8189331156247436,True
speed_1700rpm__torque_300Nm__temperature_25degC,validation,1700.0,300.0,25.0,data/simplified_dataset/Test_25degree/1700rpm/1700.0rpm300.0Nm25.0deg.csv,11436,True,-0.03578432242041062,-0.006862473611028753,-0.02892184880938187,0.02892184880938187,1.7353109285629122,0.028980214714064517,0.0018383433630684415,0.988759883004878,0.040956792737706776,0.041987740723297216,-0.00103094798559044,0.0052320861849190345,0,0.52734375,0.0013990105655367435,0.005547211320551493,0.07748353091696482,0.42144429965689034,0.31430567787700325,0.38556776336837234,0.540132377660028,True
speed_1700rpm__torque_300Nm__temperature_35degC,validation,1700.0,300.0,35.0,data/simplified_dataset/Test_35degree/1700rpm/1700.0rpm300.0Nm35.0deg.csv,11436,True,-0.031231986351248724,0.0014273730105817612,-0.03265935936183049,0.03265935936183049,1.9595615617098292,0.03395993368327974,0.009308240534471239,0.7802346283485245,0.049774526843996234,0.060521635775983046,-0.010747108931986812,0.024653199705133307,0,8.61328125,0.008084825741450329,0.016485818715255597,0.02366371477080187,0.25137777451814425,0.5219595577165252,0.1832004447276681,0.8286783484713485,True
speed_1700rpm__torque_600Nm__temperature_25degC,validation,1700.0,600.0,25.0,data/simplified_dataset/Test_25degree/1700rpm/1700.0rpm600.0Nm25.0deg.csv,11435,True,-0.046546714838821515,0.0031119977924998284,-0.04965871263132134,0.04965871263132134,2.9795227578792804,0.0497042276948561,0.002126619510383839,0.9849599993412756,0.04135917138369406,0.041763302454779716,-0.00040413107108565327,0.00583480707638918,0,0.703125,0.0016231752393242231,0.014432653417895661,0.3227913057357099,0.89185060238408,0.3163955177848514,0.11928083298057301,0.8607012167891352,True
speed_1700rpm__torque_700Nm__temperature_30degC,validation,1700.0,700.0,30.0,data/simplified_dataset/Test_30degree/1700rpm/1700.0rpm700.0Nm30.0deg.csv,11435,True,-0.044324656155122,0.015416913864511059,-0.05974157001963306,0.05974157001963306,3.5844942011779835,0.06038448245725643,0.008788090419425002,0.7922316637082188,0.05155938860155457,0.06477597068206284,-0.013216582080508271,0.023859215193543518,0,8.61328125,0.006298005882832643,0.018564933878245534,0.256838639000025,1.1151959344350975,0.37588292896212755,0.18810267118766352,0.9607277509788158,True
speed_1700rpm__torque_1100Nm__temperature_30degC,validation,1700.0,1100.0,30.0,data/simplified_dataset/Test_30degree/1700rpm/1700.0rpm1100.0Nm30.0deg.csv,11436,True,-0.0577554481951732,0.02851291867448653,-0.08626836686965973,0.08626836686965973,5.176102012179584,0.08721146846314508,0.012790977645979366,0.6338787182872802,0.05718852343977071,0.07550873333455844,-0.018320209894787734,0.034454189459475384,0,17.75390625,0.008761205788457762,0.022932918845021442,0.5933662934531252,1.8956201637879704,0.37644559776083353,0.22596778445755347,1.0735326606899416,True
speed_1700rpm__torque_1300Nm__temperature_35degC,validation,1700.0,1300.0,35.0,data/simplified_dataset/Test_35degree/1700rpm/1700.0rpm1300.0Nm35.0deg.csv,11435,True,-0.06662220098286893,0.03750640309752781,-0.10412860408039674,0.10412860408039674,6.247716244823804,0.1054742532662285,0.016794401279488846,0.5002780939073133,0.0638995510525622,0.08679847310914986,-0.022898922056587653,0.04454410734483625,0,13.18359375,0.009841589108466496,0.02336403640388792,0.7064763642826557,2.285780721674756,0.5296063540022649,0.4117026891403165,1.2373012889361812,True
speed_1700rpm__torque_1400Nm__temperature_25degC,validation,1700.0,1400.0,25.0,data/simplified_dataset/Test_25degree/1700rpm/1700.0rpm1400.0Nm25.0deg.csv,11435,True,-0.07314771523718938,0.02962516391979011,-0.1027728791569795,0.1027728791569795,6.16637274941877,0.10281837223408184,0.003058263993036185,0.9695820620125495,0.04490320750582554,0.04510712049299499,-0.0002039129871694509,0.00802569513574316,0,-3.69140625,0.002899062263804604,0.02291873826148066,0.8771735251158839,2.322535504310663,0.4771945620634622,0.09011460387872239,1.091697897918786,True
speed_1700rpm__torque_1700Nm__temperature_35degC,validation,1700.0,1700.0,35.0,data/simplified_dataset/Test_35degree/1700rpm/1700.0rpm1700.0Nm35.0deg.csv,11436,True,-0.08247637904380933,0.0511526995114193,-0.13362907855522863,0.13362907855522863,8.017744713313718,0.13608405540437188,0.02573207142421085,0.3387948842710258,0.06965190148675958,0.1154532151218528,-0.045801313635093224,0.06757859366279387,0,13.18359375,0.016605410068710084,0.024850873855074028,0.9920951168152101,2.6094656879522877,0.6518224657985737,0.4628835585475656,1.368561342095171,True
speed_1800rpm__torque_0Nm__temperature_25degC,validation,1800.0,0.0,25.0,data/simplified_dataset/Test_25degree/1800rpm/1800.0rpm0.0Nm25.0deg.csv,10800,True,-0.02562601184058925,-0.016821307144699475,-0.008804704695889776,0.008804704695889776,0.5282822817533865,0.00897156244883628,0.001722239237604867,0.990182791150503,0.04090698111645165,0.04095609054740666,-4.91094309550133e-05,0.005603321890035684,0,0.3515625,0.0015153648017982337,0.0035956268307122527,0.02860858610398842,0.6283722226197943,0.5955005528622015,0.7699376885838748,0.06438359979030572,True
speed_1800rpm__torque_0Nm__temperature_35degC,validation,1800.0,0.0,35.0,data/simplified_dataset/Test_35degree/1800rpm/1800.0rpm0.0Nm35.0deg.csv,10800,True,-0.026070025207230105,-0.017684329717683765,-0.00838569548954634,0.00838569548954634,0.5031417293727803,0.008587970917619358,0.001852931633514339,0.9886759771286224,0.041235642492109884,0.041389410473510586,-0.00015376798140070286,0.006182030473968043,0,0.3515625,0.0016006638730602146,0.0020951988534994603,0.018417581697543373,0.8139353840027781,0.48373773034259127,0.8292294545810367,0.07045787010749513,True
speed_1800rpm__torque_200Nm__temperature_25degC,validation,1800.0,200.0,25.0,data/simplified_dataset/Test_25degree/1800rpm/1800.0rpm200.0Nm25.0deg.csv,10800,True,-0.025094325020908366,-0.0029498652586266226,-0.022144459762281743,0.022144459762281743,1.3286675857369046,0.022197581173643097,0.0015347676687887692,0.9921579178227622,0.04045070933991585,0.04037019352584823,8.051581406761515e-05,0.00433557460771174,0,0.52734375,0.0013854036324431763,0.0015405603273902066,0.06209226777427367,0.07622235461876681,0.5333704314529707,0.5191908828538847,0.4534514413644811,True
speed_1800rpm__torque_400Nm__temperature_35degC,validation,1800.0,400.0,35.0,data/simplified_dataset/Test_35degree/1800rpm/1800.0rpm400.0Nm35.0deg.csv,10800,True,-0.03742694153934103,0.0014509418642929353,-0.03887788340363396,0.03887788340363396,2.3326730042180377,0.0392700921665909,0.005536273189248065,0.9051218558878049,0.04585420787498253,0.05121929946146057,-0.005365091586478035,0.01496067533761641,0,5.625,0.0038735674526045863,0.01791025635365217,0.0885842084276365,0.2563131621423222,0.3581239408781434,0.15886152556996883,0.8896294524701953,True
speed_1800rpm__torque_600Nm__temperature_25degC,validation,1800.0,600.0,25.0,data/simplified_dataset/Test_25degree/1800rpm/1800.0rpm600.0Nm25.0deg.csv,10800,True,-0.03814583615983807,0.009967540257754383,-0.04811337641759245,0.04811337641759245,2.886802585055547,0.04814994498201782,0.0018762226601345235,0.9882734979254382,0.04073187316565079,0.04112103548468728,-0.0003891623190364832,0.005579310611797047,0,0.87890625,0.0017861654240746143,0.013270889355704755,0.3960408698324249,0.7637250850005226,0.2847411462598588,0.2154522958853154,0.7494393884740678,True
speed_1800rpm__torque_1000Nm__temperature_35degC,validation,1800.0,1000.0,35.0,data/simplified_dataset/Test_35degree/1800rpm/1800.0rpm1000.0Nm35.0deg.csv,10800,True,-0.055980375102997235,0.026161684171090736,-0.08214205927408796,0.08214205927408796,4.928523556445278,0.08236501942896947,0.006056279695220155,0.8861737319738471,0.04945153295126872,0.05151717655708996,-0.0020656436058212393,0.01636716451797749,0,-0.87890625,0.003318886494336018,0.021043120334279932,0.5531004353912863,1.7239392484699805,0.6751343879123131,0.38902190913597745,1.0894918576437962,True
speed_1800rpm__torque_1200Nm__temperature_35degC,validation,1800.0,1200.0,35.0,data/simplified_dataset/Test_35degree/1800rpm/1800.0rpm1200.0Nm35.0deg.csv,10800,True,-0.06200017768438358,0.034432583221777585,-0.09643276090616117,0.09643276090616117,5.78596565436967,0.09666655941896023,0.006719102165804778,0.8660184500164043,0.05026674927362316,0.053913357597408236,-0.0036466083237850777,0.017926289361347658,0,-0.703125,0.004539677541081183,0.021957654416903952,0.6815819825918624,2.0703604943269984,0.5217254254466752,0.4236308159180959,1.12903408974866,True
speed_1800rpm__torque_1300Nm__temperature_35degC,validation,1800.0,1300.0,35.0,data/simplified_dataset/Test_35degree/1800rpm/1800.0rpm1300.0Nm35.0deg.csv,10800,True,-0.07242199440164193,0.027724027291363425,-0.10014602169300535,0.10014602169300535,6.008761301580321,0.10036092665340592,0.0065642926347339375,0.8713609849267767,0.05114240819663427,0.05635146548455861,-0.00520905728792434,0.017336126231060154,0,3.8671875,0.0036827834662502895,0.024062538097287596,0.763841581331561,2.202801833597054,0.5529015379760469,0.2863547577169598,0.880174409619388,True
speed_1800rpm__torque_1400Nm__temperature_35degC,validation,1800.0,1400.0,35.0,data/simplified_dataset/Test_35degree/1800rpm/1800.0rpm1400.0Nm35.0deg.csv,10800,True,-0.07238226194142339,0.03615740767030695,-0.10853966961173034,0.10853966961173034,6.51238017670382,0.10873350494218814,0.006489623840352659,0.8765281862887071,0.05285309236647584,0.05456608061892965,-0.0017129882524538065,0.01724183917172129,0,-0.52734375,0.004419412406394813,0.02110516246212428,0.7778725727001987,2.3539525874629335,0.594765452800897,0.3611393296269562,1.0108977141340931,True
speed_1800rpm__torque_1700Nm__temperature_30degC,validation,1800.0,1700.0,30.0,data/simplified_dataset/Test_30degree/1800rpm/1800.0rpm1700.0Nm30.0deg.csv,10800,True,-0.0801622295231409,0.048276052662615074,-0.12843828218575598,0.12843828218575598,7.706296931145359,0.12863408205078647,0.007094697613047774,0.8584623011906255,0.05408503551097934,0.05840846659609991,-0.004323431085120573,0.018633463447608908,0,4.04296875,0.004803234416175097,0.02915779716390896,1.0442829842826502,2.529340537391858,0.6310315766330645,0.31402315594122254,1.1855877299323418,True
speed_100rpm__torque_100Nm__temperature_30degC,test,100.0,100.0,30.0,data/simplified_dataset/Test_30degree/100rpm/100.0rpm100.0Nm30.0deg.csv,194400,True,-0.024584097116816684,-0.00502045938411498,-0.019563637732701703,0.019563637732701703,1.1738182639621022,0.019587593289651713,0.0009684469755329271,0.9968573393934599,0.03864515362202958,0.037651690757972964,0.0009934628640566184,0.0023560478407555143,0,0.52734375,0.0009571755378817282,0.026128826583685722,0.006513107628190795,0.010432559723795308,0.12133520212987721,2.695253621595313,1.8985800464111344,True
speed_100rpm__torque_100Nm__temperature_35degC,test,100.0,100.0,35.0,data/simplified_dataset/Test_35degree/100rpm/100.0rpm100.0Nm35.0deg.csv,194401,True,-0.025552610011946482,-0.005865314263385195,-0.019687295748561286,0.019687295748561286,1.1812377449136773,0.019713049451652344,0.0010073255640414317,0.9966155077414601,0.0384586247781559,0.03731599104053879,0.0011426337376171103,0.002459537869846205,0,0.703125,0.0009408654748406446,0.024590756134456604,0.0027610870512142505,0.008446795612386815,0.17797358986717085,2.576954607081127,2.0394653788240418,True
speed_100rpm__torque_300Nm__temperature_30degC,test,100.0,300.0,30.0,data/simplified_dataset/Test_30degree/100rpm/100.0rpm300.0Nm30.0deg.csv,194400,True,-0.033943853291400455,0.0050772493327196225,-0.03902110262412008,0.03902110262412008,2.3412661574472047,0.03903715924889437,0.0011195321439907528,0.995786946398617,0.039653687243715256,0.03737590722691661,0.002277780016798646,0.002531730950234535,0,0.703125,0.0010845945613628264,0.01662696067203004,0.03267751973325894,0.38679961481370695,0.05210130119974056,2.5752877573378434,2.2902494859008886,True
speed_100rpm__torque_400Nm__temperature_30degC,test,100.0,400.0,30.0,data/simplified_dataset/Test_30degree/100rpm/100.0rpm400.0Nm30.0deg.csv,194399,True,-0.038537953528458624,0.008793212080063761,-0.04733116560852239,0.04733116560852239,2.8398699365113433,0.047346866878887166,0.0012192478770496995,0.9949635877079472,0.03979620396576787,0.03829079130347401,0.0015054126622938632,0.0028589345569540597,0,0.703125,0.0011530014836713142,0.01865660480105962,0.01764764785169448,0.4741278670765696,0.0022254050619357896,2.1877693488715146,2.4240405645991467,True
speed_100rpm__torque_500Nm__temperature_35degC,test,100.0,500.0,35.0,data/simplified_dataset/Test_35degree/100rpm/100.0rpm500.0Nm35.0deg.csv,194400,True,-0.04896729960789239,0.00610020134410212,-0.05506750095199451,0.05506750095199451,3.3040500571196705,0.05508859609364831,0.0015243879005054587,0.9921856780435406,0.040135095965911353,0.03820640528997765,0.0019286906759337016,0.0033205870749841355,0,0.87890625,0.0013084372461397572,0.015513198050460166,0.14186697580832353,0.8162656222809521,0.0057514655122630765,2.1764544655589,2.685854795836451,True
speed_100rpm__torque_600Nm__temperature_35degC,test,100.0,600.0,35.0,data/simplified_dataset/Test_35degree/100rpm/100.0rpm600.0Nm35.0deg.csv,194401,True,-0.045552496678656164,0.01737157646198248,-0.06292407314063864,0.06292407314063864,3.775444388438318,0.06294587850527664,0.0016566955642498176,0.9907755727503214,0.04092142873956511,0.03911023303760987,0.0018111957019552455,0.0036232189811624374,0,0.87890625,0.0013827017099954596,0.016394628179210904,0.20223542741144618,0.9902901642366113,0.08172852222422669,2.0313906603978906,2.8207800668626026,True
speed_100rpm__torque_900Nm__temperature_35degC,test,100.0,900.0,35.0,data/simplified_dataset/Test_35degree/100rpm/100.0rpm900.0Nm35.0deg.csv,194400,True,-0.05688811945161209,0.028875837551443247,-0.08576395700305534,0.08576395700305534,5.14583742018332,0.08578816556852258,0.002037898621207369,0.9860187950290397,0.04184814268399371,0.03998539451660511,0.0018627481673885934,0.0040683691392064915,0,0.87890625,0.0016427273226611845,0.010971555351111781,0.5064233614772788,1.4588258815241621,0.27035311442876286,1.623371240310302,2.916811301720041,True
speed_100rpm__torque_1000Nm__temperature_30degC,test,100.0,1000.0,30.0,data/simplified_dataset/Test_30degree/100rpm/100.0rpm1000.0Nm30.0deg.csv,194400,True,-0.06130768873762815,0.03180284046689565,-0.09311052920452381,0.09311052920452381,5.586631752271429,0.09313304221436887,0.002047658017572905,0.9858076459180988,0.04170044363494492,0.04060078554930931,0.001099658085635613,0.004704306524344811,0,0.87890625,0.0016668390200540706,0.017139867590796207,0.5442803386418742,1.442220203238912,0.5245725190746745,1.3591527304520223,3.0354071903553375,True
speed_100rpm__torque_1100Nm__temperature_30degC,test,100.0,1100.0,30.0,data/simplified_dataset/Test_30degree/100rpm/100.0rpm1100.0Nm30.0deg.csv,194401,True,-0.06460929421714254,0.035963528373598674,-0.10057282259074121,0.10057282259074121,6.034369355444473,0.10059664997253949,0.0021893701900137603,0.9837506694607737,0.042829780651669036,0.041300428277625395,0.001529352374043641,0.004960954055861365,0,0.703125,0.0017279049321096507,0.016949920827463758,0.5541531291997022,1.7049110227834516,0.6289501120012784,1.2806594950874086,2.9074357204281442,True
speed_200rpm__torque_100Nm__temperature_30degC,test,200.0,100.0,30.0,data/simplified_dataset/Test_30degree/200rpm/200.0rpm100.0Nm30.0deg.csv,97200,True,-0.024722925250246226,-0.005397944364310832,-0.019324980885935393,0.019324980885935393,1.1594988531561237,0.019358150084823125,0.0011327349490367503,0.9957120075131577,0.03922503070499509,0.03820814216078366,0.0010168885442114334,0.004028245469901438,0,0.17578125,0.0009449816665195664,0.020573552087210248,0.02396897261676889,0.11804069861640354,0.07573718426358018,2.7743828207387473,1.6009236823798916,True
speed_200rpm__torque_200Nm__temperature_30degC,test,200.0,200.0,30.0,data/simplified_dataset/Test_30degree/200rpm/200.0rpm200.0Nm30.0deg.csv,97200,True,-0.03646092877117318,-0.007712314368024553,-0.028748614403148624,0.028748614403148624,1.7249168641889174,0.028769883637612976,0.0011060625754749716,0.9959266416531581,0.03913313530838497,0.038295710160417655,0.0008374251479673148,0.0038071934783024306,0,-0.3515625,0.001072134968177571,0.013946546532830055,0.06366720403208315,0.08172352266900917,0.11664697147620345,2.617672725141328,1.9680015149909056,True
speed_200rpm__torque_300Nm__temperature_25degC,test,200.0,300.0,25.0,data/simplified_dataset/Test_25degree/200rpm/200.0rpm300.0Nm25.0deg.csv,97200,True,-0.03941540271660106,-0.0031580874494809676,-0.03625731526712009,0.03625731526712009,2.1754389160272054,0.03627451404723405,0.0011168970335893138,0.9958398777836515,0.039828145257735675,0.03860246790927353,0.0012256773484621425,0.0037699869495214206,0,0.87890625,0.0010333080689610983,0.014093320165333866,0.019389247001540433,0.29431368290135684,1.0372846587577937,1.3388249791643152,1.9272228865216574,True
speed_200rpm__torque_900Nm__temperature_25degC,test,200.0,900.0,25.0,data/simplified_dataset/Test_25degree/200rpm/200.0rpm900.0Nm25.0deg.csv,97200,True,-0.061389708940653875,0.019774354068730106,-0.08116406300938397,0.08116406300938397,4.869843780563039,0.08118229856489691,0.0017206034083448,0.9899575634794728,0.04161704617328133,0.040383483624552734,0.0012335625487285978,0.005255945219982476,0,0.703125,0.0015560856688499691,0.015603278340815662,0.3728124781244817,1.386512872792586,0.9464290407396225,0.8880508697035974,2.305488018849159,True
speed_300rpm__torque_100Nm__temperature_35degC,test,300.0,100.0,35.0,data/simplified_dataset/Test_35degree/300rpm/300.0rpm100.0Nm35.0deg.csv,64800,True,-0.02404930623245092,-0.005508377567693522,-0.018540928664757397,0.018540928664757397,1.112455719885444,0.018562810702156592,0.0009010579406879203,0.9972911325672491,0.03860007728343329,0.03814399481258867,0.0004560824708446168,0.00183314140928628,0,0.87890625,0.0008917170842799457,0.018797556400729578,0.014082374141354492,0.15407615236516725,0.14035897228190913,2.9145224232647173,1.4117735199252712,True
speed_300rpm__torque_200Nm__temperature_30degC,test,300.0,200.0,30.0,data/simplified_dataset/Test_30degree/300rpm/300.0rpm200.0Nm30.0deg.csv,64800,True,-0.03623097505382876,-0.007006748302226105,-0.029224226751602654,0.029224226751602654,1.7534536050961593,0.029237999773007815,0.0008973302052849199,0.997342721107071,0.03877294615469572,0.03768190596615659,0.0010910401885391302,0.0017353642911378377,0,0.0,0.0008973302052849199,0.01815383639936866,0.06967586337064001,0.15974770327329235,0.08854465240005142,2.5174640828536474,1.9967988353303614,True
speed_300rpm__torque_800Nm__temperature_25degC,test,300.0,800.0,25.0,data/simplified_dataset/Test_25degree/300rpm/300.0rpm800.0Nm25.0deg.csv,64800,True,-0.049794081630483794,0.022805347542960114,-0.0725994291734439,0.0725994291734439,4.355965750406634,0.07261230199565522,0.0013672179044821142,0.9936940363168468,0.04063896008680103,0.03910292045373732,0.0015360396330637155,0.0031378981083661876,0,0.703125,0.001304745696258021,0.018507190266144963,0.33748720009535954,1.270764246899751,1.1135349432414445,0.7872081200627099,2.331665420950491,True
speed_300rpm__torque_1000Nm__temperature_25degC,test,300.0,1000.0,25.0,data/simplified_dataset/Test_25degree/300rpm/300.0rpm1000.0Nm25.0deg.csv,64800,True,-0.06201298641880146,0.025485248970768516,-0.08749823538956997,0.08749823538956997,5.249894123374198,0.08751386350480966,0.0016538165708032565,0.9907662499002008,0.04154554228057016,0.04012120615956254,0.0014243361210076189,0.003758185756723364,0,0.52734375,0.001510563569082479,0.020226535386083377,0.45663671620922175,1.6160858145659265,0.18910569364663105,0.8154512896178148,2.5791094996544484,True
speed_400rpm__torque_0Nm__temperature_30degC,test,400.0,0.0,30.0,data/simplified_dataset/Test_30degree/400rpm/400.0rpm0.0Nm30.0deg.csv,48600,True,-0.025347326788414313,-0.017506257100228996,-0.007841069688185317,0.007841069688185317,0.470464181291119,0.007906003692990193,0.0010111975764389735,0.9970137337433383,0.038361517561661354,0.039008634210771116,-0.0006471166491097621,0.002293037173337279,0,0.52734375,0.0010064844872366876,0.011275666251562986,0.04189334832628622,0.5230203339858768,0.11471186443736457,2.47069740322373,1.0945364002574323,True
speed_400rpm__torque_300Nm__temperature_25degC,test,400.0,300.0,25.0,data/simplified_dataset/Test_25degree/400rpm/400.0rpm300.0Nm25.0deg.csv,48600,True,-0.03130962583614992,0.003347304573341056,-0.03465693040949098,0.03465693040949098,2.0794158245694585,0.03466949617576579,0.0009333486342940524,0.9970948102628142,0.03923642327758525,0.03814645333190543,0.0010899699456798223,0.003186364461859846,0,-0.17578125,0.0008916496082928189,0.014912295907506104,0.04661976619493169,0.23899386054664706,0.013524602663378432,0.7544251660862428,1.642099652045344,True
speed_400rpm__torque_400Nm__temperature_25degC,test,400.0,400.0,25.0,data/simplified_dataset/Test_25degree/400rpm/400.0rpm400.0Nm25.0deg.csv,48600,True,-0.03577252801711599,0.006591182866322935,-0.042363710883438925,0.042363710883438925,2.5418226530063355,0.042377864193780285,0.0010951592627941984,0.9959886186492634,0.040019134613241775,0.03809500083969839,0.0019241337735433836,0.003962940227640932,0,-0.17578125,0.0008941438104775418,0.015480152853676163,0.04349912300219238,0.39209077977551177,0.0009262112713335768,0.7393190836663723,1.762822527478645,True
speed_400rpm__torque_600Nm__temperature_35degC,test,400.0,600.0,35.0,data/simplified_dataset/Test_35degree/400rpm/400.0rpm600.0Nm35.0deg.csv,48600,True,-0.043656682392262516,0.0153712855073136,-0.059027967899576116,0.059027967899576116,3.541678073974567,0.05904555168431165,0.0014408953297622448,0.993063225296642,0.04176940118944378,0.03886044672738853,0.0029089544620552465,0.00469895042346131,0,1.0546875,0.0014192717393451556,0.01986712866059931,0.21527412397228818,0.8983977171292934,0.11052981504958177,1.3994186306197967,2.395075080872017,True
speed_400rpm__torque_700Nm__temperature_25degC,test,400.0,700.0,25.0,data/simplified_dataset/Test_25degree/400rpm/400.0rpm700.0Nm25.0deg.csv,48600,True,-0.04658041097637991,0.018060388353932352,-0.06464079933031226,0.06464079933031226,3.8784479598187356,0.06465141301782552,0.0011714380648423922,0.9953726035068204,0.04050674237131884,0.038789442585114214,0.0017172997862046277,0.0031362755352939745,0,0.0,0.0011714380648423922,0.01818918605012001,0.25419307055385243,0.9810050364040044,0.01380282577865477,0.6937557800148006,2.2178380518301113,True
speed_400rpm__torque_700Nm__temperature_30degC,test,400.0,700.0,30.0,data/simplified_dataset/Test_30degree/400rpm/400.0rpm700.0Nm30.0deg.csv,48600,True,-0.051482829106070306,0.011732548637167516,-0.06321537774323782,0.06321537774323782,3.7929226645942693,0.06323697599182172,0.0016526189427660425,0.9909007543051152,0.04183923355935905,0.03929297109599336,0.0025462624633656866,0.006460060008630697,0,0.17578125,0.0014781969074899686,0.020027907149287268,0.2612813322380436,1.0767181939897659,0.04091229398623228,0.7248478827649005,2.128799036311062,True
speed_400rpm__torque_900Nm__temperature_30degC,test,400.0,900.0,30.0,data/simplified_dataset/Test_30degree/400rpm/400.0rpm900.0Nm30.0deg.csv,48600,True,-0.0619846163302721,0.018317621338143544,-0.08030223766841564,0.08030223766841564,4.818134260104938,0.08031853362666454,0.0016178595065484318,0.9912039591441988,0.04157086207891192,0.04011264593280656,0.0014582161461053622,0.005029454098917501,0,0.3515625,0.0014322200842278806,0.01705755701570097,0.39902591378769414,1.4341097121605166,0.01099274959516372,0.8886291857726947,2.440228770604416,True
speed_400rpm__torque_1000Nm__temperature_25degC,test,400.0,1000.0,25.0,data/simplified_dataset/Test_25degree/400rpm/400.0rpm1000.0Nm25.0deg.csv,48600,True,-0.05715570692960026,0.02851834868169406,-0.08567405561129432,0.08567405561129432,5.140443336677659,0.08568889038584399,0.0015944060555683126,0.9914688447082567,0.04220906027735846,0.040609649723812195,0.0015994105535462669,0.004900070059691248,0,0.0,0.0015944060555683126,0.020866360041586558,0.45165834167886687,1.5644293569250345,0.005894889696345245,0.5820510979671824,2.270869274191709,True
speed_400rpm__torque_1400Nm__temperature_25degC,test,400.0,1400.0,25.0,data/simplified_dataset/Test_25degree/400rpm/400.0rpm1400.0Nm25.0deg.csv,48600,True,-0.07216017888727662,0.04352272785503607,-0.11568290674231269,0.11568290674231269,6.940974404538761,0.11570187684430004,0.0020950878127084537,0.9854280080832102,0.04398665939055674,0.04151474972033807,0.0024719096702186666,0.005728515008423684,0,0.703125,0.0018880793950467544,0.024598040526387352,0.7369458570068474,2.2601078543978868,0.15570282067960886,0.6607621781710028,2.403845479531517,True
speed_400rpm__torque_1600Nm__temperature_35degC,test,400.0,1600.0,35.0,data/simplified_dataset/Test_35degree/400rpm/400.0rpm1600.0Nm35.0deg.csv,48600,True,-0.07990190180278735,0.051511942087993395,-0.13141384389078076,0.13141384389078076,7.884830633446845,0.13143835816838867,0.0025384309821486106,0.9784875374820522,0.04420472256308018,0.04193496135638361,0.0022697612066965717,0.006430923795276106,0,5.09765625,0.002030042989312993,0.02725225172825639,0.8720341363805446,2.4027510164294803,0.5269002295638519,0.8819733149402119,2.3796418120498193,True
speed_500rpm__torque_300Nm__temperature_35degC,test,500.0,300.0,35.0,data/simplified_dataset/Test_35degree/500rpm/500.0rpm300.0Nm35.0deg.csv,38880,True,-0.03146882820258924,0.0036480664911578194,-0.03511689469374706,0.03511689469374706,2.107013681624824,0.03512990156964119,0.000955872042146994,0.9969696411104033,0.03894457450588666,0.0374224404768739,0.0015221340290127588,0.003106864533169176,0,0.3515625,0.0009065057198957686,0.01599394676194497,0.03944971194730629,0.30782720310295075,0.0005155204483278109,1.5309221300687548,1.9047615003207816,True
speed_500rpm__torque_700Nm__temperature_25degC,test,500.0,700.0,25.0,data/simplified_dataset/Test_25degree/500rpm/500.0rpm700.0Nm25.0deg.csv,38880,True,-0.05134523486072051,0.00991754298354237,-0.061262777844262886,0.061262777844262886,3.675766670655773,0.06127315047361687,0.0011273951246070968,0.9957333229099864,0.04041050158065182,0.03856386938794564,0.0018466321927061782,0.0031599814848384746,0,0.0,0.0011273951246070968,0.019251529022821724,0.23136979306988392,1.0286372281749159,0.07441924552419382,0.33879576041104903,1.7534199520957503,True
speed_500rpm__torque_900Nm__temperature_30degC,test,500.0,900.0,30.0,data/simplified_dataset/Test_30degree/500rpm/500.0rpm900.0Nm30.0deg.csv,38880,True,-0.06137014469653625,0.018825026077448744,-0.080195170773985,0.080195170773985,4.8117102464391,0.0802092001652227,0.0015001252201553683,0.9924136453149536,0.041177020756440544,0.03969861080279878,0.0014784099536417628,0.0036202062219681487,0,0.703125,0.0014058540210387315,0.023599911540773337,0.3978505335574003,1.5309147461271404,0.07223327132478491,0.9923334626059578,2.5453731058299316,True
speed_500rpm__torque_1200Nm__temperature_25degC,test,500.0,1200.0,25.0,data/simplified_dataset/Test_25degree/500rpm/500.0rpm1200.0Nm25.0deg.csv,38880,True,-0.06394494074764313,0.035721327068279615,-0.09966626781592275,0.09966626781592275,5.979976068955365,0.09968099524424295,0.0017134388018103894,0.9901550271247958,0.042143017417479126,0.0402586683458553,0.0018843490716238254,0.004237642408926575,0,0.17578125,0.0016864207922001068,0.022132147077888815,0.5727597581150621,1.9232522469228475,0.1292133384592804,0.5777518491778026,2.39861961860796,True
speed_500rpm__torque_1400Nm__temperature_35degC,test,500.0,1400.0,35.0,data/simplified_dataset/Test_35degree/500rpm/500.0rpm1400.0Nm35.0deg.csv,38880,True,-0.08028006462091625,0.03714204516990312,-0.11742210979081937,0.11742210979081937,7.0453265874491615,0.11744313452218338,0.002222156310529701,0.9834268341974269,0.04411327811429888,0.04125631978244558,0.0028569583318533015,0.00505947672230344,0,5.2734375,0.0018789841203008231,0.024261987913678697,0.7897863400906391,2.208068282525715,0.39920110801441855,1.0158030965429397,2.6087822840407084,True
speed_500rpm__torque_1600Nm__temperature_30degC,test,500.0,1600.0,30.0,data/simplified_dataset/Test_30degree/500rpm/500.0rpm1600.0Nm30.0deg.csv,38880,True,-0.08710890728010177,0.0447453978718296,-0.13185430515193136,0.13185430515193136,7.9112583091158815,0.13187566222652494,0.002373288980689374,0.9811759570240178,0.04481637216800746,0.04227923276467904,0.00253713940332842,0.005173834622809756,0,5.2734375,0.00196148663108273,0.023944165929044085,0.8606431303714994,2.5326030791393483,0.41066605786298455,0.8596144114433408,2.565249378737872,True
speed_500rpm__torque_1700Nm__temperature_25degC,test,500.0,1700.0,25.0,data/simplified_dataset/Test_25degree/500rpm/500.0rpm1700.0Nm25.0deg.csv,38880,True,-0.08314776050572885,0.053857923575538105,-0.13700568408126695,0.13700568408126695,8.220341044876017,0.13702695238026788,0.0024141681897236447,0.9806820743123313,0.04565009824511258,0.04221433731668081,0.003435760928431772,0.0053179793486006115,0,5.09765625,0.0019493986560977577,0.035047057208842804,0.908760789128802,2.564307718808361,0.03957688109519851,0.5565224342490142,2.4659763096533083,True
speed_600rpm__torque_100Nm__temperature_30degC,test,600.0,100.0,30.0,data/simplified_dataset/Test_30degree/600rpm/600.0rpm100.0Nm30.0deg.csv,32400,True,-0.023870221123984688,-0.005256163975510848,-0.01861405714847384,0.01861405714847384,1.1168434289084304,0.01862854305280249,0.0007345016973879688,0.9981999613936423,0.03892163195298786,0.03789019782461503,0.001031434128372831,0.0020904279395863217,0,0.0,0.0007345016973879688,0.015763762304463583,0.09021186214771104,0.062455515547908076,0.28794607531940025,0.8523766968421871,1.0975174551795956,True
speed_600rpm__torque_100Nm__temperature_35degC,test,600.0,100.0,35.0,data/simplified_dataset/Test_35degree/600rpm/600.0rpm100.0Nm35.0deg.csv,32400,True,-0.02417640393537867,-0.0051951208872278755,-0.018981283048150794,0.018981283048150794,1.1388769828890477,0.0189993766275905,0.0008289789400312776,0.997708984063794,0.03818479007816211,0.03754429842897286,0.0006404916491892509,0.00218956503845034,0,0.0,0.0008289789400312776,0.018260421561365106,0.07132618250197287,0.0588731796901536,0.4458292404632277,2.8984953082642795,1.146489362727084,True
speed_600rpm__torque_200Nm__temperature_35degC,test,600.0,200.0,35.0,data/simplified_dataset/Test_35degree/600rpm/600.0rpm200.0Nm35.0deg.csv,32400,True,-0.027817040451628354,-0.00017701547037418837,-0.027640024981254167,0.027640024981254167,1.65840149887525,0.027652789916872082,0.0008401245278575494,0.9976491646871084,0.038719861617759664,0.037042216657385114,0.0016776449603745497,0.001963766035420152,0,0.0,0.0008401245278575494,0.017106915240258033,0.07688669970706186,0.19641054197784213,0.23561173978507927,2.2672661988412663,1.8083197507086428,True
speed_600rpm__torque_500Nm__temperature_30degC,test,600.0,500.0,30.0,data/simplified_dataset/Test_30degree/600rpm/600.0rpm500.0Nm30.0deg.csv,32400,True,-0.03883263448522835,0.011287248259141982,-0.050119882744370334,0.050119882744370334,3.00719296466222,0.0501301713689892,0.0010155959702527508,0.9965413681941104,0.03945622176637929,0.03752281069203635,0.0019334110743429445,0.00272680385180536,0,0.3515625,0.0009905708882183316,0.01766602237131595,0.09573698499113514,0.655414275416603,0.06060396102871379,0.9472418229606927,2.123527438499266,True
speed_600rpm__torque_500Nm__temperature_35degC,test,600.0,500.0,35.0,data/simplified_dataset/Test_35degree/600rpm/600.0rpm500.0Nm35.0deg.csv,32400,True,-0.04285632315898507,0.008345937443446066,-0.05120226060243113,0.05120226060243113,3.072135636145868,0.051214572454192545,0.0011229162330584678,0.9957729554458062,0.039761749615262056,0.0377384980093486,0.002023251605913455,0.002920712031141246,0,0.3515625,0.001096748168930565,0.017923051274090877,0.12089805834004008,0.6697998186556509,0.05335727714691657,1.376649630081619,2.2743793270717014,True
speed_600rpm__torque_700Nm__temperature_35degC,test,600.0,700.0,35.0,data/simplified_dataset/Test_35degree/600rpm/600.0rpm700.0Nm35.0deg.csv,32400,True,-0.045570630291592966,0.017380073576681927,-0.0629507038682749,0.0629507038682749,3.777042232096494,0.06296233597424732,0.0012102205678129988,0.9950981537419977,0.04008619204775944,0.03855040383784761,0.0015357882099118342,0.003266791274586703,0,-0.17578125,0.0011849120422058705,0.021097398875554375,0.29564713628028616,1.103299382872004,0.029171445983713375,0.7441440614766445,2.1930834640194887,True
speed_600rpm__torque_1000Nm__temperature_30degC,test,600.0,1000.0,30.0,data/simplified_dataset/Test_30degree/600rpm/600.0rpm1000.0Nm30.0deg.csv,32400,True,-0.057110747400755085,0.029907768541417933,-0.08701851594217302,0.08701851594217302,5.2211109565303815,0.08703172409170325,0.0015162063171412343,0.9922792832401872,0.04101039743158617,0.0401087163517656,0.0009016810798205682,0.003297152566190932,0,0.52734375,0.001430442643428362,0.020996838432007288,0.46950913257893934,1.6827201687474111,0.0833300819080703,0.9105386901975856,2.4808451011298875,True
speed_600rpm__torque_1300Nm__temperature_30degC,test,600.0,1300.0,30.0,data/simplified_dataset/Test_30degree/600rpm/600.0rpm1300.0Nm30.0deg.csv,32400,True,-0.06854435542243999,0.040469013868875275,-0.10901336929131526,0.10901336929131526,6.5408021574789155,0.10903121898224262,0.0019728224727694993,0.9870003002169986,0.04250209922135239,0.04075542180215193,0.001746677419200461,0.00452555540702705,0,0.52734375,0.0017260514945152622,0.022470213410214022,0.7259265416044334,2.1917554130496404,0.07555272269062714,0.8803071473079332,2.6142616047464657,True
speed_600rpm__torque_1700Nm__temperature_25degC,test,600.0,1700.0,25.0,data/simplified_dataset/Test_25degree/600rpm/600.0rpm1700.0Nm25.0deg.csv,32400,True,-0.0895285941492468,0.046409667508652795,-0.1359382616578996,0.1359382616578996,8.156295699473976,0.13595738430726867,0.0022802116355221365,0.9827675926680308,0.044471885977410586,0.04193537278030765,0.0025365131971029353,0.004765410313412742,0,4.921875,0.0019013234218571492,0.030910917299589752,0.8567609280027542,2.5202295827404457,0.1270837891114046,0.5282586018240251,2.52168455495949,True
speed_700rpm__torque_200Nm__temperature_30degC,test,700.0,200.0,30.0,data/simplified_dataset/Test_30degree/700rpm/700.0rpm200.0Nm30.0deg.csv,27772,True,-0.03466748607443952,-0.009209876679792613,-0.025457609394646908,0.025457609394646908,1.5274565636788144,0.02547586343568506,0.0009642311461781619,0.9969219600840225,0.03866702587003278,0.03804091538718808,0.0006261104828447009,0.0039178465078825,0,-0.3515625,0.0007974699711345401,0.014263868097478871,0.07967122885351174,0.07960173088418165,0.19088566832360215,0.31384635734222016,1.2582821732506149,True
speed_700rpm__torque_700Nm__temperature_35degC,test,700.0,700.0,35.0,data/simplified_dataset/Test_35degree/700rpm/700.0rpm700.0Nm35.0deg.csv,27772,True,-0.05008288867737756,0.015153445558572546,-0.06523633423595011,0.06523633423595011,3.914180054157007,0.06525756444279937,0.0016644556051507485,0.9906676978769664,0.040550294290744415,0.03991825606899618,0.0006320382217482323,0.006386194214279275,0,0.52734375,0.0012719094024910445,0.019198144444067526,0.24545712065611736,1.1324847749120628,0.013003025648912425,1.108971187369301,2.519013668305209,True
speed_700rpm__torque_1000Nm__temperature_25degC,test,700.0,1000.0,25.0,data/simplified_dataset/Test_25degree/700rpm/700.0rpm1000.0Nm25.0deg.csv,27771,True,-0.059570099363825686,0.022635009338580987,-0.08220510870240667,0.08220510870240667,4.9323065221444,0.08221777328925886,0.0014430342578987852,0.9930065415907453,0.042476318496266784,0.03969689606693783,0.002779422429328951,0.0040484910236788015,0,0.0,0.0014430342578987852,0.021294970388313933,0.47205513434679647,1.592920596678785,0.08454274467691549,0.3300082816453513,2.0182464171138688,True
speed_700rpm__torque_1200Nm__temperature_35degC,test,700.0,1200.0,35.0,data/simplified_dataset/Test_35degree/700rpm/700.0rpm1200.0Nm35.0deg.csv,27772,True,-0.06802722532503289,0.03389501183188706,-0.10192223715691995,0.10192223715691995,6.115334229415197,0.10194145074626665,0.001979129400033278,0.9868510151544752,0.04282426711979488,0.04043053548516018,0.002393731634634702,0.005234492416763321,0,0.703125,0.001814890004595557,0.02407159274742979,0.6644128968102694,2.0631315746040544,0.06950716450412608,1.0206507796926112,2.730399036969409,True
speed_700rpm__torque_1400Nm__temperature_30degC,test,700.0,1400.0,30.0,data/simplified_dataset/Test_30degree/700rpm/700.0rpm1400.0Nm30.0deg.csv,27771,True,-0.07141456433335061,0.043215030406661095,-0.1146295947400117,0.1146295947400117,6.877775684400702,0.11464806789488392,0.002058028612676768,0.9858135524197296,0.04362303415678343,0.04237216984185727,0.001250864314926159,0.005081528927299052,0,5.44921875,0.002012996438529399,0.02534737830356919,0.7569167508036552,2.3011822253128478,0.21149912220372558,0.739128550141772,2.7229542753903893,True
speed_700rpm__torque_1600Nm__temperature_35degC,test,700.0,1600.0,35.0,data/simplified_dataset/Test_35degree/700rpm/700.0rpm1600.0Nm35.0deg.csv,27772,True,-0.079876843127277,0.05125762956922258,-0.13113447269649958,0.13113447269649958,7.868068361789975,0.13115727438242597,0.002445545754626647,0.9801672610916599,0.04439177743307479,0.04365796135633977,0.0007338160767350194,0.005401713289469731,0,5.44921875,0.0020935402589309163,0.02661305889878469,0.9269201993077292,2.617619535855955,0.19372340199710428,0.9161801060145931,2.976750327610052,True
speed_700rpm__torque_1800Nm__temperature_30degC,test,700.0,1800.0,30.0,data/simplified_dataset/Test_30degree/700rpm/700.0rpm1800.0Nm30.0deg.csv,27772,True,-0.0866994765589591,0.057322363530507195,-0.14402184008946628,0.14402184008946628,8.641310405367976,0.14404571977940367,0.0026227779186732297,0.9774792923171157,0.04474546467975876,0.044768091876107086,-2.2627196348323775e-05,0.006732968173691801,0,5.09765625,0.0023387773082543936,0.024542991856275606,0.9887917511696047,2.7191830024500843,0.2155805971600357,0.7172588638405764,2.672945338638751,True
speed_800rpm__torque_0Nm__temperature_35degC,test,800.0,0.0,35.0,data/simplified_dataset/Test_35degree/800rpm/800.0rpm0.0Nm35.0deg.csv,24300,True,-0.02636092404267995,-0.017943835651121863,-0.008417088391558088,0.008417088391558088,0.5050253034934853,0.008493113460562486,0.0011338426975051315,0.9960932177235122,0.03862922737598255,0.03883631400647287,-0.0002070866304903149,0.003482664282997259,0,0.52734375,0.0011224445555867708,0.004929849564493754,0.013573746584383484,0.5253257848976571,0.327150490032929,2.4419356698715413,1.3403577287236144,True
speed_800rpm__torque_100Nm__temperature_35degC,test,800.0,100.0,35.0,data/simplified_dataset/Test_35degree/800rpm/800.0rpm100.0Nm35.0deg.csv,24300,True,-0.023234001158619767,-0.005334969816446626,-0.01789903134217314,0.01789903134217314,1.0739418805303884,0.017917910859832364,0.0008223178173931087,0.9977471743572172,0.03875487188207685,0.03805307975152741,0.000701792130549439,0.002635190791356597,0,0.17578125,0.0008162192478782875,0.013711922020029493,0.08290844308836998,0.15556483987135072,0.31155936915151194,0.528034170707719,1.0746626868773972,True
speed_800rpm__torque_600Nm__temperature_25degC,test,800.0,600.0,25.0,data/simplified_dataset/Test_25degree/800rpm/800.0rpm600.0Nm25.0deg.csv,24300,True,-0.048495677614689536,0.0055995482420638214,-0.05409522585675336,0.05409522585675336,3.245713551405202,0.05410665768912655,0.0011121806486178252,0.9958577722056468,0.04121439238301373,0.03889210384650291,0.0023222885365108206,0.003344889751602806,0,0.17578125,0.0011111968435011182,0.014634342228456441,0.19804873151396496,0.8130943472537127,0.15722460757311874,0.32344980616300545,1.7121207718095093,True
speed_800rpm__torque_800Nm__temperature_35degC,test,800.0,800.0,35.0,data/simplified_dataset/Test_35degree/800rpm/800.0rpm800.0Nm35.0deg.csv,24300,True,-0.04982269113995466,0.021968418232263195,-0.07179110937221786,0.07179110937221786,4.3074665623330715,0.07180398475783338,0.0013597213719806806,0.9937799378676202,0.041028242027540136,0.03901134902593501,0.0020168930016051245,0.0035656475113257165,0,0.52734375,0.00130620873913222,0.019280078449815476,0.3430295373221368,1.3311746768228132,0.015018538632543486,0.9478867347843469,2.5786275021761256,True
speed_800rpm__torque_1200Nm__temperature_30degC,test,800.0,1200.0,30.0,data/simplified_dataset/Test_30degree/800rpm/800.0rpm1200.0Nm30.0deg.csv,24300,True,-0.0716474435453032,0.027937361018820793,-0.099584804564124,0.099584804564124,5.97508827384744,0.0996024258631518,0.0018734827861175353,0.9882367041710481,0.04242730280927431,0.04168276771687402,0.0007445350924002864,0.004778055152969244,0,0.703125,0.0016923394581613552,0.024045863027856742,0.589496475574347,2.0339512073969233,0.2489504509003614,0.7973166802011464,2.060466754843588,True
speed_800rpm__torque_1800Nm__temperature_35degC,test,800.0,1800.0,35.0,data/simplified_dataset/Test_35degree/800rpm/800.0rpm1800.0Nm35.0deg.csv,24300,True,-0.08657776638108139,0.057907664184979835,-0.14448543056606122,0.14448543056606122,8.669125833963673,0.14451120285771438,0.002729121749460352,0.9754832009149718,0.04540824405089132,0.04339890693390426,0.002009337116987059,0.006693264585574157,0,5.09765625,0.0021540735297939898,0.026345811721163778,1.0077706984218147,2.7508726626562487,0.13147548978233095,0.7049413550797365,2.8747240633167124,True
speed_900rpm__torque_0Nm__temperature_30degC,test,900.0,0.0,30.0,data/simplified_dataset/Test_30degree/900rpm/900.0rpm0.0Nm30.0deg.csv,21600,True,-0.021505084582744905,-0.012651675002343592,-0.008853409580401313,0.008853409580401313,0.5312045748240788,0.00890792512182987,0.0009840064927559833,0.9970159943974938,0.038042236865677745,0.038744138297508474,-0.0007019014318307287,0.0031711058763200174,0,0.3515625,0.0009790184558026154,0.006532621163680723,0.0455552531241723,0.4905179660842385,0.2850484823059996,1.7709705977099621,1.1091631965982143,True
speed_900rpm__torque_100Nm__temperature_35degC,test,900.0,100.0,35.0,data/simplified_dataset/Test_35degree/900rpm/900.0rpm100.0Nm35.0deg.csv,21600,True,-0.022465921138430694,-0.006043350535317979,-0.016422570603112717,0.016422570603112717,0.985354236186763,0.016446439992124914,0.000885755722727037,0.9973773481514077,0.03960040199243633,0.03804983688911883,0.0015505651033174972,0.0028635308321051122,0,0.0,0.000885755722727037,0.011814768896394835,0.08338062025303028,0.23587817283503743,0.18262498360931542,1.1383882331929893,0.9652333227093681,True
speed_900rpm__torque_700Nm__temperature_25degC,test,900.0,700.0,25.0,data/simplified_dataset/Test_25degree/900rpm/900.0rpm700.0Nm25.0deg.csv,21600,True,-0.048754082578795585,0.012102167733412626,-0.06085625031220821,0.06085625031220821,3.6513750187324927,0.06086951014569089,0.0012704579151723973,0.9946070743193977,0.04180674209099292,0.03884633269105236,0.002960409399940564,0.0036171903127242893,0,-0.17578125,0.0012352719851207047,0.015162239044969076,0.25401441268729563,1.072343216889341,0.13352877737961483,0.3046014538929101,1.8368026123452412,True
speed_900rpm__torque_1500Nm__temperature_35degC,test,900.0,1500.0,35.0,data/simplified_dataset/Test_35degree/900rpm/900.0rpm1500.0Nm35.0deg.csv,21600,True,-0.08208123065146901,0.038983797612361336,-0.12106502826383034,0.12106502826383034,7.26390169582982,0.1210876480914695,0.0023403956506369804,0.981747021680417,0.04438269261639158,0.042289356107911916,0.0020933365084796624,0.005703794076608109,0,5.2734375,0.001968068039875881,0.02552058882131579,0.8010483979001983,2.3894907017648586,0.2190567250237827,0.6885422407915271,3.051903158906857,True
speed_1000rpm__torque_600Nm__temperature_30degC,test,1000.0,600.0,30.0,data/simplified_dataset/Test_30degree/1000rpm/1000.0rpm600.0Nm30.0deg.csv,19440,True,-0.04163045173760678,0.01305319400211848,-0.054683645739725256,0.054683645739725256,3.2810187443835153,0.05469570107245628,0.0011483050203337354,0.9955777665931732,0.040408869681771556,0.03958295950571614,0.0008259101760554124,0.003336639574116239,0,-0.3515625,0.0010992894310021054,0.016841495551548163,0.19299482417680514,0.8025593635148218,0.19331938784792943,0.4346078899771299,1.419603897675604,True
speed_1000rpm__torque_900Nm__temperature_35degC,test,1000.0,900.0,35.0,data/simplified_dataset/Test_35degree/1000rpm/1000.0rpm900.0Nm35.0deg.csv,19440,True,-0.06109140105820936,0.01719878376514392,-0.07829018482335327,0.07829018482335327,4.6974110894011964,0.07830592931391704,0.0015701993635700614,0.9917476041786841,0.0413516511321033,0.04177524841825939,-0.0004235972861560966,0.004367073885595787,0,-0.3515625,0.0015434060132770676,0.021758434864966376,0.4103109795562536,1.5085572908802798,0.19493686415272504,0.7083706864277993,2.6505136688110125,True
speed_1000rpm__torque_1400Nm__temperature_35degC,test,1000.0,1400.0,35.0,data/simplified_dataset/Test_35degree/1000rpm/1000.0rpm1400.0Nm35.0deg.csv,19440,True,-0.0794283503111609,0.0355148026235189,-0.1149431529346798,0.1149431529346798,6.896589176080788,0.11497163356141012,0.0025589289192896247,0.9783751876109625,0.04370266810739368,0.044038967011919256,-0.0003362989045255782,0.00711278706106755,0,5.2734375,0.0022176959449390662,0.02594585090961617,0.7574274440268307,2.287666426058902,0.2493000423509105,0.7636334277158581,3.1183833069239175,True
speed_1000rpm__torque_1800Nm__temperature_30degC,test,1000.0,1800.0,30.0,data/simplified_dataset/Test_30degree/1000rpm/1000.0rpm1800.0Nm30.0deg.csv,19440,True,-0.0922162678302169,0.04807821985881616,-0.14029448768903308,0.14029448768903308,8.417669261341985,0.1403303393302293,0.0031718859703720385,0.9670083534259566,0.04608041332885478,0.04650128717328096,-0.0004208738444261839,0.008966084867781035,0,5.09765625,0.002593146857613685,0.032123692630024486,0.9409639146854514,2.565932864213739,0.8142111980920758,0.47172302470790317,2.7386693866875556,True
speed_1100rpm__torque_300Nm__temperature_25degC,test,1100.0,300.0,25.0,data/simplified_dataset/Test_25degree/1100rpm/1100.0rpm300.0Nm25.0deg.csv,17673,True,-0.03163822947709726,0.00012217679117661195,-0.03176040626827387,0.03176040626827387,1.9056243760964324,0.031957858472863115,0.0035470144975371354,0.9602350047152595,0.04920573793319368,0.045402983312410924,0.003802754620782757,0.013551783762332325,0,-0.17578125,0.0032805706600503096,0.014146819490946733,0.040660152897237234,0.20873793584405798,0.16699419537402316,0.13656758039265296,1.6410397819794564,True
speed_1100rpm__torque_500Nm__temperature_30degC,test,1100.0,500.0,30.0,data/simplified_dataset/Test_30degree/1100rpm/1100.0rpm500.0Nm30.0deg.csv,17672,True,-0.04487207823846629,0.00171302399698243,-0.04658510223544872,0.04658510223544872,2.795106134126923,0.04687569914733695,0.005211470067498782,0.9178733008957836,0.055110967839722,0.048041057726885314,0.007069910112836683,0.0197965654843607,0,7.20703125,0.003818785064153446,0.016894466571974236,0.11338850633323294,0.58109358626724,0.1590351752866924,0.11248265155500048,1.8381574021051752,True
speed_1100rpm__torque_800Nm__temperature_30degC,test,1100.0,800.0,30.0,data/simplified_dataset/Test_30degree/1100rpm/1100.0rpm800.0Nm30.0deg.csv,17673,True,-0.04815950829847905,0.019984758881874946,-0.06814426718035399,0.06814426718035399,4.088656030821239,0.06845179275013322,0.006481263855122612,0.8745776736808869,0.05403028242106457,0.04987757775059562,0.004152704670468951,0.0246286928105807,0,5.625,0.0037586505114597427,0.0211501107490915,0.3426445270429828,1.265328390801902,0.2570998868670742,0.3757626738842489,2.111121483984848,True
speed_1100rpm__torque_1000Nm__temperature_30degC,test,1100.0,1000.0,30.0,data/simplified_dataset/Test_30degree/1100rpm/1100.0rpm1000.0Nm30.0deg.csv,17673,True,-0.05633541801835646,0.02608635728092888,-0.08242177529928534,0.08242177529928534,4.94530651795712,0.08273654218759062,0.007210157395860359,0.8481082800512566,0.056925303675908756,0.05042195640892156,0.006503347266987196,0.02740495067963747,0,5.625,0.003779388690628799,0.0223512032111534,0.48462921036297657,1.5865349329029639,0.22535059711773034,0.41223690368117083,2.3885075653124606,True
speed_1100rpm__torque_1200Nm__temperature_30degC,test,1100.0,1200.0,30.0,data/simplified_dataset/Test_30degree/1100rpm/1100.0rpm1200.0Nm30.0deg.csv,17673,True,-0.06315150556422716,0.03507335212825477,-0.09822485769248193,0.09822485769248193,5.893491461548916,0.09852176535620653,0.007643008582691209,0.8308276444342766,0.05374351424802347,0.05587260181159091,-0.0021290875635674444,0.029031397336012427,0,1.0546875,0.0035975730807425344,0.025627482023306607,0.651816271272222,1.9691966840645514,0.3707078879398113,0.5377119028240219,2.734325367288399,True
speed_1100rpm__torque_1400Nm__temperature_35degC,test,1100.0,1400.0,35.0,data/simplified_dataset/Test_35degree/1100rpm/1100.0rpm1400.0Nm35.0deg.csv,17673,True,-0.0743932021017501,0.039851074146312074,-0.11424427624806217,0.11424427624806217,6.85465657488373,0.11453219359144,0.008115954252183893,0.820569486980329,0.05453125324287149,0.061867733057698965,-0.007336479814827476,0.0309024249584738,0,5.625,0.005476921825939326,0.02612725765708091,0.7696043074944248,2.2337303718951316,0.4980037967978238,0.6519023922129775,3.028665795841984,True
speed_1300rpm__torque_300Nm__temperature_25degC,test,1300.0,300.0,25.0,data/simplified_dataset/Test_25degree/1300rpm/1300.0rpm300.0Nm25.0deg.csv,14954,True,-0.03108063962298349,0.00022885734038339406,-0.031309496963366885,0.031309496963366885,1.8785698178020132,0.03134129754046304,0.0014114997062536635,0.9934261329130781,0.041789120290611007,0.04086560410701683,0.0009235161835941738,0.0043283869252521475,0,-0.17578125,0.001061969152573936,0.011780793913579753,0.02019788417709334,0.09776316534060837,0.4043541496515463,0.20909575691687773,1.3068629343882205,True
speed_1300rpm__torque_300Nm__temperature_35degC,test,1300.0,300.0,35.0,data/simplified_dataset/Test_35degree/1300rpm/1300.0rpm300.0Nm35.0deg.csv,14954,True,-0.03148933859513742,0.001904781403725323,-0.03339411999886274,0.03339411999886274,2.0036471999317644,0.03343461169390856,0.0016449950224857299,0.9910077182862942,0.04120331458659823,0.04028199905705994,0.0009213155295382941,0.005149707306209952,0,-0.52734375,0.0010360104550036315,0.014068030948086521,0.06753133259892796,0.37601398468261493,0.07220441612185194,0.37038719088555916,1.4431235526574906,True
speed_1300rpm__torque_1100Nm__temperature_35degC,test,1300.0,1100.0,35.0,data/simplified_dataset/Test_35degree/1300rpm/1300.0rpm1100.0Nm35.0deg.csv,14954,True,-0.06253448389486563,0.0274655375865744,-0.09000002148144003,0.09000002148144003,5.4000012888864015,0.09002536484471245,0.0021359889428365616,0.9849372694408969,0.04202684314073521,0.043747897861596476,-0.0017210547208612662,0.005916230649146919,0,0.0,0.0021359889428365616,0.02477975704872457,0.5608827572363899,1.9120234411444608,0.25965871905272786,0.3738093361520591,2.2990048770171274,True
speed_1400rpm__torque_300Nm__temperature_25degC,test,1400.0,300.0,25.0,data/simplified_dataset/Test_25degree/1400rpm/1400.0rpm300.0Nm25.0deg.csv,13886,True,-0.0301174914590834,0.00031491433313351894,-0.03043240579221692,0.03043240579221692,1.8259443475330153,0.030509029627876005,0.0021609179837416524,0.984722478296726,0.04433468690307596,0.040792385870996636,0.003542301032079323,0.006628344300791987,0,-0.52734375,0.0016252195996942333,0.010542011099658242,0.03728792323973318,0.20199791402296907,0.3072749262732497,0.24344201585038558,1.0755255424128227,True
speed_1400rpm__torque_600Nm__temperature_25degC,test,1400.0,600.0,25.0,data/simplified_dataset/Test_25degree/1400rpm/1400.0rpm600.0Nm25.0deg.csv,13886,True,-0.04041486421666821,0.011486262510010375,-0.051901126726678584,0.051901126726678584,3.114067603600715,0.05192711270782696,0.001642582927165238,0.9910972260771244,0.043796403987400256,0.041577948511373954,0.002218455476026303,0.0047065495621569755,0,-0.17578125,0.001483240287259119,0.020176645815910953,0.1592515495874871,0.8070618208801097,0.22465878944409878,0.007512334436045931,1.290101460579482,True
speed_1400rpm__torque_800Nm__temperature_25degC,test,1400.0,800.0,25.0,data/simplified_dataset/Test_25degree/1400rpm/1400.0rpm800.0Nm25.0deg.csv,13886,True,-0.047760321755584326,0.01721495503456503,-0.06497527679014936,0.06497527679014936,3.8985166074089617,0.06501890236097732,0.0023814009048837128,0.9816213118495832,0.044875660520441715,0.04169605940403101,0.0031796011164107046,0.0070103748745416585,0,0.3515625,0.00202136495773676,0.020140590547385172,0.3594543006383768,1.2851681668622108,0.20227157287894004,0.017870324020589523,1.7548521143462807,True
speed_1400rpm__torque_900Nm__temperature_30degC,test,1400.0,900.0,30.0,data/simplified_dataset/Test_30degree/1400rpm/1400.0rpm900.0Nm30.0deg.csv,13886,True,-0.059498806865805706,0.015580625032831549,-0.07507943189863725,0.07507943189863725,4.504765913918235,0.07512708207047814,0.0026753254385679355,0.9762504311438552,0.044141930986662144,0.04235668885719914,0.0017852421294630022,0.007846737712921385,0,-0.703125,0.0018752525109159129,0.01726567564618809,0.4205293547986244,1.4664955201877141,0.31382608883421703,0.32082441260015115,1.538395159527598,True
speed_1500rpm__torque_200Nm__temperature_30degC,test,1500.0,200.0,30.0,data/simplified_dataset/Test_30degree/1500rpm/1500.0rpm200.0Nm30.0deg.csv,12960,True,-0.03399078415243695,-0.009489653505182827,-0.02450113064725412,0.02450113064725412,1.4700678388352473,0.024593291669117574,0.0021271088661544628,0.9850541278572451,0.04230955475996154,0.041928193346758194,0.00038136141320334327,0.0064931999581414965,0,0.87890625,0.0015936015127783446,0.009188742564197555,0.08516915754671017,0.04396166329249862,0.3868937740204449,0.3597602704207244,0.7089009967432615,True
speed_1500rpm__torque_300Nm__temperature_25degC,test,1500.0,300.0,25.0,data/simplified_dataset/Test_25degree/1500rpm/1500.0rpm300.0Nm25.0deg.csv,12960,True,-0.02939588036615545,0.0006456261880191244,-0.030041506554174573,0.030041506554174573,1.8024903932504743,0.030085243140135935,0.0016216469272262737,0.9912588565940809,0.041454233689429444,0.041881278315006876,-0.00042704462557743156,0.0052475840265707825,0,0.17578125,0.0015091061412825105,0.010045447475203563,0.08086726876891714,0.11427233923887536,0.4248865363002115,0.27780085542933025,1.0852193026007593,True
speed_1500rpm__torque_800Nm__temperature_30degC,test,1500.0,800.0,30.0,data/simplified_dataset/Test_30degree/1500rpm/1500.0rpm800.0Nm30.0deg.csv,12960,True,-0.04921509869160756,0.01806599721386952,-0.06728109590547708,0.06728109590547708,4.036865754328625,0.06731279282443628,0.0020654809569386756,0.9858940031060635,0.04347417887975697,0.04316259544988703,0.0003115834298699424,0.00625327444979512,0,0.0,0.0020654809569386756,0.01852836332794933,0.3596734866177129,1.2681747598671291,0.2759774319340136,0.2595546937796633,1.3193974433816187,True
speed_1500rpm__torque_1400Nm__temperature_35degC,test,1500.0,1400.0,35.0,data/simplified_dataset/Test_35degree/1500rpm/1500.0rpm1400.0Nm35.0deg.csv,12960,True,-0.07108294406891337,0.03679708719261334,-0.1078800312615267,0.1078800312615267,6.472801875691602,0.10792103903593371,0.0029748145501102756,0.9711261848053021,0.04578293813888354,0.04638349473138229,-0.0006005565924987535,0.00811157419261584,0,4.39453125,0.0028666624123073405,0.02949366141666506,0.8186610174429303,2.283677819470603,0.19874126737493875,0.2778320416188669,1.613494379648652,True
speed_1600rpm__torque_0Nm__temperature_25degC,test,1600.0,0.0,25.0,data/simplified_dataset/Test_25degree/1600rpm/1600.0rpm0.0Nm25.0deg.csv,12150,True,-0.0258591773005317,-0.016628366755069936,-0.009230810545461765,0.009230810545461765,0.5538486327277059,0.00990291526476277,0.003586065729300476,0.958403693580742,0.04377439861275298,0.04452329435154778,-0.0007488957387948025,0.009553896463306873,0,1.58203125,0.0015411802119221628,0.003370402010011035,0.09131165261826046,0.482361194469181,0.4703829493891155,0.9643990937068768,0.21317834398040159,True
speed_1600rpm__torque_0Nm__temperature_30degC,test,1600.0,0.0,30.0,data/simplified_dataset/Test_30degree/1600rpm/1600.0rpm0.0Nm30.0deg.csv,12150,True,-0.02698206738512407,-0.01824223200240142,-0.00873983538272265,0.00873983538272265,0.524390122963359,0.00940651677626485,0.003478194264997472,0.9608806703460927,0.044841127065130874,0.04560267615436291,-0.0007615490892320387,0.00934336600088268,2,1.58203125,0.0015856037024545497,0.004376874151667297,0.07853479948819264,0.6312281429111029,0.44741552127525935,0.9416752195923687,0.08170109664856032,True
speed_1600rpm__torque_600Nm__temperature_35degC,test,1600.0,600.0,35.0,data/simplified_dataset/Test_35degree/1600rpm/1600.0rpm600.0Nm35.0deg.csv,12150,True,-0.04196576053302768,0.011709289492434619,-0.0536750500254623,0.0536750500254623,3.220503001527738,0.055241624482083675,0.013062391824764182,0.554816392651739,0.0571923690889524,0.05741534017652186,-0.000222971087569461,0.035475525360982536,0,1.0546875,0.0017505916844189377,0.019630079845724152,0.22469289198615663,0.8763452872324253,0.2773093765137385,0.20481990537395564,1.0928025324318544,True
speed_1600rpm__torque_1600Nm__temperature_30degC,test,1600.0,1600.0,30.0,data/simplified_dataset/Test_30degree/1600rpm/1600.0rpm1600.0Nm30.0deg.csv,12150,True,-0.08342478539809331,0.03879305413714121,-0.12221783953523452,0.12221783953523452,7.333070372114071,0.12436555264517743,0.023012830857590375,0.081827616359947,0.07489513303115573,0.07696421057786684,-0.0020690775467111094,0.06229314697108096,0,-5.625,0.004487225536530778,0.026804145566891736,0.9300203734112866,2.518903530033706,0.5675358128441437,0.3025856581578163,1.346751534450461,True
speed_1600rpm__torque_1700Nm__temperature_35degC,test,1600.0,1700.0,35.0,data/simplified_dataset/Test_35degree/1600rpm/1600.0rpm1700.0Nm35.0deg.csv,12150,True,-0.08211070571636438,0.05005816173254855,-0.13216886744891293,0.13216886744891293,7.930132046934776,0.13426576383891078,0.023636535628510466,0.05372058176803093,0.07638534956771885,0.07974386044006829,-0.003358510872349438,0.06400022892105445,0,-3.33984375,0.00474205494106132,0.030857194395711673,0.9187579582994674,2.5933748345340883,0.6308453920809498,0.39694133149226357,1.5584638776620692,True
speed_1700rpm__torque_200Nm__temperature_30degC,test,1700.0,200.0,30.0,data/simplified_dataset/Test_30degree/1700rpm/1700.0rpm200.0Nm30.0deg.csv,11436,True,-0.0323998136360214,-0.007956615839237596,-0.024443197796783805,0.024443197796783805,1.4665918678070282,0.025011800169278404,0.005302851042148798,0.9181350094557879,0.048461189645060056,0.05532945248919769,-0.006868262844137635,0.01425227455561376,0,8.7890625,0.0048545208374073615,0.01136889187880943,0.07382198690367225,0.006122758906940584,0.45581179142679396,0.19422232684104096,0.44478505403002316,True
speed_1700rpm__torque_400Nm__temperature_30degC,test,1700.0,400.0,30.0,data/simplified_dataset/Test_30degree/1700rpm/1700.0rpm400.0Nm30.0deg.csv,11436,True,-0.04045703074686724,-0.0023894639507444177,-0.038067566796122825,0.038067566796122825,2.2840540077673697,0.038916990389888995,0.00808656288106632,0.839333978332554,0.051593845634825455,0.06020677604033068,-0.008612930405505224,0.021491535738026944,0,0.17578125,0.0078869315535526,0.012297984422637687,0.02451216848583515,0.3535473695706739,0.3746463266834845,0.004639843444848635,0.7618272289227846,True
speed_1700rpm__torque_500Nm__temperature_35degC,test,1700.0,500.0,35.0,data/simplified_dataset/Test_35degree/1700rpm/1700.0rpm500.0Nm35.0deg.csv,11435,True,-0.038232907778232864,0.009335804015108229,-0.047568711793341094,0.047568711793341094,2.8541227076004656,0.048674313396172425,0.010315349868562978,0.7307783110765189,0.051323165913987175,0.062478520311725266,-0.011155354397738092,0.027502114244970594,0,8.4375,0.007626788860786863,0.01971825920644469,0.16327804920327083,0.6303336890266891,0.383942263593979,0.3046235370395913,1.0413796354264955,True
speed_1700rpm__torque_800Nm__temperature_30degC,test,1700.0,800.0,30.0,data/simplified_dataset/Test_30degree/1700rpm/1700.0rpm800.0Nm30.0deg.csv,11436,True,-0.048485701807307394,0.01877068948527336,-0.06725639129258075,0.06725639129258075,4.035383477554845,0.06817802449506787,0.01117232537788535,0.6914609448615646,0.0557019272502386,0.06886592190842968,-0.013163994658191076,0.030298672458307144,0,8.4375,0.007525987107133599,0.019297165506597803,0.3774211191798502,1.3468260426500804,0.41583922884625396,0.2557821948966168,1.1198758093662111,True
speed_1700rpm__torque_1200Nm__temperature_25degC,test,1700.0,1200.0,25.0,data/simplified_dataset/Test_25degree/1700rpm/1700.0rpm1200.0Nm25.0deg.csv,11436,True,-0.06586178007357982,0.02207817075874749,-0.08793995083232731,0.08793995083232731,5.276397049939638,0.0879852634038774,0.0028234064279771794,0.9738016893890236,0.04416402277318785,0.04497654497709469,-0.0008125222039068389,0.0075638988986887375,0,0.703125,0.002595819525463794,0.018419708220100046,0.7718508368363686,2.0276859650467536,0.4033436053280022,0.01695542245680748,0.8405452381433081,True
speed_1700rpm__torque_1600Nm__temperature_25degC,test,1700.0,1600.0,25.0,data/simplified_dataset/Test_25degree/1700rpm/1700.0rpm1600.0Nm25.0deg.csv,11435,True,-0.07798578777010982,0.035043399723734034,-0.11302918749384386,0.11302918749384386,6.781751249630632,0.11308274668452369,0.0034799960054063125,0.9607367388028069,0.045706493803297374,0.04763233342742427,-0.0019258396241268946,0.008999297750169754,0,4.04296875,0.003026578636116795,0.025166632409633835,1.048081287015125,2.515469059155594,0.20309719024361608,0.009304648065447396,0.72266197810273,True
speed_1700rpm__torque_1800Nm__temperature_35degC,test,1700.0,1800.0,35.0,data/simplified_dataset/Test_35degree/1700rpm/1700.0rpm1800.0Nm35.0deg.csv,11436,True,-0.08553786641211786,0.05518283161469446,-0.1407206980268123,0.1407206980268123,8.443241881608738,0.143284024283064,0.026981415114785506,0.328969625604942,0.07123599195493124,0.11859766184760659,-0.047361669892675345,0.07084856211022308,0,8.61328125,0.01748733797832243,0.028437296849654826,1.0517700122922367,2.6627741510885516,1.1052568000382252,0.4580002928153741,1.5027484302708847,True
speed_1800rpm__torque_200Nm__temperature_35degC,test,1800.0,200.0,35.0,data/simplified_dataset/Test_35degree/1800rpm/1800.0rpm200.0Nm35.0deg.csv,10800,True,-0.029552262131161702,-0.005332537441520393,-0.024219724689641307,0.024219724689641307,1.4531834813784785,0.024678290071456853,0.004735286349202666,0.9287152101316523,0.04412013425368565,0.0489015941016586,-0.004781459847972951,0.012891732290963773,0,1.0546875,0.003102381664680582,0.011888156300576767,0.07352280756399089,0.061627845154549554,0.35728708891518907,0.14162397596443776,0.564271888534283,True
speed_1800rpm__torque_600Nm__temperature_30degC,test,1800.0,600.0,30.0,data/simplified_dataset/Test_30degree/1800rpm/1800.0rpm600.0Nm30.0deg.csv,10800,True,-0.03906595892020135,0.01150857171356558,-0.050574530633766934,0.050574530633766934,3.034471838026016,0.05100946448875965,0.006646978155839102,0.8660447259638385,0.045853639640108156,0.05470948224183819,-0.008855842601730037,0.017730711974920755,0,-0.87890625,0.003856872941599449,0.016965139333955683,0.27485274376273106,0.6739081496719437,0.2504454866875613,0.04265574936050287,0.8499239964336194,True
speed_1800rpm__torque_700Nm__temperature_30degC,test,1800.0,700.0,30.0,data/simplified_dataset/Test_30degree/1800rpm/1800.0rpm700.0Nm30.0deg.csv,10800,True,-0.043345928415446766,0.014065529114446992,-0.05741145752989376,0.05741145752989376,3.4446874517936257,0.05771724102406108,0.005933334283753566,0.891472392325783,0.046370596649253484,0.056143870411450775,-0.00977327376219729,0.01595530955666946,0,8.26171875,0.004050114786900433,0.020002715219344915,0.31388041745758155,0.9988116129498935,0.29830535430425104,0.04864841843007123,0.9461658573013836,True
speed_1800rpm__torque_900Nm__temperature_35degC,test,1800.0,900.0,35.0,data/simplified_dataset/Test_35degree/1800rpm/1800.0rpm900.0Nm35.0deg.csv,10800,True,-0.05263538496779026,0.022518764699157603,-0.07515414966694786,0.07515414966694786,4.509248980016872,0.07541628794875574,0.006282537370174605,0.8794581469028844,0.04853260473767397,0.05566592684264804,-0.007133322104974069,0.01675630022786723,0,-3.1640625,0.003920769506601272,0.0181584567752953,0.44917421894284865,1.5888924193359935,0.5129092769818232,0.3716884864188562,1.0411505875339337,True
