W0427 19:27:43.870000 9580 site-packages\torch\utils\flop_counter.py:29] triton not found; flop counting will not work for triton kernels
[INFO] Loading original-dataset exact config | R:\config\paper_reimplementation\rcim_ml_compensation\original_dataset_exact_model_bank\campaigns\track1\exact_paper\forward_open_cell_repair\lgbm\2026-04-27_track1_forward_lgbm_phase_h3_open_cell_repair\001_track1_forward_lgbm_phase_h3_open_cell_repair_attempt_01.yaml
[INFO] Building original-dataset exact bundle
[INFO] Original-dataset exact bundle ready | direction=forward rows=969 targets=1 families=1
[INFO] Family fit started | family=LGBM estimator=LGBMRegressor targets=1 threadpool_limit=1 joblib_cpu_limit=system_default os_cpu_count=32
[INFO] Family target scope | family=LGBM kinds=phase harmonics=3 preview=fft_y_Fw_filtered_phase_3
[INFO] Grid search configured | family=LGBM candidates=600 parameter_count=4 n_jobs=-1 verbose=2 pre_dispatch=2*n_jobs
W0427 19:28:36.059000 39764 site-packages\torch\utils\flop_counter.py:29] triton not found; flop counting will not work for triton kernels
W0427 19:28:36.130000 39196 site-packages\torch\utils\flop_counter.py:29] triton not found; flop counting will not work for triton kernels
W0427 19:28:36.133000 28116 site-packages\torch\utils\flop_counter.py:29] triton not found; flop counting will not work for triton kernels
W0427 19:28:36.161000 43708 site-packages\torch\utils\flop_counter.py:29] triton not found; flop counting will not work for triton kernels
W0427 19:28:36.350000 31180 site-packages\torch\utils\flop_counter.py:29] triton not found; flop counting will not work for triton kernels
W0427 19:28:36.379000 39464 site-packages\torch\utils\flop_counter.py:29] triton not found; flop counting will not work for triton kernels
W0427 19:28:36.402000 43040 site-packages\torch\utils\flop_counter.py:29] triton not found; flop counting will not work for triton kernels
W0427 19:28:36.612000 44048 site-packages\torch\utils\flop_counter.py:29] triton not found; flop counting will not work for triton kernels
W0427 19:28:36.721000 23192 site-packages\torch\utils\flop_counter.py:29] triton not found; flop counting will not work for triton kernels
W0427 19:28:36.733000 37172 site-packages\torch\utils\flop_counter.py:29] triton not found; flop counting will not work for triton kernels
W0427 19:28:36.784000 40468 site-packages\torch\utils\flop_counter.py:29] triton not found; flop counting will not work for triton kernels
W0427 19:28:36.786000 27728 site-packages\torch\utils\flop_counter.py:29] triton not found; flop counting will not work for triton kernels
W0427 19:28:36.807000 39360 site-packages\torch\utils\flop_counter.py:29] triton not found; flop counting will not work for triton kernels
W0427 19:28:36.900000 43080 site-packages\torch\utils\flop_counter.py:29] triton not found; flop counting will not work for triton kernels
W0427 19:28:36.987000 42828 site-packages\torch\utils\flop_counter.py:29] triton not found; flop counting will not work for triton kernels
W0427 19:28:37.159000 40304 site-packages\torch\utils\flop_counter.py:29] triton not found; flop counting will not work for triton kernels
W0427 19:28:37.214000 41508 site-packages\torch\utils\flop_counter.py:29] triton not found; flop counting will not work for triton kernels
W0427 19:28:37.325000 43644 site-packages\torch\utils\flop_counter.py:29] triton not found; flop counting will not work for triton kernels
W0427 19:28:37.377000 43900 site-packages\torch\utils\flop_counter.py:29] triton not found; flop counting will not work for triton kernels
W0427 19:28:37.399000 44328 site-packages\torch\utils\flop_counter.py:29] triton not found; flop counting will not work for triton kernels
W0427 19:28:37.403000 22892 site-packages\torch\utils\flop_counter.py:29] triton not found; flop counting will not work for triton kernels
W0427 19:28:37.437000 39724 site-packages\torch\utils\flop_counter.py:29] triton not found; flop counting will not work for triton kernels
W0427 19:28:37.441000 45640 site-packages\torch\utils\flop_counter.py:29] triton not found; flop counting will not work for triton kernels
W0427 19:28:37.445000 34452 site-packages\torch\utils\flop_counter.py:29] triton not found; flop counting will not work for triton kernels
W0427 19:28:37.445000 40992 site-packages\torch\utils\flop_counter.py:29] triton not found; flop counting will not work for triton kernels
W0427 19:28:37.458000 8348 site-packages\torch\utils\flop_counter.py:29] triton not found; flop counting will not work for triton kernels
W0427 19:28:37.461000 18528 site-packages\torch\utils\flop_counter.py:29] triton not found; flop counting will not work for triton kernels
W0427 19:28:37.461000 16892 site-packages\torch\utils\flop_counter.py:29] triton not found; flop counting will not work for triton kernels
W0427 19:28:37.464000 41208 site-packages\torch\utils\flop_counter.py:29] triton not found; flop counting will not work for triton kernels
W0427 19:28:37.471000 39088 site-packages\torch\utils\flop_counter.py:29] triton not found; flop counting will not work for triton kernels
W0427 19:28:37.473000 28208 site-packages\torch\utils\flop_counter.py:29] triton not found; flop counting will not work for triton kernels
W0427 19:28:37.484000 43464 site-packages\torch\utils\flop_counter.py:29] triton not found; flop counting will not work for triton kernels
[CV] END estimator__learning_rate=0.01, estimator__max_depth=10, estimator__num_leaves=2, estimator__subsample=0.1; total time=   4.5s
[CV] END estimator__learning_rate=0.01, estimator__max_depth=10, estimator__num_leaves=10, estimator__subsample=0.01; total time=   1.0s
[CV] END estimator__learning_rate=0.01, estimator__max_depth=11, estimator__num_leaves=2, estimator__subsample=0.001; total time=   0.1s
[CV] END estimator__learning_rate=0.01, estimator__max_depth=11, estimator__num_leaves=2, estimator__subsample=0.01; total time=   0.1s
[CV] END estimator__learning_rate=0.01, estimator__max_depth=11, estimator__num_leaves=4, estimator__subsample=0.001; total time=   0.2s
[CV] END estimator__learning_rate=0.01, estimator__max_depth=11, estimator__num_leaves=4, estimator__subsample=0.1; total time=   0.3s
[CV] END estimator__learning_rate=0.01, estimator__max_depth=11, estimator__num_leaves=6, estimator__subsample=0.1; total time=   0.4s
[CV] END estimator__learning_rate=0.01, estimator__max_depth=11, estimator__num_leaves=8, estimator__subsample=0.2; total time=   0.6s
[CV] END estimator__learning_rate=0.01, estimator__max_depth=11, estimator__num_leaves=31, estimator__subsample=0.01; total time=   1.5s
[CV] END estimator__learning_rate=0.01, estimator__max_depth=12, estimator__num_leaves=6, estimator__subsample=0.2; total time=   0.5s
[CV] END estimator__learning_rate=0.01, estimator__max_depth=12, estimator__num_leaves=10, estimator__subsample=0.1; total time=   0.8s
[CV] END estimator__learning_rate=0.01, estimator__max_depth=13, estimator__num_leaves=2, estimator__subsample=0.001; total time=   0.1s
[CV] END estimator__learning_rate=0.01, estimator__max_depth=13, estimator__num_leaves=2, estimator__subsample=0.01; total time=   0.1s
[CV] END estimator__learning_rate=0.01, estimator__max_depth=13, estimator__num_leaves=2, estimator__subsample=0.2; total time=   0.1s
[CV] END estimator__learning_rate=0.01, estimator__max_depth=13, estimator__num_leaves=4, estimator__subsample=0.01; total time=   0.2s
[CV] END estimator__learning_rate=0.01, estimator__max_depth=13, estimator__num_leaves=6, estimator__subsample=0.001; total time=   0.4s
[CV] END estimator__learning_rate=0.01, estimator__max_depth=13, estimator__num_leaves=8, estimator__subsample=0.001; total time=   0.6s
[CV] END estimator__learning_rate=0.01, estimator__max_depth=13, estimator__num_leaves=10, estimator__subsample=0.2; total time=   0.8s
[CV] END estimator__learning_rate=0.01, estimator__max_depth=14, estimator__num_leaves=2, estimator__subsample=0.1; total time=   0.1s
[CV] END estimator__learning_rate=0.01, estimator__max_depth=14, estimator__num_leaves=4, estimator__subsample=0.01; total time=   0.2s
[CV] END estimator__learning_rate=0.01, estimator__max_depth=14, estimator__num_leaves=4, estimator__subsample=0.2; total time=   0.2s
[CV] END estimator__learning_rate=0.01, estimator__max_depth=14, estimator__num_leaves=6, estimator__subsample=0.1; total time=   0.5s
[CV] END estimator__learning_rate=0.01, estimator__max_depth=14, estimator__num_leaves=10, estimator__subsample=0.001; total time=   0.8s
[CV] END estimator__learning_rate=0.01, estimator__max_depth=14, estimator__num_leaves=31, estimator__subsample=0.1; total time=   1.9s
[CV] END estimator__learning_rate=0.2, estimator__max_depth=10, estimator__num_leaves=10, estimator__subsample=0.1; total time=   0.8s
[CV] END estimator__learning_rate=0.2, estimator__max_depth=11, estimator__num_leaves=2, estimator__subsample=0.001; total time=   0.0s
[CV] END estimator__learning_rate=0.2, estimator__max_depth=11, estimator__num_leaves=2, estimator__subsample=0.01; total time=   0.1s
[CV] END estimator__learning_rate=0.2, estimator__max_depth=11, estimator__num_leaves=2, estimator__subsample=0.2; total time=   0.1s
[CV] END estimator__learning_rate=0.2, estimator__max_depth=11, estimator__num_leaves=4, estimator__subsample=0.1; total time=   0.2s
[CV] END estimator__learning_rate=0.2, estimator__max_depth=11, estimator__num_leaves=6, estimator__subsample=0.001; total time=   0.4s
[CV] END estimator__learning_rate=0.2, estimator__max_depth=11, estimator__num_leaves=8, estimator__subsample=0.01; total time=   0.6s
[CV] END estimator__learning_rate=0.2, estimator__max_depth=11, estimator__num_leaves=10, estimator__subsample=0.2; total time=   0.7s
[CV] END estimator__learning_rate=0.2, estimator__max_depth=12, estimator__num_leaves=2, estimator__subsample=0.1; total time=   0.1s
[CV] END estimator__learning_rate=0.2, estimator__max_depth=12, estimator__num_leaves=4, estimator__subsample=0.001; total time=   0.2s
[CV] END estimator__learning_rate=0.2, estimator__max_depth=12, estimator__num_leaves=4, estimator__subsample=0.2; total time=   0.2s
[CV] END estimator__learning_rate=0.2, estimator__max_depth=12, estimator__num_leaves=6, estimator__subsample=0.01; total time=   0.4s
[CV] END estimator__learning_rate=0.2, estimator__max_depth=12, estimator__num_leaves=8, estimator__subsample=0.2; total time=   0.6s
[CV] END estimator__learning_rate=0.2, estimator__max_depth=12, estimator__num_leaves=31, estimator__subsample=0.1; total time=   1.6s
[CV] END estimator__learning_rate=0.2, estimator__max_depth=13, estimator__num_leaves=8, estimator__subsample=0.001; total time=   0.6s
[CV] END estimator__learning_rate=0.2, estimator__max_depth=13, estimator__num_leaves=10, estimator__subsample=0.2; total time=   0.8s
[CV] END estimator__learning_rate=0.2, estimator__max_depth=14, estimator__num_leaves=2, estimator__subsample=0.1; total time=   0.1s
[CV] END estimator__learning_rate=0.2, estimator__max_depth=14, estimator__num_leaves=4, estimator__subsample=0.001; total time=   0.2s
[CV] END estimator__learning_rate=0.2, estimator__max_depth=14, estimator__num_leaves=4, estimator__subsample=0.2; total time=   0.2s
[CV] END estimator__learning_rate=0.2, estimator__max_depth=14, estimator__num_leaves=6, estimator__subsample=0.01; total time=   0.4s
[CV] END estimator__learning_rate=0.2, estimator__max_depth=14, estimator__num_leaves=8, estimator__subsample=0.2; total time=   0.6s
[CV] END estimator__learning_rate=0.2, estimator__max_depth=14, estimator__num_leaves=31, estimator__subsample=0.01; total time=   1.5s
[CV] END estimator__learning_rate=0.39, estimator__max_depth=10, estimator__num_leaves=6, estimator__subsample=0.2; total time=   0.4s
[CV] END estimator__learning_rate=0.39, estimator__max_depth=10, estimator__num_leaves=10, estimator__subsample=0.01; total time=   0.7s
[CV] END estimator__learning_rate=0.39, estimator__max_depth=11, estimator__num_leaves=2, estimator__subsample=0.001; total time=   0.0s
[CV] END estimator__learning_rate=0.39, estimator__max_depth=11, estimator__num_leaves=2, estimator__subsample=0.01; total time=   0.1s
[CV] END estimator__learning_rate=0.39, estimator__max_depth=11, estimator__num_leaves=2, estimator__subsample=0.2; total time=   0.1s
[CV] END estimator__learning_rate=0.39, estimator__max_depth=11, estimator__num_leaves=4, estimator__subsample=0.01; total time=   0.2s
[CV] END estimator__learning_rate=0.39, estimator__max_depth=11, estimator__num_leaves=6, estimator__subsample=0.001; total time=   0.4s
[CV] END estimator__learning_rate=0.39, estimator__max_depth=11, estimator__num_leaves=8, estimator__subsample=0.001; total time=   0.6s
[CV] END estimator__learning_rate=0.39, estimator__max_depth=11, estimator__num_leaves=10, estimator__subsample=0.2; total time=   0.7s
[CV] END estimator__learning_rate=0.39, estimator__max_depth=12, estimator__num_leaves=2, estimator__subsample=0.1; total time=   0.1s
[CV] END estimator__learning_rate=0.39, estimator__max_depth=12, estimator__num_leaves=4, estimator__subsample=0.001; total time=   0.2s
[CV] END estimator__learning_rate=0.39, estimator__max_depth=12, estimator__num_leaves=4, estimator__subsample=0.1; total time=   0.2s
[CV] END estimator__learning_rate=0.39, estimator__max_depth=12, estimator__num_leaves=6, estimator__subsample=0.01; total time=   0.4s
[CV] END estimator__learning_rate=0.39, estimator__max_depth=12, estimator__num_leaves=8, estimator__subsample=0.2; total time=   0.6s[CV] END estimator__learning_rate=0.01, estimator__max_depth=10, estimator__num_leaves=2, estimator__subsample=0.01; total time=   4.2s
[CV] END estimator__learning_rate=0.01, estimator__max_depth=10, estimator__num_leaves=6, estimator__subsample=0.2; total time=   0.2s
[CV] END estimator__learning_rate=0.01, estimator__max_depth=10, estimator__num_leaves=8, estimator__subsample=0.1; total time=   0.5s
[CV] END estimator__learning_rate=0.01, estimator__max_depth=10, estimator__num_leaves=10, estimator__subsample=0.1; total time=   1.0s
[CV] END estimator__learning_rate=0.01, estimator__max_depth=11, estimator__num_leaves=2, estimator__subsample=0.001; total time=   0.1s
[CV] END estimator__learning_rate=0.01, estimator__max_depth=11, estimator__num_leaves=2, estimator__subsample=0.1; total time=   0.1s
[CV] END estimator__learning_rate=0.01, estimator__max_depth=11, estimator__num_leaves=4, estimator__subsample=0.001; total time=   0.2s
[CV] END estimator__learning_rate=0.01, estimator__max_depth=11, estimator__num_leaves=4, estimator__subsample=0.1; total time=   0.3s
[CV] END estimator__learning_rate=0.01, estimator__max_depth=11, estimator__num_leaves=6, estimator__subsample=0.1; total time=   0.4s
[CV] END estimator__learning_rate=0.01, estimator__max_depth=11, estimator__num_leaves=8, estimator__subsample=0.2; total time=   0.6s
[CV] END estimator__learning_rate=0.01, estimator__max_depth=11, estimator__num_leaves=31, estimator__subsample=0.1; total time=   1.5s
[CV] END estimator__learning_rate=0.01, estimator__max_depth=12, estimator__num_leaves=8, estimator__subsample=0.001; total time=   0.6s
[CV] END estimator__learning_rate=0.01, estimator__max_depth=12, estimator__num_leaves=10, estimator__subsample=0.1; total time=   0.8s
[CV] END estimator__learning_rate=0.01, estimator__max_depth=13, estimator__num_leaves=2, estimator__subsample=0.1; total time=   0.1s
[CV] END estimator__learning_rate=0.01, estimator__max_depth=13, estimator__num_leaves=4, estimator__subsample=0.001; total time=   0.2s
[CV] END estimator__learning_rate=0.01, estimator__max_depth=13, estimator__num_leaves=4, estimator__subsample=0.1; total time=   0.2s
[CV] END estimator__learning_rate=0.01, estimator__max_depth=13, estimator__num_leaves=6, estimator__subsample=0.01; total time=   0.5s
[CV] END estimator__learning_rate=0.01, estimator__max_depth=13, estimator__num_leaves=8, estimator__subsample=0.2; total time=   0.6s
[CV] END estimator__learning_rate=0.01, estimator__max_depth=13, estimator__num_leaves=31, estimator__subsample=0.1; total time=   1.6s
[CV] END estimator__learning_rate=0.01, estimator__max_depth=14, estimator__num_leaves=8, estimator__subsample=0.001; total time=   0.6s
[CV] END estimator__learning_rate=0.01, estimator__max_depth=14, estimator__num_leaves=10, estimator__subsample=0.2; total time=   0.8s
[CV] END estimator__learning_rate=0.2, estimator__max_depth=10, estimator__num_leaves=2, estimator__subsample=0.1; total time=   0.1s
[CV] END estimator__learning_rate=0.2, estimator__max_depth=10, estimator__num_leaves=4, estimator__subsample=0.01; total time=   0.2s
[CV] END estimator__learning_rate=0.2, estimator__max_depth=10, estimator__num_leaves=4, estimator__subsample=0.2; total time=   0.2s
[CV] END estimator__learning_rate=0.2, estimator__max_depth=10, estimator__num_leaves=6, estimator__subsample=0.01; total time=   0.4s
[CV] END estimator__learning_rate=0.2, estimator__max_depth=10, estimator__num_leaves=8, estimator__subsample=0.2; total time=   0.6s
[CV] END estimator__learning_rate=0.2, estimator__max_depth=10, estimator__num_leaves=31, estimator__subsample=0.01; total time=   1.5s
[CV] END estimator__learning_rate=0.2, estimator__max_depth=11, estimator__num_leaves=8, estimator__subsample=0.001; total time=   0.6s
[CV] END estimator__learning_rate=0.2, estimator__max_depth=11, estimator__num_leaves=10, estimator__subsample=0.1; total time=   0.8s
[CV] END estimator__learning_rate=0.2, estimator__max_depth=12, estimator__num_leaves=2, estimator__subsample=0.01; total time=   0.1s
[CV] END estimator__learning_rate=0.2, estimator__max_depth=12, estimator__num_leaves=4, estimator__subsample=0.001; total time=   0.2s
[CV] END estimator__learning_rate=0.2, estimator__max_depth=12, estimator__num_leaves=4, estimator__subsample=0.1; total time=   0.2s
[CV] END estimator__learning_rate=0.2, estimator__max_depth=12, estimator__num_leaves=6, estimator__subsample=0.001; total time=   0.4s
[CV] END estimator__learning_rate=0.2, estimator__max_depth=12, estimator__num_leaves=8, estimator__subsample=0.1; total time=   0.6s
[CV] END estimator__learning_rate=0.2, estimator__max_depth=12, estimator__num_leaves=31, estimator__subsample=0.01; total time=   1.6s
[CV] END estimator__learning_rate=0.2, estimator__max_depth=13, estimator__num_leaves=6, estimator__subsample=0.2; total time=   0.4s
[CV] END estimator__learning_rate=0.2, estimator__max_depth=13, estimator__num_leaves=10, estimator__subsample=0.01; total time=   0.8s
[CV] END estimator__learning_rate=0.2, estimator__max_depth=14, estimator__num_leaves=2, estimator__subsample=0.001; total time=   0.0s
[CV] END estimator__learning_rate=0.2, estimator__max_depth=14, estimator__num_leaves=2, estimator__subsample=0.01; total time=   0.1s
[CV] END estimator__learning_rate=0.2, estimator__max_depth=14, estimator__num_leaves=2, estimator__subsample=0.2; total time=   0.1s
[CV] END estimator__learning_rate=0.2, estimator__max_depth=14, estimator__num_leaves=4, estimator__subsample=0.01; total time=   0.2s
[CV] END estimator__learning_rate=0.2, estimator__max_depth=14, estimator__num_leaves=6, estimator__subsample=0.001; total time=   0.4s
[CV] END estimator__learning_rate=0.2, estimator__max_depth=14, estimator__num_leaves=8, estimator__subsample=0.001; total time=   0.6s
[CV] END estimator__learning_rate=0.2, estimator__max_depth=14, estimator__num_leaves=10, estimator__subsample=0.2; total time=   0.8s
[CV] END estimator__learning_rate=0.39, estimator__max_depth=10, estimator__num_leaves=2, estimator__subsample=0.1; total time=   0.1s
[CV] END estimator__learning_rate=0.39, estimator__max_depth=10, estimator__num_leaves=4, estimator__subsample=0.001; total time=   0.2s
[CV] END estimator__learning_rate=0.39, estimator__max_depth=10, estimator__num_leaves=4, estimator__subsample=0.1; total time=   0.2s
[CV] END estimator__learning_rate=0.39, estimator__max_depth=10, estimator__num_leaves=6, estimator__subsample=0.01; total time=   0.4s
[CV] END estimator__learning_rate=0.39, estimator__max_depth=10, estimator__num_leaves=8, estimator__subsample=0.1; total time=   0.6s
[CV] END estimator__learning_rate=0.39, estimator__max_depth=10, estimator__num_leaves=31, estimator__subsample=0.01; total time=   1.5s
[CV] END estimator__learning_rate=0.39, estimator__max_depth=11, estimator__num_leaves=6, estimator__subsample=0.2; total time=   0.4s
[CV] END estimator__learning_rate=0.39, estimator__max_depth=11, estimator__num_leaves=10, estimator__subsample=0.01; total time=   0.9s
[CV] END estimator__learning_rate=0.39, estimator__max_depth=12, estimator__num_leaves=2, estimator__subsample=0.01; total time=   0.1s
[CV] END estimator__learning_rate=0.39, estimator__max_depth=12, estimator__num_leaves=2, estimator__subsample=0.2; total time=   0.1s
[CV] END estimator__learning_rate=0.39, estimator__max_depth=12, estimator__num_leaves=4, estimator__subsample=0.01; total time=   0.2s
[CV] END estimator__learning_rate=0.39, estimator__max_depth=12, estimator__num_leaves=6, estimator__subsample=0.001; total time=   0.4s
[CV] END estimator__learning_rate=0.39, estimator__max_depth=12, estimator__num_leaves=8, estimator__subsample=0.01; total time=   0.6s
[CV] END estimator__learning_rate=0.39, estimator__max_depth=12, estimator__num_leaves=10, estimator__subsample=0.2; total time=   0.8s
[CV] END estimator__learning_rate=0.39, estimator__max_depth=13, estimator__num_leaves=2, estimator__subsample=0.1; total time=   0.1s
[CV] END estimator__learning_rate=0.39, estimator__max_depth=13, estimator__num_leaves=4, estimator__subsample=0.01; total time=   0.2s
[CV] END estimator__learning_rate=0.01, estimator__max_depth=10, estimator__num_leaves=2, estimator__subsample=0.01; total time=   4.2s
[CV] END estimator__learning_rate=0.01, estimator__max_depth=10, estimator__num_leaves=4, estimator__subsample=0.2; total time=   0.0s
[CV] END estimator__learning_rate=0.01, estimator__max_depth=10, estimator__num_leaves=6, estimator__subsample=0.001; total time=   0.1s
[CV] END estimator__learning_rate=0.01, estimator__max_depth=10, estimator__num_leaves=6, estimator__subsample=0.01; total time=   0.2s
[CV] END estimator__learning_rate=0.01, estimator__max_depth=10, estimator__num_leaves=8, estimator__subsample=0.001; total time=   0.3s
[CV] END estimator__learning_rate=0.01, estimator__max_depth=10, estimator__num_leaves=8, estimator__subsample=0.2; total time=   0.9s
[CV] END estimator__learning_rate=0.01, estimator__max_depth=10, estimator__num_leaves=31, estimator__subsample=0.01; total time=   1.5s
[CV] END estimator__learning_rate=0.01, estimator__max_depth=11, estimator__num_leaves=6, estimator__subsample=0.2; total time=   0.5s
[CV] END estimator__learning_rate=0.01, estimator__max_depth=11, estimator__num_leaves=10, estimator__subsample=0.1; total time=   0.8s
[CV] END estimator__learning_rate=0.01, estimator__max_depth=12, estimator__num_leaves=2, estimator__subsample=0.001; total time=   0.0s
[CV] END estimator__learning_rate=0.01, estimator__max_depth=12, estimator__num_leaves=2, estimator__subsample=0.001; total time=   0.1s
[CV] END estimator__learning_rate=0.01, estimator__max_depth=12, estimator__num_leaves=2, estimator__subsample=0.1; total time=   0.1s
[CV] END estimator__learning_rate=0.01, estimator__max_depth=12, estimator__num_leaves=4, estimator__subsample=0.001; total time=   0.2s
[CV] END estimator__learning_rate=0.01, estimator__max_depth=12, estimator__num_leaves=4, estimator__subsample=0.2; total time=   0.2s
[CV] END estimator__learning_rate=0.01, estimator__max_depth=12, estimator__num_leaves=6, estimator__subsample=0.01; total time=   0.5s
[CV] END estimator__learning_rate=0.01, estimator__max_depth=12, estimator__num_leaves=8, estimator__subsample=0.2; total time=   0.6s
[CV] END estimator__learning_rate=0.01, estimator__max_depth=12, estimator__num_leaves=31, estimator__subsample=0.1; total time=   1.5s
[CV] END estimator__learning_rate=0.01, estimator__max_depth=13, estimator__num_leaves=8, estimator__subsample=0.001; total time=   0.6s
[CV] END estimator__learning_rate=0.01, estimator__max_depth=13, estimator__num_leaves=10, estimator__subsample=0.1; total time=   0.8s
[CV] END estimator__learning_rate=0.01, estimator__max_depth=14, estimator__num_leaves=2, estimator__subsample=0.01; total time=   0.1s
[CV] END estimator__learning_rate=0.01, estimator__max_depth=14, estimator__num_leaves=4, estimator__subsample=0.001; total time=   0.2s
[CV] END estimator__learning_rate=0.01, estimator__max_depth=14, estimator__num_leaves=4, estimator__subsample=0.1; total time=   0.2s
[CV] END estimator__learning_rate=0.01, estimator__max_depth=14, estimator__num_leaves=6, estimator__subsample=0.01; total time=   0.5s
[CV] END estimator__learning_rate=0.01, estimator__max_depth=14, estimator__num_leaves=8, estimator__subsample=0.2; total time=   0.6s
[CV] END estimator__learning_rate=0.01, estimator__max_depth=14, estimator__num_leaves=31, estimator__subsample=0.01; total time=   1.5s
[CV] END estimator__learning_rate=0.2, estimator__max_depth=10, estimator__num_leaves=6, estimator__subsample=0.2; total time=   0.4s
[CV] END estimator__learning_rate=0.2, estimator__max_depth=10, estimator__num_leaves=10, estimator__subsample=0.01; total time=   0.8s
[CV] END estimator__learning_rate=0.2, estimator__max_depth=10, estimator__num_leaves=31, estimator__subsample=0.2; total time=   1.5s
[CV] END estimator__learning_rate=0.2, estimator__max_depth=11, estimator__num_leaves=8, estimator__subsample=0.1; total time=   0.6s
[CV] END estimator__learning_rate=0.2, estimator__max_depth=11, estimator__num_leaves=31, estimator__subsample=0.01; total time=   1.5s
[CV] END estimator__learning_rate=0.2, estimator__max_depth=12, estimator__num_leaves=6, estimator__subsample=0.2; total time=   0.4s
[CV] END estimator__learning_rate=0.2, estimator__max_depth=12, estimator__num_leaves=10, estimator__subsample=0.1; total time=   0.8s
[CV] END estimator__learning_rate=0.2, estimator__max_depth=13, estimator__num_leaves=2, estimator__subsample=0.001; total time=   0.1s
[CV] END estimator__learning_rate=0.2, estimator__max_depth=13, estimator__num_leaves=2, estimator__subsample=0.01; total time=   0.1s
[CV] END estimator__learning_rate=0.2, estimator__max_depth=13, estimator__num_leaves=2, estimator__subsample=0.2; total time=   0.1s
[CV] END estimator__learning_rate=0.2, estimator__max_depth=13, estimator__num_leaves=4, estimator__subsample=0.01; total time=   0.2s
[CV] END estimator__learning_rate=0.2, estimator__max_depth=13, estimator__num_leaves=6, estimator__subsample=0.001; total time=   0.4s
[CV] END estimator__learning_rate=0.2, estimator__max_depth=13, estimator__num_leaves=8, estimator__subsample=0.001; total time=   0.6s
[CV] END estimator__learning_rate=0.2, estimator__max_depth=13, estimator__num_leaves=10, estimator__subsample=0.2; total time=   0.8s
[CV] END estimator__learning_rate=0.2, estimator__max_depth=14, estimator__num_leaves=2, estimator__subsample=0.1; total time=   0.1s
[CV] END estimator__learning_rate=0.2, estimator__max_depth=14, estimator__num_leaves=4, estimator__subsample=0.001; total time=   0.2s
[CV] END estimator__learning_rate=0.2, estimator__max_depth=14, estimator__num_leaves=4, estimator__subsample=0.2; total time=   0.2s
[CV] END estimator__learning_rate=0.2, estimator__max_depth=14, estimator__num_leaves=6, estimator__subsample=0.01; total time=   0.4s
[CV] END estimator__learning_rate=0.2, estimator__max_depth=14, estimator__num_leaves=8, estimator__subsample=0.2; total time=   0.6s
[CV] END estimator__learning_rate=0.2, estimator__max_depth=14, estimator__num_leaves=31, estimator__subsample=0.01; total time=   1.6s
[CV] END estimator__learning_rate=0.39, estimator__max_depth=10, estimator__num_leaves=6, estimator__subsample=0.2; total time=   0.4s
[CV] END estimator__learning_rate=0.39, estimator__max_depth=10, estimator__num_leaves=10, estimator__subsample=0.1; total time=   0.7s
[CV] END estimator__learning_rate=0.39, estimator__max_depth=11, estimator__num_leaves=2, estimator__subsample=0.001; total time=   0.0s
[CV] END estimator__learning_rate=0.39, estimator__max_depth=11, estimator__num_leaves=2, estimator__subsample=0.01; total time=   0.1s
[CV] END estimator__learning_rate=0.39, estimator__max_depth=11, estimator__num_leaves=2, estimator__subsample=0.2; total time=   0.1s
[CV] END estimator__learning_rate=0.39, estimator__max_depth=11, estimator__num_leaves=4, estimator__subsample=0.01; total time=   0.2s
[CV] END estimator__learning_rate=0.39, estimator__max_depth=11, estimator__num_leaves=6, estimator__subsample=0.001; total time=   0.4s
[CV] END estimator__learning_rate=0.39, estimator__max_depth=11, estimator__num_leaves=8, estimator__subsample=0.01; total time=   0.6s
[CV] END estimator__learning_rate=0.39, estimator__max_depth=11, estimator__num_leaves=10, estimator__subsample=0.2; total time=   0.8s
[CV] END estimator__learning_rate=0.39, estimator__max_depth=12, estimator__num_leaves=2, estimator__subsample=0.1; total time=   0.1s
[CV] END estimator__learning_rate=0.39, estimator__max_depth=12, estimator__num_leaves=4, estimator__subsample=0.001; total time=   0.2s
[CV] END estimator__learning_rate=0.39, estimator__max_depth=12, estimator__num_leaves=4, estimator__subsample=0.2; total time=   0.2s
[CV] END estimator__learning_rate=0.39, estimator__max_depth=12, estimator__num_leaves=6, estimator__subsample=0.01; total time=   0.4s
[CV] END estimator__learning_rate=0.39, estimator__max_depth=12, estimator__num_leaves=8, estimator__subsample=0.2; total time=   0.6s
[CV] END estimator__learning_rate=0.39, estimator__max_depth=12, estimator__num_leaves=31, estimator__subsample=0.1; total time=   1.5s[CV] END estimator__learning_rate=0.01, estimator__max_depth=10, estimator__num_leaves=2, estimator__subsample=0.001; total time=   4.5s
[CV] END estimator__learning_rate=0.01, estimator__max_depth=10, estimator__num_leaves=4, estimator__subsample=0.2; total time=   0.0s
[CV] END estimator__learning_rate=0.01, estimator__max_depth=10, estimator__num_leaves=6, estimator__subsample=0.001; total time=   0.1s
[CV] END estimator__learning_rate=0.01, estimator__max_depth=10, estimator__num_leaves=6, estimator__subsample=0.01; total time=   0.2s
[CV] END estimator__learning_rate=0.01, estimator__max_depth=10, estimator__num_leaves=8, estimator__subsample=0.001; total time=   0.3s
[CV] END estimator__learning_rate=0.01, estimator__max_depth=10, estimator__num_leaves=8, estimator__subsample=0.2; total time=   0.9s
[CV] END estimator__learning_rate=0.01, estimator__max_depth=10, estimator__num_leaves=31, estimator__subsample=0.01; total time=   1.6s
[CV] END estimator__learning_rate=0.01, estimator__max_depth=11, estimator__num_leaves=8, estimator__subsample=0.001; total time=   0.6s
[CV] END estimator__learning_rate=0.01, estimator__max_depth=11, estimator__num_leaves=10, estimator__subsample=0.1; total time=   0.8s
[CV] END estimator__learning_rate=0.01, estimator__max_depth=12, estimator__num_leaves=2, estimator__subsample=0.01; total time=   0.1s
[CV] END estimator__learning_rate=0.01, estimator__max_depth=12, estimator__num_leaves=2, estimator__subsample=0.2; total time=   0.1s
[CV] END estimator__learning_rate=0.01, estimator__max_depth=12, estimator__num_leaves=4, estimator__subsample=0.01; total time=   0.2s
[CV] END estimator__learning_rate=0.01, estimator__max_depth=12, estimator__num_leaves=4, estimator__subsample=0.2; total time=   0.2s
[CV] END estimator__learning_rate=0.01, estimator__max_depth=12, estimator__num_leaves=6, estimator__subsample=0.1; total time=   0.5s
[CV] END estimator__learning_rate=0.01, estimator__max_depth=12, estimator__num_leaves=10, estimator__subsample=0.001; total time=   0.8s
[CV] END estimator__learning_rate=0.01, estimator__max_depth=12, estimator__num_leaves=31, estimator__subsample=0.2; total time=   1.5s
[CV] END estimator__learning_rate=0.01, estimator__max_depth=13, estimator__num_leaves=8, estimator__subsample=0.1; total time=   0.6s
[CV] END estimator__learning_rate=0.01, estimator__max_depth=13, estimator__num_leaves=31, estimator__subsample=0.001; total time=   1.5s
[CV] END estimator__learning_rate=0.01, estimator__max_depth=14, estimator__num_leaves=6, estimator__subsample=0.1; total time=   0.5s
[CV] END estimator__learning_rate=0.01, estimator__max_depth=14, estimator__num_leaves=10, estimator__subsample=0.001; total time=   0.8s
[CV] END estimator__learning_rate=0.01, estimator__max_depth=14, estimator__num_leaves=31, estimator__subsample=0.2; total time=   1.6s
[CV] END estimator__learning_rate=0.2, estimator__max_depth=10, estimator__num_leaves=8, estimator__subsample=0.1; total time=   0.6s
[CV] END estimator__learning_rate=0.2, estimator__max_depth=10, estimator__num_leaves=31, estimator__subsample=0.001; total time=   1.6s
[CV] END estimator__learning_rate=0.2, estimator__max_depth=11, estimator__num_leaves=6, estimator__subsample=0.2; total time=   0.4s
[CV] END estimator__learning_rate=0.2, estimator__max_depth=11, estimator__num_leaves=10, estimator__subsample=0.01; total time=   0.7s
[CV] END estimator__learning_rate=0.2, estimator__max_depth=12, estimator__num_leaves=2, estimator__subsample=0.001; total time=   0.0s
[CV] END estimator__learning_rate=0.2, estimator__max_depth=12, estimator__num_leaves=2, estimator__subsample=0.001; total time=   0.1s
[CV] END estimator__learning_rate=0.2, estimator__max_depth=12, estimator__num_leaves=2, estimator__subsample=0.1; total time=   0.1s
[CV] END estimator__learning_rate=0.2, estimator__max_depth=12, estimator__num_leaves=4, estimator__subsample=0.01; total time=   0.2s
[CV] END estimator__learning_rate=0.2, estimator__max_depth=12, estimator__num_leaves=6, estimator__subsample=0.001; total time=   0.4s
[CV] END estimator__learning_rate=0.2, estimator__max_depth=12, estimator__num_leaves=8, estimator__subsample=0.001; total time=   0.6s
[CV] END estimator__learning_rate=0.2, estimator__max_depth=12, estimator__num_leaves=10, estimator__subsample=0.1; total time=   0.8s
[CV] END estimator__learning_rate=0.2, estimator__max_depth=13, estimator__num_leaves=2, estimator__subsample=0.01; total time=   0.1s
[CV] END estimator__learning_rate=0.2, estimator__max_depth=13, estimator__num_leaves=4, estimator__subsample=0.001; total time=   0.2s
[CV] END estimator__learning_rate=0.2, estimator__max_depth=13, estimator__num_leaves=4, estimator__subsample=0.1; total time=   0.2s
[CV] END estimator__learning_rate=0.2, estimator__max_depth=13, estimator__num_leaves=6, estimator__subsample=0.001; total time=   0.4s
[CV] END estimator__learning_rate=0.2, estimator__max_depth=13, estimator__num_leaves=8, estimator__subsample=0.1; total time=   0.6s
[CV] END estimator__learning_rate=0.2, estimator__max_depth=13, estimator__num_leaves=31, estimator__subsample=0.001; total time=   1.6s
[CV] END estimator__learning_rate=0.2, estimator__max_depth=14, estimator__num_leaves=6, estimator__subsample=0.2; total time=   0.4s
[CV] END estimator__learning_rate=0.2, estimator__max_depth=14, estimator__num_leaves=10, estimator__subsample=0.1; total time=   0.8s
[CV] END estimator__learning_rate=0.39, estimator__max_depth=10, estimator__num_leaves=2, estimator__subsample=0.001; total time=   0.0s
[CV] END estimator__learning_rate=0.39, estimator__max_depth=10, estimator__num_leaves=2, estimator__subsample=0.01; total time=   0.1s
[CV] END estimator__learning_rate=0.39, estimator__max_depth=10, estimator__num_leaves=2, estimator__subsample=0.2; total time=   0.1s
[CV] END estimator__learning_rate=0.39, estimator__max_depth=10, estimator__num_leaves=4, estimator__subsample=0.01; total time=   0.2s
[CV] END estimator__learning_rate=0.39, estimator__max_depth=10, estimator__num_leaves=6, estimator__subsample=0.001; total time=   0.4s
[CV] END estimator__learning_rate=0.39, estimator__max_depth=10, estimator__num_leaves=8, estimator__subsample=0.001; total time=   0.6s
[CV] END estimator__learning_rate=0.39, estimator__max_depth=10, estimator__num_leaves=10, estimator__subsample=0.2; total time=   0.8s
[CV] END estimator__learning_rate=0.39, estimator__max_depth=11, estimator__num_leaves=2, estimator__subsample=0.1; total time=   0.1s
[CV] END estimator__learning_rate=0.39, estimator__max_depth=11, estimator__num_leaves=4, estimator__subsample=0.001; total time=   0.2s
[CV] END estimator__learning_rate=0.39, estimator__max_depth=11, estimator__num_leaves=4, estimator__subsample=0.1; total time=   0.2s
[CV] END estimator__learning_rate=0.39, estimator__max_depth=11, estimator__num_leaves=6, estimator__subsample=0.01; total time=   0.4s
[CV] END estimator__learning_rate=0.39, estimator__max_depth=11, estimator__num_leaves=8, estimator__subsample=0.2; total time=   0.6s
[CV] END estimator__learning_rate=0.39, estimator__max_depth=11, estimator__num_leaves=31, estimator__subsample=0.01; total time=   1.5s
[CV] END estimator__learning_rate=0.39, estimator__max_depth=12, estimator__num_leaves=8, estimator__subsample=0.001; total time=   0.6s
[CV] END estimator__learning_rate=0.39, estimator__max_depth=12, estimator__num_leaves=10, estimator__subsample=0.1; total time=   0.8s
[CV] END estimator__learning_rate=0.39, estimator__max_depth=13, estimator__num_leaves=2, estimator__subsample=0.01; total time=   0.1s
[CV] END estimator__learning_rate=0.39, estimator__max_depth=13, estimator__num_leaves=4, estimator__subsample=0.001; total time=   0.2s
[CV] END estimator__learning_rate=0.39, estimator__max_depth=13, estimator__num_leaves=4, estimator__subsample=0.1; total time=   0.2s
[CV] END estimator__learning_rate=0.39, estimator__max_depth=13, estimator__num_leaves=6, estimator__subsample=0.001; total time=   0.4s
[CV] END estimator__learning_rate=0.39, estimator__max_depth=13, estimator__num_leaves=8, estimator__subsample=0.1; total time=   0.6s[CV] END estimator__learning_rate=0.01, estimator__max_depth=10, estimator__num_leaves=2, estimator__subsample=0.1; total time=   4.2s
[CV] END estimator__learning_rate=0.01, estimator__max_depth=10, estimator__num_leaves=6, estimator__subsample=0.001; total time=   0.1s
[CV] END estimator__learning_rate=0.01, estimator__max_depth=10, estimator__num_leaves=6, estimator__subsample=0.1; total time=   0.2s
[CV] END estimator__learning_rate=0.01, estimator__max_depth=10, estimator__num_leaves=8, estimator__subsample=0.001; total time=   0.3s
[CV] END estimator__learning_rate=0.01, estimator__max_depth=10, estimator__num_leaves=8, estimator__subsample=0.2; total time=   0.9s
[CV] END estimator__learning_rate=0.01, estimator__max_depth=10, estimator__num_leaves=31, estimator__subsample=0.1; total time=   1.5s
[CV] END estimator__learning_rate=0.01, estimator__max_depth=11, estimator__num_leaves=8, estimator__subsample=0.001; total time=   0.6s
[CV] END estimator__learning_rate=0.01, estimator__max_depth=11, estimator__num_leaves=10, estimator__subsample=0.1; total time=   0.8s
[CV] END estimator__learning_rate=0.01, estimator__max_depth=12, estimator__num_leaves=2, estimator__subsample=0.01; total time=   0.1s
[CV] END estimator__learning_rate=0.01, estimator__max_depth=12, estimator__num_leaves=2, estimator__subsample=0.2; total time=   0.1s
[CV] END estimator__learning_rate=0.01, estimator__max_depth=12, estimator__num_leaves=4, estimator__subsample=0.1; total time=   0.2s
[CV] END estimator__learning_rate=0.01, estimator__max_depth=12, estimator__num_leaves=6, estimator__subsample=0.001; total time=   0.4s
[CV] END estimator__learning_rate=0.01, estimator__max_depth=12, estimator__num_leaves=8, estimator__subsample=0.01; total time=   0.6s
[CV] END estimator__learning_rate=0.01, estimator__max_depth=12, estimator__num_leaves=10, estimator__subsample=0.2; total time=   0.8s
[CV] END estimator__learning_rate=0.01, estimator__max_depth=13, estimator__num_leaves=2, estimator__subsample=0.2; total time=   0.1s
[CV] END estimator__learning_rate=0.01, estimator__max_depth=13, estimator__num_leaves=4, estimator__subsample=0.1; total time=   0.2s
[CV] END estimator__learning_rate=0.01, estimator__max_depth=13, estimator__num_leaves=6, estimator__subsample=0.001; total time=   0.4s
[CV] END estimator__learning_rate=0.01, estimator__max_depth=13, estimator__num_leaves=8, estimator__subsample=0.01; total time=   0.6s
[CV] END estimator__learning_rate=0.01, estimator__max_depth=13, estimator__num_leaves=10, estimator__subsample=0.2; total time=   0.8s
[CV] END estimator__learning_rate=0.01, estimator__max_depth=14, estimator__num_leaves=2, estimator__subsample=0.2; total time=   0.1s
[CV] END estimator__learning_rate=0.01, estimator__max_depth=14, estimator__num_leaves=4, estimator__subsample=0.01; total time=   0.2s
[CV] END estimator__learning_rate=0.01, estimator__max_depth=14, estimator__num_leaves=4, estimator__subsample=0.2; total time=   0.2s
[CV] END estimator__learning_rate=0.01, estimator__max_depth=14, estimator__num_leaves=6, estimator__subsample=0.2; total time=   0.5s
[CV] END estimator__learning_rate=0.01, estimator__max_depth=14, estimator__num_leaves=10, estimator__subsample=0.01; total time=   0.8s
[CV] END estimator__learning_rate=0.01, estimator__max_depth=14, estimator__num_leaves=31, estimator__subsample=0.2; total time=   1.5s
[CV] END estimator__learning_rate=0.2, estimator__max_depth=10, estimator__num_leaves=8, estimator__subsample=0.1; total time=   0.6s
[CV] END estimator__learning_rate=0.2, estimator__max_depth=10, estimator__num_leaves=31, estimator__subsample=0.001; total time=   1.5s
[CV] END estimator__learning_rate=0.2, estimator__max_depth=11, estimator__num_leaves=6, estimator__subsample=0.1; total time=   0.4s
[CV] END estimator__learning_rate=0.2, estimator__max_depth=11, estimator__num_leaves=10, estimator__subsample=0.01; total time=   0.7s
[CV] END estimator__learning_rate=0.2, estimator__max_depth=11, estimator__num_leaves=31, estimator__subsample=0.2; total time=   1.6s
[CV] END estimator__learning_rate=0.2, estimator__max_depth=12, estimator__num_leaves=8, estimator__subsample=0.1; total time=   0.6s
[CV] END estimator__learning_rate=0.2, estimator__max_depth=12, estimator__num_leaves=31, estimator__subsample=0.01; total time=   1.6s
[CV] END estimator__learning_rate=0.2, estimator__max_depth=13, estimator__num_leaves=6, estimator__subsample=0.2; total time=   0.4s
[CV] END estimator__learning_rate=0.2, estimator__max_depth=13, estimator__num_leaves=10, estimator__subsample=0.1; total time=   0.7s
[CV] END estimator__learning_rate=0.2, estimator__max_depth=14, estimator__num_leaves=2, estimator__subsample=0.001; total time=   0.0s
[CV] END estimator__learning_rate=0.2, estimator__max_depth=14, estimator__num_leaves=2, estimator__subsample=0.01; total time=   0.1s
[CV] END estimator__learning_rate=0.2, estimator__max_depth=14, estimator__num_leaves=2, estimator__subsample=0.2; total time=   0.1s
[CV] END estimator__learning_rate=0.2, estimator__max_depth=14, estimator__num_leaves=4, estimator__subsample=0.01; total time=   0.2s
[CV] END estimator__learning_rate=0.2, estimator__max_depth=14, estimator__num_leaves=6, estimator__subsample=0.001; total time=   0.4s
[CV] END estimator__learning_rate=0.2, estimator__max_depth=14, estimator__num_leaves=8, estimator__subsample=0.001; total time=   0.6s
[CV] END estimator__learning_rate=0.2, estimator__max_depth=14, estimator__num_leaves=10, estimator__subsample=0.2; total time=   0.8s
[CV] END estimator__learning_rate=0.39, estimator__max_depth=10, estimator__num_leaves=2, estimator__subsample=0.1; total time=   0.1s
[CV] END estimator__learning_rate=0.39, estimator__max_depth=10, estimator__num_leaves=4, estimator__subsample=0.001; total time=   0.2s
[CV] END estimator__learning_rate=0.39, estimator__max_depth=10, estimator__num_leaves=4, estimator__subsample=0.2; total time=   0.2s
[CV] END estimator__learning_rate=0.39, estimator__max_depth=10, estimator__num_leaves=6, estimator__subsample=0.01; total time=   0.4s
[CV] END estimator__learning_rate=0.39, estimator__max_depth=10, estimator__num_leaves=8, estimator__subsample=0.2; total time=   0.6s
[CV] END estimator__learning_rate=0.39, estimator__max_depth=10, estimator__num_leaves=31, estimator__subsample=0.01; total time=   1.5s
[CV] END estimator__learning_rate=0.39, estimator__max_depth=11, estimator__num_leaves=8, estimator__subsample=0.001; total time=   0.6s
[CV] END estimator__learning_rate=0.39, estimator__max_depth=11, estimator__num_leaves=10, estimator__subsample=0.1; total time=   0.8s
[CV] END estimator__learning_rate=0.39, estimator__max_depth=12, estimator__num_leaves=2, estimator__subsample=0.01; total time=   0.1s
[CV] END estimator__learning_rate=0.39, estimator__max_depth=12, estimator__num_leaves=2, estimator__subsample=0.2; total time=   0.1s
[CV] END estimator__learning_rate=0.39, estimator__max_depth=12, estimator__num_leaves=4, estimator__subsample=0.1; total time=   0.2s
[CV] END estimator__learning_rate=0.39, estimator__max_depth=12, estimator__num_leaves=6, estimator__subsample=0.001; total time=   0.4s
[CV] END estimator__learning_rate=0.39, estimator__max_depth=12, estimator__num_leaves=8, estimator__subsample=0.01; total time=   0.6s
[CV] END estimator__learning_rate=0.39, estimator__max_depth=12, estimator__num_leaves=10, estimator__subsample=0.2; total time=   0.7s
[CV] END estimator__learning_rate=0.39, estimator__max_depth=13, estimator__num_leaves=2, estimator__subsample=0.1; total time=   0.1s
[CV] END estimator__learning_rate=0.39, estimator__max_depth=13, estimator__num_leaves=4, estimator__subsample=0.001; total time=   0.2s
[CV] END estimator__learning_rate=0.39, estimator__max_depth=13, estimator__num_leaves=4, estimator__subsample=0.2; total time=   0.2s
[CV] END estimator__learning_rate=0.39, estimator__max_depth=13, estimator__num_leaves=6, estimator__subsample=0.01; total time=   0.4s
[CV] END estimator__learning_rate=0.39, estimator__max_depth=13, estimator__num_leaves=8, estimator__subsample=0.2; total time=   0.6s[CV] END estimator__learning_rate=0.01, estimator__max_depth=10, estimator__num_leaves=2, estimator__subsample=0.1; total time=   4.3s
[CV] END estimator__learning_rate=0.01, estimator__max_depth=10, estimator__num_leaves=6, estimator__subsample=0.2; total time=   0.2s
[CV] END estimator__learning_rate=0.01, estimator__max_depth=10, estimator__num_leaves=8, estimator__subsample=0.1; total time=   0.5s
[CV] END estimator__learning_rate=0.01, estimator__max_depth=10, estimator__num_leaves=10, estimator__subsample=0.1; total time=   1.0s
[CV] END estimator__learning_rate=0.01, estimator__max_depth=11, estimator__num_leaves=2, estimator__subsample=0.01; total time=   0.1s
[CV] END estimator__learning_rate=0.01, estimator__max_depth=11, estimator__num_leaves=2, estimator__subsample=0.2; total time=   0.1s
[CV] END estimator__learning_rate=0.01, estimator__max_depth=11, estimator__num_leaves=4, estimator__subsample=0.1; total time=   0.2s
[CV] END estimator__learning_rate=0.01, estimator__max_depth=11, estimator__num_leaves=6, estimator__subsample=0.001; total time=   0.4s
[CV] END estimator__learning_rate=0.01, estimator__max_depth=11, estimator__num_leaves=8, estimator__subsample=0.01; total time=   0.6s
[CV] END estimator__learning_rate=0.01, estimator__max_depth=11, estimator__num_leaves=10, estimator__subsample=0.2; total time=   0.8s
[CV] END estimator__learning_rate=0.01, estimator__max_depth=12, estimator__num_leaves=4, estimator__subsample=0.001; total time=   0.2s
[CV] END estimator__learning_rate=0.01, estimator__max_depth=12, estimator__num_leaves=4, estimator__subsample=0.1; total time=   0.2s
[CV] END estimator__learning_rate=0.01, estimator__max_depth=12, estimator__num_leaves=6, estimator__subsample=0.01; total time=   0.5s
[CV] END estimator__learning_rate=0.01, estimator__max_depth=12, estimator__num_leaves=8, estimator__subsample=0.2; total time=   0.6s
[CV] END estimator__learning_rate=0.01, estimator__max_depth=12, estimator__num_leaves=31, estimator__subsample=0.01; total time=   1.5s
[CV] END estimator__learning_rate=0.01, estimator__max_depth=13, estimator__num_leaves=8, estimator__subsample=0.001; total time=   0.6s
[CV] END estimator__learning_rate=0.01, estimator__max_depth=13, estimator__num_leaves=10, estimator__subsample=0.1; total time=   0.8s
[CV] END estimator__learning_rate=0.01, estimator__max_depth=14, estimator__num_leaves=2, estimator__subsample=0.01; total time=   0.1s
[CV] END estimator__learning_rate=0.01, estimator__max_depth=14, estimator__num_leaves=2, estimator__subsample=0.2; total time=   0.1s
[CV] END estimator__learning_rate=0.01, estimator__max_depth=14, estimator__num_leaves=4, estimator__subsample=0.01; total time=   0.2s
[CV] END estimator__learning_rate=0.01, estimator__max_depth=14, estimator__num_leaves=6, estimator__subsample=0.001; total time=   0.4s
[CV] END estimator__learning_rate=0.01, estimator__max_depth=14, estimator__num_leaves=8, estimator__subsample=0.01; total time=   0.6s
[CV] END estimator__learning_rate=0.01, estimator__max_depth=14, estimator__num_leaves=10, estimator__subsample=0.2; total time=   0.8s
[CV] END estimator__learning_rate=0.2, estimator__max_depth=10, estimator__num_leaves=2, estimator__subsample=0.2; total time=   0.1s
[CV] END estimator__learning_rate=0.2, estimator__max_depth=10, estimator__num_leaves=4, estimator__subsample=0.01; total time=   0.2s
[CV] END estimator__learning_rate=0.2, estimator__max_depth=10, estimator__num_leaves=6, estimator__subsample=0.001; total time=   0.4s
[CV] END estimator__learning_rate=0.2, estimator__max_depth=10, estimator__num_leaves=8, estimator__subsample=0.001; total time=   0.6s
[CV] END estimator__learning_rate=0.2, estimator__max_depth=10, estimator__num_leaves=10, estimator__subsample=0.1; total time=   0.8s
[CV] END estimator__learning_rate=0.2, estimator__max_depth=11, estimator__num_leaves=2, estimator__subsample=0.1; total time=   0.1s
[CV] END estimator__learning_rate=0.2, estimator__max_depth=11, estimator__num_leaves=4, estimator__subsample=0.001; total time=   0.2s
[CV] END estimator__learning_rate=0.2, estimator__max_depth=11, estimator__num_leaves=4, estimator__subsample=0.1; total time=   0.2s
[CV] END estimator__learning_rate=0.2, estimator__max_depth=11, estimator__num_leaves=6, estimator__subsample=0.01; total time=   0.4s
[CV] END estimator__learning_rate=0.2, estimator__max_depth=11, estimator__num_leaves=8, estimator__subsample=0.2; total time=   0.6s
[CV] END estimator__learning_rate=0.2, estimator__max_depth=11, estimator__num_leaves=31, estimator__subsample=0.1; total time=   1.5s
[CV] END estimator__learning_rate=0.2, estimator__max_depth=12, estimator__num_leaves=8, estimator__subsample=0.001; total time=   0.6s
[CV] END estimator__learning_rate=0.2, estimator__max_depth=12, estimator__num_leaves=10, estimator__subsample=0.1; total time=   0.8s
[CV] END estimator__learning_rate=0.2, estimator__max_depth=13, estimator__num_leaves=2, estimator__subsample=0.01; total time=   0.1s
[CV] END estimator__learning_rate=0.2, estimator__max_depth=13, estimator__num_leaves=2, estimator__subsample=0.2; total time=   0.1s
[CV] END estimator__learning_rate=0.2, estimator__max_depth=13, estimator__num_leaves=4, estimator__subsample=0.1; total time=   0.2s
[CV] END estimator__learning_rate=0.2, estimator__max_depth=13, estimator__num_leaves=6, estimator__subsample=0.001; total time=   0.4s
[CV] END estimator__learning_rate=0.2, estimator__max_depth=13, estimator__num_leaves=8, estimator__subsample=0.01; total time=   0.6s
[CV] END estimator__learning_rate=0.2, estimator__max_depth=13, estimator__num_leaves=10, estimator__subsample=0.2; total time=   0.8s
[CV] END estimator__learning_rate=0.2, estimator__max_depth=14, estimator__num_leaves=2, estimator__subsample=0.2; total time=   0.1s
[CV] END estimator__learning_rate=0.2, estimator__max_depth=14, estimator__num_leaves=4, estimator__subsample=0.01; total time=   0.2s
[CV] END estimator__learning_rate=0.2, estimator__max_depth=14, estimator__num_leaves=4, estimator__subsample=0.2; total time=   0.2s
[CV] END estimator__learning_rate=0.2, estimator__max_depth=14, estimator__num_leaves=6, estimator__subsample=0.1; total time=   0.4s
[CV] END estimator__learning_rate=0.2, estimator__max_depth=14, estimator__num_leaves=10, estimator__subsample=0.001; total time=   0.8s
[CV] END estimator__learning_rate=0.2, estimator__max_depth=14, estimator__num_leaves=31, estimator__subsample=0.1; total time=   1.6s
[CV] END estimator__learning_rate=0.39, estimator__max_depth=10, estimator__num_leaves=8, estimator__subsample=0.01; total time=   0.6s
[CV] END estimator__learning_rate=0.39, estimator__max_depth=10, estimator__num_leaves=31, estimator__subsample=0.001; total time=   1.5s
[CV] END estimator__learning_rate=0.39, estimator__max_depth=11, estimator__num_leaves=6, estimator__subsample=0.1; total time=   0.4s
[CV] END estimator__learning_rate=0.39, estimator__max_depth=11, estimator__num_leaves=10, estimator__subsample=0.001; total time=   0.8s
[CV] END estimator__learning_rate=0.39, estimator__max_depth=11, estimator__num_leaves=31, estimator__subsample=0.1; total time=   1.6s
[CV] END estimator__learning_rate=0.39, estimator__max_depth=12, estimator__num_leaves=8, estimator__subsample=0.1; total time=   0.6s
[CV] END estimator__learning_rate=0.39, estimator__max_depth=12, estimator__num_leaves=31, estimator__subsample=0.001; total time=   1.6s
[CV] END estimator__learning_rate=0.39, estimator__max_depth=13, estimator__num_leaves=6, estimator__subsample=0.2; total time=   0.4s
[CV] END estimator__learning_rate=0.39, estimator__max_depth=13, estimator__num_leaves=10, estimator__subsample=0.01; total time=   0.7s
[CV] END estimator__learning_rate=0.39, estimator__max_depth=14, estimator__num_leaves=2, estimator__subsample=0.001; total time=   0.1s
[CV] END estimator__learning_rate=0.39, estimator__max_depth=14, estimator__num_leaves=2, estimator__subsample=0.001; total time=   0.1s
[CV] END estimator__learning_rate=0.39, estimator__max_depth=14, estimator__num_leaves=2, estimator__subsample=0.1; total time=   0.1s[CV] END estimator__learning_rate=0.01, estimator__max_depth=10, estimator__num_leaves=4, estimator__subsample=0.001; total time=   4.7s
[CV] END estimator__learning_rate=0.01, estimator__max_depth=10, estimator__num_leaves=31, estimator__subsample=0.001; total time=   1.5s
[CV] END estimator__learning_rate=0.01, estimator__max_depth=11, estimator__num_leaves=6, estimator__subsample=0.01; total time=   0.4s
[CV] END estimator__learning_rate=0.01, estimator__max_depth=11, estimator__num_leaves=8, estimator__subsample=0.1; total time=   0.6s
[CV] END estimator__learning_rate=0.01, estimator__max_depth=11, estimator__num_leaves=31, estimator__subsample=0.001; total time=   1.5s
[CV] END estimator__learning_rate=0.01, estimator__max_depth=12, estimator__num_leaves=6, estimator__subsample=0.2; total time=   0.5s
[CV] END estimator__learning_rate=0.01, estimator__max_depth=12, estimator__num_leaves=10, estimator__subsample=0.01; total time=   0.8s
[CV] END estimator__learning_rate=0.01, estimator__max_depth=13, estimator__num_leaves=2, estimator__subsample=0.001; total time=   0.0s
[CV] END estimator__learning_rate=0.01, estimator__max_depth=13, estimator__num_leaves=2, estimator__subsample=0.001; total time=   0.1s
[CV] END estimator__learning_rate=0.01, estimator__max_depth=13, estimator__num_leaves=2, estimator__subsample=0.1; total time=   0.1s
[CV] END estimator__learning_rate=0.01, estimator__max_depth=13, estimator__num_leaves=4, estimator__subsample=0.001; total time=   0.2s
[CV] END estimator__learning_rate=0.01, estimator__max_depth=13, estimator__num_leaves=4, estimator__subsample=0.2; total time=   0.2s
[CV] END estimator__learning_rate=0.01, estimator__max_depth=13, estimator__num_leaves=6, estimator__subsample=0.01; total time=   0.5s
[CV] END estimator__learning_rate=0.01, estimator__max_depth=13, estimator__num_leaves=8, estimator__subsample=0.2; total time=   0.6s
[CV] END estimator__learning_rate=0.01, estimator__max_depth=13, estimator__num_leaves=31, estimator__subsample=0.1; total time=   1.5s
[CV] END estimator__learning_rate=0.01, estimator__max_depth=14, estimator__num_leaves=8, estimator__subsample=0.001; total time=   0.6s
[CV] END estimator__learning_rate=0.01, estimator__max_depth=14, estimator__num_leaves=10, estimator__subsample=0.1; total time=   0.8s
[CV] END estimator__learning_rate=0.2, estimator__max_depth=10, estimator__num_leaves=2, estimator__subsample=0.01; total time=   0.1s
[CV] END estimator__learning_rate=0.2, estimator__max_depth=10, estimator__num_leaves=4, estimator__subsample=0.001; total time=   0.2s
[CV] END estimator__learning_rate=0.2, estimator__max_depth=10, estimator__num_leaves=4, estimator__subsample=0.1; total time=   0.2s
[CV] END estimator__learning_rate=0.2, estimator__max_depth=10, estimator__num_leaves=6, estimator__subsample=0.01; total time=   0.4s
[CV] END estimator__learning_rate=0.2, estimator__max_depth=10, estimator__num_leaves=8, estimator__subsample=0.1; total time=   0.6s
[CV] END estimator__learning_rate=0.2, estimator__max_depth=10, estimator__num_leaves=31, estimator__subsample=0.01; total time=   1.5s
[CV] END estimator__learning_rate=0.2, estimator__max_depth=11, estimator__num_leaves=6, estimator__subsample=0.2; total time=   0.4s
[CV] END estimator__learning_rate=0.2, estimator__max_depth=11, estimator__num_leaves=10, estimator__subsample=0.1; total time=   0.8s
[CV] END estimator__learning_rate=0.2, estimator__max_depth=12, estimator__num_leaves=2, estimator__subsample=0.001; total time=   0.0s
[CV] END estimator__learning_rate=0.2, estimator__max_depth=12, estimator__num_leaves=2, estimator__subsample=0.01; total time=   0.1s
[CV] END estimator__learning_rate=0.2, estimator__max_depth=12, estimator__num_leaves=2, estimator__subsample=0.2; total time=   0.1s
[CV] END estimator__learning_rate=0.2, estimator__max_depth=12, estimator__num_leaves=4, estimator__subsample=0.1; total time=   0.2s
[CV] END estimator__learning_rate=0.2, estimator__max_depth=12, estimator__num_leaves=6, estimator__subsample=0.001; total time=   0.4s
[CV] END estimator__learning_rate=0.2, estimator__max_depth=12, estimator__num_leaves=8, estimator__subsample=0.001; total time=   0.6s
[CV] END estimator__learning_rate=0.2, estimator__max_depth=12, estimator__num_leaves=10, estimator__subsample=0.2; total time=   0.8s
[CV] END estimator__learning_rate=0.2, estimator__max_depth=13, estimator__num_leaves=2, estimator__subsample=0.1; total time=   0.1s
[CV] END estimator__learning_rate=0.2, estimator__max_depth=13, estimator__num_leaves=4, estimator__subsample=0.001; total time=   0.2s
[CV] END estimator__learning_rate=0.2, estimator__max_depth=13, estimator__num_leaves=4, estimator__subsample=0.2; total time=   0.2s
[CV] END estimator__learning_rate=0.2, estimator__max_depth=13, estimator__num_leaves=6, estimator__subsample=0.01; total time=   0.4s
[CV] END estimator__learning_rate=0.2, estimator__max_depth=13, estimator__num_leaves=8, estimator__subsample=0.2; total time=   0.6s
[CV] END estimator__learning_rate=0.2, estimator__max_depth=13, estimator__num_leaves=31, estimator__subsample=0.01; total time=   1.9s
[CV] END estimator__learning_rate=0.2, estimator__max_depth=14, estimator__num_leaves=10, estimator__subsample=0.001; total time=   0.7s
[CV] END estimator__learning_rate=0.2, estimator__max_depth=14, estimator__num_leaves=31, estimator__subsample=0.1; total time=   1.6s
[CV] END estimator__learning_rate=0.39, estimator__max_depth=10, estimator__num_leaves=8, estimator__subsample=0.01; total time=   0.6s
[CV] END estimator__learning_rate=0.39, estimator__max_depth=10, estimator__num_leaves=10, estimator__subsample=0.2; total time=   0.8s
[CV] END estimator__learning_rate=0.39, estimator__max_depth=11, estimator__num_leaves=4, estimator__subsample=0.001; total time=   0.2s
[CV] END estimator__learning_rate=0.39, estimator__max_depth=11, estimator__num_leaves=4, estimator__subsample=0.1; total time=   0.2s
[CV] END estimator__learning_rate=0.39, estimator__max_depth=11, estimator__num_leaves=6, estimator__subsample=0.001; total time=   0.4s
[CV] END estimator__learning_rate=0.39, estimator__max_depth=11, estimator__num_leaves=8, estimator__subsample=0.1; total time=   0.6s
[CV] END estimator__learning_rate=0.39, estimator__max_depth=11, estimator__num_leaves=31, estimator__subsample=0.01; total time=   1.5s
[CV] END estimator__learning_rate=0.39, estimator__max_depth=12, estimator__num_leaves=6, estimator__subsample=0.2; total time=   0.4s
[CV] END estimator__learning_rate=0.39, estimator__max_depth=12, estimator__num_leaves=10, estimator__subsample=0.01; total time=   0.7s
[CV] END estimator__learning_rate=0.39, estimator__max_depth=13, estimator__num_leaves=2, estimator__subsample=0.001; total time=   0.0s
[CV] END estimator__learning_rate=0.39, estimator__max_depth=13, estimator__num_leaves=2, estimator__subsample=0.01; total time=   0.1s
[CV] END estimator__learning_rate=0.39, estimator__max_depth=13, estimator__num_leaves=2, estimator__subsample=0.2; total time=   0.1s
[CV] END estimator__learning_rate=0.39, estimator__max_depth=13, estimator__num_leaves=4, estimator__subsample=0.01; total time=   0.2s
[CV] END estimator__learning_rate=0.39, estimator__max_depth=13, estimator__num_leaves=6, estimator__subsample=0.001; total time=   0.4s
[CV] END estimator__learning_rate=0.39, estimator__max_depth=13, estimator__num_leaves=8, estimator__subsample=0.001; total time=   0.6s
[CV] END estimator__learning_rate=0.39, estimator__max_depth=13, estimator__num_leaves=10, estimator__subsample=0.2; total time=   0.7s
[CV] END estimator__learning_rate=0.39, estimator__max_depth=14, estimator__num_leaves=2, estimator__subsample=0.1; total time=   0.1s
[CV] END estimator__learning_rate=0.39, estimator__max_depth=14, estimator__num_leaves=4, estimator__subsample=0.001; total time=   0.2s
[CV] END estimator__learning_rate=0.39, estimator__max_depth=14, estimator__num_leaves=4, estimator__subsample=0.1; total time=   0.2s
[CV] END estimator__learning_rate=0.39, estimator__max_depth=14, estimator__num_leaves=6, estimator__subsample=0.01; total time=   0.4s[CV] END estimator__learning_rate=0.01, estimator__max_depth=10, estimator__num_leaves=2, estimator__subsample=0.1; total time=   4.3s
[CV] END estimator__learning_rate=0.01, estimator__max_depth=10, estimator__num_leaves=6, estimator__subsample=0.001; total time=   0.1s
[CV] END estimator__learning_rate=0.01, estimator__max_depth=10, estimator__num_leaves=6, estimator__subsample=0.01; total time=   0.2s
[CV] END estimator__learning_rate=0.01, estimator__max_depth=10, estimator__num_leaves=8, estimator__subsample=0.001; total time=   0.3s
[CV] END estimator__learning_rate=0.01, estimator__max_depth=10, estimator__num_leaves=8, estimator__subsample=0.2; total time=   0.9s
[CV] END estimator__learning_rate=0.01, estimator__max_depth=10, estimator__num_leaves=31, estimator__subsample=0.01; total time=   1.5s
[CV] END estimator__learning_rate=0.01, estimator__max_depth=11, estimator__num_leaves=8, estimator__subsample=0.001; total time=   0.6s
[CV] END estimator__learning_rate=0.01, estimator__max_depth=11, estimator__num_leaves=10, estimator__subsample=0.1; total time=   0.8s
[CV] END estimator__learning_rate=0.01, estimator__max_depth=12, estimator__num_leaves=2, estimator__subsample=0.01; total time=   0.1s
[CV] END estimator__learning_rate=0.01, estimator__max_depth=12, estimator__num_leaves=2, estimator__subsample=0.2; total time=   0.1s
[CV] END estimator__learning_rate=0.01, estimator__max_depth=12, estimator__num_leaves=4, estimator__subsample=0.01; total time=   0.2s
[CV] END estimator__learning_rate=0.01, estimator__max_depth=12, estimator__num_leaves=6, estimator__subsample=0.001; total time=   0.4s
[CV] END estimator__learning_rate=0.01, estimator__max_depth=12, estimator__num_leaves=8, estimator__subsample=0.001; total time=   0.6s
[CV] END estimator__learning_rate=0.01, estimator__max_depth=12, estimator__num_leaves=10, estimator__subsample=0.2; total time=   0.8s
[CV] END estimator__learning_rate=0.01, estimator__max_depth=13, estimator__num_leaves=2, estimator__subsample=0.1; total time=   0.1s
[CV] END estimator__learning_rate=0.01, estimator__max_depth=13, estimator__num_leaves=4, estimator__subsample=0.01; total time=   0.2s
[CV] END estimator__learning_rate=0.01, estimator__max_depth=13, estimator__num_leaves=4, estimator__subsample=0.2; total time=   0.2s
[CV] END estimator__learning_rate=0.01, estimator__max_depth=13, estimator__num_leaves=6, estimator__subsample=0.1; total time=   0.5s
[CV] END estimator__learning_rate=0.01, estimator__max_depth=13, estimator__num_leaves=10, estimator__subsample=0.001; total time=   0.8s
[CV] END estimator__learning_rate=0.01, estimator__max_depth=13, estimator__num_leaves=31, estimator__subsample=0.1; total time=   1.5s
[CV] END estimator__learning_rate=0.01, estimator__max_depth=14, estimator__num_leaves=8, estimator__subsample=0.01; total time=   0.6s
[CV] END estimator__learning_rate=0.01, estimator__max_depth=14, estimator__num_leaves=31, estimator__subsample=0.001; total time=   1.6s
[CV] END estimator__learning_rate=0.2, estimator__max_depth=10, estimator__num_leaves=6, estimator__subsample=0.2; total time=   0.4s
[CV] END estimator__learning_rate=0.2, estimator__max_depth=10, estimator__num_leaves=10, estimator__subsample=0.001; total time=   0.7s
[CV] END estimator__learning_rate=0.2, estimator__max_depth=10, estimator__num_leaves=31, estimator__subsample=0.2; total time=   1.5s
[CV] END estimator__learning_rate=0.2, estimator__max_depth=11, estimator__num_leaves=8, estimator__subsample=0.01; total time=   0.6s
[CV] END estimator__learning_rate=0.2, estimator__max_depth=11, estimator__num_leaves=31, estimator__subsample=0.001; total time=   1.5s
[CV] END estimator__learning_rate=0.2, estimator__max_depth=12, estimator__num_leaves=6, estimator__subsample=0.1; total time=   0.4s
[CV] END estimator__learning_rate=0.2, estimator__max_depth=12, estimator__num_leaves=10, estimator__subsample=0.01; total time=   0.7s
[CV] END estimator__learning_rate=0.2, estimator__max_depth=12, estimator__num_leaves=31, estimator__subsample=0.2; total time=   1.6s
[CV] END estimator__learning_rate=0.2, estimator__max_depth=13, estimator__num_leaves=8, estimator__subsample=0.2; total time=   0.6s
[CV] END estimator__learning_rate=0.2, estimator__max_depth=13, estimator__num_leaves=31, estimator__subsample=0.1; total time=   1.6s
[CV] END estimator__learning_rate=0.2, estimator__max_depth=14, estimator__num_leaves=8, estimator__subsample=0.001; total time=   0.6s
[CV] END estimator__learning_rate=0.2, estimator__max_depth=14, estimator__num_leaves=10, estimator__subsample=0.1; total time=   0.8s
[CV] END estimator__learning_rate=0.39, estimator__max_depth=10, estimator__num_leaves=2, estimator__subsample=0.1; total time=   0.1s
[CV] END estimator__learning_rate=0.39, estimator__max_depth=10, estimator__num_leaves=4, estimator__subsample=0.001; total time=   0.2s
[CV] END estimator__learning_rate=0.39, estimator__max_depth=10, estimator__num_leaves=4, estimator__subsample=0.1; total time=   0.2s
[CV] END estimator__learning_rate=0.39, estimator__max_depth=10, estimator__num_leaves=6, estimator__subsample=0.001; total time=   0.4s
[CV] END estimator__learning_rate=0.39, estimator__max_depth=10, estimator__num_leaves=8, estimator__subsample=0.1; total time=   0.6s
[CV] END estimator__learning_rate=0.39, estimator__max_depth=10, estimator__num_leaves=31, estimator__subsample=0.001; total time=   1.6s
[CV] END estimator__learning_rate=0.39, estimator__max_depth=11, estimator__num_leaves=8, estimator__subsample=0.001; total time=   0.6s
[CV] END estimator__learning_rate=0.39, estimator__max_depth=11, estimator__num_leaves=10, estimator__subsample=0.1; total time=   0.8s
[CV] END estimator__learning_rate=0.39, estimator__max_depth=12, estimator__num_leaves=2, estimator__subsample=0.01; total time=   0.1s
[CV] END estimator__learning_rate=0.39, estimator__max_depth=12, estimator__num_leaves=2, estimator__subsample=0.2; total time=   0.1s
[CV] END estimator__learning_rate=0.39, estimator__max_depth=12, estimator__num_leaves=4, estimator__subsample=0.1; total time=   0.2s
[CV] END estimator__learning_rate=0.39, estimator__max_depth=12, estimator__num_leaves=6, estimator__subsample=0.001; total time=   0.4s
[CV] END estimator__learning_rate=0.39, estimator__max_depth=12, estimator__num_leaves=8, estimator__subsample=0.01; total time=   0.6s
[CV] END estimator__learning_rate=0.39, estimator__max_depth=12, estimator__num_leaves=10, estimator__subsample=0.2; total time=   0.7s
[CV] END estimator__learning_rate=0.39, estimator__max_depth=13, estimator__num_leaves=2, estimator__subsample=0.1; total time=   0.1s
[CV] END estimator__learning_rate=0.39, estimator__max_depth=13, estimator__num_leaves=4, estimator__subsample=0.01; total time=   0.2s
[CV] END estimator__learning_rate=0.39, estimator__max_depth=13, estimator__num_leaves=4, estimator__subsample=0.2; total time=   0.2s
[CV] END estimator__learning_rate=0.39, estimator__max_depth=13, estimator__num_leaves=6, estimator__subsample=0.01; total time=   0.4s
[CV] END estimator__learning_rate=0.39, estimator__max_depth=13, estimator__num_leaves=10, estimator__subsample=0.001; total time=   0.9s
[CV] END estimator__learning_rate=0.39, estimator__max_depth=14, estimator__num_leaves=2, estimator__subsample=0.001; total time=   0.0s
[CV] END estimator__learning_rate=0.39, estimator__max_depth=14, estimator__num_leaves=2, estimator__subsample=0.01; total time=   0.1s
[CV] END estimator__learning_rate=0.39, estimator__max_depth=14, estimator__num_leaves=2, estimator__subsample=0.2; total time=   0.1s
[CV] END estimator__learning_rate=0.39, estimator__max_depth=14, estimator__num_leaves=4, estimator__subsample=0.01; total time=   0.2s
[CV] END estimator__learning_rate=0.39, estimator__max_depth=14, estimator__num_leaves=4, estimator__subsample=0.2; total time=   0.2s
[CV] END estimator__learning_rate=0.39, estimator__max_depth=14, estimator__num_leaves=6, estimator__subsample=0.1; total time=   0.5s
[CV] END estimator__learning_rate=0.39, estimator__max_depth=14, estimator__num_leaves=10, estimator__subsample=0.001; total time=   0.8s[CV] END estimator__learning_rate=0.01, estimator__max_depth=10, estimator__num_leaves=4, estimator__subsample=0.1; total time=   4.7s
[CV] END estimator__learning_rate=0.01, estimator__max_depth=10, estimator__num_leaves=31, estimator__subsample=0.001; total time=   1.5s
[CV] END estimator__learning_rate=0.01, estimator__max_depth=11, estimator__num_leaves=6, estimator__subsample=0.01; total time=   0.4s
[CV] END estimator__learning_rate=0.01, estimator__max_depth=11, estimator__num_leaves=8, estimator__subsample=0.1; total time=   0.6s
[CV] END estimator__learning_rate=0.01, estimator__max_depth=11, estimator__num_leaves=31, estimator__subsample=0.01; total time=   1.6s
[CV] END estimator__learning_rate=0.01, estimator__max_depth=12, estimator__num_leaves=8, estimator__subsample=0.001; total time=   0.6s
[CV] END estimator__learning_rate=0.01, estimator__max_depth=12, estimator__num_leaves=10, estimator__subsample=0.1; total time=   0.8s
[CV] END estimator__learning_rate=0.01, estimator__max_depth=13, estimator__num_leaves=2, estimator__subsample=0.01; total time=   0.1s
[CV] END estimator__learning_rate=0.01, estimator__max_depth=13, estimator__num_leaves=4, estimator__subsample=0.001; total time=   0.2s
[CV] END estimator__learning_rate=0.01, estimator__max_depth=13, estimator__num_leaves=4, estimator__subsample=0.1; total time=   0.2s
[CV] END estimator__learning_rate=0.01, estimator__max_depth=13, estimator__num_leaves=6, estimator__subsample=0.001; total time=   0.5s
[CV] END estimator__learning_rate=0.01, estimator__max_depth=13, estimator__num_leaves=8, estimator__subsample=0.2; total time=   0.6s
[CV] END estimator__learning_rate=0.01, estimator__max_depth=13, estimator__num_leaves=31, estimator__subsample=0.01; total time=   1.5s
[CV] END estimator__learning_rate=0.01, estimator__max_depth=14, estimator__num_leaves=6, estimator__subsample=0.2; total time=   0.5s
[CV] END estimator__learning_rate=0.01, estimator__max_depth=14, estimator__num_leaves=10, estimator__subsample=0.1; total time=   0.8s
[CV] END estimator__learning_rate=0.2, estimator__max_depth=10, estimator__num_leaves=2, estimator__subsample=0.001; total time=   0.0s
[CV] END estimator__learning_rate=0.2, estimator__max_depth=10, estimator__num_leaves=2, estimator__subsample=0.01; total time=   0.1s
[CV] END estimator__learning_rate=0.2, estimator__max_depth=10, estimator__num_leaves=2, estimator__subsample=0.2; total time=   0.1s
[CV] END estimator__learning_rate=0.2, estimator__max_depth=10, estimator__num_leaves=4, estimator__subsample=0.01; total time=   0.2s
[CV] END estimator__learning_rate=0.2, estimator__max_depth=10, estimator__num_leaves=4, estimator__subsample=0.2; total time=   0.2s
[CV] END estimator__learning_rate=0.2, estimator__max_depth=10, estimator__num_leaves=6, estimator__subsample=0.1; total time=   0.4s
[CV] END estimator__learning_rate=0.2, estimator__max_depth=10, estimator__num_leaves=8, estimator__subsample=0.2; total time=   0.6s
[CV] END estimator__learning_rate=0.2, estimator__max_depth=10, estimator__num_leaves=31, estimator__subsample=0.1; total time=   1.5s
[CV] END estimator__learning_rate=0.2, estimator__max_depth=11, estimator__num_leaves=8, estimator__subsample=0.001; total time=   0.6s
[CV] END estimator__learning_rate=0.2, estimator__max_depth=11, estimator__num_leaves=10, estimator__subsample=0.1; total time=   0.8s
[CV] END estimator__learning_rate=0.2, estimator__max_depth=12, estimator__num_leaves=2, estimator__subsample=0.1; total time=   0.1s
[CV] END estimator__learning_rate=0.2, estimator__max_depth=12, estimator__num_leaves=4, estimator__subsample=0.001; total time=   0.2s
[CV] END estimator__learning_rate=0.2, estimator__max_depth=12, estimator__num_leaves=4, estimator__subsample=0.1; total time=   0.2s
[CV] END estimator__learning_rate=0.2, estimator__max_depth=12, estimator__num_leaves=6, estimator__subsample=0.01; total time=   0.4s
[CV] END estimator__learning_rate=0.2, estimator__max_depth=12, estimator__num_leaves=8, estimator__subsample=0.2; total time=   0.6s
[CV] END estimator__learning_rate=0.2, estimator__max_depth=12, estimator__num_leaves=31, estimator__subsample=0.01; total time=   1.6s
[CV] END estimator__learning_rate=0.2, estimator__max_depth=13, estimator__num_leaves=8, estimator__subsample=0.001; total time=   0.6s
[CV] END estimator__learning_rate=0.2, estimator__max_depth=13, estimator__num_leaves=10, estimator__subsample=0.1; total time=   0.8s
[CV] END estimator__learning_rate=0.2, estimator__max_depth=14, estimator__num_leaves=2, estimator__subsample=0.01; total time=   0.1s
[CV] END estimator__learning_rate=0.2, estimator__max_depth=14, estimator__num_leaves=4, estimator__subsample=0.001; total time=   0.2s
[CV] END estimator__learning_rate=0.2, estimator__max_depth=14, estimator__num_leaves=4, estimator__subsample=0.1; total time=   0.2s
[CV] END estimator__learning_rate=0.2, estimator__max_depth=14, estimator__num_leaves=6, estimator__subsample=0.01; total time=   0.4s
[CV] END estimator__learning_rate=0.2, estimator__max_depth=14, estimator__num_leaves=8, estimator__subsample=0.1; total time=   0.6s
[CV] END estimator__learning_rate=0.2, estimator__max_depth=14, estimator__num_leaves=31, estimator__subsample=0.01; total time=   1.6s
[CV] END estimator__learning_rate=0.39, estimator__max_depth=10, estimator__num_leaves=8, estimator__subsample=0.001; total time=   0.6s
[CV] END estimator__learning_rate=0.39, estimator__max_depth=10, estimator__num_leaves=10, estimator__subsample=0.1; total time=   0.8s
[CV] END estimator__learning_rate=0.39, estimator__max_depth=11, estimator__num_leaves=2, estimator__subsample=0.01; total time=   0.1s
[CV] END estimator__learning_rate=0.39, estimator__max_depth=11, estimator__num_leaves=2, estimator__subsample=0.2; total time=   0.1s
[CV] END estimator__learning_rate=0.39, estimator__max_depth=11, estimator__num_leaves=4, estimator__subsample=0.1; total time=   0.2s
[CV] END estimator__learning_rate=0.39, estimator__max_depth=11, estimator__num_leaves=6, estimator__subsample=0.001; total time=   0.4s
[CV] END estimator__learning_rate=0.39, estimator__max_depth=11, estimator__num_leaves=8, estimator__subsample=0.01; total time=   0.6s
[CV] END estimator__learning_rate=0.39, estimator__max_depth=11, estimator__num_leaves=10, estimator__subsample=0.2; total time=   0.8s
[CV] END estimator__learning_rate=0.39, estimator__max_depth=12, estimator__num_leaves=2, estimator__subsample=0.1; total time=   0.1s
[CV] END estimator__learning_rate=0.39, estimator__max_depth=12, estimator__num_leaves=4, estimator__subsample=0.01; total time=   0.2s
[CV] END estimator__learning_rate=0.39, estimator__max_depth=12, estimator__num_leaves=4, estimator__subsample=0.2; total time=   0.2s
[CV] END estimator__learning_rate=0.39, estimator__max_depth=12, estimator__num_leaves=6, estimator__subsample=0.01; total time=   0.4s
[CV] END estimator__learning_rate=0.39, estimator__max_depth=12, estimator__num_leaves=10, estimator__subsample=0.001; total time=   0.7s
[CV] END estimator__learning_rate=0.39, estimator__max_depth=12, estimator__num_leaves=31, estimator__subsample=0.1; total time=   1.6s
[CV] END estimator__learning_rate=0.39, estimator__max_depth=13, estimator__num_leaves=8, estimator__subsample=0.01; total time=   0.6s
[CV] END estimator__learning_rate=0.39, estimator__max_depth=13, estimator__num_leaves=31, estimator__subsample=0.001; total time=   1.6s
[CV] END estimator__learning_rate=0.39, estimator__max_depth=14, estimator__num_leaves=6, estimator__subsample=0.2; total time=   0.5s
[CV] END estimator__learning_rate=0.39, estimator__max_depth=14, estimator__num_leaves=10, estimator__subsample=0.01; total time=   0.7s
[CV] END estimator__learning_rate=0.58, estimator__max_depth=10, estimator__num_leaves=2, estimator__subsample=0.001; total time=   0.0s
[CV] END estimator__learning_rate=0.58, estimator__max_depth=10, estimator__num_leaves=2, estimator__subsample=0.001; total time=   0.1s
[CV] END estimator__learning_rate=0.58, estimator__max_depth=10, estimator__num_leaves=2, estimator__subsample=0.2; total time=   0.1s[CV] END estimator__learning_rate=0.01, estimator__max_depth=10, estimator__num_leaves=4, estimator__subsample=0.01; total time=   4.7s
[CV] END estimator__learning_rate=0.01, estimator__max_depth=10, estimator__num_leaves=10, estimator__subsample=0.2; total time=   0.8s
[CV] END estimator__learning_rate=0.01, estimator__max_depth=11, estimator__num_leaves=2, estimator__subsample=0.1; total time=   0.1s
[CV] END estimator__learning_rate=0.01, estimator__max_depth=11, estimator__num_leaves=4, estimator__subsample=0.01; total time=   0.2s
[CV] END estimator__learning_rate=0.01, estimator__max_depth=11, estimator__num_leaves=4, estimator__subsample=0.2; total time=   0.3s
[CV] END estimator__learning_rate=0.01, estimator__max_depth=11, estimator__num_leaves=6, estimator__subsample=0.2; total time=   0.4s
[CV] END estimator__learning_rate=0.01, estimator__max_depth=11, estimator__num_leaves=10, estimator__subsample=0.001; total time=   0.8s
[CV] END estimator__learning_rate=0.01, estimator__max_depth=11, estimator__num_leaves=31, estimator__subsample=0.2; total time=   1.6s
[CV] END estimator__learning_rate=0.01, estimator__max_depth=12, estimator__num_leaves=8, estimator__subsample=0.2; total time=   0.6s
[CV] END estimator__learning_rate=0.01, estimator__max_depth=12, estimator__num_leaves=31, estimator__subsample=0.01; total time=   1.5s
[CV] END estimator__learning_rate=0.01, estimator__max_depth=13, estimator__num_leaves=6, estimator__subsample=0.2; total time=   0.5s
[CV] END estimator__learning_rate=0.01, estimator__max_depth=13, estimator__num_leaves=10, estimator__subsample=0.1; total time=   0.8s
[CV] END estimator__learning_rate=0.01, estimator__max_depth=14, estimator__num_leaves=2, estimator__subsample=0.001; total time=   0.0s
[CV] END estimator__learning_rate=0.01, estimator__max_depth=14, estimator__num_leaves=2, estimator__subsample=0.01; total time=   0.1s
[CV] END estimator__learning_rate=0.01, estimator__max_depth=14, estimator__num_leaves=2, estimator__subsample=0.2; total time=   0.1s
[CV] END estimator__learning_rate=0.01, estimator__max_depth=14, estimator__num_leaves=4, estimator__subsample=0.01; total time=   0.2s
[CV] END estimator__learning_rate=0.01, estimator__max_depth=14, estimator__num_leaves=6, estimator__subsample=0.001; total time=   0.4s
[CV] END estimator__learning_rate=0.01, estimator__max_depth=14, estimator__num_leaves=8, estimator__subsample=0.001; total time=   0.6s
[CV] END estimator__learning_rate=0.01, estimator__max_depth=14, estimator__num_leaves=10, estimator__subsample=0.2; total time=   0.8s
[CV] END estimator__learning_rate=0.2, estimator__max_depth=10, estimator__num_leaves=2, estimator__subsample=0.1; total time=   0.1s
[CV] END estimator__learning_rate=0.2, estimator__max_depth=10, estimator__num_leaves=4, estimator__subsample=0.001; total time=   0.2s
[CV] END estimator__learning_rate=0.2, estimator__max_depth=10, estimator__num_leaves=4, estimator__subsample=0.2; total time=   0.2s
[CV] END estimator__learning_rate=0.2, estimator__max_depth=10, estimator__num_leaves=6, estimator__subsample=0.01; total time=   0.4s
[CV] END estimator__learning_rate=0.2, estimator__max_depth=10, estimator__num_leaves=8, estimator__subsample=0.2; total time=   0.6s
[CV] END estimator__learning_rate=0.2, estimator__max_depth=10, estimator__num_leaves=31, estimator__subsample=0.01; total time=   1.6s
[CV] END estimator__learning_rate=0.2, estimator__max_depth=11, estimator__num_leaves=8, estimator__subsample=0.001; total time=   0.6s
[CV] END estimator__learning_rate=0.2, estimator__max_depth=11, estimator__num_leaves=10, estimator__subsample=0.2; total time=   0.7s
[CV] END estimator__learning_rate=0.2, estimator__max_depth=12, estimator__num_leaves=2, estimator__subsample=0.1; total time=   0.1s
[CV] END estimator__learning_rate=0.2, estimator__max_depth=12, estimator__num_leaves=4, estimator__subsample=0.001; total time=   0.2s
[CV] END estimator__learning_rate=0.2, estimator__max_depth=12, estimator__num_leaves=4, estimator__subsample=0.1; total time=   0.2s
[CV] END estimator__learning_rate=0.2, estimator__max_depth=12, estimator__num_leaves=6, estimator__subsample=0.01; total time=   0.4s
[CV] END estimator__learning_rate=0.2, estimator__max_depth=12, estimator__num_leaves=8, estimator__subsample=0.2; total time=   0.6s
[CV] END estimator__learning_rate=0.2, estimator__max_depth=12, estimator__num_leaves=31, estimator__subsample=0.01; total time=   1.6s
[CV] END estimator__learning_rate=0.2, estimator__max_depth=13, estimator__num_leaves=8, estimator__subsample=0.001; total time=   0.6s
[CV] END estimator__learning_rate=0.2, estimator__max_depth=13, estimator__num_leaves=10, estimator__subsample=0.1; total time=   0.8s
[CV] END estimator__learning_rate=0.2, estimator__max_depth=14, estimator__num_leaves=2, estimator__subsample=0.01; total time=   0.1s
[CV] END estimator__learning_rate=0.2, estimator__max_depth=14, estimator__num_leaves=4, estimator__subsample=0.001; total time=   0.2s
[CV] END estimator__learning_rate=0.2, estimator__max_depth=14, estimator__num_leaves=4, estimator__subsample=0.1; total time=   0.2s
[CV] END estimator__learning_rate=0.2, estimator__max_depth=14, estimator__num_leaves=6, estimator__subsample=0.001; total time=   0.4s
[CV] END estimator__learning_rate=0.2, estimator__max_depth=14, estimator__num_leaves=8, estimator__subsample=0.1; total time=   0.6s
[CV] END estimator__learning_rate=0.2, estimator__max_depth=14, estimator__num_leaves=31, estimator__subsample=0.001; total time=   1.6s
[CV] END estimator__learning_rate=0.39, estimator__max_depth=10, estimator__num_leaves=6, estimator__subsample=0.2; total time=   0.5s
[CV] END estimator__learning_rate=0.39, estimator__max_depth=10, estimator__num_leaves=10, estimator__subsample=0.1; total time=   0.7s
[CV] END estimator__learning_rate=0.39, estimator__max_depth=11, estimator__num_leaves=2, estimator__subsample=0.001; total time=   0.1s
[CV] END estimator__learning_rate=0.39, estimator__max_depth=11, estimator__num_leaves=2, estimator__subsample=0.1; total time=   0.1s
[CV] END estimator__learning_rate=0.39, estimator__max_depth=11, estimator__num_leaves=4, estimator__subsample=0.01; total time=   0.2s
[CV] END estimator__learning_rate=0.39, estimator__max_depth=11, estimator__num_leaves=4, estimator__subsample=0.2; total time=   0.2s
[CV] END estimator__learning_rate=0.39, estimator__max_depth=11, estimator__num_leaves=6, estimator__subsample=0.01; total time=   0.4s
[CV] END estimator__learning_rate=0.39, estimator__max_depth=11, estimator__num_leaves=10, estimator__subsample=0.001; total time=   0.8s
[CV] END estimator__learning_rate=0.39, estimator__max_depth=11, estimator__num_leaves=31, estimator__subsample=0.1; total time=   1.6s
[CV] END estimator__learning_rate=0.39, estimator__max_depth=12, estimator__num_leaves=8, estimator__subsample=0.01; total time=   0.6s
[CV] END estimator__learning_rate=0.39, estimator__max_depth=12, estimator__num_leaves=31, estimator__subsample=0.001; total time=   1.9s
[CV] END estimator__learning_rate=0.39, estimator__max_depth=13, estimator__num_leaves=8, estimator__subsample=0.1; total time=   0.7s
[CV] END estimator__learning_rate=0.39, estimator__max_depth=13, estimator__num_leaves=31, estimator__subsample=0.1; total time=   1.5s
[CV] END estimator__learning_rate=0.39, estimator__max_depth=14, estimator__num_leaves=8, estimator__subsample=0.001; total time=   0.6s
[CV] END estimator__learning_rate=0.39, estimator__max_depth=14, estimator__num_leaves=10, estimator__subsample=0.2; total time=   0.7s
[CV] END estimator__learning_rate=0.58, estimator__max_depth=10, estimator__num_leaves=2, estimator__subsample=0.1; total time=   0.1s
[CV] END estimator__learning_rate=0.58, estimator__max_depth=10, estimator__num_leaves=4, estimator__subsample=0.001; total time=   0.2s
[CV] END estimator__learning_rate=0.58, estimator__max_depth=10, estimator__num_leaves=4, estimator__subsample=0.2; total time=   0.2s
[CV] END estimator__learning_rate=0.58, estimator__max_depth=10, estimator__num_leaves=6, estimator__subsample=0.01; total time=   0.4s[CV] END estimator__learning_rate=0.01, estimator__max_depth=10, estimator__num_leaves=2, estimator__subsample=0.01; total time=   4.5s
[CV] END estimator__learning_rate=0.01, estimator__max_depth=10, estimator__num_leaves=4, estimator__subsample=0.1; total time=   0.0s
[CV] END estimator__learning_rate=0.01, estimator__max_depth=10, estimator__num_leaves=4, estimator__subsample=0.2; total time=   0.0s
[CV] END estimator__learning_rate=0.01, estimator__max_depth=10, estimator__num_leaves=6, estimator__subsample=0.01; total time=   0.2s
[CV] END estimator__learning_rate=0.01, estimator__max_depth=10, estimator__num_leaves=6, estimator__subsample=0.2; total time=   0.2s
[CV] END estimator__learning_rate=0.01, estimator__max_depth=10, estimator__num_leaves=8, estimator__subsample=0.1; total time=   0.4s
[CV] END estimator__learning_rate=0.01, estimator__max_depth=10, estimator__num_leaves=10, estimator__subsample=0.01; total time=   1.1s
[CV] END estimator__learning_rate=0.01, estimator__max_depth=10, estimator__num_leaves=31, estimator__subsample=0.2; total time=   1.6s
[CV] END estimator__learning_rate=0.01, estimator__max_depth=11, estimator__num_leaves=10, estimator__subsample=0.01; total time=   0.8s
[CV] END estimator__learning_rate=0.01, estimator__max_depth=11, estimator__num_leaves=31, estimator__subsample=0.2; total time=   1.5s
[CV] END estimator__learning_rate=0.01, estimator__max_depth=12, estimator__num_leaves=8, estimator__subsample=0.1; total time=   0.6s
[CV] END estimator__learning_rate=0.01, estimator__max_depth=12, estimator__num_leaves=31, estimator__subsample=0.001; total time=   1.5s
[CV] END estimator__learning_rate=0.01, estimator__max_depth=13, estimator__num_leaves=6, estimator__subsample=0.1; total time=   0.5s
[CV] END estimator__learning_rate=0.01, estimator__max_depth=13, estimator__num_leaves=10, estimator__subsample=0.001; total time=   1.0s
[CV] END estimator__learning_rate=0.01, estimator__max_depth=14, estimator__num_leaves=2, estimator__subsample=0.001; total time=   0.1s
[CV] END estimator__learning_rate=0.01, estimator__max_depth=14, estimator__num_leaves=2, estimator__subsample=0.1; total time=   0.1s
[CV] END estimator__learning_rate=0.01, estimator__max_depth=14, estimator__num_leaves=4, estimator__subsample=0.001; total time=   0.2s
[CV] END estimator__learning_rate=0.01, estimator__max_depth=14, estimator__num_leaves=4, estimator__subsample=0.1; total time=   0.2s
[CV] END estimator__learning_rate=0.01, estimator__max_depth=14, estimator__num_leaves=6, estimator__subsample=0.01; total time=   0.5s
[CV] END estimator__learning_rate=0.01, estimator__max_depth=14, estimator__num_leaves=8, estimator__subsample=0.2; total time=   0.6s
[CV] END estimator__learning_rate=0.01, estimator__max_depth=14, estimator__num_leaves=31, estimator__subsample=0.1; total time=   1.6s
[CV] END estimator__learning_rate=0.2, estimator__max_depth=10, estimator__num_leaves=8, estimator__subsample=0.01; total time=   0.6s
[CV] END estimator__learning_rate=0.2, estimator__max_depth=10, estimator__num_leaves=10, estimator__subsample=0.2; total time=   0.8s
[CV] END estimator__learning_rate=0.2, estimator__max_depth=11, estimator__num_leaves=2, estimator__subsample=0.1; total time=   0.1s
[CV] END estimator__learning_rate=0.2, estimator__max_depth=11, estimator__num_leaves=4, estimator__subsample=0.01; total time=   0.2s
[CV] END estimator__learning_rate=0.2, estimator__max_depth=11, estimator__num_leaves=4, estimator__subsample=0.2; total time=   0.2s
[CV] END estimator__learning_rate=0.2, estimator__max_depth=11, estimator__num_leaves=6, estimator__subsample=0.1; total time=   0.4s
[CV] END estimator__learning_rate=0.2, estimator__max_depth=11, estimator__num_leaves=10, estimator__subsample=0.001; total time=   0.8s
[CV] END estimator__learning_rate=0.2, estimator__max_depth=11, estimator__num_leaves=31, estimator__subsample=0.2; total time=   1.5s
[CV] END estimator__learning_rate=0.2, estimator__max_depth=12, estimator__num_leaves=8, estimator__subsample=0.01; total time=   0.6s
[CV] END estimator__learning_rate=0.2, estimator__max_depth=12, estimator__num_leaves=31, estimator__subsample=0.001; total time=   1.6s
[CV] END estimator__learning_rate=0.2, estimator__max_depth=13, estimator__num_leaves=6, estimator__subsample=0.1; total time=   0.5s
[CV] END estimator__learning_rate=0.2, estimator__max_depth=13, estimator__num_leaves=10, estimator__subsample=0.01; total time=   0.8s
[CV] END estimator__learning_rate=0.2, estimator__max_depth=13, estimator__num_leaves=31, estimator__subsample=0.2; total time=   1.6s
[CV] END estimator__learning_rate=0.2, estimator__max_depth=14, estimator__num_leaves=8, estimator__subsample=0.2; total time=   0.6s
[CV] END estimator__learning_rate=0.2, estimator__max_depth=14, estimator__num_leaves=31, estimator__subsample=0.1; total time=   1.6s
[CV] END estimator__learning_rate=0.39, estimator__max_depth=10, estimator__num_leaves=8, estimator__subsample=0.001; total time=   0.6s
[CV] END estimator__learning_rate=0.39, estimator__max_depth=10, estimator__num_leaves=10, estimator__subsample=0.2; total time=   0.8s
[CV] END estimator__learning_rate=0.39, estimator__max_depth=11, estimator__num_leaves=2, estimator__subsample=0.1; total time=   0.1s
[CV] END estimator__learning_rate=0.39, estimator__max_depth=11, estimator__num_leaves=4, estimator__subsample=0.001; total time=   0.2s
[CV] END estimator__learning_rate=0.39, estimator__max_depth=11, estimator__num_leaves=4, estimator__subsample=0.2; total time=   0.2s
[CV] END estimator__learning_rate=0.39, estimator__max_depth=11, estimator__num_leaves=6, estimator__subsample=0.01; total time=   0.4s
[CV] END estimator__learning_rate=0.39, estimator__max_depth=11, estimator__num_leaves=8, estimator__subsample=0.2; total time=   0.6s
[CV] END estimator__learning_rate=0.39, estimator__max_depth=11, estimator__num_leaves=31, estimator__subsample=0.01; total time=   1.5s
[CV] END estimator__learning_rate=0.39, estimator__max_depth=12, estimator__num_leaves=6, estimator__subsample=0.2; total time=   0.4s
[CV] END estimator__learning_rate=0.39, estimator__max_depth=12, estimator__num_leaves=10, estimator__subsample=0.1; total time=   0.7s
[CV] END estimator__learning_rate=0.39, estimator__max_depth=13, estimator__num_leaves=2, estimator__subsample=0.001; total time=   0.0s
[CV] END estimator__learning_rate=0.39, estimator__max_depth=13, estimator__num_leaves=2, estimator__subsample=0.01; total time=   0.1s
[CV] END estimator__learning_rate=0.39, estimator__max_depth=13, estimator__num_leaves=2, estimator__subsample=0.2; total time=   0.1s
[CV] END estimator__learning_rate=0.39, estimator__max_depth=13, estimator__num_leaves=4, estimator__subsample=0.1; total time=   0.2s
[CV] END estimator__learning_rate=0.39, estimator__max_depth=13, estimator__num_leaves=6, estimator__subsample=0.001; total time=   0.4s
[CV] END estimator__learning_rate=0.39, estimator__max_depth=13, estimator__num_leaves=8, estimator__subsample=0.001; total time=   0.6s
[CV] END estimator__learning_rate=0.39, estimator__max_depth=13, estimator__num_leaves=10, estimator__subsample=0.2; total time=   0.7s
[CV] END estimator__learning_rate=0.39, estimator__max_depth=14, estimator__num_leaves=2, estimator__subsample=0.1; total time=   0.1s
[CV] END estimator__learning_rate=0.39, estimator__max_depth=14, estimator__num_leaves=4, estimator__subsample=0.001; total time=   0.2s
[CV] END estimator__learning_rate=0.39, estimator__max_depth=14, estimator__num_leaves=4, estimator__subsample=0.1; total time=   0.2s
[CV] END estimator__learning_rate=0.39, estimator__max_depth=14, estimator__num_leaves=6, estimator__subsample=0.01; total time=   0.4s
[CV] END estimator__learning_rate=0.39, estimator__max_depth=14, estimator__num_leaves=8, estimator__subsample=0.1; total time=   0.6s
[CV] END estimator__learning_rate=0.39, estimator__max_depth=14, estimator__num_leaves=31, estimator__subsample=0.01; total time=   1.6s
[CV] END estimator__learning_rate=0.58, estimator__max_depth=10, estimator__num_leaves=8, estimator__subsample=0.001; total time=   0.6s[CV] END estimator__learning_rate=0.01, estimator__max_depth=10, estimator__num_leaves=4, estimator__subsample=0.01; total time=   4.7s
[CV] END estimator__learning_rate=0.01, estimator__max_depth=10, estimator__num_leaves=10, estimator__subsample=0.2; total time=   0.8s
[CV] END estimator__learning_rate=0.01, estimator__max_depth=11, estimator__num_leaves=2, estimator__subsample=0.1; total time=   0.1s
[CV] END estimator__learning_rate=0.01, estimator__max_depth=11, estimator__num_leaves=4, estimator__subsample=0.01; total time=   0.2s
[CV] END estimator__learning_rate=0.01, estimator__max_depth=11, estimator__num_leaves=4, estimator__subsample=0.2; total time=   0.3s
[CV] END estimator__learning_rate=0.01, estimator__max_depth=11, estimator__num_leaves=6, estimator__subsample=0.2; total time=   0.4s
[CV] END estimator__learning_rate=0.01, estimator__max_depth=11, estimator__num_leaves=10, estimator__subsample=0.001; total time=   1.0s
[CV] END estimator__learning_rate=0.01, estimator__max_depth=12, estimator__num_leaves=2, estimator__subsample=0.01; total time=   0.1s
[CV] END estimator__learning_rate=0.01, estimator__max_depth=12, estimator__num_leaves=2, estimator__subsample=0.1; total time=   0.1s
[CV] END estimator__learning_rate=0.01, estimator__max_depth=12, estimator__num_leaves=4, estimator__subsample=0.01; total time=   0.2s
[CV] END estimator__learning_rate=0.01, estimator__max_depth=12, estimator__num_leaves=4, estimator__subsample=0.2; total time=   0.2s
[CV] END estimator__learning_rate=0.01, estimator__max_depth=12, estimator__num_leaves=6, estimator__subsample=0.01; total time=   0.5s
[CV] END estimator__learning_rate=0.01, estimator__max_depth=12, estimator__num_leaves=10, estimator__subsample=0.001; total time=   0.8s
[CV] END estimator__learning_rate=0.01, estimator__max_depth=12, estimator__num_leaves=31, estimator__subsample=0.1; total time=   1.6s
[CV] END estimator__learning_rate=0.01, estimator__max_depth=13, estimator__num_leaves=8, estimator__subsample=0.1; total time=   0.6s
[CV] END estimator__learning_rate=0.01, estimator__max_depth=13, estimator__num_leaves=31, estimator__subsample=0.001; total time=   1.6s
[CV] END estimator__learning_rate=0.01, estimator__max_depth=14, estimator__num_leaves=6, estimator__subsample=0.1; total time=   0.5s
[CV] END estimator__learning_rate=0.01, estimator__max_depth=14, estimator__num_leaves=10, estimator__subsample=0.01; total time=   0.8s
[CV] END estimator__learning_rate=0.01, estimator__max_depth=14, estimator__num_leaves=31, estimator__subsample=0.2; total time=   1.6s
[CV] END estimator__learning_rate=0.2, estimator__max_depth=10, estimator__num_leaves=8, estimator__subsample=0.1; total time=   0.6s
[CV] END estimator__learning_rate=0.2, estimator__max_depth=10, estimator__num_leaves=31, estimator__subsample=0.001; total time=   1.5s
[CV] END estimator__learning_rate=0.2, estimator__max_depth=11, estimator__num_leaves=6, estimator__subsample=0.2; total time=   0.4s
[CV] END estimator__learning_rate=0.2, estimator__max_depth=11, estimator__num_leaves=10, estimator__subsample=0.01; total time=   0.7s
[CV] END estimator__learning_rate=0.2, estimator__max_depth=11, estimator__num_leaves=31, estimator__subsample=0.2; total time=   1.5s
[CV] END estimator__learning_rate=0.2, estimator__max_depth=12, estimator__num_leaves=8, estimator__subsample=0.2; total time=   0.6s
[CV] END estimator__learning_rate=0.2, estimator__max_depth=12, estimator__num_leaves=31, estimator__subsample=0.01; total time=   1.6s
[CV] END estimator__learning_rate=0.2, estimator__max_depth=13, estimator__num_leaves=6, estimator__subsample=0.2; total time=   0.4s
[CV] END estimator__learning_rate=0.2, estimator__max_depth=13, estimator__num_leaves=10, estimator__subsample=0.1; total time=   0.8s
[CV] END estimator__learning_rate=0.2, estimator__max_depth=14, estimator__num_leaves=2, estimator__subsample=0.001; total time=   0.1s
[CV] END estimator__learning_rate=0.2, estimator__max_depth=14, estimator__num_leaves=2, estimator__subsample=0.01; total time=   0.1s
[CV] END estimator__learning_rate=0.2, estimator__max_depth=14, estimator__num_leaves=2, estimator__subsample=0.2; total time=   0.1s
[CV] END estimator__learning_rate=0.2, estimator__max_depth=14, estimator__num_leaves=4, estimator__subsample=0.1; total time=   0.2s
[CV] END estimator__learning_rate=0.2, estimator__max_depth=14, estimator__num_leaves=6, estimator__subsample=0.001; total time=   0.4s
[CV] END estimator__learning_rate=0.2, estimator__max_depth=14, estimator__num_leaves=8, estimator__subsample=0.01; total time=   0.6s
[CV] END estimator__learning_rate=0.2, estimator__max_depth=14, estimator__num_leaves=10, estimator__subsample=0.2; total time=   0.8s
[CV] END estimator__learning_rate=0.39, estimator__max_depth=10, estimator__num_leaves=2, estimator__subsample=0.1; total time=   0.1s
[CV] END estimator__learning_rate=0.39, estimator__max_depth=10, estimator__num_leaves=4, estimator__subsample=0.01; total time=   0.2s
[CV] END estimator__learning_rate=0.39, estimator__max_depth=10, estimator__num_leaves=4, estimator__subsample=0.2; total time=   0.2s
[CV] END estimator__learning_rate=0.39, estimator__max_depth=10, estimator__num_leaves=6, estimator__subsample=0.01; total time=   0.4s
[CV] END estimator__learning_rate=0.39, estimator__max_depth=10, estimator__num_leaves=8, estimator__subsample=0.2; total time=   0.6s
[CV] END estimator__learning_rate=0.39, estimator__max_depth=10, estimator__num_leaves=31, estimator__subsample=0.01; total time=   1.5s
[CV] END estimator__learning_rate=0.39, estimator__max_depth=11, estimator__num_leaves=6, estimator__subsample=0.2; total time=   0.4s
[CV] END estimator__learning_rate=0.39, estimator__max_depth=11, estimator__num_leaves=10, estimator__subsample=0.1; total time=   0.8s
[CV] END estimator__learning_rate=0.39, estimator__max_depth=12, estimator__num_leaves=2, estimator__subsample=0.001; total time=   0.0s
[CV] END estimator__learning_rate=0.39, estimator__max_depth=12, estimator__num_leaves=2, estimator__subsample=0.001; total time=   0.1s
[CV] END estimator__learning_rate=0.39, estimator__max_depth=12, estimator__num_leaves=2, estimator__subsample=0.1; total time=   0.1s
[CV] END estimator__learning_rate=0.39, estimator__max_depth=12, estimator__num_leaves=4, estimator__subsample=0.01; total time=   0.2s
[CV] END estimator__learning_rate=0.39, estimator__max_depth=12, estimator__num_leaves=4, estimator__subsample=0.2; total time=   0.2s
[CV] END estimator__learning_rate=0.39, estimator__max_depth=12, estimator__num_leaves=6, estimator__subsample=0.1; total time=   0.4s
[CV] END estimator__learning_rate=0.39, estimator__max_depth=12, estimator__num_leaves=10, estimator__subsample=0.001; total time=   0.7s
[CV] END estimator__learning_rate=0.39, estimator__max_depth=12, estimator__num_leaves=31, estimator__subsample=0.1; total time=   1.5s
[CV] END estimator__learning_rate=0.39, estimator__max_depth=13, estimator__num_leaves=8, estimator__subsample=0.01; total time=   0.6s
[CV] END estimator__learning_rate=0.39, estimator__max_depth=13, estimator__num_leaves=10, estimator__subsample=0.2; total time=   0.8s
[CV] END estimator__learning_rate=0.39, estimator__max_depth=14, estimator__num_leaves=4, estimator__subsample=0.001; total time=   0.2s
[CV] END estimator__learning_rate=0.39, estimator__max_depth=14, estimator__num_leaves=4, estimator__subsample=0.2; total time=   0.2s
[CV] END estimator__learning_rate=0.39, estimator__max_depth=14, estimator__num_leaves=6, estimator__subsample=0.01; total time=   0.4s
[CV] END estimator__learning_rate=0.39, estimator__max_depth=14, estimator__num_leaves=8, estimator__subsample=0.2; total time=   0.6s
[CV] END estimator__learning_rate=0.39, estimator__max_depth=14, estimator__num_leaves=31, estimator__subsample=0.01; total time=   1.5s
[CV] END estimator__learning_rate=0.58, estimator__max_depth=10, estimator__num_leaves=8, estimator__subsample=0.001; total time=   0.6s
[CV] END estimator__learning_rate=0.58, estimator__max_depth=10, estimator__num_leaves=10, estimator__subsample=0.1; total time=   0.8s[CV] END estimator__learning_rate=0.01, estimator__max_depth=10, estimator__num_leaves=2, estimator__subsample=0.001; total time=   4.2s
[CV] END estimator__learning_rate=0.01, estimator__max_depth=10, estimator__num_leaves=6, estimator__subsample=0.1; total time=   0.2s
[CV] END estimator__learning_rate=0.01, estimator__max_depth=10, estimator__num_leaves=8, estimator__subsample=0.01; total time=   0.3s
[CV] END estimator__learning_rate=0.01, estimator__max_depth=10, estimator__num_leaves=10, estimator__subsample=0.001; total time=   1.1s
[CV] END estimator__learning_rate=0.01, estimator__max_depth=10, estimator__num_leaves=31, estimator__subsample=0.1; total time=   1.5s
[CV] END estimator__learning_rate=0.01, estimator__max_depth=11, estimator__num_leaves=8, estimator__subsample=0.2; total time=   0.6s
[CV] END estimator__learning_rate=0.01, estimator__max_depth=11, estimator__num_leaves=31, estimator__subsample=0.01; total time=   1.5s
[CV] END estimator__learning_rate=0.01, estimator__max_depth=12, estimator__num_leaves=8, estimator__subsample=0.001; total time=   0.6s
[CV] END estimator__learning_rate=0.01, estimator__max_depth=12, estimator__num_leaves=10, estimator__subsample=0.1; total time=   0.8s
[CV] END estimator__learning_rate=0.01, estimator__max_depth=13, estimator__num_leaves=2, estimator__subsample=0.01; total time=   0.1s
[CV] END estimator__learning_rate=0.01, estimator__max_depth=13, estimator__num_leaves=2, estimator__subsample=0.2; total time=   0.1s
[CV] END estimator__learning_rate=0.01, estimator__max_depth=13, estimator__num_leaves=4, estimator__subsample=0.1; total time=   0.2s
[CV] END estimator__learning_rate=0.01, estimator__max_depth=13, estimator__num_leaves=6, estimator__subsample=0.001; total time=   0.4s
[CV] END estimator__learning_rate=0.01, estimator__max_depth=13, estimator__num_leaves=8, estimator__subsample=0.01; total time=   0.6s
[CV] END estimator__learning_rate=0.01, estimator__max_depth=13, estimator__num_leaves=10, estimator__subsample=0.2; total time=   0.8s
[CV] END estimator__learning_rate=0.01, estimator__max_depth=14, estimator__num_leaves=4, estimator__subsample=0.001; total time=   0.2s
[CV] END estimator__learning_rate=0.01, estimator__max_depth=14, estimator__num_leaves=4, estimator__subsample=0.1; total time=   0.2s
[CV] END estimator__learning_rate=0.01, estimator__max_depth=14, estimator__num_leaves=6, estimator__subsample=0.001; total time=   0.5s
[CV] END estimator__learning_rate=0.01, estimator__max_depth=14, estimator__num_leaves=8, estimator__subsample=0.2; total time=   0.6s
[CV] END estimator__learning_rate=0.01, estimator__max_depth=14, estimator__num_leaves=31, estimator__subsample=0.01; total time=   1.5s
[CV] END estimator__learning_rate=0.2, estimator__max_depth=10, estimator__num_leaves=6, estimator__subsample=0.2; total time=   0.4s
[CV] END estimator__learning_rate=0.2, estimator__max_depth=10, estimator__num_leaves=10, estimator__subsample=0.01; total time=   0.8s
[CV] END estimator__learning_rate=0.2, estimator__max_depth=10, estimator__num_leaves=31, estimator__subsample=0.2; total time=   1.5s
[CV] END estimator__learning_rate=0.2, estimator__max_depth=11, estimator__num_leaves=8, estimator__subsample=0.2; total time=   0.6s
[CV] END estimator__learning_rate=0.2, estimator__max_depth=11, estimator__num_leaves=31, estimator__subsample=0.01; total time=   1.9s
[CV] END estimator__learning_rate=0.2, estimator__max_depth=12, estimator__num_leaves=8, estimator__subsample=0.2; total time=   0.6s
[CV] END estimator__learning_rate=0.2, estimator__max_depth=12, estimator__num_leaves=31, estimator__subsample=0.1; total time=   1.6s
[CV] END estimator__learning_rate=0.2, estimator__max_depth=13, estimator__num_leaves=8, estimator__subsample=0.001; total time=   0.6s
[CV] END estimator__learning_rate=0.2, estimator__max_depth=13, estimator__num_leaves=10, estimator__subsample=0.1; total time=   0.8s
[CV] END estimator__learning_rate=0.2, estimator__max_depth=14, estimator__num_leaves=2, estimator__subsample=0.1; total time=   0.1s
[CV] END estimator__learning_rate=0.2, estimator__max_depth=14, estimator__num_leaves=4, estimator__subsample=0.001; total time=   0.2s
[CV] END estimator__learning_rate=0.2, estimator__max_depth=14, estimator__num_leaves=4, estimator__subsample=0.1; total time=   0.2s
[CV] END estimator__learning_rate=0.2, estimator__max_depth=14, estimator__num_leaves=6, estimator__subsample=0.01; total time=   0.4s
[CV] END estimator__learning_rate=0.2, estimator__max_depth=14, estimator__num_leaves=8, estimator__subsample=0.1; total time=   0.6s
[CV] END estimator__learning_rate=0.2, estimator__max_depth=14, estimator__num_leaves=31, estimator__subsample=0.001; total time=   1.5s
[CV] END estimator__learning_rate=0.39, estimator__max_depth=10, estimator__num_leaves=6, estimator__subsample=0.2; total time=   0.4s
[CV] END estimator__learning_rate=0.39, estimator__max_depth=10, estimator__num_leaves=10, estimator__subsample=0.01; total time=   0.8s
[CV] END estimator__learning_rate=0.39, estimator__max_depth=10, estimator__num_leaves=31, estimator__subsample=0.2; total time=   1.9s
[CV] END estimator__learning_rate=0.39, estimator__max_depth=11, estimator__num_leaves=10, estimator__subsample=0.1; total time=   0.8s
[CV] END estimator__learning_rate=0.39, estimator__max_depth=12, estimator__num_leaves=2, estimator__subsample=0.001; total time=   0.1s
[CV] END estimator__learning_rate=0.39, estimator__max_depth=12, estimator__num_leaves=2, estimator__subsample=0.2; total time=   0.1s
[CV] END estimator__learning_rate=0.39, estimator__max_depth=12, estimator__num_leaves=4, estimator__subsample=0.01; total time=   0.2s
[CV] END estimator__learning_rate=0.39, estimator__max_depth=12, estimator__num_leaves=6, estimator__subsample=0.001; total time=   0.4s
[CV] END estimator__learning_rate=0.39, estimator__max_depth=12, estimator__num_leaves=8, estimator__subsample=0.001; total time=   0.6s
[CV] END estimator__learning_rate=0.39, estimator__max_depth=12, estimator__num_leaves=10, estimator__subsample=0.2; total time=   0.7s
[CV] END estimator__learning_rate=0.39, estimator__max_depth=13, estimator__num_leaves=2, estimator__subsample=0.1; total time=   0.1s
[CV] END estimator__learning_rate=0.39, estimator__max_depth=13, estimator__num_leaves=4, estimator__subsample=0.001; total time=   0.2s
[CV] END estimator__learning_rate=0.39, estimator__max_depth=13, estimator__num_leaves=4, estimator__subsample=0.2; total time=   0.2s
[CV] END estimator__learning_rate=0.39, estimator__max_depth=13, estimator__num_leaves=6, estimator__subsample=0.01; total time=   0.4s
[CV] END estimator__learning_rate=0.39, estimator__max_depth=13, estimator__num_leaves=8, estimator__subsample=0.2; total time=   0.6s
[CV] END estimator__learning_rate=0.39, estimator__max_depth=13, estimator__num_leaves=31, estimator__subsample=0.01; total time=   1.5s
[CV] END estimator__learning_rate=0.39, estimator__max_depth=14, estimator__num_leaves=6, estimator__subsample=0.2; total time=   0.4s
[CV] END estimator__learning_rate=0.39, estimator__max_depth=14, estimator__num_leaves=10, estimator__subsample=0.01; total time=   0.7s
[CV] END estimator__learning_rate=0.58, estimator__max_depth=10, estimator__num_leaves=2, estimator__subsample=0.001; total time=   0.0s
[CV] END estimator__learning_rate=0.58, estimator__max_depth=10, estimator__num_leaves=2, estimator__subsample=0.01; total time=   0.1s
[CV] END estimator__learning_rate=0.58, estimator__max_depth=10, estimator__num_leaves=2, estimator__subsample=0.2; total time=   0.1s
[CV] END estimator__learning_rate=0.58, estimator__max_depth=10, estimator__num_leaves=4, estimator__subsample=0.01; total time=   0.2s
[CV] END estimator__learning_rate=0.58, estimator__max_depth=10, estimator__num_leaves=6, estimator__subsample=0.001; total time=   0.4s
[CV] END estimator__learning_rate=0.58, estimator__max_depth=10, estimator__num_leaves=8, estimator__subsample=0.001; total time=   0.6s
[CV] END estimator__learning_rate=0.58, estimator__max_depth=10, estimator__num_leaves=10, estimator__subsample=0.1; total time=   0.8s[CV] END estimator__learning_rate=0.01, estimator__max_depth=10, estimator__num_leaves=4, estimator__subsample=0.01; total time=   4.7s
[CV] END estimator__learning_rate=0.01, estimator__max_depth=10, estimator__num_leaves=31, estimator__subsample=0.001; total time=   1.6s
[CV] END estimator__learning_rate=0.01, estimator__max_depth=11, estimator__num_leaves=6, estimator__subsample=0.01; total time=   0.6s
[CV] END estimator__learning_rate=0.01, estimator__max_depth=11, estimator__num_leaves=10, estimator__subsample=0.01; total time=   0.8s
[CV] END estimator__learning_rate=0.01, estimator__max_depth=12, estimator__num_leaves=2, estimator__subsample=0.001; total time=   0.0s
[CV] END estimator__learning_rate=0.01, estimator__max_depth=12, estimator__num_leaves=2, estimator__subsample=0.001; total time=   0.1s
[CV] END estimator__learning_rate=0.01, estimator__max_depth=12, estimator__num_leaves=2, estimator__subsample=0.1; total time=   0.1s
[CV] END estimator__learning_rate=0.01, estimator__max_depth=12, estimator__num_leaves=4, estimator__subsample=0.001; total time=   0.2s
[CV] END estimator__learning_rate=0.01, estimator__max_depth=12, estimator__num_leaves=4, estimator__subsample=0.1; total time=   0.2s
[CV] END estimator__learning_rate=0.01, estimator__max_depth=12, estimator__num_leaves=6, estimator__subsample=0.01; total time=   0.5s
[CV] END estimator__learning_rate=0.01, estimator__max_depth=12, estimator__num_leaves=8, estimator__subsample=0.2; total time=   0.6s
[CV] END estimator__learning_rate=0.01, estimator__max_depth=12, estimator__num_leaves=31, estimator__subsample=0.1; total time=   1.6s
[CV] END estimator__learning_rate=0.01, estimator__max_depth=13, estimator__num_leaves=8, estimator__subsample=0.001; total time=   0.6s
[CV] END estimator__learning_rate=0.01, estimator__max_depth=13, estimator__num_leaves=10, estimator__subsample=0.2; total time=   0.8s
[CV] END estimator__learning_rate=0.01, estimator__max_depth=14, estimator__num_leaves=2, estimator__subsample=0.1; total time=   0.1s
[CV] END estimator__learning_rate=0.01, estimator__max_depth=14, estimator__num_leaves=4, estimator__subsample=0.001; total time=   0.2s
[CV] END estimator__learning_rate=0.01, estimator__max_depth=14, estimator__num_leaves=4, estimator__subsample=0.2; total time=   0.2s
[CV] END estimator__learning_rate=0.01, estimator__max_depth=14, estimator__num_leaves=6, estimator__subsample=0.01; total time=   0.5s
[CV] END estimator__learning_rate=0.01, estimator__max_depth=14, estimator__num_leaves=8, estimator__subsample=0.2; total time=   0.6s
[CV] END estimator__learning_rate=0.01, estimator__max_depth=14, estimator__num_leaves=31, estimator__subsample=0.01; total time=   1.5s
[CV] END estimator__learning_rate=0.2, estimator__max_depth=10, estimator__num_leaves=8, estimator__subsample=0.001; total time=   0.6s
[CV] END estimator__learning_rate=0.2, estimator__max_depth=10, estimator__num_leaves=10, estimator__subsample=0.1; total time=   0.8s
[CV] END estimator__learning_rate=0.2, estimator__max_depth=11, estimator__num_leaves=2, estimator__subsample=0.01; total time=   0.1s
[CV] END estimator__learning_rate=0.2, estimator__max_depth=11, estimator__num_leaves=4, estimator__subsample=0.001; total time=   0.2s
[CV] END estimator__learning_rate=0.2, estimator__max_depth=11, estimator__num_leaves=4, estimator__subsample=0.1; total time=   0.2s
[CV] END estimator__learning_rate=0.2, estimator__max_depth=11, estimator__num_leaves=6, estimator__subsample=0.01; total time=   0.4s
[CV] END estimator__learning_rate=0.2, estimator__max_depth=11, estimator__num_leaves=8, estimator__subsample=0.2; total time=   0.6s
[CV] END estimator__learning_rate=0.2, estimator__max_depth=11, estimator__num_leaves=31, estimator__subsample=0.01; total time=   1.5s
[CV] END estimator__learning_rate=0.2, estimator__max_depth=12, estimator__num_leaves=6, estimator__subsample=0.2; total time=   0.4s
[CV] END estimator__learning_rate=0.2, estimator__max_depth=12, estimator__num_leaves=10, estimator__subsample=0.01; total time=   0.8s
[CV] END estimator__learning_rate=0.2, estimator__max_depth=13, estimator__num_leaves=2, estimator__subsample=0.001; total time=   0.1s
[CV] END estimator__learning_rate=0.2, estimator__max_depth=13, estimator__num_leaves=2, estimator__subsample=0.01; total time=   0.1s
[CV] END estimator__learning_rate=0.2, estimator__max_depth=13, estimator__num_leaves=2, estimator__subsample=0.2; total time=   0.1s
[CV] END estimator__learning_rate=0.2, estimator__max_depth=13, estimator__num_leaves=4, estimator__subsample=0.01; total time=   0.2s
[CV] END estimator__learning_rate=0.2, estimator__max_depth=13, estimator__num_leaves=6, estimator__subsample=0.001; total time=   0.4s
[CV] END estimator__learning_rate=0.2, estimator__max_depth=13, estimator__num_leaves=8, estimator__subsample=0.01; total time=   0.6s
[CV] END estimator__learning_rate=0.2, estimator__max_depth=13, estimator__num_leaves=10, estimator__subsample=0.2; total time=   0.8s
[CV] END estimator__learning_rate=0.2, estimator__max_depth=14, estimator__num_leaves=2, estimator__subsample=0.1; total time=   0.1s
[CV] END estimator__learning_rate=0.2, estimator__max_depth=14, estimator__num_leaves=4, estimator__subsample=0.01; total time=   0.2s
[CV] END estimator__learning_rate=0.2, estimator__max_depth=14, estimator__num_leaves=4, estimator__subsample=0.2; total time=   0.2s
[CV] END estimator__learning_rate=0.2, estimator__max_depth=14, estimator__num_leaves=6, estimator__subsample=0.01; total time=   0.4s
[CV] END estimator__learning_rate=0.2, estimator__max_depth=14, estimator__num_leaves=10, estimator__subsample=0.001; total time=   0.8s
[CV] END estimator__learning_rate=0.2, estimator__max_depth=14, estimator__num_leaves=31, estimator__subsample=0.1; total time=   1.6s
[CV] END estimator__learning_rate=0.39, estimator__max_depth=10, estimator__num_leaves=8, estimator__subsample=0.01; total time=   0.6s
[CV] END estimator__learning_rate=0.39, estimator__max_depth=10, estimator__num_leaves=31, estimator__subsample=0.001; total time=   1.5s
[CV] END estimator__learning_rate=0.39, estimator__max_depth=11, estimator__num_leaves=6, estimator__subsample=0.1; total time=   0.4s
[CV] END estimator__learning_rate=0.39, estimator__max_depth=11, estimator__num_leaves=10, estimator__subsample=0.001; total time=   0.8s
[CV] END estimator__learning_rate=0.39, estimator__max_depth=11, estimator__num_leaves=31, estimator__subsample=0.2; total time=   1.5s
[CV] END estimator__learning_rate=0.39, estimator__max_depth=12, estimator__num_leaves=8, estimator__subsample=0.1; total time=   0.6s
[CV] END estimator__learning_rate=0.39, estimator__max_depth=12, estimator__num_leaves=31, estimator__subsample=0.001; total time=   1.5s
[CV] END estimator__learning_rate=0.39, estimator__max_depth=13, estimator__num_leaves=6, estimator__subsample=0.2; total time=   0.4s
[CV] END estimator__learning_rate=0.39, estimator__max_depth=13, estimator__num_leaves=10, estimator__subsample=0.01; total time=   0.7s
[CV] END estimator__learning_rate=0.39, estimator__max_depth=13, estimator__num_leaves=31, estimator__subsample=0.2; total time=   1.6s
[CV] END estimator__learning_rate=0.39, estimator__max_depth=14, estimator__num_leaves=8, estimator__subsample=0.2; total time=   0.6s
[CV] END estimator__learning_rate=0.39, estimator__max_depth=14, estimator__num_leaves=31, estimator__subsample=0.1; total time=   1.5s
[CV] END estimator__learning_rate=0.58, estimator__max_depth=10, estimator__num_leaves=6, estimator__subsample=0.2; total time=   0.5s
[CV] END estimator__learning_rate=0.58, estimator__max_depth=10, estimator__num_leaves=10, estimator__subsample=0.1; total time=   0.7s
[CV] END estimator__learning_rate=0.58, estimator__max_depth=11, estimator__num_leaves=2, estimator__subsample=0.001; total time=   0.0s
[CV] END estimator__learning_rate=0.58, estimator__max_depth=11, estimator__num_leaves=2, estimator__subsample=0.01; total time=   0.1s
[CV] END estimator__learning_rate=0.58, estimator__max_depth=11, estimator__num_leaves=2, estimator__subsample=0.2; total time=   0.1s[CV] END estimator__learning_rate=0.01, estimator__max_depth=10, estimator__num_leaves=4, estimator__subsample=0.001; total time=   4.7s
[CV] END estimator__learning_rate=0.01, estimator__max_depth=10, estimator__num_leaves=31, estimator__subsample=0.001; total time=   1.5s
[CV] END estimator__learning_rate=0.01, estimator__max_depth=11, estimator__num_leaves=6, estimator__subsample=0.01; total time=   0.4s
[CV] END estimator__learning_rate=0.01, estimator__max_depth=11, estimator__num_leaves=8, estimator__subsample=0.1; total time=   0.6s
[CV] END estimator__learning_rate=0.01, estimator__max_depth=11, estimator__num_leaves=31, estimator__subsample=0.001; total time=   1.5s
[CV] END estimator__learning_rate=0.01, estimator__max_depth=12, estimator__num_leaves=6, estimator__subsample=0.1; total time=   0.5s
[CV] END estimator__learning_rate=0.01, estimator__max_depth=12, estimator__num_leaves=10, estimator__subsample=0.01; total time=   0.8s
[CV] END estimator__learning_rate=0.01, estimator__max_depth=12, estimator__num_leaves=31, estimator__subsample=0.2; total time=   1.6s
[CV] END estimator__learning_rate=0.01, estimator__max_depth=13, estimator__num_leaves=8, estimator__subsample=0.1; total time=   0.6s
[CV] END estimator__learning_rate=0.01, estimator__max_depth=13, estimator__num_leaves=31, estimator__subsample=0.01; total time=   1.5s
[CV] END estimator__learning_rate=0.01, estimator__max_depth=14, estimator__num_leaves=6, estimator__subsample=0.2; total time=   0.5s
[CV] END estimator__learning_rate=0.01, estimator__max_depth=14, estimator__num_leaves=10, estimator__subsample=0.01; total time=   0.8s
[CV] END estimator__learning_rate=0.2, estimator__max_depth=10, estimator__num_leaves=2, estimator__subsample=0.001; total time=   0.0s
[CV] END estimator__learning_rate=0.2, estimator__max_depth=10, estimator__num_leaves=2, estimator__subsample=0.001; total time=   0.1s
[CV] END estimator__learning_rate=0.2, estimator__max_depth=10, estimator__num_leaves=2, estimator__subsample=0.1; total time=   0.1s
[CV] END estimator__learning_rate=0.2, estimator__max_depth=10, estimator__num_leaves=4, estimator__subsample=0.001; total time=   0.2s
[CV] END estimator__learning_rate=0.2, estimator__max_depth=10, estimator__num_leaves=4, estimator__subsample=0.2; total time=   0.2s
[CV] END estimator__learning_rate=0.2, estimator__max_depth=10, estimator__num_leaves=6, estimator__subsample=0.01; total time=   0.6s
[CV] END estimator__learning_rate=0.2, estimator__max_depth=10, estimator__num_leaves=10, estimator__subsample=0.01; total time=   0.7s
[CV] END estimator__learning_rate=0.2, estimator__max_depth=10, estimator__num_leaves=31, estimator__subsample=0.2; total time=   1.6s
[CV] END estimator__learning_rate=0.2, estimator__max_depth=11, estimator__num_leaves=8, estimator__subsample=0.2; total time=   0.6s
[CV] END estimator__learning_rate=0.2, estimator__max_depth=11, estimator__num_leaves=31, estimator__subsample=0.01; total time=   1.5s
[CV] END estimator__learning_rate=0.2, estimator__max_depth=12, estimator__num_leaves=8, estimator__subsample=0.001; total time=   0.6s
[CV] END estimator__learning_rate=0.2, estimator__max_depth=12, estimator__num_leaves=10, estimator__subsample=0.1; total time=   0.8s
[CV] END estimator__learning_rate=0.2, estimator__max_depth=13, estimator__num_leaves=2, estimator__subsample=0.01; total time=   0.1s
[CV] END estimator__learning_rate=0.2, estimator__max_depth=13, estimator__num_leaves=2, estimator__subsample=0.2; total time=   0.1s
[CV] END estimator__learning_rate=0.2, estimator__max_depth=13, estimator__num_leaves=4, estimator__subsample=0.1; total time=   0.3s
[CV] END estimator__learning_rate=0.2, estimator__max_depth=13, estimator__num_leaves=6, estimator__subsample=0.001; total time=   0.4s
[CV] END estimator__learning_rate=0.2, estimator__max_depth=13, estimator__num_leaves=8, estimator__subsample=0.01; total time=   0.6s
[CV] END estimator__learning_rate=0.2, estimator__max_depth=13, estimator__num_leaves=10, estimator__subsample=0.2; total time=   0.8s
[CV] END estimator__learning_rate=0.2, estimator__max_depth=14, estimator__num_leaves=2, estimator__subsample=0.2; total time=   0.1s
[CV] END estimator__learning_rate=0.2, estimator__max_depth=14, estimator__num_leaves=4, estimator__subsample=0.1; total time=   0.2s
[CV] END estimator__learning_rate=0.2, estimator__max_depth=14, estimator__num_leaves=6, estimator__subsample=0.001; total time=   0.4s
[CV] END estimator__learning_rate=0.2, estimator__max_depth=14, estimator__num_leaves=8, estimator__subsample=0.01; total time=   0.6s
[CV] END estimator__learning_rate=0.2, estimator__max_depth=14, estimator__num_leaves=10, estimator__subsample=0.2; total time=   0.8s
[CV] END estimator__learning_rate=0.39, estimator__max_depth=10, estimator__num_leaves=2, estimator__subsample=0.1; total time=   0.1s
[CV] END estimator__learning_rate=0.39, estimator__max_depth=10, estimator__num_leaves=4, estimator__subsample=0.01; total time=   0.2s
[CV] END estimator__learning_rate=0.39, estimator__max_depth=10, estimator__num_leaves=4, estimator__subsample=0.2; total time=   0.2s
[CV] END estimator__learning_rate=0.39, estimator__max_depth=10, estimator__num_leaves=6, estimator__subsample=0.01; total time=   0.4s
[CV] END estimator__learning_rate=0.39, estimator__max_depth=10, estimator__num_leaves=8, estimator__subsample=0.2; total time=   0.6s
[CV] END estimator__learning_rate=0.39, estimator__max_depth=10, estimator__num_leaves=31, estimator__subsample=0.1; total time=   1.5s
[CV] END estimator__learning_rate=0.39, estimator__max_depth=11, estimator__num_leaves=8, estimator__subsample=0.001; total time=   0.6s
[CV] END estimator__learning_rate=0.39, estimator__max_depth=11, estimator__num_leaves=10, estimator__subsample=0.2; total time=   0.8s
[CV] END estimator__learning_rate=0.39, estimator__max_depth=12, estimator__num_leaves=2, estimator__subsample=0.01; total time=   0.1s
[CV] END estimator__learning_rate=0.39, estimator__max_depth=12, estimator__num_leaves=4, estimator__subsample=0.001; total time=   0.2s
[CV] END estimator__learning_rate=0.39, estimator__max_depth=12, estimator__num_leaves=4, estimator__subsample=0.1; total time=   0.2s
[CV] END estimator__learning_rate=0.39, estimator__max_depth=12, estimator__num_leaves=6, estimator__subsample=0.01; total time=   0.4s
[CV] END estimator__learning_rate=0.39, estimator__max_depth=12, estimator__num_leaves=8, estimator__subsample=0.1; total time=   0.6s
[CV] END estimator__learning_rate=0.39, estimator__max_depth=12, estimator__num_leaves=31, estimator__subsample=0.01; total time=   1.5s
[CV] END estimator__learning_rate=0.39, estimator__max_depth=13, estimator__num_leaves=6, estimator__subsample=0.2; total time=   0.4s
[CV] END estimator__learning_rate=0.39, estimator__max_depth=13, estimator__num_leaves=10, estimator__subsample=0.01; total time=   0.7s
[CV] END estimator__learning_rate=0.39, estimator__max_depth=13, estimator__num_leaves=31, estimator__subsample=0.2; total time=   1.5s
[CV] END estimator__learning_rate=0.39, estimator__max_depth=14, estimator__num_leaves=8, estimator__subsample=0.1; total time=   0.6s
[CV] END estimator__learning_rate=0.39, estimator__max_depth=14, estimator__num_leaves=31, estimator__subsample=0.01; total time=   1.5s
[CV] END estimator__learning_rate=0.58, estimator__max_depth=10, estimator__num_leaves=6, estimator__subsample=0.2; total time=   0.5s
[CV] END estimator__learning_rate=0.58, estimator__max_depth=10, estimator__num_leaves=10, estimator__subsample=0.01; total time=   0.7s
[CV] END estimator__learning_rate=0.58, estimator__max_depth=11, estimator__num_leaves=2, estimator__subsample=0.001; total time=   0.0s
[CV] END estimator__learning_rate=0.58, estimator__max_depth=11, estimator__num_leaves=2, estimator__subsample=0.001; total time=   0.1s
[CV] END estimator__learning_rate=0.58, estimator__max_depth=11, estimator__num_leaves=2, estimator__subsample=0.2; total time=   0.1s
[CV] END estimator__learning_rate=0.58, estimator__max_depth=11, estimator__num_leaves=4, estimator__subsample=0.01; total time=   0.2s[CV] END estimator__learning_rate=0.01, estimator__max_depth=10, estimator__num_leaves=2, estimator__subsample=0.01; total time=   4.2s
[CV] END estimator__learning_rate=0.01, estimator__max_depth=10, estimator__num_leaves=6, estimator__subsample=0.1; total time=   0.2s
[CV] END estimator__learning_rate=0.01, estimator__max_depth=10, estimator__num_leaves=8, estimator__subsample=0.01; total time=   0.3s
[CV] END estimator__learning_rate=0.01, estimator__max_depth=10, estimator__num_leaves=10, estimator__subsample=0.001; total time=   1.1s
[CV] END estimator__learning_rate=0.01, estimator__max_depth=10, estimator__num_leaves=31, estimator__subsample=0.1; total time=   1.5s
[CV] END estimator__learning_rate=0.01, estimator__max_depth=11, estimator__num_leaves=8, estimator__subsample=0.01; total time=   0.6s
[CV] END estimator__learning_rate=0.01, estimator__max_depth=11, estimator__num_leaves=31, estimator__subsample=0.001; total time=   1.5s
[CV] END estimator__learning_rate=0.01, estimator__max_depth=12, estimator__num_leaves=6, estimator__subsample=0.1; total time=   0.5s
[CV] END estimator__learning_rate=0.01, estimator__max_depth=12, estimator__num_leaves=10, estimator__subsample=0.001; total time=   0.8s
[CV] END estimator__learning_rate=0.01, estimator__max_depth=12, estimator__num_leaves=31, estimator__subsample=0.2; total time=   1.6s
[CV] END estimator__learning_rate=0.01, estimator__max_depth=13, estimator__num_leaves=8, estimator__subsample=0.2; total time=   0.6s
[CV] END estimator__learning_rate=0.01, estimator__max_depth=13, estimator__num_leaves=31, estimator__subsample=0.01; total time=   1.6s
[CV] END estimator__learning_rate=0.01, estimator__max_depth=14, estimator__num_leaves=6, estimator__subsample=0.2; total time=   0.5s
[CV] END estimator__learning_rate=0.01, estimator__max_depth=14, estimator__num_leaves=10, estimator__subsample=0.1; total time=   0.8s
[CV] END estimator__learning_rate=0.2, estimator__max_depth=10, estimator__num_leaves=2, estimator__subsample=0.001; total time=   0.0s
[CV] END estimator__learning_rate=0.2, estimator__max_depth=10, estimator__num_leaves=2, estimator__subsample=0.01; total time=   0.1s
[CV] END estimator__learning_rate=0.2, estimator__max_depth=10, estimator__num_leaves=2, estimator__subsample=0.1; total time=   0.1s
[CV] END estimator__learning_rate=0.2, estimator__max_depth=10, estimator__num_leaves=4, estimator__subsample=0.01; total time=   0.2s
[CV] END estimator__learning_rate=0.2, estimator__max_depth=10, estimator__num_leaves=4, estimator__subsample=0.2; total time=   0.2s
[CV] END estimator__learning_rate=0.2, estimator__max_depth=10, estimator__num_leaves=6, estimator__subsample=0.1; total time=   0.4s
[CV] END estimator__learning_rate=0.2, estimator__max_depth=10, estimator__num_leaves=8, estimator__subsample=0.2; total time=   0.6s
[CV] END estimator__learning_rate=0.2, estimator__max_depth=10, estimator__num_leaves=31, estimator__subsample=0.1; total time=   1.5s
[CV] END estimator__learning_rate=0.2, estimator__max_depth=11, estimator__num_leaves=6, estimator__subsample=0.2; total time=   0.4s
[CV] END estimator__learning_rate=0.2, estimator__max_depth=11, estimator__num_leaves=10, estimator__subsample=0.1; total time=   0.7s
[CV] END estimator__learning_rate=0.2, estimator__max_depth=12, estimator__num_leaves=2, estimator__subsample=0.001; total time=   0.0s
[CV] END estimator__learning_rate=0.2, estimator__max_depth=12, estimator__num_leaves=2, estimator__subsample=0.01; total time=   0.1s
[CV] END estimator__learning_rate=0.2, estimator__max_depth=12, estimator__num_leaves=2, estimator__subsample=0.2; total time=   0.1s
[CV] END estimator__learning_rate=0.2, estimator__max_depth=12, estimator__num_leaves=4, estimator__subsample=0.01; total time=   0.2s
[CV] END estimator__learning_rate=0.2, estimator__max_depth=12, estimator__num_leaves=6, estimator__subsample=0.001; total time=   0.4s
[CV] END estimator__learning_rate=0.2, estimator__max_depth=12, estimator__num_leaves=8, estimator__subsample=0.01; total time=   0.6s
[CV] END estimator__learning_rate=0.2, estimator__max_depth=12, estimator__num_leaves=10, estimator__subsample=0.2; total time=   0.8s
[CV] END estimator__learning_rate=0.2, estimator__max_depth=13, estimator__num_leaves=2, estimator__subsample=0.1; total time=   0.1s
[CV] END estimator__learning_rate=0.2, estimator__max_depth=13, estimator__num_leaves=4, estimator__subsample=0.01; total time=   0.2s
[CV] END estimator__learning_rate=0.2, estimator__max_depth=13, estimator__num_leaves=4, estimator__subsample=0.2; total time=   0.2s
[CV] END estimator__learning_rate=0.2, estimator__max_depth=13, estimator__num_leaves=6, estimator__subsample=0.01; total time=   0.4s
[CV] END estimator__learning_rate=0.2, estimator__max_depth=13, estimator__num_leaves=10, estimator__subsample=0.001; total time=   0.8s
[CV] END estimator__learning_rate=0.2, estimator__max_depth=13, estimator__num_leaves=31, estimator__subsample=0.1; total time=   1.6s
[CV] END estimator__learning_rate=0.2, estimator__max_depth=14, estimator__num_leaves=8, estimator__subsample=0.01; total time=   0.6s
[CV] END estimator__learning_rate=0.2, estimator__max_depth=14, estimator__num_leaves=31, estimator__subsample=0.001; total time=   1.6s
[CV] END estimator__learning_rate=0.39, estimator__max_depth=10, estimator__num_leaves=6, estimator__subsample=0.1; total time=   0.4s
[CV] END estimator__learning_rate=0.39, estimator__max_depth=10, estimator__num_leaves=10, estimator__subsample=0.01; total time=   0.7s
[CV] END estimator__learning_rate=0.39, estimator__max_depth=10, estimator__num_leaves=31, estimator__subsample=0.2; total time=   1.6s
[CV] END estimator__learning_rate=0.39, estimator__max_depth=11, estimator__num_leaves=8, estimator__subsample=0.2; total time=   0.6s
[CV] END estimator__learning_rate=0.39, estimator__max_depth=11, estimator__num_leaves=31, estimator__subsample=0.01; total time=   1.5s
[CV] END estimator__learning_rate=0.39, estimator__max_depth=12, estimator__num_leaves=8, estimator__subsample=0.001; total time=   0.6s
[CV] END estimator__learning_rate=0.39, estimator__max_depth=12, estimator__num_leaves=10, estimator__subsample=0.1; total time=   0.7s
[CV] END estimator__learning_rate=0.39, estimator__max_depth=13, estimator__num_leaves=2, estimator__subsample=0.01; total time=   0.1s
[CV] END estimator__learning_rate=0.39, estimator__max_depth=13, estimator__num_leaves=2, estimator__subsample=0.2; total time=   0.1s
[CV] END estimator__learning_rate=0.39, estimator__max_depth=13, estimator__num_leaves=4, estimator__subsample=0.1; total time=   0.2s
[CV] END estimator__learning_rate=0.39, estimator__max_depth=13, estimator__num_leaves=6, estimator__subsample=0.001; total time=   0.4s
[CV] END estimator__learning_rate=0.39, estimator__max_depth=13, estimator__num_leaves=8, estimator__subsample=0.01; total time=   0.6s
[CV] END estimator__learning_rate=0.39, estimator__max_depth=13, estimator__num_leaves=10, estimator__subsample=0.2; total time=   0.7s
[CV] END estimator__learning_rate=0.39, estimator__max_depth=14, estimator__num_leaves=2, estimator__subsample=0.1; total time=   0.1s
[CV] END estimator__learning_rate=0.39, estimator__max_depth=14, estimator__num_leaves=4, estimator__subsample=0.01; total time=   0.2s
[CV] END estimator__learning_rate=0.39, estimator__max_depth=14, estimator__num_leaves=4, estimator__subsample=0.2; total time=   0.2s
[CV] END estimator__learning_rate=0.39, estimator__max_depth=14, estimator__num_leaves=6, estimator__subsample=0.01; total time=   0.4s
[CV] END estimator__learning_rate=0.39, estimator__max_depth=14, estimator__num_leaves=10, estimator__subsample=0.001; total time=   0.7s
[CV] END estimator__learning_rate=0.39, estimator__max_depth=14, estimator__num_leaves=31, estimator__subsample=0.1; total time=   1.6s
[CV] END estimator__learning_rate=0.58, estimator__max_depth=10, estimator__num_leaves=8, estimator__subsample=0.01; total time=   0.6s
[CV] END estimator__learning_rate=0.58, estimator__max_depth=10, estimator__num_leaves=31, estimator__subsample=0.001; total time=   1.5s[CV] END estimator__learning_rate=0.01, estimator__max_depth=10, estimator__num_leaves=2, estimator__subsample=0.001; total time=   4.4s
[CV] END estimator__learning_rate=0.01, estimator__max_depth=10, estimator__num_leaves=4, estimator__subsample=0.1; total time=   0.0s
[CV] END estimator__learning_rate=0.01, estimator__max_depth=10, estimator__num_leaves=4, estimator__subsample=0.2; total time=   0.0s
[CV] END estimator__learning_rate=0.01, estimator__max_depth=10, estimator__num_leaves=6, estimator__subsample=0.01; total time=   0.2s
[CV] END estimator__learning_rate=0.01, estimator__max_depth=10, estimator__num_leaves=6, estimator__subsample=0.2; total time=   0.2s
[CV] END estimator__learning_rate=0.01, estimator__max_depth=10, estimator__num_leaves=8, estimator__subsample=0.01; total time=   0.4s
[CV] END estimator__learning_rate=0.01, estimator__max_depth=10, estimator__num_leaves=10, estimator__subsample=0.01; total time=   1.1s
[CV] END estimator__learning_rate=0.01, estimator__max_depth=10, estimator__num_leaves=31, estimator__subsample=0.2; total time=   1.5s
[CV] END estimator__learning_rate=0.01, estimator__max_depth=11, estimator__num_leaves=10, estimator__subsample=0.001; total time=   0.8s
[CV] END estimator__learning_rate=0.01, estimator__max_depth=11, estimator__num_leaves=31, estimator__subsample=0.1; total time=   1.5s
[CV] END estimator__learning_rate=0.01, estimator__max_depth=12, estimator__num_leaves=8, estimator__subsample=0.01; total time=   0.6s
[CV] END estimator__learning_rate=0.01, estimator__max_depth=12, estimator__num_leaves=10, estimator__subsample=0.2; total time=   0.8s
[CV] END estimator__learning_rate=0.01, estimator__max_depth=13, estimator__num_leaves=4, estimator__subsample=0.001; total time=   0.2s
[CV] END estimator__learning_rate=0.01, estimator__max_depth=13, estimator__num_leaves=4, estimator__subsample=0.1; total time=   0.2s
[CV] END estimator__learning_rate=0.01, estimator__max_depth=13, estimator__num_leaves=6, estimator__subsample=0.01; total time=   0.5s
[CV] END estimator__learning_rate=0.01, estimator__max_depth=13, estimator__num_leaves=8, estimator__subsample=0.2; total time=   0.6s
[CV] END estimator__learning_rate=0.01, estimator__max_depth=13, estimator__num_leaves=31, estimator__subsample=0.01; total time=   1.5s
[CV] END estimator__learning_rate=0.01, estimator__max_depth=14, estimator__num_leaves=8, estimator__subsample=0.001; total time=   0.6s
[CV] END estimator__learning_rate=0.01, estimator__max_depth=14, estimator__num_leaves=10, estimator__subsample=0.1; total time=   0.8s
[CV] END estimator__learning_rate=0.2, estimator__max_depth=10, estimator__num_leaves=2, estimator__subsample=0.01; total time=   0.1s
[CV] END estimator__learning_rate=0.2, estimator__max_depth=10, estimator__num_leaves=4, estimator__subsample=0.001; total time=   0.2s
[CV] END estimator__learning_rate=0.2, estimator__max_depth=10, estimator__num_leaves=4, estimator__subsample=0.1; total time=   0.2s
[CV] END estimator__learning_rate=0.2, estimator__max_depth=10, estimator__num_leaves=6, estimator__subsample=0.001; total time=   0.4s
[CV] END estimator__learning_rate=0.2, estimator__max_depth=10, estimator__num_leaves=8, estimator__subsample=0.1; total time=   0.6s
[CV] END estimator__learning_rate=0.2, estimator__max_depth=10, estimator__num_leaves=31, estimator__subsample=0.01; total time=   1.5s
[CV] END estimator__learning_rate=0.2, estimator__max_depth=11, estimator__num_leaves=6, estimator__subsample=0.2; total time=   0.4s
[CV] END estimator__learning_rate=0.2, estimator__max_depth=11, estimator__num_leaves=10, estimator__subsample=0.01; total time=   0.8s
[CV] END estimator__learning_rate=0.2, estimator__max_depth=12, estimator__num_leaves=2, estimator__subsample=0.001; total time=   0.0s
[CV] END estimator__learning_rate=0.2, estimator__max_depth=12, estimator__num_leaves=2, estimator__subsample=0.01; total time=   0.1s
[CV] END estimator__learning_rate=0.2, estimator__max_depth=12, estimator__num_leaves=2, estimator__subsample=0.2; total time=   0.1s
[CV] END estimator__learning_rate=0.2, estimator__max_depth=12, estimator__num_leaves=4, estimator__subsample=0.01; total time=   0.2s
[CV] END estimator__learning_rate=0.2, estimator__max_depth=12, estimator__num_leaves=4, estimator__subsample=0.2; total time=   0.2s
[CV] END estimator__learning_rate=0.2, estimator__max_depth=12, estimator__num_leaves=6, estimator__subsample=0.01; total time=   0.5s
[CV] END estimator__learning_rate=0.2, estimator__max_depth=12, estimator__num_leaves=10, estimator__subsample=0.001; total time=   0.8s
[CV] END estimator__learning_rate=0.2, estimator__max_depth=12, estimator__num_leaves=31, estimator__subsample=0.2; total time=   1.6s
[CV] END estimator__learning_rate=0.2, estimator__max_depth=13, estimator__num_leaves=8, estimator__subsample=0.2; total time=   0.6s
[CV] END estimator__learning_rate=0.2, estimator__max_depth=13, estimator__num_leaves=31, estimator__subsample=0.01; total time=   1.6s
[CV] END estimator__learning_rate=0.2, estimator__max_depth=14, estimator__num_leaves=8, estimator__subsample=0.001; total time=   0.6s
[CV] END estimator__learning_rate=0.2, estimator__max_depth=14, estimator__num_leaves=10, estimator__subsample=0.1; total time=   0.8s
[CV] END estimator__learning_rate=0.39, estimator__max_depth=10, estimator__num_leaves=2, estimator__subsample=0.01; total time=   0.1s
[CV] END estimator__learning_rate=0.39, estimator__max_depth=10, estimator__num_leaves=2, estimator__subsample=0.2; total time=   0.1s
[CV] END estimator__learning_rate=0.39, estimator__max_depth=10, estimator__num_leaves=4, estimator__subsample=0.1; total time=   0.2s
[CV] END estimator__learning_rate=0.39, estimator__max_depth=10, estimator__num_leaves=6, estimator__subsample=0.001; total time=   0.4s
[CV] END estimator__learning_rate=0.39, estimator__max_depth=10, estimator__num_leaves=8, estimator__subsample=0.01; total time=   0.6s
[CV] END estimator__learning_rate=0.39, estimator__max_depth=10, estimator__num_leaves=10, estimator__subsample=0.2; total time=   0.8s
[CV] END estimator__learning_rate=0.39, estimator__max_depth=11, estimator__num_leaves=2, estimator__subsample=0.1; total time=   0.1s
[CV] END estimator__learning_rate=0.39, estimator__max_depth=11, estimator__num_leaves=4, estimator__subsample=0.01; total time=   0.2s
[CV] END estimator__learning_rate=0.39, estimator__max_depth=11, estimator__num_leaves=4, estimator__subsample=0.2; total time=   0.2s
[CV] END estimator__learning_rate=0.39, estimator__max_depth=11, estimator__num_leaves=6, estimator__subsample=0.1; total time=   0.4s
[CV] END estimator__learning_rate=0.39, estimator__max_depth=11, estimator__num_leaves=10, estimator__subsample=0.001; total time=   0.8s
[CV] END estimator__learning_rate=0.39, estimator__max_depth=11, estimator__num_leaves=31, estimator__subsample=0.1; total time=   1.5s
[CV] END estimator__learning_rate=0.39, estimator__max_depth=12, estimator__num_leaves=8, estimator__subsample=0.01; total time=   0.6s
[CV] END estimator__learning_rate=0.39, estimator__max_depth=12, estimator__num_leaves=31, estimator__subsample=0.001; total time=   1.5s
[CV] END estimator__learning_rate=0.39, estimator__max_depth=13, estimator__num_leaves=6, estimator__subsample=0.1; total time=   0.4s
[CV] END estimator__learning_rate=0.39, estimator__max_depth=13, estimator__num_leaves=10, estimator__subsample=0.001; total time=   0.7s
[CV] END estimator__learning_rate=0.39, estimator__max_depth=13, estimator__num_leaves=31, estimator__subsample=0.2; total time=   1.6s
[CV] END estimator__learning_rate=0.39, estimator__max_depth=14, estimator__num_leaves=8, estimator__subsample=0.2; total time=   0.6s
[CV] END estimator__learning_rate=0.39, estimator__max_depth=14, estimator__num_leaves=31, estimator__subsample=0.01; total time=   1.9s
[CV] END estimator__learning_rate=0.58, estimator__max_depth=10, estimator__num_leaves=10, estimator__subsample=0.001; total time=   0.8s
[CV] END estimator__learning_rate=0.58, estimator__max_depth=10, estimator__num_leaves=31, estimator__subsample=0.2; total time=   1.5s[CV] END estimator__learning_rate=0.01, estimator__max_depth=10, estimator__num_leaves=2, estimator__subsample=0.2; total time=   4.5s
[CV] END estimator__learning_rate=0.01, estimator__max_depth=10, estimator__num_leaves=10, estimator__subsample=0.1; total time=   1.0s
[CV] END estimator__learning_rate=0.01, estimator__max_depth=11, estimator__num_leaves=2, estimator__subsample=0.001; total time=   0.1s
[CV] END estimator__learning_rate=0.01, estimator__max_depth=11, estimator__num_leaves=2, estimator__subsample=0.2; total time=   0.1s
[CV] END estimator__learning_rate=0.01, estimator__max_depth=11, estimator__num_leaves=4, estimator__subsample=0.01; total time=   0.2s
[CV] END estimator__learning_rate=0.01, estimator__max_depth=11, estimator__num_leaves=6, estimator__subsample=0.001; total time=   0.4s
[CV] END estimator__learning_rate=0.01, estimator__max_depth=11, estimator__num_leaves=8, estimator__subsample=0.001; total time=   0.6s
[CV] END estimator__learning_rate=0.01, estimator__max_depth=11, estimator__num_leaves=10, estimator__subsample=0.2; total time=   0.8s
[CV] END estimator__learning_rate=0.01, estimator__max_depth=12, estimator__num_leaves=2, estimator__subsample=0.2; total time=   0.1s
[CV] END estimator__learning_rate=0.01, estimator__max_depth=12, estimator__num_leaves=4, estimator__subsample=0.01; total time=   0.2s
[CV] END estimator__learning_rate=0.01, estimator__max_depth=12, estimator__num_leaves=6, estimator__subsample=0.001; total time=   0.4s
[CV] END estimator__learning_rate=0.01, estimator__max_depth=12, estimator__num_leaves=8, estimator__subsample=0.01; total time=   0.6s
[CV] END estimator__learning_rate=0.01, estimator__max_depth=12, estimator__num_leaves=10, estimator__subsample=0.2; total time=   0.8s
[CV] END estimator__learning_rate=0.01, estimator__max_depth=13, estimator__num_leaves=2, estimator__subsample=0.2; total time=   0.1s
[CV] END estimator__learning_rate=0.01, estimator__max_depth=13, estimator__num_leaves=4, estimator__subsample=0.01; total time=   0.2s
[CV] END estimator__learning_rate=0.01, estimator__max_depth=13, estimator__num_leaves=4, estimator__subsample=0.2; total time=   0.2s
[CV] END estimator__learning_rate=0.01, estimator__max_depth=13, estimator__num_leaves=6, estimator__subsample=0.1; total time=   0.5s
[CV] END estimator__learning_rate=0.01, estimator__max_depth=13, estimator__num_leaves=10, estimator__subsample=0.001; total time=   0.8s
[CV] END estimator__learning_rate=0.01, estimator__max_depth=13, estimator__num_leaves=31, estimator__subsample=0.2; total time=   1.6s
[CV] END estimator__learning_rate=0.01, estimator__max_depth=14, estimator__num_leaves=8, estimator__subsample=0.2; total time=   0.6s
[CV] END estimator__learning_rate=0.01, estimator__max_depth=14, estimator__num_leaves=31, estimator__subsample=0.01; total time=   1.5s
[CV] END estimator__learning_rate=0.2, estimator__max_depth=10, estimator__num_leaves=6, estimator__subsample=0.2; total time=   0.4s
[CV] END estimator__learning_rate=0.2, estimator__max_depth=10, estimator__num_leaves=10, estimator__subsample=0.01; total time=   0.8s
[CV] END estimator__learning_rate=0.2, estimator__max_depth=11, estimator__num_leaves=2, estimator__subsample=0.001; total time=   0.0s
[CV] END estimator__learning_rate=0.2, estimator__max_depth=11, estimator__num_leaves=2, estimator__subsample=0.001; total time=   0.1s
[CV] END estimator__learning_rate=0.2, estimator__max_depth=11, estimator__num_leaves=2, estimator__subsample=0.2; total time=   0.1s
[CV] END estimator__learning_rate=0.2, estimator__max_depth=11, estimator__num_leaves=4, estimator__subsample=0.01; total time=   0.2s
[CV] END estimator__learning_rate=0.2, estimator__max_depth=11, estimator__num_leaves=6, estimator__subsample=0.001; total time=   0.4s
[CV] END estimator__learning_rate=0.2, estimator__max_depth=11, estimator__num_leaves=8, estimator__subsample=0.001; total time=   0.6s
[CV] END estimator__learning_rate=0.2, estimator__max_depth=11, estimator__num_leaves=10, estimator__subsample=0.2; total time=   1.0s
[CV] END estimator__learning_rate=0.2, estimator__max_depth=12, estimator__num_leaves=4, estimator__subsample=0.01; total time=   0.2s
[CV] END estimator__learning_rate=0.2, estimator__max_depth=12, estimator__num_leaves=4, estimator__subsample=0.2; total time=   0.2s
[CV] END estimator__learning_rate=0.2, estimator__max_depth=12, estimator__num_leaves=6, estimator__subsample=0.1; total time=   0.4s
[CV] END estimator__learning_rate=0.2, estimator__max_depth=12, estimator__num_leaves=10, estimator__subsample=0.001; total time=   0.8s
[CV] END estimator__learning_rate=0.2, estimator__max_depth=12, estimator__num_leaves=31, estimator__subsample=0.1; total time=   1.6s
[CV] END estimator__learning_rate=0.2, estimator__max_depth=13, estimator__num_leaves=8, estimator__subsample=0.1; total time=   0.6s
[CV] END estimator__learning_rate=0.2, estimator__max_depth=13, estimator__num_leaves=31, estimator__subsample=0.001; total time=   1.6s
[CV] END estimator__learning_rate=0.2, estimator__max_depth=14, estimator__num_leaves=6, estimator__subsample=0.1; total time=   0.4s
[CV] END estimator__learning_rate=0.2, estimator__max_depth=14, estimator__num_leaves=10, estimator__subsample=0.01; total time=   0.8s
[CV] END estimator__learning_rate=0.2, estimator__max_depth=14, estimator__num_leaves=31, estimator__subsample=0.2; total time=   1.6s
[CV] END estimator__learning_rate=0.39, estimator__max_depth=10, estimator__num_leaves=8, estimator__subsample=0.2; total time=   0.6s
[CV] END estimator__learning_rate=0.39, estimator__max_depth=10, estimator__num_leaves=31, estimator__subsample=0.1; total time=   1.5s
[CV] END estimator__learning_rate=0.39, estimator__max_depth=11, estimator__num_leaves=6, estimator__subsample=0.2; total time=   0.4s
[CV] END estimator__learning_rate=0.39, estimator__max_depth=11, estimator__num_leaves=10, estimator__subsample=0.01; total time=   0.8s
[CV] END estimator__learning_rate=0.39, estimator__max_depth=12, estimator__num_leaves=2, estimator__subsample=0.001; total time=   0.0s
[CV] END estimator__learning_rate=0.39, estimator__max_depth=12, estimator__num_leaves=2, estimator__subsample=0.001; total time=   0.1s
[CV] END estimator__learning_rate=0.39, estimator__max_depth=12, estimator__num_leaves=2, estimator__subsample=0.2; total time=   0.1s
[CV] END estimator__learning_rate=0.39, estimator__max_depth=12, estimator__num_leaves=4, estimator__subsample=0.01; total time=   0.2s
[CV] END estimator__learning_rate=0.39, estimator__max_depth=12, estimator__num_leaves=4, estimator__subsample=0.2; total time=   0.2s
[CV] END estimator__learning_rate=0.39, estimator__max_depth=12, estimator__num_leaves=6, estimator__subsample=0.1; total time=   0.4s
[CV] END estimator__learning_rate=0.39, estimator__max_depth=12, estimator__num_leaves=10, estimator__subsample=0.001; total time=   0.7s
[CV] END estimator__learning_rate=0.39, estimator__max_depth=12, estimator__num_leaves=31, estimator__subsample=0.2; total time=   1.6s
[CV] END estimator__learning_rate=0.39, estimator__max_depth=13, estimator__num_leaves=8, estimator__subsample=0.1; total time=   0.6s
[CV] END estimator__learning_rate=0.39, estimator__max_depth=13, estimator__num_leaves=31, estimator__subsample=0.001; total time=   1.5s
[CV] END estimator__learning_rate=0.39, estimator__max_depth=14, estimator__num_leaves=6, estimator__subsample=0.2; total time=   0.5s
[CV] END estimator__learning_rate=0.39, estimator__max_depth=14, estimator__num_leaves=10, estimator__subsample=0.01; total time=   0.7s
[CV] END estimator__learning_rate=0.39, estimator__max_depth=14, estimator__num_leaves=31, estimator__subsample=0.2; total time=   1.5s
[CV] END estimator__learning_rate=0.58, estimator__max_depth=10, estimator__num_leaves=8, estimator__subsample=0.1; total time=   0.6s
[CV] END estimator__learning_rate=0.58, estimator__max_depth=10, estimator__num_leaves=31, estimator__subsample=0.01; total time=   1.5s
[CV] END estimator__learning_rate=0.58, estimator__max_depth=11, estimator__num_leaves=6, estimator__subsample=0.2; total time=   0.4s[CV] END estimator__learning_rate=0.01, estimator__max_depth=10, estimator__num_leaves=2, estimator__subsample=0.2; total time=   4.2s
[CV] END estimator__learning_rate=0.01, estimator__max_depth=10, estimator__num_leaves=8, estimator__subsample=0.01; total time=   0.4s
[CV] END estimator__learning_rate=0.01, estimator__max_depth=10, estimator__num_leaves=10, estimator__subsample=0.001; total time=   1.1s
[CV] END estimator__learning_rate=0.01, estimator__max_depth=10, estimator__num_leaves=31, estimator__subsample=0.2; total time=   1.6s
[CV] END estimator__learning_rate=0.01, estimator__max_depth=11, estimator__num_leaves=10, estimator__subsample=0.1; total time=   0.8s
[CV] END estimator__learning_rate=0.01, estimator__max_depth=12, estimator__num_leaves=2, estimator__subsample=0.001; total time=   0.0s
[CV] END estimator__learning_rate=0.01, estimator__max_depth=12, estimator__num_leaves=2, estimator__subsample=0.01; total time=   0.1s
[CV] END estimator__learning_rate=0.01, estimator__max_depth=12, estimator__num_leaves=2, estimator__subsample=0.1; total time=   0.1s
[CV] END estimator__learning_rate=0.01, estimator__max_depth=12, estimator__num_leaves=4, estimator__subsample=0.001; total time=   0.2s
[CV] END estimator__learning_rate=0.01, estimator__max_depth=12, estimator__num_leaves=4, estimator__subsample=0.2; total time=   0.2s
[CV] END estimator__learning_rate=0.01, estimator__max_depth=12, estimator__num_leaves=6, estimator__subsample=0.01; total time=   0.5s
[CV] END estimator__learning_rate=0.01, estimator__max_depth=12, estimator__num_leaves=10, estimator__subsample=0.001; total time=   0.8s
[CV] END estimator__learning_rate=0.01, estimator__max_depth=12, estimator__num_leaves=31, estimator__subsample=0.1; total time=   1.5s
[CV] END estimator__learning_rate=0.01, estimator__max_depth=13, estimator__num_leaves=8, estimator__subsample=0.01; total time=   0.6s
[CV] END estimator__learning_rate=0.01, estimator__max_depth=13, estimator__num_leaves=31, estimator__subsample=0.001; total time=   1.6s
[CV] END estimator__learning_rate=0.01, estimator__max_depth=14, estimator__num_leaves=6, estimator__subsample=0.1; total time=   0.5s
[CV] END estimator__learning_rate=0.01, estimator__max_depth=14, estimator__num_leaves=10, estimator__subsample=0.001; total time=   0.8s
[CV] END estimator__learning_rate=0.01, estimator__max_depth=14, estimator__num_leaves=31, estimator__subsample=0.2; total time=   1.9s
[CV] END estimator__learning_rate=0.2, estimator__max_depth=10, estimator__num_leaves=10, estimator__subsample=0.1; total time=   0.7s
[CV] END estimator__learning_rate=0.2, estimator__max_depth=11, estimator__num_leaves=2, estimator__subsample=0.001; total time=   0.1s
[CV] END estimator__learning_rate=0.2, estimator__max_depth=11, estimator__num_leaves=2, estimator__subsample=0.01; total time=   0.1s
[CV] END estimator__learning_rate=0.2, estimator__max_depth=11, estimator__num_leaves=4, estimator__subsample=0.001; total time=   0.2s
[CV] END estimator__learning_rate=0.2, estimator__max_depth=11, estimator__num_leaves=4, estimator__subsample=0.1; total time=   0.2s
[CV] END estimator__learning_rate=0.2, estimator__max_depth=11, estimator__num_leaves=6, estimator__subsample=0.001; total time=   0.4s
[CV] END estimator__learning_rate=0.2, estimator__max_depth=11, estimator__num_leaves=8, estimator__subsample=0.1; total time=   0.6s
[CV] END estimator__learning_rate=0.2, estimator__max_depth=11, estimator__num_leaves=31, estimator__subsample=0.01; total time=   1.5s
[CV] END estimator__learning_rate=0.2, estimator__max_depth=12, estimator__num_leaves=6, estimator__subsample=0.2; total time=   0.4s
[CV] END estimator__learning_rate=0.2, estimator__max_depth=12, estimator__num_leaves=10, estimator__subsample=0.01; total time=   0.8s
[CV] END estimator__learning_rate=0.2, estimator__max_depth=13, estimator__num_leaves=2, estimator__subsample=0.001; total time=   0.1s
[CV] END estimator__learning_rate=0.2, estimator__max_depth=13, estimator__num_leaves=2, estimator__subsample=0.001; total time=   0.1s
[CV] END estimator__learning_rate=0.2, estimator__max_depth=13, estimator__num_leaves=2, estimator__subsample=0.1; total time=   0.1s
[CV] END estimator__learning_rate=0.2, estimator__max_depth=13, estimator__num_leaves=4, estimator__subsample=0.01; total time=   0.2s
[CV] END estimator__learning_rate=0.2, estimator__max_depth=13, estimator__num_leaves=4, estimator__subsample=0.2; total time=   0.2s
[CV] END estimator__learning_rate=0.2, estimator__max_depth=13, estimator__num_leaves=6, estimator__subsample=0.1; total time=   0.5s
[CV] END estimator__learning_rate=0.2, estimator__max_depth=13, estimator__num_leaves=10, estimator__subsample=0.001; total time=   0.8s
[CV] END estimator__learning_rate=0.2, estimator__max_depth=13, estimator__num_leaves=31, estimator__subsample=0.2; total time=   1.6s
[CV] END estimator__learning_rate=0.2, estimator__max_depth=14, estimator__num_leaves=8, estimator__subsample=0.1; total time=   0.6s
[CV] END estimator__learning_rate=0.2, estimator__max_depth=14, estimator__num_leaves=31, estimator__subsample=0.001; total time=   1.6s
[CV] END estimator__learning_rate=0.39, estimator__max_depth=10, estimator__num_leaves=6, estimator__subsample=0.1; total time=   0.4s
[CV] END estimator__learning_rate=0.39, estimator__max_depth=10, estimator__num_leaves=10, estimator__subsample=0.01; total time=   0.7s
[CV] END estimator__learning_rate=0.39, estimator__max_depth=10, estimator__num_leaves=31, estimator__subsample=0.2; total time=   1.6s
[CV] END estimator__learning_rate=0.39, estimator__max_depth=11, estimator__num_leaves=8, estimator__subsample=0.2; total time=   0.6s
[CV] END estimator__learning_rate=0.39, estimator__max_depth=11, estimator__num_leaves=31, estimator__subsample=0.1; total time=   1.5s
[CV] END estimator__learning_rate=0.39, estimator__max_depth=12, estimator__num_leaves=8, estimator__subsample=0.001; total time=   0.6s
[CV] END estimator__learning_rate=0.39, estimator__max_depth=12, estimator__num_leaves=10, estimator__subsample=0.1; total time=   0.7s
[CV] END estimator__learning_rate=0.39, estimator__max_depth=13, estimator__num_leaves=2, estimator__subsample=0.01; total time=   0.1s
[CV] END estimator__learning_rate=0.39, estimator__max_depth=13, estimator__num_leaves=4, estimator__subsample=0.001; total time=   0.2s
[CV] END estimator__learning_rate=0.39, estimator__max_depth=13, estimator__num_leaves=4, estimator__subsample=0.1; total time=   0.2s
[CV] END estimator__learning_rate=0.39, estimator__max_depth=13, estimator__num_leaves=6, estimator__subsample=0.01; total time=   0.4s
[CV] END estimator__learning_rate=0.39, estimator__max_depth=13, estimator__num_leaves=8, estimator__subsample=0.1; total time=   0.6s
[CV] END estimator__learning_rate=0.39, estimator__max_depth=13, estimator__num_leaves=31, estimator__subsample=0.01; total time=   1.9s
[CV] END estimator__learning_rate=0.39, estimator__max_depth=14, estimator__num_leaves=8, estimator__subsample=0.2; total time=   0.6s
[CV] END estimator__learning_rate=0.39, estimator__max_depth=14, estimator__num_leaves=31, estimator__subsample=0.1; total time=   1.6s
[CV] END estimator__learning_rate=0.58, estimator__max_depth=10, estimator__num_leaves=8, estimator__subsample=0.01; total time=   0.6s
[CV] END estimator__learning_rate=0.58, estimator__max_depth=10, estimator__num_leaves=10, estimator__subsample=0.2; total time=   0.8s
[CV] END estimator__learning_rate=0.58, estimator__max_depth=11, estimator__num_leaves=2, estimator__subsample=0.1; total time=   0.1s
[CV] END estimator__learning_rate=0.58, estimator__max_depth=11, estimator__num_leaves=4, estimator__subsample=0.01; total time=   0.2s
[CV] END estimator__learning_rate=0.58, estimator__max_depth=11, estimator__num_leaves=4, estimator__subsample=0.2; total time=   0.2s
[CV] END estimator__learning_rate=0.58, estimator__max_depth=11, estimator__num_leaves=6, estimator__subsample=0.01; total time=   0.4s
[CV] END estimator__learning_rate=0.58, estimator__max_depth=11, estimator__num_leaves=8, estimator__subsample=0.2; total time=   0.6s[CV] END estimator__learning_rate=0.01, estimator__max_depth=10, estimator__num_leaves=2, estimator__subsample=0.001; total time=   4.5s
[CV] END estimator__learning_rate=0.01, estimator__max_depth=10, estimator__num_leaves=4, estimator__subsample=0.1; total time=   0.0s
[CV] END estimator__learning_rate=0.01, estimator__max_depth=10, estimator__num_leaves=4, estimator__subsample=0.2; total time=   0.0s
[CV] END estimator__learning_rate=0.01, estimator__max_depth=10, estimator__num_leaves=6, estimator__subsample=0.001; total time=   0.2s
[CV] END estimator__learning_rate=0.01, estimator__max_depth=10, estimator__num_leaves=6, estimator__subsample=0.1; total time=   0.2s
[CV] END estimator__learning_rate=0.01, estimator__max_depth=10, estimator__num_leaves=8, estimator__subsample=0.01; total time=   0.4s
[CV] END estimator__learning_rate=0.01, estimator__max_depth=10, estimator__num_leaves=10, estimator__subsample=0.001; total time=   1.1s
[CV] END estimator__learning_rate=0.01, estimator__max_depth=10, estimator__num_leaves=31, estimator__subsample=0.2; total time=   1.6s
[CV] END estimator__learning_rate=0.01, estimator__max_depth=11, estimator__num_leaves=10, estimator__subsample=0.01; total time=   0.8s
[CV] END estimator__learning_rate=0.01, estimator__max_depth=11, estimator__num_leaves=31, estimator__subsample=0.2; total time=   1.6s
[CV] END estimator__learning_rate=0.01, estimator__max_depth=12, estimator__num_leaves=8, estimator__subsample=0.1; total time=   0.6s
[CV] END estimator__learning_rate=0.01, estimator__max_depth=12, estimator__num_leaves=31, estimator__subsample=0.01; total time=   1.6s
[CV] END estimator__learning_rate=0.01, estimator__max_depth=13, estimator__num_leaves=8, estimator__subsample=0.001; total time=   0.6s
[CV] END estimator__learning_rate=0.01, estimator__max_depth=13, estimator__num_leaves=10, estimator__subsample=0.1; total time=   0.8s
[CV] END estimator__learning_rate=0.01, estimator__max_depth=14, estimator__num_leaves=2, estimator__subsample=0.01; total time=   0.1s
[CV] END estimator__learning_rate=0.01, estimator__max_depth=14, estimator__num_leaves=2, estimator__subsample=0.2; total time=   0.1s
[CV] END estimator__learning_rate=0.01, estimator__max_depth=14, estimator__num_leaves=4, estimator__subsample=0.1; total time=   0.2s
[CV] END estimator__learning_rate=0.01, estimator__max_depth=14, estimator__num_leaves=6, estimator__subsample=0.001; total time=   0.4s
[CV] END estimator__learning_rate=0.01, estimator__max_depth=14, estimator__num_leaves=8, estimator__subsample=0.01; total time=   0.6s
[CV] END estimator__learning_rate=0.01, estimator__max_depth=14, estimator__num_leaves=10, estimator__subsample=0.2; total time=   0.8s
[CV] END estimator__learning_rate=0.2, estimator__max_depth=10, estimator__num_leaves=2, estimator__subsample=0.2; total time=   0.1s
[CV] END estimator__learning_rate=0.2, estimator__max_depth=10, estimator__num_leaves=4, estimator__subsample=0.1; total time=   0.2s
[CV] END estimator__learning_rate=0.2, estimator__max_depth=10, estimator__num_leaves=6, estimator__subsample=0.001; total time=   0.4s
[CV] END estimator__learning_rate=0.2, estimator__max_depth=10, estimator__num_leaves=8, estimator__subsample=0.001; total time=   0.6s
[CV] END estimator__learning_rate=0.2, estimator__max_depth=10, estimator__num_leaves=10, estimator__subsample=0.2; total time=   0.8s
[CV] END estimator__learning_rate=0.2, estimator__max_depth=11, estimator__num_leaves=2, estimator__subsample=0.1; total time=   0.1s
[CV] END estimator__learning_rate=0.2, estimator__max_depth=11, estimator__num_leaves=4, estimator__subsample=0.001; total time=   0.2s
[CV] END estimator__learning_rate=0.2, estimator__max_depth=11, estimator__num_leaves=4, estimator__subsample=0.2; total time=   0.2s
[CV] END estimator__learning_rate=0.2, estimator__max_depth=11, estimator__num_leaves=6, estimator__subsample=0.01; total time=   0.4s
[CV] END estimator__learning_rate=0.2, estimator__max_depth=11, estimator__num_leaves=10, estimator__subsample=0.001; total time=   0.8s
[CV] END estimator__learning_rate=0.2, estimator__max_depth=11, estimator__num_leaves=31, estimator__subsample=0.1; total time=   1.5s
[CV] END estimator__learning_rate=0.2, estimator__max_depth=12, estimator__num_leaves=8, estimator__subsample=0.01; total time=   0.6s
[CV] END estimator__learning_rate=0.2, estimator__max_depth=12, estimator__num_leaves=10, estimator__subsample=0.2; total time=   0.8s
[CV] END estimator__learning_rate=0.2, estimator__max_depth=13, estimator__num_leaves=4, estimator__subsample=0.001; total time=   0.2s
[CV] END estimator__learning_rate=0.2, estimator__max_depth=13, estimator__num_leaves=4, estimator__subsample=0.2; total time=   0.2s
[CV] END estimator__learning_rate=0.2, estimator__max_depth=13, estimator__num_leaves=6, estimator__subsample=0.01; total time=   0.4s
[CV] END estimator__learning_rate=0.2, estimator__max_depth=13, estimator__num_leaves=8, estimator__subsample=0.1; total time=   0.6s
[CV] END estimator__learning_rate=0.2, estimator__max_depth=13, estimator__num_leaves=31, estimator__subsample=0.01; total time=   1.6s
[CV] END estimator__learning_rate=0.2, estimator__max_depth=14, estimator__num_leaves=6, estimator__subsample=0.2; total time=   0.4s
[CV] END estimator__learning_rate=0.2, estimator__max_depth=14, estimator__num_leaves=10, estimator__subsample=0.01; total time=   0.8s
[CV] END estimator__learning_rate=0.2, estimator__max_depth=14, estimator__num_leaves=31, estimator__subsample=0.2; total time=   1.6s
[CV] END estimator__learning_rate=0.39, estimator__max_depth=10, estimator__num_leaves=10, estimator__subsample=0.001; total time=   0.8s
[CV] END estimator__learning_rate=0.39, estimator__max_depth=10, estimator__num_leaves=31, estimator__subsample=0.1; total time=   1.5s
[CV] END estimator__learning_rate=0.39, estimator__max_depth=11, estimator__num_leaves=8, estimator__subsample=0.01; total time=   0.6s
[CV] END estimator__learning_rate=0.39, estimator__max_depth=11, estimator__num_leaves=31, estimator__subsample=0.001; total time=   1.5s
[CV] END estimator__learning_rate=0.39, estimator__max_depth=12, estimator__num_leaves=6, estimator__subsample=0.1; total time=   0.4s
[CV] END estimator__learning_rate=0.39, estimator__max_depth=12, estimator__num_leaves=10, estimator__subsample=0.001; total time=   0.7s
[CV] END estimator__learning_rate=0.39, estimator__max_depth=12, estimator__num_leaves=31, estimator__subsample=0.2; total time=   1.5s
[CV] END estimator__learning_rate=0.39, estimator__max_depth=13, estimator__num_leaves=8, estimator__subsample=0.01; total time=   0.6s
[CV] END estimator__learning_rate=0.39, estimator__max_depth=13, estimator__num_leaves=10, estimator__subsample=0.2; total time=   0.8s
[CV] END estimator__learning_rate=0.39, estimator__max_depth=14, estimator__num_leaves=4, estimator__subsample=0.001; total time=   0.2s
[CV] END estimator__learning_rate=0.39, estimator__max_depth=14, estimator__num_leaves=4, estimator__subsample=0.2; total time=   0.2s
[CV] END estimator__learning_rate=0.39, estimator__max_depth=14, estimator__num_leaves=6, estimator__subsample=0.01; total time=   0.6s
[CV] END estimator__learning_rate=0.39, estimator__max_depth=14, estimator__num_leaves=10, estimator__subsample=0.001; total time=   0.7s
[CV] END estimator__learning_rate=0.39, estimator__max_depth=14, estimator__num_leaves=31, estimator__subsample=0.2; total time=   1.6s
[CV] END estimator__learning_rate=0.58, estimator__max_depth=10, estimator__num_leaves=8, estimator__subsample=0.2; total time=   0.6s
[CV] END estimator__learning_rate=0.58, estimator__max_depth=10, estimator__num_leaves=31, estimator__subsample=0.01; total time=   1.5s
[CV] END estimator__learning_rate=0.58, estimator__max_depth=11, estimator__num_leaves=6, estimator__subsample=0.2; total time=   0.4s
[CV] END estimator__learning_rate=0.58, estimator__max_depth=11, estimator__num_leaves=10, estimator__subsample=0.01; total time=   0.7s
[CV] END estimator__learning_rate=0.58, estimator__max_depth=12, estimator__num_leaves=2, estimator__subsample=0.001; total time=   0.0s[CV] END estimator__learning_rate=0.01, estimator__max_depth=10, estimator__num_leaves=2, estimator__subsample=0.2; total time=   4.4s
[CV] END estimator__learning_rate=0.01, estimator__max_depth=10, estimator__num_leaves=8, estimator__subsample=0.2; total time=   0.9s
[CV] END estimator__learning_rate=0.01, estimator__max_depth=10, estimator__num_leaves=31, estimator__subsample=0.1; total time=   1.6s
[CV] END estimator__learning_rate=0.01, estimator__max_depth=11, estimator__num_leaves=8, estimator__subsample=0.001; total time=   0.6s
[CV] END estimator__learning_rate=0.01, estimator__max_depth=11, estimator__num_leaves=10, estimator__subsample=0.2; total time=   0.8s
[CV] END estimator__learning_rate=0.01, estimator__max_depth=12, estimator__num_leaves=2, estimator__subsample=0.1; total time=   0.1s
[CV] END estimator__learning_rate=0.01, estimator__max_depth=12, estimator__num_leaves=4, estimator__subsample=0.01; total time=   0.2s
[CV] END estimator__learning_rate=0.01, estimator__max_depth=12, estimator__num_leaves=4, estimator__subsample=0.2; total time=   0.2s
[CV] END estimator__learning_rate=0.01, estimator__max_depth=12, estimator__num_leaves=6, estimator__subsample=0.1; total time=   0.5s
[CV] END estimator__learning_rate=0.01, estimator__max_depth=12, estimator__num_leaves=10, estimator__subsample=0.001; total time=   0.8s
[CV] END estimator__learning_rate=0.01, estimator__max_depth=12, estimator__num_leaves=31, estimator__subsample=0.1; total time=   1.5s
[CV] END estimator__learning_rate=0.01, estimator__max_depth=13, estimator__num_leaves=8, estimator__subsample=0.01; total time=   0.6s
[CV] END estimator__learning_rate=0.01, estimator__max_depth=13, estimator__num_leaves=31, estimator__subsample=0.001; total time=   1.5s
[CV] END estimator__learning_rate=0.01, estimator__max_depth=14, estimator__num_leaves=6, estimator__subsample=0.01; total time=   0.5s
[CV] END estimator__learning_rate=0.01, estimator__max_depth=14, estimator__num_leaves=10, estimator__subsample=0.001; total time=   0.8s
[CV] END estimator__learning_rate=0.01, estimator__max_depth=14, estimator__num_leaves=31, estimator__subsample=0.1; total time=   1.9s
[CV] END estimator__learning_rate=0.2, estimator__max_depth=10, estimator__num_leaves=10, estimator__subsample=0.01; total time=   0.8s
[CV] END estimator__learning_rate=0.2, estimator__max_depth=11, estimator__num_leaves=2, estimator__subsample=0.001; total time=   0.0s
[CV] END estimator__learning_rate=0.2, estimator__max_depth=11, estimator__num_leaves=2, estimator__subsample=0.01; total time=   0.1s
[CV] END estimator__learning_rate=0.2, estimator__max_depth=11, estimator__num_leaves=2, estimator__subsample=0.2; total time=   0.1s
[CV] END estimator__learning_rate=0.2, estimator__max_depth=11, estimator__num_leaves=4, estimator__subsample=0.01; total time=   0.2s
[CV] END estimator__learning_rate=0.2, estimator__max_depth=11, estimator__num_leaves=6, estimator__subsample=0.001; total time=   0.4s
[CV] END estimator__learning_rate=0.2, estimator__max_depth=11, estimator__num_leaves=8, estimator__subsample=0.01; total time=   0.6s
[CV] END estimator__learning_rate=0.2, estimator__max_depth=11, estimator__num_leaves=10, estimator__subsample=0.2; total time=   0.8s
[CV] END estimator__learning_rate=0.2, estimator__max_depth=12, estimator__num_leaves=2, estimator__subsample=0.1; total time=   0.1s
[CV] END estimator__learning_rate=0.2, estimator__max_depth=12, estimator__num_leaves=4, estimator__subsample=0.001; total time=   0.2s
[CV] END estimator__learning_rate=0.2, estimator__max_depth=12, estimator__num_leaves=4, estimator__subsample=0.2; total time=   0.2s
[CV] END estimator__learning_rate=0.2, estimator__max_depth=12, estimator__num_leaves=6, estimator__subsample=0.01; total time=   0.4s
[CV] END estimator__learning_rate=0.2, estimator__max_depth=12, estimator__num_leaves=10, estimator__subsample=0.001; total time=   0.8s
[CV] END estimator__learning_rate=0.2, estimator__max_depth=12, estimator__num_leaves=31, estimator__subsample=0.1; total time=   1.6s
[CV] END estimator__learning_rate=0.2, estimator__max_depth=13, estimator__num_leaves=8, estimator__subsample=0.01; total time=   0.6s
[CV] END estimator__learning_rate=0.2, estimator__max_depth=13, estimator__num_leaves=31, estimator__subsample=0.001; total time=   1.6s
[CV] END estimator__learning_rate=0.2, estimator__max_depth=14, estimator__num_leaves=6, estimator__subsample=0.1; total time=   0.4s
[CV] END estimator__learning_rate=0.2, estimator__max_depth=14, estimator__num_leaves=10, estimator__subsample=0.01; total time=   0.7s
[CV] END estimator__learning_rate=0.2, estimator__max_depth=14, estimator__num_leaves=31, estimator__subsample=0.2; total time=   1.6s
[CV] END estimator__learning_rate=0.39, estimator__max_depth=10, estimator__num_leaves=8, estimator__subsample=0.2; total time=   0.6s
[CV] END estimator__learning_rate=0.39, estimator__max_depth=10, estimator__num_leaves=31, estimator__subsample=0.01; total time=   1.6s
[CV] END estimator__learning_rate=0.39, estimator__max_depth=11, estimator__num_leaves=8, estimator__subsample=0.001; total time=   0.6s
[CV] END estimator__learning_rate=0.39, estimator__max_depth=11, estimator__num_leaves=10, estimator__subsample=0.1; total time=   0.8s
[CV] END estimator__learning_rate=0.39, estimator__max_depth=12, estimator__num_leaves=2, estimator__subsample=0.01; total time=   0.1s
[CV] END estimator__learning_rate=0.39, estimator__max_depth=12, estimator__num_leaves=4, estimator__subsample=0.001; total time=   0.2s
[CV] END estimator__learning_rate=0.39, estimator__max_depth=12, estimator__num_leaves=4, estimator__subsample=0.1; total time=   0.2s
[CV] END estimator__learning_rate=0.39, estimator__max_depth=12, estimator__num_leaves=6, estimator__subsample=0.001; total time=   0.4s
[CV] END estimator__learning_rate=0.39, estimator__max_depth=12, estimator__num_leaves=8, estimator__subsample=0.1; total time=   0.6s
[CV] END estimator__learning_rate=0.39, estimator__max_depth=12, estimator__num_leaves=31, estimator__subsample=0.001; total time=   1.5s
[CV] END estimator__learning_rate=0.39, estimator__max_depth=13, estimator__num_leaves=6, estimator__subsample=0.1; total time=   0.4s
[CV] END estimator__learning_rate=0.39, estimator__max_depth=13, estimator__num_leaves=10, estimator__subsample=0.01; total time=   0.7s
[CV] END estimator__learning_rate=0.39, estimator__max_depth=13, estimator__num_leaves=31, estimator__subsample=0.2; total time=   1.5s
[CV] END estimator__learning_rate=0.39, estimator__max_depth=14, estimator__num_leaves=8, estimator__subsample=0.1; total time=   0.6s
[CV] END estimator__learning_rate=0.39, estimator__max_depth=14, estimator__num_leaves=31, estimator__subsample=0.001; total time=   1.6s
[CV] END estimator__learning_rate=0.58, estimator__max_depth=10, estimator__num_leaves=6, estimator__subsample=0.2; total time=   0.5s
[CV] END estimator__learning_rate=0.58, estimator__max_depth=10, estimator__num_leaves=10, estimator__subsample=0.1; total time=   0.7s
[CV] END estimator__learning_rate=0.58, estimator__max_depth=11, estimator__num_leaves=2, estimator__subsample=0.001; total time=   0.0s
[CV] END estimator__learning_rate=0.58, estimator__max_depth=11, estimator__num_leaves=2, estimator__subsample=0.01; total time=   0.1s
[CV] END estimator__learning_rate=0.58, estimator__max_depth=11, estimator__num_leaves=2, estimator__subsample=0.2; total time=   0.1s
[CV] END estimator__learning_rate=0.58, estimator__max_depth=11, estimator__num_leaves=4, estimator__subsample=0.01; total time=   0.2s
[CV] END estimator__learning_rate=0.58, estimator__max_depth=11, estimator__num_leaves=6, estimator__subsample=0.001; total time=   0.4s
[CV] END estimator__learning_rate=0.58, estimator__max_depth=11, estimator__num_leaves=8, estimator__subsample=0.001; total time=   0.6s
[CV] END estimator__learning_rate=0.58, estimator__max_depth=11, estimator__num_leaves=10, estimator__subsample=0.2; total time=   0.7s
[CV] END estimator__learning_rate=0.58, estimator__max_depth=12, estimator__num_leaves=2, estimator__subsample=0.01; total time=   0.1s[CV] END estimator__learning_rate=0.01, estimator__max_depth=10, estimator__num_leaves=4, estimator__subsample=0.001; total time=   4.8s
[CV] END estimator__learning_rate=0.01, estimator__max_depth=10, estimator__num_leaves=31, estimator__subsample=0.01; total time=   1.6s
[CV] END estimator__learning_rate=0.01, estimator__max_depth=11, estimator__num_leaves=6, estimator__subsample=0.1; total time=   0.4s
[CV] END estimator__learning_rate=0.01, estimator__max_depth=11, estimator__num_leaves=8, estimator__subsample=0.2; total time=   0.6s
[CV] END estimator__learning_rate=0.01, estimator__max_depth=11, estimator__num_leaves=31, estimator__subsample=0.01; total time=   1.5s
[CV] END estimator__learning_rate=0.01, estimator__max_depth=12, estimator__num_leaves=6, estimator__subsample=0.2; total time=   0.5s
[CV] END estimator__learning_rate=0.01, estimator__max_depth=12, estimator__num_leaves=10, estimator__subsample=0.1; total time=   0.8s
[CV] END estimator__learning_rate=0.01, estimator__max_depth=13, estimator__num_leaves=2, estimator__subsample=0.001; total time=   0.1s
[CV] END estimator__learning_rate=0.01, estimator__max_depth=13, estimator__num_leaves=2, estimator__subsample=0.01; total time=   0.1s
[CV] END estimator__learning_rate=0.01, estimator__max_depth=13, estimator__num_leaves=2, estimator__subsample=0.2; total time=   0.1s
[CV] END estimator__learning_rate=0.01, estimator__max_depth=13, estimator__num_leaves=4, estimator__subsample=0.01; total time=   0.2s
[CV] END estimator__learning_rate=0.01, estimator__max_depth=13, estimator__num_leaves=6, estimator__subsample=0.001; total time=   0.4s
[CV] END estimator__learning_rate=0.01, estimator__max_depth=13, estimator__num_leaves=8, estimator__subsample=0.01; total time=   0.6s
[CV] END estimator__learning_rate=0.01, estimator__max_depth=13, estimator__num_leaves=10, estimator__subsample=0.2; total time=   0.8s
[CV] END estimator__learning_rate=0.01, estimator__max_depth=14, estimator__num_leaves=2, estimator__subsample=0.1; total time=   0.1s
[CV] END estimator__learning_rate=0.01, estimator__max_depth=14, estimator__num_leaves=4, estimator__subsample=0.01; total time=   0.2s
[CV] END estimator__learning_rate=0.01, estimator__max_depth=14, estimator__num_leaves=4, estimator__subsample=0.2; total time=   0.2s
[CV] END estimator__learning_rate=0.01, estimator__max_depth=14, estimator__num_leaves=6, estimator__subsample=0.1; total time=   0.5s
[CV] END estimator__learning_rate=0.01, estimator__max_depth=14, estimator__num_leaves=10, estimator__subsample=0.01; total time=   0.8s
[CV] END estimator__learning_rate=0.01, estimator__max_depth=14, estimator__num_leaves=31, estimator__subsample=0.2; total time=   1.5s
[CV] END estimator__learning_rate=0.2, estimator__max_depth=10, estimator__num_leaves=8, estimator__subsample=0.01; total time=   0.6s
[CV] END estimator__learning_rate=0.2, estimator__max_depth=10, estimator__num_leaves=31, estimator__subsample=0.001; total time=   1.5s
[CV] END estimator__learning_rate=0.2, estimator__max_depth=11, estimator__num_leaves=6, estimator__subsample=0.1; total time=   0.4s
[CV] END estimator__learning_rate=0.2, estimator__max_depth=11, estimator__num_leaves=10, estimator__subsample=0.001; total time=   0.8s
[CV] END estimator__learning_rate=0.2, estimator__max_depth=11, estimator__num_leaves=31, estimator__subsample=0.1; total time=   1.5s
[CV] END estimator__learning_rate=0.2, estimator__max_depth=12, estimator__num_leaves=8, estimator__subsample=0.1; total time=   0.6s
[CV] END estimator__learning_rate=0.2, estimator__max_depth=12, estimator__num_leaves=31, estimator__subsample=0.001; total time=   1.6s
[CV] END estimator__learning_rate=0.2, estimator__max_depth=13, estimator__num_leaves=6, estimator__subsample=0.1; total time=   0.4s
[CV] END estimator__learning_rate=0.2, estimator__max_depth=13, estimator__num_leaves=10, estimator__subsample=0.001; total time=   0.8s
[CV] END estimator__learning_rate=0.2, estimator__max_depth=13, estimator__num_leaves=31, estimator__subsample=0.2; total time=   1.6s
[CV] END estimator__learning_rate=0.2, estimator__max_depth=14, estimator__num_leaves=8, estimator__subsample=0.1; total time=   0.6s
[CV] END estimator__learning_rate=0.2, estimator__max_depth=14, estimator__num_leaves=31, estimator__subsample=0.01; total time=   1.6s
[CV] END estimator__learning_rate=0.39, estimator__max_depth=10, estimator__num_leaves=6, estimator__subsample=0.2; total time=   0.4s
[CV] END estimator__learning_rate=0.39, estimator__max_depth=10, estimator__num_leaves=10, estimator__subsample=0.01; total time=   0.8s
[CV] END estimator__learning_rate=0.39, estimator__max_depth=11, estimator__num_leaves=2, estimator__subsample=0.001; total time=   0.0s
[CV] END estimator__learning_rate=0.39, estimator__max_depth=11, estimator__num_leaves=2, estimator__subsample=0.001; total time=   0.1s
[CV] END estimator__learning_rate=0.39, estimator__max_depth=11, estimator__num_leaves=2, estimator__subsample=0.2; total time=   0.1s
[CV] END estimator__learning_rate=0.39, estimator__max_depth=11, estimator__num_leaves=4, estimator__subsample=0.01; total time=   0.2s
[CV] END estimator__learning_rate=0.39, estimator__max_depth=11, estimator__num_leaves=4, estimator__subsample=0.2; total time=   0.2s
[CV] END estimator__learning_rate=0.39, estimator__max_depth=11, estimator__num_leaves=6, estimator__subsample=0.1; total time=   0.4s
[CV] END estimator__learning_rate=0.39, estimator__max_depth=11, estimator__num_leaves=10, estimator__subsample=0.001; total time=   0.8s
[CV] END estimator__learning_rate=0.39, estimator__max_depth=11, estimator__num_leaves=31, estimator__subsample=0.2; total time=   1.6s
[CV] END estimator__learning_rate=0.39, estimator__max_depth=12, estimator__num_leaves=8, estimator__subsample=0.1; total time=   0.6s
[CV] END estimator__learning_rate=0.39, estimator__max_depth=12, estimator__num_leaves=31, estimator__subsample=0.01; total time=   1.5s
[CV] END estimator__learning_rate=0.39, estimator__max_depth=13, estimator__num_leaves=6, estimator__subsample=0.1; total time=   0.4s
[CV] END estimator__learning_rate=0.39, estimator__max_depth=13, estimator__num_leaves=10, estimator__subsample=0.01; total time=   0.7s
[CV] END estimator__learning_rate=0.39, estimator__max_depth=13, estimator__num_leaves=31, estimator__subsample=0.2; total time=   1.6s
[CV] END estimator__learning_rate=0.39, estimator__max_depth=14, estimator__num_leaves=8, estimator__subsample=0.2; total time=   0.6s
[CV] END estimator__learning_rate=0.39, estimator__max_depth=14, estimator__num_leaves=31, estimator__subsample=0.01; total time=   1.5s
[CV] END estimator__learning_rate=0.58, estimator__max_depth=10, estimator__num_leaves=6, estimator__subsample=0.2; total time=   0.5s
[CV] END estimator__learning_rate=0.58, estimator__max_depth=10, estimator__num_leaves=10, estimator__subsample=0.01; total time=   0.7s
[CV] END estimator__learning_rate=0.58, estimator__max_depth=11, estimator__num_leaves=2, estimator__subsample=0.001; total time=   0.0s
[CV] END estimator__learning_rate=0.58, estimator__max_depth=11, estimator__num_leaves=2, estimator__subsample=0.01; total time=   0.1s
[CV] END estimator__learning_rate=0.58, estimator__max_depth=11, estimator__num_leaves=2, estimator__subsample=0.2; total time=   0.1s
[CV] END estimator__learning_rate=0.58, estimator__max_depth=11, estimator__num_leaves=4, estimator__subsample=0.01; total time=   0.2s
[CV] END estimator__learning_rate=0.58, estimator__max_depth=11, estimator__num_leaves=6, estimator__subsample=0.001; total time=   0.4s
[CV] END estimator__learning_rate=0.58, estimator__max_depth=11, estimator__num_leaves=8, estimator__subsample=0.001; total time=   0.6s
[CV] END estimator__learning_rate=0.58, estimator__max_depth=11, estimator__num_leaves=10, estimator__subsample=0.2; total time=   0.8s
[CV] END estimator__learning_rate=0.58, estimator__max_depth=12, estimator__num_leaves=2, estimator__subsample=0.1; total time=   0.1s
[CV] END estimator__learning_rate=0.58, estimator__max_depth=12, estimator__num_leaves=4, estimator__subsample=0.001; total time=   0.2s[CV] END estimator__learning_rate=0.01, estimator__max_depth=10, estimator__num_leaves=4, estimator__subsample=0.001; total time=   4.8s
[CV] END estimator__learning_rate=0.01, estimator__max_depth=10, estimator__num_leaves=31, estimator__subsample=0.001; total time=   1.5s
[CV] END estimator__learning_rate=0.01, estimator__max_depth=11, estimator__num_leaves=6, estimator__subsample=0.001; total time=   0.4s
[CV] END estimator__learning_rate=0.01, estimator__max_depth=11, estimator__num_leaves=8, estimator__subsample=0.1; total time=   0.6s
[CV] END estimator__learning_rate=0.01, estimator__max_depth=11, estimator__num_leaves=31, estimator__subsample=0.001; total time=   1.5s
[CV] END estimator__learning_rate=0.01, estimator__max_depth=12, estimator__num_leaves=6, estimator__subsample=0.1; total time=   0.5s
[CV] END estimator__learning_rate=0.01, estimator__max_depth=12, estimator__num_leaves=10, estimator__subsample=0.01; total time=   0.8s
[CV] END estimator__learning_rate=0.01, estimator__max_depth=12, estimator__num_leaves=31, estimator__subsample=0.2; total time=   1.5s
[CV] END estimator__learning_rate=0.01, estimator__max_depth=13, estimator__num_leaves=8, estimator__subsample=0.1; total time=   0.6s
[CV] END estimator__learning_rate=0.01, estimator__max_depth=13, estimator__num_leaves=31, estimator__subsample=0.001; total time=   1.5s
[CV] END estimator__learning_rate=0.01, estimator__max_depth=14, estimator__num_leaves=6, estimator__subsample=0.2; total time=   0.5s
[CV] END estimator__learning_rate=0.01, estimator__max_depth=14, estimator__num_leaves=10, estimator__subsample=0.01; total time=   1.0s
[CV] END estimator__learning_rate=0.2, estimator__max_depth=10, estimator__num_leaves=2, estimator__subsample=0.001; total time=   0.1s
[CV] END estimator__learning_rate=0.2, estimator__max_depth=10, estimator__num_leaves=2, estimator__subsample=0.1; total time=   0.1s
[CV] END estimator__learning_rate=0.2, estimator__max_depth=10, estimator__num_leaves=4, estimator__subsample=0.001; total time=   0.2s
[CV] END estimator__learning_rate=0.2, estimator__max_depth=10, estimator__num_leaves=4, estimator__subsample=0.1; total time=   0.2s
[CV] END estimator__learning_rate=0.2, estimator__max_depth=10, estimator__num_leaves=6, estimator__subsample=0.01; total time=   0.4s
[CV] END estimator__learning_rate=0.2, estimator__max_depth=10, estimator__num_leaves=8, estimator__subsample=0.2; total time=   0.6s
[CV] END estimator__learning_rate=0.2, estimator__max_depth=10, estimator__num_leaves=31, estimator__subsample=0.01; total time=   1.5s
[CV] END estimator__learning_rate=0.2, estimator__max_depth=11, estimator__num_leaves=8, estimator__subsample=0.001; total time=   0.6s
[CV] END estimator__learning_rate=0.2, estimator__max_depth=11, estimator__num_leaves=10, estimator__subsample=0.1; total time=   0.8s
[CV] END estimator__learning_rate=0.2, estimator__max_depth=12, estimator__num_leaves=2, estimator__subsample=0.01; total time=   0.1s
[CV] END estimator__learning_rate=0.2, estimator__max_depth=12, estimator__num_leaves=2, estimator__subsample=0.2; total time=   0.1s
[CV] END estimator__learning_rate=0.2, estimator__max_depth=12, estimator__num_leaves=4, estimator__subsample=0.1; total time=   0.2s
[CV] END estimator__learning_rate=0.2, estimator__max_depth=12, estimator__num_leaves=6, estimator__subsample=0.001; total time=   0.4s
[CV] END estimator__learning_rate=0.2, estimator__max_depth=12, estimator__num_leaves=8, estimator__subsample=0.01; total time=   0.6s
[CV] END estimator__learning_rate=0.2, estimator__max_depth=12, estimator__num_leaves=10, estimator__subsample=0.2; total time=   0.8s
[CV] END estimator__learning_rate=0.2, estimator__max_depth=13, estimator__num_leaves=2, estimator__subsample=0.2; total time=   0.1s
[CV] END estimator__learning_rate=0.2, estimator__max_depth=13, estimator__num_leaves=4, estimator__subsample=0.01; total time=   0.2s
[CV] END estimator__learning_rate=0.2, estimator__max_depth=13, estimator__num_leaves=4, estimator__subsample=0.2; total time=   0.2s
[CV] END estimator__learning_rate=0.2, estimator__max_depth=13, estimator__num_leaves=6, estimator__subsample=0.1; total time=   0.4s
[CV] END estimator__learning_rate=0.2, estimator__max_depth=13, estimator__num_leaves=10, estimator__subsample=0.001; total time=   0.7s
[CV] END estimator__learning_rate=0.2, estimator__max_depth=13, estimator__num_leaves=31, estimator__subsample=0.1; total time=   1.6s
[CV] END estimator__learning_rate=0.2, estimator__max_depth=14, estimator__num_leaves=8, estimator__subsample=0.01; total time=   0.6s
[CV] END estimator__learning_rate=0.2, estimator__max_depth=14, estimator__num_leaves=31, estimator__subsample=0.001; total time=   1.6s
[CV] END estimator__learning_rate=0.39, estimator__max_depth=10, estimator__num_leaves=6, estimator__subsample=0.1; total time=   0.4s
[CV] END estimator__learning_rate=0.39, estimator__max_depth=10, estimator__num_leaves=10, estimator__subsample=0.001; total time=   0.7s
[CV] END estimator__learning_rate=0.39, estimator__max_depth=10, estimator__num_leaves=31, estimator__subsample=0.2; total time=   1.5s
[CV] END estimator__learning_rate=0.39, estimator__max_depth=11, estimator__num_leaves=8, estimator__subsample=0.1; total time=   0.6s
[CV] END estimator__learning_rate=0.39, estimator__max_depth=11, estimator__num_leaves=31, estimator__subsample=0.001; total time=   1.5s
[CV] END estimator__learning_rate=0.39, estimator__max_depth=12, estimator__num_leaves=6, estimator__subsample=0.2; total time=   0.4s
[CV] END estimator__learning_rate=0.39, estimator__max_depth=12, estimator__num_leaves=10, estimator__subsample=0.01; total time=   0.8s
[CV] END estimator__learning_rate=0.39, estimator__max_depth=13, estimator__num_leaves=2, estimator__subsample=0.001; total time=   0.0s
[CV] END estimator__learning_rate=0.39, estimator__max_depth=13, estimator__num_leaves=2, estimator__subsample=0.001; total time=   0.1s
[CV] END estimator__learning_rate=0.39, estimator__max_depth=13, estimator__num_leaves=2, estimator__subsample=0.2; total time=   0.1s
[CV] END estimator__learning_rate=0.39, estimator__max_depth=13, estimator__num_leaves=4, estimator__subsample=0.01; total time=   0.2s
[CV] END estimator__learning_rate=0.39, estimator__max_depth=13, estimator__num_leaves=6, estimator__subsample=0.001; total time=   0.4s
[CV] END estimator__learning_rate=0.39, estimator__max_depth=13, estimator__num_leaves=8, estimator__subsample=0.001; total time=   0.6s
[CV] END estimator__learning_rate=0.39, estimator__max_depth=13, estimator__num_leaves=10, estimator__subsample=0.1; total time=   0.8s
[CV] END estimator__learning_rate=0.39, estimator__max_depth=14, estimator__num_leaves=2, estimator__subsample=0.1; total time=   0.1s
[CV] END estimator__learning_rate=0.39, estimator__max_depth=14, estimator__num_leaves=4, estimator__subsample=0.001; total time=   0.2s
[CV] END estimator__learning_rate=0.39, estimator__max_depth=14, estimator__num_leaves=4, estimator__subsample=0.1; total time=   0.2s
[CV] END estimator__learning_rate=0.39, estimator__max_depth=14, estimator__num_leaves=6, estimator__subsample=0.001; total time=   0.4s
[CV] END estimator__learning_rate=0.39, estimator__max_depth=14, estimator__num_leaves=8, estimator__subsample=0.1; total time=   0.6s
[CV] END estimator__learning_rate=0.39, estimator__max_depth=14, estimator__num_leaves=31, estimator__subsample=0.001; total time=   1.5s
[CV] END estimator__learning_rate=0.58, estimator__max_depth=10, estimator__num_leaves=6, estimator__subsample=0.2; total time=   0.5s
[CV] END estimator__learning_rate=0.58, estimator__max_depth=10, estimator__num_leaves=10, estimator__subsample=0.01; total time=   0.7s
[CV] END estimator__learning_rate=0.58, estimator__max_depth=10, estimator__num_leaves=31, estimator__subsample=0.2; total time=   1.5s
[CV] END estimator__learning_rate=0.58, estimator__max_depth=11, estimator__num_leaves=8, estimator__subsample=0.2; total time=   0.6s
[CV] END estimator__learning_rate=0.58, estimator__max_depth=11, estimator__num_leaves=31, estimator__subsample=0.01; total time=   1.5s[CV] END estimator__learning_rate=0.01, estimator__max_depth=10, estimator__num_leaves=4, estimator__subsample=0.001; total time=   4.7s
[CV] END estimator__learning_rate=0.01, estimator__max_depth=10, estimator__num_leaves=10, estimator__subsample=0.2; total time=   0.8s
[CV] END estimator__learning_rate=0.01, estimator__max_depth=11, estimator__num_leaves=2, estimator__subsample=0.2; total time=   0.1s
[CV] END estimator__learning_rate=0.01, estimator__max_depth=11, estimator__num_leaves=4, estimator__subsample=0.01; total time=   0.2s
[CV] END estimator__learning_rate=0.01, estimator__max_depth=11, estimator__num_leaves=4, estimator__subsample=0.2; total time=   0.3s
[CV] END estimator__learning_rate=0.01, estimator__max_depth=11, estimator__num_leaves=6, estimator__subsample=0.2; total time=   0.4s
[CV] END estimator__learning_rate=0.01, estimator__max_depth=11, estimator__num_leaves=10, estimator__subsample=0.01; total time=   0.8s
[CV] END estimator__learning_rate=0.01, estimator__max_depth=11, estimator__num_leaves=31, estimator__subsample=0.2; total time=   1.5s
[CV] END estimator__learning_rate=0.01, estimator__max_depth=12, estimator__num_leaves=8, estimator__subsample=0.1; total time=   0.6s
[CV] END estimator__learning_rate=0.01, estimator__max_depth=12, estimator__num_leaves=31, estimator__subsample=0.001; total time=   1.5s
[CV] END estimator__learning_rate=0.01, estimator__max_depth=13, estimator__num_leaves=6, estimator__subsample=0.01; total time=   0.5s
[CV] END estimator__learning_rate=0.01, estimator__max_depth=13, estimator__num_leaves=10, estimator__subsample=0.001; total time=   0.8s
[CV] END estimator__learning_rate=0.01, estimator__max_depth=13, estimator__num_leaves=31, estimator__subsample=0.1; total time=   1.6s
[CV] END estimator__learning_rate=0.01, estimator__max_depth=14, estimator__num_leaves=8, estimator__subsample=0.1; total time=   0.6s
[CV] END estimator__learning_rate=0.01, estimator__max_depth=14, estimator__num_leaves=31, estimator__subsample=0.001; total time=   1.5s
[CV] END estimator__learning_rate=0.2, estimator__max_depth=10, estimator__num_leaves=6, estimator__subsample=0.2; total time=   0.4s
[CV] END estimator__learning_rate=0.2, estimator__max_depth=10, estimator__num_leaves=10, estimator__subsample=0.001; total time=   0.8s
[CV] END estimator__learning_rate=0.2, estimator__max_depth=10, estimator__num_leaves=31, estimator__subsample=0.2; total time=   1.5s
[CV] END estimator__learning_rate=0.2, estimator__max_depth=11, estimator__num_leaves=8, estimator__subsample=0.1; total time=   0.6s
[CV] END estimator__learning_rate=0.2, estimator__max_depth=11, estimator__num_leaves=31, estimator__subsample=0.001; total time=   1.5s
[CV] END estimator__learning_rate=0.2, estimator__max_depth=12, estimator__num_leaves=6, estimator__subsample=0.2; total time=   0.6s
[CV] END estimator__learning_rate=0.2, estimator__max_depth=12, estimator__num_leaves=10, estimator__subsample=0.1; total time=   0.8s
[CV] END estimator__learning_rate=0.2, estimator__max_depth=13, estimator__num_leaves=2, estimator__subsample=0.001; total time=   0.1s
[CV] END estimator__learning_rate=0.2, estimator__max_depth=13, estimator__num_leaves=2, estimator__subsample=0.1; total time=   0.1s
[CV] END estimator__learning_rate=0.2, estimator__max_depth=13, estimator__num_leaves=4, estimator__subsample=0.001; total time=   0.2s
[CV] END estimator__learning_rate=0.2, estimator__max_depth=13, estimator__num_leaves=4, estimator__subsample=0.1; total time=   0.2s
[CV] END estimator__learning_rate=0.2, estimator__max_depth=13, estimator__num_leaves=6, estimator__subsample=0.01; total time=   0.4s
[CV] END estimator__learning_rate=0.2, estimator__max_depth=13, estimator__num_leaves=8, estimator__subsample=0.2; total time=   0.6s
[CV] END estimator__learning_rate=0.2, estimator__max_depth=13, estimator__num_leaves=31, estimator__subsample=0.01; total time=   1.5s
[CV] END estimator__learning_rate=0.2, estimator__max_depth=14, estimator__num_leaves=6, estimator__subsample=0.2; total time=   0.4s
[CV] END estimator__learning_rate=0.2, estimator__max_depth=14, estimator__num_leaves=10, estimator__subsample=0.01; total time=   0.8s
[CV] END estimator__learning_rate=0.39, estimator__max_depth=10, estimator__num_leaves=2, estimator__subsample=0.001; total time=   0.0s
[CV] END estimator__learning_rate=0.39, estimator__max_depth=10, estimator__num_leaves=2, estimator__subsample=0.001; total time=   0.1s
[CV] END estimator__learning_rate=0.39, estimator__max_depth=10, estimator__num_leaves=2, estimator__subsample=0.2; total time=   0.1s
[CV] END estimator__learning_rate=0.39, estimator__max_depth=10, estimator__num_leaves=4, estimator__subsample=0.01; total time=   0.2s
[CV] END estimator__learning_rate=0.39, estimator__max_depth=10, estimator__num_leaves=4, estimator__subsample=0.2; total time=   0.2s
[CV] END estimator__learning_rate=0.39, estimator__max_depth=10, estimator__num_leaves=6, estimator__subsample=0.1; total time=   0.4s
[CV] END estimator__learning_rate=0.39, estimator__max_depth=10, estimator__num_leaves=10, estimator__subsample=0.001; total time=   0.8s
[CV] END estimator__learning_rate=0.39, estimator__max_depth=10, estimator__num_leaves=31, estimator__subsample=0.2; total time=   1.5s
[CV] END estimator__learning_rate=0.39, estimator__max_depth=11, estimator__num_leaves=8, estimator__subsample=0.1; total time=   0.6s
[CV] END estimator__learning_rate=0.39, estimator__max_depth=11, estimator__num_leaves=31, estimator__subsample=0.001; total time=   1.5s
[CV] END estimator__learning_rate=0.39, estimator__max_depth=12, estimator__num_leaves=6, estimator__subsample=0.1; total time=   0.4s
[CV] END estimator__learning_rate=0.39, estimator__max_depth=12, estimator__num_leaves=10, estimator__subsample=0.01; total time=   0.7s
[CV] END estimator__learning_rate=0.39, estimator__max_depth=12, estimator__num_leaves=31, estimator__subsample=0.2; total time=   1.6s
[CV] END estimator__learning_rate=0.39, estimator__max_depth=13, estimator__num_leaves=8, estimator__subsample=0.2; total time=   0.6s
[CV] END estimator__learning_rate=0.39, estimator__max_depth=13, estimator__num_leaves=31, estimator__subsample=0.01; total time=   1.6s
[CV] END estimator__learning_rate=0.39, estimator__max_depth=14, estimator__num_leaves=8, estimator__subsample=0.001; total time=   0.6s
[CV] END estimator__learning_rate=0.39, estimator__max_depth=14, estimator__num_leaves=10, estimator__subsample=0.1; total time=   0.8s
[CV] END estimator__learning_rate=0.58, estimator__max_depth=10, estimator__num_leaves=2, estimator__subsample=0.01; total time=   0.1s
[CV] END estimator__learning_rate=0.58, estimator__max_depth=10, estimator__num_leaves=2, estimator__subsample=0.2; total time=   0.1s
[CV] END estimator__learning_rate=0.58, estimator__max_depth=10, estimator__num_leaves=4, estimator__subsample=0.1; total time=   0.2s
[CV] END estimator__learning_rate=0.58, estimator__max_depth=10, estimator__num_leaves=6, estimator__subsample=0.001; total time=   0.4s
[CV] END estimator__learning_rate=0.58, estimator__max_depth=10, estimator__num_leaves=8, estimator__subsample=0.01; total time=   0.6s
[CV] END estimator__learning_rate=0.58, estimator__max_depth=10, estimator__num_leaves=10, estimator__subsample=0.2; total time=   0.8s
[CV] END estimator__learning_rate=0.58, estimator__max_depth=11, estimator__num_leaves=2, estimator__subsample=0.1; total time=   0.1s
[CV] END estimator__learning_rate=0.58, estimator__max_depth=11, estimator__num_leaves=4, estimator__subsample=0.01; total time=   0.2s
[CV] END estimator__learning_rate=0.58, estimator__max_depth=11, estimator__num_leaves=4, estimator__subsample=0.2; total time=   0.2s
[CV] END estimator__learning_rate=0.58, estimator__max_depth=11, estimator__num_leaves=6, estimator__subsample=0.1; total time=   0.4s
[CV] END estimator__learning_rate=0.58, estimator__max_depth=11, estimator__num_leaves=10, estimator__subsample=0.001; total time=   0.7s
[CV] END estimator__learning_rate=0.58, estimator__max_depth=11, estimator__num_leaves=31, estimator__subsample=0.1; total time=   1.5s[CV] END estimator__learning_rate=0.01, estimator__max_depth=10, estimator__num_leaves=4, estimator__subsample=0.01; total time=   4.6s
[CV] END estimator__learning_rate=0.01, estimator__max_depth=10, estimator__num_leaves=10, estimator__subsample=0.1; total time=   1.0s
[CV] END estimator__learning_rate=0.01, estimator__max_depth=11, estimator__num_leaves=2, estimator__subsample=0.001; total time=   0.1s
[CV] END estimator__learning_rate=0.01, estimator__max_depth=11, estimator__num_leaves=2, estimator__subsample=0.1; total time=   0.1s
[CV] END estimator__learning_rate=0.01, estimator__max_depth=11, estimator__num_leaves=4, estimator__subsample=0.001; total time=   0.2s
[CV] END estimator__learning_rate=0.01, estimator__max_depth=11, estimator__num_leaves=4, estimator__subsample=0.2; total time=   0.3s
[CV] END estimator__learning_rate=0.01, estimator__max_depth=11, estimator__num_leaves=6, estimator__subsample=0.2; total time=   0.4s
[CV] END estimator__learning_rate=0.01, estimator__max_depth=11, estimator__num_leaves=10, estimator__subsample=0.001; total time=   0.8s
[CV] END estimator__learning_rate=0.01, estimator__max_depth=11, estimator__num_leaves=31, estimator__subsample=0.1; total time=   1.5s
[CV] END estimator__learning_rate=0.01, estimator__max_depth=12, estimator__num_leaves=8, estimator__subsample=0.01; total time=   0.6s
[CV] END estimator__learning_rate=0.01, estimator__max_depth=12, estimator__num_leaves=31, estimator__subsample=0.001; total time=   1.6s
[CV] END estimator__learning_rate=0.01, estimator__max_depth=13, estimator__num_leaves=6, estimator__subsample=0.2; total time=   0.5s
[CV] END estimator__learning_rate=0.01, estimator__max_depth=13, estimator__num_leaves=10, estimator__subsample=0.01; total time=   0.8s
[CV] END estimator__learning_rate=0.01, estimator__max_depth=13, estimator__num_leaves=31, estimator__subsample=0.2; total time=   1.5s
[CV] END estimator__learning_rate=0.01, estimator__max_depth=14, estimator__num_leaves=8, estimator__subsample=0.1; total time=   0.6s
[CV] END estimator__learning_rate=0.01, estimator__max_depth=14, estimator__num_leaves=31, estimator__subsample=0.001; total time=   1.5s
[CV] END estimator__learning_rate=0.2, estimator__max_depth=10, estimator__num_leaves=6, estimator__subsample=0.1; total time=   0.4s
[CV] END estimator__learning_rate=0.2, estimator__max_depth=10, estimator__num_leaves=10, estimator__subsample=0.001; total time=   0.7s
[CV] END estimator__learning_rate=0.2, estimator__max_depth=10, estimator__num_leaves=31, estimator__subsample=0.1; total time=   1.6s
[CV] END estimator__learning_rate=0.2, estimator__max_depth=11, estimator__num_leaves=8, estimator__subsample=0.1; total time=   0.6s
[CV] END estimator__learning_rate=0.2, estimator__max_depth=11, estimator__num_leaves=31, estimator__subsample=0.001; total time=   1.5s
[CV] END estimator__learning_rate=0.2, estimator__max_depth=12, estimator__num_leaves=6, estimator__subsample=0.1; total time=   0.4s
[CV] END estimator__learning_rate=0.2, estimator__max_depth=12, estimator__num_leaves=10, estimator__subsample=0.01; total time=   0.8s
[CV] END estimator__learning_rate=0.2, estimator__max_depth=12, estimator__num_leaves=31, estimator__subsample=0.2; total time=   1.6s
[CV] END estimator__learning_rate=0.2, estimator__max_depth=13, estimator__num_leaves=10, estimator__subsample=0.001; total time=   0.7s
[CV] END estimator__learning_rate=0.2, estimator__max_depth=13, estimator__num_leaves=31, estimator__subsample=0.1; total time=   1.6s
[CV] END estimator__learning_rate=0.2, estimator__max_depth=14, estimator__num_leaves=8, estimator__subsample=0.01; total time=   0.6s
[CV] END estimator__learning_rate=0.2, estimator__max_depth=14, estimator__num_leaves=10, estimator__subsample=0.2; total time=   0.8s
[CV] END estimator__learning_rate=0.39, estimator__max_depth=10, estimator__num_leaves=4, estimator__subsample=0.001; total time=   0.2s
[CV] END estimator__learning_rate=0.39, estimator__max_depth=10, estimator__num_leaves=4, estimator__subsample=0.1; total time=   0.2s
[CV] END estimator__learning_rate=0.39, estimator__max_depth=10, estimator__num_leaves=6, estimator__subsample=0.01; total time=   0.4s
[CV] END estimator__learning_rate=0.39, estimator__max_depth=10, estimator__num_leaves=8, estimator__subsample=0.1; total time=   0.6s
[CV] END estimator__learning_rate=0.39, estimator__max_depth=10, estimator__num_leaves=31, estimator__subsample=0.01; total time=   1.5s
[CV] END estimator__learning_rate=0.39, estimator__max_depth=11, estimator__num_leaves=6, estimator__subsample=0.1; total time=   0.4s
[CV] END estimator__learning_rate=0.39, estimator__max_depth=11, estimator__num_leaves=10, estimator__subsample=0.01; total time=   0.8s
[CV] END estimator__learning_rate=0.39, estimator__max_depth=11, estimator__num_leaves=31, estimator__subsample=0.2; total time=   1.6s
[CV] END estimator__learning_rate=0.39, estimator__max_depth=12, estimator__num_leaves=8, estimator__subsample=0.2; total time=   0.6s
[CV] END estimator__learning_rate=0.39, estimator__max_depth=12, estimator__num_leaves=31, estimator__subsample=0.01; total time=   1.5s
[CV] END estimator__learning_rate=0.39, estimator__max_depth=13, estimator__num_leaves=6, estimator__subsample=0.2; total time=   0.4s
[CV] END estimator__learning_rate=0.39, estimator__max_depth=13, estimator__num_leaves=10, estimator__subsample=0.1; total time=   0.7s
[CV] END estimator__learning_rate=0.39, estimator__max_depth=14, estimator__num_leaves=2, estimator__subsample=0.001; total time=   0.0s
[CV] END estimator__learning_rate=0.39, estimator__max_depth=14, estimator__num_leaves=2, estimator__subsample=0.01; total time=   0.1s
[CV] END estimator__learning_rate=0.39, estimator__max_depth=14, estimator__num_leaves=2, estimator__subsample=0.2; total time=   0.1s
[CV] END estimator__learning_rate=0.39, estimator__max_depth=14, estimator__num_leaves=4, estimator__subsample=0.01; total time=   0.2s
[CV] END estimator__learning_rate=0.39, estimator__max_depth=14, estimator__num_leaves=6, estimator__subsample=0.001; total time=   0.4s
[CV] END estimator__learning_rate=0.39, estimator__max_depth=14, estimator__num_leaves=8, estimator__subsample=0.001; total time=   0.6s
[CV] END estimator__learning_rate=0.39, estimator__max_depth=14, estimator__num_leaves=10, estimator__subsample=0.2; total time=   0.7s
[CV] END estimator__learning_rate=0.58, estimator__max_depth=10, estimator__num_leaves=2, estimator__subsample=0.1; total time=   0.1s
[CV] END estimator__learning_rate=0.58, estimator__max_depth=10, estimator__num_leaves=4, estimator__subsample=0.001; total time=   0.2s
[CV] END estimator__learning_rate=0.58, estimator__max_depth=10, estimator__num_leaves=4, estimator__subsample=0.2; total time=   0.2s
[CV] END estimator__learning_rate=0.58, estimator__max_depth=10, estimator__num_leaves=6, estimator__subsample=0.01; total time=   0.4s
[CV] END estimator__learning_rate=0.58, estimator__max_depth=10, estimator__num_leaves=8, estimator__subsample=0.2; total time=   0.6s
[CV] END estimator__learning_rate=0.58, estimator__max_depth=10, estimator__num_leaves=31, estimator__subsample=0.01; total time=   1.5s
[CV] END estimator__learning_rate=0.58, estimator__max_depth=11, estimator__num_leaves=8, estimator__subsample=0.001; total time=   0.6s
[CV] END estimator__learning_rate=0.58, estimator__max_depth=11, estimator__num_leaves=10, estimator__subsample=0.1; total time=   0.8s
[CV] END estimator__learning_rate=0.58, estimator__max_depth=12, estimator__num_leaves=2, estimator__subsample=0.01; total time=   0.1s
[CV] END estimator__learning_rate=0.58, estimator__max_depth=12, estimator__num_leaves=2, estimator__subsample=0.2; total time=   0.1s
[CV] END estimator__learning_rate=0.58, estimator__max_depth=12, estimator__num_leaves=4, estimator__subsample=0.01; total time=   0.2s
[CV] END estimator__learning_rate=0.58, estimator__max_depth=12, estimator__num_leaves=6, estimator__subsample=0.001; total time=   0.4s
[CV] END estimator__learning_rate=0.58, estimator__max_depth=12, estimator__num_leaves=8, estimator__subsample=0.001; total time=   0.6s[CV] END estimator__learning_rate=0.01, estimator__max_depth=10, estimator__num_leaves=4, estimator__subsample=0.01; total time=   4.8s
[CV] END estimator__learning_rate=0.01, estimator__max_depth=10, estimator__num_leaves=31, estimator__subsample=0.01; total time=   1.5s
[CV] END estimator__learning_rate=0.01, estimator__max_depth=11, estimator__num_leaves=6, estimator__subsample=0.01; total time=   0.4s
[CV] END estimator__learning_rate=0.01, estimator__max_depth=11, estimator__num_leaves=8, estimator__subsample=0.1; total time=   0.6s
[CV] END estimator__learning_rate=0.01, estimator__max_depth=11, estimator__num_leaves=31, estimator__subsample=0.01; total time=   1.5s
[CV] END estimator__learning_rate=0.01, estimator__max_depth=12, estimator__num_leaves=6, estimator__subsample=0.2; total time=   0.5s
[CV] END estimator__learning_rate=0.01, estimator__max_depth=12, estimator__num_leaves=10, estimator__subsample=0.01; total time=   0.8s
[CV] END estimator__learning_rate=0.01, estimator__max_depth=13, estimator__num_leaves=2, estimator__subsample=0.001; total time=   0.0s
[CV] END estimator__learning_rate=0.01, estimator__max_depth=13, estimator__num_leaves=2, estimator__subsample=0.01; total time=   0.1s
[CV] END estimator__learning_rate=0.01, estimator__max_depth=13, estimator__num_leaves=2, estimator__subsample=0.1; total time=   0.1s
[CV] END estimator__learning_rate=0.01, estimator__max_depth=13, estimator__num_leaves=4, estimator__subsample=0.01; total time=   0.2s
[CV] END estimator__learning_rate=0.01, estimator__max_depth=13, estimator__num_leaves=4, estimator__subsample=0.2; total time=   0.2s
[CV] END estimator__learning_rate=0.01, estimator__max_depth=13, estimator__num_leaves=6, estimator__subsample=0.1; total time=   0.4s
[CV] END estimator__learning_rate=0.01, estimator__max_depth=13, estimator__num_leaves=10, estimator__subsample=0.001; total time=   0.8s
[CV] END estimator__learning_rate=0.01, estimator__max_depth=13, estimator__num_leaves=31, estimator__subsample=0.1; total time=   1.5s
[CV] END estimator__learning_rate=0.01, estimator__max_depth=14, estimator__num_leaves=8, estimator__subsample=0.01; total time=   0.6s
[CV] END estimator__learning_rate=0.01, estimator__max_depth=14, estimator__num_leaves=31, estimator__subsample=0.001; total time=   1.5s
[CV] END estimator__learning_rate=0.2, estimator__max_depth=10, estimator__num_leaves=6, estimator__subsample=0.1; total time=   0.4s
[CV] END estimator__learning_rate=0.2, estimator__max_depth=10, estimator__num_leaves=10, estimator__subsample=0.001; total time=   0.8s
[CV] END estimator__learning_rate=0.2, estimator__max_depth=10, estimator__num_leaves=31, estimator__subsample=0.1; total time=   1.5s
[CV] END estimator__learning_rate=0.2, estimator__max_depth=11, estimator__num_leaves=8, estimator__subsample=0.01; total time=   0.6s
[CV] END estimator__learning_rate=0.2, estimator__max_depth=11, estimator__num_leaves=31, estimator__subsample=0.001; total time=   1.5s
[CV] END estimator__learning_rate=0.2, estimator__max_depth=12, estimator__num_leaves=6, estimator__subsample=0.1; total time=   0.4s
[CV] END estimator__learning_rate=0.2, estimator__max_depth=12, estimator__num_leaves=10, estimator__subsample=0.001; total time=   0.7s
[CV] END estimator__learning_rate=0.2, estimator__max_depth=12, estimator__num_leaves=31, estimator__subsample=0.2; total time=   1.6s
[CV] END estimator__learning_rate=0.2, estimator__max_depth=13, estimator__num_leaves=8, estimator__subsample=0.1; total time=   0.6s
[CV] END estimator__learning_rate=0.2, estimator__max_depth=13, estimator__num_leaves=31, estimator__subsample=0.001; total time=   1.5s
[CV] END estimator__learning_rate=0.2, estimator__max_depth=14, estimator__num_leaves=6, estimator__subsample=0.2; total time=   0.4s
[CV] END estimator__learning_rate=0.2, estimator__max_depth=14, estimator__num_leaves=10, estimator__subsample=0.01; total time=   0.8s
[CV] END estimator__learning_rate=0.39, estimator__max_depth=10, estimator__num_leaves=2, estimator__subsample=0.001; total time=   0.0s
[CV] END estimator__learning_rate=0.39, estimator__max_depth=10, estimator__num_leaves=2, estimator__subsample=0.01; total time=   0.1s
[CV] END estimator__learning_rate=0.39, estimator__max_depth=10, estimator__num_leaves=2, estimator__subsample=0.2; total time=   0.1s
[CV] END estimator__learning_rate=0.39, estimator__max_depth=10, estimator__num_leaves=4, estimator__subsample=0.01; total time=   0.2s
[CV] END estimator__learning_rate=0.39, estimator__max_depth=10, estimator__num_leaves=6, estimator__subsample=0.001; total time=   0.4s
[CV] END estimator__learning_rate=0.39, estimator__max_depth=10, estimator__num_leaves=8, estimator__subsample=0.001; total time=   0.6s
[CV] END estimator__learning_rate=0.39, estimator__max_depth=10, estimator__num_leaves=10, estimator__subsample=0.1; total time=   0.8s
[CV] END estimator__learning_rate=0.39, estimator__max_depth=11, estimator__num_leaves=2, estimator__subsample=0.01; total time=   0.1s
[CV] END estimator__learning_rate=0.39, estimator__max_depth=11, estimator__num_leaves=4, estimator__subsample=0.001; total time=   0.2s
[CV] END estimator__learning_rate=0.39, estimator__max_depth=11, estimator__num_leaves=4, estimator__subsample=0.1; total time=   0.2s
[CV] END estimator__learning_rate=0.39, estimator__max_depth=11, estimator__num_leaves=6, estimator__subsample=0.01; total time=   0.4s
[CV] END estimator__learning_rate=0.39, estimator__max_depth=11, estimator__num_leaves=8, estimator__subsample=0.1; total time=   0.6s
[CV] END estimator__learning_rate=0.39, estimator__max_depth=11, estimator__num_leaves=31, estimator__subsample=0.01; total time=   1.5s
[CV] END estimator__learning_rate=0.39, estimator__max_depth=12, estimator__num_leaves=6, estimator__subsample=0.2; total time=   0.5s
[CV] END estimator__learning_rate=0.39, estimator__max_depth=12, estimator__num_leaves=10, estimator__subsample=0.1; total time=   0.7s
[CV] END estimator__learning_rate=0.39, estimator__max_depth=13, estimator__num_leaves=2, estimator__subsample=0.001; total time=   0.1s
[CV] END estimator__learning_rate=0.39, estimator__max_depth=13, estimator__num_leaves=2, estimator__subsample=0.2; total time=   0.1s
[CV] END estimator__learning_rate=0.39, estimator__max_depth=13, estimator__num_leaves=4, estimator__subsample=0.01; total time=   0.2s
[CV] END estimator__learning_rate=0.39, estimator__max_depth=13, estimator__num_leaves=4, estimator__subsample=0.2; total time=   0.2s
[CV] END estimator__learning_rate=0.39, estimator__max_depth=13, estimator__num_leaves=6, estimator__subsample=0.1; total time=   0.4s
[CV] END estimator__learning_rate=0.39, estimator__max_depth=13, estimator__num_leaves=10, estimator__subsample=0.001; total time=   0.7s
[CV] END estimator__learning_rate=0.39, estimator__max_depth=13, estimator__num_leaves=31, estimator__subsample=0.1; total time=   1.6s
[CV] END estimator__learning_rate=0.39, estimator__max_depth=14, estimator__num_leaves=8, estimator__subsample=0.01; total time=   0.6s
[CV] END estimator__learning_rate=0.39, estimator__max_depth=14, estimator__num_leaves=31, estimator__subsample=0.001; total time=   1.6s
[CV] END estimator__learning_rate=0.58, estimator__max_depth=10, estimator__num_leaves=6, estimator__subsample=0.1; total time=   0.5s
[CV] END estimator__learning_rate=0.58, estimator__max_depth=10, estimator__num_leaves=10, estimator__subsample=0.01; total time=   0.7s
[CV] END estimator__learning_rate=0.58, estimator__max_depth=10, estimator__num_leaves=31, estimator__subsample=0.2; total time=   1.5s
[CV] END estimator__learning_rate=0.58, estimator__max_depth=11, estimator__num_leaves=8, estimator__subsample=0.1; total time=   0.6s
[CV] END estimator__learning_rate=0.58, estimator__max_depth=11, estimator__num_leaves=31, estimator__subsample=0.01; total time=   1.5s
[CV] END estimator__learning_rate=0.58, estimator__max_depth=12, estimator__num_leaves=6, estimator__subsample=0.2; total time=   0.4s
[CV] END estimator__learning_rate=0.58, estimator__max_depth=12, estimator__num_leaves=10, estimator__subsample=0.01; total time=   0.7s[CV] END estimator__learning_rate=0.01, estimator__max_depth=10, estimator__num_leaves=2, estimator__subsample=0.1; total time=   4.3s
[CV] END estimator__learning_rate=0.01, estimator__max_depth=10, estimator__num_leaves=6, estimator__subsample=0.2; total time=   0.2s
[CV] END estimator__learning_rate=0.01, estimator__max_depth=10, estimator__num_leaves=8, estimator__subsample=0.1; total time=   0.5s
[CV] END estimator__learning_rate=0.01, estimator__max_depth=10, estimator__num_leaves=10, estimator__subsample=0.2; total time=   1.0s
[CV] END estimator__learning_rate=0.01, estimator__max_depth=11, estimator__num_leaves=2, estimator__subsample=0.01; total time=   0.1s
[CV] END estimator__learning_rate=0.01, estimator__max_depth=11, estimator__num_leaves=2, estimator__subsample=0.2; total time=   0.1s
[CV] END estimator__learning_rate=0.01, estimator__max_depth=11, estimator__num_leaves=4, estimator__subsample=0.1; total time=   0.2s
[CV] END estimator__learning_rate=0.01, estimator__max_depth=11, estimator__num_leaves=6, estimator__subsample=0.001; total time=   0.4s
[CV] END estimator__learning_rate=0.01, estimator__max_depth=11, estimator__num_leaves=8, estimator__subsample=0.01; total time=   0.6s
[CV] END estimator__learning_rate=0.01, estimator__max_depth=11, estimator__num_leaves=10, estimator__subsample=0.2; total time=   0.8s
[CV] END estimator__learning_rate=0.01, estimator__max_depth=12, estimator__num_leaves=4, estimator__subsample=0.001; total time=   0.2s
[CV] END estimator__learning_rate=0.01, estimator__max_depth=12, estimator__num_leaves=4, estimator__subsample=0.1; total time=   0.2s
[CV] END estimator__learning_rate=0.01, estimator__max_depth=12, estimator__num_leaves=6, estimator__subsample=0.001; total time=   0.5s
[CV] END estimator__learning_rate=0.01, estimator__max_depth=12, estimator__num_leaves=8, estimator__subsample=0.2; total time=   0.6s
[CV] END estimator__learning_rate=0.01, estimator__max_depth=12, estimator__num_leaves=31, estimator__subsample=0.01; total time=   1.5s
[CV] END estimator__learning_rate=0.01, estimator__max_depth=13, estimator__num_leaves=6, estimator__subsample=0.2; total time=   0.5s
[CV] END estimator__learning_rate=0.01, estimator__max_depth=13, estimator__num_leaves=10, estimator__subsample=0.01; total time=   0.8s
[CV] END estimator__learning_rate=0.01, estimator__max_depth=14, estimator__num_leaves=2, estimator__subsample=0.001; total time=   0.0s
[CV] END estimator__learning_rate=0.01, estimator__max_depth=14, estimator__num_leaves=2, estimator__subsample=0.001; total time=   0.1s
[CV] END estimator__learning_rate=0.01, estimator__max_depth=14, estimator__num_leaves=2, estimator__subsample=0.1; total time=   0.1s
[CV] END estimator__learning_rate=0.01, estimator__max_depth=14, estimator__num_leaves=4, estimator__subsample=0.001; total time=   0.2s
[CV] END estimator__learning_rate=0.01, estimator__max_depth=14, estimator__num_leaves=4, estimator__subsample=0.2; total time=   0.2s
[CV] END estimator__learning_rate=0.01, estimator__max_depth=14, estimator__num_leaves=6, estimator__subsample=0.01; total time=   0.5s
[CV] END estimator__learning_rate=0.01, estimator__max_depth=14, estimator__num_leaves=10, estimator__subsample=0.001; total time=   0.8s
[CV] END estimator__learning_rate=0.01, estimator__max_depth=14, estimator__num_leaves=31, estimator__subsample=0.1; total time=   1.6s
[CV] END estimator__learning_rate=0.2, estimator__max_depth=10, estimator__num_leaves=8, estimator__subsample=0.01; total time=   0.6s
[CV] END estimator__learning_rate=0.2, estimator__max_depth=10, estimator__num_leaves=31, estimator__subsample=0.001; total time=   1.5s
[CV] END estimator__learning_rate=0.2, estimator__max_depth=11, estimator__num_leaves=6, estimator__subsample=0.1; total time=   0.4s
[CV] END estimator__learning_rate=0.2, estimator__max_depth=11, estimator__num_leaves=10, estimator__subsample=0.01; total time=   0.8s
[CV] END estimator__learning_rate=0.2, estimator__max_depth=11, estimator__num_leaves=31, estimator__subsample=0.2; total time=   1.5s
[CV] END estimator__learning_rate=0.2, estimator__max_depth=12, estimator__num_leaves=8, estimator__subsample=0.1; total time=   0.6s
[CV] END estimator__learning_rate=0.2, estimator__max_depth=12, estimator__num_leaves=31, estimator__subsample=0.001; total time=   1.6s
[CV] END estimator__learning_rate=0.2, estimator__max_depth=13, estimator__num_leaves=6, estimator__subsample=0.2; total time=   0.5s
[CV] END estimator__learning_rate=0.2, estimator__max_depth=13, estimator__num_leaves=10, estimator__subsample=0.01; total time=   0.8s
[CV] END estimator__learning_rate=0.2, estimator__max_depth=14, estimator__num_leaves=2, estimator__subsample=0.001; total time=   0.0s
[CV] END estimator__learning_rate=0.2, estimator__max_depth=14, estimator__num_leaves=2, estimator__subsample=0.001; total time=   0.1s
[CV] END estimator__learning_rate=0.2, estimator__max_depth=14, estimator__num_leaves=2, estimator__subsample=0.1; total time=   0.1s
[CV] END estimator__learning_rate=0.2, estimator__max_depth=14, estimator__num_leaves=4, estimator__subsample=0.01; total time=   0.2s
[CV] END estimator__learning_rate=0.2, estimator__max_depth=14, estimator__num_leaves=4, estimator__subsample=0.2; total time=   0.2s
[CV] END estimator__learning_rate=0.2, estimator__max_depth=14, estimator__num_leaves=6, estimator__subsample=0.1; total time=   0.4s
[CV] END estimator__learning_rate=0.2, estimator__max_depth=14, estimator__num_leaves=10, estimator__subsample=0.001; total time=   0.8s
[CV] END estimator__learning_rate=0.2, estimator__max_depth=14, estimator__num_leaves=31, estimator__subsample=0.2; total time=   1.6s
[CV] END estimator__learning_rate=0.39, estimator__max_depth=10, estimator__num_leaves=8, estimator__subsample=0.1; total time=   0.6s
[CV] END estimator__learning_rate=0.39, estimator__max_depth=10, estimator__num_leaves=31, estimator__subsample=0.001; total time=   1.5s
[CV] END estimator__learning_rate=0.39, estimator__max_depth=11, estimator__num_leaves=6, estimator__subsample=0.2; total time=   0.4s
[CV] END estimator__learning_rate=0.39, estimator__max_depth=11, estimator__num_leaves=10, estimator__subsample=0.01; total time=   0.8s
[CV] END estimator__learning_rate=0.39, estimator__max_depth=11, estimator__num_leaves=31, estimator__subsample=0.2; total time=   1.5s
[CV] END estimator__learning_rate=0.39, estimator__max_depth=12, estimator__num_leaves=8, estimator__subsample=0.2; total time=   0.6s
[CV] END estimator__learning_rate=0.39, estimator__max_depth=12, estimator__num_leaves=31, estimator__subsample=0.01; total time=   1.9s
[CV] END estimator__learning_rate=0.39, estimator__max_depth=13, estimator__num_leaves=10, estimator__subsample=0.001; total time=   0.8s
[CV] END estimator__learning_rate=0.39, estimator__max_depth=13, estimator__num_leaves=31, estimator__subsample=0.1; total time=   1.5s
[CV] END estimator__learning_rate=0.39, estimator__max_depth=14, estimator__num_leaves=8, estimator__subsample=0.01; total time=   0.6s
[CV] END estimator__learning_rate=0.39, estimator__max_depth=14, estimator__num_leaves=31, estimator__subsample=0.001; total time=   1.5s
[CV] END estimator__learning_rate=0.58, estimator__max_depth=10, estimator__num_leaves=6, estimator__subsample=0.1; total time=   0.5s
[CV] END estimator__learning_rate=0.58, estimator__max_depth=10, estimator__num_leaves=10, estimator__subsample=0.001; total time=   0.7s
[CV] END estimator__learning_rate=0.58, estimator__max_depth=10, estimator__num_leaves=31, estimator__subsample=0.2; total time=   1.5s
[CV] END estimator__learning_rate=0.58, estimator__max_depth=11, estimator__num_leaves=8, estimator__subsample=0.1; total time=   0.6s
[CV] END estimator__learning_rate=0.58, estimator__max_depth=11, estimator__num_leaves=31, estimator__subsample=0.001; total time=   1.5s
[CV] END estimator__learning_rate=0.58, estimator__max_depth=12, estimator__num_leaves=6, estimator__subsample=0.2; total time=   0.4s
[CV] END estimator__learning_rate=0.58, estimator__max_depth=12, estimator__num_leaves=10, estimator__subsample=0.01; total time=   0.9s[CV] END estimator__learning_rate=0.01, estimator__max_depth=10, estimator__num_leaves=2, estimator__subsample=0.2; total time=   4.2s
[CV] END estimator__learning_rate=0.01, estimator__max_depth=10, estimator__num_leaves=6, estimator__subsample=0.1; total time=   0.2s
[CV] END estimator__learning_rate=0.01, estimator__max_depth=10, estimator__num_leaves=8, estimator__subsample=0.1; total time=   0.4s
[CV] END estimator__learning_rate=0.01, estimator__max_depth=10, estimator__num_leaves=10, estimator__subsample=0.01; total time=   1.1s
[CV] END estimator__learning_rate=0.01, estimator__max_depth=10, estimator__num_leaves=31, estimator__subsample=0.2; total time=   1.6s
[CV] END estimator__learning_rate=0.01, estimator__max_depth=11, estimator__num_leaves=10, estimator__subsample=0.01; total time=   0.8s
[CV] END estimator__learning_rate=0.01, estimator__max_depth=11, estimator__num_leaves=31, estimator__subsample=0.2; total time=   1.5s
[CV] END estimator__learning_rate=0.01, estimator__max_depth=12, estimator__num_leaves=8, estimator__subsample=0.1; total time=   0.6s
[CV] END estimator__learning_rate=0.01, estimator__max_depth=12, estimator__num_leaves=31, estimator__subsample=0.001; total time=   1.5s
[CV] END estimator__learning_rate=0.01, estimator__max_depth=13, estimator__num_leaves=6, estimator__subsample=0.1; total time=   0.5s
[CV] END estimator__learning_rate=0.01, estimator__max_depth=13, estimator__num_leaves=10, estimator__subsample=0.01; total time=   0.8s
[CV] END estimator__learning_rate=0.01, estimator__max_depth=13, estimator__num_leaves=31, estimator__subsample=0.2; total time=   1.6s
[CV] END estimator__learning_rate=0.01, estimator__max_depth=14, estimator__num_leaves=8, estimator__subsample=0.1; total time=   0.6s
[CV] END estimator__learning_rate=0.01, estimator__max_depth=14, estimator__num_leaves=31, estimator__subsample=0.01; total time=   1.6s
[CV] END estimator__learning_rate=0.2, estimator__max_depth=10, estimator__num_leaves=8, estimator__subsample=0.001; total time=   0.6s
[CV] END estimator__learning_rate=0.2, estimator__max_depth=10, estimator__num_leaves=10, estimator__subsample=0.1; total time=   0.8s
[CV] END estimator__learning_rate=0.2, estimator__max_depth=11, estimator__num_leaves=2, estimator__subsample=0.01; total time=   0.1s
[CV] END estimator__learning_rate=0.2, estimator__max_depth=11, estimator__num_leaves=2, estimator__subsample=0.2; total time=   0.1s
[CV] END estimator__learning_rate=0.2, estimator__max_depth=11, estimator__num_leaves=4, estimator__subsample=0.1; total time=   0.2s
[CV] END estimator__learning_rate=0.2, estimator__max_depth=11, estimator__num_leaves=6, estimator__subsample=0.001; total time=   0.4s
[CV] END estimator__learning_rate=0.2, estimator__max_depth=11, estimator__num_leaves=8, estimator__subsample=0.01; total time=   0.6s
[CV] END estimator__learning_rate=0.2, estimator__max_depth=11, estimator__num_leaves=10, estimator__subsample=0.2; total time=   0.8s
[CV] END estimator__learning_rate=0.2, estimator__max_depth=12, estimator__num_leaves=2, estimator__subsample=0.2; total time=   0.1s
[CV] END estimator__learning_rate=0.2, estimator__max_depth=12, estimator__num_leaves=4, estimator__subsample=0.01; total time=   0.2s
[CV] END estimator__learning_rate=0.2, estimator__max_depth=12, estimator__num_leaves=4, estimator__subsample=0.2; total time=   0.2s
[CV] END estimator__learning_rate=0.2, estimator__max_depth=12, estimator__num_leaves=6, estimator__subsample=0.1; total time=   0.4s
[CV] END estimator__learning_rate=0.2, estimator__max_depth=12, estimator__num_leaves=10, estimator__subsample=0.001; total time=   0.7s
[CV] END estimator__learning_rate=0.2, estimator__max_depth=12, estimator__num_leaves=31, estimator__subsample=0.1; total time=   1.6s
[CV] END estimator__learning_rate=0.2, estimator__max_depth=13, estimator__num_leaves=8, estimator__subsample=0.01; total time=   0.6s
[CV] END estimator__learning_rate=0.2, estimator__max_depth=13, estimator__num_leaves=31, estimator__subsample=0.001; total time=   1.6s
[CV] END estimator__learning_rate=0.2, estimator__max_depth=14, estimator__num_leaves=6, estimator__subsample=0.1; total time=   0.4s
[CV] END estimator__learning_rate=0.2, estimator__max_depth=14, estimator__num_leaves=10, estimator__subsample=0.001; total time=   0.8s
[CV] END estimator__learning_rate=0.2, estimator__max_depth=14, estimator__num_leaves=31, estimator__subsample=0.2; total time=   1.6s
[CV] END estimator__learning_rate=0.39, estimator__max_depth=10, estimator__num_leaves=8, estimator__subsample=0.1; total time=   0.6s
[CV] END estimator__learning_rate=0.39, estimator__max_depth=10, estimator__num_leaves=31, estimator__subsample=0.001; total time=   1.5s
[CV] END estimator__learning_rate=0.39, estimator__max_depth=11, estimator__num_leaves=6, estimator__subsample=0.2; total time=   0.4s
[CV] END estimator__learning_rate=0.39, estimator__max_depth=11, estimator__num_leaves=10, estimator__subsample=0.01; total time=   0.8s
[CV] END estimator__learning_rate=0.39, estimator__max_depth=11, estimator__num_leaves=31, estimator__subsample=0.2; total time=   1.6s
[CV] END estimator__learning_rate=0.39, estimator__max_depth=12, estimator__num_leaves=8, estimator__subsample=0.2; total time=   0.6s
[CV] END estimator__learning_rate=0.39, estimator__max_depth=12, estimator__num_leaves=31, estimator__subsample=0.01; total time=   1.5s
[CV] END estimator__learning_rate=0.39, estimator__max_depth=13, estimator__num_leaves=6, estimator__subsample=0.2; total time=   0.4s
[CV] END estimator__learning_rate=0.39, estimator__max_depth=13, estimator__num_leaves=10, estimator__subsample=0.1; total time=   0.7s
[CV] END estimator__learning_rate=0.39, estimator__max_depth=14, estimator__num_leaves=2, estimator__subsample=0.001; total time=   0.0s
[CV] END estimator__learning_rate=0.39, estimator__max_depth=14, estimator__num_leaves=2, estimator__subsample=0.01; total time=   0.1s
[CV] END estimator__learning_rate=0.39, estimator__max_depth=14, estimator__num_leaves=2, estimator__subsample=0.2; total time=   0.1s
[CV] END estimator__learning_rate=0.39, estimator__max_depth=14, estimator__num_leaves=4, estimator__subsample=0.01; total time=   0.2s
[CV] END estimator__learning_rate=0.39, estimator__max_depth=14, estimator__num_leaves=6, estimator__subsample=0.001; total time=   0.4s
[CV] END estimator__learning_rate=0.39, estimator__max_depth=14, estimator__num_leaves=8, estimator__subsample=0.001; total time=   0.6s
[CV] END estimator__learning_rate=0.39, estimator__max_depth=14, estimator__num_leaves=10, estimator__subsample=0.1; total time=   0.7s
[CV] END estimator__learning_rate=0.58, estimator__max_depth=10, estimator__num_leaves=2, estimator__subsample=0.1; total time=   0.1s
[CV] END estimator__learning_rate=0.58, estimator__max_depth=10, estimator__num_leaves=4, estimator__subsample=0.001; total time=   0.2s
[CV] END estimator__learning_rate=0.58, estimator__max_depth=10, estimator__num_leaves=4, estimator__subsample=0.1; total time=   0.2s
[CV] END estimator__learning_rate=0.58, estimator__max_depth=10, estimator__num_leaves=6, estimator__subsample=0.01; total time=   0.4s
[CV] END estimator__learning_rate=0.58, estimator__max_depth=10, estimator__num_leaves=8, estimator__subsample=0.1; total time=   0.6s
[CV] END estimator__learning_rate=0.58, estimator__max_depth=10, estimator__num_leaves=31, estimator__subsample=0.001; total time=   1.5s
[CV] END estimator__learning_rate=0.58, estimator__max_depth=11, estimator__num_leaves=6, estimator__subsample=0.2; total time=   0.4s
[CV] END estimator__learning_rate=0.58, estimator__max_depth=11, estimator__num_leaves=10, estimator__subsample=0.01; total time=   0.7s
[CV] END estimator__learning_rate=0.58, estimator__max_depth=11, estimator__num_leaves=31, estimator__subsample=0.2; total time=   1.5s
[CV] END estimator__learning_rate=0.58, estimator__max_depth=12, estimator__num_leaves=8, estimator__subsample=0.2; total time=   0.6s
[CV] END estimator__learning_rate=0.58, estimator__max_depth=12, estimator__num_leaves=31, estimator__subsample=0.01; total time=   1.5s[CV] END estimator__learning_rate=0.01, estimator__max_depth=10, estimator__num_leaves=2, estimator__subsample=0.001; total time=   4.4s
[CV] END estimator__learning_rate=0.01, estimator__max_depth=10, estimator__num_leaves=10, estimator__subsample=0.1; total time=   1.0s
[CV] END estimator__learning_rate=0.01, estimator__max_depth=11, estimator__num_leaves=2, estimator__subsample=0.01; total time=   0.1s
[CV] END estimator__learning_rate=0.01, estimator__max_depth=11, estimator__num_leaves=2, estimator__subsample=0.2; total time=   0.1s
[CV] END estimator__learning_rate=0.01, estimator__max_depth=11, estimator__num_leaves=4, estimator__subsample=0.01; total time=   0.2s
[CV] END estimator__learning_rate=0.01, estimator__max_depth=11, estimator__num_leaves=6, estimator__subsample=0.001; total time=   0.4s
[CV] END estimator__learning_rate=0.01, estimator__max_depth=11, estimator__num_leaves=8, estimator__subsample=0.01; total time=   0.6s
[CV] END estimator__learning_rate=0.01, estimator__max_depth=11, estimator__num_leaves=10, estimator__subsample=0.2; total time=   0.8s
[CV] END estimator__learning_rate=0.01, estimator__max_depth=12, estimator__num_leaves=2, estimator__subsample=0.2; total time=   0.1s
[CV] END estimator__learning_rate=0.01, estimator__max_depth=12, estimator__num_leaves=4, estimator__subsample=0.1; total time=   0.2s
[CV] END estimator__learning_rate=0.01, estimator__max_depth=12, estimator__num_leaves=6, estimator__subsample=0.001; total time=   0.4s
[CV] END estimator__learning_rate=0.01, estimator__max_depth=12, estimator__num_leaves=8, estimator__subsample=0.01; total time=   0.8s
[CV] END estimator__learning_rate=0.01, estimator__max_depth=12, estimator__num_leaves=31, estimator__subsample=0.01; total time=   1.5s
[CV] END estimator__learning_rate=0.01, estimator__max_depth=13, estimator__num_leaves=6, estimator__subsample=0.2; total time=   0.5s
[CV] END estimator__learning_rate=0.01, estimator__max_depth=13, estimator__num_leaves=10, estimator__subsample=0.01; total time=   0.8s
[CV] END estimator__learning_rate=0.01, estimator__max_depth=13, estimator__num_leaves=31, estimator__subsample=0.2; total time=   1.5s
[CV] END estimator__learning_rate=0.01, estimator__max_depth=14, estimator__num_leaves=8, estimator__subsample=0.1; total time=   0.8s
[CV] END estimator__learning_rate=0.01, estimator__max_depth=14, estimator__num_leaves=31, estimator__subsample=0.1; total time=   1.5s
[CV] END estimator__learning_rate=0.2, estimator__max_depth=10, estimator__num_leaves=8, estimator__subsample=0.01; total time=   0.6s
[CV] END estimator__learning_rate=0.2, estimator__max_depth=10, estimator__num_leaves=10, estimator__subsample=0.2; total time=   0.8s
[CV] END estimator__learning_rate=0.2, estimator__max_depth=11, estimator__num_leaves=2, estimator__subsample=0.2; total time=   0.1s
[CV] END estimator__learning_rate=0.2, estimator__max_depth=11, estimator__num_leaves=4, estimator__subsample=0.01; total time=   0.2s
[CV] END estimator__learning_rate=0.2, estimator__max_depth=11, estimator__num_leaves=4, estimator__subsample=0.2; total time=   0.2s
[CV] END estimator__learning_rate=0.2, estimator__max_depth=11, estimator__num_leaves=6, estimator__subsample=0.1; total time=   0.4s
[CV] END estimator__learning_rate=0.2, estimator__max_depth=11, estimator__num_leaves=10, estimator__subsample=0.001; total time=   0.8s
[CV] END estimator__learning_rate=0.2, estimator__max_depth=11, estimator__num_leaves=31, estimator__subsample=0.2; total time=   1.6s
[CV] END estimator__learning_rate=0.2, estimator__max_depth=12, estimator__num_leaves=8, estimator__subsample=0.1; total time=   0.6s
[CV] END estimator__learning_rate=0.2, estimator__max_depth=12, estimator__num_leaves=31, estimator__subsample=0.001; total time=   1.6s
[CV] END estimator__learning_rate=0.2, estimator__max_depth=13, estimator__num_leaves=6, estimator__subsample=0.2; total time=   0.4s
[CV] END estimator__learning_rate=0.2, estimator__max_depth=13, estimator__num_leaves=10, estimator__subsample=0.01; total time=   0.7s
[CV] END estimator__learning_rate=0.2, estimator__max_depth=13, estimator__num_leaves=31, estimator__subsample=0.2; total time=   1.6s
[CV] END estimator__learning_rate=0.2, estimator__max_depth=14, estimator__num_leaves=8, estimator__subsample=0.2; total time=   0.6s
[CV] END estimator__learning_rate=0.2, estimator__max_depth=14, estimator__num_leaves=31, estimator__subsample=0.1; total time=   1.6s
[CV] END estimator__learning_rate=0.39, estimator__max_depth=10, estimator__num_leaves=8, estimator__subsample=0.001; total time=   0.6s
[CV] END estimator__learning_rate=0.39, estimator__max_depth=10, estimator__num_leaves=10, estimator__subsample=0.1; total time=   0.8s
[CV] END estimator__learning_rate=0.39, estimator__max_depth=11, estimator__num_leaves=2, estimator__subsample=0.01; total time=   0.1s
[CV] END estimator__learning_rate=0.39, estimator__max_depth=11, estimator__num_leaves=2, estimator__subsample=0.2; total time=   0.1s
[CV] END estimator__learning_rate=0.39, estimator__max_depth=11, estimator__num_leaves=4, estimator__subsample=0.1; total time=   0.2s
[CV] END estimator__learning_rate=0.39, estimator__max_depth=11, estimator__num_leaves=6, estimator__subsample=0.001; total time=   0.4s
[CV] END estimator__learning_rate=0.39, estimator__max_depth=11, estimator__num_leaves=8, estimator__subsample=0.01; total time=   0.6s
[CV] END estimator__learning_rate=0.39, estimator__max_depth=11, estimator__num_leaves=10, estimator__subsample=0.2; total time=   0.8s
[CV] END estimator__learning_rate=0.39, estimator__max_depth=12, estimator__num_leaves=2, estimator__subsample=0.1; total time=   0.1s
[CV] END estimator__learning_rate=0.39, estimator__max_depth=12, estimator__num_leaves=4, estimator__subsample=0.001; total time=   0.2s
[CV] END estimator__learning_rate=0.39, estimator__max_depth=12, estimator__num_leaves=4, estimator__subsample=0.2; total time=   0.2s
[CV] END estimator__learning_rate=0.39, estimator__max_depth=12, estimator__num_leaves=6, estimator__subsample=0.01; total time=   0.4s
[CV] END estimator__learning_rate=0.39, estimator__max_depth=12, estimator__num_leaves=10, estimator__subsample=0.001; total time=   0.7s
[CV] END estimator__learning_rate=0.39, estimator__max_depth=12, estimator__num_leaves=31, estimator__subsample=0.1; total time=   1.6s
[CV] END estimator__learning_rate=0.39, estimator__max_depth=13, estimator__num_leaves=8, estimator__subsample=0.01; total time=   0.6s
[CV] END estimator__learning_rate=0.39, estimator__max_depth=13, estimator__num_leaves=31, estimator__subsample=0.001; total time=   1.5s
[CV] END estimator__learning_rate=0.39, estimator__max_depth=14, estimator__num_leaves=6, estimator__subsample=0.1; total time=   0.4s
[CV] END estimator__learning_rate=0.39, estimator__max_depth=14, estimator__num_leaves=10, estimator__subsample=0.001; total time=   0.7s
[CV] END estimator__learning_rate=0.39, estimator__max_depth=14, estimator__num_leaves=31, estimator__subsample=0.2; total time=   1.5s
[CV] END estimator__learning_rate=0.58, estimator__max_depth=10, estimator__num_leaves=8, estimator__subsample=0.1; total time=   0.6s
[CV] END estimator__learning_rate=0.58, estimator__max_depth=10, estimator__num_leaves=31, estimator__subsample=0.001; total time=   1.5s
[CV] END estimator__learning_rate=0.58, estimator__max_depth=11, estimator__num_leaves=6, estimator__subsample=0.1; total time=   0.4s
[CV] END estimator__learning_rate=0.58, estimator__max_depth=11, estimator__num_leaves=10, estimator__subsample=0.01; total time=   0.7s
[CV] END estimator__learning_rate=0.58, estimator__max_depth=11, estimator__num_leaves=31, estimator__subsample=0.2; total time=   1.5s
[CV] END estimator__learning_rate=0.58, estimator__max_depth=12, estimator__num_leaves=8, estimator__subsample=0.2; total time=   0.6s
[CV] END estimator__learning_rate=0.58, estimator__max_depth=12, estimator__num_leaves=31, estimator__subsample=0.1; total time=   1.5s
[CV] END estimator__learning_rate=0.58, estimator__max_depth=13, estimator__num_leaves=8, estimator__subsample=0.001; total time=   0.6s[CV] END estimator__learning_rate=0.01, estimator__max_depth=10, estimator__num_leaves=2, estimator__subsample=0.01; total time=   4.2s
[CV] END estimator__learning_rate=0.01, estimator__max_depth=10, estimator__num_leaves=8, estimator__subsample=0.001; total time=   0.3s
[CV] END estimator__learning_rate=0.01, estimator__max_depth=10, estimator__num_leaves=10, estimator__subsample=0.001; total time=   1.1s
[CV] END estimator__learning_rate=0.01, estimator__max_depth=10, estimator__num_leaves=31, estimator__subsample=0.1; total time=   1.6s
[CV] END estimator__learning_rate=0.01, estimator__max_depth=11, estimator__num_leaves=8, estimator__subsample=0.01; total time=   0.6s
[CV] END estimator__learning_rate=0.01, estimator__max_depth=11, estimator__num_leaves=31, estimator__subsample=0.001; total time=   1.6s
[CV] END estimator__learning_rate=0.01, estimator__max_depth=12, estimator__num_leaves=6, estimator__subsample=0.2; total time=   0.5s
[CV] END estimator__learning_rate=0.01, estimator__max_depth=12, estimator__num_leaves=10, estimator__subsample=0.01; total time=   0.8s
[CV] END estimator__learning_rate=0.01, estimator__max_depth=12, estimator__num_leaves=31, estimator__subsample=0.2; total time=   1.5s
[CV] END estimator__learning_rate=0.01, estimator__max_depth=13, estimator__num_leaves=8, estimator__subsample=0.1; total time=   0.6s
[CV] END estimator__learning_rate=0.01, estimator__max_depth=13, estimator__num_leaves=31, estimator__subsample=0.01; total time=   1.6s
[CV] END estimator__learning_rate=0.01, estimator__max_depth=14, estimator__num_leaves=8, estimator__subsample=0.001; total time=   0.6s
[CV] END estimator__learning_rate=0.01, estimator__max_depth=14, estimator__num_leaves=10, estimator__subsample=0.1; total time=   0.8s
[CV] END estimator__learning_rate=0.2, estimator__max_depth=10, estimator__num_leaves=2, estimator__subsample=0.01; total time=   0.1s
[CV] END estimator__learning_rate=0.2, estimator__max_depth=10, estimator__num_leaves=2, estimator__subsample=0.2; total time=   0.1s
[CV] END estimator__learning_rate=0.2, estimator__max_depth=10, estimator__num_leaves=4, estimator__subsample=0.1; total time=   0.2s
[CV] END estimator__learning_rate=0.2, estimator__max_depth=10, estimator__num_leaves=6, estimator__subsample=0.001; total time=   0.4s
[CV] END estimator__learning_rate=0.2, estimator__max_depth=10, estimator__num_leaves=8, estimator__subsample=0.01; total time=   0.6s
[CV] END estimator__learning_rate=0.2, estimator__max_depth=10, estimator__num_leaves=10, estimator__subsample=0.2; total time=   0.8s
[CV] END estimator__learning_rate=0.2, estimator__max_depth=11, estimator__num_leaves=2, estimator__subsample=0.1; total time=   0.1s
[CV] END estimator__learning_rate=0.2, estimator__max_depth=11, estimator__num_leaves=4, estimator__subsample=0.01; total time=   0.2s
[CV] END estimator__learning_rate=0.2, estimator__max_depth=11, estimator__num_leaves=4, estimator__subsample=0.2; total time=   0.2s
[CV] END estimator__learning_rate=0.2, estimator__max_depth=11, estimator__num_leaves=6, estimator__subsample=0.01; total time=   0.4s
[CV] END estimator__learning_rate=0.2, estimator__max_depth=11, estimator__num_leaves=10, estimator__subsample=0.001; total time=   0.7s
[CV] END estimator__learning_rate=0.2, estimator__max_depth=11, estimator__num_leaves=31, estimator__subsample=0.1; total time=   1.6s
[CV] END estimator__learning_rate=0.2, estimator__max_depth=12, estimator__num_leaves=8, estimator__subsample=0.01; total time=   0.6s
[CV] END estimator__learning_rate=0.2, estimator__max_depth=12, estimator__num_leaves=31, estimator__subsample=0.001; total time=   1.6s
[CV] END estimator__learning_rate=0.2, estimator__max_depth=13, estimator__num_leaves=6, estimator__subsample=0.1; total time=   0.4s
[CV] END estimator__learning_rate=0.2, estimator__max_depth=13, estimator__num_leaves=10, estimator__subsample=0.01; total time=   0.7s
[CV] END estimator__learning_rate=0.2, estimator__max_depth=13, estimator__num_leaves=31, estimator__subsample=0.2; total time=   1.6s
[CV] END estimator__learning_rate=0.2, estimator__max_depth=14, estimator__num_leaves=8, estimator__subsample=0.2; total time=   0.6s
[CV] END estimator__learning_rate=0.2, estimator__max_depth=14, estimator__num_leaves=31, estimator__subsample=0.01; total time=   1.9s
[CV] END estimator__learning_rate=0.39, estimator__max_depth=10, estimator__num_leaves=10, estimator__subsample=0.001; total time=   0.7s
[CV] END estimator__learning_rate=0.39, estimator__max_depth=10, estimator__num_leaves=31, estimator__subsample=0.1; total time=   1.6s
[CV] END estimator__learning_rate=0.39, estimator__max_depth=11, estimator__num_leaves=8, estimator__subsample=0.01; total time=   0.6s
[CV] END estimator__learning_rate=0.39, estimator__max_depth=11, estimator__num_leaves=31, estimator__subsample=0.001; total time=   1.5s
[CV] END estimator__learning_rate=0.39, estimator__max_depth=12, estimator__num_leaves=6, estimator__subsample=0.1; total time=   0.4s
[CV] END estimator__learning_rate=0.39, estimator__max_depth=12, estimator__num_leaves=10, estimator__subsample=0.01; total time=   0.7s
[CV] END estimator__learning_rate=0.39, estimator__max_depth=12, estimator__num_leaves=31, estimator__subsample=0.2; total time=   1.6s
[CV] END estimator__learning_rate=0.39, estimator__max_depth=13, estimator__num_leaves=8, estimator__subsample=0.2; total time=   0.6s
[CV] END estimator__learning_rate=0.39, estimator__max_depth=13, estimator__num_leaves=31, estimator__subsample=0.01; total time=   1.5s
[CV] END estimator__learning_rate=0.39, estimator__max_depth=14, estimator__num_leaves=6, estimator__subsample=0.2; total time=   0.5s
[CV] END estimator__learning_rate=0.39, estimator__max_depth=14, estimator__num_leaves=10, estimator__subsample=0.1; total time=   0.7s
[CV] END estimator__learning_rate=0.58, estimator__max_depth=10, estimator__num_leaves=2, estimator__subsample=0.001; total time=   0.0s
[CV] END estimator__learning_rate=0.58, estimator__max_depth=10, estimator__num_leaves=2, estimator__subsample=0.01; total time=   0.1s
[CV] END estimator__learning_rate=0.58, estimator__max_depth=10, estimator__num_leaves=2, estimator__subsample=0.2; total time=   0.1s
[CV] END estimator__learning_rate=0.58, estimator__max_depth=10, estimator__num_leaves=4, estimator__subsample=0.1; total time=   0.2s
[CV] END estimator__learning_rate=0.58, estimator__max_depth=10, estimator__num_leaves=6, estimator__subsample=0.001; total time=   0.4s
[CV] END estimator__learning_rate=0.58, estimator__max_depth=10, estimator__num_leaves=8, estimator__subsample=0.001; total time=   0.6s
[CV] END estimator__learning_rate=0.58, estimator__max_depth=10, estimator__num_leaves=10, estimator__subsample=0.2; total time=   0.7s
[CV] END estimator__learning_rate=0.58, estimator__max_depth=11, estimator__num_leaves=2, estimator__subsample=0.1; total time=   0.1s
[CV] END estimator__learning_rate=0.58, estimator__max_depth=11, estimator__num_leaves=4, estimator__subsample=0.001; total time=   0.2s
[CV] END estimator__learning_rate=0.58, estimator__max_depth=11, estimator__num_leaves=4, estimator__subsample=0.1; total time=   0.2s
[CV] END estimator__learning_rate=0.58, estimator__max_depth=11, estimator__num_leaves=6, estimator__subsample=0.1; total time=   0.4s
[CV] END estimator__learning_rate=0.58, estimator__max_depth=11, estimator__num_leaves=10, estimator__subsample=0.001; total time=   0.7s
[CV] END estimator__learning_rate=0.58, estimator__max_depth=11, estimator__num_leaves=31, estimator__subsample=0.1; total time=   1.5s
[CV] END estimator__learning_rate=0.58, estimator__max_depth=12, estimator__num_leaves=8, estimator__subsample=0.01; total time=   0.6s
[CV] END estimator__learning_rate=0.58, estimator__max_depth=12, estimator__num_leaves=31, estimator__subsample=0.001; total time=   1.5s
[CV] END estimator__learning_rate=0.58, estimator__max_depth=13, estimator__num_leaves=6, estimator__subsample=0.2; total time=   0.4s
[CV] END estimator__learning_rate=0.58, estimator__max_depth=13, estimator__num_leaves=10, estimator__subsample=0.01; total time=   0.7s[CV] END estimator__learning_rate=0.01, estimator__max_depth=10, estimator__num_leaves=4, estimator__subsample=0.1; total time=   4.7s
[CV] END estimator__learning_rate=0.01, estimator__max_depth=10, estimator__num_leaves=10, estimator__subsample=0.2; total time=   0.8s
[CV] END estimator__learning_rate=0.01, estimator__max_depth=11, estimator__num_leaves=2, estimator__subsample=0.1; total time=   0.1s
[CV] END estimator__learning_rate=0.01, estimator__max_depth=11, estimator__num_leaves=4, estimator__subsample=0.001; total time=   0.2s
[CV] END estimator__learning_rate=0.01, estimator__max_depth=11, estimator__num_leaves=4, estimator__subsample=0.2; total time=   0.3s
[CV] END estimator__learning_rate=0.01, estimator__max_depth=11, estimator__num_leaves=6, estimator__subsample=0.1; total time=   0.4s
[CV] END estimator__learning_rate=0.01, estimator__max_depth=11, estimator__num_leaves=10, estimator__subsample=0.001; total time=   0.8s
[CV] END estimator__learning_rate=0.01, estimator__max_depth=11, estimator__num_leaves=31, estimator__subsample=0.1; total time=   1.6s
[CV] END estimator__learning_rate=0.01, estimator__max_depth=12, estimator__num_leaves=8, estimator__subsample=0.1; total time=   0.6s
[CV] END estimator__learning_rate=0.01, estimator__max_depth=12, estimator__num_leaves=31, estimator__subsample=0.001; total time=   1.6s
[CV] END estimator__learning_rate=0.01, estimator__max_depth=13, estimator__num_leaves=6, estimator__subsample=0.2; total time=   0.5s
[CV] END estimator__learning_rate=0.01, estimator__max_depth=13, estimator__num_leaves=10, estimator__subsample=0.01; total time=   0.8s
[CV] END estimator__learning_rate=0.01, estimator__max_depth=13, estimator__num_leaves=31, estimator__subsample=0.2; total time=   1.5s
[CV] END estimator__learning_rate=0.01, estimator__max_depth=14, estimator__num_leaves=8, estimator__subsample=0.1; total time=   0.6s
[CV] END estimator__learning_rate=0.01, estimator__max_depth=14, estimator__num_leaves=31, estimator__subsample=0.001; total time=   1.5s
[CV] END estimator__learning_rate=0.2, estimator__max_depth=10, estimator__num_leaves=6, estimator__subsample=0.1; total time=   0.4s
[CV] END estimator__learning_rate=0.2, estimator__max_depth=10, estimator__num_leaves=10, estimator__subsample=0.001; total time=   0.8s
[CV] END estimator__learning_rate=0.2, estimator__max_depth=10, estimator__num_leaves=31, estimator__subsample=0.1; total time=   1.5s
[CV] END estimator__learning_rate=0.2, estimator__max_depth=11, estimator__num_leaves=8, estimator__subsample=0.1; total time=   0.6s
[CV] END estimator__learning_rate=0.2, estimator__max_depth=11, estimator__num_leaves=31, estimator__subsample=0.001; total time=   1.5s
[CV] END estimator__learning_rate=0.2, estimator__max_depth=12, estimator__num_leaves=6, estimator__subsample=0.2; total time=   0.4s
[CV] END estimator__learning_rate=0.2, estimator__max_depth=12, estimator__num_leaves=10, estimator__subsample=0.01; total time=   0.7s
[CV] END estimator__learning_rate=0.2, estimator__max_depth=12, estimator__num_leaves=31, estimator__subsample=0.2; total time=   1.6s
[CV] END estimator__learning_rate=0.2, estimator__max_depth=13, estimator__num_leaves=8, estimator__subsample=0.2; total time=   0.6s
[CV] END estimator__learning_rate=0.2, estimator__max_depth=13, estimator__num_leaves=31, estimator__subsample=0.1; total time=   1.6s
[CV] END estimator__learning_rate=0.2, estimator__max_depth=14, estimator__num_leaves=8, estimator__subsample=0.001; total time=   0.6s
[CV] END estimator__learning_rate=0.2, estimator__max_depth=14, estimator__num_leaves=10, estimator__subsample=0.1; total time=   0.8s
[CV] END estimator__learning_rate=0.39, estimator__max_depth=10, estimator__num_leaves=2, estimator__subsample=0.01; total time=   0.1s
[CV] END estimator__learning_rate=0.39, estimator__max_depth=10, estimator__num_leaves=4, estimator__subsample=0.001; total time=   0.3s
[CV] END estimator__learning_rate=0.39, estimator__max_depth=10, estimator__num_leaves=4, estimator__subsample=0.2; total time=   0.2s
[CV] END estimator__learning_rate=0.39, estimator__max_depth=10, estimator__num_leaves=6, estimator__subsample=0.1; total time=   0.4s
[CV] END estimator__learning_rate=0.39, estimator__max_depth=10, estimator__num_leaves=10, estimator__subsample=0.001; total time=   0.7s
[CV] END estimator__learning_rate=0.39, estimator__max_depth=10, estimator__num_leaves=31, estimator__subsample=0.1; total time=   1.6s
[CV] END estimator__learning_rate=0.39, estimator__max_depth=11, estimator__num_leaves=8, estimator__subsample=0.1; total time=   0.6s
[CV] END estimator__learning_rate=0.39, estimator__max_depth=11, estimator__num_leaves=31, estimator__subsample=0.001; total time=   1.5s
[CV] END estimator__learning_rate=0.39, estimator__max_depth=12, estimator__num_leaves=6, estimator__subsample=0.2; total time=   0.4s
[CV] END estimator__learning_rate=0.39, estimator__max_depth=12, estimator__num_leaves=10, estimator__subsample=0.01; total time=   0.7s
[CV] END estimator__learning_rate=0.39, estimator__max_depth=12, estimator__num_leaves=31, estimator__subsample=0.2; total time=   1.5s
[CV] END estimator__learning_rate=0.39, estimator__max_depth=13, estimator__num_leaves=8, estimator__subsample=0.1; total time=   0.6s
[CV] END estimator__learning_rate=0.39, estimator__max_depth=13, estimator__num_leaves=31, estimator__subsample=0.001; total time=   1.5s
[CV] END estimator__learning_rate=0.39, estimator__max_depth=14, estimator__num_leaves=6, estimator__subsample=0.1; total time=   0.5s
[CV] END estimator__learning_rate=0.39, estimator__max_depth=14, estimator__num_leaves=10, estimator__subsample=0.01; total time=   0.7s
[CV] END estimator__learning_rate=0.39, estimator__max_depth=14, estimator__num_leaves=31, estimator__subsample=0.2; total time=   1.6s
[CV] END estimator__learning_rate=0.58, estimator__max_depth=10, estimator__num_leaves=8, estimator__subsample=0.2; total time=   0.6s
[CV] END estimator__learning_rate=0.58, estimator__max_depth=10, estimator__num_leaves=31, estimator__subsample=0.1; total time=   1.5s
[CV] END estimator__learning_rate=0.58, estimator__max_depth=11, estimator__num_leaves=8, estimator__subsample=0.001; total time=   0.6s
[CV] END estimator__learning_rate=0.58, estimator__max_depth=11, estimator__num_leaves=10, estimator__subsample=0.1; total time=   0.7s
[CV] END estimator__learning_rate=0.58, estimator__max_depth=12, estimator__num_leaves=2, estimator__subsample=0.01; total time=   0.1s
[CV] END estimator__learning_rate=0.58, estimator__max_depth=12, estimator__num_leaves=2, estimator__subsample=0.1; total time=   0.1s
[CV] END estimator__learning_rate=0.58, estimator__max_depth=12, estimator__num_leaves=4, estimator__subsample=0.01; total time=   0.2s
[CV] END estimator__learning_rate=0.58, estimator__max_depth=12, estimator__num_leaves=4, estimator__subsample=0.2; total time=   0.2s
[CV] END estimator__learning_rate=0.58, estimator__max_depth=12, estimator__num_leaves=6, estimator__subsample=0.1; total time=   0.4s
[CV] END estimator__learning_rate=0.58, estimator__max_depth=12, estimator__num_leaves=10, estimator__subsample=0.01; total time=   0.8s
[CV] END estimator__learning_rate=0.58, estimator__max_depth=12, estimator__num_leaves=31, estimator__subsample=0.2; total time=   1.5s
[CV] END estimator__learning_rate=0.58, estimator__max_depth=13, estimator__num_leaves=8, estimator__subsample=0.1; total time=   0.6s
[CV] END estimator__learning_rate=0.58, estimator__max_depth=13, estimator__num_leaves=31, estimator__subsample=0.001; total time=   1.5s
[CV] END estimator__learning_rate=0.58, estimator__max_depth=14, estimator__num_leaves=6, estimator__subsample=0.2; total time=   0.4s
[CV] END estimator__learning_rate=0.58, estimator__max_depth=14, estimator__num_leaves=10, estimator__subsample=0.01; total time=   0.8s
[CV] END estimator__learning_rate=0.58, estimator__max_depth=14, estimator__num_leaves=31, estimator__subsample=0.2; total time=   1.6s
[CV] END estimator__learning_rate=0.77, estimator__max_depth=10, estimator__num_leaves=8, estimator__subsample=0.2; total time=   0.6sFitting 5 folds for each of 600 candidates, totalling 3000 fits
[DONE] Family fit complete | family=LGBM elapsed=82.86s best_score=0.8839493004200566 best_params={'estimator__learning_rate': 0.2, 'estimator__max_depth': 10, 'estimator__num_leaves': 31, 'estimator__subsample': 0.001}
[INFO] Family evaluation started | family=LGBM targets=1
[DONE] Family evaluation complete | family=LGBM elapsed=0.00s mean_component_mape=1.154% mean_component_mae=0.020969
[INFO] Family ONNX export started | family=LGBM targets=1 estimator=LGBMRegressor
[DONE] Family ONNX export complete | family=LGBM elapsed=0.09s exported=1 failed=0
[DONE] Original-dataset exact validation complete | summary=output/validation_checks/paper_reimplementation_rcim_original_dataset_exact_model_bank_forward_open_cell_repair/2026-04-27-19-27-44__track1_forward_lgbm_phase_h3_open_cell_repair_attempt_01_campaign_run/validation_summary.yaml report=doc/reports/analysis/validation_checks/2026-04-27-19-29-50_paper_reimplementation_rcim_original_dataset_exact_model_bank_forward_open_cell_repair_track1_forward_lgbm_phase_h3_open_cell_repair_attempt_01_campaign_run_original_dataset_exact_model_bank_report.md
[CV] END estimator__learning_rate=0.58, estimator__max_depth=11, estimator__num_leaves=2, estimator__subsample=0.01; total time=   0.0s
[CV] END estimator__learning_rate=0.58, estimator__max_depth=11, estimator__num_leaves=4, estimator__subsample=0.001; total time=   0.2s
[CV] END estimator__learning_rate=0.58, estimator__max_depth=11, estimator__num_leaves=4, estimator__subsample=0.1; total time=   0.2s
[CV] END estimator__learning_rate=0.58, estimator__max_depth=11, estimator__num_leaves=6, estimator__subsample=0.001; total time=   0.4s
[CV] END estimator__learning_rate=0.58, estimator__max_depth=11, estimator__num_leaves=8, estimator__subsample=0.1; total time=   0.6s
[CV] END estimator__learning_rate=0.58, estimator__max_depth=11, estimator__num_leaves=31, estimator__subsample=0.001; total time=   1.5s
[CV] END estimator__learning_rate=0.58, estimator__max_depth=12, estimator__num_leaves=6, estimator__subsample=0.2; total time=   0.4s
[CV] END estimator__learning_rate=0.58, estimator__max_depth=12, estimator__num_leaves=10, estimator__subsample=0.01; total time=   0.7s
[CV] END estimator__learning_rate=0.58, estimator__max_depth=12, estimator__num_leaves=31, estimator__subsample=0.2; total time=   1.5s
[CV] END estimator__learning_rate=0.58, estimator__max_depth=13, estimator__num_leaves=8, estimator__subsample=0.1; total time=   0.7s
[CV] END estimator__learning_rate=0.58, estimator__max_depth=13, estimator__num_leaves=31, estimator__subsample=0.1; total time=   1.5s
[CV] END estimator__learning_rate=0.58, estimator__max_depth=14, estimator__num_leaves=8, estimator__subsample=0.01; total time=   0.6s
[CV] END estimator__learning_rate=0.58, estimator__max_depth=14, estimator__num_leaves=10, estimator__subsample=0.2; total time=   0.8s
[CV] END estimator__learning_rate=0.77, estimator__max_depth=10, estimator__num_leaves=2, estimator__subsample=0.2; total time=   0.1s
[CV] END estimator__learning_rate=0.77, estimator__max_depth=10, estimator__num_leaves=4, estimator__subsample=0.01; total time=   0.2s
[CV] END estimator__learning_rate=0.77, estimator__max_depth=10, estimator__num_leaves=4, estimator__subsample=0.2; total time=   0.2s
[CV] END estimator__learning_rate=0.77, estimator__max_depth=10, estimator__num_leaves=6, estimator__subsample=0.1; total time=   0.4s
[CV] END estimator__learning_rate=0.77, estimator__max_depth=10, estimator__num_leaves=10, estimator__subsample=0.001; total time=   0.8s
[CV] END estimator__learning_rate=0.77, estimator__max_depth=10, estimator__num_leaves=31, estimator__subsample=0.2; total time=   1.5s
[CV] END estimator__learning_rate=0.77, estimator__max_depth=11, estimator__num_leaves=8, estimator__subsample=0.1; total time=   0.6s
[CV] END estimator__learning_rate=0.77, estimator__max_depth=11, estimator__num_leaves=31, estimator__subsample=0.001; total time=   1.5s
[CV] END estimator__learning_rate=0.77, estimator__max_depth=12, estimator__num_leaves=6, estimator__subsample=0.1; total time=   0.4s
[CV] END estimator__learning_rate=0.77, estimator__max_depth=12, estimator__num_leaves=10, estimator__subsample=0.01; total time=   0.7s
[CV] END estimator__learning_rate=0.77, estimator__max_depth=12, estimator__num_leaves=31, estimator__subsample=0.2; total time=   1.6s
[CV] END estimator__learning_rate=0.77, estimator__max_depth=13, estimator__num_leaves=8, estimator__subsample=0.2; total time=   0.6s
[CV] END estimator__learning_rate=0.77, estimator__max_depth=13, estimator__num_leaves=31, estimator__subsample=0.01; total time=   1.5s
[CV] END estimator__learning_rate=0.77, estimator__max_depth=14, estimator__num_leaves=6, estimator__subsample=0.2; total time=   0.4s
[CV] END estimator__learning_rate=0.77, estimator__max_depth=14, estimator__num_leaves=10, estimator__subsample=0.01; total time=   0.7s
[CV] END estimator__learning_rate=0.39, estimator__max_depth=14, estimator__num_leaves=31, estimator__subsample=0.1; total time=   1.5s
[CV] END estimator__learning_rate=0.58, estimator__max_depth=10, estimator__num_leaves=8, estimator__subsample=0.01; total time=   0.6s
[CV] END estimator__learning_rate=0.58, estimator__max_depth=10, estimator__num_leaves=10, estimator__subsample=0.2; total time=   0.8s
[CV] END estimator__learning_rate=0.58, estimator__max_depth=11, estimator__num_leaves=4, estimator__subsample=0.001; total time=   0.2s
[CV] END estimator__learning_rate=0.58, estimator__max_depth=11, estimator__num_leaves=4, estimator__subsample=0.2; total time=   0.2s
[CV] END estimator__learning_rate=0.58, estimator__max_depth=11, estimator__num_leaves=6, estimator__subsample=0.01; total time=   0.4s
[CV] END estimator__learning_rate=0.58, estimator__max_depth=11, estimator__num_leaves=8, estimator__subsample=0.2; total time=   0.6s
[CV] END estimator__learning_rate=0.58, estimator__max_depth=11, estimator__num_leaves=31, estimator__subsample=0.01; total time=   1.5s
[CV] END estimator__learning_rate=0.58, estimator__max_depth=12, estimator__num_leaves=8, estimator__subsample=0.001; total time=   0.6s
[CV] END estimator__learning_rate=0.58, estimator__max_depth=12, estimator__num_leaves=10, estimator__subsample=0.1; total time=   0.7s
[CV] END estimator__learning_rate=0.58, estimator__max_depth=13, estimator__num_leaves=2, estimator__subsample=0.01; total time=   0.1s
[CV] END estimator__learning_rate=0.58, estimator__max_depth=13, estimator__num_leaves=2, estimator__subsample=0.2; total time=   0.1s
[CV] END estimator__learning_rate=0.58, estimator__max_depth=13, estimator__num_leaves=4, estimator__subsample=0.01; total time=   0.2s
[CV] END estimator__learning_rate=0.58, estimator__max_depth=13, estimator__num_leaves=6, estimator__subsample=0.001; total time=   0.4s
[CV] END estimator__learning_rate=0.58, estimator__max_depth=13, estimator__num_leaves=8, estimator__subsample=0.01; total time=   0.6s
[CV] END estimator__learning_rate=0.58, estimator__max_depth=13, estimator__num_leaves=10, estimator__subsample=0.2; total time=   0.7s
[CV] END estimator__learning_rate=0.58, estimator__max_depth=14, estimator__num_leaves=2, estimator__subsample=0.1; total time=   0.1s
[CV] END estimator__learning_rate=0.58, estimator__max_depth=14, estimator__num_leaves=4, estimator__subsample=0.001; total time=   0.2s
[CV] END estimator__learning_rate=0.58, estimator__max_depth=14, estimator__num_leaves=4, estimator__subsample=0.2; total time=   0.3s
[CV] END estimator__learning_rate=0.58, estimator__max_depth=14, estimator__num_leaves=6, estimator__subsample=0.01; total time=   0.4s
[CV] END estimator__learning_rate=0.58, estimator__max_depth=14, estimator__num_leaves=10, estimator__subsample=0.001; total time=   0.7s
[CV] END estimator__learning_rate=0.58, estimator__max_depth=14, estimator__num_leaves=31, estimator__subsample=0.1; total time=   1.6s
[CV] END estimator__learning_rate=0.77, estimator__max_depth=10, estimator__num_leaves=8, estimator__subsample=0.01; total time=   0.6s
[CV] END estimator__learning_rate=0.77, estimator__max_depth=10, estimator__num_leaves=10, estimator__subsample=0.2; total time=   0.8s
[CV] END estimator__learning_rate=0.77, estimator__max_depth=11, estimator__num_leaves=4, estimator__subsample=0.001; total time=   0.2s
[CV] END estimator__learning_rate=0.77, estimator__max_depth=11, estimator__num_leaves=4, estimator__subsample=0.2; total time=   0.3s
[CV] END estimator__learning_rate=0.77, estimator__max_depth=11, estimator__num_leaves=6, estimator__subsample=0.01; total time=   0.4s
[CV] END estimator__learning_rate=0.77, estimator__max_depth=11, estimator__num_leaves=10, estimator__subsample=0.001; total time=   0.8s
[CV] END estimator__learning_rate=0.77, estimator__max_depth=11, estimator__num_leaves=31, estimator__subsample=0.1; total time=   1.6s
[CV] END estimator__learning_rate=0.77, estimator__max_depth=12, estimator__num_leaves=8, estimator__subsample=0.01; total time=   0.6s
[CV] END estimator__learning_rate=0.77, estimator__max_depth=12, estimator__num_leaves=31, estimator__subsample=0.001; total time=   1.9s
[CV] END estimator__learning_rate=0.77, estimator__max_depth=13, estimator__num_leaves=8, estimator__subsample=0.1; total time=   0.6s
[CV] END estimator__learning_rate=0.77, estimator__max_depth=13, estimator__num_leaves=31, estimator__subsample=0.001; total time=   1.6s
[CV] END estimator__learning_rate=0.77, estimator__max_depth=14, estimator__num_leaves=6, estimator__subsample=0.2; total time=   0.4s
[CV] END estimator__learning_rate=0.77, estimator__max_depth=14, estimator__num_leaves=10, estimator__subsample=0.01; total time=   0.8s
[CV] END estimator__learning_rate=0.58, estimator__max_depth=12, estimator__num_leaves=31, estimator__subsample=0.2; total time=   1.5s
[CV] END estimator__learning_rate=0.58, estimator__max_depth=13, estimator__num_leaves=8, estimator__subsample=0.2; total time=   0.6s
[CV] END estimator__learning_rate=0.58, estimator__max_depth=13, estimator__num_leaves=31, estimator__subsample=0.01; total time=   1.5s
[CV] END estimator__learning_rate=0.58, estimator__max_depth=14, estimator__num_leaves=6, estimator__subsample=0.2; total time=   0.4s
[CV] END estimator__learning_rate=0.58, estimator__max_depth=14, estimator__num_leaves=10, estimator__subsample=0.01; total time=   0.7s
[CV] END estimator__learning_rate=0.77, estimator__max_depth=10, estimator__num_leaves=2, estimator__subsample=0.001; total time=   0.0s
[CV] END estimator__learning_rate=0.77, estimator__max_depth=10, estimator__num_leaves=2, estimator__subsample=0.01; total time=   0.1s
[CV] END estimator__learning_rate=0.77, estimator__max_depth=10, estimator__num_leaves=2, estimator__subsample=0.2; total time=   0.1s
[CV] END estimator__learning_rate=0.77, estimator__max_depth=10, estimator__num_leaves=4, estimator__subsample=0.01; total time=   0.2s
[CV] END estimator__learning_rate=0.77, estimator__max_depth=10, estimator__num_leaves=6, estimator__subsample=0.001; total time=   0.4s
[CV] END estimator__learning_rate=0.77, estimator__max_depth=10, estimator__num_leaves=8, estimator__subsample=0.001; total time=   0.6s
[CV] END estimator__learning_rate=0.77, estimator__max_depth=10, estimator__num_leaves=10, estimator__subsample=0.2; total time=   0.7s
[CV] END estimator__learning_rate=0.77, estimator__max_depth=11, estimator__num_leaves=2, estimator__subsample=0.1; total time=   0.1s
[CV] END estimator__learning_rate=0.77, estimator__max_depth=11, estimator__num_leaves=4, estimator__subsample=0.001; total time=   0.2s
[CV] END estimator__learning_rate=0.77, estimator__max_depth=11, estimator__num_leaves=4, estimator__subsample=0.1; total time=   0.2s
[CV] END estimator__learning_rate=0.77, estimator__max_depth=11, estimator__num_leaves=6, estimator__subsample=0.01; total time=   0.4s
[CV] END estimator__learning_rate=0.77, estimator__max_depth=11, estimator__num_leaves=8, estimator__subsample=0.2; total time=   0.6s
[CV] END estimator__learning_rate=0.77, estimator__max_depth=11, estimator__num_leaves=31, estimator__subsample=0.1; total time=   1.5s
[CV] END estimator__learning_rate=0.77, estimator__max_depth=12, estimator__num_leaves=8, estimator__subsample=0.001; total time=   0.6s
[CV] END estimator__learning_rate=0.77, estimator__max_depth=12, estimator__num_leaves=10, estimator__subsample=0.1; total time=   0.8s
[CV] END estimator__learning_rate=0.77, estimator__max_depth=13, estimator__num_leaves=2, estimator__subsample=0.01; total time=   0.1s
[CV] END estimator__learning_rate=0.77, estimator__max_depth=13, estimator__num_leaves=4, estimator__subsample=0.001; total time=   0.2s
[CV] END estimator__learning_rate=0.77, estimator__max_depth=13, estimator__num_leaves=4, estimator__subsample=0.1; total time=   0.2s
[CV] END estimator__learning_rate=0.77, estimator__max_depth=13, estimator__num_leaves=6, estimator__subsample=0.01; total time=   0.4s
[CV] END estimator__learning_rate=0.77, estimator__max_depth=13, estimator__num_leaves=8, estimator__subsample=0.1; total time=   0.6s
[CV] END estimator__learning_rate=0.77, estimator__max_depth=13, estimator__num_leaves=31, estimator__subsample=0.01; total time=   1.6s
[CV] END estimator__learning_rate=0.77, estimator__max_depth=14, estimator__num_leaves=6, estimator__subsample=0.2; total time=   0.4s
[CV] END estimator__learning_rate=0.77, estimator__max_depth=14, estimator__num_leaves=10, estimator__subsample=0.1; total time=   0.7s
[CV] END estimator__learning_rate=0.58, estimator__max_depth=11, estimator__num_leaves=4, estimator__subsample=0.1; total time=   0.2s
[CV] END estimator__learning_rate=0.58, estimator__max_depth=11, estimator__num_leaves=6, estimator__subsample=0.001; total time=   0.4s
[CV] END estimator__learning_rate=0.58, estimator__max_depth=11, estimator__num_leaves=8, estimator__subsample=0.01; total time=   0.7s
[CV] END estimator__learning_rate=0.58, estimator__max_depth=11, estimator__num_leaves=31, estimator__subsample=0.001; total time=   1.5s
[CV] END estimator__learning_rate=0.58, estimator__max_depth=12, estimator__num_leaves=6, estimator__subsample=0.1; total time=   0.4s
[CV] END estimator__learning_rate=0.58, estimator__max_depth=12, estimator__num_leaves=10, estimator__subsample=0.01; total time=   0.7s
[CV] END estimator__learning_rate=0.58, estimator__max_depth=12, estimator__num_leaves=31, estimator__subsample=0.2; total time=   1.6s
[CV] END estimator__learning_rate=0.58, estimator__max_depth=13, estimator__num_leaves=8, estimator__subsample=0.1; total time=   0.6s
[CV] END estimator__learning_rate=0.58, estimator__max_depth=13, estimator__num_leaves=31, estimator__subsample=0.001; total time=   1.6s
[CV] END estimator__learning_rate=0.58, estimator__max_depth=14, estimator__num_leaves=6, estimator__subsample=0.2; total time=   0.4s
[CV] END estimator__learning_rate=0.58, estimator__max_depth=14, estimator__num_leaves=10, estimator__subsample=0.01; total time=   0.8s
[CV] END estimator__learning_rate=0.77, estimator__max_depth=10, estimator__num_leaves=2, estimator__subsample=0.001; total time=   0.0s
[CV] END estimator__learning_rate=0.77, estimator__max_depth=10, estimator__num_leaves=2, estimator__subsample=0.001; total time=   0.1s
[CV] END estimator__learning_rate=0.77, estimator__max_depth=10, estimator__num_leaves=2, estimator__subsample=0.1; total time=   0.1s
[CV] END estimator__learning_rate=0.77, estimator__max_depth=10, estimator__num_leaves=4, estimator__subsample=0.01; total time=   0.2s
[CV] END estimator__learning_rate=0.77, estimator__max_depth=10, estimator__num_leaves=4, estimator__subsample=0.2; total time=   0.2s
[CV] END estimator__learning_rate=0.77, estimator__max_depth=10, estimator__num_leaves=6, estimator__subsample=0.01; total time=   0.4s
[CV] END estimator__learning_rate=0.77, estimator__max_depth=10, estimator__num_leaves=10, estimator__subsample=0.001; total time=   0.7s
[CV] END estimator__learning_rate=0.77, estimator__max_depth=10, estimator__num_leaves=31, estimator__subsample=0.1; total time=   1.5s
[CV] END estimator__learning_rate=0.77, estimator__max_depth=11, estimator__num_leaves=8, estimator__subsample=0.01; total time=   0.6s
[CV] END estimator__learning_rate=0.77, estimator__max_depth=11, estimator__num_leaves=31, estimator__subsample=0.001; total time=   1.5s
[CV] END estimator__learning_rate=0.77, estimator__max_depth=12, estimator__num_leaves=6, estimator__subsample=0.1; total time=   0.4s
[CV] END estimator__learning_rate=0.77, estimator__max_depth=12, estimator__num_leaves=10, estimator__subsample=0.01; total time=   0.7s
[CV] END estimator__learning_rate=0.77, estimator__max_depth=12, estimator__num_leaves=31, estimator__subsample=0.2; total time=   1.6s
[CV] END estimator__learning_rate=0.77, estimator__max_depth=13, estimator__num_leaves=8, estimator__subsample=0.2; total time=   0.6s
[CV] END estimator__learning_rate=0.77, estimator__max_depth=13, estimator__num_leaves=31, estimator__subsample=0.01; total time=   1.5s
[CV] END estimator__learning_rate=0.77, estimator__max_depth=14, estimator__num_leaves=6, estimator__subsample=0.2; total time=   0.4s
[CV] END estimator__learning_rate=0.77, estimator__max_depth=14, estimator__num_leaves=10, estimator__subsample=0.1; total time=   0.7s
[CV] END estimator__learning_rate=0.58, estimator__max_depth=12, estimator__num_leaves=2, estimator__subsample=0.001; total time=   0.1s
[CV] END estimator__learning_rate=0.58, estimator__max_depth=12, estimator__num_leaves=2, estimator__subsample=0.1; total time=   0.1s
[CV] END estimator__learning_rate=0.58, estimator__max_depth=12, estimator__num_leaves=4, estimator__subsample=0.001; total time=   0.2s
[CV] END estimator__learning_rate=0.58, estimator__max_depth=12, estimator__num_leaves=4, estimator__subsample=0.2; total time=   0.2s
[CV] END estimator__learning_rate=0.58, estimator__max_depth=12, estimator__num_leaves=6, estimator__subsample=0.01; total time=   0.4s
[CV] END estimator__learning_rate=0.58, estimator__max_depth=12, estimator__num_leaves=10, estimator__subsample=0.001; total time=   0.9s
[CV] END estimator__learning_rate=0.58, estimator__max_depth=13, estimator__num_leaves=2, estimator__subsample=0.001; total time=   0.0s
[CV] END estimator__learning_rate=0.58, estimator__max_depth=13, estimator__num_leaves=2, estimator__subsample=0.01; total time=   0.1s
[CV] END estimator__learning_rate=0.58, estimator__max_depth=13, estimator__num_leaves=4, estimator__subsample=0.001; total time=   0.2s
[CV] END estimator__learning_rate=0.58, estimator__max_depth=13, estimator__num_leaves=4, estimator__subsample=0.1; total time=   0.2s
[CV] END estimator__learning_rate=0.58, estimator__max_depth=13, estimator__num_leaves=6, estimator__subsample=0.01; total time=   0.4s
[CV] END estimator__learning_rate=0.58, estimator__max_depth=13, estimator__num_leaves=8, estimator__subsample=0.2; total time=   0.6s
[CV] END estimator__learning_rate=0.58, estimator__max_depth=13, estimator__num_leaves=31, estimator__subsample=0.01; total time=   1.5s
[CV] END estimator__learning_rate=0.58, estimator__max_depth=14, estimator__num_leaves=6, estimator__subsample=0.2; total time=   0.4s
[CV] END estimator__learning_rate=0.58, estimator__max_depth=14, estimator__num_leaves=10, estimator__subsample=0.1; total time=   0.8s
[CV] END estimator__learning_rate=0.77, estimator__max_depth=10, estimator__num_leaves=2, estimator__subsample=0.001; total time=   0.0s
[CV] END estimator__learning_rate=0.77, estimator__max_depth=10, estimator__num_leaves=2, estimator__subsample=0.01; total time=   0.1s
[CV] END estimator__learning_rate=0.77, estimator__max_depth=10, estimator__num_leaves=2, estimator__subsample=0.2; total time=   0.1s
[CV] END estimator__learning_rate=0.77, estimator__max_depth=10, estimator__num_leaves=4, estimator__subsample=0.01; total time=   0.2s
[CV] END estimator__learning_rate=0.77, estimator__max_depth=10, estimator__num_leaves=6, estimator__subsample=0.001; total time=   0.4s
[CV] END estimator__learning_rate=0.77, estimator__max_depth=10, estimator__num_leaves=8, estimator__subsample=0.001; total time=   0.6s
[CV] END estimator__learning_rate=0.77, estimator__max_depth=10, estimator__num_leaves=10, estimator__subsample=0.2; total time=   0.7s
[CV] END estimator__learning_rate=0.77, estimator__max_depth=11, estimator__num_leaves=2, estimator__subsample=0.1; total time=   0.1s
[CV] END estimator__learning_rate=0.77, estimator__max_depth=11, estimator__num_leaves=4, estimator__subsample=0.001; total time=   0.2s
[CV] END estimator__learning_rate=0.77, estimator__max_depth=11, estimator__num_leaves=4, estimator__subsample=0.2; total time=   0.2s
[CV] END estimator__learning_rate=0.77, estimator__max_depth=11, estimator__num_leaves=6, estimator__subsample=0.01; total time=   0.4s
[CV] END estimator__learning_rate=0.77, estimator__max_depth=11, estimator__num_leaves=8, estimator__subsample=0.2; total time=   0.6s
[CV] END estimator__learning_rate=0.77, estimator__max_depth=11, estimator__num_leaves=31, estimator__subsample=0.1; total time=   1.5s
[CV] END estimator__learning_rate=0.77, estimator__max_depth=12, estimator__num_leaves=8, estimator__subsample=0.001; total time=   0.6s
[CV] END estimator__learning_rate=0.77, estimator__max_depth=12, estimator__num_leaves=10, estimator__subsample=0.2; total time=   0.7s
[CV] END estimator__learning_rate=0.77, estimator__max_depth=13, estimator__num_leaves=2, estimator__subsample=0.1; total time=   0.1s
[CV] END estimator__learning_rate=0.77, estimator__max_depth=13, estimator__num_leaves=4, estimator__subsample=0.001; total time=   0.2s
[CV] END estimator__learning_rate=0.77, estimator__max_depth=13, estimator__num_leaves=4, estimator__subsample=0.2; total time=   0.2s
[CV] END estimator__learning_rate=0.77, estimator__max_depth=13, estimator__num_leaves=6, estimator__subsample=0.01; total time=   0.4s
[CV] END estimator__learning_rate=0.77, estimator__max_depth=13, estimator__num_leaves=8, estimator__subsample=0.2; total time=   0.6s
[CV] END estimator__learning_rate=0.77, estimator__max_depth=13, estimator__num_leaves=31, estimator__subsample=0.01; total time=   1.5s
[CV] END estimator__learning_rate=0.77, estimator__max_depth=14, estimator__num_leaves=8, estimator__subsample=0.001; total time=   0.6s
[CV] END estimator__learning_rate=0.77, estimator__max_depth=14, estimator__num_leaves=10, estimator__subsample=0.1; total time=   0.7s
[CV] END estimator__learning_rate=0.01, estimator__max_depth=10, estimator__num_leaves=2, estimator__subsample=0.2; total time=   4.4s
[CV] END estimator__learning_rate=0.01, estimator__max_depth=10, estimator__num_leaves=10, estimator__subsample=0.01; total time=   1.0s
[CV] END estimator__learning_rate=0.01, estimator__max_depth=11, estimator__num_leaves=2, estimator__subsample=0.001; total time=   0.1s
[CV] END estimator__learning_rate=0.01, estimator__max_depth=11, estimator__num_leaves=2, estimator__subsample=0.01; total time=   0.1s
[CV] END estimator__learning_rate=0.01, estimator__max_depth=11, estimator__num_leaves=4, estimator__subsample=0.001; total time=   0.2s
[CV] END estimator__learning_rate=0.01, estimator__max_depth=11, estimator__num_leaves=4, estimator__subsample=0.1; total time=   0.3s
[CV] END estimator__learning_rate=0.01, estimator__max_depth=11, estimator__num_leaves=6, estimator__subsample=0.1; total time=   0.4s
[CV] END estimator__learning_rate=0.01, estimator__max_depth=11, estimator__num_leaves=8, estimator__subsample=0.2; total time=   0.6s
[CV] END estimator__learning_rate=0.01, estimator__max_depth=11, estimator__num_leaves=31, estimator__subsample=0.1; total time=   1.6s
[CV] END estimator__learning_rate=0.01, estimator__max_depth=12, estimator__num_leaves=8, estimator__subsample=0.001; total time=   0.6s
[CV] END estimator__learning_rate=0.01, estimator__max_depth=12, estimator__num_leaves=10, estimator__subsample=0.2; total time=   0.8s
[CV] END estimator__learning_rate=0.01, estimator__max_depth=13, estimator__num_leaves=2, estimator__subsample=0.1; total time=   0.1s
[CV] END estimator__learning_rate=0.01, estimator__max_depth=13, estimator__num_leaves=4, estimator__subsample=0.001; total time=   0.2s
[CV] END estimator__learning_rate=0.01, estimator__max_depth=13, estimator__num_leaves=4, estimator__subsample=0.2; total time=   0.2s
[CV] END estimator__learning_rate=0.01, estimator__max_depth=13, estimator__num_leaves=6, estimator__subsample=0.01; total time=   0.6s
[CV] END estimator__learning_rate=0.01, estimator__max_depth=13, estimator__num_leaves=10, estimator__subsample=0.1; total time=   0.8s
[CV] END estimator__learning_rate=0.01, estimator__max_depth=14, estimator__num_leaves=2, estimator__subsample=0.001; total time=   0.0s
[CV] END estimator__learning_rate=0.01, estimator__max_depth=14, estimator__num_leaves=2, estimator__subsample=0.01; total time=   0.1s
[CV] END estimator__learning_rate=0.01, estimator__max_depth=14, estimator__num_leaves=2, estimator__subsample=0.2; total time=   0.1s
[CV] END estimator__learning_rate=0.01, estimator__max_depth=14, estimator__num_leaves=4, estimator__subsample=0.1; total time=   0.2s
[CV] END estimator__learning_rate=0.01, estimator__max_depth=14, estimator__num_leaves=6, estimator__subsample=0.001; total time=   0.4s
[CV] END estimator__learning_rate=0.01, estimator__max_depth=14, estimator__num_leaves=8, estimator__subsample=0.01; total time=   0.6s
[CV] END estimator__learning_rate=0.01, estimator__max_depth=14, estimator__num_leaves=10, estimator__subsample=0.2; total time=   0.8s
[CV] END estimator__learning_rate=0.2, estimator__max_depth=10, estimator__num_leaves=2, estimator__subsample=0.2; total time=   0.1s
[CV] END estimator__learning_rate=0.2, estimator__max_depth=10, estimator__num_leaves=4, estimator__subsample=0.01; total time=   0.2s
[CV] END estimator__learning_rate=0.2, estimator__max_depth=10, estimator__num_leaves=6, estimator__subsample=0.001; total time=   0.4s
[CV] END estimator__learning_rate=0.2, estimator__max_depth=10, estimator__num_leaves=8, estimator__subsample=0.001; total time=   0.6s
[CV] END estimator__learning_rate=0.2, estimator__max_depth=10, estimator__num_leaves=10, estimator__subsample=0.2; total time=   0.8s
[CV] END estimator__learning_rate=0.2, estimator__max_depth=11, estimator__num_leaves=2, estimator__subsample=0.1; total time=   0.1s
[CV] END estimator__learning_rate=0.2, estimator__max_depth=11, estimator__num_leaves=4, estimator__subsample=0.001; total time=   0.2s
[CV] END estimator__learning_rate=0.2, estimator__max_depth=11, estimator__num_leaves=4, estimator__subsample=0.2; total time=   0.2s
[CV] END estimator__learning_rate=0.2, estimator__max_depth=11, estimator__num_leaves=6, estimator__subsample=0.01; total time=   0.4s
[CV] END estimator__learning_rate=0.2, estimator__max_depth=11, estimator__num_leaves=8, estimator__subsample=0.2; total time=   0.6s
[CV] END estimator__learning_rate=0.2, estimator__max_depth=11, estimator__num_leaves=31, estimator__subsample=0.1; total time=   1.5s
[CV] END estimator__learning_rate=0.2, estimator__max_depth=12, estimator__num_leaves=8, estimator__subsample=0.001; total time=   0.6s
[CV] END estimator__learning_rate=0.2, estimator__max_depth=12, estimator__num_leaves=10, estimator__subsample=0.2; total time=   0.8s
[CV] END estimator__learning_rate=0.2, estimator__max_depth=13, estimator__num_leaves=2, estimator__subsample=0.1; total time=   0.1s
[CV] END estimator__learning_rate=0.2, estimator__max_depth=13, estimator__num_leaves=4, estimator__subsample=0.001; total time=   0.2s
[CV] END estimator__learning_rate=0.2, estimator__max_depth=13, estimator__num_leaves=4, estimator__subsample=0.1; total time=   0.2s
[CV] END estimator__learning_rate=0.2, estimator__max_depth=13, estimator__num_leaves=6, estimator__subsample=0.01; total time=   0.4s
[CV] END estimator__learning_rate=0.2, estimator__max_depth=13, estimator__num_leaves=8, estimator__subsample=0.1; total time=   0.6s
[CV] END estimator__learning_rate=0.2, estimator__max_depth=13, estimator__num_leaves=31, estimator__subsample=0.01; total time=   1.6s
[CV] END estimator__learning_rate=0.2, estimator__max_depth=14, estimator__num_leaves=6, estimator__subsample=0.2; total time=   0.4s
[CV] END estimator__learning_rate=0.2, estimator__max_depth=14, estimator__num_leaves=10, estimator__subsample=0.1; total time=   0.7s
[CV] END estimator__learning_rate=0.39, estimator__max_depth=10, estimator__num_leaves=2, estimator__subsample=0.001; total time=   0.0s
[CV] END estimator__learning_rate=0.39, estimator__max_depth=10, estimator__num_leaves=2, estimator__subsample=0.01; total time=   0.1s
[CV] END estimator__learning_rate=0.39, estimator__max_depth=10, estimator__num_leaves=2, estimator__subsample=0.2; total time=   0.1s
[CV] END estimator__learning_rate=0.39, estimator__max_depth=10, estimator__num_leaves=4, estimator__subsample=0.1; total time=   0.2s
[CV] END estimator__learning_rate=0.39, estimator__max_depth=10, estimator__num_leaves=6, estimator__subsample=0.001; total time=   0.4s
[CV] END estimator__learning_rate=0.39, estimator__max_depth=10, estimator__num_leaves=8, estimator__subsample=0.01; total time=   0.6s
[CV] END estimator__learning_rate=0.39, estimator__max_depth=10, estimator__num_leaves=10, estimator__subsample=0.2; total time=   0.8s
[CV] END estimator__learning_rate=0.39, estimator__max_depth=11, estimator__num_leaves=2, estimator__subsample=0.1; total time=   0.1s
[CV] END estimator__learning_rate=0.39, estimator__max_depth=11, estimator__num_leaves=4, estimator__subsample=0.001; total time=   0.2s
[CV] END estimator__learning_rate=0.39, estimator__max_depth=11, estimator__num_leaves=4, estimator__subsample=0.2; total time=   0.2s
[CV] END estimator__learning_rate=0.39, estimator__max_depth=11, estimator__num_leaves=6, estimator__subsample=0.01; total time=   0.4s
[CV] END estimator__learning_rate=0.39, estimator__max_depth=11, estimator__num_leaves=8, estimator__subsample=0.2; total time=   0.6s
[CV] END estimator__learning_rate=0.39, estimator__max_depth=11, estimator__num_leaves=31, estimator__subsample=0.1; total time=   1.5s
[CV] END estimator__learning_rate=0.39, estimator__max_depth=12, estimator__num_leaves=8, estimator__subsample=0.001; total time=   0.6s
[CV] END estimator__learning_rate=0.39, estimator__max_depth=12, estimator__num_leaves=10, estimator__subsample=0.2; total time=   0.7s
[CV] END estimator__learning_rate=0.39, estimator__max_depth=13, estimator__num_leaves=2, estimator__subsample=0.1; total time=   0.1s
[CV] END estimator__learning_rate=0.39, estimator__max_depth=12, estimator__num_leaves=31, estimator__subsample=0.1; total time=   1.5s
[CV] END estimator__learning_rate=0.39, estimator__max_depth=13, estimator__num_leaves=8, estimator__subsample=0.001; total time=   0.6s
[CV] END estimator__learning_rate=0.39, estimator__max_depth=13, estimator__num_leaves=10, estimator__subsample=0.1; total time=   0.7s
[CV] END estimator__learning_rate=0.39, estimator__max_depth=14, estimator__num_leaves=2, estimator__subsample=0.01; total time=   0.1s
[CV] END estimator__learning_rate=0.39, estimator__max_depth=14, estimator__num_leaves=2, estimator__subsample=0.2; total time=   0.1s
[CV] END estimator__learning_rate=0.39, estimator__max_depth=14, estimator__num_leaves=4, estimator__subsample=0.1; total time=   0.2s
[CV] END estimator__learning_rate=0.39, estimator__max_depth=14, estimator__num_leaves=6, estimator__subsample=0.001; total time=   0.4s
[CV] END estimator__learning_rate=0.39, estimator__max_depth=14, estimator__num_leaves=8, estimator__subsample=0.01; total time=   0.6s
[CV] END estimator__learning_rate=0.39, estimator__max_depth=14, estimator__num_leaves=10, estimator__subsample=0.2; total time=   0.8s
[CV] END estimator__learning_rate=0.58, estimator__max_depth=10, estimator__num_leaves=2, estimator__subsample=0.1; total time=   0.1s
[CV] END estimator__learning_rate=0.58, estimator__max_depth=10, estimator__num_leaves=4, estimator__subsample=0.01; total time=   0.2s
[CV] END estimator__learning_rate=0.58, estimator__max_depth=10, estimator__num_leaves=4, estimator__subsample=0.2; total time=   0.2s
[CV] END estimator__learning_rate=0.58, estimator__max_depth=10, estimator__num_leaves=6, estimator__subsample=0.01; total time=   0.4s
[CV] END estimator__learning_rate=0.58, estimator__max_depth=10, estimator__num_leaves=10, estimator__subsample=0.001; total time=   0.8s
[CV] END estimator__learning_rate=0.58, estimator__max_depth=10, estimator__num_leaves=31, estimator__subsample=0.1; total time=   1.5s
[CV] END estimator__learning_rate=0.58, estimator__max_depth=11, estimator__num_leaves=8, estimator__subsample=0.01; total time=   0.6s
[CV] END estimator__learning_rate=0.58, estimator__max_depth=11, estimator__num_leaves=10, estimator__subsample=0.2; total time=   0.8s
[CV] END estimator__learning_rate=0.58, estimator__max_depth=12, estimator__num_leaves=2, estimator__subsample=0.2; total time=   0.1s
[CV] END estimator__learning_rate=0.58, estimator__max_depth=12, estimator__num_leaves=4, estimator__subsample=0.1; total time=   0.2s
[CV] END estimator__learning_rate=0.58, estimator__max_depth=12, estimator__num_leaves=6, estimator__subsample=0.001; total time=   0.4s
[CV] END estimator__learning_rate=0.58, estimator__max_depth=12, estimator__num_leaves=8, estimator__subsample=0.01; total time=   0.6s
[CV] END estimator__learning_rate=0.58, estimator__max_depth=12, estimator__num_leaves=10, estimator__subsample=0.2; total time=   0.7s
[CV] END estimator__learning_rate=0.58, estimator__max_depth=13, estimator__num_leaves=2, estimator__subsample=0.1; total time=   0.1s
[CV] END estimator__learning_rate=0.58, estimator__max_depth=13, estimator__num_leaves=4, estimator__subsample=0.01; total time=   0.2s
[CV] END estimator__learning_rate=0.58, estimator__max_depth=13, estimator__num_leaves=4, estimator__subsample=0.2; total time=   0.2s
[CV] END estimator__learning_rate=0.58, estimator__max_depth=13, estimator__num_leaves=6, estimator__subsample=0.01; total time=   0.4s
[CV] END estimator__learning_rate=0.58, estimator__max_depth=13, estimator__num_leaves=10, estimator__subsample=0.001; total time=   0.7s
[CV] END estimator__learning_rate=0.58, estimator__max_depth=13, estimator__num_leaves=31, estimator__subsample=0.1; total time=   1.6s
[CV] END estimator__learning_rate=0.58, estimator__max_depth=14, estimator__num_leaves=8, estimator__subsample=0.01; total time=   0.6s
[CV] END estimator__learning_rate=0.58, estimator__max_depth=14, estimator__num_leaves=31, estimator__subsample=0.001; total time=   1.5s
[CV] END estimator__learning_rate=0.77, estimator__max_depth=10, estimator__num_leaves=6, estimator__subsample=0.1; total time=   0.4s
[CV] END estimator__learning_rate=0.77, estimator__max_depth=10, estimator__num_leaves=10, estimator__subsample=0.001; total time=   0.8s
[CV] END estimator__learning_rate=0.77, estimator__max_depth=10, estimator__num_leaves=31, estimator__subsample=0.2; total time=   1.5s
[CV] END estimator__learning_rate=0.77, estimator__max_depth=11, estimator__num_leaves=8, estimator__subsample=0.1; total time=   0.6s
[CV] END estimator__learning_rate=0.77, estimator__max_depth=11, estimator__num_leaves=31, estimator__subsample=0.001; total time=   1.5s
[CV] END estimator__learning_rate=0.77, estimator__max_depth=12, estimator__num_leaves=6, estimator__subsample=0.2; total time=   0.4s
[CV] END estimator__learning_rate=0.77, estimator__max_depth=12, estimator__num_leaves=10, estimator__subsample=0.01; total time=   0.7s
[CV] END estimator__learning_rate=0.77, estimator__max_depth=12, estimator__num_leaves=31, estimator__subsample=0.2; total time=   1.6s
[CV] END estimator__learning_rate=0.77, estimator__max_depth=13, estimator__num_leaves=8, estimator__subsample=0.2; total time=   0.6s
[CV] END estimator__learning_rate=0.77, estimator__max_depth=13, estimator__num_leaves=31, estimator__subsample=0.1; total time=   1.6s
[CV] END estimator__learning_rate=0.77, estimator__max_depth=14, estimator__num_leaves=8, estimator__subsample=0.001; total time=   0.6s
[CV] END estimator__learning_rate=0.77, estimator__max_depth=14, estimator__num_leaves=10, estimator__subsample=0.1; total time=   0.7s
[CV] END estimator__learning_rate=0.39, estimator__max_depth=14, estimator__num_leaves=8, estimator__subsample=0.1; total time=   0.6s
[CV] END estimator__learning_rate=0.39, estimator__max_depth=14, estimator__num_leaves=31, estimator__subsample=0.001; total time=   1.5s
[CV] END estimator__learning_rate=0.58, estimator__max_depth=10, estimator__num_leaves=6, estimator__subsample=0.1; total time=   0.5s
[CV] END estimator__learning_rate=0.58, estimator__max_depth=10, estimator__num_leaves=10, estimator__subsample=0.01; total time=   0.7s
[CV] END estimator__learning_rate=0.58, estimator__max_depth=10, estimator__num_leaves=31, estimator__subsample=0.2; total time=   1.5s
[CV] END estimator__learning_rate=0.58, estimator__max_depth=11, estimator__num_leaves=8, estimator__subsample=0.1; total time=   0.6s
[CV] END estimator__learning_rate=0.58, estimator__max_depth=11, estimator__num_leaves=31, estimator__subsample=0.01; total time=   1.5s
[CV] END estimator__learning_rate=0.58, estimator__max_depth=12, estimator__num_leaves=6, estimator__subsample=0.2; total time=   0.4s
[CV] END estimator__learning_rate=0.58, estimator__max_depth=12, estimator__num_leaves=10, estimator__subsample=0.1; total time=   0.7s
[CV] END estimator__learning_rate=0.58, estimator__max_depth=12, estimator__num_leaves=31, estimator__subsample=0.2; total time=   1.5s
[CV] END estimator__learning_rate=0.58, estimator__max_depth=13, estimator__num_leaves=8, estimator__subsample=0.2; total time=   0.6s
[CV] END estimator__learning_rate=0.58, estimator__max_depth=13, estimator__num_leaves=31, estimator__subsample=0.01; total time=   1.5s
[CV] END estimator__learning_rate=0.58, estimator__max_depth=14, estimator__num_leaves=8, estimator__subsample=0.001; total time=   0.6s
[CV] END estimator__learning_rate=0.58, estimator__max_depth=14, estimator__num_leaves=10, estimator__subsample=0.1; total time=   0.8s
[CV] END estimator__learning_rate=0.77, estimator__max_depth=10, estimator__num_leaves=2, estimator__subsample=0.01; total time=   0.1s
[CV] END estimator__learning_rate=0.77, estimator__max_depth=10, estimator__num_leaves=4, estimator__subsample=0.001; total time=   0.3s
[CV] END estimator__learning_rate=0.77, estimator__max_depth=10, estimator__num_leaves=4, estimator__subsample=0.2; total time=   0.2s
[CV] END estimator__learning_rate=0.77, estimator__max_depth=10, estimator__num_leaves=6, estimator__subsample=0.01; total time=   0.4s
[CV] END estimator__learning_rate=0.77, estimator__max_depth=10, estimator__num_leaves=10, estimator__subsample=0.001; total time=   0.8s
[CV] END estimator__learning_rate=0.77, estimator__max_depth=10, estimator__num_leaves=31, estimator__subsample=0.1; total time=   1.5s
[CV] END estimator__learning_rate=0.77, estimator__max_depth=11, estimator__num_leaves=8, estimator__subsample=0.01; total time=   0.6s
[CV] END estimator__learning_rate=0.77, estimator__max_depth=11, estimator__num_leaves=10, estimator__subsample=0.2; total time=   0.8s
[CV] END estimator__learning_rate=0.77, estimator__max_depth=12, estimator__num_leaves=4, estimator__subsample=0.001; total time=   0.2s
[CV] END estimator__learning_rate=0.77, estimator__max_depth=12, estimator__num_leaves=4, estimator__subsample=0.1; total time=   0.2s
[CV] END estimator__learning_rate=0.77, estimator__max_depth=12, estimator__num_leaves=6, estimator__subsample=0.01; total time=   0.4s
[CV] END estimator__learning_rate=0.77, estimator__max_depth=12, estimator__num_leaves=8, estimator__subsample=0.2; total time=   0.6s
[CV] END estimator__learning_rate=0.77, estimator__max_depth=12, estimator__num_leaves=31, estimator__subsample=0.01; total time=   1.6s
[CV] END estimator__learning_rate=0.77, estimator__max_depth=13, estimator__num_leaves=6, estimator__subsample=0.2; total time=   0.4s
[CV] END estimator__learning_rate=0.77, estimator__max_depth=13, estimator__num_leaves=10, estimator__subsample=0.1; total time=   0.8s
[CV] END estimator__learning_rate=0.77, estimator__max_depth=14, estimator__num_leaves=2, estimator__subsample=0.001; total time=   0.0s
[CV] END estimator__learning_rate=0.77, estimator__max_depth=14, estimator__num_leaves=2, estimator__subsample=0.01; total time=   0.1s
[CV] END estimator__learning_rate=0.77, estimator__max_depth=14, estimator__num_leaves=2, estimator__subsample=0.2; total time=   0.1s
[CV] END estimator__learning_rate=0.77, estimator__max_depth=14, estimator__num_leaves=4, estimator__subsample=0.01; total time=   0.2s
[CV] END estimator__learning_rate=0.77, estimator__max_depth=14, estimator__num_leaves=6, estimator__subsample=0.001; total time=   0.4s
[CV] END estimator__learning_rate=0.77, estimator__max_depth=14, estimator__num_leaves=8, estimator__subsample=0.001; total time=   0.6s
[CV] END estimator__learning_rate=0.77, estimator__max_depth=14, estimator__num_leaves=10, estimator__subsample=0.2; total time=   0.7s
[CV] END estimator__learning_rate=0.39, estimator__max_depth=13, estimator__num_leaves=31, estimator__subsample=0.1; total time=   1.6s
[CV] END estimator__learning_rate=0.39, estimator__max_depth=14, estimator__num_leaves=8, estimator__subsample=0.001; total time=   0.6s
[CV] END estimator__learning_rate=0.39, estimator__max_depth=14, estimator__num_leaves=10, estimator__subsample=0.1; total time=   0.8s
[CV] END estimator__learning_rate=0.58, estimator__max_depth=10, estimator__num_leaves=2, estimator__subsample=0.01; total time=   0.1s
[CV] END estimator__learning_rate=0.58, estimator__max_depth=10, estimator__num_leaves=4, estimator__subsample=0.001; total time=   0.2s
[CV] END estimator__learning_rate=0.58, estimator__max_depth=10, estimator__num_leaves=4, estimator__subsample=0.1; total time=   0.2s
[CV] END estimator__learning_rate=0.58, estimator__max_depth=10, estimator__num_leaves=6, estimator__subsample=0.001; total time=   0.4s
[CV] END estimator__learning_rate=0.58, estimator__max_depth=10, estimator__num_leaves=8, estimator__subsample=0.1; total time=   0.6s
[CV] END estimator__learning_rate=0.58, estimator__max_depth=10, estimator__num_leaves=31, estimator__subsample=0.001; total time=   1.5s
[CV] END estimator__learning_rate=0.58, estimator__max_depth=11, estimator__num_leaves=6, estimator__subsample=0.1; total time=   0.4s
[CV] END estimator__learning_rate=0.58, estimator__max_depth=11, estimator__num_leaves=10, estimator__subsample=0.001; total time=   0.7s
[CV] END estimator__learning_rate=0.58, estimator__max_depth=11, estimator__num_leaves=31, estimator__subsample=0.2; total time=   1.5s
[CV] END estimator__learning_rate=0.58, estimator__max_depth=12, estimator__num_leaves=8, estimator__subsample=0.1; total time=   0.6s
[CV] END estimator__learning_rate=0.58, estimator__max_depth=12, estimator__num_leaves=31, estimator__subsample=0.01; total time=   1.5s
[CV] END estimator__learning_rate=0.58, estimator__max_depth=13, estimator__num_leaves=8, estimator__subsample=0.001; total time=   0.6s
[CV] END estimator__learning_rate=0.58, estimator__max_depth=13, estimator__num_leaves=10, estimator__subsample=0.1; total time=   0.7s
[CV] END estimator__learning_rate=0.58, estimator__max_depth=14, estimator__num_leaves=2, estimator__subsample=0.01; total time=   0.1s
[CV] END estimator__learning_rate=0.58, estimator__max_depth=14, estimator__num_leaves=2, estimator__subsample=0.2; total time=   0.1s
[CV] END estimator__learning_rate=0.58, estimator__max_depth=14, estimator__num_leaves=4, estimator__subsample=0.1; total time=   0.2s
[CV] END estimator__learning_rate=0.58, estimator__max_depth=14, estimator__num_leaves=6, estimator__subsample=0.001; total time=   0.4s
[CV] END estimator__learning_rate=0.58, estimator__max_depth=14, estimator__num_leaves=8, estimator__subsample=0.01; total time=   0.6s
[CV] END estimator__learning_rate=0.58, estimator__max_depth=14, estimator__num_leaves=10, estimator__subsample=0.2; total time=   0.8s
[CV] END estimator__learning_rate=0.77, estimator__max_depth=10, estimator__num_leaves=2, estimator__subsample=0.1; total time=   0.1s
[CV] END estimator__learning_rate=0.77, estimator__max_depth=10, estimator__num_leaves=4, estimator__subsample=0.001; total time=   0.2s
[CV] END estimator__learning_rate=0.77, estimator__max_depth=10, estimator__num_leaves=4, estimator__subsample=0.2; total time=   0.2s
[CV] END estimator__learning_rate=0.77, estimator__max_depth=10, estimator__num_leaves=6, estimator__subsample=0.01; total time=   0.4s
[CV] END estimator__learning_rate=0.77, estimator__max_depth=10, estimator__num_leaves=8, estimator__subsample=0.2; total time=   0.6s
[CV] END estimator__learning_rate=0.77, estimator__max_depth=10, estimator__num_leaves=31, estimator__subsample=0.1; total time=   1.5s
[CV] END estimator__learning_rate=0.77, estimator__max_depth=11, estimator__num_leaves=8, estimator__subsample=0.001; total time=   0.6s
[CV] END estimator__learning_rate=0.77, estimator__max_depth=11, estimator__num_leaves=10, estimator__subsample=0.1; total time=   0.8s
[CV] END estimator__learning_rate=0.77, estimator__max_depth=12, estimator__num_leaves=2, estimator__subsample=0.1; total time=   0.1s
[CV] END estimator__learning_rate=0.77, estimator__max_depth=12, estimator__num_leaves=4, estimator__subsample=0.001; total time=   0.2s
[CV] END estimator__learning_rate=0.77, estimator__max_depth=12, estimator__num_leaves=4, estimator__subsample=0.1; total time=   0.2s
[CV] END estimator__learning_rate=0.77, estimator__max_depth=12, estimator__num_leaves=6, estimator__subsample=0.001; total time=   0.4s
[CV] END estimator__learning_rate=0.77, estimator__max_depth=12, estimator__num_leaves=8, estimator__subsample=0.1; total time=   0.6s
[CV] END estimator__learning_rate=0.77, estimator__max_depth=12, estimator__num_leaves=31, estimator__subsample=0.01; total time=   1.6s
[CV] END estimator__learning_rate=0.77, estimator__max_depth=13, estimator__num_leaves=6, estimator__subsample=0.2; total time=   0.4s
[CV] END estimator__learning_rate=0.77, estimator__max_depth=13, estimator__num_leaves=10, estimator__subsample=0.1; total time=   0.8s
[CV] END estimator__learning_rate=0.77, estimator__max_depth=14, estimator__num_leaves=2, estimator__subsample=0.001; total time=   0.0s
[CV] END estimator__learning_rate=0.77, estimator__max_depth=14, estimator__num_leaves=2, estimator__subsample=0.01; total time=   0.1s
[CV] END estimator__learning_rate=0.77, estimator__max_depth=14, estimator__num_leaves=2, estimator__subsample=0.2; total time=   0.1s
[CV] END estimator__learning_rate=0.77, estimator__max_depth=14, estimator__num_leaves=4, estimator__subsample=0.1; total time=   0.2s
[CV] END estimator__learning_rate=0.77, estimator__max_depth=14, estimator__num_leaves=6, estimator__subsample=0.001; total time=   0.4s
[CV] END estimator__learning_rate=0.77, estimator__max_depth=14, estimator__num_leaves=8, estimator__subsample=0.001; total time=   0.6s
[CV] END estimator__learning_rate=0.77, estimator__max_depth=14, estimator__num_leaves=10, estimator__subsample=0.2; total time=   0.7s
[CV] END estimator__learning_rate=0.58, estimator__max_depth=12, estimator__num_leaves=4, estimator__subsample=0.1; total time=   0.2s
[CV] END estimator__learning_rate=0.58, estimator__max_depth=12, estimator__num_leaves=6, estimator__subsample=0.01; total time=   0.4s
[CV] END estimator__learning_rate=0.58, estimator__max_depth=12, estimator__num_leaves=8, estimator__subsample=0.2; total time=   0.6s
[CV] END estimator__learning_rate=0.58, estimator__max_depth=12, estimator__num_leaves=31, estimator__subsample=0.01; total time=   1.5s
[CV] END estimator__learning_rate=0.58, estimator__max_depth=13, estimator__num_leaves=6, estimator__subsample=0.2; total time=   0.4s
[CV] END estimator__learning_rate=0.58, estimator__max_depth=13, estimator__num_leaves=10, estimator__subsample=0.1; total time=   0.7s
[CV] END estimator__learning_rate=0.58, estimator__max_depth=14, estimator__num_leaves=2, estimator__subsample=0.001; total time=   0.0s
[CV] END estimator__learning_rate=0.58, estimator__max_depth=14, estimator__num_leaves=2, estimator__subsample=0.01; total time=   0.1s
[CV] END estimator__learning_rate=0.58, estimator__max_depth=14, estimator__num_leaves=2, estimator__subsample=0.2; total time=   0.1s
[CV] END estimator__learning_rate=0.58, estimator__max_depth=14, estimator__num_leaves=4, estimator__subsample=0.01; total time=   0.2s
[CV] END estimator__learning_rate=0.58, estimator__max_depth=14, estimator__num_leaves=6, estimator__subsample=0.001; total time=   0.4s
[CV] END estimator__learning_rate=0.58, estimator__max_depth=14, estimator__num_leaves=8, estimator__subsample=0.001; total time=   0.6s
[CV] END estimator__learning_rate=0.58, estimator__max_depth=14, estimator__num_leaves=10, estimator__subsample=0.1; total time=   0.8s
[CV] END estimator__learning_rate=0.77, estimator__max_depth=10, estimator__num_leaves=2, estimator__subsample=0.1; total time=   0.1s
[CV] END estimator__learning_rate=0.77, estimator__max_depth=10, estimator__num_leaves=4, estimator__subsample=0.001; total time=   0.2s
[CV] END estimator__learning_rate=0.77, estimator__max_depth=10, estimator__num_leaves=4, estimator__subsample=0.1; total time=   0.2s
[CV] END estimator__learning_rate=0.77, estimator__max_depth=10, estimator__num_leaves=6, estimator__subsample=0.001; total time=   0.4s
[CV] END estimator__learning_rate=0.77, estimator__max_depth=10, estimator__num_leaves=8, estimator__subsample=0.1; total time=   0.6s
[CV] END estimator__learning_rate=0.77, estimator__max_depth=10, estimator__num_leaves=31, estimator__subsample=0.01; total time=   1.5s
[CV] END estimator__learning_rate=0.77, estimator__max_depth=11, estimator__num_leaves=6, estimator__subsample=0.2; total time=   0.4s
[CV] END estimator__learning_rate=0.77, estimator__max_depth=11, estimator__num_leaves=10, estimator__subsample=0.01; total time=   0.7s
[CV] END estimator__learning_rate=0.77, estimator__max_depth=11, estimator__num_leaves=31, estimator__subsample=0.2; total time=   1.5s
[CV] END estimator__learning_rate=0.77, estimator__max_depth=12, estimator__num_leaves=8, estimator__subsample=0.2; total time=   0.6s
[CV] END estimator__learning_rate=0.77, estimator__max_depth=12, estimator__num_leaves=31, estimator__subsample=0.1; total time=   1.6s
[CV] END estimator__learning_rate=0.77, estimator__max_depth=13, estimator__num_leaves=8, estimator__subsample=0.001; total time=   0.6s
[CV] END estimator__learning_rate=0.77, estimator__max_depth=13, estimator__num_leaves=10, estimator__subsample=0.1; total time=   0.8s
[CV] END estimator__learning_rate=0.77, estimator__max_depth=14, estimator__num_leaves=2, estimator__subsample=0.1; total time=   0.1s
[CV] END estimator__learning_rate=0.77, estimator__max_depth=14, estimator__num_leaves=2, estimator__subsample=0.2; total time=   0.1s
[CV] END estimator__learning_rate=0.77, estimator__max_depth=14, estimator__num_leaves=4, estimator__subsample=0.1; total time=   0.2s
[CV] END estimator__learning_rate=0.77, estimator__max_depth=14, estimator__num_leaves=6, estimator__subsample=0.001; total time=   0.4s
[CV] END estimator__learning_rate=0.77, estimator__max_depth=14, estimator__num_leaves=8, estimator__subsample=0.01; total time=   0.6s
[CV] END estimator__learning_rate=0.77, estimator__max_depth=14, estimator__num_leaves=10, estimator__subsample=0.2; total time=   0.7s
[CV] END estimator__learning_rate=0.39, estimator__max_depth=13, estimator__num_leaves=8, estimator__subsample=0.001; total time=   0.6s
[CV] END estimator__learning_rate=0.39, estimator__max_depth=13, estimator__num_leaves=10, estimator__subsample=0.1; total time=   0.8s
[CV] END estimator__learning_rate=0.39, estimator__max_depth=14, estimator__num_leaves=2, estimator__subsample=0.01; total time=   0.1s
[CV] END estimator__learning_rate=0.39, estimator__max_depth=14, estimator__num_leaves=2, estimator__subsample=0.2; total time=   0.1s
[CV] END estimator__learning_rate=0.39, estimator__max_depth=14, estimator__num_leaves=4, estimator__subsample=0.1; total time=   0.2s
[CV] END estimator__learning_rate=0.39, estimator__max_depth=14, estimator__num_leaves=6, estimator__subsample=0.001; total time=   0.4s
[CV] END estimator__learning_rate=0.39, estimator__max_depth=14, estimator__num_leaves=8, estimator__subsample=0.01; total time=   0.6s
[CV] END estimator__learning_rate=0.39, estimator__max_depth=14, estimator__num_leaves=10, estimator__subsample=0.2; total time=   0.8s
[CV] END estimator__learning_rate=0.58, estimator__max_depth=10, estimator__num_leaves=2, estimator__subsample=0.1; total time=   0.1s
[CV] END estimator__learning_rate=0.58, estimator__max_depth=10, estimator__num_leaves=4, estimator__subsample=0.01; total time=   0.2s
[CV] END estimator__learning_rate=0.58, estimator__max_depth=10, estimator__num_leaves=4, estimator__subsample=0.2; total time=   0.2s
[CV] END estimator__learning_rate=0.58, estimator__max_depth=10, estimator__num_leaves=6, estimator__subsample=0.1; total time=   0.4s
[CV] END estimator__learning_rate=0.58, estimator__max_depth=10, estimator__num_leaves=10, estimator__subsample=0.001; total time=   0.8s
[CV] END estimator__learning_rate=0.58, estimator__max_depth=10, estimator__num_leaves=31, estimator__subsample=0.1; total time=   1.8s
[CV] END estimator__learning_rate=0.58, estimator__max_depth=11, estimator__num_leaves=10, estimator__subsample=0.1; total time=   0.7s
[CV] END estimator__learning_rate=0.58, estimator__max_depth=12, estimator__num_leaves=2, estimator__subsample=0.001; total time=   0.0s
[CV] END estimator__learning_rate=0.58, estimator__max_depth=12, estimator__num_leaves=2, estimator__subsample=0.01; total time=   0.1s
[CV] END estimator__learning_rate=0.58, estimator__max_depth=12, estimator__num_leaves=2, estimator__subsample=0.2; total time=   0.1s
[CV] END estimator__learning_rate=0.58, estimator__max_depth=12, estimator__num_leaves=4, estimator__subsample=0.01; total time=   0.2s
[CV] END estimator__learning_rate=0.58, estimator__max_depth=12, estimator__num_leaves=6, estimator__subsample=0.001; total time=   0.4s
[CV] END estimator__learning_rate=0.58, estimator__max_depth=12, estimator__num_leaves=8, estimator__subsample=0.001; total time=   0.6s
[CV] END estimator__learning_rate=0.58, estimator__max_depth=12, estimator__num_leaves=10, estimator__subsample=0.2; total time=   0.7s
[CV] END estimator__learning_rate=0.58, estimator__max_depth=13, estimator__num_leaves=2, estimator__subsample=0.1; total time=   0.1s
[CV] END estimator__learning_rate=0.58, estimator__max_depth=13, estimator__num_leaves=4, estimator__subsample=0.001; total time=   0.2s
[CV] END estimator__learning_rate=0.58, estimator__max_depth=13, estimator__num_leaves=4, estimator__subsample=0.1; total time=   0.2s
[CV] END estimator__learning_rate=0.58, estimator__max_depth=13, estimator__num_leaves=6, estimator__subsample=0.001; total time=   0.4s
[CV] END estimator__learning_rate=0.58, estimator__max_depth=13, estimator__num_leaves=8, estimator__subsample=0.1; total time=   0.6s
[CV] END estimator__learning_rate=0.58, estimator__max_depth=13, estimator__num_leaves=31, estimator__subsample=0.01; total time=   1.6s
[CV] END estimator__learning_rate=0.58, estimator__max_depth=14, estimator__num_leaves=8, estimator__subsample=0.001; total time=   0.6s
[CV] END estimator__learning_rate=0.58, estimator__max_depth=14, estimator__num_leaves=10, estimator__subsample=0.1; total time=   0.8s
[CV] END estimator__learning_rate=0.77, estimator__max_depth=10, estimator__num_leaves=2, estimator__subsample=0.01; total time=   0.1s
[CV] END estimator__learning_rate=0.77, estimator__max_depth=10, estimator__num_leaves=2, estimator__subsample=0.2; total time=   0.1s
[CV] END estimator__learning_rate=0.77, estimator__max_depth=10, estimator__num_leaves=4, estimator__subsample=0.1; total time=   0.2s
[CV] END estimator__learning_rate=0.77, estimator__max_depth=10, estimator__num_leaves=6, estimator__subsample=0.001; total time=   0.4s
[CV] END estimator__learning_rate=0.77, estimator__max_depth=10, estimator__num_leaves=8, estimator__subsample=0.01; total time=   0.6s
[CV] END estimator__learning_rate=0.77, estimator__max_depth=10, estimator__num_leaves=10, estimator__subsample=0.2; total time=   0.7s
[CV] END estimator__learning_rate=0.77, estimator__max_depth=11, estimator__num_leaves=2, estimator__subsample=0.1; total time=   0.1s
[CV] END estimator__learning_rate=0.77, estimator__max_depth=11, estimator__num_leaves=4, estimator__subsample=0.01; total time=   0.2s
[CV] END estimator__learning_rate=0.77, estimator__max_depth=11, estimator__num_leaves=4, estimator__subsample=0.2; total time=   0.3s
[CV] END estimator__learning_rate=0.77, estimator__max_depth=11, estimator__num_leaves=6, estimator__subsample=0.1; total time=   0.4s
[CV] END estimator__learning_rate=0.77, estimator__max_depth=11, estimator__num_leaves=10, estimator__subsample=0.01; total time=   0.7s
[CV] END estimator__learning_rate=0.77, estimator__max_depth=11, estimator__num_leaves=31, estimator__subsample=0.2; total time=   1.5s
[CV] END estimator__learning_rate=0.77, estimator__max_depth=12, estimator__num_leaves=8, estimator__subsample=0.1; total time=   0.6s
[CV] END estimator__learning_rate=0.77, estimator__max_depth=12, estimator__num_leaves=31, estimator__subsample=0.01; total time=   1.5s
[CV] END estimator__learning_rate=0.77, estimator__max_depth=13, estimator__num_leaves=6, estimator__subsample=0.2; total time=   0.4s
[CV] END estimator__learning_rate=0.77, estimator__max_depth=13, estimator__num_leaves=10, estimator__subsample=0.01; total time=   0.8s
[CV] END estimator__learning_rate=0.77, estimator__max_depth=14, estimator__num_leaves=2, estimator__subsample=0.001; total time=   0.0s
[CV] END estimator__learning_rate=0.77, estimator__max_depth=14, estimator__num_leaves=2, estimator__subsample=0.001; total time=   0.1s
[CV] END estimator__learning_rate=0.77, estimator__max_depth=14, estimator__num_leaves=2, estimator__subsample=0.2; total time=   0.1s
[CV] END estimator__learning_rate=0.77, estimator__max_depth=14, estimator__num_leaves=4, estimator__subsample=0.01; total time=   0.3s
[CV] END estimator__learning_rate=0.77, estimator__max_depth=14, estimator__num_leaves=6, estimator__subsample=0.001; total time=   0.4s
[CV] END estimator__learning_rate=0.77, estimator__max_depth=14, estimator__num_leaves=8, estimator__subsample=0.01; total time=   0.6s
[CV] END estimator__learning_rate=0.77, estimator__max_depth=14, estimator__num_leaves=10, estimator__subsample=0.2; total time=   0.7s
[CV] END estimator__learning_rate=0.39, estimator__max_depth=14, estimator__num_leaves=4, estimator__subsample=0.01; total time=   0.2s
[CV] END estimator__learning_rate=0.39, estimator__max_depth=14, estimator__num_leaves=4, estimator__subsample=0.2; total time=   0.2s
[CV] END estimator__learning_rate=0.39, estimator__max_depth=14, estimator__num_leaves=6, estimator__subsample=0.1; total time=   0.4s
[CV] END estimator__learning_rate=0.39, estimator__max_depth=14, estimator__num_leaves=10, estimator__subsample=0.001; total time=   0.7s
[CV] END estimator__learning_rate=0.39, estimator__max_depth=14, estimator__num_leaves=31, estimator__subsample=0.1; total time=   1.6s
[CV] END estimator__learning_rate=0.58, estimator__max_depth=10, estimator__num_leaves=8, estimator__subsample=0.01; total time=   0.6s
[CV] END estimator__learning_rate=0.58, estimator__max_depth=10, estimator__num_leaves=31, estimator__subsample=0.001; total time=   1.8s
[CV] END estimator__learning_rate=0.58, estimator__max_depth=11, estimator__num_leaves=8, estimator__subsample=0.1; total time=   0.6s
[CV] END estimator__learning_rate=0.58, estimator__max_depth=11, estimator__num_leaves=31, estimator__subsample=0.001; total time=   1.5s
[CV] END estimator__learning_rate=0.58, estimator__max_depth=12, estimator__num_leaves=6, estimator__subsample=0.01; total time=   0.4s
[CV] END estimator__learning_rate=0.58, estimator__max_depth=12, estimator__num_leaves=10, estimator__subsample=0.001; total time=   0.7s
[CV] END estimator__learning_rate=0.58, estimator__max_depth=12, estimator__num_leaves=31, estimator__subsample=0.1; total time=   1.5s
[CV] END estimator__learning_rate=0.58, estimator__max_depth=13, estimator__num_leaves=8, estimator__subsample=0.01; total time=   0.6s
[CV] END estimator__learning_rate=0.58, estimator__max_depth=13, estimator__num_leaves=31, estimator__subsample=0.001; total time=   1.6s
[CV] END estimator__learning_rate=0.58, estimator__max_depth=14, estimator__num_leaves=6, estimator__subsample=0.1; total time=   0.4s
[CV] END estimator__learning_rate=0.58, estimator__max_depth=14, estimator__num_leaves=10, estimator__subsample=0.01; total time=   0.7s
[CV] END estimator__learning_rate=0.58, estimator__max_depth=14, estimator__num_leaves=31, estimator__subsample=0.2; total time=   1.6s
[CV] END estimator__learning_rate=0.77, estimator__max_depth=10, estimator__num_leaves=8, estimator__subsample=0.2; total time=   0.6s
[CV] END estimator__learning_rate=0.77, estimator__max_depth=10, estimator__num_leaves=31, estimator__subsample=0.01; total time=   1.5s
[CV] END estimator__learning_rate=0.77, estimator__max_depth=11, estimator__num_leaves=6, estimator__subsample=0.2; total time=   0.4s
[CV] END estimator__learning_rate=0.77, estimator__max_depth=11, estimator__num_leaves=10, estimator__subsample=0.1; total time=   0.7s
[CV] END estimator__learning_rate=0.77, estimator__max_depth=12, estimator__num_leaves=2, estimator__subsample=0.001; total time=   0.0s
[CV] END estimator__learning_rate=0.77, estimator__max_depth=12, estimator__num_leaves=2, estimator__subsample=0.01; total time=   0.1s
[CV] END estimator__learning_rate=0.77, estimator__max_depth=12, estimator__num_leaves=2, estimator__subsample=0.2; total time=   0.1s
[CV] END estimator__learning_rate=0.77, estimator__max_depth=12, estimator__num_leaves=4, estimator__subsample=0.01; total time=   0.2s
[CV] END estimator__learning_rate=0.77, estimator__max_depth=12, estimator__num_leaves=6, estimator__subsample=0.001; total time=   0.4s
[CV] END estimator__learning_rate=0.77, estimator__max_depth=12, estimator__num_leaves=8, estimator__subsample=0.01; total time=   0.6s
[CV] END estimator__learning_rate=0.77, estimator__max_depth=12, estimator__num_leaves=10, estimator__subsample=0.2; total time=   0.8s
[CV] END estimator__learning_rate=0.77, estimator__max_depth=13, estimator__num_leaves=2, estimator__subsample=0.1; total time=   0.1s
[CV] END estimator__learning_rate=0.77, estimator__max_depth=13, estimator__num_leaves=4, estimator__subsample=0.01; total time=   0.2s
[CV] END estimator__learning_rate=0.77, estimator__max_depth=13, estimator__num_leaves=4, estimator__subsample=0.2; total time=   0.2s
[CV] END estimator__learning_rate=0.77, estimator__max_depth=13, estimator__num_leaves=6, estimator__subsample=0.1; total time=   0.4s
[CV] END estimator__learning_rate=0.77, estimator__max_depth=13, estimator__num_leaves=10, estimator__subsample=0.001; total time=   0.8s
[CV] END estimator__learning_rate=0.77, estimator__max_depth=13, estimator__num_leaves=31, estimator__subsample=0.1; total time=   1.5s
[CV] END estimator__learning_rate=0.77, estimator__max_depth=14, estimator__num_leaves=8, estimator__subsample=0.01; total time=   0.6s
[CV] END estimator__learning_rate=0.77, estimator__max_depth=14, estimator__num_leaves=10, estimator__subsample=0.2; total time=   0.7s
[CV] END estimator__learning_rate=0.58, estimator__max_depth=13, estimator__num_leaves=2, estimator__subsample=0.001; total time=   0.1s
[CV] END estimator__learning_rate=0.58, estimator__max_depth=13, estimator__num_leaves=2, estimator__subsample=0.1; total time=   0.1s
[CV] END estimator__learning_rate=0.58, estimator__max_depth=13, estimator__num_leaves=4, estimator__subsample=0.01; total time=   0.2s
[CV] END estimator__learning_rate=0.58, estimator__max_depth=13, estimator__num_leaves=4, estimator__subsample=0.2; total time=   0.2s
[CV] END estimator__learning_rate=0.58, estimator__max_depth=13, estimator__num_leaves=6, estimator__subsample=0.01; total time=   0.4s
[CV] END estimator__learning_rate=0.58, estimator__max_depth=13, estimator__num_leaves=10, estimator__subsample=0.001; total time=   0.7s
[CV] END estimator__learning_rate=0.58, estimator__max_depth=13, estimator__num_leaves=31, estimator__subsample=0.1; total time=   1.6s
[CV] END estimator__learning_rate=0.58, estimator__max_depth=14, estimator__num_leaves=8, estimator__subsample=0.01; total time=   0.6s
[CV] END estimator__learning_rate=0.58, estimator__max_depth=14, estimator__num_leaves=31, estimator__subsample=0.001; total time=   1.6s
[CV] END estimator__learning_rate=0.77, estimator__max_depth=10, estimator__num_leaves=6, estimator__subsample=0.1; total time=   0.4s
[CV] END estimator__learning_rate=0.77, estimator__max_depth=10, estimator__num_leaves=10, estimator__subsample=0.01; total time=   0.7s
[CV] END estimator__learning_rate=0.77, estimator__max_depth=10, estimator__num_leaves=31, estimator__subsample=0.2; total time=   1.5s
[CV] END estimator__learning_rate=0.77, estimator__max_depth=11, estimator__num_leaves=8, estimator__subsample=0.1; total time=   0.6s
[CV] END estimator__learning_rate=0.77, estimator__max_depth=11, estimator__num_leaves=31, estimator__subsample=0.01; total time=   1.5s
[CV] END estimator__learning_rate=0.77, estimator__max_depth=12, estimator__num_leaves=6, estimator__subsample=0.2; total time=   0.4s
[CV] END estimator__learning_rate=0.77, estimator__max_depth=12, estimator__num_leaves=10, estimator__subsample=0.01; total time=   0.7s
[CV] END estimator__learning_rate=0.77, estimator__max_depth=13, estimator__num_leaves=2, estimator__subsample=0.001; total time=   0.0s
[CV] END estimator__learning_rate=0.77, estimator__max_depth=13, estimator__num_leaves=2, estimator__subsample=0.001; total time=   0.1s
[CV] END estimator__learning_rate=0.77, estimator__max_depth=13, estimator__num_leaves=2, estimator__subsample=0.2; total time=   0.1s
[CV] END estimator__learning_rate=0.77, estimator__max_depth=13, estimator__num_leaves=4, estimator__subsample=0.01; total time=   0.2s
[CV] END estimator__learning_rate=0.77, estimator__max_depth=13, estimator__num_leaves=4, estimator__subsample=0.2; total time=   0.2s
[CV] END estimator__learning_rate=0.77, estimator__max_depth=13, estimator__num_leaves=6, estimator__subsample=0.1; total time=   0.4s
[CV] END estimator__learning_rate=0.77, estimator__max_depth=13, estimator__num_leaves=10, estimator__subsample=0.001; total time=   0.8s
[CV] END estimator__learning_rate=0.77, estimator__max_depth=13, estimator__num_leaves=31, estimator__subsample=0.1; total time=   1.5s
[CV] END estimator__learning_rate=0.77, estimator__max_depth=14, estimator__num_leaves=8, estimator__subsample=0.01; total time=   0.6s
[CV] END estimator__learning_rate=0.77, estimator__max_depth=14, estimator__num_leaves=31, estimator__subsample=0.001; total time=   1.1s
[CV] END estimator__learning_rate=0.58, estimator__max_depth=11, estimator__num_leaves=8, estimator__subsample=0.01; total time=   0.6s
[CV] END estimator__learning_rate=0.58, estimator__max_depth=11, estimator__num_leaves=31, estimator__subsample=0.001; total time=   1.5s
[CV] END estimator__learning_rate=0.58, estimator__max_depth=12, estimator__num_leaves=6, estimator__subsample=0.1; total time=   0.4s
[CV] END estimator__learning_rate=0.58, estimator__max_depth=12, estimator__num_leaves=10, estimator__subsample=0.001; total time=   0.8s
[CV] END estimator__learning_rate=0.58, estimator__max_depth=12, estimator__num_leaves=31, estimator__subsample=0.1; total time=   1.5s
[CV] END estimator__learning_rate=0.58, estimator__max_depth=13, estimator__num_leaves=8, estimator__subsample=0.1; total time=   0.6s
[CV] END estimator__learning_rate=0.58, estimator__max_depth=13, estimator__num_leaves=31, estimator__subsample=0.001; total time=   1.6s
[CV] END estimator__learning_rate=0.58, estimator__max_depth=14, estimator__num_leaves=6, estimator__subsample=0.1; total time=   0.4s
[CV] END estimator__learning_rate=0.58, estimator__max_depth=14, estimator__num_leaves=10, estimator__subsample=0.01; total time=   0.8s
[CV] END estimator__learning_rate=0.58, estimator__max_depth=14, estimator__num_leaves=31, estimator__subsample=0.2; total time=   1.6s
[CV] END estimator__learning_rate=0.77, estimator__max_depth=10, estimator__num_leaves=8, estimator__subsample=0.2; total time=   0.6s
[CV] END estimator__learning_rate=0.77, estimator__max_depth=10, estimator__num_leaves=31, estimator__subsample=0.01; total time=   1.5s
[CV] END estimator__learning_rate=0.77, estimator__max_depth=11, estimator__num_leaves=8, estimator__subsample=0.001; total time=   0.6s
[CV] END estimator__learning_rate=0.77, estimator__max_depth=11, estimator__num_leaves=10, estimator__subsample=0.1; total time=   0.8s
[CV] END estimator__learning_rate=0.77, estimator__max_depth=12, estimator__num_leaves=2, estimator__subsample=0.01; total time=   0.1s
[CV] END estimator__learning_rate=0.77, estimator__max_depth=12, estimator__num_leaves=2, estimator__subsample=0.2; total time=   0.1s
[CV] END estimator__learning_rate=0.77, estimator__max_depth=12, estimator__num_leaves=4, estimator__subsample=0.1; total time=   0.2s
[CV] END estimator__learning_rate=0.77, estimator__max_depth=12, estimator__num_leaves=6, estimator__subsample=0.001; total time=   0.4s
[CV] END estimator__learning_rate=0.77, estimator__max_depth=12, estimator__num_leaves=8, estimator__subsample=0.01; total time=   0.6s
[CV] END estimator__learning_rate=0.77, estimator__max_depth=12, estimator__num_leaves=10, estimator__subsample=0.2; total time=   0.7s
[CV] END estimator__learning_rate=0.77, estimator__max_depth=13, estimator__num_leaves=2, estimator__subsample=0.1; total time=   0.1s
[CV] END estimator__learning_rate=0.77, estimator__max_depth=13, estimator__num_leaves=4, estimator__subsample=0.01; total time=   0.2s
[CV] END estimator__learning_rate=0.77, estimator__max_depth=13, estimator__num_leaves=4, estimator__subsample=0.2; total time=   0.2s
[CV] END estimator__learning_rate=0.77, estimator__max_depth=13, estimator__num_leaves=6, estimator__subsample=0.01; total time=   0.4s
[CV] END estimator__learning_rate=0.77, estimator__max_depth=13, estimator__num_leaves=10, estimator__subsample=0.001; total time=   0.8s
[CV] END estimator__learning_rate=0.77, estimator__max_depth=13, estimator__num_leaves=31, estimator__subsample=0.1; total time=   1.6s
[CV] END estimator__learning_rate=0.77, estimator__max_depth=14, estimator__num_leaves=8, estimator__subsample=0.01; total time=   0.6s
[CV] END estimator__learning_rate=0.77, estimator__max_depth=14, estimator__num_leaves=31, estimator__subsample=0.001; total time=   1.2s
[CV] END estimator__learning_rate=0.58, estimator__max_depth=11, estimator__num_leaves=4, estimator__subsample=0.2; total time=   0.2s
[CV] END estimator__learning_rate=0.58, estimator__max_depth=11, estimator__num_leaves=6, estimator__subsample=0.01; total time=   0.4s
[CV] END estimator__learning_rate=0.58, estimator__max_depth=11, estimator__num_leaves=8, estimator__subsample=0.2; total time=   0.7s
[CV] END estimator__learning_rate=0.58, estimator__max_depth=11, estimator__num_leaves=31, estimator__subsample=0.1; total time=   1.5s
[CV] END estimator__learning_rate=0.58, estimator__max_depth=12, estimator__num_leaves=8, estimator__subsample=0.01; total time=   0.6s
[CV] END estimator__learning_rate=0.58, estimator__max_depth=12, estimator__num_leaves=10, estimator__subsample=0.2; total time=   0.7s
[CV] END estimator__learning_rate=0.58, estimator__max_depth=13, estimator__num_leaves=2, estimator__subsample=0.2; total time=   0.1s
[CV] END estimator__learning_rate=0.58, estimator__max_depth=13, estimator__num_leaves=4, estimator__subsample=0.01; total time=   0.2s
[CV] END estimator__learning_rate=0.58, estimator__max_depth=13, estimator__num_leaves=6, estimator__subsample=0.001; total time=   0.4s
[CV] END estimator__learning_rate=0.58, estimator__max_depth=13, estimator__num_leaves=8, estimator__subsample=0.001; total time=   0.6s
[CV] END estimator__learning_rate=0.58, estimator__max_depth=13, estimator__num_leaves=10, estimator__subsample=0.2; total time=   0.8s
[CV] END estimator__learning_rate=0.58, estimator__max_depth=14, estimator__num_leaves=2, estimator__subsample=0.1; total time=   0.1s
[CV] END estimator__learning_rate=0.58, estimator__max_depth=14, estimator__num_leaves=4, estimator__subsample=0.01; total time=   0.2s
[CV] END estimator__learning_rate=0.58, estimator__max_depth=14, estimator__num_leaves=4, estimator__subsample=0.2; total time=   0.2s
[CV] END estimator__learning_rate=0.58, estimator__max_depth=14, estimator__num_leaves=6, estimator__subsample=0.1; total time=   0.4s
[CV] END estimator__learning_rate=0.58, estimator__max_depth=14, estimator__num_leaves=10, estimator__subsample=0.001; total time=   0.8s
[CV] END estimator__learning_rate=0.58, estimator__max_depth=14, estimator__num_leaves=31, estimator__subsample=0.1; total time=   1.6s
[CV] END estimator__learning_rate=0.77, estimator__max_depth=10, estimator__num_leaves=8, estimator__subsample=0.01; total time=   0.6s
[CV] END estimator__learning_rate=0.77, estimator__max_depth=10, estimator__num_leaves=31, estimator__subsample=0.001; total time=   1.5s
[CV] END estimator__learning_rate=0.77, estimator__max_depth=11, estimator__num_leaves=6, estimator__subsample=0.1; total time=   0.4s
[CV] END estimator__learning_rate=0.77, estimator__max_depth=11, estimator__num_leaves=10, estimator__subsample=0.01; total time=   0.7s
[CV] END estimator__learning_rate=0.77, estimator__max_depth=11, estimator__num_leaves=31, estimator__subsample=0.2; total time=   1.6s
[CV] END estimator__learning_rate=0.77, estimator__max_depth=12, estimator__num_leaves=8, estimator__subsample=0.2; total time=   0.6s
[CV] END estimator__learning_rate=0.77, estimator__max_depth=12, estimator__num_leaves=31, estimator__subsample=0.1; total time=   1.6s
[CV] END estimator__learning_rate=0.77, estimator__max_depth=13, estimator__num_leaves=8, estimator__subsample=0.001; total time=   0.6s
[CV] END estimator__learning_rate=0.77, estimator__max_depth=13, estimator__num_leaves=10, estimator__subsample=0.1; total time=   0.8s
[CV] END estimator__learning_rate=0.77, estimator__max_depth=14, estimator__num_leaves=2, estimator__subsample=0.01; total time=   0.1s
[CV] END estimator__learning_rate=0.77, estimator__max_depth=14, estimator__num_leaves=4, estimator__subsample=0.001; total time=   0.2s
[CV] END estimator__learning_rate=0.77, estimator__max_depth=14, estimator__num_leaves=4, estimator__subsample=0.1; total time=   0.2s
[CV] END estimator__learning_rate=0.77, estimator__max_depth=14, estimator__num_leaves=6, estimator__subsample=0.001; total time=   0.4s
[CV] END estimator__learning_rate=0.77, estimator__max_depth=14, estimator__num_leaves=8, estimator__subsample=0.1; total time=   0.6s
[CV] END estimator__learning_rate=0.77, estimator__max_depth=14, estimator__num_leaves=31, estimator__subsample=0.001; total time=   1.1s
[CV] END estimator__learning_rate=0.58, estimator__max_depth=10, estimator__num_leaves=8, estimator__subsample=0.2; total time=   0.6s
[CV] END estimator__learning_rate=0.58, estimator__max_depth=10, estimator__num_leaves=31, estimator__subsample=0.01; total time=   1.5s
[CV] END estimator__learning_rate=0.58, estimator__max_depth=11, estimator__num_leaves=6, estimator__subsample=0.2; total time=   0.4s
[CV] END estimator__learning_rate=0.58, estimator__max_depth=11, estimator__num_leaves=10, estimator__subsample=0.01; total time=   0.7s
[CV] END estimator__learning_rate=0.58, estimator__max_depth=11, estimator__num_leaves=31, estimator__subsample=0.2; total time=   1.5s
[CV] END estimator__learning_rate=0.58, estimator__max_depth=12, estimator__num_leaves=8, estimator__subsample=0.2; total time=   0.6s
[CV] END estimator__learning_rate=0.58, estimator__max_depth=12, estimator__num_leaves=31, estimator__subsample=0.01; total time=   1.5s
[CV] END estimator__learning_rate=0.58, estimator__max_depth=13, estimator__num_leaves=6, estimator__subsample=0.2; total time=   0.4s
[CV] END estimator__learning_rate=0.58, estimator__max_depth=13, estimator__num_leaves=10, estimator__subsample=0.1; total time=   0.9s
[CV] END estimator__learning_rate=0.58, estimator__max_depth=14, estimator__num_leaves=2, estimator__subsample=0.01; total time=   0.1s
[CV] END estimator__learning_rate=0.58, estimator__max_depth=14, estimator__num_leaves=4, estimator__subsample=0.001; total time=   0.2s
[CV] END estimator__learning_rate=0.58, estimator__max_depth=14, estimator__num_leaves=4, estimator__subsample=0.1; total time=   0.2s
[CV] END estimator__learning_rate=0.58, estimator__max_depth=14, estimator__num_leaves=6, estimator__subsample=0.001; total time=   0.4s
[CV] END estimator__learning_rate=0.58, estimator__max_depth=14, estimator__num_leaves=8, estimator__subsample=0.1; total time=   0.6s
[CV] END estimator__learning_rate=0.58, estimator__max_depth=14, estimator__num_leaves=31, estimator__subsample=0.001; total time=   1.9s
[CV] END estimator__learning_rate=0.77, estimator__max_depth=10, estimator__num_leaves=8, estimator__subsample=0.1; total time=   0.6s
[CV] END estimator__learning_rate=0.77, estimator__max_depth=10, estimator__num_leaves=31, estimator__subsample=0.001; total time=   1.8s
[CV] END estimator__learning_rate=0.77, estimator__max_depth=11, estimator__num_leaves=8, estimator__subsample=0.1; total time=   0.6s
[CV] END estimator__learning_rate=0.77, estimator__max_depth=11, estimator__num_leaves=31, estimator__subsample=0.001; total time=   1.5s
[CV] END estimator__learning_rate=0.77, estimator__max_depth=12, estimator__num_leaves=6, estimator__subsample=0.2; total time=   0.4s
[CV] END estimator__learning_rate=0.77, estimator__max_depth=12, estimator__num_leaves=10, estimator__subsample=0.01; total time=   0.7s
[CV] END estimator__learning_rate=0.77, estimator__max_depth=13, estimator__num_leaves=2, estimator__subsample=0.001; total time=   0.0s
[CV] END estimator__learning_rate=0.77, estimator__max_depth=13, estimator__num_leaves=2, estimator__subsample=0.01; total time=   0.1s
[CV] END estimator__learning_rate=0.77, estimator__max_depth=13, estimator__num_leaves=2, estimator__subsample=0.2; total time=   0.1s
[CV] END estimator__learning_rate=0.77, estimator__max_depth=13, estimator__num_leaves=4, estimator__subsample=0.01; total time=   0.2s
[CV] END estimator__learning_rate=0.77, estimator__max_depth=13, estimator__num_leaves=6, estimator__subsample=0.001; total time=   0.4s
[CV] END estimator__learning_rate=0.77, estimator__max_depth=13, estimator__num_leaves=8, estimator__subsample=0.001; total time=   0.6s
[CV] END estimator__learning_rate=0.77, estimator__max_depth=13, estimator__num_leaves=10, estimator__subsample=0.2; total time=   0.8s
[CV] END estimator__learning_rate=0.77, estimator__max_depth=14, estimator__num_leaves=2, estimator__subsample=0.1; total time=   0.1s
[CV] END estimator__learning_rate=0.77, estimator__max_depth=14, estimator__num_leaves=4, estimator__subsample=0.001; total time=   0.2s
[CV] END estimator__learning_rate=0.77, estimator__max_depth=14, estimator__num_leaves=4, estimator__subsample=0.1; total time=   0.2s
[CV] END estimator__learning_rate=0.77, estimator__max_depth=14, estimator__num_leaves=6, estimator__subsample=0.01; total time=   0.4s
[CV] END estimator__learning_rate=0.77, estimator__max_depth=14, estimator__num_leaves=8, estimator__subsample=0.1; total time=   0.6s
[CV] END estimator__learning_rate=0.77, estimator__max_depth=14, estimator__num_leaves=31, estimator__subsample=0.001; total time=   1.1s
[CV] END estimator__learning_rate=0.58, estimator__max_depth=13, estimator__num_leaves=31, estimator__subsample=0.2; total time=   1.6s
[CV] END estimator__learning_rate=0.58, estimator__max_depth=14, estimator__num_leaves=8, estimator__subsample=0.2; total time=   0.6s
[CV] END estimator__learning_rate=0.58, estimator__max_depth=14, estimator__num_leaves=31, estimator__subsample=0.1; total time=   1.6s
[CV] END estimator__learning_rate=0.77, estimator__max_depth=10, estimator__num_leaves=8, estimator__subsample=0.001; total time=   0.6s
[CV] END estimator__learning_rate=0.77, estimator__max_depth=10, estimator__num_leaves=10, estimator__subsample=0.1; total time=   0.7s
[CV] END estimator__learning_rate=0.77, estimator__max_depth=11, estimator__num_leaves=2, estimator__subsample=0.01; total time=   0.1s
[CV] END estimator__learning_rate=0.77, estimator__max_depth=11, estimator__num_leaves=4, estimator__subsample=0.001; total time=   0.2s
[CV] END estimator__learning_rate=0.77, estimator__max_depth=11, estimator__num_leaves=4, estimator__subsample=0.1; total time=   0.2s
[CV] END estimator__learning_rate=0.77, estimator__max_depth=11, estimator__num_leaves=6, estimator__subsample=0.001; total time=   0.4s
[CV] END estimator__learning_rate=0.77, estimator__max_depth=11, estimator__num_leaves=8, estimator__subsample=0.2; total time=   0.6s
[CV] END estimator__learning_rate=0.77, estimator__max_depth=11, estimator__num_leaves=31, estimator__subsample=0.01; total time=   1.5s
[CV] END estimator__learning_rate=0.77, estimator__max_depth=12, estimator__num_leaves=8, estimator__subsample=0.001; total time=   0.6s
[CV] END estimator__learning_rate=0.77, estimator__max_depth=12, estimator__num_leaves=10, estimator__subsample=0.1; total time=   0.7s
[CV] END estimator__learning_rate=0.77, estimator__max_depth=13, estimator__num_leaves=2, estimator__subsample=0.01; total time=   0.1s
[CV] END estimator__learning_rate=0.77, estimator__max_depth=13, estimator__num_leaves=4, estimator__subsample=0.001; total time=   0.2s
[CV] END estimator__learning_rate=0.77, estimator__max_depth=13, estimator__num_leaves=4, estimator__subsample=0.1; total time=   0.2s
[CV] END estimator__learning_rate=0.77, estimator__max_depth=13, estimator__num_leaves=6, estimator__subsample=0.001; total time=   0.6s
[CV] END estimator__learning_rate=0.77, estimator__max_depth=13, estimator__num_leaves=10, estimator__subsample=0.001; total time=   0.8s
[CV] END estimator__learning_rate=0.77, estimator__max_depth=13, estimator__num_leaves=31, estimator__subsample=0.2; total time=   1.6s
[CV] END estimator__learning_rate=0.77, estimator__max_depth=14, estimator__num_leaves=8, estimator__subsample=0.1; total time=   0.6s
[CV] END estimator__learning_rate=0.77, estimator__max_depth=14, estimator__num_leaves=31, estimator__subsample=0.001; total time=   1.1s
[CV] END estimator__learning_rate=0.58, estimator__max_depth=12, estimator__num_leaves=6, estimator__subsample=0.2; total time=   0.4s
[CV] END estimator__learning_rate=0.58, estimator__max_depth=12, estimator__num_leaves=10, estimator__subsample=0.1; total time=   0.7s
[CV] END estimator__learning_rate=0.58, estimator__max_depth=13, estimator__num_leaves=2, estimator__subsample=0.001; total time=   0.0s
[CV] END estimator__learning_rate=0.58, estimator__max_depth=13, estimator__num_leaves=2, estimator__subsample=0.001; total time=   0.1s
[CV] END estimator__learning_rate=0.58, estimator__max_depth=13, estimator__num_leaves=2, estimator__subsample=0.2; total time=   0.1s
[CV] END estimator__learning_rate=0.58, estimator__max_depth=13, estimator__num_leaves=4, estimator__subsample=0.01; total time=   0.2s
[CV] END estimator__learning_rate=0.58, estimator__max_depth=13, estimator__num_leaves=4, estimator__subsample=0.2; total time=   0.2s
[CV] END estimator__learning_rate=0.58, estimator__max_depth=13, estimator__num_leaves=6, estimator__subsample=0.1; total time=   0.4s
[CV] END estimator__learning_rate=0.58, estimator__max_depth=13, estimator__num_leaves=10, estimator__subsample=0.001; total time=   0.7s
[CV] END estimator__learning_rate=0.58, estimator__max_depth=13, estimator__num_leaves=31, estimator__subsample=0.2; total time=   1.6s
[CV] END estimator__learning_rate=0.58, estimator__max_depth=14, estimator__num_leaves=8, estimator__subsample=0.1; total time=   0.6s
[CV] END estimator__learning_rate=0.58, estimator__max_depth=14, estimator__num_leaves=31, estimator__subsample=0.01; total time=   1.6s
[CV] END estimator__learning_rate=0.77, estimator__max_depth=10, estimator__num_leaves=6, estimator__subsample=0.2; total time=   0.4s
[CV] END estimator__learning_rate=0.77, estimator__max_depth=10, estimator__num_leaves=10, estimator__subsample=0.1; total time=   0.7s
[CV] END estimator__learning_rate=0.77, estimator__max_depth=11, estimator__num_leaves=2, estimator__subsample=0.001; total time=   0.0s
[CV] END estimator__learning_rate=0.77, estimator__max_depth=11, estimator__num_leaves=2, estimator__subsample=0.01; total time=   0.1s
[CV] END estimator__learning_rate=0.77, estimator__max_depth=11, estimator__num_leaves=2, estimator__subsample=0.2; total time=   0.1s
[CV] END estimator__learning_rate=0.77, estimator__max_depth=11, estimator__num_leaves=4, estimator__subsample=0.1; total time=   0.2s
[CV] END estimator__learning_rate=0.77, estimator__max_depth=11, estimator__num_leaves=6, estimator__subsample=0.001; total time=   0.4s
[CV] END estimator__learning_rate=0.77, estimator__max_depth=11, estimator__num_leaves=8, estimator__subsample=0.001; total time=   0.6s
[CV] END estimator__learning_rate=0.77, estimator__max_depth=11, estimator__num_leaves=10, estimator__subsample=0.2; total time=   0.8s
[CV] END estimator__learning_rate=0.77, estimator__max_depth=12, estimator__num_leaves=2, estimator__subsample=0.1; total time=   0.1s
[CV] END estimator__learning_rate=0.77, estimator__max_depth=12, estimator__num_leaves=4, estimator__subsample=0.001; total time=   0.2s
[CV] END estimator__learning_rate=0.77, estimator__max_depth=12, estimator__num_leaves=4, estimator__subsample=0.2; total time=   0.2s
[CV] END estimator__learning_rate=0.77, estimator__max_depth=12, estimator__num_leaves=6, estimator__subsample=0.01; total time=   0.4s
[CV] END estimator__learning_rate=0.77, estimator__max_depth=12, estimator__num_leaves=8, estimator__subsample=0.2; total time=   0.6s
[CV] END estimator__learning_rate=0.77, estimator__max_depth=12, estimator__num_leaves=31, estimator__subsample=0.01; total time=   1.6s
[CV] END estimator__learning_rate=0.77, estimator__max_depth=13, estimator__num_leaves=8, estimator__subsample=0.001; total time=   0.6s
[CV] END estimator__learning_rate=0.77, estimator__max_depth=13, estimator__num_leaves=10, estimator__subsample=0.1; total time=   0.8s
[CV] END estimator__learning_rate=0.77, estimator__max_depth=14, estimator__num_leaves=2, estimator__subsample=0.01; total time=   0.1s
[CV] END estimator__learning_rate=0.77, estimator__max_depth=14, estimator__num_leaves=4, estimator__subsample=0.001; total time=   0.2s
[CV] END estimator__learning_rate=0.77, estimator__max_depth=14, estimator__num_leaves=4, estimator__subsample=0.1; total time=   0.2s
[CV] END estimator__learning_rate=0.77, estimator__max_depth=14, estimator__num_leaves=6, estimator__subsample=0.01; total time=   0.4s
[CV] END estimator__learning_rate=0.77, estimator__max_depth=14, estimator__num_leaves=8, estimator__subsample=0.1; total time=   0.6s
[CV] END estimator__learning_rate=0.77, estimator__max_depth=14, estimator__num_leaves=31, estimator__subsample=0.01; total time=   1.1s
[CV] END estimator__learning_rate=0.39, estimator__max_depth=13, estimator__num_leaves=4, estimator__subsample=0.2; total time=   0.2s
[CV] END estimator__learning_rate=0.39, estimator__max_depth=13, estimator__num_leaves=6, estimator__subsample=0.1; total time=   0.4s
[CV] END estimator__learning_rate=0.39, estimator__max_depth=13, estimator__num_leaves=10, estimator__subsample=0.001; total time=   0.7s
[CV] END estimator__learning_rate=0.39, estimator__max_depth=13, estimator__num_leaves=31, estimator__subsample=0.1; total time=   1.6s
[CV] END estimator__learning_rate=0.39, estimator__max_depth=14, estimator__num_leaves=8, estimator__subsample=0.01; total time=   0.6s
[CV] END estimator__learning_rate=0.39, estimator__max_depth=14, estimator__num_leaves=10, estimator__subsample=0.2; total time=   0.8s
[CV] END estimator__learning_rate=0.58, estimator__max_depth=10, estimator__num_leaves=4, estimator__subsample=0.001; total time=   0.2s
[CV] END estimator__learning_rate=0.58, estimator__max_depth=10, estimator__num_leaves=4, estimator__subsample=0.1; total time=   0.2s
[CV] END estimator__learning_rate=0.58, estimator__max_depth=10, estimator__num_leaves=6, estimator__subsample=0.01; total time=   0.4s
[CV] END estimator__learning_rate=0.58, estimator__max_depth=10, estimator__num_leaves=8, estimator__subsample=0.1; total time=   0.6s
[CV] END estimator__learning_rate=0.58, estimator__max_depth=10, estimator__num_leaves=31, estimator__subsample=0.01; total time=   1.5s
[CV] END estimator__learning_rate=0.58, estimator__max_depth=11, estimator__num_leaves=6, estimator__subsample=0.2; total time=   0.4s
[CV] END estimator__learning_rate=0.58, estimator__max_depth=11, estimator__num_leaves=10, estimator__subsample=0.01; total time=   0.9s
[CV] END estimator__learning_rate=0.58, estimator__max_depth=12, estimator__num_leaves=2, estimator__subsample=0.01; total time=   0.1s
[CV] END estimator__learning_rate=0.58, estimator__max_depth=12, estimator__num_leaves=2, estimator__subsample=0.2; total time=   0.1s
[CV] END estimator__learning_rate=0.58, estimator__max_depth=12, estimator__num_leaves=4, estimator__subsample=0.01; total time=   0.2s
[CV] END estimator__learning_rate=0.58, estimator__max_depth=12, estimator__num_leaves=4, estimator__subsample=0.2; total time=   0.2s
[CV] END estimator__learning_rate=0.58, estimator__max_depth=12, estimator__num_leaves=6, estimator__subsample=0.1; total time=   0.4s
[CV] END estimator__learning_rate=0.58, estimator__max_depth=12, estimator__num_leaves=10, estimator__subsample=0.001; total time=   0.9s
[CV] END estimator__learning_rate=0.58, estimator__max_depth=13, estimator__num_leaves=2, estimator__subsample=0.001; total time=   0.0s
[CV] END estimator__learning_rate=0.58, estimator__max_depth=13, estimator__num_leaves=2, estimator__subsample=0.01; total time=   0.1s
[CV] END estimator__learning_rate=0.58, estimator__max_depth=13, estimator__num_leaves=2, estimator__subsample=0.2; total time=   0.1s
[CV] END estimator__learning_rate=0.58, estimator__max_depth=13, estimator__num_leaves=4, estimator__subsample=0.1; total time=   0.2s
[CV] END estimator__learning_rate=0.58, estimator__max_depth=13, estimator__num_leaves=6, estimator__subsample=0.001; total time=   0.4s
[CV] END estimator__learning_rate=0.58, estimator__max_depth=13, estimator__num_leaves=8, estimator__subsample=0.01; total time=   0.6s
[CV] END estimator__learning_rate=0.58, estimator__max_depth=13, estimator__num_leaves=10, estimator__subsample=0.2; total time=   0.7s
[CV] END estimator__learning_rate=0.58, estimator__max_depth=14, estimator__num_leaves=2, estimator__subsample=0.1; total time=   0.1s
[CV] END estimator__learning_rate=0.58, estimator__max_depth=14, estimator__num_leaves=4, estimator__subsample=0.001; total time=   0.2s
[CV] END estimator__learning_rate=0.58, estimator__max_depth=14, estimator__num_leaves=4, estimator__subsample=0.2; total time=   0.2s
[CV] END estimator__learning_rate=0.58, estimator__max_depth=14, estimator__num_leaves=6, estimator__subsample=0.01; total time=   0.4s
[CV] END estimator__learning_rate=0.58, estimator__max_depth=14, estimator__num_leaves=8, estimator__subsample=0.2; total time=   0.6s
[CV] END estimator__learning_rate=0.58, estimator__max_depth=14, estimator__num_leaves=31, estimator__subsample=0.1; total time=   1.5s
[CV] END estimator__learning_rate=0.77, estimator__max_depth=10, estimator__num_leaves=8, estimator__subsample=0.001; total time=   0.6s
[CV] END estimator__learning_rate=0.77, estimator__max_depth=10, estimator__num_leaves=10, estimator__subsample=0.1; total time=   0.7s
[CV] END estimator__learning_rate=0.77, estimator__max_depth=11, estimator__num_leaves=2, estimator__subsample=0.1; total time=   0.1s
[CV] END estimator__learning_rate=0.77, estimator__max_depth=11, estimator__num_leaves=4, estimator__subsample=0.001; total time=   0.2s
[CV] END estimator__learning_rate=0.77, estimator__max_depth=11, estimator__num_leaves=4, estimator__subsample=0.1; total time=   0.2s
[CV] END estimator__learning_rate=0.77, estimator__max_depth=11, estimator__num_leaves=6, estimator__subsample=0.01; total time=   0.4s
[CV] END estimator__learning_rate=0.77, estimator__max_depth=11, estimator__num_leaves=8, estimator__subsample=0.2; total time=   0.6s
[CV] END estimator__learning_rate=0.77, estimator__max_depth=11, estimator__num_leaves=31, estimator__subsample=0.01; total time=   1.5s
[CV] END estimator__learning_rate=0.77, estimator__max_depth=12, estimator__num_leaves=8, estimator__subsample=0.001; total time=   0.6s
[CV] END estimator__learning_rate=0.77, estimator__max_depth=12, estimator__num_leaves=10, estimator__subsample=0.1; total time=   0.8s
[CV] END estimator__learning_rate=0.77, estimator__max_depth=13, estimator__num_leaves=2, estimator__subsample=0.1; total time=   0.1s
[CV] END estimator__learning_rate=0.77, estimator__max_depth=13, estimator__num_leaves=4, estimator__subsample=0.001; total time=   0.2s
[CV] END estimator__learning_rate=0.77, estimator__max_depth=13, estimator__num_leaves=4, estimator__subsample=0.1; total time=   0.2s
[CV] END estimator__learning_rate=0.77, estimator__max_depth=13, estimator__num_leaves=6, estimator__subsample=0.01; total time=   0.4s
[CV] END estimator__learning_rate=0.77, estimator__max_depth=13, estimator__num_leaves=8, estimator__subsample=0.1; total time=   0.6s
[CV] END estimator__learning_rate=0.77, estimator__max_depth=13, estimator__num_leaves=31, estimator__subsample=0.01; total time=   1.9s
[CV] END estimator__learning_rate=0.77, estimator__max_depth=14, estimator__num_leaves=8, estimator__subsample=0.2; total time=   0.6s
[CV] END estimator__learning_rate=0.77, estimator__max_depth=14, estimator__num_leaves=31, estimator__subsample=0.01; total time=   1.1s
[CV] END estimator__learning_rate=0.58, estimator__max_depth=12, estimator__num_leaves=10, estimator__subsample=0.2; total time=   0.7s
[CV] END estimator__learning_rate=0.58, estimator__max_depth=13, estimator__num_leaves=2, estimator__subsample=0.1; total time=   0.1s
[CV] END estimator__learning_rate=0.58, estimator__max_depth=13, estimator__num_leaves=4, estimator__subsample=0.001; total time=   0.2s
[CV] END estimator__learning_rate=0.58, estimator__max_depth=13, estimator__num_leaves=4, estimator__subsample=0.1; total time=   0.2s
[CV] END estimator__learning_rate=0.58, estimator__max_depth=13, estimator__num_leaves=6, estimator__subsample=0.01; total time=   0.4s
[CV] END estimator__learning_rate=0.58, estimator__max_depth=13, estimator__num_leaves=8, estimator__subsample=0.2; total time=   0.6s
[CV] END estimator__learning_rate=0.58, estimator__max_depth=13, estimator__num_leaves=31, estimator__subsample=0.01; total time=   1.5s
[CV] END estimator__learning_rate=0.58, estimator__max_depth=14, estimator__num_leaves=6, estimator__subsample=0.2; total time=   0.4s
[CV] END estimator__learning_rate=0.58, estimator__max_depth=14, estimator__num_leaves=10, estimator__subsample=0.1; total time=   0.7s
[CV] END estimator__learning_rate=0.77, estimator__max_depth=10, estimator__num_leaves=2, estimator__subsample=0.001; total time=   0.0s
[CV] END estimator__learning_rate=0.77, estimator__max_depth=10, estimator__num_leaves=2, estimator__subsample=0.01; total time=   0.1s
[CV] END estimator__learning_rate=0.77, estimator__max_depth=10, estimator__num_leaves=2, estimator__subsample=0.2; total time=   0.1s
[CV] END estimator__learning_rate=0.77, estimator__max_depth=10, estimator__num_leaves=4, estimator__subsample=0.1; total time=   0.2s
[CV] END estimator__learning_rate=0.77, estimator__max_depth=10, estimator__num_leaves=6, estimator__subsample=0.001; total time=   0.4s
[CV] END estimator__learning_rate=0.77, estimator__max_depth=10, estimator__num_leaves=8, estimator__subsample=0.01; total time=   0.6s
[CV] END estimator__learning_rate=0.77, estimator__max_depth=10, estimator__num_leaves=10, estimator__subsample=0.2; total time=   0.7s
[CV] END estimator__learning_rate=0.77, estimator__max_depth=11, estimator__num_leaves=2, estimator__subsample=0.1; total time=   0.1s
[CV] END estimator__learning_rate=0.77, estimator__max_depth=11, estimator__num_leaves=4, estimator__subsample=0.01; total time=   0.2s
[CV] END estimator__learning_rate=0.77, estimator__max_depth=11, estimator__num_leaves=4, estimator__subsample=0.2; total time=   0.2s
[CV] END estimator__learning_rate=0.77, estimator__max_depth=11, estimator__num_leaves=6, estimator__subsample=0.01; total time=   0.4s
[CV] END estimator__learning_rate=0.77, estimator__max_depth=11, estimator__num_leaves=10, estimator__subsample=0.001; total time=   0.7s
[CV] END estimator__learning_rate=0.77, estimator__max_depth=11, estimator__num_leaves=31, estimator__subsample=0.1; total time=   1.5s
[CV] END estimator__learning_rate=0.77, estimator__max_depth=12, estimator__num_leaves=8, estimator__subsample=0.01; total time=   0.6s
[CV] END estimator__learning_rate=0.77, estimator__max_depth=12, estimator__num_leaves=31, estimator__subsample=0.001; total time=   1.6s
[CV] END estimator__learning_rate=0.77, estimator__max_depth=13, estimator__num_leaves=6, estimator__subsample=0.1; total time=   0.4s
[CV] END estimator__learning_rate=0.77, estimator__max_depth=13, estimator__num_leaves=10, estimator__subsample=0.001; total time=   0.8s
[CV] END estimator__learning_rate=0.77, estimator__max_depth=13, estimator__num_leaves=31, estimator__subsample=0.2; total time=   1.5s
[CV] END estimator__learning_rate=0.77, estimator__max_depth=14, estimator__num_leaves=8, estimator__subsample=0.1; total time=   0.6s
[CV] END estimator__learning_rate=0.77, estimator__max_depth=14, estimator__num_leaves=31, estimator__subsample=0.01; total time=   1.1s
[CV] END estimator__learning_rate=0.58, estimator__max_depth=11, estimator__num_leaves=6, estimator__subsample=0.1; total time=   0.4s
[CV] END estimator__learning_rate=0.58, estimator__max_depth=11, estimator__num_leaves=10, estimator__subsample=0.001; total time=   0.7s
[CV] END estimator__learning_rate=0.58, estimator__max_depth=11, estimator__num_leaves=31, estimator__subsample=0.2; total time=   1.5s
[CV] END estimator__learning_rate=0.58, estimator__max_depth=12, estimator__num_leaves=8, estimator__subsample=0.1; total time=   0.6s
[CV] END estimator__learning_rate=0.58, estimator__max_depth=12, estimator__num_leaves=31, estimator__subsample=0.001; total time=   1.5s
[CV] END estimator__learning_rate=0.58, estimator__max_depth=13, estimator__num_leaves=6, estimator__subsample=0.1; total time=   0.4s
[CV] END estimator__learning_rate=0.58, estimator__max_depth=13, estimator__num_leaves=10, estimator__subsample=0.001; total time=   0.7s
[CV] END estimator__learning_rate=0.58, estimator__max_depth=13, estimator__num_leaves=31, estimator__subsample=0.2; total time=   1.6s
[CV] END estimator__learning_rate=0.58, estimator__max_depth=14, estimator__num_leaves=8, estimator__subsample=0.1; total time=   0.6s
[CV] END estimator__learning_rate=0.58, estimator__max_depth=14, estimator__num_leaves=31, estimator__subsample=0.001; total time=   1.5s
[CV] END estimator__learning_rate=0.77, estimator__max_depth=10, estimator__num_leaves=6, estimator__subsample=0.2; total time=   0.4s
[CV] END estimator__learning_rate=0.77, estimator__max_depth=10, estimator__num_leaves=10, estimator__subsample=0.01; total time=   0.7s
[CV] END estimator__learning_rate=0.77, estimator__max_depth=10, estimator__num_leaves=31, estimator__subsample=0.2; total time=   1.5s
[CV] END estimator__learning_rate=0.77, estimator__max_depth=11, estimator__num_leaves=8, estimator__subsample=0.2; total time=   0.6s
[CV] END estimator__learning_rate=0.77, estimator__max_depth=11, estimator__num_leaves=31, estimator__subsample=0.01; total time=   1.5s
[CV] END estimator__learning_rate=0.77, estimator__max_depth=12, estimator__num_leaves=6, estimator__subsample=0.2; total time=   0.4s
[CV] END estimator__learning_rate=0.77, estimator__max_depth=12, estimator__num_leaves=10, estimator__subsample=0.1; total time=   0.7s
[CV] END estimator__learning_rate=0.77, estimator__max_depth=13, estimator__num_leaves=2, estimator__subsample=0.001; total time=   0.0s
[CV] END estimator__learning_rate=0.77, estimator__max_depth=13, estimator__num_leaves=2, estimator__subsample=0.01; total time=   0.1s
[CV] END estimator__learning_rate=0.77, estimator__max_depth=13, estimator__num_leaves=2, estimator__subsample=0.2; total time=   0.1s
[CV] END estimator__learning_rate=0.77, estimator__max_depth=13, estimator__num_leaves=4, estimator__subsample=0.1; total time=   0.2s
[CV] END estimator__learning_rate=0.77, estimator__max_depth=13, estimator__num_leaves=6, estimator__subsample=0.001; total time=   0.4s
[CV] END estimator__learning_rate=0.77, estimator__max_depth=13, estimator__num_leaves=8, estimator__subsample=0.001; total time=   0.6s
[CV] END estimator__learning_rate=0.77, estimator__max_depth=13, estimator__num_leaves=10, estimator__subsample=0.2; total time=   0.8s
[CV] END estimator__learning_rate=0.77, estimator__max_depth=14, estimator__num_leaves=2, estimator__subsample=0.1; total time=   0.1s
[CV] END estimator__learning_rate=0.77, estimator__max_depth=14, estimator__num_leaves=4, estimator__subsample=0.01; total time=   0.2s
[CV] END estimator__learning_rate=0.77, estimator__max_depth=14, estimator__num_leaves=4, estimator__subsample=0.2; total time=   0.2s
[CV] END estimator__learning_rate=0.77, estimator__max_depth=14, estimator__num_leaves=6, estimator__subsample=0.01; total time=   0.4s
[CV] END estimator__learning_rate=0.77, estimator__max_depth=14, estimator__num_leaves=8, estimator__subsample=0.2; total time=   0.6s
[CV] END estimator__learning_rate=0.77, estimator__max_depth=14, estimator__num_leaves=31, estimator__subsample=0.01; total time=   1.1s
[CV] END estimator__learning_rate=0.58, estimator__max_depth=10, estimator__num_leaves=10, estimator__subsample=0.2; total time=   0.8s
[CV] END estimator__learning_rate=0.58, estimator__max_depth=11, estimator__num_leaves=2, estimator__subsample=0.1; total time=   0.1s
[CV] END estimator__learning_rate=0.58, estimator__max_depth=11, estimator__num_leaves=4, estimator__subsample=0.001; total time=   0.2s
[CV] END estimator__learning_rate=0.58, estimator__max_depth=11, estimator__num_leaves=4, estimator__subsample=0.2; total time=   0.2s
[CV] END estimator__learning_rate=0.58, estimator__max_depth=11, estimator__num_leaves=6, estimator__subsample=0.01; total time=   0.4s
[CV] END estimator__learning_rate=0.58, estimator__max_depth=11, estimator__num_leaves=8, estimator__subsample=0.2; total time=   0.6s
[CV] END estimator__learning_rate=0.58, estimator__max_depth=11, estimator__num_leaves=31, estimator__subsample=0.1; total time=   1.5s
[CV] END estimator__learning_rate=0.58, estimator__max_depth=12, estimator__num_leaves=8, estimator__subsample=0.001; total time=   0.6s
[CV] END estimator__learning_rate=0.58, estimator__max_depth=12, estimator__num_leaves=10, estimator__subsample=0.1; total time=   0.7s
[CV] END estimator__learning_rate=0.58, estimator__max_depth=13, estimator__num_leaves=2, estimator__subsample=0.01; total time=   0.1s
[CV] END estimator__learning_rate=0.58, estimator__max_depth=13, estimator__num_leaves=4, estimator__subsample=0.001; total time=   0.3s
[CV] END estimator__learning_rate=0.58, estimator__max_depth=13, estimator__num_leaves=4, estimator__subsample=0.2; total time=   0.2s
[CV] END estimator__learning_rate=0.58, estimator__max_depth=13, estimator__num_leaves=6, estimator__subsample=0.1; total time=   0.4s
[CV] END estimator__learning_rate=0.58, estimator__max_depth=13, estimator__num_leaves=10, estimator__subsample=0.001; total time=   0.7s
[CV] END estimator__learning_rate=0.58, estimator__max_depth=13, estimator__num_leaves=31, estimator__subsample=0.1; total time=   1.6s
[CV] END estimator__learning_rate=0.58, estimator__max_depth=14, estimator__num_leaves=8, estimator__subsample=0.1; total time=   0.6s
[CV] END estimator__learning_rate=0.58, estimator__max_depth=14, estimator__num_leaves=31, estimator__subsample=0.001; total time=   1.6s
[CV] END estimator__learning_rate=0.77, estimator__max_depth=10, estimator__num_leaves=6, estimator__subsample=0.1; total time=   0.4s
[CV] END estimator__learning_rate=0.77, estimator__max_depth=10, estimator__num_leaves=10, estimator__subsample=0.01; total time=   0.7s
[CV] END estimator__learning_rate=0.77, estimator__max_depth=10, estimator__num_leaves=31, estimator__subsample=0.2; total time=   1.5s
[CV] END estimator__learning_rate=0.77, estimator__max_depth=11, estimator__num_leaves=8, estimator__subsample=0.1; total time=   0.6s
[CV] END estimator__learning_rate=0.77, estimator__max_depth=11, estimator__num_leaves=31, estimator__subsample=0.01; total time=   1.5s
[CV] END estimator__learning_rate=0.77, estimator__max_depth=12, estimator__num_leaves=6, estimator__subsample=0.2; total time=   0.4s
[CV] END estimator__learning_rate=0.77, estimator__max_depth=12, estimator__num_leaves=10, estimator__subsample=0.1; total time=   0.7s
[CV] END estimator__learning_rate=0.77, estimator__max_depth=13, estimator__num_leaves=2, estimator__subsample=0.001; total time=   0.0s
[CV] END estimator__learning_rate=0.77, estimator__max_depth=13, estimator__num_leaves=2, estimator__subsample=0.01; total time=   0.1s
[CV] END estimator__learning_rate=0.77, estimator__max_depth=13, estimator__num_leaves=2, estimator__subsample=0.2; total time=   0.1s
[CV] END estimator__learning_rate=0.77, estimator__max_depth=13, estimator__num_leaves=4, estimator__subsample=0.1; total time=   0.2s
[CV] END estimator__learning_rate=0.77, estimator__max_depth=13, estimator__num_leaves=6, estimator__subsample=0.001; total time=   0.4s
[CV] END estimator__learning_rate=0.77, estimator__max_depth=13, estimator__num_leaves=8, estimator__subsample=0.01; total time=   0.6s
[CV] END estimator__learning_rate=0.77, estimator__max_depth=13, estimator__num_leaves=10, estimator__subsample=0.2; total time=   0.7s
[CV] END estimator__learning_rate=0.77, estimator__max_depth=14, estimator__num_leaves=2, estimator__subsample=0.1; total time=   0.1s
[CV] END estimator__learning_rate=0.77, estimator__max_depth=14, estimator__num_leaves=4, estimator__subsample=0.001; total time=   0.2s
[CV] END estimator__learning_rate=0.77, estimator__max_depth=14, estimator__num_leaves=4, estimator__subsample=0.2; total time=   0.2s
[CV] END estimator__learning_rate=0.77, estimator__max_depth=14, estimator__num_leaves=6, estimator__subsample=0.01; total time=   0.4s
[CV] END estimator__learning_rate=0.77, estimator__max_depth=14, estimator__num_leaves=8, estimator__subsample=0.2; total time=   0.6s
[CV] END estimator__learning_rate=0.77, estimator__max_depth=14, estimator__num_leaves=31, estimator__subsample=0.01; total time=   1.1s
[CV] END estimator__learning_rate=0.58, estimator__max_depth=10, estimator__num_leaves=4, estimator__subsample=0.01; total time=   0.2s
[CV] END estimator__learning_rate=0.58, estimator__max_depth=10, estimator__num_leaves=4, estimator__subsample=0.2; total time=   0.2s
[CV] END estimator__learning_rate=0.58, estimator__max_depth=10, estimator__num_leaves=6, estimator__subsample=0.1; total time=   0.4s
[CV] END estimator__learning_rate=0.58, estimator__max_depth=10, estimator__num_leaves=10, estimator__subsample=0.001; total time=   0.7s
[CV] END estimator__learning_rate=0.58, estimator__max_depth=10, estimator__num_leaves=31, estimator__subsample=0.1; total time=   1.5s
[CV] END estimator__learning_rate=0.58, estimator__max_depth=11, estimator__num_leaves=8, estimator__subsample=0.01; total time=   0.6s
[CV] END estimator__learning_rate=0.58, estimator__max_depth=11, estimator__num_leaves=10, estimator__subsample=0.2; total time=   0.8s
[CV] END estimator__learning_rate=0.58, estimator__max_depth=12, estimator__num_leaves=4, estimator__subsample=0.001; total time=   0.2s
[CV] END estimator__learning_rate=0.58, estimator__max_depth=12, estimator__num_leaves=4, estimator__subsample=0.1; total time=   0.2s
[CV] END estimator__learning_rate=0.58, estimator__max_depth=12, estimator__num_leaves=6, estimator__subsample=0.001; total time=   0.4s
[CV] END estimator__learning_rate=0.58, estimator__max_depth=12, estimator__num_leaves=8, estimator__subsample=0.1; total time=   0.6s
[CV] END estimator__learning_rate=0.58, estimator__max_depth=12, estimator__num_leaves=31, estimator__subsample=0.001; total time=   1.5s
[CV] END estimator__learning_rate=0.58, estimator__max_depth=13, estimator__num_leaves=6, estimator__subsample=0.2; total time=   0.4s
[CV] END estimator__learning_rate=0.58, estimator__max_depth=13, estimator__num_leaves=10, estimator__subsample=0.01; total time=   0.7s
[CV] END estimator__learning_rate=0.58, estimator__max_depth=14, estimator__num_leaves=2, estimator__subsample=0.001; total time=   0.0s
[CV] END estimator__learning_rate=0.58, estimator__max_depth=14, estimator__num_leaves=2, estimator__subsample=0.001; total time=   0.1s
[CV] END estimator__learning_rate=0.58, estimator__max_depth=14, estimator__num_leaves=2, estimator__subsample=0.1; total time=   0.1s
[CV] END estimator__learning_rate=0.58, estimator__max_depth=14, estimator__num_leaves=4, estimator__subsample=0.01; total time=   0.2s
[CV] END estimator__learning_rate=0.58, estimator__max_depth=14, estimator__num_leaves=4, estimator__subsample=0.2; total time=   0.2s
[CV] END estimator__learning_rate=0.58, estimator__max_depth=14, estimator__num_leaves=6, estimator__subsample=0.01; total time=   0.4s
[CV] END estimator__learning_rate=0.58, estimator__max_depth=14, estimator__num_leaves=10, estimator__subsample=0.001; total time=   0.8s
[CV] END estimator__learning_rate=0.58, estimator__max_depth=14, estimator__num_leaves=31, estimator__subsample=0.1; total time=   1.6s
[CV] END estimator__learning_rate=0.77, estimator__max_depth=10, estimator__num_leaves=8, estimator__subsample=0.01; total time=   0.6s
[CV] END estimator__learning_rate=0.77, estimator__max_depth=10, estimator__num_leaves=31, estimator__subsample=0.001; total time=   1.5s
[CV] END estimator__learning_rate=0.77, estimator__max_depth=11, estimator__num_leaves=6, estimator__subsample=0.1; total time=   0.4s
[CV] END estimator__learning_rate=0.77, estimator__max_depth=11, estimator__num_leaves=10, estimator__subsample=0.001; total time=   0.8s
[CV] END estimator__learning_rate=0.77, estimator__max_depth=11, estimator__num_leaves=31, estimator__subsample=0.2; total time=   1.5s
[CV] END estimator__learning_rate=0.77, estimator__max_depth=12, estimator__num_leaves=8, estimator__subsample=0.1; total time=   0.6s
[CV] END estimator__learning_rate=0.77, estimator__max_depth=12, estimator__num_leaves=31, estimator__subsample=0.001; total time=   1.6s
[CV] END estimator__learning_rate=0.77, estimator__max_depth=13, estimator__num_leaves=6, estimator__subsample=0.1; total time=   0.4s
[CV] END estimator__learning_rate=0.77, estimator__max_depth=13, estimator__num_leaves=10, estimator__subsample=0.01; total time=   0.8s
[CV] END estimator__learning_rate=0.77, estimator__max_depth=13, estimator__num_leaves=31, estimator__subsample=0.2; total time=   1.5s
[CV] END estimator__learning_rate=0.77, estimator__max_depth=14, estimator__num_leaves=8, estimator__subsample=0.2; total time=   0.6s
[CV] END estimator__learning_rate=0.77, estimator__max_depth=14, estimator__num_leaves=31, estimator__subsample=0.1; total time=   1.1s
[CV] END estimator__learning_rate=0.58, estimator__max_depth=11, estimator__num_leaves=2, estimator__subsample=0.1; total time=   0.1s
[CV] END estimator__learning_rate=0.58, estimator__max_depth=11, estimator__num_leaves=4, estimator__subsample=0.001; total time=   0.2s
[CV] END estimator__learning_rate=0.58, estimator__max_depth=11, estimator__num_leaves=4, estimator__subsample=0.1; total time=   0.2s
[CV] END estimator__learning_rate=0.58, estimator__max_depth=11, estimator__num_leaves=6, estimator__subsample=0.01; total time=   0.4s
[CV] END estimator__learning_rate=0.58, estimator__max_depth=11, estimator__num_leaves=10, estimator__subsample=0.001; total time=   0.7s
[CV] END estimator__learning_rate=0.58, estimator__max_depth=11, estimator__num_leaves=31, estimator__subsample=0.1; total time=   1.5s
[CV] END estimator__learning_rate=0.58, estimator__max_depth=12, estimator__num_leaves=8, estimator__subsample=0.1; total time=   0.6s
[CV] END estimator__learning_rate=0.58, estimator__max_depth=12, estimator__num_leaves=31, estimator__subsample=0.001; total time=   1.5s
[CV] END estimator__learning_rate=0.58, estimator__max_depth=13, estimator__num_leaves=6, estimator__subsample=0.1; total time=   0.4s
[CV] END estimator__learning_rate=0.58, estimator__max_depth=13, estimator__num_leaves=10, estimator__subsample=0.01; total time=   0.7s
[CV] END estimator__learning_rate=0.58, estimator__max_depth=13, estimator__num_leaves=31, estimator__subsample=0.2; total time=   1.6s
[CV] END estimator__learning_rate=0.58, estimator__max_depth=14, estimator__num_leaves=8, estimator__subsample=0.1; total time=   0.6s
[CV] END estimator__learning_rate=0.58, estimator__max_depth=14, estimator__num_leaves=31, estimator__subsample=0.01; total time=   1.6s
[CV] END estimator__learning_rate=0.77, estimator__max_depth=10, estimator__num_leaves=6, estimator__subsample=0.2; total time=   0.5s
[CV] END estimator__learning_rate=0.77, estimator__max_depth=10, estimator__num_leaves=10, estimator__subsample=0.1; total time=   0.7s
[CV] END estimator__learning_rate=0.77, estimator__max_depth=11, estimator__num_leaves=2, estimator__subsample=0.001; total time=   0.0s
[CV] END estimator__learning_rate=0.77, estimator__max_depth=11, estimator__num_leaves=2, estimator__subsample=0.01; total time=   0.1s
[CV] END estimator__learning_rate=0.77, estimator__max_depth=11, estimator__num_leaves=2, estimator__subsample=0.2; total time=   0.1s
[CV] END estimator__learning_rate=0.77, estimator__max_depth=11, estimator__num_leaves=4, estimator__subsample=0.01; total time=   0.2s
[CV] END estimator__learning_rate=0.77, estimator__max_depth=11, estimator__num_leaves=6, estimator__subsample=0.001; total time=   0.4s
[CV] END estimator__learning_rate=0.77, estimator__max_depth=11, estimator__num_leaves=8, estimator__subsample=0.01; total time=   0.6s
[CV] END estimator__learning_rate=0.77, estimator__max_depth=11, estimator__num_leaves=10, estimator__subsample=0.2; total time=   0.8s
[CV] END estimator__learning_rate=0.77, estimator__max_depth=12, estimator__num_leaves=2, estimator__subsample=0.1; total time=   0.1s
[CV] END estimator__learning_rate=0.77, estimator__max_depth=12, estimator__num_leaves=4, estimator__subsample=0.001; total time=   0.2s
[CV] END estimator__learning_rate=0.77, estimator__max_depth=12, estimator__num_leaves=4, estimator__subsample=0.2; total time=   0.2s
[CV] END estimator__learning_rate=0.77, estimator__max_depth=12, estimator__num_leaves=6, estimator__subsample=0.01; total time=   0.4s
[CV] END estimator__learning_rate=0.77, estimator__max_depth=12, estimator__num_leaves=10, estimator__subsample=0.001; total time=   0.7s
[CV] END estimator__learning_rate=0.77, estimator__max_depth=12, estimator__num_leaves=31, estimator__subsample=0.1; total time=   1.6s
[CV] END estimator__learning_rate=0.77, estimator__max_depth=13, estimator__num_leaves=8, estimator__subsample=0.01; total time=   0.6s
[CV] END estimator__learning_rate=0.77, estimator__max_depth=13, estimator__num_leaves=10, estimator__subsample=0.2; total time=   0.8s
[CV] END estimator__learning_rate=0.77, estimator__max_depth=14, estimator__num_leaves=4, estimator__subsample=0.001; total time=   0.2s
[CV] END estimator__learning_rate=0.77, estimator__max_depth=14, estimator__num_leaves=4, estimator__subsample=0.2; total time=   0.2s
[CV] END estimator__learning_rate=0.77, estimator__max_depth=14, estimator__num_leaves=6, estimator__subsample=0.01; total time=   0.4s
[CV] END estimator__learning_rate=0.77, estimator__max_depth=14, estimator__num_leaves=8, estimator__subsample=0.2; total time=   0.7s
[CV] END estimator__learning_rate=0.77, estimator__max_depth=14, estimator__num_leaves=31, estimator__subsample=0.1; total time=   1.1s
[CV] END estimator__learning_rate=0.58, estimator__max_depth=13, estimator__num_leaves=10, estimator__subsample=0.1; total time=   0.7s
[CV] END estimator__learning_rate=0.58, estimator__max_depth=14, estimator__num_leaves=2, estimator__subsample=0.01; total time=   0.1s
[CV] END estimator__learning_rate=0.58, estimator__max_depth=14, estimator__num_leaves=4, estimator__subsample=0.001; total time=   0.2s
[CV] END estimator__learning_rate=0.58, estimator__max_depth=14, estimator__num_leaves=4, estimator__subsample=0.1; total time=   0.2s
[CV] END estimator__learning_rate=0.58, estimator__max_depth=14, estimator__num_leaves=6, estimator__subsample=0.01; total time=   0.4s
[CV] END estimator__learning_rate=0.58, estimator__max_depth=14, estimator__num_leaves=8, estimator__subsample=0.2; total time=   0.6s
[CV] END estimator__learning_rate=0.58, estimator__max_depth=14, estimator__num_leaves=31, estimator__subsample=0.01; total time=   1.5s
[CV] END estimator__learning_rate=0.77, estimator__max_depth=10, estimator__num_leaves=6, estimator__subsample=0.2; total time=   0.4s
[CV] END estimator__learning_rate=0.77, estimator__max_depth=10, estimator__num_leaves=10, estimator__subsample=0.01; total time=   0.7s
[CV] END estimator__learning_rate=0.77, estimator__max_depth=11, estimator__num_leaves=2, estimator__subsample=0.001; total time=   0.0s
[CV] END estimator__learning_rate=0.77, estimator__max_depth=11, estimator__num_leaves=2, estimator__subsample=0.001; total time=   0.1s
[CV] END estimator__learning_rate=0.77, estimator__max_depth=11, estimator__num_leaves=2, estimator__subsample=0.2; total time=   0.1s
[CV] END estimator__learning_rate=0.77, estimator__max_depth=11, estimator__num_leaves=4, estimator__subsample=0.01; total time=   0.2s
[CV] END estimator__learning_rate=0.77, estimator__max_depth=11, estimator__num_leaves=4, estimator__subsample=0.2; total time=   0.2s
[CV] END estimator__learning_rate=0.77, estimator__max_depth=11, estimator__num_leaves=6, estimator__subsample=0.1; total time=   0.4s
[CV] END estimator__learning_rate=0.77, estimator__max_depth=11, estimator__num_leaves=10, estimator__subsample=0.001; total time=   0.8s
[CV] END estimator__learning_rate=0.77, estimator__max_depth=11, estimator__num_leaves=31, estimator__subsample=0.1; total time=   1.5s
[CV] END estimator__learning_rate=0.77, estimator__max_depth=12, estimator__num_leaves=8, estimator__subsample=0.1; total time=   0.6s
[CV] END estimator__learning_rate=0.77, estimator__max_depth=12, estimator__num_leaves=31, estimator__subsample=0.001; total time=   1.6s
[CV] END estimator__learning_rate=0.77, estimator__max_depth=13, estimator__num_leaves=6, estimator__subsample=0.1; total time=   0.4s
[CV] END estimator__learning_rate=0.77, estimator__max_depth=13, estimator__num_leaves=10, estimator__subsample=0.01; total time=   0.8s
[CV] END estimator__learning_rate=0.77, estimator__max_depth=13, estimator__num_leaves=31, estimator__subsample=0.2; total time=   1.6s
[CV] END estimator__learning_rate=0.77, estimator__max_depth=14, estimator__num_leaves=10, estimator__subsample=0.001; total time=   0.7s
[CV] END estimator__learning_rate=0.77, estimator__max_depth=14, estimator__num_leaves=31, estimator__subsample=0.1; total time=   1.0s
[CV] END estimator__learning_rate=0.77, estimator__max_depth=10, estimator__num_leaves=31, estimator__subsample=0.1; total time=   1.5s
[CV] END estimator__learning_rate=0.77, estimator__max_depth=11, estimator__num_leaves=8, estimator__subsample=0.001; total time=   0.6s
[CV] END estimator__learning_rate=0.77, estimator__max_depth=11, estimator__num_leaves=10, estimator__subsample=0.1; total time=   0.8s
[CV] END estimator__learning_rate=0.77, estimator__max_depth=12, estimator__num_leaves=2, estimator__subsample=0.01; total time=   0.1s
[CV] END estimator__learning_rate=0.77, estimator__max_depth=12, estimator__num_leaves=2, estimator__subsample=0.2; total time=   0.1s
[CV] END estimator__learning_rate=0.77, estimator__max_depth=12, estimator__num_leaves=4, estimator__subsample=0.1; total time=   0.2s
[CV] END estimator__learning_rate=0.77, estimator__max_depth=12, estimator__num_leaves=6, estimator__subsample=0.001; total time=   0.4s
[CV] END estimator__learning_rate=0.77, estimator__max_depth=12, estimator__num_leaves=8, estimator__subsample=0.01; total time=   0.6s
[CV] END estimator__learning_rate=0.77, estimator__max_depth=12, estimator__num_leaves=10, estimator__subsample=0.2; total time=   0.7s
[CV] END estimator__learning_rate=0.77, estimator__max_depth=13, estimator__num_leaves=2, estimator__subsample=0.2; total time=   0.1s
[CV] END estimator__learning_rate=0.77, estimator__max_depth=13, estimator__num_leaves=4, estimator__subsample=0.01; total time=   0.3s
[CV] END estimator__learning_rate=0.77, estimator__max_depth=13, estimator__num_leaves=6, estimator__subsample=0.001; total time=   0.4s
[CV] END estimator__learning_rate=0.77, estimator__max_depth=13, estimator__num_leaves=8, estimator__subsample=0.01; total time=   0.6s
[CV] END estimator__learning_rate=0.77, estimator__max_depth=13, estimator__num_leaves=10, estimator__subsample=0.2; total time=   0.8s
[CV] END estimator__learning_rate=0.77, estimator__max_depth=14, estimator__num_leaves=2, estimator__subsample=0.1; total time=   0.1s
[CV] END estimator__learning_rate=0.77, estimator__max_depth=14, estimator__num_leaves=4, estimator__subsample=0.01; total time=   0.2s
[CV] END estimator__learning_rate=0.77, estimator__max_depth=14, estimator__num_leaves=4, estimator__subsample=0.2; total time=   0.2s
[CV] END estimator__learning_rate=0.77, estimator__max_depth=14, estimator__num_leaves=6, estimator__subsample=0.1; total time=   0.4s
[CV] END estimator__learning_rate=0.77, estimator__max_depth=14, estimator__num_leaves=10, estimator__subsample=0.001; total time=   0.8s
[CV] END estimator__learning_rate=0.77, estimator__max_depth=14, estimator__num_leaves=31, estimator__subsample=0.1; total time=   1.0s
[CV] END estimator__learning_rate=0.58, estimator__max_depth=11, estimator__num_leaves=31, estimator__subsample=0.01; total time=   1.5s
[CV] END estimator__learning_rate=0.58, estimator__max_depth=12, estimator__num_leaves=8, estimator__subsample=0.001; total time=   0.6s
[CV] END estimator__learning_rate=0.58, estimator__max_depth=12, estimator__num_leaves=10, estimator__subsample=0.1; total time=   0.7s
[CV] END estimator__learning_rate=0.58, estimator__max_depth=13, estimator__num_leaves=2, estimator__subsample=0.01; total time=   0.1s
[CV] END estimator__learning_rate=0.58, estimator__max_depth=13, estimator__num_leaves=2, estimator__subsample=0.2; total time=   0.1s
[CV] END estimator__learning_rate=0.58, estimator__max_depth=13, estimator__num_leaves=4, estimator__subsample=0.1; total time=   0.2s
[CV] END estimator__learning_rate=0.58, estimator__max_depth=13, estimator__num_leaves=6, estimator__subsample=0.001; total time=   0.4s
[CV] END estimator__learning_rate=0.58, estimator__max_depth=13, estimator__num_leaves=8, estimator__subsample=0.01; total time=   0.6s
[CV] END estimator__learning_rate=0.58, estimator__max_depth=13, estimator__num_leaves=10, estimator__subsample=0.2; total time=   0.7s
[CV] END estimator__learning_rate=0.58, estimator__max_depth=14, estimator__num_leaves=2, estimator__subsample=0.2; total time=   0.1s
[CV] END estimator__learning_rate=0.58, estimator__max_depth=14, estimator__num_leaves=4, estimator__subsample=0.01; total time=   0.2s
[CV] END estimator__learning_rate=0.58, estimator__max_depth=14, estimator__num_leaves=4, estimator__subsample=0.2; total time=   0.3s
[CV] END estimator__learning_rate=0.58, estimator__max_depth=14, estimator__num_leaves=6, estimator__subsample=0.1; total time=   0.4s
[CV] END estimator__learning_rate=0.58, estimator__max_depth=14, estimator__num_leaves=10, estimator__subsample=0.001; total time=   0.8s
[CV] END estimator__learning_rate=0.58, estimator__max_depth=14, estimator__num_leaves=31, estimator__subsample=0.2; total time=   1.6s
[CV] END estimator__learning_rate=0.77, estimator__max_depth=10, estimator__num_leaves=8, estimator__subsample=0.1; total time=   0.6s
[CV] END estimator__learning_rate=0.77, estimator__max_depth=10, estimator__num_leaves=31, estimator__subsample=0.001; total time=   1.5s
[CV] END estimator__learning_rate=0.77, estimator__max_depth=11, estimator__num_leaves=6, estimator__subsample=0.1; total time=   0.4s
[CV] END estimator__learning_rate=0.77, estimator__max_depth=11, estimator__num_leaves=10, estimator__subsample=0.001; total time=   0.7s
[CV] END estimator__learning_rate=0.77, estimator__max_depth=11, estimator__num_leaves=31, estimator__subsample=0.2; total time=   1.5s
[CV] END estimator__learning_rate=0.77, estimator__max_depth=12, estimator__num_leaves=8, estimator__subsample=0.1; total time=   0.6s
[CV] END estimator__learning_rate=0.77, estimator__max_depth=12, estimator__num_leaves=31, estimator__subsample=0.001; total time=   1.5s
[CV] END estimator__learning_rate=0.77, estimator__max_depth=13, estimator__num_leaves=6, estimator__subsample=0.2; total time=   0.4s
[CV] END estimator__learning_rate=0.77, estimator__max_depth=13, estimator__num_leaves=10, estimator__subsample=0.01; total time=   0.8s
[CV] END estimator__learning_rate=0.77, estimator__max_depth=13, estimator__num_leaves=31, estimator__subsample=0.2; total time=   1.5s
[CV] END estimator__learning_rate=0.77, estimator__max_depth=14, estimator__num_leaves=10, estimator__subsample=0.001; total time=   0.7s
[CV] END estimator__learning_rate=0.77, estimator__max_depth=14, estimator__num_leaves=31, estimator__subsample=0.1; total time=   1.0s
[CV] END estimator__learning_rate=0.39, estimator__max_depth=13, estimator__num_leaves=31, estimator__subsample=0.001; total time=   1.6s
[CV] END estimator__learning_rate=0.39, estimator__max_depth=14, estimator__num_leaves=6, estimator__subsample=0.2; total time=   0.4s
[CV] END estimator__learning_rate=0.39, estimator__max_depth=14, estimator__num_leaves=10, estimator__subsample=0.1; total time=   0.7s
[CV] END estimator__learning_rate=0.58, estimator__max_depth=10, estimator__num_leaves=2, estimator__subsample=0.001; total time=   0.0s
[CV] END estimator__learning_rate=0.58, estimator__max_depth=10, estimator__num_leaves=2, estimator__subsample=0.01; total time=   0.1s
[CV] END estimator__learning_rate=0.58, estimator__max_depth=10, estimator__num_leaves=2, estimator__subsample=0.2; total time=   0.1s
[CV] END estimator__learning_rate=0.58, estimator__max_depth=10, estimator__num_leaves=4, estimator__subsample=0.01; total time=   0.2s
[CV] END estimator__learning_rate=0.58, estimator__max_depth=10, estimator__num_leaves=6, estimator__subsample=0.001; total time=   0.4s
[CV] END estimator__learning_rate=0.58, estimator__max_depth=10, estimator__num_leaves=8, estimator__subsample=0.001; total time=   0.6s
[CV] END estimator__learning_rate=0.58, estimator__max_depth=10, estimator__num_leaves=10, estimator__subsample=0.1; total time=   0.7s
[CV] END estimator__learning_rate=0.58, estimator__max_depth=11, estimator__num_leaves=2, estimator__subsample=0.01; total time=   0.1s
[CV] END estimator__learning_rate=0.58, estimator__max_depth=11, estimator__num_leaves=2, estimator__subsample=0.2; total time=   0.1s
[CV] END estimator__learning_rate=0.58, estimator__max_depth=11, estimator__num_leaves=4, estimator__subsample=0.1; total time=   0.2s
[CV] END estimator__learning_rate=0.58, estimator__max_depth=11, estimator__num_leaves=6, estimator__subsample=0.001; total time=   0.4s
[CV] END estimator__learning_rate=0.58, estimator__max_depth=11, estimator__num_leaves=8, estimator__subsample=0.01; total time=   0.6s
[CV] END estimator__learning_rate=0.58, estimator__max_depth=11, estimator__num_leaves=10, estimator__subsample=0.2; total time=   0.7s
[CV] END estimator__learning_rate=0.58, estimator__max_depth=12, estimator__num_leaves=2, estimator__subsample=0.1; total time=   0.1s
[CV] END estimator__learning_rate=0.58, estimator__max_depth=12, estimator__num_leaves=4, estimator__subsample=0.001; total time=   0.2s
[CV] END estimator__learning_rate=0.58, estimator__max_depth=12, estimator__num_leaves=4, estimator__subsample=0.2; total time=   0.2s
[CV] END estimator__learning_rate=0.58, estimator__max_depth=12, estimator__num_leaves=6, estimator__subsample=0.01; total time=   0.4s
[CV] END estimator__learning_rate=0.58, estimator__max_depth=12, estimator__num_leaves=8, estimator__subsample=0.2; total time=   0.6s
[CV] END estimator__learning_rate=0.58, estimator__max_depth=12, estimator__num_leaves=31, estimator__subsample=0.1; total time=   1.5s
[CV] END estimator__learning_rate=0.58, estimator__max_depth=13, estimator__num_leaves=8, estimator__subsample=0.001; total time=   0.6s
[CV] END estimator__learning_rate=0.58, estimator__max_depth=13, estimator__num_leaves=10, estimator__subsample=0.2; total time=   0.7s
[CV] END estimator__learning_rate=0.58, estimator__max_depth=14, estimator__num_leaves=2, estimator__subsample=0.1; total time=   0.1s
[CV] END estimator__learning_rate=0.58, estimator__max_depth=14, estimator__num_leaves=4, estimator__subsample=0.001; total time=   0.2s
[CV] END estimator__learning_rate=0.58, estimator__max_depth=14, estimator__num_leaves=4, estimator__subsample=0.1; total time=   0.2s
[CV] END estimator__learning_rate=0.58, estimator__max_depth=14, estimator__num_leaves=6, estimator__subsample=0.01; total time=   0.4s
[CV] END estimator__learning_rate=0.58, estimator__max_depth=14, estimator__num_leaves=8, estimator__subsample=0.2; total time=   0.6s
[CV] END estimator__learning_rate=0.58, estimator__max_depth=14, estimator__num_leaves=31, estimator__subsample=0.01; total time=   1.6s
[CV] END estimator__learning_rate=0.77, estimator__max_depth=10, estimator__num_leaves=8, estimator__subsample=0.001; total time=   0.6s
[CV] END estimator__learning_rate=0.77, estimator__max_depth=10, estimator__num_leaves=10, estimator__subsample=0.1; total time=   0.7s
[CV] END estimator__learning_rate=0.77, estimator__max_depth=11, estimator__num_leaves=2, estimator__subsample=0.01; total time=   0.1s
[CV] END estimator__learning_rate=0.77, estimator__max_depth=11, estimator__num_leaves=2, estimator__subsample=0.2; total time=   0.1s
[CV] END estimator__learning_rate=0.77, estimator__max_depth=11, estimator__num_leaves=4, estimator__subsample=0.1; total time=   0.2s
[CV] END estimator__learning_rate=0.77, estimator__max_depth=11, estimator__num_leaves=6, estimator__subsample=0.001; total time=   0.4s
[CV] END estimator__learning_rate=0.77, estimator__max_depth=11, estimator__num_leaves=8, estimator__subsample=0.01; total time=   0.6s
[CV] END estimator__learning_rate=0.77, estimator__max_depth=11, estimator__num_leaves=10, estimator__subsample=0.2; total time=   0.8s
[CV] END estimator__learning_rate=0.77, estimator__max_depth=12, estimator__num_leaves=2, estimator__subsample=0.1; total time=   0.1s
[CV] END estimator__learning_rate=0.77, estimator__max_depth=12, estimator__num_leaves=4, estimator__subsample=0.01; total time=   0.2s
[CV] END estimator__learning_rate=0.77, estimator__max_depth=12, estimator__num_leaves=4, estimator__subsample=0.2; total time=   0.2s
[CV] END estimator__learning_rate=0.77, estimator__max_depth=12, estimator__num_leaves=6, estimator__subsample=0.01; total time=   0.4s
[CV] END estimator__learning_rate=0.77, estimator__max_depth=12, estimator__num_leaves=10, estimator__subsample=0.001; total time=   0.7s
[CV] END estimator__learning_rate=0.77, estimator__max_depth=12, estimator__num_leaves=31, estimator__subsample=0.1; total time=   1.6s
[CV] END estimator__learning_rate=0.77, estimator__max_depth=13, estimator__num_leaves=8, estimator__subsample=0.01; total time=   0.6s
[CV] END estimator__learning_rate=0.77, estimator__max_depth=13, estimator__num_leaves=31, estimator__subsample=0.001; total time=   1.5s
[CV] END estimator__learning_rate=0.77, estimator__max_depth=14, estimator__num_leaves=6, estimator__subsample=0.1; total time=   0.4s
[CV] END estimator__learning_rate=0.77, estimator__max_depth=14, estimator__num_leaves=10, estimator__subsample=0.001; total time=   0.8s
[CV] END estimator__learning_rate=0.77, estimator__max_depth=14, estimator__num_leaves=31, estimator__subsample=0.2; total time=   1.0s
[CV] END estimator__learning_rate=0.58, estimator__max_depth=11, estimator__num_leaves=10, estimator__subsample=0.1; total time=   0.7s
[CV] END estimator__learning_rate=0.58, estimator__max_depth=12, estimator__num_leaves=2, estimator__subsample=0.001; total time=   0.0s
[CV] END estimator__learning_rate=0.58, estimator__max_depth=12, estimator__num_leaves=2, estimator__subsample=0.001; total time=   0.1s
[CV] END estimator__learning_rate=0.58, estimator__max_depth=12, estimator__num_leaves=2, estimator__subsample=0.1; total time=   0.1s
[CV] END estimator__learning_rate=0.58, estimator__max_depth=12, estimator__num_leaves=4, estimator__subsample=0.01; total time=   0.2s
[CV] END estimator__learning_rate=0.58, estimator__max_depth=12, estimator__num_leaves=4, estimator__subsample=0.2; total time=   0.2s
[CV] END estimator__learning_rate=0.58, estimator__max_depth=12, estimator__num_leaves=6, estimator__subsample=0.1; total time=   0.4s
[CV] END estimator__learning_rate=0.58, estimator__max_depth=12, estimator__num_leaves=10, estimator__subsample=0.001; total time=   0.8s
[CV] END estimator__learning_rate=0.58, estimator__max_depth=12, estimator__num_leaves=31, estimator__subsample=0.1; total time=   1.5s
[CV] END estimator__learning_rate=0.58, estimator__max_depth=13, estimator__num_leaves=8, estimator__subsample=0.01; total time=   0.6s
[CV] END estimator__learning_rate=0.58, estimator__max_depth=13, estimator__num_leaves=31, estimator__subsample=0.001; total time=   1.5s
[CV] END estimator__learning_rate=0.58, estimator__max_depth=14, estimator__num_leaves=6, estimator__subsample=0.1; total time=   0.4s
[CV] END estimator__learning_rate=0.58, estimator__max_depth=14, estimator__num_leaves=10, estimator__subsample=0.001; total time=   0.7s
[CV] END estimator__learning_rate=0.58, estimator__max_depth=14, estimator__num_leaves=31, estimator__subsample=0.2; total time=   1.6s
[CV] END estimator__learning_rate=0.77, estimator__max_depth=10, estimator__num_leaves=8, estimator__subsample=0.1; total time=   0.6s
[CV] END estimator__learning_rate=0.77, estimator__max_depth=10, estimator__num_leaves=31, estimator__subsample=0.001; total time=   1.5s
[CV] END estimator__learning_rate=0.77, estimator__max_depth=11, estimator__num_leaves=6, estimator__subsample=0.2; total time=   0.4s
[CV] END estimator__learning_rate=0.77, estimator__max_depth=11, estimator__num_leaves=10, estimator__subsample=0.01; total time=   0.8s
[CV] END estimator__learning_rate=0.77, estimator__max_depth=12, estimator__num_leaves=2, estimator__subsample=0.001; total time=   0.0s
[CV] END estimator__learning_rate=0.77, estimator__max_depth=12, estimator__num_leaves=2, estimator__subsample=0.001; total time=   0.1s
[CV] END estimator__learning_rate=0.77, estimator__max_depth=12, estimator__num_leaves=2, estimator__subsample=0.1; total time=   0.1s
[CV] END estimator__learning_rate=0.77, estimator__max_depth=12, estimator__num_leaves=4, estimator__subsample=0.01; total time=   0.2s
[CV] END estimator__learning_rate=0.77, estimator__max_depth=12, estimator__num_leaves=4, estimator__subsample=0.2; total time=   0.2s
[CV] END estimator__learning_rate=0.77, estimator__max_depth=12, estimator__num_leaves=6, estimator__subsample=0.1; total time=   0.4s
[CV] END estimator__learning_rate=0.77, estimator__max_depth=12, estimator__num_leaves=10, estimator__subsample=0.001; total time=   0.7s
[CV] END estimator__learning_rate=0.77, estimator__max_depth=12, estimator__num_leaves=31, estimator__subsample=0.1; total time=   1.6s
[CV] END estimator__learning_rate=0.77, estimator__max_depth=13, estimator__num_leaves=8, estimator__subsample=0.01; total time=   0.6s
[CV] END estimator__learning_rate=0.77, estimator__max_depth=13, estimator__num_leaves=31, estimator__subsample=0.001; total time=   1.6s
[CV] END estimator__learning_rate=0.77, estimator__max_depth=14, estimator__num_leaves=6, estimator__subsample=0.1; total time=   0.4s
[CV] END estimator__learning_rate=0.77, estimator__max_depth=14, estimator__num_leaves=10, estimator__subsample=0.01; total time=   0.8s
[CV] END estimator__learning_rate=0.77, estimator__max_depth=14, estimator__num_leaves=31, estimator__subsample=0.2; total time=   0.9s
[CV] END estimator__learning_rate=0.58, estimator__max_depth=12, estimator__num_leaves=4, estimator__subsample=0.001; total time=   0.2s
[CV] END estimator__learning_rate=0.58, estimator__max_depth=12, estimator__num_leaves=4, estimator__subsample=0.1; total time=   0.2s
[CV] END estimator__learning_rate=0.58, estimator__max_depth=12, estimator__num_leaves=6, estimator__subsample=0.01; total time=   0.4s
[CV] END estimator__learning_rate=0.58, estimator__max_depth=12, estimator__num_leaves=8, estimator__subsample=0.1; total time=   0.6s
[CV] END estimator__learning_rate=0.58, estimator__max_depth=12, estimator__num_leaves=31, estimator__subsample=0.01; total time=   1.5s
[CV] END estimator__learning_rate=0.58, estimator__max_depth=13, estimator__num_leaves=6, estimator__subsample=0.2; total time=   0.4s
[CV] END estimator__learning_rate=0.58, estimator__max_depth=13, estimator__num_leaves=10, estimator__subsample=0.01; total time=   0.7s
[CV] END estimator__learning_rate=0.58, estimator__max_depth=14, estimator__num_leaves=2, estimator__subsample=0.001; total time=   0.0s
[CV] END estimator__learning_rate=0.58, estimator__max_depth=14, estimator__num_leaves=2, estimator__subsample=0.001; total time=   0.1s
[CV] END estimator__learning_rate=0.58, estimator__max_depth=14, estimator__num_leaves=2, estimator__subsample=0.2; total time=   0.1s
[CV] END estimator__learning_rate=0.58, estimator__max_depth=14, estimator__num_leaves=4, estimator__subsample=0.01; total time=   0.2s
[CV] END estimator__learning_rate=0.58, estimator__max_depth=14, estimator__num_leaves=6, estimator__subsample=0.001; total time=   0.4s
[CV] END estimator__learning_rate=0.58, estimator__max_depth=14, estimator__num_leaves=8, estimator__subsample=0.001; total time=   0.6s
[CV] END estimator__learning_rate=0.58, estimator__max_depth=14, estimator__num_leaves=10, estimator__subsample=0.2; total time=   0.8s
[CV] END estimator__learning_rate=0.77, estimator__max_depth=10, estimator__num_leaves=2, estimator__subsample=0.1; total time=   0.1s
[CV] END estimator__learning_rate=0.77, estimator__max_depth=10, estimator__num_leaves=4, estimator__subsample=0.001; total time=   0.2s
[CV] END estimator__learning_rate=0.77, estimator__max_depth=10, estimator__num_leaves=4, estimator__subsample=0.1; total time=   0.2s
[CV] END estimator__learning_rate=0.77, estimator__max_depth=10, estimator__num_leaves=6, estimator__subsample=0.01; total time=   0.4s
[CV] END estimator__learning_rate=0.77, estimator__max_depth=10, estimator__num_leaves=8, estimator__subsample=0.2; total time=   0.6s
[CV] END estimator__learning_rate=0.77, estimator__max_depth=10, estimator__num_leaves=31, estimator__subsample=0.01; total time=   1.5s
[CV] END estimator__learning_rate=0.77, estimator__max_depth=11, estimator__num_leaves=6, estimator__subsample=0.2; total time=   0.4s
[CV] END estimator__learning_rate=0.77, estimator__max_depth=11, estimator__num_leaves=10, estimator__subsample=0.01; total time=   0.7s
[CV] END estimator__learning_rate=0.77, estimator__max_depth=12, estimator__num_leaves=2, estimator__subsample=0.001; total time=   0.0s
[CV] END estimator__learning_rate=0.77, estimator__max_depth=12, estimator__num_leaves=2, estimator__subsample=0.01; total time=   0.1s
[CV] END estimator__learning_rate=0.77, estimator__max_depth=12, estimator__num_leaves=2, estimator__subsample=0.2; total time=   0.1s
[CV] END estimator__learning_rate=0.77, estimator__max_depth=12, estimator__num_leaves=4, estimator__subsample=0.01; total time=   0.2s
[CV] END estimator__learning_rate=0.77, estimator__max_depth=12, estimator__num_leaves=4, estimator__subsample=0.2; total time=   0.2s
[CV] END estimator__learning_rate=0.77, estimator__max_depth=12, estimator__num_leaves=6, estimator__subsample=0.1; total time=   0.4s
[CV] END estimator__learning_rate=0.77, estimator__max_depth=12, estimator__num_leaves=10, estimator__subsample=0.001; total time=   0.7s
[CV] END estimator__learning_rate=0.77, estimator__max_depth=12, estimator__num_leaves=31, estimator__subsample=0.2; total time=   1.6s
[CV] END estimator__learning_rate=0.77, estimator__max_depth=13, estimator__num_leaves=8, estimator__subsample=0.1; total time=   0.6s
[CV] END estimator__learning_rate=0.77, estimator__max_depth=13, estimator__num_leaves=31, estimator__subsample=0.001; total time=   1.5s
[CV] END estimator__learning_rate=0.77, estimator__max_depth=14, estimator__num_leaves=6, estimator__subsample=0.1; total time=   0.4s
[CV] END estimator__learning_rate=0.77, estimator__max_depth=14, estimator__num_leaves=10, estimator__subsample=0.01; total time=   0.7s
[CV] END estimator__learning_rate=0.77, estimator__max_depth=14, estimator__num_leaves=31, estimator__subsample=0.2; total time=   0.9s
[CV] END estimator__learning_rate=0.58, estimator__max_depth=13, estimator__num_leaves=8, estimator__subsample=0.001; total time=   0.6s
[CV] END estimator__learning_rate=0.58, estimator__max_depth=13, estimator__num_leaves=10, estimator__subsample=0.1; total time=   0.7s
[CV] END estimator__learning_rate=0.58, estimator__max_depth=14, estimator__num_leaves=2, estimator__subsample=0.01; total time=   0.1s
[CV] END estimator__learning_rate=0.58, estimator__max_depth=14, estimator__num_leaves=2, estimator__subsample=0.2; total time=   0.1s
[CV] END estimator__learning_rate=0.58, estimator__max_depth=14, estimator__num_leaves=4, estimator__subsample=0.1; total time=   0.2s
[CV] END estimator__learning_rate=0.58, estimator__max_depth=14, estimator__num_leaves=6, estimator__subsample=0.001; total time=   0.4s
[CV] END estimator__learning_rate=0.58, estimator__max_depth=14, estimator__num_leaves=8, estimator__subsample=0.01; total time=   0.6s
[CV] END estimator__learning_rate=0.58, estimator__max_depth=14, estimator__num_leaves=10, estimator__subsample=0.2; total time=   1.0s
[CV] END estimator__learning_rate=0.77, estimator__max_depth=10, estimator__num_leaves=4, estimator__subsample=0.01; total time=   0.2s
[CV] END estimator__learning_rate=0.77, estimator__max_depth=10, estimator__num_leaves=4, estimator__subsample=0.2; total time=   0.2s
[CV] END estimator__learning_rate=0.77, estimator__max_depth=10, estimator__num_leaves=6, estimator__subsample=0.1; total time=   0.4s
[CV] END estimator__learning_rate=0.77, estimator__max_depth=10, estimator__num_leaves=10, estimator__subsample=0.001; total time=   0.7s
[CV] END estimator__learning_rate=0.77, estimator__max_depth=10, estimator__num_leaves=31, estimator__subsample=0.1; total time=   1.5s
[CV] END estimator__learning_rate=0.77, estimator__max_depth=11, estimator__num_leaves=8, estimator__subsample=0.01; total time=   0.6s
[CV] END estimator__learning_rate=0.77, estimator__max_depth=11, estimator__num_leaves=31, estimator__subsample=0.001; total time=   1.5s
[CV] END estimator__learning_rate=0.77, estimator__max_depth=12, estimator__num_leaves=6, estimator__subsample=0.1; total time=   0.4s
[CV] END estimator__learning_rate=0.77, estimator__max_depth=12, estimator__num_leaves=10, estimator__subsample=0.001; total time=   0.7s
[CV] END estimator__learning_rate=0.77, estimator__max_depth=12, estimator__num_leaves=31, estimator__subsample=0.2; total time=   1.6s
[CV] END estimator__learning_rate=0.77, estimator__max_depth=13, estimator__num_leaves=8, estimator__subsample=0.1; total time=   0.6s
[CV] END estimator__learning_rate=0.77, estimator__max_depth=13, estimator__num_leaves=31, estimator__subsample=0.001; total time=   1.5s
[CV] END estimator__learning_rate=0.77, estimator__max_depth=14, estimator__num_leaves=6, estimator__subsample=0.1; total time=   0.4s
[CV] END estimator__learning_rate=0.77, estimator__max_depth=14, estimator__num_leaves=10, estimator__subsample=0.001; total time=   0.8s
[CV] END estimator__learning_rate=0.77, estimator__max_depth=14, estimator__num_leaves=31, estimator__subsample=0.2; total time=   1.0s
[CV] END estimator__learning_rate=0.58, estimator__max_depth=12, estimator__num_leaves=8, estimator__subsample=0.01; total time=   0.6s
[CV] END estimator__learning_rate=0.58, estimator__max_depth=12, estimator__num_leaves=31, estimator__subsample=0.001; total time=   1.5s
[CV] END estimator__learning_rate=0.58, estimator__max_depth=13, estimator__num_leaves=6, estimator__subsample=0.1; total time=   0.4s
[CV] END estimator__learning_rate=0.58, estimator__max_depth=13, estimator__num_leaves=10, estimator__subsample=0.01; total time=   0.7s
[CV] END estimator__learning_rate=0.58, estimator__max_depth=13, estimator__num_leaves=31, estimator__subsample=0.2; total time=   1.6s
[CV] END estimator__learning_rate=0.58, estimator__max_depth=14, estimator__num_leaves=8, estimator__subsample=0.2; total time=   0.6s
[CV] END estimator__learning_rate=0.58, estimator__max_depth=14, estimator__num_leaves=31, estimator__subsample=0.01; total time=   1.5s
[CV] END estimator__learning_rate=0.77, estimator__max_depth=10, estimator__num_leaves=6, estimator__subsample=0.2; total time=   0.4s
[CV] END estimator__learning_rate=0.77, estimator__max_depth=10, estimator__num_leaves=10, estimator__subsample=0.01; total time=   0.8s
[CV] END estimator__learning_rate=0.77, estimator__max_depth=11, estimator__num_leaves=2, estimator__subsample=0.001; total time=   0.0s
[CV] END estimator__learning_rate=0.77, estimator__max_depth=11, estimator__num_leaves=2, estimator__subsample=0.01; total time=   0.1s
[CV] END estimator__learning_rate=0.77, estimator__max_depth=11, estimator__num_leaves=2, estimator__subsample=0.2; total time=   0.1s
[CV] END estimator__learning_rate=0.77, estimator__max_depth=11, estimator__num_leaves=4, estimator__subsample=0.01; total time=   0.2s
[CV] END estimator__learning_rate=0.77, estimator__max_depth=11, estimator__num_leaves=6, estimator__subsample=0.001; total time=   0.4s
[CV] END estimator__learning_rate=0.77, estimator__max_depth=11, estimator__num_leaves=8, estimator__subsample=0.001; total time=   0.7s
[CV] END estimator__learning_rate=0.77, estimator__max_depth=11, estimator__num_leaves=10, estimator__subsample=0.2; total time=   0.8s
[CV] END estimator__learning_rate=0.77, estimator__max_depth=12, estimator__num_leaves=4, estimator__subsample=0.001; total time=   0.2s
[CV] END estimator__learning_rate=0.77, estimator__max_depth=12, estimator__num_leaves=4, estimator__subsample=0.1; total time=   0.2s
[CV] END estimator__learning_rate=0.77, estimator__max_depth=12, estimator__num_leaves=6, estimator__subsample=0.01; total time=   0.4s
[CV] END estimator__learning_rate=0.77, estimator__max_depth=12, estimator__num_leaves=8, estimator__subsample=0.2; total time=   0.6s
[CV] END estimator__learning_rate=0.77, estimator__max_depth=12, estimator__num_leaves=31, estimator__subsample=0.01; total time=   1.6s
[CV] END estimator__learning_rate=0.77, estimator__max_depth=13, estimator__num_leaves=6, estimator__subsample=0.2; total time=   0.4s
[CV] END estimator__learning_rate=0.77, estimator__max_depth=13, estimator__num_leaves=10, estimator__subsample=0.01; total time=   0.8s
[CV] END estimator__learning_rate=0.77, estimator__max_depth=14, estimator__num_leaves=2, estimator__subsample=0.001; total time=   0.0s
[CV] END estimator__learning_rate=0.77, estimator__max_depth=14, estimator__num_leaves=2, estimator__subsample=0.01; total time=   0.1s
[CV] END estimator__learning_rate=0.77, estimator__max_depth=14, estimator__num_leaves=2, estimator__subsample=0.2; total time=   0.1s
[CV] END estimator__learning_rate=0.77, estimator__max_depth=14, estimator__num_leaves=4, estimator__subsample=0.01; total time=   0.2s
[CV] END estimator__learning_rate=0.77, estimator__max_depth=14, estimator__num_leaves=4, estimator__subsample=0.2; total time=   0.3s
[CV] END estimator__learning_rate=0.77, estimator__max_depth=14, estimator__num_leaves=6, estimator__subsample=0.2; total time=   0.4s
[CV] END estimator__learning_rate=0.77, estimator__max_depth=14, estimator__num_leaves=10, estimator__subsample=0.01; total time=   0.7s
[CV] END estimator__learning_rate=0.77, estimator__max_depth=14, estimator__num_leaves=31, estimator__subsample=0.2; total time=   1.0s
[CV] END estimator__learning_rate=0.39, estimator__max_depth=13, estimator__num_leaves=4, estimator__subsample=0.001; total time=   0.2s
[CV] END estimator__learning_rate=0.39, estimator__max_depth=13, estimator__num_leaves=4, estimator__subsample=0.1; total time=   0.2s
[CV] END estimator__learning_rate=0.39, estimator__max_depth=13, estimator__num_leaves=6, estimator__subsample=0.01; total time=   0.4s
[CV] END estimator__learning_rate=0.39, estimator__max_depth=13, estimator__num_leaves=8, estimator__subsample=0.2; total time=   0.6s
[CV] END estimator__learning_rate=0.39, estimator__max_depth=13, estimator__num_leaves=31, estimator__subsample=0.01; total time=   1.5s
[CV] END estimator__learning_rate=0.39, estimator__max_depth=14, estimator__num_leaves=6, estimator__subsample=0.1; total time=   0.4s
[CV] END estimator__learning_rate=0.39, estimator__max_depth=14, estimator__num_leaves=10, estimator__subsample=0.01; total time=   0.7s
[CV] END estimator__learning_rate=0.39, estimator__max_depth=14, estimator__num_leaves=31, estimator__subsample=0.2; total time=   1.6s
[CV] END estimator__learning_rate=0.58, estimator__max_depth=10, estimator__num_leaves=8, estimator__subsample=0.2; total time=   0.6s
[CV] END estimator__learning_rate=0.58, estimator__max_depth=10, estimator__num_leaves=31, estimator__subsample=0.1; total time=   1.5s
[CV] END estimator__learning_rate=0.58, estimator__max_depth=11, estimator__num_leaves=8, estimator__subsample=0.001; total time=   0.6s
[CV] END estimator__learning_rate=0.58, estimator__max_depth=11, estimator__num_leaves=10, estimator__subsample=0.1; total time=   0.9s
[CV] END estimator__learning_rate=0.58, estimator__max_depth=12, estimator__num_leaves=2, estimator__subsample=0.2; total time=   0.1s
[CV] END estimator__learning_rate=0.58, estimator__max_depth=12, estimator__num_leaves=4, estimator__subsample=0.1; total time=   0.2s
[CV] END estimator__learning_rate=0.58, estimator__max_depth=12, estimator__num_leaves=6, estimator__subsample=0.001; total time=   0.4s
[CV] END estimator__learning_rate=0.58, estimator__max_depth=12, estimator__num_leaves=8, estimator__subsample=0.01; total time=   0.6s
[CV] END estimator__learning_rate=0.58, estimator__max_depth=12, estimator__num_leaves=10, estimator__subsample=0.2; total time=   0.7s
[CV] END estimator__learning_rate=0.58, estimator__max_depth=13, estimator__num_leaves=2, estimator__subsample=0.1; total time=   0.1s
[CV] END estimator__learning_rate=0.58, estimator__max_depth=13, estimator__num_leaves=4, estimator__subsample=0.001; total time=   0.2s
[CV] END estimator__learning_rate=0.58, estimator__max_depth=13, estimator__num_leaves=4, estimator__subsample=0.2; total time=   0.2s
[CV] END estimator__learning_rate=0.58, estimator__max_depth=13, estimator__num_leaves=6, estimator__subsample=0.01; total time=   0.4s
[CV] END estimator__learning_rate=0.58, estimator__max_depth=13, estimator__num_leaves=8, estimator__subsample=0.2; total time=   0.6s
[CV] END estimator__learning_rate=0.58, estimator__max_depth=13, estimator__num_leaves=31, estimator__subsample=0.1; total time=   1.6s
[CV] END estimator__learning_rate=0.58, estimator__max_depth=14, estimator__num_leaves=8, estimator__subsample=0.001; total time=   0.6s
[CV] END estimator__learning_rate=0.58, estimator__max_depth=14, estimator__num_leaves=10, estimator__subsample=0.2; total time=   0.8s
[CV] END estimator__learning_rate=0.77, estimator__max_depth=10, estimator__num_leaves=2, estimator__subsample=0.1; total time=   0.1s
[CV] END estimator__learning_rate=0.77, estimator__max_depth=10, estimator__num_leaves=4, estimator__subsample=0.001; total time=   0.2s
[CV] END estimator__learning_rate=0.77, estimator__max_depth=10, estimator__num_leaves=4, estimator__subsample=0.1; total time=   0.2s
[CV] END estimator__learning_rate=0.77, estimator__max_depth=10, estimator__num_leaves=6, estimator__subsample=0.01; total time=   0.4s
[CV] END estimator__learning_rate=0.77, estimator__max_depth=10, estimator__num_leaves=8, estimator__subsample=0.1; total time=   0.6s
[CV] END estimator__learning_rate=0.77, estimator__max_depth=10, estimator__num_leaves=31, estimator__subsample=0.01; total time=   1.5s
[CV] END estimator__learning_rate=0.77, estimator__max_depth=11, estimator__num_leaves=6, estimator__subsample=0.2; total time=   0.4s
[CV] END estimator__learning_rate=0.77, estimator__max_depth=11, estimator__num_leaves=10, estimator__subsample=0.1; total time=   0.7s
[CV] END estimator__learning_rate=0.77, estimator__max_depth=12, estimator__num_leaves=2, estimator__subsample=0.001; total time=   0.0s
[CV] END estimator__learning_rate=0.77, estimator__max_depth=12, estimator__num_leaves=2, estimator__subsample=0.01; total time=   0.1s
[CV] END estimator__learning_rate=0.77, estimator__max_depth=12, estimator__num_leaves=2, estimator__subsample=0.2; total time=   0.1s
[CV] END estimator__learning_rate=0.77, estimator__max_depth=12, estimator__num_leaves=4, estimator__subsample=0.01; total time=   0.2s
[CV] END estimator__learning_rate=0.77, estimator__max_depth=12, estimator__num_leaves=6, estimator__subsample=0.001; total time=   0.4s
[CV] END estimator__learning_rate=0.77, estimator__max_depth=12, estimator__num_leaves=8, estimator__subsample=0.001; total time=   0.6s
[CV] END estimator__learning_rate=0.77, estimator__max_depth=12, estimator__num_leaves=10, estimator__subsample=0.2; total time=   0.7s
[CV] END estimator__learning_rate=0.77, estimator__max_depth=13, estimator__num_leaves=2, estimator__subsample=0.1; total time=   0.1s
[CV] END estimator__learning_rate=0.77, estimator__max_depth=13, estimator__num_leaves=4, estimator__subsample=0.001; total time=   0.2s
[CV] END estimator__learning_rate=0.77, estimator__max_depth=13, estimator__num_leaves=4, estimator__subsample=0.2; total time=   0.2s
[CV] END estimator__learning_rate=0.77, estimator__max_depth=13, estimator__num_leaves=6, estimator__subsample=0.01; total time=   0.4s
[CV] END estimator__learning_rate=0.77, estimator__max_depth=13, estimator__num_leaves=8, estimator__subsample=0.2; total time=   0.6s
[CV] END estimator__learning_rate=0.77, estimator__max_depth=13, estimator__num_leaves=31, estimator__subsample=0.1; total time=   1.5s
[CV] END estimator__learning_rate=0.77, estimator__max_depth=14, estimator__num_leaves=8, estimator__subsample=0.001; total time=   0.6s
[CV] END estimator__learning_rate=0.77, estimator__max_depth=14, estimator__num_leaves=10, estimator__subsample=0.1; total time=   0.7s
