condition_id,split,source_path,row_count,nominal_speed_rpm,direction_window_order,valid_row_count,transition_row_count,transition_duration_s,finite_value_pass,raw_speed_outlier_count,raw_speed_outlier_fraction,forward_valid_median_speed_rpm,backward_valid_median_speed_rpm,forward_valid_speed_mad_rpm,backward_valid_speed_mad_rpm,valid_raw_acceleration_p95_rpm_per_s,transition_raw_acceleration_p95_rpm_per_s,valid_causal_5_acceleration_p95_rpm_per_s,transition_causal_5_acceleration_p95_rpm_per_s,valid_causal_21_acceleration_p95_rpm_per_s,transition_causal_21_acceleration_p95_rpm_per_s,valid_causal_101_acceleration_p95_rpm_per_s,transition_causal_101_acceleration_p95_rpm_per_s,causal_101_valid_to_transition_p95_ratio,valid_speed_stability_pass,robust_transition_excitation_pass,validated_transient_te_target_available,load_inertia_available,commanded_drive_law_available
speed_100rpm__torque_0Nm__temperature_25degC,train,data/original_dataset/Test_25deg/100rpm/100.0rpm0.0Nm25.0deg.csv,449841,100.00202806744103,Fw_then_Bw,388800,22163,5.54075,True,1,2.223007684937567e-06,100.00202806744103,-99.99604899591455,0.1312047291624765,0.1308695354964442,363.4392051026225,388.4735827643908,264.6892786398439,286.2811204790944,97.42166385763085,101.22571615949582,16.560208236796825,16.988427981294738,0.9747934449868223,True,False,False,False,False
speed_100rpm__torque_0Nm__temperature_30degC,validation,data/original_dataset/Test_30deg/100rpm/100.0rpm0.0Nm30.0deg.csv,447268,100.00000000097013,Fw_then_Bw,388799,19591,4.89775,True,1,2.235795988087679e-06,100.00000000097013,-99.9933333368972,0.13999999888862646,0.1266666707427504,373.3333044995675,346.6666870129984,261.3333374261515,261.3333284854775,99.04761825288233,99.04761896245873,17.161716033911034,17.16171618147655,0.9999999914014709,True,False,False,False,False
speed_100rpm__torque_0Nm__temperature_35degC,train,data/original_dataset/Test_35deg/100rpm/100.0rpm0.0Nm35.0deg.csv,466563,100.00163693136224,Fw_then_Bw,388800,38885,9.72125,True,1,2.143333269033335e-06,100.00163693136224,-99.99917820096016,0.1291371978974638,0.12483446820017718,397.19066505011824,405.46079011011216,291.33264124396874,300.0051248073646,97.77290154511888,97.76227062657199,15.562122562295144,15.433323117792893,1.0083455418848686,True,False,False,False,False
speed_100rpm__torque_100Nm__temperature_25degC,train,data/original_dataset/Test_25deg/100rpm/100.0rpm100.0Nm25.0deg.csv,466563,99.99917820096016,Fw_then_Bw,388800,38886,9.7215,True,1,2.143333269033335e-06,99.99917820096016,-99.99711066484451,0.11650846378567792,0.11717899663683795,355.1693322757501,350.6986880287144,251.45707130434403,245.86917608978354,88.87479418797284,88.92267960167999,14.212163371772135,14.47717686841088,0.9816943939382959,True,False,False,False,False
speed_100rpm__torque_100Nm__temperature_30degC,test,data/original_dataset/Test_30deg/100rpm/100.0rpm100.0Nm30.0deg.csv,458954,99.99951346738574,Fw_then_Bw,388800,31278,7.819500000000001,True,1,2.1788675989314834e-06,99.99951346738574,-99.99532253520253,0.11684373263658188,0.12315806816332042,376.17946509277544,411.2722876015994,268.8467772304904,295.76499029994625,91.28025387900891,94.95233070282438,14.37814662991741,14.198888646490104,1.0126247897205403,True,False,False,False,False
speed_100rpm__torque_100Nm__temperature_35degC,test,data/original_dataset/Test_35deg/100rpm/100.0rpm100.0Nm35.0deg.csv,459255,99.9999046010392,Fw_then_Bw,388801,31577,7.89425,True,1,2.1774395488345257e-06,99.9999046010392,-99.99705472728238,0.11684380054551013,0.12136986091113044,390.2613146541398,407.02531502273587,280.6931734085083,292.45013594625107,92.07852690349227,93.3451311928593,14.117006028016021,14.073189178293426,1.0031134982389194,True,False,False,False,False
speed_100rpm__torque_200Nm__temperature_25degC,train,data/original_dataset/Test_25deg/100rpm/100.0rpm200.0Nm25.0deg.csv,466562,99.99783706734888,Fw_then_Bw,388801,38885,9.72125,True,1,2.1433378629206835e-06,99.99783706734888,-99.99638419928185,0.11650846863631159,0.1252255994283331,360.53359508514404,353.6044697587613,253.20053286850452,247.8271692991141,90.99287646154153,89.3409727584753,14.712316933810143,14.656990471451081,1.003774749152415,True,False,False,False,False
speed_100rpm__torque_200Nm__temperature_30degC,train,data/original_dataset/Test_30deg/100rpm/100.0rpm200.0Nm30.0deg.csv,459253,99.99884293453458,Fw_then_Bw,388800,31576,7.894,True,1,2.1774490313617985e-06,99.99884293453458,-99.99778126560462,0.11259693322548969,0.12874593570208503,380.2029338355055,375.956068940809,269.38547976311844,263.8399995863665,92.88746651174336,91.14189179879872,14.575108247694857,14.533058620315842,1.002893377676206,True,False,False,False,False
speed_100rpm__torque_200Nm__temperature_35degC,train,data/original_dataset/Test_35deg/100rpm/100.0rpm200.0Nm35.0deg.csv,457054,99.99850760020006,Fw_then_Bw,388800,29377,7.34425,True,1,2.1879252779759064e-06,99.99850760020006,-99.99638420413248,0.11678780113773968,0.12734913373908796,404.34295078739524,403.0018850850752,289.6338641643297,287.66688168052497,95.88896589616809,96.29343407494844,14.54633651394488,14.869441549387798,0.9782705332698779,True,False,False,False,False
speed_100rpm__torque_300Nm__temperature_25degC,train,data/original_dataset/Test_25deg/100rpm/100.0rpm300.0Nm25.0deg.csv,466563,99.99850766325835,Fw_then_Bw,388800,38886,9.7215,True,1,2.143333269033335e-06,99.99850766325835,-99.9974459312701,0.11963773674020217,0.13824554237848474,366.1213365073195,363.21593991790735,256.7768543958664,253.14466357232845,96.01670010455337,94.07688233822853,15.951620027578883,15.9073584150633,1.0027824615099934,True,False,False,False,False
speed_100rpm__torque_300Nm__temperature_30degC,test,data/original_dataset/Test_30deg/100rpm/100.0rpm300.0Nm30.0deg.csv,461995,99.99847969932793,Fw_then_Bw,388800,34317,8.57925,True,1,2.164525590103789e-06,99.99847969932793,-99.99951346738574,0.11821276469467534,0.14103952950488008,381.54429057613015,380.2032054712754,268.8467235863328,267.46090114113485,97.21943001664783,95.22906655359975,15.936126803410389,15.21246179498803,1.047570539086631,True,False,False,False,False
speed_100rpm__torque_300Nm__temperature_35degC,train,data/original_dataset/Test_35deg/100rpm/100.0rpm300.0Nm35.0deg.csv,458310,99.99778120254632,Fw_then_Bw,388801,30633,7.65825,True,1,2.1819292618533306e-06,99.99778120254632,-99.99884293453458,0.12136993852134026,0.13925133195394324,406.80162298178857,395.6261168544188,289.0526890755041,279.5308828353882,100.10387429167622,97.48552413215066,15.714824937390404,15.816624329818271,0.9935637725025844,True,False,False,False,False
speed_100rpm__torque_400Nm__temperature_25degC,train,data/original_dataset/Test_25deg/100rpm/100.0rpm400.0Nm25.0deg.csv,466562,99.99778120254632,Fw_then_Bw,388800,38885,9.72125,True,1,2.1433378629206835e-06,99.99778120254632,-99.99884293453458,0.1258962050390693,0.15646220223668195,371.7093107601386,375.9114149336928,259.0566962957183,263.5270386934394,103.2437602501858,104.64872462408721,17.78402106082524,18.32400247599253,0.9705314700827641,True,False,False,False,False
speed_100rpm__torque_400Nm__temperature_30degC,test,data/original_dataset/Test_30deg/100rpm/100.0rpm400.0Nm30.0deg.csv,462141,99.99778126560462,Fw_then_Bw,388798,34465,8.61625,True,1,2.16384177123432e-06,99.99778126560462,-100.00091046094894,0.1277401315746829,0.15512107832667255,387.3554912085524,381.76747815065255,273.0488590151168,266.8798315525123,104.3081262282044,102.5519125518144,17.66008979615208,17.43878500884648,1.0126903787846075,True,False,False,False,False
speed_100rpm__torque_400Nm__temperature_35degC,train,data/original_dataset/Test_35deg/100rpm/100.0rpm400.0Nm35.0deg.csv,458253,99.99711066969515,Fw_then_Bw,388800,30576,7.644,True,1,2.182200662079681e-06,99.99711066969515,-100.00023986503948,0.13332813493130402,0.1571326720295474,419.7659048562059,456.5904867679933,299.78154912592174,331.4763352274639,108.91683616098078,112.39732092337817,17.797298950711138,18.118191510410497,0.9822889299125148,True,False,False,False,False
speed_100rpm__torque_500Nm__temperature_25degC,train,data/original_dataset/Test_25deg/100rpm/100.0rpm500.0Nm25.0deg.csv,466562,100.00130160187837,Fw_then_Bw,388800,38885,9.72125,True,1,2.1433378629206835e-06,100.00130160187837,-99.99850762930389,0.1484155363868922,0.16596163429009891,374.8386516235769,383.108792205644,263.4823505952852,269.7318696975797,113.66391100339115,115.27113403592466,20.158613974828654,20.798185910371103,0.969248667249218,True,False,False,False,False
speed_100rpm__torque_500Nm__temperature_30degC,validation,data/original_dataset/Test_30deg/100rpm/100.0rpm500.0Nm30.0deg.csv,460151,99.9974459312701,Fw_then_Bw,388800,32474,8.118500000000001,True,1,2.173199667065811e-06,99.9974459312701,-99.99990466167219,0.13791026625160896,0.15400347183458507,387.57916384685416,393.1672972005913,272.1995204686891,275.32870858910314,109.32129550548098,106.90518078350522,18.60284606118796,17.86590365340146,1.0412485381138947,True,False,False,False,False
speed_100rpm__torque_500Nm__temperature_35degC,test,data/original_dataset/Test_35deg/100rpm/100.0rpm500.0Nm35.0deg.csv,456444,99.9981164689719,Fw_then_Bw,388800,28767,7.19175,True,1,2.1908492608074594e-06,99.9981164689719,-99.99990466894815,0.1424365327693522,0.15333300446702935,411.27228178078497,403.8960129643101,291.55610501766205,285.700003504752,112.6634413021776,107.72155565878163,18.810872541794765,17.96703801887815,1.0469657003024089,True,False,False,False,False
speed_100rpm__torque_600Nm__temperature_25degC,validation,data/original_dataset/Test_25deg/100rpm/100.0rpm600.0Nm25.0deg.csv,466562,100.00202806744103,Fw_then_Bw,388800,38886,9.7215,True,1,2.1433378629206835e-06,100.00202806744103,-99.99923413609697,0.15718860474105156,0.1680852025553179,376.1800083642015,381.76774978637695,263.5270386934394,268.578505516075,118.00656435747783,118.86603385208616,21.145634426943616,20.84023232509935,1.0146544480445379,True,False,False,False,False
speed_100rpm__torque_600Nm__temperature_30degC,train,data/original_dataset/Test_30deg/100rpm/100.0rpm600.0Nm30.0deg.csv,459842,100.0006310690272,Fw_then_Bw,388800,32166,8.041500000000001,True,1,2.1746599919102647e-06,100.0006310690272,-100.000575199374,0.14986847236285428,0.1574680645717308,397.19014118117,405.62820504418085,279.4861992448119,286.5046434104528,115.80332691472108,118.04648204926593,19.952802887505072,20.33953206374406,0.9809863287401609,True,False,False,False,False
speed_100rpm__torque_600Nm__temperature_35degC,test,data/original_dataset/Test_35deg/100rpm/100.0rpm600.0Nm35.0deg.csv,457554,99.9995693321883,Fw_then_Bw,388800,29877,7.46925,True,1,2.1855343850124795e-06,99.9995693321883,-99.99990466652282,0.155735804582946,0.15685333346482366,429.60053542628884,415.11660286536136,305.90592324733734,294.998294711138,120.40138386544186,115.66493936948063,20.132060546319508,19.771776783579746,1.0182221237212719,True,False,False,False,False
speed_100rpm__torque_700Nm__temperature_25degC,train,data/original_dataset/Test_25deg/100rpm/100.0rpm700.0Nm25.0deg.csv,466564,100.0037602680095,Fw_then_Bw,388801,38886,9.7215,True,1,2.1433286751656795e-06,100.0037602680095,-99.99951353529468,0.16869973599871457,0.16422940340513037,388.69706137722915,388.6965472096051,273.63002486526966,271.3836655020856,123.08359288033444,119.4833678503926,22.01978353286904,21.02170290774552,1.047478581040919,True,False,False,False,False
speed_100rpm__torque_700Nm__temperature_30degC,train,data/original_dataset/Test_30deg/100rpm/100.0rpm700.0Nm30.0deg.csv,460628,99.99850766325835,Fw_then_Bw,388799,32951,8.23775,True,1,2.170949225839506e-06,99.99850766325835,-100.00023993779905,0.1603737982804887,0.15327706447958178,402.55518203288716,394.28494831855687,283.7330102920532,277.29567885398865,121.73291033222402,118.1396004699593,20.950885880597525,20.290293168301332,1.032557080709322,True,False,False,False,False
speed_100rpm__torque_700Nm__temperature_35degC,train,data/original_dataset/Test_35deg/100rpm/100.0rpm700.0Nm35.0deg.csv,456861,99.99951346738574,Fw_then_Bw,388801,29183,7.29575,True,1,2.188849562558415e-06,99.99951346738574,-100.00023993294842,0.16629699772845186,0.1575238663159837,436.082133092043,422.224241386499,309.30342078204376,294.37248617411456,125.6912897030702,122.40664128745479,21.353660686202147,20.907730306726055,1.0213284929991964,True,False,False,False,False
speed_100rpm__torque_800Nm__temperature_25degC,validation,data/original_dataset/Test_25deg/100rpm/100.0rpm800.0Nm25.0deg.csv,466564,100.00202806744103,Fw_then_Bw,388800,38887,9.72175,True,1,2.1433286751656795e-06,100.00202806744103,-100.00023993779905,0.1754612021613866,0.1722202093030063,401.2135711188307,395.8495799451896,282.6154649257546,279.53091830016774,131.76883689704653,132.42023658185624,23.493674382723384,24.62785660042638,0.9539471811898012,True,False,False,False,False
speed_100rpm__torque_800Nm__temperature_30degC,train,data/original_dataset/Test_30deg/100rpm/100.0rpm800.0Nm30.0deg.csv,459006,99.9999046010392,Fw_then_Bw,388799,31329,7.83225,True,1,2.178620758770038e-06,99.9999046010392,-100.00130159702773,0.17154966432524077,0.16842033558836533,419.54213520511985,417.0836415141821,297.233441621097,295.26650488375026,132.0455738121609,134.04232604160595,22.98246059971234,23.89644782731466,0.9617521719459244,True,False,False,False,False
speed_100rpm__torque_800Nm__temperature_35degC,validation,data/original_dataset/Test_35deg/100rpm/100.0rpm800.0Nm35.0deg.csv,455770,100.000575199374,Fw_then_Bw,388800,28093,7.02325,True,1,2.194089123900213e-06,100.000575199374,-100.00023986503948,0.17467880267455627,0.16981733400218957,437.64718187350127,429.15331432596986,310.9574377537001,301.6590905189446,134.0572192023103,132.42874883470677,23.009572170758346,23.50695186324856,0.9788411659927789,True,False,False,False,False
speed_100rpm__torque_900Nm__temperature_25degC,train,data/original_dataset/Test_25deg/100rpm/100.0rpm900.0Nm25.0deg.csv,466562,100.00549260197052,Fw_then_Bw,388800,38886,9.7215,True,1,2.1433378629206835e-06,100.00549260197052,-100.00023986503948,0.1908838312374499,0.17819926627755933,412.38959723460766,412.7807236121299,291.8243736028785,293.83598491550345,139.9857646829929,140.12147858736057,25.202141171007497,25.68845871354597,0.9810686367772611,True,False,False,False,False
speed_100rpm__torque_900Nm__temperature_30degC,validation,data/original_dataset/Test_30deg/100rpm/100.0rpm900.0Nm30.0deg.csv,460390,100.00202806744103,Fw_then_Bw,388800,32713,8.17825,True,1,2.1720715045939313e-06,100.00202806744103,-99.99956933703895,0.18065800153028988,0.17473474144935608,430.7178702826491,433.8471995046234,306.3998815417387,310.9305995702697,139.44347834304256,140.6669649339733,24.243891829314634,24.730762721310384,0.9803131469303122,True,False,False,False,False
speed_100rpm__torque_900Nm__temperature_35degC,test,data/original_dataset/Test_35deg/100rpm/100.0rpm900.0Nm35.0deg.csv,456287,100.00130166493666,Fw_then_Bw,388799,28610,7.1525,True,1,2.191603091913642e-06,100.00130166493666,-100.00130159702773,0.18591066570175485,0.17646700143814087,451.95225781452564,417.97760156141237,322.75915145874023,295.1212005317357,144.59447811046857,141.19914347926112,24.883464019342227,25.489284585029274,0.9762323432944499,True,False,False,False,False
speed_100rpm__torque_1000Nm__temperature_25degC,train,data/original_dataset/Test_25deg/100rpm/100.0rpm1000.0Nm25.0deg.csv,466564,100.00163693136224,Fw_then_Bw,388800,38887,9.72175,True,1,2.1433286751656795e-06,100.00163693136224,-100.00130159702773,0.18803406176932924,0.18697233948235237,413.95412214717453,415.5189575006375,294.14890706539154,294.95358556510496,145.2118227612715,143.8440976398168,26.299809907925464,26.412675787906892,0.9957268290086269,True,False,False,False,False
speed_100rpm__torque_1000Nm__temperature_30degC,test,data/original_dataset/Test_30deg/100rpm/100.0rpm1000.0Nm30.0deg.csv,459778,100.00202806744103,Fw_then_Bw,388800,32101,8.02525,True,1,2.1749626993897053e-06,100.00202806744103,-99.99850766810899,0.1904927339637652,0.19012949875711627,436.3061549762506,444.7999720771918,312.3432546854019,319.8980748653639,148.60715042976835,146.60613309769133,26.425956521637772,26.425953548709913,1.000000112500306,True,False,False,False,False
speed_100rpm__torque_1000Nm__temperature_35degC,train,data/original_dataset/Test_35deg/100rpm/100.0rpm1000.0Nm35.0deg.csv,457159,100.000575199374,Fw_then_Bw,388801,29482,7.3705,True,1,2.1874227566339063e-06,100.000575199374,-99.9992341385223,0.19468366614698596,0.19289552195307635,464.46934963262265,468.716025352478,333.1303477287406,337.600744068601,153.6841912284217,153.94707882689127,26.773402006313063,27.218115241240064,0.9836611304278268,True,False,False,False,False
speed_100rpm__torque_1100Nm__temperature_25degC,validation,data/original_dataset/Test_25deg/100rpm/100.0rpm1100.0Nm25.0deg.csv,466564,100.00063100111826,Fw_then_Bw,388801,38886,9.7215,True,1,2.1433286751656795e-06,100.00063100111826,-99.99744594097137,0.20585960010066628,0.20591541154620074,436.52930374571497,437.6469296403229,312.9243731498832,315.07012695071523,157.36692079474324,160.5706640652187,28.605803404730068,29.5751156045867,0.9672254129851549,True,False,False,False,False
speed_100rpm__torque_1100Nm__temperature_30degC,test,data/original_dataset/Test_30deg/100rpm/100.0rpm1100.0Nm30.0deg.csv,460016,99.99917819610953,Fw_then_Bw,388800,32339,8.08475,True,1,2.1738374317415047e-06,99.99917819610953,-100.00130159702773,0.20066272797218687,0.20172446966171265,451.95198617875576,447.70510091137794,324.4132280349845,319.36165422200133,158.70801327486674,154.68682646754243,28.17868788791884,28.105876764442424,1.0025906013922516,True,False,False,False,False
speed_100rpm__torque_1100Nm__temperature_35degC,train,data/original_dataset/Test_35deg/100rpm/100.0rpm1100.0Nm35.0deg.csv,459037,100.0026986002922,Fw_then_Bw,388799,31361,7.84025,True,1,2.1784736306659376e-06,100.0026986002922,-100.00169280101545,0.20384786572928704,0.2083740643380878,491.06747610495063,470.2808024982801,351.63759738202884,333.7115168571927,163.44444388967077,163.7105402492125,28.27384817123857,29.869452118873596,0.9465807427171785,True,False,False,False,False
speed_100rpm__torque_1200Nm__temperature_25degC,train,data/original_dataset/Test_25deg/100rpm/100.0rpm1200.0Nm25.0deg.csv,466564,99.99604893285625,Fw_then_Bw,388799,38888,9.722,True,1,2.1433286751656795e-06,99.99604893285625,-99.99817233377448,0.2125650692808847,0.22765253864538693,464.692828245461,461.56371342172235,333.7114666402499,330.89520335198586,167.38368059906153,162.7446367981947,30.385087917352394,28.371221107428823,1.0709827329002857,True,False,False,False,False
speed_100rpm__torque_1200Nm__temperature_30degC,train,data/original_dataset/Test_30deg/100rpm/100.0rpm1200.0Nm30.0deg.csv,460131,99.99811646412127,Fw_then_Bw,388800,32456,8.114,True,1,2.1732941271072805e-06,99.99811646412127,-99.99951346738574,0.21357086370699108,0.22737313217173494,484.13865976427246,470.2805308625102,351.6822996735357,341.80282726886446,172.80025355336477,174.3356030257246,30.57983610780184,31.60724353671185,0.9674945577675359,True,False,False,False,False
speed_100rpm__torque_1200Nm__temperature_35degC,validation,data/original_dataset/Test_35deg/100rpm/100.0rpm1200.0Nm35.0deg.csv,458186,99.99917820096016,Fw_then_Bw,388801,30509,7.62725,True,1,2.1825197627164516e-06,99.99917820096016,-99.99884293453458,0.2150237317740249,0.23044638995391153,509.6194411938768,502.4671865006326,368.446087837242,366.2109887599968,176.19559310730892,176.80226791471796,30.89851878655736,30.911796812983994,0.9995704543961982,True,False,False,False,False
speed_100rpm__torque_1300Nm__temperature_25degC,train,data/original_dataset/Test_25deg/100rpm/100.0rpm1300.0Nm25.0deg.csv,466564,99.99412113393191,Fw_then_Bw,388800,38888,9.722,True,1,2.1433286751656795e-06,99.99412113393191,-100.00063107387784,0.23449773046498024,0.24765726023663603,497.9968265009262,489.7264104026249,360.6677323766462,356.15264356134446,181.9538289591975,179.6228573435684,33.14918298641203,33.70465469538999,0.9835194362915715,True,False,False,False,False
speed_100rpm__torque_1300Nm__temperature_30degC,train,data/original_dataset/Test_30deg/100rpm/100.0rpm1300.0Nm30.0deg.csv,458588,99.99850766568368,Fw_then_Bw,388800,30910,7.7275,True,1,2.1806065575200396e-06,99.99850766568368,-100.0020279995321,0.22485852969111875,0.24911013315431774,517.6664174844632,526.1597301190477,378.01270484920053,388.72140884398897,185.4236567925284,183.42264177543086,32.801731943288814,32.91470871703551,0.9965675900486332,True,False,False,False,False
speed_100rpm__torque_1300Nm__temperature_35degC,train,data/original_dataset/Test_35deg/100rpm/100.0rpm1300.0Nm35.0deg.csv,459155,99.9960490007652,Fw_then_Bw,388801,31477,7.86925,True,1,2.1779137763935924e-06,99.9960490007652,-100.0026986002922,0.23150806858515693,0.25290993896003044,531.74770437181,534.4298590596054,385.2993600070249,389.2332231998239,188.43582201571962,178.14550995827855,33.49441570219369,30.814864080741692,1.0869564640762648,True,False,False,False,False
speed_100rpm__torque_1400Nm__temperature_25degC,train,data/original_dataset/Test_25deg/100rpm/100.0rpm1400.0Nm25.0deg.csv,466565,99.99359026551247,Fw_then_Bw,388800,38888,9.722,True,1,2.1433240813177156e-06,99.99359026551247,-100.00163686345331,0.24028120484824456,0.2592802047729492,508.05493568379063,505.1494905880219,367.6860833168121,367.6861673593379,191.30962601016677,192.71458617986355,34.73372152535603,35.149774132375455,0.988163434409207,True,False,False,False,False
speed_100rpm__torque_1400Nm__temperature_30degC,train,data/original_dataset/Test_30deg/100rpm/100.0rpm1400.0Nm30.0deg.csv,459282,99.99711066969515,Fw_then_Bw,388801,31605,7.90125,True,1,2.177311542799413e-06,99.99711066969515,-100.0019722074891,0.24553392722737044,0.2563745413984435,520.5720275019416,520.7954595486399,379.1302412748223,383.0998528003419,195.32229857782113,197.9789454312708,34.844375040279374,35.71852407242204,0.975526731441359,True,False,False,False,False
speed_100rpm__torque_1400Nm__temperature_35degC,train,data/original_dataset/Test_35deg/100rpm/100.0rpm1400.0Nm35.0deg.csv,459134,99.99677539841893,Fw_then_Bw,388801,31457,7.86425,True,1,2.178013390426324e-06,99.99677539841893,-100.00197219778784,0.24592506330616004,0.2638064688653685,551.4176251987237,545.8296975120334,398.2186079025496,392.63068199160216,200.72929844974396,200.89320114680012,35.525990816040576,37.08176108279986,0.9580448656878673,True,False,False,False,False
speed_100rpm__torque_1500Nm__temperature_25degC,train,data/original_dataset/Test_25deg/100rpm/100.0rpm1500.0Nm25.0deg.csv,466564,99.990405132606,Fw_then_Bw,388800,38888,9.722,True,1,2.1433286751656795e-06,99.990405132606,-100.00202805773976,0.27257946688526147,0.27509412029758096,530.4069491103292,523.3994772425038,384.1817066073645,387.57917582986465,206.8174726196645,213.6640186821041,37.80542312574369,40.65283882881374,0.9299577646948514,True,False,False,False,False
speed_100rpm__torque_1500Nm__temperature_30degC,train,data/original_dataset/Test_30deg/100rpm/100.0rpm1500.0Nm30.0deg.csv,460933,99.99532246729359,Fw_then_Bw,388799,33257,8.31425,True,1,2.169512705751161e-06,99.99532246729359,-99.99956933703895,0.26592993041656143,0.27079133239264763,546.0527803128343,524.6401298791163,401.83962881565094,390.9319579601288,209.5422589353177,207.0111941723894,37.63944590002666,38.0249594108136,0.9898615668034794,True,False,False,False,False
speed_100rpm__torque_1500Nm__temperature_35degC,train,data/original_dataset/Test_35deg/100rpm/100.0rpm1500.0Nm35.0deg.csv,459459,99.99426080321427,Fw_then_Bw,388801,31782,7.9455,True,1,2.1764727647080587e-06,99.99426080321427,-100.00376026922217,0.27291480121978395,0.28448173543439736,583.8272239392381,555.8879803477566,421.777334436797,408.6210995912885,216.63095837550372,216.36486330201876,38.85883579749816,39.10835487123162,0.9936198013300476,True,False,False,False,False
speed_100rpm__torque_1600Nm__temperature_25degC,train,data/original_dataset/Test_25deg/100rpm/100.0rpm1600.0Nm25.0deg.csv,466564,99.98939926542032,Fw_then_Bw,388800,38888,9.722,True,1,2.1433286751656795e-06,99.98939926542032,-100.00130159702773,0.29537826776504517,0.31957407675993466,567.0637474395335,565.722568232249,417.6198871433854,418.7218636274452,229.2650164592942,225.92289508099554,42.65199225800984,41.91648572094948,1.017546951382252,True,False,False,False,False
speed_100rpm__torque_1600Nm__temperature_30degC,validation,data/original_dataset/Test_30deg/100rpm/100.0rpm1600.0Nm30.0deg.csv,462239,99.99359026551247,Fw_then_Bw,388799,34563,8.64075,True,1,2.1633830118185614e-06,99.99359026551247,-100.00303386671779,0.2907961995030348,0.2936460077762604,579.8042810056529,578.4632036617325,428.8404792546885,428.299626111965,228.93506004697883,226.9127617279878,41.38834310491575,41.4301707750667,0.9989904055578713,True,False,False,False,False
speed_100rpm__torque_1600Nm__temperature_35degC,validation,data/original_dataset/Test_35deg/100rpm/100.0rpm1600.0Nm35.0deg.csv,460073,99.98939933332925,Fw_then_Bw,388800,32397,8.09925,True,1,2.17356810766987e-06,99.98939933332925,-100.00130166493666,0.2967752673915385,0.30202783333758987,607.5202453455006,606.1794507937861,444.7996737062823,447.6159608364128,234.0120999941263,232.46876143275585,41.98807677309162,43.97317805504599,0.9548565427891201,True,False,False,False,False
speed_100rpm__torque_1700Nm__temperature_25degC,train,data/original_dataset/Test_25deg/100rpm/100.0rpm1700.0Nm25.0deg.csv,466565,99.99046099740856,Fw_then_Bw,388800,38889,9.72225,True,1,2.1433240813177156e-06,99.99046099740856,-100.00163693136224,0.3163889341522008,0.3406404672811618,593.6623415133397,599.2501430834295,435.81423774363657,444.415243864091,240.68567619792987,246.13525129499286,45.391741365452276,47.23210948528729,0.9610356568891278,True,False,False,False,False
speed_100rpm__torque_1700Nm__temperature_30degC,train,data/original_dataset/Test_30deg/100rpm/100.0rpm1700.0Nm30.0deg.csv,460624,99.99252853352421,Fw_then_Bw,388801,32947,8.23675,True,1,2.1709680780853797e-06,99.99252853352421,-100.0026986002922,0.3125332004856318,0.2981722015344275,580.9219243625421,578.2396571400341,434.16021317244713,433.5791337489695,237.4180697259476,238.45583448806437,43.041489133145205,44.03005397260244,0.9775479530397041,True,False,False,False,False
speed_100rpm__torque_1700Nm__temperature_35degC,validation,data/original_dataset/Test_35deg/100rpm/100.0rpm1700.0Nm35.0deg.csv,458317,99.9960489377069,Fw_then_Bw,388799,30641,7.6602500000000004,True,1,2.1818959366551972e-06,99.9960489377069,-100.00163693136224,0.3181770055865343,0.3185681416653239,631.6602618123284,600.3677456950527,460.2670937776452,438.36234807969277,243.9639497370706,235.94925800961164,44.50209617320411,42.986162375711956,1.0352656230217165,True,False,False,False,False
speed_100rpm__torque_1800Nm__temperature_25degC,train,data/original_dataset/Test_25deg/100rpm/100.0rpm1800.0Nm25.0deg.csv,466564,99.99219326709863,Fw_then_Bw,388800,38889,9.72225,True,1,2.1433286751656795e-06,99.99219326709863,-99.9981724016834,0.31884756511620793,0.3427639991665927,619.1432087992439,609.0849754400665,456.91429378465784,451.8449169397399,250.57366348448795,250.7120385056396,47.027178779998735,48.19787994470062,0.9757105257317319,True,False,False,False,False
speed_100rpm__torque_1800Nm__temperature_30degC,train,data/original_dataset/Test_30deg/100rpm/100.0rpm1800.0Nm30.0deg.csv,459956,99.99291973266129,Fw_then_Bw,388801,32279,8.06975,True,1,2.174121002878536e-06,99.99291973266129,-100.00482199635978,0.3294646642946901,0.3115273915076102,628.307481141178,608.861663689197,474.3039458990097,461.6528615355378,256.1935356685012,244.2364178952743,47.01390124785121,45.52695653817409,1.032660753600569,True,False,False,False,False
speed_100rpm__torque_1800Nm__temperature_35degC,validation,data/original_dataset/Test_35deg/100rpm/100.0rpm1800.0Nm35.0deg.csv,457489,99.99325499908689,Fw_then_Bw,388800,29813,7.453250000000001,True,1,2.1858449055605707e-06,99.99325499908689,-100.00202806744103,0.3385729990744437,0.3536045260261744,684.6338510513306,665.634932617363,501.7965990305271,490.8889812230882,270.3608251575814,268.64026827470286,50.32240267439647,50.28123870346234,1.0008186745592504,True,False,False,False,False
speed_200rpm__torque_0Nm__temperature_25degC,train,data/original_dataset/Test_25deg/200rpm/200.0rpm0.0Nm25.0deg.csv,224939,200.04540679898733,Fw_then_Bw,194400,11100,2.775,True,1,4.4456497094767915e-06,200.04540679898733,-200.05065953106777,0.22592019619574444,0.2862699329853058,441.8941292291265,440.8324147032025,301.9720554351636,302.0302085578633,152.0030206513694,148.3309452023093,26.54988769403417,26.147779261702897,1.0153783014728222,True,False,False,False,False
speed_200rpm__torque_0Nm__temperature_30degC,train,data/original_dataset/Test_30deg/200rpm/200.0rpm0.0Nm30.0deg.csv,230158,200.0446804013336,Fw_then_Bw,194400,16320,4.08,True,1,4.344841369841587e-06,200.0446804013336,-200.04451273416635,0.2258643326058376,0.28537580025536613,458.6578579619527,464.73719315451314,315.1595206558909,315.48589438200435,159.30405117206305,157.50102748471014,28.107868378396006,28.037717289276987,1.002502025696145,True,False,False,False,False
speed_200rpm__torque_0Nm__temperature_35degC,train,data/original_dataset/Test_35deg/200rpm/200.0rpm0.0Nm35.0deg.csv,225932,200.03763959903154,Fw_then_Bw,194400,12092,3.023,True,1,4.426110511127242e-06,200.03763959903154,-200.03663373063318,0.22245566530423844,0.2704561338759959,471.3981179519408,472.61644989097226,326.1655814201028,326.3533164561119,154.82306054651076,151.5719644016085,27.03675775977672,26.56415865419603,1.0177908554053166,True,False,False,False,False
speed_200rpm__torque_100Nm__temperature_25degC,train,data/original_dataset/Test_25deg/200rpm/200.0rpm100.0Nm25.0deg.csv,233281,200.03769546747208,Fw_then_Bw,194400,19443,4.86075,True,1,4.286675725841367e-06,200.03769546747208,-200.04613326697535,0.22452326569086267,0.29716646774130595,496.65546976018504,498.2202663086241,328.9282635600216,331.4047527313272,154.75920021890488,158.3024907679828,26.360004129668265,27.6309566332088,0.954002587734765,True,False,False,False,False
speed_200rpm__torque_100Nm__temperature_30degC,test,data/original_dataset/Test_30deg/200rpm/200.0rpm100.0Nm30.0deg.csv,233282,200.03518086741678,Fw_then_Bw,194400,19444,4.861,True,1,4.286657350331359e-06,200.03518086741678,-200.0387292355299,0.21753833667995082,0.29289163649082184,533.0888088792562,549.852803427035,359.5501333847608,374.92815047497743,157.0262986989519,160.4242994671778,26.3153031320428,26.7180782733476,0.9849249958330055,True,False,False,False,False
speed_200rpm__torque_100Nm__temperature_35degC,train,data/original_dataset/Test_35deg/200rpm/200.0rpm100.0Nm35.0deg.csv,233281,200.03316926401266,Fw_then_Bw,194400,19442,4.8605,True,1,4.286675725841367e-06,200.03316926401266,-200.04434513975866,0.2189353302431698,0.2768262929748744,533.3122118220956,597.4177368140097,353.9174321293217,411.7168043553136,151.21484636542277,160.30457048191238,24.89895706274865,25.746553538698436,0.9670792257815866,True,False,False,False,False
speed_200rpm__torque_200Nm__temperature_25degC,train,data/original_dataset/Test_25deg/200rpm/200.0rpm200.0Nm25.0deg.csv,233281,200.0331133325138,Fw_then_Bw,194400,19443,4.86075,True,1,4.286675725841367e-06,200.0331133325138,-200.04015419787416,0.21748246581410058,0.3072805314635332,523.4781327696567,517.8898378896179,344.6638457477093,338.18182289600145,158.3674163513308,156.6952780598967,27.107572314002937,27.256952949096533,0.9945195401931914,True,False,False,False,False
speed_200rpm__torque_200Nm__temperature_30degC,test,data/original_dataset/Test_30deg/200rpm/200.0rpm200.0Nm30.0deg.csv,233281,200.0303194023824,Fw_then_Bw,194400,19442,4.8605,True,1,4.286675725841367e-06,200.0303194023824,-200.03942773716213,0.21049746525628166,0.2988986670970917,531.971726256188,535.726503585392,348.0166435241472,347.16501593590016,156.83737760854734,157.5052810920738,26.565378255213545,27.092081920631017,0.9805587600480279,True,False,False,False,False
speed_200rpm__torque_200Nm__temperature_35degC,train,data/original_dataset/Test_35deg/200rpm/200.0rpm200.0Nm35.0deg.csv,233282,200.02925773345245,Fw_then_Bw,194399,19443,4.86075,True,1,4.286657350331359e-06,200.02925773345245,-200.03942773716213,0.20490959771754547,0.2907961412953739,561.4754627457614,562.5933389334705,367.37322539095203,370.7259768247127,156.29188645449403,156.16310160791042,25.870479134357538,26.531960734075657,0.9750684992206942,True,False,False,False,False
speed_200rpm__torque_300Nm__temperature_25degC,test,data/original_dataset/Test_25deg/200rpm/200.0rpm300.0Nm25.0deg.csv,233281,200.03311339921007,Fw_then_Bw,194400,19443,4.86075,True,1,4.286675725841367e-06,200.03311339921007,-200.04644056704518,0.21435326683180733,0.3269780985040711,526.3834609650075,536.218130340103,335.0525856018294,346.6308194398266,164.24274214853654,164.63121062230346,29.048522628227122,29.426843518081114,0.9871436809176786,True,False,False,False,False
speed_200rpm__torque_300Nm__temperature_30degC,train,data/original_dataset/Test_30deg/200rpm/200.0rpm300.0Nm30.0deg.csv,233281,200.02995616475042,Fw_then_Bw,194400,19443,4.86075,True,1,4.286675725841367e-06,200.02995616475042,-200.04607733183852,0.21052549952099753,0.3241561644244939,555.4407844707953,550.0762859204883,358.38779702787065,354.7221356630189,164.5833152745297,161.36893913857193,28.439826009275748,27.74493151379147,1.0250458176528157,True,False,False,False,False
speed_200rpm__torque_300Nm__temperature_35degC,train,data/original_dataset/Test_35deg/200rpm/200.0rpm300.0Nm35.0deg.csv,233282,200.02646366871582,Fw_then_Bw,194400,19443,4.86075,True,1,4.286657350331359e-06,200.02646366871582,-200.0380308018066,0.20843000190021144,0.3100744676582252,589.6386884462629,539.9285272384399,385.03108933567773,340.41706919676926,164.4449517839405,154.01838883054765,27.468300850540572,26.662750704474547,1.0302125671501268,True,False,False,False,False
speed_200rpm__torque_400Nm__temperature_25degC,train,data/original_dataset/Test_25deg/200rpm/200.0rpm400.0Nm25.0deg.csv,233283,200.01456146322502,Fw_then_Bw,194400,19444,4.861,True,1,4.286638974978888e-06,200.01456146322502,-200.0499330655051,0.21228573071616097,0.3283471354128267,548.9589336018526,538.9004926352129,344.6192011981964,332.5939816236655,168.31926089676017,168.8434580961597,29.69019410034548,30.594997816103838,0.9704264167235171,True,False,False,False,False
speed_200rpm__torque_400Nm__temperature_30degC,train,data/original_dataset/Test_30deg/200rpm/200.0rpm400.0Nm30.0deg.csv,233282,200.01417026893856,Fw_then_Bw,194399,19444,4.861,True,1,4.286657350331359e-06,200.01417026893856,-200.0503241918826,0.20384786572930125,0.3224238656306113,581.1452885003177,564.1581180195772,368.28518629078064,353.91074299808446,167.92543317584432,165.23524359582203,29.079395385053886,29.89822282353316,0.9726128391204989,True,False,False,False,False
speed_200rpm__torque_400Nm__temperature_35degC,train,data/original_dataset/Test_35deg/200rpm/200.0rpm400.0Nm35.0deg.csv,233280,200.0124379992485,Fw_then_Bw,194400,19442,4.8605,True,1,4.2866941015089165e-06,200.0124379992485,-200.04540679898733,0.20133333358293726,0.3129244044733639,605.9557393504065,577.7476103200293,390.1273071766127,360.3524893522263,167.72321013821738,164.57692924003604,28.355730642147137,28.576479240024362,0.9922751646197183,True,False,False,False,False
speed_200rpm__torque_500Nm__temperature_25degC,train,data/original_dataset/Test_25deg/200rpm/200.0rpm500.0Nm25.0deg.csv,233281,200.01942286883906,Fw_then_Bw,194400,19443,4.86075,True,1,4.286675725841367e-06,200.01942286883906,-200.05345346483713,0.20943573690598782,0.35187226603738964,600.8146641154326,595.0032073694274,378.2808542250734,374.6598958969116,178.07950439556635,176.40313619652932,31.190640413001347,30.53956235391978,1.0213191679545466,True,False,False,False,False
speed_200rpm__torque_500Nm__temperature_30degC,train,data/original_dataset/Test_30deg/200rpm/200.0rpm500.0Nm30.0deg.csv,233281,200.01961846840763,Fw_then_Bw,194400,19442,4.8605,True,1,4.286675725841367e-06,200.01961846840763,-200.05099473443502,0.2075079307057024,0.34170226232771483,611.7669399827719,603.2736506312744,387.04278096562916,384.7628830373253,176.53617621181752,173.94924667619307,30.28771233292673,30.60860990891001,0.9895161009618451,True,False,False,False,False
speed_200rpm__torque_500Nm__temperature_35degC,train,data/original_dataset/Test_35deg/200rpm/200.0rpm500.0Nm35.0deg.csv,233281,200.01595839858055,Fw_then_Bw,194400,19443,4.86075,True,1,4.286675725841367e-06,200.01595839858055,-200.04998893515827,0.20211559846455884,0.3286824018384209,645.2946690842509,638.3656077862724,408.9027703553654,405.23706614977755,174.73739669435417,169.9264502950541,29.552987461318025,28.551140368563175,1.0350895648938057,True,False,False,False,False
speed_200rpm__torque_600Nm__temperature_25degC,train,data/original_dataset/Test_25deg/200rpm/200.0rpm600.0Nm25.0deg.csv,233281,200.01417026408794,Fw_then_Bw,194400,19442,4.8605,True,1,4.286675725841367e-06,200.01417026408794,-200.05451520167603,0.2160854686129028,0.36835666590678784,635.6836927201698,651.1058503141385,396.5645849705197,416.81307330727583,186.70090185037793,188.96801333333428,32.59370845210583,32.8970031278175,0.9907804770381894,True,False,False,False,False
speed_200rpm__torque_600Nm__temperature_30degC,validation,data/original_dataset/Test_30deg/200rpm/200.0rpm600.0Nm30.0deg.csv,233281,200.01417026408794,Fw_then_Bw,194400,19443,4.86075,True,1,4.286675725841367e-06,200.01417026408794,-200.05378873853869,0.21541493576174275,0.3547221252422901,663.8466923807357,686.1983720833678,419.05045777559167,442.604699134847,183.95483078692223,183.50568058941684,31.438611034769767,32.094447388442376,0.9795654262017678,True,False,False,False,False
speed_200rpm__torque_600Nm__temperature_35degC,train,data/original_dataset/Test_35deg/200rpm/200.0rpm600.0Nm35.0deg.csv,233281,200.0127732656741,Fw_then_Bw,194400,19443,4.86075,True,1,4.286675725841367e-06,200.0127732656741,-200.0499330655051,0.21155926515348256,0.34488740493543446,707.2087813867597,694.6696278949271,448.6911471187847,442.8774842619873,186.76477461349918,178.0720542583593,30.96933349380606,30.5798387173013,1.0127369794231253,True,False,False,False,False
speed_200rpm__torque_700Nm__temperature_25degC,train,data/original_dataset/Test_25deg/200rpm/200.0rpm700.0Nm25.0deg.csv,233282,200.01908766668447,Fw_then_Bw,194401,19443,4.86075,True,1,4.286657350331359e-06,200.01908766668447,-200.05658266018145,0.2213381327844104,0.3827736072707921,651.1061413523294,628.3074753204119,392.94356703760513,378.0081748962742,190.50068230853867,188.71149449124684,33.38819270084059,34.60625020583163,0.9648023840275599,True,False,False,False,False
speed_200rpm__torque_700Nm__temperature_30degC,validation,data/original_dataset/Test_30deg/200rpm/200.0rpm700.0Nm30.0deg.csv,233280,200.01349973123678,Fw_then_Bw,194400,19442,4.8605,True,1,4.2866941015089165e-06,200.01349973123678,-200.05239173284886,0.22061166722170356,0.3743358004915933,684.8573490666467,660.9408475923601,423.2078969478209,409.75215747952234,193.0445454261246,189.4874316950052,32.92787873212433,33.0799117242691,0.9954040689886957,True,False,False,False,False
speed_200rpm__torque_700Nm__temperature_35degC,train,data/original_dataset/Test_35deg/200rpm/200.0rpm700.0Nm35.0deg.csv,233282,200.01523200092683,Fw_then_Bw,194401,19442,4.8605,True,1,4.286657350331359e-06,200.01523200092683,-200.05138586081253,0.22698186512570828,0.37819154871007754,694.4682681933045,677.9282509038467,434.1602623462677,424.5937076210794,198.6537653775713,193.7784270161785,34.09415188400544,33.67743502450936,1.0123737707219334,True,False,False,False,False
speed_200rpm__torque_800Nm__temperature_25degC,train,data/original_dataset/Test_25deg/200rpm/200.0rpm800.0Nm25.0deg.csv,233281,200.0078559309865,Fw_then_Bw,194401,19442,4.8605,True,1,4.286675725841367e-06,200.0078559309865,-200.0612206660056,0.23156400250930176,0.4140101276182975,702.9624345402681,700.2799926946182,431.07562661168686,433.35558116440325,212.49055223802316,215.56605639917734,37.69035002972032,38.13948537600709,0.9882238750245615,True,False,False,False,False
speed_200rpm__torque_800Nm__temperature_30degC,train,data/original_dataset/Test_30deg/200rpm/200.0rpm800.0Nm30.0deg.csv,233282,200.00930879905354,Fw_then_Bw,194399,19444,4.861,True,1,4.286657350331359e-06,200.00930879905354,-200.06155600034012,0.23078173398971558,0.398922769818455,730.9021544643088,705.8679485150037,453.2039034367017,435.59071928264643,211.4900577635126,209.28680754843754,36.734313289173315,37.61034400599215,0.9767077185819076,True,False,False,False,False
speed_200rpm__torque_800Nm__temperature_35degC,train,data/original_dataset/Test_35deg/200rpm/200.0rpm800.0Nm35.0deg.csv,233282,200.01137626726023,Fw_then_Bw,194401,19443,4.86075,True,1,4.286657350331359e-06,200.01137626726023,-200.06082946444317,0.23575493347985343,0.40378427123263805,746.3245322771854,718.2731176726837,465.31856060028076,440.32928347587585,215.3643539974155,207.3485882509544,37.34511181266953,36.65088140730855,1.0189417110504344,True,False,False,False,False
speed_200rpm__torque_900Nm__temperature_25degC,test,data/original_dataset/Test_25deg/200rpm/200.0rpm900.0Nm25.0deg.csv,233280,200.00679419899825,Fw_then_Bw,194399,19443,4.86075,True,1,4.2866941015089165e-06,200.00679419899825,-200.05557686575534,0.23435800297497167,0.43608246778603643,772.0290644404145,790.1115711623556,483.08374449618543,505.72604030369337,223.85801878717757,228.8541609332013,38.65611912442551,40.053879595018316,0.9651029941487452,True,False,False,False,False
speed_200rpm__torque_900Nm__temperature_30degC,validation,data/original_dataset/Test_30deg/200rpm/200.0rpm900.0Nm30.0deg.csv,233281,200.00785586792819,Fw_then_Bw,194400,19443,4.86075,True,1,4.286675725841367e-06,200.00785586792819,-200.05239173284886,0.23016706594111724,0.4238169640302658,804.2154571739218,822.3205416774135,511.63135766979053,525.9096628427295,223.92187945195587,227.65673810524729,38.23475363654438,38.929652754632116,0.9821498762789491,True,False,False,False,False
speed_200rpm__torque_900Nm__temperature_35degC,train,data/original_dataset/Test_35deg/200rpm/200.0rpm900.0Nm35.0deg.csv,233281,200.00718533507703,Fw_then_Bw,194400,19442,4.8605,True,1,4.286675725841367e-06,200.00718533507703,-200.05239173042355,0.2367608661491829,0.4233978712969986,809.8034498592597,801.533602255779,508.2339238748375,507.73989617822514,225.91224107010817,225.98354947711533,38.75039755413923,39.8872384339768,0.9714986315305001,True,False,False,False,False
speed_200rpm__torque_1000Nm__temperature_25degC,train,data/original_dataset/Test_25deg/200rpm/200.0rpm1000.0Nm25.0deg.csv,233281,200.01210270129377,Fw_then_Bw,194400,19442,4.8605,True,1,4.286675725841367e-06,200.01210270129377,-200.0587060659503,0.2417340365354903,0.4441291287851641,757.7239700671385,751.0069524868926,469.78890314707087,464.20096158976776,230.12713594802108,227.98777194248032,40.959012796099614,39.955951052047574,1.025104188929089,True,False,False,False,False
speed_200rpm__torque_1000Nm__temperature_30degC,validation,data/original_dataset/Test_30deg/200rpm/200.0rpm1000.0Nm30.0deg.csv,233282,200.00958813276762,Fw_then_Bw,194400,19444,4.861,True,1,4.286657350331359e-06,200.00958813276762,-200.04892726622833,0.2357550329179645,0.44273206731304526,819.6381192343551,819.6381658004952,508.27856391668433,505.9205016493703,232.73485740197088,234.86464577060806,40.62484221000773,40.82899922780142,0.994999705560878,True,False,False,False,False
speed_200rpm__torque_1000Nm__temperature_35degC,train,data/original_dataset/Test_35deg/200rpm/200.0rpm1000.0Nm35.0deg.csv,233281,200.00718533507703,Fw_then_Bw,194400,19442,4.8605,True,1,4.286675725841367e-06,200.00718533507703,-200.05697386416918,0.24139880163903626,0.44591730208291835,847.3544245741039,826.3437387843169,528.1716339289687,505.1940739155043,238.02476129719707,235.0125979100767,41.23841212832518,40.7066141688631,1.013064165868869,True,False,False,False,False
speed_200rpm__torque_1100Nm__temperature_25degC,train,data/original_dataset/Test_25deg/200rpm/200.0rpm1100.0Nm25.0deg.csv,233281,200.01417026893856,Fw_then_Bw,194400,19443,4.86075,True,1,4.286675725841367e-06,200.01417026893856,-200.05630326340906,0.24944539957988354,0.4781038054109956,805.5565413087606,799.9687998866307,499.8744015396255,493.9019703864227,247.57215171338203,247.2411196856228,43.81826549468428,43.99862941545505,0.9959006922904873,True,False,False,False,False
speed_200rpm__torque_1100Nm__temperature_30degC,train,data/original_dataset/Test_30deg/200rpm/200.0rpm1100.0Nm30.0deg.csv,233281,200.0103145983303,Fw_then_Bw,194401,19443,4.86075,True,1,4.286675725841367e-06,200.0103145983303,-200.05730913059475,0.24765726751260786,0.4665926001810874,851.8245304003358,840.1127182879217,525.0871449708256,521.3543945550437,248.1788453601439,251.57098770142707,43.32033271839464,45.45901848534865,0.9529535428125597,True,False,False,False,False
speed_200rpm__torque_1100Nm__temperature_35degC,validation,data/original_dataset/Test_35deg/200rpm/200.0rpm1100.0Nm35.0deg.csv,233281,200.00858233349086,Fw_then_Bw,194400,19443,4.86075,True,1,4.286675725841367e-06,200.00858233349086,-200.05099479264268,0.2554245341646606,0.473968674972042,898.092791127624,848.6954805750884,564.3814983591881,519.230980575071,254.72471330846247,246.758966573702,44.128089966108064,43.29045262965108,1.0193492395106827,True,False,False,False,False
speed_200rpm__torque_1200Nm__temperature_25degC,train,data/original_dataset/Test_25deg/200rpm/200.0rpm1200.0Nm25.0deg.csv,233282,200.01070573440907,Fw_then_Bw,194400,19444,4.861,True,1,4.286657350331359e-06,200.01070573440907,-200.0537887312627,0.2700649347389117,0.5181133941126177,841.7666734507065,872.8357468498984,528.2163681090083,557.0880618690863,265.87928765936226,265.80583595092537,47.4587220219064,47.168813129474074,1.0061461985833002,True,False,False,False,False
speed_200rpm__torque_1200Nm__temperature_30degC,train,data/original_dataset/Test_30deg/200rpm/200.0rpm1200.0Nm30.0deg.csv,233281,200.0106498696065,Fw_then_Bw,194401,19443,4.86075,True,1,4.286675725841367e-06,200.0106498696065,-200.05345346483713,0.26375053857915987,0.49430879880674183,896.7520164636653,878.6469309901577,556.5584003925323,545.5612772702921,266.15602487606793,268.23047967184266,46.808087147155675,48.34571141412874,0.9681952292768681,True,False,False,False,False
speed_200rpm__torque_1200Nm__temperature_35degC,train,data/original_dataset/Test_35deg/200rpm/200.0rpm1200.0Nm35.0deg.csv,233282,200.0127732656741,Fw_then_Bw,194400,19443,4.86075,True,1,4.286657350331359e-06,200.0127732656741,-200.05697380596152,0.27151776642617165,0.4988908306889499,949.9493365486842,900.9987077054802,598.3561627939139,557.0948299766201,273.15956914701474,267.9569332372237,47.448215087780326,47.44544671021913,1.0000583486457215,True,False,False,False,False
speed_200rpm__torque_1300Nm__temperature_25degC,train,data/original_dataset/Test_25deg/200rpm/200.0rpm1300.0Nm25.0deg.csv,233282,200.01556719944347,Fw_then_Bw,194400,19444,4.861,True,1,4.286657350331359e-06,200.01556719944347,-200.05557687060596,0.2785026639079149,0.5570612726538826,876.8589468672872,876.7245531392904,550.1300014555661,548.6122938990487,286.7941324200274,283.1124779014543,51.19655478268328,53.5733625145383,0.9556345239444318,True,False,False,False,False
speed_200rpm__torque_1300Nm__temperature_30degC,train,data/original_dataset/Test_30deg/200rpm/200.0rpm1300.0Nm30.0deg.csv,233281,200.01556726735242,Fw_then_Bw,194400,19444,4.861,True,1,4.286675725841367e-06,200.01556726735242,-200.0541798673415,0.2802907984005003,0.5181692661911796,923.1269369289919,903.6808371698783,577.881962507962,554.0482836961131,280.37600077334446,275.4165557877909,50.22502712677124,49.02832513988072,1.0244083799207142,True,False,False,False,False
speed_200rpm__torque_1300Nm__temperature_35degC,train,data/original_dataset/Test_35deg/200rpm/200.0rpm1300.0Nm35.0deg.csv,233283,200.0124379992485,Fw_then_Bw,194400,19444,4.861,True,1,4.286638974978888e-06,200.0124379992485,-200.05295053124428,0.294987068627961,0.535882999732479,989.0642642857017,935.8336877388577,623.5688537359465,579.7974535823129,292.5523683073891,293.53265556551366,51.08866893722835,53.72008659164743,0.951016131555748,True,False,False,False,False
speed_200rpm__torque_1400Nm__temperature_25degC,train,data/original_dataset/Test_25deg/200rpm/200.0rpm1400.0Nm25.0deg.csv,233282,200.01450553536415,Fw_then_Bw,194400,19443,4.86075,True,1,4.286657350331359e-06,200.01450553536415,-200.0559121273303,0.3013014647876844,0.5756690613149544,878.6469513627651,943.019749441487,557.3630407452583,608.454622328304,299.8225389491778,308.30928427831157,54.14222855822001,55.70917086728277,0.9718728122377602,True,False,False,False,False
speed_200rpm__torque_1400Nm__temperature_30degC,train,data/original_dataset/Test_30deg/200rpm/200.0rpm1400.0Nm30.0deg.csv,233282,200.01344379852526,Fw_then_Bw,194400,19444,4.861,True,1,4.286657350331359e-06,200.01344379852526,-200.0534533993535,0.2941489001386657,0.5419738323932108,969.6184036631621,978.112493370071,608.1461906433105,616.2419992685212,292.4140067681378,303.6659829672769,51.29392740899448,54.72636016293109,0.9372800832411001,True,False,False,False,False
speed_200rpm__torque_1400Nm__temperature_35degC,train,data/original_dataset/Test_35deg/200rpm/200.0rpm1400.0Nm35.0deg.csv,233283,200.01277330205386,Fw_then_Bw,194400,19444,4.861,True,1,4.286638974978888e-06,200.01277330205386,-200.05032420158386,0.2988987034768513,0.6331689316236151,999.3466674738272,973.8317661684843,628.6650661378474,593.8344028591756,316.79867961931905,292.53214842507293,56.45032138519923,52.25438897566619,1.0802981814883914,True,False,False,False,False
speed_200rpm__torque_1500Nm__temperature_25degC,train,data/original_dataset/Test_25deg/200rpm/200.0rpm1500.0Nm25.0deg.csv,233283,200.01014693358835,Fw_then_Bw,194400,19444,4.861,True,1,4.286638974978888e-06,200.01014693358835,-200.06295293569565,0.3148801309483247,0.6075762018250828,926.0325459762328,913.113167431796,590.2201101929791,571.393241286239,312.32834429977174,316.18189655594597,56.06303859387367,57.66561145674694,0.9722092106128918,True,False,False,False,False
speed_200rpm__torque_1500Nm__temperature_30degC,train,data/original_dataset/Test_30deg/200rpm/200.0rpm1500.0Nm30.0deg.csv,233282,200.01294093041605,Fw_then_Bw,194400,19444,4.861,True,1,4.286657350331359e-06,200.01294093041605,-200.0601030643641,0.30638653212616873,0.5681254018175679,1004.9343885233384,991.8025374645351,626.0745520889367,602.7862209080805,302.8980323246117,308.6546577513957,53.144031674492,56.406280191845305,0.942165154194569,True,False,False,False,False
speed_200rpm__torque_1500Nm__temperature_35degC,train,data/original_dataset/Test_35deg/200rpm/200.0rpm1500.0Nm35.0deg.csv,233282,200.01489666659228,Fw_then_Bw,194400,19444,4.861,True,1,4.286657350331359e-06,200.01489666659228,-200.03383980171444,0.3185123314324443,0.605117529630661,1040.026661939919,1050.9788805695848,649.6757298707507,672.1213200688165,311.65777981450447,325.1795223071493,54.64447533880161,58.84981245392849,0.9285411976729901,True,False,False,False,False
speed_200rpm__torque_1600Nm__temperature_25degC,train,data/original_dataset/Test_25deg/200rpm/200.0rpm1600.0Nm25.0deg.csv,233282,200.01417026893856,Fw_then_Bw,194400,19444,4.861,True,1,4.286657350331359e-06,200.01417026893856,-200.05909726266208,0.3322027963198195,0.6370805325180697,954.1957406327128,964.0306108243408,613.1976425648418,608.4591540694589,325.4839244697564,336.7018516575114,58.22739536211543,61.837089578102656,0.9416257420810848,True,False,False,False,False
speed_200rpm__torque_1600Nm__temperature_30degC,train,data/original_dataset/Test_30deg/200rpm/200.0rpm1600.0Nm30.0deg.csv,233281,200.01171160159478,Fw_then_Bw,194400,19444,4.861,True,1,4.286675725841367e-06,200.01171160159478,-200.055213632974,0.3245472641234812,0.5865377049000813,1051.2023970173914,1059.695970616309,669.6134442836296,674.9376365542442,324.2173457783906,316.13879090267005,57.00358032879649,56.82620537461389,1.0031213584122554,True,False,False,False,False
speed_200rpm__torque_1600Nm__temperature_35degC,train,data/original_dataset/Test_35deg/200rpm/200.0rpm1600.0Nm35.0deg.csv,233283,200.0127732656741,Fw_then_Bw,194400,19444,4.861,True,1,4.286638974978888e-06,200.0127732656741,-200.04222166608088,0.3388523982721381,0.6290338981974202,1101.9745841622616,1068.1563571173283,700.2890416980372,658.6208564043201,335.44642577571153,337.25585795586994,58.71691786416012,62.142821039861914,0.9448704915809306,True,False,False,False,False
speed_200rpm__torque_1700Nm__temperature_25degC,train,data/original_dataset/Test_25deg/200rpm/200.0rpm1700.0Nm25.0deg.csv,233282,200.02294333365472,Fw_then_Bw,194400,19444,4.861,True,1,4.286657350331359e-06,200.02294333365472,-200.08083433882953,0.34522266408505686,0.6160698637056043,1014.7693489368521,979.2298447185772,663.7573301792372,641.0032565891868,345.8665904012207,355.2037747133567,62.88142561322729,67.9248395459467,0.9257500795521517,True,False,False,False,False
speed_200rpm__torque_1700Nm__temperature_30degC,train,data/original_dataset/Test_30deg/200rpm/200.0rpm1700.0Nm30.0deg.csv,233282,200.0176906682706,Fw_then_Bw,194400,19444,4.861,True,1,4.286657350331359e-06,200.0176906682706,-200.07099959669478,0.3434344641088387,0.5869009279801105,1095.9058805989343,1059.0811686900151,710.2959366142096,673.2791402935334,344.60000055173623,343.63194462792967,61.27032859636756,63.01465123009958,0.9723187766704828,True,False,False,False,False
speed_200rpm__torque_1700Nm__temperature_35degC,validation,data/original_dataset/Test_35deg/200rpm/200.0rpm1700.0Nm35.0deg.csv,233283,200.01822153183943,Fw_then_Bw,194400,19444,4.861,True,1,4.286638974978888e-06,200.01822153183943,-200.04697143061395,0.34256840202334615,0.6130524367715111,1119.598940325318,1081.8242803603596,709.7572259977653,675.5523802340575,344.13434295436156,334.4985945238817,61.02025569371108,61.39027873187498,0.9939726118563496,True,False,False,False,False
speed_200rpm__torque_1800Nm__temperature_25degC,train,data/original_dataset/Test_25deg/200rpm/200.0rpm1800.0Nm25.0deg.csv,233283,200.01489666659228,Fw_then_Bw,194398,19446,4.8615,True,1,4.286638974978888e-06,200.01489666659228,-200.07384940011738,0.34622847063778295,0.6591528654098511,1041.1439967962224,1006.4989328384399,679.7231779992612,634.2865347861846,356.6369553318164,353.44756607503314,64.5921082125426,66.67126058650297,0.9688148633208643,True,False,False,False,False
speed_200rpm__torque_1800Nm__temperature_30degC,train,data/original_dataset/Test_30deg/200rpm/200.0rpm1800.0Nm30.0deg.csv,233282,200.0124379992485,Fw_then_Bw,194400,19444,4.861,True,1,4.286657350331359e-06,200.0124379992485,-200.0647410701883,0.339578798351198,0.6160698685562522,1094.3410452455282,1087.6359534449875,697.9554679431658,681.6767510772137,347.123071897215,334.6188853893522,62.04931759592114,60.75690018367368,1.0212719445584018,True,False,False,False,False
speed_200rpm__torque_1800Nm__temperature_35degC,train,data/original_dataset/Test_35deg/200rpm/200.0rpm1800.0Nm35.0deg.csv,233283,200.0121027328229,Fw_then_Bw,194400,19444,4.861,True,1,4.286638974978888e-06,200.0121027328229,-200.04015416877033,0.3507826356023287,0.6184727050519143,1147.9855757594692,1140.8327496610582,726.8339738995223,721.8651869893619,351.1458664068073,347.98521335640066,62.06259850663969,62.85099744206376,0.9874560632685134,True,False,False,False,False
speed_300rpm__torque_0Nm__temperature_25degC,train,data/original_dataset/Test_25deg/300rpm/300.0rpm0.0Nm25.0deg.csv,158305,299.9895438697422,Fw_then_Bw,129600,14224,3.556,True,1,6.316919869871451e-06,299.9895438697422,-299.99686406032805,0.20591543458675687,0.23555946002795736,627.4133343443623,626.8325484902208,400.49850940704346,389.54617857933727,181.95381619115096,180.5595045998416,36.997666014531205,37.23446063618212,0.9936404444268809,True,False,False,False,False
speed_300rpm__torque_0Nm__temperature_30degC,train,data/original_dataset/Test_30deg/300rpm/300.0rpm0.0Nm30.0deg.csv,158564,299.98987913131714,Fw_then_Bw,129600,14483,3.62075,True,1,6.306601750712646e-06,299.98987913131714,-300.00144616739516,0.2101622667396441,0.2479925654673707,665.1877192780375,684.8573471262625,426.02421499797174,439.24747943894994,194.3856378395708,194.76029617437683,38.94082875087858,39.94521820322916,0.9748558276177001,True,False,False,False,False
speed_300rpm__torque_0Nm__temperature_35degC,train,data/original_dataset/Test_35deg/300rpm/300.0rpm0.0Nm35.0deg.csv,158566,299.98775573524955,Fw_then_Bw,129600,14484,3.621,True,1,6.306522205264685e-06,299.98775573524955,-299.99865213176236,0.21222980285523363,0.2459251360657504,673.6815945866965,687.5396977800392,435.8589887617768,448.73359084130016,192.18507304423093,194.56766446422753,38.30336120620359,39.494421546874,0.9698423145846864,True,False,False,False,False
speed_300rpm__torque_100Nm__temperature_25degC,train,data/original_dataset/Test_25deg/300rpm/300.0rpm100.0Nm25.0deg.csv,158565,299.9892085669368,Fw_then_Bw,129600,14483,3.62075,True,1,6.306561977737836e-06,299.9892085669368,-299.9888174017542,0.20479789964156225,0.2557038654534267,674.7991816762351,690.4453504829917,420.7045316695712,435.251002907762,192.37398168174877,189.61726945087773,38.83227719700244,39.458348314337854,0.9841333673587164,True,False,False,False,False
speed_300rpm__torque_100Nm__temperature_30degC,train,data/original_dataset/Test_30deg/300rpm/300.0rpm100.0Nm30.0deg.csv,158565,299.9933995306492,Fw_then_Bw,129600,14483,3.62075,True,1,6.306561977737836e-06,299.9933995306492,-299.9971993340296,0.19680706221453192,0.2438016696639238,693.3509624408657,701.6213300328218,425.48773594187423,433.8651835917061,182.48600619176614,183.21404584801255,36.27621125766609,37.26190071886321,0.973546989225428,True,False,False,False,False
speed_300rpm__torque_100Nm__temperature_35degC,test,data/original_dataset/Test_35deg/300rpm/300.0rpm100.0Nm35.0deg.csv,158565,299.99127606667264,Fw_then_Bw,129600,14483,3.62075,True,1,6.306561977737836e-06,299.99127606667264,-299.99479653391364,0.20312153598450777,0.24802050029396128,715.7026945301482,731.1029650737281,448.73587533847916,453.18154096614757,191.22501352709367,194.1674426198915,37.54207477118143,38.661209545534795,0.971052773891224,True,False,False,False,False
speed_300rpm__torque_200Nm__temperature_25degC,train,data/original_dataset/Test_25deg/300rpm/300.0rpm200.0Nm25.0deg.csv,158565,299.99440533477656,Fw_then_Bw,129600,14482,3.6205000000000003,True,1,6.306561977737836e-06,299.99440533477656,-299.99932266461354,0.19261620279092995,0.24944532196968794,681.7252608016815,690.4454523465461,401.5739285946774,412.5690430403665,183.88025368615217,183.29485541289614,38.150653390630396,39.16368100162798,0.9741334934539102,True,False,False,False,False
speed_300rpm__torque_200Nm__temperature_30degC,test,data/original_dataset/Test_30deg/300rpm/300.0rpm200.0Nm30.0deg.csv,158565,299.99373480192537,Fw_then_Bw,129600,14482,3.6205000000000003,True,1,6.306561977737836e-06,299.99373480192537,-299.99619353717816,0.18697233463166185,0.24385753446645708,711.6794586181641,698.715214578749,418.7375426290714,414.5219534635086,180.95330752067866,178.13008743380573,35.92655061956975,36.84718127157112,0.9750148961133246,True,False,False,False,False
speed_300rpm__torque_200Nm__temperature_35degC,train,data/original_dataset/Test_35deg/300rpm/300.0rpm200.0Nm35.0deg.csv,158563,299.9961935323275,Fw_then_Bw,129601,14482,3.6205000000000003,True,1,6.306641524189123e-06,299.9961935323275,-299.9979257680631,0.1978128663419625,0.2463161654304713,743.6424105740116,750.5155488614365,448.1971174479895,458.7829495967297,187.62690680364358,189.22770956442022,36.74980334130851,37.86063935662014,0.9706598717246069,True,False,False,False,False
speed_300rpm__torque_300Nm__temperature_25degC,train,data/original_dataset/Test_25deg/300rpm/300.0rpm300.0Nm25.0deg.csv,158564,299.9892086008913,Fw_then_Bw,129600,14481,3.62025,True,1,6.306601750712646e-06,299.9892086008913,-299.99127599876374,0.1908279979640497,0.2638059959281236,722.8533116478957,698.9386553566419,425.71121290326346,414.26668167105163,193.7043810174032,193.5022217887763,39.11112912807084,40.47434990934562,0.9663188961817023,True,False,False,False,False
speed_300rpm__torque_300Nm__temperature_30degC,train,data/original_dataset/Test_30deg/300rpm/300.0rpm300.0Nm30.0deg.csv,158561,299.9923378035116,Fw_then_Bw,129600,14481,3.62025,True,1,6.30672107264712e-06,299.9923378035116,-299.9916114010072,0.18909566764097008,0.25961553425688066,743.8661220173799,732.4663456529379,439.7482156753199,428.8405328989029,189.76628833139557,185.89197454002715,37.529350533111355,38.26131206938044,0.9808694083741354,True,False,False,False,False
speed_300rpm__torque_300Nm__temperature_35degC,train,data/original_dataset/Test_35deg/300rpm/300.0rpm300.0Nm35.0deg.csv,158561,299.99094079903443,Fw_then_Bw,129600,14482,3.6205000000000003,True,1,6.30672107264712e-06,299.99094079903443,-299.99267306993715,0.19468366614697175,0.25749207513098327,743.865900828257,760.3502551014673,436.3954143971114,445.09916409846227,189.97916157038617,189.09307374120766,37.45576518724647,38.31597513501491,0.9775495744337108,True,False,False,False,False
speed_300rpm__torque_400Nm__temperature_25degC,train,data/original_dataset/Test_25deg/300rpm/300.0rpm400.0Nm25.0deg.csv,158560,299.989488000089,Fw_then_Bw,129600,14481,3.62025,True,1,6.306760847628658e-06,299.989488000089,-299.99094099912327,0.1904927339637652,0.270847662856454,736.7136034492887,739.6189224282352,423.20799827575684,426.3370871544794,196.85497159766783,191.1712508826895,39.69314872913401,39.542680329759605,1.0038052149758083,True,False,False,False,False
speed_300rpm__torque_400Nm__temperature_30degC,train,data/original_dataset/Test_30deg/300rpm/300.0rpm400.0Nm30.0deg.csv,158561,299.99267306508654,Fw_then_Bw,129600,14481,3.62025,True,1,6.30672107264712e-06,299.99267306508654,-299.9859675959063,0.1894309971248731,0.26173887454206124,761.970916452367,753.4770993515849,442.8327471016587,432.1932792663574,190.44749158479135,191.5757187773579,37.48453338403124,38.49810686438104,0.973672121491055,True,False,False,False,False
speed_300rpm__torque_400Nm__temperature_35degC,train,data/original_dataset/Test_35deg/300rpm/300.0rpm400.0Nm35.0deg.csv,158563,299.9916113961566,Fw_then_Bw,129600,14481,3.62025,True,1,6.306641524189123e-06,299.9916113961566,-299.987420468824,0.1954101268590307,0.2701207316325167,777.6170580955522,764.8768369110712,454.90260735149377,436.6636216641382,197.58994187270662,198.93051471012768,38.903650243196225,39.7064291901188,0.9797821420032817,True,False,False,False,False
speed_300rpm__torque_500Nm__temperature_25degC,validation,data/original_dataset/Test_25deg/300rpm/300.0rpm500.0Nm25.0deg.csv,158566,299.99233786656987,Fw_then_Bw,129600,14484,3.621,True,1,6.306522205264685e-06,299.99233786656987,-299.98496134066954,0.1978688669623807,0.2890633380351346,776.0533694334526,760.6298672424259,440.37404656414765,428.2905831931656,205.08241738572224,204.52110944743245,41.082957018022626,41.4435675532445,0.9912987574064762,True,False,False,False,False
speed_300rpm__torque_500Nm__temperature_30degC,train,data/original_dataset/Test_30deg/300rpm/300.0rpm500.0Nm30.0deg.csv,158567,299.9955229352054,Fw_then_Bw,129600,14484,3.621,True,1,6.3064824332931825e-06,299.9955229352054,-299.9863587416864,0.19675119862466772,0.2841465417683935,812.4859402111383,843.3311954527312,467.8242054583274,487.22324669356567,201.655287898609,195.72675299095863,39.221884313883464,38.695070686037525,1.0136144893524133,True,False,False,False,False
speed_300rpm__torque_500Nm__temperature_35degC,train,data/original_dataset/Test_35deg/300rpm/300.0rpm500.0Nm35.0deg.csv,158566,299.996528802391,Fw_then_Bw,129600,14483,3.62075,True,1,6.306522205264685e-06,299.996528802391,-299.9852970654805,0.20591546854114995,0.2862700008942909,835.9551837202957,809.8034867240585,494.5658357441831,473.186346590478,210.2261274520509,205.98513072438885,40.52968202269085,40.34467380831756,1.004585691168363,True,False,False,False,False
speed_300rpm__torque_600Nm__temperature_25degC,train,data/original_dataset/Test_25deg/300rpm/300.0rpm600.0Nm25.0deg.csv,156214,299.99233786656987,Fw_then_Bw,129600,12132,3.033,True,1,6.401474899816918e-06,299.99233786656987,-299.9904099997366,0.1996010008345479,0.30015599622856826,812.7093315124512,786.1107927359285,457.13709831245524,427.26248636844247,210.5539418046759,194.5527214379353,41.48571886618129,38.91416095415252,1.0660828307478734,True,False,False,False,False
speed_300rpm__torque_600Nm__temperature_30degC,train,data/original_dataset/Test_30deg/300rpm/300.0rpm600.0Nm30.0deg.csv,158563,299.9961935323275,Fw_then_Bw,129600,14483,3.62075,True,1,6.306641524189123e-06,299.9961935323275,-299.987420468824,0.19965700145496612,0.29962509870529175,840.4258609515864,874.1539417920648,482.39530673264426,506.84810757641117,207.74346610437533,212.55761583645378,40.209345578534666,40.66467835466483,0.9888027449237667,True,False,False,False,False
speed_300rpm__torque_600Nm__temperature_35degC,train,data/original_dataset/Test_35deg/300rpm/300.0rpm600.0Nm35.0deg.csv,158565,299.99474063515663,Fw_then_Bw,129600,14484,3.621,True,1,6.306561977737836e-06,299.99474063515663,-299.9920025273847,0.20882116465750755,0.30202794005163014,888.2583933882415,919.1034672162118,524.2377609385699,548.6905916036335,215.28984173429535,223.36947137397365,40.80410050870569,42.05247913980654,0.9703137922748732,True,False,False,False,False
speed_300rpm__torque_700Nm__temperature_25degC,train,data/original_dataset/Test_25deg/300rpm/300.0rpm700.0Nm25.0deg.csv,158562,299.9982610635925,Fw_then_Bw,129600,14483,3.62075,True,1,6.306681298167279e-06,299.9982610635925,-299.98635866407614,0.20524486899375916,0.31538313487544656,847.8000420534499,878.3992185876513,472.3370105772801,489.6953749658222,217.2376422654338,219.70698876034476,42.751577821047704,44.500549919393954,0.9606977419039934,True,False,False,False,False
speed_300rpm__torque_700Nm__temperature_30degC,train,data/original_dataset/Test_30deg/300rpm/300.0rpm700.0Nm30.0deg.csv,158563,299.9999932677989,Fw_then_Bw,129600,14483,3.62075,True,1,6.306641524189123e-06,299.9999932677989,-299.99200253708597,0.21262099956709335,0.312589070138813,905.245873339868,924.8926304280302,528.976321220398,544.4616079330443,219.44087465250277,214.56608303965368,41.901884678009054,41.41689059467808,1.0117100553993132,True,False,False,False,False
speed_300rpm__torque_700Nm__temperature_35degC,train,data/original_dataset/Test_35deg/300rpm/300.0rpm700.0Nm35.0deg.csv,158566,299.99759046768304,Fw_then_Bw,129600,14483,3.62075,True,1,6.306522205264685e-06,299.99759046768304,-299.99373479707475,0.21647659984108714,0.3171153269553031,924.9149200816191,952.5192144790476,544.7566390037196,553.4469965100697,227.1256369315438,221.3769677849541,43.01492823369699,42.06730624534884,1.0225263291835551,True,False,False,False,False
speed_300rpm__torque_800Nm__temperature_25degC,test,data/original_dataset/Test_25deg/300rpm/300.0rpm800.0Nm25.0deg.csv,158565,299.9933995318618,Fw_then_Bw,129600,14482,3.6205000000000003,True,1,6.306561977737836e-06,299.9933995318618,-299.97473583352985,0.2178177370903427,0.3367290337337181,914.8565198604615,923.3389981089542,515.7888012379431,519.740542769386,234.7997080888831,238.60430504602152,45.93437785219966,47.26530381365135,0.9718413750877597,True,False,False,False,False
speed_300rpm__torque_800Nm__temperature_30degC,train,data/original_dataset/Test_30deg/300rpm/300.0rpm800.0Nm30.0deg.csv,158564,299.9979257341086,Fw_then_Bw,129600,14482,3.6205000000000003,True,1,6.306601750712646e-06,299.9979257341086,-299.97691506287083,0.22910539822382248,0.34209339840651865,919.3272291061021,910.6098819757563,534.6536058187439,520.0356729329428,238.7485458204992,232.07120902475245,46.12646932066582,45.90162682059142,1.0048983558023599,True,False,False,False,False
speed_300rpm__torque_800Nm__temperature_35degC,train,data/original_dataset/Test_35deg/300rpm/300.0rpm800.0Nm35.0deg.csv,158565,299.9933994966947,Fw_then_Bw,129600,14482,3.6205000000000003,True,1,6.306561977737836e-06,299.9933994966947,-299.9768592320227,0.23262569933041277,0.33955086352455055,990.6292757173901,972.5242329294929,583.7380260602004,556.2454430758862,242.77397659392315,240.35200849157255,45.27887510198525,46.149707607696584,0.9811302703559036,True,False,False,False,False
speed_300rpm__torque_900Nm__temperature_25degC,train,data/original_dataset/Test_25deg/300rpm/300.0rpm900.0Nm25.0deg.csv,158562,299.99686400212033,Fw_then_Bw,129600,14481,3.62025,True,1,6.306681298167279e-06,299.99686400212033,-299.9769151356304,0.2291053970111534,0.3550574717034465,959.7834820549451,975.4298565287627,543.3260820248051,541.6274160147623,246.29490790631507,242.69733329606424,47.584866252884694,47.416676093916976,1.0035470676737144,True,False,False,False,False
speed_300rpm__torque_900Nm__temperature_30degC,train,data/original_dataset/Test_30deg/300rpm/300.0rpm900.0Nm30.0deg.csv,158562,299.9979816328656,Fw_then_Bw,129600,14482,3.6205000000000003,True,1,6.306681298167279e-06,299.9979816328656,-299.9800444037343,0.23368749922758525,0.35885712713928797,965.5951881238025,970.9597089871295,559.3299703112962,562.9263547061208,251.9786305725802,245.9585654592273,48.58582587828535,48.77924641751859,0.9960347780370018,True,False,False,False,False
speed_300rpm__torque_900Nm__temperature_35degC,train,data/original_dataset/Test_35deg/300rpm/300.0rpm900.0Nm35.0deg.csv,158561,300.00057999859564,Fw_then_Bw,129600,14482,3.6205000000000003,True,1,6.30672107264712e-06,300.00057999859564,-299.98669399841066,0.25316139605519083,0.36343934092053587,1016.1104146391153,1029.96826171875,603.7205872313052,613.8190518321265,268.22090156020977,266.00755233145014,50.491148605874386,51.307091928367754,0.9840968705918366,True,False,False,False,False
speed_300rpm__torque_1000Nm__temperature_25degC,test,data/original_dataset/Test_25deg/300rpm/300.0rpm1000.0Nm25.0deg.csv,158564,300.00004920293577,Fw_then_Bw,129600,14482,3.6205000000000003,True,1,6.306601750712646e-06,300.00004920293577,-299.9807150093451,0.23296107247006148,0.3714860067703114,989.287976214348,1013.2045194042462,561.619063690214,560.4475682973884,259.14462144868304,253.52196884999785,50.54590156557879,51.08456083463577,0.9894555368538714,True,False,False,False,False
speed_300rpm__torque_1000Nm__temperature_30degC,train,data/original_dataset/Test_30deg/300rpm/300.0rpm1000.0Nm30.0deg.csv,158562,300.0031784346599,Fw_then_Bw,129600,14481,3.62025,True,1,6.306681298167279e-06,300.0031784346599,-299.9807708062387,0.2504512982947631,0.3817118752825195,1032.8741559837113,1069.0839844755828,603.9999780060131,633.7612271308899,270.8318027711918,272.75511480524983,51.18327669708833,51.754238581906975,0.9889678236901306,True,False,False,False,False
speed_300rpm__torque_1000Nm__temperature_35degC,train,data/original_dataset/Test_35deg/300rpm/300.0rpm1000.0Nm35.0deg.csv,158562,300.0025078654289,Fw_then_Bw,129600,14481,3.62025,True,1,6.306681298167279e-06,300.0025078654289,-299.9818045694459,0.25645829979717405,0.38274562636306086,1078.9183453501437,1095.9058611965702,637.8740251808949,647.1723169088364,277.85343432015,270.42415170444656,52.12835905208519,51.78079746747244,1.0067121713378608,True,False,False,False,False
speed_300rpm__torque_1100Nm__temperature_25degC,validation,data/original_dataset/Test_25deg/300rpm/300.0rpm1100.0Nm25.0deg.csv,158566,300.00004920293577,Fw_then_Bw,129600,14484,3.621,True,1,6.306522205264685e-06,300.00004920293577,-299.98071489778033,0.25749202904989943,0.40166089699289387,1037.1208190917969,1070.6503623321396,593.5727954655817,613.771992772888,278.04767794556193,275.9503619302221,54.03146425471732,55.22418383626471,0.9784022234699982,True,False,False,False,False
speed_300rpm__torque_1100Nm__temperature_30degC,validation,data/original_dataset/Test_30deg/300rpm/300.0rpm1100.0Nm30.0deg.csv,158565,299.998652132975,Fw_then_Bw,129600,14484,3.621,True,1,6.306561977737836e-06,299.998652132975,-299.9797090621238,0.26274480114807375,0.4009902719796514,1080.7066767786296,1107.3050554841757,631.1684266478665,643.2763892413162,282.5792260822823,285.18639863253827,54.28153645267457,55.06008522635281,0.9858600151002743,True,False,False,False,False
speed_300rpm__torque_1100Nm__temperature_35degC,validation,data/original_dataset/Test_35deg/300rpm/300.0rpm1100.0Nm35.0deg.csv,158564,299.99932273252244,Fw_then_Bw,129600,14484,3.621,True,1,6.306601750712646e-06,299.99932273252244,-299.9858278659909,0.26939440188775166,0.40537680373140006,1132.5629525043382,1151.9752510746341,673.871536180454,687.5061000882735,294.0105505997735,293.93711292315163,54.921219667642134,55.99188750038593,0.9808781614526495,True,False,False,False,False
speed_300rpm__torque_1200Nm__temperature_25degC,validation,data/original_dataset/Test_25deg/300rpm/300.0rpm1200.0Nm25.0deg.csv,156218,299.99898746852216,Fw_then_Bw,129599,12138,3.0345,True,1,6.401310988490443e-06,299.99898746852216,-299.979317933321,0.2715178052312126,0.42269960007010354,1105.542069611577,1103.4162249416452,633.1354689598129,631.6425067185716,293.2186982105799,288.6035543822686,57.10095686504246,56.019107237716526,1.0193121540251457,True,False,False,False,False
speed_300rpm__torque_1200Nm__temperature_30degC,train,data/original_dataset/Test_30deg/300rpm/300.0rpm1200.0Nm30.0deg.csv,158566,299.9983169332457,Fw_then_Bw,129599,14484,3.621,True,1,6.306522205264685e-06,299.9983169332457,-299.9741211339521,0.2788379303335091,0.424850732088089,1139.2679899775658,1136.5863349054166,665.1431381703787,636.7228984831851,305.4312241929665,290.0500423850983,58.35132407078163,56.34841163553117,1.035545144523426,True,False,False,False,False
speed_300rpm__torque_1200Nm__temperature_35degC,train,data/original_dataset/Test_35deg/300rpm/300.0rpm1200.0Nm35.0deg.csv,158564,299.9983169332457,Fw_then_Bw,129600,14485,3.62125,True,1,6.306601750712646e-06,299.9983169332457,-299.979317933321,0.2848730024803672,0.43150032918975967,1215.2640071385576,1203.417855625229,722.6764806731694,723.794127106612,309.0500690398244,323.0146033424262,57.590591593941426,62.11261386329168,0.9271963939675263,True,False,False,False,False
speed_300rpm__torque_1300Nm__temperature_25degC,train,data/original_dataset/Test_25deg/300rpm/300.0rpm1300.0Nm25.0deg.csv,158566,299.9965287987531,Fw_then_Bw,129600,14483,3.62075,True,1,6.306522205264685e-06,299.9965287987531,-299.98110606296297,0.2880021978247669,0.44432466287011607,1185.7599994983275,1172.907446743738,678.6437335610458,666.8418675660632,314.4038118777644,309.3257574809286,60.491340618659706,60.478071322654614,1.0002194067323062,True,False,False,False,False
speed_300rpm__torque_1300Nm__temperature_30degC,train,data/original_dataset/Test_30deg/300rpm/300.0rpm1300.0Nm30.0deg.csv,158564,300.00197699943476,Fw_then_Bw,129600,14483,3.62075,True,1,6.306601750712646e-06,300.00197699943476,-299.9817766346193,0.3032851988488403,0.4413351707626134,1212.1349388811836,1215.4651320693802,713.4228815510369,715.117138922119,319.1402909656176,310.18788928085996,60.90738761555485,60.7821308888333,1.0020607491854907,True,False,False,False,False
speed_300rpm__torque_1300Nm__temperature_35degC,train,data/original_dataset/Test_35deg/300rpm/300.0rpm1300.0Nm35.0deg.csv,158566,300.0000491301762,Fw_then_Bw,129600,14483,3.62075,True,1,6.306522205264685e-06,300.0000491301762,-299.98216779980186,0.3078115029590265,0.4525668700807728,1272.708255176667,1270.0261160110358,764.7447434067197,752.1763762832961,328.09164140899156,319.9321925639879,61.38098182369731,60.71485430015855,1.0109714094057707,True,False,False,False,False
speed_300rpm__torque_1400Nm__temperature_25degC,train,data/original_dataset/Test_25deg/300rpm/300.0rpm1400.0Nm25.0deg.csv,158563,300.0028431318545,Fw_then_Bw,129600,14482,3.6205000000000003,True,1,6.306641524189123e-06,300.0028431318545,-299.9807707965374,0.30940400029072634,0.46933073705685047,1227.5576707907135,1251.68618590867,721.2906651570506,731.8295563756566,331.0937007623919,345.33068708000195,64.36637634079716,67.55017193376032,0.9528676907575425,True,False,False,False,False
speed_300rpm__torque_1400Nm__temperature_30degC,validation,data/original_dataset/Test_30deg/300rpm/300.0rpm1400.0Nm30.0deg.csv,158564,300.00217259900336,Fw_then_Bw,129600,14482,3.6205000000000003,True,1,6.306601750712646e-06,300.00217259900336,-299.98496173357125,0.3097392000199761,0.4679895985948974,1272.4845253009562,1278.2962546529347,751.2867168337948,758.5622099041982,335.4464258466123,325.0736247572489,64.13400913090754,63.843879310184086,1.0045443639054867,True,False,False,False,False
speed_300rpm__torque_1400Nm__temperature_35degC,train,data/original_dataset/Test_35deg/300rpm/300.0rpm1400.0Nm35.0deg.csv,158565,300.0010550022125,Fw_then_Bw,129600,14482,3.6205000000000003,True,1,6.306561977737836e-06,300.0010550022125,-299.98775573524955,0.31951813434716314,0.4725158699632743,1334.410375178172,1400.0686176586887,789.4635200500488,854.8087683319634,340.3212334784712,347.0049402543964,64.39735972062408,66.1078215086718,0.9741261813048347,True,False,False,False,False
speed_300rpm__torque_1500Nm__temperature_25degC,train,data/original_dataset/Test_25deg/300rpm/300.0rpm1500.0Nm25.0deg.csv,158563,300.0042959999215,Fw_then_Bw,129600,14482,3.6205000000000003,True,1,6.306641524189123e-06,300.0042959999215,-299.98043553496245,0.32169746797683274,0.4928559355903701,1288.3546694260076,1268.4501862774366,750.7056024670533,731.0808061062517,344.7277205330124,352.9446450018552,65.79821772954801,69.27136722771363,0.9498616869110085,True,False,False,False,False
speed_300rpm__torque_1500Nm__temperature_30degC,train,data/original_dataset/Test_30deg/300rpm/300.0rpm1500.0Nm30.0deg.csv,158563,300.0018372646688,Fw_then_Bw,129600,14482,3.6205000000000003,True,1,6.306641524189123e-06,300.0018372646688,-299.9779767997097,0.33359980443498216,0.49045306514017284,1337.0810590760584,1337.3045551512291,791.6987173632151,784.7227223218738,353.8844872798101,349.52483304905394,67.99355496337967,68.95124846621451,0.9861105705242726,True,False,False,False,False
speed_300rpm__torque_1500Nm__temperature_35degC,train,data/original_dataset/Test_35deg/300rpm/300.0rpm1500.0Nm35.0deg.csv,158563,300.00351373261464,Fw_then_Bw,129600,14482,3.6205000000000003,True,1,6.306641524189123e-06,300.00351373261464,-299.98459853231907,0.33533200136542973,0.49394553449627665,1414.418154551413,1417.0558075419071,842.7947759628296,807.9707798363529,357.2878077981385,343.65961274929754,66.8140011037849,66.41122905351722,1.006064818495425,True,False,False,False,False
speed_300rpm__torque_1600Nm__temperature_25degC,train,data/original_dataset/Test_25deg/300rpm/300.0rpm1600.0Nm25.0deg.csv,158563,300.0056370656239,Fw_then_Bw,129600,14481,3.62025,True,1,6.306641524189123e-06,300.0056370656239,-299.9772503996307,0.337846601420722,0.5090049962745695,1341.5514549706131,1341.3279860590137,793.6656475067139,770.1068818569183,363.9848061259493,342.5989853485589,70.05168332309495,68.38305191240579,1.024401242179518,True,False,False,False,False
speed_300rpm__torque_1600Nm__temperature_30degC,train,data/original_dataset/Test_30deg/300rpm/300.0rpm1600.0Nm30.0deg.csv,158562,300.0011108670151,Fw_then_Bw,129600,14481,3.62025,True,1,6.306681298167279e-06,300.0011108670151,-299.9791782349348,0.3483518667053431,0.5125254659409109,1396.3133096694946,1403.2424078322947,836.8939206749587,824.8239457607269,372.2528358743715,369.995836700582,70.83964077829702,72.1363749835291,0.9820238512743653,True,False,False,False,False
speed_300rpm__torque_1600Nm__temperature_35degC,train,data/original_dataset/Test_35deg/300rpm/300.0rpm1600.0Nm35.0deg.csv,158562,300.00356953435886,Fw_then_Bw,129601,14481,3.62025,True,1,6.306681298167279e-06,300.00356953435886,-299.9846264719963,0.3536045987858074,0.5195662718809331,1508.51889823889,1491.5317296981812,916.5554612873166,901.1327981947943,386.1529514904305,391.36836926127216,72.12088175924691,75.46921944845053,0.9556330685056216,True,False,False,False,False
speed_300rpm__torque_1700Nm__temperature_25degC,train,data/original_dataset/Test_25deg/300rpm/300.0rpm1700.0Nm25.0deg.csv,158566,299.9961934644186,Fw_then_Bw,129601,14484,3.621,True,1,6.306522205264685e-06,299.9961934644186,-299.96462160003523,0.35360460363637003,0.5129165365360677,1420.2299062162638,1418.6650679525656,842.5265640019006,836.815650463279,377.6805720158336,377.0084101529619,72.17620859046292,73.46431239695899,0.9824662647145475,True,False,False,False,False
speed_300rpm__torque_1700Nm__temperature_30degC,train,data/original_dataset/Test_30deg/300rpm/300.0rpm1700.0Nm30.0deg.csv,158567,300.00071973578696,Fw_then_Bw,129600,14484,3.621,True,1,6.3064824332931825e-06,300.00071973578696,-299.9769151307798,0.36802139463054573,0.5081389341891622,1476.1204831303505,1493.2862385951805,890.1804252712964,883.2066655158997,384.88689272518275,390.0847245184422,72.09432863520533,75.17864432675196,0.9589735127685842,True,False,False,False,False
speed_300rpm__torque_1700Nm__temperature_35degC,train,data/original_dataset/Test_35deg/300rpm/300.0rpm1700.0Nm35.0deg.csv,158567,299.9965287987531,Fw_then_Bw,129600,14484,3.621,True,1,6.3064824332931825e-06,299.9965287987531,-299.96741566962254,0.3793928990489803,0.5012936696099928,1585.6439514510928,1605.302093473017,955.6263454630539,977.4528336524437,390.7723043912597,407.12154663738124,72.14743795976801,77.32441404662035,0.9330486218268522,True,False,False,False,False
speed_300rpm__torque_1800Nm__temperature_25degC,train,data/original_dataset/Test_25deg/300rpm/300.0rpm1800.0Nm25.0deg.csv,158563,300.0031783982801,Fw_then_Bw,129600,14484,3.621,True,1,6.306641524189123e-06,300.0031783982801,-299.96953906569007,0.36768620096455606,0.5150121044910634,1476.3439452507644,1453.7240126324148,875.8328486980298,825.1212625206657,393.1777661400133,375.8695541394218,73.59255688015764,71.6852441725677,1.0266067686537896,True,False,False,False,False
speed_300rpm__torque_1800Nm__temperature_30degC,train,data/original_dataset/Test_30deg/300rpm/300.0rpm1800.0Nm30.0deg.csv,158564,299.9989874660969,Fw_then_Bw,129599,14485,3.62125,True,1,6.306601750712646e-06,299.9989874660969,-299.97272419859655,0.3886967994428119,0.518225128568389,1543.834694894099,1575.7529569480082,923.0375488102936,951.6835308076224,403.45958240670825,415.6721450034182,76.28804260850757,80.5835643910541,0.946694815313687,True,False,False,False,False
speed_300rpm__torque_1800Nm__temperature_35degC,train,data/original_dataset/Test_35deg/300rpm/300.0rpm1800.0Nm35.0deg.csv,158567,300.00144613344065,Fw_then_Bw,129600,14484,3.621,True,1,6.3064824332931825e-06,300.00144613344065,-299.9730594043891,0.38836153301718923,0.5226675323986569,1648.8877498582724,1677.0176434270068,988.7069314718246,1012.2321298719609,410.625454215812,433.24221209408023,75.01111541065484,79.09031109059013,0.9484235727020598,True,False,False,False,False
speed_400rpm__torque_0Nm__temperature_25degC,train,data/original_dataset/Test_25deg/400rpm/400.0rpm0.0Nm25.0deg.csv,122925,400.05153046998504,Fw_then_Bw,97200,12862,3.2155,True,1,8.135041692088673e-06,400.05153046998504,-400.04901586992975,0.26313587053056153,0.2953782726156646,840.6488263671918,840.36950720474,494.7781324387961,483.0054742096987,213.3021410732114,212.2074388320694,38.653688105216624,39.34647696163435,0.9823926076763303,True,False,False,False,False
speed_400rpm__torque_0Nm__temperature_30degC,test,data/original_dataset/Test_30deg/400rpm/400.0rpm0.0Nm30.0deg.csv,122924,400.04655719773535,Fw_then_Bw,97200,12862,3.2155,True,1,8.135107871530377e-06,400.04655719773535,-400.0472836002397,0.27604406204775955,0.31471256806977976,891.1637531128576,890.6718673337526,527.3669887334108,531.3009083272277,223.3790458313024,220.83253817913823,40.222182987849926,40.48542071975589,0.9934979622978819,True,False,False,False,False
speed_400rpm__torque_0Nm__temperature_35degC,validation,data/original_dataset/Test_35deg/400rpm/400.0rpm0.0Nm35.0deg.csv,122925,400.03711360138067,Fw_then_Bw,97200,12864,3.216,True,1,8.135041692088673e-06,400.03711360138067,-400.0476748042274,0.25961553425685224,0.2961046702694148,900.5517165252741,871.2708872433041,525.131794065237,511.38772815464773,215.69429698980684,214.48198915243202,38.73501737965626,38.74818163327518,0.9996602613835274,True,False,False,False,False
speed_400rpm__torque_100Nm__temperature_25degC,validation,data/original_dataset/Test_25deg/400rpm/400.0rpm100.0Nm25.0deg.csv,121139,400.033257935623,Fw_then_Bw,97200,11078,2.7695,True,1,8.254979816574348e-06,400.033257935623,-400.0294021971058,0.26207412884104997,0.2978368623492429,927.5970524565082,914.8899038943908,539.1242626309804,540.0847269595373,219.50473661210026,219.51431773969713,38.59546013381987,38.248053030815754,1.0090830009758722,True,False,False,False,False
speed_400rpm__torque_100Nm__temperature_30degC,train,data/original_dataset/Test_30deg/400rpm/400.0rpm100.0Nm30.0deg.csv,122924,400.0469483338141,Fw_then_Bw,97200,12864,3.216,True,1,8.135107871530377e-06,400.0469483338141,-400.03957226872444,0.2747029308617641,0.3086775347280195,976.7709222312533,986.6060805507004,565.5013313889527,582.2650903464584,223.9245406042302,223.57967829429978,39.440979299536146,40.04060149486577,0.9850246456610671,True,False,False,False,False
speed_400rpm__torque_100Nm__temperature_35degC,train,data/original_dataset/Test_35deg/400rpm/400.0rpm100.0Nm35.0deg.csv,122923,400.02839640267973,Fw_then_Bw,97199,12861,3.21525,True,1,8.135174052048843e-06,400.02839640267973,-400.03079920037027,0.26805326827650333,0.30135739749920276,999.3463948678709,961.3488412774132,582.0394164323943,558.7935447692871,223.50783270021557,220.83521315039434,38.85883300902151,39.33242494508704,0.9879592489726549,True,False,False,False,False
speed_400rpm__torque_200Nm__temperature_25degC,validation,data/original_dataset/Test_25deg/400rpm/400.0rpm200.0Nm25.0deg.csv,122925,400.03465487097856,Fw_then_Bw,97200,12863,3.21575,True,1,8.135041692088673e-06,400.03465487097856,-400.0294303696137,0.2617388624154273,0.3048498717058976,968.2777279522952,930.2796989989929,558.2127931713217,527.3356449604988,225.18846975813176,209.00780884978752,39.33242230411906,38.02408879944323,1.034408017285479,True,False,False,False,False
speed_400rpm__torque_200Nm__temperature_30degC,validation,data/original_dataset/Test_30deg/400rpm/400.0rpm200.0Nm30.0deg.csv,122923,400.04275736525113,Fw_then_Bw,97201,12863,3.21575,True,1,8.135174052048843e-06,400.04275736525113,-400.0304639339447,0.2753735000927122,0.3122537940119514,1029.7447831060254,1012.0645553492521,601.7088502646857,594.4222363830931,227.32784705499398,226.464659685098,39.496192542628705,39.317819476059405,1.0045366978369161,True,False,False,False,False
speed_400rpm__torque_200Nm__temperature_35degC,train,data/original_dataset/Test_35deg/400rpm/400.0rpm200.0Nm35.0deg.csv,122924,400.03292263281764,Fw_then_Bw,97199,12864,3.216,True,1,8.135107871530377e-06,400.03292263281764,-400.0266082681871,0.29610470179852655,0.30521300504915416,1066.4013292018808,1029.9346661970615,626.4523205345976,605.9422723948045,232.00043297952107,227.13839723968428,39.89011251385364,40.23756305934967,0.9913650201682556,True,False,False,False,False
speed_400rpm__torque_300Nm__temperature_25degC,test,data/original_dataset/Test_25deg/400rpm/400.0rpm300.0Nm25.0deg.csv,122925,400.0336490668512,Fw_then_Bw,97200,12863,3.21575,True,1,8.135041692088673e-06,400.0336490668512,-400.019930699879,0.26151540077992763,0.32485463210227294,1006.0517233794258,980.4812318179071,571.1317330785505,570.487829446665,229.53105010093395,222.4988206509806,39.91456530475262,39.67654374571338,1.0059990497298534,True,False,False,False,False
speed_400rpm__torque_300Nm__temperature_30degC,train,data/original_dataset/Test_30deg/400rpm/400.0rpm300.0Nm30.0deg.csv,122924,400.03837086745386,Fw_then_Bw,97200,12863,3.21575,True,1,8.135107871530377e-06,400.03837086745386,-400.0237863316821,0.28149226758006307,0.33382322726538405,1087.6471652107518,1076.4597468854845,633.1354166566371,625.5804777144931,235.81088093058042,233.5203579494418,40.15346522813843,39.77724893550203,1.0094580772352162,True,False,False,False,False
speed_400rpm__torque_300Nm__temperature_35degC,train,data/original_dataset/Test_35deg/400rpm/400.0rpm300.0Nm35.0deg.csv,122922,400.0260773997676,Fw_then_Bw,97200,12862,3.2155,True,1,8.1352402336441e-06,400.0260773997676,-400.02202613201615,0.2836156636476517,0.329744138677313,1136.8095874786377,1170.2700168825559,671.8486934899033,706.1339288950876,240.01513570557336,242.55204076562208,39.92994842072903,40.58213222134553,0.9839292869812922,True,False,False,False,False
speed_400rpm__torque_400Nm__temperature_25degC,test,data/original_dataset/Test_25deg/400rpm/400.0rpm400.0Nm25.0deg.csv,122922,400.03677826704615,Fw_then_Bw,97199,12862,3.2155,True,1,8.1352402336441e-06,400.03677826704615,-400.0234233293061,0.2687238641859153,0.32795599933399444,1056.5670517583612,1034.4287661915243,602.0218670369104,584.8423355817882,239.82349804468868,230.73011523212008,41.9570957375754,41.650365676582595,1.0073644025931148,True,False,False,False,False
speed_400rpm__torque_400Nm__temperature_30degC,validation,data/original_dataset/Test_30deg/400rpm/400.0rpm400.0Nm30.0deg.csv,122923,400.0367783301044,Fw_then_Bw,97199,12863,3.21575,True,1,8.135174052048843e-06,400.0367783301044,-400.0262450281298,0.30135739749920276,0.35217962674022374,1141.0563078243968,1132.339200315505,673.5473632811818,651.4146810768352,249.90311172750808,237.07748608935617,42.63871415050744,41.53772416964329,1.026505784870823,True,False,False,False,False
speed_400rpm__torque_400Nm__temperature_35degC,validation,data/original_dataset/Test_35deg/400rpm/400.0rpm400.0Nm35.0deg.csv,122923,400.0332578677141,Fw_then_Bw,97200,12863,3.21575,True,1,8.135174052048843e-06,400.0332578677141,-400.02169086559053,0.31189063399020256,0.34382566809654236,1162.066688508878,1125.3878222002413,683.3821836113884,642.925547957384,249.23255762884082,248.4853764374747,42.512567754545216,44.04045423073057,0.9653072044130003,True,False,False,False,False
speed_400rpm__torque_500Nm__temperature_25degC,train,data/original_dataset/Test_25deg/400rpm/400.0rpm500.0Nm25.0deg.csv,122925,400.035325466888,Fw_then_Bw,97200,12862,3.2155,True,1,8.135041692088673e-06,400.035325466888,-400.01853366751067,0.29370179981924593,0.3403330677732015,1087.4122701351666,1136.7981438526383,609.800009652929,653.9649726450875,247.64665359886067,244.42906117171782,43.73638287735275,43.87237173642681,0.9969003531450035,True,False,False,False,False
speed_400rpm__torque_500Nm__temperature_30degC,train,data/original_dataset/Test_30deg/400rpm/400.0rpm500.0Nm30.0deg.csv,122925,400.03253147006035,Fw_then_Bw,97200,12862,3.2155,True,1,8.135041692088673e-06,400.03253147006035,-400.0181704711091,0.29437243210850284,0.35114585868240056,1167.4317075327622,1167.4314611203272,668.5405880211988,659.2311170696687,254.32024115594913,244.5700965467381,44.334016945083484,43.082207751081086,1.029056291665345,True,False,False,False,False
speed_400rpm__torque_500Nm__temperature_35degC,validation,data/original_dataset/Test_35deg/400rpm/400.0rpm500.0Nm35.0deg.csv,122924,400.02135559916496,Fw_then_Bw,97200,12861,3.21525,True,1,8.135107871530377e-06,400.02135559916496,-400.0188969366718,0.30169266877538803,0.34801666818867716,1207.03882809411,1168.7728110700846,704.4374401867003,672.3850607872919,256.06580310113713,247.76373235954452,43.834422314739676,43.69433401234346,1.0032060976683301,True,False,False,False,False
speed_400rpm__torque_600Nm__temperature_25degC,validation,data/original_dataset/Test_25deg/400rpm/400.0rpm600.0Nm25.0deg.csv,122923,400.02873166910524,Fw_then_Bw,97200,12862,3.2155,True,1,8.135174052048843e-06,400.02873166910524,-400.01431480050087,0.3107450975221866,0.35678966863389405,1141.0565353194897,1154.6911807576294,641.0479509831362,659.7674873472554,258.6628681847401,247.837713467095,45.75246787909464,44.04387723395757,1.0387929208879856,True,False,False,False,False
speed_400rpm__torque_600Nm__temperature_30degC,train,data/original_dataset/Test_30deg/400rpm/400.0rpm600.0Nm30.0deg.csv,122924,400.02906693068024,Fw_then_Bw,97201,12861,3.21525,True,1,8.135107871530377e-06,400.02906693068024,-400.01397950012085,0.3100745379924774,0.37360936403274536,1233.3691120147705,1222.1933963398897,714.272272586868,678.062453866005,266.134742470058,250.31822210257815,45.86312078890842,45.72369645143226,1.0030492796579615,True,False,False,False,False
speed_400rpm__torque_600Nm__temperature_35degC,test,data/original_dataset/Test_35deg/400rpm/400.0rpm600.0Nm35.0deg.csv,122922,400.0258818329409,Fw_then_Bw,97200,12862,3.2155,True,1,8.1352402336441e-06,400.0258818329409,-400.0206571339125,0.3108009659626987,0.3701169286311483,1253.2621234033854,1215.2645174257373,719.8602199553193,679.3788900970975,266.2092447280884,253.5150623747198,45.91844243431069,44.514596941769454,1.0315367450002442,True,False,False,False,False
speed_400rpm__torque_700Nm__temperature_25degC,test,data/original_dataset/Test_25deg/400rpm/400.0rpm700.0Nm25.0deg.csv,122923,400.02554659925715,Fw_then_Bw,97200,12861,3.21525,True,1,8.135174052048843e-06,400.02554659925715,-400.0300727348076,0.32728543495375106,0.39118339676255687,1232.2514473150932,1203.8645412151254,701.6211748123169,659.2426657675787,276.10793567851033,263.4099537417569,48.89056367584317,48.30632321909434,1.0120944923524606,True,False,False,False,False
speed_400rpm__torque_700Nm__temperature_30degC,test,data/original_dataset/Test_30deg/400rpm/400.0rpm700.0Nm30.0deg.csv,122922,400.02482013369445,Fw_then_Bw,97200,12861,3.21525,True,1,8.1352402336441e-06,400.02482013369445,-400.0251553952694,0.3349967349398071,0.40761196578390013,1295.2948736104424,1295.283184542086,745.1177032292662,744.0448015927359,289.5295611538245,278.1088891483705,50.25158544420947,51.14344323033038,0.9825616397764945,True,False,False,False,False
speed_400rpm__torque_700Nm__temperature_35degC,train,data/original_dataset/Test_35deg/400rpm/400.0rpm700.0Nm35.0deg.csv,122920,400.0185057326841,Fw_then_Bw,97201,12860,3.215,True,1,8.135372600065082e-06,400.0185057326841,-400.0301007326925,0.31644473589648214,0.40414746520886524,1316.293841227889,1279.64849428605,766.7094469070435,726.6104522347405,285.6658910002352,276.5123305575912,49.432755106863624,48.51722348460043,1.018870239401762,True,False,False,False,False
speed_400rpm__torque_800Nm__temperature_25degC,train,data/original_dataset/Test_25deg/400rpm/400.0rpm800.0Nm25.0deg.csv,122922,400.0227525975788,Fw_then_Bw,97200,12860,3.215,True,1,8.1352402336441e-06,400.0227525975788,-400.02241732630256,0.32627953138825205,0.41814520955085754,1268.4610681996332,1290.8238888485355,714.8086922614084,719.3505601583635,290.6684314211134,279.31162644013057,51.23860096869066,50.03449384225857,1.0240655402696432,True,False,False,False,False
speed_400rpm__torque_800Nm__temperature_30degC,train,data/original_dataset/Test_30deg/400rpm/400.0rpm800.0Nm30.0deg.csv,122922,400.01465006692644,Fw_then_Bw,97200,12861,3.21525,True,1,8.1352402336441e-06,400.01465006692644,-400.0259376625763,0.33298506362677927,0.415071791697585,1311.8351809681833,1295.0597253316118,736.9815996103398,715.7027214766458,291.3395279220709,283.1114161581354,51.448839445549766,51.00401852405412,1.0087212916622612,True,False,False,False,False
speed_400rpm__torque_800Nm__temperature_35degC,train,data/original_dataset/Test_35deg/400rpm/400.0rpm800.0Nm35.0deg.csv,122922,400.01749993340735,Fw_then_Bw,97200,12861,3.21525,True,1,8.1352402336441e-06,400.01749993340735,-400.0139795340753,0.31398613161098865,0.4044827025306006,1344.2335960764922,1404.3599949220607,770.6455963104987,835.7763230801538,289.9345627496701,291.80731517931235,50.65712094962013,50.198468831467835,1.0091367750616484,True,False,False,False,False
speed_400rpm__torque_900Nm__temperature_25degC,validation,data/original_dataset/Test_25deg/400rpm/400.0rpm900.0Nm25.0deg.csv,122924,400.0223614348215,Fw_then_Bw,97200,12864,3.216,True,1,8.135107871530377e-06,400.0223614348215,-400.02129953548626,0.34103170037272434,0.4387087343881433,1366.8080413481903,1369.6816943897372,780.2235287428751,755.1801112295149,309.57162018345343,302.1449960413292,53.94736670018574,53.77840069256747,1.003141893500779,True,False,False,False,False
speed_400rpm__torque_900Nm__temperature_30degC,test,data/original_dataset/Test_30deg/400rpm/400.0rpm900.0Nm30.0deg.csv,122925,400.02023800237413,Fw_then_Bw,97200,12863,3.21575,True,1,8.135041692088673e-06,400.02023800237413,-400.0181704662585,0.34840776303710186,0.44485557009468835,1383.5730598658074,1313.053007470398,796.2137579918362,682.5282791256086,311.72164994337663,285.7861750891516,54.46090510129125,53.80396391497014,1.0122099031097285,True,False,False,False,False
speed_400rpm__torque_900Nm__temperature_35degC,validation,data/original_dataset/Test_35deg/400rpm/400.0rpm900.0Nm35.0deg.csv,122924,400.01817050263827,Fw_then_Bw,97200,12863,3.21575,True,1,8.135107871530377e-06,400.01817050263827,-400.0016859984801,0.336449632110714,0.43820600452215785,1443.9228087819629,1400.3367531887989,830.9936049580983,799.8347702621913,312.32035791578045,298.16159215715743,53.171251360231544,52.622207261538264,1.0104336957202207,True,False,False,False,False
speed_400rpm__torque_1000Nm__temperature_25degC,test,data/original_dataset/Test_25deg/400rpm/400.0rpm1000.0Nm25.0deg.csv,122924,400.0178351998329,Fw_then_Bw,97200,12864,3.216,True,1,8.135107871530377e-06,400.0178351998329,-400.0248200027272,0.3273412670144751,0.465139669055759,1400.3365271491248,1403.2425485008616,776.0613527894526,742.5268203021111,316.4580334509651,303.81612571944737,56.79555437935733,55.65717412116544,1.0204534325748131,True,False,False,False,False
speed_400rpm__torque_1000Nm__temperature_30degC,validation,data/original_dataset/Test_30deg/400rpm/400.0rpm1000.0Nm30.0deg.csv,122924,400.01537646821816,Fw_then_Bw,97200,12864,3.216,True,1,8.135107871530377e-06,400.01537646821816,-400.01012386831763,0.3557279354330376,0.45849010105789034,1466.2744166951143,1488.6481338178535,839.1290677711027,857.0283704995516,323.88737662906806,315.19095635126166,56.549908515739844,54.755130410285346,1.032778263735399,True,False,False,False,False
speed_400rpm__torque_1000Nm__temperature_35degC,train,data/original_dataset/Test_35deg/400rpm/400.0rpm1000.0Nm35.0deg.csv,122923,400.01571176496026,Fw_then_Bw,97200,12864,3.216,True,1,8.135174052048843e-06,400.01571176496026,-399.99822157066467,0.3550015317159989,0.461284226427523,1535.1180045400497,1575.7863283699953,886.872436925853,888.398592770112,327.2960181746386,316.44051319789224,55.32387826996228,54.34614486326833,1.0179908512214413,True,False,False,False,False
speed_400rpm__torque_1100Nm__temperature_25degC,train,data/original_dataset/Test_25deg/400rpm/400.0rpm1100.0Nm25.0deg.csv,122924,400.00922979864606,Fw_then_Bw,97200,12863,3.21575,True,1,8.135107871530377e-06,400.00922979864606,-400.02481999787653,0.3576278686522869,0.4810096046034005,1491.5306858407234,1525.2603256763905,826.5227198601224,823.3711364865256,337.2452074572834,323.4179793368867,59.880527558959784,58.5602292919475,1.0225459886850858,True,False,False,False,False
speed_400rpm__torque_1100Nm__temperature_30degC,train,data/original_dataset/Test_30deg/400rpm/400.0rpm1100.0Nm30.0deg.csv,122924,400.01012386831763,Fw_then_Bw,97200,12862,3.2155,True,1,8.135107871530377e-06,400.01012386831763,-400.012917869996,0.36802139948122203,0.4823505344878072,1515.4480158041679,1500.0253139685242,850.4055798799648,805.5121093988873,336.7130160331726,322.064652435813,59.799209250104504,58.100695649750364,1.0292339632315821,True,False,False,False,False
speed_400rpm__torque_1100Nm__temperature_35degC,train,data/original_dataset/Test_35deg/400rpm/400.0rpm1100.0Nm35.0deg.csv,122924,400.01571176738554,Fw_then_Bw,97200,12863,3.21575,True,1,8.135107871530377e-06,400.01571176738554,-399.9960981309414,0.3676302330859187,0.4743040093065929,1603.7375903882435,1550.538698211085,927.8208735584712,857.3680922388121,343.25888398138886,320.9231051659343,57.893225462066766,56.70812944390489,1.0208981680366334,True,False,False,False,False
speed_400rpm__torque_1200Nm__temperature_25degC,train,data/original_dataset/Test_25deg/400rpm/400.0rpm1200.0Nm25.0deg.csv,122922,400.0108502659714,Fw_then_Bw,97200,12863,3.21575,True,1,8.1352402336441e-06,400.0108502659714,-400.0178353356508,0.34550206813344175,0.5051500047557056,1570.4320481745526,1589.745345214987,873.0612614750045,828.9182949065204,350.4880987106959,332.3542982338722,61.79703227663822,60.15781885637352,1.0272485514173697,True,False,False,False,False
speed_400rpm__torque_1200Nm__temperature_30degC,train,data/original_dataset/Test_30deg/400rpm/400.0rpm1200.0Nm30.0deg.csv,122924,400.00732986663934,Fw_then_Bw,97200,12863,3.21575,True,1,8.135107871530377e-06,400.00732986663934,-400.01045912989264,0.38232659790082835,0.508334536183014,1601.0549472411299,1664.3109168703404,907.8830420969666,930.5700343846864,355.22559409341756,342.042318837889,62.24462171581994,60.505278467530836,1.028746967080277,True,False,False,False,False
speed_400rpm__torque_1200Nm__temperature_35degC,train,data/original_dataset/Test_35deg/400rpm/400.0rpm1200.0Nm35.0deg.csv,122922,400.0125825308108,Fw_then_Bw,97200,12863,3.21575,True,1,8.1352402336441e-06,400.0125825308108,-399.98766066370683,0.37997959710384066,0.4960413255806202,1695.3794227445883,1624.8377563896152,979.5093040170066,878.6916822195963,356.09570515902084,338.6948839539627,60.61526042683454,60.24104837742925,1.0062119113044103,True,False,False,False,False
speed_400rpm__torque_1300Nm__temperature_25degC,train,data/original_dataset/Test_25deg/400rpm/400.0rpm1300.0Nm25.0deg.csv,122925,400.0027478008027,Fw_then_Bw,97200,12862,3.2155,True,1,8.135041692088673e-06,400.0027478008027,-400.00274799725355,0.3623775968056293,0.5255459982436719,1659.8400077784731,1733.1432075785071,921.9198969006925,948.9188262820676,365.9086627619331,362.2467053079163,64.26912625822752,63.467796825625555,1.012625764130486,True,False,False,False,False
speed_400rpm__torque_1300Nm__temperature_30degC,validation,data/original_dataset/Test_30deg/400rpm/400.0rpm1300.0Nm30.0deg.csv,122923,400.0006243307629,Fw_then_Bw,97199,12862,3.2155,True,1,8.135174052048843e-06,400.0006243307629,-400.0055417321467,0.3971346050093416,0.5199014655469227,1678.3922542041182,1765.3405152182813,949.725493118126,959.5021584629986,366.190704703376,356.6640870202715,64.41063776173905,63.742963047479826,1.0104744850621692,True,False,False,False,False
speed_400rpm__torque_1300Nm__temperature_35degC,train,data/original_dataset/Test_35deg/400rpm/400.0rpm1300.0Nm35.0deg.csv,122921,400.0072740018368,Fw_then_Bw,97200,12862,3.2155,True,1,8.135306416316171e-06,400.0072740018368,-399.9915439635515,0.40126966875203607,0.5206000350881368,1741.2007825137152,1835.3013244145586,973.8653869925201,1004.7557136417367,371.72011392455033,364.4371697944052,64.80010680044188,64.13113782440404,1.010431266288609,True,False,False,False,False
speed_400rpm__torque_1400Nm__temperature_25degC,test,data/original_dataset/Test_25deg/400rpm/400.0rpm1400.0Nm25.0deg.csv,122922,400.009397399117,Fw_then_Bw,97200,12862,3.2155,True,1,8.1352402336441e-06,400.009397399117,-400.0034461690424,0.3725476684242608,0.5458575615193126,1730.259723262862,1756.8355290375846,948.9320197701438,908.7324260173432,380.4058637824938,362.42554947035586,66.74539643040589,66.55961372472343,1.0027912227142846,True,False,False,False,False
speed_400rpm__torque_1400Nm__temperature_30degC,train,data/original_dataset/Test_30deg/400rpm/400.0rpm1400.0Nm30.0deg.csv,122922,399.9995626654709,Fw_then_Bw,97200,12862,3.2155,True,1,8.1352402336441e-06,399.9995626654709,-400.0013507999635,0.41395426281570735,0.5483440666769752,1774.9519708254525,1839.548524003476,1017.8982916474297,1029.7001034022742,385.2940116254901,379.7864349469814,67.20349841771167,65.88098474657042,1.0200742851101676,True,False,False,False,False
speed_400rpm__torque_1400Nm__temperature_35degC,train,data/original_dataset/Test_35deg/400rpm/400.0rpm1400.0Nm35.0deg.csv,122924,400.0058769985723,Fw_then_Bw,97200,12862,3.2155,True,1,8.135107871530377e-06,400.0058769985723,-399.9822119997892,0.38662926817772814,0.5516130671215649,1828.5946377241203,1965.7796093572404,1057.192693017339,1145.3058096766872,394.1144140703045,399.53154907341286,67.77236365737735,66.45261786218269,1.0198599519123792,True,False,False,False,False
speed_400rpm__torque_1500Nm__temperature_25degC,train,data/original_dataset/Test_25deg/400rpm/400.0rpm1500.0Nm25.0deg.csv,122921,399.9996185351241,Fw_then_Bw,97200,12861,3.21525,True,1,8.135306416316171e-06,399.9996185351241,-400.00621213403065,0.40411946247326114,0.5724837974412367,1808.7026750437417,1818.5413209721446,1010.6117254493938,944.9422925708859,403.5340834408771,380.9376515093845,69.91226425249124,68.7991023653467,1.0161798896914858,True,False,False,False,False
speed_400rpm__torque_1500Nm__temperature_30degC,train,data/original_dataset/Test_30deg/400rpm/400.0rpm1500.0Nm30.0deg.csv,122921,399.99922740389593,Fw_then_Bw,97199,12861,3.21525,True,1,8.135306416316171e-06,399.99922740389593,-399.9866545345867,0.4269741305809873,0.5591287966429377,1846.4773311277668,1851.171526747521,1046.5532323717753,1011.7739737033844,401.9907454117174,375.92435592682705,69.87021549207384,68.11969882210178,1.0256976572157728,True,False,False,False,False
speed_400rpm__torque_1500Nm__temperature_35degC,train,data/original_dataset/Test_35deg/400rpm/400.0rpm1500.0Nm35.0deg.csv,122924,400.00313893445616,Fw_then_Bw,97199,12862,3.2155,True,1,8.135107871530377e-06,400.00313893445616,-399.9718465007997,0.44032933753140924,0.599194298653515,1986.0195248231944,1870.8294403041461,1162.424645572969,1017.6010717451611,424.98759386085055,393.3629856577112,72.42627235332293,70.81504552671731,1.0227526059557177,True,False,False,False,False
speed_400rpm__torque_1600Nm__temperature_25degC,train,data/original_dataset/Test_25deg/400rpm/400.0rpm1600.0Nm25.0deg.csv,122923,399.99679663499893,Fw_then_Bw,97200,12861,3.21525,True,1,8.135174052048843e-06,399.99679663499893,-399.99327633510495,0.4129205020338418,0.5753616715083183,1890.2866683978687,1797.7493116632104,1054.970896839928,903.1445324419565,410.34591183789644,377.07390671675967,70.89928215970076,70.37036297924715,1.0075162207222037,True,False,False,False,False
speed_400rpm__torque_1600Nm__temperature_30degC,train,data/original_dataset/Test_30deg/400rpm/400.0rpm1600.0Nm30.0deg.csv,122922,400.0006243986718,Fw_then_Bw,97200,12861,3.21525,True,1,8.1352402336441e-06,400.0006243986718,-399.99397466696485,0.4514493302849587,0.5867332317090472,1960.0242890495906,2027.5264202307426,1113.393951505339,1147.2702443600156,419.15954273371204,413.47528852156756,72.76310693501958,73.53944560077252,0.9894432347237495,True,False,False,False,False
speed_400rpm__torque_1600Nm__temperature_35degC,test,data/original_dataset/Test_35deg/400rpm/400.0rpm1600.0Nm35.0deg.csv,122923,400.00028906797525,Fw_then_Bw,97200,12861,3.21525,True,1,8.135174052048843e-06,400.00028906797525,-399.970113998279,0.43854113270450057,0.6239210633793846,2064.1834960164033,2017.9151906631887,1227.7834108471895,1124.247893691063,448.7223892339674,406.94019198417664,74.99561818804068,72.85782193184787,1.0293420280693064,True,False,False,False,False
speed_400rpm__torque_1700Nm__temperature_25degC,train,data/original_dataset/Test_25deg/400rpm/400.0rpm1700.0Nm25.0deg.csv,122926,399.9967686637926,Fw_then_Bw,97200,12864,3.216,True,1,8.134975513723703e-06,399.9967686637926,-400.00028933476034,0.4230626000207849,0.5889686678225416,1984.4324216439898,2104.6953372813373,1089.2450690269015,1146.496516317154,424.64105777809215,412.81656221962055,74.38549026097694,72.23108528874033,1.0298265623951859,True,False,False,False,False
speed_400rpm__torque_1700Nm__temperature_30degC,train,data/original_dataset/Test_30deg/400rpm/400.0rpm1700.0Nm30.0deg.csv,122924,400.00062436593,Fw_then_Bw,97201,12863,3.21575,True,1,8.135107871530377e-06,400.00062436593,-399.98766032901284,0.4420056963377874,0.6058440097452262,2038.9256145185755,2056.7401603328785,1171.9912521541573,1158.839484453074,433.4002648081423,428.05075418380056,74.12147595732677,74.38394120426891,0.9964714796945032,True,False,False,False,False
speed_400rpm__torque_1700Nm__temperature_35degC,train,data/original_dataset/Test_35deg/400rpm/400.0rpm1700.0Nm35.0deg.csv,122921,400.00241253195173,Fw_then_Bw,97200,12861,3.21525,True,1,8.135306416316171e-06,400.00241253195173,-399.9603074043989,0.43815000268904214,0.5970987937567998,2175.048013062451,2235.397599482212,1276.6867727041245,1283.9734435081027,443.7597621410079,430.39875513045445,74.52424535969158,73.06585335504678,1.019959966765297,True,False,False,False,False
speed_400rpm__torque_1800Nm__temperature_25degC,train,data/original_dataset/Test_25deg/400rpm/400.0rpm1800.0Nm25.0deg.csv,122925,400.0016860663891,Fw_then_Bw,97200,12864,3.216,True,1,8.135041692088673e-06,400.0016860663891,-399.9887219979428,0.41853639898664596,0.5938859346012464,2057.2670890638396,2084.9589627078194,1158.803735747972,1079.6338576078028,435.33739852052804,400.7784449629752,74.64818464654854,73.4100927074563,1.0168654185470942,True,False,False,False,False
speed_400rpm__torque_1800Nm__temperature_30degC,train,data/original_dataset/Test_30deg/400rpm/400.0rpm1800.0Nm30.0deg.csv,122926,399.9992273990453,Fw_then_Bw,97200,12864,3.216,True,1,8.134975513723703e-06,399.9992273990453,-399.9971319038499,0.4564225649422724,0.6286148006135477,2158.2842649270333,2064.1834300476944,1266.5413311868863,1100.128116756773,456.1139040406488,418.63747345538513,76.66426152359236,76.57905834721517,1.0011126171856393,True,False,False,False,False
speed_400rpm__torque_1800Nm__temperature_35degC,validation,data/original_dataset/Test_35deg/400rpm/400.0rpm1800.0Nm35.0deg.csv,122924,400.0038094673073,Fw_then_Bw,97200,12864,3.216,True,1,8.135107871530377e-06,400.0038094673073,-399.96027946957236,0.45463440134577127,0.6135273676287909,2201.6463927381437,2243.4668013981745,1285.9403672813983,1296.081412732542,460.0153637783027,450.3657749364605,76.60683279123077,77.48297768652034,0.9886924209490985,True,False,False,False,False
speed_500rpm__torque_0Nm__temperature_25degC,train,data/original_dataset/Test_25deg/500rpm/500.0rpm0.0Nm25.0deg.csv,101540,499.976333269539,Fw_then_Bw,77760,11890,2.9725,True,1,9.848335631278313e-06,499.976333269539,-499.9651014707827,0.27257946203468464,0.2975016735338727,1007.6168109660784,999.2458294925199,577.0325854418843,573.0785579978829,234.87422285338653,235.3483977061842,26.328578148650195,28.537200081450464,0.9226055139783702,True,False,False,False,False
speed_500rpm__torque_0Nm__temperature_30degC,validation,data/original_dataset/Test_30deg/500rpm/500.0rpm0.0Nm30.0deg.csv,101540,499.97560680276365,Fw_then_Bw,77760,11890,2.9725,True,1,9.848335631278313e-06,499.97560680276365,-499.96297806743917,0.27397646529914255,0.3118626700597247,1077.3652883168786,1035.332554601996,623.0324240028381,582.9155468940822,245.2305385397949,237.42552154826615,27.91311953319564,29.43292799407117,0.9483636673462568,True,False,False,False,False
speed_500rpm__torque_0Nm__temperature_35degC,train,data/original_dataset/Test_35deg/500rpm/500.0rpm0.0Nm35.0deg.csv,101540,499.9703541349542,Fw_then_Bw,77760,11891,2.97275,True,1,9.848335631278313e-06,499.9703541349542,-499.94984639973455,0.2852640985414041,0.3151595689511453,1098.8119397854916,1125.410140957797,652.5479713083548,652.5143966077849,257.3217649721073,253.1175038643596,27.82902446120943,28.967635540084302,0.9606936825306537,True,False,False,False,False
speed_500rpm__torque_100Nm__temperature_25degC,validation,data/original_dataset/Test_25deg/500rpm/500.0rpm100.0Nm25.0deg.csv,100108,499.9696277009207,Fw_then_Bw,77760,10457,2.61425,True,1,9.989211651416471e-06,499.9696277009207,-499.95406532737735,0.2697296367841773,0.3225636707308013,1093.223749194749,1038.506844391213,601.4407142625032,573.4294009208494,251.77703208870528,241.82665106795866,28.050351939612028,28.73637274929023,0.9761270910680561,True,False,False,False,False
speed_500rpm__torque_100Nm__temperature_30degC,validation,data/original_dataset/Test_30deg/500rpm/500.0rpm100.0Nm30.0deg.csv,101537,499.9712481997752,Fw_then_Bw,77760,11889,2.9722500000000003,True,1,9.848626609019373e-06,499.9712481997752,-499.9472200676488,0.27763656544263426,0.31571836734659087,1100.1528085521386,1059.472541480227,593.5281080006689,590.9443271160854,250.2437077817035,239.85547338211293,26.82651371354723,27.10535874462039,0.9897125496954176,True,False,False,False,False
speed_500rpm__torque_100Nm__temperature_35degC,train,data/original_dataset/Test_35deg/500rpm/500.0rpm100.0Nm35.0deg.csv,101537,499.9791271984577,Fw_then_Bw,77760,11889,2.9722500000000003,True,1,9.848626609019373e-06,499.9791271984577,-499.95213747024536,0.29398132998417736,0.31778589376091304,1160.278667036414,1117.0504381880164,654.1907811164833,652.0896804332552,259.73842463317857,256.5618157386325,29.13250704798429,29.954873689302985,0.9725464827577502,True,False,False,False,False
speed_500rpm__torque_200Nm__temperature_25degC,train,data/original_dataset/Test_25deg/500rpm/500.0rpm200.0Nm25.0deg.csv,101537,499.9746009998489,Fw_then_Bw,77760,11888,2.972,True,1,9.848626609019373e-06,499.9746009998489,-499.9538978008786,0.28593466655968314,0.32876646340199045,1150.4442295213835,1120.9395306653164,620.5290701985746,609.1698972880066,253.5219552525632,248.92558604476557,29.579543373972683,31.57006752973074,0.9369490054500674,True,False,False,False,False
speed_500rpm__torque_200Nm__temperature_30degC,train,data/original_dataset/Test_30deg/500rpm/500.0rpm200.0Nm30.0deg.csv,101537,499.96789546761045,Fw_then_Bw,77760,11888,2.972,True,1,9.848626609019373e-06,499.96789546761045,-499.9410733677602,0.2901256666519316,0.33169983847375306,1178.6188784756753,1153.494935715571,631.4366877079465,622.8737936914397,259.9294604645024,252.89292136827723,29.369304354543146,31.053431059228842,0.9457668074914645,True,False,False,False,False
speed_500rpm__torque_200Nm__temperature_35degC,validation,data/original_dataset/Test_35deg/500rpm/500.0rpm200.0Nm35.0deg.csv,101536,499.974209832241,Fw_then_Bw,77760,11888,2.972,True,1,9.848723605420737e-06,499.974209832241,-499.9475553656036,0.28733163344446666,0.33239833525536255,1215.0408001616597,1168.772715997693,660.3598946706256,627.1697494386898,261.142845522852,251.47252622110722,29.35602376519455,31.72674893143039,0.9252767697264039,True,False,False,False,False
speed_500rpm__torque_300Nm__temperature_25degC,train,data/original_dataset/Test_25deg/500rpm/500.0rpm300.0Nm25.0deg.csv,101542,499.9886267323745,Fw_then_Bw,77760,11892,2.973,True,1,9.848141655669575e-06,499.9886267323745,-499.9507405979482,0.2694502012067801,0.33890859049284927,1239.178742980721,1221.4789943150881,658.1242921949752,672.8433026372838,257.14295478085216,250.1307811056332,30.579838800247217,32.481728604841436,0.9414473956194949,True,False,False,False,False
speed_500rpm__torque_300Nm__temperature_30degC,train,data/original_dataset/Test_30deg/500rpm/500.0rpm300.0Nm30.0deg.csv,101542,499.97879193203215,Fw_then_Bw,77760,11892,2.973,True,1,9.848141655669575e-06,499.97879193203215,-499.94492903351784,0.3002956655109301,0.34606090048330884,1317.8586775515328,1257.1626983117992,715.9262897074314,702.4459530412742,268.7530794669442,256.6554692884778,30.94056220627408,31.54505639527086,0.9808371181391389,True,False,False,False,False
speed_500rpm__torque_300Nm__temperature_35degC,test,data/original_dataset/Test_35deg/500rpm/500.0rpm300.0Nm35.0deg.csv,101539,499.97806553437835,Fw_then_Bw,77760,11889,2.9722500000000003,True,1,9.848432621948217e-06,499.97806553437835,-499.94688480122323,0.299569197522942,0.35293400287628174,1310.4826794006158,1296.8480742227712,719.3237334490732,719.3326842785157,269.95582101608306,259.0673358666663,30.469185427421053,31.643426565779013,0.9628914670186872,True,False,False,False,False
speed_500rpm__torque_400Nm__temperature_25degC,train,data/original_dataset/Test_25deg/500rpm/500.0rpm400.0Nm25.0deg.csv,101541,499.98896199880016,Fw_then_Bw,77760,11892,2.973,True,1,9.848238642518786e-06,499.98896199880016,-499.9556296679657,0.2848170649182862,0.3494417323963148,1327.4702301715934,1267.342427551182,717.94912658628,690.2331845463434,269.0190460710028,254.28512429900815,31.73294757850727,32.82917512964329,0.9666081299086259,True,False,False,False,False
speed_500rpm__torque_400Nm__temperature_30degC,validation,data/original_dataset/Test_30deg/500rpm/500.0rpm400.0Nm30.0deg.csv,101541,499.97859636641806,Fw_then_Bw,77760,11891,2.97275,True,1,9.848238642518786e-06,499.97859636641806,-499.93632363475626,0.30468216815893356,0.3518722975665014,1349.8215999186868,1329.0347026968448,713.4341094643225,730.1196515560378,277.31061549411606,268.0559303789778,31.814716830012912,32.92787871737346,0.966193938670783,True,False,False,False,False
speed_500rpm__torque_400Nm__temperature_35degC,train,data/original_dataset/Test_35deg/500rpm/500.0rpm400.0Nm35.0deg.csv,101541,499.9798536009621,Fw_then_Bw,77760,11891,2.97275,True,1,9.848238642518786e-06,499.9798536009621,-499.9478906005,0.30063090040738416,0.35254279888852125,1365.020536468353,1346.4689545799047,740.3790894149438,713.2441073656537,276.0333716159266,264.27740993960924,31.453990700128998,34.08087266257098,0.9229221038894659,True,False,False,False,False
speed_500rpm__torque_500Nm__temperature_25degC,train,data/original_dataset/Test_25deg/500rpm/500.0rpm500.0Nm25.0deg.csv,101540,499.9886267323745,Fw_then_Bw,77760,11891,2.97275,True,1,9.848335631278313e-06,499.9886267323745,-499.9539255998873,0.2848169994347245,0.3670156002044678,1362.338420585786,1345.8013224105798,720.7095967047394,727.2809833287965,274.09674911971257,263.54300301693456,32.34363340836808,33.3450376839437,0.9699684167381277,True,False,False,False,False
speed_500rpm__torque_500Nm__temperature_30degC,train,data/original_dataset/Test_30deg/500rpm/500.0rpm500.0Nm30.0deg.csv,101542,499.97493626627454,Fw_then_Bw,77760,11892,2.973,True,1,9.848141655669575e-06,499.97493626627454,-499.93811173286906,0.31465666931279657,0.37573273099644666,1449.5104279681073,1382.1087050019853,774.8923721163579,719.8601587116855,291.0095729110595,272.59226061753446,33.10934905673548,34.539969575223495,0.9585807244163227,True,False,False,False,False
speed_500rpm__torque_500Nm__temperature_35degC,train,data/original_dataset/Test_35deg/500rpm/500.0rpm500.0Nm35.0deg.csv,101541,499.9759979352044,Fw_then_Bw,77760,11892,2.973,True,1,9.848238642518786e-06,499.9759979352044,-499.94582306438434,0.3136508021270288,0.3742799356890032,1421.5707002827003,1445.36403337662,769.8498966544441,788.9270636438823,290.34116179449273,279.8438022534242,32.40172790724504,34.065051118534456,0.9511721498523037,True,False,False,False,False
speed_500rpm__torque_600Nm__temperature_25degC,train,data/original_dataset/Test_25deg/500rpm/500.0rpm600.0Nm25.0deg.csv,101541,499.98616800197243,Fw_then_Bw,77760,11891,2.97275,True,1,9.848238642518786e-06,499.98616800197243,-499.95180209710577,0.29224900208640747,0.38732762914153795,1469.1797172415136,1443.2533256085662,769.003256559416,799.4101315736089,290.4768360513458,284.1491429579719,34.48143206012446,35.93098364854086,0.9596573363369287,True,False,False,False,False
speed_500rpm__torque_600Nm__temperature_30degC,validation,data/original_dataset/Test_30deg/500rpm/500.0rpm600.0Nm30.0deg.csv,101541,499.9732039990098,Fw_then_Bw,77760,11890,2.9725,True,1,9.848238642518786e-06,499.9732039990098,-499.9401792689847,0.31080100112978926,0.3949552095339186,1500.025129644348,1469.079335220226,782.7579652145914,819.0706326067695,302.3551885924917,289.8653650567894,34.56774384230812,35.46347453604994,0.9747421620283914,True,False,False,False,False
speed_500rpm__torque_600Nm__temperature_35degC,train,data/original_dataset/Test_35deg/500rpm/500.0rpm600.0Nm35.0deg.csv,74045,1400.0145346023296,Fw_then_Bw,52767,11890,2.9725,True,1,1.3505300830576001e-05,1400.0145346023296,-499.9395086585234,0.4602502982986607,0.3942846669814912,2123.1249479264075,2648.670594984013,998.2735991477512,1192.445305436604,353.7343772394932,380.2212389451596,43.871820282583904,57.9160230364323,0.757507473449725,True,False,False,False,False
speed_500rpm__torque_700Nm__temperature_25degC,test,data/original_dataset/Test_25deg/500rpm/500.0rpm700.0Nm25.0deg.csv,101540,499.9879002668119,Fw_then_Bw,77760,11891,2.97275,True,1,9.848335631278313e-06,499.9879002668119,-499.94615799611597,0.3108568683576891,0.4160213332701801,1539.6338286036578,1502.1485160103794,806.0596472024492,797.4431201814696,312.12876942022393,290.37571450078303,38.69507104393506,40.94352226445608,0.9450840793325457,True,False,False,False,False
speed_500rpm__torque_700Nm__temperature_30degC,train,data/original_dataset/Test_30deg/500rpm/500.0rpm700.0Nm30.0deg.csv,101539,499.9763332331592,Fw_then_Bw,77759,11891,2.97275,True,1,9.848432621948217e-06,499.9763332331592,-499.93420019745827,0.3189034347694246,0.41780993342399597,1567.3042527244888,1607.3137618755027,818.1184503436498,873.4166339038438,318.12914212539454,311.38638158631693,36.67898875937681,38.269058902756115,0.9584502418149407,True,False,False,False,False
speed_500rpm__torque_700Nm__temperature_35degC,validation,data/original_dataset/Test_35deg/500rpm/500.0rpm700.0Nm35.0deg.csv,101542,499.9835137338474,Fw_then_Bw,77760,11891,2.97275,True,1,9.848141655669575e-06,499.9835137338474,-499.9461583696151,0.3056880001773834,0.42133036185987294,1609.5490650818647,1591.2204301760084,863.494663424831,876.747065782638,318.1935469308997,306.4423806609966,35.36001319935167,36.51190246694114,0.96845167767874,True,False,False,False,False
speed_500rpm__torque_800Nm__temperature_25degC,train,data/original_dataset/Test_25deg/500rpm/500.0rpm800.0Nm25.0deg.csv,101541,499.98091533295036,Fw_then_Bw,77761,11890,2.9725,True,1,9.848238642518786e-06,499.98091533295036,-499.94157613158075,0.3171153997148508,0.4388766004316267,1601.27866547532,1498.0799586434264,852.8977096082144,780.165287554189,329.5711108614796,295.55389955640976,39.345689634274095,38.88162887186581,1.011935219173497,True,False,False,False,False
speed_500rpm__torque_800Nm__temperature_30degC,train,data/original_dataset/Test_30deg/500rpm/500.0rpm800.0Nm30.0deg.csv,101540,499.9789595337158,Fw_then_Bw,77760,11890,2.9725,True,1,9.848335631278313e-06,499.9789595337158,-499.94403500265133,0.3292411978084715,0.43714413186529555,1713.484762391704,1715.3397348010221,908.4641575812043,935.8159933983527,333.9030862563732,326.4269649982451,38.66685263012645,39.63915328723713,0.975471205197924,True,False,False,False,False
speed_500rpm__torque_800Nm__temperature_35degC,train,data/original_dataset/Test_35deg/500rpm/500.0rpm800.0Nm35.0deg.csv,101541,499.98510630151327,Fw_then_Bw,77760,11890,2.9725,True,1,9.848238642518786e-06,499.98510630151327,-499.948253830856,0.3504753343197251,0.44164242717667435,1759.7527868929888,1591.2205281588854,990.9420837463244,837.1621343493871,342.38610870777393,307.64670872266595,38.48759716382805,38.6508092431086,0.9957772661820878,True,False,False,False,False
speed_500rpm__torque_900Nm__temperature_25degC,train,data/original_dataset/Test_25deg/500rpm/500.0rpm900.0Nm25.0deg.csv,101541,499.9837092667197,Fw_then_Bw,77760,11890,2.9725,True,1,9.848238642518786e-06,499.9837092667197,-499.9466890925154,0.33991413268572046,0.4685204233586546,1717.7307202170937,1671.9804184201384,931.4440513028786,934.5956216752484,350.4758340795889,327.2540088920436,41.40162365421247,41.00736833293011,1.0096142556157588,True,False,False,False,False
speed_500rpm__torque_900Nm__temperature_30degC,test,data/original_dataset/Test_30deg/500rpm/500.0rpm900.0Nm30.0deg.csv,101538,499.9789595337158,Fw_then_Bw,77760,11889,2.9722500000000003,True,1,9.848529614528551e-06,499.9789595337158,-499.93280319904443,0.346060801045212,0.4620105270684576,1778.1372201475083,1786.485283325419,939.043618775952,972.5153166055863,349.1581381431958,333.1431320736101,40.84614642192719,41.34098610074944,0.9880302884499099,True,False,False,False,False
speed_500rpm__torque_900Nm__temperature_35degC,train,data/original_dataset/Test_35deg/500rpm/500.0rpm900.0Nm35.0deg.csv,101540,499.97946246973396,Fw_then_Bw,77760,11889,2.9722500000000003,True,1,9.848335631278313e-06,499.97946246973396,-499.95213746054407,0.357069070256955,0.46818515693300355,1808.7026750433097,1881.0331666220013,996.3177349046312,1095.1548713445848,350.946824412347,358.6922405731002,40.93024422700182,40.05608977663542,1.0218232597150883,True,False,False,False,False
speed_500rpm__torque_1000Nm__temperature_25degC,train,data/original_dataset/Test_25deg/500rpm/500.0rpm1000.0Nm25.0deg.csv,101539,499.9840446010543,Fw_then_Bw,77760,11889,2.9722500000000003,True,1,9.848432621948217e-06,499.9840446010543,-499.94543193800683,0.34974893787881456,0.4886092695717821,1818.7613769746122,1801.9078454622104,990.4618225060751,1034.679973125458,367.1890985397569,356.08455595515807,43.34687814125573,43.11628748864678,1.0053481101003805,True,False,False,False,False
speed_500rpm__torque_1000Nm__temperature_30degC,train,data/original_dataset/Test_30deg/500rpm/500.0rpm1000.0Nm30.0deg.csv,101539,499.9808594632971,Fw_then_Bw,77760,11890,2.9725,True,1,9.848432621948217e-06,499.9808594632971,-499.9433644018912,0.3669597378272442,0.49564989846356866,1935.213621860862,1872.819171209618,1057.248560041183,1037.2795128822872,374.1899798313398,349.91598402455094,43.070921344133275,42.208387761695576,1.0204351226895345,True,False,False,False,False
speed_500rpm__torque_1000Nm__temperature_35degC,train,data/original_dataset/Test_35deg/500rpm/500.0rpm1000.0Nm35.0deg.csv,101539,499.9879002668119,Fw_then_Bw,77760,11890,2.9725,True,1,9.848432621948217e-06,499.9879002668119,-499.9458231322933,0.3574881678408133,0.5021598020296665,1929.625882379321,1877.546287141672,1063.1382418423868,1079.3655964732125,374.7961285213478,357.4378763636672,43.50246427804908,42.041193302873126,1.034758075600963,True,False,False,False,False
speed_500rpm__torque_1100Nm__temperature_25degC,train,data/original_dataset/Test_25deg/500rpm/500.0rpm1100.0Nm25.0deg.csv,101537,499.982982869066,Fw_then_Bw,77760,11889,2.9722500000000003,True,1,9.848626609019373e-06,499.982982869066,-499.9450966667306,0.36556272971205317,0.5174427351448685,1918.22641645565,1859.3533391443088,1042.3623606934718,1046.7141747474216,384.29028771460025,359.1989051728433,46.22384416547902,44.7840420917146,1.0321498910441314,True,False,False,False,False
speed_500rpm__torque_1100Nm__temperature_30degC,validation,data/original_dataset/Test_30deg/500rpm/500.0rpm1100.0Nm30.0deg.csv,101537,499.98091539843404,Fw_then_Bw,77760,11888,2.972,True,1,9.848626609019373e-06,499.98091539843404,-499.9472200676488,0.3841705984087298,0.5244277999736369,2057.2544308379292,2048.145895241634,1129.0311980993351,1131.8475019931498,395.6370140469176,372.3044551555063,45.83434996721962,46.4178184101911,0.9874300761441348,True,False,False,False,False
speed_500rpm__torque_1100Nm__temperature_35degC,train,data/original_dataset/Test_35deg/500rpm/500.0rpm1100.0Nm35.0deg.csv,101539,499.9829829345497,Fw_then_Bw,77760,11888,2.972,True,1,9.848432621948217e-06,499.9829829345497,-499.9591223992563,0.39045699910886356,0.519510368273302,2085.417606091619,2025.6491009301837,1163.8551995903754,1137.0889313518092,392.9654464391661,373.2410903841924,46.52714162782559,46.475355828783904,1.0011142636375387,True,False,False,False,False
speed_500rpm__torque_1200Nm__temperature_25degC,test,data/original_dataset/Test_25deg/500rpm/500.0rpm1200.0Nm25.0deg.csv,101539,499.9791830681109,Fw_then_Bw,77760,11888,2.972,True,1,9.848432621948217e-06,499.9791830681109,-499.95884299763316,0.3710947979320167,0.5440415310053481,2027.5279743749365,2012.729712684426,1102.7007966862016,1160.21849274631,404.4607158218242,379.4985185067616,48.43247501860333,46.59398079365928,1.0394577624325725,True,False,False,False,False
speed_500rpm__torque_1200Nm__temperature_30degC,train,data/original_dataset/Test_30deg/500rpm/500.0rpm1200.0Nm30.0deg.csv,101540,499.97879193203215,Fw_then_Bw,77760,11889,2.9722500000000003,True,1,9.848335631278313e-06,499.97879193203215,-499.9412409621679,0.37925316670830966,0.5508028019297058,2139.9554505477226,2247.3783891958196,1144.7802391649595,1309.7226899862117,412.0304060833293,405.3967370874034,48.669923192846944,47.89513449854895,1.0161767724928608,True,False,False,False,False
speed_500rpm__torque_1200Nm__temperature_35degC,train,data/original_dataset/Test_35deg/500rpm/500.0rpm1200.0Nm35.0deg.csv,101539,499.9879002668119,Fw_then_Bw,77760,11889,2.9722500000000003,True,1,9.848432621948217e-06,499.9879002668119,-499.9587871328307,0.38450586725963376,0.5279481653512619,2125.6504231132567,2066.2396835786244,1146.6912473738264,1153.1263893843063,399.25531592404013,373.8084110475939,48.5873745956269,46.73505667415158,1.0396344426067596,True,False,False,False,False
speed_500rpm__torque_1300Nm__temperature_25degC,train,data/original_dataset/Test_25deg/500rpm/500.0rpm1300.0Nm25.0deg.csv,101537,499.9833181306409,Fw_then_Bw,77759,11889,2.9722500000000003,True,1,9.848626609019373e-06,499.9833181306409,-499.9570548631406,0.3823265312045123,0.5647724707766315,2117.381617427145,2069.8158885354133,1143.649223744842,1120.9398710726418,418.5694224778439,389.2034286544458,51.0172943814041,50.283015659579185,1.014602917350782,True,False,False,False,False
speed_500rpm__torque_1300Nm__temperature_30degC,train,data/original_dataset/Test_30deg/500rpm/500.0rpm1300.0Nm30.0deg.csv,101539,499.984770998708,Fw_then_Bw,77760,11889,2.9722500000000003,True,1,9.848432621948217e-06,499.984770998708,-499.9472201355578,0.38478526403196156,0.5721486619828511,2245.2327752640485,2316.445170436146,1170.026550814646,1324.7340911627364,423.71451560247806,426.46911286169603,52.268220646590215,51.15671795192611,1.0217274043207507,True,False,False,False,False
speed_500rpm__torque_1300Nm__temperature_35degC,train,data/original_dataset/Test_35deg/500rpm/500.0rpm1300.0Nm35.0deg.csv,101536,499.97951839759475,Fw_then_Bw,77760,11889,2.9722500000000003,True,1,9.848723605420737e-06,499.97951839759475,-499.96127376410493,0.4009343004631205,0.5637947663975638,2249.702927656699,2127.4834172799274,1207.61989679188,1148.2000672817323,423.1754070946183,395.7556846596617,52.10168703193858,50.73845315687324,1.0268678643168425,True,False,False,False,False
speed_500rpm__torque_1400Nm__temperature_25degC,train,data/original_dataset/Test_25deg/500rpm/500.0rpm1400.0Nm25.0deg.csv,101541,499.9819770334095,Fw_then_Bw,77760,11892,2.973,True,1,9.848238642518786e-06,499.9819770334095,-499.957725366888,0.3883056318347826,0.5932149360887706,2227.38533630036,2156.105102039588,1180.3984516860285,1139.8563747107683,436.072366134647,414.31133970603446,54.38170045033534,53.52377392875949,1.0160288869525111,True,False,False,False,False
speed_500rpm__torque_1400Nm__temperature_30degC,train,data/original_dataset/Test_30deg/500rpm/500.0rpm1400.0Nm30.0deg.csv,101540,499.9821167657501,Fw_then_Bw,77760,11892,2.973,True,1,9.848335631278313e-06,499.9821167657501,-499.9547637999058,0.39587729891837853,0.6014854006934911,2368.6141183137124,2399.4592930345334,1225.6041283905581,1301.2357392906774,447.50314876448556,444.8188213365367,55.853353160546284,53.99738171018951,1.034371508239381,True,False,False,False,False
speed_500rpm__torque_1400Nm__temperature_35degC,test,data/original_dataset/Test_35deg/500rpm/500.0rpm1400.0Nm35.0deg.csv,101543,499.98437986747984,Fw_then_Bw,77760,11892,2.973,True,1,9.848044670730627e-06,499.98437986747984,-499.9524727366709,0.3837793968462506,0.5988031407468668,2356.108479822888,2333.521993326508,1224.1623936592307,1293.3276520670117,443.2882417171186,425.32544696613235,55.40797926561254,53.95400772017633,1.026948351139678,True,False,False,False,False
speed_500rpm__torque_1500Nm__temperature_25degC,train,data/original_dataset/Test_25deg/500rpm/500.0rpm1500.0Nm25.0deg.csv,101541,499.9781213676518,Fw_then_Bw,77760,11892,2.973,True,1,9.848238642518786e-06,499.9781213676518,-499.95738999859896,0.4034209996461584,0.6251503315676814,2335.0863872715536,2139.44212494731,1240.2087670565948,1119.317075312142,458.26387313151145,418.668342559112,57.56124203459194,55.89981406635614,1.0297215294180333,True,False,False,False,False
speed_500rpm__torque_1500Nm__temperature_30degC,train,data/original_dataset/Test_30deg/500rpm/500.0rpm1500.0Nm30.0deg.csv,101541,499.98231229983503,Fw_then_Bw,77760,11892,2.973,True,1,9.848238642518786e-06,499.98231229983503,-499.95213747024536,0.40629876699921397,0.6265193320966489,2472.8180321591053,2307.5269506079494,1286.7607192695127,1192.5615233182493,466.81080552799585,422.3079520321788,58.546069972419446,56.04500012233299,1.044626101251266,True,False,False,False,False
speed_500rpm__torque_1500Nm__temperature_35degC,train,data/original_dataset/Test_35deg/500rpm/500.0rpm1500.0Nm35.0deg.csv,101542,499.98614006472053,Fw_then_Bw,77760,11892,2.973,True,1,9.848141655669575e-06,499.98614006472053,-499.95090810019366,0.39777719939593226,0.6337278318824815,2438.7984109728336,2438.1840824694323,1268.2825091480368,1343.983417302308,464.9481632880338,440.24363082079356,58.85368480834359,56.04245511473203,1.0501625006944524,True,False,False,False,False
speed_500rpm__torque_1600Nm__temperature_25degC,train,data/original_dataset/Test_25deg/500rpm/500.0rpm1600.0Nm25.0deg.csv,101202,499.9856371675075,Fw_then_Bw,77760,11553,2.88825,True,1,9.881227643722456e-06,499.9856371675075,-499.9626426530691,0.4200730327284532,0.6675906721891351,2543.8618458187993,2411.1717240887624,1369.2676834763006,1344.278476238287,493.8138411157638,440.17813262485106,61.72634227450545,57.53604692995394,1.0728290448882054,True,False,False,False,False
speed_500rpm__torque_1600Nm__temperature_30degC,test,data/original_dataset/Test_30deg/500rpm/500.0rpm1600.0Nm30.0deg.csv,101541,499.9758023986942,Fw_then_Bw,77759,11891,2.97275,True,1,9.848238642518786e-06,499.9758023986942,-499.9545961327385,0.4316400663810782,0.6560236652148888,2602.8602752679035,2584.196665945001,1351.0286337137586,1439.854505658218,485.77998308908246,467.65164959992944,62.129208726037156,58.14329763450132,1.0685532340561752,True,False,False,False,False
speed_500rpm__torque_1600Nm__temperature_35degC,train,data/original_dataset/Test_35deg/500rpm/500.0rpm1600.0Nm35.0deg.csv,101540,499.9803565685094,Fw_then_Bw,77760,11890,2.9725,True,1,9.848335631278313e-06,499.9803565685094,-499.96057527217397,0.42323019927908945,0.660605738327547,2560.85059275722,2552.691932456969,1336.1870943010217,1393.4589798748784,488.6622861381056,464.8795152349635,62.24406844011128,60.153848788490855,1.0347478954999192,True,False,False,False,False
speed_500rpm__torque_1700Nm__temperature_25degC,test,data/original_dataset/Test_25deg/500rpm/500.0rpm1700.0Nm25.0deg.csv,101266,499.9875650003863,Fw_then_Bw,77760,11617,2.90425,True,1,9.874982718780242e-06,499.9875650003863,-499.9582843350557,0.41920693547584165,0.6470266719891811,2572.0270408778792,2484.2615549762713,1352.4167155474859,1411.289518475404,484.3197436559876,457.1931441624197,64.03440424427345,60.85207131836796,1.0522962137025056,True,False,False,False,False
speed_500rpm__torque_1700Nm__temperature_30degC,train,data/original_dataset/Test_30deg/500rpm/500.0rpm1700.0Nm30.0deg.csv,101540,499.98477103508776,Fw_then_Bw,77760,11891,2.97275,True,1,9.848335631278313e-06,499.98477103508776,-499.95772539599176,0.4191789654820468,0.6665289304995099,2697.1845577159,2668.1274660707004,1388.624322116459,1418.6873838306155,492.0076138206925,456.3587116343797,64.41074812621537,61.31237745296403,1.0505341792630414,True,False,False,False,False
speed_500rpm__torque_1700Nm__temperature_35degC,train,data/original_dataset/Test_35deg/500rpm/500.0rpm1700.0Nm35.0deg.csv,101539,499.9900236677301,Fw_then_Bw,77760,11891,2.97275,True,1,9.848432621948217e-06,499.9900236677301,-499.9668337380475,0.42099506754314575,0.6644055417079926,2694.2789166542298,2718.7542485385165,1394.0021582693255,1463.5697066784132,487.11950420608906,479.53533345753385,65.34022930842411,61.644332833907356,1.0599551703231969,True,False,False,False,False
speed_500rpm__torque_1800Nm__temperature_25degC,validation,data/original_dataset/Test_25deg/500rpm/500.0rpm1800.0Nm25.0deg.csv,101538,499.9903589996393,Fw_then_Bw,77760,11891,2.97275,True,1,9.848529614528551e-06,499.9903589996393,-499.96091066471615,0.4206039326769542,0.6693786708638072,2663.208071802194,2557.931962655971,1418.1285861135734,1376.711009442829,494.93208094719427,453.5434150269566,66.55131723047138,63.26318170761169,1.051975500348002,True,False,False,False,False
speed_500rpm__torque_1800Nm__temperature_30degC,train,data/original_dataset/Test_30deg/500rpm/500.0rpm1800.0Nm30.0deg.csv,101540,499.97946250126313,Fw_then_Bw,77760,11890,2.9725,True,1,9.848335631278313e-06,499.97946250126313,-499.9575577652043,0.433232632834347,0.6814486987423152,2786.8149152101523,2867.448936255254,1438.3368487656187,1623.0114044249713,502.0972921026102,497.07665961416296,67.56699279249008,64.54452907689752,1.0468275740611825,True,False,False,False,False
speed_500rpm__torque_1800Nm__temperature_35degC,train,data/original_dataset/Test_35deg/500rpm/500.0rpm1800.0Nm35.0deg.csv,101539,499.9865032635474,Fw_then_Bw,77760,11890,2.9725,True,1,9.848432621948217e-06,499.9865032635474,-499.96616316396586,0.4513095991569571,0.6889923970447569,2872.4221435063555,2941.2658681393395,1534.5834587142806,1621.8870943784964,511.45042482586405,508.1285340091196,67.9249504046993,65.39953681502762,1.0386151601778837,True,False,False,False,False
speed_600rpm__torque_0Nm__temperature_25degC,train,data/original_dataset/Test_25deg/600rpm/600.0rpm0.0Nm25.0deg.csv,87284,599.9905987991951,Fw_then_Bw,64800,11244,2.811,True,1,1.1456853489757572e-05,599.9905987991951,-599.9684706306045,0.3055482666241005,0.32806770226079607,1301.9887672274308,1291.036819263286,692.9039986433281,656.0705403982413,265.5498788115437,268.47741667697846,55.62928053404903,59.11316255710518,0.9410641915886228,True,False,False,False,False
speed_600rpm__torque_0Nm__temperature_30degC,train,data/original_dataset/Test_30deg/600rpm/600.0rpm0.0Nm30.0deg.csv,87284,599.9885033646326,Fw_then_Bw,64800,11244,2.811,True,1,1.1456853489757572e-05,599.9885033646326,-599.965369333707,0.29255633126007297,0.3294087994921142,1264.437887584495,1251.5297266267003,685.9414131939265,664.8346513507023,266.8691435916571,253.51239935996549,54.950430336270934,55.46131089756728,0.9907885235125454,True,False,False,False,False
speed_600rpm__torque_0Nm__temperature_35degC,validation,data/original_dataset/Test_35deg/600rpm/600.0rpm0.0Nm35.0deg.csv,87283,599.985346198082,Fw_then_Bw,64800,11243,2.81075,True,1,1.1456984750753297e-05,599.985346198082,-599.9713205334654,0.2971384674310684,0.3192387957824394,1278.5194567796907,1316.1597986859756,692.9040001331032,730.204589664845,263.3359850161923,265.704729017716,53.710571617648384,55.33605238579184,0.9706252849984504,True,False,False,False,False
speed_600rpm__torque_100Nm__temperature_25degC,train,data/original_dataset/Test_25deg/600rpm/600.0rpm100.0Nm25.0deg.csv,87283,599.9967455669928,Fw_then_Bw,64800,11242,2.8105,True,1,1.1456984750753297e-05,599.9967455669928,-599.9636093329173,0.3130920328355842,0.3525986782429982,1338.8809262933128,1241.642557821865,702.69560337083,664.2916214465231,275.5783968736521,268.6248287558101,58.18534404943421,57.5157914496003,1.011641195973468,True,False,False,False,False
speed_600rpm__torque_100Nm__temperature_30degC,test,data/original_dataset/Test_30deg/600rpm/600.0rpm100.0Nm30.0deg.csv,87285,599.9839491996681,Fw_then_Bw,64800,11242,2.8105,True,1,1.145672223176949e-05,599.9839491996681,-599.9608153360896,0.29750173174159045,0.3527384348368514,1326.3522618218758,1249.0151217207085,675.5141317844391,622.4960273505985,274.91580879404864,255.44543117277948,57.57452267957888,56.35017665570098,1.021727456709828,True,False,False,False,False
speed_600rpm__torque_100Nm__temperature_35degC,test,data/original_dataset/Test_35deg/600rpm/600.0rpm100.0Nm35.0deg.csv,87282,599.9959074009287,Fw_then_Bw,64800,11242,2.8105,True,1,1.1457116014756765e-05,599.9959074009287,-599.9737792008091,0.2978927999113239,0.3483518667053431,1375.3026539531675,1343.1162602499398,729.9654345961924,703.6306208368615,271.0840510471826,266.8260459390922,54.339631816537754,55.56056244231513,0.9780252291894095,True,False,False,False,False
speed_600rpm__torque_200Nm__temperature_25degC,train,data/original_dataset/Test_25deg/600rpm/600.0rpm200.0Nm25.0deg.csv,87283,599.9986454989994,Fw_then_Bw,64800,11241,2.81025,True,1,1.1456984750753297e-05,599.9986454989994,-599.9629106663633,0.3252178357797675,0.38009167474223204,1376.4161228511284,1317.8587735942529,704.4373279808269,670.731094479379,276.70387143189146,270.8925718352475,59.25647516050958,58.84040936416568,1.0070710894237471,True,False,False,False,False
speed_600rpm__torque_200Nm__temperature_30degC,train,data/original_dataset/Test_30deg/600rpm/600.0rpm200.0Nm30.0deg.csv,87282,599.9878048678511,Fw_then_Bw,64800,11241,2.81025,True,1,1.1457116014756765e-05,599.9878048678511,-599.9567638064036,0.32342973039089884,0.3748105712778056,1460.4750399792456,1335.5199868483396,744.0022909640445,671.8486428262622,284.98524057999924,266.9542857579472,60.67348273068086,58.54608575873499,1.036337134146128,True,False,False,False,False
speed_600rpm__torque_200Nm__temperature_35degC,test,data/original_dataset/Test_35deg/600rpm/600.0rpm200.0Nm35.0deg.csv,87284,599.9955162321081,Fw_then_Bw,64800,11241,2.81025,True,1,1.1456853489757572e-05,599.9955162321081,-599.9576299994563,0.31996516797039476,0.3606454023005199,1434.3112435499506,1434.3111931038948,724.8692180214673,747.8892832991733,277.43832536377795,272.96798853649307,57.99070876655605,56.92391318825685,1.0187407280797989,True,False,False,False,False
speed_600rpm__torque_300Nm__temperature_25degC,train,data/original_dataset/Test_25deg/600rpm/600.0rpm300.0Nm25.0deg.csv,87283,599.9962426673544,Fw_then_Bw,64800,11241,2.81025,True,1,1.1456984750753297e-05,599.9962426673544,-599.9671013366121,0.33538786374259644,0.3798960048395088,1471.8588034158074,1359.655909860976,702.4256259202957,680.2528560160681,278.90717422681064,274.3622887701349,61.64654527356106,60.11955159738136,1.0253992858497336,True,False,False,False,False
speed_600rpm__torque_300Nm__temperature_30degC,train,data/original_dataset/Test_30deg/600rpm/600.0rpm300.0Nm30.0deg.csv,87282,599.9951809317281,Fw_then_Bw,64800,11242,2.8105,True,1,1.1457116014756765e-05,599.9951809317281,-599.9558977637207,0.3224237989343237,0.38447790332912746,1467.8511652159832,1345.3070898928208,704.9738702179638,643.1691229345228,281.9831898609209,266.8089567905325,61.715150336635816,59.13107687304088,1.043700767857537,True,False,False,False,False
speed_600rpm__torque_300Nm__temperature_35degC,train,data/original_dataset/Test_35deg/600rpm/600.0rpm300.0Nm35.0deg.csv,87284,599.9944545328617,Fw_then_Bw,64800,11242,2.8105,True,1,1.1456853489757572e-05,599.9944545328617,-599.9671295285225,0.29437240057939107,0.37534167252795214,1434.0874622575939,1373.7381271010236,692.6380607486633,643.7614601849642,273.2984755364668,258.2552065449817,58.38009524006793,57.4520540855019,1.0161533154791105,True,False,False,False,False
speed_600rpm__torque_400Nm__temperature_25degC,train,data/original_dataset/Test_25deg/600rpm/600.0rpm400.0Nm25.0deg.csv,87282,599.9958514997463,Fw_then_Bw,64800,11241,2.81025,True,1,1.1457116014756765e-05,599.9958514997463,-599.9576299994563,0.3360583650646163,0.40065534024813587,1549.1973220678346,1446.6048063090966,703.2751741261336,680.2976042031332,293.0637644871694,272.08444901862094,65.03471700432328,62.215286906393885,1.0453173205191737,True,False,False,False,False
speed_600rpm__torque_400Nm__temperature_30degC,validation,data/original_dataset/Test_30deg/600rpm/600.0rpm400.0Nm30.0deg.csv,87282,599.9898724015414,Fw_then_Bw,64800,11241,2.81025,True,1,1.1457116014756765e-05,599.9898724015414,-599.9506452353671,0.3258324698739443,0.39534629710635727,1511.201406053101,1447.9455809728279,711.4676810055915,662.058562040329,293.87218270992435,274.0962157645299,63.521552012275556,62.54725792632598,1.0155769272427129,True,False,False,False,False
speed_600rpm__torque_400Nm__temperature_35degC,validation,data/original_dataset/Test_35deg/600rpm/600.0rpm400.0Nm35.0deg.csv,87280,599.9902636006785,Fw_then_Bw,64800,11240,2.81,True,1,1.1457378551787351e-05,599.9902636006785,-599.9636091388918,0.30873343348503113,0.3942847276144903,1539.6329419069123,1413.1441304922864,726.2997855248611,656.9914507865856,282.71759972010386,263.3492902629086,61.201723945146114,59.34110772186613,1.0313545920308862,True,False,False,False,False
speed_600rpm__torque_500Nm__temperature_25degC,train,data/original_dataset/Test_25deg/600rpm/600.0rpm500.0Nm25.0deg.csv,87282,599.9913253326667,Fw_then_Bw,64800,11240,2.81,True,1,1.1457116014756765e-05,599.9913253326667,-599.9581330009581,0.34343446410889555,0.4223919968354153,1626.5941822590955,1502.718424307818,734.1205245255424,692.3251146077973,301.96192654846067,283.18646188276944,67.34070136119499,65.71910109810231,1.0246747176391233,True,False,False,False,False
speed_600rpm__torque_500Nm__temperature_30degC,test,data/original_dataset/Test_30deg/600rpm/600.0rpm500.0Nm30.0deg.csv,87280,599.9895930678273,Fw_then_Bw,64800,11240,2.81,True,1,1.1457378551787351e-05,599.9895930678273,-599.9608153360896,0.3357790701555814,0.4244593631786415,1581.609031805965,1460.909988963408,735.5958118291483,685.9435516595111,302.8985593291281,284.86352215247723,66.5218798976639,63.51193168218285,1.0473918543454637,True,False,False,False,False
speed_600rpm__torque_500Nm__temperature_35degC,test,data/original_dataset/Test_35deg/600rpm/600.0rpm500.0Nm35.0deg.csv,87280,599.9874695990002,Fw_then_Bw,64800,11240,2.81,True,1,1.1457378551787351e-05,599.9874695990002,-599.9651737365639,0.3258884025854627,0.43133266929845604,1612.2309529842141,1592.5730277858972,754.684167504297,750.7636937497407,306.0512323109831,287.01659022351566,66.31396670661614,64.47990366282282,1.0284439482630738,True,False,False,False,False
speed_600rpm__torque_600Nm__temperature_25degC,train,data/original_dataset/Test_25deg/600rpm/600.0rpm600.0Nm25.0deg.csv,87279,599.9919958655179,Fw_then_Bw,64800,11240,2.81,True,1,1.1457509824814675e-05,599.9919958655179,-599.9607873285033,0.3448873697683439,0.45639467619673724,1699.4026586570044,1514.1205939771905,775.1589182022826,698.2794696091786,321.61018252359094,296.6411560061257,71.45475900117617,68.17568716849108,1.0480973785358572,True,False,False,False,False
speed_600rpm__torque_600Nm__temperature_30degC,train,data/original_dataset/Test_30deg/600rpm/600.0rpm600.0Nm30.0deg.csv,87281,599.9881401997603,Fw_then_Bw,64800,11241,2.81025,True,1,1.1457247281768083e-05,599.9881401997603,-599.9506169658464,0.33994206751231104,0.44940997031528696,1683.9799752534873,1556.1282634735107,773.4592233597368,713.6910915373846,323.2806977771361,298.3531412623961,71.24673007115234,67.19022045035672,1.0603735125976073,True,False,False,False,False
speed_600rpm__torque_600Nm__temperature_35degC,train,data/original_dataset/Test_35deg/600rpm/600.0rpm600.0Nm35.0deg.csv,87283,599.9878049333347,Fw_then_Bw,64800,11241,2.81025,True,1,1.1456984750753297e-05,599.9878049333347,-599.9534111300211,0.3231223660501428,0.441670398383053,1605.09009050022,1630.3360074139164,745.3881643714337,750.1691222187219,318.20364491579767,292.0734087629171,69.65223252043405,66.71663145016282,1.0440010385186207,True,False,False,False,False
speed_600rpm__torque_700Nm__temperature_25degC,train,data/original_dataset/Test_25deg/600rpm/600.0rpm700.0Nm25.0deg.csv,87284,599.9899283294022,Fw_then_Bw,64800,11244,2.811,True,1,1.1456853489757572e-05,599.9899283294022,-599.9632180028129,0.3392435343509419,0.4788303340319544,1762.4346112521835,1644.639589358144,803.5004285721243,759.9568404257299,331.6891393492597,308.883515567959,74.34566653889755,71.5415081693209,1.039196243430316,True,False,False,False,False
speed_600rpm__torque_700Nm__temperature_30degC,train,data/original_dataset/Test_30deg/600rpm/600.0rpm700.0Nm30.0deg.csv,87285,599.9909341335297,Fw_then_Bw,64800,11243,2.81075,True,1,1.145672223176949e-05,599.9909341335297,-599.9606196322322,0.34695493256248255,0.48008749339101087,1753.941025526433,1648.754160851558,805.4226638376576,740.2141028641834,336.6491681763591,307.5812522857632,75.05592004467867,71.18808543032173,1.0543326118545882,True,False,False,False,False
speed_600rpm__torque_700Nm__temperature_35degC,test,data/original_dataset/Test_35deg/600rpm/600.0rpm700.0Nm35.0deg.csv,87285,600.0011600651003,Fw_then_Bw,64800,11243,2.81075,True,1,1.145672223176949e-05,600.0011600651003,-599.963609095236,0.3690272666669898,0.4802271626734864,1734.4949437145942,1591.2875474891273,809.0883198380425,728.8858729602453,332.50877339198723,308.9787732988043,74.35616611094245,70.99311428510191,1.0473715213046555,True,False,False,False,False
speed_600rpm__torque_800Nm__temperature_25degC,train,data/original_dataset/Test_25deg/600rpm/600.0rpm800.0Nm25.0deg.csv,87285,599.9930575975062,Fw_then_Bw,64800,11243,2.81075,True,1,1.145672223176949e-05,599.9930575975062,-599.9618770050195,0.35500153171602733,0.5093403160573189,1828.5960269468205,1793.1458695485157,844.4488151374117,816.1066758632387,350.0708541701215,319.81090591089014,79.34711903035344,76.56556317715513,1.0363290719453395,True,False,False,False,False
speed_600rpm__torque_800Nm__temperature_30degC,train,data/original_dataset/Test_30deg/600rpm/600.0rpm800.0Nm30.0deg.csv,87284,599.989928266344,Fw_then_Bw,64800,11243,2.81075,True,1,1.1456853489757572e-05,599.989928266344,-599.9604239962839,0.3514811348092053,0.5167164005493987,1818.7626284391854,1737.177550482238,863.0454501510485,801.846879720415,355.0839404265389,325.1528491578938,79.59432392431154,75.00688837913002,1.0611601900080678,True,False,False,False,False
speed_600rpm__torque_800Nm__temperature_35degC,validation,data/original_dataset/Test_35deg/600rpm/600.0rpm800.0Nm35.0deg.csv,87283,599.997611665458,Fw_then_Bw,64800,11243,2.81075,True,1,1.1456984750753297e-05,599.997611665458,-599.9600887347091,0.3483798318483764,0.5131960036426904,1803.115165481836,1655.7946995214024,857.6922474802349,788.3459639552711,350.46520534735913,322.3887518755418,78.65223890482861,73.08112223581702,1.0762319529116533,True,False,False,False,False
speed_600rpm__torque_900Nm__temperature_25degC,train,data/original_dataset/Test_25deg/600rpm/600.0rpm900.0Nm25.0deg.csv,87285,599.9986734314007,Fw_then_Bw,64800,11243,2.81075,True,1,1.145672223176949e-05,599.9986734314007,-599.9636093280667,0.3795884670883538,0.545159006529957,1895.874661082894,1741.3125179398771,882.3572807014898,807.367244362922,372.9463671648089,335.29743467083784,85.16467718206967,79.44649943342479,1.0719752007882568,True,False,False,False,False
speed_600rpm__torque_900Nm__temperature_30degC,train,data/original_dataset/Test_30deg/600rpm/600.0rpm900.0Nm30.0deg.csv,87283,599.9944545328617,Fw_then_Bw,64800,11244,2.811,True,1,1.1456984750753297e-05,599.9944545328617,-599.9558980014019,0.3497488651191816,0.5462213399973734,1885.593067466175,1695.3122142394934,894.9660235272629,800.9901313484761,371.66945941380595,333.3703844675256,83.6797197117903,77.69012274141008,1.077095990571626,True,False,False,False,False
speed_600rpm__torque_900Nm__temperature_35degC,train,data/original_dataset/Test_35deg/600rpm/600.0rpm900.0Nm35.0deg.csv,85379,599.9905988671042,Fw_then_Bw,64800,9336,2.334,True,1,1.1712481992058937e-05,599.9905988671042,-599.9628826684784,0.3469549313499556,0.5430353339761496,1850.5122551382547,1702.0850452050809,884.369063675581,819.0236695110116,368.6547356702931,298.79209878174606,82.94487914236015,68.36256746328218,1.2133084262364808,True,False,False,False,False
speed_600rpm__torque_1000Nm__temperature_25degC,train,data/original_dataset/Test_25deg/600rpm/600.0rpm1000.0Nm25.0deg.csv,87284,599.9895371314778,Fw_then_Bw,64800,11243,2.81075,True,1,1.1456853489757572e-05,599.9895371314778,-599.9702586753604,0.37715773578378275,0.58410667891917,1991.3279092480925,1910.9605966752947,938.7755846979869,933.4534433481622,393.7801083637163,365.09341547898657,89.95813045755766,85.80833266278205,1.0483612449513953,True,False,False,False,False
speed_600rpm__torque_1000Nm__temperature_30degC,test,data/original_dataset/Test_30deg/600rpm/600.0rpm1000.0Nm30.0deg.csv,87285,599.9913253326667,Fw_then_Bw,64800,11242,2.8105,True,1,1.145672223176949e-05,599.9913253326667,-599.9632739306738,0.34941366660257245,0.5813127742537176,1982.5973256959742,1947.954671534876,956.1628283561959,912.3824876545992,393.50822014480394,356.82639146145897,89.08665065118835,83.35528815587155,1.06875823504562,True,False,False,False,False
speed_600rpm__torque_1000Nm__temperature_35degC,train,data/original_dataset/Test_35deg/600rpm/600.0rpm1000.0Nm35.0deg.csv,87285,599.9920237688154,Fw_then_Bw,64800,11242,2.8105,True,1,1.145672223176949e-05,599.9920237688154,-599.969532333489,0.34589319936145557,0.5833525040846439,1943.4837672935373,1920.785632682825,950.574832707639,916.8841110173382,394.50878202890175,358.234032491805,89.0152579782125,83.37631203480669,1.0676324702518833,True,False,False,False,False
speed_600rpm__torque_1100Nm__temperature_25degC,validation,data/original_dataset/Test_25deg/600rpm/600.0rpm1100.0Nm25.0deg.csv,87285,599.9937839684815,Fw_then_Bw,64800,11242,2.8105,True,1,1.145672223176949e-05,599.9937839684815,-599.9695323359144,0.37293883360700875,0.6188360033168578,2057.032038768284,1921.133243013037,972.4485921859684,912.637237906187,417.6269453197164,380.0115550555802,95.53267284466074,90.29095335147301,1.0580536509874188,True,False,False,False,False
speed_600rpm__torque_1100Nm__temperature_30degC,train,data/original_dataset/Test_30deg/600rpm/600.0rpm1100.0Nm30.0deg.csv,87286,599.9909341335297,Fw_then_Bw,64800,11243,2.81075,True,1,1.1456590976788946e-05,599.9909341335297,-599.9669339992881,0.34455209970474243,0.6151478398048766,2027.5263465010994,1947.5741661156455,978.2934355733912,916.5333318710508,414.10592737649927,373.45182143494634,94.40623133787085,89.59949839804722,1.0536468733169648,True,False,False,False,False
speed_600rpm__torque_1100Nm__temperature_35degC,validation,data/original_dataset/Test_35deg/600rpm/600.0rpm1100.0Nm35.0deg.csv,87283,599.9876372661674,Fw_then_Bw,64800,11243,2.81075,True,1,1.1456984750753297e-05,599.9876372661674,-599.9660678353393,0.34499913454055786,0.624451839636663,2059.9365234375,1959.9124886245131,1009.225764572966,952.7832087872865,422.9699911105171,380.1499178011909,95.22782696947156,90.55354320771583,1.0516190045820035,True,False,False,False,False
speed_600rpm__torque_1200Nm__temperature_25degC,train,data/original_dataset/Test_25deg/600rpm/600.0rpm1200.0Nm25.0deg.csv,87282,599.9888386650127,Fw_then_Bw,64799,11243,2.81075,True,1,1.1457116014756765e-05,599.9888386650127,-599.969531991519,0.3610086011273097,0.6517759951141215,2176.725030100395,2054.5502018647767,1050.7557392120361,997.6386773583724,437.0830477702839,398.42922091456774,101.03362925551662,92.93809143618998,1.087106779300336,True,False,False,False,False
speed_600rpm__torque_1200Nm__temperature_30degC,train,data/original_dataset/Test_30deg/600rpm/600.0rpm1200.0Nm30.0deg.csv,87283,599.9835580672274,Fw_then_Bw,64800,11243,2.81075,True,1,1.1456984750753297e-05,599.9835580672274,-599.9734440022924,0.34734606864128637,0.6592090649064062,2168.118693710312,2093.3522454774443,1074.3140842021376,1019.4269520045958,439.22503186131485,393.5896513008627,100.95075765757424,94.20883221814618,1.0715636239266477,True,False,False,False,False
speed_600rpm__torque_1200Nm__temperature_35degC,train,data/original_dataset/Test_35deg/600rpm/600.0rpm1200.0Nm35.0deg.csv,87285,599.9844800680876,Fw_then_Bw,64800,11243,2.81075,True,1,1.145672223176949e-05,599.9844800680876,-599.9762378681528,0.3488827351247892,0.664461399234483,2166.7778812113056,2044.491487322648,1080.2149833737985,993.4187188744544,443.14989234726454,400.14087600357,101.39635602124588,94.49010739240293,1.0730896473655422,True,False,False,False,False
speed_600rpm__torque_1300Nm__temperature_25degC,train,data/original_dataset/Test_25deg/600rpm/600.0rpm1300.0Nm25.0deg.csv,87284,599.9900959335112,Fw_then_Bw,64800,11242,2.8105,True,1,1.1456853489757572e-05,599.9900959335112,-599.9842846649699,0.36288053282385135,0.6932116666575325,2274.738624691963,2159.405170824016,1097.8728611769839,1036.7055083810326,462.39419238904696,413.8898704733492,107.2154503349111,98.43473440346312,1.0892034299138522,True,False,False,False,False
speed_600rpm__torque_1300Nm__temperature_30degC,test,data/original_dataset/Test_30deg/600rpm/600.0rpm1300.0Nm30.0deg.csv,87281,599.9776348665667,Fw_then_Bw,64800,11241,2.81025,True,1,1.1457247281768083e-05,599.9776348665667,-599.9755113686357,0.3528780992685938,0.6953066622372717,2268.7130287523805,2183.3173620202615,1131.0004138199017,1064.7922664879843,469.7010913773051,410.3460326082313,107.22938427804813,97.42262693907833,1.100662008889396,True,False,False,False,False
speed_600rpm__torque_1300Nm__temperature_35degC,validation,data/original_dataset/Test_35deg/600rpm/600.0rpm1300.0Nm35.0deg.csv,87284,599.979422998634,Fw_then_Bw,64800,11241,2.81025,True,1,1.1456853489757572e-05,599.979422998634,-599.9814905323244,0.3550294665425895,0.7020123351442749,2270.4896303672513,2186.000269527085,1145.3055466713065,1096.5317338705063,468.20565987231925,425.04499072128965,106.46510878107165,99.21296368702315,1.073096748897917,True,False,False,False,False
speed_600rpm__torque_1400Nm__temperature_25degC,validation,data/original_dataset/Test_25deg/600rpm/600.0rpm1400.0Nm25.0deg.csv,87282,599.9799258982723,Fw_then_Bw,64800,11241,2.81025,True,1,1.1457116014756765e-05,599.9799258982723,-599.9909620004473,0.3628805352491895,0.7345903286476982,2367.2720698718877,2205.671975389123,1141.4140820502325,1076.01290643197,485.7784275496214,432.6552244879167,112.99577694758227,105.47807370085138,1.0712726634357392,True,False,False,False,False
speed_600rpm__torque_1400Nm__temperature_30degC,train,data/original_dataset/Test_30deg/600rpm/600.0rpm1400.0Nm30.0deg.csv,87283,599.9788642002386,Fw_then_Bw,64800,11242,2.8105,True,1,1.1456984750753297e-05,599.9788642002386,-599.9853461641276,0.35656613423873296,0.7367136665076828,2358.7902532503895,2221.2488702887854,1177.8473643960297,1085.8161790668867,489.8649026953308,432.045866548992,112.95165211565744,102.92422445425018,1.0974253409688255,True,False,False,False,False
speed_600rpm__torque_1400Nm__temperature_35degC,validation,data/original_dataset/Test_35deg/600rpm/600.0rpm1400.0Nm35.0deg.csv,87282,599.9785010014117,Fw_then_Bw,64800,11242,2.8105,True,1,1.1457116014756765e-05,599.9785010014117,-599.9853461641276,0.3653671689486373,0.7380545309085278,2365.9431453177594,2280.2574821976336,1189.9620266256989,1138.5687094929374,491.14864688538034,437.6550982043904,112.27778000873029,104.43652319449936,1.0750815574320454,True,False,False,False,False
speed_600rpm__torque_1500Nm__temperature_25degC,validation,data/original_dataset/Test_25deg/600rpm/600.0rpm1500.0Nm25.0deg.csv,87282,599.9737791959584,Fw_then_Bw,64800,11242,2.8105,True,1,1.1457116014756765e-05,599.9737791959584,-599.9900960014202,0.3613159254504126,0.7790139983019913,2472.5519683368702,2305.3152700109868,1203.107101470482,1081.8556018172783,516.3894895994417,456.12138254314226,120.52467714704561,110.24574413129355,1.0932365516396778,True,False,False,False,False
speed_600rpm__torque_1500Nm__temperature_30degC,train,data/original_dataset/Test_30deg/600rpm/600.0rpm1500.0Nm30.0deg.csv,87284,599.9751761361646,Fw_then_Bw,64800,11242,2.8105,True,1,1.1456853489757572e-05,599.9751761361646,-599.9863796654001,0.37400053164066094,0.7865302322898629,2466.9619189809737,2353.336466088397,1233.7269255522187,1127.884547263215,516.3252348701235,465.60120639312555,119.62165024012847,109.96263090630688,1.0878391072877431,True,False,False,False,False
speed_600rpm__torque_1500Nm__temperature_35degC,train,data/original_dataset/Test_35deg/600rpm/600.0rpm1500.0Nm35.0deg.csv,87283,599.9797582650596,Fw_then_Bw,64800,11242,2.8105,True,1,1.1456984750753297e-05,599.9797582650596,-599.9884754710365,0.379253200662788,0.7813051270204596,2493.5602753730564,2395.1566487083696,1264.6168556808561,1186.2404523791608,515.8468059129291,467.53883305068473,118.71884318434239,110.39779776403971,1.0753732917579368,True,False,False,False,False
speed_600rpm__torque_1600Nm__temperature_25degC,train,data/original_dataset/Test_25deg/600rpm/600.0rpm1600.0Nm25.0deg.csv,87284,599.9811552319443,Fw_then_Bw,64800,11241,2.81025,True,1,1.1456853489757572e-05,599.9811552319443,-599.9973046661278,0.36978160157258344,0.8226566666660347,2601.3045067276826,2499.3722715103104,1287.59415477532,1180.9766411779492,532.0990519865063,477.7737146328036,125.33351811448483,118.69439040083307,1.0559346376120329,True,False,False,False,False
speed_600rpm__torque_1600Nm__temperature_30degC,validation,data/original_dataset/Test_30deg/600rpm/600.0rpm1600.0Nm30.0deg.csv,87282,599.9746452992744,Fw_then_Bw,64800,11240,2.81,True,1,1.1457116014756765e-05,599.9746452992744,-599.9871064996114,0.3776606342096329,0.8208955017228732,2603.0837335076285,2543.875654615635,1321.571312844503,1257.3597025869499,539.7093339338426,481.91360632567904,125.77956652294223,115.33410316062594,1.0905669968904936,True,False,False,False,False
speed_600rpm__torque_1600Nm__temperature_35degC,train,data/original_dataset/Test_35deg/600rpm/600.0rpm1600.0Nm35.0deg.csv,84368,599.9741144672347,Fw_then_Bw,64800,8326,2.0815,True,1,1.1852835198179404e-05,599.9741144672347,-599.9906550326461,0.3925244988446934,0.8242766683300147,2662.0926005610727,2387.780812568735,1379.4149580598742,1144.5992000400338,547.6602454269369,341.4574801212211,125.51564757218324,67.87903101576376,1.8491078274678723,True,False,False,False,False
speed_600rpm__torque_1700Nm__temperature_25degC,test,data/original_dataset/Test_25deg/600rpm/600.0rpm1700.0Nm25.0deg.csv,87283,599.9778024997795,Fw_then_Bw,64800,11240,2.81,True,1,1.1456984750753297e-05,599.9778024997795,-599.9848153345131,0.38500876689795405,0.8501766715198755,2709.703989482182,2597.5544354878357,1349.9808222052914,1266.0165899990259,552.2727956377363,501.96269892542193,129.6666413844605,121.49898790496535,1.067224045404261,True,False,False,False,False
speed_600rpm__torque_1700Nm__temperature_30degC,train,data/original_dataset/Test_30deg/600rpm/600.0rpm1700.0Nm30.0deg.csv,87281,599.9829154679901,Fw_then_Bw,64800,11241,2.81025,True,1,1.1457247281768083e-05,599.9829154679901,-599.9869106696375,0.39710666897008196,0.8484721329296576,2788.15628262239,2734.959455362059,1419.201442301187,1372.129064798628,560.9653832656022,493.8137133917735,130.1269702389618,121.01145870610708,1.075327672522261,True,False,False,False,False
speed_600rpm__torque_1700Nm__temperature_35degC,train,data/original_dataset/Test_35deg/600rpm/600.0rpm1700.0Nm35.0deg.csv,84456,599.9811552343697,Fw_then_Bw,64800,8413,2.10325,True,1,1.1840484986265037e-05,599.9811552343697,-599.9916606670013,0.40766783301177156,0.8487796634047413,2825.036307331152,2550.825437841194,1473.1130981443584,1284.7155404091604,560.9680116177512,376.55660453283417,128.62652981332303,74.63047244737025,1.7235122007840837,True,False,False,False,False
speed_600rpm__torque_1800Nm__temperature_25degC,train,data/original_dataset/Test_25deg/600rpm/600.0rpm1800.0Nm25.0deg.csv,87281,599.986407867012,Fw_then_Bw,64800,11241,2.81025,True,1,1.1457247281768083e-05,599.986407867012,-599.9955443306437,0.3859027989771562,0.8917506687188279,2807.8262936714736,2726.69068848154,1368.7450963258914,1293.4954524039313,570.3371459528848,515.5908550536878,134.28142449972705,125.37557830910373,1.0710333408685593,True,False,False,False,False
speed_600rpm__torque_1800Nm__temperature_30degC,train,data/original_dataset/Test_30deg/600rpm/600.0rpm1800.0Nm30.0deg.csv,87282,599.9843124348747,Fw_then_Bw,64800,11241,2.81025,True,1,1.1457116014756765e-05,599.9843124348747,-599.9948455331227,0.39716249860538255,0.8742324668370429,2823.25982407201,2830.17783658579,1404.630500078292,1407.17654824266,570.1992764357777,509.7047601429949,133.4885807613773,123.06957109103678,1.0846595106976802,True,False,False,False,False
speed_600rpm__torque_1800Nm__temperature_35degC,train,data/original_dataset/Test_35deg/600rpm/600.0rpm1800.0Nm35.0deg.csv,87284,599.983949267577,Fw_then_Bw,64800,11241,2.81025,True,1,1.1456853489757572e-05,599.983949267577,-599.9979749321938,0.42026853285892685,0.8721091338278484,2896.126629396962,2772.95706716086,1479.285221695727,1357.7788770198822,576.6674982650782,498.14581587224893,132.19683004335815,122.17993163812935,1.0819848093784885,True,False,False,False,False
speed_700rpm__torque_0Nm__temperature_25degC,train,data/original_dataset/Test_25deg/700rpm/700.0rpm0.0Nm25.0deg.csv,77100,699.9975443347164,Fw_then_Bw,55543,10778,2.6945,True,1,1.2970168612191959e-05,699.9975443347164,-699.9849155351209,0.3009941307633426,0.32627953623875783,1650.2069833222763,1535.151416707322,782.2215923665226,760.0039440394994,264.2720882563026,264.31201341611074,40.62351454604133,41.94226653719397,0.9685579225914462,True,False,False,False,False
speed_700rpm__torque_0Nm__temperature_30degC,train,data/original_dataset/Test_30deg/700rpm/700.0rpm0.0Nm30.0deg.csv,77100,699.9961193663088,Fw_then_Bw,55543,10778,2.6945,True,1,1.2970168612191959e-05,699.9961193663088,-699.9940239281083,0.2978090330240093,0.3322028642287478,1704.7671911614088,1515.8726484519088,821.1582738162633,746.8186113236242,267.0820427793842,253.1175133726265,40.95878942607668,42.65464972904737,0.9602420764502063,True,False,False,False,False
speed_700rpm__torque_0Nm__temperature_35degC,train,data/original_dataset/Test_35deg/700rpm/700.0rpm0.0Nm35.0deg.csv,77100,699.9985501315678,Fw_then_Bw,55543,10778,2.6945,True,1,1.2970168612191959e-05,699.9985501315678,-699.9905034657179,0.3013573392915987,0.321334232770198,1723.5203956568043,1535.5424809971732,823.9745640754791,797.5950956344603,265.53230640433827,262.6755423134455,40.44337650334455,41.25556113708625,0.9803133296128752,True,False,False,False,False
speed_700rpm__torque_100Nm__temperature_25degC,train,data/original_dataset/Test_25deg/700rpm/700.0rpm100.0Nm25.0deg.csv,77103,700.0020984681516,Fw_then_Bw,55544,10780,2.695,True,1,1.29696639560069e-05,700.0020984681516,-699.9745500118783,0.3150198681396432,0.3246590107058296,1712.1084538911643,1497.1175172828907,772.9231166840236,689.3657748401205,265.4184170779444,251.05907207457668,42.45945890957046,43.73980424181808,0.9707281421478442,True,False,False,False,False
speed_700rpm__torque_100Nm__temperature_30degC,train,data/original_dataset/Test_30deg/700rpm/700.0rpm100.0Nm30.0deg.csv,77103,700.0059261966574,Fw_then_Bw,55543,10781,2.69525,True,1,1.29696639560069e-05,700.0059261966574,-699.9820656589387,0.33745543138746825,0.32175340068840796,1793.279970298181,1609.549062171027,788.6588597298669,728.3091694116592,271.7001604184133,258.3224120594423,44.61250954332171,44.057272596091934,1.0126026173322182,True,False,False,False,False
speed_700rpm__torque_100Nm__temperature_35degC,train,data/original_dataset/Test_35deg/700rpm/700.0rpm100.0Nm35.0deg.csv,75532,699.9954208634638,Fw_then_Bw,55544,9211,2.30275,True,1,1.3239421702060055e-05,699.9954208634638,-699.9820659984834,0.31577422972372915,0.31851263580995237,1734.2717231562574,1427.3824053814224,770.3751955924872,689.1488760709308,268.1464086685537,252.44164395917323,41.33302096172429,41.485717391196886,0.9963193012179897,True,False,False,False,False
speed_700rpm__torque_200Nm__temperature_25degC,train,data/original_dataset/Test_25deg/700rpm/700.0rpm200.0Nm25.0deg.csv,77100,700.0045292030943,Fw_then_Bw,55543,10780,2.695,True,1,1.2970168612191959e-05,700.0045292030943,-699.9754720018245,0.37780033502110655,0.32840333490935336,1725.7781563481785,1567.7964081987732,748.7833613155544,744.0559723970863,271.82910272063054,272.1154307677351,44.09932704379571,46.64055837836258,0.9455145602256385,True,False,False,False,False
speed_700rpm__torque_200Nm__temperature_30degC,test,data/original_dataset/Test_30deg/700rpm/700.0rpm200.0Nm30.0deg.csv,77101,700.0027969334042,Fw_then_Bw,55544,10780,2.695,True,1,1.2970000389100012e-05,700.0027969334042,-699.9824568726278,0.36768613305571307,0.32980021205742105,1790.3747056457405,1588.8068475760513,775.080176741039,747.7216275036197,275.70342778956274,274.8444754096908,44.261431871314,45.64170382959671,0.9697585356708867,True,False,False,False,False
speed_700rpm__torque_200Nm__temperature_35degC,train,data/original_dataset/Test_35deg/700rpm/700.0rpm200.0Nm35.0deg.csv,74712,700.001400000474,Fw_then_Bw,55543,8391,2.09775,True,1,1.3384730699218332e-05,700.001400000474,-699.9782100028824,0.3595835999778956,0.31711533665657043,1733.3549835409926,1420.0061365652346,767.6035165786743,714.9651706220084,274.10580842279154,271.2969269068708,42.1806125207695,44.31288180376214,0.9518815027098596,True,False,False,False,False
speed_700rpm__torque_300Nm__temperature_25degC,train,data/original_dataset/Test_25deg/700rpm/700.0rpm300.0Nm25.0deg.csv,77102,700.0045291982435,Fw_then_Bw,55542,10781,2.69525,True,1,1.2969832170371716e-05,700.0045291982435,-699.9726219995257,0.3880261938319336,0.3399700120401121,1750.987430568782,1617.5945444651916,751.233071125784,736.9813442228406,277.03390055830823,277.3212577612867,44.888709138513114,48.056245587758895,0.9340868931706011,True,False,False,False,False
speed_700rpm__torque_300Nm__temperature_30degC,train,data/original_dataset/Test_30deg/700rpm/700.0rpm300.0Nm30.0deg.csv,77102,699.9982148020839,Fw_then_Bw,55542,10781,2.69525,True,1,1.2969832170371716e-05,699.9982148020839,-699.9732926681949,0.37780033017043024,0.34667553457734357,1830.997558621058,1611.1120348796248,796.7948769402938,719.2790418862387,286.7909288521103,273.2340693473816,46.36105348979527,46.75276297120945,0.991621682730165,True,False,False,False,False
speed_700rpm__torque_300Nm__temperature_35degC,train,data/original_dataset/Test_35deg/700rpm/700.0rpm300.0Nm35.0deg.csv,76863,699.9989412676466,Fw_then_Bw,55542,10542,2.6355,True,1,1.3010160935690775e-05,699.9989412676466,-699.9732926681949,0.35572799970384494,0.32728533066506316,1741.42397008834,1556.00506792932,747.0846384017932,716.8047417700333,273.23353962858613,267.3587666377216,43.39955966565864,44.95610419901364,0.9653763474151493,True,False,False,False,False
speed_700rpm__torque_400Nm__temperature_25degC,validation,data/original_dataset/Test_25deg/700rpm/700.0rpm400.0Nm25.0deg.csv,77102,699.9968178667284,Fw_then_Bw,55544,10779,2.69475,True,1,1.2969832170371716e-05,699.9968178667284,-699.9677046551369,0.39115546678658575,0.360980649323551,1791.9389259377567,1659.8399612118556,783.0261230468977,753.2537204026085,290.9904785100934,281.82459807117095,46.26590009838765,48.55638323469975,0.952828382516858,True,False,False,False,False
speed_700rpm__torque_400Nm__temperature_30degC,validation,data/original_dataset/Test_30deg/700rpm/700.0rpm400.0Nm30.0deg.csv,77103,699.9943591314756,Fw_then_Bw,55543,10780,2.695,True,1,1.29696639560069e-05,699.9943591314756,-699.9732926681949,0.3740005340659991,0.3615115322949123,1846.7013336098262,1684.0359254272917,794.2020814120497,749.3757098914101,290.9441035775216,281.9996816059983,46.66866537650094,49.21355583894635,0.9482888318256523,True,False,False,False,False
speed_700rpm__torque_400Nm__temperature_35degC,train,data/original_dataset/Test_35deg/700rpm/700.0rpm400.0Nm35.0deg.csv,77101,699.9957561347401,Fw_then_Bw,55544,10779,2.69475,True,1,1.2970000389100012e-05,699.9957561347401,-699.9715605343226,0.36623326498852293,0.3546664035335425,1776.7398288319555,1631.6773311700672,778.2429333028858,756.8791913987752,287.6573292270449,285.3380692143674,45.48490079564542,47.1566422297201,0.9645491842712017,True,False,False,False,False
speed_700rpm__torque_500Nm__temperature_25degC,train,data/original_dataset/Test_25deg/700rpm/700.0rpm500.0Nm25.0deg.csv,77102,699.9975163331934,Fw_then_Bw,55544,10779,2.69475,True,1,1.2969832170371716e-05,699.9975163331934,-699.968738326182,0.4055444029896762,0.38660167289589253,1845.001968710288,1681.4095957667637,809.6693889053086,747.3082673548106,304.83517707111787,287.7850531825061,47.59814628191634,49.43607648679063,0.9628220859038968,True,False,False,False,False
speed_700rpm__torque_500Nm__temperature_30degC,validation,data/original_dataset/Test_30deg/700rpm/700.0rpm500.0Nm30.0deg.csv,77100,699.9952532326763,Fw_then_Bw,55544,10779,2.69475,True,1,1.2970168612191959e-05,699.9952532326763,-699.9699959997088,0.382214767644939,0.3934467677026987,1909.699103755929,1732.7293481989727,827.953075170376,776.0074940324557,306.95744816762266,290.9451425075531,48.23959167331395,49.68501959383502,0.9709081744892696,True,False,False,False,False
speed_700rpm__torque_500Nm__temperature_35degC,train,data/original_dataset/Test_35deg/700rpm/700.0rpm500.0Nm35.0deg.csv,74783,700.0007014673125,Fw_then_Bw,55543,8462,2.1155,True,1,1.3372023053367744e-05,700.0007014673125,-699.9743546669681,0.3715138651992902,0.3806504731376208,1836.8659036544614,1610.8116309624163,809.9555730818777,795.0827483832882,301.75817055360307,291.39965009869684,47.58684337148223,49.348662837928714,0.964298536877632,True,False,False,False,False
speed_700rpm__torque_600Nm__temperature_25degC,validation,data/original_dataset/Test_25deg/700rpm/700.0rpm600.0Nm25.0deg.csv,77101,699.9999471348323,Fw_then_Bw,55542,10780,2.695,True,1,1.2970000389100012e-05,699.9999471348323,-699.9645193379062,0.3970787317181248,0.419206665052684,1921.1333157727722,1769.4307559090694,845.342933535585,806.6118465365658,318.4797353689873,304.17474770806604,49.66957138287853,51.61968870208959,0.9622214436343139,True,False,False,False,False
speed_700rpm__torque_600Nm__temperature_30degC,validation,data/original_dataset/Test_30deg/700rpm/700.0rpm600.0Nm30.0deg.csv,77100,699.9960914690746,Fw_then_Bw,55542,10780,2.695,True,1,1.2970168612191959e-05,699.9960914690746,-699.9726221256424,0.3897585362817608,0.42306278677040154,1945.0484677988243,1794.6350271814933,859.3775510045588,781.9199660423009,321.8118604804431,302.9757388997495,50.26695288536302,52.53035693924628,0.9569124562298141,True,False,False,False,False
speed_700rpm__torque_600Nm__temperature_35degC,train,data/original_dataset/Test_35deg/700rpm/700.0rpm600.0Nm35.0deg.csv,77101,699.9968178667284,Fw_then_Bw,55542,10780,2.695,True,1,1.2970000389100012e-05,699.9968178667284,-699.969828138516,0.37221239957352736,0.41887167026300176,1881.569608425093,1772.548830680511,844.4934880730898,826.7909289896579,323.34454672513857,306.9005961572657,50.55698486737583,52.53112843549843,0.9624195476678823,True,False,False,False,False
speed_700rpm__torque_700Nm__temperature_25degC,train,data/original_dataset/Test_25deg/700rpm/700.0rpm700.0Nm25.0deg.csv,77102,700.0003382660605,Fw_then_Bw,55542,10780,2.695,True,1,1.2969832170371716e-05,700.0003382660605,-699.9732926681949,0.40518113140319656,0.45329334291932355,1957.7782329482254,1822.7977949812837,866.9349306821005,819.247234910653,329.418906427645,308.5115201058897,51.364743768931476,52.99122194824119,0.9693066489219976,True,False,False,False,False
speed_700rpm__torque_700Nm__temperature_30degC,train,data/original_dataset/Test_30deg/700rpm/700.0rpm700.0Nm30.0deg.csv,77102,699.9964266675912,Fw_then_Bw,55542,10780,2.695,True,1,1.2969832170371716e-05,699.9964266675912,-699.9771483339525,0.39920206957810933,0.4570931390239821,1991.5300848271493,1901.5198447359116,879.8539729414642,864.1313070057092,332.5620282974796,313.86427283293864,52.23878830440753,53.71621369115472,0.9724957273563294,True,False,False,False,False
speed_700rpm__torque_700Nm__temperature_35degC,test,data/original_dataset/Test_35deg/700rpm/700.0rpm700.0Nm35.0deg.csv,77100,699.9929622009707,Fw_then_Bw,55543,10779,2.69475,True,1,1.2970168612191959e-05,699.9929622009707,-699.9687664307809,0.3764033366072681,0.45642243154964035,1956.2245540626918,1827.1429871675086,884.3690554794193,848.6956241728421,334.4288793349729,313.7291656362322,52.92250600318765,54.503062087451326,0.9710006002648505,True,False,False,False,False
speed_700rpm__torque_800Nm__temperature_25degC,train,data/original_dataset/Test_25deg/700rpm/700.0rpm800.0Nm25.0deg.csv,77098,699.9994442012394,Fw_then_Bw,55543,10778,2.6945,True,1,1.2970505071467483e-05,699.9994442012394,-699.9901126643333,0.48922373389359564,0.5543226725420709,2058.595457735373,2020.630735205873,919.3716835978194,907.9233245551449,373.1250779257607,351.88663484764203,60.23019668764391,63.12652908941343,0.9541186179004534,True,False,False,False,False
speed_700rpm__torque_800Nm__temperature_30degC,train,data/original_dataset/Test_30deg/700rpm/700.0rpm800.0Nm30.0deg.csv,74610,699.9982428023941,Fw_then_Bw,55543,8287,2.07175,True,1,1.3403029084573114e-05,699.9982428023941,-699.9789366673212,0.39146279596025124,0.4981640086043626,2065.7466957345605,1852.221711305856,922.7695785462856,837.0816674829712,349.3365015126983,289.51040470906264,54.94987306606163,57.3452761417684,0.958228415017396,True,False,False,False,False
speed_700rpm__torque_800Nm__temperature_35degC,train,data/original_dataset/Test_35deg/700rpm/700.0rpm800.0Nm35.0deg.csv,76922,699.9945547334694,Fw_then_Bw,55543,10601,2.65025,True,1,1.3000182002548036e-05,699.9945547334694,-699.9729573338603,0.380789865933707,0.49643226278317343,1993.7751911731539,1880.0050602294505,899.7470009327571,856.2951982021332,352.47631679699225,321.865079658437,56.11615071807137,56.82211479916077,0.9875758921753501,True,False,False,False,False
speed_700rpm__torque_900Nm__temperature_25degC,validation,data/original_dataset/Test_25deg/700rpm/700.0rpm900.0Nm25.0deg.csv,77098,700.0013999665196,Fw_then_Bw,55544,10778,2.6945,True,1,1.2970505071467483e-05,700.0013999665196,-699.9957560037728,0.45675783621845767,0.6178023274212023,2142.637335539848,2085.429080761923,987.5826138257479,991.3824845848691,394.1783944764893,359.7863914357503,61.367701075323566,63.98141853260312,0.9591488041805812,True,False,False,False,False
speed_700rpm__torque_900Nm__temperature_30degC,train,data/original_dataset/Test_30deg/700rpm/700.0rpm900.0Nm30.0deg.csv,77100,699.9996118004977,Fw_then_Bw,55543,10779,2.69475,True,1,1.2970168612191959e-05,699.9996118004977,-699.9870393386421,0.3946479337173514,0.6148959898079056,2137.0506534972264,1974.1059552570732,965.1482641697839,884.3243637682463,384.00815186027984,344.24238673304916,59.89249260119315,60.80027702109874,0.9850694032267224,True,False,False,False,False
speed_700rpm__torque_900Nm__temperature_35degC,train,data/original_dataset/Test_35deg/700rpm/700.0rpm900.0Nm35.0deg.csv,77100,699.9961472999228,Fw_then_Bw,55543,10779,2.69475,True,1,1.2970168612191959e-05,699.9961472999228,-699.9810039997101,0.391155499528395,0.558458666394813,2100.6167652864406,1985.5053649124784,974.6470540758752,925.6124758719126,381.473983043406,344.9437803456022,59.308467097298426,60.59005195538703,0.9788482627637909,True,False,False,False,False
speed_700rpm__torque_1000Nm__temperature_25degC,test,data/original_dataset/Test_25deg/700rpm/700.0rpm1000.0Nm25.0deg.csv,77100,699.9964826003028,Fw_then_Bw,55542,10779,2.69475,True,1,1.2970168612191959e-05,699.9964826003028,-699.9919566636283,0.4693865339504555,0.6823433407892026,2256.3968610486877,2221.11509647234,1066.1758458612437,1078.5252043604032,420.37243715346904,376.54392407075653,65.72905728014572,69.88770048515109,0.9404953493084389,True,False,False,False,False
speed_700rpm__torque_1000Nm__temperature_30degC,train,data/original_dataset/Test_30deg/700rpm/700.0rpm1000.0Nm30.0deg.csv,77099,699.9946944658101,Fw_then_Bw,55542,10779,2.69475,True,1,1.2970336839647725e-05,699.9946944658101,-699.9971526674926,0.3995932638645172,0.6665853337229919,2194.9411185541976,2127.3724036290337,1023.5309199986204,958.6707103251683,413.5498035520868,365.4923568168216,62.25734651077346,63.11953534018358,0.9863403806006596,True,False,False,False,False
speed_700rpm__torque_1000Nm__temperature_35degC,validation,data/original_dataset/Test_35deg/700rpm/700.0rpm1000.0Nm35.0deg.csv,77097,699.9898329328669,Fw_then_Bw,55542,10778,2.6945,True,1,1.29706733076514e-05,699.9898329328669,-699.9986059963703,0.3921612709139026,0.6960333266761154,2159.610363499723,2129.929202298217,1024.9592597037688,981.6728788615815,422.63949343123386,365.7170791712588,65.1741511014734,64.63426333098141,1.0083529654809757,True,False,False,False,False
speed_700rpm__torque_1100Nm__temperature_25degC,train,data/original_dataset/Test_25deg/700rpm/700.0rpm1100.0Nm25.0deg.csv,77098,699.9905034705686,Fw_then_Bw,55542,10778,2.6945,True,1,1.2970505071467483e-05,699.9905034705686,-699.9929620069452,0.4728510636293777,0.7342540193349123,2365.863691860041,2343.747865719251,1127.9556553067548,1159.6932998299735,440.20965127692745,391.75895846321947,69.62014655082385,73.14773371620049,0.9517744845101692,True,False,False,False,False
speed_700rpm__torque_1100Nm__temperature_30degC,train,data/original_dataset/Test_30deg/700rpm/700.0rpm1100.0Nm30.0deg.csv,77098,699.9957561977984,Fw_then_Bw,55543,10778,2.6945,True,1,1.2970505071467483e-05,699.9957561977984,-699.9919283359002,0.40551653364684626,0.7289743322568256,2292.506843029053,2247.948190779425,1072.0789769292878,1011.4675247669993,436.01651167732587,385.09981490310565,66.43978094703014,67.09526454901605,0.9902305534318737,True,False,False,False,False
speed_700rpm__torque_1100Nm__temperature_35degC,train,data/original_dataset/Test_35deg/700rpm/700.0rpm1100.0Nm35.0deg.csv,77098,699.9915651977062,Fw_then_Bw,55543,10778,2.6945,True,1,1.2970505071467483e-05,699.9915651977062,-699.9954208683145,0.4087016034948192,0.7886254267456252,2258.9768166652384,2179.2949080308745,1070.8984518050772,1005.8354465662887,458.92384804451467,396.20909038067106,69.5482506906955,69.19479555274391,1.0051081173826457,True,False,False,False,False
speed_700rpm__torque_1200Nm__temperature_25degC,train,data/original_dataset/Test_25deg/700rpm/700.0rpm1200.0Nm25.0deg.csv,77100,700.0045571645994,Fw_then_Bw,55544,10777,2.6942500000000003,True,1,1.2970168612191959e-05,700.0045571645994,-699.9945266773769,0.4644412316944795,0.8045510039664805,2482.3505431409553,2440.1836718122463,1195.8181858062744,1155.504587292762,469.8772753987213,398.2909968921375,72.46631605205492,75.73301275751867,0.9568656179581416,True,False,False,False,False
speed_700rpm__torque_1200Nm__temperature_30degC,train,data/original_dataset/Test_30deg/700rpm/700.0rpm1200.0Nm30.0deg.csv,77098,699.9996117980725,Fw_then_Bw,55543,10778,2.6945,True,1,1.2970505071467483e-05,699.9996117980725,-699.997879525957,0.3900938002819885,0.8138828076577056,2396.75523674441,2395.2798326108677,1110.2557355163299,1105.5530095101174,467.80491471276906,405.5766138292937,70.28294913097845,70.05412369830991,1.0032664091789083,True,False,False,False,False
speed_700rpm__torque_1200Nm__temperature_35degC,test,data/original_dataset/Test_35deg/700rpm/700.0rpm1200.0Nm35.0deg.csv,77100,699.9919004689825,Fw_then_Bw,55543,10778,2.6945,True,1,1.2970168612191959e-05,699.9919004689825,-699.9958119995426,0.3995653023595196,0.8307024642514307,2388.506700905964,2440.1396901039334,1132.965038493012,1163.3209648728096,482.3080578018562,428.27585502766374,72.70491343028878,74.70704432887484,0.9732002394610568,True,False,False,False,False
speed_700rpm__torque_1300Nm__temperature_25degC,train,data/original_dataset/Test_25deg/700rpm/700.0rpm1300.0Nm25.0deg.csv,77098,699.9988853979933,Fw_then_Bw,55542,10778,2.6945,True,1,1.2970505071467483e-05,699.9988853979933,-699.9911740034198,0.45122580195322826,0.8844026597216725,2566.4266810056915,2542.9018055242973,1218.572314754033,1146.1525908110843,502.35691297646076,430.3242532978402,76.23481974926563,78.60952682840434,0.9697911032549219,True,False,False,False,False
speed_700rpm__torque_1300Nm__temperature_30degC,train,data/original_dataset/Test_30deg/700rpm/700.0rpm1300.0Nm30.0deg.csv,77098,699.990503465718,Fw_then_Bw,55542,10778,2.6945,True,1,1.2970505071467483e-05,699.990503465718,-700.004193931818,0.41255726440192575,0.8952987360922862,2510.547665103172,2500.4895355470126,1180.6502798571266,1163.0460533500127,502.6369267987547,434.7179556176569,75.01100571721508,75.02472777650837,0.999817099512388,True,False,False,False,False
speed_700rpm__torque_1300Nm__temperature_35degC,train,data/original_dataset/Test_35deg/700rpm/700.0rpm1300.0Nm35.0deg.csv,76840,699.9897770680643,Fw_then_Bw,55542,10518,2.6295,True,1,1.3014055179593961e-05,699.9897770680643,-700.0014000028992,0.4051253345096484,0.8854639988081772,2487.751859006994,2482.3842715700493,1187.1881853044213,1118.0251912773424,505.2446227697828,422.38304167979095,75.05303906038989,74.89161011901614,1.002155501011625,True,False,False,False,False
speed_700rpm__torque_1400Nm__temperature_25degC,validation,data/original_dataset/Test_25deg/700rpm/700.0rpm1400.0Nm25.0deg.csv,77100,699.9936327338219,Fw_then_Bw,55542,10778,2.6945,True,1,1.2970168612191959e-05,699.9936327338219,-699.9908386690852,0.44871126495615954,0.964365996575566,2691.3733250692985,2694.0889850570557,1270.1515693216602,1250.8549000324138,537.4386848435277,469.14177742721677,80.26266850988577,81.85075323026467,0.9805977995595073,True,False,False,False,False
speed_700rpm__torque_1400Nm__temperature_30degC,test,data/original_dataset/Test_30deg/700rpm/700.0rpm1400.0Nm30.0deg.csv,77096,699.9877095319487,Fw_then_Bw,55542,10777,2.6942500000000003,True,1,1.2970841548199647e-05,699.9877095319487,-699.992291997963,0.4195980679164677,0.963248002032401,2601.7413862673493,2589.541883207673,1230.3202913699802,1181.0395658013474,531.6947300516176,467.61127596837434,79.359637857101,81.00757256606808,0.9796570288830337,True,False,False,False,False
speed_700rpm__torque_1400Nm__temperature_35degC,train,data/original_dataset/Test_35deg/700rpm/700.0rpm1400.0Nm35.0deg.csv,76660,699.983853866191,Fw_then_Bw,55543,10340,2.585,True,1,1.3044612575006522e-05,699.983853866191,-699.9987736344337,0.41780993342399597,0.9556207708859574,2612.9183999729776,2625.4354743287195,1256.4808011056357,1175.0757336615607,534.7643603883622,444.042852946768,79.45490762726877,79.41507584973806,1.0005015644335098,True,False,False,False,False
speed_700rpm__torque_1500Nm__temperature_25degC,train,data/original_dataset/Test_25deg/700rpm/700.0rpm1500.0Nm25.0deg.csv,77104,699.9905314320738,Fw_then_Bw,55544,10780,2.695,True,1,1.2969495746005396e-05,699.9905314320738,-699.9919283261988,0.4367530345916748,1.0357799959214162,2820.3438550312285,2768.765753717161,1310.0355727226315,1243.8431172073704,568.7767570927007,488.79422375136977,84.0156661695346,83.98987982825467,1.000307017242228,True,False,False,False,False
speed_700rpm__torque_1500Nm__temperature_30degC,train,data/original_dataset/Test_30deg/700rpm/700.0rpm1500.0Nm30.0deg.csv,77103,699.9757513331133,Fw_then_Bw,55544,10780,2.695,True,1,1.29696639560069e-05,699.9757513331133,-699.9885753320996,0.43884849825798256,1.048380732148246,2769.8279979331346,2673.1120810534994,1324.3077118881044,1138.5686595737068,572.1731868527511,480.1919468101458,84.6493645874943,84.12454142983279,1.0062386450938252,True,False,False,False,False
speed_700rpm__torque_1500Nm__temperature_35degC,train,data/original_dataset/Test_35deg/700rpm/700.0rpm1500.0Nm35.0deg.csv,77102,699.9799981325244,Fw_then_Bw,55543,10781,2.69525,True,1,1.2969832170371716e-05,699.9799981325244,-699.9950853351038,0.4244874993067924,1.014881330775097,2778.5226120612137,2860.129054170102,1333.0352753398515,1347.1391916273205,565.0849296930107,494.6866021268761,82.65474888667084,81.6126284330494,1.0127691078406615,True,False,False,False,False
speed_700rpm__torque_1600Nm__temperature_25degC,train,data/original_dataset/Test_25deg/700rpm/700.0rpm1600.0Nm25.0deg.csv,77101,699.9908666984993,Fw_then_Bw,55543,10781,2.69525,True,1,1.2970000389100012e-05,699.9908666984993,-699.979662662372,0.42445956448011657,1.1148493310126923,2947.8815306600104,3021.061595063202,1394.5252728461128,1373.7829208371295,596.8307424162496,521.136261168067,86.94608300029358,86.51450896059032,1.0049884585243367,True,False,False,False,False
speed_700rpm__torque_1600Nm__temperature_30degC,validation,data/original_dataset/Test_30deg/700rpm/700.0rpm1600.0Nm30.0deg.csv,77102,699.9764777331924,Fw_then_Bw,55543,10781,2.69525,True,1,1.2969832170371716e-05,699.9764777331924,-699.9740186729468,0.41747463546926156,1.1285393363019693,2901.926518340042,3007.203689776361,1349.3753939868384,1357.7788770198822,594.1730794452269,519.1352395781905,89.25403746047776,87.21162777146674,1.0234190066302058,True,False,False,False,False
speed_700rpm__torque_1600Nm__temperature_35degC,test,data/original_dataset/Test_35deg/700rpm/700.0rpm1600.0Nm35.0deg.csv,77101,699.9778747328189,Fw_then_Bw,55543,10781,2.69525,True,1,1.2970000389100012e-05,699.9778747328189,-699.9715600007524,0.42233613324549424,1.0969672099842,2960.600298441471,2941.489083847955,1434.1324591637658,1299.3961602446689,595.3056519942489,505.8944736210833,86.75134004943175,84.05804088215518,1.0320409462201532,True,False,False,False,False
speed_700rpm__torque_1700Nm__temperature_25degC,validation,data/original_dataset/Test_25deg/700rpm/700.0rpm1700.0Nm25.0deg.csv,77102,699.9849155981792,Fw_then_Bw,55542,10781,2.69525,True,1,1.2969832170371716e-05,699.9849155981792,-699.9943593206505,0.4266389296390116,1.165755345330922,3063.298071113581,3109.350684099354,1395.9530180692807,1358.5834860800787,622.8296559484302,535.9097123146057,91.22387285879086,90.9627377986908,1.002870791561683,True,False,False,False,False
speed_700rpm__torque_1700Nm__temperature_30degC,train,data/original_dataset/Test_30deg/700rpm/700.0rpm1700.0Nm30.0deg.csv,77103,699.9817304701234,Fw_then_Bw,55542,10781,2.69525,True,1,1.29696639560069e-05,699.9817304701234,-699.9891066613296,0.4363619348927159,1.177322662745837,3067.55275329715,3088.5634672208653,1402.650057524351,1316.5176033976422,627.3142725940031,519.135364464546,94.16600383153757,90.84763031205512,1.036526803264808,True,False,False,False,False
speed_700rpm__torque_1700Nm__temperature_35degC,train,data/original_dataset/Test_35deg/700rpm/700.0rpm1700.0Nm35.0deg.csv,77103,699.9880447983742,Fw_then_Bw,55543,10780,2.695,True,1,1.29696639560069e-05,699.9880447983742,-699.9978796666255,0.4465878058301769,1.126974830791994,3070.2373439756684,3098.677508144964,1400.7389842715384,1302.5231613215276,605.8503450381511,508.0443258086234,90.1936942210795,88.05913129949656,1.0242401087778519,True,False,False,False,False
speed_700rpm__torque_1800Nm__temperature_25degC,validation,data/original_dataset/Test_25deg/700rpm/700.0rpm1800.0Nm25.0deg.csv,77103,699.9772041987551,Fw_then_Bw,55543,10780,2.695,True,1,1.29696639560069e-05,699.9772041987551,-699.993157662296,0.4406086663949509,1.2206003399721794,3174.1460009167427,3260.0463057557813,1376.8676817413507,1398.2306474445516,639.668531644838,558.2193051069224,94.79242203224196,92.54283831246539,1.0243085662899272,True,False,False,False,False
speed_700rpm__torque_1800Nm__temperature_30degC,test,data/original_dataset/Test_30deg/700rpm/700.0rpm1800.0Nm30.0deg.csv,77102,699.9652459974944,Fw_then_Bw,55543,10780,2.695,True,1,1.2969832170371716e-05,699.9652459974944,-699.995420766451,0.455360869333731,1.2353810986193139,3219.0978895715944,3195.447515463297,1509.5253819224567,1339.852830469681,662.722746389181,550.2945457896654,98.04582402530268,94.65830051674399,1.0357868616916428,True,False,False,False,False
speed_700rpm__torque_1800Nm__temperature_35degC,validation,data/original_dataset/Test_35deg/700rpm/700.0rpm1800.0Nm35.0deg.csv,77101,699.9768130675269,Fw_then_Bw,55543,10780,2.695,True,1,1.2970000389100012e-05,699.9768130675269,-699.9834903641992,0.47011299466237233,1.1815129255410284,3238.5439980617775,3171.6226328470593,1509.900535941142,1305.8625024556927,645.5534363079091,529.1874739388728,94.71365024528494,91.49010284725135,1.0352338372973031,True,False,False,False,False
speed_800rpm__torque_0Nm__temperature_25degC,train,data/original_dataset/Test_25deg/800rpm/800.0rpm0.0Nm25.0deg.csv,69465,799.9963313341141,Fw_then_Bw,48600,10433,2.60825,True,1,1.4395738861297056e-05,799.9963313341141,-799.9967225308258,0.34455206575023567,0.4677940329808621,2318.322386902787,2064.719897074337,1459.6156680585634,1270.1690375804899,361.64319380422944,326.18003359866634,51.86555644538652,50.75704343244069,1.021839589896943,True,False,False,False,False
speed_800rpm__torque_0Nm__temperature_30degC,train,data/original_dataset/Test_30deg/800rpm/800.0rpm0.0Nm30.0deg.csv,69463,800.0005781674797,Fw_then_Bw,48600,10434,2.6085000000000003,True,1,1.4396153347825461e-05,800.0005781674797,-799.9971136644793,0.34902243351092466,0.5156826324916892,2520.4382720403323,1903.4963886951577,1667.0935213562407,1094.090965837268,401.00674354234746,296.98120451378145,52.51840640626136,49.53621726240274,1.0602021976781433,True,False,False,False,False
speed_800rpm__torque_0Nm__temperature_35degC,test,data/original_dataset/Test_35deg/800rpm/800.0rpm0.0Nm35.0deg.csv,67833,799.9911345347451,Fw_then_Bw,48600,8801,2.20025,True,1,1.474208718470361e-05,799.9911345347451,-799.9958566360874,0.35396776608348546,0.5340946712142909,2569.109319786844,1888.7221231125295,1710.01128196708,1095.682343840508,409.207114435344,293.680597628736,53.29673194737552,49.25349177710814,1.0820904269805818,True,False,False,False,False
speed_800rpm__torque_100Nm__temperature_25degC,train,data/original_dataset/Test_25deg/800rpm/800.0rpm100.0Nm25.0deg.csv,68701,799.9973930661023,Fw_then_Bw,48600,9669,2.41725,True,1,1.4555828881675667e-05,799.9973930661023,-799.9932020029519,0.37148593401070684,0.35310199988697377,2006.7389579098744,1811.0721566092257,1079.0973873434723,1016.3873142003469,304.0368283077669,298.5681878670221,49.38859924811822,47.94824477485236,1.0300397747619177,True,False,False,False,False
speed_800rpm__torque_100Nm__temperature_30degC,train,data/original_dataset/Test_30deg/800rpm/800.0rpm100.0Nm30.0deg.csv,69464,799.999181200595,Fw_then_Bw,48600,10434,2.6085000000000003,True,1,1.4395946101577795e-05,799.999181200595,-799.9907433356082,0.3532693372108042,0.37254746712289943,2059.9362838158186,1875.2552491303736,1109.406291842538,1019.532245099663,307.7834915902713,287.1464431639197,50.77840619439939,49.10401179645306,1.0340989327895869,True,False,False,False,False
speed_800rpm__torque_100Nm__temperature_35degC,test,data/original_dataset/Test_35deg/800rpm/800.0rpm100.0Nm35.0deg.csv,69153,800.0012487342854,Fw_then_Bw,48600,10122,2.5305,True,1,1.4460688617991988e-05,800.0012487342854,-799.9871111339113,0.37886206943471734,0.3871320659527555,2189.1279631139014,1852.2103317080318,1246.9146561622665,996.2931489945273,333.50182267859026,290.0489627254498,49.28005747883617,47.61296006868177,1.0350135216913547,True,False,False,False,False
speed_800rpm__torque_200Nm__temperature_25degC,train,data/original_dataset/Test_25deg/800rpm/800.0rpm200.0Nm25.0deg_1.csv,69463,799.994263802849,Fw_then_Bw,48600,10433,2.60825,True,1,1.4396153347825461e-05,799.994263802849,-799.9854906617353,0.32801180592878154,0.3602539848845936,1943.2562480991237,1952.425243022753,1029.1743886469012,1104.9448585509706,293.27614073249606,299.3536895230136,51.22529415793906,49.677521432931805,1.0311563999241964,True,False,False,False,False
speed_800rpm__torque_200Nm__temperature_30degC,validation,data/original_dataset/Test_30deg/800rpm/800.0rpm200.0Nm30.0deg.csv,69463,799.9984547980906,Fw_then_Bw,48600,10433,2.60825,True,1,1.4396153347825461e-05,799.9984547980906,-799.9802380024145,0.38517646316904575,0.3602539945859462,2046.077562651567,1918.8971646749446,1033.9578419922864,1029.270878434363,303.50464071550505,309.29907503596036,50.47510298679754,47.79510766575186,1.0560725867548586,True,False,False,False,False
speed_800rpm__torque_200Nm__temperature_35degC,train,data/original_dataset/Test_35deg/800rpm/800.0rpm200.0Nm35.0deg.csv,69463,799.9972533337616,Fw_then_Bw,48600,10433,2.60825,True,1,1.4396153347825461e-05,799.9972533337616,-799.9840939010028,0.3800634319002256,0.3485196648398414,2050.3812547147795,1988.9922114090039,1058.935994505532,1082.4501311778477,300.91033166363536,309.8610696338255,47.418888263700865,45.845841181107964,1.0343116636551346,True,False,False,False,False
speed_800rpm__torque_300Nm__temperature_25degC,train,data/original_dataset/Test_25deg/800rpm/800.0rpm300.0Nm25.0deg.csv,68305,799.9998517334461,Fw_then_Bw,48600,9272,2.318,True,1,1.4640216675206793e-05,799.9998517334461,-799.9844286629619,0.40976333305781054,0.3767386660911143,2046.078133086212,1931.4479218640126,1059.7542184592146,1067.6287266612462,315.46444623220333,320.8438782113484,49.92017859394759,45.62632188515181,1.0941092012545752,True,False,False,False,False
speed_800rpm__torque_300Nm__temperature_30degC,train,data/original_dataset/Test_30deg/800rpm/800.0rpm300.0Nm30.0deg.csv,68812,799.9951299001016,Fw_then_Bw,48600,9780,2.445,True,1,1.4532349008893797e-05,799.9951299001016,-799.9760466724789,0.39028936468344,0.3778553461112324,2102.1924602485788,2015.065477463053,1064.5374199749074,1115.023303925977,315.39377719175263,325.10288017115255,52.85456740464266,49.43065732568357,1.0692669340081802,True,False,False,False,False
speed_800rpm__torque_300Nm__temperature_35degC,train,data/original_dataset/Test_35deg/800rpm/800.0rpm300.0Nm35.0deg.csv,69463,799.9970577317678,Fw_then_Bw,48600,10434,2.6085000000000003,True,1,1.4396153347825461e-05,799.9970577317678,-799.9831997003639,0.3907643016039515,0.37064777279738337,2124.3230866581816,2083.8527028295175,1078.5720819610779,1077.8545735777927,311.4454825011307,309.23315932348044,50.004278388882945,49.20925400638227,1.0161559933909496,True,False,False,False,False
speed_800rpm__torque_400Nm__temperature_25degC,validation,data/original_dataset/Test_25deg/800rpm/800.0rpm400.0Nm25.0deg.csv,69466,799.9967224653423,Fw_then_Bw,48600,10433,2.60825,True,1,1.4395531626982984e-05,799.9967224653423,-799.9837583386883,0.416776201745904,0.39042898667190684,2113.413459543762,1938.5219745647184,1094.536159932703,1006.9459748268855,325.7500323511522,318.33558990856545,51.48945018104307,48.21469571324995,1.0679202558338075,True,False,False,False,False
speed_800rpm__torque_400Nm__temperature_30degC,train,data/original_dataset/Test_30deg/800rpm/800.0rpm400.0Nm30.0deg.csv,69465,800.0005781674797,Fw_then_Bw,48600,10433,2.60825,True,1,1.4395738861297056e-05,800.0005781674797,-799.9758516671136,0.39115549831575436,0.3937816703303838,2127.448600367369,2074.0168246750727,1058.6368617413643,1086.1154031752449,319.938666834787,322.6143956184386,54.15550557397636,52.579263000279745,1.0299784075270935,True,False,False,False,False
speed_800rpm__torque_400Nm__temperature_35degC,train,data/original_dataset/Test_35deg/800rpm/800.0rpm400.0Nm35.0deg.csv,69464,799.9995723330358,Fw_then_Bw,48600,10432,2.608,True,1,1.4395946101577795e-05,799.9995723330358,-799.9802380024145,0.39400533448019814,0.39274799928534776,2183.5976901155113,2057.856946096966,1095.1012800262106,1060.659383684173,318.2808165745653,319.1174180736196,52.8496976894985,51.231287279369994,1.0315902741483565,True,False,False,False,False
speed_800rpm__torque_500Nm__temperature_25degC,train,data/original_dataset/Test_25deg/800rpm/800.0rpm500.0Nm25.0deg.csv,69462,800.0006061338354,Fw_then_Bw,48600,10432,2.608,True,1,1.439636060004031e-05,800.0006061338354,-799.9762146694897,0.4258844661915191,0.40641066152602434,2175.0479975404687,2055.6886302073735,1142.8564530610847,1079.4865876436913,337.30908036227447,325.91138666566616,53.268622643781725,51.146650520945464,1.04148799777157,True,False,False,False,False
speed_800rpm__torque_500Nm__temperature_30degC,train,data/original_dataset/Test_30deg/800rpm/800.0rpm500.0Nm30.0deg.csv,69412,800.0012766351574,Fw_then_Bw,48600,10381,2.59525,True,1,1.4406730824641273e-05,800.0012766351574,-799.9725266708992,0.4136190024534585,0.41521133486338613,2256.408017516901,2124.7572731226683,1149.5053454301342,1074.0459740159167,337.96954720853586,327.88940909358644,56.68277911620407,54.75511586291759,1.0352051716612651,True,False,False,False,False
speed_800rpm__torque_500Nm__temperature_35degC,train,data/original_dataset/Test_35deg/800rpm/800.0rpm500.0Nm35.0deg.csv,69465,800.0026456672155,Fw_then_Bw,48600,10432,2.608,True,1,1.4395738861297056e-05,800.0026456672155,-799.9735886648219,0.4143454668035247,0.41428933521581257,2274.7365394023745,2015.232472331536,1179.6020074933713,1034.143698960633,340.18285980985183,321.77088306771105,55.86607269560773,52.10667657524935,1.072148069449973,True,False,False,False,False
speed_800rpm__torque_600Nm__temperature_25degC,test,data/original_dataset/Test_25deg/800rpm/800.0rpm600.0Nm25.0deg.csv,68076,799.9995164670206,Fw_then_Bw,48600,9046,2.2615,True,1,1.4689464715905752e-05,799.9995164670206,-799.9807410039163,0.4378147326254975,0.4449669892590009,2257.746764613944,2024.7886423019281,1198.3685273302851,1066.0216167568706,355.0840265958868,333.38421281598585,55.71126661250218,50.74898799023231,1.0977808389642167,True,False,False,False,False
speed_800rpm__torque_600Nm__temperature_30degC,train,data/original_dataset/Test_30deg/800rpm/800.0rpm600.0Nm30.0deg.csv,67168,799.9984547313943,Fw_then_Bw,48600,8135,2.03375,True,1,1.488804192472606e-05,799.9984547313943,-799.9761870014481,0.4233978664463507,0.46148000304435755,2326.6056009261993,2259.805753904447,1225.5456297841192,1151.2711182233024,362.8496593311405,340.5873278775289,59.477867081000106,55.19840187630507,1.0775287881392825,True,False,False,False,False
speed_800rpm__torque_600Nm__temperature_35degC,validation,data/original_dataset/Test_35deg/800rpm/800.0rpm600.0Nm35.0deg.csv,69464,799.9988458662605,Fw_then_Bw,48599,10433,2.60825,True,1,1.4395946101577795e-05,799.9988458662605,-799.9781146645546,0.41887159992870693,0.4536286675526071,2339.6461969241486,2296.8214315672403,1180.7128970327085,1213.279327154214,352.68915551018836,360.59530178708883,58.812966153618596,57.149188677976774,1.0291128800623373,True,False,False,False,False
speed_800rpm__torque_700Nm__temperature_25degC,train,data/original_dataset/Test_25deg/800rpm/800.0rpm700.0Nm25.0deg.csv,69464,799.9953255348373,Fw_then_Bw,48599,10433,2.60825,True,1,1.4395946101577795e-05,799.9953255348373,-799.9714653318126,0.43429440120235085,0.4753659983786065,2292.8416059583014,2088.6349026113744,1212.1344518660408,1102.2001475093018,369.3890926383119,351.37363984476906,58.92227014692253,54.15893403605877,1.0879510683813007,True,False,False,False,False
speed_800rpm__torque_700Nm__temperature_30degC,validation,data/original_dataset/Test_30deg/800rpm/800.0rpm700.0Nm30.0deg.csv,69464,799.999181200595,Fw_then_Bw,48600,10433,2.60825,True,1,1.4395946101577795e-05,799.999181200595,-799.9700680035555,0.43921166798099875,0.4823785372234397,2360.3437507213357,2206.653387595997,1221.3457254504872,1151.5886110068093,374.00157880936115,353.7748271511191,61.49384889861267,58.23360551694349,1.0559856006291863,True,False,False,False,False
speed_800rpm__torque_700Nm__temperature_35degC,train,data/original_dataset/Test_35deg/800rpm/800.0rpm700.0Nm35.0deg.csv,69465,799.9921683343321,Fw_then_Bw,48600,10433,2.60825,True,1,1.4395738861297056e-05,799.9921683343321,-799.966380004965,0.4336517328433729,0.4983326653018594,2454.503720703969,2274.7365447381526,1280.5782368777498,1223.5968112944647,381.27813724186126,365.56380490437726,62.67339703131256,58.593001518966034,1.069639639659452,True,False,False,False,False
speed_800rpm__torque_800Nm__temperature_25degC,validation,data/original_dataset/Test_25deg/800rpm/800.0rpm800.0Nm25.0deg.csv,69464,799.9979518329685,Fw_then_Bw,48600,10432,2.608,True,1,1.4395946101577795e-05,799.9979518329685,-799.9731966653296,0.4558637665468268,0.5267466670678118,2426.0578963247326,2250.81947767967,1296.0545529056153,1219.394776821104,397.9248798319077,371.08840669200146,62.4259741739024,58.569097341819415,1.0658517376420125,True,False,False,False,False
speed_800rpm__torque_800Nm__temperature_30degC,train,data/original_dataset/Test_30deg/800rpm/800.0rpm800.0Nm30.0deg.csv,69462,799.9981194673941,Fw_then_Bw,48600,10432,2.608,True,1,1.439636060004031e-05,799.9981194673941,-799.9707386673739,0.4592165666205119,0.534625670600974,2459.8090482568296,2443.269040668133,1318.4845405815395,1323.9696353673933,407.13218498449345,399.9471989768606,64.99279601771376,61.87094432291352,1.050457476105534,True,False,False,False,False
speed_800rpm__torque_800Nm__temperature_35degC,test,data/original_dataset/Test_35deg/800rpm/800.0rpm800.0Nm35.0deg.csv,69463,799.9963592665154,Fw_then_Bw,48600,10431,2.6077500000000002,True,1,1.4396153347825461e-05,799.9963592665154,-799.9751530296635,0.4527345348226959,0.5577876678823372,2536.922398333604,2466.962284718875,1406.3403424623164,1428.2315775751613,418.10795666985973,416.19476143819156,65.13208696760557,62.95777576997352,1.0345360230891296,True,False,False,False,False
speed_800rpm__torque_900Nm__temperature_25degC,train,data/original_dataset/Test_25deg/800rpm/800.0rpm900.0Nm25.0deg.csv,69464,799.9946549340772,Fw_then_Bw,48600,10431,2.6077500000000002,True,1,1.4395946101577795e-05,799.9946549340772,-799.9763826713508,0.45111406749742855,0.5658906738971723,2447.069240345627,2280.1026934760102,1355.233141183862,1267.835760116668,421.8417642284748,392.4965688161137,64.660810538885,60.94390485850454,1.0609889650000295,True,False,False,False,False
speed_800rpm__torque_900Nm__temperature_30degC,validation,data/original_dataset/Test_30deg/800rpm/800.0rpm900.0Nm30.0deg.csv,69463,799.9967224992968,Fw_then_Bw,48600,10431,2.6077500000000002,True,1,1.4396153347825461e-05,799.9967224992968,-799.9672181031201,0.45781957063206846,0.5662815625934172,2487.983639973162,2486.520931900941,1357.2000923755465,1378.3870667218707,420.6518042299874,414.08731930300746,67.10391073015671,63.061788825734766,1.0640977996293757,True,False,False,False,False
speed_800rpm__torque_900Nm__temperature_35degC,validation,data/original_dataset/Test_35deg/800rpm/800.0rpm900.0Nm35.0deg.csv,69462,799.9924756683565,Fw_then_Bw,48600,10431,2.6077500000000002,True,1,1.439636060004031e-05,799.9924756683565,-799.9785060043602,0.44871119704703233,0.5717853297635429,2478.3608309616966,2334.416514107261,1338.109335005447,1272.060027718453,420.04241316296884,397.45657145954283,66.82727429822535,62.715446816355325,1.065563233471179,True,False,False,False,False
speed_800rpm__torque_1000Nm__temperature_25degC,train,data/original_dataset/Test_25deg/800rpm/800.0rpm1000.0Nm25.0deg.csv,69463,799.9914697987454,Fw_then_Bw,48600,10431,2.6077500000000002,True,1,1.4396153347825461e-05,799.9914697987454,-799.9690059999314,0.4852004324978907,0.5967356652641911,2482.1600857344492,2261.8826090670154,1424.834132194519,1248.746943473634,449.50477764721194,407.4030734952885,67.64623587653203,63.20231828362921,1.0703125726015321,True,False,False,False,False
speed_800rpm__torque_1000Nm__temperature_30degC,train,data/original_dataset/Test_30deg/800rpm/800.0rpm1000.0Nm30.0deg.csv,67879,799.9945990692747,Fw_then_Bw,48600,8848,2.212,True,1,1.4732096819340296e-05,799.9945990692747,-799.9679446656955,0.4890002019238864,0.6063743348931325,2611.354155426875,2445.872962319754,1476.2006503347036,1394.9029342828678,455.9254728610992,418.150534125857,69.7468396239628,61.49174253075668,1.134247246109136,True,False,False,False,False
speed_800rpm__torque_1000Nm__temperature_35degC,train,data/original_dataset/Test_35deg/800rpm/800.0rpm1000.0Nm35.0deg.csv,69465,799.9935373663902,Fw_then_Bw,48600,10432,2.608,True,1,1.4395738861297056e-05,799.9935373663902,-799.970934332426,0.4900899014804736,0.617103432887177,2675.9656146170064,2610.6164189214483,1526.1322110889523,1446.4437894523137,459.7327010439358,438.3096703817045,70.60715657937635,68.57149241704973,1.02968674139314,True,False,False,False,False
speed_800rpm__torque_1100Nm__temperature_25degC,train,data/original_dataset/Test_25deg/800rpm/800.0rpm1100.0Nm25.0deg.csv,69463,799.9944594024175,Fw_then_Bw,48600,10432,2.608,True,1,1.4396153347825461e-05,799.9944594024175,-799.9686153295139,0.46779399902652585,0.6427240053502601,2504.7335220733657,2566.30403164288,1409.4224038718485,1565.203037858032,460.7864167053094,460.3974327090327,71.10520626702053,65.91705522030223,1.0787072636873556,True,False,False,False,False
speed_800rpm__torque_1100Nm__temperature_30degC,train,data/original_dataset/Test_30deg/800rpm/800.0rpm1100.0Nm30.0deg.csv,68787,799.9886758310215,Fw_then_Bw,48600,9757,2.43925,True,1,1.453763065695553e-05,799.9886758310215,-799.9767173314467,0.4862621329568242,0.6584546645171372,2637.952394434228,2492.4443413812683,1503.425168692729,1424.083411097217,475.97136100148356,446.38133616672303,72.47110094760951,66.08148352934221,1.0966930080410515,True,False,False,False,False
speed_800rpm__torque_1100Nm__temperature_35degC,validation,data/original_dataset/Test_35deg/800rpm/800.0rpm1100.0Nm35.0deg.csv,69465,799.9949901980774,Fw_then_Bw,48600,10432,2.608,True,1,1.4395738861297056e-05,799.9949901980774,-799.9718003363038,0.48640186772291827,0.670719804475084,2715.288068187124,2594.690591406947,1553.669561594893,1518.3694319426857,483.447414672355,459.79075651785024,72.96914436142282,68.67351484040677,1.0625514731698071,True,False,False,False,False
speed_800rpm__torque_1200Nm__temperature_25degC,validation,data/original_dataset/Test_25deg/800rpm/800.0rpm1200.0Nm25.0deg.csv,69462,799.9977283325279,Fw_then_Bw,48600,10431,2.6077500000000002,True,1,1.439636060004031e-05,799.9977283325279,-799.9812440005675,0.4874635342275724,0.71385900082538,2685.573865892092,2552.5697565171868,1551.3921511175793,1497.5666970015027,494.2746876251928,456.1883491419394,74.03747094163008,69.41211902267241,1.0666360858029253,True,False,False,False,False
speed_800rpm__torque_1200Nm__temperature_30degC,test,data/original_dataset/Test_30deg/800rpm/800.0rpm1200.0Nm30.0deg.csv,69463,799.9897096002921,Fw_then_Bw,48600,10430,2.6075,True,1,1.4396153347825461e-05,799.9897096002921,-799.9719677948937,0.5227233996266136,0.7177423637282345,2813.2011522152643,2739.1052863094956,1635.5686222020265,1659.0492972732588,517.3294782638546,496.983088056163,76.38829717841412,72.48282608104546,1.0538813303581986,True,False,False,False,False
speed_800rpm__torque_1200Nm__temperature_35degC,train,data/original_dataset/Test_35deg/800rpm/800.0rpm1200.0Nm35.0deg.csv,69463,799.9876141669422,Fw_then_Bw,48600,10430,2.6075,True,1,1.4396153347825461e-05,799.9876141669422,-799.9781146645546,0.5034171335865381,0.7040799973765957,2716.4183246591383,2580.632271322497,1547.4714353680597,1497.6760843396498,498.957404565135,465.0077198940379,75.96991812042684,71.76999879068259,1.0585191500698408,True,False,False,False,False
speed_800rpm__torque_1300Nm__temperature_25degC,train,data/original_dataset/Test_25deg/800rpm/800.0rpm1300.0Nm25.0deg.csv,69463,799.9960519324911,Fw_then_Bw,48600,10430,2.6075,True,1,1.4396153347825461e-05,799.9960519324911,-799.9781146645546,0.4981085342781171,0.7647650005916944,2759.9946324091434,2455.6851810001945,1597.4789291620255,1401.181514859308,521.1399698542433,455.5359400099859,77.80464191253026,73.68516767803611,1.0559064241055134,True,False,False,False,False
speed_800rpm__torque_1300Nm__temperature_30degC,train,data/original_dataset/Test_30deg/800rpm/800.0rpm1300.0Nm30.0deg.csv,68626,799.9981194686068,Fw_then_Bw,48600,9595,2.39875,True,1,1.4571736659575088e-05,799.9981194686068,-799.9707940034568,0.49319120201596434,0.7421339929957753,2707.924768522388,2431.7132832948573,1578.6161133462426,1371.771065294751,513.2531127759418,454.2438015341304,77.69122467439045,71.27661141435051,1.0899960468483838,True,False,False,False,False
speed_800rpm__torque_1300Nm__temperature_35degC,train,data/original_dataset/Test_35deg/800rpm/800.0rpm1300.0Nm35.0deg.csv,69460,799.9914698011708,Fw_then_Bw,48600,10430,2.6075,True,1,1.4396775122372589e-05,799.9914698011708,-799.9721914723826,0.5064066353952512,0.7726717982829427,2828.8365574554973,2835.9878264986264,1665.6517808882654,1744.7455543279132,530.5058217473968,510.092823490845,78.48205343618694,75.49079331279243,1.0396241712681489,True,False,False,False,False
speed_800rpm__torque_1400Nm__temperature_25degC,train,data/original_dataset/Test_25deg/800rpm/800.0rpm1400.0Nm25.0deg.csv,69462,799.9944314336365,Fw_then_Bw,48600,10430,2.6075,True,1,1.439636060004031e-05,799.9944314336365,-799.9710733274696,0.5179457657505395,0.8092999875467513,2817.9298989319436,2854.9530834423863,1659.4939005373126,1776.8092434108894,548.068482446342,530.3067966942534,81.750389269564,75.26850012116027,1.0861168900399207,True,False,False,False,False
speed_800rpm__torque_1400Nm__temperature_30degC,train,data/original_dataset/Test_30deg/800rpm/800.0rpm1400.0Nm30.0deg.csv,69461,799.9942637992111,Fw_then_Bw,48600,10430,2.6075,True,1,1.43965678582226e-05,799.9942637992111,-799.9760473370164,0.5265511354082264,0.8008908383393418,2840.0122546978764,2632.3645249552783,1693.9936092495827,1572.4026423691375,551.0800221138877,499.3591997595104,80.84691219983142,77.43506528938723,1.0440607481596818,True,False,False,False,False
speed_800rpm__torque_1400Nm__temperature_35degC,train,data/original_dataset/Test_35deg/800rpm/800.0rpm1400.0Nm35.0deg.csv,69463,799.9951578652448,Fw_then_Bw,48600,10431,2.6077500000000002,True,1,1.4396153347825461e-05,799.9951578652448,-799.9714648613008,0.5516409995228742,0.8273776669133213,3082.9734945050404,2892.0919964243694,1883.1901587542452,1747.8840798141846,573.9959171840153,532.8016635917265,81.86336731807836,77.03162633833927,1.0627241200713726,True,False,False,False,False
speed_800rpm__torque_1500Nm__temperature_25degC,validation,data/original_dataset/Test_25deg/800rpm/800.0rpm1500.0Nm25.0deg.csv,69462,799.9932020660102,Fw_then_Bw,48600,10430,2.6075,True,1,1.439636060004031e-05,799.9932020660102,-799.9731973395683,0.5162413993578525,0.8729756712758103,2869.738657803441,2660.450432449777,1699.6266990897311,1610.1121592520253,575.1348769379999,508.8214423685029,84.16714063680496,78.50617680812773,1.0721085150091163,True,False,False,False,False
speed_800rpm__torque_1500Nm__temperature_30degC,train,data/original_dataset/Test_30deg/800rpm/800.0rpm1500.0Nm30.0deg.csv,69463,799.9925315331591,Fw_then_Bw,48600,10431,2.6077500000000002,True,1,1.4396153347825461e-05,799.9925315331591,-799.9668830016162,0.5898904006850785,0.8733103313716128,3093.9280016659723,2791.0620362190457,1889.573792517285,1625.820535421326,602.9221648970633,531.2902491011755,87.47631131429887,82.02755111892657,1.0664259766510948,True,False,False,False,False
speed_800rpm__torque_1500Nm__temperature_35degC,train,data/original_dataset/Test_35deg/800rpm/800.0rpm1500.0Nm35.0deg.csv,69461,799.9825011672026,Fw_then_Bw,48600,10431,2.6077500000000002,True,1,1.43965678582226e-05,799.9825011672026,-799.9737562010221,0.5397107343014795,0.8579157971931863,2963.6173955324466,2965.183065195106,1737.490291930908,1773.678164184048,574.5925120655326,529.9917718484721,85.50093699200261,81.04938607993972,1.0549239312889092,True,False,False,False,False
speed_800rpm__torque_1600Nm__temperature_25degC,validation,data/original_dataset/Test_25deg/800rpm/800.0rpm1600.0Nm25.0deg.csv,69460,799.9910786650919,Fw_then_Bw,48599,10431,2.6077500000000002,True,1,1.4396775122372589e-05,799.9910786650919,-799.9847923250247,0.5475617993699871,0.9147173356419671,3036.7299953164998,2821.236509286564,1863.4690248965853,1685.7235893605775,602.0665773321979,532.0619295041524,83.95979357210307,80.74954070957574,1.0397556795285479,True,False,False,False,False
speed_800rpm__torque_1600Nm__temperature_30degC,train,data/original_dataset/Test_30deg/800rpm/800.0rpm1600.0Nm30.0deg.csv,68841,799.9935652672623,Fw_then_Bw,48600,9809,2.4522500000000003,True,1,1.4526227103034528e-05,799.9935652672623,-799.9681400009042,0.5406048367149197,0.9238813314975118,3070.2465194438437,2688.1543453780982,1812.469304204341,1550.4777294398082,605.7360361374773,502.4458765982673,87.36000519877506,78.92155729896332,1.1069219638918932,True,False,False,False,False
speed_800rpm__torque_1600Nm__temperature_35degC,train,data/original_dataset/Test_35deg/800rpm/800.0rpm1600.0Nm35.0deg.csv,69464,800.0002428683122,Fw_then_Bw,48600,10433,2.60825,True,1,1.4395946101577795e-05,800.0002428683122,-799.9826967037127,0.5683488695163987,0.9105262967448766,3185.136439666484,2875.327838895464,1945.506802200929,1663.7116795777727,616.3582688288894,536.5205737807626,86.09846665151508,80.91241988831824,1.0640945700345514,True,False,False,False,False
speed_800rpm__torque_1700Nm__temperature_25degC,validation,data/original_dataset/Test_25deg/800rpm/800.0rpm1700.0Nm25.0deg.csv,69465,800.0021427991062,Fw_then_Bw,48600,10433,2.60825,True,1,1.4395738861297056e-05,800.0021427991062,-799.96498299685,0.5228631319671422,0.9572136623319238,3109.573308999188,3047.7056124561377,1848.3546862750245,1830.8846563100813,622.9749715129174,566.7485950957596,87.23674289224157,82.67975824282983,1.0551160858021367,True,False,False,False,False
speed_800rpm__torque_1700Nm__temperature_30degC,validation,data/original_dataset/Test_30deg/800rpm/800.0rpm1700.0Nm30.0deg.csv,69465,799.9944314336365,Fw_then_Bw,48600,10433,2.60825,True,1,1.4395738861297056e-05,799.9944314336365,-799.9725267339576,0.5109328655331069,0.946819602783421,3096.8338406334396,3095.4940826629354,1836.0703548789795,1865.869750380443,620.9127575869159,573.7904866537974,88.59699021761571,82.73684777832386,1.0708286887481244,True,False,False,False,False
speed_800rpm__torque_1700Nm__temperature_35degC,train,data/original_dataset/Test_35deg/800rpm/800.0rpm1700.0Nm35.0deg.csv,69464,799.9902404650736,Fw_then_Bw,48600,10433,2.60825,True,1,1.4395946101577795e-05,799.9902404650736,-799.9719957685254,0.5612802366763958,0.9338836728905449,3165.7442760962736,3120.0783249611954,1903.3424812552764,1830.9917235374085,619.2959199347339,563.9450863714954,86.86263096617489,81.47099354491729,1.0661786138435274,True,False,False,False,False
speed_800rpm__torque_1800Nm__temperature_25degC,train,data/original_dataset/Test_25deg/800rpm/800.0rpm1800.0Nm25.0deg.csv,69465,799.9967224701928,Fw_then_Bw,48600,10433,2.60825,True,1,1.4395738861297056e-05,799.9967224701928,-799.9698726634961,0.5700811719482317,0.9822473220993402,3287.9971811779064,3051.057395835322,2022.4101841449717,1839.100992679505,651.5107387587705,570.6378897033574,89.30529798624319,85.63638229152274,1.0428429552550544,True,False,False,False,False
speed_800rpm__torque_1800Nm__temperature_30degC,validation,data/original_dataset/Test_30deg/800rpm/800.0rpm1800.0Nm30.0deg.csv,69465,799.9951578676701,Fw_then_Bw,48599,10434,2.6085000000000003,True,1,1.4395738861297056e-05,799.9951578676701,-799.9640893346319,0.5898624658584595,1.0005200068311524,3335.5741528791436,3309.342893771532,2019.0148946644508,2049.8337526619707,657.71700427631,618.5679427569313,92.18431938406866,88.94521355059624,1.0364168649910528,True,False,False,False,False
speed_800rpm__torque_1800Nm__temperature_35degC,test,data/original_dataset/Test_35deg/800rpm/800.0rpm1800.0Nm35.0deg.csv,69466,799.9847642992487,Fw_then_Bw,48600,10434,2.6085000000000003,True,1,1.4395531626982984e-05,799.9847642992487,-799.9698724985743,0.5559995649188068,0.9810458383677769,3264.080688434951,3315.8802873608693,1978.2656750083786,1972.152343988387,645.6246410805079,586.3601584165509,90.0289423947015,84.86281161272021,1.060876262332168,True,False,False,False,False
speed_900rpm__torque_0Nm__temperature_25degC,train,data/original_dataset/Test_25deg/900rpm/900.0rpm0.0Nm25.0deg.csv,63524,899.9983594015551,Fw_then_Bw,43200,10162,2.5405,True,1,1.5742081732888357e-05,899.9983594015551,-899.9921008993017,0.4160776685845917,0.4156584327575388,2330.4147956269144,2116.184959110363,1347.1082466841597,1132.8801764547716,349.9356736031356,321.3297563649575,56.53231108558429,55.08642270410745,1.0262476361778532,True,False,False,False,False
speed_900rpm__torque_0Nm__temperature_30degC,test,data/original_dataset/Test_30deg/900rpm/900.0rpm0.0Nm30.0deg.csv,63525,899.9951742662233,Fw_then_Bw,43200,10162,2.5405,True,1,1.5741833923652105e-05,899.9951742662233,-899.9997564023943,0.4150718668824993,0.43284150160616264,2455.7861053229544,2200.0145322334433,1418.7342934311098,1220.5838948489145,368.1864128402822,337.5820768727862,55.44792040072934,52.97517777253232,1.046677382354706,True,False,False,False,False
speed_900rpm__torque_0Nm__temperature_35degC,train,data/original_dataset/Test_35deg/900rpm/900.0rpm0.0Nm35.0deg.csv,63522,899.9980240999624,Fw_then_Bw,43200,10161,2.54025,True,1,1.5742577374767797e-05,899.9980240999624,-899.9972976647161,0.4176143326427564,0.45178456639399656,2666.338957108883,2406.6119998069553,1537.6679985227836,1287.907361984253,383.6197472224967,335.2974099775565,56.79555377814722,54.33907603264743,1.0452064688038478,True,False,False,False,False
speed_900rpm__torque_100Nm__temperature_25degC,train,data/original_dataset/Test_25deg/900rpm/900.0rpm100.0Nm25.0deg.csv,63521,899.9955653998768,Fw_then_Bw,43200,10160,2.54,True,1,1.574282520741172e-05,899.9955653998768,-899.9847246644398,0.37117863394092865,0.36517133897473286,2185.1488389071806,1958.9177177598228,1059.4837102293004,934.3295982479955,308.04952797270744,291.67267609193453,47.55831001568822,48.11500175894706,0.988429975622825,True,False,False,False,False
speed_900rpm__torque_100Nm__temperature_30degC,train,data/original_dataset/Test_30deg/900rpm/900.0rpm100.0Nm30.0deg.csv,63520,899.9901451340218,Fw_then_Bw,43200,10160,2.54,True,1,1.574307304785894e-05,899.9901451340218,-899.9864570699476,0.39255246520036735,0.3466196940280497,2318.1103790801435,2141.1513085088914,1107.4527704713307,993.5460624102233,313.31809879782213,302.43024769267777,46.61123667933679,48.07239961241975,0.9696049511806467,True,False,False,False,False
speed_900rpm__torque_100Nm__temperature_35degC,test,data/original_dataset/Test_35deg/900rpm/900.0rpm100.0Nm35.0deg.csv,63522,899.9861217986715,Fw_then_Bw,43200,10160,2.54,True,1,1.5742577374767797e-05,899.9861217986715,-899.994168561534,0.42239206716959643,0.37151423263520655,2353.4704601232484,2145.4767915806747,1260.6963480080356,1108.8542862235495,347.06985301211256,332.5890931341291,49.86507817914109,51.228775430831725,0.9733802488889887,True,False,False,False,False
speed_900rpm__torque_200Nm__temperature_25degC,train,data/original_dataset/Test_25deg/900rpm/900.0rpm200.0Nm25.0deg.csv,63522,899.989586333201,Fw_then_Bw,43200,10160,2.54,True,1,1.5742577374767797e-05,899.989586333201,-899.9889153298378,0.38799830023589266,0.3424279905932508,2106.2163577882066,2086.758412770155,957.5482826679035,938.8290476799049,297.4298388564191,296.163240926603,46.210563835597895,50.35117104039273,0.9177654239367511,True,False,False,False,False
speed_900rpm__torque_200Nm__temperature_30degC,validation,data/original_dataset/Test_30deg/900rpm/900.0rpm200.0Nm30.0deg.csv,63521,899.9978564679623,Fw_then_Bw,43200,10160,2.54,True,1,1.574282520741172e-05,899.9978564679623,-899.9846970060996,0.39869919904344897,0.35642632671306274,2340.4509556712583,2220.0416628039866,1018.4794664382935,981.7466452718688,307.4455435428715,307.6451172787529,46.639897134787134,48.738427172497715,0.9569430086390899,True,False,False,False,False
speed_900rpm__torque_200Nm__temperature_35degC,train,data/original_dataset/Test_35deg/900rpm/900.0rpm200.0Nm35.0deg.csv,63523,899.9945036678886,Fw_then_Bw,43200,10160,2.54,True,1,1.57423295499268e-05,899.9945036678886,-899.9864012682035,0.4142895680463994,0.354694202542305,2316.7581287757457,2135.7758261730387,1074.948894977569,1007.2163614629744,323.14923966202906,324.6920362825448,47.12676685319366,49.34877316525217,0.954973423460442,True,False,False,False,False
speed_900rpm__torque_300Nm__temperature_25degC,train,data/original_dataset/Test_25deg/900rpm/900.0rpm300.0Nm25.0deg.csv,63520,899.997688800795,Fw_then_Bw,43199,10161,2.54025,True,1,1.574307304785894e-05,899.997688800795,-899.9743313373376,0.40657820257661115,0.3790300058122966,2268.925058888135,2154.0376280122473,1011.7295980453491,974.4018137453168,319.27866689152324,318.2036443836296,47.195354989435145,49.22473135547989,0.9587732363354213,True,False,False,False,False
speed_900rpm__torque_300Nm__temperature_30degC,validation,data/original_dataset/Test_30deg/900rpm/900.0rpm300.0Nm30.0deg.csv,63520,899.989586333201,Fw_then_Bw,43200,10161,2.54025,True,1,1.574307304785894e-05,899.989586333201,-899.9850599987742,0.3914907683793558,0.3588573405675106,2360.3439728809917,2274.514641612768,1005.5605351922395,943.243467807406,300.96143342186673,297.3420314847317,47.29551205989532,49.83552980547756,0.9490319907203423,True,False,False,False,False
speed_900rpm__torque_300Nm__temperature_35degC,validation,data/original_dataset/Test_35deg/900rpm/900.0rpm300.0Nm35.0deg.csv,63520,899.9889158003498,Fw_then_Bw,43200,10161,2.54025,True,1,1.574307304785894e-05,899.9889158003498,-899.9738286656793,0.4034489975310862,0.3583263314794749,2338.036974348434,2321.2285789973066,1012.5361556557207,1006.9461286070691,315.26598054051647,314.12710959011747,45.473624352757724,49.432757909926295,0.9199087057941884,True,False,False,False,False
speed_900rpm__torque_400Nm__temperature_25degC,train,data/original_dataset/Test_25deg/900rpm/900.0rpm400.0Nm25.0deg.csv,63526,899.9839984001786,Fw_then_Bw,43200,10164,2.541,True,1,1.5741586122217676e-05,899.9839984001786,-899.980142659236,0.41043386590905584,0.35326934206148053,2302.687884851661,2234.972789301992,989.0198946000055,979.7193464639123,307.91177948308354,306.6334256101982,46.808751106504985,51.34524864556625,0.911647179461989,True,False,False,False,False
speed_900rpm__torque_400Nm__temperature_30degC,train,data/original_dataset/Test_30deg/900rpm/900.0rpm400.0Nm30.0deg.csv,63523,899.9892510667754,Fw_then_Bw,43200,10163,2.54075,True,1,1.57423295499268e-05,899.9892510667754,-899.9725986650446,0.4062428682421455,0.3886967994428119,2405.2706760511,2421.6766178142275,996.3061520083102,1019.8382660746573,316.78857074243746,315.77787803716996,48.737984246486114,53.69330789203558,0.9077105911315161,True,False,False,False,False
speed_900rpm__torque_400Nm__temperature_35degC,train,data/original_dataset/Test_35deg/900rpm/900.0rpm400.0Nm35.0deg.csv,63524,899.9878540683615,Fw_then_Bw,43200,10163,2.54075,True,1,1.5742081732888357e-05,899.9878540683615,-899.9734371997572,0.41780993342399597,0.3707592016629633,2468.090318143367,2282.7833658086984,1051.0234791041967,1013.6693820357322,322.15245802460686,329.76268962720496,48.57188117618989,50.05462357003124,0.9703775138421159,True,False,False,False,False
speed_900rpm__torque_500Nm__temperature_25degC,validation,data/original_dataset/Test_25deg/900rpm/900.0rpm500.0Nm25.0deg.csv,63526,899.9820426348986,Fw_then_Bw,43200,10163,2.54075,True,1,1.5741586122217676e-05,899.9820426348986,-899.9778516687609,0.4302710003684638,0.37802366811473576,2354.81295773422,2239.6221970360784,990.7300603387956,982.23836749803,327.8894109297653,337.510224892776,49.12734066522262,51.95673314651683,0.9455432951622383,True,False,False,False,False
speed_900rpm__torque_500Nm__temperature_30degC,train,data/original_dataset/Test_30deg/900rpm/900.0rpm500.0Nm30.0deg.csv,62103,899.9769575990892,Fw_then_Bw,43200,8740,2.185,True,1,1.6102281693315944e-05,899.9769575990892,-899.9703079850102,0.42306259759561726,0.3964080145427715,2379.7899940594334,2203.133021248525,996.3199673967199,972.2247689962385,329.2235975643731,332.8553496018683,49.04324811061542,51.590255684845914,0.9506300649140096,True,False,False,False,False
speed_900rpm__torque_500Nm__temperature_35degC,train,data/original_dataset/Test_35deg/900rpm/900.0rpm500.0Nm35.0deg.csv,63525,899.9832719334033,Fw_then_Bw,43200,10163,2.54075,True,1,1.5741833923652105e-05,899.9832719334033,-899.9766223375143,0.45642253220046314,0.41568640153855085,2551.228003964593,2354.7324914637557,1083.042483404437,1062.5123736261685,347.59085668019907,357.5139872375983,51.21259901570733,53.234987477298986,0.9620101636643746,True,False,False,False,False
speed_900rpm__torque_600Nm__temperature_25degC,train,data/original_dataset/Test_25deg/900rpm/900.0rpm600.0Nm25.0deg.csv,63525,899.9815397328348,Fw_then_Bw,43200,10163,2.54075,True,1,1.5741833923652105e-05,899.9815397328348,-899.9783546702627,0.42309059790568426,0.4013253346783472,2384.26001742439,2291.3447464816268,1019.5973551272573,1041.166442632948,332.36027918762824,340.4276820872837,49.238130317212374,52.47436071385891,0.9383273973685244,True,False,False,False,False
speed_900rpm__torque_600Nm__temperature_30degC,train,data/original_dataset/Test_30deg/900rpm/900.0rpm600.0Nm30.0deg.csv,63524,899.9843336641788,Fw_then_Bw,43200,10163,2.54075,True,1,1.5742081732888357e-05,899.9843336641788,-899.9752253293991,0.4273094649154814,0.4011580022051362,2486.6312354185084,2454.444785446867,1028.537759631513,1085.1994612812177,334.6540055638338,345.86660414925063,50.65723445504767,55.517301627105546,0.9124585123985022,True,False,False,False,False
speed_900rpm__torque_600Nm__temperature_35degC,train,data/original_dataset/Test_35deg/900rpm/900.0rpm600.0Nm35.0deg.csv,63523,899.9826013993395,Fw_then_Bw,43200,10163,2.54075,True,1,1.57423295499268e-05,899.9826013993395,-899.9804779984213,0.4479848042440153,0.4108248346407777,2653.59839443895,2375.429760043516,1112.2224165126681,1078.2211732863288,344.6771974364535,360.12169853574943,52.268358622518406,52.2636834935838,1.0000894527255275,True,False,False,False,False
speed_900rpm__torque_700Nm__temperature_25degC,test,data/original_dataset/Test_25deg/900rpm/900.0rpm700.0Nm25.0deg.csv,63522,899.9878540659362,Fw_then_Bw,43200,10163,2.54075,True,1,1.5742577374767797e-05,899.9878540659362,-899.9826013314305,0.45044346673716973,0.4339033330325037,2552.8478969736575,2429.1874278179876,1072.9419331250017,1074.2917266487439,348.9426224359704,352.5497808343971,53.05783449139198,55.58302957233535,0.9545689556619598,True,False,False,False,False
speed_900rpm__torque_700Nm__temperature_30degC,train,data/original_dataset/Test_30deg/900rpm/900.0rpm700.0Nm30.0deg.csv,62223,899.9784104671562,Fw_then_Bw,43199,8861,2.21525,True,1,1.6071227681082557e-05,899.9784104671562,-899.9787460003669,0.44725833140546456,0.4486553370952606,2643.5406044277897,2462.4914706996606,1095.642124787173,1110.2565288542792,354.632747208825,361.36379696108634,52.670468788164726,57.84011078958429,0.910621851672689,True,False,False,False,False
speed_900rpm__torque_700Nm__temperature_35degC,train,data/original_dataset/Test_35deg/900rpm/900.0rpm700.0Nm35.0deg.csv,63524,899.9790810000075,Fw_then_Bw,43200,10164,2.541,True,1,1.5742081732888357e-05,899.9790810000075,-899.9736326707837,0.45077876711729914,0.45726067037315943,2674.6093586551524,2598.445728654406,1151.742764711298,1165.7573623953574,366.9900673485921,369.4961069598549,53.51803562555233,56.78249954589774,0.9425093304019362,True,False,False,False,False
speed_900rpm__torque_800Nm__temperature_25degC,train,data/original_dataset/Test_25deg/900rpm/900.0rpm800.0Nm25.0deg.csv,63526,899.9773488006515,Fw_then_Bw,43200,10163,2.54075,True,1,1.5741586122217676e-05,899.9773488006515,-899.9762873281725,0.44625246785778927,0.4725719918496907,2518.828807418071,2451.2041476556983,1109.4175988433099,1087.7877444027945,373.4555157167733,366.36313845715443,53.01800099700812,56.89226747435895,0.9319017038809898,True,False,False,False,False
speed_900rpm__torque_800Nm__temperature_30degC,validation,data/original_dataset/Test_30deg/900rpm/900.0rpm800.0Nm30.0deg.csv,63526,899.9790810630657,Fw_then_Bw,43199,10164,2.541,True,1,1.5741586122217676e-05,899.9790810630657,-899.9773490650114,0.4515051356672757,0.47536619725485707,2662.0923017613222,2531.5583916376454,1120.3584390875676,1175.1361581682663,373.0622823571139,386.025218736836,54.61568530308796,56.65403129428342,0.9640211659324385,True,False,False,False,False
speed_900rpm__torque_800Nm__temperature_35degC,train,data/original_dataset/Test_35deg/900rpm/900.0rpm800.0Nm35.0deg.csv,63525,899.9689110011483,Fw_then_Bw,43199,10163,2.54075,True,1,1.5741833923652105e-05,899.9689110011483,-899.9769578028161,0.4641339328372851,0.4665923333959654,2646.669861860164,2662.651009935278,1125.1419752834863,1191.593746244871,379.0003811850511,385.10561188036246,53.10220672295145,56.94139523097871,0.9325764939117865,True,False,False,False,False
speed_900rpm__torque_900Nm__temperature_25degC,validation,data/original_dataset/Test_25deg/900rpm/900.0rpm900.0Nm25.0deg.csv,63522,899.9773487303173,Fw_then_Bw,43200,10162,2.5405,True,1,1.5742577374767797e-05,899.9773487303173,-899.973437335575,0.46793373379227887,0.4920176579616964,2538.275095867447,2497.6601882373384,1123.443201035525,1106.0110850631181,391.5711100258704,381.3457414863249,54.25565900804935,57.71109255997538,0.9401253138929051,True,False,False,False,False
speed_900rpm__torque_900Nm__temperature_30degC,train,data/original_dataset/Test_30deg/900rpm/900.0rpm900.0Nm30.0deg.csv,61398,899.9661169994699,Fw_then_Bw,43200,8036,2.009,True,1,1.62871754780286e-05,899.9661169994699,-899.9741633306257,0.48235059997159624,0.503416658223955,2681.328282536446,2538.319686815612,1175.6680885702272,1146.5661734345076,403.9385398582908,382.6032736825482,56.37948468795457,59.06171097160495,0.9545860382382096,True,False,False,False,False
speed_900rpm__torque_900Nm__temperature_35degC,train,data/original_dataset/Test_35deg/900rpm/900.0rpm900.0Nm35.0deg.csv,63525,899.9752253342497,Fw_then_Bw,43200,10162,2.5405,True,1,1.5741833923652105e-05,899.9752253342497,-899.9776279961225,0.47184526556520723,0.5012378339112047,2709.489570891673,2594.5781642806646,1177.3243391516405,1174.5370747147263,396.83976641711064,400.1749331397376,54.51833139525206,57.167566250677694,0.9536584285605437,True,False,False,False,False
speed_900rpm__torque_1000Nm__temperature_25degC,train,data/original_dataset/Test_25deg/900rpm/900.0rpm1000.0Nm25.0deg.csv,63524,899.9752253342497,Fw_then_Bw,43200,10162,2.5405,True,1,1.5742081732888357e-05,899.9752253342497,-899.9734373307244,0.4837476008104886,0.5405766617817562,2670.362410329426,2477.8588073482056,1199.752105791049,1143.9330770072722,416.7705774130576,397.59011513422126,58.35353147858768,56.75151273601382,1.0282286526885343,True,False,False,False,False
speed_900rpm__torque_1000Nm__temperature_30degC,validation,data/original_dataset/Test_30deg/900rpm/900.0rpm1000.0Nm30.0deg.csv,62374,899.9667875323212,Fw_then_Bw,43200,9013,2.25325,True,1,1.6032321159457466e-05,899.9667875323212,-899.9731019915392,0.4704482659387281,0.5465559855414313,2727.81781580611,2563.4742807596003,1197.2513067724774,1181.2627655268443,414.42260429948874,386.89154897410845,57.38267506476399,59.78581805047723,0.9598041297405303,True,False,False,False,False
speed_900rpm__torque_1000Nm__temperature_35degC,train,data/original_dataset/Test_35deg/900rpm/900.0rpm1000.0Nm35.0deg.csv,63523,899.9713696684921,Fw_then_Bw,43200,10162,2.5405,True,1,1.57423295499268e-05,899.9713696684921,-899.9826017000789,0.48444599815411493,0.5286746357644461,2772.7420165322646,2769.7621980523977,1193.909406810916,1301.3608877360866,411.0197859948809,417.7545866797343,56.714335275933024,60.53272231977188,0.9369202821629641,True,False,False,False,False
speed_900rpm__torque_1100Nm__temperature_25degC,validation,data/original_dataset/Test_25deg/900rpm/900.0rpm1100.0Nm25.0deg.csv,63524,899.974163636216,Fw_then_Bw,43200,10162,2.5405,True,1,1.5742081732888357e-05,899.974163636216,-899.9718726651432,0.47131443716352805,0.5616433239386538,2638.184673075374,2528.8651066753114,1194.1641090066014,1164.391673803516,423.10768922868647,402.3952230098075,58.28271913937897,59.53519210047489,0.978962477202019,True,False,False,False,False
speed_900rpm__torque_1100Nm__temperature_30degC,train,data/original_dataset/Test_30deg/900rpm/900.0rpm1100.0Nm30.0deg.csv,63522,899.9629318665636,Fw_then_Bw,43200,10162,2.5405,True,1,1.5742577374767797e-05,899.9629318665636,-899.9766222647546,0.4925206012559329,0.5668962645964939,2775.4158499489677,2642.4229397286126,1220.8629262449895,1169.43203419421,429.26046309046336,411.6164420686799,59.17369223175217,60.32602320065049,0.9808982772647626,True,False,False,False,False
speed_900rpm__torque_1100Nm__temperature_35degC,train,data/original_dataset/Test_35deg/900rpm/900.0rpm1100.0Nm35.0deg.csv,63525,899.9731019333316,Fw_then_Bw,43200,10163,2.54075,True,1,1.5741833923652105e-05,899.9731019333316,-899.9838025677794,0.4981644694149736,0.5709476681658998,2852.7546324764444,2545.6395155440077,1272.2164833548277,1176.1754885315893,436.27726449867595,413.5445083891682,59.79862691131075,59.198252605938244,1.010141757213156,True,False,False,False,False
speed_900rpm__torque_1200Nm__temperature_25degC,train,data/original_dataset/Test_25deg/900rpm/900.0rpm1200.0Nm25.0deg.csv,63523,899.973828332198,Fw_then_Bw,43200,10163,2.54075,True,1,1.57423295499268e-05,899.973828332198,-899.9783823334535,0.47883020185201985,0.6060119970545657,2790.9181177772484,2603.0604688757194,1278.0860493332955,1170.788719952361,446.104547381355,412.28001671197484,61.65760994917946,61.10434853821971,1.009054370502186,True,False,False,False,False
speed_900rpm__torque_1200Nm__temperature_30degC,train,data/original_dataset/Test_30deg/900rpm/900.0rpm1200.0Nm30.0deg.csv,63523,899.955947000611,Fw_then_Bw,43200,10163,2.54075,True,1,1.57423295499268e-05,899.955947000611,-899.9778516687609,0.504143599149188,0.6121583331453166,2838.683116715105,2625.323713679472,1289.0361854433186,1259.0020927787,451.51859292143376,436.67107593428227,61.296884387638784,62.5339787932262,0.980217244617075,True,False,False,False,False
speed_900rpm__torque_1200Nm__temperature_35degC,validation,data/original_dataset/Test_35deg/900rpm/900.0rpm1200.0Nm35.0deg.csv,63523,899.9687153652,Fw_then_Bw,43200,10163,2.54075,True,1,1.57423295499268e-05,899.9687153652,-899.9778516687608,0.47796410096151476,0.6119906659781122,2841.847250238057,2679.8844919539074,1248.5839586703137,1190.1721319557053,447.573491859975,416.46192123489516,59.29695674712997,61.46485579752152,0.9647294535672046,True,False,False,False,False
speed_900rpm__torque_1300Nm__temperature_25degC,validation,data/original_dataset/Test_25deg/900rpm/900.0rpm1300.0Nm25.0deg.csv,63525,899.95276183375,Fw_then_Bw,43200,10162,2.5405,True,1,1.5741833923652105e-05,899.95276183375,-899.9758953383814,0.4772935014140671,0.6363546660091401,2751.722914399852,2609.9351137721196,1257.6096217333534,1200.9121632573397,460.74655669804065,424.5665608771328,61.63437387128842,62.20190936674044,0.990875915205338,True,False,False,False,False
speed_900rpm__torque_1300Nm__temperature_30degC,train,data/original_dataset/Test_30deg/900rpm/900.0rpm1300.0Nm30.0deg.csv,61557,899.9517280681175,Fw_then_Bw,43200,8196,2.049,True,1,1.6245106161768766e-05,899.9517280681175,-899.9845016660402,0.48517250252189115,0.6330293351007867,2855.714418304314,2663.7688133632764,1305.56760549573,1207.7204942704611,460.73644863699855,398.4064954730684,61.21557479780217,63.75058806793277,0.9602354527705802,True,False,False,False,False
speed_900rpm__torque_1300Nm__temperature_35degC,train,data/original_dataset/Test_35deg/900rpm/900.0rpm1300.0Nm35.0deg.csv,63524,899.9664522658957,Fw_then_Bw,43200,10161,2.54025,True,1,1.5742081732888357e-05,899.9664522658957,-899.9822100061768,0.49922613106900826,0.6374157674144385,2873.7599883848134,2622.5306404130606,1308.9202623810932,1235.73840558538,466.1439796999954,433.2831863844149,60.617481367830806,59.2011326903048,1.0239243509906348,True,False,False,False,False
speed_900rpm__torque_1400Nm__temperature_25degC,train,data/original_dataset/Test_25deg/900rpm/900.0rpm1400.0Nm25.0deg.csv,63522,899.952426564899,Fw_then_Bw,43200,10161,2.54025,True,1,1.5742577374767797e-05,899.952426564899,-899.9792486671747,0.49816443060990423,0.6835726720358366,2864.2103735663745,2753.0666751163153,1312.8517600897567,1280.0395220519931,484.6527250038659,445.76824066189147,63.8530594123722,65.56363566096479,0.9739096797889896,True,False,False,False,False
speed_900rpm__torque_1400Nm__temperature_30degC,validation,data/original_dataset/Test_30deg/900rpm/900.0rpm1400.0Nm30.0deg.csv,63524,899.9457769314176,Fw_then_Bw,43200,10161,2.54025,True,1,1.5742081732888357e-05,899.9457769314176,-899.9741640048644,0.51291659716901,0.6823153332030074,2981.9440678691763,2812.069297457583,1370.3875122966108,1308.6495995521545,491.751617548334,461.19085663849546,63.952539433535094,65.38216238550376,0.9781343580602401,True,False,False,False,False
speed_900rpm__torque_1400Nm__temperature_35degC,train,data/original_dataset/Test_35deg/900rpm/900.0rpm1400.0Nm35.0deg.csv,63524,899.9608084680707,Fw_then_Bw,43200,10161,2.54025,True,1,1.5742081732888357e-05,899.9608084680707,-899.9864013361124,0.49145893475122193,0.6826503328435365,2964.9695992701472,2683.1032009799856,1362.3206952214082,1284.554660320282,482.38517555073463,443.6820816426916,62.53751797396478,61.53589428095074,1.0162770640569712,True,False,False,False,False
speed_900rpm__torque_1500Nm__temperature_25degC,train,data/original_dataset/Test_25deg/900rpm/900.0rpm1500.0Nm25.0deg.csv,61857,899.9531250301516,Fw_then_Bw,43200,8494,2.1235,True,1,1.6166319090806215e-05,899.9531250301516,-899.9895859936562,0.5146489032388786,0.7356796801711312,2946.637904582075,2816.3975065884415,1374.9002607911052,1409.2661789060223,503.51354022134245,446.4574478211942,67.34358098847218,68.33236147419937,0.9855298358728531,True,False,False,False,False
speed_900rpm__torque_1500Nm__temperature_30degC,validation,data/original_dataset/Test_30deg/900rpm/900.0rpm1500.0Nm30.0deg.csv,63521,899.9542147333461,Fw_then_Bw,43200,10161,2.54025,True,1,1.574282520741172e-05,899.9542147333461,-899.9897538063427,0.514090034509195,0.7235257702026843,2993.132798776832,2868.175487188637,1388.1008982660194,1403.8234680892856,501.753917761971,475.8366608907636,66.80071360171951,66.85383514604837,0.9992054076746262,True,False,False,False,False
speed_900rpm__torque_1500Nm__temperature_35degC,test,data/original_dataset/Test_35deg/900rpm/900.0rpm1500.0Nm35.0deg.csv,63522,899.9632950653904,Fw_then_Bw,43200,10161,2.54025,True,1,1.5742577374767797e-05,899.9632950653904,-899.9804780081225,0.48723999740707313,0.7244199223349597,3067.553159780641,2913.546670848973,1420.363784059873,1373.5145032405853,500.4879725121554,448.2375745265017,65.36667208736162,66.28730052170795,0.9861115413193687,True,False,False,False,False
speed_900rpm__torque_1600Nm__temperature_25degC,validation,data/original_dataset/Test_25deg/900rpm/900.0rpm1600.0Nm25.0deg.csv,63524,899.961199601724,Fw_then_Bw,43199,10162,2.5405,True,1,1.5742081732888357e-05,899.961199601724,-899.9857306674434,0.5062110625052583,0.761244659467252,3076.961264013789,2990.204799183311,1407.489072382441,1460.7310798764947,515.6611122191406,480.980749250625,69.19081697933507,70.50624667579079,0.981343075848237,True,False,False,False,False
speed_900rpm__torque_1600Nm__temperature_30degC,train,data/original_dataset/Test_30deg/900rpm/900.0rpm1600.0Nm30.0deg.csv,63524,899.9629319029434,Fw_then_Bw,43200,10162,2.5405,True,1,1.5742081732888357e-05,899.9629319029434,-899.9843334992571,0.4981643966553406,0.7554888676773999,3109.8537127645336,2944.0149858907225,1439.4521167874245,1440.0308451053888,514.6674893439465,477.7535797938749,70.1756146653679,69.91149156110622,1.0037779640852151,True,False,False,False,False
speed_900rpm__torque_1600Nm__temperature_35degC,validation,data/original_dataset/Test_35deg/900rpm/900.0rpm1600.0Nm35.0deg.csv,63525,899.9608084680706,Fw_then_Bw,43200,10162,2.5405,True,1,1.5741833923652105e-05,899.9608084680706,-899.985060095787,0.5100946994692208,0.7640945259481668,3192.2754656991856,2956.610354401003,1500.6534388101725,1496.685989349998,517.5950635754132,485.8358716682459,68.46570926977613,65.67626748949351,1.0424725991124397,True,False,False,False,False
speed_900rpm__torque_1700Nm__temperature_25degC,validation,data/original_dataset/Test_25deg/900rpm/900.0rpm1700.0Nm25.0deg.csv,61369,899.9627642333508,Fw_then_Bw,43200,8007,2.00175,True,1,1.6294872003780412e-05,899.9627642333508,-899.972934324372,0.4987232338560261,0.7887929969001561,3176.8533158660603,2864.152259038019,1512.15344890952,1377.998302876949,544.1936660380404,418.8652619719505,72.49766208685737,64.61932607526249,1.1219191918284468,True,False,False,False,False
speed_900rpm__torque_1700Nm__temperature_30degC,train,data/original_dataset/Test_30deg/900rpm/900.0rpm1700.0Nm30.0deg.csv,63523,899.9625686337822,Fw_then_Bw,43200,10162,2.5405,True,1,1.57423295499268e-05,899.9625686337822,-899.9741913333612,0.5142856316524558,0.7826463309659744,3167.018139113702,2949.4689835702716,1525.2960824968102,1413.3318749069301,537.4354569681824,486.52290510274247,70.67575085882254,69.2165929047632,1.0210810427503565,True,False,False,False,False
speed_900rpm__torque_1700Nm__temperature_35degC,train,data/original_dataset/Test_35deg/900rpm/900.0rpm1700.0Nm35.0deg.csv,63523,899.9629318665636,Fw_then_Bw,43200,10161,2.54025,True,1,1.57423295499268e-05,899.9629318665636,-899.9813718692167,0.5071051321767754,0.7756333652650937,3258.5041481071526,3068.8938568346202,1501.7263436505343,1524.2099136112301,528.6186920034424,498.34805301270535,70.04958920808802,69.67545883480852,1.005369614775936,True,False,False,False,False
speed_900rpm__torque_1800Nm__temperature_25degC,train,data/original_dataset/Test_25deg/900rpm/900.0rpm1800.0Nm25.0deg.csv,63524,899.9587409295298,Fw_then_Bw,43200,10161,2.54025,True,1,1.5742081732888357e-05,899.9587409295298,-899.9858983346106,0.4964321972996686,0.8136596685897075,3169.92289153859,3036.7093471190856,1467.794144749314,1514.9563193322138,544.3927618717225,500.29587178005386,72.03677898605747,70.8019065091321,1.017441231992335,True,False,False,False,False
speed_900rpm__torque_1800Nm__temperature_30degC,train,data/original_dataset/Test_30deg/900rpm/900.0rpm1800.0Nm30.0deg.csv,63520,899.9639935985518,Fw_then_Bw,43200,10160,2.54,True,1,1.574307304785894e-05,899.9639935985518,-899.972766666906,0.5377829317391161,0.8065066698084706,3373.816954748209,3124.8403955639096,1621.5900608900697,1544.105225056319,559.623757997997,500.7567291813302,74.37433419881923,73.9703150524974,1.005461909227169,True,False,False,False,False
speed_900rpm__torque_1800Nm__temperature_35degC,train,data/original_dataset/Test_35deg/900rpm/900.0rpm1800.0Nm35.0deg.csv,63522,899.9776560643415,Fw_then_Bw,43200,10160,2.54,True,1,1.5742577374767797e-05,899.9776560643415,-899.981176466099,0.4834402667863742,0.7973983641325617,3317.235179323051,3159.0154045260074,1556.7563676834877,1617.1194362642152,538.1022075810051,510.9315306657207,71.98212788512132,71.2739320896162,1.0099362526346192,True,False,False,False,False
speed_1000rpm__torque_0Nm__temperature_25degC,validation,data/original_dataset/Test_25deg/1000rpm/1000.0rpm0.0Nm25.0deg.csv,57806,999.9933466339523,Fw_then_Bw,38880,9947,2.4867500000000002,True,1,1.729924229318756e-05,999.9933466339523,-999.9982639953183,0.44868326707126016,0.49604083566617874,2603.08374612016,2586.633521907058,1534.5834669472422,1567.3130431772731,399.7235603276067,413.1432108934857,55.56134230066613,57.964042271578364,0.9585484400888591,True,False,False,False,False
speed_1000rpm__torque_0Nm__temperature_30degC,train,data/original_dataset/Test_30deg/1000rpm/1000.0rpm0.0Nm30.0deg.csv,57802,1000.0003874326164,Fw_then_Bw,38881,9944,2.486,True,1,1.730043943116155e-05,1000.0003874326164,-1000.0007227354217,0.4395469659355058,0.4339591347768419,2401.02456882596,2289.3657830228008,1365.3337597847894,1342.8524021801877,369.591378030691,376.502313713354,53.768111116369255,54.58693629748268,0.9849996127892017,True,False,False,False,False
speed_1000rpm__torque_0Nm__temperature_35degC,train,data/original_dataset/Test_35deg/1000rpm/1000.0rpm0.0Nm35.0deg.csv,57801,1000.0010580006348,Fw_then_Bw,38880,9945,2.48625,True,1,1.7300738741544263e-05,1000.0010580006348,-1000.0007227354217,0.44851560111646904,0.47782433102838695,2645.116258645975,2402.0969013992717,1554.5322859288024,1435.786497593017,401.0546410966526,379.90935615125625,55.86673906550453,56.29983331891704,0.9923073617117267,True,False,False,False,False
speed_1000rpm__torque_100Nm__temperature_25degC,train,data/original_dataset/Test_25deg/1000rpm/1000.0rpm100.0Nm25.0deg.csv,57788,999.9949392004056,Fw_then_Bw,38880,9945,2.48625,True,1,1.730463071918045e-05,999.9949392004056,-999.9975376607229,0.40465036484721395,0.5045070041282997,2631.3029588593913,2340.6298675890866,1464.9781352280797,1218.6795520782646,395.17880138896544,367.7925836472241,50.64119280598333,52.50402010306061,0.9645202920953344,True,False,False,False,False
speed_1000rpm__torque_100Nm__temperature_30degC,train,data/original_dataset/Test_30deg/1000rpm/1000.0rpm100.0Nm30.0deg.csv,57788,999.9919496670676,Fw_then_Bw,38880,9945,2.48625,True,1,1.730463071918045e-05,999.9919496670676,-999.9910556653049,0.4094279987233449,0.4478170012589544,2554.130701657891,2246.7526296783035,1366.465121209261,1166.9129347800651,371.45704783158607,343.8506756511742,48.26716957725233,50.151113206629795,0.9624346597927878,True,False,False,False,False
speed_1000rpm__torque_100Nm__temperature_35degC,train,data/original_dataset/Test_35deg/1000rpm/1000.0rpm100.0Nm35.0deg.csv,57791,999.9905526686538,Fw_then_Bw,38880,9945,2.48625,True,1,1.7303732415081932e-05,999.9905526686538,-1000.0028466650595,0.41043386833433715,0.4525674303293954,2584.7555526216183,2246.1266024038187,1429.930360168214,1211.0083925723302,385.49570043880954,357.57891024859407,49.06992983108011,50.76501499306687,0.9666091862236569,True,False,False,False,False
speed_1000rpm__torque_200Nm__temperature_25degC,train,data/original_dataset/Test_25deg/1000rpm/1000.0rpm200.0Nm25.0deg.csv,57788,999.9884292665229,Fw_then_Bw,38880,9945,2.48625,True,1,1.730463071918045e-05,999.9884292665229,-999.9956379955013,0.3978051657516062,0.4926886564741153,2566.706610378737,2182.2001940261543,1390.3791022298217,1143.336429595728,385.886856487582,347.524876821717,51.16999927943198,52.086196795426076,0.9824099747656263,True,False,False,False,False
speed_1000rpm__torque_200Nm__temperature_30degC,train,data/original_dataset/Test_30deg/1000rpm/1000.0rpm200.0Nm30.0deg.csv,57792,999.9965317316917,Fw_then_Bw,38880,9946,2.4865,True,1,1.730343300110742e-05,999.9965317316917,-999.996196468904,0.3942847324651666,0.45714913479378083,2583.4161186740175,2355.091225278443,1351.352828740709,1225.2554796635877,369.2539595863761,357.116977728424,48.98582729022109,50.73348237294795,0.9655522349150087,True,False,False,False,False
speed_1000rpm__torque_200Nm__temperature_35degC,train,data/original_dataset/Test_35deg/1000rpm/1000.0rpm200.0Nm35.0deg.csv,57792,999.9972022681807,Fw_then_Bw,38880,9946,2.4865,True,1,1.730343300110742e-05,999.9972022681807,-999.9956376656579,0.40152110159397125,0.4611163312802091,2659.1980791035658,2273.672677498439,1437.4848067759558,1166.6155666113127,380.4053336383049,344.00394966939984,49.33671188512096,49.85046980561947,0.9896940204876346,True,False,False,False,False
speed_1000rpm__torque_300Nm__temperature_25degC,validation,data/original_dataset/Test_25deg/1000rpm/1000.0rpm300.0Nm25.0deg.csv,57792,999.9902174022282,Fw_then_Bw,38880,9945,2.48625,True,1,1.730343300110742e-05,999.9902174022282,-999.9954699887894,0.40484589650691305,0.513251996987151,2705.4509730075324,2453.9527483284464,1507.7099316192937,1299.1190123557317,402.7288912309583,379.66454341294565,50.93331196840153,54.21470197134113,0.9394741669026568,True,False,False,False,False
speed_1000rpm__torque_300Nm__temperature_30degC,validation,data/original_dataset/Test_30deg/1000rpm/1000.0rpm300.0Nm30.0deg.csv,57789,999.9944083344113,Fw_then_Bw,38879,9946,2.4865,True,1,1.730433127411791e-05,999.9944083344113,-999.9919496331131,0.4230625975955036,0.4767630355975143,2736.322585648804,2442.654261055509,1445.6257724765237,1296.6691546142783,386.89373948022865,365.4988789488698,51.03278684969155,54.296474203169964,0.9398913575628107,True,False,False,False,False
speed_1000rpm__torque_300Nm__temperature_35degC,train,data/original_dataset/Test_35deg/1000rpm/1000.0rpm300.0Nm35.0deg.csv,57791,999.9944083344113,Fw_then_Bw,38880,9945,2.48625,True,1,1.7303732415081932e-05,999.9944083344113,-999.990720297016,0.4213303327559288,0.4867651053548343,2757.3093965965654,2372.860830899026,1510.9800159933682,1334.0951085091542,404.28179577886544,394.5359281131458,49.82015051243706,51.55639294343926,0.9663234308709887,True,False,False,False,False
speed_1000rpm__torque_400Nm__temperature_25degC,train,data/original_dataset/Test_25deg/1000rpm/1000.0rpm400.0Nm25.0deg.csv,56932,999.9915864330735,Fw_then_Bw,38880,9088,2.2720000000000002,True,1,1.7564814164266143e-05,999.9915864330735,-999.98809400131,0.431835665949734,0.506239002182383,2699.8665882277237,2357.918641063474,1492.5688326358747,1275.0977790357408,410.27207331990206,386.6665122056247,51.15671829382791,53.71200964589207,0.9524260706514155,True,False,False,False,False
speed_1000rpm__torque_400Nm__temperature_30degC,train,data/original_dataset/Test_30deg/1000rpm/1000.0rpm400.0Nm30.0deg.csv,57788,999.9940730679858,Fw_then_Bw,38880,9944,2.486,True,1,1.730463071918045e-05,999.9940730679858,-999.9944083295608,0.4465598637276571,0.46765433216927477,2760.004460772938,2556.781768605356,1457.6912254094168,1405.8530481158418,402.6746576741514,411.99794415188086,51.209943024241504,54.75092204203521,0.9353256733270153,True,False,False,False,False
speed_1000rpm__torque_400Nm__temperature_35degC,train,data/original_dataset/Test_35deg/1000rpm/1000.0rpm400.0Nm35.0deg.csv,57789,999.9905526638031,Fw_then_Bw,38880,9944,2.486,True,1,1.730433127411791e-05,999.9905526638031,-999.9863335688133,0.43781473262555437,0.46061366447236196,2668.8109229631655,2538.2860796526306,1415.6363487240915,1382.1869005262215,398.06588563531,397.3181716032741,49.50133506790735,54.126845432983835,0.9145431379184387,True,False,False,False,False
speed_1000rpm__torque_500Nm__temperature_25degC,train,data/original_dataset/Test_25deg/1000rpm/1000.0rpm500.0Nm25.0deg.csv,57791,999.9893233325566,Fw_then_Bw,38880,9944,2.486,True,1,1.7303732415081932e-05,999.9893233325566,-999.9823103329011,0.4383734994914903,0.47516965423710644,2639.5170663206045,2542.7231409899155,1427.932346239594,1351.7952649296378,403.5431294214724,391.4316948681062,50.533174583551904,57.14598928052513,0.8842820855806444,True,False,False,False,False
speed_1000rpm__torque_500Nm__temperature_30degC,train,data/original_dataset/Test_30deg/1000rpm/1000.0rpm500.0Nm30.0deg.csv,57480,999.9923128658944,Fw_then_Bw,38880,9633,2.4082500000000002,True,1,1.7397355601948505e-05,999.9923128658944,-999.9880939916087,0.47606413136230685,0.4812886666815075,2808.952590566627,2651.9020398458442,1496.7172818259314,1518.3805966376892,413.0079231089211,422.10736643692144,53.9081969748849,54.661737839796835,0.9862144729624144,True,False,False,False,False
speed_1000rpm__torque_500Nm__temperature_35degC,train,data/original_dataset/Test_35deg/1000rpm/1000.0rpm500.0Nm35.0deg.csv,57788,1000.0014211994614,Fw_then_Bw,38880,9944,2.486,True,1,1.730463071918045e-05,1000.0014211994614,-999.9842386653957,0.4707556666592154,0.46377090135740673,2740.5466864969185,2633.570157922805,1515.4950828106164,1398.9552788436413,419.03130172629517,402.6949751235407,50.30912351205643,54.90395593471931,0.916311450706282,True,False,False,False,False
speed_1000rpm__torque_600Nm__temperature_25degC,validation,data/original_dataset/Test_25deg/1000rpm/1000.0rpm600.0Nm25.0deg.csv,57791,999.9949112340498,Fw_then_Bw,38880,9944,2.486,True,1,1.7303732415081932e-05,999.9949112340498,-999.984238005709,0.46078110244707204,0.48464133093756345,2689.8216378564703,2542.1202299180554,1453.768406733524,1402.0398047566005,414.9546729666554,415.2857868090223,53.3941072403195,55.12714335834517,0.9685629254039095,True,False,False,False,False
speed_1000rpm__torque_600Nm__temperature_30degC,test,data/original_dataset/Test_30deg/1000rpm/1000.0rpm600.0Nm30.0deg.csv,56536,999.9908879338666,Fw_then_Bw,38880,8691,2.17275,True,1,1.7687844912975805e-05,999.9908879338666,-999.9833443337895,0.47570093496079835,0.4807859998738877,2769.6276005979807,2838.6693059778736,1465.7819098235905,1668.8701808452606,414.42311215876083,451.64355493739095,52.97849421181123,58.734181051249834,0.9020044761598642,True,False,False,False,False
speed_1000rpm__torque_600Nm__temperature_35degC,train,data/original_dataset/Test_35deg/1000rpm/1000.0rpm600.0Nm35.0deg.csv,57791,999.9965317341168,Fw_then_Bw,38880,9944,2.486,True,1,1.7303732415081932e-05,999.9965317341168,-999.9830089315462,0.4735774649209361,0.45832233445253223,2739.4743029926262,2870.880940463849,1463.010881468722,1802.3036514222895,414.29805063548855,492.59992110603434,51.29403795422149,53.61541129714169,0.956703244705987,True,False,False,False,False
speed_1000rpm__torque_700Nm__temperature_25degC,train,data/original_dataset/Test_25deg/1000rpm/1000.0rpm700.0Nm25.0deg.csv,57788,999.991614332733,Fw_then_Bw,38880,9944,2.486,True,1,1.730463071918045e-05,999.991614332733,-999.9821426657338,0.5055405345049166,0.46695566561550095,2669.292564193434,2676.1405655028966,1417.2927273249331,1377.0058712361565,417.4405964313559,416.5524419574467,55.687365653056936,63.4570328021937,0.8775601882717061,True,False,False,False,False
speed_1000rpm__torque_700Nm__temperature_30degC,train,data/original_dataset/Test_30deg/1000rpm/1000.0rpm700.0Nm30.0deg.csv,57791,999.9937098691589,Fw_then_Bw,38880,9945,2.48625,True,1,1.7303732415081932e-05,999.9937098691589,-999.9849366625615,0.5660299357259078,0.4969350023506536,3061.965069112398,2910.375703747195,1765.5775175986935,1667.153855562172,467.75436672778534,453.0591737657231,55.40797643279802,59.49724204447185,0.9312696610606378,True,False,False,False,False
speed_1000rpm__torque_700Nm__temperature_35degC,validation,data/original_dataset/Test_35deg/1000rpm/1000.0rpm700.0Nm35.0deg.csv,57792,999.995274466831,Fw_then_Bw,38880,9945,2.48625,True,1,1.730343300110742e-05,999.995274466831,-999.9905246319636,0.5155149337951457,0.45360069392108926,2867.949470721851,2704.9181051556825,1586.5802364053018,1549.1544723509833,439.1510638096858,437.3895154111778,52.50446190141247,54.94677967362803,0.9555512117958068,True,False,False,False,False
speed_1000rpm__torque_800Nm__temperature_25degC,validation,data/original_dataset/Test_25deg/1000rpm/1000.0rpm800.0Nm25.0deg.csv,57795,999.9954700663997,Fw_then_Bw,38880,9948,2.487,True,1,1.7302534821351327e-05,999.9954700663997,-999.9919493372242,0.5444884009193629,0.525154338295863,2986.1920445312535,3057.640069164677,1634.7611002627445,1820.0128653644015,468.2157720835903,501.7093278465379,63.45250146569014,66.33177705050456,0.9565928170050056,True,False,False,False,False
speed_1000rpm__torque_800Nm__temperature_30degC,validation,data/original_dataset/Test_30deg/1000rpm/1000.0rpm800.0Nm30.0deg.csv,57791,999.9866969980454,Fw_then_Bw,38879,9945,2.48625,True,1,1.7303732415081932e-05,999.9866969980454,-999.9888201952369,0.5174428612614292,0.5513055269452138,3030.8967281597234,2880.826573042213,1764.781766980968,1663.0858331917805,482.38354304039603,473.597224127661,56.253580926158975,59.98543521545796,0.9377873266086214,True,False,False,False,False
speed_1000rpm__torque_800Nm__temperature_35degC,validation,data/original_dataset/Test_35deg/1000rpm/1000.0rpm800.0Nm35.0deg.csv,57795,1000.0031814027657,Fw_then_Bw,38880,9947,2.4867500000000002,True,1,1.7302534821351327e-05,1000.0031814027657,-999.9851044364428,0.5697459006721033,0.5637946596835945,3154.7806880557523,2980.381347394905,1831.7832899097073,1726.0014781357313,496.28583620349195,471.6441022496836,54.629763120010395,58.04879444071953,0.9411007351031085,True,False,False,False,False
speed_1000rpm__torque_900Nm__temperature_25degC,train,data/original_dataset/Test_25deg/1000rpm/1000.0rpm900.0Nm25.0deg.csv,57793,999.9960009008646,Fw_then_Bw,38880,9948,2.487,True,1,1.7303133597494507e-05,999.9960009008646,-999.9803826697947,0.5793851014459506,0.5648286702733571,3056.4344478380185,3232.710998660377,1747.6226443053267,1908.42293739322,494.54083990815406,520.7317277079482,63.61904144293925,69.55342089920573,0.9146788270146141,True,False,False,False,False
speed_1000rpm__torque_900Nm__temperature_30degC,train,data/original_dataset/Test_30deg/1000rpm/1000.0rpm900.0Nm30.0deg.csv,57028,999.9912511678607,Fw_then_Bw,38880,9180,2.295,True,1,1.7535245844146734e-05,999.9912511678607,-999.9940449973412,0.5497131690693777,0.557759655445409,3157.194650945734,3350.7610554805524,1864.6135777980107,2024.6341100333436,495.336417503222,529.4946624055908,59.03515829368189,63.2714734143974,0.9330454169611366,True,False,False,False,False
speed_1000rpm__torque_900Nm__temperature_35degC,test,data/original_dataset/Test_35deg/1000rpm/1000.0rpm900.0Nm35.0deg.csv,57792,999.9807179313697,Fw_then_Bw,38880,9947,2.4867500000000002,True,1,1.730343300110742e-05,999.9807179313697,-999.987423332641,0.5518365348202678,0.5482883328417074,3091.0350692774946,2904.2078182101236,1792.251748778017,1802.524898946375,488.8645063198737,483.2255749473915,56.71367467482469,56.79710867384529,0.9985310167899617,True,False,False,False,False
speed_1000rpm__torque_1000Nm__temperature_25degC,train,data/original_dataset/Test_25deg/1000rpm/1000.0rpm1000.0Nm25.0deg.csv,57795,1000.0007227002545,Fw_then_Bw,38880,9947,2.4867500000000002,True,1,1.7302534821351327e-05,1000.0007227002545,-999.9870320025366,0.5903933330653217,0.6177460018079728,3366.463263713416,3136.4185987821193,1995.6574283542063,1821.7116171121224,532.69841968995,501.7487048391101,66.59324074742013,68.22239389202875,0.9761199651365653,True,False,False,False,False
speed_1000rpm__torque_1000Nm__temperature_30degC,train,data/original_dataset/Test_30deg/1000rpm/1000.0rpm1000.0Nm30.0deg.csv,57792,999.9935422007791,Fw_then_Bw,38880,9947,2.4867500000000002,True,1,1.730343300110742e-05,999.9935422007791,-999.9786504971174,0.5940813995646295,0.6028543333134166,3394.3334031690483,3271.1105285375193,2050.1598622648985,2011.0264110562634,538.3209400540632,533.2859394095063,62.50531737975961,63.48116175095129,0.9846278117117626,True,False,False,False,False
speed_1000rpm__torque_1000Nm__temperature_35degC,train,data/original_dataset/Test_35deg/1000rpm/1000.0rpm1000.0Nm35.0deg.csv,57795,999.9979007989168,Fw_then_Bw,38880,9947,2.4867500000000002,True,1,1.7302534821351327e-05,999.9979007989168,-999.9887646699791,0.6149802017412185,0.6237813310384581,3456.530470672528,3347.5084540743396,2111.895382180795,2131.551466584141,551.1305654331636,547.553818779306,60.28552310608575,60.824618363130824,0.9911368904309994,True,False,False,False,False
speed_1000rpm__torque_1100Nm__temperature_25degC,train,data/original_dataset/Test_25deg/1000rpm/1000.0rpm1100.0Nm25.0deg.csv,57795,1000.0021196659268,Fw_then_Bw,38880,9947,2.4867500000000002,True,1,1.7302534821351327e-05,1000.0021196659268,-999.9754653351072,0.6100907970296703,0.6419980005982779,3444.861614843966,3612.8240521062694,2093.6426659673543,2216.479247510732,553.6100582882455,583.5018079908422,68.26044855979478,70.77447541860234,0.9644783399108492,True,False,False,False,False
speed_1000rpm__torque_1100Nm__temperature_30degC,validation,data/original_dataset/Test_30deg/1000rpm/1000.0rpm1100.0Nm30.0deg.csv,57795,1000.0028461363399,Fw_then_Bw,38880,9947,2.4867500000000002,True,1,1.7302534821351327e-05,1000.0028461363399,-999.9842386653957,0.6163492677540034,0.6314370693871183,3488.4365168788236,3654.152480885386,2141.8801143391192,2341.1661338804606,551.8751619826617,593.4685531829472,65.49558163317211,66.22113557432382,0.9890434687527008,True,False,False,False,False
speed_1000rpm__torque_1100Nm__temperature_35degC,validation,data/original_dataset/Test_35deg/1000rpm/1000.0rpm1100.0Nm35.0deg.csv,57795,1000.0105015994147,Fw_then_Bw,38880,9947,2.4867500000000002,True,1,1.7302534821351327e-05,1000.0105015994147,-999.9716099991929,0.6556324624399394,0.6353478383970241,3665.238400571957,3456.249121032897,2360.8486238118517,2247.414078414247,591.303151348961,581.3624171273203,63.18682509847804,61.423028622130005,1.0287155569484987,True,False,False,False,False
speed_1000rpm__torque_1200Nm__temperature_25degC,train,data/original_dataset/Test_25deg/1000rpm/1000.0rpm1200.0Nm25.0deg.csv,57793,1000.0140778671871,Fw_then_Bw,38880,9947,2.4867500000000002,True,1,1.7303133597494507e-05,1000.0140778671871,-999.9789576637946,0.6570574017435433,0.6607733327351752,3578.0641230915535,3947.094135219595,2221.316266357644,2519.953376054764,579.4742230768179,620.5024460951336,70.05235012034058,74.66366617113636,0.938238821005304,True,False,False,False,False
speed_1000rpm__torque_1200Nm__temperature_30degC,train,data/original_dataset/Test_30deg/1000rpm/1000.0rpm1200.0Nm30.0deg.csv,57796,1000.0059753316841,Fw_then_Bw,38880,9948,2.487,True,1,1.7302235448819988e-05,1000.0059753316841,-999.9712463322794,0.67882240303652,0.7416030033102743,3947.3845031667165,4126.556477665462,2530.0942742828047,2827.3523344101022,634.6112907999211,686.1776893691739,69.86811785466215,68.34176086842942,1.022334177036662,True,False,False,False,False
speed_1000rpm__torque_1200Nm__temperature_35degC,train,data/original_dataset/Test_35deg/1000rpm/1000.0rpm1200.0Nm35.0deg.csv,57795,1000.0039078004193,Fw_then_Bw,38880,9948,2.487,True,1,1.7302534821351327e-05,1000.0039078004193,-999.9524988331057,0.7189716658709813,0.7237213285407051,4048.416294972429,3590.807202272117,2663.8984727116153,2405.7179768383776,653.723485661316,603.9040988044006,68.52248164952925,64.67000896705031,1.0595712408891391,True,False,False,False,False
speed_1000rpm__torque_1300Nm__temperature_25degC,train,data/original_dataset/Test_25deg/1000rpm/1000.0rpm1300.0Nm25.0deg.csv,57794,1000.0121220994818,Fw_then_Bw,38880,9947,2.4867500000000002,True,1,1.7302834204242655e-05,1000.0121220994818,-999.9600426672259,0.7484481017550593,0.7024873290599203,3951.352450531248,4090.033789786547,2557.050422690553,2681.7843598127633,632.064673561581,651.55221053501,73.20303797432643,72.0615716409611,1.0158401531825112,True,False,False,False,False
speed_1000rpm__torque_1300Nm__temperature_30degC,train,data/original_dataset/Test_30deg/1000rpm/1000.0rpm1300.0Nm30.0deg.csv,57795,1000.0053048036839,Fw_then_Bw,38881,9947,2.4867500000000002,True,1,1.7302534821351327e-05,1000.0053048036839,-999.975101998037,0.7591769390276113,0.7728113948057285,4212.632561877399,4397.392253547512,2791.0173326731638,2942.325167655781,687.1989720634701,709.876425138645,72.57898373154603,73.20880763018059,0.9913968835305151,True,False,False,False,False
speed_1000rpm__torque_1300Nm__temperature_35degC,train,data/original_dataset/Test_35deg/1000rpm/1000.0rpm1300.0Nm35.0deg.csv,57794,1000.0150836664639,Fw_then_Bw,38880,9946,2.4865,True,1,1.7302834204242655e-05,1000.0150836664639,-999.9494813382626,0.760406299378019,0.804048041269823,4333.343181254644,4220.567891024984,2906.9333933297457,2866.622103750842,704.9664925958948,687.550215848546,72.45294882495726,70.48931762108168,1.027857145878914,True,False,False,False,False
speed_1000rpm__torque_1400Nm__temperature_25degC,train,data/original_dataset/Test_25deg/1000rpm/1000.0rpm1400.0Nm25.0deg.csv,57792,1000.0100266333902,Fw_then_Bw,38880,9946,2.4865,True,1,1.730343300110742e-05,1000.0100266333902,-999.9849366722628,0.726012500914976,0.7868646838080622,4133.965748284503,4210.565098522693,2709.4177832454507,2823.2597120106675,662.9420693833245,693.2658794380586,76.62497552341843,72.84012020079444,1.0519611350474227,True,False,False,False,False
speed_1000rpm__torque_1400Nm__temperature_30degC,train,data/original_dataset/Test_30deg/1000rpm/1000.0rpm1400.0Nm30.0deg.csv,57792,1000.009495735867,Fw_then_Bw,38880,9946,2.4865,True,1,1.730343300110742e-05,1000.009495735867,-999.9553203330531,0.7195025973487645,0.7691789942328455,4025.840436224956,4205.256913943799,2588.108254074882,2816.5099166334358,652.8410236039008,684.0963384931911,76.16422961239094,75.69551600681734,1.0061920920854992,True,False,False,False,False
speed_1000rpm__torque_1400Nm__temperature_35degC,test,data/original_dataset/Test_35deg/1000rpm/1000.0rpm1400.0Nm35.0deg.csv,57795,1000.0126250015455,Fw_then_Bw,38880,9946,2.4865,True,1,1.7302534821351327e-05,1000.0126250015455,-999.9391436334311,0.8557923016875861,0.8403696992901359,4660.125562804455,5248.300731182212,3183.7351103870296,3681.208932399727,779.0039479733421,879.8896194921326,76.87361358809983,76.56190754585168,1.0040712940970218,True,False,False,False,False
speed_1000rpm__torque_1500Nm__temperature_25degC,train,data/original_dataset/Test_25deg/1000rpm/1000.0rpm1500.0Nm25.0deg.csv,57792,1000.0105575357641,Fw_then_Bw,38880,9946,2.4865,True,1,1.730343300110742e-05,1000.0105575357641,-999.9737326579634,0.7823109663150944,0.816508661955595,4303.827546149205,4437.602144511175,2905.024611018847,2950.0163622199125,701.4492766135828,703.4917998882975,78.09665618044615,78.82198020092801,0.9907979472396796,True,False,False,False,False
speed_1000rpm__torque_1500Nm__temperature_30degC,train,data/original_dataset/Test_30deg/1000rpm/1000.0rpm1500.0Nm30.0deg.csv,57793,1000.0087972681893,Fw_then_Bw,38880,9946,2.4865,True,1,1.7303133597494507e-05,1000.0087972681893,-999.9771976533036,0.8163135316864327,0.8224600023822859,4388.093870754369,4623.960470781185,2936.127040982251,3198.0201460422677,720.1305397477427,746.848862263505,78.27889674363166,76.61667506738468,1.0216952990296833,True,False,False,False,False
speed_1000rpm__torque_1500Nm__temperature_35degC,train,data/original_dataset/Test_35deg/1000rpm/1000.0rpm1500.0Nm35.0deg.csv,57792,1000.0001918657896,Fw_then_Bw,38880,9946,2.4865,True,1,1.730343300110742e-05,1000.0001918657896,-999.9514370671629,0.8486118313157363,0.9042396656393521,4711.97065926433,4814.788068567509,3201.3640253243225,3314.517452567543,785.6850795092441,807.230470968193,80.87568390781144,77.898033848669,1.0382249706703388,True,False,False,False,False
speed_1000rpm__torque_1600Nm__temperature_25degC,validation,data/original_dataset/Test_25deg/1000rpm/1000.0rpm1600.0Nm25.0deg.csv,57794,1000.0028181651335,Fw_then_Bw,38880,9946,2.4865,True,1,1.7302834204242655e-05,1000.0028181651335,-999.9751300007727,0.799298302202601,0.8393356644471055,4378.258689636641,4553.329126793415,2904.4410432874192,3158.021718263626,717.4489122947307,740.6888183738829,81.26308121327382,77.67064426809611,1.046252184194297,True,False,False,False,False
speed_1000rpm__torque_1600Nm__temperature_30degC,train,data/original_dataset/Test_30deg/1000rpm/1000.0rpm1600.0Nm30.0deg.csv,57792,999.9959729660379,Fw_then_Bw,38880,9946,2.4865,True,1,1.730343300110742e-05,999.9959729660379,-999.9752976679399,0.8006952994035146,0.9147449939823673,4632.1734310671445,4636.198316196328,3123.2983141392424,3168.728240579526,758.3115713227005,742.9825404569783,82.43200426277322,77.83218465829123,1.059099196876931,True,False,False,False,False
speed_1000rpm__torque_1600Nm__temperature_35degC,train,data/original_dataset/Test_35deg/1000rpm/1000.0rpm1600.0Nm35.0deg.csv,57794,999.9926481662745,Fw_then_Bw,38879,9947,2.4867500000000002,True,1,1.7302834204242655e-05,999.9926481662745,-999.9421613368518,0.8900184317704998,0.8893200041105729,4969.1524822268075,4611.097153974606,3452.53949135531,3156.034672260191,829.4645852984556,747.068631294223,84.20877288463089,80.64752196046355,1.044158218846615,True,False,False,False,False
speed_1000rpm__torque_1700Nm__temperature_25degC,validation,data/original_dataset/Test_25deg/1000rpm/1000.0rpm1700.0Nm25.0deg.csv,57793,999.9961685656066,Fw_then_Bw,38880,9946,2.4865,True,1,1.7303133597494507e-05,999.9961685656066,-999.9647920000522,0.8315965654521733,0.8470193424726631,4570.483770900319,5007.90779187696,3121.95489935552,3380.2763357756476,752.4830845762148,789.0084981917198,84.15606954301887,84.52167420966816,0.9956744270618403,True,False,False,False,False
speed_1000rpm__torque_1700Nm__temperature_30degC,train,data/original_dataset/Test_30deg/1000rpm/1000.0rpm1700.0Nm30.0deg.csv,57388,999.9912232330341,Fw_then_Bw,38880,9539,2.38475,True,1,1.7425245695964313e-05,999.9912232330341,-999.9758566652115,0.8724443687243593,0.9078713434669226,4724.48762544991,5572.42293725758,3213.15226620045,3955.793229937399,779.4584505747025,915.8626067498517,84.6666138954788,79.94202638046772,1.0591001720737647,True,False,False,False,False
speed_1000rpm__torque_1700Nm__temperature_35degC,train,data/original_dataset/Test_35deg/1000rpm/1000.0rpm1700.0Nm35.0deg.csv,57793,999.9907203018665,Fw_then_Bw,38880,9947,2.4867500000000002,True,1,1.7303133597494507e-05,999.9907203018665,-999.9591486654633,0.9024515675264979,0.9978933376260102,5156.781856203019,5445.756099653043,3564.2378556822423,3773.613290786806,854.9658385061774,889.682342963806,86.89073835803356,81.07043063564556,1.0717932256773888,True,False,False,False,False
speed_1000rpm__torque_1800Nm__temperature_25degC,train,data/original_dataset/Test_25deg/1000rpm/1000.0rpm1800.0Nm25.0deg.csv,57795,1000.0000521322363,Fw_then_Bw,38880,9947,2.4867500000000002,True,1,1.7302534821351327e-05,1000.0000521322363,-999.9733420020978,0.8142739340352705,0.9087663347598323,4656.14733499644,4672.787858483707,3143.5199161991463,3099.891536831819,761.4513797421739,756.4989615763345,85.05690614210828,81.9304191242281,1.0381602712557787,True,False,False,False,False
speed_1000rpm__torque_1800Nm__temperature_30degC,test,data/original_dataset/Test_30deg/1000rpm/1000.0rpm1800.0Nm30.0deg.csv,57795,999.9898262661494,Fw_then_Bw,38880,9947,2.4867500000000002,True,1,1.7302534821351327e-05,999.9898262661494,-1000.0009183277142,0.8513778666384155,0.9393038005025005,4877.596816125629,4414.625450347785,3283.9022300854567,2871.724846065216,794.3159889606696,700.1735636877582,86.9327786535905,81.71243574652178,1.063886761658441,True,False,False,False,False
speed_1000rpm__torque_1800Nm__temperature_35degC,train,data/original_dataset/Test_35deg/1000rpm/1000.0rpm1800.0Nm35.0deg.csv,57794,999.9866969301365,Fw_then_Bw,38881,9945,2.48625,True,1,1.7302834204242655e-05,999.9866969301365,-999.9728386707527,0.9352526637181882,0.9335200011263964,5061.328275283813,5494.86283368169,3476.0981917379468,3894.782093167123,831.8572697185118,909.40296224162,87.8489769920634,85.1880112789331,1.0312363872941868,True,False,False,False,False
speed_1100rpm__torque_0Nm__temperature_25degC,train,data/original_dataset/Test_25deg/1100rpm/1100.0rpm0.0Nm25.0deg.csv,54886,1100.0016331284617,Fw_then_Bw,35346,9770,2.4425,True,1,1.8219582407171226e-05,1100.0016331284617,-1099.996045328832,0.47083946992665915,0.45111400928954026,3179.759737880886,3224.5836550521744,1438.6362873017333,1489.6787935498196,327.9240003648738,335.308062569311,68.32937726608179,71.07642080500221,0.9613508459231941,True,False,False,False,False
speed_1100rpm__torque_0Nm__temperature_30degC,train,data/original_dataset/Test_30deg/1100rpm/1100.0rpm0.0Nm30.0deg.csv,53471,1100.0027507980121,Fw_then_Bw,35346,8357,2.08925,True,1,1.870172616932543e-05,1100.0027507980121,-1099.9869366642088,0.49738207114069155,0.5012939994533099,3784.5962700280324,3258.526278659337,1689.4225344060487,1460.3465843203594,352.1516991866065,331.5018703540772,70.06497364932329,70.06761918510165,0.9999622431044594,True,False,False,False,False
speed_1100rpm__torque_0Nm__temperature_35degC,validation,data/original_dataset/Test_35deg/1100rpm/1100.0rpm0.0Nm35.0deg.csv,54881,1100.001689066024,Fw_then_Bw,35345,9767,2.44175,True,1,1.822124232430167e-05,1100.001689066024,-1099.9925806633353,0.5012936696098222,0.4887208051516154,3792.46470208072,3915.8475779312525,1722.603944540242,1732.1706494689352,359.6161066070633,348.285905732791,68.75881954019859,73.19753153769848,0.9393598130394076,True,False,False,False,False
speed_1100rpm__torque_100Nm__temperature_25degC,train,data/original_dataset/Test_25deg/1100rpm/1100.0rpm100.0Nm25.0deg.csv,54885,1100.001688998115,Fw_then_Bw,35346,9770,2.4425,True,1,1.821991436640248e-05,1100.001688998115,-1099.9879986629821,0.45144933392271014,0.44513466612761476,2913.1013434387114,3113.474871497871,1247.696682810556,1358.7557002905667,332.886625125866,346.2316802217628,67.67155751936116,74.95612491757127,0.9028155816990152,True,False,False,False,False
speed_1100rpm__torque_100Nm__temperature_30degC,train,data/original_dataset/Test_30deg/1100rpm/1100.0rpm100.0Nm30.0deg.csv,54883,1099.9955422982264,Fw_then_Bw,35345,9768,2.442,True,1,1.8220578321155913e-05,1099.9955422982264,-1099.9995659997996,0.43977050275611873,0.40903732102970025,2910.1972235363064,2934.4373596061805,1237.0616042613606,1269.0737380089101,320.9901545022146,330.45240261003516,66.38022932620511,70.30574877790056,0.9441650288926391,True,False,False,False,False
speed_1100rpm__torque_100Nm__temperature_35degC,train,data/original_dataset/Test_35deg/1100rpm/1100.0rpm100.0Nm35.0deg.csv,54884,1099.996045193014,Fw_then_Bw,35345,9768,2.442,True,1,1.8220246337730486e-05,1099.996045193014,-1099.9974979980227,0.4357472741201036,0.3883060029088483,2904.8322079081117,2929.31880103506,1250.5799509584904,1235.331601202597,314.06111603682797,316.6986435651778,62.87832698308186,66.9260909427976,0.9395188946090486,True,False,False,False,False
speed_1100rpm__torque_200Nm__temperature_25degC,train,data/original_dataset/Test_25deg/1100rpm/1100.0rpm200.0Nm25.0deg.csv,54883,1099.9887250654865,Fw_then_Bw,35345,9771,2.44275,True,1,1.8220578321155913e-05,1099.9887250654865,-1099.99151933395,0.38590280261496446,0.3683573352949452,2198.740188031479,2137.8314122553093,925.5767416958404,948.3173921703383,314.11434085584887,317.1658923938594,62.46271738327772,65.48617854014083,0.9538305452499443,True,False,False,False,False
speed_1100rpm__torque_200Nm__temperature_30degC,train,data/original_dataset/Test_30deg/1100rpm/1100.0rpm200.0Nm30.0deg.csv,54885,1100.0058800079082,Fw_then_Bw,35346,9770,2.4425,True,1,1.821991436640248e-05,1100.0058800079082,-1099.994703991494,0.45748427510261536,0.4093720150799527,3182.440627521146,3263.421345035703,1273.8708265126206,1327.056299895048,310.25011837459715,331.0766585524105,70.15901007275716,77.83772618590763,0.9013496862072946,True,False,False,False,False
speed_1100rpm__torque_200Nm__temperature_35degC,train,data/original_dataset/Test_35deg/1100rpm/1100.0rpm200.0Nm35.0deg.csv,54887,1100.0012978717373,Fw_then_Bw,35346,9771,2.44275,True,1,1.8219250460036076e-05,1100.0012978717373,-1099.9932513320043,0.44586134026758373,0.4149606587211565,3433.842289572567,3443.5093208840044,1356.661285460632,1385.9421014785767,296.8844200170224,314.69123881470296,66.14787943863121,70.19664022573124,0.9423225844701336,True,False,False,False,False
speed_1100rpm__torque_300Nm__temperature_25degC,test,data/original_dataset/Test_25deg/1100rpm/1100.0rpm300.0Nm25.0deg.csv,54884,1100.008673936827,Fw_then_Bw,35346,9771,2.44275,True,1,1.8220246337730486e-05,1100.008673936827,-1099.9943133404788,0.41780987036554507,0.4581553318225815,2719.5386743796917,2593.8080507335144,1113.831582665398,1077.1527469155444,326.2052081879574,332.2639575312678,67.34070561719818,72.30124475063349,0.9313906814392453,True,False,False,False,False
speed_1100rpm__torque_300Nm__temperature_30degC,train,data/original_dataset/Test_30deg/1100rpm/1100.0rpm300.0Nm30.0deg.csv,54883,1100.0040918006562,Fw_then_Bw,35346,9770,2.4425,True,1,1.8220578321155913e-05,1100.0040918006562,-1099.9925246578641,0.4263036632132753,0.3910999900351726,2913.9967324836107,2613.431886615216,1170.8740124483938,1073.9769560100278,299.8965168815175,310.09210035945205,66.28673702130072,69.48924187831834,0.9539136595758884,True,False,False,False,False
speed_1100rpm__torque_300Nm__temperature_35degC,train,data/original_dataset/Test_35deg/1100rpm/1100.0rpm300.0Nm35.0deg.csv,54883,1099.9953746698643,Fw_then_Bw,35346,9770,2.4425,True,1,1.8220578321155913e-05,1099.9953746698643,-1099.98939599609,0.44625253455433267,0.3805940020054095,3007.2032629207115,2655.074283636166,1174.1593290119,1060.5296996238835,299.7581327242642,306.4423812995301,64.06098738784749,67.68439562638376,0.9464661211051156,True,False,False,False,False
speed_1100rpm__torque_400Nm__temperature_25degC,train,data/original_dataset/Test_25deg/1100rpm/1100.0rpm400.0Nm25.0deg.csv,54887,1099.9960452706243,Fw_then_Bw,35346,9771,2.44275,True,1,1.8219250460036076e-05,1099.9960452706243,-1099.9932513417054,0.4370883398225942,0.4637986615612135,2754.407284858871,2498.4782600463404,1140.296517685556,1048.7663984299616,336.4948417022333,334.7439499839311,70.66027213363668,75.47697196196168,0.9361831866976263,True,False,False,False,False
speed_1100rpm__torque_400Nm__temperature_30degC,train,data/original_dataset/Test_30deg/1100rpm/1100.0rpm400.0Nm30.0deg.csv,54195,1100.006941667137,Fw_then_Bw,35345,9083,2.27075,True,1,1.845188670541563e-05,1100.006941667137,-1099.99151933395,0.45748420234281184,0.42465499912691484,2904.7873530849747,2801.7686873979974,1171.3296017045623,1130.3767633443383,327.88726403541654,335.77531483933853,69.26694087433121,75.47740719346618,0.9177175455535178,True,False,False,False,False
speed_1100rpm__torque_400Nm__temperature_35degC,train,data/original_dataset/Test_35deg/1100rpm/1100.0rpm400.0Nm35.0deg.csv,54885,1099.998839199543,Fw_then_Bw,35346,9770,2.4425,True,1,1.821991436640248e-05,1099.998839199543,-1099.9967713335839,0.4458613305662311,0.4276453400962055,2894.997528831709,3101.9413552714,1146.0296690465839,1238.0764001608893,311.85730298375347,319.3095637929217,63.80481559699547,72.07187288017847,0.8852942631735514,True,False,False,False,False
speed_1100rpm__torque_500Nm__temperature_25degC,validation,data/original_dataset/Test_25deg/1100rpm/1100.0rpm500.0Nm25.0deg.csv,54886,1099.9967716318984,Fw_then_Bw,35345,9770,2.4425,True,1,1.8219582407171226e-05,1099.9967716318984,-1099.991853989195,0.44027339754381956,0.43462932808324695,2808.944260080893,2975.0505229452733,1136.6755077240668,1202.1591164168055,322.69310724241217,324.68087882521104,68.10598491465497,75.21692951104342,0.9054608498031761,True,False,False,False,False
speed_1100rpm__torque_500Nm__temperature_30degC,test,data/original_dataset/Test_30deg/1100rpm/1100.0rpm500.0Nm30.0deg.csv,54885,1099.998168666692,Fw_then_Bw,35344,9771,2.44275,True,1,1.821991436640248e-05,1099.998168666692,-1099.9904573351766,0.4290137294444776,0.4515053393940889,2816.2857294472356,2694.055360430866,1124.8292993010637,1085.6687977907313,320.9949428131949,314.46239210254134,67.10192904974973,69.06356419085569,0.971596670920646,True,False,False,False,False
speed_1100rpm__torque_500Nm__temperature_35degC,train,data/original_dataset/Test_35deg/1100rpm/1100.0rpm500.0Nm35.0deg.csv,54884,1099.9988950691964,Fw_then_Bw,35345,9771,2.44275,True,1,1.8220246337730486e-05,1099.9988950691964,-1099.9993979979383,0.4669838041688763,0.4481523355934769,3051.638393662864,3147.5722595732805,1200.5564320090334,1240.90165197822,320.52183917603514,322.7112133586161,66.99325943936856,72.92642879610867,0.918641712549392,True,False,False,False,False
speed_1100rpm__torque_600Nm__temperature_25degC,validation,data/original_dataset/Test_25deg/1100rpm/1100.0rpm600.0Nm25.0deg.csv,54883,1099.9955423006518,Fw_then_Bw,35345,9771,2.44275,True,1,1.8220578321155913e-05,1099.9955423006518,-1099.985148680086,0.43535603132716005,0.4599433159455657,2594.184611613851,2622.6415842147617,1082.4858868116278,1061.9535997507228,340.17213980405336,333.3336515793235,69.14124128816172,74.76656625749456,0.924761490985699,True,False,False,False,False
speed_1100rpm__torque_600Nm__temperature_30degC,validation,data/original_dataset/Test_30deg/1100rpm/1100.0rpm600.0Nm30.0deg.csv,54886,1099.99973323526,Fw_then_Bw,35345,9771,2.44275,True,1,1.8219582407171226e-05,1099.99973323526,-1099.9967719932708,0.4274770374950094,0.43960266824205974,2771.3914557050884,3072.4694758341684,1101.7617829142173,1226.7082959415347,317.10730223458063,324.8825651548941,66.70026696501729,76.28140310816889,0.8743974841474099,True,False,False,False,False
speed_1100rpm__torque_600Nm__temperature_35degC,train,data/original_dataset/Test_35deg/1100rpm/1100.0rpm600.0Nm35.0deg.csv,54886,1099.9937821325148,Fw_then_Bw,35345,9771,2.44275,True,1,1.8219582407171226e-05,1099.9937821325148,-1099.9936426621084,0.44672753574570834,0.46765465716202925,2998.3069514853883,3217.1980128623545,1212.4031856656075,1286.4992290737973,330.8674898880776,328.39497888426195,68.14404006036052,72.80139440672428,0.9360265777281103,True,False,False,False,False
speed_1100rpm__torque_700Nm__temperature_25degC,train,data/original_dataset/Test_25deg/1100rpm/1100.0rpm700.0Nm25.0deg.csv,54883,1099.9918542656815,Fw_then_Bw,35346,9770,2.4425,True,1,1.8220578321155913e-05,1099.9918542656815,-1099.9852046758558,0.44904652653121957,0.4223926807753742,2637.003315612219,2685.2825229685086,1085.9145283698126,1121.916628628969,338.5117451350652,342.2009057231661,71.19969983045848,75.37216588448244,0.9446418183017482,True,False,False,False,False
speed_1100rpm__torque_700Nm__temperature_30degC,train,data/original_dataset/Test_30deg/1100rpm/1100.0rpm700.0Nm30.0deg.csv,54885,1099.9985598027706,Fw_then_Bw,35346,9770,2.4425,True,1,1.821991436640248e-05,1099.9985598027706,-1099.9873280137156,0.4648044608379678,0.4760360073607899,2980.5473944479672,3346.7262537064016,1211.8219941853567,1365.8523727949603,349.2512106895447,355.08977447925645,72.95464372054994,81.88826081814113,0.8909047889363394,True,False,False,False,False
speed_1100rpm__torque_700Nm__temperature_35degC,train,data/original_dataset/Test_35deg/1100rpm/1100.0rpm700.0Nm35.0deg.csv,54885,1100.001689066024,Fw_then_Bw,35346,9770,2.4425,True,1,1.821991436640248e-05,1100.001689066024,-1099.9852046661545,0.4655308633423374,0.46100466473330926,3103.986382484436,3298.6140130864433,1228.9322864266978,1329.3496929112725,333.7514968143296,331.56144505451266,69.71417821091563,75.19988891272077,0.9270516116297457,True,False,False,False,False
speed_1100rpm__torque_800Nm__temperature_25degC,train,data/original_dataset/Test_25deg/1100rpm/1100.0rpm800.0Nm25.0deg.csv,54884,1099.998839199543,Fw_then_Bw,35346,9770,2.4425,True,1,1.8220246337730486e-05,1099.998839199543,-1099.986601989561,0.45994293759576976,0.42658268163609137,2807.378924140494,2984.65047380846,1146.1861605753256,1203.4244711700917,337.3836069590652,339.88799349895083,71.42764300465387,77.87391133965683,0.9172217213170821,True,False,False,False,False
speed_1100rpm__torque_800Nm__temperature_30degC,test,data/original_dataset/Test_30deg/1100rpm/1100.0rpm800.0Nm30.0deg.csv,54884,1099.9961011305763,Fw_then_Bw,35346,9769,2.44225,True,1,1.8220246337730486e-05,1099.9961011305763,-1099.9883339973167,0.45988706794241807,0.4627373224745952,3068.896010518756,3241.583945540333,1220.8521436898536,1313.0306977032888,333.4427540678462,334.4374260730549,73.0995841990989,76.34469663134954,0.9574939376873745,True,False,False,False,False
speed_1100rpm__torque_800Nm__temperature_35degC,train,data/original_dataset/Test_35deg/1100rpm/1100.0rpm800.0Nm35.0deg.csv,54886,1099.9949835337852,Fw_then_Bw,35346,9770,2.4425,True,1,1.8219582407171226e-05,1099.9949835337852,-1099.9943133404788,0.48061833270685383,0.4627359933997468,3201.6631739672903,3489.9115407218214,1290.4666103420368,1429.9125985802216,339.8369453136638,340.6224429963003,72.51037491255374,76.3314186714524,0.9499414025652362,True,False,False,False,False
speed_1100rpm__torque_900Nm__temperature_25degC,train,data/original_dataset/Test_25deg/1100rpm/1100.0rpm900.0Nm25.0deg.csv,54883,1100.0066064686205,Fw_then_Bw,35346,9770,2.4425,True,1,1.8220578321155913e-05,1100.0066064686205,-1099.9957093348107,0.45323739565606047,0.46972134926681974,2746.1345113497373,2782.065343732028,1128.483599610945,1170.1473112400888,359.37069711212644,353.1926403090892,76.52649891065266,78.21405530771698,0.9784238729161278,True,False,False,False,False
speed_1100rpm__torque_900Nm__temperature_30degC,train,data/original_dataset/Test_30deg/1100rpm/1100.0rpm900.0Nm30.0deg.csv,54886,1100.0026948653008,Fw_then_Bw,35346,9770,2.4425,True,1,1.8219582407171226e-05,1100.0026948653008,-1099.9883339973167,0.46905126267415653,0.4392119978244864,3141.4812256114146,3307.4097358625745,1251.3175442813917,1369.1470140219733,327.0911057918511,340.73522960184135,72.75325793943921,76.38165417424715,0.9524964957353426,True,False,False,False,False
speed_1100rpm__torque_900Nm__temperature_35degC,validation,data/original_dataset/Test_35deg/1100rpm/1100.0rpm900.0Nm35.0deg.csv,54883,1100.0024155267358,Fw_then_Bw,35346,9769,2.44225,True,1,1.8220578321155913e-05,1100.0024155267358,-1099.9862666649278,0.4971027374267578,0.4662013379856944,3359.2428856843526,3559.4254111249033,1358.3488889034925,1450.493935942723,347.0055546081312,342.3606012545861,74.85841767902457,78.97423694648752,0.947884026150809,True,False,False,False,False
speed_1100rpm__torque_1000Nm__temperature_25degC,validation,data/original_dataset/Test_25deg/1100rpm/1100.0rpm1000.0Nm25.0deg.csv,54883,1099.994648199451,Fw_then_Bw,35346,9770,2.4425,True,1,1.8220578321155913e-05,1099.994648199451,-1099.9837520066649,0.4616751296757684,0.48274133587256074,2751.2759552328134,2944.5848873981035,1157.3733329776132,1234.0463921429086,366.16677014717425,362.2717050212486,76.8739465102044,80.0563262464038,0.9602482416392127,True,False,False,False,False
speed_1100rpm__torque_1000Nm__temperature_30degC,test,data/original_dataset/Test_30deg/1100rpm/1100.0rpm1000.0Nm30.0deg.csv,54883,1100.003030131726,Fw_then_Bw,35345,9770,2.4425,True,1,1.8220578321155913e-05,1100.003030131726,-1099.9852046661545,0.48123293284629653,0.4655309991599097,3277.659198889882,3763.4857115335763,1315.9811735156836,1550.0351589914312,341.6623246102972,341.3520760835126,75.50818211984726,81.91150005636695,0.9218263866232058,True,False,False,False,False
speed_1100rpm__torque_1000Nm__temperature_35degC,train,data/original_dataset/Test_35deg/1100rpm/1100.0rpm1000.0Nm35.0deg.csv,54884,1100.0026948653008,Fw_then_Bw,35345,9770,2.4425,True,1,1.8220246337730486e-05,1100.0026948653008,-1099.9864343272443,0.5254893912936041,0.4742759968697783,3491.342075479406,3895.3621289694183,1414.1947102543782,1569.9930265544476,353.751415014085,344.8682193599778,76.29026534523291,82.2860460690208,0.9271349030580631,True,False,False,False,False
speed_1100rpm__torque_1100Nm__temperature_25degC,train,data/original_dataset/Test_25deg/1100rpm/1100.0rpm1100.0Nm25.0deg.csv,54884,1099.987998602349,Fw_then_Bw,35345,9770,2.4425,True,1,1.8220246337730486e-05,1099.987998602349,-1099.9897306513353,0.44728633414104024,0.5030259878067227,2785.473518694562,3103.608281041351,1149.2731714244653,1295.7819601891056,361.4384248141505,348.33113494401005,77.35340429953781,80.70195838795367,0.9585071520530078,True,False,False,False,False
speed_1100rpm__torque_1100Nm__temperature_30degC,train,data/original_dataset/Test_30deg/1100rpm/1100.0rpm1100.0Nm30.0deg.csv,54884,1100.0012978620362,Fw_then_Bw,35346,9770,2.4425,True,1,1.8220246337730486e-05,1100.0012978620362,-1099.97816333392,0.4788301254543512,0.4813439833619668,3227.369374750424,3417.8720263295863,1293.9981803301634,1401.4228768648989,340.4357160134168,336.85465611215454,74.9823567596195,78.61849011324006,0.9537496414853153,True,False,False,False,False
speed_1100rpm__torque_1100Nm__temperature_35degC,train,data/original_dataset/Test_35deg/1100rpm/1100.0rpm1100.0Nm35.0deg.csv,54883,1100.0038124038838,Fw_then_Bw,35346,9770,2.4425,True,1,1.8220578321155913e-05,1100.0038124038838,-1099.9810139959056,0.5226955302837268,0.4964319911473467,3506.372018213142,3844.242595368995,1421.7496003959695,1614.8485578597047,358.66831101066055,356.3218701100595,78.08227215537045,81.43746318023658,0.9588003985654556,True,False,False,False,False
speed_1100rpm__torque_1200Nm__temperature_25degC,train,data/original_dataset/Test_25deg/1100rpm/1100.0rpm1200.0Nm25.0deg.csv,54882,1099.9981686036335,Fw_then_Bw,35345,9770,2.4425,True,1,1.8220910316679423e-05,1099.9981686036335,-1099.979560667028,0.45446676570770705,0.531803331492938,2914.219306936497,3013.6518413199597,1221.0216665271207,1268.262424767363,376.9248525301007,351.84675401837916,79.8439637273986,74.66975503625689,1.0692945716592925,True,False,False,False,False
speed_1100rpm__torque_1200Nm__temperature_30degC,test,data/original_dataset/Test_30deg/1100rpm/1100.0rpm1200.0Nm30.0deg.csv,54884,1099.999565628726,Fw_then_Bw,35345,9770,2.4425,True,1,1.8220246337730486e-05,1099.999565628726,-1099.9869373335969,0.4993938006616645,0.5181133359048999,3394.335065968153,3533.486344773746,1394.2479780318533,1443.392790853613,357.35964391933516,338.1131829251899,78.40106469575402,76.57673502048962,1.0238235499956516,True,False,False,False,False
speed_1100rpm__torque_1200Nm__temperature_35degC,train,data/original_dataset/Test_35deg/1100rpm/1100.0rpm1200.0Nm35.0deg.csv,54882,1100.0035889665014,Fw_then_Bw,35345,9770,2.4425,True,1,1.8220910316679423e-05,1100.0035889665014,-1099.9929159879684,0.5505793014890514,0.5290093443666137,3675.074448498526,4073.626154179828,1503.1993460652302,1679.4874967633843,366.6301951519924,363.804930732567,81.05494338651624,83.75341237933748,0.9677807874788519,True,False,False,False,False
speed_1100rpm__torque_1300Nm__temperature_25degC,train,data/original_dataset/Test_25deg/1100rpm/1100.0rpm1300.0Nm25.0deg.csv,54882,1099.9869368970394,Fw_then_Bw,35345,9770,2.4425,True,1,1.8220910316679423e-05,1099.9869368970394,-1099.9743079883046,0.46340746727457827,0.5553286561430468,3001.56904074065,3233.2128418290245,1262.9542171955106,1336.6341732443736,386.82140935034084,364.8841695415285,82.50890976105434,79.2829527197682,1.0406891636930897,True,False,False,False,False
speed_1100rpm__torque_1300Nm__temperature_30degC,train,data/original_dataset/Test_30deg/1100rpm/1100.0rpm1300.0Nm30.0deg.csv,54882,1099.9907925967514,Fw_then_Bw,35346,9769,2.44225,True,1,1.8220910316679423e-05,1099.9907925967514,-1099.9837520066649,0.5191750581918768,0.5606373306363821,3607.9622611082414,3809.9885762978374,1458.7303727864764,1563.745737075624,373.9818824856229,352.8893029402753,82.52825049521562,81.07706455957668,1.0178988465298047,True,False,False,False,False
speed_1100rpm__torque_1300Nm__temperature_35degC,train,data/original_dataset/Test_35deg/1100rpm/1100.0rpm1300.0Nm35.0deg.csv,54882,1099.9971069347034,Fw_then_Bw,35346,9769,2.44225,True,1,1.8220910316679423e-05,1099.9971069347034,-1099.9813493496429,0.5679577249491103,0.5525353481061757,3886.800511585079,4362.747282721102,1582.5927320870505,1790.9020555021928,378.0106334456832,363.76928147801675,82.91776774740356,86.51452179547053,0.9584260078721804,True,False,False,False,False
speed_1100rpm__torque_1400Nm__temperature_25degC,validation,data/original_dataset/Test_25deg/1100rpm/1100.0rpm1400.0Nm25.0deg.csv,54883,1099.991127868028,Fw_then_Bw,35346,9769,2.44225,True,1,1.8220578321155913e-05,1099.991127868028,-1099.9690560080733,0.46798953553638967,0.5897513474337757,3213.453688658774,3484.100235315418,1345.116817951066,1492.2022694347106,398.9226683261222,378.67262547879386,86.25061249585997,81.75247606668565,1.0550214090825234,True,False,False,False,False
speed_1100rpm__torque_1400Nm__temperature_30degC,train,data/original_dataset/Test_30deg/1100rpm/1100.0rpm1400.0Nm30.0deg.csv,54883,1099.998168666692,Fw_then_Bw,35346,9769,2.44225,True,1,1.8220578321155913e-05,1099.998168666692,-1099.975314010711,0.5048140689418688,0.587907328736037,3429.4274713220148,3856.390458531315,1417.1787992115696,1573.2049918173288,390.5540945982011,369.3337585242262,86.12667968350252,85.37613755433998,1.0087910059023792,True,False,False,False,False
speed_1100rpm__torque_1400Nm__temperature_35degC,test,data/original_dataset/Test_35deg/1100rpm/1100.0rpm1400.0Nm35.0deg.csv,54883,1099.9992303356216,Fw_then_Bw,35346,9769,2.44225,True,1,1.8220578321155913e-05,1099.9992303356216,-1099.9757053408152,0.5998648024008162,0.5865653414125518,4099.924582987342,4512.2801248604455,1655.1017757506088,1871.4398151632854,392.7147809106373,377.11853839064133,86.49459232242407,85.99047088409863,1.0058625267793324,True,False,False,False,False
speed_1100rpm__torque_1500Nm__temperature_25degC,validation,data/original_dataset/Test_25deg/1100rpm/1100.0rpm1500.0Nm25.0deg.csv,54884,1099.9971069395542,Fw_then_Bw,35345,9770,2.4425,True,1,1.8220246337730486e-05,1099.9971069395542,-1099.9722126677323,0.4970468774749861,0.6338953389787321,3346.6813464952784,3527.8087540063984,1431.2623715402867,1473.1385043260161,427.8443068271372,384.95022246529516,91.18180888726783,84.4718734153048,1.0794339606862242,True,False,False,False,False
speed_1100rpm__torque_1500Nm__temperature_30degC,train,data/original_dataset/Test_30deg/1100rpm/1100.0rpm1500.0Nm30.0deg.csv,54884,1100.002359598875,Fw_then_Bw,35345,9769,2.44225,True,1,1.8220246337730486e-05,1100.002359598875,-1099.9695583401867,0.5486794010116682,0.6267426651903634,3651.3356647141327,4148.840772298537,1500.6065514680813,1716.6048485039944,421.69008198197815,387.63241895594547,91.44738753220736,88.84707181787235,1.029267320364428,True,False,False,False,False
speed_1100rpm__torque_1500Nm__temperature_35degC,validation,data/original_dataset/Test_35deg/1100rpm/1100.0rpm1500.0Nm35.0deg.csv,54882,1100.0055447317814,Fw_then_Bw,35345,9769,2.44225,True,1,1.8220910316679423e-05,1100.0055447317814,-1099.9830809936004,0.6851367943456808,0.6307656682715788,4560.202305825983,5139.559476326031,1855.6326479461857,2086.132796407038,415.5124669981879,390.8872136047649,92.26842581683741,94.56734326813606,0.975690155059339,True,False,False,False,False
speed_1100rpm__torque_1600Nm__temperature_25degC,train,data/original_dataset/Test_25deg/1100rpm/1100.0rpm1600.0Nm25.0deg.csv,54883,1099.9915190041065,Fw_then_Bw,35345,9769,2.44225,True,1,1.8220578321155913e-05,1099.9915190041065,-1099.9681613369223,0.5250983279743195,0.6376113257525731,3526.434325613627,3896.713016243848,1479.2740273478555,1626.6256535054708,426.84167708666763,392.7115644728475,91.5549467697928,89.90977536323047,1.0182980259923455,True,False,False,False,False
speed_1100rpm__torque_1600Nm__temperature_30degC,validation,data/original_dataset/Test_30deg/1100rpm/1100.0rpm1600.0Nm30.0deg.csv,54883,1099.9879985950733,Fw_then_Bw,35346,9769,2.44225,True,1,1.8220578321155913e-05,1099.9879985950733,-1099.9771019948337,0.5896947986909709,0.6349573183495067,4016.1051535201295,4404.321359470669,1633.2194249148415,1785.3498560190928,428.78354079152814,391.74726435085176,93.52708261212683,89.75927634983236,1.0419767896480094,True,False,False,False,False
speed_1100rpm__torque_1600Nm__temperature_35degC,train,data/original_dataset/Test_35deg/1100rpm/1100.0rpm1600.0Nm35.0deg.csv,54883,1099.9992303307713,Fw_then_Bw,35345,9769,2.44225,True,1,1.8220578321155913e-05,1099.9992303307713,-1099.9824106693268,0.7560476612225102,0.6566946588766314,4978.582410452867,5297.273257747111,1987.2486698628563,2163.2462698224117,423.29728298209346,398.6762685433862,97.42216349823137,96.92822128217813,1.0050959587364683,True,False,False,False,False
speed_1100rpm__torque_1700Nm__temperature_25degC,train,data/original_dataset/Test_25deg/1100rpm/1100.0rpm1700.0Nm25.0deg.csv,53476,1100.0034212993341,Fw_then_Bw,35345,8362,2.0905,True,1,1.8699977560026927e-05,1100.0034212993341,-1099.9721846504447,0.5402974323563967,0.6430593202819637,3642.4394852172504,4212.397866648689,1509.7707590455675,1730.217080861348,436.51464013837483,362.6208202473662,93.80561845173354,83.47025500352174,1.123820916178772,True,False,False,False,False
speed_1100rpm__torque_1700Nm__temperature_30degC,train,data/original_dataset/Test_30deg/1100rpm/1100.0rpm1700.0Nm30.0deg.csv,53373,1099.9990347675825,Fw_then_Bw,35345,8260,2.065,True,1,1.873606505161786e-05,1099.9990347675825,-1099.976766660499,0.5761999345851336,0.6549620108369254,4064.887498194725,4591.561954778898,1658.6244297028313,1893.8318213822183,442.1323696766188,371.8547398841564,96.30503430271342,86.12292236302892,1.1182276641375968,True,False,False,False,False
speed_1100rpm__torque_1700Nm__temperature_35degC,train,data/original_dataset/Test_35deg/1100rpm/1100.0rpm1700.0Nm35.0deg.csv,54882,1100.0037566021397,Fw_then_Bw,35346,9769,2.44225,True,1,1.8220910316679423e-05,1100.0037566021397,-1099.9859313402947,0.8380785972503872,0.6763640170297549,5385.652165083229,5975.648830645151,2127.5620523840644,2396.4643740655447,451.223051973102,408.023597229294,101.6268379023586,104.10113452726365,0.9762317996231151,True,False,False,False,False
speed_1100rpm__torque_1800Nm__temperature_25degC,train,data/original_dataset/Test_25deg/1100rpm/1100.0rpm1800.0Nm25.0deg.csv,54884,1099.99009409997,Fw_then_Bw,35345,9769,2.44225,True,1,1.8220246337730486e-05,1099.99009409997,-1099.9669319911238,0.6047822341010942,0.6925126654095948,4072.039683038929,4601.240173603583,1658.9015084506173,1886.254515648034,459.32838178832753,420.2766110494849,99.72595129856921,98.25029564963194,1.0150193507223588,True,False,False,False,False
speed_1100rpm__torque_1800Nm__temperature_30degC,validation,data/original_dataset/Test_30deg/1100rpm/1100.0rpm1800.0Nm30.0deg.csv,54885,1100.0048741649757,Fw_then_Bw,35345,9769,2.44225,True,1,1.821991436640248e-05,1100.0048741649757,-1099.9697819934227,0.641997898734644,0.7050853261414431,4359.886438275861,4840.71666529926,1782.837479114821,1957.5565946101058,467.2876501363134,429.36850842997956,102.40594479091664,98.99342995486224,1.0344721345407508,True,False,False,False,False
speed_1100rpm__torque_1800Nm__temperature_35degC,validation,data/original_dataset/Test_35deg/1100rpm/1100.0rpm1800.0Nm35.0deg.csv,54884,1100.0018566992367,Fw_then_Bw,35345,9769,2.44225,True,1,1.8220246337730486e-05,1100.0018566992367,-1099.9869366836115,0.8098315690101572,0.7026826691194401,5207.41941096894,5756.825309557281,2088.046046495583,2332.422118187424,465.94656507149915,439.4331429688464,104.71459160944505,102.5913949055394,1.0206956607409479,True,False,False,False,False
speed_1300rpm__torque_0Nm__temperature_25degC,train,data/original_dataset/Test_25deg/1300rpm/1300.0rpm0.0Nm25.0deg.csv,48899,1300.0084832601715,Fw_then_Bw,29907,9496,2.374,True,1,2.045031595738154e-05,1300.0084832601715,-1299.9976426702538,0.38836147480969885,0.38651732514449577,2744.7920603052808,2648.5137059355566,1131.5120005606325,1097.1240438525456,316.12812763160036,317.8151929305386,60.699371624741616,65.70139567884326,0.9238673090210722,True,False,False,False,False
speed_1300rpm__torque_0Nm__temperature_30degC,train,data/original_dataset/Test_30deg/1300rpm/1300.0rpm0.0Nm30.0deg.csv,48902,1300.008147935538,Fw_then_Bw,29907,9496,2.374,True,1,2.0449061388082287e-05,1300.008147935538,-1300.0018333356516,0.4097633354829213,0.409064343936393,2889.1213820311345,2661.7011559817456,1217.8615030645217,1089.1672842203661,338.10728781263606,327.8362444107188,62.60478994663572,64.7331921031764,0.9671203892873337,True,False,False,False,False
speed_1300rpm__torque_0Nm__temperature_35degC,validation,data/original_dataset/Test_35deg/1300rpm/1300.0rpm0.0Nm35.0deg.csv,48899,1300.0135682353477,Fw_then_Bw,29908,9496,2.374,True,1,2.045031595738154e-05,1300.0135682353477,-1299.9984809963887,0.4148483009582833,0.40185633406508714,2958.9803637154523,2813.7486369810176,1264.0646633505185,1183.3571098743505,342.19076810895785,333.5226341375801,61.630263850429394,65.55920761798006,0.9400702981273811,True,False,False,False,False
speed_1300rpm__torque_100Nm__temperature_25degC,train,data/original_dataset/Test_25deg/1300rpm/1300.0rpm100.0Nm25.0deg.csv,48901,1300.0009394988108,Fw_then_Bw,29907,9498,2.3745,True,1,2.044947956074518e-05,1300.0009394988108,-1299.9954633220718,0.4250183701515198,0.37953265321743856,2778.2554505393814,2661.869098665329,1091.748414524318,1058.041660786057,325.73084235182233,344.87407640363017,63.862909834460844,70.55196903734213,0.9051896170418594,True,False,False,False,False
speed_1300rpm__torque_100Nm__temperature_30degC,train,data/original_dataset/Test_30deg/1300rpm/1300.0rpm100.0Nm30.0deg.csv,48902,1300.0154681358254,Fw_then_Bw,29908,9498,2.3745,True,1,2.0449061388082287e-05,1300.0154681358254,-1300.0044599951557,0.41987746468885234,0.39026132435537875,2977.698804656029,2731.1371387141203,1172.1522107718097,1148.1666027006665,332.5726812085577,346.20613728957323,63.13372350246027,66.02173235851296,0.9562566937751625,True,False,False,False,False
speed_1300rpm__torque_100Nm__temperature_35degC,train,data/original_dataset/Test_35deg/1300rpm/1300.0rpm100.0Nm35.0deg.csv,48900,1300.010243433159,Fw_then_Bw,29907,9498,2.3745,True,1,2.0449897750511246e-05,1300.010243433159,-1299.9993746634573,0.3852042985574826,0.3620420078125335,2944.1727441733747,2715.324024514348,1132.8974506259322,1095.5012916029316,307.93669947579434,319.1498714543741,58.68551855046462,62.8610658764046,0.9335749836926118,True,False,False,False,False
speed_1300rpm__torque_200Nm__temperature_25degC,train,data/original_dataset/Test_25deg/1300rpm/1300.0rpm200.0Nm25.0deg.csv,48902,1300.003733500489,Fw_then_Bw,29908,9498,2.3745,True,1,2.0449061388082287e-05,1300.003733500489,-1300.0051306638247,0.4292092974841353,0.36852466291759356,2918.9130562976516,2785.4852223144458,1099.0196996925079,1107.2114343940939,331.67378049206474,360.9891408964358,65.66167975374809,75.35159348126398,0.8714039971838782,True,False,False,False,False
speed_1300rpm__torque_200Nm__temperature_30degC,train,data/original_dataset/Test_30deg/1300rpm/1300.0rpm200.0Nm30.0deg.csv,48901,1300.010606602882,Fw_then_Bw,29908,9498,2.3745,True,1,2.044947956074518e-05,1300.010606602882,-1300.0046280018673,0.4164129301594812,0.37922567571501986,2974.7959517410436,2809.5593171502055,1109.6589411792593,1085.5749525129795,327.95326901273256,336.4118207774026,65.146797438274,67.90680498052095,0.9593559505113126,True,False,False,False,False
speed_1300rpm__torque_200Nm__temperature_35degC,validation,data/original_dataset/Test_35deg/1300rpm/1300.0rpm200.0Nm35.0deg.csv,48903,1300.004627536206,Fw_then_Bw,29907,9498,2.3745,True,1,2.0448643232521522e-05,1300.004627536206,-1300.0063600096232,0.40305780324456464,0.3664289930989071,3061.1823196526498,2927.418708957475,1129.5989739894137,1145.309871882273,316.79869265781235,330.3699313529705,63.61438507874478,68.10675507563246,0.9340392888796579,True,False,False,False,False
speed_1300rpm__torque_300Nm__temperature_25degC,test,data/original_dataset/Test_25deg/1300rpm/1300.0rpm300.0Nm25.0deg.csv,48903,1300.007952367499,Fw_then_Bw,29908,9497,2.37425,True,1,2.0448643232521522e-05,1300.007952367499,-1300.0102433337208,0.4039518341111261,0.38852899645758043,2954.5894629939066,2764.687951033193,1126.0271106659718,1111.1587226390836,328.79995959142417,347.8782492020397,65.9243588640038,72.28686266644218,0.9119825709991417,True,False,False,False,False
speed_1300rpm__torque_300Nm__temperature_30degC,train,data/original_dataset/Test_30deg/1300rpm/1300.0rpm300.0Nm30.0deg.csv,48901,1300.0063597961948,Fw_then_Bw,29907,9498,2.3745,True,1,2.044947956074518e-05,1300.0063597961948,-1300.0083156609132,0.424850732088089,0.3946759970858693,3111.072633570893,2965.3470458762963,1156.6179680823536,1163.754619509063,341.393027135291,360.0828275436014,67.28759101097239,73.40832470690655,0.9166207140624434,True,False,False,False,False
speed_1300rpm__torque_300Nm__temperature_35degC,test,data/original_dataset/Test_35deg/1300rpm/1300.0rpm300.0Nm35.0deg.csv,48467,1300.000771865598,Fw_then_Bw,29907,9063,2.26575,True,1,2.0632595374172118e-05,1300.000771865598,-1300.0098803410463,0.41322779240226737,0.3967713370608408,3081.4108205952834,2809.0106750219998,1143.068218081953,1067.5415328138115,332.05537732164845,339.7815917933258,66.25454594759499,70.16588147089348,0.9442558770544198,True,False,False,False,False
speed_1300rpm__torque_400Nm__temperature_25degC,train,data/original_dataset/Test_25deg/1300rpm/1300.0rpm400.0Nm25.0deg.csv,48902,1299.9956868976974,Fw_then_Bw,29908,9497,2.37425,True,60,0.0012269436832849372,1299.9956868976974,-1300.0011073308997,0.9115599023064078,0.9036809982111436,10403536.565842418,10403721.034565631,2080656.340037808,2080686.9148582222,495351.88238650927,495353.60073745216,102973.74102348926,102972.03078907313,1.0000166087276614,True,False,False,False,False
speed_1300rpm__torque_400Nm__temperature_30degC,train,data/original_dataset/Test_30deg/1300rpm/1300.0rpm400.0Nm30.0deg.csv,48902,1300.002532104069,Fw_then_Bw,29908,9497,2.37425,True,1,2.0449061388082287e-05,1300.002532104069,-1300.0037336702612,0.41604973375774534,0.40115766266058017,3074.0910733588385,2805.1436257866953,1144.3758121128662,1076.4777344464155,334.0760884101654,338.8013186915486,67.45501156583487,72.86180960090859,0.925793799732826,True,False,False,False,False
speed_1300rpm__torque_400Nm__temperature_35degC,train,data/original_dataset/Test_35deg/1300rpm/1300.0rpm400.0Nm35.0deg.csv,48903,1300.0084831922625,Fw_then_Bw,29908,9497,2.37425,True,1,2.0448643232521522e-05,1300.0084831922625,-1300.0023363371533,0.415882134499725,0.40182833132939777,3173.778832812284,2993.3454003179577,1157.8315569458023,1168.906664847782,325.907558788185,345.6132775261721,66.45106444202611,70.56776657009321,0.9416631370361128,True,False,False,False,False
speed_1300rpm__torque_500Nm__temperature_25degC,train,data/original_dataset/Test_25deg/1300rpm/1300.0rpm500.0Nm25.0deg.csv,48900,1300.001498333586,Fw_then_Bw,29908,9497,2.37425,True,57,0.001165644171779141,1300.001498333586,-1300.0067233418426,0.9148847335989103,0.8908846745423489,10403499.259627037,10403186.113604655,2080641.35989666,2080569.4610041375,495347.26670483744,495356.00416092674,102966.54708776086,102972.73144170467,0.9999399418287033,True,False,False,False,False
speed_1300rpm__torque_500Nm__temperature_30degC,train,data/original_dataset/Test_30deg/1300rpm/1300.0rpm500.0Nm30.0deg.csv,48901,1300.0109139635847,Fw_then_Bw,29908,9496,2.374,True,1,2.044947956074518e-05,1300.0109139635847,-1300.009209672377,0.4432350688147153,0.4455263357765489,3312.5052771838427,2921.8755856472853,1257.6790663602412,1150.1870967442756,358.16332477911595,366.5339764033888,72.90240653128416,77.33038750188825,0.9427394441739223,True,False,False,False,False
speed_1300rpm__torque_500Nm__temperature_35degC,train,data/original_dataset/Test_35deg/1300rpm/1300.0rpm500.0Nm35.0deg.csv,48902,1300.0042922988844,Fw_then_Bw,29908,9496,2.374,True,1,2.0449061388082287e-05,1300.0042922988844,-1300.0067506703394,0.43393109323619683,0.4423970046142358,3512.130662178288,3015.976117847231,1278.3408112823963,1155.1155969500542,342.449968060464,345.73090040930765,72.97778039619512,73.11121938732867,0.9981748493288475,True,False,False,False,False
speed_1300rpm__torque_600Nm__temperature_25degC,validation,data/original_dataset/Test_25deg/1300rpm/1300.0rpm600.0Nm25.0deg.csv,48902,1300.0067229998726,Fw_then_Bw,29908,9496,2.374,True,1,2.0449061388082287e-05,1300.0067229998726,-1300.0084833280805,0.4536005993336403,0.4600823352421912,3197.86386292717,3032.070448777631,1249.6079960467791,1215.3535835443563,378.388846346388,382.2520934045315,75.0758470880555,78.3893287475621,0.9577304498909917,True,False,False,False,False
speed_1300rpm__torque_600Nm__temperature_30degC,train,data/original_dataset/Test_30deg/1300rpm/1300.0rpm600.0Nm30.0deg.csv,48899,1300.0209443028627,Fw_then_Bw,29908,9496,2.374,True,1,2.045031595738154e-05,1300.0209443028627,-1300.0105783382119,0.4783272355173267,0.4756723452978804,3330.767348719335,3082.864073804558,1269.4513621921476,1273.1217272582853,384.60107672749456,405.81721439912144,76.92762170718197,82.9952256665365,0.926892132521775,True,False,False,False,False
speed_1300rpm__torque_600Nm__temperature_35degC,train,data/original_dataset/Test_35deg/1300rpm/1300.0rpm600.0Nm35.0deg.csv,48900,1300.0106066659405,Fw_then_Bw,29908,9496,2.374,True,1,2.0449897750511246e-05,1300.0106066659405,-1300.008818662415,0.42904167154711104,0.45116967036551614,3419.7378108124663,3156.1775055395174,1266.7583014069799,1263.4661346669418,352.21717738140796,365.28866436492535,71.50688259921478,74.35384496034203,0.9617106235374144,True,False,False,False,False
speed_1300rpm__torque_700Nm__temperature_25degC,train,data/original_dataset/Test_25deg/1300rpm/1300.0rpm700.0Nm25.0deg.csv,48900,1300.0128697337157,Fw_then_Bw,29907,9497,2.37425,True,1,2.0449897750511246e-05,1300.0128697337157,-1300.0144626518402,0.49743803538137854,0.5002313603956736,3292.9023882990764,3039.836604148148,1319.521815776988,1308.1667900085447,412.1363048040619,420.4107257583016,80.29211842240316,83.3826191943444,0.9629359115628398,True,False,False,False,False
speed_1300rpm__torque_700Nm__temperature_30degC,train,data/original_dataset/Test_30deg/1300rpm/1300.0rpm700.0Nm30.0deg.csv,48900,1300.0060245321947,Fw_then_Bw,29907,9497,2.37425,True,1,2.0449897750511246e-05,1300.0060245321947,-1300.0186533317901,0.47463927088153923,0.4739686652708315,3388.970678982696,3057.763073593013,1280.5621957777473,1237.0347863437917,386.4935214676734,401.0306718806527,76.92208867010774,79.98871100990071,0.9616618107596033,True,False,False,False,False
speed_1300rpm__torque_700Nm__temperature_35degC,train,data/original_dataset/Test_35deg/1300rpm/1300.0rpm700.0Nm35.0deg.csv,48899,1300.0196590971123,Fw_then_Bw,29907,9497,2.37425,True,1,2.045031595738154e-05,1300.0196590971123,-1300.006694664868,0.45577997176860663,0.4743599953751527,3305.9786500710284,3073.2305487614194,1277.9608535770415,1218.8400912280485,383.8027220041111,378.6619216203687,76.10944975740482,81.20010400798482,0.9373072939650494,True,False,False,False,False
speed_1300rpm__torque_800Nm__temperature_25degC,validation,data/original_dataset/Test_25deg/1300rpm/1300.0rpm800.0Nm25.0deg.csv,48902,1300.0195473626568,Fw_then_Bw,29908,9497,2.37425,True,1,2.0449061388082287e-05,1300.0195473626568,-1300.0076169943593,0.5049817361093574,0.5078036629129201,3294.2562790904935,2984.717185609041,1334.4590970877543,1274.4695293902619,420.57463038886453,421.48579089352984,81.87986162693043,83.33925486749646,0.9824885254507452,True,False,False,False,False
speed_1300rpm__torque_800Nm__temperature_30degC,train,data/original_dataset/Test_30deg/1300rpm/1300.0rpm800.0Nm30.0deg.csv,48901,1300.0198826339329,Fw_then_Bw,29908,9497,2.37425,True,1,2.044947956074518e-05,1300.0198826339329,-1300.0200783329396,0.49185010235908067,0.5118270055390894,3514.7890448570224,3086.550471683217,1358.237174749274,1226.761969328072,407.51376847447307,404.6666667574754,82.1885737380853,82.88955278312642,0.9915432159843451,True,False,False,False,False
speed_1300rpm__torque_800Nm__temperature_35degC,train,data/original_dataset/Test_35deg/1300rpm/1300.0rpm800.0Nm35.0deg.csv,48902,1300.0274263322353,Fw_then_Bw,29907,9497,2.37425,True,1,2.0449061388082287e-05,1300.0274263322353,-1300.0137920025736,0.4693865339504555,0.5027473380323499,3366.3973600288045,3059.103976314145,1314.2016524081548,1327.0052480696897,406.90168866067285,415.1058939234644,79.03332771466009,82.19775477846268,0.9615022688596389,True,False,False,False,False
speed_1300rpm__torque_900Nm__temperature_25degC,train,data/original_dataset/Test_25deg/1300rpm/1300.0rpm900.0Nm25.0deg.csv,48901,1300.0225089296387,Fw_then_Bw,29908,9497,2.37425,True,1,2.044947956074518e-05,1300.0225089296387,-1300.0055216640856,0.4923530019975715,0.5539600000096243,3391.038771951887,3169.9685224646596,1369.442110880845,1358.0560278895064,438.32723186119426,432.2337105164478,85.18946544099887,86.26488683257769,0.9875334979147891,True,False,False,False,False
speed_1300rpm__torque_900Nm__temperature_30degC,train,data/original_dataset/Test_30deg/1300rpm/1300.0rpm900.0Nm30.0deg.csv,48903,1300.0232354000523,Fw_then_Bw,29907,9497,2.37425,True,1,2.0448643232521522e-05,1300.0232354000523,-1300.020385669389,0.5066022664932461,0.5388450032721721,3558.219363912754,3142.654725039936,1355.4188805816004,1293.8350594047715,429.72823789441463,430.892626728746,85.4697507352284,85.08621982418836,1.0045075561216907,True,False,False,False,False
speed_1300rpm__torque_900Nm__temperature_35degC,train,data/original_dataset/Test_35deg/1300rpm/1300.0rpm900.0Nm35.0deg.csv,48901,1300.0137358661354,Fw_then_Bw,29907,9497,2.37425,True,1,2.044947956074518e-05,1300.0137358661354,-1300.01412666752,0.48799439779622844,0.5365813267416115,3580.9733167599916,3185.6171010687817,1373.1881976127622,1297.5451087950198,417.0303486644116,419.60818469524355,83.83452332791421,82.46287833371751,1.016633484325466,True,False,False,False,False
speed_1300rpm__torque_1000Nm__temperature_25degC,train,data/original_dataset/Test_25deg/1300rpm/1300.0rpm1000.0Nm25.0deg.csv,48903,1300.0189885982156,Fw_then_Bw,29907,9497,2.37425,True,1,2.0448643232521522e-05,1300.0189885982156,-1300.0121716662156,0.5514733396316842,0.5688516636532768,3419.479013731049,3188.0735186856323,1435.2501392359045,1389.4916075470974,469.75283934916655,464.5224134132147,90.75249167935908,91.47128161857832,0.9921419058911136,True,False,False,False,False
speed_1300rpm__torque_1000Nm__temperature_30degC,train,data/original_dataset/Test_30deg/1300rpm/1300.0rpm1000.0Nm30.0deg.csv,48902,1300.0300526667465,Fw_then_Bw,29908,9496,2.374,True,1,2.0449061388082287e-05,1300.0300526667465,-1300.0118079944514,0.5060434680974595,0.5509423402448874,3625.284593242029,3244.8614268405436,1357.2423385082402,1344.4237209857874,435.51732301712025,444.61340687826123,87.36356343388252,85.90482164299829,1.016980907043221,True,False,False,False,False
speed_1300rpm__torque_1000Nm__temperature_35degC,train,data/original_dataset/Test_35deg/1300rpm/1300.0rpm1000.0Nm35.0deg.csv,48902,1300.0246323645115,Fw_then_Bw,29908,9496,2.374,True,1,2.0449061388082287e-05,1300.0246323645115,-1300.0126740080304,0.5083344973777457,0.5590446623197067,3585.4426678261007,3539.676719810359,1387.2232401372912,1477.3266747597518,443.19513766536136,447.76917408626105,86.79591538366361,90.83991387069545,0.9554821408925134,True,False,False,False,False
speed_1300rpm__torque_1100Nm__temperature_25degC,train,data/original_dataset/Test_25deg/1300rpm/1300.0rpm1100.0Nm25.0deg.csv,48901,1300.0379316630035,Fw_then_Bw,29908,9496,2.374,True,1,2.044947956074518e-05,1300.0379316630035,-1300.0247996630303,0.5689915027081724,0.5993619949247204,3585.219379358614,3363.711953473967,1462.9463189846313,1446.269327401751,488.7261370817214,478.05320542488516,95.56785801460134,94.45491617498192,1.011782783625128,True,False,False,False,False
speed_1300rpm__torque_1100Nm__temperature_30degC,train,data/original_dataset/Test_30deg/1300rpm/1300.0rpm1100.0Nm30.0deg.csv,48901,1300.024241199329,Fw_then_Bw,29908,9495,2.3737500000000002,True,1,2.044947956074518e-05,1300.024241199329,-1300.006024655886,0.5419738348188048,0.5889683282779288,3791.749399776245,3429.047480070947,1487.9058347641142,1451.0214179754255,466.5255559346404,469.681407156804,92.98988526875291,91.62929723452176,1.0148488319270723,True,False,False,False,False
speed_1300rpm__torque_1100Nm__temperature_35degC,test,data/original_dataset/Test_35deg/1300rpm/1300.0rpm1100.0Nm35.0deg.csv,48902,1300.0179826679719,Fw_then_Bw,29908,9495,2.3737500000000002,True,1,2.0449061388082287e-05,1300.0179826679719,-1300.0097123343344,0.5021877344310042,0.5832126626047511,3774.3695720568644,3355.62219455196,1404.6569889782859,1332.9640263319557,445.9480742259983,423.4675779228382,89.76769277978747,86.89317371299693,1.033081068902891,True,False,False,False,False
speed_1300rpm__torque_1200Nm__temperature_25degC,train,data/original_dataset/Test_25deg/1300rpm/1300.0rpm1200.0Nm25.0deg.csv,48900,1300.0306114651416,Fw_then_Bw,29908,9495,2.3737500000000002,True,1,2.0449897750511246e-05,1300.0306114651416,-1300.0102716711503,0.5735456725235508,0.6358230020850897,3698.767093010929,3452.4051744181625,1532.42647934694,1515.9353053571062,509.4387695060959,493.91602845416844,98.63014964789727,95.21731213471865,1.0358426155566116,True,False,False,False,False
speed_1300rpm__torque_1200Nm__temperature_30degC,validation,data/original_dataset/Test_30deg/1300rpm/1300.0rpm1200.0Nm30.0deg.csv,48898,1300.035528865313,Fw_then_Bw,29907,9496,2.374,True,1,2.045073418135711e-05,1300.035528865313,-1300.0154679951568,0.5563906985722724,0.6149520049802959,3928.988566622138,3493.3535886616482,1512.6943733728692,1413.2782958445205,487.30518079901213,462.3485047904978,97.07295024882114,93.92046854645741,1.033565438409247,True,False,False,False,False
speed_1300rpm__torque_1200Nm__temperature_35degC,train,data/original_dataset/Test_35deg/1300rpm/1300.0rpm1200.0Nm35.0deg.csv,48902,1300.0246324033167,Fw_then_Bw,29908,9495,2.3737500000000002,True,1,2.0449061388082287e-05,1300.0246324033167,-1300.0104390036238,0.5356874365436397,0.6431716610676403,4115.7722958207605,3460.496900758153,1582.592636569916,1459.090269207536,484.76197535105695,462.0765040314833,98.05996564018642,89.04269933709654,1.1012690132961092,True,False,False,False,False
speed_1300rpm__torque_1300Nm__temperature_25degC,train,data/original_dataset/Test_25deg/1300rpm/1300.0rpm1300.0Nm25.0deg.csv,48901,1300.0316173323274,Fw_then_Bw,29908,9495,2.3737500000000002,True,1,2.044947956074518e-05,1300.0316173323274,-1300.011612668944,0.5542674043681473,0.645825668470934,3708.3565044065354,3548.003752560816,1507.3566031454902,1491.2457662820084,515.2055330576784,467.0769096838738,99.96717902663471,94.61293165895752,1.056591073480073,True,False,False,False,False
speed_1300rpm__torque_1300Nm__temperature_30degC,train,data/original_dataset/Test_30deg/1300rpm/1300.0rpm1300.0Nm30.0deg.csv,48898,1300.0302203387644,Fw_then_Bw,29908,9495,2.3737500000000002,True,1,2.045073418135711e-05,1300.0302203387644,-1300.002532332049,0.6019882372736447,0.6712786659287531,3848.7225111263315,3585.2872262076744,1572.272922396677,1564.6620562673875,531.0310750664485,522.0749706030798,104.35785046302038,99.6951870984958,1.0467691921769304,True,False,False,False,False
speed_1300rpm__torque_1300Nm__temperature_35degC,validation,data/original_dataset/Test_35deg/1300rpm/1300.0rpm1300.0Nm35.0deg.csv,48899,1300.0326790012573,Fw_then_Bw,29907,9496,2.374,True,1,2.045031595738154e-05,1300.0326790012573,-1300.0106066659405,0.5472823977470398,0.6679260016728676,4077.6266794028743,3864.6718894599417,1557.5228395499828,1572.2999960185007,506.23400665490357,481.25429486981375,100.17121301443694,96.53628717137508,1.0376534663759027,True,False,False,False,False
speed_1300rpm__torque_1400Nm__temperature_25degC,train,data/original_dataset/Test_25deg/1300rpm/1300.0rpm1400.0Nm25.0deg.csv,48902,1300.047794332689,Fw_then_Bw,29908,9496,2.374,True,1,2.0449061388082287e-05,1300.047794332689,-1300.0112773346093,0.6051454984118436,0.7103946700226516,3846.210134603188,3525.0940224314036,1577.308779209851,1577.7307868002026,550.3200751687926,524.4064565215467,108.36369563503465,100.45280528811418,1.0787523088502189,True,False,False,False,False
speed_1300rpm__torque_1400Nm__temperature_30degC,train,data/original_dataset/Test_30deg/1300rpm/1300.0rpm1400.0Nm30.0deg.csv,48902,1300.0402506707662,Fw_then_Bw,29908,9496,2.374,True,1,2.0449061388082287e-05,1300.0402506707662,-1300.02164299367,0.6156787033736464,0.7196703227236867,3980.3758865063146,3616.0621675662696,1638.3831782638026,1576.188961416392,557.8027430037763,516.8760166989159,108.93320423751899,99.07078226592603,1.099549248991698,True,False,False,False,False
speed_1300rpm__torque_1400Nm__temperature_35degC,train,data/original_dataset/Test_35deg/1300rpm/1300.0rpm1400.0Nm35.0deg.csv,48899,1300.0340759269118,Fw_then_Bw,29908,9496,2.374,True,1,2.045031595738154e-05,1300.0340759269118,-1300.0056893312526,0.5816482395554203,0.7065386695709321,4304.70115194689,3858.0207037732634,1634.775116443279,1516.3534395392162,532.2460442781446,487.67774605335035,106.75402279957777,96.42507762896457,1.107118868084899,True,False,False,False,False
speed_1300rpm__torque_1500Nm__temperature_25degC,train,data/original_dataset/Test_25deg/1300rpm/1300.0rpm1500.0Nm25.0deg.csv,48900,1300.0400550663471,Fw_then_Bw,29908,9496,2.374,True,1,2.0449897750511246e-05,1300.0400550663471,-1300.0088739984978,0.5986634981430825,0.7836526686635352,4201.456050699244,3734.4207230485154,1644.0445905923298,1521.7289201909807,581.7189825077547,534.9197522516533,116.77568295272067,105.71432980464124,1.1046343780310643,True,False,False,False,False
speed_1300rpm__torque_1500Nm__temperature_30degC,train,data/original_dataset/Test_30deg/1300rpm/1300.0rpm1500.0Nm30.0deg.csv,48899,1300.0541087336994,Fw_then_Bw,29908,9496,2.374,True,1,2.045031595738154e-05,1300.0541087336994,-1300.007254331528,0.6283354014160523,0.7467150086691845,4133.730837686835,3951.620669491831,1644.7998923807056,1709.550762176832,573.2997196774703,541.7849579382619,113.91122391296449,104.44294170747526,1.0906550701339692,True,False,False,False,False
speed_1300rpm__torque_1500Nm__temperature_35degC,train,data/original_dataset/Test_35deg/1300rpm/1300.0rpm1500.0Nm35.0deg.csv,48902,1300.0368699334408,Fw_then_Bw,29908,9496,2.374,True,1,2.0449061388082287e-05,1300.0368699334408,-1300.0256939946364,0.5886610670131631,0.7363499995942675,4460.96177135214,3988.1627017171013,1677.1249258335502,1567.2369867563702,561.6439274379443,503.6433101406601,111.89956285907101,99.88240805432724,1.1203130264761687,True,False,False,False,False
speed_1300rpm__torque_1600Nm__temperature_25degC,train,data/original_dataset/Test_25deg/1300rpm/1300.0rpm1600.0Nm25.0deg.csv,48901,1300.0295497331535,Fw_then_Bw,29908,9496,2.374,True,1,2.044947956074518e-05,1300.0295497331535,-1300.0053260087345,0.651804730296135,0.7921176632711422,4300.451437787976,3992.2459788308515,1679.282115549085,1572.0426909629168,604.3979996727103,563.9770293519177,121.48436180996205,109.95507911616187,1.1048544804521498,True,False,False,False,False
speed_1300rpm__torque_1600Nm__temperature_30degC,train,data/original_dataset/Test_30deg/1300rpm/1300.0rpm1600.0Nm30.0deg.csv,48901,1300.037261127727,Fw_then_Bw,29907,9496,2.374,True,1,2.044947956074518e-05,1300.037261127727,-1300.005521673787,0.6444565951824188,0.7557683178067691,4322.15593367182,4104.785592061717,1721.4864558356567,1714.4903630021417,583.457062925572,551.1753509440496,115.28454021672583,104.14086300738745,1.107005808167231,True,False,False,False,False
speed_1300rpm__torque_1600Nm__temperature_35degC,train,data/original_dataset/Test_35deg/1300rpm/1300.0rpm1600.0Nm35.0deg.csv,48117,1300.0389933974172,Fw_then_Bw,29907,8711,2.17775,True,1,2.0782675561651808e-05,1300.0389933974172,-1299.9993746634573,0.6317720011186339,0.7735383308803421,4684.7238748642585,4269.964895986959,1775.9666427223235,1747.5933343171164,588.9578077405531,527.3893333614978,116.17193688316543,101.20691595056996,1.147865595864066,True,False,False,False,False
speed_1300rpm__torque_1700Nm__temperature_25degC,train,data/original_dataset/Test_25deg/1300rpm/1300.0rpm1700.0Nm25.0deg.csv,48900,1300.0306114651416,Fw_then_Bw,29908,9496,2.374,True,1,2.0449897750511246e-05,1300.0306114651416,-1300.0132050025663,0.6504077270316202,0.8271819970104843,4450.030135921626,4066.5089909452945,1746.381847635029,1601.580557971829,620.876991606974,553.4503967280671,124.26095833561695,109.72547453661718,1.1324713687535617,True,False,False,False,False
speed_1300rpm__torque_1700Nm__temperature_30degC,train,data/original_dataset/Test_30deg/1300rpm/1300.0rpm1700.0Nm30.0deg.csv,48904,1300.0337407017166,Fw_then_Bw,29908,9499,2.37475,True,1,2.0448225094061837e-05,1300.0337407017166,-1300.0198823380438,0.6451270965044387,0.8026513387449086,4481.972517290569,4190.19173520319,1732.613146472658,1618.136469721504,608.0444940494539,537.9170226202405,121.21702910671954,108.83129187459419,1.1138067647528929,True,False,False,False,False
speed_1300rpm__torque_1700Nm__temperature_35degC,train,data/original_dataset/Test_35deg/1300rpm/1300.0rpm1700.0Nm35.0deg.csv,48904,1300.0283204310108,Fw_then_Bw,29908,9499,2.37475,True,1,2.0448225094061837e-05,1300.0283204310108,-1299.9972513401494,0.6642378624139837,0.7968676654854789,4865.726444404979,4640.755841198007,1784.950054511546,1785.215675830841,609.3818354468111,552.9522785120207,120.24474083509628,109.25065606488717,1.1006317505652268,True,False,False,False,False
speed_1300rpm__torque_1800Nm__temperature_25degC,train,data/original_dataset/Test_25deg/1300rpm/1300.0rpm1800.0Nm25.0deg.csv,48901,1300.0211120039846,Fw_then_Bw,29907,9497,2.37425,True,1,2.044947956074518e-05,1300.0211120039846,-1300.0077566636417,0.6468593977235741,0.8755733336633966,4580.096031228095,4333.646362647776,1793.0074828861498,1731.2226164343858,649.9109588919964,579.2209006494885,130.01233477989442,110.96998246557624,1.1715991288024694,True,False,False,False,False
speed_1300rpm__torque_1800Nm__temperature_30degC,validation,data/original_dataset/Test_30deg/1300rpm/1300.0rpm1800.0Nm30.0deg.csv,48145,1300.0386301306814,Fw_then_Bw,29907,8740,2.185,True,1,2.077058884619379e-05,1300.0386301306814,-1300.008147993746,0.6669201369126085,0.8272379830789305,4863.180247290344,4525.545567351671,1802.8108954435077,1712.516626566139,627.7828307381242,551.8144828928598,125.65351518032901,106.87352454292514,1.1757216365579952,True,False,False,False,False
speed_1300rpm__torque_1800Nm__temperature_35degC,train,data/original_dataset/Test_35deg/1300rpm/1300.0rpm1800.0Nm35.0deg.csv,48904,1300.0309467315674,Fw_then_Bw,29908,9498,2.3745,True,1,2.0448225094061837e-05,1300.0309467315674,-1300.0025039994703,0.6994977981473767,0.8356480054012536,5137.325342123995,4891.399301899535,1834.2242981490465,1790.9869348998197,630.5665845944076,575.0235998919378,126.41104406598058,114.98543651096043,1.0993656927495428,True,False,False,False,False
speed_1400rpm__torque_0Nm__temperature_25degC,validation,data/original_dataset/Test_25deg/1400rpm/1400.0rpm0.0Nm25.0deg.csv,46553,1400.023475269942,Fw_then_Bw,27772,9389,2.34725,True,1,2.148089274590252e-05,1400.023475269942,-1400.0055656651966,0.43077396064006734,0.4325339929588381,3227.367993289863,3158.7488328410473,1296.1441564932095,1278.3676147460938,356.5528674358575,359.1988535150449,60.99867222101235,65.79024269449293,0.9271689801217032,True,False,False,False,False
speed_1400rpm__torque_0Nm__temperature_30degC,train,data/original_dataset/Test_30deg/1400rpm/1400.0rpm0.0Nm30.0deg.csv,46553,1400.0154286623,Fw_then_Bw,27770,9391,2.34775,True,1,2.148089274590252e-05,1400.0154286623,-1399.9933006610568,0.44127927200543127,0.4518406834295092,3390.3109103743645,3217.6450671017847,1405.3566181664335,1307.8227937221527,366.4121195206462,357.2659818896682,64.03442004530007,66.35700933429689,0.9649985839883778,True,False,False,False,False
speed_1400rpm__torque_0Nm__temperature_35degC,train,data/original_dataset/Test_35deg/1400rpm/1400.0rpm0.0Nm35.0deg.csv,46551,1400.0157080687736,Fw_then_Bw,27770,9391,2.34775,True,1,2.148181564305815e-05,1400.0157080687736,-1400.0065999959286,0.46167519758455455,0.43882066772016515,3361.522272462025,3442.0563024473267,1414.4875176250935,1412.9428192977684,364.10979942547783,365.3445407039726,62.88994996994005,68.85664319952411,0.9133461500251394,True,False,False,False,False
speed_1400rpm__torque_100Nm__temperature_25degC,train,data/original_dataset/Test_25deg/1400rpm/1400.0rpm100.0Nm25.0deg.csv,45285,1400.004699831091,Fw_then_Bw,27772,8124,2.031,True,1,2.208236722976703e-05,1400.004699831091,-1400.007661335015,0.4611723319006842,0.4370886793672071,3407.0764804102055,2974.5910316712516,1293.055003285689,1185.0446522235866,373.1995999814444,384.1471449254184,63.3390892547139,68.10752492710886,0.9299866545216801,True,False,False,False,False
speed_1400rpm__torque_100Nm__temperature_30degC,train,data/original_dataset/Test_30deg/1400rpm/1400.0rpm100.0Nm30.0deg.csv,46552,1400.0094216316938,Fw_then_Bw,27771,9392,2.348,True,1,2.1481354184567796e-05,1400.0094216316938,-1400.0115173209147,0.4234258279516325,0.40311333335330346,3308.7293462212983,3123.656115106951,1257.4642658232733,1234.1357201334172,351.7152947329123,360.33296060022616,58.04702835075659,64.80610836883896,0.8957030411452329,True,False,False,False,False
speed_1400rpm__torque_100Nm__temperature_35degC,train,data/original_dataset/Test_35deg/1400rpm/1400.0rpm100.0Nm35.0deg.csv,46349,1400.007158498435,Fw_then_Bw,27771,9189,2.29725,True,1,2.1575438520787936e-05,1400.007158498435,-1400.0052586585905,0.4344619616556429,0.4212746862322092,3397.1299417312366,3221.1544147385216,1345.0157284737543,1341.6677588222228,359.3255374580622,380.42875911560265,59.089372948164964,63.3262477884273,0.9330944910170943,True,False,False,False,False
speed_1400rpm__torque_200Nm__temperature_25degC,validation,data/original_dataset/Test_25deg/1400rpm/1400.0rpm200.0Nm25.0deg.csv,46552,1400.008052602061,Fw_then_Bw,27771,9392,2.348,True,1,2.1481354184567796e-05,1400.008052602061,-1400.0150373321958,0.47480686286382934,0.42904133442789316,3439.2618302567826,3118.6707337232733,1319.893068075089,1265.2942860132948,381.0865691903018,400.65391936486765,64.67398562199378,70.56721053513677,0.9164877728841408,True,False,False,False,False
speed_1400rpm__torque_200Nm__temperature_30degC,train,data/original_dataset/Test_30deg/1400rpm/1400.0rpm200.0Nm30.0deg.csv,46533,1400.0055938668083,Fw_then_Bw,27772,9372,2.343,True,1,2.1490125287430427e-05,1400.0055938668083,-1400.011013999271,0.46167519758455455,0.4351880052129218,3404.2729491673977,3123.4210880937526,1305.998885222106,1277.1181114014307,386.5574079702128,401.9955490316079,63.659197626975576,67.81429106949872,0.9387283509568087,True,False,False,False,False
speed_1400rpm__torque_200Nm__temperature_35degC,train,data/original_dataset/Test_35deg/1400rpm/1400.0rpm200.0Nm35.0deg.csv,46551,1400.014702201588,Fw_then_Bw,27771,9392,2.348,True,1,2.148181564305815e-05,1400.014702201588,-1400.0104553318426,0.4620104737114161,0.4227833317904697,3471.7853413894773,3296.0758253470403,1364.7973269221438,1336.1871705952126,372.78980974588194,389.51423352668775,63.25653601106751,69.45194114418882,0.910795795897784,True,False,False,False,False
speed_1400rpm__torque_300Nm__temperature_25degC,test,data/original_dataset/Test_25deg/1400rpm/1400.0rpm300.0Nm25.0deg.csv,46552,1400.013109703044,Fw_then_Bw,27772,9392,2.348,True,1,2.1481354184567796e-05,1400.013109703044,-1400.0139759931094,0.47184526920318604,0.4572883384147417,3506.7635918190263,3227.4686906010625,1361.1317330598013,1305.5384789408884,411.1549722026666,421.84120178926605,64.9228475990185,69.11269273664401,0.9393766185092651,True,False,False,False,False
speed_1400rpm__torque_300Nm__temperature_30degC,validation,data/original_dataset/Test_30deg/1400rpm/1400.0rpm300.0Nm30.0deg.csv,46555,1400.0052027307297,Fw_then_Bw,27771,9392,2.348,True,1,2.14799699280421e-05,1400.0052027307297,-1400.0143389954853,0.44832006581918904,0.4458893381524831,3544.428152963974,3230.821469333018,1375.7496833804908,1328.388628065385,386.82882567582055,399.31120638393594,62.05485153441259,67.12748223185363,0.9244328771348741,True,False,False,False,False
speed_1400rpm__torque_300Nm__temperature_35degC,train,data/original_dataset/Test_35deg/1400rpm/1400.0rpm300.0Nm35.0deg.csv,46554,1400.0065997339939,Fw_then_Bw,27770,9392,2.348,True,1,2.1480431327061047e-05,1400.0065997339939,-1400.0206253452536,0.46173106723790625,0.4315559829897211,3496.7093650870083,3219.678877696695,1376.1609963324643,1336.4285700022713,381.5900335355763,397.8551268577121,60.3939731466653,64.94453847353724,0.9299315164318839,True,False,False,False,False
speed_1400rpm__torque_400Nm__temperature_25degC,train,data/original_dataset/Test_25deg/1400rpm/1400.0rpm400.0Nm25.0deg.csv,46552,1400.0097848669006,Fw_then_Bw,27771,9392,2.348,True,61,0.0013103626052586356,1400.0097848669006,-1400.0255706584235,0.9959377930501887,1.0664576645165198,11203926.689728783,11204009.145802895,2240736.6557098925,2240748.7973655765,533461.2141773105,533474.7779750399,110889.44750080009,110902.63491531114,0.9998810901605618,True,False,False,False,False
speed_1400rpm__torque_400Nm__temperature_30degC,train,data/original_dataset/Test_30deg/1400rpm/1400.0rpm400.0Nm30.0deg.csv,46555,1400.0160992630601,Fw_then_Bw,27771,9392,2.348,True,1,2.14799699280421e-05,1400.0160992630601,-1400.0220783248856,0.45714893106674026,0.4553610148527696,3612.0433166315706,3211.138405215835,1370.4298675061182,1299.6397912502289,392.0442862881828,401.2850797961618,63.57631721721191,66.3532620532805,0.9581490834039365,True,False,False,False,False
speed_1400rpm__torque_400Nm__temperature_35degC,train,data/original_dataset/Test_35deg/1400rpm/1400.0rpm400.0Nm35.0deg.csv,46555,1400.0188931919788,Fw_then_Bw,27771,9392,2.348,True,1,2.14799699280421e-05,1400.0188931919788,-1400.0097850027182,0.44938173959963024,0.4413350058409833,3560.0746438531132,3147.5727465788623,1369.7369679807707,1312.6997520032542,382.37975910305977,394.84142834903633,61.99178619681334,64.28283635186739,0.9643598464990959,True,False,False,False,False
speed_1400rpm__torque_500Nm__temperature_25degC,train,data/original_dataset/Test_25deg/1400rpm/1400.0rpm500.0Nm25.0deg.csv,46553,1400.0276662700344,Fw_then_Bw,27771,9392,2.348,True,1,2.148089274590252e-05,1400.0276662700344,-1400.0290633218053,0.4620104640102909,0.4844739839124941,3695.303962255821,3126.1699836857074,1398.1903970243366,1288.2627636190575,421.67626569653294,415.9186525713719,64.50137259935218,63.44166749158829,1.0167036137236525,True,False,False,False,False
speed_1400rpm__torque_500Nm__temperature_30degC,validation,data/original_dataset/Test_30deg/1400rpm/1400.0rpm500.0Nm30.0deg.csv,46552,1400.0115450665664,Fw_then_Bw,27772,9391,2.34775,True,1,2.1481354184567796e-05,1400.0115450665664,-1400.0283646552512,0.472012931519771,0.48304899246431887,3727.6569268830794,3163.106370872356,1441.949360966599,1299.1278126837642,417.7630991098791,412.2832389107316,65.18743206383988,67.04971636827395,0.9722253216672032,True,False,False,False,False
speed_1400rpm__torque_500Nm__temperature_35degC,train,data/original_dataset/Test_35deg/1400rpm/1400.0rpm500.0Nm35.0deg.csv,46553,1400.0129141034754,Fw_then_Bw,27772,9391,2.34775,True,1,2.148089274590252e-05,1400.0129141034754,-1400.0119083405782,0.4583504026713854,0.48486500357580553,3714.190508860429,3296.8817007104008,1440.0334174190448,1346.111461520195,405.12487029723155,405.87037482418964,65.29198969078604,66.2906192023911,0.9849355832903574,True,False,False,False,False
speed_1400rpm__torque_600Nm__temperature_25degC,test,data/original_dataset/Test_25deg/1400rpm/1400.0rpm600.0Nm25.0deg.csv,46553,1400.0183902656622,Fw_then_Bw,27772,9390,2.3475,True,1,2.148089274590252e-05,1400.0183902656622,-1400.0304600049276,0.49324703528941427,0.5253493242586273,3781.791925818515,3200.0669181189996,1452.9074302315166,1319.247071296012,441.5878802537007,436.8717117320101,67.05677366403502,66.06544718715664,1.0150052185989153,True,False,False,False,False
speed_1400rpm__torque_600Nm__temperature_30degC,train,data/original_dataset/Test_30deg/1400rpm/1400.0rpm600.0Nm30.0deg.csv,46550,1400.0188932016804,Fw_then_Bw,27772,9390,2.3475,True,1,2.1482277121374864e-05,1400.0188932016804,-1400.0206536632809,0.48025513630523164,0.5349890076710153,3940.263472031938,3312.595149812204,1494.406324885902,1388.3560819922423,442.64484626664796,438.72694135466173,68.90346130535359,69.63065323411676,0.9895564396571411,True,False,False,False,False
speed_1400rpm__torque_600Nm__temperature_35degC,train,data/original_dataset/Test_35deg/1400rpm/1400.0rpm600.0Nm35.0deg.csv,46551,1400.0108185961533,Fw_then_Bw,27772,9390,2.3475,True,1,2.148181564305815e-05,1400.0108185961533,-1400.0294263338824,0.4742759992950596,0.5188116629142314,3870.829846709964,3323.5805652414424,1486.5897464749194,1370.9664212170537,427.54297341612056,410.64828896860485,67.1949827031312,67.4744893050956,0.9958575958878241,True,False,False,False,False
speed_1400rpm__torque_700Nm__temperature_25degC,train,data/original_dataset/Test_25deg/1400rpm/1400.0rpm700.0Nm25.0deg.csv,46553,1400.0099804325146,Fw_then_Bw,27772,9390,2.3475,True,1,2.148089274590252e-05,1400.0099804325146,-1400.035713003793,0.4985276682418771,0.560442334972322,4060.3280533107813,3259.05157951588,1535.1173216100506,1358.3621840175506,463.3058921212067,444.0412839609506,70.47493322352236,68.37011065213117,1.0307857125184507,True,False,False,False,False
speed_1400rpm__torque_700Nm__temperature_30degC,train,data/original_dataset/Test_30deg/1400rpm/1400.0rpm700.0Nm30.0deg.csv,46553,1400.0202901346104,Fw_then_Bw,27772,9390,2.3475,True,1,2.148089274590252e-05,1400.0202901346104,-1400.0313540066904,0.501321662644159,0.548120005987812,4075.5502258733445,3268.170903903274,1539.6057335286953,1391.9010649619847,456.8754519913904,445.57185896783267,71.59063533586043,70.7216852370038,1.0122868975186972,True,False,False,False,False
speed_1400rpm__torque_700Nm__temperature_35degC,train,data/original_dataset/Test_35deg/1400rpm/1400.0rpm700.0Nm35.0deg.csv,46550,1400.0092539693774,Fw_then_Bw,27771,9391,2.34775,True,1,2.1482277121374864e-05,1400.0092539693774,-1400.0171606700555,0.4790258293116949,0.5462206706092729,4025.2133815856723,3365.501742034212,1546.0922718048096,1427.9634565114065,437.4820944808562,423.81563711705894,70.78641579300893,68.6873403365098,1.0305598593018077,True,False,False,False,False
speed_1400rpm__torque_800Nm__temperature_25degC,test,data/original_dataset/Test_25deg/1400rpm/1400.0rpm800.0Nm25.0deg.csv,46553,1400.0238105630463,Fw_then_Bw,27771,9391,2.34775,True,1,2.148089274590252e-05,1400.0238105630463,-1400.0364953341584,0.5055405320791806,0.5876833262543641,4198.550440681629,3383.3833100889024,1561.3581359384625,1413.6136025190353,484.3569213876435,457.0877591063436,73.455345218008,69.23618322525726,1.0609386854706282,True,False,False,False,False
speed_1400rpm__torque_800Nm__temperature_30degC,train,data/original_dataset/Test_30deg/1400rpm/1400.0rpm800.0Nm30.0deg.csv,46550,1400.0248443335295,Fw_then_Bw,27771,9391,2.34775,True,1,2.1482277121374864e-05,1400.0248443335295,-1400.0252073359056,0.5148165024970695,0.5844986493077613,4238.5599808771985,3469.6605483381973,1622.1329338845862,1512.2741386294365,480.07283750030183,466.84798988553666,74.17679216632678,72.07219804286069,1.0292011924239428,True,False,False,False,False
speed_1400rpm__torque_800Nm__temperature_35degC,train,data/original_dataset/Test_35deg/1400rpm/1400.0rpm800.0Nm35.0deg.csv,46553,1400.0194519612705,Fw_then_Bw,27771,9391,2.34775,True,1,2.148089274590252e-05,1400.0194519612705,-1400.0252640107647,0.47287899845593984,0.5426439844693505,4002.7506959936545,3348.1786570823715,1548.4837368126136,1398.1682673097566,447.06672926758984,427.3174096429102,68.54902322174894,67.82756435995907,1.0106366617848919,True,False,False,False,False
speed_1400rpm__torque_900Nm__temperature_25degC,train,data/original_dataset/Test_25deg/1400rpm/1400.0rpm900.0Nm25.0deg.csv,46551,1400.0267721664084,Fw_then_Bw,27771,9391,2.34775,True,1,2.148181564305815e-05,1400.0267721664084,-1400.0283926725388,0.5330611020326614,0.626184667150028,4376.694676465831,3511.5713253617287,1634.9181413652332,1479.9535959955392,516.7616759204066,482.7816514739425,78.13702981047754,73.2174400650365,1.0671915016568614,True,False,False,False,False
speed_1400rpm__torque_900Nm__temperature_30degC,test,data/original_dataset/Test_30deg/1400rpm/1400.0rpm900.0Nm30.0deg.csv,45216,1400.0261016335571,Fw_then_Bw,27772,8053,2.01325,True,1,2.2116065109695684e-05,1400.0261016335571,-1400.0168256752659,0.520069132714184,0.603413345137028,4269.238673927108,3031.4326441541193,1648.7738269564486,1423.2610160110198,489.96828448530306,449.06139657578024,76.67752967608976,66.11645457796838,1.1597344438012347,True,False,False,False,False
speed_1400rpm__torque_900Nm__temperature_35degC,train,data/original_dataset/Test_35deg/1400rpm/1400.0rpm900.0Nm35.0deg.csv,46552,1400.0301249325275,Fw_then_Bw,27771,9391,2.34775,True,1,2.1481354184567796e-05,1400.0301249325275,-1400.022077995042,0.5111284675269872,0.6033853278493098,4292.653291485749,3480.0553500340357,1681.096801161857,1545.533576607795,489.3967608609273,466.9119371542365,75.33090421475208,71.26665056284764,1.057028829330492,True,False,False,False,False
speed_1400rpm__torque_1000Nm__temperature_25degC,train,data/original_dataset/Test_25deg/1400rpm/1400.0rpm1000.0Nm25.0deg.csv,46256,1400.0315219357922,Fw_then_Bw,27772,9093,2.27325,True,1,2.1618817018332758e-05,1400.0315219357922,-1400.0216873246245,0.5634315384670572,0.665467329478588,4620.038353217384,3560.2303842695605,1692.3153805729723,1523.2622516159604,532.9182355176717,495.6551915121962,82.59743317421453,74.30162854707305,1.111650374148741,True,False,False,False,False
speed_1400rpm__torque_1000Nm__temperature_30degC,train,data/original_dataset/Test_30deg/1400rpm/1400.0rpm1000.0Nm30.0deg.csv,46553,1400.0311866014574,Fw_then_Bw,27771,9391,2.34775,True,1,2.148089274590252e-05,1400.0311866014574,-1400.0211843328239,0.5377829365900197,0.6365496568224671,4524.7773329415395,3668.0341387791486,1740.597051381883,1559.4584047794342,524.1802664745592,477.8377129919136,79.69946159710162,74.56519329298317,1.068856098634986,True,False,False,False,False
speed_1400rpm__torque_1000Nm__temperature_35degC,train,data/original_dataset/Test_35deg/1400rpm/1400.0rpm1000.0Nm35.0deg.csv,46553,1400.0442065298557,Fw_then_Bw,27771,9391,2.34775,True,1,2.148089274590252e-05,1400.0442065298557,-1400.0080526651193,0.5378387965415641,0.6283353335066977,4454.589371259317,3597.175993490964,1746.0733816024003,1557.3352590204195,512.0784095711315,482.08444459078237,79.31659481300812,72.51701673703792,1.0937652758197005,True,False,False,False,False
speed_1400rpm__torque_1100Nm__temperature_25degC,train,data/original_dataset/Test_25deg/1400rpm/1400.0rpm1100.0Nm25.0deg.csv,46553,1400.0376686647844,Fw_then_Bw,27772,9391,2.34775,True,1,2.148089274590252e-05,1400.0376686647844,-1400.0231119959303,0.5639344647836424,0.6974019925110042,4861.460420459204,3799.236787017435,1784.0444851665309,1603.4916564822197,559.8546964026807,513.8239874727333,86.84647186537404,76.95416884826045,1.1285479807678698,True,False,False,False,False
speed_1400rpm__torque_1100Nm__temperature_30degC,train,data/original_dataset/Test_30deg/1400rpm/1400.0rpm1100.0Nm30.0deg.csv,46551,1400.0486768685128,Fw_then_Bw,27771,9391,2.34775,True,1,2.148181564305815e-05,1400.0486768685128,-1400.0185580031637,0.5352683365345001,0.6644333285901212,4590.711983230904,3786.0519951209426,1774.124824255523,1654.9898743628546,535.4093299024498,498.5449903069821,82.53436992936258,76.24709421770604,1.0824592173139698,True,False,False,False,False
speed_1400rpm__torque_1100Nm__temperature_35degC,validation,data/original_dataset/Test_35deg/1400rpm/1400.0rpm1100.0Nm35.0deg.csv,45724,1400.0325836047218,Fw_then_Bw,27771,8564,2.141,True,1,2.1870352550083107e-05,1400.0325836047218,-1400.0127743444561,0.5353242546943875,0.6693786708639209,4599.9887709813265,3524.6684701030963,1801.2150600548011,1611.2028907235072,539.0122547037208,476.0261211018132,81.44996691453343,70.63161564760775,1.153165847442881,True,False,False,False,False
speed_1400rpm__torque_1200Nm__temperature_25degC,train,data/original_dataset/Test_25deg/1400rpm/1400.0rpm1200.0Nm25.0deg.csv,46551,1400.0402949313866,Fw_then_Bw,27771,9391,2.34775,True,1,2.148181564305815e-05,1400.0402949313866,-1400.015931673503,0.55108213079302,0.7244200096463373,4904.194734990597,3936.8141054478656,1816.3695871826349,1611.649873852457,570.3845027651369,514.2177783309307,89.24541260921615,78.12154440580343,1.1423918112221338,True,False,False,False,False
speed_1400rpm__torque_1200Nm__temperature_30degC,train,data/original_dataset/Test_30deg/1400rpm/1400.0rpm1200.0Nm30.0deg.csv,46554,1400.036774527204,Fw_then_Bw,27771,9391,2.34775,True,1,2.1480431327061047e-05,1400.036774527204,-1400.017160999899,0.5493500114728249,0.688992343687687,4835.462663322687,3908.6493197823984,1781.7020535467236,1608.9671969411938,554.7170149425256,502.1958102784083,87.08438277290043,78.83857692195306,1.104591003197716,True,False,False,False,False
speed_1400rpm__torque_1200Nm__temperature_35degC,train,data/original_dataset/Test_35deg/1400rpm/1400.0rpm1200.0Nm35.0deg.csv,46360,1400.0446814946677,Fw_then_Bw,27772,9197,2.2992500000000002,True,1,2.1570319240724762e-05,1400.0446814946677,-1400.0029676729657,0.5386490374803543,0.6881263301086165,4680.387862026551,3831.1777636408788,1855.230505764484,1677.1494841572348,553.0123256503425,490.19923337855215,85.15947655878331,75.50108606847053,1.1279238616720528,True,False,False,False,False
speed_1400rpm__torque_1300Nm__temperature_25degC,validation,data/original_dataset/Test_25deg/1400rpm/1400.0rpm1300.0Nm25.0deg.csv,46552,1400.0462740659714,Fw_then_Bw,27772,9390,2.3475,True,1,2.1481354184567796e-05,1400.0462740659714,-1400.0185580031637,0.5714781655116212,0.7444246827315055,5046.1304374035535,4060.866621633977,1882.2847989197726,1631.24353423741,591.8889785097687,517.0548781755315,91.39703109403851,78.13881080910501,1.169675224739773,True,False,False,False,False
speed_1400rpm__torque_1300Nm__temperature_30degC,train,data/original_dataset/Test_30deg/1400rpm/1400.0rpm1300.0Nm30.0deg.csv,46550,1400.0501297341543,Fw_then_Bw,27771,9390,2.3475,True,1,2.1482277121374864e-05,1400.0501297341543,-1400.0147019978613,0.5602464661933482,0.7363779974791669,4994.157313679807,3980.979536815401,1865.9007966516583,1629.3257446586265,578.4737779977149,511.57598956742686,91.2736633622444,78.7385480020475,1.1591992191660805,True,False,False,False,False
speed_1400rpm__torque_1300Nm__temperature_35degC,train,data/original_dataset/Test_35deg/1400rpm/1400.0rpm1300.0Nm35.0deg.csv,46553,1400.043982997886,Fw_then_Bw,27772,9389,2.34725,True,1,2.148089274590252e-05,1400.043982997886,-1400.0154006644152,0.5593522995088733,0.7279400015249848,4866.521741495898,4018.888560434061,1931.4141044023017,1754.6568113566536,577.4960758957602,525.138216785308,88.84076399131114,79.64214169151093,1.1154994341492035,True,False,False,False,False
speed_1400rpm__torque_1400Nm__temperature_25degC,validation,data/original_dataset/Test_25deg/1400rpm/1400.0rpm1400.0Nm25.0deg.csv,46548,1400.0385068017445,Fw_then_Bw,27771,9388,2.347,True,1,2.148320013749248e-05,1400.0385068017445,-1400.0034703446242,0.5536526684109049,0.784071327264769,5172.306671738625,4203.12212081726,1954.9952000379562,1690.4756015534977,614.9921960063693,528.3786623607283,99.06690442358013,83.78108050819715,1.1824495915147264,True,False,False,False,False
speed_1400rpm__torque_1400Nm__temperature_30degC,train,data/original_dataset/Test_30deg/1400rpm/1400.0rpm1400.0Nm30.0deg.csv,46551,1400.049403338926,Fw_then_Bw,27772,9389,2.34725,True,1,2.148181564305815e-05,1400.049403338926,-1400.0092819915153,0.5635712320022321,0.7550973386969417,5197.450708753786,4261.182931562146,1940.3994090854667,1717.4006342887883,603.5289433742946,528.6313977980171,95.5098700411781,81.37494605907705,1.173701177901111,True,False,False,False,False
speed_1400rpm__torque_1400Nm__temperature_35degC,validation,data/original_dataset/Test_35deg/1400rpm/1400.0rpm1400.0Nm35.0deg.csv,46259,1400.040294994445,Fw_then_Bw,27771,9097,2.27425,True,1,2.1617414989515553e-05,1400.040294994445,-1400.0083320036842,0.5592126690315808,0.7633120015575514,5037.747032475181,4057.3333157228076,1976.4752030368982,1787.432525157783,601.9962515147199,522.8071368881501,92.77300451776682,80.98410866641643,1.1455704834625062,True,False,False,False,False
speed_1400rpm__torque_1500Nm__temperature_25degC,validation,data/original_dataset/Test_25deg/1400rpm/1400.0rpm1500.0Nm25.0deg.csv,46549,1400.0416919977094,Fw_then_Bw,27770,9389,2.34725,True,1,2.1482738619519217e-05,1400.0416919977094,-1399.9876566619303,0.5479529305982851,0.8163413440342993,5356.886796653543,4412.5914806501905,1986.010484397775,1758.983835578693,630.894405856088,546.6342606710896,102.68877364023864,86.90092301003465,1.1816764435100526,True,False,False,False,False
speed_1400rpm__torque_1500Nm__temperature_30degC,train,data/original_dataset/Test_30deg/1400rpm/1400.0rpm1500.0Nm30.0deg.csv,46551,1400.062758465841,Fw_then_Bw,27771,9390,2.3475,True,1,2.148181564305815e-05,1400.062758465841,-1400.0038613254826,0.5542673364591337,0.7815286711168028,5273.446634722404,4425.041290232911,1980.11866807974,1823.5646322369569,620.2927600770636,546.8678337476376,99.1764492036964,84.90341934243588,1.1681090110598957,True,False,False,False,False
speed_1400rpm__torque_1500Nm__temperature_35degC,validation,data/original_dataset/Test_35deg/1400rpm/1400.0rpm1500.0Nm35.0deg.csv,46552,1400.0385347947788,Fw_then_Bw,27772,9390,2.3475,True,1,2.1481354184567796e-05,1400.0385347947788,-1400.001402992833,0.5970988034580387,0.8033216775703522,5232.541313550291,4477.723672365346,2088.732348680559,1897.3030455415922,629.6363255809861,548.1551743334873,97.75301018721612,86.81395750227237,1.1260056907860398,True,False,False,False,False
speed_1400rpm__torque_1600Nm__temperature_25degC,train,data/original_dataset/Test_25deg/1400rpm/1400.0rpm1600.0Nm25.0deg.csv,46555,1400.025235498712,Fw_then_Bw,27771,9392,2.348,True,1,2.14799699280421e-05,1400.025235498712,-1400.0055940123275,0.5588214965730458,0.8366820111405104,5524.5666881087345,4712.027194910154,2041.161072253999,1814.1476671398302,653.8735938570426,558.0723761801434,105.38182149412023,88.53889195438546,1.1902319892190667,True,False,False,False,False
speed_1400rpm__torque_1600Nm__temperature_30degC,train,data/original_dataset/Test_30deg/1400rpm/1400.0rpm1600.0Nm30.0deg.csv,46343,1400.043088933065,Fw_then_Bw,27772,9180,2.295,True,1,2.157823187967978e-05,1400.043088933065,-1399.9959263407316,0.5807820707558449,0.8284393309925235,5455.09779864578,4587.248008464849,2070.786495804622,1827.851645647979,649.5724602822519,547.936888251661,103.32678972531538,86.027642022327,1.2010882467114312,True,False,False,False,False
speed_1400rpm__torque_1600Nm__temperature_35degC,train,data/original_dataset/Test_35deg/1400rpm/1400.0rpm1600.0Nm35.0deg.csv,46255,1400.0361040331577,Fw_then_Bw,27772,9092,2.273,True,1,2.1619284401686305e-05,1400.0361040331577,-1400.0053703299877,0.5964003357802312,0.836848989516966,5439.31892995364,4541.460605106293,2150.70929169651,1886.4847739035208,648.8924421013962,549.7501084489609,101.7159107298994,85.84717643434487,1.1848486456358969,True,False,False,False,False
speed_1400rpm__torque_1700Nm__temperature_25degC,train,data/original_dataset/Test_25deg/1400rpm/1400.0rpm1700.0Nm25.0deg.csv,45589,1400.038227434076,Fw_then_Bw,27772,8429,2.10725,True,1,2.1935115927087675e-05,1400.038227434076,-1399.9990836600773,0.5746353369128201,0.878954325647328,5725.900743467442,4437.446407973401,2128.8556551935917,1668.4680557247702,678.8905711401636,517.464109120192,109.00623919378616,79.71250727623553,1.3674922909655345,True,False,False,False,False
speed_1400rpm__torque_1700Nm__temperature_30degC,train,data/original_dataset/Test_30deg/1400rpm/1400.0rpm1700.0Nm30.0deg.csv,46550,1400.0427536666393,Fw_then_Bw,27772,9390,2.3475,True,1,2.1482277121374864e-05,1400.0427536666393,-1400.001737997324,0.6019882663772478,0.8574126695748419,5745.570978615657,5008.0305178800245,2166.010875031632,1937.6881082357602,674.8203740232839,582.9930926005998,108.47166611438293,93.81723687183693,1.1562018849752025,True,False,False,False,False
speed_1400rpm__torque_1700Nm__temperature_35degC,validation,data/original_dataset/Test_35deg/1400rpm/1400.0rpm1700.0Nm35.0deg.csv,46550,1400.037892133696,Fw_then_Bw,27771,9390,2.3475,True,1,2.1482277121374864e-05,1400.037892133696,-1399.9994470019979,0.6121024683429823,0.8514336659570745,5617.885297397152,4830.254951957337,2196.7738687990277,1973.6968193951268,662.8621617951467,574.92939049298,105.71599995137149,92.71104317381287,1.1402740852907585,True,False,False,False,False
speed_1400rpm__torque_1800Nm__temperature_25degC,train,data/original_dataset/Test_25deg/1400rpm/1400.0rpm1800.0Nm25.0deg.csv,45965,1400.0315778005945,Fw_then_Bw,27772,8802,2.2005,True,1,2.1755683672359405e-05,1400.0315778005945,-1399.9943060043734,0.5756690685909689,0.8947963263683505,5872.563744196524,4879.00538913395,2194.646123051278,1849.4188700616166,699.8511484694516,565.2404258297337,112.11931040061238,89.72000140302036,1.2496579207235496,True,False,False,False,False
speed_1400rpm__torque_1800Nm__temperature_30degC,train,data/original_dataset/Test_30deg/1400rpm/1400.0rpm1800.0Nm30.0deg.csv,46551,1400.044150669904,Fw_then_Bw,27771,9390,2.3475,True,1,2.148181564305815e-05,1400.044150669904,-1399.9901153341248,0.6272457248996943,0.8706563385205754,5937.962365957901,5199.853035932391,2181.351473927407,1918.9550726120158,692.1642328657072,584.4592303039007,111.64141202925748,96.36632949132033,1.1585105774866415,True,False,False,False,False
speed_1400rpm__torque_1800Nm__temperature_35degC,validation,data/original_dataset/Test_35deg/1400rpm/1400.0rpm1800.0Nm35.0deg.csv,46552,1400.0388980008815,Fw_then_Bw,27771,9390,2.3475,True,1,2.1481354184567796e-05,1400.0388980008815,-1399.974022002425,0.6384775333572179,0.8778926664186883,5798.82665382047,5187.111860141294,2250.7981300354913,2090.131450444232,690.5942820012569,612.0864186966173,108.91050808550062,96.94437286507306,1.1234330045858567,True,False,False,False,False
speed_1500rpm__torque_0Nm__temperature_25degC,validation,data/original_dataset/Test_25deg/1500rpm/1500.0rpm0.0Nm25.0deg.csv,44512,1500.012986366831,Fw_then_Bw,25920,9296,2.324,True,1,2.2465851905104242e-05,1500.012986366831,-1499.9958313419484,0.44164247325784345,0.48307667505775953,3659.659206944798,3273.69140965493,1456.3051122426714,1450.3487870092613,346.200177073706,365.4243681760363,69.70423758002653,68.46768895866262,1.0180603236383585,True,False,False,False,False
speed_1500rpm__torque_0Nm__temperature_30degC,train,data/original_dataset/Test_30deg/1500rpm/1500.0rpm0.0Nm30.0deg.csv,44513,1500.0038779980969,Fw_then_Bw,25920,9296,2.324,True,1,2.2465347201941005e-05,1500.0038779980969,-1499.992311000824,0.4727393388748169,0.495342663877409,3802.933869883418,3276.708623161767,1546.1258150637148,1411.8923857806749,353.16077570096235,363.10133320216664,73.74601747724226,70.12859141764238,1.0515827565686688,True,False,False,False,False
speed_1500rpm__torque_0Nm__temperature_35degC,train,data/original_dataset/Test_35deg/1500rpm/1500.0rpm0.0Nm35.0deg.csv,44514,1500.0035147992699,Fw_then_Bw,25920,9296,2.324,True,1,2.2464842521453923e-05,1500.0035147992699,-1499.9944343289826,0.5044788025163598,0.475868335342966,3879.8152051937905,3515.5936493540594,1588.7329700585722,1504.0713377297834,364.7197502175913,380.1658187239809,74.16417623835513,74.69907974723355,0.9928392222409107,True,False,False,False,False
speed_1500rpm__torque_100Nm__temperature_25degC,train,data/original_dataset/Test_25deg/1500rpm/1500.0rpm100.0Nm25.0deg.csv,44516,1499.9970607362534,Fw_then_Bw,25920,9299,2.32475,True,1,2.246383322850211e-05,1499.9970607362534,-1500.006364668176,0.4520081371689457,0.46427333533461024,3486.1117620790974,3247.0373320393264,1363.4251174334165,1331.846817135193,343.059829054664,350.2166657217458,69.70423895800195,71.86726834797813,0.9699024404336216,True,False,False,False,False
speed_1500rpm__torque_100Nm__temperature_30degC,validation,data/original_dataset/Test_30deg/1500rpm/1500.0rpm100.0Nm30.0deg.csv,44514,1500.0037103988384,Fw_then_Bw,25920,9297,2.32425,True,1,2.2464842521453923e-05,1500.0037103988384,-1499.9902156608491,0.4462524957490359,0.47273932917357797,3794.2080176423588,3312.840669726756,1435.8022908114433,1318.2163423296515,350.20913992684655,363.458391881977,72.90197595702918,71.13695805601309,1.02481154591438,True,False,False,False,False
speed_1500rpm__torque_100Nm__temperature_35degC,train,data/original_dataset/Test_35deg/1500rpm/1500.0rpm100.0Nm35.0deg.csv,44515,1499.9965578366148,Fw_then_Bw,25920,9297,2.32425,True,1,2.246433786364147e-05,1499.9965578366148,-1499.990020005498,0.4579871650396399,0.48972667233704215,3842.107179420599,3318.786543482564,1481.3639433685235,1353.9787703757602,348.61532220033945,358.3516437382056,73.85878648487959,71.47466971127851,1.0333561076005207,True,False,False,False,False
speed_1500rpm__torque_200Nm__temperature_25degC,train,data/original_dataset/Test_25deg/1500rpm/1500.0rpm200.0Nm25.0deg.csv,44516,1500.0038780344767,Fw_then_Bw,25920,9298,2.3245,True,1,2.246383322850211e-05,1500.0038780344767,-1499.9942106660455,0.43585896977072025,0.4662296560128425,3527.7758802597873,3347.0833441250757,1411.9733781369175,1438.602766394979,351.5503270640238,381.9412349238519,71.52391125914617,76.6225422444677,0.9334578201666279,True,False,False,False,False
speed_1500rpm__torque_200Nm__temperature_30degC,test,data/original_dataset/Test_30deg/1500rpm/1500.0rpm200.0Nm30.0deg.csv,44497,1499.999519435126,Fw_then_Bw,25920,9281,2.32025,True,1,2.2473425174730882e-05,1499.999519435126,-1499.9886226723902,0.4662014301477484,0.4739126695010327,3725.852894906938,3317.4453613655714,1459.374171495801,1349.3299186229706,364.8475063696423,375.7327865987463,74.67693833336853,78.05183618347655,0.956760814157214,True,False,False,False,False
speed_1500rpm__torque_200Nm__temperature_35degC,train,data/original_dataset/Test_35deg/1500rpm/1500.0rpm200.0Nm35.0deg.csv,44516,1500.0017825659597,Fw_then_Bw,25920,9297,2.32425,True,1,2.246383322850211e-05,1500.0017825659597,-1499.9882876776005,0.4744995676446706,0.506881672966756,3954.2478897295496,3376.230907936406,1530.9157314901768,1399.0848827364969,383.2259291693845,393.4694000650778,77.26036430435668,74.5959651943849,1.0357177375884714,True,False,False,False,False
speed_1500rpm__torque_300Nm__temperature_25degC,test,data/original_dataset/Test_25deg/1500rpm/1500.0rpm300.0Nm25.0deg.csv,44516,1500.005107402103,Fw_then_Bw,25920,9297,2.32425,True,1,2.246383322850211e-05,1500.005107402103,-1500.011756666936,0.45603143613936936,0.48589900446438605,3606.450802181189,3386.3784900557202,1447.3312327258552,1439.407526850481,373.06108439288437,386.9364484435207,73.94278380702416,76.49031715227463,0.9666946949614692,True,False,False,False,False
speed_1500rpm__torque_300Nm__temperature_30degC,validation,data/original_dataset/Test_30deg/1500rpm/1500.0rpm300.0Nm30.0deg.csv,44516,1499.9965019669617,Fw_then_Bw,25920,9297,2.32425,True,1,2.246383322850211e-05,1499.9965019669617,-1499.9861640001957,0.44854356868495415,0.4867370007559657,3753.5279251948396,3471.940336749684,1465.5589348079502,1410.2696943280519,364.85760802693216,387.3130937414316,73.59546043394401,77.71678596418475,0.9469699437629855,True,False,False,False,False
speed_1500rpm__torque_300Nm__temperature_35degC,validation,data/original_dataset/Test_35deg/1500rpm/1500.0rpm300.0Nm35.0deg.csv,44516,1500.001251666011,Fw_then_Bw,25920,9297,2.32425,True,1,2.246383322850211e-05,1500.001251666011,-1499.9907183325074,0.4697218294797949,0.5242603365331888,4005.241588068247,3585.0399794677282,1574.95049729946,1447.2842437025975,375.68174559864923,398.4591753713175,77.92801798354958,76.62796035892822,1.0169658388208669,True,False,False,False,False
speed_1500rpm__torque_400Nm__temperature_25degC,train,data/original_dataset/Test_25deg/1500rpm/1500.0rpm400.0Nm25.0deg.csv,44165,1500.0131819324451,Fw_then_Bw,25920,8948,2.237,True,1,2.2642363862787276e-05,1500.0131819324451,-1499.998625329075,0.4781596314084027,0.5295409937388058,3933.5120275306044,3417.056172232742,1571.908545270935,1444.5036037264344,386.1667872978614,388.2992577691766,78.7509381235395,75.68122944430796,1.0405610308100302,True,False,False,False,False
speed_1500rpm__torque_400Nm__temperature_30degC,train,data/original_dataset/Test_30deg/1500rpm/1500.0rpm400.0Nm30.0deg.csv,44515,1500.0038780320513,Fw_then_Bw,25920,9297,2.32425,True,1,2.246433786364147e-05,1500.0038780320513,-1500.00440866764,0.47271140404825474,0.5137826568292212,4049.8245973151807,3349.9466100087348,1558.198004141468,1341.0151410103933,371.1240511735923,377.4826107990516,78.45878477137373,74.16927790873157,1.0578340113802993,True,False,False,False,False
speed_1500rpm__torque_400Nm__temperature_35degC,train,data/original_dataset/Test_35deg/1500rpm/1500.0rpm400.0Nm35.0deg.csv,44517,1500.0093262666874,Fw_then_Bw,25920,9298,2.3245,True,1,2.2463328616034325e-05,1500.0093262666874,-1499.992814012027,0.45186839997745665,0.5301276590519137,4069.357890207948,3450.6949518493457,1534.3554216623481,1433.2383969423063,369.7228406158046,397.3197667371096,76.69092964824813,76.50226988980647,1.0024660674606571,True,False,False,False,False
speed_1500rpm__torque_500Nm__temperature_25degC,validation,data/original_dataset/Test_25deg/1500rpm/1500.0rpm500.0Nm25.0deg.csv,44515,1500.0230446360852,Fw_then_Bw,25920,9297,2.32425,True,1,2.246433786364147e-05,1500.0230446360852,-1500.0015873326142,0.4623457643901929,0.5321950108434521,3902.401642213863,3555.7598962139305,1556.7809464035686,1489.1804200409747,386.1534223671242,395.61102092302445,77.03903304945923,79.41595717275048,0.9700699430201312,True,False,False,False,False
speed_1500rpm__torque_500Nm__temperature_30degC,validation,data/original_dataset/Test_30deg/1500rpm/1500.0rpm500.0Nm30.0deg.csv,44514,1499.9973960026787,Fw_then_Bw,25919,9298,2.3245,True,1,2.2464842521453923e-05,1499.9973960026787,-1499.9898520084876,0.5030818574596196,0.5376436650597043,4239.545560752594,3435.2168207987684,1643.5598385333822,1427.6571634409265,392.1996092159132,401.7544604479098,84.23644062340826,78.8577182899644,1.0682079376639582,True,False,False,False,False
speed_1500rpm__torque_500Nm__temperature_35degC,train,data/original_dataset/Test_35deg/1500rpm/1500.0rpm500.0Nm35.0deg.csv,44514,1500.007230764216,Fw_then_Bw,25920,9297,2.32425,True,1,2.2464842521453923e-05,1500.007230764216,-1499.9876166693866,0.48128886313247676,0.5679576618907731,4368.502264454036,3588.393144309883,1718.6726111924145,1479.9713134771075,392.4465684129245,397.39481835167675,84.79276641760407,79.13665511841828,1.0714727112325144,True,False,False,False,False
speed_1500rpm__torque_600Nm__temperature_25degC,train,data/original_dataset/Test_25deg/1500rpm/1500.0rpm600.0Nm25.0deg.csv,44515,1500.0165347009897,Fw_then_Bw,25920,9297,2.32425,True,1,2.246433786364147e-05,1500.0165347009897,-1500.0077336735558,0.49497933650854975,0.5902536504436284,4072.120781833563,3408.462010945004,1665.3834865619956,1520.7769083976018,436.33790392232186,434.86500410745026,82.88800475902461,79.01230389488774,1.049051865001846,True,False,False,False,False
speed_1500rpm__torque_600Nm__temperature_30degC,train,data/original_dataset/Test_30deg/1500rpm/1500.0rpm600.0Nm30.0deg.csv,44516,1500.000217934333,Fw_then_Bw,25920,9297,2.32425,True,1,2.246383322850211e-05,1500.000217934333,-1500.0068956675627,0.5021877635347209,0.5753899943858869,4319.315015649089,3750.6661533067013,1705.4848754406066,1504.871234893471,406.461734572531,414.9058085118667,85.64301942419661,84.88748684339947,1.0089003999163144,True,False,False,False,False
speed_1500rpm__torque_600Nm__temperature_35degC,train,data/original_dataset/Test_35deg/1500rpm/1500.0rpm600.0Nm35.0deg.csv,44513,1499.9970607362534,Fw_then_Bw,25920,9296,2.324,True,1,2.2465347201941005e-05,1499.9970607362534,-1499.9907463400937,0.47603619896108285,0.59025366984622,4427.2766157524975,3668.760851724528,1738.3106398582183,1558.2292303442955,395.5731409816508,411.15495260942225,85.101600566486,79.5445352941897,1.069861056472879,True,False,False,False,False
speed_1500rpm__torque_700Nm__temperature_25degC,train,data/original_dataset/Test_25deg/1500rpm/1500.0rpm700.0Nm25.0deg.csv,44516,1500.009298334286,Fw_then_Bw,25920,9297,2.32425,True,1,2.246383322850211e-05,1500.009298334286,-1500.011952671533,0.5086697638033684,0.6242563346557972,4294.050321914846,4036.4565405368876,1692.8896893560702,1604.0413880349652,422.9061817835827,418.7013694217967,85.12539298149021,87.90298154453914,0.9684016569831414,True,False,False,False,False
speed_1500rpm__torque_700Nm__temperature_30degC,train,data/original_dataset/Test_30deg/1500rpm/1500.0rpm700.0Nm30.0deg.csv,44512,1499.9859966361935,Fw_then_Bw,25920,9296,2.324,True,1,2.2465851905104242e-05,1499.9859966361935,-1500.0019499954456,0.5187000982307381,0.611459661740696,4563.46596668727,3824.2706214068676,1757.4416357280822,1588.66175562207,416.70670949292787,428.30197317971397,88.5437285069656,87.48661409572378,1.012083156059568,True,False,False,False,False
speed_1500rpm__torque_700Nm__temperature_35degC,train,data/original_dataset/Test_35deg/1500rpm/1500.0rpm700.0Nm35.0deg.csv,44515,1499.9918080623804,Fw_then_Bw,25920,9296,2.324,True,1,2.246433786364147e-05,1499.9918080623804,-1499.987058331802,0.5048140689419824,0.6193386701246482,4575.859235289454,3633.3313910288325,1773.7136755887148,1530.2784688769862,401.78853539468946,416.6497568646719,87.88956828657318,77.80287068135294,1.1296442858327298,True,False,False,False,False
speed_1500rpm__torque_800Nm__temperature_25degC,train,data/original_dataset/Test_25deg/1500rpm/1500.0rpm800.0Nm25.0deg.csv,44516,1500.0066999346018,Fw_then_Bw,25920,9297,2.32425,True,1,2.246383322850211e-05,1500.0066999346018,-1500.0109186706445,0.5039200016956329,0.6832089954211824,4728.747170883844,3781.200922094281,1839.608220756554,1584.0859299903962,437.07553075519166,414.45025106204395,93.50187008326428,82.29513531277915,1.1361773661090864,True,False,False,False,False
speed_1500rpm__torque_800Nm__temperature_30degC,test,data/original_dataset/Test_30deg/1500rpm/1500.0rpm800.0Nm30.0deg.csv,44512,1499.9809116028096,Fw_then_Bw,25920,9296,2.324,True,1,2.2465851905104242e-05,1499.9809116028096,-1500.0026766598844,0.5611125695093051,0.6381423348403814,4752.885678317352,4035.942207944572,1885.711728333717,1652.7322918179834,431.5301904895022,414.6407736200217,94.49096337903028,90.9959300618084,1.038408677342469,True,False,False,False,False
speed_1500rpm__torque_800Nm__temperature_35degC,train,data/original_dataset/Test_35deg/1500rpm/1500.0rpm800.0Nm35.0deg.csv,44512,1499.9763574354197,Fw_then_Bw,25920,9296,2.324,True,1,2.2465851905104242e-05,1499.9763574354197,-1499.9951329955366,0.511491666354118,0.6435350029885285,4720.743893024245,3884.285436167602,1823.1109741330326,1578.1449317930765,419.6917011619007,418.7040956958299,90.50452626420335,84.74076565062205,1.068016385848397,True,False,False,False,False
speed_1500rpm__torque_900Nm__temperature_25degC,train,data/original_dataset/Test_25deg/1500rpm/1500.0rpm900.0Nm25.0deg.csv,44518,1500.0053029701426,Fw_then_Bw,25920,9299,2.32475,True,1,2.2462824026236578e-05,1500.0053029701426,-1500.008096675932,0.512888630813336,0.7214866636784336,4769.984314528936,3840.833875194858,1898.3462274072733,1647.9536688326334,473.7648664397056,451.7819178954596,96.12932721574906,86.29609381860065,1.1139476071514711,True,False,False,False,False
speed_1500rpm__torque_900Nm__temperature_30degC,validation,data/original_dataset/Test_30deg/1500rpm/1500.0rpm900.0Nm30.0deg.csv,43524,1499.9900199327385,Fw_then_Bw,25920,8307,2.07675,True,1,2.297582942744233e-05,1499.9900199327385,-1500.000022332339,0.549377863838572,0.6668923403291274,4803.445207653566,3558.2191582459923,1923.0807137489587,1542.8243610264872,454.11661721432205,417.92856199435846,95.79880877940921,82.51798145493012,1.1609446461282242,True,False,False,False,False
speed_1500rpm__torque_900Nm__temperature_35degC,validation,data/original_dataset/Test_35deg/1500rpm/1500.0rpm900.0Nm35.0deg.csv,44514,1499.9919757004438,Fw_then_Bw,25920,9296,2.324,True,1,2.2464842521453923e-05,1499.9919757004438,-1499.9882873380557,0.5102623642112576,0.6293409969656523,4536.5761422235655,3870.8752448042105,1820.831521935588,1658.9351177210574,440.6811680994906,435.9121876095742,88.2076082255935,85.42902173849143,1.0325250884366635,True,False,False,False,False
speed_1500rpm__torque_1000Nm__temperature_25degC,train,data/original_dataset/Test_25deg/1500rpm/1500.0rpm1000.0Nm25.0deg.csv,44518,1499.999854733081,Fw_then_Bw,25920,9299,2.32475,True,1,2.2462824026236578e-05,1499.999854733081,-1500.0019783425764,0.5335640647296032,0.7265153302190583,4766.520314539184,4000.670866419478,1915.4124204069376,1689.6086388829647,471.7601275515335,445.37016742278865,97.19698996359512,87.92024334507006,1.1055132045314706,True,False,False,False,False
speed_1500rpm__torque_1000Nm__temperature_30degC,validation,data/original_dataset/Test_30deg/1500rpm/1500.0rpm1000.0Nm30.0deg.csv,44512,1499.9826717976248,Fw_then_Bw,25920,9296,2.324,True,1,2.2465851905104242e-05,1499.9826717976248,-1500.0075940042734,0.5437620008401609,0.6539283300904799,4689.887290199885,4055.7806399497167,1890.7203973829833,1739.222544431641,458.26707127525873,443.0807046589962,93.087924676729,91.1873627346722,1.0208423830348823,True,False,False,False,False
speed_1500rpm__torque_1000Nm__temperature_35degC,train,data/original_dataset/Test_35deg/1500rpm/1500.0rpm1000.0Nm35.0deg.csv,44512,1499.9798499338794,Fw_then_Bw,25920,9296,2.324,True,1,2.2465851905104242e-05,1499.9798499338794,-1499.9828673317097,0.5447957664728165,0.653732665038433,4613.846676268349,4158.093807442583,1895.4881811142056,1796.141387522539,462.67355659165327,447.3807675142325,90.05758410285125,92.73648369025977,0.9711127758913519,True,False,False,False,False
speed_1500rpm__torque_1100Nm__temperature_25degC,validation,data/original_dataset/Test_25deg/1500rpm/1500.0rpm1100.0Nm25.0deg.csv,44518,1500.015640631318,Fw_then_Bw,25920,9299,2.32475,True,1,2.2462824026236578e-05,1500.015640631318,-1500.0130143307615,0.5455221641265098,0.7326623405484725,4855.314908006448,3918.260378608831,1986.4464724060326,1660.9132662415504,483.39255885016416,437.75563091094233,97.86521962478218,86.90203025462324,1.1261557335086045,True,False,False,False,False
speed_1500rpm__torque_1100Nm__temperature_30degC,train,data/original_dataset/Test_30deg/1500rpm/1500.0rpm1100.0Nm30.0deg.csv,44372,1499.9830350328316,Fw_then_Bw,25920,9153,2.28825,True,1,2.2536734877850896e-05,1499.9830350328316,-1499.992869658551,0.5588494313997217,0.6831810072374083,4801.837700263604,4107.356257737047,1992.0475774629265,1851.546997427613,478.04318439430057,476.2156951994255,96.53154493566943,93.8135752581729,1.0289720295811853,True,False,False,False,False
speed_1500rpm__torque_1100Nm__temperature_35degC,validation,data/original_dataset/Test_35deg/1500rpm/1500.0rpm1100.0Nm35.0deg.csv,44513,1499.996334333749,Fw_then_Bw,25920,9297,2.32425,True,1,2.2465347201941005e-05,1499.996334333749,-1499.9931773442465,0.5458854041835366,0.662645344467137,4757.1769449856665,4110.440829147591,1939.8629368091406,1823.1600958109975,473.4950491363179,465.0162799016466,91.05856164810571,90.742762048103,1.0034801629669956,True,False,False,False,False
speed_1500rpm__torque_1200Nm__temperature_25degC,train,data/original_dataset/Test_25deg/1500rpm/1500.0rpm1200.0Nm25.0deg.csv,43855,1500.0005811307346,Fw_then_Bw,25920,8639,2.15975,True,1,2.2802417056207958e-05,1500.0005811307346,-1500.0161716598086,0.5635433068771363,0.7696820054358113,5080.005410126749,4146.494289549628,2036.9164787232876,1790.5130633706904,498.75315958133797,443.0966719984099,103.11675382963585,91.42282953353062,1.1279103300102555,True,False,False,False,False
speed_1500rpm__torque_1200Nm__temperature_30degC,validation,data/original_dataset/Test_30deg/1500rpm/1500.0rpm1200.0Nm30.0deg.csv,44513,1499.9951049685478,Fw_then_Bw,25920,9297,2.32425,True,1,2.2465347201941005e-05,1499.9951049685478,-1499.996893001177,0.5511100995742026,0.6898863260480539,4728.957312180728,4108.831876268594,1896.3932210210255,1712.9300761218453,482.11643183153683,447.57340919386434,96.28079672279455,92.72522796436517,1.0383452145277636,True,False,False,False,False
speed_1500rpm__torque_1200Nm__temperature_35degC,train,data/original_dataset/Test_35deg/1500rpm/1500.0rpm1200.0Nm35.0deg.csv,44516,1499.993037430007,Fw_then_Bw,25920,9300,2.325,True,1,2.246383322850211e-05,1499.993037430007,-1499.9933729995973,0.5767028706031851,0.6851366682290063,4816.183976557158,4199.6799389987245,2009.4640257954773,1895.2333486083712,505.0993161544283,489.2083121901121,94.64369965048716,89.94553712441301,1.052233414533682,True,False,False,False,False
speed_1500rpm__torque_1300Nm__temperature_25degC,validation,data/original_dataset/Test_25deg/1500rpm/1500.0rpm1300.0Nm25.0deg.csv,44518,1500.0115893999464,Fw_then_Bw,25919,9300,2.325,True,1,2.2462824026236578e-05,1500.0115893999464,-1500.0086280051619,0.5674548301614095,0.7787900006708242,4895.701360267867,4338.989684281159,2045.6627067178483,1900.5931733548546,540.1776606835483,494.0724045045044,102.43536495081571,95.10455379395347,1.0770815998227028,True,False,False,False,False
speed_1500rpm__torque_1300Nm__temperature_30degC,train,data/original_dataset/Test_30deg/1500rpm/1500.0rpm1300.0Nm30.0deg.csv,44515,1499.9854937341297,Fw_then_Bw,25919,9297,2.32425,True,1,2.246433786364147e-05,1499.9854937341297,-1500.0000223420407,0.546611801837571,0.696871332668934,4795.05290277302,4277.363598035661,1904.4172751905535,1844.2064601182208,489.07317604353,467.63248727456806,97.25574392232373,97.82317180452083,0.9941994532406803,True,False,False,False,False
speed_1500rpm__torque_1300Nm__temperature_35degC,train,data/original_dataset/Test_35deg/1500rpm/1500.0rpm1300.0Nm35.0deg.csv,44135,1499.9942667976334,Fw_then_Bw,25920,8919,2.22975,True,1,2.2657754616517504e-05,1499.9942667976334,-1499.9849629821256,0.5851685976572298,0.7090253056958318,4950.810821416779,4406.332795042,2063.5601222516925,1981.7411604522024,514.3811337474745,490.8080496958064,97.03446272533255,92.65062984550244,1.0473157374875948,True,False,False,False,False
speed_1500rpm__torque_1400Nm__temperature_25degC,validation,data/original_dataset/Test_25deg/1500rpm/1500.0rpm1400.0Nm25.0deg.csv,44515,1500.0065322674345,Fw_then_Bw,25920,9299,2.32475,True,1,2.246433786364147e-05,1500.0065322674345,-1499.9978990041807,0.5451310620023833,0.8084623356503471,4948.00505500034,3952.055956080859,2001.8689576536417,1707.1808516979218,534.0905830968495,477.17987064843334,102.47786660002019,88.72512847501645,1.1550038682544854,True,False,False,False,False
speed_1500rpm__torque_1400Nm__temperature_30degC,validation,data/original_dataset/Test_30deg/1500rpm/1500.0rpm1400.0Nm30.0deg.csv,44517,1500.0121481959166,Fw_then_Bw,25920,9300,2.325,True,1,2.2463328616034325e-05,1500.0121481959166,-1499.9863880026774,0.5616433675943426,0.7457933291638028,5103.861765625287,4432.861629174476,2011.3885330036283,1789.8313462737394,507.6431824380506,457.9701642547656,102.16073693341059,93.33578501623377,1.0945505725980866,True,False,False,False,False
speed_1500rpm__torque_1400Nm__temperature_35degC,test,data/original_dataset/Test_35deg/1500rpm/1500.0rpm1400.0Nm35.0deg.csv,44515,1500.0068954977905,Fw_then_Bw,25920,9299,2.32475,True,1,2.246433786364147e-05,1500.0068954977905,-1499.984571671424,0.582709901209455,0.7900500010387077,5281.851324252782,4513.980335711403,2130.983557700756,1964.0252056718964,516.860596015249,484.2579281757026,104.38121041656812,98.18367750012844,1.063121825075574,True,False,False,False,False
speed_1500rpm__torque_1500Nm__temperature_25degC,train,data/original_dataset/Test_25deg/1500rpm/1500.0rpm1500.0Nm25.0deg.csv,44516,1500.0035427656258,Fw_then_Bw,25920,9298,2.3245,True,1,2.246383322850211e-05,1500.0035427656258,-1500.0047719998595,0.546220660908034,0.827572987570079,5299.117912849076,4671.681841136888,2116.437519788587,1924.9230618778251,547.5426777486972,468.4579108796693,107.59155115870271,96.49101320906084,1.115042194920174,True,False,False,False,False
speed_1500rpm__torque_1500Nm__temperature_30degC,train,data/original_dataset/Test_30deg/1500rpm/1500.0rpm1500.0Nm30.0deg.csv,44517,1499.9932051020246,Fw_then_Bw,25920,9299,2.32475,True,1,2.2463328616034325e-05,1499.9932051020246,-1499.9846000088535,0.5437619620354326,0.7607416676668208,4992.720333393663,4355.818300973716,2022.6230013367056,1831.1937618255797,529.0268377179473,463.92316271885664,101.18479185803153,94.98849617366432,1.0652320642390078,True,False,False,False,False
speed_1500rpm__torque_1500Nm__temperature_35degC,train,data/original_dataset/Test_35deg/1500rpm/1500.0rpm1500.0Nm35.0deg.csv,44518,1500.0005531983334,Fw_then_Bw,25920,9299,2.32475,True,1,2.2462824026236578e-05,1500.0005531983334,-1499.9858289957047,0.5711150079150684,0.7851329864934087,5231.200172177569,4703.474910153727,2152.832633108437,2099.020744562131,540.7977204589315,513.9369131552485,102.8247624924461,100.50316706738163,1.0230997240465862,True,False,False,False,False
speed_1500rpm__torque_1600Nm__temperature_25degC,validation,data/original_dataset/Test_25deg/1500rpm/1500.0rpm1600.0Nm25.0deg.csv,44517,1500.0093262666876,Fw_then_Bw,25920,9298,2.3245,True,1,2.2463328616034325e-05,1500.0093262666876,-1499.9880923326905,0.5364138681518398,0.8140783368919529,5037.914631732428,4609.819879987481,2019.6227288241055,1914.8736156523228,542.7993851046267,474.08203028512617,101.36977738875429,99.73269475262894,1.0164147037256526,True,False,False,False,False
speed_1500rpm__torque_1600Nm__temperature_30degC,validation,data/original_dataset/Test_30deg/1500rpm/1500.0rpm1600.0Nm30.0deg.csv,44516,1499.9977592621387,Fw_then_Bw,25920,9299,2.32475,True,1,2.246383322850211e-05,1499.9977592621387,-1499.9812470050529,0.5813129294741657,0.8089653274510056,5311.302060727302,4441.290961888717,2139.1200017928886,1911.1678293342266,550.1301817952481,500.07445485871375,107.32818584201596,98.91442233156343,1.0850610387456887,True,False,False,False,False
speed_1500rpm__torque_1600Nm__temperature_35degC,train,data/original_dataset/Test_35deg/1500rpm/1500.0rpm1600.0Nm35.0deg.csv,44515,1499.9995194327007,Fw_then_Bw,25920,9299,2.32475,True,1,2.246433786364147e-05,1499.9995194327007,-1499.978621005236,0.6056763328765555,0.8192750004429854,5494.963232194777,4862.286045681412,2269.60965868102,2141.4804649346484,557.4269535997245,507.51864072817625,107.56277252780819,100.72997998777282,1.067832759828452,True,False,False,False,False
speed_1500rpm__torque_1700Nm__temperature_25degC,validation,data/original_dataset/Test_25deg/1500rpm/1500.0rpm1700.0Nm25.0deg.csv,44516,1500.0075660645962,Fw_then_Bw,25920,9298,2.3245,True,1,2.246383322850211e-05,1500.0075660645962,-1499.9865276719597,0.5700811695229504,0.8559883378135282,5416.565671718899,4760.406300193516,2188.2912111278984,1963.8077455755135,575.0768308837447,503.763032243978,108.97977995414293,105.04874374619249,1.037421068237124,True,False,False,False,False
speed_1500rpm__torque_1700Nm__temperature_30degC,validation,data/original_dataset/Test_30deg/1500rpm/1500.0rpm1700.0Nm30.0deg.csv,44515,1500.0072307981704,Fw_then_Bw,25920,9299,2.32475,True,1,2.246433786364147e-05,1500.0072307981704,-1499.9861643300392,0.6016530339060182,0.8138829919819273,5294.233651753575,4246.450832579286,2176.7154282331376,1842.7494397757982,572.2610053037442,497.33794416706587,108.89735416562871,94.37259224714583,1.1539086886629646,True,False,False,False,False
speed_1500rpm__torque_1700Nm__temperature_35degC,train,data/original_dataset/Test_35deg/1500rpm/1500.0rpm1700.0Nm35.0deg.csv,44518,1500.0026765992516,Fw_then_Bw,25920,9299,2.32475,True,1,2.2462824026236578e-05,1500.0026765992516,-1499.9851579971921,0.6202608346939087,0.8428003444956857,5544.346889170538,4761.280744181387,2324.398125410243,2111.0911235216918,589.1025123144117,523.7129989835922,107.6027255875033,97.2123565066795,1.1068832137621298,True,False,False,False,False
speed_1500rpm__torque_1800Nm__temperature_25degC,train,data/original_dataset/Test_25deg/1500rpm/1500.0rpm1800.0Nm25.0deg.csv,44516,1500.0096894679398,Fw_then_Bw,25920,9298,2.3245,True,1,2.246383322850211e-05,1500.0096894679398,-1500.003374996595,0.6028544327514282,0.90667066979222,5713.0602052590775,4637.760422580914,2288.4154942626537,1951.0835264625712,600.4763820344122,511.4509694280059,114.3862437204461,99.49977378719267,1.1496131032930004,True,False,False,False,False
speed_1500rpm__torque_1800Nm__temperature_30degC,validation,data/original_dataset/Test_30deg/1500rpm/1500.0rpm1800.0Nm30.0deg.csv,44516,1500.0072307981704,Fw_then_Bw,25920,9299,2.32475,True,1,2.246383322850211e-05,1500.0072307981704,-1499.9801853264216,0.614645003224723,0.840900339729501,5499.211174902166,4910.006894108392,2296.2550919508426,2141.8467244506255,605.3984145326011,534.4642095625205,110.57692575163856,108.8301710567066,1.0160502797888813,True,False,False,False,False
speed_1500rpm__torque_1800Nm__temperature_35degC,validation,data/original_dataset/Test_35deg/1500rpm/1500.0rpm1800.0Nm35.0deg.csv,44519,1500.01002473194,Fw_then_Bw,25920,9300,2.325,True,1,2.2462319459107347e-05,1500.01002473194,-1499.99532867029,0.6349571000707783,0.8750986792923641,5642.472254112681,4921.194358030107,2381.85930728946,2245.2994869647664,611.5499993873981,566.1834635556261,106.43711235061345,103.28763983798119,1.0304922497752158,True,False,False,False,False
speed_1600rpm__torque_0Nm__temperature_25degC,test,data/original_dataset/Test_25deg/1600rpm/1600.0rpm0.0Nm25.0deg.csv,42734,1599.9973006692016,Fw_then_Bw,24300,9216,2.3040000000000003,True,1,2.3400570973931763e-05,1599.9973006692016,-1599.9985300004482,0.47184526435239604,0.5822073338398468,3982.47510505248,3477.3133229464293,1809.060290381467,1627.9890701175646,400.9802077493987,387.9968898286279,72.10617323976292,72.72173608134835,0.991535366525122,True,False,False,False,False
speed_1600rpm__torque_0Nm__temperature_30degC,test,data/original_dataset/Test_30deg/1600rpm/1600.0rpm0.0Nm30.0deg.csv,42732,1599.9917130005392,Fw_then_Bw,24300,9217,2.30425,True,1,2.3401666198633343e-05,1599.9917130005392,-1600.0102646648884,0.49986833376647155,0.5635993341760468,4058.1813605968364,3454.9962962046247,1806.2437671428142,1601.8061918026424,395.64710963668404,390.45719376608713,76.18017052818685,75.17666562962398,1.0133486220778516,True,False,False,False,False
speed_1600rpm__torque_0Nm__temperature_35degC,train,data/original_dataset/Test_35deg/1600rpm/1600.0rpm0.0Nm35.0deg.csv,42734,1599.9939763278235,Fw_then_Bw,24300,9217,2.30425,True,1,2.3400570973931763e-05,1599.9939763278235,-1600.0071356635697,0.5069095689881351,0.625653328218732,4147.824548029075,3526.7899278554946,1971.5152778473112,1623.648637533369,437.5470799172034,400.6134619314251,75.64936147109619,73.3216685528532,1.0317463168008116,True,False,False,False,False
speed_1600rpm__torque_100Nm__temperature_25degC,train,data/original_dataset/Test_25deg/1600rpm/1600.0rpm100.0Nm25.0deg.csv,42733,1599.992215638243,Fw_then_Bw,24300,9216,2.3040000000000003,True,1,2.3401118573467812e-05,1599.992215638243,-1600.0141203403473,0.5039479680515342,0.5875996721442789,3849.051345604811,3351.250003713176,1777.3904562000093,1574.523594975517,423.4378382562227,417.36025416412303,71.48267346478859,72.22546530101681,0.9897156517700169,True,False,False,False,False
speed_1600rpm__torque_100Nm__temperature_30degC,train,data/original_dataset/Test_30deg/1600rpm/1600.0rpm100.0Nm30.0deg.csv,42734,1599.992020065353,Fw_then_Bw,24300,9217,2.30425,True,1,2.3400570973931763e-05,1599.992020065353,-1600.0026093388442,0.471677665094262,0.5396273336374406,3765.2052162833106,3265.4080229502138,1733.0359260736257,1492.282558679107,414.7659543018107,406.524977939807,69.16205189922948,71.88763075500893,0.9620855656647227,True,False,False,False,False
speed_1600rpm__torque_100Nm__temperature_35degC,train,data/original_dataset/Test_35deg/1600rpm/1600.0rpm100.0Nm35.0deg.csv,42732,1599.9902595989017,Fw_then_Bw,24300,9217,2.30425,True,1,2.3401666198633343e-05,1599.9902595989017,-1600.0085046689492,0.5021600033311415,0.607967337903915,4065.3359649392314,3585.7104385902844,1942.1120512487503,1725.5186158423367,443.76724461635604,433.26397552355047,72.38700912116654,74.57203463709438,0.9706991296863323,True,False,False,False,False
speed_1600rpm__torque_200Nm__temperature_25degC,train,data/original_dataset/Test_25deg/1600rpm/1600.0rpm200.0Nm25.0deg.csv,42732,1599.9994239973603,Fw_then_Bw,24300,9216,2.3040000000000003,True,1,2.3401666198633343e-05,1599.9994239973603,-1599.9986973474734,0.5167726679550242,0.5562233272941057,3871.8264220127357,3483.7446485964847,1750.4207789897916,1672.6810649033723,418.3713074950447,435.63825229102804,75.4279432801013,78.86238281821534,0.9564502185277521,True,False,False,False,False
speed_1600rpm__torque_200Nm__temperature_30degC,validation,data/original_dataset/Test_30deg/1600rpm/1600.0rpm200.0Nm30.0deg.csv,42734,1599.975563469343,Fw_then_Bw,24300,9217,2.30425,True,1,2.3400570973931763e-05,1599.975563469343,-1600.0036146724597,0.5164091320087891,0.5379506619647145,3691.86219371204,3210.421286834207,1728.8315176961985,1522.0375454422506,426.04601808930056,422.0731925399375,70.77378166541165,76.08753540098402,0.9301626250926817,True,False,False,False,False
speed_1600rpm__torque_200Nm__temperature_35degC,train,data/original_dataset/Test_35deg/1600rpm/1600.0rpm200.0Nm35.0deg.csv,42734,1599.996406759601,Fw_then_Bw,24300,9217,2.30425,True,1,2.3400570973931763e-05,1599.996406759601,-1600.0048443384003,0.5200412027381844,0.5693546651551742,3892.837214517339,3628.8474376005975,1818.6517828704832,1728.1298065183355,458.5970986457141,463.17274740758864,72.18960249192605,78.55686840466659,0.9189470501810089,True,False,False,False,False
speed_1600rpm__torque_300Nm__temperature_25degC,train,data/original_dataset/Test_25deg/1600rpm/1600.0rpm300.0Nm25.0deg.csv,42733,1599.9944787326967,Fw_then_Bw,24300,9216,2.3040000000000003,True,1,2.3401118573467812e-05,1599.9944787326967,-1599.9948416720144,0.5402417300500701,0.5872360003801305,3847.6266626581946,3649.1473632243014,1829.861080087903,1745.436131209317,460.5207867563877,475.24860235193955,79.42902044787841,85.41684505553349,0.9298987851428825,True,False,False,False,False
speed_1600rpm__torque_300Nm__temperature_30degC,validation,data/original_dataset/Test_30deg/1600rpm/1600.0rpm300.0Nm30.0deg.csv,42735,1599.980480998056,Fw_then_Bw,24300,9217,2.30425,True,1,2.34000234000234e-05,1599.980480998056,-1599.988863337785,0.5157103296369314,0.5618113403519374,3755.0908125318983,3334.2523034662004,1850.8871948713927,1598.346356153706,457.5964628941164,439.58854760476225,72.69240778909987,77.06614390499438,0.9432469837690808,True,False,False,False,False
speed_1600rpm__torque_300Nm__temperature_35degC,validation,data/original_dataset/Test_35deg/1600rpm/1600.0rpm300.0Nm35.0deg.csv,42732,1599.986432333632,Fw_then_Bw,24300,9217,2.30425,True,1,2.3401666198633343e-05,1599.986432333632,-1600.0000946611788,0.5502439986837544,0.6136113467316591,4158.989371109874,3824.608035696287,2043.098838031801,1802.5782370566947,477.1069704780529,466.74902879076365,73.85878742734347,81.69228213209857,0.9041097334985926,True,False,False,False,False
speed_1600rpm__torque_400Nm__temperature_25degC,validation,data/original_dataset/Test_25deg/1600rpm/1600.0rpm400.0Nm25.0deg.csv,42731,1599.997664001421,Fw_then_Bw,24300,9216,2.3040000000000003,True,1,2.3402213849430155e-05,1599.997664001421,-1599.986432333632,0.5306024637927749,0.6160416717950739,3990.758115348079,3583.6539949134476,1934.7937369339884,1708.477601408731,465.1466621573944,451.2072682732651,78.18075172458519,83.27906991894451,0.9387803177998804,True,False,False,False,False
speed_1600rpm__torque_400Nm__temperature_30degC,validation,data/original_dataset/Test_30deg/1600rpm/1600.0rpm400.0Nm30.0deg.csv,42735,1599.9704505326615,Fw_then_Bw,24300,9217,2.30425,True,1,2.34000234000234e-05,1599.9704505326615,-1599.998865344484,0.5421977693913504,0.607967337903915,3966.7627386128515,3741.5050668634635,2006.9318079953516,1839.5212751629508,490.4749336697932,485.8501844462805,73.84906162187684,82.87893867109231,0.8910473855722161,True,False,False,False,False
speed_1600rpm__torque_400Nm__temperature_35degC,train,data/original_dataset/Test_35deg/1600rpm/1600.0rpm400.0Nm35.0deg.csv,42734,1599.9857336331238,Fw_then_Bw,24300,9216,2.3040000000000003,True,1,2.3400570973931763e-05,1599.9857336331238,-1600.0034473254345,0.5581789009740987,0.5893873167225365,4058.449959847257,3749.841300305434,1995.9653908017572,1814.1120001678246,480.10475880350896,473.99536555712984,74.35894658647156,80.53930723372105,0.9232628034741547,True,False,False,False,False
speed_1600rpm__torque_500Nm__temperature_25degC,train,data/original_dataset/Test_25deg/1600rpm/1600.0rpm500.0Nm25.0deg.csv,42731,1599.9962668380854,Fw_then_Bw,24300,9216,2.3040000000000003,True,1,2.3402213849430155e-05,1599.9962668380854,-1600.000485671141,0.5565585694664605,0.5749429983550272,3800.088130326275,3658.647299744189,1846.9829795883923,1784.1836042703108,470.02514468567824,471.5766046369936,78.33068298705257,85.31947172082255,0.9180868259869412,True,False,False,False,False
speed_1600rpm__torque_500Nm__temperature_30degC,validation,data/original_dataset/Test_30deg/1600rpm/1600.0rpm500.0Nm30.0deg.csv,42732,1599.9850072354698,Fw_then_Bw,24300,9217,2.30425,True,1,2.3401666198633343e-05,1599.9850072354698,-1599.9937800030843,0.5889964037729669,0.5756693329507243,3993.5952518138492,3801.8080095451282,1935.6159981716246,1909.4645333288997,489.59885342451344,505.83273683278094,77.31778548195506,84.52675398675632,0.9147137661771471,True,False,False,False,False
speed_1600rpm__torque_500Nm__temperature_35degC,validation,data/original_dataset/Test_35deg/1600rpm/1600.0rpm500.0Nm35.0deg.csv,42732,1599.9853983375942,Fw_then_Bw,24300,9217,2.30425,True,1,2.3401666198633343e-05,1599.9853983375942,-1599.9945066675234,0.5879624659427236,0.6132200069259852,4100.059585956523,3902.2111644353567,2060.207032635981,1914.9272549153463,502.30314745804196,507.0183876017834,76.90171921531145,85.89664405535582,0.8952819992100317,True,False,False,False,False
speed_1600rpm__torque_600Nm__temperature_25degC,train,data/original_dataset/Test_25deg/1600rpm/1600.0rpm600.0Nm25.0deg.csv,42238,1600.003084264851,Fw_then_Bw,24300,8720,2.18,True,1,2.367536341682845e-05,1600.003084264851,-1599.9881923295713,0.5719810627246034,0.6091966642997022,4017.501297251056,3635.999583638931,1934.2438191176823,1800.1042447986033,487.4021911908584,495.4471557272878,82.05534495577922,91.11888425650241,0.9005306158577506,True,False,False,False,False
speed_1600rpm__torque_600Nm__temperature_30degC,train,data/original_dataset/Test_30deg/1600rpm/1600.0rpm600.0Nm30.0deg.csv,42731,1599.9829398303214,Fw_then_Bw,24300,9216,2.3040000000000003,True,1,2.3402213849430155e-05,1599.9829398303214,-1599.9876336718444,0.6062073322633523,0.6158466761311274,4159.275238635063,3913.9033566850685,2087.755681276666,1972.809597104515,514.3241910709548,525.3058404082367,80.76359947935997,90.84434357350801,0.8890327818155122,True,False,False,False,False
speed_1600rpm__torque_600Nm__temperature_35degC,test,data/original_dataset/Test_35deg/1600rpm/1600.0rpm600.0Nm35.0deg.csv,42731,1599.9678242030009,Fw_then_Bw,24300,9216,2.3040000000000003,True,1,2.3402213849430155e-05,1599.9678242030009,-1599.9929143387515,0.610593803382244,0.613219657679906,4344.786711347341,4286.895292656482,2122.5367250667655,2101.3432018457934,496.81855900466866,509.94165082079235,81.73436283454976,93.79600652368936,0.8714055732629375,True,False,False,False,False
speed_1600rpm__torque_700Nm__temperature_25degC,train,data/original_dataset/Test_25deg/1600rpm/1600.0rpm700.0Nm25.0deg.csv,42732,1599.9822129670065,Fw_then_Bw,24300,9216,2.3040000000000003,True,1,2.3401666198633343e-05,1599.9822129670065,-1600.0022179990385,0.5950033373665065,0.6304026755969971,4028.674948494836,3955.58665816975,1985.5969011043726,1973.055203258582,504.4361708858558,520.3060626631668,83.65571027520673,92.36744570011979,0.9056839197091519,True,False,False,False,False
speed_1600rpm__torque_700Nm__temperature_30degC,validation,data/original_dataset/Test_30deg/1600rpm/1600.0rpm700.0Nm30.0deg.csv,42732,1599.9671253327201,Fw_then_Bw,24300,9216,2.3040000000000003,True,1,2.3401666198633343e-05,1599.9671253327201,-1599.9923833296634,0.6293412394976485,0.633197002268048,4222.748969914118,4216.601994510256,2166.880598515445,2143.6776049440596,532.6313544247569,545.7788913372497,83.8596415527263,97.94324050017167,0.8562065245592861,True,False,False,False,False
speed_1600rpm__torque_700Nm__temperature_35degC,train,data/original_dataset/Test_35deg/1600rpm/1600.0rpm700.0Nm35.0deg.csv,42734,1599.9729373288574,Fw_then_Bw,24300,9216,2.3040000000000003,True,1,2.3400570973931763e-05,1599.9729373288574,-1599.9765973344133,0.6355159954789542,0.6005910011782589,4279.911983757347,4296.506628937777,2135.724942777278,2192.504939436958,515.327922032975,541.9153959621781,84.05582817254071,95.15646184877369,0.8833433540869298,True,False,False,False,False
speed_1600rpm__torque_800Nm__temperature_25degC,validation,data/original_dataset/Test_25deg/1600rpm/1600.0rpm800.0Nm25.0deg.csv,42733,1599.997300664351,Fw_then_Bw,24300,9216,2.3040000000000003,True,1,2.3401118573467812e-05,1599.997300664351,-1599.9986973377722,0.6312690335713569,0.6405446620194652,4184.469741692692,4091.9306532789506,2056.004916429538,2043.4293419127698,521.2038474870951,522.20847635067,85.7361910299005,97.82537323667384,0.8764207913878808,True,False,False,False,False
speed_1600rpm__torque_800Nm__temperature_30degC,train,data/original_dataset/Test_30deg/1600rpm/1600.0rpm800.0Nm30.0deg.csv,42732,1599.9811793978247,Fw_then_Bw,24300,9216,2.3040000000000003,True,1,2.3401666198633343e-05,1599.9811793978247,-1599.9894216559674,0.6365217656517643,0.606402667472139,4168.902176510482,4467.943353423379,2075.388541668462,2239.8678578431372,531.027320310659,554.1768568966745,85.77980336099245,102.7980661847323,0.8344495820265981,True,False,False,False,False
speed_1600rpm__torque_800Nm__temperature_35degC,train,data/original_dataset/Test_35deg/1600rpm/1600.0rpm800.0Nm35.0deg.csv,42733,1599.9664272967493,Fw_then_Bw,24300,9216,2.3040000000000003,True,1,2.3401118573467812e-05,1599.9664272967493,-1599.9787206722733,0.6710829669220857,0.625876671013657,4601.173603441884,4597.362606242768,2254.1996480524626,2238.3480004966714,531.6847160370799,542.3223825082459,91.25328548802825,104.41419128142115,0.8739548175216804,True,False,False,False,False
speed_1600rpm__torque_900Nm__temperature_25degC,train,data/original_dataset/Test_25deg/1600rpm/1600.0rpm900.0Nm25.0deg.csv,42101,1599.9794192951717,Fw_then_Bw,24300,8585,2.14625,True,1,2.3752404930999263e-05,1599.9794192951717,-1599.9922156721975,0.6491783327268195,0.6663616707860456,4389.224473076592,4198.505605260107,2169.4287806004468,2127.7069854739234,541.7882088042916,546.2872374620925,91.36330153446579,101.79690063578158,0.8975057291906549,True,False,False,False,False
speed_1600rpm__torque_900Nm__temperature_30degC,train,data/original_dataset/Test_30deg/1600rpm/1600.0rpm900.0Nm30.0deg.csv,41970,1599.9674610065995,Fw_then_Bw,24300,8455,2.11375,True,1,2.382654276864427e-05,1599.9674610065995,-1599.9871306606415,0.6951673227982837,0.6774253367135543,4477.946698898222,4149.845622790689,2274.113168120357,2184.002078473077,570.512242478344,565.1052685012473,92.97438973771932,103.44032494704147,0.8988215165151461,True,False,False,False,False
speed_1600rpm__torque_900Nm__temperature_35degC,train,data/original_dataset/Test_35deg/1600rpm/1600.0rpm900.0Nm35.0deg.csv,42733,1599.9674889996338,Fw_then_Bw,24300,9216,2.3040000000000003,True,1,2.3401118573467812e-05,1599.9674889996338,-1599.979419329126,0.6937420645651855,0.6714466726409682,4700.794587067003,4556.289321045142,2287.5932031868156,2288.762000203633,548.9907065846637,564.9641899478866,94.09872605078817,105.96053479321199,0.8880544651310716,True,False,False,False,False
speed_1600rpm__torque_1000Nm__temperature_25degC,train,data/original_dataset/Test_25deg/1600rpm/1600.0rpm1000.0Nm25.0deg.csv,42732,1599.9764576311766,Fw_then_Bw,24300,9215,2.30375,True,1,2.3401666198633343e-05,1599.9764576311766,-1599.9857333275336,0.669881662664352,0.7696819860334472,4327.800097720091,4247.72346159516,2218.556207921165,2180.068369507444,616.2167832966588,589.9072272431109,92.94838318846813,102.63520293328837,0.9056189351414197,True,False,False,False,False
speed_1600rpm__torque_1000Nm__temperature_30degC,train,data/original_dataset/Test_30deg/1600rpm/1600.0rpm1000.0Nm30.0deg.csv,42731,1599.952401666087,Fw_then_Bw,24300,9216,2.3040000000000003,True,1,2.3402213849430155e-05,1599.952401666087,-1599.995875993045,0.6775931008935459,0.6608849992820751,4514.437209582228,4445.035951599948,2207.8871437160155,2261.839468777225,556.2247050660516,578.7238711052396,95.18521516633882,108.30027713359414,0.8789009380735269,True,False,False,False,False
speed_1600rpm__torque_1000Nm__temperature_35degC,train,data/original_dataset/Test_35deg/1600rpm/1600.0rpm1000.0Nm35.0deg.csv,42733,1599.9818500325396,Fw_then_Bw,24300,9216,2.3040000000000003,True,1,2.3401118573467812e-05,1599.9818500325396,-1599.9920203369888,0.6789621305265428,0.7082983405173309,4803.666656759559,4724.375990917906,2355.470931529453,2358.5669286546818,579.265599906057,583.7981912000032,95.05975333700006,103.46420485507224,0.9187694765562183,True,False,False,False,False
speed_1600rpm__torque_1100Nm__temperature_25degC,train,data/original_dataset/Test_25deg/1600rpm/1600.0rpm1100.0Nm25.0deg.csv,42733,1599.9813469970832,Fw_then_Bw,24300,9215,2.30375,True,1,2.3401118573467812e-05,1599.9813469970832,-1599.980649004768,0.714417668253418,0.754594667038532,4555.117172034396,4369.163780939556,2302.5087789449562,2330.5001056193755,618.8307951603746,610.9274033987273,98.97972864159782,107.38352413227403,0.9217403641891609,True,False,False,False,False
speed_1600rpm__torque_1100Nm__temperature_30degC,train,data/original_dataset/Test_30deg/1600rpm/1600.0rpm1100.0Nm30.0deg.csv,42731,1599.9571235685532,Fw_then_Bw,24300,9216,2.3040000000000003,True,1,2.3402213849430155e-05,1599.9571235685532,-1599.9979713427213,0.7172396387129538,0.6696586788165177,4488.990636309017,4388.709339158368,2256.7192579803755,2271.6968066988557,580.5423879907721,590.1950815957662,97.10239296678081,109.53404603174022,0.8865042101945452,True,False,False,False,False
speed_1600rpm__torque_1100Nm__temperature_35degC,train,data/original_dataset/Test_35deg/1600rpm/1600.0rpm1100.0Nm35.0deg.csv,42734,1599.976960574471,Fw_then_Bw,24300,9216,2.3040000000000003,True,1,2.3400570973931763e-05,1599.976960574471,-1599.9878289973517,0.6940775735226907,0.7061749929559937,4751.5333882377945,4601.777356583398,2327.951753288334,2315.361340343543,576.3375361762883,583.1862861919035,95.75408967475596,102.56518796109049,0.9335924944736764,True,False,False,False,False
speed_1600rpm__torque_1200Nm__temperature_25degC,train,data/original_dataset/Test_25deg/1600rpm/1600.0rpm1200.0Nm25.0deg.csv,42453,1599.9648348952178,Fw_then_Bw,24300,8936,2.234,True,1,2.355546133371022e-05,1599.9648348952178,-1600.002385666206,0.7163733340955787,0.7851053281530085,4602.447930179869,4490.409366553649,2388.9227473732262,2391.4466686546803,641.3593524978751,623.233110067531,101.34044445962898,112.238389799586,0.9029035844204777,True,False,False,False,False
speed_1600rpm__torque_1200Nm__temperature_30degC,train,data/original_dataset/Test_30deg/1600rpm/1600.0rpm1200.0Nm30.0deg.csv,42732,1599.9583526669692,Fw_then_Bw,24300,9215,2.30375,True,1,2.3401666198633343e-05,1599.9583526669692,-1600.0025533333733,0.7256494330551959,0.736042663144417,4724.991744538783,4850.218934006806,2393.916305154562,2494.9062925577878,609.276570734437,632.8470214491967,100.83744946186926,118.19932395846985,0.8531135888501291,True,False,False,False,False
speed_1600rpm__torque_1200Nm__temperature_35degC,train,data/original_dataset/Test_35deg/1600rpm/1600.0rpm1200.0Nm35.0deg.csv,42730,1599.97450193138,Fw_then_Bw,24300,9215,2.30375,True,1,2.3402761525860052e-05,1599.97450193138,-1599.9993963341694,0.7167085956702977,0.7002516746674701,4776.845208834856,5002.388272745247,2308.0699273381465,2458.9104017616587,579.2146351587234,590.4384526467766,99.35237043455345,114.44579061871987,0.8681172972586587,True,False,False,False,False
speed_1600rpm__torque_1300Nm__temperature_25degC,train,data/original_dataset/Test_25deg/1600rpm/1600.0rpm1300.0Nm25.0deg.csv,42732,1599.962208327876,Fw_then_Bw,24300,9215,2.30375,True,1,2.3401666198633343e-05,1599.962208327876,-1599.98838766478,0.7314609053236154,0.8456223295071368,4766.733308011726,4417.597316205502,2499.743515252385,2398.203414081853,670.1648366589777,649.4511099795998,106.6220088333466,115.96856763471806,0.9194043783414522,True,False,False,False,False
speed_1600rpm__torque_1300Nm__temperature_30degC,train,data/original_dataset/Test_30deg/1600rpm/1600.0rpm1300.0Nm30.0deg.csv,42733,1599.9510045997642,Fw_then_Bw,24300,9215,2.30375,True,1,2.3401118573467812e-05,1599.9510045997642,-1599.9971326673403,0.7433633339435346,0.759345003946919,4754.271814211596,4689.842668206529,2491.0973137612013,2384.3094989659207,639.3343494046348,611.4350717695743,102.10597376558322,118.42530399289896,0.8621972696958896,True,False,False,False,False
speed_1600rpm__torque_1300Nm__temperature_35degC,validation,data/original_dataset/Test_35deg/1600rpm/1600.0rpm1300.0Nm35.0deg.csv,42734,1599.9631023344896,Fw_then_Bw,24300,9216,2.3040000000000003,True,1,2.3400570973931763e-05,1599.9631023344896,-1599.9929419970917,0.7122939714462291,0.7358469980925975,4856.810802205791,4985.667997971177,2410.8675092460535,2523.1986671683444,608.154828066199,608.2519707933898,99.81103890668236,112.62345856289357,0.8862366702310404,True,False,False,False,False
speed_1600rpm__torque_1400Nm__temperature_25degC,train,data/original_dataset/Test_25deg/1600rpm/1600.0rpm1400.0Nm25.0deg.csv,42730,1599.9569558674314,Fw_then_Bw,24300,9215,2.30375,True,1,2.3402761525860052e-05,1599.9569558674314,-1600.0030563348748,0.7387809940458965,0.8414596571432185,4623.679915675893,4533.671692479675,2452.8913861509864,2440.5780735613007,681.1878899286509,648.2229327870297,108.98133832079111,120.70538875195777,0.9028705300369078,True,False,False,False,False
speed_1600rpm__torque_1400Nm__temperature_30degC,train,data/original_dataset/Test_30deg/1600rpm/1600.0rpm1400.0Nm30.0deg.csv,42732,1599.9548323355461,Fw_then_Bw,24300,9215,2.30375,True,1,2.3401666198633343e-05,1599.9548323355461,-1600.0067720112079,0.7624740004152954,0.7721686561126262,4823.0562068056315,4828.49305650825,2527.492399811399,2651.761064529182,656.3987068300773,670.0914285011088,105.89702034353648,118.07008587757075,0.8968996639279423,True,False,False,False,False
speed_1600rpm__torque_1400Nm__temperature_35degC,train,data/original_dataset/Test_35deg/1600rpm/1600.0rpm1400.0Nm35.0deg.csv,42734,1599.9679922000118,Fw_then_Bw,24300,9216,2.3040000000000003,True,1,2.3400570973931763e-05,1599.9679922000118,-1600.0046486733481,0.777561498883756,0.762669340474531,5054.666272674694,4996.563288538937,2622.719958200878,2665.7697372133953,650.9811990311846,664.8552366309559,104.60526577103336,115.44508911129014,0.9061040757670766,True,False,False,False,False
speed_1600rpm__torque_1500Nm__temperature_25degC,train,data/original_dataset/Test_25deg/1600rpm/1600.0rpm1500.0Nm25.0deg.csv,42731,1599.9548601345546,Fw_then_Bw,24300,9215,2.30375,True,1,2.3402213849430155e-05,1599.9548601345546,-1599.9866276688408,0.7302033288094663,0.9401983406861518,4572.955084343766,4303.603460236445,2437.821824326737,2364.2691248655865,737.3701108356271,669.4538423704206,109.53457590526341,116.87969575759776,0.9371565796375126,True,False,False,False,False
speed_1600rpm__torque_1500Nm__temperature_30degC,train,data/original_dataset/Test_30deg/1600rpm/1600.0rpm1500.0Nm30.0deg.csv,42732,1599.9650299975958,Fw_then_Bw,24300,9216,2.3040000000000003,True,1,2.3401666198633343e-05,1599.9650299975958,-1600.0076660032694,0.706901730154641,0.8629726653452963,4890.18124062627,4755.948010522161,2568.7783191354806,2560.7277356091345,682.7982114899439,639.3076188503528,99.4622454642922,110.75454754791281,0.8980420909693525,True,False,False,False,False
speed_1600rpm__torque_1500Nm__temperature_35degC,train,data/original_dataset/Test_35deg/1600rpm/1600.0rpm1500.0Nm35.0deg.csv,42732,1599.9748369358713,Fw_then_Bw,24300,9215,2.30375,True,1,2.3401666198633343e-05,1599.9748369358713,-1600.007833990579,0.7977052640247848,0.7989909984946735,5211.757303914328,5227.494115630997,2738.298428207963,2827.6205879444205,685.1939363849395,673.9902079103556,104.45123747772413,118.23740470244955,0.8834026570574768,True,False,False,False,False
speed_1600rpm__torque_1600Nm__temperature_25degC,train,data/original_dataset/Test_25deg/1600rpm/1600.0rpm1600.0Nm25.0deg.csv,42732,1599.9369506656271,Fw_then_Bw,24300,9215,2.30375,True,1,2.3401666198633343e-05,1599.9369506656271,-1599.9874936630174,0.7591766673917846,0.9271783346773645,4710.640533206424,4476.449347566177,2530.3754585986544,2522.1797820926427,727.7641387928268,673.7027672781551,113.87281872234776,119.05933720390748,0.9564375327180177,True,False,False,False,False
speed_1600rpm__torque_1600Nm__temperature_30degC,test,data/original_dataset/Test_30deg/1600rpm/1600.0rpm1600.0Nm30.0deg.csv,42730,1599.9902875676828,Fw_then_Bw,24300,9215,2.30375,True,1,2.3402761525860052e-05,1599.9902875676828,-1599.9890303355642,0.8351165985609441,0.8579153412332516,5459.925784573578,5431.564074629926,2839.3239321185315,3018.401345312667,714.9322234452483,715.9316197035876,108.50849762405231,116.50792068194275,0.9313400924926966,True,False,False,False,False
speed_1600rpm__torque_1600Nm__temperature_35degC,train,data/original_dataset/Test_35deg/1600rpm/1600.0rpm1600.0Nm35.0deg.csv,42733,1599.9794189701788,Fw_then_Bw,24300,9215,2.30375,True,1,2.3401118573467812e-05,1599.9794189701788,-1599.9818780013206,0.8589772381432113,0.8640066662335357,5611.685153174539,5657.359437705962,2969.2640264334386,3085.3402689104764,738.5121306850124,733.0104626356838,113.83078961935097,125.72300974097743,0.9054093586676968,True,False,False,False,False
speed_1600rpm__torque_1700Nm__temperature_25degC,train,data/original_dataset/Test_25deg/1600rpm/1600.0rpm1700.0Nm25.0deg.csv,42732,1599.9422313276834,Fw_then_Bw,24300,9215,2.30375,True,1,2.3401666198633343e-05,1599.9422313276834,-1600.0006533383082,0.7921175614077356,0.9391083343264199,4958.822667442654,4682.87015877031,2666.499887704867,2530.0522187354545,742.5781576404006,684.0037957540517,119.00036588071997,128.19278681254215,0.9282922139350603,True,False,False,False,False
speed_1600rpm__torque_1700Nm__temperature_30degC,validation,data/original_dataset/Test_30deg/1600rpm/1600.0rpm1700.0Nm30.0deg.csv,42731,1599.9985303302917,Fw_then_Bw,24300,9215,2.30375,True,1,2.3402213849430155e-05,1599.9985303302917,-1599.9837783359303,0.8770267304499839,0.9192993262938671,5673.328583362218,5805.666100544112,3067.776545212018,3158.8736060260976,771.4442948499254,750.2787674472521,110.56444481873767,120.8166679385613,0.9151423119445972,True,False,False,False,False
speed_1600rpm__torque_1700Nm__temperature_35degC,test,data/original_dataset/Test_35deg/1600rpm/1600.0rpm1700.0Nm35.0deg.csv,42733,1599.9646673347647,Fw_then_Bw,24300,9215,2.30375,True,1,2.3401118573467812e-05,1599.9646673347647,-1599.9833026823278,0.8902140301262307,0.8597036843033266,5621.24882902358,5938.2519374291405,2995.654637627467,3196.1513108013587,747.9989993602885,746.4566599755013,115.08115229771646,129.01316425268303,0.8920109274455158,True,False,False,False,False
speed_1600rpm__torque_1800Nm__temperature_25degC,train,data/original_dataset/Test_25deg/1600rpm/1600.0rpm1800.0Nm25.0deg.csv,42729,1599.935917004283,Fw_then_Bw,24300,9215,2.30375,True,1,2.3403309227924828e-05,1599.935917004283,-1600.0125556699154,0.8089650073087569,0.9635276607393735,5085.749023904099,4882.025842865728,2758.2473747994295,2663.737708032022,772.5826110151957,716.415872317884,124.35976423321335,131.4355399790654,0.9461654302407169,True,False,False,False,False
speed_1600rpm__torque_1800Nm__temperature_30degC,train,data/original_dataset/Test_30deg/1600rpm/1600.0rpm1800.0Nm30.0deg.csv,42730,1599.966790502852,Fw_then_Bw,24300,9215,2.30375,True,1,2.3402761525860052e-05,1599.966790502852,-1599.9922156721975,0.8880907359222192,0.940729010229461,5744.635022711009,5804.054652495408,3116.0272517800418,3118.948853910204,791.4427103028626,756.3700551081638,117.14759497463092,128.91509417822812,0.9087189961841989,True,False,False,False,False
speed_1600rpm__torque_1800Nm__temperature_35degC,train,data/original_dataset/Test_35deg/1600rpm/1600.0rpm1800.0Nm35.0deg.csv,42732,1599.9608114361763,Fw_then_Bw,24300,9215,2.30375,True,1,2.3401666198633343e-05,1599.9608114361763,-1600.0097616633866,0.9310617654894031,0.9015573402091377,5781.288530367146,6180.614923747356,3139.3018744137407,3497.908799946617,792.369149270371,823.0006457791203,119.6658109894997,132.59759710554133,0.9024734505124664,True,False,False,False,False
speed_1700rpm__torque_0Nm__temperature_25degC,validation,data/original_dataset/Test_25deg/1700rpm/1700.0rpm0.0Nm25.0deg.csv,41160,1700.0206746646047,Fw_then_Bw,22871,9145,2.28625,True,1,2.4295432458697766e-05,1700.0206746646047,-1700.0028209974212,0.5279479955786428,0.5221926645997428,4249.737287560947,4191.980821391005,1757.0034712553024,1787.8264582157492,399.5533527890984,428.7213722867818,84.18087174368338,89.51939294202016,0.9403646402987291,True,False,False,False,False
speed_1700rpm__torque_0Nm__temperature_30degC,train,data/original_dataset/Test_30deg/1700rpm/1700.0rpm0.0Nm30.0deg.csv,41159,1700.0154220052839,Fw_then_Bw,22870,9146,2.2865,True,1,2.4296022741077287e-05,1700.0154220052839,-1699.9996633385308,0.5318040105823911,0.5244826703954004,4284.89916569847,4233.810672304116,1789.1476724296808,1827.221463619935,407.8767111212983,421.6282555746602,84.09954482076496,85.92031674788814,0.9788085985243073,True,False,False,False,False
speed_1700rpm__torque_0Nm__temperature_35degC,train,data/original_dataset/Test_35deg/1700rpm/1700.0rpm0.0Nm35.0deg.csv,41161,1700.0203393399715,Fw_then_Bw,22870,9146,2.2865,True,1,2.4294842204999878e-05,1700.0203393399715,-1699.993684674458,0.5587935447692871,0.5184480105526745,4317.808224975124,4529.411943318792,1844.1325689103905,1918.7853373584858,431.3007778088831,426.1571759623166,82.70818607343243,89.01360394997937,0.9291634357362923,True,False,False,False,False
speed_1700rpm__torque_100Nm__temperature_25degC,train,data/original_dataset/Test_25deg/1700rpm/1700.0rpm100.0Nm25.0deg.csv,41162,1700.0130193385608,Fw_then_Bw,22871,9145,2.28625,True,1,2.4294251979981536e-05,1700.0130193385608,-1700.0010606522362,0.5658903974108398,0.5416663285966479,4366.861345867164,4255.903481194945,1796.1410731077194,1801.3804721829715,419.9999043985372,446.95816962466773,87.1109439817701,91.76960510812918,0.9492352492868426,True,False,False,False,False
speed_1700rpm__torque_100Nm__temperature_30degC,train,data/original_dataset/Test_30deg/1700rpm/1700.0rpm100.0Nm30.0deg.csv,41159,1700.0178806677773,Fw_then_Bw,22871,9144,2.286,True,1,2.4296022741077287e-05,1700.0178806677773,-1699.9972053454258,0.5014891018314529,0.4893913477037586,3916.2493582507523,3767.5998290061675,1598.954129219237,1568.3482730393284,405.02953045961476,418.48957499587414,73.73308191245087,77.83971445078352,0.9472424511406811,True,False,False,False,False
speed_1700rpm__torque_100Nm__temperature_35degC,train,data/original_dataset/Test_35deg/1700rpm/1700.0rpm100.0Nm35.0deg.csv,41158,1700.0126279987549,Fw_then_Bw,22870,9144,2.286,True,1,2.4296613052140532e-05,1700.0126279987549,-1700.0003346668866,0.4992259976766036,0.48581534065306187,3942.467264520791,3876.5386755886548,1612.7808347343941,1545.987761914603,407.1076830762649,406.728322448771,72.44077086565994,74.42490445196199,0.9733404617592392,True,False,False,False,False
speed_1700rpm__torque_200Nm__temperature_25degC,validation,data/original_dataset/Test_25deg/1700rpm/1700.0rpm200.0Nm25.0deg.csv,41161,1700.017210067017,Fw_then_Bw,22872,9144,2.286,True,1,2.4294842204999878e-05,1700.017210067017,-1700.0077106640674,0.5276129328800607,0.534989327813264,4054.158526317724,3956.0792210978916,1722.1682022138796,1687.4314314124606,422.33832835081563,437.9057331455443,84.25655594132878,88.46720440092218,0.9524044137247598,True,False,False,False,False
speed_1700rpm__torque_200Nm__temperature_30degC,test,data/original_dataset/Test_30deg/1700rpm/1700.0rpm200.0Nm30.0deg.csv,41159,1699.9987700013057,Fw_then_Bw,22871,9144,2.286,True,1,2.4296022741077287e-05,1699.9987700013057,-1700.0091633332584,0.5354919994716738,0.4774886571492516,3803.0347398789672,3641.0005336320414,1582.4365369976476,1525.8233883977482,411.2507402896881,429.1769031262448,75.9981120431803,81.39620075157838,0.933681318555972,True,False,False,False,False
speed_1700rpm__torque_200Nm__temperature_35degC,validation,data/original_dataset/Test_35deg/1700rpm/1700.0rpm200.0Nm35.0deg.csv,41162,1699.99687000139,Fw_then_Bw,22871,9144,2.286,True,1,2.4294251979981536e-05,1699.99687000139,-1700.007375329733,0.5290098585342093,0.4764273374651111,3849.19426869601,3617.417750259029,1574.0322828291937,1555.509892553164,416.83332622096714,446.26094599561844,73.73972237110138,77.39059308360086,0.9528253943143239,True,False,False,False,False
speed_1700rpm__torque_300Nm__temperature_25degC,validation,data/original_dataset/Test_25deg/1700rpm/1700.0rpm300.0Nm25.0deg.csv,41162,1700.0150866660988,Fw_then_Bw,22871,9145,2.28625,True,1,2.4294251979981536e-05,1700.0150866660988,-1700.0055873456101,0.5374474664374702,0.5843860174838937,4095.3972687320856,3909.0516821788688,1772.31465280056,1695.9073096519203,455.35822283682137,454.15761300482666,86.85643539411103,89.77523425401158,0.9674877054439975,True,False,False,False,False
speed_1700rpm__torque_300Nm__temperature_30degC,train,data/original_dataset/Test_30deg/1700rpm/1700.0rpm300.0Nm30.0deg.csv,41159,1700.006648665294,Fw_then_Bw,22870,9144,2.286,True,1,2.4296022741077287e-05,1700.006648665294,-1700.002793339081,0.5255453385566398,0.5206279844667279,3856.1227265750404,3835.076567095757,1642.5669783352976,1663.9795131977742,442.5251039544036,461.16172603897223,76.24002227403251,84.36864798118224,0.9036534790866537,True,False,False,False,False
speed_1700rpm__torque_300Nm__temperature_35degC,validation,data/original_dataset/Test_35deg/1700rpm/1700.0rpm300.0Nm35.0deg.csv,41160,1700.0024579950452,Fw_then_Bw,22871,9144,2.286,True,1,2.4295432458697766e-05,1700.0024579950452,-1699.9950820075658,0.5226959959447868,0.5167726679550242,4074.275707050674,3881.1779154156743,1636.4602684971032,1646.8848001959036,432.8042071397249,460.9072629188177,75.39950087084435,80.9723783840127,0.9311755733944371,True,False,False,False,False
speed_1700rpm__torque_400Nm__temperature_25degC,train,data/original_dataset/Test_25deg/1700rpm/1700.0rpm400.0Nm25.0deg.csv,41162,1700.02704487221,Fw_then_Bw,22870,9145,2.28625,True,1,2.4294251979981536e-05,1700.02704487221,-1700.0070399953984,0.5142571268759184,0.5879066690492891,4162.240563891828,3923.3552602423515,1827.7601049095663,1718.366827369026,445.5963974418864,449.3529653269433,84.36121523081965,87.2594060278061,0.9667864940994109,True,False,False,False,False
speed_1700rpm__torque_400Nm__temperature_30degC,test,data/original_dataset/Test_30deg/1700rpm/1700.0rpm400.0Nm30.0deg.csv,41161,1700.002066664941,Fw_then_Bw,22871,9144,2.286,True,1,2.4294842204999878e-05,1700.002066664941,-1700.0044136560366,0.512860666882716,0.5212986725382507,4070.1414303230194,3804.021468385237,1710.3999972341626,1535.1157051328757,447.9714287886054,438.79714221452565,79.73486509672512,82.38288149445908,0.9678572010386397,True,False,False,False,False
speed_1700rpm__torque_400Nm__temperature_35degC,train,data/original_dataset/Test_35deg/1700rpm/1700.0rpm400.0Nm35.0deg.csv,41160,1700.002122660711,Fw_then_Bw,22870,9145,2.28625,True,1,2.4295432458697766e-05,1700.002122660711,-1699.9982666651097,0.5223601959492044,0.5496853264050969,4289.658231816746,4003.330700409969,1754.491013735287,1662.567341923932,443.68205215964736,443.4245579304843,78.12266308751532,78.822854279133,0.9911169013350098,True,False,False,False,False
speed_1700rpm__torque_500Nm__temperature_25degC,train,data/original_dataset/Test_25deg/1700rpm/1700.0rpm500.0Nm25.0deg.csv,41162,1700.0136893378415,Fw_then_Bw,22870,9145,2.28625,True,1,2.4294251979981536e-05,1700.0136893378415,-1700.0003346668866,0.5468913295771927,0.6314926625539101,4441.192517212721,4127.431381493257,1909.8221629858017,1764.7589349746331,467.58669742539485,458.70247681959876,89.19571699161679,92.47114442969172,0.964578923962974,True,False,False,False,False
speed_1700rpm__torque_500Nm__temperature_30degC,train,data/original_dataset/Test_30deg/1700rpm/1700.0rpm500.0Nm30.0deg.csv,41162,1700.0066486749952,Fw_then_Bw,22870,9145,2.28625,True,1,2.4294251979981536e-05,1700.0066486749952,-1700.0105046511937,0.5171073232004346,0.5890240039054788,4321.106973414952,4086.3466759527,1804.4492743907083,1687.5026369092664,454.8946861266357,457.61259709106463,83.37765377336837,85.3110701731566,0.9773368638341547,True,False,False,False,False
speed_1700rpm__torque_500Nm__temperature_35degC,test,data/original_dataset/Test_35deg/1700rpm/1700.0rpm500.0Nm35.0deg.csv,41161,1700.0091073277872,Fw_then_Bw,22870,9144,2.286,True,1,2.4294842204999878e-05,1700.0091073277872,-1700.004916676941,0.5300153958764895,0.5977973341941833,4527.636099374057,4064.7427842486204,1861.841919198468,1681.9774499534565,447.7005834380634,444.14087647433007,84.34928811993812,83.58013567972195,1.009202574678313,True,False,False,False,False
speed_1700rpm__torque_600Nm__temperature_25degC,validation,data/original_dataset/Test_25deg/1700rpm/1700.0rpm600.0Nm25.0deg.csv,41161,1700.0241950057293,Fw_then_Bw,22870,9145,2.28625,True,1,2.4294842204999878e-05,1700.0241950057293,-1700.005977996625,0.5339276685845107,0.646579331563089,4413.865772463668,4190.238394463995,1954.9993845075728,1840.9073144202914,484.3037222615292,461.6570667138148,90.61915993620458,91.75454540381898,0.9876258395416001,True,False,False,False,False
speed_1700rpm__torque_600Nm__temperature_30degC,train,data/original_dataset/Test_30deg/1700rpm/1700.0rpm600.0Nm30.0deg.csv,41160,1700.0031284599875,Fw_then_Bw,22870,9145,2.28625,True,1,2.4295432458697766e-05,1700.0031284599875,-1700.0077106640674,0.5542672588487676,0.63182799688866,4599.988152040305,4210.217553190702,1952.929637283614,1804.0006345507209,481.1159992498233,485.7651049180276,89.81482891563245,89.8225738270412,0.9999137754455393,True,False,False,False,False
speed_1700rpm__torque_600Nm__temperature_35degC,train,data/original_dataset/Test_35deg/1700rpm/1700.0rpm600.0Nm35.0deg.csv,41158,1700.0133539938056,Fw_then_Bw,22870,9144,2.286,True,1,2.4296613052140532e-05,1700.0133539938056,-1699.9978759946923,0.5262154639540313,0.6921773310750723,4988.462817467325,4326.369452368272,2112.4964255093337,1767.7525012192293,476.7339251932753,454.7084366636227,91.57861882767973,88.16568726761034,1.0387104288055975,True,False,False,False,False
speed_1700rpm__torque_700Nm__temperature_25degC,train,data/original_dataset/Test_25deg/1700rpm/1700.0rpm700.0Nm25.0deg.csv,41161,1700.0227980703737,Fw_then_Bw,22870,9145,2.28625,True,1,2.4294842204999878e-05,1700.0227980703737,-1699.9912260022634,0.5753899264771007,0.6717813472882881,4661.233511675664,4451.080520327196,2073.588944301309,1990.3957319258514,519.3677832683534,497.58813977223315,94.45689617818968,98.03030473176476,0.9635479195606623,True,False,False,False,False
speed_1700rpm__torque_700Nm__temperature_30degC,validation,data/original_dataset/Test_30deg/1700rpm/1700.0rpm700.0Nm30.0deg.csv,41162,1700.0108953410138,Fw_then_Bw,22870,9145,2.28625,True,1,2.4294251979981536e-05,1700.0108953410138,-1699.987370656648,0.5946126572478079,0.7125173384945356,5118.996149394161,4304.72482306286,2204.630352259028,1842.9721641539797,515.233668826704,484.9093337857991,96.22756580597525,93.48430326735978,1.0293446326574194,True,False,False,False,False
speed_1700rpm__torque_700Nm__temperature_35degC,train,data/original_dataset/Test_35deg/1700rpm/1700.0rpm700.0Nm35.0deg.csv,41158,1700.0252567328666,Fw_then_Bw,22870,9144,2.286,True,1,2.4296613052140532e-05,1700.0252567328666,-1699.9908906679289,0.5841068632435054,0.7240286601397656,5319.716152735191,4857.244367788517,2272.705169617984,2028.5207226870632,501.08342795101635,486.4287265708754,98.02520490488858,97.83577497014451,1.0019362031404349,True,False,False,False,False
speed_1700rpm__torque_800Nm__temperature_25degC,train,data/original_dataset/Test_25deg/1700rpm/1700.0rpm800.0Nm25.0deg.csv,41162,1700.027715327451,Fw_then_Bw,22870,9145,2.28625,True,1,2.4294251979981536e-05,1700.027715327451,-1699.989828649753,0.6002002046443522,0.7135786387757435,4893.280166045541,4721.181855226307,2176.726801991299,2057.1559458969205,535.4823162642333,501.964721225886,97.14410433402917,102.18419963730406,0.9506763734396866,True,False,False,False,False
speed_1700rpm__torque_800Nm__temperature_30degC,test,data/original_dataset/Test_30deg/1700rpm/1700.0rpm800.0Nm30.0deg.csv,41160,1700.0154499352598,Fw_then_Bw,22871,9143,2.28575,True,1,2.4295432458697766e-05,1700.0154499352598,-1699.9817266672228,0.6451552035284749,0.7377193348170294,5413.817397008643,4891.543424068276,2345.211738348098,2120.245707035337,530.8591109655936,511.07046270653865,104.66701017276137,103.28033566474913,1.0134263168209814,True,False,False,False,False
speed_1700rpm__torque_800Nm__temperature_35degC,train,data/original_dataset/Test_35deg/1700rpm/1700.0rpm800.0Nm35.0deg.csv,41160,1700.0233286671573,Fw_then_Bw,22871,9143,2.28575,True,1,2.4295432458697766e-05,1700.0233286671573,-1699.9961440063394,0.6272734705514722,0.7721413470185325,5430.6893919901995,4873.752535786753,2344.675201177779,2088.5065507888607,535.9414595932321,509.3004365048728,100.82517497858134,100.30977171281846,1.005138116226986,True,False,False,False,False
speed_1700rpm__torque_900Nm__temperature_25degC,train,data/original_dataset/Test_25deg/1700rpm/1700.0rpm900.0Nm25.0deg.csv,41161,1700.0284417978644,Fw_then_Bw,22871,9144,2.286,True,1,2.4294842204999878e-05,1700.0284417978644,-1699.9859740026295,0.6826784713969118,0.750403666946454,5165.374934829288,5169.701995328114,2359.136479348308,2237.776055634049,569.1818410441556,506.7667229894141,103.49964354099939,108.15819545459819,0.9569283502371826,True,False,False,False,False
speed_1700rpm__torque_900Nm__temperature_30degC,train,data/original_dataset/Test_30deg/1700rpm/1700.0rpm900.0Nm30.0deg.csv,41158,1700.0300064343417,Fw_then_Bw,22871,9143,2.28575,True,1,2.4296613052140532e-05,1700.0300064343417,-1699.999999332552,0.6898585658442471,0.7525273443509377,5446.112035618626,5330.4434171875055,2388.7530624865576,2286.7796230316335,568.1120006456695,540.4384869196292,106.08335967981475,110.13281050254591,0.9632312041774549,True,False,False,False,False
speed_1700rpm__torque_900Nm__temperature_35degC,train,data/original_dataset/Test_35deg/1700rpm/1700.0rpm900.0Nm35.0deg.csv,41159,1700.0226306699915,Fw_then_Bw,22871,9143,2.28575,True,1,2.4296022741077287e-05,1700.0226306699915,-1699.9891026644036,0.726376000481423,0.772811336597897,5793.23734079253,5698.240571655515,2495.1026588673813,2407.076694369516,546.931240352933,523.5523663815909,107.66015858280298,112.07827624775742,0.9605800712424605,True,False,False,False,False
speed_1700rpm__torque_1000Nm__temperature_25degC,train,data/original_dataset/Test_25deg/1700rpm/1700.0rpm1000.0Nm25.0deg.csv,41159,1700.0456526681469,Fw_then_Bw,22871,9144,2.286,True,1,2.4296022741077287e-05,1700.0456526681469,-1699.999328663883,0.7093886670188567,0.7809140079189092,5482.5466747088285,5597.348123168605,2444.3194687364667,2419.9826097493315,598.9469190440104,545.9893150345124,108.16030374007823,116.81309607265582,0.9259261793113017,True,False,False,False,False
speed_1700rpm__torque_1000Nm__temperature_30degC,train,data/original_dataset/Test_30deg/1700rpm/1700.0rpm1000.0Nm30.0deg.csv,41161,1700.0226304032062,Fw_then_Bw,22872,9143,2.28575,True,1,2.4294842204999878e-05,1700.0226304032062,-1699.9868676745489,0.772867264459137,0.7603503181599081,5856.311711249874,6142.102306087144,2542.108273506028,2608.0235707753673,584.1403510596139,566.7358098283329,112.26471051754746,125.88900354285215,0.8917753525575645,True,False,False,False,False
speed_1700rpm__torque_1000Nm__temperature_35degC,train,data/original_dataset/Test_35deg/1700rpm/1700.0rpm1000.0Nm35.0deg.csv,41160,1700.0235244728779,Fw_then_Bw,22871,9143,2.28575,True,1,2.4295432458697766e-05,1700.0235244728779,-1699.9964786615842,0.8285790584827737,0.7644296662572287,6052.293174434453,6735.476793255475,2589.2480060456364,2793.9187228686014,578.6760009473255,554.6850816126607,112.37834910343736,127.84753309060756,0.8790028746490796,True,False,False,False,False
speed_1700rpm__torque_1100Nm__temperature_25degC,train,data/original_dataset/Test_25deg/1700rpm/1700.0rpm1100.0Nm25.0deg.csv,41158,1700.031570663365,Fw_then_Bw,22871,9144,2.286,True,1,2.4296613052140532e-05,1700.031570663365,-1700.0105326684813,0.7138586661315003,0.8261480058231427,5213.09875572797,5207.272277523817,2411.171731353079,2359.632911086237,667.907338855457,585.6599213110713,113.2314877013414,120.06272351982263,0.9431027747979298,True,False,False,False,False
speed_1700rpm__torque_1100Nm__temperature_30degC,validation,data/original_dataset/Test_30deg/1700rpm/1700.0rpm1100.0Nm30.0deg.csv,41159,1700.0205070022882,Fw_then_Bw,22872,9143,2.28575,True,1,2.4296022741077287e-05,1700.0205070022882,-1699.9812239955645,0.8000249945325777,0.7653233381763584,5816.975503694131,6069.324468263581,2543.3467074480177,2612.9277315731083,613.1784077204885,575.7915424446763,112.76497714593462,123.78659811884062,0.9109627282726943,True,False,False,False,False
speed_1700rpm__torque_1100Nm__temperature_35degC,train,data/original_dataset/Test_35deg/1700rpm/1700.0rpm1100.0Nm35.0deg.csv,41158,1700.0196693309892,Fw_then_Bw,22871,9143,2.28575,True,1,2.4296613052140532e-05,1700.0196693309892,-1699.9889349972364,0.9433557958498113,0.8021480073996372,6624.720699619957,7127.835217397931,2833.8432073596778,2942.025605440449,610.6761885544074,577.6466655594048,120.79567250157197,135.03039204861125,0.8945813654905576,True,False,False,False,False
speed_1700rpm__torque_1200Nm__temperature_25degC,test,data/original_dataset/Test_25deg/1700rpm/1700.0rpm1200.0Nm25.0deg.csv,40255,1700.0449262656425,Fw_then_Bw,22872,8237,2.05925,True,1,2.4841634579555334e-05,1700.0449262656425,-1700.0008933343147,0.6914511662519089,0.8386093250010163,5111.2284068948165,5477.160580146483,2355.2032047511148,2375.471575260417,664.3012975119291,528.4186434184448,112.14699240604205,121.61384540650033,0.9221564537424595,True,False,False,False,False
speed_1700rpm__torque_1200Nm__temperature_30degC,train,data/original_dataset/Test_30deg/1700rpm/1700.0rpm1200.0Nm30.0deg.csv,41158,1700.01860706058,Fw_then_Bw,22870,9144,2.286,True,1,2.4296613052140532e-05,1700.01860706058,-1699.9968699916885,0.8556249376852065,0.7911399976969733,5904.179598049904,6449.839984997199,2642.8499305247897,2769.1573368013906,645.4288649411409,603.0940309169183,114.9976055976822,128.27677330619736,0.8964803419492186,True,False,False,False,False
speed_1700rpm__torque_1200Nm__temperature_35degC,train,data/original_dataset/Test_35deg/1700rpm/1700.0rpm1200.0Nm35.0deg.csv,41160,1700.0056426719918,Fw_then_Bw,22870,9143,2.28575,True,1,2.4295432458697766e-05,1700.0056426719918,-1699.9867000073816,0.9749275244150795,0.7980686690036691,6700.51545991232,7081.234897486135,2879.1523429008976,2930.939460396166,631.7592059749131,578.4502101794715,124.13659995740994,135.6560185697162,0.9150836156496351,True,False,False,False,False
speed_1700rpm__torque_1300Nm__temperature_25degC,train,data/original_dataset/Test_25deg/1700rpm/1700.0rpm1300.0Nm25.0deg.csv,41158,1700.0305653006458,Fw_then_Bw,22871,9144,2.286,True,1,2.4296613052140532e-05,1700.0305653006458,-1700.0105046705964,0.731125968741253,0.8770266819435619,5381.181254051626,5752.497938617036,2521.0082739595236,2536.3523919880668,697.1135870330727,593.9054440882956,118.1001688842116,126.87471025074049,0.930840895327462,True,False,False,False,False
speed_1700rpm__torque_1300Nm__temperature_30degC,train,data/original_dataset/Test_30deg/1700rpm/1700.0rpm1300.0Nm30.0deg.csv,41160,1700.0165393304392,Fw_then_Bw,22870,9143,2.28575,True,1,2.4295432458697766e-05,1700.0165393304392,-1700.008045998402,0.8236618693140372,0.8111446513794363,5810.155671012989,6490.813075409277,2556.9944417475654,2753.082127868765,651.8746976343209,605.3480119218873,116.97550494559435,134.94364102934918,0.8668471078244665,True,False,False,False,False
speed_1700rpm__torque_1300Nm__temperature_35degC,validation,data/original_dataset/Test_35deg/1700rpm/1700.0rpm1300.0Nm35.0deg.csv,41159,1700.0119573397872,Fw_then_Bw,22870,9143,2.28575,True,1,2.4296022741077287e-05,1700.0119573397872,-1699.9883766596515,0.9324589239745364,0.8250586688518524,6487.145488305941,7152.19918638495,2798.348720409058,2950.1750928163347,666.2687945934522,593.2758200735404,124.15174588759328,140.49064099472162,0.8837011847092205,True,False,False,False,False
speed_1700rpm__torque_1400Nm__temperature_25degC,validation,data/original_dataset/Test_25deg/1700rpm/1700.0rpm1400.0Nm25.0deg.csv,41160,1700.0445913290605,Fw_then_Bw,22870,9144,2.286,True,1,2.4295432458697766e-05,1700.0445913290605,-1700.0154219955828,0.7046941318549216,0.9089900025476254,5366.820089208385,5735.993994555429,2536.500363946061,2519.6672064066206,719.2551326183999,597.1768026902739,118.75481519964522,127.2589517629058,0.9331745512166052,True,False,False,False,False
speed_1700rpm__torque_1400Nm__temperature_30degC,train,data/original_dataset/Test_30deg/1700rpm/1700.0rpm1400.0Nm30.0deg.csv,41157,1700.0056426622905,Fw_then_Bw,22870,9143,2.28575,True,1,2.4297203391889595e-05,1700.0056426622905,-1699.9982673247966,0.6826226793539263,0.8612126694060862,5145.717581035569,5372.800608165744,2386.220670193916,2364.8812848324264,687.858863387828,588.5437220334096,112.80834575277366,121.19489415435964,0.930801140921791,True,False,False,False,False
speed_1700rpm__torque_1400Nm__temperature_35degC,train,data/original_dataset/Test_35deg/1700rpm/1700.0rpm1400.0Nm35.0deg.csv,41157,1700.0070400050997,Fw_then_Bw,22870,9143,2.28575,True,1,2.4297203391889595e-05,1700.0070400050997,-1700.0006693415344,0.8541719968584403,0.8489186875522137,6142.64945033883,6451.251202572618,2749.514589607815,2782.4737545846797,690.1260377395374,617.1315434430645,122.47935723858062,133.42905888457605,0.9179361547062431,True,False,False,False,False
speed_1700rpm__torque_1500Nm__temperature_25degC,train,data/original_dataset/Test_25deg/1700rpm/1700.0rpm1500.0Nm25.0deg.csv,41159,1700.0459320649193,Fw_then_Bw,22870,9144,2.286,True,1,2.4296022741077287e-05,1700.0459320649193,-1700.0126280084564,0.7296167314052582,0.9163093248691894,5332.009498185334,5305.4330598869465,2602.0450341705327,2450.2136184272786,741.5546459628331,601.8579929710995,126.8279818763858,132.9440773121405,0.9539949762380563,True,False,False,False,False
speed_1700rpm__torque_1500Nm__temperature_30degC,train,data/original_dataset/Test_30deg/1700rpm/1700.0rpm1500.0Nm30.0deg.csv,41159,1700.0098340019272,Fw_then_Bw,22870,9143,2.28575,True,1,2.4296022741077287e-05,1700.0098340019272,-1700.0070399953984,0.6896633421999923,0.8935113437473774,5259.263009066399,5165.060547491246,2486.1531548948733,2324.286240636957,716.6479601035003,588.4766348765879,113.89275493133935,118.27459263104174,0.9629519949954801,True,False,False,False,False
speed_1700rpm__torque_1500Nm__temperature_35degC,train,data/original_dataset/Test_35deg/1700rpm/1700.0rpm1500.0Nm35.0deg.csv,41157,1700.002849334851,Fw_then_Bw,22870,9143,2.28575,True,1,2.4297203391889595e-05,1700.002849334851,-1699.9894379987381,0.7805789355188608,0.9085426766735054,5806.034659812075,6086.359929758507,2724.3086799982384,2675.4274109002836,729.0031157083829,613.0060544332082,122.20904278265151,130.80370693187433,0.9342934206467166,True,False,False,False,False
speed_1700rpm__torque_1600Nm__temperature_25degC,test,data/original_dataset/Test_25deg/1700rpm/1700.0rpm1600.0Nm25.0deg.csv,41159,1700.0617459319378,Fw_then_Bw,22870,9144,2.286,True,1,2.4296022741077287e-05,1700.0617459319378,-1700.005977996625,0.6352919250884952,1.0446646871664598,5092.173292844836,4889.92354948996,2568.2732637224935,2306.3020831351423,805.4684612008713,618.6402814023044,126.9038904714307,126.64377476921803,1.0020539162125157,True,False,False,False,False
speed_1700rpm__torque_1600Nm__temperature_30degC,train,data/original_dataset/Test_30deg/1700rpm/1700.0rpm1600.0Nm30.0deg.csv,41157,1700.011957330086,Fw_then_Bw,22870,9143,2.28575,True,1,2.4297203391889595e-05,1700.011957330086,-1700.0010613313254,0.6907253312722332,0.9180973283946514,5193.448219991433,5168.147928392227,2500.0225038825647,2364.103308320045,736.3393417424959,617.1731384737539,118.0140950223631,122.38020831991888,0.9643233709314977,True,False,False,False,False
speed_1700rpm__torque_1600Nm__temperature_35degC,train,data/original_dataset/Test_35deg/1700rpm/1700.0rpm1600.0Nm35.0deg.csv,41157,1700.0024580047466,Fw_then_Bw,22870,9143,2.28575,True,1,2.4297203391889595e-05,1700.0024580047466,-1699.9817826629926,0.7623066679420845,0.9191033313984462,5834.093538579008,5644.931861509574,2767.0785334707934,2526.555697918047,748.7939733830444,606.9445695196009,123.98112975401997,129.30792056713472,0.9588053787443813,True,False,False,False,False
speed_1700rpm__torque_1700Nm__temperature_25degC,train,data/original_dataset/Test_25deg/1700rpm/1700.0rpm1700.0Nm25.0deg.csv,40199,1700.0592873373535,Fw_then_Bw,22870,8185,2.04625,True,1,2.4876240702505037e-05,1700.0592873373535,-1700.028385986419,0.6580913419991248,1.0296333348376265,5214.437605658122,4900.9306821970295,2638.578324317768,2308.8365894556773,803.6973538849452,581.349588008379,129.16053250273762,129.84769364938984,0.9947079449211654,True,False,False,False,False
speed_1700rpm__torque_1700Nm__temperature_30degC,train,data/original_dataset/Test_30deg/1700rpm/1700.0rpm1700.0Nm30.0deg.csv,41157,1700.0241946661845,Fw_then_Bw,22870,9143,2.28575,True,1,2.4297203391889595e-05,1700.0241946661845,-1700.0175453334425,0.7258166636650003,0.9706799949829019,5431.921570561826,5314.934921140137,2769.2157111315273,2497.426877915949,783.147073643886,645.1490274495878,124.0198533797411,129.6354350770343,0.9566817383383162,True,False,False,False,False
speed_1700rpm__torque_1700Nm__temperature_35degC,validation,data/original_dataset/Test_35deg/1700rpm/1700.0rpm1700.0Nm35.0deg.csv,41162,1700.0196686664517,Fw_then_Bw,22871,9145,2.28625,True,1,2.4294251979981536e-05,1700.0196686664517,-1699.9950819881633,0.7463526659798845,0.9812413481995463,5867.55461214716,5349.802086129419,2807.0437371734442,2412.6823472977776,775.3287624750556,624.4416760542663,129.3557293270169,130.90463366297615,0.9881676890067388,True,False,False,False,False
speed_1700rpm__torque_1800Nm__temperature_25degC,train,data/original_dataset/Test_25deg/1700rpm/1700.0rpm1800.0Nm25.0deg.csv,41158,1700.0386118694828,Fw_then_Bw,22871,9143,2.28575,True,1,2.4296613052140532e-05,1700.0386118694828,-1700.0333033405088,0.7127970651104079,1.0427923407405615,5402.4187071868255,5148.031248246206,2750.784009695053,2516.8909817935855,831.4261578379956,687.5203825883541,133.52398662891574,134.11777661231096,0.9955726228215692,True,False,False,False,False
speed_1700rpm__torque_1800Nm__temperature_30degC,train,data/original_dataset/Test_30deg/1700rpm/1700.0rpm1800.0Nm30.0deg.csv,41161,1700.0277154293144,Fw_then_Bw,22871,9145,2.28625,True,1,2.4294842204999878e-05,1700.0277154293144,-1700.0319059976998,0.7647647968648243,0.9882826707325876,5605.8187037706375,5410.507259269613,2787.7986669541315,2636.4772284025084,800.9480635319051,696.4802536222123,132.21720097089928,135.58567877462326,0.9751560944034272,True,False,False,False,False
speed_1700rpm__torque_1800Nm__temperature_35degC,test,data/original_dataset/Test_35deg/1700rpm/1700.0rpm1800.0Nm35.0deg.csv,41160,1700.0234965380514,Fw_then_Bw,22871,9145,2.28625,True,1,2.4295432458697766e-05,1700.0234965380514,-1700.0077106640674,0.7337237038882449,1.0162773348081373,5780.721316114068,5246.398365124695,2874.94798898706,2421.7752552032816,812.8424123642617,634.1167239919733,131.8420857774072,131.1985106751308,1.0049053537190678,True,False,False,False,False
speed_1800rpm__torque_0Nm__temperature_25degC,validation,data/original_dataset/Test_25deg/1800rpm/1800.0rpm0.0Nm25.0deg.csv,39724,1800.00814567029,Fw_then_Bw,21600,9041,2.26025,True,1,2.5173698519786525e-05,1800.00814567029,-1800.0106050070221,0.6262120004976168,0.6162089897163696,5083.96259780693,5203.488011224181,2087.243639901271,2254.9775898451117,430.9980801882373,492.19606461974763,104.34335994314092,124.37526055509807,0.838939829974603,True,False,False,False,False
speed_1800rpm__torque_0Nm__temperature_30degC,train,data/original_dataset/Test_30deg/1800rpm/1800.0rpm0.0Nm30.0deg.csv,39761,1799.9937571342648,Fw_then_Bw,21600,9080,2.27,True,1,2.5150272880460752e-05,1799.9937571342648,-1799.9986746678285,0.6646290372980275,0.6596836610696073,5496.738769579133,5481.317464727317,2356.0679152614734,2391.3255456091492,481.37502890263016,499.70564547729714,113.7327272143466,122.2261725893531,0.9305104201900997,True,False,False,False,False
speed_1800rpm__torque_0Nm__temperature_35degC,validation,data/original_dataset/Test_35deg/1800rpm/1800.0rpm0.0Nm35.0deg.csv,39762,1799.998171501405,Fw_then_Bw,21600,9080,2.27,True,1,2.514964036014285e-05,1799.998171501405,-1800.0032566681816,0.6965082332801558,0.6071013437273223,5408.0026845131215,5085.525201866402,2252.7895589550553,2221.0636128486835,477.69995042672235,505.71630554568395,111.53751518731951,118.05392525097868,0.944801411305846,True,False,False,False,False
speed_1800rpm__torque_100Nm__temperature_25degC,train,data/original_dataset/Test_25deg/1800rpm/1800.0rpm100.0Nm25.0deg.csv,39763,1800.0235688668909,Fw_then_Bw,21600,9083,2.27075,True,1,2.5149007871639463e-05,1800.0235688668909,-1800.017450004816,0.5674551309008393,0.6754693361775708,5024.96225914665,4929.247723581828,2116.652056574457,2116.709331274159,449.7101332460715,465.611212523163,109.02602235896661,116.426724520079,0.9364346786219511,True,False,False,False,False
speed_1800rpm__torque_100Nm__temperature_30degC,train,data/original_dataset/Test_30deg/1800rpm/1800.0rpm100.0Nm30.0deg.csv,39762,1800.0132593345672,Fw_then_Bw,21600,9083,2.27075,True,1,2.514964036014285e-05,1800.0132593345672,-1800.0016359922786,0.550803068714913,0.6005913213205076,4728.814146558215,4729.337237464275,1891.5968625251023,1888.158349394962,436.21335233619897,461.7040120422643,94.8783470782473,103.24752968117534,0.918940601980776,True,False,False,False,False
speed_1800rpm__torque_100Nm__temperature_35degC,train,data/original_dataset/Test_35deg/1800rpm/1800.0rpm100.0Nm35.0deg.csv,39767,1800.0030890010144,Fw_then_Bw,21602,9083,2.27075,True,1,2.5146478235723086e-05,1800.0030890010144,-1799.992528006745,0.6029943372896014,0.5388446734289118,4942.126220945603,4758.195749794139,1851.1019545800546,1859.7454425699648,429.39772067434205,462.1744767537165,92.2389985803875,98.93304283605175,0.9323376289279065,True,False,False,False,False
speed_1800rpm__torque_200Nm__temperature_25degC,validation,data/original_dataset/Test_25deg/1800rpm/1800.0rpm200.0Nm25.0deg.csv,39765,1800.0093473334953,Fw_then_Bw,21600,9082,2.2705,True,1,2.5147742990066642e-05,1800.0093473334953,-1800.013035661929,0.6046426666822526,0.6596556631848216,5095.362306262358,4598.292537653876,2174.7909203166273,1891.538678854704,453.64510185554536,421.3016214117941,107.77368116605429,98.97760139560886,1.0888693971809633,True,False,False,False,False
speed_1800rpm__torque_200Nm__temperature_30degC,train,data/original_dataset/Test_30deg/1800rpm/1800.0rpm200.0Nm30.0deg.csv,39766,1799.9907957661585,Fw_then_Bw,21600,9084,2.271,True,1,2.5147110596992405e-05,1799.9907957661585,-1800.002362326874,0.6144490034786259,0.6486756610684097,5089.717298202504,4678.633137761517,2111.3567364216124,1897.329971790806,469.6845726774427,480.91365091827356,103.71573448610432,103.55959221865305,1.001507752822371,True,False,False,False,False
speed_1800rpm__torque_200Nm__temperature_35degC,test,data/original_dataset/Test_35deg/1800rpm/1800.0rpm200.0Nm35.0deg.csv,39766,1799.9732493287108,Fw_then_Bw,21600,9083,2.27075,True,1,2.5147110596992405e-05,1799.9732493287108,-1799.9981153310123,0.587934632979568,0.599557659976881,4981.5306789239,4991.0751637065,1953.5446122283702,1904.7394025324136,445.69744136924777,459.5614213315456,97.43787309971592,99.50154687803659,0.9792598824533832,True,False,False,False,False
speed_1800rpm__torque_300Nm__temperature_25degC,train,data/original_dataset/Test_25deg/1800rpm/1800.0rpm300.0Nm25.0deg.csv,39764,1800.011303338882,Fw_then_Bw,21600,9082,2.2705,True,1,2.5148375414948193e-05,1800.011303338882,-1800.0013013370335,0.6818117447743361,0.6718093354720622,5697.023290365269,5600.25228769518,2323.7787423279315,2318.0613143741975,457.8658569433172,483.4436609989097,112.8149993124225,120.42719477599348,0.9367900624295831,True,False,False,False,False
speed_1800rpm__torque_300Nm__temperature_30degC,train,data/original_dataset/Test_30deg/1800rpm/1800.0rpm300.0Nm30.0deg.csv,39763,1799.9914943356998,Fw_then_Bw,21600,9083,2.27075,True,1,2.5149007871639463e-05,1799.9914943356998,-1800.0014683348127,0.6177736698496119,0.660577662832452,5185.199383413145,5344.903977432022,2208.1280498201068,2196.6131770612265,496.6833466580282,480.71128442161324,107.70231539950146,108.59961161550017,0.9917375743554626,True,False,False,False,False
speed_1800rpm__torque_300Nm__temperature_35degC,train,data/original_dataset/Test_35deg/1800rpm/1800.0rpm300.0Nm35.0deg.csv,39766,1799.9942600387535,Fw_then_Bw,21600,9083,2.27075,True,1,2.5147110596992405e-05,1799.9942600387535,-1800.0072520032215,0.6256531341932714,0.6107893229152523,5280.654838620329,5215.75874493883,2064.7329109908696,2072.292151152851,453.39498734579115,485.7183101634291,99.68721976792948,104.44015853208835,0.954491272026377,True,False,False,False,False
speed_1800rpm__torque_400Nm__temperature_25degC,train,data/original_dataset/Test_25deg/1800rpm/1800.0rpm400.0Nm25.0deg.csv,39764,1799.9958804672738,Fw_then_Bw,21600,9082,2.2705,True,1,2.5148375414948193e-05,1799.9958804672738,-1800.0044860042788,0.6540958662903904,0.7229949890944454,5590.895914549627,5360.1936068546775,2381.607199162226,2194.874334335325,485.1817226842286,459.6550891083097,115.69406576095385,115.72713660084432,0.9997142343545184,True,False,False,False,False
speed_1800rpm__torque_400Nm__temperature_30degC,train,data/original_dataset/Test_30deg/1800rpm/1800.0rpm400.0Nm30.0deg.csv,39765,1800.0014687277144,Fw_then_Bw,21600,9083,2.27075,True,1,2.5147742990066642e-05,1800.0014687277144,-1800.008676664826,0.6432274240070228,0.7496776718958245,5594.6447964131,5378.432280850392,2389.177596867421,2163.514619469697,528.082778082853,498.3214491178841,119.52983309106449,115.10878701055844,1.038407546420418,True,False,False,False,False
speed_1800rpm__torque_400Nm__temperature_35degC,validation,data/original_dataset/Test_35deg/1800rpm/1800.0rpm400.0Nm35.0deg.csv,39766,1799.992192599651,Fw_then_Bw,21600,9083,2.27075,True,1,2.5147110596992405e-05,1799.992192599651,-1799.9986466602422,0.6563865996821505,0.6286426602553092,5583.4777905450665,5325.013403004322,2157.642934546356,2066.829549074008,462.02326090515254,483.2393652633982,105.07830339588507,106.80855975842859,0.9838003960875713,True,False,False,False,False
speed_1800rpm__torque_500Nm__temperature_25degC,train,data/original_dataset/Test_25deg/1800rpm/1800.0rpm500.0Nm25.0deg.csv,39765,1800.0146280634603,Fw_then_Bw,21600,9082,2.2705,True,1,2.5147742990066642e-05,1800.0146280634603,-1800.0060223372807,0.6802193577942717,0.8526356638567449,5994.803091743414,5813.623551512454,2692.2828447817205,2405.1921026411937,555.3615360034654,508.82629227035034,135.61731294703347,128.09697166098883,1.0587081894952783,True,False,False,False,False
speed_1800rpm__torque_500Nm__temperature_30degC,train,data/original_dataset/Test_30deg/1800rpm/1800.0rpm500.0Nm30.0deg.csv,39766,1799.9912987337061,Fw_then_Bw,21600,9083,2.27075,True,1,2.5147110596992405e-05,1799.9912987337061,-1800.011107659278,0.6312970023525395,0.6777609911903255,5520.2207489237935,5118.592801348039,2200.050741098312,1999.9444761871919,465.5334644373397,480.7582338648898,104.68870001886897,108.0735436753457,0.9686801825741475,True,False,False,False,False
speed_1800rpm__torque_500Nm__temperature_35degC,train,data/original_dataset/Test_35deg/1800rpm/1800.0rpm500.0Nm35.0deg.csv,39765,1799.9823577653538,Fw_then_Bw,21600,9083,2.27075,True,1,2.5147742990066642e-05,1799.9823577653538,-1800.006413667385,0.6520002304264381,0.7501803338528816,5749.379067371318,5576.399442119054,2359.673086796147,2177.2388929123736,513.3263427935162,487.46928267491967,117.84446635597303,111.61595236226276,1.055803080669821,True,False,False,False,False
speed_1800rpm__torque_600Nm__temperature_25degC,validation,data/original_dataset/Test_25deg/1800rpm/1800.0rpm600.0Nm25.0deg.csv,39764,1799.9953498656396,Fw_then_Bw,21600,9082,2.2705,True,1,2.5148375414948193e-05,1799.9953498656396,-1800.006050665009,0.6996932982777935,0.9108613303397988,6276.952521875226,5915.781457829734,2833.7495481962374,2418.6373110117074,602.8046654807439,478.1612357568064,139.91968348454975,129.26464682786897,1.0824280800524617,True,False,False,False,False
speed_1800rpm__torque_600Nm__temperature_30degC,test,data/original_dataset/Test_30deg/1800rpm/1800.0rpm600.0Nm30.0deg.csv,39611,1800.0050166641206,Fw_then_Bw,21600,8930,2.2325,True,1,2.524551261013355e-05,1800.0050166641206,-1800.0019993341994,0.6716418623301479,0.7352883306642752,5913.387304947173,4769.703970911901,2414.716875664726,1849.8188045624365,505.36216241994225,462.6767391251632,119.71902271138788,102.3185267971712,1.17006202550893,True,False,False,False,False
speed_1800rpm__torque_600Nm__temperature_35degC,train,data/original_dataset/Test_35deg/1800rpm/1800.0rpm600.0Nm35.0deg.csv,39764,1799.9995406329012,Fw_then_Bw,21600,9083,2.27075,True,1,2.5148375414948193e-05,1799.9995406329012,-1800.010241335258,0.6667243287664633,0.7949393378414698,5858.603835804385,5818.963784258722,2505.911573022604,2266.7390915746178,537.6376340786464,469.8634305169434,123.38822563733629,113.07635072680569,1.091193913176808,True,False,False,False,False
speed_1800rpm__torque_700Nm__temperature_25degC,train,data/original_dataset/Test_25deg/1800rpm/1800.0rpm700.0Nm25.0deg.csv,39765,1800.0090119991605,Fw_then_Bw,21600,9082,2.2705,True,1,2.5147742990066642e-05,1800.0090119991605,-1800.0061899947468,0.7385015342152883,0.8905493208052349,6273.699043474107,5756.164534250227,2790.8204033965826,2314.169402270999,593.7080221915039,470.07528245439966,140.71537661961878,126.71975978814764,1.1104454179432572,True,False,False,False,False
speed_1800rpm__torque_700Nm__temperature_30degC,test,data/original_dataset/Test_30deg/1800rpm/1800.0rpm700.0Nm30.0deg.csv,39766,1799.997948333233,Fw_then_Bw,21600,9083,2.27075,True,1,2.5147110596992405e-05,1799.997948333233,-1800.0058826679985,0.6285030346284657,0.7815853459760547,5554.2402260465215,5687.469829960172,2366.2268197532735,2249.488211869902,538.7728257546769,488.1163040800856,121.65300283409121,120.78239768716229,1.0072080465663868,True,False,False,False,False
speed_1800rpm__torque_700Nm__temperature_35degC,train,data/original_dataset/Test_35deg/1800rpm/1800.0rpm700.0Nm35.0deg.csv,39765,1799.9927234001611,Fw_then_Bw,21600,9083,2.27075,True,1,2.5147742990066642e-05,1799.9927234001611,-1800.0186796610556,0.6041117352044694,0.8623023265198526,5952.571462451805,5228.139723961339,2597.7310408650274,2083.830390572529,569.8485646226344,484.1738771119708,130.4878192223896,112.6282270883166,1.158571191217176,True,False,False,False,False
speed_1800rpm__torque_800Nm__temperature_25degC,train,data/original_dataset/Test_25deg/1800rpm/1800.0rpm800.0Nm25.0deg.csv,39764,1800.000267001451,Fw_then_Bw,21600,9082,2.2705,True,1,2.5148375414948193e-05,1800.000267001451,-1800.0216686729495,0.6998049939284101,1.0089853409831449,6556.325099275771,6077.15742662608,2995.683290063789,2490.2052214748437,649.8322748004739,496.8755073492502,150.99795434061886,135.63645303556757,1.113254961783932,True,False,False,False,False
speed_1800rpm__torque_800Nm__temperature_30degC,train,data/original_dataset/Test_30deg/1800rpm/1800.0rpm800.0Nm30.0deg.csv,39765,1800.0030609982787,Fw_then_Bw,21600,9083,2.27075,True,1,2.5147742990066642e-05,1800.0030609982787,-1799.9988420051523,0.6488431390606593,0.8705446574216467,5888.175906148671,5687.400000169782,2661.6743803017466,2357.380267679764,613.9495947530576,521.4757482210189,136.75691745083893,125.2064633044938,1.0922512611689636,True,False,False,False,False
speed_1800rpm__torque_800Nm__temperature_35degC,train,data/original_dataset/Test_35deg/1800rpm/1800.0rpm800.0Nm35.0deg.csv,39766,1799.9967467330862,Fw_then_Bw,21600,9083,2.27075,True,1,2.5147110596992405e-05,1799.9967467330862,-1800.0225349969696,0.6477813003584743,0.7838756622126084,5641.200267322028,5310.993086702181,2428.1163835151347,2101.179576217964,562.0968068023558,476.9447375615527,124.59725686253476,114.66909853579634,1.086580939882763,True,False,False,False,False
speed_1800rpm__torque_900Nm__temperature_25degC,train,data/original_dataset/Test_25deg/1800rpm/1800.0rpm900.0Nm25.0deg.csv,39764,1800.0242676692628,Fw_then_Bw,21600,9083,2.27075,True,1,2.5148375414948193e-05,1800.0242676692628,-1800.019042333588,0.6835717989208661,1.0089019973140694,6370.782627103789,5777.074443176115,2985.2672719957354,2467.6506787533976,677.8969138860703,527.5650797852902,151.27260732151626,134.66901388246686,1.1232918617310161,True,False,False,False,False
speed_1800rpm__torque_900Nm__temperature_30degC,train,data/original_dataset/Test_30deg/1800rpm/1800.0rpm900.0Nm30.0deg.csv,39764,1799.9977804671896,Fw_then_Bw,21600,9083,2.27075,True,1,2.5148375414948193e-05,1799.9977804671896,-1800.0130353223844,0.7563829276475644,0.8838713207902629,6568.5205103367025,5986.245341288577,2771.1650172617733,2369.146507978803,584.4974786041347,510.1498038997305,139.70258570834628,126.42832984120103,1.1049943148329036,True,False,False,False,False
speed_1800rpm__torque_900Nm__temperature_35degC,test,data/original_dataset/Test_35deg/1800rpm/1800.0rpm900.0Nm35.0deg.csv,39765,1800.004821328912,Fw_then_Bw,21599,9084,2.271,True,1,2.5147742990066642e-05,1800.004821328912,-1800.0251613169287,0.6525312346639112,0.8380786942630039,5736.6640889083055,5632.033771447006,2468.361085057403,2313.3722905810837,577.499771969087,506.00205102859957,129.02974273201832,125.5003776288959,1.0281223464805718,True,False,False,False,False
speed_1800rpm__torque_1000Nm__temperature_25degC,train,data/original_dataset/Test_25deg/1800rpm/1800.0rpm1000.0Nm25.0deg.csv,39765,1799.9972776306095,Fw_then_Bw,21600,9083,2.27075,True,1,2.5147742990066642e-05,1799.9972776306095,-1800.0013006676454,0.7393398312465251,0.9752623445820063,6504.267341612511,6457.2429750108295,2946.2858988348216,2618.3102875948857,672.1626877080325,507.79427233183,151.34399722182934,136.112580500685,1.1119030780631456,True,False,False,False,False
speed_1800rpm__torque_1000Nm__temperature_30degC,train,data/original_dataset/Test_30deg/1800rpm/1800.0rpm1000.0Nm30.0deg.csv,39766,1799.9948185655132,Fw_then_Bw,21601,9083,2.27075,True,1,2.5147110596992405e-05,1799.9948185655132,-1800.0135946592006,0.6830134079792742,0.8437226642854512,5922.986660153583,5765.769227097461,2523.332273959568,2324.446710646134,593.7686363859029,526.0142606640329,133.44652168871107,135.62306339836138,0.983951537038673,True,False,False,False,False
speed_1800rpm__torque_1000Nm__temperature_35degC,validation,data/original_dataset/Test_35deg/1800rpm/1800.0rpm1000.0Nm35.0deg.csv,39763,1799.9865766663181,Fw_then_Bw,21600,9084,2.271,True,1,2.5149007871639463e-05,1799.9865766663181,-1799.9983393334937,0.681309204082936,0.8428000049510729,5861.298687522685,5361.924118671959,2507.0163846015926,2138.9617121220917,593.8965055202516,483.00408742279626,130.15696248489797,119.24622445430946,1.0914975554196191,True,False,False,False,False
speed_1800rpm__torque_1100Nm__temperature_25degC,train,data/original_dataset/Test_25deg/1800rpm/1800.0rpm1100.0Nm25.0deg.csv,39766,1800.0216411358754,Fw_then_Bw,21600,9083,2.27075,True,1,2.5147110596992405e-05,1800.0216411358754,-1800.0154943341233,0.7999971324653643,0.9869693409806359,6649.944927388787,6444.432229424999,2990.403544307127,2750.422179699125,666.2735203909051,561.2500709433332,155.3304368760109,144.20170570065238,1.0771747540799594,True,False,False,False,False
speed_1800rpm__torque_1100Nm__temperature_30degC,train,data/original_dataset/Test_30deg/1800rpm/1800.0rpm1100.0Nm30.0deg.csv,39764,1800.0027540062244,Fw_then_Bw,21601,9083,2.27075,True,1,2.5148375414948193e-05,1800.0027540062244,-1800.0313076675716,0.6613324027664476,0.9915236732920221,6157.234660349786,6082.715668405399,2888.9626502987085,2404.234287440704,718.4063480008263,501.41456325854955,152.8173195247291,131.56570303854093,1.1615285442587018,True,False,False,False,False
speed_1800rpm__torque_1100Nm__temperature_35degC,train,data/original_dataset/Test_35deg/1800rpm/1800.0rpm1100.0Nm35.0deg.csv,39763,1799.982357333647,Fw_then_Bw,21599,9083,2.27075,True,1,2.5149007871639463e-05,1799.982357333647,-1800.018847337924,0.652893931449853,0.882949670388598,5864.00372752305,5505.949577006411,2564.9428749081367,2199.075947105575,621.0388859109116,504.0360113694985,133.96284798591293,122.829914137219,1.090636991215811,True,False,False,False,False
speed_1800rpm__torque_1200Nm__temperature_25degC,train,data/original_dataset/Test_25deg/1800rpm/1800.0rpm1200.0Nm25.0deg.csv,38791,1800.0235965349325,Fw_then_Bw,21600,8109,2.02725,True,1,2.577917558196489e-05,1800.0235965349325,-1800.022003997583,0.7929839339340106,1.0692793293856084,6746.873362377346,6257.81804944072,3206.2031620739153,2616.64682507453,737.0402076414847,529.0763419292488,163.22296117177754,141.64764090346577,1.152316834440014,True,False,False,False,False
speed_1800rpm__torque_1200Nm__temperature_30degC,train,data/original_dataset/Test_30deg/1800rpm/1800.0rpm1200.0Nm30.0deg.csv,39446,1800.0171146947346,Fw_then_Bw,21600,8763,2.19075,True,1,2.535111291385692e-05,1800.0171146947346,-1800.0247979944106,0.6680936397362984,0.9236856712960844,5875.605313727692,6200.463379112079,2614.2305727672006,2380.0850766895564,655.1120427388923,479.0787068865028,140.02493808020506,132.55290039442113,1.056370231534356,True,False,False,False,False
speed_1800rpm__torque_1200Nm__temperature_35degC,validation,data/original_dataset/Test_35deg/1800rpm/1800.0rpm1200.0Nm35.0deg.csv,39764,1800.014264668183,Fw_then_Bw,21600,9082,2.2705,True,1,2.5148375414948193e-05,1800.014264668183,-1800.0242953324537,0.6861705381500087,0.9354483336209114,6234.917630597236,5570.591761109418,2773.9111177618265,2328.2201911505567,656.0177022506647,535.2859755364074,143.25907895745328,129.80687703852706,1.1036324286188133,True,False,False,False,False
speed_1800rpm__torque_1300Nm__temperature_25degC,train,data/original_dataset/Test_25deg/1800rpm/1800.0rpm1300.0Nm25.0deg.csv,39763,1799.9868839979172,Fw_then_Bw,21600,9083,2.27075,True,1,2.5149007871639463e-05,1799.9868839979172,-1800.0313079974148,0.8629447644732409,1.0187646645742916,6933.578868241374,6605.855988648361,3124.9995545303136,2978.8881105184364,746.3884475689156,655.9554151126575,167.93307346647453,167.8007232078016,1.0007887347333362,True,False,False,False,False
speed_1800rpm__torque_1300Nm__temperature_30degC,train,data/original_dataset/Test_30deg/1800rpm/1800.0rpm1300.0Nm30.0deg.csv,39763,1800.0014686695067,Fw_then_Bw,21600,9082,2.2705,True,1,2.5149007871639463e-05,1800.0014686695067,-1800.0154943341233,0.7675308006582782,1.1522323378208057,6790.3129345113475,6209.471429853964,3321.468821763665,2667.318214774332,820.7862912187917,591.2317168139906,171.1139923720111,146.53314241404584,1.1677494220966702,True,False,False,False,False
speed_1800rpm__torque_1300Nm__temperature_35degC,validation,data/original_dataset/Test_35deg/1800rpm/1800.0rpm1300.0Nm35.0deg.csv,39764,1799.9798990689064,Fw_then_Bw,21600,9082,2.2705,True,1,2.5148375414948193e-05,1799.9798990689064,-1800.022674666252,0.7145849328176155,0.9673273404283691,6216.253705011968,6147.556926589457,2745.571481585011,2661.93158492465,694.6038969927939,594.6382088317931,144.51982996383774,142.37428673450253,1.0150697382128853,True,False,False,False,False
speed_1800rpm__torque_1400Nm__temperature_25degC,train,data/original_dataset/Test_25deg/1800rpm/1800.0rpm1400.0Nm25.0deg.csv,39764,1800.0069166640362,Fw_then_Bw,21600,9083,2.27075,True,1,2.5148375414948193e-05,1800.0069166640362,-1800.0091800058726,0.8231866716716922,1.1025836768870931,6831.418303773349,7406.425351898179,3197.430428266671,3284.05642032676,787.8915667530691,684.8392891037292,168.3217868356223,181.30981736285315,0.9283655418325305,True,False,False,False,False
speed_1800rpm__torque_1400Nm__temperature_30degC,train,data/original_dataset/Test_30deg/1800rpm/1800.0rpm1400.0Nm30.0deg.csv,39763,1800.0298830399213,Fw_then_Bw,21600,9082,2.2705,True,1,2.5149007871639463e-05,1800.0298830399213,-1800.0132589950226,0.7438938628183678,0.9617393273705375,6181.65569224734,6388.9516226487995,2836.565561145562,2735.819137543417,716.9301482891112,595.631802685193,149.14866629878813,144.63057666985145,1.031238827452442,True,False,False,False,False
speed_1800rpm__torque_1400Nm__temperature_35degC,validation,data/original_dataset/Test_35deg/1800rpm/1800.0rpm1400.0Nm35.0deg.csv,39764,1799.9942600339032,Fw_then_Bw,21600,9082,2.2705,True,1,2.5148375414948193e-05,1799.9942600339032,-1800.0037593301386,0.760210668280024,1.0764600010589902,6663.948606001486,6441.076503445719,3160.428879857408,2978.463231324621,795.9737658505218,682.7654581691146,164.02994053496508,155.81110062312285,1.0527487443383254,True,False,False,False,False
speed_1800rpm__torque_1500Nm__temperature_25degC,train,data/original_dataset/Test_25deg/1800rpm/1800.0rpm1500.0Nm25.0deg.csv,39766,1800.0065533366674,Fw_then_Bw,21600,9084,2.271,True,1,2.5147110596992405e-05,1800.0065533366674,-1800.0000993294332,0.7582826995834466,1.1318923304013424,6819.751107831871,6466.100163137344,3123.9486921944253,3006.4899393914857,796.9070981655022,673.1950216704264,168.20903088528212,162.5451734382296,1.0348448208411731,True,False,False,False,False
speed_1800rpm__torque_1500Nm__temperature_30degC,train,data/original_dataset/Test_30deg/1800rpm/1800.0rpm1500.0Nm30.0deg.csv,39765,1800.019573366929,Fw_then_Bw,21600,9082,2.2705,True,1,2.5147742990066642e-05,1800.019573366929,-1800.007084336054,0.8265113331921157,1.041563004643308,6652.784483352298,6697.909097420052,3153.653968199569,3144.060716330841,782.3524402718248,704.205508140012,163.26078337242507,166.02629395106302,0.9833429361529138,True,False,False,False,False
speed_1800rpm__torque_1500Nm__temperature_35degC,train,data/original_dataset/Test_35deg/1800rpm/1800.0rpm1500.0Nm35.0deg.csv,39765,1799.9857105314732,Fw_then_Bw,21600,9082,2.2705,True,1,2.5147742990066642e-05,1799.9857105314732,-1800.0393823410072,0.809133062527053,1.145414678224597,7091.894144348133,6113.656932332601,3457.5751674173257,3037.5683541601084,854.7769082442298,739.162486650275,176.18262652695194,157.6315740323934,1.1176861463728471,True,False,False,False,False
speed_1800rpm__torque_1600Nm__temperature_25degC,train,data/original_dataset/Test_25deg/1800rpm/1800.0rpm1600.0Nm25.0deg.csv,39763,1800.000602330935,Fw_then_Bw,21600,9084,2.271,True,1,2.5149007871639463e-05,1800.000602330935,-1800.004150669944,0.7440616706539913,1.0661223398831225,6646.973884199406,6413.019083751399,2979.636972640264,2979.9342361091476,749.6807492917012,681.6812576992108,156.79238401680774,161.31529479030178,0.9719622942178329,True,False,False,False,False
speed_1800rpm__torque_1600Nm__temperature_30degC,train,data/original_dataset/Test_30deg/1800rpm/1800.0rpm1600.0Nm30.0deg.csv,39764,1799.9970820722715,Fw_then_Bw,21600,9082,2.2705,True,1,2.5148375414948193e-05,1799.9970820722715,-1800.011834333418,0.7633399994423371,0.929804004651146,6337.301970537417,6016.945206406123,2641.439488530659,2471.546447873104,668.8812408593093,565.7453960252492,138.63015018500843,134.9848080832998,1.0270055730972263,True,False,False,False,False
speed_1800rpm__torque_1600Nm__temperature_35degC,train,data/original_dataset/Test_35deg/1800rpm/1800.0rpm1600.0Nm35.0deg.csv,39764,1800.000909701339,Fw_then_Bw,21600,9082,2.2705,True,1,2.5148375414948193e-05,1800.000909701339,-1800.0192379986402,0.7824786346949395,1.1015496662973874,6674.128406059706,6015.894996624045,3149.2533597346655,2903.6228606106306,837.7364191263496,730.5470027390583,165.7775623667021,158.7643246180503,1.0441738896034989,True,False,False,False,False
speed_1800rpm__torque_1700Nm__temperature_25degC,train,data/original_dataset/Test_25deg/1800rpm/1800.0rpm1700.0Nm25.0deg.csv,39763,1800.030414330346,Fw_then_Bw,21600,9082,2.2705,True,1,2.5149007871639463e-05,1800.030414330346,-1800.004122672059,0.7912516690945495,1.1524279931716137,6803.04061388565,6531.996386668923,3269.300149678838,3055.369127541461,870.8265067558839,710.7513167315115,174.54630325337345,168.33030762177253,1.0369273704742932,True,False,False,False,False
speed_1800rpm__torque_1700Nm__temperature_30degC,validation,data/original_dataset/Test_30deg/1800rpm/1800.0rpm1700.0Nm30.0deg.csv,39764,1799.9823576683411,Fw_then_Bw,21600,9082,2.2705,True,1,2.5148375414948193e-05,1799.9823576683411,-1799.9841460065606,0.8188000695859046,0.9633320053883381,6485.595102033631,6103.914423146941,2847.703586519083,2791.1765041950684,742.113562584791,654.3035782165133,149.690181179767,147.86343176178877,1.012354301507902,True,False,False,False,False
speed_1800rpm__torque_1700Nm__temperature_35degC,train,data/original_dataset/Test_35deg/1800rpm/1800.0rpm1700.0Nm35.0deg.csv,39766,1799.9870796726705,Fw_then_Bw,21600,9083,2.27075,True,1,2.5147110596992405e-05,1799.9870796726705,-1799.9979480033896,0.8040476629200839,1.0233466649272032,6627.797129719237,6651.166322020162,3061.8757586177708,3049.0500795841394,811.4777311678154,717.7155303109429,158.90018361592408,160.2009005477157,0.9918807139826021,True,False,False,False,False
speed_1800rpm__torque_1800Nm__temperature_25degC,train,data/original_dataset/Test_25deg/1800rpm/1800.0rpm1800.0Nm25.0deg.csv,39490,1800.0108003325295,Fw_then_Bw,21600,8809,2.2022500000000003,True,1,2.532286654849329e-05,1800.0108003325295,-1799.996747004722,0.7391723338514566,1.1952033285826928,6874.355770802776,6681.514174366749,3263.6694413418354,2795.8097094300692,867.8111242391877,580.2682922001624,174.684960682589,147.39272337719743,1.1851667889706274,True,False,False,False,False
speed_1800rpm__torque_1800Nm__temperature_30degC,train,data/original_dataset/Test_30deg/1800rpm/1800.0rpm1800.0Nm30.0deg.csv,39766,1799.984648663667,Fw_then_Bw,21600,9083,2.27075,True,1,2.5147110596992405e-05,1799.984648663667,-1800.0174499951147,0.7937106662818678,1.0271743230986203,6579.480976021523,6340.8311844495975,2944.0350147152453,2680.438821613825,787.2278837933662,632.4798601010114,154.48083558862888,140.18371749934886,1.1019884359205014,True,False,False,False,False
speed_1800rpm__torque_1800Nm__temperature_35degC,train,data/original_dataset/Test_35deg/1800rpm/1800.0rpm1800.0Nm35.0deg.csv,39762,1800.0132032320835,Fw_then_Bw,21600,9083,2.27075,True,1,2.514964036014285e-05,1800.0132032320835,-1799.9904043293404,0.8346140287660546,1.026643323712051,6736.885595212742,6735.117566616371,3009.9597126247313,3182.7448058131267,798.9826476291,782.2631547845045,156.39799491013946,168.16876273942395,0.9300062173405937,True,False,False,False,False
