W0419 01:47:48.766000 35844 site-packages\torch\utils\flop_counter.py:29] triton not found; flop counting will not work for triton kernels
[INFO] Loading exact-paper config | config\paper_reimplementation\rcim_ml_compensation\exact_model_bank\campaigns\2026-04-19_track1_mlp_residual_cellwise_closure_campaign\046_track1_mlp_amplitude_156_closure_attempt_04.yaml
[INFO] Exact-paper output directory | output/validation_checks/paper_reimplementation_rcim_exact_model_bank/2026-04-19-01-47-48__track1_mlp_amplitude_156_closure_attempt_04_campaign_run
[INFO] Building exact-paper dataset bundle
[INFO] Exact-paper dataset ready | rows=969 targets=1 families=1 scope_mode=amplitudes_only
[INFO] Exact-paper target scope | kinds=ampl harmonics=156 preview=fft_y_Fw_filtered_ampl_156
[INFO] Exact-paper search settings | mode=paper_reference_grid_search grid_search_n_jobs=24 grid_search_verbose=2 grid_search_pre_dispatch=24 families=MLP
[INFO] Fitting family bank | MLP
[INFO] Family fit started | family=MLP estimator=MLPRegressor targets=1 threadpool_limit=1 joblib_cpu_limit=system_default os_cpu_count=32
[INFO] Family target scope | family=MLP kinds=ampl harmonics=156 preview=fft_y_Fw_filtered_ampl_156
[INFO] Grid search configured | family=MLP candidates=16 parameter_count=5 n_jobs=24 verbose=2 pre_dispatch=24
W0419 01:47:55.459000 38164 site-packages\torch\utils\flop_counter.py:29] triton not found; flop counting will not work for triton kernels
W0419 01:47:55.485000 17780 site-packages\torch\utils\flop_counter.py:29] triton not found; flop counting will not work for triton kernels
W0419 01:47:55.725000 6868 site-packages\torch\utils\flop_counter.py:29] triton not found; flop counting will not work for triton kernels
W0419 01:47:55.738000 11760 site-packages\torch\utils\flop_counter.py:29] triton not found; flop counting will not work for triton kernels
W0419 01:47:55.766000 29716 site-packages\torch\utils\flop_counter.py:29] triton not found; flop counting will not work for triton kernels
W0419 01:47:55.769000 33976 site-packages\torch\utils\flop_counter.py:29] triton not found; flop counting will not work for triton kernels
W0419 01:47:55.808000 16476 site-packages\torch\utils\flop_counter.py:29] triton not found; flop counting will not work for triton kernels
W0419 01:47:55.857000 37432 site-packages\torch\utils\flop_counter.py:29] triton not found; flop counting will not work for triton kernels
W0419 01:47:55.970000 22992 site-packages\torch\utils\flop_counter.py:29] triton not found; flop counting will not work for triton kernels
W0419 01:47:56.188000 5908 site-packages\torch\utils\flop_counter.py:29] triton not found; flop counting will not work for triton kernels
W0419 01:47:56.190000 36852 site-packages\torch\utils\flop_counter.py:29] triton not found; flop counting will not work for triton kernels
W0419 01:47:56.202000 16204 site-packages\torch\utils\flop_counter.py:29] triton not found; flop counting will not work for triton kernels
W0419 01:47:56.239000 35200 site-packages\torch\utils\flop_counter.py:29] triton not found; flop counting will not work for triton kernels
W0419 01:47:56.290000 5948 site-packages\torch\utils\flop_counter.py:29] triton not found; flop counting will not work for triton kernels
W0419 01:47:56.306000 33008 site-packages\torch\utils\flop_counter.py:29] triton not found; flop counting will not work for triton kernels
W0419 01:47:56.342000 29148 site-packages\torch\utils\flop_counter.py:29] triton not found; flop counting will not work for triton kernels
W0419 01:47:56.346000 32968 site-packages\torch\utils\flop_counter.py:29] triton not found; flop counting will not work for triton kernels
W0419 01:47:56.353000 16840 site-packages\torch\utils\flop_counter.py:29] triton not found; flop counting will not work for triton kernels
W0419 01:47:56.360000 2596 site-packages\torch\utils\flop_counter.py:29] triton not found; flop counting will not work for triton kernels
W0419 01:47:56.366000 27736 site-packages\torch\utils\flop_counter.py:29] triton not found; flop counting will not work for triton kernels
W0419 01:47:56.383000 27900 site-packages\torch\utils\flop_counter.py:29] triton not found; flop counting will not work for triton kernels
W0419 01:47:56.385000 10752 site-packages\torch\utils\flop_counter.py:29] triton not found; flop counting will not work for triton kernels
W0419 01:47:56.385000 19024 site-packages\torch\utils\flop_counter.py:29] triton not found; flop counting will not work for triton kernels
W0419 01:47:56.400000 35148 site-packages\torch\utils\flop_counter.py:29] triton not found; flop counting will not work for triton kernels
C:\Users\Martina Salami\.conda\envs\pinns_lan_env\Lib\site-packages\sklearn\neural_network\_multilayer_perceptron.py:785: ConvergenceWarning: Stochastic Optimizer: Maximum iterations (200) reached and the optimization hasn't converged yet.
  warnings.warn(
C:\Users\Martina Salami\.conda\envs\pinns_lan_env\Lib\site-packages\sklearn\neural_network\_multilayer_perceptron.py:356: RuntimeWarning: overflow encountered in dot
  values += np.dot(s, s)
C:\Users\Martina Salami\.conda\envs\pinns_lan_env\Lib\site-packages\sklearn\neural_network\_multilayer_perceptron.py:356: RuntimeWarning: overflow encountered in dot
  values += np.dot(s, s)
C:\Users\Martina Salami\.conda\envs\pinns_lan_env\Lib\site-packages\sklearn\neural_network\_multilayer_perceptron.py:356: RuntimeWarning: overflow encountered in dot
  values += np.dot(s, s)
C:\Users\Martina Salami\.conda\envs\pinns_lan_env\Lib\site-packages\sklearn\neural_network\_multilayer_perceptron.py:356: RuntimeWarning: overflow encountered in dot
  values += np.dot(s, s)
C:\Users\Martina Salami\.conda\envs\pinns_lan_env\Lib\site-packages\sklearn\neural_network\_multilayer_perceptron.py:356: RuntimeWarning: overflow encountered in dot
  values += np.dot(s, s)
C:\Users\Martina Salami\.conda\envs\pinns_lan_env\Lib\site-packages\sklearn\neural_network\_multilayer_perceptron.py:356: RuntimeWarning: overflow encountered in dot
  values += np.dot(s, s)
C:\Users\Martina Salami\.conda\envs\pinns_lan_env\Lib\site-packages\sklearn\neural_network\_multilayer_perceptron.py:356: RuntimeWarning: overflow encountered in dot
  values += np.dot(s, s)
C:\Users\Martina Salami\.conda\envs\pinns_lan_env\Lib\site-packages\sklearn\neural_network\_multilayer_perceptron.py:356: RuntimeWarning: overflow encountered in dot
  values += np.dot(s, s)
C:\Users\Martina Salami\.conda\envs\pinns_lan_env\Lib\site-packages\sklearn\neural_network\_multilayer_perceptron.py:356: RuntimeWarning: overflow encountered in dot
  values += np.dot(s, s)
C:\Users\Martina Salami\.conda\envs\pinns_lan_env\Lib\site-packages\sklearn\neural_network\_multilayer_perceptron.py:356: RuntimeWarning: overflow encountered in dot
  values += np.dot(s, s)
C:\Users\Martina Salami\.conda\envs\pinns_lan_env\Lib\site-packages\sklearn\neural_network\_multilayer_perceptron.py:356: RuntimeWarning: overflow encountered in dot
  values += np.dot(s, s)
C:\Users\Martina Salami\.conda\envs\pinns_lan_env\Lib\site-packages\sklearn\neural_network\_multilayer_perceptron.py:356: RuntimeWarning: overflow encountered in dot
  values += np.dot(s, s)
C:\Users\Martina Salami\.conda\envs\pinns_lan_env\Lib\site-packages\sklearn\neural_network\_multilayer_perceptron.py:356: RuntimeWarning: overflow encountered in dot
  values += np.dot(s, s)
C:\Users\Martina Salami\.conda\envs\pinns_lan_env\Lib\site-packages\sklearn\neural_network\_multilayer_perceptron.py:356: RuntimeWarning: overflow encountered in dot
  values += np.dot(s, s)
C:\Users\Martina Salami\.conda\envs\pinns_lan_env\Lib\site-packages\sklearn\neural_network\_multilayer_perceptron.py:356: RuntimeWarning: overflow encountered in dot
  values += np.dot(s, s)
C:\Users\Martina Salami\.conda\envs\pinns_lan_env\Lib\site-packages\sklearn\neural_network\_multilayer_perceptron.py:356: RuntimeWarning: overflow encountered in dot
  values += np.dot(s, s)
C:\Users\Martina Salami\.conda\envs\pinns_lan_env\Lib\site-packages\sklearn\neural_network\_multilayer_perceptron.py:356: RuntimeWarning: overflow encountered in dot
  values += np.dot(s, s)
C:\Users\Martina Salami\.conda\envs\pinns_lan_env\Lib\site-packages\sklearn\neural_network\_multilayer_perceptron.py:356: RuntimeWarning: overflow encountered in dot
  values += np.dot(s, s)
C:\Users\Martina Salami\.conda\envs\pinns_lan_env\Lib\site-packages\sklearn\neural_network\_multilayer_perceptron.py:356: RuntimeWarning: overflow encountered in dot
  values += np.dot(s, s)
C:\Users\Martina Salami\.conda\envs\pinns_lan_env\Lib\site-packages\sklearn\neural_network\_multilayer_perceptron.py:356: RuntimeWarning: overflow encountered in dot
  values += np.dot(s, s)
C:\Users\Martina Salami\.conda\envs\pinns_lan_env\Lib\site-packages\sklearn\neural_network\_multilayer_perceptron.py:356: RuntimeWarning: overflow encountered in dot
  values += np.dot(s, s)
C:\Users\Martina Salami\.conda\envs\pinns_lan_env\Lib\site-packages\sklearn\neural_network\_multilayer_perceptron.py:356: RuntimeWarning: overflow encountered in dot
  values += np.dot(s, s)
C:\Users\Martina Salami\.conda\envs\pinns_lan_env\Lib\site-packages\sklearn\neural_network\_multilayer_perceptron.py:356: RuntimeWarning: overflow encountered in dot
  values += np.dot(s, s)
C:\Users\Martina Salami\.conda\envs\pinns_lan_env\Lib\site-packages\sklearn\neural_network\_multilayer_perceptron.py:356: RuntimeWarning: overflow encountered in dot
  values += np.dot(s, s)
C:\Users\Martina Salami\.conda\envs\pinns_lan_env\Lib\site-packages\sklearn\neural_network\_multilayer_perceptron.py:356: RuntimeWarning: overflow encountered in dot
  values += np.dot(s, s)
C:\Users\Martina Salami\.conda\envs\pinns_lan_env\Lib\site-packages\sklearn\neural_network\_multilayer_perceptron.py:356: RuntimeWarning: overflow encountered in dot
  values += np.dot(s, s)
C:\Users\Martina Salami\.conda\envs\pinns_lan_env\Lib\site-packages\sklearn\neural_network\_multilayer_perceptron.py:356: RuntimeWarning: overflow encountered in dot
  values += np.dot(s, s)
C:\Users\Martina Salami\.conda\envs\pinns_lan_env\Lib\site-packages\sklearn\neural_network\_multilayer_perceptron.py:356: RuntimeWarning: overflow encountered in dot
  values += np.dot(s, s)
C:\Users\Martina Salami\.conda\envs\pinns_lan_env\Lib\site-packages\sklearn\neural_network\_multilayer_perceptron.py:356: RuntimeWarning: overflow encountered in dot
  values += np.dot(s, s)
C:\Users\Martina Salami\.conda\envs\pinns_lan_env\Lib\site-packages\sklearn\neural_network\_multilayer_perceptron.py:356: RuntimeWarning: overflow encountered in dot
  values += np.dot(s, s)
C:\Users\Martina Salami\.conda\envs\pinns_lan_env\Lib\site-packages\sklearn\neural_network\_multilayer_perceptron.py:356: RuntimeWarning: overflow encountered in dot
  values += np.dot(s, s)
C:\Users\Martina Salami\.conda\envs\pinns_lan_env\Lib\site-packages\sklearn\neural_network\_multilayer_perceptron.py:356: RuntimeWarning: overflow encountered in dot
  values += np.dot(s, s)
C:\Users\Martina Salami\.conda\envs\pinns_lan_env\Lib\site-packages\sklearn\neural_network\_multilayer_perceptron.py:356: RuntimeWarning: overflow encountered in dot
  values += np.dot(s, s)
C:\Users\Martina Salami\.conda\envs\pinns_lan_env\Lib\site-packages\sklearn\neural_network\_multilayer_perceptron.py:356: RuntimeWarning: overflow encountered in dot
  values += np.dot(s, s)
C:\Users\Martina Salami\.conda\envs\pinns_lan_env\Lib\site-packages\sklearn\neural_network\_multilayer_perceptron.py:356: RuntimeWarning: overflow encountered in dot
  values += np.dot(s, s)
C:\Users\Martina Salami\.conda\envs\pinns_lan_env\Lib\site-packages\sklearn\neural_network\_multilayer_perceptron.py:356: RuntimeWarning: overflow encountered in dot
  values += np.dot(s, s)
C:\Users\Martina Salami\.conda\envs\pinns_lan_env\Lib\site-packages\sklearn\neural_network\_multilayer_perceptron.py:356: RuntimeWarning: overflow encountered in dot
  values += np.dot(s, s)
C:\Users\Martina Salami\.conda\envs\pinns_lan_env\Lib\site-packages\sklearn\neural_network\_multilayer_perceptron.py:356: RuntimeWarning: overflow encountered in dot
  values += np.dot(s, s)
C:\Users\Martina Salami\.conda\envs\pinns_lan_env\Lib\site-packages\sklearn\neural_network\_multilayer_perceptron.py:356: RuntimeWarning: overflow encountered in dot
  values += np.dot(s, s)
C:\Users\Martina Salami\.conda\envs\pinns_lan_env\Lib\site-packages\sklearn\neural_network\_multilayer_perceptron.py:356: RuntimeWarning: overflow encountered in dot
  values += np.dot(s, s)
C:\Users\Martina Salami\.conda\envs\pinns_lan_env\Lib\site-packages\sklearn\neural_network\_multilayer_perceptron.py:356: RuntimeWarning: overflow encountered in dot
  values += np.dot(s, s)
C:\Users\Martina Salami\.conda\envs\pinns_lan_env\Lib\site-packages\sklearn\neural_network\_multilayer_perceptron.py:356: RuntimeWarning: overflow encountered in dot
  values += np.dot(s, s)
C:\Users\Martina Salami\.conda\envs\pinns_lan_env\Lib\site-packages\sklearn\neural_network\_multilayer_perceptron.py:356: RuntimeWarning: overflow encountered in dot
  values += np.dot(s, s)
C:\Users\Martina Salami\.conda\envs\pinns_lan_env\Lib\site-packages\sklearn\neural_network\_multilayer_perceptron.py:356: RuntimeWarning: overflow encountered in dot
  values += np.dot(s, s)
C:\Users\Martina Salami\.conda\envs\pinns_lan_env\Lib\site-packages\sklearn\neural_network\_multilayer_perceptron.py:356: RuntimeWarning: overflow encountered in dot
  values += np.dot(s, s)
C:\Users\Martina Salami\.conda\envs\pinns_lan_env\Lib\site-packages\sklearn\neural_network\_multilayer_perceptron.py:356: RuntimeWarning: overflow encountered in dot
  values += np.dot(s, s)
C:\Users\Martina Salami\.conda\envs\pinns_lan_env\Lib\site-packages\sklearn\neural_network\_multilayer_perceptron.py:356: RuntimeWarning: overflow encountered in dot
  values += np.dot(s, s)
C:\Users\Martina Salami\.conda\envs\pinns_lan_env\Lib\site-packages\sklearn\neural_network\_multilayer_perceptron.py:356: RuntimeWarning: overflow encountered in dot
  values += np.dot(s, s)
C:\Users\Martina Salami\.conda\envs\pinns_lan_env\Lib\site-packages\sklearn\neural_network\_multilayer_perceptron.py:356: RuntimeWarning: overflow encountered in dot
  values += np.dot(s, s)
C:\Users\Martina Salami\.conda\envs\pinns_lan_env\Lib\site-packages\sklearn\neural_network\_multilayer_perceptron.py:356: RuntimeWarning: overflow encountered in dot
  values += np.dot(s, s)
C:\Users\Martina Salami\.conda\envs\pinns_lan_env\Lib\site-packages\sklearn\neural_network\_multilayer_perceptron.py:356: RuntimeWarning: overflow encountered in dot
  values += np.dot(s, s)
C:\Users\Martina Salami\.conda\envs\pinns_lan_env\Lib\site-packages\sklearn\neural_network\_multilayer_perceptron.py:356: RuntimeWarning: overflow encountered in dot
  values += np.dot(s, s)
C:\Users\Martina Salami\.conda\envs\pinns_lan_env\Lib\site-packages\sklearn\neural_network\_multilayer_perceptron.py:356: RuntimeWarning: overflow encountered in dot
  values += np.dot(s, s)
C:\Users\Martina Salami\.conda\envs\pinns_lan_env\Lib\site-packages\sklearn\neural_network\_multilayer_perceptron.py:785: ConvergenceWarning: Stochastic Optimizer: Maximum iterations (200) reached and the optimization hasn't converged yet.
  warnings.warn(
C:\Users\Martina Salami\.conda\envs\pinns_lan_env\Lib\site-packages\sklearn\neural_network\_multilayer_perceptron.py:356: RuntimeWarning: overflow encountered in dot
  values += np.dot(s, s)
C:\Users\Martina Salami\.conda\envs\pinns_lan_env\Lib\site-packages\sklearn\neural_network\_multilayer_perceptron.py:356: RuntimeWarning: overflow encountered in dot
  values += np.dot(s, s)
C:\Users\Martina Salami\.conda\envs\pinns_lan_env\Lib\site-packages\sklearn\neural_network\_multilayer_perceptron.py:356: RuntimeWarning: overflow encountered in dot
  values += np.dot(s, s)
C:\Users\Martina Salami\.conda\envs\pinns_lan_env\Lib\site-packages\sklearn\neural_network\_multilayer_perceptron.py:356: RuntimeWarning: overflow encountered in dot
  values += np.dot(s, s)
C:\Users\Martina Salami\.conda\envs\pinns_lan_env\Lib\site-packages\sklearn\neural_network\_multilayer_perceptron.py:356: RuntimeWarning: overflow encountered in dot
  values += np.dot(s, s)
C:\Users\Martina Salami\.conda\envs\pinns_lan_env\Lib\site-packages\sklearn\neural_network\_multilayer_perceptron.py:356: RuntimeWarning: overflow encountered in dot
  values += np.dot(s, s)
C:\Users\Martina Salami\.conda\envs\pinns_lan_env\Lib\site-packages\sklearn\neural_network\_multilayer_perceptron.py:356: RuntimeWarning: overflow encountered in dot
  values += np.dot(s, s)
C:\Users\Martina Salami\.conda\envs\pinns_lan_env\Lib\site-packages\sklearn\neural_network\_multilayer_perceptron.py:356: RuntimeWarning: overflow encountered in dot
  values += np.dot(s, s)
C:\Users\Martina Salami\.conda\envs\pinns_lan_env\Lib\site-packages\sklearn\neural_network\_multilayer_perceptron.py:356: RuntimeWarning: overflow encountered in dot
  values += np.dot(s, s)
C:\Users\Martina Salami\.conda\envs\pinns_lan_env\Lib\site-packages\sklearn\neural_network\_multilayer_perceptron.py:356: RuntimeWarning: overflow encountered in dot
  values += np.dot(s, s)
C:\Users\Martina Salami\.conda\envs\pinns_lan_env\Lib\site-packages\sklearn\neural_network\_multilayer_perceptron.py:356: RuntimeWarning: overflow encountered in dot
  values += np.dot(s, s)
C:\Users\Martina Salami\.conda\envs\pinns_lan_env\Lib\site-packages\sklearn\neural_network\_multilayer_perceptron.py:356: RuntimeWarning: overflow encountered in dot
  values += np.dot(s, s)
C:\Users\Martina Salami\.conda\envs\pinns_lan_env\Lib\site-packages\sklearn\neural_network\_multilayer_perceptron.py:356: RuntimeWarning: overflow encountered in dot
  values += np.dot(s, s)
C:\Users\Martina Salami\.conda\envs\pinns_lan_env\Lib\site-packages\sklearn\neural_network\_multilayer_perceptron.py:356: RuntimeWarning: overflow encountered in dot
  values += np.dot(s, s)
C:\Users\Martina Salami\.conda\envs\pinns_lan_env\Lib\site-packages\sklearn\neural_network\_multilayer_perceptron.py:356: RuntimeWarning: overflow encountered in dot
  values += np.dot(s, s)
C:\Users\Martina Salami\.conda\envs\pinns_lan_env\Lib\site-packages\sklearn\neural_network\_multilayer_perceptron.py:356: RuntimeWarning: overflow encountered in dot
  values += np.dot(s, s)
C:\Users\Martina Salami\.conda\envs\pinns_lan_env\Lib\site-packages\sklearn\neural_network\_multilayer_perceptron.py:356: RuntimeWarning: overflow encountered in dot
  values += np.dot(s, s)
C:\Users\Martina Salami\.conda\envs\pinns_lan_env\Lib\site-packages\sklearn\neural_network\_multilayer_perceptron.py:356: RuntimeWarning: overflow encountered in dot
  values += np.dot(s, s)
C:\Users\Martina Salami\.conda\envs\pinns_lan_env\Lib\site-packages\sklearn\neural_network\_multilayer_perceptron.py:356: RuntimeWarning: overflow encountered in dot
  values += np.dot(s, s)
C:\Users\Martina Salami\.conda\envs\pinns_lan_env\Lib\site-packages\sklearn\neural_network\_multilayer_perceptron.py:356: RuntimeWarning: overflow encountered in dot
  values += np.dot(s, s)
C:\Users\Martina Salami\.conda\envs\pinns_lan_env\Lib\site-packages\sklearn\neural_network\_multilayer_perceptron.py:356: RuntimeWarning: overflow encountered in dot
  values += np.dot(s, s)
C:\Users\Martina Salami\.conda\envs\pinns_lan_env\Lib\site-packages\sklearn\neural_network\_multilayer_perceptron.py:356: RuntimeWarning: overflow encountered in dot
  values += np.dot(s, s)
C:\Users\Martina Salami\.conda\envs\pinns_lan_env\Lib\site-packages\sklearn\neural_network\_multilayer_perceptron.py:356: RuntimeWarning: overflow encountered in dot
  values += np.dot(s, s)
C:\Users\Martina Salami\.conda\envs\pinns_lan_env\Lib\site-packages\sklearn\neural_network\_multilayer_perceptron.py:356: RuntimeWarning: overflow encountered in dot
  values += np.dot(s, s)
C:\Users\Martina Salami\.conda\envs\pinns_lan_env\Lib\site-packages\sklearn\neural_network\_multilayer_perceptron.py:356: RuntimeWarning: overflow encountered in dot
  values += np.dot(s, s)
C:\Users\Martina Salami\.conda\envs\pinns_lan_env\Lib\site-packages\sklearn\neural_network\_multilayer_perceptron.py:356: RuntimeWarning: overflow encountered in dot
  values += np.dot(s, s)
C:\Users\Martina Salami\.conda\envs\pinns_lan_env\Lib\site-packages\sklearn\neural_network\_multilayer_perceptron.py:356: RuntimeWarning: overflow encountered in dot
  values += np.dot(s, s)
C:\Users\Martina Salami\.conda\envs\pinns_lan_env\Lib\site-packages\sklearn\neural_network\_multilayer_perceptron.py:356: RuntimeWarning: overflow encountered in dot
  values += np.dot(s, s)
C:\Users\Martina Salami\.conda\envs\pinns_lan_env\Lib\site-packages\sklearn\neural_network\_multilayer_perceptron.py:356: RuntimeWarning: overflow encountered in dot
  values += np.dot(s, s)
C:\Users\Martina Salami\.conda\envs\pinns_lan_env\Lib\site-packages\sklearn\neural_network\_multilayer_perceptron.py:356: RuntimeWarning: overflow encountered in dot
  values += np.dot(s, s)
C:\Users\Martina Salami\.conda\envs\pinns_lan_env\Lib\site-packages\sklearn\neural_network\_multilayer_perceptron.py:356: RuntimeWarning: overflow encountered in dot
  values += np.dot(s, s)
C:\Users\Martina Salami\.conda\envs\pinns_lan_env\Lib\site-packages\sklearn\neural_network\_multilayer_perceptron.py:356: RuntimeWarning: overflow encountered in dot
  values += np.dot(s, s)
C:\Users\Martina Salami\.conda\envs\pinns_lan_env\Lib\site-packages\sklearn\neural_network\_multilayer_perceptron.py:356: RuntimeWarning: overflow encountered in dot
  values += np.dot(s, s)
C:\Users\Martina Salami\.conda\envs\pinns_lan_env\Lib\site-packages\sklearn\neural_network\_multilayer_perceptron.py:356: RuntimeWarning: overflow encountered in dot
  values += np.dot(s, s)
C:\Users\Martina Salami\.conda\envs\pinns_lan_env\Lib\site-packages\sklearn\neural_network\_multilayer_perceptron.py:356: RuntimeWarning: overflow encountered in dot
  values += np.dot(s, s)
C:\Users\Martina Salami\.conda\envs\pinns_lan_env\Lib\site-packages\sklearn\neural_network\_multilayer_perceptron.py:356: RuntimeWarning: overflow encountered in dot
  values += np.dot(s, s)
C:\Users\Martina Salami\.conda\envs\pinns_lan_env\Lib\site-packages\sklearn\neural_network\_multilayer_perceptron.py:356: RuntimeWarning: overflow encountered in dot
  values += np.dot(s, s)
C:\Users\Martina Salami\.conda\envs\pinns_lan_env\Lib\site-packages\sklearn\neural_network\_multilayer_perceptron.py:356: RuntimeWarning: overflow encountered in dot
  values += np.dot(s, s)
C:\Users\Martina Salami\.conda\envs\pinns_lan_env\Lib\site-packages\sklearn\neural_network\_multilayer_perceptron.py:356: RuntimeWarning: overflow encountered in dot
  values += np.dot(s, s)
C:\Users\Martina Salami\.conda\envs\pinns_lan_env\Lib\site-packages\sklearn\neural_network\_multilayer_perceptron.py:356: RuntimeWarning: overflow encountered in dot
  values += np.dot(s, s)
C:\Users\Martina Salami\.conda\envs\pinns_lan_env\Lib\site-packages\sklearn\neural_network\_multilayer_perceptron.py:356: RuntimeWarning: overflow encountered in dot
  values += np.dot(s, s)
C:\Users\Martina Salami\.conda\envs\pinns_lan_env\Lib\site-packages\sklearn\neural_network\_multilayer_perceptron.py:356: RuntimeWarning: overflow encountered in dot
  values += np.dot(s, s)
C:\Users\Martina Salami\.conda\envs\pinns_lan_env\Lib\site-packages\sklearn\neural_network\_multilayer_perceptron.py:356: RuntimeWarning: overflow encountered in dot
  values += np.dot(s, s)
C:\Users\Martina Salami\.conda\envs\pinns_lan_env\Lib\site-packages\sklearn\neural_network\_multilayer_perceptron.py:356: RuntimeWarning: overflow encountered in dot
  values += np.dot(s, s)
C:\Users\Martina Salami\.conda\envs\pinns_lan_env\Lib\site-packages\sklearn\neural_network\_multilayer_perceptron.py:356: RuntimeWarning: overflow encountered in dot
  values += np.dot(s, s)
C:\Users\Martina Salami\.conda\envs\pinns_lan_env\Lib\site-packages\sklearn\neural_network\_multilayer_perceptron.py:356: RuntimeWarning: overflow encountered in dot
  values += np.dot(s, s)
C:\Users\Martina Salami\.conda\envs\pinns_lan_env\Lib\site-packages\sklearn\neural_network\_multilayer_perceptron.py:356: RuntimeWarning: overflow encountered in dot
  values += np.dot(s, s)
C:\Users\Martina Salami\.conda\envs\pinns_lan_env\Lib\site-packages\sklearn\neural_network\_multilayer_perceptron.py:356: RuntimeWarning: overflow encountered in dot
  values += np.dot(s, s)
C:\Users\Martina Salami\.conda\envs\pinns_lan_env\Lib\site-packages\sklearn\neural_network\_multilayer_perceptron.py:356: RuntimeWarning: overflow encountered in dot
  values += np.dot(s, s)
C:\Users\Martina Salami\.conda\envs\pinns_lan_env\Lib\site-packages\sklearn\neural_network\_multilayer_perceptron.py:356: RuntimeWarning: overflow encountered in dot
  values += np.dot(s, s)
C:\Users\Martina Salami\.conda\envs\pinns_lan_env\Lib\site-packages\sklearn\neural_network\_multilayer_perceptron.py:356: RuntimeWarning: overflow encountered in dot
  values += np.dot(s, s)
C:\Users\Martina Salami\.conda\envs\pinns_lan_env\Lib\site-packages\sklearn\neural_network\_multilayer_perceptron.py:356: RuntimeWarning: overflow encountered in dot
  values += np.dot(s, s)
C:\Users\Martina Salami\.conda\envs\pinns_lan_env\Lib\site-packages\sklearn\neural_network\_multilayer_perceptron.py:356: RuntimeWarning: overflow encountered in dot
  values += np.dot(s, s)
C:\Users\Martina Salami\.conda\envs\pinns_lan_env\Lib\site-packages\sklearn\neural_network\_multilayer_perceptron.py:356: RuntimeWarning: overflow encountered in dot
  values += np.dot(s, s)
C:\Users\Martina Salami\.conda\envs\pinns_lan_env\Lib\site-packages\sklearn\neural_network\_multilayer_perceptron.py:356: RuntimeWarning: overflow encountered in dot
  values += np.dot(s, s)
C:\Users\Martina Salami\.conda\envs\pinns_lan_env\Lib\site-packages\sklearn\neural_network\_multilayer_perceptron.py:356: RuntimeWarning: overflow encountered in dot
  values += np.dot(s, s)
C:\Users\Martina Salami\.conda\envs\pinns_lan_env\Lib\site-packages\sklearn\neural_network\_multilayer_perceptron.py:356: RuntimeWarning: overflow encountered in dot
  values += np.dot(s, s)
C:\Users\Martina Salami\.conda\envs\pinns_lan_env\Lib\site-packages\sklearn\neural_network\_multilayer_perceptron.py:356: RuntimeWarning: overflow encountered in dot
  values += np.dot(s, s)
C:\Users\Martina Salami\.conda\envs\pinns_lan_env\Lib\site-packages\sklearn\neural_network\_multilayer_perceptron.py:356: RuntimeWarning: overflow encountered in dot
  values += np.dot(s, s)
C:\Users\Martina Salami\.conda\envs\pinns_lan_env\Lib\site-packages\sklearn\neural_network\_multilayer_perceptron.py:356: RuntimeWarning: overflow encountered in dot
  values += np.dot(s, s)
C:\Users\Martina Salami\.conda\envs\pinns_lan_env\Lib\site-packages\sklearn\neural_network\_multilayer_perceptron.py:356: RuntimeWarning: overflow encountered in dot
  values += np.dot(s, s)
C:\Users\Martina Salami\.conda\envs\pinns_lan_env\Lib\site-packages\sklearn\neural_network\_multilayer_perceptron.py:356: RuntimeWarning: overflow encountered in dot
  values += np.dot(s, s)
C:\Users\Martina Salami\.conda\envs\pinns_lan_env\Lib\site-packages\sklearn\neural_network\_multilayer_perceptron.py:356: RuntimeWarning: overflow encountered in dot
  values += np.dot(s, s)
C:\Users\Martina Salami\.conda\envs\pinns_lan_env\Lib\site-packages\sklearn\neural_network\_multilayer_perceptron.py:356: RuntimeWarning: overflow encountered in dot
  values += np.dot(s, s)
C:\Users\Martina Salami\.conda\envs\pinns_lan_env\Lib\site-packages\sklearn\neural_network\_multilayer_perceptron.py:356: RuntimeWarning: overflow encountered in dot
  values += np.dot(s, s)
C:\Users\Martina Salami\.conda\envs\pinns_lan_env\Lib\site-packages\sklearn\neural_network\_multilayer_perceptron.py:356: RuntimeWarning: overflow encountered in dot
  values += np.dot(s, s)
C:\Users\Martina Salami\.conda\envs\pinns_lan_env\Lib\site-packages\sklearn\neural_network\_multilayer_perceptron.py:356: RuntimeWarning: overflow encountered in dot
  values += np.dot(s, s)
C:\Users\Martina Salami\.conda\envs\pinns_lan_env\Lib\site-packages\sklearn\neural_network\_multilayer_perceptron.py:356: RuntimeWarning: overflow encountered in dot
  values += np.dot(s, s)
C:\Users\Martina Salami\.conda\envs\pinns_lan_env\Lib\site-packages\sklearn\neural_network\_multilayer_perceptron.py:356: RuntimeWarning: overflow encountered in dot
  values += np.dot(s, s)
C:\Users\Martina Salami\.conda\envs\pinns_lan_env\Lib\site-packages\sklearn\neural_network\_multilayer_perceptron.py:785: ConvergenceWarning: Stochastic Optimizer: Maximum iterations (200) reached and the optimization hasn't converged yet.
  warnings.warn(
C:\Users\Martina Salami\.conda\envs\pinns_lan_env\Lib\site-packages\sklearn\neural_network\_multilayer_perceptron.py:356: RuntimeWarning: overflow encountered in dot
  values += np.dot(s, s)
C:\Users\Martina Salami\.conda\envs\pinns_lan_env\Lib\site-packages\sklearn\neural_network\_multilayer_perceptron.py:356: RuntimeWarning: overflow encountered in dot
  values += np.dot(s, s)
C:\Users\Martina Salami\.conda\envs\pinns_lan_env\Lib\site-packages\sklearn\neural_network\_multilayer_perceptron.py:356: RuntimeWarning: overflow encountered in dot
  values += np.dot(s, s)
C:\Users\Martina Salami\.conda\envs\pinns_lan_env\Lib\site-packages\sklearn\neural_network\_multilayer_perceptron.py:356: RuntimeWarning: overflow encountered in dot
  values += np.dot(s, s)
C:\Users\Martina Salami\.conda\envs\pinns_lan_env\Lib\site-packages\sklearn\neural_network\_multilayer_perceptron.py:356: RuntimeWarning: overflow encountered in dot
  values += np.dot(s, s)
C:\Users\Martina Salami\.conda\envs\pinns_lan_env\Lib\site-packages\sklearn\neural_network\_multilayer_perceptron.py:356: RuntimeWarning: overflow encountered in dot
  values += np.dot(s, s)
C:\Users\Martina Salami\.conda\envs\pinns_lan_env\Lib\site-packages\sklearn\neural_network\_multilayer_perceptron.py:356: RuntimeWarning: overflow encountered in dot
  values += np.dot(s, s)
C:\Users\Martina Salami\.conda\envs\pinns_lan_env\Lib\site-packages\sklearn\neural_network\_multilayer_perceptron.py:356: RuntimeWarning: overflow encountered in dot
  values += np.dot(s, s)
C:\Users\Martina Salami\.conda\envs\pinns_lan_env\Lib\site-packages\sklearn\neural_network\_multilayer_perceptron.py:356: RuntimeWarning: overflow encountered in dot
  values += np.dot(s, s)
C:\Users\Martina Salami\.conda\envs\pinns_lan_env\Lib\site-packages\sklearn\neural_network\_multilayer_perceptron.py:356: RuntimeWarning: overflow encountered in dot
  values += np.dot(s, s)
C:\Users\Martina Salami\.conda\envs\pinns_lan_env\Lib\site-packages\sklearn\neural_network\_multilayer_perceptron.py:785: ConvergenceWarning: Stochastic Optimizer: Maximum iterations (200) reached and the optimization hasn't converged yet.
  warnings.warn(
C:\Users\Martina Salami\.conda\envs\pinns_lan_env\Lib\site-packages\sklearn\neural_network\_multilayer_perceptron.py:785: ConvergenceWarning: Stochastic Optimizer: Maximum iterations (200) reached and the optimization hasn't converged yet.
  warnings.warn(
C:\Users\Martina Salami\.conda\envs\pinns_lan_env\Lib\site-packages\sklearn\neural_network\_multilayer_perceptron.py:785: ConvergenceWarning: Stochastic Optimizer: Maximum iterations (200) reached and the optimization hasn't converged yet.
  warnings.warn(
C:\Users\Martina Salami\.conda\envs\pinns_lan_env\Lib\site-packages\sklearn\neural_network\_multilayer_perceptron.py:785: ConvergenceWarning: Stochastic Optimizer: Maximum iterations (200) reached and the optimization hasn't converged yet.
  warnings.warn(
C:\Users\Martina Salami\.conda\envs\pinns_lan_env\Lib\site-packages\sklearn\neural_network\_multilayer_perceptron.py:785: ConvergenceWarning: Stochastic Optimizer: Maximum iterations (200) reached and the optimization hasn't converged yet.
  warnings.warn(
C:\Users\Martina Salami\.conda\envs\pinns_lan_env\Lib\site-packages\sklearn\neural_network\_multilayer_perceptron.py:785: ConvergenceWarning: Stochastic Optimizer: Maximum iterations (200) reached and the optimization hasn't converged yet.
  warnings.warn(
C:\Users\Martina Salami\.conda\envs\pinns_lan_env\Lib\site-packages\sklearn\neural_network\_multilayer_perceptron.py:785: ConvergenceWarning: Stochastic Optimizer: Maximum iterations (200) reached and the optimization hasn't converged yet.
  warnings.warn(
C:\Users\Martina Salami\.conda\envs\pinns_lan_env\Lib\site-packages\sklearn\neural_network\_multilayer_perceptron.py:356: RuntimeWarning: overflow encountered in dot
  values += np.dot(s, s)
C:\Users\Martina Salami\.conda\envs\pinns_lan_env\Lib\site-packages\sklearn\utils\extmath.py:227: RuntimeWarning: overflow encountered in matmul
  ret = a @ b
C:\Users\Martina Salami\.conda\envs\pinns_lan_env\Lib\site-packages\sklearn\neural_network\_multilayer_perceptron.py:356: RuntimeWarning: overflow encountered in dot
  values += np.dot(s, s)
C:\Users\Martina Salami\.conda\envs\pinns_lan_env\Lib\site-packages\sklearn\utils\extmath.py:227: RuntimeWarning: overflow encountered in matmul
  ret = a @ b
C:\Users\Martina Salami\.conda\envs\pinns_lan_env\Lib\site-packages\sklearn\neural_network\_multilayer_perceptron.py:356: RuntimeWarning: overflow encountered in dot
  values += np.dot(s, s)
C:\Users\Martina Salami\.conda\envs\pinns_lan_env\Lib\site-packages\sklearn\utils\extmath.py:227: RuntimeWarning: overflow encountered in matmul
  ret = a @ b
C:\Users\Martina Salami\.conda\envs\pinns_lan_env\Lib\site-packages\sklearn\neural_network\_base.py:188: RuntimeWarning: overflow encountered in square
  0.5 * np.average((y_true - y_pred) ** 2, weights=sample_weight, axis=0).mean()
C:\Users\Martina Salami\.conda\envs\pinns_lan_env\Lib\site-packages\sklearn\neural_network\_multilayer_perceptron.py:356: RuntimeWarning: overflow encountered in dot
  values += np.dot(s, s)
C:\Users\Martina Salami\.conda\envs\pinns_lan_env\Lib\site-packages\sklearn\utils\extmath.py:227: RuntimeWarning: overflow encountered in matmul
  ret = a @ b
C:\Users\Martina Salami\.conda\envs\pinns_lan_env\Lib\site-packages\sklearn\neural_network\_multilayer_perceptron.py:356: RuntimeWarning: overflow encountered in dot
  values += np.dot(s, s)
C:\Users\Martina Salami\.conda\envs\pinns_lan_env\Lib\site-packages\sklearn\neural_network\_multilayer_perceptron.py:356: RuntimeWarning: overflow encountered in dot
  values += np.dot(s, s)
C:\Users\Martina Salami\.conda\envs\pinns_lan_env\Lib\site-packages\sklearn\utils\extmath.py:227: RuntimeWarning: overflow encountered in matmul
  ret = a @ b
C:\Users\Martina Salami\.conda\envs\pinns_lan_env\Lib\site-packages\sklearn\utils\extmath.py:227: RuntimeWarning: overflow encountered in matmul
  ret = a @ b
C:\Users\Martina Salami\.conda\envs\pinns_lan_env\Lib\site-packages\sklearn\neural_network\_multilayer_perceptron.py:356: RuntimeWarning: overflow encountered in dot
  values += np.dot(s, s)
C:\Users\Martina Salami\.conda\envs\pinns_lan_env\Lib\site-packages\sklearn\utils\extmath.py:227: RuntimeWarning: overflow encountered in matmul
  ret = a @ b
C:\Users\Martina Salami\.conda\envs\pinns_lan_env\Lib\site-packages\sklearn\utils\extmath.py:227: RuntimeWarning: invalid value encountered in matmul
  ret = a @ b
C:\Users\Martina Salami\.conda\envs\pinns_lan_env\Lib\site-packages\sklearn\neural_network\_multilayer_perceptron.py:356: RuntimeWarning: overflow encountered in dot
  values += np.dot(s, s)
C:\Users\Martina Salami\.conda\envs\pinns_lan_env\Lib\site-packages\sklearn\utils\extmath.py:227: RuntimeWarning: overflow encountered in matmul
  ret = a @ b
C:\Users\Martina Salami\.conda\envs\pinns_lan_env\Lib\site-packages\sklearn\neural_network\_multilayer_perceptron.py:356: RuntimeWarning: overflow encountered in dot
  values += np.dot(s, s)
C:\Users\Martina Salami\.conda\envs\pinns_lan_env\Lib\site-packages\sklearn\utils\extmath.py:227: RuntimeWarning: overflow encountered in matmul
  ret = a @ b
C:\Users\Martina Salami\.conda\envs\pinns_lan_env\Lib\site-packages\sklearn\neural_network\_multilayer_perceptron.py:356: RuntimeWarning: overflow encountered in dot
  values += np.dot(s, s)
C:\Users\Martina Salami\.conda\envs\pinns_lan_env\Lib\site-packages\sklearn\utils\extmath.py:227: RuntimeWarning: overflow encountered in matmul
  ret = a @ b
C:\Users\Martina Salami\.conda\envs\pinns_lan_env\Lib\site-packages\sklearn\neural_network\_multilayer_perceptron.py:356: RuntimeWarning: overflow encountered in dot
  values += np.dot(s, s)
C:\Users\Martina Salami\.conda\envs\pinns_lan_env\Lib\site-packages\sklearn\utils\extmath.py:227: RuntimeWarning: overflow encountered in matmul
  ret = a @ b
C:\Users\Martina Salami\.conda\envs\pinns_lan_env\Lib\site-packages\sklearn\neural_network\_multilayer_perceptron.py:356: RuntimeWarning: overflow encountered in dot
  values += np.dot(s, s)
C:\Users\Martina Salami\.conda\envs\pinns_lan_env\Lib\site-packages\sklearn\utils\extmath.py:227: RuntimeWarning: overflow encountered in matmul
  ret = a @ b
C:\Users\Martina Salami\.conda\envs\pinns_lan_env\Lib\site-packages\sklearn\neural_network\_multilayer_perceptron.py:356: RuntimeWarning: overflow encountered in dot
  values += np.dot(s, s)
C:\Users\Martina Salami\.conda\envs\pinns_lan_env\Lib\site-packages\sklearn\utils\extmath.py:227: RuntimeWarning: overflow encountered in matmul
  ret = a @ b
C:\Users\Martina Salami\.conda\envs\pinns_lan_env\Lib\site-packages\sklearn\neural_network\_base.py:188: RuntimeWarning: overflow encountered in square
  0.5 * np.average((y_true - y_pred) ** 2, weights=sample_weight, axis=0).mean()
C:\Users\Martina Salami\.conda\envs\pinns_lan_env\Lib\site-packages\sklearn\neural_network\_multilayer_perceptron.py:356: RuntimeWarning: overflow encountered in dot
  values += np.dot(s, s)
C:\Users\Martina Salami\.conda\envs\pinns_lan_env\Lib\site-packages\sklearn\neural_network\_multilayer_perceptron.py:356: RuntimeWarning: overflow encountered in dot
  values += np.dot(s, s)
C:\Users\Martina Salami\.conda\envs\pinns_lan_env\Lib\site-packages\sklearn\utils\extmath.py:227: RuntimeWarning: overflow encountered in matmul
  ret = a @ b
C:\Users\Martina Salami\.conda\envs\pinns_lan_env\Lib\site-packages\sklearn\utils\extmath.py:227: RuntimeWarning: overflow encountered in matmul
  ret = a @ b
C:\Users\Martina Salami\.conda\envs\pinns_lan_env\Lib\site-packages\sklearn\neural_network\_multilayer_perceptron.py:356: RuntimeWarning: overflow encountered in dot
  values += np.dot(s, s)
C:\Users\Martina Salami\.conda\envs\pinns_lan_env\Lib\site-packages\sklearn\utils\extmath.py:227: RuntimeWarning: overflow encountered in matmul
  ret = a @ b
C:\Users\Martina Salami\.conda\envs\pinns_lan_env\Lib\site-packages\sklearn\utils\extmath.py:227: RuntimeWarning: invalid value encountered in matmul
  ret = a @ b
C:\Users\Martina Salami\.conda\envs\pinns_lan_env\Lib\site-packages\sklearn\neural_network\_multilayer_perceptron.py:356: RuntimeWarning: overflow encountered in dot
  values += np.dot(s, s)
C:\Users\Martina Salami\.conda\envs\pinns_lan_env\Lib\site-packages\sklearn\utils\extmath.py:227: RuntimeWarning: overflow encountered in matmul
  ret = a @ b
C:\Users\Martina Salami\.conda\envs\pinns_lan_env\Lib\site-packages\sklearn\neural_network\_multilayer_perceptron.py:356: RuntimeWarning: overflow encountered in dot
  values += np.dot(s, s)
C:\Users\Martina Salami\.conda\envs\pinns_lan_env\Lib\site-packages\sklearn\utils\extmath.py:227: RuntimeWarning: overflow encountered in matmul
  ret = a @ b
C:\Users\Martina Salami\.conda\envs\pinns_lan_env\Lib\site-packages\sklearn\neural_network\_multilayer_perceptron.py:356: RuntimeWarning: overflow encountered in dot
  values += np.dot(s, s)
C:\Users\Martina Salami\.conda\envs\pinns_lan_env\Lib\site-packages\sklearn\utils\extmath.py:227: RuntimeWarning: overflow encountered in matmul
  ret = a @ b
C:\Users\Martina Salami\.conda\envs\pinns_lan_env\Lib\site-packages\sklearn\neural_network\_multilayer_perceptron.py:356: RuntimeWarning: overflow encountered in dot
  values += np.dot(s, s)
C:\Users\Martina Salami\.conda\envs\pinns_lan_env\Lib\site-packages\sklearn\utils\extmath.py:227: RuntimeWarning: overflow encountered in matmul
  ret = a @ b
C:\Users\Martina Salami\.conda\envs\pinns_lan_env\Lib\site-packages\sklearn\neural_network\_multilayer_perceptron.py:356: RuntimeWarning: overflow encountered in dot
  values += np.dot(s, s)
C:\Users\Martina Salami\.conda\envs\pinns_lan_env\Lib\site-packages\sklearn\utils\extmath.py:227: RuntimeWarning: overflow encountered in matmul
  ret = a @ b
C:\Users\Martina Salami\.conda\envs\pinns_lan_env\Lib\site-packages\sklearn\neural_network\_multilayer_perceptron.py:356: RuntimeWarning: overflow encountered in dot
  values += np.dot(s, s)
C:\Users\Martina Salami\.conda\envs\pinns_lan_env\Lib\site-packages\sklearn\utils\extmath.py:227: RuntimeWarning: overflow encountered in matmul
  ret = a @ b
C:\Users\Martina Salami\.conda\envs\pinns_lan_env\Lib\site-packages\sklearn\neural_network\_multilayer_perceptron.py:356: RuntimeWarning: overflow encountered in dot
  values += np.dot(s, s)
C:\Users\Martina Salami\.conda\envs\pinns_lan_env\Lib\site-packages\sklearn\utils\extmath.py:227: RuntimeWarning: overflow encountered in matmul
  ret = a @ b
C:\Users\Martina Salami\.conda\envs\pinns_lan_env\Lib\site-packages\sklearn\neural_network\_multilayer_perceptron.py:356: RuntimeWarning: overflow encountered in dot
  values += np.dot(s, s)
C:\Users\Martina Salami\.conda\envs\pinns_lan_env\Lib\site-packages\sklearn\utils\extmath.py:227: RuntimeWarning: overflow encountered in matmul
  ret = a @ b
C:\Users\Martina Salami\.conda\envs\pinns_lan_env\Lib\site-packages\sklearn\neural_network\_multilayer_perceptron.py:356: RuntimeWarning: overflow encountered in dot
  values += np.dot(s, s)
C:\Users\Martina Salami\.conda\envs\pinns_lan_env\Lib\site-packages\sklearn\utils\extmath.py:227: RuntimeWarning: overflow encountered in matmul
  ret = a @ b
C:\Users\Martina Salami\.conda\envs\pinns_lan_env\Lib\site-packages\sklearn\neural_network\_multilayer_perceptron.py:356: RuntimeWarning: overflow encountered in dot
  values += np.dot(s, s)
C:\Users\Martina Salami\.conda\envs\pinns_lan_env\Lib\site-packages\sklearn\utils\extmath.py:227: RuntimeWarning: overflow encountered in matmul
  ret = a @ b
C:\Users\Martina Salami\.conda\envs\pinns_lan_env\Lib\site-packages\sklearn\neural_network\_multilayer_perceptron.py:356: RuntimeWarning: overflow encountered in dot
  values += np.dot(s, s)
C:\Users\Martina Salami\.conda\envs\pinns_lan_env\Lib\site-packages\sklearn\utils\extmath.py:227: RuntimeWarning: overflow encountered in matmul
  ret = a @ b
C:\Users\Martina Salami\.conda\envs\pinns_lan_env\Lib\site-packages\sklearn\neural_network\_multilayer_perceptron.py:356: RuntimeWarning: overflow encountered in dot
  values += np.dot(s, s)
C:\Users\Martina Salami\.conda\envs\pinns_lan_env\Lib\site-packages\sklearn\utils\extmath.py:227: RuntimeWarning: overflow encountered in matmul
  ret = a @ b
C:\Users\Martina Salami\.conda\envs\pinns_lan_env\Lib\site-packages\sklearn\neural_network\_multilayer_perceptron.py:356: RuntimeWarning: overflow encountered in dot
  values += np.dot(s, s)
C:\Users\Martina Salami\.conda\envs\pinns_lan_env\Lib\site-packages\sklearn\utils\extmath.py:227: RuntimeWarning: overflow encountered in matmul
  ret = a @ b
C:\Users\Martina Salami\.conda\envs\pinns_lan_env\Lib\site-packages\sklearn\neural_network\_multilayer_perceptron.py:356: RuntimeWarning: overflow encountered in dot
  values += np.dot(s, s)
C:\Users\Martina Salami\.conda\envs\pinns_lan_env\Lib\site-packages\sklearn\utils\extmath.py:227: RuntimeWarning: overflow encountered in matmul
  ret = a @ b
C:\Users\Martina Salami\.conda\envs\pinns_lan_env\Lib\site-packages\sklearn\neural_network\_multilayer_perceptron.py:356: RuntimeWarning: overflow encountered in dot
  values += np.dot(s, s)
C:\Users\Martina Salami\.conda\envs\pinns_lan_env\Lib\site-packages\sklearn\utils\extmath.py:227: RuntimeWarning: overflow encountered in matmul
  ret = a @ b
C:\Users\Martina Salami\.conda\envs\pinns_lan_env\Lib\site-packages\sklearn\neural_network\_multilayer_perceptron.py:356: RuntimeWarning: overflow encountered in dot
  values += np.dot(s, s)
C:\Users\Martina Salami\.conda\envs\pinns_lan_env\Lib\site-packages\sklearn\utils\extmath.py:227: RuntimeWarning: overflow encountered in matmul
  ret = a @ b
C:\Users\Martina Salami\.conda\envs\pinns_lan_env\Lib\site-packages\sklearn\neural_network\_multilayer_perceptron.py:356: RuntimeWarning: overflow encountered in dot
  values += np.dot(s, s)
C:\Users\Martina Salami\.conda\envs\pinns_lan_env\Lib\site-packages\sklearn\utils\extmath.py:227: RuntimeWarning: overflow encountered in matmul
  ret = a @ b
C:\Users\Martina Salami\.conda\envs\pinns_lan_env\Lib\site-packages\sklearn\neural_network\_multilayer_perceptron.py:356: RuntimeWarning: overflow encountered in dot
  values += np.dot(s, s)
C:\Users\Martina Salami\.conda\envs\pinns_lan_env\Lib\site-packages\sklearn\utils\extmath.py:227: RuntimeWarning: overflow encountered in matmul
  ret = a @ b
C:\Users\Martina Salami\.conda\envs\pinns_lan_env\Lib\site-packages\sklearn\neural_network\_multilayer_perceptron.py:356: RuntimeWarning: overflow encountered in dot
  values += np.dot(s, s)
C:\Users\Martina Salami\.conda\envs\pinns_lan_env\Lib\site-packages\sklearn\utils\extmath.py:227: RuntimeWarning: overflow encountered in matmul
  ret = a @ b
C:\Users\Martina Salami\.conda\envs\pinns_lan_env\Lib\site-packages\sklearn\neural_network\_multilayer_perceptron.py:785: ConvergenceWarning: Stochastic Optimizer: Maximum iterations (200) reached and the optimization hasn't converged yet.
  warnings.warn(
C:\Users\Martina Salami\.conda\envs\pinns_lan_env\Lib\site-packages\sklearn\neural_network\_multilayer_perceptron.py:356: RuntimeWarning: overflow encountered in dot
  values += np.dot(s, s)
C:\Users\Martina Salami\.conda\envs\pinns_lan_env\Lib\site-packages\sklearn\neural_network\_multilayer_perceptron.py:356: RuntimeWarning: overflow encountered in dot
  values += np.dot(s, s)
C:\Users\Martina Salami\.conda\envs\pinns_lan_env\Lib\site-packages\sklearn\utils\extmath.py:227: RuntimeWarning: overflow encountered in matmul
  ret = a @ b
C:\Users\Martina Salami\.conda\envs\pinns_lan_env\Lib\site-packages\sklearn\utils\extmath.py:227: RuntimeWarning: overflow encountered in matmul
  ret = a @ b
C:\Users\Martina Salami\.conda\envs\pinns_lan_env\Lib\site-packages\sklearn\neural_network\_multilayer_perceptron.py:356: RuntimeWarning: overflow encountered in dot
  values += np.dot(s, s)
C:\Users\Martina Salami\.conda\envs\pinns_lan_env\Lib\site-packages\sklearn\utils\extmath.py:227: RuntimeWarning: overflow encountered in matmul
  ret = a @ b
C:\Users\Martina Salami\.conda\envs\pinns_lan_env\Lib\site-packages\sklearn\neural_network\_multilayer_perceptron.py:356: RuntimeWarning: overflow encountered in dot
  values += np.dot(s, s)
C:\Users\Martina Salami\.conda\envs\pinns_lan_env\Lib\site-packages\sklearn\utils\extmath.py:227: RuntimeWarning: overflow encountered in matmul
  ret = a @ b
C:\Users\Martina Salami\.conda\envs\pinns_lan_env\Lib\site-packages\sklearn\neural_network\_multilayer_perceptron.py:356: RuntimeWarning: overflow encountered in dot
  values += np.dot(s, s)
C:\Users\Martina Salami\.conda\envs\pinns_lan_env\Lib\site-packages\sklearn\utils\extmath.py:227: RuntimeWarning: overflow encountered in matmul
  ret = a @ b
C:\Users\Martina Salami\.conda\envs\pinns_lan_env\Lib\site-packages\sklearn\neural_network\_multilayer_perceptron.py:356: RuntimeWarning: overflow encountered in dot
  values += np.dot(s, s)
C:\Users\Martina Salami\.conda\envs\pinns_lan_env\Lib\site-packages\sklearn\utils\extmath.py:227: RuntimeWarning: overflow encountered in matmul
  ret = a @ b
C:\Users\Martina Salami\.conda\envs\pinns_lan_env\Lib\site-packages\sklearn\neural_network\_multilayer_perceptron.py:356: RuntimeWarning: overflow encountered in dot
  values += np.dot(s, s)
C:\Users\Martina Salami\.conda\envs\pinns_lan_env\Lib\site-packages\sklearn\utils\extmath.py:227: RuntimeWarning: overflow encountered in matmul
  ret = a @ b
C:\Users\Martina Salami\.conda\envs\pinns_lan_env\Lib\site-packages\sklearn\neural_network\_multilayer_perceptron.py:356: RuntimeWarning: overflow encountered in dot
  values += np.dot(s, s)
C:\Users\Martina Salami\.conda\envs\pinns_lan_env\Lib\site-packages\sklearn\utils\extmath.py:227: RuntimeWarning: overflow encountered in matmul
  ret = a @ b
C:\Users\Martina Salami\.conda\envs\pinns_lan_env\Lib\site-packages\sklearn\neural_network\_multilayer_perceptron.py:356: RuntimeWarning: overflow encountered in dot
  values += np.dot(s, s)
C:\Users\Martina Salami\.conda\envs\pinns_lan_env\Lib\site-packages\sklearn\utils\extmath.py:227: RuntimeWarning: overflow encountered in matmul
  ret = a @ b
C:\Users\Martina Salami\.conda\envs\pinns_lan_env\Lib\site-packages\sklearn\neural_network\_multilayer_perceptron.py:356: RuntimeWarning: overflow encountered in dot
  values += np.dot(s, s)
C:\Users\Martina Salami\.conda\envs\pinns_lan_env\Lib\site-packages\sklearn\utils\extmath.py:227: RuntimeWarning: overflow encountered in matmul
  ret = a @ b
C:\Users\Martina Salami\.conda\envs\pinns_lan_env\Lib\site-packages\sklearn\neural_network\_multilayer_perceptron.py:356: RuntimeWarning: overflow encountered in dot
  values += np.dot(s, s)
C:\Users\Martina Salami\.conda\envs\pinns_lan_env\Lib\site-packages\sklearn\utils\extmath.py:227: RuntimeWarning: overflow encountered in matmul
  ret = a @ b
C:\Users\Martina Salami\.conda\envs\pinns_lan_env\Lib\site-packages\sklearn\neural_network\_multilayer_perceptron.py:356: RuntimeWarning: overflow encountered in dot
  values += np.dot(s, s)
C:\Users\Martina Salami\.conda\envs\pinns_lan_env\Lib\site-packages\sklearn\utils\extmath.py:227: RuntimeWarning: overflow encountered in matmul
  ret = a @ b
C:\Users\Martina Salami\.conda\envs\pinns_lan_env\Lib\site-packages\sklearn\neural_network\_multilayer_perceptron.py:356: RuntimeWarning: overflow encountered in dot
  values += np.dot(s, s)
C:\Users\Martina Salami\.conda\envs\pinns_lan_env\Lib\site-packages\sklearn\utils\extmath.py:227: RuntimeWarning: overflow encountered in matmul
  ret = a @ b
C:\Users\Martina Salami\.conda\envs\pinns_lan_env\Lib\site-packages\sklearn\neural_network\_multilayer_perceptron.py:356: RuntimeWarning: overflow encountered in dot
  values += np.dot(s, s)
C:\Users\Martina Salami\.conda\envs\pinns_lan_env\Lib\site-packages\sklearn\utils\extmath.py:227: RuntimeWarning: overflow encountered in matmul
  ret = a @ b
C:\Users\Martina Salami\.conda\envs\pinns_lan_env\Lib\site-packages\sklearn\neural_network\_multilayer_perceptron.py:356: RuntimeWarning: overflow encountered in dot
  values += np.dot(s, s)
C:\Users\Martina Salami\.conda\envs\pinns_lan_env\Lib\site-packages\sklearn\utils\extmath.py:227: RuntimeWarning: overflow encountered in matmul
  ret = a @ b
C:\Users\Martina Salami\.conda\envs\pinns_lan_env\Lib\site-packages\sklearn\neural_network\_multilayer_perceptron.py:356: RuntimeWarning: overflow encountered in dot
  values += np.dot(s, s)
C:\Users\Martina Salami\.conda\envs\pinns_lan_env\Lib\site-packages\sklearn\utils\extmath.py:227: RuntimeWarning: overflow encountered in matmul
  ret = a @ b
C:\Users\Martina Salami\.conda\envs\pinns_lan_env\Lib\site-packages\sklearn\neural_network\_multilayer_perceptron.py:356: RuntimeWarning: overflow encountered in dot
  values += np.dot(s, s)
C:\Users\Martina Salami\.conda\envs\pinns_lan_env\Lib\site-packages\sklearn\utils\extmath.py:227: RuntimeWarning: overflow encountered in matmul
  ret = a @ b
C:\Users\Martina Salami\.conda\envs\pinns_lan_env\Lib\site-packages\sklearn\neural_network\_multilayer_perceptron.py:356: RuntimeWarning: overflow encountered in dot
  values += np.dot(s, s)
C:\Users\Martina Salami\.conda\envs\pinns_lan_env\Lib\site-packages\sklearn\utils\extmath.py:227: RuntimeWarning: overflow encountered in matmul
  ret = a @ b
C:\Users\Martina Salami\.conda\envs\pinns_lan_env\Lib\site-packages\sklearn\neural_network\_multilayer_perceptron.py:356: RuntimeWarning: overflow encountered in dot
  values += np.dot(s, s)
C:\Users\Martina Salami\.conda\envs\pinns_lan_env\Lib\site-packages\sklearn\utils\extmath.py:227: RuntimeWarning: overflow encountered in matmul
  ret = a @ b
C:\Users\Martina Salami\.conda\envs\pinns_lan_env\Lib\site-packages\sklearn\neural_network\_multilayer_perceptron.py:356: RuntimeWarning: overflow encountered in dot
  values += np.dot(s, s)
C:\Users\Martina Salami\.conda\envs\pinns_lan_env\Lib\site-packages\sklearn\utils\extmath.py:227: RuntimeWarning: overflow encountered in matmul
  ret = a @ b
C:\Users\Martina Salami\.conda\envs\pinns_lan_env\Lib\site-packages\sklearn\neural_network\_multilayer_perceptron.py:356: RuntimeWarning: overflow encountered in dot
  values += np.dot(s, s)
C:\Users\Martina Salami\.conda\envs\pinns_lan_env\Lib\site-packages\sklearn\utils\extmath.py:227: RuntimeWarning: overflow encountered in matmul
  ret = a @ b
C:\Users\Martina Salami\.conda\envs\pinns_lan_env\Lib\site-packages\sklearn\neural_network\_multilayer_perceptron.py:356: RuntimeWarning: overflow encountered in dot
  values += np.dot(s, s)
C:\Users\Martina Salami\.conda\envs\pinns_lan_env\Lib\site-packages\sklearn\utils\extmath.py:227: RuntimeWarning: overflow encountered in matmul
  ret = a @ b
C:\Users\Martina Salami\.conda\envs\pinns_lan_env\Lib\site-packages\sklearn\neural_network\_multilayer_perceptron.py:356: RuntimeWarning: overflow encountered in dot
  values += np.dot(s, s)
C:\Users\Martina Salami\.conda\envs\pinns_lan_env\Lib\site-packages\sklearn\neural_network\_multilayer_perceptron.py:356: RuntimeWarning: overflow encountered in dot
  values += np.dot(s, s)
C:\Users\Martina Salami\.conda\envs\pinns_lan_env\Lib\site-packages\sklearn\utils\extmath.py:227: RuntimeWarning: overflow encountered in matmul
  ret = a @ b
C:\Users\Martina Salami\.conda\envs\pinns_lan_env\Lib\site-packages\sklearn\utils\extmath.py:227: RuntimeWarning: overflow encountered in matmul
  ret = a @ b
C:\Users\Martina Salami\.conda\envs\pinns_lan_env\Lib\site-packages\sklearn\neural_network\_multilayer_perceptron.py:356: RuntimeWarning: overflow encountered in dot
  values += np.dot(s, s)
C:\Users\Martina Salami\.conda\envs\pinns_lan_env\Lib\site-packages\sklearn\utils\extmath.py:227: RuntimeWarning: overflow encountered in matmul
  ret = a @ b
C:\Users\Martina Salami\.conda\envs\pinns_lan_env\Lib\site-packages\sklearn\neural_network\_multilayer_perceptron.py:356: RuntimeWarning: overflow encountered in dot
  values += np.dot(s, s)
C:\Users\Martina Salami\.conda\envs\pinns_lan_env\Lib\site-packages\sklearn\utils\extmath.py:227: RuntimeWarning: overflow encountered in matmul
  ret = a @ b
C:\Users\Martina Salami\.conda\envs\pinns_lan_env\Lib\site-packages\sklearn\neural_network\_multilayer_perceptron.py:356: RuntimeWarning: overflow encountered in dot
  values += np.dot(s, s)
C:\Users\Martina Salami\.conda\envs\pinns_lan_env\Lib\site-packages\sklearn\utils\extmath.py:227: RuntimeWarning: overflow encountered in matmul
  ret = a @ b
C:\Users\Martina Salami\.conda\envs\pinns_lan_env\Lib\site-packages\sklearn\neural_network\_multilayer_perceptron.py:356: RuntimeWarning: overflow encountered in dot
  values += np.dot(s, s)
C:\Users\Martina Salami\.conda\envs\pinns_lan_env\Lib\site-packages\sklearn\neural_network\_multilayer_perceptron.py:356: RuntimeWarning: overflow encountered in dot
  values += np.dot(s, s)
C:\Users\Martina Salami\.conda\envs\pinns_lan_env\Lib\site-packages\sklearn\utils\extmath.py:227: RuntimeWarning: overflow encountered in matmul
  ret = a @ b
C:\Users\Martina Salami\.conda\envs\pinns_lan_env\Lib\site-packages\sklearn\utils\extmath.py:227: RuntimeWarning: overflow encountered in matmul
  ret = a @ b
C:\Users\Martina Salami\.conda\envs\pinns_lan_env\Lib\site-packages\sklearn\neural_network\_multilayer_perceptron.py:356: RuntimeWarning: overflow encountered in dot
  values += np.dot(s, s)
C:\Users\Martina Salami\.conda\envs\pinns_lan_env\Lib\site-packages\sklearn\utils\extmath.py:227: RuntimeWarning: overflow encountered in matmul
  ret = a @ b
C:\Users\Martina Salami\.conda\envs\pinns_lan_env\Lib\site-packages\sklearn\neural_network\_multilayer_perceptron.py:356: RuntimeWarning: overflow encountered in dot
  values += np.dot(s, s)
C:\Users\Martina Salami\.conda\envs\pinns_lan_env\Lib\site-packages\sklearn\utils\extmath.py:227: RuntimeWarning: overflow encountered in matmul
  ret = a @ b
C:\Users\Martina Salami\.conda\envs\pinns_lan_env\Lib\site-packages\sklearn\neural_network\_multilayer_perceptron.py:356: RuntimeWarning: overflow encountered in dot
  values += np.dot(s, s)
C:\Users\Martina Salami\.conda\envs\pinns_lan_env\Lib\site-packages\sklearn\utils\extmath.py:227: RuntimeWarning: overflow encountered in matmul
  ret = a @ b
C:\Users\Martina Salami\.conda\envs\pinns_lan_env\Lib\site-packages\sklearn\neural_network\_multilayer_perceptron.py:356: RuntimeWarning: overflow encountered in dot
  values += np.dot(s, s)
C:\Users\Martina Salami\.conda\envs\pinns_lan_env\Lib\site-packages\sklearn\utils\extmath.py:227: RuntimeWarning: overflow encountered in matmul
  ret = a @ b
C:\Users\Martina Salami\.conda\envs\pinns_lan_env\Lib\site-packages\sklearn\neural_network\_multilayer_perceptron.py:356: RuntimeWarning: overflow encountered in dot
  values += np.dot(s, s)
C:\Users\Martina Salami\.conda\envs\pinns_lan_env\Lib\site-packages\sklearn\utils\extmath.py:227: RuntimeWarning: overflow encountered in matmul
  ret = a @ b
C:\Users\Martina Salami\.conda\envs\pinns_lan_env\Lib\site-packages\sklearn\neural_network\_multilayer_perceptron.py:356: RuntimeWarning: overflow encountered in dot
  values += np.dot(s, s)
C:\Users\Martina Salami\.conda\envs\pinns_lan_env\Lib\site-packages\sklearn\utils\extmath.py:227: RuntimeWarning: overflow encountered in matmul
  ret = a @ b
C:\Users\Martina Salami\.conda\envs\pinns_lan_env\Lib\site-packages\sklearn\neural_network\_multilayer_perceptron.py:356: RuntimeWarning: overflow encountered in dot
  values += np.dot(s, s)
C:\Users\Martina Salami\.conda\envs\pinns_lan_env\Lib\site-packages\sklearn\utils\extmath.py:227: RuntimeWarning: overflow encountered in matmul
  ret = a @ b
C:\Users\Martina Salami\.conda\envs\pinns_lan_env\Lib\site-packages\sklearn\neural_network\_multilayer_perceptron.py:356: RuntimeWarning: overflow encountered in dot
  values += np.dot(s, s)
C:\Users\Martina Salami\.conda\envs\pinns_lan_env\Lib\site-packages\sklearn\neural_network\_multilayer_perceptron.py:356: RuntimeWarning: overflow encountered in dot
  values += np.dot(s, s)
C:\Users\Martina Salami\.conda\envs\pinns_lan_env\Lib\site-packages\sklearn\utils\extmath.py:227: RuntimeWarning: overflow encountered in matmul
  ret = a @ b
C:\Users\Martina Salami\.conda\envs\pinns_lan_env\Lib\site-packages\sklearn\utils\extmath.py:227: RuntimeWarning: overflow encountered in matmul
  ret = a @ b
C:\Users\Martina Salami\.conda\envs\pinns_lan_env\Lib\site-packages\sklearn\neural_network\_multilayer_perceptron.py:356: RuntimeWarning: overflow encountered in dot
  values += np.dot(s, s)
C:\Users\Martina Salami\.conda\envs\pinns_lan_env\Lib\site-packages\sklearn\utils\extmath.py:227: RuntimeWarning: overflow encountered in matmul
  ret = a @ b
C:\Users\Martina Salami\.conda\envs\pinns_lan_env\Lib\site-packages\sklearn\neural_network\_multilayer_perceptron.py:356: RuntimeWarning: overflow encountered in dot
  values += np.dot(s, s)
C:\Users\Martina Salami\.conda\envs\pinns_lan_env\Lib\site-packages\sklearn\utils\extmath.py:227: RuntimeWarning: overflow encountered in matmul
  ret = a @ b
C:\Users\Martina Salami\.conda\envs\pinns_lan_env\Lib\site-packages\sklearn\neural_network\_multilayer_perceptron.py:356: RuntimeWarning: overflow encountered in dot
  values += np.dot(s, s)
C:\Users\Martina Salami\.conda\envs\pinns_lan_env\Lib\site-packages\sklearn\utils\extmath.py:227: RuntimeWarning: overflow encountered in matmul
  ret = a @ b
C:\Users\Martina Salami\.conda\envs\pinns_lan_env\Lib\site-packages\sklearn\neural_network\_multilayer_perceptron.py:356: RuntimeWarning: overflow encountered in dot
  values += np.dot(s, s)
C:\Users\Martina Salami\.conda\envs\pinns_lan_env\Lib\site-packages\sklearn\utils\extmath.py:227: RuntimeWarning: overflow encountered in matmul
  ret = a @ b
C:\Users\Martina Salami\.conda\envs\pinns_lan_env\Lib\site-packages\sklearn\neural_network\_multilayer_perceptron.py:356: RuntimeWarning: overflow encountered in dot
  values += np.dot(s, s)
C:\Users\Martina Salami\.conda\envs\pinns_lan_env\Lib\site-packages\sklearn\utils\extmath.py:227: RuntimeWarning: overflow encountered in matmul
  ret = a @ b
C:\Users\Martina Salami\.conda\envs\pinns_lan_env\Lib\site-packages\sklearn\neural_network\_multilayer_perceptron.py:356: RuntimeWarning: overflow encountered in dot
  values += np.dot(s, s)
C:\Users\Martina Salami\.conda\envs\pinns_lan_env\Lib\site-packages\sklearn\utils\extmath.py:227: RuntimeWarning: overflow encountered in matmul
  ret = a @ b
C:\Users\Martina Salami\.conda\envs\pinns_lan_env\Lib\site-packages\sklearn\neural_network\_multilayer_perceptron.py:356: RuntimeWarning: overflow encountered in dot
  values += np.dot(s, s)
C:\Users\Martina Salami\.conda\envs\pinns_lan_env\Lib\site-packages\sklearn\neural_network\_multilayer_perceptron.py:356: RuntimeWarning: overflow encountered in dot
  values += np.dot(s, s)
C:\Users\Martina Salami\.conda\envs\pinns_lan_env\Lib\site-packages\sklearn\neural_network\_multilayer_perceptron.py:356: RuntimeWarning: overflow encountered in dot
  values += np.dot(s, s)
C:\Users\Martina Salami\.conda\envs\pinns_lan_env\Lib\site-packages\sklearn\utils\extmath.py:227: RuntimeWarning: overflow encountered in matmul
  ret = a @ b
C:\Users\Martina Salami\.conda\envs\pinns_lan_env\Lib\site-packages\sklearn\utils\extmath.py:227: RuntimeWarning: overflow encountered in matmul
  ret = a @ b
C:\Users\Martina Salami\.conda\envs\pinns_lan_env\Lib\site-packages\sklearn\utils\extmath.py:227: RuntimeWarning: overflow encountered in matmul
  ret = a @ b
C:\Users\Martina Salami\.conda\envs\pinns_lan_env\Lib\site-packages\sklearn\neural_network\_multilayer_perceptron.py:356: RuntimeWarning: overflow encountered in dot
  values += np.dot(s, s)
C:\Users\Martina Salami\.conda\envs\pinns_lan_env\Lib\site-packages\sklearn\utils\extmath.py:227: RuntimeWarning: overflow encountered in matmul
  ret = a @ b
C:\Users\Martina Salami\.conda\envs\pinns_lan_env\Lib\site-packages\sklearn\neural_network\_multilayer_perceptron.py:356: RuntimeWarning: overflow encountered in dot
  values += np.dot(s, s)
C:\Users\Martina Salami\.conda\envs\pinns_lan_env\Lib\site-packages\sklearn\utils\extmath.py:227: RuntimeWarning: overflow encountered in matmul
  ret = a @ b
C:\Users\Martina Salami\.conda\envs\pinns_lan_env\Lib\site-packages\sklearn\neural_network\_multilayer_perceptron.py:356: RuntimeWarning: overflow encountered in dot
  values += np.dot(s, s)
C:\Users\Martina Salami\.conda\envs\pinns_lan_env\Lib\site-packages\sklearn\utils\extmath.py:227: RuntimeWarning: overflow encountered in matmul
  ret = a @ b
C:\Users\Martina Salami\.conda\envs\pinns_lan_env\Lib\site-packages\sklearn\neural_network\_multilayer_perceptron.py:356: RuntimeWarning: overflow encountered in dot
  values += np.dot(s, s)
C:\Users\Martina Salami\.conda\envs\pinns_lan_env\Lib\site-packages\sklearn\utils\extmath.py:227: RuntimeWarning: overflow encountered in matmul
  ret = a @ b
C:\Users\Martina Salami\.conda\envs\pinns_lan_env\Lib\site-packages\sklearn\neural_network\_multilayer_perceptron.py:356: RuntimeWarning: overflow encountered in dot
  values += np.dot(s, s)
C:\Users\Martina Salami\.conda\envs\pinns_lan_env\Lib\site-packages\sklearn\utils\extmath.py:227: RuntimeWarning: overflow encountered in matmul
  ret = a @ b
C:\Users\Martina Salami\.conda\envs\pinns_lan_env\Lib\site-packages\sklearn\neural_network\_multilayer_perceptron.py:356: RuntimeWarning: overflow encountered in dot
  values += np.dot(s, s)
C:\Users\Martina Salami\.conda\envs\pinns_lan_env\Lib\site-packages\sklearn\utils\extmath.py:227: RuntimeWarning: overflow encountered in matmul
  ret = a @ b
C:\Users\Martina Salami\.conda\envs\pinns_lan_env\Lib\site-packages\sklearn\neural_network\_multilayer_perceptron.py:356: RuntimeWarning: overflow encountered in dot
  values += np.dot(s, s)
C:\Users\Martina Salami\.conda\envs\pinns_lan_env\Lib\site-packages\sklearn\utils\extmath.py:227: RuntimeWarning: overflow encountered in matmul
  ret = a @ b
C:\Users\Martina Salami\.conda\envs\pinns_lan_env\Lib\site-packages\sklearn\neural_network\_multilayer_perceptron.py:356: RuntimeWarning: overflow encountered in dot
  values += np.dot(s, s)
C:\Users\Martina Salami\.conda\envs\pinns_lan_env\Lib\site-packages\sklearn\utils\extmath.py:227: RuntimeWarning: overflow encountered in matmul
  ret = a @ b
C:\Users\Martina Salami\.conda\envs\pinns_lan_env\Lib\site-packages\sklearn\neural_network\_multilayer_perceptron.py:356: RuntimeWarning: overflow encountered in dot
  values += np.dot(s, s)
C:\Users\Martina Salami\.conda\envs\pinns_lan_env\Lib\site-packages\sklearn\neural_network\_multilayer_perceptron.py:356: RuntimeWarning: overflow encountered in dot
  values += np.dot(s, s)
C:\Users\Martina Salami\.conda\envs\pinns_lan_env\Lib\site-packages\sklearn\neural_network\_multilayer_perceptron.py:356: RuntimeWarning: overflow encountered in dot
  values += np.dot(s, s)
C:\Users\Martina Salami\.conda\envs\pinns_lan_env\Lib\site-packages\sklearn\utils\extmath.py:227: RuntimeWarning: overflow encountered in matmul
  ret = a @ b
C:\Users\Martina Salami\.conda\envs\pinns_lan_env\Lib\site-packages\sklearn\utils\extmath.py:227: RuntimeWarning: overflow encountered in matmul
  ret = a @ b
C:\Users\Martina Salami\.conda\envs\pinns_lan_env\Lib\site-packages\sklearn\utils\extmath.py:227: RuntimeWarning: overflow encountered in matmul
  ret = a @ b
C:\Users\Martina Salami\.conda\envs\pinns_lan_env\Lib\site-packages\sklearn\neural_network\_multilayer_perceptron.py:356: RuntimeWarning: overflow encountered in dot
  values += np.dot(s, s)
C:\Users\Martina Salami\.conda\envs\pinns_lan_env\Lib\site-packages\sklearn\utils\extmath.py:227: RuntimeWarning: overflow encountered in matmul
  ret = a @ b
C:\Users\Martina Salami\.conda\envs\pinns_lan_env\Lib\site-packages\sklearn\neural_network\_multilayer_perceptron.py:356: RuntimeWarning: overflow encountered in dot
  values += np.dot(s, s)
C:\Users\Martina Salami\.conda\envs\pinns_lan_env\Lib\site-packages\sklearn\utils\extmath.py:227: RuntimeWarning: overflow encountered in matmul
  ret = a @ b
C:\Users\Martina Salami\.conda\envs\pinns_lan_env\Lib\site-packages\sklearn\neural_network\_multilayer_perceptron.py:356: RuntimeWarning: overflow encountered in dot
  values += np.dot(s, s)
C:\Users\Martina Salami\.conda\envs\pinns_lan_env\Lib\site-packages\sklearn\utils\extmath.py:227: RuntimeWarning: overflow encountered in matmul
  ret = a @ b
C:\Users\Martina Salami\.conda\envs\pinns_lan_env\Lib\site-packages\sklearn\neural_network\_multilayer_perceptron.py:356: RuntimeWarning: overflow encountered in dot
  values += np.dot(s, s)
C:\Users\Martina Salami\.conda\envs\pinns_lan_env\Lib\site-packages\sklearn\utils\extmath.py:227: RuntimeWarning: overflow encountered in matmul
  ret = a @ b
C:\Users\Martina Salami\.conda\envs\pinns_lan_env\Lib\site-packages\sklearn\neural_network\_multilayer_perceptron.py:356: RuntimeWarning: overflow encountered in dot
  values += np.dot(s, s)
C:\Users\Martina Salami\.conda\envs\pinns_lan_env\Lib\site-packages\sklearn\utils\extmath.py:227: RuntimeWarning: overflow encountered in matmul
  ret = a @ b
C:\Users\Martina Salami\.conda\envs\pinns_lan_env\Lib\site-packages\sklearn\neural_network\_multilayer_perceptron.py:356: RuntimeWarning: overflow encountered in dot
  values += np.dot(s, s)
C:\Users\Martina Salami\.conda\envs\pinns_lan_env\Lib\site-packages\sklearn\utils\extmath.py:227: RuntimeWarning: overflow encountered in matmul
  ret = a @ b
C:\Users\Martina Salami\.conda\envs\pinns_lan_env\Lib\site-packages\sklearn\neural_network\_multilayer_perceptron.py:356: RuntimeWarning: overflow encountered in dot
  values += np.dot(s, s)
C:\Users\Martina Salami\.conda\envs\pinns_lan_env\Lib\site-packages\sklearn\utils\extmath.py:227: RuntimeWarning: overflow encountered in matmul
  ret = a @ b
C:\Users\Martina Salami\.conda\envs\pinns_lan_env\Lib\site-packages\sklearn\neural_network\_multilayer_perceptron.py:356: RuntimeWarning: overflow encountered in dot
  values += np.dot(s, s)
C:\Users\Martina Salami\.conda\envs\pinns_lan_env\Lib\site-packages\sklearn\utils\extmath.py:227: RuntimeWarning: overflow encountered in matmul
  ret = a @ b
C:\Users\Martina Salami\.conda\envs\pinns_lan_env\Lib\site-packages\sklearn\neural_network\_multilayer_perceptron.py:356: RuntimeWarning: overflow encountered in dot
  values += np.dot(s, s)
C:\Users\Martina Salami\.conda\envs\pinns_lan_env\Lib\site-packages\sklearn\neural_network\_multilayer_perceptron.py:356: RuntimeWarning: overflow encountered in dot
  values += np.dot(s, s)
C:\Users\Martina Salami\.conda\envs\pinns_lan_env\Lib\site-packages\sklearn\neural_network\_multilayer_perceptron.py:356: RuntimeWarning: overflow encountered in dot
  values += np.dot(s, s)
C:\Users\Martina Salami\.conda\envs\pinns_lan_env\Lib\site-packages\sklearn\utils\extmath.py:227: RuntimeWarning: overflow encountered in matmul
  ret = a @ b
C:\Users\Martina Salami\.conda\envs\pinns_lan_env\Lib\site-packages\sklearn\utils\extmath.py:227: RuntimeWarning: overflow encountered in matmul
  ret = a @ b
C:\Users\Martina Salami\.conda\envs\pinns_lan_env\Lib\site-packages\sklearn\utils\extmath.py:227: RuntimeWarning: overflow encountered in matmul
  ret = a @ b
C:\Users\Martina Salami\.conda\envs\pinns_lan_env\Lib\site-packages\sklearn\neural_network\_multilayer_perceptron.py:356: RuntimeWarning: overflow encountered in dot
  values += np.dot(s, s)
C:\Users\Martina Salami\.conda\envs\pinns_lan_env\Lib\site-packages\sklearn\utils\extmath.py:227: RuntimeWarning: overflow encountered in matmul
  ret = a @ b
C:\Users\Martina Salami\.conda\envs\pinns_lan_env\Lib\site-packages\sklearn\neural_network\_multilayer_perceptron.py:356: RuntimeWarning: overflow encountered in dot
  values += np.dot(s, s)
C:\Users\Martina Salami\.conda\envs\pinns_lan_env\Lib\site-packages\sklearn\utils\extmath.py:227: RuntimeWarning: overflow encountered in matmul
  ret = a @ b
C:\Users\Martina Salami\.conda\envs\pinns_lan_env\Lib\site-packages\sklearn\neural_network\_multilayer_perceptron.py:356: RuntimeWarning: overflow encountered in dot
  values += np.dot(s, s)
C:\Users\Martina Salami\.conda\envs\pinns_lan_env\Lib\site-packages\sklearn\utils\extmath.py:227: RuntimeWarning: overflow encountered in matmul
  ret = a @ b
C:\Users\Martina Salami\.conda\envs\pinns_lan_env\Lib\site-packages\sklearn\neural_network\_multilayer_perceptron.py:356: RuntimeWarning: overflow encountered in dot
  values += np.dot(s, s)
C:\Users\Martina Salami\.conda\envs\pinns_lan_env\Lib\site-packages\sklearn\utils\extmath.py:227: RuntimeWarning: overflow encountered in matmul
  ret = a @ b
C:\Users\Martina Salami\.conda\envs\pinns_lan_env\Lib\site-packages\sklearn\neural_network\_multilayer_perceptron.py:356: RuntimeWarning: overflow encountered in dot
  values += np.dot(s, s)
C:\Users\Martina Salami\.conda\envs\pinns_lan_env\Lib\site-packages\sklearn\utils\extmath.py:227: RuntimeWarning: overflow encountered in matmul
  ret = a @ b
C:\Users\Martina Salami\.conda\envs\pinns_lan_env\Lib\site-packages\sklearn\neural_network\_multilayer_perceptron.py:356: RuntimeWarning: overflow encountered in dot
  values += np.dot(s, s)
C:\Users\Martina Salami\.conda\envs\pinns_lan_env\Lib\site-packages\sklearn\neural_network\_multilayer_perceptron.py:356: RuntimeWarning: overflow encountered in dot
  values += np.dot(s, s)
C:\Users\Martina Salami\.conda\envs\pinns_lan_env\Lib\site-packages\sklearn\utils\extmath.py:227: RuntimeWarning: overflow encountered in matmul
  ret = a @ b
C:\Users\Martina Salami\.conda\envs\pinns_lan_env\Lib\site-packages\sklearn\utils\extmath.py:227: RuntimeWarning: overflow encountered in matmul
  ret = a @ b
C:\Users\Martina Salami\.conda\envs\pinns_lan_env\Lib\site-packages\sklearn\neural_network\_multilayer_perceptron.py:356: RuntimeWarning: overflow encountered in dot
  values += np.dot(s, s)
C:\Users\Martina Salami\.conda\envs\pinns_lan_env\Lib\site-packages\sklearn\utils\extmath.py:227: RuntimeWarning: overflow encountered in matmul
  ret = a @ b
C:\Users\Martina Salami\.conda\envs\pinns_lan_env\Lib\site-packages\sklearn\neural_network\_multilayer_perceptron.py:356: RuntimeWarning: overflow encountered in dot
  values += np.dot(s, s)
C:\Users\Martina Salami\.conda\envs\pinns_lan_env\Lib\site-packages\sklearn\neural_network\_multilayer_perceptron.py:356: RuntimeWarning: overflow encountered in dot
  values += np.dot(s, s)
C:\Users\Martina Salami\.conda\envs\pinns_lan_env\Lib\site-packages\sklearn\neural_network\_multilayer_perceptron.py:356: RuntimeWarning: overflow encountered in dot
  values += np.dot(s, s)
C:\Users\Martina Salami\.conda\envs\pinns_lan_env\Lib\site-packages\sklearn\utils\extmath.py:227: RuntimeWarning: overflow encountered in matmul
  ret = a @ b
C:\Users\Martina Salami\.conda\envs\pinns_lan_env\Lib\site-packages\sklearn\utils\extmath.py:227: RuntimeWarning: overflow encountered in matmul
  ret = a @ b
C:\Users\Martina Salami\.conda\envs\pinns_lan_env\Lib\site-packages\sklearn\utils\extmath.py:227: RuntimeWarning: overflow encountered in matmul
  ret = a @ b
C:\Users\Martina Salami\.conda\envs\pinns_lan_env\Lib\site-packages\sklearn\neural_network\_multilayer_perceptron.py:356: RuntimeWarning: overflow encountered in dot
  values += np.dot(s, s)
C:\Users\Martina Salami\.conda\envs\pinns_lan_env\Lib\site-packages\sklearn\utils\extmath.py:227: RuntimeWarning: overflow encountered in matmul
  ret = a @ b
C:\Users\Martina Salami\.conda\envs\pinns_lan_env\Lib\site-packages\sklearn\neural_network\_multilayer_perceptron.py:356: RuntimeWarning: overflow encountered in dot
  values += np.dot(s, s)
C:\Users\Martina Salami\.conda\envs\pinns_lan_env\Lib\site-packages\sklearn\neural_network\_multilayer_perceptron.py:356: RuntimeWarning: overflow encountered in dot
  values += np.dot(s, s)
C:\Users\Martina Salami\.conda\envs\pinns_lan_env\Lib\site-packages\sklearn\utils\extmath.py:227: RuntimeWarning: overflow encountered in matmul
  ret = a @ b
C:\Users\Martina Salami\.conda\envs\pinns_lan_env\Lib\site-packages\sklearn\utils\extmath.py:227: RuntimeWarning: overflow encountered in matmul
  ret = a @ b
C:\Users\Martina Salami\.conda\envs\pinns_lan_env\Lib\site-packages\sklearn\neural_network\_multilayer_perceptron.py:356: RuntimeWarning: overflow encountered in dot
  values += np.dot(s, s)
C:\Users\Martina Salami\.conda\envs\pinns_lan_env\Lib\site-packages\sklearn\utils\extmath.py:227: RuntimeWarning: overflow encountered in matmul
  ret = a @ b
C:\Users\Martina Salami\.conda\envs\pinns_lan_env\Lib\site-packages\sklearn\neural_network\_multilayer_perceptron.py:356: RuntimeWarning: overflow encountered in dot
  values += np.dot(s, s)
C:\Users\Martina Salami\.conda\envs\pinns_lan_env\Lib\site-packages\sklearn\utils\extmath.py:227: RuntimeWarning: overflow encountered in matmul
  ret = a @ b
C:\Users\Martina Salami\.conda\envs\pinns_lan_env\Lib\site-packages\sklearn\neural_network\_multilayer_perceptron.py:356: RuntimeWarning: overflow encountered in dot
  values += np.dot(s, s)
C:\Users\Martina Salami\.conda\envs\pinns_lan_env\Lib\site-packages\sklearn\utils\extmath.py:227: RuntimeWarning: overflow encountered in matmul
  ret = a @ b
C:\Users\Martina Salami\.conda\envs\pinns_lan_env\Lib\site-packages\sklearn\neural_network\_multilayer_perceptron.py:356: RuntimeWarning: overflow encountered in dot
  values += np.dot(s, s)
C:\Users\Martina Salami\.conda\envs\pinns_lan_env\Lib\site-packages\sklearn\neural_network\_multilayer_perceptron.py:356: RuntimeWarning: overflow encountered in dot
  values += np.dot(s, s)
C:\Users\Martina Salami\.conda\envs\pinns_lan_env\Lib\site-packages\sklearn\utils\extmath.py:227: RuntimeWarning: overflow encountered in matmul
  ret = a @ b
C:\Users\Martina Salami\.conda\envs\pinns_lan_env\Lib\site-packages\sklearn\utils\extmath.py:227: RuntimeWarning: overflow encountered in matmul
  ret = a @ b
C:\Users\Martina Salami\.conda\envs\pinns_lan_env\Lib\site-packages\sklearn\neural_network\_multilayer_perceptron.py:356: RuntimeWarning: overflow encountered in dot
  values += np.dot(s, s)
C:\Users\Martina Salami\.conda\envs\pinns_lan_env\Lib\site-packages\sklearn\utils\extmath.py:227: RuntimeWarning: overflow encountered in matmul
  ret = a @ b
C:\Users\Martina Salami\.conda\envs\pinns_lan_env\Lib\site-packages\sklearn\neural_network\_multilayer_perceptron.py:356: RuntimeWarning: overflow encountered in dot
  values += np.dot(s, s)
C:\Users\Martina Salami\.conda\envs\pinns_lan_env\Lib\site-packages\sklearn\neural_network\_multilayer_perceptron.py:356: RuntimeWarning: overflow encountered in dot
  values += np.dot(s, s)
C:\Users\Martina Salami\.conda\envs\pinns_lan_env\Lib\site-packages\sklearn\neural_network\_multilayer_perceptron.py:785: ConvergenceWarning: Stochastic Optimizer: Maximum iterations (200) reached and the optimization hasn't converged yet.
  warnings.warn(
C:\Users\Martina Salami\.conda\envs\pinns_lan_env\Lib\site-packages\sklearn\utils\extmath.py:227: RuntimeWarning: overflow encountered in matmul
  ret = a @ b
C:\Users\Martina Salami\.conda\envs\pinns_lan_env\Lib\site-packages\sklearn\utils\extmath.py:227: RuntimeWarning: overflow encountered in matmul
  ret = a @ b
C:\Users\Martina Salami\.conda\envs\pinns_lan_env\Lib\site-packages\sklearn\neural_network\_multilayer_perceptron.py:356: RuntimeWarning: overflow encountered in dot
  values += np.dot(s, s)
C:\Users\Martina Salami\.conda\envs\pinns_lan_env\Lib\site-packages\sklearn\utils\extmath.py:227: RuntimeWarning: overflow encountered in matmul
  ret = a @ b
C:\Users\Martina Salami\.conda\envs\pinns_lan_env\Lib\site-packages\sklearn\neural_network\_multilayer_perceptron.py:356: RuntimeWarning: overflow encountered in dot
  values += np.dot(s, s)
C:\Users\Martina Salami\.conda\envs\pinns_lan_env\Lib\site-packages\sklearn\neural_network\_multilayer_perceptron.py:356: RuntimeWarning: overflow encountered in dot
  values += np.dot(s, s)
C:\Users\Martina Salami\.conda\envs\pinns_lan_env\Lib\site-packages\sklearn\utils\extmath.py:227: RuntimeWarning: overflow encountered in matmul
  ret = a @ b
C:\Users\Martina Salami\.conda\envs\pinns_lan_env\Lib\site-packages\sklearn\utils\extmath.py:227: RuntimeWarning: overflow encountered in matmul
  ret = a @ b
C:\Users\Martina Salami\.conda\envs\pinns_lan_env\Lib\site-packages\sklearn\neural_network\_multilayer_perceptron.py:356: RuntimeWarning: overflow encountered in dot
  values += np.dot(s, s)
C:\Users\Martina Salami\.conda\envs\pinns_lan_env\Lib\site-packages\sklearn\utils\extmath.py:227: RuntimeWarning: overflow encountered in matmul
  ret = a @ b
C:\Users\Martina Salami\.conda\envs\pinns_lan_env\Lib\site-packages\sklearn\neural_network\_multilayer_perceptron.py:356: RuntimeWarning: overflow encountered in dot
  values += np.dot(s, s)
C:\Users\Martina Salami\.conda\envs\pinns_lan_env\Lib\site-packages\sklearn\utils\extmath.py:227: RuntimeWarning: overflow encountered in matmul
  ret = a @ b
C:\Users\Martina Salami\.conda\envs\pinns_lan_env\Lib\site-packages\sklearn\neural_network\_multilayer_perceptron.py:356: RuntimeWarning: overflow encountered in dot
  values += np.dot(s, s)
C:\Users\Martina Salami\.conda\envs\pinns_lan_env\Lib\site-packages\sklearn\utils\extmath.py:227: RuntimeWarning: overflow encountered in matmul
  ret = a @ b
C:\Users\Martina Salami\.conda\envs\pinns_lan_env\Lib\site-packages\sklearn\neural_network\_multilayer_perceptron.py:356: RuntimeWarning: overflow encountered in dot
  values += np.dot(s, s)
C:\Users\Martina Salami\.conda\envs\pinns_lan_env\Lib\site-packages\sklearn\utils\extmath.py:227: RuntimeWarning: overflow encountered in matmul
  ret = a @ b
C:\Users\Martina Salami\.conda\envs\pinns_lan_env\Lib\site-packages\sklearn\neural_network\_multilayer_perceptron.py:356: RuntimeWarning: overflow encountered in dot
  values += np.dot(s, s)
C:\Users\Martina Salami\.conda\envs\pinns_lan_env\Lib\site-packages\sklearn\utils\extmath.py:227: RuntimeWarning: overflow encountered in matmul
  ret = a @ b
C:\Users\Martina Salami\.conda\envs\pinns_lan_env\Lib\site-packages\sklearn\neural_network\_multilayer_perceptron.py:356: RuntimeWarning: overflow encountered in dot
  values += np.dot(s, s)
C:\Users\Martina Salami\.conda\envs\pinns_lan_env\Lib\site-packages\sklearn\neural_network\_multilayer_perceptron.py:356: RuntimeWarning: overflow encountered in dot
  values += np.dot(s, s)
C:\Users\Martina Salami\.conda\envs\pinns_lan_env\Lib\site-packages\sklearn\neural_network\_multilayer_perceptron.py:356: RuntimeWarning: overflow encountered in dot
  values += np.dot(s, s)
C:\Users\Martina Salami\.conda\envs\pinns_lan_env\Lib\site-packages\sklearn\utils\extmath.py:227: RuntimeWarning: overflow encountered in matmul
  ret = a @ b
C:\Users\Martina Salami\.conda\envs\pinns_lan_env\Lib\site-packages\sklearn\utils\extmath.py:227: RuntimeWarning: overflow encountered in matmul
  ret = a @ b
C:\Users\Martina Salami\.conda\envs\pinns_lan_env\Lib\site-packages\sklearn\utils\extmath.py:227: RuntimeWarning: overflow encountered in matmul
  ret = a @ b
C:\Users\Martina Salami\.conda\envs\pinns_lan_env\Lib\site-packages\sklearn\neural_network\_multilayer_perceptron.py:356: RuntimeWarning: overflow encountered in dot
  values += np.dot(s, s)
C:\Users\Martina Salami\.conda\envs\pinns_lan_env\Lib\site-packages\sklearn\utils\extmath.py:227: RuntimeWarning: overflow encountered in matmul
  ret = a @ b
C:\Users\Martina Salami\.conda\envs\pinns_lan_env\Lib\site-packages\sklearn\neural_network\_multilayer_perceptron.py:356: RuntimeWarning: overflow encountered in dot
  values += np.dot(s, s)
C:\Users\Martina Salami\.conda\envs\pinns_lan_env\Lib\site-packages\sklearn\utils\extmath.py:227: RuntimeWarning: overflow encountered in matmul
  ret = a @ b
C:\Users\Martina Salami\.conda\envs\pinns_lan_env\Lib\site-packages\sklearn\neural_network\_multilayer_perceptron.py:356: RuntimeWarning: overflow encountered in dot
  values += np.dot(s, s)
C:\Users\Martina Salami\.conda\envs\pinns_lan_env\Lib\site-packages\sklearn\utils\extmath.py:227: RuntimeWarning: overflow encountered in matmul
  ret = a @ b
C:\Users\Martina Salami\.conda\envs\pinns_lan_env\Lib\site-packages\sklearn\neural_network\_multilayer_perceptron.py:356: RuntimeWarning: overflow encountered in dot
  values += np.dot(s, s)
C:\Users\Martina Salami\.conda\envs\pinns_lan_env\Lib\site-packages\sklearn\utils\extmath.py:227: RuntimeWarning: overflow encountered in matmul
  ret = a @ b
C:\Users\Martina Salami\.conda\envs\pinns_lan_env\Lib\site-packages\sklearn\neural_network\_multilayer_perceptron.py:356: RuntimeWarning: overflow encountered in dot
  values += np.dot(s, s)
C:\Users\Martina Salami\.conda\envs\pinns_lan_env\Lib\site-packages\sklearn\utils\extmath.py:227: RuntimeWarning: overflow encountered in matmul
  ret = a @ b
C:\Users\Martina Salami\.conda\envs\pinns_lan_env\Lib\site-packages\sklearn\neural_network\_multilayer_perceptron.py:356: RuntimeWarning: overflow encountered in dot
  values += np.dot(s, s)
C:\Users\Martina Salami\.conda\envs\pinns_lan_env\Lib\site-packages\sklearn\utils\extmath.py:227: RuntimeWarning: overflow encountered in matmul
  ret = a @ b
C:\Users\Martina Salami\.conda\envs\pinns_lan_env\Lib\site-packages\sklearn\neural_network\_multilayer_perceptron.py:356: RuntimeWarning: overflow encountered in dot
  values += np.dot(s, s)
C:\Users\Martina Salami\.conda\envs\pinns_lan_env\Lib\site-packages\sklearn\utils\extmath.py:227: RuntimeWarning: overflow encountered in matmul
  ret = a @ b
C:\Users\Martina Salami\.conda\envs\pinns_lan_env\Lib\site-packages\sklearn\neural_network\_multilayer_perceptron.py:356: RuntimeWarning: overflow encountered in dot
  values += np.dot(s, s)
C:\Users\Martina Salami\.conda\envs\pinns_lan_env\Lib\site-packages\sklearn\utils\extmath.py:227: RuntimeWarning: overflow encountered in matmul
  ret = a @ b
C:\Users\Martina Salami\.conda\envs\pinns_lan_env\Lib\site-packages\sklearn\neural_network\_multilayer_perceptron.py:356: RuntimeWarning: overflow encountered in dot
  values += np.dot(s, s)
C:\Users\Martina Salami\.conda\envs\pinns_lan_env\Lib\site-packages\sklearn\neural_network\_multilayer_perceptron.py:356: RuntimeWarning: overflow encountered in dot
  values += np.dot(s, s)
C:\Users\Martina Salami\.conda\envs\pinns_lan_env\Lib\site-packages\sklearn\neural_network\_multilayer_perceptron.py:356: RuntimeWarning: overflow encountered in dot
  values += np.dot(s, s)
C:\Users\Martina Salami\.conda\envs\pinns_lan_env\Lib\site-packages\sklearn\utils\extmath.py:227: RuntimeWarning: overflow encountered in matmul
  ret = a @ b
C:\Users\Martina Salami\.conda\envs\pinns_lan_env\Lib\site-packages\sklearn\utils\extmath.py:227: RuntimeWarning: overflow encountered in matmul
  ret = a @ b
C:\Users\Martina Salami\.conda\envs\pinns_lan_env\Lib\site-packages\sklearn\utils\extmath.py:227: RuntimeWarning: overflow encountered in matmul
  ret = a @ b
C:\Users\Martina Salami\.conda\envs\pinns_lan_env\Lib\site-packages\sklearn\neural_network\_multilayer_perceptron.py:356: RuntimeWarning: overflow encountered in dot
  values += np.dot(s, s)
C:\Users\Martina Salami\.conda\envs\pinns_lan_env\Lib\site-packages\sklearn\utils\extmath.py:227: RuntimeWarning: overflow encountered in matmul
  ret = a @ b
C:\Users\Martina Salami\.conda\envs\pinns_lan_env\Lib\site-packages\sklearn\neural_network\_multilayer_perceptron.py:356: RuntimeWarning: overflow encountered in dot
  values += np.dot(s, s)
C:\Users\Martina Salami\.conda\envs\pinns_lan_env\Lib\site-packages\sklearn\utils\extmath.py:227: RuntimeWarning: overflow encountered in matmul
  ret = a @ b
C:\Users\Martina Salami\.conda\envs\pinns_lan_env\Lib\site-packages\sklearn\neural_network\_multilayer_perceptron.py:356: RuntimeWarning: overflow encountered in dot
  values += np.dot(s, s)
C:\Users\Martina Salami\.conda\envs\pinns_lan_env\Lib\site-packages\sklearn\utils\extmath.py:227: RuntimeWarning: overflow encountered in matmul
  ret = a @ b
C:\Users\Martina Salami\.conda\envs\pinns_lan_env\Lib\site-packages\sklearn\neural_network\_multilayer_perceptron.py:356: RuntimeWarning: overflow encountered in dot
  values += np.dot(s, s)
C:\Users\Martina Salami\.conda\envs\pinns_lan_env\Lib\site-packages\sklearn\utils\extmath.py:227: RuntimeWarning: overflow encountered in matmul
  ret = a @ b
C:\Users\Martina Salami\.conda\envs\pinns_lan_env\Lib\site-packages\sklearn\neural_network\_multilayer_perceptron.py:356: RuntimeWarning: overflow encountered in dot
  values += np.dot(s, s)
C:\Users\Martina Salami\.conda\envs\pinns_lan_env\Lib\site-packages\sklearn\utils\extmath.py:227: RuntimeWarning: overflow encountered in matmul
  ret = a @ b
C:\Users\Martina Salami\.conda\envs\pinns_lan_env\Lib\site-packages\sklearn\neural_network\_multilayer_perceptron.py:356: RuntimeWarning: overflow encountered in dot
  values += np.dot(s, s)
C:\Users\Martina Salami\.conda\envs\pinns_lan_env\Lib\site-packages\sklearn\utils\extmath.py:227: RuntimeWarning: overflow encountered in matmul
  ret = a @ b
C:\Users\Martina Salami\.conda\envs\pinns_lan_env\Lib\site-packages\sklearn\neural_network\_multilayer_perceptron.py:356: RuntimeWarning: overflow encountered in dot
  values += np.dot(s, s)
C:\Users\Martina Salami\.conda\envs\pinns_lan_env\Lib\site-packages\sklearn\utils\extmath.py:227: RuntimeWarning: overflow encountered in matmul
  ret = a @ b
C:\Users\Martina Salami\.conda\envs\pinns_lan_env\Lib\site-packages\sklearn\neural_network\_multilayer_perceptron.py:356: RuntimeWarning: overflow encountered in dot
  values += np.dot(s, s)
C:\Users\Martina Salami\.conda\envs\pinns_lan_env\Lib\site-packages\sklearn\utils\extmath.py:227: RuntimeWarning: overflow encountered in matmul
  ret = a @ b
C:\Users\Martina Salami\.conda\envs\pinns_lan_env\Lib\site-packages\sklearn\neural_network\_multilayer_perceptron.py:356: RuntimeWarning: overflow encountered in dot
  values += np.dot(s, s)
C:\Users\Martina Salami\.conda\envs\pinns_lan_env\Lib\site-packages\sklearn\neural_network\_multilayer_perceptron.py:356: RuntimeWarning: overflow encountered in dot
  values += np.dot(s, s)
C:\Users\Martina Salami\.conda\envs\pinns_lan_env\Lib\site-packages\sklearn\neural_network\_multilayer_perceptron.py:356: RuntimeWarning: overflow encountered in dot
  values += np.dot(s, s)
C:\Users\Martina Salami\.conda\envs\pinns_lan_env\Lib\site-packages\sklearn\neural_network\_multilayer_perceptron.py:785: ConvergenceWarning: Stochastic Optimizer: Maximum iterations (200) reached and the optimization hasn't converged yet.
  warnings.warn(
C:\Users\Martina Salami\.conda\envs\pinns_lan_env\Lib\site-packages\sklearn\neural_network\_multilayer_perceptron.py:785: ConvergenceWarning: Stochastic Optimizer: Maximum iterations (200) reached and the optimization hasn't converged yet.
  warnings.warn(
C:\Users\Martina Salami\.conda\envs\pinns_lan_env\Lib\site-packages\sklearn\utils\extmath.py:227: RuntimeWarning: overflow encountered in matmul
  ret = a @ b
C:\Users\Martina Salami\.conda\envs\pinns_lan_env\Lib\site-packages\sklearn\utils\extmath.py:227: RuntimeWarning: overflow encountered in matmul
  ret = a @ b
C:\Users\Martina Salami\.conda\envs\pinns_lan_env\Lib\site-packages\sklearn\utils\extmath.py:227: RuntimeWarning: overflow encountered in matmul
  ret = a @ b
C:\Users\Martina Salami\.conda\envs\pinns_lan_env\Lib\site-packages\sklearn\neural_network\_multilayer_perceptron.py:356: RuntimeWarning: overflow encountered in dot
  values += np.dot(s, s)
C:\Users\Martina Salami\.conda\envs\pinns_lan_env\Lib\site-packages\sklearn\utils\extmath.py:227: RuntimeWarning: overflow encountered in matmul
  ret = a @ b
C:\Users\Martina Salami\.conda\envs\pinns_lan_env\Lib\site-packages\sklearn\neural_network\_multilayer_perceptron.py:356: RuntimeWarning: overflow encountered in dot
  values += np.dot(s, s)
C:\Users\Martina Salami\.conda\envs\pinns_lan_env\Lib\site-packages\sklearn\utils\extmath.py:227: RuntimeWarning: overflow encountered in matmul
  ret = a @ b
C:\Users\Martina Salami\.conda\envs\pinns_lan_env\Lib\site-packages\sklearn\neural_network\_multilayer_perceptron.py:356: RuntimeWarning: overflow encountered in dot
  values += np.dot(s, s)
C:\Users\Martina Salami\.conda\envs\pinns_lan_env\Lib\site-packages\sklearn\utils\extmath.py:227: RuntimeWarning: overflow encountered in matmul
  ret = a @ b
C:\Users\Martina Salami\.conda\envs\pinns_lan_env\Lib\site-packages\sklearn\neural_network\_multilayer_perceptron.py:356: RuntimeWarning: overflow encountered in dot
  values += np.dot(s, s)
C:\Users\Martina Salami\.conda\envs\pinns_lan_env\Lib\site-packages\sklearn\utils\extmath.py:227: RuntimeWarning: overflow encountered in matmul
  ret = a @ b
C:\Users\Martina Salami\.conda\envs\pinns_lan_env\Lib\site-packages\sklearn\neural_network\_multilayer_perceptron.py:356: RuntimeWarning: overflow encountered in dot
  values += np.dot(s, s)
C:\Users\Martina Salami\.conda\envs\pinns_lan_env\Lib\site-packages\sklearn\utils\extmath.py:227: RuntimeWarning: overflow encountered in matmul
  ret = a @ b
C:\Users\Martina Salami\.conda\envs\pinns_lan_env\Lib\site-packages\sklearn\neural_network\_multilayer_perceptron.py:356: RuntimeWarning: overflow encountered in dot
  values += np.dot(s, s)
C:\Users\Martina Salami\.conda\envs\pinns_lan_env\Lib\site-packages\sklearn\utils\extmath.py:227: RuntimeWarning: overflow encountered in matmul
  ret = a @ b
C:\Users\Martina Salami\.conda\envs\pinns_lan_env\Lib\site-packages\sklearn\neural_network\_multilayer_perceptron.py:356: RuntimeWarning: overflow encountered in dot
  values += np.dot(s, s)
C:\Users\Martina Salami\.conda\envs\pinns_lan_env\Lib\site-packages\sklearn\utils\extmath.py:227: RuntimeWarning: overflow encountered in matmul
  ret = a @ b
C:\Users\Martina Salami\.conda\envs\pinns_lan_env\Lib\site-packages\sklearn\neural_network\_multilayer_perceptron.py:356: RuntimeWarning: overflow encountered in dot
  values += np.dot(s, s)
C:\Users\Martina Salami\.conda\envs\pinns_lan_env\Lib\site-packages\sklearn\neural_network\_multilayer_perceptron.py:356: RuntimeWarning: overflow encountered in dot
  values += np.dot(s, s)
C:\Users\Martina Salami\.conda\envs\pinns_lan_env\Lib\site-packages\sklearn\neural_network\_multilayer_perceptron.py:356: RuntimeWarning: overflow encountered in dot
  values += np.dot(s, s)
C:\Users\Martina Salami\.conda\envs\pinns_lan_env\Lib\site-packages\sklearn\neural_network\_multilayer_perceptron.py:785: ConvergenceWarning: Stochastic Optimizer: Maximum iterations (200) reached and the optimization hasn't converged yet.
  warnings.warn(
C:\Users\Martina Salami\.conda\envs\pinns_lan_env\Lib\site-packages\sklearn\utils\extmath.py:227: RuntimeWarning: overflow encountered in matmul
  ret = a @ b
C:\Users\Martina Salami\.conda\envs\pinns_lan_env\Lib\site-packages\sklearn\utils\extmath.py:227: RuntimeWarning: overflow encountered in matmul
  ret = a @ b
C:\Users\Martina Salami\.conda\envs\pinns_lan_env\Lib\site-packages\sklearn\utils\extmath.py:227: RuntimeWarning: overflow encountered in matmul
  ret = a @ b
C:\Users\Martina Salami\.conda\envs\pinns_lan_env\Lib\site-packages\sklearn\neural_network\_multilayer_perceptron.py:356: RuntimeWarning: overflow encountered in dot
  values += np.dot(s, s)
C:\Users\Martina Salami\.conda\envs\pinns_lan_env\Lib\site-packages\sklearn\neural_network\_multilayer_perceptron.py:356: RuntimeWarning: overflow encountered in dot
  values += np.dot(s, s)
C:\Users\Martina Salami\.conda\envs\pinns_lan_env\Lib\site-packages\sklearn\utils\extmath.py:227: RuntimeWarning: overflow encountered in matmul
  ret = a @ b
C:\Users\Martina Salami\.conda\envs\pinns_lan_env\Lib\site-packages\sklearn\utils\extmath.py:227: RuntimeWarning: overflow encountered in matmul
  ret = a @ b
C:\Users\Martina Salami\.conda\envs\pinns_lan_env\Lib\site-packages\sklearn\neural_network\_multilayer_perceptron.py:356: RuntimeWarning: overflow encountered in dot
  values += np.dot(s, s)
C:\Users\Martina Salami\.conda\envs\pinns_lan_env\Lib\site-packages\sklearn\utils\extmath.py:227: RuntimeWarning: overflow encountered in matmul
  ret = a @ b
C:\Users\Martina Salami\.conda\envs\pinns_lan_env\Lib\site-packages\sklearn\neural_network\_multilayer_perceptron.py:356: RuntimeWarning: overflow encountered in dot
  values += np.dot(s, s)
C:\Users\Martina Salami\.conda\envs\pinns_lan_env\Lib\site-packages\sklearn\utils\extmath.py:227: RuntimeWarning: overflow encountered in matmul
  ret = a @ b
C:\Users\Martina Salami\.conda\envs\pinns_lan_env\Lib\site-packages\sklearn\neural_network\_multilayer_perceptron.py:356: RuntimeWarning: overflow encountered in dot
  values += np.dot(s, s)
C:\Users\Martina Salami\.conda\envs\pinns_lan_env\Lib\site-packages\sklearn\utils\extmath.py:227: RuntimeWarning: overflow encountered in matmul
  ret = a @ b
C:\Users\Martina Salami\.conda\envs\pinns_lan_env\Lib\site-packages\sklearn\neural_network\_multilayer_perceptron.py:356: RuntimeWarning: overflow encountered in dot
  values += np.dot(s, s)
C:\Users\Martina Salami\.conda\envs\pinns_lan_env\Lib\site-packages\sklearn\utils\extmath.py:227: RuntimeWarning: overflow encountered in matmul
  ret = a @ b
C:\Users\Martina Salami\.conda\envs\pinns_lan_env\Lib\site-packages\sklearn\neural_network\_multilayer_perceptron.py:356: RuntimeWarning: overflow encountered in dot
  values += np.dot(s, s)
C:\Users\Martina Salami\.conda\envs\pinns_lan_env\Lib\site-packages\sklearn\utils\extmath.py:227: RuntimeWarning: overflow encountered in matmul
  ret = a @ b
C:\Users\Martina Salami\.conda\envs\pinns_lan_env\Lib\site-packages\sklearn\neural_network\_multilayer_perceptron.py:356: RuntimeWarning: overflow encountered in dot
  values += np.dot(s, s)
C:\Users\Martina Salami\.conda\envs\pinns_lan_env\Lib\site-packages\sklearn\neural_network\_multilayer_perceptron.py:356: RuntimeWarning: overflow encountered in dot
  values += np.dot(s, s)
C:\Users\Martina Salami\.conda\envs\pinns_lan_env\Lib\site-packages\sklearn\neural_network\_multilayer_perceptron.py:356: RuntimeWarning: overflow encountered in dot
  values += np.dot(s, s)
C:\Users\Martina Salami\.conda\envs\pinns_lan_env\Lib\site-packages\sklearn\neural_network\_multilayer_perceptron.py:785: ConvergenceWarning: Stochastic Optimizer: Maximum iterations (200) reached and the optimization hasn't converged yet.
  warnings.warn(
C:\Users\Martina Salami\.conda\envs\pinns_lan_env\Lib\site-packages\sklearn\utils\extmath.py:227: RuntimeWarning: overflow encountered in matmul
  ret = a @ b
C:\Users\Martina Salami\.conda\envs\pinns_lan_env\Lib\site-packages\sklearn\utils\extmath.py:227: RuntimeWarning: overflow encountered in matmul
  ret = a @ b
C:\Users\Martina Salami\.conda\envs\pinns_lan_env\Lib\site-packages\sklearn\utils\extmath.py:227: RuntimeWarning: overflow encountered in matmul
  ret = a @ b
C:\Users\Martina Salami\.conda\envs\pinns_lan_env\Lib\site-packages\sklearn\neural_network\_multilayer_perceptron.py:785: ConvergenceWarning: Stochastic Optimizer: Maximum iterations (200) reached and the optimization hasn't converged yet.
  warnings.warn(
C:\Users\Martina Salami\.conda\envs\pinns_lan_env\Lib\site-packages\sklearn\neural_network\_multilayer_perceptron.py:356: RuntimeWarning: overflow encountered in dot
  values += np.dot(s, s)
C:\Users\Martina Salami\.conda\envs\pinns_lan_env\Lib\site-packages\sklearn\utils\extmath.py:227: RuntimeWarning: overflow encountered in matmul
  ret = a @ b
C:\Users\Martina Salami\.conda\envs\pinns_lan_env\Lib\site-packages\sklearn\neural_network\_multilayer_perceptron.py:356: RuntimeWarning: overflow encountered in dot
  values += np.dot(s, s)
C:\Users\Martina Salami\.conda\envs\pinns_lan_env\Lib\site-packages\sklearn\utils\extmath.py:227: RuntimeWarning: overflow encountered in matmul
  ret = a @ b
C:\Users\Martina Salami\.conda\envs\pinns_lan_env\Lib\site-packages\sklearn\neural_network\_multilayer_perceptron.py:356: RuntimeWarning: overflow encountered in dot
  values += np.dot(s, s)
C:\Users\Martina Salami\.conda\envs\pinns_lan_env\Lib\site-packages\sklearn\utils\extmath.py:227: RuntimeWarning: overflow encountered in matmul
  ret = a @ b
C:\Users\Martina Salami\.conda\envs\pinns_lan_env\Lib\site-packages\sklearn\neural_network\_multilayer_perceptron.py:356: RuntimeWarning: overflow encountered in dot
  values += np.dot(s, s)
C:\Users\Martina Salami\.conda\envs\pinns_lan_env\Lib\site-packages\sklearn\utils\extmath.py:227: RuntimeWarning: overflow encountered in matmul
  ret = a @ b
C:\Users\Martina Salami\.conda\envs\pinns_lan_env\Lib\site-packages\sklearn\neural_network\_multilayer_perceptron.py:356: RuntimeWarning: overflow encountered in dot
  values += np.dot(s, s)
C:\Users\Martina Salami\.conda\envs\pinns_lan_env\Lib\site-packages\sklearn\utils\extmath.py:227: RuntimeWarning: overflow encountered in matmul
  ret = a @ b
C:\Users\Martina Salami\.conda\envs\pinns_lan_env\Lib\site-packages\sklearn\neural_network\_multilayer_perceptron.py:356: RuntimeWarning: overflow encountered in dot
  values += np.dot(s, s)
C:\Users\Martina Salami\.conda\envs\pinns_lan_env\Lib\site-packages\sklearn\utils\extmath.py:227: RuntimeWarning: overflow encountered in matmul
  ret = a @ b
C:\Users\Martina Salami\.conda\envs\pinns_lan_env\Lib\site-packages\sklearn\neural_network\_multilayer_perceptron.py:356: RuntimeWarning: overflow encountered in dot
  values += np.dot(s, s)
C:\Users\Martina Salami\.conda\envs\pinns_lan_env\Lib\site-packages\sklearn\utils\extmath.py:227: RuntimeWarning: overflow encountered in matmul
  ret = a @ b
C:\Users\Martina Salami\.conda\envs\pinns_lan_env\Lib\site-packages\sklearn\neural_network\_multilayer_perceptron.py:356: RuntimeWarning: overflow encountered in dot
  values += np.dot(s, s)
C:\Users\Martina Salami\.conda\envs\pinns_lan_env\Lib\site-packages\sklearn\neural_network\_multilayer_perceptron.py:356: RuntimeWarning: overflow encountered in dot
  values += np.dot(s, s)
C:\Users\Martina Salami\.conda\envs\pinns_lan_env\Lib\site-packages\sklearn\neural_network\_multilayer_perceptron.py:356: RuntimeWarning: overflow encountered in dot
  values += np.dot(s, s)
C:\Users\Martina Salami\.conda\envs\pinns_lan_env\Lib\site-packages\sklearn\neural_network\_multilayer_perceptron.py:785: ConvergenceWarning: Stochastic Optimizer: Maximum iterations (200) reached and the optimization hasn't converged yet.
  warnings.warn(
C:\Users\Martina Salami\.conda\envs\pinns_lan_env\Lib\site-packages\sklearn\utils\extmath.py:227: RuntimeWarning: overflow encountered in matmul
  ret = a @ b
C:\Users\Martina Salami\.conda\envs\pinns_lan_env\Lib\site-packages\sklearn\utils\extmath.py:227: RuntimeWarning: overflow encountered in matmul
  ret = a @ b
C:\Users\Martina Salami\.conda\envs\pinns_lan_env\Lib\site-packages\sklearn\utils\extmath.py:227: RuntimeWarning: overflow encountered in matmul
  ret = a @ b
C:\Users\Martina Salami\.conda\envs\pinns_lan_env\Lib\site-packages\sklearn\neural_network\_multilayer_perceptron.py:356: RuntimeWarning: overflow encountered in dot
  values += np.dot(s, s)
C:\Users\Martina Salami\.conda\envs\pinns_lan_env\Lib\site-packages\sklearn\utils\extmath.py:227: RuntimeWarning: overflow encountered in matmul
  ret = a @ b
C:\Users\Martina Salami\.conda\envs\pinns_lan_env\Lib\site-packages\sklearn\neural_network\_multilayer_perceptron.py:356: RuntimeWarning: overflow encountered in dot
  values += np.dot(s, s)
C:\Users\Martina Salami\.conda\envs\pinns_lan_env\Lib\site-packages\sklearn\utils\extmath.py:227: RuntimeWarning: overflow encountered in matmul
  ret = a @ b
C:\Users\Martina Salami\.conda\envs\pinns_lan_env\Lib\site-packages\sklearn\neural_network\_multilayer_perceptron.py:356: RuntimeWarning: overflow encountered in dot
  values += np.dot(s, s)
C:\Users\Martina Salami\.conda\envs\pinns_lan_env\Lib\site-packages\sklearn\neural_network\_multilayer_perceptron.py:356: RuntimeWarning: overflow encountered in dot
  values += np.dot(s, s)
C:\Users\Martina Salami\.conda\envs\pinns_lan_env\Lib\site-packages\sklearn\utils\extmath.py:227: RuntimeWarning: overflow encountered in matmul
  ret = a @ b
C:\Users\Martina Salami\.conda\envs\pinns_lan_env\Lib\site-packages\sklearn\utils\extmath.py:227: RuntimeWarning: overflow encountered in matmul
  ret = a @ b
C:\Users\Martina Salami\.conda\envs\pinns_lan_env\Lib\site-packages\sklearn\neural_network\_multilayer_perceptron.py:356: RuntimeWarning: overflow encountered in dot
  values += np.dot(s, s)
C:\Users\Martina Salami\.conda\envs\pinns_lan_env\Lib\site-packages\sklearn\utils\extmath.py:227: RuntimeWarning: overflow encountered in matmul
  ret = a @ b
C:\Users\Martina Salami\.conda\envs\pinns_lan_env\Lib\site-packages\sklearn\neural_network\_multilayer_perceptron.py:356: RuntimeWarning: overflow encountered in dot
  values += np.dot(s, s)
C:\Users\Martina Salami\.conda\envs\pinns_lan_env\Lib\site-packages\sklearn\utils\extmath.py:227: RuntimeWarning: overflow encountered in matmul
  ret = a @ b
C:\Users\Martina Salami\.conda\envs\pinns_lan_env\Lib\site-packages\sklearn\neural_network\_multilayer_perceptron.py:356: RuntimeWarning: overflow encountered in dot
  values += np.dot(s, s)
C:\Users\Martina Salami\.conda\envs\pinns_lan_env\Lib\site-packages\sklearn\utils\extmath.py:227: RuntimeWarning: overflow encountered in matmul
  ret = a @ b
C:\Users\Martina Salami\.conda\envs\pinns_lan_env\Lib\site-packages\sklearn\neural_network\_multilayer_perceptron.py:356: RuntimeWarning: overflow encountered in dot
  values += np.dot(s, s)
C:\Users\Martina Salami\.conda\envs\pinns_lan_env\Lib\site-packages\sklearn\neural_network\_multilayer_perceptron.py:356: RuntimeWarning: overflow encountered in dot
  values += np.dot(s, s)
C:\Users\Martina Salami\.conda\envs\pinns_lan_env\Lib\site-packages\sklearn\neural_network\_multilayer_perceptron.py:785: ConvergenceWarning: Stochastic Optimizer: Maximum iterations (200) reached and the optimization hasn't converged yet.
  warnings.warn(
C:\Users\Martina Salami\.conda\envs\pinns_lan_env\Lib\site-packages\sklearn\neural_network\_multilayer_perceptron.py:785: ConvergenceWarning: Stochastic Optimizer: Maximum iterations (200) reached and the optimization hasn't converged yet.
  warnings.warn(
C:\Users\Martina Salami\.conda\envs\pinns_lan_env\Lib\site-packages\sklearn\utils\extmath.py:227: RuntimeWarning: overflow encountered in matmul
  ret = a @ b
C:\Users\Martina Salami\.conda\envs\pinns_lan_env\Lib\site-packages\sklearn\utils\extmath.py:227: RuntimeWarning: overflow encountered in matmul
  ret = a @ b
C:\Users\Martina Salami\.conda\envs\pinns_lan_env\Lib\site-packages\sklearn\neural_network\_multilayer_perceptron.py:356: RuntimeWarning: overflow encountered in dot
  values += np.dot(s, s)
C:\Users\Martina Salami\.conda\envs\pinns_lan_env\Lib\site-packages\sklearn\neural_network\_multilayer_perceptron.py:356: RuntimeWarning: overflow encountered in dot
  values += np.dot(s, s)
C:\Users\Martina Salami\.conda\envs\pinns_lan_env\Lib\site-packages\sklearn\utils\extmath.py:227: RuntimeWarning: overflow encountered in matmul
  ret = a @ b
C:\Users\Martina Salami\.conda\envs\pinns_lan_env\Lib\site-packages\sklearn\utils\extmath.py:227: RuntimeWarning: overflow encountered in matmul
  ret = a @ b
C:\Users\Martina Salami\.conda\envs\pinns_lan_env\Lib\site-packages\sklearn\neural_network\_multilayer_perceptron.py:785: ConvergenceWarning: Stochastic Optimizer: Maximum iterations (200) reached and the optimization hasn't converged yet.
  warnings.warn(
C:\Users\Martina Salami\.conda\envs\pinns_lan_env\Lib\site-packages\sklearn\neural_network\_multilayer_perceptron.py:785: ConvergenceWarning: Stochastic Optimizer: Maximum iterations (200) reached and the optimization hasn't converged yet.
  warnings.warn(
C:\Users\Martina Salami\.conda\envs\pinns_lan_env\Lib\site-packages\sklearn\neural_network\_multilayer_perceptron.py:785: ConvergenceWarning: Stochastic Optimizer: Maximum iterations (200) reached and the optimization hasn't converged yet.
  warnings.warn(
C:\Users\Martina Salami\.conda\envs\pinns_lan_env\Lib\site-packages\sklearn\neural_network\_multilayer_perceptron.py:785: ConvergenceWarning: Stochastic Optimizer: Maximum iterations (200) reached and the optimization hasn't converged yet.
  warnings.warn(
C:\Users\Martina Salami\.conda\envs\pinns_lan_env\Lib\site-packages\sklearn\model_selection\_search.py:1148: RuntimeWarning: overflow encountered in square
  (array - array_means[:, np.newaxis]) ** 2, axis=1, weights=weights
Fitting 5 folds for each of 16 candidates, totalling 80 fits
[DONE] Family fit complete | family=MLP elapsed=9.79s best_score=-410.47703632358724 best_params={'estimator__activation': 'tanh', 'estimator__early_stopping': True, 'estimator__hidden_layer_sizes': (200, 50), 'estimator__learning_rate': 'adaptive', 'estimator__solver': 'adam'}
[INFO] Evaluating family bank
[INFO] Family evaluation started | family=MLP targets=1
[DONE] Family evaluation complete | family=MLP elapsed=0.00s mean_component_mape=16756.051% mean_component_mae=0.012969
[INFO] Evaluation complete | winner=MLP mean_component_mape=16756.051%
[INFO] Exporting ONNX family bank
[INFO] Family ONNX export started | family=MLP targets=1 estimator=MLPRegressor
[WARN] Target ONNX export failed | family=MLP target=fft_y_Fw_filtered_ampl_156 error='NoneType' object is not callable
[DONE] Family ONNX export complete | family=MLP elapsed=0.00s exported=0 failed=1
[INFO] ONNX export complete | exported=0 failed=1
[DONE] Exact paper validation summary written | output/validation_checks/paper_reimplementation_rcim_exact_model_bank/2026-04-19-01-47-48__track1_mlp_amplitude_156_closure_attempt_04_campaign_run/validation_summary.yaml
[DONE] Exact paper Markdown report written | doc/reports/analysis/validation_checks/2026-04-19-01-47-58_paper_reimplementation_rcim_exact_model_bank_track1_mlp_amplitude_156_closure_attempt_04_campaign_run_exact_paper_model_bank_report.md
[CV] END estimator__activation=tanh, estimator__early_stopping=True, estimator__hidden_layer_sizes=(100, 50), estimator__learning_rate=adaptive, estimator__solver=sgd; total time=   0.5s
[CV] END estimator__activation=relu, estimator__early_stopping=True, estimator__hidden_layer_sizes=(100, 50), estimator__learning_rate=adaptive, estimator__solver=adam; total time=   0.2s
[CV] END estimator__activation=tanh, estimator__early_stopping=True, estimator__hidden_layer_sizes=(100,), estimator__learning_rate=adaptive, estimator__solver=sgd; total time=   0.3s
[CV] END estimator__activation=tanh, estimator__early_stopping=True, estimator__hidden_layer_sizes=(200,), estimator__learning_rate=adaptive, estimator__solver=sgd; total time=   0.2s
[CV] END estimator__activation=tanh, estimator__early_stopping=True, estimator__hidden_layer_sizes=(200, 50), estimator__learning_rate=adaptive, estimator__solver=sgd; total time=   0.6s
[CV] END estimator__activation=relu, estimator__early_stopping=True, estimator__hidden_layer_sizes=(100, 50), estimator__learning_rate=adaptive, estimator__solver=adam; total time=   0.4s
[CV] END estimator__activation=tanh, estimator__early_stopping=True, estimator__hidden_layer_sizes=(200,), estimator__learning_rate=adaptive, estimator__solver=sgd; total time=   0.8s
[CV] END estimator__activation=tanh, estimator__early_stopping=True, estimator__hidden_layer_sizes=(100, 50), estimator__learning_rate=adaptive, estimator__solver=adam; total time=   0.3s
[CV] END estimator__activation=relu, estimator__early_stopping=True, estimator__hidden_layer_sizes=(100, 50), estimator__learning_rate=adaptive, estimator__solver=adam; total time=   0.2s
[CV] END estimator__activation=tanh, estimator__early_stopping=True, estimator__hidden_layer_sizes=(100, 50), estimator__learning_rate=adaptive, estimator__solver=adam; total time=   0.0s
[CV] END estimator__activation=tanh, estimator__early_stopping=True, estimator__hidden_layer_sizes=(200, 50), estimator__learning_rate=adaptive, estimator__solver=adam; total time=   1.0s
[CV] END estimator__activation=tanh, estimator__early_stopping=True, estimator__hidden_layer_sizes=(200,), estimator__learning_rate=adaptive, estimator__solver=sgd; total time=   0.3s
[CV] END estimator__activation=relu, estimator__early_stopping=True, estimator__hidden_layer_sizes=(100,), estimator__learning_rate=adaptive, estimator__solver=adam; total time=   0.2s
[CV] END estimator__activation=relu, estimator__early_stopping=True, estimator__hidden_layer_sizes=(200,), estimator__learning_rate=adaptive, estimator__solver=adam; total time=   0.3s
[CV] END estimator__activation=tanh, estimator__early_stopping=True, estimator__hidden_layer_sizes=(100,), estimator__learning_rate=adaptive, estimator__solver=sgd; total time=   0.2s
[CV] END estimator__activation=tanh, estimator__early_stopping=True, estimator__hidden_layer_sizes=(200, 50), estimator__learning_rate=adaptive, estimator__solver=adam; total time=   0.9s
[CV] END estimator__activation=tanh, estimator__early_stopping=True, estimator__hidden_layer_sizes=(100,), estimator__learning_rate=adaptive, estimator__solver=adam; total time=   0.0s
[CV] END estimator__activation=tanh, estimator__early_stopping=True, estimator__hidden_layer_sizes=(200,), estimator__learning_rate=adaptive, estimator__solver=adam; total time=   0.0s
[CV] END estimator__activation=tanh, estimator__early_stopping=True, estimator__hidden_layer_sizes=(200, 50), estimator__learning_rate=adaptive, estimator__solver=sgd; total time=   1.2s
[CV] END estimator__activation=tanh, estimator__early_stopping=True, estimator__hidden_layer_sizes=(200,), estimator__learning_rate=adaptive, estimator__solver=sgd; total time=   0.2s
[CV] END estimator__activation=relu, estimator__early_stopping=True, estimator__hidden_layer_sizes=(100,), estimator__learning_rate=adaptive, estimator__solver=sgd; total time=   0.0s
[CV] END estimator__activation=relu, estimator__early_stopping=True, estimator__hidden_layer_sizes=(100,), estimator__learning_rate=adaptive, estimator__solver=sgd; total time=   0.0s
[CV] END estimator__activation=relu, estimator__early_stopping=True, estimator__hidden_layer_sizes=(100,), estimator__learning_rate=adaptive, estimator__solver=adam; total time=   0.2s
[CV] END estimator__activation=relu, estimator__early_stopping=True, estimator__hidden_layer_sizes=(200,), estimator__learning_rate=adaptive, estimator__solver=adam; total time=   0.3s
[CV] END estimator__activation=tanh, estimator__early_stopping=True, estimator__hidden_layer_sizes=(100, 50), estimator__learning_rate=adaptive, estimator__solver=sgd; total time=   0.6s
[CV] END estimator__activation=relu, estimator__early_stopping=True, estimator__hidden_layer_sizes=(200,), estimator__learning_rate=adaptive, estimator__solver=adam; total time=   0.3s
[CV] END estimator__activation=tanh, estimator__early_stopping=True, estimator__hidden_layer_sizes=(100, 50), estimator__learning_rate=adaptive, estimator__solver=sgd; total time=   0.6s
[CV] END estimator__activation=relu, estimator__early_stopping=True, estimator__hidden_layer_sizes=(200,), estimator__learning_rate=adaptive, estimator__solver=adam; total time=   0.3s
[CV] END estimator__activation=tanh, estimator__early_stopping=True, estimator__hidden_layer_sizes=(100,), estimator__learning_rate=adaptive, estimator__solver=sgd; total time=   0.2s
[CV] END estimator__activation=tanh, estimator__early_stopping=True, estimator__hidden_layer_sizes=(200, 50), estimator__learning_rate=adaptive, estimator__solver=adam; total time=   0.3s
[CV] END estimator__activation=relu, estimator__early_stopping=True, estimator__hidden_layer_sizes=(100,), estimator__learning_rate=adaptive, estimator__solver=adam; total time=   0.2s
[CV] END estimator__activation=relu, estimator__early_stopping=True, estimator__hidden_layer_sizes=(200,), estimator__learning_rate=adaptive, estimator__solver=adam; total time=   0.4s
[CV] END estimator__activation=tanh, estimator__early_stopping=True, estimator__hidden_layer_sizes=(100, 50), estimator__learning_rate=adaptive, estimator__solver=adam; total time=   0.2s
[CV] END estimator__activation=relu, estimator__early_stopping=True, estimator__hidden_layer_sizes=(100,), estimator__learning_rate=adaptive, estimator__solver=sgd; total time=   0.0s
[CV] END estimator__activation=relu, estimator__early_stopping=True, estimator__hidden_layer_sizes=(100,), estimator__learning_rate=adaptive, estimator__solver=adam; total time=   0.2s
[CV] END estimator__activation=relu, estimator__early_stopping=True, estimator__hidden_layer_sizes=(200,), estimator__learning_rate=adaptive, estimator__solver=sgd; total time=   0.0s
[CV] END estimator__activation=relu, estimator__early_stopping=True, estimator__hidden_layer_sizes=(200, 50), estimator__learning_rate=adaptive, estimator__solver=sgd; total time=   0.3s
[CV] END estimator__activation=tanh, estimator__early_stopping=True, estimator__hidden_layer_sizes=(100,), estimator__learning_rate=adaptive, estimator__solver=sgd; total time=   0.5s
[CV] END estimator__activation=tanh, estimator__early_stopping=True, estimator__hidden_layer_sizes=(200, 50), estimator__learning_rate=adaptive, estimator__solver=adam; total time=   0.2s
[CV] END estimator__activation=relu, estimator__early_stopping=True, estimator__hidden_layer_sizes=(100, 50), estimator__learning_rate=adaptive, estimator__solver=sgd; total time=   0.1s
[CV] END estimator__activation=relu, estimator__early_stopping=True, estimator__hidden_layer_sizes=(100, 50), estimator__learning_rate=adaptive, estimator__solver=adam; total time=   0.5s
[CV] END estimator__activation=tanh, estimator__early_stopping=True, estimator__hidden_layer_sizes=(100,), estimator__learning_rate=adaptive, estimator__solver=adam; total time=   0.2s
[CV] END estimator__activation=tanh, estimator__early_stopping=True, estimator__hidden_layer_sizes=(200,), estimator__learning_rate=adaptive, estimator__solver=adam; total time=   0.0s
[CV] END estimator__activation=tanh, estimator__early_stopping=True, estimator__hidden_layer_sizes=(200, 50), estimator__learning_rate=adaptive, estimator__solver=sgd; total time=   1.3s
[CV] END estimator__activation=tanh, estimator__early_stopping=True, estimator__hidden_layer_sizes=(100,), estimator__learning_rate=adaptive, estimator__solver=adam; total time=   0.2s
[CV] END estimator__activation=relu, estimator__early_stopping=True, estimator__hidden_layer_sizes=(100,), estimator__learning_rate=adaptive, estimator__solver=sgd; total time=   0.0s
[CV] END estimator__activation=relu, estimator__early_stopping=True, estimator__hidden_layer_sizes=(100, 50), estimator__learning_rate=adaptive, estimator__solver=sgd; total time=   0.1s
[CV] END estimator__activation=relu, estimator__early_stopping=True, estimator__hidden_layer_sizes=(200,), estimator__learning_rate=adaptive, estimator__solver=sgd; total time=   0.0s
[CV] END estimator__activation=relu, estimator__early_stopping=True, estimator__hidden_layer_sizes=(200, 50), estimator__learning_rate=adaptive, estimator__solver=sgd; total time=   0.4s
[CV] END estimator__activation=tanh, estimator__early_stopping=True, estimator__hidden_layer_sizes=(100,), estimator__learning_rate=adaptive, estimator__solver=sgd; total time=   0.1s
[CV] END estimator__activation=tanh, estimator__early_stopping=True, estimator__hidden_layer_sizes=(200,), estimator__learning_rate=adaptive, estimator__solver=adam; total time=   0.1s
[CV] END estimator__activation=tanh, estimator__early_stopping=True, estimator__hidden_layer_sizes=(200, 50), estimator__learning_rate=adaptive, estimator__solver=adam; total time=   0.4s
[CV] END estimator__activation=relu, estimator__early_stopping=True, estimator__hidden_layer_sizes=(100, 50), estimator__learning_rate=adaptive, estimator__solver=sgd; total time=   0.1s
[CV] END estimator__activation=relu, estimator__early_stopping=True, estimator__hidden_layer_sizes=(200,), estimator__learning_rate=adaptive, estimator__solver=sgd; total time=   0.0s
[CV] END estimator__activation=relu, estimator__early_stopping=True, estimator__hidden_layer_sizes=(200, 50), estimator__learning_rate=adaptive, estimator__solver=sgd; total time=   0.4s
[CV] END estimator__activation=tanh, estimator__early_stopping=True, estimator__hidden_layer_sizes=(100,), estimator__learning_rate=adaptive, estimator__solver=adam; total time=   0.4s
[CV] END estimator__activation=tanh, estimator__early_stopping=True, estimator__hidden_layer_sizes=(200, 50), estimator__learning_rate=adaptive, estimator__solver=sgd; total time=   0.8s
[CV] END estimator__activation=relu, estimator__early_stopping=True, estimator__hidden_layer_sizes=(200, 50), estimator__learning_rate=adaptive, estimator__solver=sgd; total time=   0.4s
[CV] END estimator__activation=tanh, estimator__early_stopping=True, estimator__hidden_layer_sizes=(100, 50), estimator__learning_rate=adaptive, estimator__solver=sgd; total time=   0.8s
[CV] END estimator__activation=relu, estimator__early_stopping=True, estimator__hidden_layer_sizes=(200, 50), estimator__learning_rate=adaptive, estimator__solver=sgd; total time=   0.4s
[CV] END estimator__activation=tanh, estimator__early_stopping=True, estimator__hidden_layer_sizes=(100, 50), estimator__learning_rate=adaptive, estimator__solver=adam; total time=   0.3s
[CV] END estimator__activation=tanh, estimator__early_stopping=True, estimator__hidden_layer_sizes=(200,), estimator__learning_rate=adaptive, estimator__solver=adam; total time=   0.2s
[CV] END estimator__activation=tanh, estimator__early_stopping=True, estimator__hidden_layer_sizes=(200, 50), estimator__learning_rate=adaptive, estimator__solver=sgd; total time=   0.8s
[CV] END estimator__activation=relu, estimator__early_stopping=True, estimator__hidden_layer_sizes=(200, 50), estimator__learning_rate=adaptive, estimator__solver=adam; total time=   0.4s
[CV] END estimator__activation=tanh, estimator__early_stopping=True, estimator__hidden_layer_sizes=(100, 50), estimator__learning_rate=adaptive, estimator__solver=adam; total time=   0.4s
[CV] END estimator__activation=relu, estimator__early_stopping=True, estimator__hidden_layer_sizes=(100, 50), estimator__learning_rate=adaptive, estimator__solver=sgd; total time=   0.1s
[CV] END estimator__activation=relu, estimator__early_stopping=True, estimator__hidden_layer_sizes=(200,), estimator__learning_rate=adaptive, estimator__solver=sgd; total time=   0.0s
[CV] END estimator__activation=relu, estimator__early_stopping=True, estimator__hidden_layer_sizes=(200, 50), estimator__learning_rate=adaptive, estimator__solver=adam; total time=   0.6s
[CV] END estimator__activation=tanh, estimator__early_stopping=True, estimator__hidden_layer_sizes=(100, 50), estimator__learning_rate=adaptive, estimator__solver=sgd; total time=   0.8s
[CV] END estimator__activation=relu, estimator__early_stopping=True, estimator__hidden_layer_sizes=(200, 50), estimator__learning_rate=adaptive, estimator__solver=adam; total time=   0.4s
[CV] END estimator__activation=tanh, estimator__early_stopping=True, estimator__hidden_layer_sizes=(100,), estimator__learning_rate=adaptive, estimator__solver=adam; total time=   0.2s
[CV] END estimator__activation=tanh, estimator__early_stopping=True, estimator__hidden_layer_sizes=(200,), estimator__learning_rate=adaptive, estimator__solver=adam; total time=   0.5s
[CV] END estimator__activation=relu, estimator__early_stopping=True, estimator__hidden_layer_sizes=(100,), estimator__learning_rate=adaptive, estimator__solver=adam; total time=   0.2s
[CV] END estimator__activation=relu, estimator__early_stopping=True, estimator__hidden_layer_sizes=(200,), estimator__learning_rate=adaptive, estimator__solver=sgd; total time=   0.0s
[CV] END estimator__activation=relu, estimator__early_stopping=True, estimator__hidden_layer_sizes=(200, 50), estimator__learning_rate=adaptive, estimator__solver=adam; total time=   0.6s
[CV] END estimator__activation=tanh, estimator__early_stopping=True, estimator__hidden_layer_sizes=(200,), estimator__learning_rate=adaptive, estimator__solver=sgd; total time=   0.2s
[CV] END estimator__activation=relu, estimator__early_stopping=True, estimator__hidden_layer_sizes=(100,), estimator__learning_rate=adaptive, estimator__solver=sgd; total time=   0.0s
[CV] END estimator__activation=relu, estimator__early_stopping=True, estimator__hidden_layer_sizes=(100, 50), estimator__learning_rate=adaptive, estimator__solver=sgd; total time=   0.0s
[CV] END estimator__activation=relu, estimator__early_stopping=True, estimator__hidden_layer_sizes=(100, 50), estimator__learning_rate=adaptive, estimator__solver=adam; total time=   0.3s
[CV] END estimator__activation=relu, estimator__early_stopping=True, estimator__hidden_layer_sizes=(200, 50), estimator__learning_rate=adaptive, estimator__solver=adam; total time=   0.6s
