condition_id,split,source_path,row_count,source_size_bytes,filesystem_modified_at_utc,filesystem_timestamp_is_acquisition_evidence,forward_valid_row_count,backward_valid_row_count,forward_valid_segment_count,backward_valid_segment_count,valid_overlap_row_count,direction_window_order,inter_window_gap_row_count,inter_window_gap_duration_s,pre_valid_row_count,post_valid_row_count,controlled_warmup_label_available,deterministic_reset_marker_available,minimum_speed_rpm,maximum_speed_rpm,forward_valid_median_speed_rpm,backward_valid_median_speed_rpm,valid_window_direction_sign_pass,sustained_motion_segment_count,sustained_direction_reversal_count,single_reversal_pair_available,repeated_reversal_cycle_pass,repeated_major_loop_pass,minor_loop_marker_available,offline_reversal_oracle_available,real_hysteresis_training_eligible
speed_100rpm__torque_0Nm__temperature_25degC,train,data/original_dataset/Test_25deg/100rpm/100.0rpm0.0Nm25.0deg.csv,449841,55479808,2026-06-23T17:44:46.966413+00:00,False,194400,194400,1,1,0,Fw_then_Bw,22163,5.54075,19439,19439,False,False,-100.8148491285586,17767262.210883204,100.00202806744103,-99.99604899591455,True,2,1,True,False,False,False,True,False
speed_100rpm__torque_0Nm__temperature_30degC,validation,data/original_dataset/Test_30deg/100rpm/100.0rpm0.0Nm30.0deg.csv,447268,40846619,2026-06-23T17:45:03.347163+00:00,False,194400,194399,1,1,0,Fw_then_Bw,19591,4.89775,19439,19439,False,False,-100.79999999531235,17510244.91333333,100.00000000097013,-99.9933333368972,True,2,1,True,False,False,False,True,False
speed_100rpm__torque_0Nm__temperature_35degC,train,data/original_dataset/Test_35deg/100rpm/100.0rpm0.0Nm35.0deg.csv,466563,57828185,2026-06-23T17:45:20.630145+00:00,False,194400,194400,1,1,0,Fw_then_Bw,38885,9.72125,19439,19439,False,False,-452.57024466991425,100.72365399779908,100.00163693136224,-99.99917820096016,True,2,1,True,False,False,False,True,False
speed_100rpm__torque_100Nm__temperature_25degC,train,data/original_dataset/Test_25deg/100rpm/100.0rpm100.0Nm25.0deg.csv,466563,56897581,2026-06-23T17:44:47.192635+00:00,False,194400,194400,1,1,0,Fw_then_Bw,38886,9.7215,19438,19439,False,False,-100.76891633313305,19438961.578533065,99.99917820096016,-99.99711066484451,True,2,1,True,False,False,False,True,False
speed_100rpm__torque_100Nm__temperature_30degC,test,data/original_dataset/Test_30deg/100rpm/100.0rpm100.0Nm30.0deg.csv,458954,56075242,2026-06-23T17:45:03.561588+00:00,False,194400,194400,1,1,0,Fw_then_Bw,31278,7.819500000000001,19438,19438,False,False,-100.72119533530592,18678169.70173266,99.99951346738574,-99.99532253520253,True,2,1,True,False,False,False,True,False
speed_100rpm__torque_100Nm__temperature_35degC,test,data/original_dataset/Test_35deg/100rpm/100.0rpm100.0Nm35.0deg.csv,459255,56732800,2026-06-23T17:45:20.879470+00:00,False,194400,194401,1,1,0,Fw_then_Bw,31577,7.89425,19439,19438,False,False,-100.69241746289966,18708252.181503933,99.9999046010392,-99.99705472728238,True,2,1,True,False,False,False,True,False
speed_100rpm__torque_200Nm__temperature_25degC,train,data/original_dataset/Test_25deg/100rpm/100.0rpm200.0Nm25.0deg.csv,466562,57658994,2026-06-23T17:44:49.433883+00:00,False,194400,194401,1,1,0,Fw_then_Bw,38885,9.72125,19438,19438,False,False,-100.7436030001069,19438391.42538607,99.99783706734888,-99.99638419928185,True,2,1,True,False,False,False,True,False
speed_100rpm__torque_200Nm__temperature_30degC,train,data/original_dataset/Test_30deg/100rpm/100.0rpm200.0Nm30.0deg.csv,459253,56745255,2026-06-23T17:45:05.750613+00:00,False,194400,194400,1,1,0,Fw_then_Bw,31576,7.894,19439,19438,False,False,-100.83373633096926,18707357.811145462,99.99884293453458,-99.99778126560462,True,2,1,True,False,False,False,True,False
speed_100rpm__torque_200Nm__temperature_35degC,train,data/original_dataset/Test_35deg/100rpm/100.0rpm200.0Nm35.0deg.csv,457054,56493032,2026-06-23T17:45:23.265230+00:00,False,194400,194400,1,1,0,Fw_then_Bw,29377,7.34425,19439,19438,False,False,-100.809205333159,18487463.258262735,99.99850760020006,-99.99638420413248,True,2,1,True,False,False,False,True,False
speed_100rpm__torque_300Nm__temperature_25degC,train,data/original_dataset/Test_25deg/100rpm/100.0rpm300.0Nm25.0deg.csv,466563,57483193,2026-06-23T17:44:49.652040+00:00,False,194400,194400,1,1,0,Fw_then_Bw,38886,9.7215,19439,19438,False,False,-100.83971547040467,19438003.415074203,99.99850766325835,-99.9974459312701,True,2,1,True,False,False,False,True,False
speed_100rpm__torque_300Nm__temperature_30degC,test,data/original_dataset/Test_30deg/100rpm/100.0rpm300.0Nm30.0deg.csv,461995,57090839,2026-06-23T17:45:05.964466+00:00,False,194400,194400,1,1,0,Fw_then_Bw,34317,8.57925,19439,19439,False,False,-100.733824132476,18981177.713312197,99.99847969932793,-99.99951346738574,True,2,1,True,False,False,False,True,False
speed_100rpm__torque_300Nm__temperature_35degC,train,data/original_dataset/Test_35deg/100rpm/100.0rpm300.0Nm35.0deg.csv,458310,56650618,2026-06-23T17:45:23.484450+00:00,False,194401,194400,1,1,0,Fw_then_Bw,30633,7.65825,19438,19438,False,False,-100.78640653712985,18612779.394239202,99.99778120254632,-99.99884293453458,True,2,1,True,False,False,False,True,False
speed_100rpm__torque_400Nm__temperature_25degC,train,data/original_dataset/Test_25deg/100rpm/100.0rpm400.0Nm25.0deg.csv,466562,57574605,2026-06-23T17:44:49.876443+00:00,False,194400,194400,1,1,0,Fw_then_Bw,38885,9.72125,19438,19439,False,False,-100.91235860212085,19437527.56079654,99.99778120254632,-99.99884293453458,True,2,1,True,False,False,False,True,False
speed_100rpm__torque_400Nm__temperature_30degC,test,data/original_dataset/Test_30deg/100rpm/100.0rpm400.0Nm30.0deg.csv,462141,57041964,2026-06-23T17:45:06.192311+00:00,False,194399,194399,1,1,0,Fw_then_Bw,34465,8.61625,19439,19439,False,False,-100.75170546285032,18995380.124542866,99.99778126560462,-100.00091046094894,True,2,1,True,False,False,False,True,False
speed_100rpm__torque_400Nm__temperature_35degC,train,data/original_dataset/Test_35deg/100rpm/100.0rpm400.0Nm35.0deg.csv,458253,56134450,2026-06-23T17:45:23.702555+00:00,False,194400,194400,1,1,0,Fw_then_Bw,30576,7.644,19439,19438,False,False,-101.17270046612248,18606608.39125513,99.99711066969515,-100.00023986503948,True,2,1,True,False,False,False,True,False
speed_100rpm__torque_500Nm__temperature_25degC,train,data/original_dataset/Test_25deg/100rpm/100.0rpm500.0Nm25.0deg.csv,466562,56999889,2026-06-23T17:44:50.107019+00:00,False,194400,194400,1,1,0,Fw_then_Bw,38885,9.72125,19439,19438,False,False,-100.93169286847115,19437333.770692326,100.00130160187837,-99.99850762930389,True,2,1,True,False,False,False,True,False
speed_100rpm__torque_500Nm__temperature_30degC,validation,data/original_dataset/Test_30deg/100rpm/100.0rpm500.0Nm30.0deg.csv,460151,55970633,2026-06-23T17:45:06.403744+00:00,False,194400,194400,1,1,0,Fw_then_Bw,32474,8.118500000000001,19439,19438,False,False,-100.89799759831901,18796018.99188014,99.9974459312701,-99.99990466167219,True,2,1,True,False,False,False,True,False
speed_100rpm__torque_500Nm__temperature_35degC,test,data/original_dataset/Test_35deg/100rpm/100.0rpm500.0Nm35.0deg.csv,456444,55475497,2026-06-23T17:45:23.912928+00:00,False,194400,194400,1,1,0,Fw_then_Bw,28767,7.19175,19439,19438,False,False,-100.84535926580429,18425116.19338767,99.9981164689719,-99.99990466894815,True,2,1,True,False,False,False,True,False
speed_100rpm__torque_600Nm__temperature_25degC,validation,data/original_dataset/Test_25deg/100rpm/100.0rpm600.0Nm25.0deg.csv,466562,56716158,2026-06-23T17:44:50.327744+00:00,False,194400,194400,1,1,0,Fw_then_Bw,38886,9.7215,19438,19438,False,False,-100.96281766406416,19436860.9313294,100.00202806744103,-99.99923413609697,True,2,1,True,False,False,False,True,False
speed_100rpm__torque_600Nm__temperature_30degC,train,data/original_dataset/Test_30deg/100rpm/100.0rpm600.0Nm30.0deg.csv,459842,55888611,2026-06-23T17:45:06.623354+00:00,False,194400,194400,1,1,0,Fw_then_Bw,32166,8.041500000000001,19439,19437,False,False,-101.07938199265239,18764629.481434796,100.0006310690272,-100.000575199374,True,2,1,True,False,False,False,True,False
speed_100rpm__torque_600Nm__temperature_35degC,test,data/original_dataset/Test_35deg/100rpm/100.0rpm600.0Nm35.0deg.csv,457554,55596880,2026-06-23T17:45:24.131457+00:00,False,194399,194401,1,1,0,Fw_then_Bw,29877,7.46925,19440,19437,False,False,-100.94113653758541,18535621.719360337,99.9995693321883,-99.99990466652282,True,2,1,True,False,False,False,True,False
speed_100rpm__torque_700Nm__temperature_25degC,train,data/original_dataset/Test_25deg/100rpm/100.0rpm700.0Nm25.0deg.csv,466564,56689103,2026-06-23T17:44:50.543917+00:00,False,194400,194401,1,1,0,Fw_then_Bw,38886,9.7215,19439,19438,False,False,-101.0056771337986,19436472.958233196,100.0037602680095,-99.99951353529468,True,2,1,True,False,False,False,True,False
speed_100rpm__torque_700Nm__temperature_30degC,train,data/original_dataset/Test_30deg/100rpm/100.0rpm700.0Nm30.0deg.csv,460628,55960900,2026-06-23T17:45:06.833957+00:00,False,194399,194400,1,1,0,Fw_then_Bw,32951,8.23775,19440,19438,False,False,-100.91202333569527,18842750.604450732,99.99850766325835,-100.00023993779905,True,2,1,True,False,False,False,True,False
speed_100rpm__torque_700Nm__temperature_35degC,train,data/original_dataset/Test_35deg/100rpm/100.0rpm700.0Nm35.0deg.csv,456861,55571428,2026-06-23T17:45:24.382205+00:00,False,194401,194400,1,1,0,Fw_then_Bw,29183,7.29575,19439,19438,False,False,-101.0656356617498,18466026.21328087,99.99951346738574,-100.00023993294842,True,2,1,True,False,False,False,True,False
speed_100rpm__torque_800Nm__temperature_25degC,validation,data/original_dataset/Test_25deg/100rpm/100.0rpm800.0Nm25.0deg.csv,466564,56758122,2026-06-23T17:44:50.757776+00:00,False,194400,194400,1,1,0,Fw_then_Bw,38887,9.72175,19439,19438,False,False,-101.14425793290138,19436082.614678863,100.00202806744103,-100.00023993779905,True,2,1,True,False,False,False,True,False
speed_100rpm__torque_800Nm__temperature_30degC,train,data/original_dataset/Test_30deg/100rpm/100.0rpm800.0Nm30.0deg.csv,459006,55776681,2026-06-23T17:45:07.057706+00:00,False,194399,194400,1,1,0,Fw_then_Bw,31329,7.83225,19440,19438,False,False,-101.01405899816504,18680160.564947873,99.9999046010392,-100.00130159702773,True,2,1,True,False,False,False,True,False
speed_100rpm__torque_800Nm__temperature_35degC,validation,data/original_dataset/Test_35deg/100rpm/100.0rpm800.0Nm35.0deg.csv,455770,55396634,2026-06-23T17:45:24.591808+00:00,False,194400,194400,1,1,0,Fw_then_Bw,28093,7.02325,19439,19438,False,False,-101.09016673231963,18356457.833703596,100.000575199374,-100.00023986503948,True,2,1,True,False,False,False,True,False
speed_100rpm__torque_900Nm__temperature_25degC,train,data/original_dataset/Test_25deg/100rpm/100.0rpm900.0Nm25.0deg.csv,466562,56744651,2026-06-23T17:44:50.975615+00:00,False,194400,194400,1,1,0,Fw_then_Bw,38886,9.7215,19439,19437,False,False,-101.17582973422638,19435588.012430802,100.00549260197052,-100.00023986503948,True,2,1,True,False,False,False,True,False
speed_100rpm__torque_900Nm__temperature_30degC,validation,data/original_dataset/Test_30deg/100rpm/100.0rpm900.0Nm30.0deg.csv,460390,55899466,2026-06-23T17:45:07.269229+00:00,False,194399,194401,1,1,0,Fw_then_Bw,32713,8.17825,19440,19437,False,False,-101.16672146735557,18818196.297548734,100.00202806744103,-99.99956933703895,True,2,1,True,False,False,False,True,False
speed_100rpm__torque_900Nm__temperature_35degC,test,data/original_dataset/Test_35deg/100rpm/100.0rpm900.0Nm35.0deg.csv,456287,55404494,2026-06-23T17:45:24.810249+00:00,False,194399,194400,1,1,0,Fw_then_Bw,28610,7.1525,19440,19438,False,False,-101.09089313967463,18407672.07585273,100.00130166493666,-100.00130159702773,True,2,1,True,False,False,False,True,False
speed_100rpm__torque_1000Nm__temperature_25degC,train,data/original_dataset/Test_25deg/100rpm/100.0rpm1000.0Nm25.0deg.csv,466564,56631422,2026-06-23T17:44:47.414145+00:00,False,194400,194400,1,1,0,Fw_then_Bw,38887,9.72175,19439,19438,False,False,-101.28635913618685,19435212.695505466,100.00163693136224,-100.00130159702773,True,2,1,True,False,False,False,True,False
speed_100rpm__torque_1000Nm__temperature_30degC,test,data/original_dataset/Test_30deg/100rpm/100.0rpm1000.0Nm30.0deg.csv,459778,55911364,2026-06-23T17:45:03.777247+00:00,False,194400,194400,1,1,0,Fw_then_Bw,32101,8.02525,19440,19437,False,False,-101.16912426504616,18756580.365020797,100.00202806744103,-99.99850766810899,True,2,1,True,False,False,False,True,False
speed_100rpm__torque_1000Nm__temperature_35degC,train,data/original_dataset/Test_35deg/100rpm/100.0rpm1000.0Nm35.0deg.csv,457159,55552364,2026-06-23T17:45:21.166109+00:00,False,194400,194401,1,1,0,Fw_then_Bw,29482,7.3705,19439,19437,False,False,-101.11760346626397,18494467.269927274,100.000575199374,-99.9992341385223,True,2,1,True,False,False,False,True,False
speed_100rpm__torque_1100Nm__temperature_25degC,validation,data/original_dataset/Test_25deg/100rpm/100.0rpm1100.0Nm25.0deg.csv,466564,56716343,2026-06-23T17:44:47.634143+00:00,False,194401,194400,1,1,0,Fw_then_Bw,38886,9.7215,19439,19438,False,False,-101.28138586878777,19434825.1826316,100.00063100111826,-99.99744594097137,True,2,1,True,False,False,False,True,False
speed_100rpm__torque_1100Nm__temperature_30degC,test,data/original_dataset/Test_30deg/100rpm/100.0rpm1100.0Nm30.0deg.csv,460016,55902355,2026-06-23T17:45:03.994338+00:00,False,194399,194401,1,1,0,Fw_then_Bw,32339,8.08475,19440,19437,False,False,-101.27998893343222,18779800.3948666,99.99917819610953,-100.00130159702773,True,2,1,True,False,False,False,True,False
speed_100rpm__torque_1100Nm__temperature_35degC,train,data/original_dataset/Test_35deg/100rpm/100.0rpm1100.0Nm35.0deg.csv,459037,55782256,2026-06-23T17:45:21.447493+00:00,False,194400,194399,1,1,0,Fw_then_Bw,31361,7.84025,19439,19438,False,False,-101.31468999315985,18681882.2660856,100.0026986002922,-100.00169280101545,True,2,1,True,False,False,False,True,False
speed_100rpm__torque_1200Nm__temperature_25degC,train,data/original_dataset/Test_25deg/100rpm/100.0rpm1200.0Nm25.0deg.csv,466564,56710261,2026-06-23T17:44:47.845864+00:00,False,194400,194399,1,1,0,Fw_then_Bw,38888,9.722,19439,19438,False,False,-101.30703446338885,19434429.65660247,99.99604893285625,-99.99817233377448,True,2,1,True,False,False,False,True,False
speed_100rpm__torque_1200Nm__temperature_30degC,train,data/original_dataset/Test_30deg/100rpm/100.0rpm1200.0Nm30.0deg.csv,460131,55922221,2026-06-23T17:45:04.207215+00:00,False,194400,194400,1,1,0,Fw_then_Bw,32456,8.114,19438,19437,False,False,-101.55329480282187,18791032.87227447,99.99811646412127,-99.99951346738574,True,2,1,True,False,False,False,True,False
speed_100rpm__torque_1200Nm__temperature_35degC,validation,data/original_dataset/Test_35deg/100rpm/100.0rpm1200.0Nm35.0deg.csv,458186,55697040,2026-06-23T17:45:21.696534+00:00,False,194400,194401,1,1,0,Fw_then_Bw,30509,7.62725,19439,19437,False,False,-101.4571823325241,18596405.990961935,99.99917820096016,-99.99884293453458,True,2,1,True,False,False,False,True,False
speed_100rpm__torque_1300Nm__temperature_25degC,train,data/original_dataset/Test_25deg/100rpm/100.0rpm1300.0Nm25.0deg.csv,466564,56695512,2026-06-23T17:44:48.061045+00:00,False,194400,194400,1,1,0,Fw_then_Bw,38888,9.722,19439,19437,False,False,-101.4428213335729,19434067.82973554,99.99412113393191,-100.00063107387784,True,2,1,True,False,False,False,True,False
speed_100rpm__torque_1300Nm__temperature_30degC,train,data/original_dataset/Test_30deg/100rpm/100.0rpm1300.0Nm30.0deg.csv,458588,55757059,2026-06-23T17:45:04.425242+00:00,False,194400,194400,1,1,0,Fw_then_Bw,30910,7.7275,19440,19438,False,False,-101.49260979960673,18636121.389269873,99.99850766568368,-100.0020279995321,True,2,1,True,False,False,False,True,False
speed_100rpm__torque_1300Nm__temperature_35degC,train,data/original_dataset/Test_35deg/100rpm/100.0rpm1300.0Nm35.0deg.csv,459155,55807868,2026-06-23T17:45:21.941531+00:00,False,194401,194400,1,1,0,Fw_then_Bw,31477,7.86925,19439,19438,False,False,-101.47679593258849,18692919.42944753,99.9960490007652,-100.0026986002922,True,2,1,True,False,False,False,True,False
speed_100rpm__torque_1400Nm__temperature_25degC,train,data/original_dataset/Test_25deg/100rpm/100.0rpm1400.0Nm25.0deg.csv,466565,56703935,2026-06-23T17:44:48.282655+00:00,False,194401,194399,1,1,0,Fw_then_Bw,38888,9.722,19439,19438,False,False,-101.57050566340331,19433657.0417136,99.99359026551247,-100.00163686345331,True,2,1,True,False,False,False,True,False
speed_100rpm__torque_1400Nm__temperature_30degC,train,data/original_dataset/Test_30deg/100rpm/100.0rpm1400.0Nm30.0deg.csv,459282,55792773,2026-06-23T17:45:04.642576+00:00,False,194400,194401,1,1,0,Fw_then_Bw,31605,7.90125,19439,19437,False,False,-101.4125905930996,18705129.355397064,99.99711066969515,-100.0019722074891,True,2,1,True,False,False,False,True,False
speed_100rpm__torque_1400Nm__temperature_35degC,train,data/original_dataset/Test_35deg/100rpm/100.0rpm1400.0Nm35.0deg.csv,459134,55779291,2026-06-23T17:45:22.196386+00:00,False,194401,194400,1,1,0,Fw_then_Bw,31457,7.86425,19439,19437,False,False,-101.46522893531558,18690530.171971735,99.99677539841893,-100.00197219778784,True,2,1,True,False,False,False,True,False
speed_100rpm__torque_1500Nm__temperature_25degC,train,data/original_dataset/Test_25deg/100rpm/100.0rpm1500.0Nm25.0deg.csv,466564,56726249,2026-06-23T17:44:48.511211+00:00,False,194400,194400,1,1,0,Fw_then_Bw,38888,9.722,19439,19437,False,False,-101.64136066062686,19433273.90061686,99.990405132606,-100.00202805773976,True,2,1,True,False,False,False,True,False
speed_100rpm__torque_1500Nm__temperature_30degC,train,data/original_dataset/Test_30deg/100rpm/100.0rpm1500.0Nm30.0deg.csv,460933,56035197,2026-06-23T17:45:04.863104+00:00,False,194399,194400,1,1,0,Fw_then_Bw,33257,8.31425,19440,19437,False,False,-101.54485699604265,18869866.27953127,99.99532246729359,-99.99956933703895,True,2,1,True,False,False,False,True,False
speed_100rpm__torque_1500Nm__temperature_35degC,train,data/original_dataset/Test_35deg/100rpm/100.0rpm1500.0Nm35.0deg.csv,459459,55834069,2026-06-23T17:45:22.454400+00:00,False,194401,194400,1,1,0,Fw_then_Bw,31782,7.9455,19439,19437,False,False,-101.71992707182653,18722551.48798227,99.99426080321427,-100.00376026922217,True,2,1,True,False,False,False,True,False
speed_100rpm__torque_1600Nm__temperature_25degC,train,data/original_dataset/Test_25deg/100rpm/100.0rpm1600.0Nm25.0deg.csv,466564,56728226,2026-06-23T17:44:48.748993+00:00,False,194400,194400,1,1,0,Fw_then_Bw,38888,9.722,19439,19437,False,False,-101.96797552634962,19432717.775702465,99.98939926542032,-100.00130159702773,True,2,1,True,False,False,False,True,False
speed_100rpm__torque_1600Nm__temperature_30degC,validation,data/original_dataset/Test_30deg/100rpm/100.0rpm1600.0Nm30.0deg.csv,462239,56224063,2026-06-23T17:45:05.073543+00:00,False,194399,194400,1,1,0,Fw_then_Bw,34563,8.64075,19440,19437,False,False,-101.70623660087585,19000073.158945866,99.99359026551247,-100.00303386671779,True,2,1,True,False,False,False,True,False
speed_100rpm__torque_1600Nm__temperature_35degC,validation,data/original_dataset/Test_35deg/100rpm/100.0rpm1600.0Nm35.0deg.csv,460073,55936677,2026-06-23T17:45:22.652340+00:00,False,194400,194400,1,1,0,Fw_then_Bw,32397,8.09925,19439,19437,False,False,-101.73534973485705,18783583.319485202,99.98939933332925,-100.00130166493666,True,2,1,True,False,False,False,True,False
speed_100rpm__torque_1700Nm__temperature_25degC,train,data/original_dataset/Test_25deg/100rpm/100.0rpm1700.0Nm25.0deg.csv,466565,56715502,2026-06-23T17:44:48.985729+00:00,False,194400,194400,1,1,0,Fw_then_Bw,38889,9.72225,19440,19436,False,False,-101.77463293075562,19432322.727106467,99.99046099740856,-100.00163693136224,True,2,1,True,False,False,False,True,False
speed_100rpm__torque_1700Nm__temperature_30degC,train,data/original_dataset/Test_30deg/100rpm/100.0rpm1700.0Nm30.0deg.csv,460624,55993445,2026-06-23T17:45:05.299939+00:00,False,194400,194401,1,1,0,Fw_then_Bw,32947,8.23675,19440,19436,False,False,-101.78061206048974,18838198.144286867,99.99252853352421,-100.0026986002922,True,2,1,True,False,False,False,True,False
speed_100rpm__torque_1700Nm__temperature_35degC,validation,data/original_dataset/Test_35deg/100rpm/100.0rpm1700.0Nm35.0deg.csv,458317,55722645,2026-06-23T17:45:22.860538+00:00,False,194399,194400,1,1,0,Fw_then_Bw,30641,7.6602500000000004,19440,19437,False,False,-101.96339333197102,18607586.791869275,99.9960489377069,-100.00163693136224,True,2,1,True,False,False,False,True,False
speed_100rpm__torque_1800Nm__temperature_25degC,train,data/original_dataset/Test_25deg/100rpm/100.0rpm1800.0Nm25.0deg.csv,466564,56689210,2026-06-23T17:44:49.208646+00:00,False,194400,194400,1,1,0,Fw_then_Bw,38889,9.72225,19439,19436,False,False,-102.06934059776056,19431954.777538802,99.99219326709863,-99.9981724016834,True,2,1,True,False,False,False,True,False
speed_100rpm__torque_1800Nm__temperature_30degC,train,data/original_dataset/Test_30deg/100rpm/100.0rpm1800.0Nm30.0deg.csv,459956,55875986,2026-06-23T17:45:05.516148+00:00,False,194401,194400,1,1,0,Fw_then_Bw,32279,8.06975,19439,19437,False,False,-101.79989039897919,18771002.963092133,99.99291973266129,-100.00482199635978,True,2,1,True,False,False,False,True,False
speed_100rpm__torque_1800Nm__temperature_35degC,validation,data/original_dataset/Test_35deg/100rpm/100.0rpm1800.0Nm35.0deg.csv,457489,55577019,2026-06-23T17:45:23.061067+00:00,False,194399,194401,1,1,0,Fw_then_Bw,29813,7.453250000000001,19440,19436,False,False,-102.12650520164364,18524417.41235553,99.99325499908689,-100.00202806744103,True,2,1,True,False,False,False,True,False
speed_200rpm__torque_0Nm__temperature_25degC,train,data/original_dataset/Test_25deg/200rpm/200.0rpm0.0Nm25.0deg.csv,224939,27566393,2026-06-23T17:44:54.165430+00:00,False,97200,97200,1,1,0,Fw_then_Bw,11100,2.775,9719,9720,False,False,-200.88661460128301,17771248.940247998,200.04540679898733,-200.05065953106777,True,2,1,True,False,False,False,True,False
speed_200rpm__torque_0Nm__temperature_30degC,train,data/original_dataset/Test_30deg/200rpm/200.0rpm0.0Nm30.0deg.csv,230158,28184393,2026-06-23T17:45:10.617491+00:00,False,97200,97200,1,1,0,Fw_then_Bw,16320,4.08,9719,9719,False,False,-200.96557212915891,18815213.19039167,200.0446804013336,-200.04451273416635,True,2,1,True,False,False,False,True,False
speed_200rpm__torque_0Nm__temperature_35degC,train,data/original_dataset/Test_35deg/200rpm/200.0rpm0.0Nm35.0deg.csv,225932,27779988,2026-06-23T17:45:28.475469+00:00,False,97200,97200,1,1,0,Fw_then_Bw,12092,3.023,9720,9720,False,False,-201.027318801304,17969614.9691194,200.03763959903154,-200.03663373063318,True,2,1,True,False,False,False,True,False
speed_200rpm__torque_100Nm__temperature_25degC,train,data/original_dataset/Test_25deg/200rpm/200.0rpm100.0Nm25.0deg.csv,233281,28356918,2026-06-23T17:44:54.380131+00:00,False,97200,97200,1,1,0,Fw_then_Bw,19443,4.86075,9719,9719,False,False,-201.02486013396023,19439060.41167673,200.03769546747208,-200.04613326697535,True,2,1,True,False,False,False,True,False
speed_200rpm__torque_100Nm__temperature_30degC,test,data/original_dataset/Test_30deg/200rpm/200.0rpm100.0Nm30.0deg.csv,233282,28450004,2026-06-23T17:45:10.729188+00:00,False,97200,97200,1,1,0,Fw_then_Bw,19444,4.861,9719,9719,False,False,-201.02346320830597,19438828.54560393,200.03518086741678,-200.0387292355299,True,2,1,True,False,False,False,True,False
speed_200rpm__torque_100Nm__temperature_35degC,train,data/original_dataset/Test_35deg/200rpm/200.0rpm100.0Nm35.0deg.csv,233281,28684072,2026-06-23T17:45:28.589149+00:00,False,97200,97200,1,1,0,Fw_then_Bw,19442,4.8605,9720,9719,False,False,-200.94623786765925,19438829.758018266,200.03316926401266,-200.04434513975866,True,2,1,True,False,False,False,True,False
speed_200rpm__torque_200Nm__temperature_25degC,train,data/original_dataset/Test_25deg/200rpm/200.0rpm200.0Nm25.0deg.csv,233281,28659976,2026-06-23T17:44:55.598503+00:00,False,97200,97200,1,1,0,Fw_then_Bw,19443,4.86075,9719,9719,False,False,-201.07325166463852,19438673.8831736,200.0331133325138,-200.04015419787416,True,2,1,True,False,False,False,True,False
speed_200rpm__torque_200Nm__temperature_30degC,test,data/original_dataset/Test_30deg/200rpm/200.0rpm200.0Nm30.0deg.csv,233281,28858776,2026-06-23T17:45:12.012796+00:00,False,97200,97200,1,1,0,Fw_then_Bw,19442,4.8605,9719,9720,False,False,-201.09504459348196,19438447.66309487,200.0303194023824,-200.03942773716213,True,2,1,True,False,False,False,True,False
speed_200rpm__torque_200Nm__temperature_35degC,train,data/original_dataset/Test_35deg/200rpm/200.0rpm200.0Nm35.0deg.csv,233282,28843129,2026-06-23T17:45:29.832727+00:00,False,97200,97199,1,1,0,Fw_then_Bw,19443,4.86075,9720,9720,False,False,-201.07783373290053,19438437.13911247,200.02925773345245,-200.03942773716213,True,2,1,True,False,False,False,True,False
speed_200rpm__torque_300Nm__temperature_25degC,test,data/original_dataset/Test_25deg/200rpm/200.0rpm300.0Nm25.0deg.csv,233281,28794698,2026-06-23T17:44:55.709891+00:00,False,97200,97200,1,1,0,Fw_then_Bw,19443,4.86075,9719,9719,False,False,-201.17707546645156,19438292.457237802,200.03311339921007,-200.04644056704518,True,2,1,True,False,False,False,True,False
speed_200rpm__torque_300Nm__temperature_30degC,train,data/original_dataset/Test_30deg/200rpm/200.0rpm300.0Nm30.0deg.csv,233281,28813358,2026-06-23T17:45:12.134055+00:00,False,97200,97200,1,1,0,Fw_then_Bw,19443,4.86075,9719,9719,False,False,-201.08593626840351,19437853.953726605,200.02995616475042,-200.04607733183852,True,2,1,True,False,False,False,True,False
speed_200rpm__torque_300Nm__temperature_35degC,train,data/original_dataset/Test_35deg/200rpm/200.0rpm300.0Nm35.0deg.csv,233282,28839339,2026-06-23T17:45:29.970004+00:00,False,97200,97200,1,1,0,Fw_then_Bw,19443,4.86075,9720,9719,False,False,-201.12974567261213,19438063.13456967,200.02646366871582,-200.0380308018066,True,2,1,True,False,False,False,True,False
speed_200rpm__torque_400Nm__temperature_25degC,train,data/original_dataset/Test_25deg/200rpm/200.0rpm400.0Nm25.0deg.csv,233283,28840700,2026-06-23T17:44:55.819247+00:00,False,97200,97200,1,1,0,Fw_then_Bw,19444,4.861,9719,9720,False,False,-201.13572473443733,19437695.295866534,200.01456146322502,-200.0499330655051,True,2,1,True,False,False,False,True,False
speed_200rpm__torque_400Nm__temperature_30degC,train,data/original_dataset/Test_30deg/200rpm/200.0rpm400.0Nm30.0deg.csv,233282,28823164,2026-06-23T17:45:12.268991+00:00,False,97200,97199,1,1,0,Fw_then_Bw,19444,4.861,9719,9720,False,False,-201.04626193642616,19437467.63929727,200.01417026893856,-200.0503241918826,True,2,1,True,False,False,False,True,False
speed_200rpm__torque_400Nm__temperature_35degC,train,data/original_dataset/Test_35deg/200rpm/200.0rpm400.0Nm35.0deg.csv,233280,28753713,2026-06-23T17:45:30.102036+00:00,False,97200,97200,1,1,0,Fw_then_Bw,19442,4.8605,9719,9719,False,False,-201.1097408637094,19437467.519268397,200.0124379992485,-200.04540679898733,True,2,1,True,False,False,False,True,False
speed_200rpm__torque_500Nm__temperature_25degC,train,data/original_dataset/Test_25deg/200rpm/200.0rpm500.0Nm25.0deg.csv,233281,28606938,2026-06-23T17:44:55.939436+00:00,False,97200,97200,1,1,0,Fw_then_Bw,19443,4.86075,9719,9719,False,False,-201.18065180334574,19437122.0861748,200.01942286883906,-200.05345346483713,True,2,1,True,False,False,False,True,False
speed_200rpm__torque_500Nm__temperature_30degC,train,data/original_dataset/Test_30deg/200rpm/200.0rpm500.0Nm30.0deg.csv,233281,28386740,2026-06-23T17:45:12.402273+00:00,False,97200,97200,1,1,0,Fw_then_Bw,19442,4.8605,9719,9720,False,False,-201.20976493732692,19437278.54970846,200.01961846840763,-200.05099473443502,True,2,1,True,False,False,False,True,False
speed_200rpm__torque_500Nm__temperature_35degC,train,data/original_dataset/Test_35deg/200rpm/200.0rpm500.0Nm35.0deg.csv,233281,28334424,2026-06-23T17:45:30.220621+00:00,False,97200,97200,1,1,0,Fw_then_Bw,19443,4.86075,9719,9719,False,False,-201.3563924022795,19436890.614777803,200.01595839858055,-200.04998893515827,True,2,1,True,False,False,False,True,False
speed_200rpm__torque_600Nm__temperature_25degC,train,data/original_dataset/Test_25deg/200rpm/200.0rpm600.0Nm25.0deg.csv,233281,28326885,2026-06-23T17:44:56.039071+00:00,False,97200,97200,1,1,0,Fw_then_Bw,19442,4.8605,9719,9720,False,False,-201.36622713471297,19436934.850942403,200.01417026408794,-200.05451520167603,True,2,1,True,False,False,False,True,False
speed_200rpm__torque_600Nm__temperature_30degC,validation,data/original_dataset/Test_30deg/200rpm/200.0rpm600.0Nm30.0deg.csv,233281,28355128,2026-06-23T17:45:12.521285+00:00,False,97200,97200,1,1,0,Fw_then_Bw,19443,4.86075,9719,9719,False,False,-201.36058332476145,19436519.63252574,200.01417026408794,-200.05378873853869,True,2,1,True,False,False,False,True,False
speed_200rpm__torque_600Nm__temperature_35degC,train,data/original_dataset/Test_35deg/200rpm/200.0rpm600.0Nm35.0deg.csv,233281,28357498,2026-06-23T17:45:30.337532+00:00,False,97200,97200,1,1,0,Fw_then_Bw,19443,4.86075,9719,9719,False,False,-201.31358880219827,19436518.444977663,200.0127732656741,-200.0499330655051,True,2,1,True,False,False,False,True,False
speed_200rpm__torque_700Nm__temperature_25degC,train,data/original_dataset/Test_25deg/200rpm/200.0rpm700.0Nm25.0deg.csv,233282,28348731,2026-06-23T17:44:56.147802+00:00,False,97200,97201,1,1,0,Fw_then_Bw,19443,4.86075,9719,9719,False,False,-201.39813420246355,19436357.216779128,200.01908766668447,-200.05658266018145,True,2,1,True,False,False,False,True,False
speed_200rpm__torque_700Nm__temperature_30degC,validation,data/original_dataset/Test_30deg/200rpm/200.0rpm700.0Nm30.0deg.csv,233280,28349888,2026-06-23T17:45:12.673146+00:00,False,97200,97200,1,1,0,Fw_then_Bw,19442,4.8605,9719,9719,False,False,-201.30235706650032,19436336.918212462,200.01349973123678,-200.05239173284886,True,2,1,True,False,False,False,True,False
speed_200rpm__torque_700Nm__temperature_35degC,train,data/original_dataset/Test_35deg/200rpm/200.0rpm700.0Nm35.0deg.csv,233282,28335079,2026-06-23T17:45:30.449850+00:00,False,97200,97201,1,1,0,Fw_then_Bw,19442,4.8605,9720,9719,False,False,-201.45110786931278,19436512.205824196,200.01523200092683,-200.05138586081253,True,2,1,True,False,False,False,True,False
speed_200rpm__torque_800Nm__temperature_25degC,train,data/original_dataset/Test_25deg/200rpm/200.0rpm800.0Nm25.0deg.csv,233281,28350447,2026-06-23T17:44:56.256710+00:00,False,97200,97201,1,1,0,Fw_then_Bw,19442,4.8605,9719,9719,False,False,-201.40584560188776,19436161.396913197,200.0078559309865,-200.0612206660056,True,2,1,True,False,False,False,True,False
speed_200rpm__torque_800Nm__temperature_30degC,train,data/original_dataset/Test_30deg/200rpm/200.0rpm800.0Nm30.0deg.csv,233282,28363224,2026-06-23T17:45:12.799171+00:00,False,97199,97200,1,1,0,Fw_then_Bw,19444,4.861,9720,9719,False,False,-201.4630102009202,19435941.61452727,200.00930879905354,-200.06155600034012,True,2,1,True,False,False,False,True,False
speed_200rpm__torque_800Nm__temperature_35degC,train,data/original_dataset/Test_35deg/200rpm/200.0rpm800.0Nm35.0deg.csv,233282,28334244,2026-06-23T17:45:30.581182+00:00,False,97201,97200,1,1,0,Fw_then_Bw,19443,4.86075,9719,9719,False,False,-201.49989053606987,19436134.653221793,200.01137626726023,-200.06082946444317,True,2,1,True,False,False,False,True,False
speed_200rpm__torque_900Nm__temperature_25degC,test,data/original_dataset/Test_25deg/200rpm/200.0rpm900.0Nm25.0deg.csv,233280,28342543,2026-06-23T17:44:56.363175+00:00,False,97200,97199,1,1,0,Fw_then_Bw,19443,4.86075,9719,9719,False,False,-201.4608867369437,19435764.989554867,200.00679419899825,-200.05557686575534,True,2,1,True,False,False,False,True,False
speed_200rpm__torque_900Nm__temperature_30degC,validation,data/original_dataset/Test_30deg/200rpm/200.0rpm900.0Nm30.0deg.csv,233281,28331412,2026-06-23T17:45:12.925500+00:00,False,97200,97200,1,1,0,Fw_then_Bw,19443,4.86075,9719,9719,False,False,-201.54163239446157,19435358.589123935,200.00785586792819,-200.05239173284886,True,2,1,True,False,False,False,True,False
speed_200rpm__torque_900Nm__temperature_35degC,train,data/original_dataset/Test_35deg/200rpm/200.0rpm900.0Nm35.0deg.csv,233281,28364688,2026-06-23T17:45:30.695879+00:00,False,97200,97200,1,1,0,Fw_then_Bw,19442,4.8605,9720,9719,False,False,-201.66613160108682,19435542.96663034,200.00718533507703,-200.05239173042355,True,2,1,True,False,False,False,True,False
speed_200rpm__torque_1000Nm__temperature_25degC,train,data/original_dataset/Test_25deg/200rpm/200.0rpm1000.0Nm25.0deg.csv,233281,28370344,2026-06-23T17:44:54.592358+00:00,False,97200,97200,1,1,0,Fw_then_Bw,19442,4.8605,9720,9719,False,False,-201.70329139606716,19435194.334443673,200.01210270129377,-200.0587060659503,True,2,1,True,False,False,False,True,False
speed_200rpm__torque_1000Nm__temperature_30degC,validation,data/original_dataset/Test_30deg/200rpm/200.0rpm1000.0Nm30.0deg.csv,233282,28373614,2026-06-23T17:45:10.836159+00:00,False,97200,97200,1,1,0,Fw_then_Bw,19444,4.861,9719,9719,False,False,-201.6443945321953,19435184.856243398,200.00958813276762,-200.04892726622833,True,2,1,True,False,False,False,True,False
speed_200rpm__torque_1000Nm__temperature_35degC,train,data/original_dataset/Test_35deg/200rpm/200.0rpm1000.0Nm35.0deg.csv,233281,28338937,2026-06-23T17:45:28.706452+00:00,False,97200,97200,1,1,0,Fw_then_Bw,19442,4.8605,9720,9719,False,False,-201.66266706655733,19435167.2947034,200.00718533507703,-200.05697386416918,True,2,1,True,False,False,False,True,False
speed_200rpm__torque_1100Nm__temperature_25degC,train,data/original_dataset/Test_25deg/200rpm/200.0rpm1100.0Nm25.0deg.csv,233281,28332355,2026-06-23T17:44:54.698140+00:00,False,97200,97200,1,1,0,Fw_then_Bw,19443,4.86075,9719,9719,False,False,-201.7478831403423,19434991.249982264,200.01417026893856,-200.05630326340906,True,2,1,True,False,False,False,True,False
speed_200rpm__torque_1100Nm__temperature_30degC,train,data/original_dataset/Test_30deg/200rpm/200.0rpm1100.0Nm30.0deg.csv,233281,28355325,2026-06-23T17:45:10.946427+00:00,False,97200,97201,1,1,0,Fw_then_Bw,19443,4.86075,9719,9718,False,False,-201.86472680264464,19434583.971072003,200.0103145983303,-200.05730913059475,True,2,1,True,False,False,False,True,False
speed_200rpm__torque_1100Nm__temperature_35degC,validation,data/original_dataset/Test_35deg/200rpm/200.0rpm1100.0Nm35.0deg.csv,233281,28347312,2026-06-23T17:45:28.833774+00:00,False,97201,97199,1,1,0,Fw_then_Bw,19443,4.86075,9719,9719,False,False,-201.81946452551833,19434766.973778594,200.00858233349086,-200.05099479264268,True,2,1,True,False,False,False,True,False
speed_200rpm__torque_1200Nm__temperature_25degC,train,data/original_dataset/Test_25deg/200rpm/200.0rpm1200.0Nm25.0deg.csv,233282,28347780,2026-06-23T17:44:54.804657+00:00,False,97200,97200,1,1,0,Fw_then_Bw,19444,4.861,9719,9719,False,False,-201.90048966712007,19434426.154475663,200.01070573440907,-200.0537887312627,True,2,1,True,False,False,False,True,False
speed_200rpm__torque_1200Nm__temperature_30degC,train,data/original_dataset/Test_30deg/200rpm/200.0rpm1200.0Nm30.0deg.csv,233281,28349285,2026-06-23T17:45:11.057327+00:00,False,97200,97201,1,1,0,Fw_then_Bw,19443,4.86075,9719,9718,False,False,-201.83907820804356,19434189.865775395,200.0106498696065,-200.05345346483713,True,2,1,True,False,False,False,True,False
speed_200rpm__torque_1200Nm__temperature_35degC,train,data/original_dataset/Test_35deg/200rpm/200.0rpm1200.0Nm35.0deg.csv,233282,28355812,2026-06-23T17:45:28.952370+00:00,False,97200,97200,1,1,0,Fw_then_Bw,19443,4.86075,9720,9719,False,False,-201.9036747321176,19434376.147538394,200.0127732656741,-200.05697380596152,True,2,1,True,False,False,False,True,False
speed_200rpm__torque_1300Nm__temperature_25degC,train,data/original_dataset/Test_25deg/200rpm/200.0rpm1300.0Nm25.0deg.csv,233282,28359422,2026-06-23T17:44:54.917671+00:00,False,97200,97200,1,1,0,Fw_then_Bw,19444,4.861,9719,9719,False,False,-202.25236193315746,19434025.254696604,200.01556719944347,-200.05557687060596,True,2,1,True,False,False,False,True,False
speed_200rpm__torque_1300Nm__temperature_30degC,train,data/original_dataset/Test_30deg/200rpm/200.0rpm1300.0Nm30.0deg.csv,233281,28370096,2026-06-23T17:45:11.186090+00:00,False,97200,97200,1,1,0,Fw_then_Bw,19444,4.861,9719,9718,False,False,-202.1642960656512,19433815.5094162,200.01556726735242,-200.0541798673415,True,2,1,True,False,False,False,True,False
speed_200rpm__torque_1300Nm__temperature_35degC,train,data/original_dataset/Test_35deg/200rpm/200.0rpm1300.0Nm35.0deg.csv,233283,28377175,2026-06-23T17:45:29.069094+00:00,False,97200,97200,1,1,0,Fw_then_Bw,19444,4.861,9720,9719,False,False,-202.13484767009504,19433792.924936872,200.0124379992485,-200.05295053124428,True,2,1,True,False,False,False,True,False
speed_200rpm__torque_1400Nm__temperature_25degC,train,data/original_dataset/Test_25deg/200rpm/200.0rpm1400.0Nm25.0deg.csv,233282,28355141,2026-06-23T17:44:55.029936+00:00,False,97200,97200,1,1,0,Fw_then_Bw,19443,4.86075,9720,9719,False,False,-202.3495361354435,19433833.012003474,200.01450553536415,-200.0559121273303,True,2,1,True,False,False,False,True,False
speed_200rpm__torque_1400Nm__temperature_30degC,train,data/original_dataset/Test_30deg/200rpm/200.0rpm1400.0Nm30.0deg.csv,233282,28328523,2026-06-23T17:45:11.309018+00:00,False,97200,97200,1,1,0,Fw_then_Bw,19444,4.861,9719,9719,False,False,-201.99380813088888,19433430.075142533,200.01344379852526,-200.0534533993535,True,2,1,True,False,False,False,True,False
speed_200rpm__torque_1400Nm__temperature_35degC,train,data/original_dataset/Test_35deg/200rpm/200.0rpm1400.0Nm35.0deg.csv,233283,28362220,2026-06-23T17:45:29.213180+00:00,False,97200,97200,1,1,0,Fw_then_Bw,19444,4.861,9720,9719,False,False,-202.23308353646038,19433406.497463606,200.01277330205386,-200.05032420158386,True,2,1,True,False,False,False,True,False
speed_200rpm__torque_1500Nm__temperature_25degC,train,data/original_dataset/Test_25deg/200rpm/200.0rpm1500.0Nm25.0deg.csv,233283,28376007,2026-06-23T17:44:55.143247+00:00,False,97200,97200,1,1,0,Fw_then_Bw,19444,4.861,9720,9719,False,False,-202.23934199505797,19433240.485265866,200.01014693358835,-200.06295293569565,True,2,1,True,False,False,False,True,False
speed_200rpm__torque_1500Nm__temperature_30degC,train,data/original_dataset/Test_30deg/200rpm/200.0rpm1500.0Nm30.0deg.csv,233282,28302034,2026-06-23T17:45:11.419970+00:00,False,97200,97200,1,1,0,Fw_then_Bw,19444,4.861,9719,9719,False,False,-202.1099254003881,19433059.183638528,200.01294093041605,-200.0601030643641,True,2,1,True,False,False,False,True,False
speed_200rpm__torque_1500Nm__temperature_35degC,train,data/original_dataset/Test_35deg/200rpm/200.0rpm1500.0Nm35.0deg.csv,233282,28351973,2026-06-23T17:45:29.334444+00:00,False,97200,97200,1,1,0,Fw_then_Bw,19444,4.861,9720,9718,False,False,-202.34037193586119,19433018.466811597,200.01489666659228,-200.03383980171444,True,2,1,True,False,False,False,True,False
speed_200rpm__torque_1600Nm__temperature_25degC,train,data/original_dataset/Test_25deg/200rpm/200.0rpm1600.0Nm25.0deg.csv,233282,28364318,2026-06-23T17:44:55.252152+00:00,False,97200,97200,1,1,0,Fw_then_Bw,19444,4.861,9719,9719,False,False,-202.36775280015232,19432862.90701473,200.01417026893856,-200.05909726266208,True,2,1,True,False,False,False,True,False
speed_200rpm__torque_1600Nm__temperature_30degC,train,data/original_dataset/Test_30deg/200rpm/200.0rpm1600.0Nm30.0deg.csv,233281,28358446,2026-06-23T17:45:11.641409+00:00,False,97200,97200,1,1,0,Fw_then_Bw,19444,4.861,9719,9718,False,False,-202.2685110666013,19432646.641507734,200.01171160159478,-200.055213632974,True,2,1,True,False,False,False,True,False
speed_200rpm__torque_1600Nm__temperature_35degC,train,data/original_dataset/Test_35deg/200rpm/200.0rpm1600.0Nm35.0deg.csv,233283,28338327,2026-06-23T17:45:29.460699+00:00,False,97200,97200,1,1,0,Fw_then_Bw,19444,4.861,9720,9719,False,False,-202.4291642010212,19432639.353442937,200.0127732656741,-200.04222166608088,True,2,1,True,False,False,False,True,False
speed_200rpm__torque_1700Nm__temperature_25degC,train,data/original_dataset/Test_25deg/200rpm/200.0rpm1700.0Nm25.0deg.csv,233282,28366128,2026-06-23T17:44:55.364130+00:00,False,97200,97200,1,1,0,Fw_then_Bw,19444,4.861,9719,9719,False,False,-202.41793246532325,19432473.94775973,200.02294333365472,-200.08083433882953,True,2,1,True,False,False,False,True,False
speed_200rpm__torque_1700Nm__temperature_30degC,train,data/original_dataset/Test_30deg/200rpm/200.0rpm1700.0Nm30.0deg.csv,233282,28351591,2026-06-23T17:45:11.764407+00:00,False,97200,97200,1,1,0,Fw_then_Bw,19444,4.861,9719,9719,False,False,-202.31265573723553,19432255.248762667,200.0176906682706,-200.07099959669478,True,2,1,True,False,False,False,True,False
speed_200rpm__torque_1700Nm__temperature_35degC,validation,data/original_dataset/Test_35deg/200rpm/200.0rpm1700.0Nm35.0deg.csv,233283,28361497,2026-06-23T17:45:29.585312+00:00,False,97200,97200,1,1,0,Fw_then_Bw,19444,4.861,9720,9719,False,False,-202.69861446286086,19432239.51140413,200.01822153183943,-200.04697143061395,True,2,1,True,False,False,False,True,False
speed_200rpm__torque_1800Nm__temperature_25degC,train,data/original_dataset/Test_25deg/200rpm/200.0rpm1800.0Nm25.0deg.csv,233283,28342861,2026-06-23T17:44:55.479472+00:00,False,97199,97199,1,1,0,Fw_then_Bw,19446,4.8615,9720,9719,False,False,-202.44671026982056,19432090.226132467,200.01489666659228,-200.07384940011738,True,2,1,True,False,False,False,True,False
speed_200rpm__torque_1800Nm__temperature_30degC,train,data/original_dataset/Test_30deg/200rpm/200.0rpm1800.0Nm30.0deg.csv,233282,28345845,2026-06-23T17:45:11.887502+00:00,False,97200,97200,1,1,0,Fw_then_Bw,19444,4.861,9719,9719,False,False,-202.4179324604726,19431868.57502907,200.0124379992485,-200.0647410701883,True,2,1,True,False,False,False,True,False
speed_200rpm__torque_1800Nm__temperature_35degC,train,data/original_dataset/Test_35deg/200rpm/200.0rpm1800.0Nm35.0deg.csv,233283,28359944,2026-06-23T17:45:29.709196+00:00,False,97200,97200,1,1,0,Fw_then_Bw,19444,4.861,9720,9719,False,False,-202.59719340053076,19431860.1878174,200.0121027328229,-200.04015416877033,True,2,1,True,False,False,False,True,False
speed_300rpm__torque_0Nm__temperature_25degC,train,data/original_dataset/Test_25deg/300rpm/300.0rpm0.0Nm25.0deg.csv,158305,19358423,2026-06-23T17:44:56.455355+00:00,False,64800,64800,1,1,0,Fw_then_Bw,14224,3.556,6479,8002,False,False,-301.209613661437,18905595.197584465,299.9895438697422,-299.99686406032805,True,2,1,True,False,False,False,True,False
speed_300rpm__torque_0Nm__temperature_30degC,train,data/original_dataset/Test_30deg/300rpm/300.0rpm0.0Nm30.0deg.csv,158564,19374308,2026-06-23T17:45:13.021967+00:00,False,64800,64800,1,1,0,Fw_then_Bw,14483,3.62075,6480,8001,False,False,-301.16999519911286,18983272.411487937,299.98987913131714,-300.00144616739516,True,2,1,True,False,False,False,True,False
speed_300rpm__torque_0Nm__temperature_35degC,train,data/original_dataset/Test_35deg/300rpm/300.0rpm0.0Nm35.0deg.csv,158566,19380583,2026-06-23T17:45:30.774232+00:00,False,64800,64800,1,1,0,Fw_then_Bw,14484,3.621,6479,8003,False,False,-301.207546130172,18982968.354653597,299.98775573524955,-299.99865213176236,True,2,1,True,False,False,False,True,False
speed_300rpm__torque_100Nm__temperature_25degC,train,data/original_dataset/Test_25deg/300rpm/300.0rpm100.0Nm25.0deg.csv,158565,19257642,2026-06-23T17:44:56.526109+00:00,False,64800,64800,1,1,0,Fw_then_Bw,14483,3.62075,6479,8003,False,False,-301.2857772603941,18982704.154439267,299.9892085669368,-299.9888174017542,True,2,1,True,False,False,False,True,False
speed_300rpm__torque_100Nm__temperature_30degC,train,data/original_dataset/Test_30deg/300rpm/300.0rpm100.0Nm30.0deg.csv,158565,19280802,2026-06-23T17:45:13.100263+00:00,False,64800,64800,1,1,0,Fw_then_Bw,14483,3.62075,6480,8002,False,False,-301.10998080150847,18982684.8837174,299.9933995306492,-299.9971993340296,True,2,1,True,False,False,False,True,False
speed_300rpm__torque_100Nm__temperature_35degC,test,data/original_dataset/Test_35deg/300rpm/300.0rpm100.0Nm35.0deg.csv,158565,19347705,2026-06-23T17:45:30.854140+00:00,False,64800,64800,1,1,0,Fw_then_Bw,14483,3.62075,6480,8002,False,False,-301.2008406706931,18982669.858206064,299.99127606667264,-299.99479653391364,True,2,1,True,False,False,False,True,False
speed_300rpm__torque_200Nm__temperature_25degC,train,data/original_dataset/Test_25deg/300rpm/300.0rpm200.0Nm25.0deg.csv,158565,19439214,2026-06-23T17:44:57.280158+00:00,False,64800,64800,1,1,0,Fw_then_Bw,14482,3.6205000000000003,6480,8003,False,False,-301.2054226516436,77302424.123604,299.99440533477656,-299.99932266461354,True,2,1,True,False,False,False,True,False
speed_300rpm__torque_200Nm__temperature_30degC,test,data/original_dataset/Test_30deg/300rpm/300.0rpm200.0Nm30.0deg.csv,158565,19606172,2026-06-23T17:45:13.872687+00:00,False,64800,64800,1,1,0,Fw_then_Bw,14482,3.6205000000000003,6480,8003,False,False,-301.17491259200807,18982411.665581197,299.99373480192537,-299.99619353717816,True,2,1,True,False,False,False,True,False
speed_300rpm__torque_200Nm__temperature_35degC,train,data/original_dataset/Test_35deg/300rpm/300.0rpm200.0Nm35.0deg.csv,158563,19604007,2026-06-23T17:45:31.707756+00:00,False,64801,64800,1,1,0,Fw_then_Bw,14482,3.6205000000000003,6479,8001,False,False,-301.2777306721546,18982398.039456468,299.9961935323275,-299.9979257680631,True,2,1,True,False,False,False,True,False
speed_300rpm__torque_300Nm__temperature_25degC,train,data/original_dataset/Test_25deg/300rpm/300.0rpm300.0Nm25.0deg.csv,158564,19677025,2026-06-23T17:44:57.354844+00:00,False,64799,64801,1,1,0,Fw_then_Bw,14481,3.62025,6480,8003,False,False,-301.2640406668652,57862130.41037314,299.9892086008913,-299.99127599876374,True,2,1,True,False,False,False,True,False
speed_300rpm__torque_300Nm__temperature_30degC,train,data/original_dataset/Test_30deg/300rpm/300.0rpm300.0Nm30.0deg.csv,158561,19590492,2026-06-23T17:45:13.956401+00:00,False,64800,64800,1,1,0,Fw_then_Bw,14481,3.62025,6480,8000,False,False,-301.37350779841654,18982123.218420863,299.9923378035116,-299.9916114010072,True,2,1,True,False,False,False,True,False
speed_300rpm__torque_300Nm__temperature_35degC,train,data/original_dataset/Test_35deg/300rpm/300.0rpm300.0Nm35.0deg.csv,158561,19610121,2026-06-23T17:45:31.787451+00:00,False,64800,64800,1,1,0,Fw_then_Bw,14482,3.6205000000000003,6479,8000,False,False,-301.2103401318503,18982105.791214794,299.99094079903443,-299.99267306993715,True,2,1,True,False,False,False,True,False
speed_300rpm__torque_400Nm__temperature_25degC,train,data/original_dataset/Test_25deg/300rpm/300.0rpm400.0Nm25.0deg.csv,158560,19623894,2026-06-23T17:44:57.429763+00:00,False,64800,64800,1,1,0,Fw_then_Bw,14481,3.62025,6479,8000,False,False,-301.31137000474456,57862165.39917527,299.989488000089,-299.99094099912327,True,2,1,True,False,False,False,True,False
speed_300rpm__torque_400Nm__temperature_30degC,train,data/original_dataset/Test_30deg/300rpm/300.0rpm400.0Nm30.0deg.csv,158561,19590653,2026-06-23T17:45:14.034616+00:00,False,64800,64800,1,1,0,Fw_then_Bw,14481,3.62025,6479,8001,False,False,-301.2106753982759,18981837.821211603,299.99267306508654,-299.9859675959063,True,2,1,True,False,False,False,True,False
speed_300rpm__torque_400Nm__temperature_35degC,train,data/original_dataset/Test_35deg/300rpm/300.0rpm400.0Nm35.0deg.csv,158563,19578704,2026-06-23T17:45:31.870449+00:00,False,64800,64800,1,1,0,Fw_then_Bw,14481,3.62025,6480,8002,False,False,-301.2468292630122,18981826.527602933,299.9916113961566,-299.987420468824,True,2,1,True,False,False,False,True,False
speed_300rpm__torque_500Nm__temperature_25degC,validation,data/original_dataset/Test_25deg/300rpm/300.0rpm500.0Nm25.0deg.csv,158566,19648185,2026-06-23T17:44:57.501510+00:00,False,64800,64800,1,1,0,Fw_then_Bw,14484,3.621,6480,8002,False,False,-301.2787366654569,57860663.49618114,299.99233786656987,-299.98496134066954,True,2,1,True,False,False,False,True,False
speed_300rpm__torque_500Nm__temperature_30degC,train,data/original_dataset/Test_30deg/300rpm/300.0rpm500.0Nm30.0deg.csv,158567,19357419,2026-06-23T17:45:14.115268+00:00,False,64800,64800,1,1,0,Fw_then_Bw,14484,3.621,6480,8003,False,False,-301.30259693639044,18980646.027233474,299.9955229352054,-299.9863587416864,True,2,1,True,False,False,False,True,False
speed_300rpm__torque_500Nm__temperature_35degC,train,data/original_dataset/Test_35deg/300rpm/300.0rpm500.0Nm35.0deg.csv,158566,19284363,2026-06-23T17:45:31.962034+00:00,False,64800,64800,1,1,0,Fw_then_Bw,14483,3.62075,6480,8003,False,False,-301.3113699368356,18980328.816790137,299.996528802391,-299.9852970654805,True,2,1,True,False,False,False,True,False
speed_300rpm__torque_600Nm__temperature_25degC,train,data/original_dataset/Test_25deg/300rpm/300.0rpm600.0Nm25.0deg.csv,156214,19069603,2026-06-23T17:44:57.572615+00:00,False,64800,64800,1,1,0,Fw_then_Bw,12132,3.033,6479,8003,False,False,-301.3537826676232,37714764.73929333,299.99233786656987,-299.9904099997366,True,2,1,True,False,False,False,True,False
speed_300rpm__torque_600Nm__temperature_30degC,train,data/original_dataset/Test_30deg/300rpm/300.0rpm600.0Nm30.0deg.csv,158563,19270374,2026-06-23T17:45:14.193587+00:00,False,64800,64800,1,1,0,Fw_then_Bw,14483,3.62075,6480,8000,False,False,-301.36713760051254,18980365.825854268,299.9961935323275,-299.987420468824,True,2,1,True,False,False,False,True,False
speed_300rpm__torque_600Nm__temperature_35degC,train,data/original_dataset/Test_35deg/300rpm/300.0rpm600.0Nm35.0deg.csv,158565,19282239,2026-06-23T17:45:32.052055+00:00,False,64800,64800,1,1,0,Fw_then_Bw,14484,3.621,6479,8002,False,False,-301.364008327558,18980324.099063873,299.99474063515663,-299.9920025273847,True,2,1,True,False,False,False,True,False
speed_300rpm__torque_700Nm__temperature_25degC,train,data/original_dataset/Test_25deg/300rpm/300.0rpm700.0Nm25.0deg.csv,158562,19298911,2026-06-23T17:44:57.650558+00:00,False,64800,64800,1,1,0,Fw_then_Bw,14483,3.62075,6479,8000,False,False,-301.515553330925,38420389.53786706,299.9982610635925,-299.98635866407614,True,2,1,True,False,False,False,True,False
speed_300rpm__torque_700Nm__temperature_30degC,train,data/original_dataset/Test_30deg/300rpm/300.0rpm700.0Nm30.0deg.csv,158563,19278547,2026-06-23T17:45:14.269832+00:00,False,64800,64800,1,1,0,Fw_then_Bw,14483,3.62075,6479,8001,False,False,-301.4310076638746,18980073.020942464,299.9999932677989,-299.99200253708597,True,2,1,True,False,False,False,True,False
speed_300rpm__torque_700Nm__temperature_35degC,train,data/original_dataset/Test_35deg/300rpm/300.0rpm700.0Nm35.0deg.csv,158566,19271036,2026-06-23T17:45:32.139999+00:00,False,64800,64800,1,1,0,Fw_then_Bw,14483,3.62075,6480,8003,False,False,-301.43799260258675,18980076.901260797,299.99759046768304,-299.99373479707475,True,2,1,True,False,False,False,True,False
speed_300rpm__torque_800Nm__temperature_25degC,test,data/original_dataset/Test_25deg/300rpm/300.0rpm800.0Nm25.0deg.csv,158565,19282969,2026-06-23T17:44:57.729547+00:00,False,64800,64800,1,1,0,Fw_then_Bw,14482,3.6205000000000003,6480,8003,False,False,-301.5383519329286,18980097.987055734,299.9933995318618,-299.97473583352985,True,2,1,True,False,False,False,True,False
speed_300rpm__torque_800Nm__temperature_30degC,train,data/original_dataset/Test_30deg/300rpm/300.0rpm800.0Nm30.0deg.csv,158564,19270769,2026-06-23T17:45:14.355448+00:00,False,64800,64800,1,1,0,Fw_then_Bw,14482,3.6205000000000003,6480,8002,False,False,-301.637258400054,18980085.113402467,299.9979257341086,-299.97691506287083,True,2,1,True,False,False,False,True,False
speed_300rpm__torque_800Nm__temperature_35degC,train,data/original_dataset/Test_35deg/300rpm/300.0rpm800.0Nm35.0deg.csv,158565,19262339,2026-06-23T17:45:32.216904+00:00,False,64800,64800,1,1,0,Fw_then_Bw,14482,3.6205000000000003,6480,8003,False,False,-301.577970404954,18979770.41792127,299.9933994966947,-299.9768592320227,True,2,1,True,False,False,False,True,False
speed_300rpm__torque_900Nm__temperature_25degC,train,data/original_dataset/Test_25deg/300rpm/300.0rpm900.0Nm25.0deg.csv,158562,19288433,2026-06-23T17:44:57.807402+00:00,False,64800,64800,1,1,0,Fw_then_Bw,14481,3.62025,6480,8001,False,False,-301.4966100648356,18979810.79684573,299.99686400212033,-299.9769151356304,True,2,1,True,False,False,False,True,False
speed_300rpm__torque_900Nm__temperature_30degC,train,data/original_dataset/Test_30deg/300rpm/300.0rpm900.0Nm30.0deg.csv,158562,19271459,2026-06-23T17:45:14.432711+00:00,False,64800,64800,1,1,0,Fw_then_Bw,14482,3.6205000000000003,6479,8001,False,False,-301.62993820461753,18979803.478606008,299.9979816328656,-299.9800444037343,True,2,1,True,False,False,False,True,False
speed_300rpm__torque_900Nm__temperature_35degC,train,data/original_dataset/Test_35deg/300rpm/300.0rpm900.0Nm35.0deg.csv,158561,19258421,2026-06-23T17:45:32.302029+00:00,False,64800,64800,1,1,0,Fw_then_Bw,14482,3.6205000000000003,6479,8000,False,False,-301.81864273617975,18979783.182833333,300.00057999859564,-299.98669399841066,True,2,1,True,False,False,False,True,False
speed_300rpm__torque_1000Nm__temperature_25degC,test,data/original_dataset/Test_25deg/300rpm/300.0rpm1000.0Nm25.0deg.csv,158564,19337737,2026-06-23T17:44:56.599199+00:00,False,64800,64800,1,1,0,Fw_then_Bw,14482,3.6205000000000003,6479,8003,False,False,-301.5569600005013,57859833.92860733,300.00004920293577,-299.9807150093451,True,2,1,True,False,False,False,True,False
speed_300rpm__torque_1000Nm__temperature_30degC,train,data/original_dataset/Test_30deg/300rpm/300.0rpm1000.0Nm30.0deg.csv,158562,19259993,2026-06-23T17:45:13.179524+00:00,False,64800,64800,1,1,0,Fw_then_Bw,14481,3.62025,6480,8001,False,False,-301.68006193707697,18979516.968280073,300.0031784346599,-299.9807708062387,True,2,1,True,False,False,False,True,False
speed_300rpm__torque_1000Nm__temperature_35degC,train,data/original_dataset/Test_35deg/300rpm/300.0rpm1000.0Nm35.0deg.csv,158562,19276488,2026-06-23T17:45:30.937523+00:00,False,64800,64800,1,1,0,Fw_then_Bw,14481,3.62025,6480,8001,False,False,-301.7400764025903,18979487.943258137,300.0025078654289,-299.9818045694459,True,2,1,True,False,False,False,True,False
speed_300rpm__torque_1100Nm__temperature_25degC,validation,data/original_dataset/Test_25deg/300rpm/300.0rpm1100.0Nm25.0deg.csv,158566,19318491,2026-06-23T17:44:56.683610+00:00,False,64800,64800,1,1,0,Fw_then_Bw,14484,3.621,6480,8002,False,False,-301.91090000638115,38418336.48964734,300.00004920293577,-299.98071489778033,True,2,1,True,False,False,False,True,False
speed_300rpm__torque_1100Nm__temperature_30degC,validation,data/original_dataset/Test_30deg/300rpm/300.0rpm1100.0Nm30.0deg.csv,158565,19279974,2026-06-23T17:45:13.256732+00:00,False,64800,64800,1,1,0,Fw_then_Bw,14484,3.621,6480,8001,False,False,-301.7558343417477,18978029.415551536,299.998652132975,-299.9797090621238,True,2,1,True,False,False,False,True,False
speed_300rpm__torque_1100Nm__temperature_35degC,validation,data/original_dataset/Test_35deg/300rpm/300.0rpm1100.0Nm35.0deg.csv,158564,19262095,2026-06-23T17:45:31.026847+00:00,False,64800,64800,1,1,0,Fw_then_Bw,14484,3.621,6480,8000,False,False,-302.02455819623236,18978001.072146002,299.99932273252244,-299.9858278659909,True,2,1,True,False,False,False,True,False
speed_300rpm__torque_1200Nm__temperature_25degC,validation,data/original_dataset/Test_25deg/300rpm/300.0rpm1200.0Nm25.0deg.csv,156218,19038440,2026-06-23T17:44:56.761560+00:00,False,64799,64800,1,1,0,Fw_then_Bw,12138,3.0345,6480,8001,False,False,-301.934760005679,37714237.9547842,299.99898746852216,-299.979317933321,True,2,1,True,False,False,False,True,False
speed_300rpm__torque_1200Nm__temperature_30degC,train,data/original_dataset/Test_30deg/300rpm/300.0rpm1200.0Nm30.0deg.csv,158566,19280457,2026-06-23T17:45:13.329959+00:00,False,64799,64800,1,1,0,Fw_then_Bw,14484,3.621,6480,8003,False,False,-301.9842691331481,18978049.975801263,299.9983169332457,-299.9741211339521,True,2,1,True,False,False,False,True,False
speed_300rpm__torque_1200Nm__temperature_35degC,train,data/original_dataset/Test_35deg/300rpm/300.0rpm1200.0Nm35.0deg.csv,158564,19284830,2026-06-23T17:45:31.119181+00:00,False,64800,64800,1,1,0,Fw_then_Bw,14485,3.62125,6479,8000,False,False,-302.0259551994968,18978046.904783662,299.9983169332457,-299.979317933321,True,2,1,True,False,False,False,True,False
speed_300rpm__torque_1300Nm__temperature_25degC,train,data/original_dataset/Test_25deg/300rpm/300.0rpm1300.0Nm25.0deg.csv,158566,19317792,2026-06-23T17:44:56.838974+00:00,False,64800,64800,1,1,0,Fw_then_Bw,14483,3.62075,6480,8003,False,False,-302.32312159690383,38417773.080524065,299.9965287987531,-299.98110606296297,True,2,1,True,False,False,False,True,False
speed_300rpm__torque_1300Nm__temperature_30degC,train,data/original_dataset/Test_30deg/300rpm/300.0rpm1300.0Nm30.0deg.csv,158564,19285456,2026-06-23T17:45:13.409827+00:00,False,64800,64800,1,1,0,Fw_then_Bw,14483,3.62075,6479,8002,False,False,-302.0975366040754,18977764.683142267,300.00197699943476,-299.9817766346193,True,2,1,True,False,False,False,True,False
speed_300rpm__torque_1300Nm__temperature_35degC,train,data/original_dataset/Test_35deg/300rpm/300.0rpm1300.0Nm35.0deg.csv,158566,19283706,2026-06-23T17:45:31.201360+00:00,False,64800,64800,1,1,0,Fw_then_Bw,14483,3.62075,6480,8003,False,False,-302.1168150007725,18977743.664011333,300.0000491301762,-299.98216779980186,True,2,1,True,False,False,False,True,False
speed_300rpm__torque_1400Nm__temperature_25degC,train,data/original_dataset/Test_25deg/300rpm/300.0rpm1400.0Nm25.0deg.csv,158563,19270361,2026-06-23T17:44:56.913223+00:00,False,64800,64800,1,1,0,Fw_then_Bw,14482,3.6205000000000003,6480,8001,False,False,-302.12838199804537,18977782.41975234,300.0028431318545,-299.9807707965374,True,2,1,True,False,False,False,True,False
speed_300rpm__torque_1400Nm__temperature_30degC,validation,data/original_dataset/Test_30deg/300rpm/300.0rpm1400.0Nm30.0deg.csv,158564,19283887,2026-06-23T17:45:13.482415+00:00,False,64800,64800,1,1,0,Fw_then_Bw,14482,3.6205000000000003,6480,8002,False,False,-302.115417997508,18977496.799808,300.00217259900336,-299.98496173357125,True,2,1,True,False,False,False,True,False
speed_300rpm__torque_1400Nm__temperature_35degC,train,data/original_dataset/Test_35deg/300rpm/300.0rpm1400.0Nm35.0deg.csv,158565,19274018,2026-06-23T17:45:31.280322+00:00,False,64800,64800,1,1,0,Fw_then_Bw,14482,3.6205000000000003,6480,8003,False,False,-302.1947108015108,18977445.245068535,300.0010550022125,-299.98775573524955,True,2,1,True,False,False,False,True,False
speed_300rpm__torque_1500Nm__temperature_25degC,train,data/original_dataset/Test_25deg/300rpm/300.0rpm1500.0Nm25.0deg.csv,158563,19284279,2026-06-23T17:44:56.984997+00:00,False,64800,64800,1,1,0,Fw_then_Bw,14482,3.6205000000000003,6479,8002,False,False,-302.1739795998049,18977499.4950928,300.0042959999215,-299.98043553496245,True,2,1,True,False,False,False,True,False
speed_300rpm__torque_1500Nm__temperature_30degC,train,data/original_dataset/Test_30deg/300rpm/300.0rpm1500.0Nm30.0deg.csv,158563,19284378,2026-06-23T17:45:13.554957+00:00,False,64799,64801,1,1,0,Fw_then_Bw,14482,3.6205000000000003,6480,8001,False,False,-302.2284060619616,18977490.891460333,300.0018372646688,-299.9779767997097,True,2,1,True,False,False,False,True,False
speed_300rpm__torque_1500Nm__temperature_35degC,train,data/original_dataset/Test_35deg/300rpm/300.0rpm1500.0Nm35.0deg.csv,158563,19268488,2026-06-23T17:45:31.361369+00:00,False,64800,64800,1,1,0,Fw_then_Bw,14482,3.6205000000000003,6479,8002,False,False,-302.37011613401893,18977158.376891132,300.00351373261464,-299.98459853231907,True,2,1,True,False,False,False,True,False
speed_300rpm__torque_1600Nm__temperature_25degC,train,data/original_dataset/Test_25deg/300rpm/300.0rpm1600.0Nm25.0deg.csv,158563,19272863,2026-06-23T17:44:57.056329+00:00,False,64800,64800,1,1,0,Fw_then_Bw,14481,3.62025,6480,8002,False,False,-302.7349524685027,18977210.663426667,300.0056370656239,-299.9772503996307,True,2,1,True,False,False,False,True,False
speed_300rpm__torque_1600Nm__temperature_30degC,train,data/original_dataset/Test_30deg/300rpm/300.0rpm1600.0Nm30.0deg.csv,158562,19276159,2026-06-23T17:45:13.632595+00:00,False,64800,64800,1,1,0,Fw_then_Bw,14481,3.62025,6480,8001,False,False,-302.45259407092817,18977203.5788186,300.0011108670151,-299.9791782349348,True,2,1,True,False,False,False,True,False
speed_300rpm__torque_1600Nm__temperature_35degC,train,data/original_dataset/Test_35deg/300rpm/300.0rpm1600.0Nm35.0deg.csv,158562,19267967,2026-06-23T17:45:31.445463+00:00,False,64800,64801,1,1,0,Fw_then_Bw,14481,3.62025,6480,8000,False,False,-302.6381134695839,18977220.547143396,300.00356953435886,-299.9846264719963,True,2,1,True,False,False,False,True,False
speed_300rpm__torque_1700Nm__temperature_25degC,train,data/original_dataset/Test_25deg/300rpm/300.0rpm1700.0Nm25.0deg.csv,158566,19255270,2026-06-23T17:44:57.128374+00:00,False,64800,64801,1,1,0,Fw_then_Bw,14484,3.621,6480,8001,False,False,-302.8591163359427,18976021.47381754,299.9961934644186,-299.96462160003523,True,2,1,True,False,False,False,True,False
speed_300rpm__torque_1700Nm__temperature_30degC,train,data/original_dataset/Test_30deg/300rpm/300.0rpm1700.0Nm30.0deg.csv,158567,19272634,2026-06-23T17:45:13.709895+00:00,False,64800,64800,1,1,0,Fw_then_Bw,14484,3.621,6480,8003,False,False,-302.35329646772396,18975717.71655233,300.00071973578696,-299.9769151307798,True,2,1,True,False,False,False,True,False
speed_300rpm__torque_1700Nm__temperature_35degC,train,data/original_dataset/Test_35deg/300rpm/300.0rpm1700.0Nm35.0deg.csv,158567,19285024,2026-06-23T17:45:31.535081+00:00,False,64800,64800,1,1,0,Fw_then_Bw,14484,3.621,6480,8003,False,False,-302.42588366187795,18975713.333208136,299.9965287987531,-299.96741566962254,True,2,1,True,False,False,False,True,False
speed_300rpm__torque_1800Nm__temperature_25degC,train,data/original_dataset/Test_25deg/300rpm/300.0rpm1800.0Nm25.0deg.csv,158563,19283794,2026-06-23T17:44:57.202236+00:00,False,64800,64800,1,1,0,Fw_then_Bw,14484,3.621,6479,8000,False,False,-302.5483153275369,18975748.974513263,300.0031783982801,-299.96953906569007,True,2,1,True,False,False,False,True,False
speed_300rpm__torque_1800Nm__temperature_30degC,train,data/original_dataset/Test_30deg/300rpm/300.0rpm1800.0Nm30.0deg.csv,158564,19277308,2026-06-23T17:45:13.786073+00:00,False,64799,64800,1,1,0,Fw_then_Bw,14485,3.62125,6480,8000,False,False,-302.5272488691068,18975736.502464864,299.9989874660969,-299.97272419859655,True,2,1,True,False,False,False,True,False
speed_300rpm__torque_1800Nm__temperature_35degC,train,data/original_dataset/Test_35deg/300rpm/300.0rpm1800.0Nm35.0deg.csv,158567,19288662,2026-06-23T17:45:31.621706+00:00,False,64800,64800,1,1,0,Fw_then_Bw,14484,3.621,6480,8003,False,False,-302.7055040001869,18975415.823590007,300.00144613344065,-299.9730594043891,True,2,1,True,False,False,False,True,False
speed_400rpm__torque_0Nm__temperature_25degC,train,data/original_dataset/Test_25deg/400rpm/400.0rpm0.0Nm25.0deg.csv,122925,15005781,2026-06-23T17:44:57.871013+00:00,False,48600,48600,1,1,0,Fw_then_Bw,12862,3.2155,4860,8003,False,False,-401.3449139990068,18182819.126509134,400.05153046998504,-400.04901586992975,True,2,1,True,False,False,False,True,False
speed_400rpm__torque_0Nm__temperature_30degC,test,data/original_dataset/Test_30deg/400rpm/400.0rpm0.0Nm30.0deg.csv,122924,15001989,2026-06-23T17:45:14.495400+00:00,False,48600,48600,1,1,0,Fw_then_Bw,12862,3.2155,4860,8002,False,False,-401.35720746669296,18182796.800527662,400.04655719773535,-400.0472836002397,True,2,1,True,False,False,False,True,False
speed_400rpm__torque_0Nm__temperature_35degC,validation,data/original_dataset/Test_35deg/400rpm/400.0rpm0.0Nm35.0deg.csv,122925,14992981,2026-06-23T17:45:32.384326+00:00,False,48600,48600,1,1,0,Fw_then_Bw,12864,3.216,4859,8002,False,False,-401.3972170650959,18182777.801323667,400.03711360138067,-400.0476748042274,True,2,1,True,False,False,False,True,False
speed_400rpm__torque_100Nm__temperature_25degC,validation,data/original_dataset/Test_25deg/400rpm/400.0rpm100.0Nm25.0deg.csv,121139,14760029,2026-06-23T17:44:57.930864+00:00,False,48600,48600,1,1,0,Fw_then_Bw,11078,2.7695,4860,8001,False,False,-401.3933613993383,36907614.2227648,400.033257935623,-400.0294021971058,True,2,1,True,False,False,False,True,False
speed_400rpm__torque_100Nm__temperature_30degC,train,data/original_dataset/Test_30deg/400rpm/400.0rpm100.0Nm30.0deg.csv,122924,14959216,2026-06-23T17:45:14.561466+00:00,False,48600,48600,1,1,0,Fw_then_Bw,12864,3.216,4860,8000,False,False,-401.4010727308535,18182012.562174335,400.0469483338141,-400.03957226872444,True,2,1,True,False,False,False,True,False
speed_400rpm__torque_100Nm__temperature_35degC,train,data/original_dataset/Test_35deg/400rpm/400.0rpm100.0Nm35.0deg.csv,122923,14957073,2026-06-23T17:45:32.458865+00:00,False,48599,48600,1,1,0,Fw_then_Bw,12861,3.21525,4860,8003,False,False,-401.4645516629874,18183586.829658527,400.02839640267973,-400.03079920037027,True,2,1,True,False,False,False,True,False
speed_400rpm__torque_200Nm__temperature_25degC,validation,data/original_dataset/Test_25deg/400rpm/400.0rpm200.0Nm25.0deg.csv,122925,14995797,2026-06-23T17:44:58.513378+00:00,False,48600,48600,1,1,0,Fw_then_Bw,12863,3.21575,4859,8003,False,False,-401.3245739333797,37621643.808614396,400.03465487097856,-400.0294303696137,True,2,1,True,False,False,False,True,False
speed_400rpm__torque_200Nm__temperature_30degC,validation,data/original_dataset/Test_30deg/400rpm/400.0rpm200.0Nm30.0deg.csv,122923,15099414,2026-06-23T17:45:15.205449+00:00,False,48600,48601,1,1,0,Fw_then_Bw,12863,3.21575,4859,8000,False,False,-401.4448821350622,18181636.929921802,400.04275736525113,-400.0304639339447,True,2,1,True,False,False,False,True,False
speed_400rpm__torque_200Nm__temperature_35degC,train,data/original_dataset/Test_35deg/400rpm/400.0rpm200.0Nm35.0deg.csv,122924,15147275,2026-06-23T17:45:33.196791+00:00,False,48600,48599,1,1,0,Fw_then_Bw,12864,3.216,4860,8001,False,False,-401.51685480183613,18181633.878908996,400.03292263281764,-400.0266082681871,True,2,1,True,False,False,False,True,False
speed_400rpm__torque_300Nm__temperature_25degC,test,data/original_dataset/Test_25deg/400rpm/400.0rpm300.0Nm25.0deg.csv,122925,15087403,2026-06-23T17:44:58.567531+00:00,False,48600,48600,1,1,0,Fw_then_Bw,12863,3.21575,4860,8002,False,False,-401.59648333792575,37621661.062483005,400.0336490668512,-400.019930699879,True,2,1,True,False,False,False,True,False
speed_400rpm__torque_300Nm__temperature_30degC,train,data/original_dataset/Test_30deg/400rpm/400.0rpm300.0Nm30.0deg.csv,122924,15177736,2026-06-23T17:45:15.266296+00:00,False,48600,48600,1,1,0,Fw_then_Bw,12863,3.21575,4860,8001,False,False,-401.47371593532927,18181649.720147267,400.03837086745386,-400.0237863316821,True,2,1,True,False,False,False,True,False
speed_400rpm__torque_300Nm__temperature_35degC,train,data/original_dataset/Test_35deg/400rpm/400.0rpm300.0Nm35.0deg.csv,122922,15183142,2026-06-23T17:45:33.260494+00:00,False,48600,48600,1,1,0,Fw_then_Bw,12862,3.2155,4860,8000,False,False,-401.5915653969083,18181225.164513998,400.0260773997676,-400.02202613201615,True,2,1,True,False,False,False,True,False
speed_400rpm__torque_400Nm__temperature_25degC,test,data/original_dataset/Test_25deg/400rpm/400.0rpm400.0Nm25.0deg.csv,122922,15199542,2026-06-23T17:44:58.626659+00:00,False,48599,48600,1,1,0,Fw_then_Bw,12862,3.2155,4860,8001,False,False,-401.44175265838084,37621267.62444134,400.03677826704615,-400.0234233293061,True,2,1,True,False,False,False,True,False
speed_400rpm__torque_400Nm__temperature_30degC,validation,data/original_dataset/Test_30deg/400rpm/400.0rpm400.0Nm30.0deg.csv,122923,15202131,2026-06-23T17:45:15.335950+00:00,False,48599,48600,1,1,0,Fw_then_Bw,12863,3.21575,4860,8001,False,False,-401.5757516026497,18181253.59732653,400.0367783301044,-400.0262450281298,True,2,1,True,False,False,False,True,False
speed_400rpm__torque_400Nm__temperature_35degC,validation,data/original_dataset/Test_35deg/400rpm/400.0rpm400.0Nm35.0deg.csv,122923,15201459,2026-06-23T17:45:33.324644+00:00,False,48600,48600,1,1,0,Fw_then_Bw,12863,3.21575,4860,8000,False,False,-401.56664326786995,18181245.16731134,400.0332578677141,-400.02169086559053,True,2,1,True,False,False,False,True,False
speed_400rpm__torque_500Nm__temperature_25degC,train,data/original_dataset/Test_25deg/400rpm/400.0rpm500.0Nm25.0deg.csv,122925,15200035,2026-06-23T17:44:58.684788+00:00,False,48600,48600,1,1,0,Fw_then_Bw,12862,3.2155,4860,8003,False,False,-401.59262719680555,37621282.75003313,400.035325466888,-400.01853366751067,True,2,1,True,False,False,False,True,False
speed_400rpm__torque_500Nm__temperature_30degC,train,data/original_dataset/Test_30deg/400rpm/400.0rpm500.0Nm30.0deg.csv,122925,15071971,2026-06-23T17:45:15.395885+00:00,False,48600,48600,1,1,0,Fw_then_Bw,12862,3.2155,4860,8003,False,False,-401.6027972005152,18181277.63802186,400.03253147006035,-400.0181704711091,True,2,1,True,False,False,False,True,False
speed_400rpm__torque_500Nm__temperature_35degC,validation,data/original_dataset/Test_35deg/400rpm/400.0rpm500.0Nm35.0deg.csv,122924,15076105,2026-06-23T17:45:33.387365+00:00,False,48600,48600,1,1,0,Fw_then_Bw,12861,3.21525,4860,8003,False,False,-401.516184201076,18180859.447494134,400.02135559916496,-400.0188969366718,True,2,1,True,False,False,False,True,False
speed_400rpm__torque_600Nm__temperature_25degC,validation,data/original_dataset/Test_25deg/400rpm/400.0rpm600.0Nm25.0deg.csv,122923,15142830,2026-06-23T17:44:58.747563+00:00,False,48600,48600,1,1,0,Fw_then_Bw,12862,3.2155,4859,8002,False,False,-401.5950858592987,37620893.1372126,400.02873166910524,-400.01431480050087,True,2,1,True,False,False,False,True,False
speed_400rpm__torque_600Nm__temperature_30degC,train,data/original_dataset/Test_30deg/400rpm/400.0rpm600.0Nm30.0deg.csv,122924,14945887,2026-06-23T17:45:15.465174+00:00,False,48601,48600,1,1,0,Fw_then_Bw,12861,3.21525,4859,8003,False,False,-401.91393346564536,18180880.03372766,400.02906693068024,-400.01397950012085,True,2,1,True,False,False,False,True,False
speed_400rpm__torque_600Nm__temperature_35degC,test,data/original_dataset/Test_35deg/400rpm/400.0rpm600.0Nm35.0deg.csv,122922,14950553,2026-06-23T17:45:33.460032+00:00,False,48600,48600,1,1,0,Fw_then_Bw,12862,3.2155,4859,8001,False,False,-401.60698813269846,18180868.2703972,400.0258818329409,-400.0206571339125,True,2,1,True,False,False,False,True,False
speed_400rpm__torque_700Nm__temperature_25degC,test,data/original_dataset/Test_25deg/400rpm/400.0rpm700.0Nm25.0deg.csv,122923,14985078,2026-06-23T17:44:58.802369+00:00,False,48600,48600,1,1,0,Fw_then_Bw,12861,3.21525,4860,8002,False,False,-401.7003067322852,37620902.05237294,400.02554659925715,-400.0300727348076,True,2,1,True,False,False,False,True,False
speed_400rpm__torque_700Nm__temperature_30degC,test,data/original_dataset/Test_30deg/400rpm/400.0rpm700.0Nm30.0deg.csv,122922,14947483,2026-06-23T17:45:15.534801+00:00,False,48600,48600,1,1,0,Fw_then_Bw,12861,3.21525,4860,8001,False,False,-401.8894024047768,18180888.022799,400.02482013369445,-400.0251553952694,True,2,1,True,False,False,False,True,False
speed_400rpm__torque_700Nm__temperature_35degC,train,data/original_dataset/Test_35deg/400rpm/400.0rpm700.0Nm35.0deg.csv,122920,14947916,2026-06-23T17:45:33.525047+00:00,False,48601,48600,1,1,0,Fw_then_Bw,12860,3.215,4859,8000,False,False,-401.8760472681606,18180465.39802107,400.0185057326841,-400.0301007326925,True,2,1,True,False,False,False,True,False
speed_400rpm__torque_800Nm__temperature_25degC,train,data/original_dataset/Test_25deg/400rpm/400.0rpm800.0Nm25.0deg.csv,122922,14964444,2026-06-23T17:44:58.861540+00:00,False,48600,48600,1,1,0,Fw_then_Bw,12860,3.215,4859,8003,False,False,-401.7855785981131,37620525.25503573,400.0227525975788,-400.02241732630256,True,2,1,True,False,False,False,True,False
speed_400rpm__torque_800Nm__temperature_30degC,train,data/original_dataset/Test_30deg/400rpm/400.0rpm800.0Nm30.0deg.csv,122922,14944189,2026-06-23T17:45:15.598262+00:00,False,48600,48600,1,1,0,Fw_then_Bw,12861,3.21525,4859,8002,False,False,-401.8494486711764,18180511.71446213,400.01465006692644,-400.0259376625763,True,2,1,True,False,False,False,True,False
speed_400rpm__torque_800Nm__temperature_35degC,train,data/original_dataset/Test_35deg/400rpm/400.0rpm800.0Nm35.0deg.csv,122922,14936490,2026-06-23T17:45:33.595763+00:00,False,48600,48600,1,1,0,Fw_then_Bw,12861,3.21525,4859,8002,False,False,-401.839893272457,18180519.31120453,400.01749993340735,-400.0139795340753,True,2,1,True,False,False,False,True,False
speed_400rpm__torque_900Nm__temperature_25degC,validation,data/original_dataset/Test_25deg/400rpm/400.0rpm900.0Nm25.0deg.csv,122924,14950735,2026-06-23T17:44:58.923029+00:00,False,48600,48600,1,1,0,Fw_then_Bw,12864,3.216,4860,8000,False,False,-401.8901288703394,37618936.4969728,400.0223614348215,-400.02129953548626,True,2,1,True,False,False,False,True,False
speed_400rpm__torque_900Nm__temperature_30degC,test,data/original_dataset/Test_30deg/400rpm/400.0rpm900.0Nm30.0deg.csv,122925,14929369,2026-06-23T17:45:15.658284+00:00,False,48600,48600,1,1,0,Fw_then_Bw,12863,3.21575,4860,8002,False,False,-401.9546694665526,18178522.539362274,400.02023800237413,-400.0181704662585,True,2,1,True,False,False,False,True,False
speed_400rpm__torque_900Nm__temperature_35degC,validation,data/original_dataset/Test_35deg/400rpm/400.0rpm900.0Nm35.0deg.csv,122924,14968707,2026-06-23T17:45:33.663651+00:00,False,48600,48600,1,1,0,Fw_then_Bw,12863,3.21575,4860,8001,False,False,-402.1131993310216,37618531.885631524,400.01817050263827,-400.0016859984801,True,2,1,True,False,False,False,True,False
speed_400rpm__torque_1000Nm__temperature_25degC,test,data/original_dataset/Test_25deg/400rpm/400.0rpm1000.0Nm25.0deg.csv,122924,14969202,2026-06-23T17:44:57.988883+00:00,False,48600,48600,1,1,0,Fw_then_Bw,12864,3.216,4859,8001,False,False,-402.0539112680126,37618547.87031167,400.0178351998329,-400.0248200027272,True,2,1,True,False,False,False,True,False
speed_400rpm__torque_1000Nm__temperature_30degC,validation,data/original_dataset/Test_30deg/400rpm/400.0rpm1000.0Nm30.0deg.csv,122924,14944326,2026-06-23T17:45:14.622544+00:00,False,48600,48600,1,1,0,Fw_then_Bw,12864,3.216,4859,8001,False,False,-401.9834473971666,18178535.49163787,400.01537646821816,-400.01012386831763,True,2,1,True,False,False,False,True,False
speed_400rpm__torque_1000Nm__temperature_35degC,train,data/original_dataset/Test_35deg/400rpm/400.0rpm1000.0Nm35.0deg.csv,122923,14980786,2026-06-23T17:45:32.543598+00:00,False,48600,48600,1,1,0,Fw_then_Bw,12864,3.216,4859,8000,False,False,-402.1258279972244,37618531.61126359,400.01571176496026,-399.99822157066467,True,2,1,True,False,False,False,True,False
speed_400rpm__torque_1100Nm__temperature_25degC,train,data/original_dataset/Test_25deg/400rpm/400.0rpm1100.0Nm25.0deg.csv,122924,14968499,2026-06-23T17:44:58.047217+00:00,False,48600,48600,1,1,0,Fw_then_Bw,12863,3.21575,4860,8001,False,False,-402.0879417366814,37618555.65827346,400.00922979864606,-400.02481999787653,True,2,1,True,False,False,False,True,False
speed_400rpm__torque_1100Nm__temperature_30degC,train,data/original_dataset/Test_30deg/400rpm/400.0rpm1100.0Nm30.0deg.csv,122924,14942309,2026-06-23T17:45:14.690972+00:00,False,48600,48600,1,1,0,Fw_then_Bw,12862,3.2155,4860,8002,False,False,-402.16270833237405,18178132.479283996,400.01012386831763,-400.012917869996,True,2,1,True,False,False,False,True,False
speed_400rpm__torque_1100Nm__temperature_35degC,train,data/original_dataset/Test_35deg/400rpm/400.0rpm1100.0Nm35.0deg.csv,122924,14980329,2026-06-23T17:45:32.622886+00:00,False,48600,48600,1,1,0,Fw_then_Bw,12863,3.21575,4860,8001,False,False,-402.1304100072787,37618140.17605066,400.01571176738554,-399.9960981309414,True,2,1,True,False,False,False,True,False
speed_400rpm__torque_1200Nm__temperature_25degC,train,data/original_dataset/Test_25deg/400rpm/400.0rpm1200.0Nm25.0deg.csv,122922,14965681,2026-06-23T17:44:58.103249+00:00,False,48600,48600,1,1,0,Fw_then_Bw,12863,3.21575,4859,8000,False,False,-402.30408306039556,37618167.35403586,400.0108502659714,-400.0178353356508,True,2,1,True,False,False,False,True,False
speed_400rpm__torque_1200Nm__temperature_30degC,train,data/original_dataset/Test_30deg/400rpm/400.0rpm1200.0Nm30.0deg.csv,122924,14950650,2026-06-23T17:45:14.755550+00:00,False,48600,48600,1,1,0,Fw_then_Bw,12863,3.21575,4859,8002,False,False,-402.36510333488695,18178156.133405864,400.00732986663934,-400.01045912989264,True,2,1,True,False,False,False,True,False
speed_400rpm__torque_1200Nm__temperature_35degC,train,data/original_dataset/Test_35deg/400rpm/400.0rpm1200.0Nm35.0deg.csv,122922,14966837,2026-06-23T17:45:32.710392+00:00,False,48600,48600,1,1,0,Fw_then_Bw,12863,3.21575,4859,8000,False,False,-402.22439933374216,37618152.436203994,400.0125825308108,-399.98766066370683,True,2,1,True,False,False,False,True,False
speed_400rpm__torque_1300Nm__temperature_25degC,train,data/original_dataset/Test_25deg/400rpm/400.0rpm1300.0Nm25.0deg.csv,122925,14975576,2026-06-23T17:44:58.160922+00:00,False,48600,48600,1,1,0,Fw_then_Bw,12862,3.2155,4860,8003,False,False,-402.2668673327037,37618178.78549926,400.0027478008027,-400.00274799725355,True,2,1,True,False,False,False,True,False
speed_400rpm__torque_1300Nm__temperature_30degC,validation,data/original_dataset/Test_30deg/400rpm/400.0rpm1300.0Nm30.0deg.csv,122923,14940386,2026-06-23T17:45:14.819677+00:00,False,48600,48599,1,1,0,Fw_then_Bw,12862,3.2155,4860,8002,False,False,-402.3892991341806,18177768.418416396,400.0006243307629,-400.0055417321467,True,2,1,True,False,False,False,True,False
speed_400rpm__torque_1300Nm__temperature_35degC,train,data/original_dataset/Test_35deg/400rpm/400.0rpm1300.0Nm35.0deg.csv,122921,14979744,2026-06-23T17:45:32.783015+00:00,False,48600,48600,1,1,0,Fw_then_Bw,12862,3.2155,4859,8000,False,False,-402.4026540088622,37617763.791270606,400.0072740018368,-399.9915439635515,True,2,1,True,False,False,False,True,False
speed_400rpm__torque_1400Nm__temperature_25degC,test,data/original_dataset/Test_25deg/400rpm/400.0rpm1400.0Nm25.0deg.csv,122922,14976476,2026-06-23T17:44:58.222059+00:00,False,48600,48600,1,1,0,Fw_then_Bw,12862,3.2155,4859,8001,False,False,-402.4819470747995,37617797.162812136,400.009397399117,-400.0034461690424,True,2,1,True,False,False,False,True,False
speed_400rpm__torque_1400Nm__temperature_30degC,train,data/original_dataset/Test_30deg/400rpm/400.0rpm1400.0Nm30.0deg.csv,122922,14941030,2026-06-23T17:45:14.883653+00:00,False,48600,48600,1,1,0,Fw_then_Bw,12862,3.2155,4859,8001,False,False,-402.5300033342015,18177791.978493333,399.9995626654709,-400.0013507999635,True,2,1,True,False,False,False,True,False
speed_400rpm__torque_1400Nm__temperature_35degC,train,data/original_dataset/Test_35deg/400rpm/400.0rpm1400.0Nm35.0deg.csv,122924,14975122,2026-06-23T17:45:32.841711+00:00,False,48600,48600,1,1,0,Fw_then_Bw,12862,3.2155,4860,8002,False,False,-402.60259066902415,37617779.312878735,400.0058769985723,-399.9822119997892,True,2,1,True,False,False,False,True,False
speed_400rpm__torque_1500Nm__temperature_25degC,train,data/original_dataset/Test_25deg/400rpm/400.0rpm1500.0Nm25.0deg.csv,122921,14968893,2026-06-23T17:44:58.280061+00:00,False,48600,48600,1,1,0,Fw_then_Bw,12861,3.21525,4860,8000,False,False,-402.8649999915312,37617807.81693747,399.9996185351241,-400.00621213403065,True,2,1,True,False,False,False,True,False
speed_400rpm__torque_1500Nm__temperature_30degC,train,data/original_dataset/Test_30deg/400rpm/400.0rpm1500.0Nm30.0deg.csv,122921,14949277,2026-06-23T17:45:14.955461+00:00,False,48600,48599,1,1,0,Fw_then_Bw,12861,3.21525,4860,8001,False,False,-402.5636986043537,18177400.133851938,399.99922740389593,-399.9866545345867,True,2,1,True,False,False,False,True,False
speed_400rpm__torque_1500Nm__temperature_35degC,train,data/original_dataset/Test_35deg/400rpm/400.0rpm1500.0Nm35.0deg.csv,122924,14967359,2026-06-23T17:45:32.908242+00:00,False,48599,48600,1,1,0,Fw_then_Bw,12862,3.2155,4860,8003,False,False,-402.78358333550085,37617388.6950128,400.00313893445616,-399.9718465007997,True,2,1,True,False,False,False,True,False
speed_400rpm__torque_1600Nm__temperature_25degC,train,data/original_dataset/Test_25deg/400rpm/400.0rpm1600.0Nm25.0deg.csv,122923,14968631,2026-06-23T17:44:58.338177+00:00,False,48600,48600,1,1,0,Fw_then_Bw,12861,3.21525,4860,8002,False,False,-402.56788953168626,37617432.80902487,399.99679663499893,-399.99327633510495,True,2,1,True,False,False,False,True,False
speed_400rpm__torque_1600Nm__temperature_30degC,train,data/original_dataset/Test_30deg/400rpm/400.0rpm1600.0Nm30.0deg.csv,122922,14945186,2026-06-23T17:45:15.014042+00:00,False,48600,48600,1,1,0,Fw_then_Bw,12861,3.21525,4859,8002,False,False,-402.8337635390926,18177403.331883267,400.0006243986718,-399.99397466696485,True,2,1,True,False,False,False,True,False
speed_400rpm__torque_1600Nm__temperature_35degC,test,data/original_dataset/Test_35deg/400rpm/400.0rpm1600.0Nm35.0deg.csv,122923,14967953,2026-06-23T17:45:32.975111+00:00,False,48600,48600,1,1,0,Fw_then_Bw,12861,3.21525,4860,8002,False,False,-403.02112692734227,37617400.16788226,400.00028906797525,-399.970113998279,True,2,1,True,False,False,False,True,False
speed_400rpm__torque_1700Nm__temperature_25degC,train,data/original_dataset/Test_25deg/400rpm/400.0rpm1700.0Nm25.0deg.csv,122926,14972208,2026-06-23T17:44:58.400767+00:00,False,48600,48600,1,1,0,Fw_then_Bw,12864,3.216,4860,8002,False,False,-403.03302932685864,37615841.1269634,399.9967686637926,-400.00028933476034,True,2,1,True,False,False,False,True,False
speed_400rpm__torque_1700Nm__temperature_30degC,train,data/original_dataset/Test_30deg/400rpm/400.0rpm1700.0Nm30.0deg.csv,122924,14934424,2026-06-23T17:45:15.079474+00:00,False,48600,48601,1,1,0,Fw_then_Bw,12863,3.21575,4860,8000,False,False,-402.96636519876,18175427.38649993,400.00062436593,-399.98766032901284,True,2,1,True,False,False,False,True,False
speed_400rpm__torque_1700Nm__temperature_35degC,train,data/original_dataset/Test_35deg/400rpm/400.0rpm1700.0Nm35.0deg.csv,122921,14939598,2026-06-23T17:45:33.056730+00:00,False,48600,48600,1,1,0,Fw_then_Bw,12861,3.21525,4859,8001,False,False,-403.02459146672237,18177012.668754872,400.00241253195173,-399.9603074043989,True,2,1,True,False,False,False,True,False
speed_400rpm__torque_1800Nm__temperature_25degC,train,data/original_dataset/Test_25deg/400rpm/400.0rpm1800.0Nm25.0deg.csv,122925,14962320,2026-06-23T17:44:58.454887+00:00,False,48600,48600,1,1,0,Fw_then_Bw,12864,3.216,4860,8001,False,False,-402.92747333296575,37615468.91268326,400.0016860663891,-399.9887219979428,True,2,1,True,False,False,False,True,False
speed_400rpm__torque_1800Nm__temperature_30degC,train,data/original_dataset/Test_30deg/400rpm/400.0rpm1800.0Nm30.0deg.csv,122926,14946061,2026-06-23T17:45:15.138598+00:00,False,48600,48600,1,1,0,Fw_then_Bw,12864,3.216,4860,8002,False,False,-403.0642657986997,18175445.570815332,399.9992273990453,-399.9971319038499,True,2,1,True,False,False,False,True,False
speed_400rpm__torque_1800Nm__temperature_35degC,validation,data/original_dataset/Test_35deg/400rpm/400.0rpm1800.0Nm35.0deg.csv,122924,14960926,2026-06-23T17:45:33.120040+00:00,False,48600,48600,1,1,0,Fw_then_Bw,12864,3.216,4860,8000,False,False,-403.45363319890265,18175429.786071204,400.0038094673073,-399.96027946957236,True,2,1,True,False,False,False,True,False
speed_500rpm__torque_0Nm__temperature_25degC,train,data/original_dataset/Test_25deg/500rpm/500.0rpm0.0Nm25.0deg.csv,101540,12385302,2026-06-23T17:44:58.976072+00:00,False,38880,38880,1,1,0,Fw_then_Bw,11890,2.9725,3887,8003,False,False,-501.43780186772346,17382724.93902594,499.976333269539,-499.9651014707827,True,2,1,True,False,False,False,True,False
speed_500rpm__torque_0Nm__temperature_30degC,validation,data/original_dataset/Test_30deg/500rpm/500.0rpm0.0Nm30.0deg.csv,101540,12359570,2026-06-23T17:45:15.713350+00:00,False,38880,38880,1,1,0,Fw_then_Bw,11890,2.9725,3888,8002,False,False,-501.50971853387693,17382715.950217064,499.97560680276365,-499.96297806743917,True,2,1,True,False,False,False,True,False
speed_500rpm__torque_0Nm__temperature_35degC,train,data/original_dataset/Test_35deg/500rpm/500.0rpm0.0Nm35.0deg.csv,101540,12379175,2026-06-23T17:45:33.719194+00:00,False,38880,38880,1,1,0,Fw_then_Bw,11891,2.97275,3888,8001,False,False,-501.68512387123576,17382706.48637787,499.9703541349542,-499.94984639973455,True,2,1,True,False,False,False,True,False
speed_500rpm__torque_100Nm__temperature_25degC,validation,data/original_dataset/Test_25deg/500rpm/500.0rpm100.0Nm25.0deg.csv,100108,12206954,2026-06-23T17:44:59.023176+00:00,False,38880,38880,1,1,0,Fw_then_Bw,10457,2.61425,3888,8003,False,False,-501.7097106707903,55547228.62416859,499.9696277009207,-499.95406532737735,True,2,1,True,False,False,False,True,False
speed_500rpm__torque_100Nm__temperature_30degC,validation,data/original_dataset/Test_30deg/500rpm/500.0rpm100.0Nm30.0deg.csv,101537,12349217,2026-06-23T17:45:15.761976+00:00,False,38880,38880,1,1,0,Fw_then_Bw,11889,2.9722500000000003,3888,8000,False,False,-501.48619339840184,17383235.8063012,499.9712481997752,-499.9472200676488,True,2,1,True,False,False,False,True,False
speed_500rpm__torque_100Nm__temperature_35degC,train,data/original_dataset/Test_35deg/500rpm/500.0rpm100.0Nm35.0deg.csv,101537,12361395,2026-06-23T17:45:33.769509+00:00,False,38880,38880,1,1,0,Fw_then_Bw,11889,2.9722500000000003,3888,8000,False,False,-501.6875826016379,17383222.940973934,499.9791271984577,-499.95213747024536,True,2,1,True,False,False,False,True,False
speed_500rpm__torque_200Nm__temperature_25degC,train,data/original_dataset/Test_25deg/500rpm/500.0rpm200.0Nm25.0deg.csv,101537,12373765,2026-06-23T17:44:59.512949+00:00,False,38880,38880,1,1,0,Fw_then_Bw,11888,2.972,3887,8002,False,False,-501.622650801437,36822753.91353287,499.9746009998489,-499.9538978008786,True,2,1,True,False,False,False,True,False
speed_500rpm__torque_200Nm__temperature_30degC,train,data/original_dataset/Test_30deg/500rpm/500.0rpm200.0Nm30.0deg.csv,101537,12425719,2026-06-23T17:45:16.295314+00:00,False,38880,38880,1,1,0,Fw_then_Bw,11888,2.972,3888,8001,False,False,-501.6584693997478,17382738.931439795,499.96789546761045,-499.9410733677602,True,2,1,True,False,False,False,True,False
speed_500rpm__torque_200Nm__temperature_35degC,validation,data/original_dataset/Test_35deg/500rpm/500.0rpm200.0Nm35.0deg.csv,101536,12443544,2026-06-23T17:45:34.294297+00:00,False,38880,38880,1,1,0,Fw_then_Bw,11888,2.972,3888,8000,False,False,-501.516032993095,17382716.57640113,499.974209832241,-499.9475553656036,True,2,1,True,False,False,False,True,False
speed_500rpm__torque_300Nm__temperature_25degC,train,data/original_dataset/Test_25deg/500rpm/500.0rpm300.0Nm25.0deg.csv,101542,12423854,2026-06-23T17:44:59.564543+00:00,False,38880,38880,1,1,0,Fw_then_Bw,11892,2.973,3888,8002,False,False,-501.5826970047783,36820757.0703884,499.9886267323745,-499.9507405979482,True,2,1,True,False,False,False,True,False
speed_500rpm__torque_300Nm__temperature_30degC,train,data/original_dataset/Test_30deg/500rpm/500.0rpm300.0Nm30.0deg.csv,101542,12536852,2026-06-23T17:45:16.347573+00:00,False,38880,38880,1,1,0,Fw_then_Bw,11892,2.973,3888,8002,False,False,-501.8044263318492,17380762.16485347,499.97879193203215,-499.94492903351784,True,2,1,True,False,False,False,True,False
speed_500rpm__torque_300Nm__temperature_35degC,test,data/original_dataset/Test_35deg/500rpm/500.0rpm300.0Nm35.0deg.csv,101539,12540126,2026-06-23T17:45:34.348769+00:00,False,38880,38880,1,1,0,Fw_then_Bw,11889,2.9722500000000003,3887,8003,False,False,-501.7254688039733,17382745.437193673,499.97806553437835,-499.94688480122323,True,2,1,True,False,False,False,True,False
speed_500rpm__torque_400Nm__temperature_25degC,train,data/original_dataset/Test_25deg/500rpm/500.0rpm400.0Nm25.0deg.csv,101541,12533945,2026-06-23T17:44:59.613667+00:00,False,38880,38880,1,1,0,Fw_then_Bw,11892,2.973,3888,8001,False,False,-501.6872472673034,36820762.74264607,499.98896199880016,-499.9556296679657,True,2,1,True,False,False,False,True,False
speed_500rpm__torque_400Nm__temperature_30degC,validation,data/original_dataset/Test_30deg/500rpm/500.0rpm400.0Nm30.0deg.csv,101541,12544901,2026-06-23T17:45:16.397499+00:00,False,38880,38880,1,1,0,Fw_then_Bw,11891,2.97275,3888,8002,False,False,-501.72194839979056,17380263.79069313,499.97859636641806,-499.93632363475626,True,2,1,True,False,False,False,True,False
speed_500rpm__torque_400Nm__temperature_35degC,train,data/original_dataset/Test_35deg/500rpm/500.0rpm400.0Nm35.0deg.csv,101541,12551640,2026-06-23T17:45:34.396841+00:00,False,38880,38880,1,1,0,Fw_then_Bw,11891,2.97275,3888,8002,False,False,-501.9208788677739,17380255.584530536,499.9798536009621,-499.9478906005,True,2,1,True,False,False,False,True,False
speed_500rpm__torque_500Nm__temperature_25degC,train,data/original_dataset/Test_25deg/500rpm/500.0rpm500.0Nm25.0deg.csv,101540,12566422,2026-06-23T17:44:59.665823+00:00,False,38880,38880,1,1,0,Fw_then_Bw,11891,2.97275,3887,8002,False,False,-501.72792753437534,36820294.351838805,499.9886267323745,-499.9539255998873,True,2,1,True,False,False,False,True,False
speed_500rpm__torque_500Nm__temperature_30degC,train,data/original_dataset/Test_30deg/500rpm/500.0rpm500.0Nm30.0deg.csv,101542,12451913,2026-06-23T17:45:16.448596+00:00,False,38880,38880,1,1,0,Fw_then_Bw,11892,2.973,3887,8003,False,False,-502.0159296642912,17380271.16296813,499.97493626627454,-499.93811173286906,True,2,1,True,False,False,False,True,False
speed_500rpm__torque_500Nm__temperature_35degC,train,data/original_dataset/Test_35deg/500rpm/500.0rpm500.0Nm35.0deg.csv,101541,12453688,2026-06-23T17:45:34.453150+00:00,False,38880,38880,1,1,0,Fw_then_Bw,11892,2.973,3888,8001,False,False,-501.8135346666289,17380276.65663506,499.9759979352044,-499.94582306438434,True,2,1,True,False,False,False,True,False
speed_500rpm__torque_600Nm__temperature_25degC,train,data/original_dataset/Test_25deg/500rpm/500.0rpm600.0Nm25.0deg.csv,101541,12527430,2026-06-23T17:44:59.713480+00:00,False,38880,38880,1,1,0,Fw_then_Bw,11891,2.97275,3888,8002,False,False,-501.97597593069077,36820294.873193204,499.98616800197243,-499.95180209710577,True,2,1,True,False,False,False,True,False
speed_500rpm__torque_600Nm__temperature_30degC,validation,data/original_dataset/Test_30deg/500rpm/500.0rpm600.0Nm30.0deg.csv,101541,12364672,2026-06-23T17:45:16.495593+00:00,False,38880,38880,1,1,0,Fw_then_Bw,11890,2.9725,3888,8003,False,False,-501.99106340490596,17379781.505037066,499.9732039990098,-499.9401792689847,True,2,1,True,False,False,False,True,False
speed_500rpm__torque_600Nm__temperature_35degC,train,data/original_dataset/Test_35deg/500rpm/500.0rpm600.0Nm35.0deg.csv,74045,9131433,2026-06-23T17:45:34.489683+00:00,False,13886,38881,1,1,0,Fw_then_Bw,11890,2.9725,1388,8000,False,False,-502.03314066554105,68498397.32274468,1400.0145346023296,-499.9395086585234,True,2,1,True,False,False,False,True,False
speed_500rpm__torque_700Nm__temperature_25degC,test,data/original_dataset/Test_25deg/500rpm/500.0rpm700.0Nm25.0deg.csv,101540,12459839,2026-06-23T17:44:59.762786+00:00,False,38880,38880,1,1,0,Fw_then_Bw,11891,2.97275,3888,8001,False,False,-502.12578866436763,36820300.27532954,499.9879002668119,-499.94615799611597,True,2,1,True,False,False,False,True,False
speed_500rpm__torque_700Nm__temperature_30degC,train,data/original_dataset/Test_30deg/500rpm/500.0rpm700.0Nm30.0deg.csv,101539,12339460,2026-06-23T17:45:16.545282+00:00,False,38880,38879,1,1,0,Fw_then_Bw,11891,2.97275,3888,8001,False,False,-502.2102780640125,17379796.0278578,499.9763332331592,-499.93420019745827,True,2,1,True,False,False,False,True,False
speed_500rpm__torque_700Nm__temperature_35degC,validation,data/original_dataset/Test_35deg/500rpm/500.0rpm700.0Nm35.0deg.csv,101542,12335429,2026-06-23T17:45:34.542150+00:00,False,38880,38880,1,1,0,Fw_then_Bw,11891,2.97275,3888,8003,False,False,-502.3537762754131,17379761.164337397,499.9835137338474,-499.9461583696151,True,2,1,True,False,False,False,True,False
speed_500rpm__torque_800Nm__temperature_25degC,train,data/original_dataset/Test_25deg/500rpm/500.0rpm800.0Nm25.0deg.csv,101541,12386700,2026-06-23T17:44:59.812432+00:00,False,38881,38880,1,1,0,Fw_then_Bw,11890,2.9725,3887,8003,False,False,-502.24045333258493,36819815.31925527,499.98091533295036,-499.94157613158075,True,2,1,True,False,False,False,True,False
speed_500rpm__torque_800Nm__temperature_30degC,train,data/original_dataset/Test_30deg/500rpm/500.0rpm800.0Nm30.0deg.csv,101540,12346696,2026-06-23T17:45:16.600499+00:00,False,38880,38880,1,1,0,Fw_then_Bw,11890,2.9725,3888,8002,False,False,-502.2043548669899,17379811.217598595,499.9789595337158,-499.94403500265133,True,2,1,True,False,False,False,True,False
speed_500rpm__torque_800Nm__temperature_35degC,train,data/original_dataset/Test_35deg/500rpm/500.0rpm800.0Nm35.0deg.csv,101541,12349106,2026-06-23T17:45:34.589234+00:00,False,38880,38880,1,1,0,Fw_then_Bw,11890,2.9725,3888,8003,False,False,-502.1257885334004,17379810.6243834,499.98510630151327,-499.948253830856,True,2,1,True,False,False,False,True,False
speed_500rpm__torque_900Nm__temperature_25degC,train,data/original_dataset/Test_25deg/500rpm/500.0rpm900.0Nm25.0deg.csv,101541,12363716,2026-06-23T17:44:59.860578+00:00,False,38880,38880,1,1,0,Fw_then_Bw,11890,2.9725,3888,8003,False,False,-502.13590267230757,36819830.454289936,499.9837092667197,-499.9466890925154,True,2,1,True,False,False,False,True,False
speed_500rpm__torque_900Nm__temperature_30degC,test,data/original_dataset/Test_30deg/500rpm/500.0rpm900.0Nm30.0deg.csv,101538,12341544,2026-06-23T17:45:16.659082+00:00,False,38880,38880,1,1,0,Fw_then_Bw,11889,2.9722500000000003,3888,8001,False,False,-502.346791336701,17379321.885555934,499.9789595337158,-499.93280319904443,True,2,1,True,False,False,False,True,False
speed_500rpm__torque_900Nm__temperature_35degC,train,data/original_dataset/Test_35deg/500rpm/500.0rpm900.0Nm35.0deg.csv,101540,12345718,2026-06-23T17:45:34.644569+00:00,False,38880,38880,1,1,0,Fw_then_Bw,11889,2.9722500000000003,3888,8003,False,False,-502.29342660168186,17379319.24430653,499.97946246973396,-499.95213746054407,True,2,1,True,False,False,False,True,False
speed_500rpm__torque_1000Nm__temperature_25degC,train,data/original_dataset/Test_25deg/500rpm/500.0rpm1000.0Nm25.0deg.csv,101539,12366155,2026-06-23T17:44:59.071752+00:00,False,38880,38880,1,1,0,Fw_then_Bw,11889,2.9722500000000003,3887,8003,False,False,-502.421837329166,36819339.59165606,499.9840446010543,-499.94543193800683,True,2,1,True,False,False,False,True,False
speed_500rpm__torque_1000Nm__temperature_30degC,train,data/original_dataset/Test_30deg/500rpm/500.0rpm1000.0Nm30.0deg.csv,101539,12338649,2026-06-23T17:45:15.814164+00:00,False,38880,38880,1,1,0,Fw_then_Bw,11890,2.9725,3888,8001,False,False,-502.7221329995276,17379333.575964,499.9808594632971,-499.9433644018912,True,2,1,True,False,False,False,True,False
speed_500rpm__torque_1000Nm__temperature_35degC,train,data/original_dataset/Test_35deg/500rpm/500.0rpm1000.0Nm35.0deg.csv,101539,12345172,2026-06-23T17:45:33.820264+00:00,False,38880,38880,1,1,0,Fw_then_Bw,11890,2.9725,3888,8001,False,False,-502.50180067572126,17379327.841959868,499.9879002668119,-499.9458231322933,True,2,1,True,False,False,False,True,False
speed_500rpm__torque_1100Nm__temperature_25degC,train,data/original_dataset/Test_25deg/500rpm/500.0rpm1100.0Nm25.0deg.csv,101537,12355539,2026-06-23T17:44:59.120033+00:00,False,38880,38880,1,1,0,Fw_then_Bw,11889,2.9722500000000003,3888,8000,False,False,-502.5603622004079,36819349.993541606,499.982982869066,-499.9450966667306,True,2,1,True,False,False,False,True,False
speed_500rpm__torque_1100Nm__temperature_30degC,validation,data/original_dataset/Test_30deg/500rpm/500.0rpm1100.0Nm30.0deg.csv,101537,12337431,2026-06-23T17:45:15.863969+00:00,False,38880,38880,1,1,0,Fw_then_Bw,11888,2.972,3888,8001,False,False,-502.6127211312996,17378850.2617366,499.98091539843404,-499.9472200676488,True,2,1,True,False,False,False,True,False
speed_500rpm__torque_1100Nm__temperature_35degC,train,data/original_dataset/Test_35deg/500rpm/500.0rpm1100.0Nm35.0deg.csv,101539,12325624,2026-06-23T17:45:33.871336+00:00,False,38880,38880,1,1,0,Fw_then_Bw,11888,2.972,3888,8003,False,False,-502.9533058695961,17378838.14927194,499.9829829345497,-499.9591223992563,True,2,1,True,False,False,False,True,False
speed_500rpm__torque_1200Nm__temperature_25degC,test,data/original_dataset/Test_25deg/500rpm/500.0rpm1200.0Nm25.0deg.csv,101539,12366058,2026-06-23T17:44:59.169616+00:00,False,38880,38880,1,1,0,Fw_then_Bw,11888,2.972,3888,8003,False,False,-502.9038526699878,36818871.0854574,499.9791830681109,-499.95884299763316,True,2,1,True,False,False,False,True,False
speed_500rpm__torque_1200Nm__temperature_30degC,train,data/original_dataset/Test_30deg/500rpm/500.0rpm1200.0Nm30.0deg.csv,101540,12334426,2026-06-23T17:45:15.921669+00:00,False,38880,38880,1,1,0,Fw_then_Bw,11889,2.9722500000000003,3888,8003,False,False,-502.93503333038336,17378858.525399134,499.97879193203215,-499.9412409621679,True,2,1,True,False,False,False,True,False
speed_500rpm__torque_1200Nm__temperature_35degC,train,data/original_dataset/Test_35deg/500rpm/500.0rpm1200.0Nm35.0deg.csv,101539,12337445,2026-06-23T17:45:33.924717+00:00,False,38880,38880,1,1,0,Fw_then_Bw,11889,2.9722500000000003,3888,8002,False,False,-502.6459694005705,17378853.68490594,499.9879002668119,-499.9587871328307,True,2,1,True,False,False,False,True,False
speed_500rpm__torque_1300Nm__temperature_25degC,train,data/original_dataset/Test_25deg/500rpm/500.0rpm1300.0Nm25.0deg.csv,101537,12365681,2026-06-23T17:44:59.216285+00:00,False,38879,38880,1,1,0,Fw_then_Bw,11889,2.9722500000000003,3888,8001,False,False,-502.7677304654693,36818883.0810786,499.9833181306409,-499.9570548631406,True,2,1,True,False,False,False,True,False
speed_500rpm__torque_1300Nm__temperature_30degC,train,data/original_dataset/Test_30deg/500rpm/500.0rpm1300.0Nm30.0deg.csv,101539,12336702,2026-06-23T17:45:15.969615+00:00,False,38880,38880,1,1,0,Fw_then_Bw,11889,2.9722500000000003,3887,8003,False,False,-503.0094646014429,17378876.444790464,499.984770998708,-499.9472201355578,True,2,1,True,False,False,False,True,False
speed_500rpm__torque_1300Nm__temperature_35degC,train,data/original_dataset/Test_35deg/500rpm/500.0rpm1300.0Nm35.0deg.csv,101536,12334491,2026-06-23T17:45:33.975820+00:00,False,38880,38880,1,1,0,Fw_then_Bw,11889,2.9722500000000003,3887,8000,False,False,-502.7880705990053,17378859.62868113,499.97951839759475,-499.96127376410493,True,2,1,True,False,False,False,True,False
speed_500rpm__torque_1400Nm__temperature_25degC,train,data/original_dataset/Test_25deg/500rpm/500.0rpm1400.0Nm25.0deg.csv,101541,12359609,2026-06-23T17:44:59.272675+00:00,False,38880,38880,1,1,0,Fw_then_Bw,11892,2.973,3888,8001,False,False,-502.9077082678365,36816892.6813266,499.9819770334095,-499.957725366888,True,2,1,True,False,False,False,True,False
speed_500rpm__torque_1400Nm__temperature_30degC,train,data/original_dataset/Test_30deg/500rpm/500.0rpm1400.0Nm30.0deg.csv,101540,12350551,2026-06-23T17:45:16.024229+00:00,False,38880,38880,1,1,0,Fw_then_Bw,11892,2.973,3888,8000,False,False,-503.0992627337886,17376389.52663173,499.9821167657501,-499.9547637999058,True,2,1,True,False,False,False,True,False
speed_500rpm__torque_1400Nm__temperature_35degC,test,data/original_dataset/Test_35deg/500rpm/500.0rpm1400.0Nm35.0deg.csv,101543,12334838,2026-06-23T17:45:34.031122+00:00,False,38880,38880,1,1,0,Fw_then_Bw,11892,2.973,3888,8003,False,False,-503.16061826500425,17376389.00220393,499.98437986747984,-499.9524727366709,True,2,1,True,False,False,False,True,False
speed_500rpm__torque_1500Nm__temperature_25degC,train,data/original_dataset/Test_25deg/500rpm/500.0rpm1500.0Nm25.0deg.csv,101541,12372394,2026-06-23T17:44:59.320067+00:00,False,38880,38880,1,1,0,Fw_then_Bw,11892,2.973,3888,8001,False,False,-503.20733400682604,36816419.936623536,499.9781213676518,-499.95738999859896,True,2,1,True,False,False,False,True,False
speed_500rpm__torque_1500Nm__temperature_30degC,train,data/original_dataset/Test_30deg/500rpm/500.0rpm1500.0Nm30.0deg.csv,101541,12348768,2026-06-23T17:45:16.079690+00:00,False,38880,38880,1,1,0,Fw_then_Bw,11892,2.973,3888,8001,False,False,-503.386203199625,17376401.825342264,499.98231229983503,-499.95213747024536,True,2,1,True,False,False,False,True,False
speed_500rpm__torque_1500Nm__temperature_35degC,train,data/original_dataset/Test_35deg/500rpm/500.0rpm1500.0Nm35.0deg.csv,101542,12330476,2026-06-23T17:45:34.081708+00:00,False,38880,38880,1,1,0,Fw_then_Bw,11892,2.973,3888,8002,False,False,-503.11854114018695,17376378.710456204,499.98614006472053,-499.95090810019366,True,2,1,True,False,False,False,True,False
speed_500rpm__torque_1600Nm__temperature_25degC,train,data/original_dataset/Test_25deg/500rpm/500.0rpm1600.0Nm25.0deg.csv,101202,12356097,2026-06-23T17:44:59.369164+00:00,False,38880,38880,1,1,0,Fw_then_Bw,11553,2.88825,3888,8001,False,False,-503.2999260001816,56087467.2342094,499.9856371675075,-499.9626426530691,True,2,1,True,False,False,False,True,False
speed_500rpm__torque_1600Nm__temperature_30degC,test,data/original_dataset/Test_30deg/500rpm/500.0rpm1600.0Nm30.0deg.csv,101541,12342186,2026-06-23T17:45:16.141496+00:00,False,38880,38879,1,1,0,Fw_then_Bw,11891,2.97275,3888,8003,False,False,-503.3802799977518,17375907.709691674,499.9758023986942,-499.9545961327385,True,2,1,True,False,False,False,True,False
speed_500rpm__torque_1600Nm__temperature_35degC,train,data/original_dataset/Test_35deg/500rpm/500.0rpm1600.0Nm35.0deg.csv,101540,12345511,2026-06-23T17:45:34.135341+00:00,False,38880,38880,1,1,0,Fw_then_Bw,11890,2.9725,3888,8002,False,False,-503.43638286964665,17375868.49328126,499.9803565685094,-499.96057527217397,True,2,1,True,False,False,False,True,False
speed_500rpm__torque_1700Nm__temperature_25degC,test,data/original_dataset/Test_25deg/500rpm/500.0rpm1700.0Nm25.0deg.csv,101266,12362756,2026-06-23T17:44:59.418116+00:00,False,38880,38880,1,1,0,Fw_then_Bw,11617,2.90425,3888,8001,False,False,-503.3073013376754,56118933.84458479,499.9875650003863,-499.9582843350557,True,2,1,True,False,False,False,True,False
speed_500rpm__torque_1700Nm__temperature_30degC,train,data/original_dataset/Test_30deg/500rpm/500.0rpm1700.0Nm30.0deg.csv,101540,12338673,2026-06-23T17:45:16.194649+00:00,False,38880,38880,1,1,0,Fw_then_Bw,11891,2.97275,3888,8001,False,False,-503.9530991925858,17375924.87582933,499.98477103508776,-499.95772539599176,True,2,1,True,False,False,False,True,False
speed_500rpm__torque_1700Nm__temperature_35degC,train,data/original_dataset/Test_35deg/500rpm/500.0rpm1700.0Nm35.0deg.csv,101539,12352336,2026-06-23T17:45:34.186526+00:00,False,38880,38880,1,1,0,Fw_then_Bw,11891,2.97275,3888,8000,False,False,-503.4030787355732,17375889.37176393,499.9900236677301,-499.9668337380475,True,2,1,True,False,False,False,True,False
speed_500rpm__torque_1800Nm__temperature_25degC,validation,data/original_dataset/Test_25deg/500rpm/500.0rpm1800.0Nm25.0deg.csv,101538,12367754,2026-06-23T17:44:59.468705+00:00,False,38880,38880,1,1,0,Fw_then_Bw,11891,2.97275,3887,8000,False,False,-503.568984529314,36815936.18530799,499.9903589996393,-499.96091066471615,True,2,1,True,False,False,False,True,False
speed_500rpm__torque_1800Nm__temperature_30degC,train,data/original_dataset/Test_30deg/500rpm/500.0rpm1800.0Nm30.0deg.csv,101540,12350781,2026-06-23T17:45:16.245592+00:00,False,38880,38880,1,1,0,Fw_then_Bw,11890,2.9725,3887,8003,False,False,-503.5994946665596,17375428.061373536,499.97946250126313,-499.9575577652043,True,2,1,True,False,False,False,True,False
speed_500rpm__torque_1800Nm__temperature_35degC,train,data/original_dataset/Test_35deg/500rpm/500.0rpm1800.0Nm35.0deg.csv,101539,12360456,2026-06-23T17:45:34.243614+00:00,False,38880,38880,1,1,0,Fw_then_Bw,11890,2.9725,3887,8002,False,False,-503.46164033301943,17375399.694498673,499.9865032635474,-499.96616316396586,True,2,1,True,False,False,False,True,False
speed_600rpm__torque_0Nm__temperature_25degC,train,data/original_dataset/Test_25deg/600rpm/600.0rpm0.0Nm25.0deg.csv,87284,10635925,2026-06-23T17:44:59.905903+00:00,False,32400,32400,1,1,0,Fw_then_Bw,11244,2.811,3240,8000,False,False,-601.6741320684863,16582117.764707666,599.9905987991951,-599.9684706306045,True,2,1,True,False,False,False,True,False
speed_600rpm__torque_0Nm__temperature_30degC,train,data/original_dataset/Test_30deg/600rpm/600.0rpm0.0Nm30.0deg.csv,87284,10645756,2026-06-23T17:45:16.704721+00:00,False,32400,32400,1,1,0,Fw_then_Bw,11244,2.811,3240,8000,False,False,-601.6762554645538,16582085.171286063,599.9885033646326,-599.965369333707,True,2,1,True,False,False,False,True,False
speed_600rpm__torque_0Nm__temperature_35degC,validation,data/original_dataset/Test_35deg/600rpm/600.0rpm0.0Nm35.0deg.csv,87283,10640691,2026-06-23T17:45:34.688158+00:00,False,32400,32400,1,1,0,Fw_then_Bw,11243,2.81075,3240,8000,False,False,-601.6906164683558,16581509.88791133,599.985346198082,-599.9713205334654,True,2,1,True,False,False,False,True,False
speed_600rpm__torque_100Nm__temperature_25degC,train,data/original_dataset/Test_25deg/600rpm/600.0rpm100.0Nm25.0deg.csv,87283,10652019,2026-06-23T17:44:59.947062+00:00,False,32400,32400,1,1,0,Fw_then_Bw,11242,2.8105,3240,8001,False,False,-601.7078273386384,55462744.70463374,599.9967455669928,-599.9636093329173,True,2,1,True,False,False,False,True,False
speed_600rpm__torque_100Nm__temperature_30degC,test,data/original_dataset/Test_30deg/600rpm/600.0rpm100.0Nm30.0deg.csv,87285,10636081,2026-06-23T17:45:16.752731+00:00,False,32400,32400,1,1,0,Fw_then_Bw,11242,2.8105,3240,8003,False,False,-601.8474693313086,36022736.80295779,599.9839491996681,-599.9608153360896,True,2,1,True,False,False,False,True,False
speed_600rpm__torque_100Nm__temperature_35degC,test,data/original_dataset/Test_35deg/600rpm/600.0rpm100.0Nm35.0deg.csv,87282,10602708,2026-06-23T17:45:34.732649+00:00,False,32400,32400,1,1,0,Fw_then_Bw,11242,2.8105,3240,8000,False,False,-601.6225554000509,16582695.426251736,599.9959074009287,-599.9737792008091,True,2,1,True,False,False,False,True,False
speed_600rpm__torque_200Nm__temperature_25degC,train,data/original_dataset/Test_25deg/600rpm/600.0rpm200.0Nm25.0deg.csv,87283,10653432,2026-06-23T17:45:00.359914+00:00,False,32400,32400,1,1,0,Fw_then_Bw,11241,2.81025,3240,8002,False,False,-601.6682086822888,55462149.077709876,599.9986454989994,-599.9629106663633,True,2,1,True,False,False,False,True,False
speed_600rpm__torque_200Nm__temperature_30degC,train,data/original_dataset/Test_30deg/600rpm/600.0rpm200.0Nm30.0deg.csv,87282,10674945,2026-06-23T17:45:17.204352+00:00,False,32400,32400,1,1,0,Fw_then_Bw,11241,2.81025,3240,8001,False,False,-602.0179577365828,36022148.897387266,599.9878048678511,-599.9567638064036,True,2,1,True,False,False,False,True,False
speed_600rpm__torque_200Nm__temperature_35degC,test,data/original_dataset/Test_35deg/600rpm/600.0rpm200.0Nm35.0deg.csv,87284,10706415,2026-06-23T17:45:35.175864+00:00,False,32400,32400,1,1,0,Fw_then_Bw,11241,2.81025,3240,8003,False,False,-601.8414907351447,16582104.36025633,599.9955162321081,-599.9576299994563,True,2,1,True,False,False,False,True,False
speed_600rpm__torque_300Nm__temperature_25degC,train,data/original_dataset/Test_25deg/600rpm/600.0rpm300.0Nm25.0deg.csv,87283,10700663,2026-06-23T17:45:00.397972+00:00,False,32400,32400,1,1,0,Fw_then_Bw,11241,2.81025,3239,8003,False,False,-601.7127446733259,55462153.199762404,599.9962426673544,-599.9671013366121,True,2,1,True,False,False,False,True,False
speed_600rpm__torque_300Nm__temperature_30degC,train,data/original_dataset/Test_30deg/600rpm/600.0rpm300.0Nm30.0deg.csv,87282,10771722,2026-06-23T17:45:17.255100+00:00,False,32400,32400,1,1,0,Fw_then_Bw,11242,2.8105,3239,8001,False,False,-601.7173266639777,36022144.778184466,599.9951809317281,-599.9558977637207,True,2,1,True,False,False,False,True,False
speed_600rpm__torque_300Nm__temperature_35degC,train,data/original_dataset/Test_35deg/600rpm/600.0rpm300.0Nm35.0deg.csv,87284,10777254,2026-06-23T17:45:35.220180+00:00,False,32400,32400,1,1,0,Fw_then_Bw,11242,2.8105,3239,8003,False,False,-601.6103178068685,16582127.924244802,599.9944545328617,-599.9671295285225,True,2,1,True,False,False,False,True,False
speed_600rpm__torque_400Nm__temperature_25degC,train,data/original_dataset/Test_25deg/600rpm/600.0rpm400.0Nm25.0deg.csv,87282,10798064,2026-06-23T17:45:00.441238+00:00,False,32400,32400,1,1,0,Fw_then_Bw,11241,2.81025,3240,8001,False,False,-601.8015366668503,55462162.763513796,599.9958514997463,-599.9576299994563,True,2,1,True,False,False,False,True,False
speed_600rpm__torque_400Nm__temperature_30degC,validation,data/original_dataset/Test_30deg/600rpm/600.0rpm400.0Nm30.0deg.csv,87282,10815842,2026-06-23T17:45:17.317417+00:00,False,32400,32400,1,1,0,Fw_then_Bw,11241,2.81025,3240,8001,False,False,-601.9228513371976,36022154.16552493,599.9898724015414,-599.9506452353671,True,2,1,True,False,False,False,True,False
speed_600rpm__torque_400Nm__temperature_35degC,validation,data/original_dataset/Test_35deg/600rpm/600.0rpm400.0Nm35.0deg.csv,87280,10797913,2026-06-23T17:45:35.267317+00:00,False,32400,32400,1,1,0,Fw_then_Bw,11240,2.81,3240,8000,False,False,-601.7920374676274,16581532.25736693,599.9902636006785,-599.9636091388918,True,2,1,True,False,False,False,True,False
speed_600rpm__torque_500Nm__temperature_25degC,train,data/original_dataset/Test_25deg/600rpm/600.0rpm500.0Nm25.0deg.csv,87282,10827570,2026-06-23T17:45:00.479795+00:00,False,32400,32400,1,1,0,Fw_then_Bw,11240,2.81,3240,8002,False,False,-601.8804386646176,55461581.92472505,599.9913253326667,-599.9581330009581,True,2,1,True,False,False,False,True,False
speed_600rpm__torque_500Nm__temperature_30degC,test,data/original_dataset/Test_30deg/600rpm/600.0rpm500.0Nm30.0deg.csv,87280,10746291,2026-06-23T17:45:17.363089+00:00,False,32400,32400,1,1,0,Fw_then_Bw,11240,2.81,3240,8000,False,False,-601.9179336726665,36021567.59798519,599.9895930678273,-599.9608153360896,True,2,1,True,False,False,False,True,False
speed_600rpm__torque_500Nm__temperature_35degC,test,data/original_dataset/Test_35deg/600rpm/600.0rpm500.0Nm35.0deg.csv,87280,10750505,2026-06-23T17:45:35.315029+00:00,False,32400,32400,1,1,0,Fw_then_Bw,11240,2.81,3240,8000,False,False,-601.9779480605697,16581552.978996202,599.9874695990002,-599.9651737365639,True,2,1,True,False,False,False,True,False
speed_600rpm__torque_600Nm__temperature_25degC,train,data/original_dataset/Test_25deg/600rpm/600.0rpm600.0Nm25.0deg.csv,87279,10800411,2026-06-23T17:45:00.523995+00:00,False,32400,32400,1,1,0,Fw_then_Bw,11240,2.81,3239,8000,False,False,-602.0267306594178,55461580.4078242,599.9919958655179,-599.9607873285033,True,2,1,True,False,False,False,True,False
speed_600rpm__torque_600Nm__temperature_30degC,train,data/original_dataset/Test_30deg/600rpm/600.0rpm600.0Nm30.0deg.csv,87281,10665263,2026-06-23T17:45:17.408890+00:00,False,32400,32400,1,1,0,Fw_then_Bw,11241,2.81025,3239,8001,False,False,-602.083224793508,36021578.258425266,599.9881401997603,-599.9506169658464,True,2,1,True,False,False,False,True,False
speed_600rpm__torque_600Nm__temperature_35degC,train,data/original_dataset/Test_35deg/600rpm/600.0rpm600.0Nm35.0deg.csv,87283,10640463,2026-06-23T17:45:35.361725+00:00,False,32400,32400,1,1,0,Fw_then_Bw,11241,2.81025,3239,8003,False,False,-602.2996455333971,16581558.062564604,599.9878049333347,-599.9534111300211,True,2,1,True,False,False,False,True,False
speed_600rpm__torque_700Nm__temperature_25degC,train,data/original_dataset/Test_25deg/600rpm/600.0rpm700.0Nm25.0deg.csv,87284,10747009,2026-06-23T17:45:00.563166+00:00,False,32400,32400,1,1,0,Fw_then_Bw,11244,2.811,3240,8000,False,False,-602.2038686593685,55459195.655118614,599.9899283294022,-599.9632180028129,True,2,1,True,False,False,False,True,False
speed_600rpm__torque_700Nm__temperature_30degC,train,data/original_dataset/Test_30deg/600rpm/600.0rpm700.0Nm30.0deg.csv,87285,10626519,2026-06-23T17:45:17.453496+00:00,False,32400,32400,1,1,0,Fw_then_Bw,11243,2.81075,3240,8002,False,False,-602.2224199938743,36018591.79364486,599.9909341335297,-599.9606196322322,True,2,1,True,False,False,False,True,False
speed_600rpm__torque_700Nm__temperature_35degC,test,data/original_dataset/Test_35deg/600rpm/600.0rpm700.0Nm35.0deg.csv,87285,10608042,2026-06-23T17:45:35.404331+00:00,False,32400,32400,1,1,0,Fw_then_Bw,11243,2.81075,3240,8002,False,False,-602.2614240646362,16578571.289163072,600.0011600651003,-599.963609095236,True,2,1,True,False,False,False,True,False
speed_600rpm__torque_800Nm__temperature_25degC,train,data/original_dataset/Test_25deg/600rpm/600.0rpm800.0Nm25.0deg.csv,87285,10659121,2026-06-23T17:45:00.604039+00:00,False,32400,32400,1,1,0,Fw_then_Bw,11243,2.81075,3240,8002,False,False,-602.4753859965131,55458612.02700046,599.9930575975062,-599.9618770050195,True,2,1,True,False,False,False,True,False
speed_600rpm__torque_800Nm__temperature_30degC,train,data/original_dataset/Test_30deg/600rpm/600.0rpm800.0Nm30.0deg.csv,87284,10627355,2026-06-23T17:45:17.497695+00:00,False,32400,32400,1,1,0,Fw_then_Bw,11243,2.81075,3240,8001,False,False,-602.3284233912515,36018597.09648447,599.989928266344,-599.9604239962839,True,2,1,True,False,False,False,True,False
speed_600rpm__torque_800Nm__temperature_35degC,validation,data/original_dataset/Test_35deg/600rpm/600.0rpm800.0Nm35.0deg.csv,87283,10606126,2026-06-23T17:45:35.449343+00:00,False,32400,32400,1,1,0,Fw_then_Bw,11243,2.81075,3240,8000,False,False,-602.2873520657109,16578584.006018933,599.997611665458,-599.9600887347091,True,2,1,True,False,False,False,True,False
speed_600rpm__torque_900Nm__temperature_25degC,train,data/original_dataset/Test_25deg/600rpm/600.0rpm900.0Nm25.0deg.csv,87285,10657415,2026-06-23T17:45:00.648164+00:00,False,32400,32400,1,1,0,Fw_then_Bw,11243,2.81075,3239,8003,False,False,-602.4347060010768,55458625.29778873,599.9986734314007,-599.9636093280667,True,2,1,True,False,False,False,True,False
speed_600rpm__torque_900Nm__temperature_30degC,train,data/original_dataset/Test_30deg/600rpm/600.0rpm900.0Nm30.0deg.csv,87283,10625450,2026-06-23T17:45:17.541467+00:00,False,32400,32400,1,1,0,Fw_then_Bw,11244,2.811,3239,8000,False,False,-602.3375320073683,36018601.9853686,599.9944545328617,-599.9558980014019,True,2,1,True,False,False,False,True,False
speed_600rpm__torque_900Nm__temperature_35degC,train,data/original_dataset/Test_35deg/600rpm/600.0rpm900.0Nm35.0deg.csv,85379,10398791,2026-06-23T17:45:35.490896+00:00,False,32400,32400,1,1,0,Fw_then_Bw,9336,2.334,3240,8003,False,False,-602.4091126649485,34873817.584589265,599.9905988671042,-599.9628826684784,True,2,1,True,False,False,False,True,False
speed_600rpm__torque_1000Nm__temperature_25degC,train,data/original_dataset/Test_25deg/600rpm/600.0rpm1000.0Nm25.0deg.csv,87284,10659596,2026-06-23T17:44:59.984612+00:00,False,32400,32400,1,1,0,Fw_then_Bw,11243,2.81075,3240,8001,False,False,-602.506622672081,55458640.37526792,599.9895371314778,-599.9702586753604,True,2,1,True,False,False,False,True,False
speed_600rpm__torque_1000Nm__temperature_30degC,test,data/original_dataset/Test_30deg/600rpm/600.0rpm1000.0Nm30.0deg.csv,87285,10625169,2026-06-23T17:45:16.795454+00:00,False,32400,32400,1,1,0,Fw_then_Bw,11242,2.8105,3240,8003,False,False,-602.6224046654534,36018041.309081,599.9913253326667,-599.9632739306738,True,2,1,True,False,False,False,True,False
speed_600rpm__torque_1000Nm__temperature_35degC,train,data/original_dataset/Test_35deg/600rpm/600.0rpm1000.0Nm35.0deg.csv,87285,10615532,2026-06-23T17:45:34.779910+00:00,False,32400,32400,1,1,0,Fw_then_Bw,11242,2.8105,3240,8003,False,False,-602.5603227317333,16577991.303484865,599.9920237688154,-599.969532333489,True,2,1,True,False,False,False,True,False
speed_600rpm__torque_1100Nm__temperature_25degC,validation,data/original_dataset/Test_25deg/600rpm/600.0rpm1100.0Nm25.0deg.csv,87285,10655231,2026-06-23T17:45:00.026121+00:00,False,32400,32400,1,1,0,Fw_then_Bw,11242,2.8105,3240,8003,False,False,-602.7907693448166,55458046.23020833,599.9937839684815,-599.9695323359144,True,2,1,True,False,False,False,True,False
speed_600rpm__torque_1100Nm__temperature_30degC,train,data/original_dataset/Test_30deg/600rpm/600.0rpm1100.0Nm30.0deg.csv,87286,10634336,2026-06-23T17:45:16.842559+00:00,False,32400,32400,1,1,0,Fw_then_Bw,11243,2.81075,3240,8003,False,False,-602.642018396485,36018024.3575202,599.9909341335297,-599.9669339992881,True,2,1,True,False,False,False,True,False
speed_600rpm__torque_1100Nm__temperature_35degC,validation,data/original_dataset/Test_35deg/600rpm/600.0rpm1100.0Nm35.0deg.csv,87283,10610466,2026-06-23T17:45:34.826646+00:00,False,32400,32400,1,1,0,Fw_then_Bw,11243,2.81075,3240,8000,False,False,-602.710414668157,16578023.209366936,599.9876372661674,-599.9660678353393,True,2,1,True,False,False,False,True,False
speed_600rpm__torque_1200Nm__temperature_25degC,train,data/original_dataset/Test_25deg/600rpm/600.0rpm1200.0Nm25.0deg.csv,87282,10650139,2026-06-23T17:45:00.066294+00:00,False,32400,32399,1,1,0,Fw_then_Bw,11243,2.81075,3239,8001,False,False,-602.882020000834,55458044.62809113,599.9888386650127,-599.969531991519,True,2,1,True,False,False,False,True,False
speed_600rpm__torque_1200Nm__temperature_30degC,train,data/original_dataset/Test_30deg/600rpm/600.0rpm1200.0Nm30.0deg.csv,87283,10626676,2026-06-23T17:45:16.883993+00:00,False,32400,32400,1,1,0,Fw_then_Bw,11243,2.81075,3240,8000,False,False,-602.9788590676617,36018043.808564536,599.9835580672274,-599.9734440022924,True,2,1,True,False,False,False,True,False
speed_600rpm__torque_1200Nm__temperature_35degC,train,data/original_dataset/Test_35deg/600rpm/600.0rpm1200.0Nm35.0deg.csv,87285,10604289,2026-06-23T17:45:34.869247+00:00,False,32400,32400,1,1,0,Fw_then_Bw,11243,2.81075,3240,8002,False,False,-603.1542085305167,16578028.687946465,599.9844800680876,-599.9762378681528,True,2,1,True,False,False,False,True,False
speed_600rpm__torque_1300Nm__temperature_25degC,train,data/original_dataset/Test_25deg/600rpm/600.0rpm1300.0Nm25.0deg.csv,87284,10655148,2026-06-23T17:45:00.107836+00:00,False,32400,32400,1,1,0,Fw_then_Bw,11242,2.8105,3240,8002,False,False,-603.1261566677131,55458053.254857466,599.9900959335112,-599.9842846649699,True,2,1,True,False,False,False,True,False
speed_600rpm__torque_1300Nm__temperature_30degC,test,data/original_dataset/Test_30deg/600rpm/600.0rpm1300.0Nm30.0deg.csv,87281,10631168,2026-06-23T17:45:16.927328+00:00,False,32400,32400,1,1,0,Fw_then_Bw,11241,2.81025,3240,8000,False,False,-603.1272187343953,36017452.87729453,599.9776348665667,-599.9755113686357,True,2,1,True,False,False,False,True,False
speed_600rpm__torque_1300Nm__temperature_35degC,validation,data/original_dataset/Test_35deg/600rpm/600.0rpm1300.0Nm35.0deg.csv,87284,10609124,2026-06-23T17:45:34.913971+00:00,False,32400,32400,1,1,0,Fw_then_Bw,11241,2.81025,3240,8003,False,False,-603.1770072634876,16577442.948259402,599.979422998634,-599.9814905323244,True,2,1,True,False,False,False,True,False
speed_600rpm__torque_1400Nm__temperature_25degC,validation,data/original_dataset/Test_25deg/600rpm/600.0rpm1400.0Nm25.0deg.csv,87282,10651580,2026-06-23T17:45:00.147995+00:00,False,32400,32400,1,1,0,Fw_then_Bw,11241,2.81025,3240,8001,False,False,-603.213887331852,55457462.883442864,599.9799258982723,-599.9909620004473,True,2,1,True,False,False,False,True,False
speed_600rpm__torque_1400Nm__temperature_30degC,train,data/original_dataset/Test_30deg/600rpm/600.0rpm1400.0Nm30.0deg.csv,87283,10636890,2026-06-23T17:45:16.971946+00:00,False,32400,32400,1,1,0,Fw_then_Bw,11242,2.8105,3240,8001,False,False,-603.1145900681926,36017457.51148106,599.9788642002386,-599.9853461641276,True,2,1,True,False,False,False,True,False
speed_600rpm__torque_1400Nm__temperature_35degC,validation,data/original_dataset/Test_35deg/600rpm/600.0rpm1400.0Nm35.0deg.csv,87282,10610785,2026-06-23T17:45:34.956212+00:00,False,32400,32400,1,1,0,Fw_then_Bw,11242,2.8105,3240,8000,False,False,-603.2861396670341,16577434.484269466,599.9785010014117,-599.9853461641276,True,2,1,True,False,False,False,True,False
speed_600rpm__torque_1500Nm__temperature_25degC,validation,data/original_dataset/Test_25deg/600rpm/600.0rpm1500.0Nm25.0deg.csv,87282,10654688,2026-06-23T17:45:00.190580+00:00,False,32400,32400,1,1,0,Fw_then_Bw,11242,2.8105,3239,8001,False,False,-603.3496186622264,55457482.3839406,599.9737791959584,-599.9900960014202,True,2,1,True,False,False,False,True,False
speed_600rpm__torque_1500Nm__temperature_30degC,train,data/original_dataset/Test_30deg/600rpm/600.0rpm1500.0Nm30.0deg.csv,87284,10632624,2026-06-23T17:45:17.016016+00:00,False,32400,32400,1,1,0,Fw_then_Bw,11242,2.8105,3240,8002,False,False,-603.4878641366959,36017477.635033265,599.9751761361646,-599.9863796654001,True,2,1,True,False,False,False,True,False
speed_600rpm__torque_1500Nm__temperature_35degC,train,data/original_dataset/Test_35deg/600rpm/600.0rpm1500.0Nm35.0deg.csv,87283,10611929,2026-06-23T17:45:35.001403+00:00,False,32400,32400,1,1,0,Fw_then_Bw,11242,2.8105,3240,8001,False,False,-603.4794263347673,16577474.814131867,599.9797582650596,-599.9884754710365,True,2,1,True,False,False,False,True,False
speed_600rpm__torque_1600Nm__temperature_25degC,train,data/original_dataset/Test_25deg/600rpm/600.0rpm1600.0Nm25.0deg.csv,87284,10657049,2026-06-23T17:45:00.232614+00:00,False,32400,32400,1,1,0,Fw_then_Bw,11241,2.81025,3240,8003,False,False,-603.716187334309,55457494.61492533,599.9811552319443,-599.9973046661278,True,2,1,True,False,False,False,True,False
speed_600rpm__torque_1600Nm__temperature_30degC,validation,data/original_dataset/Test_30deg/600rpm/600.0rpm1600.0Nm30.0deg.csv,87282,10627041,2026-06-23T17:45:17.064090+00:00,False,32400,32400,1,1,0,Fw_then_Bw,11240,2.81,3240,8002,False,False,-603.8084998726845,36016886.2785772,599.9746452992744,-599.9871064996114,True,2,1,True,False,False,False,True,False
speed_600rpm__torque_1600Nm__temperature_35degC,train,data/original_dataset/Test_35deg/600rpm/600.0rpm1600.0Nm35.0deg.csv,84368,10267933,2026-06-23T17:45:35.044675+00:00,False,32400,32400,1,1,0,Fw_then_Bw,8326,2.0815,3239,8003,False,False,-603.6197394617678,34267904.97690447,599.9741144672347,-599.9906550326461,True,2,1,True,False,False,False,True,False
speed_600rpm__torque_1700Nm__temperature_25degC,test,data/original_dataset/Test_25deg/600rpm/600.0rpm1700.0Nm25.0deg.csv,87283,10652732,2026-06-23T17:45:00.274525+00:00,False,32400,32400,1,1,0,Fw_then_Bw,11240,2.81,3240,8003,False,False,-603.7355213387248,55456892.99343133,599.9778024997795,-599.9848153345131,True,2,1,True,False,False,False,True,False
speed_600rpm__torque_1700Nm__temperature_30degC,train,data/original_dataset/Test_30deg/600rpm/600.0rpm1700.0Nm30.0deg.csv,87281,10633922,2026-06-23T17:45:17.108195+00:00,False,32400,32400,1,1,0,Fw_then_Bw,11241,2.81025,3240,8000,False,False,-603.6011873414584,36016879.16200587,599.9829154679901,-599.9869106696375,True,2,1,True,False,False,False,True,False
speed_600rpm__torque_1700Nm__temperature_35degC,train,data/original_dataset/Test_35deg/600rpm/600.0rpm1700.0Nm35.0deg.csv,84456,10267932,2026-06-23T17:45:35.087739+00:00,False,32400,32400,1,1,0,Fw_then_Bw,8413,2.10325,3240,8003,False,False,-603.6618165283775,34320051.848385334,599.9811552343697,-599.9916606670013,True,2,1,True,False,False,False,True,False
speed_600rpm__torque_1800Nm__temperature_25degC,train,data/original_dataset/Test_25deg/600rpm/600.0rpm1800.0Nm25.0deg.csv,87281,10654305,2026-06-23T17:45:00.317365+00:00,False,32400,32400,1,1,0,Fw_then_Bw,11241,2.81025,3240,8000,False,False,-603.7772633329345,55456903.31881887,599.986407867012,-599.9955443306437,True,2,1,True,False,False,False,True,False
speed_600rpm__torque_1800Nm__temperature_30degC,train,data/original_dataset/Test_30deg/600rpm/600.0rpm1800.0Nm30.0deg.csv,87282,10636812,2026-06-23T17:45:17.154851+00:00,False,32400,32400,1,1,0,Fw_then_Bw,11241,2.81025,3240,8001,False,False,-604.0133533339637,36016908.671110794,599.9843124348747,-599.9948455331227,True,2,1,True,False,False,False,True,False
speed_600rpm__torque_1800Nm__temperature_35degC,train,data/original_dataset/Test_35deg/600rpm/600.0rpm1800.0Nm35.0deg.csv,87284,10624583,2026-06-23T17:45:35.129270+00:00,False,32400,32400,1,1,0,Fw_then_Bw,11241,2.81025,3240,8003,False,False,-603.8375572049214,16576882.400326466,599.983949267577,-599.9979749321938,True,2,1,True,False,False,False,True,False
speed_700rpm__torque_0Nm__temperature_25degC,train,data/original_dataset/Test_25deg/700rpm/700.0rpm0.0Nm25.0deg.csv,77100,9386088,2026-06-23T17:45:00.687222+00:00,False,27772,27771,1,1,0,Fw_then_Bw,10778,2.6945,2777,8002,False,False,-701.7203606665134,15783782.785367267,699.9975443347164,-699.9849155351209,True,2,1,True,False,False,False,True,False
speed_700rpm__torque_0Nm__temperature_30degC,train,data/original_dataset/Test_30deg/700rpm/700.0rpm0.0Nm30.0deg.csv,77100,9397559,2026-06-23T17:45:17.584569+00:00,False,27772,27771,1,1,0,Fw_then_Bw,10778,2.6945,2777,8002,False,False,-701.8676586061096,15783762.028981,699.9961193663088,-699.9940239281083,True,2,1,True,False,False,False,True,False
speed_700rpm__torque_0Nm__temperature_35degC,train,data/original_dataset/Test_35deg/700rpm/700.0rpm0.0Nm35.0deg.csv,77100,9393828,2026-06-23T17:45:35.534766+00:00,False,27771,27772,1,1,0,Fw_then_Bw,10778,2.6945,2777,8002,False,False,-701.8740289301301,15783061.093669405,699.9985501315678,-699.9905034657179,True,2,1,True,False,False,False,True,False
speed_700rpm__torque_100Nm__temperature_25degC,train,data/original_dataset/Test_25deg/700rpm/700.0rpm100.0Nm25.0deg.csv,77103,9414974,2026-06-23T17:45:00.721249+00:00,False,27772,27772,1,1,0,Fw_then_Bw,10780,2.695,2777,8002,False,False,-701.8154113320634,74100785.79096135,700.0020984681516,-699.9745500118783,True,2,1,True,False,False,False,True,False
speed_700rpm__torque_100Nm__temperature_30degC,train,data/original_dataset/Test_30deg/700rpm/700.0rpm100.0Nm30.0deg.csv,77103,9393667,2026-06-23T17:45:17.625192+00:00,False,27772,27771,1,1,0,Fw_then_Bw,10781,2.69525,2777,8002,False,False,-701.7042674027227,35221362.59447799,700.0059261966574,-699.9820656589387,True,2,1,True,False,False,False,True,False
speed_700rpm__torque_100Nm__temperature_35degC,train,data/original_dataset/Test_35deg/700rpm/700.0rpm100.0Nm35.0deg.csv,75532,9201413,2026-06-23T17:45:35.571876+00:00,False,27772,27772,1,1,0,Fw_then_Bw,9211,2.30275,2777,8000,False,False,-701.7245516083979,34122403.453979395,699.9954208634638,-699.9820659984834,True,2,1,True,False,False,False,True,False
speed_700rpm__torque_200Nm__temperature_25degC,train,data/original_dataset/Test_25deg/700rpm/700.0rpm200.0Nm25.0deg.csv,77100,9404292,2026-06-23T17:45:01.094274+00:00,False,27771,27772,1,1,0,Fw_then_Bw,10780,2.695,2777,8000,False,False,-701.8041800086696,74100806.37093654,700.0045292030943,-699.9754720018245,True,2,1,True,False,False,False,True,False
speed_700rpm__torque_200Nm__temperature_30degC,test,data/original_dataset/Test_30deg/700rpm/700.0rpm200.0Nm30.0deg.csv,77101,9410538,2026-06-23T17:45:18.037264+00:00,False,27772,27772,1,1,0,Fw_then_Bw,10780,2.695,2776,8001,False,False,-701.9311934612535,35220667.633843,700.0027969334042,-699.9824568726278,True,2,1,True,False,False,False,True,False
speed_700rpm__torque_200Nm__temperature_35degC,train,data/original_dataset/Test_35deg/700rpm/700.0rpm200.0Nm35.0deg.csv,74712,9126848,2026-06-23T17:45:35.976613+00:00,False,27772,27771,1,1,0,Fw_then_Bw,8391,2.09775,2777,8001,False,False,-701.695047270429,33547682.100031268,700.001400000474,-699.9782100028824,True,2,1,True,False,False,False,True,False
speed_700rpm__torque_300Nm__temperature_25degC,train,data/original_dataset/Test_25deg/700rpm/700.0rpm300.0Nm25.0deg.csv,77102,9429515,2026-06-23T17:45:01.132671+00:00,False,27771,27771,1,1,0,Fw_then_Bw,10781,2.69525,2777,8002,False,False,-701.8235139936829,74100811.20265618,700.0045291982435,-699.9726219995257,True,2,1,True,False,False,False,True,False
speed_700rpm__torque_300Nm__temperature_30degC,train,data/original_dataset/Test_30deg/700rpm/700.0rpm300.0Nm30.0deg.csv,77102,9523118,2026-06-23T17:45:18.078366+00:00,False,27771,27771,1,1,0,Fw_then_Bw,10781,2.69525,2777,8002,False,False,-701.9248793270283,35220676.36415346,699.9982148020839,-699.9732926681949,True,2,1,True,False,False,False,True,False
speed_700rpm__torque_300Nm__temperature_35degC,train,data/original_dataset/Test_35deg/700rpm/700.0rpm300.0Nm35.0deg.csv,76863,9511672,2026-06-23T17:45:36.017260+00:00,False,27771,27771,1,1,0,Fw_then_Bw,10542,2.6355,2777,8002,False,False,-701.7884220016034,35053400.472086,699.9989412676466,-699.9732926681949,True,2,1,True,False,False,False,True,False
speed_700rpm__torque_400Nm__temperature_25degC,validation,data/original_dataset/Test_25deg/700rpm/700.0rpm400.0Nm25.0deg.csv,77102,9534767,2026-06-23T17:45:01.169723+00:00,False,27772,27772,1,1,0,Fw_then_Bw,10779,2.69475,2777,8002,False,False,-702.0188680035062,74100125.40455939,699.9968178667284,-699.9677046551369,True,2,1,True,False,False,False,True,False
speed_700rpm__torque_400Nm__temperature_30degC,validation,data/original_dataset/Test_30deg/700rpm/700.0rpm400.0Nm30.0deg.csv,77103,9545851,2026-06-23T17:45:18.116437+00:00,False,27771,27772,1,1,0,Fw_then_Bw,10780,2.695,2777,8003,False,False,-702.0781559986062,35219996.98966719,699.9943591314756,-699.9732926681949,True,2,1,True,False,False,False,True,False
speed_700rpm__torque_400Nm__temperature_35degC,train,data/original_dataset/Test_35deg/700rpm/700.0rpm400.0Nm35.0deg.csv,77101,9547660,2026-06-23T17:45:36.057640+00:00,False,27772,27772,1,1,0,Fw_then_Bw,10779,2.69475,2777,8001,False,False,-701.826308000212,35219987.12701713,699.9957561347401,-699.9715605343226,True,2,1,True,False,False,False,True,False
speed_700rpm__torque_500Nm__temperature_25degC,train,data/original_dataset/Test_25deg/700rpm/700.0rpm500.0Nm25.0deg.csv,77102,9560825,2026-06-23T17:45:01.206796+00:00,False,27772,27772,1,1,0,Fw_then_Bw,10779,2.69475,2777,8002,False,False,-702.0157386626428,74100132.0173218,699.9975163331934,-699.968738326182,True,2,1,True,False,False,False,True,False
speed_700rpm__torque_500Nm__temperature_30degC,validation,data/original_dataset/Test_30deg/700rpm/700.0rpm500.0Nm30.0deg.csv,77100,9529659,2026-06-23T17:45:18.157073+00:00,False,27772,27772,1,1,0,Fw_then_Bw,10779,2.69475,2777,8000,False,False,-702.0206563271738,35220009.713955,699.9952532326763,-699.9699959997088,True,2,1,True,False,False,False,True,False
speed_700rpm__torque_500Nm__temperature_35degC,train,data/original_dataset/Test_35deg/700rpm/700.0rpm500.0Nm35.0deg.csv,74783,9238906,2026-06-23T17:45:36.096697+00:00,False,27772,27771,1,1,0,Fw_then_Bw,8462,2.1155,2777,8001,False,False,-702.1027430600952,33597462.35327786,700.0007014673125,-699.9743546669681,True,2,1,True,False,False,False,True,False
speed_700rpm__torque_600Nm__temperature_25degC,validation,data/original_dataset/Test_25deg/700rpm/700.0rpm600.0Nm25.0deg.csv,77101,9557417,2026-06-23T17:45:01.243007+00:00,False,27771,27771,1,1,0,Fw_then_Bw,10780,2.695,2777,8002,False,False,-702.2619993270686,74100152.49202053,699.9999471348323,-699.9645193379062,True,2,1,True,False,False,False,True,False
speed_700rpm__torque_600Nm__temperature_30degC,validation,data/original_dataset/Test_30deg/700rpm/700.0rpm600.0Nm30.0deg.csv,77100,9439343,2026-06-23T17:45:18.200987+00:00,False,27771,27771,1,1,0,Fw_then_Bw,10780,2.695,2777,8001,False,False,-702.2093606647104,35220046.520624466,699.9960914690746,-699.9726221256424,True,2,1,True,False,False,False,True,False
speed_700rpm__torque_600Nm__temperature_35degC,train,data/original_dataset/Test_35deg/700rpm/700.0rpm600.0Nm35.0deg.csv,77101,9424005,2026-06-23T17:45:36.133589+00:00,False,27771,27771,1,1,0,Fw_then_Bw,10780,2.695,2777,8002,False,False,-702.2514939308167,35220005.5540726,699.9968178667284,-699.969828138516,True,2,1,True,False,False,False,True,False
speed_700rpm__torque_700Nm__temperature_25degC,train,data/original_dataset/Test_25deg/700rpm/700.0rpm700.0Nm25.0deg.csv,77102,9488039,2026-06-23T17:45:01.281062+00:00,False,27771,27771,1,1,0,Fw_then_Bw,10780,2.695,2777,8003,False,False,-702.3419626639225,74100155.6240584,700.0003382660605,-699.9732926681949,True,2,1,True,False,False,False,True,False
speed_700rpm__torque_700Nm__temperature_30degC,train,data/original_dataset/Test_30deg/700rpm/700.0rpm700.0Nm30.0deg.csv,77102,9394350,2026-06-23T17:45:18.282142+00:00,False,27771,27771,1,1,0,Fw_then_Bw,10780,2.695,2777,8003,False,False,-702.298823724656,35220017.53281827,699.9964266675912,-699.9771483339525,True,2,1,True,False,False,False,True,False
speed_700rpm__torque_700Nm__temperature_35degC,test,data/original_dataset/Test_35deg/700rpm/700.0rpm700.0Nm35.0deg.csv,77100,9397205,2026-06-23T17:45:36.174705+00:00,False,27771,27772,1,1,0,Fw_then_Bw,10779,2.69475,2777,8001,False,False,-702.4472392610429,35219315.224494465,699.9929622009707,-699.9687664307809,True,2,1,True,False,False,False,True,False
speed_700rpm__torque_800Nm__temperature_25degC,train,data/original_dataset/Test_25deg/700rpm/700.0rpm800.0Nm25.0deg.csv,77098,9423779,2026-06-23T17:45:01.318859+00:00,False,27772,27771,1,1,0,Fw_then_Bw,10778,2.6945,2777,8000,False,False,-702.7460826793686,74099458.62315619,699.9994442012394,-699.9901126643333,True,2,1,True,False,False,False,True,False
speed_700rpm__torque_800Nm__temperature_30degC,train,data/original_dataset/Test_30deg/700rpm/700.0rpm800.0Nm30.0deg.csv,74610,9102573,2026-06-23T17:45:18.322286+00:00,False,27772,27771,1,1,0,Fw_then_Bw,8287,2.07175,2777,8003,False,False,-702.4938986675504,52915366.32662641,699.9982428023941,-699.9789366673212,True,2,1,True,False,False,False,True,False
speed_700rpm__torque_800Nm__temperature_35degC,train,data/original_dataset/Test_35deg/700rpm/700.0rpm800.0Nm35.0deg.csv,76922,9372180,2026-06-23T17:45:36.212760+00:00,False,27772,27771,1,1,0,Fw_then_Bw,10601,2.65025,2777,8001,False,False,-702.5068625322698,35094801.99476707,699.9945547334694,-699.9729573338603,True,2,1,True,False,False,False,True,False
speed_700rpm__torque_900Nm__temperature_25degC,validation,data/original_dataset/Test_25deg/700rpm/700.0rpm900.0Nm25.0deg.csv,77098,9406676,2026-06-23T17:45:01.358412+00:00,False,27772,27772,1,1,0,Fw_then_Bw,10778,2.6945,2776,8000,False,False,-703.2246326756042,74099478.36711979,700.0013999665196,-699.9957560037728,True,2,1,True,False,False,False,True,False
speed_700rpm__torque_900Nm__temperature_30degC,train,data/original_dataset/Test_30deg/700rpm/700.0rpm900.0Nm30.0deg.csv,77100,9385560,2026-06-23T17:45:18.362925+00:00,False,27772,27771,1,1,0,Fw_then_Bw,10779,2.69475,2776,8002,False,False,-702.8436473337933,35219351.6978996,699.9996118004977,-699.9870393386421,True,2,1,True,False,False,False,True,False
speed_700rpm__torque_900Nm__temperature_35degC,train,data/original_dataset/Test_35deg/700rpm/700.0rpm900.0Nm35.0deg.csv,77100,9393544,2026-06-23T17:45:36.251505+00:00,False,27772,27771,1,1,0,Fw_then_Bw,10779,2.69475,2777,8001,False,False,-702.7033346724542,35219356.58611373,699.9961472999228,-699.9810039997101,True,2,1,True,False,False,False,True,False
speed_700rpm__torque_1000Nm__temperature_25degC,test,data/original_dataset/Test_25deg/700rpm/700.0rpm1000.0Nm25.0deg.csv,77100,9406679,2026-06-23T17:45:00.758034+00:00,False,27771,27771,1,1,0,Fw_then_Bw,10779,2.69475,2777,8002,False,False,-703.1860200028556,74099474.68813528,699.9964826003028,-699.9919566636283,True,2,1,True,False,False,False,True,False
speed_700rpm__torque_1000Nm__temperature_30degC,train,data/original_dataset/Test_30deg/700rpm/700.0rpm1000.0Nm30.0deg.csv,77099,9393414,2026-06-23T17:45:17.669069+00:00,False,27771,27771,1,1,0,Fw_then_Bw,10779,2.69475,2777,8001,False,False,-702.8720900028324,35219352.08553426,699.9946944658101,-699.9971526674926,True,2,1,True,False,False,False,True,False
speed_700rpm__torque_1000Nm__temperature_35degC,validation,data/original_dataset/Test_35deg/700rpm/700.0rpm1000.0Nm35.0deg.csv,77097,9395203,2026-06-23T17:45:35.614020+00:00,False,27771,27771,1,1,0,Fw_then_Bw,10778,2.6945,2777,8000,False,False,-703.243967339707,35218663.8345572,699.9898329328669,-699.9986059963703,True,2,1,True,False,False,False,True,False
speed_700rpm__torque_1100Nm__temperature_25degC,train,data/original_dataset/Test_25deg/700rpm/700.0rpm1100.0Nm25.0deg.csv,77098,9410401,2026-06-23T17:45:00.794099+00:00,False,27771,27771,1,1,0,Fw_then_Bw,10778,2.6945,2777,8001,False,False,-703.5557740018703,74098797.48696439,699.9905034705686,-699.9929620069452,True,2,1,True,False,False,False,True,False
speed_700rpm__torque_1100Nm__temperature_30degC,train,data/original_dataset/Test_30deg/700rpm/700.0rpm1100.0Nm30.0deg.csv,77098,9389254,2026-06-23T17:45:17.713652+00:00,False,27771,27772,1,1,0,Fw_then_Bw,10778,2.6945,2777,8000,False,False,-703.3347711355115,35218661.72192627,699.9957561977984,-699.9919283359002,True,2,1,True,False,False,False,True,False
speed_700rpm__torque_1100Nm__temperature_35degC,train,data/original_dataset/Test_35deg/700rpm/700.0rpm1100.0Nm35.0deg.csv,77098,9395927,2026-06-23T17:45:35.653195+00:00,False,27771,27772,1,1,0,Fw_then_Bw,10778,2.6945,2777,8000,False,False,-703.4631819988135,35218670.60936967,699.9915651977062,-699.9954208683145,True,2,1,True,False,False,False,True,False
speed_700rpm__torque_1200Nm__temperature_25degC,train,data/original_dataset/Test_25deg/700rpm/700.0rpm1200.0Nm25.0deg.csv,77100,9408322,2026-06-23T17:45:00.836206+00:00,False,27772,27772,1,1,0,Fw_then_Bw,10777,2.6942500000000003,2777,8002,False,False,-703.3895326506656,74098809.30298907,700.0045571645994,-699.9945266773769,True,2,1,True,False,False,False,True,False
speed_700rpm__torque_1200Nm__temperature_30degC,train,data/original_dataset/Test_30deg/700rpm/700.0rpm1200.0Nm30.0deg.csv,77098,9388258,2026-06-23T17:45:17.759651+00:00,False,27772,27771,1,1,0,Fw_then_Bw,10778,2.6945,2777,8000,False,False,-703.5993039996052,35218671.30752687,699.9996117980725,-699.997879525957,True,2,1,True,False,False,False,True,False
speed_700rpm__torque_1200Nm__temperature_35degC,test,data/original_dataset/Test_35deg/700rpm/700.0rpm1200.0Nm35.0deg.csv,77100,9367003,2026-06-23T17:45:35.693804+00:00,False,27772,27771,1,1,0,Fw_then_Bw,10778,2.6945,2777,8002,False,False,-703.915357599423,35218676.436356924,699.9919004689825,-699.9958119995426,True,2,1,True,False,False,False,True,False
speed_700rpm__torque_1300Nm__temperature_25degC,train,data/original_dataset/Test_25deg/700rpm/700.0rpm1300.0Nm25.0deg.csv,77098,9413155,2026-06-23T17:45:00.871275+00:00,False,27771,27771,1,1,0,Fw_then_Bw,10778,2.6945,2777,8001,False,False,-703.819245332852,74098805.33706373,699.9988853979933,-699.9911740034198,True,2,1,True,False,False,False,True,False
speed_700rpm__torque_1300Nm__temperature_30degC,train,data/original_dataset/Test_30deg/700rpm/700.0rpm1300.0Nm30.0deg.csv,77098,9390420,2026-06-23T17:45:17.801987+00:00,False,27771,27771,1,1,0,Fw_then_Bw,10778,2.6945,2777,8001,False,False,-703.9030641317368,35218665.59419761,699.990503465718,-700.004193931818,True,2,1,True,False,False,False,True,False
speed_700rpm__torque_1300Nm__temperature_35degC,train,data/original_dataset/Test_35deg/700rpm/700.0rpm1300.0Nm35.0deg.csv,76840,9350962,2026-06-23T17:45:35.732843+00:00,False,27771,27771,1,1,0,Fw_then_Bw,10518,2.6295,2777,8003,False,False,-703.6280818089532,35036701.42840593,699.9897770680643,-700.0014000028992,True,2,1,True,False,False,False,True,False
speed_700rpm__torque_1400Nm__temperature_25degC,validation,data/original_dataset/Test_25deg/700rpm/700.0rpm1400.0Nm25.0deg.csv,77100,9411346,2026-06-23T17:45:00.910146+00:00,False,27771,27771,1,1,0,Fw_then_Bw,10778,2.6945,2777,8003,False,False,-704.0072793412644,74098814.4107538,699.9936327338219,-699.9908386690852,True,2,1,True,False,False,False,True,False
speed_700rpm__torque_1400Nm__temperature_30degC,test,data/original_dataset/Test_30deg/700rpm/700.0rpm1400.0Nm30.0deg.csv,77096,9394120,2026-06-23T17:45:17.843319+00:00,False,27771,27771,1,1,0,Fw_then_Bw,10777,2.6942500000000003,2777,8000,False,False,-703.8501460046973,35217993.60992373,699.9877095319487,-699.992291997963,True,2,1,True,False,False,False,True,False
speed_700rpm__torque_1400Nm__temperature_35degC,train,data/original_dataset/Test_35deg/700rpm/700.0rpm1400.0Nm35.0deg.csv,76660,9331969,2026-06-23T17:45:35.773645+00:00,False,27771,27772,1,1,0,Fw_then_Bw,10340,2.585,2777,8000,False,False,-704.0556706003068,34912132.963948004,699.983853866191,-699.9987736344337,True,2,1,True,False,False,False,True,False
speed_700rpm__torque_1500Nm__temperature_25degC,train,data/original_dataset/Test_25deg/700rpm/700.0rpm1500.0Nm25.0deg.csv,77104,9407991,2026-06-23T17:45:00.944304+00:00,False,27772,27772,1,1,0,Fw_then_Bw,10780,2.695,2777,8003,False,False,-704.1700559978683,74095338.83113405,699.9905314320738,-699.9919283261988,True,2,1,True,False,False,False,True,False
speed_700rpm__torque_1500Nm__temperature_30degC,train,data/original_dataset/Test_30deg/700rpm/700.0rpm1500.0Nm30.0deg.csv,77103,9388752,2026-06-23T17:45:17.882771+00:00,False,27772,27772,1,1,0,Fw_then_Bw,10780,2.695,2777,8002,False,False,-704.127252131002,35215199.62750407,699.9757513331133,-699.9885753320996,True,2,1,True,False,False,False,True,False
speed_700rpm__torque_1500Nm__temperature_35degC,train,data/original_dataset/Test_35deg/700rpm/700.0rpm1500.0Nm35.0deg.csv,77102,9389388,2026-06-23T17:45:35.813239+00:00,False,27772,27771,1,1,0,Fw_then_Bw,10781,2.69525,2777,8001,False,False,-704.1781579998011,35215202.1848782,699.9799981325244,-699.9950853351038,True,2,1,True,False,False,False,True,False
speed_700rpm__torque_1600Nm__temperature_25degC,train,data/original_dataset/Test_25deg/700rpm/700.0rpm1600.0Nm25.0deg.csv,77101,9404434,2026-06-23T17:45:00.982850+00:00,False,27772,27771,1,1,0,Fw_then_Bw,10781,2.69525,2776,8001,False,False,-704.7247139853425,74095334.47053312,699.9908666984993,-699.979662662372,True,2,1,True,False,False,False,True,False
speed_700rpm__torque_1600Nm__temperature_30degC,validation,data/original_dataset/Test_30deg/700rpm/700.0rpm1600.0Nm30.0deg.csv,77102,9397181,2026-06-23T17:45:17.923141+00:00,False,27772,27771,1,1,0,Fw_then_Bw,10781,2.69525,2776,8002,False,False,-704.4458202629661,35215215.47533553,699.9764777331924,-699.9740186729468,True,2,1,True,False,False,False,True,False
speed_700rpm__torque_1600Nm__temperature_35degC,test,data/original_dataset/Test_35deg/700rpm/700.0rpm1600.0Nm35.0deg.csv,77101,9380028,2026-06-23T17:45:35.853722+00:00,False,27772,27771,1,1,0,Fw_then_Bw,10781,2.69525,2777,8000,False,False,-704.485103332748,35215207.28778107,699.9778747328189,-699.9715600007524,True,2,1,True,False,False,False,True,False
speed_700rpm__torque_1700Nm__temperature_25degC,validation,data/original_dataset/Test_25deg/700rpm/700.0rpm1700.0Nm25.0deg.csv,77102,9407164,2026-06-23T17:45:01.019166+00:00,False,27771,27771,1,1,0,Fw_then_Bw,10781,2.69525,2777,8002,False,False,-704.5089639917327,74095361.94948487,699.9849155981792,-699.9943593206505,True,2,1,True,False,False,False,True,False
speed_700rpm__torque_1700Nm__temperature_30degC,train,data/original_dataset/Test_30deg/700rpm/700.0rpm1700.0Nm30.0deg.csv,77103,9385727,2026-06-23T17:45:17.959806+00:00,False,27771,27771,1,1,0,Fw_then_Bw,10781,2.69525,2777,8003,False,False,-704.6155817321657,35215238.92063627,699.9817304701234,-699.9891066613296,True,2,1,True,False,False,False,True,False
speed_700rpm__torque_1700Nm__temperature_35degC,train,data/original_dataset/Test_35deg/700rpm/700.0rpm1700.0Nm35.0deg.csv,77103,9395368,2026-06-23T17:45:35.896807+00:00,False,27771,27772,1,1,0,Fw_then_Bw,10780,2.695,2777,8003,False,False,-704.1935249969052,35214499.032832935,699.9880447983742,-699.9978796666255,True,2,1,True,False,False,False,True,False
speed_700rpm__torque_1800Nm__temperature_25degC,validation,data/original_dataset/Test_25deg/700rpm/700.0rpm1800.0Nm25.0deg.csv,77103,9412970,2026-06-23T17:45:01.056218+00:00,False,27771,27772,1,1,0,Fw_then_Bw,10780,2.695,2777,8003,False,False,-704.6895660071945,74094671.81151713,699.9772041987551,-699.993157662296,True,2,1,True,False,False,False,True,False
speed_700rpm__torque_1800Nm__temperature_30degC,test,data/original_dataset/Test_30deg/700rpm/700.0rpm1800.0Nm30.0deg.csv,77102,9390366,2026-06-23T17:45:17.999204+00:00,False,27771,27772,1,1,0,Fw_then_Bw,10780,2.695,2777,8002,False,False,-704.5142166607548,35214530.79627807,699.9652459974944,-699.995420766451,True,2,1,True,False,False,False,True,False
speed_700rpm__torque_1800Nm__temperature_35degC,validation,data/original_dataset/Test_35deg/700rpm/700.0rpm1800.0Nm35.0deg.csv,77101,9399938,2026-06-23T17:45:35.938315+00:00,False,27771,27772,1,1,0,Fw_then_Bw,10780,2.695,2777,8001,False,False,-704.6664878628992,35214526.16421513,699.9768130675269,-699.9834903641992,True,2,1,True,False,False,False,True,False
speed_800rpm__torque_0Nm__temperature_25degC,train,data/original_dataset/Test_25deg/800rpm/800.0rpm0.0Nm25.0deg.csv,69465,8465301,2026-06-23T17:45:01.392744+00:00,False,24300,24300,1,1,0,Fw_then_Bw,10433,2.60825,2430,8002,False,False,-802.5253749995803,14982139.713317126,799.9963313341141,-799.9967225308258,True,2,1,True,False,False,False,True,False
speed_800rpm__torque_0Nm__temperature_30degC,train,data/original_dataset/Test_30deg/800rpm/800.0rpm0.0Nm30.0deg.csv,69463,8465295,2026-06-23T17:45:18.399392+00:00,False,24300,24300,1,1,0,Fw_then_Bw,10434,2.6085000000000003,2429,8000,False,False,-802.7091622061562,14982113.448847132,800.0005781674797,-799.9971136644793,True,2,1,True,False,False,False,True,False
speed_800rpm__torque_0Nm__temperature_35degC,test,data/original_dataset/Test_35deg/800rpm/800.0rpm0.0Nm35.0deg.csv,67833,8282734,2026-06-23T17:45:36.287047+00:00,False,24300,24300,1,1,0,Fw_then_Bw,8801,2.20025,2430,8002,False,False,-802.934355994997,33115728.4425014,799.9911345347451,-799.9958566360874,True,2,1,True,False,False,False,True,False
speed_800rpm__torque_100Nm__temperature_25degC,train,data/original_dataset/Test_25deg/800rpm/800.0rpm100.0Nm25.0deg.csv,68701,8386939,2026-06-23T17:45:01.433330+00:00,False,24300,24300,1,1,0,Fw_then_Bw,9669,2.41725,2430,8002,False,False,-802.0412360007565,53249357.86580641,799.9973930661023,-799.9932020029519,True,2,1,True,False,False,False,True,False
speed_800rpm__torque_100Nm__temperature_30degC,train,data/original_dataset/Test_30deg/800rpm/800.0rpm100.0Nm30.0deg.csv,69464,8459554,2026-06-23T17:45:18.436939+00:00,False,24300,24300,1,1,0,Fw_then_Bw,10434,2.6085000000000003,2430,8000,False,False,-802.2594453359488,34421296.58902067,799.999181200595,-799.9907433356082,True,2,1,True,False,False,False,True,False
speed_800rpm__torque_100Nm__temperature_35degC,test,data/original_dataset/Test_35deg/800rpm/800.0rpm100.0Nm35.0deg.csv,69153,8427079,2026-06-23T17:45:36.325098+00:00,False,24300,24300,1,1,0,Fw_then_Bw,10122,2.5305,2430,8001,False,False,-802.34365532912,34171729.26250833,800.0012487342854,-799.9871111339113,True,2,1,True,False,False,False,True,False
speed_800rpm__torque_200Nm__temperature_25degC,train,data/original_dataset/Test_25deg/800rpm/800.0rpm200.0Nm25.0deg_1.csv,69463,8469444,2026-06-23T17:45:01.797419+00:00,False,24300,24300,1,1,0,Fw_then_Bw,10433,2.60825,2430,8000,False,False,-802.0843753280739,73300534.02129552,799.994263802849,-799.9854906617353,True,2,1,True,False,False,False,True,False
speed_800rpm__torque_200Nm__temperature_30degC,validation,data/original_dataset/Test_30deg/800rpm/800.0rpm200.0Nm30.0deg.csv,69463,8489999,2026-06-23T17:45:18.806637+00:00,False,24300,24300,1,1,0,Fw_then_Bw,10433,2.60825,2430,8000,False,False,-801.9044440006837,53860505.78176981,799.9984547980906,-799.9802380024145,True,2,1,True,False,False,False,True,False
speed_800rpm__torque_200Nm__temperature_35degC,train,data/original_dataset/Test_35deg/800rpm/800.0rpm200.0Nm35.0deg.csv,69463,8466144,2026-06-23T17:45:36.684025+00:00,False,24300,24300,1,1,0,Fw_then_Bw,10433,2.60825,2430,8000,False,False,-801.9875362709475,34420504.783373065,799.9972533337616,-799.9840939010028,True,2,1,True,False,False,False,True,False
speed_800rpm__torque_300Nm__temperature_25degC,train,data/original_dataset/Test_25deg/800rpm/800.0rpm300.0Nm25.0deg.csv,68305,8349872,2026-06-23T17:45:01.832355+00:00,False,24300,24300,1,1,0,Fw_then_Bw,9272,2.318,2430,8003,False,False,-801.9131606658144,52931757.1058126,799.9998517334461,-799.9844286629619,True,2,1,True,False,False,False,True,False
speed_800rpm__torque_300Nm__temperature_30degC,train,data/original_dataset/Test_30deg/800rpm/800.0rpm300.0Nm30.0deg.csv,68812,8482573,2026-06-23T17:45:18.847744+00:00,False,24300,24300,1,1,0,Fw_then_Bw,9780,2.445,2429,8003,False,False,-802.2012186702341,53338120.54088367,799.9951299001016,-799.9760466724789,True,2,1,True,False,False,False,True,False
speed_800rpm__torque_300Nm__temperature_35degC,train,data/original_dataset/Test_35deg/800rpm/800.0rpm300.0Nm35.0deg.csv,69463,8544289,2026-06-23T17:45:36.720161+00:00,False,24300,24300,1,1,0,Fw_then_Bw,10434,2.6085000000000003,2429,8000,False,False,-801.9528353373365,34420513.70557393,799.9970577317678,-799.9831997003639,True,2,1,True,False,False,False,True,False
speed_800rpm__torque_400Nm__temperature_25degC,validation,data/original_dataset/Test_25deg/800rpm/800.0rpm400.0Nm25.0deg.csv,69466,8593354,2026-06-23T17:45:01.865429+00:00,False,24300,24300,1,1,0,Fw_then_Bw,10433,2.60825,2430,8003,False,False,-802.2583840065636,53860565.304123126,799.9967224653423,-799.9837583386883,True,2,1,True,False,False,False,True,False
speed_800rpm__torque_400Nm__temperature_30degC,train,data/original_dataset/Test_30deg/800rpm/800.0rpm400.0Nm30.0deg.csv,69465,8614855,2026-06-23T17:45:18.890065+00:00,False,24300,24300,1,1,0,Fw_then_Bw,10433,2.60825,2430,8002,False,False,-802.1454513461018,53860530.148408994,800.0005781674797,-799.9758516671136,True,2,1,True,False,False,False,True,False
speed_800rpm__torque_400Nm__temperature_35degC,train,data/original_dataset/Test_35deg/800rpm/800.0rpm400.0Nm35.0deg.csv,69464,8592720,2026-06-23T17:45:36.757040+00:00,False,24300,24300,1,1,0,Fw_then_Bw,10432,2.608,2430,8002,False,False,-802.2117246679652,34419740.606155135,799.9995723330358,-799.9802380024145,True,2,1,True,False,False,False,True,False
speed_800rpm__torque_500Nm__temperature_25degC,train,data/original_dataset/Test_25deg/800rpm/800.0rpm500.0Nm25.0deg.csv,69462,8612864,2026-06-23T17:45:01.899099+00:00,False,24300,24300,1,1,0,Fw_then_Bw,10432,2.608,2430,8000,False,False,-802.31800666661,53859774.12253621,800.0006061338354,-799.9762146694897,True,2,1,True,False,False,False,True,False
speed_800rpm__torque_500Nm__temperature_30degC,train,data/original_dataset/Test_30deg/800rpm/800.0rpm500.0Nm30.0deg.csv,69412,8609083,2026-06-23T17:45:18.927704+00:00,False,24300,24300,1,1,0,Fw_then_Bw,10381,2.59525,2430,8001,False,False,-802.4411646668644,53818951.79092914,800.0012766351574,-799.9725266708992,True,2,1,True,False,False,False,True,False
speed_800rpm__torque_500Nm__temperature_35degC,train,data/original_dataset/Test_35deg/800rpm/800.0rpm500.0Nm35.0deg.csv,69465,8585634,2026-06-23T17:45:36.791605+00:00,False,24300,24300,1,1,0,Fw_then_Bw,10432,2.608,2430,8003,False,False,-802.3296296693541,34419742.970969595,800.0026456672155,-799.9735886648219,True,2,1,True,False,False,False,True,False
speed_800rpm__torque_600Nm__temperature_25degC,test,data/original_dataset/Test_25deg/800rpm/800.0rpm600.0Nm25.0deg.csv,68076,8436030,2026-06-23T17:45:01.936092+00:00,False,24300,24300,1,1,0,Fw_then_Bw,9046,2.2615,2430,8000,False,False,-802.5727053366912,52751004.9463434,799.9995164670206,-799.9807410039163,True,2,1,True,False,False,False,True,False
speed_800rpm__torque_600Nm__temperature_30degC,train,data/original_dataset/Test_30deg/800rpm/800.0rpm600.0Nm30.0deg.csv,67168,8255568,2026-06-23T17:45:18.967289+00:00,False,24300,24300,1,1,0,Fw_then_Bw,8135,2.03375,2430,8003,False,False,-802.6028793343963,52022169.61020579,799.9984547313943,-799.9761870014481,True,2,1,True,False,False,False,True,False
speed_800rpm__torque_600Nm__temperature_35degC,validation,data/original_dataset/Test_35deg/800rpm/800.0rpm600.0Nm35.0deg.csv,69464,8541813,2026-06-23T17:45:36.829910+00:00,False,24300,24299,1,1,0,Fw_then_Bw,10433,2.60825,2430,8002,False,False,-802.3489079981422,34419754.50944146,799.9988458662605,-799.9781146645546,True,2,1,True,False,False,False,True,False
speed_800rpm__torque_700Nm__temperature_25degC,train,data/original_dataset/Test_25deg/800rpm/800.0rpm700.0Nm25.0deg.csv,69464,8548569,2026-06-23T17:45:01.975881+00:00,False,24300,24299,1,1,0,Fw_then_Bw,10433,2.60825,2429,8003,False,False,-802.7056420008497,53859802.78696887,799.9953255348373,-799.9714653318126,True,2,1,True,False,False,False,True,False
speed_800rpm__torque_700Nm__temperature_30degC,validation,data/original_dataset/Test_30deg/800rpm/800.0rpm700.0Nm30.0deg.csv,69464,8460649,2026-06-23T17:45:19.002515+00:00,False,24300,24300,1,1,0,Fw_then_Bw,10433,2.60825,2430,8001,False,False,-803.013369460435,34419767.649080604,799.999181200595,-799.9700680035555,True,2,1,True,False,False,False,True,False
speed_800rpm__torque_700Nm__temperature_35degC,train,data/original_dataset/Test_35deg/800rpm/800.0rpm700.0Nm35.0deg.csv,69465,8465307,2026-06-23T17:45:36.865085+00:00,False,24300,24300,1,1,0,Fw_then_Bw,10433,2.60825,2430,8002,False,False,-802.7015068025017,34419772.483203806,799.9921683343321,-799.966380004965,True,2,1,True,False,False,False,True,False
speed_800rpm__torque_800Nm__temperature_25degC,validation,data/original_dataset/Test_25deg/800rpm/800.0rpm800.0Nm25.0deg.csv,69464,8474445,2026-06-23T17:45:02.009875+00:00,False,24300,24300,1,1,0,Fw_then_Bw,10432,2.608,2430,8002,False,False,-802.7130180077318,53859810.82504608,799.9979518329685,-799.9731966653296,True,2,1,True,False,False,False,True,False
speed_800rpm__torque_800Nm__temperature_30degC,train,data/original_dataset/Test_30deg/800rpm/800.0rpm800.0Nm30.0deg.csv,69462,8455692,2026-06-23T17:45:19.037564+00:00,False,24300,24300,1,1,0,Fw_then_Bw,10432,2.608,2430,8000,False,False,-802.9165304615162,34419786.92047286,799.9981194673941,-799.9707386673739,True,2,1,True,False,False,False,True,False
speed_800rpm__torque_800Nm__temperature_35degC,test,data/original_dataset/Test_35deg/800rpm/800.0rpm800.0Nm35.0deg.csv,69463,8456001,2026-06-23T17:45:36.901732+00:00,False,24300,24300,1,1,0,Fw_then_Bw,10431,2.6077500000000002,2430,8002,False,False,-802.8256706699418,34418977.462704994,799.9963592665154,-799.9751530296635,True,2,1,True,False,False,False,True,False
speed_800rpm__torque_900Nm__temperature_25degC,train,data/original_dataset/Test_25deg/800rpm/800.0rpm900.0Nm25.0deg.csv,69464,8481237,2026-06-23T17:45:02.042510+00:00,False,24300,24300,1,1,0,Fw_then_Bw,10431,2.6077500000000002,2430,8003,False,False,-803.0691366681518,53859014.66237392,799.9946549340772,-799.9763826713508,True,2,1,True,False,False,False,True,False
speed_800rpm__torque_900Nm__temperature_30degC,validation,data/original_dataset/Test_30deg/800rpm/800.0rpm900.0Nm30.0deg.csv,69463,8456856,2026-06-23T17:45:19.072645+00:00,False,24300,24300,1,1,0,Fw_then_Bw,10431,2.6077500000000002,2430,8002,False,False,-802.8379082679749,34418996.95940347,799.9967224992968,-799.9672181031201,True,2,1,True,False,False,False,True,False
speed_800rpm__torque_900Nm__temperature_35degC,validation,data/original_dataset/Test_35deg/800rpm/800.0rpm900.0Nm35.0deg.csv,69462,8461690,2026-06-23T17:45:36.940073+00:00,False,24300,24300,1,1,0,Fw_then_Bw,10431,2.6077500000000002,2430,8001,False,False,-802.9926382005215,34418999.615740076,799.9924756683565,-799.9785060043602,True,2,1,True,False,False,False,True,False
speed_800rpm__torque_1000Nm__temperature_25degC,train,data/original_dataset/Test_25deg/800rpm/800.0rpm1000.0Nm25.0deg.csv,69463,8477502,2026-06-23T17:45:01.463393+00:00,False,24300,24300,1,1,0,Fw_then_Bw,10431,2.6077500000000002,2430,8002,False,False,-803.0038699992778,53859029.026609205,799.9914697987454,-799.9690059999314,True,2,1,True,False,False,False,True,False
speed_800rpm__torque_1000Nm__temperature_30degC,train,data/original_dataset/Test_30deg/800rpm/800.0rpm1000.0Nm30.0deg.csv,67879,8285675,2026-06-23T17:45:18.472179+00:00,False,24300,24300,1,1,0,Fw_then_Bw,8848,2.212,2430,8001,False,False,-803.302042001936,52592637.14320973,799.9945990692747,-799.9679446656955,True,2,1,True,False,False,False,True,False
speed_800rpm__torque_1000Nm__temperature_35degC,train,data/original_dataset/Test_35deg/800rpm/800.0rpm1000.0Nm35.0deg.csv,69465,8463073,2026-06-23T17:45:36.359162+00:00,False,24300,24300,1,1,0,Fw_then_Bw,10432,2.608,2430,8003,False,False,-803.1964861341597,34419006.27058013,799.9935373663902,-799.970934332426,True,2,1,True,False,False,False,True,False
speed_800rpm__torque_1100Nm__temperature_25degC,train,data/original_dataset/Test_25deg/800rpm/800.0rpm1100.0Nm25.0deg.csv,69463,8479591,2026-06-23T17:45:01.497513+00:00,False,24300,24300,1,1,0,Fw_then_Bw,10432,2.608,2429,8002,False,False,-803.1112140063973,53859041.837845206,799.9944594024175,-799.9686153295139,True,2,1,True,False,False,False,True,False
speed_800rpm__torque_1100Nm__temperature_30degC,train,data/original_dataset/Test_30deg/800rpm/800.0rpm1100.0Nm30.0deg.csv,68787,8392772,2026-06-23T17:45:18.507773+00:00,False,24300,24300,1,1,0,Fw_then_Bw,9757,2.43925,2430,8000,False,False,-803.0894213394884,53319038.26273973,799.9886758310215,-799.9767173314467,True,2,1,True,False,False,False,True,False
speed_800rpm__torque_1100Nm__temperature_35degC,validation,data/original_dataset/Test_35deg/800rpm/800.0rpm1100.0Nm35.0deg.csv,69465,8452589,2026-06-23T17:45:36.399697+00:00,False,24300,24300,1,1,0,Fw_then_Bw,10432,2.608,2430,8003,False,False,-803.4016750655912,34419018.95692547,799.9949901980774,-799.9718003363038,True,2,1,True,False,False,False,True,False
speed_800rpm__torque_1200Nm__temperature_25degC,validation,data/original_dataset/Test_25deg/800rpm/800.0rpm1200.0Nm25.0deg.csv,69462,8482884,2026-06-23T17:45:01.530487+00:00,False,24300,24300,1,1,0,Fw_then_Bw,10431,2.6077500000000002,2430,8001,False,False,-803.4238033287693,53859057.712722816,799.9977283325279,-799.9812440005675,True,2,1,True,False,False,False,True,False
speed_800rpm__torque_1200Nm__temperature_30degC,test,data/original_dataset/Test_30deg/800rpm/800.0rpm1200.0Nm30.0deg.csv,69463,8462934,2026-06-23T17:45:18.541337+00:00,False,24300,24300,1,1,0,Fw_then_Bw,10430,2.6075,2430,8003,False,False,-803.69040373868,34418215.29390259,799.9897096002921,-799.9719677948937,True,2,1,True,False,False,False,True,False
speed_800rpm__torque_1200Nm__temperature_35degC,train,data/original_dataset/Test_35deg/800rpm/800.0rpm1200.0Nm35.0deg.csv,69463,8460344,2026-06-23T17:45:36.436627+00:00,False,24300,24300,1,1,0,Fw_then_Bw,10430,2.6075,2430,8003,False,False,-803.5051639987311,34418220.1975398,799.9876141669422,-799.9781146645546,True,2,1,True,False,False,False,True,False
speed_800rpm__torque_1300Nm__temperature_25degC,train,data/original_dataset/Test_25deg/800rpm/800.0rpm1300.0Nm25.0deg.csv,69463,8483366,2026-06-23T17:45:01.565120+00:00,False,24300,24300,1,1,0,Fw_then_Bw,10430,2.6075,2430,8003,False,False,-804.1783420000381,53858265.100177675,799.9960519324911,-799.9781146645546,True,2,1,True,False,False,False,True,False
speed_800rpm__torque_1300Nm__temperature_30degC,train,data/original_dataset/Test_30deg/800rpm/800.0rpm1300.0Nm30.0deg.csv,68626,8374128,2026-06-23T17:45:18.577576+00:00,False,24300,24300,1,1,0,Fw_then_Bw,9595,2.39875,2430,8001,False,False,-803.7468973392,53190242.86704119,799.9981194686068,-799.9707940034568,True,2,1,True,False,False,False,True,False
speed_800rpm__torque_1300Nm__temperature_35degC,train,data/original_dataset/Test_35deg/800rpm/800.0rpm1300.0Nm35.0deg.csv,69460,8461172,2026-06-23T17:45:36.473256+00:00,False,24300,24300,1,1,0,Fw_then_Bw,10430,2.6075,2430,8000,False,False,-803.7075586714006,34418236.1439428,799.9914698011708,-799.9721914723826,True,2,1,True,False,False,False,True,False
speed_800rpm__torque_1400Nm__temperature_25degC,train,data/original_dataset/Test_25deg/800rpm/800.0rpm1400.0Nm25.0deg.csv,69462,8477469,2026-06-23T17:45:01.596195+00:00,False,24300,24300,1,1,0,Fw_then_Bw,10430,2.6075,2430,8002,False,False,-803.850386000704,53858285.912778385,799.9944314336365,-799.9710733274696,True,2,1,True,False,False,False,True,False
speed_800rpm__torque_1400Nm__temperature_30degC,train,data/original_dataset/Test_30deg/800rpm/800.0rpm1400.0Nm30.0deg.csv,69461,8458844,2026-06-23T17:45:18.610679+00:00,False,24300,24300,1,1,0,Fw_then_Bw,10430,2.6075,2430,8001,False,False,-804.0727859964438,34418262.90624232,799.9942637992111,-799.9760473370164,True,2,1,True,False,False,False,True,False
speed_800rpm__torque_1400Nm__temperature_35degC,train,data/original_dataset/Test_35deg/800rpm/800.0rpm1400.0Nm35.0deg.csv,69463,8460959,2026-06-23T17:45:36.507314+00:00,False,24300,24300,1,1,0,Fw_then_Bw,10431,2.6077500000000002,2430,8002,False,False,-804.0545140005026,34418244.597819,799.9951578652448,-799.9714648613008,True,2,1,True,False,False,False,True,False
speed_800rpm__torque_1500Nm__temperature_25degC,validation,data/original_dataset/Test_25deg/800rpm/800.0rpm1500.0Nm25.0deg.csv,69462,8477734,2026-06-23T17:45:01.630047+00:00,False,24300,24300,1,1,0,Fw_then_Bw,10430,2.6075,2430,8002,False,False,-804.0696006501094,73298274.4310798,799.9932020660102,-799.9731973395683,True,2,1,True,False,False,False,True,False
speed_800rpm__torque_1500Nm__temperature_30degC,train,data/original_dataset/Test_30deg/800rpm/800.0rpm1500.0Nm30.0deg.csv,69463,8450534,2026-06-23T17:45:18.648257+00:00,False,24300,24300,1,1,0,Fw_then_Bw,10431,2.6077500000000002,2430,8002,False,False,-804.5018278062344,34418277.23365287,799.9925315331591,-799.9668830016162,True,2,1,True,False,False,False,True,False
speed_800rpm__torque_1500Nm__temperature_35degC,train,data/original_dataset/Test_35deg/800rpm/800.0rpm1500.0Nm35.0deg.csv,69461,8460040,2026-06-23T17:45:36.542958+00:00,False,24300,24300,1,1,0,Fw_then_Bw,10431,2.6077500000000002,2430,8000,False,False,-804.2155579993657,34418261.42124819,799.9825011672026,-799.9737562010221,True,2,1,True,False,False,False,True,False
speed_800rpm__torque_1600Nm__temperature_25degC,validation,data/original_dataset/Test_25deg/800rpm/800.0rpm1600.0Nm25.0deg.csv,69460,8479171,2026-06-23T17:45:01.661627+00:00,False,24299,24300,1,1,0,Fw_then_Bw,10431,2.6077500000000002,2430,8000,False,False,-804.576203324056,73298318.76190372,799.9910786650919,-799.9847923250247,True,2,1,True,False,False,False,True,False
speed_800rpm__torque_1600Nm__temperature_30degC,train,data/original_dataset/Test_30deg/800rpm/800.0rpm1600.0Nm30.0deg.csv,68841,8400293,2026-06-23T17:45:18.682590+00:00,False,24300,24300,1,1,0,Fw_then_Bw,9809,2.4522500000000003,2430,8002,False,False,-804.5618420001119,53355055.45154194,799.9935652672623,-799.9681400009042,True,2,1,True,False,False,False,True,False
speed_800rpm__torque_1600Nm__temperature_35degC,train,data/original_dataset/Test_35deg/800rpm/800.0rpm1600.0Nm35.0deg.csv,69464,8456697,2026-06-23T17:45:36.578027+00:00,False,24300,24300,1,1,0,Fw_then_Bw,10433,2.60825,2430,8001,False,False,-804.5309406588785,34414281.017426535,800.0002428683122,-799.9826967037127,True,2,1,True,False,False,False,True,False
speed_800rpm__torque_1700Nm__temperature_25degC,validation,data/original_dataset/Test_25deg/800rpm/800.0rpm1700.0Nm25.0deg.csv,69465,8477520,2026-06-23T17:45:01.697268+00:00,False,24300,24300,1,1,0,Fw_then_Bw,10433,2.60825,2430,8002,False,False,-804.7607166615004,73294320.66354887,800.0021427991062,-799.96498299685,True,2,1,True,False,False,False,True,False
speed_800rpm__torque_1700Nm__temperature_30degC,validation,data/original_dataset/Test_30deg/800rpm/800.0rpm1700.0Nm30.0deg.csv,69465,8458621,2026-06-23T17:45:18.724207+00:00,False,24300,24300,1,1,0,Fw_then_Bw,10433,2.60825,2430,8002,False,False,-804.3646440006949,34414312.19816193,799.9944314336365,-799.9725267339576,True,2,1,True,False,False,False,True,False
speed_800rpm__torque_1700Nm__temperature_35degC,train,data/original_dataset/Test_35deg/800rpm/800.0rpm1700.0Nm35.0deg.csv,69464,8448595,2026-06-23T17:45:36.615560+00:00,False,24300,24300,1,1,0,Fw_then_Bw,10433,2.60825,2430,8001,False,False,-804.3320663370348,34414294.7646414,799.9902404650736,-799.9719957685254,True,2,1,True,False,False,False,True,False
speed_800rpm__torque_1800Nm__temperature_25degC,train,data/original_dataset/Test_25deg/800rpm/800.0rpm1800.0Nm25.0deg.csv,69465,8471830,2026-06-23T17:45:01.727691+00:00,False,24300,24300,1,1,0,Fw_then_Bw,10433,2.60825,2430,8002,False,False,-804.6860060033699,73294340.43070321,799.9967224701928,-799.9698726634961,True,2,1,True,False,False,False,True,False
speed_800rpm__torque_1800Nm__temperature_30degC,validation,data/original_dataset/Test_30deg/800rpm/800.0rpm1800.0Nm30.0deg.csv,69465,8461500,2026-06-23T17:45:18.761142+00:00,False,24300,24299,1,1,0,Fw_then_Bw,10434,2.6085000000000003,2430,8002,False,False,-805.1241561964465,34414319.90403667,799.9951578676701,-799.9640893346319,True,2,1,True,False,False,False,True,False
speed_800rpm__torque_1800Nm__temperature_35degC,test,data/original_dataset/Test_35deg/800rpm/800.0rpm1800.0Nm35.0deg.csv,69466,8455228,2026-06-23T17:45:36.648499+00:00,False,24300,24300,1,1,0,Fw_then_Bw,10434,2.6085000000000003,2430,8002,False,False,-805.0255846659031,34414305.42575193,799.9847642992487,-799.9698724985743,True,2,1,True,False,False,False,True,False
speed_900rpm__torque_0Nm__temperature_25degC,train,data/original_dataset/Test_25deg/900rpm/900.0rpm0.0Nm25.0deg.csv,63524,7754624,2026-06-23T17:45:02.074043+00:00,False,21600,21600,1,1,0,Fw_then_Bw,10162,2.5405,2160,8002,False,False,-902.7262777284099,33623138.5828924,899.9983594015551,-899.9921008993017,True,2,1,True,False,False,False,True,False
speed_900rpm__torque_0Nm__temperature_30degC,test,data/original_dataset/Test_30deg/900rpm/900.0rpm0.0Nm30.0deg.csv,63525,7744154,2026-06-23T17:45:19.107175+00:00,False,21600,21600,1,1,0,Fw_then_Bw,10162,2.5405,2160,8003,False,False,-902.8037823979199,14183145.016059268,899.9951742662233,-899.9997564023943,True,2,1,True,False,False,False,True,False
speed_900rpm__torque_0Nm__temperature_35degC,train,data/original_dataset/Test_35deg/900rpm/900.0rpm0.0Nm35.0deg.csv,63522,7744222,2026-06-23T17:45:37.003252+00:00,False,21600,21600,1,1,0,Fw_then_Bw,10161,2.54025,2160,8001,False,False,-903.1072631381296,14182224.584408132,899.9980240999624,-899.9972976647161,True,2,1,True,False,False,False,True,False
speed_900rpm__torque_100Nm__temperature_25degC,train,data/original_dataset/Test_25deg/900rpm/900.0rpm100.0Nm25.0deg.csv,63521,7754902,2026-06-23T17:45:02.105115+00:00,False,21600,21600,1,1,0,Fw_then_Bw,10160,2.54,2160,8001,False,False,-901.9530753333432,53063149.322960265,899.9955653998768,-899.9847246644398,True,2,1,True,False,False,False,True,False
speed_900rpm__torque_100Nm__temperature_30degC,train,data/original_dataset/Test_30deg/900rpm/900.0rpm100.0Nm30.0deg.csv,63520,7738782,2026-06-23T17:45:19.138238+00:00,False,21600,21600,1,1,0,Fw_then_Bw,10160,2.54,2160,8000,False,False,-902.0572900675081,33623126.23159947,899.9901451340218,-899.9864570699476,True,2,1,True,False,False,False,True,False
speed_900rpm__torque_100Nm__temperature_35degC,test,data/original_dataset/Test_35deg/900rpm/900.0rpm100.0Nm35.0deg.csv,63522,7736219,2026-06-23T17:45:37.038194+00:00,False,21600,21600,1,1,0,Fw_then_Bw,10160,2.54,2160,8002,False,False,-902.1902270712114,33623147.810306534,899.9861217986715,-899.994168561534,True,2,1,True,False,False,False,True,False
speed_900rpm__torque_200Nm__temperature_25degC,train,data/original_dataset/Test_25deg/900rpm/900.0rpm200.0Nm25.0deg.csv,63522,7751192,2026-06-23T17:45:02.415530+00:00,False,21600,21600,1,1,0,Fw_then_Bw,10160,2.54,2160,8002,False,False,-901.9369813419568,53063171.625416525,899.989586333201,-899.9889153298378,True,2,1,True,False,False,False,True,False
speed_900rpm__torque_200Nm__temperature_30degC,validation,data/original_dataset/Test_30deg/900rpm/900.0rpm200.0Nm30.0deg.csv,63521,7774350,2026-06-23T17:45:19.497918+00:00,False,21600,21600,1,1,0,Fw_then_Bw,10160,2.54,2160,8001,False,False,-902.1179753278071,33623133.97396347,899.9978564679623,-899.9846970060996,True,2,1,True,False,False,False,True,False
speed_900rpm__torque_200Nm__temperature_35degC,train,data/original_dataset/Test_35deg/900rpm/900.0rpm200.0Nm35.0deg.csv,63523,7744911,2026-06-23T17:45:37.364654+00:00,False,21600,21600,1,1,0,Fw_then_Bw,10160,2.54,2160,8003,False,False,-902.1649700007401,33623171.47772733,899.9945036678886,-899.9864012682035,True,2,1,True,False,False,False,True,False
speed_900rpm__torque_300Nm__temperature_25degC,train,data/original_dataset/Test_25deg/900rpm/900.0rpm300.0Nm25.0deg.csv,63520,7766318,2026-06-23T17:45:02.445362+00:00,False,21599,21600,1,1,0,Fw_then_Bw,10161,2.54025,2160,8000,False,False,-901.920776659002,53063189.637400046,899.997688800795,-899.9743313373376,True,2,1,True,False,False,False,True,False
speed_900rpm__torque_300Nm__temperature_30degC,validation,data/original_dataset/Test_30deg/900rpm/900.0rpm300.0Nm30.0deg.csv,63520,7838039,2026-06-23T17:45:19.533490+00:00,False,21600,21600,1,1,0,Fw_then_Bw,10161,2.54025,2159,8000,False,False,-901.9194357388187,33623158.00130386,899.989586333201,-899.9850599987742,True,2,1,True,False,False,False,True,False
speed_900rpm__torque_300Nm__temperature_35degC,validation,data/original_dataset/Test_35deg/900rpm/900.0rpm300.0Nm35.0deg.csv,63520,7802266,2026-06-23T17:45:37.401702+00:00,False,21600,21600,1,1,0,Fw_then_Bw,10161,2.54025,2159,8000,False,False,-901.9980021306159,33623177.07415667,899.9889158003498,-899.9738286656793,True,2,1,True,False,False,False,True,False
speed_900rpm__torque_400Nm__temperature_25degC,train,data/original_dataset/Test_25deg/900rpm/900.0rpm400.0Nm25.0deg.csv,63526,7804489,2026-06-23T17:45:02.484367+00:00,False,21600,21600,1,1,0,Fw_then_Bw,10164,2.541,2160,8002,False,False,-901.9608420009415,53059605.694133475,899.9839984001786,-899.980142659236,True,2,1,True,False,False,False,True,False
speed_900rpm__torque_400Nm__temperature_30degC,train,data/original_dataset/Test_30deg/900rpm/900.0rpm400.0Nm30.0deg.csv,63523,7861243,2026-06-23T17:45:19.565155+00:00,False,21600,21600,1,1,0,Fw_then_Bw,10163,2.54075,2160,8000,False,False,-902.0681306622766,33618667.46446093,899.9892510667754,-899.9725986650446,True,2,1,True,False,False,False,True,False
speed_900rpm__torque_400Nm__temperature_35degC,train,data/original_dataset/Test_35deg/900rpm/900.0rpm400.0Nm35.0deg.csv,63524,7853192,2026-06-23T17:45:37.438054+00:00,False,21600,21600,1,1,0,Fw_then_Bw,10163,2.54075,2160,8001,False,False,-902.0516462721087,33618685.7726054,899.9878540683615,-899.9734371997572,True,2,1,True,False,False,False,True,False
speed_900rpm__torque_500Nm__temperature_25degC,validation,data/original_dataset/Test_25deg/900rpm/900.0rpm500.0Nm25.0deg.csv,63526,7879146,2026-06-23T17:45:02.514222+00:00,False,21600,21600,1,1,0,Fw_then_Bw,10163,2.54075,2160,8003,False,False,-901.9405026629101,53058715.26030847,899.9820426348986,-899.9778516687609,True,2,1,True,False,False,False,True,False
speed_900rpm__torque_500Nm__temperature_30degC,train,data/original_dataset/Test_30deg/900rpm/900.0rpm500.0Nm30.0deg.csv,62103,7703646,2026-06-23T17:45:19.597978+00:00,False,21600,21600,1,1,0,Fw_then_Bw,8740,2.185,2160,8003,False,False,-902.0611453452148,51778006.11142085,899.9769575990892,-899.9703079850102,True,2,1,True,False,False,False,True,False
speed_900rpm__torque_500Nm__temperature_35degC,train,data/original_dataset/Test_35deg/900rpm/900.0rpm500.0Nm35.0deg.csv,63525,7870680,2026-06-23T17:45:37.477031+00:00,False,21600,21600,1,1,0,Fw_then_Bw,10163,2.54075,2160,8002,False,False,-902.1642990604354,33618690.8263338,899.9832719334033,-899.9766223375143,True,2,1,True,False,False,False,True,False
speed_900rpm__torque_600Nm__temperature_25degC,train,data/original_dataset/Test_25deg/900rpm/900.0rpm600.0Nm25.0deg.csv,63525,7882031,2026-06-23T17:45:02.545315+00:00,False,21600,21600,1,1,0,Fw_then_Bw,10163,2.54075,2160,8002,False,False,-902.0007960013269,53058724.15054601,899.9815397328348,-899.9783546702627,True,2,1,True,False,False,False,True,False
speed_900rpm__torque_600Nm__temperature_30degC,train,data/original_dataset/Test_30deg/900rpm/900.0rpm600.0Nm30.0deg.csv,63524,7798304,2026-06-23T17:45:19.631041+00:00,False,21600,21600,1,1,0,Fw_then_Bw,10163,2.54075,2160,8001,False,False,-902.2095053999996,33618704.34802013,899.9843336641788,-899.9752253293991,True,2,1,True,False,False,False,True,False
speed_900rpm__torque_600Nm__temperature_35degC,train,data/original_dataset/Test_35deg/900rpm/900.0rpm600.0Nm35.0deg.csv,63523,7813975,2026-06-23T17:45:37.517086+00:00,False,21600,21600,1,1,0,Fw_then_Bw,10163,2.54075,2160,8000,False,False,-902.3189730651211,33618689.75289133,899.9826013993395,-899.9804779984213,True,2,1,True,False,False,False,True,False
speed_900rpm__torque_700Nm__temperature_25degC,test,data/original_dataset/Test_25deg/900rpm/900.0rpm700.0Nm25.0deg.csv,63522,7823851,2026-06-23T17:45:02.576313+00:00,False,21600,21600,1,1,0,Fw_then_Bw,10163,2.54075,2159,8000,False,False,-902.1811186685227,53058735.204264596,899.9878540659362,-899.9826013314305,True,2,1,True,False,False,False,True,False
speed_900rpm__torque_700Nm__temperature_30degC,train,data/original_dataset/Test_30deg/900rpm/900.0rpm700.0Nm30.0deg.csv,62223,7596289,2026-06-23T17:45:19.665091+00:00,False,21600,21599,1,1,0,Fw_then_Bw,8861,2.21525,2160,8003,False,False,-902.2470560060659,51886016.29028128,899.9784104671562,-899.9787460003669,True,2,1,True,False,False,False,True,False
speed_900rpm__torque_700Nm__temperature_35degC,train,data/original_dataset/Test_35deg/900rpm/900.0rpm700.0Nm35.0deg.csv,63524,7752902,2026-06-23T17:45:37.586835+00:00,False,21600,21600,1,1,0,Fw_then_Bw,10164,2.541,2160,8000,False,False,-902.3278020031285,33618726.39991366,899.9790810000075,-899.9736326707837,True,2,1,True,False,False,False,True,False
speed_900rpm__torque_800Nm__temperature_25degC,train,data/original_dataset/Test_25deg/900rpm/900.0rpm800.0Nm25.0deg.csv,63526,7767920,2026-06-23T17:45:02.608504+00:00,False,21600,21600,1,1,0,Fw_then_Bw,10163,2.54075,2160,8003,False,False,-902.3611059916826,53058738.324679464,899.9773488006515,-899.9762873281725,True,2,1,True,False,False,False,True,False
speed_900rpm__torque_800Nm__temperature_30degC,validation,data/original_dataset/Test_30deg/900rpm/900.0rpm800.0Nm30.0deg.csv,63526,7738203,2026-06-23T17:45:19.698521+00:00,False,21599,21600,1,1,0,Fw_then_Bw,10164,2.541,2160,8003,False,False,-902.3891575343441,33618734.14618894,899.9790810630657,-899.9773490650114,True,2,1,True,False,False,False,True,False
speed_900rpm__torque_800Nm__temperature_35degC,train,data/original_dataset/Test_35deg/900rpm/900.0rpm800.0Nm35.0deg.csv,63525,7731517,2026-06-23T17:45:37.617968+00:00,False,21599,21600,1,1,0,Fw_then_Bw,10163,2.54075,2160,8003,False,False,-902.4891260002429,33617837.06763733,899.9689110011483,-899.9769578028161,True,2,1,True,False,False,False,True,False
speed_900rpm__torque_900Nm__temperature_25degC,validation,data/original_dataset/Test_25deg/900rpm/900.0rpm900.0Nm25.0deg.csv,63522,7751028,2026-06-23T17:45:02.638744+00:00,False,21600,21600,1,1,0,Fw_then_Bw,10162,2.5405,2160,8000,False,False,-902.6431293265584,53057860.077582136,899.9773487303173,-899.973437335575,True,2,1,True,False,False,False,True,False
speed_900rpm__torque_900Nm__temperature_30degC,train,data/original_dataset/Test_30deg/900rpm/900.0rpm900.0Nm30.0deg.csv,61398,7493352,2026-06-23T17:45:19.736596+00:00,False,21600,21600,1,1,0,Fw_then_Bw,8036,2.009,2160,8002,False,False,-902.752931996171,51144470.13834499,899.9661169994699,-899.9741633306257,True,2,1,True,False,False,False,True,False
speed_900rpm__torque_900Nm__temperature_35degC,train,data/original_dataset/Test_35deg/900rpm/900.0rpm900.0Nm35.0deg.csv,63525,7733950,2026-06-23T17:45:37.651797+00:00,False,21600,21600,1,1,0,Fw_then_Bw,10162,2.5405,2160,8003,False,False,-902.6322886735821,33617858.881708205,899.9752253342497,-899.9776279961225,True,2,1,True,False,False,False,True,False
speed_900rpm__torque_1000Nm__temperature_25degC,train,data/original_dataset/Test_25deg/900rpm/900.0rpm1000.0Nm25.0deg.csv,63524,7751575,2026-06-23T17:45:02.134493+00:00,False,21600,21600,1,1,0,Fw_then_Bw,10162,2.5405,2160,8002,False,False,-902.8459153293321,53057865.43624487,899.9752253342497,-899.9734373307244,True,2,1,True,False,False,False,True,False
speed_900rpm__torque_1000Nm__temperature_30degC,validation,data/original_dataset/Test_30deg/900rpm/900.0rpm1000.0Nm30.0deg.csv,62374,7615628,2026-06-23T17:45:19.172694+00:00,False,21600,21600,1,1,0,Fw_then_Bw,9013,2.25325,2160,8001,False,False,-902.7325919984529,52023764.974661395,899.9667875323212,-899.9731019915392,True,2,1,True,False,False,False,True,False
speed_900rpm__torque_1000Nm__temperature_35degC,train,data/original_dataset/Test_35deg/900rpm/900.0rpm1000.0Nm35.0deg.csv,63523,7736349,2026-06-23T17:45:37.070781+00:00,False,21600,21600,1,1,0,Fw_then_Bw,10162,2.5405,2160,8001,False,False,-902.8276428677298,33617852.86987166,899.9713696684921,-899.9826017000789,True,2,1,True,False,False,False,True,False
speed_900rpm__torque_1100Nm__temperature_25degC,validation,data/original_dataset/Test_25deg/900rpm/900.0rpm1100.0Nm25.0deg.csv,63524,7752924,2026-06-23T17:45:02.164177+00:00,False,21600,21600,1,1,0,Fw_then_Bw,10162,2.5405,2160,8002,False,False,-902.7350506609462,53057890.39252312,899.974163636216,-899.9718726651432,True,2,1,True,False,False,False,True,False
speed_900rpm__torque_1100Nm__temperature_30degC,train,data/original_dataset/Test_30deg/900rpm/900.0rpm1100.0Nm30.0deg.csv,63522,7731913,2026-06-23T17:45:19.205810+00:00,False,21600,21600,1,1,0,Fw_then_Bw,10162,2.5405,2160,8000,False,False,-903.0283056005525,33617888.871431,899.9629318665636,-899.9766222647546,True,2,1,True,False,False,False,True,False
speed_900rpm__torque_1100Nm__temperature_35degC,train,data/original_dataset/Test_35deg/900rpm/900.0rpm1100.0Nm35.0deg.csv,63525,7733308,2026-06-23T17:45:37.102862+00:00,False,21600,21600,1,1,0,Fw_then_Bw,10163,2.54075,2160,8002,False,False,-902.8009883962416,33617862.551194,899.9731019333316,-899.9838025677794,True,2,1,True,False,False,False,True,False
speed_900rpm__torque_1200Nm__temperature_25degC,train,data/original_dataset/Test_25deg/900rpm/900.0rpm1200.0Nm25.0deg.csv,63523,7754248,2026-06-23T17:45:02.193266+00:00,False,21600,21600,1,1,0,Fw_then_Bw,10163,2.54075,2160,8000,False,False,-903.1412933254614,53057903.92253573,899.973828332198,-899.9783823334535,True,2,1,True,False,False,False,True,False
speed_900rpm__torque_1200Nm__temperature_30degC,train,data/original_dataset/Test_30deg/900rpm/900.0rpm1200.0Nm30.0deg.csv,63523,7732360,2026-06-23T17:45:19.244947+00:00,False,21600,21600,1,1,0,Fw_then_Bw,10163,2.54075,2160,8000,False,False,-903.080273400216,33617885.78152652,899.955947000611,-899.9778516687609,True,2,1,True,False,False,False,True,False
speed_900rpm__torque_1200Nm__temperature_35degC,validation,data/original_dataset/Test_35deg/900rpm/900.0rpm1200.0Nm35.0deg.csv,63523,7730349,2026-06-23T17:45:37.136309+00:00,False,21600,21600,1,1,0,Fw_then_Bw,10163,2.54075,2160,8000,False,False,-902.9918722614335,33617881.77520052,899.9687153652,-899.9778516687608,True,2,1,True,False,False,False,True,False
speed_900rpm__torque_1300Nm__temperature_25degC,validation,data/original_dataset/Test_25deg/900rpm/900.0rpm1300.0Nm25.0deg.csv,63525,7753741,2026-06-23T17:45:02.225120+00:00,False,21600,21600,1,1,0,Fw_then_Bw,10162,2.5405,2160,8003,False,False,-903.1938760114523,53057911.794763,899.95276183375,-899.9758953383814,True,2,1,True,False,False,False,True,False
speed_900rpm__torque_1300Nm__temperature_30degC,train,data/original_dataset/Test_30deg/900rpm/900.0rpm1300.0Nm30.0deg.csv,61557,7509103,2026-06-23T17:45:19.278659+00:00,False,21600,21600,1,1,0,Fw_then_Bw,8196,2.049,2160,8001,False,False,-903.1089953302095,51288524.46930506,899.9517280681175,-899.9845016660402,True,2,1,True,False,False,False,True,False
speed_900rpm__torque_1300Nm__temperature_35degC,train,data/original_dataset/Test_35deg/900rpm/900.0rpm1300.0Nm35.0deg.csv,63524,7736489,2026-06-23T17:45:37.166877+00:00,False,21600,21600,1,1,0,Fw_then_Bw,10161,2.54025,2160,8003,False,False,-903.3545851319408,33616988.97549846,899.9664522658957,-899.9822100061768,True,2,1,True,False,False,False,True,False
speed_900rpm__torque_1400Nm__temperature_25degC,train,data/original_dataset/Test_25deg/900rpm/900.0rpm1400.0Nm25.0deg.csv,63522,7753845,2026-06-23T17:45:02.255885+00:00,False,21600,21600,1,1,0,Fw_then_Bw,10161,2.54025,2160,8001,False,False,-904.001444655781,53057000.13337687,899.952426564899,-899.9792486671747,True,2,1,True,False,False,False,True,False
speed_900rpm__torque_1400Nm__temperature_30degC,validation,data/original_dataset/Test_30deg/900rpm/900.0rpm1400.0Nm30.0deg.csv,63524,7758950,2026-06-23T17:45:19.315328+00:00,False,21600,21600,1,1,0,Fw_then_Bw,10161,2.54025,2160,8003,False,False,-903.2661839931583,53057006.32028267,899.9457769314176,-899.9741640048644,True,2,1,True,False,False,False,True,False
speed_900rpm__torque_1400Nm__temperature_35degC,train,data/original_dataset/Test_35deg/900rpm/900.0rpm1400.0Nm35.0deg.csv,63524,7734720,2026-06-23T17:45:37.199526+00:00,False,21600,21600,1,1,0,Fw_then_Bw,10161,2.54025,2160,8003,False,False,-903.3156372703768,33617013.72446493,899.9608084680707,-899.9864013361124,True,2,1,True,False,False,False,True,False
speed_900rpm__torque_1500Nm__temperature_25degC,train,data/original_dataset/Test_25deg/900rpm/900.0rpm1500.0Nm25.0deg.csv,61857,7543537,2026-06-23T17:45:02.285420+00:00,False,21600,21600,1,1,0,Fw_then_Bw,8494,2.1235,2160,8003,False,False,-903.3763220068067,90436725.28434555,899.9531250301516,-899.9895859936562,True,2,1,True,False,False,False,True,False
speed_900rpm__torque_1500Nm__temperature_30degC,validation,data/original_dataset/Test_30deg/900rpm/900.0rpm1500.0Nm30.0deg.csv,63521,7733936,2026-06-23T17:45:19.349426+00:00,False,21600,21600,1,1,0,Fw_then_Bw,10161,2.54025,2160,8000,False,False,-903.4566773334518,33617044.37294993,899.9542147333461,-899.9897538063427,True,2,1,True,False,False,False,True,False
speed_900rpm__torque_1500Nm__temperature_35degC,test,data/original_dataset/Test_35deg/900rpm/900.0rpm1500.0Nm35.0deg.csv,63522,7728021,2026-06-23T17:45:37.231085+00:00,False,21600,21600,1,1,0,Fw_then_Bw,10161,2.54025,2160,8001,False,False,-903.8477763339566,33617014.712690994,899.9632950653904,-899.9804780081225,True,2,1,True,False,False,False,True,False
speed_900rpm__torque_1600Nm__temperature_25degC,validation,data/original_dataset/Test_25deg/900rpm/900.0rpm1600.0Nm25.0deg.csv,63524,7750253,2026-06-23T17:45:02.316351+00:00,False,21600,21599,1,1,0,Fw_then_Bw,10162,2.5405,2160,8003,False,False,-903.7474726598399,91937045.72187755,899.961199601724,-899.9857306674434,True,2,1,True,False,False,False,True,False
speed_900rpm__torque_1600Nm__temperature_30degC,train,data/original_dataset/Test_30deg/900rpm/900.0rpm1600.0Nm30.0deg.csv,63524,7735541,2026-06-23T17:45:19.388580+00:00,False,21600,21600,1,1,0,Fw_then_Bw,10162,2.5405,2160,8002,False,False,-903.6811999976635,33617036.87896966,899.9629319029434,-899.9843334992571,True,2,1,True,False,False,False,True,False
speed_900rpm__torque_1600Nm__temperature_35degC,validation,data/original_dataset/Test_35deg/900rpm/900.0rpm1600.0Nm35.0deg.csv,63525,7732914,2026-06-23T17:45:37.264014+00:00,False,21600,21600,1,1,0,Fw_then_Bw,10162,2.5405,2160,8003,False,False,-903.6078866726408,33617033.60030421,899.9608084680706,-899.985060095787,True,2,1,True,False,False,False,True,False
speed_900rpm__torque_1700Nm__temperature_25degC,validation,data/original_dataset/Test_25deg/900rpm/900.0rpm1700.0Nm25.0deg.csv,61369,7485126,2026-06-23T17:45:02.346690+00:00,False,21600,21600,1,1,0,Fw_then_Bw,8007,2.00175,2160,8002,False,False,-903.7267420014057,89997577.1878662,899.9627642333508,-899.972934324372,True,2,1,True,False,False,False,True,False
speed_900rpm__torque_1700Nm__temperature_30degC,train,data/original_dataset/Test_30deg/900rpm/900.0rpm1700.0Nm30.0deg.csv,63523,7754447,2026-06-23T17:45:19.428227+00:00,False,21600,21600,1,1,0,Fw_then_Bw,10162,2.5405,2160,8001,False,False,-903.7884886687,53057067.47353107,899.9625686337822,-899.9741913333612,True,2,1,True,False,False,False,True,False
speed_900rpm__torque_1700Nm__temperature_35degC,train,data/original_dataset/Test_35deg/900rpm/900.0rpm1700.0Nm35.0deg.csv,63523,7734828,2026-06-23T17:45:37.297624+00:00,False,21600,21600,1,1,0,Fw_then_Bw,10161,2.54025,2159,8003,False,False,-903.6211853284234,33616165.65791901,899.9629318665636,-899.9813718692167,True,2,1,True,False,False,False,True,False
speed_900rpm__torque_1800Nm__temperature_25degC,train,data/original_dataset/Test_25deg/900rpm/900.0rpm1800.0Nm25.0deg.csv,63524,7756572,2026-06-23T17:45:02.375492+00:00,False,21600,21600,1,1,0,Fw_then_Bw,10161,2.54025,2160,8003,False,False,-903.8509620004334,72497068.82799068,899.9587409295298,-899.9858983346106,True,2,1,True,False,False,False,True,False
speed_900rpm__torque_1800Nm__temperature_30degC,train,data/original_dataset/Test_30deg/900rpm/900.0rpm1800.0Nm30.0deg.csv,63520,7738193,2026-06-23T17:45:19.464394+00:00,False,21600,21600,1,1,0,Fw_then_Bw,10160,2.54,2160,8000,False,False,-903.8552083366085,33616157.3890036,899.9639935985518,-899.972766666906,True,2,1,True,False,False,False,True,False
speed_900rpm__torque_1800Nm__temperature_35degC,train,data/original_dataset/Test_35deg/900rpm/900.0rpm1800.0Nm35.0deg.csv,63522,7732086,2026-06-23T17:45:37.331481+00:00,False,21600,21600,1,1,0,Fw_then_Bw,10160,2.54,2160,8002,False,False,-903.7145041317368,33616172.365118,899.9776560643415,-899.981176466099,True,2,1,True,False,False,False,True,False
speed_1000rpm__torque_0Nm__temperature_25degC,validation,data/original_dataset/Test_25deg/1000rpm/1000.0rpm0.0Nm25.0deg.csv,57806,7058638,2026-06-23T17:44:46.162642+00:00,False,19440,19440,1,1,0,Fw_then_Bw,9947,2.4867500000000002,977,8002,False,False,-1002.8787888683532,32820443.575456534,999.9933466339523,-999.9982639953183,True,2,1,True,False,False,False,True,False
speed_1000rpm__torque_0Nm__temperature_30degC,train,data/original_dataset/Test_30deg/1000rpm/1000.0rpm0.0Nm30.0deg.csv,57802,7049544,2026-06-23T17:45:02.670962+00:00,False,19440,19441,1,1,0,Fw_then_Bw,9944,2.486,976,8001,False,False,-1002.4504177320828,13384435.046687733,1000.0003874326164,-1000.0007227354217,True,2,1,True,False,False,False,True,False
speed_1000rpm__torque_0Nm__temperature_35degC,train,data/original_dataset/Test_35deg/1000rpm/1000.0rpm0.0Nm35.0deg.csv,57801,7050756,2026-06-23T17:45:19.774068+00:00,False,19440,19440,1,1,0,Fw_then_Bw,9945,2.48625,976,8000,False,False,-1002.9352270066738,13384436.091743398,1000.0010580006348,-1000.0007227354217,True,2,1,True,False,False,False,True,False
speed_1000rpm__torque_100Nm__temperature_25degC,train,data/original_dataset/Test_25deg/1000rpm/1000.0rpm100.0Nm25.0deg.csv,57788,7055879,2026-06-23T17:44:46.203236+00:00,False,19440,19440,1,1,0,Fw_then_Bw,9945,2.48625,963,8000,False,False,-1002.5570913179156,71702433.9690058,999.9949392004056,-999.9975376607229,True,2,1,True,False,False,False,True,False
speed_1000rpm__torque_100Nm__temperature_30degC,train,data/original_dataset/Test_30deg/1000rpm/1000.0rpm100.0Nm30.0deg.csv,57788,7053096,2026-06-23T17:45:02.697261+00:00,False,19440,19440,1,1,0,Fw_then_Bw,9945,2.48625,963,8000,False,False,-1002.7008693335422,52262435.99625307,999.9919496670676,-999.9910556653049,True,2,1,True,False,False,False,True,False
speed_1000rpm__torque_100Nm__temperature_35degC,train,data/original_dataset/Test_35deg/1000rpm/1000.0rpm100.0Nm35.0deg.csv,57791,7035815,2026-06-23T17:45:19.805666+00:00,False,19440,19440,1,1,0,Fw_then_Bw,9945,2.48625,963,8003,False,False,-1002.5675967335701,32822465.34576667,999.9905526686538,-1000.0028466650595,True,2,1,True,False,False,False,True,False
speed_1000rpm__torque_200Nm__temperature_25degC,train,data/original_dataset/Test_25deg/1000rpm/1000.0rpm200.0Nm25.0deg.csv,57788,7055582,2026-06-23T17:44:46.544213+00:00,False,19440,19440,1,1,0,Fw_then_Bw,9945,2.48625,963,8000,False,False,-1002.4757306673564,71702477.34591393,999.9884292665229,-999.9956379955013,True,2,1,True,False,False,False,True,False
speed_1000rpm__torque_200Nm__temperature_30degC,train,data/original_dataset/Test_30deg/1000rpm/1000.0rpm200.0Nm30.0deg.csv,57792,7055967,2026-06-23T17:45:02.974204+00:00,False,19440,19440,1,1,0,Fw_then_Bw,9946,2.4865,963,8003,False,False,-1002.362743000655,32822447.92135447,999.9965317316917,-999.996196468904,True,2,1,True,False,False,False,True,False
speed_1000rpm__torque_200Nm__temperature_35degC,train,data/original_dataset/Test_35deg/1000rpm/1000.0rpm200.0Nm35.0deg.csv,57792,7039399,2026-06-23T17:45:20.155973+00:00,False,19440,19440,1,1,0,Fw_then_Bw,9946,2.4865,963,8003,False,False,-1002.3196046725691,32822448.26763866,999.9972022681807,-999.9956376656579,True,2,1,True,False,False,False,True,False
speed_1000rpm__torque_300Nm__temperature_25degC,validation,data/original_dataset/Test_25deg/1000rpm/1000.0rpm300.0Nm25.0deg.csv,57792,7060254,2026-06-23T17:44:46.571083+00:00,False,19440,19440,1,1,0,Fw_then_Bw,9945,2.48625,964,8003,False,False,-1002.5717879955967,71702487.71695447,999.9902174022282,-999.9954699887894,True,2,1,True,False,False,False,True,False
speed_1000rpm__torque_300Nm__temperature_30degC,validation,data/original_dataset/Test_30deg/1000rpm/1000.0rpm300.0Nm30.0deg.csv,57789,7125007,2026-06-23T17:45:03.007854+00:00,False,19439,19440,1,1,0,Fw_then_Bw,9946,2.4865,964,8000,False,False,-1002.5816779913537,32822475.76307514,999.9944083344113,-999.9919496331131,True,2,1,True,False,False,False,True,False
speed_1000rpm__torque_300Nm__temperature_35degC,train,data/original_dataset/Test_35deg/1000rpm/1000.0rpm300.0Nm35.0deg.csv,57791,7078610,2026-06-23T17:45:20.185921+00:00,False,19440,19440,1,1,0,Fw_then_Bw,9945,2.48625,964,8002,False,False,-1002.9296393331606,32822476.95827827,999.9944083344113,-999.990720297016,True,2,1,True,False,False,False,True,False
speed_1000rpm__torque_400Nm__temperature_25degC,train,data/original_dataset/Test_25deg/1000rpm/1000.0rpm400.0Nm25.0deg.csv,56932,6992902,2026-06-23T17:44:46.601674+00:00,False,19440,19440,1,1,0,Fw_then_Bw,9088,2.2720000000000002,964,8000,False,False,-1003.021169337444,90285493.01169808,999.9915864330735,-999.98809400131,True,2,1,True,False,False,False,True,False
speed_1000rpm__torque_400Nm__temperature_30degC,train,data/original_dataset/Test_30deg/1000rpm/1000.0rpm400.0Nm30.0deg.csv,57788,7153870,2026-06-23T17:45:03.037083+00:00,False,19440,19440,1,1,0,Fw_then_Bw,9944,2.486,964,8000,False,False,-1002.5083645984218,32821459.931731537,999.9940730679858,-999.9944083295608,True,2,1,True,False,False,False,True,False
speed_1000rpm__torque_400Nm__temperature_35degC,train,data/original_dataset/Test_35deg/1000rpm/1000.0rpm400.0Nm35.0deg.csv,57789,7144841,2026-06-23T17:45:20.215443+00:00,False,19440,19440,1,1,0,Fw_then_Bw,9944,2.486,964,8001,False,False,-1002.5479826726951,32821496.24515354,999.9905526638031,-999.9863335688133,True,2,1,True,False,False,False,True,False
speed_1000rpm__torque_500Nm__temperature_25degC,train,data/original_dataset/Test_25deg/1000rpm/1000.0rpm500.0Nm25.0deg.csv,57791,7162252,2026-06-23T17:44:46.629225+00:00,False,19440,19440,1,1,0,Fw_then_Bw,9944,2.486,964,8003,False,False,-1002.7931813383475,71701513.34540913,999.9893233325566,-999.9823103329011,True,2,1,True,False,False,False,True,False
speed_1000rpm__torque_500Nm__temperature_30degC,train,data/original_dataset/Test_30deg/1000rpm/1000.0rpm500.0Nm30.0deg.csv,57480,7132124,2026-06-23T17:45:03.069135+00:00,False,19440,19440,1,1,0,Fw_then_Bw,9633,2.4082500000000002,964,8003,False,False,-1002.8623040028228,51950508.719365925,999.9923128658944,-999.9880939916087,True,2,1,True,False,False,False,True,False
speed_1000rpm__torque_500Nm__temperature_35degC,train,data/original_dataset/Test_35deg/1000rpm/1000.0rpm500.0Nm35.0deg.csv,57788,7146267,2026-06-23T17:45:20.243112+00:00,False,19440,19440,1,1,0,Fw_then_Bw,9944,2.486,964,8000,False,False,-1002.6886314735748,32821499.423794333,1000.0014211994614,-999.9842386653957,True,2,1,True,False,False,False,True,False
speed_1000rpm__torque_600Nm__temperature_25degC,validation,data/original_dataset/Test_25deg/1000rpm/1000.0rpm600.0Nm25.0deg.csv,57791,7169949,2026-06-23T17:44:46.660722+00:00,False,19440,19440,1,1,0,Fw_then_Bw,9944,2.486,964,8003,False,False,-1002.9762980023709,71701511.7130616,999.9949112340498,-999.984238005709,True,2,1,True,False,False,False,True,False
speed_1000rpm__torque_600Nm__temperature_30degC,test,data/original_dataset/Test_30deg/1000rpm/1000.0rpm600.0Nm30.0deg.csv,56536,6961734,2026-06-23T17:45:03.098763+00:00,False,19440,19440,1,1,0,Fw_then_Bw,8691,2.17275,964,8001,False,False,-1002.8391146624926,51008520.447034664,999.9908879338666,-999.9833443337895,True,2,1,True,False,False,False,True,False
speed_1000rpm__torque_600Nm__temperature_35degC,train,data/original_dataset/Test_35deg/1000rpm/1000.0rpm600.0Nm35.0deg.csv,57791,7134131,2026-06-23T17:45:20.279373+00:00,False,19440,19440,1,1,0,Fw_then_Bw,9944,2.486,964,8003,False,False,-1002.8500110007976,32821507.754176594,999.9965317341168,-999.9830089315462,True,2,1,True,False,False,False,True,False
speed_1000rpm__torque_700Nm__temperature_25degC,train,data/original_dataset/Test_25deg/1000rpm/1000.0rpm700.0Nm25.0deg.csv,57788,7132021,2026-06-23T17:44:46.689254+00:00,False,19440,19440,1,1,0,Fw_then_Bw,9944,2.486,964,8000,False,False,-1002.7686506606792,52261535.735484384,999.991614332733,-999.9821426657338,True,2,1,True,False,False,False,True,False
speed_1000rpm__torque_700Nm__temperature_30degC,train,data/original_dataset/Test_30deg/1000rpm/1000.0rpm700.0Nm30.0deg.csv,57791,7048966,2026-06-23T17:45:03.128587+00:00,False,19440,19440,1,1,0,Fw_then_Bw,9945,2.48625,964,8002,False,False,-1003.3249855332542,32821532.30778847,999.9937098691589,-999.9849366625615,True,2,1,True,False,False,False,True,False
speed_1000rpm__torque_700Nm__temperature_35degC,validation,data/original_dataset/Test_35deg/1000rpm/1000.0rpm700.0Nm35.0deg.csv,57792,7067343,2026-06-23T17:45:20.308954+00:00,False,19440,19440,1,1,0,Fw_then_Bw,9945,2.48625,964,8003,False,False,-1002.8317386653121,32821524.296980526,999.995274466831,-999.9905246319636,True,2,1,True,False,False,False,True,False
speed_1000rpm__torque_800Nm__temperature_25degC,validation,data/original_dataset/Test_25deg/1000rpm/1000.0rpm800.0Nm25.0deg.csv,57795,7086163,2026-06-23T17:44:46.719436+00:00,False,19440,19440,1,1,0,Fw_then_Bw,9948,2.487,965,8002,False,False,-1002.9131546616554,110577586.02937698,999.9954700663997,-999.9919493372242,True,2,1,True,False,False,False,True,False
speed_1000rpm__torque_800Nm__temperature_30degC,validation,data/original_dataset/Test_30deg/1000rpm/1000.0rpm800.0Nm30.0deg.csv,57791,7037101,2026-06-23T17:45:03.156950+00:00,False,19439,19440,1,1,0,Fw_then_Bw,9945,2.48625,965,8002,False,False,-1002.9527731336807,32821535.556614194,999.9866969980454,-999.9888201952369,True,2,1,True,False,False,False,True,False
speed_1000rpm__torque_800Nm__temperature_35degC,validation,data/original_dataset/Test_35deg/1000rpm/1000.0rpm800.0Nm35.0deg.csv,57795,7040804,2026-06-23T17:45:20.345623+00:00,False,19440,19440,1,1,0,Fw_then_Bw,9947,2.4867500000000002,965,8003,False,False,-1002.9566286636207,32816538.34892427,1000.0031814027657,-999.9851044364428,True,2,1,True,False,False,False,True,False
speed_1000rpm__torque_900Nm__temperature_25degC,train,data/original_dataset/Test_25deg/1000rpm/1000.0rpm900.0Nm25.0deg.csv,57793,7057283,2026-06-23T17:44:46.746121+00:00,False,19440,19440,1,1,0,Fw_then_Bw,9948,2.487,965,8000,False,False,-1003.0671580073733,110577575.25175832,999.9960009008646,-999.9803826697947,True,2,1,True,False,False,False,True,False
speed_1000rpm__torque_900Nm__temperature_30degC,train,data/original_dataset/Test_30deg/1000rpm/1000.0rpm900.0Nm30.0deg.csv,57028,6958642,2026-06-23T17:45:03.186458+00:00,False,19440,19440,1,1,0,Fw_then_Bw,9180,2.295,965,8003,False,False,-1003.2667593332008,51489554.755557135,999.9912511678607,-999.9940449973412,True,2,1,True,False,False,False,True,False
speed_1000rpm__torque_900Nm__temperature_35degC,test,data/original_dataset/Test_35deg/1000rpm/1000.0rpm900.0Nm35.0deg.csv,57792,7032313,2026-06-23T17:45:20.377057+00:00,False,19440,19440,1,1,0,Fw_then_Bw,9947,2.4867500000000002,965,8000,False,False,-1002.9247213290848,32816559.028867472,999.9807179313697,-999.987423332641,True,2,1,True,False,False,False,True,False
speed_1000rpm__torque_1000Nm__temperature_25degC,train,data/original_dataset/Test_25deg/1000rpm/1000.0rpm1000.0Nm25.0deg.csv,57795,7054568,2026-06-23T17:44:46.257931+00:00,False,19440,19440,1,1,0,Fw_then_Bw,9947,2.4867500000000002,965,8003,False,False,-1003.380753332749,91136586.59202972,1000.0007227002545,-999.9870320025366,True,2,1,True,False,False,False,True,False
speed_1000rpm__torque_1000Nm__temperature_30degC,train,data/original_dataset/Test_30deg/1000rpm/1000.0rpm1000.0Nm30.0deg.csv,57792,7037809,2026-06-23T17:45:02.725661+00:00,False,19440,19440,1,1,0,Fw_then_Bw,9947,2.4867500000000002,965,8000,False,False,-1003.4597106665994,32816595.764290474,999.9935422007791,-999.9786504971174,True,2,1,True,False,False,False,True,False
speed_1000rpm__torque_1000Nm__temperature_35degC,train,data/original_dataset/Test_35deg/1000rpm/1000.0rpm1000.0Nm35.0deg.csv,57795,7038274,2026-06-23T17:45:19.868239+00:00,False,19440,19440,1,1,0,Fw_then_Bw,9947,2.4867500000000002,965,8003,False,False,-1003.1745020047917,32816573.8302472,999.9979007989168,-999.9887646699791,True,2,1,True,False,False,False,True,False
speed_1000rpm__torque_1100Nm__temperature_25degC,train,data/original_dataset/Test_25deg/1000rpm/1000.0rpm1100.0Nm25.0deg.csv,57795,7057471,2026-06-23T17:44:46.306619+00:00,False,19440,19440,1,1,0,Fw_then_Bw,9947,2.4867500000000002,965,8003,False,False,-1003.6614346511974,91136605.42421065,1000.0021196659268,-999.9754653351072,True,2,1,True,False,False,False,True,False
speed_1000rpm__torque_1100Nm__temperature_30degC,validation,data/original_dataset/Test_30deg/1000rpm/1000.0rpm1100.0Nm30.0deg.csv,57795,7040553,2026-06-23T17:45:02.753089+00:00,False,19440,19440,1,1,0,Fw_then_Bw,9947,2.4867500000000002,965,8003,False,False,-1004.0248744674802,32816591.296065737,1000.0028461363399,-999.9842386653957,True,2,1,True,False,False,False,True,False
speed_1000rpm__torque_1100Nm__temperature_35degC,validation,data/original_dataset/Test_35deg/1000rpm/1000.0rpm1100.0Nm35.0deg.csv,57795,7041676,2026-06-23T17:45:19.904010+00:00,False,19440,19440,1,1,0,Fw_then_Bw,9947,2.4867500000000002,965,8003,False,False,-1003.7831406710513,32816606.0987862,1000.0105015994147,-999.9716099991929,True,2,1,True,False,False,False,True,False
speed_1000rpm__torque_1200Nm__temperature_25degC,train,data/original_dataset/Test_25deg/1000rpm/1000.0rpm1200.0Nm25.0deg.csv,57793,7051134,2026-06-23T17:44:46.343680+00:00,False,19440,19440,1,1,0,Fw_then_Bw,9947,2.4867500000000002,965,8001,False,False,-1003.5372706673418,52256602.458134204,1000.0140778671871,-999.9789576637946,True,2,1,True,False,False,False,True,False
speed_1000rpm__torque_1200Nm__temperature_30degC,train,data/original_dataset/Test_30deg/1000rpm/1000.0rpm1200.0Nm30.0deg.csv,57796,7040698,2026-06-23T17:45:02.780621+00:00,False,19440,19440,1,1,0,Fw_then_Bw,9948,2.487,965,8003,False,False,-1004.2258724667286,32816595.572065327,1000.0059753316841,-999.9712463322794,True,2,1,True,False,False,False,True,False
speed_1000rpm__torque_1200Nm__temperature_35degC,train,data/original_dataset/Test_35deg/1000rpm/1000.0rpm1200.0Nm35.0deg.csv,57795,7035125,2026-06-23T17:45:19.937426+00:00,False,19440,19440,1,1,0,Fw_then_Bw,9948,2.487,965,8002,False,False,-1004.8583713360131,32816582.61839293,1000.0039078004193,-999.9524988331057,True,2,1,True,False,False,False,True,False
speed_1000rpm__torque_1300Nm__temperature_25degC,train,data/original_dataset/Test_25deg/1000rpm/1000.0rpm1300.0Nm25.0deg.csv,57794,7053277,2026-06-23T17:44:46.378289+00:00,False,19440,19440,1,1,0,Fw_then_Bw,9947,2.4867500000000002,966,8001,False,False,-1004.2949953349307,52256627.454366736,1000.0121220994818,-999.9600426672259,True,2,1,True,False,False,False,True,False
speed_1000rpm__torque_1300Nm__temperature_30degC,train,data/original_dataset/Test_30deg/1000rpm/1000.0rpm1300.0Nm30.0deg.csv,57795,7037874,2026-06-23T17:45:02.808166+00:00,False,19441,19440,1,1,0,Fw_then_Bw,9947,2.4867500000000002,965,8002,False,False,-1004.4426843329952,32816595.143359467,1000.0053048036839,-999.975101998037,True,2,1,True,False,False,False,True,False
speed_1000rpm__torque_1300Nm__temperature_35degC,train,data/original_dataset/Test_35deg/1000rpm/1000.0rpm1300.0Nm35.0deg.csv,57794,7040356,2026-06-23T17:45:19.969097+00:00,False,19440,19440,1,1,0,Fw_then_Bw,9946,2.4865,966,8002,False,False,-1004.8917308061693,32815585.78200633,1000.0150836664639,-999.9494813382626,True,2,1,True,False,False,False,True,False
speed_1000rpm__torque_1400Nm__temperature_25degC,train,data/original_dataset/Test_25deg/1000rpm/1000.0rpm1400.0Nm25.0deg.csv,57792,7051840,2026-06-23T17:44:46.404424+00:00,False,19440,19440,1,1,0,Fw_then_Bw,9946,2.4865,966,8000,False,False,-1004.1346773311184,52255633.691456325,1000.0100266333902,-999.9849366722628,True,2,1,True,False,False,False,True,False
speed_1000rpm__torque_1400Nm__temperature_30degC,train,data/original_dataset/Test_30deg/1000rpm/1000.0rpm1400.0Nm30.0deg.csv,57792,7051691,2026-06-23T17:45:02.836022+00:00,False,19440,19440,1,1,0,Fw_then_Bw,9946,2.4865,966,8000,False,False,-1004.1241719930742,52255616.58035987,1000.009495735867,-999.9553203330531,True,2,1,True,False,False,False,True,False
speed_1000rpm__torque_1400Nm__temperature_35degC,test,data/original_dataset/Test_35deg/1000rpm/1000.0rpm1400.0Nm35.0deg.csv,57795,7042073,2026-06-23T17:45:20.001918+00:00,False,19440,19440,1,1,0,Fw_then_Bw,9946,2.4865,966,8003,False,False,-1004.7734901309013,32815598.32904487,1000.0126250015455,-999.9391436334311,True,2,1,True,False,False,False,True,False
speed_1000rpm__torque_1500Nm__temperature_25degC,train,data/original_dataset/Test_25deg/1000rpm/1000.0rpm1500.0Nm25.0deg.csv,57792,7052952,2026-06-23T17:44:46.433440+00:00,False,19440,19440,1,1,0,Fw_then_Bw,9946,2.4865,966,8000,False,False,-1004.2809700050082,52255655.25574587,1000.0105575357641,-999.9737326579634,True,2,1,True,False,False,False,True,False
speed_1000rpm__torque_1500Nm__temperature_30degC,train,data/original_dataset/Test_30deg/1000rpm/1000.0rpm1500.0Nm30.0deg.csv,57793,7056109,2026-06-23T17:45:02.861113+00:00,False,19440,19440,1,1,0,Fw_then_Bw,9946,2.4865,966,8001,False,False,-1005.1815206534229,52255642.42623765,1000.0087972681893,-999.9771976533036,True,2,1,True,False,False,False,True,False
speed_1000rpm__torque_1500Nm__temperature_35degC,train,data/original_dataset/Test_35deg/1000rpm/1000.0rpm1500.0Nm35.0deg.csv,57792,7031833,2026-06-23T17:45:20.035970+00:00,False,19440,19440,1,1,0,Fw_then_Bw,9946,2.4865,966,8000,False,False,-1005.0190240047718,32815611.688960664,1000.0001918657896,-999.9514370671629,True,2,1,True,False,False,False,True,False
speed_1000rpm__torque_1600Nm__temperature_25degC,validation,data/original_dataset/Test_25deg/1000rpm/1000.0rpm1600.0Nm25.0deg.csv,57794,7048676,2026-06-23T17:44:46.460770+00:00,False,19440,19440,1,1,0,Fw_then_Bw,9946,2.4865,966,8002,False,False,-1004.3827259990699,52255637.1784958,1000.0028181651335,-999.9751300007727,True,2,1,True,False,False,False,True,False
speed_1000rpm__torque_1600Nm__temperature_30degC,train,data/original_dataset/Test_30deg/1000rpm/1000.0rpm1600.0Nm30.0deg.csv,57792,7059209,2026-06-23T17:45:02.887643+00:00,False,19440,19440,1,1,0,Fw_then_Bw,9946,2.4865,966,8000,False,False,-1005.4337606804136,52255664.57223133,999.9959729660379,-999.9752976679399,True,2,1,True,False,False,False,True,False
speed_1000rpm__torque_1600Nm__temperature_35degC,train,data/original_dataset/Test_35deg/1000rpm/1000.0rpm1600.0Nm35.0deg.csv,57794,7029760,2026-06-23T17:45:20.066030+00:00,False,19440,19439,1,1,0,Fw_then_Bw,9947,2.4867500000000002,966,8002,False,False,-1006.3787921972107,32815637.824013874,999.9926481662745,-999.9421613368518,True,2,1,True,False,False,False,True,False
speed_1000rpm__torque_1700Nm__temperature_25degC,validation,data/original_dataset/Test_25deg/1000rpm/1000.0rpm1700.0Nm25.0deg.csv,57793,7057949,2026-06-23T17:44:46.489305+00:00,False,19440,19440,1,1,0,Fw_then_Bw,9946,2.4865,966,8001,False,False,-1004.6612280032907,52255644.6563822,999.9961685656066,-999.9647920000522,True,2,1,True,False,False,False,True,False
speed_1000rpm__torque_1700Nm__temperature_30degC,train,data/original_dataset/Test_30deg/1000rpm/1000.0rpm1700.0Nm30.0deg.csv,57388,7002309,2026-06-23T17:45:02.918104+00:00,False,19440,19440,1,1,0,Fw_then_Bw,9539,2.38475,966,8003,False,False,-1005.2305833378341,51847635.01424326,999.9912232330341,-999.9758566652115,True,2,1,True,False,False,False,True,False
speed_1000rpm__torque_1700Nm__temperature_35degC,train,data/original_dataset/Test_35deg/1000rpm/1000.0rpm1700.0Nm35.0deg.csv,57793,7038755,2026-06-23T17:45:20.096250+00:00,False,19440,19440,1,1,0,Fw_then_Bw,9947,2.4867500000000002,966,8000,False,False,-1005.4347666640147,32815673.60490533,999.9907203018665,-999.9591486654633,True,2,1,True,False,False,False,True,False
speed_1000rpm__torque_1800Nm__temperature_25degC,train,data/original_dataset/Test_25deg/1000rpm/1000.0rpm1800.0Nm25.0deg.csv,57795,7058202,2026-06-23T17:44:46.516100+00:00,False,19440,19440,1,1,0,Fw_then_Bw,9947,2.4867500000000002,966,8002,False,False,-1005.0222093317038,52255653.543490805,1000.0000521322363,-999.9733420020978,True,2,1,True,False,False,False,True,False
speed_1000rpm__torque_1800Nm__temperature_30degC,test,data/original_dataset/Test_30deg/1000rpm/1000.0rpm1800.0Nm30.0deg.csv,57795,7033657,2026-06-23T17:45:02.944683+00:00,False,19440,19440,1,1,0,Fw_then_Bw,9947,2.4867500000000002,966,8002,False,False,-1005.2253306009029,32815681.015401866,999.9898262661494,-1000.0009183277142,True,2,1,True,False,False,False,True,False
speed_1000rpm__torque_1800Nm__temperature_35degC,train,data/original_dataset/Test_35deg/1000rpm/1000.0rpm1800.0Nm35.0deg.csv,57794,7036262,2026-06-23T17:45:20.124786+00:00,False,19441,19440,1,1,0,Fw_then_Bw,9945,2.48625,966,8002,False,False,-1005.9469566719297,32814672.53627287,999.9866969301365,-999.9728386707527,True,2,1,True,False,False,False,True,False
speed_1100rpm__torque_0Nm__temperature_25degC,train,data/original_dataset/Test_25deg/1100rpm/1100.0rpm0.0Nm25.0deg.csv,54886,6719939,2026-06-23T17:44:51.003201+00:00,False,17673,17673,1,1,0,Fw_then_Bw,9770,2.4425,1767,8003,False,False,-1103.0646039968512,32019728.765599333,1100.0016331284617,-1099.996045328832,True,2,1,True,False,False,False,True,False
speed_1100rpm__torque_0Nm__temperature_30degC,train,data/original_dataset/Test_30deg/1100rpm/1100.0rpm0.0Nm30.0deg.csv,53471,6550631,2026-06-23T17:45:07.299354+00:00,False,17673,17673,1,1,0,Fw_then_Bw,8357,2.08925,1767,8001,False,False,-1103.019342001062,30465443.417262007,1100.0027507980121,-1099.9869366642088,True,2,1,True,False,False,False,True,False
speed_1100rpm__torque_0Nm__temperature_35degC,validation,data/original_dataset/Test_35deg/1100rpm/1100.0rpm0.0Nm35.0deg.csv,54881,6707449,2026-06-23T17:45:24.838368+00:00,False,17672,17673,1,1,0,Fw_then_Bw,9767,2.44175,1767,8002,False,False,-1103.341374604497,12583827.016409332,1100.001689066024,-1099.9925806633353,True,2,1,True,False,False,False,True,False
speed_1100rpm__torque_100Nm__temperature_25degC,train,data/original_dataset/Test_25deg/1100rpm/1100.0rpm100.0Nm25.0deg.csv,54885,6699335,2026-06-23T17:44:51.031743+00:00,False,17673,17673,1,1,0,Fw_then_Bw,9770,2.4425,1767,8002,False,False,-1102.9284819960594,90339526.95071732,1100.001688998115,-1099.9879986629821,True,2,1,True,False,False,False,True,False
speed_1100rpm__torque_100Nm__temperature_30degC,train,data/original_dataset/Test_30deg/1100rpm/1100.0rpm100.0Nm30.0deg.csv,54883,6698153,2026-06-23T17:45:07.327808+00:00,False,17672,17673,1,1,0,Fw_then_Bw,9768,2.442,1767,8003,False,False,-1102.5716926669702,51464449.65468733,1099.9955422982264,-1099.9995659997996,True,2,1,True,False,False,False,True,False
speed_1100rpm__torque_100Nm__temperature_35degC,train,data/original_dataset/Test_35deg/1100rpm/1100.0rpm100.0Nm35.0deg.csv,54884,6698798,2026-06-23T17:45:24.869447+00:00,False,17672,17673,1,1,0,Fw_then_Bw,9768,2.442,1768,8003,False,False,-1102.150697329004,32024155.302644,1099.996045193014,-1099.9974979980227,True,2,1,True,False,False,False,True,False
speed_1100rpm__torque_200Nm__temperature_25degC,train,data/original_dataset/Test_25deg/1100rpm/1100.0rpm200.0Nm25.0deg.csv,54883,6699645,2026-06-23T17:44:51.333732+00:00,False,17673,17672,1,1,0,Fw_then_Bw,9771,2.44275,1767,8000,False,False,-1102.587506660105,90339570.01721467,1099.9887250654865,-1099.99151933395,True,2,1,True,False,False,False,True,False
speed_1100rpm__torque_200Nm__temperature_30degC,train,data/original_dataset/Test_30deg/1100rpm/1100.0rpm200.0Nm30.0deg.csv,54885,6701782,2026-06-23T17:45:07.637092+00:00,False,17673,17673,1,1,0,Fw_then_Bw,9770,2.4425,1767,8002,False,False,-1102.2594940150157,51458946.711737335,1100.0058800079082,-1099.994703991494,True,2,1,True,False,False,False,True,False
speed_1100rpm__torque_200Nm__temperature_35degC,train,data/original_dataset/Test_35deg/1100rpm/1100.0rpm200.0Nm35.0deg.csv,54887,6708427,2026-06-23T17:45:25.200880+00:00,False,17673,17673,1,1,0,Fw_then_Bw,9771,2.44275,1767,8003,False,False,-1102.4917286704294,32019771.783314675,1100.0012978717373,-1099.9932513320043,True,2,1,True,False,False,False,True,False
speed_1100rpm__torque_300Nm__temperature_25degC,test,data/original_dataset/Test_25deg/1100rpm/1100.0rpm300.0Nm25.0deg.csv,54884,6707019,2026-06-23T17:44:51.359256+00:00,False,17673,17673,1,1,0,Fw_then_Bw,9771,2.44275,1767,8000,False,False,-1102.4053953393982,90339560.91966467,1100.008673936827,-1099.9943133404788,True,2,1,True,False,False,False,True,False
speed_1100rpm__torque_300Nm__temperature_30degC,train,data/original_dataset/Test_30deg/1100rpm/1100.0rpm300.0Nm30.0deg.csv,54883,6738495,2026-06-23T17:45:07.665709+00:00,False,17673,17673,1,1,0,Fw_then_Bw,9770,2.4425,1767,8000,False,False,-1102.1373979941322,51458962.516151324,1100.0040918006562,-1099.9925246578641,True,2,1,True,False,False,False,True,False
speed_1100rpm__torque_300Nm__temperature_35degC,train,data/original_dataset/Test_35deg/1100rpm/1100.0rpm300.0Nm35.0deg.csv,54883,6752631,2026-06-23T17:45:25.234426+00:00,False,17673,17673,1,1,0,Fw_then_Bw,9770,2.4425,1767,8000,False,False,-1102.4327759999628,32018652.693069994,1099.9953746698643,-1099.98939599609,True,2,1,True,False,False,False,True,False
speed_1100rpm__torque_400Nm__temperature_25degC,train,data/original_dataset/Test_25deg/1100rpm/1100.0rpm400.0Nm25.0deg.csv,54887,6746272,2026-06-23T17:44:51.385619+00:00,False,17673,17673,1,1,0,Fw_then_Bw,9771,2.44275,1767,8003,False,False,-1102.3423073347658,90339587.58127,1099.9960452706243,-1099.9932513417054,True,2,1,True,False,False,False,True,False
speed_1100rpm__torque_400Nm__temperature_30degC,train,data/original_dataset/Test_30deg/1100rpm/1100.0rpm400.0Nm30.0deg.csv,54195,6711935,2026-06-23T17:45:07.692350+00:00,False,17673,17672,1,1,0,Fw_then_Bw,9083,2.27075,1767,8000,False,False,-1102.7524060142848,50702167.71684599,1100.006941667137,-1099.99151933395,True,2,1,True,False,False,False,True,False
speed_1100rpm__torque_400Nm__temperature_35degC,train,data/original_dataset/Test_35deg/1100rpm/1100.0rpm400.0Nm35.0deg.csv,54885,6802246,2026-06-23T17:45:25.263839+00:00,False,17673,17673,1,1,0,Fw_then_Bw,9770,2.4425,1767,8002,False,False,-1102.2563653338389,32018673.953544006,1099.998839199543,-1099.9967713335839,True,2,1,True,False,False,False,True,False
speed_1100rpm__torque_500Nm__temperature_25degC,validation,data/original_dataset/Test_25deg/1100rpm/1100.0rpm500.0Nm25.0deg.csv,54886,6801961,2026-06-23T17:44:51.410753+00:00,False,17672,17673,1,1,0,Fw_then_Bw,9770,2.4425,1768,8003,False,False,-1102.3672293328368,90338506.61488268,1099.9967716318984,-1099.991853989195,True,2,1,True,False,False,False,True,False
speed_1100rpm__torque_500Nm__temperature_30degC,test,data/original_dataset/Test_30deg/1100rpm/1100.0rpm500.0Nm30.0deg.csv,54885,6814554,2026-06-23T17:45:07.721936+00:00,False,17672,17672,1,1,0,Fw_then_Bw,9771,2.44275,1768,8002,False,False,-1102.7702319940242,51458985.60192401,1099.998168666692,-1099.9904573351766,True,2,1,True,False,False,False,True,False
speed_1100rpm__torque_500Nm__temperature_35degC,train,data/original_dataset/Test_35deg/1100rpm/1100.0rpm500.0Nm35.0deg.csv,54884,6802771,2026-06-23T17:45:25.293284+00:00,False,17673,17672,1,1,0,Fw_then_Bw,9771,2.44275,1767,8001,False,False,-1102.4633419971601,32018709.065448657,1099.9988950691964,-1099.9993979979383,True,2,1,True,False,False,False,True,False
speed_1100rpm__torque_600Nm__temperature_25degC,validation,data/original_dataset/Test_25deg/1100rpm/1100.0rpm600.0Nm25.0deg.csv,54883,6808516,2026-06-23T17:44:51.436289+00:00,False,17672,17673,1,1,0,Fw_then_Bw,9771,2.44275,1767,8000,False,False,-1102.3482866585255,51459026.242587335,1099.9955423006518,-1099.985148680086,True,2,1,True,False,False,False,True,False
speed_1100rpm__torque_600Nm__temperature_30degC,validation,data/original_dataset/Test_30deg/1100rpm/1100.0rpm600.0Nm30.0deg.csv,54886,6795386,2026-06-23T17:45:07.749801+00:00,False,17672,17673,1,1,0,Fw_then_Bw,9771,2.44275,1767,8003,False,False,-1102.2843606576012,51459016.25046534,1099.99973323526,-1099.9967719932708,True,2,1,True,False,False,False,True,False
speed_1100rpm__torque_600Nm__temperature_35degC,train,data/original_dataset/Test_35deg/1100rpm/1100.0rpm600.0Nm35.0deg.csv,54886,6767427,2026-06-23T17:45:25.335294+00:00,False,17672,17673,1,1,0,Fw_then_Bw,9771,2.44275,1768,8002,False,False,-1102.3022979982973,32018743.215780664,1099.9937821325148,-1099.9936426621084,True,2,1,True,False,False,False,True,False
speed_1100rpm__torque_700Nm__temperature_25degC,train,data/original_dataset/Test_25deg/1100rpm/1100.0rpm700.0Nm25.0deg.csv,54883,6790576,2026-06-23T17:44:51.463830+00:00,False,17673,17673,1,1,0,Fw_then_Bw,9770,2.4425,1767,8000,False,False,-1102.442275325302,51459036.795347996,1099.9918542656815,-1099.9852046758558,True,2,1,True,False,False,False,True,False
speed_1100rpm__torque_700Nm__temperature_30degC,train,data/original_dataset/Test_30deg/1100rpm/1100.0rpm700.0Nm30.0deg.csv,54885,6725059,2026-06-23T17:45:07.778804+00:00,False,17673,17673,1,1,0,Fw_then_Bw,9770,2.4425,1767,8002,False,False,-1102.3924873249296,51459021.966196,1099.9985598027706,-1099.9873280137156,True,2,1,True,False,False,False,True,False
speed_1100rpm__torque_700Nm__temperature_35degC,train,data/original_dataset/Test_35deg/1100rpm/1100.0rpm700.0Nm35.0deg.csv,54885,6718944,2026-06-23T17:45:25.367452+00:00,False,17673,17673,1,1,0,Fw_then_Bw,9770,2.4425,1767,8002,False,False,-1102.4699360132217,32018726.616874665,1100.001689066024,-1099.9852046661545,True,2,1,True,False,False,False,True,False
speed_1100rpm__torque_800Nm__temperature_25degC,train,data/original_dataset/Test_25deg/1100rpm/1100.0rpm800.0Nm25.0deg.csv,54884,6732641,2026-06-23T17:44:51.492339+00:00,False,17673,17673,1,1,0,Fw_then_Bw,9770,2.4425,1767,8001,False,False,-1102.6460679907664,51459063.15201866,1099.998839199543,-1099.986601989561,True,2,1,True,False,False,False,True,False
speed_1100rpm__torque_800Nm__temperature_30degC,test,data/original_dataset/Test_30deg/1100rpm/1100.0rpm800.0Nm30.0deg.csv,54884,6702918,2026-06-23T17:45:07.805458+00:00,False,17673,17673,1,1,0,Fw_then_Bw,9769,2.44225,1767,8002,False,False,-1102.5594546614836,51457955.0438,1099.9961011305763,-1099.9883339973167,True,2,1,True,False,False,False,True,False
speed_1100rpm__torque_800Nm__temperature_35degC,train,data/original_dataset/Test_35deg/1100rpm/1100.0rpm800.0Nm35.0deg.csv,54886,6702722,2026-06-23T17:45:25.401515+00:00,False,17673,17673,1,1,0,Fw_then_Bw,9770,2.4425,1767,8003,False,False,-1102.6194133252527,32018745.812494658,1099.9949835337852,-1099.9943133404788,True,2,1,True,False,False,False,True,False
speed_1100rpm__torque_900Nm__temperature_25degC,train,data/original_dataset/Test_25deg/1100rpm/1100.0rpm900.0Nm25.0deg.csv,54883,6696844,2026-06-23T17:44:51.520443+00:00,False,17673,17673,1,1,0,Fw_then_Bw,9770,2.4425,1767,8000,False,False,-1102.3124679923058,109778844.04152599,1100.0066064686205,-1099.9957093348107,True,2,1,True,False,False,False,True,False
speed_1100rpm__torque_900Nm__temperature_30degC,train,data/original_dataset/Test_30deg/1100rpm/1100.0rpm900.0Nm30.0deg.csv,54886,6699492,2026-06-23T17:45:07.834703+00:00,False,17673,17673,1,1,0,Fw_then_Bw,9770,2.4425,1767,8003,False,False,-1102.4250646587461,32018747.184835333,1100.0026948653008,-1099.9883339973167,True,2,1,True,False,False,False,True,False
speed_1100rpm__torque_900Nm__temperature_35degC,validation,data/original_dataset/Test_35deg/1100rpm/1100.0rpm900.0Nm35.0deg.csv,54883,6700809,2026-06-23T17:45:25.434064+00:00,False,17673,17673,1,1,0,Fw_then_Bw,9769,2.44225,1767,8001,False,False,-1102.7966066612862,32017648.513801333,1100.0024155267358,-1099.9862666649278,True,2,1,True,False,False,False,True,False
speed_1100rpm__torque_1000Nm__temperature_25degC,validation,data/original_dataset/Test_25deg/1100rpm/1100.0rpm1000.0Nm25.0deg.csv,54883,6697651,2026-06-23T17:44:51.060415+00:00,False,17673,17673,1,1,0,Fw_then_Bw,9770,2.4425,1767,8000,False,False,-1102.430652671804,109778879.37935069,1099.994648199451,-1099.9837520066649,True,2,1,True,False,False,False,True,False
speed_1100rpm__torque_1000Nm__temperature_30degC,test,data/original_dataset/Test_30deg/1100rpm/1100.0rpm1000.0Nm30.0deg.csv,54883,6701046,2026-06-23T17:45:07.386359+00:00,False,17673,17672,1,1,0,Fw_then_Bw,9770,2.4425,1767,8001,False,False,-1102.456972002983,51457944.90963201,1100.003030131726,-1099.9852046661545,True,2,1,True,False,False,False,True,False
speed_1100rpm__torque_1000Nm__temperature_35degC,train,data/original_dataset/Test_35deg/1100rpm/1100.0rpm1000.0Nm35.0deg.csv,54884,6700216,2026-06-23T17:45:24.903819+00:00,False,17673,17672,1,1,0,Fw_then_Bw,9770,2.4425,1767,8002,False,False,-1102.7772726762728,32017671.161088675,1100.0026948653008,-1099.9864343272443,True,2,1,True,False,False,False,True,False
speed_1100rpm__torque_1100Nm__temperature_25degC,train,data/original_dataset/Test_25deg/1100rpm/1100.0rpm1100.0Nm25.0deg.csv,54884,6696214,2026-06-23T17:44:51.088614+00:00,False,17672,17673,1,1,0,Fw_then_Bw,9770,2.4425,1767,8002,False,False,-1102.5233013400186,90338594.25578266,1099.987998602349,-1099.9897306513353,True,2,1,True,False,False,False,True,False
speed_1100rpm__torque_1100Nm__temperature_30degC,train,data/original_dataset/Test_30deg/1100rpm/1100.0rpm1100.0Nm30.0deg.csv,54884,6701823,2026-06-23T17:45:07.413971+00:00,False,17673,17673,1,1,0,Fw_then_Bw,9770,2.4425,1767,8001,False,False,-1102.5909706562136,51457969.88133334,1100.0012978620362,-1099.97816333392,True,2,1,True,False,False,False,True,False
speed_1100rpm__torque_1100Nm__temperature_35degC,train,data/original_dataset/Test_35deg/1100rpm/1100.0rpm1100.0Nm35.0deg.csv,54883,6697537,2026-06-23T17:45:24.939287+00:00,False,17673,17673,1,1,0,Fw_then_Bw,9770,2.4425,1767,8000,False,False,-1102.8341580046497,32017683.716621324,1100.0038124038838,-1099.9810139959056,True,2,1,True,False,False,False,True,False
speed_1100rpm__torque_1200Nm__temperature_25degC,train,data/original_dataset/Test_25deg/1100rpm/1100.0rpm1200.0Nm25.0deg.csv,54882,6700791,2026-06-23T17:44:51.118685+00:00,False,17672,17673,1,1,0,Fw_then_Bw,9770,2.4425,1767,8000,False,False,-1102.608181342172,51458011.35767267,1099.9981686036335,-1099.979560667028,True,2,1,True,False,False,False,True,False
speed_1100rpm__torque_1200Nm__temperature_30degC,test,data/original_dataset/Test_30deg/1100rpm/1100.0rpm1200.0Nm30.0deg.csv,54884,6699003,2026-06-23T17:45:07.442230+00:00,False,17672,17673,1,1,0,Fw_then_Bw,9770,2.4425,1767,8002,False,False,-1102.5454286621728,32017693.69080667,1099.999565628726,-1099.9869373335969,True,2,1,True,False,False,False,True,False
speed_1100rpm__torque_1200Nm__temperature_35degC,train,data/original_dataset/Test_35deg/1100rpm/1100.0rpm1200.0Nm35.0deg.csv,54882,6693225,2026-06-23T17:45:24.971926+00:00,False,17672,17673,1,1,0,Fw_then_Bw,9770,2.4425,1767,8000,False,False,-1102.9621773244191,32017669.176533997,1100.0035889665014,-1099.9929159879684,True,2,1,True,False,False,False,True,False
speed_1100rpm__torque_1300Nm__temperature_25degC,train,data/original_dataset/Test_25deg/1100rpm/1100.0rpm1300.0Nm25.0deg.csv,54882,6697844,2026-06-23T17:44:51.146391+00:00,False,17672,17673,1,1,0,Fw_then_Bw,9770,2.4425,1767,8000,False,False,-1102.6400886670067,51458024.444282,1099.9869368970394,-1099.9743079883046,True,2,1,True,False,False,False,True,False
speed_1100rpm__torque_1300Nm__temperature_30degC,train,data/original_dataset/Test_30deg/1100rpm/1100.0rpm1300.0Nm30.0deg.csv,54882,6698874,2026-06-23T17:45:07.469777+00:00,False,17673,17673,1,1,0,Fw_then_Bw,9769,2.44225,1767,8000,False,False,-1102.9112713489062,51458001.49396067,1099.9907925967514,-1099.9837520066649,True,2,1,True,False,False,False,True,False
speed_1100rpm__torque_1300Nm__temperature_35degC,train,data/original_dataset/Test_35deg/1100rpm/1100.0rpm1300.0Nm35.0deg.csv,54882,6695092,2026-06-23T17:45:25.004759+00:00,False,17673,17673,1,1,0,Fw_then_Bw,9769,2.44225,1767,8000,False,False,-1102.978661345939,32017712.45531733,1099.9971069347034,-1099.9813493496429,True,2,1,True,False,False,False,True,False
speed_1100rpm__torque_1400Nm__temperature_25degC,validation,data/original_dataset/Test_25deg/1100rpm/1100.0rpm1400.0Nm25.0deg.csv,54883,6698390,2026-06-23T17:44:51.197894+00:00,False,17673,17673,1,1,0,Fw_then_Bw,9769,2.44225,1767,8001,False,False,-1102.8642766565706,51458019.77360599,1099.991127868028,-1099.9690560080733,True,2,1,True,False,False,False,True,False
speed_1100rpm__torque_1400Nm__temperature_30degC,train,data/original_dataset/Test_30deg/1100rpm/1100.0rpm1400.0Nm30.0deg.csv,54883,6695921,2026-06-23T17:45:07.497822+00:00,False,17673,17673,1,1,0,Fw_then_Bw,9769,2.44225,1767,8001,False,False,-1102.8614826694443,51458019.152674675,1099.998168666692,-1099.975314010711,True,2,1,True,False,False,False,True,False
speed_1100rpm__torque_1400Nm__temperature_35degC,test,data/original_dataset/Test_35deg/1100rpm/1100.0rpm1400.0Nm35.0deg.csv,54883,6696992,2026-06-23T17:45:25.037829+00:00,False,17673,17673,1,1,0,Fw_then_Bw,9769,2.44225,1767,8001,False,False,-1103.0285066614547,32017739.77115801,1099.9992303356216,-1099.9757053408152,True,2,1,True,False,False,False,True,False
speed_1100rpm__torque_1500Nm__temperature_25degC,validation,data/original_dataset/Test_25deg/1100rpm/1100.0rpm1500.0Nm25.0deg.csv,54884,6698259,2026-06-23T17:44:51.223940+00:00,False,17673,17672,1,1,0,Fw_then_Bw,9770,2.4425,1767,8002,False,False,-1103.2515766758784,51458064.486141995,1099.9971069395542,-1099.9722126677323,True,2,1,True,False,False,False,True,False
speed_1100rpm__torque_1500Nm__temperature_30degC,train,data/original_dataset/Test_30deg/1100rpm/1100.0rpm1500.0Nm30.0deg.csv,54884,6698568,2026-06-23T17:45:07.525384+00:00,False,17673,17672,1,1,0,Fw_then_Bw,9769,2.44225,1767,8003,False,False,-1102.8411426814273,51456936.502419345,1100.002359598875,-1099.9695583401867,True,2,1,True,False,False,False,True,False
speed_1100rpm__torque_1500Nm__temperature_35degC,validation,data/original_dataset/Test_35deg/1100rpm/1100.0rpm1500.0Nm35.0deg.csv,54882,6700873,2026-06-23T17:45:25.067437+00:00,False,17673,17672,1,1,0,Fw_then_Bw,9769,2.44225,1767,8001,False,False,-1103.1958086629554,32016630.640346665,1100.0055447317814,-1099.9830809936004,True,2,1,True,False,False,False,True,False
speed_1100rpm__torque_1600Nm__temperature_25degC,train,data/original_dataset/Test_25deg/1100rpm/1100.0rpm1600.0Nm25.0deg.csv,54883,6697907,2026-06-23T17:44:51.252647+00:00,False,17673,17672,1,1,0,Fw_then_Bw,9769,2.44225,1767,8002,False,False,-1103.2933179909985,51456945.462506674,1099.9915190041065,-1099.9681613369223,True,2,1,True,False,False,False,True,False
speed_1100rpm__torque_1600Nm__temperature_30degC,validation,data/original_dataset/Test_30deg/1100rpm/1100.0rpm1600.0Nm30.0deg.csv,54883,6698060,2026-06-23T17:45:07.553033+00:00,False,17673,17673,1,1,0,Fw_then_Bw,9769,2.44225,1767,8001,False,False,-1103.3266780044262,51456974.03529601,1099.9879985950733,-1099.9771019948337,True,2,1,True,False,False,False,True,False
speed_1100rpm__torque_1600Nm__temperature_35degC,train,data/original_dataset/Test_35deg/1100rpm/1100.0rpm1600.0Nm35.0deg.csv,54883,6699384,2026-06-23T17:45:25.098860+00:00,False,17673,17672,1,1,0,Fw_then_Bw,9769,2.44225,1767,8002,False,False,-1103.2835393367957,32016640.961934004,1099.9992303307713,-1099.9824106693268,True,2,1,True,False,False,False,True,False
speed_1100rpm__torque_1700Nm__temperature_25degC,train,data/original_dataset/Test_25deg/1100rpm/1100.0rpm1700.0Nm25.0deg.csv,53476,6528066,2026-06-23T17:44:51.279629+00:00,False,17672,17673,1,1,0,Fw_then_Bw,8362,2.0905,1767,8002,False,False,-1103.0961759970523,49909244.642928,1100.0034212993341,-1099.9721846504447,True,2,1,True,False,False,False,True,False
speed_1100rpm__torque_1700Nm__temperature_30degC,train,data/original_dataset/Test_30deg/1100rpm/1100.0rpm1700.0Nm30.0deg.csv,53373,6510153,2026-06-23T17:45:07.581562+00:00,False,17672,17673,1,1,0,Fw_then_Bw,8260,2.065,1768,8000,False,False,-1103.392615991955,49797038.250212006,1099.9990347675825,-1099.976766660499,True,2,1,True,False,False,False,True,False
speed_1100rpm__torque_1700Nm__temperature_35degC,train,data/original_dataset/Test_35deg/1100rpm/1100.0rpm1700.0Nm35.0deg.csv,54882,6698246,2026-06-23T17:45:25.133393+00:00,False,17673,17673,1,1,0,Fw_then_Bw,9769,2.44225,1767,8000,False,False,-1103.4416779972767,32016638.829297997,1100.0037566021397,-1099.9859313402947,True,2,1,True,False,False,False,True,False
speed_1100rpm__torque_1800Nm__temperature_25degC,train,data/original_dataset/Test_25deg/1100rpm/1100.0rpm1800.0Nm25.0deg.csv,54884,6699361,2026-06-23T17:44:51.307192+00:00,False,17672,17673,1,1,0,Fw_then_Bw,9769,2.44225,1767,8003,False,False,-1103.617139335256,51456952.81650866,1099.99009409997,-1099.9669319911238,True,2,1,True,False,False,False,True,False
speed_1100rpm__torque_1800Nm__temperature_30degC,validation,data/original_dataset/Test_30deg/1100rpm/1100.0rpm1800.0Nm30.0deg.csv,54885,6694572,2026-06-23T17:45:07.609095+00:00,False,17672,17673,1,1,0,Fw_then_Bw,9769,2.44225,1768,8003,False,False,-1103.5483519857128,51456940.466556676,1100.0048741649757,-1099.9697819934227,True,2,1,True,False,False,False,True,False
speed_1100rpm__torque_1800Nm__temperature_35degC,validation,data/original_dataset/Test_35deg/1100rpm/1100.0rpm1800.0Nm35.0deg.csv,54884,6699301,2026-06-23T17:45:25.167985+00:00,False,17672,17673,1,1,0,Fw_then_Bw,9769,2.44225,1768,8002,False,False,-1103.7757246716258,32016658.079679992,1100.0018566992367,-1099.9869366836115,True,2,1,True,False,False,False,True,False
speed_1300rpm__torque_0Nm__temperature_25degC,train,data/original_dataset/Test_25deg/1300rpm/1300.0rpm0.0Nm25.0deg.csv,48899,5989615,2026-06-23T17:44:51.544061+00:00,False,14953,14954,1,1,0,Fw_then_Bw,9496,2.374,1496,8000,False,False,-1302.3831326669704,30424743.89137666,1300.0084832601715,-1299.9976426702538,True,2,1,True,False,False,False,True,False
speed_1300rpm__torque_0Nm__temperature_30degC,train,data/original_dataset/Test_30deg/1300rpm/1300.0rpm0.0Nm30.0deg.csv,48902,5990886,2026-06-23T17:45:07.859242+00:00,False,14953,14954,1,1,0,Fw_then_Bw,9496,2.374,1496,8003,False,False,-1302.4066020055518,30424749.965295322,1300.008147935538,-1300.0018333356516,True,2,1,True,False,False,False,True,False
speed_1300rpm__torque_0Nm__temperature_35degC,validation,data/original_dataset/Test_35deg/1300rpm/1300.0rpm0.0Nm35.0deg.csv,48899,5989882,2026-06-23T17:45:25.474219+00:00,False,14954,14954,1,1,0,Fw_then_Bw,9496,2.374,1495,8000,False,False,-1302.458513334083,30424731.964151997,1300.0135682353477,-1299.9984809963887,True,2,1,True,False,False,False,True,False
speed_1300rpm__torque_100Nm__temperature_25degC,train,data/original_dataset/Test_25deg/1300rpm/1300.0rpm100.0Nm25.0deg.csv,48901,5969154,2026-06-23T17:44:51.567600+00:00,False,14954,14953,1,1,0,Fw_then_Bw,9498,2.3745,1495,8001,False,False,-1302.07087865953,49861051.811165996,1300.0009394988108,-1299.9954633220718,True,2,1,True,False,False,False,True,False
speed_1300rpm__torque_100Nm__temperature_30degC,train,data/original_dataset/Test_30deg/1300rpm/1300.0rpm100.0Nm30.0deg.csv,48902,5970137,2026-06-23T17:45:07.885801+00:00,False,14954,14954,1,1,0,Fw_then_Bw,9498,2.3745,1495,8001,False,False,-1302.1199966703232,49861039.49882133,1300.0154681358254,-1300.0044599951557,True,2,1,True,False,False,False,True,False
speed_1300rpm__torque_100Nm__temperature_35degC,train,data/original_dataset/Test_35deg/1300rpm/1300.0rpm100.0Nm35.0deg.csv,48900,5972815,2026-06-23T17:45:25.503714+00:00,False,14954,14953,1,1,0,Fw_then_Bw,9498,2.3745,1495,8000,False,False,-1301.9842653302476,30420828.886684,1300.010243433159,-1299.9993746634573,True,2,1,True,False,False,False,True,False
speed_1300rpm__torque_200Nm__temperature_25degC,train,data/original_dataset/Test_25deg/1300rpm/1300.0rpm200.0Nm25.0deg.csv,48902,5968357,2026-06-23T17:44:51.818389+00:00,False,14954,14954,1,1,0,Fw_then_Bw,9498,2.3745,1495,8001,False,False,-1302.0529973243054,49861055.917796,1300.003733500489,-1300.0051306638247,True,2,1,True,False,False,False,True,False
speed_1300rpm__torque_200Nm__temperature_30degC,train,data/original_dataset/Test_30deg/1300rpm/1300.0rpm200.0Nm30.0deg.csv,48901,5976331,2026-06-23T17:45:08.137001+00:00,False,14954,14954,1,1,0,Fw_then_Bw,9498,2.3745,1495,8000,False,False,-1302.0894866785966,49861061.273944,1300.010606602882,-1300.0046280018673,True,2,1,True,False,False,False,True,False
speed_1300rpm__torque_200Nm__temperature_35degC,validation,data/original_dataset/Test_35deg/1300rpm/1300.0rpm200.0Nm35.0deg.csv,48903,5977259,2026-06-23T17:45:25.783375+00:00,False,14953,14954,1,1,0,Fw_then_Bw,9498,2.3745,1496,8002,False,False,-1302.2420926718041,30420839.01207934,1300.004627536206,-1300.0063600096232,True,2,1,True,False,False,False,True,False
speed_1300rpm__torque_300Nm__temperature_25degC,test,data/original_dataset/Test_25deg/1300rpm/1300.0rpm300.0Nm25.0deg.csv,48903,5978086,2026-06-23T17:44:51.842924+00:00,False,14954,14954,1,1,0,Fw_then_Bw,9497,2.37425,1496,8002,False,False,-1302.3196533322334,49861090.036165334,1300.007952367499,-1300.0102433337208,True,2,1,True,False,False,False,True,False
speed_1300rpm__torque_300Nm__temperature_30degC,train,data/original_dataset/Test_30deg/1300rpm/1300.0rpm300.0Nm30.0deg.csv,48901,6013281,2026-06-23T17:45:08.160614+00:00,False,14953,14954,1,1,0,Fw_then_Bw,9498,2.3745,1496,8000,False,False,-1302.5087493394192,49861082.058772676,1300.0063597961948,-1300.0083156609132,True,2,1,True,False,False,False,True,False
speed_1300rpm__torque_300Nm__temperature_35degC,test,data/original_dataset/Test_35deg/1300rpm/1300.0rpm300.0Nm35.0deg.csv,48467,5970665,2026-06-23T17:45:25.869374+00:00,False,14953,14954,1,1,0,Fw_then_Bw,9063,2.26575,1496,8001,False,False,-1302.2870200026468,49295559.26201867,1300.000771865598,-1300.0098803410463,True,2,1,True,False,False,False,True,False
speed_1300rpm__torque_400Nm__temperature_25degC,train,data/original_dataset/Test_25deg/1300rpm/1300.0rpm400.0Nm25.0deg.csv,48902,6020963,2026-06-23T17:44:51.867934+00:00,False,14954,14954,1,1,0,Fw_then_Bw,9497,2.37425,1496,8001,False,False,-3903.933819325175,49863672.25444,1299.9956868976974,-1300.0011073308997,True,2,1,True,False,False,False,True,False
speed_1300rpm__torque_400Nm__temperature_30degC,train,data/original_dataset/Test_30deg/1300rpm/1300.0rpm400.0Nm30.0deg.csv,48902,6050020,2026-06-23T17:45:08.187151+00:00,False,14954,14954,1,1,0,Fw_then_Bw,9497,2.37425,1496,8001,False,False,-1302.0828366667654,49861086.636129335,1300.002532104069,-1300.0037336702612,True,2,1,True,False,False,False,True,False
speed_1300rpm__torque_400Nm__temperature_35degC,train,data/original_dataset/Test_35deg/1300rpm/1300.0rpm400.0Nm35.0deg.csv,48903,6056665,2026-06-23T17:45:25.902248+00:00,False,14954,14954,1,1,0,Fw_then_Bw,9497,2.37425,1496,8002,False,False,-1302.2263346550365,30420884.998776007,1300.0084831922625,-1300.0023363371533,True,2,1,True,False,False,False,True,False
speed_1300rpm__torque_500Nm__temperature_25degC,train,data/original_dataset/Test_25deg/1300rpm/1300.0rpm500.0Nm25.0deg.csv,48900,6051938,2026-06-23T17:44:51.892236+00:00,False,14954,14954,1,1,0,Fw_then_Bw,9497,2.37425,1495,8000,False,False,-3902.285378659144,49866300.36994867,1300.001498333586,-1300.0067233418426,True,2,1,True,False,False,False,True,False
speed_1300rpm__torque_500Nm__temperature_30degC,train,data/original_dataset/Test_30deg/1300rpm/1300.0rpm500.0Nm30.0deg.csv,48901,6061979,2026-06-23T17:45:08.213254+00:00,False,14954,14954,1,1,0,Fw_then_Bw,9496,2.374,1495,8002,False,False,-1302.3908433387987,49859784.74875933,1300.0109139635847,-1300.009209672377,True,2,1,True,False,False,False,True,False
speed_1300rpm__torque_500Nm__temperature_35degC,train,data/original_dataset/Test_35deg/1300rpm/1300.0rpm500.0Nm35.0deg.csv,48902,6056552,2026-06-23T17:45:25.935022+00:00,False,14954,14954,1,1,0,Fw_then_Bw,9496,2.374,1495,8003,False,False,-1302.597093997368,30419593.54760134,1300.0042922988844,-1300.0067506703394,True,2,1,True,False,False,False,True,False
speed_1300rpm__torque_600Nm__temperature_25degC,validation,data/original_dataset/Test_25deg/1300rpm/1300.0rpm600.0Nm25.0deg.csv,48902,6057217,2026-06-23T17:44:51.916802+00:00,False,14954,14954,1,1,0,Fw_then_Bw,9496,2.374,1495,8003,False,False,-1302.5778160081245,49859823.20453933,1300.0067229998726,-1300.0084833280805,True,2,1,True,False,False,False,True,False
speed_1300rpm__torque_600Nm__temperature_30degC,train,data/original_dataset/Test_30deg/1300rpm/1300.0rpm600.0Nm30.0deg.csv,48899,6053573,2026-06-23T17:45:08.239431+00:00,False,14954,14954,1,1,0,Fw_then_Bw,9496,2.374,1495,8000,False,False,-1302.7234373342558,49859810.83011266,1300.0209443028627,-1300.0105783382119,True,2,1,True,False,False,False,True,False
speed_1300rpm__torque_600Nm__temperature_35degC,train,data/original_dataset/Test_35deg/1300rpm/1300.0rpm600.0Nm35.0deg.csv,48900,6038767,2026-06-23T17:45:25.985238+00:00,False,14954,14954,1,1,0,Fw_then_Bw,9496,2.374,1495,8001,False,False,-1302.9879700043239,30419604.988619335,1300.0106066659405,-1300.008818662415,True,2,1,True,False,False,False,True,False
speed_1300rpm__torque_700Nm__temperature_25degC,train,data/original_dataset/Test_25deg/1300rpm/1300.0rpm700.0Nm25.0deg.csv,48900,6039253,2026-06-23T17:44:51.942439+00:00,False,14954,14953,1,1,0,Fw_then_Bw,9497,2.37425,1495,8001,False,False,-1302.3768179894735,49859845.676757336,1300.0128697337157,-1300.0144626518402,True,2,1,True,False,False,False,True,False
speed_1300rpm__torque_700Nm__temperature_30degC,train,data/original_dataset/Test_30deg/1300rpm/1300.0rpm700.0Nm30.0deg.csv,48900,6004489,2026-06-23T17:45:08.264477+00:00,False,14954,14953,1,1,0,Fw_then_Bw,9497,2.37425,1495,8001,False,False,-1302.742325332171,49859828.42462133,1300.0060245321947,-1300.0186533317901,True,2,1,True,False,False,False,True,False
speed_1300rpm__torque_700Nm__temperature_35degC,train,data/original_dataset/Test_35deg/1300rpm/1300.0rpm700.0Nm35.0deg.csv,48899,6002046,2026-06-23T17:45:26.010932+00:00,False,14954,14953,1,1,0,Fw_then_Bw,9497,2.37425,1495,8000,False,False,-1302.5273006642237,49859802.169986,1300.0196590971123,-1300.006694664868,True,2,1,True,False,False,False,True,False
speed_1300rpm__torque_800Nm__temperature_25degC,validation,data/original_dataset/Test_25deg/1300rpm/1300.0rpm800.0Nm25.0deg.csv,48902,5985939,2026-06-23T17:44:51.966977+00:00,False,14954,14954,1,1,0,Fw_then_Bw,9497,2.37425,1495,8002,False,False,-1302.4680133288105,49859851.62829998,1300.0195473626568,-1300.0076169943593,True,2,1,True,False,False,False,True,False
speed_1300rpm__torque_800Nm__temperature_30degC,train,data/original_dataset/Test_30deg/1300rpm/1300.0rpm800.0Nm30.0deg.csv,48901,5974755,2026-06-23T17:45:08.289505+00:00,False,14954,14954,1,1,0,Fw_then_Bw,9497,2.37425,1495,8001,False,False,-1302.8198853329136,49859846.386816666,1300.0198826339329,-1300.0200783329396,True,2,1,True,False,False,False,True,False
speed_1300rpm__torque_800Nm__temperature_35degC,train,data/original_dataset/Test_35deg/1300rpm/1300.0rpm800.0Nm35.0deg.csv,48902,5972835,2026-06-23T17:45:26.039000+00:00,False,14954,14953,1,1,0,Fw_then_Bw,9497,2.37425,1495,8003,False,False,-1302.7265673348058,30419611.031636663,1300.0274263322353,-1300.0137920025736,True,2,1,True,False,False,False,True,False
speed_1300rpm__torque_900Nm__temperature_25degC,train,data/original_dataset/Test_25deg/1300rpm/1300.0rpm900.0Nm25.0deg.csv,48901,5970906,2026-06-23T17:44:51.992093+00:00,False,14954,14954,1,1,0,Fw_then_Bw,9497,2.37425,1495,8001,False,False,-1302.696727332659,49859872.303940676,1300.0225089296387,-1300.0055216640856,True,2,1,True,False,False,False,True,False
speed_1300rpm__torque_900Nm__temperature_30degC,train,data/original_dataset/Test_30deg/1300rpm/1300.0rpm900.0Nm30.0deg.csv,48903,5971353,2026-06-23T17:45:08.313612+00:00,False,14953,14954,1,1,0,Fw_then_Bw,9497,2.37425,1496,8003,False,False,-1302.6416860132788,49859837.44852266,1300.0232354000523,-1300.020385669389,True,2,1,True,False,False,False,True,False
speed_1300rpm__torque_900Nm__temperature_35degC,train,data/original_dataset/Test_35deg/1300rpm/1300.0rpm900.0Nm35.0deg.csv,48901,5968732,2026-06-23T17:45:26.066325+00:00,False,14953,14954,1,1,0,Fw_then_Bw,9497,2.37425,1496,8001,False,False,-1302.6823659893125,30419673.709217343,1300.0137358661354,-1300.01412666752,True,2,1,True,False,False,False,True,False
speed_1300rpm__torque_1000Nm__temperature_25degC,train,data/original_dataset/Test_25deg/1300rpm/1300.0rpm1000.0Nm25.0deg.csv,48903,5971309,2026-06-23T17:44:51.593019+00:00,False,14953,14954,1,1,0,Fw_then_Bw,9497,2.37425,1496,8003,False,False,-1302.6104493377109,49859860.67527867,1300.0189885982156,-1300.0121716662156,True,2,1,True,False,False,False,True,False
speed_1300rpm__torque_1000Nm__temperature_30degC,train,data/original_dataset/Test_30deg/1300rpm/1300.0rpm1000.0Nm30.0deg.csv,48902,5968697,2026-06-23T17:45:07.909052+00:00,False,14954,14954,1,1,0,Fw_then_Bw,9496,2.374,1496,8002,False,False,-1302.6704639972497,49859867.488034666,1300.0300526667465,-1300.0118079944514,True,2,1,True,False,False,False,True,False
speed_1300rpm__torque_1000Nm__temperature_35degC,train,data/original_dataset/Test_35deg/1300rpm/1300.0rpm1000.0Nm35.0deg.csv,48902,5969414,2026-06-23T17:45:25.536775+00:00,False,14954,14954,1,1,0,Fw_then_Bw,9496,2.374,1496,8002,False,False,-1302.7655146627997,49859862.57143333,1300.0246323645115,-1300.0126740080304,True,2,1,True,False,False,False,True,False
speed_1300rpm__torque_1100Nm__temperature_25degC,train,data/original_dataset/Test_25deg/1300rpm/1300.0rpm1100.0Nm25.0deg.csv,48901,5969962,2026-06-23T17:44:51.619550+00:00,False,14954,14954,1,1,0,Fw_then_Bw,9496,2.374,1495,8002,False,False,-1302.757803350687,49859862.676374,1300.0379316630035,-1300.0247996630303,True,2,1,True,False,False,False,True,False
speed_1300rpm__torque_1100Nm__temperature_30degC,train,data/original_dataset/Test_30deg/1300rpm/1300.0rpm1100.0Nm30.0deg.csv,48901,5972488,2026-06-23T17:45:07.933998+00:00,False,14954,14954,1,1,0,Fw_then_Bw,9495,2.3737500000000002,1496,8002,False,False,-1303.0040639957103,49858575.904313326,1300.024241199329,-1300.006024655886,True,2,1,True,False,False,False,True,False
speed_1300rpm__torque_1100Nm__temperature_35degC,test,data/original_dataset/Test_35deg/1300rpm/1300.0rpm1100.0Nm35.0deg.csv,48902,5965771,2026-06-23T17:45:25.563837+00:00,False,14954,14954,1,1,0,Fw_then_Bw,9495,2.3737500000000002,1496,8003,False,False,-1303.3524160079346,30418395.520392668,1300.0179826679719,-1300.0097123343344,True,2,1,True,False,False,False,True,False
speed_1300rpm__torque_1200Nm__temperature_25degC,train,data/original_dataset/Test_25deg/1300rpm/1300.0rpm1200.0Nm25.0deg.csv,48900,5969097,2026-06-23T17:44:51.643194+00:00,False,14954,14954,1,1,0,Fw_then_Bw,9495,2.3737500000000002,1495,8002,False,False,-1302.9317553349151,49858581.365012005,1300.0306114651416,-1300.0102716711503,True,2,1,True,False,False,False,True,False
speed_1300rpm__torque_1200Nm__temperature_30degC,validation,data/original_dataset/Test_30deg/1300rpm/1300.0rpm1200.0Nm30.0deg.csv,48898,5968252,2026-06-23T17:45:07.959055+00:00,False,14954,14953,1,1,0,Fw_then_Bw,9496,2.374,1495,8000,False,False,-1303.0436819923732,49858588.072825335,1300.035528865313,-1300.0154679951568,True,2,1,True,False,False,False,True,False
speed_1300rpm__torque_1200Nm__temperature_35degC,train,data/original_dataset/Test_35deg/1300rpm/1300.0rpm1200.0Nm35.0deg.csv,48902,5972830,2026-06-23T17:45:25.589745+00:00,False,14954,14954,1,1,0,Fw_then_Bw,9495,2.3737500000000002,1496,8003,False,False,-1303.1464999949094,30418395.148572005,1300.0246324033167,-1300.0104390036238,True,2,1,True,False,False,False,True,False
speed_1300rpm__torque_1300Nm__temperature_25degC,train,data/original_dataset/Test_25deg/1300rpm/1300.0rpm1300.0Nm25.0deg.csv,48901,5969917,2026-06-23T17:44:51.668725+00:00,False,14954,14954,1,1,0,Fw_then_Bw,9495,2.3737500000000002,1495,8003,False,False,-1302.9710953317892,49858618.162572,1300.0316173323274,-1300.011612668944,True,2,1,True,False,False,False,True,False
speed_1300rpm__torque_1300Nm__temperature_30degC,train,data/original_dataset/Test_30deg/1300rpm/1300.0rpm1300.0Nm30.0deg.csv,48898,5970068,2026-06-23T17:45:07.985595+00:00,False,14954,14954,1,1,0,Fw_then_Bw,9495,2.3737500000000002,1495,8000,False,False,-1303.1959533303354,49858593.193944015,1300.0302203387644,-1300.002532332049,True,2,1,True,False,False,False,True,False
speed_1300rpm__torque_1300Nm__temperature_35degC,validation,data/original_dataset/Test_35deg/1300rpm/1300.0rpm1300.0Nm35.0deg.csv,48899,5971158,2026-06-23T17:45:25.619287+00:00,False,14954,14953,1,1,0,Fw_then_Bw,9496,2.374,1495,8001,False,False,-1303.3447039973303,30418386.362828005,1300.0326790012573,-1300.0106066659405,True,2,1,True,False,False,False,True,False
speed_1300rpm__torque_1400Nm__temperature_25degC,train,data/original_dataset/Test_25deg/1300rpm/1300.0rpm1400.0Nm25.0deg.csv,48902,5969437,2026-06-23T17:44:51.691333+00:00,False,14954,14954,1,1,0,Fw_then_Bw,9496,2.374,1495,8003,False,False,-1303.234845341649,49858626.558501326,1300.047794332689,-1300.0112773346093,True,2,1,True,False,False,False,True,False
speed_1300rpm__torque_1400Nm__temperature_30degC,train,data/original_dataset/Test_30deg/1300rpm/1300.0rpm1400.0Nm30.0deg.csv,48902,5970452,2026-06-23T17:45:08.009651+00:00,False,14954,14954,1,1,0,Fw_then_Bw,9496,2.374,1495,8003,False,False,-1303.2991066769077,49858608.77271733,1300.0402506707662,-1300.02164299367,True,2,1,True,False,False,False,True,False
speed_1300rpm__torque_1400Nm__temperature_35degC,train,data/original_dataset/Test_35deg/1300rpm/1300.0rpm1400.0Nm35.0deg.csv,48899,5971275,2026-06-23T17:45:25.644408+00:00,False,14954,14954,1,1,0,Fw_then_Bw,9496,2.374,1495,8000,False,False,-1303.7036173239662,30418409.36165334,1300.0340759269118,-1300.0056893312526,True,2,1,True,False,False,False,True,False
speed_1300rpm__torque_1500Nm__temperature_25degC,train,data/original_dataset/Test_25deg/1300rpm/1300.0rpm1500.0Nm25.0deg.csv,48900,5968576,2026-06-23T17:44:51.714866+00:00,False,14954,14954,1,1,0,Fw_then_Bw,9496,2.374,1496,8000,False,False,-1303.9375839871354,49856039.92810466,1300.0400550663471,-1300.0088739984978,True,2,1,True,False,False,False,True,False
speed_1300rpm__torque_1500Nm__temperature_30degC,train,data/original_dataset/Test_30deg/1300rpm/1300.0rpm1500.0Nm30.0deg.csv,48899,5971106,2026-06-23T17:45:08.035323+00:00,False,14954,14954,1,1,0,Fw_then_Bw,9496,2.374,1495,8000,False,False,-1303.4317079970303,49858595.86291,1300.0541087336994,-1300.007254331528,True,2,1,True,False,False,False,True,False
speed_1300rpm__torque_1500Nm__temperature_35degC,train,data/original_dataset/Test_35deg/1300rpm/1300.0rpm1500.0Nm35.0deg.csv,48902,5969237,2026-06-23T17:45:25.671939+00:00,False,14954,14954,1,1,0,Fw_then_Bw,9496,2.374,1495,8003,False,False,-1303.7032259938617,30418403.32768866,1300.0368699334408,-1300.0256939946364,True,2,1,True,False,False,False,True,False
speed_1300rpm__torque_1600Nm__temperature_25degC,train,data/original_dataset/Test_25deg/1300rpm/1300.0rpm1600.0Nm25.0deg.csv,48901,5971173,2026-06-23T17:44:51.742700+00:00,False,14954,14954,1,1,0,Fw_then_Bw,9496,2.374,1495,8002,False,False,-1303.7502206667946,49856045.991126,1300.0295497331535,-1300.0053260087345,True,2,1,True,False,False,False,True,False
speed_1300rpm__torque_1600Nm__temperature_30degC,train,data/original_dataset/Test_30deg/1300rpm/1300.0rpm1600.0Nm30.0deg.csv,48901,5969344,2026-06-23T17:45:08.060946+00:00,False,14953,14954,1,1,0,Fw_then_Bw,9496,2.374,1496,8002,False,False,-1303.8586266726877,49858627.72531867,1300.037261127727,-1300.005521673787,True,2,1,True,False,False,False,True,False
speed_1300rpm__torque_1600Nm__temperature_35degC,train,data/original_dataset/Test_35deg/1300rpm/1300.0rpm1600.0Nm35.0deg.csv,48117,5874564,2026-06-23T17:45:25.697807+00:00,False,14953,14954,1,1,0,Fw_then_Bw,8711,2.17775,1496,8003,False,False,-1303.7189840106294,48838144.39980266,1300.0389933974172,-1299.9993746634573,True,2,1,True,False,False,False,True,False
speed_1300rpm__torque_1700Nm__temperature_25degC,train,data/original_dataset/Test_25deg/1300rpm/1300.0rpm1700.0Nm25.0deg.csv,48900,5970390,2026-06-23T17:44:51.768234+00:00,False,14954,14954,1,1,0,Fw_then_Bw,9496,2.374,1495,8001,False,False,-1303.995084007814,30415886.98144999,1300.0306114651416,-1300.0132050025663,True,2,1,True,False,False,False,True,False
speed_1300rpm__torque_1700Nm__temperature_30degC,train,data/original_dataset/Test_30deg/1300rpm/1300.0rpm1700.0Nm30.0deg.csv,48904,5970200,2026-06-23T17:45:08.087962+00:00,False,14954,14954,1,1,0,Fw_then_Bw,9499,2.37475,1496,8001,False,False,-1303.765699325595,49853446.422145344,1300.0337407017166,-1300.0198823380438,True,2,1,True,False,False,False,True,False
speed_1300rpm__torque_1700Nm__temperature_35degC,train,data/original_dataset/Test_35deg/1300rpm/1300.0rpm1700.0Nm35.0deg.csv,48904,5967532,2026-06-23T17:45:25.727361+00:00,False,14954,14954,1,1,0,Fw_then_Bw,9499,2.37475,1496,8001,False,False,-1303.9926253356193,30413237.76505866,1300.0283204310108,-1299.9972513401494,True,2,1,True,False,False,False,True,False
speed_1300rpm__torque_1800Nm__temperature_25degC,train,data/original_dataset/Test_25deg/1300rpm/1300.0rpm1800.0Nm25.0deg.csv,48901,5969087,2026-06-23T17:44:51.793158+00:00,False,14954,14953,1,1,0,Fw_then_Bw,9497,2.37425,1495,8002,False,False,-1304.2301126600553,30415899.173877995,1300.0211120039846,-1300.0077566636417,True,2,1,True,False,False,False,True,False
speed_1300rpm__torque_1800Nm__temperature_30degC,validation,data/original_dataset/Test_30deg/1300rpm/1300.0rpm1800.0Nm30.0deg.csv,48145,5879053,2026-06-23T17:45:08.110556+00:00,False,14954,14953,1,1,0,Fw_then_Bw,8740,2.185,1496,8002,False,False,-1304.1975346665517,68305673.42916466,1300.0386301306814,-1300.008147993746,True,2,1,True,False,False,False,True,False
speed_1300rpm__torque_1800Nm__temperature_35degC,train,data/original_dataset/Test_35deg/1300rpm/1300.0rpm1800.0Nm35.0deg.csv,48904,5970668,2026-06-23T17:45:25.754847+00:00,False,14954,14954,1,1,0,Fw_then_Bw,9498,2.3745,1496,8002,False,False,-1304.2438026653447,30411990.959420674,1300.0309467315674,-1300.0025039994703,True,2,1,True,False,False,False,True,False
speed_1400rpm__torque_0Nm__temperature_25degC,validation,data/original_dataset/Test_25deg/1400rpm/1400.0rpm0.0Nm25.0deg.csv,46553,5703403,2026-06-23T17:44:52.016145+00:00,False,13886,13886,1,1,0,Fw_then_Bw,9389,2.34725,1389,8003,False,False,-1402.4991540063638,29621268.676445335,1400.023475269942,-1400.0055656651966,True,2,1,True,False,False,False,True,False
speed_1400rpm__torque_0Nm__temperature_30degC,train,data/original_dataset/Test_30deg/1400rpm/1400.0rpm0.0Nm30.0deg.csv,46553,5704098,2026-06-23T17:45:08.339172+00:00,False,13885,13885,1,1,0,Fw_then_Bw,9391,2.34775,1389,8003,False,False,-1402.301620672612,29621258.942540675,1400.0154286623,-1399.9933006610568,True,2,1,True,False,False,False,True,False
speed_1400rpm__torque_0Nm__temperature_35degC,train,data/original_dataset/Test_35deg/1400rpm/1400.0rpm0.0Nm35.0deg.csv,46551,5702126,2026-06-23T17:45:26.093566+00:00,False,13885,13885,1,1,0,Fw_then_Bw,9391,2.34775,1389,8001,False,False,-1402.396001338881,29621246.108059336,1400.0157080687736,-1400.0065999959286,True,2,1,True,False,False,False,True,False
speed_1400rpm__torque_100Nm__temperature_25degC,train,data/original_dataset/Test_25deg/1400rpm/1400.0rpm100.0Nm25.0deg.csv,45285,5530327,2026-06-23T17:44:52.039667+00:00,False,13886,13886,1,1,0,Fw_then_Bw,8124,2.031,1388,8001,False,False,-1402.6278999905721,66724071.61870933,1400.004699831091,-1400.007661335015,True,2,1,True,False,False,False,True,False
speed_1400rpm__torque_100Nm__temperature_30degC,train,data/original_dataset/Test_30deg/1400rpm/1400.0rpm100.0Nm30.0deg.csv,46552,5680294,2026-06-23T17:45:08.362255+00:00,False,13886,13885,1,1,0,Fw_then_Bw,9392,2.348,1388,8001,False,False,-1402.2497086746928,49058885.730039336,1400.0094216316938,-1400.0115173209147,True,2,1,True,False,False,False,True,False
speed_1400rpm__torque_100Nm__temperature_35degC,train,data/original_dataset/Test_35deg/1400rpm/1400.0rpm100.0Nm35.0deg.csv,46349,5661371,2026-06-23T17:45:26.119596+00:00,False,13886,13885,1,1,0,Fw_then_Bw,9189,2.29725,1388,8001,False,False,-1402.201261332569,48774695.28598666,1400.007158498435,-1400.0052586585905,True,2,1,True,False,False,False,True,False
speed_1400rpm__torque_200Nm__temperature_25degC,validation,data/original_dataset/Test_25deg/1400rpm/1400.0rpm200.0Nm25.0deg.csv,46552,5684618,2026-06-23T17:44:52.272323+00:00,False,13886,13885,1,1,0,Fw_then_Bw,9392,2.348,1388,8001,False,False,-1403.0663859836445,49058864.07801865,1400.008052602061,-1400.0150373321958,True,2,1,True,False,False,False,True,False
speed_1400rpm__torque_200Nm__temperature_30degC,train,data/original_dataset/Test_30deg/1400rpm/1400.0rpm200.0Nm30.0deg.csv,46533,5686144,2026-06-23T17:45:08.603480+00:00,False,13886,13886,1,1,0,Fw_then_Bw,9372,2.343,1388,8001,False,False,-1402.2332246725757,68471265.022382,1400.0055938668083,-1400.011013999271,True,2,1,True,False,False,False,True,False
speed_1400rpm__torque_200Nm__temperature_35degC,train,data/original_dataset/Test_35deg/1400rpm/1400.0rpm200.0Nm35.0deg.csv,46551,5691736,2026-06-23T17:45:26.420713+00:00,False,13886,13885,1,1,0,Fw_then_Bw,9392,2.348,1388,8000,False,False,-1402.243393997196,29618471.72224934,1400.014702201588,-1400.0104553318426,True,2,1,True,False,False,False,True,False
speed_1400rpm__torque_300Nm__temperature_25degC,test,data/original_dataset/Test_25deg/1400rpm/1400.0rpm300.0Nm25.0deg.csv,46552,5696108,2026-06-23T17:44:52.294491+00:00,False,13886,13886,1,1,0,Fw_then_Bw,9392,2.348,1388,8000,False,False,-1402.7345179929398,49058887.479509994,1400.013109703044,-1400.0139759931094,True,2,1,True,False,False,False,True,False
speed_1400rpm__torque_300Nm__temperature_30degC,validation,data/original_dataset/Test_30deg/1400rpm/1400.0rpm300.0Nm30.0deg.csv,46555,5709084,2026-06-23T17:45:08.630354+00:00,False,13885,13886,1,1,0,Fw_then_Bw,9392,2.348,1389,8003,False,False,-1402.1181686548516,49058912.060503334,1400.0052027307297,-1400.0143389954853,True,2,1,True,False,False,False,True,False
speed_1400rpm__torque_300Nm__temperature_35degC,train,data/original_dataset/Test_35deg/1400rpm/1400.0rpm300.0Nm35.0deg.csv,46554,5712966,2026-06-23T17:45:26.447294+00:00,False,13885,13885,1,1,0,Fw_then_Bw,9392,2.348,1389,8003,False,False,-1402.0939733212192,29618497.528229322,1400.0065997339939,-1400.0206253452536,True,2,1,True,False,False,False,True,False
speed_1400rpm__torque_400Nm__temperature_25degC,train,data/original_dataset/Test_25deg/1400rpm/1400.0rpm400.0Nm25.0deg.csv,46552,5708213,2026-06-23T17:44:52.317620+00:00,False,13885,13886,1,1,0,Fw_then_Bw,9392,2.348,1389,8000,False,False,-4203.588310648533,49061722.422614664,1400.0097848669006,-1400.0255706584235,True,2,1,True,False,False,False,True,False
speed_1400rpm__torque_400Nm__temperature_30degC,train,data/original_dataset/Test_30deg/1400rpm/1400.0rpm400.0Nm30.0deg.csv,46555,5747279,2026-06-23T17:45:08.653466+00:00,False,13885,13886,1,1,0,Fw_then_Bw,9392,2.348,1389,8003,False,False,-1402.6040399912745,49058905.23159867,1400.0160992630601,-1400.0220783248856,True,2,1,True,False,False,False,True,False
speed_1400rpm__torque_400Nm__temperature_35degC,train,data/original_dataset/Test_35deg/1400rpm/1400.0rpm400.0Nm35.0deg.csv,46555,5743813,2026-06-23T17:45:26.480844+00:00,False,13885,13886,1,1,0,Fw_then_Bw,9392,2.348,1389,8003,False,False,-1402.5068653281778,49058894.85636733,1400.0188931919788,-1400.0097850027182,True,2,1,True,False,False,False,True,False
speed_1400rpm__torque_500Nm__temperature_25degC,train,data/original_dataset/Test_25deg/1400rpm/1400.0rpm500.0Nm25.0deg.csv,46553,5760368,2026-06-23T17:44:52.342159+00:00,False,13885,13886,1,1,0,Fw_then_Bw,9392,2.348,1389,8001,False,False,-1402.4489746661857,49058932.51094933,1400.0276662700344,-1400.0290633218053,True,2,1,True,False,False,False,True,False
speed_1400rpm__torque_500Nm__temperature_30degC,validation,data/original_dataset/Test_30deg/1400rpm/1400.0rpm500.0Nm30.0deg.csv,46552,5773036,2026-06-23T17:45:08.677999+00:00,False,13886,13886,1,1,0,Fw_then_Bw,9391,2.34775,1389,8000,False,False,-1402.696967338367,49058932.84672867,1400.0115450665664,-1400.0283646552512,True,2,1,True,False,False,False,True,False
speed_1400rpm__torque_500Nm__temperature_35degC,train,data/original_dataset/Test_35deg/1400rpm/1400.0rpm500.0Nm35.0deg.csv,46553,5773518,2026-06-23T17:45:26.509809+00:00,False,13886,13886,1,1,0,Fw_then_Bw,9391,2.34775,1389,8001,False,False,-1402.6292973430827,49058890.09377,1400.0129141034754,-1400.0119083405782,True,2,1,True,False,False,False,True,False
speed_1400rpm__torque_600Nm__temperature_25degC,test,data/original_dataset/Test_25deg/1400rpm/1400.0rpm600.0Nm25.0deg.csv,46553,5771895,2026-06-23T17:44:52.367166+00:00,False,13886,13886,1,1,0,Fw_then_Bw,9390,2.3475,1389,8002,False,False,-1402.5324586546049,49057570.323832676,1400.0183902656622,-1400.0304600049276,True,2,1,True,False,False,False,True,False
speed_1400rpm__torque_600Nm__temperature_30degC,train,data/original_dataset/Test_30deg/1400rpm/1400.0rpm600.0Nm30.0deg.csv,46550,5763229,2026-06-23T17:45:08.702079+00:00,False,13886,13886,1,1,0,Fw_then_Bw,9390,2.3475,1388,8000,False,False,-1402.7436266769655,49057539.084479325,1400.0188932016804,-1400.0206536632809,True,2,1,True,False,False,False,True,False
speed_1400rpm__torque_600Nm__temperature_35degC,train,data/original_dataset/Test_35deg/1400rpm/1400.0rpm600.0Nm35.0deg.csv,46551,5751089,2026-06-23T17:45:26.548413+00:00,False,13886,13886,1,1,0,Fw_then_Bw,9390,2.3475,1388,8001,False,False,-1403.075158673649,49057516.42881,1400.0108185961533,-1400.0294263338824,True,2,1,True,False,False,False,True,False
speed_1400rpm__torque_700Nm__temperature_25degC,train,data/original_dataset/Test_25deg/1400rpm/1400.0rpm700.0Nm25.0deg.csv,46553,5746560,2026-06-23T17:44:52.391080+00:00,False,13886,13886,1,1,0,Fw_then_Bw,9390,2.3475,1389,8002,False,False,-1402.6064426676992,49057546.25648267,1400.0099804325146,-1400.035713003793,True,2,1,True,False,False,False,True,False
speed_1400rpm__torque_700Nm__temperature_30degC,train,data/original_dataset/Test_30deg/1400rpm/1400.0rpm700.0Nm30.0deg.csv,46553,5720661,2026-06-23T17:45:08.728169+00:00,False,13886,13886,1,1,0,Fw_then_Bw,9390,2.3475,1388,8003,False,False,-1402.9373039957136,49057549.03485999,1400.0202901346104,-1400.0313540066904,True,2,1,True,False,False,False,True,False
speed_1400rpm__torque_700Nm__temperature_35degC,train,data/original_dataset/Test_35deg/1400rpm/1400.0rpm700.0Nm35.0deg.csv,46550,5707991,2026-06-23T17:45:26.575938+00:00,False,13886,13885,1,1,0,Fw_then_Bw,9391,2.34775,1388,8000,False,False,-1403.0362113456554,49057525.00751934,1400.0092539693774,-1400.0171606700555,True,2,1,True,False,False,False,True,False
speed_1400rpm__torque_800Nm__temperature_25degC,test,data/original_dataset/Test_25deg/1400rpm/1400.0rpm800.0Nm25.0deg.csv,46553,5707628,2026-06-23T17:44:52.412618+00:00,False,13886,13885,1,1,0,Fw_then_Bw,9391,2.34775,1388,8003,False,False,-1403.069235345659,49057575.89433335,1400.0238105630463,-1400.0364953341584,True,2,1,True,False,False,False,True,False
speed_1400rpm__torque_800Nm__temperature_30degC,train,data/original_dataset/Test_30deg/1400rpm/1400.0rpm800.0Nm30.0deg.csv,46550,5690009,2026-06-23T17:45:08.752074+00:00,False,13886,13885,1,1,0,Fw_then_Bw,9391,2.34775,1388,8000,False,False,-1402.8962886659428,49057575.649078675,1400.0248443335295,-1400.0252073359056,True,2,1,True,False,False,False,True,False
speed_1400rpm__torque_800Nm__temperature_35degC,train,data/original_dataset/Test_35deg/1400rpm/1400.0rpm800.0Nm35.0deg.csv,46553,5726501,2026-06-23T17:45:26.608560+00:00,False,13886,13885,1,1,0,Fw_then_Bw,9391,2.34775,1388,8003,False,False,-1402.8934393427335,49057554.637324,1400.0194519612705,-1400.0252640107647,True,2,1,True,False,False,False,True,False
speed_1400rpm__torque_900Nm__temperature_25degC,train,data/original_dataset/Test_25deg/1400rpm/1400.0rpm900.0Nm25.0deg.csv,46551,5680888,2026-06-23T17:44:52.436630+00:00,False,13886,13885,1,1,0,Fw_then_Bw,9391,2.34775,1388,8001,False,False,-1403.087116680884,49057600.027286,1400.0267721664084,-1400.0283926725388,True,2,1,True,False,False,False,True,False
speed_1400rpm__torque_900Nm__temperature_30degC,test,data/original_dataset/Test_30deg/1400rpm/1400.0rpm900.0Nm30.0deg.csv,45216,5519578,2026-06-23T17:45:08.776083+00:00,False,13886,13886,1,1,0,Fw_then_Bw,8053,2.01325,1388,8003,False,False,-1403.1888173194602,66624773.315694675,1400.0261016335571,-1400.0168256752659,True,2,1,True,False,False,False,True,False
speed_1400rpm__torque_900Nm__temperature_35degC,train,data/original_dataset/Test_35deg/1400rpm/1400.0rpm900.0Nm35.0deg.csv,46552,5680843,2026-06-23T17:45:26.638083+00:00,False,13886,13885,1,1,0,Fw_then_Bw,9391,2.34775,1388,8002,False,False,-1403.633281336321,29617164.756841335,1400.0301249325275,-1400.022077995042,True,2,1,True,False,False,False,True,False
speed_1400rpm__torque_1000Nm__temperature_25degC,train,data/original_dataset/Test_25deg/1400rpm/1400.0rpm1000.0Nm25.0deg.csv,46256,5647778,2026-06-23T17:44:52.063729+00:00,False,13886,13886,1,1,0,Fw_then_Bw,9093,2.27325,1388,8003,False,False,-1403.1814966583624,68080786.31183134,1400.0315219357922,-1400.0216873246245,True,2,1,True,False,False,False,True,False
speed_1400rpm__torque_1000Nm__temperature_30degC,train,data/original_dataset/Test_30deg/1400rpm/1400.0rpm1000.0Nm30.0deg.csv,46553,5685152,2026-06-23T17:45:08.387257+00:00,False,13885,13886,1,1,0,Fw_then_Bw,9391,2.34775,1389,8002,False,False,-1403.2635279969934,49057581.80161933,1400.0311866014574,-1400.0211843328239,True,2,1,True,False,False,False,True,False
speed_1400rpm__torque_1000Nm__temperature_35degC,train,data/original_dataset/Test_35deg/1400rpm/1400.0rpm1000.0Nm35.0deg.csv,46553,5682474,2026-06-23T17:45:26.174227+00:00,False,13885,13886,1,1,0,Fw_then_Bw,9391,2.34775,1389,8002,False,False,-1403.2003840159937,49057555.776034005,1400.0442065298557,-1400.0080526651193,True,2,1,True,False,False,False,True,False
speed_1400rpm__torque_1100Nm__temperature_25degC,train,data/original_dataset/Test_25deg/1400rpm/1400.0rpm1100.0Nm25.0deg.csv,46553,5683461,2026-06-23T17:44:52.089164+00:00,False,13886,13886,1,1,0,Fw_then_Bw,9391,2.34775,1388,8002,False,False,-1403.3800366645057,49057582.65864067,1400.0376686647844,-1400.0231119959303,True,2,1,True,False,False,False,True,False
speed_1400rpm__torque_1100Nm__temperature_30degC,train,data/original_dataset/Test_30deg/1400rpm/1400.0rpm1100.0Nm30.0deg.csv,46551,5682782,2026-06-23T17:45:08.410932+00:00,False,13885,13886,1,1,0,Fw_then_Bw,9391,2.34775,1389,8000,False,False,-1403.7908059932913,49057615.52145732,1400.0486768685128,-1400.0185580031637,True,2,1,True,False,False,False,True,False
speed_1400rpm__torque_1100Nm__temperature_35degC,validation,data/original_dataset/Test_35deg/1400rpm/1400.0rpm1100.0Nm35.0deg.csv,45724,5581737,2026-06-23T17:45:26.201684+00:00,False,13885,13886,1,1,0,Fw_then_Bw,8564,2.141,1389,8000,False,False,-1403.2831979954306,47899777.729511335,1400.0325836047218,-1400.0127743444561,True,2,1,True,False,False,False,True,False
speed_1400rpm__torque_1200Nm__temperature_25degC,train,data/original_dataset/Test_25deg/1400rpm/1400.0rpm1200.0Nm25.0deg.csv,46551,5683232,2026-06-23T17:44:52.110764+00:00,False,13885,13886,1,1,0,Fw_then_Bw,9391,2.34775,1389,8000,False,False,-1403.3284593218316,49057621.374763325,1400.0402949313866,-1400.015931673503,True,2,1,True,False,False,False,True,False
speed_1400rpm__torque_1200Nm__temperature_30degC,train,data/original_dataset/Test_30deg/1400rpm/1400.0rpm1200.0Nm30.0deg.csv,46554,5680352,2026-06-23T17:45:08.434992+00:00,False,13885,13886,1,1,0,Fw_then_Bw,9391,2.34775,1389,8003,False,False,-1403.374784005185,49057620.346248,1400.036774527204,-1400.017160999899,True,2,1,True,False,False,False,True,False
speed_1400rpm__torque_1200Nm__temperature_35degC,train,data/original_dataset/Test_35deg/1400rpm/1400.0rpm1200.0Nm35.0deg.csv,46360,5658054,2026-06-23T17:45:26.229072+00:00,False,13886,13886,1,1,0,Fw_then_Bw,9197,2.2992500000000002,1389,8002,False,False,-1403.6476986754374,48787403.797935344,1400.0446814946677,-1400.0029676729657,True,2,1,True,False,False,False,True,False
speed_1400rpm__torque_1300Nm__temperature_25degC,validation,data/original_dataset/Test_25deg/1400rpm/1400.0rpm1300.0Nm25.0deg.csv,46552,5683449,2026-06-23T17:44:52.131298+00:00,False,13886,13886,1,1,0,Fw_then_Bw,9390,2.3475,1389,8001,False,False,-1403.7133006689448,49057616.94582199,1400.0462740659714,-1400.0185580031637,True,2,1,True,False,False,False,True,False
speed_1400rpm__torque_1300Nm__temperature_30degC,train,data/original_dataset/Test_30deg/1400rpm/1400.0rpm1300.0Nm30.0deg.csv,46550,5682580,2026-06-23T17:45:08.457642+00:00,False,13886,13885,1,1,0,Fw_then_Bw,9390,2.3475,1389,8000,False,False,-1403.5554413373272,68496611.80710465,1400.0501297341543,-1400.0147019978613,True,2,1,True,False,False,False,True,False
speed_1400rpm__torque_1300Nm__temperature_35degC,train,data/original_dataset/Test_35deg/1400rpm/1400.0rpm1300.0Nm35.0deg.csv,46553,5685045,2026-06-23T17:45:26.256412+00:00,False,13886,13886,1,1,0,Fw_then_Bw,9389,2.34725,1389,8003,False,False,-1403.7844906561077,49056199.712622665,1400.043982997886,-1400.0154006644152,True,2,1,True,False,False,False,True,False
speed_1400rpm__torque_1400Nm__temperature_25degC,validation,data/original_dataset/Test_25deg/1400rpm/1400.0rpm1400.0Nm25.0deg.csv,46548,5682927,2026-06-23T17:44:52.153939+00:00,False,13885,13886,1,1,0,Fw_then_Bw,9388,2.347,1389,8000,False,False,-1404.0925540030003,29618668.131139334,1400.0385068017445,-1400.0034703446242,True,2,1,True,False,False,False,True,False
speed_1400rpm__torque_1400Nm__temperature_30degC,train,data/original_dataset/Test_30deg/1400rpm/1400.0rpm1400.0Nm30.0deg.csv,46551,5681886,2026-06-23T17:45:08.482173+00:00,False,13886,13886,1,1,0,Fw_then_Bw,9389,2.34725,1388,8002,False,False,-1403.7315173288032,49056237.68152667,1400.049403338926,-1400.0092819915153,True,2,1,True,False,False,False,True,False
speed_1400rpm__torque_1400Nm__temperature_35degC,validation,data/original_dataset/Test_35deg/1400rpm/1400.0rpm1400.0Nm35.0deg.csv,46259,5644812,2026-06-23T17:45:26.281953+00:00,False,13886,13885,1,1,0,Fw_then_Bw,9097,2.27425,1388,8003,False,False,-1404.1117766755633,48646021.88676534,1400.040294994445,-1400.0083320036842,True,2,1,True,False,False,False,True,False
speed_1400rpm__torque_1500Nm__temperature_25degC,validation,data/original_dataset/Test_25deg/1400rpm/1400.0rpm1500.0Nm25.0deg.csv,46549,5682036,2026-06-23T17:44:52.178951+00:00,False,13885,13885,1,1,0,Fw_then_Bw,9389,2.34725,1389,8001,False,False,-1403.9511233374164,29618659.34791,1400.0416919977094,-1399.9876566619303,True,2,1,True,False,False,False,True,False
speed_1400rpm__torque_1500Nm__temperature_30degC,train,data/original_dataset/Test_30deg/1400rpm/1400.0rpm1500.0Nm30.0deg.csv,46551,5680718,2026-06-23T17:45:08.504799+00:00,False,13886,13885,1,1,0,Fw_then_Bw,9390,2.3475,1388,8002,False,False,-1404.0013026678935,49056263.723596655,1400.062758465841,-1400.0038613254826,True,2,1,True,False,False,False,True,False
speed_1400rpm__torque_1500Nm__temperature_35degC,validation,data/original_dataset/Test_35deg/1400rpm/1400.0rpm1500.0Nm35.0deg.csv,46552,5685126,2026-06-23T17:45:26.306492+00:00,False,13886,13886,1,1,0,Fw_then_Bw,9390,2.3475,1388,8002,False,False,-1403.7133006689448,49056218.030546,1400.0385347947788,-1400.001402992833,True,2,1,True,False,False,False,True,False
speed_1400rpm__torque_1600Nm__temperature_25degC,train,data/original_dataset/Test_25deg/1400rpm/1400.0rpm1600.0Nm25.0deg.csv,46555,5682542,2026-06-23T17:44:52.203529+00:00,False,13886,13885,1,1,0,Fw_then_Bw,9392,2.348,1389,8003,False,False,-1404.06830200421,29613089.349736,1400.025235498712,-1400.0055940123275,True,2,1,True,False,False,False,True,False
speed_1400rpm__torque_1600Nm__temperature_30degC,train,data/original_dataset/Test_30deg/1400rpm/1400.0rpm1600.0Nm30.0deg.csv,46343,5656377,2026-06-23T17:45:08.527321+00:00,False,13886,13886,1,1,0,Fw_then_Bw,9180,2.295,1388,8003,False,False,-1403.987668668075,68202672.96329133,1400.043088933065,-1399.9959263407316,True,2,1,True,False,False,False,True,False
speed_1400rpm__torque_1600Nm__temperature_35degC,train,data/original_dataset/Test_35deg/1400rpm/1400.0rpm1600.0Nm35.0deg.csv,46255,5648435,2026-06-23T17:45:26.333508+00:00,False,13886,13886,1,1,0,Fw_then_Bw,9092,2.273,1388,8003,False,False,-1403.8974793317418,48639021.855332,1400.0361040331577,-1400.0053703299877,True,2,1,True,False,False,False,True,False
speed_1400rpm__torque_1700Nm__temperature_25degC,train,data/original_dataset/Test_25deg/1400rpm/1400.0rpm1700.0Nm25.0deg.csv,45589,5568657,2026-06-23T17:44:52.226062+00:00,False,13886,13886,1,1,0,Fw_then_Bw,8429,2.10725,1388,8000,False,False,-1404.2963460087776,47705289.35551666,1400.038227434076,-1399.9990836600773,True,2,1,True,False,False,False,True,False
speed_1400rpm__torque_1700Nm__temperature_30degC,train,data/original_dataset/Test_30deg/1400rpm/1400.0rpm1700.0Nm30.0deg.csv,46550,5684151,2026-06-23T17:45:08.551905+00:00,False,13886,13886,1,1,0,Fw_then_Bw,9390,2.3475,1388,8000,False,False,-1404.192522012939,49056275.20104866,1400.0427536666393,-1400.001737997324,True,2,1,True,False,False,False,True,False
speed_1400rpm__torque_1700Nm__temperature_35degC,validation,data/original_dataset/Test_35deg/1400rpm/1400.0rpm1700.0Nm35.0deg.csv,46550,5678008,2026-06-23T17:45:26.362727+00:00,False,13885,13886,1,1,0,Fw_then_Bw,9390,2.3475,1389,8000,False,False,-1404.3612779933028,49056238.00288932,1400.037892133696,-1399.9994470019979,True,2,1,True,False,False,False,True,False
speed_1400rpm__torque_1800Nm__temperature_25degC,train,data/original_dataset/Test_25deg/1400rpm/1400.0rpm1800.0Nm25.0deg.csv,45965,5611187,2026-06-23T17:44:52.249685+00:00,False,13886,13886,1,1,0,Fw_then_Bw,8802,2.2005,1388,8003,False,False,-1404.3998346702817,48227502.103652656,1400.0315778005945,-1399.9943060043734,True,2,1,True,False,False,False,True,False
speed_1400rpm__torque_1800Nm__temperature_30degC,train,data/original_dataset/Test_30deg/1400rpm/1400.0rpm1800.0Nm30.0deg.csv,46551,5684098,2026-06-23T17:45:08.576966+00:00,False,13885,13886,1,1,0,Fw_then_Bw,9390,2.3475,1389,8001,False,False,-1404.1240699977304,49056277.761217326,1400.044150669904,-1399.9901153341248,True,2,1,True,False,False,False,True,False
speed_1400rpm__torque_1800Nm__temperature_35degC,validation,data/original_dataset/Test_35deg/1400rpm/1400.0rpm1800.0Nm35.0deg.csv,46552,5682842,2026-06-23T17:45:26.392713+00:00,False,13885,13886,1,1,0,Fw_then_Bw,9390,2.3475,1389,8002,False,False,-1404.7881399941011,49056242.28447666,1400.0388980008815,-1399.974022002425,True,2,1,True,False,False,False,True,False
speed_1500rpm__torque_0Nm__temperature_25degC,validation,data/original_dataset/Test_25deg/1500rpm/1500.0rpm0.0Nm25.0deg.csv,44512,5451882,2026-06-23T17:44:52.457154+00:00,False,12960,12960,1,1,0,Fw_then_Bw,9296,2.324,1296,8000,False,False,-1502.6874280010816,28823215.918690003,1500.012986366831,-1499.9958313419484,True,2,1,True,False,False,False,True,False
speed_1500rpm__torque_0Nm__temperature_30degC,train,data/original_dataset/Test_30deg/1500rpm/1500.0rpm0.0Nm30.0deg.csv,44513,5449750,2026-06-23T17:45:08.800162+00:00,False,12960,12960,1,1,0,Fw_then_Bw,9296,2.324,1296,8001,False,False,-1502.9683893274828,28823209.16874333,1500.0038779980969,-1499.992311000824,True,2,1,True,False,False,False,True,False
speed_1500rpm__torque_0Nm__temperature_35degC,train,data/original_dataset/Test_35deg/1500rpm/1500.0rpm0.0Nm35.0deg.csv,44514,5449834,2026-06-23T17:45:26.663120+00:00,False,12960,12960,1,1,0,Fw_then_Bw,9296,2.324,1296,8002,False,False,-1503.027007333003,28823153.557945333,1500.0035147992699,-1499.9944343289826,True,2,1,True,False,False,False,True,False
speed_1500rpm__torque_100Nm__temperature_25degC,train,data/original_dataset/Test_25deg/1500rpm/1500.0rpm100.0Nm25.0deg.csv,44516,5434431,2026-06-23T17:44:52.479006+00:00,False,12960,12960,1,1,0,Fw_then_Bw,9299,2.32475,1296,8001,False,False,-1502.6330573309679,28821672.356631335,1499.9970607362534,-1500.006364668176,True,2,1,True,False,False,False,True,False
speed_1500rpm__torque_100Nm__temperature_30degC,validation,data/original_dataset/Test_30deg/1500rpm/1500.0rpm100.0Nm30.0deg.csv,44514,5436997,2026-06-23T17:45:08.822752+00:00,False,12960,12960,1,1,0,Fw_then_Bw,9297,2.32425,1296,8001,False,False,-1502.7316286577843,67701659.91688134,1500.0037103988384,-1499.9902156608491,True,2,1,True,False,False,False,True,False
speed_1500rpm__torque_100Nm__temperature_35degC,train,data/original_dataset/Test_35deg/1500rpm/1500.0rpm100.0Nm35.0deg.csv,44515,5434619,2026-06-23T17:45:26.688248+00:00,False,12960,12960,1,1,0,Fw_then_Bw,9297,2.32425,1296,8002,False,False,-1503.0403066775762,48261651.14734334,1499.9965578366148,-1499.990020005498,True,2,1,True,False,False,False,True,False
speed_1500rpm__torque_200Nm__temperature_25degC,train,data/original_dataset/Test_25deg/1500rpm/1500.0rpm200.0Nm25.0deg.csv,44516,5434477,2026-06-23T17:44:52.694493+00:00,False,12960,12960,1,1,0,Fw_then_Bw,9298,2.3245,1296,8002,False,False,-1502.7488393243402,48261684.921608,1500.0038780344767,-1499.9942106660455,True,2,1,True,False,False,False,True,False
speed_1500rpm__torque_200Nm__temperature_30degC,test,data/original_dataset/Test_30deg/1500rpm/1500.0rpm200.0Nm30.0deg.csv,44497,5434524,2026-06-23T17:45:09.051474+00:00,False,12960,12960,1,1,0,Fw_then_Bw,9281,2.32025,1296,8000,False,False,-1502.4159100139514,67677689.65384002,1499.999519435126,-1499.9886226723902,True,2,1,True,False,False,False,True,False
speed_1500rpm__torque_200Nm__temperature_35degC,train,data/original_dataset/Test_35deg/1500rpm/1500.0rpm200.0Nm35.0deg.csv,44516,5440620,2026-06-23T17:45:26.918045+00:00,False,12960,12960,1,1,0,Fw_then_Bw,9297,2.32425,1296,8003,False,False,-1502.847354665088,48261696.20085467,1500.0017825659597,-1499.9882876776005,True,2,1,True,False,False,False,True,False
speed_1500rpm__torque_300Nm__temperature_25degC,test,data/original_dataset/Test_25deg/1500rpm/1500.0rpm300.0Nm25.0deg.csv,44516,5437910,2026-06-23T17:44:52.717561+00:00,False,12960,12960,1,1,0,Fw_then_Bw,9297,2.32425,1296,8003,False,False,-1502.847410660858,48260209.24447066,1500.005107402103,-1500.011756666936,True,2,1,True,False,False,False,True,False
speed_1500rpm__torque_300Nm__temperature_30degC,validation,data/original_dataset/Test_30deg/1500rpm/1500.0rpm300.0Nm30.0deg.csv,44516,5453696,2026-06-23T17:45:09.073017+00:00,False,12960,12960,1,1,0,Fw_then_Bw,9297,2.32425,1296,8003,False,False,-1502.8656273304175,67701702.48035334,1499.9965019669617,-1499.9861640001957,True,2,1,True,False,False,False,True,False
speed_1500rpm__torque_300Nm__temperature_35degC,validation,data/original_dataset/Test_35deg/1500rpm/1500.0rpm300.0Nm35.0deg.csv,44516,5469825,2026-06-23T17:45:26.942210+00:00,False,12960,12960,1,1,0,Fw_then_Bw,9297,2.32425,1296,8003,False,False,-1502.8295293256328,48261686.81776135,1500.001251666011,-1499.9907183325074,True,2,1,True,False,False,False,True,False
speed_1500rpm__torque_400Nm__temperature_25degC,train,data/original_dataset/Test_25deg/1500rpm/1500.0rpm400.0Nm25.0deg.csv,44165,5410565,2026-06-23T17:44:52.739696+00:00,False,12960,12960,1,1,0,Fw_then_Bw,8948,2.237,1296,8001,False,False,-1503.103505994659,47736726.51892467,1500.0131819324451,-1499.998625329075,True,2,1,True,False,False,False,True,False
speed_1500rpm__torque_400Nm__temperature_30degC,train,data/original_dataset/Test_30deg/1500rpm/1500.0rpm400.0Nm30.0deg.csv,44515,5492837,2026-06-23T17:45:09.100097+00:00,False,12960,12960,1,1,0,Fw_then_Bw,9297,2.32425,1296,8002,False,False,-1502.7445926486205,67701731.39093468,1500.0038780320513,-1500.00440866764,True,2,1,True,False,False,False,True,False
speed_1500rpm__torque_400Nm__temperature_35degC,train,data/original_dataset/Test_35deg/1500rpm/1500.0rpm400.0Nm35.0deg.csv,44517,5507764,2026-06-23T17:45:26.966276+00:00,False,12960,12960,1,1,0,Fw_then_Bw,9298,2.3245,1296,8003,False,False,-1502.8123186590772,48261718.87261799,1500.0093262666874,-1499.992814012027,True,2,1,True,False,False,False,True,False
speed_1500rpm__torque_500Nm__temperature_25degC,validation,data/original_dataset/Test_25deg/1500rpm/1500.0rpm500.0Nm25.0deg.csv,44515,5490037,2026-06-23T17:44:52.763325+00:00,False,12960,12960,1,1,0,Fw_then_Bw,9297,2.32425,1296,8002,False,False,-1502.653062673441,48260227.66482133,1500.0230446360852,-1500.0015873326142,True,2,1,True,False,False,False,True,False
speed_1500rpm__torque_500Nm__temperature_30degC,validation,data/original_dataset/Test_30deg/1500rpm/1500.0rpm500.0Nm30.0deg.csv,44514,5516638,2026-06-23T17:45:09.123173+00:00,False,12959,12960,1,1,0,Fw_then_Bw,9298,2.3245,1296,8001,False,False,-1503.1441306734148,67701719.80932333,1499.9973960026787,-1499.9898520084876,True,2,1,True,False,False,False,True,False
speed_1500rpm__torque_500Nm__temperature_35degC,train,data/original_dataset/Test_35deg/1500rpm/1500.0rpm500.0Nm35.0deg.csv,44514,5521780,2026-06-23T17:45:26.991801+00:00,False,12960,12960,1,1,0,Fw_then_Bw,9297,2.32425,1296,8001,False,False,-1503.1175319842682,48261726.392246656,1500.007230764216,-1499.9876166693866,True,2,1,True,False,False,False,True,False
speed_1500rpm__torque_600Nm__temperature_25degC,train,data/original_dataset/Test_25deg/1500rpm/1500.0rpm600.0Nm25.0deg.csv,44515,5509160,2026-06-23T17:44:52.787383+00:00,False,12960,12960,1,1,0,Fw_then_Bw,9297,2.32425,1296,8002,False,False,-1503.0995946726762,48260227.686222,1500.0165347009897,-1500.0077336735558,True,2,1,True,False,False,False,True,False
speed_1500rpm__torque_600Nm__temperature_30degC,train,data/original_dataset/Test_30deg/1500rpm/1500.0rpm600.0Nm30.0deg.csv,44516,5514748,2026-06-23T17:45:09.146609+00:00,False,12960,12960,1,1,0,Fw_then_Bw,9297,2.32425,1296,8003,False,False,-1503.2525360002182,67701718.72850533,1500.000217934333,-1500.0068956675627,True,2,1,True,False,False,False,True,False
speed_1500rpm__torque_600Nm__temperature_35degC,train,data/original_dataset/Test_35deg/1500rpm/1500.0rpm600.0Nm35.0deg.csv,44513,5509782,2026-06-23T17:45:27.015873+00:00,False,12960,12960,1,1,0,Fw_then_Bw,9296,2.324,1296,8001,False,False,-1503.3659146671805,48260240.71460535,1499.9970607362534,-1499.9907463400937,True,2,1,True,False,False,False,True,False
speed_1500rpm__torque_700Nm__temperature_25degC,train,data/original_dataset/Test_25deg/1500rpm/1500.0rpm700.0Nm25.0deg.csv,44516,5518453,2026-06-23T17:44:52.810042+00:00,False,12960,12960,1,1,0,Fw_then_Bw,9297,2.32425,1296,8003,False,False,-1503.2522566616535,48260248.360913344,1500.009298334286,-1500.011952671533,True,2,1,True,False,False,False,True,False
speed_1500rpm__torque_700Nm__temperature_30degC,train,data/original_dataset/Test_30deg/1500rpm/1500.0rpm700.0Nm30.0deg.csv,44512,5479666,2026-06-23T17:45:09.169146+00:00,False,12960,12960,1,1,0,Fw_then_Bw,9296,2.324,1296,8000,False,False,-1503.1069699907675,67700250.301212,1499.9859966361935,-1500.0019499954456,True,2,1,True,False,False,False,True,False
speed_1500rpm__torque_700Nm__temperature_35degC,train,data/original_dataset/Test_35deg/1500rpm/1500.0rpm700.0Nm35.0deg.csv,44515,5466986,2026-06-23T17:45:27.038917+00:00,False,12960,12960,1,1,0,Fw_then_Bw,9296,2.324,1296,8003,False,False,-1503.1971039910181,48260260.484553985,1499.9918080623804,-1499.987058331802,True,2,1,True,False,False,False,True,False
speed_1500rpm__torque_800Nm__temperature_25degC,train,data/original_dataset/Test_25deg/1500rpm/1500.0rpm800.0Nm25.0deg.csv,44516,5480545,2026-06-23T17:44:52.833066+00:00,False,12960,12960,1,1,0,Fw_then_Bw,9297,2.32425,1296,8003,False,False,-1503.3139473331782,48260253.62340734,1500.0066999346018,-1500.0109186706445,True,2,1,True,False,False,False,True,False
speed_1500rpm__torque_800Nm__temperature_30degC,test,data/original_dataset/Test_30deg/1500rpm/1500.0rpm800.0Nm30.0deg.csv,44512,5444802,2026-06-23T17:45:09.192205+00:00,False,12960,12960,1,1,0,Fw_then_Bw,9296,2.324,1296,8000,False,False,-1503.1743613265764,67700261.20265934,1499.9809116028096,-1500.0026766598844,True,2,1,True,False,False,False,True,False
speed_1500rpm__torque_800Nm__temperature_35degC,train,data/original_dataset/Test_35deg/1500rpm/1500.0rpm800.0Nm35.0deg.csv,44512,5437890,2026-06-23T17:45:27.063982+00:00,False,12960,12960,1,1,0,Fw_then_Bw,9296,2.324,1296,8000,False,False,-1503.2487366503726,48260248.64260133,1499.9763574354197,-1499.9951329955366,True,2,1,True,False,False,False,True,False
speed_1500rpm__torque_900Nm__temperature_25degC,train,data/original_dataset/Test_25deg/1500rpm/1500.0rpm900.0Nm25.0deg.csv,44518,5455185,2026-06-23T17:44:52.854142+00:00,False,12960,12960,1,1,0,Fw_then_Bw,9299,2.32475,1296,8003,False,False,-1503.2992513345864,48255778.53558601,1500.0053029701426,-1500.008096675932,True,2,1,True,False,False,False,True,False
speed_1500rpm__torque_900Nm__temperature_30degC,validation,data/original_dataset/Test_30deg/1500rpm/1500.0rpm900.0Nm30.0deg.csv,43524,5315338,2026-06-23T17:45:09.216741+00:00,False,12960,12960,1,1,0,Fw_then_Bw,8307,2.07675,1296,8001,False,False,-1503.5170686702863,66216779.45343799,1499.9900199327385,-1500.000022332339,True,2,1,True,False,False,False,True,False
speed_1500rpm__torque_900Nm__temperature_35degC,validation,data/original_dataset/Test_35deg/1500rpm/1500.0rpm900.0Nm35.0deg.csv,44514,5438574,2026-06-23T17:45:27.085380+00:00,False,12960,12960,1,1,0,Fw_then_Bw,9296,2.324,1296,8002,False,False,-1503.3508279981713,126020284.17723267,1499.9919757004438,-1499.9882873380557,True,2,1,True,False,False,False,True,False
speed_1500rpm__torque_1000Nm__temperature_25degC,train,data/original_dataset/Test_25deg/1500rpm/1500.0rpm1000.0Nm25.0deg.csv,44518,5442886,2026-06-23T17:44:52.500124+00:00,False,12960,12960,1,1,0,Fw_then_Bw,9299,2.32475,1296,8003,False,False,-1503.5013113326083,48255784.197281994,1499.999854733081,-1500.0019783425764,True,2,1,True,False,False,False,True,False
speed_1500rpm__torque_1000Nm__temperature_30degC,validation,data/original_dataset/Test_30deg/1500rpm/1500.0rpm1000.0Nm30.0deg.csv,44512,5437127,2026-06-23T17:45:08.845513+00:00,False,12960,12960,1,1,0,Fw_then_Bw,9296,2.324,1296,8000,False,False,-1503.407992015127,67700291.12923867,1499.9826717976248,-1500.0075940042734,True,2,1,True,False,False,False,True,False
speed_1500rpm__torque_1000Nm__temperature_35degC,train,data/original_dataset/Test_35deg/1500rpm/1500.0rpm1000.0Nm35.0deg.csv,44512,5434649,2026-06-23T17:45:26.709914+00:00,False,12960,12960,1,1,0,Fw_then_Bw,9296,2.324,1296,8000,False,False,-1503.4725333486374,126020304.57928734,1499.9798499338794,-1499.9828673317097,True,2,1,True,False,False,False,True,False
speed_1500rpm__torque_1100Nm__temperature_25degC,validation,data/original_dataset/Test_25deg/1500rpm/1500.0rpm1100.0Nm25.0deg.csv,44518,5437992,2026-06-23T17:44:52.521678+00:00,False,12960,12960,1,1,0,Fw_then_Bw,9299,2.32475,1296,8003,False,False,-1503.2539326736394,28815797.950419996,1500.015640631318,-1500.0130143307615,True,2,1,True,False,False,False,True,False
speed_1500rpm__torque_1100Nm__temperature_30degC,train,data/original_dataset/Test_30deg/1500rpm/1500.0rpm1100.0Nm30.0deg.csv,44372,5415743,2026-06-23T17:45:08.868550+00:00,False,12960,12960,1,1,0,Fw_then_Bw,9153,2.28825,1296,8003,False,False,-1504.1461026800487,67484294.81154333,1499.9830350328316,-1499.992869658551,True,2,1,True,False,False,False,True,False
speed_1500rpm__torque_1100Nm__temperature_35degC,validation,data/original_dataset/Test_35deg/1500rpm/1500.0rpm1100.0Nm35.0deg.csv,44513,5437467,2026-06-23T17:45:26.735456+00:00,False,12960,12960,1,1,0,Fw_then_Bw,9297,2.32425,1296,8000,False,False,-1503.7879166775383,126020314.97446863,1499.996334333749,-1499.9931773442465,True,2,1,True,False,False,False,True,False
speed_1500rpm__torque_1200Nm__temperature_25degC,train,data/original_dataset/Test_25deg/1500rpm/1500.0rpm1200.0Nm25.0deg.csv,43855,5353175,2026-06-23T17:44:52.542286+00:00,False,12960,12960,1,1,0,Fw_then_Bw,8639,2.15975,1296,8000,False,False,-1503.3469159970991,47265813.47202866,1500.0005811307346,-1500.0161716598086,True,2,1,True,False,False,False,True,False
speed_1500rpm__torque_1200Nm__temperature_30degC,validation,data/original_dataset/Test_30deg/1500rpm/1500.0rpm1200.0Nm30.0deg.csv,44513,5435087,2026-06-23T17:45:08.890587+00:00,False,12960,12960,1,1,0,Fw_then_Bw,9297,2.32425,1296,8000,False,False,-1503.7907106646646,67700318.48263,1499.9951049685478,-1499.996893001177,True,2,1,True,False,False,False,True,False
speed_1500rpm__torque_1200Nm__temperature_35degC,train,data/original_dataset/Test_35deg/1500rpm/1500.0rpm1200.0Nm35.0deg.csv,44516,5439193,2026-06-23T17:45:26.757385+00:00,False,12960,12960,1,1,0,Fw_then_Bw,9300,2.325,1296,8000,False,False,-1504.0513873488333,106574328.55987935,1499.993037430007,-1499.9933729995973,True,2,1,True,False,False,False,True,False
speed_1500rpm__torque_1300Nm__temperature_25degC,validation,data/original_dataset/Test_25deg/1500rpm/1500.0rpm1300.0Nm25.0deg.csv,44518,5435046,2026-06-23T17:44:52.564823+00:00,False,12960,12959,1,1,0,Fw_then_Bw,9300,2.325,1296,8003,False,False,-1503.8401633307026,48255841.84940867,1500.0115893999464,-1500.0086280051619,True,2,1,True,False,False,False,True,False
speed_1500rpm__torque_1300Nm__temperature_30degC,train,data/original_dataset/Test_30deg/1500rpm/1500.0rpm1300.0Nm30.0deg.csv,44515,5433800,2026-06-23T17:45:08.913239+00:00,False,12959,12960,1,1,0,Fw_then_Bw,9297,2.32425,1297,8002,False,False,-1503.7640560185537,67700353.10061668,1499.9854937341297,-1500.0000223420407,True,2,1,True,False,False,False,True,False
speed_1500rpm__torque_1300Nm__temperature_35degC,train,data/original_dataset/Test_35deg/1500rpm/1500.0rpm1300.0Nm35.0deg.csv,44135,5386225,2026-06-23T17:45:26.780445+00:00,False,12960,12960,1,1,0,Fw_then_Bw,8919,2.22975,1296,8000,False,False,-1503.7356133107096,125442845.42553136,1499.9942667976334,-1499.9849629821256,True,2,1,True,False,False,False,True,False
speed_1500rpm__torque_1400Nm__temperature_25degC,validation,data/original_dataset/Test_25deg/1500rpm/1500.0rpm1400.0Nm25.0deg.csv,44515,5433922,2026-06-23T17:44:52.585599+00:00,False,12960,12960,1,1,0,Fw_then_Bw,9299,2.32475,1296,8000,False,False,-1503.6731959941487,48255854.486358,1500.0065322674345,-1499.9978990041807,True,2,1,True,False,False,False,True,False
speed_1500rpm__torque_1400Nm__temperature_30degC,validation,data/original_dataset/Test_30deg/1500rpm/1500.0rpm1400.0Nm30.0deg.csv,44517,5435202,2026-06-23T17:45:08.936815+00:00,False,12960,12960,1,1,0,Fw_then_Bw,9300,2.325,1296,8001,False,False,-1503.8071946667817,67694326.09403534,1500.0121481959166,-1499.9863880026774,True,2,1,True,False,False,False,True,False
speed_1500rpm__torque_1400Nm__temperature_35degC,test,data/original_dataset/Test_35deg/1500rpm/1500.0rpm1400.0Nm35.0deg.csv,44515,5434954,2026-06-23T17:45:26.802330+00:00,False,12960,12960,1,1,0,Fw_then_Bw,9299,2.32475,1296,8000,False,False,-1503.8581006616976,126012828.46178868,1500.0068954977905,-1499.984571671424,True,2,1,True,False,False,False,True,False
speed_1500rpm__torque_1500Nm__temperature_25degC,train,data/original_dataset/Test_25deg/1500rpm/1500.0rpm1500.0Nm25.0deg.csv,44516,5434254,2026-06-23T17:44:52.608224+00:00,False,12960,12960,1,1,0,Fw_then_Bw,9298,2.3245,1296,8002,False,False,-1504.0818420044766,48254360.32678934,1500.0035427656258,-1500.0047719998595,True,2,1,True,False,False,False,True,False
speed_1500rpm__torque_1500Nm__temperature_30degC,train,data/original_dataset/Test_30deg/1500rpm/1500.0rpm1500.0Nm30.0deg.csv,44517,5435259,2026-06-23T17:45:08.961354+00:00,False,12960,12960,1,1,0,Fw_then_Bw,9299,2.32475,1296,8002,False,False,-1504.0615580122299,67692877.33454268,1499.9932051020246,-1499.9846000088535,True,2,1,True,False,False,False,True,False
speed_1500rpm__torque_1500Nm__temperature_35degC,train,data/original_dataset/Test_35deg/1500rpm/1500.0rpm1500.0Nm35.0deg.csv,44518,5437607,2026-06-23T17:45:26.826276+00:00,False,12960,12960,1,1,0,Fw_then_Bw,9299,2.32475,1296,8003,False,False,-1504.303235327825,126012851.63523667,1500.0005531983334,-1499.9858289957047,True,2,1,True,False,False,False,True,False
speed_1500rpm__torque_1600Nm__temperature_25degC,validation,data/original_dataset/Test_25deg/1500rpm/1500.0rpm1600.0Nm25.0deg.csv,44517,5435255,2026-06-23T17:44:52.629781+00:00,False,12960,12960,1,1,0,Fw_then_Bw,9298,2.3245,1296,8003,False,False,-1504.797544000515,48254378.22265534,1500.0093262666876,-1499.9880923326905,True,2,1,True,False,False,False,True,False
speed_1500rpm__torque_1600Nm__temperature_30degC,validation,data/original_dataset/Test_30deg/1500rpm/1500.0rpm1600.0Nm30.0deg.csv,44516,5436292,2026-06-23T17:45:08.982887+00:00,False,12960,12960,1,1,0,Fw_then_Bw,9299,2.32475,1296,8001,False,False,-1504.007521997361,67692866.01003268,1499.9977592621387,-1499.9812470050529,True,2,1,True,False,False,False,True,False
speed_1500rpm__torque_1600Nm__temperature_35degC,train,data/original_dataset/Test_35deg/1500rpm/1500.0rpm1600.0Nm35.0deg.csv,44515,5433285,2026-06-23T17:45:26.848488+00:00,False,12960,12960,1,1,0,Fw_then_Bw,9299,2.32475,1296,8000,False,False,-1504.4484660029411,126012872.38463734,1499.9995194327007,-1499.978621005236,True,2,1,True,False,False,False,True,False
speed_1500rpm__torque_1700Nm__temperature_25degC,validation,data/original_dataset/Test_25deg/1500rpm/1500.0rpm1700.0Nm25.0deg.csv,44516,5435305,2026-06-23T17:44:52.652380+00:00,False,12960,12960,1,1,0,Fw_then_Bw,9298,2.3245,1296,8002,False,False,-1504.008919330469,48254399.26290867,1500.0075660645962,-1499.9865276719597,True,2,1,True,False,False,False,True,False
speed_1500rpm__torque_1700Nm__temperature_30degC,validation,data/original_dataset/Test_30deg/1500rpm/1500.0rpm1700.0Nm30.0deg.csv,44515,5432743,2026-06-23T17:45:09.005958+00:00,False,12960,12960,1,1,0,Fw_then_Bw,9299,2.32475,1296,8000,False,False,-1504.318378652291,67692885.935716,1500.0072307981704,-1499.9861643300392,True,2,1,True,False,False,False,True,False
speed_1500rpm__torque_1700Nm__temperature_35degC,train,data/original_dataset/Test_35deg/1500rpm/1500.0rpm1700.0Nm35.0deg.csv,44518,5429457,2026-06-23T17:45:26.873008+00:00,False,12960,12960,1,1,0,Fw_then_Bw,9299,2.32475,1296,8003,False,False,-1503.9440426432216,126012887.05268869,1500.0026765992516,-1499.9851579971921,True,2,1,True,False,False,False,True,False
speed_1500rpm__torque_1800Nm__temperature_25degC,train,data/original_dataset/Test_25deg/1500rpm/1500.0rpm1800.0Nm25.0deg.csv,44516,5433468,2026-06-23T17:44:52.672847+00:00,False,12960,12960,1,1,0,Fw_then_Bw,9298,2.3245,1296,8002,False,False,-1503.918059344869,48254403.693973996,1500.0096894679398,-1500.003374996595,True,2,1,True,False,False,False,True,False
speed_1500rpm__torque_1800Nm__temperature_30degC,validation,data/original_dataset/Test_30deg/1500rpm/1500.0rpm1800.0Nm30.0deg.csv,44516,5435010,2026-06-23T17:45:09.028485+00:00,False,12960,12960,1,1,0,Fw_then_Bw,9299,2.32475,1296,8001,False,False,-1504.6603600106512,67692891.73007,1500.0072307981704,-1499.9801853264216,True,2,1,True,False,False,False,True,False
speed_1500rpm__torque_1800Nm__temperature_35degC,validation,data/original_dataset/Test_35deg/1500rpm/1500.0rpm1800.0Nm35.0deg.csv,44519,5436976,2026-06-23T17:45:26.895353+00:00,False,12960,12960,1,1,0,Fw_then_Bw,9300,2.325,1296,8003,False,False,-1504.1008406551555,48252896.57402799,1500.01002473194,-1499.99532867029,True,2,1,True,False,False,False,True,False
speed_1600rpm__torque_0Nm__temperature_25degC,test,data/original_dataset/Test_25deg/1600rpm/1600.0rpm0.0Nm25.0deg.csv,42734,5246215,2026-06-23T17:44:52.878184+00:00,False,12150,12150,1,1,0,Fw_then_Bw,9216,2.3040000000000003,1215,8003,False,False,-1602.8971040019921,28020542.326513328,1599.9973006692016,-1599.9985300004482,True,2,1,True,False,False,False,True,False
speed_1600rpm__torque_0Nm__temperature_30degC,test,data/original_dataset/Test_30deg/1600rpm/1600.0rpm0.0Nm30.0deg.csv,42732,5246686,2026-06-23T17:45:09.241273+00:00,False,12150,12150,1,1,0,Fw_then_Bw,9217,2.30425,1214,8001,False,False,-1602.9248199968908,28020530.947632678,1599.9917130005392,-1600.0102646648884,True,2,1,True,False,False,False,True,False
speed_1600rpm__torque_0Nm__temperature_35degC,train,data/original_dataset/Test_35deg/1600rpm/1600.0rpm0.0Nm35.0deg.csv,42734,5248221,2026-06-23T17:45:27.107738+00:00,False,12150,12150,1,1,0,Fw_then_Bw,9217,2.30425,1215,8002,False,False,-1603.1423019982565,28020516.888890006,1599.9939763278235,-1600.0071356635697,True,2,1,True,False,False,False,True,False
speed_1600rpm__torque_100Nm__temperature_25degC,train,data/original_dataset/Test_25deg/1600rpm/1600.0rpm100.0Nm25.0deg.csv,42733,5229793,2026-06-23T17:44:52.898098+00:00,False,12150,12150,1,1,0,Fw_then_Bw,9216,2.3040000000000003,1215,8002,False,False,-1603.2026520115323,47460554.56347732,1599.992215638243,-1600.0141203403473,True,2,1,True,False,False,False,True,False
speed_1600rpm__torque_100Nm__temperature_30degC,train,data/original_dataset/Test_30deg/1600rpm/1600.0rpm100.0Nm30.0deg.csv,42734,5229240,2026-06-23T17:45:09.262373+00:00,False,12150,12150,1,1,0,Fw_then_Bw,9217,2.30425,1215,8002,False,False,-1603.0198706818435,66900541.59611468,1599.992020065353,-1600.0026093388442,True,2,1,True,False,False,False,True,False
speed_1600rpm__torque_100Nm__temperature_35degC,train,data/original_dataset/Test_35deg/1600rpm/1600.0rpm100.0Nm35.0deg.csv,42732,5228681,2026-06-23T17:45:27.129265+00:00,False,12150,12150,1,1,0,Fw_then_Bw,9217,2.30425,1215,8000,False,False,-1603.1110659823753,47460533.37168001,1599.9902595989017,-1600.0085046689492,True,2,1,True,False,False,False,True,False
speed_1600rpm__torque_200Nm__temperature_25degC,train,data/original_dataset/Test_25deg/1600rpm/1600.0rpm200.0Nm25.0deg.csv,42732,5230209,2026-06-23T17:44:53.108189+00:00,False,12150,12150,1,1,0,Fw_then_Bw,9216,2.3040000000000003,1215,8001,False,False,-1603.0416080029681,47460555.00900332,1599.9994239973603,-1599.9986973474734,True,2,1,True,False,False,False,True,False
speed_1600rpm__torque_200Nm__temperature_30degC,validation,data/original_dataset/Test_30deg/1600rpm/1600.0rpm200.0Nm30.0deg.csv,42734,5235190,2026-06-23T17:45:09.528616+00:00,False,12150,12150,1,1,0,Fw_then_Bw,9217,2.30425,1215,8002,False,False,-1602.9332019970752,66900578.569416,1599.975563469343,-1600.0036146724597,True,2,1,True,False,False,False,True,False
speed_1600rpm__torque_200Nm__temperature_35degC,train,data/original_dataset/Test_35deg/1600rpm/1600.0rpm200.0Nm35.0deg.csv,42734,5232542,2026-06-23T17:45:27.354497+00:00,False,12150,12150,1,1,0,Fw_then_Bw,9217,2.30425,1215,8002,False,False,-1602.957454005567,47460559.01421267,1599.996406759601,-1600.0048443384003,True,2,1,True,False,False,False,True,False
speed_1600rpm__torque_300Nm__temperature_25degC,train,data/original_dataset/Test_25deg/1600rpm/1600.0rpm300.0Nm25.0deg.csv,42733,5243048,2026-06-23T17:44:53.127723+00:00,False,12150,12150,1,1,0,Fw_then_Bw,9216,2.3040000000000003,1215,8002,False,False,-1603.0086386793603,47460580.81285999,1599.9944787326967,-1599.9948416720144,True,2,1,True,False,False,False,True,False
speed_1600rpm__torque_300Nm__temperature_30degC,validation,data/original_dataset/Test_30deg/1600rpm/1600.0rpm300.0Nm30.0deg.csv,42735,5241861,2026-06-23T17:45:09.550764+00:00,False,12150,12150,1,1,0,Fw_then_Bw,9217,2.30425,1215,8003,False,False,-1603.0875966728975,66900582.07226934,1599.980480998056,-1599.988863337785,True,2,1,True,False,False,False,True,False
speed_1600rpm__torque_300Nm__temperature_35degC,validation,data/original_dataset/Test_35deg/1600rpm/1600.0rpm300.0Nm35.0deg.csv,42732,5260874,2026-06-23T17:45:27.378020+00:00,False,12150,12150,1,1,0,Fw_then_Bw,9217,2.30425,1215,8000,False,False,-1603.300887994313,47460596.23589733,1599.986432333632,-1600.0000946611788,True,2,1,True,False,False,False,True,False
speed_1600rpm__torque_400Nm__temperature_25degC,validation,data/original_dataset/Test_25deg/1600rpm/1600.0rpm400.0Nm25.0deg.csv,42731,5271628,2026-06-23T17:44:53.149247+00:00,False,12150,12150,1,1,0,Fw_then_Bw,9216,2.3040000000000003,1215,8000,False,False,-1603.2033786759712,47460585.762485996,1599.997664001421,-1599.986432333632,True,2,1,True,False,False,False,True,False
speed_1600rpm__torque_400Nm__temperature_30degC,validation,data/original_dataset/Test_30deg/1600rpm/1600.0rpm400.0Nm30.0deg.csv,42735,5279554,2026-06-23T17:45:09.573289+00:00,False,12150,12150,1,1,0,Fw_then_Bw,9217,2.30425,1215,8003,False,False,-1603.353805335549,66900600.88517134,1599.9704505326615,-1599.998865344484,True,2,1,True,False,False,False,True,False
speed_1600rpm__torque_400Nm__temperature_35degC,train,data/original_dataset/Test_35deg/1600rpm/1600.0rpm400.0Nm35.0deg.csv,42734,5299306,2026-06-23T17:45:27.399130+00:00,False,12150,12150,1,1,0,Fw_then_Bw,9216,2.3040000000000003,1215,8003,False,False,-1603.2240539983227,47458995.813746005,1599.9857336331238,-1600.0034473254345,True,2,1,True,False,False,False,True,False
speed_1600rpm__torque_500Nm__temperature_25degC,train,data/original_dataset/Test_25deg/1600rpm/1600.0rpm500.0Nm25.0deg.csv,42731,5304504,2026-06-23T17:44:53.172781+00:00,False,12150,12150,1,1,0,Fw_then_Bw,9216,2.3040000000000003,1215,8000,False,False,-1603.2622753409669,47460594.160482675,1599.9962668380854,-1600.000485671141,True,2,1,True,False,False,False,True,False
speed_1600rpm__torque_500Nm__temperature_30degC,validation,data/original_dataset/Test_30deg/1600rpm/1600.0rpm500.0Nm30.0deg.csv,42732,5306248,2026-06-23T17:45:09.597398+00:00,False,12150,12150,1,1,0,Fw_then_Bw,9217,2.30425,1215,8000,False,False,-1603.0774266691878,66898997.487444006,1599.9850072354698,-1599.9937800030843,True,2,1,True,False,False,False,True,False
speed_1600rpm__torque_500Nm__temperature_35degC,validation,data/original_dataset/Test_35deg/1600rpm/1600.0rpm500.0Nm35.0deg.csv,42732,5309593,2026-06-23T17:45:27.421698+00:00,False,12150,12150,1,1,0,Fw_then_Bw,9217,2.30425,1215,8000,False,False,-1603.3861040098902,47458993.53381265,1599.9853983375942,-1599.9945066675234,True,2,1,True,False,False,False,True,False
speed_1600rpm__torque_600Nm__temperature_25degC,train,data/original_dataset/Test_25deg/1600rpm/1600.0rpm600.0Nm25.0deg.csv,42238,5248512,2026-06-23T17:44:53.195249+00:00,False,12150,12150,1,1,0,Fw_then_Bw,8720,2.18,1215,8003,False,False,-1603.4120880067348,46667015.827205345,1600.003084264851,-1599.9881923295713,True,2,1,True,False,False,False,True,False
speed_1600rpm__torque_600Nm__temperature_30degC,train,data/original_dataset/Test_30deg/1600rpm/1600.0rpm600.0Nm30.0deg.csv,42731,5305970,2026-06-23T17:45:09.618407+00:00,False,12150,12150,1,1,0,Fw_then_Bw,9216,2.3040000000000003,1215,8000,False,False,-1603.193543346909,66899010.39797799,1599.9829398303214,-1599.9876336718444,True,2,1,True,False,False,False,True,False
speed_1600rpm__torque_600Nm__temperature_35degC,test,data/original_dataset/Test_35deg/1600rpm/1600.0rpm600.0Nm35.0deg.csv,42731,5296223,2026-06-23T17:45:27.443824+00:00,False,12150,12150,1,1,0,Fw_then_Bw,9216,2.3040000000000003,1215,8000,False,False,-1603.165436652489,47459001.21415067,1599.9678242030009,-1599.9929143387515,True,2,1,True,False,False,False,True,False
speed_1600rpm__torque_700Nm__temperature_25degC,train,data/original_dataset/Test_25deg/1600rpm/1600.0rpm700.0Nm25.0deg.csv,42732,5287723,2026-06-23T17:44:53.217300+00:00,False,12150,12150,1,1,0,Fw_then_Bw,9216,2.3040000000000003,1215,8001,False,False,-1603.223718663988,47460645.85313201,1599.9822129670065,-1600.0022179990385,True,2,1,True,False,False,False,True,False
speed_1600rpm__torque_700Nm__temperature_30degC,validation,data/original_dataset/Test_30deg/1600rpm/1600.0rpm700.0Nm30.0deg.csv,42732,5273581,2026-06-23T17:45:09.641991+00:00,False,12150,12150,1,1,0,Fw_then_Bw,9216,2.3040000000000003,1215,8001,False,False,-1603.3426293482385,66899035.78966801,1599.9671253327201,-1599.9923833296634,True,2,1,True,False,False,False,True,False
speed_1600rpm__torque_700Nm__temperature_35degC,train,data/original_dataset/Test_35deg/1600rpm/1600.0rpm700.0Nm35.0deg.csv,42734,5262915,2026-06-23T17:45:27.466345+00:00,False,12150,12150,1,1,0,Fw_then_Bw,9216,2.3040000000000003,1215,8003,False,False,-1603.102348667259,47459004.285112,1599.9729373288574,-1599.9765973344133,True,2,1,True,False,False,False,True,False
speed_1600rpm__torque_800Nm__temperature_25degC,validation,data/original_dataset/Test_25deg/1600rpm/1600.0rpm800.0Nm25.0deg.csv,42733,5253796,2026-06-23T17:44:53.238789+00:00,False,12150,12150,1,1,0,Fw_then_Bw,9216,2.3040000000000003,1215,8002,False,False,-1603.9888186690707,47459077.32484868,1599.997300664351,-1599.9986973377722,True,2,1,True,False,False,False,True,False
speed_1600rpm__torque_800Nm__temperature_30degC,train,data/original_dataset/Test_30deg/1600rpm/1600.0rpm800.0Nm30.0deg.csv,42732,5240375,2026-06-23T17:45:09.663523+00:00,False,12150,12150,1,1,0,Fw_then_Bw,9216,2.3040000000000003,1215,8001,False,False,-1603.7158480030484,66899035.58403266,1599.9811793978247,-1599.9894216559674,True,2,1,True,False,False,False,True,False
speed_1600rpm__torque_800Nm__temperature_35degC,train,data/original_dataset/Test_35deg/1600rpm/1600.0rpm800.0Nm35.0deg.csv,42733,5239737,2026-06-23T17:45:27.487367+00:00,False,12150,12150,1,1,0,Fw_then_Bw,9216,2.3040000000000003,1215,8002,False,False,-1603.525411337614,47459030.17669933,1599.9664272967493,-1599.9787206722733,True,2,1,True,False,False,False,True,False
speed_1600rpm__torque_900Nm__temperature_25degC,train,data/original_dataset/Test_25deg/1600rpm/1600.0rpm900.0Nm25.0deg.csv,42101,5157365,2026-06-23T17:44:53.259368+00:00,False,12150,12150,1,1,0,Fw_then_Bw,8585,2.14625,1215,8001,False,False,-1603.67874467435,46451056.27656,1599.9794192951717,-1599.9922156721975,True,2,1,True,False,False,False,True,False
speed_1600rpm__torque_900Nm__temperature_30degC,train,data/original_dataset/Test_30deg/1600rpm/1600.0rpm900.0Nm30.0deg.csv,41970,5141148,2026-06-23T17:45:09.687066+00:00,False,12150,12150,1,1,0,Fw_then_Bw,8455,2.11375,1215,8000,False,False,-1603.4478506577823,65681448.96386201,1599.9674610065995,-1599.9871306606415,True,2,1,True,False,False,False,True,False
speed_1600rpm__torque_900Nm__temperature_35degC,train,data/original_dataset/Test_35deg/1600rpm/1600.0rpm900.0Nm35.0deg.csv,42733,5228474,2026-06-23T17:45:27.509995+00:00,False,12150,12150,1,1,0,Fw_then_Bw,9216,2.3040000000000003,1215,8002,False,False,-1603.1545959995128,47459021.51344332,1599.9674889996338,-1599.979419329126,True,2,1,True,False,False,False,True,False
speed_1600rpm__torque_1000Nm__temperature_25degC,train,data/original_dataset/Test_25deg/1600rpm/1600.0rpm1000.0Nm25.0deg.csv,42732,5232756,2026-06-23T17:44:52.918163+00:00,False,12150,12150,1,1,0,Fw_then_Bw,9215,2.30375,1215,8002,False,False,-1604.4508293271065,47459074.16129467,1599.9764576311766,-1599.9857333275336,True,2,1,True,False,False,False,True,False
speed_1600rpm__torque_1000Nm__temperature_30degC,train,data/original_dataset/Test_30deg/1600rpm/1600.0rpm1000.0Nm30.0deg.csv,42731,5229355,2026-06-23T17:45:09.328187+00:00,False,12150,12150,1,1,0,Fw_then_Bw,9216,2.3040000000000003,1215,8000,False,False,-1603.4889220027253,66899056.667816006,1599.952401666087,-1599.995875993045,True,2,1,True,False,False,False,True,False
speed_1600rpm__torque_1000Nm__temperature_35degC,train,data/original_dataset/Test_35deg/1600rpm/1600.0rpm1000.0Nm35.0deg.csv,42733,5230007,2026-06-23T17:45:27.152425+00:00,False,12150,12150,1,1,0,Fw_then_Bw,9216,2.3040000000000003,1215,8002,False,False,-1603.604704005799,47459048.27954266,1599.9818500325396,-1599.9920203369888,True,2,1,True,False,False,False,True,False
speed_1600rpm__torque_1100Nm__temperature_25degC,train,data/original_dataset/Test_25deg/1600rpm/1600.0rpm1100.0Nm25.0deg.csv,42733,5229206,2026-06-23T17:44:52.937696+00:00,False,12150,12150,1,1,0,Fw_then_Bw,9215,2.30375,1215,8003,False,False,-1604.0515713393688,47459082.169588655,1599.9813469970832,-1599.980649004768,True,2,1,True,False,False,False,True,False
speed_1600rpm__torque_1100Nm__temperature_30degC,train,data/original_dataset/Test_30deg/1600rpm/1600.0rpm1100.0Nm30.0deg.csv,42731,5228442,2026-06-23T17:45:09.349277+00:00,False,12150,12150,1,1,0,Fw_then_Bw,9216,2.3040000000000003,1215,8000,False,False,-1603.331063350197,47459067.946337335,1599.9571235685532,-1599.9979713427213,True,2,1,True,False,False,False,True,False
speed_1600rpm__torque_1100Nm__temperature_35degC,train,data/original_dataset/Test_35deg/1600rpm/1600.0rpm1100.0Nm35.0deg.csv,42734,5228654,2026-06-23T17:45:27.173960+00:00,False,12150,12150,1,1,0,Fw_then_Bw,9216,2.3040000000000003,1215,8003,False,False,-1603.8249806539777,47459105.390422665,1599.976960574471,-1599.9878289973517,True,2,1,True,False,False,False,True,False
speed_1600rpm__torque_1200Nm__temperature_25degC,train,data/original_dataset/Test_25deg/1600rpm/1600.0rpm1200.0Nm25.0deg.csv,42453,5196649,2026-06-23T17:44:52.959237+00:00,False,12150,12150,1,1,0,Fw_then_Bw,8936,2.234,1215,8002,False,False,-1604.0645913453773,47012672.81781866,1599.9648348952178,-1600.002385666206,True,2,1,True,False,False,False,True,False
speed_1600rpm__torque_1200Nm__temperature_30degC,train,data/original_dataset/Test_30deg/1600rpm/1600.0rpm1200.0Nm30.0deg.csv,42732,5229861,2026-06-23T17:45:09.373806+00:00,False,12150,12150,1,1,0,Fw_then_Bw,9215,2.30375,1215,8002,False,False,-1603.7565840136572,47457499.853857346,1599.9583526669692,-1600.0025533333733,True,2,1,True,False,False,False,True,False
speed_1600rpm__torque_1200Nm__temperature_35degC,train,data/original_dataset/Test_35deg/1600rpm/1600.0rpm1200.0Nm35.0deg.csv,42730,5229875,2026-06-23T17:45:27.197133+00:00,False,12150,12150,1,1,0,Fw_then_Bw,9215,2.30375,1215,8000,False,False,-1603.742894018069,47457481.994759336,1599.97450193138,-1599.9993963341694,True,2,1,True,False,False,False,True,False
speed_1600rpm__torque_1300Nm__temperature_25degC,train,data/original_dataset/Test_25deg/1600rpm/1600.0rpm1300.0Nm25.0deg.csv,42732,5230036,2026-06-23T17:44:52.979573+00:00,False,12150,12150,1,1,0,Fw_then_Bw,9215,2.30375,1215,8002,False,False,-1604.4536793294053,47459135.51520533,1599.962208327876,-1599.98838766478,True,2,1,True,False,False,False,True,False
speed_1600rpm__torque_1300Nm__temperature_30degC,train,data/original_dataset/Test_30deg/1600rpm/1600.0rpm1300.0Nm30.0deg.csv,42733,5230742,2026-06-23T17:45:09.395336+00:00,False,12150,12150,1,1,0,Fw_then_Bw,9215,2.30375,1215,8003,False,False,-1603.9158406589802,47457498.968057334,1599.9510045997642,-1599.9971326673403,True,2,1,True,False,False,False,True,False
speed_1600rpm__torque_1300Nm__temperature_35degC,validation,data/original_dataset/Test_35deg/1600rpm/1600.0rpm1300.0Nm35.0deg.csv,42734,5230953,2026-06-23T17:45:27.219663+00:00,False,12150,12150,1,1,0,Fw_then_Bw,9216,2.3040000000000003,1215,8003,False,False,-1603.8993560165788,47457495.10802333,1599.9631023344896,-1599.9929419970917,True,2,1,True,False,False,False,True,False
speed_1600rpm__torque_1400Nm__temperature_25degC,train,data/original_dataset/Test_25deg/1600rpm/1600.0rpm1400.0Nm25.0deg.csv,42730,5230453,2026-06-23T17:44:53.000163+00:00,False,12150,12150,1,1,0,Fw_then_Bw,9215,2.30375,1215,8000,False,False,-1604.5111793209799,47459108.51821266,1599.9569558674314,-1600.0030563348748,True,2,1,True,False,False,False,True,False
speed_1600rpm__torque_1400Nm__temperature_30degC,train,data/original_dataset/Test_30deg/1600rpm/1600.0rpm1400.0Nm30.0deg.csv,42732,5231022,2026-06-23T17:45:09.417883+00:00,False,12150,12150,1,1,0,Fw_then_Bw,9215,2.30375,1216,8001,False,False,-1604.1470693307929,47457509.929798655,1599.9548323355461,-1600.0067720112079,True,2,1,True,False,False,False,True,False
speed_1600rpm__torque_1400Nm__temperature_35degC,train,data/original_dataset/Test_35deg/1600rpm/1600.0rpm1400.0Nm35.0deg.csv,42734,5224706,2026-06-23T17:45:27.243708+00:00,False,12150,12150,1,1,0,Fw_then_Bw,9216,2.3040000000000003,1215,8003,False,False,-1604.3652220008273,47457504.93636334,1599.9679922000118,-1600.0046486733481,True,2,1,True,False,False,False,True,False
speed_1600rpm__torque_1500Nm__temperature_25degC,train,data/original_dataset/Test_25deg/1600rpm/1600.0rpm1500.0Nm25.0deg.csv,42731,5229581,2026-06-23T17:44:53.021691+00:00,False,12150,12150,1,1,0,Fw_then_Bw,9215,2.30375,1215,8001,False,False,-1604.362428013701,47459130.797870666,1599.9548601345546,-1599.9866276688408,True,2,1,True,False,False,False,True,False
speed_1600rpm__torque_1500Nm__temperature_30degC,train,data/original_dataset/Test_30deg/1600rpm/1600.0rpm1500.0Nm30.0deg.csv,42732,5230411,2026-06-23T17:45:09.438822+00:00,False,12150,12150,1,1,0,Fw_then_Bw,9216,2.3040000000000003,1215,8001,False,False,-1604.1038746673926,47457518.478333995,1599.9650299975958,-1600.0076660032694,True,2,1,True,False,False,False,True,False
speed_1600rpm__torque_1500Nm__temperature_35degC,train,data/original_dataset/Test_35deg/1600rpm/1600.0rpm1500.0Nm35.0deg.csv,42732,5232016,2026-06-23T17:45:27.265254+00:00,False,12150,12150,1,1,0,Fw_then_Bw,9215,2.30375,1216,8001,False,False,-1604.7224033197078,47457525.161616676,1599.9748369358713,-1600.007833990579,True,2,1,True,False,False,False,True,False
speed_1600rpm__torque_1600Nm__temperature_25degC,train,data/original_dataset/Test_25deg/1600rpm/1600.0rpm1600.0Nm25.0deg.csv,42732,5231160,2026-06-23T17:44:53.044323+00:00,False,12150,12150,1,1,0,Fw_then_Bw,9215,2.30375,1215,8002,False,False,-1605.0808686607827,47459141.96765,1599.9369506656271,-1599.9874936630174,True,2,1,True,False,False,False,True,False
speed_1600rpm__torque_1600Nm__temperature_30degC,test,data/original_dataset/Test_30deg/1600rpm/1600.0rpm1600.0Nm30.0deg.csv,42730,5231045,2026-06-23T17:45:09.461917+00:00,False,12150,12150,1,1,0,Fw_then_Bw,9215,2.30375,1215,8000,False,False,-1605.2254293269168,47457544.90524535,1599.9902875676828,-1599.9890303355642,True,2,1,True,False,False,False,True,False
speed_1600rpm__torque_1600Nm__temperature_35degC,train,data/original_dataset/Test_35deg/1600rpm/1600.0rpm1600.0Nm35.0deg.csv,42733,5225437,2026-06-23T17:45:27.288778+00:00,False,12150,12150,1,1,0,Fw_then_Bw,9215,2.30375,1215,8003,False,False,-1604.7153619971746,47457546.92137267,1599.9794189701788,-1599.9818780013206,True,2,1,True,False,False,False,True,False
speed_1600rpm__torque_1700Nm__temperature_25degC,train,data/original_dataset/Test_25deg/1600rpm/1600.0rpm1700.0Nm25.0deg.csv,42732,5231634,2026-06-23T17:44:53.065859+00:00,False,12150,12150,1,1,0,Fw_then_Bw,9215,2.30375,1214,8003,False,False,-1604.8802619916387,47457570.13343267,1599.9422313276834,-1600.0006533383082,True,2,1,True,False,False,False,True,False
speed_1600rpm__torque_1700Nm__temperature_30degC,validation,data/original_dataset/Test_30deg/1600rpm/1600.0rpm1700.0Nm30.0deg.csv,42731,5230988,2026-06-23T17:45:09.483470+00:00,False,12150,12150,1,1,0,Fw_then_Bw,9215,2.30375,1215,8001,False,False,-1605.4871680098586,47457542.59832199,1599.9985303302917,-1599.9837783359303,True,2,1,True,False,False,False,True,False
speed_1600rpm__torque_1700Nm__temperature_35degC,test,data/original_dataset/Test_35deg/1600rpm/1600.0rpm1700.0Nm35.0deg.csv,42733,5231183,2026-06-23T17:45:27.310303+00:00,False,12150,12150,1,1,0,Fw_then_Bw,9215,2.30375,1215,8003,False,False,-1605.1847486717936,47457562.30020934,1599.9646673347647,-1599.9833026823278,True,2,1,True,False,False,False,True,False
speed_1600rpm__torque_1800Nm__temperature_25degC,train,data/original_dataset/Test_25deg/1600rpm/1600.0rpm1800.0Nm25.0deg.csv,42729,5228561,2026-06-23T17:44:53.087545+00:00,False,12150,12150,1,1,0,Fw_then_Bw,9215,2.30375,1214,8000,False,False,-1604.3999793279604,47457590.08783866,1599.935917004283,-1600.0125556699154,True,2,1,True,False,False,False,True,False
speed_1600rpm__torque_1800Nm__temperature_30degC,train,data/original_dataset/Test_30deg/1600rpm/1600.0rpm1800.0Nm30.0deg.csv,42730,5228864,2026-06-23T17:45:09.507107+00:00,False,12150,12150,1,1,0,Fw_then_Bw,9215,2.30375,1215,8000,False,False,-1604.8310880044785,47457571.70157535,1599.966790502852,-1599.9922156721975,True,2,1,True,False,False,False,True,False
speed_1600rpm__torque_1800Nm__temperature_35degC,train,data/original_dataset/Test_35deg/1600rpm/1600.0rpm1800.0Nm35.0deg.csv,42732,5233088,2026-06-23T17:45:27.333328+00:00,False,12150,12150,1,1,0,Fw_then_Bw,9215,2.30375,1215,8002,False,False,-1605.0472299878795,47457569.84783332,1599.9608114361763,-1600.0097616633866,True,2,1,True,False,False,False,True,False
speed_1700rpm__torque_0Nm__temperature_25degC,validation,data/original_dataset/Test_25deg/1700rpm/1700.0rpm0.0Nm25.0deg.csv,41160,5053033,2026-06-23T17:44:53.283679+00:00,False,11435,11436,1,1,0,Fw_then_Bw,9145,2.28625,1143,8001,False,False,-1703.0404506755683,46660283.701289326,1700.0206746646047,-1700.0028209974212,True,2,1,True,False,False,False,True,False
speed_1700rpm__torque_0Nm__temperature_30degC,train,data/original_dataset/Test_30deg/1700rpm/1700.0rpm0.0Nm30.0deg.csv,41159,5053687,2026-06-23T17:45:09.708202+00:00,False,11435,11435,1,1,0,Fw_then_Bw,9146,2.2865,1143,8000,False,False,-1703.087165990534,27220781.899038665,1700.0154220052839,-1699.9996633385308,True,2,1,True,False,False,False,True,False
speed_1700rpm__torque_0Nm__temperature_35degC,train,data/original_dataset/Test_35deg/1700rpm/1700.0rpm0.0Nm35.0deg.csv,41161,5055036,2026-06-23T17:45:27.531528+00:00,False,11435,11435,1,1,0,Fw_then_Bw,9146,2.2865,1143,8002,False,False,-1703.0183786603934,27220757.76536,1700.0203393399715,-1699.993684674458,True,2,1,True,False,False,False,True,False
speed_1700rpm__torque_100Nm__temperature_25degC,train,data/original_dataset/Test_25deg/1700rpm/1700.0rpm100.0Nm25.0deg.csv,41162,5037251,2026-06-23T17:44:53.303252+00:00,False,11435,11436,1,1,0,Fw_then_Bw,9145,2.28625,1143,8003,False,False,-1703.1656766775995,46660314.04495267,1700.0130193385608,-1700.0010606522362,True,2,1,True,False,False,False,True,False
speed_1700rpm__torque_100Nm__temperature_30degC,train,data/original_dataset/Test_30deg/1700rpm/1700.0rpm100.0Nm30.0deg.csv,41159,5037529,2026-06-23T17:45:09.731310+00:00,False,11436,11435,1,1,0,Fw_then_Bw,9144,2.286,1143,8001,False,False,-1703.4639046760276,66099796.53233667,1700.0178806677773,-1699.9972053454258,True,2,1,True,False,False,False,True,False
speed_1700rpm__torque_100Nm__temperature_35degC,train,data/original_dataset/Test_35deg/1700rpm/1700.0rpm100.0Nm35.0deg.csv,41158,5038306,2026-06-23T17:45:27.554588+00:00,False,11435,11435,1,1,0,Fw_then_Bw,9144,2.286,1144,8000,False,False,-1702.557430001131,46660297.32461999,1700.0126279987549,-1700.0003346668866,True,2,1,True,False,False,False,True,False
speed_1700rpm__torque_200Nm__temperature_25degC,validation,data/original_dataset/Test_25deg/1700rpm/1700.0rpm200.0Nm25.0deg.csv,41161,5039586,2026-06-23T17:44:53.510181+00:00,False,11436,11436,1,1,0,Fw_then_Bw,9144,2.286,1143,8002,False,False,-1702.836658669791,46660329.66094134,1700.017210067017,-1700.0077106640674,True,2,1,True,False,False,False,True,False
speed_1700rpm__torque_200Nm__temperature_30degC,test,data/original_dataset/Test_30deg/1700rpm/1700.0rpm200.0Nm30.0deg.csv,41159,5040710,2026-06-23T17:45:09.948966+00:00,False,11436,11435,1,1,0,Fw_then_Bw,9144,2.286,1143,8001,False,False,-1703.0137959906522,66099815.79182665,1699.9987700013057,-1700.0091633332584,True,2,1,True,False,False,False,True,False
speed_1700rpm__torque_200Nm__temperature_35degC,validation,data/original_dataset/Test_35deg/1700rpm/1700.0rpm200.0Nm35.0deg.csv,41162,5043307,2026-06-23T17:45:27.785939+00:00,False,11435,11436,1,1,0,Fw_then_Bw,9144,2.286,1144,8003,False,False,-1702.9612140031531,46660310.764889985,1699.99687000139,-1700.007375329733,True,2,1,True,False,False,False,True,False
speed_1700rpm__torque_300Nm__temperature_25degC,validation,data/original_dataset/Test_25deg/1700rpm/1700.0rpm300.0Nm25.0deg.csv,41162,5044564,2026-06-23T17:44:53.529714+00:00,False,11436,11435,1,1,0,Fw_then_Bw,9145,2.28625,1143,8003,False,False,-1703.2478186689937,46660327.50416533,1700.0150866660988,-1700.0055873456101,True,2,1,True,False,False,False,True,False
speed_1700rpm__torque_300Nm__temperature_30degC,train,data/original_dataset/Test_30deg/1700rpm/1700.0rpm300.0Nm30.0deg.csv,41159,5051526,2026-06-23T17:45:09.970507+00:00,False,11435,11435,1,1,0,Fw_then_Bw,9144,2.286,1144,8001,False,False,-1702.8829266588823,66099806.101732,1700.006648665294,-1700.002793339081,True,2,1,True,False,False,False,True,False
speed_1700rpm__torque_300Nm__temperature_35degC,validation,data/original_dataset/Test_35deg/1700rpm/1700.0rpm300.0Nm35.0deg.csv,41160,5069476,2026-06-23T17:45:27.806859+00:00,False,11435,11436,1,1,0,Fw_then_Bw,9144,2.286,1144,8001,False,False,-1702.5166939905223,46660333.660226665,1700.0024579950452,-1699.9950820075658,True,2,1,True,False,False,False,True,False
speed_1700rpm__torque_400Nm__temperature_25degC,train,data/original_dataset/Test_25deg/1700rpm/1700.0rpm400.0Nm25.0deg.csv,41162,5070847,2026-06-23T17:44:53.552252+00:00,False,11435,11435,1,1,0,Fw_then_Bw,9145,2.28625,1144,8003,False,False,-1703.1246606493369,46660352.468490675,1700.02704487221,-1700.0070399953984,True,2,1,True,False,False,False,True,False
speed_1700rpm__torque_400Nm__temperature_30degC,test,data/original_dataset/Test_30deg/1700rpm/1700.0rpm400.0Nm30.0deg.csv,41161,5080295,2026-06-23T17:45:09.992063+00:00,False,11435,11436,1,1,0,Fw_then_Bw,9144,2.286,1144,8002,False,False,-1703.0657640037437,66099843.52653799,1700.002066664941,-1700.0044136560366,True,2,1,True,False,False,False,True,False
speed_1700rpm__torque_400Nm__temperature_35degC,train,data/original_dataset/Test_35deg/1700rpm/1700.0rpm400.0Nm35.0deg.csv,41160,5103373,2026-06-23T17:45:27.830396+00:00,False,11435,11435,1,1,0,Fw_then_Bw,9145,2.28625,1144,8001,False,False,-1703.256201328865,46660322.450380675,1700.002122660711,-1699.9982666651097,True,2,1,True,False,False,False,True,False
speed_1700rpm__torque_500Nm__temperature_25degC,train,data/original_dataset/Test_25deg/1700rpm/1700.0rpm500.0Nm25.0deg.csv,41162,5108633,2026-06-23T17:44:53.573773+00:00,False,11435,11435,1,1,0,Fw_then_Bw,9145,2.28625,1144,8003,False,False,-1703.137625338665,46660341.482218005,1700.0136893378415,-1700.0003346668866,True,2,1,True,False,False,False,True,False
speed_1700rpm__torque_500Nm__temperature_30degC,train,data/original_dataset/Test_30deg/1700rpm/1700.0rpm500.0Nm30.0deg.csv,41162,5111527,2026-06-23T17:45:10.012634+00:00,False,11435,11435,1,1,0,Fw_then_Bw,9145,2.28625,1144,8003,False,False,-1703.0657086676608,66099854.410774685,1700.0066486749952,-1700.0105046511937,True,2,1,True,False,False,False,True,False
speed_1700rpm__torque_500Nm__temperature_35degC,test,data/original_dataset/Test_35deg/1700rpm/1700.0rpm500.0Nm35.0deg.csv,41161,5118639,2026-06-23T17:45:27.851551+00:00,False,11435,11435,1,1,0,Fw_then_Bw,9144,2.286,1144,8003,False,False,-1703.2169179874472,46658652.943856664,1700.0091073277872,-1700.004916676941,True,2,1,True,False,False,False,True,False
speed_1700rpm__torque_600Nm__temperature_25degC,validation,data/original_dataset/Test_25deg/1700rpm/1700.0rpm600.0Nm25.0deg.csv,41161,5116102,2026-06-23T17:44:53.594185+00:00,False,11435,11435,1,1,0,Fw_then_Bw,9145,2.28625,1144,8002,False,False,-1703.131030682319,46660381.48295134,1700.0241950057293,-1700.005977996625,True,2,1,True,False,False,False,True,False
speed_1700rpm__torque_600Nm__temperature_30degC,train,data/original_dataset/Test_30deg/1700rpm/1700.0rpm600.0Nm30.0deg.csv,41160,5112091,2026-06-23T17:45:10.034707+00:00,False,11435,11435,1,1,0,Fw_then_Bw,9145,2.28625,1144,8001,False,False,-1703.9574873439656,66099860.81410201,1700.0031284599875,-1700.0077106640674,True,2,1,True,False,False,False,True,False
speed_1700rpm__torque_600Nm__temperature_35degC,train,data/original_dataset/Test_35deg/1700rpm/1700.0rpm600.0Nm35.0deg.csv,41158,5100649,2026-06-23T17:45:27.874088+00:00,False,11435,11435,1,1,0,Fw_then_Bw,9144,2.286,1144,8000,False,False,-1703.5183306628217,46658660.818487346,1700.0133539938056,-1699.9978759946923,True,2,1,True,False,False,False,True,False
speed_1700rpm__torque_700Nm__temperature_25degC,train,data/original_dataset/Test_25deg/1700rpm/1700.0rpm700.0Nm25.0deg.csv,41161,5096144,2026-06-23T17:44:53.613720+00:00,False,11435,11435,1,1,0,Fw_then_Bw,9145,2.28625,1144,8002,False,False,-1703.3761739924862,46660377.01545265,1700.0227980703737,-1699.9912260022634,True,2,1,True,False,False,False,True,False
speed_1700rpm__torque_700Nm__temperature_30degC,validation,data/original_dataset/Test_30deg/1700rpm/1700.0rpm700.0Nm30.0deg.csv,41162,5082568,2026-06-23T17:45:10.055405+00:00,False,11435,11435,1,1,0,Fw_then_Bw,9145,2.28625,1144,8003,False,False,-1703.5326919867657,66099872.19790001,1700.0108953410138,-1699.987370656648,True,2,1,True,False,False,False,True,False
speed_1700rpm__torque_700Nm__temperature_35degC,train,data/original_dataset/Test_35deg/1700rpm/1700.0rpm700.0Nm35.0deg.csv,41158,5066825,2026-06-23T17:45:27.896042+00:00,False,11435,11435,1,1,0,Fw_then_Bw,9144,2.286,1144,8000,False,False,-1703.9816826581955,46658677.66337465,1700.0252567328666,-1699.9908906679289,True,2,1,True,False,False,False,True,False
speed_1700rpm__torque_800Nm__temperature_25degC,train,data/original_dataset/Test_25deg/1700rpm/1700.0rpm800.0Nm25.0deg.csv,41162,5062731,2026-06-23T17:44:53.634256+00:00,False,11435,11435,1,1,0,Fw_then_Bw,9145,2.28625,1144,8003,False,False,-1703.8070039901263,46660402.582828,1700.027715327451,-1699.989828649753,True,2,1,True,False,False,False,True,False
speed_1700rpm__torque_800Nm__temperature_30degC,test,data/original_dataset/Test_30deg/1700rpm/1700.0rpm800.0Nm30.0deg.csv,41160,5051667,2026-06-23T17:45:10.076959+00:00,False,11436,11435,1,1,0,Fw_then_Bw,9143,2.28575,1144,8002,False,False,-1704.264487993593,66098174.918442674,1700.0154499352598,-1699.9817266672228,True,2,1,True,False,False,False,True,False
speed_1700rpm__torque_800Nm__temperature_35degC,train,data/original_dataset/Test_35deg/1700rpm/1700.0rpm800.0Nm35.0deg.csv,41160,5046050,2026-06-23T17:45:27.918093+00:00,False,11436,11435,1,1,0,Fw_then_Bw,9143,2.28575,1144,8002,False,False,-1703.7512359869047,46658673.82133398,1700.0233286671573,-1699.9961440063394,True,2,1,True,False,False,False,True,False
speed_1700rpm__torque_900Nm__temperature_25degC,train,data/original_dataset/Test_25deg/1700rpm/1700.0rpm900.0Nm25.0deg.csv,41161,5041588,2026-06-23T17:44:53.655871+00:00,False,11435,11436,1,1,0,Fw_then_Bw,9144,2.286,1143,8003,False,False,-1704.006605335356,46658698.22965933,1700.0284417978644,-1699.9859740026295,True,2,1,True,False,False,False,True,False
speed_1700rpm__torque_900Nm__temperature_30degC,train,data/original_dataset/Test_30deg/1700rpm/1700.0rpm900.0Nm30.0deg.csv,41158,5041426,2026-06-23T17:45:10.097496+00:00,False,11436,11435,1,1,0,Fw_then_Bw,9143,2.28575,1143,8001,False,False,-1703.899986653899,66098195.976186655,1700.0300064343417,-1699.999999332552,True,2,1,True,False,False,False,True,False
speed_1700rpm__torque_900Nm__temperature_35degC,train,data/original_dataset/Test_35deg/1700rpm/1700.0rpm900.0Nm35.0deg.csv,41159,5039097,2026-06-23T17:45:27.939148+00:00,False,11436,11435,1,1,0,Fw_then_Bw,9143,2.28575,1143,8002,False,False,-1703.783478665476,46658702.04817533,1700.0226306699915,-1699.9891026644036,True,2,1,True,False,False,False,True,False
speed_1700rpm__torque_1000Nm__temperature_25degC,train,data/original_dataset/Test_25deg/1700rpm/1700.0rpm1000.0Nm25.0deg.csv,41159,5037841,2026-06-23T17:44:53.322775+00:00,False,11435,11436,1,1,0,Fw_then_Bw,9144,2.286,1143,8001,False,False,-1704.129372005506,46658712.12909,1700.0456526681469,-1699.999328663883,True,2,1,True,False,False,False,True,False
speed_1700rpm__torque_1000Nm__temperature_30degC,train,data/original_dataset/Test_30deg/1700rpm/1700.0rpm1000.0Nm30.0deg.csv,41161,5038760,2026-06-23T17:45:09.753127+00:00,False,11436,11436,1,1,0,Fw_then_Bw,9143,2.28575,1143,8003,False,False,-1703.7196639964047,46658689.556903996,1700.0226304032062,-1699.9868676745489,True,2,1,True,False,False,False,True,False
speed_1700rpm__torque_1000Nm__temperature_35degC,train,data/original_dataset/Test_35deg/1700rpm/1700.0rpm1000.0Nm35.0deg.csv,41160,5038383,2026-06-23T17:45:27.574108+00:00,False,11435,11436,1,1,0,Fw_then_Bw,9143,2.28575,1144,8002,False,False,-1704.3942400099088,46658709.956166,1700.0235244728779,-1699.9964786615842,True,2,1,True,False,False,False,True,False
speed_1700rpm__torque_1100Nm__temperature_25degC,train,data/original_dataset/Test_25deg/1700rpm/1700.0rpm1100.0Nm25.0deg.csv,41158,5038724,2026-06-23T17:44:53.342865+00:00,False,11435,11436,1,1,0,Fw_then_Bw,9144,2.286,1143,8000,False,False,-1704.0452173290153,46658734.59706065,1700.031570663365,-1700.0105326684813,True,2,1,True,False,False,False,True,False
speed_1700rpm__torque_1100Nm__temperature_30degC,validation,data/original_dataset/Test_30deg/1700rpm/1700.0rpm1100.0Nm30.0deg.csv,41159,5034953,2026-06-23T17:45:09.775129+00:00,False,11436,11436,1,1,0,Fw_then_Bw,9143,2.28575,1143,8001,False,False,-1703.9950379985385,46658706.74343733,1700.0205070022882,-1699.9812239955645,True,2,1,True,False,False,False,True,False
speed_1700rpm__torque_1100Nm__temperature_35degC,train,data/original_dataset/Test_35deg/1700rpm/1700.0rpm1100.0Nm35.0deg.csv,41158,5035758,2026-06-23T17:45:27.596231+00:00,False,11435,11436,1,1,0,Fw_then_Bw,9143,2.28575,1144,8000,False,False,-1703.757885998736,46658726.90308867,1700.0196693309892,-1699.9889349972364,True,2,1,True,False,False,False,True,False
speed_1700rpm__torque_1200Nm__temperature_25degC,test,data/original_dataset/Test_25deg/1700rpm/1700.0rpm1200.0Nm25.0deg.csv,40255,4927194,2026-06-23T17:44:53.361878+00:00,False,11436,11436,1,1,0,Fw_then_Bw,8237,2.05925,1143,8003,False,False,-1704.8317193402909,64558043.82070935,1700.0449262656425,-1700.0008933343147,True,2,1,True,False,False,False,True,False
speed_1700rpm__torque_1200Nm__temperature_30degC,train,data/original_dataset/Test_30deg/1700rpm/1700.0rpm1200.0Nm30.0deg.csv,41158,5036436,2026-06-23T17:45:09.795791+00:00,False,11435,11435,1,1,0,Fw_then_Bw,9144,2.286,1144,8000,False,False,-1704.4636980087187,46658720.05848198,1700.01860706058,-1699.9968699916885,True,2,1,True,False,False,False,True,False
speed_1700rpm__torque_1200Nm__temperature_35degC,train,data/original_dataset/Test_35deg/1700rpm/1700.0rpm1200.0Nm35.0deg.csv,41160,5033542,2026-06-23T17:45:27.619247+00:00,False,11435,11435,1,1,0,Fw_then_Bw,9143,2.28575,1144,8003,False,False,-1703.9830793510191,46657045.50867933,1700.0056426719918,-1699.9867000073816,True,2,1,True,False,False,False,True,False
speed_1700rpm__torque_1300Nm__temperature_25degC,train,data/original_dataset/Test_25deg/1700rpm/1700.0rpm1300.0Nm25.0deg.csv,41158,5037762,2026-06-23T17:44:53.382287+00:00,False,11436,11435,1,1,0,Fw_then_Bw,9144,2.286,1143,8000,False,False,-1704.3072920059785,46658746.31976732,1700.0305653006458,-1700.0105046705964,True,2,1,True,False,False,False,True,False
speed_1700rpm__torque_1300Nm__temperature_30degC,train,data/original_dataset/Test_30deg/1700rpm/1700.0rpm1300.0Nm30.0deg.csv,41160,5037090,2026-06-23T17:45:09.818429+00:00,False,11435,11435,1,1,0,Fw_then_Bw,9143,2.28575,1144,8003,False,False,-1704.3658526575502,46657035.83786266,1700.0165393304392,-1700.008045998402,True,2,1,True,False,False,False,True,False
speed_1700rpm__torque_1300Nm__temperature_35degC,validation,data/original_dataset/Test_35deg/1700rpm/1700.0rpm1300.0Nm35.0deg.csv,41159,5036645,2026-06-23T17:45:27.641798+00:00,False,11435,11435,1,1,0,Fw_then_Bw,9143,2.28575,1144,8002,False,False,-1704.5977526771214,46657044.50011267,1700.0119573397872,-1699.9883766596515,True,2,1,True,False,False,False,True,False
speed_1700rpm__torque_1400Nm__temperature_25degC,validation,data/original_dataset/Test_25deg/1700rpm/1700.0rpm1400.0Nm25.0deg.csv,41160,5037126,2026-06-23T17:44:53.403419+00:00,False,11435,11435,1,1,0,Fw_then_Bw,9144,2.286,1144,8002,False,False,-1704.6085933300978,46658758.91139733,1700.0445913290605,-1700.0154219955828,True,2,1,True,False,False,False,True,False
speed_1700rpm__torque_1400Nm__temperature_30degC,train,data/original_dataset/Test_30deg/1700rpm/1700.0rpm1400.0Nm30.0deg.csv,41157,5037898,2026-06-23T17:45:09.839968+00:00,False,11435,11435,1,1,0,Fw_then_Bw,9143,2.28575,1144,8000,False,False,-1704.2027413262986,46657064.89518333,1700.0056426622905,-1699.9982673247966,True,2,1,True,False,False,False,True,False
speed_1700rpm__torque_1400Nm__temperature_35degC,train,data/original_dataset/Test_35deg/1700rpm/1700.0rpm1400.0Nm35.0deg.csv,41157,5038368,2026-06-23T17:45:27.666880+00:00,False,11435,11435,1,1,0,Fw_then_Bw,9143,2.28575,1144,8000,False,False,-1704.455651323466,46657049.73662266,1700.0070400050997,-1700.0006693415344,True,2,1,True,False,False,False,True,False
speed_1700rpm__torque_1500Nm__temperature_25degC,train,data/original_dataset/Test_25deg/1700rpm/1700.0rpm1500.0Nm25.0deg.csv,41159,5038080,2026-06-23T17:44:53.425445+00:00,False,11435,11435,1,1,0,Fw_then_Bw,9144,2.286,1144,8001,False,False,-1704.4075953308493,46658767.215796,1700.0459320649193,-1700.0126280084564,True,2,1,True,False,False,False,True,False
speed_1700rpm__torque_1500Nm__temperature_30degC,train,data/original_dataset/Test_30deg/1700rpm/1700.0rpm1500.0Nm30.0deg.csv,41159,5036301,2026-06-23T17:45:09.863582+00:00,False,11435,11435,1,1,0,Fw_then_Bw,9143,2.28575,1144,8002,False,False,-1704.5265066553839,46657058.21676201,1700.0098340019272,-1700.0070399953984,True,2,1,True,False,False,False,True,False
speed_1700rpm__torque_1500Nm__temperature_35degC,train,data/original_dataset/Test_35deg/1700rpm/1700.0rpm1500.0Nm35.0deg.csv,41157,5038338,2026-06-23T17:45:27.694854+00:00,False,11435,11435,1,1,0,Fw_then_Bw,9143,2.28575,1144,8000,False,False,-1704.6714019961655,46657072.48074934,1700.002849334851,-1699.9894379987381,True,2,1,True,False,False,False,True,False
speed_1700rpm__torque_1600Nm__temperature_25degC,test,data/original_dataset/Test_25deg/1700rpm/1700.0rpm1600.0Nm25.0deg.csv,41159,5038010,2026-06-23T17:44:53.448077+00:00,False,11435,11435,1,1,0,Fw_then_Bw,9144,2.286,1144,8001,False,False,-1704.327966668643,66098275.83778667,1700.0617459319378,-1700.005977996625,True,2,1,True,False,False,False,True,False
speed_1700rpm__torque_1600Nm__temperature_30degC,train,data/original_dataset/Test_30deg/1700rpm/1700.0rpm1600.0Nm30.0deg.csv,41157,5035767,2026-06-23T17:45:09.883109+00:00,False,11435,11435,1,1,0,Fw_then_Bw,9143,2.28575,1144,8000,False,False,-1704.4672186602838,46657070.15555334,1700.011957330086,-1700.0010613313254,True,2,1,True,False,False,False,True,False
speed_1700rpm__torque_1600Nm__temperature_35degC,train,data/original_dataset/Test_35deg/1700rpm/1700.0rpm1600.0Nm35.0deg.csv,41157,5036335,2026-06-23T17:45:27.718390+00:00,False,11435,11435,1,1,0,Fw_then_Bw,9143,2.28575,1144,8000,False,False,-1705.5119386641309,46657072.54495466,1700.0024580047466,-1699.9817826629926,True,2,1,True,False,False,False,True,False
speed_1700rpm__torque_1700Nm__temperature_25degC,train,data/original_dataset/Test_25deg/1700rpm/1700.0rpm1700.0Nm25.0deg.csv,40199,4921359,2026-06-23T17:44:53.468612+00:00,False,11435,11435,1,1,0,Fw_then_Bw,8185,2.04625,1144,8000,False,False,-1705.0807733321562,64468005.305640645,1700.0592873373535,-1700.028385986419,True,2,1,True,False,False,False,True,False
speed_1700rpm__torque_1700Nm__temperature_30degC,train,data/original_dataset/Test_30deg/1700rpm/1700.0rpm1700.0Nm30.0deg.csv,41157,5038623,2026-06-23T17:45:09.905859+00:00,False,11435,11435,1,1,0,Fw_then_Bw,9143,2.28575,1144,8000,False,False,-1704.680509341415,46657094.52498733,1700.0241946661845,-1700.0175453334425,True,2,1,True,False,False,False,True,False
speed_1700rpm__torque_1700Nm__temperature_35degC,validation,data/original_dataset/Test_35deg/1700rpm/1700.0rpm1700.0Nm35.0deg.csv,41162,5036134,2026-06-23T17:45:27.742019+00:00,False,11436,11435,1,1,0,Fw_then_Bw,9145,2.28625,1144,8002,False,False,-1705.155540665146,46648578.02806401,1700.0196686664517,-1699.9950819881633,True,2,1,True,False,False,False,True,False
speed_1700rpm__torque_1800Nm__temperature_25degC,train,data/original_dataset/Test_25deg/1700rpm/1700.0rpm1800.0Nm25.0deg.csv,41158,5037111,2026-06-23T17:44:53.489614+00:00,False,11435,11436,1,1,0,Fw_then_Bw,9143,2.28575,1143,8001,False,False,-1705.6354319987197,46657114.06510333,1700.0386118694828,-1700.0333033405088,True,2,1,True,False,False,False,True,False
speed_1700rpm__torque_1800Nm__temperature_30degC,train,data/original_dataset/Test_30deg/1700rpm/1700.0rpm1800.0Nm30.0deg.csv,41161,5038482,2026-06-23T17:45:09.927559+00:00,False,11436,11435,1,1,0,Fw_then_Bw,9145,2.28625,1144,8001,False,False,-1705.1460413301054,46648614.58389068,1700.0277154293144,-1700.0319059976998,True,2,1,True,False,False,False,True,False
speed_1700rpm__torque_1800Nm__temperature_35degC,test,data/original_dataset/Test_35deg/1700rpm/1700.0rpm1800.0Nm35.0deg.csv,41160,5039147,2026-06-23T17:45:27.763391+00:00,False,11436,11435,1,1,0,Fw_then_Bw,9145,2.28625,1144,8000,False,False,-1705.155540665146,46648597.64400865,1700.0234965380514,-1700.0077106640674,True,2,1,True,False,False,False,True,False
speed_1800rpm__torque_0Nm__temperature_25degC,validation,data/original_dataset/Test_25deg/1800rpm/1800.0rpm0.0Nm25.0deg.csv,39724,4875320,2026-06-23T17:44:53.680662+00:00,False,10800,10800,1,1,0,Fw_then_Bw,9041,2.26025,1080,8003,False,False,-1804.2731099994853,45793157.45344401,1800.00814567029,-1800.0106050070221,True,2,1,True,False,False,False,True,False
speed_1800rpm__torque_0Nm__temperature_30degC,train,data/original_dataset/Test_30deg/1800rpm/1800.0rpm0.0Nm30.0deg.csv,39761,4881638,2026-06-23T17:45:10.119503+00:00,False,10800,10800,1,1,0,Fw_then_Bw,9080,2.27,1080,8001,False,False,-1803.6164160002954,45863296.242020674,1799.9937571342648,-1799.9986746678285,True,2,1,True,False,False,False,True,False
speed_1800rpm__torque_0Nm__temperature_35degC,validation,data/original_dataset/Test_35deg/1800rpm/1800.0rpm0.0Nm35.0deg.csv,39762,4880513,2026-06-23T17:45:27.961697+00:00,False,10800,10800,1,1,0,Fw_then_Bw,9080,2.27,1080,8002,False,False,-1803.525220680361,45863299.98549068,1799.998171501405,-1800.0032566681816,True,2,1,True,False,False,False,True,False
speed_1800rpm__torque_100Nm__temperature_25degC,train,data/original_dataset/Test_25deg/1800rpm/1800.0rpm100.0Nm25.0deg.csv,39763,4865842,2026-06-23T17:44:53.700754+00:00,False,10800,10800,1,1,0,Fw_then_Bw,9083,2.27075,1079,8001,False,False,-1803.4774993429892,45857957.659028,1800.0235688668909,-1800.017450004816,True,2,1,True,False,False,False,True,False
speed_1800rpm__torque_100Nm__temperature_30degC,train,data/original_dataset/Test_30deg/1800rpm/1800.0rpm100.0Nm30.0deg.csv,39762,4867891,2026-06-23T17:45:10.139427+00:00,False,10801,10799,1,1,0,Fw_then_Bw,9083,2.27075,1079,8000,False,False,-1803.5799266654067,45856147.81217665,1800.0132593345672,-1800.0016359922786,True,2,1,True,False,False,False,True,False
speed_1800rpm__torque_100Nm__temperature_35degC,train,data/original_dataset/Test_35deg/1800rpm/1800.0rpm100.0Nm35.0deg.csv,39767,4867556,2026-06-23T17:45:27.981238+00:00,False,10801,10801,1,1,0,Fw_then_Bw,9083,2.27075,1079,8003,False,False,-1803.1010406751498,45857941.088788,1800.0030890010144,-1799.992528006745,True,2,1,True,False,False,False,True,False
speed_1800rpm__torque_200Nm__temperature_25degC,validation,data/original_dataset/Test_25deg/1800rpm/1800.0rpm200.0Nm25.0deg.csv,39765,4869308,2026-06-23T17:44:53.909683+00:00,False,10800,10800,1,1,0,Fw_then_Bw,9082,2.2705,1080,8003,False,False,-1803.496778011322,45857968.74884533,1800.0093473334953,-1800.013035661929,True,2,1,True,False,False,False,True,False
speed_1800rpm__torque_200Nm__temperature_30degC,train,data/original_dataset/Test_30deg/1800rpm/1800.0rpm200.0Nm30.0deg.csv,39766,4867946,2026-06-23T17:45:10.353667+00:00,False,10800,10800,1,1,0,Fw_then_Bw,9084,2.271,1080,8002,False,False,-1803.5308080143295,45857932.96298,1799.9907957661585,-1800.002362326874,True,2,1,True,False,False,False,True,False
speed_1800rpm__torque_200Nm__temperature_35degC,test,data/original_dataset/Test_35deg/1800rpm/1800.0rpm200.0Nm35.0deg.csv,39766,4868745,2026-06-23T17:45:28.196826+00:00,False,10800,10800,1,1,0,Fw_then_Bw,9083,2.27075,1080,8003,False,False,-1803.9994686647938,45856129.19960132,1799.9732493287108,-1799.9981153310123,True,2,1,True,False,False,False,True,False
speed_1800rpm__torque_300Nm__temperature_25degC,train,data/original_dataset/Test_25deg/1800rpm/1800.0rpm300.0Nm25.0deg.csv,39764,4868518,2026-06-23T17:44:53.930694+00:00,False,10800,10800,1,1,0,Fw_then_Bw,9082,2.2705,1080,8002,False,False,-1804.1748740167047,65297975.94923534,1800.011303338882,-1800.0013013370335,True,2,1,True,False,False,False,True,False
speed_1800rpm__torque_300Nm__temperature_30degC,train,data/original_dataset/Test_30deg/1800rpm/1800.0rpm300.0Nm30.0deg.csv,39763,4874248,2026-06-23T17:45:10.377218+00:00,False,10800,10800,1,1,0,Fw_then_Bw,9083,2.27075,1080,8000,False,False,-1803.553271999893,45856211.31241333,1799.9914943356998,-1800.0014683348127,True,2,1,True,False,False,False,True,False
speed_1800rpm__torque_300Nm__temperature_35degC,train,data/original_dataset/Test_35deg/1800rpm/1800.0rpm300.0Nm35.0deg.csv,39766,4879998,2026-06-23T17:45:28.219363+00:00,False,10800,10800,1,1,0,Fw_then_Bw,9083,2.27075,1080,8003,False,False,-1803.4290520008653,45856159.652062014,1799.9942600387535,-1800.0072520032215,True,2,1,True,False,False,False,True,False
speed_1800rpm__torque_400Nm__temperature_25degC,train,data/original_dataset/Test_25deg/1800rpm/1800.0rpm400.0Nm25.0deg.csv,39764,4879689,2026-06-23T17:44:53.951374+00:00,False,10800,10800,1,1,0,Fw_then_Bw,9082,2.2705,1080,8002,False,False,-1804.0015919832513,45858006.39744867,1799.9958804672738,-1800.0044860042788,True,2,1,True,False,False,False,True,False
speed_1800rpm__torque_400Nm__temperature_30degC,train,data/original_dataset/Test_30deg/1800rpm/1800.0rpm400.0Nm30.0deg.csv,39765,4892381,2026-06-23T17:45:10.399321+00:00,False,10800,10800,1,1,0,Fw_then_Bw,9083,2.27075,1080,8002,False,False,-1803.8640733381424,45856160.67990667,1800.0014687277144,-1800.008676664826,True,2,1,True,False,False,False,True,False
speed_1800rpm__torque_400Nm__temperature_35degC,validation,data/original_dataset/Test_35deg/1800rpm/1800.0rpm400.0Nm35.0deg.csv,39766,4918255,2026-06-23T17:45:28.241404+00:00,False,10800,10800,1,1,0,Fw_then_Bw,9083,2.27075,1080,8003,False,False,-1803.7623166649912,45856154.408176,1799.992192599651,-1799.9986466602422,True,2,1,True,False,False,False,True,False
speed_1800rpm__torque_500Nm__temperature_25degC,train,data/original_dataset/Test_25deg/1800rpm/1800.0rpm500.0Nm25.0deg.csv,39765,4906533,2026-06-23T17:44:53.972894+00:00,False,10800,10800,1,1,0,Fw_then_Bw,9082,2.2705,1080,8003,False,False,-1804.219466013213,65298013.03792732,1800.0146280634603,-1800.0060223372807,True,2,1,True,False,False,False,True,False
speed_1800rpm__torque_500Nm__temperature_30degC,train,data/original_dataset/Test_30deg/1800rpm/1800.0rpm500.0Nm30.0deg.csv,39766,4923295,2026-06-23T17:45:10.421857+00:00,False,10800,10800,1,1,0,Fw_then_Bw,9083,2.27075,1080,8003,False,False,-1803.7030286698912,65296205.84221534,1799.9912987337061,-1800.011107659278,True,2,1,True,False,False,False,True,False
speed_1800rpm__torque_500Nm__temperature_35degC,train,data/original_dataset/Test_35deg/1800rpm/1800.0rpm500.0Nm35.0deg.csv,39765,4941493,2026-06-23T17:45:28.267719+00:00,False,10800,10800,1,1,0,Fw_then_Bw,9083,2.27075,1080,8002,False,False,-1804.0710500014636,45856178.48038666,1799.9823577653538,-1800.006413667385,True,2,1,True,False,False,False,True,False
speed_1800rpm__torque_600Nm__temperature_25degC,validation,data/original_dataset/Test_25deg/1800rpm/1800.0rpm600.0Nm25.0deg.csv,39764,4928514,2026-06-23T17:44:53.993176+00:00,False,10800,10800,1,1,0,Fw_then_Bw,9082,2.2705,1080,8002,False,False,-1804.3864333303645,65298015.85597932,1799.9953498656396,-1800.006050665009,True,2,1,True,False,False,False,True,False
speed_1800rpm__torque_600Nm__temperature_30degC,test,data/original_dataset/Test_30deg/1800rpm/1800.0rpm600.0Nm30.0deg.csv,39611,4924903,2026-06-23T17:45:10.443311+00:00,False,10800,10800,1,1,0,Fw_then_Bw,8930,2.2325,1080,8001,False,False,-1803.6584926691526,65020828.15999201,1800.0050166641206,-1800.0019993341994,True,2,1,True,False,False,False,True,False
speed_1800rpm__torque_600Nm__temperature_35degC,train,data/original_dataset/Test_35deg/1800rpm/1800.0rpm600.0Nm35.0deg.csv,39764,4929209,2026-06-23T17:45:28.297609+00:00,False,10800,10800,1,1,0,Fw_then_Bw,9083,2.27075,1080,8001,False,False,-1803.7300746655092,45856188.24446533,1799.9995406329012,-1800.010241335258,True,2,1,True,False,False,False,True,False
speed_1800rpm__torque_700Nm__temperature_25degC,train,data/original_dataset/Test_25deg/1800rpm/1800.0rpm700.0Nm25.0deg.csv,39765,4943138,2026-06-23T17:44:54.013229+00:00,False,10800,10800,1,1,0,Fw_then_Bw,9082,2.2705,1080,8003,False,False,-1804.218403995037,45858016.758598,1800.0090119991605,-1800.0061899947468,True,2,1,True,False,False,False,True,False
speed_1800rpm__torque_700Nm__temperature_30degC,test,data/original_dataset/Test_30deg/1800rpm/1800.0rpm700.0Nm30.0deg.csv,39766,4932121,2026-06-23T17:45:10.466309+00:00,False,10800,10800,1,1,0,Fw_then_Bw,9083,2.27075,1080,8003,False,False,-1804.3313360152144,45856212.95912133,1799.997948333233,-1800.0058826679985,True,2,1,True,False,False,False,True,False
speed_1800rpm__torque_700Nm__temperature_35degC,train,data/original_dataset/Test_35deg/1800rpm/1800.0rpm700.0Nm35.0deg.csv,39765,4898978,2026-06-23T17:45:28.323133+00:00,False,10800,10800,1,1,0,Fw_then_Bw,9083,2.27075,1080,8002,False,False,-1804.132070004319,45856206.39614802,1799.9927234001611,-1800.0186796610556,True,2,1,True,False,False,False,True,False
speed_1800rpm__torque_800Nm__temperature_25degC,train,data/original_dataset/Test_25deg/1800rpm/1800.0rpm800.0Nm25.0deg.csv,39764,4921159,2026-06-23T17:44:54.031762+00:00,False,10800,10800,1,1,0,Fw_then_Bw,9082,2.2705,1080,8002,False,False,-1804.9632193287835,45858051.91861468,1800.000267001451,-1800.0216686729495,True,2,1,True,False,False,False,True,False
speed_1800rpm__torque_800Nm__temperature_30degC,train,data/original_dataset/Test_30deg/1800rpm/1800.0rpm800.0Nm30.0deg.csv,39765,4896621,2026-06-23T17:45:10.487330+00:00,False,10800,10800,1,1,0,Fw_then_Bw,9083,2.27075,1080,8002,False,False,-1804.2394706668954,45856269.30205132,1800.0030609982787,-1799.9988420051523,True,2,1,True,False,False,False,True,False
speed_1800rpm__torque_800Nm__temperature_35degC,train,data/original_dataset/Test_35deg/1800rpm/1800.0rpm800.0Nm35.0deg.csv,39766,4877302,2026-06-23T17:45:28.343305+00:00,False,10800,10800,1,1,0,Fw_then_Bw,9083,2.27075,1080,8003,False,False,-1803.9437006615722,45856221.109852,1799.9967467330862,-1800.0225349969696,True,2,1,True,False,False,False,True,False
speed_1800rpm__torque_900Nm__temperature_25degC,train,data/original_dataset/Test_25deg/1800rpm/1800.0rpm900.0Nm25.0deg.csv,39764,4900924,2026-06-23T17:44:54.052882+00:00,False,10800,10800,1,1,0,Fw_then_Bw,9083,2.27075,1080,8001,False,False,-1804.9628293180529,65294451.984409325,1800.0242676692628,-1800.019042333588,True,2,1,True,False,False,False,True,False
speed_1800rpm__torque_900Nm__temperature_30degC,train,data/original_dataset/Test_30deg/1800rpm/1800.0rpm900.0Nm30.0deg.csv,39764,4872642,2026-06-23T17:45:10.508494+00:00,False,10800,10800,1,1,0,Fw_then_Bw,9083,2.27075,1080,8001,False,False,-1804.2875266595122,45856230.84727665,1799.9977804671896,-1800.0130353223844,True,2,1,True,False,False,False,True,False
speed_1800rpm__torque_900Nm__temperature_35degC,test,data/original_dataset/Test_35deg/1800rpm/1800.0rpm900.0Nm35.0deg.csv,39765,4868349,2026-06-23T17:45:28.366318+00:00,False,10800,10799,1,1,0,Fw_then_Bw,9084,2.271,1079,8003,False,False,-1804.9035406632659,45856230.690088004,1800.004821328912,-1800.0251613169287,True,2,1,True,False,False,False,True,False
speed_1800rpm__torque_1000Nm__temperature_25degC,train,data/original_dataset/Test_25deg/1800rpm/1800.0rpm1000.0Nm25.0deg.csv,39765,4877389,2026-06-23T17:44:53.722805+00:00,False,10800,10800,1,1,0,Fw_then_Bw,9083,2.27075,1080,8002,False,False,-1804.8470466746949,45854449.98895733,1799.9972776306095,-1800.0013006676454,True,2,1,True,False,False,False,True,False
speed_1800rpm__torque_1000Nm__temperature_30degC,train,data/original_dataset/Test_30deg/1800rpm/1800.0rpm1000.0Nm30.0deg.csv,39766,4868676,2026-06-23T17:45:10.162044+00:00,False,10800,10801,1,1,0,Fw_then_Bw,9083,2.27075,1079,8003,False,False,-1804.2773573348918,45856251.45390667,1799.9948185655132,-1800.0135946592006,True,2,1,True,False,False,False,True,False
speed_1800rpm__torque_1000Nm__temperature_35degC,validation,data/original_dataset/Test_35deg/1800rpm/1800.0rpm1000.0Nm35.0deg.csv,39763,4867686,2026-06-23T17:45:28.002102+00:00,False,10800,10800,1,1,0,Fw_then_Bw,9084,2.271,1079,8000,False,False,-1804.3085373356007,45856225.27711132,1799.9865766663181,-1799.9983393334937,True,2,1,True,False,False,False,True,False
speed_1800rpm__torque_1100Nm__temperature_25degC,train,data/original_dataset/Test_25deg/1800rpm/1800.0rpm1100.0Nm25.0deg.csv,39766,4868272,2026-06-23T17:44:53.741436+00:00,False,10800,10800,1,1,0,Fw_then_Bw,9083,2.27075,1080,8003,False,False,-1804.7933466732502,45854482.13266199,1800.0216411358754,-1800.0154943341233,True,2,1,True,False,False,False,True,False
speed_1800rpm__torque_1100Nm__temperature_30degC,train,data/original_dataset/Test_30deg/1800rpm/1800.0rpm1100.0Nm30.0deg.csv,39764,4868010,2026-06-23T17:45:10.184057+00:00,False,10801,10800,1,1,0,Fw_then_Bw,9083,2.27075,1079,8001,False,False,-1804.9462886604792,45856299.99021066,1800.0027540062244,-1800.0313076675716,True,2,1,True,False,False,False,True,False
speed_1800rpm__torque_1100Nm__temperature_35degC,train,data/original_dataset/Test_35deg/1800rpm/1800.0rpm1100.0Nm35.0deg.csv,39763,4866501,2026-06-23T17:45:28.022115+00:00,False,10799,10800,1,1,0,Fw_then_Bw,9083,2.27075,1080,8001,False,False,-1804.2348326804738,45854467.84067932,1799.982357333647,-1800.018847337924,True,2,1,True,False,False,False,True,False
speed_1800rpm__torque_1200Nm__temperature_25degC,train,data/original_dataset/Test_25deg/1800rpm/1800.0rpm1200.0Nm25.0deg.csv,38791,4747774,2026-06-23T17:44:53.761977+00:00,False,10800,10800,1,1,0,Fw_then_Bw,8109,2.02725,1080,8002,False,False,-1805.504858668428,63541295.29500399,1800.0235965349325,-1800.022003997583,True,2,1,True,False,False,False,True,False
speed_1800rpm__torque_1200Nm__temperature_30degC,train,data/original_dataset/Test_30deg/1800rpm/1800.0rpm1200.0Nm30.0deg.csv,39446,4827996,2026-06-23T17:45:10.206136+00:00,False,10800,10800,1,1,0,Fw_then_Bw,8763,2.19075,1080,8003,False,False,-1804.7533933422528,64720289.13779199,1800.0171146947346,-1800.0247979944106,True,2,1,True,False,False,False,True,False
speed_1800rpm__torque_1200Nm__temperature_35degC,validation,data/original_dataset/Test_35deg/1800rpm/1800.0rpm1200.0Nm35.0deg.csv,39764,4866684,2026-06-23T17:45:28.042676+00:00,False,10800,10800,1,1,0,Fw_then_Bw,9082,2.2705,1080,8002,False,False,-1804.8540873181387,45854471.675400004,1800.014264668183,-1800.0242953324537,True,2,1,True,False,False,False,True,False
speed_1800rpm__torque_1300Nm__temperature_25degC,train,data/original_dataset/Test_25deg/1800rpm/1800.0rpm1300.0Nm25.0deg.csv,39763,4866032,2026-06-23T17:44:53.783046+00:00,False,10800,10800,1,1,0,Fw_then_Bw,9083,2.27075,1080,8000,False,False,-1805.5623586794052,65294484.34945202,1799.9868839979172,-1800.0313079974148,True,2,1,True,False,False,False,True,False
speed_1800rpm__torque_1300Nm__temperature_30degC,train,data/original_dataset/Test_30deg/1800rpm/1800.0rpm1300.0Nm30.0deg.csv,39763,4867590,2026-06-23T17:45:10.226203+00:00,False,10800,10800,1,1,0,Fw_then_Bw,9082,2.2705,1080,8001,False,False,-1805.0403333230254,45854495.41088134,1800.0014686695067,-1800.0154943341233,True,2,1,True,False,False,False,True,False
speed_1800rpm__torque_1300Nm__temperature_35degC,validation,data/original_dataset/Test_35deg/1800rpm/1800.0rpm1300.0Nm35.0deg.csv,39764,4866373,2026-06-23T17:45:28.063216+00:00,False,10800,10800,1,1,0,Fw_then_Bw,9082,2.2705,1080,8002,False,False,-1805.2035013485388,45854489.38496399,1799.9798990689064,-1800.022674666252,True,2,1,True,False,False,False,True,False
speed_1800rpm__torque_1400Nm__temperature_25degC,train,data/original_dataset/Test_25deg/1800rpm/1800.0rpm1400.0Nm25.0deg.csv,39764,4867056,2026-06-23T17:44:53.802743+00:00,False,10800,10800,1,1,0,Fw_then_Bw,9083,2.27075,1080,8001,False,False,-1805.5886219954118,45854524.584989995,1800.0069166640362,-1800.0091800058726,True,2,1,True,False,False,False,True,False
speed_1800rpm__torque_1400Nm__temperature_30degC,train,data/original_dataset/Test_30deg/1800rpm/1800.0rpm1400.0Nm30.0deg.csv,39763,4867130,2026-06-23T17:45:10.247707+00:00,False,10800,10800,1,1,0,Fw_then_Bw,9082,2.2705,1080,8001,False,False,-1804.4404679870543,45854519.09227268,1800.0298830399213,-1800.0132589950226,True,2,1,True,False,False,False,True,False
speed_1800rpm__torque_1400Nm__temperature_35degC,validation,data/original_dataset/Test_35deg/1800rpm/1800.0rpm1400.0Nm35.0deg.csv,39764,4867056,2026-06-23T17:45:28.085223+00:00,False,10800,10800,1,1,0,Fw_then_Bw,9082,2.2705,1080,8002,False,False,-1805.2304913289845,45854510.82508999,1799.9942600339032,-1800.0037593301386,True,2,1,True,False,False,False,True,False
speed_1800rpm__torque_1500Nm__temperature_25degC,train,data/original_dataset/Test_25deg/1800rpm/1800.0rpm1500.0Nm25.0deg.csv,39766,4867481,2026-06-23T17:44:53.824274+00:00,False,10800,10800,1,1,0,Fw_then_Bw,9084,2.271,1079,8003,False,False,-1805.6437746660474,45854541.477542,1800.0065533366674,-1800.0000993294332,True,2,1,True,False,False,False,True,False
speed_1800rpm__torque_1500Nm__temperature_30degC,train,data/original_dataset/Test_30deg/1800rpm/1800.0rpm1500.0Nm30.0deg.csv,39765,4866129,2026-06-23T17:45:10.270246+00:00,False,10800,10800,1,1,0,Fw_then_Bw,9082,2.2705,1080,8003,False,False,-1804.8909120067642,45854572.49969267,1800.019573366929,-1800.007084336054,True,2,1,True,False,False,False,True,False
speed_1800rpm__torque_1500Nm__temperature_35degC,train,data/original_dataset/Test_35deg/1800rpm/1800.0rpm1500.0Nm35.0deg.csv,39765,4867909,2026-06-23T17:45:28.106234+00:00,False,10800,10800,1,1,0,Fw_then_Bw,9082,2.2705,1080,8003,False,False,-1805.715970675616,45854522.90140067,1799.9857105314732,-1800.0393823410072,True,2,1,True,False,False,False,True,False
speed_1800rpm__torque_1600Nm__temperature_25degC,train,data/original_dataset/Test_25deg/1800rpm/1800.0rpm1600.0Nm25.0deg.csv,39763,4867069,2026-06-23T17:44:53.845413+00:00,False,10800,10800,1,1,0,Fw_then_Bw,9084,2.271,1079,8000,False,False,-1805.8286233378265,45854546.74914465,1800.000602330935,-1800.004150669944,True,2,1,True,False,False,False,True,False
speed_1800rpm__torque_1600Nm__temperature_30degC,train,data/original_dataset/Test_30deg/1800rpm/1800.0rpm1600.0Nm30.0deg.csv,39764,4868167,2026-06-23T17:45:10.291283+00:00,False,10800,10800,1,1,0,Fw_then_Bw,9082,2.2705,1080,8002,False,False,-1805.2578159840778,45854525.740184,1799.9970820722715,-1800.011834333418,True,2,1,True,False,False,False,True,False
speed_1800rpm__torque_1600Nm__temperature_35degC,train,data/original_dataset/Test_35deg/1800rpm/1800.0rpm1600.0Nm35.0deg.csv,39764,4868202,2026-06-23T17:45:28.126779+00:00,False,10800,10800,1,1,0,Fw_then_Bw,9082,2.2705,1080,8002,False,False,-1805.604100013928,45854536.47393733,1800.000909701339,-1800.0192379986402,True,2,1,True,False,False,False,True,False
speed_1800rpm__torque_1700Nm__temperature_25degC,train,data/original_dataset/Test_25deg/1800rpm/1800.0rpm1700.0Nm25.0deg.csv,39763,4866994,2026-06-23T17:44:53.867424+00:00,False,10800,10800,1,1,0,Fw_then_Bw,9082,2.2705,1080,8001,False,False,-1805.8377320024497,65292754.388508014,1800.030414330346,-1800.004122672059,True,2,1,True,False,False,False,True,False
speed_1800rpm__torque_1700Nm__temperature_30degC,validation,data/original_dataset/Test_30deg/1800rpm/1800.0rpm1700.0Nm30.0deg.csv,39764,4865998,2026-06-23T17:45:10.310844+00:00,False,10800,10800,1,1,0,Fw_then_Bw,9082,2.2705,1080,8002,False,False,-1805.38276200726,45854555.88776667,1799.9823576683411,-1799.9841460065606,True,2,1,True,False,False,False,True,False
speed_1800rpm__torque_1700Nm__temperature_35degC,train,data/original_dataset/Test_35deg/1800rpm/1800.0rpm1700.0Nm35.0deg.csv,39766,4866520,2026-06-23T17:45:28.151845+00:00,False,10800,10800,1,1,0,Fw_then_Bw,9083,2.27075,1080,8003,False,False,-1805.217136008044,45854561.872221336,1799.9870796726705,-1799.9979480033896,True,2,1,True,False,False,False,True,False
speed_1800rpm__torque_1800Nm__temperature_25degC,train,data/original_dataset/Test_25deg/1800rpm/1800.0rpm1800.0Nm25.0deg.csv,39490,4833792,2026-06-23T17:44:53.889768+00:00,False,10800,10800,1,1,0,Fw_then_Bw,8809,2.2022500000000003,1080,8001,False,False,-1805.5683373240754,64801373.328231335,1800.0108003325295,-1799.996747004722,True,2,1,True,False,False,False,True,False
speed_1800rpm__torque_1800Nm__temperature_30degC,train,data/original_dataset/Test_30deg/1800rpm/1800.0rpm1800.0Nm30.0deg.csv,39766,4867335,2026-06-23T17:45:10.332560+00:00,False,10800,10800,1,1,0,Fw_then_Bw,9083,2.27075,1080,8003,False,False,-1805.716026671386,45854578.93218868,1799.984648663667,-1800.0174499951147,True,2,1,True,False,False,False,True,False
speed_1800rpm__torque_1800Nm__temperature_35degC,train,data/original_dataset/Test_35deg/1800rpm/1800.0rpm1800.0Nm35.0deg.csv,39762,4869066,2026-06-23T17:45:28.176388+00:00,False,10800,10800,1,1,0,Fw_then_Bw,9083,2.27075,1079,8000,False,False,-1805.4645133282368,45854576.56033333,1800.0132032320835,-1799.9904043293404,True,2,1,True,False,False,False,True,False
