W0429 14:55:36.223000 9572 site-packages\torch\utils\flop_counter.py:29] triton not found; flop counting will not work for triton kernels
[INFO] Loading original-dataset exact config | R:\config\paper_reimplementation\rcim_ml_compensation\original_dataset_exact_model_bank\campaigns\track1\exact_paper\forward_last_three_open_cells\ert\2026-04-29_track1_forward_ert_ampl_h156_last_three_open_cells\004_track1_forward_ert_ampl_h156_last_three_open_cells_attempt_04.yaml
[INFO] Building original-dataset exact bundle
[INFO] Original-dataset exact bundle ready | direction=forward rows=969 targets=1 families=1
[INFO] Family fit started | family=ERT estimator=ExtraTreesRegressor targets=1 threadpool_limit=1 joblib_cpu_limit=system_default os_cpu_count=32
[INFO] Family target scope | family=ERT kinds=ampl harmonics=156 preview=fft_y_Fw_filtered_ampl_156
[INFO] Grid search configured | family=ERT candidates=250 parameter_count=4 n_jobs=-1 verbose=2 pre_dispatch=2*n_jobs
W0429 14:56:21.850000 12032 site-packages\torch\utils\flop_counter.py:29] triton not found; flop counting will not work for triton kernels
W0429 14:56:21.868000 21172 site-packages\torch\utils\flop_counter.py:29] triton not found; flop counting will not work for triton kernels
W0429 14:56:21.983000 10364 site-packages\torch\utils\flop_counter.py:29] triton not found; flop counting will not work for triton kernels
W0429 14:56:22.056000 15404 site-packages\torch\utils\flop_counter.py:29] triton not found; flop counting will not work for triton kernels
W0429 14:56:22.141000 30180 site-packages\torch\utils\flop_counter.py:29] triton not found; flop counting will not work for triton kernels
W0429 14:56:22.203000 27024 site-packages\torch\utils\flop_counter.py:29] triton not found; flop counting will not work for triton kernels
W0429 14:56:22.247000 40812 site-packages\torch\utils\flop_counter.py:29] triton not found; flop counting will not work for triton kernels
W0429 14:56:22.294000 27092 site-packages\torch\utils\flop_counter.py:29] triton not found; flop counting will not work for triton kernels
W0429 14:56:22.315000 40260 site-packages\torch\utils\flop_counter.py:29] triton not found; flop counting will not work for triton kernels
W0429 14:56:22.362000 32700 site-packages\torch\utils\flop_counter.py:29] triton not found; flop counting will not work for triton kernels
W0429 14:56:22.368000 44604 site-packages\torch\utils\flop_counter.py:29] triton not found; flop counting will not work for triton kernels
W0429 14:56:22.556000 15996 site-packages\torch\utils\flop_counter.py:29] triton not found; flop counting will not work for triton kernels
W0429 14:56:22.574000 43032 site-packages\torch\utils\flop_counter.py:29] triton not found; flop counting will not work for triton kernels
W0429 14:56:22.613000 27840 site-packages\torch\utils\flop_counter.py:29] triton not found; flop counting will not work for triton kernels
W0429 14:56:22.621000 43352 site-packages\torch\utils\flop_counter.py:29] triton not found; flop counting will not work for triton kernels
W0429 14:56:22.652000 35748 site-packages\torch\utils\flop_counter.py:29] triton not found; flop counting will not work for triton kernels
W0429 14:56:22.901000 9724 site-packages\torch\utils\flop_counter.py:29] triton not found; flop counting will not work for triton kernels
W0429 14:56:23.017000 12632 site-packages\torch\utils\flop_counter.py:29] triton not found; flop counting will not work for triton kernels
W0429 14:56:23.085000 43256 site-packages\torch\utils\flop_counter.py:29] triton not found; flop counting will not work for triton kernels
W0429 14:56:23.093000 2400 site-packages\torch\utils\flop_counter.py:29] triton not found; flop counting will not work for triton kernels
W0429 14:56:23.093000 9000 site-packages\torch\utils\flop_counter.py:29] triton not found; flop counting will not work for triton kernels
W0429 14:56:23.099000 24680 site-packages\torch\utils\flop_counter.py:29] triton not found; flop counting will not work for triton kernels
W0429 14:56:23.123000 21664 site-packages\torch\utils\flop_counter.py:29] triton not found; flop counting will not work for triton kernels
W0429 14:56:23.124000 26884 site-packages\torch\utils\flop_counter.py:29] triton not found; flop counting will not work for triton kernels
W0429 14:56:23.140000 42108 site-packages\torch\utils\flop_counter.py:29] triton not found; flop counting will not work for triton kernels
W0429 14:56:23.146000 44688 site-packages\torch\utils\flop_counter.py:29] triton not found; flop counting will not work for triton kernels
W0429 14:56:23.146000 39776 site-packages\torch\utils\flop_counter.py:29] triton not found; flop counting will not work for triton kernels
W0429 14:56:23.146000 37332 site-packages\torch\utils\flop_counter.py:29] triton not found; flop counting will not work for triton kernels
W0429 14:56:23.148000 20216 site-packages\torch\utils\flop_counter.py:29] triton not found; flop counting will not work for triton kernels
W0429 14:56:23.148000 24432 site-packages\torch\utils\flop_counter.py:29] triton not found; flop counting will not work for triton kernels
W0429 14:56:23.150000 45500 site-packages\torch\utils\flop_counter.py:29] triton not found; flop counting will not work for triton kernels
W0429 14:56:23.154000 26752 site-packages\torch\utils\flop_counter.py:29] triton not found; flop counting will not work for triton kernels
[CV] END estimator__criterion=squared_error, estimator__max_depth=14, estimator__min_samples_split=2, estimator__n_estimators=20; total time=   0.0s
[CV] END estimator__criterion=squared_error, estimator__max_depth=14, estimator__min_samples_split=3, estimator__n_estimators=80; total time=   0.0s
[CV] END estimator__criterion=squared_error, estimator__max_depth=14, estimator__min_samples_split=3, estimator__n_estimators=100; total time=   0.0s
[CV] END estimator__criterion=squared_error, estimator__max_depth=14, estimator__min_samples_split=4, estimator__n_estimators=40; total time=   0.0s
[CV] END estimator__criterion=squared_error, estimator__max_depth=14, estimator__min_samples_split=4, estimator__n_estimators=60; total time=   0.0s
[CV] END estimator__criterion=squared_error, estimator__max_depth=14, estimator__min_samples_split=5, estimator__n_estimators=20; total time=   0.0s
[CV] END estimator__criterion=squared_error, estimator__max_depth=14, estimator__min_samples_split=5, estimator__n_estimators=20; total time=   0.0s
[CV] END estimator__criterion=squared_error, estimator__max_depth=14, estimator__min_samples_split=5, estimator__n_estimators=40; total time=   0.0s
[CV] END estimator__criterion=squared_error, estimator__max_depth=14, estimator__min_samples_split=5, estimator__n_estimators=80; total time=   0.0s
[CV] END estimator__criterion=squared_error, estimator__max_depth=14, estimator__min_samples_split=6, estimator__n_estimators=40; total time=   0.0s
[CV] END estimator__criterion=squared_error, estimator__max_depth=14, estimator__min_samples_split=6, estimator__n_estimators=80; total time=   0.0s
[CV] END estimator__criterion=squared_error, estimator__max_depth=15, estimator__min_samples_split=2, estimator__n_estimators=60; total time=   0.0s
[CV] END estimator__criterion=squared_error, estimator__max_depth=15, estimator__min_samples_split=3, estimator__n_estimators=20; total time=   0.0s
[CV] END estimator__criterion=squared_error, estimator__max_depth=15, estimator__min_samples_split=3, estimator__n_estimators=40; total time=   0.0s
[CV] END estimator__criterion=squared_error, estimator__max_depth=15, estimator__min_samples_split=3, estimator__n_estimators=80; total time=   0.0s
[CV] END estimator__criterion=squared_error, estimator__max_depth=15, estimator__min_samples_split=4, estimator__n_estimators=80; total time=   0.0s
[CV] END estimator__criterion=squared_error, estimator__max_depth=15, estimator__min_samples_split=5, estimator__n_estimators=60; total time=   0.0s
[CV] END estimator__criterion=squared_error, estimator__max_depth=15, estimator__min_samples_split=6, estimator__n_estimators=40; total time=   0.0s
[CV] END estimator__criterion=squared_error, estimator__max_depth=16, estimator__min_samples_split=2, estimator__n_estimators=40; total time=   0.0s
[CV] END estimator__criterion=squared_error, estimator__max_depth=16, estimator__min_samples_split=3, estimator__n_estimators=40; total time=   0.0s
[CV] END estimator__criterion=squared_error, estimator__max_depth=16, estimator__min_samples_split=4, estimator__n_estimators=20; total time=   0.0s
[CV] END estimator__criterion=squared_error, estimator__max_depth=16, estimator__min_samples_split=4, estimator__n_estimators=60; total time=   0.0s
[CV] END estimator__criterion=squared_error, estimator__max_depth=16, estimator__min_samples_split=6, estimator__n_estimators=40; total time=   0.0s
[CV] END estimator__criterion=squared_error, estimator__max_depth=16, estimator__min_samples_split=6, estimator__n_estimators=40; total time=   0.0s
[CV] END estimator__criterion=squared_error, estimator__max_depth=17, estimator__min_samples_split=3, estimator__n_estimators=20; total time=   0.0s
[CV] END estimator__criterion=squared_error, estimator__max_depth=17, estimator__min_samples_split=3, estimator__n_estimators=20; total time=   0.0s
[CV] END estimator__criterion=squared_error, estimator__max_depth=17, estimator__min_samples_split=3, estimator__n_estimators=80; total time=   0.0s
[CV] END estimator__criterion=squared_error, estimator__max_depth=17, estimator__min_samples_split=3, estimator__n_estimators=80; total time=   0.0s
[CV] END estimator__criterion=squared_error, estimator__max_depth=18, estimator__min_samples_split=3, estimator__n_estimators=100; total time=   0.0s
[CV] END estimator__criterion=squared_error, estimator__max_depth=18, estimator__min_samples_split=3, estimator__n_estimators=100; total time=   0.0s
[CV] END estimator__criterion=squared_error, estimator__max_depth=18, estimator__min_samples_split=4, estimator__n_estimators=20; total time=   0.0s
[CV] END estimator__criterion=squared_error, estimator__max_depth=18, estimator__min_samples_split=4, estimator__n_estimators=20; total time=   0.0s
[CV] END estimator__criterion=absolute_error, estimator__max_depth=14, estimator__min_samples_split=4, estimator__n_estimators=80; total time=   0.3s
[CV] END estimator__criterion=absolute_error, estimator__max_depth=14, estimator__min_samples_split=4, estimator__n_estimators=80; total time=   0.3s
[CV] END estimator__criterion=absolute_error, estimator__max_depth=14, estimator__min_samples_split=4, estimator__n_estimators=80; total time=   0.3s
[CV] END estimator__criterion=absolute_error, estimator__max_depth=14, estimator__min_samples_split=4, estimator__n_estimators=100; total time=   0.3s
[CV] END estimator__criterion=absolute_error, estimator__max_depth=16, estimator__min_samples_split=2, estimator__n_estimators=40; total time=   0.1s
[CV] END estimator__criterion=absolute_error, estimator__max_depth=16, estimator__min_samples_split=2, estimator__n_estimators=60; total time=   0.2s
[CV] END estimator__criterion=absolute_error, estimator__max_depth=16, estimator__min_samples_split=2, estimator__n_estimators=60; total time=   0.2s
[CV] END estimator__criterion=absolute_error, estimator__max_depth=16, estimator__min_samples_split=2, estimator__n_estimators=60; total time=   0.2s
[CV] END estimator__criterion=absolute_error, estimator__max_depth=17, estimator__min_samples_split=2, estimator__n_estimators=20; total time=   0.0s
[CV] END estimator__criterion=absolute_error, estimator__max_depth=17, estimator__min_samples_split=2, estimator__n_estimators=20; total time=   0.0s
[CV] END estimator__criterion=absolute_error, estimator__max_depth=17, estimator__min_samples_split=2, estimator__n_estimators=20; total time=   0.0s
[CV] END estimator__criterion=absolute_error, estimator__max_depth=17, estimator__min_samples_split=2, estimator__n_estimators=20; total time=   0.0s
[CV] END estimator__criterion=absolute_error, estimator__max_depth=17, estimator__min_samples_split=4, estimator__n_estimators=20; total time=   0.0s
[CV] END estimator__criterion=absolute_error, estimator__max_depth=17, estimator__min_samples_split=4, estimator__n_estimators=20; total time=   0.0s
[CV] END estimator__criterion=absolute_error, estimator__max_depth=17, estimator__min_samples_split=4, estimator__n_estimators=20; total time=   0.0s
[CV] END estimator__criterion=absolute_error, estimator__max_depth=17, estimator__min_samples_split=4, estimator__n_estimators=40; total time=   0.1s
[CV] END estimator__criterion=absolute_error, estimator__max_depth=17, estimator__min_samples_split=5, estimator__n_estimators=40; total time=   0.1s
[CV] END estimator__criterion=absolute_error, estimator__max_depth=17, estimator__min_samples_split=5, estimator__n_estimators=60; total time=   0.1s
[CV] END estimator__criterion=absolute_error, estimator__max_depth=17, estimator__min_samples_split=5, estimator__n_estimators=60; total time=   0.1s
[CV] END estimator__criterion=absolute_error, estimator__max_depth=17, estimator__min_samples_split=5, estimator__n_estimators=60; total time=   0.1s
[CV] END estimator__criterion=absolute_error, estimator__max_depth=18, estimator__min_samples_split=5, estimator__n_estimators=20; total time=   0.0s
[CV] END estimator__criterion=absolute_error, estimator__max_depth=18, estimator__min_samples_split=5, estimator__n_estimators=20; total time=   0.0s
[CV] END estimator__criterion=absolute_error, estimator__max_depth=18, estimator__min_samples_split=5, estimator__n_estimators=20; total time=   0.0sFitting 5 folds for each of 250 candidates, totalling 1250 fits
[DONE] Family fit complete | family=ERT elapsed=16.30s best_score=0.46502321994209794 best_params={'estimator__criterion': 'squared_error', 'estimator__max_depth': 14, 'estimator__min_samples_split': 6, 'estimator__n_estimators': 20}
[INFO] Family evaluation started | family=ERT targets=1
[DONE] Family evaluation complete | family=ERT elapsed=0.00s mean_component_mape=13.893% mean_component_mae=0.000064
[INFO] Family ONNX export started | family=ERT targets=1 estimator=ExtraTreesRegressor
[DONE] Family ONNX export complete | family=ERT elapsed=0.05s exported=1 failed=0
[DONE] Original-dataset exact validation complete | summary=output/validation_checks/paper_reimplementation_rcim_original_dataset_exact_model_bank_forward_last_three_open_cells/2026-04-29-14-55-36__track1_forward_ert_ampl_h156_last_three_open_cells_attempt_04_campaign_run/validation_summary.yaml report=doc/reports/analysis/validation_checks/2026-04-29-14-56-30_paper_reimplementation_rcim_original_dataset_exact_model_bank_forward_last_three_open_cells_track1_forward_ert_ampl_h156_last_three_open_cells_attempt_04_campaign_run_original_dataset_exact_model_bank_report.md
[CV] END estimator__criterion=squared_error, estimator__max_depth=14, estimator__min_samples_split=2, estimator__n_estimators=40; total time=   0.0s
[CV] END estimator__criterion=squared_error, estimator__max_depth=14, estimator__min_samples_split=4, estimator__n_estimators=20; total time=   0.0s
[CV] END estimator__criterion=squared_error, estimator__max_depth=14, estimator__min_samples_split=4, estimator__n_estimators=40; total time=   0.0s
[CV] END estimator__criterion=squared_error, estimator__max_depth=14, estimator__min_samples_split=4, estimator__n_estimators=80; total time=   0.0s
[CV] END estimator__criterion=squared_error, estimator__max_depth=14, estimator__min_samples_split=5, estimator__n_estimators=20; total time=   0.0s
[CV] END estimator__criterion=squared_error, estimator__max_depth=14, estimator__min_samples_split=5, estimator__n_estimators=40; total time=   0.0s
[CV] END estimator__criterion=squared_error, estimator__max_depth=14, estimator__min_samples_split=5, estimator__n_estimators=60; total time=   0.0s
[CV] END estimator__criterion=squared_error, estimator__max_depth=14, estimator__min_samples_split=5, estimator__n_estimators=100; total time=   0.0s
[CV] END estimator__criterion=squared_error, estimator__max_depth=14, estimator__min_samples_split=6, estimator__n_estimators=100; total time=   0.0s
[CV] END estimator__criterion=squared_error, estimator__max_depth=15, estimator__min_samples_split=2, estimator__n_estimators=80; total time=   0.0s
[CV] END estimator__criterion=squared_error, estimator__max_depth=15, estimator__min_samples_split=3, estimator__n_estimators=60; total time=   0.0s
[CV] END estimator__criterion=squared_error, estimator__max_depth=15, estimator__min_samples_split=4, estimator__n_estimators=40; total time=   0.0s
[CV] END estimator__criterion=squared_error, estimator__max_depth=15, estimator__min_samples_split=4, estimator__n_estimators=80; total time=   0.0s
[CV] END estimator__criterion=squared_error, estimator__max_depth=15, estimator__min_samples_split=5, estimator__n_estimators=60; total time=   0.0s
[CV] END estimator__criterion=squared_error, estimator__max_depth=15, estimator__min_samples_split=6, estimator__n_estimators=60; total time=   0.0s
[CV] END estimator__criterion=squared_error, estimator__max_depth=16, estimator__min_samples_split=2, estimator__n_estimators=60; total time=   0.0s
[CV] END estimator__criterion=squared_error, estimator__max_depth=16, estimator__min_samples_split=3, estimator__n_estimators=100; total time=   0.0s
[CV] END estimator__criterion=squared_error, estimator__max_depth=17, estimator__min_samples_split=2, estimator__n_estimators=20; total time=   0.0s
[CV] END estimator__criterion=squared_error, estimator__max_depth=17, estimator__min_samples_split=2, estimator__n_estimators=20; total time=   0.0s
[CV] END estimator__criterion=squared_error, estimator__max_depth=17, estimator__min_samples_split=3, estimator__n_estimators=40; total time=   0.0s
[CV] END estimator__criterion=squared_error, estimator__max_depth=17, estimator__min_samples_split=3, estimator__n_estimators=40; total time=   0.0s
[CV] END estimator__criterion=squared_error, estimator__max_depth=17, estimator__min_samples_split=5, estimator__n_estimators=60; total time=   0.0s
[CV] END estimator__criterion=squared_error, estimator__max_depth=17, estimator__min_samples_split=5, estimator__n_estimators=80; total time=   0.0s
[CV] END estimator__criterion=squared_error, estimator__max_depth=17, estimator__min_samples_split=5, estimator__n_estimators=80; total time=   0.0s
[CV] END estimator__criterion=squared_error, estimator__max_depth=17, estimator__min_samples_split=5, estimator__n_estimators=80; total time=   0.0s
[CV] END estimator__criterion=absolute_error, estimator__max_depth=14, estimator__min_samples_split=3, estimator__n_estimators=80; total time=   0.3s
[CV] END estimator__criterion=absolute_error, estimator__max_depth=14, estimator__min_samples_split=3, estimator__n_estimators=80; total time=   0.3s
[CV] END estimator__criterion=absolute_error, estimator__max_depth=14, estimator__min_samples_split=3, estimator__n_estimators=100; total time=   0.4s
[CV] END estimator__criterion=absolute_error, estimator__max_depth=14, estimator__min_samples_split=3, estimator__n_estimators=100; total time=   0.4s
[CV] END estimator__criterion=absolute_error, estimator__max_depth=16, estimator__min_samples_split=3, estimator__n_estimators=80; total time=   0.3s
[CV] END estimator__criterion=absolute_error, estimator__max_depth=16, estimator__min_samples_split=3, estimator__n_estimators=80; total time=   0.3s
[CV] END estimator__criterion=absolute_error, estimator__max_depth=16, estimator__min_samples_split=3, estimator__n_estimators=80; total time=   0.3s
[CV] END estimator__criterion=absolute_error, estimator__max_depth=16, estimator__min_samples_split=3, estimator__n_estimators=80; total time=   0.3s
[CV] END estimator__criterion=absolute_error, estimator__max_depth=17, estimator__min_samples_split=6, estimator__n_estimators=20; total time=   0.0s
[CV] END estimator__criterion=absolute_error, estimator__max_depth=17, estimator__min_samples_split=6, estimator__n_estimators=40; total time=   0.1s
[CV] END estimator__criterion=absolute_error, estimator__max_depth=17, estimator__min_samples_split=6, estimator__n_estimators=40; total time=   0.1s
[CV] END estimator__criterion=absolute_error, estimator__max_depth=17, estimator__min_samples_split=6, estimator__n_estimators=40; total time=   0.1s
[CV] END estimator__criterion=absolute_error, estimator__max_depth=18, estimator__min_samples_split=4, estimator__n_estimators=40; total time=   0.1s
[CV] END estimator__criterion=absolute_error, estimator__max_depth=18, estimator__min_samples_split=4, estimator__n_estimators=60; total time=   0.1s
[CV] END estimator__criterion=absolute_error, estimator__max_depth=18, estimator__min_samples_split=4, estimator__n_estimators=60; total time=   0.1s
[CV] END estimator__criterion=absolute_error, estimator__max_depth=18, estimator__min_samples_split=4, estimator__n_estimators=60; total time=   0.1s
[CV] END estimator__criterion=squared_error, estimator__max_depth=14, estimator__min_samples_split=2, estimator__n_estimators=100; total time=   0.0s
[CV] END estimator__criterion=squared_error, estimator__max_depth=14, estimator__min_samples_split=6, estimator__n_estimators=100; total time=   0.0s
[CV] END estimator__criterion=squared_error, estimator__max_depth=15, estimator__min_samples_split=2, estimator__n_estimators=100; total time=   0.0s
[CV] END estimator__criterion=squared_error, estimator__max_depth=15, estimator__min_samples_split=3, estimator__n_estimators=100; total time=   0.0s
[CV] END estimator__criterion=squared_error, estimator__max_depth=15, estimator__min_samples_split=4, estimator__n_estimators=100; total time=   0.0s
[CV] END estimator__criterion=squared_error, estimator__max_depth=15, estimator__min_samples_split=6, estimator__n_estimators=40; total time=   0.0s
[CV] END estimator__criterion=squared_error, estimator__max_depth=16, estimator__min_samples_split=2, estimator__n_estimators=20; total time=   0.0s
[CV] END estimator__criterion=squared_error, estimator__max_depth=16, estimator__min_samples_split=2, estimator__n_estimators=80; total time=   0.0s
[CV] END estimator__criterion=squared_error, estimator__max_depth=16, estimator__min_samples_split=4, estimator__n_estimators=80; total time=   0.0s
[CV] END estimator__criterion=squared_error, estimator__max_depth=17, estimator__min_samples_split=2, estimator__n_estimators=60; total time=   0.0s
[CV] END estimator__criterion=squared_error, estimator__max_depth=17, estimator__min_samples_split=2, estimator__n_estimators=60; total time=   0.0s
[CV] END estimator__criterion=squared_error, estimator__max_depth=17, estimator__min_samples_split=6, estimator__n_estimators=60; total time=   0.0s
[CV] END estimator__criterion=squared_error, estimator__max_depth=17, estimator__min_samples_split=6, estimator__n_estimators=60; total time=   0.0s
[CV] END estimator__criterion=squared_error, estimator__max_depth=17, estimator__min_samples_split=6, estimator__n_estimators=80; total time=   0.0s
[CV] END estimator__criterion=squared_error, estimator__max_depth=17, estimator__min_samples_split=6, estimator__n_estimators=80; total time=   0.0s
[CV] END estimator__criterion=absolute_error, estimator__max_depth=14, estimator__min_samples_split=3, estimator__n_estimators=20; total time=   0.0s
[CV] END estimator__criterion=absolute_error, estimator__max_depth=14, estimator__min_samples_split=3, estimator__n_estimators=20; total time=   0.0s
[CV] END estimator__criterion=absolute_error, estimator__max_depth=14, estimator__min_samples_split=3, estimator__n_estimators=20; total time=   0.0s
[CV] END estimator__criterion=absolute_error, estimator__max_depth=14, estimator__min_samples_split=3, estimator__n_estimators=40; total time=   0.1s
[CV] END estimator__criterion=absolute_error, estimator__max_depth=15, estimator__min_samples_split=2, estimator__n_estimators=60; total time=   0.2s
[CV] END estimator__criterion=absolute_error, estimator__max_depth=15, estimator__min_samples_split=2, estimator__n_estimators=80; total time=   0.3s
[CV] END estimator__criterion=absolute_error, estimator__max_depth=15, estimator__min_samples_split=2, estimator__n_estimators=80; total time=   0.2s
[CV] END estimator__criterion=absolute_error, estimator__max_depth=15, estimator__min_samples_split=2, estimator__n_estimators=80; total time=   0.2s
[CV] END estimator__criterion=absolute_error, estimator__max_depth=16, estimator__min_samples_split=3, estimator__n_estimators=100; total time=   0.3s
[CV] END estimator__criterion=absolute_error, estimator__max_depth=16, estimator__min_samples_split=4, estimator__n_estimators=20; total time=   0.0s
[CV] END estimator__criterion=absolute_error, estimator__max_depth=16, estimator__min_samples_split=4, estimator__n_estimators=20; total time=   0.0s
[CV] END estimator__criterion=absolute_error, estimator__max_depth=16, estimator__min_samples_split=4, estimator__n_estimators=20; total time=   0.0s
[CV] END estimator__criterion=absolute_error, estimator__max_depth=16, estimator__min_samples_split=6, estimator__n_estimators=80; total time=   0.2s
[CV] END estimator__criterion=absolute_error, estimator__max_depth=16, estimator__min_samples_split=6, estimator__n_estimators=80; total time=   0.2s
[CV] END estimator__criterion=absolute_error, estimator__max_depth=16, estimator__min_samples_split=6, estimator__n_estimators=80; total time=   0.2s
[CV] END estimator__criterion=absolute_error, estimator__max_depth=16, estimator__min_samples_split=6, estimator__n_estimators=100; total time=   0.3s
[CV] END estimator__criterion=absolute_error, estimator__max_depth=18, estimator__min_samples_split=3, estimator__n_estimators=60; total time=   0.2s
[CV] END estimator__criterion=absolute_error, estimator__max_depth=18, estimator__min_samples_split=3, estimator__n_estimators=60; total time=   0.2s
[CV] END estimator__criterion=absolute_error, estimator__max_depth=18, estimator__min_samples_split=3, estimator__n_estimators=60; total time=   0.2s
[CV] END estimator__criterion=absolute_error, estimator__max_depth=18, estimator__min_samples_split=3, estimator__n_estimators=60; total time=   0.2s
[CV] END estimator__criterion=squared_error, estimator__max_depth=14, estimator__min_samples_split=2, estimator__n_estimators=100; total time=   0.1s
[CV] END estimator__criterion=squared_error, estimator__max_depth=16, estimator__min_samples_split=2, estimator__n_estimators=40; total time=   0.0s
[CV] END estimator__criterion=squared_error, estimator__max_depth=16, estimator__min_samples_split=3, estimator__n_estimators=40; total time=   0.0s
[CV] END estimator__criterion=squared_error, estimator__max_depth=16, estimator__min_samples_split=4, estimator__n_estimators=20; total time=   0.0s
[CV] END estimator__criterion=squared_error, estimator__max_depth=16, estimator__min_samples_split=4, estimator__n_estimators=60; total time=   0.0s
[CV] END estimator__criterion=squared_error, estimator__max_depth=16, estimator__min_samples_split=6, estimator__n_estimators=20; total time=   0.0s
[CV] END estimator__criterion=squared_error, estimator__max_depth=16, estimator__min_samples_split=6, estimator__n_estimators=20; total time=   0.0s
[CV] END estimator__criterion=squared_error, estimator__max_depth=17, estimator__min_samples_split=2, estimator__n_estimators=60; total time=   0.0s
[CV] END estimator__criterion=squared_error, estimator__max_depth=17, estimator__min_samples_split=2, estimator__n_estimators=60; total time=   0.0s
[CV] END estimator__criterion=squared_error, estimator__max_depth=17, estimator__min_samples_split=5, estimator__n_estimators=100; total time=   0.0s
[CV] END estimator__criterion=squared_error, estimator__max_depth=17, estimator__min_samples_split=5, estimator__n_estimators=100; total time=   0.0s
[CV] END estimator__criterion=squared_error, estimator__max_depth=17, estimator__min_samples_split=5, estimator__n_estimators=100; total time=   0.0s
[CV] END estimator__criterion=squared_error, estimator__max_depth=17, estimator__min_samples_split=6, estimator__n_estimators=20; total time=   0.0s
[CV] END estimator__criterion=absolute_error, estimator__max_depth=14, estimator__min_samples_split=2, estimator__n_estimators=80; total time=   0.2s
[CV] END estimator__criterion=absolute_error, estimator__max_depth=14, estimator__min_samples_split=2, estimator__n_estimators=100; total time=   0.3s
[CV] END estimator__criterion=absolute_error, estimator__max_depth=14, estimator__min_samples_split=2, estimator__n_estimators=100; total time=   0.3s
[CV] END estimator__criterion=absolute_error, estimator__max_depth=14, estimator__min_samples_split=2, estimator__n_estimators=100; total time=   0.3s
[CV] END estimator__criterion=absolute_error, estimator__max_depth=15, estimator__min_samples_split=6, estimator__n_estimators=100; total time=   0.3s
[CV] END estimator__criterion=absolute_error, estimator__max_depth=15, estimator__min_samples_split=6, estimator__n_estimators=100; total time=   0.3s
[CV] END estimator__criterion=absolute_error, estimator__max_depth=15, estimator__min_samples_split=6, estimator__n_estimators=100; total time=   0.3s
[CV] END estimator__criterion=absolute_error, estimator__max_depth=16, estimator__min_samples_split=2, estimator__n_estimators=20; total time=   0.0s
[CV] END estimator__criterion=absolute_error, estimator__max_depth=17, estimator__min_samples_split=2, estimator__n_estimators=80; total time=   0.2s
[CV] END estimator__criterion=absolute_error, estimator__max_depth=17, estimator__min_samples_split=2, estimator__n_estimators=80; total time=   0.2s
[CV] END estimator__criterion=absolute_error, estimator__max_depth=17, estimator__min_samples_split=2, estimator__n_estimators=80; total time=   0.2s
[CV] END estimator__criterion=absolute_error, estimator__max_depth=17, estimator__min_samples_split=2, estimator__n_estimators=80; total time=   0.2s
[CV] END estimator__criterion=absolute_error, estimator__max_depth=18, estimator__min_samples_split=4, estimator__n_estimators=40; total time=   0.1s
[CV] END estimator__criterion=absolute_error, estimator__max_depth=18, estimator__min_samples_split=4, estimator__n_estimators=40; total time=   0.1s
[CV] END estimator__criterion=absolute_error, estimator__max_depth=18, estimator__min_samples_split=4, estimator__n_estimators=40; total time=   0.1s
[CV] END estimator__criterion=absolute_error, estimator__max_depth=18, estimator__min_samples_split=4, estimator__n_estimators=40; total time=   0.1s
[CV] END estimator__criterion=absolute_error, estimator__max_depth=18, estimator__min_samples_split=6, estimator__n_estimators=20; total time=   0.0s
[CV] END estimator__criterion=absolute_error, estimator__max_depth=18, estimator__min_samples_split=6, estimator__n_estimators=60; total time=   0.1s
[CV] END estimator__criterion=squared_error, estimator__max_depth=14, estimator__min_samples_split=2, estimator__n_estimators=80; total time=   0.0s
[CV] END estimator__criterion=squared_error, estimator__max_depth=15, estimator__min_samples_split=6, estimator__n_estimators=100; total time=   0.0s
[CV] END estimator__criterion=squared_error, estimator__max_depth=16, estimator__min_samples_split=3, estimator__n_estimators=80; total time=   0.0s
[CV] END estimator__criterion=squared_error, estimator__max_depth=16, estimator__min_samples_split=6, estimator__n_estimators=40; total time=   0.0s
[CV] END estimator__criterion=squared_error, estimator__max_depth=16, estimator__min_samples_split=6, estimator__n_estimators=40; total time=   0.0s
[CV] END estimator__criterion=squared_error, estimator__max_depth=17, estimator__min_samples_split=3, estimator__n_estimators=40; total time=   0.0s
[CV] END estimator__criterion=squared_error, estimator__max_depth=17, estimator__min_samples_split=3, estimator__n_estimators=40; total time=   0.0s
[CV] END estimator__criterion=squared_error, estimator__max_depth=17, estimator__min_samples_split=5, estimator__n_estimators=80; total time=   0.0s
[CV] END estimator__criterion=squared_error, estimator__max_depth=17, estimator__min_samples_split=5, estimator__n_estimators=80; total time=   0.0s
[CV] END estimator__criterion=squared_error, estimator__max_depth=17, estimator__min_samples_split=5, estimator__n_estimators=100; total time=   0.0s
[CV] END estimator__criterion=squared_error, estimator__max_depth=17, estimator__min_samples_split=5, estimator__n_estimators=100; total time=   0.0s
[CV] END estimator__criterion=absolute_error, estimator__max_depth=14, estimator__min_samples_split=3, estimator__n_estimators=60; total time=   0.1s
[CV] END estimator__criterion=absolute_error, estimator__max_depth=14, estimator__min_samples_split=3, estimator__n_estimators=80; total time=   0.2s
[CV] END estimator__criterion=absolute_error, estimator__max_depth=14, estimator__min_samples_split=3, estimator__n_estimators=80; total time=   0.2s
[CV] END estimator__criterion=absolute_error, estimator__max_depth=14, estimator__min_samples_split=3, estimator__n_estimators=80; total time=   0.2s
[CV] END estimator__criterion=absolute_error, estimator__max_depth=15, estimator__min_samples_split=5, estimator__n_estimators=40; total time=   0.1s
[CV] END estimator__criterion=absolute_error, estimator__max_depth=15, estimator__min_samples_split=5, estimator__n_estimators=40; total time=   0.1s
[CV] END estimator__criterion=absolute_error, estimator__max_depth=15, estimator__min_samples_split=5, estimator__n_estimators=40; total time=   0.1s
[CV] END estimator__criterion=absolute_error, estimator__max_depth=15, estimator__min_samples_split=5, estimator__n_estimators=60; total time=   0.1s
[CV] END estimator__criterion=absolute_error, estimator__max_depth=16, estimator__min_samples_split=3, estimator__n_estimators=100; total time=   0.3s
[CV] END estimator__criterion=absolute_error, estimator__max_depth=16, estimator__min_samples_split=3, estimator__n_estimators=100; total time=   0.3s
[CV] END estimator__criterion=absolute_error, estimator__max_depth=16, estimator__min_samples_split=3, estimator__n_estimators=100; total time=   0.3s
[CV] END estimator__criterion=absolute_error, estimator__max_depth=16, estimator__min_samples_split=3, estimator__n_estimators=100; total time=   0.3s
[CV] END estimator__criterion=absolute_error, estimator__max_depth=17, estimator__min_samples_split=6, estimator__n_estimators=40; total time=   0.1s
[CV] END estimator__criterion=absolute_error, estimator__max_depth=17, estimator__min_samples_split=6, estimator__n_estimators=40; total time=   0.1s
[CV] END estimator__criterion=absolute_error, estimator__max_depth=17, estimator__min_samples_split=6, estimator__n_estimators=60; total time=   0.1s
[CV] END estimator__criterion=absolute_error, estimator__max_depth=17, estimator__min_samples_split=6, estimator__n_estimators=60; total time=   0.1s
[CV] END estimator__criterion=absolute_error, estimator__max_depth=18, estimator__min_samples_split=5, estimator__n_estimators=40; total time=   0.1s
[CV] END estimator__criterion=absolute_error, estimator__max_depth=18, estimator__min_samples_split=5, estimator__n_estimators=40; total time=   0.1s
[CV] END estimator__criterion=absolute_error, estimator__max_depth=18, estimator__min_samples_split=5, estimator__n_estimators=60; total time=   0.1s
[CV] END estimator__criterion=absolute_error, estimator__max_depth=18, estimator__min_samples_split=5, estimator__n_estimators=60; total time=   0.1s
[CV] END estimator__criterion=squared_error, estimator__max_depth=14, estimator__min_samples_split=2, estimator__n_estimators=60; total time=   0.0s
[CV] END estimator__criterion=squared_error, estimator__max_depth=15, estimator__min_samples_split=5, estimator__n_estimators=60; total time=   0.0s
[CV] END estimator__criterion=squared_error, estimator__max_depth=15, estimator__min_samples_split=6, estimator__n_estimators=60; total time=   0.0s
[CV] END estimator__criterion=squared_error, estimator__max_depth=16, estimator__min_samples_split=2, estimator__n_estimators=40; total time=   0.0s
[CV] END estimator__criterion=squared_error, estimator__max_depth=16, estimator__min_samples_split=3, estimator__n_estimators=60; total time=   0.0s
[CV] END estimator__criterion=squared_error, estimator__max_depth=16, estimator__min_samples_split=4, estimator__n_estimators=60; total time=   0.0s
[CV] END estimator__criterion=squared_error, estimator__max_depth=16, estimator__min_samples_split=6, estimator__n_estimators=20; total time=   0.0s
[CV] END estimator__criterion=squared_error, estimator__max_depth=16, estimator__min_samples_split=6, estimator__n_estimators=40; total time=   0.0s
[CV] END estimator__criterion=squared_error, estimator__max_depth=17, estimator__min_samples_split=2, estimator__n_estimators=80; total time=   0.0s
[CV] END estimator__criterion=squared_error, estimator__max_depth=17, estimator__min_samples_split=2, estimator__n_estimators=100; total time=   0.0s
[CV] END estimator__criterion=squared_error, estimator__max_depth=18, estimator__min_samples_split=2, estimator__n_estimators=60; total time=   0.0s
[CV] END estimator__criterion=squared_error, estimator__max_depth=18, estimator__min_samples_split=2, estimator__n_estimators=60; total time=   0.0s
[CV] END estimator__criterion=squared_error, estimator__max_depth=18, estimator__min_samples_split=2, estimator__n_estimators=60; total time=   0.0s
[CV] END estimator__criterion=squared_error, estimator__max_depth=18, estimator__min_samples_split=2, estimator__n_estimators=80; total time=   0.0s
[CV] END estimator__criterion=absolute_error, estimator__max_depth=14, estimator__min_samples_split=4, estimator__n_estimators=20; total time=   0.0s
[CV] END estimator__criterion=absolute_error, estimator__max_depth=14, estimator__min_samples_split=4, estimator__n_estimators=20; total time=   0.0s
[CV] END estimator__criterion=absolute_error, estimator__max_depth=14, estimator__min_samples_split=4, estimator__n_estimators=20; total time=   0.0s
[CV] END estimator__criterion=absolute_error, estimator__max_depth=14, estimator__min_samples_split=4, estimator__n_estimators=20; total time=   0.0s
[CV] END estimator__criterion=absolute_error, estimator__max_depth=15, estimator__min_samples_split=2, estimator__n_estimators=40; total time=   0.1s
[CV] END estimator__criterion=absolute_error, estimator__max_depth=15, estimator__min_samples_split=2, estimator__n_estimators=40; total time=   0.1s
[CV] END estimator__criterion=absolute_error, estimator__max_depth=15, estimator__min_samples_split=2, estimator__n_estimators=40; total time=   0.1s
[CV] END estimator__criterion=absolute_error, estimator__max_depth=15, estimator__min_samples_split=2, estimator__n_estimators=40; total time=   0.1s
[CV] END estimator__criterion=absolute_error, estimator__max_depth=15, estimator__min_samples_split=4, estimator__n_estimators=60; total time=   0.1s
[CV] END estimator__criterion=absolute_error, estimator__max_depth=15, estimator__min_samples_split=4, estimator__n_estimators=60; total time=   0.1s
[CV] END estimator__criterion=absolute_error, estimator__max_depth=15, estimator__min_samples_split=4, estimator__n_estimators=60; total time=   0.1s
[CV] END estimator__criterion=absolute_error, estimator__max_depth=15, estimator__min_samples_split=4, estimator__n_estimators=80; total time=   0.2s
[CV] END estimator__criterion=absolute_error, estimator__max_depth=16, estimator__min_samples_split=4, estimator__n_estimators=80; total time=   0.2s
[CV] END estimator__criterion=absolute_error, estimator__max_depth=16, estimator__min_samples_split=4, estimator__n_estimators=100; total time=   0.3s
[CV] END estimator__criterion=absolute_error, estimator__max_depth=16, estimator__min_samples_split=4, estimator__n_estimators=100; total time=   0.3s
[CV] END estimator__criterion=absolute_error, estimator__max_depth=16, estimator__min_samples_split=4, estimator__n_estimators=100; total time=   0.3s
[CV] END estimator__criterion=absolute_error, estimator__max_depth=17, estimator__min_samples_split=6, estimator__n_estimators=60; total time=   0.1s
[CV] END estimator__criterion=absolute_error, estimator__max_depth=17, estimator__min_samples_split=6, estimator__n_estimators=60; total time=   0.1s
[CV] END estimator__criterion=absolute_error, estimator__max_depth=17, estimator__min_samples_split=6, estimator__n_estimators=60; total time=   0.1s
[CV] END estimator__criterion=absolute_error, estimator__max_depth=17, estimator__min_samples_split=6, estimator__n_estimators=80; total time=   0.2s
[CV] END estimator__criterion=absolute_error, estimator__max_depth=18, estimator__min_samples_split=5, estimator__n_estimators=80; total time=   0.2s
[CV] END estimator__criterion=absolute_error, estimator__max_depth=18, estimator__min_samples_split=6, estimator__n_estimators=60; total time=   0.1s
[CV] END estimator__criterion=squared_error, estimator__max_depth=14, estimator__min_samples_split=3, estimator__n_estimators=20; total time=   0.0s
[CV] END estimator__criterion=squared_error, estimator__max_depth=15, estimator__min_samples_split=5, estimator__n_estimators=100; total time=   0.0s
[CV] END estimator__criterion=squared_error, estimator__max_depth=16, estimator__min_samples_split=2, estimator__n_estimators=100; total time=   0.0s
[CV] END estimator__criterion=squared_error, estimator__max_depth=16, estimator__min_samples_split=5, estimator__n_estimators=20; total time=   0.0s
[CV] END estimator__criterion=squared_error, estimator__max_depth=16, estimator__min_samples_split=5, estimator__n_estimators=20; total time=   0.0s
[CV] END estimator__criterion=squared_error, estimator__max_depth=16, estimator__min_samples_split=6, estimator__n_estimators=80; total time=   0.0s
[CV] END estimator__criterion=squared_error, estimator__max_depth=16, estimator__min_samples_split=6, estimator__n_estimators=80; total time=   0.0s
[CV] END estimator__criterion=squared_error, estimator__max_depth=17, estimator__min_samples_split=4, estimator__n_estimators=40; total time=   0.0s
[CV] END estimator__criterion=squared_error, estimator__max_depth=17, estimator__min_samples_split=4, estimator__n_estimators=60; total time=   0.0s
[CV] END estimator__criterion=squared_error, estimator__max_depth=18, estimator__min_samples_split=2, estimator__n_estimators=20; total time=   0.0s
[CV] END estimator__criterion=squared_error, estimator__max_depth=18, estimator__min_samples_split=2, estimator__n_estimators=40; total time=   0.0s
[CV] END estimator__criterion=squared_error, estimator__max_depth=18, estimator__min_samples_split=2, estimator__n_estimators=40; total time=   0.0s
[CV] END estimator__criterion=squared_error, estimator__max_depth=18, estimator__min_samples_split=2, estimator__n_estimators=40; total time=   0.0s
[CV] END estimator__criterion=squared_error, estimator__max_depth=18, estimator__min_samples_split=5, estimator__n_estimators=80; total time=   0.0s
[CV] END estimator__criterion=squared_error, estimator__max_depth=18, estimator__min_samples_split=5, estimator__n_estimators=80; total time=   0.0s
[CV] END estimator__criterion=squared_error, estimator__max_depth=18, estimator__min_samples_split=5, estimator__n_estimators=80; total time=   0.0s
[CV] END estimator__criterion=squared_error, estimator__max_depth=18, estimator__min_samples_split=5, estimator__n_estimators=100; total time=   0.0s
[CV] END estimator__criterion=absolute_error, estimator__max_depth=14, estimator__min_samples_split=5, estimator__n_estimators=100; total time=   0.3s
[CV] END estimator__criterion=absolute_error, estimator__max_depth=14, estimator__min_samples_split=6, estimator__n_estimators=20; total time=   0.0s
[CV] END estimator__criterion=absolute_error, estimator__max_depth=14, estimator__min_samples_split=6, estimator__n_estimators=20; total time=   0.0s
[CV] END estimator__criterion=absolute_error, estimator__max_depth=14, estimator__min_samples_split=6, estimator__n_estimators=20; total time=   0.0s
[CV] END estimator__criterion=absolute_error, estimator__max_depth=15, estimator__min_samples_split=3, estimator__n_estimators=60; total time=   0.1s
[CV] END estimator__criterion=absolute_error, estimator__max_depth=15, estimator__min_samples_split=3, estimator__n_estimators=60; total time=   0.2s
[CV] END estimator__criterion=absolute_error, estimator__max_depth=15, estimator__min_samples_split=3, estimator__n_estimators=80; total time=   0.2s
[CV] END estimator__criterion=absolute_error, estimator__max_depth=15, estimator__min_samples_split=3, estimator__n_estimators=80; total time=   0.2s
[CV] END estimator__criterion=absolute_error, estimator__max_depth=16, estimator__min_samples_split=4, estimator__n_estimators=60; total time=   0.1s
[CV] END estimator__criterion=absolute_error, estimator__max_depth=16, estimator__min_samples_split=4, estimator__n_estimators=60; total time=   0.1s
[CV] END estimator__criterion=absolute_error, estimator__max_depth=16, estimator__min_samples_split=4, estimator__n_estimators=60; total time=   0.1s
[CV] END estimator__criterion=absolute_error, estimator__max_depth=16, estimator__min_samples_split=4, estimator__n_estimators=60; total time=   0.1s
[CV] END estimator__criterion=absolute_error, estimator__max_depth=17, estimator__min_samples_split=3, estimator__n_estimators=60; total time=   0.1s
[CV] END estimator__criterion=absolute_error, estimator__max_depth=17, estimator__min_samples_split=3, estimator__n_estimators=60; total time=   0.1s
[CV] END estimator__criterion=absolute_error, estimator__max_depth=17, estimator__min_samples_split=3, estimator__n_estimators=60; total time=   0.1s
[CV] END estimator__criterion=absolute_error, estimator__max_depth=17, estimator__min_samples_split=3, estimator__n_estimators=60; total time=   0.1s
[CV] END estimator__criterion=absolute_error, estimator__max_depth=18, estimator__min_samples_split=3, estimator__n_estimators=20; total time=   0.0s
[CV] END estimator__criterion=absolute_error, estimator__max_depth=18, estimator__min_samples_split=3, estimator__n_estimators=20; total time=   0.0s
[CV] END estimator__criterion=absolute_error, estimator__max_depth=18, estimator__min_samples_split=3, estimator__n_estimators=20; total time=   0.0s
[CV] END estimator__criterion=absolute_error, estimator__max_depth=18, estimator__min_samples_split=3, estimator__n_estimators=40; total time=   0.1s
[CV] END estimator__criterion=absolute_error, estimator__max_depth=18, estimator__min_samples_split=5, estimator__n_estimators=20; total time=   0.0s
[CV] END estimator__criterion=absolute_error, estimator__max_depth=18, estimator__min_samples_split=5, estimator__n_estimators=40; total time=   0.1s
[CV] END estimator__criterion=absolute_error, estimator__max_depth=18, estimator__min_samples_split=5, estimator__n_estimators=40; total time=   0.1s
[CV] END estimator__criterion=absolute_error, estimator__max_depth=18, estimator__min_samples_split=5, estimator__n_estimators=40; total time=   0.1s
[CV] END estimator__criterion=absolute_error, estimator__max_depth=18, estimator__min_samples_split=6, estimator__n_estimators=60; total time=   0.2s
[CV] END estimator__criterion=squared_error, estimator__max_depth=14, estimator__min_samples_split=2, estimator__n_estimators=80; total time=   0.0s
[CV] END estimator__criterion=squared_error, estimator__max_depth=15, estimator__min_samples_split=6, estimator__n_estimators=20; total time=   0.0s
[CV] END estimator__criterion=squared_error, estimator__max_depth=15, estimator__min_samples_split=6, estimator__n_estimators=100; total time=   0.0s
[CV] END estimator__criterion=squared_error, estimator__max_depth=16, estimator__min_samples_split=3, estimator__n_estimators=100; total time=   0.0s
[CV] END estimator__criterion=squared_error, estimator__max_depth=17, estimator__min_samples_split=2, estimator__n_estimators=40; total time=   0.0s
[CV] END estimator__criterion=squared_error, estimator__max_depth=17, estimator__min_samples_split=2, estimator__n_estimators=40; total time=   0.0s
[CV] END estimator__criterion=squared_error, estimator__max_depth=17, estimator__min_samples_split=4, estimator__n_estimators=20; total time=   0.0s
[CV] END estimator__criterion=squared_error, estimator__max_depth=17, estimator__min_samples_split=4, estimator__n_estimators=20; total time=   0.0s
[CV] END estimator__criterion=squared_error, estimator__max_depth=17, estimator__min_samples_split=5, estimator__n_estimators=40; total time=   0.0s
[CV] END estimator__criterion=squared_error, estimator__max_depth=17, estimator__min_samples_split=5, estimator__n_estimators=40; total time=   0.0s
[CV] END estimator__criterion=squared_error, estimator__max_depth=17, estimator__min_samples_split=5, estimator__n_estimators=40; total time=   0.0s
[CV] END estimator__criterion=squared_error, estimator__max_depth=17, estimator__min_samples_split=5, estimator__n_estimators=40; total time=   0.0s
[CV] END estimator__criterion=squared_error, estimator__max_depth=18, estimator__min_samples_split=5, estimator__n_estimators=40; total time=   0.0s
[CV] END estimator__criterion=squared_error, estimator__max_depth=18, estimator__min_samples_split=5, estimator__n_estimators=40; total time=   0.0s
[CV] END estimator__criterion=squared_error, estimator__max_depth=18, estimator__min_samples_split=5, estimator__n_estimators=40; total time=   0.0s
[CV] END estimator__criterion=squared_error, estimator__max_depth=18, estimator__min_samples_split=5, estimator__n_estimators=40; total time=   0.0s
[CV] END estimator__criterion=absolute_error, estimator__max_depth=14, estimator__min_samples_split=3, estimator__n_estimators=60; total time=   0.2s
[CV] END estimator__criterion=absolute_error, estimator__max_depth=14, estimator__min_samples_split=3, estimator__n_estimators=60; total time=   0.2s
[CV] END estimator__criterion=absolute_error, estimator__max_depth=14, estimator__min_samples_split=3, estimator__n_estimators=60; total time=   0.2s
[CV] END estimator__criterion=absolute_error, estimator__max_depth=14, estimator__min_samples_split=3, estimator__n_estimators=60; total time=   0.2s
[CV] END estimator__criterion=absolute_error, estimator__max_depth=15, estimator__min_samples_split=5, estimator__n_estimators=80; total time=   0.3s
[CV] END estimator__criterion=absolute_error, estimator__max_depth=15, estimator__min_samples_split=5, estimator__n_estimators=80; total time=   0.3s
[CV] END estimator__criterion=absolute_error, estimator__max_depth=15, estimator__min_samples_split=5, estimator__n_estimators=80; total time=   0.3s
[CV] END estimator__criterion=absolute_error, estimator__max_depth=15, estimator__min_samples_split=5, estimator__n_estimators=80; total time=   0.2s
[CV] END estimator__criterion=absolute_error, estimator__max_depth=17, estimator__min_samples_split=2, estimator__n_estimators=60; total time=   0.2s
[CV] END estimator__criterion=absolute_error, estimator__max_depth=17, estimator__min_samples_split=2, estimator__n_estimators=60; total time=   0.2s
[CV] END estimator__criterion=absolute_error, estimator__max_depth=17, estimator__min_samples_split=2, estimator__n_estimators=60; total time=   0.2s
[CV] END estimator__criterion=absolute_error, estimator__max_depth=17, estimator__min_samples_split=2, estimator__n_estimators=80; total time=   0.2s
[CV] END estimator__criterion=absolute_error, estimator__max_depth=18, estimator__min_samples_split=3, estimator__n_estimators=40; total time=   0.1s
[CV] END estimator__criterion=absolute_error, estimator__max_depth=18, estimator__min_samples_split=3, estimator__n_estimators=40; total time=   0.1s
[CV] END estimator__criterion=absolute_error, estimator__max_depth=18, estimator__min_samples_split=3, estimator__n_estimators=40; total time=   0.1s
[CV] END estimator__criterion=absolute_error, estimator__max_depth=18, estimator__min_samples_split=3, estimator__n_estimators=40; total time=   0.1s
[CV] END estimator__criterion=absolute_error, estimator__max_depth=18, estimator__min_samples_split=5, estimator__n_estimators=100; total time=   0.4s
[CV] END estimator__criterion=squared_error, estimator__max_depth=14, estimator__min_samples_split=2, estimator__n_estimators=80; total time=   0.0s
[CV] END estimator__criterion=squared_error, estimator__max_depth=15, estimator__min_samples_split=2, estimator__n_estimators=20; total time=   0.0s
[CV] END estimator__criterion=squared_error, estimator__max_depth=15, estimator__min_samples_split=2, estimator__n_estimators=40; total time=   0.0s
[CV] END estimator__criterion=squared_error, estimator__max_depth=15, estimator__min_samples_split=2, estimator__n_estimators=100; total time=   0.0s
[CV] END estimator__criterion=squared_error, estimator__max_depth=15, estimator__min_samples_split=3, estimator__n_estimators=100; total time=   0.0s
[CV] END estimator__criterion=squared_error, estimator__max_depth=15, estimator__min_samples_split=5, estimator__n_estimators=40; total time=   0.0s
[CV] END estimator__criterion=squared_error, estimator__max_depth=15, estimator__min_samples_split=5, estimator__n_estimators=100; total time=   0.0s
[CV] END estimator__criterion=squared_error, estimator__max_depth=16, estimator__min_samples_split=3, estimator__n_estimators=20; total time=   0.0s
[CV] END estimator__criterion=squared_error, estimator__max_depth=16, estimator__min_samples_split=3, estimator__n_estimators=80; total time=   0.0s
[CV] END estimator__criterion=squared_error, estimator__max_depth=16, estimator__min_samples_split=5, estimator__n_estimators=80; total time=   0.0s
[CV] END estimator__criterion=squared_error, estimator__max_depth=16, estimator__min_samples_split=5, estimator__n_estimators=80; total time=   0.0s
[CV] END estimator__criterion=squared_error, estimator__max_depth=17, estimator__min_samples_split=3, estimator__n_estimators=100; total time=   0.0s
[CV] END estimator__criterion=squared_error, estimator__max_depth=17, estimator__min_samples_split=3, estimator__n_estimators=100; total time=   0.0s
[CV] END estimator__criterion=squared_error, estimator__max_depth=18, estimator__min_samples_split=4, estimator__n_estimators=60; total time=   0.0s
[CV] END estimator__criterion=squared_error, estimator__max_depth=18, estimator__min_samples_split=4, estimator__n_estimators=80; total time=   0.0s
[CV] END estimator__criterion=squared_error, estimator__max_depth=18, estimator__min_samples_split=4, estimator__n_estimators=80; total time=   0.0s
[CV] END estimator__criterion=squared_error, estimator__max_depth=18, estimator__min_samples_split=4, estimator__n_estimators=80; total time=   0.0s
[CV] END estimator__criterion=absolute_error, estimator__max_depth=14, estimator__min_samples_split=4, estimator__n_estimators=60; total time=   0.1s
[CV] END estimator__criterion=absolute_error, estimator__max_depth=14, estimator__min_samples_split=4, estimator__n_estimators=60; total time=   0.1s
[CV] END estimator__criterion=absolute_error, estimator__max_depth=14, estimator__min_samples_split=4, estimator__n_estimators=80; total time=   0.2s
[CV] END estimator__criterion=absolute_error, estimator__max_depth=14, estimator__min_samples_split=4, estimator__n_estimators=80; total time=   0.2s
[CV] END estimator__criterion=absolute_error, estimator__max_depth=15, estimator__min_samples_split=5, estimator__n_estimators=20; total time=   0.0s
[CV] END estimator__criterion=absolute_error, estimator__max_depth=15, estimator__min_samples_split=5, estimator__n_estimators=20; total time=   0.0s
[CV] END estimator__criterion=absolute_error, estimator__max_depth=15, estimator__min_samples_split=5, estimator__n_estimators=40; total time=   0.1s
[CV] END estimator__criterion=absolute_error, estimator__max_depth=15, estimator__min_samples_split=5, estimator__n_estimators=40; total time=   0.1s
[CV] END estimator__criterion=absolute_error, estimator__max_depth=16, estimator__min_samples_split=2, estimator__n_estimators=40; total time=   0.1s
[CV] END estimator__criterion=absolute_error, estimator__max_depth=16, estimator__min_samples_split=2, estimator__n_estimators=40; total time=   0.1s
[CV] END estimator__criterion=absolute_error, estimator__max_depth=16, estimator__min_samples_split=2, estimator__n_estimators=40; total time=   0.1s
[CV] END estimator__criterion=absolute_error, estimator__max_depth=16, estimator__min_samples_split=2, estimator__n_estimators=40; total time=   0.1s
[CV] END estimator__criterion=absolute_error, estimator__max_depth=16, estimator__min_samples_split=5, estimator__n_estimators=100; total time=   0.3s
[CV] END estimator__criterion=absolute_error, estimator__max_depth=16, estimator__min_samples_split=5, estimator__n_estimators=100; total time=   0.3s
[CV] END estimator__criterion=absolute_error, estimator__max_depth=16, estimator__min_samples_split=5, estimator__n_estimators=100; total time=   0.3s
[CV] END estimator__criterion=absolute_error, estimator__max_depth=16, estimator__min_samples_split=6, estimator__n_estimators=20; total time=   0.0s
[CV] END estimator__criterion=absolute_error, estimator__max_depth=17, estimator__min_samples_split=6, estimator__n_estimators=80; total time=   0.2s
[CV] END estimator__criterion=absolute_error, estimator__max_depth=17, estimator__min_samples_split=6, estimator__n_estimators=80; total time=   0.2s
[CV] END estimator__criterion=absolute_error, estimator__max_depth=17, estimator__min_samples_split=6, estimator__n_estimators=80; total time=   0.2s
[CV] END estimator__criterion=absolute_error, estimator__max_depth=17, estimator__min_samples_split=6, estimator__n_estimators=80; total time=   0.2s
[CV] END estimator__criterion=absolute_error, estimator__max_depth=18, estimator__min_samples_split=6, estimator__n_estimators=20; total time=   0.0s
[CV] END estimator__criterion=absolute_error, estimator__max_depth=18, estimator__min_samples_split=6, estimator__n_estimators=60; total time=   0.1s
[CV] END estimator__criterion=squared_error, estimator__max_depth=14, estimator__min_samples_split=2, estimator__n_estimators=20; total time=   0.0s
[CV] END estimator__criterion=squared_error, estimator__max_depth=14, estimator__min_samples_split=3, estimator__n_estimators=40; total time=   0.0s
[CV] END estimator__criterion=squared_error, estimator__max_depth=14, estimator__min_samples_split=3, estimator__n_estimators=60; total time=   0.0s
[CV] END estimator__criterion=squared_error, estimator__max_depth=14, estimator__min_samples_split=3, estimator__n_estimators=60; total time=   0.0s
[CV] END estimator__criterion=squared_error, estimator__max_depth=14, estimator__min_samples_split=3, estimator__n_estimators=80; total time=   0.0s
[CV] END estimator__criterion=squared_error, estimator__max_depth=14, estimator__min_samples_split=3, estimator__n_estimators=80; total time=   0.0s
[CV] END estimator__criterion=squared_error, estimator__max_depth=14, estimator__min_samples_split=3, estimator__n_estimators=100; total time=   0.0s
[CV] END estimator__criterion=squared_error, estimator__max_depth=14, estimator__min_samples_split=4, estimator__n_estimators=60; total time=   0.0s
[CV] END estimator__criterion=squared_error, estimator__max_depth=14, estimator__min_samples_split=4, estimator__n_estimators=100; total time=   0.0s
[CV] END estimator__criterion=squared_error, estimator__max_depth=14, estimator__min_samples_split=5, estimator__n_estimators=80; total time=   0.0s
[CV] END estimator__criterion=squared_error, estimator__max_depth=14, estimator__min_samples_split=6, estimator__n_estimators=60; total time=   0.0s
[CV] END estimator__criterion=squared_error, estimator__max_depth=15, estimator__min_samples_split=2, estimator__n_estimators=20; total time=   0.0s
[CV] END estimator__criterion=squared_error, estimator__max_depth=15, estimator__min_samples_split=2, estimator__n_estimators=40; total time=   0.0s
[CV] END estimator__criterion=squared_error, estimator__max_depth=15, estimator__min_samples_split=3, estimator__n_estimators=20; total time=   0.0s
[CV] END estimator__criterion=squared_error, estimator__max_depth=15, estimator__min_samples_split=3, estimator__n_estimators=20; total time=   0.0s
[CV] END estimator__criterion=squared_error, estimator__max_depth=15, estimator__min_samples_split=3, estimator__n_estimators=40; total time=   0.0s
[CV] END estimator__criterion=squared_error, estimator__max_depth=15, estimator__min_samples_split=3, estimator__n_estimators=100; total time=   0.0s
[CV] END estimator__criterion=squared_error, estimator__max_depth=15, estimator__min_samples_split=4, estimator__n_estimators=100; total time=   0.0s
[CV] END estimator__criterion=squared_error, estimator__max_depth=15, estimator__min_samples_split=6, estimator__n_estimators=20; total time=   0.0s
[CV] END estimator__criterion=squared_error, estimator__max_depth=15, estimator__min_samples_split=6, estimator__n_estimators=60; total time=   0.0s
[CV] END estimator__criterion=squared_error, estimator__max_depth=16, estimator__min_samples_split=2, estimator__n_estimators=60; total time=   0.0s
[CV] END estimator__criterion=squared_error, estimator__max_depth=16, estimator__min_samples_split=3, estimator__n_estimators=100; total time=   0.0s
[CV] END estimator__criterion=squared_error, estimator__max_depth=16, estimator__min_samples_split=6, estimator__n_estimators=60; total time=   0.0s
[CV] END estimator__criterion=squared_error, estimator__max_depth=16, estimator__min_samples_split=6, estimator__n_estimators=60; total time=   0.0s
[CV] END estimator__criterion=squared_error, estimator__max_depth=17, estimator__min_samples_split=3, estimator__n_estimators=60; total time=   0.0s
[CV] END estimator__criterion=squared_error, estimator__max_depth=17, estimator__min_samples_split=3, estimator__n_estimators=60; total time=   0.0s
[CV] END estimator__criterion=squared_error, estimator__max_depth=18, estimator__min_samples_split=2, estimator__n_estimators=20; total time=   0.0s
[CV] END estimator__criterion=squared_error, estimator__max_depth=18, estimator__min_samples_split=2, estimator__n_estimators=20; total time=   0.0s
[CV] END estimator__criterion=squared_error, estimator__max_depth=18, estimator__min_samples_split=2, estimator__n_estimators=20; total time=   0.0s
[CV] END estimator__criterion=squared_error, estimator__max_depth=18, estimator__min_samples_split=2, estimator__n_estimators=20; total time=   0.0s
[CV] END estimator__criterion=squared_error, estimator__max_depth=18, estimator__min_samples_split=4, estimator__n_estimators=100; total time=   0.0s
[CV] END estimator__criterion=squared_error, estimator__max_depth=18, estimator__min_samples_split=4, estimator__n_estimators=100; total time=   0.0s
[CV] END estimator__criterion=squared_error, estimator__max_depth=18, estimator__min_samples_split=4, estimator__n_estimators=100; total time=   0.0s
[CV] END estimator__criterion=squared_error, estimator__max_depth=18, estimator__min_samples_split=5, estimator__n_estimators=20; total time=   0.0s
[CV] END estimator__criterion=absolute_error, estimator__max_depth=14, estimator__min_samples_split=5, estimator__n_estimators=40; total time=   0.1s
[CV] END estimator__criterion=absolute_error, estimator__max_depth=14, estimator__min_samples_split=5, estimator__n_estimators=40; total time=   0.1s
[CV] END estimator__criterion=absolute_error, estimator__max_depth=14, estimator__min_samples_split=5, estimator__n_estimators=60; total time=   0.2s
[CV] END estimator__criterion=absolute_error, estimator__max_depth=14, estimator__min_samples_split=5, estimator__n_estimators=60; total time=   0.2s
[CV] END estimator__criterion=absolute_error, estimator__max_depth=15, estimator__min_samples_split=4, estimator__n_estimators=100; total time=   0.4s
[CV] END estimator__criterion=absolute_error, estimator__max_depth=15, estimator__min_samples_split=4, estimator__n_estimators=100; total time=   0.4s
[CV] END estimator__criterion=absolute_error, estimator__max_depth=15, estimator__min_samples_split=4, estimator__n_estimators=100; total time=   0.4s
[CV] END estimator__criterion=absolute_error, estimator__max_depth=15, estimator__min_samples_split=4, estimator__n_estimators=100; total time=   0.4s
[CV] END estimator__criterion=absolute_error, estimator__max_depth=17, estimator__min_samples_split=4, estimator__n_estimators=60; total time=   0.2s
[CV] END estimator__criterion=absolute_error, estimator__max_depth=17, estimator__min_samples_split=4, estimator__n_estimators=80; total time=   0.3s
[CV] END estimator__criterion=absolute_error, estimator__max_depth=17, estimator__min_samples_split=4, estimator__n_estimators=80; total time=   0.3s
[CV] END estimator__criterion=absolute_error, estimator__max_depth=17, estimator__min_samples_split=4, estimator__n_estimators=80; total time=   0.3s
[CV] END estimator__criterion=absolute_error, estimator__max_depth=18, estimator__min_samples_split=5, estimator__n_estimators=100; total time=   0.4s
[CV] END estimator__criterion=squared_error, estimator__max_depth=14, estimator__min_samples_split=2, estimator__n_estimators=40; total time=   0.0s
[CV] END estimator__criterion=squared_error, estimator__max_depth=14, estimator__min_samples_split=6, estimator__n_estimators=20; total time=   0.0s
[CV] END estimator__criterion=squared_error, estimator__max_depth=14, estimator__min_samples_split=6, estimator__n_estimators=40; total time=   0.0s
[CV] END estimator__criterion=squared_error, estimator__max_depth=14, estimator__min_samples_split=6, estimator__n_estimators=80; total time=   0.0s
[CV] END estimator__criterion=squared_error, estimator__max_depth=15, estimator__min_samples_split=2, estimator__n_estimators=60; total time=   0.0s
[CV] END estimator__criterion=squared_error, estimator__max_depth=15, estimator__min_samples_split=3, estimator__n_estimators=40; total time=   0.0s
[CV] END estimator__criterion=squared_error, estimator__max_depth=15, estimator__min_samples_split=3, estimator__n_estimators=80; total time=   0.0s
[CV] END estimator__criterion=squared_error, estimator__max_depth=15, estimator__min_samples_split=4, estimator__n_estimators=60; total time=   0.0s
[CV] END estimator__criterion=squared_error, estimator__max_depth=15, estimator__min_samples_split=5, estimator__n_estimators=20; total time=   0.0s
[CV] END estimator__criterion=squared_error, estimator__max_depth=15, estimator__min_samples_split=5, estimator__n_estimators=40; total time=   0.0s
[CV] END estimator__criterion=squared_error, estimator__max_depth=15, estimator__min_samples_split=5, estimator__n_estimators=100; total time=   0.0s
[CV] END estimator__criterion=squared_error, estimator__max_depth=16, estimator__min_samples_split=3, estimator__n_estimators=20; total time=   0.0s
[CV] END estimator__criterion=squared_error, estimator__max_depth=16, estimator__min_samples_split=3, estimator__n_estimators=60; total time=   0.0s
[CV] END estimator__criterion=squared_error, estimator__max_depth=16, estimator__min_samples_split=5, estimator__n_estimators=20; total time=   0.0s
[CV] END estimator__criterion=squared_error, estimator__max_depth=16, estimator__min_samples_split=5, estimator__n_estimators=20; total time=   0.0s
[CV] END estimator__criterion=squared_error, estimator__max_depth=16, estimator__min_samples_split=6, estimator__n_estimators=100; total time=   0.0s
[CV] END estimator__criterion=squared_error, estimator__max_depth=16, estimator__min_samples_split=6, estimator__n_estimators=100; total time=   0.0s
[CV] END estimator__criterion=squared_error, estimator__max_depth=17, estimator__min_samples_split=6, estimator__n_estimators=40; total time=   0.0s
[CV] END estimator__criterion=squared_error, estimator__max_depth=17, estimator__min_samples_split=6, estimator__n_estimators=40; total time=   0.0s
[CV] END estimator__criterion=squared_error, estimator__max_depth=17, estimator__min_samples_split=6, estimator__n_estimators=40; total time=   0.0s
[CV] END estimator__criterion=squared_error, estimator__max_depth=17, estimator__min_samples_split=6, estimator__n_estimators=40; total time=   0.0s
[CV] END estimator__criterion=squared_error, estimator__max_depth=18, estimator__min_samples_split=5, estimator__n_estimators=40; total time=   0.0s
[CV] END estimator__criterion=squared_error, estimator__max_depth=18, estimator__min_samples_split=5, estimator__n_estimators=60; total time=   0.0s
[CV] END estimator__criterion=squared_error, estimator__max_depth=18, estimator__min_samples_split=5, estimator__n_estimators=60; total time=   0.0s
[CV] END estimator__criterion=squared_error, estimator__max_depth=18, estimator__min_samples_split=5, estimator__n_estimators=60; total time=   0.0s
[CV] END estimator__criterion=absolute_error, estimator__max_depth=14, estimator__min_samples_split=5, estimator__n_estimators=20; total time=   0.0s
[CV] END estimator__criterion=absolute_error, estimator__max_depth=14, estimator__min_samples_split=5, estimator__n_estimators=20; total time=   0.0s
[CV] END estimator__criterion=absolute_error, estimator__max_depth=14, estimator__min_samples_split=5, estimator__n_estimators=20; total time=   0.0s
[CV] END estimator__criterion=absolute_error, estimator__max_depth=14, estimator__min_samples_split=5, estimator__n_estimators=20; total time=   0.0s
[CV] END estimator__criterion=absolute_error, estimator__max_depth=15, estimator__min_samples_split=2, estimator__n_estimators=60; total time=   0.2s
[CV] END estimator__criterion=absolute_error, estimator__max_depth=15, estimator__min_samples_split=2, estimator__n_estimators=60; total time=   0.2s
[CV] END estimator__criterion=absolute_error, estimator__max_depth=15, estimator__min_samples_split=2, estimator__n_estimators=60; total time=   0.2s
[CV] END estimator__criterion=absolute_error, estimator__max_depth=15, estimator__min_samples_split=2, estimator__n_estimators=60; total time=   0.2s
[CV] END estimator__criterion=absolute_error, estimator__max_depth=16, estimator__min_samples_split=3, estimator__n_estimators=40; total time=   0.1s
[CV] END estimator__criterion=absolute_error, estimator__max_depth=16, estimator__min_samples_split=3, estimator__n_estimators=40; total time=   0.1s
[CV] END estimator__criterion=absolute_error, estimator__max_depth=16, estimator__min_samples_split=3, estimator__n_estimators=60; total time=   0.2s
[CV] END estimator__criterion=absolute_error, estimator__max_depth=16, estimator__min_samples_split=3, estimator__n_estimators=60; total time=   0.2s
[CV] END estimator__criterion=absolute_error, estimator__max_depth=17, estimator__min_samples_split=2, estimator__n_estimators=100; total time=   0.4s
[CV] END estimator__criterion=absolute_error, estimator__max_depth=17, estimator__min_samples_split=3, estimator__n_estimators=20; total time=   0.0s
[CV] END estimator__criterion=absolute_error, estimator__max_depth=17, estimator__min_samples_split=3, estimator__n_estimators=20; total time=   0.0s
[CV] END estimator__criterion=absolute_error, estimator__max_depth=17, estimator__min_samples_split=3, estimator__n_estimators=20; total time=   0.0s
[CV] END estimator__criterion=absolute_error, estimator__max_depth=17, estimator__min_samples_split=6, estimator__n_estimators=100; total time=   0.4s
[CV] END estimator__criterion=absolute_error, estimator__max_depth=18, estimator__min_samples_split=2, estimator__n_estimators=20; total time=   0.0s
[CV] END estimator__criterion=absolute_error, estimator__max_depth=18, estimator__min_samples_split=2, estimator__n_estimators=20; total time=   0.0s
[CV] END estimator__criterion=absolute_error, estimator__max_depth=18, estimator__min_samples_split=2, estimator__n_estimators=20; total time=   0.0s
[CV] END estimator__criterion=absolute_error, estimator__max_depth=18, estimator__min_samples_split=5, estimator__n_estimators=80; total time=   0.3s
[CV] END estimator__criterion=absolute_error, estimator__max_depth=18, estimator__min_samples_split=6, estimator__n_estimators=60; total time=   0.2s
[CV] END estimator__criterion=squared_error, estimator__max_depth=14, estimator__min_samples_split=2, estimator__n_estimators=20; total time=   0.0s
[CV] END estimator__criterion=squared_error, estimator__max_depth=14, estimator__min_samples_split=3, estimator__n_estimators=100; total time=   0.0s
[CV] END estimator__criterion=squared_error, estimator__max_depth=14, estimator__min_samples_split=4, estimator__n_estimators=40; total time=   0.0s
[CV] END estimator__criterion=squared_error, estimator__max_depth=14, estimator__min_samples_split=4, estimator__n_estimators=80; total time=   0.0s
[CV] END estimator__criterion=squared_error, estimator__max_depth=14, estimator__min_samples_split=5, estimator__n_estimators=20; total time=   0.0s
[CV] END estimator__criterion=squared_error, estimator__max_depth=14, estimator__min_samples_split=5, estimator__n_estimators=40; total time=   0.0s
[CV] END estimator__criterion=squared_error, estimator__max_depth=14, estimator__min_samples_split=5, estimator__n_estimators=100; total time=   0.0s
[CV] END estimator__criterion=squared_error, estimator__max_depth=14, estimator__min_samples_split=6, estimator__n_estimators=60; total time=   0.0s
[CV] END estimator__criterion=squared_error, estimator__max_depth=15, estimator__min_samples_split=2, estimator__n_estimators=20; total time=   0.0s
[CV] END estimator__criterion=squared_error, estimator__max_depth=15, estimator__min_samples_split=2, estimator__n_estimators=60; total time=   0.0s
[CV] END estimator__criterion=squared_error, estimator__max_depth=15, estimator__min_samples_split=3, estimator__n_estimators=20; total time=   0.0s
[CV] END estimator__criterion=squared_error, estimator__max_depth=15, estimator__min_samples_split=3, estimator__n_estimators=40; total time=   0.0s
[CV] END estimator__criterion=squared_error, estimator__max_depth=15, estimator__min_samples_split=3, estimator__n_estimators=80; total time=   0.0s
[CV] END estimator__criterion=squared_error, estimator__max_depth=15, estimator__min_samples_split=4, estimator__n_estimators=80; total time=   0.0s
[CV] END estimator__criterion=squared_error, estimator__max_depth=15, estimator__min_samples_split=5, estimator__n_estimators=80; total time=   0.0s
[CV] END estimator__criterion=squared_error, estimator__max_depth=15, estimator__min_samples_split=6, estimator__n_estimators=100; total time=   0.0s
[CV] END estimator__criterion=squared_error, estimator__max_depth=16, estimator__min_samples_split=3, estimator__n_estimators=60; total time=   0.0s
[CV] END estimator__criterion=squared_error, estimator__max_depth=16, estimator__min_samples_split=4, estimator__n_estimators=80; total time=   0.0s
[CV] END estimator__criterion=squared_error, estimator__max_depth=16, estimator__min_samples_split=6, estimator__n_estimators=100; total time=   0.0s
[CV] END estimator__criterion=squared_error, estimator__max_depth=17, estimator__min_samples_split=2, estimator__n_estimators=20; total time=   0.0s
[CV] END estimator__criterion=squared_error, estimator__max_depth=17, estimator__min_samples_split=3, estimator__n_estimators=100; total time=   0.0s
[CV] END estimator__criterion=squared_error, estimator__max_depth=17, estimator__min_samples_split=4, estimator__n_estimators=20; total time=   0.0s
[CV] END estimator__criterion=squared_error, estimator__max_depth=18, estimator__min_samples_split=2, estimator__n_estimators=40; total time=   0.0s
[CV] END estimator__criterion=squared_error, estimator__max_depth=18, estimator__min_samples_split=2, estimator__n_estimators=40; total time=   0.0s
[CV] END estimator__criterion=squared_error, estimator__max_depth=18, estimator__min_samples_split=2, estimator__n_estimators=60; total time=   0.0s
[CV] END estimator__criterion=squared_error, estimator__max_depth=18, estimator__min_samples_split=2, estimator__n_estimators=60; total time=   0.0s
[CV] END estimator__criterion=squared_error, estimator__max_depth=18, estimator__min_samples_split=6, estimator__n_estimators=100; total time=   0.0s
[CV] END estimator__criterion=absolute_error, estimator__max_depth=14, estimator__min_samples_split=2, estimator__n_estimators=20; total time=   0.0s
[CV] END estimator__criterion=absolute_error, estimator__max_depth=14, estimator__min_samples_split=2, estimator__n_estimators=20; total time=   0.0s
[CV] END estimator__criterion=absolute_error, estimator__max_depth=14, estimator__min_samples_split=2, estimator__n_estimators=20; total time=   0.0s
[CV] END estimator__criterion=absolute_error, estimator__max_depth=14, estimator__min_samples_split=6, estimator__n_estimators=100; total time=   0.4s
[CV] END estimator__criterion=absolute_error, estimator__max_depth=14, estimator__min_samples_split=6, estimator__n_estimators=100; total time=   0.4s
[CV] END estimator__criterion=absolute_error, estimator__max_depth=15, estimator__min_samples_split=2, estimator__n_estimators=20; total time=   0.0s
[CV] END estimator__criterion=absolute_error, estimator__max_depth=15, estimator__min_samples_split=2, estimator__n_estimators=20; total time=   0.0s
[CV] END estimator__criterion=absolute_error, estimator__max_depth=15, estimator__min_samples_split=6, estimator__n_estimators=60; total time=   0.2s
[CV] END estimator__criterion=absolute_error, estimator__max_depth=15, estimator__min_samples_split=6, estimator__n_estimators=60; total time=   0.2s
[CV] END estimator__criterion=absolute_error, estimator__max_depth=15, estimator__min_samples_split=6, estimator__n_estimators=60; total time=   0.2s
[CV] END estimator__criterion=absolute_error, estimator__max_depth=15, estimator__min_samples_split=6, estimator__n_estimators=60; total time=   0.2s
[CV] END estimator__criterion=absolute_error, estimator__max_depth=17, estimator__min_samples_split=2, estimator__n_estimators=40; total time=   0.1s
[CV] END estimator__criterion=absolute_error, estimator__max_depth=17, estimator__min_samples_split=2, estimator__n_estimators=40; total time=   0.1s
[CV] END estimator__criterion=absolute_error, estimator__max_depth=17, estimator__min_samples_split=2, estimator__n_estimators=60; total time=   0.2s
[CV] END estimator__criterion=absolute_error, estimator__max_depth=17, estimator__min_samples_split=2, estimator__n_estimators=60; total time=   0.2s
[CV] END estimator__criterion=absolute_error, estimator__max_depth=18, estimator__min_samples_split=2, estimator__n_estimators=40; total time=   0.1s
[CV] END estimator__criterion=absolute_error, estimator__max_depth=18, estimator__min_samples_split=2, estimator__n_estimators=40; total time=   0.1s
[CV] END estimator__criterion=absolute_error, estimator__max_depth=18, estimator__min_samples_split=2, estimator__n_estimators=40; total time=   0.1s
[CV] END estimator__criterion=absolute_error, estimator__max_depth=18, estimator__min_samples_split=2, estimator__n_estimators=60; total time=   0.2s
[CV] END estimator__criterion=absolute_error, estimator__max_depth=18, estimator__min_samples_split=5, estimator__n_estimators=100; total time=   0.4s
[CV] END estimator__criterion=squared_error, estimator__max_depth=14, estimator__min_samples_split=2, estimator__n_estimators=100; total time=   0.0s
[CV] END estimator__criterion=squared_error, estimator__max_depth=15, estimator__min_samples_split=4, estimator__n_estimators=20; total time=   0.0s
[CV] END estimator__criterion=squared_error, estimator__max_depth=15, estimator__min_samples_split=4, estimator__n_estimators=40; total time=   0.0s
[CV] END estimator__criterion=squared_error, estimator__max_depth=15, estimator__min_samples_split=4, estimator__n_estimators=100; total time=   0.0s
[CV] END estimator__criterion=squared_error, estimator__max_depth=15, estimator__min_samples_split=6, estimator__n_estimators=20; total time=   0.0s
[CV] END estimator__criterion=squared_error, estimator__max_depth=15, estimator__min_samples_split=6, estimator__n_estimators=60; total time=   0.0s
[CV] END estimator__criterion=squared_error, estimator__max_depth=16, estimator__min_samples_split=2, estimator__n_estimators=100; total time=   0.0s
[CV] END estimator__criterion=squared_error, estimator__max_depth=16, estimator__min_samples_split=5, estimator__n_estimators=60; total time=   0.0s
[CV] END estimator__criterion=squared_error, estimator__max_depth=16, estimator__min_samples_split=5, estimator__n_estimators=60; total time=   0.0s
[CV] END estimator__criterion=squared_error, estimator__max_depth=17, estimator__min_samples_split=3, estimator__n_estimators=60; total time=   0.0s
[CV] END estimator__criterion=squared_error, estimator__max_depth=17, estimator__min_samples_split=3, estimator__n_estimators=80; total time=   0.0s
[CV] END estimator__criterion=squared_error, estimator__max_depth=18, estimator__min_samples_split=3, estimator__n_estimators=40; total time=   0.0s
[CV] END estimator__criterion=squared_error, estimator__max_depth=18, estimator__min_samples_split=3, estimator__n_estimators=40; total time=   0.0s
[CV] END estimator__criterion=squared_error, estimator__max_depth=18, estimator__min_samples_split=3, estimator__n_estimators=40; total time=   0.0s
[CV] END estimator__criterion=squared_error, estimator__max_depth=18, estimator__min_samples_split=3, estimator__n_estimators=60; total time=   0.0s
[CV] END estimator__criterion=absolute_error, estimator__max_depth=14, estimator__min_samples_split=2, estimator__n_estimators=80; total time=   0.2s
[CV] END estimator__criterion=absolute_error, estimator__max_depth=14, estimator__min_samples_split=2, estimator__n_estimators=80; total time=   0.2s
[CV] END estimator__criterion=absolute_error, estimator__max_depth=14, estimator__min_samples_split=2, estimator__n_estimators=80; total time=   0.2s
[CV] END estimator__criterion=absolute_error, estimator__max_depth=14, estimator__min_samples_split=2, estimator__n_estimators=80; total time=   0.3s
[CV] END estimator__criterion=absolute_error, estimator__max_depth=15, estimator__min_samples_split=5, estimator__n_estimators=100; total time=   0.4s
[CV] END estimator__criterion=absolute_error, estimator__max_depth=15, estimator__min_samples_split=5, estimator__n_estimators=100; total time=   0.4s
[CV] END estimator__criterion=absolute_error, estimator__max_depth=15, estimator__min_samples_split=6, estimator__n_estimators=20; total time=   0.0s
[CV] END estimator__criterion=absolute_error, estimator__max_depth=15, estimator__min_samples_split=6, estimator__n_estimators=20; total time=   0.0s
[CV] END estimator__criterion=absolute_error, estimator__max_depth=16, estimator__min_samples_split=6, estimator__n_estimators=20; total time=   0.0s
[CV] END estimator__criterion=absolute_error, estimator__max_depth=16, estimator__min_samples_split=6, estimator__n_estimators=20; total time=   0.0s
[CV] END estimator__criterion=absolute_error, estimator__max_depth=16, estimator__min_samples_split=6, estimator__n_estimators=20; total time=   0.0s
[CV] END estimator__criterion=absolute_error, estimator__max_depth=16, estimator__min_samples_split=6, estimator__n_estimators=20; total time=   0.0s
[CV] END estimator__criterion=absolute_error, estimator__max_depth=17, estimator__min_samples_split=3, estimator__n_estimators=80; total time=   0.3s
[CV] END estimator__criterion=absolute_error, estimator__max_depth=17, estimator__min_samples_split=3, estimator__n_estimators=100; total time=   0.4s
[CV] END estimator__criterion=absolute_error, estimator__max_depth=17, estimator__min_samples_split=3, estimator__n_estimators=100; total time=   0.4s
[CV] END estimator__criterion=absolute_error, estimator__max_depth=17, estimator__min_samples_split=3, estimator__n_estimators=100; total time=   0.4s
[CV] END estimator__criterion=absolute_error, estimator__max_depth=18, estimator__min_samples_split=6, estimator__n_estimators=80; total time=   0.2s
[CV] END estimator__criterion=squared_error, estimator__max_depth=14, estimator__min_samples_split=2, estimator__n_estimators=40; total time=   0.0s
[CV] END estimator__criterion=squared_error, estimator__max_depth=14, estimator__min_samples_split=4, estimator__n_estimators=20; total time=   0.0s
[CV] END estimator__criterion=squared_error, estimator__max_depth=14, estimator__min_samples_split=4, estimator__n_estimators=20; total time=   0.0s
[CV] END estimator__criterion=squared_error, estimator__max_depth=14, estimator__min_samples_split=4, estimator__n_estimators=40; total time=   0.0s
[CV] END estimator__criterion=squared_error, estimator__max_depth=14, estimator__min_samples_split=4, estimator__n_estimators=80; total time=   0.0s
[CV] END estimator__criterion=squared_error, estimator__max_depth=14, estimator__min_samples_split=5, estimator__n_estimators=20; total time=   0.0s
[CV] END estimator__criterion=squared_error, estimator__max_depth=14, estimator__min_samples_split=5, estimator__n_estimators=40; total time=   0.0s
[CV] END estimator__criterion=squared_error, estimator__max_depth=14, estimator__min_samples_split=5, estimator__n_estimators=80; total time=   0.0s
[CV] END estimator__criterion=squared_error, estimator__max_depth=14, estimator__min_samples_split=6, estimator__n_estimators=40; total time=   0.0s
[CV] END estimator__criterion=squared_error, estimator__max_depth=14, estimator__min_samples_split=6, estimator__n_estimators=100; total time=   0.0s
[CV] END estimator__criterion=squared_error, estimator__max_depth=15, estimator__min_samples_split=2, estimator__n_estimators=80; total time=   0.0s
[CV] END estimator__criterion=squared_error, estimator__max_depth=15, estimator__min_samples_split=3, estimator__n_estimators=60; total time=   0.0s
[CV] END estimator__criterion=squared_error, estimator__max_depth=15, estimator__min_samples_split=4, estimator__n_estimators=40; total time=   0.0s
[CV] END estimator__criterion=squared_error, estimator__max_depth=15, estimator__min_samples_split=4, estimator__n_estimators=80; total time=   0.0s
[CV] END estimator__criterion=squared_error, estimator__max_depth=15, estimator__min_samples_split=5, estimator__n_estimators=80; total time=   0.0s
[CV] END estimator__criterion=squared_error, estimator__max_depth=16, estimator__min_samples_split=2, estimator__n_estimators=20; total time=   0.0s
[CV] END estimator__criterion=squared_error, estimator__max_depth=16, estimator__min_samples_split=2, estimator__n_estimators=80; total time=   0.0s
[CV] END estimator__criterion=squared_error, estimator__max_depth=16, estimator__min_samples_split=4, estimator__n_estimators=40; total time=   0.0s
[CV] END estimator__criterion=squared_error, estimator__max_depth=16, estimator__min_samples_split=5, estimator__n_estimators=40; total time=   0.0s
[CV] END estimator__criterion=squared_error, estimator__max_depth=16, estimator__min_samples_split=5, estimator__n_estimators=40; total time=   0.0s
[CV] END estimator__criterion=squared_error, estimator__max_depth=17, estimator__min_samples_split=2, estimator__n_estimators=100; total time=   0.0s
[CV] END estimator__criterion=squared_error, estimator__max_depth=17, estimator__min_samples_split=2, estimator__n_estimators=100; total time=   0.0s
[CV] END estimator__criterion=squared_error, estimator__max_depth=18, estimator__min_samples_split=4, estimator__n_estimators=60; total time=   0.0s
[CV] END estimator__criterion=squared_error, estimator__max_depth=18, estimator__min_samples_split=4, estimator__n_estimators=60; total time=   0.0s
[CV] END estimator__criterion=squared_error, estimator__max_depth=18, estimator__min_samples_split=4, estimator__n_estimators=60; total time=   0.0s
[CV] END estimator__criterion=squared_error, estimator__max_depth=18, estimator__min_samples_split=4, estimator__n_estimators=60; total time=   0.0s
[CV] END estimator__criterion=absolute_error, estimator__max_depth=14, estimator__min_samples_split=4, estimator__n_estimators=40; total time=   0.1s
[CV] END estimator__criterion=absolute_error, estimator__max_depth=14, estimator__min_samples_split=4, estimator__n_estimators=60; total time=   0.2s
[CV] END estimator__criterion=absolute_error, estimator__max_depth=14, estimator__min_samples_split=4, estimator__n_estimators=60; total time=   0.2s
[CV] END estimator__criterion=absolute_error, estimator__max_depth=14, estimator__min_samples_split=4, estimator__n_estimators=60; total time=   0.2s
[CV] END estimator__criterion=absolute_error, estimator__max_depth=15, estimator__min_samples_split=4, estimator__n_estimators=100; total time=   0.4s
[CV] END estimator__criterion=absolute_error, estimator__max_depth=15, estimator__min_samples_split=5, estimator__n_estimators=20; total time=   0.0s
[CV] END estimator__criterion=absolute_error, estimator__max_depth=15, estimator__min_samples_split=5, estimator__n_estimators=20; total time=   0.0s
[CV] END estimator__criterion=absolute_error, estimator__max_depth=15, estimator__min_samples_split=5, estimator__n_estimators=20; total time=   0.0s
[CV] END estimator__criterion=absolute_error, estimator__max_depth=16, estimator__min_samples_split=4, estimator__n_estimators=40; total time=   0.1s
[CV] END estimator__criterion=absolute_error, estimator__max_depth=16, estimator__min_samples_split=4, estimator__n_estimators=40; total time=   0.1s
[CV] END estimator__criterion=absolute_error, estimator__max_depth=16, estimator__min_samples_split=4, estimator__n_estimators=40; total time=   0.1s
[CV] END estimator__criterion=absolute_error, estimator__max_depth=16, estimator__min_samples_split=4, estimator__n_estimators=60; total time=   0.2s
[CV] END estimator__criterion=absolute_error, estimator__max_depth=17, estimator__min_samples_split=3, estimator__n_estimators=40; total time=   0.1s
[CV] END estimator__criterion=absolute_error, estimator__max_depth=17, estimator__min_samples_split=3, estimator__n_estimators=40; total time=   0.1s
[CV] END estimator__criterion=absolute_error, estimator__max_depth=17, estimator__min_samples_split=3, estimator__n_estimators=40; total time=   0.1s
[CV] END estimator__criterion=absolute_error, estimator__max_depth=17, estimator__min_samples_split=3, estimator__n_estimators=60; total time=   0.2s
[CV] END estimator__criterion=absolute_error, estimator__max_depth=18, estimator__min_samples_split=2, estimator__n_estimators=100; total time=   0.4s
[CV] END estimator__criterion=absolute_error, estimator__max_depth=18, estimator__min_samples_split=2, estimator__n_estimators=100; total time=   0.3s
[CV] END estimator__criterion=absolute_error, estimator__max_depth=18, estimator__min_samples_split=3, estimator__n_estimators=20; total time=   0.0s
[CV] END estimator__criterion=absolute_error, estimator__max_depth=18, estimator__min_samples_split=3, estimator__n_estimators=20; total time=   0.0s
[CV] END estimator__criterion=absolute_error, estimator__max_depth=18, estimator__min_samples_split=6, estimator__n_estimators=80; total time=   0.2s
[CV] END estimator__criterion=absolute_error, estimator__max_depth=18, estimator__min_samples_split=5, estimator__n_estimators=20; total time=   0.0s
[CV] END estimator__criterion=absolute_error, estimator__max_depth=18, estimator__min_samples_split=5, estimator__n_estimators=100; total time=   0.3s
[CV] END estimator__criterion=absolute_error, estimator__max_depth=18, estimator__min_samples_split=6, estimator__n_estimators=80; total time=   0.2s
[CV] END estimator__criterion=squared_error, estimator__max_depth=14, estimator__min_samples_split=2, estimator__n_estimators=20; total time=   0.0s
[CV] END estimator__criterion=squared_error, estimator__max_depth=14, estimator__min_samples_split=3, estimator__n_estimators=60; total time=   0.0s
[CV] END estimator__criterion=squared_error, estimator__max_depth=14, estimator__min_samples_split=3, estimator__n_estimators=80; total time=   0.0s
[CV] END estimator__criterion=squared_error, estimator__max_depth=14, estimator__min_samples_split=3, estimator__n_estimators=100; total time=   0.0s
[CV] END estimator__criterion=squared_error, estimator__max_depth=14, estimator__min_samples_split=4, estimator__n_estimators=20; total time=   0.0s
[CV] END estimator__criterion=squared_error, estimator__max_depth=14, estimator__min_samples_split=4, estimator__n_estimators=20; total time=   0.0s
[CV] END estimator__criterion=squared_error, estimator__max_depth=14, estimator__min_samples_split=4, estimator__n_estimators=60; total time=   0.0s
[CV] END estimator__criterion=squared_error, estimator__max_depth=14, estimator__min_samples_split=4, estimator__n_estimators=80; total time=   0.0s
[CV] END estimator__criterion=squared_error, estimator__max_depth=14, estimator__min_samples_split=5, estimator__n_estimators=60; total time=   0.0s
[CV] END estimator__criterion=squared_error, estimator__max_depth=14, estimator__min_samples_split=5, estimator__n_estimators=100; total time=   0.0s
[CV] END estimator__criterion=squared_error, estimator__max_depth=14, estimator__min_samples_split=6, estimator__n_estimators=80; total time=   0.0s
[CV] END estimator__criterion=squared_error, estimator__max_depth=15, estimator__min_samples_split=2, estimator__n_estimators=60; total time=   0.0s
[CV] END estimator__criterion=squared_error, estimator__max_depth=15, estimator__min_samples_split=3, estimator__n_estimators=20; total time=   0.0s
[CV] END estimator__criterion=squared_error, estimator__max_depth=15, estimator__min_samples_split=3, estimator__n_estimators=60; total time=   0.0s
[CV] END estimator__criterion=squared_error, estimator__max_depth=15, estimator__min_samples_split=4, estimator__n_estimators=20; total time=   0.0s
[CV] END estimator__criterion=squared_error, estimator__max_depth=15, estimator__min_samples_split=4, estimator__n_estimators=40; total time=   0.0s
[CV] END estimator__criterion=squared_error, estimator__max_depth=15, estimator__min_samples_split=4, estimator__n_estimators=100; total time=   0.0s
[CV] END estimator__criterion=squared_error, estimator__max_depth=15, estimator__min_samples_split=6, estimator__n_estimators=20; total time=   0.0s
[CV] END estimator__criterion=squared_error, estimator__max_depth=15, estimator__min_samples_split=6, estimator__n_estimators=80; total time=   0.0s
[CV] END estimator__criterion=squared_error, estimator__max_depth=16, estimator__min_samples_split=3, estimator__n_estimators=20; total time=   0.0s
[CV] END estimator__criterion=squared_error, estimator__max_depth=16, estimator__min_samples_split=3, estimator__n_estimators=100; total time=   0.0s
[CV] END estimator__criterion=squared_error, estimator__max_depth=16, estimator__min_samples_split=6, estimator__n_estimators=80; total time=   0.0s
[CV] END estimator__criterion=squared_error, estimator__max_depth=16, estimator__min_samples_split=6, estimator__n_estimators=80; total time=   0.0s
[CV] END estimator__criterion=squared_error, estimator__max_depth=17, estimator__min_samples_split=4, estimator__n_estimators=60; total time=   0.0s
[CV] END estimator__criterion=squared_error, estimator__max_depth=17, estimator__min_samples_split=4, estimator__n_estimators=60; total time=   0.0s
[CV] END estimator__criterion=squared_error, estimator__max_depth=18, estimator__min_samples_split=3, estimator__n_estimators=80; total time=   0.0s
[CV] END estimator__criterion=squared_error, estimator__max_depth=18, estimator__min_samples_split=3, estimator__n_estimators=80; total time=   0.0s
[CV] END estimator__criterion=squared_error, estimator__max_depth=18, estimator__min_samples_split=3, estimator__n_estimators=80; total time=   0.0s
[CV] END estimator__criterion=squared_error, estimator__max_depth=18, estimator__min_samples_split=3, estimator__n_estimators=80; total time=   0.0s
[CV] END estimator__criterion=absolute_error, estimator__max_depth=14, estimator__min_samples_split=5, estimator__n_estimators=60; total time=   0.2s
[CV] END estimator__criterion=absolute_error, estimator__max_depth=14, estimator__min_samples_split=5, estimator__n_estimators=60; total time=   0.2s
[CV] END estimator__criterion=absolute_error, estimator__max_depth=14, estimator__min_samples_split=5, estimator__n_estimators=60; total time=   0.2s
[CV] END estimator__criterion=absolute_error, estimator__max_depth=14, estimator__min_samples_split=5, estimator__n_estimators=80; total time=   0.3s
[CV] END estimator__criterion=absolute_error, estimator__max_depth=15, estimator__min_samples_split=6, estimator__n_estimators=40; total time=   0.1s
[CV] END estimator__criterion=absolute_error, estimator__max_depth=15, estimator__min_samples_split=6, estimator__n_estimators=40; total time=   0.1s
[CV] END estimator__criterion=absolute_error, estimator__max_depth=15, estimator__min_samples_split=6, estimator__n_estimators=40; total time=   0.1s
[CV] END estimator__criterion=absolute_error, estimator__max_depth=15, estimator__min_samples_split=6, estimator__n_estimators=40; total time=   0.1s
[CV] END estimator__criterion=absolute_error, estimator__max_depth=16, estimator__min_samples_split=5, estimator__n_estimators=60; total time=   0.2s
[CV] END estimator__criterion=absolute_error, estimator__max_depth=16, estimator__min_samples_split=5, estimator__n_estimators=60; total time=   0.2s
[CV] END estimator__criterion=absolute_error, estimator__max_depth=16, estimator__min_samples_split=5, estimator__n_estimators=60; total time=   0.2s
[CV] END estimator__criterion=absolute_error, estimator__max_depth=16, estimator__min_samples_split=5, estimator__n_estimators=60; total time=   0.2s
[CV] END estimator__criterion=absolute_error, estimator__max_depth=17, estimator__min_samples_split=5, estimator__n_estimators=100; total time=   0.4s
[CV] END estimator__criterion=absolute_error, estimator__max_depth=17, estimator__min_samples_split=5, estimator__n_estimators=100; total time=   0.4s
[CV] END estimator__criterion=absolute_error, estimator__max_depth=17, estimator__min_samples_split=5, estimator__n_estimators=100; total time=   0.4s
[CV] END estimator__criterion=absolute_error, estimator__max_depth=17, estimator__min_samples_split=5, estimator__n_estimators=100; total time=   0.3s
[CV] END estimator__criterion=squared_error, estimator__max_depth=14, estimator__min_samples_split=3, estimator__n_estimators=20; total time=   0.0s
[CV] END estimator__criterion=squared_error, estimator__max_depth=15, estimator__min_samples_split=6, estimator__n_estimators=40; total time=   0.0s
[CV] END estimator__criterion=squared_error, estimator__max_depth=16, estimator__min_samples_split=2, estimator__n_estimators=20; total time=   0.0s
[CV] END estimator__criterion=squared_error, estimator__max_depth=16, estimator__min_samples_split=2, estimator__n_estimators=60; total time=   0.0s
[CV] END estimator__criterion=squared_error, estimator__max_depth=16, estimator__min_samples_split=4, estimator__n_estimators=20; total time=   0.0s
[CV] END estimator__criterion=squared_error, estimator__max_depth=16, estimator__min_samples_split=4, estimator__n_estimators=40; total time=   0.0s
[CV] END estimator__criterion=squared_error, estimator__max_depth=16, estimator__min_samples_split=5, estimator__n_estimators=40; total time=   0.0s
[CV] END estimator__criterion=squared_error, estimator__max_depth=16, estimator__min_samples_split=5, estimator__n_estimators=40; total time=   0.0s
[CV] END estimator__criterion=squared_error, estimator__max_depth=17, estimator__min_samples_split=2, estimator__n_estimators=80; total time=   0.0s
[CV] END estimator__criterion=squared_error, estimator__max_depth=17, estimator__min_samples_split=2, estimator__n_estimators=80; total time=   0.0s
[CV] END estimator__criterion=squared_error, estimator__max_depth=18, estimator__min_samples_split=2, estimator__n_estimators=100; total time=   0.0s
[CV] END estimator__criterion=squared_error, estimator__max_depth=18, estimator__min_samples_split=2, estimator__n_estimators=100; total time=   0.0s
[CV] END estimator__criterion=squared_error, estimator__max_depth=18, estimator__min_samples_split=2, estimator__n_estimators=100; total time=   0.0s
[CV] END estimator__criterion=squared_error, estimator__max_depth=18, estimator__min_samples_split=2, estimator__n_estimators=100; total time=   0.0s
[CV] END estimator__criterion=absolute_error, estimator__max_depth=14, estimator__min_samples_split=6, estimator__n_estimators=40; total time=   0.1s
[CV] END estimator__criterion=absolute_error, estimator__max_depth=14, estimator__min_samples_split=6, estimator__n_estimators=40; total time=   0.1s
[CV] END estimator__criterion=absolute_error, estimator__max_depth=14, estimator__min_samples_split=6, estimator__n_estimators=40; total time=   0.1s
[CV] END estimator__criterion=absolute_error, estimator__max_depth=14, estimator__min_samples_split=6, estimator__n_estimators=60; total time=   0.1s
[CV] END estimator__criterion=absolute_error, estimator__max_depth=15, estimator__min_samples_split=4, estimator__n_estimators=20; total time=   0.0s
[CV] END estimator__criterion=absolute_error, estimator__max_depth=15, estimator__min_samples_split=4, estimator__n_estimators=20; total time=   0.0s
[CV] END estimator__criterion=absolute_error, estimator__max_depth=15, estimator__min_samples_split=4, estimator__n_estimators=20; total time=   0.0s
[CV] END estimator__criterion=absolute_error, estimator__max_depth=15, estimator__min_samples_split=4, estimator__n_estimators=20; total time=   0.0s
[CV] END estimator__criterion=absolute_error, estimator__max_depth=15, estimator__min_samples_split=5, estimator__n_estimators=60; total time=   0.1s
[CV] END estimator__criterion=absolute_error, estimator__max_depth=15, estimator__min_samples_split=5, estimator__n_estimators=60; total time=   0.1s
[CV] END estimator__criterion=absolute_error, estimator__max_depth=15, estimator__min_samples_split=5, estimator__n_estimators=60; total time=   0.1s
[CV] END estimator__criterion=absolute_error, estimator__max_depth=15, estimator__min_samples_split=5, estimator__n_estimators=60; total time=   0.1s
[CV] END estimator__criterion=absolute_error, estimator__max_depth=16, estimator__min_samples_split=5, estimator__n_estimators=20; total time=   0.0s
[CV] END estimator__criterion=absolute_error, estimator__max_depth=16, estimator__min_samples_split=5, estimator__n_estimators=20; total time=   0.0s
[CV] END estimator__criterion=absolute_error, estimator__max_depth=16, estimator__min_samples_split=5, estimator__n_estimators=20; total time=   0.0s
[CV] END estimator__criterion=absolute_error, estimator__max_depth=16, estimator__min_samples_split=5, estimator__n_estimators=40; total time=   0.1s
[CV] END estimator__criterion=absolute_error, estimator__max_depth=16, estimator__min_samples_split=6, estimator__n_estimators=40; total time=   0.1s
[CV] END estimator__criterion=absolute_error, estimator__max_depth=16, estimator__min_samples_split=6, estimator__n_estimators=60; total time=   0.1s
[CV] END estimator__criterion=absolute_error, estimator__max_depth=16, estimator__min_samples_split=6, estimator__n_estimators=60; total time=   0.1s
[CV] END estimator__criterion=absolute_error, estimator__max_depth=16, estimator__min_samples_split=6, estimator__n_estimators=60; total time=   0.1s
[CV] END estimator__criterion=absolute_error, estimator__max_depth=17, estimator__min_samples_split=5, estimator__n_estimators=80; total time=   0.2s
[CV] END estimator__criterion=absolute_error, estimator__max_depth=17, estimator__min_samples_split=5, estimator__n_estimators=80; total time=   0.2s
[CV] END estimator__criterion=absolute_error, estimator__max_depth=17, estimator__min_samples_split=5, estimator__n_estimators=80; total time=   0.2s
[CV] END estimator__criterion=absolute_error, estimator__max_depth=17, estimator__min_samples_split=5, estimator__n_estimators=100; total time=   0.3s
[CV] END estimator__criterion=absolute_error, estimator__max_depth=18, estimator__min_samples_split=6, estimator__n_estimators=20; total time=   0.0s
[CV] END estimator__criterion=absolute_error, estimator__max_depth=18, estimator__min_samples_split=6, estimator__n_estimators=40; total time=   0.1s
[CV] END estimator__criterion=absolute_error, estimator__max_depth=18, estimator__min_samples_split=6, estimator__n_estimators=80; total time=   0.2s
[CV] END estimator__criterion=squared_error, estimator__max_depth=14, estimator__min_samples_split=2, estimator__n_estimators=80; total time=   0.0s
[CV] END estimator__criterion=squared_error, estimator__max_depth=16, estimator__min_samples_split=2, estimator__n_estimators=40; total time=   0.0s
[CV] END estimator__criterion=squared_error, estimator__max_depth=16, estimator__min_samples_split=3, estimator__n_estimators=40; total time=   0.0s
[CV] END estimator__criterion=squared_error, estimator__max_depth=16, estimator__min_samples_split=4, estimator__n_estimators=40; total time=   0.0s
[CV] END estimator__criterion=squared_error, estimator__max_depth=16, estimator__min_samples_split=4, estimator__n_estimators=100; total time=   0.0s
[CV] END estimator__criterion=squared_error, estimator__max_depth=16, estimator__min_samples_split=5, estimator__n_estimators=20; total time=   0.0s
[CV] END estimator__criterion=squared_error, estimator__max_depth=17, estimator__min_samples_split=3, estimator__n_estimators=60; total time=   0.0s
[CV] END estimator__criterion=squared_error, estimator__max_depth=17, estimator__min_samples_split=3, estimator__n_estimators=60; total time=   0.0s
[CV] END estimator__criterion=squared_error, estimator__max_depth=17, estimator__min_samples_split=6, estimator__n_estimators=40; total time=   0.0s
[CV] END estimator__criterion=squared_error, estimator__max_depth=17, estimator__min_samples_split=6, estimator__n_estimators=60; total time=   0.0s
[CV] END estimator__criterion=squared_error, estimator__max_depth=17, estimator__min_samples_split=6, estimator__n_estimators=60; total time=   0.0s
[CV] END estimator__criterion=squared_error, estimator__max_depth=17, estimator__min_samples_split=6, estimator__n_estimators=60; total time=   0.0s
[CV] END estimator__criterion=squared_error, estimator__max_depth=18, estimator__min_samples_split=6, estimator__n_estimators=20; total time=   0.0s
[CV] END estimator__criterion=squared_error, estimator__max_depth=18, estimator__min_samples_split=6, estimator__n_estimators=40; total time=   0.0s
[CV] END estimator__criterion=squared_error, estimator__max_depth=18, estimator__min_samples_split=6, estimator__n_estimators=40; total time=   0.0s
[CV] END estimator__criterion=squared_error, estimator__max_depth=18, estimator__min_samples_split=6, estimator__n_estimators=40; total time=   0.0s
[CV] END estimator__criterion=absolute_error, estimator__max_depth=14, estimator__min_samples_split=3, estimator__n_estimators=100; total time=   0.3s
[CV] END estimator__criterion=absolute_error, estimator__max_depth=14, estimator__min_samples_split=3, estimator__n_estimators=100; total time=   0.3s
[CV] END estimator__criterion=absolute_error, estimator__max_depth=14, estimator__min_samples_split=3, estimator__n_estimators=100; total time=   0.3s
[CV] END estimator__criterion=absolute_error, estimator__max_depth=14, estimator__min_samples_split=4, estimator__n_estimators=20; total time=   0.0s
[CV] END estimator__criterion=absolute_error, estimator__max_depth=15, estimator__min_samples_split=5, estimator__n_estimators=80; total time=   0.2s
[CV] END estimator__criterion=absolute_error, estimator__max_depth=15, estimator__min_samples_split=5, estimator__n_estimators=100; total time=   0.3s
[CV] END estimator__criterion=absolute_error, estimator__max_depth=15, estimator__min_samples_split=5, estimator__n_estimators=100; total time=   0.3s
[CV] END estimator__criterion=absolute_error, estimator__max_depth=15, estimator__min_samples_split=5, estimator__n_estimators=100; total time=   0.3s
[CV] END estimator__criterion=absolute_error, estimator__max_depth=17, estimator__min_samples_split=2, estimator__n_estimators=100; total time=   0.3s
[CV] END estimator__criterion=absolute_error, estimator__max_depth=17, estimator__min_samples_split=2, estimator__n_estimators=100; total time=   0.3s
[CV] END estimator__criterion=absolute_error, estimator__max_depth=17, estimator__min_samples_split=2, estimator__n_estimators=100; total time=   0.3s
[CV] END estimator__criterion=absolute_error, estimator__max_depth=17, estimator__min_samples_split=2, estimator__n_estimators=100; total time=   0.3s
[CV] END estimator__criterion=absolute_error, estimator__max_depth=18, estimator__min_samples_split=5, estimator__n_estimators=80; total time=   0.2s
[CV] END estimator__criterion=absolute_error, estimator__max_depth=18, estimator__min_samples_split=6, estimator__n_estimators=40; total time=   0.1s
[CV] END estimator__criterion=absolute_error, estimator__max_depth=18, estimator__min_samples_split=6, estimator__n_estimators=80; total time=   0.2s
[CV] END estimator__criterion=squared_error, estimator__max_depth=14, estimator__min_samples_split=2, estimator__n_estimators=40; total time=   0.0s
[CV] END estimator__criterion=squared_error, estimator__max_depth=15, estimator__min_samples_split=5, estimator__n_estimators=40; total time=   0.0s
[CV] END estimator__criterion=squared_error, estimator__max_depth=15, estimator__min_samples_split=5, estimator__n_estimators=100; total time=   0.0s
[CV] END estimator__criterion=squared_error, estimator__max_depth=16, estimator__min_samples_split=3, estimator__n_estimators=20; total time=   0.0s
[CV] END estimator__criterion=squared_error, estimator__max_depth=16, estimator__min_samples_split=3, estimator__n_estimators=80; total time=   0.0s
[CV] END estimator__criterion=squared_error, estimator__max_depth=16, estimator__min_samples_split=6, estimator__n_estimators=60; total time=   0.0s
[CV] END estimator__criterion=squared_error, estimator__max_depth=16, estimator__min_samples_split=6, estimator__n_estimators=60; total time=   0.0s
[CV] END estimator__criterion=squared_error, estimator__max_depth=17, estimator__min_samples_split=4, estimator__n_estimators=20; total time=   0.0s
[CV] END estimator__criterion=squared_error, estimator__max_depth=17, estimator__min_samples_split=4, estimator__n_estimators=20; total time=   0.0s
[CV] END estimator__criterion=squared_error, estimator__max_depth=17, estimator__min_samples_split=5, estimator__n_estimators=20; total time=   0.0s
[CV] END estimator__criterion=squared_error, estimator__max_depth=17, estimator__min_samples_split=5, estimator__n_estimators=20; total time=   0.0s
[CV] END estimator__criterion=squared_error, estimator__max_depth=17, estimator__min_samples_split=5, estimator__n_estimators=20; total time=   0.0s
[CV] END estimator__criterion=squared_error, estimator__max_depth=17, estimator__min_samples_split=5, estimator__n_estimators=40; total time=   0.0s
[CV] END estimator__criterion=squared_error, estimator__max_depth=18, estimator__min_samples_split=4, estimator__n_estimators=20; total time=   0.0s
[CV] END estimator__criterion=squared_error, estimator__max_depth=18, estimator__min_samples_split=4, estimator__n_estimators=20; total time=   0.0s
[CV] END estimator__criterion=squared_error, estimator__max_depth=18, estimator__min_samples_split=4, estimator__n_estimators=20; total time=   0.0s
[CV] END estimator__criterion=squared_error, estimator__max_depth=18, estimator__min_samples_split=4, estimator__n_estimators=40; total time=   0.0s
[CV] END estimator__criterion=squared_error, estimator__max_depth=18, estimator__min_samples_split=6, estimator__n_estimators=60; total time=   0.0s
[CV] END estimator__criterion=squared_error, estimator__max_depth=18, estimator__min_samples_split=6, estimator__n_estimators=60; total time=   0.0s
[CV] END estimator__criterion=squared_error, estimator__max_depth=18, estimator__min_samples_split=6, estimator__n_estimators=60; total time=   0.0s
[CV] END estimator__criterion=squared_error, estimator__max_depth=18, estimator__min_samples_split=6, estimator__n_estimators=80; total time=   0.0s
[CV] END estimator__criterion=absolute_error, estimator__max_depth=14, estimator__min_samples_split=6, estimator__n_estimators=60; total time=   0.2s
[CV] END estimator__criterion=absolute_error, estimator__max_depth=14, estimator__min_samples_split=6, estimator__n_estimators=60; total time=   0.2s
[CV] END estimator__criterion=absolute_error, estimator__max_depth=14, estimator__min_samples_split=6, estimator__n_estimators=60; total time=   0.2s
[CV] END estimator__criterion=absolute_error, estimator__max_depth=14, estimator__min_samples_split=6, estimator__n_estimators=60; total time=   0.2s
[CV] END estimator__criterion=absolute_error, estimator__max_depth=15, estimator__min_samples_split=6, estimator__n_estimators=20; total time=   0.0s
[CV] END estimator__criterion=absolute_error, estimator__max_depth=15, estimator__min_samples_split=6, estimator__n_estimators=20; total time=   0.0s
[CV] END estimator__criterion=absolute_error, estimator__max_depth=15, estimator__min_samples_split=6, estimator__n_estimators=20; total time=   0.0s
[CV] END estimator__criterion=absolute_error, estimator__max_depth=15, estimator__min_samples_split=6, estimator__n_estimators=40; total time=   0.1s
[CV] END estimator__criterion=absolute_error, estimator__max_depth=16, estimator__min_samples_split=3, estimator__n_estimators=20; total time=   0.0s
[CV] END estimator__criterion=absolute_error, estimator__max_depth=16, estimator__min_samples_split=3, estimator__n_estimators=20; total time=   0.0s
[CV] END estimator__criterion=absolute_error, estimator__max_depth=16, estimator__min_samples_split=3, estimator__n_estimators=20; total time=   0.0s
[CV] END estimator__criterion=absolute_error, estimator__max_depth=16, estimator__min_samples_split=3, estimator__n_estimators=20; total time=   0.0s
[CV] END estimator__criterion=absolute_error, estimator__max_depth=16, estimator__min_samples_split=4, estimator__n_estimators=100; total time=   0.3s
[CV] END estimator__criterion=absolute_error, estimator__max_depth=16, estimator__min_samples_split=4, estimator__n_estimators=100; total time=   0.3s
[CV] END estimator__criterion=absolute_error, estimator__max_depth=16, estimator__min_samples_split=5, estimator__n_estimators=20; total time=   0.0s
[CV] END estimator__criterion=absolute_error, estimator__max_depth=16, estimator__min_samples_split=5, estimator__n_estimators=20; total time=   0.0s
[CV] END estimator__criterion=absolute_error, estimator__max_depth=17, estimator__min_samples_split=4, estimator__n_estimators=60; total time=   0.1s
[CV] END estimator__criterion=absolute_error, estimator__max_depth=17, estimator__min_samples_split=4, estimator__n_estimators=60; total time=   0.1s
[CV] END estimator__criterion=absolute_error, estimator__max_depth=17, estimator__min_samples_split=4, estimator__n_estimators=60; total time=   0.1s
[CV] END estimator__criterion=absolute_error, estimator__max_depth=17, estimator__min_samples_split=4, estimator__n_estimators=60; total time=   0.1s
[CV] END estimator__criterion=absolute_error, estimator__max_depth=18, estimator__min_samples_split=3, estimator__n_estimators=100; total time=   0.3s
[CV] END estimator__criterion=absolute_error, estimator__max_depth=18, estimator__min_samples_split=3, estimator__n_estimators=100; total time=   0.3s
[CV] END estimator__criterion=absolute_error, estimator__max_depth=18, estimator__min_samples_split=3, estimator__n_estimators=100; total time=   0.3s
[CV] END estimator__criterion=absolute_error, estimator__max_depth=18, estimator__min_samples_split=4, estimator__n_estimators=20; total time=   0.0s
[CV] END estimator__criterion=squared_error, estimator__max_depth=14, estimator__min_samples_split=2, estimator__n_estimators=60; total time=   0.0s
[CV] END estimator__criterion=squared_error, estimator__max_depth=14, estimator__min_samples_split=4, estimator__n_estimators=100; total time=   0.0s
[CV] END estimator__criterion=squared_error, estimator__max_depth=14, estimator__min_samples_split=5, estimator__n_estimators=60; total time=   0.0s
[CV] END estimator__criterion=squared_error, estimator__max_depth=14, estimator__min_samples_split=6, estimator__n_estimators=20; total time=   0.0s
[CV] END estimator__criterion=squared_error, estimator__max_depth=14, estimator__min_samples_split=6, estimator__n_estimators=20; total time=   0.0s
[CV] END estimator__criterion=squared_error, estimator__max_depth=14, estimator__min_samples_split=6, estimator__n_estimators=60; total time=   0.0s
[CV] END estimator__criterion=squared_error, estimator__max_depth=15, estimator__min_samples_split=2, estimator__n_estimators=40; total time=   0.0s
[CV] END estimator__criterion=squared_error, estimator__max_depth=15, estimator__min_samples_split=2, estimator__n_estimators=80; total time=   0.0s
[CV] END estimator__criterion=squared_error, estimator__max_depth=15, estimator__min_samples_split=3, estimator__n_estimators=60; total time=   0.0s
[CV] END estimator__criterion=squared_error, estimator__max_depth=15, estimator__min_samples_split=4, estimator__n_estimators=20; total time=   0.0s
[CV] END estimator__criterion=squared_error, estimator__max_depth=15, estimator__min_samples_split=4, estimator__n_estimators=60; total time=   0.0s
[CV] END estimator__criterion=squared_error, estimator__max_depth=15, estimator__min_samples_split=5, estimator__n_estimators=20; total time=   0.0s
[CV] END estimator__criterion=squared_error, estimator__max_depth=15, estimator__min_samples_split=5, estimator__n_estimators=60; total time=   0.0s
[CV] END estimator__criterion=squared_error, estimator__max_depth=15, estimator__min_samples_split=6, estimator__n_estimators=80; total time=   0.0s
[CV] END estimator__criterion=squared_error, estimator__max_depth=16, estimator__min_samples_split=2, estimator__n_estimators=100; total time=   0.0s
[CV] END estimator__criterion=squared_error, estimator__max_depth=16, estimator__min_samples_split=5, estimator__n_estimators=80; total time=   0.0s
[CV] END estimator__criterion=squared_error, estimator__max_depth=16, estimator__min_samples_split=5, estimator__n_estimators=80; total time=   0.0s
[CV] END estimator__criterion=squared_error, estimator__max_depth=17, estimator__min_samples_split=4, estimator__n_estimators=80; total time=   0.0s
[CV] END estimator__criterion=squared_error, estimator__max_depth=17, estimator__min_samples_split=4, estimator__n_estimators=80; total time=   0.0s
[CV] END estimator__criterion=squared_error, estimator__max_depth=18, estimator__min_samples_split=5, estimator__n_estimators=20; total time=   0.0s
[CV] END estimator__criterion=squared_error, estimator__max_depth=18, estimator__min_samples_split=5, estimator__n_estimators=20; total time=   0.0s
[CV] END estimator__criterion=squared_error, estimator__max_depth=18, estimator__min_samples_split=5, estimator__n_estimators=20; total time=   0.0s
[CV] END estimator__criterion=squared_error, estimator__max_depth=18, estimator__min_samples_split=5, estimator__n_estimators=20; total time=   0.0s
[CV] END estimator__criterion=squared_error, estimator__max_depth=18, estimator__min_samples_split=6, estimator__n_estimators=40; total time=   0.0s
[CV] END estimator__criterion=squared_error, estimator__max_depth=18, estimator__min_samples_split=6, estimator__n_estimators=40; total time=   0.0s
[CV] END estimator__criterion=squared_error, estimator__max_depth=18, estimator__min_samples_split=6, estimator__n_estimators=60; total time=   0.0s
[CV] END estimator__criterion=squared_error, estimator__max_depth=18, estimator__min_samples_split=6, estimator__n_estimators=60; total time=   0.0s
[CV] END estimator__criterion=absolute_error, estimator__max_depth=14, estimator__min_samples_split=4, estimator__n_estimators=100; total time=   0.3s
[CV] END estimator__criterion=absolute_error, estimator__max_depth=14, estimator__min_samples_split=4, estimator__n_estimators=100; total time=   0.3s
[CV] END estimator__criterion=absolute_error, estimator__max_depth=14, estimator__min_samples_split=4, estimator__n_estimators=100; total time=   0.3s
[CV] END estimator__criterion=absolute_error, estimator__max_depth=14, estimator__min_samples_split=4, estimator__n_estimators=100; total time=   0.4s
[CV] END estimator__criterion=absolute_error, estimator__max_depth=16, estimator__min_samples_split=2, estimator__n_estimators=100; total time=   0.4s
[CV] END estimator__criterion=absolute_error, estimator__max_depth=16, estimator__min_samples_split=2, estimator__n_estimators=100; total time=   0.4s
[CV] END estimator__criterion=absolute_error, estimator__max_depth=16, estimator__min_samples_split=2, estimator__n_estimators=100; total time=   0.4s
[CV] END estimator__criterion=absolute_error, estimator__max_depth=16, estimator__min_samples_split=2, estimator__n_estimators=100; total time=   0.4s
[CV] END estimator__criterion=absolute_error, estimator__max_depth=18, estimator__min_samples_split=3, estimator__n_estimators=60; total time=   0.2s
[CV] END estimator__criterion=absolute_error, estimator__max_depth=18, estimator__min_samples_split=3, estimator__n_estimators=80; total time=   0.3s
[CV] END estimator__criterion=absolute_error, estimator__max_depth=18, estimator__min_samples_split=3, estimator__n_estimators=80; total time=   0.3s
[CV] END estimator__criterion=absolute_error, estimator__max_depth=18, estimator__min_samples_split=3, estimator__n_estimators=80; total time=   0.2s
[CV] END estimator__criterion=squared_error, estimator__max_depth=14, estimator__min_samples_split=2, estimator__n_estimators=80; total time=   0.0s
[CV] END estimator__criterion=squared_error, estimator__max_depth=15, estimator__min_samples_split=6, estimator__n_estimators=40; total time=   0.0s
[CV] END estimator__criterion=squared_error, estimator__max_depth=15, estimator__min_samples_split=6, estimator__n_estimators=100; total time=   0.0s
[CV] END estimator__criterion=squared_error, estimator__max_depth=16, estimator__min_samples_split=3, estimator__n_estimators=80; total time=   0.0s
[CV] END estimator__criterion=squared_error, estimator__max_depth=16, estimator__min_samples_split=5, estimator__n_estimators=100; total time=   0.0s
[CV] END estimator__criterion=squared_error, estimator__max_depth=16, estimator__min_samples_split=5, estimator__n_estimators=100; total time=   0.0s
[CV] END estimator__criterion=squared_error, estimator__max_depth=17, estimator__min_samples_split=4, estimator__n_estimators=100; total time=   0.0s
[CV] END estimator__criterion=squared_error, estimator__max_depth=17, estimator__min_samples_split=4, estimator__n_estimators=100; total time=   0.0s
[CV] END estimator__criterion=squared_error, estimator__max_depth=17, estimator__min_samples_split=5, estimator__n_estimators=20; total time=   0.0s
[CV] END estimator__criterion=squared_error, estimator__max_depth=17, estimator__min_samples_split=5, estimator__n_estimators=20; total time=   0.0s
[CV] END estimator__criterion=squared_error, estimator__max_depth=18, estimator__min_samples_split=6, estimator__n_estimators=20; total time=   0.0s
[CV] END estimator__criterion=squared_error, estimator__max_depth=18, estimator__min_samples_split=6, estimator__n_estimators=20; total time=   0.0s
[CV] END estimator__criterion=squared_error, estimator__max_depth=18, estimator__min_samples_split=6, estimator__n_estimators=20; total time=   0.0s
[CV] END estimator__criterion=squared_error, estimator__max_depth=18, estimator__min_samples_split=6, estimator__n_estimators=20; total time=   0.0s
[CV] END estimator__criterion=absolute_error, estimator__max_depth=14, estimator__min_samples_split=2, estimator__n_estimators=40; total time=   0.1s
[CV] END estimator__criterion=absolute_error, estimator__max_depth=14, estimator__min_samples_split=2, estimator__n_estimators=40; total time=   0.1s
[CV] END estimator__criterion=absolute_error, estimator__max_depth=14, estimator__min_samples_split=2, estimator__n_estimators=40; total time=   0.1s
[CV] END estimator__criterion=absolute_error, estimator__max_depth=14, estimator__min_samples_split=2, estimator__n_estimators=60; total time=   0.2s
[CV] END estimator__criterion=absolute_error, estimator__max_depth=15, estimator__min_samples_split=3, estimator__n_estimators=80; total time=   0.3s
[CV] END estimator__criterion=absolute_error, estimator__max_depth=15, estimator__min_samples_split=3, estimator__n_estimators=80; total time=   0.3s
[CV] END estimator__criterion=absolute_error, estimator__max_depth=15, estimator__min_samples_split=3, estimator__n_estimators=80; total time=   0.3s
[CV] END estimator__criterion=absolute_error, estimator__max_depth=15, estimator__min_samples_split=3, estimator__n_estimators=100; total time=   0.4s
[CV] END estimator__criterion=absolute_error, estimator__max_depth=16, estimator__min_samples_split=6, estimator__n_estimators=100; total time=   0.4s
[CV] END estimator__criterion=absolute_error, estimator__max_depth=16, estimator__min_samples_split=6, estimator__n_estimators=100; total time=   0.4s
[CV] END estimator__criterion=absolute_error, estimator__max_depth=16, estimator__min_samples_split=6, estimator__n_estimators=100; total time=   0.4s
[CV] END estimator__criterion=absolute_error, estimator__max_depth=16, estimator__min_samples_split=6, estimator__n_estimators=100; total time=   0.3s
[CV] END estimator__criterion=absolute_error, estimator__max_depth=18, estimator__min_samples_split=5, estimator__n_estimators=80; total time=   0.2s
[CV] END estimator__criterion=absolute_error, estimator__max_depth=18, estimator__min_samples_split=6, estimator__n_estimators=20; total time=   0.0s
[CV] END estimator__criterion=absolute_error, estimator__max_depth=18, estimator__min_samples_split=6, estimator__n_estimators=40; total time=   0.1s
[CV] END estimator__criterion=absolute_error, estimator__max_depth=18, estimator__min_samples_split=6, estimator__n_estimators=100; total time=   0.3s
[CV] END estimator__criterion=squared_error, estimator__max_depth=14, estimator__min_samples_split=2, estimator__n_estimators=40; total time=   0.0s
[CV] END estimator__criterion=squared_error, estimator__max_depth=14, estimator__min_samples_split=4, estimator__n_estimators=60; total time=   0.0s
[CV] END estimator__criterion=squared_error, estimator__max_depth=14, estimator__min_samples_split=4, estimator__n_estimators=100; total time=   0.0s
[CV] END estimator__criterion=squared_error, estimator__max_depth=14, estimator__min_samples_split=5, estimator__n_estimators=60; total time=   0.0s
[CV] END estimator__criterion=squared_error, estimator__max_depth=14, estimator__min_samples_split=6, estimator__n_estimators=20; total time=   0.0s
[CV] END estimator__criterion=squared_error, estimator__max_depth=14, estimator__min_samples_split=6, estimator__n_estimators=20; total time=   0.0s
[CV] END estimator__criterion=squared_error, estimator__max_depth=14, estimator__min_samples_split=6, estimator__n_estimators=60; total time=   0.0s
[CV] END estimator__criterion=squared_error, estimator__max_depth=15, estimator__min_samples_split=2, estimator__n_estimators=20; total time=   0.0s
[CV] END estimator__criterion=squared_error, estimator__max_depth=15, estimator__min_samples_split=2, estimator__n_estimators=40; total time=   0.0s
[CV] END estimator__criterion=squared_error, estimator__max_depth=15, estimator__min_samples_split=2, estimator__n_estimators=100; total time=   0.0s
[CV] END estimator__criterion=squared_error, estimator__max_depth=15, estimator__min_samples_split=3, estimator__n_estimators=100; total time=   0.0s
[CV] END estimator__criterion=squared_error, estimator__max_depth=15, estimator__min_samples_split=4, estimator__n_estimators=100; total time=   0.0s
[CV] END estimator__criterion=squared_error, estimator__max_depth=15, estimator__min_samples_split=6, estimator__n_estimators=60; total time=   0.0s
[CV] END estimator__criterion=squared_error, estimator__max_depth=16, estimator__min_samples_split=2, estimator__n_estimators=100; total time=   0.0s
[CV] END estimator__criterion=squared_error, estimator__max_depth=16, estimator__min_samples_split=4, estimator__n_estimators=100; total time=   0.0s
[CV] END estimator__criterion=squared_error, estimator__max_depth=16, estimator__min_samples_split=4, estimator__n_estimators=100; total time=   0.0s
[CV] END estimator__criterion=squared_error, estimator__max_depth=17, estimator__min_samples_split=4, estimator__n_estimators=100; total time=   0.0s
[CV] END estimator__criterion=squared_error, estimator__max_depth=17, estimator__min_samples_split=4, estimator__n_estimators=100; total time=   0.0s
[CV] END estimator__criterion=squared_error, estimator__max_depth=18, estimator__min_samples_split=5, estimator__n_estimators=100; total time=   0.0s
[CV] END estimator__criterion=squared_error, estimator__max_depth=18, estimator__min_samples_split=5, estimator__n_estimators=100; total time=   0.0s
[CV] END estimator__criterion=squared_error, estimator__max_depth=18, estimator__min_samples_split=5, estimator__n_estimators=100; total time=   0.0s
[CV] END estimator__criterion=squared_error, estimator__max_depth=18, estimator__min_samples_split=5, estimator__n_estimators=100; total time=   0.0s
[CV] END estimator__criterion=absolute_error, estimator__max_depth=15, estimator__min_samples_split=2, estimator__n_estimators=20; total time=   0.0s
[CV] END estimator__criterion=absolute_error, estimator__max_depth=15, estimator__min_samples_split=2, estimator__n_estimators=20; total time=   0.0s
[CV] END estimator__criterion=absolute_error, estimator__max_depth=15, estimator__min_samples_split=2, estimator__n_estimators=20; total time=   0.0s
[CV] END estimator__criterion=absolute_error, estimator__max_depth=15, estimator__min_samples_split=2, estimator__n_estimators=40; total time=   0.1s
[CV] END estimator__criterion=absolute_error, estimator__max_depth=15, estimator__min_samples_split=3, estimator__n_estimators=100; total time=   0.4s
[CV] END estimator__criterion=absolute_error, estimator__max_depth=15, estimator__min_samples_split=3, estimator__n_estimators=100; total time=   0.3s
[CV] END estimator__criterion=absolute_error, estimator__max_depth=15, estimator__min_samples_split=3, estimator__n_estimators=100; total time=   0.3s
[CV] END estimator__criterion=absolute_error, estimator__max_depth=15, estimator__min_samples_split=3, estimator__n_estimators=100; total time=   0.4s
[CV] END estimator__criterion=absolute_error, estimator__max_depth=17, estimator__min_samples_split=2, estimator__n_estimators=20; total time=   0.0s
[CV] END estimator__criterion=absolute_error, estimator__max_depth=17, estimator__min_samples_split=2, estimator__n_estimators=40; total time=   0.1s
[CV] END estimator__criterion=absolute_error, estimator__max_depth=17, estimator__min_samples_split=2, estimator__n_estimators=40; total time=   0.1s
[CV] END estimator__criterion=absolute_error, estimator__max_depth=17, estimator__min_samples_split=2, estimator__n_estimators=40; total time=   0.1s
[CV] END estimator__criterion=absolute_error, estimator__max_depth=17, estimator__min_samples_split=5, estimator__n_estimators=60; total time=   0.2s
[CV] END estimator__criterion=absolute_error, estimator__max_depth=17, estimator__min_samples_split=5, estimator__n_estimators=60; total time=   0.2s
[CV] END estimator__criterion=absolute_error, estimator__max_depth=17, estimator__min_samples_split=5, estimator__n_estimators=80; total time=   0.2s
[CV] END estimator__criterion=absolute_error, estimator__max_depth=17, estimator__min_samples_split=5, estimator__n_estimators=80; total time=   0.2s
[CV] END estimator__criterion=absolute_error, estimator__max_depth=18, estimator__min_samples_split=5, estimator__n_estimators=100; total time=   0.3s
[CV] END estimator__criterion=absolute_error, estimator__max_depth=18, estimator__min_samples_split=6, estimator__n_estimators=100; total time=   0.3s
[CV] END estimator__criterion=squared_error, estimator__max_depth=14, estimator__min_samples_split=2, estimator__n_estimators=20; total time=   0.0s
[CV] END estimator__criterion=squared_error, estimator__max_depth=14, estimator__min_samples_split=3, estimator__n_estimators=40; total time=   0.0s
[CV] END estimator__criterion=squared_error, estimator__max_depth=14, estimator__min_samples_split=3, estimator__n_estimators=40; total time=   0.0s
[CV] END estimator__criterion=squared_error, estimator__max_depth=14, estimator__min_samples_split=3, estimator__n_estimators=60; total time=   0.0s
[CV] END estimator__criterion=squared_error, estimator__max_depth=14, estimator__min_samples_split=3, estimator__n_estimators=60; total time=   0.0s
[CV] END estimator__criterion=squared_error, estimator__max_depth=14, estimator__min_samples_split=3, estimator__n_estimators=80; total time=   0.0s
[CV] END estimator__criterion=squared_error, estimator__max_depth=14, estimator__min_samples_split=3, estimator__n_estimators=100; total time=   0.0s
[CV] END estimator__criterion=squared_error, estimator__max_depth=14, estimator__min_samples_split=4, estimator__n_estimators=40; total time=   0.0s
[CV] END estimator__criterion=squared_error, estimator__max_depth=14, estimator__min_samples_split=4, estimator__n_estimators=60; total time=   0.0s
[CV] END estimator__criterion=squared_error, estimator__max_depth=14, estimator__min_samples_split=4, estimator__n_estimators=100; total time=   0.0s
[CV] END estimator__criterion=squared_error, estimator__max_depth=14, estimator__min_samples_split=5, estimator__n_estimators=80; total time=   0.0s
[CV] END estimator__criterion=squared_error, estimator__max_depth=14, estimator__min_samples_split=6, estimator__n_estimators=40; total time=   0.0s
[CV] END estimator__criterion=squared_error, estimator__max_depth=14, estimator__min_samples_split=6, estimator__n_estimators=80; total time=   0.0s
[CV] END estimator__criterion=squared_error, estimator__max_depth=15, estimator__min_samples_split=2, estimator__n_estimators=60; total time=   0.0s
[CV] END estimator__criterion=squared_error, estimator__max_depth=15, estimator__min_samples_split=3, estimator__n_estimators=40; total time=   0.0s
[CV] END estimator__criterion=squared_error, estimator__max_depth=15, estimator__min_samples_split=3, estimator__n_estimators=80; total time=   0.0s
[CV] END estimator__criterion=squared_error, estimator__max_depth=15, estimator__min_samples_split=4, estimator__n_estimators=60; total time=   0.0s
[CV] END estimator__criterion=squared_error, estimator__max_depth=15, estimator__min_samples_split=5, estimator__n_estimators=20; total time=   0.0s
[CV] END estimator__criterion=squared_error, estimator__max_depth=15, estimator__min_samples_split=5, estimator__n_estimators=60; total time=   0.0s
[CV] END estimator__criterion=squared_error, estimator__max_depth=15, estimator__min_samples_split=6, estimator__n_estimators=80; total time=   0.0s
[CV] END estimator__criterion=squared_error, estimator__max_depth=16, estimator__min_samples_split=3, estimator__n_estimators=60; total time=   0.0s
[CV] END estimator__criterion=squared_error, estimator__max_depth=16, estimator__min_samples_split=4, estimator__n_estimators=100; total time=   0.0s
[CV] END estimator__criterion=squared_error, estimator__max_depth=16, estimator__min_samples_split=4, estimator__n_estimators=100; total time=   0.0s
[CV] END estimator__criterion=squared_error, estimator__max_depth=17, estimator__min_samples_split=4, estimator__n_estimators=80; total time=   0.0s
[CV] END estimator__criterion=squared_error, estimator__max_depth=17, estimator__min_samples_split=4, estimator__n_estimators=80; total time=   0.0s
[CV] END estimator__criterion=squared_error, estimator__max_depth=18, estimator__min_samples_split=4, estimator__n_estimators=40; total time=   0.0s
[CV] END estimator__criterion=squared_error, estimator__max_depth=18, estimator__min_samples_split=4, estimator__n_estimators=40; total time=   0.0s
[CV] END estimator__criterion=squared_error, estimator__max_depth=18, estimator__min_samples_split=4, estimator__n_estimators=40; total time=   0.0s
[CV] END estimator__criterion=squared_error, estimator__max_depth=18, estimator__min_samples_split=4, estimator__n_estimators=40; total time=   0.0s
[CV] END estimator__criterion=absolute_error, estimator__max_depth=14, estimator__min_samples_split=2, estimator__n_estimators=60; total time=   0.2s
[CV] END estimator__criterion=absolute_error, estimator__max_depth=14, estimator__min_samples_split=2, estimator__n_estimators=60; total time=   0.1s
[CV] END estimator__criterion=absolute_error, estimator__max_depth=14, estimator__min_samples_split=2, estimator__n_estimators=60; total time=   0.2s
[CV] END estimator__criterion=absolute_error, estimator__max_depth=14, estimator__min_samples_split=2, estimator__n_estimators=60; total time=   0.2s
[CV] END estimator__criterion=absolute_error, estimator__max_depth=15, estimator__min_samples_split=4, estimator__n_estimators=80; total time=   0.2s
[CV] END estimator__criterion=absolute_error, estimator__max_depth=15, estimator__min_samples_split=4, estimator__n_estimators=80; total time=   0.2s
[CV] END estimator__criterion=absolute_error, estimator__max_depth=15, estimator__min_samples_split=4, estimator__n_estimators=80; total time=   0.2s
[CV] END estimator__criterion=absolute_error, estimator__max_depth=15, estimator__min_samples_split=4, estimator__n_estimators=80; total time=   0.2s
[CV] END estimator__criterion=absolute_error, estimator__max_depth=16, estimator__min_samples_split=5, estimator__n_estimators=60; total time=   0.1s
[CV] END estimator__criterion=absolute_error, estimator__max_depth=16, estimator__min_samples_split=5, estimator__n_estimators=80; total time=   0.2s
[CV] END estimator__criterion=absolute_error, estimator__max_depth=16, estimator__min_samples_split=5, estimator__n_estimators=80; total time=   0.2s
[CV] END estimator__criterion=absolute_error, estimator__max_depth=16, estimator__min_samples_split=5, estimator__n_estimators=80; total time=   0.2s
[CV] END estimator__criterion=absolute_error, estimator__max_depth=17, estimator__min_samples_split=6, estimator__n_estimators=20; total time=   0.0s
[CV] END estimator__criterion=absolute_error, estimator__max_depth=17, estimator__min_samples_split=6, estimator__n_estimators=20; total time=   0.0s
[CV] END estimator__criterion=absolute_error, estimator__max_depth=17, estimator__min_samples_split=6, estimator__n_estimators=20; total time=   0.0s
[CV] END estimator__criterion=absolute_error, estimator__max_depth=17, estimator__min_samples_split=6, estimator__n_estimators=20; total time=   0.0s
[CV] END estimator__criterion=absolute_error, estimator__max_depth=18, estimator__min_samples_split=2, estimator__n_estimators=80; total time=   0.2s
[CV] END estimator__criterion=absolute_error, estimator__max_depth=18, estimator__min_samples_split=2, estimator__n_estimators=80; total time=   0.3s
[CV] END estimator__criterion=absolute_error, estimator__max_depth=18, estimator__min_samples_split=2, estimator__n_estimators=80; total time=   0.3s
[CV] END estimator__criterion=absolute_error, estimator__max_depth=18, estimator__min_samples_split=2, estimator__n_estimators=80; total time=   0.3s
[CV] END estimator__criterion=squared_error, estimator__max_depth=14, estimator__min_samples_split=2, estimator__n_estimators=60; total time=   0.0s
[CV] END estimator__criterion=squared_error, estimator__max_depth=14, estimator__min_samples_split=4, estimator__n_estimators=100; total time=   0.0s
[CV] END estimator__criterion=squared_error, estimator__max_depth=14, estimator__min_samples_split=5, estimator__n_estimators=80; total time=   0.0s
[CV] END estimator__criterion=squared_error, estimator__max_depth=14, estimator__min_samples_split=6, estimator__n_estimators=40; total time=   0.0s
[CV] END estimator__criterion=squared_error, estimator__max_depth=14, estimator__min_samples_split=6, estimator__n_estimators=80; total time=   0.0s
[CV] END estimator__criterion=squared_error, estimator__max_depth=15, estimator__min_samples_split=2, estimator__n_estimators=80; total time=   0.0s
[CV] END estimator__criterion=squared_error, estimator__max_depth=15, estimator__min_samples_split=3, estimator__n_estimators=60; total time=   0.0s
[CV] END estimator__criterion=squared_error, estimator__max_depth=15, estimator__min_samples_split=4, estimator__n_estimators=20; total time=   0.0s
[CV] END estimator__criterion=squared_error, estimator__max_depth=15, estimator__min_samples_split=4, estimator__n_estimators=60; total time=   0.0s
[CV] END estimator__criterion=squared_error, estimator__max_depth=15, estimator__min_samples_split=5, estimator__n_estimators=20; total time=   0.0s
[CV] END estimator__criterion=squared_error, estimator__max_depth=15, estimator__min_samples_split=5, estimator__n_estimators=80; total time=   0.0s
[CV] END estimator__criterion=squared_error, estimator__max_depth=16, estimator__min_samples_split=2, estimator__n_estimators=40; total time=   0.0s
[CV] END estimator__criterion=squared_error, estimator__max_depth=16, estimator__min_samples_split=3, estimator__n_estimators=40; total time=   0.0s
[CV] END estimator__criterion=squared_error, estimator__max_depth=16, estimator__min_samples_split=4, estimator__n_estimators=20; total time=   0.0s
[CV] END estimator__criterion=squared_error, estimator__max_depth=16, estimator__min_samples_split=4, estimator__n_estimators=60; total time=   0.0s
[CV] END estimator__criterion=squared_error, estimator__max_depth=16, estimator__min_samples_split=6, estimator__n_estimators=20; total time=   0.0s
[CV] END estimator__criterion=squared_error, estimator__max_depth=16, estimator__min_samples_split=6, estimator__n_estimators=20; total time=   0.0s
[CV] END estimator__criterion=squared_error, estimator__max_depth=17, estimator__min_samples_split=2, estimator__n_estimators=40; total time=   0.0s
[CV] END estimator__criterion=squared_error, estimator__max_depth=17, estimator__min_samples_split=2, estimator__n_estimators=60; total time=   0.0s
[CV] END estimator__criterion=squared_error, estimator__max_depth=17, estimator__min_samples_split=4, estimator__n_estimators=80; total time=   0.0s
[CV] END estimator__criterion=squared_error, estimator__max_depth=17, estimator__min_samples_split=4, estimator__n_estimators=100; total time=   0.0s
[CV] END estimator__criterion=squared_error, estimator__max_depth=18, estimator__min_samples_split=5, estimator__n_estimators=60; total time=   0.0s
[CV] END estimator__criterion=squared_error, estimator__max_depth=18, estimator__min_samples_split=5, estimator__n_estimators=60; total time=   0.0s
[CV] END estimator__criterion=squared_error, estimator__max_depth=18, estimator__min_samples_split=5, estimator__n_estimators=80; total time=   0.0s
[CV] END estimator__criterion=squared_error, estimator__max_depth=18, estimator__min_samples_split=5, estimator__n_estimators=80; total time=   0.0s
[CV] END estimator__criterion=absolute_error, estimator__max_depth=14, estimator__min_samples_split=5, estimator__n_estimators=80; total time=   0.3s
[CV] END estimator__criterion=absolute_error, estimator__max_depth=14, estimator__min_samples_split=5, estimator__n_estimators=80; total time=   0.3s
[CV] END estimator__criterion=absolute_error, estimator__max_depth=14, estimator__min_samples_split=5, estimator__n_estimators=80; total time=   0.3s
[CV] END estimator__criterion=absolute_error, estimator__max_depth=14, estimator__min_samples_split=5, estimator__n_estimators=80; total time=   0.3s
[CV] END estimator__criterion=absolute_error, estimator__max_depth=16, estimator__min_samples_split=2, estimator__n_estimators=60; total time=   0.2s
[CV] END estimator__criterion=absolute_error, estimator__max_depth=16, estimator__min_samples_split=2, estimator__n_estimators=60; total time=   0.2s
[CV] END estimator__criterion=absolute_error, estimator__max_depth=16, estimator__min_samples_split=2, estimator__n_estimators=80; total time=   0.3s
[CV] END estimator__criterion=absolute_error, estimator__max_depth=16, estimator__min_samples_split=2, estimator__n_estimators=80; total time=   0.3s
[CV] END estimator__criterion=absolute_error, estimator__max_depth=17, estimator__min_samples_split=4, estimator__n_estimators=100; total time=   0.4s
[CV] END estimator__criterion=absolute_error, estimator__max_depth=17, estimator__min_samples_split=4, estimator__n_estimators=100; total time=   0.4s
[CV] END estimator__criterion=absolute_error, estimator__max_depth=17, estimator__min_samples_split=4, estimator__n_estimators=100; total time=   0.4s
[CV] END estimator__criterion=absolute_error, estimator__max_depth=17, estimator__min_samples_split=5, estimator__n_estimators=20; total time=   0.0s
[CV] END estimator__criterion=absolute_error, estimator__max_depth=18, estimator__min_samples_split=6, estimator__n_estimators=40; total time=   0.1s
[CV] END estimator__criterion=absolute_error, estimator__max_depth=18, estimator__min_samples_split=6, estimator__n_estimators=100; total time=   0.3s
[CV] END estimator__criterion=squared_error, estimator__max_depth=14, estimator__min_samples_split=3, estimator__n_estimators=40; total time=   0.0s
[CV] END estimator__criterion=squared_error, estimator__max_depth=15, estimator__min_samples_split=6, estimator__n_estimators=100; total time=   0.0s
[CV] END estimator__criterion=squared_error, estimator__max_depth=16, estimator__min_samples_split=3, estimator__n_estimators=60; total time=   0.0s
[CV] END estimator__criterion=squared_error, estimator__max_depth=16, estimator__min_samples_split=4, estimator__n_estimators=80; total time=   0.0s
[CV] END estimator__criterion=squared_error, estimator__max_depth=16, estimator__min_samples_split=6, estimator__n_estimators=100; total time=   0.0s
[CV] END estimator__criterion=squared_error, estimator__max_depth=16, estimator__min_samples_split=6, estimator__n_estimators=100; total time=   0.0s
[CV] END estimator__criterion=squared_error, estimator__max_depth=17, estimator__min_samples_split=5, estimator__n_estimators=60; total time=   0.0s
[CV] END estimator__criterion=squared_error, estimator__max_depth=17, estimator__min_samples_split=5, estimator__n_estimators=60; total time=   0.0s
[CV] END estimator__criterion=squared_error, estimator__max_depth=17, estimator__min_samples_split=5, estimator__n_estimators=60; total time=   0.0s
[CV] END estimator__criterion=squared_error, estimator__max_depth=17, estimator__min_samples_split=5, estimator__n_estimators=60; total time=   0.0s
[CV] END estimator__criterion=squared_error, estimator__max_depth=18, estimator__min_samples_split=6, estimator__n_estimators=100; total time=   0.0s
[CV] END estimator__criterion=squared_error, estimator__max_depth=18, estimator__min_samples_split=6, estimator__n_estimators=100; total time=   0.0s
[CV] END estimator__criterion=squared_error, estimator__max_depth=18, estimator__min_samples_split=6, estimator__n_estimators=100; total time=   0.0s
[CV] END estimator__criterion=squared_error, estimator__max_depth=18, estimator__min_samples_split=6, estimator__n_estimators=100; total time=   0.0s
[CV] END estimator__criterion=absolute_error, estimator__max_depth=14, estimator__min_samples_split=6, estimator__n_estimators=80; total time=   0.2s
[CV] END estimator__criterion=absolute_error, estimator__max_depth=14, estimator__min_samples_split=6, estimator__n_estimators=100; total time=   0.3s
[CV] END estimator__criterion=absolute_error, estimator__max_depth=14, estimator__min_samples_split=6, estimator__n_estimators=100; total time=   0.3s
[CV] END estimator__criterion=absolute_error, estimator__max_depth=14, estimator__min_samples_split=6, estimator__n_estimators=100; total time=   0.3s
[CV] END estimator__criterion=absolute_error, estimator__max_depth=16, estimator__min_samples_split=2, estimator__n_estimators=80; total time=   0.2s
[CV] END estimator__criterion=absolute_error, estimator__max_depth=16, estimator__min_samples_split=2, estimator__n_estimators=80; total time=   0.2s
[CV] END estimator__criterion=absolute_error, estimator__max_depth=16, estimator__min_samples_split=2, estimator__n_estimators=80; total time=   0.2s
[CV] END estimator__criterion=absolute_error, estimator__max_depth=16, estimator__min_samples_split=2, estimator__n_estimators=100; total time=   0.3s
[CV] END estimator__criterion=absolute_error, estimator__max_depth=17, estimator__min_samples_split=4, estimator__n_estimators=80; total time=   0.2s
[CV] END estimator__criterion=absolute_error, estimator__max_depth=17, estimator__min_samples_split=4, estimator__n_estimators=80; total time=   0.2s
[CV] END estimator__criterion=absolute_error, estimator__max_depth=17, estimator__min_samples_split=4, estimator__n_estimators=100; total time=   0.3s
[CV] END estimator__criterion=absolute_error, estimator__max_depth=17, estimator__min_samples_split=4, estimator__n_estimators=100; total time=   0.4s
[CV] END estimator__criterion=absolute_error, estimator__max_depth=18, estimator__min_samples_split=6, estimator__n_estimators=20; total time=   0.0s
[CV] END estimator__criterion=absolute_error, estimator__max_depth=18, estimator__min_samples_split=6, estimator__n_estimators=40; total time=   0.1s
[CV] END estimator__criterion=absolute_error, estimator__max_depth=18, estimator__min_samples_split=6, estimator__n_estimators=100; total time=   0.3s
[CV] END estimator__criterion=squared_error, estimator__max_depth=14, estimator__min_samples_split=2, estimator__n_estimators=60; total time=   0.0s
[CV] END estimator__criterion=squared_error, estimator__max_depth=14, estimator__min_samples_split=6, estimator__n_estimators=60; total time=   0.0s
[CV] END estimator__criterion=squared_error, estimator__max_depth=15, estimator__min_samples_split=2, estimator__n_estimators=20; total time=   0.0s
[CV] END estimator__criterion=squared_error, estimator__max_depth=15, estimator__min_samples_split=2, estimator__n_estimators=40; total time=   0.0s
[CV] END estimator__criterion=squared_error, estimator__max_depth=15, estimator__min_samples_split=2, estimator__n_estimators=100; total time=   0.0s
[CV] END estimator__criterion=squared_error, estimator__max_depth=15, estimator__min_samples_split=4, estimator__n_estimators=20; total time=   0.0s
[CV] END estimator__criterion=squared_error, estimator__max_depth=15, estimator__min_samples_split=4, estimator__n_estimators=40; total time=   0.0s
[CV] END estimator__criterion=squared_error, estimator__max_depth=15, estimator__min_samples_split=4, estimator__n_estimators=80; total time=   0.0s
[CV] END estimator__criterion=squared_error, estimator__max_depth=15, estimator__min_samples_split=5, estimator__n_estimators=80; total time=   0.0s
[CV] END estimator__criterion=squared_error, estimator__max_depth=16, estimator__min_samples_split=2, estimator__n_estimators=80; total time=   0.0s
[CV] END estimator__criterion=squared_error, estimator__max_depth=16, estimator__min_samples_split=4, estimator__n_estimators=80; total time=   0.0s
[CV] END estimator__criterion=squared_error, estimator__max_depth=17, estimator__min_samples_split=2, estimator__n_estimators=20; total time=   0.0s
[CV] END estimator__criterion=squared_error, estimator__max_depth=17, estimator__min_samples_split=2, estimator__n_estimators=20; total time=   0.0s
[CV] END estimator__criterion=squared_error, estimator__max_depth=17, estimator__min_samples_split=3, estimator__n_estimators=20; total time=   0.0s
[CV] END estimator__criterion=squared_error, estimator__max_depth=17, estimator__min_samples_split=3, estimator__n_estimators=20; total time=   0.0s
[CV] END estimator__criterion=squared_error, estimator__max_depth=17, estimator__min_samples_split=3, estimator__n_estimators=80; total time=   0.0s
[CV] END estimator__criterion=squared_error, estimator__max_depth=17, estimator__min_samples_split=3, estimator__n_estimators=80; total time=   0.0s
[CV] END estimator__criterion=squared_error, estimator__max_depth=18, estimator__min_samples_split=2, estimator__n_estimators=100; total time=   0.1s
[CV] END estimator__criterion=squared_error, estimator__max_depth=18, estimator__min_samples_split=3, estimator__n_estimators=20; total time=   0.0s
[CV] END estimator__criterion=squared_error, estimator__max_depth=18, estimator__min_samples_split=3, estimator__n_estimators=20; total time=   0.0s
[CV] END estimator__criterion=squared_error, estimator__max_depth=18, estimator__min_samples_split=3, estimator__n_estimators=20; total time=   0.0s
[CV] END estimator__criterion=absolute_error, estimator__max_depth=14, estimator__min_samples_split=2, estimator__n_estimators=20; total time=   0.0s
[CV] END estimator__criterion=absolute_error, estimator__max_depth=14, estimator__min_samples_split=2, estimator__n_estimators=20; total time=   0.0s
[CV] END estimator__criterion=absolute_error, estimator__max_depth=14, estimator__min_samples_split=2, estimator__n_estimators=40; total time=   0.1s
[CV] END estimator__criterion=absolute_error, estimator__max_depth=14, estimator__min_samples_split=2, estimator__n_estimators=40; total time=   0.1s
[CV] END estimator__criterion=absolute_error, estimator__max_depth=15, estimator__min_samples_split=2, estimator__n_estimators=80; total time=   0.3s
[CV] END estimator__criterion=absolute_error, estimator__max_depth=15, estimator__min_samples_split=2, estimator__n_estimators=80; total time=   0.3s
[CV] END estimator__criterion=absolute_error, estimator__max_depth=15, estimator__min_samples_split=2, estimator__n_estimators=100; total time=   0.4s
[CV] END estimator__criterion=absolute_error, estimator__max_depth=15, estimator__min_samples_split=2, estimator__n_estimators=100; total time=   0.4s
[CV] END estimator__criterion=absolute_error, estimator__max_depth=16, estimator__min_samples_split=6, estimator__n_estimators=40; total time=   0.1s
[CV] END estimator__criterion=absolute_error, estimator__max_depth=16, estimator__min_samples_split=6, estimator__n_estimators=40; total time=   0.1s
[CV] END estimator__criterion=absolute_error, estimator__max_depth=16, estimator__min_samples_split=6, estimator__n_estimators=40; total time=   0.1s
[CV] END estimator__criterion=absolute_error, estimator__max_depth=16, estimator__min_samples_split=6, estimator__n_estimators=40; total time=   0.1s
[CV] END estimator__criterion=absolute_error, estimator__max_depth=17, estimator__min_samples_split=5, estimator__n_estimators=20; total time=   0.0s
[CV] END estimator__criterion=absolute_error, estimator__max_depth=17, estimator__min_samples_split=5, estimator__n_estimators=20; total time=   0.0s
[CV] END estimator__criterion=absolute_error, estimator__max_depth=17, estimator__min_samples_split=5, estimator__n_estimators=20; total time=   0.0s
[CV] END estimator__criterion=absolute_error, estimator__max_depth=17, estimator__min_samples_split=5, estimator__n_estimators=20; total time=   0.0s
[CV] END estimator__criterion=absolute_error, estimator__max_depth=18, estimator__min_samples_split=2, estimator__n_estimators=60; total time=   0.2s
[CV] END estimator__criterion=absolute_error, estimator__max_depth=18, estimator__min_samples_split=2, estimator__n_estimators=60; total time=   0.2s
[CV] END estimator__criterion=absolute_error, estimator__max_depth=18, estimator__min_samples_split=2, estimator__n_estimators=60; total time=   0.2s
[CV] END estimator__criterion=absolute_error, estimator__max_depth=18, estimator__min_samples_split=2, estimator__n_estimators=60; total time=   0.2s
[CV] END estimator__criterion=absolute_error, estimator__max_depth=18, estimator__min_samples_split=6, estimator__n_estimators=100; total time=   0.3s
[CV] END estimator__criterion=squared_error, estimator__max_depth=14, estimator__min_samples_split=3, estimator__n_estimators=20; total time=   0.0s
[CV] END estimator__criterion=squared_error, estimator__max_depth=15, estimator__min_samples_split=6, estimator__n_estimators=20; total time=   0.0s
[CV] END estimator__criterion=squared_error, estimator__max_depth=15, estimator__min_samples_split=6, estimator__n_estimators=80; total time=   0.0s
[CV] END estimator__criterion=squared_error, estimator__max_depth=16, estimator__min_samples_split=2, estimator__n_estimators=100; total time=   0.0s
[CV] END estimator__criterion=squared_error, estimator__max_depth=16, estimator__min_samples_split=5, estimator__n_estimators=100; total time=   0.0s
[CV] END estimator__criterion=squared_error, estimator__max_depth=16, estimator__min_samples_split=5, estimator__n_estimators=100; total time=   0.0s
[CV] END estimator__criterion=squared_error, estimator__max_depth=17, estimator__min_samples_split=6, estimator__n_estimators=20; total time=   0.0s
[CV] END estimator__criterion=squared_error, estimator__max_depth=17, estimator__min_samples_split=6, estimator__n_estimators=20; total time=   0.0s
[CV] END estimator__criterion=squared_error, estimator__max_depth=17, estimator__min_samples_split=6, estimator__n_estimators=20; total time=   0.0s
[CV] END estimator__criterion=squared_error, estimator__max_depth=17, estimator__min_samples_split=6, estimator__n_estimators=20; total time=   0.0s
[CV] END estimator__criterion=squared_error, estimator__max_depth=18, estimator__min_samples_split=3, estimator__n_estimators=80; total time=   0.0s
[CV] END estimator__criterion=squared_error, estimator__max_depth=18, estimator__min_samples_split=3, estimator__n_estimators=100; total time=   0.0s
[CV] END estimator__criterion=squared_error, estimator__max_depth=18, estimator__min_samples_split=3, estimator__n_estimators=100; total time=   0.0s
[CV] END estimator__criterion=squared_error, estimator__max_depth=18, estimator__min_samples_split=3, estimator__n_estimators=100; total time=   0.0s
[CV] END estimator__criterion=absolute_error, estimator__max_depth=14, estimator__min_samples_split=6, estimator__n_estimators=20; total time=   0.0s
[CV] END estimator__criterion=absolute_error, estimator__max_depth=14, estimator__min_samples_split=6, estimator__n_estimators=20; total time=   0.0s
[CV] END estimator__criterion=absolute_error, estimator__max_depth=14, estimator__min_samples_split=6, estimator__n_estimators=40; total time=   0.1s
[CV] END estimator__criterion=absolute_error, estimator__max_depth=14, estimator__min_samples_split=6, estimator__n_estimators=40; total time=   0.1s
[CV] END estimator__criterion=absolute_error, estimator__max_depth=15, estimator__min_samples_split=2, estimator__n_estimators=100; total time=   0.3s
[CV] END estimator__criterion=absolute_error, estimator__max_depth=15, estimator__min_samples_split=2, estimator__n_estimators=100; total time=   0.4s
[CV] END estimator__criterion=absolute_error, estimator__max_depth=15, estimator__min_samples_split=2, estimator__n_estimators=100; total time=   0.4s
[CV] END estimator__criterion=absolute_error, estimator__max_depth=15, estimator__min_samples_split=3, estimator__n_estimators=20; total time=   0.0s
[CV] END estimator__criterion=absolute_error, estimator__max_depth=16, estimator__min_samples_split=5, estimator__n_estimators=40; total time=   0.1s
[CV] END estimator__criterion=absolute_error, estimator__max_depth=16, estimator__min_samples_split=5, estimator__n_estimators=40; total time=   0.1s
[CV] END estimator__criterion=absolute_error, estimator__max_depth=16, estimator__min_samples_split=5, estimator__n_estimators=40; total time=   0.1s
[CV] END estimator__criterion=absolute_error, estimator__max_depth=16, estimator__min_samples_split=5, estimator__n_estimators=40; total time=   0.1s
[CV] END estimator__criterion=absolute_error, estimator__max_depth=17, estimator__min_samples_split=4, estimator__n_estimators=40; total time=   0.1s
[CV] END estimator__criterion=absolute_error, estimator__max_depth=17, estimator__min_samples_split=4, estimator__n_estimators=40; total time=   0.1s
[CV] END estimator__criterion=absolute_error, estimator__max_depth=17, estimator__min_samples_split=4, estimator__n_estimators=40; total time=   0.1s
[CV] END estimator__criterion=absolute_error, estimator__max_depth=17, estimator__min_samples_split=4, estimator__n_estimators=40; total time=   0.1s
[CV] END estimator__criterion=absolute_error, estimator__max_depth=18, estimator__min_samples_split=2, estimator__n_estimators=80; total time=   0.3s
[CV] END estimator__criterion=absolute_error, estimator__max_depth=18, estimator__min_samples_split=2, estimator__n_estimators=100; total time=   0.3s
[CV] END estimator__criterion=absolute_error, estimator__max_depth=18, estimator__min_samples_split=2, estimator__n_estimators=100; total time=   0.3s
[CV] END estimator__criterion=absolute_error, estimator__max_depth=18, estimator__min_samples_split=2, estimator__n_estimators=100; total time=   0.3s
[CV] END estimator__criterion=squared_error, estimator__max_depth=14, estimator__min_samples_split=3, estimator__n_estimators=20; total time=   0.0s
[CV] END estimator__criterion=squared_error, estimator__max_depth=15, estimator__min_samples_split=6, estimator__n_estimators=40; total time=   0.0s
[CV] END estimator__criterion=squared_error, estimator__max_depth=16, estimator__min_samples_split=2, estimator__n_estimators=20; total time=   0.0s
[CV] END estimator__criterion=squared_error, estimator__max_depth=16, estimator__min_samples_split=2, estimator__n_estimators=60; total time=   0.0s
[CV] END estimator__criterion=squared_error, estimator__max_depth=16, estimator__min_samples_split=3, estimator__n_estimators=100; total time=   0.0s
[CV] END estimator__criterion=squared_error, estimator__max_depth=17, estimator__min_samples_split=2, estimator__n_estimators=40; total time=   0.0s
[CV] END estimator__criterion=squared_error, estimator__max_depth=17, estimator__min_samples_split=2, estimator__n_estimators=40; total time=   0.0s
[CV] END estimator__criterion=squared_error, estimator__max_depth=17, estimator__min_samples_split=3, estimator__n_estimators=100; total time=   0.0s
[CV] END estimator__criterion=squared_error, estimator__max_depth=17, estimator__min_samples_split=3, estimator__n_estimators=100; total time=   0.0s
[CV] END estimator__criterion=squared_error, estimator__max_depth=18, estimator__min_samples_split=4, estimator__n_estimators=80; total time=   0.0s
[CV] END estimator__criterion=squared_error, estimator__max_depth=18, estimator__min_samples_split=4, estimator__n_estimators=80; total time=   0.0s
[CV] END estimator__criterion=squared_error, estimator__max_depth=18, estimator__min_samples_split=4, estimator__n_estimators=100; total time=   0.0s
[CV] END estimator__criterion=squared_error, estimator__max_depth=18, estimator__min_samples_split=4, estimator__n_estimators=100; total time=   0.0s
[CV] END estimator__criterion=absolute_error, estimator__max_depth=14, estimator__min_samples_split=5, estimator__n_estimators=20; total time=   0.0s
[CV] END estimator__criterion=absolute_error, estimator__max_depth=14, estimator__min_samples_split=5, estimator__n_estimators=40; total time=   0.1s
[CV] END estimator__criterion=absolute_error, estimator__max_depth=14, estimator__min_samples_split=5, estimator__n_estimators=40; total time=   0.1s
[CV] END estimator__criterion=absolute_error, estimator__max_depth=14, estimator__min_samples_split=5, estimator__n_estimators=40; total time=   0.1s
[CV] END estimator__criterion=absolute_error, estimator__max_depth=15, estimator__min_samples_split=3, estimator__n_estimators=40; total time=   0.1s
[CV] END estimator__criterion=absolute_error, estimator__max_depth=15, estimator__min_samples_split=3, estimator__n_estimators=40; total time=   0.1s
[CV] END estimator__criterion=absolute_error, estimator__max_depth=15, estimator__min_samples_split=3, estimator__n_estimators=40; total time=   0.1s
[CV] END estimator__criterion=absolute_error, estimator__max_depth=15, estimator__min_samples_split=3, estimator__n_estimators=40; total time=   0.1s
[CV] END estimator__criterion=absolute_error, estimator__max_depth=16, estimator__min_samples_split=2, estimator__n_estimators=20; total time=   0.0s
[CV] END estimator__criterion=absolute_error, estimator__max_depth=16, estimator__min_samples_split=2, estimator__n_estimators=20; total time=   0.0s
[CV] END estimator__criterion=absolute_error, estimator__max_depth=16, estimator__min_samples_split=2, estimator__n_estimators=20; total time=   0.0s
[CV] END estimator__criterion=absolute_error, estimator__max_depth=16, estimator__min_samples_split=2, estimator__n_estimators=20; total time=   0.0s
[CV] END estimator__criterion=absolute_error, estimator__max_depth=16, estimator__min_samples_split=4, estimator__n_estimators=80; total time=   0.3s
[CV] END estimator__criterion=absolute_error, estimator__max_depth=16, estimator__min_samples_split=4, estimator__n_estimators=80; total time=   0.3s
[CV] END estimator__criterion=absolute_error, estimator__max_depth=16, estimator__min_samples_split=4, estimator__n_estimators=80; total time=   0.3s
[CV] END estimator__criterion=absolute_error, estimator__max_depth=16, estimator__min_samples_split=4, estimator__n_estimators=80; total time=   0.3s
[CV] END estimator__criterion=absolute_error, estimator__max_depth=17, estimator__min_samples_split=6, estimator__n_estimators=100; total time=   0.4s
[CV] END estimator__criterion=absolute_error, estimator__max_depth=17, estimator__min_samples_split=6, estimator__n_estimators=100; total time=   0.4s
[CV] END estimator__criterion=absolute_error, estimator__max_depth=17, estimator__min_samples_split=6, estimator__n_estimators=100; total time=   0.4s
[CV] END estimator__criterion=absolute_error, estimator__max_depth=17, estimator__min_samples_split=6, estimator__n_estimators=100; total time=   0.3s
[CV] END estimator__criterion=squared_error, estimator__max_depth=14, estimator__min_samples_split=2, estimator__n_estimators=100; total time=   0.1s
[CV] END estimator__criterion=squared_error, estimator__max_depth=16, estimator__min_samples_split=2, estimator__n_estimators=20; total time=   0.0s
[CV] END estimator__criterion=squared_error, estimator__max_depth=16, estimator__min_samples_split=2, estimator__n_estimators=80; total time=   0.0s
[CV] END estimator__criterion=squared_error, estimator__max_depth=16, estimator__min_samples_split=4, estimator__n_estimators=60; total time=   0.0s
[CV] END estimator__criterion=squared_error, estimator__max_depth=16, estimator__min_samples_split=6, estimator__n_estimators=60; total time=   0.0s
[CV] END estimator__criterion=squared_error, estimator__max_depth=16, estimator__min_samples_split=6, estimator__n_estimators=80; total time=   0.0s
[CV] END estimator__criterion=squared_error, estimator__max_depth=17, estimator__min_samples_split=4, estimator__n_estimators=60; total time=   0.0s
[CV] END estimator__criterion=squared_error, estimator__max_depth=17, estimator__min_samples_split=4, estimator__n_estimators=60; total time=   0.0s
[CV] END estimator__criterion=squared_error, estimator__max_depth=18, estimator__min_samples_split=3, estimator__n_estimators=20; total time=   0.0s
[CV] END estimator__criterion=squared_error, estimator__max_depth=18, estimator__min_samples_split=3, estimator__n_estimators=20; total time=   0.0s
[CV] END estimator__criterion=squared_error, estimator__max_depth=18, estimator__min_samples_split=3, estimator__n_estimators=40; total time=   0.0s
[CV] END estimator__criterion=squared_error, estimator__max_depth=18, estimator__min_samples_split=3, estimator__n_estimators=40; total time=   0.0s
[CV] END estimator__criterion=squared_error, estimator__max_depth=18, estimator__min_samples_split=6, estimator__n_estimators=80; total time=   0.0s
[CV] END estimator__criterion=squared_error, estimator__max_depth=18, estimator__min_samples_split=6, estimator__n_estimators=80; total time=   0.0s
[CV] END estimator__criterion=squared_error, estimator__max_depth=18, estimator__min_samples_split=6, estimator__n_estimators=80; total time=   0.0s
[CV] END estimator__criterion=squared_error, estimator__max_depth=18, estimator__min_samples_split=6, estimator__n_estimators=80; total time=   0.0s
[CV] END estimator__criterion=absolute_error, estimator__max_depth=14, estimator__min_samples_split=6, estimator__n_estimators=80; total time=   0.2s
[CV] END estimator__criterion=absolute_error, estimator__max_depth=14, estimator__min_samples_split=6, estimator__n_estimators=80; total time=   0.2s
[CV] END estimator__criterion=absolute_error, estimator__max_depth=14, estimator__min_samples_split=6, estimator__n_estimators=80; total time=   0.2s
[CV] END estimator__criterion=absolute_error, estimator__max_depth=14, estimator__min_samples_split=6, estimator__n_estimators=80; total time=   0.2s
[CV] END estimator__criterion=absolute_error, estimator__max_depth=15, estimator__min_samples_split=6, estimator__n_estimators=60; total time=   0.2s
[CV] END estimator__criterion=absolute_error, estimator__max_depth=15, estimator__min_samples_split=6, estimator__n_estimators=80; total time=   0.3s
[CV] END estimator__criterion=absolute_error, estimator__max_depth=15, estimator__min_samples_split=6, estimator__n_estimators=80; total time=   0.3s
[CV] END estimator__criterion=absolute_error, estimator__max_depth=15, estimator__min_samples_split=6, estimator__n_estimators=80; total time=   0.3s
[CV] END estimator__criterion=absolute_error, estimator__max_depth=17, estimator__min_samples_split=3, estimator__n_estimators=100; total time=   0.4s
[CV] END estimator__criterion=absolute_error, estimator__max_depth=17, estimator__min_samples_split=3, estimator__n_estimators=100; total time=   0.4s
[CV] END estimator__criterion=absolute_error, estimator__max_depth=17, estimator__min_samples_split=4, estimator__n_estimators=20; total time=   0.0s
[CV] END estimator__criterion=absolute_error, estimator__max_depth=17, estimator__min_samples_split=4, estimator__n_estimators=20; total time=   0.0s
[CV] END estimator__criterion=absolute_error, estimator__max_depth=18, estimator__min_samples_split=4, estimator__n_estimators=60; total time=   0.2s
[CV] END estimator__criterion=absolute_error, estimator__max_depth=18, estimator__min_samples_split=4, estimator__n_estimators=60; total time=   0.2s
[CV] END estimator__criterion=absolute_error, estimator__max_depth=18, estimator__min_samples_split=4, estimator__n_estimators=80; total time=   0.3s
[CV] END estimator__criterion=absolute_error, estimator__max_depth=18, estimator__min_samples_split=4, estimator__n_estimators=80; total time=   0.2s
[CV] END estimator__criterion=squared_error, estimator__max_depth=14, estimator__min_samples_split=2, estimator__n_estimators=60; total time=   0.0s
[CV] END estimator__criterion=squared_error, estimator__max_depth=14, estimator__min_samples_split=4, estimator__n_estimators=80; total time=   0.0s
[CV] END estimator__criterion=squared_error, estimator__max_depth=14, estimator__min_samples_split=5, estimator__n_estimators=40; total time=   0.0s
[CV] END estimator__criterion=squared_error, estimator__max_depth=14, estimator__min_samples_split=5, estimator__n_estimators=60; total time=   0.0s
[CV] END estimator__criterion=squared_error, estimator__max_depth=14, estimator__min_samples_split=5, estimator__n_estimators=100; total time=   0.0s
[CV] END estimator__criterion=squared_error, estimator__max_depth=14, estimator__min_samples_split=6, estimator__n_estimators=100; total time=   0.0s
[CV] END estimator__criterion=squared_error, estimator__max_depth=15, estimator__min_samples_split=2, estimator__n_estimators=100; total time=   0.0s
[CV] END estimator__criterion=squared_error, estimator__max_depth=15, estimator__min_samples_split=3, estimator__n_estimators=100; total time=   0.0s
[CV] END estimator__criterion=squared_error, estimator__max_depth=15, estimator__min_samples_split=5, estimator__n_estimators=20; total time=   0.0s
[CV] END estimator__criterion=squared_error, estimator__max_depth=15, estimator__min_samples_split=5, estimator__n_estimators=40; total time=   0.0s
[CV] END estimator__criterion=squared_error, estimator__max_depth=15, estimator__min_samples_split=5, estimator__n_estimators=100; total time=   0.0s
[CV] END estimator__criterion=squared_error, estimator__max_depth=16, estimator__min_samples_split=3, estimator__n_estimators=20; total time=   0.0s
[CV] END estimator__criterion=squared_error, estimator__max_depth=16, estimator__min_samples_split=3, estimator__n_estimators=80; total time=   0.0s
[CV] END estimator__criterion=squared_error, estimator__max_depth=16, estimator__min_samples_split=5, estimator__n_estimators=80; total time=   0.0s
[CV] END estimator__criterion=squared_error, estimator__max_depth=16, estimator__min_samples_split=5, estimator__n_estimators=100; total time=   0.0s
[CV] END estimator__criterion=squared_error, estimator__max_depth=17, estimator__min_samples_split=4, estimator__n_estimators=40; total time=   0.0s
[CV] END estimator__criterion=squared_error, estimator__max_depth=17, estimator__min_samples_split=4, estimator__n_estimators=40; total time=   0.0s
[CV] END estimator__criterion=squared_error, estimator__max_depth=17, estimator__min_samples_split=6, estimator__n_estimators=80; total time=   0.0s
[CV] END estimator__criterion=squared_error, estimator__max_depth=17, estimator__min_samples_split=6, estimator__n_estimators=80; total time=   0.0s
[CV] END estimator__criterion=squared_error, estimator__max_depth=17, estimator__min_samples_split=6, estimator__n_estimators=80; total time=   0.0s
[CV] END estimator__criterion=squared_error, estimator__max_depth=17, estimator__min_samples_split=6, estimator__n_estimators=100; total time=   0.0s
[CV] END estimator__criterion=absolute_error, estimator__max_depth=14, estimator__min_samples_split=2, estimator__n_estimators=100; total time=   0.3s
[CV] END estimator__criterion=absolute_error, estimator__max_depth=14, estimator__min_samples_split=2, estimator__n_estimators=100; total time=   0.3s
[CV] END estimator__criterion=absolute_error, estimator__max_depth=14, estimator__min_samples_split=3, estimator__n_estimators=20; total time=   0.0s
[CV] END estimator__criterion=absolute_error, estimator__max_depth=14, estimator__min_samples_split=3, estimator__n_estimators=20; total time=   0.0s
[CV] END estimator__criterion=absolute_error, estimator__max_depth=15, estimator__min_samples_split=4, estimator__n_estimators=20; total time=   0.0s
[CV] END estimator__criterion=absolute_error, estimator__max_depth=15, estimator__min_samples_split=4, estimator__n_estimators=40; total time=   0.1s
[CV] END estimator__criterion=absolute_error, estimator__max_depth=15, estimator__min_samples_split=4, estimator__n_estimators=40; total time=   0.1s
[CV] END estimator__criterion=absolute_error, estimator__max_depth=15, estimator__min_samples_split=4, estimator__n_estimators=40; total time=   0.1s
[CV] END estimator__criterion=absolute_error, estimator__max_depth=15, estimator__min_samples_split=6, estimator__n_estimators=80; total time=   0.2s
[CV] END estimator__criterion=absolute_error, estimator__max_depth=15, estimator__min_samples_split=6, estimator__n_estimators=80; total time=   0.2s
[CV] END estimator__criterion=absolute_error, estimator__max_depth=15, estimator__min_samples_split=6, estimator__n_estimators=100; total time=   0.3s
[CV] END estimator__criterion=absolute_error, estimator__max_depth=15, estimator__min_samples_split=6, estimator__n_estimators=100; total time=   0.3s
[CV] END estimator__criterion=absolute_error, estimator__max_depth=17, estimator__min_samples_split=3, estimator__n_estimators=80; total time=   0.2s
[CV] END estimator__criterion=absolute_error, estimator__max_depth=17, estimator__min_samples_split=3, estimator__n_estimators=80; total time=   0.2s
[CV] END estimator__criterion=absolute_error, estimator__max_depth=17, estimator__min_samples_split=3, estimator__n_estimators=80; total time=   0.2s
[CV] END estimator__criterion=absolute_error, estimator__max_depth=17, estimator__min_samples_split=3, estimator__n_estimators=80; total time=   0.2s
[CV] END estimator__criterion=absolute_error, estimator__max_depth=18, estimator__min_samples_split=4, estimator__n_estimators=80; total time=   0.2s
[CV] END estimator__criterion=absolute_error, estimator__max_depth=18, estimator__min_samples_split=4, estimator__n_estimators=80; total time=   0.2s
[CV] END estimator__criterion=absolute_error, estimator__max_depth=18, estimator__min_samples_split=4, estimator__n_estimators=80; total time=   0.2s
[CV] END estimator__criterion=absolute_error, estimator__max_depth=18, estimator__min_samples_split=4, estimator__n_estimators=100; total time=   0.3s
[CV] END estimator__criterion=squared_error, estimator__max_depth=14, estimator__min_samples_split=3, estimator__n_estimators=40; total time=   0.0s
[CV] END estimator__criterion=squared_error, estimator__max_depth=15, estimator__min_samples_split=6, estimator__n_estimators=80; total time=   0.0s
[CV] END estimator__criterion=squared_error, estimator__max_depth=16, estimator__min_samples_split=3, estimator__n_estimators=40; total time=   0.0s
[CV] END estimator__criterion=squared_error, estimator__max_depth=16, estimator__min_samples_split=4, estimator__n_estimators=40; total time=   0.0s
[CV] END estimator__criterion=squared_error, estimator__max_depth=16, estimator__min_samples_split=5, estimator__n_estimators=60; total time=   0.0s
[CV] END estimator__criterion=squared_error, estimator__max_depth=16, estimator__min_samples_split=5, estimator__n_estimators=60; total time=   0.0s
[CV] END estimator__criterion=squared_error, estimator__max_depth=17, estimator__min_samples_split=3, estimator__n_estimators=20; total time=   0.0s
[CV] END estimator__criterion=squared_error, estimator__max_depth=17, estimator__min_samples_split=3, estimator__n_estimators=40; total time=   0.0s
[CV] END estimator__criterion=squared_error, estimator__max_depth=17, estimator__min_samples_split=4, estimator__n_estimators=40; total time=   0.0s
[CV] END estimator__criterion=squared_error, estimator__max_depth=17, estimator__min_samples_split=4, estimator__n_estimators=40; total time=   0.0s
[CV] END estimator__criterion=squared_error, estimator__max_depth=17, estimator__min_samples_split=6, estimator__n_estimators=100; total time=   0.0s
[CV] END estimator__criterion=squared_error, estimator__max_depth=17, estimator__min_samples_split=6, estimator__n_estimators=100; total time=   0.0s
[CV] END estimator__criterion=squared_error, estimator__max_depth=17, estimator__min_samples_split=6, estimator__n_estimators=100; total time=   0.0s
[CV] END estimator__criterion=squared_error, estimator__max_depth=17, estimator__min_samples_split=6, estimator__n_estimators=100; total time=   0.0s
[CV] END estimator__criterion=absolute_error, estimator__max_depth=14, estimator__min_samples_split=4, estimator__n_estimators=40; total time=   0.1s
[CV] END estimator__criterion=absolute_error, estimator__max_depth=14, estimator__min_samples_split=4, estimator__n_estimators=40; total time=   0.1s
[CV] END estimator__criterion=absolute_error, estimator__max_depth=14, estimator__min_samples_split=4, estimator__n_estimators=40; total time=   0.1s
[CV] END estimator__criterion=absolute_error, estimator__max_depth=14, estimator__min_samples_split=4, estimator__n_estimators=40; total time=   0.1s
[CV] END estimator__criterion=absolute_error, estimator__max_depth=15, estimator__min_samples_split=3, estimator__n_estimators=20; total time=   0.0s
[CV] END estimator__criterion=absolute_error, estimator__max_depth=15, estimator__min_samples_split=3, estimator__n_estimators=20; total time=   0.0s
[CV] END estimator__criterion=absolute_error, estimator__max_depth=15, estimator__min_samples_split=3, estimator__n_estimators=20; total time=   0.0s
[CV] END estimator__criterion=absolute_error, estimator__max_depth=15, estimator__min_samples_split=3, estimator__n_estimators=20; total time=   0.0s
[CV] END estimator__criterion=absolute_error, estimator__max_depth=15, estimator__min_samples_split=4, estimator__n_estimators=40; total time=   0.1s
[CV] END estimator__criterion=absolute_error, estimator__max_depth=15, estimator__min_samples_split=4, estimator__n_estimators=40; total time=   0.1s
[CV] END estimator__criterion=absolute_error, estimator__max_depth=15, estimator__min_samples_split=4, estimator__n_estimators=60; total time=   0.1s
[CV] END estimator__criterion=absolute_error, estimator__max_depth=15, estimator__min_samples_split=4, estimator__n_estimators=60; total time=   0.1s
[CV] END estimator__criterion=absolute_error, estimator__max_depth=16, estimator__min_samples_split=3, estimator__n_estimators=60; total time=   0.1s
[CV] END estimator__criterion=absolute_error, estimator__max_depth=16, estimator__min_samples_split=3, estimator__n_estimators=60; total time=   0.1s
[CV] END estimator__criterion=absolute_error, estimator__max_depth=16, estimator__min_samples_split=3, estimator__n_estimators=60; total time=   0.1s
[CV] END estimator__criterion=absolute_error, estimator__max_depth=16, estimator__min_samples_split=3, estimator__n_estimators=80; total time=   0.2s
[CV] END estimator__criterion=absolute_error, estimator__max_depth=17, estimator__min_samples_split=3, estimator__n_estimators=20; total time=   0.0s
[CV] END estimator__criterion=absolute_error, estimator__max_depth=17, estimator__min_samples_split=3, estimator__n_estimators=20; total time=   0.0s
[CV] END estimator__criterion=absolute_error, estimator__max_depth=17, estimator__min_samples_split=3, estimator__n_estimators=40; total time=   0.1s
[CV] END estimator__criterion=absolute_error, estimator__max_depth=17, estimator__min_samples_split=3, estimator__n_estimators=40; total time=   0.1s
[CV] END estimator__criterion=absolute_error, estimator__max_depth=17, estimator__min_samples_split=5, estimator__n_estimators=40; total time=   0.1s
[CV] END estimator__criterion=absolute_error, estimator__max_depth=17, estimator__min_samples_split=5, estimator__n_estimators=40; total time=   0.1s
[CV] END estimator__criterion=absolute_error, estimator__max_depth=17, estimator__min_samples_split=5, estimator__n_estimators=40; total time=   0.1s
[CV] END estimator__criterion=absolute_error, estimator__max_depth=17, estimator__min_samples_split=5, estimator__n_estimators=40; total time=   0.1s
[CV] END estimator__criterion=absolute_error, estimator__max_depth=18, estimator__min_samples_split=4, estimator__n_estimators=20; total time=   0.0s
[CV] END estimator__criterion=absolute_error, estimator__max_depth=18, estimator__min_samples_split=4, estimator__n_estimators=20; total time=   0.0s
[CV] END estimator__criterion=absolute_error, estimator__max_depth=18, estimator__min_samples_split=4, estimator__n_estimators=20; total time=   0.0s
[CV] END estimator__criterion=absolute_error, estimator__max_depth=18, estimator__min_samples_split=4, estimator__n_estimators=20; total time=   0.0s
[CV] END estimator__criterion=absolute_error, estimator__max_depth=18, estimator__min_samples_split=5, estimator__n_estimators=60; total time=   0.2s
[CV] END estimator__criterion=absolute_error, estimator__max_depth=18, estimator__min_samples_split=5, estimator__n_estimators=60; total time=   0.2s
[CV] END estimator__criterion=absolute_error, estimator__max_depth=18, estimator__min_samples_split=5, estimator__n_estimators=60; total time=   0.2s
[CV] END estimator__criterion=absolute_error, estimator__max_depth=18, estimator__min_samples_split=5, estimator__n_estimators=80; total time=   0.2s
[CV] END estimator__criterion=squared_error, estimator__max_depth=14, estimator__min_samples_split=2, estimator__n_estimators=100; total time=   0.0s
[CV] END estimator__criterion=squared_error, estimator__max_depth=16, estimator__min_samples_split=2, estimator__n_estimators=60; total time=   0.0s
[CV] END estimator__criterion=squared_error, estimator__max_depth=16, estimator__min_samples_split=4, estimator__n_estimators=20; total time=   0.0s
[CV] END estimator__criterion=squared_error, estimator__max_depth=16, estimator__min_samples_split=4, estimator__n_estimators=40; total time=   0.0s
[CV] END estimator__criterion=squared_error, estimator__max_depth=16, estimator__min_samples_split=5, estimator__n_estimators=40; total time=   0.0s
[CV] END estimator__criterion=squared_error, estimator__max_depth=16, estimator__min_samples_split=5, estimator__n_estimators=60; total time=   0.0s
[CV] END estimator__criterion=squared_error, estimator__max_depth=17, estimator__min_samples_split=2, estimator__n_estimators=100; total time=   0.0s
[CV] END estimator__criterion=squared_error, estimator__max_depth=17, estimator__min_samples_split=2, estimator__n_estimators=100; total time=   0.0s
[CV] END estimator__criterion=squared_error, estimator__max_depth=18, estimator__min_samples_split=3, estimator__n_estimators=60; total time=   0.0s
[CV] END estimator__criterion=squared_error, estimator__max_depth=18, estimator__min_samples_split=3, estimator__n_estimators=60; total time=   0.0s
[CV] END estimator__criterion=squared_error, estimator__max_depth=18, estimator__min_samples_split=3, estimator__n_estimators=60; total time=   0.0s
[CV] END estimator__criterion=squared_error, estimator__max_depth=18, estimator__min_samples_split=3, estimator__n_estimators=60; total time=   0.0s
[CV] END estimator__criterion=absolute_error, estimator__max_depth=14, estimator__min_samples_split=3, estimator__n_estimators=40; total time=   0.1s
[CV] END estimator__criterion=absolute_error, estimator__max_depth=14, estimator__min_samples_split=3, estimator__n_estimators=40; total time=   0.1s
[CV] END estimator__criterion=absolute_error, estimator__max_depth=14, estimator__min_samples_split=3, estimator__n_estimators=40; total time=   0.1s
[CV] END estimator__criterion=absolute_error, estimator__max_depth=14, estimator__min_samples_split=3, estimator__n_estimators=40; total time=   0.1s
[CV] END estimator__criterion=absolute_error, estimator__max_depth=15, estimator__min_samples_split=3, estimator__n_estimators=40; total time=   0.1s
[CV] END estimator__criterion=absolute_error, estimator__max_depth=15, estimator__min_samples_split=3, estimator__n_estimators=60; total time=   0.2s
[CV] END estimator__criterion=absolute_error, estimator__max_depth=15, estimator__min_samples_split=3, estimator__n_estimators=60; total time=   0.2s
[CV] END estimator__criterion=absolute_error, estimator__max_depth=15, estimator__min_samples_split=3, estimator__n_estimators=60; total time=   0.2s
[CV] END estimator__criterion=absolute_error, estimator__max_depth=16, estimator__min_samples_split=4, estimator__n_estimators=20; total time=   0.0s
[CV] END estimator__criterion=absolute_error, estimator__max_depth=16, estimator__min_samples_split=4, estimator__n_estimators=20; total time=   0.0s
[CV] END estimator__criterion=absolute_error, estimator__max_depth=16, estimator__min_samples_split=4, estimator__n_estimators=40; total time=   0.1s
[CV] END estimator__criterion=absolute_error, estimator__max_depth=16, estimator__min_samples_split=4, estimator__n_estimators=40; total time=   0.1s
[CV] END estimator__criterion=absolute_error, estimator__max_depth=16, estimator__min_samples_split=6, estimator__n_estimators=60; total time=   0.2s
[CV] END estimator__criterion=absolute_error, estimator__max_depth=16, estimator__min_samples_split=6, estimator__n_estimators=60; total time=   0.2s
[CV] END estimator__criterion=absolute_error, estimator__max_depth=16, estimator__min_samples_split=6, estimator__n_estimators=80; total time=   0.3s
[CV] END estimator__criterion=absolute_error, estimator__max_depth=16, estimator__min_samples_split=6, estimator__n_estimators=80; total time=   0.3s
[CV] END estimator__criterion=absolute_error, estimator__max_depth=18, estimator__min_samples_split=3, estimator__n_estimators=80; total time=   0.3s
[CV] END estimator__criterion=absolute_error, estimator__max_depth=18, estimator__min_samples_split=3, estimator__n_estimators=80; total time=   0.3s
[CV] END estimator__criterion=absolute_error, estimator__max_depth=18, estimator__min_samples_split=3, estimator__n_estimators=100; total time=   0.4s
[CV] END estimator__criterion=absolute_error, estimator__max_depth=18, estimator__min_samples_split=3, estimator__n_estimators=100; total time=   0.3s
[CV] END estimator__criterion=squared_error, estimator__max_depth=14, estimator__min_samples_split=3, estimator__n_estimators=20; total time=   0.0s
[CV] END estimator__criterion=squared_error, estimator__max_depth=14, estimator__min_samples_split=5, estimator__n_estimators=100; total time=   0.0s
[CV] END estimator__criterion=squared_error, estimator__max_depth=14, estimator__min_samples_split=6, estimator__n_estimators=100; total time=   0.0s
[CV] END estimator__criterion=squared_error, estimator__max_depth=15, estimator__min_samples_split=2, estimator__n_estimators=80; total time=   0.0s
[CV] END estimator__criterion=squared_error, estimator__max_depth=15, estimator__min_samples_split=3, estimator__n_estimators=80; total time=   0.0s
[CV] END estimator__criterion=squared_error, estimator__max_depth=15, estimator__min_samples_split=4, estimator__n_estimators=60; total time=   0.0s
[CV] END estimator__criterion=squared_error, estimator__max_depth=15, estimator__min_samples_split=5, estimator__n_estimators=40; total time=   0.0s
[CV] END estimator__criterion=squared_error, estimator__max_depth=15, estimator__min_samples_split=5, estimator__n_estimators=80; total time=   0.0s
[CV] END estimator__criterion=squared_error, estimator__max_depth=16, estimator__min_samples_split=2, estimator__n_estimators=80; total time=   0.0s
[CV] END estimator__criterion=squared_error, estimator__max_depth=16, estimator__min_samples_split=4, estimator__n_estimators=80; total time=   0.0s
[CV] END estimator__criterion=squared_error, estimator__max_depth=17, estimator__min_samples_split=2, estimator__n_estimators=80; total time=   0.0s
[CV] END estimator__criterion=squared_error, estimator__max_depth=17, estimator__min_samples_split=2, estimator__n_estimators=80; total time=   0.0s
[CV] END estimator__criterion=squared_error, estimator__max_depth=18, estimator__min_samples_split=2, estimator__n_estimators=80; total time=   0.0s
[CV] END estimator__criterion=squared_error, estimator__max_depth=18, estimator__min_samples_split=2, estimator__n_estimators=80; total time=   0.0s
[CV] END estimator__criterion=squared_error, estimator__max_depth=18, estimator__min_samples_split=2, estimator__n_estimators=80; total time=   0.0s
[CV] END estimator__criterion=squared_error, estimator__max_depth=18, estimator__min_samples_split=2, estimator__n_estimators=80; total time=   0.0s
[CV] END estimator__criterion=absolute_error, estimator__max_depth=14, estimator__min_samples_split=5, estimator__n_estimators=100; total time=   0.3s
[CV] END estimator__criterion=absolute_error, estimator__max_depth=14, estimator__min_samples_split=5, estimator__n_estimators=100; total time=   0.3s
[CV] END estimator__criterion=absolute_error, estimator__max_depth=14, estimator__min_samples_split=5, estimator__n_estimators=100; total time=   0.3s
[CV] END estimator__criterion=absolute_error, estimator__max_depth=14, estimator__min_samples_split=5, estimator__n_estimators=100; total time=   0.3s
[CV] END estimator__criterion=absolute_error, estimator__max_depth=16, estimator__min_samples_split=3, estimator__n_estimators=20; total time=   0.0s
[CV] END estimator__criterion=absolute_error, estimator__max_depth=16, estimator__min_samples_split=3, estimator__n_estimators=40; total time=   0.1s
[CV] END estimator__criterion=absolute_error, estimator__max_depth=16, estimator__min_samples_split=3, estimator__n_estimators=40; total time=   0.1s
[CV] END estimator__criterion=absolute_error, estimator__max_depth=16, estimator__min_samples_split=3, estimator__n_estimators=40; total time=   0.1s
[CV] END estimator__criterion=absolute_error, estimator__max_depth=16, estimator__min_samples_split=5, estimator__n_estimators=80; total time=   0.2s
[CV] END estimator__criterion=absolute_error, estimator__max_depth=16, estimator__min_samples_split=5, estimator__n_estimators=80; total time=   0.2s
[CV] END estimator__criterion=absolute_error, estimator__max_depth=16, estimator__min_samples_split=5, estimator__n_estimators=100; total time=   0.3s
[CV] END estimator__criterion=absolute_error, estimator__max_depth=16, estimator__min_samples_split=5, estimator__n_estimators=100; total time=   0.3s
[CV] END estimator__criterion=absolute_error, estimator__max_depth=18, estimator__min_samples_split=2, estimator__n_estimators=20; total time=   0.0s
[CV] END estimator__criterion=absolute_error, estimator__max_depth=18, estimator__min_samples_split=2, estimator__n_estimators=20; total time=   0.0s
[CV] END estimator__criterion=absolute_error, estimator__max_depth=18, estimator__min_samples_split=2, estimator__n_estimators=40; total time=   0.1s
[CV] END estimator__criterion=absolute_error, estimator__max_depth=18, estimator__min_samples_split=2, estimator__n_estimators=40; total time=   0.1s
[CV] END estimator__criterion=absolute_error, estimator__max_depth=18, estimator__min_samples_split=4, estimator__n_estimators=100; total time=   0.3s
[CV] END estimator__criterion=absolute_error, estimator__max_depth=18, estimator__min_samples_split=4, estimator__n_estimators=100; total time=   0.3s
[CV] END estimator__criterion=absolute_error, estimator__max_depth=18, estimator__min_samples_split=4, estimator__n_estimators=100; total time=   0.3s
[CV] END estimator__criterion=absolute_error, estimator__max_depth=18, estimator__min_samples_split=4, estimator__n_estimators=100; total time=   0.3s
