condition_id,split,direction,nominal_speed_rpm,nominal_torque_nm,measured_signed_torque_nm,measured_temperature_deg_c,measured_curve_mean_te_deg,measured_curve_peak_to_peak_te_deg,low_torque_condition,direction_torque_sign_pass
speed_1000rpm__torque_0Nm__temperature_30degC,train,Fw,1000.0,0.0,-0.3756383585290839,30.264498971193415,-0.0196811575410698,0.03903001133008146,True,True
speed_1000rpm__torque_0Nm__temperature_30degC,train,Bw,1000.0,0.0,0.03114318716544064,30.018110179517517,-0.010792035373716166,0.039132513723218035,True,True
speed_1000rpm__torque_0Nm__temperature_35degC,train,Fw,1000.0,0.0,-0.14363726833917145,34.78125874485596,-0.016663067604453803,0.03940573272556295,True,True
speed_1000rpm__torque_0Nm__temperature_35degC,train,Bw,1000.0,0.0,0.05053262583518932,34.87462088477366,-0.008183692477550342,0.039351234834144266,True,True
speed_1000rpm__torque_1000Nm__temperature_25degC,train,Fw,1000.0,1000.0,-1000.0207285576887,25.41450257201646,-0.05930191776134396,0.04395253749364091,False,True
speed_1000rpm__torque_1000Nm__temperature_25degC,train,Bw,1000.0,1000.0,1000.0539931682501,25.792014917695475,0.0217937412204433,0.04185343678742813,False,True
speed_1000rpm__torque_1000Nm__temperature_30degC,train,Fw,1000.0,1000.0,-999.8249565132361,31.605246913580245,-0.05791909699580116,0.04315023517482888,False,True
speed_1000rpm__torque_1000Nm__temperature_30degC,train,Bw,1000.0,1000.0,1000.0966072197685,31.687977366255147,0.025593590867204436,0.042130115126331684,False,True
speed_1000rpm__torque_1000Nm__temperature_35degC,train,Fw,1000.0,1000.0,-999.9286067829211,35.633298868312764,-0.05840279482921288,0.0422945442710302,False,True
speed_1000rpm__torque_1000Nm__temperature_35degC,train,Bw,1000.0,1000.0,999.8713802254962,35.7168883744856,0.02722063406571068,0.04268549589957095,False,True
speed_1000rpm__torque_100Nm__temperature_25degC,train,Fw,1000.0,100.0,-100.37289982960547,25.999714506172836,-0.02660923323464124,0.03982495826969025,False,True
speed_1000rpm__torque_100Nm__temperature_25degC,train,Bw,1000.0,100.0,100.02813698913693,26.476795781893006,-0.009357614060452485,0.039675187118861144,False,True
speed_1000rpm__torque_100Nm__temperature_30degC,train,Fw,1000.0,100.0,-100.20965341432596,32.618402263374485,-0.025492118156586384,0.03919857761161166,False,True
speed_1000rpm__torque_100Nm__temperature_30degC,train,Bw,1000.0,100.0,100.00018607443998,32.86150462962962,-0.007707082089851161,0.03941255104022112,False,True
speed_1000rpm__torque_100Nm__temperature_35degC,train,Fw,1000.0,100.0,-100.14777194570613,34.75909002057613,-0.024597446389130407,0.038986674819872696,False,True
speed_1000rpm__torque_100Nm__temperature_35degC,train,Bw,1000.0,100.0,99.87712579506493,34.92594393004116,-0.007353774069948454,0.039262196252926186,False,True
speed_1000rpm__torque_1100Nm__temperature_25degC,train,Fw,1000.0,1100.0,-1099.685165948338,27.723366255144033,-0.061325495440155184,0.04425404489790484,False,True
speed_1000rpm__torque_1100Nm__temperature_25degC,train,Bw,1000.0,1100.0,1099.9324116729297,28.181461934156378,0.026016150544283717,0.04283895613628532,False,True
speed_1000rpm__torque_1200Nm__temperature_25degC,train,Fw,1000.0,1200.0,-1199.7924253405859,26.78672170781893,-0.06471441551045057,0.04443960885309191,False,True
speed_1000rpm__torque_1200Nm__temperature_25degC,train,Bw,1000.0,1200.0,1199.898414111586,27.23880401234568,0.029734544813199006,0.043526801995992924,False,True
speed_1000rpm__torque_1200Nm__temperature_30degC,train,Fw,1000.0,1200.0,-1199.5872208733617,32.28321244855967,-0.06420281882090802,0.04404599467943177,False,True
speed_1000rpm__torque_1200Nm__temperature_30degC,train,Bw,1000.0,1200.0,1199.9898006997096,32.472842078189295,0.03309153350647352,0.043824022214066186,False,True
speed_1000rpm__torque_1200Nm__temperature_35degC,train,Fw,1000.0,1200.0,-1199.511057727131,35.929689814814814,-0.0654483136122632,0.04418412326954874,False,True
speed_1000rpm__torque_1200Nm__temperature_35degC,train,Bw,1000.0,1200.0,1200.0588128911572,36.050684156378594,0.03467127786594186,0.043231414418208894,False,True
speed_1000rpm__torque_1300Nm__temperature_25degC,train,Fw,1000.0,1300.0,-1299.6717916839898,25.410885802469135,-0.06940314199996606,0.0447500279789589,False,True
speed_1000rpm__torque_1300Nm__temperature_25degC,train,Bw,1000.0,1300.0,1300.0081794875089,25.73785648148148,0.03355233510577542,0.044105493774671996,False,True
speed_1000rpm__torque_1300Nm__temperature_30degC,train,Fw,1000.0,1300.0,-1299.729789359893,31.98647909058176,-0.06906237876793506,0.04376235107528733,False,True
speed_1000rpm__torque_1300Nm__temperature_30degC,train,Bw,1000.0,1300.0,1299.9012265681229,32.22447993827161,0.03605213405774342,0.04414636537199951,False,True
speed_1000rpm__torque_1300Nm__temperature_35degC,train,Fw,1000.0,1300.0,-1299.5129613106142,36.11163940329218,-0.06989267213257568,0.04408792903050654,False,True
speed_1000rpm__torque_1300Nm__temperature_35degC,train,Bw,1000.0,1300.0,1300.0657481131616,36.215932613168725,0.03771305907619321,0.04467708369147972,False,True
speed_1000rpm__torque_1400Nm__temperature_25degC,train,Fw,1000.0,1400.0,-1399.7751514116924,27.35432510288066,-0.07170919760493571,0.04529386034542084,False,True
speed_1000rpm__torque_1400Nm__temperature_25degC,train,Bw,1000.0,1400.0,1399.8525900429559,27.70847942386831,0.03709733496606502,0.04362721514657389,False,True
speed_1000rpm__torque_1400Nm__temperature_30degC,train,Fw,1000.0,1400.0,-1399.7031378770562,30.04643981481481,-0.0711998101745553,0.044333054167345884,False,True
speed_1000rpm__torque_1400Nm__temperature_30degC,train,Bw,1000.0,1400.0,1399.8791877971476,30.437743312757206,0.03742973109640235,0.044677592811467805,False,True
speed_1000rpm__torque_1500Nm__temperature_25degC,train,Fw,1000.0,1500.0,-1499.661264890506,24.856943415637858,-0.07674158052630022,0.045199414921749795,False,True
speed_1000rpm__torque_1500Nm__temperature_25degC,train,Bw,1000.0,1500.0,1499.991193020226,25.223690329218105,0.040190120055065975,0.045202712837677676,False,True
speed_1000rpm__torque_1500Nm__temperature_30degC,train,Fw,1000.0,1500.0,-1499.751432822565,30.606974279835388,-0.07582956088865345,0.04571053509965493,False,True
speed_1000rpm__torque_1500Nm__temperature_30degC,train,Bw,1000.0,1500.0,1499.97344268131,30.812328189300406,0.04174445179270176,0.04511884518821538,False,True
speed_1000rpm__torque_1500Nm__temperature_35degC,train,Fw,1000.0,1500.0,-1499.164058225145,36.355492798353914,-0.07659952744806263,0.04483423920074166,False,True
speed_1000rpm__torque_1500Nm__temperature_35degC,train,Bw,1000.0,1500.0,1500.0513272950054,36.43953497942387,0.04577062221124525,0.0455456340891361,False,True
speed_1000rpm__torque_1600Nm__temperature_30degC,train,Fw,1000.0,1600.0,-1599.535164887032,31.00298919753087,-0.07952111630151666,0.04577141462112091,False,True
speed_1000rpm__torque_1600Nm__temperature_30degC,train,Bw,1000.0,1600.0,1600.0398641798658,31.212524691358023,0.0455032338625272,0.04544978341055725,False,True
speed_1000rpm__torque_1600Nm__temperature_35degC,train,Fw,1000.0,1600.0,-1599.2395451897946,36.44389711934156,-0.08045588677040492,0.04564544496453924,False,True
speed_1000rpm__torque_1600Nm__temperature_35degC,train,Bw,1000.0,1600.0,1599.841457900752,36.53752867945882,0.04917775656866022,0.04584056532113798,False,True
speed_1000rpm__torque_1700Nm__temperature_30degC,train,Fw,1000.0,1700.0,-1699.4754946894116,31.415697530864193,-0.08310414312291443,0.04552153146068384,False,True
speed_1000rpm__torque_1700Nm__temperature_30degC,train,Bw,1000.0,1700.0,1699.8337156780426,31.656490740740736,0.049531716876678594,0.045741432241936775,False,True
speed_1000rpm__torque_1700Nm__temperature_35degC,train,Fw,1000.0,1700.0,-1699.1247745698372,34.941772119341564,-0.08329000851164003,0.045703145572286406,False,True
speed_1000rpm__torque_1700Nm__temperature_35degC,train,Bw,1000.0,1700.0,1699.934191460476,35.24300977366255,0.05145841118415079,0.04710854444308761,False,True
speed_1000rpm__torque_1800Nm__temperature_25degC,train,Fw,1000.0,1800.0,-1799.5668758212785,27.108349794238688,-0.0870971199426881,0.04686276945964131,False,True
speed_1000rpm__torque_1800Nm__temperature_25degC,train,Bw,1000.0,1800.0,1800.158770910301,27.602675925925926,0.051204502338495654,0.04706038989521674,False,True
speed_1000rpm__torque_1800Nm__temperature_35degC,train,Fw,1000.0,1800.0,-1799.159893019014,35.335929221747854,-0.08755057440638239,0.04590909824609106,False,True
speed_1000rpm__torque_1800Nm__temperature_35degC,train,Bw,1000.0,1800.0,1799.9362107704203,35.40315329218107,0.05565488513766152,0.04678533205248562,False,True
speed_1000rpm__torque_200Nm__temperature_25degC,train,Fw,1000.0,200.0,-200.48110737722106,26.53180658436214,-0.030650979271971978,0.0402618965347399,False,True
speed_1000rpm__torque_200Nm__temperature_25degC,train,Bw,1000.0,200.0,199.88192421482796,27.024407407407406,-0.005824860615768076,0.03966705770455308,False,True
speed_1000rpm__torque_200Nm__temperature_30degC,train,Fw,1000.0,200.0,-200.17136644434046,32.26315534979424,-0.02872263562081274,0.03929078475427561,False,True
speed_1000rpm__torque_200Nm__temperature_30degC,train,Bw,1000.0,200.0,200.0347482488204,32.382876028806585,-0.00290005974920118,0.03889340493516592,False,True
speed_1000rpm__torque_200Nm__temperature_35degC,train,Fw,1000.0,200.0,-200.46304254620165,34.68036882716049,-0.02888876363094372,0.03913257788472573,False,True
speed_1000rpm__torque_200Nm__temperature_35degC,train,Bw,1000.0,200.0,200.01418008159013,34.726310699588474,-0.0029893349799477724,0.038431229904870606,False,True
speed_1000rpm__torque_300Nm__temperature_35degC,train,Fw,1000.0,300.0,-300.7321096496818,34.8319212962963,-0.03232284700475177,0.03992558249938565,False,True
speed_1000rpm__torque_300Nm__temperature_35degC,train,Bw,1000.0,300.0,300.03572582643284,34.960438271604936,0.0012305147584719001,0.038886993293760885,False,True
speed_1000rpm__torque_400Nm__temperature_25degC,train,Fw,1000.0,400.0,-400.09603862163954,26.40093827160494,-0.03789624085318024,0.04099092860165922,False,True
speed_1000rpm__torque_400Nm__temperature_25degC,train,Bw,1000.0,400.0,400.0272276012085,26.886396604938273,0.0016711315584945743,0.03990070376943492,False,True
speed_1000rpm__torque_400Nm__temperature_30degC,train,Fw,1000.0,400.0,-400.12671772099327,33.260543209876545,-0.03571990847555225,0.04051533217267643,False,True
speed_1000rpm__torque_400Nm__temperature_30degC,train,Bw,1000.0,400.0,400.01333955788397,33.4465128600823,0.004611736112778014,0.03887214491260068,False,True
speed_1000rpm__torque_400Nm__temperature_35degC,train,Fw,1000.0,400.0,-400.4197072099756,34.90220679012346,-0.036242290665045,0.04037046287613262,False,True
speed_1000rpm__torque_400Nm__temperature_35degC,train,Bw,1000.0,400.0,399.65119605458847,34.99754063786008,0.005052892984587129,0.039097610854649724,False,True
speed_1000rpm__torque_500Nm__temperature_25degC,train,Fw,1000.0,500.0,-500.32386957617945,26.789451131687244,-0.04168230863266723,0.040832542710746975,False,True
speed_1000rpm__torque_500Nm__temperature_25degC,train,Bw,1000.0,500.0,500.0665794018261,27.318811213991765,0.005426526272110799,0.03923798602417174,False,True
speed_1000rpm__torque_500Nm__temperature_30degC,train,Fw,1000.0,500.0,-500.0407042449394,30.25433333333333,-0.04060661938299798,0.040339421894868305,False,True
speed_1000rpm__torque_500Nm__temperature_30degC,train,Bw,1000.0,500.0,500.05871578217926,30.589944444444445,0.006865626141659778,0.039435312556139045,False,True
speed_1000rpm__torque_500Nm__temperature_35degC,train,Fw,1000.0,500.0,-500.0950098160363,34.83151543209876,-0.0400704798029539,0.04147818415461425,False,True
speed_1000rpm__torque_500Nm__temperature_35degC,train,Bw,1000.0,500.0,499.9419638825529,34.91875720164609,0.00868711073319469,0.03869056805954232,False,True
speed_1000rpm__torque_600Nm__temperature_35degC,train,Fw,1000.0,600.0,-599.9519438410001,34.94139506172839,-0.04408043169645602,0.04173679898184075,False,True
speed_1000rpm__torque_600Nm__temperature_35degC,train,Bw,1000.0,600.0,599.846197762914,35.09326440329218,0.012294795046382376,0.03998630058480154,False,True
speed_1000rpm__torque_700Nm__temperature_25degC,train,Fw,1000.0,700.0,-699.909505996194,27.41175257201646,-0.04738124271181857,0.04156181692331931,False,True
speed_1000rpm__torque_700Nm__temperature_25degC,train,Bw,1000.0,700.0,699.8768082101965,27.919518004115222,0.01281658748076532,0.04041376834880946,False,True
speed_1000rpm__torque_700Nm__temperature_30degC,train,Fw,1000.0,700.0,-699.9464671184987,32.067627057613166,-0.04776674479937628,0.04107229411628516,False,True
speed_1000rpm__torque_700Nm__temperature_30degC,train,Bw,1000.0,700.0,700.016323972615,32.33232458847736,0.01409975192977486,0.03985269408855268,False,True
speed_1000rpm__torque_900Nm__temperature_25degC,train,Fw,1000.0,900.0,-899.8126546051277,26.500906378600824,-0.054657208446196474,0.043153834218396886,False,True
speed_1000rpm__torque_900Nm__temperature_25degC,train,Bw,1000.0,900.0,899.807439555949,26.99806018518519,0.01793697139320855,0.04121913783013434,False,True
speed_1000rpm__torque_900Nm__temperature_30degC,train,Fw,1000.0,900.0,-899.7465591494439,32.11108950617284,-0.05397713010527496,0.04330194658645231,False,True
speed_1000rpm__torque_900Nm__temperature_30degC,train,Bw,1000.0,900.0,900.0126062489651,32.27813888888889,0.02203498776697335,0.04154930616832601,False,True
speed_100rpm__torque_0Nm__temperature_25degC,train,Fw,100.0,0.0,0.0059796140792594595,26.376438168724274,-0.020395072526649037,0.0390119271149781,True,True
speed_100rpm__torque_0Nm__temperature_25degC,train,Bw,100.0,0.0,0.009827719941798993,26.156979732510283,-0.014317710761748077,0.03975056629483627,True,True
speed_100rpm__torque_0Nm__temperature_35degC,train,Fw,100.0,0.0,0.0009038085974345317,34.437483693415636,-0.015376933978854024,0.038997901397008476,True,True
speed_100rpm__torque_0Nm__temperature_35degC,train,Bw,100.0,0.0,-0.004777989094804207,33.63571435185185,-0.009789711571435463,0.040034620711942026,True,True
speed_100rpm__torque_1000Nm__temperature_25degC,train,Fw,100.0,1000.0,-999.9755805595912,24.259157510288066,-0.06273325998673752,0.04240382773183251,False,True
speed_100rpm__torque_1000Nm__temperature_25degC,train,Bw,100.0,1000.0,999.989526288968,24.13541532921811,0.026881714427438128,0.04085789124241438,False,True
speed_100rpm__torque_1000Nm__temperature_35degC,train,Fw,100.0,1000.0,-999.9557746302935,36.91756841563787,-0.061300586305005046,0.043247055470081695,False,True
speed_100rpm__torque_1000Nm__temperature_35degC,train,Bw,100.0,1000.0,999.9608463268671,36.917688695017,0.03154345736779951,0.041083520696525155,False,True
speed_100rpm__torque_100Nm__temperature_25degC,train,Fw,100.0,100.0,-100.00553374673113,24.589653395061724,-0.0280715846945468,0.038523164887674016,False,True
speed_100rpm__torque_100Nm__temperature_25degC,train,Bw,100.0,100.0,100.00369875808742,24.6178920781893,-0.00810711450914146,0.03820575360194841,False,True
speed_100rpm__torque_1100Nm__temperature_35degC,train,Fw,100.0,1100.0,-1099.9819460781023,37.113390329218106,-0.06512019866515349,0.04354423429366834,False,True
speed_100rpm__torque_1100Nm__temperature_35degC,train,Bw,100.0,1100.0,1100.0369152197031,37.106963564627385,0.03525530834246755,0.04140381804586294,False,True
speed_100rpm__torque_1200Nm__temperature_25degC,train,Fw,100.0,1200.0,-1200.0218415088614,24.635860751028808,-0.07017734240509621,0.04269130527999618,False,True
speed_100rpm__torque_1200Nm__temperature_25degC,train,Bw,100.0,1200.0,1199.9853603380868,24.5812798419745,0.03460155639182851,0.04247131240336522,False,True
speed_100rpm__torque_1200Nm__temperature_30degC,train,Fw,100.0,1200.0,-1200.0040503968428,30.412084053497942,-0.0714939779264945,0.04349065013220142,False,True
speed_100rpm__torque_1200Nm__temperature_30degC,train,Bw,100.0,1200.0,1200.0219514403493,30.478015637860082,0.036679357105052685,0.04192394308310599,False,True
speed_100rpm__torque_1300Nm__temperature_25degC,train,Fw,100.0,1300.0,-1300.033119622572,24.389815020576126,-0.07393357640489136,0.04375397434628878,False,True
speed_100rpm__torque_1300Nm__temperature_25degC,train,Bw,100.0,1300.0,1300.0005825140552,24.431267386831276,0.038420848649413336,0.0425330425328332,False,True
speed_100rpm__torque_1300Nm__temperature_30degC,train,Fw,100.0,1300.0,-1300.0891906783413,30.557092849794238,-0.07504394603558603,0.04444489980086493,False,True
speed_100rpm__torque_1300Nm__temperature_30degC,train,Bw,100.0,1300.0,1300.0005191761409,30.61930180041152,0.040612853224931834,0.042325023353113375,False,True
speed_100rpm__torque_1300Nm__temperature_35degC,train,Fw,100.0,1300.0,-1299.9969757884674,35.913431515269984,-0.07288975016056431,0.04464509482935036,False,True
speed_100rpm__torque_1300Nm__temperature_35degC,train,Bw,100.0,1300.0,1299.9493500186545,35.86409238683128,0.040540157874373324,0.04251613799024476,False,True
speed_100rpm__torque_1400Nm__temperature_25degC,train,Fw,100.0,1400.0,-1399.9538115441167,25.098835448377322,-0.07678455758982884,0.04337323933015115,False,True
speed_100rpm__torque_1400Nm__temperature_25degC,train,Bw,100.0,1400.0,1399.952090889458,25.217589082248363,0.0418845207454856,0.04304201756141033,False,True
speed_100rpm__torque_1400Nm__temperature_30degC,train,Fw,100.0,1400.0,-1400.0029016963738,30.695008127572017,-0.07865203561057088,0.0441616680472042,False,True
speed_100rpm__torque_1400Nm__temperature_30degC,train,Bw,100.0,1400.0,1400.0666666337,30.759653602604924,0.04448831589340993,0.04286107400289435,False,True
speed_100rpm__torque_1400Nm__temperature_35degC,train,Fw,100.0,1400.0,-1399.9968398631042,36.07877264005843,-0.0769618261862084,0.04538299101957427,False,True
speed_100rpm__torque_1400Nm__temperature_35degC,train,Bw,100.0,1400.0,1400.0985669029847,36.08572865226337,0.04460361660002978,0.04362813093655821,False,True
speed_100rpm__torque_1500Nm__temperature_25degC,train,Fw,100.0,1500.0,-1499.9601165846052,24.93933760288066,-0.08134912735174292,0.044157697507572286,False,True
speed_100rpm__torque_1500Nm__temperature_25degC,train,Bw,100.0,1500.0,1499.968696360428,24.944975411522638,0.04591965500722246,0.043547945097195194,False,True
speed_100rpm__torque_1500Nm__temperature_30degC,train,Fw,100.0,1500.0,-1499.9966338042384,30.851380459776028,-0.08229083270215913,0.044782096519682596,False,True
speed_100rpm__torque_1500Nm__temperature_30degC,train,Bw,100.0,1500.0,1500.0208120851642,30.92916255144033,0.048474352586169646,0.04378208476848981,False,True
speed_100rpm__torque_1500Nm__temperature_35degC,train,Fw,100.0,1500.0,-1500.0350465573451,36.108176655469876,-0.08099076955057195,0.045814667310431816,False,True
speed_100rpm__torque_1500Nm__temperature_35degC,train,Bw,100.0,1500.0,1499.9621834557786,36.11764691358025,0.04887859181138925,0.04389486068626431,False,True
speed_100rpm__torque_1600Nm__temperature_25degC,train,Fw,100.0,1600.0,-1599.9574840412217,24.856018724279835,-0.08495841995468928,0.045174215402987675,False,True
speed_100rpm__torque_1600Nm__temperature_25degC,train,Bw,100.0,1600.0,1599.9622419480556,24.918912191358025,0.04977966286161187,0.045366003691880125,False,True
speed_100rpm__torque_1700Nm__temperature_25degC,train,Fw,100.0,1700.0,-1699.997457654633,24.896423662551438,-0.08863949263518149,0.045963776194766034,False,True
speed_100rpm__torque_1700Nm__temperature_25degC,train,Bw,100.0,1700.0,1699.9707901197705,24.990362860082303,0.05356504928579212,0.04549142904700982,False,True
speed_100rpm__torque_1700Nm__temperature_30degC,train,Fw,100.0,1700.0,-1700.0390761649167,30.470270370370372,-0.09011950107275996,0.046380686883462405,False,True
speed_100rpm__torque_1700Nm__temperature_30degC,train,Bw,100.0,1700.0,1699.9637169292257,30.611003338460193,0.05559878223919769,0.04454668611710141,False,True
speed_100rpm__torque_1800Nm__temperature_25degC,train,Fw,100.0,1800.0,-1800.0498343409333,24.9464353909465,-0.09245979595835732,0.04665561020404804,False,True
speed_100rpm__torque_1800Nm__temperature_25degC,train,Bw,100.0,1800.0,1799.9971292903406,25.053474176954726,0.057236658216761056,0.04571590676059311,False,True
speed_100rpm__torque_1800Nm__temperature_30degC,train,Fw,100.0,1800.0,-1800.017354278666,30.983671637491575,-0.09339207403442011,0.047226916584685474,False,True
speed_100rpm__torque_1800Nm__temperature_30degC,train,Bw,100.0,1800.0,1800.0275488604702,31.095723971193415,0.05955408541566135,0.04435738134799664,False,True
speed_100rpm__torque_200Nm__temperature_25degC,train,Fw,100.0,200.0,-199.9860663877593,24.563443724279836,-0.03273343292634947,0.039098302109381526,False,True
speed_100rpm__torque_200Nm__temperature_25degC,train,Bw,100.0,200.0,199.98247494312713,24.58734435522451,-0.0034362439982285557,0.03774694063880912,False,True
speed_100rpm__torque_200Nm__temperature_30degC,train,Fw,100.0,200.0,-199.99628194197706,29.81714202674897,-0.0333439056321151,0.039670639153292594,False,True
speed_100rpm__torque_200Nm__temperature_30degC,train,Bw,100.0,200.0,200.01339202346838,29.743240226337452,-0.003008636827168901,0.03757130250829199,False,True
speed_100rpm__torque_200Nm__temperature_35degC,train,Fw,100.0,200.0,-199.98944725151415,35.99346748971193,-0.031215333631160417,0.03897380704685306,False,True
speed_100rpm__torque_200Nm__temperature_35degC,train,Bw,100.0,200.0,199.98294248176458,35.92127273662551,-0.0012288414564975599,0.038255987071195055,False,True
speed_100rpm__torque_300Nm__temperature_25degC,train,Fw,100.0,300.0,-300.0147324493883,24.582273096707823,-0.03688681890269493,0.03899358523321666,False,True
speed_100rpm__torque_300Nm__temperature_25degC,train,Bw,100.0,300.0,300.0224667139796,24.612190432098767,0.0008577276825256166,0.03795421164988301,False,True
speed_100rpm__torque_300Nm__temperature_35degC,train,Fw,100.0,300.0,-299.9936001924364,35.0526954593855,-0.03595019337938446,0.03969096061294933,False,True
speed_100rpm__torque_300Nm__temperature_35degC,train,Bw,100.0,300.0,300.02278867476156,35.06974104938271,0.003169885049269491,0.038320735719161926,False,True
speed_100rpm__torque_400Nm__temperature_25degC,train,Fw,100.0,400.0,-400.0104282569493,24.596794907407407,-0.04076931063123999,0.039941575376736656,False,True
speed_100rpm__torque_400Nm__temperature_25degC,train,Bw,100.0,400.0,400.0310923999502,24.62530380658436,0.004823491342733968,0.03813732001991603,False,True
speed_100rpm__torque_400Nm__temperature_35degC,train,Fw,100.0,400.0,-399.9825323768604,36.43100576131687,-0.039677646860751356,0.04017241609529347,False,True
speed_100rpm__torque_400Nm__temperature_35degC,train,Bw,100.0,400.0,400.00332656260304,36.42794773662551,0.007207203615053181,0.03843194391588593,False,True
speed_100rpm__torque_500Nm__temperature_25degC,train,Fw,100.0,500.0,-499.9924697907864,25.11693806584362,-0.04339818707304352,0.04000850228844021,False,True
speed_100rpm__torque_500Nm__temperature_25degC,train,Bw,100.0,500.0,500.03201404239877,25.005468415637864,0.00704366148181545,0.03876692201914243,False,True
speed_100rpm__torque_600Nm__temperature_30degC,train,Fw,100.0,600.0,-600.003584994946,30.109584567901237,-0.04883807800428823,0.041069108992902274,False,True
speed_100rpm__torque_600Nm__temperature_30degC,train,Bw,100.0,600.0,600.0059912216789,30.08470992798354,0.013713845185782341,0.03925119940542305,False,True
speed_100rpm__torque_700Nm__temperature_25degC,train,Fw,100.0,700.0,-699.9979426573824,25.040437808641975,-0.051156453176451386,0.040908515866657086,False,True
speed_100rpm__torque_700Nm__temperature_25degC,train,Bw,100.0,700.0,699.9990666628546,25.039410651179782,0.015164935362886003,0.03953648109822753,False,True
speed_100rpm__torque_700Nm__temperature_30degC,train,Fw,100.0,700.0,-699.9983886743298,29.86194784952598,-0.05248335558079551,0.041219582780879616,False,True
speed_100rpm__torque_700Nm__temperature_30degC,train,Bw,100.0,700.0,699.9930879440917,29.888252109053493,0.01796126959403099,0.04047981877348257,False,True
speed_100rpm__torque_700Nm__temperature_35degC,train,Fw,100.0,700.0,-699.9929926530212,37.44365908611581,-0.05052667292500797,0.041703067514716745,False,True
speed_100rpm__torque_700Nm__temperature_35degC,train,Bw,100.0,700.0,700.0185773730839,37.45051275720164,0.02001425717575908,0.039560612707334256,False,True
speed_100rpm__torque_800Nm__temperature_30degC,train,Fw,100.0,800.0,-799.9787360282744,29.908346184908357,-0.056385881682585286,0.04179826420367264,False,True
speed_100rpm__torque_800Nm__temperature_30degC,train,Bw,100.0,800.0,800.0555530207635,29.950680709876544,0.021635230742883222,0.03997301165484255,False,True
speed_100rpm__torque_900Nm__temperature_25degC,train,Fw,100.0,900.0,-900.0045249896285,25.272681121399177,-0.058436626010685645,0.04137793245392514,False,True
speed_100rpm__torque_900Nm__temperature_25degC,train,Bw,100.0,900.0,899.9665212162063,25.349729372427987,0.022775169805278907,0.04075963153681137,False,True
speed_1100rpm__torque_0Nm__temperature_25degC,train,Fw,1100.0,0.0,-0.03828909865871605,24.867863973292593,-0.021537665057406553,0.042477680581192875,True,True
speed_1100rpm__torque_0Nm__temperature_25degC,train,Bw,1100.0,0.0,0.014747372271323176,25.114742262207887,-0.012866894553809283,0.04383682480342418,True,True
speed_1100rpm__torque_0Nm__temperature_30degC,train,Fw,1100.0,0.0,-0.043245794198223955,30.443101906863575,-0.019702378649375782,0.042101237921911824,True,True
speed_1100rpm__torque_0Nm__temperature_30degC,train,Bw,1100.0,0.0,0.8578163300672301,30.560281219940027,-0.010794227725267704,0.04318237615693467,True,True
speed_1100rpm__torque_1000Nm__temperature_35degC,train,Fw,1100.0,1000.0,-999.9331964038328,36.020977196853956,-0.05708400157701009,0.05482824208947518,False,True
speed_1100rpm__torque_1000Nm__temperature_35degC,train,Bw,1100.0,1000.0,999.9657556569405,36.1940714124038,0.027918930415399994,0.050284458947883255,False,True
speed_1100rpm__torque_100Nm__temperature_25degC,train,Fw,1100.0,100.0,-99.98805486629108,27.189699541673736,-0.026451874354972132,0.04628097224609702,False,True
speed_1100rpm__torque_100Nm__temperature_25degC,train,Bw,1100.0,100.0,99.89096623795757,27.914917671023595,-0.00976098693750028,0.04902392420209483,False,True
speed_1100rpm__torque_100Nm__temperature_30degC,train,Fw,1100.0,100.0,-99.98932239317473,30.093229968311455,-0.02561954708566733,0.04763643153772325,False,True
speed_1100rpm__torque_100Nm__temperature_30degC,train,Bw,1100.0,100.0,100.10226681653873,30.384631924404463,-0.008556815482048752,0.04816198722410005,False,True
speed_1100rpm__torque_100Nm__temperature_35degC,train,Fw,1100.0,100.0,-99.93831838294358,34.93970065640561,-0.024424345459123527,0.051678368411756236,False,True
speed_1100rpm__torque_100Nm__temperature_35degC,train,Bw,1100.0,100.0,99.96027540270171,35.16158037684604,-0.007091824392349961,0.04847625271010843,False,True
speed_1100rpm__torque_1100Nm__temperature_25degC,train,Fw,1100.0,1100.0,-1099.964627951397,25.350083182435494,-0.06237933710402321,0.05376681271530877,False,True
speed_1100rpm__torque_1100Nm__temperature_25degC,train,Bw,1100.0,1100.0,1100.1107248356948,26.00619985288293,0.025070574609557656,0.056228067527442756,False,True
speed_1100rpm__torque_1100Nm__temperature_30degC,train,Fw,1100.0,1100.0,-1100.0933838316926,31.305000282917447,-0.06156603792117865,0.056794302331407524,False,True
speed_1100rpm__torque_1100Nm__temperature_30degC,train,Bw,1100.0,1100.0,1100.033289404818,31.84856221354609,0.02793008204906018,0.05445122098215443,False,True
speed_1100rpm__torque_1100Nm__temperature_35degC,train,Fw,1100.0,1100.0,-1099.961434142912,36.143754314491034,-0.06087676731013797,0.05476241517423665,False,True
speed_1100rpm__torque_1100Nm__temperature_35degC,train,Bw,1100.0,1100.0,1100.0172301112866,36.26868330221241,0.03134400712138558,0.05231233314201344,False,True
speed_1100rpm__torque_1200Nm__temperature_25degC,train,Fw,1100.0,1200.0,-1200.0100623568349,27.550879357175194,-0.06458337759980759,0.05736953992806212,False,True
speed_1100rpm__torque_1200Nm__temperature_25degC,train,Bw,1100.0,1200.0,1199.887969134748,28.03259887964692,0.02917666678221738,0.0566578025231387,False,True
speed_1100rpm__torque_1200Nm__temperature_35degC,train,Fw,1100.0,1200.0,-1200.0333314138388,36.35564169307379,-0.06438378795664935,0.054385030850319274,False,True
speed_1100rpm__torque_1200Nm__temperature_35degC,train,Bw,1100.0,1200.0,1199.9275602895304,36.56376902619815,0.03500294008331934,0.05509168116402786,False,True
speed_1100rpm__torque_1300Nm__temperature_25degC,train,Fw,1100.0,1300.0,-1299.9220063185574,26.297322317790854,-0.06815441849521867,0.05703959510490279,False,True
speed_1100rpm__torque_1300Nm__temperature_25degC,train,Bw,1100.0,1300.0,1299.9298143787485,26.867269846658747,0.03282157814458972,0.05957429711254998,False,True
speed_1100rpm__torque_1300Nm__temperature_30degC,train,Fw,1100.0,1300.0,-1300.0249685405006,32.84060544333164,-0.06887984949284645,0.05757203118639581,False,True
speed_1100rpm__torque_1300Nm__temperature_30degC,train,Bw,1100.0,1300.0,1300.0743515955292,33.24200701635263,0.03532611340239764,0.06168158518399846,False,True
speed_1100rpm__torque_1300Nm__temperature_35degC,train,Fw,1100.0,1300.0,-1299.8834001129621,36.46314604198494,-0.06806719522793615,0.05470148080743842,False,True
speed_1100rpm__torque_1300Nm__temperature_35degC,train,Bw,1100.0,1300.0,1299.8727557051884,36.591842358399816,0.038846601102562925,0.059584364711284504,False,True
speed_1100rpm__torque_1400Nm__temperature_30degC,train,Fw,1100.0,1400.0,-1400.3479363105769,30.80271544163413,-0.07140275965756882,0.05963861321434195,False,True
speed_1100rpm__torque_1400Nm__temperature_30degC,train,Bw,1100.0,1400.0,1399.9709885215182,31.115877326995985,0.03723904884998241,0.06151528925573076,False,True
speed_1100rpm__torque_1500Nm__temperature_30degC,train,Fw,1100.0,1500.0,-1500.343573219551,31.666883947264193,-0.07491551835645521,0.06005823508733722,False,True
speed_1100rpm__torque_1500Nm__temperature_30degC,train,Bw,1100.0,1500.0,1499.9738448635508,31.96076222272521,0.04131605389092053,0.06387749583354733,False,True
speed_1100rpm__torque_1600Nm__temperature_25degC,train,Fw,1100.0,1600.0,-1599.8066966537574,26.722790131839528,-0.07972951411441064,0.05807991656905063,False,True
speed_1100rpm__torque_1600Nm__temperature_25degC,train,Bw,1100.0,1600.0,1600.059747953984,27.36703372566772,0.04303012494610787,0.06888860216767576,False,True
speed_1100rpm__torque_1600Nm__temperature_35degC,train,Fw,1100.0,1600.0,-1599.8975418489924,36.316232671306516,-0.07935853391228354,0.05591127504015642,False,True
speed_1100rpm__torque_1600Nm__temperature_35degC,train,Bw,1100.0,1600.0,1600.0167862214714,36.50559133091897,0.04927113613031477,0.06855627935288686,False,True
speed_1100rpm__torque_1700Nm__temperature_25degC,train,Fw,1100.0,1700.0,-1700.123942993841,25.91645597555455,-0.08403823726657253,0.058093508709989396,False,True
speed_1100rpm__torque_1700Nm__temperature_25degC,train,Bw,1100.0,1700.0,1699.3332053549925,26.42974707180445,0.047335729839327476,0.07005481049307086,False,True
speed_1100rpm__torque_1700Nm__temperature_30degC,train,Fw,1100.0,1700.0,-1700.0491811901047,29.532069375282934,-0.08439225319762954,0.05990838218607502,False,True
speed_1100rpm__torque_1700Nm__temperature_30degC,train,Bw,1100.0,1700.0,1698.2818803940463,29.887432241272002,0.04932186158125481,0.06992913885766885,False,True
speed_1100rpm__torque_1700Nm__temperature_35degC,train,Fw,1100.0,1700.0,-1699.77921744272,36.53342782775986,-0.0829150594129945,0.05589070315558295,False,True
speed_1100rpm__torque_1700Nm__temperature_35degC,train,Bw,1100.0,1700.0,1700.0810682172093,36.73655576302834,0.053061937191525674,0.07031913535423966,False,True
speed_1100rpm__torque_1800Nm__temperature_25degC,train,Fw,1100.0,1800.0,-1800.0130408109178,28.078679266636488,-0.08697931621755621,0.05941969135596422,False,True
speed_1100rpm__torque_1800Nm__temperature_25degC,train,Bw,1100.0,1800.0,1799.910594116263,28.652430826684775,0.05005501607132286,0.07284181400028361,False,True
speed_1100rpm__torque_200Nm__temperature_25degC,train,Fw,1100.0,200.0,-199.9042334448925,27.76881287840208,-0.03000862647687273,0.04931702692445746,False,True
speed_1100rpm__torque_200Nm__temperature_25degC,train,Bw,1100.0,200.0,199.93530290906514,28.4664384336804,-0.005907700623043227,0.04933760397771217,False,True
speed_1100rpm__torque_200Nm__temperature_30degC,train,Fw,1100.0,200.0,-200.01193199930455,31.429433033440848,-0.028503805642089177,0.05348322292258731,False,True
speed_1100rpm__torque_200Nm__temperature_30degC,train,Bw,1100.0,200.0,199.9826444380035,31.790670514343915,-0.004340168236675872,0.048083462233548147,False,True
speed_1100rpm__torque_200Nm__temperature_35degC,train,Fw,1100.0,200.0,-199.93027002723878,35.0217687998642,-0.028475837261268604,0.052614100278616655,False,True
speed_1100rpm__torque_200Nm__temperature_35degC,train,Bw,1100.0,200.0,199.93561786849395,35.19159904939739,-0.00264037442249626,0.04671663149815372,False,True
speed_1100rpm__torque_300Nm__temperature_30degC,train,Fw,1100.0,300.0,-299.99693771685645,32.38758331918746,-0.031976783430280535,0.05364816325407468,False,True
speed_1100rpm__torque_300Nm__temperature_30degC,train,Bw,1100.0,300.0,300.0342573576535,32.66717252305777,-0.00011131276342625104,0.04802221224692509,False,True
speed_1100rpm__torque_300Nm__temperature_35degC,train,Fw,1100.0,300.0,-299.93655696045,35.104729248005434,-0.03244958955525494,0.05388246642063771,False,True
speed_1100rpm__torque_300Nm__temperature_35degC,train,Bw,1100.0,300.0,299.97330286765623,35.307554461608106,0.0011482789221778607,0.047119543371131514,False,True
speed_1100rpm__torque_400Nm__temperature_25degC,train,Fw,1100.0,400.0,-399.996957369897,27.655654388049566,-0.037148995411443335,0.050618241851614884,False,True
speed_1100rpm__torque_400Nm__temperature_25degC,train,Bw,1100.0,400.0,399.91524762576705,28.38341877440163,0.001605591066147638,0.04824976643390424,False,True
speed_1100rpm__torque_400Nm__temperature_30degC,train,Fw,1100.0,400.0,-399.9886026017122,33.07538165563288,-0.0358773490338167,0.055323588764793694,False,True
speed_1100rpm__torque_400Nm__temperature_30degC,train,Bw,1100.0,400.0,400.20404519570343,33.31435491172476,0.0034595371059496184,0.04821263357667101,False,True
speed_1100rpm__torque_400Nm__temperature_35degC,train,Fw,1100.0,400.0,-399.9613730226032,35.26297176483902,-0.03606101907143765,0.054323269674973605,False,True
speed_1100rpm__torque_400Nm__temperature_35degC,train,Bw,1100.0,400.0,399.94458344825875,35.446958071634704,0.005156280441961989,0.04867831038423595,False,True
speed_1100rpm__torque_500Nm__temperature_35degC,train,Fw,1100.0,500.0,-499.9933177638471,35.42453573247327,-0.03957061545034923,0.054263921661576744,False,True
speed_1100rpm__torque_500Nm__temperature_35degC,train,Bw,1100.0,500.0,499.9840349250238,35.59701109099141,0.00910830665052577,0.04816443451121237,False,True
speed_1100rpm__torque_600Nm__temperature_35degC,train,Fw,1100.0,600.0,-599.9968286524428,35.51734665006791,-0.04311326032982094,0.05309508699564696,False,True
speed_1100rpm__torque_600Nm__temperature_35degC,train,Bw,1100.0,600.0,599.9754669600214,35.700059412663386,0.012815170045273034,0.04890786794266186,False,True
speed_1100rpm__torque_700Nm__temperature_25degC,train,Fw,1100.0,700.0,-699.9822814591515,26.185721156566515,-0.04779100187232942,0.051296084290278335,False,True
speed_1100rpm__torque_700Nm__temperature_25degC,train,Bw,1100.0,700.0,699.8767068369553,26.71398460929101,0.012369086269084856,0.05066327648256274,False,True
speed_1100rpm__torque_700Nm__temperature_30degC,train,Fw,1100.0,700.0,-700.0544582624451,31.8995365812256,-0.04743993014408771,0.05624449294598156,False,True
speed_1100rpm__torque_700Nm__temperature_30degC,train,Bw,1100.0,700.0,699.9976747426998,32.2906127991852,0.013381834566871064,0.050859757596837064,False,True
speed_1100rpm__torque_700Nm__temperature_35degC,train,Fw,1100.0,700.0,-699.926021757025,35.66605782832569,-0.046797027316825925,0.05439941150480757,False,True
speed_1100rpm__torque_700Nm__temperature_35degC,train,Bw,1100.0,700.0,700.0150024858193,35.85370678436032,0.016524095252490028,0.048014192526640215,False,True
speed_1100rpm__torque_800Nm__temperature_25degC,train,Fw,1100.0,800.0,-800.0208145962475,26.35876025575737,-0.05159327330174622,0.052351599766107364,False,True
speed_1100rpm__torque_800Nm__temperature_25degC,train,Bw,1100.0,800.0,799.9778826451975,26.851188253267697,0.015768455543101356,0.04847868863658475,False,True
speed_1100rpm__torque_800Nm__temperature_35degC,train,Fw,1100.0,800.0,-800.0631264674875,35.73436654784134,-0.0502415014143732,0.05217513379929108,False,True
speed_1100rpm__torque_800Nm__temperature_35degC,train,Bw,1100.0,800.0,800.0273761653472,35.917510892321616,0.0202458935066776,0.049598178735911595,False,True
speed_1100rpm__torque_900Nm__temperature_25degC,train,Fw,1100.0,900.0,-899.9975227050962,27.298353420471905,-0.053883334716112535,0.054735082925423756,False,True
speed_1100rpm__torque_900Nm__temperature_25degC,train,Bw,1100.0,900.0,899.8877726130876,27.80376393368415,0.01809230451417983,0.0525123036107688,False,True
speed_1100rpm__torque_900Nm__temperature_30degC,train,Fw,1100.0,900.0,-900.1877978507337,30.041059808747807,-0.05552964684757397,0.055866833362206055,False,True
speed_1100rpm__torque_900Nm__temperature_30degC,train,Bw,1100.0,900.0,900.142344637756,30.45411022463645,0.020756118335412736,0.0502678472578441,False,True
speed_1300rpm__torque_0Nm__temperature_25degC,train,Fw,1300.0,0.0,-0.593941320633197,25.285597538955397,-0.021223492665374873,0.03941860463554278,True,True
speed_1300rpm__torque_0Nm__temperature_25degC,train,Bw,1300.0,0.0,0.12828921489512649,25.71477263608399,-0.012035699789499104,0.040124566815941363,True,True
speed_1300rpm__torque_0Nm__temperature_30degC,train,Fw,1300.0,0.0,0.016687638085349673,30.224126931050623,-0.019831013151165238,0.03943010440558326,True,True
speed_1300rpm__torque_0Nm__temperature_30degC,train,Bw,1300.0,0.0,0.02505715394529422,30.416598234586065,-0.010881563394566569,0.04055582712118701,True,True
speed_1300rpm__torque_1000Nm__temperature_25degC,train,Fw,1300.0,1000.0,-999.9771590441085,26.86150538353508,-0.05726334475059064,0.04575585118613055,False,True
speed_1300rpm__torque_1000Nm__temperature_25degC,train,Bw,1300.0,1000.0,1000.0331192526733,27.292357228835098,0.022093660972029045,0.042118600886344955,False,True
speed_1300rpm__torque_1000Nm__temperature_30degC,train,Fw,1300.0,1000.0,-1000.141140466644,30.064198876554766,-0.05862913518819293,0.042482344431263586,False,True
speed_1300rpm__torque_1000Nm__temperature_30degC,train,Bw,1300.0,1000.0,1000.0941172519774,30.602595292229505,0.02374857814871762,0.04210094921904494,False,True
speed_1300rpm__torque_1000Nm__temperature_35degC,train,Fw,1300.0,1000.0,-999.9914969832913,34.842230172529085,-0.05639844196865742,0.043199695645984186,False,True
speed_1300rpm__torque_1000Nm__temperature_35degC,train,Bw,1300.0,1000.0,999.7826797970654,35.03628126253845,0.02566241713642016,0.04223935926601279,False,True
speed_1300rpm__torque_100Nm__temperature_25degC,train,Fw,1300.0,100.0,-100.03013561096232,25.194194195532965,-0.027066370410172416,0.04340469319769133,False,True
speed_1300rpm__torque_100Nm__temperature_25degC,train,Bw,1300.0,100.0,99.97179588153725,26.004697385140105,-0.010861205834351401,0.04106761783884586,False,True
speed_1300rpm__torque_100Nm__temperature_30degC,train,Fw,1300.0,100.0,-100.23405624612602,30.66926374214257,-0.02450480594362956,0.04170488048828783,False,True
speed_1300rpm__torque_100Nm__temperature_30degC,train,Bw,1300.0,100.0,99.81570208316604,31.0449411528688,-0.008029710102813585,0.040506403897583906,False,True
speed_1300rpm__torque_100Nm__temperature_35degC,train,Fw,1300.0,100.0,-99.96533513435853,35.3749525210646,-0.025771256126517938,0.04167934983144381,False,True
speed_1300rpm__torque_100Nm__temperature_35degC,train,Bw,1300.0,100.0,100.10221079607435,35.554906707684076,-0.007744284539434593,0.04067367977540985,False,True
speed_1300rpm__torque_1100Nm__temperature_25degC,train,Fw,1300.0,1100.0,-1100.1510381921817,25.735133743480006,-0.06116239683495158,0.04524960803845954,False,True
speed_1300rpm__torque_1100Nm__temperature_25degC,train,Bw,1300.0,1100.0,1099.968166414167,26.283099505149124,0.025220354589095346,0.042273133167639365,False,True
speed_1300rpm__torque_1100Nm__temperature_30degC,train,Fw,1300.0,1100.0,-1100.1316169788768,32.274949846195,-0.06105621251388431,0.04502059477939915,False,True
speed_1300rpm__torque_1100Nm__temperature_30degC,train,Bw,1300.0,1100.0,1099.864190917874,32.741645044804066,0.027464233940976728,0.04300636859659462,False,True
speed_1300rpm__torque_1200Nm__temperature_25degC,train,Fw,1300.0,1200.0,-1200.0746693667904,28.190472783201816,-0.0644727755931303,0.04459993810240428,False,True
speed_1300rpm__torque_1200Nm__temperature_25degC,train,Bw,1300.0,1200.0,1200.1065782067174,28.669570683429182,0.028782923251039625,0.04455805445797135,False,True
speed_1300rpm__torque_1200Nm__temperature_35degC,train,Fw,1300.0,1200.0,-1200.0666848156277,34.71105724220944,-0.06378112834522727,0.0451733409941062,False,True
speed_1300rpm__torque_1200Nm__temperature_35degC,train,Bw,1300.0,1200.0,1199.7934833008492,34.933281396281934,0.03352614323991829,0.044483642819248985,False,True
speed_1300rpm__torque_1300Nm__temperature_25degC,train,Fw,1300.0,1300.0,-1299.7061882934836,27.6624802728367,-0.06841092537013846,0.04564842209252084,False,True
speed_1300rpm__torque_1300Nm__temperature_25degC,train,Bw,1300.0,1300.0,1299.941859680641,28.23403570950916,0.03251452095281959,0.04554917725127435,False,True
speed_1300rpm__torque_1300Nm__temperature_30degC,train,Fw,1300.0,1300.0,-1299.9622953819753,30.038929383442557,-0.06787298618797888,0.047437768016187376,False,True
speed_1300rpm__torque_1300Nm__temperature_30degC,train,Bw,1300.0,1300.0,1300.0146973943001,30.542184031028487,0.031812444941758444,0.0469363284157749,False,True
speed_1300rpm__torque_1400Nm__temperature_25degC,train,Fw,1300.0,1400.0,-1400.093066097661,27.753975524943154,-0.07181275506728031,0.04711855616909438,False,True
speed_1300rpm__torque_1400Nm__temperature_25degC,train,Bw,1300.0,1400.0,1399.9058854807329,28.510217333155012,0.03554504899541479,0.04406097656613039,False,True
speed_1300rpm__torque_1400Nm__temperature_30degC,train,Fw,1300.0,1400.0,-1400.1664647256307,31.18023204493781,-0.0712209213569807,0.04711612955579105,False,True
speed_1300rpm__torque_1400Nm__temperature_30degC,train,Bw,1300.0,1400.0,1400.0652610974714,31.4649311221078,0.03642920614591791,0.04503333320663878,False,True
speed_1300rpm__torque_1400Nm__temperature_35degC,train,Fw,1300.0,1400.0,-1399.9655165263512,35.0351190316972,-0.07120194537714039,0.04433244259797662,False,True
speed_1300rpm__torque_1400Nm__temperature_35degC,train,Bw,1300.0,1400.0,1399.9825736692521,35.27912598635817,0.04074751102270448,0.04586050598346582,False,True
speed_1300rpm__torque_1500Nm__temperature_25degC,train,Fw,1300.0,1500.0,-1499.9280588439049,26.387595292229506,-0.07087014148949738,0.0446728068510991,False,True
speed_1300rpm__torque_1500Nm__temperature_25degC,train,Bw,1300.0,1500.0,1499.8085077116036,26.901055236057243,0.04156664510408959,0.04564980769511205,False,True
speed_1300rpm__torque_1500Nm__temperature_30degC,train,Fw,1300.0,1500.0,-1500.171018265396,31.965392537113814,-0.07420094890176182,0.04479111689615803,False,True
speed_1300rpm__torque_1500Nm__temperature_30degC,train,Bw,1300.0,1500.0,1500.000650278222,32.27472248227899,0.04117727193201625,0.043585890286922946,False,True
speed_1300rpm__torque_1500Nm__temperature_35degC,train,Fw,1300.0,1500.0,-1499.8915439081236,34.87338972850074,-0.07448011328296406,0.04497283138479412,False,True
speed_1300rpm__torque_1500Nm__temperature_35degC,train,Bw,1300.0,1500.0,1499.9792020899083,35.251198341580846,0.0436685582610946,0.04678261157109462,False,True
speed_1300rpm__torque_1600Nm__temperature_25degC,train,Fw,1300.0,1600.0,-1600.1516837590325,26.468783603049353,-0.07442585149859275,0.04498808644653544,False,True
speed_1300rpm__torque_1600Nm__temperature_25degC,train,Bw,1300.0,1600.0,1599.79604760665,27.049932459542593,0.04496277586333366,0.04578857578521171,False,True
speed_1300rpm__torque_1600Nm__temperature_30degC,train,Fw,1300.0,1600.0,-1599.9299432173752,32.765913863438776,-0.07841093493191853,0.04613430860253168,False,True
speed_1300rpm__torque_1600Nm__temperature_30degC,train,Bw,1300.0,1600.0,1599.952126672407,33.0223893272703,0.04441534689794018,0.04560165831653308,False,True
speed_1300rpm__torque_1600Nm__temperature_35degC,train,Fw,1300.0,1600.0,-1600.0238406269923,35.23106065672441,-0.07829737803615915,0.04668993978801635,False,True
speed_1300rpm__torque_1600Nm__temperature_35degC,train,Bw,1300.0,1600.0,1599.0110435157658,35.42545472783202,0.04814318221409241,0.04516563273653394,False,True
speed_1300rpm__torque_1700Nm__temperature_25degC,train,Fw,1300.0,1700.0,-1700.077625333075,26.03279055771031,-0.07819136592621999,0.045522817719794564,False,True
speed_1300rpm__torque_1700Nm__temperature_25degC,train,Bw,1300.0,1700.0,1700.334167333766,26.700171191654405,0.04845955622392436,0.046256476396916615,False,True
speed_1300rpm__torque_1700Nm__temperature_30degC,train,Fw,1300.0,1700.0,-1699.9091697405634,30.418052694931124,-0.08283687313530746,0.046205376792301786,False,True
speed_1300rpm__torque_1700Nm__temperature_30degC,train,Bw,1300.0,1700.0,1700.2257783987877,31.0399277785208,0.0480729508194712,0.04885876138770327,False,True
speed_1300rpm__torque_1700Nm__temperature_35degC,train,Fw,1300.0,1700.0,-1700.0359975512022,35.34118095492845,-0.08251805161886042,0.04785313995710884,False,True
speed_1300rpm__torque_1700Nm__temperature_35degC,train,Bw,1300.0,1700.0,1699.8757173845527,35.574919085194594,0.0513232489060117,0.048241949534080064,False,True
speed_1300rpm__torque_1800Nm__temperature_25degC,train,Fw,1300.0,1800.0,-1800.4152776086269,26.296118764210245,-0.08143949332150179,0.04643783490637187,False,True
speed_1300rpm__torque_1800Nm__temperature_25degC,train,Bw,1300.0,1800.0,1800.146800252074,26.94814284758911,0.0521394780828906,0.046488803081409055,False,True
speed_1300rpm__torque_1800Nm__temperature_35degC,train,Fw,1300.0,1800.0,-1800.2229843353928,35.55661695867327,-0.08594242829407094,0.04657614458816331,False,True
speed_1300rpm__torque_1800Nm__temperature_35degC,train,Bw,1300.0,1800.0,1799.8577400268537,35.78481944630199,0.05515697569289336,0.050021752520055446,False,True
speed_1300rpm__torque_200Nm__temperature_25degC,train,Fw,1300.0,200.0,-200.13778997612332,26.252141901832285,-0.030942862923000605,0.04076721560537687,False,True
speed_1300rpm__torque_200Nm__temperature_25degC,train,Bw,1300.0,200.0,199.91573393257102,26.861316704560654,-0.0068868967839041855,0.042527387337047834,False,True
speed_1300rpm__torque_200Nm__temperature_30degC,train,Fw,1300.0,200.0,-200.03560320553302,31.939340644643575,-0.028189875032046587,0.04248438092536301,False,True
speed_1300rpm__torque_200Nm__temperature_30degC,train,Bw,1300.0,200.0,199.78171632059176,32.2975397886853,-0.00431893766103892,0.040502313317915206,False,True
speed_1300rpm__torque_300Nm__temperature_30degC,train,Fw,1300.0,300.0,-300.006164704359,32.708075971376985,-0.03187248543450595,0.04168769448116428,False,True
speed_1300rpm__torque_300Nm__temperature_30degC,train,Bw,1300.0,300.0,299.88262601729707,32.97219205563729,-0.0006550635671534726,0.04140581211960692,False,True
speed_1300rpm__torque_400Nm__temperature_25degC,train,Fw,1300.0,400.0,-399.99356624737965,27.69082653470643,-0.008495987988958604,0.0872731332935611,False,True
speed_1300rpm__torque_400Nm__temperature_25degC,train,Bw,1300.0,400.0,399.8467074600891,28.42675070215327,-0.02899004076598225,0.08614604982654109,False,True
speed_1300rpm__torque_400Nm__temperature_30degC,train,Fw,1300.0,400.0,-400.0647940609534,30.09526548080781,-0.03642965664703604,0.04240295228868554,False,True
speed_1300rpm__torque_400Nm__temperature_30degC,train,Bw,1300.0,400.0,399.9509071374736,30.47527751772101,0.002942326408093305,0.03897601841751777,False,True
speed_1300rpm__torque_400Nm__temperature_35degC,train,Fw,1300.0,400.0,-399.99508750905835,35.1900822522402,-0.03678019310194651,0.04226759697039907,False,True
speed_1300rpm__torque_400Nm__temperature_35degC,train,Bw,1300.0,400.0,400.02878805676914,35.59601176942624,0.0043859465276542605,0.03965399745667924,False,True
speed_1300rpm__torque_500Nm__temperature_25degC,train,Fw,1300.0,500.0,-499.994981937809,27.268138959475724,-0.011526959048121645,0.08905554811317956,False,True
speed_1300rpm__torque_500Nm__temperature_25degC,train,Bw,1300.0,500.0,499.88561277395786,27.974415540992375,-0.025028334564827965,0.08495927167563816,False,True
speed_1300rpm__torque_500Nm__temperature_30degC,train,Fw,1300.0,500.0,-500.2341112765906,31.88933328875217,-0.039133782912950145,0.04230191103239542,False,True
speed_1300rpm__torque_500Nm__temperature_30degC,train,Bw,1300.0,500.0,499.8806334378503,32.36835963621773,0.0065170064931737255,0.041071809814190695,False,True
speed_1300rpm__torque_500Nm__temperature_35degC,train,Fw,1300.0,500.0,-499.9849009963461,36.120015380500206,-0.040259252739561234,0.042087343623291196,False,True
speed_1300rpm__torque_500Nm__temperature_35degC,train,Bw,1300.0,500.0,500.11761861607397,36.4600207302394,0.008264352661961802,0.04122739969230645,False,True
speed_1300rpm__torque_600Nm__temperature_30degC,train,Fw,1300.0,600.0,-600.1523370744073,31.085885381837638,-0.0429323627488682,0.0445147407141221,False,True
speed_1300rpm__torque_600Nm__temperature_30degC,train,Bw,1300.0,600.0,599.902457239901,31.55272903570951,0.009745384525389611,0.04031121006543936,False,True
speed_1300rpm__torque_600Nm__temperature_35degC,train,Fw,1300.0,600.0,-599.9806101379252,35.305637287682224,-0.04447696677131304,0.04334240634647635,False,True
speed_1300rpm__torque_600Nm__temperature_35degC,train,Bw,1300.0,600.0,600.0453611505525,35.660425972983816,0.011057501413430792,0.04206920457562868,False,True
speed_1300rpm__torque_700Nm__temperature_25degC,train,Fw,1300.0,700.0,-700.4596178777495,27.963890597833352,-0.046423776653717934,0.04686181743901717,False,True
speed_1300rpm__torque_700Nm__temperature_25degC,train,Bw,1300.0,700.0,699.8471536008017,28.685657727546314,0.011891189181986674,0.04181404080707109,False,True
speed_1300rpm__torque_700Nm__temperature_30degC,train,Fw,1300.0,700.0,-700.3244529262143,30.462436806205694,-0.047544967224503035,0.04320757256547054,False,True
speed_1300rpm__torque_700Nm__temperature_30degC,train,Bw,1300.0,700.0,699.929633890657,30.840781782919816,0.013194129552475472,0.040675485514211365,False,True
speed_1300rpm__torque_700Nm__temperature_35degC,train,Fw,1300.0,700.0,-699.9562414983576,34.526941955329676,-0.04583567773151169,0.04449931283844338,False,True
speed_1300rpm__torque_700Nm__temperature_35degC,train,Bw,1300.0,700.0,699.8149610139188,34.58028489266368,0.013196911391990748,0.04057051510224195,False,True
speed_1300rpm__torque_800Nm__temperature_30degC,train,Fw,1300.0,800.0,-800.0394440883459,32.218224555302925,-0.050397571913467394,0.04269641099603033,False,True
speed_1300rpm__torque_800Nm__temperature_30degC,train,Bw,1300.0,800.0,799.8985970267707,32.68597298381704,0.016684899735787267,0.044415171991343726,False,True
speed_1300rpm__torque_800Nm__temperature_35degC,train,Fw,1300.0,800.0,-799.8285112142468,34.69294436271232,-0.04911621581451405,0.045197302889934676,False,True
speed_1300rpm__torque_800Nm__temperature_35degC,train,Bw,1300.0,800.0,799.9365775029479,34.89195746672908,0.01765019274421641,0.043005336907706596,False,True
speed_1300rpm__torque_900Nm__temperature_25degC,train,Fw,1300.0,900.0,-899.9696783766288,27.284927778520796,-0.0531943668723389,0.04529784330076778,False,True
speed_1300rpm__torque_900Nm__temperature_25degC,train,Bw,1300.0,900.0,900.0720991468927,28.005754981944627,0.018354598433727165,0.04144850083774527,False,True
speed_1300rpm__torque_900Nm__temperature_30degC,train,Fw,1300.0,900.0,-899.984997076023,31.000813883501642,-0.05451571265371913,0.04271128214955494,False,True
speed_1300rpm__torque_900Nm__temperature_30degC,train,Bw,1300.0,900.0,899.8260069167508,31.578303463956132,0.019974959123511004,0.0412937191663594,False,True
speed_1300rpm__torque_900Nm__temperature_35degC,train,Fw,1300.0,900.0,-899.906814213956,34.77724603758443,-0.05288604685125025,0.04478374289004901,False,True
speed_1300rpm__torque_900Nm__temperature_35degC,train,Bw,1300.0,900.0,899.8695672431245,34.93857897552494,0.021800265471241146,0.04149160037627471,False,True
speed_1400rpm__torque_0Nm__temperature_30degC,train,Fw,1400.0,0.0,-0.009673717505702685,30.011927979834354,-0.019942833668585108,0.03935022383402656,True,True
speed_1400rpm__torque_0Nm__temperature_30degC,train,Bw,1400.0,0.0,-0.10955535039327748,30.33683975513144,-0.01113460818109586,0.040712141325289476,True,True
speed_1400rpm__torque_0Nm__temperature_35degC,train,Fw,1400.0,0.0,0.0848052984739787,34.739312207418074,-0.016390402963211276,0.03942233199535797,True,True
speed_1400rpm__torque_0Nm__temperature_35degC,train,Bw,1400.0,0.0,-0.0847068382847543,34.897851638458775,-0.00782694055131362,0.04094910186971554,True,True
speed_1400rpm__torque_1000Nm__temperature_25degC,train,Fw,1400.0,1000.0,-1000.2055535068537,27.88176292668875,-0.056231869137757066,0.04529707651137362,False,True
speed_1400rpm__torque_1000Nm__temperature_25degC,train,Bw,1400.0,1000.0,999.6138641186113,28.522835949877575,0.021927583510935014,0.042376232647680284,False,True
speed_1400rpm__torque_1000Nm__temperature_30degC,train,Fw,1400.0,1000.0,-1000.0352754410884,32.68303925099028,-0.057885832258238686,0.044010223616633176,False,True
speed_1400rpm__torque_1000Nm__temperature_30degC,train,Bw,1400.0,1000.0,999.835302671721,33.36491790292381,0.023443017545084665,0.042111169954820935,False,True
speed_1400rpm__torque_1000Nm__temperature_35degC,train,Fw,1400.0,1000.0,-999.817791232369,34.57151746489017,-0.05813260961226333,0.045694241093238906,False,True
speed_1400rpm__torque_1000Nm__temperature_35degC,train,Bw,1400.0,1000.0,1000.0349672153977,34.861599452686164,0.024971453511021688,0.04460610760120964,False,True
speed_1400rpm__torque_100Nm__temperature_25degC,train,Fw,1400.0,100.0,-100.005549552134,26.805697825147632,-0.026329989708852856,0.043507974801585754,False,True
speed_1400rpm__torque_100Nm__temperature_25degC,train,Bw,1400.0,100.0,101.11271785665758,27.586691631859427,-0.010387144933534594,0.04324485340531288,False,True
speed_1400rpm__torque_100Nm__temperature_30degC,train,Fw,1400.0,100.0,-100.17587735778949,30.14950597724327,-0.025926530154954573,0.04160963723173671,False,True
speed_1400rpm__torque_100Nm__temperature_30degC,train,Bw,1400.0,100.0,99.88932078085762,30.647693914296003,-0.00877042955510989,0.040752609359590124,False,True
speed_1400rpm__torque_100Nm__temperature_35degC,train,Fw,1400.0,100.0,-100.02399864482481,34.65365692063949,-0.024555156445965495,0.04314152316834559,False,True
speed_1400rpm__torque_100Nm__temperature_35degC,train,Bw,1400.0,100.0,100.03636705823847,34.690224702916815,-0.00852825990523289,0.0403936600585277,False,True
speed_1400rpm__torque_1100Nm__temperature_25degC,train,Fw,1400.0,1100.0,-1100.1969469944854,27.07178093043353,-0.05992868747343956,0.04598151271560095,False,True
speed_1400rpm__torque_1100Nm__temperature_25degC,train,Bw,1400.0,1100.0,1099.9953305064985,27.915055451533917,0.02492325877358124,0.043588030250420164,False,True
speed_1400rpm__torque_1100Nm__temperature_30degC,train,Fw,1400.0,1100.0,-1100.1119208928274,31.837243068059056,-0.06256644564760967,0.046280893601208406,False,True
speed_1400rpm__torque_1100Nm__temperature_30degC,train,Bw,1400.0,1100.0,1099.9204329303504,32.44116160161313,0.027431727148075492,0.04248983951890108,False,True
speed_1400rpm__torque_1200Nm__temperature_25degC,train,Fw,1400.0,1200.0,-1200.124219513901,26.084285920057617,-0.06526274762575286,0.04579356768023672,False,True
speed_1400rpm__torque_1200Nm__temperature_25degC,train,Bw,1400.0,1200.0,1199.5981059260803,26.815838974506697,0.028330456039266427,0.04406504747908094,False,True
speed_1400rpm__torque_1200Nm__temperature_30degC,train,Fw,1400.0,1200.0,-1200.1870303519734,30.112735325891247,-0.06474035298791518,0.0471345552549899,False,True
speed_1400rpm__torque_1200Nm__temperature_30degC,train,Bw,1400.0,1200.0,1199.8649246092434,30.867931009650004,0.029801638701663257,0.042699920019773976,False,True
speed_1400rpm__torque_1200Nm__temperature_35degC,train,Fw,1400.0,1200.0,-1199.9777929593656,35.07659441163762,-0.06505009556268407,0.04785189301794887,False,True
speed_1400rpm__torque_1200Nm__temperature_35degC,train,Bw,1400.0,1200.0,1199.953894360373,35.37471770128187,0.03256699950361205,0.04378978163397676,False,True
speed_1400rpm__torque_1300Nm__temperature_30degC,train,Fw,1400.0,1300.0,-1300.0919475827388,32.65936338758462,-0.06713820121981703,0.047343049406532514,False,True
speed_1400rpm__torque_1300Nm__temperature_30degC,train,Bw,1400.0,1300.0,1299.8216956995464,33.10876773496579,0.034176089115181434,0.046483470750904726,False,True
speed_1400rpm__torque_1300Nm__temperature_35degC,train,Fw,1400.0,1300.0,-1299.8272786991372,35.30575399683134,-0.06854927345755189,0.04527703548274982,False,True
speed_1400rpm__torque_1300Nm__temperature_35degC,train,Bw,1400.0,1300.0,1299.9863993344718,35.64349560708627,0.03620139639888835,0.044980121566850155,False,True
speed_1400rpm__torque_1400Nm__temperature_30degC,train,Fw,1400.0,1400.0,-1400.1412016676154,31.11022396658505,-0.07115933920966466,0.04791794448289236,False,True
speed_1400rpm__torque_1400Nm__temperature_30degC,train,Bw,1400.0,1400.0,1400.000169337992,31.794607518363822,0.037199505917304934,0.043686886002758926,False,True
speed_1400rpm__torque_1500Nm__temperature_30degC,train,Fw,1400.0,1500.0,-1500.0277527227158,30.206945844735706,-0.07566518828461878,0.04815336316840125,False,True
speed_1400rpm__torque_1500Nm__temperature_30degC,train,Bw,1400.0,1500.0,1500.0689206936997,30.596813827871806,0.041542600437813715,0.044623040075581974,False,True
speed_1400rpm__torque_1600Nm__temperature_25degC,train,Fw,1400.0,1600.0,-1600.3451810933218,24.788829756589372,-0.07579826110354272,0.044858077956383094,False,True
speed_1400rpm__torque_1600Nm__temperature_25degC,train,Bw,1400.0,1600.0,1599.9658522566908,25.318018005041406,0.044273893662998984,0.04617433581755125,False,True
speed_1400rpm__torque_1600Nm__temperature_30degC,train,Fw,1400.0,1600.0,-1599.9974099940393,32.597636468385424,-0.07806782177054913,0.04911885286372308,False,True
speed_1400rpm__torque_1600Nm__temperature_30degC,train,Bw,1400.0,1600.0,1599.336725982398,33.096754284891254,0.04483105885855658,0.04486519843981687,False,True
speed_1400rpm__torque_1600Nm__temperature_35degC,train,Fw,1400.0,1600.0,-1599.8104435728278,35.96077848192424,-0.07952401896079854,0.047565033250752314,False,True
speed_1400rpm__torque_1600Nm__temperature_35degC,train,Bw,1400.0,1600.0,1599.4419205953707,36.19206250900187,0.047735906928501715,0.04486818487420324,False,True
speed_1400rpm__torque_1700Nm__temperature_25degC,train,Fw,1400.0,1700.0,-1700.501305267513,25.209942388016707,-0.0792333034506767,0.04538541245483281,False,True
speed_1400rpm__torque_1700Nm__temperature_25degC,train,Bw,1400.0,1700.0,1698.8243988698935,25.65978971626098,0.04805108131376518,0.046478597861447465,False,True
speed_1400rpm__torque_1700Nm__temperature_30degC,train,Fw,1400.0,1700.0,-1700.237428748812,32.44295405444333,-0.08250257549825248,0.04859888719140378,False,True
speed_1400rpm__torque_1700Nm__temperature_30degC,train,Bw,1400.0,1700.0,1699.9448081407047,33.02648782946852,0.048143257651721345,0.04579757548192416,False,True
speed_1400rpm__torque_1800Nm__temperature_25degC,train,Fw,1400.0,1800.0,-1799.8331308055813,25.311098948581307,-0.08255006717931912,0.046596955513557754,False,True
speed_1400rpm__torque_1800Nm__temperature_25degC,train,Bw,1400.0,1800.0,1799.5030569537394,25.75496975370877,0.05205253630481068,0.04705451741004219,False,True
speed_1400rpm__torque_1800Nm__temperature_30degC,train,Fw,1400.0,1800.0,-1799.9912216459884,31.478535830032406,-0.0859861587183583,0.04915090691740185,False,True
speed_1400rpm__torque_1800Nm__temperature_30degC,train,Bw,1400.0,1800.0,1800.2790141091436,32.26082385136108,0.05161665146510212,0.04760923588594792,False,True
speed_1400rpm__torque_200Nm__temperature_30degC,train,Fw,1400.0,200.0,-200.49132765773118,32.61746939363388,-0.028600407566242308,0.04096985898022654,False,True
speed_1400rpm__torque_200Nm__temperature_30degC,train,Bw,1400.0,200.0,200.350414225454,33.14998415670459,-0.004653776983109267,0.04084351784050676,False,True
speed_1400rpm__torque_200Nm__temperature_35degC,train,Fw,1400.0,200.0,-200.13991024451934,34.72405012242547,-0.028526076954703633,0.04140882545894145,False,True
speed_1400rpm__torque_200Nm__temperature_35degC,train,Bw,1400.0,200.0,199.75121086988736,34.85844364422038,-0.004605255596318459,0.04278965295852034,False,True
speed_1400rpm__torque_300Nm__temperature_35degC,train,Fw,1400.0,300.0,-300.75641136870007,34.83207778177889,-0.03205801832336822,0.04196958305951015,False,True
speed_1400rpm__torque_300Nm__temperature_35degC,train,Bw,1400.0,300.0,299.9977279530909,35.04754267194814,-0.0005306769119789692,0.04122161512336285,False,True
speed_1400rpm__torque_400Nm__temperature_25degC,train,Fw,1400.0,400.0,-400.00919840685276,25.63555203456968,-0.005848692178091864,0.0900034358090486,False,True
speed_1400rpm__torque_400Nm__temperature_25degC,train,Bw,1400.0,400.0,399.83851463703724,26.302526285467376,-0.030913817927673524,0.0886084812034064,False,True
speed_1400rpm__torque_400Nm__temperature_30degC,train,Fw,1400.0,400.0,-399.9404309334238,31.38486928339935,-0.036820999178537483,0.04231215661578413,False,True
speed_1400rpm__torque_400Nm__temperature_30degC,train,Bw,1400.0,400.0,400.06431881238575,32.12681405732393,0.0016239128127116976,0.04039162458536088,False,True
speed_1400rpm__torque_400Nm__temperature_35degC,train,Fw,1400.0,400.0,-400.1274908709363,34.5021505221462,-0.03665211257483768,0.0427396305739859,False,True
speed_1400rpm__torque_400Nm__temperature_35degC,train,Bw,1400.0,400.0,399.9361548003577,34.67511738441596,0.0028173891207039425,0.04104390119920198,False,True
speed_1400rpm__torque_500Nm__temperature_25degC,train,Fw,1400.0,500.0,-500.2333136226447,25.939078141879726,-0.04040675877320456,0.044232067755726454,False,True
speed_1400rpm__torque_500Nm__temperature_25degC,train,Bw,1400.0,500.0,499.83927077222484,26.61857626386288,0.004254883933938552,0.040531404739562855,False,True
speed_1400rpm__torque_500Nm__temperature_35degC,train,Fw,1400.0,500.0,-499.925255517906,35.04466152959816,-0.040127663558446824,0.04155938306557753,False,True
speed_1400rpm__torque_500Nm__temperature_35degC,train,Bw,1400.0,500.0,499.7925617065372,35.522825147630705,0.007290965748188171,0.0418643425753963,False,True
speed_1400rpm__torque_600Nm__temperature_30degC,train,Fw,1400.0,600.0,-600.0153478929843,30.079135820250613,-0.04358684055298897,0.04549632055986151,False,True
speed_1400rpm__torque_600Nm__temperature_30degC,train,Bw,1400.0,600.0,599.8592179741954,30.788752700561716,0.008097285240722214,0.042163451307707885,False,True
speed_1400rpm__torque_600Nm__temperature_35degC,train,Fw,1400.0,600.0,-599.8372904560364,35.03286547601901,-0.043921954320749045,0.04352074633926471,False,True
speed_1400rpm__torque_600Nm__temperature_35degC,train,Bw,1400.0,600.0,599.8866478238035,35.485191559844445,0.010756108837755043,0.041287857008573126,False,True
speed_1400rpm__torque_700Nm__temperature_25degC,train,Fw,1400.0,700.0,-699.9046427019216,27.13645902347688,-0.04577042471626003,0.04358452330884574,False,True
speed_1400rpm__torque_700Nm__temperature_25degC,train,Bw,1400.0,700.0,699.8158535665017,27.55945772720726,0.012322009877271764,0.04125497406651858,False,True
speed_1400rpm__torque_700Nm__temperature_30degC,train,Fw,1400.0,700.0,-699.894263750192,31.9484444764511,-0.046912539878652806,0.04567415557318422,False,True
speed_1400rpm__torque_700Nm__temperature_30degC,train,Bw,1400.0,700.0,699.9608113244086,32.385763358778625,0.012476832222413714,0.04134423823588,False,True
speed_1400rpm__torque_700Nm__temperature_35degC,train,Fw,1400.0,700.0,-700.0743790454417,35.758345815929715,-0.047490125019230674,0.04336677491372595,False,True
speed_1400rpm__torque_700Nm__temperature_35degC,train,Bw,1400.0,700.0,699.8837336378268,36.1278444364422,0.01426715529589194,0.040532546112296286,False,True
speed_1400rpm__torque_800Nm__temperature_30degC,train,Fw,1400.0,800.0,-799.9688078892535,32.356115512026506,-0.051145734399763644,0.04420629599024293,False,True
speed_1400rpm__torque_800Nm__temperature_30degC,train,Bw,1400.0,800.0,799.9924099947131,32.775433201296366,0.01616782611762806,0.04274200750946777,False,True
speed_1400rpm__torque_900Nm__temperature_25degC,train,Fw,1400.0,900.0,-899.6494825096136,27.18191847904364,-0.05304003490868853,0.04519220648452906,False,True
speed_1400rpm__torque_900Nm__temperature_25degC,train,Bw,1400.0,900.0,900.0006265549998,27.58228519985596,0.018652088945718036,0.04247683410562195,False,True
speed_1400rpm__torque_900Nm__temperature_35degC,train,Fw,1400.0,900.0,-900.0360429175354,34.69075183638196,-0.05398826353162474,0.04489671439015599,False,True
speed_1400rpm__torque_900Nm__temperature_35degC,train,Bw,1400.0,900.0,899.9874508061146,35.05422470291682,0.021719208169801555,0.04260348466771581,False,True
speed_1500rpm__torque_0Nm__temperature_30degC,train,Fw,1500.0,0.0,-0.34685873002624434,29.860541666666666,-0.019856725638616294,0.04131188615852801,True,True
speed_1500rpm__torque_0Nm__temperature_30degC,train,Bw,1500.0,0.0,-0.11007251619425824,29.856083333333334,-0.01095222459897424,0.043731688835695816,True,True
speed_1500rpm__torque_0Nm__temperature_35degC,train,Fw,1500.0,0.0,-0.1089322584131079,34.76352854938271,-0.01596875775840198,0.04184629664267041,True,True
speed_1500rpm__torque_0Nm__temperature_35degC,train,Bw,1500.0,0.0,-0.05343640491614109,34.95755555555556,-0.007569436230101692,0.04353466133673166,True,True
speed_1500rpm__torque_1000Nm__temperature_25degC,train,Fw,1500.0,1000.0,-1000.1376083971542,25.12765740740741,-0.05360569633706523,0.04595224227625494,False,True
speed_1500rpm__torque_1000Nm__temperature_25degC,train,Bw,1500.0,1000.0,1000.4708293972739,25.566760802469133,0.024181791424755412,0.04657676546653268,False,True
speed_1500rpm__torque_1000Nm__temperature_35degC,train,Fw,1500.0,1000.0,-1001.2096374491115,35.379502314814815,-0.05820147518242735,0.04430321666064638,False,True
speed_1500rpm__torque_1000Nm__temperature_35degC,train,Bw,1500.0,1000.0,999.8787925606628,35.78865586419753,0.024355047314444482,0.0458506918996714,False,True
speed_1500rpm__torque_100Nm__temperature_25degC,train,Fw,1500.0,100.0,-100.04240818965582,25.266300925925925,-0.025783225479432816,0.04245093506482318,False,True
speed_1500rpm__torque_100Nm__temperature_25degC,train,Bw,1500.0,100.0,99.91760539909356,26.076564814814816,-0.010431713281576317,0.04393289176155336,False,True
speed_1500rpm__torque_100Nm__temperature_35degC,train,Fw,1500.0,100.0,-100.00217304921445,34.728972993827156,-0.024309260253690387,0.0430566093167935,False,True
speed_1500rpm__torque_100Nm__temperature_35degC,train,Bw,1500.0,100.0,100.04480334509903,34.88835108024691,-0.008301438580121374,0.04300090380642003,False,True
speed_1500rpm__torque_1100Nm__temperature_30degC,train,Fw,1500.0,1100.0,-1100.2513808416732,32.13877160493827,-0.06220447281308957,0.04553752123793548,False,True
speed_1500rpm__torque_1100Nm__temperature_30degC,train,Bw,1500.0,1100.0,1099.7642701141715,32.76755324074074,0.027504690038667443,0.04698308081575823,False,True
speed_1500rpm__torque_1200Nm__temperature_25degC,train,Fw,1500.0,1200.0,-1200.134662952688,25.193429783950616,-0.06061154967926302,0.04630295456397931,False,True
speed_1500rpm__torque_1200Nm__temperature_25degC,train,Bw,1500.0,1200.0,1199.3691054926942,25.78132484567901,0.03151252242719571,0.04693952387845404,False,True
speed_1500rpm__torque_1200Nm__temperature_35degC,train,Fw,1500.0,1200.0,-1199.652088166755,35.24266358024691,-0.06555810644379731,0.04622492835259255,False,True
speed_1500rpm__torque_1200Nm__temperature_35degC,train,Bw,1500.0,1200.0,1199.92428555366,35.98820138888889,0.03209355086874285,0.046189654013760996,False,True
speed_1500rpm__torque_1300Nm__temperature_30degC,train,Fw,1500.0,1300.0,-1300.2884782605245,29.783616791419092,-0.06823550149030429,0.046609219990823174,False,True
speed_1500rpm__torque_1300Nm__temperature_30degC,train,Bw,1500.0,1300.0,1299.9945202352917,30.366023919753086,0.0338982261868832,0.04644387194662653,False,True
speed_1500rpm__torque_1300Nm__temperature_35degC,train,Fw,1500.0,1300.0,-1299.9176663381081,36.340726851851855,-0.06918127031000937,0.046864359950002876,False,True
speed_1500rpm__torque_1300Nm__temperature_35degC,train,Bw,1500.0,1300.0,1299.0608228929639,36.869091820987656,0.035702306055322534,0.04711407858543515,False,True
speed_1500rpm__torque_1500Nm__temperature_25degC,train,Fw,1500.0,1500.0,-1500.097544785635,25.416591049382717,-0.07203150554454707,0.04779171509168141,False,True
speed_1500rpm__torque_1500Nm__temperature_25degC,train,Bw,1500.0,1500.0,1500.3639181152942,25.86411959876543,0.039516687421395455,0.052295694545194116,False,True
speed_1500rpm__torque_1500Nm__temperature_30degC,train,Fw,1500.0,1500.0,-1499.6679529547691,31.282652006172842,-0.07464769224939348,0.0470651851757811,False,True
speed_1500rpm__torque_1500Nm__temperature_30degC,train,Bw,1500.0,1500.0,1499.6370609830958,31.959812499999998,0.040727569248322645,0.047914715904583204,False,True
speed_1500rpm__torque_1500Nm__temperature_35degC,train,Fw,1500.0,1500.0,-1499.982002671854,34.440008487654325,-0.07468621441667245,0.046809628192754686,False,True
speed_1500rpm__torque_1500Nm__temperature_35degC,train,Bw,1500.0,1500.0,1500.0577817797373,34.77068132716049,0.04194653845765113,0.04857566310782631,False,True
speed_1500rpm__torque_1600Nm__temperature_35degC,train,Fw,1500.0,1600.0,-1599.9160349920944,34.51207098765432,-0.07841434708042357,0.048024571607628685,False,True
speed_1500rpm__torque_1600Nm__temperature_35degC,train,Bw,1500.0,1600.0,1599.9484795969606,34.925660493827166,0.045988031367366504,0.0496855347121032,False,True
speed_1500rpm__torque_1700Nm__temperature_35degC,train,Fw,1500.0,1700.0,-1699.6801674365997,34.796289351851854,-0.08206615148474171,0.04613080993355452,False,True
speed_1500rpm__torque_1700Nm__temperature_35degC,train,Bw,1500.0,1700.0,1699.4861542566007,35.249016203703704,0.04988995335927541,0.049240076918223366,False,True
speed_1500rpm__torque_1800Nm__temperature_25degC,train,Fw,1500.0,1800.0,-1800.5400131146114,26.15127160493827,-0.08254572953148812,0.05129644440133048,False,True
speed_1500rpm__torque_1800Nm__temperature_25degC,train,Bw,1500.0,1800.0,1800.4505465965126,26.64678163580247,0.05162171757362955,0.055815536115582425,False,True
speed_1500rpm__torque_200Nm__temperature_25degC,train,Fw,1500.0,200.0,-200.2647367708477,25.234448302469133,-0.029803428603988113,0.040972602238053074,False,True
speed_1500rpm__torque_200Nm__temperature_25degC,train,Bw,1500.0,200.0,200.06288152799695,25.6348587962963,-0.006794105960380239,0.043427168078662697,False,True
speed_1500rpm__torque_200Nm__temperature_35degC,train,Fw,1500.0,200.0,-199.87369382087095,34.79406327160494,-0.028434428581633326,0.04181654295982032,False,True
speed_1500rpm__torque_200Nm__temperature_35degC,train,Bw,1500.0,200.0,200.20559412337107,34.996381944444444,-0.004563237129577196,0.041549491389174666,False,True
speed_1500rpm__torque_400Nm__temperature_25degC,train,Fw,1500.0,400.0,-399.97449500693216,25.66844598765432,-0.03696219609153471,0.042465114969010204,False,True
speed_1500rpm__torque_400Nm__temperature_25degC,train,Bw,1500.0,400.0,400.1191410343595,26.182844135802473,0.00027650909646655857,0.04436875175770289,False,True
speed_1500rpm__torque_400Nm__temperature_30degC,train,Fw,1500.0,400.0,-400.0866953421522,30.101520833333336,-0.037530213435147,0.04147174250678768,False,True
speed_1500rpm__torque_400Nm__temperature_30degC,train,Bw,1500.0,400.0,399.9005937531379,30.795449845679016,0.0015582268762095732,0.04334844751992542,False,True
speed_1500rpm__torque_400Nm__temperature_35degC,train,Fw,1500.0,400.0,-399.97855029356333,34.920467592592594,-0.03555049828266399,0.04311763888395446,False,True
speed_1500rpm__torque_400Nm__temperature_35degC,train,Bw,1500.0,400.0,399.93936284469737,35.167833333333334,0.0036506576994220683,0.04219978013048831,False,True
speed_1500rpm__torque_500Nm__temperature_35degC,train,Fw,1500.0,500.0,-499.98879276308014,34.84894444444444,-0.03943937287621674,0.043421547032976376,False,True
speed_1500rpm__torque_500Nm__temperature_35degC,train,Bw,1500.0,500.0,499.9015205318886,35.05735185185185,0.007515219444588726,0.042136115951620284,False,True
speed_1500rpm__torque_600Nm__temperature_25degC,train,Fw,1500.0,600.0,-599.9332143384734,25.19930324074074,-0.042616229279085566,0.04331407344610378,False,True
speed_1500rpm__torque_600Nm__temperature_25degC,train,Bw,1500.0,600.0,599.9046034537316,26.033859567901235,0.006209570509282743,0.046300862184938785,False,True
speed_1500rpm__torque_600Nm__temperature_30degC,train,Fw,1500.0,600.0,-599.9745030462007,31.31026388888889,-0.04337564996020566,0.04496745661683567,False,True
speed_1500rpm__torque_600Nm__temperature_30degC,train,Bw,1500.0,600.0,599.7496207624589,31.881886574074073,0.008263303278106243,0.04256830550868788,False,True
speed_1500rpm__torque_600Nm__temperature_35degC,train,Fw,1500.0,600.0,-599.9439212827035,34.713466820987655,-0.042994471464358384,0.043200569019785945,False,True
speed_1500rpm__torque_600Nm__temperature_35degC,train,Bw,1500.0,600.0,599.7787187968893,35.00208487654321,0.011102801043249495,0.04500258403714449,False,True
speed_1500rpm__torque_700Nm__temperature_25degC,train,Fw,1500.0,700.0,-700.0096646907889,25.180714506172844,-0.047278109857089225,0.043867397020595986,False,True
speed_1500rpm__torque_700Nm__temperature_25degC,train,Bw,1500.0,700.0,699.8206660857522,25.62229398148148,0.01004834700104268,0.04542868997455601,False,True
speed_1500rpm__torque_700Nm__temperature_30degC,train,Fw,1500.0,700.0,-700.5554778892317,32.60185339506173,-0.04690634449145866,0.04368871243755698,False,True
speed_1500rpm__torque_700Nm__temperature_30degC,train,Bw,1500.0,700.0,699.6569149798967,33.04469598765432,0.012135424436209134,0.04420804170297028,False,True
speed_1500rpm__torque_700Nm__temperature_35degC,train,Fw,1500.0,700.0,-699.7486213843027,34.92684645061728,-0.04662981721974549,0.043802535574893456,False,True
speed_1500rpm__torque_700Nm__temperature_35degC,train,Bw,1500.0,700.0,699.7710919401652,35.197620370370366,0.014755661429727028,0.04485774991946924,False,True
speed_1500rpm__torque_800Nm__temperature_25degC,train,Fw,1500.0,800.0,-800.2483458062749,25.27575540123457,-0.05066049296811231,0.04351140517402878,False,True
speed_1500rpm__torque_800Nm__temperature_25degC,train,Bw,1500.0,800.0,799.8844510657412,25.874060185185183,0.01398110349265057,0.04599932063179713,False,True
speed_1500rpm__torque_800Nm__temperature_35degC,train,Fw,1500.0,800.0,-799.9411008240264,34.741199074074075,-0.049700825004079,0.04408722639931231,False,True
speed_1500rpm__torque_800Nm__temperature_35degC,train,Bw,1500.0,800.0,799.9407804787942,35.01662037037037,0.017672613386603454,0.04406943813456761,False,True
speed_1500rpm__torque_900Nm__temperature_25degC,train,Fw,1500.0,900.0,-899.759866370831,25.361582561728394,-0.048715879376534744,0.04515832393037103,False,True
speed_1500rpm__torque_900Nm__temperature_25degC,train,Bw,1500.0,900.0,899.9586008899691,26.16467515432099,0.019967455013178138,0.04635527522027813,False,True
speed_1600rpm__torque_0Nm__temperature_35degC,train,Fw,1600.0,0.0,-0.025266037477847635,34.879618106995885,-0.01584470085289351,0.04499813437437892,True,True
speed_1600rpm__torque_0Nm__temperature_35degC,train,Bw,1600.0,0.0,0.037662785808956614,35.17595720164609,-0.007631749664655663,0.04646363667878582,True,True
speed_1600rpm__torque_1000Nm__temperature_25degC,train,Fw,1600.0,1000.0,-999.9578230665544,24.982880658436216,-0.05361268506589118,0.04659311638345327,False,True
speed_1600rpm__torque_1000Nm__temperature_25degC,train,Bw,1600.0,1000.0,999.966656696599,25.697497119341566,0.019694942696156768,0.04861892409049716,False,True
speed_1600rpm__torque_1000Nm__temperature_30degC,train,Fw,1600.0,1000.0,-999.9015149756224,30.705020576131687,-0.058007185464304466,0.061954266077609496,False,True
speed_1600rpm__torque_1000Nm__temperature_30degC,train,Bw,1600.0,1000.0,999.7434482347121,31.594560493827164,0.02311751347083651,0.06525450697141684,False,True
speed_1600rpm__torque_1000Nm__temperature_35degC,train,Fw,1600.0,1000.0,-1001.1038428765756,34.79789135802469,-0.05596804086500491,0.06745225438182895,False,True
speed_1600rpm__torque_1000Nm__temperature_35degC,train,Bw,1600.0,1000.0,1000.0939831433658,35.074641152263375,0.023045383869174412,0.06630576214941358,False,True
speed_1600rpm__torque_100Nm__temperature_25degC,train,Fw,1600.0,100.0,-100.05340943120635,26.0259316872428,-0.02262550005631968,0.04623164008640533,False,True
speed_1600rpm__torque_100Nm__temperature_25degC,train,Bw,1600.0,100.0,99.8317601646993,26.59702304526749,-0.00759671784317923,0.04801783504360717,False,True
speed_1600rpm__torque_100Nm__temperature_30degC,train,Fw,1600.0,100.0,-99.98623537919158,31.30015390946502,-0.02631619397813659,0.05183552702666443,False,True
speed_1600rpm__torque_100Nm__temperature_30degC,train,Bw,1600.0,100.0,100.03534622574497,32.10266913580247,-0.009193400369257658,0.052759972297693775,False,True
speed_1600rpm__torque_100Nm__temperature_35degC,train,Fw,1600.0,100.0,-99.87150449321103,34.761158847736624,-0.025021690724506475,0.05781612669193702,False,True
speed_1600rpm__torque_100Nm__temperature_35degC,train,Bw,1600.0,100.0,100.07668316542562,35.04339670781893,-0.008714461741853073,0.0546921737879251,False,True
speed_1600rpm__torque_1100Nm__temperature_25degC,train,Fw,1600.0,1100.0,-1100.0104165567782,25.045981069958852,-0.05835457948250006,0.04786858644508822,False,True
speed_1600rpm__torque_1100Nm__temperature_25degC,train,Bw,1600.0,1100.0,1099.9830990739777,25.460868312757206,0.02374892855307897,0.04921107553772253,False,True
speed_1600rpm__torque_1100Nm__temperature_30degC,train,Fw,1600.0,1100.0,-1100.0210904093926,30.14178353909465,-0.06117554558615493,0.06417016188447931,False,True
speed_1600rpm__torque_1100Nm__temperature_30degC,train,Bw,1600.0,1100.0,1100.0161585709325,30.938609876543207,0.026609109846985245,0.06663190096888688,False,True
speed_1600rpm__torque_1100Nm__temperature_35degC,train,Fw,1600.0,1100.0,-1099.9564263850082,34.806154732510294,-0.059907745621224535,0.06636794862140682,False,True
speed_1600rpm__torque_1100Nm__temperature_35degC,train,Bw,1600.0,1100.0,1099.773447486573,35.12103209876543,0.027090207826242874,0.06813593621558313,False,True
speed_1600rpm__torque_1200Nm__temperature_25degC,train,Fw,1600.0,1200.0,-1199.9601445767123,25.375871604938272,-0.06194392949919133,0.047697994023054635,False,True
speed_1600rpm__torque_1200Nm__temperature_25degC,train,Bw,1600.0,1200.0,1199.6248991640755,25.87682962962963,0.027998341575070192,0.049181096260724214,False,True
speed_1600rpm__torque_1200Nm__temperature_30degC,train,Fw,1600.0,1200.0,-1199.895381201442,31.592674074074072,-0.06443347724020117,0.06643058111260815,False,True
speed_1600rpm__torque_1200Nm__temperature_30degC,train,Bw,1600.0,1200.0,1199.9632238218633,32.194175308641974,0.03061861313254788,0.06873260459639204,False,True
speed_1600rpm__torque_1200Nm__temperature_35degC,train,Fw,1600.0,1200.0,-1200.2080057874139,34.854399176954736,-0.06332534194549937,0.0688817776287993,False,True
speed_1600rpm__torque_1200Nm__temperature_35degC,train,Bw,1600.0,1200.0,1199.7918798842188,35.242393415637856,0.03137348155418155,0.06878309159696501,False,True
speed_1600rpm__torque_1300Nm__temperature_25degC,train,Fw,1600.0,1300.0,-1299.9292337747268,25.332917695473252,-0.06580063832103156,0.05110527803087421,False,True
speed_1600rpm__torque_1300Nm__temperature_25degC,train,Bw,1600.0,1300.0,1300.3356089521108,25.982407407407408,0.03172524954481168,0.05027567968712089,False,True
speed_1600rpm__torque_1300Nm__temperature_30degC,train,Fw,1600.0,1300.0,-1300.0460866841759,31.476330041152263,-0.0688085160573222,0.06798113386356917,False,True
speed_1600rpm__torque_1300Nm__temperature_30degC,train,Bw,1600.0,1300.0,1299.9185344320285,32.18590781893004,0.03399748207017742,0.06929418485450264,False,True
speed_1600rpm__torque_1400Nm__temperature_25degC,train,Fw,1600.0,1400.0,-1399.947709585904,25.364810699588478,-0.06776389287178491,0.05160535064588148,False,True
speed_1600rpm__torque_1400Nm__temperature_25degC,train,Bw,1600.0,1400.0,1400.040849800427,26.40014650205761,0.03547792195647994,0.05188163059898874,False,True
speed_1600rpm__torque_1400Nm__temperature_30degC,train,Fw,1600.0,1400.0,-1399.7596973450586,31.86885102880658,-0.07212417394537861,0.07043932150357232,False,True
speed_1600rpm__torque_1400Nm__temperature_30degC,train,Bw,1600.0,1400.0,1400.2074332347163,32.590439506172835,0.03791843142341864,0.07269394066180271,False,True
speed_1600rpm__torque_1400Nm__temperature_35degC,train,Fw,1600.0,1400.0,-1399.5565112431843,34.79294403292181,-0.07141237386742956,0.0710300314792445,False,True
speed_1600rpm__torque_1400Nm__temperature_35degC,train,Bw,1600.0,1400.0,1399.7696026578428,35.10094320987655,0.038755791775509994,0.0722113344822548,False,True
speed_1600rpm__torque_1500Nm__temperature_25degC,train,Fw,1600.0,1500.0,-1499.52662591581,25.00789300411523,-0.06815347025109564,0.050804842678111216,False,True
speed_1600rpm__torque_1500Nm__temperature_25degC,train,Bw,1600.0,1500.0,1500.1049752713764,25.711067489711933,0.037868317399162646,0.052282208989273604,False,True
speed_1600rpm__torque_1500Nm__temperature_30degC,train,Fw,1600.0,1500.0,-1500.0463683124433,31.627336625514406,-0.0729970036140965,0.07671297424371584,False,True
speed_1600rpm__torque_1500Nm__temperature_30degC,train,Bw,1600.0,1500.0,1499.9441677878583,32.32993086419752,0.0391739157765948,0.07767023103955625,False,True
speed_1600rpm__torque_1500Nm__temperature_35degC,train,Fw,1600.0,1500.0,-1499.9170014298993,34.98233580246914,-0.07480711633678801,0.07338963863216125,False,True
speed_1600rpm__torque_1500Nm__temperature_35degC,train,Bw,1600.0,1500.0,1500.0781386766844,35.36362057613169,0.042731384612865,0.07339552769041746,False,True
speed_1600rpm__torque_1600Nm__temperature_25degC,train,Fw,1600.0,1600.0,-1599.3893088431025,25.203818930041155,-0.07342474276815676,0.05218756282105173,False,True
speed_1600rpm__torque_1600Nm__temperature_25degC,train,Bw,1600.0,1600.0,1599.6490465146126,25.675246913580246,0.042059824312620654,0.05302905726961661,False,True
speed_1600rpm__torque_1600Nm__temperature_35degC,train,Fw,1600.0,1600.0,-1599.5040940453487,34.74751769547325,-0.07880545306873744,0.07486758442939462,False,True
speed_1600rpm__torque_1600Nm__temperature_35degC,train,Bw,1600.0,1600.0,1600.019587177681,35.20516543209877,0.046177229647492726,0.07609251369155226,False,True
speed_1600rpm__torque_1700Nm__temperature_25degC,train,Fw,1600.0,1700.0,-1699.9906632144755,25.5972329218107,-0.07723450116360557,0.052844547764384645,False,True
speed_1600rpm__torque_1700Nm__temperature_25degC,train,Bw,1600.0,1700.0,1700.3036115855236,26.152350617283954,0.04624828222343275,0.05310960010522553,False,True
speed_1600rpm__torque_1800Nm__temperature_25degC,train,Fw,1600.0,1800.0,-1800.6104808579746,25.4803366255144,-0.08132912679151115,0.05483844421010073,False,True
speed_1600rpm__torque_1800Nm__temperature_25degC,train,Bw,1600.0,1800.0,1800.0812734104227,26.020064197530868,0.050249841560750394,0.05466961095866278,False,True
speed_1600rpm__torque_1800Nm__temperature_30degC,train,Fw,1600.0,1800.0,-1799.743162849803,31.726368724279837,-0.08672756149510999,0.08070213719637857,False,True
speed_1600rpm__torque_1800Nm__temperature_30degC,train,Bw,1600.0,1800.0,1799.9773153819604,32.39100823045267,0.0514535321367217,0.08322245027897573,False,True
speed_1600rpm__torque_1800Nm__temperature_35degC,train,Fw,1600.0,1800.0,-1799.8904183273944,35.53538930041152,-0.08565176362643026,0.08066508091102476,False,True
speed_1600rpm__torque_1800Nm__temperature_35degC,train,Bw,1600.0,1800.0,1799.8722312916218,35.937237037037036,0.053931604589688605,0.08110686309144184,False,True
speed_1600rpm__torque_200Nm__temperature_25degC,train,Fw,1600.0,200.0,-200.00968721177844,26.13118600823045,-0.026224592593445784,0.04511710773597377,False,True
speed_1600rpm__torque_200Nm__temperature_25degC,train,Bw,1600.0,200.0,199.8883067888775,26.87639259259259,-0.004504307547147904,0.04794245792873325,False,True
speed_1600rpm__torque_200Nm__temperature_35degC,train,Fw,1600.0,200.0,-200.00993083043355,34.9416279835391,-0.02848325513291094,0.056718188434782324,False,True
speed_1600rpm__torque_200Nm__temperature_35degC,train,Bw,1600.0,200.0,200.09097031708401,35.320809053497946,-0.0046410967234494244,0.05235235000654118,False,True
speed_1600rpm__torque_300Nm__temperature_25degC,train,Fw,1600.0,300.0,-300.0063735859875,26.422855967078185,-0.029483033617530973,0.044994229037339316,False,True
speed_1600rpm__torque_300Nm__temperature_25degC,train,Bw,1600.0,300.0,300.0845334365739,27.17470534979424,-0.0008373736315983949,0.04846714851858737,False,True
speed_1600rpm__torque_400Nm__temperature_35degC,train,Fw,1600.0,400.0,-399.89017082339944,34.69838024691358,-0.03550666785378082,0.05536173263659707,False,True
speed_1600rpm__torque_400Nm__temperature_35degC,train,Bw,1600.0,400.0,399.78529020975924,35.02960823045267,0.0036885425728138414,0.054069735740493424,False,True
speed_1600rpm__torque_500Nm__temperature_25degC,train,Fw,1600.0,500.0,-500.00395337250006,25.42225761316873,-0.03732089160676705,0.044513691434782024,False,True
speed_1600rpm__torque_500Nm__temperature_25degC,train,Bw,1600.0,500.0,500.0431262468015,26.066821399176956,0.0058576499164246145,0.048180134553316295,False,True
speed_1600rpm__torque_600Nm__temperature_25degC,train,Fw,1600.0,600.0,-599.8524864612783,24.943972016460908,-0.04090897842468749,0.04446038976280304,False,True
speed_1600rpm__torque_600Nm__temperature_25degC,train,Bw,1600.0,600.0,599.9371053283188,25.636778600823042,0.008987744431352659,0.04706643107497604,False,True
speed_1600rpm__torque_600Nm__temperature_30degC,train,Fw,1600.0,600.0,-600.0060900150503,30.640366255144034,-0.04377278701519026,0.05706842678301561,False,True
speed_1600rpm__torque_600Nm__temperature_30degC,train,Bw,1600.0,600.0,599.9220688259958,31.393299588477365,0.00888700582440917,0.06014041500176733,False,True
speed_1600rpm__torque_700Nm__temperature_25degC,train,Fw,1600.0,700.0,-699.85315369971,24.93333744855967,-0.04436733188096123,0.04529656840387059,False,True
speed_1600rpm__torque_700Nm__temperature_25degC,train,Bw,1600.0,700.0,699.9265552068214,25.599262551440333,0.012109656067349468,0.047684414318848,False,True
speed_1600rpm__torque_700Nm__temperature_35degC,train,Fw,1600.0,700.0,-699.8680946758254,35.61906172839506,-0.04645677879738179,0.05916500049619443,False,True
speed_1600rpm__torque_700Nm__temperature_35degC,train,Bw,1600.0,700.0,699.982735284466,36.02466419753086,0.014517604266443732,0.05877757961728289,False,True
speed_1600rpm__torque_800Nm__temperature_30degC,train,Fw,1600.0,800.0,-800.0095391960301,32.10464938271605,-0.050850643123489726,0.05951248420052075,False,True
speed_1600rpm__torque_800Nm__temperature_30degC,train,Bw,1600.0,800.0,799.6940328876914,32.81547160493827,0.01643384641697693,0.06222206582473797,False,True
speed_1600rpm__torque_800Nm__temperature_35degC,train,Fw,1600.0,800.0,-799.9342218249914,35.849093827160495,-0.04985488748447363,0.061138108777074256,False,True
speed_1600rpm__torque_800Nm__temperature_35degC,train,Bw,1600.0,800.0,799.8845392843053,36.214738271604936,0.01817785377294025,0.05963804717596151,False,True
speed_1600rpm__torque_900Nm__temperature_25degC,train,Fw,1600.0,900.0,-899.924940297633,25.280224691358022,-0.05129013747262883,0.04686853641960931,False,True
speed_1600rpm__torque_900Nm__temperature_25degC,train,Bw,1600.0,900.0,899.5674244537687,25.92768888888889,0.019324737219107976,0.04832277281929635,False,True
speed_1600rpm__torque_900Nm__temperature_30degC,train,Fw,1600.0,900.0,-900.2455916816806,30.0970658436214,-0.05425946518547425,0.06074333873549355,False,True
speed_1600rpm__torque_900Nm__temperature_30degC,train,Bw,1600.0,900.0,899.276936968803,30.93958600823045,0.01949951602714959,0.06253371636250056,False,True
speed_1600rpm__torque_900Nm__temperature_35degC,train,Fw,1600.0,900.0,-899.9931865268284,36.111060082304526,-0.05334889116939424,0.06189126106946254,False,True
speed_1600rpm__torque_900Nm__temperature_35degC,train,Bw,1600.0,900.0,899.8901461737172,36.48436543209876,0.022143906966535083,0.06163327023419034,False,True
speed_1700rpm__torque_0Nm__temperature_30degC,train,Fw,1700.0,0.0,-0.034098040729624114,29.428095321381726,-0.020065848222492733,0.04122991219391907,True,True
speed_1700rpm__torque_0Nm__temperature_30degC,train,Bw,1700.0,0.0,-0.08243769445897706,29.922596414516835,-0.011259024524846308,0.04216485553247219,True,True
speed_1700rpm__torque_0Nm__temperature_35degC,train,Fw,1700.0,0.0,0.007424070772180079,34.77147092260603,-0.016666040774641695,0.0406788455146684,True,True
speed_1700rpm__torque_0Nm__temperature_35degC,train,Bw,1700.0,0.0,-0.29010645287670295,34.94747267162221,-0.008300191464270199,0.04271389502652175,True,True
speed_1700rpm__torque_1000Nm__temperature_25degC,train,Fw,1700.0,1000.0,-999.8539788263251,26.783700043725403,-0.05335875079952738,0.04350207435562067,False,True
speed_1700rpm__torque_1000Nm__temperature_25degC,train,Bw,1700.0,1000.0,1000.0373460357852,27.772670514165792,0.022848775662289406,0.04455804307066958,False,True
speed_1700rpm__torque_1000Nm__temperature_30degC,train,Fw,1700.0,1000.0,-1000.0888925200786,32.45612102133613,-0.05718164029175733,0.058998929127707676,False,True
speed_1700rpm__torque_1000Nm__temperature_30degC,train,Bw,1700.0,1000.0,999.9403799413903,33.32812259531305,0.022669807911435653,0.07658063538119861,False,True
speed_1700rpm__torque_1000Nm__temperature_35degC,train,Fw,1700.0,1000.0,-1000.3379819483855,35.26453782247486,-0.05801162092095917,0.05829879081681477,False,True
speed_1700rpm__torque_1000Nm__temperature_35degC,train,Bw,1700.0,1000.0,1000.0812849214751,35.761057187827916,0.023880109436985566,0.0780909198155232,False,True
speed_1700rpm__torque_100Nm__temperature_25degC,train,Fw,1700.0,100.0,-99.86592300291608,24.968783559247925,-0.023312639195085534,0.0408191420150787,False,True
speed_1700rpm__torque_100Nm__temperature_25degC,train,Bw,1700.0,100.0,100.02407534670486,25.7764209513816,-0.008338647308571692,0.043519622551792675,False,True
speed_1700rpm__torque_100Nm__temperature_30degC,train,Fw,1700.0,100.0,-99.88556149206865,32.03586831059811,-0.026217254123591768,0.05003502696062864,False,True
speed_1700rpm__torque_100Nm__temperature_30degC,train,Bw,1700.0,100.0,99.93963774093706,32.90736423261915,-0.009225655829943204,0.054249645523677496,False,True
speed_1700rpm__torque_100Nm__temperature_35degC,train,Fw,1700.0,100.0,-99.94133576900614,35.39664975951027,-0.025561802695279325,0.049506704222314075,False,True
speed_1700rpm__torque_100Nm__temperature_35degC,train,Bw,1700.0,100.0,100.02903587840062,35.920922606034104,-0.008000186122787693,0.05962704515305979,False,True
speed_1700rpm__torque_1100Nm__temperature_25degC,train,Fw,1700.0,1100.0,-1099.9668867555727,25.984706602536072,-0.056512723690810625,0.04427296730936629,False,True
speed_1700rpm__torque_1100Nm__temperature_25degC,train,Bw,1700.0,1100.0,1099.8254166695513,26.66571091290661,0.023606826171658542,0.04474357804087661,False,True
speed_1700rpm__torque_1100Nm__temperature_35degC,train,Fw,1700.0,1100.0,-1100.763574311657,35.69274070835155,-0.06146279556360478,0.060682853478791904,False,True
speed_1700rpm__torque_1100Nm__temperature_35degC,train,Bw,1700.0,1100.0,1100.1155266035553,36.17292060160896,0.02783155913699709,0.08030508955277138,False,True
speed_1700rpm__torque_1200Nm__temperature_30degC,train,Fw,1700.0,1200.0,-1200.024929034121,32.87632794053344,-0.06348025079312745,0.05901241157920326,False,True
speed_1700rpm__torque_1200Nm__temperature_30degC,train,Bw,1700.0,1200.0,1199.772631443376,33.70837516397027,0.030204667512053692,0.07947621867871592,False,True
speed_1700rpm__torque_1200Nm__temperature_35degC,train,Fw,1700.0,1200.0,-1199.8924128812216,36.14750065588107,-0.06470887547762448,0.061547143592559535,False,True
speed_1700rpm__torque_1200Nm__temperature_35degC,train,Bw,1700.0,1200.0,1200.3927714395309,36.66386969829471,0.031849131060531305,0.08326258303945563,False,True
speed_1700rpm__torque_1300Nm__temperature_25degC,train,Fw,1700.0,1300.0,-1299.5049715167202,26.46915879678209,-0.06406460197914708,0.04482389634988412,False,True
speed_1700rpm__torque_1300Nm__temperature_25degC,train,Bw,1700.0,1300.0,1300.008067884477,27.453744643637954,0.03127619663724591,0.04576472979744694,False,True
speed_1700rpm__torque_1300Nm__temperature_30degC,train,Fw,1700.0,1300.0,-1300.0474329541019,31.622229995627457,-0.06831588840693724,0.06244483611570652,False,True
speed_1700rpm__torque_1300Nm__temperature_30degC,train,Bw,1700.0,1300.0,1299.599531710389,32.509898557061646,0.03363485673331256,0.08325911437924093,False,True
speed_1700rpm__torque_1400Nm__temperature_30degC,train,Fw,1700.0,1400.0,-1399.7324926445565,30.128309575863575,-0.07009677676479277,0.06073565532655181,False,True
speed_1700rpm__torque_1400Nm__temperature_30degC,train,Bw,1700.0,1400.0,1400.1302732511194,31.062736335811106,0.034908207297353694,0.08730834661439253,False,True
speed_1700rpm__torque_1400Nm__temperature_35degC,train,Fw,1700.0,1400.0,-1399.8987487689553,34.629398338434626,-0.07290205437638944,0.0640332740190238,False,True
speed_1700rpm__torque_1400Nm__temperature_35degC,train,Bw,1700.0,1400.0,1400.0060351599552,35.37628421512898,0.03854566091441389,0.09246775052393945,False,True
speed_1700rpm__torque_1500Nm__temperature_25degC,train,Fw,1700.0,1500.0,-1499.7256943269438,25.54971578487101,-0.07225571672053784,0.045399738260579296,False,True
speed_1700rpm__torque_1500Nm__temperature_25degC,train,Bw,1700.0,1500.0,1500.1876336979417,26.412958460865763,0.038733935852372635,0.04641213558140533,False,True
speed_1700rpm__torque_1500Nm__temperature_30degC,train,Fw,1700.0,1500.0,-1499.822943691192,32.5613283777875,-0.07349348250535147,0.0608346062828155,False,True
speed_1700rpm__torque_1500Nm__temperature_30degC,train,Bw,1700.0,1500.0,1500.3905450715617,33.07573414954088,0.03899392437600126,0.09039797716803526,False,True
speed_1700rpm__torque_1500Nm__temperature_35degC,train,Fw,1700.0,1500.0,-1500.1138759065936,36.00434280717097,-0.07596010966030503,0.06728858169811852,False,True
speed_1700rpm__torque_1500Nm__temperature_35degC,train,Bw,1700.0,1500.0,1499.8953825040282,36.613938784433756,0.042517702427033455,0.10083738921258865,False,True
speed_1700rpm__torque_1600Nm__temperature_30degC,train,Fw,1700.0,1600.0,-1600.0891020165607,32.62458067337123,-0.07732035527497676,0.06456599260593295,False,True
speed_1700rpm__torque_1600Nm__temperature_30degC,train,Bw,1700.0,1600.0,1600.2755757982704,33.326770441626586,0.04333469507531752,0.09463721162111552,False,True
speed_1700rpm__torque_1600Nm__temperature_35degC,train,Fw,1700.0,1600.0,-1600.195083255376,36.77901617839965,-0.07951739833367454,0.06790016778172725,False,True
speed_1700rpm__torque_1600Nm__temperature_35degC,train,Bw,1700.0,1600.0,1600.1354924293848,37.27865063401836,0.04620829297516783,0.10985593310920372,False,True
speed_1700rpm__torque_1700Nm__temperature_25degC,train,Fw,1700.0,1700.0,-1700.1548675767292,25.96732925229558,-0.07550294425750675,0.046131160732247906,False,True
speed_1700rpm__torque_1700Nm__temperature_25degC,train,Bw,1700.0,1700.0,1697.1119295052154,26.744878880629646,0.045581382391791415,0.04835008229574483,False,True
speed_1700rpm__torque_1700Nm__temperature_30degC,train,Fw,1700.0,1700.0,-1699.9122037499765,31.620446873633586,-0.08280756450045541,0.06710076911937121,False,True
speed_1700rpm__torque_1700Nm__temperature_30degC,train,Bw,1700.0,1700.0,1699.9939522727675,32.31061390467862,0.04722825963826251,0.10106657321145766,False,True
speed_1700rpm__torque_1800Nm__temperature_25degC,train,Fw,1700.0,1800.0,-1799.5601598383507,26.506114560559688,-0.07956294511126547,0.04802622727554523,False,True
speed_1700rpm__torque_1800Nm__temperature_25degC,train,Bw,1700.0,1800.0,1800.3600843401164,27.382876880027982,0.049602575521686836,0.048837853180692906,False,True
speed_1700rpm__torque_1800Nm__temperature_30degC,train,Fw,1700.0,1800.0,-1799.7595117241406,31.481747114375658,-0.08691510910333143,0.06759331147774486,False,True
speed_1700rpm__torque_1800Nm__temperature_30degC,train,Bw,1700.0,1800.0,1799.8397906082814,32.32557149103629,0.05073345483765507,0.11081943701518504,False,True
speed_1700rpm__torque_300Nm__temperature_30degC,train,Fw,1700.0,300.0,-299.93160082671545,31.467158723218187,-0.032636857218286554,0.05142560435623559,False,True
speed_1700rpm__torque_300Nm__temperature_30degC,train,Bw,1700.0,300.0,299.89163550593366,32.42578662002624,-0.002096249248198813,0.057674414568265095,False,True
speed_1700rpm__torque_400Nm__temperature_25degC,train,Fw,1700.0,400.0,-400.0076223889657,25.33112724092698,-0.03373081208929323,0.04046333642006343,False,True
speed_1700rpm__torque_400Nm__temperature_25degC,train,Bw,1700.0,400.0,399.9898308782294,26.025792741582865,0.002127188581310964,0.042272184239125044,False,True
speed_1700rpm__torque_400Nm__temperature_35degC,train,Fw,1700.0,400.0,-399.7084448939074,37.1747853082641,-0.036457993975337784,0.05130635264470835,False,True
speed_1700rpm__torque_400Nm__temperature_35degC,train,Bw,1700.0,400.0,399.8949601840897,37.654947966768695,0.00353815143983067,0.059080414677688625,False,True
speed_1700rpm__torque_500Nm__temperature_25degC,train,Fw,1700.0,500.0,-500.0026591750905,26.708362046348928,-0.03619246939722614,0.041023702877544074,False,True
speed_1700rpm__torque_500Nm__temperature_25degC,train,Bw,1700.0,500.0,499.9663339321618,27.707395714910362,0.005926183602505548,0.04262344912181399,False,True
speed_1700rpm__torque_500Nm__temperature_30degC,train,Fw,1700.0,500.0,-500.3118874258384,31.43101792741583,-0.04012394408894515,0.05098050253899215,False,True
speed_1700rpm__torque_500Nm__temperature_30degC,train,Bw,1700.0,500.0,499.81145516142436,32.20800612155662,0.0054220778292592715,0.061143068602642736,False,True
speed_1700rpm__torque_600Nm__temperature_30degC,train,Fw,1700.0,600.0,-599.9337120039472,32.28811718408395,-0.04234544153296307,0.051052409950429395,False,True
speed_1700rpm__torque_600Nm__temperature_30degC,train,Bw,1700.0,600.0,599.97142568105,33.263357236554434,0.009207230081134997,0.06548331222515259,False,True
speed_1700rpm__torque_600Nm__temperature_35degC,train,Fw,1700.0,600.0,-600.056194706572,36.62973327503279,-0.0438296338615403,0.05330706740192748,False,True
speed_1700rpm__torque_600Nm__temperature_35degC,train,Bw,1700.0,600.0,600.0935973177665,37.24027109750765,0.010985267610769393,0.06573959148761874,False,True
speed_1700rpm__torque_700Nm__temperature_25degC,train,Fw,1700.0,700.0,-699.9436944970722,25.20792479230433,-0.042728992332663834,0.04277305159627657,False,True
speed_1700rpm__torque_700Nm__temperature_25degC,train,Bw,1700.0,700.0,700.0503738225266,26.29532400524705,0.012513861682850758,0.043132516245311135,False,True
speed_1700rpm__torque_700Nm__temperature_35degC,train,Fw,1700.0,700.0,-700.002449154072,36.55681853957149,-0.04753075395093121,0.05544377387416131,False,True
speed_1700rpm__torque_700Nm__temperature_35degC,train,Bw,1700.0,700.0,699.9139161887169,37.16866899868823,0.014570612088232892,0.06802958953231195,False,True
speed_1700rpm__torque_800Nm__temperature_25degC,train,Fw,1700.0,800.0,-799.9358012262369,25.270113686051594,-0.04703769090693098,0.042850749774311706,False,True
speed_1700rpm__torque_800Nm__temperature_25degC,train,Bw,1700.0,800.0,800.035512884226,26.34619151727153,0.015315846427617677,0.044097363319584665,False,True
speed_1700rpm__torque_800Nm__temperature_35degC,train,Fw,1700.0,800.0,-800.1483298548872,34.959150926897514,-0.05001465107504306,0.055204055588527805,False,True
speed_1700rpm__torque_800Nm__temperature_35degC,train,Bw,1700.0,800.0,799.9472904934784,35.53830170529077,0.0162630061593534,0.0716631652588034,False,True
speed_1700rpm__torque_900Nm__temperature_25degC,train,Fw,1700.0,900.0,-899.8409989310708,26.44412855268911,-0.05008572665777671,0.043156589897688905,False,True
speed_1700rpm__torque_900Nm__temperature_25degC,train,Bw,1700.0,900.0,900.1001724994358,27.436529380902414,0.019088488402220712,0.04413468866826188,False,True
speed_1700rpm__torque_900Nm__temperature_30degC,train,Fw,1700.0,900.0,-899.8598450753772,31.912924099335427,-0.05317043810445492,0.05634515649394837,False,True
speed_1700rpm__torque_900Nm__temperature_30degC,train,Bw,1700.0,900.0,899.8391240630378,32.93026235242675,0.019280985492534673,0.07234504858364033,False,True
speed_1700rpm__torque_900Nm__temperature_35degC,train,Fw,1700.0,900.0,-899.9685257954712,35.06387548093739,-0.0540686824775808,0.05857490831594178,False,True
speed_1700rpm__torque_900Nm__temperature_35degC,train,Bw,1700.0,900.0,900.1150399023284,35.44361259291648,0.02048228628160997,0.07476373264547778,False,True
speed_1800rpm__torque_0Nm__temperature_30degC,train,Fw,1800.0,0.0,0.007275549483779155,29.78843703703704,-0.020162341156869115,0.04157113739774938,True,True
speed_1800rpm__torque_0Nm__temperature_30degC,train,Bw,1800.0,0.0,-0.11104981915775422,30.114176851851852,-0.01177619512404114,0.04085438534742055,True,True
speed_1800rpm__torque_1000Nm__temperature_25degC,train,Fw,1800.0,1000.0,-999.8017971824717,26.353177777777773,-0.05153711011082577,0.04223815992800106,False,True
speed_1800rpm__torque_1000Nm__temperature_25degC,train,Bw,1800.0,1000.0,999.8336922924152,27.5191287037037,0.02373197551917717,0.04393104256935222,False,True
speed_1800rpm__torque_1000Nm__temperature_30degC,train,Fw,1800.0,1000.0,-1000.0969063131897,31.937589814814814,-0.05621591976205097,0.04916134807498082,False,True
speed_1800rpm__torque_1000Nm__temperature_30degC,train,Bw,1800.0,1000.0,999.7996633955883,32.58364318118693,0.023184784005146685,0.05592133849999697,False,True
speed_1800rpm__torque_100Nm__temperature_25degC,train,Fw,1800.0,100.0,-99.75517001416948,26.202598148148148,-0.02570115094624619,0.04049743214578466,False,True
speed_1800rpm__torque_100Nm__temperature_25degC,train,Bw,1800.0,100.0,99.88331908141954,26.961332407407408,-0.01010669358061304,0.040936659388356354,False,True
speed_1800rpm__torque_100Nm__temperature_30degC,train,Fw,1800.0,100.0,-99.7151552598881,30.186219794463476,-0.025502273869493455,0.045401631960393964,False,True
speed_1800rpm__torque_100Nm__temperature_30degC,train,Bw,1800.0,100.0,100.07417985429132,31.19647745161589,-0.009231551979648903,0.050177224391755634,False,True
speed_1800rpm__torque_100Nm__temperature_35degC,train,Fw,1800.0,100.0,-99.8505371476244,35.03360799925933,-0.025008752587964922,0.04529346298152404,False,True
speed_1800rpm__torque_100Nm__temperature_35degC,train,Bw,1800.0,100.0,99.95648640006276,35.634658827886305,-0.00858697827167527,0.058451818505216906,False,True
speed_1800rpm__torque_1100Nm__temperature_25degC,train,Fw,1800.0,1100.0,-1099.723619222641,26.462348148148152,-0.05523509117790914,0.04271460800734269,False,True
speed_1800rpm__torque_1100Nm__temperature_25degC,train,Bw,1800.0,1100.0,1099.9188776272742,27.713762962962964,0.027334497829960627,0.04369126529598116,False,True
speed_1800rpm__torque_1100Nm__temperature_30degC,train,Fw,1800.0,1100.0,-1100.0369889969495,31.62404869919452,-0.05957217229010771,0.05123197929538613,False,True
speed_1800rpm__torque_1100Nm__temperature_30degC,train,Bw,1800.0,1100.0,1100.2584869419163,32.275070370370365,0.027237676368091893,0.056835556820904486,False,True
speed_1800rpm__torque_1100Nm__temperature_35degC,train,Fw,1800.0,1100.0,-1100.0285042205423,36.088125752384485,-0.06029873362932978,0.0509300082830905,False,True
speed_1800rpm__torque_1100Nm__temperature_35degC,train,Bw,1800.0,1100.0,1099.9545826901933,36.6529037037037,0.028881534036388126,0.05520360751524117,False,True
speed_1800rpm__torque_1200Nm__temperature_25degC,train,Fw,1800.0,1200.0,-1200.0693949505135,26.77149722222222,-0.058527029773782234,0.04389505419233069,False,True
speed_1800rpm__torque_1200Nm__temperature_25degC,train,Bw,1800.0,1200.0,1198.509484550494,27.975199074074077,0.0308758641271455,0.04412688211088908,False,True
speed_1800rpm__torque_1200Nm__temperature_30degC,train,Fw,1800.0,1200.0,-1200.22655416418,31.593850925925924,-0.06341252407475452,0.051290989959815715,False,True
speed_1800rpm__torque_1200Nm__temperature_30degC,train,Bw,1800.0,1200.0,1199.2893380404053,32.28388981481481,0.030481222365800493,0.0607151269166495,False,True
speed_1800rpm__torque_1300Nm__temperature_25degC,train,Fw,1800.0,1300.0,-1299.529088779732,25.049987962962962,-0.0627067954587144,0.04454190738702406,False,True
speed_1800rpm__torque_1300Nm__temperature_25degC,train,Bw,1800.0,1300.0,1299.9198813916878,25.98115,0.02982362613769359,0.045057672804683896,False,True
speed_1800rpm__torque_1300Nm__temperature_30degC,train,Fw,1800.0,1300.0,-1299.6633624368244,31.1639787037037,-0.06711637343094007,0.05045701334875986,False,True
speed_1800rpm__torque_1300Nm__temperature_30degC,train,Bw,1800.0,1300.0,1300.4466443682572,31.943665740740737,0.03343810017974991,0.05511027035829155,False,True
speed_1800rpm__torque_1400Nm__temperature_25degC,train,Fw,1800.0,1400.0,-1400.032169730575,26.36599722222222,-0.0652360159866796,0.044991766202250816,False,True
speed_1800rpm__torque_1400Nm__temperature_25degC,train,Bw,1800.0,1400.0,1400.1970466212883,27.198812037037037,0.034455422495360176,0.045504650724979744,False,True
speed_1800rpm__torque_1400Nm__temperature_30degC,train,Fw,1800.0,1400.0,-1399.865059543539,30.46365925925926,-0.07097705880191839,0.05153466740887313,False,True
speed_1800rpm__torque_1400Nm__temperature_30degC,train,Bw,1800.0,1400.0,1399.8464728543263,31.356462037037033,0.036478911488957134,0.05504141043425234,False,True
speed_1800rpm__torque_1500Nm__temperature_25degC,train,Fw,1800.0,1500.0,-1499.940720178463,25.987399999999997,-0.06971998776847282,0.045699852824734453,False,True
speed_1800rpm__torque_1500Nm__temperature_25degC,train,Bw,1800.0,1500.0,1499.9926029964743,26.909484259259266,0.03789699125819637,0.046703078673857916,False,True
speed_1800rpm__torque_1500Nm__temperature_30degC,train,Fw,1800.0,1500.0,-1499.79452766754,32.18429722222223,-0.07328215487550055,0.05248553326123882,False,True
speed_1800rpm__torque_1500Nm__temperature_30degC,train,Bw,1800.0,1500.0,1499.9225003097126,33.052431481481484,0.04028770482246294,0.05927816446464184,False,True
speed_1800rpm__torque_1500Nm__temperature_35degC,train,Fw,1800.0,1500.0,-1499.5912309929176,35.11026481481481,-0.07544269197756509,0.05371292225487425,False,True
speed_1800rpm__torque_1500Nm__temperature_35degC,train,Bw,1800.0,1500.0,1499.9837128964189,35.64761111111111,0.04141252286705218,0.0587662671510745,False,True
speed_1800rpm__torque_1600Nm__temperature_25degC,train,Fw,1800.0,1600.0,-1600.2470092640983,26.41782962962963,-0.07335131388713283,0.046837564770467716,False,True
speed_1800rpm__torque_1600Nm__temperature_25degC,train,Bw,1800.0,1600.0,1599.8548159382078,27.464769444444446,0.042041697277274595,0.04655954014011994,False,True
speed_1800rpm__torque_1600Nm__temperature_30degC,train,Fw,1800.0,1600.0,-1600.2215526059822,30.96525740740741,-0.0783829354734171,0.052967855919323306,False,True
speed_1800rpm__torque_1600Nm__temperature_30degC,train,Bw,1800.0,1600.0,1600.2657799684387,31.761394444444445,0.04362278376103085,0.06184899040953819,False,True
speed_1800rpm__torque_1600Nm__temperature_35degC,train,Fw,1800.0,1600.0,-1600.1813164242992,35.106719444444444,-0.07840851953914492,0.05473810766193248,False,True
speed_1800rpm__torque_1600Nm__temperature_35degC,train,Bw,1800.0,1600.0,1600.0888522792704,35.9671537037037,0.04411770218457752,0.062482053837059535,False,True
speed_1800rpm__torque_1700Nm__temperature_25degC,train,Fw,1800.0,1700.0,-1700.104822119077,26.346274074074074,-0.0767861272084238,0.046572843560889615,False,True
speed_1800rpm__torque_1700Nm__temperature_25degC,train,Bw,1800.0,1700.0,1700.4574323025042,27.509587037037036,0.04595387869333041,0.047627178329022246,False,True
speed_1800rpm__torque_1700Nm__temperature_35degC,train,Fw,1800.0,1700.0,-1700.4067700218272,35.460877777777775,-0.08315559426685397,0.058069271562852125,False,True
speed_1800rpm__torque_1700Nm__temperature_35degC,train,Bw,1800.0,1700.0,1700.3002547913431,36.019385185185186,0.04861407275384832,0.06445965833344058,False,True
speed_1800rpm__torque_1800Nm__temperature_25degC,train,Fw,1800.0,1800.0,-1800.0176828878898,26.586144444444443,-0.07986731192242066,0.04738491960622648,False,True
speed_1800rpm__torque_1800Nm__temperature_25degC,train,Bw,1800.0,1800.0,1799.1501798102363,27.731249074074075,0.05019713365035382,0.04769476025835491,False,True
speed_1800rpm__torque_1800Nm__temperature_30degC,train,Fw,1800.0,1800.0,-1799.2628637728867,31.312951851851853,-0.08545366340253334,0.05603380396896878,False,True
speed_1800rpm__torque_1800Nm__temperature_30degC,train,Bw,1800.0,1800.0,1800.0529783806558,32.16134351851852,0.05011780160875939,0.060671347506211795,False,True
speed_1800rpm__torque_1800Nm__temperature_35degC,train,Fw,1800.0,1800.0,-1800.1244990913956,35.79412314814815,-0.08681362949539585,0.05812331723343909,False,True
speed_1800rpm__torque_1800Nm__temperature_35degC,train,Bw,1800.0,1800.0,1800.5152555920984,36.39483611111111,0.05258310852771339,0.06236436881119774,False,True
speed_1800rpm__torque_200Nm__temperature_30degC,train,Fw,1800.0,200.0,-199.7340957985984,31.990864814814813,-0.028543649539709778,0.045852327924482225,False,True
speed_1800rpm__torque_200Nm__temperature_30degC,train,Bw,1800.0,200.0,200.10234836191339,32.86235555555556,-0.0054740616382748224,0.05365578975062896,False,True
speed_1800rpm__torque_300Nm__temperature_25degC,train,Fw,1800.0,300.0,-299.99672256134176,26.273183333333332,-0.03235842625199583,0.041570006357696664,False,True
speed_1800rpm__torque_300Nm__temperature_25degC,train,Bw,1800.0,300.0,299.92049730642384,27.489574074074078,-0.003488719407182586,0.041225075521666966,False,True
speed_1800rpm__torque_300Nm__temperature_30degC,train,Fw,1800.0,300.0,-299.9955307775074,30.30997407407407,-0.03312986478650242,0.04441235524937117,False,True
speed_1800rpm__torque_300Nm__temperature_30degC,train,Bw,1800.0,300.0,299.5238158974075,31.234741666666668,-0.002398383382939119,0.05236147696248799,False,True
speed_1800rpm__torque_300Nm__temperature_35degC,train,Fw,1800.0,300.0,-300.44014427396985,35.003584259259256,-0.032499232278970766,0.0451891828016236,False,True
speed_1800rpm__torque_300Nm__temperature_35degC,train,Bw,1800.0,300.0,300.98038572501434,35.55481574074074,-0.0005276967532096309,0.05534878724857789,False,True
speed_1800rpm__torque_400Nm__temperature_25degC,train,Fw,1800.0,400.0,-400.0145494717139,27.01422962962963,-0.03546027221580322,0.04120070694200048,False,True
speed_1800rpm__torque_400Nm__temperature_25degC,train,Bw,1800.0,400.0,399.9872988888824,28.22832037037037,0.0001581268168548122,0.04168558866094701,False,True
speed_1800rpm__torque_400Nm__temperature_30degC,train,Fw,1800.0,400.0,-399.6550824907091,30.40303148148148,-0.03697336454082257,0.04580129353284103,False,True
speed_1800rpm__torque_400Nm__temperature_30degC,train,Bw,1800.0,400.0,400.6880870729833,31.365821296296296,0.000995991195823063,0.05469740575376189,False,True
speed_1800rpm__torque_500Nm__temperature_25degC,train,Fw,1800.0,500.0,-499.96735349849416,26.771927777777773,-0.039249118523345804,0.04144251139283753,False,True
speed_1800rpm__torque_500Nm__temperature_25degC,train,Bw,1800.0,500.0,500.00234884272425,27.97591018518518,0.003226712801327249,0.04167812358543059,False,True
speed_1800rpm__torque_500Nm__temperature_30degC,train,Fw,1800.0,500.0,-499.7688215970993,31.865600925925925,-0.04043983762654224,0.047072639894902596,False,True
speed_1800rpm__torque_500Nm__temperature_30degC,train,Bw,1800.0,500.0,500.3463160079963,32.599550925925925,0.004839010978733564,0.05388380856077108,False,True
speed_1800rpm__torque_500Nm__temperature_35degC,train,Fw,1800.0,500.0,-499.842495697516,35.59315462962964,-0.039652768357396326,0.04617244109324174,False,True
speed_1800rpm__torque_500Nm__temperature_35degC,train,Bw,1800.0,500.0,499.80612271258263,36.159727777777775,0.006853346739500615,0.0547098109718442,False,True
speed_1800rpm__torque_600Nm__temperature_35degC,train,Fw,1800.0,600.0,-600.2269289890925,35.93074814814815,-0.043563231047189475,0.04747838815906533,False,True
speed_1800rpm__torque_600Nm__temperature_35degC,train,Bw,1800.0,600.0,599.8583997451675,36.52480925925926,0.010359597189535608,0.04810704435109744,False,True
speed_1800rpm__torque_700Nm__temperature_25degC,train,Fw,1800.0,700.0,-700.2244032974596,26.45569351851852,-0.04575419212510123,0.04289848522929598,False,True
speed_1800rpm__torque_700Nm__temperature_25degC,train,Bw,1800.0,700.0,699.7879512410459,27.65276018518519,0.00966966943661974,0.043039285691598,False,True
speed_1800rpm__torque_700Nm__temperature_35degC,train,Fw,1800.0,700.0,-699.7413150248705,36.30567777777778,-0.046744933582818816,0.04947968655142716,False,True
speed_1800rpm__torque_700Nm__temperature_35degC,train,Bw,1800.0,700.0,699.8457058528355,36.906283333333334,0.014407174500839986,0.051704901788996234,False,True
speed_1800rpm__torque_800Nm__temperature_25degC,train,Fw,1800.0,800.0,-800.0718329570911,26.79657592592593,-0.04897635651656046,0.04246482314909796,False,True
speed_1800rpm__torque_800Nm__temperature_25degC,train,Bw,1800.0,800.0,800.1169088953361,28.028999999999996,0.013520636677393366,0.04307590218186025,False,True
speed_1800rpm__torque_800Nm__temperature_30degC,train,Fw,1800.0,800.0,-799.7413933718645,31.56886203703704,-0.04978743800534786,0.04728524324635325,False,True
speed_1800rpm__torque_800Nm__temperature_30degC,train,Bw,1800.0,800.0,799.6291587087281,32.100482407407405,0.015606715231669567,0.054880953903009164,False,True
speed_1800rpm__torque_800Nm__temperature_35degC,train,Fw,1800.0,800.0,-799.9374887236843,36.684899074074075,-0.050038069244925806,0.049356772660285944,False,True
speed_1800rpm__torque_800Nm__temperature_35degC,train,Bw,1800.0,800.0,799.9840809441062,37.24043703703703,0.018144420245122004,0.050266070497203504,False,True
speed_1800rpm__torque_900Nm__temperature_25degC,train,Fw,1800.0,900.0,-900.0547218764269,26.739972222222224,-0.04771371319472436,0.0421352622302878,False,True
speed_1800rpm__torque_900Nm__temperature_25degC,train,Bw,1800.0,900.0,900.4076317769777,27.72480648148148,0.020101953258277662,0.043422469042700765,False,True
speed_1800rpm__torque_900Nm__temperature_30degC,train,Fw,1800.0,900.0,-899.8993113526592,31.839923148148145,-0.052453851066250744,0.047781711656388365,False,True
speed_1800rpm__torque_900Nm__temperature_30degC,train,Bw,1800.0,900.0,899.9068900942185,32.48891388888889,0.019925677543989523,0.05569763791255965,False,True
speed_200rpm__torque_0Nm__temperature_25degC,train,Fw,200.0,0.0,0.011409149146983773,25.253221604938272,-0.02127958342439809,0.03792721985151078,True,True
speed_200rpm__torque_0Nm__temperature_25degC,train,Bw,200.0,0.0,0.0051199585097746955,25.270016563786008,-0.013162400232599274,0.03952163168646583,True,True
speed_200rpm__torque_0Nm__temperature_30degC,train,Fw,200.0,0.0,-0.003914678731914743,29.891804012345673,-0.017691078649168728,0.03826344592768385,True,True
speed_200rpm__torque_0Nm__temperature_30degC,train,Bw,200.0,0.0,-0.012599292940303045,29.84817139917695,-0.01077331838049793,0.03923433625838989,True,True
speed_200rpm__torque_0Nm__temperature_35degC,train,Fw,200.0,0.0,0.004635479306206076,34.727661213991766,-0.0159447129574089,0.03868502461257112,True,True
speed_200rpm__torque_0Nm__temperature_35degC,train,Bw,200.0,0.0,-0.005586045896626186,34.5069829218107,-0.00938292305167041,0.03988032229556113,True,True
speed_200rpm__torque_1000Nm__temperature_25degC,train,Fw,200.0,1000.0,-999.994720784725,26.364418312757202,-0.06251373044266363,0.04325516728910327,False,True
speed_200rpm__torque_1000Nm__temperature_25degC,train,Bw,200.0,1000.0,999.9755719262699,26.439437448559673,0.027737084254180037,0.04150322535136923,False,True
speed_200rpm__torque_1000Nm__temperature_35degC,train,Fw,200.0,1000.0,-999.9585055569072,36.11930514403292,-0.061848913621311785,0.043803810452249306,False,True
speed_200rpm__torque_1000Nm__temperature_35degC,train,Bw,200.0,1000.0,1000.0099316655919,36.13758467078189,0.028968896734496236,0.04184229610252008,False,True
speed_200rpm__torque_100Nm__temperature_25degC,train,Fw,200.0,100.0,-99.96023547011639,25.66099650205761,-0.028013017005172034,0.039748957172734495,False,True
speed_200rpm__torque_100Nm__temperature_25degC,train,Bw,200.0,100.0,99.98076350616601,25.71276800411523,-0.008327950330494474,0.03780590887616592,False,True
speed_200rpm__torque_100Nm__temperature_35degC,train,Fw,200.0,100.0,-99.98056523103283,36.458634259259256,-0.026971899334386283,0.040264415245304136,False,True
speed_200rpm__torque_100Nm__temperature_35degC,train,Bw,200.0,100.0,99.9822272884901,36.46376697530864,-0.006617817049653057,0.038888822832271415,False,True
speed_200rpm__torque_1100Nm__temperature_25degC,train,Fw,200.0,1100.0,-1099.996041974413,25.508030452674898,-0.0657165287445275,0.043008796250931666,False,True
speed_200rpm__torque_1100Nm__temperature_25degC,train,Bw,200.0,1100.0,1100.0381713022791,25.60970308641975,0.030479478538125396,0.0413391201064208,False,True
speed_200rpm__torque_1100Nm__temperature_30degC,train,Fw,200.0,1100.0,-1099.9465234387558,30.26511862139918,-0.06693703016221005,0.044038487184170555,False,True
speed_200rpm__torque_1100Nm__temperature_30degC,train,Bw,200.0,1100.0,1099.990750292438,30.32776627812471,0.03205399105363301,0.04282893095271559,False,True
speed_200rpm__torque_1200Nm__temperature_25degC,train,Fw,200.0,1200.0,-1200.0760856332113,25.115134156378602,-0.06959380672281947,0.04330194865656085,False,True
speed_200rpm__torque_1200Nm__temperature_25degC,train,Bw,200.0,1200.0,1200.0006384443134,25.24838744855967,0.03429554026115339,0.04199070545586121,False,True
speed_200rpm__torque_1200Nm__temperature_30degC,train,Fw,200.0,1200.0,-1200.0209735352316,30.42945051440329,-0.07029106601463463,0.0443582754161156,False,True
speed_200rpm__torque_1200Nm__temperature_30degC,train,Bw,200.0,1200.0,1199.957012085304,30.488378000226337,0.036151888013583024,0.042522529966560085,False,True
speed_200rpm__torque_1200Nm__temperature_35degC,train,Fw,200.0,1200.0,-1199.8509780664012,37.03350432098765,-0.06911910519182428,0.045170055495063796,False,True
speed_200rpm__torque_1200Nm__temperature_35degC,train,Bw,200.0,1200.0,1199.8509484621627,37.03231522633745,0.036734582288099345,0.042192703108799905,False,True
speed_200rpm__torque_1300Nm__temperature_25degC,train,Fw,200.0,1300.0,-1300.0341261046412,25.69488086419753,-0.07305557847493416,0.04383402566167433,False,True
speed_200rpm__torque_1300Nm__temperature_25degC,train,Bw,200.0,1300.0,1300.0014492589025,25.791887654320984,0.0379272334099517,0.04332084001837884,False,True
speed_200rpm__torque_1300Nm__temperature_30degC,train,Fw,200.0,1300.0,-1300.0200801719855,30.56230720164609,-0.07407256333822193,0.046607236274797244,False,True
speed_200rpm__torque_1300Nm__temperature_30degC,train,Bw,200.0,1300.0,1300.00472516491,30.624943106995886,0.0397498262429459,0.043406434771321147,False,True
speed_200rpm__torque_1300Nm__temperature_35degC,train,Fw,200.0,1300.0,-1299.978059424785,37.34587685185185,-0.07264501790320431,0.045729671707530624,False,True
speed_200rpm__torque_1300Nm__temperature_35degC,train,Bw,200.0,1300.0,1300.029581155889,37.37589197530864,0.04092689345952115,0.043522989791192165,False,True
speed_200rpm__torque_1400Nm__temperature_25degC,train,Fw,200.0,1400.0,-1399.997126761778,25.298541975308645,-0.0755682663756149,0.04533912469053112,False,True
speed_200rpm__torque_1400Nm__temperature_25degC,train,Bw,200.0,1400.0,1399.9718257812578,25.455376543209876,0.039945844132572315,0.042767810321032544,False,True
speed_200rpm__torque_1400Nm__temperature_30degC,train,Fw,200.0,1400.0,-1399.9653997416358,30.70484279835391,-0.07760005813134158,0.04580796592792506,False,True
speed_200rpm__torque_1400Nm__temperature_30degC,train,Bw,200.0,1400.0,1399.9914120832657,30.771178497942383,0.04362959487981928,0.043406528938130816,False,True
speed_200rpm__torque_1400Nm__temperature_35degC,train,Fw,200.0,1400.0,-1399.9696272071988,36.097569444444446,-0.07682071243835248,0.0456447630295451,False,True
speed_200rpm__torque_1400Nm__temperature_35degC,train,Bw,200.0,1400.0,1399.9719844620865,36.22472829218107,0.04383378039046701,0.044662212539074674,False,True
speed_200rpm__torque_1500Nm__temperature_25degC,train,Fw,200.0,1500.0,-1500.051951064985,25.048076543209877,-0.08095160870842745,0.045877673352996924,False,True
speed_200rpm__torque_1500Nm__temperature_25degC,train,Bw,200.0,1500.0,1500.0439522421805,25.047689300411527,0.04441065465681001,0.04372984688406559,False,True
speed_200rpm__torque_1500Nm__temperature_30degC,train,Fw,200.0,1500.0,-1500.0351505024444,30.882754218106996,-0.08161242602029038,0.04681428687424592,False,True
speed_200rpm__torque_1500Nm__temperature_30degC,train,Bw,200.0,1500.0,1499.9999498413363,30.962332613168723,0.047076356437404,0.043221756607940864,False,True
speed_200rpm__torque_1500Nm__temperature_35degC,train,Fw,200.0,1500.0,-1500.061743772079,37.11507582304527,-0.08032665490255332,0.04579384914792692,False,True
speed_200rpm__torque_1500Nm__temperature_35degC,train,Bw,200.0,1500.0,1500.0081292748819,37.162592283950616,0.04766879954154701,0.04556390664040326,False,True
speed_200rpm__torque_1600Nm__temperature_25degC,train,Fw,200.0,1600.0,-1600.016406225079,24.974700514403292,-0.08507864951821532,0.045935595408365004,False,True
speed_200rpm__torque_1600Nm__temperature_25degC,train,Bw,200.0,1600.0,1599.9900605073117,25.022175925925925,0.04783637302137052,0.04365121945431027,False,True
speed_200rpm__torque_1600Nm__temperature_30degC,train,Fw,200.0,1600.0,-1599.9975919698982,31.07116779835391,-0.08551305399439899,0.045948299683571794,False,True
speed_200rpm__torque_1600Nm__temperature_30degC,train,Bw,200.0,1600.0,1599.956947702213,31.152226234567898,0.050672849493802664,0.04406816636540245,False,True
speed_200rpm__torque_1600Nm__temperature_35degC,train,Fw,200.0,1600.0,-1600.0264075680525,35.63087952674897,-0.08572426264161198,0.04744992694809426,False,True
speed_200rpm__torque_1600Nm__temperature_35degC,train,Bw,200.0,1600.0,1599.979311041367,35.69226450617284,0.05222535361126138,0.046245670977890646,False,True
speed_200rpm__torque_1700Nm__temperature_25degC,train,Fw,200.0,1700.0,-1699.993525753296,25.103449691358026,-0.0884625367158599,0.04654161218134252,False,True
speed_200rpm__torque_1700Nm__temperature_25degC,train,Bw,200.0,1700.0,1700.0469573492915,25.164183950617286,0.05184024173849646,0.04426117158540493,False,True
speed_200rpm__torque_1700Nm__temperature_30degC,train,Fw,200.0,1700.0,-1700.0031095105435,30.722560596707815,-0.08860996995554832,0.04673825783777118,False,True
speed_200rpm__torque_1700Nm__temperature_30degC,train,Bw,200.0,1700.0,1699.9571078375911,30.835624074074076,0.05468443877915481,0.04623476312006839,False,True
speed_200rpm__torque_1800Nm__temperature_25degC,train,Fw,200.0,1800.0,-1800.016104362498,25.25113499110073,-0.09176778857723975,0.04720653407227152,False,True
speed_200rpm__torque_1800Nm__temperature_25degC,train,Bw,200.0,1800.0,1800.0733112708845,25.334145001491784,0.055891609482013375,0.04427258649956961,False,True
speed_200rpm__torque_1800Nm__temperature_30degC,train,Fw,200.0,1800.0,-1800.0158952219497,31.088618209876543,-0.09240320722079788,0.04751655376703384,False,True
speed_200rpm__torque_1800Nm__temperature_30degC,train,Bw,200.0,1800.0,1799.9167093228705,31.182248662551437,0.05822199841204129,0.04584923490497582,False,True
speed_200rpm__torque_1800Nm__temperature_35degC,train,Fw,200.0,1800.0,-1800.0977228109728,37.11724218106996,-0.09187730763246538,0.04810093695142634,False,True
speed_200rpm__torque_1800Nm__temperature_35degC,train,Bw,200.0,1800.0,1799.9369783826746,37.214802160493825,0.05828807041936414,0.0470400063489444,False,True
speed_200rpm__torque_200Nm__temperature_25degC,train,Fw,200.0,200.0,-200.1014921768212,25.008566975308643,-0.03190674016575687,0.03960611402305519,False,True
speed_200rpm__torque_200Nm__temperature_25degC,train,Bw,200.0,200.0,199.98169115813718,25.103694444444447,-0.004205474657500489,0.03901939735734376,False,True
speed_200rpm__torque_200Nm__temperature_35degC,train,Fw,200.0,200.0,-199.99229158638926,37.186488477366254,-0.031190816989568937,0.03994099175034683,False,True
speed_200rpm__torque_200Nm__temperature_35degC,train,Bw,200.0,200.0,200.00321484725734,37.19934649533431,-0.0015502621345666772,0.03884468537839655,False,True
speed_200rpm__torque_300Nm__temperature_30degC,train,Fw,200.0,300.0,-299.9998677488217,29.810952057613168,-0.03694967132772003,0.03992844786964752,False,True
speed_200rpm__torque_300Nm__temperature_30degC,train,Bw,200.0,300.0,299.9468366339772,29.818949485596704,0.0012149092588684832,0.03870734117428333,False,True
speed_200rpm__torque_300Nm__temperature_35degC,train,Fw,200.0,300.0,-300.00164278740743,37.64155236625514,-0.03546542131425908,0.04170141182807309,False,True
speed_200rpm__torque_300Nm__temperature_35degC,train,Bw,200.0,300.0,300.01927170227736,37.62269176954733,0.002918896973605592,0.038918503046547474,False,True
speed_200rpm__torque_400Nm__temperature_25degC,train,Fw,200.0,400.0,-399.97971258291,25.0076975308642,-0.040431137116279416,0.040301849238370616,False,True
speed_200rpm__torque_400Nm__temperature_25degC,train,Bw,200.0,400.0,400.0453399905539,25.02601172839506,0.0037073690843142447,0.039356933496458586,False,True
speed_200rpm__torque_400Nm__temperature_30degC,train,Fw,200.0,400.0,-399.9923970522704,29.73074022633745,-0.04100863102277641,0.040583794730427065,False,True
speed_200rpm__torque_400Nm__temperature_30degC,train,Bw,200.0,400.0,399.98445583333597,29.77241607423945,0.005199475586738019,0.03923118631489335,False,True
speed_200rpm__torque_400Nm__temperature_35degC,train,Fw,200.0,400.0,-399.998081046858,36.862219032921814,-0.040444541677390776,0.04107109891838873,False,True
speed_200rpm__torque_400Nm__temperature_35degC,train,Bw,200.0,400.0,399.9288812795874,36.791825617283955,0.007388751570149678,0.03836467447976562,False,True
speed_200rpm__torque_500Nm__temperature_25degC,train,Fw,200.0,500.0,-500.00346615481277,25.014217489711932,-0.04421290691859193,0.04067723742820613,False,True
speed_200rpm__torque_500Nm__temperature_25degC,train,Bw,200.0,500.0,500.0088594760192,25.051019238683125,0.00752620458565371,0.03985641006452655,False,True
speed_200rpm__torque_500Nm__temperature_30degC,train,Fw,200.0,500.0,-500.00238540486544,30.046260082304528,-0.04393293741018943,0.04128895596563288,False,True
speed_200rpm__torque_500Nm__temperature_30degC,train,Bw,200.0,500.0,499.9806407868105,30.191340432098766,0.008609211616170516,0.03937569239646897,False,True
speed_200rpm__torque_500Nm__temperature_35degC,train,Fw,200.0,500.0,-499.96806839120734,36.83588456790123,-0.0442637708296262,0.041049062790813676,False,True
speed_200rpm__torque_500Nm__temperature_35degC,train,Bw,200.0,500.0,500.0341009472067,36.775075,0.011432475573220476,0.03953876181210873,False,True
speed_200rpm__torque_600Nm__temperature_25degC,train,Fw,200.0,600.0,-600.1232394024178,25.057550205761316,-0.047801862944828556,0.041106747877301335,False,True
speed_200rpm__torque_600Nm__temperature_25degC,train,Bw,200.0,600.0,600.0193717694121,25.094795164609053,0.01142375491062934,0.039352612157522636,False,True
speed_200rpm__torque_600Nm__temperature_35degC,train,Fw,200.0,600.0,-600.0088272639263,36.771140123456796,-0.048341818618582805,0.04142034178048671,False,True
speed_200rpm__torque_600Nm__temperature_35degC,train,Bw,200.0,600.0,600.0056917708514,36.72912901234568,0.015067644171166112,0.040404375437322865,False,True
speed_200rpm__torque_700Nm__temperature_25degC,train,Fw,200.0,700.0,-700.0452547308839,25.08942273662551,-0.05128389989696615,0.040853565765500456,False,True
speed_200rpm__torque_700Nm__temperature_25degC,train,Bw,200.0,700.0,699.9866500432967,25.12841452248433,0.015298874699230984,0.0402455093938968,False,True
speed_200rpm__torque_700Nm__temperature_35degC,train,Fw,200.0,700.0,-700.0032290558756,34.77606934156378,-0.050848280263434915,0.04196695879997425,False,True
speed_200rpm__torque_700Nm__temperature_35degC,train,Bw,200.0,700.0,700.0216258379061,34.682769415952514,0.01629218558415718,0.04076857740490039,False,True
speed_200rpm__torque_800Nm__temperature_25degC,train,Fw,200.0,800.0,-800.1082754969107,25.121586728395062,-0.054808697349802905,0.04209557134197979,False,True
speed_200rpm__torque_800Nm__temperature_25degC,train,Bw,200.0,800.0,800.0016352556879,25.17807018446312,0.019040645397471138,0.04017492859772031,False,True
speed_200rpm__torque_800Nm__temperature_30degC,train,Fw,200.0,800.0,-800.0321790298038,29.894513318038253,-0.05554066447644056,0.041815985202332054,False,True
speed_200rpm__torque_800Nm__temperature_30degC,train,Bw,200.0,800.0,799.9626058884182,29.943402880658432,0.02104916681382224,0.04050774913440709,False,True
speed_200rpm__torque_800Nm__temperature_35degC,train,Fw,200.0,800.0,-799.9904341288608,35.817464738017094,-0.05442717386124547,0.04291357369108953,False,True
speed_200rpm__torque_800Nm__temperature_35degC,train,Bw,200.0,800.0,800.0107452789015,35.76437716049383,0.020549007853467673,0.04153126023295391,False,True
speed_200rpm__torque_900Nm__temperature_35degC,train,Fw,200.0,900.0,-899.9756708925153,35.76803786008231,-0.058184118707667404,0.0435750186437105,False,True
speed_200rpm__torque_900Nm__temperature_35degC,train,Bw,200.0,900.0,900.0516467587693,35.75141635802469,0.024985695167456645,0.04159978797904797,False,True
speed_300rpm__torque_0Nm__temperature_25degC,train,Fw,300.0,0.0,-0.016395183116180254,25.266612654320987,-0.021540807412192237,0.03864757923637578,True,True
speed_300rpm__torque_0Nm__temperature_25degC,train,Bw,300.0,0.0,-0.02234499522871106,25.273279938271607,-0.013083346430024066,0.03907099883272467,True,True
speed_300rpm__torque_0Nm__temperature_30degC,train,Fw,300.0,0.0,0.008693691008010923,30.569397839506173,-0.018798194374902447,0.03922860345147251,True,True
speed_300rpm__torque_0Nm__temperature_30degC,train,Bw,300.0,0.0,-0.03653991591245638,30.49601805555556,-0.011627625332647332,0.039053217818728655,True,True
speed_300rpm__torque_0Nm__temperature_35degC,train,Fw,300.0,0.0,0.024672347786308762,34.75882438271606,-0.015659677321108425,0.03907768262773092,True,True
speed_300rpm__torque_0Nm__temperature_35degC,train,Bw,300.0,0.0,0.02638021368141752,34.56817932098766,-0.008503117413153308,0.03965672726579746,True,True
speed_300rpm__torque_1000Nm__temperature_30degC,train,Fw,300.0,1000.0,-1000.0440714719855,30.00404135802469,-0.060709614004682326,0.04161823127078531,False,True
speed_300rpm__torque_1000Nm__temperature_30degC,train,Bw,300.0,1000.0,999.9726435987803,30.08577777777778,0.02700118484811039,0.04134375498728703,False,True
speed_300rpm__torque_1000Nm__temperature_35degC,train,Fw,300.0,1000.0,-999.9294333877386,34.94496172839506,-0.059792445786043334,0.04205722879283347,False,True
speed_300rpm__torque_1000Nm__temperature_35degC,train,Bw,300.0,1000.0,999.9563704213479,34.82551836419753,0.027623742895916938,0.041122317519614864,False,True
speed_300rpm__torque_100Nm__temperature_25degC,train,Fw,300.0,100.0,-100.00098359069706,25.78374938271605,-0.02750230261155573,0.03885830442163726,False,True
speed_300rpm__torque_100Nm__temperature_25degC,train,Bw,300.0,100.0,100.0069483902172,25.86752098765432,-0.00823219806528764,0.0385115781971961,False,True
speed_300rpm__torque_100Nm__temperature_30degC,train,Fw,300.0,100.0,-99.98804421704493,31.142420216049384,-0.027383847485037666,0.03943752290444626,False,True
speed_300rpm__torque_100Nm__temperature_30degC,train,Bw,300.0,100.0,99.97588273264229,31.164371604938268,-0.0071153075190259485,0.03810402523256845,False,True
speed_300rpm__torque_1200Nm__temperature_30degC,train,Fw,300.0,1200.0,-1200.0443414213532,30.255509498603374,-0.06945583339615513,0.042751871256834766,False,True
speed_300rpm__torque_1200Nm__temperature_30degC,train,Bw,300.0,1200.0,1199.914975869969,30.269178395061733,0.03420874667113753,0.041842898354543454,False,True
speed_300rpm__torque_1200Nm__temperature_35degC,train,Fw,300.0,1200.0,-1199.9349053995109,35.3313861111111,-0.06755821250721783,0.04329091869261349,False,True
speed_300rpm__torque_1200Nm__temperature_35degC,train,Bw,300.0,1200.0,1200.0650605968044,35.318049537037034,0.03591957247050901,0.04228080830011628,False,True
speed_300rpm__torque_1300Nm__temperature_25degC,train,Fw,300.0,1300.0,-1300.023301475578,25.832158641975308,-0.07263222720620147,0.04286350164842762,False,True
speed_300rpm__torque_1300Nm__temperature_25degC,train,Bw,300.0,1300.0,1299.9437354456386,25.911139660493827,0.03698646634529223,0.041918290988183324,False,True
speed_300rpm__torque_1300Nm__temperature_30degC,train,Fw,300.0,1300.0,-1300.058599397724,30.04057484567901,-0.07272183232517482,0.042999693088739875,False,True
speed_300rpm__torque_1300Nm__temperature_30degC,train,Bw,300.0,1300.0,1300.0359054780422,30.08107114197531,0.0387021733985709,0.04313467484400901,False,True
speed_300rpm__torque_1300Nm__temperature_35degC,train,Fw,300.0,1300.0,-1299.9662531452414,35.240249382716044,-0.07173168428377216,0.043602708934281226,False,True
speed_300rpm__torque_1300Nm__temperature_35degC,train,Bw,300.0,1300.0,1300.0798386651304,35.24618842592592,0.0396313974753724,0.042486079033787004,False,True
speed_300rpm__torque_1400Nm__temperature_25degC,train,Fw,300.0,1400.0,-1400.1170960252668,25.093862808641976,-0.07629212550124428,0.04313986127560011,False,True
speed_300rpm__torque_1400Nm__temperature_25degC,train,Bw,300.0,1400.0,1400.0098249732653,25.151481327160496,0.039996881047707836,0.04224482717262208,False,True
speed_300rpm__torque_1400Nm__temperature_35degC,train,Fw,300.0,1400.0,-1399.7681875508508,35.329146604938266,-0.07512799925552288,0.04373789557864383,False,True
speed_300rpm__torque_1400Nm__temperature_35degC,train,Bw,300.0,1400.0,1400.071534478803,35.38537037037037,0.04357629957462652,0.04269445418535967,False,True
speed_300rpm__torque_1500Nm__temperature_25degC,train,Fw,300.0,1500.0,-1500.0573664241367,24.860182870370373,-0.08029915124998466,0.04349898236427308,False,True
speed_300rpm__torque_1500Nm__temperature_25degC,train,Bw,300.0,1500.0,1499.9851270498984,24.941959413580246,0.04384101214240767,0.04250396042680121,False,True
speed_300rpm__torque_1500Nm__temperature_30degC,train,Fw,300.0,1500.0,-1499.986025173669,30.08899118813562,-0.08022132769290162,0.04426575265861393,False,True
speed_300rpm__torque_1500Nm__temperature_30degC,train,Bw,300.0,1500.0,1499.9728014180243,30.16522646255459,0.04605184377183571,0.04301842819077146,False,True
speed_300rpm__torque_1500Nm__temperature_35degC,train,Fw,300.0,1500.0,-1499.932074657193,35.53615679012346,-0.0786334739943972,0.044598937447893054,False,True
speed_300rpm__torque_1500Nm__temperature_35degC,train,Bw,300.0,1500.0,1499.9068189181698,35.572148765432104,0.04753943611747212,0.043025563164914155,False,True
speed_300rpm__torque_1600Nm__temperature_25degC,train,Fw,300.0,1600.0,-1600.0348120265537,24.927075308641975,-0.08398520169508725,0.04386298358429735,False,True
speed_300rpm__torque_1600Nm__temperature_25degC,train,Bw,300.0,1600.0,1600.0104538538528,25.02117484567901,0.04765268815027225,0.042879425201289234,False,True
speed_300rpm__torque_1600Nm__temperature_30degC,train,Fw,300.0,1600.0,-1600.0151873849056,30.07675787037037,-0.08198417116324067,0.04488545469932397,False,True
speed_300rpm__torque_1600Nm__temperature_30degC,train,Bw,300.0,1600.0,1599.9478403554654,30.28555447530864,0.048889510297427594,0.042830871210761914,False,True
speed_300rpm__torque_1600Nm__temperature_35degC,train,Fw,300.0,1600.0,-1600.0128769617022,35.56423040123457,-0.08207348667574788,0.04550174603049246,False,True
speed_300rpm__torque_1600Nm__temperature_35degC,train,Bw,300.0,1600.0,1600.053501176,35.6051096433697,0.05113753309016903,0.042895881665400384,False,True
speed_300rpm__torque_1700Nm__temperature_25degC,train,Fw,300.0,1700.0,-1699.9376349316703,25.06439506172839,-0.08757106682286997,0.04472657210261202,False,True
speed_300rpm__torque_1700Nm__temperature_25degC,train,Bw,300.0,1700.0,1700.047700097998,25.148523325257326,0.05143827029688135,0.0437867279266351,False,True
speed_300rpm__torque_1700Nm__temperature_30degC,train,Fw,300.0,1700.0,-1699.9960233215932,30.087693981481483,-0.08764170306923452,0.04646173678355596,False,True
speed_300rpm__torque_1700Nm__temperature_30degC,train,Bw,300.0,1700.0,1700.0778892324427,30.112771296296298,0.052846309578693816,0.04426787089592024,False,True
speed_300rpm__torque_1700Nm__temperature_35degC,train,Fw,300.0,1700.0,-1700.0331709819075,35.92990586419753,-0.0852798089656749,0.045929551125096786,False,True
speed_300rpm__torque_1700Nm__temperature_35degC,train,Bw,300.0,1700.0,1700.0190251720408,35.98835061728395,0.05523739150772454,0.0443399004180626,False,True
speed_300rpm__torque_1800Nm__temperature_25degC,train,Fw,300.0,1800.0,-1800.0374150092218,25.247939197530865,-0.0912864699343892,0.04599547634430874,False,True
speed_300rpm__torque_1800Nm__temperature_25degC,train,Bw,300.0,1800.0,1799.983573958711,25.34875540123457,0.05503740135292963,0.0437101587296888,False,True
speed_300rpm__torque_1800Nm__temperature_30degC,train,Fw,300.0,1800.0,-1799.9748664975991,30.011114523372274,-0.09133575878538103,0.046345843002733436,False,True
speed_300rpm__torque_1800Nm__temperature_30degC,train,Bw,300.0,1800.0,1799.9404153708667,30.067686419753088,0.056772979234430164,0.043771896095961896,False,True
speed_300rpm__torque_1800Nm__temperature_35degC,train,Fw,300.0,1800.0,-1799.8593522700262,35.94312654320988,-0.08994368717221396,0.04615275396295267,False,True
speed_300rpm__torque_1800Nm__temperature_35degC,train,Bw,300.0,1800.0,1799.9656778275523,35.998656018518524,0.05864262683578855,0.04432272269666566,False,True
speed_300rpm__torque_200Nm__temperature_25degC,train,Fw,300.0,200.0,-200.09637043799884,25.040722067901235,-0.031851195864210195,0.03886809365552895,False,True
speed_300rpm__torque_200Nm__temperature_25degC,train,Bw,300.0,200.0,199.97893023386908,25.104774691358028,-0.004312330961233032,0.03766861951896251,False,True
speed_300rpm__torque_200Nm__temperature_35degC,train,Fw,300.0,200.0,-199.9182985148344,35.46141355843274,-0.02998713801812888,0.039800731465615025,False,True
speed_300rpm__torque_200Nm__temperature_35degC,train,Bw,300.0,200.0,199.93397827818401,35.409093981481476,-0.0020915036787403024,0.03787662109805251,False,True
speed_300rpm__torque_300Nm__temperature_25degC,train,Fw,300.0,300.0,-299.85272657168673,25.215243445114893,-0.03563432884701539,0.03901296191684038,False,True
speed_300rpm__torque_300Nm__temperature_25degC,train,Bw,300.0,300.0,299.98297525337205,25.345145599604948,-0.00012102970714470931,0.03803447922939957,False,True
speed_300rpm__torque_300Nm__temperature_30degC,train,Fw,300.0,300.0,-299.9951397931134,31.612335030864198,-0.036412777559343884,0.03995571285578467,False,True
speed_300rpm__torque_300Nm__temperature_30degC,train,Bw,300.0,300.0,299.9754078564939,31.652293055555553,0.0012106318373475845,0.038726146642397805,False,True
speed_300rpm__torque_300Nm__temperature_35degC,train,Fw,300.0,300.0,-299.9677214541553,35.221530246913574,-0.034174633973691304,0.04039153663503438,False,True
speed_300rpm__torque_300Nm__temperature_35degC,train,Bw,300.0,300.0,299.9721598334444,35.19460108024691,0.0026033239144434223,0.03856009803528347,False,True
speed_300rpm__torque_400Nm__temperature_25degC,train,Fw,300.0,400.0,-400.0346236022902,25.437170679012343,-0.03941122950573242,0.03909516872721132,False,True
speed_300rpm__torque_400Nm__temperature_25degC,train,Bw,300.0,400.0,399.95825408655713,25.555396296296294,0.0037791638814608955,0.03768497766678513,False,True
speed_300rpm__torque_400Nm__temperature_30degC,train,Fw,300.0,400.0,-399.97817525525153,31.77948688271605,-0.03989982941460935,0.0402099721956046,False,True
speed_300rpm__torque_400Nm__temperature_30degC,train,Bw,300.0,400.0,400.0063783857803,31.830756327160493,0.0055805572820714225,0.03850464398974089,False,True
speed_300rpm__torque_400Nm__temperature_35degC,train,Fw,300.0,400.0,-399.9872726275597,35.056203549382715,-0.037654303971789226,0.04057201556921693,False,True
speed_300rpm__torque_400Nm__temperature_35degC,train,Bw,300.0,400.0,400.0118817863088,35.06754537037037,0.006608560204093092,0.039225650122741935,False,True
speed_300rpm__torque_500Nm__temperature_30degC,train,Fw,300.0,500.0,-499.9934399900613,31.932204938271603,-0.04392447889659026,0.04055829718748284,False,True
speed_300rpm__torque_500Nm__temperature_30degC,train,Bw,300.0,500.0,499.9881933891386,31.98978487654321,0.009351544436222898,0.038740609053629416,False,True
speed_300rpm__torque_500Nm__temperature_35degC,train,Fw,300.0,500.0,-499.9959126078052,35.919554783950616,-0.0414613496702516,0.040460607658340024,False,True
speed_300rpm__torque_500Nm__temperature_35degC,train,Bw,300.0,500.0,500.0033743738736,35.90966111111111,0.010480119992521434,0.039519355115244376,False,True
speed_300rpm__torque_600Nm__temperature_25degC,train,Fw,300.0,600.0,-600.0477810112046,25.71920663580247,-0.046283538683945975,0.04006038833842981,False,True
speed_300rpm__torque_600Nm__temperature_25degC,train,Bw,300.0,600.0,600.0703136062849,25.7633637345679,0.01173242913185911,0.03866403259351756,False,True
speed_300rpm__torque_600Nm__temperature_30degC,train,Fw,300.0,600.0,-599.9986926751372,32.079784567901235,-0.047629208953361694,0.040496723312101704,False,True
speed_300rpm__torque_600Nm__temperature_30degC,train,Bw,300.0,600.0,600.00321634796,32.12354907407408,0.013209193531161761,0.039244257945285396,False,True
speed_300rpm__torque_600Nm__temperature_35degC,train,Fw,300.0,600.0,-599.969844409713,36.000720987654326,-0.04535752887132298,0.04068114587735487,False,True
speed_300rpm__torque_600Nm__temperature_35degC,train,Bw,300.0,600.0,599.9586919084803,36.033466820987655,0.014386604997169015,0.03925763795126736,False,True
speed_300rpm__torque_700Nm__temperature_25degC,train,Fw,300.0,700.0,-699.9874280080384,25.805068518518517,-0.05025378018521083,0.04000346383386045,False,True
speed_300rpm__torque_700Nm__temperature_25degC,train,Bw,300.0,700.0,700.0546981551478,25.887750308641976,0.015062259512745752,0.03912818618326912,False,True
speed_300rpm__torque_700Nm__temperature_30degC,train,Fw,300.0,700.0,-699.9962242076426,32.213774691358026,-0.05145891642626702,0.04120231812983435,False,True
speed_300rpm__torque_700Nm__temperature_30degC,train,Bw,300.0,700.0,700.0232453506417,32.26877129629629,0.016959887298640217,0.04007955288149893,False,True
speed_300rpm__torque_700Nm__temperature_35degC,train,Fw,300.0,700.0,-699.9677792780193,36.25626419753086,-0.04902573199339801,0.040604787774993226,False,True
speed_300rpm__torque_700Nm__temperature_35degC,train,Bw,300.0,700.0,700.0152548687482,36.27551388888889,0.018318257811281196,0.0398183645086046,False,True
speed_300rpm__torque_800Nm__temperature_30degC,train,Fw,300.0,800.0,-800.0183544372335,29.768345679012345,-0.053947380206036864,0.0407823144146598,False,True
speed_300rpm__torque_800Nm__temperature_30degC,train,Bw,300.0,800.0,800.0213688085563,29.69189228395062,0.019063223438833876,0.04074611494152694,False,True
speed_300rpm__torque_800Nm__temperature_35degC,train,Fw,300.0,800.0,-799.9746811316337,36.47025540123457,-0.05265510628378121,0.041570155363477496,False,True
speed_300rpm__torque_800Nm__temperature_35degC,train,Bw,300.0,800.0,799.9872079108436,36.48198364197531,0.022265766992727996,0.04096596294526615,False,True
speed_300rpm__torque_900Nm__temperature_25degC,train,Fw,300.0,900.0,-899.9596293767294,26.01015262345679,-0.05794567339297299,0.04052900605702563,False,True
speed_300rpm__torque_900Nm__temperature_25degC,train,Bw,300.0,900.0,899.9924854023828,26.045568981481484,0.021909016720437754,0.039534804721286905,False,True
speed_300rpm__torque_900Nm__temperature_30degC,train,Fw,300.0,900.0,-899.9967494275835,29.887143364197534,-0.057180674444736186,0.04192055409955182,False,True
speed_300rpm__torque_900Nm__temperature_30degC,train,Bw,300.0,900.0,899.9284731704604,29.901216203703704,0.023094988837751126,0.04079631737079901,False,True
speed_300rpm__torque_900Nm__temperature_35degC,train,Fw,300.0,900.0,-900.0092837766365,34.65139907407408,-0.05570834298521605,0.041623206601735976,False,True
speed_300rpm__torque_900Nm__temperature_35degC,train,Bw,300.0,900.0,899.9789728033642,34.37633163580247,0.02249835966733563,0.0406886854466526,False,True
speed_400rpm__torque_0Nm__temperature_25degC,train,Fw,400.0,0.0,-0.016963414840867556,25.325563168724283,-0.02130331051109221,0.0383279513980731,True,True
speed_400rpm__torque_0Nm__temperature_25degC,train,Bw,400.0,0.0,-0.01748656260782299,25.358969753086424,-0.012663978065675255,0.03893278642471228,True,True
speed_400rpm__torque_1000Nm__temperature_35degC,train,Fw,400.0,1000.0,-999.9373844425375,36.18464053497942,-0.06049707366308343,0.042641139070982596,False,True
speed_400rpm__torque_1000Nm__temperature_35degC,train,Bw,400.0,1000.0,999.9909530342369,36.24197366255144,0.027958368835656704,0.0422915485259135,False,True
speed_400rpm__torque_100Nm__temperature_30degC,train,Fw,400.0,100.0,-100.00101160120082,31.19982345679012,-0.02732762630914858,0.03889602712489862,False,True
speed_400rpm__torque_100Nm__temperature_30degC,train,Bw,400.0,100.0,100.01528338331934,31.273660905349793,-0.00756645001298247,0.039140514826622244,False,True
speed_400rpm__torque_100Nm__temperature_35degC,train,Fw,400.0,100.0,-99.88552956559629,34.642120002469184,-0.025452410549885073,0.0390320633427433,False,True
speed_400rpm__torque_100Nm__temperature_35degC,train,Bw,400.0,100.0,99.98002504377507,34.53638847736625,-0.007649738383663351,0.03816062170638151,False,True
speed_400rpm__torque_1100Nm__temperature_25degC,train,Fw,400.0,1100.0,-1100.0343403109798,25.91940411522634,-0.06413674270323584,0.042526489123775574,False,True
speed_400rpm__torque_1100Nm__temperature_25degC,train,Bw,400.0,1100.0,1100.0554679713027,25.976460082304527,0.02897768571890843,0.04118453401543363,False,True
speed_400rpm__torque_1100Nm__temperature_30degC,train,Fw,400.0,1100.0,-1100.1041800200694,30.201884362139918,-0.06408234734217179,0.043720322557759095,False,True
speed_400rpm__torque_1100Nm__temperature_30degC,train,Bw,400.0,1100.0,1099.9943217223663,30.325144444444444,0.03016704230934868,0.040663795340392106,False,True
speed_400rpm__torque_1100Nm__temperature_35degC,train,Fw,400.0,1100.0,-1099.911031512076,35.11469279835391,-0.06507640920477888,0.044051646771911764,False,True
speed_400rpm__torque_1100Nm__temperature_35degC,train,Bw,400.0,1100.0,1099.9143167872382,35.25298436213991,0.03202978333680264,0.04220435189093143,False,True
speed_400rpm__torque_1200Nm__temperature_25degC,train,Fw,400.0,1200.0,-1200.0850341104185,26.170124485596705,-0.06781934010107953,0.04307330792869499,False,True
speed_400rpm__torque_1200Nm__temperature_25degC,train,Bw,400.0,1200.0,1200.0646857203371,26.266487448559673,0.03278852878839214,0.0414834947651361,False,True
speed_400rpm__torque_1200Nm__temperature_30degC,train,Fw,400.0,1200.0,-1199.9530413072296,30.057175102880656,-0.06865734832027844,0.043413040952345605,False,True
speed_400rpm__torque_1200Nm__temperature_30degC,train,Bw,400.0,1200.0,1200.0114314167477,30.091742386831275,0.034316413853596954,0.04164781627935531,False,True
speed_400rpm__torque_1200Nm__temperature_35degC,train,Fw,400.0,1200.0,-1200.0187171437613,36.53929526748971,-0.06805767197012681,0.044197428763938305,False,True
speed_400rpm__torque_1200Nm__temperature_35degC,train,Bw,400.0,1200.0,1199.9807525884578,36.64298950617284,0.03565276744770964,0.04171422371808541,False,True
speed_400rpm__torque_1300Nm__temperature_25degC,train,Fw,400.0,1300.0,-1300.109102936929,26.404923868312757,-0.07192063047318836,0.043491217203575135,False,True
speed_400rpm__torque_1300Nm__temperature_25degC,train,Bw,400.0,1300.0,1299.9291974491518,26.504870576131687,0.0361263582809054,0.04287082907788321,False,True
speed_400rpm__torque_1300Nm__temperature_35degC,train,Fw,400.0,1300.0,-1300.0694727308955,34.555179835390945,-0.06925165707397653,0.04395511518807516,False,True
speed_400rpm__torque_1300Nm__temperature_35degC,train,Bw,400.0,1300.0,1300.0174570889344,34.35041666666667,0.03770606313471626,0.04227684809703264,False,True
speed_400rpm__torque_1400Nm__temperature_30degC,train,Fw,400.0,1400.0,-1399.937689152274,29.984447530864195,-0.07597002572970399,0.044783904321061094,False,True
speed_400rpm__torque_1400Nm__temperature_30degC,train,Bw,400.0,1400.0,1399.9009302937573,30.062941152263374,0.04203171265693312,0.042232452996142804,False,True
speed_400rpm__torque_1400Nm__temperature_35degC,train,Fw,400.0,1400.0,-1400.0021177358587,35.21389176954733,-0.0732703194649196,0.04429128848922808,False,True
speed_400rpm__torque_1400Nm__temperature_35degC,train,Bw,400.0,1400.0,1399.9689355762168,35.174959670781895,0.04227610469377682,0.04204784105608389,False,True
speed_400rpm__torque_1500Nm__temperature_25degC,train,Fw,400.0,1500.0,-1499.827642220038,25.038654526748974,-0.07981877889032558,0.04484201574477203,False,True
speed_400rpm__torque_1500Nm__temperature_25degC,train,Bw,400.0,1500.0,1500.0611375216383,25.19310349794239,0.043890099420739494,0.04235032324875637,False,True
speed_400rpm__torque_1500Nm__temperature_30degC,train,Fw,400.0,1500.0,-1499.9739822487772,30.083279218107,-0.07981277598282177,0.04465430147081238,False,True
speed_400rpm__torque_1500Nm__temperature_30degC,train,Bw,400.0,1500.0,1499.93572931779,30.164795983456447,0.0455776040115752,0.042803573113981856,False,True
speed_400rpm__torque_1500Nm__temperature_35degC,train,Fw,400.0,1500.0,-1500.0082923933353,35.09460976563304,-0.07720040346239146,0.044432691194647926,False,True
speed_400rpm__torque_1500Nm__temperature_35degC,train,Bw,400.0,1500.0,1500.1230241241253,35.05813312757202,0.04632700757281596,0.04267812706590897,False,True
speed_400rpm__torque_1600Nm__temperature_25degC,train,Fw,400.0,1600.0,-1600.0191566679214,25.972032921810694,-0.08283047309206493,0.04453583517003818,False,True
speed_400rpm__torque_1600Nm__temperature_25degC,train,Bw,400.0,1600.0,1599.9817212302787,26.13387325102881,0.04741773224249179,0.04248696689890833,False,True
speed_400rpm__torque_1600Nm__temperature_30degC,train,Fw,400.0,1600.0,-1600.009271941558,30.139494032921814,-0.0830051498369043,0.04457617075169122,False,True
speed_400rpm__torque_1600Nm__temperature_30degC,train,Bw,400.0,1600.0,1600.013668999908,30.18900740740741,0.04890558677410227,0.04296127189333093,False,True
speed_400rpm__torque_1700Nm__temperature_25degC,train,Fw,400.0,1700.0,-1699.978902913906,26.485150205761315,-0.08614940741354113,0.045390717892500515,False,True
speed_400rpm__torque_1700Nm__temperature_25degC,train,Bw,400.0,1700.0,1700.0325863145106,26.603379835390946,0.05139421599088547,0.04297199659679996,False,True
speed_400rpm__torque_1700Nm__temperature_30degC,train,Fw,400.0,1700.0,-1700.0095136420716,29.9391341563786,-0.08686703915253693,0.04490435330390108,False,True
speed_400rpm__torque_1700Nm__temperature_30degC,train,Bw,400.0,1700.0,1699.9959953908035,30.016958498796324,0.052833321864035256,0.042754547257379774,False,True
speed_400rpm__torque_1700Nm__temperature_35degC,train,Fw,400.0,1700.0,-1699.9531076523501,35.343701851851854,-0.08520706037694549,0.04705566602477141,False,True
speed_400rpm__torque_1700Nm__temperature_35degC,train,Bw,400.0,1700.0,1699.9567695750598,35.36583641975309,0.054223751212619395,0.04355940553837936,False,True
speed_400rpm__torque_1800Nm__temperature_25degC,train,Fw,400.0,1800.0,-1799.9520493632972,25.37193353909465,-0.09030468802083508,0.04605200866017632,False,True
speed_400rpm__torque_1800Nm__temperature_25degC,train,Bw,400.0,1800.0,1799.9917584770485,25.580256378600822,0.05460019476281436,0.04374313375404292,False,True
speed_400rpm__torque_1800Nm__temperature_30degC,train,Fw,400.0,1800.0,-1800.003771149082,29.974144032921814,-0.09068448235886394,0.04639020189659589,False,True
speed_400rpm__torque_1800Nm__temperature_30degC,train,Bw,400.0,1800.0,1799.9674642684988,30.058922633744853,0.056391476212943124,0.04371791456744309,False,True
speed_400rpm__torque_200Nm__temperature_35degC,train,Fw,400.0,200.0,-199.96525287628174,34.947689506172836,-0.02954062750181613,0.039745747216242217,False,True
speed_400rpm__torque_200Nm__temperature_35degC,train,Bw,400.0,200.0,199.97578007952058,34.86192637708595,-0.002494206249688097,0.03865554722221621,False,True
speed_400rpm__torque_300Nm__temperature_30degC,train,Fw,400.0,300.0,-300.02185748928366,31.639222633744854,-0.03564676472854267,0.04007541160648572,False,True
speed_400rpm__torque_300Nm__temperature_30degC,train,Bw,400.0,300.0,300.00336325257757,31.704703292181073,0.0012617848799127845,0.04019259578745028,False,True
speed_400rpm__torque_300Nm__temperature_35degC,train,Fw,400.0,300.0,-299.9685960051454,35.241570781893,-0.03356165799183035,0.041142783853130235,False,True
speed_400rpm__torque_300Nm__temperature_35degC,train,Bw,400.0,300.0,300.03191498952407,35.214298971193415,0.0019112711135600086,0.03976264762019115,False,True
speed_400rpm__torque_500Nm__temperature_25degC,train,Fw,400.0,500.0,-500.12075169096266,26.67303559670782,-0.04288265390419056,0.04110209643811122,False,True
speed_400rpm__torque_500Nm__temperature_25degC,train,Bw,400.0,500.0,500.0047667140129,26.76758744855967,0.007005246070508845,0.03915391966953028,False,True
speed_400rpm__torque_500Nm__temperature_30degC,train,Fw,400.0,500.0,-499.96726881329414,31.959590123456792,-0.0434684401884567,0.04142813074069013,False,True
speed_400rpm__torque_500Nm__temperature_30degC,train,Bw,400.0,500.0,500.04132333608396,32.0168829218107,0.00901374600128021,0.03924789631877837,False,True
speed_400rpm__torque_600Nm__temperature_30degC,train,Fw,400.0,600.0,-600.0482576579847,32.09687907656221,-0.04685315258500966,0.041721613249270595,False,True
speed_400rpm__torque_600Nm__temperature_30degC,train,Bw,400.0,600.0,599.9859873829529,32.155101028806584,0.01321850492616918,0.039976974951562674,False,True
speed_400rpm__torque_700Nm__temperature_35degC,train,Fw,400.0,700.0,-699.9325103733864,34.893217629266886,-0.048506119089205935,0.04229222010288426,False,True
speed_400rpm__torque_700Nm__temperature_35degC,train,Bw,400.0,700.0,700.0223916869305,34.88047592592593,0.016743618721759775,0.039136716065440905,False,True
speed_400rpm__torque_800Nm__temperature_25degC,train,Fw,400.0,800.0,-800.0484241281517,25.491874279835386,-0.053243830492982855,0.04249630082046915,False,True
speed_400rpm__torque_800Nm__temperature_25degC,train,Bw,400.0,800.0,800.0466928861496,25.52061049382716,0.017355618566185036,0.04028224074981505,False,True
speed_400rpm__torque_800Nm__temperature_30degC,train,Fw,400.0,800.0,-799.9957991725623,29.860882510288064,-0.052857323891731076,0.041666845274817246,False,True
speed_400rpm__torque_800Nm__temperature_30degC,train,Bw,400.0,800.0,799.984342220975,29.90041399176955,0.018827017791241022,0.03971185017407238,False,True
speed_400rpm__torque_800Nm__temperature_35degC,train,Fw,400.0,800.0,-799.9958042843351,35.152607613168726,-0.05276556153361776,0.043275354224019194,False,True
speed_400rpm__torque_800Nm__temperature_35degC,train,Bw,400.0,800.0,799.9979726961648,35.187297119341565,0.02046591752063967,0.04048118884713004,False,True
speed_500rpm__torque_0Nm__temperature_25degC,train,Fw,500.0,0.0,-0.12923499561651672,25.12692515432099,-0.021352619451703827,0.03855474707151227,True,True
speed_500rpm__torque_0Nm__temperature_25degC,train,Bw,500.0,0.0,-0.09460814418209267,25.128273405349795,-0.012583017414219484,0.03895095860245725,True,True
speed_500rpm__torque_0Nm__temperature_35degC,train,Fw,500.0,0.0,0.023004011719266658,34.86696579218107,-0.015758765820656665,0.03819131292331972,True,True
speed_500rpm__torque_0Nm__temperature_35degC,train,Bw,500.0,0.0,0.053220894721445235,34.812962191358025,-0.008026972278470636,0.039563030009805475,True,True
speed_500rpm__torque_1000Nm__temperature_25degC,train,Fw,500.0,1000.0,-999.9578307746859,25.68309336419753,-0.060389613572961874,0.0419688348977851,False,True
speed_500rpm__torque_1000Nm__temperature_25degC,train,Bw,500.0,1000.0,1000.0028064531466,25.807759516460905,0.024434625732439222,0.040641979633093364,False,True
speed_500rpm__torque_1000Nm__temperature_30degC,train,Fw,500.0,1000.0,-1000.012259179182,31.85366898148148,-0.06018976398133406,0.04172806110604879,False,True
speed_500rpm__torque_1000Nm__temperature_30degC,train,Bw,500.0,1000.0,1000.058585645356,31.942800668724274,0.027431417167133536,0.04049937034181378,False,True
speed_500rpm__torque_1000Nm__temperature_35degC,train,Fw,500.0,1000.0,-999.9463999774231,34.80951851851852,-0.059945859510992155,0.04215063320278994,False,True
speed_500rpm__torque_1000Nm__temperature_35degC,train,Bw,500.0,1000.0,1000.0515165949645,34.89797968106996,0.028237469951690786,0.04003272495682747,False,True
speed_500rpm__torque_100Nm__temperature_35degC,train,Fw,500.0,100.0,-99.94914586284033,34.5433654835391,-0.025612891416245724,0.03902413571829444,False,True
speed_500rpm__torque_100Nm__temperature_35degC,train,Bw,500.0,100.0,99.94137689937514,34.221505401234566,-0.008026501283330972,0.03934351417352831,False,True
speed_500rpm__torque_1100Nm__temperature_25degC,train,Fw,500.0,1100.0,-1099.99646727195,25.934943672839506,-0.06388438802739436,0.04255407696837467,False,True
speed_500rpm__torque_1100Nm__temperature_25degC,train,Bw,500.0,1100.0,1100.050837991097,26.07332381687243,0.028354631513940937,0.04076623668825212,False,True
speed_500rpm__torque_1100Nm__temperature_35degC,train,Fw,500.0,1100.0,-1099.9900144191436,35.598830761316876,-0.0634166887191276,0.04253717760291501,False,True
speed_500rpm__torque_1100Nm__temperature_35degC,train,Bw,500.0,1100.0,1099.9689797523395,35.62447505144033,0.03155454948020854,0.04136545479914251,False,True
speed_500rpm__torque_1200Nm__temperature_30degC,train,Fw,500.0,1200.0,-1199.9784996909368,31.97274408436214,-0.06717223718951537,0.04276565379702321,False,True
speed_500rpm__torque_1200Nm__temperature_30degC,train,Bw,500.0,1200.0,1199.9982536082287,32.06605787037037,0.03509714943115026,0.04187029269338151,False,True
speed_500rpm__torque_1200Nm__temperature_35degC,train,Fw,500.0,1200.0,-1199.907773058601,35.49146064814815,-0.06739107050852,0.043186550546916336,False,True
speed_500rpm__torque_1200Nm__temperature_35degC,train,Bw,500.0,1200.0,1200.05576954018,35.530301954732515,0.03546262859993687,0.041589477204160716,False,True
speed_500rpm__torque_1300Nm__temperature_25degC,train,Fw,500.0,1300.0,-1300.1795199069531,26.45313999845675,-0.07123973036428019,0.043946811929584426,False,True
speed_500rpm__torque_1300Nm__temperature_25degC,train,Bw,500.0,1300.0,1299.996196113288,26.583212962962964,0.035882593092759034,0.04208117827498247,False,True
speed_500rpm__torque_1300Nm__temperature_30degC,train,Fw,500.0,1300.0,-1300.0059589007753,32.07646990740741,-0.0710104340927027,0.04327128123882277,False,True
speed_500rpm__torque_1300Nm__temperature_30degC,train,Bw,500.0,1300.0,1300.0187510715868,32.159589506172836,0.03871216136316442,0.04204110242821315,False,True
speed_500rpm__torque_1300Nm__temperature_35degC,train,Fw,500.0,1300.0,-1299.9716128954672,35.86632921810699,-0.07107858611690536,0.04368845476855801,False,True
speed_500rpm__torque_1300Nm__temperature_35degC,train,Bw,500.0,1300.0,1299.9992756072504,35.94435159465021,0.03881307550528118,0.041502618955159436,False,True
speed_500rpm__torque_1400Nm__temperature_25degC,train,Fw,500.0,1400.0,-1400.0645644134945,26.650144547325105,-0.0749361189091981,0.043617000597460195,False,True
speed_500rpm__torque_1400Nm__temperature_25degC,train,Bw,500.0,1400.0,1400.0781460463215,26.781781378600822,0.03969070165150997,0.04213162387236682,False,True
speed_500rpm__torque_1400Nm__temperature_30degC,train,Fw,500.0,1400.0,-1400.0075890632813,32.18550720164609,-0.07474348003754154,0.04373382259583918,False,True
speed_500rpm__torque_1400Nm__temperature_30degC,train,Bw,500.0,1400.0,1400.0659857039268,32.261517232510286,0.04243585671244737,0.042092698727177705,False,True
speed_500rpm__torque_1500Nm__temperature_25degC,train,Fw,500.0,1500.0,-1499.9937352758866,25.424881172839505,-0.07895623917400209,0.04489548297444374,False,True
speed_500rpm__torque_1500Nm__temperature_25degC,train,Bw,500.0,1500.0,1500.026894483564,25.692509516460905,0.043107778196906074,0.042268339963035764,False,True
speed_500rpm__torque_1500Nm__temperature_30degC,train,Fw,500.0,1500.0,-1499.988377842393,32.28447247942387,-0.0783280553712066,0.04519188155626392,False,True
speed_500rpm__torque_1500Nm__temperature_30degC,train,Bw,500.0,1500.0,1499.977391262607,32.35966023662551,0.046173855987265436,0.0431110264937748,False,True
speed_500rpm__torque_1500Nm__temperature_35degC,train,Fw,500.0,1500.0,-1499.9438472122813,36.46559362139918,-0.0781492515455129,0.045587973048546115,False,True
speed_500rpm__torque_1500Nm__temperature_35degC,train,Bw,500.0,1500.0,1499.9915115801089,36.56079938271605,0.04667004455715878,0.04251803168100121,False,True
speed_500rpm__torque_1600Nm__temperature_25degC,train,Fw,500.0,1600.0,-1599.9554119053691,26.184544495884776,-0.08253227336119162,0.04564323462656247,False,True
speed_500rpm__torque_1600Nm__temperature_25degC,train,Bw,500.0,1600.0,1600.0813399174408,26.373965277777778,0.04674852237467709,0.04261025226845502,False,True
speed_500rpm__torque_1600Nm__temperature_35degC,train,Fw,500.0,1600.0,-1600.0730145676637,36.34692952674897,-0.08198981943804028,0.045386430704274304,False,True
speed_500rpm__torque_1600Nm__temperature_35degC,train,Bw,500.0,1600.0,1600.0185597418808,36.39012808641975,0.05066730113829191,0.04280131620225234,False,True
speed_500rpm__torque_1700Nm__temperature_30degC,train,Fw,500.0,1700.0,-1699.9760266132805,32.49211111111111,-0.08569153400551352,0.04580678521737889,False,True
speed_500rpm__torque_1700Nm__temperature_30degC,train,Bw,500.0,1700.0,1699.9897289656337,32.57942103909465,0.05344015632732835,0.04355692098086573,False,True
speed_500rpm__torque_1700Nm__temperature_35degC,train,Fw,500.0,1700.0,-1699.961343934997,36.03200282921811,-0.08604108482313041,0.04639278165986646,False,True
speed_500rpm__torque_1700Nm__temperature_35degC,train,Bw,500.0,1700.0,1699.9781384792777,36.097446244855966,0.054780570146267374,0.0431425662535936,False,True
speed_500rpm__torque_1800Nm__temperature_30degC,train,Fw,500.0,1800.0,-1799.9667569504354,32.58506198559671,-0.08927797465611273,0.046271343404728146,False,True
speed_500rpm__torque_1800Nm__temperature_30degC,train,Bw,500.0,1800.0,1799.9583240226816,32.67338143004115,0.05711792913847168,0.04365991283510913,False,True
speed_500rpm__torque_1800Nm__temperature_35degC,train,Fw,500.0,1800.0,-1800.0329151259039,36.328583847736624,-0.08895250400581874,0.04678644550381651,False,True
speed_500rpm__torque_1800Nm__temperature_35degC,train,Bw,500.0,1800.0,1800.0803923506478,36.450825874485595,0.05813147588828114,0.044340640312177465,False,True
speed_500rpm__torque_200Nm__temperature_25degC,train,Fw,500.0,200.0,-200.07289049556715,25.826725308641976,-0.031349739917292646,0.03921925090270059,False,True
speed_500rpm__torque_200Nm__temperature_25degC,train,Bw,500.0,200.0,200.0102803000688,25.96582175925926,-0.00515535549405801,0.03861048259115704,False,True
speed_500rpm__torque_200Nm__temperature_30degC,train,Fw,500.0,200.0,-199.97027243483706,30.20104218106996,-0.031145625636535137,0.03946224331147384,False,True
speed_500rpm__torque_200Nm__temperature_30degC,train,Bw,500.0,200.0,199.98774404487585,30.29958359053498,-0.003788915485951766,0.03824441383543033,False,True
speed_500rpm__torque_300Nm__temperature_25degC,train,Fw,500.0,300.0,-300.0859571091923,26.149409722222224,-0.03513780631264797,0.0396426746409968,False,True
speed_500rpm__torque_300Nm__temperature_25degC,train,Bw,500.0,300.0,299.98791578844424,26.27769804526749,-0.0010600958818794651,0.03815112636566571,False,True
speed_500rpm__torque_300Nm__temperature_30degC,train,Fw,500.0,300.0,-300.0129667942416,30.53676851851852,-0.034910498533097876,0.03957362224627625,False,True
speed_500rpm__torque_300Nm__temperature_30degC,train,Bw,500.0,300.0,299.9279859416772,30.60894470164609,0.0005278583847632558,0.03822914945451112,False,True
speed_500rpm__torque_400Nm__temperature_25degC,train,Fw,500.0,400.0,-400.14759223034355,26.462547325102882,-0.03907734921293041,0.0398242742648929,False,True
speed_500rpm__torque_400Nm__temperature_25degC,train,Bw,500.0,400.0,400.0136784765573,26.575122685185185,0.0026368037252388057,0.03820118805045691,False,True
speed_500rpm__torque_400Nm__temperature_35degC,train,Fw,500.0,400.0,-399.8983989772483,34.743142746913584,-0.03787815448904126,0.03989247708623314,False,True
speed_500rpm__torque_400Nm__temperature_35degC,train,Bw,500.0,400.0,400.1017643405718,34.70879218106995,0.005333131183568037,0.03817720959854365,False,True
speed_500rpm__torque_500Nm__temperature_25degC,train,Fw,500.0,500.0,-500.0330671177479,25.334991769547326,-0.04292191135930667,0.040086615416702207,False,True
speed_500rpm__torque_500Nm__temperature_25degC,train,Bw,500.0,500.0,499.9972885586309,25.535862654320987,0.0066281440779635175,0.038035978663788376,False,True
speed_500rpm__torque_500Nm__temperature_30degC,train,Fw,500.0,500.0,-499.9666512870985,30.976040123456787,-0.0421537656891889,0.040647600674097895,False,True
speed_500rpm__torque_500Nm__temperature_30degC,train,Bw,500.0,500.0,500.00093175193734,31.065037037037033,0.00844833129239406,0.03897305267709238,False,True
speed_500rpm__torque_500Nm__temperature_35degC,train,Fw,500.0,500.0,-500.0089463260439,34.79256841563786,-0.04141725135778074,0.04073606286624016,False,True
speed_500rpm__torque_500Nm__temperature_35degC,train,Bw,500.0,500.0,500.02674669836745,34.744980195473254,0.009373540447796678,0.03833625569047311,False,True
speed_500rpm__torque_600Nm__temperature_25degC,train,Fw,500.0,600.0,-600.0631073252164,26.155268775720167,-0.046404491747207906,0.04044405495171287,False,True
speed_500rpm__torque_600Nm__temperature_25degC,train,Bw,500.0,600.0,599.9786962120244,26.347285493827158,0.010197227699960098,0.038808628716341775,False,True
speed_500rpm__torque_700Nm__temperature_30degC,train,Fw,500.0,700.0,-699.992746899648,31.40711934156378,-0.049480704877030164,0.040936356203838786,False,True
speed_500rpm__torque_700Nm__temperature_30degC,train,Bw,500.0,700.0,700.0145637376921,31.46830216826564,0.016076030265089962,0.039216028528457736,False,True
speed_500rpm__torque_800Nm__temperature_25degC,train,Fw,500.0,800.0,-800.0575154625012,25.35551734780484,-0.05315671090303329,0.040899143657273686,False,True
speed_500rpm__torque_800Nm__temperature_25degC,train,Bw,500.0,800.0,799.9089636137348,25.437365226337448,0.01690851058753772,0.040056011120659436,False,True
speed_500rpm__torque_800Nm__temperature_30degC,train,Fw,500.0,800.0,-799.9943923128485,31.506266460905355,-0.05312038023185857,0.04109020758898455,False,True
speed_500rpm__torque_800Nm__temperature_30degC,train,Bw,500.0,800.0,800.0121343113506,31.603867798353907,0.01978488043314868,0.0399750947169443,False,True
speed_500rpm__torque_800Nm__temperature_35degC,train,Fw,500.0,800.0,-799.9548801669368,34.860547325102885,-0.05258655244338811,0.04230858654610238,False,True
speed_500rpm__torque_800Nm__temperature_35degC,train,Bw,500.0,800.0,799.9262618832537,34.92287551440329,0.02046206325078634,0.039577008119349735,False,True
speed_500rpm__torque_900Nm__temperature_25degC,train,Fw,500.0,900.0,-900.0497843012398,25.427319187242798,-0.05696993689839691,0.04149245098229205,False,True
speed_500rpm__torque_900Nm__temperature_25degC,train,Bw,500.0,900.0,899.9770173170023,25.56077237654321,0.020540026828303495,0.04044934381981026,False,True
speed_500rpm__torque_900Nm__temperature_35degC,train,Fw,500.0,900.0,-899.9006755619382,34.81106790123457,-0.05671754667695982,0.041533356739183964,False,True
speed_500rpm__torque_900Nm__temperature_35degC,train,Bw,500.0,900.0,900.0364554192591,34.82030658436214,0.02454837630631361,0.040207312752365706,False,True
speed_600rpm__torque_0Nm__temperature_25degC,train,Fw,600.0,0.0,0.06358160287249022,24.918465432098763,-0.021224489771681312,0.03914046618673028,True,True
speed_600rpm__torque_0Nm__temperature_25degC,train,Bw,600.0,0.0,-0.05714816106619189,25.07568549382716,-0.013439781916444885,0.03958282164070449,True,True
speed_600rpm__torque_0Nm__temperature_30degC,train,Fw,600.0,0.0,0.03699105033318561,30.556225308641977,-0.01944481270504466,0.038599422614579694,True,True
speed_600rpm__torque_0Nm__temperature_30degC,train,Bw,600.0,0.0,0.0020202918919204507,30.593849691358024,-0.011188477078168507,0.03968970333174508,True,True
speed_600rpm__torque_1000Nm__temperature_25degC,train,Fw,600.0,1000.0,-1000.0550571562331,25.723522222222222,-0.05944759655504362,0.04166729334240433,False,True
speed_600rpm__torque_1000Nm__temperature_25degC,train,Bw,600.0,1000.0,1000.0187189807365,25.852674691358025,0.023294513423202535,0.039332428325250524,False,True
speed_600rpm__torque_1000Nm__temperature_35degC,train,Fw,600.0,1000.0,-999.9095558605077,35.084973148148144,-0.05827313397525058,0.04206658444536876,False,True
speed_600rpm__torque_1000Nm__temperature_35degC,train,Bw,600.0,1000.0,999.9613731170455,35.11694969135802,0.028061519580234905,0.039779115464988496,False,True
speed_600rpm__torque_100Nm__temperature_25degC,train,Fw,600.0,100.0,-99.9952420776273,24.997530864197532,-0.026216142363613342,0.039165140025755545,False,True
speed_600rpm__torque_100Nm__temperature_25degC,train,Bw,600.0,100.0,99.91086838095325,25.364375925925927,-0.00984736050919421,0.03878412458601476,False,True
speed_600rpm__torque_1100Nm__temperature_30degC,train,Fw,600.0,1100.0,-1099.9768290401976,31.92651049382716,-0.06307856605914829,0.042158247281288294,False,True
speed_600rpm__torque_1100Nm__temperature_30degC,train,Bw,600.0,1100.0,1100.0035874273904,31.99618425925926,0.03117109153596683,0.040882507126949796,False,True
speed_600rpm__torque_1200Nm__temperature_25degC,train,Fw,600.0,1200.0,-1200.0118675496842,26.28963734567901,-0.06655753832961024,0.04236532996138905,False,True
speed_600rpm__torque_1200Nm__temperature_25degC,train,Bw,600.0,1200.0,1200.0179921179335,26.509053365844625,0.031179320347524197,0.04005891788240548,False,True
speed_600rpm__torque_1200Nm__temperature_30degC,train,Fw,600.0,1200.0,-1200.0072443558845,32.00119567901235,-0.06666584361664732,0.04300876934379528,False,True
speed_600rpm__torque_1200Nm__temperature_30degC,train,Bw,600.0,1200.0,1200.0142742544872,32.10217160493827,0.03486195598938339,0.04064873584775215,False,True
speed_600rpm__torque_1200Nm__temperature_35degC,train,Fw,600.0,1200.0,-1199.8259624949208,35.02222592592592,-0.0655149074800657,0.04258236330420535,False,True
speed_600rpm__torque_1200Nm__temperature_35degC,train,Bw,600.0,1200.0,1200.0247237446906,35.08018055555555,0.03595016021959515,0.041084952864167114,False,True
speed_600rpm__torque_1300Nm__temperature_25degC,train,Fw,600.0,1300.0,-1299.923349008148,26.787833333333335,-0.07022743191506992,0.04329759627561477,False,True
speed_600rpm__torque_1300Nm__temperature_25degC,train,Bw,600.0,1300.0,1299.9920998596263,26.97600308641975,0.03496273713110905,0.04098441348739595,False,True
speed_600rpm__torque_1400Nm__temperature_30degC,train,Fw,600.0,1400.0,-1399.9882770026172,32.18849104938271,-0.0742827938873314,0.043694344866270385,False,True
speed_600rpm__torque_1400Nm__temperature_30degC,train,Bw,600.0,1400.0,1399.9941739837743,32.29268395061728,0.042143347826689104,0.042251744828165384,False,True
speed_600rpm__torque_1500Nm__temperature_30degC,train,Fw,600.0,1500.0,-1499.971573257152,32.30019413580247,-0.0778857572308621,0.04403250602325921,False,True
speed_600rpm__torque_1500Nm__temperature_30degC,train,Bw,600.0,1500.0,1499.9733044745567,32.39505524691358,0.04599638886833588,0.042058705448191416,False,True
speed_600rpm__torque_1500Nm__temperature_35degC,train,Fw,600.0,1500.0,-1499.9047807926013,35.3973799382716,-0.07660081606694906,0.04395305592975354,False,True
speed_600rpm__torque_1500Nm__temperature_35degC,train,Bw,600.0,1500.0,1500.0107112061355,35.435531790123456,0.04678652158831332,0.041894005202884305,False,True
speed_600rpm__torque_1600Nm__temperature_25degC,train,Fw,600.0,1600.0,-1600.0908734106724,26.33358425925926,-0.08152103660047667,0.043831412783689745,False,True
speed_600rpm__torque_1600Nm__temperature_25degC,train,Bw,600.0,1600.0,1600.0072712818621,26.681369753086422,0.04574531543996916,0.0416150668432463,False,True
speed_600rpm__torque_1600Nm__temperature_35degC,train,Fw,600.0,1600.0,-1599.8313679444936,35.51826172839507,-0.08017058032146872,0.044371098693582335,False,True
speed_600rpm__torque_1600Nm__temperature_35degC,train,Bw,600.0,1600.0,1599.1778258827055,35.55603024691358,0.05063301632296613,0.04193334944472579,False,True
speed_600rpm__torque_1700Nm__temperature_30degC,train,Fw,600.0,1700.0,-1700.069228499024,32.49859166666666,-0.08511645886339658,0.04537150367242416,False,True
speed_600rpm__torque_1700Nm__temperature_30degC,train,Bw,600.0,1700.0,1700.0634921776555,32.61396666666667,0.053207223399154645,0.04302380605898195,False,True
speed_600rpm__torque_1700Nm__temperature_35degC,train,Fw,600.0,1700.0,-1699.8990123433832,35.702387345679014,-0.08385865082296852,0.04468115667408082,False,True
speed_600rpm__torque_1700Nm__temperature_35degC,train,Bw,600.0,1700.0,1699.122025891416,35.77458734567901,0.05422109764908555,0.04280268006979795,False,True
speed_600rpm__torque_1800Nm__temperature_25degC,train,Fw,600.0,1800.0,-1800.1208917815009,26.649373456790123,-0.08907034696785893,0.045287909193017464,False,True
speed_600rpm__torque_1800Nm__temperature_25degC,train,Bw,600.0,1800.0,1799.9674629316864,26.951183641975312,0.05302099893981849,0.04362447291446352,False,True
speed_600rpm__torque_1800Nm__temperature_30degC,train,Fw,600.0,1800.0,-1800.0718997437277,32.57140987654321,-0.08868769127795105,0.045064341068507305,False,True
speed_600rpm__torque_1800Nm__temperature_30degC,train,Bw,600.0,1800.0,1800.028940317578,32.67469166666667,0.05701211992143464,0.043375418623624235,False,True
speed_600rpm__torque_1800Nm__temperature_35degC,train,Fw,600.0,1800.0,-1799.8940307049104,35.890028703703706,-0.08743266787243376,0.04580073679552202,False,True
speed_600rpm__torque_1800Nm__temperature_35degC,train,Bw,600.0,1800.0,1799.8589923184275,35.93904074074074,0.05816005027514007,0.04362162202473279,False,True
speed_600rpm__torque_200Nm__temperature_25degC,train,Fw,600.0,200.0,-199.91919467478624,25.52777191358025,-0.030949532297427064,0.038883767814533315,False,True
speed_600rpm__torque_200Nm__temperature_25degC,train,Bw,600.0,200.0,200.09159878804292,25.63173333333333,-0.005969586592472558,0.038662372784467935,False,True
speed_600rpm__torque_200Nm__temperature_30degC,train,Fw,600.0,200.0,-200.0344584238382,30.329935185185185,-0.030753033559867363,0.03903536229380178,False,True
speed_600rpm__torque_200Nm__temperature_30degC,train,Bw,600.0,200.0,199.93619737041143,30.467182407407407,-0.0037620689836771405,0.03760823875706947,False,True
speed_600rpm__torque_300Nm__temperature_25degC,train,Fw,600.0,300.0,-299.9888812097502,25.84843518518519,-0.03462931972194332,0.0394703437461452,False,True
speed_600rpm__torque_300Nm__temperature_25degC,train,Bw,600.0,300.0,299.96313453017035,26.007739814814816,-0.0019080343903156276,0.03785413482977938,False,True
speed_600rpm__torque_300Nm__temperature_30degC,train,Fw,600.0,300.0,-299.93481082680785,30.602579012345682,-0.03446614085510499,0.03943611867667951,False,True
speed_600rpm__torque_300Nm__temperature_30degC,train,Bw,600.0,300.0,299.87289449271515,30.706545679012347,0.0004346131393672463,0.03828649408414612,False,True
speed_600rpm__torque_300Nm__temperature_35degC,train,Fw,600.0,300.0,-299.9980116037675,35.09168641975309,-0.03452306406276709,0.039344667974699,False,True
speed_600rpm__torque_300Nm__temperature_35degC,train,Bw,600.0,300.0,299.9704520019581,35.08554814814814,0.002224994194711709,0.03816486439340618,False,True
speed_600rpm__torque_400Nm__temperature_25degC,train,Fw,600.0,400.0,-399.96173704847877,26.250969444444447,-0.03812016534792139,0.03983721861386304,False,True
speed_600rpm__torque_400Nm__temperature_25degC,train,Bw,600.0,400.0,400.01443283965426,26.439692592592593,0.0021344861077362155,0.03813416801043294,False,True
speed_600rpm__torque_500Nm__temperature_25degC,train,Fw,600.0,500.0,-499.95640996797584,26.678539814814812,-0.04181156480088835,0.03998891967926931,False,True
speed_600rpm__torque_500Nm__temperature_25degC,train,Bw,600.0,500.0,500.0171239970452,26.86296450617284,0.005959660661808888,0.0385158881492374,False,True
speed_600rpm__torque_600Nm__temperature_25degC,train,Fw,600.0,600.0,-599.9783022241828,26.040505555555555,-0.045421682210880415,0.04008994748181313,False,True
speed_600rpm__torque_600Nm__temperature_25degC,train,Bw,600.0,600.0,600.0598515108014,26.287597530864197,0.009606310509499573,0.038431041556595255,False,True
speed_600rpm__torque_600Nm__temperature_30degC,train,Fw,600.0,600.0,-599.9870449378167,31.26862777777778,-0.04546981989986971,0.040130640069330065,False,True
speed_600rpm__torque_600Nm__temperature_30degC,train,Bw,600.0,600.0,600.0285922779212,31.39737962962963,0.012121899192891066,0.038763807257262445,False,True
speed_600rpm__torque_600Nm__temperature_35degC,train,Fw,600.0,600.0,-599.9689677541638,35.97925679012346,-0.045700754070970684,0.040754540306549895,False,True
speed_600rpm__torque_600Nm__temperature_35degC,train,Bw,600.0,600.0,600.0369698294807,36.107001543209876,0.012984218586995708,0.03884710681711553,False,True
speed_600rpm__torque_700Nm__temperature_25degC,train,Fw,600.0,700.0,-700.0933579383073,25.104707716049383,-0.049673422850640046,0.040416368801766356,False,True
speed_600rpm__torque_700Nm__temperature_25degC,train,Bw,600.0,700.0,700.0082374438344,25.313,0.013363280702464873,0.03903358761507594,False,True
speed_600rpm__torque_700Nm__temperature_30degC,train,Fw,600.0,700.0,-699.9933258692423,31.41229290123457,-0.04927920315875375,0.04028566492053267,False,True
speed_600rpm__torque_700Nm__temperature_30degC,train,Bw,600.0,700.0,700.0242101586322,31.50260524691358,0.015736853553058063,0.03907096572289599,False,True
speed_600rpm__torque_800Nm__temperature_25degC,train,Fw,600.0,800.0,-799.9659247898761,26.403124691358023,-0.0526953468778454,0.040620057326527466,False,True
speed_600rpm__torque_800Nm__temperature_25degC,train,Bw,600.0,800.0,800.05893450427,26.674117283950615,0.016897370339527908,0.03921461291272766,False,True
speed_600rpm__torque_800Nm__temperature_30degC,train,Fw,600.0,800.0,-800.011580409827,31.59195524691358,-0.052686122925016295,0.04106924248307226,False,True
speed_600rpm__torque_800Nm__temperature_30degC,train,Bw,600.0,800.0,800.0270142042904,31.691873148148147,0.019595076201012213,0.03918775874861005,False,True
speed_600rpm__torque_900Nm__temperature_25degC,train,Fw,600.0,900.0,-899.9902596223501,25.518229320987654,-0.05581724554654401,0.041163026666269906,False,True
speed_600rpm__torque_900Nm__temperature_25degC,train,Bw,600.0,900.0,900.0282114851402,25.675711728395065,0.019269952339220343,0.03907612421435743,False,True
speed_600rpm__torque_900Nm__temperature_30degC,train,Fw,600.0,900.0,-900.0020434900566,31.75542808641975,-0.0562395198016383,0.041131317202383756,False,True
speed_600rpm__torque_900Nm__temperature_30degC,train,Bw,600.0,900.0,900.0402706173642,31.855120370370372,0.023388117167931616,0.04036335378183259,False,True
speed_600rpm__torque_900Nm__temperature_35degC,train,Fw,600.0,900.0,-899.8916197706152,34.906640123456796,-0.05498313542402402,0.04130732888976067,False,True
speed_600rpm__torque_900Nm__temperature_35degC,train,Bw,600.0,900.0,899.8830625459411,34.81154135802469,0.02404821697577649,0.0396509716955739,False,True
speed_700rpm__torque_0Nm__temperature_25degC,train,Fw,700.0,0.0,0.0011484517770725324,25.01440875702146,-0.021396373330146868,0.038218480638832944,True,True
speed_700rpm__torque_0Nm__temperature_25degC,train,Bw,700.0,0.0,0.03778357308118113,25.1112718303266,-0.013107629978165433,0.038619828929654224,True,True
speed_700rpm__torque_0Nm__temperature_30degC,train,Fw,700.0,0.0,0.05088204652134583,30.342782298718134,-0.01953266425476606,0.038207706271587774,True,True
speed_700rpm__torque_0Nm__temperature_30degC,train,Bw,700.0,0.0,-0.10283983289026638,30.393406071081344,-0.010927640171764619,0.03885039335632653,True,True
speed_700rpm__torque_0Nm__temperature_35degC,train,Fw,700.0,0.0,-0.04176447677912878,34.71787692196896,-0.01658043959391502,0.03886067308564141,True,True
speed_700rpm__torque_0Nm__temperature_35degC,train,Bw,700.0,0.0,-0.006083579852295956,34.74771028373902,-0.008306751081156806,0.03876903715578959,True,True
speed_700rpm__torque_1000Nm__temperature_30degC,train,Fw,700.0,1000.0,-999.981939356936,32.310069496957254,-0.05926710645197817,0.04304654275380025,False,True
speed_700rpm__torque_1000Nm__temperature_30degC,train,Bw,700.0,1000.0,999.9622412310639,32.424788088293546,0.026185478469489133,0.04050919373216564,False,True
speed_700rpm__torque_100Nm__temperature_25degC,train,Fw,700.0,100.0,-100.00691003695047,25.360476739161747,-0.027034554346622865,0.039499451716193415,False,True
speed_700rpm__torque_100Nm__temperature_25degC,train,Bw,700.0,100.0,99.96355864300448,25.557395938355178,-0.010227105959345223,0.039500480312768066,False,True
speed_700rpm__torque_100Nm__temperature_30degC,train,Fw,700.0,100.0,-99.94840210733712,29.833689327380092,-0.02617410087746664,0.03941377107397494,False,True
speed_700rpm__torque_100Nm__temperature_30degC,train,Bw,700.0,100.0,99.97982480426175,29.94046379316553,-0.009353514235063323,0.03901292362825445,False,True
speed_700rpm__torque_100Nm__temperature_35degC,train,Fw,700.0,100.0,-99.93199795274214,35.191188967305195,-0.02496210761282965,0.038967788633656845,False,True
speed_700rpm__torque_100Nm__temperature_35degC,train,Bw,700.0,100.0,100.12016466769128,35.1451465504825,-0.0065125661026864635,0.03994126701661695,False,True
speed_700rpm__torque_1100Nm__temperature_25degC,train,Fw,700.0,1100.0,-1100.0873589987011,26.00316769291707,-0.06290919952922851,0.04285446782019056,False,True
speed_700rpm__torque_1100Nm__temperature_25degC,train,Bw,700.0,1100.0,1099.9387381851225,26.21745813978611,0.026809972668615872,0.04077279940793831,False,True
speed_700rpm__torque_1100Nm__temperature_30degC,train,Fw,700.0,1100.0,-1099.9766600101511,32.55097475784091,-0.06249794711789233,0.04279705799188171,False,True
speed_700rpm__torque_1100Nm__temperature_30degC,train,Bw,700.0,1100.0,1100.013517222449,32.67874117816506,0.030236233378596218,0.040653420403590046,False,True
speed_700rpm__torque_1100Nm__temperature_35degC,train,Fw,700.0,1100.0,-1099.9074983440553,36.35480465233517,-0.0619028477793821,0.04229931264267706,False,True
speed_700rpm__torque_1100Nm__temperature_35degC,train,Bw,700.0,1100.0,1099.9721133313428,36.46935438571223,0.032489748461237575,0.040773166757220466,False,True
speed_700rpm__torque_1200Nm__temperature_25degC,train,Fw,700.0,1200.0,-1199.992974458983,26.489259325939795,-0.06666129833462368,0.04333491437110065,False,True
speed_700rpm__torque_1200Nm__temperature_25degC,train,Bw,700.0,1200.0,1199.9913944086193,26.69838002304479,0.030324686348319654,0.04128639172937226,False,True
speed_700rpm__torque_1200Nm__temperature_30degC,train,Fw,700.0,1200.0,-1199.98913129434,32.82937887080513,-0.06612155380099237,0.04367361259151499,False,True
speed_700rpm__torque_1200Nm__temperature_30degC,train,Bw,700.0,1200.0,1200.010573693111,32.93569622988009,0.03393390572792829,0.04055281686897518,False,True
speed_700rpm__torque_1300Nm__temperature_25degC,train,Fw,700.0,1300.0,-1300.0682984948576,25.175983579993517,-0.07070896681944307,0.04380146765918227,False,True
speed_700rpm__torque_1300Nm__temperature_25degC,train,Bw,700.0,1300.0,1299.9727655822292,25.420163479889087,0.034656633062222914,0.042739858235342,False,True
speed_700rpm__torque_1300Nm__temperature_30degC,train,Fw,700.0,1300.0,-1299.9597154229054,33.076542076266605,-0.06983718807360997,0.043508552221466615,False,True
speed_700rpm__torque_1300Nm__temperature_30degC,train,Bw,700.0,1300.0,1300.0234849921987,33.228276619495155,0.037779473949284874,0.041191588256717176,False,True
speed_700rpm__torque_1300Nm__temperature_35degC,train,Fw,700.0,1300.0,-1299.9763933566858,35.86275539231573,-0.06984352196620945,0.043750943407698424,False,True
speed_700rpm__torque_1300Nm__temperature_35degC,train,Bw,700.0,1300.0,1300.0318731187358,35.86338338554607,0.04025477524153121,0.04232358395019296,False,True
speed_700rpm__torque_1400Nm__temperature_35degC,train,Fw,700.0,1400.0,-1399.9268361143434,36.057014151452954,-0.07300613806453628,0.044608045782989866,False,True
speed_700rpm__torque_1400Nm__temperature_35degC,train,Bw,700.0,1400.0,1399.9869681738667,36.14189939507418,0.04352013781305431,0.04213257383351819,False,True
speed_700rpm__torque_1500Nm__temperature_25degC,train,Fw,700.0,1500.0,-1499.8006859310556,25.523973426472708,-0.07819234216840593,0.04474727540393915,False,True
speed_700rpm__torque_1500Nm__temperature_25degC,train,Bw,700.0,1500.0,1499.9603225061694,25.951411493590665,0.04112128193072608,0.04318783991223309,False,True
speed_700rpm__torque_1500Nm__temperature_30degC,train,Fw,700.0,1500.0,-1500.0088021543345,31.309417398818955,-0.07750010089093452,0.044675936094935115,False,True
speed_700rpm__torque_1500Nm__temperature_30degC,train,Bw,700.0,1500.0,1499.9958654906568,31.5462624225839,0.044243805026882306,0.04209769475865402,False,True
speed_700rpm__torque_1500Nm__temperature_35degC,train,Fw,700.0,1500.0,-1499.9392327942285,36.36621597292237,-0.07679602307196125,0.0455069241834305,False,True
speed_700rpm__torque_1500Nm__temperature_35degC,train,Bw,700.0,1500.0,1499.981655642993,36.451988045083,0.047215008101325666,0.04253310255178294,False,True
speed_700rpm__torque_1600Nm__temperature_25degC,train,Fw,700.0,1600.0,-1599.9814846854586,26.837657352729366,-0.08124701463495766,0.04589033106162627,False,True
speed_700rpm__torque_1600Nm__temperature_25degC,train,Bw,700.0,1600.0,1600.0498192674754,27.115078319109863,0.04509939936515864,0.043587083423412824,False,True
speed_700rpm__torque_1700Nm__temperature_30degC,train,Fw,700.0,1700.0,-1699.951746651705,32.29931403262396,-0.08488799280809681,0.04656483936568093,False,True
speed_700rpm__torque_1700Nm__temperature_30degC,train,Bw,700.0,1700.0,1699.9409782168393,32.5021486442692,0.051718011729270305,0.04291616689151664,False,True
speed_700rpm__torque_1700Nm__temperature_35degC,train,Fw,700.0,1700.0,-1699.946225275421,36.74402974325735,-0.08438799988753125,0.04590482037149583,False,True
speed_700rpm__torque_1700Nm__temperature_35degC,train,Bw,700.0,1700.0,1699.9152094732917,36.779087210139714,0.054271196648311,0.04514784344983886,False,True
speed_700rpm__torque_200Nm__temperature_25degC,train,Fw,700.0,200.0,-200.0431400540281,25.588744373627165,-0.031166779818136425,0.03994380434334942,False,True
speed_700rpm__torque_200Nm__temperature_25degC,train,Bw,700.0,200.0,199.96431389395198,25.77914338182342,-0.006461748867528744,0.03843824793607344,False,True
speed_700rpm__torque_200Nm__temperature_35degC,train,Fw,700.0,200.0,-199.9317255570259,35.20949769552067,-0.029002878233551292,0.04015755322322081,False,True
speed_700rpm__torque_200Nm__temperature_35degC,train,Bw,700.0,200.0,200.1274203552682,35.23369486154621,-0.0019042161442316679,0.03796808629216682,False,True
speed_700rpm__torque_300Nm__temperature_25degC,train,Fw,700.0,300.0,-299.96825133344925,25.965977458499875,-0.034485809533090384,0.04032868581564928,False,True
speed_700rpm__torque_300Nm__temperature_25degC,train,Bw,700.0,300.0,299.8868137425549,26.199691764790604,-0.002180164906480236,0.03960185581288811,False,True
speed_700rpm__torque_300Nm__temperature_30degC,train,Fw,700.0,300.0,-299.9662949978728,30.05217637103453,-0.0337355551410433,0.0399206185514112,False,True
speed_700rpm__torque_300Nm__temperature_30degC,train,Bw,700.0,300.0,300.06595299867115,30.158150948831516,-0.00038358286461663733,0.03824194583603703,False,True
speed_700rpm__torque_300Nm__temperature_35degC,train,Fw,700.0,300.0,-299.9274863580706,35.339086457095526,-0.032836022683057874,0.04046887780221852,False,True
speed_700rpm__torque_300Nm__temperature_35degC,train,Bw,700.0,300.0,300.00349635509326,35.37797018472507,0.00215234095735166,0.03843531737400772,False,True
speed_700rpm__torque_400Nm__temperature_35degC,train,Fw,700.0,400.0,-399.8789106856913,35.520538311968885,-0.036528662312405535,0.04089242468288999,False,True
speed_700rpm__torque_400Nm__temperature_35degC,train,Bw,700.0,400.0,400.00486976101115,35.537261630419124,0.0061627007181085285,0.038682160274335645,False,True
speed_700rpm__torque_500Nm__temperature_25degC,train,Fw,700.0,500.0,-500.117597062461,25.193180541552643,-0.04171115023942095,0.040462500311370546,False,True
speed_700rpm__torque_500Nm__temperature_25degC,train,Bw,700.0,500.0,499.8939011184409,25.649012674636325,0.005274205242130108,0.039212885833267194,False,True
speed_700rpm__torque_500Nm__temperature_35degC,train,Fw,700.0,500.0,-499.9100279433745,35.619511738441595,-0.040340096147183396,0.04125280409303761,False,True
speed_700rpm__torque_500Nm__temperature_35degC,train,Bw,700.0,500.0,500.0055662580365,35.56517518274459,0.010042878909723807,0.03979072078476397,False,True
speed_700rpm__torque_600Nm__temperature_35degC,train,Fw,700.0,600.0,-599.9167948142448,35.71392963883188,-0.04409178501097507,0.04109934075866653,False,True
speed_700rpm__torque_600Nm__temperature_35degC,train,Bw,700.0,600.0,599.9903385381537,35.810590184004894,0.01382296347079572,0.03978482654866651,False,True
speed_700rpm__torque_700Nm__temperature_25degC,train,Fw,700.0,700.0,-699.9644960918758,25.66904540707933,-0.049372367041471674,0.04109982607975982,False,True
speed_700rpm__torque_700Nm__temperature_25degC,train,Bw,700.0,700.0,699.9940676774108,26.018624104281443,0.012492882208219216,0.03963506055583199,False,True
speed_700rpm__torque_700Nm__temperature_30degC,train,Fw,700.0,700.0,-699.957802849342,31.394110402938317,-0.048060761791398364,0.041507548755070386,False,True
speed_700rpm__torque_700Nm__temperature_30degC,train,Bw,700.0,700.0,700.0202494162037,31.465587483345935,0.015284489004059258,0.03909158830836087,False,True
speed_700rpm__torque_800Nm__temperature_25degC,train,Fw,700.0,800.0,-799.9407893021787,25.01242438427193,-0.05097347457330901,0.04108535850157719,False,True
speed_700rpm__torque_800Nm__temperature_25degC,train,Bw,700.0,800.0,799.9339177057443,25.457810665802455,0.015140368239918689,0.04027160299477233,False,True
speed_700rpm__torque_800Nm__temperature_30degC,train,Fw,700.0,800.0,-799.9691482100554,31.720958879446925,-0.05210661298529438,0.04168275329898957,False,True
speed_700rpm__torque_800Nm__temperature_30degC,train,Bw,700.0,800.0,799.634696635583,31.75332685175183,0.01868568052004788,0.0400615038600219,False,True
speed_700rpm__torque_800Nm__temperature_35degC,train,Fw,700.0,800.0,-799.9758649401202,35.99296701713956,-0.0511101521427069,0.04234057126770932,False,True
speed_700rpm__torque_800Nm__temperature_35degC,train,Bw,700.0,800.0,800.0472254127919,35.948061647041875,0.021478049350025993,0.04123330013012932,False,True
speed_700rpm__torque_900Nm__temperature_30degC,train,Fw,700.0,900.0,-899.9697403349417,31.965849056603776,-0.055447384035118105,0.04217121025716421,False,True
speed_700rpm__torque_900Nm__temperature_30degC,train,Bw,700.0,900.0,899.989894045117,32.12101652803284,0.022685231205896012,0.04061968686925816,False,True
speed_700rpm__torque_900Nm__temperature_35degC,train,Fw,700.0,900.0,-899.8821526014649,36.1182979259686,-0.05474964641383034,0.04254440673572516,False,True
speed_700rpm__torque_900Nm__temperature_35degC,train,Bw,700.0,900.0,899.9786291672681,36.20927694357424,0.02509917065877192,0.042110372124943306,False,True
speed_800rpm__torque_0Nm__temperature_25degC,train,Fw,800.0,0.0,-0.026446678265375965,25.358146913580246,-0.021463271429395685,0.03950304144745354,True,True
speed_800rpm__torque_0Nm__temperature_25degC,train,Bw,800.0,0.0,0.04805458055865073,25.369476131687243,-0.012934193700632528,0.0390522689040561,True,True
speed_800rpm__torque_0Nm__temperature_30degC,train,Fw,800.0,0.0,0.08425052503646377,30.13756131687243,-0.019654847862093386,0.038622836064210006,True,True
speed_800rpm__torque_0Nm__temperature_30degC,train,Bw,800.0,0.0,-0.0689301653312328,30.249986831275724,-0.010906667804831311,0.038962257611916906,True,True
speed_800rpm__torque_1000Nm__temperature_25degC,train,Fw,800.0,1000.0,-1000.0015459041045,26.872580658436213,-0.05930660981458517,0.04292170517148592,False,True
speed_800rpm__torque_1000Nm__temperature_25degC,train,Bw,800.0,1000.0,999.9350289377226,27.252505761316872,0.023449179509319566,0.039817113430754204,False,True
speed_800rpm__torque_1000Nm__temperature_30degC,train,Fw,800.0,1000.0,-999.9443273092984,32.42818312757201,-0.05897230357240374,0.04248403737176965,False,True
speed_800rpm__torque_1000Nm__temperature_30degC,train,Bw,800.0,1000.0,999.7510542199966,32.5904646090535,0.025909108615854395,0.040855383909686564,False,True
speed_800rpm__torque_1000Nm__temperature_35degC,train,Fw,800.0,1000.0,-999.9359243494984,35.73293991769547,-0.058628132344331604,0.04167281815580332,False,True
speed_800rpm__torque_1000Nm__temperature_35degC,train,Bw,800.0,1000.0,1000.2662264882258,35.802046502057614,0.028059872046396206,0.04135548861277568,False,True
speed_800rpm__torque_100Nm__temperature_25degC,train,Fw,800.0,100.0,-99.97265279047774,26.546983127572013,-0.02700961774389262,0.03885067481979295,False,True
speed_800rpm__torque_100Nm__temperature_25degC,train,Bw,800.0,100.0,99.8958974486531,26.665045679012344,-0.009654404333115027,0.039353632477937786,False,True
speed_800rpm__torque_100Nm__temperature_30degC,train,Fw,800.0,100.0,-99.98132686065549,29.809907818930043,-0.0264972915318861,0.03924238599018519,False,True
speed_800rpm__torque_100Nm__temperature_30degC,train,Bw,800.0,100.0,100.05922970673322,29.926019341563787,-0.00927164129580603,0.038887405152895696,False,True
speed_800rpm__torque_1100Nm__temperature_25degC,train,Fw,800.0,1100.0,-1100.1010166372291,25.350005349794237,-0.06341262938722615,0.04227534764425567,False,True
speed_800rpm__torque_1100Nm__temperature_25degC,train,Bw,800.0,1100.0,1099.9264290902458,25.646031687242797,0.0270443503116098,0.041278043970036205,False,True
speed_800rpm__torque_1100Nm__temperature_30degC,train,Fw,800.0,1100.0,-1099.971100351938,32.66942345679012,-0.0624592781731746,0.042740287673733314,False,True
speed_800rpm__torque_1100Nm__temperature_30degC,train,Bw,800.0,1100.0,1099.9580772864047,32.81827654320987,0.02982717969747875,0.04216940349259564,False,True
speed_800rpm__torque_1200Nm__temperature_35degC,train,Fw,800.0,1200.0,-1199.93677948728,36.068669958847735,-0.06601225592417176,0.04308798246948918,False,True
speed_800rpm__torque_1200Nm__temperature_35degC,train,Bw,800.0,1200.0,1200.0533202121076,36.17781851851852,0.035265021929332,0.0423448553506964,False,True
speed_800rpm__torque_1300Nm__temperature_25degC,train,Fw,800.0,1300.0,-1299.9850503799846,27.974840740740742,-0.06897538133710085,0.04397621585212865,False,True
speed_800rpm__torque_1300Nm__temperature_25degC,train,Bw,800.0,1300.0,1300.0399828593504,28.245995061728394,0.03498630478096071,0.04215661229623896,False,True
speed_800rpm__torque_1300Nm__temperature_30degC,train,Fw,800.0,1300.0,-1300.0931026906144,30.03468477366255,-0.07011117411115148,0.04332311554856658,False,True
speed_800rpm__torque_1300Nm__temperature_30degC,train,Bw,800.0,1300.0,1299.8823251113013,30.158114814814816,0.0370392082849732,0.04255250510680176,False,True
speed_800rpm__torque_1300Nm__temperature_35degC,train,Fw,800.0,1300.0,-1299.8269524692018,36.21277654320988,-0.06952848133396122,0.04342109792705269,False,True
speed_800rpm__torque_1300Nm__temperature_35degC,train,Bw,800.0,1300.0,1299.986032211538,36.32871604938272,0.03915313069133077,0.043090403910854384,False,True
speed_800rpm__torque_1400Nm__temperature_25degC,train,Fw,800.0,1400.0,-1400.2026639161286,27.03328065843621,-0.07415532175056547,0.04392954934818972,False,True
speed_800rpm__torque_1400Nm__temperature_25degC,train,Bw,800.0,1400.0,1399.947501409811,27.413451851851846,0.03748779162995445,0.043275851970598175,False,True
speed_800rpm__torque_1400Nm__temperature_30degC,train,Fw,800.0,1400.0,-1399.9316240436256,30.82398641975308,-0.0734119338569019,0.04441161122633654,False,True
speed_800rpm__torque_1400Nm__temperature_30degC,train,Bw,800.0,1400.0,1399.983733228228,31.14172551440329,0.04022546315214207,0.043272325360575375,False,True
speed_800rpm__torque_1400Nm__temperature_35degC,train,Fw,800.0,1400.0,-1399.7849467163715,36.34644855967078,-0.07306261198710583,0.04366271508225077,False,True
speed_800rpm__torque_1400Nm__temperature_35degC,train,Bw,800.0,1400.0,1400.0516325812023,36.40182633744856,0.04304362796321453,0.04352013374071885,False,True
speed_800rpm__torque_1500Nm__temperature_30degC,train,Fw,800.0,1500.0,-1499.9598634782642,31.59718600823046,-0.07742115185546163,0.04496844071460056,False,True
speed_800rpm__torque_1500Nm__temperature_30degC,train,Bw,800.0,1500.0,1499.9814131698902,31.860973251028803,0.043535833604473904,0.04327934027656485,False,True
speed_800rpm__torque_1500Nm__temperature_35degC,train,Fw,800.0,1500.0,-1499.7539660960067,36.51837037037037,-0.07703891557442324,0.0445959820515475,False,True
speed_800rpm__torque_1500Nm__temperature_35degC,train,Bw,800.0,1500.0,1499.8619172045458,36.509719753086415,0.046327499888453035,0.04354904819508269,False,True
speed_800rpm__torque_1600Nm__temperature_30degC,train,Fw,800.0,1600.0,-1600.091874982104,32.1580403292181,-0.08065659537907392,0.045356115118986184,False,True
speed_800rpm__torque_1600Nm__temperature_30degC,train,Bw,800.0,1600.0,1599.947875550418,32.2784353909465,0.047839570632806666,0.04423750667094371,False,True
speed_800rpm__torque_1600Nm__temperature_35degC,train,Fw,800.0,1600.0,-1599.8378693910292,35.10268724279835,-0.08042918456985008,0.04544367703278565,False,True
speed_800rpm__torque_1600Nm__temperature_35degC,train,Bw,800.0,1600.0,1600.101287946099,35.305480246913575,0.0493681700610299,0.04313244070525456,False,True
speed_800rpm__torque_1700Nm__temperature_35degC,train,Fw,800.0,1700.0,-1699.7254548936223,35.303455967078186,-0.08403789387920403,0.0478057449485959,False,True
speed_800rpm__torque_1700Nm__temperature_35degC,train,Bw,800.0,1700.0,1699.9187583002326,35.405961728395056,0.05272366747260744,0.044414386561863584,False,True
speed_800rpm__torque_1800Nm__temperature_25degC,train,Fw,800.0,1800.0,-1800.1131182442966,25.310439094650206,-0.0890703588271021,0.04582630263479681,False,True
speed_800rpm__torque_1800Nm__temperature_25degC,train,Bw,800.0,1800.0,1799.9395276319367,25.71877201646091,0.05208782543925432,0.0439110781191216,False,True
speed_800rpm__torque_200Nm__temperature_35degC,train,Fw,800.0,200.0,-199.9695516025088,34.65954485596708,-0.02885535913248678,0.04073054943597005,False,True
speed_800rpm__torque_200Nm__temperature_35degC,train,Bw,800.0,200.0,199.9736381330579,34.67208518518519,-0.002267229834501956,0.038540125298206676,False,True
speed_800rpm__torque_300Nm__temperature_25degC,train,Fw,800.0,300.0,-299.9930912967572,27.365172839506172,-0.03386574810805632,0.040777742654623785,False,True
speed_800rpm__torque_300Nm__temperature_25degC,train,Bw,800.0,300.0,299.97968413460075,27.578273251028808,-0.001553582792869634,0.0391716810184366,False,True
speed_800rpm__torque_300Nm__temperature_30degC,train,Fw,800.0,300.0,-299.85434417371397,30.112465432098762,-0.03401668463050153,0.03979572405513184,False,True
speed_800rpm__torque_300Nm__temperature_30degC,train,Bw,800.0,300.0,299.9994546395111,30.286620987654327,-0.0009122326954264572,0.03896377257016055,False,True
speed_800rpm__torque_300Nm__temperature_35degC,train,Fw,800.0,300.0,-300.00129745820914,34.945382304526746,-0.03261004142770994,0.040007152905598614,False,True
speed_800rpm__torque_300Nm__temperature_35degC,train,Bw,800.0,300.0,300.0579157847306,34.92592181069959,0.0016944861834809837,0.03830115931441354,False,True
speed_800rpm__torque_400Nm__temperature_30degC,train,Fw,800.0,400.0,-399.87283086580504,30.487128395061728,-0.037501318109534276,0.039840707968954746,False,True
speed_800rpm__torque_400Nm__temperature_30degC,train,Bw,800.0,400.0,399.9461036880827,30.633076954732513,0.0031196271953141323,0.038661489065365026,False,True
speed_800rpm__torque_400Nm__temperature_35degC,train,Fw,800.0,400.0,-399.8484021646005,34.853990534979424,-0.03652586115077984,0.04027587982543318,False,True
speed_800rpm__torque_400Nm__temperature_35degC,train,Bw,800.0,400.0,399.982912626702,34.8665621399177,0.005733630997127936,0.038413679646274276,False,True
speed_800rpm__torque_500Nm__temperature_25degC,train,Fw,800.0,500.0,-500.06804545720416,26.395994650205758,-0.04130165114450723,0.04099744889457796,False,True
speed_800rpm__torque_500Nm__temperature_25degC,train,Bw,800.0,500.0,499.9271427369881,26.798986008230454,0.005622287839938588,0.03920387786629836,False,True
speed_800rpm__torque_500Nm__temperature_30degC,train,Fw,800.0,500.0,-499.8572128103594,30.812550205761315,-0.041274017543842204,0.040225044099634046,False,True
speed_800rpm__torque_500Nm__temperature_30degC,train,Bw,800.0,500.0,499.974565473515,30.98169670781893,0.006930361108204696,0.038623940196668344,False,True
speed_800rpm__torque_500Nm__temperature_35degC,train,Fw,800.0,500.0,-499.9607650537059,34.94034938271605,-0.04016885343708536,0.0408205027795734,False,True
speed_800rpm__torque_500Nm__temperature_35degC,train,Bw,800.0,500.0,500.0623253025366,34.9770720164609,0.009525192585932672,0.038129723524083725,False,True
speed_800rpm__torque_600Nm__temperature_30degC,train,Fw,800.0,600.0,-600.0084844538213,31.17065432098765,-0.04513965541887615,0.040768735731894656,False,True
speed_800rpm__torque_600Nm__temperature_30degC,train,Bw,800.0,600.0,599.9500772138038,31.33666502057613,0.010450490993762343,0.03935915002929076,False,True
speed_800rpm__torque_700Nm__temperature_25degC,train,Fw,800.0,700.0,-699.9032023806631,26.70238683127572,-0.04885311786349014,0.041764412696868064,False,True
speed_800rpm__torque_700Nm__temperature_25degC,train,Bw,800.0,700.0,699.9176645387809,27.069190501666736,0.0126843589194229,0.0402682895490865,False,True
speed_800rpm__torque_700Nm__temperature_35degC,train,Fw,800.0,700.0,-699.9242598235362,35.26687736625514,-0.0474598737253915,0.04058557355491686,False,True
speed_800rpm__torque_700Nm__temperature_35degC,train,Bw,800.0,700.0,699.9544403528131,35.36702098765432,0.017055317167476085,0.039454345698230066,False,True
speed_800rpm__torque_800Nm__temperature_30degC,train,Fw,800.0,800.0,-799.9511634469523,31.760506995884775,-0.05215655783302316,0.04169582078860475,False,True
speed_800rpm__torque_800Nm__temperature_30degC,train,Bw,800.0,800.0,799.9680121505344,31.94189794238683,0.018167478234975547,0.03979470375522492,False,True
speed_800rpm__torque_900Nm__temperature_25degC,train,Fw,800.0,900.0,-900.0974192050259,27.680154320987654,-0.05651339446635889,0.04184882570382825,False,True
speed_800rpm__torque_900Nm__temperature_25degC,train,Bw,800.0,900.0,899.8344058655714,28.0382683127572,0.019767563475945205,0.040914588091683406,False,True
speed_900rpm__torque_0Nm__temperature_25degC,train,Fw,900.0,0.0,0.11440786597166451,25.31588564814815,-0.021541217581213416,0.03877468407103901,True,True
speed_900rpm__torque_0Nm__temperature_25degC,train,Bw,900.0,0.0,0.06440124254368025,25.487375925925928,-0.01283731408054555,0.03929783693415261,True,True
speed_900rpm__torque_0Nm__temperature_35degC,train,Fw,900.0,0.0,-0.0020190597362776553,34.963024537037036,-0.01628556452093184,0.03864823012635734,True,True
speed_900rpm__torque_0Nm__temperature_35degC,train,Bw,900.0,0.0,0.06066208495442641,35.04298981481482,-0.00788765507234504,0.03940093538450804,True,True
speed_900rpm__torque_1000Nm__temperature_25degC,train,Fw,900.0,1000.0,-999.9557327782667,27.60482546296296,-0.05856156028109118,0.0426589200882355,False,True
speed_900rpm__torque_1000Nm__temperature_25degC,train,Bw,900.0,1000.0,999.8750563534389,27.95170138888889,0.023543538224170817,0.04081230506929099,False,True
speed_900rpm__torque_1000Nm__temperature_35degC,train,Fw,900.0,1000.0,-999.9363339388811,34.8213962962963,-0.056963872058866494,0.04246781994140592,False,True
speed_900rpm__torque_1000Nm__temperature_35degC,train,Bw,900.0,1000.0,1000.0323290223232,34.96014490740741,0.027456493320693755,0.040471428590432394,False,True
speed_900rpm__torque_100Nm__temperature_25degC,train,Fw,900.0,100.0,-100.11901158977437,26.827055092592587,-0.026427840605847967,0.04059727717464555,False,True
speed_900rpm__torque_100Nm__temperature_25degC,train,Bw,900.0,100.0,99.93703323735086,27.112559722222223,-0.00943098636315095,0.03890409754943356,False,True
speed_900rpm__torque_100Nm__temperature_30degC,train,Fw,900.0,100.0,-100.0305911567476,32.42423379629629,-0.025831736138518007,0.03940602143514717,False,True
speed_900rpm__torque_100Nm__temperature_30degC,train,Bw,900.0,100.0,100.01668058258682,32.530628703703705,-0.007700647433274089,0.038543277314610644,False,True
speed_900rpm__torque_1100Nm__temperature_30degC,train,Fw,900.0,1100.0,-1100.0425472855568,31.772323611111116,-0.061331066178878076,0.043315435241657985,False,True
speed_900rpm__torque_1100Nm__temperature_30degC,train,Bw,900.0,1100.0,1100.0497305342124,31.958861111111112,0.029442103539790553,0.04124080349687788,False,True
speed_900rpm__torque_1100Nm__temperature_35degC,train,Fw,900.0,1100.0,-1099.9452291594612,34.840458796296296,-0.06099341151493859,0.04273051913405706,False,True
speed_900rpm__torque_1100Nm__temperature_35degC,train,Bw,900.0,1100.0,1100.021703974344,34.963126851851854,0.03101119119838053,0.04099482982066929,False,True
speed_900rpm__torque_1200Nm__temperature_25degC,train,Fw,900.0,1200.0,-1200.0623513482235,27.545843055555554,-0.06568121581680177,0.043504001157579804,False,True
speed_900rpm__torque_1200Nm__temperature_25degC,train,Bw,900.0,1200.0,1199.9165807399381,27.823673148148153,0.03033552060002723,0.04187277002304646,False,True
speed_900rpm__torque_1200Nm__temperature_30degC,train,Fw,900.0,1200.0,-1200.0642714897792,32.19484583333333,-0.06487472050313338,0.043908051317898544,False,True
speed_900rpm__torque_1200Nm__temperature_30degC,train,Bw,900.0,1200.0,1199.9273262886552,32.31545648148148,0.033005321876661234,0.041523224985862625,False,True
speed_900rpm__torque_1300Nm__temperature_30degC,train,Fw,900.0,1300.0,-1300.0055844253964,31.84234027777778,-0.06992336209831718,0.04502756521240529,False,True
speed_900rpm__torque_1300Nm__temperature_30degC,train,Bw,900.0,1300.0,1299.12060756929,31.948957407407406,0.03618431609021636,0.042393367946177325,False,True
speed_900rpm__torque_1300Nm__temperature_35degC,train,Fw,900.0,1300.0,-1299.9312617381413,34.88698055555556,-0.06775008709125294,0.043161899472418594,False,True
speed_900rpm__torque_1300Nm__temperature_35degC,train,Bw,900.0,1300.0,1299.927529684011,35.038747685185186,0.03834620152474278,0.04206759337848214,False,True
speed_900rpm__torque_1400Nm__temperature_25degC,train,Fw,900.0,1400.0,-1400.0831235669277,27.801320833333335,-0.07344839646126419,0.044269515201368785,False,True
speed_900rpm__torque_1400Nm__temperature_25degC,train,Bw,900.0,1400.0,1399.8639239705312,28.134464814814812,0.03759692837415114,0.04228461327035103,False,True
speed_900rpm__torque_1400Nm__temperature_35degC,train,Fw,900.0,1400.0,-1399.98591473809,34.897031481481484,-0.07185470688613464,0.04398231601402774,False,True
speed_900rpm__torque_1400Nm__temperature_35degC,train,Bw,900.0,1400.0,1399.9527467013472,34.951381018518525,0.04184881598851232,0.04305667036390205,False,True
speed_900rpm__torque_1500Nm__temperature_25degC,train,Fw,900.0,1500.0,-1500.1698371326481,26.322976851851855,-0.07595658207329765,0.04419963599850792,False,True
speed_900rpm__torque_1500Nm__temperature_25degC,train,Bw,900.0,1500.0,1499.244482603784,26.669820833333333,0.04037809956126506,0.04217252341440399,False,True
speed_900rpm__torque_1600Nm__temperature_30degC,train,Fw,900.0,1600.0,-1599.9213923237942,30.903665740740742,-0.07972707142371513,0.04451929591603778,False,True
speed_900rpm__torque_1600Nm__temperature_30degC,train,Bw,900.0,1600.0,1599.918196533748,31.053404629629632,0.04564330464516356,0.04371885935665633,False,True
speed_900rpm__torque_1700Nm__temperature_30degC,train,Fw,900.0,1700.0,-1700.215434078817,31.218509722222226,-0.08271858053983185,0.04588172150096195,False,True
speed_900rpm__torque_1700Nm__temperature_30degC,train,Bw,900.0,1700.0,1699.9254946487404,31.440298148148145,0.05012012199690297,0.04468420208531453,False,True
speed_900rpm__torque_1700Nm__temperature_35degC,train,Fw,900.0,1700.0,-1700.0093013710446,34.82044444444444,-0.0833390584104117,0.04493953349571873,False,True
speed_900rpm__torque_1700Nm__temperature_35degC,train,Bw,900.0,1700.0,1700.0025756494624,34.93456851851852,0.052623582636387785,0.04428042408836765,False,True
speed_900rpm__torque_1800Nm__temperature_25degC,train,Fw,900.0,1800.0,-1800.0972458940964,26.338423611111114,-0.08779490862482157,0.04622137588074174,False,True
speed_900rpm__torque_1800Nm__temperature_25degC,train,Bw,900.0,1800.0,1799.8454866843229,26.935624537037036,0.05115422545431963,0.04495115330279355,False,True
speed_900rpm__torque_1800Nm__temperature_30degC,train,Fw,900.0,1800.0,-1800.0184267428185,31.633181944444445,-0.08664860613353757,0.04561947037757724,False,True
speed_900rpm__torque_1800Nm__temperature_30degC,train,Bw,900.0,1800.0,1800.0105986563633,31.914823148148145,0.05361658216163869,0.044659085370588755,False,True
speed_900rpm__torque_1800Nm__temperature_35degC,train,Fw,900.0,1800.0,-1799.8810253319916,34.94842222222222,-0.08659190698591201,0.04555630497751814,False,True
speed_900rpm__torque_1800Nm__temperature_35degC,train,Bw,900.0,1800.0,1799.9339823622063,35.001786111111116,0.05664011801307847,0.04513615224012567,False,True
speed_900rpm__torque_200Nm__temperature_25degC,train,Fw,900.0,200.0,-199.96821285397917,26.303978240740744,-0.030191255879090412,0.04083070490055517,False,True
speed_900rpm__torque_200Nm__temperature_25degC,train,Bw,900.0,200.0,199.91901887926136,26.64649583333333,-0.005775964380808906,0.03953148507407922,False,True
speed_900rpm__torque_200Nm__temperature_35degC,train,Fw,900.0,200.0,-199.81333199474545,34.57140046296296,-0.02784082226201934,0.04014152723085046,False,True
speed_900rpm__torque_200Nm__temperature_35degC,train,Bw,900.0,200.0,199.83753274155276,34.55114537037037,-0.003255221212393497,0.03840413254729805,False,True
speed_900rpm__torque_300Nm__temperature_25degC,train,Fw,900.0,300.0,-299.98706962185946,27.67559516644289,-0.033601376316517564,0.04067251355282458,False,True
speed_900rpm__torque_300Nm__temperature_25degC,train,Bw,900.0,300.0,299.91065267098224,27.90457685185185,-0.0015967110145812063,0.03955100560762651,False,True
speed_900rpm__torque_400Nm__temperature_25degC,train,Fw,900.0,400.0,-399.9414971912349,25.578254629629633,-0.03799149350706955,0.04132365290488823,False,True
speed_900rpm__torque_400Nm__temperature_25degC,train,Bw,900.0,400.0,399.90972046526474,25.92908703703704,0.00173555420634249,0.03879544532695777,False,True
speed_900rpm__torque_400Nm__temperature_30degC,train,Fw,900.0,400.0,-399.99212697700216,33.13995324074074,-0.035779773007026984,0.04053666152970528,False,True
speed_900rpm__torque_400Nm__temperature_30degC,train,Bw,900.0,400.0,400.00498440589996,33.30475416666666,0.004882597077601859,0.038577254024891705,False,True
speed_900rpm__torque_400Nm__temperature_35degC,train,Fw,900.0,400.0,-400.0030085665208,34.68653796296296,-0.035149446295147324,0.039931052468877265,False,True
speed_900rpm__torque_400Nm__temperature_35degC,train,Bw,900.0,400.0,400.16084901422454,34.69151296296297,0.005215433056227739,0.03850258887021146,False,True
speed_900rpm__torque_500Nm__temperature_30degC,train,Fw,900.0,500.0,-500.04450174393475,29.983008796296296,-0.040914057152602996,0.04063254739722867,False,True
speed_900rpm__torque_500Nm__temperature_30degC,train,Bw,900.0,500.0,500.00660228587196,30.006529629629632,0.007389240591259984,0.03846874151232597,False,True
speed_900rpm__torque_500Nm__temperature_35degC,train,Fw,900.0,500.0,-499.8828697094211,34.70431574074074,-0.039350586734113194,0.04148323709827447,False,True
speed_900rpm__torque_500Nm__temperature_35degC,train,Bw,900.0,500.0,500.12609877367674,34.682654166666666,0.008517800373257433,0.038905545233297034,False,True
speed_900rpm__torque_600Nm__temperature_25degC,train,Fw,900.0,600.0,-600.1436441695249,25.790784259259258,-0.045618060742169675,0.041538399333166574,False,True
speed_900rpm__torque_600Nm__temperature_25degC,train,Bw,900.0,600.0,599.9703939499706,26.159718981481483,0.008723010309406507,0.039823752726594455,False,True
speed_900rpm__torque_600Nm__temperature_30degC,train,Fw,900.0,600.0,-600.0335952418822,30.84053425925926,-0.04445836565201494,0.04132714225997994,False,True
speed_900rpm__torque_600Nm__temperature_30degC,train,Bw,900.0,600.0,600.0032049862832,31.181283333333333,0.010534803418180536,0.03929010488338512,False,True
speed_900rpm__torque_600Nm__temperature_35degC,train,Fw,900.0,600.0,-599.9659628007147,34.688429629629624,-0.042850740664857806,0.04144916724924078,False,True
speed_900rpm__torque_600Nm__temperature_35degC,train,Bw,900.0,600.0,599.9898819778883,34.76541759259259,0.012346812149540488,0.03954032953081833,False,True
speed_900rpm__torque_700Nm__temperature_30degC,train,Fw,900.0,700.0,-699.9783464824712,31.771165277777776,-0.04785693209671697,0.040733811134590986,False,True
speed_900rpm__torque_700Nm__temperature_30degC,train,Bw,900.0,700.0,700.006743005084,31.964599287004027,0.014408834398843669,0.03994522823371232,False,True
speed_900rpm__torque_700Nm__temperature_35degC,train,Fw,900.0,700.0,-699.9171218055266,34.76513472222222,-0.04651031424449388,0.04084617313508102,False,True
speed_900rpm__torque_700Nm__temperature_35degC,train,Bw,900.0,700.0,700.0537189353413,34.81650324074074,0.016016711064395218,0.03940359171385669,False,True
speed_900rpm__torque_800Nm__temperature_25degC,train,Fw,900.0,800.0,-800.1197851587225,26.705175462962966,-0.053132852928080655,0.041646603494925286,False,True
speed_900rpm__torque_800Nm__temperature_25degC,train,Bw,900.0,800.0,799.9541972467781,27.098098148148146,0.015844155523901803,0.03935922973266797,False,True
speed_900rpm__torque_800Nm__temperature_35degC,train,Fw,900.0,800.0,-799.8872527072118,34.80950460669475,-0.04990520185328407,0.041640738233070296,False,True
speed_900rpm__torque_800Nm__temperature_35degC,train,Bw,900.0,800.0,799.9730190712943,34.74038379629629,0.020401676886324667,0.03964854404261085,False,True
speed_900rpm__torque_900Nm__temperature_30degC,train,Fw,900.0,900.0,-899.9975309107039,31.89921666666667,-0.05420467937616828,0.042918208572413755,False,True
speed_900rpm__torque_900Nm__temperature_30degC,train,Bw,900.0,900.0,899.4868931335259,32.05187685185185,0.02232479686519853,0.03967084715154365,False,True
speed_900rpm__torque_900Nm__temperature_35degC,train,Fw,900.0,900.0,-899.9860977353873,34.61019953703703,-0.054348183868252284,0.041725347852760906,False,True
speed_900rpm__torque_900Nm__temperature_35degC,train,Bw,900.0,900.0,899.9791818832375,34.668616666666665,0.02334393424159,0.0400940504866622,False,True
speed_1000rpm__torque_0Nm__temperature_25degC,validation,Fw,1000.0,0.0,-0.24313465168452458,24.951062757201644,-0.021879365749492057,0.03906089295120557,True,True
speed_1000rpm__torque_0Nm__temperature_25degC,validation,Bw,1000.0,0.0,-0.06842107140041226,25.152176440329217,-0.01310233839733753,0.039423366796202466,True,True
speed_1000rpm__torque_1100Nm__temperature_30degC,validation,Fw,1000.0,1100.0,-1099.7096961540449,31.948605452674897,-0.06055858312463194,0.04286321190488325,False,True
speed_1000rpm__torque_1100Nm__temperature_30degC,validation,Bw,1000.0,1100.0,1100.1398063289644,32.17679938271605,0.029646830786923907,0.042801476604087806,False,True
speed_1000rpm__torque_1100Nm__temperature_35degC,validation,Fw,1000.0,1100.0,-1099.6559395711608,35.7607628600823,-0.06248485348774016,0.043430105885879304,False,True
speed_1000rpm__torque_1100Nm__temperature_35degC,validation,Bw,1000.0,1100.0,1099.9568021908233,35.82050205761317,0.030505565578450116,0.04261846550874983,False,True
speed_1000rpm__torque_1600Nm__temperature_25degC,validation,Fw,1000.0,1600.0,-1600.121343994337,25.708359053497944,-0.08065432311152995,0.04548429097444708,False,True
speed_1000rpm__torque_1600Nm__temperature_25degC,validation,Bw,1000.0,1600.0,1599.9242908089263,26.096562242798353,0.04438600782437104,0.04461803060038448,False,True
speed_1000rpm__torque_1700Nm__temperature_25degC,validation,Fw,1000.0,1700.0,-1699.7193569263804,27.865520061728393,-0.08316276257655726,0.045910195135942945,False,True
speed_1000rpm__torque_1700Nm__temperature_25degC,validation,Bw,1000.0,1700.0,1699.84377850085,28.294711419753085,0.04766842830093004,0.04569709406086418,False,True
speed_1000rpm__torque_300Nm__temperature_25degC,validation,Fw,1000.0,300.0,-300.26320908295276,27.13666975308642,-0.033882699499000996,0.04018444050591999,False,True
speed_1000rpm__torque_300Nm__temperature_25degC,validation,Bw,1000.0,300.0,299.91044228127834,27.633600308641974,-0.001197390590537226,0.03859161398541903,False,True
speed_1000rpm__torque_300Nm__temperature_30degC,validation,Fw,1000.0,300.0,-300.1128714224078,32.82547044601059,-0.03209529167689843,0.04119707167883553,False,True
speed_1000rpm__torque_300Nm__temperature_30degC,validation,Bw,1000.0,300.0,299.9936708935308,33.05696039094651,0.0009213168322834463,0.03913392209939498,False,True
speed_1000rpm__torque_600Nm__temperature_25degC,validation,Fw,1000.0,600.0,-600.1670888667244,26.923466563786008,-0.04456530284853506,0.04171381911575506,False,True
speed_1000rpm__torque_600Nm__temperature_25degC,validation,Bw,1000.0,600.0,600.0156553948389,27.46389711934157,0.009556063351621038,0.039923074122316354,False,True
speed_1000rpm__torque_700Nm__temperature_35degC,validation,Fw,1000.0,700.0,-699.8366856525955,35.07878600823045,-0.04730922078546809,0.04137709633317159,False,True
speed_1000rpm__torque_700Nm__temperature_35degC,validation,Bw,1000.0,700.0,699.7916634678223,35.2239403292181,0.016304001959931525,0.040126368399564474,False,True
speed_1000rpm__torque_800Nm__temperature_25degC,validation,Fw,1000.0,800.0,-799.8992768702684,25.27925925925926,-0.050996050655386045,0.043482504163793234,False,True
speed_1000rpm__torque_800Nm__temperature_25degC,validation,Bw,1000.0,800.0,799.8730301460348,26.07204423868313,0.013957854454555933,0.040689432573603274,False,True
speed_1000rpm__torque_800Nm__temperature_30degC,validation,Fw,1000.0,800.0,-799.9436820606322,31.76949174340244,-0.05078197694096742,0.04283478276637114,False,True
speed_1000rpm__torque_800Nm__temperature_30degC,validation,Bw,1000.0,800.0,799.9880177970228,31.844850308641977,0.01852952473387964,0.041143996635677374,False,True
speed_1000rpm__torque_800Nm__temperature_35degC,validation,Fw,1000.0,800.0,-799.8913819284596,35.30367901234568,-0.05074948499262341,0.041211890055711534,False,True
speed_1000rpm__torque_800Nm__temperature_35degC,validation,Bw,1000.0,800.0,799.9026467654653,35.4378287037037,0.020142196472836826,0.04134593325209239,False,True
speed_100rpm__torque_0Nm__temperature_30degC,validation,Fw,100.0,0.0,-0.0010619551445061805,29.453399897119343,-0.016627573669252868,0.03898582716052476,True,True
speed_100rpm__torque_0Nm__temperature_30degC,validation,Bw,100.0,0.0,0.050834929349564593,28.87739633434329,-0.01129931418603733,0.04036219382702648,True,True
speed_100rpm__torque_1100Nm__temperature_25degC,validation,Fw,100.0,1100.0,-1099.9849065720132,25.250854882433728,-0.06542233431966142,0.042044849445433824,False,True
speed_100rpm__torque_1100Nm__temperature_25degC,validation,Bw,100.0,1100.0,1099.959497857809,25.298440740740745,0.030153925210216582,0.04146543538706059,False,True
speed_100rpm__torque_1200Nm__temperature_35degC,validation,Fw,100.0,1200.0,-1200.0571378673055,37.3102420781893,-0.06880289262931638,0.043859889523706334,False,True
speed_100rpm__torque_1200Nm__temperature_35degC,validation,Bw,100.0,1200.0,1199.9995552753005,37.29714034392827,0.03904266078328819,0.041541876274120815,False,True
speed_100rpm__torque_1600Nm__temperature_30degC,validation,Fw,100.0,1600.0,-1600.0603574962745,31.041420892082776,-0.0863615994673557,0.04617703250717191,False,True
speed_100rpm__torque_1600Nm__temperature_30degC,validation,Bw,100.0,1600.0,1599.9812813614383,31.129406378600827,0.05186175272047699,0.04429459571893962,False,True
speed_100rpm__torque_1600Nm__temperature_35degC,validation,Fw,100.0,1600.0,-1600.0338472272633,36.435409927983535,-0.08404244834725583,0.04594611004052288,False,True
speed_100rpm__torque_1600Nm__temperature_35degC,validation,Bw,100.0,1600.0,1599.9551382080022,36.440004629629634,0.05259796561253587,0.04396202042683478,False,True
speed_100rpm__torque_1700Nm__temperature_35degC,validation,Fw,100.0,1700.0,-1700.0525445287951,36.56215911604483,-0.08817578575322549,0.04682323584986409,False,True
speed_100rpm__torque_1700Nm__temperature_35degC,validation,Bw,100.0,1700.0,1700.0355383698027,36.58986388888889,0.05665961750501079,0.044528059661596404,False,True
speed_100rpm__torque_1800Nm__temperature_35degC,validation,Fw,100.0,1800.0,-1800.0104102527455,36.968733635461085,-0.09200317598421691,0.04723489594968544,False,True
speed_100rpm__torque_1800Nm__temperature_35degC,validation,Bw,100.0,1800.0,1800.0759504159332,37.01273722871796,0.060179039900515534,0.045440594354509284,False,True
speed_100rpm__torque_500Nm__temperature_30degC,validation,Fw,100.0,500.0,-499.99988084222065,29.8372591563786,-0.04542714269745356,0.04017036201226865,False,True
speed_100rpm__torque_500Nm__temperature_30degC,validation,Bw,100.0,500.0,500.01466489062074,29.866528497942387,0.009785438746538665,0.03882964969930738,False,True
speed_100rpm__torque_600Nm__temperature_25degC,validation,Fw,100.0,600.0,-599.9999055572988,25.109776491769548,-0.04766709171797956,0.041038230475236206,False,True
speed_100rpm__torque_600Nm__temperature_25degC,validation,Bw,100.0,600.0,599.9965356574421,25.03994809670782,0.010798044503611832,0.03917446049682695,False,True
speed_100rpm__torque_800Nm__temperature_25degC,validation,Fw,100.0,800.0,-800.0021752298123,25.03429537037037,-0.05494987267030882,0.040912534007997034,False,True
speed_100rpm__torque_800Nm__temperature_25degC,validation,Bw,100.0,800.0,800.0279056519546,25.053030967078193,0.019132781902000857,0.04050463645316964,False,True
speed_100rpm__torque_800Nm__temperature_35degC,validation,Fw,100.0,800.0,-800.0194849656442,35.42016805555556,-0.0557041771892041,0.04209297709110454,False,True
speed_100rpm__torque_800Nm__temperature_35degC,validation,Bw,100.0,800.0,800.0693009759859,35.36042566872428,0.02403834656990369,0.039737024861608,False,True
speed_100rpm__torque_900Nm__temperature_30degC,validation,Fw,100.0,900.0,-900.0122359786521,30.010165124306194,-0.05993800158490601,0.04159311143021039,False,True
speed_100rpm__torque_900Nm__temperature_30degC,validation,Bw,100.0,900.0,900.0088726977477,30.05817485506762,0.025627749768157758,0.040542246363784215,False,True
speed_1100rpm__torque_0Nm__temperature_35degC,validation,Fw,1100.0,0.0,-0.015850065516667476,34.70988512901766,-0.016742214315160257,0.04040610252095622,True,True
speed_1100rpm__torque_0Nm__temperature_35degC,validation,Bw,1100.0,0.0,-0.00488305537875558,34.846230973801845,-0.008176480970604066,0.04228652040910334,True,True
speed_1100rpm__torque_1000Nm__temperature_25degC,validation,Fw,1100.0,1000.0,-1000.0503063471715,26.46525886946189,-0.05784171683371269,0.055281242561148775,False,True
speed_1100rpm__torque_1000Nm__temperature_25degC,validation,Bw,1100.0,1000.0,999.8233317106461,27.23287953375205,0.02174972342390075,0.05463718332751422,False,True
speed_1100rpm__torque_1400Nm__temperature_25degC,validation,Fw,1100.0,1400.0,-1399.9576132318966,27.929640129010355,-0.07137967729914683,0.06365237447157115,False,True
speed_1100rpm__torque_1400Nm__temperature_25degC,validation,Bw,1100.0,1400.0,1399.9897089757435,28.42591523793357,0.03639336477163727,0.06204934583716198,False,True
speed_1100rpm__torque_1500Nm__temperature_25degC,validation,Fw,1100.0,1500.0,-1499.9347759724499,25.84986250212188,-0.07598065500374182,0.0576430352198489,False,True
speed_1100rpm__torque_1500Nm__temperature_25degC,validation,Bw,1100.0,1500.0,1500.0638249796293,26.48459314169307,0.03892639275962928,0.06630959299002567,False,True
speed_1100rpm__torque_1500Nm__temperature_35degC,validation,Fw,1100.0,1500.0,-1499.8556576715168,36.1285508968483,-0.07561174614069541,0.05475431369954935,False,True
speed_1100rpm__torque_1500Nm__temperature_35degC,validation,Bw,1100.0,1500.0,1499.9679288792447,36.318202806699865,0.045704389764465114,0.06791697815516512,False,True
speed_1100rpm__torque_1600Nm__temperature_30degC,validation,Fw,1100.0,1600.0,-1599.8480502099299,32.4564674927856,-0.07823857879469326,0.06128167526610677,False,True
speed_1100rpm__torque_1600Nm__temperature_30degC,validation,Bw,1100.0,1600.0,1599.9667324384166,32.72540994737736,0.045507864897009385,0.06837030044665872,False,True
speed_1100rpm__torque_1800Nm__temperature_30degC,validation,Fw,1100.0,1800.0,-1800.0242414383827,31.601976007243096,-0.08634658917924123,0.061970269305961195,False,True
speed_1100rpm__torque_1800Nm__temperature_30degC,validation,Bw,1100.0,1800.0,1799.9265594615579,32.10713008544107,0.05276465807115677,0.07229548879587387,False,True
speed_1100rpm__torque_1800Nm__temperature_35degC,validation,Fw,1100.0,1800.0,-1800.2177994274996,34.92269126301494,-0.08730475799856657,0.05819169908306257,False,True
speed_1100rpm__torque_1800Nm__temperature_35degC,validation,Bw,1100.0,1800.0,1799.9528564687132,35.0883217337181,0.05644684262369574,0.07151406983172683,False,True
speed_1100rpm__torque_500Nm__temperature_25degC,validation,Fw,1100.0,500.0,-499.9070800419251,28.093226573110005,-0.04095294016325064,0.052098562526892905,False,True
speed_1100rpm__torque_500Nm__temperature_25degC,validation,Bw,1100.0,500.0,499.9082350246466,28.813724325241896,0.005029594709748465,0.046444640796511234,False,True
speed_1100rpm__torque_600Nm__temperature_25degC,validation,Fw,1100.0,600.0,-600.0805993650013,26.294924173834314,-0.0439528564602065,0.05086860929923595,False,True
speed_1100rpm__torque_600Nm__temperature_25degC,validation,Bw,1100.0,600.0,599.8795539319204,26.77582413851638,0.009196724604773146,0.04802375514916596,False,True
speed_1100rpm__torque_600Nm__temperature_30degC,validation,Fw,1100.0,600.0,-600.08030801998,30.12115040742417,-0.044075476086568505,0.055458759888253016,False,True
speed_1100rpm__torque_600Nm__temperature_30degC,validation,Bw,1100.0,600.0,600.036666600414,30.6541181463249,0.009552296961208115,0.049182754020784175,False,True
speed_1100rpm__torque_900Nm__temperature_35degC,validation,Fw,1100.0,900.0,-899.9560805294676,35.87605386748147,-0.0538920147178588,0.053453526149580245,False,True
speed_1100rpm__torque_900Nm__temperature_35degC,validation,Bw,1100.0,900.0,899.9331514999711,36.06467832286538,0.023862930636114423,0.04997772267549012,False,True
speed_1300rpm__torque_0Nm__temperature_35degC,validation,Fw,1300.0,0.0,0.026054120286858433,34.69792965092952,-0.0165464961348456,0.039561466417267634,True,True
speed_1300rpm__torque_0Nm__temperature_35degC,validation,Bw,1300.0,0.0,-0.007909483874984897,34.90432793901297,-0.007913926006646803,0.04108432059635866,True,True
speed_1300rpm__torque_1200Nm__temperature_30degC,validation,Fw,1300.0,1200.0,-1199.9480220521216,31.684445633275377,-0.06507336103893488,0.04531196318539441,False,True
speed_1300rpm__torque_1200Nm__temperature_30degC,validation,Bw,1300.0,1200.0,1199.8578554001976,32.27186450879422,0.030871056852585,0.04358916542122464,False,True
speed_1300rpm__torque_1300Nm__temperature_35degC,validation,Fw,1300.0,1300.0,-1300.1638048390614,34.85620636618965,-0.06773096978984319,0.046909395606056226,False,True
speed_1300rpm__torque_1300Nm__temperature_35degC,validation,Bw,1300.0,1300.0,1299.9464975259284,35.03178158229118,0.03690096976097039,0.045378465817464575,False,True
speed_1300rpm__torque_1800Nm__temperature_30degC,validation,Fw,1300.0,1800.0,-1800.2251002086075,32.390285542329806,-0.08581273023728689,0.04680344110614349,False,True
speed_1300rpm__torque_1800Nm__temperature_30degC,validation,Bw,1300.0,1800.0,1798.7319430933005,32.72112418912593,0.051973444615897015,0.04902311082648016,False,True
speed_1300rpm__torque_200Nm__temperature_35degC,validation,Fw,1300.0,200.0,-199.8936928754378,35.86040326355915,-0.029249886763788122,0.04207692626358925,False,True
speed_1300rpm__torque_200Nm__temperature_35degC,validation,Bw,1300.0,200.0,200.20352749676215,36.18275845927511,-0.0035136502417629557,0.03963113347682591,False,True
speed_1300rpm__torque_600Nm__temperature_25degC,validation,Fw,1300.0,600.0,-599.9796390692882,27.473096830279523,-0.043466029716682196,0.04503403066014444,False,True
speed_1300rpm__torque_600Nm__temperature_25degC,validation,Bw,1300.0,600.0,599.8184917036388,28.148264678346933,0.007896534697567634,0.04154504690465745,False,True
speed_1300rpm__torque_800Nm__temperature_25degC,validation,Fw,1300.0,800.0,-800.0145248348292,28.211308679951856,-0.049689920065081786,0.04449559065158411,False,True
speed_1300rpm__torque_800Nm__temperature_25degC,validation,Bw,1300.0,800.0,799.9288475554591,28.786781463153673,0.015431257803878863,0.04080636840693497,False,True
speed_1400rpm__torque_0Nm__temperature_25degC,validation,Fw,1400.0,0.0,-0.5036190082695962,25.457804983436557,-0.021422864775714614,0.038996120497423015,True,True
speed_1400rpm__torque_0Nm__temperature_25degC,validation,Bw,1400.0,0.0,-0.03015873063124098,25.93341639060925,-0.012270311826903706,0.04033365906585562,True,True
speed_1400rpm__torque_1100Nm__temperature_35degC,validation,Fw,1400.0,1100.0,-1099.9876804132018,34.92224414836154,-0.06060250028709809,0.04746736958679616,False,True
speed_1400rpm__torque_1100Nm__temperature_35degC,validation,Bw,1400.0,1100.0,1099.4854018154763,35.41293821114792,0.028342015751531557,0.04358918199471342,False,True
speed_1400rpm__torque_1300Nm__temperature_25degC,validation,Fw,1400.0,1300.0,-1300.068410040751,26.07640213164338,-0.06890312344264954,0.046980369629627323,False,True
speed_1400rpm__torque_1300Nm__temperature_25degC,validation,Bw,1400.0,1300.0,1299.8543275648897,26.78509866052139,0.03190277100519718,0.04360963383863943,False,True
speed_1400rpm__torque_1400Nm__temperature_25degC,validation,Fw,1400.0,1400.0,-1400.1975682127763,25.333762333453368,-0.06836414105605085,0.04378694212615357,False,True
speed_1400rpm__torque_1400Nm__temperature_25degC,validation,Bw,1400.0,1400.0,1400.059094052146,25.818664122137402,0.03724473187847297,0.045577276293247176,False,True
speed_1400rpm__torque_1400Nm__temperature_35degC,validation,Fw,1400.0,1400.0,-1399.8069098887552,35.767290796485675,-0.07211021945913346,0.04756483455921136,False,True
speed_1400rpm__torque_1400Nm__temperature_35degC,validation,Bw,1400.0,1400.0,1399.622973116216,35.9908354339215,0.0400362800783992,0.04443536098934553,False,True
speed_1400rpm__torque_1500Nm__temperature_25degC,validation,Fw,1400.0,1500.0,-1500.1983039191098,25.352893050054018,-0.07199559142634838,0.04449463552582259,False,True
speed_1400rpm__torque_1500Nm__temperature_25degC,validation,Bw,1400.0,1500.0,1500.1798740513132,25.848944184371625,0.04088007766304227,0.045822637363073,False,True
speed_1400rpm__torque_1500Nm__temperature_35degC,validation,Fw,1400.0,1500.0,-1500.0311791956915,36.00895938355178,-0.0760936778665678,0.047238328393305676,False,True
speed_1400rpm__torque_1500Nm__temperature_35degC,validation,Bw,1400.0,1500.0,1500.12104990537,36.28312977099236,0.04332421506708815,0.045714993024280226,False,True
speed_1400rpm__torque_1700Nm__temperature_35degC,validation,Fw,1400.0,1700.0,-1699.910204677561,35.93063089665106,-0.08362028376615731,0.05019578461345618,False,True
speed_1400rpm__torque_1700Nm__temperature_35degC,validation,Bw,1400.0,1700.0,1700.0282068356926,36.24514402995823,0.050912888707878044,0.04786669587086825,False,True
speed_1400rpm__torque_1800Nm__temperature_35degC,validation,Fw,1400.0,1800.0,-1799.99551931044,35.69938926899532,-0.08730868186197879,0.04864561992365117,False,True
speed_1400rpm__torque_1800Nm__temperature_35degC,validation,Bw,1400.0,1800.0,1799.5876351563668,36.02192568054155,0.05456709685636706,0.04797709381747049,False,True
speed_1400rpm__torque_200Nm__temperature_25degC,validation,Fw,1400.0,200.0,-199.89102193743665,27.70534927264871,-0.03038446523431409,0.04390089462239937,False,True
speed_1400rpm__torque_200Nm__temperature_25degC,validation,Bw,1400.0,200.0,199.81808812208862,28.45093266114512,-0.007011795434789818,0.04293759146509087,False,True
speed_1400rpm__torque_300Nm__temperature_30degC,validation,Fw,1400.0,300.0,-300.1554484156168,31.526772776377385,-0.03271168027122184,0.04318183391368324,False,True
speed_1400rpm__torque_300Nm__temperature_30degC,validation,Bw,1400.0,300.0,300.0123418406914,32.20779562148927,-0.0013982921276164322,0.041683321407682106,False,True
speed_1400rpm__torque_500Nm__temperature_30degC,validation,Fw,1400.0,500.0,-500.00048294957463,31.624890537231742,-0.040616821255600837,0.04404008905918766,False,True
speed_1400rpm__torque_500Nm__temperature_30degC,validation,Bw,1400.0,500.0,500.1844422298461,32.3053089442604,0.005187666538198617,0.04116882260027683,False,True
speed_1500rpm__torque_0Nm__temperature_25degC,validation,Fw,1500.0,0.0,-0.34905878406789914,25.36915200617284,-0.021550232554582046,0.04156434391462306,True,True
speed_1500rpm__torque_0Nm__temperature_25degC,validation,Bw,1500.0,0.0,0.09583385418447612,25.976781635802467,-0.012316078395139183,0.04314583001769219,True,True
speed_1500rpm__torque_1000Nm__temperature_30degC,validation,Fw,1500.0,1000.0,-1000.1354391008248,31.60846450617284,-0.05876851067442257,0.04418613596063138,False,True
speed_1500rpm__torque_1000Nm__temperature_30degC,validation,Bw,1500.0,1000.0,999.8243874764374,32.31190972222222,0.02350465154952946,0.04690182291614139,False,True
speed_1500rpm__torque_100Nm__temperature_30degC,validation,Fw,1500.0,100.0,-100.52654483803997,31.324434413580246,-0.025474070007944397,0.042985105474795116,False,True
speed_1500rpm__torque_100Nm__temperature_30degC,validation,Bw,1500.0,100.0,99.90451320051496,32.04149845679012,-0.00886136505824977,0.0442219722071934,False,True
speed_1500rpm__torque_1100Nm__temperature_25degC,validation,Fw,1500.0,1100.0,-1100.0028142222652,24.82234259259259,-0.05707741495446389,0.046808613048247,False,True
speed_1500rpm__torque_1100Nm__temperature_25degC,validation,Bw,1500.0,1100.0,1100.0798680627336,25.501047067901236,0.027920103088620845,0.047894529984951216,False,True
speed_1500rpm__torque_1100Nm__temperature_35degC,validation,Fw,1500.0,1100.0,-1099.9696667363614,35.79376851851852,-0.06185812429956718,0.044005573207739214,False,True
speed_1500rpm__torque_1100Nm__temperature_35degC,validation,Bw,1500.0,1100.0,1099.6022109709832,36.287791666666664,0.028070404402139797,0.04664889537166255,False,True
speed_1500rpm__torque_1200Nm__temperature_30degC,validation,Fw,1500.0,1200.0,-1199.8768008969448,31.507217592592593,-0.06408725046302646,0.046496270224845794,False,True
speed_1500rpm__torque_1200Nm__temperature_30degC,validation,Bw,1500.0,1200.0,1199.8082349101217,32.17336805555556,0.029783393596043452,0.045829627449362635,False,True
speed_1500rpm__torque_1300Nm__temperature_25degC,validation,Fw,1500.0,1300.0,-1300.1758849363268,25.26762885802469,-0.06441228962856584,0.04585253696152789,False,True
speed_1500rpm__torque_1300Nm__temperature_25degC,validation,Bw,1500.0,1300.0,1299.77396783707,26.145212593564313,0.03294266907270873,0.04852165157105396,False,True
speed_1500rpm__torque_1400Nm__temperature_25degC,validation,Fw,1500.0,1400.0,-1399.9092775178544,25.28230324074074,-0.06830251737919846,0.04891189228689764,False,True
speed_1500rpm__torque_1400Nm__temperature_25degC,validation,Bw,1500.0,1400.0,1400.0457177797998,25.566479938271602,0.03531115405575597,0.05133505807139008,False,True
speed_1500rpm__torque_1400Nm__temperature_30degC,validation,Fw,1500.0,1400.0,-1400.0386672991294,32.31582407407407,-0.07057977923924538,0.047693368461875184,False,True
speed_1500rpm__torque_1400Nm__temperature_30degC,validation,Bw,1500.0,1400.0,1399.7188765910362,32.902948302469134,0.03745628279161726,0.04793989367781664,False,True
speed_1500rpm__torque_1600Nm__temperature_25degC,validation,Fw,1500.0,1600.0,-1599.6564514843035,25.017031635802468,-0.07570871834587925,0.04885152500098935,False,True
speed_1500rpm__torque_1600Nm__temperature_25degC,validation,Bw,1500.0,1600.0,1600.0453780884736,25.57434336419753,0.04366098532737277,0.053782577933135664,False,True
speed_1500rpm__torque_1600Nm__temperature_30degC,validation,Fw,1500.0,1600.0,-1599.9580565977978,31.34969675925926,-0.07910560230833052,0.047270899844658716,False,True
speed_1500rpm__torque_1600Nm__temperature_30degC,validation,Bw,1500.0,1600.0,1600.0447643997138,31.81348070987654,0.04491134777212937,0.04918258223948384,False,True
speed_1500rpm__torque_1700Nm__temperature_25degC,validation,Fw,1500.0,1700.0,-1700.3996436794598,25.2050462962963,-0.07930147093886097,0.0512980338612941,False,True
speed_1500rpm__torque_1700Nm__temperature_25degC,validation,Bw,1500.0,1700.0,1700.324635191163,25.756779320987654,0.04755675318108786,0.054947447234221444,False,True
speed_1500rpm__torque_1700Nm__temperature_30degC,validation,Fw,1500.0,1700.0,-1699.7166668927227,29.9344012345679,-0.08324707286493697,0.04764281523737019,False,True
speed_1500rpm__torque_1700Nm__temperature_30degC,validation,Bw,1500.0,1700.0,1699.6394867084618,30.645058641975307,0.04806347835652483,0.05104333265530715,False,True
speed_1500rpm__torque_1800Nm__temperature_30degC,validation,Fw,1500.0,1800.0,-1800.0739333438285,31.48756018518518,-0.08738184122435634,0.0486791434000048,False,True
speed_1500rpm__torque_1800Nm__temperature_30degC,validation,Bw,1500.0,1800.0,1799.6880063852095,32.03066975308642,0.051705273518565006,0.0495366627971074,False,True
speed_1500rpm__torque_1800Nm__temperature_35degC,validation,Fw,1500.0,1800.0,-1800.4812579280065,34.939976080246915,-0.08602105727635763,0.04680821258547217,False,True
speed_1500rpm__torque_1800Nm__temperature_35degC,validation,Bw,1500.0,1800.0,1800.1473764570223,35.202357253086426,0.05382640324652186,0.05086503507605514,False,True
speed_1500rpm__torque_300Nm__temperature_30degC,validation,Fw,1500.0,300.0,-300.0814144994006,29.90139737654321,-0.033692880429511095,0.04122249782143138,False,True
speed_1500rpm__torque_300Nm__temperature_30degC,validation,Bw,1500.0,300.0,300.1979512616941,30.5674112654321,-0.0019339697393237485,0.04200017286296112,False,True
speed_1500rpm__torque_300Nm__temperature_35degC,validation,Fw,1500.0,300.0,-300.03469428162515,34.831538580246914,-0.03196112597779583,0.04272961368143522,False,True
speed_1500rpm__torque_300Nm__temperature_35degC,validation,Bw,1500.0,300.0,300.01386772132696,35.161171296296295,-0.0005639637394334157,0.041689525047324746,False,True
speed_1500rpm__torque_500Nm__temperature_25degC,validation,Fw,1500.0,500.0,-499.99410372089454,25.210567901234565,-0.04065251730909039,0.04273491394635059,False,True
speed_1500rpm__torque_500Nm__temperature_25degC,validation,Bw,1500.0,500.0,499.9429146564685,25.825452160493825,0.0035239553175056256,0.04418836182739923,False,True
speed_1500rpm__torque_500Nm__temperature_30degC,validation,Fw,1500.0,500.0,-500.3708147397333,32.83409753839031,-0.04036355553080192,0.04463133195262317,False,True
speed_1500rpm__torque_500Nm__temperature_30degC,validation,Bw,1500.0,500.0,499.9590196678383,33.41382484567901,0.005207257793248412,0.04496989460919677,False,True
speed_1500rpm__torque_900Nm__temperature_30degC,validation,Fw,1500.0,900.0,-900.0248519910706,31.29979475308642,-0.05503729433258282,0.044928458003377865,False,True
speed_1500rpm__torque_900Nm__temperature_30degC,validation,Bw,1500.0,900.0,899.308558848159,31.90833487654321,0.01986789344912218,0.047024787499115796,False,True
speed_1500rpm__torque_900Nm__temperature_35degC,validation,Fw,1500.0,900.0,-900.66754994569,34.84654938271605,-0.05434765585096218,0.04508467391185269,False,True
speed_1500rpm__torque_900Nm__temperature_35degC,validation,Bw,1500.0,900.0,899.9526830310693,35.54862114197531,0.019939966640989328,0.045278433505992276,False,True
speed_1600rpm__torque_1300Nm__temperature_35degC,validation,Fw,1600.0,1300.0,-1299.1382711512563,34.763606584362144,-0.06764002097825018,0.06829646313774296,False,True
speed_1600rpm__torque_1300Nm__temperature_35degC,validation,Bw,1600.0,1300.0,1299.879958144348,35.05176872427983,0.03510793357215277,0.06930112838337485,False,True
speed_1600rpm__torque_1700Nm__temperature_30degC,validation,Fw,1600.0,1700.0,-1699.6575716591667,31.164835390946504,-0.0826557978026902,0.07865389808975183,False,True
speed_1600rpm__torque_1700Nm__temperature_30degC,validation,Bw,1600.0,1700.0,1699.8480021428986,31.803929218106994,0.047734116493832156,0.07984806783568915,False,True
speed_1600rpm__torque_200Nm__temperature_30degC,validation,Fw,1600.0,200.0,-199.85366866421796,32.151156378600824,-0.02965556616108189,0.05121473636854713,False,True
speed_1600rpm__torque_200Nm__temperature_30degC,validation,Bw,1600.0,200.0,199.92236211031752,32.93234485596708,-0.005029751423886236,0.052818041298504814,False,True
speed_1600rpm__torque_300Nm__temperature_30degC,validation,Fw,1600.0,300.0,-299.95985551135533,29.68879588477366,-0.03354008008096975,0.053841604119486304,False,True
speed_1600rpm__torque_300Nm__temperature_30degC,validation,Bw,1600.0,300.0,300.01383003548864,30.521869958847734,-0.002213521884271768,0.05571200925937095,False,True
speed_1600rpm__torque_300Nm__temperature_35degC,validation,Fw,1600.0,300.0,-299.8128933376736,34.82278436213992,-0.03227575304748682,0.05464153364033643,False,True
speed_1600rpm__torque_300Nm__temperature_35degC,validation,Bw,1600.0,300.0,299.9789153278004,35.102139917695474,-0.00037219409934283003,0.05341966843906559,False,True
speed_1600rpm__torque_400Nm__temperature_25degC,validation,Fw,1600.0,400.0,-399.9518249064316,25.0310683127572,-0.033865125004434664,0.04477342797667491,False,True
speed_1600rpm__torque_400Nm__temperature_25degC,validation,Bw,1600.0,400.0,399.87944460244097,25.821812345679014,0.002108710009374826,0.047081039399471544,False,True
speed_1600rpm__torque_400Nm__temperature_30degC,validation,Fw,1600.0,400.0,-399.90075525432945,31.618244444444443,-0.03652898703363885,0.05457782394340537,False,True
speed_1600rpm__torque_400Nm__temperature_30degC,validation,Bw,1600.0,400.0,399.99603601102325,32.1687646090535,0.0021196450558434643,0.054946067842820974,False,True
speed_1600rpm__torque_500Nm__temperature_30degC,validation,Fw,1600.0,500.0,-499.9843448866542,32.02239423868313,-0.038953013848472724,0.05951135419819397,False,True
speed_1600rpm__torque_500Nm__temperature_30degC,validation,Bw,1600.0,500.0,499.94829717851775,32.90831111111111,0.00577372796350192,0.057693220052460456,False,True
speed_1600rpm__torque_500Nm__temperature_35degC,validation,Fw,1600.0,500.0,-500.0239949559969,35.175084773662554,-0.03898133769130442,0.058367610384551294,False,True
speed_1600rpm__torque_500Nm__temperature_35degC,validation,Bw,1600.0,500.0,499.95930817397624,35.69124609053498,0.006913369851324748,0.05642773065996259,False,True
speed_1600rpm__torque_700Nm__temperature_30degC,validation,Fw,1600.0,700.0,-700.0128995243905,31.143997530864194,-0.047258036559005144,0.05864302627448535,False,True
speed_1600rpm__torque_700Nm__temperature_30degC,validation,Bw,1600.0,700.0,699.796547168842,31.97257448559671,0.012834791517073597,0.06075846962441078,False,True
speed_1600rpm__torque_800Nm__temperature_25degC,validation,Fw,1600.0,800.0,-800.0793097735433,24.78336296296296,-0.04783382571790212,0.04557514874500698,False,True
speed_1600rpm__torque_800Nm__temperature_25degC,validation,Bw,1600.0,800.0,800.0135192180785,25.50288559670782,0.015601572297845775,0.049082382267081615,False,True
speed_1700rpm__torque_0Nm__temperature_25degC,validation,Fw,1700.0,0.0,0.01899288058903425,25.23718146042851,-0.021799979499031966,0.04054877907755775,True,True
speed_1700rpm__torque_0Nm__temperature_25degC,validation,Bw,1700.0,0.0,0.21576667314208553,26.03300979363414,-0.012854189252168724,0.042084611736990865,True,True
speed_1700rpm__torque_1100Nm__temperature_30degC,validation,Fw,1700.0,1100.0,-1099.960917232336,31.831042322490386,-0.05974061125798035,0.0581764626427819,False,True
speed_1700rpm__torque_1100Nm__temperature_30degC,validation,Bw,1700.0,1100.0,1099.911347981079,32.72603270374257,0.026529388291462903,0.07576050960152199,False,True
speed_1700rpm__torque_1300Nm__temperature_35degC,validation,Fw,1700.0,1300.0,-1299.4968035881,36.54189768255356,-0.0688532583557868,0.0642675119982612,False,True
speed_1700rpm__torque_1300Nm__temperature_35degC,validation,Bw,1700.0,1300.0,1300.3877025734078,37.018650634018364,0.03527723255663308,0.08692670511437,False,True
speed_1700rpm__torque_1400Nm__temperature_25degC,validation,Fw,1700.0,1400.0,-1399.9726756462428,26.795119370354175,-0.06769359519151757,0.04500349569423973,False,True
speed_1700rpm__torque_1400Nm__temperature_25degC,validation,Bw,1700.0,1400.0,1400.1491284829672,27.869135111499777,0.03507956991748083,0.0458138363721504,False,True
speed_1700rpm__torque_1700Nm__temperature_35degC,validation,Fw,1700.0,1700.0,-1699.9747294902634,35.76668677859391,-0.08393259784353871,0.06990145167116685,False,True
speed_1700rpm__torque_1700Nm__temperature_35degC,validation,Bw,1700.0,1700.0,1699.8514001297622,36.494597289024924,0.04969502711342659,0.11580442491843275,False,True
speed_1700rpm__torque_200Nm__temperature_25degC,validation,Fw,1700.0,200.0,-200.0256202445242,25.12302203567681,-0.02717852586961628,0.041429691223408824,False,True
speed_1700rpm__torque_200Nm__temperature_25degC,validation,Bw,1700.0,200.0,199.921136244919,25.660484435117173,-0.005117293080760481,0.04308396950156315,False,True
speed_1700rpm__torque_200Nm__temperature_35degC,validation,Fw,1700.0,200.0,-199.7799080013447,36.18784783559248,-0.029164572752463473,0.05044258200111528,False,True
speed_1700rpm__torque_200Nm__temperature_35degC,validation,Bw,1700.0,200.0,200.0863031328096,36.729722805176635,-0.0040804646125831906,0.05517194876817463,False,True
speed_1700rpm__torque_300Nm__temperature_25degC,validation,Fw,1700.0,300.0,-299.88973063161717,25.149778768800278,-0.03037719640836556,0.04104988959966644,False,True
speed_1700rpm__torque_300Nm__temperature_25degC,validation,Bw,1700.0,300.0,300.0230304295531,25.751795365107128,-0.0014560299993614087,0.042651105258977876,False,True
speed_1700rpm__torque_300Nm__temperature_35degC,validation,Fw,1700.0,300.0,-300.14563188523664,36.754871884564935,-0.03312489263319663,0.05178636870733875,False,True
speed_1700rpm__torque_300Nm__temperature_35degC,validation,Bw,1700.0,300.0,300.1171936116154,37.235724029380904,-0.00046585865385197526,0.06142694812913789,False,True
speed_1700rpm__torque_600Nm__temperature_25degC,validation,Fw,1700.0,600.0,-599.9920406349893,25.40743244425011,-0.04073480319462344,0.041748735423719,False,True
speed_1700rpm__torque_600Nm__temperature_25degC,validation,Bw,1700.0,600.0,599.9391326885948,26.18823087013555,0.008923471208246849,0.042790401099686286,False,True
speed_1700rpm__torque_700Nm__temperature_30degC,validation,Fw,1700.0,700.0,-699.9915222856849,31.45298294709226,-0.0469575778123728,0.05264987341584934,False,True
speed_1700rpm__torque_700Nm__temperature_30degC,validation,Bw,1700.0,700.0,699.8039292753126,32.34303279405334,0.012783691405796776,0.06611225299306561,False,True
speed_1800rpm__torque_0Nm__temperature_25degC,validation,Fw,1800.0,0.0,0.1414626451109434,25.212269444444445,-0.02188898699061424,0.04131811256330884,True,True
speed_1800rpm__torque_0Nm__temperature_25degC,validation,Bw,1800.0,0.0,0.37588632809245387,26.025575000000003,-0.013084270540833755,0.041330024180067246,True,True
speed_1800rpm__torque_0Nm__temperature_35degC,validation,Fw,1800.0,0.0,-0.05456715804663506,34.50833055555555,-0.016471777989631703,0.04145944594897196,True,True
speed_1800rpm__torque_0Nm__temperature_35degC,validation,Bw,1800.0,0.0,0.26744371415036344,34.60865925925926,-0.008085657107923363,0.041850426550482975,True,True
speed_1800rpm__torque_1000Nm__temperature_35degC,validation,Fw,1800.0,1000.0,-999.702726955767,35.76956574074074,-0.05695142922799164,0.04994411849050046,False,True
speed_1800rpm__torque_1000Nm__temperature_35degC,validation,Bw,1800.0,1000.0,999.8791253201891,36.395620370370374,0.02519000226106643,0.05269114652782473,False,True
speed_1800rpm__torque_1200Nm__temperature_35degC,validation,Fw,1800.0,1200.0,-1199.8942909417328,36.2662287037037,-0.06404748502134316,0.0513977681650723,False,True
speed_1800rpm__torque_1200Nm__temperature_35degC,validation,Bw,1800.0,1200.0,1199.8011754823249,36.80014259259259,0.032385625361764446,0.05630137813344993,False,True
speed_1800rpm__torque_1300Nm__temperature_35degC,validation,Fw,1800.0,1300.0,-1300.0398909824867,34.97451018518519,-0.06734656678859817,0.0525746121991667,False,True
speed_1800rpm__torque_1300Nm__temperature_35degC,validation,Bw,1800.0,1300.0,1300.0151285657548,35.579905555555555,0.03280099715663307,0.05691956832446324,False,True
speed_1800rpm__torque_1400Nm__temperature_35degC,validation,Fw,1800.0,1400.0,-1399.974115512989,34.933448148148145,-0.07134119315114473,0.0534981841000583,False,True
speed_1800rpm__torque_1400Nm__temperature_35degC,validation,Bw,1800.0,1400.0,1399.8196294578358,35.62602962962963,0.03719792580440616,0.05615355550756487,False,True
speed_1800rpm__torque_1700Nm__temperature_30degC,validation,Fw,1800.0,1700.0,-1699.4771373713459,29.666132407407407,-0.08239351071994934,0.054717774816755105,False,True
speed_1800rpm__torque_1700Nm__temperature_30degC,validation,Bw,1800.0,1700.0,1700.0923108060817,30.73722962962963,0.04604489717945973,0.05970842722112428,False,True
speed_1800rpm__torque_200Nm__temperature_25degC,validation,Fw,1800.0,200.0,-199.93014600541858,26.371438888888893,-0.028985321860131835,0.04104062189140188,False,True
speed_1800rpm__torque_200Nm__temperature_25degC,validation,Bw,1800.0,200.0,199.72444687755055,27.480084259259257,-0.006839532716897339,0.04076193501298099,False,True
speed_1800rpm__torque_400Nm__temperature_35degC,validation,Fw,1800.0,400.0,-399.76587957806055,35.256902777777775,-0.036178486006216266,0.046202738038545646,False,True
speed_1800rpm__torque_400Nm__temperature_35degC,validation,Bw,1800.0,400.0,399.6934523481935,35.94679907407408,0.002701621130114782,0.052269626819174145,False,True
speed_1800rpm__torque_600Nm__temperature_25degC,validation,Fw,1800.0,600.0,-599.9706897691444,26.662915740740747,-0.041775653300827435,0.04098633717398905,False,True
speed_1800rpm__torque_600Nm__temperature_25degC,validation,Bw,1800.0,600.0,599.9088811986525,27.698262037037036,0.006339628793739978,0.04190687298597993,False,True
speed_200rpm__torque_1000Nm__temperature_30degC,validation,Fw,200.0,1000.0,-999.9914977604469,30.113193312757197,-0.06299050833431914,0.04313403636989514,False,True
speed_200rpm__torque_1000Nm__temperature_30degC,validation,Bw,200.0,1000.0,999.9999192467345,30.169545061728396,0.028522463986277377,0.0424419860851848,False,True
speed_200rpm__torque_1100Nm__temperature_35degC,validation,Fw,200.0,1100.0,-1100.0458299681366,36.63230830958529,-0.06492316644903807,0.044398750696839365,False,True
speed_200rpm__torque_1100Nm__temperature_35degC,validation,Bw,200.0,1100.0,1100.0088854644282,36.618554408995976,0.03318001244963317,0.04309670585365624,False,True
speed_200rpm__torque_1700Nm__temperature_35degC,validation,Fw,200.0,1700.0,-1700.0100136612668,35.35715452674897,-0.089272574638648,0.047170947202366295,False,True
speed_200rpm__torque_1700Nm__temperature_35degC,validation,Bw,200.0,1700.0,1699.7243294760092,35.4549200617284,0.05602174601816044,0.044895703385458285,False,True
speed_200rpm__torque_600Nm__temperature_30degC,validation,Fw,200.0,600.0,-600.0270449968032,29.82031172839506,-0.04810165290225918,0.04115154035404685,False,True
speed_200rpm__torque_600Nm__temperature_30degC,validation,Bw,200.0,600.0,599.9627810991133,29.839667283950618,0.013359467115512337,0.040055523730831606,False,True
speed_200rpm__torque_700Nm__temperature_30degC,validation,Fw,200.0,700.0,-700.0266959147198,29.79065442386831,-0.05187215608256922,0.0422780308871018,False,True
speed_200rpm__torque_700Nm__temperature_30degC,validation,Bw,200.0,700.0,700.0026700284004,29.841303909465022,0.017199053518282784,0.040379893040209426,False,True
speed_200rpm__torque_900Nm__temperature_30degC,validation,Fw,200.0,900.0,-899.9777297497777,29.99707232510288,-0.0590339189329116,0.043787806190955215,False,True
speed_200rpm__torque_900Nm__temperature_30degC,validation,Bw,200.0,900.0,899.962775013552,30.04858343621399,0.0249989917229879,0.041364881517239625,False,True
speed_300rpm__torque_1100Nm__temperature_25degC,validation,Fw,300.0,1100.0,-1099.9522566758556,25.615719444444448,-0.06531756932757787,0.042417025606531183,False,True
speed_300rpm__torque_1100Nm__temperature_25degC,validation,Bw,300.0,1100.0,1099.9998450941325,25.69329259259259,0.02949832217052093,0.04025475224996865,False,True
speed_300rpm__torque_1100Nm__temperature_30degC,validation,Fw,300.0,1100.0,-1099.9834743804402,29.772934876543207,-0.06561215255935743,0.042313881631649834,False,True
speed_300rpm__torque_1100Nm__temperature_30degC,validation,Bw,300.0,1100.0,1100.0074763844125,29.785367438271606,0.030862175082414605,0.04173808938590123,False,True
speed_300rpm__torque_1100Nm__temperature_35degC,validation,Fw,300.0,1100.0,-1100.0000310606426,35.169219753086416,-0.0638259711027496,0.04245636053387657,False,True
speed_300rpm__torque_1100Nm__temperature_35degC,validation,Bw,300.0,1100.0,1100.0072349046277,35.13792515432098,0.03186202981444817,0.04166895420118966,False,True
speed_300rpm__torque_1200Nm__temperature_25degC,validation,Fw,300.0,1200.0,-1200.0294194846767,25.406020463278757,-0.0691529912809219,0.04250247445323226,False,True
speed_300rpm__torque_1200Nm__temperature_25degC,validation,Bw,300.0,1200.0,1200.0112271248697,25.512923919753085,0.03320666330037478,0.041246234133085855,False,True
speed_300rpm__torque_1400Nm__temperature_30degC,validation,Fw,300.0,1400.0,-1399.9646620029284,30.018525,-0.07652445660016366,0.044170074785830266,False,True
speed_300rpm__torque_1400Nm__temperature_30degC,validation,Bw,300.0,1400.0,1399.9391427968321,30.080807716049385,0.042277153871660644,0.042476737873334613,False,True
speed_300rpm__torque_500Nm__temperature_25degC,validation,Fw,300.0,500.0,-500.01724032708154,25.587937345679013,-0.04288387834409408,0.03962085478823941,False,True
speed_300rpm__torque_500Nm__temperature_25degC,validation,Bw,300.0,500.0,499.99295260351255,25.665978858024694,0.007770914259564597,0.038064078746133365,False,True
speed_400rpm__torque_0Nm__temperature_35degC,validation,Fw,400.0,0.0,0.0013727222434625139,34.88305555555556,-0.01585898782749848,0.03833721909096924,True,True
speed_400rpm__torque_0Nm__temperature_35degC,validation,Bw,400.0,0.0,0.04193645787081546,34.80019074074074,-0.008481900010342318,0.03945758152494701,True,True
speed_400rpm__torque_1000Nm__temperature_30degC,validation,Fw,400.0,1000.0,-999.9567691828488,29.85311995884774,-0.06113263440931244,0.042654517002326905,False,True
speed_400rpm__torque_1000Nm__temperature_30degC,validation,Bw,400.0,1000.0,999.9305937580289,29.885191358024688,0.026808904375971044,0.04104303817202449,False,True
speed_400rpm__torque_100Nm__temperature_25degC,validation,Fw,400.0,100.0,-100.07344718332644,25.191107407407408,-0.027613763878660713,0.03912090116857121,False,True
speed_400rpm__torque_100Nm__temperature_25degC,validation,Bw,400.0,100.0,99.96504752798167,25.409911316872428,-0.009777002383848639,0.039026252922556584,False,True
speed_400rpm__torque_1300Nm__temperature_30degC,validation,Fw,400.0,1300.0,-1299.94519380385,29.959670781893003,-0.07229702346902167,0.044576927191458664,False,True
speed_400rpm__torque_1300Nm__temperature_30degC,validation,Bw,400.0,1300.0,1299.9312717022353,30.015951768554913,0.03823660850508452,0.04256333535339024,False,True
speed_400rpm__torque_1800Nm__temperature_35degC,validation,Fw,400.0,1800.0,-1799.9386499104676,35.42833991769547,-0.08869109869031826,0.04743820263231814,False,True
speed_400rpm__torque_1800Nm__temperature_35degC,validation,Bw,400.0,1800.0,1800.0084025634371,35.49506255144033,0.05775950946640568,0.04415932835739165,False,True
speed_400rpm__torque_200Nm__temperature_25degC,validation,Fw,400.0,200.0,-199.99930336642169,25.75321275720165,-0.03171716683915787,0.040650587115659595,False,True
speed_400rpm__torque_200Nm__temperature_25degC,validation,Bw,400.0,200.0,200.06057510391668,25.840826337448558,-0.005037255587785611,0.038272322471894146,False,True
speed_400rpm__torque_200Nm__temperature_30degC,validation,Fw,400.0,200.0,-200.00909280875092,31.459668518518523,-0.031643396293329185,0.039592576730654666,False,True
speed_400rpm__torque_200Nm__temperature_30degC,validation,Bw,400.0,200.0,199.98626501263388,31.530256990596907,-0.002921725851299647,0.039021628387805735,False,True
speed_400rpm__torque_400Nm__temperature_30degC,validation,Fw,400.0,400.0,-399.9841587639495,31.808806148274655,-0.039403803866577554,0.04088349019497829,False,True
speed_400rpm__torque_400Nm__temperature_30degC,validation,Bw,400.0,400.0,400.07174720363594,31.870736419753086,0.005420847648365522,0.040010765405508256,False,True
speed_400rpm__torque_400Nm__temperature_35degC,validation,Fw,400.0,400.0,-399.92746545944686,35.27124609053498,-0.03755015918021959,0.04135198270098853,False,True
speed_400rpm__torque_400Nm__temperature_35degC,validation,Bw,400.0,400.0,400.03597062249287,35.27287592592592,0.006038044157438832,0.039524541547649686,False,True
speed_400rpm__torque_500Nm__temperature_35degC,validation,Fw,400.0,500.0,-499.9382724487242,35.248124279835395,-0.041214035196935034,0.04183155588003064,False,True
speed_400rpm__torque_500Nm__temperature_35degC,validation,Bw,400.0,500.0,500.0412180835896,35.26442839506173,0.010078803200325032,0.04006786582136637,False,True
speed_400rpm__torque_600Nm__temperature_25degC,validation,Fw,400.0,600.0,-600.01044421039,25.860065020576133,-0.04664873453118143,0.042205025545644065,False,True
speed_400rpm__torque_600Nm__temperature_25degC,validation,Bw,400.0,600.0,600.0375801296057,26.02535740740741,0.010785288000138395,0.038722096434400236,False,True
speed_400rpm__torque_900Nm__temperature_25degC,validation,Fw,400.0,900.0,-899.9807642173374,25.4718549382716,-0.056843965161623156,0.042188316582894535,False,True
speed_400rpm__torque_900Nm__temperature_25degC,validation,Bw,400.0,900.0,899.9887053452672,25.50338106995885,0.021389369810076442,0.04002469590952782,False,True
speed_400rpm__torque_900Nm__temperature_35degC,validation,Fw,400.0,900.0,-899.8342563193521,35.88015390946502,-0.057025578152164365,0.0438305952897402,False,True
speed_400rpm__torque_900Nm__temperature_35degC,validation,Bw,400.0,900.0,899.991594306705,35.8941316872428,0.0235332226876942,0.04137650028745362,False,True
speed_500rpm__torque_0Nm__temperature_30degC,validation,Fw,500.0,0.0,0.0053731173505028795,30.565306327160492,-0.01916227440532601,0.038156324170513234,True,True
speed_500rpm__torque_0Nm__temperature_30degC,validation,Bw,500.0,0.0,-0.02786628768162462,30.59391640946502,-0.011240774007318063,0.038913227614079955,True,True
speed_500rpm__torque_100Nm__temperature_25degC,validation,Fw,500.0,100.0,-100.131085282,25.49480967078189,-0.02756329598174827,0.039007620263952165,False,True
speed_500rpm__torque_100Nm__temperature_25degC,validation,Bw,500.0,100.0,100.06192112044879,25.658546296296297,-0.009736313037996798,0.038302597683780915,False,True
speed_500rpm__torque_100Nm__temperature_30degC,validation,Fw,500.0,100.0,-99.9932691700174,29.8853220164609,-0.026885028693543245,0.03927854200192887,False,True
speed_500rpm__torque_100Nm__temperature_30degC,validation,Bw,500.0,100.0,99.99429589000451,29.905930812757205,-0.00791330754468328,0.03900856193617093,False,True
speed_500rpm__torque_1100Nm__temperature_30degC,validation,Fw,500.0,1100.0,-1099.993244414467,31.926330504115224,-0.06363751033712318,0.042873645822502,False,True
speed_500rpm__torque_1100Nm__temperature_30degC,validation,Bw,500.0,1100.0,1100.0332114790056,31.997204989711935,0.03130615146454567,0.04153217396346546,False,True
speed_500rpm__torque_1800Nm__temperature_25degC,validation,Fw,500.0,1800.0,-1799.8880302280556,25.691141975308643,-0.0898236097036199,0.04640119046834665,False,True
speed_500rpm__torque_1800Nm__temperature_25degC,validation,Bw,500.0,1800.0,1800.0106810922953,25.931957561728396,0.053844678247431686,0.04379823287502571,False,True
speed_500rpm__torque_200Nm__temperature_35degC,validation,Fw,500.0,200.0,-199.98612963123085,34.73031301440329,-0.029733387186848734,0.039800401363630625,False,True
speed_500rpm__torque_200Nm__temperature_35degC,validation,Bw,500.0,200.0,200.0417670583771,34.65710596707819,-0.003092660590504154,0.03805676889206673,False,True
speed_500rpm__torque_400Nm__temperature_30degC,validation,Fw,500.0,400.0,-399.9949115477962,30.772195473251028,-0.038571039445093436,0.03975108058920515,False,True
speed_500rpm__torque_400Nm__temperature_30degC,validation,Bw,500.0,400.0,399.9293528627627,30.843031378600823,0.004469251441115371,0.038301424226731405,False,True
speed_500rpm__torque_600Nm__temperature_30degC,validation,Fw,500.0,600.0,-600.0073474375799,31.18546116255144,-0.04594591798635205,0.04048111020621076,False,True
speed_500rpm__torque_600Nm__temperature_30degC,validation,Bw,500.0,600.0,600.0058573466873,31.290020061728395,0.01215574578463804,0.038850164665386704,False,True
speed_500rpm__torque_700Nm__temperature_35degC,validation,Fw,500.0,700.0,-699.982477608041,36.07750102880659,-0.049317840029605944,0.04067159050832581,False,True
speed_500rpm__torque_700Nm__temperature_35degC,validation,Bw,500.0,700.0,700.0943828440668,36.089206532921814,0.018062219202747233,0.03871429918806311,False,True
speed_600rpm__torque_0Nm__temperature_35degC,validation,Fw,600.0,0.0,-0.03497143046749891,34.80175308641975,-0.016161113052242715,0.039524403918178616,True,True
speed_600rpm__torque_0Nm__temperature_35degC,validation,Bw,600.0,0.0,0.042331023030376315,34.770932098765435,-0.008083811097027688,0.04034722017190871,True,True
speed_600rpm__torque_1100Nm__temperature_25degC,validation,Fw,600.0,1100.0,-1100.025402329586,26.05383024691358,-0.06295801351797575,0.0418261552429162,False,True
speed_600rpm__torque_1100Nm__temperature_25degC,validation,Bw,600.0,1100.0,1100.0301667752728,26.23495339506173,0.027278465929427727,0.0398179567890762,False,True
speed_600rpm__torque_1100Nm__temperature_35degC,validation,Fw,600.0,1100.0,-1099.9576473236084,34.93249074074075,-0.06182015943548168,0.041904480507508994,False,True
speed_600rpm__torque_1100Nm__temperature_35degC,validation,Bw,600.0,1100.0,1099.9530148376568,34.973940432098765,0.03209008068459607,0.04053141714840788,False,True
speed_600rpm__torque_1300Nm__temperature_35degC,validation,Fw,600.0,1300.0,-1299.9041994559911,35.16929506172839,-0.06927821741852029,0.04321575475327209,False,True
speed_600rpm__torque_1300Nm__temperature_35degC,validation,Bw,600.0,1300.0,1299.9396954423341,35.25517191358025,0.03945506050278729,0.041255648765369156,False,True
speed_600rpm__torque_1400Nm__temperature_25degC,validation,Fw,600.0,1400.0,-1400.1132623207423,25.879263271604938,-0.07433258045940468,0.04384992230297223,False,True
speed_600rpm__torque_1400Nm__temperature_25degC,validation,Bw,600.0,1400.0,1400.054937857831,26.199510185185186,0.03854719008806346,0.041954759516599126,False,True
speed_600rpm__torque_1400Nm__temperature_35degC,validation,Fw,600.0,1400.0,-1399.865904678533,35.39272438271605,-0.07275517026510787,0.04341198234985832,False,True
speed_600rpm__torque_1400Nm__temperature_35degC,validation,Bw,600.0,1400.0,1400.017643521493,35.490075000000004,0.043280369380502566,0.04172767098888046,False,True
speed_600rpm__torque_1500Nm__temperature_25degC,validation,Fw,600.0,1500.0,-1499.9754680380408,24.840718209876545,-0.07875212094664046,0.04400776699171765,False,True
speed_600rpm__torque_1500Nm__temperature_25degC,validation,Bw,600.0,1500.0,1499.9829024056082,25.155792592592594,0.042473763642081414,0.04189780808820184,False,True
speed_600rpm__torque_1600Nm__temperature_30degC,validation,Fw,600.0,1600.0,-1600.008368793829,32.385876851851854,-0.08144833219253048,0.044406939090844554,False,True
speed_600rpm__torque_1600Nm__temperature_30degC,validation,Bw,600.0,1600.0,1600.0194140739977,32.502704629629626,0.04960476243322866,0.043884320187901976,False,True
speed_600rpm__torque_400Nm__temperature_30degC,validation,Fw,600.0,400.0,-399.83703516883617,30.82645061728395,-0.03821715575636419,0.03964289505409777,False,True
speed_600rpm__torque_400Nm__temperature_30degC,validation,Bw,600.0,400.0,399.9705136964522,30.940658950617287,0.004403338537377631,0.03812312148500657,False,True
speed_600rpm__torque_400Nm__temperature_35degC,validation,Fw,600.0,400.0,-399.944146739112,35.990531790123455,-0.03812076268071775,0.039532321193356985,False,True
speed_600rpm__torque_400Nm__temperature_35degC,validation,Bw,600.0,400.0,400.0108434622352,36.1085401234568,0.0057143278364924725,0.03827742094226852,False,True
speed_600rpm__torque_800Nm__temperature_35degC,validation,Fw,600.0,800.0,-799.9216934413085,34.8526274691358,-0.051092346073482904,0.040985072652519244,False,True
speed_600rpm__torque_800Nm__temperature_35degC,validation,Bw,600.0,800.0,800.0115294602681,34.70709259259259,0.020006221532485737,0.03962897696121324,False,True
speed_700rpm__torque_1000Nm__temperature_35degC,validation,Fw,700.0,1000.0,-999.9492580686072,36.21802239746498,-0.058224545465160246,0.042528653931425076,False,True
speed_700rpm__torque_1000Nm__temperature_35degC,validation,Bw,700.0,1000.0,1000.0029911786789,36.27602102913111,0.028885784358005196,0.040941504342060404,False,True
speed_700rpm__torque_1400Nm__temperature_25degC,validation,Fw,700.0,1400.0,-1400.1007021613161,26.42674552590832,-0.07386580854380075,0.045270872198697416,False,True
speed_700rpm__torque_1400Nm__temperature_25degC,validation,Bw,700.0,1400.0,1399.9187948343313,26.724720751863455,0.03801452557773276,0.04240232623379804,False,True
speed_700rpm__torque_1600Nm__temperature_30degC,validation,Fw,700.0,1600.0,-1599.9846981252697,31.93084365548034,-0.08104265967922142,0.04595448883978265,False,True
speed_700rpm__torque_1600Nm__temperature_30degC,validation,Bw,700.0,1600.0,1599.9995345072218,32.07237982067625,0.04804595612566981,0.04361936717664892,False,True
speed_700rpm__torque_1700Nm__temperature_25degC,validation,Fw,700.0,1700.0,-1699.9794046491882,25.855669223290484,-0.08517881135415635,0.046720570987735056,False,True
speed_700rpm__torque_1700Nm__temperature_25degC,validation,Bw,700.0,1700.0,1699.8582793861956,26.231795758164992,0.048999968218297066,0.04405661693820141,False,True
speed_700rpm__torque_1800Nm__temperature_25degC,validation,Fw,700.0,1800.0,-1800.0406012202507,25.76380828922257,-0.08947108786986842,0.04679021011571302,False,True
speed_700rpm__torque_1800Nm__temperature_25degC,validation,Bw,700.0,1800.0,1799.9968827908851,26.042424024197036,0.052897343713792046,0.04336634547879508,False,True
speed_700rpm__torque_1800Nm__temperature_35degC,validation,Fw,700.0,1800.0,-1800.053176227067,35.32449677721363,-0.08817608133878133,0.04784878653711372,False,True
speed_700rpm__torque_1800Nm__temperature_35degC,validation,Bw,700.0,1800.0,1799.981056231999,35.44781902635748,0.057663726735447896,0.04441774864835738,False,True
speed_700rpm__torque_400Nm__temperature_25degC,validation,Fw,700.0,400.0,-400.14924838050854,26.41316217773297,-0.0380747457124834,0.03966887688483668,False,True
speed_700rpm__torque_400Nm__temperature_25degC,validation,Bw,700.0,400.0,399.8323517667106,26.589488333573385,0.0018236503410096567,0.03901837911777471,False,True
speed_700rpm__torque_400Nm__temperature_30degC,validation,Fw,700.0,400.0,-399.94556009007505,30.281643801087466,-0.037644426808599994,0.04065052088765646,False,True
speed_700rpm__torque_400Nm__temperature_30degC,validation,Bw,700.0,400.0,399.98889875334595,30.48484120697105,0.003341325624255123,0.03790530169126863,False,True
speed_700rpm__torque_500Nm__temperature_30degC,validation,Fw,700.0,500.0,-499.99602540123453,30.721253420711506,-0.041180743653309086,0.04022073725191588,False,True
speed_700rpm__torque_500Nm__temperature_30degC,validation,Bw,700.0,500.0,499.93076014411025,30.816640501224253,0.007372871229340033,0.03827972648279624,False,True
speed_700rpm__torque_600Nm__temperature_25degC,validation,Fw,700.0,600.0,-599.9924733836136,26.49277015591804,-0.04525599066995184,0.042848893338537225,False,True
speed_700rpm__torque_600Nm__temperature_25degC,validation,Bw,700.0,600.0,600.0474835575322,26.701208094775126,0.00918294183574718,0.03905834526400706,False,True
speed_700rpm__torque_600Nm__temperature_30degC,validation,Fw,700.0,600.0,-599.927161133185,30.942308523279685,-0.045031992007474965,0.041712934357348644,False,True
speed_700rpm__torque_600Nm__temperature_30degC,validation,Bw,700.0,600.0,599.9422251205731,31.17234417197796,0.01094385405298361,0.03931055673117869,False,True
speed_700rpm__torque_900Nm__temperature_25degC,validation,Fw,700.0,900.0,-899.8953625549076,25.54780858418551,-0.05522145014635079,0.04234216382823031,False,True
speed_700rpm__torque_900Nm__temperature_25degC,validation,Bw,700.0,900.0,900.0417479995871,25.705266095347834,0.019514998251708694,0.040285953626961774,False,True
speed_800rpm__torque_1100Nm__temperature_35degC,validation,Fw,800.0,1100.0,-1099.8241209100795,35.877596296296296,-0.062145155659371856,0.04259395413113458,False,True
speed_800rpm__torque_1100Nm__temperature_35degC,validation,Bw,800.0,1100.0,1100.0563996974847,35.94702345679013,0.03190834764916004,0.04131149603576189,False,True
speed_800rpm__torque_1200Nm__temperature_25degC,validation,Fw,800.0,1200.0,-1200.191759189951,26.989565843621396,-0.06618725333563032,0.044009377144115576,False,True
speed_800rpm__torque_1200Nm__temperature_25degC,validation,Bw,800.0,1200.0,1200.04845195924,27.317945267489716,0.030457339671399436,0.0416402911971025,False,True
speed_800rpm__torque_1500Nm__temperature_25degC,validation,Fw,800.0,1500.0,-1500.0184181295795,25.234399588477363,-0.07543174711163651,0.04387915031005479,False,True
speed_800rpm__torque_1500Nm__temperature_25degC,validation,Bw,800.0,1500.0,1500.0001791181112,25.904641975308643,0.04080636401363098,0.04372370636097847,False,True
speed_800rpm__torque_1600Nm__temperature_25degC,validation,Fw,800.0,1600.0,-1599.988527075048,26.908354253261454,-0.07944995218105848,0.04528075663524182,False,True
speed_800rpm__torque_1600Nm__temperature_25degC,validation,Bw,800.0,1600.0,1599.9940382396987,27.202677366255145,0.04509426572564049,0.04365642347950853,False,True
speed_800rpm__torque_1700Nm__temperature_25degC,validation,Fw,800.0,1700.0,-1700.0055250218866,27.808839094650207,-0.08324948959797311,0.0455673297662196,False,True
speed_800rpm__torque_1700Nm__temperature_25degC,validation,Bw,800.0,1700.0,1699.9037699329585,28.04714156378601,0.04874905400634786,0.044024215201755056,False,True
speed_800rpm__torque_1700Nm__temperature_30degC,validation,Fw,800.0,1700.0,-1699.9711395585489,32.49169300411522,-0.0848763054418109,0.0463645077421426,False,True
speed_800rpm__torque_1700Nm__temperature_30degC,validation,Bw,800.0,1700.0,1700.0216967212184,32.68533991769547,0.05113007958178929,0.043665829835123446,False,True
speed_800rpm__torque_1800Nm__temperature_30degC,validation,Fw,800.0,1800.0,-1799.968294037713,32.84165020576132,-0.08844705407863811,0.046183480362779666,False,True
speed_800rpm__torque_1800Nm__temperature_30degC,validation,Bw,800.0,1800.0,1799.9353040212404,33.011899666652944,0.054970337004629506,0.04459783434501845,False,True
speed_800rpm__torque_200Nm__temperature_30degC,validation,Fw,800.0,200.0,-199.8594692312641,29.884932921810698,-0.029955029402495413,0.03953562428641366,False,True
speed_800rpm__torque_200Nm__temperature_30degC,validation,Bw,800.0,200.0,200.04940162078083,30.023705761316876,-0.004763423875568268,0.03867784513610732,False,True
speed_800rpm__torque_400Nm__temperature_25degC,validation,Fw,800.0,400.0,-399.91458151075574,28.071608641975313,-0.03718083151193736,0.040397968970247736,False,True
speed_800rpm__torque_400Nm__temperature_25degC,validation,Bw,800.0,400.0,399.93707310746674,28.261767489711932,0.0025514281503244613,0.03865236830605474,False,True
speed_800rpm__torque_600Nm__temperature_35degC,validation,Fw,800.0,600.0,-599.9699676282121,35.160767901234564,-0.04362119232012011,0.041337079472460514,False,True
speed_800rpm__torque_600Nm__temperature_35degC,validation,Bw,800.0,600.0,599.9680901542387,35.09601341618997,0.013579565408086474,0.038412748326735566,False,True
speed_800rpm__torque_700Nm__temperature_30degC,validation,Fw,800.0,700.0,-699.9792998906516,31.46204897119342,-0.04835008396013498,0.04128429624733171,False,True
speed_800rpm__torque_700Nm__temperature_30degC,validation,Bw,800.0,700.0,699.9815716152436,31.619631275720167,0.014647707120602104,0.03872298324347563,False,True
speed_800rpm__torque_800Nm__temperature_25degC,validation,Fw,800.0,800.0,-799.9864723849198,28.08003744855967,-0.051592075926209256,0.041428009668830514,False,True
speed_800rpm__torque_800Nm__temperature_25degC,validation,Bw,800.0,800.0,799.9367814616597,28.329962962962963,0.016892566203249883,0.03923936126344712,False,True
speed_800rpm__torque_900Nm__temperature_30degC,validation,Fw,800.0,900.0,-899.9438443399752,32.10772139917695,-0.05540035497511017,0.0420563119560141,False,True
speed_800rpm__torque_900Nm__temperature_30degC,validation,Bw,800.0,900.0,899.9896732070762,32.276718930041156,0.02217475307044439,0.04018163205547537,False,True
speed_800rpm__torque_900Nm__temperature_35degC,validation,Fw,800.0,900.0,-900.0099796620907,35.72303991769547,-0.054717274849762056,0.0418350348874803,False,True
speed_800rpm__torque_900Nm__temperature_35degC,validation,Bw,800.0,900.0,899.8649796670308,35.70900864197531,0.024515462314811904,0.03984219498717052,False,True
speed_900rpm__torque_1000Nm__temperature_30degC,validation,Fw,900.0,1000.0,-1000.0129996736845,32.33510879629629,-0.05772349855391117,0.04243711526944918,False,True
speed_900rpm__torque_1000Nm__temperature_30degC,validation,Bw,900.0,1000.0,999.9637247082063,32.47633009259259,0.025781424936733528,0.040743525861317596,False,True
speed_900rpm__torque_1100Nm__temperature_25degC,validation,Fw,900.0,1100.0,-1100.006409154998,26.14320972222222,-0.06240371416905451,0.04346045768847436,False,True
speed_900rpm__torque_1100Nm__temperature_25degC,validation,Bw,900.0,1100.0,1100.0767315739693,26.55399490740741,0.026662432621290946,0.041087120777259324,False,True
speed_900rpm__torque_1200Nm__temperature_35degC,validation,Fw,900.0,1200.0,-1199.9686940400688,34.878794444444445,-0.06401820534250431,0.043246139668647376,False,True
speed_900rpm__torque_1200Nm__temperature_35degC,validation,Bw,900.0,1200.0,1199.9813816922563,35.055579629629634,0.033761802696931166,0.041483782437910385,False,True
speed_900rpm__torque_1300Nm__temperature_25degC,validation,Fw,900.0,1300.0,-1300.0437820840764,26.0686962962963,-0.0711192649351093,0.04451851050182429,False,True
speed_900rpm__torque_1300Nm__temperature_25degC,validation,Bw,900.0,1300.0,1300.085505930621,26.455338888888893,0.033370345741593685,0.041851627955804355,False,True
speed_900rpm__torque_1400Nm__temperature_30degC,validation,Fw,900.0,1400.0,-1399.8968259824646,32.39918194444444,-0.07276735974582847,0.04425700029598063,False,True
speed_900rpm__torque_1400Nm__temperature_30degC,validation,Bw,900.0,1400.0,1399.9491301449427,32.60508379629629,0.03984584085349737,0.04292750420757688,False,True
speed_900rpm__torque_1500Nm__temperature_30degC,validation,Fw,900.0,1500.0,-1500.1731707873168,30.438167592592595,-0.07605752202487151,0.04453469999165126,False,True
speed_900rpm__torque_1500Nm__temperature_30degC,validation,Bw,900.0,1500.0,1499.9338912002029,30.668909259259255,0.04152911001211399,0.04318426881413808,False,True
speed_900rpm__torque_1600Nm__temperature_25degC,validation,Fw,900.0,1600.0,-1600.2373288295887,27.374419907407407,-0.07923352030563434,0.045155832130047376,False,True
speed_900rpm__torque_1600Nm__temperature_25degC,validation,Bw,900.0,1600.0,1599.8568533267514,27.689768970785682,0.04450827214928825,0.04319434778185437,False,True
speed_900rpm__torque_1600Nm__temperature_35degC,validation,Fw,900.0,1600.0,-1599.9829138649834,34.849201388888886,-0.079183417373686,0.04470436937376609,False,True
speed_900rpm__torque_1600Nm__temperature_35degC,validation,Bw,900.0,1600.0,1599.988057225623,34.952814351851856,0.049330865393729745,0.04368852616687083,False,True
speed_900rpm__torque_1700Nm__temperature_25degC,validation,Fw,900.0,1700.0,-1699.9758602402828,28.13426759259259,-0.08308978688894032,0.04604051200056566,False,True
speed_900rpm__torque_1700Nm__temperature_25degC,validation,Bw,900.0,1700.0,1698.1246549414955,28.336603703703698,0.04833658721254703,0.044102148259224316,False,True
speed_900rpm__torque_200Nm__temperature_30degC,validation,Fw,900.0,200.0,-199.97662001185947,33.025099537037036,-0.029604505071419093,0.04000180504467477,False,True
speed_900rpm__torque_200Nm__temperature_30degC,validation,Bw,900.0,200.0,199.96788629396283,33.250479166666665,-0.0037159227202470356,0.03814076281412987,False,True
speed_900rpm__torque_300Nm__temperature_30degC,validation,Fw,900.0,300.0,-299.9706280341855,32.527545833333335,-0.03232682015959906,0.04041461687968027,False,True
speed_900rpm__torque_300Nm__temperature_30degC,validation,Bw,900.0,300.0,299.96114776730974,32.76229074074074,0.0010886112293023546,0.038551779247289225,False,True
speed_900rpm__torque_300Nm__temperature_35degC,validation,Fw,900.0,300.0,-300.0411386291186,34.73491481481481,-0.03203991886867281,0.04032881102686087,False,True
speed_900rpm__torque_300Nm__temperature_35degC,validation,Bw,900.0,300.0,299.9217416859866,34.72824259259259,0.0006371738530601782,0.03832676551681013,False,True
speed_900rpm__torque_500Nm__temperature_25degC,validation,Fw,900.0,500.0,-500.02355180404805,27.13593194444444,-0.04102577697663404,0.041698223599807294,False,True
speed_900rpm__torque_500Nm__temperature_25degC,validation,Bw,900.0,500.0,499.95794711892063,27.508926851851854,0.0053874121050247374,0.038919682705220615,False,True
speed_900rpm__torque_800Nm__temperature_30degC,validation,Fw,900.0,800.0,-800.1466923341954,32.3982550118061,-0.051167808357786164,0.041635829126815,False,True
speed_900rpm__torque_800Nm__temperature_30degC,validation,Bw,900.0,800.0,799.9954435665386,32.602295833333336,0.0185843768381858,0.04067468872246679,False,True
speed_900rpm__torque_900Nm__temperature_25degC,validation,Fw,900.0,900.0,-899.9929766301756,25.933012962962962,-0.05582972750344452,0.04200659071459001,False,True
speed_900rpm__torque_900Nm__temperature_25degC,validation,Bw,900.0,900.0,899.9576511045586,26.320221296296296,0.01982971196853215,0.04056272821932242,False,True
speed_1000rpm__torque_1400Nm__temperature_35degC,test,Fw,1000.0,1400.0,-1399.394740501549,36.235759259259254,-0.07310892200982454,0.043851819095507394,False,True
speed_1000rpm__torque_1400Nm__temperature_35degC,test,Bw,1000.0,1400.0,1399.9921261151076,36.35618621399177,0.04183173137351846,0.044717181274923065,False,True
speed_1000rpm__torque_1800Nm__temperature_30degC,test,Fw,1000.0,1800.0,-1799.4391694726278,30.08945061728395,-0.08669788752944256,0.0473900863693692,False,True
speed_1000rpm__torque_1800Nm__temperature_30degC,test,Bw,1000.0,1800.0,1799.9377037075133,30.118537037037036,0.053594815086532126,0.0479831080914674,False,True
speed_1000rpm__torque_600Nm__temperature_30degC,test,Fw,1000.0,600.0,-600.0072239235105,31.352091049382718,-0.044028222449706604,0.04108761540801427,False,True
speed_1000rpm__torque_600Nm__temperature_30degC,test,Bw,1000.0,600.0,600.0498850709233,31.623476851851848,0.010653334831796113,0.03999835398183299,False,True
speed_1000rpm__torque_900Nm__temperature_35degC,test,Fw,1000.0,900.0,-899.9374130871071,35.52082716049382,-0.055049176572126844,0.04199458596523654,False,True
speed_1000rpm__torque_900Nm__temperature_35degC,test,Bw,1000.0,900.0,900.0167765755107,35.674137860082304,0.023240767087405245,0.04198885935882323,False,True
speed_100rpm__torque_1000Nm__temperature_30degC,test,Fw,100.0,1000.0,-999.9958664092998,30.117879372427982,-0.0637043093573476,0.04237921494632779,False,True
speed_100rpm__torque_1000Nm__temperature_30degC,test,Bw,100.0,1000.0,1000.0273829351012,30.167912139917696,0.029407384935479314,0.04106378493041523,False,True
speed_100rpm__torque_100Nm__temperature_30degC,test,Fw,100.0,100.0,-99.98820073687982,30.073420833333333,-0.027737785377486435,0.038862478816249824,False,True
speed_100rpm__torque_100Nm__temperature_30degC,test,Bw,100.0,100.0,100.01210293060518,30.068302726337446,-0.008173111903532449,0.03795905659992306,False,True
speed_100rpm__torque_100Nm__temperature_35degC,test,Fw,100.0,100.0,-99.98771770623486,35.9486341563786,-0.0263451313789681,0.0387479095810884,False,True
speed_100rpm__torque_100Nm__temperature_35degC,test,Bw,100.0,100.0,99.97941430089864,35.82006213959805,-0.0066583014495476735,0.0376804586926595,False,True
speed_100rpm__torque_1100Nm__temperature_30degC,test,Fw,100.0,1100.0,-1099.985726751091,30.24892175371273,-0.06773920611689276,0.0435331650079891,False,True
speed_100rpm__torque_1100Nm__temperature_30degC,test,Bw,100.0,1100.0,1100.0149794318766,30.31016460820675,0.032834124001208234,0.042085200544377054,False,True
speed_100rpm__torque_300Nm__temperature_30degC,test,Fw,100.0,300.0,-299.9940482137625,30.167350925925923,-0.037539736883866415,0.03998619814753192,False,True
speed_100rpm__torque_300Nm__temperature_30degC,test,Bw,100.0,300.0,300.00660549544756,30.11302541152264,0.001480640031360758,0.03807085669990884,False,True
speed_100rpm__torque_400Nm__temperature_30degC,test,Fw,100.0,400.0,-399.99969515084405,29.82698697009758,-0.04148331367938919,0.04035614430831081,False,True
speed_100rpm__torque_400Nm__temperature_30degC,test,Bw,100.0,400.0,400.0122907219916,29.83754592359014,0.00584793864421136,0.038893611890551266,False,True
speed_100rpm__torque_500Nm__temperature_35degC,test,Fw,100.0,500.0,-499.99600404083975,36.64817001028806,-0.04401233892255165,0.04049449331244477,False,True
speed_100rpm__torque_500Nm__temperature_35degC,test,Bw,100.0,500.0,499.9978704619224,36.65167566872428,0.011055284788911306,0.03880257097367859,False,True
speed_100rpm__torque_600Nm__temperature_35degC,test,Fw,100.0,600.0,-600.011358441444,37.054834026924006,-0.04706601740455041,0.041224607785326176,False,True
speed_100rpm__torque_600Nm__temperature_35degC,test,Bw,100.0,600.0,600.0448032481881,37.05252087180621,0.01586039615112796,0.0394784710849505,False,True
speed_100rpm__torque_900Nm__temperature_35degC,test,Fw,100.0,900.0,-899.9862459558412,36.50781351755924,-0.05797977367974475,0.042075943201870976,False,True
speed_100rpm__torque_900Nm__temperature_35degC,test,Bw,100.0,900.0,900.000258435223,36.522808693415634,0.027784920623860294,0.04023786427170898,False,True
speed_1100rpm__torque_1000Nm__temperature_30degC,test,Fw,1100.0,1000.0,-999.9076606718327,32.17020709556951,-0.05797087952226892,0.05857001369245672,False,True
speed_1100rpm__torque_1000Nm__temperature_30degC,test,Bw,1100.0,1000.0,1000.0662539029214,32.60287460389316,0.024453047500059718,0.0515604609114378,False,True
speed_1100rpm__torque_1200Nm__temperature_30degC,test,Fw,1100.0,1200.0,-1200.269115084488,30.734143277501133,-0.06646232595104003,0.054708422264319184,False,True
speed_1100rpm__torque_1200Nm__temperature_30degC,test,Bw,1100.0,1200.0,1199.933181629106,31.13222995529904,0.03176379903543982,0.05737523651919923,False,True
speed_1100rpm__torque_1400Nm__temperature_35degC,test,Fw,1100.0,1400.0,-1399.9988148034763,35.72290782549652,-0.07216460718763766,0.05596317868665384,False,True
speed_1100rpm__torque_1400Nm__temperature_35degC,test,Bw,1100.0,1400.0,1399.9707306765092,35.914958976970524,0.042082198121977575,0.06192707145022722,False,True
speed_1100rpm__torque_300Nm__temperature_25degC,test,Fw,1100.0,300.0,-300.10479919670166,28.35270412493634,-0.03318125626640328,0.05007875772730684,False,True
speed_1100rpm__torque_300Nm__temperature_25degC,test,Bw,1100.0,300.0,299.90517826821906,29.025149663328243,-0.001414752784769144,0.04593373380528329,False,True
speed_1100rpm__torque_500Nm__temperature_30degC,test,Fw,1100.0,500.0,-500.0786162868999,31.05023257129923,-0.039958680136961154,0.05608275946742665,False,True
speed_1100rpm__torque_500Nm__temperature_30degC,test,Bw,1100.0,500.0,499.97242422755164,31.59130885015845,0.0066266519586468,0.049025900655972995,False,True
speed_1100rpm__torque_800Nm__temperature_30degC,test,Fw,1100.0,800.0,-799.8722387966893,31.431209189158604,-0.05075182340315538,0.05755836247571497,False,True
speed_1100rpm__torque_800Nm__temperature_30degC,test,Bw,1100.0,800.0,800.0256577382422,31.849319866462967,0.01739145232365357,0.05108207775046621,False,True
speed_1300rpm__torque_1100Nm__temperature_35degC,test,Fw,1300.0,1100.0,-1099.9339957343745,34.63963086799519,-0.06041926916794135,0.04254179385743525,False,True
speed_1300rpm__torque_1100Nm__temperature_35degC,test,Bw,1300.0,1100.0,1099.8803557281622,34.8498408452588,0.029601335042619185,0.04493171142919797,False,True
speed_1300rpm__torque_300Nm__temperature_25degC,test,Fw,1300.0,300.0,-300.17122585250206,26.523960144442956,-0.03431392569601394,0.04222653599226093,False,True
speed_1300rpm__torque_300Nm__temperature_25degC,test,Bw,1300.0,300.0,300.0877865204917,27.108498060719537,-0.0030379180096437495,0.04137342691471692,False,True
speed_1300rpm__torque_300Nm__temperature_35degC,test,Fw,1300.0,300.0,-299.84397514443776,36.39257473416705,-0.03300286413992939,0.04306303130187125,False,True
speed_1300rpm__torque_300Nm__temperature_35degC,test,Bw,1300.0,300.0,300.2050664415216,36.6326474521867,0.00040855827559609434,0.04047862046373145,False,True
speed_1400rpm__torque_300Nm__temperature_25degC,test,Fw,1400.0,300.0,-300.0020708008285,27.976471986173124,-0.03354097116343385,0.04493941346071993,False,True
speed_1400rpm__torque_300Nm__temperature_25degC,test,Bw,1400.0,300.0,299.58817276577406,28.70445628690768,-0.0031078402713823126,0.04147365688509312,False,True
speed_1400rpm__torque_600Nm__temperature_25degC,test,Fw,1400.0,600.0,-600.0490886203909,26.485693504248882,-0.04346401423260682,0.044520046147515153,False,True
speed_1400rpm__torque_600Nm__temperature_25degC,test,Bw,1400.0,600.0,599.6465414508546,27.08869796917759,0.008436207850936493,0.042451544551921454,False,True
speed_1400rpm__torque_800Nm__temperature_25degC,test,Fw,1400.0,800.0,-800.3422942849036,25.952422583897448,-0.050273308862276156,0.046611379626025656,False,True
speed_1400rpm__torque_800Nm__temperature_25degC,test,Bw,1400.0,800.0,799.9404903721434,26.499283399351818,0.014696911989667782,0.042508067563776036,False,True
speed_1400rpm__torque_900Nm__temperature_30degC,test,Fw,1400.0,900.0,-899.9868461211099,32.40764294973354,-0.054822944723133295,0.04509017389300738,False,True
speed_1400rpm__torque_900Nm__temperature_30degC,test,Bw,1400.0,900.0,899.0556908935297,32.790151951605935,0.02025486694499489,0.04262953996524764,False,True
speed_1500rpm__torque_1400Nm__temperature_35degC,test,Fw,1500.0,1400.0,-1399.7518717874716,34.640331790123454,-0.07009056663524728,0.04628025306243111,False,True
speed_1500rpm__torque_1400Nm__temperature_35degC,test,Bw,1500.0,1400.0,1400.0870527780367,35.08983487654321,0.03779116335160488,0.04739889978735506,False,True
speed_1500rpm__torque_200Nm__temperature_30degC,test,Fw,1500.0,200.0,-200.32989476565962,30.097567901234566,-0.029820444312060334,0.04274910212405089,False,True
speed_1500rpm__torque_200Nm__temperature_30degC,test,Bw,1500.0,200.0,200.43503737411092,30.69350231481482,-0.0053185448423163145,0.04328406726130753,False,True
speed_1500rpm__torque_300Nm__temperature_25degC,test,Fw,1500.0,300.0,-299.9440359112657,24.72952854938272,-0.03331755498212839,0.04205535786553587,False,True
speed_1500rpm__torque_300Nm__temperature_25degC,test,Bw,1500.0,300.0,299.76177106036585,25.342836419753084,-0.0032776440111189596,0.043480376604459275,False,True
speed_1500rpm__torque_800Nm__temperature_30degC,test,Fw,1500.0,800.0,-799.9260326962412,32.32062885802469,-0.05078790793894867,0.04511820566324626,False,True
speed_1500rpm__torque_800Nm__temperature_30degC,test,Bw,1500.0,800.0,800.5567954758073,32.73476466049383,0.016493423558252694,0.04425598204104314,False,True
speed_1600rpm__torque_0Nm__temperature_25degC,test,Fw,1600.0,0.0,0.16583264647537627,25.366804938271603,-0.02162507492893828,0.04515760371498407,True,True
speed_1600rpm__torque_0Nm__temperature_25degC,test,Bw,1600.0,0.0,0.057507907702083146,26.12229547325103,-0.01239359456296405,0.04610945883791787,True,True
speed_1600rpm__torque_0Nm__temperature_30degC,test,Fw,1600.0,0.0,0.003723561051054214,29.906251851851852,-0.019876658285337866,0.04535211561483157,True,True
speed_1600rpm__torque_0Nm__temperature_30degC,test,Bw,1600.0,0.0,-0.11626941353903548,30.351519341563787,-0.011137382747640945,0.04628109228328403,True,True
speed_1600rpm__torque_1600Nm__temperature_30degC,test,Fw,1600.0,1600.0,-1599.9080068878677,31.891130041152262,-0.07897481854233979,0.07610952998967221,False,True
speed_1600rpm__torque_1600Nm__temperature_30degC,test,Bw,1600.0,1600.0,1599.7631612542475,32.25862633744856,0.04324390663618506,0.07751962998247212,False,True
speed_1600rpm__torque_1700Nm__temperature_35degC,test,Fw,1600.0,1700.0,-1699.8133553202752,35.23128477366255,-0.08218484919961512,0.0772086406807047,False,True
speed_1600rpm__torque_1700Nm__temperature_35degC,test,Bw,1600.0,1700.0,1700.1145141349537,35.678026337448564,0.04998073261714691,0.08028892077140873,False,True
speed_1600rpm__torque_600Nm__temperature_35degC,test,Fw,1600.0,600.0,-599.9176423539841,35.41558271604938,-0.042874193588377546,0.05782719391671859,False,True
speed_1600rpm__torque_600Nm__temperature_35degC,test,Bw,1600.0,600.0,599.8018866565778,35.76740576131687,0.010801846954128221,0.057686700791059226,False,True
speed_1700rpm__torque_1200Nm__temperature_25degC,test,Fw,1700.0,1200.0,-1200.2892134989338,25.918168065757257,-0.06056102947148734,0.04449878405204248,False,True
speed_1700rpm__torque_1200Nm__temperature_25degC,test,Bw,1700.0,1200.0,1198.3527597488135,26.792415180132913,0.02737875684736955,0.045733859566983254,False,True
speed_1700rpm__torque_1600Nm__temperature_25degC,test,Fw,1700.0,1600.0,-1600.1644448729442,25.88927678181023,-0.07135249280280709,0.04583484907335872,False,True
speed_1700rpm__torque_1600Nm__temperature_25degC,test,Bw,1700.0,1600.0,1599.8514988801014,26.631960647135983,0.04167566780871117,0.04795951252174935,False,True
speed_1700rpm__torque_1800Nm__temperature_35degC,test,Fw,1700.0,1800.0,-1800.4965383967306,35.613361315145156,-0.08760289874642818,0.07234066104764168,False,True
speed_1700rpm__torque_1800Nm__temperature_35degC,test,Bw,1700.0,1800.0,1799.7736709881199,36.4185832968955,0.05311789333223827,0.11883108878223357,False,True
speed_1700rpm__torque_200Nm__temperature_30degC,test,Fw,1700.0,200.0,-199.94224620974535,32.47179695697796,-0.02927001435592422,0.050702435488899585,False,True
speed_1700rpm__torque_200Nm__temperature_30degC,test,Bw,1700.0,200.0,199.82213858246809,33.31955574989069,-0.004828566539888865,0.05598288133825331,False,True
speed_1700rpm__torque_400Nm__temperature_30degC,test,Fw,1700.0,400.0,-399.8279614692491,30.24423961521644,-0.0362519336690901,0.05253422591499381,False,True
speed_1700rpm__torque_400Nm__temperature_30degC,test,Bw,1700.0,400.0,399.8607809121634,31.061477789436864,0.001817592675558929,0.060929274185268736,False,True
speed_1700rpm__torque_500Nm__temperature_35degC,test,Fw,1700.0,500.0,-500.2801562377236,36.6067205946655,-0.04035237014234399,0.05281765531249534,False,True
speed_1700rpm__torque_500Nm__temperature_35degC,test,Bw,1700.0,500.0,500.01770183101223,37.194834280717096,0.007219005543093508,0.06389381054038723,False,True
speed_1700rpm__torque_800Nm__temperature_30degC,test,Fw,1700.0,800.0,-799.9859298388831,32.24529293459252,-0.05138335421219038,0.056323765058191685,False,True
speed_1700rpm__torque_800Nm__temperature_30degC,test,Bw,1700.0,800.0,799.8787196131127,33.28046436379537,0.01587179271963512,0.06986077667303331,False,True
speed_1800rpm__torque_200Nm__temperature_35degC,test,Fw,1800.0,200.0,-199.81402944635462,34.93397222222222,-0.028798452610946858,0.0452623692255449,False,True
speed_1800rpm__torque_200Nm__temperature_35degC,test,Bw,1800.0,200.0,200.66313824346656,35.54901944444444,-0.00457765691503033,0.050549839321668635,False,True
speed_1800rpm__torque_600Nm__temperature_30degC,test,Fw,1800.0,600.0,-600.4019938574897,30.25633981481481,-0.04233416737179817,0.04757042249852944,False,True
speed_1800rpm__torque_600Nm__temperature_30degC,test,Bw,1800.0,600.0,599.8953510309786,31.20201296296296,0.008241974023868948,0.05583068148543789,False,True
speed_1800rpm__torque_700Nm__temperature_30degC,test,Fw,1800.0,700.0,-699.6507518600534,31.905086111111117,-0.04564775508589092,0.048485751163391363,False,True
speed_1800rpm__torque_700Nm__temperature_30degC,test,Bw,1800.0,700.0,699.9471780925936,32.690973148148146,0.01176398619619046,0.056669695511312006,False,True
speed_1800rpm__torque_900Nm__temperature_35degC,test,Fw,1800.0,900.0,-900.0512189997567,35.158202777777774,-0.05363870183450174,0.04921237524345512,False,True
speed_1800rpm__torque_900Nm__temperature_35degC,test,Bw,1800.0,900.0,900.2171427471802,35.86919344383739,0.02151547297243563,0.05659292762506386,False,True
speed_200rpm__torque_100Nm__temperature_30degC,test,Fw,200.0,100.0,-99.99504311339845,29.994979012345677,-0.027919346303467398,0.03977046244822745,False,True
speed_200rpm__torque_100Nm__temperature_30degC,test,Bw,200.0,100.0,99.95837443644372,30.034598868312756,-0.008594030036297174,0.03836450374382454,False,True
speed_200rpm__torque_200Nm__temperature_30degC,test,Fw,200.0,200.0,-199.9894501618397,30.239140329218106,-0.03240238524416279,0.03973448338671979,False,True
speed_200rpm__torque_200Nm__temperature_30degC,test,Bw,200.0,200.0,199.97915503906844,30.320799794238685,-0.0036538239111448237,0.03833798691391645,False,True
speed_200rpm__torque_300Nm__temperature_25degC,test,Fw,200.0,300.0,-300.033295291932,25.05476224279835,-0.03640049303284724,0.04008015824802323,False,True
speed_200rpm__torque_300Nm__temperature_25degC,test,Bw,200.0,300.0,300.00972344422183,25.063924279835394,-0.00014442192099037876,0.039192282905869374,False,True
speed_200rpm__torque_900Nm__temperature_25degC,test,Fw,200.0,900.0,-900.0128875862914,25.20353137860082,-0.058357649448923354,0.04189363991287135,False,True
speed_200rpm__torque_900Nm__temperature_25degC,test,Bw,200.0,900.0,899.9687177100353,25.261058138458214,0.022805460775167794,0.04063874379589331,False,True
speed_300rpm__torque_1000Nm__temperature_25degC,test,Fw,300.0,1000.0,-1000.013694755825,25.237327623456792,-0.061586095421468465,0.04185853836395765,False,True
speed_300rpm__torque_1000Nm__temperature_25degC,test,Bw,300.0,1000.0,999.9087081943107,25.358896450617284,0.025911997742185496,0.04053065657946625,False,True
speed_300rpm__torque_100Nm__temperature_35degC,test,Fw,300.0,100.0,-100.00836123286942,35.02133966049383,-0.026253943207495255,0.03930110691392017,False,True
speed_300rpm__torque_100Nm__temperature_35degC,test,Bw,300.0,100.0,99.9863849913591,34.98432453703704,-0.007714280385737012,0.0383241309008284,False,True
speed_300rpm__torque_200Nm__temperature_30degC,test,Fw,300.0,200.0,-199.97982581456503,31.39141450617284,-0.032175838157824675,0.03927955403926363,False,True
speed_300rpm__torque_200Nm__temperature_30degC,test,Bw,300.0,200.0,199.96936821645988,31.44425864197531,-0.002952136838298688,0.037985502018694335,False,True
speed_300rpm__torque_800Nm__temperature_25degC,test,Fw,300.0,800.0,-799.9923960956527,25.913083179012347,-0.05360586729340846,0.04084171416865867,False,True
speed_300rpm__torque_800Nm__temperature_25degC,test,Bw,300.0,800.0,799.9752518909883,25.964478549382715,0.01899408394025216,0.039798271736885237,False,True
speed_400rpm__torque_0Nm__temperature_30degC,test,Fw,400.0,0.0,0.012739369667128317,30.14154197530864,-0.019369078814675377,0.03884856485630526,True,True
speed_400rpm__torque_0Nm__temperature_30degC,test,Bw,400.0,0.0,-0.019658259185366858,30.11684300411522,-0.011529194013029102,0.039648671322913207,True,True
speed_400rpm__torque_1000Nm__temperature_25degC,test,Fw,400.0,1000.0,-1000.0611489888572,25.648003497942387,-0.06083091125428642,0.042864885180961175,False,True
speed_400rpm__torque_1000Nm__temperature_25degC,test,Bw,400.0,1000.0,1000.0644635691391,25.72382448559671,0.024844094017811128,0.0410004870756221,False,True
speed_400rpm__torque_1400Nm__temperature_25degC,test,Fw,400.0,1400.0,-1400.1140550821406,26.618549794238685,-0.07542943766580554,0.04431980972352533,False,True
speed_400rpm__torque_1400Nm__temperature_25degC,test,Bw,400.0,1400.0,1400.038684444369,26.69026193415638,0.04025418293115392,0.0421970575490152,False,True
speed_400rpm__torque_1600Nm__temperature_35degC,test,Fw,400.0,1600.0,-1599.911558613365,35.253433127572016,-0.08100563901819192,0.04476273949682303,False,True
speed_400rpm__torque_1600Nm__temperature_35degC,test,Bw,400.0,1600.0,1600.0235621260647,35.27710720164609,0.050408933786416504,0.04236798940065861,False,True
speed_400rpm__torque_300Nm__temperature_25degC,test,Fw,400.0,300.0,-300.1157576017419,26.077252263374486,-0.035615764150788855,0.03964039186621793,False,True
speed_400rpm__torque_300Nm__temperature_25degC,test,Bw,400.0,300.0,299.937257175462,26.15190452674897,-0.0009577385925727845,0.03866749090497069,False,True
speed_400rpm__torque_400Nm__temperature_25degC,test,Fw,400.0,400.0,-400.0626764105373,26.39420234984259,-0.039260426836411164,0.040392886018893764,False,True
speed_400rpm__torque_400Nm__temperature_25degC,test,Bw,400.0,400.0,399.95709920595465,26.470022222222223,0.003105203408959216,0.038755521582964435,False,True
speed_400rpm__torque_600Nm__temperature_35degC,test,Fw,400.0,600.0,-599.940637413857,35.234677777777776,-0.044836523541081426,0.04235702463329866,False,True
speed_400rpm__torque_600Nm__temperature_35degC,test,Bw,400.0,600.0,599.9713842677709,35.23449156378601,0.014190670342794769,0.039970595388367045,False,True
speed_400rpm__torque_700Nm__temperature_25degC,test,Fw,400.0,700.0,-700.0162754333559,26.532785185185183,-0.05026583598193661,0.04082182836194265,False,True
speed_400rpm__torque_700Nm__temperature_25degC,test,Bw,400.0,700.0,699.960113234141,26.651964814814814,0.014374612056123242,0.039486641893999634,False,True
speed_400rpm__torque_700Nm__temperature_30degC,test,Fw,400.0,700.0,-700.0137270527122,30.15565555555555,-0.04872905629558992,0.043016773545212425,False,True
speed_400rpm__torque_700Nm__temperature_30degC,test,Bw,400.0,700.0,700.0126049710217,30.15930967078189,0.014484330957983816,0.03967782275455415,False,True
speed_400rpm__torque_900Nm__temperature_30degC,test,Fw,400.0,900.0,-900.0069781438804,29.656137448559665,-0.057209511314753915,0.042588308246283096,False,True
speed_400rpm__torque_900Nm__temperature_30degC,test,Bw,400.0,900.0,900.074930298087,29.66658724279835,0.023093465189007466,0.04095295548228491,False,True
speed_500rpm__torque_1200Nm__temperature_25degC,test,Fw,500.0,1200.0,-1200.1495650950283,26.196083076131686,-0.06776219239500274,0.0425889943206801,False,True
speed_500rpm__torque_1200Nm__temperature_25degC,test,Bw,500.0,1200.0,1200.0475225068649,26.319467078189305,0.031903931370799075,0.04123985766546048,False,True
speed_500rpm__torque_1400Nm__temperature_35degC,test,Fw,500.0,1400.0,-1399.955967172919,36.16086985596708,-0.07443397518199833,0.044415520711531896,False,True
speed_500rpm__torque_1400Nm__temperature_35degC,test,Bw,500.0,1400.0,1400.0180055167327,36.22789891975309,0.042989558750249776,0.04218992984210917,False,True
speed_500rpm__torque_1600Nm__temperature_30degC,test,Fw,500.0,1600.0,-1599.9814292101703,32.36560288065844,-0.08201258204122569,0.04502277200449391,False,True
speed_500rpm__torque_1600Nm__temperature_30degC,test,Bw,500.0,1600.0,1599.9941068836686,32.4633161861159,0.04984176861460764,0.04294021779178376,False,True
speed_500rpm__torque_1700Nm__temperature_25degC,test,Fw,500.0,1700.0,-1700.0423945026632,24.73899614197531,-0.08653256002059397,0.04653235483466356,False,True
speed_500rpm__torque_1700Nm__temperature_25degC,test,Bw,500.0,1700.0,1700.0413629731775,24.997731995884774,0.05047238606116614,0.042692915428933664,False,True
speed_500rpm__torque_300Nm__temperature_35degC,test,Fw,500.0,300.0,-299.86580135645687,34.99376543209877,-0.03343828967370479,0.03940976949248556,False,True
speed_500rpm__torque_300Nm__temperature_35degC,test,Bw,500.0,300.0,300.1484212247758,34.89013348765432,0.0016795542992136833,0.03838941765824161,False,True
speed_500rpm__torque_700Nm__temperature_25degC,test,Fw,500.0,700.0,-700.0832270202322,25.098183127572018,-0.048895234076695694,0.04110570893618885,False,True
speed_500rpm__torque_700Nm__temperature_25degC,test,Bw,500.0,700.0,699.962470734257,25.44834336419753,0.012365675573845965,0.0393599551175504,False,True
speed_500rpm__torque_900Nm__temperature_30degC,test,Fw,500.0,900.0,-900.0069529308704,31.70051980452675,-0.05667986189448879,0.04155253784490254,False,True
speed_500rpm__torque_900Nm__temperature_30degC,test,Bw,500.0,900.0,900.0202421935587,31.778518261316872,0.023516692824659322,0.04032368874792281,False,True
speed_600rpm__torque_1000Nm__temperature_30degC,test,Fw,600.0,1000.0,-999.9857669038537,31.87380740740741,-0.05975664811765038,0.04143693070274145,False,True
speed_600rpm__torque_1000Nm__temperature_30degC,test,Bw,600.0,1000.0,1000.038633020026,31.950495370370373,0.027262763528361277,0.040475340142224966,False,True
speed_600rpm__torque_100Nm__temperature_30degC,test,Fw,600.0,100.0,-99.97793778225228,29.95902469135802,-0.026644988860750556,0.039151811764192246,False,True
speed_600rpm__torque_100Nm__temperature_30degC,test,Bw,600.0,100.0,100.0492602939813,30.089507716049383,-0.008030481845733031,0.03831054290743471,False,True
speed_600rpm__torque_100Nm__temperature_35degC,test,Fw,600.0,100.0,-99.93607995686708,35.7979549382716,-0.02551176203571532,0.038681328296496294,False,True
speed_600rpm__torque_100Nm__temperature_35degC,test,Bw,600.0,100.0,99.96106922162403,35.899366049382714,-0.006528985779361117,0.03800660888966389,False,True
speed_600rpm__torque_1300Nm__temperature_30degC,test,Fw,600.0,1300.0,-1299.9958464245738,32.110529938271604,-0.07073905560560259,0.042652073834261915,False,True
speed_600rpm__torque_1300Nm__temperature_30degC,test,Bw,600.0,1300.0,1300.0478255364246,32.19166512345679,0.03827414615554216,0.04105075676482191,False,True
speed_600rpm__torque_1700Nm__temperature_25degC,test,Fw,600.0,1700.0,-1700.0393192782815,25.12495895061728,-0.08639042831791043,0.04485146866828747,False,True
speed_600rpm__torque_1700Nm__temperature_25degC,test,Bw,600.0,1700.0,1699.8924660775244,25.428270679012346,0.049546000356124366,0.04245305951779843,False,True
speed_600rpm__torque_200Nm__temperature_35degC,test,Fw,600.0,200.0,-200.03232915460327,36.41034845679013,-0.029801028502977427,0.03918241088631221,False,True
speed_600rpm__torque_200Nm__temperature_35degC,test,Bw,600.0,200.0,199.98125295356692,36.497843827160494,-0.0021597406022529197,0.037599545382071956,False,True
speed_600rpm__torque_500Nm__temperature_30degC,test,Fw,600.0,500.0,-499.98918246339866,31.03706327160494,-0.04172546610913245,0.03983400554984162,False,True
speed_600rpm__torque_500Nm__temperature_30degC,test,Bw,600.0,500.0,499.97527942686554,31.160235493827155,0.008393103360469629,0.03793099998746568,False,True
speed_600rpm__torque_500Nm__temperature_35degC,test,Fw,600.0,500.0,-499.97746846558135,35.00520185185185,-0.042170993002907345,0.04008442887884156,False,True
speed_600rpm__torque_500Nm__temperature_35degC,test,Bw,600.0,500.0,500.03315212209327,35.20389537037037,0.009029207901007306,0.03824537413099264,False,True
speed_600rpm__torque_700Nm__temperature_35degC,test,Fw,600.0,700.0,-700.0019821634999,34.610994753086416,-0.04721035192709323,0.04062884590677304,False,True
speed_600rpm__torque_700Nm__temperature_35degC,test,Bw,600.0,700.0,699.9356424363853,34.47028549382716,0.015739920683789762,0.03907077221682962,False,True
speed_700rpm__torque_1000Nm__temperature_25degC,test,Fw,700.0,1000.0,-1000.0217316246905,25.782299521083143,-0.05917634051908382,0.04261251745909206,False,True
speed_700rpm__torque_1000Nm__temperature_25degC,test,Bw,700.0,1000.0,999.9264586940569,25.979302149724532,0.023028929359008347,0.04035187264261632,False,True
speed_700rpm__torque_1200Nm__temperature_35degC,test,Fw,700.0,1200.0,-1199.7908954831205,36.56006013250756,-0.06542785937260273,0.043098897569307223,False,True
speed_700rpm__torque_1200Nm__temperature_35degC,test,Bw,700.0,1200.0,1199.9899914476734,36.61269021641281,0.036493641818135115,0.04089569569458215,False,True
speed_700rpm__torque_1400Nm__temperature_30degC,test,Fw,700.0,1400.0,-1399.9544421801718,30.393980051132477,-0.07388610425328077,0.043771453202399405,False,True
speed_700rpm__torque_1400Nm__temperature_30degC,test,Bw,700.0,1400.0,1399.9814881966538,30.635667062763314,0.04074290118151042,0.04327028369810003,False,True
speed_700rpm__torque_1600Nm__temperature_35degC,test,Fw,700.0,1600.0,-1599.9153564183355,36.53785647414662,-0.08020162579169877,0.044777527865038386,False,True
speed_700rpm__torque_1600Nm__temperature_35degC,test,Bw,700.0,1600.0,1600.0439089911597,36.636177667350836,0.050933373822870026,0.04426281795928268,False,True
speed_700rpm__torque_1800Nm__temperature_30degC,test,Fw,700.0,1800.0,-1799.9508965024427,32.695508984192145,-0.08870995249545725,0.045505716569208376,False,True
speed_700rpm__torque_1800Nm__temperature_30degC,test,Bw,700.0,1800.0,1799.9907893634547,32.85102873397667,0.05531280123234032,0.045482866050938243,False,True
speed_700rpm__torque_200Nm__temperature_30degC,test,Fw,700.0,200.0,-199.90294090046004,29.822636828460322,-0.03033101609403861,0.039497283805442096,False,True
speed_700rpm__torque_200Nm__temperature_30degC,test,Bw,700.0,200.0,200.02256773598629,29.975106222094198,-0.004875671633463143,0.03833771786748816,False,True
speed_700rpm__torque_700Nm__temperature_35degC,test,Fw,700.0,700.0,-699.9758887070316,35.86816427208239,-0.0477451341349014,0.04118334708911671,False,True
speed_700rpm__torque_700Nm__temperature_35degC,test,Bw,700.0,700.0,699.9775694087976,35.93175176436699,0.01749185371028519,0.040394678302574975,False,True
speed_800rpm__torque_0Nm__temperature_35degC,test,Fw,800.0,0.0,0.01584314301913847,34.700130041152256,-0.016788369084110237,0.03918242537274645,True,True
speed_800rpm__torque_0Nm__temperature_35degC,test,Bw,800.0,0.0,0.24433793731441714,34.75492469135802,-0.008369251496770412,0.03965562830568437,True,True
speed_800rpm__torque_100Nm__temperature_35degC,test,Fw,800.0,100.0,-99.97591964501903,34.83709835390947,-0.024826008583454663,0.0391982164641058,False,True
speed_800rpm__torque_100Nm__temperature_35degC,test,Bw,800.0,100.0,99.93156435233092,34.890019341563786,-0.0069272517453539805,0.03838184496700365,False,True
speed_800rpm__torque_1200Nm__temperature_30degC,test,Fw,800.0,1200.0,-1199.9677789947134,32.91653497942387,-0.06592110447856298,0.043538264516191194,False,True
speed_800rpm__torque_1200Nm__temperature_30degC,test,Bw,800.0,1200.0,1199.966984585959,33.09081522633745,0.03366446039592161,0.042062059244683946,False,True
speed_800rpm__torque_1800Nm__temperature_35degC,test,Fw,800.0,1800.0,-1799.696693184935,35.39519670781893,-0.08749342410039693,0.0459246368461909,False,True
speed_800rpm__torque_1800Nm__temperature_35degC,test,Bw,800.0,1800.0,1800.0758108378545,35.45548930041152,0.05699267432227535,0.04462636077272892,False,True
speed_800rpm__torque_600Nm__temperature_25degC,test,Fw,800.0,600.0,-600.0123052832521,27.756629218106994,-0.04455457155876577,0.04128501750543171,False,True
speed_800rpm__torque_600Nm__temperature_25degC,test,Bw,800.0,600.0,599.8543106894422,28.001351851851854,0.009539622011953653,0.03898134661645612,False,True
speed_800rpm__torque_800Nm__temperature_35degC,test,Fw,800.0,800.0,-799.9287719981661,35.53324156378601,-0.0510963479117963,0.04180664300074417,False,True
speed_800rpm__torque_800Nm__temperature_35degC,test,Bw,800.0,800.0,799.9694285827268,35.58124156378601,0.02069395799983945,0.039593201746289566,False,True
speed_900rpm__torque_0Nm__temperature_30degC,test,Fw,900.0,0.0,-0.3275631088994466,30.206136574074076,-0.01963965976207992,0.038912655372651,True,True
speed_900rpm__torque_0Nm__temperature_30degC,test,Bw,900.0,0.0,0.03963833985845971,30.375081018518518,-0.010786651558539981,0.039344149539146146,True,True
speed_900rpm__torque_100Nm__temperature_35degC,test,Fw,900.0,100.0,-99.9365758785495,34.499681018518515,-0.024449373106495954,0.03995272123938417,False,True
speed_900rpm__torque_100Nm__temperature_35degC,test,Bw,900.0,100.0,99.95444360163468,34.38122546296296,-0.008026129820309135,0.03851443219511753,False,True
speed_900rpm__torque_1500Nm__temperature_35degC,test,Fw,900.0,1500.0,-1500.0482175526795,34.850600925925924,-0.07619417732752945,0.04483901481641987,False,True
speed_900rpm__torque_1500Nm__temperature_35degC,test,Bw,900.0,1500.0,1499.8947428979614,34.983398611111106,0.04487126896885261,0.04299574531943681,False,True
speed_900rpm__torque_700Nm__temperature_25degC,test,Fw,900.0,700.0,-699.8940276878851,27.426964814814813,-0.04843971489752831,0.04249993711647469,False,True
speed_900rpm__torque_700Nm__temperature_25degC,test,Bw,900.0,700.0,699.9423642663771,27.767104166666666,0.01241641373127096,0.03943449196773878,False,True
